15 1859 8759
0 0 0.519919 -0.376109
1 0 0.52959 -0.408219
0 1 -0.30571 -0.342113
1 1 -0.26989 -0.381718
0 2 -0.294248 -0.3347
1 2 -0.259412 -0.374963
0 3 0.234487 -0.333227
1 3 0.252274 -0.357136
0 4 -0.133827 -0.329914
1 4 -0.102667 -0.351353
0 5 -0.130503 -0.329652
1 5 -0.0991786 -0.350922
0 6 -0.122866 -0.326615
1 6 -0.0921701 -0.348629
0 7 -0.119354 -0.325036
1 7 -0.0887504 -0.346902
0 8 -0.290035 -0.320816
1 8 -0.255963 -0.361761
0 9 -0.101691 -0.313992
1 9 -0.0741789 -0.338501
0 10 -0.0867744 -0.30277
1 10 -0.0590585 -0.327607
0 11 -0.252826 -0.300309
1 11 -0.221566 -0.341841
0 12 -0.0806915 -0.296054
1 12 -0.0540667 -0.32159
0 13 -0.0747485 -0.292624
1 13 -0.0482692 -0.31819
0 14 -0.237287 -0.286242
1 14 -0.206963 -0.327787
0 15 -0.0617404 -0.281056
1 15 -0.0361811 -0.30731
0 16 -0.221516 -0.276035
1 16 -0.191965 -0.317143
0 17 -0.0671131 -0.273487
1 17 -0.0417441 -0.301221
0 18 -0.0563557 -0.272238
1 18 -0.0314978 -0.299544
0 19 -0.215497 -0.268415
1 19 -0.187046 -0.309998
0 20 -0.0488365 -0.267789
1 20 -0.0240451 -0.294948
0 21 -0.0766407 -0.266701
1 21 -0.050818 -0.294863
0 22 -0.211293 -0.264943
1 22 -0.183089 -0.306456
0 23 -0.203203 -0.261486
1 23 -0.17492 -0.302231
0 24 -0.219758 -0.257558
1 24 -0.191635 -0.299593
0 25 -0.05372 -0.255235
1 25 -0.029122 -0.283128
0 26 -0.0394629 -0.255761
1 26 -0.0170699 -0.285761
0 27 -0.207272 -0.254232
1 27 -0.17901 -0.296448
0 28 -0.199609 -0.249679
1 28 -0.172473 -0.291526
0 29 -0.191841 -0.249508
1 29 -0.165847 -0.29198
0 30 0.438289 -0.249832
1 30 0.449484 -0.282348
0 31 -0.183007 -0.246218
1 31 -0.156188 -0.287043
0 32 -0.206527 -0.241879
1 32 -0.178797 -0.284834
0 33 -0.0430233 -0.241826
1 33 -0.019378 -0.271822
0 34 0.41127 -0.236269
1 34 0.422583 -0.268767
0 35 -0.173662 -0.234752
1 35 -0.148806 -0.276573
0 36 -0.196624 -0.232936
1 36 -0.170139 -0.276807
0 37 -0.170761 -0.232005
1 37 -0.144254 -0.272534
0 38 0.400926 -0.231899
1 38 0.41201 -0.264395
0 39 -0.160643 -0.228287
1 39 -0.135046 -0.269143
0 40 -0.174491 -0.224657
1 40 -0.148265 -0.266738
0 41 -0.163643 -0.223761
1 41 -0.137596 -0.265287
0 42 -0.0272498 -0.220893
1 42 -0.00480077 -0.251865
0 43 -0.179477 -0.218249
1 43 -0.154242 -0.262139
0 44 -0.15111 -0.216994
1 44 -0.126665 -0.258496
0 45 -0.174036 -0.214554
1 45 -0.148855 -0.257442
0 46 -0.162111 -0.213789
1 46 -0.13784 -0.256905
0 47 -0.141121 -0.21215
1 47 -0.116355 -0.252971
0 48 -0.175474 -0.209478
1 48 -0.149768 -0.253108
0 49 -0.165825 -0.205414
1 49 -0.140439 -0.248618
0 50 -0.153708 -0.203513
1 50 -0.129991 -0.245833
0 51 -0.131646 -0.201601
1 51 -0.107782 -0.242434
0 52 0.00798264 -0.202462
1 52 0.0293444 -0.233613
0 53 -0.119927 -0.195066
1 53 -0.09668 -0.235581
0 54 0.451932 -0.196112
1 54 0.446124 -0.25982
0 55 -0.142657 -0.194629
1 55 -0.118707 -0.237198
0 56 -0.129813 -0.191191
1 56 -0.107221 -0.233747
0 57 -0.152782 -0.186067
1 57 -0.129556 -0.230423
0 58 -0.112753 -0.185742
1 58 -0.0892416 -0.225977
0 59 0.0200513 -0.185483
1 59 0.0398108 -0.218461
0 60 -0.149563 -0.184502
1 60 -0.124993 -0.228265
0 61 0.462827 -0.184794
1 61 0.454245 -0.252887
0 62 0.311709 -0.183554
1 62 0.323368 -0.217044
0 63 0.436013 -0.183104
1 63 0.429655 -0.249034
0 64 -0.142236 -0.181933
1 64 -0.119517 -0.225938
0 65 -0.108517 -0.182216
1 65 -0.0864301 -0.223345
0 66 -0.121932 -0.178679
1 66 -0.0989933 -0.22051
0 67 0.00419831 -0.17761
1 67 0.0237472 -0.211309
0 68 -0.133899 -0.175801
1 68 -0.112453 -0.220423
0 69 -0.0992718 -0.176279
1 69 -0.0769027 -0.216639
0 70 -0.131399 -0.173357
1 70 -0.108506 -0.216844
0 71 0.399024 -0.172296
1 71 0.394007 -0.235184
0 72 0.00658977 -0.170897
1 72 0.0263079 -0.204714
0 73 -0.0929742 -0.16915
1 73 -0.0718402 -0.210233
0 74 -0.0904099 -0.167188
1 74 -0.0686867 -0.207606
0 75 -0.109141 -0.166249
1 75 -0.0875917 -0.208977
0 76 -0.12868 -0.164284
1 76 -0.106799 -0.20862
0 77 -0.0780073 -0.158552
1 77 -0.056644 -0.198569
0 78 0.0146427 -0.156402
1 78 0.0337453 -0.191291
0 79 -0.0823153 -0.149367
1 79 -0.0619746 -0.19102
0 80 -0.069848 -0.148885
1 80 -0.0490873 -0.188809
0 81 -0.0893337 -0.14842
1 81 -0.0688135 -0.191011
0 82 0.0140716 -0.148478
1 82 0.0325825 -0.18421
0 83 0.0223377 -0.147318
1 83 0.0408869 -0.18281
0 84 -0.0677194 -0.146933
1 84 -0.0478078 -0.187185
0 85 -0.107326 -0.145327
1 85 -0.0859283 -0.189051
0 86 -0.0726425 -0.144001
1 86 -0.0532276 -0.185553
0 87 -0.0593621 -0.141496
1 87 -0.0389013 -0.180881
0 88 0.0324612 -0.134114
1 88 0.0504209 -0.169823
0 89 -0.0420671 -0.125834
1 89 -0.0226515 -0.164993
0 90 -0.0846011 -0.124092
1 90 -0.0646664 -0.167909
0 91 0.0617451 -0.123005
1 91 0.0785118 -0.158444
0 92 -0.0611079 -0.122446
1 92 -0.0419083 -0.164062
0 93 -0.0323075 -0.115265
1 93 -0.0138357 -0.155062
0 94 -0.025248 -0.111097
1 94 -0.00599199 -0.149329
0 95 -0.0655398 -0.103392
1 95 -0.0464449 -0.146961
0 96 -0.03747 -0.100362
1 96 -0.0193138 -0.141497
0 97 0.293536 -0.0993174
1 97 0.308659 -0.127653
0 98 -0.00922772 -0.0982084
1 98 0.00885445 -0.136258
0 99 0.0752937 -0.0965592
1 99 0.0911452 -0.1325
0 100 0.298499 -0.0959025
1 100 0.313166 -0.124643
0 101 -0.00201702 -0.0905623
1 101 0.015585 -0.129109
0 102 0.0686783 -0.0885593
1 102 0.0819736 -0.132308
0 103 0.000862043 -0.0877343
1 103 0.0183331 -0.126401
0 104 -0.0495502 -0.0857165
1 104 -0.0312189 -0.128667
0 105 0.00861357 -0.0830227
1 105 0.0260346 -0.120823
0 106 -0.0148597 -0.0806637
1 106 0.00264359 -0.121349
0 107 -0.0060252 -0.0795565
1 107 0.0110952 -0.11954
0 108 0.0843586 -0.0774912
1 108 0.0995907 -0.114727
0 109 0.0158056 -0.0758991
1 109 0.0336062 -0.113295
0 110 0.0204111 -0.0723319
1 110 0.0376211 -0.109879
0 111 -0.173383 -0.0706664
1 111 -0.148787 -0.109305
0 112 0.0237215 -0.0699658
1 112 0.0401428 -0.107884
0 113 -0.160389 -0.0698059
1 113 -0.136737 -0.108638
0 114 -0.152694 -0.0697468
1 114 -0.129591 -0.108404
0 115 -0.184865 -0.0682968
1 115 -0.159529 -0.107587
0 116 -0.191806 -0.0660872
1 116 -0.16602 -0.105587
0 117 0.00324691 -0.0659248
1 117 0.0201111 -0.106177
0 118 0.030513 -0.0659811
1 118 0.0473815 -0.103165
0 119 -0.129789 -0.0653669
1 119 -0.10728 -0.103658
0 120 -0.107351 -0.0599319
1 120 -0.0860177 -0.0977395
0 121 0.256441 -0.0606258
1 121 0.271705 -0.0895862
0 122 0.0379971 -0.0594393
1 122 0.0535457 -0.0973212
0 123 0.285828 -0.0579838
1 123 0.300337 -0.0866827
0 124 0.0214569 -0.0569098
1 124 0.0380295 -0.0954939
0 125 0.284293 -0.0577231
1 125 0.299049 -0.0863836
0 126 0.0156868 -0.0554713
1 126 0.0317399 -0.0953486
0 127 0.0422953 -0.056334
1 127 0.057747 -0.0940609
0 128 0.0339334 -0.0543981
1 128 0.0498394 -0.0926758
0 129 0.236271 -0.0542399
1 129 0.253226 -0.0806292
0 130 -0.0938007 -0.0535266
1 130 -0.073401 -0.0913789
0 131 0.0248589 -0.0523475
1 131 0.0410967 -0.091863
0 132 -0.221263 -0.0514419
1 132 -0.194835 -0.0924264
0 133 -0.084386 -0.0508751
1 133 -0.063743 -0.0883982
0 134 0.0493334 -0.0511723
1 134 0.06548 -0.0884364
0 135 -0.109498 -0.0479111
1 135 -0.0879436 -0.0872698
0 136 0.293552 -0.0477016
1 136 0.307503 -0.0776884
0 137 -0.0759899 -0.0456104
1 137 -0.0549449 -0.0826767
0 138 0.0305674 -0.0433141
1 138 0.046943 -0.0822796
0 139 0.218488 -0.0430193
1 139 0.23542 -0.0692268
0 140 0.273701 -0.0433913
1 140 0.288645 -0.0716905
0 141 -0.0663579 -0.0420829
1 141 -0.0464165 -0.0794194
0 142 0.0186925 -0.0424986
1 142 0.0346643 -0.0837498
0 143 0.0380089 -0.0377788
1 143 0.0536468 -0.0771694
0 144 -0.0924866 -0.0365344
1 144 -0.072306 -0.07652
0 145 0.148733 -0.0368446
1 145 0.158645 -0.0834185
0 146 -0.109095 -0.034705
1 146 -0.0882751 -0.0739361
0 147 0.023495 -0.0331462
1 147 0.038239 -0.0740127
0 148 0.0279445 -0.0329865
1 148 0.0435868 -0.0738397
0 149 0.0454598 -0.0332981
1 149 0.0606764 -0.0726683
0 150 0.302982 -0.0283358
1 150 0.315961 -0.0600297
0 151 -0.0779349 -0.0281397
1 151 -0.0587945 -0.0680213
0 152 0.131382 -0.0278408
1 152 0.141399 -0.0726551
0 153 0.00561014 -0.0215785
1 153 0.0253914 -0.0500941
0 154 0.297374 -0.0221711
1 154 0.309853 -0.054844
0 155 -0.0902409 -0.0210155
1 155 -0.0712208 -0.0627181
0 156 -0.0954377 -0.0158819
1 156 -0.0765699 -0.0589421
0 157 -0.0734438 -0.0162626
1 157 -0.0530451 -0.0528122
0 158 -0.0592663 -0.0161987
1 158 -0.0408161 -0.0557855
0 159 0.0862559 -0.0140473
1 159 0.0977763 -0.0610404
0 160 0.00859579 -0.0125164
1 160 0.0281093 -0.0428058
0 161 0.0383397 -0.0126183
1 161 0.0530981 -0.0535388
0 162 0.0970411 -0.0117665
1 162 0.107967 -0.0594189
0 163 -0.0881913 -0.0106544
1 163 -0.0705414 -0.0548482
0 164 -0.0666501 -0.0072486
1 164 -0.046408 -0.0411813
0 165 0.0471616 -0.00737997
1 165 0.0620552 -0.0483707
0 166 0.0285265 -0.00647214
1 166 0.046908 -0.0377391
0 167 -0.00511608 -0.00635439
1 167 0.0145927 -0.0386108
0 168 0.301813 -0.0051986
1 168 0.313619 -0.0389333
0 169 -0.0420068 -0.00417295
1 169 -0.0248183 -0.044093
0 170 -0.0606218 -0.00294574
1 170 -0.0402097 -0.0357638
0 171 -0.0530291 -0.0025502
1 171 -0.0353139 -0.0417318
0 172 0.0567549 -0.00238332
1 172 0.0707386 -0.0434646
0 173 -0.0880784 -0.00150074
1 173 -0.0698628 -0.0451226
0 174 0.283841 -0.000751273
1 174 0.296344 -0.0363242
0 175 0.0986426 0.000773506
1 175 0.108719 -0.0484087
0 176 -0.0777353 0.0030194
1 176 -0.0574671 -0.0330113
0 177 0.294897 0.00389669
1 177 0.307321 -0.0312043
0 178 -0.0689886 0.00737751
1 178 -0.0489264 -0.0269509
0 179 0.237085 0.00925268
1 179 0.25188 -0.019714
0 180 -0.0599647 0.010353
1 180 -0.0392282 -0.023521
0 181 0.00331027 0.0109364
1 181 0.020285 -0.0265977
0 182 0.0663542 0.0114851
1 182 0.0799185 -0.0287206
0 183 -0.0259454 0.0121763
1 183 -0.00724844 -0.0249454
0 184 0.136248 0.0137479
1 184 0.1529 -0.0151391
0 185 -0.0664168 0.0152659
1 185 -0.046482 -0.0195517
0 186 -0.0475988 0.0146983
1 186 -0.0278217 -0.0172975
0 187 0.231724 0.0219996
1 187 0.24616 -0.00737655
0 188 0.204099 0.0228176
1 188 0.217615 -0.0100489
0 189 -0.0619851 0.0272556
1 189 -0.0428757 -0.00838356
0 190 0.163501 0.0281298
1 190 0.177448 -0.00492218
0 191 -0.0758072 0.0302419
1 191 -0.0597343 -0.0154857
0 192 0.267828 0.0332369
1 192 0.27962 -0.00260819
0 193 0.10358 0.0379624
1 193 0.111788 -0.015391
0 194 0.0754176 0.0387506
1 194 0.0876189 -0.00479895
0 195 0.1832 0.04028
1 195 0.196652 0.00666184
0 196 0.0264259 0.0414636
1 196 0.0374435 -0.00952885
0 197 0.0578484 0.0451632
1 197 0.0696649 -0.00168911
0 198 0.0684949 0.0456412
1 198 0.0809936 0.000570685
0 199 0.0461383 0.0464199
1 199 0.057398 -0.00240018
0 200 0.160219 0.0465715
1 200 0.173475 0.0125116
0 201 0.0328323 0.0491688
1 201 0.043763 -0.00252679
0 202 0.245009 0.0492948
1 202 0.258449 0.0152816
0 203 0.194884 0.0520652
1 203 0.209482 0.0209485
0 204 0.0160069 0.0532889
1 204 0.0261984 -0.000955182
0 205 0.0527998 0.0554263
1 205 0.0643354 0.00916898
0 206 0.271478 0.0565018
1 206 0.283263 0.0203674
0 207 0.0248486 0.0605581
1 207 0.0363469 0.0106146
0 208 0.264442 0.0633597
1 208 0.275892 0.0273449
0 209 0.140337 0.0656128
1 209 0.152919 0.0276189
0 210 0.129435 0.0683491
1 210 0.140837 0.0274229
0 211 0.194691 0.0703767
1 211 0.20531 0.0313086
0 212 0.255284 0.0710661
1 212 0.26646 0.0346806
0 213 0.0381716 0.0725646
1 213 0.0536118 0.0370891
0 214 0.146165 0.0747106
1 214 0.157735 0.0345895
0 215 0.184588 0.0761241
1 215 0.194792 0.0356338
0 216 0.217132 0.0783629
1 216 0.226841 0.0375857
0 217 0.202653 0.0830566
1 217 0.212622 0.0422493
0 218 0.183556 0.0850641
1 218 0.193868 0.0433646
0 219 0.190308 0.0872687
1 219 0.20019 0.0453864
0 220 0.238793 0.0869911
1 220 0.247968 0.0455679
0 221 0.200537 0.0978406
1 221 0.209673 0.0555018
0 222 -0.0201203 0.0995043
1 222 -0.00638316 0.0528039
0 223 0.143855 0.0999913
1 223 0.152481 0.0524714
0 224 0.193468 0.103327
1 224 0.201558 0.0593845
0 225 0.156522 0.105522
1 225 0.164641 0.0573857
0 226 -0.055937 0.107966
1 226 -0.0411447 0.0606322
0 227 0.248624 0.107949
1 227 0.255914 0.0637059
0 228 0.277202 0.107566
1 228 0.284486 0.0632981
0 229 -0.0417772 0.108873
1 229 -0.0286928 0.0603021
0 230 0.0411775 0.108638
1 230 0.0526888 0.0615603
0 231 0.151065 0.109486
1 231 0.158847 0.0612863
0 232 -0.0340575 0.111224
1 232 -0.0211624 0.0622502
0 233 0.212966 0.112135
1 233 0.221012 0.0674145
0 234 -0.0262085 0.1132
1 234 -0.0137374 0.0637764
0 235 0.285441 0.115817
1 235 0.291816 0.0704808
0 236 -0.0516519 0.118207
1 236 -0.0385127 0.0702813
0 237 0.288065 0.117648
1 237 0.294967 0.0726482
0 238 0.176811 0.118716
1 238 0.184968 0.0736669
0 239 0.264912 0.118833
1 239 0.271649 0.0729209
0 240 0.00879525 0.120111
1 240 0.0200821 0.0707637
0 241 0.167644 0.12147
1 241 0.174926 0.0740041
0 242 0.211579 0.121652
1 242 0.219604 0.076532
0 243 0.297323 0.121665
1 243 0.303445 0.0759013
0 244 0.140211 0.122973
1 244 0.148826 0.0770181
0 245 0.158448 0.123764
1 245 0.16501 0.0740127
0 246 0.197614 0.128268
1 246 0.205539 0.0821529
0 247 -0.0539255 0.130671
1 247 -0.038537 0.087355
0 248 0.135712 0.131247
1 248 0.13819 0.0674032
0 249 0.21648 0.131274
1 249 0.224798 0.0861624
0 250 -0.0380124 0.133257
1 250 -0.0258253 0.0844316
0 251 -0.0634218 0.137
1 251 -0.0466046 0.0977764
0 252 -0.0553637 0.137016
1 252 -0.0393613 0.0943964
0 253 -0.0261622 0.137334
1 253 -0.0127993 0.0896792
0 254 0.316856 0.137336
1 254 0.322194 0.09046
0 255 0.173536 0.138067
1 255 0.181294 0.0906239
0 256 0.0627027 0.139233
1 256 0.0716791 0.0886535
0 257 -0.0549287 0.14223
1 257 -0.0390571 0.100964
0 258 0.160437 0.143002
1 258 0.167478 0.0947666
0 259 0.205019 0.143781
1 259 0.213263 0.0986734
0 260 -0.0316819 0.144469
1 260 -0.0183193 0.0975576
0 261 0.156672 0.144305
1 261 0.163987 0.0953239
0 262 0.193837 0.144741
1 262 0.200827 0.0986295
0 263 0.184843 0.147165
1 263 0.191571 0.0999412
0 264 0.176679 0.149496
1 264 0.184582 0.101902
0 265 0.305492 0.149391
1 265 0.310867 0.101914
0 266 0.0433219 0.150507
1 266 0.053308 0.100124
0 267 0.17158 0.151327
1 267 0.179058 0.103273
0 268 0.21387 0.150511
1 268 0.221873 0.10752
0 269 -0.0251078 0.151884
1 269 -0.0120264 0.104654
0 270 0.0924834 0.151185
1 270 0.100132 0.101357
0 271 0.161181 0.153857
1 271 0.167663 0.105428
0 272 0.15617 0.155369
1 272 0.163483 0.106384
0 273 0.200635 0.155418
1 273 0.209382 0.111225
0 274 0.0188264 0.155843
1 274 0.0291008 0.106447
0 275 0.0482814 0.156669
1 275 0.0583828 0.107553
0 276 0.0784988 0.157311
1 276 0.0878594 0.108002
0 277 0.337112 0.15736
1 277 0.341513 0.109279
0 278 -0.0510605 0.16138
1 278 -0.0362006 0.119341
0 279 0.0356254 0.162834
1 279 0.0452677 0.113257
0 280 0.316383 0.162512
1 280 0.320767 0.113515
0 281 -0.0452879 0.165406
1 281 -0.0305372 0.123417
0 282 0.0640595 0.169752
1 282 0.0735776 0.120886
0 283 0.0829198 0.1703
1 283 0.0917957 0.121102
0 284 -0.0531974 0.171966
1 284 -0.0374351 0.131379
0 285 -0.0300653 0.173286
1 285 -0.0170476 0.126757
0 286 0.0497648 0.173124
1 286 0.0599066 0.124593
0 287 -0.0486728 0.174113
1 287 -0.0329136 0.133326
0 288 0.194345 0.175834
1 288 0.203178 0.132316
0 289 0.353215 0.176733
1 289 0.357116 0.128014
0 290 0.160206 0.177245
1 290 0.167768 0.131676
0 291 -0.0202801 0.181385
1 291 -0.00918848 0.134746
0 292 -0.0351275 0.183156
1 292 -0.021109 0.141799
0 293 0.140679 0.183382
1 293 0.148881 0.138115
0 294 0.0284013 0.184386
1 294 0.040581 0.137571
0 295 -0.0445954 0.185448
1 295 -0.0291321 0.145807
0 296 0.0311967 0.185186
1 296 0.0421373 0.138036
0 297 0.0464285 0.189077
1 297 0.0566305 0.141353
0 298 0.220717 0.188938
1 298 0.231545 0.151749
0 299 0.0617553 0.190123
1 299 0.07115 0.1425
0 300 0.066198 0.190159
1 300 0.0749608 0.142568
0 301 0.0732536 0.191437
1 301 0.0828573 0.14377
0 302 0.0824771 0.192394
1 302 0.0909867 0.144949
0 303 0.0898544 0.193421
1 303 0.0985336 0.146305
0 304 0.0260969 0.196859
1 304 0.0369945 0.149623
0 305 -0.0185239 0.199678
1 305 -0.00585601 0.154415
0 306 0.0246067 0.201258
1 306 0.0354177 0.15481
0 307 0.0367656 0.203552
1 307 0.0470819 0.157273
0 308 -0.0114982 0.205166
1 308 0.000829461 0.159722
0 309 0.0480507 0.205864
1 309 0.0582652 0.158961
0 310 0.0636686 0.207889
1 310 0.0742149 0.161862
0 311 -0.00340647 0.209171
1 311 0.00878431 0.164294
0 312 0.00063708 0.211244
1 312 0.0120065 0.166075
0 313 0.0538133 0.212604
1 313 0.0636395 0.16565
0 314 0.0813912 0.212168
1 314 0.0897708 0.165636
0 315 0.16371 0.213937
1 315 0.171555 0.170766
0 316 0.182539 0.213905
1 316 0.191323 0.172699
0 317 0.0117122 0.215242
1 317 0.0230639 0.170332
0 318 -0.0206545 0.218141
1 318 -0.00792756 0.175132
0 319 0.00474499 0.219482
1 319 0.0165812 0.175183
0 320 0.0419749 0.220792
1 320 0.0527347 0.175375
0 321 0.202557 0.219935
1 321 0.213426 0.184039
0 322 0.0502017 0.224576
1 322 0.060397 0.178565
0 323 0.164266 0.225196
1 323 0.173376 0.182556
0 324 0.191686 0.225232
1 324 0.20101 0.187162
0 325 -0.00860332 0.226246
1 325 0.00448104 0.183944
0 326 0.0641367 0.228439
1 326 0.0740097 0.182067
0 327 0.158039 0.230804
1 327 0.166044 0.188275
0 328 -0.00356005 0.231808
1 328 0.00905454 0.189878
0 329 -0.0237085 0.23282
1 329 -0.0102978 0.191477
0 330 0.0511943 0.236939
1 330 0.0616604 0.19188
0 331 -0.0198688 0.238194
1 331 -0.00609888 0.197649
0 332 0.0677641 0.239597
1 332 0.0774265 0.193508
0 333 0.072994 0.239635
1 333 0.0841326 0.194502
0 334 0.342075 0.242138
1 334 0.346444 0.195654
0 335 0.0567486 0.245794
1 335 0.0669144 0.201358
0 336 0.381092 0.246379
1 336 0.384395 0.197082
0 337 0.374141 0.2496
1 337 0.377492 0.201609
0 338 -0.0034776 0.252272
1 338 0.00945684 0.211109
0 339 0.0473379 0.254306
1 339 0.0584481 0.209875
0 340 0.00862936 0.256977
1 340 0.0204367 0.214927
0 341 0.176571 0.25613
1 341 0.187065 0.2185
0 342 0.00204667 0.258823
1 342 0.0145232 0.218299
0 343 0.0236263 0.261967
1 343 0.0345653 0.219331
0 344 0.157988 0.266853
1 344 0.167615 0.22803
0 345 0.0597649 0.271465
1 345 0.0700244 0.228837
0 346 0.169948 0.277025
1 346 0.18014 0.242141
0 347 0.00971867 0.285263
1 347 0.0218433 0.246368
0 348 0.0367014 0.289242
1 348 0.0470094 0.249009
0 349 0.0575001 0.291486
1 349 0.0673715 0.249879
0 350 0.0631402 0.297132
1 350 0.0735431 0.256449
2 3 0.217791 -0.345053
0 351 -0.288763 -0.330829
2 351 -0.292159 -0.343901
0 352 -0.28335 -0.326343
2 352 -0.290173 -0.342303
0 353 -0.281726 -0.324406
2 353 -0.285121 -0.337492
2 8 -0.296708 -0.336828
0 354 -0.274352 -0.317516
2 354 -0.280506 -0.333035
0 355 -0.267301 -0.311688
2 355 -0.274548 -0.327999
0 356 -0.259841 -0.307129
2 356 -0.26826 -0.324349
2 11 -0.261833 -0.318165
0 357 -0.262926 -0.296975
2 357 -0.272844 -0.315282
0 358 -0.248264 -0.296343
2 358 -0.257878 -0.314605
0 359 -0.240962 -0.291505
2 359 -0.250981 -0.309935
2 14 -0.248104 -0.304994
2 16 -0.233338 -0.295636
2 19 -0.227055 -0.288215
0 360 -0.229465 -0.265014
2 360 -0.242705 -0.286797
2 23 -0.216258 -0.282044
0 361 -0.216972 -0.258673
2 361 -0.230121 -0.280293
0 362 0.448729 -0.25811
2 362 0.414339 -0.281241
2 27 -0.220705 -0.275608
2 28 -0.21373 -0.271402
2 31 -0.197432 -0.267592
2 32 -0.221203 -0.264689
2 35 -0.189484 -0.257634
2 39 -0.176274 -0.250769
2 40 -0.191327 -0.248505
2 41 -0.179583 -0.246665
2 43 -0.196523 -0.243239
2 44 -0.168157 -0.240796
2 45 -0.191833 -0.239519
2 46 -0.180242 -0.238551
0 363 -0.153875 -0.212795
2 363 -0.171473 -0.237326
2 47 -0.157877 -0.235402
2 48 -0.192906 -0.234823
2 49 -0.183271 -0.230574
2 51 -0.148491 -0.224926
0 364 -0.130151 -0.200416
2 364 -0.14688 -0.223726
2 53 -0.137593 -0.219257
2 55 -0.16178 -0.220541
2 57 -0.17266 -0.213441
2 58 -0.131278 -0.210689
2 64 -0.162279 -0.209112
2 65 -0.127246 -0.207084
2 66 -0.141593 -0.204608
2 68 -0.154945 -0.203852
2 69 -0.117921 -0.201266
0 365 -0.125663 -0.168974
2 365 -0.146441 -0.196614
2 74 -0.110759 -0.193437
2 75 -0.130095 -0.193375
2 76 -0.151676 -0.193987
0 366 -0.0837968 -0.161867
2 366 -0.104043 -0.187972
0 367 -0.107103 -0.157501
2 367 -0.129075 -0.185667
0 368 -0.097892 -0.148204
2 368 -0.118357 -0.174098
2 81 -0.110719 -0.17559
0 369 -0.0764591 -0.146832
2 369 -0.0968165 -0.172886
2 84 -0.0876149 -0.172576
2 85 -0.130138 -0.174466
2 86 -0.0940691 -0.170974
2 87 -0.0788226 -0.167137
2 89 -0.0619444 -0.151767
2 90 -0.108441 -0.154053
2 91 0.0406277 -0.145966
2 92 -0.0835853 -0.150376
0 370 -0.0345831 -0.117443
2 370 -0.0543295 -0.14293
2 94 -0.0452139 -0.136939
0 371 -0.0205057 -0.105559
2 371 -0.0374138 -0.129177
2 95 -0.0904947 -0.134366
2 96 -0.0609333 -0.129058
2 98 -0.0294753 -0.124169
2 99 0.0528095 -0.121086
2 101 -0.0234854 -0.117492
2 102 0.0405872 -0.115733
2 104 -0.0752965 -0.116688
2 105 -0.0121954 -0.109326
2 106 -0.0385556 -0.109414
2 107 -0.0294243 -0.107708
0 372 0.00738212 -0.0766162
2 372 -0.0148826 -0.104048
2 109 -0.00590737 -0.103063
0 373 -0.170618 -0.0719203
2 373 -0.176147 -0.0988557
2 111 -0.177616 -0.0978573
2 112 2.77275e-05 -0.0981467
2 113 -0.167332 -0.0965365
2 114 -0.159677 -0.0964162
0 374 -0.144672 -0.0674723
2 374 -0.152587 -0.0942691
0 375 -0.139333 -0.0663308
2 375 -0.149895 -0.0939554
2 117 -0.020925 -0.0946338
0 376 -0.194539 -0.0650806
2 376 -0.197697 -0.0926774
2 119 -0.138567 -0.0922216
0 377 0.142826 -0.0647257
2 377 0.119341 -0.0892454
0 378 -0.122194 -0.0628222
2 378 -0.131206 -0.089478
0 379 -0.117172 -0.0613924
2 379 -0.12831 -0.0885455
2 120 -0.118099 -0.0862902
2 123 0.267377 -0.0771604
2 124 -0.00139175 -0.0841055
0 380 -0.0978135 -0.055075
2 380 -0.111022 -0.0827297
2 126 -0.00873383 -0.0841096
2 128 0.0110137 -0.0815689
2 130 -0.108404 -0.081756
2 131 0.00177893 -0.0806645
2 133 -0.0962069 -0.0774384
0 381 -0.121558 -0.0501913
2 381 -0.133484 -0.079191
2 134 0.025375 -0.0792727
0 382 0.128192 -0.0478702
2 382 0.103912 -0.0724142
2 136 0.271479 -0.068671
2 137 -0.0871448 -0.0717482
0 383 0.299747 -0.044351
2 383 0.278081 -0.0657647
2 138 0.0068166 -0.0714481
2 141 -0.0791026 -0.0688517
2 143 0.0134581 -0.0662967
2 144 -0.106097 -0.0652185
0 384 -0.0587272 -0.0368944
2 384 -0.0676988 -0.0613804
2 146 -0.1213 -0.0632537
0 385 -0.0542723 -0.0344146
2 385 -0.0530126 -0.0526782
2 148 0.00175537 -0.0636651
2 149 0.0203 -0.0618863
0 386 -0.047139 -0.0316454
2 386 -0.0449184 -0.0489064
0 387 0.122899 -0.030861
2 387 0.0902946 -0.061656
2 150 0.277872 -0.0511391
2 151 -0.0935511 -0.0576888
0 388 -0.0420436 -0.0278379
2 388 -0.0377207 -0.0433234
0 389 -0.00593143 -0.0251756
2 389 -0.00765826 -0.0435231
0 390 -0.0333443 -0.0240587
2 390 -0.0272506 -0.0387085
2 155 -0.10759 -0.0524185
0 391 -0.0752992 -0.0181578
2 391 -0.0831974 -0.0429113
2 156 -0.114139 -0.0490135
0 392 0.0217239 -0.0162784
2 392 0.0142496 -0.0368237
2 163 -0.108411 -0.0448422
2 164 -0.074651 -0.032816
0 393 -0.0602378 -0.00400051
2 393 -0.0644699 -0.0261894
2 176 -0.0851333 -0.023181
0 394 -0.0441783 0.00340753
2 394 -0.0498429 -0.0187734
2 178 -0.0757901 -0.0174132
2 179 0.220603 -0.0108957
2 180 -0.0657897 -0.0140328
2 185 -0.0747011 -0.0105993
0 395 0.0201779 0.0149532
2 395 0.00282888 -0.0125233
2 187 0.214384 0.00119818
2 188 0.181849 -0.000747729
2 190 0.142933 0.00406764
0 396 0.242878 0.0319217
2 396 0.22004 0.00867702
2 200 0.138555 0.0208882
0 397 0.256242 0.0486848
2 397 0.229905 0.0238601
0 398 0.166426 0.0542364
2 398 0.144141 0.0281336
2 211 0.162498 0.0399151
2 212 0.225723 0.0432388
0 399 0.0573257 0.0727418
2 399 0.0167568 0.0307949
0 400 0.190085 0.0779584
2 400 0.155261 0.0456735
2 216 0.181047 0.046119
0 401 -0.0132894 0.0835937
2 401 -0.0559032 0.036251
0 402 0.255866 0.089123
2 402 0.222291 0.0596804
0 403 0.248537 0.0925807
2 403 0.215916 0.0623633
2 221 0.162147 0.0638991
0 404 0.232067 0.098409
2 404 0.191391 0.0637029
2 222 -0.0480129 0.0606106
2 223 0.101592 0.0607007
2 225 0.109334 0.0637778
2 226 -0.0816147 0.0681192
2 227 0.204103 0.0716931
2 229 -0.0684684 0.0684894
2 232 -0.062269 0.0705637
0 405 0.16337 0.112212
2 405 0.116665 0.0715473
2 233 0.170728 0.0758389
0 406 0.192586 0.115519
2 406 0.151727 0.0788043
0 407 -0.00904081 0.116598
2 407 -0.0417498 0.0750341
2 236 -0.0770853 0.0781993
2 240 -0.0256495 0.0785209
2 242 0.170224 0.0855041
0 408 -0.0413114 0.123107
2 408 -0.069179 0.0818417
0 409 0.226408 0.123424
2 409 0.185721 0.0880206
0 410 -0.0339039 0.124671
2 410 -0.0632451 0.0830083
0 411 0.0529213 0.126331
2 411 0.0155366 0.0842137
0 412 -0.0157054 0.128284
2 412 -0.048031 0.0861861
0 413 0.237629 0.129086
2 413 0.197466 0.0947023
2 247 -0.0733324 0.0941666
0 414 -0.00598086 0.131183
2 414 -0.0395745 0.0883452
2 249 0.174534 0.0942615
2 250 -0.0655785 0.0921607
0 415 0.18438 0.133732
2 415 0.140664 0.0952968
0 416 0.245058 0.13415
2 416 0.212349 0.10367
2 252 -0.0730858 0.100911
2 253 -0.0534303 0.0967599
0 417 0.00129101 0.138402
2 417 -0.0321741 0.0964294
2 255 0.128836 0.0985352
0 418 -0.0168474 0.139363
2 418 -0.0464263 0.0985301
0 419 0.0439132 0.139288
2 419 0.00568414 0.0958093
0 420 -0.0306733 0.140956
2 420 -0.0583278 0.100644
2 257 -0.0698495 0.109138
0 421 0.0284982 0.144166
2 421 -0.00652269 0.102357
0 422 -0.13308 0.144574
2 422 -0.19214 0.0739009
0 423 0.0167601 0.14599
2 423 -0.0192439 0.102989
0 424 0.0322211 0.145937
2 424 -0.00258528 0.104173
2 263 0.140787 0.10758
2 265 0.253344 0.109882
2 266 0.00615458 0.107668
2 269 -0.0509487 0.11226
0 425 0.170558 0.151569
2 425 0.126172 0.111015
0 426 0.164196 0.152992
2 426 0.119168 0.112413
0 427 0.236459 0.151722
2 427 0.205685 0.122227
2 275 0.0105721 0.114379
2 278 -0.066969 0.126482
0 428 0.000560973 0.163495
2 428 -0.0337731 0.12025
2 279 -0.00127038 0.119798
0 429 0.156343 0.162416
2 429 0.115472 0.123461
2 281 -0.059918 0.132534
0 430 0.0441922 0.167176
2 430 0.00888262 0.125912
2 284 -0.0684644 0.138048
0 431 -0.0114927 0.171599
2 431 -0.0373321 0.132368
0 432 0.2077 0.170654
2 432 0.170235 0.136803
0 433 -0.00448117 0.174464
2 433 -0.0320151 0.134651
0 434 -0.0262518 0.176348
2 434 -0.0455407 0.141332
0 435 0.00545296 0.179545
2 435 -0.0226642 0.140234
2 292 -0.0504229 0.150133
2 294 -0.00380883 0.143531
2 295 -0.0587971 0.151469
0 436 -0.0165653 0.185158
2 436 -0.039869 0.147288
2 297 0.0124848 0.14811
0 437 -0.0244705 0.192453
2 437 -0.0465815 0.154787
0 438 0.168802 0.194648
2 438 0.130175 0.15768
2 304 -0.00582504 0.155829
0 439 0.0120001 0.198857
2 439 -0.0172552 0.158464
2 306 -0.00660999 0.160705
2 307 0.00428294 0.163029
2 308 -0.0364062 0.166357
2 309 0.0152408 0.164839
2 311 -0.0308554 0.168812
2 315 0.127066 0.177922
0 440 -0.0321474 0.216407
2 440 -0.0464705 0.182936
2 322 0.0153641 0.182851
2 323 0.129927 0.189518
2 324 0.162287 0.194846
2 325 -0.0292609 0.189893
0 441 0.0315748 0.227547
2 441 0.00298004 0.188195
0 442 0.176586 0.228051
2 442 0.144955 0.193803
2 327 0.122569 0.19556
2 328 -0.0249298 0.195027
0 443 0.104509 0.231335
2 443 0.0236768 0.160608
2 334 0.291524 0.204565
0 444 -0.0216747 0.245227
2 444 -0.0360408 0.21244
2 336 0.325511 0.206891
0 445 0.152716 0.248663
2 445 0.118959 0.214173
0 446 0.353973 0.250795
2 446 0.303305 0.212541
2 338 -0.0222125 0.217019
2 340 -0.0134552 0.220434
2 342 -0.017609 0.223536
2 345 0.0321252 0.234053
0 447 0.0774475 0.273397
2 447 0.0426961 0.23289
2 349 0.033559 0.257196
0 448 0.136779 -0.37323
3 448 0.121591 -0.359035
3 2 -0.311159 -0.323554
3 5 -0.122674 -0.312521
3 9 -0.103815 -0.299901
3 356 -0.283107 -0.300563
3 10 -0.0930167 -0.290851
3 11 -0.277042 -0.294462
3 357 -0.288462 -0.291962
3 358 -0.273209 -0.291361
3 359 -0.266426 -0.286841
3 15 -0.0744639 -0.271994
3 16 -0.249289 -0.27358
3 17 -0.0813703 -0.265502
3 19 -0.243591 -0.266536
3 20 -0.0650901 -0.260517
3 360 -0.259304 -0.264516
3 23 -0.233246 -0.260693
3 361 -0.247249 -0.258896
3 24 -0.249512 -0.258045
3 362 0.383994 -0.263651
3 25 -0.0722955 -0.249472
3 27 -0.238078 -0.254331
0 449 -0.032427 -0.250856
3 449 -0.0520546 -0.245544
3 28 -0.231264 -0.250545
3 29 -0.224745 -0.251308
3 31 -0.214932 -0.247079
3 32 -0.239455 -0.244211
3 33 -0.064422 -0.237992
3 37 -0.203163 -0.234129
3 39 -0.194256 -0.231029
3 40 -0.20979 -0.228437
3 41 -0.198222 -0.227001
3 42 -0.05273 -0.21917
3 43 -0.215851 -0.223945
3 44 -0.186521 -0.22166
3 45 -0.21097 -0.219382
3 46 -0.199109 -0.219201
3 363 -0.190516 -0.218181
3 47 -0.176304 -0.216422
3 48 -0.212031 -0.215328
0 450 -0.157802 -0.207783
3 450 -0.194082 -0.213222
3 49 -0.203151 -0.211991
3 50 -0.193057 -0.210781
3 51 -0.167446 -0.206574
3 53 -0.156846 -0.200825
3 55 -0.181707 -0.202067
3 56 -0.169441 -0.198914
3 57 -0.192579 -0.194695
3 58 -0.150047 -0.192065
3 60 -0.18986 -0.193568
3 61 0.278282 -0.217076
3 66 -0.162664 -0.187318
3 67 -0.0295392 -0.180574
3 69 -0.137474 -0.183594
3 70 -0.173593 -0.183665
3 72 -0.0284723 -0.175283
3 73 -0.13066 -0.176362
3 75 -0.151191 -0.176019
3 366 -0.123422 -0.170714
3 77 -0.116869 -0.167067
3 367 -0.150244 -0.168131
3 78 -0.0226097 -0.161741
0 451 0.0460201 -0.152745
3 451 0.00532673 -0.158498
3 81 -0.132097 -0.159272
3 83 -0.0160612 -0.153891
3 84 -0.108931 -0.157163
3 85 -0.152592 -0.158157
3 86 -0.114496 -0.154055
3 87 -0.0989185 -0.150626
3 88 -0.00798097 -0.14143
3 89 -0.081972 -0.135985
3 90 -0.131641 -0.138037
3 91 0.0200032 -0.13028
3 92 -0.105274 -0.134454
3 93 -0.0752705 -0.127782
3 94 -0.0654769 -0.121661
3 95 -0.11413 -0.118996
3 96 -0.0833124 -0.11364
3 97 0.25526 -0.10264
3 98 -0.0497411 -0.108995
3 99 0.0306261 -0.10601
3 100 0.259023 -0.0997897
3 102 0.0179738 -0.100937
3 103 -0.0427652 -0.101416
3 105 -0.032855 -0.0943684
3 107 -0.0514307 -0.0929235
3 372 -0.0372407 -0.089938
3 109 -0.0274696 -0.0887377
3 110 -0.0213757 -0.0840953
3 373 -0.187737 -0.0852453
0 452 -0.180631 -0.069322
3 452 -0.197542 -0.0827924
3 113 -0.17892 -0.0832231
3 114 -0.171765 -0.0830341
0 453 -0.188621 -0.0672448
3 453 -0.203778 -0.0808804
3 374 -0.165 -0.0810897
3 375 -0.162086 -0.0804656
3 117 -0.0440025 -0.0804684
3 119 -0.151943 -0.0788251
3 379 -0.142844 -0.0753434
3 120 -0.13206 -0.0731424
3 121 0.219853 -0.0648769
3 123 0.246812 -0.0619847
3 124 -0.0247242 -0.0703896
3 126 -0.0320845 -0.0703812
0 454 -0.0961381 -0.0545213
3 454 -0.123849 -0.0687362
3 128 -0.0107573 -0.0673446
3 130 -0.121843 -0.0679333
3 131 -0.021295 -0.066523
3 132 -0.231494 -0.0680576
3 133 -0.111094 -0.0642396
3 136 0.247916 -0.0533239
3 137 -0.102837 -0.059025
3 138 -0.0163946 -0.057616
3 141 -0.094692 -0.0556936
3 143 -0.00990161 -0.0524819
3 144 -0.124416 -0.0534791
3 145 0.0967666 -0.0495487
3 146 -0.136835 -0.0504077
3 148 -0.0218289 -0.0491725
3 150 0.252529 -0.0362399
3 155 -0.124858 -0.0400534
3 178 -0.0876154 -0.00602188
3 185 -0.0880394 0.000673293
0 455 0.205219 0.0219019
3 455 0.161168 0.0122066
3 187 0.194843 0.0156227
3 193 0.0101863 0.00742922
3 201 -0.0444277 0.0192428
3 202 0.197057 0.0388889
3 397 0.20373 0.0375867
3 204 -0.0661501 0.0202121
3 211 0.134107 0.0535876
3 212 0.19766 0.0577518
3 400 0.124993 0.0591442
3 216 0.149504 0.0594958
0 456 0.0893437 0.0885487
3 456 -0.0149453 0.0497735
3 402 0.191807 0.0734917
0 457 0.144322 0.0920518
3 457 0.0698023 0.066979
3 404 0.154959 0.0767239
3 222 -0.0736857 0.070868
3 224 0.120233 0.0811397
3 232 -0.0874049 0.0812037
0 458 -0.0136009 0.115534
3 458 -0.073135 0.0842602
0 459 -0.00203705 0.117824
3 459 -0.0622544 0.0872908
3 238 0.102394 0.0942174
3 240 -0.0536951 0.088996
3 242 0.13589 0.0991323
3 245 0.0718633 0.094104
3 409 0.149565 0.101868
3 410 -0.0880765 0.0931635
0 460 -0.0231806 0.12691
3 460 -0.0831479 0.0946879
3 248 0.0144482 0.0874863
3 415 0.104449 0.107863
0 461 0.0190767 0.135894
3 461 -0.0501 0.102435
3 252 -0.0915912 0.109961
3 253 -0.0781647 0.106581
3 417 -0.062181 0.105499
3 255 0.0931229 0.110936
3 420 -0.0832259 0.109817
0 462 -0.00239967 0.142874
3 462 -0.0658952 0.11013
3 258 0.0782963 0.114302
3 423 -0.0499368 0.112898
3 424 -0.0368496 0.112826
3 263 0.103316 0.120095
3 427 0.176822 0.13517
3 278 -0.0857509 0.134811
3 429 0.0774459 0.134883
3 281 -0.0789599 0.139985
3 433 -0.0548146 0.144989
3 289 0.252305 0.151857
3 435 -0.0475428 0.149514
3 295 -0.0749457 0.160067
0 463 -0.0102096 0.190118
3 463 -0.0550218 0.162115
3 438 0.0986582 0.169621
0 464 0.00577703 0.196431
3 464 -0.0474677 0.165347
3 305 -0.0647032 0.169771
3 308 -0.0600754 0.174133
3 311 -0.0506391 0.179673
3 315 0.0952642 0.189654
3 316 0.118844 0.192042
3 317 -0.0409534 0.183818
3 319 -0.0442408 0.189158
0 465 0.0861983 0.228725
3 465 0.0209617 0.198254
3 334 0.248375 0.219245
3 336 0.27822 0.222128
0 466 0.0550513 0.265699
3 466 0.00224372 0.237248
3 345 0.00715809 0.242969
3 349 0.0104104 0.265787
3 350 0.0146807 0.269919
4 448 0.114621 -0.347274
4 1 -0.331974 -0.315366
4 2 -0.324966 -0.310528
4 5 -0.122126 -0.300502
4 352 -0.31586 -0.302822
4 7 -0.116028 -0.296646
4 356 -0.29738 -0.287697
4 357 -0.303555 -0.279172
4 359 -0.281943 -0.27447
4 16 -0.265565 -0.261949
4 17 -0.0901501 -0.254542
4 19 -0.260145 -0.255066
4 20 -0.0745469 -0.249756
4 360 -0.276528 -0.253288
4 23 -0.250142 -0.249588
4 361 -0.264611 -0.247591
4 25 -0.0829166 -0.238659
4 27 -0.256051 -0.24326
4 449 -0.063318 -0.235142
4 28 -0.248386 -0.23953
4 30 0.345061 -0.243137
4 31 -0.232437 -0.236461
4 32 -0.258257 -0.233954
4 34 0.318364 -0.229527
4 35 -0.224297 -0.22688
4 36 -0.249394 -0.226372
4 38 0.307464 -0.224808
4 39 -0.212958 -0.221042
0 467 0.386608 -0.225838
4 467 0.293789 -0.219124
4 40 -0.229157 -0.218614
4 41 -0.217561 -0.217139
4 42 -0.0665883 -0.209143
0 468 0.371744 -0.218621
4 468 0.27831 -0.211518
4 44 -0.204992 -0.211716
4 45 -0.231515 -0.210465
4 46 -0.219215 -0.209729
4 363 -0.209251 -0.208064
4 47 -0.19534 -0.206837
4 48 -0.232515 -0.206763
4 49 -0.223589 -0.202598
4 51 -0.188221 -0.198503
4 364 -0.185517 -0.196181
4 53 -0.176431 -0.191748
4 55 -0.201681 -0.192272
4 66 -0.184188 -0.17823
4 67 -0.0472614 -0.171252
4 68 -0.196689 -0.176579
4 69 -0.158057 -0.175332
4 72 -0.0466198 -0.165398
4 365 -0.189705 -0.170525
4 75 -0.173043 -0.167506
4 77 -0.137653 -0.15852
4 367 -0.173735 -0.159728
4 78 -0.0423845 -0.152864
4 79 -0.145649 -0.150769
4 81 -0.154693 -0.1511
4 82 -0.0451334 -0.145809
4 369 -0.141045 -0.149212
4 83 -0.0363442 -0.144786
4 84 -0.128711 -0.148228
4 86 -0.136662 -0.146028
4 87 -0.119673 -0.142776
4 88 -0.0293699 -0.132696
4 89 -0.102874 -0.128218
4 92 -0.128761 -0.126944
4 94 -0.0869403 -0.113957
4 95 -0.139627 -0.112081
4 96 -0.106997 -0.106271
4 97 0.234813 -0.0904619
0 469 -0.0144974 -0.0870348
4 469 -0.0834438 -0.0930027
4 106 -0.0854294 -0.0875039
4 107 -0.0754288 -0.0860709
4 372 -0.0601254 -0.082338
4 373 -0.199085 -0.0807289
4 452 -0.209577 -0.0782678
4 113 -0.192592 -0.0790058
4 114 -0.184498 -0.0781024
4 453 -0.214963 -0.076336
4 117 -0.0692248 -0.0736949
4 119 -0.164776 -0.0737113
4 120 -0.146647 -0.067914
4 121 0.199751 -0.053503
4 124 -0.0487251 -0.0636832
4 126 -0.0572178 -0.0635968
4 128 -0.0350414 -0.0603124
4 131 -0.046447 -0.059463
4 133 -0.126889 -0.0591217
4 141 -0.11126 -0.0505417
4 142 -0.05656 -0.0521584
4 384 -0.103476 -0.0446798
4 146 -0.152811 -0.0463921
4 147 -0.0543766 -0.0433409
4 148 -0.0484111 -0.0426316
4 151 -0.129935 -0.0395417
4 158 -0.114328 -0.0286773
4 178 -0.099418 -0.0018062
4 185 -0.101723 0.00466482
4 201 -0.0840785 0.0238096
4 212 0.165955 0.0682138
0 470 0.174975 0.0728996
4 470 0.0699162 0.0600406
4 216 0.113295 0.0691019
0 471 0.174246 0.0964465
4 471 0.0608536 0.0806501
4 222 -0.102812 0.0737175
0 472 0.114118 0.101802
4 472 -0.0510274 0.0660056
0 473 0.107527 0.105219
4 473 -0.0569698 0.0682043
0 474 0.197659 0.104938
4 474 0.0861309 0.0907058
4 234 -0.108093 0.0861285
0 475 0.106971 0.117236
4 475 -0.0619257 0.0784601
0 476 0.086409 0.118671
4 476 -0.0802824 0.0780264
4 246 0.0785265 0.111431
4 247 -0.0327508 0.129563
4 414 -0.100697 0.100681
0 477 0.179029 0.135907
4 477 0.0573104 0.11646
4 255 0.0501846 0.117703
4 258 0.0370041 0.120158
0 478 0.200459 0.144104
4 478 0.0842477 0.126882
4 259 0.0878135 0.126974
4 423 -0.0849534 0.115209
4 263 0.0614688 0.126851
4 264 0.0537949 0.128136
4 426 0.0401732 0.130421
4 273 0.0900256 0.139334
0 479 0.116483 0.161569
4 479 -0.0695396 0.115335
4 429 0.042313 0.141318
4 288 0.0871964 0.159527
4 438 0.0616511 0.175522
4 464 -0.0252228 0.183114
4 322 -0.0407774 0.19709
4 323 0.062798 0.206505
0 480 0.0432101 0.264793
4 480 -0.0369295 0.237756
4 345 -0.0232193 0.245296
4 350 -0.0140964 0.272339
0 481 0.128284 0.314902
4 481 0.0586155 0.301648
5 448 0.382919 -0.383767
5 351 -0.325163 -0.319257
5 16 -0.275967 -0.276922
5 360 -0.287637 -0.269058
5 23 -0.261403 -0.264662
5 361 -0.274893 -0.263112
5 24 -0.279712 -0.262285
5 27 -0.26742 -0.259013
5 28 -0.260669 -0.255344
5 31 -0.244768 -0.252328
5 35 -0.237918 -0.243821
5 39 -0.225948 -0.237034
5 40 -0.243114 -0.235099
5 41 -0.231205 -0.233722
5 43 -0.249177 -0.230384
5 44 -0.21795 -0.227424
5 45 -0.244861 -0.227094
5 46 -0.232491 -0.225625
5 363 -0.223263 -0.224148
5 47 -0.209151 -0.222947
5 49 -0.238111 -0.21946
5 51 -0.201574 -0.213986
5 364 -0.200459 -0.213116
5 53 -0.191235 -0.207968
5 55 -0.217559 -0.209786
5 65 -0.181779 -0.197024
5 66 -0.199758 -0.195027
5 67 -0.0613289 -0.185646
5 69 -0.173616 -0.191691
5 75 -0.189969 -0.184582
5 77 -0.154177 -0.175303
5 78 -0.0585845 -0.167573
5 79 -0.163512 -0.168185
5 81 -0.172342 -0.168324
5 83 -0.0535645 -0.159708
5 86 -0.153888 -0.162785
5 87 -0.136649 -0.159411
5 88 -0.0473933 -0.147825
5 89 -0.12057 -0.144895
5 92 -0.147808 -0.144346
5 97 0.214309 -0.100272
5 107 -0.0958159 -0.102674
5 111 -0.208538 -0.0986769
5 113 -0.201496 -0.0984085
5 375 -0.185988 -0.0951217
5 117 -0.0899313 -0.0903854
5 379 -0.167664 -0.089448
5 121 0.179623 -0.0635403
5 123 0.206103 -0.0596387
5 141 -0.124231 -0.0685028
5 144 -0.156004 -0.0675827
5 384 -0.117373 -0.0630007
5 145 0.0445388 -0.0545495
5 151 -0.144589 -0.0589476
5 195 0.0880791 0.0256091
5 211 0.0617116 0.0456456
5 474 0.0461552 0.0739061
0 482 0.240936 0.118791
5 482 0.0697294 0.0875253
5 240 -0.0436948 0.0919215
5 242 0.0561394 0.0909969
5 249 0.0553734 0.0995867
5 415 0.0218 0.0975235
5 417 -0.049937 0.107639
5 255 0.00856693 0.0997477
5 258 -0.00633889 0.101929
5 425 0.00544929 0.110988
5 429 5.80708e-05 0.122065
5 283 -0.0651834 0.120687
5 435 -0.0598045 0.143633
5 317 -0.0509044 0.178836
5 325 -0.0677635 0.187092
5 337 0.153099 0.224113
5 342 -0.0519851 0.22252
6 1 -0.297664 -0.32556
6 2 -0.292065 -0.320763
6 356 -0.270366 -0.299274
6 358 -0.264894 -0.292626
6 359 -0.2578 -0.287194
6 16 -0.243485 -0.274559
6 23 -0.230453 -0.262504
6 24 -0.247838 -0.261087
6 27 -0.237518 -0.257498
6 28 -0.230639 -0.253523
6 31 -0.215484 -0.250344
6 39 -0.198418 -0.235013
6 40 -0.215406 -0.233687
6 41 -0.205283 -0.232862
6 46 -0.206659 -0.224915
6 49 -0.212297 -0.218517
6 55 -0.193042 -0.208946
6 66 -0.177267 -0.194275
6 75 -0.167874 -0.183648
6 79 -0.143289 -0.166615
6 81 -0.15234 -0.167585
6 83 -0.0345723 -0.154994
6 92 -0.129046 -0.142868
6 96 -0.110489 -0.122439
6 106 -0.0914168 -0.103331
6 107 -0.0809113 -0.100972
0 483 0.0733725 -0.074968
6 483 0.0191253 -0.0761614
6 140 0.208323 -0.0366344
0 484 0.0776611 0.117886
6 484 0.0234929 0.0887126
0 485 0.196979 0.128569
6 485 0.0214937 0.0999317
6 414 -0.0723475 0.0994235
0 486 0.0116153 0.133973
6 486 -0.0461454 0.102221
6 417 -0.059243 0.106297
0 487 0.0822686 0.150528
6 487 0.0512599 0.115536
0 488 0.0965823 0.157446
6 488 0.0664465 0.121234
6 286 0.046536 0.13195
6 433 -0.0716667 0.139129
0 489 0.00351092 0.195677
6 489 -0.065045 0.158141
0 490 0.0109809 0.230707
6 490 -0.0522369 0.189905
6 447 0.00787886 0.226951
7 352 -0.31659 -0.306545
7 353 -0.312395 -0.301576
0 491 -0.276739 -0.319919
7 491 -0.310139 -0.299203
7 358 -0.297707 -0.286677
7 16 -0.276472 -0.26881
7 23 -0.263968 -0.256943
7 28 -0.264864 -0.247587
7 29 -0.257843 -0.2491
7 31 -0.249332 -0.244696
7 41 -0.23948 -0.227319
7 363 -0.231397 -0.217478
7 49 -0.24715 -0.213667
7 55 -0.228201 -0.20385
7 66 -0.213449 -0.189207
7 75 -0.204248 -0.178795
7 81 -0.188188 -0.16263
7 97 0.19 -0.0790271
7 373 -0.20651 -0.0973061
7 452 -0.216355 -0.0953295
7 115 -0.222109 -0.0941602
7 117 -0.114334 -0.084555
7 121 0.156304 -0.0435056
7 126 -0.103383 -0.073701
7 132 -0.239176 -0.0869175
7 393 -0.176138 0.0286744
0 492 0.208325 -0.00318046
7 492 0.0227022 -0.0417953
0 493 0.0342519 0.0245967
7 493 -0.0895027 -0.0595724
0 494 0.0124573 0.0400102
7 494 -0.0879564 0.0444595
7 196 -0.0746309 0.0415045
0 495 0.0311128 0.0882065
7 495 -0.0764848 0.0670228
0 496 0.216236 0.1062
7 496 -0.0383549 -0.0446571
7 232 -0.136844 0.09111
7 256 -0.0524521 0.108257
8 2 -0.323667 -0.315196
8 353 -0.312414 -0.301674
8 14 -0.293407 -0.283646
8 16 -0.280396 -0.271713
8 22 -0.276064 -0.265899
8 23 -0.268465 -0.260173
8 28 -0.269589 -0.25161
8 29 -0.263065 -0.253378
8 31 -0.254164 -0.248587
8 59 -0.0590278 -0.0749489
8 74 -0.210858 -0.214847
8 79 -0.204398 -0.193478
0 497 0.172115 -0.0199394
8 497 0.0383158 -0.037485
0 498 0.138537 -0.017623
8 498 -0.0104375 -0.0331569
0 499 0.155633 -0.0132217
8 499 0.00388518 -0.0328605
0 500 -0.0157907 0.0198226
8 500 -0.13102 0.0164672
0 501 0.274863 0.03574
8 501 0.140862 -0.0163257
0 502 0.00206129 0.0377804
8 502 -0.11459 0.0375196
0 503 -0.105075 0.108887
8 503 -0.236745 0.0524968
8 232 -0.160224 0.0839883
8 458 -0.152166 0.0852284
8 245 -0.0625893 -0.0378137
8 252 -0.14524 0.115642
8 422 -0.258336 0.0783402
0 504 0.0129781 0.199052
8 504 -0.064753 0.166236
0 505 0.0697622 0.269973
8 505 0.0487943 0.160147
0 506 0.0485749 0.291384
8 506 -0.0845855 0.221803
9 358 -0.333928 -0.289242
9 16 -0.314449 -0.272255
9 23 -0.302669 -0.260744
9 361 -0.318017 -0.259789
9 24 -0.320603 -0.258891
9 28 -0.30406 -0.251926
9 40 -0.290864 -0.23232
9 75 -0.247848 -0.184014
9 81 -0.23259 -0.167533
9 121 0.109673 -0.0439002
9 123 0.131763 -0.0416404
0 507 0.155931 -0.0256023
9 507 -0.0266077 -0.0353231
9 177 -0.113668 -0.192583
0 508 0.190267 0.0332925
9 508 -0.0456003 -0.0187274
0 509 0.0168216 0.0997545
9 509 -0.155399 0.0727348
0 510 0.0904152 0.105261
9 510 -0.0767825 0.0830231
0 511 0.190218 0.116057
9 511 -0.00673708 0.0824564
9 238 -0.0160204 0.0850668
9 460 -0.193831 0.0985574
9 252 -0.180105 0.119748
9 281 -0.165892 0.14447
0 512 -0.0281843 0.188084
9 512 -0.158832 0.164535
10 21 -0.309777 -0.291122
10 34 0.16559 -0.28248
10 38 0.158141 -0.278218
10 52 -0.209932 -0.218995
0 513 0.0154623 -0.194801
10 513 -0.202113 -0.212072
0 514 0.323606 -0.191222
10 514 0.0965848 -0.0919346
0 515 0.162428 -0.0517072
10 515 -0.0249148 -0.1224
10 140 0.08053 -0.0170393
0 516 0.161796 -0.0132832
10 516 -0.0195076 -0.075996
10 399 -0.117668 0.069665
0 517 -0.0365336 0.0891535
10 517 -0.215585 -0.00163305
10 510 -0.0746987 0.0240371
0 518 0.205896 0.114578
10 518 0.0023271 0.0225205
10 484 -0.086938 0.0333924
0 519 -0.115382 0.121417
10 519 -0.303635 0.00985393
10 486 -0.156699 0.0445609
10 461 -0.148006 0.0447684
10 478 0.00515885 0.0444443
0 520 -0.118169 0.154201
10 520 -0.305776 0.0459524
10 488 -0.0606795 0.072454
10 288 0.047252 0.095703
10 435 -0.170327 0.088517
10 464 -0.16739 0.106839
0 521 0.198254 0.206997
10 521 0.0578698 0.0897873
10 317 -0.156602 0.126676
10 481 0.00228233 0.230534
11 1 -0.342816 -0.389235
11 351 -0.331539 -0.377365
11 491 -0.325471 -0.370092
11 356 -0.318025 -0.363586
11 358 -0.312481 -0.356842
11 16 -0.291895 -0.338162
11 23 -0.279274 -0.325954
11 361 -0.295463 -0.326327
11 27 -0.28674 -0.32101
11 28 -0.279856 -0.317316
11 31 -0.264066 -0.313017
11 39 -0.247662 -0.297526
11 40 -0.26559 -0.297125
11 41 -0.25429 -0.295106
11 45 -0.268427 -0.289283
11 46 -0.25789 -0.28832
11 55 -0.243831 -0.271362
0 522 -0.125491 -0.187867
11 522 -0.231532 -0.267639
11 66 -0.228606 -0.256613
11 75 -0.219715 -0.246023
11 81 -0.204174 -0.228532
11 86 -0.189391 -0.225025
11 92 -0.181565 -0.203179
11 96 -0.162395 -0.181344
11 100 -0.0172615 -0.3346
11 497 0.0289748 -0.0764972
0 523 -0.0449393 0.0349573
11 523 -0.158065 -0.0303248
0 524 -0.0353099 0.0964929
11 524 -0.174904 0.00598864
11 459 -0.136676 0.0331394
11 240 -0.128848 0.0335892
11 462 -0.141341 0.0518915
0 525 -0.0542857 0.159328
11 525 -0.158118 0.0941219
11 435 -0.128971 0.0909665
12 351 -0.263503 -0.364353
12 353 -0.259381 -0.359324
12 491 -0.25537 -0.354818
12 356 -0.247976 -0.34851
12 358 -0.244029 -0.342856
12 16 -0.22116 -0.322596
12 22 -0.216107 -0.31559
12 23 -0.20852 -0.309813
12 361 -0.223183 -0.309691
12 27 -0.215517 -0.30516
12 28 -0.20865 -0.301224
12 29 -0.202445 -0.301752
12 31 -0.193131 -0.296702
12 39 -0.17646 -0.280706
12 43 -0.20224 -0.278353
12 45 -0.196548 -0.272447
12 46 -0.185363 -0.27129
12 49 -0.190935 -0.265178
12 50 -0.181566 -0.265364
12 51 -0.152939 -0.255066
12 53 -0.161005 -0.265973
12 55 -0.17146 -0.254209
12 522 -0.159259 -0.249791
12 58 -0.15549 -0.257513
12 64 -0.172769 -0.241923
12 69 -0.128732 -0.232765
12 365 -0.163558 -0.232589
12 75 -0.146887 -0.228178
12 366 -0.118286 -0.220577
12 78 -0.0136317 -0.200536
12 79 -0.121647 -0.209289
12 81 -0.130913 -0.210412
12 86 -0.116136 -0.20671
12 92 -0.108371 -0.185136
12 96 -0.0892639 -0.163011
0 526 0.119471 -0.0806234
12 526 0.0752733 -0.133714
12 107 -0.0592606 -0.139459
12 117 -0.0556854 -0.127011
0 527 0.0361502 -0.0608508
12 527 -0.0424265 -0.141981
12 121 0.226436 -0.0791778
12 126 -0.0139154 -0.0884514
0 528 -0.0193124 -0.0469823
12 528 -0.0566447 -0.0883183
0 529 0.127128 0.0439833
12 529 0.106499 0.034631
12 294 -0.0258242 0.125963
0 530 0.0956141 0.31833
12 530 0.0556474 0.266985
13 1 -0.243792 -0.349597
13 2 -0.236747 -0.344283
13 356 -0.214721 -0.323437
13 16 -0.186559 -0.297749
13 360 -0.198503 -0.291184
13 23 -0.173011 -0.285579
13 361 -0.187548 -0.28527
13 362 0.423777 -0.282958
13 27 -0.179443 -0.280387
13 28 -0.17257 -0.276771
13 30 0.414589 -0.27375
13 31 -0.157409 -0.272837
13 32 -0.182558 -0.272207
13 37 -0.147927 -0.261116
13 39 -0.140113 -0.257234
13 40 -0.156239 -0.256536
13 41 -0.145524 -0.25437
13 44 -0.133324 -0.248192
13 45 -0.158236 -0.248539
13 46 -0.147597 -0.247292
13 363 -0.137787 -0.245194
13 47 -0.12422 -0.243035
13 49 -0.152347 -0.241138
13 364 -0.115299 -0.232001
13 53 -0.107413 -0.227886
13 55 -0.132911 -0.2308
13 64 -0.136339 -0.220429
13 66 -0.11643 -0.215936
13 69 -0.0907119 -0.210827
13 72 0.0190698 -0.195493
13 365 -0.123315 -0.20933
13 74 -0.0843548 -0.203203
13 75 -0.107293 -0.205549
13 366 -0.0801866 -0.199292
13 77 -0.0723543 -0.194069
13 78 0.0222279 -0.183189
13 79 -0.081447 -0.187729
13 81 -0.0908955 -0.189074
13 83 0.0268377 -0.175295
13 86 -0.0726573 -0.182198
13 87 -0.0560222 -0.177746
13 88 0.0325357 -0.163432
13 89 -0.0407224 -0.162886
13 92 -0.0674418 -0.164075
13 96 -0.0475072 -0.142609
13 469 -0.0250102 -0.128
13 106 -0.0280828 -0.123319
13 107 -0.0178269 -0.121194
13 114 -0.115025 -0.112874
13 117 -0.012993 -0.108716
13 378 -0.097844 -0.107829
13 379 -0.0905806 -0.104505
13 126 -0.00161417 -0.097931
13 142 -0.00239824 -0.0871537
13 151 -0.0692211 -0.0753995
13 188 0.191339 0.000284907
13 216 0.145027 0.0365155
0 531 0.0458494 0.0828176
13 531 0.0415457 0.0421798
13 404 0.150635 0.0546009
0 532 0.184774 0.0996956
13 532 0.110531 0.0524514
13 474 0.118263 0.057466
13 496 0.133743 0.0600854
13 241 0.0672331 0.0597268
13 242 0.130644 0.0751117
13 249 0.131066 0.0836352
13 415 0.0951919 0.0798937
13 477 0.0886663 0.0807398
13 255 0.0820851 0.0812824
0 533 0.142468 0.147108
13 533 0.0439037 0.0827754
13 263 0.0907934 0.0915438
13 425 0.0760998 0.0929497
13 429 0.0692244 0.1051
13 301 0.00205389 0.124038
13 438 0.0940478 0.144352
0 534 0.0740094 0.210357
13 534 0.00442072 0.14378
0 535 0.0807425 0.211841
13 535 0.0102813 0.146225
13 322 -0.00522334 0.159509
13 323 0.0950931 0.177332
13 332 0.0076215 0.175129
13 334 0.21801 0.203486
13 335 0.00451287 0.183393
13 336 0.2393 0.206743
13 338 0.00722487 0.206393
14 2 -0.181185 -0.312685
0 536 -0.128598 -0.329055
14 536 -0.00178553 -0.296799
14 16 -0.12855 -0.269292
14 20 0.0448363 -0.255205
14 23 -0.114101 -0.257687
14 29 -0.107429 -0.249754
14 31 -0.0982263 -0.245936
14 44 -0.0813558 -0.226354
14 47 -0.0637737 -0.218417
14 53 -0.0464129 -0.2038
0 537 0.542069 -0.184325
14 537 0.420297 -0.271045
0 538 0.0402678 -0.167814
14 538 0.0989127 -0.179735
14 87 0.00649768 -0.157122
14 89 0.0218841 -0.143363
14 91 0.119504 -0.137937
14 105 0.0683939 -0.103564
14 111 -0.0750046 -0.0889543
14 114 -0.0599606 -0.0880387
14 374 -0.0529765 -0.0871885
14 375 -0.0489467 -0.086238
14 119 -0.040755 -0.0847606
0 539 0.25564 -0.0603264
14 539 0.322983 -0.0716226
14 132 -0.112011 -0.0735418
14 134 0.0976932 -0.0773353
14 136 0.34872 -0.0659643
14 141 0.0109269 -0.0633
14 384 0.0189289 -0.0581545
0 540 0.206678 -0.0253729
14 540 0.1938 -0.0736169
14 188 0.260604 0.00457428
14 208 0.306046 0.0390859
14 220 0.271696 0.0581836
14 414 0.0285081 0.0786528
0 541 0.225894 0.17207
14 541 0.282709 0.149849
0 542 0.206094 0.212232
14 542 0.266791 0.197791
14 345 0.101938 0.229731
2 1 -0.307437 -0.354743
2 2 -0.298922 -0.349076
1 351 -0.250928 -0.368426
1 355 -0.234033 -0.352175
2 5 -0.120629 -0.332651
1 543 -0.0961526 -0.350083
2 543 -0.118684 -0.332084
1 356 -0.227148 -0.347589
1 544 -0.0797358 -0.341957
2 544 -0.103712 -0.324073
1 357 -0.230546 -0.338834
1 358 -0.217111 -0.33804
1 359 -0.209775 -0.331982
2 10 -0.0852549 -0.310474
2 15 -0.0644715 -0.291303
1 361 -0.187699 -0.301311
2 18 -0.0607214 -0.283595
2 29 -0.207602 -0.272283
2 26 -0.0482072 -0.2709
2 25 -0.0601423 -0.267837
1 545 -0.125477 -0.25699
2 545 -0.165732 -0.239001
1 364 -0.104673 -0.239934
1 546 -0.0979459 -0.213428
2 546 -0.14098 -0.197665
1 367 -0.0855942 -0.20105
2 77 -0.0971267 -0.184179
2 80 -0.0898127 -0.17474
1 368 -0.0748692 -0.188822
2 97 0.275382 -0.118311
2 103 -0.0218671 -0.115885
2 100 0.27935 -0.115549
1 111 -0.147386 -0.110326
1 547 -0.0147864 -0.110099
2 547 -0.0583236 -0.0986047
1 548 -0.154891 -0.108558
2 548 -0.186223 -0.0962687
2 115 -0.191113 -0.0948969
1 374 -0.121636 -0.106228
1 378 -0.0989175 -0.100572
1 379 -0.095965 -0.0997099
1 377 0.15633 -0.0976713
1 549 0.132808 -0.0911699
2 549 0.0972351 -0.0817022
1 384 -0.0358437 -0.0722885
2 161 0.010852 -0.0434213
1 392 0.0403651 -0.0460497
2 169 -0.0599397 -0.0343728
1 550 0.163131 -0.0439823
2 550 0.137031 -0.0357765
2 167 -0.00970979 -0.0299671
1 551 0.183705 -0.0389282
2 551 0.151912 -0.0308525
2 174 0.257821 -0.0286533
1 552 0.15807 -0.0248845
2 552 0.131873 -0.0173236
2 186 -0.0517701 -0.00877596
2 193 0.051584 -0.00594626
2 196 -0.00303763 7.40073e-06
2 199 0.00682381 0.00673569
2 192 0.239896 0.00575448
2 197 0.0202072 0.00747882
1 396 0.253985 0.000353717
1 553 0.0926649 0.00377714
2 553 0.0310473 0.0127939
2 195 0.161133 0.0151509
1 554 0.0786361 0.0104422
2 554 0.0224108 0.0194006
1 555 -0.0866443 0.0209218
2 555 -0.150533 0.0300262
1 556 0.0334015 0.0213257
2 556 0.00242945 0.0297614
2 206 0.243454 0.0282947
1 557 0.0194799 0.02657
2 557 -0.0117953 0.0349117
2 208 0.235537 0.0357148
1 558 0.28846 0.028728
2 558 0.248909 0.0370499
1 559 -0.08514 0.0294029
2 559 -0.151259 0.038226
1 560 0.177245 0.0320246
2 560 0.137095 0.0400151
1 561 0.0240806 0.0378289
2 561 -0.00901469 0.0460929
1 562 0.118946 0.0404715
2 562 0.0507158 0.049004
1 563 -0.0238043 0.0415609
2 563 -0.064316 0.0492363
1 564 0.112328 0.0437955
2 564 0.044656 0.0521279
2 220 0.198651 0.053622
1 565 -0.0312974 0.0472088
2 565 -0.072268 0.0553222
1 566 -0.0207467 0.0492631
2 566 -0.0621758 0.0574121
1 402 0.265433 0.0509648
1 567 0.111266 0.0544563
2 567 0.0422824 0.0624538
1 568 -0.114195 0.0583658
2 568 -0.184304 0.0659967
1 569 0.0974723 0.0594128
2 569 0.028832 0.0672873
1 405 0.171979 0.0635096
1 570 0.00511215 0.0681312
2 570 -0.0359985 0.0764128
1 571 0.0563806 0.0706885
2 571 0.00963697 0.0782909
1 406 0.201797 0.0704995
1 572 0.192266 0.0725997
2 572 0.141049 0.0806263
1 408 -0.0267993 0.0743178
2 245 0.110252 0.0821213
2 241 0.119336 0.0819381
2 238 0.131567 0.0817217
1 573 -0.0171039 0.0766012
2 573 -0.0580028 0.0843225
1 574 -0.0083477 0.0777509
2 574 -0.0515674 0.0852598
2 244 0.0989304 0.0853215
1 412 -0.00576523 0.0783526
1 414 0.006581 0.0818207
1 575 0.206611 0.0818347
2 575 0.156908 0.0897358
1 576 0.200879 0.0840349
2 576 0.149641 0.0921947
1 415 0.191222 0.0874815
1 417 0.0135039 0.0887263
1 419 0.0545173 0.0885602
1 577 0.084328 0.0883749
2 577 0.0167174 0.0963679
1 578 0.0978732 0.0890484
2 578 0.0248495 0.0964465
1 579 0.188455 0.0883763
2 579 0.137943 0.0960904
1 580 0.184084 0.0897646
2 580 0.131665 0.0977479
2 254 0.26579 0.099115
1 418 -0.00356223 0.091808
1 581 0.299636 0.0919602
2 581 0.243169 0.100603
1 420 -0.0170848 0.0930625
1 582 0.118821 0.0941763
2 582 0.0446289 0.101292
2 258 0.113799 0.102528
1 583 0.254037 0.095566
2 583 0.211039 0.103142
1 423 0.0279619 0.0959203
1 584 0.147372 0.0976513
2 584 0.0787526 0.105725
1 585 0.149851 0.0974995
2 585 0.0925275 0.105439
2 262 0.148509 0.106395
2 259 0.16512 0.106543
1 586 0.22305 0.0979795
2 586 0.172552 0.106329
1 587 0.0890884 0.100585
2 587 0.0186721 0.107633
1 588 0.232531 0.102717
2 588 0.189031 0.109996
1 589 0.172136 0.104559
2 589 0.122613 0.111829
2 272 0.113186 0.113512
2 268 0.176759 0.114755
1 590 0.150119 0.109565
2 590 0.0852256 0.116758
2 277 0.283704 0.118169
2 273 0.162393 0.118564
2 280 0.262226 0.122274
1 427 0.246167 0.114355
1 591 0.162149 0.115648
2 591 0.113003 0.123421
1 592 0.170058 0.116451
2 592 0.118878 0.123496
1 593 0.149578 0.117837
2 593 0.0990164 0.12465
1 594 0.101248 0.121816
2 594 0.025388 0.128616
1 595 0.225418 0.122792
2 595 0.182094 0.13061
2 286 0.0134166 0.131321
1 431 0.00287906 0.126007
2 289 0.298061 0.137011
1 596 0.00904285 0.128805
2 596 -0.0304507 0.135602
2 288 0.157544 0.139839
1 435 0.0180512 0.133755
1 597 0.233536 0.133819
2 597 0.195053 0.141394
1 598 0.237285 0.135005
2 598 0.197924 0.142647
1 599 0.0194661 0.13453
2 599 -0.0205238 0.141392
1 600 0.219485 0.140506
2 600 0.177303 0.148194
1 601 0.00507006 0.14533
2 601 -0.033026 0.151754
1 602 0.213136 0.144449
2 602 0.170509 0.151531
1 603 0.211419 0.145599
2 603 0.168783 0.152775
1 604 0.192748 0.149349
2 604 0.147042 0.156256
1 438 0.175313 0.15067
1 439 0.0217802 0.152043
2 298 0.194668 0.159692
1 605 0.201407 0.155202
2 605 0.157576 0.162286
1 606 0.161167 0.15669
2 606 0.113659 0.163842
2 317 -0.0138178 0.176457
1 607 0.217615 0.170648
2 607 0.178248 0.178506
2 316 0.148899 0.180301
1 608 0.0349328 0.179076
2 608 -0.00283909 0.185236
1 441 0.0435235 0.182908
2 321 0.177761 0.190215
1 442 0.186233 0.186656
2 337 0.317893 0.211141
1 446 0.359316 0.203517
1 444 -0.00964991 0.207015
1 445 0.160754 0.207406
1 609 0.155302 0.210138
2 609 0.112815 0.216305
1 610 0.0281145 0.21784
2 610 -0.00660172 0.222669
2 341 0.150104 0.225686
2 344 0.129974 0.234511
1 611 0.157251 0.234574
2 611 0.119139 0.240682
2 346 0.147263 0.24875
1 612 0.17894 0.243021
2 612 0.14471 0.250042
2 347 -0.00819903 0.251136
1 613 0.131491 0.247536
2 613 0.0923885 0.25424
1 614 0.169807 0.250582
2 614 0.133929 0.257593
1 615 0.160572 0.253843
2 615 0.124788 0.260027
1 616 0.154677 0.273479
2 616 0.121155 0.280112
1 617 0.113513 0.28038
2 617 0.0786689 0.286061
1 618 0.146426 0.279901
2 618 0.112346 0.285847
1 619 -0.256446 -0.37293
3 619 -0.309177 -0.322049
3 6 -0.1202 -0.311077
3 7 -0.116478 -0.309202
1 9 -0.0708625 -0.336316
1 360 -0.199866 -0.307516
3 26 -0.0603337 -0.253195
3 35 -0.207337 -0.237906
1 620 -0.159071 -0.267536
3 620 -0.221022 -0.228279
1 621 -0.000228512 -0.267826
3 621 -0.0464176 -0.236231
3 364 -0.165761 -0.205339
1 622 -0.0701244 -0.18333
3 622 -0.136796 -0.152761
3 106 -0.0611173 -0.0946371
3 111 -0.188929 -0.0845639
3 115 -0.201865 -0.0815655
3 112 -0.0200186 -0.0831326
3 117 -0.0427433 -0.0804112
3 384 -0.0848143 -0.0489771
3 151 -0.111531 -0.0446855
1 623 -0.0281575 -0.068451
3 623 -0.0768494 -0.0452866
3 156 -0.140049 -0.035515
3 162 0.0210985 -0.0352248
3 158 -0.094848 -0.0329459
3 163 -0.128531 -0.0322564
3 175 0.0172416 -0.0241964
3 551 0.140174 -0.0169607
3 168 0.248956 -0.0160875
1 624 0.112391 -0.0274229
3 624 0.0141016 -0.00373006
3 196 -0.0520553 0.0120099
3 205 -0.0418156 0.0310602
1 625 0.0768494 0.00996425
3 625 -0.0270495 0.0315249
1 397 0.267443 0.0151946
3 206 0.215935 0.042668
3 208 0.208037 0.0502885
1 456 0.0946755 0.0288753
3 562 0.00342916 0.0614627
3 563 -0.0882418 0.0593699
3 220 0.165234 0.0678443
3 565 -0.0967327 0.0657909
3 567 -0.00603135 0.0744999
3 569 -0.0180012 0.0796073
3 226 -0.105935 0.0776391
3 570 -0.0671662 0.0860935
3 406 0.117711 0.0920131
1 626 0.199372 0.0712257
3 626 0.114093 0.0927741
3 572 0.108043 0.0934101
3 241 0.080348 0.0942051
3 414 -0.0678681 0.0984011
3 575 0.121354 0.103146
3 576 0.116194 0.104739
1 627 0.0309798 0.085737
3 627 -0.0476141 0.103276
3 249 0.139182 0.107314
3 579 0.100462 0.10891
1 628 0.231007 0.0948289
3 628 0.147701 0.115281
3 585 0.0557187 0.116836
1 629 0.225726 0.097284
3 629 0.141908 0.117685
3 259 0.129653 0.119253
3 586 0.139501 0.118402
3 264 0.098018 0.121218
3 267 0.0921219 0.122365
3 589 0.0876229 0.123471
1 630 -0.0340404 0.105569
3 630 -0.0856622 0.120506
3 268 0.144595 0.12783
3 277 0.239512 0.132988
3 273 0.128994 0.13137
3 592 0.0856821 0.135124
3 595 0.150879 0.143651
1 631 0.217199 0.127925
3 631 0.139182 0.148537
3 288 0.125016 0.152181
3 597 0.168238 0.153703
3 294 -0.0319367 0.152309
3 600 0.1473 0.161061
1 463 0.00874259 0.147389
3 604 0.114181 0.168492
1 464 0.0189943 0.150947
3 605 0.126817 0.174198
1 632 0.203649 0.168804
3 632 0.131646 0.187614
3 323 0.0996333 0.200412
3 324 0.137272 0.205826
3 445 0.0894354 0.224984
3 609 0.0832641 0.226951
3 341 0.125286 0.237011
3 344 0.103238 0.245511
3 611 0.0925143 0.250995
4 3 0.184691 -0.315151
4 544 -0.110957 -0.292347
4 13 -0.0906746 -0.270925
4 15 -0.0824181 -0.26111
4 29 -0.24211 -0.240545
1 633 0.460523 -0.291167
4 633 0.354846 -0.251882
4 33 -0.0765485 -0.227682
4 43 -0.235925 -0.214628
4 58 -0.169832 -0.182934
4 111 -0.199835 -0.0802428
1 634 -0.117388 -0.105256
4 634 -0.175453 -0.0756807
4 379 -0.156684 -0.070394
4 132 -0.240033 -0.0652916
1 635 0.266793 -0.0862838
4 635 0.193305 -0.0499695
4 123 0.225766 -0.0501055
4 138 -0.0417945 -0.0505998
4 144 -0.142405 -0.0488315
1 636 0.194266 -0.0658507
4 636 0.138513 -0.032163
4 155 -0.144984 -0.0360585
1 637 -0.0310129 -0.0565388
4 637 -0.103948 -0.0288822
4 624 -0.0310288 0.00291144
4 193 -0.0360634 0.0137277
4 207 -0.0913774 0.0350492
4 555 -0.237903 0.0398709
4 456 -0.0665151 0.0545482
4 558 0.191015 0.0636668
4 559 -0.239102 0.0473553
4 211 0.101079 0.0625994
1 638 -0.0935868 0.0378848
4 638 -0.251251 0.0546184
4 569 -0.0749212 0.0824861
4 224 0.0817535 0.0890305
4 232 -0.124303 0.0807103
4 233 0.0930346 0.0974661
4 245 0.0268238 0.100642
4 241 0.0357915 0.100494
4 575 0.0805506 0.110713
4 576 0.0727425 0.112805
4 415 0.0621417 0.115328
4 585 0.0130235 0.122368
4 262 0.0814093 0.126851
4 586 0.0967733 0.126771
4 591 0.0353061 0.140925
4 595 0.115578 0.151749
4 289 0.198124 0.163391
4 600 0.112936 0.169025
1 639 0.215439 0.142845
4 639 0.107618 0.170759
4 604 0.075237 0.17528
4 605 0.089927 0.18199
4 607 0.120459 0.198738
4 316 0.0835223 0.1984
4 442 0.0812119 0.212437
4 324 0.103483 0.214711
4 334 0.196421 0.230814
4 336 0.221615 0.234907
4 337 0.213973 0.239002
4 445 0.0541338 0.23058
4 341 0.0926677 0.244273
5 2 -0.329558 -0.32328
5 3 0.171728 -0.327252
5 356 -0.306022 -0.302404
5 359 -0.291993 -0.289766
5 15 -0.0869225 -0.274875
1 640 0.459 -0.289787
5 640 0.323402 -0.261381
5 30 0.315171 -0.253446
5 33 -0.0846714 -0.241978
5 34 0.288207 -0.2395
5 620 -0.253427 -0.234748
1 641 0.399225 -0.259125
5 641 0.264437 -0.229644
5 61 0.103065 -0.216332
5 42 -0.0767576 -0.223873
1 642 0.354881 -0.236368
5 642 0.230181 -0.212791
5 56 -0.204583 -0.205907
1 643 0.366145 -0.233909
5 643 0.235437 -0.205661
5 64 -0.220015 -0.198284
5 72 -0.0613853 -0.18043
5 96 -0.126766 -0.123718
5 114 -0.192113 -0.0974748
5 126 -0.0785464 -0.0802963
5 132 -0.244156 -0.0863776
5 133 -0.139088 -0.077216
5 146 -0.165521 -0.0653276
5 155 -0.160745 -0.0554373
5 158 -0.130711 -0.047783
1 644 0.254525 0.0367759
5 644 0.141651 0.0374878
5 567 -0.112934 0.0559208
5 227 0.0829443 0.0801696
5 233 0.0527618 0.081268
5 241 -0.00692548 0.0822375
5 575 0.0415406 0.093464
5 576 0.0331659 0.0953738
5 579 0.0203953 0.0976615
5 262 0.0386804 0.109759
5 259 0.0460736 0.110087
5 263 0.0204564 0.108766
5 589 0.00298427 0.111073
5 273 0.0510629 0.122541
5 592 0.00567686 0.122408
5 595 0.0791905 0.136173
5 604 0.036652 0.157263
5 605 0.052758 0.164548
5 323 0.0267937 0.187774
5 324 0.069809 0.196995
5 334 0.141201 0.215812
5 341 0.0614931 0.226496
6 619 -0.289623 -0.318312
6 351 -0.285506 -0.314078
6 22 -0.237142 -0.266861
6 361 -0.241463 -0.260181
6 620 -0.225872 -0.233981
6 44 -0.192552 -0.226824
6 177 0.207387 -0.0225802
1 645 0.228037 -0.0162526
6 645 0.142572 0.0061443
1 646 0.0943357 0.00894837
6 646 0.025342 0.0311684
6 569 0.0383734 0.0791375
1 647 0.0482834 0.0681641
6 647 -0.0239096 0.0867626
1 648 0.0896854 0.0704545
6 648 0.0299841 0.0886135
6 412 -0.0871794 0.0974533
6 575 0.0316968 0.0986684
1 486 0.0256881 0.084168
6 297 0.0401946 0.148337
6 307 0.0268744 0.162272
1 649 0.0944702 0.183172
6 649 0.0744715 0.180909
7 1 -0.328361 -0.318515
7 2 -0.322247 -0.312674
7 3 0.163075 -0.311109
7 356 -0.302972 -0.29302
7 359 -0.290689 -0.281029
7 30 0.273661 -0.235763
7 35 -0.243752 -0.23655
1 650 0.43764 -0.274257
7 650 0.262271 -0.226981
7 40 -0.250407 -0.228342
7 46 -0.242239 -0.219951
7 92 -0.165894 -0.138639
7 635 0.148913 -0.0403092
7 146 -0.174675 -0.0627214
7 151 -0.15804 -0.0558702
7 195 0.0562469 0.0410057
1 651 0.0966182 0.0718016
7 651 -0.00571542 0.0941324
7 238 -0.0325966 0.0944034
7 415 -0.0400408 0.107204
7 580 -0.0480125 0.107822
7 255 -0.0512666 0.10813
7 262 -0.0305838 0.119082
7 267 -0.0532813 0.11894
7 589 -0.0582052 0.119048
7 272 -0.0669097 0.119323
1 652 0.0268581 0.154683
7 652 -0.0397731 0.165279
7 306 -0.0305727 0.16714
1 653 -0.248381 -0.366072
8 653 -0.316645 -0.306967
1 353 -0.242745 -0.360149
8 356 -0.305308 -0.295285
8 358 -0.300818 -0.289346
8 361 -0.283183 -0.258789
8 27 -0.276219 -0.255193
8 41 -0.245469 -0.231669
8 43 -0.262861 -0.228417
8 46 -0.24823 -0.224022
8 49 -0.253672 -0.217854
8 75 -0.212219 -0.18378
8 96 -0.176075 -0.144581
8 174 -0.0983442 -0.217806
8 177 -0.0641286 -0.193646
1 654 -0.0529843 0.0579127
8 654 -0.177284 0.0793683
8 408 -0.163434 0.0937972
8 585 0.0163809 0.094064
8 332 -0.0168911 0.203384
8 335 -0.0214363 0.215008
1 655 0.130518 0.214816
8 655 -0.0106517 0.18819
1 656 0.120489 0.268699
8 656 0.0249489 0.260207
9 1 -0.360947 -0.320027
9 2 -0.358465 -0.317187
1 657 -0.213207 -0.320704
9 657 -0.328138 -0.273534
9 29 -0.296308 -0.252761
9 31 -0.288527 -0.248816
9 620 -0.302358 -0.23394
9 46 -0.283297 -0.224366
9 96 -0.211459 -0.143847
1 658 0.0728822 -0.106831
9 658 -0.0982658 -0.0919526
1 659 -0.101908 -0.101586
9 659 -0.29573 -0.0160588
9 645 -0.0329266 -0.0297425
1 660 0.048187 -0.00866328
9 660 -0.146589 0.00418888
9 222 -0.191576 0.073273
9 576 -0.00128002 0.0909948
9 417 -0.169131 0.110101
9 256 -0.11534 0.105287
9 577 -0.0962921 0.104318
9 262 -0.00498414 0.105749
9 263 -0.013086 0.107897
9 291 -0.145883 0.158492
1 661 0.0372242 0.171382
9 661 -0.0856693 0.191178
9 320 -0.0671489 0.193414
9 335 -0.0606006 0.21884
9 350 -0.0532816 0.272418
10 619 -0.363432 -0.370616
10 653 -0.358301 -0.36442
10 16 -0.322676 -0.329864
10 22 -0.318697 -0.323833
10 23 -0.310726 -0.318033
10 28 -0.311877 -0.309553
10 29 -0.304997 -0.310574
1 662 0.369376 -0.226063
10 662 0.132743 -0.250885
10 131 -0.123686 -0.0361149
1 663 -0.0239511 -0.0351177
10 663 -0.200887 -0.0413285
1 664 -0.0238115 -0.0297106
10 664 -0.202048 -0.0355123
10 646 -0.0666748 0.0607545
10 563 -0.213914 0.00278841
1 665 0.0943208 0.0423052
10 665 -0.0803338 0.0161378
10 566 -0.212325 0.0116341
10 222 -0.194478 0.0187541
1 666 -0.108467 0.0748863
10 666 -0.299947 0.0388129
10 584 -0.0241803 0.0379612
10 585 -0.0210771 0.0373745
10 590 -0.0201268 0.0501989
10 293 -0.0195158 0.0773281
10 298 0.079944 0.0763782
1 521 0.211987 0.162684
10 655 -0.0439221 0.129738
10 618 -0.0141186 0.237506
11 619 -0.335529 -0.382117
11 14 -0.305579 -0.350956
11 22 -0.287188 -0.331604
11 29 -0.272594 -0.317516
11 620 -0.276299 -0.297263
11 641 0.225049 -0.288149
11 79 -0.194108 -0.227345
11 121 0.152079 -0.0982995
11 125 0.17278 -0.0961622
1 667 0.186195 -0.0807804
11 667 0.13262 -0.0490954
1 668 0.203366 -0.0390411
11 668 0.0812035 -0.0589765
1 669 -0.0580617 0.00831958
11 669 -0.215757 -0.0312903
1 670 0.0814576 0.04077
11 670 -0.0429416 0.0132718
11 565 -0.179638 0.0105233
11 417 -0.132771 0.0472558
11 262 0.0473938 0.0466166
11 279 -0.102557 0.067168
11 596 -0.137125 0.0873526
11 599 -0.122426 0.0931609
11 463 -0.129442 0.108497
11 328 -0.124451 0.149507
11 338 -0.11916 0.172713
1 671 0.0548346 0.249844
11 671 -0.0295612 0.228064
12 1 -0.274936 -0.375211
12 2 -0.269006 -0.370108
12 357 -0.256112 -0.342193
12 40 -0.193788 -0.280316
12 44 -0.169424 -0.270906
1 366 -0.0646284 -0.203755
12 158 -0.0947787 -0.080112
12 668 0.141494 -0.0396159
1 672 0.0341132 -0.0225623
12 672 -0.013556 -0.0365491
12 670 0.0335037 0.0333153
12 406 0.0538675 0.0549416
12 572 0.0450521 0.0548909
12 486 -0.0315709 0.065992
12 249 0.0682055 0.0718204
12 415 0.0316327 0.0666947
12 342 -0.0412073 0.199206
13 543 -0.0314396 -0.318838
13 6 -0.0298754 -0.317783
13 357 -0.221297 -0.316155
13 359 -0.201292 -0.310625
13 29 -0.167604 -0.278032
13 35 -0.152151 -0.264737
1 673 -0.00349974 -0.271972
13 673 0.0156056 -0.252935
13 620 -0.168027 -0.257614
13 43 -0.163559 -0.253046
13 54 0.211588 -0.272343
13 51 -0.118561 -0.234932
13 67 0.0191581 -0.200568
13 367 -0.108509 -0.199276
13 90 -0.0952739 -0.170675
13 111 -0.130672 -0.114443
13 119 -0.108021 -0.110357
1 674 0.180446 -0.0992676
13 674 0.148479 -0.090545
13 144 -0.0787 -0.0828896
13 623 -0.0334533 -0.072151
13 158 -0.0557597 -0.0636734
13 550 0.108188 -0.042352
13 668 0.187357 -0.0259318
13 552 0.110319 -0.0220847
1 675 -0.0133964 0.0299118
13 675 -0.0824523 0.00638378
13 215 0.128639 0.0367162
13 562 -0.0262116 0.0130004
13 565 -0.0782503 0.025262
1 676 0.182414 0.0546627
13 676 0.082806 0.0453662
13 233 0.128451 0.0648129
13 258 0.063781 0.0828548
13 595 0.152743 0.125946
13 605 0.124078 0.154224
13 315 0.0910516 0.165223
13 316 0.116999 0.171395
13 442 0.115355 0.185807
13 445 0.0866081 0.202206
13 344 0.103448 0.22755
13 350 0.021855 0.242307
13 656 0.0631598 0.262104
13 616 0.10444 0.275963
13 617 0.055803 0.2725
13 618 0.0919022 0.27944
14 3 0.301445 -0.33085
14 544 0.00684122 -0.291277
14 9 0.0125157 -0.286858
14 10 0.0201614 -0.280481
14 15 0.0366554 -0.2647
14 361 -0.124357 -0.256806
14 39 -0.0802651 -0.231358
14 97 0.359085 -0.111011
14 123 0.350307 -0.0701944
1 134 0.0664671 -0.0871081
14 551 0.216261 -0.0313737
14 564 0.080908 0.0324375
1 677 0.281509 0.0477742
14 677 0.312348 0.0590915
14 232 0.00413501 0.056967
1 678 -0.121607 0.0672381
14 678 -0.133827 0.0403689
14 259 0.219693 0.100962
14 273 0.220153 0.113552
14 631 0.237545 0.130513
14 605 0.219483 0.159632
14 323 0.190415 0.184997
14 337 0.35541 0.204011
14 445 0.182642 0.210229
14 611 0.187333 0.239813
14 346 0.223668 0.25432
14 656 0.155422 0.27187
3 1 -0.320213 -0.329527
3 352 -0.303887 -0.317672
3 544 -0.109046 -0.304477
2 679 -0.0949072 -0.317627
3 679 -0.101469 -0.297955
2 680 -0.075679 -0.301373
3 680 -0.0841902 -0.281832
2 681 -0.225454 -0.286763
3 681 -0.241975 -0.265185
2 17 -0.071217 -0.284625
2 682 -0.225346 -0.27873
3 682 -0.242563 -0.257436
2 20 -0.0540479 -0.279143
2 683 -0.0464148 -0.269008
3 683 -0.0588919 -0.251209
2 684 0.00200893 -0.212807
3 684 -0.0148293 -0.196037
3 76 -0.172616 -0.17627
3 371 -0.0584411 -0.114313
3 104 -0.0994045 -0.102128
3 547 -0.0825723 -0.0843288
2 685 -0.169383 -0.0969151
3 685 -0.180573 -0.0835869
2 112 0.00166682 -0.0968448
2 453 -0.193252 -0.0941645
2 375 -0.147927 -0.093422
2 686 0.00979615 -0.092051
3 686 -0.0110051 -0.077727
2 687 0.015923 -0.0864311
3 687 -0.00586073 -0.0728607
2 688 -0.0398859 -0.0823562
3 688 -0.0642047 -0.0683424
2 121 0.239103 -0.0800217
2 689 0.22552 -0.071715
3 689 0.208157 -0.0577735
2 690 0.148764 -0.0658934
3 690 0.121555 -0.0511157
3 383 0.253733 -0.0514945
2 691 -0.00354494 -0.0636662
3 691 -0.0283211 -0.050072
2 145 0.126435 -0.0636863
3 149 -0.00291414 -0.0478748
2 692 0.163227 -0.061749
3 692 0.149091 -0.047525
2 623 -0.0610438 -0.0582882
2 693 0.167322 -0.0565551
3 693 0.153089 -0.0422246
2 694 0.112307 -0.0553692
3 694 0.0813445 -0.0407539
3 385 -0.0702119 -0.0403792
3 386 -0.061226 -0.0360471
2 162 0.0551317 -0.049122
2 695 0.185742 -0.0392252
3 695 0.166052 -0.0247962
2 175 0.0537698 -0.0381146
2 696 -0.108448 -0.0359172
3 696 -0.128703 -0.0238024
3 550 0.125264 -0.0232137
2 697 0.178089 -0.0344527
3 697 0.160058 -0.0210882
2 168 0.274744 -0.0305873
2 698 0.159712 -0.0299504
3 698 0.142684 -0.0163108
3 174 0.232137 -0.0142443
2 699 0.0267914 -0.0261186
3 699 -0.0103592 -0.0130991
2 624 0.0530515 -0.0173331
2 700 0.102367 -0.0172952
3 700 0.0809396 -0.00401786
2 701 0.258865 -0.0163993
3 701 0.231022 -0.00113562
2 702 0.0920158 -0.0149972
3 702 0.0684251 -0.00185813
2 703 0.130243 -0.0149079
3 703 0.115789 -0.00164265
3 180 -0.077846 -0.00195847
3 179 0.202122 0.00371769
2 704 0.0278908 -0.00956697
3 704 -0.0112756 0.00370031
2 705 0.12489 -0.00606205
3 705 0.109875 0.00718455
2 706 0.0831608 0.000528367
3 706 0.0586718 0.0138968
3 196 -0.036009 0.0122359
2 707 0.0984073 -0.000789984
3 707 0.0761019 0.0125289
3 188 0.15996 0.0130307
2 708 0.0125181 0.00126232
3 708 -0.0196715 0.0140624
2 709 0.0822561 0.00163581
3 709 0.0574925 0.0149838
2 710 0.0878051 0.00169455
3 710 0.0640387 0.0140677
2 201 -0.00982955 0.00674946
3 199 -0.0256419 0.0190464
2 711 0.0944059 0.00870721
3 711 0.0718554 0.0219779
3 553 -0.0115441 0.0250199
3 195 0.139084 0.0286968
2 712 -0.0181966 0.0171249
3 712 -0.0531209 0.0291927
2 713 -0.0014415 0.0176704
3 713 -0.0335941 0.0299696
2 205 -0.00914017 0.0192978
2 714 0.0833102 0.0220051
3 714 0.059648 0.0340443
2 202 0.221133 0.0244257
2 715 -0.135419 0.0265835
3 715 -0.174953 0.0367394
3 555 -0.190868 0.0399786
3 559 -0.192407 0.0478984
2 716 0.127694 0.038707
3 716 0.1002 0.0522719
2 717 -0.1225 0.0403111
3 717 -0.166953 0.0505601
2 718 -0.159663 0.0449845
3 718 -0.201716 0.0543934
2 719 -0.16468 0.048771
3 719 -0.207665 0.0583585
2 720 -0.136824 0.0488284
3 720 -0.182707 0.0591995
2 721 -0.0804075 0.0504369
3 721 -0.105135 0.0604513
3 564 -0.00253951 0.0639629
3 566 -0.0862767 0.0684543
2 722 -0.153835 0.0599324
3 722 -0.200062 0.0692596
2 723 0.0866043 0.0621201
3 723 0.0526246 0.0740281
2 724 0.0834093 0.0634054
3 724 0.0481416 0.0753583
3 225 0.0725836 0.0758651
3 568 -0.228615 0.074708
3 229 -0.0946083 0.0785625
2 224 0.153007 0.0681474
3 227 0.16772 0.0860903
3 422 -0.23779 0.0828472
2 248 0.0662611 0.0751532
2 725 0.0719608 0.0783173
3 725 0.039283 0.0899064
2 726 -0.0215981 0.0795622
3 726 -0.0510713 0.0898953
2 727 0.0639941 0.0808238
3 727 0.0131348 0.0932888
2 626 0.14678 0.0802064
2 728 -0.1828 0.0814519
3 728 -0.230324 0.0897009
3 244 0.0636936 0.0970359
2 729 0.0987028 0.0873896
3 729 0.0634942 0.0997639
2 576 0.150236 0.0920551
2 461 -0.0191347 0.0924131
3 579 0.102357 0.108539
2 730 0.194307 0.0963338
3 730 0.159814 0.109934
2 731 0.155785 0.098686
3 731 0.11993 0.111223
3 582 -0.00823907 0.112197
2 732 0.0627118 0.10215
3 732 0.00878599 0.113433
2 628 0.183868 0.101771
2 733 0.109483 0.103319
3 733 0.0747279 0.115144
2 734 0.0990509 0.104561
3 734 0.0632355 0.116415
2 629 0.178236 0.104404
3 584 0.0327405 0.116897
2 735 0.0843559 0.105588
3 735 0.0469644 0.116982
2 736 0.146759 0.106428
3 736 0.109931 0.118912
2 737 0.166088 0.106547
3 737 0.131287 0.119228
2 738 0.027273 0.10769
3 738 -0.0247369 0.117723
2 264 0.136245 0.108651
3 588 0.157543 0.122958
3 426 0.0820522 0.124523
2 739 0.107463 0.114661
3 739 0.0723548 0.126398
2 740 0.110323 0.114262
3 740 0.0743305 0.12585
2 741 0.0994846 0.116529
3 741 0.0631688 0.127972
3 590 0.0459032 0.127627
2 742 0.0982386 0.116801
3 742 0.0600958 0.128493
2 743 0.166687 0.122082
3 743 0.133892 0.134551
3 593 0.0642546 0.136089
2 744 0.119393 0.136812
3 744 0.0864937 0.148461
2 745 0.0962375 0.139352
3 745 0.062949 0.150848
3 434 -0.0691166 0.149539
2 746 0.161722 0.142609
3 746 0.12943 0.155029
3 598 0.172091 0.156194
2 747 0.100979 0.145266
3 747 0.0674458 0.156696
2 748 0.153977 0.156271
3 748 0.12248 0.168336
2 749 0.0946117 0.159089
3 749 0.0620902 0.17047
2 750 0.0720967 0.16305
3 750 0.0384033 0.17308
2 751 0.14524 0.163117
3 751 0.112391 0.175281
2 752 0.0996007 0.164215
3 752 0.0670842 0.175507
2 753 0.167674 0.171701
3 753 0.138362 0.184375
2 316 0.149234 0.179649
2 754 0.0872712 0.181576
3 754 0.054396 0.192027
2 755 0.097727 0.184391
3 755 0.0666338 0.19518
2 756 0.185722 0.185585
3 756 0.162879 0.197979
3 325 -0.0499834 0.197867
3 442 0.116178 0.205591
3 327 0.0918261 0.206935
2 757 0.0925077 0.196784
3 757 0.0620764 0.207239
2 758 0.1282 0.210769
3 758 0.0991882 0.221646
3 337 0.271037 0.226744
2 759 0.089524 0.219819
3 759 0.0608581 0.229455
2 760 0.168591 0.219826
3 760 0.147072 0.232591
2 761 0.101328 0.221546
3 761 0.0713564 0.232462
2 762 0.089542 0.220514
3 762 0.0609081 0.230703
2 763 0.158441 0.223263
3 763 0.134143 0.234926
2 764 0.0944259 0.228337
3 764 0.0661109 0.238531
2 611 0.119921 0.24005
2 765 0.156443 0.243394
3 765 0.134485 0.255056
2 766 0.0870708 0.24822
3 766 0.0603176 0.258344
3 346 0.124358 0.260342
2 767 0.0181322 0.254105
3 767 -0.00662709 0.262245
2 768 0.0270183 0.256286
3 768 0.000151588 0.263483
3 614 0.108754 0.269031
3 615 0.099238 0.271165
2 769 0.1221 0.261327
3 769 0.097015 0.272613
3 616 0.0969879 0.290893
2 770 0.0734623 0.285472
3 770 0.0505013 0.294854
2 448 0.131993 -0.377875
4 353 -0.311656 -0.298695
2 7 -0.110302 -0.328065
4 11 -0.291834 -0.281683
4 679 -0.105044 -0.286535
4 10 -0.0983228 -0.279833
4 681 -0.25928 -0.254418
4 683 -0.0690776 -0.240001
2 449 -0.0396545 -0.264023
2 33 -0.051357 -0.256475
2 42 -0.0381696 -0.237201
4 546 -0.184179 -0.170546
4 366 -0.144759 -0.162477
2 771 0.272687 -0.177467
4 771 0.208223 -0.147666
4 85 -0.176389 -0.150866
2 772 0.254781 -0.162301
4 772 0.191397 -0.133607
4 90 -0.15673 -0.131354
2 773 0.236968 -0.147299
4 773 0.173124 -0.118456
2 774 -0.0518829 -0.141003
4 774 -0.0944808 -0.118279
4 371 -0.0799916 -0.106535
4 102 -0.00553156 -0.092378
4 376 -0.218763 -0.0750866
2 132 -0.221294 -0.0816074
2 635 0.234085 -0.0770472
4 137 -0.119227 -0.0538585
4 136 0.223123 -0.0417361
4 690 0.0908544 -0.0411856
4 145 0.0698203 -0.0395711
4 692 0.135134 -0.0377601
2 775 0.208744 -0.0598932
4 775 0.171069 -0.0343933
4 623 -0.0940816 -0.0399935
4 385 -0.0874985 -0.034763
4 162 -0.0173302 -0.0275044
2 776 0.15344 -0.0494899
4 776 0.125937 -0.0263629
2 777 0.0757366 -0.0239751
4 777 0.0218582 -0.0030633
4 700 0.0572495 0.00395512
2 778 -0.0338138 -0.0100061
4 778 -0.0729668 0.00746768
2 779 0.188996 -0.00622212
4 779 0.142572 0.0175759
4 196 -0.0769335 0.0176685
4 707 0.0516258 0.01981
2 780 0.0163892 0.017581
4 780 -0.070984 0.0350808
2 207 -0.043518 0.0202223
2 781 -0.0260916 0.0199177
4 781 -0.0814456 0.0357418
2 782 -0.052241 0.0219523
4 782 -0.101645 0.0365752
4 714 0.0335123 0.0411387
4 202 0.170084 0.049101
4 720 -0.234097 0.0589626
4 563 -0.114636 0.0620647
4 721 -0.133273 0.0627911
4 220 0.126194 0.0774634
4 565 -0.125035 0.0679112
4 566 -0.11522 0.0705757
4 724 0.0063446 0.0817467
4 404 0.114917 0.0862843
4 226 -0.133277 0.079376
4 227 0.125099 0.0951576
2 783 0.23176 0.0717956
4 783 0.148498 0.0964109
4 728 -0.285217 0.0873835
4 242 0.0956357 0.107618
4 729 0.0237698 0.105438
2 784 0.179 0.091832
4 784 0.103393 0.11318
4 418 -0.106089 0.109229
4 731 0.076299 0.11898
2 258 0.115266 0.102184
4 733 0.0329604 0.121049
4 734 0.0230017 0.121705
4 584 -0.00365562 0.122345
4 735 0.00452208 0.122342
4 736 0.0668423 0.125865
2 478 0.160239 0.106556
4 737 0.092055 0.126912
4 425 0.0468758 0.129289
4 272 0.0368962 0.131026
4 739 0.029134 0.132329
4 741 0.021694 0.13356
4 742 0.0193502 0.133642
4 743 0.0945238 0.142586
4 593 0.0238296 0.141481
4 597 0.136624 0.161991
4 746 0.0917184 0.162563
4 747 0.0281492 0.162048
4 295 -0.0972161 0.159611
4 748 0.0851306 0.175225
4 750 0.000952949 0.176988
4 752 0.0287593 0.18054
4 754 0.014602 0.196007
2 785 0.153892 0.199036
4 785 0.0930968 0.218203
4 609 0.0478774 0.231793
4 765 0.11764 0.262625
2 786 0.0449159 0.248694
4 786 -0.00302581 0.259779
4 346 0.098675 0.266448
4 349 -0.0202355 0.266809
2 787 0.114006 0.265465
4 787 0.0619047 0.280091
5 448 0.111459 -0.359383
2 788 -0.243472 -0.301391
5 788 -0.283384 -0.281552
5 681 -0.26995 -0.270255
5 682 -0.272227 -0.262198
2 30 0.404923 -0.273548
2 789 0.389244 -0.263654
5 789 0.299776 -0.24409
2 34 0.377283 -0.25909
2 790 0.300878 -0.22148
5 790 0.230557 -0.203555
5 74 -0.167743 -0.185203
5 366 -0.161299 -0.179744
5 102 -0.0260575 -0.107611
5 106 -0.106084 -0.104462
5 453 -0.221609 -0.0963666
5 376 -0.226252 -0.0946661
5 124 -0.0701647 -0.080366
2 791 0.139786 -0.0749099
5 791 0.0535567 -0.0648917
5 138 -0.0632858 -0.0670412
5 136 0.200664 -0.0520184
5 691 -0.0780715 -0.0606365
5 148 -0.0711189 -0.0600476
5 692 0.121874 -0.0489884
5 775 0.150642 -0.0455258
2 792 -0.0370362 -0.0428326
5 792 -0.0877167 -0.042156
5 175 -0.0610198 -0.0352374
2 793 0.0887444 -0.0296366
5 793 0.000850291 -0.0241494
5 777 -0.00352511 -0.0190527
5 700 0.0348504 -0.0100798
5 185 -0.112748 -0.0139974
5 707 0.0285739 0.00509624
5 714 0.0086612 0.0254412
5 559 -0.281396 0.0217655
5 717 -0.260444 0.0245526
5 212 0.133467 0.0556997
5 216 0.0775059 0.0543787
5 720 -0.277488 0.0310406
5 563 -0.137535 0.040683
5 562 -0.100976 0.0445464
5 565 -0.14953 0.045519
5 566 -0.139949 0.0488242
5 404 0.0746003 0.0706144
5 229 -0.149992 0.0578297
5 232 -0.143585 0.0607463
5 245 -0.0155451 0.0823026
5 238 0.0133048 0.0841276
5 729 -0.0160375 0.0872341
5 580 0.011976 0.0992231
5 731 0.0346033 0.101962
5 628 0.0664464 0.107647
5 734 -0.0160518 0.102482
5 629 0.0607147 0.108996
5 735 -0.0430299 0.102208
5 585 -0.027646 0.102963
5 736 0.024593 0.108091
5 737 0.0509503 0.110164
5 264 0.0166354 0.109078
2 794 0.184808 0.112145
5 794 0.0757078 0.118728
5 272 -0.00592472 0.112165
5 739 -0.010474 0.112998
5 590 -0.0360764 0.112355
2 795 0.0965021 0.117319
5 795 -0.0231781 0.114102
5 743 0.055786 0.12584
5 593 -0.0154697 0.121607
5 288 0.0494134 0.142375
5 746 0.0538607 0.14534
5 747 -0.00984441 0.14247
5 748 0.0479062 0.158033
5 438 0.0242103 0.15756
5 752 -0.00844824 0.160558
5 753 0.0695197 0.175494
2 796 0.163867 0.174265
5 796 0.0608636 0.177653
5 315 0.0200351 0.176572
5 316 0.0474665 0.180967
5 754 -0.0235094 0.174978
5 755 -0.00658493 0.18016
5 442 0.045622 0.194395
5 336 0.160286 0.220341
5 445 0.0186775 0.211254
5 609 0.0122482 0.211831
5 611 0.0278235 0.23682
5 766 -0.00450921 0.241732
5 614 0.0464317 0.256909
5 787 0.0272246 0.261859
2 797 0.0844359 0.274475
5 797 -0.00132224 0.267449
5 616 0.0394798 0.277444
5 770 -0.00783168 0.276718
5 618 0.0282124 0.281561
6 353 -0.281529 -0.309536
6 788 -0.250891 -0.279518
2 798 0.393319 -0.265073
6 798 0.31384 -0.231502
6 545 -0.190541 -0.224921
6 363 -0.196745 -0.222776
6 47 -0.182879 -0.221319
6 790 0.235476 -0.189935
2 799 0.332089 -0.21923
6 799 0.247239 -0.186577
2 800 0.512905 -0.214773
6 800 0.121059 -0.184852
2 801 0.199351 -0.172291
6 801 0.153238 -0.145042
6 97 0.228196 -0.0850938
6 373 -0.178492 -0.101979
6 548 -0.187358 -0.099924
6 114 -0.172487 -0.0998694
6 117 -0.076832 -0.0889713
6 126 -0.0656495 -0.0780577
6 132 -0.213754 -0.0904941
6 121 0.193102 -0.0499858
6 791 0.0592769 -0.0570295
6 144 -0.135895 -0.0684855
6 775 0.171712 -0.0381101
6 151 -0.126129 -0.0601763
6 693 0.142707 -0.0314958
2 802 -0.12293 -0.0432316
6 802 -0.162649 -0.0511033
6 777 0.00270347 -0.0147704
6 706 0.0154104 0.010564
6 707 0.0370544 0.0108333
6 710 0.0179799 0.00940429
6 195 0.0947559 0.0345081
6 559 -0.279061 0.00745957
6 400 0.0515502 0.0582898
6 233 0.0437672 0.0876822
6 572 0.0155682 0.0886153
6 245 -0.0272293 0.0832534
6 241 -0.0185825 0.0839897
6 249 0.0458313 0.105415
6 579 0.00903446 0.101561
6 255 -0.00239557 0.102432
6 731 0.0229819 0.105938
6 585 -0.0380303 0.103196
6 736 0.0122966 0.111907
6 262 0.0216012 0.113464
6 478 0.0333057 0.115367
6 264 0.00557806 0.112882
6 739 -0.0210448 0.114237
6 590 -0.0434786 0.113142
6 273 0.0417957 0.12832
6 592 -0.0095804 0.124555
6 745 -0.0228996 0.138288
6 747 -0.0186959 0.143878
6 748 0.0396331 0.165131
6 749 -0.0213257 0.157489
6 606 0.00101308 0.164808
6 315 0.0114517 0.180613
6 755 -0.0147222 0.181754
6 442 0.0375887 0.200314
2 803 0.123538 0.195418
6 803 0.0136943 0.198056
6 757 -0.0170564 0.194071
6 344 0.0287001 0.238465
6 766 -0.0106427 0.24377
6 617 -0.0065276 0.281472
7 788 -0.283954 -0.273654
7 27 -0.27084 -0.251397
7 39 -0.232605 -0.229664
7 43 -0.25623 -0.223935
2 804 0.326336 -0.218595
7 804 0.197838 -0.182066
2 805 0.322566 -0.216318
7 805 0.193359 -0.179659
7 99 -0.0888841 -0.104198
7 114 -0.193896 -0.0946897
7 777 -0.0367152 -0.0096142
7 707 0.00542647 0.0154407
7 782 -0.134253 0.0198387
7 714 -0.0222868 0.0351693
7 558 0.135476 0.0734976
7 626 -0.0170064 0.0951277
7 731 -0.0272986 0.112216
7 258 -0.065509 0.109252
7 734 -0.0821898 0.108898
7 585 -0.0875195 0.108757
7 478 -0.0195228 0.120891
7 264 -0.0452903 0.11863
7 590 -0.0940181 0.117714
7 273 -0.00592496 0.134486
7 743 -0.00130246 0.138335
7 429 -0.0593518 0.129651
7 593 -0.0722036 0.128489
7 288 -0.00627124 0.154374
7 746 -0.00141986 0.157879
7 747 -0.0654371 0.149521
7 605 -0.00162424 0.177258
7 752 -0.0627344 0.167715
7 754 -0.0789535 0.180662
7 755 -0.0593615 0.187462
7 323 -0.0271956 0.197821
7 445 -0.0331125 0.220751
7 609 -0.0398385 0.220991
7 769 0.0329309 0.275637
8 788 -0.287509 -0.276889
8 682 -0.279541 -0.257392
8 35 -0.248832 -0.240697
8 40 -0.25698 -0.232626
8 55 -0.235335 -0.208309
8 66 -0.221225 -0.194438
8 107 -0.128816 -0.102624
8 114 -0.193349 -0.099842
8 776 0.0266639 -0.0359167
8 709 -0.0364232 0.011424
8 714 -0.0334101 0.0308772
2 806 0.0943378 0.029363
8 806 -0.0104801 0.041193
8 244 -0.116215 0.0819706
8 255 -0.0774847 0.102185
8 736 -0.0648755 0.112693
8 425 -0.0790191 0.113345
8 426 -0.0847421 0.113404
8 739 -0.0937544 0.113597
8 741 -0.100509 0.11425
2 807 0.096653 0.200369
8 807 -0.075432 0.19847
8 447 -0.0025448 0.23919
9 356 -0.339056 -0.295898
9 359 -0.327542 -0.284285
9 788 -0.32159 -0.277155
9 362 0.208347 -0.250937
9 27 -0.31119 -0.255504
9 30 0.202477 -0.243175
9 39 -0.272993 -0.234033
2 620 -0.203043 -0.249527
9 49 -0.288723 -0.218157
9 55 -0.270653 -0.208271
9 804 0.13069 -0.187692
9 805 0.125839 -0.184894
9 66 -0.256463 -0.194475
9 97 0.14131 -0.0801096
9 453 -0.254362 -0.0984501
9 686 -0.211718 -0.0937666
9 714 -0.069242 0.0332148
9 806 -0.0457052 0.0446166
9 297 -0.0715294 0.154093
2 808 0.0196359 0.169962
9 808 -0.0650894 0.177021
9 315 0.0188345 0.205771
10 1 -0.37094 -0.378417
10 2 -0.366498 -0.373838
10 3 0.119522 -0.372119
10 356 -0.348251 -0.354264
10 359 -0.336283 -0.34229
10 788 -0.329597 -0.334555
10 361 -0.325321 -0.317242
10 40 -0.298603 -0.29024
10 46 -0.290893 -0.281456
10 363 -0.279686 -0.278935
10 49 -0.296366 -0.275401
10 55 -0.278033 -0.26563
10 66 -0.262975 -0.250669
10 365 -0.271004 -0.24429
10 75 -0.254485 -0.240443
2 809 0.0913515 -0.191061
10 809 -0.140196 -0.248869
10 92 -0.21685 -0.19911
2 810 0.0595064 -0.106561
10 810 -0.137648 -0.158714
10 121 0.108278 -0.0975019
10 635 0.101986 -0.0950638
10 711 -0.0484654 -0.0222263
10 255 -0.118785 0.0444211
10 731 -0.0956069 0.0490005
10 258 -0.133577 0.0454232
10 736 -0.104896 0.0549023
2 811 0.0259617 0.113563
10 811 -0.0551628 0.0948883
2 812 -0.0269232 0.155106
10 812 -0.170691 0.1051
10 755 -0.122546 0.130142
11 788 -0.298896 -0.343241
11 682 -0.290908 -0.324254
11 30 0.275886 -0.31951
2 813 0.342121 -0.244032
11 813 0.218334 -0.28472
11 43 -0.272017 -0.292671
2 814 0.325557 -0.238871
11 814 0.205458 -0.27891
11 363 -0.246575 -0.285558
11 68 -0.242029 -0.256091
11 365 -0.236981 -0.249894
2 815 0.0327555 -0.159545
11 815 -0.141374 -0.218622
11 97 0.187562 -0.1372
11 548 -0.228269 -0.150473
11 376 -0.240212 -0.14883
11 132 -0.256389 -0.139856
11 151 -0.173744 -0.112168
11 698 0.0382299 -0.0653742
11 711 -0.00806298 -0.0274563
11 255 -0.069759 0.0452662
11 731 -0.0452748 0.049422
11 258 -0.085962 0.0461065
11 734 -0.0982399 0.0456611
11 263 -0.0590488 0.0553857
11 426 -0.0788718 0.0567795
11 589 -0.07731 0.0567677
11 272 -0.0849219 0.0568428
11 739 -0.0905751 0.0570298
11 590 -0.113794 0.0559148
11 795 -0.103099 0.0573567
11 592 -0.0764133 0.0702005
11 593 -0.0924523 0.0680631
11 288 -0.02319 0.0974496
11 746 -0.0182518 0.101909
11 604 -0.0379538 0.1121
11 438 -0.0510493 0.111498
11 752 -0.0823554 0.111745
11 315 -0.0519548 0.132699
11 316 -0.022461 0.140483
11 755 -0.0790488 0.133923
11 442 -0.0233648 0.155711
11 327 -0.0498483 0.152598
11 807 -0.0757406 0.151615
11 445 -0.0517396 0.170495
11 764 -0.0171676 0.198435
2 816 0.112357 0.243039
11 816 0.0118416 0.221468
2 817 0.0799242 0.273609
11 817 -0.0655732 0.232113
11 616 -0.0210178 0.249762
11 770 -0.0695069 0.243007
11 618 -0.0354532 0.252026
12 359 -0.235607 -0.335741
12 788 -0.228638 -0.327512
12 19 -0.217292 -0.316247
12 682 -0.220102 -0.308562
12 363 -0.174901 -0.268737
12 126 -0.0442404 -0.115485
12 132 -0.196979 -0.124135
12 791 0.0858246 -0.0930327
12 690 0.09248 -0.0841048
12 144 -0.117168 -0.103061
12 146 -0.125768 -0.100793
12 151 -0.107327 -0.0942575
2 818 0.0752319 -0.0541872
12 818 -0.00236342 -0.0862964
12 155 -0.123385 -0.0926115
2 819 0.174703 0.0039521
12 819 0.143914 -0.00612188
12 400 0.0753865 0.0255918
2 670 0.124898 0.0604768
12 224 0.0612043 0.0456566
12 227 0.0956026 0.0523983
12 233 0.0664656 0.0531438
12 731 0.0439428 0.0716093
12 735 -0.0281971 0.0660673
12 585 -0.0203592 0.0670873
12 736 0.0314309 0.0776248
12 478 0.0563492 0.0824696
12 263 0.0263542 0.0780673
12 264 0.0237405 0.0781479
12 590 -0.0271423 0.0773169
12 273 0.0633751 0.0969148
12 743 0.068236 0.101776
12 591 0.0042368 0.0908518
12 592 0.0102006 0.0918917
12 593 -0.0069562 0.0895948
12 595 0.0929493 0.117172
12 432 0.0737674 0.118276
12 745 -0.00581938 0.106575
12 288 0.0610845 0.119093
12 746 0.0659778 0.123101
12 747 -0.00111904 0.113108
12 604 0.046388 0.133442
12 438 0.0334983 0.132812
12 605 0.064064 0.144232
12 752 -1.51137e-05 0.132861
2 820 0.174448 0.16815
12 820 0.0956725 0.157647
12 316 0.0584664 0.161557
12 755 0.00179628 0.154889
12 442 0.0566454 0.176398
12 807 0.00387542 0.171935
12 445 0.0274498 0.191121
12 341 0.0737325 0.215208
12 611 0.0356216 0.221404
12 766 0.00387554 0.22254
12 787 0.0372038 0.249192
12 797 0.00723401 0.251733
2 821 0.478973 -0.400292
13 821 0.488991 -0.408789
13 448 0.200405 -0.365848
13 3 0.263073 -0.338683
13 352 -0.230774 -0.338444
13 353 -0.22627 -0.333676
2 822 -0.278436 -0.331324
13 822 -0.221758 -0.328519
2 823 -0.287673 -0.319391
13 823 -0.232534 -0.31956
13 788 -0.193951 -0.302563
13 19 -0.182545 -0.291977
13 681 -0.18091 -0.290649
13 682 -0.183837 -0.283509
13 34 0.384522 -0.258235
2 824 0.417763 -0.244774
13 824 0.23322 -0.277669
2 825 0.385089 -0.236747
13 825 0.218386 -0.266646
2 826 0.412341 -0.23274
13 826 0.234114 -0.264398
2 827 -0.153829 -0.202701
13 827 -0.128201 -0.213837
13 84 -0.0652627 -0.184119
13 97 0.30167 -0.109364
13 102 0.0524693 -0.123492
13 373 -0.128535 -0.115478
13 115 -0.14316 -0.112213
13 376 -0.148926 -0.110985
13 124 0.00689675 -0.0975272
13 121 0.263834 -0.0718015
13 635 0.257758 -0.0692093
13 123 0.290968 -0.0675561
2 828 0.262736 -0.0761165
13 828 0.277077 -0.0694871
13 690 0.141214 -0.0712684
13 692 0.201233 -0.05431
13 775 0.23246 -0.0536695
13 818 0.051641 -0.0694208
13 385 -0.0273859 -0.0665536
2 158 -0.0760929 -0.0457917
13 802 -0.104814 -0.0664231
2 829 -0.0936954 -0.0401997
13 829 -0.0569237 -0.0549432
13 777 0.0719526 -0.0345111
13 706 0.0835066 -0.00783449
13 707 0.103496 -0.00627175
13 721 -0.084818 0.0211866
13 223 0.0545832 0.0396708
13 240 0.024161 0.0717742
13 245 0.0573005 0.0610338
2 830 0.0640112 0.0908548
13 830 -0.0297643 0.051426
13 576 0.108104 0.0783849
13 731 0.108445 0.0843771
13 628 0.142178 0.0929314
13 478 0.117183 0.0942565
13 737 0.126897 0.0952341
13 426 0.0704302 0.0930744
13 272 0.0645081 0.093508
13 590 0.0350993 0.0927699
13 273 0.124254 0.108492
13 743 0.129324 0.11259
13 592 0.071456 0.105429
13 593 0.0551208 0.104036
13 745 0.0556495 0.120616
13 288 0.121386 0.130025
13 746 0.126058 0.133608
13 747 0.060267 0.126789
13 604 0.107934 0.144574
13 749 0.0560939 0.14097
2 831 -0.0149002 0.159847
13 831 0.019848 0.149927
13 752 0.0610415 0.146083
13 317 0.021586 0.166895
13 607 0.156784 0.17651
13 754 0.0448262 0.159763
13 755 0.0618088 0.167427
13 807 0.0629326 0.184289
13 609 0.0800431 0.202349
13 341 0.129442 0.22272
13 611 0.0945827 0.230627
13 816 0.0861186 0.232064
13 766 0.0609169 0.233537
13 787 0.0943673 0.257672
14 448 0.228241 -0.352197
14 1 -0.189221 -0.318391
14 352 -0.172779 -0.305035
14 354 -0.164968 -0.298187
14 356 -0.156841 -0.291472
14 359 -0.143388 -0.279913
14 69 -0.0287767 -0.186299
14 77 -0.0103349 -0.171923
2 832 0.0119133 -0.162834
14 832 0.0847016 -0.156255
14 98 0.0524024 -0.11732
14 376 -0.0918607 -0.0850665
14 687 0.0889567 -0.084768
14 132 -0.111297 -0.0750949
2 384 -0.0733561 -0.064501
14 692 0.25449 -0.0511352
2 833 0.113397 -0.0564152
14 833 0.1791 -0.0558819
14 693 0.257877 -0.0465518
14 802 -0.0350856 -0.0430716
14 179 0.305007 -0.00304953
14 396 0.29744 0.0136562
2 834 -0.0605776 0.0259039
14 834 0.0189648 0.0219008
14 225 0.162179 0.0548398
14 226 -0.0047869 0.0584273
14 573 0.0130983 0.0747962
14 264 0.190091 0.100864
14 588 0.248808 0.106821
14 427 0.272044 0.12248
14 278 0.0214917 0.122369
14 597 0.264355 0.142642
14 749 0.153461 0.150047
14 607 0.248344 0.181337
14 442 0.209505 0.192438
14 757 0.154285 0.190234
14 759 0.154112 0.214598
14 760 0.240695 0.223582
14 766 0.154535 0.244431
14 614 0.204745 0.259573
14 617 0.151829 0.285789
3 835 -0.290762 -0.305731
4 835 -0.304512 -0.292326
3 836 -0.257486 -0.27798
4 836 -0.272728 -0.265419
4 621 -0.0588735 -0.226877
3 837 -0.0384819 -0.228587
4 837 -0.05172 -0.218462
3 838 -0.034108 -0.220477
4 838 -0.0481293 -0.211065
4 684 -0.0313399 -0.186307
3 546 -0.161652 -0.179147
4 73 -0.152185 -0.168697
3 839 -0.00355004 -0.175399
4 839 -0.0217244 -0.166015
3 79 -0.124065 -0.158593
3 84 -0.107073 -0.155666
3 840 -0.0118142 -0.131012
4 840 -0.0465101 -0.122203
3 841 -0.00453881 -0.117198
4 841 -0.03889 -0.108609
4 98 -0.0716468 -0.10187
3 842 0.00193009 -0.103481
4 842 -0.0307394 -0.0953858
3 843 0.00882013 -0.103524
4 843 -0.0147442 -0.0951086
3 844 0.00966725 -0.0905337
4 844 -0.0227105 -0.0820964
3 376 -0.20945 -0.0786471
3 845 0.126105 -0.0705433
4 845 0.0965732 -0.0612716
4 689 0.190134 -0.0479148
3 846 0.00546359 -0.0558733
4 846 -0.0199261 -0.0487828
3 847 0.0836146 -0.0539577
4 847 0.0426564 -0.0453348
3 848 0.0313218 -0.0522401
4 848 0.00177601 -0.0445364
3 849 0.0489636 -0.0511326
4 849 0.0134452 -0.0429249
4 383 0.229698 -0.0400847
4 384 -0.102295 -0.0439036
3 850 0.0556999 -0.0469291
4 850 0.0186517 -0.0387151
3 775 0.191482 -0.0446323
3 851 0.186324 -0.0413395
4 851 0.167664 -0.0319332
3 852 0.124365 -0.0361094
4 852 0.113512 -0.0268991
4 386 -0.0790208 -0.0305932
3 776 0.138749 -0.0350641
3 853 0.180105 -0.0354269
4 853 0.159698 -0.0252742
3 854 0.136717 -0.0337489
4 854 0.123979 -0.0250103
3 855 -0.140795 -0.0334832
4 855 -0.162347 -0.0290775
3 856 0.173635 -0.0302235
4 856 0.153807 -0.0206259
3 857 -0.0526741 -0.0290326
4 857 -0.0714073 -0.0237218
3 858 -0.106065 -0.0267032
4 858 -0.119781 -0.0223045
3 859 -0.00828857 -0.0267646
4 859 -0.0472697 -0.0202755
3 860 -0.04325 -0.0250718
4 860 -0.0651484 -0.0198602
4 175 -0.0238027 -0.0173966
3 861 0.0699243 -0.0234861
4 861 0.0415404 -0.0154461
4 550 0.113044 -0.0152363
3 862 0.165073 -0.0240244
4 862 0.144932 -0.0148116
3 863 0.0899646 -0.0197335
4 863 0.0642295 -0.0122022
4 168 0.22095 -0.0052286
4 174 0.203839 -0.00378535
3 777 0.0503114 -0.010455
3 864 0.243722 -0.0110354
4 864 0.214487 0.000420412
4 180 -0.0901306 0.00272675
4 701 0.20047 0.00980766
3 865 -0.121436 0.000793188
4 865 -0.147016 0.00359957
3 866 0.181472 0.00166299
4 866 0.162128 0.0118581
3 867 -0.0622112 0.0023592
4 867 -0.0779813 0.00706223
3 778 -0.0510646 0.00301371
4 704 -0.0562523 0.00885973
4 179 0.181549 0.0143212
4 705 0.0935018 0.0151843
3 868 -0.07934 0.00807067
4 868 -0.0913077 0.0118469
3 869 0.0334862 0.00954235
4 869 0.00681113 0.0163811
4 196 -0.0699542 0.0175176
3 870 -0.0632588 0.0131127
4 870 -0.0821375 0.017615
4 710 0.0348619 0.0199141
4 187 0.174022 0.0258239
4 199 -0.0630873 0.0242989
3 871 0.0406164 0.0263985
4 871 0.0106231 0.0330603
3 872 0.140405 0.0278795
4 872 0.116432 0.0361808
3 873 -0.0141117 0.0304759
4 873 -0.0624146 0.0362561
3 874 -0.141499 0.0307869
4 874 -0.189589 0.032696
3 875 -0.0713109 0.0307457
4 875 -0.0919551 0.0341936
4 205 -0.0792149 0.0356146
3 782 -0.0792526 0.0325058
3 876 -0.145084 0.0328779
4 876 -0.192076 0.0345091
4 715 -0.22082 0.0377802
4 206 0.184748 0.0529783
3 877 -0.151079 0.0428711
4 877 -0.200664 0.0438478
4 717 -0.217619 0.0513354
4 208 0.176779 0.060028
3 558 0.221761 0.0522957
3 878 0.186906 0.0567882
4 878 0.156264 0.0662149
4 457 0.0304073 0.0729043
3 879 -0.221049 0.0681812
4 879 -0.271474 0.0669683
3 880 0.178228 0.0686583
4 880 0.141587 0.0789743
4 722 -0.253774 0.0685107
3 881 0.0848593 0.071572
4 881 0.0529397 0.0784855
3 882 0.027764 0.0728631
4 882 -0.0240357 0.0781876
4 723 0.0119765 0.079746
4 402 0.156882 0.0834953
4 232 -0.116491 0.0836339
4 422 -0.290751 0.0816364
3 883 0.206157 0.0852212
4 883 0.17776 0.0963089
4 570 -0.097558 0.0892476
3 783 0.193139 0.0862769
4 725 0.00170419 0.0954054
4 727 -0.045701 0.097528
3 884 0.179944 0.0954833
4 884 0.135053 0.105384
3 885 -0.101934 0.0975865
4 885 -0.124619 0.0985915
4 461 -0.0876537 0.104378
4 409 0.10754 0.111086
3 576 0.112724 0.105649
3 886 0.0270522 0.106999
4 886 -0.0217727 0.1119
3 887 0.0305041 0.106851
4 887 -0.015978 0.112038
3 888 0.0369564 0.106878
4 888 -0.00665183 0.112085
3 889 0.111048 0.106335
4 889 0.0676534 0.113926
4 249 0.0987175 0.114981
4 462 -0.0949436 0.11197
3 890 0.149588 0.114165
4 890 0.110158 0.122372
3 733 0.076237 0.114711
4 628 0.10534 0.124309
3 584 0.0413374 0.116991
3 891 0.00737329 0.118972
4 891 -0.054796 0.122398
4 267 0.0505044 0.128873
3 892 0.0366401 0.125479
4 892 -0.00495448 0.130119
4 740 0.0338803 0.131352
3 739 0.0693459 0.126854
3 893 0.148879 0.126643
4 893 0.108625 0.1357
4 590 0.00258253 0.132337
3 894 0.0667736 0.136826
4 894 0.0278477 0.142676
3 895 0.0185621 0.138334
4 895 -0.0196779 0.142522
3 896 -0.0857154 0.147255
4 896 -0.104915 0.148268
4 745 0.0235495 0.156554
4 598 0.140463 0.16529
3 897 0.024427 0.163714
4 897 -0.0127547 0.167595
4 749 0.0237118 0.1757
3 898 0.165812 0.174746
4 898 0.135297 0.183797
3 899 0.0496977 0.177731
4 899 0.0122394 0.182335
3 900 0.148342 0.179709
4 900 0.11543 0.187774
3 901 0.142867 0.182161
4 901 0.110224 0.189997
3 902 0.0250204 0.184309
4 902 -0.0114898 0.187863
4 753 0.103987 0.192272
4 315 0.0579274 0.195838
3 903 0.122742 0.194389
4 903 0.087699 0.201307
4 755 0.029376 0.200357
3 904 0.109205 0.196459
4 904 0.0730382 0.202672
3 905 0.0120867 0.198017
4 905 -0.0270378 0.200537
4 756 0.134325 0.206661
3 906 0.0238231 0.199162
4 906 -0.0120025 0.202353
3 907 0.156412 0.20433
4 907 0.127621 0.21252
4 757 0.0259945 0.212758
4 327 0.0561691 0.212991
3 908 0.0159344 0.210198
4 908 -0.0193825 0.212633
4 759 0.026442 0.234228
4 762 0.0266122 0.235552
4 761 0.0350092 0.237202
4 760 0.119238 0.240839
3 480 -0.0131061 0.235544
4 466 -0.0300688 0.239644
4 764 0.0315492 0.243315
4 344 0.0689924 0.252194
3 909 0.0941328 0.250149
4 909 0.0612171 0.25585
4 611 0.0597733 0.25668
4 765 0.107383 0.26245
3 786 0.0272689 0.256556
4 766 0.0279043 0.262768
4 346 0.0947643 0.267815
3 910 0.0657269 0.265613
4 910 0.0334714 0.270202
4 614 0.0780431 0.275571
3 911 0.0595905 0.284576
4 911 0.0292546 0.288722
4 616 0.068968 0.29673
4 770 0.0207459 0.298306
3 912 0.0563555 0.296448
4 912 0.02705 0.300153
5 5 -0.1181 -0.313972
3 913 -0.293532 -0.307864
5 913 -0.3144 -0.308609
5 680 -0.0937619 -0.284591
5 17 -0.0948978 -0.268125
5 20 -0.080433 -0.263998
5 26 -0.0767124 -0.256151
5 25 -0.0902666 -0.252944
5 449 -0.0711378 -0.249199
3 914 0.0626401 -0.174735
5 914 -0.001272 -0.177515
3 915 0.206382 -0.130688
5 915 0.141488 -0.12985
5 843 -0.0351804 -0.110426
3 916 0.151997 -0.0939191
5 916 0.090036 -0.0960368
3 917 0.15881 -0.0862045
5 917 0.0965575 -0.087575
5 119 -0.174528 -0.0925194
3 379 -0.141654 -0.0750433
5 120 -0.157365 -0.0864908
5 845 0.0681877 -0.0744756
5 131 -0.0674028 -0.0761651
5 128 -0.0558142 -0.0769549
5 137 -0.133017 -0.0727063
5 689 0.16897 -0.0578766
5 690 0.0614079 -0.0547705
5 850 -0.0161771 -0.0539058
5 623 -0.108051 -0.05789
5 851 0.146519 -0.0425106
5 385 -0.102595 -0.0531427
5 852 0.103168 -0.0388906
5 776 0.112057 -0.0374401
5 858 -0.130241 -0.0410566
5 861 0.0145208 -0.0301411
5 863 0.0306996 -0.0264252
3 793 0.0548373 -0.0161922
5 864 0.182507 -0.00963183
5 865 -0.168187 -0.01846
5 193 -0.0788874 -0.0051041
3 918 -0.0836065 0.00861791
5 918 -0.108486 -0.00735183
5 869 -0.0179063 0.000147413
3 919 -0.122626 0.0158284
5 919 -0.158029 -0.00246115
3 920 0.0560303 0.0160621
5 920 0.000870375 0.00742247
3 921 -0.00805944 0.0299839
5 921 -0.100529 0.0151401
5 714 0.00994631 0.0247996
3 922 -0.0947087 0.0388211
5 922 -0.132127 0.0207392
5 877 -0.242821 0.0184022
5 878 0.124614 0.0535502
5 457 -0.00698741 0.0554632
3 923 0.0575557 0.0729093
5 923 -0.0188728 0.0603258
5 402 0.121324 0.0700017
5 883 0.138401 0.0828733
5 725 -0.0338013 0.0762215
5 238 0.0237269 0.0841367
5 884 0.0900337 0.0897818
3 575 0.123136 0.102605
5 888 -0.0419202 0.0919095
5 889 0.0275544 0.0963871
5 255 0.00998735 0.0996308
5 733 -0.00703828 0.101969
3 736 0.107633 0.11925
5 892 -0.0457389 0.109037
3 924 0.0407523 0.126494
5 924 -0.0410356 0.11072
3 925 0.116047 0.134894
5 925 0.0356539 0.124622
5 894 -0.0114262 0.123395
5 600 0.0786386 0.153323
5 897 -0.0523278 0.145315
5 750 -0.0341561 0.156189
5 898 0.10308 0.169244
3 926 0.149032 0.179278
5 926 0.0827983 0.171326
3 927 0.0323635 0.186754
5 927 -0.0395411 0.16864
5 903 0.0516242 0.183583
5 904 0.0370018 0.184585
5 905 -0.0601952 0.177888
5 906 -0.0440887 0.180807
5 907 0.0965447 0.19725
5 908 -0.051817 0.190218
5 760 0.0898575 0.224893
5 466 -0.0578102 0.217004
5 765 0.0787321 0.24555
5 786 -0.032545 0.237313
5 346 0.0659837 0.24978
5 349 -0.0472517 0.243921
5 350 -0.0417561 0.249401
3 928 0.0643476 0.29141
5 928 0.00349706 0.274477
5 912 -0.00249673 0.278679
3 929 0.44636 -0.383149
6 929 0.394155 -0.36943
3 930 0.200081 -0.327259
6 930 0.197991 -0.314466
6 835 -0.276839 -0.304378
6 362 0.331351 -0.245823
3 931 0.374919 -0.256196
6 931 0.324472 -0.238535
3 932 0.347763 -0.241742
6 932 0.29699 -0.224049
3 933 0.335837 -0.236712
6 933 0.285163 -0.219469
6 56 -0.181322 -0.205518
6 70 -0.189598 -0.192823
6 67 -0.0395361 -0.180822
6 376 -0.199626 -0.0974492
6 845 0.0735009 -0.0663598
3 934 0.213941 -0.0614629
6 934 0.18594 -0.0467354
6 690 0.0653736 -0.0473402
6 146 -0.144293 -0.0663977
6 145 0.0493765 -0.0472246
6 692 0.140696 -0.03733
3 935 0.145258 -0.0411466
6 935 0.135632 -0.0309944
6 155 -0.141652 -0.0571463
3 936 0.0987632 -0.0251975
6 936 0.0492959 -0.0244087
6 863 0.0348183 -0.020547
3 937 0.0754109 -0.00856471
6 937 0.0301671 -0.0105339
6 700 0.0438566 -0.00391211
6 869 -0.0128872 0.00293287
6 871 -0.0131743 0.0193869
3 646 0.065838 0.0335903
6 714 0.016149 0.0299003
6 715 -0.257814 0.000328873
6 718 -0.29527 0.0141954
6 878 0.123737 0.0649232
6 212 0.131741 0.0673109
6 565 -0.141816 0.0407189
6 879 -0.323112 0.0273079
6 724 -0.0369262 0.0626077
6 404 0.0654243 0.0775046
6 227 0.0709049 0.0874046
6 889 0.0196693 0.100408
6 733 -0.0178329 0.103718
6 734 -0.0248219 0.103861
6 259 0.039072 0.115673
6 267 -0.00264901 0.11328
6 924 -0.0494547 0.110479
6 741 -0.0264419 0.114491
6 429 -0.0108423 0.124329
6 593 -0.0244243 0.122791
6 894 -0.0203316 0.124697
6 895 -0.0614151 0.120018
6 595 0.0717041 0.144268
6 631 0.0515686 0.147052
6 746 0.0449554 0.151608
6 600 0.0717487 0.161738
6 897 -0.0558325 0.144945
6 438 0.0167579 0.161362
6 750 -0.0404064 0.15596
6 605 0.0440063 0.170696
6 752 -0.0170081 0.161876
6 753 0.0642228 0.183152
6 754 -0.0328729 0.175317
6 316 0.0393197 0.186802
6 903 0.0434911 0.189811
6 905 -0.0653231 0.175908
3 938 0.0221044 0.198664
6 938 -0.0543192 0.177845
6 906 -0.0476896 0.180691
6 324 0.0630219 0.204609
6 336 0.128679 0.232112
6 445 0.0104753 0.214517
6 466 -0.0597959 0.215178
6 341 0.0560427 0.233948
6 764 -0.00922722 0.224528
6 345 -0.0544514 0.22112
6 909 0.0212445 0.240903
3 939 0.0799606 0.255413
6 939 0.00562631 0.244027
6 786 -0.0316925 0.238655
6 910 -0.00557651 0.251978
6 614 0.0404768 0.263434
6 350 -0.0440769 0.248772
6 615 0.0289328 0.264084
6 911 -0.00657492 0.269621
6 928 -0.00153159 0.277472
6 770 -0.0125802 0.278312
7 929 0.339581 -0.367506
3 353 -0.296383 -0.310352
7 44 -0.226391 -0.221201
7 70 -0.225531 -0.187614
7 79 -0.178534 -0.161828
7 917 0.0559264 -0.0724732
7 689 0.144166 -0.0377866
7 692 0.110346 -0.0315803
7 693 0.111592 -0.02543
7 935 0.104693 -0.0249368
7 696 -0.186618 -0.0403828
7 869 -0.0504944 0.00795905
7 709 -0.0229301 0.0160405
7 871 -0.0535698 0.0245078
7 713 -0.0667109 0.0229193
7 879 -0.359924 0.0228289
7 572 -0.026116 0.0950677
7 575 -0.022951 0.105489
7 576 -0.0281857 0.106359
7 888 -0.109355 0.0955844
7 249 -0.00444716 0.112122
7 734 -0.0793999 0.108883
7 586 -0.00461287 0.122391
7 739 -0.0706337 0.119811
7 741 -0.0754984 0.12005
7 429 -0.0626499 0.129292
7 925 -0.0281996 0.134835
7 894 -0.0676819 0.13026
7 895 -0.106722 0.124804
7 897 -0.101718 0.149567
7 604 -0.0200284 0.168897
7 750 -0.084883 0.161259
7 904 -0.0179222 0.196556
7 905 -0.10857 0.180743
7 906 -0.0933309 0.183997
7 442 -0.0061628 0.206982
7 327 -0.0320034 0.203935
3 940 0.10419 0.245187
7 940 -0.0132616 0.244759
7 766 -0.0511765 0.249937
7 614 0.000766661 0.270454
7 350 -0.080939 0.254215
7 911 -0.0453799 0.276013
7 770 -0.0497035 0.284325
7 912 -0.0433856 0.288
8 448 0.121544 -0.353813
8 1 -0.327788 -0.319328
3 653 -0.30153 -0.315379
8 363 -0.237669 -0.222366
8 451 -0.1559 -0.162956
3 941 0.0459023 -0.121209
8 941 -0.103607 -0.125144
8 97 0.178251 -0.0844186
8 111 -0.205573 -0.101921
8 117 -0.126137 -0.0904381
8 687 -0.159164 -0.0834953
8 121 0.14572 -0.0478866
8 934 0.139065 -0.0452126
8 146 -0.177068 -0.0687306
8 777 -0.0524433 -0.014643
8 869 -0.0639402 0.00329181
8 919 -0.20106 -0.0098233
8 871 -0.0703452 0.0191778
8 879 -0.38666 0.01376
8 572 -0.0477197 0.0897839
8 238 -0.0588388 0.0895243
8 576 -0.0552539 0.101033
8 731 -0.056817 0.107366
8 733 -0.0930142 0.103516
8 739 -0.0970062 0.114027
8 593 -0.0978973 0.122898
8 894 -0.0932384 0.124812
8 288 -0.0311542 0.150777
8 747 -0.0897278 0.144247
8 897 -0.122174 0.143714
8 604 -0.045108 0.164269
8 750 -0.10567 0.15582
8 752 -0.0858503 0.162465
8 316 -0.0276596 0.190058
8 903 -0.0232306 0.193292
8 755 -0.0812296 0.182581
8 906 -0.108497 0.179959
8 442 -0.0274804 0.20378
8 445 -0.0535891 0.216988
8 764 -0.0701089 0.226346
8 615 0.0201373 0.275407
8 911 -0.0609129 0.27197
8 770 -0.0626662 0.280514
8 912 -0.05667 0.284306
9 929 0.264519 -0.383409
9 930 0.121161 -0.318596
9 653 -0.35028 -0.307607
9 35 -0.282306 -0.240092
9 373 -0.236449 -0.10201
9 114 -0.226073 -0.0994379
9 777 -0.0893284 -0.0127104
9 706 -0.0715296 0.0139982
9 709 -0.072437 0.0142909
9 871 -0.107073 0.0216831
9 879 -0.419359 0.00947236
9 736 -0.107383 0.115649
9 589 -0.121342 0.116589
9 426 -0.124709 0.116638
9 740 -0.132954 0.116711
9 739 -0.137812 0.116762
9 741 -0.142109 0.117075
9 604 -0.0855242 0.168038
9 465 -0.153109 0.179975
9 442 -0.0664203 0.20758
9 445 -0.0927535 0.220459
9 609 -0.0993927 0.220306
9 911 -0.0984761 0.27578
9 912 -0.0942665 0.287753
10 913 -0.354463 -0.359644
10 931 0.211565 -0.312665
10 27 -0.318801 -0.313076
10 81 -0.239124 -0.223925
10 79 -0.229216 -0.222676
10 117 -0.166752 -0.143746
10 119 -0.231274 -0.145758
10 132 -0.280357 -0.138901
10 196 -0.124879 -0.0454312
10 878 0.0227957 0.0139378
3 942 -0.0978251 0.0908341
10 942 -0.220083 0.0242467
10 589 -0.124344 0.0557123
10 426 -0.126512 0.0557779
10 740 -0.133124 0.0558836
10 739 -0.138168 0.0562316
3 943 0.0619523 0.128103
10 943 -0.143744 0.0567553
10 925 -0.0904756 0.0737935
10 593 -0.138394 0.0666336
10 288 -0.0705741 0.0953772
10 746 -0.0656114 0.0995648
10 604 -0.0852505 0.109639
10 438 -0.101802 0.107516
10 750 -0.147539 0.102725
10 605 -0.064871 0.11992
10 752 -0.126951 0.108887
10 902 -0.161568 0.109974
10 903 -0.0633559 0.140715
10 323 -0.0903229 0.141183
10 442 -0.0674986 0.151389
10 327 -0.0926608 0.148401
10 445 -0.0949205 0.165568
10 609 -0.101489 0.165498
10 911 -0.103973 0.225106
10 770 -0.105717 0.235217
10 912 -0.100819 0.238237
11 35 -0.257677 -0.304076
11 44 -0.241149 -0.288309
11 49 -0.263528 -0.282604
11 119 -0.20869 -0.149383
3 944 0.11973 -0.073467
11 944 0.0208587 -0.125016
11 934 0.144856 -0.0951239
11 696 -0.204178 -0.0993478
11 861 -0.0318548 -0.0794828
3 945 0.149855 -0.0152705
11 945 0.0703874 -0.0551757
11 777 -0.0506563 -0.0680934
11 706 -0.0346742 -0.0396953
11 920 -0.0379834 -0.0389363
11 714 -0.0346201 -0.0185958
11 224 -0.0261175 0.023903
11 406 -0.0298794 0.033403
11 415 -0.0565845 0.0445105
11 249 -0.0205944 0.0501028
11 259 -0.0348591 0.060071
11 586 -0.0209218 0.0616455
11 589 -0.074476 0.0567104
11 273 -0.0225806 0.0756141
11 743 -0.0176421 0.0801368
11 894 -0.0875468 0.0703844
11 631 -0.00729022 0.097375
11 748 -0.0231968 0.116261
11 750 -0.106298 0.105403
11 605 -0.0186716 0.123481
11 902 -0.119304 0.114132
11 632 -0.0101306 0.139177
3 315 0.0966499 0.189523
11 754 -0.100084 0.125172
11 323 -0.0457582 0.145087
11 939 0.000940513 0.222766
11 349 -0.107363 0.203588
11 614 -0.0165857 0.227328
11 928 -0.0598713 0.24177
11 912 -0.0630139 0.246783
12 448 0.183625 -0.381172
12 930 0.236699 -0.354231
12 2 -0.267626 -0.368836
3 946 -0.282228 -0.276014
12 946 -0.251802 -0.327619
12 35 -0.188032 -0.288699
3 64 -0.178508 -0.187801
12 66 -0.156619 -0.239508
12 70 -0.167952 -0.236821
3 947 0.0761032 -0.179745
12 947 0.0464484 -0.222769
12 914 0.0335958 -0.218842
12 83 -0.0093739 -0.192836
12 97 0.264755 -0.116951
3 948 0.0930781 -0.0863754
12 948 0.0175484 -0.138455
12 917 0.130974 -0.117541
12 120 -0.130926 -0.127467
12 934 0.21992 -0.0763478
12 123 0.253391 -0.0739591
3 949 0.0676351 -0.0573084
12 949 0.0244313 -0.100709
12 163 -0.128362 -0.0875484
12 696 -0.13487 -0.0810973
12 861 0.0460195 -0.0604009
12 777 0.0258376 -0.0488506
12 864 0.217181 -0.0278583
12 700 0.0684468 -0.0339054
12 710 0.0409457 -0.0218348
3 819 0.158198 0.0143803
12 878 0.151321 0.0353678
12 216 0.0907835 0.0263193
12 724 -0.0182968 0.0254324
12 404 0.0898244 0.0434559
12 733 0.000398313 0.0681252
12 267 0.018173 0.0782742
12 589 0.0105981 0.0785136
12 739 -0.00417482 0.0794416
12 742 -0.0153275 0.0794362
12 592 0.0143118 0.0925903
12 925 0.0459975 0.0975982
12 894 -0.00205191 0.0918097
12 748 0.0599554 0.137561
3 950 0.0182563 0.182388
12 950 -0.0469453 0.131354
12 902 -0.0370875 0.136161
12 753 0.0840476 0.15966
12 754 -0.0170908 0.14614
12 903 0.0629183 0.165221
12 904 0.0469458 0.164891
12 906 -0.0397044 0.151034
12 323 0.0358227 0.165991
12 908 -0.0383449 0.164072
12 609 0.0202572 0.191171
3 951 0.114743 0.241916
12 951 0.0593626 0.218451
12 909 0.0370084 0.220907
12 939 0.0200771 0.222971
12 349 -0.0380296 0.222119
12 614 0.057303 0.246628
12 616 0.0497211 0.268716
13 11 -0.209608 -0.317294
13 680 -0.00920714 -0.293825
13 17 -0.0109917 -0.279133
13 25 -0.00649819 -0.264444
13 449 0.0122015 -0.260523
13 33 -0.00146506 -0.253966
3 952 -0.0249893 -0.211186
13 952 0.0307276 -0.228305
3 953 0.376212 -0.211619
13 953 0.253721 -0.274613
3 954 0.411398 -0.198981
13 954 0.2929 -0.259827
3 955 0.212855 -0.151582
13 955 0.238764 -0.168593
13 915 0.228551 -0.148324
13 843 0.043192 -0.126659
3 956 0.160951 -0.100931
13 956 0.182471 -0.1192
3 957 0.130564 -0.086513
13 957 0.147608 -0.107793
13 120 -0.0807438 -0.10165
13 132 -0.166402 -0.102647
13 130 -0.0747122 -0.097558
13 128 0.0210244 -0.0929001
13 133 -0.0632433 -0.0923868
13 137 -0.0564545 -0.0870311
13 689 0.252568 -0.0660877
13 136 0.284621 -0.0605722
13 146 -0.0892694 -0.0819351
13 693 0.203861 -0.0488678
13 935 0.19661 -0.0478886
13 155 -0.0847605 -0.0731877
13 776 0.190137 -0.0422324
13 175 0.0160584 -0.0603046
3 958 0.0351659 -0.024985
13 958 0.0471019 -0.0540307
3 959 0.189254 -0.00402912
13 959 0.221942 -0.0136407
13 701 0.251431 -0.0118473
13 920 0.0796944 -0.00709612
13 456 -0.0385713 0.0018535
13 878 0.203098 0.0436095
13 212 0.212123 0.0458375
13 563 -0.0664779 0.0213456
13 564 -0.0321555 0.0143209
13 457 0.0670191 0.0361054
13 566 -0.0689682 0.028767
13 402 0.199311 0.0588276
13 567 -0.038822 0.0236732
13 226 -0.0871141 0.0353582
13 229 -0.0787907 0.037158
13 232 -0.0724263 0.0400136
13 725 0.0381305 0.0578779
13 888 0.029925 0.0725771
13 264 0.0860777 0.0918956
13 588 0.159293 0.10492
13 924 0.0274155 0.0899842
13 739 0.0615459 0.0940732
13 592 0.0762055 0.105607
13 894 0.0599186 0.10628
13 598 0.181548 0.144974
13 750 0.0332083 0.140631
13 899 0.0449861 0.147376
13 926 0.15507 0.164701
3 960 0.0572327 0.180982
13 960 0.0519211 0.150748
13 905 0.00672806 0.163026
13 327 0.0906407 0.184333
13 761 0.0670933 0.205849
13 764 0.0644462 0.213655
13 345 0.0127957 0.212604
13 940 0.106798 0.227445
13 344 0.104037 0.227463
13 786 0.031057 0.22843
13 768 0.00982326 0.234155
13 910 0.0663222 0.24344
13 614 0.112852 0.254325
13 615 0.102556 0.255275
13 928 0.0677507 0.27035
13 912 0.0616286 0.275466
14 619 -0.17839 -0.310491
14 11 -0.15204 -0.28719
14 680 0.0279209 -0.271994
14 20 0.0445244 -0.25285
14 28 -0.1152 -0.251373
14 449 0.056076 -0.240402
14 37 -0.0905553 -0.2363
3 961 -0.0784271 -0.232783
14 961 0.0181963 -0.24518
14 837 0.067653 -0.226934
14 76 -0.0642022 -0.184513
14 72 0.0741636 -0.178513
14 914 0.156158 -0.187399
14 367 -0.0440834 -0.177269
14 94 0.0371758 -0.130345
3 962 0.0359466 -0.0955162
14 962 0.134116 -0.106305
3 963 0.00772385 -0.0739157
14 963 0.102357 -0.0906775
14 623 0.0274901 -0.0532029
14 852 0.22986 -0.0374981
3 964 -0.0949277 -0.0284836
14 964 0.0116321 -0.0357936
3 965 0.215055 0.0132432
14 965 0.313129 0.00172434
3 834 -0.0772484 0.0408291
3 966 -0.0787068 0.0645095
14 966 0.0165118 0.0442153
3 967 0.0363497 0.0660071
14 967 0.127966 0.0447961
3 968 0.208376 0.0989103
14 968 0.310453 0.0928226
14 423 0.0437794 0.0935332
14 585 0.144134 0.0928507
3 969 -0.00126192 0.145958
14 969 0.0768057 0.106282
14 631 0.231218 0.131246
14 747 0.157633 0.137777
14 598 0.269228 0.145159
3 970 0.175594 0.167288
14 970 0.274821 0.159473
14 748 0.214687 0.15319
3 971 0.170078 0.171584
14 971 0.268143 0.162184
14 900 0.242862 0.167684
3 972 0.151774 0.196926
14 972 0.249987 0.190009
14 334 0.336827 0.19846
3 760 0.144008 0.23093
14 764 0.158842 0.224161
14 951 0.20941 0.231753
14 349 0.104392 0.251739
14 910 0.159754 0.25401
14 350 0.110144 0.257515
5 1 -0.337527 -0.329501
5 7 -0.114155 -0.310672
4 913 -0.306389 -0.293856
5 544 -0.110128 -0.306344
4 973 -0.29024 -0.280442
5 973 -0.300084 -0.296052
5 10 -0.100164 -0.293943
5 357 -0.313505 -0.294891
4 789 0.332472 -0.234891
4 974 -0.121679 -0.22151
5 974 -0.158034 -0.235999
5 837 -0.0611265 -0.232682
4 975 -0.113859 -0.214337
5 975 -0.149624 -0.228619
4 976 0.193848 -0.209492
5 976 0.113428 -0.221004
4 977 -0.0396531 -0.201117
5 977 -0.0513218 -0.21567
4 978 -0.101332 -0.19991
5 978 -0.136776 -0.214964
5 684 -0.04483 -0.200996
5 68 -0.21284 -0.193193
4 914 0.0291777 -0.163857
4 979 0.191894 -0.144991
5 979 0.1609 -0.156158
4 980 -0.111586 -0.133539
5 980 -0.128055 -0.149588
5 772 0.158916 -0.144847
4 981 0.10684 -0.12909
5 981 0.0479029 -0.14251
5 94 -0.104645 -0.130385
5 371 -0.0972208 -0.1224
4 982 0.157483 -0.104286
5 982 0.126346 -0.116113
4 983 -0.0825658 -0.101178
5 983 -0.10128 -0.117873
5 372 -0.0803763 -0.0990234
5 111 -0.206888 -0.0993568
4 984 -0.0647121 -0.075021
5 984 -0.0858833 -0.0918666
4 917 0.127141 -0.0749857
4 985 -0.0407615 -0.0746064
5 985 -0.0602297 -0.0910758
4 986 -0.0332126 -0.0704553
5 986 -0.0533268 -0.0860788
4 987 0.082647 -0.0691888
5 987 0.0447908 -0.0827207
4 988 -0.0048114 -0.0671162
5 988 -0.027251 -0.0827478
4 989 -0.138975 -0.0637294
5 989 -0.150769 -0.0825705
4 990 0.10796 -0.0579356
5 990 0.0785972 -0.0711745
4 791 0.0811903 -0.0511587
4 991 0.213888 -0.0500929
5 991 0.192483 -0.0615726
5 846 -0.0436537 -0.0656658
4 992 0.0267018 -0.0494245
5 992 -0.0115411 -0.0646293
4 993 0.0649796 -0.049424
5 993 0.0260513 -0.0648342
5 847 0.00328173 -0.0602881
4 994 0.000560476 -0.0308155
5 994 -0.0352912 -0.0469337
4 851 0.165764 -0.0306179
5 855 -0.179521 -0.0488803
4 995 0.211172 -0.0265743
5 995 0.18532 -0.0378241
4 996 -0.150591 -0.0205885
5 996 -0.168739 -0.0409517
4 997 -0.00787471 -0.0167984
5 997 -0.0465159 -0.0342138
5 550 0.100538 -0.0280795
5 168 0.191411 -0.0156736
4 998 0.00206663 -0.00360202
5 998 -0.0226781 -0.019634
5 174 0.175235 -0.015927
4 999 0.00977961 -0.0026576
5 999 -0.015952 -0.0188159
5 178 -0.108349 -0.0199657
4 918 -0.0980221 0.0114387
4 1000 -0.178853 0.0219962
5 1000 -0.215417 -0.00149151
4 1001 -0.0045464 0.0223191
5 1001 -0.0319991 0.00516035
4 1002 0.0317332 0.0217567
5 1002 0.00816569 0.00588933
4 1003 -0.187758 0.0244793
5 1003 -0.225869 0.000723601
5 199 -0.104975 0.00393425
4 920 0.0260019 0.0236811
4 1004 -0.000220864 0.0254044
5 1004 -0.0274466 0.00841348
4 1005 -0.198114 0.0284457
5 1005 -0.237013 0.00411518
4 1006 -0.167093 0.029697
5 1006 -0.208637 0.00621752
4 1007 0.00071897 0.0328447
5 1007 -0.0281893 0.0152068
5 871 -0.0172574 0.0163564
4 1008 -0.1492 0.0378215
5 1008 -0.171484 0.0155326
4 1009 -0.123067 0.0376225
5 1009 -0.143559 0.0163261
4 1010 -0.108149 0.0380247
5 1010 -0.119369 0.0184292
4 1011 -0.00704655 0.0376936
5 1011 -0.033969 0.020539
4 1012 0.00313194 0.0385299
5 1012 -0.0175563 0.0214791
4 714 0.0343165 0.0409531
4 1013 0.0422747 0.0474973
5 1013 0.0189903 0.0306853
4 1014 -0.128703 0.0524605
5 1014 -0.148123 0.0311628
5 206 0.153318 0.0402509
4 211 0.0922054 0.0602092
5 208 0.14491 0.0474467
5 721 -0.156441 0.0411821
4 1015 -0.0182308 0.0681167
5 1015 -0.0633461 0.0478906
4 1016 -0.277512 0.0715534
5 1016 -0.321046 0.0433001
4 1017 -0.0125784 0.0728332
5 1017 -0.0539275 0.0535
4 923 0.020565 0.0783706
4 1018 0.146313 0.078434
5 1018 0.111794 0.0648276
5 232 -0.146613 0.0593772
4 1019 0.148193 0.0887729
5 1019 0.113164 0.0747505
4 1020 0.165749 0.0953547
5 1020 0.129341 0.0821265
4 1021 0.178951 0.0959766
5 1021 0.150235 0.0839325
4 1022 0.161725 0.10245
5 1022 0.124104 0.0887811
4 1023 0.165896 0.111
5 1023 0.127194 0.096796
4 1024 -0.0251392 0.111865
5 1024 -0.06547 0.0910239
5 886 -0.062366 0.0911679
4 1025 -0.0113889 0.112097
5 1025 -0.0506508 0.0918497
4 1026 -0.000249839 0.112151
5 1026 -0.0367751 0.0925708
4 1027 0.0424513 0.119012
5 1027 0.000885236 0.10085
4 1028 -0.0375494 0.12218
5 1028 -0.0776989 0.100676
4 1029 -0.0259835 0.123161
5 1029 -0.0640078 0.102057
4 1030 -0.0193223 0.125649
5 1030 -0.0576451 0.104465
5 262 0.0411912 0.109912
4 417 -0.0114032 0.128237
5 264 0.0143933 0.10955
5 247 -0.0694333 0.108106
4 892 -0.00698847 0.129484
5 892 -0.042765 0.110064
5 426 0.00116771 0.111153
4 589 0.0436775 0.129975
4 924 -1.11343e-05 0.131585
4 1031 0.0243601 0.133222
5 1031 -0.014301 0.113309
4 1032 0.0118864 0.134345
5 1032 -0.0243226 0.114181
4 283 -0.0289995 0.142147
5 895 -0.0579021 0.121314
4 1033 -0.0550241 0.153823
5 1033 -0.115307 0.129169
4 1034 0.105622 0.15487
5 1034 0.0696004 0.138149
5 745 -0.014549 0.136984
4 1035 -0.0384946 0.161797
5 1035 -0.073454 0.139243
4 1036 -0.0325652 0.16316
5 1036 -0.0665947 0.141466
4 1037 -0.0217398 0.166076
5 1037 -0.0554613 0.144797
5 749 -0.01321 0.156069
4 1038 -0.0472058 0.176044
5 1038 -0.0790543 0.153405
4 1039 0.143176 0.178254
5 1039 0.111038 0.163147
4 1040 -0.0334114 0.180331
5 1040 -0.0658612 0.157901
4 1041 -0.0428513 0.182127
5 1041 -0.0744354 0.159268
4 1042 0.131786 0.182222
5 1042 0.0982659 0.165993
5 464 -0.0568813 0.16164
4 1043 -0.01635 0.185967
5 1043 -0.0501941 0.164237
4 1044 -0.05014 0.191209
5 1044 -0.0811914 0.167701
4 1045 0.0225136 0.1978
5 1045 -0.0118155 0.176852
4 317 -0.0181968 0.201118
4 1046 0.12353 0.209448
5 1046 0.0922505 0.193169
4 325 -0.0378081 0.209637
4 908 -0.0211841 0.212441
5 757 -0.00932546 0.192531
4 1047 0.0473982 0.212907
5 1047 0.0102804 0.193668
4 1048 0.00305024 0.213838
5 1048 -0.0307512 0.192685
4 1049 0.00913127 0.213414
5 1049 -0.0245618 0.191969
4 1050 -0.0316066 0.218393
5 1050 -0.0613575 0.195797
4 1051 0.0852948 0.222389
5 1051 0.0502969 0.204629
4 1052 0.0990143 0.226244
5 1052 0.0641507 0.208233
4 1053 -0.0522102 0.233207
5 1053 -0.0776792 0.209498
5 759 -0.00786221 0.212891
4 1054 0.115463 0.238188
5 1054 0.0856462 0.221275
5 764 -0.00227681 0.222735
4 1055 -0.0138582 0.243887
5 1055 -0.0432178 0.221413
4 1056 0.081766 0.249698
5 1056 0.048544 0.231442
5 344 0.0359931 0.233665
5 765 0.0924993 0.246337
4 1057 0.100896 0.265614
5 1057 0.0718797 0.247822
4 1058 -0.00815488 0.267915
5 1058 -0.0354617 0.245517
5 910 0.000943995 0.249752
4 1059 0.0667014 0.278139
5 1059 0.0363456 0.258699
4 1060 0.0865735 0.279543
5 1060 0.0562238 0.261102
4 929 0.414454 -0.372035
6 448 0.147202 -0.347333
6 15 -0.0528487 -0.267816
6 17 -0.0620866 -0.262212
6 20 -0.0484157 -0.257088
6 25 -0.0587765 -0.246382
6 789 0.307537 -0.228337
6 34 0.295528 -0.223399
6 35 -0.207743 -0.240655
6 33 -0.0552304 -0.235804
4 1061 -0.127356 -0.223892
6 1061 -0.158454 -0.236054
6 42 -0.0495976 -0.217893
6 977 -0.02607 -0.209175
6 51 -0.176903 -0.212727
4 1062 -0.181703 -0.183289
6 1062 -0.173439 -0.198203
6 72 -0.0399554 -0.175332
6 914 0.0055216 -0.171118
6 78 -0.0384967 -0.162945
6 88 -0.0296035 -0.142886
6 981 0.028275 -0.135514
6 773 0.145436 -0.118777
6 982 0.130158 -0.105392
6 983 -0.0847969 -0.115757
6 469 -0.0880995 -0.107953
4 1063 0.125913 -0.091845
6 1063 0.104517 -0.0939194
4 1064 0.143908 -0.0908474
6 1064 0.116956 -0.0927554
6 984 -0.0720727 -0.0896906
6 917 0.100639 -0.0783084
6 990 0.0827528 -0.0627028
6 689 0.182966 -0.0449393
6 849 -0.0183223 -0.0552844
4 775 0.179515 -0.0401046
6 850 -0.0171387 -0.0508506
4 1065 -0.158009 -0.0350066
6 1065 -0.154946 -0.0579682
4 935 0.131214 -0.0311068
4 1066 -0.147832 -0.0297128
6 1066 -0.146842 -0.0520513
6 852 0.124389 -0.0276778
6 776 0.131109 -0.0269246
6 996 -0.152241 -0.0441842
6 998 -0.0157636 -0.016156
6 999 -0.010452 -0.0152546
4 1067 -0.0204137 0.0207731
6 1067 -0.0758656 0.000922753
6 920 0.0063931 0.0117887
6 1006 -0.209428 -0.00179383
6 1007 -0.0255199 0.0175362
4 1068 -0.181826 0.0372566
6 1068 -0.226736 0.00273751
6 1008 -0.161746 0.00959993
4 195 0.11309 0.0385198
6 877 -0.247268 0.00734857
6 559 -0.280844 0.00823447
6 717 -0.265106 0.0123098
6 720 -0.283071 0.0184398
4 1069 -0.0103012 0.0604695
6 1069 -0.0624501 0.040411
6 208 0.144032 0.0596942
6 472 -0.11728 0.040097
6 1015 -0.0752657 0.0466346
6 1017 -0.0631141 0.0533616
6 457 -0.0125736 0.0578207
4 1070 0.161756 0.0769604
6 1070 0.124326 0.0757098
6 475 -0.129935 0.0507487
6 1018 0.108126 0.0745237
6 226 -0.148964 0.0501763
6 402 0.116606 0.0805666
6 725 -0.0382238 0.0769242
6 1020 0.12379 0.0929501
6 886 -0.0701092 0.0897867
6 1025 -0.0601801 0.0908101
6 888 -0.0509235 0.0918642
6 1026 -0.0462749 0.0920291
6 889 0.0132352 0.101018
6 584 -0.0521291 0.101948
4 264 0.0600378 0.126936
6 262 0.0291238 0.114597
6 247 -0.074689 0.10647
6 892 -0.0548296 0.108115
6 426 -0.00843997 0.113379
6 740 -0.0148809 0.113506
6 1031 -0.0239717 0.114394
6 1032 -0.0356453 0.11458
6 283 -0.0715493 0.11876
4 895 -0.0173703 0.142399
6 1035 -0.0779974 0.136607
6 1037 -0.0639573 0.142009
6 1038 -0.0817986 0.150337
6 1041 -0.0772634 0.156743
4 489 -0.0267067 0.182508
4 1071 -0.0172162 0.185544
6 1071 -0.0569735 0.162508
6 1043 -0.0550785 0.163384
6 1045 -0.0193163 0.178384
6 905 -0.0637968 0.17633
6 317 -0.0555503 0.177564
4 1072 0.0636489 0.206055
6 1072 0.0178546 0.191212
6 756 0.0978774 0.202285
6 907 0.0927418 0.2072
6 1048 -0.0374685 0.192621
6 1049 -0.0298889 0.192495
6 1051 0.0424768 0.210993
6 1052 0.0573153 0.215625
6 609 0.0039366 0.214907
6 759 -0.013981 0.214998
6 760 0.0865677 0.234003
6 1056 0.0415513 0.237656
6 765 0.0759479 0.25416
6 349 -0.0501513 0.242296
4 1073 0.0502544 0.268961
6 1073 0.00980939 0.252757
4 1074 0.0926491 0.268373
6 1074 0.0593319 0.257734
6 616 0.0344918 0.283204
6 481 0.0223571 0.28596
7 448 0.120059 -0.344071
7 633 0.279383 -0.241877
7 361 -0.27835 -0.255297
7 1062 -0.208585 -0.193298
7 67 -0.0723696 -0.175458
7 78 -0.0726926 -0.158294
7 86 -0.17027 -0.156857
7 96 -0.147202 -0.117808
7 982 0.0840421 -0.0997752
7 107 -0.117586 -0.0965081
7 984 -0.108605 -0.0851209
4 1075 -0.0129164 -0.053927
7 1075 -0.0724849 -0.061229
7 775 0.134263 -0.0314526
7 1065 -0.188569 -0.0537987
7 155 -0.174218 -0.0532985
4 1076 0.104611 -0.0133345
7 1076 0.0776085 -0.00957586
4 1077 -0.11806 0.0119964
7 1077 -0.153905 -0.0062381
7 710 -0.0191319 0.0145435
7 1001 -0.06015 0.0132098
4 1078 -0.14658 0.0242508
7 1078 -0.195293 0.00252937
7 920 -0.0336744 0.0171869
7 1006 -0.259955 0.00171031
7 1068 -0.278698 0.00618882
7 212 0.08748 0.0740336
7 1017 -0.11311 0.0582427
7 725 -0.0846425 0.0818099
7 241 -0.0704098 0.0896333
7 1024 -0.120511 0.094308
7 1025 -0.104949 0.0963447
7 888 -0.101644 0.0965155
7 1026 -0.0949497 0.0974652
7 889 -0.0330503 0.106568
7 734 -0.0732908 0.109242
7 1029 -0.117753 0.105022
4 1079 -0.0167539 0.126516
7 1079 -0.10902 0.11042
7 263 -0.0389545 0.117891
7 1031 -0.0732107 0.119994
7 1032 -0.0827155 0.11998
7 283 -0.117455 0.123666
7 745 -0.0701603 0.143835
7 1035 -0.121781 0.141342
7 1036 -0.116021 0.143725
4 1080 0.0982124 0.17214
7 1080 0.00405872 0.169027
7 749 -0.0673711 0.163055
7 1038 -0.123754 0.155601
7 1041 -0.118945 0.161535
7 464 -0.106368 0.163885
7 1043 -0.0987437 0.168223
7 1045 -0.0635504 0.184154
7 316 -0.00521326 0.193371
7 317 -0.0974969 0.182282
4 1081 -0.0135234 0.202007
7 1081 -0.094298 0.183524
7 903 -0.001296 0.19654
7 757 -0.0609303 0.199996
7 1047 -0.0408783 0.202825
7 1049 -0.0739187 0.198166
7 1050 -0.103925 0.19893
7 1051 -0.000951838 0.217626
7 759 -0.056573 0.221765
7 466 -0.0983651 0.219676
7 764 -0.0515358 0.230442
7 341 0.0142634 0.241088
7 345 -0.0926251 0.226158
7 1056 -0.000110061 0.244534
7 349 -0.086668 0.247697
7 1073 -0.0295464 0.259329
7 1074 0.0175301 0.26553
7 910 -0.0456114 0.25859
8 30 0.245769 -0.247881
4 1082 0.335165 -0.236107
8 1082 0.234829 -0.239238
8 1062 -0.21671 -0.198932
8 81 -0.197599 -0.168471
8 469 -0.135358 -0.109724
8 984 -0.120376 -0.0909776
8 132 -0.234952 -0.0923371
8 847 -0.0390802 -0.0559101
8 996 -0.193503 -0.0468702
8 1076 0.0754658 -0.0134142
8 999 -0.0653805 -0.0158762
4 1083 -0.00472951 0.00427009
8 1083 -0.0751822 -0.0101981
8 710 -0.0327932 0.00954754
8 920 -0.045789 0.0118585
4 1084 -0.234066 0.0448569
8 1084 -0.327288 -0.00606205
4 1085 -0.240481 0.0480397
8 1085 -0.334508 -0.0043319
8 723 -0.0767593 0.0629115
8 224 -0.0363303 0.0807156
8 233 -0.0341204 0.0896374
8 887 -0.134417 0.0888104
8 888 -0.128486 0.0898121
8 415 -0.0674134 0.102054
8 734 -0.107527 0.103126
8 585 -0.116497 0.102202
8 1032 -0.110282 0.113999
8 591 -0.0871913 0.124455
8 283 -0.139855 0.117285
8 895 -0.132114 0.118874
8 745 -0.0948015 0.138769
8 749 -0.0907264 0.157983
8 489 -0.127101 0.156482
8 1043 -0.119165 0.161904
8 754 -0.102568 0.174804
8 1045 -0.0857325 0.179223
8 317 -0.114576 0.17698
8 757 -0.0821194 0.195357
8 1047 -0.0625048 0.199083
8 327 -0.0512424 0.2006
8 1049 -0.092191 0.193092
8 766 -0.0684818 0.245701
8 1073 -0.0474778 0.255997
8 910 -0.0622671 0.25452
8 350 -0.0931115 0.249215
8 614 -0.0152871 0.268553
4 657 -0.278602 -0.26337
9 363 -0.272775 -0.221521
9 47 -0.258314 -0.220964
9 68 -0.26934 -0.192963
9 984 -0.1554 -0.0896989
9 847 -0.0779443 -0.0536388
9 136 0.129211 -0.0309926
9 145 -0.0340612 -0.0445621
9 1066 -0.219965 -0.0533288
9 1083 -0.111077 -0.0079084
4 1086 0.135126 0.0228057
9 1086 0.0303678 0.0263187
9 920 -0.0802934 0.0142253
9 1004 -0.103718 0.0125873
4 1087 -0.13 0.0260739
9 1087 -0.288672 -0.00513
4 1088 -0.173444 0.030975
9 1088 -0.339697 -0.00611242
9 195 0.00566443 0.0400301
4 1089 -0.003534 0.0694157
9 1089 -0.159955 0.0512389
9 723 -0.116852 0.0654276
9 1020 0.0118375 0.100423
9 888 -0.166172 0.0929381
9 255 -0.120332 0.105364
9 731 -0.0983827 0.110209
9 734 -0.148194 0.105586
9 733 -0.133018 0.106374
9 1030 -0.177065 0.104323
9 736 -0.106412 0.115687
9 262 -0.09689 0.117867
9 264 -0.116911 0.116402
9 272 -0.128464 0.116687
9 1032 -0.151627 0.116793
9 591 -0.129441 0.126992
9 593 -0.138427 0.125793
9 894 -0.133789 0.127928
9 747 -0.130172 0.147449
9 1036 -0.173946 0.1404
9 897 -0.16069 0.147013
9 438 -0.0912727 0.165846
9 1040 -0.168166 0.157507
9 752 -0.125834 0.165953
9 489 -0.165878 0.15915
9 1045 -0.12538 0.182285
9 755 -0.120808 0.186049
9 327 -0.0941546 0.203556
9 1049 -0.134343 0.195985
9 1050 -0.156979 0.195941
9 764 -0.109106 0.229514
9 766 -0.106895 0.249327
9 350 -0.129986 0.252414
9 1059 -0.0161917 0.279174
4 619 -0.319081 -0.30582
10 973 -0.343758 -0.348593
10 1062 -0.25745 -0.254367
10 469 -0.175692 -0.162929
10 107 -0.169182 -0.155527
10 123 0.130585 -0.0945747
10 136 0.126861 -0.086477
10 996 -0.236389 -0.098404
10 1083 -0.116805 -0.0632567
10 208 0.0413395 0.00885531
10 245 -0.147904 0.0239772
10 576 -0.0957201 0.0433196
10 415 -0.10817 0.0441831
10 477 -0.113982 0.0443438
10 1079 -0.178718 0.0452678
10 262 -0.0941501 0.0575329
10 478 -0.0887952 0.0582382
10 892 -0.170489 0.0502899
10 429 -0.124461 0.0683541
10 895 -0.173634 0.0638252
10 894 -0.133847 0.0690851
10 747 -0.130493 0.0897846
10 749 -0.131786 0.103765
10 438 -0.0932644 0.108703
10 489 -0.169137 0.105716
10 754 -0.144505 0.121438
10 1045 -0.126918 0.126758
10 316 -0.0675547 0.136563
10 317 -0.158626 0.125936
10 1049 -0.134377 0.14194
10 1051 -0.0619294 0.163638
10 341 -0.0442195 0.189964
10 766 -0.110475 0.196796
10 1074 -0.0372905 0.215963
10 616 -0.0580271 0.241854
4 770 0.0239863 0.298932
10 481 -0.0735311 0.244164
11 448 0.12038 -0.400081
4 1090 -0.24463 -0.210469
11 1090 -0.279563 -0.290094
11 1062 -0.223559 -0.259946
11 107 -0.132398 -0.158487
11 984 -0.123265 -0.146333
11 117 -0.129373 -0.14614
11 120 -0.189758 -0.14179
11 845 0.0290475 -0.121307
11 123 0.176742 -0.0941923
4 1091 -0.0349007 -0.0454475
11 1091 -0.118899 -0.122199
11 1065 -0.2059 -0.11206
11 155 -0.190034 -0.110024
11 1066 -0.19736 -0.106317
11 999 -0.0641573 -0.0693272
11 1083 -0.0777558 -0.0641954
11 710 -0.0328237 -0.0404538
11 1001 -0.0757888 -0.0442553
4 920 0.0295681 0.0227658
11 1086 0.0717367 -0.0266471
4 1092 -0.117024 0.0385806
11 1092 -0.170641 -0.0347108
11 195 0.0462136 -0.0122128
11 208 0.0897376 0.00944835
11 404 2.84115e-05 0.0212067
11 1020 0.064382 0.0413431
11 1029 -0.141187 0.0424169
11 262 -0.0392216 0.0592689
11 892 -0.125367 0.0510503
11 267 -0.0686522 0.0560738
11 892 -0.119956 0.0534126
11 283 -0.138724 0.0642616
11 895 -0.129856 0.0655866
11 745 -0.0898007 0.0859492
11 747 -0.0849752 0.0919866
11 749 -0.0870228 0.106777
11 1041 -0.139917 0.108103
11 464 -0.126986 0.10981
11 1071 -0.122704 0.11236
11 1045 -0.0834977 0.130454
11 607 0.0198299 0.14871
4 1093 -0.0198241 0.2011
11 1093 -0.121316 0.129135
11 1081 -0.115284 0.131468
11 903 -0.0182405 0.144534
11 906 -0.113134 0.132754
11 908 -0.115123 0.14409
11 757 -0.0808633 0.147565
11 1048 -0.100622 0.146461
11 1049 -0.0930192 0.146256
11 1051 -0.018034 0.168518
11 609 -0.0588638 0.170382
11 764 -0.070852 0.182091
11 345 -0.112969 0.179639
11 344 -0.0308931 0.198905
11 766 -0.0708962 0.20256
11 1073 -0.0479094 0.214242
11 350 -0.101068 0.210594
12 15 -0.0255172 -0.302903
12 17 -0.0346733 -0.297222
12 20 -0.021094 -0.292266
12 25 -0.0320808 -0.282607
12 33 -0.0287219 -0.272444
12 1061 -0.136288 -0.29803
12 42 -0.0234386 -0.254977
4 1094 0.248788 -0.203799
12 1094 0.142587 -0.304005
4 1095 0.259065 -0.2011
12 1095 0.147073 -0.302466
4 1096 0.221164 -0.177368
12 1096 0.131637 -0.267487
12 67 -0.0137587 -0.218219
12 73 -0.124133 -0.226837
12 72 -0.0146457 -0.213039
12 82 -0.017413 -0.194421
12 87 -0.094235 -0.197917
12 88 -0.00474835 -0.180616
12 90 -0.13865 -0.193448
12 773 0.17986 -0.161298
12 982 0.16321 -0.14696
12 983 -0.0629575 -0.15456
12 843 0.00306765 -0.142904
12 469 -0.0667223 -0.147133
12 106 -0.0701329 -0.142432
12 373 -0.159909 -0.135935
12 114 -0.147125 -0.13303
12 984 -0.050902 -0.127943
4 1097 -0.134723 -0.0616236
12 1097 -0.108962 -0.116369
12 689 0.215187 -0.0738783
12 145 0.0751967 -0.0828019
12 775 0.203379 -0.0667377
12 692 0.169657 -0.0619627
12 775 0.19364 -0.0614821
12 636 0.171413 -0.0559642
12 935 0.164343 -0.0553762
12 858 -0.09043 -0.071823
12 175 -0.0429686 -0.0793885
12 168 0.228875 -0.03324
12 999 0.0118449 -0.0501164
4 1098 0.0513794 -0.00257846
12 1098 0.0563311 -0.0446505
4 1099 0.152617 0.0107077
12 1099 0.16401 -0.0193518
12 866 0.172467 -0.0180892
12 1002 0.0375755 -0.0201042
12 920 0.0294734 -0.0197596
12 1007 -0.0046595 -0.0166571
12 871 0.00812397 -0.0141181
12 1012 0.000873671 -0.00945102
12 208 0.172705 0.0301979
12 472 -0.100757 -0.00845971
4 1100 0.00634684 0.0654817
12 1100 -0.0129448 0.0109637
12 457 0.00764178 0.0210611
12 1018 0.135173 0.044049
12 402 0.142846 0.0495881
12 1020 0.150487 0.0629249
12 1022 0.143832 0.0687189
12 1026 -0.0273237 0.0568917
12 479 -0.134457 0.0330344
12 734 -0.00616982 0.0682413
12 1029 -0.0564441 0.0637826
12 1079 -0.0472883 0.0688041
12 737 0.0651198 0.0835746
12 417 -0.0407605 0.0716956
12 892 -0.0346451 0.0744131
12 426 0.00889294 0.0786455
12 272 0.00471091 0.0788251
12 739 -0.00217011 0.0793103
12 283 -0.0558179 0.0851828
12 895 -0.0450122 0.0864276
12 1036 -0.0564797 0.108296
12 1037 -0.0474318 0.11213
12 749 -0.0042332 0.127975
12 438 0.0342505 0.132777
12 1038 -0.0681114 0.121332
12 1041 -0.0632854 0.128059
12 489 -0.0509613 0.129034
12 1042 0.117018 0.154415
12 1071 -0.0444665 0.13254
12 1044 -0.0691751 0.137305
12 315 0.0300382 0.154027
12 322 -0.0610195 0.144955
12 1045 -0.00320004 0.151188
12 905 -0.0506992 0.148295
12 1093 -0.0441964 0.149594
12 906 -0.0339938 0.153928
12 756 0.120087 0.182119
12 325 -0.0571738 0.158568
12 757 -0.00103192 0.168245
12 327 0.0316204 0.173212
12 907 0.114032 0.187812
12 1048 -0.0226604 0.166595
12 324 0.0823421 0.183565
12 1050 -0.0505032 0.169109
12 1053 -0.0635796 0.185483
12 466 -0.0472253 0.192292
12 764 0.00605136 0.20236
12 344 0.0456699 0.218833
12 1073 0.0260637 0.233969
12 1074 0.0761775 0.2419
12 350 -0.0314553 0.229555
12 1059 0.0453108 0.247161
12 770 0.00048897 0.26218
12 912 0.00733536 0.26584
12 481 0.0356717 0.27132
13 29 -0.166604 -0.277443
13 42 0.00578518 -0.236689
4 1101 -0.103081 -0.20233
13 1101 -0.0531433 -0.247264
13 1062 -0.113126 -0.219685
13 58 -0.100728 -0.218401
4 74 -0.147542 -0.165092
13 914 0.0822896 -0.199969
4 1102 0.225777 -0.161991
13 1102 0.283868 -0.192221
4 1103 0.183286 -0.152567
13 1103 0.243258 -0.181008
13 771 0.26472 -0.177486
4 955 0.182076 -0.13934
13 772 0.247098 -0.163491
4 1104 0.166488 -0.122375
13 1104 0.221672 -0.151709
13 774 -0.0337497 -0.152847
13 94 -0.0259592 -0.147873
13 95 -0.0802903 -0.151659
13 982 0.211959 -0.134253
13 983 -0.02285 -0.135875
4 1105 -0.0625129 -0.0919512
13 1105 -0.00591197 -0.127066
13 372 -0.00245737 -0.115712
4 1106 -0.0452262 -0.0779153
13 1106 0.0113604 -0.110985
4 1107 -0.042783 -0.0760485
13 1107 0.0131806 -0.109652
13 984 -0.00813909 -0.109708
13 917 0.179383 -0.104577
13 985 0.0162309 -0.10722
4 1108 -0.0252779 -0.0623863
13 1108 0.0293948 -0.0958394
13 131 0.00889549 -0.0932115
13 990 0.159782 -0.0879933
13 993 0.10678 -0.0873315
13 1091 0.0126087 -0.0841343
13 847 0.0831267 -0.0838608
13 145 0.121385 -0.0693875
13 775 0.242109 -0.059341
13 850 0.061571 -0.0764635
4 818 0.00660693 -0.0327869
13 994 0.0423965 -0.0705614
13 1066 -0.0886043 -0.0681037
13 851 0.227559 -0.0504347
13 995 0.269289 -0.0468166
4 1109 0.224402 -0.0240753
13 1109 0.281727 -0.0443586
13 996 -0.093272 -0.060592
13 997 0.0305756 -0.0592359
13 1076 0.170931 -0.0306524
4 1110 0.16411 -0.0073611
13 1110 0.220577 -0.0275228
13 168 0.276348 -0.0263186
13 998 0.0533991 -0.035964
13 1098 0.102858 -0.0323528
4 1111 -0.0102749 -0.000620744
13 1111 0.031774 -0.0401043
13 1083 0.0449347 -0.0277927
13 704 -0.021359 -0.038306
4 1112 0.175053 0.00814822
13 1112 0.228851 -0.0136277
13 1099 0.20726 -0.0105893
4 188 0.138043 0.0209852
13 1003 -0.148002 -0.031074
13 920 0.075452 -0.00628819
13 1005 -0.159937 -0.0287423
13 1007 0.0453598 -0.00171768
13 871 0.0570248 0.000515184
13 1092 -0.0634419 0.000847104
4 1113 -0.13647 0.043211
13 1113 -0.0860805 0.00135287
13 202 0.221874 0.0288074
13 1014 -0.0773594 0.01182
13 208 0.224392 0.0381581
13 216 0.1542 0.0403883
13 220 0.164566 0.0479841
13 1018 0.190316 0.053109
13 723 0.0473802 0.0402213
13 227 0.159752 0.0636997
13 1020 0.207896 0.0710069
13 1022 0.202319 0.0772695
13 409 0.141852 0.0804154
13 1023 0.205259 0.0857016
13 249 0.132119 0.083195
4 1114 0.117635 0.119458
13 1114 0.152047 0.0899316
13 734 0.0540075 0.082865
4 1115 -0.00804414 0.122261
13 1115 0.0234544 0.0816098
13 1079 0.0135437 0.0850033
13 417 0.0208912 0.0878007
13 264 0.0840879 0.0920322
13 892 0.0240176 0.0888364
13 589 0.0744697 0.092976
13 590 0.0344151 0.0925522
13 742 0.0495304 0.0944654
13 283 0.00471806 0.101447
13 1037 0.009861 0.126886
13 600 0.150784 0.144845
13 748 0.119465 0.145656
13 1038 -0.0117573 0.13762
13 1040 0.00102501 0.142186
13 1041 -0.00692803 0.143736
13 898 0.17581 0.164382
13 900 0.15375 0.16512
13 1044 -0.0131824 0.154158
13 1045 0.0545128 0.164376
13 316 0.117799 0.171011
13 1093 0.0142477 0.164279
13 317 0.0153573 0.164767
13 903 0.122188 0.174597
13 756 0.174476 0.187983
13 1046 0.163379 0.189105
13 325 -0.00179629 0.173124
13 757 0.0584305 0.18042
13 907 0.16775 0.193808
13 1049 0.0423092 0.179849
13 1052 0.134968 0.202399
13 1053 -0.0147823 0.198455
13 759 0.0595178 0.20264
13 480 -0.00124078 0.203587
13 337 0.232351 0.212073
13 1056 0.11647 0.226419
13 765 0.146582 0.24501
13 765 0.16049 0.248456
13 349 0.0158175 0.235346
13 1073 0.0837839 0.243841
13 1074 0.130262 0.248689
13 1060 0.122926 0.259243
14 684 0.0886537 -0.197987
4 1116 0.0821537 -0.135906
14 1116 0.20606 -0.156338
14 97 0.35833 -0.109663
14 106 0.0400925 -0.104057
4 105 -0.0548187 -0.0872771
4 1117 0.0438177 -0.084241
14 1117 0.163457 -0.0990887
14 986 0.088907 -0.0860074
4 1118 0.0370647 -0.0647196
14 1118 0.159775 -0.0833641
14 850 0.146798 -0.0634137
14 1065 -0.0340382 -0.0458971
14 776 0.242287 -0.0355974
14 853 0.279263 -0.0388743
14 1109 0.351706 -0.0462973
4 1119 0.104577 -0.0142761
14 1119 0.222543 -0.0252521
14 862 0.266 -0.0295456
14 168 0.346655 -0.0249444
14 174 0.331259 -0.0275498
14 707 0.172945 0.00501816
14 199 0.0654771 0.00258409
14 920 0.149792 0.00622237
14 207 0.0391208 0.0105227
14 205 0.0494859 0.0116995
14 780 0.0589008 0.0117407
14 714 0.15757 0.0215809
14 206 0.314245 0.0293961
14 721 -0.00546242 0.0442678
14 878 0.28683 0.0402056
14 473 0.0800637 0.0352322
14 222 0.0229392 0.0566694
14 724 0.135351 0.0568241
14 402 0.287592 0.0580916
14 725 0.129724 0.0726852
14 241 0.167417 0.0728195
14 1022 0.29447 0.0751561
14 283 0.10021 0.117356
4 1120 0.186891 0.143974
14 1120 0.325538 0.109187
14 288 0.217047 0.134537
14 1035 0.0909597 0.138121
14 289 0.338008 0.127009
4 597 0.136316 0.163287
4 541 0.157179 0.16503
4 970 0.147844 0.177121
14 752 0.157648 0.158434
14 316 0.212437 0.17568
14 756 0.262485 0.187813
14 325 0.0891928 0.189021
14 327 0.186241 0.189388
14 1050 0.0944368 0.199889
14 1051 0.213559 0.202421
4 1121 0.130193 0.229027
14 1121 0.254693 0.216215
14 336 0.364615 0.196578
14 344 0.195431 0.234843
14 765 0.232712 0.24829
4 1122 0.114008 0.265054
14 1122 0.236734 0.256107
14 1059 0.190846 0.264343
5 2 -0.331475 -0.325105
6 5 -0.0756296 -0.306367
6 681 -0.239097 -0.268559
5 1123 -0.255047 -0.257634
6 1123 -0.225373 -0.255434
5 1124 -0.252955 -0.255832
6 1124 -0.223699 -0.254258
5 35 -0.235645 -0.241687
6 974 -0.154333 -0.233829
5 933 0.276031 -0.23434
5 1125 -0.154907 -0.233343
6 1125 -0.1515 -0.231693
6 837 -0.0338015 -0.226433
6 641 0.273466 -0.215407
6 975 -0.145286 -0.226055
5 1126 0.258658 -0.226435
6 1126 0.267599 -0.212245
5 1127 0.248318 -0.222353
6 1127 0.256558 -0.20786
5 1128 -0.142254 -0.22142
6 1128 -0.138846 -0.220102
5 1129 -0.138562 -0.217208
6 1129 -0.133688 -0.214546
6 978 -0.132144 -0.212705
6 364 -0.175443 -0.211734
6 53 -0.166836 -0.206295
5 1130 -0.129563 -0.207327
6 1130 -0.125142 -0.20537
5 1131 -0.128395 -0.205677
6 1131 -0.123465 -0.203247
6 366 -0.140619 -0.178645
6 86 -0.133951 -0.161558
5 1132 -0.144148 -0.163845
6 1132 -0.124537 -0.163067
6 980 -0.109725 -0.148552
5 1133 0.120469 -0.138001
6 1133 0.130258 -0.127956
5 1134 0.134314 -0.132932
6 1134 0.138497 -0.121483
5 1135 0.119232 -0.121013
6 1135 0.123727 -0.109884
6 843 -0.0214473 -0.106292
5 1064 0.112581 -0.102472
6 372 -0.0655394 -0.0965405
6 114 -0.165858 -0.0989376
5 1136 -0.184348 -0.0945665
6 1136 -0.157207 -0.0956228
6 119 -0.149759 -0.0935808
6 379 -0.145028 -0.0912358
6 120 -0.134024 -0.086997
6 133 -0.117438 -0.0775731
6 131 -0.0552981 -0.0738814
6 991 0.204259 -0.0476789
6 148 -0.0666369 -0.0588568
6 847 -0.000315313 -0.0560227
5 934 0.172874 -0.0601878
5 849 -0.0220466 -0.0580441
6 136 0.213825 -0.0377627
5 775 0.15838 -0.0503354
6 994 -0.0364009 -0.0448038
5 935 0.117638 -0.0425245
5 1137 0.0460777 -0.0409015
6 1137 0.0505218 -0.0339485
5 1138 0.0876307 -0.0376867
6 1138 0.107746 -0.0275954
5 1139 0.138655 -0.0363002
6 1139 0.150832 -0.0244034
5 177 0.199183 -0.0364967
6 175 -0.0633522 -0.035142
6 997 -0.0505758 -0.0333225
6 550 0.117069 -0.0180555
5 1140 -0.0551949 -0.0170826
6 1140 -0.0591204 -0.0161262
6 174 0.179964 -0.00293828
6 168 0.195234 -0.00148336
5 1141 0.154158 -0.0139524
6 1141 0.171493 -0.0013445
5 1142 -0.0283615 -0.0118045
6 1142 -0.0206396 -0.00860168
5 1143 0.146472 -0.0105652
6 1143 0.159782 0.00215768
5 1144 -0.142712 -0.00926086
6 1144 -0.126742 -0.0120023
5 1145 -0.137402 -0.00929817
6 1145 -0.118076 -0.011514
5 1146 -0.127817 -0.00942488
6 1146 -0.107445 -0.010351
6 864 0.185177 0.00380593
5 1147 -0.155737 -0.00864406
6 1147 -0.141979 -0.0129971
5 1148 -0.176772 -0.00719294
6 1148 -0.164858 -0.0128248
5 1149 -0.190827 -0.0059906
6 1149 -0.184361 -0.0128001
5 1150 0.0416911 -0.00386205
6 1150 0.0605576 0.003804
5 1151 -0.205187 -0.00317011
6 1151 -0.201794 -0.0109351
5 1152 -0.144718 0.00282009
6 1152 -0.146089 -0.00167403
5 1153 0.00905871 0.00555098
6 1153 0.0164013 0.0101426
5 1154 -0.0453633 0.00498965
6 1154 -0.0410368 0.00685425
6 1001 -0.0285427 0.00752297
5 1155 -0.196148 0.00632703
6 1155 -0.198707 -0.00127871
5 1156 -0.0216549 0.00625294
6 1156 -0.0194032 0.00814863
5 1157 -0.0604663 0.00929121
6 1157 -0.0586623 0.0098955
5 1158 0.111888 0.00961989
6 1158 0.119105 0.0199621
5 715 -0.259117 0.0117066
5 1068 -0.222396 0.0119913
5 1159 -0.128211 0.0122916
6 1159 -0.128077 0.00845726
5 1160 -0.0442113 0.0129053
6 1160 -0.0425264 0.0140139
6 921 -0.109981 0.0125542
5 1161 -0.0630168 0.0185558
6 1161 -0.0712286 0.0176723
5 1162 -0.178903 0.0196328
6 1162 -0.169716 0.0129378
5 1163 -0.157887 0.0210581
6 1163 -0.149645 0.0154531
6 1011 -0.0317886 0.0220385
5 1164 -0.287344 0.0248733
6 1164 -0.28848 0.0113124
5 646 0.0170599 0.0257104
5 1165 -0.0478742 0.0293123
6 1165 -0.0394424 0.0306867
5 1166 -0.0225098 0.0346318
6 1166 -0.0263668 0.0364166
5 1167 -0.0317249 0.0386716
6 1167 -0.0384577 0.0399408
5 1168 -0.0408559 0.0395934
6 1168 -0.0490775 0.0394517
6 721 -0.14828 0.0364839
5 1069 -0.0528707 0.0408362
5 1169 -0.021414 0.0435287
6 1169 -0.0200262 0.046792
6 211 0.0617621 0.0525773
5 1170 -0.107057 0.0462016
6 1170 -0.12227 0.0415967
5 1171 -0.0288397 0.0462049
6 1171 -0.0316206 0.0476988
5 1172 0.16582 0.0469617
6 1172 0.170111 0.0600395
5 1173 -0.0369408 0.0488011
6 1173 -0.0420831 0.0498992
6 216 0.072835 0.0616763
5 1174 0.0099884 0.0580353
6 1174 0.012178 0.0625589
6 923 -0.0274166 0.0619099
5 1175 -0.00184553 0.0608124
6 1175 -0.00730061 0.0633605
5 724 -0.0297369 0.0618427
5 1176 0.0885348 0.0612973
6 1176 0.0804404 0.0695628
5 1070 0.127836 0.0642787
5 1177 -0.0113171 0.0647238
6 1177 -0.0200838 0.0660702
5 1178 0.106784 0.0655554
6 1178 0.103058 0.0752583
5 1179 -0.0830481 0.0694567
6 1179 -0.100371 0.0659109
5 1180 0.0966748 0.0718885
6 1180 0.087348 0.0805889
5 1181 -0.0845249 0.0784097
6 1181 -0.0872062 0.0760926
6 883 0.133168 0.0950146
6 1021 0.153014 0.0969791
6 482 0.0571746 0.0941606
5 1182 -0.0873427 0.0887658
6 1182 -0.100113 0.084326
6 1022 0.117575 0.0990634
5 1183 -0.0828913 0.0895334
6 1183 -0.0932017 0.0858089
5 1184 -0.0771364 0.0893928
6 1184 -0.082684 0.0872071
6 1024 -0.0730652 0.089571
6 242 0.0475409 0.0964866
6 1026 -0.0422835 0.0929891
6 1023 0.119634 0.107575
6 580 0.00328036 0.102061
5 412 -0.0838942 0.0998314
5 414 -0.0656808 0.101257
6 1030 -0.06451 0.103373
5 1185 -0.0912958 0.105505
6 1185 -0.0944437 0.102417
6 263 0.0104612 0.112128
5 1186 0.143476 0.109282
6 1186 0.144759 0.121909
5 1187 0.0525746 0.110305
6 1187 0.0434334 0.116415
6 795 -0.0324886 0.114543
5 1188 -0.0904816 0.116805
6 1188 -0.0938303 0.113454
5 1189 0.0766863 0.118521
6 1189 0.065674 0.126101
5 1190 -0.0765392 0.119036
6 1190 -0.0789576 0.116982
5 1191 0.10912 0.119017
6 1191 0.0888399 0.127235
5 1192 -0.0860917 0.121647
6 1192 -0.089145 0.118732
5 1193 -0.105839 0.127572
6 1193 -0.104314 0.123651
5 1194 0.112452 0.131421
6 1194 0.0900295 0.139381
5 1195 -0.084072 0.137437
6 1195 -0.0875429 0.134046
6 1034 0.0627897 0.145032
5 1196 -0.143541 0.142748
6 1196 -0.172747 0.131722
5 1197 -0.0954443 0.147955
6 1197 -0.0946929 0.144192
5 1198 0.062909 0.15347
6 1198 0.0539554 0.160365
5 750 -0.0330448 0.156582
5 489 -0.0619294 0.159572
5 1199 0.0860419 0.162159
6 1199 0.0804771 0.170685
5 1200 -0.0926671 0.16353
6 1200 -0.0916186 0.159617
5 1201 -0.16227 0.168436
6 1201 -0.194184 0.155505
5 649 0.0806829 0.172263
6 325 -0.070283 0.184853
5 1202 -0.0206932 0.192053
6 1202 -0.0271501 0.192727
5 756 0.102409 0.19181
6 1047 0.0012131 0.196831
6 1046 0.0888434 0.202563
5 1203 0.0228005 0.194498
6 1203 0.0145909 0.198259
6 1050 -0.0642051 0.194012
5 1204 0.0220708 0.216201
6 1204 0.0141653 0.220461
5 1205 -0.00665724 0.217546
6 1205 -0.0134304 0.219832
5 1206 -0.00629138 0.219356
6 1206 -0.0133297 0.221427
5 447 0.0144533 0.2231
5 344 0.0352155 0.233858
5 909 0.0285436 0.236461
6 786 -0.0377981 0.236935
5 786 -0.0261877 0.238438
5 939 0.012297 0.240513
6 765 0.0920253 0.256863
5 1073 0.0176056 0.249373
5 1207 0.0425919 0.250796
6 1207 0.0365921 0.256514
5 1208 0.0717424 0.260092
6 1208 0.0690073 0.268882
7 681 -0.272449 -0.262829
7 17 -0.0892266 -0.257093
7 682 -0.275554 -0.254332
7 33 -0.0845733 -0.231162
7 974 -0.206585 -0.228252
7 1128 -0.190121 -0.214386
7 366 -0.175718 -0.174102
7 72 -0.0733655 -0.170671
7 83 -0.0690467 -0.150362
5 1209 0.0429454 -0.105358
7 1209 -0.0248376 -0.0935213
7 1064 0.0715548 -0.0871272
7 131 -0.091815 -0.0693056
5 1210 -0.0454859 -0.0761811
7 1210 -0.0789921 -0.0692001
7 138 -0.104762 -0.0613866
7 991 0.165651 -0.04111
7 850 -0.0646624 -0.0460391
7 136 0.175898 -0.0312835
5 693 0.124703 -0.043419
7 1138 0.078316 -0.0219875
7 175 -0.112505 -0.0301122
5 1211 0.195885 -0.033528
7 1211 0.158705 -0.0122128
7 863 -0.0065235 -0.0152784
7 1147 -0.179667 -0.00841313
5 1212 -0.151093 -0.00865218
7 1212 -0.175996 -0.00832809
7 1148 -0.20208 -0.00877951
5 1213 -0.209034 -0.00269749
7 1213 -0.253658 -0.00659452
5 1214 0.127026 -0.00168062
7 1214 0.0955218 0.0162499
5 1215 -0.218804 -0.00065703
7 1215 -0.268314 -0.00495333
5 1078 -0.168756 0.00386234
7 1153 -0.0205297 0.0153036
7 1154 -0.0826734 0.0118689
7 1001 -0.0678273 0.012804
7 1155 -0.250317 0.0018808
7 1160 -0.0848356 0.0188452
7 1008 -0.199703 0.0132783
5 1216 0.0112862 0.0197727
7 1216 -0.0182142 0.0293505
7 1011 -0.0800319 0.0275611
7 646 -0.0126814 0.0366964
7 1169 -0.0606324 0.0513532
7 208 0.100093 0.0662547
7 1015 -0.128788 0.0511122
7 878 0.080795 0.0709769
7 1174 -0.0276001 0.0682604
7 1175 -0.0531888 0.0688927
7 1176 0.0316342 0.0760237
7 1070 0.0791058 0.0824926
7 1018 0.0626404 0.0810331
7 1179 -0.141211 0.0713213
7 402 0.0705005 0.087463
7 1180 0.0358425 0.0876125
7 1181 -0.131778 0.0806858
7 227 0.0198331 0.0940208
7 238 -0.0446258 0.0930113
7 884 0.0226706 0.104493
5 1217 0.114207 0.0986885
7 1217 0.0605575 0.115814
7 1030 -0.111563 0.108666
7 1185 -0.138823 0.106926
5 1218 0.125115 0.106198
7 1218 0.0768103 0.125029
7 736 -0.0369732 0.117834
7 262 -0.0214955 0.120467
7 259 -0.014707 0.121482
7 737 -0.0108755 0.12215
7 1189 0.0103765 0.132711
7 1190 -0.127168 0.121325
5 895 -0.0500158 0.12123
7 1195 -0.12989 0.138973
7 435 -0.108322 0.146775
5 1219 -0.00255636 0.155346
7 1219 -0.0588334 0.162893
7 489 -0.110041 0.161828
7 753 0.0208907 0.189944
7 796 0.00760211 0.191013
5 1220 0.0587579 0.191357
7 1220 0.00538636 0.205663
7 1202 -0.0705614 0.198013
5 327 0.0198353 0.194424
7 1203 -0.0298565 0.204551
5 1221 0.0264368 0.194458
7 1221 -0.0251754 0.204808
7 1052 0.0153293 0.222553
7 1204 -0.028656 0.22712
5 1222 0.033589 0.217003
7 1222 -0.0184227 0.227503
7 447 -0.0353022 0.232716
7 786 -0.0712905 0.244255
7 765 0.0572488 0.26445
7 1207 -0.00359892 0.263465
5 1223 0.0343476 0.259556
7 1223 -0.0114422 0.270901
7 616 -0.00250165 0.290085
5 1224 0.0187662 0.279944
7 1224 -0.0245443 0.28996
7 618 -0.0159688 0.292969
8 3 0.155588 -0.322231
5 653 -0.319868 -0.314281
5 1082 0.305562 -0.246686
8 933 0.21113 -0.22598
8 641 0.200141 -0.221235
8 1127 0.184882 -0.213837
8 56 -0.223187 -0.204719
5 1062 -0.197762 -0.200494
5 1225 0.237174 -0.199008
8 1225 0.16755 -0.18908
8 68 -0.233805 -0.192748
5 1226 -0.114169 -0.136839
8 1226 -0.14826 -0.135194
5 1227 0.0271799 -0.0817099
8 1227 -0.0687284 -0.0775354
8 689 0.134164 -0.0424014
8 155 -0.17877 -0.0590051
8 692 0.107205 -0.0353624
8 852 0.0793095 -0.0257295
8 1154 -0.0988287 0.00593193
8 1001 -0.0840535 0.00734141
8 1156 -0.0677233 0.0101018
8 1007 -0.0842283 0.0170955
8 1011 -0.099192 0.0224469
8 1012 -0.0602488 0.0253827
8 646 -0.0266303 0.0322191
5 806 0.0281579 0.0333129
8 1176 0.00447072 0.0718582
8 1018 0.0395244 0.0778343
8 402 0.0468018 0.0840641
8 227 -0.01056 0.0895854
8 888 -0.121901 0.0908929
5 576 0.0355542 0.0951409
8 412 -0.155634 0.0953382
8 414 -0.141242 0.0986296
8 892 -0.125585 0.108921
8 264 -0.0736903 0.113238
8 262 -0.0504113 0.11569
8 590 -0.119817 0.112057
8 1192 -0.15198 0.116709
8 1036 -0.13377 0.138056
8 1219 -0.0813717 0.158217
8 605 -0.0250289 0.173492
5 1228 0.0174499 0.176437
8 1228 -0.0719692 0.180899
8 1050 -0.11937 0.192969
8 609 -0.0601891 0.216629
5 1229 0.100849 0.214416
8 1229 0.0411278 0.231717
8 466 -0.111695 0.214069
8 1206 -0.0742733 0.222842
8 342 -0.106205 0.220828
8 760 0.0323469 0.241115
8 1056 -0.0182242 0.242346
8 939 -0.0602919 0.246466
8 349 -0.0983724 0.243052
8 1207 -0.020509 0.261016
8 616 -0.0158449 0.288055
8 618 -0.0304384 0.29052
9 681 -0.310811 -0.266613
9 682 -0.315032 -0.258191
9 453 -0.252941 -0.0986892
9 146 -0.210727 -0.0677093
9 155 -0.213283 -0.0579788
9 175 -0.179467 -0.0355322
9 1003 -0.3317 -0.0120318
9 869 -0.0996624 0.00609952
9 1153 -0.0696037 0.0129418
9 1154 -0.136698 0.00776114
9 1001 -0.120827 0.00958258
9 1006 -0.329422 -0.0060161
9 1155 -0.319938 -0.005099
9 1068 -0.348475 -0.00180098
9 1160 -0.141182 0.0151406
9 1007 -0.121817 0.0194714
9 1216 -0.0666077 0.0277626
9 1011 -0.143456 0.0232369
9 646 -0.0601286 0.0348728
9 208 0.0402913 0.0666521
5 1089 -0.0437093 0.0508036
9 878 0.0224079 0.0706906
9 1018 5.21016e-05 0.081333
9 402 0.00715722 0.0875755
9 238 -0.105133 0.0916842
9 1182 -0.0274392 0.0983218
9 1022 0.0027363 0.105982
9 1183 -0.199735 0.0863461
9 884 -0.053067 0.103228
9 886 -0.178568 0.0909234
9 414 -0.182222 0.100974
9 735 -0.163276 0.10432
9 585 -0.157267 0.105338
9 1185 -0.198457 0.102588
9 264 -0.114334 0.115998
9 895 -0.172721 0.12194
9 1194 -0.0548744 0.146647
9 1219 -0.121546 0.16101
9 749 -0.130508 0.161081
9 754 -0.142381 0.178323
9 1228 -0.111977 0.184002
9 906 -0.146853 0.183245
9 903 -0.0627531 0.196854
9 1202 -0.132228 0.195958
9 757 -0.121231 0.198541
9 1047 -0.10279 0.202332
9 1203 -0.0893698 0.204514
9 1204 -0.0874913 0.226607
9 1205 -0.113941 0.224554
9 1222 -0.0779957 0.22875
9 1056 -0.0569301 0.246105
9 910 -0.100565 0.258693
9 1073 -0.0847043 0.259876
10 448 0.0854759 -0.397445
10 41 -0.288578 -0.289277
10 56 -0.265124 -0.260895
10 68 -0.275495 -0.248663
5 1230 -0.111806 -0.187443
10 1230 -0.218691 -0.251609
10 96 -0.19884 -0.17835
5 1231 -0.0899968 -0.117873
10 1231 -0.167348 -0.171159
10 111 -0.248273 -0.150358
10 97 0.141247 -0.135531
10 114 -0.236411 -0.147856
10 376 -0.266942 -0.146909
10 984 -0.160316 -0.143795
10 1227 -0.106141 -0.143071
10 146 -0.220197 -0.117388
5 1232 -0.0596067 -0.0632932
10 1232 -0.157803 -0.120211
10 155 -0.221123 -0.10879
10 775 0.0865225 -0.0851182
10 692 0.0689062 -0.0799895
10 997 -0.168614 -0.0966793
5 1233 0.0932737 -0.024254
10 1233 0.0348429 -0.0570098
10 999 -0.10574 -0.0685248
10 777 -0.0906491 -0.0670026
10 1143 0.0901266 -0.0391151
10 1154 -0.138863 -0.047667
10 707 -0.0406704 -0.0347404
10 1156 -0.107273 -0.0417771
10 1002 -0.0759458 -0.0391136
10 1160 -0.144238 -0.0413923
5 1234 -0.188473 0.0140833
10 1234 -0.312401 -0.0602007
10 871 -0.109859 -0.0332924
10 1216 -0.0701804 -0.024032
10 646 -0.0640051 -0.0169261
10 195 0.00418743 -0.0130735
10 714 -0.0741103 -0.0187661
10 1089 -0.166784 -0.00845962
10 724 -0.128806 0.00996714
10 404 -0.0505036 0.0209809
10 402 0.00833843 0.0282016
5 1235 -0.0581832 0.0787704
10 1235 -0.174879 0.0198045
10 1020 0.0144021 0.0402853
10 883 0.0275228 0.0433987
10 238 -0.0956509 0.0332009
10 412 -0.198597 0.0399589
10 414 -0.184815 0.041749
10 734 -0.140655 0.045637
10 1185 -0.201946 0.045889
10 892 -0.166752 0.0522914
10 264 -0.113142 0.0549209
10 1031 -0.140954 0.0565791
10 1032 -0.150541 0.0565885
10 1190 -0.190028 0.0607157
10 1192 -0.195168 0.0636507
10 283 -0.182205 0.0625332
10 273 -0.0710935 0.0740647
10 1194 -0.0474684 0.0782802
10 1195 -0.191443 0.0800132
10 745 -0.135544 0.0836522
10 1037 -0.165977 0.090097
10 1038 -0.183968 0.0983099
10 1219 -0.123103 0.103423
10 1041 -0.179249 0.104626
10 796 -0.0543393 0.134818
10 906 -0.149759 0.130415
10 1220 -0.0560049 0.150561
10 1202 -0.132586 0.142197
10 757 -0.123559 0.143632
10 1047 -0.104994 0.147041
10 327 -0.0966992 0.148228
10 1050 -0.162188 0.144651
10 1204 -0.0893728 0.172618
10 1205 -0.116194 0.171144
10 1222 -0.079146 0.174066
10 342 -0.149616 0.173658
10 764 -0.112109 0.176368
10 349 -0.142365 0.196924
10 350 -0.136626 0.203919
10 910 -0.104855 0.206924
10 1073 -0.088234 0.207886
10 1207 -0.0620665 0.21238
10 1208 -0.020917 0.228767
11 17 -0.0963658 -0.313973
11 640 0.281865 -0.325813
11 25 -0.0958565 -0.299648
11 33 -0.0928296 -0.289475
5 1236 -0.164642 -0.239632
11 1236 -0.233034 -0.319529
11 974 -0.227791 -0.316971
11 1125 -0.224518 -0.314306
11 975 -0.217974 -0.308472
5 1090 -0.256126 -0.226125
11 1225 0.191396 -0.256308
11 1230 -0.172885 -0.259827
11 366 -0.190844 -0.239761
11 915 0.0912183 -0.183161
5 1237 0.0462178 -0.120125
11 1237 -0.0459956 -0.195849
11 1209 -0.0410122 -0.176732
11 1064 0.0629867 -0.154519
11 1227 -0.0510398 -0.148323
11 133 -0.170905 -0.132337
11 146 -0.189845 -0.118482
11 847 -0.0666665 -0.12291
5 1065 -0.1722 -0.0557241
11 690 0.0112799 -0.104298
11 850 -0.0809461 -0.115411
11 175 -0.132275 -0.10122
11 863 -0.0192318 -0.075024
5 1238 -0.0435001 -0.0250779
11 1238 -0.120935 -0.0905972
5 1239 -0.0424443 -0.0244172
11 1239 -0.116209 -0.0895446
5 1240 -0.0378328 -0.0209438
11 1240 -0.106111 -0.0822505
11 168 0.145516 -0.0545074
11 1214 0.0886618 -0.0385954
11 707 -0.00488297 -0.0340308
11 1156 -0.0673324 -0.0420397
11 1160 -0.101692 -0.041852
11 1234 -0.268477 -0.0626145
11 1007 -0.0825071 -0.0365121
5 1241 -0.00586123 0.0151588
11 1241 -0.0552234 -0.0332422
11 871 -0.0688419 -0.0333963
11 646 -0.023567 -0.0161843
11 1017 -0.134181 -0.00854177
11 878 0.070655 0.0138796
5 1242 -0.0624659 0.0551586
11 1242 -0.143287 -0.00833214
11 1175 -0.0709638 0.007145
11 1018 0.0509926 0.0229541
11 402 0.0581516 0.0286719
5 1243 -0.0725394 0.0748231
11 1243 -0.151186 0.0128822
5 1244 -0.0634508 0.0770067
11 1244 -0.139968 0.0173651
11 1235 -0.130725 0.0211244
11 245 -0.0929094 0.0265754
11 1022 0.0562615 0.0468139
5 1245 -0.0687511 0.0908632
11 1245 -0.149231 0.0299265
11 888 -0.120014 0.0345111
11 412 -0.157158 0.0405853
11 734 -0.0942319 0.0465108
11 585 -0.109349 0.0453027
11 1185 -0.161104 0.047335
11 736 -0.0573969 0.0555244
11 264 -0.0657381 0.0559227
11 259 -0.0317001 0.0604697
11 1031 -0.0958359 0.0576448
11 1188 -0.158637 0.060608
11 1190 -0.146965 0.0625571
11 1192 -0.154242 0.0657809
11 429 -0.0774619 0.0698831
11 592 -0.0700304 0.0715548
11 925 -0.0399959 0.0753274
11 1197 -0.153842 0.0976578
11 1038 -0.145348 0.101173
11 1219 -0.0782494 0.106314
11 1200 -0.149218 0.114839
5 902 -0.0490932 0.164689
5 1246 -0.070894 0.175378
11 1246 -0.136275 0.125888
11 325 -0.131348 0.139495
11 1220 -0.0104475 0.154657
11 1202 -0.0909336 0.146272
11 1047 -0.0634522 0.1507
11 1052 -0.000935298 0.173961
11 1053 -0.129954 0.167922
11 1204 -0.0467951 0.177636
11 1222 -0.0369648 0.178748
11 760 0.0325804 0.198677
11 341 -0.00215065 0.195545
11 910 -0.0654689 0.213271
11 1208 0.0170086 0.236322
11 1224 -0.0436485 0.248806
12 449 -0.0138768 -0.278627
12 837 -0.0066103 -0.262677
12 1126 0.307732 -0.257798
12 977 0.000914646 -0.245488
12 642 0.277705 -0.243983
12 53 -0.144499 -0.249858
12 684 0.00540601 -0.231365
12 1062 -0.151416 -0.242251
12 77 -0.110712 -0.214972
5 1247 -0.146875 -0.166417
12 1247 -0.105336 -0.206973
12 86 -0.112428 -0.203564
5 90 -0.177119 -0.150284
12 980 -0.0879372 -0.188696
12 89 -0.0792669 -0.182284
12 1226 -0.0743072 -0.174003
12 94 -0.0644493 -0.166683
12 371 -0.0586897 -0.158426
12 1231 -0.0508476 -0.152802
5 1248 -0.0816253 -0.108643
12 1248 -0.0447423 -0.144383
5 1249 -0.0735535 -0.103297
12 1249 -0.0356951 -0.136967
12 372 -0.0434413 -0.13375
12 1136 -0.13962 -0.12989
5 1250 -0.064701 -0.0944446
12 1250 -0.02934 -0.128976
12 986 -0.0205134 -0.120777
5 1251 0.0335085 -0.0796138
12 1251 0.0536493 -0.121199
12 128 -0.0204111 -0.109337
12 131 -0.0329484 -0.110335
12 1210 -0.0129663 -0.110071
12 137 -0.0907661 -0.104498
12 623 -0.0844037 -0.101223
12 849 0.00318473 -0.0953027
5 1252 0.0125834 -0.0554539
12 1252 0.0356242 -0.0928996
12 385 -0.077979 -0.0948396
5 1253 0.19926 -0.0515012
12 1253 0.24116 -0.0670566
12 1137 0.0762943 -0.0694384
12 863 0.059395 -0.0553769
5 1254 0.11177 -0.0213559
12 1254 0.153568 -0.0362796
12 1142 -0.000300079 -0.0424054
12 1150 0.0844345 -0.0185425
12 869 0.00975859 -0.0288025
5 1255 -0.11917 0.00317648
12 1255 -0.103316 -0.0423152
12 1153 0.0391969 -0.0206841
12 1154 -0.0220462 -0.0288804
12 1001 -0.00692063 -0.026439
12 707 0.0606722 -0.0171528
5 1256 -0.150151 0.0108488
12 1256 -0.135513 -0.0379061
12 1160 -0.0224688 -0.0218907
12 1234 -0.178043 -0.0403272
12 1216 0.0405219 -0.00512375
12 1163 -0.134712 -0.0209415
12 646 0.0476632 0.00223287
12 195 0.119971 0.00710197
12 1014 -0.122462 -0.00778608
12 1069 -0.0441631 -0.00163096
5 400 0.0529631 0.0505521
12 923 -0.00806037 0.0239205
12 1175 0.0128171 0.0281742
12 1177 -0.000258357 0.0287291
12 1178 0.128112 0.0450201
12 1019 0.134366 0.0538337
12 725 -0.0202643 0.0422678
12 1235 -0.0440494 0.0437262
5 1257 0.102488 0.0798736
12 1257 0.122846 0.0573228
12 245 -0.00813754 0.0449988
12 238 0.0367467 0.0547155
12 1184 -0.0676271 0.0502973
12 884 0.101075 0.0621939
12 888 -0.0328585 0.0559675
12 889 0.0366228 0.0660168
5 1258 0.0649417 0.0960536
12 1258 0.0769155 0.0695128
12 1023 0.146072 0.077857
12 255 0.0164781 0.0671707
12 1028 -0.0713049 0.0616778
12 414 -0.0572093 0.0636009
12 1027 0.00893323 0.0679247
12 1030 -0.0497307 0.0672262
12 1185 -0.0791241 0.0683438
12 1218 0.147183 0.0914436
12 247 -0.0585944 0.0726902
12 892 -0.0336182 0.0747811
12 262 0.051185 0.0817502
12 1187 0.0656215 0.0837237
5 1259 -0.0984103 0.11087
12 1259 -0.0860731 0.0737068
12 1031 -0.00646306 0.0794418
12 1032 -0.0161583 0.0794034
12 1188 -0.0789377 0.0806964
12 1190 -0.0657738 0.0829537
12 1192 -0.0745156 0.0860782
12 895 -0.042383 0.0863215
5 1260 -0.0915942 0.13371
12 1260 -0.0804393 0.0986602
12 1195 -0.0740246 0.102482
12 897 -0.0425077 0.113761
12 1197 -0.0812298 0.115318
12 600 0.0925683 0.13591
12 1198 0.0742208 0.132602
12 1219 0.00431434 0.127155
12 1200 -0.0788909 0.132858
12 898 0.1216 0.157954
12 1202 -0.0112109 0.167413
12 1047 0.01842 0.171781
12 1046 0.110152 0.182967
12 327 0.0293191 0.173062
12 1221 0.0370854 0.174201
12 1051 0.0610549 0.188668
12 1229 0.117266 0.207639
12 1204 0.0311221 0.197847
12 1222 0.0429773 0.199423
12 447 0.0244662 0.204671
12 786 -0.0176656 0.217162
12 910 0.00940971 0.233037
12 1207 0.0533762 0.238325
12 1059 0.0460621 0.247056
12 1208 0.0867069 0.255414
12 1060 0.0685678 0.252022
12 928 0.0121914 0.260954
12 1224 0.0276215 0.26823
13 544 -0.0252437 -0.31337
5 1261 -0.105486 -0.300462
13 1261 -0.0205644 -0.308248
13 10 -0.0148742 -0.301725
13 15 -0.002918 -0.28478
13 20 0.00321079 -0.274194
13 1236 -0.0766021 -0.271169
13 837 0.0213084 -0.244709
13 684 0.0369916 -0.214048
13 980 -0.047752 -0.16685
5 1262 -0.0741107 -0.136278
13 1262 0.00670654 -0.158491
13 371 -0.01915 -0.139473
13 1231 -0.0115013 -0.134783
5 1105 -0.0834428 -0.110032
5 1263 0.0558799 -0.110043
13 1263 0.138437 -0.132143
13 1249 0.00384153 -0.11982
13 916 0.171969 -0.112679
13 986 0.0239155 -0.102005
13 988 0.0503455 -0.0987389
13 1251 0.115061 -0.105125
13 141 -0.0489657 -0.0833634
13 791 0.132926 -0.0804771
13 384 -0.0424972 -0.0775338
5 1264 -0.115644 -0.0618442
13 1264 -0.0408839 -0.0762709
5 1265 0.0305189 -0.0490968
13 1265 0.107837 -0.0633115
13 852 0.180171 -0.0422718
13 1138 0.164244 -0.0410584
5 958 -0.0285058 -0.0368637
5 1266 -0.11792 -0.0343842
13 1266 -0.0442256 -0.050293
5 1267 0.125028 -0.0272388
13 1267 0.203968 -0.0344869
5 1268 0.0956231 -0.0171814
13 1268 0.172614 -0.0219698
13 1143 0.224629 -0.0152257
5 1269 -0.14021 -0.00936191
13 1269 -0.0674649 -0.0339729
13 1145 -0.062641 -0.0333245
13 1146 -0.0530674 -0.0321945
5 1270 -0.158672 -0.00856067
13 1270 -0.0848202 -0.034663
5 1271 -0.148491 -0.00872512
13 1271 -0.0740625 -0.0343509
13 1149 -0.116657 -0.0345371
5 1272 -0.196762 -0.00505697
13 1272 -0.12209 -0.0342472
5 1273 -0.200425 -0.00423946
13 1273 -0.125954 -0.0335788
5 1274 -0.109244 -0.00306336
13 1274 -0.034813 -0.0262952
13 869 0.0562597 -0.0140883
13 1255 -0.0442481 -0.0221019
5 1275 -0.052115 0.00296564
13 1275 0.0225097 -0.0151811
5 188 0.113335 0.00869649
13 1157 0.0138975 -0.0102717
13 1160 0.0293281 -0.00574894
5 1276 -0.106557 0.0146748
13 1276 -0.0345105 -0.00813031
13 1008 -0.0985111 -0.00982794
13 921 -0.0250902 -0.0142437
13 1241 0.0686737 0.00029778
5 1277 0.151517 0.01482
13 1277 0.229345 0.00923944
5 1092 -0.134996 0.0169522
13 1216 0.0854477 0.00714444
13 922 -0.0604162 0.00514518
13 646 0.0911028 0.0142129
13 195 0.164897 0.016311
5 675 -0.153335 0.026474
13 714 0.0821494 0.0136938
5 1278 0.165096 0.0267793
13 1278 0.24562 0.0177578
5 1279 -0.124323 0.0305249
13 1279 -0.0532127 0.0167853
13 1013 0.0926201 0.0183741
13 1167 0.0426315 0.0167056
13 1168 0.0335813 0.016134
13 1069 0.0217565 0.0161161
13 1242 0.0109398 0.0319523
13 1175 0.0712377 0.0429127
13 1070 0.205842 0.0543418
13 1177 0.0622642 0.0440813
13 1178 0.184061 0.0539569
5 1280 -0.0428785 0.0681085
13 1280 0.0298275 0.0476236
13 1179 -0.00933411 0.0391616
13 1243 -0.00151163 0.0558719
13 1181 -0.0146235 0.057233
13 1235 0.0135602 0.0602915
13 883 0.215728 0.0745969
13 729 0.0552132 0.0702759
13 482 0.146132 0.0704604
13 884 0.167407 0.0729947
13 886 0.00802287 0.0706474
13 1026 0.034526 0.0727001
13 580 0.084367 0.081391
5 1281 -0.0951143 0.0992154
13 1281 -0.0255696 0.0778406
5 1282 -0.0880389 0.0996362
13 1282 -0.0180996 0.0783785
13 1028 -0.00700563 0.0795248
13 1185 -0.0214765 0.0855877
13 736 0.0977967 0.0916616
13 262 0.111591 0.0934661
13 1259 -0.0296798 0.090492
13 1032 0.0467054 0.0948446
13 1188 -0.0215225 0.0972028
13 1191 0.186947 0.101093
13 1192 -0.0170115 0.103128
13 1260 -0.0231402 0.116571
13 1195 -0.0158116 0.120161
5 1283 0.10704 0.141814
13 1283 0.183847 0.123627
13 897 0.016742 0.128977
5 598 0.107678 0.151145
13 1198 0.135022 0.141891
13 1199 0.158719 0.154662
5 1284 0.0439511 0.162747
13 1284 0.114881 0.151901
13 1039 0.183573 0.159479
13 1200 -0.027172 0.148606
13 1042 0.171052 0.159557
5 1285 -0.0859049 0.172393
13 1285 -0.0206252 0.157712
5 1286 0.122713 0.172308
13 1286 0.195712 0.170719
13 1045 0.0558621 0.164176
5 1287 0.111208 0.183595
13 1287 0.182756 0.182264
13 1220 0.128833 0.184144
13 1048 0.0355784 0.180738
13 1047 0.0785265 0.183195
13 1203 0.091976 0.184367
13 324 0.141527 0.190364
13 1051 0.119447 0.197672
5 1053 -0.0791068 0.209068
13 1204 0.0898076 0.207984
13 1205 0.0595497 0.206926
13 1222 0.102175 0.209153
13 447 0.0819412 0.215017
13 786 0.0383576 0.229682
13 939 0.0795215 0.23302
13 1058 0.0293382 0.237373
13 1223 0.101132 0.255728
14 2 -0.184138 -0.314861
14 44 -0.0715814 -0.221594
14 977 0.0798252 -0.208763
14 453 -0.0870422 -0.0864809
14 120 -0.0228878 -0.0786931
14 133 -0.00417544 -0.0695948
5 1288 -0.183892 -0.00668584
14 1288 -0.0342324 -0.00807907
14 1153 0.155965 0.00447562
14 1002 0.155328 0.00476979
14 1161 0.119021 0.00741971
14 1169 0.128089 0.0407934
5 1289 -0.0852585 0.046957
14 1289 0.101819 0.0351526
5 678 -0.333017 0.0514397
5 1022 0.113576 0.0897563
14 629 0.228698 0.10198
14 924 0.127764 0.105887
14 1031 0.152964 0.108526
14 1198 0.229961 0.148385
14 898 0.263998 0.164903
14 759 0.154217 0.213483
14 1059 0.19585 0.260593
7 5 -0.0968514 -0.301451
6 1290 -0.0624543 -0.28587
7 1290 -0.0871602 -0.281094
6 1291 -0.0580187 -0.277574
7 1291 -0.0837275 -0.27257
7 15 -0.0797784 -0.263246
7 20 -0.075753 -0.25239
6 1292 -0.254974 -0.256473
7 1292 -0.287924 -0.249758
6 1293 -0.0409159 -0.242573
7 1293 -0.0700524 -0.238147
6 1294 -0.147997 -0.228607
7 1294 -0.201183 -0.224128
7 42 -0.0801567 -0.213258
7 641 0.224404 -0.210319
7 1126 0.218539 -0.207136
7 978 -0.183949 -0.208503
7 1130 -0.17655 -0.201127
6 1295 0.0583775 -0.205722
7 1295 -0.0246119 -0.202712
7 1131 -0.173942 -0.19884
6 1296 -0.0613319 -0.195913
7 1296 -0.0927488 -0.191547
6 805 0.243528 -0.184937
6 1297 -0.0984992 -0.175806
7 1297 -0.146426 -0.170915
6 1298 0.217378 -0.174567
7 1298 0.167707 -0.169298
6 1299 -0.0866577 -0.160588
7 1299 -0.13349 -0.156368
6 1300 0.179525 -0.146046
7 1300 0.130683 -0.140371
7 983 -0.120765 -0.111212
7 106 -0.1286 -0.0986019
7 373 -0.205913 -0.097439
6 115 -0.19327 -0.0986286
7 372 -0.10204 -0.0921263
7 119 -0.17873 -0.0894391
6 1301 -0.142417 -0.0898885
7 1301 -0.172228 -0.0859529
7 120 -0.163921 -0.0828339
6 1302 -0.127251 -0.0825735
7 1302 -0.157052 -0.0782783
7 133 -0.147767 -0.0731831
6 1303 -0.110834 -0.0720341
7 1303 -0.141506 -0.0675904
7 144 -0.167203 -0.0637969
6 493 -0.0521376 -0.0642926
7 990 0.0391885 -0.0572423
6 1304 0.022855 -0.0591906
7 1304 -0.0272412 -0.0535368
7 847 -0.050517 -0.0501783
6 1305 -0.113499 -0.0469985
7 1305 -0.146372 -0.0423282
7 994 -0.0843543 -0.039977
6 1306 0.00317702 -0.0366124
7 1306 -0.0408361 -0.0316806
7 997 -0.100851 -0.028325
6 1307 0.0224372 -0.026518
7 1307 -0.0170687 -0.0217799
7 776 0.101189 -0.0216135
7 936 0.00890475 -0.018917
7 177 0.16689 -0.0162362
6 1308 -0.0622384 -0.0182837
7 1308 -0.114668 -0.0133701
6 1076 0.106498 -0.0155688
7 1149 -0.225588 -0.00904905
6 1309 -0.178902 -0.0130087
7 1309 -0.219779 -0.00935952
6 1310 -0.144436 -0.0130185
7 1310 -0.182477 -0.00852084
6 1212 -0.13686 -0.0128177
6 1311 -0.196276 -0.0117783
7 1311 -0.246927 -0.00738034
6 1312 -0.191935 -0.0119692
7 1312 -0.240728 -0.00815599
6 1313 -0.128618 -0.0120842
7 1313 -0.172856 -0.00818332
6 1215 -0.216241 -0.00891582
6 1314 -0.018627 -0.0062127
7 1314 -0.0572131 -0.00196419
6 1315 -0.171105 -0.00244231
7 1315 -0.221145 0.00174442
6 1316 -0.120149 0.000467673
7 1316 -0.1681 0.00499578
7 1067 -0.130461 0.00601454
6 1317 -0.0484042 0.00429605
7 1317 -0.0983838 0.00846606
7 1150 0.0325193 0.00940429
7 864 0.139929 0.0107135
7 1159 -0.175947 0.0121481
7 1157 -0.102279 0.0147418
6 1214 0.13292 0.0106925
6 782 -0.0795649 0.0159205
6 1318 -0.0457908 0.0221382
7 1318 -0.0877969 0.0266926
7 646 -0.0116385 0.0369252
7 1168 -0.0997546 0.0445072
7 1069 -0.114642 0.0456289
6 1319 -0.103959 0.0426424
7 1319 -0.162913 0.0475413
6 1320 -0.0336384 0.0478074
7 1320 -0.0824395 0.0533227
7 1171 -0.0737224 0.0523344
6 1321 0.155857 0.0495869
7 1321 0.111411 0.0567476
7 1173 -0.0884353 0.0544757
6 1322 -0.0528132 0.0512731
7 1322 -0.0999906 0.0559554
6 1323 -0.0867732 0.0549683
7 1323 -0.142162 0.0591791
6 1324 -0.0718858 0.0543692
7 1324 -0.122394 0.0592512
7 1179 -0.158118 0.0703035
6 1179 -0.0905423 0.0670176
6 1325 -0.0755022 0.0722069
7 1325 -0.120994 0.0761557
7 1178 0.0574767 0.0817788
6 1326 0.122925 0.0769605
7 1326 0.0771517 0.0837535
6 1327 -0.0585071 0.0788933
7 1327 -0.106182 0.0831602
7 1182 -0.145581 0.0889482
6 1328 0.108329 0.0842324
7 1328 0.061013 0.0912616
6 232 -0.0914917 0.0862326
7 647 -0.0717309 0.0913461
6 1329 0.50596 0.0864893
7 1329 0.506173 0.0978611
7 1184 -0.127488 0.091948
6 888 -0.0551746 0.0912266
6 1330 0.153217 0.0907962
7 1330 0.109443 0.0981165
7 1026 -0.0900501 0.0982337
7 1020 0.076825 0.099652
6 1331 -0.0987735 0.0954868
7 1331 -0.143181 0.100245
7 883 0.0880092 0.101368
6 1332 0.145193 0.0955657
7 1332 0.101218 0.103019
7 412 -0.133249 0.102185
6 1333 0.107447 0.0994582
7 1333 0.0579236 0.106526
7 1022 0.0692027 0.105666
7 889 -0.0387703 0.107014
6 1334 0.124104 0.100697
7 1334 0.0780239 0.107597
7 1023 0.0721138 0.114376
7 1188 -0.136928 0.118391
6 1335 -0.0107477 0.11343
7 1335 -0.0594392 0.119109
6 1032 -0.0336514 0.114544
6 1218 0.121138 0.11773
7 1192 -0.132504 0.123407
6 1336 0.110156 0.120271
7 1336 0.0656178 0.126832
7 488 0.01021 0.127969
6 1337 0.15575 0.122193
7 1337 0.120423 0.129953
7 1193 -0.142293 0.128472
6 1338 0.114297 0.124238
7 1338 0.0697256 0.131076
7 1191 0.0311488 0.134573
7 1194 0.030667 0.146824
7 1197 -0.135153 0.149123
7 595 0.0186029 0.151734
6 1339 0.137403 0.158515
7 1339 0.100182 0.166379
7 748 -0.00601861 0.172264
6 1340 0.124983 0.169699
7 1340 0.085665 0.17779
6 1341 -0.0836502 0.178846
7 1341 -0.119037 0.184029
6 1342 -0.00797419 0.178616
7 1342 -0.0519638 0.184572
6 1343 -0.216467 0.179934
7 1343 -0.285613 0.183113
7 325 -0.110061 0.190318
6 1344 0.129385 0.189324
7 1344 0.0934165 0.196786
7 490 -0.0928192 0.195458
6 1345 0.0677135 0.194664
7 1345 0.0235227 0.202261
7 1047 -0.0450909 0.202612
6 1346 0.0257336 0.199069
7 1346 -0.0158723 0.205836
6 1220 0.0491319 0.199107
6 1347 -0.0253721 0.221236
7 1347 -0.0664782 0.226774
6 1348 -0.0233025 0.221358
7 1348 -0.0652667 0.22701
6 1349 0.0987959 0.224992
7 1349 0.0526251 0.23373
6 1350 0.0374985 0.230947
7 1350 -0.00407974 0.237357
6 1351 -0.00247466 0.24409
7 1351 -0.0433193 0.249888
6 1352 -0.0380608 0.246345
7 1352 -0.0754189 0.252052
6 1353 -0.0304972 0.246591
7 1353 -0.0688956 0.252183
6 765 0.0930434 0.256492
6 1354 -0.275316 -0.280353
8 1354 -0.311306 -0.27698
8 15 -0.0779959 -0.268624
8 20 -0.0757671 -0.257714
8 1126 0.194901 -0.218321
6 1355 -0.105311 -0.183672
8 1355 -0.178442 -0.185718
8 79 -0.187812 -0.167485
8 86 -0.179073 -0.16263
6 1356 -0.116484 -0.157451
8 1356 -0.168045 -0.158273
6 1357 -0.101527 -0.142656
8 1357 -0.156249 -0.14456
6 1226 -0.0950055 -0.133749
6 1358 -0.0607862 -0.12568
8 1358 -0.123054 -0.126958
8 96 -0.157947 -0.124155
8 548 -0.212886 -0.100554
6 1359 0.0329691 -0.0992231
8 1359 -0.0633643 -0.101099
8 376 -0.221222 -0.0989841
8 119 -0.179446 -0.0947159
8 1064 0.0491847 -0.0932552
6 1360 0.0257341 -0.0862336
8 1360 -0.0659113 -0.0882393
8 126 -0.115336 -0.0796916
6 59 0.0268365 -0.0738419
8 493 -0.11647 -0.0661553
8 1065 -0.195346 -0.0591705
8 847 -0.079064 -0.0570465
8 136 0.164917 -0.035504
8 175 -0.138959 -0.0374173
8 1138 0.078076 -0.0259424
8 177 0.155006 -0.0208802
8 863 -0.0239528 -0.0204183
8 1309 -0.228817 -0.0165468
8 1148 -0.212305 -0.0160762
6 1361 0.022197 -0.0126454
8 1361 -0.0352382 -0.0127871
8 1311 -0.270179 -0.0152743
8 1215 -0.287921 -0.0131037
8 1314 -0.071364 -0.00711894
8 1315 -0.21895 -0.00530061
8 1316 -0.193147 -0.00278097
8 1317 -0.108336 0.00290634
8 1157 -0.121434 0.00834943
8 1153 -0.0348078 0.0107583
8 707 -0.00148477 0.0114075
8 1214 0.0817484 0.01293
6 1362 0.169931 0.0127297
8 1362 0.1045 0.0152923
8 1160 -0.103499 0.0129101
6 1363 -0.0623217 0.0188264
8 1363 -0.122937 0.0174941
8 1318 -0.106872 0.0211767
8 646 -0.0228584 0.032072
8 195 0.0426006 0.0366203
8 1166 -0.0993818 0.0355068
8 1069 -0.12892 0.0383646
8 1173 -0.116849 0.0487688
8 1322 -0.126719 0.0494486
6 1364 -0.0144067 0.051695
8 1364 -0.0599211 0.0525205
8 1323 -0.155673 0.0530555
8 208 0.0792142 0.0630632
8 923 -0.104003 0.0610097
8 1174 -0.043834 0.0634936
8 1325 -0.139801 0.0702242
8 1178 0.0349924 0.0782414
8 1181 -0.152319 0.0739114
8 1326 0.0538569 0.0809196
6 244 -0.0498319 0.0828453
8 1328 0.0373703 0.0878235
8 647 -0.100438 0.0860982
8 484 -0.0543748 0.0897673
8 1330 0.0890716 0.0960384
8 1020 0.0521642 0.0965645
8 1332 0.0827692 0.100753
8 1333 0.0311188 0.103404
8 1022 0.043198 0.102749
8 1185 -0.159023 0.1001
8 580 -0.0760251 0.102159
8 734 -0.0989012 0.103624
8 1023 0.0458787 0.111347
6 892 -0.0502265 0.110184
6 1365 0.14072 0.109873
8 1365 0.0839728 0.115461
6 1366 -0.154642 0.110894
8 1366 -0.264744 0.106035
8 740 -0.0895798 0.113495
8 262 -0.0561565 0.114571
8 1218 0.0561409 0.122742
8 1337 0.113122 0.129468
8 1338 0.0481397 0.128274
8 1191 -0.00715517 0.130369
8 273 -0.0321033 0.130478
8 1195 -0.148671 0.132342
6 1367 0.116166 0.135902
8 1367 0.0517419 0.141449
8 1035 -0.142262 0.134708
8 1194 -0.00953283 0.142904
8 1201 -0.309702 0.148204
8 1041 -0.136217 0.155182
6 504 0.00380801 0.164996
8 748 -0.029883 0.16854
8 1343 -0.334188 0.171101
8 1344 0.0831769 0.196741
8 490 -0.11566 0.188844
8 1047 -0.0650089 0.198918
8 1346 -0.0373117 0.202386
8 1204 -0.0487084 0.222831
8 765 0.0482796 0.263761
6 1368 0.0631869 0.279991
8 1368 0.0102436 0.286992
6 1369 0.0562776 0.281183
8 1369 0.00421093 0.287194
6 1370 0.0102529 0.289384
8 1370 -0.041143 0.293631
9 448 0.0907015 -0.350592
9 351 -0.35253 -0.310233
9 1291 -0.11088 -0.276844
9 15 -0.10845 -0.267142
9 17 -0.118561 -0.261314
9 20 -0.106309 -0.256492
9 798 0.192001 -0.23484
9 933 0.168714 -0.221498
9 641 0.158961 -0.217172
9 1126 0.152895 -0.213701
6 1371 0.264125 -0.210638
9 1371 0.149801 -0.212449
6 1372 0.246646 -0.203489
9 1372 0.133645 -0.204794
9 1298 0.0999237 -0.174135
6 1373 -0.132635 -0.173164
9 1373 -0.221868 -0.172674
9 1356 -0.207545 -0.157488
9 1300 0.0652442 -0.144811
9 773 0.0347401 -0.116358
9 548 -0.245513 -0.0998009
9 1359 -0.107248 -0.0991405
9 1064 0.0100361 -0.0900223
9 1360 -0.109212 -0.0863764
9 483 -0.110813 -0.0753257
9 59 -0.1011 -0.072647
6 1374 -0.15692 -0.0566549
9 1374 -0.23115 -0.0570087
6 123 0.213496 -0.0479216
9 692 0.07408 -0.0318593
9 1138 0.045342 -0.0225324
9 1307 -0.0701439 -0.024314
9 1361 -0.0733367 -0.00959349
9 1312 -0.307219 -0.0150811
6 1375 -0.157898 -0.008267
9 1375 -0.240453 -0.00849693
9 1315 -0.260334 -0.00401861
9 1156 -0.112725 0.0107119
9 1157 -0.160574 0.0102766
9 1362 0.0651769 0.0189898
9 1161 -0.17045 0.0183761
9 1363 -0.161292 0.0197349
9 1166 -0.139993 0.0377783
9 1364 -0.095063 0.0553186
9 1323 -0.193951 0.0552218
9 923 -0.145162 0.0637572
9 1176 -0.036336 0.0752418
9 1326 0.0134555 0.0850839
9 647 -0.14224 0.0887177
9 1329 0.464095 0.104601
9 233 -0.0757149 0.0923371
9 1330 0.0504098 0.0995561
9 1026 -0.160148 0.0940683
9 1332 0.0443422 0.104328
6 1030 -0.0661508 0.102385
9 579 -0.109606 0.105171
9 1023 0.00512844 0.115293
9 1365 0.0457016 0.119064
9 1190 -0.189736 0.117924
9 1218 0.0166714 0.126491
9 1191 -0.0520012 0.133768
9 745 -0.135173 0.141811
6 1376 0.0832375 0.150666
9 1376 -0.0648028 0.157351
9 1201 -0.360348 0.150017
9 1041 -0.174681 0.1581
9 504 -0.104958 0.1696
9 1343 -0.385265 0.172708
9 1202 -0.129866 0.196284
9 756 -0.000251082 0.212681
9 466 -0.148247 0.218175
9 345 -0.143499 0.223883
9 1206 -0.112238 0.227419
9 760 -0.00564118 0.245289
9 1351 -0.0992857 0.249871
9 1074 -0.0351534 0.26791
9 1369 -0.0330754 0.291475
9 1370 -0.0800341 0.29708
10 361 -0.323215 -0.316375
6 1377 -0.238218 -0.236318
10 1377 -0.319258 -0.291468
10 1061 -0.279941 -0.307894
10 974 -0.277267 -0.306452
10 1125 -0.272678 -0.303414
10 975 -0.264496 -0.296422
10 978 -0.250419 -0.282856
10 1130 -0.242235 -0.27463
6 1378 -0.119001 -0.198602
10 1378 -0.233033 -0.265542
10 86 -0.219856 -0.217032
6 1379 0.0436647 -0.160724
10 1379 -0.123438 -0.248103
6 1380 0.0437513 -0.144692
10 1380 -0.112914 -0.227349
10 1357 -0.191475 -0.198997
10 981 -0.12443 -0.216249
6 1381 0.0370557 -0.134561
10 1381 -0.114057 -0.214424
6 1382 0.0323311 -0.113459
10 1382 -0.108006 -0.18778
10 106 -0.18049 -0.158322
10 548 -0.256248 -0.148402
10 1359 -0.0996154 -0.17033
10 1301 -0.217601 -0.14023
6 1383 0.0156635 -0.0895631
10 1383 -0.116293 -0.159461
10 1360 -0.10301 -0.155238
10 126 -0.155447 -0.132477
10 59 -0.0965429 -0.139341
10 151 -0.205414 -0.110935
10 847 -0.117458 -0.119183
10 850 -0.128659 -0.111621
6 1384 0.0102106 -0.0501465
10 1384 -0.100458 -0.11105
10 123 0.12993 -0.0948432
10 690 -0.0337917 -0.102328
10 935 0.0629448 -0.0728872
10 863 -0.0622027 -0.0740152
10 1361 -0.0743629 -0.0653201
10 1067 -0.203794 -0.0661579
10 1317 -0.15031 -0.0510446
6 1385 -0.0105037 0.00468811
10 1385 -0.102794 -0.0468418
10 645 0.05176 -0.0422099
10 710 -0.0720359 -0.0405619
10 1157 -0.162837 -0.0470335
10 920 -0.0878669 -0.0390505
10 1363 -0.164584 -0.0371363
10 646 -0.0627675 -0.0168444
10 1166 -0.138827 -0.0222692
10 1319 -0.243049 -0.027913
6 1386 -0.105515 0.0538909
10 1386 -0.235406 -0.0134779
10 923 -0.144404 0.00274071
10 1175 -0.116663 0.00726166
10 1176 -0.0338523 0.0143363
10 1178 -0.00368957 0.0232134
6 1387 -0.0671082 0.0758556
10 1387 -0.181539 0.0164023
6 519 -0.15813 0.0836469
10 1328 -0.00148359 0.0320486
10 232 -0.201315 0.0288459
10 572 -0.0982072 0.0328825
10 888 -0.170069 0.0335158
10 1026 -0.158011 0.0348348
10 1331 -0.206571 0.0386226
10 1332 0.0448633 0.0469926
10 1022 0.00509978 0.0452185
10 1023 0.0077001 0.0547342
10 736 -0.106066 0.0547279
10 1188 -0.199453 0.0585623
10 262 -0.0964182 0.057027
10 1337 0.0730474 0.0827139
10 1338 0.00921664 0.0745522
10 1191 -0.0452268 0.0668903
10 1367 0.0138426 0.0881699
10 1035 -0.183963 0.0816141
10 433 -0.179187 0.0842197
10 1201 -0.35758 0.076029
10 504 -0.103943 0.113315
10 748 -0.0693058 0.113856
10 1343 -0.382583 0.0978606
10 325 -0.17028 0.133804
6 1388 0.105145 0.19692
10 1388 -0.041997 0.135234
10 756 -0.00187725 0.158238
6 1389 0.112409 0.210076
10 1389 -0.0370116 0.147732
10 1348 -0.125394 0.173056
10 760 -0.00850818 0.1927
10 1056 -0.0593868 0.192635
6 1390 -0.0296926 0.256429
10 1390 -0.125748 0.209752
10 614 -0.0568793 0.220766
10 1369 -0.0372869 0.241745
11 1292 -0.309104 -0.326356
11 1377 -0.289955 -0.301853
11 798 0.263693 -0.309482
11 1294 -0.220863 -0.31123
11 932 0.247893 -0.298396
11 42 -0.0889393 -0.272346
11 978 -0.206634 -0.296998
11 1131 -0.195103 -0.284172
6 1391 -0.116521 -0.195962
11 1391 -0.187434 -0.275745
11 1296 -0.102793 -0.251327
6 1392 0.209332 -0.182222
11 1392 0.15874 -0.250939
11 1298 0.164384 -0.245268
6 86 -0.137487 -0.16389
11 1132 -0.17515 -0.223089
6 1393 0.197065 -0.159894
11 1393 0.143624 -0.22847
11 1356 -0.165962 -0.216278
11 1300 0.125692 -0.213462
11 1380 -0.0439945 -0.238013
11 981 -0.0571941 -0.225863
11 1381 -0.0472401 -0.224283
11 1226 -0.146199 -0.193072
6 1394 0.162191 -0.132601
11 1394 0.108167 -0.198153
6 1395 0.0339021 -0.123333
11 1395 -0.047417 -0.20877
11 983 -0.135242 -0.173109
6 1396 0.0392986 -0.109504
11 1396 -0.0359644 -0.189123
11 106 -0.143783 -0.161765
11 372 -0.115969 -0.152764
11 119 -0.193507 -0.144108
11 1383 -0.0584344 -0.165236
11 120 -0.178201 -0.137538
6 1397 -0.00772374 -0.0873497
11 1397 -0.0814256 -0.162144
11 1360 -0.0465159 -0.161155
6 133 -0.125886 -0.0816243
11 126 -0.117732 -0.134425
11 917 0.046749 -0.138263
6 1398 -0.0104017 -0.0736972
11 1398 -0.0809972 -0.145856
6 1399 -0.0965366 -0.0617847
11 1399 -0.156751 -0.122839
11 1304 -0.0422122 -0.125579
11 1384 -0.0530532 -0.114454
6 1400 0.0302233 -0.0477192
11 1400 -0.0176986 -0.100296
11 994 -0.101496 -0.110038
6 1401 0.00092758 -0.044793
11 1401 -0.0621388 -0.107827
6 123 0.218758 -0.044501
11 692 0.104887 -0.0794255
11 775 0.129283 -0.0856828
11 1306 -0.055653 -0.0968904
11 997 -0.119761 -0.100194
6 1402 0.162104 -0.0322283
11 1402 0.119904 -0.0803215
11 935 0.0995697 -0.0726857
11 936 -0.002373 -0.0769981
11 1308 -0.135604 -0.086566
6 1403 0.201247 -0.0189537
11 1403 0.153063 -0.071497
6 1404 -0.103856 -0.0139059
11 1404 -0.176843 -0.0776194
11 1361 -0.031795 -0.0666028
11 1314 -0.0737585 -0.0607734
11 1315 -0.247065 -0.0716557
11 1067 -0.152554 -0.0693314
6 1405 -0.0688901 0.00160251
11 1405 -0.142963 -0.0637137
11 1150 0.0245606 -0.0354483
11 1385 -0.0636725 -0.0469733
11 645 0.0958785 -0.0414474
11 877 -0.331665 -0.0682794
11 1154 -0.099354 -0.0489237
11 1001 -0.0831048 -0.0457024
11 1157 -0.12006 -0.04803
11 920 -0.04671 -0.0390237
6 1406 -0.119487 0.0153638
11 1406 -0.198617 -0.0557494
6 1407 0.0257247 0.0327891
11 1407 -0.0239776 -0.015092
11 1166 -0.0924106 -0.0233891
11 1168 -0.119454 -0.0234931
11 1069 -0.136574 -0.0248953
11 1319 -0.189575 -0.0303883
11 1015 -0.152326 -0.0205714
11 1320 -0.101792 -0.0129124
11 1324 -0.145207 -0.00840754
11 923 -0.0960686 0.00237966
6 1408 -0.0848337 0.0635389
11 1408 -0.163805 -0.00333048
11 1176 0.0171822 0.0141378
6 1409 -0.152669 0.0738652
11 1409 -0.243274 -0.0006616
11 1178 0.0449274 0.0238572
11 1181 -0.152601 0.0197682
6 1410 0.0920132 0.0794327
11 1410 0.0316998 0.0272575
11 519 -0.250539 0.0085408
11 1328 0.0489176 0.0323824
11 232 -0.158639 0.0295219
11 572 -0.0507497 0.0333447
11 1330 0.0992967 0.0431669
11 1331 -0.16619 0.039294
11 883 0.0762312 0.0449049
11 1332 0.0918765 0.0484432
11 1333 0.0446284 0.047093
11 580 -0.0665426 0.0448679
11 1365 0.0897952 0.0660575
11 259 -0.0294793 0.0608195
11 1218 0.0651215 0.0715881
11 1193 -0.164793 0.0739079
11 1195 -0.152395 0.0822093
6 1411 -0.0982573 0.139389
11 1411 -0.16028 0.0902865
11 1194 0.0131919 0.0783391
6 902 -0.0542594 0.164007
11 753 0.00433224 0.138372
11 1344 0.08246 0.154202
11 1345 0.00857949 0.151579
11 1388 0.0210802 0.135802
11 1203 -0.0477997 0.152743
11 1346 -0.0372142 0.153879
6 1053 -0.0756322 0.207336
11 1205 -0.0754015 0.175539
11 1351 -0.0630526 0.202916
11 1353 -0.0893288 0.206937
6 1412 -0.0147442 0.248651
11 1412 -0.0737869 0.209193
11 765 0.0230168 0.219308
11 1207 -0.0213162 0.218441
11 765 0.0437003 0.22502
11 1074 0.00313039 0.222656
11 1369 0.00221338 0.248713
11 1370 -0.0468344 0.255404
12 5 -0.0473529 -0.337063
6 1413 -0.0698757 -0.298291
12 1413 -0.0420474 -0.33114
12 1290 -0.0350911 -0.319848
12 1291 -0.0305286 -0.311818
12 362 0.380793 -0.297908
12 931 0.37299 -0.290031
12 798 0.361726 -0.282266
12 789 0.354357 -0.276863
12 975 -0.121854 -0.285803
12 641 0.316861 -0.262026
12 1127 0.298696 -0.254347
12 1296 -0.0363978 -0.233814
6 684 -0.0212217 -0.19454
6 1414 0.0471464 -0.194901
12 1414 0.0821836 -0.276798
6 1415 0.2272 -0.192943
12 1415 0.267073 -0.238533
6 69 -0.150164 -0.189475
6 1416 0.0661716 -0.185287
12 1416 0.10162 -0.265044
6 1417 0.0752334 -0.175692
12 1417 0.105647 -0.214976
12 1299 -0.063425 -0.210714
12 1379 0.0760108 -0.231788
6 1418 -0.0836111 -0.156159
12 1418 -0.0597031 -0.204545
12 1300 0.21672 -0.190675
6 1419 0.00719943 -0.139867
12 1419 0.0351046 -0.20035
12 981 0.0589747 -0.199382
6 1420 -0.0654847 -0.13229
12 1420 -0.0421812 -0.177833
6 94 -0.0867084 -0.12826
12 1358 -0.0371227 -0.169542
12 1395 0.0640268 -0.18322
6 1421 -0.0566413 -0.121331
12 1421 -0.0331934 -0.165187
6 1231 -0.0732737 -0.115352
12 1382 0.0618066 -0.17076
12 1396 0.0685634 -0.164103
6 1422 -0.0468459 -0.108794
12 1422 -0.0236679 -0.150774
6 1248 -0.0668467 -0.107092
6 1423 -0.00455796 -0.104235
12 1423 0.0220721 -0.158211
6 1249 -0.0588089 -0.100475
12 115 -0.175913 -0.133475
12 1359 0.0617349 -0.152566
12 1064 0.148482 -0.133095
6 526 0.0472657 -0.0908059
12 1383 0.0427455 -0.141125
12 120 -0.1149 -0.120645
12 1360 0.0530713 -0.137815
12 133 -0.0980977 -0.110741
12 483 0.0460695 -0.124888
12 1398 0.0144729 -0.122522
6 1210 -0.0352654 -0.0705662
6 623 -0.103882 -0.0683871
12 845 0.101787 -0.104174
12 990 0.111446 -0.100649
12 1304 0.0487869 -0.103295
12 1400 0.0556821 -0.0813983
12 991 0.237769 -0.078157
12 1305 -0.0946966 -0.0792029
12 997 -0.0293784 -0.0781744
12 776 0.158892 -0.0504349
12 936 0.0737497 -0.0575438
12 1139 0.181248 -0.0531663
12 177 0.241603 -0.0539867
12 1403 0.235325 -0.0507312
6 1424 -0.0285994 -0.0165193
12 1424 -0.00754559 -0.0491863
12 1149 -0.169832 -0.0582771
12 1310 -0.128452 -0.0555604
12 1212 -0.120649 -0.0546573
12 1361 0.0458375 -0.0467457
12 1311 -0.182448 -0.0585308
12 1313 -0.112728 -0.0532817
12 1315 -0.156886 -0.049232
12 1006 -0.196795 -0.0514144
12 1152 -0.130801 -0.0467146
12 1405 -0.0493339 -0.0365136
6 1425 0.160705 0.0018489
12 1425 0.189289 -0.021881
12 1159 -0.111656 -0.0341616
12 1008 -0.146812 -0.0307715
12 1157 -0.0394228 -0.0275276
12 921 -0.0926761 -0.0353858
12 1362 0.201695 -0.019996
6 1426 -0.124033 0.0291974
12 1426 -0.108786 -0.0172557
6 1427 0.170223 0.0347743
12 1427 0.200111 0.00595767
12 1166 -0.00589319 -0.00194684
12 1168 -0.0297405 -0.00160245
12 1167 -0.0181984 -0.000536575
12 1170 -0.106334 -0.00738507
12 1319 -0.0870231 -0.00590267
12 1321 0.18426 0.0211904
12 475 -0.114863 0.00129192
12 1322 -0.0341127 0.0117308
6 1428 -0.140016 0.053962
12 1428 -0.125935 0.00580134
12 1324 -0.0544723 0.0137217
6 1429 0.169271 0.0611992
12 1429 0.198524 0.035295
6 1430 -0.120808 0.067228
12 1430 -0.106141 0.0176543
12 212 0.160116 0.0379305
6 1431 0.164506 0.074005
12 1431 0.19335 0.0490705
12 1178 0.128716 0.0448086
12 1181 -0.0713306 0.0401155
12 1326 0.150439 0.0469211
12 1410 0.117899 0.0480468
6 1432 0.1454 0.0819242
12 1432 0.173357 0.0543081
6 479 -0.147909 0.0831222
12 232 -0.0762803 0.0501138
6 1433 0.0990905 0.0876202
12 1433 0.125449 0.0565042
12 1024 -0.0568532 0.0535919
12 482 0.0809041 0.0584971
12 1331 -0.0838927 0.0601235
12 883 0.15975 0.066915
12 1332 0.171717 0.0690251
6 1434 -0.0914383 0.0964818
12 1434 -0.0764183 0.0609868
6 1435 0.151747 0.0971841
12 1435 0.179525 0.0704062
12 1021 0.181154 0.07044
12 1333 0.133581 0.0682899
12 580 0.0227473 0.0670946
12 1366 -0.142681 0.059466
12 478 0.054005 0.082015
12 1336 0.136021 0.0910831
12 1186 0.171626 0.0994453
12 1337 0.181262 0.104081
12 1338 0.140249 0.0963505
12 1191 0.114716 0.0908049
12 1196 -0.162554 0.0800065
12 1367 0.142194 0.110603
6 1436 0.144158 0.135994
12 1436 0.169892 0.115631
12 1411 -0.0844652 0.109754
12 1194 0.115317 0.103212
6 1437 0.138053 0.140452
12 1437 0.163578 0.119411
12 595 0.094904 0.116861
6 1438 0.14623 0.145292
12 1438 0.17102 0.128389
6 1439 0.110137 0.145688
12 1439 0.137323 0.108951
12 1339 0.161312 0.142373
6 1440 0.0821631 0.190648
12 1440 0.104799 0.167976
12 1345 0.0885601 0.171882
12 1220 0.0683962 0.175424
12 759 0.00162156 0.190847
12 1052 0.0785559 0.193518
12 1347 -0.0120797 0.198091
12 1350 0.0553283 0.210145
6 1441 0.0823189 0.230068
12 1441 0.102323 0.211959
12 336 0.155457 0.200306
12 1351 0.0119313 0.222881
12 1412 2.095e-05 0.229218
12 765 0.0948319 0.238698
12 1370 0.0237884 0.274499
13 974 -0.0726051 -0.269207
13 798 0.405426 -0.2677
13 1294 -0.0674243 -0.264239
13 789 0.398798 -0.263972
13 641 0.360339 -0.24867
13 1126 0.353454 -0.24521
13 1127 0.340863 -0.24016
6 1442 0.232692 -0.196151
13 1442 0.321542 -0.230334
13 1296 -0.00562675 -0.21498
13 799 0.336836 -0.221503
13 805 0.331235 -0.218487
13 1298 0.305587 -0.208086
6 1443 0.189301 -0.168788
13 1443 0.269345 -0.197889
13 1380 0.152781 -0.189037
13 801 0.232035 -0.173254
13 981 0.136025 -0.178711
13 1382 0.132024 -0.152127
13 1135 0.20375 -0.138336
13 1136 -0.106276 -0.109942
13 1064 0.196954 -0.120375
13 483 0.109057 -0.107703
13 148 -0.00127853 -0.0785075
13 1065 -0.0958952 -0.075204
13 849 0.053854 -0.0783004
13 1306 0.0797927 -0.061282
13 1138 0.165256 -0.0411133
13 1307 0.0952044 -0.0487338
13 1139 0.21483 -0.0413305
13 550 0.17657 -0.0323704
13 1361 0.0933803 -0.0332247
6 668 0.129875 -0.0118654
13 1151 -0.129268 -0.0332675
13 1006 -0.133241 -0.0263027
13 1150 0.116799 -0.0085853
13 864 0.266063 -0.0201705
13 559 -0.25901 0.0121675
13 710 0.0852404 -0.0085718
6 1444 0.156092 0.0121569
13 1444 0.22264 -0.00483826
13 1158 0.188322 0.0017567
6 1092 -0.140045 0.023865
6 922 -0.136521 0.0275593
13 1322 0.0294277 0.0288133
13 211 0.136436 0.0324171
13 241 0.0628517 0.0634456
6 1445 0.105408 0.0856955
13 1445 0.191217 0.0629167
13 1184 -0.0070634 0.0681022
13 484 0.103429 0.0680736
13 1024 0.00326152 0.0704006
6 1446 0.0942924 0.0895884
13 1446 0.182061 0.0659378
13 1025 0.0158535 0.0713736
13 889 0.0969909 0.0796314
13 255 0.0805549 0.0813181
13 1365 0.217348 0.0909295
13 736 0.0938121 0.0908903
13 1031 0.0563065 0.0942757
13 895 0.01471 0.102355
13 1411 -0.029367 0.125937
6 926 0.0759459 0.180594
13 649 0.151312 0.165991
6 607 0.0798422 0.192055
6 1447 0.0951919 0.226084
13 1447 0.170985 0.213435
13 1350 0.112515 0.218466
13 1441 0.155053 0.218845
6 816 0.0154776 0.241968
13 1390 0.0372934 0.248955
13 1207 0.109157 0.246352
13 1208 0.138266 0.261122
14 849 0.139311 -0.0672226
14 777 0.148765 -0.0238564
14 700 0.178867 -0.0128259
14 1008 -0.0191266 0.0139183
14 195 0.237248 0.0211764
14 1324 0.114919 0.0435685
14 590 0.130308 0.106642
14 262 0.197901 0.100586
14 1047 0.174654 0.190862
7 1448 0.306355 -0.263004
8 1448 0.277331 -0.27699
7 1449 0.291939 -0.243213
8 1449 0.264471 -0.256647
7 1450 0.255653 -0.223815
8 1450 0.227759 -0.236079
7 1451 -0.211682 -0.207881
8 1451 -0.22234 -0.212631
7 1127 0.208316 -0.203163
7 1452 0.0618873 -0.199872
8 1452 0.0504302 -0.204773
7 1453 -0.185953 -0.185175
8 1453 -0.199199 -0.18984
7 1355 -0.153429 -0.178585
7 1356 -0.152098 -0.152835
7 1454 -0.0192536 -0.151906
8 1454 -0.0744959 -0.162795
7 1455 -0.121563 -0.141305
8 1455 -0.141185 -0.147192
8 1300 0.105737 -0.148258
7 1456 0.114781 -0.126882
8 1456 0.0899511 -0.13407
7 1457 0.0980229 -0.112866
8 1457 0.0742916 -0.11988
8 982 0.0605475 -0.106234
7 1360 -0.0304051 -0.0806121
7 59 -0.0266156 -0.0677106
7 1458 0.0304598 -0.0607919
8 1458 0.0111777 -0.06645
7 1459 -0.0710362 -0.0467868
8 1459 -0.0909417 -0.0529158
7 1460 0.177051 -0.041634
8 1460 0.168323 -0.0457311
8 492 0.00347275 -0.0473359
8 994 -0.109485 -0.0469988
7 1461 -0.0248153 -0.0388486
8 1461 -0.0469962 -0.0445538
8 997 -0.128529 -0.0351996
7 498 0.0078627 -0.0278403
8 1307 -0.0337427 -0.0278239
7 1462 0.0465415 -0.021967
8 1462 0.0492788 -0.0253801
7 1463 0.0674542 -0.0181486
8 1463 0.0674552 -0.0218955
7 1464 -0.0706206 -0.01416
8 1464 -0.0866996 -0.020293
7 1465 -0.149703 -0.0111331
8 1465 -0.176396 -0.0191424
7 1466 -0.231955 -0.00859114
8 1466 -0.254841 -0.0163525
7 1467 -0.244064 -0.00760157
8 1467 -0.267817 -0.015379
8 1077 -0.182554 -0.0141975
7 1361 -0.019195 -0.00647939
8 1215 -0.290232 -0.012973
7 1314 -0.0567157 -0.00128847
8 1155 -0.277275 -0.00614946
8 1315 -0.246134 -0.00618727
8 1067 -0.162622 -0.00166246
7 1468 -0.111671 0.00603043
8 1468 -0.130053 -0.000531973
8 1150 0.0312186 0.00603028
7 1469 -0.122503 0.0103415
8 1469 -0.143439 0.00354363
8 1001 -0.074897 0.00847498
7 1156 -0.0517383 0.0154301
8 920 -0.0474713 0.0118964
7 500 -0.115052 0.0221754
7 1470 0.00310546 0.0230095
8 1470 -0.00563652 0.0183899
7 879 -0.362701 0.0239932
7 1363 -0.103292 0.0242186
8 1011 -0.0975961 0.0224819
8 1216 -0.0307482 0.0242651
7 1471 0.124833 0.0303222
8 1471 0.104215 0.026622
7 1012 -0.0431485 0.0322459
7 1472 -0.392484 0.0389841
8 1472 -0.417419 0.0286462
7 1473 0.139794 0.0539071
8 1473 0.129977 0.0513937
7 1173 -0.0913534 0.0547228
7 1474 0.112865 0.0551054
8 1474 0.0922526 0.051276
7 1322 -0.102897 0.056182
7 1475 0.0681689 0.0672861
8 1475 0.0502605 0.06278
7 1476 0.128705 0.0679212
8 1476 0.112522 0.0654296
7 1477 -0.0486902 0.0707191
8 1477 -0.0698776 0.0649602
8 878 0.0611325 0.0669886
7 1478 0.126836 0.0695552
8 1478 0.110547 0.0668161
8 558 0.126702 0.0712691
8 1327 -0.127151 0.0763231
7 654 -0.157112 0.0861747
7 224 -0.00948638 0.0867538
7 422 -0.219852 0.0882327
7 1479 0.0624337 0.0908586
8 1479 0.0383181 0.0873763
7 1480 0.130607 0.0902822
8 1480 0.122189 0.0885658
7 1481 -0.0545456 0.0919956
8 1481 -0.0826373 0.0852411
8 647 -0.100273 0.08483
7 1482 -0.0927835 0.0976741
8 1482 -0.117126 0.0917937
7 1483 -0.086705 0.0987692
8 1483 -0.113101 0.0927468
8 883 0.0664466 0.0979059
7 1484 0.111873 0.102922
8 1484 0.0926467 0.100516
8 734 -0.109653 0.10309
7 1485 0.1245 0.110196
8 1485 0.115723 0.108951
8 1079 -0.133744 0.103832
7 1486 -0.101569 0.114251
8 1486 -0.126925 0.108376
7 1365 0.102134 0.118482
8 259 -0.0469607 0.116182
7 1487 0.126099 0.122385
8 1487 0.120056 0.122038
8 1336 0.0435527 0.1229
7 1488 0.108086 0.128453
8 1488 0.0926168 0.126802
7 1489 -0.11015 0.146127
8 1489 -0.131209 0.139479
7 1490 0.101137 0.147343
8 1490 0.0868313 0.145628
7 1491 0.113265 0.152024
8 1491 0.106778 0.15125
8 746 -0.0261249 0.15405
7 1492 0.0876973 0.157364
8 1492 0.073797 0.155275
7 1493 0.0723134 0.158648
8 1493 0.0560633 0.156434
7 1201 -0.263169 0.159751
8 489 -0.12859 0.155406
7 1043 -0.0994728 0.167723
7 1494 0.0606609 0.168634
8 1494 0.0411734 0.166558
8 325 -0.1252 0.184883
7 1495 0.0900882 0.191219
8 1495 0.0788021 0.19002
7 1496 -0.0479763 0.196984
8 1496 -0.0687017 0.192713
7 1497 0.0880372 0.223788
8 1497 0.0787032 0.224031
7 1498 0.0433245 0.237093
8 1498 0.0279905 0.235603
7 1499 -0.0510916 0.254561
8 1499 -0.0673849 0.250819
7 1500 -0.0384181 0.257611
8 1500 -0.0542599 0.254223
8 1073 -0.0458261 0.256367
7 656 0.038441 0.261138
7 765 0.0582636 0.26393
8 1074 0.00178677 0.264378
7 1369 0.0185497 0.288232
7 2 -0.324523 -0.315287
9 5 -0.116284 -0.305115
9 491 -0.346388 -0.302712
7 1501 -0.100636 -0.265598
9 1501 -0.127546 -0.269904
9 1448 0.233384 -0.272532
9 1449 0.220679 -0.252126
9 33 -0.117712 -0.235318
7 1372 0.198209 -0.198475
7 1502 0.181061 -0.188892
9 1502 0.116895 -0.194663
9 366 -0.227949 -0.17878
7 1503 0.148295 -0.154157
9 1503 0.0809735 -0.158419
7 1504 -0.0294651 -0.128887
9 1504 -0.125975 -0.135599
9 1456 0.0504199 -0.131133
7 1505 -0.0299547 -0.117352
9 1505 -0.121916 -0.123804
7 1506 -0.0148247 -0.117975
9 1506 -0.10242 -0.123585
7 1507 -0.0293097 -0.107647
9 1507 -0.116884 -0.113508
7 1508 -0.0198865 -0.103961
9 1508 -0.104128 -0.109686
9 982 0.021468 -0.103165
9 132 -0.266938 -0.0918913
9 117 -0.161856 -0.0890644
7 1509 -0.0263881 -0.0760516
9 1509 -0.103927 -0.0806812
9 126 -0.150751 -0.0781555
7 483 -0.0351536 -0.0705247
7 1510 -0.0214951 -0.0704245
9 1510 -0.0950977 -0.0749663
7 1511 -0.181379 -0.0583016
9 1511 -0.218916 -0.0637213
9 1304 -0.096687 -0.0575677
9 496 -0.102522 -0.0488019
9 696 -0.228486 -0.0460041
9 635 0.101133 -0.0399866
9 1461 -0.0857502 -0.0422571
9 689 0.0976393 -0.0382314
7 1138 0.0796793 -0.0219713
9 1463 0.0359902 -0.0185618
7 1512 0.0880802 -0.0134407
9 1512 0.0538416 -0.0139026
9 1149 -0.270692 -0.0157053
9 1309 -0.264094 -0.0153457
7 1513 -0.208066 -0.00903742
9 1513 -0.254074 -0.0150606
9 1148 -0.249023 -0.0148934
7 1514 -0.25001 -0.00720131
9 1514 -0.315717 -0.0140651
9 1314 -0.107453 -0.00474084
9 1067 -0.206256 0.000202697
9 1468 -0.167238 0.00141754
9 1150 0.000686388 0.00849046
9 920 -0.0847309 0.0144059
9 1470 -0.0396078 0.0214796
9 1011 -0.1298 0.0251008
9 714 -0.0702054 0.0333035
9 1173 -0.157682 0.0511647
9 1173 -0.151474 0.0502156
9 1322 -0.168978 0.0521597
7 1364 -0.0477045 0.0579928
9 1325 -0.178319 0.0726285
7 1515 -0.108354 0.0816164
9 1515 -0.169965 0.0772119
7 238 0.0517016 0.0840817
9 1180 -0.0371181 0.0873438
9 238 -0.0971385 0.0923409
9 227 -0.0527367 0.0929782
7 1516 0.052798 0.0940666
9 1516 -0.0174127 0.0954181
9 626 -0.0894887 0.093197
9 1483 -0.153346 0.0952887
9 883 0.0271907 0.101289
7 1517 0.0533599 0.107866
9 1517 -0.0156612 0.108686
9 1334 0.00865448 0.109927
9 734 -0.150393 0.105562
9 734 -0.140195 0.106534
7 1518 -0.0980915 0.116114
9 1518 -0.165025 0.112869
9 590 -0.161767 0.114353
9 1336 0.00407097 0.127103
9 1338 0.00840869 0.132591
9 1195 -0.187612 0.135047
7 1519 0.0612136 0.146426
9 1519 0.00110398 0.148364
7 1520 0.06546 0.148354
9 1520 0.00544301 0.150286
7 438 -0.0252827 0.166424
9 748 -0.0697059 0.172093
9 325 -0.162612 0.187748
9 1496 -0.108451 0.195649
7 1222 -0.0216183 0.227421
9 1499 -0.10629 0.253702
9 1500 -0.0925853 0.257697
9 770 -0.0997336 0.284078
10 5 -0.126578 -0.348875
10 1449 0.229705 -0.320936
10 633 0.217264 -0.31943
7 974 -0.208657 -0.22962
10 41 -0.295608 -0.295094
10 650 0.200327 -0.302737
10 1294 -0.26962 -0.300763
7 975 -0.198386 -0.221811
10 1128 -0.258402 -0.290753
7 1521 -0.249462 -0.202506
10 1521 -0.296754 -0.26229
7 1522 -0.167309 -0.192309
10 1522 -0.238197 -0.270586
7 1523 -0.160374 -0.185667
10 1523 -0.225135 -0.258143
7 1524 -0.158297 -0.183444
10 1524 -0.222478 -0.255348
10 804 0.137269 -0.25363
10 366 -0.224905 -0.234446
7 1525 -0.168123 -0.168528
10 1525 -0.21755 -0.228299
7 1526 -0.143919 -0.168079
10 1526 -0.210051 -0.242124
10 1454 -0.109476 -0.244202
10 1455 -0.180691 -0.207849
7 1527 -0.149388 -0.140419
10 1527 -0.198731 -0.199876
10 1300 0.0706903 -0.208102
7 1528 -0.0205098 -0.137014
10 1528 -0.106192 -0.224185
7 1529 -0.113054 -0.131406
10 1529 -0.17614 -0.201609
7 1530 -0.109197 -0.127403
10 1530 -0.167558 -0.192554
7 1531 -0.104106 -0.120663
10 1531 -0.162624 -0.185871
7 1532 -0.0993276 -0.116433
10 1532 -0.15682 -0.180548
10 1457 0.0388872 -0.178492
10 115 -0.264986 -0.147411
7 119 -0.187261 -0.0920284
10 119 -0.222159 -0.142856
10 120 -0.207517 -0.136253
7 1533 -0.156265 -0.0776787
10 1533 -0.201118 -0.131619
10 1510 -0.0903764 -0.141537
10 131 -0.143007 -0.127198
7 1534 -0.135002 -0.064025
10 1534 -0.192583 -0.126832
10 493 -0.144418 -0.120136
7 1535 -0.128458 -0.0578395
10 1535 -0.186375 -0.121329
10 990 -0.0181653 -0.118876
10 994 -0.14849 -0.107233
10 1306 -0.101005 -0.0949672
10 498 -0.048533 -0.08745
7 1536 0.125655 -0.0264797
10 1536 0.0774494 -0.0798322
7 1537 -0.0889857 -0.0254955
10 1537 -0.155162 -0.0942181
7 1538 -0.0955972 -0.0243705
10 1538 -0.160822 -0.0917983
10 1462 0.00826294 -0.0667109
7 1539 -0.143392 -0.0185939
10 1539 -0.211824 -0.0878242
10 1463 0.0288948 -0.0634575
7 1540 -0.0786931 -0.0177732
10 1540 -0.139952 -0.0816897
10 1312 -0.310276 -0.0765995
7 1541 -0.236735 -0.0083799
10 1541 -0.306603 -0.0769128
10 1466 -0.297516 -0.0771418
10 1311 -0.314424 -0.0766505
10 1314 -0.113756 -0.0614152
10 1317 -0.156902 -0.0521442
10 1469 -0.184823 -0.0529386
7 1542 0.107413 0.0104187
10 1542 0.0569954 -0.0435797
10 1001 -0.11479 -0.0435149
10 1214 0.0438552 -0.0378254
7 1543 -0.1448 0.0243846
10 1543 -0.221397 -0.0493267
10 1011 -0.135281 -0.0308719
10 393 -0.251509 -0.044518
7 1544 -0.0595151 0.0401276
10 1544 -0.121642 -0.0219652
7 1545 -0.0501857 0.0401591
10 1545 -0.110585 -0.020822
10 494 -0.154827 -0.021816
10 1474 0.0547039 -0.00343042
10 1364 -0.100551 0.00408838
7 1546 -0.143263 0.089655
10 1546 -0.205767 0.027791
10 1480 0.0831094 0.0413725
10 227 -0.0491417 0.0298553
7 1547 -0.158083 0.0978628
10 1547 -0.213513 0.0422062
10 1482 -0.159855 0.0345212
7 1548 0.0905803 0.0981969
10 1548 0.0307836 0.0406167
10 1330 0.0513723 0.041413
10 1484 0.0541772 0.047147
7 1549 0.0685294 0.105515
10 1549 0.00427852 0.0453029
10 1334 0.0171515 0.0488894
10 1485 0.0753441 0.060836
7 1550 -0.221108 0.11573
10 1550 -0.310359 0.035628
10 1365 0.045467 0.0637569
7 1551 -0.240808 0.136701
10 1551 -0.332472 0.0545629
10 743 -0.0661154 0.0786043
7 1552 0.0776612 0.138512
10 1552 0.0187576 0.0830117
7 1367 0.0722031 0.143452
10 1489 -0.174079 0.0869555
10 1519 0.00172608 0.0900183
10 1520 0.00561319 0.0930733
10 1493 0.0159657 0.105535
10 438 -0.0898283 0.10701
10 1494 0.00180834 0.114663
10 1496 -0.109854 0.139745
10 1344 0.0426237 0.149583
7 1553 0.0709582 0.202502
10 1553 0.0153819 0.15321
10 1221 -0.0858945 0.14931
10 466 -0.155427 0.166965
10 1351 -0.102794 0.196864
10 1499 -0.109497 0.203377
10 656 -0.0164814 0.212538
11 2 -0.338379 -0.384958
7 932 0.246715 -0.219214
7 1554 -0.217509 -0.216057
11 1554 -0.232312 -0.283103
11 1128 -0.210725 -0.301274
7 1555 -0.0949796 -0.209314
11 1555 -0.104163 -0.268576
7 1556 -0.201331 -0.201169
11 1556 -0.216214 -0.267469
11 70 -0.241581 -0.255113
11 1453 -0.200547 -0.25077
11 804 0.195933 -0.259331
7 1557 -0.0240618 -0.177568
11 1557 -0.0453761 -0.292924
7 1558 -0.0433741 -0.17127
11 1558 -0.0643703 -0.277736
11 86 -0.184934 -0.221594
11 1527 -0.163561 -0.203687
7 1380 -0.0247379 -0.139067
11 1506 -0.0249617 -0.178697
11 1532 -0.114051 -0.184887
11 99 -0.103491 -0.170878
11 982 0.0760504 -0.16833
7 1559 -0.0631877 -0.0980948
11 1559 -0.0821257 -0.182008
7 1560 -0.0779538 -0.0905328
11 1560 -0.0915591 -0.155368
11 1301 -0.186237 -0.14038
7 1383 -0.0418643 -0.0839018
11 1509 -0.0426738 -0.154006
11 1510 -0.0362483 -0.146311
11 59 -0.0420335 -0.143876
11 1511 -0.19771 -0.115656
7 850 -0.0656747 -0.0524726
11 1305 -0.162463 -0.0998934
11 689 0.138778 -0.0920196
11 498 -0.00361645 -0.0895524
11 1149 -0.249125 -0.0795963
11 1309 -0.243271 -0.0793663
11 1312 -0.266274 -0.0798233
7 1561 -0.229495 -0.00872907
11 1561 -0.254223 -0.0799285
11 1514 -0.27537 -0.0795904
11 1314 -0.0690256 -0.0550483
11 1078 -0.218992 -0.0686224
7 168 0.15172 0.00532201
7 877 -0.300697 0.0111407
11 1469 -0.141612 -0.0540805
7 920 -0.0251546 0.0163385
7 1562 -0.186242 0.0218113
11 1562 -0.210922 -0.0510035
7 1563 0.133792 0.0309893
11 1563 0.125795 -0.0250493
11 1545 -0.0666616 -0.0209564
7 1564 0.123734 0.044741
11 1564 0.114729 -0.0130704
11 1171 -0.0924952 -0.00958336
11 1473 0.132538 0.00536678
11 1321 0.101289 -0.000219486
11 1323 -0.166892 -0.0142718
7 1565 -0.181997 0.0708972
11 1565 -0.211077 -0.00755773
11 1179 -0.184494 -0.00551096
11 1477 -0.0653888 0.0107044
11 654 -0.180411 0.0241059
7 1566 0.0460018 0.0860488
11 1566 0.0330138 0.0268563
11 1180 0.0201543 0.0231272
7 1567 -0.164934 0.0914419
11 1567 -0.192391 0.0178934
11 1546 -0.166894 0.0276428
7 1568 0.100112 0.0897591
11 1568 0.0888999 0.034417
7 1569 0.117186 0.0895527
11 1569 0.108603 0.0377849
11 1480 0.123012 0.0440471
11 227 0.00389656 0.0298511
7 1570 0.0444552 0.0971764
11 1570 0.030362 0.037624
11 1547 -0.179468 0.0414071
11 1482 -0.113402 0.0354344
7 1571 0.0431577 0.0975013
11 1571 0.0284969 0.0379641
11 1548 0.0789438 0.0421651
11 1484 0.101941 0.0484933
7 1572 0.000155878 0.11038
11 1572 -0.0164903 0.0486682
11 1485 0.116423 0.0655217
11 1217 0.0469161 0.0572269
11 1487 0.117897 0.0801739
11 1488 0.0977454 0.0804299
11 1337 0.111627 0.0862748
7 1573 0.0448843 0.131521
11 1573 0.0324943 0.0839876
11 1338 0.0573632 0.0761948
11 1552 0.0653336 0.0852661
7 1574 0.107583 0.142658
11 1574 0.0976016 0.0950172
11 1367 0.0600275 0.0908089
7 525 -0.13867 0.145065
11 1519 0.0481832 0.0928898
11 1490 0.0900539 0.0990337
11 1520 0.0527627 0.0954395
11 1491 0.104523 0.109455
11 750 -0.104966 0.105878
11 652 -0.0575131 0.110154
7 1200 -0.128152 0.166078
11 1494 0.0472075 0.117912
7 1575 0.0318717 0.179865
11 1575 0.01826 0.127601
11 1341 -0.139352 0.135101
7 1576 0.0328513 0.187376
11 1576 0.0199999 0.135954
7 1577 0.0293785 0.200813
11 1577 0.0153254 0.150336
11 1497 0.0764682 0.183278
11 1347 -0.0868871 0.178462
11 1222 -0.039672 0.178658
11 1350 -0.0216181 0.18961
11 1498 0.0286257 0.191722
11 765 0.0447786 0.224601
12 932 0.343588 -0.272994
7 1578 0.239083 -0.215916
12 1578 0.332423 -0.267933
12 641 0.318319 -0.262945
7 1579 -0.0308926 -0.199245
12 1579 0.0944781 -0.292587
7 1580 0.196139 -0.197246
12 1580 0.289343 -0.250161
7 1414 -0.0355457 -0.189312
7 1415 0.172987 -0.184251
12 804 0.290231 -0.234207
12 805 0.285741 -0.231958
12 1298 0.257916 -0.221511
7 1581 0.140405 -0.161715
12 1581 0.229564 -0.214502
7 1582 -0.161052 -0.159541
12 1582 -0.104149 -0.205352
7 1379 -0.0306125 -0.154763
12 1503 0.235984 -0.20562
12 1528 0.0797602 -0.207766
7 981 -0.0386805 -0.129697
12 1504 0.0684389 -0.197594
12 1456 0.198475 -0.176433
12 1506 0.0775675 -0.181211
7 371 -0.11618 -0.115057
12 115 -0.177772 -0.132762
12 1301 -0.123651 -0.123697
12 1509 0.0560449 -0.131282
12 1511 -0.130732 -0.0979739
7 1583 -0.107485 -0.0555481
12 1583 -0.0476376 -0.0973659
12 1065 -0.138592 -0.0934581
7 1584 -0.121343 -0.052617
12 1584 -0.0695083 -0.0892756
7 1585 -0.113505 -0.0471465
12 1585 -0.0590674 -0.0860067
7 1586 -0.200975 -0.0401509
12 1586 -0.14941 -0.0814308
7 123 0.181238 -0.0379334
7 1587 0.0358828 -0.0333731
12 1587 0.0856219 -0.0603642
12 1306 0.0279051 -0.0764499
12 1536 0.190175 -0.0592989
7 1588 0.169918 -0.0253059
12 1588 0.245505 -0.0628544
7 1139 0.122734 -0.0244924
12 1138 0.132366 -0.0493094
7 1589 0.142393 -0.0109165
12 1589 0.203658 -0.040232
12 1541 -0.175696 -0.0582098
12 1148 -0.144886 -0.0541577
7 1590 -0.293608 -7.57114e-05
12 1590 -0.232012 -0.0540175
12 1317 -0.0372667 -0.033249
12 1469 -0.0589289 -0.0333342
7 866 0.113644 0.0107226
7 819 0.0785476 0.0276409
12 1471 0.200627 -0.00768608
12 714 0.0363099 0.00121898
12 1015 -0.0691526 0.00941769
7 1591 -0.157784 0.056783
12 1591 -0.0946121 0.0125962
12 1323 -0.0836027 0.0188311
12 654 -0.0986604 0.0449218
12 1546 -0.0841269 0.0481878
12 241 -0.00306175 0.0480471
12 888 -0.0375926 0.0557154
7 1434 -0.135468 0.101987
12 1334 0.152923 0.0706926
12 734 -0.0103964 0.0672113
12 1365 0.17097 0.0858798
12 1573 0.129563 0.0873053
12 1551 -0.163595 0.081179
12 1552 0.146401 0.106337
12 1201 -0.185553 0.103216
12 652 0.024495 0.131177
12 1575 0.119474 0.137039
12 1343 -0.209364 0.127052
12 1341 -0.0644617 0.152851
12 1049 -0.0139066 0.166923
7 1592 0.015327 0.20364
12 1592 0.0790919 0.17376
12 1346 0.0470543 0.175124
12 1220 0.0697802 0.175346
12 1222 0.0386341 0.198915
7 1593 -0.0417633 0.230658
12 1593 0.0163125 0.202483
7 336 0.0646749 0.240883
12 1353 -0.0159376 0.226889
12 1369 0.0741123 0.267367
13 1555 -0.0104286 -0.232776
13 1001 0.0413462 -0.0107545
13 1322 0.0190901 0.0309409
13 1180 0.17567 0.0569305
13 232 -0.0148251 0.0680528
13 238 0.0945213 0.067311
13 1025 0.0181468 0.0715961
13 412 -0.0104382 0.0794263
13 1484 0.229131 0.0762567
13 889 0.0996481 0.079435
13 1079 0.0162371 0.0860712
13 1190 -0.00803625 0.099085
7 1114 0.00541534 0.120769
13 895 0.01767 0.102203
13 488 0.161563 0.0965296
13 1197 -0.027548 0.13228
13 1224 0.0831489 0.276776
14 16 -0.128251 -0.267468
14 146 -0.0296078 -0.0543756
14 714 0.157313 0.0238619
14 646 0.163898 0.0263659
7 631 0.00740593 0.153356
14 796 0.229729 0.170925
7 542 0.0945412 0.214764
14 345 0.102317 0.228077
8 5 -0.0882944 -0.306187
8 1594 -0.0972812 -0.280384
9 1594 -0.126569 -0.279175
8 1291 -0.0810428 -0.277847
8 1501 -0.0974693 -0.270811
8 17 -0.0880995 -0.262435
8 1595 -0.0983259 -0.260144
9 1595 -0.128851 -0.25883
8 1596 -0.0713847 -0.24365
9 1596 -0.10251 -0.242444
8 33 -0.0863014 -0.236848
8 1597 0.223203 -0.231407
9 1597 0.181275 -0.227134
8 1371 0.19048 -0.216198
9 1127 0.145219 -0.210353
8 1598 -0.202097 -0.206976
9 1598 -0.242426 -0.206863
9 56 -0.257949 -0.20505
8 1599 -0.0712089 -0.196626
9 1599 -0.122694 -0.19396
9 79 -0.242913 -0.193605
8 1600 -0.0814991 -0.190817
9 1600 -0.135534 -0.188966
8 804 0.170913 -0.191053
8 1601 -0.104373 -0.167284
9 1601 -0.154036 -0.16588
8 1602 -0.0883082 -0.164523
9 1602 -0.138779 -0.162886
9 1454 -0.123872 -0.160662
8 1503 0.121661 -0.162115
8 1603 -0.0662223 -0.160482
9 1603 -0.114881 -0.15831
8 1604 -0.0805677 -0.159791
9 1604 -0.130089 -0.15836
8 1605 -0.105834 -0.153786
9 1605 -0.153979 -0.152239
8 1606 -0.0770961 -0.14828
9 1606 -0.12637 -0.146486
8 1607 -0.0632639 -0.147461
9 1607 -0.110046 -0.145924
8 1608 -0.0709617 -0.145949
9 1608 -0.118618 -0.144395
8 1609 -0.105426 -0.140026
9 1609 -0.152288 -0.138627
8 1504 -0.0786988 -0.137094
8 1610 -0.143437 -0.130184
9 1610 -0.182249 -0.129533
8 1505 -0.0757322 -0.12571
8 1506 -0.057365 -0.125409
9 96 -0.193454 -0.123148
8 1611 -0.129641 -0.115118
9 1611 -0.168029 -0.114083
8 1507 -0.0717086 -0.115564
8 1508 -0.0599168 -0.11147
8 1612 -0.140073 -0.105162
9 1612 -0.17553 -0.103783
8 1613 -0.0464689 -0.105141
9 1613 -0.0893834 -0.102204
8 373 -0.203975 -0.102501
9 107 -0.164541 -0.101827
8 658 -0.0553805 -0.0941188
8 1614 -0.165775 -0.0882041
9 1614 -0.199055 -0.0872211
8 1615 0.034298 -0.0783605
9 1615 -0.00412147 -0.0752024
8 1510 -0.0532531 -0.077202
8 1616 -0.138493 -0.0658326
9 1616 -0.174734 -0.0645238
9 1458 -0.0258994 -0.0643582
8 1617 -0.102028 -0.0651563
9 1617 -0.138826 -0.0643524
8 1511 -0.18523 -0.0644569
8 1618 0.0186323 -0.0625465
9 1618 -0.0194166 -0.0599897
8 1304 -0.0559432 -0.0599095
8 1619 -0.132627 -0.0596529
9 1619 -0.168925 -0.0586274
9 847 -0.119777 -0.0550487
9 1459 -0.13069 -0.0509876
9 994 -0.149282 -0.0453294
9 245 -0.100991 -0.0360689
9 497 0.0078872 -0.0343731
9 997 -0.169635 -0.0335643
8 1620 -0.106251 -0.0357635
9 1620 -0.142388 -0.0335727
9 776 -0.0047371 -0.0330128
8 1621 0.123883 -0.0356423
9 1621 0.0878731 -0.0319168
8 1622 -0.118478 -0.0330999
9 1622 -0.158263 -0.0316758
9 498 -0.0477017 -0.0308745
8 1623 -0.163828 -0.0321829
9 1623 -0.204469 -0.0311028
8 1624 0.114501 -0.0303433
9 1624 0.0796971 -0.0271692
8 1625 0.0995894 -0.0269
9 1625 0.0671756 -0.0239856
8 1626 -0.00423413 -0.0258852
9 1626 -0.039766 -0.0232299
8 1627 -0.170304 -0.0259032
9 1627 -0.211193 -0.0248941
8 1628 -0.0935839 -0.0252172
9 1628 -0.129483 -0.0228711
9 1462 0.018249 -0.0226652
9 852 0.0468842 -0.0222322
9 863 -0.0600053 -0.018653
9 177 0.118411 -0.0165546
9 1465 -0.218704 -0.017624
8 1629 -0.145281 -0.0198058
9 1629 -0.187195 -0.0184334
8 1630 0.148524 -0.0197996
9 1630 0.109276 -0.0155889
8 1631 -0.0821371 -0.0171994
9 1631 -0.118488 -0.0145923
8 1512 0.0867166 -0.0173901
8 1632 -0.257538 -0.0161808
9 1632 -0.300911 -0.0152365
8 1633 -0.24476 -0.01667
9 1633 -0.287332 -0.0159689
8 1634 -0.234236 -0.0165463
9 1634 -0.273547 -0.0157998
8 1149 -0.231845 -0.0165586
9 1309 -0.268429 -0.0156175
8 1309 -0.224698 -0.0164682
8 1513 -0.217617 -0.0163752
9 501 0.103569 -0.0132352
9 1077 -0.224615 -0.0130469
9 1076 0.0433929 -0.0104545
8 1635 -0.124338 -0.0108079
9 1635 -0.155839 -0.0094528
8 1636 -0.152825 -0.00377838
9 1636 -0.191656 -0.00227493
8 1637 0.00105349 0.000844181
9 1637 -0.0317795 0.00397803
8 1638 0.132254 0.00131729
9 1638 0.0935642 0.00519057
9 1469 -0.182476 0.00532449
8 1639 -0.365791 0.00519704
9 1639 -0.409486 0.00517724
8 1640 -0.345148 0.00653719
9 1640 -0.390077 0.00715573
8 1641 -0.369555 0.00698353
9 1641 -0.413866 0.00727133
9 707 -0.0351547 0.0133123
9 1214 0.0454658 0.016002
8 1642 -0.165977 0.0152021
9 1642 -0.200089 0.0168947
8 1643 -0.392605 0.0162752
9 1643 -0.436196 0.0161181
8 1644 -0.179655 0.0163716
9 1644 -0.224161 0.0180114
8 1645 -0.402759 0.0208044
9 1645 -0.447711 0.0208525
8 1646 -0.156145 0.0227072
9 1646 -0.190636 0.024318
8 1647 -0.0899188 0.0232536
9 1647 -0.124194 0.025366
9 1471 0.0652127 0.0301822
9 1472 -0.462218 0.0283171
8 1648 -0.215749 0.0286271
9 1648 -0.261291 0.0308128
8 1649 -0.164121 0.0313353
9 1649 -0.198454 0.0322093
8 1650 0.118494 0.0316375
9 1650 0.0826374 0.035416
9 646 -0.0584027 0.034555
8 1651 -0.0802307 0.033321
9 1651 -0.117335 0.0355163
8 1652 -0.0721655 0.0344068
9 1652 -0.110519 0.0367731
9 1069 -0.170282 0.0401933
9 502 -0.155938 0.0397806
8 1653 -0.200247 0.038574
9 1653 -0.24527 0.0403614
8 1654 -0.144851 0.0389039
9 1654 -0.188005 0.0404496
8 1655 -0.160858 0.0431148
9 1655 -0.205285 0.0456683
8 1322 -0.131434 0.0500531
8 1656 0.105675 0.0498153
9 1656 0.0690947 0.0528479
8 1657 -0.177238 0.0514958
9 1657 -0.221417 0.053761
9 1474 0.0528596 0.0555334
9 1473 0.0934467 0.0546323
9 503 -0.282903 0.0544811
8 1658 0.00286171 0.0630058
9 1658 -0.0365253 0.0660729
9 1475 0.0147926 0.0658397
9 1174 -0.0814898 0.0657196
8 1659 -0.173871 0.064765
9 1659 -0.213624 0.0660618
9 1477 -0.109357 0.0674965
9 1478 0.0724048 0.0710728
8 1660 -0.089088 0.0679981
9 1660 -0.129937 0.0702928
8 509 -0.115872 0.070395
8 1661 0.103782 0.0704723
9 1661 0.0646269 0.0748434
9 558 0.0911998 0.0749963
8 1662 0.050708 0.0724936
9 1662 0.012938 0.0753275
9 1327 -0.166753 0.0788193
9 422 -0.305061 0.0794546
8 238 0.0226491 0.0817966
8 1663 -0.166147 0.0823867
9 1663 -0.2059 0.0846957
8 1180 0.00486543 0.0843454
8 1664 0.098583 0.0841985
9 1664 0.0611248 0.0879901
8 1665 0.0661125 0.0852514
9 1665 0.0266533 0.0887211
8 1666 0.102383 0.087385
9 1666 0.0651716 0.0908639
8 1667 0.0772125 0.088777
9 1667 0.0371679 0.0932191
9 1480 0.0870016 0.0921295
9 888 -0.168606 0.092364
8 1668 -0.0914104 0.0907633
9 1668 -0.131736 0.0933577
8 1669 0.0285404 0.0903449
9 1669 -0.0114055 0.0937
9 1482 -0.158182 0.0942632
8 1516 0.0258089 0.0912013
8 1670 0.020316 0.0929787
9 1670 -0.0206229 0.0964258
9 408 -0.203434 0.0967839
9 585 -0.0255758 0.097773
8 1671 0.0122272 0.0952136
9 1671 -0.0323552 0.0995824
8 1329 0.494618 0.0987227
9 1484 0.0533338 0.104664
8 262 0.0379206 0.102061
8 1672 0.0425091 0.102611
9 1672 0.00200595 0.10583
8 1673 0.526086 0.102104
9 1673 0.494736 0.107752
9 1333 -0.00831419 0.106537
8 263 0.0279388 0.104309
8 1517 0.0251329 0.105144
9 1366 -0.314161 0.108448
8 1674 -0.0335329 0.107067
9 1674 -0.0756527 0.110473
8 1675 0.0182387 0.107045
9 1675 -0.023806 0.111017
8 1676 0.0973831 0.107692
9 1676 0.0606063 0.111577
8 1677 0.0125269 0.108609
9 1677 -0.0296726 0.112388
9 1485 0.0800791 0.112432
8 272 -0.0870325 0.113432
8 1678 -0.260458 0.115269
9 1678 -0.30815 0.116649
9 262 -0.0918526 0.118865
9 259 -0.0891583 0.119132
8 1679 -0.0407034 0.117042
9 1679 -0.0825194 0.120233
8 1680 -0.0302547 0.117927
9 1680 -0.0730953 0.121234
8 1681 0.0992354 0.120812
9 1681 0.0624491 0.124105
9 1487 0.0848342 0.125737
8 1682 -0.286593 0.126704
9 1682 -0.336531 0.128407
9 1488 0.0549311 0.130113
9 1337 0.0791386 0.132518
9 273 -0.0727207 0.134143
8 1683 0.0187352 0.132402
9 1683 -0.021241 0.135943
8 1684 -0.136105 0.137129
9 1684 -0.17552 0.139788
8 281 -0.125379 0.14245
8 1519 0.0402622 0.14433
8 1520 0.0448475 0.1465
9 1490 0.0499059 0.149206
9 1491 0.072137 0.154642
9 1492 0.0369944 0.158506
9 750 -0.144739 0.158794
9 1493 0.0175775 0.160596
9 505 0.00970033 0.16414
8 1685 0.0654635 0.16236
9 1685 0.0276126 0.166027
8 1686 0.0368143 0.164087
9 1686 -0.00212882 0.167434
9 1494 0.00251221 0.170466
8 1687 0.0820268 0.167687
9 1687 0.0448081 0.172094
8 1688 0.0868245 0.168641
9 1688 0.0503137 0.172485
8 1689 0.0224676 0.17211
9 1689 -0.0180557 0.176444
8 1690 -0.0116358 0.176473
9 1690 -0.05855 0.180095
8 1691 0.0616437 0.177118
9 1691 0.0240855 0.180726
8 1692 0.0719703 0.177427
9 1692 0.0348013 0.181078
8 1693 0.0573332 0.178853
9 1693 0.0189761 0.182884
8 1694 0.0992546 0.181473
9 1694 0.0642416 0.185814
8 1695 0.0177939 0.18436
9 1695 -0.0241149 0.188202
8 1696 0.0389003 0.184658
9 1696 0.000179817 0.188873
9 655 -0.0568731 0.191965
8 661 -0.0455594 0.188545
9 1495 0.0423174 0.193745
8 1202 -0.0907942 0.193117
9 1344 0.0470647 0.20053
8 1203 -0.0503893 0.200853
8 1697 -0.044079 0.201325
9 1697 -0.0835023 0.204772
8 315 0.0547896 0.202578
8 756 0.0381879 0.208852
8 1698 0.0357937 0.213498
9 1698 -0.00245178 0.217193
9 1497 0.0426578 0.227813
8 1699 -0.0418178 0.224673
9 1699 -0.0797699 0.228425
9 1229 0.00414515 0.235123
9 1498 -0.0095674 0.239195
8 1700 0.0175278 0.239292
9 1700 -0.0307509 0.243587
9 1499 -0.105536 0.254069
8 1701 0.0667816 0.255379
9 1701 0.0315231 0.258751
9 656 -0.0123968 0.264529
9 765 0.0119319 0.267681
8 1702 0.0255758 0.283857
9 1702 -0.00912556 0.28712
9 1368 -0.0223509 0.290356
9 616 -0.0520008 0.291485
9 618 -0.0670206 0.293823
10 1594 -0.135486 -0.326676
10 31 -0.296354 -0.305628
8 1703 -0.25929 -0.242958
10 1703 -0.301259 -0.300535
10 35 -0.289568 -0.29662
10 933 0.176903 -0.287277
8 1704 0.1688 -0.20568
10 1704 0.135044 -0.266769
8 1705 -0.075899 -0.189569
10 1705 -0.109526 -0.278297
8 366 -0.185703 -0.176191
10 1603 -0.100705 -0.240476
10 1604 -0.11547 -0.241771
10 1607 -0.0981626 -0.224686
10 1609 -0.142264 -0.215593
10 1610 -0.182173 -0.18914
10 1505 -0.111581 -0.200006
10 1506 -0.0930971 -0.198082
8 1706 -0.112982 -0.116717
10 1706 -0.151125 -0.172876
10 1508 -0.096089 -0.181752
10 982 0.0246125 -0.164074
10 1613 -0.0829425 -0.172017
10 658 -0.0916264 -0.160872
8 1707 -0.0302769 -0.0929988
10 1707 -0.0674862 -0.153717
10 1064 0.0129179 -0.150646
8 1534 -0.151778 -0.0783321
10 1615 -0.00179442 -0.135225
8 1708 -0.00791879 -0.061013
10 1708 -0.0461807 -0.108503
10 1304 -0.0933387 -0.121349
10 847 -0.0764353 -0.114224
10 1461 -0.0847583 -0.10148
10 497 -0.000623907 -0.0780783
8 1709 0.170225 -0.0365321
10 1709 0.132809 -0.0869211
10 776 -0.0126459 -0.0766396
8 1710 0.0325119 -0.0314925
10 1710 -0.00602271 -0.0726983
8 1711 0.0291932 -0.024512
10 1711 -0.00935239 -0.0672229
8 1712 -0.00855762 -0.022387
10 1712 -0.0469294 -0.0740427
10 1633 -0.292079 -0.0771068
10 1634 -0.281012 -0.0762123
10 1309 -0.274927 -0.0759351
10 1309 -0.267927 -0.075199
10 1637 -0.0374059 -0.0444624
10 1638 0.0952128 -0.053542
8 1713 0.137659 0.00422622
10 1713 0.0997431 -0.0447855
8 1714 0.119198 0.00650423
10 1714 0.0820031 -0.04826
10 1642 -0.210081 -0.0419968
8 1715 -0.150266 0.0169625
10 1715 -0.191628 -0.0376322
10 1646 -0.198192 -0.0301427
8 711 -0.00926478 0.0254169
10 1471 0.0676585 -0.0293741
8 1716 -0.164993 0.032367
10 1716 -0.208524 -0.0243679
10 1069 -0.169093 -0.0219593
8 1717 0.106051 0.0389364
10 1717 0.0698945 -0.0183325
8 1718 -0.157842 0.0412632
10 1718 -0.199137 -0.0240713
10 1656 0.0682619 -0.00190349
8 563 -0.169298 0.0602883
10 1477 -0.109666 0.0104118
10 1661 0.0668087 0.0181281
8 665 -0.0397714 0.0715061
10 1662 0.0133226 0.0175356
8 1719 0.114735 0.0750375
10 1719 0.0771905 0.0236914
10 1326 0.0154702 0.0259766
10 238 -0.0157786 0.0264966
10 1663 -0.208507 0.0269781
10 647 -0.14096 0.0257777
10 1180 -0.0332228 0.0239644
10 1664 0.0602796 0.0321365
10 1328 -0.000434075 0.0317773
10 1667 0.0392136 0.0340782
10 1668 -0.13095 0.0333593
10 1669 -0.00926894 0.0340883
10 1333 -0.00683825 0.0465493
8 666 -0.255264 0.107673
10 1336 0.00533625 0.0678732
8 743 -0.0261973 0.134216
8 1552 0.0567721 0.137247
8 521 0.0959347 0.14002
10 1491 0.0674525 0.104536
10 505 0.00960203 0.108331
10 1686 -0.00267599 0.111651
10 1688 0.0470839 0.120717
8 754 -0.10324 0.173854
10 1691 0.0220555 0.126373
10 1693 0.0175798 0.128029
10 1228 -0.112715 0.127172
10 1495 0.0389764 0.14176
10 807 -0.118018 0.147004
8 1720 0.0901784 0.212335
10 1720 0.0494913 0.167933
10 1497 0.0381213 0.177651
8 1222 -0.0376534 0.225889
8 1721 -0.0442723 0.229984
10 1721 -0.0852934 0.179947
10 1498 -0.0124202 0.185961
10 1500 -0.0960746 0.205873
10 765 0.00717114 0.217948
11 3 0.163105 -0.375534
11 1594 -0.108246 -0.330699
11 1448 0.309739 -0.349039
11 1501 -0.107678 -0.32142
11 15 -0.0865326 -0.318892
11 1595 -0.107422 -0.311421
11 1703 -0.2694 -0.308296
8 39 -0.237836 -0.236014
11 933 0.237131 -0.293443
8 1722 0.159729 -0.200151
11 1722 0.184268 -0.26743
11 1705 -0.0296796 -0.29305
8 1723 -0.0551471 -0.173045
11 1723 -0.0226965 -0.260856
11 1602 -0.0497794 -0.260186
11 1454 -0.0364361 -0.256332
11 1603 -0.0298504 -0.251677
8 1724 -0.0520155 -0.160902
11 1724 -0.0218335 -0.245223
11 1604 -0.0430876 -0.253931
8 1725 -0.0476141 -0.148874
11 1725 -0.0216121 -0.228574
11 1607 -0.0304366 -0.235422
11 1608 -0.0377059 -0.234361
8 981 -0.0881472 -0.13834
11 1506 -0.0304998 -0.206543
11 111 -0.221459 -0.151868
11 376 -0.237939 -0.149407
8 1726 -0.0653218 -0.0965054
11 1726 -0.0436114 -0.171652
11 658 -0.0343104 -0.167467
11 1458 0.00562382 -0.11233
11 847 -0.0284088 -0.117845
11 1461 -0.0385109 -0.104468
8 1727 -0.15424 -0.0410376
11 1727 -0.168919 -0.0864724
8 1728 -0.159609 -0.0360842
11 1728 -0.169762 -0.0855124
11 1709 0.177343 -0.087921
11 1710 0.0234163 -0.0716318
11 1624 0.114979 -0.0772429
11 1625 0.0936433 -0.0674104
11 1711 0.021026 -0.0664412
8 1312 -0.263255 -0.0160394
11 1466 -0.258111 -0.0797768
11 1215 -0.290852 -0.0788437
8 1729 0.121311 -0.00596974
11 1729 0.129316 -0.0572378
11 1316 -0.191368 -0.0639761
8 1730 -0.197287 0.00958358
11 1730 -0.201282 -0.0474515
8 1731 -0.142991 0.0143392
11 1731 -0.143156 -0.0412024
11 1642 -0.178109 -0.0310139
11 500 -0.131072 -0.038068
8 1732 0.062783 0.0254428
11 1732 0.0673276 -0.0241843
11 1471 0.117956 -0.0299952
8 1733 0.131655 0.0308152
11 1733 0.137311 -0.0174498
8 1734 0.112995 0.0316447
11 1734 0.119406 -0.0174194
11 1651 -0.0754581 -0.0227604
11 502 -0.106967 -0.0223515
11 1173 -0.111847 -0.00949036
11 1474 0.104579 -0.00390331
8 1735 -0.222192 0.0626954
11 1735 -0.230056 0.0109523
11 1660 -0.0809846 0.00962496
8 1736 0.107476 0.068725
11 1736 0.117076 0.0168992
8 1737 -0.129874 0.0735847
11 1737 -0.127854 0.0177785
11 1719 0.119653 0.0266869
8 1738 0.0721526 0.0792749
11 1738 0.0834572 0.025145
11 1326 0.0644624 0.0268425
11 1665 0.078371 0.0301218
11 484 -0.046526 0.0334412
11 888 -0.117278 0.0347567
11 1668 -0.0844907 0.0342793
8 1739 0.0573983 0.103162
11 1739 0.0682625 0.0492301
11 666 -0.24576 0.0378518
11 1678 -0.251231 0.0457081
11 1681 0.102905 0.0738294
11 1336 0.053174 0.0695632
8 1740 0.072998 0.123572
11 1740 0.0824852 0.0715694
11 1191 0.0142189 0.0664049
8 1741 0.0888677 0.145942
11 1741 0.0913306 0.099929
11 1492 0.076901 0.10896
11 1493 0.0606525 0.108744
11 505 0.0545665 0.111159
11 1687 0.0835005 0.12349
11 1688 0.0886505 0.124554
8 1742 0.0634276 0.176012
11 1742 0.0691455 0.127661
11 1693 0.0621519 0.131627
8 1743 0.0490804 0.180058
11 1743 0.0534168 0.132969
11 1694 0.0949358 0.142532
11 1496 -0.0655949 0.143383
11 315 0.0571814 0.157936
11 1720 0.0844937 0.174212
11 1206 -0.0757058 0.17943
11 1721 -0.0438952 0.184755
11 1701 0.0617548 0.217932
11 1702 0.0235366 0.245126
11 1368 0.00682649 0.248589
8 1511 -0.184192 -0.0647036
12 1461 0.039515 -0.081837
12 1622 -0.0226758 -0.0750209
8 1744 -0.060802 -0.00385008
12 1744 0.014455 -0.0375048
8 1745 -0.327099 0.00222792
12 1745 -0.235907 -0.0452951
12 1317 -0.0296512 -0.0319524
12 1001 0.00254187 -0.0242072
12 1731 -0.0632922 -0.0210358
12 1363 -0.0440934 -0.0174899
12 1322 -0.0434622 0.0134177
12 1325 -0.05982 0.0375425
12 888 -0.0417413 0.0550083
12 1668 0.00186263 0.0558116
8 1746 -0.250572 0.115627
12 1746 -0.129457 0.070494
12 1496 0.0113843 0.166123
12 1206 0.000603255 0.199302
12 765 0.112314 0.243445
13 1127 0.348005 -0.242946
13 1462 0.148533 -0.0412859
13 1215 -0.136713 -0.0323656
13 1155 -0.119633 -0.0254822
13 1744 0.0631612 -0.0228531
13 1001 0.0492201 -0.00963469
13 1011 0.0406066 0.00330598
13 1667 0.225005 0.0628469
13 1194 0.191259 0.113721
8 1283 -0.0195224 0.15233
13 1049 0.0451275 0.179862
13 1697 0.0997255 0.184478
13 616 0.109154 0.274594
8 39 -0.232245 -0.232612
8 44 -0.223464 -0.226088
14 920 0.143044 0.0062011
8 714 -0.0325654 0.0309049
14 1032 0.1387 0.108824
9 1747 -0.349755 -0.283259
10 1747 -0.357559 -0.339966
10 1448 0.243303 -0.342429
10 1597 0.18845 -0.292967
9 1748 0.14295 -0.195485
10 1748 0.150762 -0.26194
10 1502 0.123774 -0.259839
10 1600 -0.116353 -0.28161
9 1749 -0.126014 -0.174731
10 1749 -0.109512 -0.2619
9 981 -0.136313 -0.136986
10 1509 -0.0983106 -0.148616
9 1750 -0.107934 -0.0441385
10 1750 -0.106607 -0.105419
9 1751 -0.238209 -0.0318604
10 1751 -0.245733 -0.081877
10 852 0.0397213 -0.0671001
10 1148 -0.253566 -0.0723904
10 1630 0.110352 -0.0729705
10 1512 0.0468358 -0.0595432
9 1752 0.101401 -0.0119727
10 1752 0.103221 -0.0699703
10 1468 -0.169334 -0.0554255
9 1713 0.10465 0.00357136
9 1753 -0.215519 0.0252844
10 1753 -0.223387 -0.0249721
9 711 -0.0444416 0.0287927
9 1754 0.0955737 0.033432
10 1754 0.0933043 -0.019228
9 1755 0.0778564 0.0355354
10 1755 0.0753351 -0.0164355
10 1654 -0.186176 -0.023085
9 1756 -0.269569 0.0654821
10 1756 -0.266569 -0.00448124
10 1478 0.0720362 0.0152007
9 1757 0.0713416 0.0715596
10 1757 0.071044 0.0160364
9 1758 0.0537872 0.0727318
10 1758 0.054976 0.0150688
9 1719 0.0800904 0.0763102
9 1759 -0.290933 0.0871614
10 1759 -0.286644 0.0145097
10 238 -0.104155 0.0321542
9 1760 0.0200545 0.0941925
10 1760 0.0222613 0.0351599
10 1673 0.473264 0.0729949
9 666 -0.302289 0.108886
9 1761 0.0566338 0.113382
10 1761 0.0561305 0.0559906
10 1218 0.0168729 0.0701319
9 1762 0.0505388 0.149213
10 1762 0.048383 0.0955999
9 1763 -0.0373871 0.152755
10 1763 -0.0294304 0.0832362
10 1492 0.0362878 0.103656
10 1687 0.0420361 0.119785
9 1764 0.0287904 0.177648
10 1764 0.0275437 0.122768
10 1696 -0.0011768 0.133752
10 661 -0.0868175 0.134702
10 1698 -0.00472473 0.163718
9 1765 0.0100824 0.237286
10 1765 0.00820934 0.184833
10 1700 -0.0205476 0.171413
10 616 -0.055312 0.240855
11 1372 0.197621 -0.275239
11 1748 0.210791 -0.267922
11 1502 0.181642 -0.265695
9 1766 0.137571 -0.192297
11 1766 0.204019 -0.263691
9 1603 -0.100525 -0.168183
9 1767 0.0753207 -0.164046
11 1767 0.136937 -0.234105
9 1380 -0.124839 -0.146504
9 1768 -0.21965 -0.0965852
11 1768 -0.202797 -0.146971
11 496 -0.0510485 -0.114363
9 1769 -0.0545731 -0.045537
11 1769 -0.0170213 -0.100804
9 1400 -0.0600138 -0.0422918
9 1238 -0.148217 -0.0387119
9 1625 0.0653911 -0.0222817
9 1770 0.0684157 -0.00613543
11 1770 0.097897 -0.0523298
11 1637 -0.0028736 -0.0434444
11 1011 -0.105923 -0.0321598
9 1471 0.0664001 0.0297361
11 1758 0.103866 0.0153912
11 1662 0.064833 0.0164762
11 884 0.00655682 0.0389177
11 1366 -0.253232 0.0331784
9 1771 -0.0196771 0.109887
11 1771 0.0384172 0.048909
11 1023 0.0605696 0.0558632
11 1682 -0.276254 0.0539097
11 1488 0.093464 0.0814344
9 1488 0.0562694 0.13076
9 1574 0.0595203 0.142965
11 1201 -0.300645 0.0755187
9 1772 0.069001 0.153766
11 1772 0.10217 0.109162
11 1343 -0.326863 0.0992716
9 1773 0.00165215 0.23601
11 1773 0.0391336 0.188993
9 816 -0.024387 0.266715
11 1368 0.0133093 0.247462
11 616 -0.0160058 0.247935
12 358 -0.24152 -0.340793
12 1747 -0.258349 -0.33528
9 1774 -0.229547 -0.195178
12 1774 -0.0907658 -0.248682
9 1745 -0.371116 0.00278035
12 1640 -0.255082 -0.0411739
12 1011 -0.0126428 -0.0119474
12 1173 -0.0237186 0.011842
12 1665 0.163175 0.0503826
12 1673 0.519571 0.0894321
12 1677 0.129765 0.069539
9 1775 -0.0259983 0.121284
12 1775 0.133166 0.0791008
12 1687 0.155464 0.142485
9 765 0.011014 0.267925
13 1461 0.0732348 -0.0646657
9 1776 -0.0790493 -0.0170056
13 1776 0.0848358 -0.0400474
13 1173 0.037785 0.028109
9 1777 -0.0610486 0.16996
13 1777 0.187326 0.138056
13 1222 0.0968403 0.20912
14 359 -0.143314 -0.278117
9 1778 0.113744 -0.00944272
14 1778 0.322391 -0.0154792
9 259 0.00262556 0.105423
14 741 0.14665 0.109412
9 900 0.0612649 0.141792
11 5 -0.101455 -0.351582
11 1449 0.294548 -0.327549
10 1779 0.193642 -0.297481
11 1779 0.2565 -0.302866
11 41 -0.262808 -0.302019
10 44 -0.274164 -0.282455
10 1557 -0.126555 -0.278077
10 1554 -0.265606 -0.276832
10 1780 -0.259744 -0.26863
11 1780 -0.22573 -0.273827
11 1749 -0.0339027 -0.274479
10 1781 -0.116478 -0.249947
11 1781 -0.0427982 -0.262
10 1723 -0.0904997 -0.250027
10 1782 -0.21613 -0.248922
11 1782 -0.170447 -0.256781
10 1724 -0.0870734 -0.235613
10 1725 -0.0835385 -0.220447
11 131 -0.106201 -0.129217
11 493 -0.106165 -0.122384
10 1511 -0.227827 -0.114528
10 1783 -0.0824708 -0.0922259
11 1783 -0.03954 -0.0941845
10 1784 -0.0882684 -0.0861366
11 1784 -0.0452346 -0.0882665
11 136 0.17116 -0.0875403
11 1311 -0.271045 -0.0798033
11 1541 -0.262845 -0.0797531
10 1785 -0.00590581 -0.077249
11 1785 0.0233015 -0.0761085
10 1786 -0.331345 -0.0758733
11 1786 -0.288268 -0.0793253
10 1787 -0.321085 -0.0762173
11 1787 -0.279063 -0.0795316
10 1788 -0.316673 -0.0764151
11 1788 -0.273199 -0.0796832
10 1789 -0.338298 -0.0751247
11 1789 -0.297305 -0.0785793
10 1215 -0.334101 -0.0753617
10 1790 0.123714 -0.0751802
11 1790 0.163909 -0.0750307
10 1791 -0.357466 -0.0736393
11 1791 -0.321587 -0.0762091
10 1792 -0.34496 -0.0744343
11 1792 -0.302199 -0.078234
10 1793 -0.368483 -0.0718317
11 1793 -0.331761 -0.074939
10 1794 -0.380394 -0.0699861
11 1794 -0.340979 -0.0732033
10 1315 -0.29128 -0.0682502
10 1625 0.0584182 -0.0682192
11 852 0.0728999 -0.0658516
10 1795 -0.399324 -0.065992
11 1795 -0.356341 -0.0704023
10 1078 -0.262844 -0.0659668
10 1796 -0.352663 -0.0570457
11 1796 -0.30897 -0.0603767
11 1543 -0.16837 -0.0524965
11 1363 -0.123086 -0.037704
10 1642 -0.20918 -0.031097
11 1646 -0.166834 -0.0298543
10 1797 -0.0892619 -0.0200366
11 1797 -0.0471614 -0.0194728
10 1798 -0.213241 -0.0190716
11 1798 -0.171446 -0.0198559
10 1799 -0.173031 -0.00934926
11 1799 -0.128439 -0.00943473
10 1173 -0.159523 -0.00873964
10 1321 0.0526922 -0.000758736
10 1473 0.0913117 0.00336833
10 565 -0.218903 0.00985971
10 1662 0.0166257 0.0164669
10 1567 -0.23076 0.0177455
10 1800 0.0877332 0.0239141
11 1800 0.12827 0.0261517
10 1410 -0.0209476 0.0275862
10 1801 -0.219547 0.0318336
11 1801 -0.183211 0.032778
10 1802 -0.139359 0.0323927
11 1802 -0.0930284 0.0332936
11 238 -0.0588287 0.0323056
10 1803 -0.326609 0.0329617
11 1803 -0.272036 0.031173
11 888 -0.127016 0.03399
10 888 -0.167747 0.03399
11 1669 0.0400417 0.0346968
10 1804 -0.0196476 0.0368696
11 1804 0.0348614 0.0363201
10 884 -0.0477612 0.0390525
11 486 -0.111341 0.0448681
11 477 -0.0646619 0.0449322
10 262 -0.00383513 0.04579
10 1805 -0.341649 0.0468194
11 1805 -0.286887 0.0458577
10 1806 -0.0114908 0.0478222
11 1806 0.041402 0.0479859
10 1572 -0.0708014 0.0487264
10 1771 -0.0169611 0.0495286
11 590 0.0355402 0.0498477
10 1807 -0.00178821 0.0559564
11 1807 0.0501415 0.0569886
11 262 -0.0484206 0.0579624
10 1808 0.0614334 0.056486
11 1808 0.103315 0.0592921
11 262 -0.044844 0.0582638
10 1809 -0.030631 0.0626238
11 1809 0.0290323 0.0624775
10 1810 0.00162635 0.0751382
11 1810 0.0499318 0.0765322
10 1811 -0.0555306 0.0890598
11 1811 0.00523179 0.0893307
11 1492 0.0817389 0.105607
10 1812 -0.00168959 0.108187
11 1812 0.0436658 0.110968
10 1813 -0.0497936 0.109909
11 1813 0.0133531 0.110873
10 1814 -0.401545 0.114514
11 1814 -0.345108 0.115477
11 1228 -0.0700857 0.130695
10 1743 0.00854094 0.12929
11 906 -0.108296 0.134751
11 325 -0.132213 0.137729
11 1495 0.07952 0.145478
10 1048 -0.14316 0.142593
10 1815 -0.0260555 0.17565
11 1815 0.0360157 0.177732
10 1350 -0.063803 0.183976
11 1765 0.0493067 0.189165
11 1499 -0.0692208 0.210142
10 816 -0.0293866 0.215597
10 1816 -0.0949569 0.226037
11 1816 -0.0566766 0.232903
11 481 0.0402032 0.2375
12 974 -0.132045 -0.295788
12 1125 -0.129997 -0.293616
12 1294 -0.126906 -0.290867
10 53 -0.250184 -0.261856
10 1817 -0.29003 -0.253222
12 1817 -0.184932 -0.242548
10 64 -0.279658 -0.253182
10 1818 -0.199654 -0.230486
12 1818 -0.0668984 -0.216185
12 1380 0.0747763 -0.210492
10 983 -0.171597 -0.170837
12 810 -0.0190268 -0.14263
10 1819 -0.105039 -0.127758
12 1819 0.0406322 -0.109603
12 1232 -0.0318545 -0.102073
12 514 0.212153 -0.0726676
12 1311 -0.181187 -0.0584532
12 1786 -0.196239 -0.0578146
12 1787 -0.189288 -0.0581356
12 1788 -0.185072 -0.0583019
10 1541 -0.284308 -0.076455
10 1820 -0.272504 -0.075696
12 1820 -0.166739 -0.0582711
12 1789 -0.203045 -0.0570358
12 1215 -0.201069 -0.057101
12 1309 -0.16185 -0.0581857
10 1821 -0.258884 -0.0747993
12 1821 -0.153161 -0.0573962
10 1822 -0.347555 -0.0741355
12 1822 -0.215239 -0.0558789
12 1794 -0.244311 -0.0517322
12 1795 -0.261502 -0.0480503
12 1796 -0.217472 -0.0376743
10 1008 -0.256112 -0.0496041
10 1324 -0.183902 -0.0074032
12 1474 0.187691 0.0175249
12 477 0.0248763 0.0670729
10 272 -0.129474 0.0558108
12 1807 0.139224 0.0784242
12 1761 0.177994 0.0793087
12 262 0.0434577 0.0806013
12 488 0.0918581 0.0969222
12 750 -0.0219406 0.127396
12 1814 -0.226951 0.143949
12 906 -0.0309531 0.155126
10 1823 0.00112176 0.144724
12 1823 0.123781 0.168657
10 1592 -0.0478183 0.149498
12 1348 -0.00701073 0.199089
12 1765 0.119523 0.208443
10 1370 -0.0916799 0.247642
13 1817 -0.144787 -0.217137
10 1105 -0.159288 -0.161161
10 1270 -0.235493 -0.0723682
13 1793 -0.16853 -0.0273622
13 1795 -0.194065 -0.0198406
13 1796 -0.148685 -0.011848
13 1637 0.106984 -0.0142049
10 1824 -0.194969 0.0481589
13 1824 -0.00586975 0.087394
10 1825 -0.244815 -0.0693221
14 1825 -0.0256285 -0.00662941
14 740 0.159945 0.106386
14 1031 0.151643 0.108685
14 350 0.110247 0.256417
12 1557 0.0906786 -0.262131
12 1502 0.273878 -0.241924
11 77 -0.182236 -0.232742
11 1826 -0.0475798 -0.215637
12 1826 0.0656149 -0.189154
12 1726 0.058341 -0.147195
11 1827 -0.0555236 -0.15391
12 1827 0.0426251 -0.130192
12 850 0.00557986 -0.0942795
11 1461 -0.0446577 -0.102953
11 1828 -0.0647003 -0.101704
12 1828 0.0191667 -0.0804891
12 1709 0.25258 -0.0681836
11 1786 -0.285245 -0.079476
12 1792 -0.210805 -0.056197
12 1789 -0.204939 -0.0569834
12 1791 -0.229315 -0.0545634
11 1829 -0.315055 -0.076822
12 1829 -0.220884 -0.0549336
11 1830 -0.337354 -0.0739166
12 1830 -0.243382 -0.0520295
11 1831 -0.190709 -0.0735201
12 1831 -0.0976016 -0.0510079
11 1832 -0.181341 -0.0725107
12 1832 -0.0880274 -0.0496055
12 1067 -0.0565866 -0.0457718
12 698 0.0950939 -0.0490318
12 852 0.135032 -0.0492647
11 1833 -0.373335 -0.064823
12 1833 -0.279105 -0.0422991
11 1834 -0.377326 -0.0630815
12 1834 -0.283669 -0.0402553
11 1317 -0.122926 -0.0548291
11 1317 -0.109397 -0.0522757
12 1730 -0.112839 -0.0259314
11 1001 -0.0739124 -0.0436878
12 1241 0.0209927 -0.0138926
12 1545 0.00784771 -0.0018289
11 1322 -0.125734 -0.0104176
11 1429 0.120578 0.0147626
11 1835 -0.0888839 0.0218504
12 1835 0.0024305 0.0436689
11 1836 -0.0822895 0.0290618
12 1836 0.0144198 0.0522791
12 459 -0.0548049 0.0537626
11 1196 -0.275466 0.0533354
12 279 -0.0186136 0.0883142
12 1193 -0.0917301 0.0925021
11 1837 -0.147904 0.0861071
12 1837 -0.0694046 0.106282
11 750 -0.103504 0.106501
11 1838 -0.0280631 0.112652
12 1838 0.0565523 0.13375
11 1839 0.0116986 0.13044
12 1839 0.0933472 0.151503
11 1592 -0.000421204 0.152766
12 1346 0.0426353 0.174387
11 1840 0.03126 0.153667
12 1840 0.141813 0.181027
11 1841 -0.0557405 0.250323
12 1841 0.0157632 0.269238
13 975 -0.0650008 -0.26156
13 1726 0.123718 -0.129191
11 124 -0.108497 -0.13352
11 1842 0.0096213 -0.0866422
13 1842 0.124126 -0.0560695
13 1794 -0.181365 -0.0234266
13 877 -0.165987 -0.0176745
13 1316 -0.0692389 -0.0246981
13 1406 -0.0742409 -0.0163292
13 1731 0.00898714 -0.000465185
11 729 -0.0954352 0.0324953
13 1029 0.00246464 0.0800413
13 462 0.00184478 0.0893273
13 750 0.0380174 0.14223
14 1832 0.00183968 -0.00955198
14 1314 0.129316 -0.0062034
11 1843 -0.437578 -0.0389416
14 1843 -0.152509 0.0572277
14 1029 0.114749 0.0986291
11 1198 -0.0101955 0.112903
12 823 -0.266206 -0.344641
12 1104 0.173305 -0.164121
13 1359 0.127979 -0.134584
12 111 -0.161791 -0.134817
12 379 -0.124948 -0.124172
13 1583 0.00420826 -0.0783568
13 1252 0.093222 -0.0766407
12 1844 -0.0418996 -0.064534
13 1844 0.0211835 -0.044828
12 1845 -0.0342175 -0.0599496
13 1845 0.0261063 -0.0417064
13 1212 -0.0776718 -0.034402
12 1269 -0.103919 -0.0523265
12 998 0.00118394 -0.0522048
12 1846 0.0934878 -0.0493007
13 1846 0.123494 -0.039726
13 1067 0.010071 -0.0254314
13 1640 -0.183739 -0.0129812
13 1234 -0.112766 -0.0164515
12 1275 -0.0416357 -0.0344659
12 1847 -0.136593 -0.0308659
13 1847 -0.089119 -0.00989858
12 1848 -0.0699107 -0.0285686
13 1848 0.000816901 -0.0082818
12 1001 0.00332028 -0.024124
12 1849 -0.0654454 -0.0216037
13 1849 0.00199009 -0.00165431
12 1143 0.187636 -0.0208099
12 1850 -0.329108 -0.0187567
13 1850 -0.252665 0.0129422
12 1011 -0.015758 -0.0127673
13 1319 -0.0113352 0.0160732
12 721 -0.132825 0.00165556
13 1015 0.00124817 0.029591
12 1173 -0.0224333 0.0118065
12 1280 -0.0102811 0.0341791
13 1429 0.245931 0.0407947
12 1851 -0.0204029 0.0436625
13 1851 0.0381742 0.0594839
12 1025 -0.0448203 0.0547893
12 729 -0.00590482 0.0556535
13 1434 -0.0155705 0.078568
13 1029 0.00746208 0.0818152
12 1852 0.0150261 0.0672038
13 1852 0.0753432 0.0817714
12 1824 -0.0659506 0.0700926
13 1761 0.226153 0.085192
12 262 0.0464059 0.0809452
12 1853 0.110239 0.0808043
13 1853 0.181409 0.0921208
13 1260 -0.0259676 0.114888
13 1837 -0.0137624 0.121514
12 1854 0.10829 0.143357
13 1854 0.164608 0.150993
12 1058 -0.0238963 0.225177
14 144 -0.0105525 -0.05779
12 646 0.0477512 0.00362755
14 1430 0.0935529 0.0603036
12 1855 0.084975 0.0803654
14 1855 0.251613 0.094428
14 1265 0.179012 -0.0548612
14 1151 -0.0490082 -0.00702199
13 1856 -0.139597 -0.0321314
14 1856 -0.0516471 -0.00622424
13 1857 -0.04844 0.00607919
14 1857 0.0126258 0.0274711
13 1858 0.151256 0.106464
14 1858 0.241679 0.109201
13 346 0.132325 0.248542
221 220 178
102 106 72
112 112 78
138 140 108
222 222 173
222 222 172
223 222 173
222 222 174
167 164 123
180 178 139
118 122 89
130 126 104
130 134 98
118 124 88
170 165 150
127 132 96
127 124 104
129 132 98
122 128 90
112 114 92
154 156 124
220 222 175
113 116 94
122 120 100
108 110 86
116 125 86
122 130 96
144 141 120
154 152 132
123 122 100
124 120 88
131 128 105
171 162 138
112 120 82
116 114 82
120 118 95
164 156 129
134 132 112
108 104 72
114 118 94
114 114 92
117 118 96
112 125 82
108 108 82
118 118 98
102 104 80
122 122 99
116 119 96
111 112 82
130 128 101
128 126 102
142 141 123
124 140 94
120 120 100
108 105 74
127 126 103
128 128 107
164 162 132
122 123 103
126 138 94
130 126 95
166 162 138
164 166 128
102 100 70
138 134 110
117 118 98
117 118 96
125 138 93
117 116 95
127 126 106
118 116 98
97 94 74
123 134 88
122 120 101
124 124 102
120 120 100
164 162 136
118 120 94
126 136 94
122 122 98
121 122 99
122 123 101
126 136 92
130 140 99
122 122 101
130 127 102
130 128 106
125 125 102
138 145 103
124 124 100
124 122 100
164 164 112
125 126 104
119 118 94
123 124 96
133 129 108
124 123 100
216 227 186
127 129 99
161 160 112
218 224 185
122 122 92
166 164 108
120 120 90
126 124 101
123 123 90
120 120 93
120 120 92
148 152 103
118 118 82
116 118 82
114 112 82
125 128 90
111 110 78
114 116 82
105 104 70
142 140 102
120 122 90
122 124 88
112 112 80
152 152 117
222 231 190
100 105 65
78 76 37
113 115 82
77 76 38
120 121 90
96 102 58
114 119 84
216 226 188
112 112 81
111 114 82
212 210 158
160 164 130
101 104 58
104 100 73
112 101 67
128 128 96
110 113 83
216 228 188
84 89 52
160 162 126
110 112 83
102 108 72
97 90 65
100 105 78
176 148 114
125 127 100
106 110 82
111 114 76
224 230 191
96 96 76
98 105 79
109 87 60
221 232 190
110 86 63
157 123 96
178 182 146
87 89 64
146 150 108
58 25 12
80 82 54
148 152 108
166 124 94
216 212 170
84 84 62
56 30 22
102 88 62
222 232 190
90 90 66
137 114 80
136 124 92
86 90 66
204 176 144
216 228 186
138 144 100
204 184 148
219 228 187
150 110 79
94 80 52
111 83 54
96 96 74
86 90 67
72 65 48
44 22 10
110 81 58
112 90 66
56 26 15
76 74 50
88 58 32
84 86 61
150 116 88
156 124 90
116 126 84
126 128 116
70 70 48
114 117 98
120 122 116
114 116 110
115 118 110
70 72 48
116 120 109
54 26 15
56 32 20
110 112 98
97 101 96
150 119 94
96 102 94
107 76 57
120 121 102
105 124 82
102 98 75
46 22 12
22 16 10
76 77 54
85 85 62
86 86 61
80 80 60
69 72 50
64 66 43
80 82 60
53 56 32
83 46 34
68 55 42
43 42 26
84 64 44
194 152 125
76 80 56
74 74 48
154 118 92
44 28 18
66 54 42
156 123 103
54 40 23
154 123 100
70 74 44
188 142 110
72 76 47
98 65 53
76 80 54
84 38 24
110 74 60
80 50 32
70 78 42
123 126 108
29 19 15
102 58 48
160 114 90
104 119 84
157 117 97
154 111 90
108 67 47
122 74 54
158 116 94
74 79 49
104 65 50
134 94 80
126 82 62
118 89 80
198 164 144
122 80 65
115 92 84
206 174 163
226 196 192
226 196 192
76 80 57
179 140 118
228 202 198
214 180 172
94 55 40
192 156 136
218 187 181
203 171 161
179 146 140
161 116 96
194 150 128
198 156 138
83 86 60
132 92 70
96 48 34
91 93 71
140 100 80
96 52 42
110 58 48
126 81 58
112 74 54
102 62 52
128 80 60
132 93 91
92 92 69
109 78 76
111 71 54
138 98 78
92 100 74
96 52 38
127 80 62
94 50 36
80 40 32
140 104 102
86 48 42
89 50 44
100 62 57
104 65 59
104 66 61
94 54 38
104 67 50
104 62 50
73 36 29
116 79 64
68 36 30
65 34 30
102 66 54
111 75 62
116 82 75
76 44 36
123 87 84
120 82 80
92 52 40
114 72 54
95 56 44
102 57 46
138 98 94
80 42 34
130 92 90
146 100 95
116 70 51
50 23 19
111 82 80
100 52 37
110 58 38
104 62 54
118 67 48
104 62 55
112 70 63
227 219 212
104 64 54
228 220 213
227 218 214
100 58 45
100 60 48
100 50 38
137 92 92
108 59 46
103 52 38
130 108 99
127 74 66
148 98 97
99 50 40
104 52 39
106 59 50
104 58 50
89 92 64
90 92 66
88 90 64
94 95 74
88 92 64
89 90 68
88 88 62
146 140 126
144 139 126
116 114 84
84 88 66
102 98 59
90 94 69
100 102 82
107 106 82
121 123 101
90 90 68
90 92 68
98 100 79
98 97 74
95 96 69
97 100 65
98 98 68
89 90 60
88 90 57
124 122 85
78 84 62
97 98 67
88 88 56
93 92 59
76 76 48
74 79 52
96 78 47
128 131 96
118 120 82
181 186 145
100 106 70
144 147 106
118 88 58
116 112 80
126 124 92
26 14 7
107 90 60
88 80 61
72 70 46
47 20 12
47 22 12
49 50 31
38 36 24
64 62 42
46 25 14
64 50 31
68 66 44
60 62 40
105 72 52
20 13 8
60 25 14
120 80 58
72 60 44
152 112 87
90 45 32
140 100 73
102 89 73
157 115 86
64 32 21
142 116 114
172 130 102
132 91 70
143 102 80
93 51 34
191 146 121
84 88 60
158 115 92
193 148 124
206 178 174
210 184 181
142 115 114
63 26 18
157 119 110
75 40 28
82 42 32
84 54 50
85 46 35
96 56 40
87 45 34
80 44 34
106 70 50
86 50 42
100 58 44
96 52 34
95 52 36
119 79 77
99 60 50
108 56 38
87 70 59
202 195 190
98 46 36
170 176 129
92 104 68
78 84 60
106 116 68
84 86 53
78 78 48
102 103 64
54 52 34
72 64 45
34 30 16
57 27 20
60 26 18
141 98 68
124 88 60
164 124 96
69 35 26
82 44 32
96 54 46
80 60 46
86 87 52
76 84 50
83 86 57
63 66 45
24 26 16
75 88 46
80 91 51
40 40 22
70 82 42
26 16 10
84 50 41
184 144 126
70 82 51
91 50 42
124 100 92
58 60 36
113 115 86
32 18 13
83 44 34
133 95 69
158 125 112
134 111 97
78 36 28
94 50 37
134 134 98
60 59 39
90 92 58
82 84 68
16 12 8
68 72 56
128 111 87
72 78 63
65 66 54
58 58 44
155 122 95
79 80 62
82 88 56
89 48 37
84 50 46
86 38 26
85 86 70
43 50 34
40 26 20
36 30 16
24 15 9
96 56 42
110 118 72
128 131 100
79 85 60
100 85 75
84 68 54
63 42 30
76 82 52
139 136 119
95 66 62
98 100 78
41 26 14
76 42 28
90 54 42
122 126 102
82 88 54
104 104 74
76 85 54
90 44 36
23 14 9
24 24 14
155 132 110
68 35 28
58 26 16
190 188 135
175 180 139
102 112 65
185 196 150
144 152 126
74 44 40
98 66 62
201 200 150
167 166 123
95 96 74
97 97 74
122 126 95
92 92 59
101 108 76
87 76 68
62 28 18
46 20 12
87 90 81
81 83 76
162 166 118
64 50 40
54 38 27
148 110 91
83 88 59
74 78 55
32 22 16
92 102 61
62 40 30
87 95 54
108 80 64
134 114 100
81 92 52
88 94 66
24 17 10
102 66 48
96 48 30
33 18 15
175 131 99
176 133 99
68 32 26
64 32 23
152 112 97
144 104 85
70 34 22
72 34 23
56 62 40
74 86 52
188 173 173
146 123 103
138 110 93
196 160 150
162 112 88
196 170 165
199 170 166
140 107 86
190 155 148
188 153 147
128 106 87
89 44 35
84 62 56
88 42 29
121 91 90
111 81 79
99 53 39
103 68 65
64 26 18
92 60 57
92 58 55
110 73 70
96 62 59
102 64 60
112 81 78
118 68 52
82 70 54
93 38 26
86 64 48
133 92 90
104 50 39
137 93 94
144 107 104
118 93 79
112 64 52
107 84 57
82 86 54
98 98 69
86 102 64
94 94 70
129 134 94
102 109 66
62 66 56
18 10 7
156 116 83
180 145 134
190 152 138
88 51 38
55 26 22
94 62 57
95 92 56
87 88 55
169 178 132
174 178 144
59 62 41
76 84 56
98 65 62
93 89 57
106 102 72
92 92 62
92 92 64
33 14 7
58 58 34
86 88 77
100 60 48
33 16 10
60 29 24
114 110 86
38 28 16
100 55 44
116 116 80
118 81 59
89 88 71
91 46 42
106 107 81
94 98 60
98 97 55
93 93 74
87 46 34
122 124 86
133 125 117
128 116 108
38 33 20
137 136 116
135 115 99
75 58 33
96 99 65
30 27 14
91 42 32
77 74 52
90 100 62
72 76 50
98 68 46
46 40 26
142 114 96
78 84 56
78 82 47
66 74 38
62 66 40
58 62 35
74 86 46
77 91 50
60 63 31
58 64 27
54 61 20
104 108 70
162 174 130
51 56 34
65 70 40
162 176 129
167 174 132
64 70 53
160 170 124
162 167 115
116 94 51
39 15 4
63 62 33
53 62 51
162 176 130
92 94 87
30 12 6
62 58 30
26 10 4
156 156 154
60 66 51
74 76 60
154 153 149
132 132 128
72 75 58
48 55 46
50 54 44
122 121 116
74 77 51
44 48 26
56 64 48
55 62 34
52 60 34
53 62 44
110 86 80
68 76 62
32 20 10
27 17 8
72 58 43
57 16 7
82 92 63
61 71 53
42 18 11
130 106 98
162 123 107
79 91 66
72 47 36
110 72 54
124 85 64
156 121 110
162 122 106
110 88 56
146 112 102
153 119 112
130 89 72
137 94 76
50 20 16
33 11 7
53 17 10
70 35 31
70 33 28
74 40 39
64 26 19
77 46 34
82 46 42
70 32 24
80 52 50
70 28 18
66 28 20
72 40 36
85 42 30
94 56 53
57 20 16
70 35 30
65 26 20
55 20 14
78 49 48
80 34 24
98 60 57
69 22 18
55 61 35
66 31 18
116 71 70
92 36 24
70 77 52
70 76 58
58 65 44
71 74 46
158 173 128
115 107 71
116 118 102
39 42 24
36 36 17
54 60 52
60 66 56
54 57 44
40 38 18
89 69 57
104 72 66
94 36 22
105 58 53
76 76 50
86 84 58
56 58 34
58 63 46
90 90 52
95 96 86
110 82 77
70 28 14
68 38 35
98 59 54
84 84 56
71 76 52
166 170 122
77 80 46
117 92 66
74 38 30
68 75 48
77 84 57
50 49 38
72 30 22
55 40 25
98 98 66
80 80 41
108 86 62
68 24 10
76 76 55
78 78 56
98 101 52
76 32 27
76 26 20
91 94 60
32 34 17
85 54 50
165 168 112
58 62 38
164 164 108
172 175 123
171 174 126
170 175 122
76 76 50
38 42 14
84 53 30
46 60 34
90 43 27
108 107 57
76 82 67
92 81 58
47 52 24
60 62 44
62 76 34
60 75 34
72 86 41
104 103 54
105 104 57
110 107 60
96 97 57
113 108 64
36 42 24
92 90 44
54 60 44
92 94 46
62 64 23
40 48 24
148 165 119
108 93 68
150 164 121
90 66 35
102 80 60
149 164 120
152 152 111
47 31 14
83 86 42
108 90 56
62 70 52
126 116 72
53 59 46
153 164 120
150 154 100
36 30 15
26 25 14
56 52 29
93 90 68
62 66 44
56 62 45
30 29 14
58 60 32
60 66 38
40 46 36
46 56 31
40 55 32
16 6 4
42 53 28
16 8 4
12 12 6
34 39 22
99 78 62
25 34 12
138 95 64
58 19 10
64 22 14
74 30 21
53 18 11
136 105 96
58 70 49
173 120 93
152 126 118
140 102 92
95 39 21
81 46 26
70 26 18
78 48 42
74 32 22
66 37 32
64 34 30
80 35 26
54 22 18
78 40 32
68 32 21
82 38 28
76 46 43
80 35 24
96 43 36
90 39 28
64 21 14
99 44 30
62 70 44
109 117 66
50 58 40
28 34 15
36 44 28
71 65 34
62 63 34
122 122 117
63 70 28
52 42 24
25 16 8
166 116 89
48 16 12
70 39 36
82 34 23
61 18 12
154 158 101
144 148 100
67 66 40
76 74 48
48 52 26
146 160 116
146 158 114
54 58 48
49 60 48
84 38 27
89 35 24
80 30 24
97 94 62
116 73 43
144 98 82
60 65 51
39 16 5
154 153 100
82 81 44
72 74 48
47 54 34
81 36 26
74 30 26
61 79 34
158 166 110
156 164 111
56 61 28
36 42 20
105 109 86
96 95 64
36 32 14
74 31 21
114 121 68
74 80 29
118 116 65
43 36 16
86 57 27
75 51 35
39 40 26
28 36 16
70 80 56
78 46 39
79 48 43
75 40 35
97 94 72
61 75 31
68 82 36
93 90 70
62 78 36
72 82 39
42 48 26
56 64 32
74 74 69
46 54 37
48 55 24
46 50 18
50 58 18
68 69 32
58 62 42
100 97 46
97 101 56
46 50 36
40 37 12
46 51 28
62 70 48
88 87 52
128 124 98
149 148 93
77 77 46
96 94 76
102 100 87
69 66 34
72 70 49
122 124 122
56 62 30
54 57 38
59 64 35
44 50 32
44 50 34
88 83 55
55 49 30
34 30 20
30 36 22
37 40 24
67 68 54
43 28 17
40 43 29
48 56 36
38 48 31
22 10 7
40 24 14
44 18 6
154 126 110
114 92 76
142 117 108
46 16 8
64 23 14
78 31 20
58 28 18
149 99 68
132 84 50
144 92 63
116 80 68
100 56 41
67 34 22
20 6 4
68 26 18
72 30 19
72 28 20
72 32 24
70 41 37
54 19 12
20 4 1
76 44 42
76 32 20
80 38 26
64 30 22
66 32 28
70 36 28
89 38 24
86 38 24
73 30 22
71 31 25
85 52 46
58 17 8
68 34 33
69 21 12
80 36 32
80 40 36
88 27 16
82 34 28
86 44 44
61 74 28
45 53 30
47 48 26
37 45 29
84 66 40
114 94 54
65 70 52
36 46 25
44 48 32
64 36 30
76 28 19
78 38 31
96 40 32
73 32 28
102 96 54
28 8 1
72 68 36
46 49 30
148 101 71
54 25 24
62 24 16
78 76 56
101 95 74
59 63 40
61 66 39
35 34 16
56 58 36
58 61 40
32 36 22
87 88 54
88 92 54
41 32 22
89 42 28
159 162 116
100 108 66
58 69 30
100 104 65
41 52 42
32 30 14
38 40 30
70 82 32
70 78 56
70 75 34
42 50 22
50 58 22
51 60 22
50 59 22
48 54 14
149 154 114
32 32 12
73 56 39
57 40 16
71 53 24
102 78 65
146 100 70
50 54 32
140 140 102
92 90 62
40 15 6
32 36 14
66 34 33
72 32 29
78 80 50
86 88 60
60 74 28
67 70 42
74 75 46
66 78 28
68 79 34
80 86 40
72 81 32
68 72 39
60 65 31
36 44 21
30 37 16
49 54 22
62 62 48
94 65 39
138 149 111
28 22 10
86 68 52
104 96 80
52 43 23
98 98 56
86 80 45
72 70 37
86 85 44
68 68 36
84 66 38
20 9 7
66 67 35
38 42 28
104 106 104
63 68 44
39 40 24
73 70 50
42 48 37
32 32 15
36 42 30
36 44 30
35 36 29
84 63 42
82 63 34
56 63 39
20 22 12
34 42 28
37 42 28
44 48 36
32 36 26
58 71 31
36 40 30
136 92 79
39 42 32
22 20 10
66 47 36
32 28 16
78 56 44
25 12 8
43 32 17
40 38 23
77 35 20
56 28 16
69 34 22
38 10 2
161 109 78
76 48 37
140 99 80
56 18 8
44 22 14
82 30 18
34 38 16
68 25 17
78 32 22
33 38 16
54 18 11
98 100 80
75 32 26
74 40 37
68 40 34
86 40 25
81 78 58
75 32 22
76 33 26
64 25 20
66 22 15
72 25 16
78 34 29
88 48 44
60 70 56
106 100 57
132 118 81
108 108 64
68 69 33
33 31 13
67 66 36
100 100 94
94 81 70
97 68 58
53 20 15
85 48 42
82 38 29
65 24 19
78 29 25
94 42 34
95 110 74
81 82 43
62 68 54
78 40 32
47 20 18
108 112 59
104 102 56
83 85 43
30 16 6
86 77 49
32 13 4
60 70 24
75 84 72
65 63 37
90 87 50
114 109 76
60 68 54
26 24 14
42 20 14
48 24 18
84 48 34
32 8 4
73 78 50
50 58 22
67 74 33
54 60 23
59 69 56
58 66 56
60 47 20
50 32 14
64 66 42
46 44 30
44 38 19
48 35 16
56 23 19
54 22 16
62 70 36
100 100 45
76 86 74
94 98 58
50 58 32
38 35 16
76 55 26
33 16 6
78 76 50
73 74 42
81 82 50
78 72 42
72 70 40
61 61 30
58 62 45
64 72 32
47 16 6
107 68 44
39 22 9
21 8 4
145 95 64
154 103 70
64 44 31
56 24 19
72 30 17
80 52 42
80 52 50
91 76 44
42 48 20
76 86 52
74 86 46
112 106 70
62 74 40
64 74 28
88 82 69
58 70 28
101 106 53
40 48 30
122 127 74
33 42 26
100 102 55
118 118 68
144 142 94
52 65 49
29 30 14
62 70 60
36 46 30
27 32 15
92 68 41
118 116 64
66 66 34
74 74 36
124 124 70
103 97 78
53 52 31
57 65 28
70 70 50
28 31 20
23 12 8
32 36 26
110 64 40
34 42 29
32 30 16
35 40 26
14 9 8
56 28 20
16 6 3
32 14 8
136 145 98
126 86 70
156 104 73
150 120 106
60 34 20
159 138 135
136 94 78
68 32 28
64 40 30
73 35 30
66 38 30
72 42 30
38 16 12
74 38 30
114 110 90
62 40 26
78 43 36
86 41 30
70 26 16
76 30 18
106 80 62
60 28 24
94 38 26
82 24 14
75 22 14
90 90 60
93 97 48
94 99 54
96 99 56
125 124 74
54 62 49
60 65 53
48 56 48
63 45 30
27 28 20
18 18 10
57 29 22
14 28 10
60 38 33
86 44 41
82 38 36
84 34 26
74 76 54
74 74 50
74 81 36
90 74 39
65 71 36
46 42 22
86 85 52
72 80 30
76 80 74
64 71 61
62 69 60
58 66 54
68 73 60
52 62 50
116 110 94
28 31 14
14 5 2
50 40 20
76 62 28
103 44 28
74 81 31
48 56 28
45 51 32
41 50 32
70 78 70
66 75 62
60 62 42
54 58 38
130 129 82
62 66 41
60 66 56
102 116 78
138 102 80
72 78 38
70 70 54
62 70 28
64 67 53
10 6 4
56 65 31
34 18 13
74 33 22
94 40 24
64 73 40
54 52 34
53 58 32
72 82 66
40 52 17
98 100 51
66 62 47
102 100 44
109 108 60
110 106 62
59 58 38
64 50 36
68 58 35
59 70 28
144 95 73
56 66 28
160 113 98
25 34 15
138 96 80
150 114 94
36 19 7
158 106 74
84 53 44
72 44 34
72 43 34
68 39 30
38 34 18
76 43 38
68 32 30
56 63 31
64 68 30
18 8 3
40 22 10
25 24 7
52 24 22
40 50 22
56 63 36
78 77 56
84 86 44
36 50 18
105 108 64
68 74 65
154 154 98
35 40 25
32 40 26
38 44 29
48 52 26
56 48 20
70 80 63
93 62 36
57 30 14
90 86 60
76 83 40
83 79 36
76 75 38
66 65 43
38 36 25
28 28 18
132 90 70
45 52 33
134 108 82
132 82 60
23 12 6
143 119 106
28 18 12
149 122 112
33 15 6
59 34 22
21 10 4
83 44 29
82 44 30
134 99 88
82 57 44
148 100 78
74 49 38
63 40 34
74 29 18
60 36 30
70 43 32
68 40 32
66 39 36
62 32 32
83 52 42
74 36 28
62 26 18
54 25 22
80 26 14
96 38 26
56 67 32
42 50 28
36 46 28
60 64 54
62 68 58
70 78 66
56 64 51
68 76 60
55 64 48
56 66 50
50 40 22
74 56 40
111 107 62
68 66 34
40 20 13
34 16 12
116 87 76
148 102 82
46 17 14
44 19 17
57 54 30
83 88 36
107 112 54
120 124 68
124 124 76
146 148 92
46 54 27
68 76 68
144 146 90
150 149 97
155 155 101
154 152 103
150 146 94
118 117 73
94 94 56
85 96 58
75 75 39
47 50 21
75 81 42
81 76 44
56 55 26
34 24 10
28 22 12
30 38 24
40 46 32
108 70 48
174 122 89
154 128 114
146 122 117
28 34 16
90 92 72
79 51 45
47 20 12
98 100 55
52 68 28
110 110 68
61 67 57
60 56 44
60 59 42
85 83 38
68 64 32
74 76 36
172 134 122
149 106 92
29 34 16
34 16 12
140 96 68
144 108 93
138 103 97
82 59 52
80 60 52
54 49 29
60 44 28
51 30 25
39 38 17
50 42 20
67 39 29
86 86 68
88 82 65
54 59 32
60 64 34
98 102 63
88 92 52
86 90 50
88 92 52
126 112 68
98 88 68
98 72 40
52 55 24
54 58 32
37 40 20
76 42 36
76 31 24
54 66 30
76 82 48
138 140 92
83 82 64
118 118 62
74 84 61
54 58 40
64 58 45
61 61 50
68 76 63
68 72 58
68 62 48
54 58 44
65 74 60
64 68 56
69 62 45
101 100 46
107 104 57
48 52 22
66 75 59
74 74 45
40 48 35
62 63 30
66 62 37
38 46 34
88 88 50
62 60 24
148 159 112
27 30 14
82 86 43
72 64 32
122 116 77
17 26 16
82 86 44
82 74 42
146 139 79
154 118 102
88 82 60
70 68 26
97 92 48
109 80 52
24 25 12
68 64 37
20 14 8
146 111 96
42 46 28
35 42 27
40 44 31
50 45 34
52 56 36
69 52 26
38 48 26
14 8 4
25 26 14
60 67 32
13 7 3
93 68 60
30 33 20
30 32 19
79 56 34
34 34 26
32 34 21
102 75 64
38 29 18
9 10 4
26 14 7
74 54 41
144 121 115
18 5 2
52 28 16
136 104 98
134 96 68
104 75 64
130 90 74
44 22 16
30 14 9
28 12 8
27 14 9
156 132 127
134 146 102
38 36 17
122 93 80
87 58 50
108 78 65
137 130 114
123 86 60
34 35 14
93 75 68
124 120 100
63 25 18
74 29 18
67 38 30
24 4 2
42 18 14
39 16 12
66 32 26
30 33 13
68 35 28
49 24 18
64 31 24
52 24 14
70 34 30
52 24 20
82 36 24
52 24 19
58 20 11
90 52 33
68 30 22
90 55 50
56 64 37
44 54 30
69 77 61
124 122 80
155 160 106
58 62 36
127 105 84
77 48 30
42 16 10
18 27 16
146 122 104
154 112 96
20 14 8
22 18 10
154 114 105
34 34 24
118 90 73
83 51 43
62 18 11
37 52 28
152 154 106
134 141 92
132 136 96
49 58 42
84 90 52
80 85 47
108 103 68
63 72 30
26 25 16
28 26 13
92 60 42
152 114 106
54 56 36
144 122 112
28 14 7
134 91 71
128 105 94
64 36 30
54 30 25
74 42 35
58 31 25
80 78 58
35 41 24
158 149 128
71 68 46
146 156 110
78 84 72
50 54 42
138 135 77
148 108 88
66 48 27
128 102 69
86 64 58
30 35 17
149 128 114
145 100 85
24 34 16
144 117 102
90 61 53
46 24 16
74 36 29
66 36 30
88 48 39
146 157 112
40 50 31
100 99 62
54 55 34
45 42 19
144 119 112
80 55 44
81 44 28
115 119 66
88 68 52
60 66 53
52 36 25
146 138 108
99 100 70
78 83 46
61 66 59
104 106 52
71 75 51
78 84 74
91 75 54
38 40 22
55 52 31
67 65 34
37 40 25
136 104 86
36 38 20
37 40 23
32 38 20
29 34 20
28 34 20
148 142 81
74 78 66
30 27 16
17 14 8
79 53 35
134 86 52
52 23 11
54 66 38
130 102 90
56 68 42
153 133 130
74 30 22
64 40 34
67 36 24
65 31 26
36 36 16
68 38 35
32 34 15
164 152 137
100 62 34
98 40 28
110 108 66
120 120 66
49 60 46
56 54 30
62 63 31
46 49 28
62 33 29
138 86 59
76 76 40
80 86 80
56 66 52
38 48 34
38 41 22
40 44 24
72 76 36
70 78 36
38 40 24
33 36 18
42 26 24
34 20 14
78 38 26
43 18 15
60 32 23
78 54 24
88 37 27
78 83 60
104 106 81
60 62 30
69 48 26
53 32 24
146 142 85
50 62 45
28 32 24
40 48 24
78 52 44
144 106 92
31 36 13
72 40 35
132 105 97
92 94 57
68 58 38
96 64 55
