15 1804 7985
0 0 0.352536 -0.346455
1 0 0.379823 -0.335792
0 1 -0.0866153 -0.326159
1 1 -0.0742782 -0.319106
0 2 -0.26699 -0.30918
1 2 -0.248979 -0.304601
0 3 0.417537 -0.23765
1 3 0.448449 -0.22328
0 4 0.262644 -0.229347
1 4 0.284585 -0.218445
0 5 0.285429 -0.229463
1 5 0.309077 -0.218496
0 6 0.192178 -0.2245
1 6 0.20995 -0.214658
0 7 0.21314 -0.22505
1 7 0.233624 -0.214806
0 8 0.155444 -0.222261
1 8 0.174181 -0.213259
0 9 0.108693 -0.219816
1 9 0.12683 -0.211753
0 10 0.078269 -0.218533
1 10 0.0956441 -0.210453
0 11 0.225561 -0.218666
1 11 0.246145 -0.207894
0 12 0.0441809 -0.217072
1 12 0.0608144 -0.210303
0 13 0.216293 -0.217251
1 13 0.236567 -0.206623
0 14 0.00228465 -0.215228
1 14 0.0200113 -0.209402
0 15 0.0584018 -0.209217
1 15 0.0752435 -0.201962
0 16 0.00699735 -0.208093
1 16 0.0253512 -0.201348
0 17 0.00100026 -0.206636
1 17 0.0181851 -0.200672
0 18 0.0138946 -0.20666
1 18 0.0308775 -0.200625
0 19 -0.240159 -0.201685
1 19 -0.213097 -0.200511
0 20 -0.217853 -0.201866
1 20 -0.191565 -0.200458
0 21 -0.333394 -0.196955
1 21 -0.303056 -0.19823
0 22 0.409872 -0.193668
1 22 0.440188 -0.179035
0 23 0.354731 -0.190977
1 23 0.382084 -0.177494
0 24 0.341774 -0.190068
1 24 0.367553 -0.176741
0 25 0.31051 -0.188538
1 25 0.334322 -0.176081
0 26 0.264991 -0.186255
1 26 0.28644 -0.174398
0 27 0.280694 -0.186674
1 27 0.302952 -0.175271
0 28 0.24711 -0.185137
1 28 0.269497 -0.174287
0 29 0.210695 -0.183418
1 29 0.231291 -0.173233
0 30 0.108021 -0.17791
1 30 0.125791 -0.170565
0 31 0.080725 -0.176943
1 31 0.0907201 -0.169575
0 32 0.0426786 -0.175196
1 32 0.0597554 -0.168609
0 33 0.0564954 -0.175759
1 33 0.0752828 -0.16956
0 34 0.0221934 -0.174293
1 34 0.0392327 -0.168365
0 35 0.035294 -0.174551
1 35 0.0492108 -0.168384
0 36 0.00517017 -0.173071
1 36 0.0229323 -0.168086
0 37 0.230094 -0.168413
1 37 0.242176 -0.158664
0 38 -0.223646 -0.163304
1 38 -0.201748 -0.163409
0 39 -0.21811 -0.163506
1 39 -0.193664 -0.163348
0 40 -0.209865 -0.16351
1 40 -0.187057 -0.163563
0 41 -0.244895 -0.162355
1 41 -0.221494 -0.163036
0 42 -0.302313 -0.159931
1 42 -0.272847 -0.161498
0 43 -0.2917 -0.160143
1 43 -0.262964 -0.162239
0 44 -0.337156 -0.158568
1 44 -0.305254 -0.161188
0 45 -0.324879 -0.158869
1 45 -0.294108 -0.161707
0 46 0.10085 -0.152765
1 46 0.109518 -0.146126
0 47 0.0775555 -0.151727
1 47 0.0883677 -0.145603
0 48 -0.222553 -0.146674
1 48 -0.197252 -0.147
0 49 -0.27535 -0.124244
1 49 -0.258518 -0.127757
0 50 0.285943 -0.097612
1 50 0.253723 -0.0916201
0 51 0.273561 -0.0966673
1 51 0.239985 -0.0920369
0 52 0.201333 -0.0865338
1 52 0.163901 -0.0840836
0 53 0.236549 -0.0779356
1 53 0.199515 -0.0741092
0 54 0.262624 -0.07655
1 54 0.226668 -0.0715599
0 55 0.223753 -0.0726275
1 55 0.185946 -0.0695175
0 56 0.243253 -0.0724612
1 56 0.206121 -0.0685704
0 57 0.213244 -0.0717617
1 57 0.175572 -0.0688509
0 58 -0.20294 -0.0698274
1 58 -0.200753 -0.0751765
0 59 -0.0269136 -0.0702374
1 59 -0.0491316 -0.0726418
0 60 -0.223169 -0.0687224
1 60 -0.222515 -0.0749341
0 61 -0.210616 -0.0692079
1 61 -0.211349 -0.0750272
0 62 0.285274 -0.0683231
1 62 0.254062 -0.0618407
0 63 -0.260671 -0.066727
1 63 -0.256222 -0.074045
0 64 0.361742 -0.0655305
1 64 0.354553 -0.0535563
0 65 0.272687 -0.0615363
1 65 0.237666 -0.055974
0 66 0.234995 -0.0605449
1 66 0.196562 -0.0566863
0 67 -0.0148703 -0.0597618
1 67 -0.037661 -0.0624809
0 68 -0.000234212 -0.0565687
1 68 -0.0216882 -0.05843
0 69 0.229137 -0.0570687
1 69 0.190994 -0.0543806
0 70 0.28111 -0.0567521
1 70 0.24734 -0.0512672
0 71 -0.0754412 -0.0552352
1 71 -0.0958913 -0.059876
0 72 0.20294 -0.0538033
1 72 0.165741 -0.0513844
0 73 -0.0160959 -0.0524509
1 73 -0.0391792 -0.0552659
0 74 0.216586 -0.0528817
1 74 0.178033 -0.0500909
0 75 -0.0291603 -0.048485
1 75 -0.0534335 -0.0525551
0 76 -0.0204485 -0.0482576
1 76 -0.0435965 -0.0512197
0 77 0.393012 -0.0463417
1 77 0.381398 -0.0334684
0 78 -0.165311 -0.043863
1 78 -0.174693 -0.0499327
0 79 -0.192694 -0.042794
1 79 -0.197515 -0.0499627
0 80 0.0183099 -0.0423207
1 80 0.00198526 -0.0427574
0 81 -0.210303 -0.0414346
1 81 -0.212931 -0.0488055
0 82 -0.0146035 -0.041069
1 82 -0.0384546 -0.0438639
0 83 -0.00325947 -0.0401347
1 83 -0.0212605 -0.0414713
0 84 0.191549 -0.0402531
1 84 0.155528 -0.0381817
0 85 -0.101748 -0.0366968
1 85 -0.115474 -0.0413884
0 86 0.265576 -0.035825
1 86 0.229759 -0.0305905
0 87 0.227035 -0.0328497
1 87 0.189016 -0.0292987
0 88 0.0556992 -0.03201
1 88 0.036621 -0.03123
0 89 -0.00121434 -0.0271491
1 89 -0.0242026 -0.0296479
0 90 -0.398353 -0.0262317
1 90 -0.389979 -0.0405297
0 91 0.0151271 -0.0243725
1 91 -0.00505244 -0.0262066
0 92 0.25636 -0.0212827
1 92 0.223422 -0.0165681
0 93 -0.15549 -0.0187895
1 93 -0.169012 -0.026225
0 94 0.250739 -0.0188948
1 94 0.216286 -0.0141972
0 95 0.220099 -0.0178169
1 95 0.183635 -0.0139472
0 96 0.145613 -0.0140707
1 96 0.122699 -0.0107548
0 97 0.123841 -0.0120618
1 97 0.0980219 -0.0104367
0 98 0.0342294 -0.00920948
1 98 -0.0263963 -0.0173415
0 99 0.365281 -0.00932795
1 99 0.342458 0.00156406
0 100 0.369436 -0.00969884
1 100 0.347295 0.00144793
0 101 -0.0873739 -0.00590847
1 101 -0.108557 -0.0125995
0 102 0.229402 -0.00185635
1 102 0.193312 0.00189432
0 103 0.248372 -0.00199093
1 103 0.213377 0.00301324
0 104 -0.399339 0.00129057
1 104 -0.397021 -0.0163568
0 105 -0.0972413 0.000957571
1 105 -0.118213 -0.00579415
0 106 0.169128 0.00228278
1 106 0.141658 0.00560907
0 107 -0.0357839 0.00149411
1 107 -0.0896479 -0.00843879
0 108 0.0194218 0.00341227
1 108 -0.0426015 -0.00575433
0 109 0.152498 0.00345116
1 109 0.123952 0.0060164
0 110 0.0416248 0.00496334
1 110 -0.0195942 -0.00207969
0 111 -0.0467345 0.00871803
1 111 -0.102862 -0.00208827
0 112 0.0557065 0.00875371
1 112 -0.00893362 0.00129454
0 113 0.033251 0.0100073
1 113 -0.0300174 0.00122792
0 114 0.242961 0.00966237
1 114 0.20638 0.0143999
0 115 0.225013 0.0122608
1 115 0.188557 0.0163687
0 116 0.0400735 0.0190988
1 116 -0.0241143 0.0102392
0 117 0.228997 0.0193987
1 117 0.192922 0.0231711
0 118 0.0181044 0.0204702
1 118 -0.0439472 0.010818
0 119 -0.226907 0.0277112
1 119 -0.245126 0.0144036
0 120 0.0405399 0.0291071
1 120 -0.0228541 0.0203989
0 121 -0.413494 0.0388002
1 121 -0.417965 0.0177207
0 122 0.0624061 0.0446261
1 122 2.25257e-05 0.0370553
0 123 -0.0244181 0.0474368
1 123 -0.0821758 0.0363882
0 124 -0.0278628 0.0529059
1 124 -0.0856575 0.0410294
0 125 0.0608272 0.0529446
1 125 -0.000211951 0.0454258
0 126 0.0261397 0.0570847
1 126 -0.0364271 0.0471762
0 127 0.194924 0.0648005
1 127 0.151786 0.0662741
0 128 0.18156 0.0661305
1 128 0.138573 0.0671804
0 129 0.0178495 0.0675131
1 129 -0.0432093 0.0577595
0 130 0.156224 0.068388
1 130 0.111691 0.0683152
0 131 0.0475544 0.0696891
1 131 -0.0109276 0.0612425
0 132 -0.0199555 0.0713453
1 132 -0.074764 0.0605704
0 133 0.0277165 0.074514
1 133 -0.030893 0.0649272
0 134 -0.0109428 0.078159
1 134 -0.0672387 0.0672075
0 135 0.304213 0.0877107
1 135 0.256055 0.0935476
0 136 -0.0209276 0.0904643
1 136 -0.0780616 0.0791131
0 137 0.00159055 0.0915158
1 137 -0.05372 0.0817871
0 138 0.0200087 0.0895116
1 138 -0.0409884 0.0793185
0 139 0.0477939 0.089959
1 139 -0.00884722 0.0816072
0 140 0.008859 0.0951315
1 140 -0.0481481 0.0849795
0 141 0.0210899 0.0976241
1 141 -0.0407156 0.0873475
0 142 -0.0101061 0.09881
1 142 -0.0654568 0.0874293
0 143 0.0703059 0.103075
1 143 0.0154927 0.0960739
0 144 0.215079 0.104379
1 144 0.163286 0.105435
0 145 -0.0136782 0.10554
1 145 -0.0702031 0.0941865
0 146 0.0595415 0.107037
1 146 0.00341761 0.0993252
0 147 0.0694537 0.107869
1 147 0.0142204 0.100781
0 148 -0.0232156 0.114602
1 148 -0.0792655 0.103161
0 149 0.0117175 0.117428
1 149 -0.0431777 0.107561
0 150 0.0753624 0.114776
1 150 0.0180745 0.107287
0 151 0.0214031 0.117396
1 151 -0.0379488 0.107059
0 152 0.0313506 0.119347
1 152 -0.0270377 0.109529
0 153 -0.203182 0.123721
1 153 -0.243016 0.104325
0 154 -0.0417287 0.125155
1 154 -0.103591 0.110442
0 155 0.03571 0.126411
1 155 -0.0211597 0.117331
0 156 0.03248 0.127038
1 156 -0.0248876 0.117497
0 157 -0.142262 0.128013
1 157 -0.186499 0.110731
0 158 0.0712032 0.13107
1 158 0.0127546 0.123069
0 159 0.055064 0.137461
1 159 -0.00423701 0.128309
0 160 -0.0343446 0.138644
1 160 -0.0929334 0.124646
0 161 -0.041392 0.141588
1 161 -0.0967215 0.126541
0 162 0.290984 0.141758
1 162 0.231313 0.144896
0 163 0.30202 0.141367
1 163 0.243076 0.144726
0 164 0.243344 0.145203
1 164 0.181346 0.145947
0 165 0.0568868 0.147184
1 165 -0.00309481 0.13811
0 166 0.183252 0.14903
1 166 0.120759 0.146134
0 167 0.198211 0.148506
1 167 0.134666 0.146148
0 168 0.153895 0.151217
1 168 0.0897611 0.147238
0 169 0.133996 0.153108
1 169 0.0721119 0.147361
0 170 -0.035012 0.158027
1 170 -0.0970951 0.143421
0 171 0.022235 0.160378
1 171 -0.0414924 0.148282
0 172 0.0153125 0.163059
1 172 -0.0479082 0.150618
0 173 0.00719826 0.165286
1 173 -0.0579083 0.152137
0 174 -0.0013237 0.166558
1 174 -0.0649888 0.153205
0 175 -0.00633386 0.167192
1 175 -0.0706069 0.153272
0 176 -0.0328203 0.170878
1 176 -0.0946324 0.155684
0 177 -0.0261141 0.173525
1 177 -0.0887058 0.158277
0 178 0.220878 0.175013
1 178 0.151462 0.173466
0 179 0.00411664 0.175983
1 179 -0.0588424 0.162308
0 180 -0.00154757 0.177179
1 180 -0.0671172 0.162907
0 181 0.00263921 0.176267
1 181 -0.0602841 0.162745
0 182 0.201154 0.177228
1 182 0.13169 0.173861
0 183 0.219618 0.201165
1 183 0.144396 0.197583
0 184 0.162789 0.204797
1 184 0.0880042 0.197684
0 185 0.0993743 0.210009
1 185 0.0267877 0.199673
0 186 0.048048 0.213199
1 186 -0.0262719 0.19981
0 187 0.0461613 0.248526
1 187 -0.0348365 0.232516
0 188 -0.143778 -0.592573
2 188 -0.0677089 -0.555936
0 189 -0.203704 -0.591722
2 189 -0.122737 -0.555715
0 190 -0.190457 -0.591487
2 190 -0.111308 -0.554684
0 191 0.0746018 -0.545049
2 191 0.139333 -0.510158
0 192 0.117291 -0.469725
2 192 0.179921 -0.437309
0 193 0.363423 -0.469336
2 193 0.436162 -0.430254
0 194 0.338134 -0.468778
2 194 0.408713 -0.430173
0 195 0.347721 -0.468572
2 195 0.419404 -0.43017
0 196 0.209806 -0.464577
2 196 0.272846 -0.42936
0 197 0.231797 -0.465235
2 197 0.295782 -0.429657
0 198 0.162505 -0.462537
2 198 0.225506 -0.427994
0 199 0.193192 -0.462852
2 199 0.256637 -0.427861
0 200 0.110716 -0.460745
2 200 0.172458 -0.427925
0 201 0.065001 -0.460158
2 201 0.126205 -0.428689
0 202 -0.00658617 -0.459056
2 202 0.0563597 -0.428639
0 203 -0.0324365 -0.457803
2 203 0.0312517 -0.428135
0 204 -0.17797 -0.455451
2 204 -0.104361 -0.429379
0 205 -0.135365 -0.455279
2 205 -0.0660755 -0.427937
0 206 -0.266915 -0.4505
2 206 -0.188188 -0.426779
0 207 -0.0168885 -0.447951
2 207 0.0451992 -0.41833
0 208 0.00456132 -0.448139
2 208 0.0673337 -0.418286
0 209 -0.0816484 -0.446812
2 209 -0.0159097 -0.419076
0 210 -0.0556338 -0.44716
2 210 0.00945633 -0.418581
0 211 -0.00459486 -0.447165
2 211 0.0582695 -0.418177
0 212 -0.148842 -0.445211
2 212 -0.0790347 -0.418999
0 213 -0.142025 -0.445679
2 213 -0.0722744 -0.419302
0 214 -0.133645 -0.445766
2 214 -0.0604072 -0.41881
0 215 -0.162349 -0.444608
2 215 -0.0886573 -0.418587
0 216 -0.205744 -0.443393
2 216 -0.120806 -0.417952
0 217 -0.254248 -0.44182
2 217 -0.175801 -0.418204
0 218 -0.243641 -0.440961
2 218 -0.1664 -0.416868
0 219 0.125223 -0.352908
2 219 0.182591 -0.321671
0 220 0.33066 -0.344464
2 220 0.397639 -0.304835
0 221 0.222351 -0.338315
2 221 0.281882 -0.303425
0 222 0.174997 -0.33696
2 222 0.232264 -0.303855
0 223 0.100113 -0.333339
2 223 0.157468 -0.303379
0 224 0.110915 -0.333707
2 224 0.167162 -0.303479
0 225 0.0524516 -0.332412
2 225 0.109392 -0.304998
0 226 -0.0131232 -0.328318
2 226 0.0442889 -0.303495
0 227 -0.00174961 -0.328623
2 227 0.0555567 -0.30349
0 228 -0.037185 -0.327421
2 228 0.0127018 -0.304471
0 229 -0.118074 -0.324624
2 229 -0.0558456 -0.303825
0 230 -0.16479 -0.3227
2 230 -0.106428 -0.304604
0 231 -0.238381 -0.319915
2 231 -0.167537 -0.304513
0 232 -0.282082 -0.319075
2 232 -0.207118 -0.305909
0 233 -0.258174 -0.319118
2 233 -0.185853 -0.304909
0 234 -0.359759 -0.315515
2 234 -0.276347 -0.305596
0 235 0.316466 -0.231932
2 235 0.378331 -0.191683
2 5 0.345093 -0.190979
2 6 0.246987 -0.191013
2 7 0.268337 -0.190341
2 8 0.207709 -0.191028
0 236 0.145569 -0.220943
2 236 0.199086 -0.190815
2 9 0.161072 -0.19137
2 10 0.131788 -0.191362
2 11 0.280854 -0.183157
2 13 0.271201 -0.182077
0 237 0.047262 -0.216302
2 237 0.0963128 -0.191927
2 14 0.0545399 -0.193065
2 15 0.109547 -0.183811
2 17 0.0503993 -0.184785
2 18 0.0647137 -0.183918
2 21 -0.259871 -0.194752
0 238 0.00939133 -0.190843
2 238 0.0616044 -0.168369
2 25 0.370918 -0.147823
0 239 0.229213 -0.184073
2 239 0.283282 -0.148751
0 240 0.191116 -0.182656
2 240 0.245831 -0.149196
0 241 0.090319 -0.177669
2 241 0.140675 -0.151341
0 242 0.0998189 -0.177934
2 242 0.149084 -0.150604
2 30 0.158963 -0.150506
0 243 0.0737432 -0.176804
2 243 0.122881 -0.151443
2 32 0.0924496 -0.151624
0 244 0.0478754 -0.175427
2 244 0.0988579 -0.151619
2 34 0.0716665 -0.151908
0 245 0.0365367 -0.174657
2 245 0.0834515 -0.151679
2 36 0.0556111 -0.15236
0 246 0.216321 -0.168244
2 246 0.259211 -0.133909
0 247 0.378247 -0.167886
2 247 0.432316 -0.12283
2 40 -0.149611 -0.156575
2 44 -0.2635 -0.158871
2 45 -0.253501 -0.159135
2 46 0.138698 -0.127324
2 48 -0.16862 -0.141948
0 248 -0.235685 -0.145553
2 248 -0.180863 -0.141857
0 249 -0.276913 -0.124162
2 249 -0.22464 -0.125269
0 250 0.0689993 -0.120426
2 250 0.0966179 -0.0990198
0 251 0.240734 -0.114901
2 251 0.224379 -0.0882875
0 252 0.410146 -0.103769
2 252 0.440581 -0.0572459
2 50 0.265512 -0.0682119
0 253 -0.00917328 -0.0922628
2 253 -0.0136236 -0.0835524
0 254 0.192941 -0.0915645
2 254 0.166249 -0.0706947
2 52 0.173499 -0.0650554
2 53 0.208724 -0.0534998
2 55 0.194585 -0.0496991
2 56 0.215422 -0.047556
2 57 0.184549 -0.0493198
2 59 -0.033022 -0.0630606
2 60 -0.195151 -0.0726154
0 255 -0.232083 -0.0682313
2 255 -0.203123 -0.0725696
0 256 0.00686762 -0.0662676
2 256 -0.000427138 -0.0565092
2 62 0.265423 -0.0381471
2 63 -0.229232 -0.0735954
0 257 0.202024 -0.066499
2 257 0.172478 -0.0443666
0 258 0.350867 -0.065651
2 258 0.361846 -0.0257158
2 65 0.24528 -0.0344658
2 66 0.20544 -0.0366832
2 67 -0.0225202 -0.0526706
0 259 -0.0195253 -0.0583469
2 259 -0.028848 -0.0511648
2 70 0.257136 -0.0282904
2 71 -0.0791646 -0.0527747
0 260 -0.144649 -0.0537062
2 260 -0.12696 -0.0535357
2 73 -0.0247311 -0.0456605
2 74 0.186206 -0.0304806
2 75 -0.0383651 -0.0431919
2 76 -0.0291534 -0.0416638
0 261 -0.0086156 -0.0486177
2 261 -0.0171057 -0.040382
2 78 -0.153392 -0.0463537
0 262 0.360685 -0.0438558
2 262 0.366755 -0.00330348
0 263 -0.179197 -0.0427527
2 263 -0.163684 -0.046225
2 80 0.0184022 -0.0311801
0 264 -0.00139806 -0.0393578
2 264 -0.00348384 -0.0300787
2 86 0.238218 -0.00859931
2 87 0.196294 -0.00955509
0 265 0.280092 -0.0309509
2 265 0.273263 0.00232582
2 89 -0.0103642 -0.0196364
2 90 -0.360785 -0.0475289
0 266 -0.0402027 -0.0264116
2 266 -0.047084 -0.0213563
0 267 -0.00337486 -0.021178
2 267 -0.0138214 -0.0144376
0 268 0.189733 -0.0202912
2 268 0.176517 0.00393866
2 94 0.225327 0.00740391
2 95 0.191303 0.0060756
0 269 0.133324 -0.0129625
2 269 0.119282 0.00620377
0 270 0.0107054 -0.010645
2 270 -0.0473885 -0.0115051
0 271 -0.0160365 -0.00957669
2 271 -0.0708129 -0.0132663
2 98 -0.0261479 -0.00923237
2 99 0.355581 0.0303212
2 100 0.360483 0.0302085
0 272 0.31865 -0.00674631
2 272 0.304656 0.0289363
0 273 0.267038 -0.00337874
2 273 0.250937 0.0273366
2 102 0.200486 0.0223443
2 103 0.220859 0.0246032
0 274 -0.111994 0.00126499
2 274 -0.112087 -0.000660116
2 105 -0.102359 2.49057e-06
2 106 0.151152 0.0239343
2 108 -0.0431995 0.00137307
0 275 0.144836 0.0039104
2 275 0.126202 0.0229586
0 276 0.151202 0.00349799
2 276 0.133425 0.0229895
0 277 -0.035794 0.00926608
2 277 -0.0884913 0.00369389
2 113 -0.03205 0.00875598
2 114 0.213477 0.0354503
2 115 0.194904 0.0365716
2 116 -0.0265782 0.0181968
2 118 -0.0460572 0.017749
0 278 0.0312939 0.0262064
2 278 -0.0339685 0.0242084
2 122 -0.00302517 0.045968
2 123 -0.0828036 0.0412767
2 124 -0.0863512 0.0459551
2 125 -0.00328273 0.0543732
2 126 -0.0398969 0.0542275
0 279 0.190949 0.0590258
2 279 0.151497 0.0790185
0 280 0.290713 0.0593766
2 280 0.25261 0.0887904
0 281 0.167216 0.066639
2 281 0.127639 0.084009
2 130 0.112135 0.0839612
2 131 -0.0143374 0.0697235
2 132 -0.0750525 0.0662804
0 282 -0.0171351 0.073376
2 282 -0.0731447 0.0678092
2 133 -0.0343028 0.0720999
2 134 -0.0693031 0.0720985
2 138 -0.0449326 0.085287
2 139 -0.0115862 0.0898727
0 283 0.0111425 0.0959796
2 283 -0.0488851 0.0922969
2 141 -0.0444976 0.0939296
0 284 -0.0444433 0.098672
2 284 -0.107795 0.0872003
2 142 -0.0680106 0.0931396
2 143 0.0128302 0.106207
2 144 0.159978 0.12354
2 145 -0.0725893 0.0993936
2 146 7.54857e-06 0.108349
2 147 0.0111579 0.110784
2 149 -0.046101 0.114197
2 150 0.0136045 0.11747
2 151 -0.0394499 0.114186
0 285 0.0305382 0.119033
2 285 -0.0317881 0.116756
2 155 -0.0252529 0.125442
2 157 -0.185149 0.109189
2 158 0.00752487 0.132673
2 159 -0.00999999 0.137153
2 160 -0.0974686 0.128425
0 286 0.0701188 0.139201
2 286 0.0063336 0.141431
0 287 0.326356 0.139067
2 287 0.261825 0.168864
2 162 0.223031 0.167587
0 288 0.279416 0.142577
2 288 0.209991 0.166511
2 164 0.172847 0.165267
0 289 0.452353 0.146205
2 289 0.38912 0.190053
2 166 0.115024 0.16242
2 167 0.126569 0.162948
0 290 0.175947 0.15005
2 290 0.105136 0.162583
0 291 0.13047 0.153032
2 291 0.0618329 0.160138
2 170 -0.103984 0.146116
2 171 -0.049159 0.154477
2 178 0.141557 0.190472
0 292 -0.0160777 0.176026
2 292 -0.0821939 0.166499
2 182 0.120673 0.190339
0 293 0.179126 0.204463
2 293 0.0857362 0.212132
0 294 0.0896402 0.210698
2 294 -0.00145123 0.208165
0 295 -0.105318 0.225139
2 295 -0.184409 0.200011
0 296 0.0724904 0.24688
2 296 -0.0278437 0.239561
2 187 -0.0515938 0.238197
3 202 0.0762162 -0.409012
3 203 0.0510897 -0.409933
3 205 -0.0457739 -0.414431
3 206 -0.166023 -0.419122
0 297 -0.256148 -0.44964
3 297 -0.156725 -0.418174
3 207 0.0647596 -0.399294
3 209 0.00412952 -0.403196
3 210 0.0284235 -0.40159
3 212 -0.0595361 -0.406228
3 213 -0.0525125 -0.405749
0 298 -0.118948 -0.445782
3 298 -0.0313226 -0.404891
0 299 -0.109059 -0.445927
3 299 -0.0227982 -0.404165
3 215 -0.070107 -0.406364
3 217 -0.15439 -0.409899
0 300 -0.283221 -0.441019
3 300 -0.180654 -0.411227
3 219 0.194549 -0.29752
3 223 0.168215 -0.280545
3 225 0.120693 -0.284521
3 226 0.0560858 -0.285506
3 227 0.0666762 -0.28504
0 301 -0.0253241 -0.327421
3 301 0.0438999 -0.285978
3 234 -0.263147 -0.303042
3 7 0.273367 -0.162457
3 8 0.212393 -0.165974
3 13 0.275776 -0.154078
3 19 -0.169493 -0.186312
3 20 -0.149915 -0.185054
3 21 -0.254146 -0.191089
0 302 0.146712 -0.1803
3 302 0.198296 -0.12638
3 242 0.151433 -0.128883
3 243 0.124241 -0.131163
3 31 0.13106 -0.130183
0 303 0.0555387 -0.175795
3 303 0.106226 -0.13219
3 36 0.0571183 -0.135054
3 37 0.27673 -0.107171
0 304 -0.1972 -0.164439
3 304 -0.135058 -0.147943
3 38 -0.160267 -0.149252
3 39 -0.154571 -0.149168
3 40 -0.147453 -0.148645
0 305 -0.25194 -0.162224
3 305 -0.186798 -0.151463
3 41 -0.18046 -0.151364
3 42 -0.230916 -0.154114
3 43 -0.222773 -0.153901
0 306 0.0306877 -0.149258
3 306 0.0747008 -0.110985
0 307 0.00805562 -0.148131
3 307 0.0496828 -0.113066
0 308 -0.196035 -0.131348
3 308 -0.143744 -0.120374
3 49 -0.218782 -0.121961
3 250 0.103438 -0.0819055
0 309 -0.19098 -0.107224
3 309 -0.146046 -0.0989507
0 310 0.252996 -0.107227
3 310 0.265806 -0.0591195
0 311 0.385198 -0.102189
3 311 0.423861 -0.0271281
3 254 0.1983 -0.0544316
3 52 0.206509 -0.0481728
3 53 0.24202 -0.0345743
3 54 0.268801 -0.0298473
0 312 0.0391362 -0.0716844
3 312 0.0629696 -0.0416504
3 57 0.217323 -0.0316903
0 313 -0.206161 -0.0696245
3 313 -0.170624 -0.067876
3 62 0.295645 -0.0164656
3 63 -0.220069 -0.0714309
3 257 0.20508 -0.0278945
3 65 0.277413 -0.0138972
0 314 0.19341 -0.0612613
3 314 0.194982 -0.0240277
0 315 0.273564 -0.0611583
3 315 0.281511 -0.0112955
3 67 -0.00366694 -0.04298
3 69 0.231332 -0.0153019
3 71 -0.0614589 -0.0454788
3 73 -0.00605757 -0.036017
3 74 0.218475 -0.0123447
0 316 -0.0407696 -0.0487358
3 316 -0.0288937 -0.034432
3 75 -0.0206176 -0.0347029
3 76 -0.0106476 -0.0322784
0 317 -0.0120931 -0.0426205
3 317 -0.00222299 -0.0254183
3 80 0.0314619 -0.0182422
3 82 -0.0042697 -0.0245521
3 84 0.192962 -0.00190849
3 264 0.0115459 -0.017852
0 318 -0.0338405 -0.036714
3 318 -0.0229583 -0.0214438
3 86 0.269006 0.0126157
3 87 0.226891 0.00939909
3 92 0.259959 0.027095
3 93 -0.139147 -0.0186666
3 95 0.21972 0.0251564
0 319 -0.0733559 -0.0161544
3 319 -0.0631622 -0.00667315
3 271 -0.035025 -0.00955012
3 98 0.0126738 -0.00216622
3 99 0.37991 0.0588353
3 272 0.329686 0.0550817
3 101 -0.077107 0.0013555
0 320 0.00664098 -0.00422849
3 320 -0.0155175 -0.00196326
3 102 0.228166 0.0423413
3 103 0.248328 0.0458349
3 106 0.17231 0.0430522
3 108 -0.00447157 0.00654447
3 109 0.154033 0.0409184
3 112 0.029704 0.0168981
0 321 -0.0882447 0.0094197
3 321 -0.0826101 0.0147638
3 113 0.00718564 0.0146332
3 114 0.241101 0.0560241
3 115 0.22223 0.0566323
3 116 0.0121575 0.0239363
3 118 -0.00794268 0.0228297
3 122 0.0342065 0.0540507
3 123 -0.0498261 0.0458142
3 125 0.0321298 0.0629124
0 322 0.370175 0.0542791
3 322 0.36924 0.119929
3 126 -0.0042959 0.0605745
3 279 0.177671 0.0972904
3 280 0.2818 0.112697
0 323 0.00124392 0.0636119
3 323 -0.0275606 0.0650935
3 129 -0.0118705 0.0716669
0 324 -0.0061845 0.0683955
3 324 -0.0322977 0.0708583
3 131 0.0183624 0.0781159
3 132 -0.0459113 0.0712265
3 282 -0.0426007 0.0750349
3 133 -0.0015084 0.0798594
3 134 -0.0400395 0.0782156
0 325 -0.046592 0.0824
3 325 -0.0759028 0.0765909
3 136 -0.0505486 0.0896234
3 137 -0.0271596 0.095016
3 138 -0.0128692 0.0937525
0 326 0.392432 0.09257
3 326 0.381068 0.159257
3 283 -0.0180982 0.10063
3 143 0.0407228 0.117485
0 327 -0.0397304 0.104535
3 327 -0.0719901 0.0997918
3 145 -0.0443053 0.105976
3 147 0.0394128 0.122157
0 328 0.00552481 0.112187
3 328 -0.0263786 0.115104
3 148 -0.0544146 0.113616
3 150 0.042795 0.129281
0 329 0.00108028 0.116312
3 329 -0.0287957 0.120946
0 330 0.0927636 0.116286
3 330 0.0630622 0.135425
0 331 0.0115906 0.118342
3 331 -0.0201777 0.123689
3 285 -0.00338803 0.125674
3 153 -0.220098 0.0995155
3 158 0.0360685 0.144311
3 159 0.0196744 0.147498
3 287 0.300016 0.193872
3 162 0.261354 0.190397
3 163 0.272057 0.191545
0 332 0.0429458 0.142657
3 332 0.00510904 0.150774
0 333 0.0643476 0.143736
3 333 0.0272273 0.156068
0 334 -0.27851 0.152084
3 334 -0.294388 0.11381
3 291 0.0929958 0.175133
3 178 0.177338 0.20957
3 182 0.155999 0.208499
0 335 0.113516 0.209195
3 335 0.0587841 0.22391
0 336 0.0703157 0.211948
3 336 0.0141956 0.219241
0 337 0.295264 0.211599
3 337 0.244666 0.257193
0 338 -0.0745538 0.21679
3 338 -0.126848 0.200119
3 295 -0.157887 0.20258
0 339 0.324938 0.312308
3 339 0.249253 0.357899
4 191 0.121762 -0.518973
4 199 0.235042 -0.432624
4 202 0.0354977 -0.440423
4 203 0.0102282 -0.441027
4 205 -0.0923699 -0.44365
4 207 0.0246998 -0.430083
4 208 0.0457016 -0.428993
4 210 -0.0130195 -0.431457
4 211 0.0372074 -0.429027
4 212 -0.106593 -0.435014
4 298 -0.0757186 -0.43376
4 299 -0.0659169 -0.433756
0 340 -0.157277 -0.44469
4 340 -0.114443 -0.435135
0 341 -0.152602 -0.444653
4 341 -0.109403 -0.435019
4 0 0.385874 -0.307168
4 220 0.363617 -0.307255
0 342 -0.0428993 -0.338363
4 342 -0.00968789 -0.323793
0 343 0.19197 -0.336887
4 343 0.224445 -0.307366
4 223 0.132535 -0.309847
4 224 0.142666 -0.310048
4 226 0.0193964 -0.311857
4 227 0.0306829 -0.31152
4 301 0.00682365 -0.311929
4 1 -0.0540506 -0.314291
0 344 -0.058771 -0.32635
4 344 -0.0262621 -0.31313
4 230 -0.130302 -0.315726
4 235 0.342665 -0.196429
0 345 0.255602 -0.229215
4 345 0.279571 -0.19598
0 346 0.232815 -0.227868
4 346 0.256742 -0.196056
4 8 0.1788 -0.196023
4 236 0.169252 -0.195597
4 9 0.131938 -0.196774
0 347 0.0675569 -0.218415
4 347 0.0903813 -0.197194
4 11 0.249344 -0.188452
4 13 0.240038 -0.186691
4 14 0.0254748 -0.198473
4 17 0.0234649 -0.190176
0 348 0.0522662 -0.205218
4 348 0.0742014 -0.185598
4 21 -0.305304 -0.203049
4 25 0.333103 -0.153716
4 28 0.26764 -0.153949
0 349 -0.195734 -0.180417
4 349 -0.172372 -0.177341
4 242 0.120553 -0.156311
4 30 0.128387 -0.156338
4 31 0.101875 -0.156465
4 32 0.0629406 -0.157373
4 246 0.237505 -0.140648
0 350 -0.158019 -0.165976
4 350 -0.135298 -0.161268
4 304 -0.174201 -0.162312
0 351 -0.184367 -0.164931
4 351 -0.162255 -0.162324
4 40 -0.187362 -0.16251
4 305 -0.228383 -0.163626
4 43 -0.266982 -0.164725
4 44 -0.31182 -0.165973
4 45 -0.300384 -0.165941
4 46 0.120875 -0.133679
0 352 0.0537392 -0.150426
4 352 0.0737976 -0.134122
4 248 -0.212923 -0.148061
0 353 -0.234001 -0.12534
4 353 -0.212712 -0.129725
0 354 -0.1675 -0.108726
4 354 -0.147285 -0.110108
0 355 0.200765 -0.109037
4 355 0.232719 -0.101301
4 309 -0.170828 -0.110924
0 356 0.231636 -0.0940932
4 356 0.263776 -0.084502
4 52 0.231929 -0.0785433
0 357 -0.0416166 -0.0829975
4 357 -0.0193075 -0.085393
0 358 -0.0518983 -0.0786413
4 358 -0.030061 -0.0822645
4 53 0.266951 -0.0668223
0 359 -0.0693589 -0.0753253
4 359 -0.0469511 -0.081008
0 360 -0.144689 -0.0726779
4 360 -0.125495 -0.0762068
4 55 0.254115 -0.0630893
4 56 0.274029 -0.0614822
4 57 0.242782 -0.0625791
0 361 -0.184417 -0.0706688
4 361 -0.166323 -0.0767914
4 59 -0.0059233 -0.0714891
4 255 -0.213178 -0.0773966
4 256 0.0280168 -0.0636147
4 63 -0.240251 -0.0781309
4 257 0.230341 -0.0575658
4 65 0.302947 -0.0482222
4 314 0.221945 -0.053178
4 66 0.263219 -0.0491873
4 67 0.00686212 -0.0604462
4 68 0.0209871 -0.0559465
4 69 0.258684 -0.047272
4 70 0.310537 -0.0425755
4 71 -0.0542626 -0.0600401
4 73 0.00494592 -0.0533864
4 74 0.245196 -0.0432306
4 316 -0.0204056 -0.0510187
4 263 -0.16161 -0.0511882
4 317 0.00714024 -0.042244
4 80 0.0357808 -0.0374298
4 82 0.00564384 -0.0415007
4 84 0.217333 -0.0304244
4 264 0.0168855 -0.0366639
4 85 -0.084661 -0.0402491
4 86 0.293166 -0.0217577
0 362 -0.103142 -0.0355697
4 362 -0.0862004 -0.0393198
4 87 0.253611 -0.0220504
0 363 -0.111112 -0.0284835
4 363 -0.0941949 -0.0324265
0 364 -0.0921772 -0.0276997
4 364 -0.0735575 -0.0318722
4 266 -0.0222969 -0.0278764
4 268 0.209539 -0.00562085
0 365 0.256138 -0.0205451
4 365 0.281052 -0.00571737
0 366 -0.0788269 -0.0174974
4 366 -0.0623574 -0.0211582
0 367 -0.0639505 -0.0166679
4 367 -0.045374 -0.0199906
4 269 0.151536 -0.00225725
4 270 0.036673 -0.0210447
4 100 0.396054 0.0158006
0 368 0.200855 -0.00690816
4 368 0.224693 0.00353267
4 320 0.032893 -0.0165024
4 102 0.253981 0.0104161
0 369 -0.107099 0.00143753
4 369 -0.0909151 -0.00487959
4 105 -0.0812705 -0.00523705
4 108 0.0466833 -0.0102635
0 370 0.211465 0.0131631
4 370 0.234004 0.0239652
0 371 0.248453 0.016444
4 371 0.27058 0.0319126
4 117 0.250911 0.0327187
4 118 0.0444806 0.00703191
4 278 0.057407 0.0137752
4 119 -0.211493 0.0106667
4 120 0.0669814 0.0172057
0 372 -0.355909 0.0350829
4 372 -0.339301 0.00858006
0 373 -0.0704873 0.0349769
4 373 -0.055047 0.0281091
4 121 -0.395314 0.0077828
4 122 0.0871481 0.0360533
4 123 -0.00246403 0.0334121
4 124 -0.00836087 0.0418054
4 125 0.0832634 0.0457485
4 323 0.0228913 0.0515596
0 374 0.220928 0.063527
4 374 0.241091 0.0753815
4 128 0.200359 0.0743364
0 375 0.188505 0.0658588
4 375 0.207424 0.0751996
4 129 0.0405124 0.0565582
4 132 -0.000773097 0.058542
4 133 0.0489533 0.0648246
0 376 -0.0361419 0.0776658
4 376 -0.0172519 0.063611
4 134 0.00810798 0.0672148
4 325 -0.032112 0.0731016
4 136 -0.00196285 0.0780673
4 138 0.0393389 0.0801992
4 139 0.067195 0.0833715
4 140 0.0268838 0.0851501
4 283 0.0296248 0.0861651
4 141 0.0398636 0.0888242
4 284 -0.025555 0.0829246
4 142 0.00775765 0.0867748
4 143 0.0884615 0.099467
4 327 -0.0215228 0.0896149
0 377 0.0381795 0.10424
4 377 0.0580311 0.094662
4 145 0.0032827 0.0943695
4 146 0.0778842 0.101495
4 147 0.0872908 0.104039
0 378 0.0576136 0.110865
4 378 0.0742009 0.106541
4 328 0.0224118 0.103182
4 148 -0.00644625 0.102421
4 150 0.0930638 0.110808
4 151 0.0386212 0.109134
0 379 -0.0141769 0.118398
4 379 0.00156864 0.107884
4 331 0.027083 0.110846
4 285 0.0474731 0.111301
4 155 0.0526732 0.119855
4 156 0.0478411 0.120091
4 158 0.0880505 0.127128
4 159 0.0716127 0.132054
4 160 -0.0186209 0.125252
4 286 0.084521 0.136981
4 287 0.349812 0.154482
4 163 0.326067 0.154409
4 332 0.0575857 0.136586
4 165 0.0726592 0.14216
4 167 0.217704 0.153395
4 168 0.171832 0.153398
0 380 0.137094 0.153164
4 380 0.153795 0.153587
0 381 -0.030068 0.160448
4 381 -0.0155627 0.147272
4 173 0.0212315 0.154601
4 175 0.00843477 0.155309
4 176 -0.0194693 0.157787
4 178 0.240212 0.18105
4 292 -0.00220388 0.164061
4 179 0.0196949 0.16523
4 184 0.181669 0.20465
4 295 -0.0947055 0.203747
5 188 -0.0816104 -0.579587
5 190 -0.127056 -0.580864
5 192 0.169243 -0.445745
5 195 0.397528 -0.433597
5 199 0.243176 -0.435096
5 200 0.162166 -0.436939
0 382 0.062567 -0.459364
5 382 0.115249 -0.438217
5 203 0.0198419 -0.441017
5 204 -0.124572 -0.445717
5 205 -0.082966 -0.44309
5 297 -0.202123 -0.443715
5 208 0.0547802 -0.429116
5 210 -0.00417459 -0.431423
5 211 0.0464048 -0.429299
0 383 0.0258266 -0.446748
5 383 0.0773727 -0.42763
0 384 -0.186385 -0.444256
5 384 -0.133211 -0.435002
0 385 -0.210143 -0.443326
5 385 -0.157113 -0.435058
5 216 -0.151712 -0.435035
0 386 -0.193253 -0.443562
5 386 -0.140053 -0.434971
5 300 -0.229139 -0.436527
5 219 0.168828 -0.328621
5 0 0.396054 -0.310684
5 220 0.374058 -0.310576
0 387 0.273539 -0.342198
5 387 0.316307 -0.310565
0 388 0.260535 -0.340658
5 388 0.303497 -0.310315
5 342 0.000843703 -0.32168
5 221 0.265649 -0.309417
5 222 0.217106 -0.30998
5 223 0.143127 -0.31039
5 224 0.153765 -0.31005
5 225 0.096511 -0.311874
5 226 0.0295733 -0.310421
5 227 0.0411435 -0.310523
5 228 0.00587252 -0.310795
5 1 -0.0441435 -0.311799
5 344 -0.0162773 -0.310743
5 229 -0.0746401 -0.311885
5 231 -0.193621 -0.313443
5 3 0.45485 -0.198206
0 389 0.404772 -0.236558
5 389 0.441993 -0.198317
5 235 0.353278 -0.19804
5 5 0.32258 -0.197049
5 7 0.249341 -0.195672
5 8 0.190516 -0.195818
5 236 0.181457 -0.195079
5 9 0.144334 -0.195462
5 347 0.102363 -0.195619
5 11 0.260577 -0.188773
0 390 0.0236372 -0.217301
5 390 0.0584756 -0.19698
5 13 0.251878 -0.18757
5 237 0.0819594 -0.195624
5 14 0.0378173 -0.196068
5 15 0.0931211 -0.187479
5 348 0.086964 -0.183918
5 19 -0.203827 -0.194648
5 21 -0.297435 -0.19473
5 23 0.389083 -0.155263
0 391 0.364145 -0.191155
5 391 0.400064 -0.155274
5 26 0.301058 -0.155012
5 29 0.24514 -0.155076
5 349 -0.162614 -0.170735
0 392 0.124195 -0.179016
5 392 0.158822 -0.154086
0 393 0.137119 -0.179478
5 393 0.169506 -0.154158
5 241 0.125212 -0.154148
5 30 0.141428 -0.154113
5 31 0.114373 -0.154123
5 32 0.0771392 -0.15403
5 34 0.0557527 -0.154251
5 36 0.0382877 -0.154399
5 246 0.251838 -0.140739
0 394 0.00505128 -0.165955
5 394 0.037998 -0.148043
5 304 -0.163924 -0.155237
5 40 -0.176758 -0.155456
5 305 -0.218624 -0.155855
0 395 -0.265117 -0.161338
5 395 -0.231714 -0.156332
5 42 -0.269056 -0.156399
0 396 -0.293761 -0.160063
5 396 -0.260209 -0.156343
5 44 -0.303409 -0.15645
5 45 -0.291878 -0.156847
5 46 0.13668 -0.131128
5 352 0.0904751 -0.131088
0 397 -0.306029 -0.143221
5 397 -0.27164 -0.141044
0 398 -0.183187 -0.139505
5 398 -0.150523 -0.131479
5 353 -0.199782 -0.12075
0 399 0.0632128 -0.120353
5 399 0.0987445 -0.102597
5 250 0.10505 -0.1026
0 400 0.233175 -0.11913
5 400 0.290155 -0.104893
0 401 0.205082 -0.114482
5 401 0.259071 -0.100588
5 309 -0.156022 -0.102584
5 252 0.454039 -0.0715557
5 253 0.0283559 -0.0799507
0 402 0.194229 -0.09203
5 402 0.25215 -0.0822428
0 403 0.259929 -0.0903697
5 403 0.317647 -0.0766946
0 404 0.185138 -0.0878643
5 404 0.237524 -0.0749232
5 52 0.259065 -0.0761286
5 357 0.00351805 -0.0785888
5 53 0.294114 -0.065232
5 54 0.31989 -0.0619427
5 359 -0.0228428 -0.0738315
5 55 0.281383 -0.0610391
5 56 0.301167 -0.0597298
0 405 -0.166469 -0.0715469
5 405 -0.13043 -0.0679557
0 406 -0.158146 -0.0720927
5 406 -0.119691 -0.0680506
5 57 0.270127 -0.0602163
5 59 0.018002 -0.0646456
5 60 -0.186052 -0.0679519
5 255 -0.195637 -0.0679105
5 62 0.341497 -0.0514617
5 63 -0.223439 -0.0678647
0 407 -0.0946464 -0.0664454
5 407 -0.0504952 -0.0642335
5 257 0.257891 -0.0549587
0 408 0.00586891 -0.0639548
5 408 0.0523197 -0.0578622
5 314 0.249479 -0.0504055
5 66 0.292317 -0.0484209
5 67 0.031091 -0.0543514
5 68 0.0461107 -0.0509542
5 69 0.286259 -0.0451104
5 70 0.337542 -0.0407967
5 71 -0.0305064 -0.0526296
5 260 -0.10759 -0.0502128
5 72 0.258983 -0.0424336
5 73 0.0291166 -0.0471547
5 74 0.273268 -0.0409683
5 316 0.00342312 -0.0440974
5 75 0.0158631 -0.0439073
5 76 0.025087 -0.0430969
5 78 -0.128348 -0.0416528
5 317 0.0315526 -0.0358092
5 80 0.0589952 -0.0318909
5 81 -0.172143 -0.0417366
5 82 0.0308564 -0.0356374
5 84 0.245508 -0.0285471
5 264 0.0405432 -0.0306123
5 85 -0.061535 -0.0329883
5 318 0.00926594 -0.0316682
5 86 0.320454 -0.0204884
5 362 -0.063106 -0.0322188
5 87 0.281982 -0.0199043
5 363 -0.0709623 -0.024816
5 266 0.00144561 -0.0207879
5 268 0.234004 -0.00310022
5 365 0.307444 -0.00409045
5 95 0.273411 -0.00388072
5 319 -0.0315348 -0.0121043
0 409 -0.0648005 -0.0165901
5 409 -0.0236026 -0.0118864
0 410 0.23803 -0.016507
5 410 0.291629 -0.00212552
5 320 0.0681016 -0.00956577
0 411 -0.0707222 -0.00342131
5 411 -0.0297588 -0.000216062
5 102 0.281784 0.0126207
5 103 0.300913 0.0134936
5 104 -0.360545 -0.0114996
5 369 -0.0664192 0.00376069
5 105 -0.0555817 0.00341379
5 106 0.214321 0.017564
5 108 0.0818821 -0.00204658
5 275 0.189525 0.0171543
5 276 0.197373 0.0171
5 321 -0.0477864 0.0118523
5 114 0.295577 0.0247398
5 371 0.297081 0.0337443
5 116 0.101185 0.0155608
0 412 0.217248 0.0193615
5 412 0.267535 0.0337996
5 117 0.279285 0.0350509
5 118 0.0798219 0.0149898
0 413 0.355813 0.0217931
5 413 0.407276 0.0443514
5 278 0.0926869 0.0215155
5 372 -0.315588 0.0229061
5 373 -0.0274687 0.0364707
5 122 0.121916 0.043226
5 123 0.0326081 0.042172
5 124 0.0281364 0.0490285
5 125 0.119983 0.0520286
5 126 0.0851581 0.0532813
5 279 0.241019 0.0720769
5 280 0.344587 0.0769314
0 414 0.240755 0.062042
5 414 0.29274 0.0768932
5 323 0.058916 0.0597508
5 324 0.0491645 0.0651089
0 415 -0.0394601 0.0747744
5 415 0.0139978 0.0708432
5 133 0.0841989 0.0725101
5 376 0.0175816 0.0730782
5 134 0.0426502 0.0758752
0 416 0.256526 0.0815326
5 416 0.310371 0.0962239
5 325 0.00934217 0.0755703
0 417 0.222071 0.0826366
5 417 0.274834 0.0960026
5 136 0.0334111 0.0867878
5 138 0.0760746 0.0877971
5 139 0.10297 0.0900994
5 283 0.0655819 0.0947256
5 284 0.0102535 0.0936645
5 142 0.0425346 0.0963609
5 143 0.122547 0.106649
5 327 0.0153195 0.0989786
5 377 0.0934901 0.103443
5 145 0.0381365 0.103365
5 146 0.112879 0.108831
5 147 0.121468 0.111138
5 378 0.109419 0.114077
5 328 0.0570681 0.111437
5 148 0.0287738 0.111694
5 150 0.12812 0.118053
5 379 0.0368749 0.116958
5 331 0.0621026 0.119315
5 285 0.0840379 0.119621
5 153 -0.159018 0.114744
5 154 0.0114933 0.119907
5 156 0.0846399 0.128196
5 158 0.123548 0.134422
0 418 0.0627109 0.13428
5 418 0.113215 0.137821
0 419 0.0566004 0.136916
5 419 0.109123 0.139337
5 159 0.106618 0.140106
5 160 0.0172372 0.135706
5 287 0.385769 0.155705
0 420 0.341621 0.138611
5 420 0.400311 0.155616
5 162 0.348953 0.15659
5 163 0.36185 0.155768
5 332 0.0944424 0.144685
5 333 0.116934 0.146459
5 164 0.300561 0.157345
5 165 0.108312 0.14981
0 421 0.217196 0.14703
5 421 0.272418 0.157594
0 422 0.17882 0.149872
5 422 0.233824 0.158536
5 291 0.183943 0.159409
5 380 0.191073 0.159329
5 381 0.0224229 0.157157
5 171 0.075089 0.160002
5 173 0.0599823 0.16391
5 174 0.0519752 0.164467
5 175 0.0462144 0.164644
0 423 0.0163095 0.171859
5 423 0.0699687 0.170795
5 177 0.0246431 0.170889
5 178 0.278759 0.18535
5 179 0.0571111 0.174584
5 181 0.0557067 0.174857
5 182 0.259124 0.186217
0 424 0.270322 0.19294
5 424 0.332162 0.204741
5 183 0.280513 0.209912
5 185 0.154079 0.213
5 335 0.17085 0.212239
5 294 0.146401 0.212961
0 425 -0.280085 0.218017
5 425 -0.233155 0.20112
5 296 0.129144 0.246957
5 339 0.398894 0.323238
0 426 0.275553 0.338585
5 426 0.34894 0.346948
0 427 -0.130744 0.449813
5 427 -0.069672 0.435524
0 428 -0.29413 -0.316946
6 428 -0.0500849 -0.441386
6 21 -0.108385 -0.334677
6 249 -0.0996746 -0.229332
6 401 0.262343 0.0344218
6 357 0.0255254 -0.0517351
6 55 0.24155 0.0995993
6 56 0.263224 0.107888
6 63 -0.131457 -0.146655
6 72 0.213033 0.106908
6 74 0.225858 0.11608
6 84 0.202306 0.11044
6 86 0.279057 0.149357
6 363 -0.0504616 -0.029564
6 366 -0.0225867 -0.00923184
6 367 -0.00637603 -0.00459576
6 410 0.244782 0.153352
6 102 0.228905 0.162811
6 114 0.243146 0.177707
6 115 0.220834 0.172509
6 119 -0.172364 -0.0141094
6 372 -0.272359 -0.0508994
6 122 -0.0224064 0.178398
0 429 0.211069 0.0578929
6 429 0.181563 0.212935
6 280 0.257623 0.254978
6 414 0.206183 0.233286
6 281 0.129784 0.203136
6 130 0.119179 0.199807
6 325 -0.113848 0.156115
6 139 -0.0301433 0.199137
6 284 -0.120626 0.173118
6 148 -0.101761 0.191102
6 329 -0.0660265 0.192601
6 157 -0.18058 0.138992
6 287 0.215344 0.377164
6 162 0.177553 0.36049
6 165 -0.0363377 0.249744
0 430 0.126668 0.164079
6 430 0.00812582 0.303193
6 178 0.0809541 0.363038
0 431 0.293865 0.190317
6 431 0.135747 0.420977
0 432 0.217164 0.201188
6 432 0.0560217 0.392194
0 433 0.195788 0.203434
6 433 0.0357449 0.383158
6 293 0.0199337 0.37569
0 434 0.134648 0.208378
6 434 -0.021674 0.357703
6 186 -0.095203 0.321103
7 212 0.0702732 -0.553245
7 217 -0.0481941 -0.562942
7 218 -0.0382458 -0.559419
7 232 -0.0937887 -0.434731
7 428 -0.106275 -0.434081
7 40 -0.0446342 -0.261253
7 395 -0.101913 -0.270245
7 249 -0.132759 -0.21659
7 72 0.251717 0.087771
7 84 0.239294 0.0928916
7 363 -0.0433493 -0.0189472
0 435 -0.0709231 -0.016087
7 435 -0.003507 0.000472236
7 409 0.00191815 0.00141213
7 99 0.451175 0.153108
7 102 0.270643 0.140848
7 103 0.293634 0.144877
7 106 0.225291 0.101008
7 276 0.203527 0.0949506
7 115 0.262799 0.151032
0 436 0.193842 0.0261309
7 436 0.235274 0.143423
7 123 -0.0432356 0.159375
7 414 0.256922 0.213127
7 281 0.17679 0.192595
7 130 0.166867 0.190828
7 139 0.0249322 0.211001
7 142 -0.0292444 0.195671
7 145 -0.0323634 0.199653
7 378 0.0354227 0.225136
7 148 -0.0497367 0.211744
0 437 -0.0357184 0.115949
7 437 -0.0598094 0.207826
7 154 -0.0711633 0.21954
7 157 -0.142287 0.169664
7 332 0.00621953 0.257661
0 438 0.058374 0.146366
7 438 0.0242377 0.26214
7 166 0.141223 0.311396
0 439 0.164499 0.150888
7 439 0.12142 0.306037
7 291 0.0879898 0.296379
7 380 0.0931614 0.298134
7 430 0.0774536 0.309836
7 178 0.160955 0.36021
7 183 0.142754 0.393611
7 186 -0.0225118 0.342565
7 295 -0.16018 0.301637
8 383 0.126074 -0.574897
8 41 -0.200868 -0.285574
8 398 -0.143433 -0.236418
0 440 0.205205 -0.12814
8 440 0.221105 -0.0608204
8 249 -0.241925 -0.23061
8 400 0.247171 -0.0367552
8 354 -0.174533 -0.131148
8 356 0.226017 0.00900957
8 359 -0.0850192 -0.0657448
0 441 0.124011 -0.0739217
8 441 0.147123 -0.0703158
8 56 0.236984 0.0313719
8 60 -0.211566 -0.135938
8 62 0.290048 0.0337873
8 63 -0.246776 -0.139769
8 257 0.188572 0.0278671
8 64 0.41463 -0.00216301
8 67 -0.0257143 -0.0446933
8 72 0.1882 0.0407325
8 73 -0.0281842 -0.0374276
8 76 -0.0335067 -0.0332741
8 261 -0.0213788 -0.0311428
8 79 -0.191566 -0.0907082
8 84 0.175235 0.0480499
0 442 0.00496497 -0.0368089
8 442 0.00403045 -0.0360543
8 86 0.256403 0.0682828
8 363 -0.118978 -0.0474904
8 409 -0.0760577 -0.0200204
0 443 0.417041 -0.0128574
8 443 0.440691 0.0960327
8 272 0.324465 0.0814843
0 444 0.308247 -0.00573879
8 444 0.312544 0.0792481
8 102 0.208946 0.0925756
8 108 -0.0514414 0.111467
8 109 0.136982 0.0553013
8 114 0.223528 0.105028
8 115 0.202054 0.103542
8 413 0.351712 0.132922
0 445 0.14586 0.0249768
8 445 0.127606 0.0778744
0 446 0.184796 0.0265602
8 446 0.159791 0.0982221
8 119 -0.250336 0.00483704
8 372 -0.370599 -0.011503
0 447 -0.344093 0.034949
8 447 -0.358695 -0.00931721
0 448 0.220939 0.0360046
8 448 0.196597 0.120949
8 429 0.174046 0.151369
8 280 0.256723 0.174375
8 127 0.151775 0.158253
8 130 0.109172 0.152886
8 136 -0.0985699 0.178314
8 138 -0.0571711 0.185351
8 142 -0.0854162 0.182513
8 143 -0.000933999 0.195956
8 145 -0.0870786 0.184156
8 150 -0.00138267 0.213293
8 437 -0.113812 0.194467
8 330 0.0237013 0.205955
8 153 -0.263498 0.145359
8 154 -0.12601 0.211151
8 158 -0.00869081 0.228997
8 332 -0.041683 0.238159
0 449 0.165326 0.150875
8 449 0.0800129 0.272826
8 169 0.0477125 0.267995
8 171 -0.0694676 0.257314
8 434 0.0225407 0.344616
8 338 -0.179499 0.301453
8 296 -0.0549881 0.379341
9 200 0.05347 -0.545015
9 204 -0.285742 -0.547327
9 340 -0.259477 -0.533339
9 219 0.0645269 -0.419833
9 222 0.118288 -0.401503
9 223 0.0366678 -0.398157
9 224 0.0479565 -0.398609
9 230 -0.264321 -0.389492
9 231 -0.350414 -0.386507
9 233 -0.374014 -0.386006
9 7 0.152397 -0.280477
9 8 0.0916448 -0.277254
9 236 0.0811869 -0.27623
9 9 0.0419062 -0.274791
9 10 0.00954235 -0.273498
9 13 0.155246 -0.272188
0 450 -0.178317 -0.204071
9 450 -0.275166 -0.257188
9 20 -0.319455 -0.255661
0 451 -0.205415 -0.195936
9 451 -0.304838 -0.249653
9 22 0.350319 -0.242073
9 238 -0.0657433 -0.243821
9 25 0.250142 -0.236014
0 452 0.329398 -0.188966
9 452 0.27026 -0.236994
0 453 0.167278 -0.181335
9 453 0.104104 -0.228102
9 243 0.00478895 -0.223375
0 454 0.0453179 -0.17529
9 454 -0.0254849 -0.222002
9 35 -0.0373536 -0.221136
0 455 0.340281 -0.174247
9 455 0.284119 -0.212604
0 456 0.416376 -0.16956
9 456 0.357425 -0.203442
0 457 0.395253 -0.168483
9 457 0.340549 -0.202975
0 458 0.0131722 -0.167057
9 458 -0.0598024 -0.208931
9 394 -0.0696497 -0.207546
9 40 -0.307806 -0.210594
9 46 0.0355814 -0.184414
9 306 -0.0399034 -0.180349
0 459 0.261597 -0.1465
9 459 0.204174 -0.171664
9 398 -0.273882 -0.169363
9 309 -0.276399 -0.11924
0 460 0.432312 -0.105001
9 460 0.377651 -0.107319
9 252 0.356316 -0.105732
9 311 0.329238 -0.103276
9 50 0.24644 -0.0303539
9 357 -0.0994362 -0.0341908
9 53 0.196579 -0.0057044
9 54 0.222033 -0.0069418
9 55 0.183423 0.00218983
9 56 0.202494 0.000421378
9 57 0.171833 0.000865023
9 59 -0.0850889 -0.0250167
9 62 0.242253 -0.00605935
9 63 -0.34685 -0.0571423
9 66 0.194294 0.0136068
9 67 -0.0713907 -0.0136051
9 71 -0.136649 -0.00919646
9 73 -0.072612 -0.00567573
9 74 0.175239 0.0216439
9 316 -0.0998552 -0.00452984
9 75 -0.0863818 -0.000864305
9 76 -0.0778108 -0.000933146
9 77 0.338752 -0.0209855
9 80 -0.0419587 -0.0177582
9 86 0.222152 0.0315979
0 461 -0.0432007 -0.0332382
9 461 -0.102669 0.00694018
9 319 -0.134733 0.0243132
9 409 -0.126707 0.0241089
9 410 0.193004 0.0492279
9 443 0.364192 0.0264194
9 98 -0.00269291 0.117347
9 272 0.2663 0.035571
9 444 0.257603 0.0361085
9 103 0.201635 0.0611692
9 106 0.117934 0.0482942
0 462 -0.0788968 0.00389107
9 462 -0.140539 0.0493583
0 463 0.158608 0.0036087
9 463 0.107473 0.0491657
9 114 0.195842 0.0739602
9 115 0.177731 0.0765422
9 413 0.304225 0.0744403
9 445 0.0961668 0.0792311
9 278 -0.00402768 0.159383
9 436 0.144461 0.0813789
9 120 0.00603246 0.162828
0 464 -0.270988 0.0301665
9 464 -0.345352 0.0896044
9 123 -0.0647221 0.169963
9 126 -0.0104841 0.185418
9 429 0.163673 0.125929
9 280 0.241819 0.127534
9 414 0.193061 0.131994
9 127 0.147404 0.136543
0 465 0.399816 0.0723759
9 465 0.348506 0.143849
9 416 0.209734 0.158067
9 417 0.175551 0.159586
9 139 0.00807279 0.199942
9 140 -0.0321004 0.207194
9 141 -0.0187722 0.211494
9 142 -0.0522581 0.209954
9 143 0.0277594 0.202777
9 377 -0.000344938 0.22182
9 144 0.169434 0.190228
9 150 0.0340677 0.218095
9 329 -0.0410679 0.221332
9 153 -0.25257 0.222934
9 157 -0.187836 0.227472
9 175 -0.0456455 0.286081
9 178 0.179063 0.285317
9 182 0.161003 0.288568
9 183 0.179362 0.319146
9 294 0.0544538 0.334721
9 187 0.0126147 0.386252
10 192 0.0755383 -0.562291
10 196 0.176357 -0.552118
10 198 0.1258 -0.551381
10 202 -0.0647949 -0.554771
10 203 -0.0949015 -0.555791
10 207 -0.0777829 -0.543455
10 208 -0.0531143 -0.542495
10 209 -0.152563 -0.5449
10 210 -0.121956 -0.544096
10 341 -0.238491 -0.54696
10 219 0.0761847 -0.427839
10 387 0.23305 -0.41023
10 222 0.128792 -0.407741
10 224 0.0596481 -0.406313
10 227 -0.0647878 -0.404682
10 301 -0.0911484 -0.403942
10 344 -0.129231 -0.403777
10 6 0.138639 -0.285497
10 8 0.0997274 -0.283957
10 236 0.0897132 -0.283161
10 9 0.050417 -0.282288
10 11 0.172346 -0.279559
10 13 0.162355 -0.277622
10 14 -0.0643881 -0.279553
0 466 -0.0171179 -0.212701
10 466 -0.0862521 -0.277009
10 348 -0.010985 -0.26767
10 391 0.311557 -0.243746
10 24 0.287874 -0.242716
10 453 0.111023 -0.236256
10 392 0.0667741 -0.23427
10 241 0.0308531 -0.23296
10 31 0.0214022 -0.232595
10 457 0.346404 -0.211084
10 458 -0.0507767 -0.219974
10 394 -0.0603584 -0.218734
10 46 0.046059 -0.19691
10 459 0.214839 -0.183044
10 398 -0.261991 -0.186231
10 401 0.189687 -0.0900799
10 311 0.341882 -0.120226
0 467 0.399313 -0.102728
10 467 0.358062 -0.120579
10 50 0.273121 -0.0656026
10 51 0.262184 -0.0622995
10 402 0.182755 -0.0559232
10 403 0.248131 -0.0546426
0 468 0.139346 -0.0743292
10 468 0.0983797 -0.086461
10 55 0.212282 -0.0356425
10 56 0.231075 -0.0369101
10 59 -0.0623392 -0.0571481
10 62 0.268716 -0.0400445
0 469 0.387613 -0.0656916
10 469 0.34744 -0.0714853
10 66 0.222851 -0.0234657
10 72 0.189231 -0.0183597
10 74 0.204106 -0.0155942
10 76 -0.0546287 -0.0331893
10 77 0.357011 -0.0438453
10 80 -0.022427 -0.043371
10 442 -0.0349702 -0.0338871
10 86 0.248925 -0.00338003
10 362 -0.151834 -0.0312142
10 87 0.210991 0.00244044
10 88 0.0179129 -0.029593
0 470 0.219606 -0.0189011
10 470 0.201477 0.0133238
0 471 -0.059239 -0.017738
10 471 -0.100525 -0.00752494
10 319 -0.115159 -0.00566651
10 410 0.219669 0.0145442
10 269 0.101364 -0.00227226
10 98 0.034876 0.0661138
0 472 0.0210892 -0.00676855
10 472 0.0220899 0.0728907
10 101 -0.130236 0.00752063
0 473 0.298817 -0.00536364
10 473 0.268934 0.00884152
10 444 0.278398 0.0086061
10 411 -0.111031 0.0110776
10 106 0.140293 0.0184813
10 109 0.123861 0.0194832
10 115 0.203952 0.042885
10 413 0.328524 0.0445266
10 445 0.119343 0.0480881
10 448 0.19724 0.062312
0 474 0.4074 0.051725
10 474 0.378916 0.0838944
10 126 0.0256683 0.135465
10 429 0.190092 0.0921099
0 475 0.253424 0.0614149
10 475 0.232773 0.096077
10 127 0.174969 0.101118
0 476 0.20529 0.0649519
10 476 0.184789 0.10112
10 417 0.204191 0.12349
10 136 -0.0286015 0.160916
10 143 0.0595274 0.160932
10 377 0.034723 0.175777
10 378 0.0490358 0.172116
10 149 0.000225911 0.177789
10 150 0.0665564 0.175652
10 162 0.278765 0.198795
10 164 0.232586 0.203973
10 438 0.0499654 0.209081
10 167 0.189751 0.208341
10 290 0.168232 0.210668
10 168 0.146461 0.212905
10 430 0.120397 0.229798
10 175 -0.0110183 0.241145
10 182 0.196113 0.245304
10 183 0.216822 0.274017
0 477 0.188438 0.203657
10 477 0.187616 0.277784
10 426 0.287535 0.438948
11 191 0.0693886 -0.585521
0 478 0.433591 -0.472006
11 478 0.421764 -0.49125
11 192 0.109715 -0.501746
11 197 0.225543 -0.49193
11 199 0.186928 -0.491386
11 203 -0.0494234 -0.495045
11 204 -0.208521 -0.498503
11 205 -0.162029 -0.49598
11 206 -0.310962 -0.497268
11 209 -0.103728 -0.484969
11 210 -0.0746938 -0.484391
11 211 -0.0193206 -0.483077
11 213 -0.169877 -0.486079
11 299 -0.132954 -0.485203
11 385 -0.245949 -0.486617
11 217 -0.297317 -0.487593
11 219 0.110875 -0.377905
0 479 0.404715 -0.34735
11 479 0.383222 -0.365515
11 0 0.334482 -0.36566
0 480 0.322096 -0.344049
11 480 0.304401 -0.36433
11 387 0.25677 -0.363125
11 342 -0.0649074 -0.366828
11 221 0.207241 -0.360567
11 222 0.159148 -0.359873
11 224 0.0948112 -0.357984
11 226 -0.0340995 -0.355091
11 301 -0.0478569 -0.354911
11 1 -0.112746 -0.35484
11 344 -0.0830582 -0.354702
11 229 -0.146792 -0.353573
11 3 0.38563 -0.257255
11 6 0.169165 -0.244948
11 7 0.189876 -0.245878
11 8 0.132311 -0.243654
11 236 0.122968 -0.242539
11 9 0.0860236 -0.241084
11 11 0.201767 -0.240024
11 13 0.192208 -0.237698
11 14 -0.0233401 -0.237416
11 466 -0.0436626 -0.234977
11 15 0.0342264 -0.230792
11 16 -0.0180226 -0.229359
11 348 0.0274411 -0.227039
11 391 0.338183 -0.208098
11 241 0.0697051 -0.195264
11 31 0.0603843 -0.194673
11 457 0.373322 -0.179094
11 304 -0.236498 -0.182616
11 40 -0.249974 -0.181982
11 41 -0.288461 -0.180275
11 395 -0.309725 -0.179305
11 396 -0.34228 -0.178039
11 46 0.0868991 -0.162189
11 459 0.250678 -0.152778
0 481 0.13239 -0.144509
11 481 0.12303 -0.151727
11 397 -0.35011 -0.154023
0 482 -0.29153 -0.1435
11 482 -0.333609 -0.155268
11 251 0.28867 -0.0718532
11 354 -0.127799 -0.0607451
11 309 -0.206776 -0.105149
11 310 0.30091 -0.0629707
11 252 0.404699 -0.0982778
11 311 0.380172 -0.0965528
11 467 0.395276 -0.0973793
11 53 0.287417 -0.031724
11 54 0.310594 -0.0320312
11 55 0.275667 -0.0248559
11 56 0.293269 -0.0259754
11 60 -0.230806 -0.0536943
11 61 -0.217645 -0.0547505
11 67 0.0172913 -0.0257388
11 69 0.280629 -0.00917298
11 71 -0.0463041 -0.0205994
11 73 0.0158875 -0.0182351
11 316 -0.0114212 -0.0155229
11 75 0.00264999 -0.0138272
11 76 0.0117604 -0.0138994
11 77 0.403332 -0.0272963
11 80 0.0374117 -0.0205234
11 82 0.01595 -0.00717693
11 442 0.02658 -0.0112304
11 366 -0.0549421 0.0147014
11 471 -0.0341574 0.0137494
11 95 0.265193 0.0244942
11 319 -0.0487555 0.0157163
11 410 0.281603 0.0254196
0 483 -0.113638 -0.0101024
11 483 -0.090062 0.0229833
11 100 0.390224 0.0168891
11 472 0.109365 0.0752328
11 272 0.342823 0.0215655
11 444 0.333088 0.0219147
0 484 0.053273 -0.00232989
11 484 0.142802 0.0795621
11 106 0.200536 0.0341893
11 108 0.108917 0.0862807
11 109 0.184347 0.0351482
11 463 0.190954 0.0348911
11 321 -0.0576668 0.0462106
11 114 0.285705 0.0503046
11 370 0.252596 0.0517681
11 413 0.384571 0.0550641
0 485 0.21127 0.024176
11 485 0.249215 0.0598122
11 445 0.183342 0.0613697
11 278 0.12175 0.109591
11 120 0.132439 0.112312
0 486 -0.26817 0.0299836
11 486 -0.247505 0.0767889
11 448 0.261201 0.0735272
11 123 0.0577762 0.125625
11 126 0.113626 0.137878
11 429 0.257741 0.101448
11 280 0.333858 0.101522
11 465 0.439358 0.113969
11 282 0.0583081 0.14618
11 416 0.306674 0.129021
11 417 0.273793 0.13058
0 487 0.357439 0.0827938
11 487 0.40257 0.128102
0 488 0.00296547 0.0922106
11 488 0.0785119 0.163911
11 283 0.0885441 0.168726
11 143 0.139819 0.167428
11 377 0.120024 0.180432
11 328 0.07908 0.181099
11 148 0.0521998 0.187949
11 149 0.0834611 0.184822
11 150 0.148015 0.180937
11 329 0.071277 0.183215
11 285 0.106013 0.189527
11 156 0.105264 0.195459
11 287 0.388347 0.195617
11 420 0.40199 0.194137
11 162 0.355211 0.199999
0 489 0.263 0.143756
11 489 0.329597 0.203469
11 164 0.311841 0.205893
11 438 0.133377 0.214613
0 490 0.199997 0.148321
11 490 0.271361 0.210743
11 290 0.248597 0.214175
0 491 0.371303 0.166331
11 491 0.435761 0.225116
11 175 0.0775983 0.245591
0 492 -0.0384299 0.168589
11 492 0.0425948 0.244332
11 177 0.0557171 0.250209
11 180 0.0808416 0.253858
11 182 0.280416 0.245746
11 431 0.369804 0.257381
11 183 0.303567 0.272906
11 433 0.281824 0.27658
11 337 0.377451 0.281296
11 338 0.0195824 0.304692
11 427 0.0332104 0.585022
12 190 -0.232016 -0.540302
12 191 0.0288335 -0.505578
12 193 0.286505 -0.44835
12 195 0.273199 -0.446992
12 197 0.173708 -0.438153
12 199 0.139827 -0.433791
12 203 -0.070183 -0.416048
12 204 -0.214458 -0.40461
12 205 -0.170875 -0.407245
12 206 -0.306977 -0.394192
12 297 -0.295223 -0.394116
12 207 -0.0549027 -0.406457
12 208 -0.0344347 -0.407905
12 209 -0.117383 -0.401577
12 298 -0.153416 -0.397842
12 217 -0.294074 -0.386051
12 300 -0.323624 -0.383744
12 218 -0.281771 -0.386329
0 493 -0.238085 -0.401356
12 493 -0.274904 -0.34606
12 219 0.0820634 -0.325291
0 494 0.0855698 -0.350441
12 494 0.0451353 -0.320027
12 479 0.323783 -0.339848
12 0 0.281741 -0.335103
12 480 0.254039 -0.33097
12 220 0.262299 -0.332599
12 387 0.213676 -0.326124
12 342 -0.0754691 -0.298405
12 221 0.168671 -0.319028
12 222 0.127691 -0.314135
12 223 0.0595198 -0.304809
12 224 0.0692024 -0.306128
12 226 -0.0465263 -0.291282
12 227 -0.0360216 -0.292302
12 301 -0.0590166 -0.289198
12 229 -0.14962 -0.278647
12 230 -0.194997 -0.272583
12 231 -0.271352 -0.263356
12 232 -0.317007 -0.259032
12 233 -0.291932 -0.261117
12 428 -0.330272 -0.255591
12 234 -0.400987 -0.247716
0 495 0.352325 -0.234008
12 495 0.283972 -0.233157
12 6 0.145936 -0.210543
12 7 0.163825 -0.212803
12 11 0.175462 -0.207882
12 13 0.167565 -0.205449
0 496 -0.118457 -0.207601
12 496 -0.0331988 -0.139527
0 497 -0.226836 -0.201932
12 497 -0.254081 -0.145711
12 20 -0.246043 -0.14676
0 498 -0.259549 -0.200516
12 498 -0.288175 -0.140115
12 21 -0.36825 -0.127975
12 451 -0.232012 -0.142033
12 455 0.292597 -0.174157
0 499 0.363317 -0.167139
12 499 0.316727 -0.168529
12 400 0.30589 -0.0904254
12 310 0.325836 -0.0813087
0 500 -0.242608 -0.105085
12 500 -0.227274 -0.0392283
12 50 0.357352 -0.0757829
12 358 0.0389424 -0.0229336
12 55 0.314896 -0.0447113
12 56 0.329912 -0.0476747
12 255 -0.183334 0.00155548
12 63 -0.210822 0.0072608
0 501 0.0775312 -0.0667637
12 501 0.119288 -0.0363665
12 314 0.287866 -0.0314454
12 66 0.324866 -0.0355338
12 315 0.355236 -0.0409046
12 67 0.0720776 -0.0107018
12 69 0.321144 -0.0314867
12 71 0.0142659 0.00160704
12 260 -0.0853722 0.00538007
12 73 0.0719893 -0.00375641
12 74 0.310329 -0.0260269
12 316 0.0464174 0.00241253
12 75 0.0611531 0.00205565
12 76 0.0681624 0.000397555
0 502 0.157601 -0.0438809
12 502 0.207401 -0.021239
12 81 -0.142519 0.0279854
12 86 0.346148 -0.0180818
12 362 -0.0279573 0.0206932
12 87 0.318501 -0.00988978
12 266 0.0457003 0.0227743
0 503 0.129962 -0.0239717
12 503 0.194646 0.0016819
12 366 0.00383138 0.0364118
12 319 0.0126099 0.0373879
12 409 0.0212283 0.0360678
0 504 0.111274 -0.0115792
12 504 0.185319 0.0172429
12 483 -0.0319936 0.0472375
12 472 0.201895 0.0515741
12 101 -0.00759704 0.0479251
12 484 0.232267 0.0516021
12 105 -0.00409371 0.0574169
12 109 0.230458 0.0275599
12 463 0.236178 0.0265595
12 112 0.236362 0.0612797
12 321 0.0130052 0.0651388
12 113 0.214577 0.0650004
12 114 0.329418 0.0253907
12 115 0.314063 0.0302237
12 370 0.299337 0.0310999
12 278 0.218535 0.0808346
12 119 -0.114571 0.104866
12 126 0.213218 0.10912
12 280 0.382071 0.0652957
12 323 0.188201 0.118362
0 505 0.324952 0.0673091
12 505 0.414101 0.0687145
12 132 0.156074 0.1267
12 133 0.205062 0.122963
12 416 0.36555 0.0911884
12 417 0.337353 0.0968794
12 283 0.188438 0.144904
12 141 0.20118 0.145597
12 143 0.229538 0.141095
12 144 0.341731 0.118688
12 328 0.180571 0.159706
12 149 0.182506 0.163832
12 150 0.241089 0.15168
12 329 0.171354 0.163556
12 285 0.206656 0.162906
12 161 0.150231 0.196297
12 163 0.434981 0.142667
12 490 0.356177 0.163612
12 421 0.367616 0.160443
12 422 0.33822 0.168645
12 381 0.169998 0.21224
12 171 0.214958 0.203584
12 292 0.181343 0.224868
12 182 0.37375 0.191476
12 338 0.152467 0.274309
12 187 0.279008 0.284799
0 506 -0.235507 -0.591605
13 506 -0.31454 -0.591667
13 204 -0.248933 -0.447193
13 205 -0.204772 -0.445941
13 206 -0.346699 -0.443116
13 209 -0.14821 -0.43733
13 212 -0.219161 -0.436249
13 299 -0.176902 -0.43707
0 507 -0.224884 -0.443066
13 507 -0.29949 -0.434999
13 385 -0.28295 -0.435061
13 217 -0.332639 -0.43429
13 493 -0.312242 -0.390903
13 222 0.107476 -0.327462
13 343 0.115827 -0.328395
13 223 0.0367864 -0.323004
13 226 -0.0757347 -0.317409
13 227 -0.0651955 -0.317941
13 301 -0.0888805 -0.316262
13 229 -0.183833 -0.312019
13 231 -0.311032 -0.305696
13 232 -0.358511 -0.304506
13 233 -0.332366 -0.30475
13 345 0.184795 -0.224442
13 6 0.126371 -0.217533
13 7 0.145346 -0.219315
13 8 0.0906628 -0.21494
13 236 0.0820548 -0.213791
13 11 0.157361 -0.213297
13 12 -0.0164478 -0.206501
13 13 0.148866 -0.211406
13 497 -0.294348 -0.182853
13 451 -0.270285 -0.177833
13 22 0.324383 -0.193993
13 24 0.263863 -0.188142
0 508 0.301882 -0.187558
13 508 0.228186 -0.184933
13 26 0.199466 -0.181784
0 509 0.171896 -0.181556
13 509 0.112223 -0.174978
13 349 -0.263207 -0.162585
13 393 0.0760588 -0.171776
13 241 0.0309975 -0.167427
0 510 0.261307 -0.170709
13 510 0.200718 -0.166026
13 456 0.339156 -0.169608
13 246 0.156713 -0.162264
13 247 0.307898 -0.166849
13 457 0.321127 -0.168108
0 511 -0.221597 -0.163379
13 511 -0.289159 -0.14204
13 41 -0.307366 -0.140642
13 395 -0.329922 -0.138738
13 46 0.048787 -0.142303
13 397 -0.374057 -0.115951
0 512 0.175759 -0.127514
13 512 0.133111 -0.11839
13 249 -0.33121 -0.0974169
13 399 0.0219915 -0.10631
13 400 0.227354 -0.104182
13 310 0.246892 -0.0930344
13 252 0.355709 -0.104065
0 513 0.258334 -0.102846
13 513 0.253263 -0.0884446
13 50 0.278686 -0.0857559
0 514 0.214188 -0.0937421
13 514 0.216429 -0.0774231
13 356 0.233533 -0.0786814
13 52 0.204762 -0.0703864
13 53 0.237565 -0.0642352
13 441 0.0960964 -0.0613709
13 468 0.114032 -0.0630902
13 55 0.226737 -0.0579409
13 57 0.215109 -0.056816
0 515 -0.186216 -0.0706267
13 515 -0.214382 -0.042811
13 61 -0.23884 -0.04038
13 255 -0.262787 -0.0374485
13 501 0.052364 -0.0522925
13 258 0.31086 -0.063931
0 516 0.25657 -0.0631555
13 516 0.255001 -0.050984
13 314 0.197821 -0.0458514
13 315 0.271728 -0.049543
13 69 0.232503 -0.043397
13 72 0.206532 -0.0389927
13 73 -0.0187817 -0.0290393
13 74 0.2208 -0.0388159
0 517 -0.172724 -0.0514207
13 517 -0.192836 -0.0228041
13 75 -0.0314991 -0.0244187
13 76 -0.0228812 -0.0248214
0 518 0.376614 -0.0449767
13 518 0.341301 -0.0439355
13 262 0.327836 -0.0425598
13 79 -0.206934 -0.0118545
13 82 -0.0171635 -0.0186349
13 442 -0.00791249 -0.0169607
13 86 0.262827 -0.0255968
13 461 -0.0487568 -0.00953342
13 87 0.229776 -0.0205771
13 266 -0.044822 -0.00238944
13 503 0.119639 -0.0106433
13 95 0.221799 -0.0064487
13 435 -0.0786197 0.00979666
13 409 -0.0727769 0.00943932
13 96 0.136466 -0.00106084
13 443 0.384892 -0.0144159
13 483 -0.120972 0.018467
13 472 0.0674898 0.0228274
13 272 0.300395 -0.00318967
13 101 -0.100869 0.0191396
13 473 0.281807 -0.000877734
13 444 0.291659 -0.00210293
13 484 0.098652 0.0254134
13 102 0.230064 0.0089148
13 369 -0.111666 0.0301742
13 462 -0.0813918 0.0313115
13 275 0.140622 0.0170848
13 109 0.146781 0.0159193
13 112 0.101807 0.0361339
13 113 0.0786385 0.038356
13 114 0.243437 0.0186574
13 115 0.226628 0.022558
13 412 0.21869 0.0290367
13 118 0.0661765 0.0496028
13 413 0.340604 0.0226616
13 485 0.210097 0.0337105
13 445 0.148146 0.0380994
13 278 0.0797345 0.0548844
13 119 -0.228826 0.0656427
13 372 -0.364502 0.0828066
13 122 0.106243 0.0702471
13 123 0.0213561 0.078249
13 126 0.0748278 0.0849729
13 429 0.218758 0.0679279
13 280 0.293615 0.0638711
13 323 0.0495368 0.0930742
0 519 0.124154 0.0636569
13 519 0.139682 0.0791931
13 374 0.229172 0.073213
13 505 0.327362 0.0695772
13 132 0.0212343 0.100692
13 465 0.392986 0.0695978
13 133 0.0711122 0.100784
13 417 0.23666 0.0911482
13 135 0.316257 0.0911348
13 136 0.0246522 0.120145
13 488 0.0464633 0.120086
13 326 0.394238 0.0897542
13 140 0.0525318 0.122268
13 141 0.0667004 0.123991
13 143 0.105683 0.124519
13 377 0.0851965 0.129206
13 147 0.104846 0.129303
13 328 0.0463787 0.138456
13 150 0.113561 0.135535
13 329 0.040183 0.142659
13 151 0.0617929 0.142734
13 331 0.0514559 0.144297
13 285 0.0735696 0.143817
13 154 0.00913083 0.156209
13 156 0.0741931 0.151152
13 158 0.110905 0.152407
13 160 0.0134991 0.168979
13 287 0.347066 0.140176
13 420 0.361735 0.137937
13 161 0.00688216 0.172527
13 162 0.31619 0.145134
13 163 0.326266 0.143401
13 164 0.273768 0.152251
13 438 0.100214 0.168805
13 421 0.249912 0.155592
13 422 0.215807 0.161711
13 169 0.172961 0.168878
13 381 0.0230383 0.190382
13 171 0.0739822 0.185456
13 491 0.395387 0.162783
13 176 0.0179833 0.200107
13 423 0.0677396 0.197782
13 177 0.0261708 0.202481
13 292 0.0367943 0.204558
13 182 0.244773 0.187494
13 424 0.311381 0.19668
13 183 0.268888 0.209023
0 520 0.167096 0.20464
13 520 0.219464 0.217083
13 293 0.231628 0.215848
13 434 0.191834 0.224021
13 336 0.131693 0.233413
13 187 0.118291 0.272019
13 339 0.392871 0.307566
13 426 0.357278 0.33751
13 427 0.00962289 0.492958
14 192 0.0475308 -0.444775
14 193 0.268789 -0.448272
14 195 0.254835 -0.447369
14 198 0.0902854 -0.438523
14 199 0.117089 -0.439629
14 200 0.0408631 -0.435886
14 203 -0.0994501 -0.430524
14 204 -0.2473 -0.425319
14 211 -0.0709064 -0.420681
14 216 -0.274737 -0.412238
14 300 -0.360139 -0.408117
14 218 -0.316944 -0.409516
14 219 0.0565967 -0.332177
14 0 0.261721 -0.333432
14 480 0.235299 -0.330827
14 387 0.192366 -0.327364
14 221 0.14634 -0.322124
14 222 0.103726 -0.319029
14 224 0.0434635 -0.313685
14 226 -0.076027 -0.303283
14 227 -0.0651975 -0.30395
14 301 -0.0887253 -0.302145
14 229 -0.182222 -0.294849
14 231 -0.308641 -0.284434
14 232 -0.356119 -0.281871
14 233 -0.330141 -0.283205
0 521 0.395319 -0.236324
14 521 0.299945 -0.234412
14 6 0.121196 -0.212772
14 11 0.151713 -0.20914
14 348 -0.00970138 -0.186359
14 450 -0.241672 -0.17057
14 19 -0.307298 -0.163417
14 497 -0.293104 -0.164745
14 20 -0.282708 -0.165653
14 451 -0.269052 -0.160068
14 453 0.102972 -0.168622
14 510 0.19632 -0.162473
14 246 0.157004 -0.15753
14 37 0.16775 -0.158787
14 247 0.301195 -0.165942
14 457 0.316566 -0.168261
14 499 0.286959 -0.164496
0 522 0.187602 -0.166474
14 522 0.129255 -0.153979
14 38 -0.285876 -0.124086
0 523 -0.279582 -0.160989
14 523 -0.342834 -0.117005
14 45 -0.395453 -0.111159
14 46 0.0519334 -0.133898
14 353 -0.2763 -0.0796274
0 524 -0.264707 -0.12414
14 524 -0.307799 -0.0760745
14 250 0.0384927 -0.0962971
14 400 0.245109 -0.0890709
0 525 0.157628 -0.112114
14 525 0.125289 -0.0939232
0 526 0.245928 -0.112037
14 526 0.257143 -0.0825971
14 513 0.269136 -0.0751222
14 311 0.332647 -0.0991251
14 50 0.293711 -0.0725836
14 52 0.224773 -0.0538596
14 55 0.246516 -0.043044
14 56 0.262731 -0.0452836
14 57 0.234563 -0.0415863
14 62 0.292514 -0.0464771
14 63 -0.2738 -0.0103312
14 501 0.0681008 -0.0403483
14 314 0.219009 -0.0306402
14 66 0.257025 -0.0333076
14 315 0.288725 -0.0373935
14 67 0.00591556 -0.0176853
14 69 0.252415 -0.0290722
14 71 -0.0540136 -0.00754677
14 260 -0.144674 -0.00673767
14 72 0.227053 -0.0242018
14 73 0.00564425 -0.01023
14 74 0.241075 -0.0246043
14 316 -0.0204786 -0.00515653
14 75 -0.00607121 -0.00493167
14 76 0.00153178 -0.00575637
14 77 0.360536 -0.0427575
0 527 0.379431 -0.0449482
14 527 0.349199 -0.0407157
14 262 0.334935 -0.038066
14 80 0.0237467 -0.00835728
14 442 0.0140709 -0.000524418
14 86 0.280396 -0.0142451
14 87 0.250066 -0.00747641
14 503 0.134004 0.000997568
14 471 -0.0400908 0.0253297
14 319 -0.0562774 0.0289222
14 435 -0.0508423 0.0289316
14 367 -0.0440627 0.0273445
14 96 0.155192 0.00998491
14 269 0.143756 0.0122391
14 97 0.131063 0.0138466
14 472 0.10821 0.0482247
14 272 0.3118 0.00324143
14 484 0.137403 0.049403
14 102 0.249653 0.0205964
14 369 -0.0824587 0.0507189
14 105 -0.073849 0.0490266
14 106 0.180864 0.025396
14 108 0.108701 0.0580633
14 109 0.16677 0.0276299
14 463 0.169862 0.0270227
14 112 0.14177 0.0600355
14 113 0.119541 0.0626593
14 114 0.262732 0.0291385
14 115 0.246824 0.0336392
14 370 0.233054 0.0348302
14 413 0.35444 0.0278435
14 445 0.169511 0.0503837
14 278 0.121111 0.0792119
14 119 -0.194986 0.0918433
14 372 -0.326476 0.115096
14 474 0.409176 0.0528179
14 322 0.377349 0.0596194
14 126 0.116811 0.107894
14 429 0.24245 0.0779969
14 280 0.312488 0.0714753
14 323 0.0909534 0.116254
14 374 0.251856 0.0829899
14 505 0.344679 0.0765617
14 132 0.0631879 0.123719
0 528 0.202938 0.0720188
14 528 0.23877 0.0924885
14 465 0.408818 0.0743704
14 133 0.110426 0.121698
14 417 0.261379 0.101715
14 487 0.377552 0.0887125
14 326 0.411226 0.0947035
14 140 0.0925145 0.142855
14 283 0.0943684 0.143413
14 141 0.107866 0.144501
14 143 0.141971 0.14153
14 377 0.125491 0.149882
14 147 0.141077 0.146486
14 148 0.0628659 0.164775
14 149 0.0908771 0.162874
14 150 0.151071 0.152776
14 329 0.0803371 0.162446
14 151 0.100241 0.161961
14 285 0.113672 0.162894
14 154 0.0540525 0.178923
14 156 0.112732 0.169705
14 420 0.386103 0.144854
14 162 0.343754 0.153374
14 163 0.351318 0.151892
0 529 0.264913 0.143736
14 529 0.319934 0.158226
14 164 0.303474 0.162424
14 421 0.280462 0.1666
14 422 0.248112 0.174116
14 170 0.0594358 0.208468
14 176 0.0618232 0.220128
14 177 0.0679207 0.221842
14 178 0.294899 0.194343
14 292 0.0812251 0.224237
14 182 0.280633 0.198764
14 183 0.304959 0.219622
14 520 0.259373 0.229884
14 338 0.0451232 0.27398
14 295 0.017734 0.287172
14 296 0.193224 0.284685
14 187 0.168685 0.289601
14 426 0.402418 0.344642
14 427 0.0904895 0.515603
1 530 0.297534 -0.218534
2 530 0.334259 -0.191439
1 531 0.000344505 -0.207358
2 531 0.0350703 -0.191816
1 532 0.0153372 -0.207771
2 532 0.0504341 -0.191239
1 533 -0.0287884 -0.206431
2 533 0.00597462 -0.191424
2 16 0.0595317 -0.185077
2 20 -0.152963 -0.192597
1 534 -0.0179012 -0.19941
2 534 0.016614 -0.184769
1 535 -0.0407471 -0.198585
2 535 -0.00984332 -0.185418
1 536 -0.191353 -0.192657
2 536 -0.152154 -0.185428
1 238 0.0275254 -0.184222
2 23 0.419124 -0.14688
2 24 0.404577 -0.146933
2 28 0.304289 -0.149012
1 537 0.193442 -0.172762
2 537 0.231591 -0.149268
1 538 0.224647 -0.172982
2 538 0.258989 -0.149134
2 29 0.265182 -0.149277
1 244 0.0667069 -0.169352
2 33 0.108267 -0.151635
1 539 -0.206768 -0.163329
2 539 -0.169846 -0.157347
2 38 -0.163855 -0.156743
2 39 -0.155612 -0.156553
1 40 -0.18784 -0.163551
2 43 -0.222933 -0.157821
1 540 -0.224419 -0.162523
2 540 -0.188857 -0.157439
1 541 -0.318134 -0.16112
2 541 -0.27277 -0.159649
1 542 -0.399136 -0.15914
2 542 -0.35277 -0.161178
2 37 0.275759 -0.133699
1 543 0.279417 -0.159076
2 543 0.31053 -0.132733
1 246 0.229214 -0.157734
1 544 -0.296194 -0.145744
2 544 -0.255746 -0.144222
1 545 0.0319398 -0.143974
2 545 0.0638967 -0.128352
1 546 0.0487122 -0.144518
2 546 0.0798546 -0.127851
1 547 0.0100614 -0.143272
2 547 0.0317507 -0.1298
1 548 -0.181026 -0.133945
2 548 -0.149449 -0.127904
1 549 0.0369015 -0.115438
2 549 0.0629893 -0.100289
1 550 0.0524856 -0.115565
2 550 0.0761744 -0.0998771
1 551 0.175364 -0.111851
2 551 0.189362 -0.0925544
1 552 -0.192335 -0.110759
2 552 -0.162855 -0.10609
1 553 0.182063 -0.094071
2 553 0.193658 -0.0739751
1 554 0.16883 -0.0928115
2 554 0.18028 -0.0736586
1 555 0.242688 -0.0925664
2 555 0.255349 -0.0699077
1 556 -0.0136166 -0.0913653
2 556 0.00827897 -0.078867
2 51 0.252412 -0.0696146
1 252 0.414501 -0.0894019
1 557 -0.0602748 -0.0876272
2 557 -0.0425146 -0.0788469
1 558 0.225255 -0.0864249
2 558 0.235576 -0.0647627
1 559 -0.0709895 -0.0832564
2 559 -0.0533595 -0.0749812
1 560 0.244849 -0.0822938
2 560 0.2567 -0.0595666
1 561 -0.0875134 -0.0800248
2 561 -0.0683062 -0.0725959
1 562 -0.17332 -0.0760315
2 562 -0.151879 -0.0714874
1 563 -0.162573 -0.0762555
2 563 -0.141118 -0.071216
1 564 -0.155602 -0.0762947
2 564 -0.135005 -0.0712325
1 565 -0.148583 -0.0763918
2 565 -0.127755 -0.0713545
1 566 -0.142868 -0.0765354
2 566 -0.121121 -0.0706238
2 61 -0.189302 -0.072412
2 58 -0.17748 -0.0716795
1 567 -0.19226 -0.0752665
2 567 -0.167588 -0.0716022
1 568 -0.248487 -0.0739619
2 568 -0.220423 -0.0728978
1 569 -0.2239 -0.0748094
2 569 -0.200485 -0.0726125
1 570 0.109209 -0.0693285
2 570 0.127394 -0.052283
1 571 0.244651 -0.0679245
2 571 0.254365 -0.0457629
1 257 0.163623 -0.0632918
1 572 -0.111973 -0.0598623
2 572 -0.094248 -0.0528661
1 260 -0.148765 -0.0583885
1 65 0.236733 -0.0566439
2 69 0.198426 -0.0345375
1 258 0.341416 -0.0536332
2 64 0.374961 -0.0247369
2 72 0.173851 -0.0327886
1 573 -0.0338732 -0.0460369
2 573 -0.019631 -0.0361724
1 574 -0.0451242 -0.0440292
2 574 -0.0303316 -0.0344598
1 575 -0.0152129 -0.0391868
2 575 0.000281187 -0.0281907
2 84 0.163831 -0.0198866
1 576 -0.126821 -0.0330046
2 576 -0.109048 -0.0275005
1 577 -0.108801 -0.0314809
2 577 -0.0921858 -0.0249131
1 578 0.294931 -0.0307621
2 578 0.309173 -0.00441948
1 579 0.306005 -0.0308272
2 579 0.319165 -0.00437499
1 580 -0.0261935 -0.025409
2 580 -0.024171 -0.0167374
1 581 0.26034 -0.0223553
2 581 0.274567 0.00220559
1 582 -0.0336892 -0.0210994
2 582 -0.0342645 -0.0131735
1 265 0.258913 -0.0220704
1 583 0.209167 -0.0187989
2 583 0.21699 0.00260644
1 270 -0.0491128 -0.0177901
2 92 0.23219 0.00540657
1 584 -0.0371744 -0.0130968
2 584 -0.0381599 -0.00575135
1 585 -0.00991427 -0.0107263
2 585 -0.0123158 -0.0020203
1 586 0.112284 -0.010504
2 586 0.122362 0.0062492
1 587 0.0606032 -0.00931259
2 587 0.0726512 0.0049119
2 107 -0.0874024 -0.00430994
2 105 -0.104903 -0.000890113
2 112 -0.00973416 0.00981033
1 588 0.336473 0.00272532
2 588 0.348789 0.0313138
1 589 0.181407 0.00977284
2 589 0.189648 0.0292143
1 590 0.229447 0.0097308
2 590 0.23782 0.0325737
1 591 -6.04895e-05 0.0121614
2 591 -0.00257058 0.0212817
2 119 -0.230742 0.0130641
1 278 -0.031554 0.0165115
1 592 0.21809 0.0202381
2 592 0.226479 0.0417963
2 117 0.200222 0.0432904
1 593 0.178745 0.0481718
2 593 0.183688 0.0684899
1 594 -0.0582907 0.0539267
2 594 -0.0608535 0.059879
1 595 -0.00971965 0.0612383
2 595 -0.011578 0.069586
1 596 -0.100627 0.0649929
2 596 -0.102567 0.0685739
1 597 -0.0257227 0.0647414
2 597 -0.0310141 0.0720258
2 127 0.154144 0.0851528
1 598 0.210015 0.0660595
2 598 0.213583 0.0875615
1 281 0.124378 0.0672225
1 599 0.176578 0.0670163
2 599 0.178099 0.0862769
2 136 -0.0803815 0.0841782
2 137 -0.055019 0.0887256
1 600 -0.113927 0.0827593
2 600 -0.117082 0.084857
1 284 -0.104368 0.0840911
1 601 -0.0304637 0.0852523
2 601 -0.0358641 0.09234
1 602 0.240318 0.0865483
2 602 0.228117 0.107965
1 603 0.0106134 0.0889951
2 603 0.00823783 0.099451
1 604 -0.0600428 0.096063
2 604 -0.062323 0.10161
1 605 -0.0133439 0.0970058
2 605 -0.0180367 0.105297
1 606 -0.0887365 0.100942
2 606 -0.0909486 0.104728
1 607 -0.0504443 0.100998
2 607 -0.0537476 0.106775
1 608 0.022649 0.10234
2 608 0.0212183 0.11269
2 148 -0.0820963 0.107809
1 609 -0.0927378 0.105503
2 609 -0.0962391 0.10945
1 151 -0.0346151 0.107668
1 610 -0.0292533 0.108911
2 610 -0.0339625 0.116095
2 154 -0.107659 0.113328
1 611 -0.0233464 0.117474
2 611 -0.0277947 0.125233
1 612 -0.00541568 0.128597
2 612 -0.0114243 0.137523
1 286 0.0109739 0.132208
1 613 0.00365188 0.135851
2 613 -0.00207555 0.145044
1 614 -0.00433876 0.138476
2 614 -0.00898295 0.147111
2 166 0.112861 0.162027
1 291 0.0700334 0.147197
1 615 0.0834917 0.147402
2 615 0.0753312 0.161545
2 172 -0.0571006 0.156593
2 173 -0.0660013 0.157061
2 175 -0.080015 0.157114
2 174 -0.0732977 0.157842
1 616 -0.0360064 0.154506
2 616 -0.0429148 0.160948
1 617 -0.0386516 0.155594
2 617 -0.0463955 0.162357
1 618 -0.0467334 0.159067
2 618 -0.0536644 0.164489
1 619 -0.0536362 0.16122
2 619 -0.0600659 0.166355
1 292 -0.0700303 0.16284
1 620 0.0851346 0.197846
2 620 0.0691495 0.211671
1 294 0.0141713 0.199062
1 293 0.108868 0.198644
1 621 0.093772 -0.536722
3 621 0.163569 -0.485306
1 622 0.0163485 -0.467375
3 622 0.0811205 -0.424361
1 623 0.251746 -0.457773
3 623 0.313932 -0.398139
1 624 0.252932 -0.458076
3 624 0.314983 -0.398421
1 625 0.00560727 -0.450505
3 625 0.0692198 -0.408859
1 203 -0.0127204 -0.449616
1 210 -0.035281 -0.439779
1 626 0.014403 -0.440298
3 626 0.0774186 -0.398978
1 627 -0.137147 -0.437209
3 627 -0.0713913 -0.40641
1 298 -0.0969281 -0.437642
1 628 0.296034 -0.333094
3 628 0.346343 -0.273147
1 629 0.242104 -0.329495
3 629 0.293842 -0.274691
1 630 0.129278 -0.326338
3 630 0.178912 -0.280206
1 227 0.0162036 -0.321965
1 301 -0.00714368 -0.321364
1 226 0.00557749 -0.321578
1 631 -0.0976495 -0.31873
3 631 -0.0443272 -0.290863
3 2 -0.192393 -0.28912
1 632 0.341454 -0.220806
3 632 0.383602 -0.159299
3 5 0.349884 -0.159544
3 9 0.164929 -0.167852
3 12 0.0991806 -0.172809
3 14 0.0586542 -0.174356
3 532 0.0536223 -0.174254
3 11 0.285314 -0.15514
3 16 0.0631581 -0.167116
1 633 -0.156511 -0.200977
3 633 -0.113627 -0.182795
3 17 0.0557319 -0.167084
1 634 -0.23932 -0.199945
3 634 -0.194967 -0.187727
1 635 -0.0455512 -0.199181
3 635 -0.00606757 -0.170741
3 238 0.0638973 -0.150447
1 636 0.334951 -0.176217
3 636 0.373705 -0.116217
1 637 0.313827 -0.175463
3 637 0.350074 -0.116898
3 26 0.325062 -0.118387
3 29 0.266703 -0.1223
3 30 0.16112 -0.128871
1 302 0.161478 -0.17114
3 244 0.101321 -0.13245
3 34 0.073034 -0.133973
1 638 -0.0122049 -0.167263
3 638 0.0222944 -0.137267
3 539 -0.166625 -0.150238
3 40 -0.148411 -0.148764
3 541 -0.273759 -0.157572
3 44 -0.260578 -0.156408
3 45 -0.250991 -0.156339
3 542 -0.350243 -0.162664
3 46 0.142962 -0.106891
1 639 0.0237532 -0.143497
3 639 0.0574644 -0.112195
1 640 -0.241357 -0.127929
3 640 -0.202281 -0.120462
3 551 0.218285 -0.0736151
1 641 0.171827 -0.107696
3 641 0.213516 -0.0689583
3 553 0.224251 -0.0560987
3 554 0.210232 -0.0561836
1 254 0.157426 -0.0903258
3 558 0.268986 -0.044715
3 562 -0.141052 -0.0656932
3 564 -0.123887 -0.0643415
3 60 -0.189036 -0.0691922
3 61 -0.178092 -0.0686818
1 642 -0.244027 -0.0741219
3 642 -0.210462 -0.0704718
1 643 0.118571 -0.0693213
3 643 0.149356 -0.0329585
3 55 0.227931 -0.0316185
3 56 0.248674 -0.0286287
1 644 -0.0158649 -0.0663228
3 644 0.018845 -0.0455536
1 645 0.167175 -0.0666513
3 645 0.206397 -0.0288786
1 646 -0.0168584 -0.0642862
3 646 0.0150269 -0.0400736
1 647 0.221636 -0.0615031
3 647 0.263701 -0.0199936
1 314 0.15598 -0.0599401
3 66 0.238329 -0.017945
3 72 0.205288 -0.0150182
3 70 0.288967 -0.00688078
3 78 -0.142277 -0.0412143
3 90 -0.35185 -0.0521963
3 576 -0.0957455 -0.0212839
3 577 -0.0782574 -0.018478
3 265 0.294196 0.0268921
3 583 0.246258 0.0228848
3 270 -0.0105795 -0.0060534
3 97 0.124156 0.0218472
1 648 -0.127851 -0.00455436
3 648 -0.0988108 0.00533458
3 100 0.38569 0.0588388
3 589 0.214096 0.0492955
3 591 0.0362257 0.0289946
3 278 0.00356389 0.0303566
3 592 0.250357 0.0644228
3 117 0.227018 0.0636584
3 127 0.174437 0.103492
1 280 0.248698 0.0658108
3 128 0.164739 0.102013
3 599 0.205907 0.106384
3 130 0.138444 0.101057
3 139 0.0194483 0.0989055
3 284 -0.0768203 0.0915424
3 142 -0.0391235 0.0998689
3 141 -0.0130834 0.102073
1 327 -0.0991654 0.0921296
3 605 0.0123384 0.114763
3 146 0.0291276 0.118806
3 606 -0.0652172 0.111904
3 609 -0.0683027 0.114637
3 151 -0.00822538 0.12359
3 152 -0.00247347 0.126218
3 157 -0.163832 0.111578
3 154 -0.0814272 0.119823
1 649 -0.0723866 0.111888
3 649 -0.0481391 0.123271
3 156 -0.000795476 0.134382
3 611 0.000494742 0.134653
3 160 -0.0697413 0.134682
3 161 -0.0753123 0.136291
1 650 -0.000630086 0.127174
3 650 0.0248842 0.146351
3 612 0.0166725 0.148271
3 286 0.0335629 0.153681
1 651 -0.019562 0.13412
3 651 0.00192739 0.152528
1 652 0.0102857 0.132608
3 652 0.0326939 0.154057
3 165 0.0196892 0.158068
1 653 0.115804 0.146521
3 653 0.143387 0.179612
3 166 0.146777 0.179939
3 167 0.159315 0.181347
3 164 0.209199 0.185653
1 654 0.187709 0.14571
3 654 0.21649 0.185962
3 169 0.097497 0.17582
3 615 0.107251 0.177107
3 171 -0.0202454 0.163833
3 173 -0.0371584 0.165257
3 175 -0.0491757 0.165162
3 176 -0.075243 0.165346
3 617 -0.0169091 0.171329
3 177 -0.0696448 0.168718
1 655 -0.048662 0.159641
3 655 -0.0261203 0.173991
3 619 -0.0304528 0.174879
3 181 -0.0392155 0.175854
3 184 0.110608 0.227474
3 186 -0.00738754 0.216731
1 656 0.00284615 0.390494
3 656 0.0142673 0.415127
1 657 -0.125993 -0.593239
4 657 -0.0911399 -0.59037
1 658 -0.120916 -0.580908
4 658 -0.0869681 -0.577315
1 659 -0.178455 -0.579542
4 659 -0.145607 -0.579951
1 660 -0.208236 -0.578557
4 660 -0.175712 -0.581268
4 622 0.0404265 -0.456422
1 661 0.390595 -0.46227
4 661 0.404522 -0.429063
1 662 0.374387 -0.461464
4 662 0.388585 -0.429915
4 623 0.270404 -0.432635
4 624 0.272644 -0.433465
1 202 0.011806 -0.450793
1 663 -0.154496 -0.447008
4 663 -0.131702 -0.446939
1 664 -0.239649 -0.442213
4 664 -0.220237 -0.4477
1 665 -0.22959 -0.441922
4 665 -0.208148 -0.446769
1 208 0.0233355 -0.44091
1 207 0.00131149 -0.439827
1 666 -0.358366 -0.438439
4 666 -0.341414 -0.450958
4 627 -0.120363 -0.435624
1 667 -0.125095 -0.437393
4 667 -0.103628 -0.434983
1 668 -0.120326 -0.437436
4 668 -0.0983301 -0.434967
1 669 -0.169174 -0.435148
4 669 -0.147146 -0.436267
1 670 -0.254884 -0.432708
4 670 -0.234737 -0.43882
1 671 -0.216731 -0.432507
4 671 -0.196677 -0.436396
1 672 0.143675 -0.344976
4 672 0.157757 -0.328497
1 673 0.471754 -0.337899
4 673 0.473091 -0.304645
1 220 0.356914 -0.334736
4 628 0.305378 -0.308258
1 674 0.194512 -0.32843
4 674 0.206434 -0.309162
1 344 -0.0405893 -0.32022
4 631 -0.0837097 -0.314792
1 230 -0.142315 -0.317713
1 675 -0.23195 -0.315347
4 675 -0.221223 -0.318998
1 676 -0.212403 -0.315525
4 676 -0.201715 -0.317914
1 677 0.44781 -0.223226
4 677 0.444897 -0.194516
4 530 0.300644 -0.195922
4 5 0.31134 -0.195499
4 7 0.237687 -0.195076
4 12 0.0664569 -0.198073
1 347 0.0846828 -0.210454
4 532 0.0203671 -0.197888
4 16 0.0305553 -0.190864
4 19 -0.212728 -0.201052
4 20 -0.190596 -0.200376
4 18 0.035842 -0.189873
4 634 -0.239906 -0.201789
1 678 -0.409959 -0.195663
4 678 -0.418239 -0.206536
4 238 0.0317979 -0.173643
4 22 0.434704 -0.152644
4 23 0.378594 -0.152846
4 637 0.313022 -0.153679
4 26 0.291632 -0.153976
4 538 0.224689 -0.15496
4 29 0.233043 -0.154786
4 34 0.0451691 -0.157645
4 32 0.0676725 -0.157409
4 539 -0.207842 -0.163423
4 38 -0.203348 -0.163288
1 679 -0.249049 -0.162416
4 679 -0.25238 -0.164531
4 542 -0.410343 -0.168378
4 48 -0.185054 -0.147103
4 553 0.240273 -0.0870608
4 555 0.305327 -0.0834929
4 51 0.303713 -0.0834312
4 252 0.439317 -0.0690258
1 680 -0.0813416 -0.0810424
4 680 -0.0371465 -0.0811833
4 54 0.292702 -0.0639955
4 62 0.315965 -0.0522133
4 64 0.387025 -0.0368963
4 75 -0.00941064 -0.0510313
4 76 0.000936043 -0.049455
4 72 0.232471 -0.0451871
4 575 0.0220714 -0.0343802
1 681 0.317496 -0.0309551
4 681 0.356849 -0.0164466
4 265 0.302357 -0.00927709
4 583 0.272347 -0.0102681
4 95 0.245823 -0.00617701
4 96 0.16965 -0.00284372
4 113 0.0585395 -0.00239125
4 112 0.0822527 -0.00186464
4 103 0.273581 0.0120314
4 109 0.172331 0.0135639
4 106 0.188506 0.0142819
4 116 0.0663694 0.00727131
4 114 0.267528 0.0229122
4 115 0.248473 0.0250639
4 592 0.275768 0.0302291
4 126 0.0489107 0.045297
4 131 0.0669483 0.0622551
4 596 -0.0231757 0.0628066
4 597 0.0543075 0.0646219
1 682 0.0987155 0.0683657
4 682 0.159943 0.0753262
4 130 0.172082 0.0754375
4 137 0.0211516 0.0821036
1 377 -0.0222057 0.0934826
4 151 0.0410647 0.109352
4 152 0.0484385 0.111552
4 154 -0.0274342 0.110161
4 161 -0.0240198 0.127478
4 650 0.0754237 0.13099
1 683 0.00191946 0.136556
4 683 0.0755588 0.141136
1 684 0.199443 0.145054
4 684 0.282914 0.153465
4 162 0.316349 0.154357
1 685 0.252253 0.144844
4 685 0.339179 0.15452
4 166 0.198351 0.153357
4 654 0.273359 0.154255
4 291 0.149476 0.153232
4 172 0.0320469 0.152995
4 174 0.012596 0.155389
4 618 0.03345 0.161514
4 619 0.0235445 0.164631
4 292 0.00604298 0.165335
4 183 0.241734 0.205171
1 686 0.0167934 0.199478
4 686 0.102695 0.204756
4 185 0.118986 0.205103
1 687 0.209967 0.38849
4 687 0.358204 0.402057
5 657 -0.0851109 -0.592426
5 659 -0.140714 -0.582099
5 660 -0.167057 -0.582997
5 621 0.130186 -0.522239
5 622 0.0496331 -0.456583
1 192 0.136982 -0.462538
5 661 0.412928 -0.433785
5 624 0.281524 -0.436016
1 200 0.129869 -0.453135
5 202 0.044481 -0.441717
5 664 -0.213998 -0.445487
5 207 0.0323165 -0.430117
1 688 -0.0838746 -0.438519
5 688 -0.0585834 -0.432685
1 689 -0.0617556 -0.438887
5 689 -0.0308806 -0.43218
5 627 -0.107354 -0.433851
5 667 -0.0948939 -0.433767
5 668 -0.0880724 -0.43383
5 670 -0.228025 -0.436411
1 690 0.34738 -0.334358
5 690 0.364189 -0.310248
1 691 0.263948 -0.330813
5 691 0.285196 -0.309512
1 692 -0.026954 -0.321316
5 692 -0.00271112 -0.311494
5 301 0.0165645 -0.310604
1 693 -0.326411 -0.312401
5 693 -0.314316 -0.315297
5 2 -0.232502 -0.303509
1 694 0.352192 -0.288951
5 694 0.366697 -0.264993
5 530 0.311652 -0.197196
1 695 0.156041 -0.211746
5 695 0.172174 -0.195003
5 12 0.0789971 -0.195794
5 10 0.114367 -0.195515
5 16 0.0427628 -0.188614
5 20 -0.180536 -0.193909
5 678 -0.412938 -0.196123
5 536 -0.180516 -0.186339
5 238 0.0438113 -0.17085
5 22 0.444572 -0.155471
5 27 0.313163 -0.15444
5 25 0.344546 -0.155309
5 28 0.284188 -0.155116
5 538 0.238706 -0.154933
5 539 -0.198598 -0.155317
5 38 -0.19248 -0.155473
1 696 -0.172012 -0.163548
5 696 -0.159025 -0.155345
5 43 -0.250817 -0.156335
5 541 -0.318003 -0.156567
5 542 -0.403672 -0.157589
5 544 -0.282355 -0.140865
1 397 -0.28619 -0.145788
1 697 -0.279833 -0.145999
5 697 -0.2683 -0.14103
5 47 0.108669 -0.131267
5 548 -0.1055 -0.131856
1 698 -0.200086 -0.109693
5 698 -0.178338 -0.102393
1 699 0.218437 -0.104932
5 699 0.305828 -0.0942264
1 700 0.224121 -0.100293
5 700 0.312013 -0.0901909
5 559 -0.00737946 -0.0752084
5 680 -0.0181301 -0.0738825
5 61 -0.175752 -0.0679078
5 58 -0.164063 -0.0679399
5 568 -0.216237 -0.067785
5 642 -0.20724 -0.0677508
5 569 -0.189863 -0.0678701
5 645 0.259432 -0.0571024
5 647 0.314886 -0.0510478
5 65 0.332306 -0.0457187
5 79 -0.159265 -0.0415129
5 578 0.366673 -0.0174453
5 581 0.326798 -0.00882002
1 701 -0.091034 -0.0214547
5 701 0.0189244 -0.0160763
5 583 0.300601 -0.00810831
1 320 -0.0527214 -0.0145614
5 584 0.0882223 -0.00806825
5 585 0.116049 -0.00643643
1 702 0.100882 -0.0103898
5 702 0.175642 0.000841375
5 96 0.201959 0.000590241
1 703 0.365199 0.00139351
5 703 0.44571 0.0146246
5 106 0.21357 0.0173109
5 589 0.267254 0.020938
5 115 0.276982 0.0273984
5 131 0.10074 0.0704612
5 127 0.229405 0.0781362
5 128 0.218458 0.0791137
5 682 0.192206 0.0792934
5 130 0.200916 0.0793867
5 141 0.0768048 0.097186
5 608 0.128865 0.112692
5 609 0.0195017 0.115697
5 151 0.0760163 0.117654
5 160 0.0159588 0.136481
5 161 0.0115734 0.137771
5 286 0.121508 0.143766
5 683 0.112155 0.14867
5 684 0.318998 0.156078
5 167 0.252031 0.158143
5 654 0.306801 0.156953
5 168 0.200247 0.159373
5 617 0.0771054 0.167646
5 619 0.0634804 0.173496
5 292 0.0461311 0.175182
1 704 0.14303 0.186678
5 704 0.248334 0.19996
5 184 0.219046 0.210659
1 705 0.00156811 0.198912
5 705 0.128691 0.213001
6 254 0.218332 0.066035
6 642 -0.12068 -0.142987
6 59 0.028668 -0.0339563
6 57 0.230653 0.0936581
1 706 -0.0326098 -0.0490746
6 706 0.0399852 -0.00665154
6 82 0.0313585 -0.0025391
6 92 0.269815 0.155931
6 99 0.416023 0.200108
6 100 0.421796 0.202308
6 103 0.251467 0.170589
6 109 0.173421 0.110713
6 132 -0.0875686 0.15542
6 682 0.10355 0.193581
6 143 -0.005802 0.213078
6 158 -0.0212437 0.241843
6 651 -0.0571786 0.243623
1 707 0.0557617 0.135463
6 707 0.0152476 0.269207
6 614 -0.0416032 0.249016
6 615 0.0342354 0.297959
6 704 0.062786 0.376696
6 620 0.00192174 0.36603
1 708 0.127836 0.19784
6 708 0.0406314 0.385382
6 705 -0.07385 0.331095
7 622 0.239964 -0.570776
1 709 0.0310107 -0.441078
7 709 0.251911 -0.536595
7 210 0.171667 -0.543854
7 689 0.13956 -0.547142
1 710 -0.10753 -0.437824
7 710 0.0861419 -0.552121
7 672 0.364034 -0.403274
7 675 -0.0705764 -0.431163
7 676 -0.0501304 -0.428439
7 11 0.449837 -0.230533
7 698 -0.0812469 -0.173127
7 557 0.0338055 -0.0474183
7 63 -0.145615 -0.127769
7 642 -0.1349 -0.125429
1 711 -0.234086 -0.0742515
7 711 -0.125394 -0.124043
7 54 0.325599 0.0779071
7 87 0.271544 0.115028
7 648 -0.0442112 0.00977821
7 106 0.223484 0.100268
7 119 -0.16499 0.0111831
1 712 -0.307339 0.0157795
7 712 -0.222409 -0.00213317
7 126 -0.00392024 0.192081
7 132 -0.0360555 0.174442
7 280 0.311859 0.227631
7 601 0.00347058 0.20855
7 145 -0.0342675 0.20146
7 608 0.0593013 0.215476
7 153 -0.191798 0.144092
7 650 0.0265907 0.254517
7 612 0.0200737 0.255887
7 707 0.0796674 0.275416
7 165 0.0223049 0.262277
7 167 0.153039 0.315612
7 615 0.1024 0.300786
7 620 0.0827436 0.374783
7 705 0.00235048 0.350557
7 294 0.0143688 0.354552
1 713 -0.279597 0.394818
7 713 -0.300075 0.519427
8 208 0.117165 -0.574891
8 210 0.0460819 -0.580852
8 626 0.10629 -0.574651
8 672 0.243536 -0.443402
8 674 0.300651 -0.417259
8 227 0.0893109 -0.434053
8 692 0.038918 -0.438585
8 20 -0.159145 -0.326265
8 34 0.092088 -0.254238
8 38 -0.173646 -0.283179
8 698 -0.182814 -0.189774
1 714 -0.231789 -0.095402
8 714 -0.21794 -0.172218
8 54 0.258625 0.0241355
8 71 -0.0869899 -0.0535896
8 314 0.178242 0.0288875
8 75 -0.0436838 -0.0361042
1 715 -0.063617 -0.0465221
8 715 -0.0546984 -0.0312315
1 442 -0.0114762 -0.0370366
8 88 0.0526269 -0.0212652
8 113 -0.0427229 0.131692
8 106 0.157129 0.0583904
8 116 -0.038256 0.144123
8 591 -0.0121239 0.148294
8 121 -0.424329 -0.0179752
8 126 -0.0545599 0.170855
8 598 0.215208 0.167731
8 682 0.0954897 0.150716
8 139 -0.0252629 0.188027
8 146 -0.013914 0.201173
8 147 -0.00306142 0.200811
8 608 0.00807424 0.189386
1 716 -0.071559 0.111047
8 716 -0.0926348 0.19809
8 157 -0.207084 0.165304
8 685 0.237618 0.298176
8 168 0.0664043 0.270686
8 181 -0.0895318 0.267896
8 620 0.0497998 0.346966
9 622 -0.0786708 -0.566116
9 192 0.059938 -0.555676
9 203 -0.113665 -0.545207
9 208 -0.0698711 -0.533053
9 709 -0.061271 -0.534247
9 210 -0.140071 -0.533848
9 626 -0.0802015 -0.5331
9 627 -0.26429 -0.533641
9 667 -0.250051 -0.533525
1 717 0.240551 -0.328923
9 717 0.166176 -0.401818
9 227 -0.0784171 -0.394462
9 301 -0.105209 -0.393407
9 226 -0.0910204 -0.394053
9 344 -0.143503 -0.392165
9 695 0.0715289 -0.275996
9 12 -0.0287689 -0.272115
9 347 -0.00383927 -0.272738
9 14 -0.0742305 -0.269935
9 532 -0.0792123 -0.267775
9 23 0.301188 -0.238889
1 718 0.0978361 -0.169665
9 718 0.0142823 -0.223645
9 34 -0.0489611 -0.220954
1 719 0.2556 -0.14566
9 719 0.186336 -0.187194
1 720 -0.267543 -0.121844
9 720 -0.384052 -0.137109
9 555 0.239154 -0.0279639
9 642 -0.334457 -0.0580422
9 570 0.060804 -0.0642825
9 257 0.159229 0.00611344
9 706 -0.0659798 -0.00117943
1 721 0.0478501 -0.0233956
9 721 0.0126966 0.00977885
9 94 0.207565 0.0457336
9 113 -0.0039465 0.142932
9 588 0.305755 0.0325814
9 109 0.10017 0.0490983
9 119 -0.294416 0.0849276
9 593 0.168645 0.108234
1 722 0.13946 0.0610915
9 722 0.132737 0.128266
9 598 0.204263 0.130916
9 599 0.170767 0.134946
9 682 0.0944744 0.142391
9 146 0.0177487 0.212304
9 147 0.0261369 0.208339
9 608 0.0293696 0.196249
9 158 0.0290857 0.2353
9 292 -0.0474577 0.293467
10 622 -0.0607077 -0.575337
10 626 -0.0623915 -0.542544
10 667 -0.228873 -0.546357
10 226 -0.0768176 -0.404142
10 16 -0.0587006 -0.271148
10 238 -0.0565377 -0.252797
10 24 0.290546 -0.242766
1 453 0.180427 -0.171917
10 718 0.0242199 -0.232665
10 543 0.212487 -0.217399
10 719 0.196171 -0.197365
1 723 0.302134 -0.141001
10 723 0.241231 -0.192218
10 699 0.241311 -0.0774405
10 700 0.248312 -0.0715271
10 58 -0.270517 -0.0860093
10 63 -0.33015 -0.0823393
10 54 0.250047 -0.0431818
10 257 0.187567 -0.0310181
10 67 -0.0484477 -0.0455577
10 73 -0.0499023 -0.0378389
10 69 0.21847 -0.0200596
10 75 -0.0647797 -0.0340945
10 574 -0.0553471 -0.0256489
10 82 -0.0503559 -0.0263801
10 721 0.0342329 -0.0177175
10 105 -0.138226 0.0137082
10 111 -0.122073 0.0183297
10 113 0.0334736 0.0901267
10 119 -0.273441 0.050375
10 278 0.0343196 0.107824
10 120 0.0441232 0.110744
10 137 -0.00587313 0.158275
10 148 -0.0338666 0.182111
1 724 0.431172 0.11392
10 724 0.450021 0.143804
10 156 0.0216616 0.189581
10 707 0.105253 0.200937
1 725 0.42992 0.143318
10 725 0.458257 0.180752
10 684 0.250869 0.202008
10 163 0.290088 0.197798
10 177 -0.0371892 0.242843
10 181 -0.00315079 0.248047
11 622 -0.0170485 -0.512905
11 661 0.355821 -0.491311
11 662 0.340421 -0.491285
11 625 -0.0287796 -0.494988
11 202 -0.0209556 -0.494395
11 709 -0.00157399 -0.484093
11 629 0.206439 -0.360401
11 676 -0.279082 -0.351169
11 632 0.290641 -0.253237
11 530 0.250443 -0.25042
11 695 0.114468 -0.242444
11 12 0.0188652 -0.23884
11 532 -0.0271368 -0.23563
11 17 -0.0262855 -0.228103
11 634 -0.311808 -0.223317
11 28 0.227826 -0.202789
11 26 0.243688 -0.203279
11 537 0.155729 -0.199306
11 453 0.144714 -0.198281
11 540 -0.290824 -0.180256
11 543 0.245399 -0.183669
11 49 -0.306251 -0.129024
11 553 0.272396 -0.0452405
11 558 0.308469 -0.0433625
11 58 -0.205334 -0.0555845
11 644 0.037934 -0.0316535
11 645 0.252918 -0.0212739
11 572 -0.0709878 -0.0246143
11 314 0.243285 -0.0142959
11 66 0.283651 -0.0112346
11 72 0.252214 -0.00620912
11 574 0.0106341 -0.00583619
11 84 0.237614 0.00495715
11 97 0.147934 0.0159077
1 726 0.0444036 -0.00919494
11 726 0.0968463 0.0205923
11 105 -0.0714715 0.034768
11 648 -0.0836595 0.0360876
11 111 -0.0526764 0.0389192
11 102 0.271848 0.0409162
11 119 -0.200901 0.071947
11 722 0.227539 0.103887
1 282 -0.0732327 0.061675
11 128 0.229858 0.112158
11 599 0.266562 0.109003
11 682 0.193171 0.11644
11 157 -0.0755672 0.197694
11 707 0.18742 0.205777
11 685 0.373685 0.197746
11 654 0.316808 0.204827
11 291 0.207713 0.219008
11 615 0.219939 0.21795
11 178 0.296129 0.243033
11 686 0.184065 0.289659
12 657 -0.191152 -0.556907
1 727 -0.256098 -0.590877
12 727 -0.332627 -0.550786
12 658 -0.184165 -0.543846
12 622 -0.042119 -0.434819
12 192 0.0717305 -0.436264
12 200 0.0656477 -0.427658
12 625 -0.050909 -0.41728
12 344 -0.0908816 -0.285482
12 2 -0.311908 -0.247626
12 632 0.253486 -0.22919
12 530 0.21835 -0.223255
1 728 0.278041 -0.217548
12 728 0.201603 -0.220721
12 8 0.113022 -0.205189
1 729 -0.238941 -0.162388
12 729 -0.285897 -0.0990187
1 730 -0.318903 -0.145628
12 730 -0.357267 -0.0665407
12 700 0.331137 -0.0783327
12 57 0.302221 -0.0427891
1 731 -0.195948 -0.0655828
12 731 -0.139104 0.00632265
12 72 0.295892 -0.0249792
12 79 -0.12064 0.0240578
12 78 -0.0984672 0.0193746
12 80 0.0835957 -0.00172252
12 77 0.408202 -0.0498397
12 88 0.117879 0.00365617
12 102 0.316873 0.0174734
12 106 0.243714 0.0245994
12 118 0.202464 0.0775758
12 123 0.160214 0.105984
12 603 0.229386 0.135312
12 604 0.170926 0.156288
12 707 0.278287 0.170095
12 164 0.389508 0.154804
12 177 0.165505 0.221724
12 184 0.355838 0.223703
12 293 0.371739 0.220309
13 659 -0.279906 -0.591536
13 621 0.00797208 -0.535306
13 192 0.0522866 -0.460095
13 662 0.266743 -0.456785
13 624 0.160429 -0.454273
13 200 0.044949 -0.450465
13 202 -0.0731492 -0.449975
13 203 -0.0976839 -0.448447
13 207 -0.0824718 -0.438497
13 669 -0.269167 -0.435308
13 672 0.0605659 -0.343154
13 629 0.150618 -0.329578
13 630 0.0464366 -0.324352
13 2 -0.352493 -0.292687
13 632 0.240735 -0.229306
13 5 0.212656 -0.225769
13 695 0.0723867 -0.212703
13 19 -0.309742 -0.18226
13 719 0.187344 -0.150617
13 640 -0.313268 -0.0986583
13 559 -0.0503739 -0.0550161
13 63 -0.295256 -0.0344584
13 642 -0.280212 -0.0356472
13 67 -0.0181186 -0.0363886
13 572 -0.128289 -0.0317147
13 78 -0.187887 -0.0149908
13 80 0.00459081 -0.0228584
13 575 -0.00858687 -0.0172238
13 586 0.127603 0.000263376
13 105 -0.101835 0.0287462
13 106 0.162138 0.0145621
1 732 -0.0992086 0.02697
13 732 0.000679596 0.0704663
1 733 -0.102624 0.0665301
13 733 0.00152018 0.111793
13 604 0.0374072 0.134167
13 607 0.0443375 0.137483
13 608 0.113741 0.130071
13 151 0.0664491 0.143458
13 157 -0.103898 0.165325
13 163 0.327774 0.14291
13 167 0.232862 0.158974
13 615 0.185086 0.166698
13 619 0.0601754 0.20147
13 292 0.0442119 0.204989
13 181 0.0537897 0.203926
13 178 0.26023 0.184506
13 186 0.109875 0.236796
13 656 0.242458 0.427121
14 657 -0.222471 -0.578198
14 727 -0.368268 -0.57761
14 659 -0.281277 -0.564141
14 660 -0.314414 -0.56402
14 625 -0.0803412 -0.431238
14 202 -0.0739441 -0.43155
14 632 0.232305 -0.227752
14 7 0.140512 -0.21501
14 13 0.144124 -0.207685
1 734 -0.140077 -0.202377
14 734 -0.104992 -0.145172
14 28 0.179066 -0.177922
14 700 0.264411 -0.0782435
14 559 -0.0258443 -0.033346
14 711 -0.249873 -0.0139414
14 78 -0.162233 0.00734593
14 574 0.0020896 0.0015431
14 701 -0.048485 0.0287061
1 735 -0.0740575 -0.0209972
14 735 0.0666674 0.0464704
14 94 0.26806 0.00166017
14 703 0.365583 -0.00684732
14 120 0.132423 0.0806477
14 123 0.0641736 0.102576
14 593 0.217257 0.060044
14 138 0.106466 0.136676
14 137 0.0836281 0.139347
14 603 0.142042 0.135976
14 604 0.0754825 0.153375
14 180 0.0914448 0.224869
14 181 0.0982151 0.223405
2 736 0.443137 -0.577256
3 736 0.469243 -0.537565
2 737 0.309584 -0.573915
3 737 0.336152 -0.539862
2 738 0.313566 -0.573753
3 738 0.339688 -0.539938
2 739 0.283264 -0.572544
3 739 0.311247 -0.539953
2 740 0.293784 -0.572488
3 740 0.321243 -0.539443
2 741 0.171089 -0.571201
3 741 0.1984 -0.543705
2 742 0.182649 -0.571673
3 742 0.21026 -0.543577
2 743 0.0116962 -0.570536
3 743 0.0418052 -0.550514
2 744 0.0322587 -0.570725
3 744 0.0618987 -0.549768
2 745 0.0545047 -0.570298
3 745 0.0845344 -0.548573
2 746 -0.175101 -0.568919
3 746 -0.143342 -0.557334
2 747 -0.0723221 -0.568651
3 747 -0.041984 -0.553393
2 748 -0.215568 -0.567721
3 748 -0.183073 -0.558268
2 749 -0.195927 -0.567696
3 749 -0.164174 -0.557989
2 750 -0.320289 -0.566595
3 750 -0.287164 -0.562517
2 751 0.314004 -0.560469
3 751 0.339257 -0.526283
2 752 0.0332919 -0.556575
3 752 0.061684 -0.536426
2 753 0.0390864 -0.557065
3 753 0.0680091 -0.536563
3 188 -0.0382623 -0.540678
2 754 -0.0526364 -0.556039
3 754 -0.0228529 -0.540117
2 755 -0.138578 -0.554557
3 755 -0.107966 -0.542762
3 190 -0.0810713 -0.541696
2 756 -0.294134 -0.461151
3 756 -0.270155 -0.457818
2 622 0.0607095 -0.44454
3 195 0.436847 -0.393236
3 193 0.453641 -0.393056
3 196 0.290185 -0.400162
2 757 0.285297 -0.429157
3 757 0.303242 -0.398912
2 625 0.0511391 -0.428303
3 199 0.275602 -0.399138
2 758 -0.298375 -0.426976
3 758 -0.274639 -0.425185
2 297 -0.177764 -0.426373
2 299 -0.0426645 -0.419382
2 759 -0.0355047 -0.419203
3 759 -0.016338 -0.403985
2 760 -0.0246946 -0.419256
3 760 -0.00411183 -0.403809
3 216 -0.100414 -0.407524
3 218 -0.145933 -0.408034
2 761 0.416646 -0.411159
3 761 0.433566 -0.375474
2 762 -0.384696 -0.305668
3 762 -0.371771 -0.308247
2 763 -0.321557 -0.305744
3 763 -0.308514 -0.304873
3 233 -0.173274 -0.297645
3 231 -0.155445 -0.29632
2 628 0.335196 -0.304745
3 220 0.408545 -0.271016
3 222 0.243517 -0.277573
2 2 -0.203398 -0.295126
2 764 -0.360992 -0.196715
3 764 -0.356068 -0.198279
2 19 -0.176983 -0.19352
3 6 0.251604 -0.163558
2 305 -0.19206 -0.157541
2 765 0.0360551 -0.15288
3 765 0.0414808 -0.136102
3 33 0.111158 -0.131658
3 241 0.143357 -0.129931
3 239 0.286535 -0.120653
2 766 -0.268869 -0.144564
3 766 -0.264032 -0.142387
3 544 -0.251086 -0.141692
2 767 0.225524 -0.133854
3 767 0.233045 -0.109448
2 768 -0.206066 -0.125102
3 768 -0.198431 -0.1203
2 769 0.0442467 -0.100907
3 769 0.0508061 -0.0853038
3 549 0.069129 -0.0837553
2 770 0.237295 -0.0774805
3 770 0.268669 -0.0570284
3 559 -0.0355102 -0.0665047
2 642 -0.217422 -0.0728314
3 255 -0.196367 -0.0695243
2 771 -0.0717964 -0.0724661
3 771 -0.0536494 -0.0654201
3 561 -0.0506431 -0.0653606
3 555 0.288288 -0.0489641
3 51 0.284565 -0.0490649
2 772 0.264984 -0.0684514
3 772 0.297957 -0.0476299
3 59 -0.014134 -0.0536035
2 646 -0.00396148 -0.051059
3 259 -0.00971068 -0.0416025
2 314 0.163864 -0.0412779
3 573 -0.00188915 -0.0261065
3 574 -0.0120604 -0.0248288
2 773 -0.10094 -0.0333836
3 773 -0.0883551 -0.0262166
3 582 0.00326516 -0.008237
2 774 0.35123 -0.00337541
3 774 0.3677 0.0242251
3 587 0.0897988 0.0196122
2 775 -0.405559 0.00636276
3 775 -0.394497 -0.00199216
3 269 0.137014 0.0231367
2 776 -0.39412 0.00740163
3 776 -0.382482 -0.000565875
2 777 -0.0456176 0.0113477
3 777 -0.00737069 0.0167395
3 106 0.170631 0.0423087
2 778 -0.0872425 0.0624485
3 778 -0.0588724 0.0673094
3 133 0.000186312 0.080107
3 137 -0.0251678 0.096392
3 142 -0.0397335 0.100115
2 779 -0.0861172 0.0951171
3 779 -0.0588219 0.10101
2 780 -0.0264494 0.100406
3 780 0.00456919 0.10938
2 154 -0.111008 0.114883
2 781 -0.0763571 0.117571
3 781 -0.049374 0.123976
2 161 -0.102871 0.130462
2 650 -0.00389629 0.135369
2 782 -0.0212512 0.139456
3 782 0.00617833 0.150274
2 332 -0.0248994 0.141246
2 651 -0.0282102 0.143086
2 783 -0.00752641 0.14653
3 783 0.0210954 0.157847
2 784 -0.0152638 0.14825
3 784 0.010638 0.159247
2 785 -0.0215494 0.149622
3 785 0.00596384 0.160379
3 174 -0.044407 0.165308
2 786 0.0454277 0.159479
3 786 0.076663 0.173849
2 787 0.0920337 0.161627
3 787 0.127319 0.178148
3 290 0.139895 0.1796
2 655 -0.0549631 0.164936
2 181 -0.0684947 0.167446
2 336 -0.0207996 0.207219
3 294 0.0323588 0.220661
3 293 0.11973 0.228807
2 788 0.24594 0.239776
3 788 0.291141 0.26578
4 736 0.41519 -0.57252
2 789 0.424226 -0.576118
4 789 0.397421 -0.572829
2 790 0.299893 -0.573292
4 790 0.280579 -0.575938
4 737 0.289623 -0.576184
4 738 0.293757 -0.576196
4 739 0.267264 -0.576254
2 791 0.137229 -0.571164
4 791 0.126209 -0.582124
4 741 0.155273 -0.57991
4 742 0.167198 -0.580189
4 744 0.0165232 -0.586901
4 745 0.0390328 -0.585501
2 792 -0.0888857 -0.568588
4 792 -0.108847 -0.591585
4 751 0.293655 -0.562384
2 793 0.18412 -0.558359
4 793 0.168559 -0.566606
4 753 0.0226096 -0.572714
2 794 -0.151861 -0.554831
4 794 -0.17093 -0.580895
4 755 -0.161502 -0.580223
4 190 -0.131927 -0.5786
4 756 -0.334748 -0.487799
4 192 0.16098 -0.444455
4 196 0.249509 -0.433691
4 757 0.261565 -0.432715
2 623 0.294112 -0.42969
2 795 0.0199574 -0.427899
4 795 -0.00394807 -0.440784
4 200 0.150999 -0.435195
2 796 0.193197 -0.428016
4 796 0.171733 -0.434997
4 217 -0.206899 -0.438241
4 215 -0.116955 -0.435263
2 797 -0.269153 -0.310708
4 797 -0.312244 -0.327457
4 234 -0.320834 -0.321809
4 232 -0.244915 -0.320238
4 230 -0.137276 -0.31637
2 798 0.279322 -0.303341
4 798 0.248425 -0.308105
4 221 0.254242 -0.308127
4 2 -0.241351 -0.309181
2 799 -0.222362 -0.194777
4 799 -0.265449 -0.202954
2 634 -0.198477 -0.193696
2 347 0.118 -0.191268
2 800 0.380692 -0.182618
4 800 0.343577 -0.187054
2 801 -0.302646 -0.159974
4 801 -0.339469 -0.16715
4 541 -0.321743 -0.166848
4 33 0.0794381 -0.157237
4 239 0.25109 -0.154032
4 766 -0.308605 -0.151425
2 802 0.230868 -0.133695
4 802 0.206842 -0.14069
4 548 -0.129063 -0.138107
4 249 -0.251049 -0.131296
2 803 -0.0462751 -0.0748512
4 803 -0.024359 -0.0833158
4 642 -0.226294 -0.0774655
4 569 -0.208083 -0.0774269
4 60 -0.19708 -0.0774096
4 61 -0.188405 -0.0773462
2 804 0.171177 -0.0726493
4 804 0.22546 -0.0846731
4 58 -0.174839 -0.0770962
4 558 0.291065 -0.0780428
4 90 -0.378876 -0.0496425
2 575 0.00118022 -0.0277091
4 105 -0.0844146 -0.00563626
2 116 -0.0266142 0.0167557
2 805 0.322593 0.0299581
4 805 0.359347 0.0158747
4 280 0.316483 0.0756242
4 779 -0.0129735 0.0914588
2 806 0.00372289 0.142929
4 806 0.0825058 0.138268
4 784 0.0663768 0.143698
4 171 0.034006 0.152388
4 173 0.0193197 0.154729
4 786 0.132628 0.153086
4 616 0.0398565 0.158775
4 655 0.0277529 0.163528
4 288 0.299879 0.154252
2 807 -0.067348 0.167271
4 807 0.0186582 0.165292
4 182 0.222112 0.181594
2 808 -0.16262 0.19436
4 808 -0.0660294 0.197623
2 809 -0.0324851 0.207065
4 809 0.0759406 0.204666
4 294 0.100585 0.204707
4 293 0.194757 0.204796
4 296 0.0891111 0.238214
5 736 0.423572 -0.57876
2 810 0.336478 -0.575273
5 810 0.32456 -0.580853
5 739 0.273403 -0.580942
5 791 0.130168 -0.585705
5 742 0.174957 -0.5845
2 811 0.199186 -0.571473
5 811 0.191027 -0.583403
5 744 0.0235219 -0.589724
5 745 0.0463998 -0.588258
2 812 0.443618 -0.562157
5 812 0.423872 -0.564297
5 751 0.301949 -0.566831
2 813 0.0575097 -0.558123
5 813 0.0498123 -0.576046
5 793 0.176854 -0.570555
2 814 0.400014 -0.430313
5 814 0.37956 -0.434043
2 815 0.297216 -0.407476
5 815 0.281704 -0.414541
5 763 -0.365878 -0.315561
5 232 -0.23807 -0.315047
5 233 -0.205644 -0.314275
5 230 -0.128168 -0.312922
2 816 0.132584 -0.304477
5 816 0.118297 -0.310672
2 817 0.261244 -0.303415
5 817 0.244896 -0.30942
2 818 0.0342819 -0.292803
5 818 0.0189734 -0.299828
2 694 0.391501 -0.259193
2 819 0.137353 -0.208147
5 819 0.119373 -0.211682
2 820 -0.290687 -0.195472
5 820 -0.332201 -0.195591
5 799 -0.258307 -0.195564
2 390 0.0751182 -0.193253
2 821 -0.337358 -0.16118
5 821 -0.387237 -0.157645
5 801 -0.347858 -0.157418
5 239 0.262259 -0.154977
5 248 -0.203497 -0.139959
2 822 0.204418 -0.0968109
5 822 0.27432 -0.107299
5 569 -0.193983 -0.0678886
2 823 -0.0802913 -0.0725478
5 823 -0.0323835 -0.0738878
2 68 -0.00545205 -0.0491988
2 824 0.0656484 -0.048917
5 824 0.108621 -0.0525081
2 645 0.176114 -0.0471068
2 825 -0.383586 -0.0241542
5 825 -0.384854 -0.010619
2 826 -0.352913 -0.0236881
5 826 -0.335993 -0.0116879
2 827 0.165513 -0.00611985
5 827 0.238672 -0.0139723
5 262 0.410652 -0.0176004
5 272 0.358294 0.0158389
2 703 0.388131 0.031285
5 138 0.0763257 0.0869487
2 828 -0.120996 0.0922545
5 828 -0.00368795 0.0992872
5 782 0.0975452 0.14279
5 786 0.16977 0.159511
2 829 -0.0911201 0.164127
5 829 0.0327134 0.173315
2 684 0.200522 0.166464
5 294 0.135059 0.212905
5 620 0.216061 0.211126
5 293 0.231538 0.210651
2 830 -0.230591 0.222741
5 830 -0.0228169 0.245263
6 759 0.168162 -0.539079
2 831 -0.272636 -0.194746
6 831 -0.123137 -0.338221
6 634 -0.0485676 -0.319425
2 832 -0.192771 -0.1935
6 832 -0.043232 -0.317979
6 766 -0.132999 -0.271111
6 544 -0.119619 -0.266674
2 833 -0.256865 -0.0669508
6 833 -0.16017 -0.143279
6 87 0.229736 0.136606
6 587 0.12553 0.0638551
2 834 -0.243945 0.012115
6 834 -0.185798 -0.0191059
6 805 0.378428 0.187092
2 835 0.372491 0.0310613
6 835 0.43491 0.207186
2 836 0.169553 0.0479619
6 836 0.198117 0.162948
2 837 -0.149398 0.0743935
6 837 -0.131702 0.0993575
6 279 0.160007 0.204618
6 600 -0.134845 0.170856
6 779 -0.0996055 0.176404
6 146 -0.0190288 0.213738
6 602 0.219584 0.274193
2 838 0.213599 0.133084
6 838 0.188642 0.306813
6 650 -0.0311232 0.24226
6 612 -0.0396561 0.242689
6 171 -0.0837531 0.253354
6 291 0.0209505 0.292005
6 787 0.0503116 0.304454
6 164 0.126739 0.338742
2 839 -0.296536 0.177355
6 839 -0.303805 0.197909
6 808 -0.200021 0.262909
6 294 -0.0636299 0.336315
6 293 0.0150214 0.373058
2 840 -0.302626 0.391395
6 840 -0.390652 0.463268
7 205 0.0807298 -0.562639
2 841 -0.246359 -0.304693
7 841 -0.136365 -0.437675
7 634 -0.094356 -0.312786
7 540 -0.0875474 -0.267893
7 822 0.303463 -0.0159771
2 842 -0.0112527 -0.0835713
7 842 0.079788 -0.111704
7 255 -0.123906 -0.123816
2 843 0.192177 -0.0596512
7 843 0.275119 0.0574797
7 71 -0.00770156 -0.0315553
2 844 -0.0479482 -0.0523753
7 844 0.0232824 -0.0165051
7 259 0.0439267 -0.0166566
7 645 0.253267 0.0746536
7 76 0.0416458 -0.00731362
7 261 0.0544588 -0.00531202
7 576 -0.0387427 -0.0272408
7 95 0.261322 0.120733
7 275 0.194885 0.0931536
2 845 0.186538 0.0311838
7 845 0.25195 0.142542
2 846 -0.15189 0.0420001
7 846 -0.0959208 0.0700031
7 837 -0.101627 0.121242
2 847 -0.111116 0.0753813
7 847 -0.0755694 0.190456
7 147 0.0491288 0.221423
7 650 0.0281572 0.254049
7 181 -0.0427766 0.280891
2 848 0.118199 0.190293
7 848 0.135968 0.354247
7 808 -0.139589 0.298251
7 293 0.0997162 0.380318
2 849 -0.0203928 0.30017
7 849 -0.0266441 0.48016
2 713 -0.311913 0.381347
7 840 -0.294115 0.534653
2 850 -0.281022 0.395218
7 850 -0.277169 0.54394
2 851 -0.0572614 0.395979
7 851 -0.0812195 0.598227
2 210 0.00836239 -0.556929
8 225 0.153661 -0.430503
8 628 0.424163 -0.407613
8 226 0.0760878 -0.434803
8 223 0.211308 -0.423331
8 7 0.322409 -0.284605
8 530 0.397266 -0.279636
8 556 0.0121319 -0.128873
8 568 -0.241751 -0.13873
8 833 -0.274359 -0.225786
8 844 -0.0537616 -0.0413795
8 259 -0.0330575 -0.043103
8 70 0.279695 0.0513541
8 577 -0.102243 -0.0401252
8 266 -0.0543799 -0.0229396
8 87 0.209347 0.0664617
8 92 0.246419 0.0771439
8 94 0.238804 0.0791491
8 103 0.231492 0.093668
8 272 0.322381 0.0809403
8 805 0.341829 0.0840205
2 852 0.343932 0.0301921
8 852 0.364662 0.0866
8 99 0.377078 0.088459
8 100 0.383196 0.0889953
8 836 0.173735 0.0998071
8 614 -0.0264512 0.241548
8 166 0.102322 0.276193
8 167 0.113461 0.277893
9 814 0.29848 -0.549667
9 193 0.334993 -0.549786
9 202 -0.0825787 -0.544873
9 205 -0.235464 -0.54488
2 853 0.419233 -0.420633
9 853 0.317507 -0.537925
9 213 -0.242351 -0.533728
2 854 -0.0924249 -0.418399
9 854 -0.270181 -0.533268
9 761 0.314168 -0.52726
2 855 0.284134 -0.311968
9 855 0.173096 -0.412249
9 628 0.224557 -0.405522
9 220 0.286906 -0.408441
9 694 0.278147 -0.358621
9 531 -0.0964113 -0.267422
9 235 0.261519 -0.289023
9 533 -0.128221 -0.265319
2 856 0.021448 -0.191494
9 856 -0.111088 -0.26644
9 6 0.130996 -0.279543
9 535 -0.147064 -0.257806
9 11 0.165937 -0.273994
9 800 0.262646 -0.279619
9 569 -0.314408 -0.059201
9 843 0.173827 -0.0168862
9 844 -0.104016 -0.016531
9 574 -0.0774549 0.00620978
9 269 0.0790579 0.025417
9 805 0.282321 0.0346073
2 413 0.334702 0.0589124
9 137 -0.0385559 0.203371
2 416 0.210795 0.106661
9 293 0.134932 0.324471
10 229 -0.195647 -0.403486
10 223 0.0491541 -0.406416
2 857 -0.0199621 -0.192222
10 857 -0.14763 -0.274471
10 533 -0.118536 -0.275611
10 856 -0.0998313 -0.276002
10 7 0.160483 -0.286361
10 530 0.224569 -0.290395
10 5 0.234041 -0.290309
10 800 0.267382 -0.283304
10 552 -0.215444 -0.088422
10 550 -0.000715928 -0.150903
10 57 0.199836 -0.0360793
10 834 -0.294377 0.051795
10 852 0.324709 0.00504269
10 100 0.338912 0.00377972
10 835 0.349479 0.00268252
2 858 0.437937 0.0336337
10 858 0.405986 -0.00104607
10 593 0.194496 0.0755911
10 604 -0.0216395 0.168973
10 416 0.238636 0.122206
10 602 0.255752 0.122067
10 147 0.0582072 0.166697
2 724 0.433692 0.147533
10 291 0.122978 0.215206
10 288 0.266257 0.199946
10 178 0.212279 0.24308
10 788 0.330696 0.286132
11 196 0.202145 -0.492599
11 208 -0.0107279 -0.482936
11 761 0.337006 -0.472347
11 232 -0.328825 -0.351428
11 220 0.31321 -0.364962
11 227 -0.021762 -0.35571
2 859 0.24137 -0.303365
11 859 0.168464 -0.359765
11 10 0.0571612 -0.240028
11 247 0.36087 -0.177961
2 860 0.446693 -0.0929403
11 860 0.389561 -0.1428
11 559 -0.0135992 -0.0445995
11 57 0.262569 -0.0245588
11 74 0.267941 -0.00466431
11 70 0.322051 -0.0151209
11 826 -0.375435 0.038609
11 87 0.275001 0.0127836
11 86 0.309335 0.0069605
11 776 -0.400725 0.0911106
11 113 0.120143 0.0920067
11 275 0.175324 0.0360858
11 836 0.233921 0.0624169
11 279 0.236079 0.103185
2 417 0.177676 0.104189
11 147 0.138451 0.172688
11 610 0.101725 0.18836
11 158 0.143652 0.198931
12 739 0.154033 -0.572543
12 791 0.0228836 -0.566854
2 861 0.149773 -0.571596
12 861 0.0343792 -0.567507
12 743 -0.102009 -0.561645
12 744 -0.0806133 -0.562777
12 746 -0.307998 -0.553385
12 792 -0.208675 -0.556254
12 748 -0.35676 -0.550064
2 862 0.176552 -0.558138
12 862 0.0594755 -0.555732
12 752 -0.0780318 -0.547453
2 863 -0.146218 -0.555579
12 863 -0.272861 -0.539133
12 189 -0.246754 -0.540268
12 196 0.152719 -0.436102
12 198 0.113325 -0.431467
12 19 -0.269326 -0.143326
12 822 0.292925 -0.0932051
12 551 0.268725 -0.0881791
2 864 -0.150811 -0.0537656
12 864 -0.103073 0.00998205
12 571 0.343958 -0.0544995
12 108 0.205802 0.0610197
12 268 0.249058 -0.000611068
12 586 0.206141 0.0124198
12 94 0.332903 -0.00155616
12 836 0.283737 0.0442609
12 828 0.115642 0.163846
12 611 0.204231 0.170019
12 786 0.285423 0.183061
12 290 0.332926 0.17012
12 293 0.363075 0.221782
13 199 0.124525 -0.452229
13 854 -0.235081 -0.435936
13 230 -0.24022 -0.3096
13 819 0.0204434 -0.224778
13 25 0.235699 -0.185501
13 550 0.0104861 -0.105259
13 251 0.236438 -0.0991917
13 60 -0.25881 -0.0381916
13 561 -0.0647434 -0.0501224
13 71 -0.0797025 -0.0285756
13 62 0.278049 -0.0591014
13 574 -0.0196855 -0.0171533
13 108 0.0676778 0.0325497
13 268 0.175033 -0.00987465
13 852 0.326016 -0.00678035
13 836 0.196938 0.0361047
2 865 -0.0640453 0.0819066
13 865 0.0276203 0.114812
13 174 0.0473861 0.195291
13 166 0.222358 0.16058
13 288 0.308689 0.146232
13 808 -0.0334193 0.252724
13 620 0.211645 0.219015
14 791 -0.00275098 -0.579517
2 866 0.178218 -0.571197
14 866 0.0386071 -0.578831
14 744 -0.10865 -0.57943
14 745 -0.0856113 -0.578549
14 191 0.00341455 -0.517295
14 622 -0.070634 -0.448123
14 196 0.130241 -0.441173
14 208 -0.0631172 -0.420826
14 5 0.206011 -0.223436
14 249 -0.324941 -0.0741251
14 860 0.335263 -0.14001
14 252 0.356306 -0.102625
14 53 0.256686 -0.0499184
2 442 -0.0119062 -0.0324099
14 826 -0.369658 0.078093
14 268 0.191213 0.000268047
14 95 0.241755 0.00526352
14 275 0.163336 0.0283599
14 805 0.325097 0.000358142
14 588 0.347024 -0.0021664
14 279 0.224732 0.0815475
14 607 0.0850328 0.157497
14 157 -0.0585267 0.189218
14 175 0.0698794 0.211667
14 829 0.070858 0.222748
14 287 0.374943 0.146181
2 867 -0.211526 0.180795
14 867 -0.021808 0.274051
3 868 -0.022748 -0.553311
4 868 -0.0730489 -0.590369
3 869 -0.0731747 -0.541554
4 869 -0.124603 -0.578544
3 870 -0.062242 -0.541365
4 870 -0.113473 -0.578367
3 871 -0.116271 -0.408521
4 871 -0.171333 -0.437439
3 872 -0.0888376 -0.407462
4 872 -0.13994 -0.436244
3 873 -0.0803734 -0.407233
4 873 -0.133899 -0.436199
3 340 -0.064586 -0.406251
3 667 -0.0562009 -0.406004
3 874 -0.048438 -0.405262
4 874 -0.0929907 -0.434923
4 761 0.385863 -0.412116
3 232 -0.195966 -0.299911
3 230 -0.0799367 -0.29282
3 0 0.432225 -0.270039
3 875 -0.223508 -0.189015
4 875 -0.272641 -0.201975
3 876 -0.0922286 -0.18152
4 876 -0.092135 -0.199229
3 877 0.0105218 -0.175721
4 877 0.00542746 -0.197932
4 6 0.21241 -0.195713
3 878 -0.123365 -0.146972
4 878 -0.158235 -0.162244
3 879 -0.120294 -0.146819
4 879 -0.115003 -0.161076
3 248 -0.171236 -0.135963
4 36 0.0253026 -0.158007
3 32 0.0930686 -0.132535
3 880 -0.110292 -0.12355
4 880 -0.10988 -0.137957
4 640 -0.23672 -0.131029
3 881 0.00944914 -0.115035
4 881 0.0239202 -0.134905
4 306 0.055044 -0.134801
3 882 0.0845447 -0.0822949
4 882 0.0688557 -0.106028
3 883 -0.20207 -0.0701943
4 883 -0.217461 -0.0774843
4 60 -0.205522 -0.0774769
3 884 -0.147091 -0.0663917
4 884 -0.142176 -0.0762998
3 680 -0.045764 -0.065341
3 360 -0.126857 -0.0645804
3 885 -0.099602 -0.0629657
4 885 -0.1026 -0.076023
4 770 0.288135 -0.0898433
4 254 0.223738 -0.0842397
3 356 0.23644 -0.0532777
4 555 0.307825 -0.083627
3 886 -0.187995 -0.0441543
4 886 -0.186401 -0.0512359
3 263 -0.156706 -0.0426087
3 887 0.056158 -0.0232928
4 887 0.0760333 -0.0438333
4 318 -0.0139132 -0.0380515
3 575 0.0160515 -0.0154223
4 319 -0.0491665 -0.0194814
4 101 -0.0687564 -0.0106866
4 321 -0.0517288 0.00409771
4 587 0.124134 -0.00304907
3 681 0.341722 0.0229479
3 96 0.156301 0.0242437
3 120 0.0127383 0.033999
3 124 -0.054012 0.0541565
4 324 0.0185606 0.0586802
4 322 0.414353 0.0765156
4 329 0.0181559 0.108332
4 161 -0.0255872 0.127914
3 292 -0.0566155 0.173674
3 292 -0.050483 0.174922
3 655 -0.0287439 0.174741
4 290 0.186075 0.153385
4 167 0.208712 0.15349
3 888 0.190087 0.184366
4 888 0.24686 0.15408
4 186 0.041509 0.203141
3 686 0.0441502 0.222475
3 889 -0.137446 0.233335
4 889 -0.0948078 0.232277
4 337 0.2985 0.220019
4 788 0.404872 0.22644
3 890 -0.102817 0.402042
4 890 0.0198792 0.403412
5 758 -0.335664 -0.449238
5 340 -0.10103 -0.433809
5 875 -0.271008 -0.194591
5 634 -0.226091 -0.19445
5 876 -0.0707509 -0.194132
3 801 -0.304693 -0.159833
3 891 -0.169618 -0.150382
5 891 -0.203385 -0.156102
5 879 -0.0969828 -0.155099
3 892 -0.104058 -0.146096
5 892 -0.0818984 -0.155288
3 36 0.0104525 -0.138461
3 893 0.0807055 -0.133664
5 893 0.0609471 -0.154738
5 32 0.0848844 -0.154352
3 894 0.156471 -0.128729
5 894 0.137789 -0.154211
5 880 -0.087907 -0.131388
5 768 -0.208262 -0.121629
5 307 0.0654428 -0.13115
5 549 0.0763321 -0.102664
5 882 0.0868335 -0.102597
5 360 -0.10444 -0.0680216
5 885 -0.0823561 -0.0680817
5 553 0.266371 -0.0854211
5 356 0.288953 -0.0832093
5 51 0.329561 -0.0822838
3 895 -0.0781203 -0.0451237
5 895 -0.0516881 -0.0511377
5 312 0.0776749 -0.0594636
3 68 0.0127725 -0.0379074
5 643 0.197124 -0.0570128
5 577 -0.0505419 -0.0239444
5 271 0.0415888 -0.0176098
5 776 -0.385955 0.023005
3 827 0.192222 0.012282
5 113 0.0951826 0.0051931
3 272 0.320935 0.0540533
5 132 0.0332718 0.0672972
5 129 0.0772257 0.0645957
3 896 -0.010895 0.0780368
5 896 0.0737282 0.0718816
5 137 0.0585431 0.0919753
5 283 0.0674576 0.095222
3 897 -0.0373042 0.113655
5 897 0.0424009 0.110182
5 322 0.405866 0.0759613
5 329 0.0532326 0.117136
5 781 0.0334087 0.122159
5 784 0.102695 0.151314
3 829 -0.0611554 0.172402
5 292 0.0439109 0.17499
3 421 0.178957 0.182968
5 654 0.30997 0.156917
3 898 0.093248 0.193962
5 898 0.194392 0.17845
5 186 0.0822774 0.212719
5 335 0.163687 0.213026
6 219 0.413532 -0.368058
6 19 -0.0248499 -0.313961
6 876 -0.0371167 -0.176509
6 16 0.22327 -0.247097
6 90 -0.259725 -0.140872
6 71 -0.0179128 -0.0390831
6 886 -0.115337 -0.0967149
6 259 0.0295055 -0.0188623
3 899 -0.173102 -0.0332375
6 899 -0.106422 -0.0762273
6 76 0.026575 -0.00951077
3 900 0.160753 -0.0319606
6 900 0.168205 0.0791855
6 314 0.206284 0.092375
6 577 -0.0312542 -0.025342
6 70 0.307033 0.136487
3 901 -0.0668114 0.0699139
6 901 -0.107902 0.154448
6 145 -0.0834326 0.181046
3 902 -0.00225872 0.154622
6 902 -0.0624067 0.245456
6 162 0.175517 0.359609
3 903 0.154659 0.208354
6 903 0.0585215 0.354214
3 433 0.14676 0.23226
3 904 0.0925882 0.235494
6 904 0.00808741 0.343479
7 300 -0.0778615 -0.56552
7 763 -0.215391 -0.448191
7 234 -0.167347 -0.442706
7 230 0.0343531 -0.418142
7 226 0.191022 -0.40036
7 764 -0.259249 -0.337851
7 21 -0.155701 -0.321364
7 8 0.362464 -0.249938
7 42 -0.132555 -0.275842
7 59 0.0404752 -0.0318945
7 895 -0.02247 -0.0392117
7 886 -0.121927 -0.0794583
7 67 0.0496479 -0.0179103
3 905 -0.0218526 -0.0354819
7 905 0.0306644 -0.0119599
7 73 0.0468462 -0.0109637
7 899 -0.109747 -0.0595921
7 643 0.192279 0.0637843
3 906 -0.0307314 -0.0281488
7 906 0.0211253 -0.00760283
7 56 0.302516 0.0829157
7 86 0.320647 0.121534
3 907 0.306532 0.0529064
7 907 0.36963 0.134176
7 272 0.394135 0.140045
7 779 -0.051536 0.19856
3 608 0.0464108 0.125747
7 158 0.0382257 0.252698
7 171 -0.0225404 0.272901
3 908 -0.351344 0.165565
7 908 -0.323872 0.225273
7 898 0.08225 0.324452
7 686 0.0238816 0.357958
7 889 -0.149583 0.345948
3 909 0.190955 0.37347
7 909 0.113511 0.585077
3 910 -0.30214 0.380736
7 910 -0.321739 0.512065
7 890 -0.158753 0.570811
8 763 -0.35382 -0.469706
8 234 -0.300906 -0.465724
8 233 -0.195887 -0.456635
8 231 -0.174138 -0.455127
8 301 0.0608177 -0.435153
8 629 0.362132 -0.411177
8 9 0.196766 -0.295767
8 16 0.0800563 -0.298557
8 238 0.0809055 -0.279728
8 893 0.0974908 -0.253318
8 244 0.120383 -0.25074
8 30 0.187829 -0.244131
8 880 -0.144768 -0.127578
8 883 -0.226486 -0.137301
8 895 -0.103141 -0.059622
8 886 -0.214514 -0.0918626
8 905 -0.0457189 -0.0378063
8 900 0.139634 0.0276515
8 57 0.203815 0.0247965
8 55 0.21517 0.027884
8 66 0.224747 0.0437838
8 74 0.202828 0.0473743
8 315 0.272312 0.0507029
3 409 -0.0538011 -0.00636362
8 648 -0.124398 -0.00762011
8 112 -0.0194757 0.135473
8 97 0.111009 0.023244
8 120 -0.0372629 0.153424
8 907 0.300363 0.0780531
8 132 -0.0910135 0.15741
3 911 -0.0862298 0.0896082
8 911 -0.134982 0.18197
8 782 -0.0391835 0.237251
8 653 0.0978827 0.275331
8 898 0.0439353 0.29575
9 874 -0.236802 -0.533242
9 629 0.171118 -0.402656
3 531 0.0379118 -0.175269
9 5 0.230445 -0.285799
9 564 -0.216291 -0.0359074
9 643 0.0702623 -0.0642355
9 314 0.149914 0.0107016
9 577 -0.155909 0.00741466
9 315 0.233497 0.0102814
9 87 0.183224 0.038629
9 95 0.1736 0.0478623
9 907 0.246461 0.0372103
9 323 -0.0358604 0.189191
9 282 -0.0571848 0.186399
9 283 -0.026704 0.209409
3 912 0.131128 0.23097
9 912 0.142208 0.324216
10 193 0.342196 -0.551003
10 761 0.321524 -0.529423
10 629 0.18039 -0.408306
10 243 0.0154791 -0.232742
10 241 0.0356229 -0.233191
3 913 0.223307 -0.109763
10 913 0.123883 -0.212782
10 356 0.223076 -0.0562398
10 71 -0.113717 -0.0418466
10 316 -0.0774461 -0.0360377
10 53 0.225489 -0.0431147
10 643 0.0878679 -0.0859569
10 409 -0.103539 -0.00625192
10 97 0.088264 -0.00205826
10 123 -0.0293024 0.121174
10 778 -0.0454403 0.134149
10 282 -0.0254226 0.140626
10 283 0.00543387 0.163931
10 157 -0.159596 0.185669
3 149 -0.0194527 0.121731
10 322 0.347471 0.0863709
10 608 0.0672928 0.169777
10 330 0.0786596 0.167861
10 158 0.0617736 0.193077
10 650 0.0534556 0.198763
10 786 0.107479 0.216724
10 292 -0.011709 0.249071
10 888 0.215982 0.205892
10 898 0.132775 0.239561
3 914 0.373943 0.201293
10 914 0.376905 0.189619
10 295 -0.105608 0.311157
11 300 -0.328388 -0.487656
3 915 0.208868 -0.279277
11 915 0.125211 -0.359523
11 63 -0.267669 -0.0511909
3 251 0.251573 -0.0718696
11 255 -0.23729 -0.0533784
11 310 0.304619 -0.0594543
11 52 0.253216 -0.038063
11 263 -0.172563 -0.0199744
11 112 0.145279 0.0910147
11 115 0.267407 0.0536717
11 137 0.0826481 0.166153
11 279 0.237777 0.103105
11 283 0.0897207 0.16901
3 916 -0.0374391 0.105705
11 916 0.0644578 0.172694
11 897 0.0618089 0.177354
11 326 0.434184 0.138969
3 863 -0.117844 -0.543733
12 263 -0.112703 0.0228312
12 82 0.0737097 0.00652118
12 409 0.0227435 0.0354428
12 648 -0.028051 0.0563724
12 118 0.206337 0.0759432
12 120 0.229226 0.0816909
12 137 0.180421 0.142612
13 622 -0.0683737 -0.466021
13 218 -0.318478 -0.433795
13 210 -0.121125 -0.438117
13 225 -0.0107525 -0.322422
13 544 -0.382978 -0.115205
13 767 0.127919 -0.158933
13 642 -0.288017 -0.0347617
13 883 -0.277557 -0.035769
13 51 0.267502 -0.0831825
13 263 -0.201859 -0.0124823
13 316 -0.0452581 -0.0243886
13 643 0.102419 -0.061824
13 120 0.0905805 0.056772
13 283 0.0573485 0.123436
13 148 0.0204638 0.143561
13 176 0.0117535 0.197728
13 175 0.034601 0.194199
13 177 0.0199569 0.200931
13 898 0.185115 0.18705
3 659 -0.0917878 -0.542866
14 871 -0.282953 -0.411524
14 60 -0.239103 -0.0153036
14 643 0.112797 -0.051366
14 645 0.226771 -0.0379941
14 54 0.278195 -0.0511173
3 917 0.0192315 0.044321
14 917 0.138281 0.0889607
14 608 0.150997 0.147307
14 786 0.194579 0.185839
14 912 0.273524 0.22742
4 918 -0.0692847 -0.443515
5 918 -0.0635839 -0.44229
4 919 -0.0371761 -0.442247
5 919 -0.0217618 -0.440924
5 795 0.00485504 -0.440088
5 217 -0.201524 -0.436194
4 385 -0.163305 -0.437356
5 627 -0.113501 -0.43389
5 874 -0.0864848 -0.433808
4 301 0.00335365 -0.312652
4 920 0.120706 -0.310577
5 920 0.131394 -0.310393
4 221 0.255074 -0.308181
4 921 -0.0287131 -0.303488
5 921 -0.0214225 -0.301084
4 922 -0.355053 -0.204385
5 922 -0.347898 -0.194919
4 875 -0.278311 -0.201993
4 923 -0.199855 -0.201022
5 923 -0.188061 -0.194541
4 924 -0.152078 -0.200604
5 924 -0.140908 -0.194578
5 877 0.0178876 -0.194642
5 532 0.032003 -0.194619
4 925 0.148055 -0.195858
5 925 0.159746 -0.1949
4 389 0.432144 -0.194661
4 926 -0.132574 -0.177822
5 926 -0.121885 -0.171819
4 821 -0.394671 -0.168318
5 43 -0.258109 -0.15637
5 679 -0.242956 -0.156301
4 891 -0.218912 -0.163389
4 696 -0.170012 -0.16229
5 351 -0.149312 -0.155332
5 878 -0.146911 -0.155261
4 927 -0.147056 -0.162066
5 927 -0.13962 -0.155343
4 892 -0.103776 -0.161038
4 893 0.0481566 -0.157607
4 32 0.0594876 -0.157457
4 928 0.0774739 -0.157378
5 928 0.0917782 -0.154752
4 929 0.0930565 -0.156654
5 929 0.105969 -0.154368
4 930 0.0981816 -0.156451
5 930 0.111211 -0.154223
4 241 0.108748 -0.15636
5 242 0.131145 -0.154081
4 393 0.156139 -0.155294
5 766 -0.286443 -0.140921
4 931 -0.168901 -0.147098
5 931 -0.156773 -0.139669
4 398 -0.164799 -0.138623
4 932 -0.150897 -0.138471
5 932 -0.127113 -0.131361
4 933 -0.137768 -0.138343
5 933 -0.116931 -0.13135
5 881 0.0384302 -0.131305
4 934 0.0402375 -0.135068
5 934 0.055991 -0.131213
4 307 0.0478914 -0.135078
5 306 0.0740379 -0.131244
4 698 -0.190243 -0.11094
5 354 -0.131934 -0.102593
4 549 0.0558165 -0.106274
4 399 0.0811465 -0.106208
4 935 -0.168618 -0.0940312
5 935 -0.151052 -0.085903
4 253 0.0103221 -0.0845427
4 936 0.317711 -0.0831665
5 936 0.343433 -0.0829006
5 680 -0.0121164 -0.0742126
4 937 -0.185388 -0.0773033
5 937 -0.170816 -0.0679186
5 58 -0.155718 -0.0678909
5 361 -0.148336 -0.0678998
4 938 -0.161425 -0.0763422
5 938 -0.142486 -0.0678253
4 939 -0.153669 -0.0763317
5 939 -0.135087 -0.0680414
4 940 -0.133647 -0.0763113
5 940 -0.111763 -0.0683882
5 360 -0.106997 -0.0680751
4 941 -0.0921514 -0.0752504
5 941 -0.0719345 -0.0680171
4 942 -0.0731194 -0.074882
5 942 -0.0503263 -0.0671572
4 943 -0.074479 -0.0463275
5 943 -0.0517583 -0.0382759
4 65 0.305075 -0.0468061
4 944 -0.0222832 -0.043471
5 944 0.00174868 -0.0368381
5 84 0.245068 -0.0276906
5 366 -0.0409066 -0.0141377
5 367 -0.0199634 -0.0123484
4 945 -0.0436012 -0.0201945
5 945 -0.0190604 -0.0125644
4 946 -0.015053 -0.0183526
5 946 0.00991005 -0.011251
4 947 0.23629 -0.0187535
5 947 0.265047 -0.0167986
4 948 -0.075451 -0.013107
5 948 -0.0492666 -0.00422755
4 949 0.152881 -0.0130833
5 949 0.17548 -0.00943872
4 950 -0.0627181 -0.00938179
5 950 -0.0408921 -0.00210293
4 951 0.28535 -0.00952823
5 951 0.313954 -0.00809137
4 411 -0.0552247 -0.00822117
4 952 -0.0490028 -0.00701052
5 952 -0.0243829 0.000490395
4 953 -0.0443908 -0.00621193
5 953 -0.0195169 0.00151654
4 954 -0.0412898 -0.00564473
5 954 -0.0119691 0.00268164
4 955 -0.034326 -0.0044019
5 955 -0.00779935 0.00347767
4 956 -0.0313615 -0.00405483
5 956 -0.00382435 0.00393101
4 957 -0.026539 -0.00325536
5 957 0.000846471 0.00487552
4 96 0.179885 -0.00223938
4 958 -0.0647265 -0.000885267
5 958 -0.0393276 0.00701182
4 959 -0.0379092 0.00538993
5 959 -0.00782805 0.0133757
4 960 -0.030014 0.00558367
5 960 0.00327189 0.0141888
4 106 0.189589 0.014464
4 961 0.281794 0.0254362
5 961 0.308602 0.0272325
4 412 0.240764 0.0313713
4 962 0.232461 0.037667
5 962 0.255734 0.0399103
4 963 -0.0216583 0.0416252
5 963 0.0141383 0.0503907
4 413 0.383155 0.0451821
4 964 0.0747583 0.0553479
5 964 0.109751 0.0624648
5 324 0.053648 0.0672256
4 133 0.0479194 0.064804
4 965 -0.352539 0.0697345
5 965 -0.324013 0.0864225
4 128 0.18373 0.0745972
4 414 0.263855 0.0748959
4 966 0.0191817 0.0808162
5 966 0.0537349 0.089
4 967 0.00622914 0.089666
5 967 0.0413593 0.0985656
4 608 0.0931125 0.105563
5 165 0.109736 0.149561
4 968 -0.0325446 0.149932
5 968 0.00559836 0.161406
4 171 0.0396825 0.150211
5 171 0.0702921 0.161844
4 969 0.18129 0.153359
5 969 0.213436 0.159295
4 420 0.371293 0.154544
4 970 0.383073 0.154549
5 970 0.412139 0.154954
6 670 -0.012887 -0.569955
6 671 0.0249026 -0.560797
6 45 -0.105409 -0.291794
6 880 -0.0587829 -0.123039
6 803 0.0142635 -0.0484903
6 359 -0.0137637 -0.0490924
6 257 0.216177 0.093531
6 314 0.208425 0.0923863
6 944 0.00850974 -0.0118074
6 132 -0.101009 0.164497
4 971 -0.320406 0.0708578
6 971 -0.301554 0.0333903
6 325 -0.124863 0.163025
6 377 -0.0466228 0.208277
6 379 -0.0892187 0.193454
4 972 -0.00507415 0.116191
6 972 -0.0899979 0.194018
6 167 0.0801819 0.317458
6 163 0.194537 0.367522
6 808 -0.195048 0.266687
6 809 -0.0825956 0.32773
4 428 -0.257162 -0.319029
4 973 -0.229704 -0.319084
7 973 -0.0790633 -0.431671
4 974 -0.151894 -0.316811
7 974 0.0010681 -0.422779
7 230 0.0248076 -0.419372
7 880 -0.0561591 -0.110456
7 355 0.287593 0.0107109
7 680 0.0103901 -0.0416534
7 558 0.33131 0.0706508
4 895 -0.0734804 -0.0677872
4 975 0.193018 -0.0584218
7 975 0.21248 0.0678321
7 62 0.370717 0.0874681
7 316 0.0286349 -0.0131759
7 943 -0.0224937 -0.0207702
7 366 -0.00861097 -0.000192356
7 950 -0.0151381 0.0171393
7 369 -0.0376347 0.0119055
7 324 -0.0255511 0.186727
7 332 0.00363163 0.258741
4 848 0.216299 0.181011
4 705 0.0902432 0.204494
4 976 0.184669 0.204829
7 976 0.0903248 0.37672
4 977 0.0597862 0.237798
7 977 -0.0444292 0.38521
4 910 -0.195035 0.404554
8 21 -0.279107 -0.338166
8 821 -0.364922 -0.304767
8 801 -0.314353 -0.298761
8 548 -0.165919 -0.129905
4 978 -0.209593 -0.136915
8 978 -0.192752 -0.235059
8 52 0.198385 0.00401456
4 441 0.144927 -0.0595646
8 367 -0.0741178 -0.0201197
4 979 0.164571 0.0144152
8 979 0.128588 0.0540315
8 325 -0.131612 0.178002
8 374 0.184506 0.152983
8 779 -0.106687 0.184138
8 148 -0.10346 0.197626
8 186 -0.0836721 0.323168
4 980 0.16463 0.205963
8 980 0.0323294 0.34598
8 889 -0.221814 0.343891
9 792 -0.255998 -0.544858
9 299 -0.203609 -0.533003
4 981 0.353532 -0.307041
9 981 0.277171 -0.407503
9 20 -0.317849 -0.255669
9 304 -0.292752 -0.211343
4 982 0.194755 -0.155134
9 982 0.107921 -0.228174
9 239 0.166207 -0.230823
9 802 0.121984 -0.203193
4 983 0.221625 -0.104814
9 983 0.146962 -0.0694424
9 358 -0.112631 -0.0281281
4 984 0.212371 -0.0785757
9 984 0.141662 -0.0155215
9 558 0.220156 -0.0176513
9 361 -0.265621 -0.0625982
9 895 -0.157868 -0.0138912
9 887 0.009545 0.0874467
9 64 0.30802 -0.0498954
9 84 0.145964 0.0300109
9 266 -0.10141 0.0154508
9 319 -0.129427 0.0242464
9 954 -0.117803 0.0445424
9 96 0.0952088 0.0240266
9 321 -0.127956 0.0567335
9 102 0.182463 0.0645592
9 979 0.0919465 0.0494789
9 106 0.116656 0.0480875
4 985 0.0355633 0.0993595
9 985 -0.0229789 0.219045
9 154 -0.0848016 0.241483
9 809 0.0240678 0.33766
9 980 0.107649 0.328722
4 986 0.285116 0.220176
9 986 0.219666 0.334769
4 987 -0.0456507 -0.441321
10 987 -0.161592 -0.554917
10 340 -0.242925 -0.547121
10 667 -0.229917 -0.546421
10 299 -0.184294 -0.545198
10 757 0.188817 -0.550988
4 988 0.443026 -0.429006
10 988 0.384337 -0.551041
4 989 -0.195117 -0.39808
10 989 -0.336151 -0.498208
4 990 0.380904 -0.387262
10 990 0.315469 -0.502065
10 675 -0.357644 -0.401707
10 676 -0.334278 -0.401786
10 974 -0.274934 -0.402756
10 230 -0.258136 -0.402624
10 981 0.283172 -0.411053
10 220 0.293586 -0.411546
10 0 0.316016 -0.412382
4 991 0.256503 -0.29831
10 991 0.181309 -0.397749
10 20 -0.307737 -0.268815
10 235 0.267141 -0.292801
10 40 -0.298166 -0.223693
10 696 -0.278414 -0.224522
10 34 -0.039736 -0.230643
10 33 -0.00249048 -0.231868
10 802 0.132293 -0.213593
10 309 -0.264199 -0.139637
10 256 -0.0266816 -0.0511194
4 468 0.159497 -0.0591829
10 75 -0.0640942 -0.0336618
10 364 -0.135456 -0.023171
10 946 -0.0700589 -0.00504711
10 949 0.099205 -0.0179185
10 955 -0.0873124 0.01477
10 96 0.118077 -0.00439548
10 114 0.22258 0.0402519
10 129 0.0184356 0.145339
10 139 0.0417607 0.15454
10 327 -0.0453526 0.175935
10 154 -0.0498156 0.195298
10 380 0.128797 0.214608
10 969 0.155124 0.211923
10 420 0.329934 0.193968
4 992 0.268897 0.319685
10 992 0.257537 0.415324
4 993 0.169442 -0.481668
11 993 0.12031 -0.543833
4 994 -0.185495 -0.437487
11 994 -0.271275 -0.48748
4 995 0.152759 -0.434928
11 995 0.103537 -0.492673
11 989 -0.278252 -0.441018
11 301 -0.0514627 -0.354957
11 920 0.0723487 -0.35757
11 21 -0.387611 -0.219747
4 996 -0.2321 -0.201008
11 996 -0.303976 -0.223332
11 20 -0.257553 -0.224545
4 997 0.127064 -0.156219
11 997 0.0828204 -0.195987
11 555 0.322649 -0.0509402
11 936 0.330952 -0.0533449
11 642 -0.251002 -0.0522516
11 360 -0.143291 -0.0598087
11 441 0.13243 -0.0616276
4 998 -0.137723 -0.0585286
11 998 -0.150585 -0.0341011
4 999 0.285949 -0.0514412
11 999 0.30357 -0.0167967
11 953 -0.0328326 0.0325962
11 269 0.15798 0.0156193
4 1000 -0.0695807 -0.00114627
11 1000 -0.0587192 0.0387051
11 964 0.135771 0.141212
11 966 0.0766316 0.162785
4 897 0.00779172 0.102606
11 378 0.130084 0.179742
11 786 0.190696 0.221313
4 1001 0.309585 0.154436
11 1001 0.34868 0.200966
11 163 0.363001 0.199054
4 1002 0.147054 0.164016
11 1002 0.206401 0.232544
12 868 -0.171455 -0.558353
12 745 -0.0580846 -0.562925
12 789 0.268656 -0.579913
4 1003 0.171846 -0.520951
12 1003 0.0752894 -0.511457
12 987 -0.125748 -0.410787
4 1004 -0.297585 -0.32125
12 1004 -0.375676 -0.250968
4 310 0.281786 -0.0940617
12 53 0.324039 -0.0522526
12 96 0.227057 0.00837978
4 1005 -0.0133974 0.0930161
12 1005 0.152559 0.16039
12 147 0.229046 0.14579
12 972 0.158749 0.179176
12 158 0.239814 0.16886
4 1006 0.289126 0.154463
12 1006 0.405218 0.150597
4 177 -0.00743168 0.162806
12 183 0.399019 0.212052
13 994 -0.307484 -0.434941
4 507 -0.178289 -0.437408
13 974 -0.256094 -0.308559
13 921 -0.124688 -0.30464
13 20 -0.285914 -0.183224
13 14 -0.0588468 -0.203033
13 9 0.045997 -0.210826
4 1007 -0.188922 -0.193629
13 1007 -0.283096 -0.176691
13 38 -0.292858 -0.141925
13 696 -0.254692 -0.144626
4 1008 0.285232 -0.153912
13 1008 0.194221 -0.181643
13 766 -0.399298 -0.113509
13 698 -0.256161 -0.0799661
13 355 0.197362 -0.0968306
4 50 0.316364 -0.083497
13 984 0.185497 -0.0693988
13 60 -0.248555 -0.0392277
13 884 -0.189753 -0.0451209
13 54 0.260623 -0.0645241
13 56 0.244091 -0.0594478
13 66 0.236013 -0.0459225
13 85 -0.115952 -0.00899058
13 84 0.193625 -0.024764
13 366 -0.0851988 0.00948877
13 946 -0.0367503 0.00679257
13 956 -0.0501198 0.0242577
13 96 0.150053 -0.00238577
13 1000 -0.0874374 0.0313754
13 805 0.313067 -0.00455967
13 1005 0.0143205 0.136576
4 1009 -0.0184754 0.104094
13 1009 0.0133412 0.149586
13 378 0.0957703 0.135538
13 156 0.0728001 0.151572
13 159 0.0979089 0.160413
13 968 0.00322378 0.193621
13 969 0.199779 0.164192
13 288 0.303388 0.147311
4 176 -0.0234881 0.155887
4 1010 0.462162 0.196455
13 1010 0.45011 0.16753
13 986 0.310195 0.217803
13 889 -0.0267509 0.293284
14 792 -0.240357 -0.578328
14 665 -0.331366 -0.417375
14 20 -0.281707 -0.165786
14 876 -0.107567 -0.134917
4 1011 0.361789 -0.194703
14 1011 0.248406 -0.228143
14 891 -0.30169 -0.121786
14 354 -0.196356 -0.0657583
14 555 0.286634 -0.0700677
14 256 0.0238718 -0.0228745
14 362 -0.0927515 0.0112709
14 64 0.326301 -0.0607361
14 84 0.21433 -0.0107016
14 96 0.163729 0.00846246
14 958 -0.0557594 0.0509804
14 414 0.269856 0.0792192
14 136 0.05367 0.135563
14 284 0.0418058 0.148323
14 328 0.0866234 0.157999
14 288 0.330749 0.155903
14 1002 0.210217 0.194143
5 1012 -0.211424 -0.436204
6 1012 0.00569268 -0.566632
6 217 0.0166568 -0.565355
6 233 -0.00867493 -0.434819
6 2 -0.0359243 -0.428793
6 20 -0.00175969 -0.307949
6 801 -0.167392 -0.309382
5 1013 -0.273927 -0.117144
6 1013 -0.130374 -0.22935
5 1014 0.0343663 -0.0732069
6 1014 0.0453614 -0.0334403
6 825 -0.299049 -0.112198
6 320 -0.0504536 0.109212
5 1015 0.179044 0.0732053
6 1015 0.0980811 0.180639
6 378 -0.0203008 0.21447
6 153 -0.223857 0.109382
6 332 -0.0552198 0.243104
5 1016 0.219538 0.187893
6 1016 0.0236791 0.340785
5 808 -0.0261677 0.209693
7 211 0.232703 -0.537521
7 342 0.159861 -0.416982
7 301 0.176616 -0.401835
7 548 -0.0757216 -0.114033
7 1013 -0.163542 -0.213555
5 1017 -0.382762 -0.103766
7 1017 -0.265501 -0.209161
7 1014 0.0581897 -0.0321604
7 65 0.338261 0.105467
7 81 -0.119838 -0.078943
7 945 0.0047414 0.00137231
7 367 0.00349902 0.00141465
7 585 0.0478402 0.140442
7 410 0.28644 0.129422
7 276 0.20416 0.0951015
5 119 -0.187119 0.0218167
5 1018 -0.356307 0.0231274
7 1018 -0.306271 -0.0216042
7 961 0.309193 0.14849
7 415 -0.0564375 0.175575
5 1019 0.0248049 0.0754923
7 1019 -0.052575 0.187809
5 779 0.0212096 0.101354
7 150 0.0466559 0.238145
7 781 -0.0384736 0.213084
5 1020 0.0261755 0.139042
7 1020 -0.0553147 0.234677
7 786 0.0700948 0.291699
7 1016 0.10014 0.345811
5 908 -0.274784 0.201072
7 808 -0.132643 0.301638
7 296 -0.0216133 0.39276
5 1021 -0.0600801 0.422284
7 1021 -0.264815 0.532711
8 11 0.334343 -0.27608
8 13 0.323118 -0.275971
5 41 -0.212952 -0.156083
8 929 0.143339 -0.248577
8 642 -0.233973 -0.138213
5 1022 0.0127334 -0.0187059
8 1022 -0.0431677 -0.0176368
5 120 0.103741 0.0253779
8 117 0.20457 0.110299
8 683 -0.0221041 0.24055
8 171 -0.073018 0.258489
5 1023 -0.0376136 -0.441257
9 1023 -0.18072 -0.543841
9 384 -0.295206 -0.533825
9 195 0.31805 -0.549143
5 1024 0.284164 -0.425436
9 1024 0.192129 -0.535571
5 761 0.395084 -0.415876
5 1025 0.0523245 -0.393166
9 1025 -0.0706097 -0.488779
5 1026 0.0128302 -0.310802
9 1026 -0.110121 -0.393388
9 348 -0.0202394 -0.259361
9 395 -0.370149 -0.207824
9 41 -0.349079 -0.208841
9 351 -0.277378 -0.211404
9 538 0.140911 -0.229502
5 718 0.117717 -0.154047
9 242 0.0285499 -0.224641
9 30 0.0392913 -0.225995
9 937 -0.288505 -0.0608375
9 58 -0.281175 -0.0614505
9 1022 -0.0878997 0.0173581
9 946 -0.0914931 0.0254533
9 951 0.21445 0.0416501
9 952 -0.125756 0.043389
9 956 -0.104447 0.0469247
5 1027 -0.0524647 0.0122567
9 1027 -0.153145 0.058651
5 1028 0.241019 0.0526553
9 1028 0.143096 0.0986137
9 376 -0.0766103 0.191848
9 1015 0.0824121 0.134163
5 1029 0.281749 0.0780259
9 1029 0.182541 0.133967
9 138 -0.0180332 0.203201
5 1030 0.403681 0.120794
9 1030 0.296032 0.184473
9 1020 -0.0645698 0.253736
9 684 0.216422 0.242013
9 291 0.0883579 0.257465
9 898 0.0980021 0.283415
9 620 0.11957 0.326644
5 1031 0.400074 0.243177
9 1031 0.286354 0.353123
9 339 0.282868 0.455901
10 205 -0.21536 -0.557008
10 795 -0.110347 -0.555003
5 1032 -0.179108 -0.436103
10 1032 -0.331069 -0.548705
10 874 -0.218758 -0.546539
10 814 0.306995 -0.551071
5 990 0.390308 -0.391706
10 691 0.201322 -0.40875
5 1033 0.157833 -0.262706
10 1033 0.0647024 -0.354694
10 10 0.0191365 -0.280731
5 1034 0.455154 -0.189981
10 1034 0.367817 -0.286944
10 395 -0.360103 -0.222183
10 305 -0.347727 -0.222231
10 891 -0.330832 -0.223141
10 239 0.173815 -0.238611
5 24 0.376114 -0.155348
10 393 0.0783869 -0.23488
10 306 -0.0202551 -0.194255
10 47 0.0175102 -0.195911
10 400 0.219965 -0.0940128
10 399 0.00899475 -0.151673
10 357 -0.0783093 -0.066384
5 1035 -0.121156 -0.0680813
10 1035 -0.21979 -0.0885223
5 1036 0.132962 -0.0606143
10 1036 0.0494814 -0.0905872
10 895 -0.136635 -0.0425417
10 65 0.261999 -0.0257631
10 79 -0.257107 -0.0455433
10 1022 -0.0663191 -0.0127944
10 365 0.234876 0.0108529
5 1037 0.211326 0.000290469
10 1037 0.134614 -0.00502399
10 956 -0.0817737 0.0157915
5 1038 0.262412 0.0253157
10 1038 0.189766 0.0384798
10 1015 0.11066 0.0993777
10 280 0.270118 0.0936438
10 1029 0.209789 0.099428
5 1039 0.179048 0.0793678
10 1039 0.111107 0.107915
10 138 0.015345 0.157359
10 141 0.0165091 0.16598
5 602 0.328453 0.0971969
10 609 -0.0409693 0.18802
10 1030 0.326064 0.147391
10 654 0.24188 0.202728
5 177 0.0200642 0.168871
10 704 0.185864 0.263394
5 1040 -0.190245 -0.435125
11 1040 -0.283176 -0.486815
5 915 0.183663 -0.310444
11 691 0.227974 -0.361278
5 634 -0.231793 -0.194638
11 393 0.113363 -0.197068
11 27 0.254439 -0.204127
11 248 -0.272526 -0.156652
11 47 0.0583527 -0.161246
11 1013 -0.342841 -0.119247
11 399 0.0560397 -0.120537
11 402 0.248177 -0.0440991
11 938 -0.180634 -0.0569477
11 85 -0.0839964 -0.0107817
11 362 -0.0855652 -0.00966387
11 1022 -0.00158006 0.00745448
11 262 0.375732 -0.024386
11 945 -0.0350523 0.0139992
11 946 -0.00472831 0.0152379
11 951 0.302007 0.0177725
11 954 -0.0234608 0.0338188
11 105 -0.0692661 0.035429
11 956 -0.0155812 0.0350311
11 1027 -0.0637984 0.0468818
11 776 -0.415094 0.0913047
11 372 -0.337395 0.084784
5 1041 -0.0426984 0.0357708
11 1041 -0.0471544 0.0781432
11 1028 0.232911 0.0778845
5 282 0.0347573 0.0685257
11 1015 0.179996 0.110058
11 322 0.390125 0.0953901
11 414 0.286685 0.1056
11 1029 0.276085 0.107722
11 608 0.148194 0.175602
5 1042 0.0694376 0.116373
11 1042 0.0918089 0.186809
11 1030 0.395264 0.149833
5 1043 0.0107102 0.152193
11 1043 0.041807 0.233635
11 381 0.0545903 0.239383
11 421 0.285447 0.208455
11 969 0.230613 0.216581
11 898 0.217151 0.242068
11 1016 0.243731 0.251731
11 294 0.170943 0.290944
5 1044 0.0344088 0.215678
11 1044 0.076246 0.305271
5 868 -0.0669567 -0.592764
12 816 0.0377914 -0.302395
12 819 0.0463548 -0.209559
12 875 -0.339555 -0.132416
12 536 -0.242816 -0.139606
12 541 -0.377789 -0.0846423
12 398 -0.185524 -0.0825112
12 353 -0.229296 -0.0612273
12 1013 -0.303775 -0.0428131
5 1045 -0.163713 -0.102611
12 1045 -0.179517 -0.0448287
12 406 -0.109738 -0.0126882
12 68 0.0846142 -0.0107616
12 79 -0.131872 0.0264022
5 1046 -0.14477 -0.0415877
12 1046 -0.115317 0.0230667
12 945 0.0247145 0.0344564
12 946 0.054269 0.031138
12 1037 0.232571 0.00647651
12 956 0.0451628 0.0494962
5 1047 -0.0130676 0.0132831
12 1047 0.043988 0.0602199
12 962 0.290353 0.0421268
12 1028 0.285372 0.0577251
12 138 0.200581 0.136552
12 966 0.174985 0.140657
5 604 0.0490162 0.106872
12 608 0.240003 0.146132
12 968 0.147821 0.215507
12 427 0.243368 0.506724
5 1048 -0.156696 -0.582073
13 1048 -0.297723 -0.591372
13 1012 -0.342031 -0.433934
5 507 -0.172209 -0.435999
13 211 -0.0695405 -0.437662
13 1025 -0.0601437 -0.401315
13 221 0.153157 -0.329843
13 10 0.0152541 -0.208071
13 43 -0.355262 -0.137077
13 239 0.161339 -0.178946
5 1049 0.268385 -0.155063
13 1049 0.167978 -0.179288
13 392 0.0619735 -0.170627
13 27 0.207745 -0.182705
5 1050 -0.0901534 -0.0679218
13 1050 -0.15674 -0.0487533
13 824 0.0429732 -0.0511185
13 947 0.213931 -0.0163943
13 951 0.257315 -0.0140487
13 950 -0.0860256 0.022002
13 105 -0.100616 0.0287587
13 956 -0.0474241 0.0243182
13 124 0.0153765 0.0845971
13 964 0.0976708 0.0899581
13 1029 0.238635 0.0719574
13 1039 0.145434 0.0852666
13 966 0.0414144 0.11752
13 602 0.285654 0.0866662
13 897 0.0316066 0.138704
5 329 0.0522833 0.116716
13 1030 0.353927 0.101892
13 1020 0.0238166 0.171009
13 1043 0.0116251 0.186661
13 179 0.05604 0.203287
13 186 0.0910782 0.239004
13 1031 0.379656 0.227412
13 830 0.00203147 0.288425
14 205 -0.204241 -0.425442
5 1051 -0.00981616 -0.441146
14 1051 -0.128065 -0.428896
14 1032 -0.304832 -0.410988
14 1025 -0.0621736 -0.384885
14 230 -0.237992 -0.290181
14 1049 0.164525 -0.176402
14 894 0.044743 -0.16192
14 544 -0.376292 -0.0920365
5 1052 -0.278909 -0.128667
14 1052 -0.36324 -0.0771959
14 1013 -0.353906 -0.064088
14 400 0.243065 -0.0898166
14 401 0.216542 -0.0826363
5 1053 0.315846 -0.0873476
14 1053 0.270091 -0.0747271
14 361 -0.197209 -0.0212864
14 405 -0.179382 -0.0236662
5 1054 0.130507 -0.0606383
14 1054 0.0735457 -0.0510094
14 85 -0.0914893 0.00941316
14 262 0.33638 -0.0382104
5 319 -0.0333502 -0.0125087
14 951 0.274908 -0.003423
5 1055 -0.0472017 -0.0035128
14 1055 -0.0684336 0.0407884
14 1037 0.173044 0.00709491
14 956 -0.0210975 0.0432004
14 272 0.30307 0.00414343
14 962 0.224494 0.0446998
14 137 0.0858983 0.140451
5 1056 0.0202101 0.104485
14 1056 0.0542375 0.158272
14 604 0.0794888 0.155286
14 897 0.0700803 0.157048
14 1030 0.373826 0.10778
14 969 0.230504 0.178347
14 968 0.0489396 0.21448
14 186 0.139612 0.257046
14 294 0.183433 0.247766
6 1057 -0.00771951 -0.578594
7 1057 -0.0753498 -0.574868
6 1058 0.00113832 -0.577096
7 1058 -0.0613574 -0.573675
6 1059 0.0159047 -0.573892
7 1059 -0.0489451 -0.571538
6 1060 0.0938574 -0.562851
7 1060 0.0310755 -0.566537
6 1061 0.12305 -0.556851
7 1061 0.0610867 -0.563889
6 1062 0.133481 -0.555602
7 1062 0.0707177 -0.563825
6 205 0.141913 -0.554671
6 1063 0.077421 -0.553342
7 1063 0.0153713 -0.55604
6 1064 0.107135 -0.549393
7 1064 0.0461607 -0.554684
6 622 0.301272 -0.549827
6 1065 0.113635 -0.548509
7 1065 0.0526647 -0.554365
6 1066 0.165855 -0.548613
7 1066 0.105002 -0.559175
6 1067 0.12414 -0.546424
7 1067 0.0638761 -0.553388
6 212 0.131345 -0.545222
6 1068 0.150977 -0.542491
7 1068 0.0906091 -0.551232
7 759 0.108509 -0.549834
6 1069 0.176491 -0.537932
7 1069 0.118295 -0.548863
6 1070 0.186393 -0.536589
7 1070 0.128175 -0.548204
6 1071 0.242193 -0.53616
7 1071 0.182565 -0.55309
6 689 0.198151 -0.534384
6 1072 0.259103 -0.534576
7 1072 0.199569 -0.552624
6 210 0.229425 -0.529142
6 1073 0.29252 -0.528475
7 1073 0.232781 -0.549292
6 1074 0.281083 -0.519917
7 1074 0.221935 -0.539355
6 1075 0.303306 -0.515315
7 1075 0.242769 -0.536687
6 709 0.310213 -0.514842
6 1076 0.454406 -0.512762
7 1076 0.39092 -0.546626
6 1077 -0.31472 -0.498872
7 1077 -0.387591 -0.468545
6 1078 -0.286812 -0.493433
7 1078 -0.356458 -0.464987
6 1079 -0.215562 -0.477966
7 1079 -0.280524 -0.455632
6 763 -0.154472 -0.464959
6 1080 -0.101716 -0.460057
7 1080 -0.160192 -0.448114
6 1081 -0.120046 -0.457476
7 1081 -0.1808 -0.443513
6 234 -0.108851 -0.455252
6 841 -0.0794207 -0.44805
6 1082 -0.0623892 -0.444553
7 1082 -0.117457 -0.436182
6 973 -0.0268115 -0.437413
6 675 -0.0170993 -0.435337
7 233 -0.0621258 -0.430227
6 676 0.00324727 -0.431376
6 974 0.0521456 -0.420746
6 1083 0.0678508 -0.417228
7 1083 0.0165979 -0.41961
6 230 0.0753043 -0.415697
6 1084 0.124248 -0.405919
7 1084 0.0746044 -0.413829
6 1085 0.145607 -0.40051
7 1085 0.096592 -0.411075
6 1086 0.186812 -0.39219
7 1086 0.138502 -0.406357
6 1087 -0.0847803 -0.387415
7 1087 -0.136376 -0.376501
6 1088 0.213348 -0.387496
7 1088 0.164721 -0.403981
6 1089 0.220055 -0.385849
7 1089 0.171977 -0.402776
6 301 0.224251 -0.384051
6 226 0.238614 -0.381296
6 1090 -0.251013 -0.370505
7 1090 -0.309447 -0.3444
6 764 -0.203803 -0.359817
6 1091 0.391161 -0.352751
7 1091 0.342838 -0.385685
6 1092 -0.288127 -0.343343
7 1092 -0.34909 -0.314063
6 1093 -0.139654 -0.342839
7 1093 -0.188992 -0.326239
6 1094 -0.198631 -0.318114
7 1094 -0.249281 -0.296427
6 1095 -0.340942 -0.316736
7 1095 -0.393517 -0.279631
7 19 -0.0695354 -0.30906
6 1096 -0.0138681 -0.310936
7 1096 -0.056381 -0.30705
7 801 -0.216648 -0.290436
7 20 -0.0450948 -0.30485
6 1097 0.0323386 -0.298959
7 1097 -0.00855016 -0.300015
6 1098 0.047398 -0.295969
7 1098 0.00826793 -0.297556
7 45 -0.151159 -0.279278
6 42 -0.0887957 -0.286688
6 1099 0.0978032 -0.283145
7 1099 0.0501389 -0.291603
6 1100 0.105127 -0.281554
7 1100 0.0653658 -0.289211
6 395 -0.0622444 -0.279414
6 1101 0.120424 -0.278109
7 1101 0.0801889 -0.287556
6 1102 -0.153505 -0.276347
7 1102 -0.195112 -0.258283
6 540 -0.0444693 -0.274646
6 1103 0.138208 -0.273548
7 1103 0.098004 -0.284814
7 766 -0.173436 -0.254591
6 1104 -0.0290606 -0.270155
7 1104 -0.0708349 -0.265234
6 1105 -0.125464 -0.268626
7 1105 -0.162818 -0.253036
6 1106 0.165875 -0.267269
7 1106 0.127692 -0.280852
6 40 -0.00453652 -0.264056
6 1107 -0.138606 -0.26264
7 1107 -0.176631 -0.245847
6 1108 -0.103825 -0.262289
7 1108 -0.144064 -0.249793
6 1109 0.182685 -0.262847
7 1109 0.145596 -0.278436
6 1110 0.19823 -0.259562
7 1110 0.159459 -0.277202
6 1111 0.0217287 -0.256597
7 1111 -0.0171276 -0.256678
6 1112 0.0295102 -0.254439
7 1112 -0.0094716 -0.255323
6 1113 0.0366891 -0.252172
7 1113 0.00439753 -0.253032
6 1114 0.0467852 -0.249558
7 1114 0.010611 -0.251897
7 16 0.186449 -0.267352
6 1115 -0.0479909 -0.245934
7 1115 -0.078859 -0.237741
6 1116 0.06891 -0.243589
7 1116 0.0318429 -0.248442
6 1117 -0.033968 -0.242578
7 1117 -0.056549 -0.234068
6 1118 0.0765687 -0.241137
7 1118 0.0391867 -0.247247
6 1119 -0.0205119 -0.238623
7 1119 -0.0480684 -0.232705
6 1120 0.0850177 -0.239061
7 1120 0.04844 -0.245834
6 1121 0.0912436 -0.237388
7 1121 0.0544662 -0.244844
6 1017 -0.230775 -0.235666
6 1122 -0.117017 -0.235005
7 1122 -0.150688 -0.219805
6 1123 0.0418192 -0.235044
7 1123 0.011889 -0.236525
6 1124 0.100985 -0.235296
7 1124 0.0645674 -0.243202
6 1125 -0.00500999 -0.234091
7 1125 -0.0363613 -0.230539
6 1126 0.118276 -0.230163
7 1126 0.0810368 -0.240069
6 1127 0.0627077 -0.229584
7 1127 0.0389489 -0.231729
6 1128 0.125636 -0.227974
7 1128 0.0973665 -0.237597
6 1129 -0.0878945 -0.225842
7 1129 -0.117003 -0.213499
6 1130 0.0809909 -0.224787
7 1130 0.0478196 -0.230451
6 1131 0.142272 -0.22326
7 1131 0.108244 -0.235432
6 1132 -0.0744 -0.220916
7 1132 -0.0931416 -0.207895
6 1133 0.104814 -0.219345
7 1133 0.0752854 -0.226612
6 1134 0.15629 -0.219792
7 1134 0.12884 -0.231923
6 1135 0.0129295 -0.213744
7 1135 0.00753087 -0.207934
6 1136 0.121914 -0.21373
7 1136 0.0929371 -0.223485
6 1137 0.176807 -0.213925
7 1137 0.147806 -0.22934
6 8 0.400012 -0.211581
6 1138 0.0281198 -0.209761
7 1138 0.0235141 -0.20522
6 1139 0.196024 -0.208924
7 1139 0.162253 -0.226879
6 1140 0.0422202 -0.205544
7 1140 0.0393418 -0.201934
6 1141 0.210955 -0.205425
7 1141 0.176875 -0.225494
6 1142 0.159667 -0.203284
7 1142 0.129907 -0.217506
6 1143 0.17421 -0.199503
7 1143 0.146097 -0.214973
6 1144 0.242577 -0.196886
7 1144 0.208818 -0.219692
6 1145 0.19329 -0.194596
7 1145 0.164636 -0.211615
6 1146 0.251631 -0.193708
7 1146 0.218539 -0.217582
6 1147 0.106365 -0.187073
7 1147 0.0802998 -0.195704
6 1148 0.280275 -0.186353
7 1148 0.245974 -0.213583
6 1149 0.11649 -0.183855
7 1149 0.0917397 -0.192637
6 1150 -0.299826 -0.180185
7 1150 -0.322624 -0.143249
6 1151 0.13347 -0.179047
7 1151 0.109481 -0.190071
6 1152 0.312656 -0.177786
7 1152 0.280434 -0.207891
6 1153 0.140861 -0.17689
7 1153 0.117544 -0.188828
6 1154 0.143417 -0.176563
7 1154 0.118791 -0.188737
6 1155 0.326134 -0.174389
7 1155 0.292667 -0.206532
6 1156 0.152833 -0.173206
7 1156 0.12928 -0.186883
6 1157 0.164475 -0.170689
7 1157 0.140375 -0.185091
6 1158 0.177727 -0.167046
7 1158 0.148356 -0.183487
6 1159 0.36649 -0.163405
7 1159 0.332798 -0.19957
6 1160 0.192771 -0.162291
7 1160 0.16833 -0.180246
6 1161 0.107154 -0.161143
7 1161 0.0866182 -0.169369
6 1162 0.201699 -0.159832
7 1162 0.177998 -0.177975
6 1163 0.215992 -0.155289
7 1163 0.195789 -0.174593
6 1164 0.231509 -0.151011
7 1164 0.211298 -0.172769
6 1165 -0.125508 -0.144274
7 1165 -0.141754 -0.126848
6 1166 0.45305 -0.140616
7 1166 0.419216 -0.186609
6 255 -0.109268 -0.139608
6 1167 -0.101596 -0.137247
7 1167 -0.115125 -0.122095
6 1168 0.0940986 -0.13737
7 1168 0.0915515 -0.141717
6 1169 0.284136 -0.136718
7 1169 0.261885 -0.164532
6 1170 -0.366849 -0.13592
7 1170 -0.380237 -0.089426
6 1171 -0.0874 -0.132251
7 1171 -0.0887963 -0.116083
6 1172 -0.0807872 -0.130117
7 1172 -0.0778826 -0.114604
6 1173 -0.0684967 -0.126371
7 1173 -0.0678938 -0.112222
6 1174 0.389563 -0.125152
7 1174 0.366674 -0.163652
6 1175 -0.112383 -0.121662
7 1175 -0.122616 -0.104951
6 1176 -0.218165 -0.11949
7 1176 -0.229802 -0.0906935
6 1177 -0.145815 -0.116674
7 1177 -0.15749 -0.0965179
6 1178 0.185185 -0.110028
7 1178 0.169892 -0.127402
6 1179 0.0861517 -0.107028
7 1179 0.081483 -0.111267
6 1180 0.194527 -0.106553
7 1180 0.178851 -0.124846
6 1181 0.20501 -0.103804
7 1181 0.191269 -0.123088
6 1182 -0.265394 -0.100428
7 1182 -0.278384 -0.0665597
6 1183 -0.110031 -0.0951524
7 1183 -0.116725 -0.0788103
6 1184 -0.391829 -0.0941829
7 1184 -0.397988 -0.0427444
6 1185 -0.0991419 -0.0914805
7 1185 -0.106436 -0.0763419
6 1186 0.108314 -0.0917897
7 1186 0.095479 -0.101012
6 1187 -0.379049 -0.0897809
7 1187 -0.389768 -0.0413155
6 1188 -0.086281 -0.0874478
7 1188 -0.0893868 -0.072808
6 1189 -0.364721 -0.0846204
7 1189 -0.374088 -0.0377003
6 1190 -0.0778927 -0.0847955
7 1190 -0.0800192 -0.0715568
6 1191 0.139767 -0.0810953
7 1191 0.132203 -0.0934529
6 1192 -0.352583 -0.0796465
7 1192 -0.361171 -0.0342472
6 1193 -0.335788 -0.0739609
7 1193 -0.342086 -0.0298296
6 1194 -0.322857 -0.0693471
7 1194 -0.328212 -0.0271224
6 1018 -0.303408 -0.0619216
6 1195 0.361924 -0.0582365
7 1195 0.341432 -0.0967304
6 1196 -0.285606 -0.0558748
7 1196 -0.290579 -0.0178888
7 372 -0.27152 -0.0139267
6 1197 0.297563 -0.0510441
7 1197 0.291717 -0.0809249
7 359 -0.00523546 -0.0424336
6 576 -0.0446327 -0.0367545
6 1198 -0.21998 -0.0309422
7 1198 -0.214424 7.80404e-06
6 1199 -0.199442 -0.0245
7 1199 -0.192768 0.00411038
6 1200 -0.188751 -0.0198421
7 1200 -0.180491 0.00743293
6 67 0.0352668 -0.0194606
6 316 0.0156306 -0.0162517
6 73 0.0318565 -0.0127039
6 1201 0.37023 -0.0126266
7 1201 0.367968 -0.0513346
6 1202 -0.0719889 -0.0122447
7 1202 -0.0620068 0.000581074
6 1203 0.0852116 -0.0117257
7 1203 0.094566 -0.0167757
6 1204 0.224746 -0.00890468
7 1204 0.229329 -0.0307517
6 435 -0.0157562 -0.00603395
6 1205 0.325773 -0.00573967
7 1205 0.325633 -0.0392578
6 1206 0.00874821 -0.00396573
7 1206 0.0218452 0.000144086
6 1207 0.240586 -0.00381298
7 1207 0.247125 -0.0272257
7 82 0.046316 -0.000934956
6 648 -0.0533202 -0.000698653
6 369 -0.0494428 0.000945543
6 1208 0.256579 0.00137044
7 1208 0.279609 -0.0204292
6 1209 0.0175474 0.00395828
7 1209 0.0317922 0.00698847
6 1210 0.0214243 0.00657618
7 1210 0.0366242 0.00972566
6 1211 0.273495 0.00729157
7 1211 0.292427 -0.0177945
6 1212 -0.0456117 0.00838071
7 1212 -0.0314077 0.0182186
6 1213 0.0131453 0.00890575
7 1213 0.0274126 0.012684
6 1214 -0.035877 0.0123287
7 1214 -0.0196279 0.0223432
6 1215 0.297753 0.0146973
7 1215 0.317592 -0.0129906
6 1216 -0.0506769 0.0156188
7 1216 -0.0378352 0.0259917
6 1217 0.0371456 0.0197916
7 1217 0.0541857 0.020873
6 1218 0.0285732 0.0206895
7 1218 0.0464095 0.0228563
6 1219 -0.0124208 0.0212331
7 1219 0.0021815 0.0266626
6 1220 0.0415425 0.0228588
7 1220 0.0583978 0.0230167
6 1221 -0.322548 0.0241299
7 1221 -0.310246 0.0693306
6 1222 0.256488 0.0244289
7 1222 0.279431 0.00179605
6 1223 -0.0266532 0.0253879
7 1223 -0.0182348 0.0315436
6 1224 0.331746 0.0253503
7 1224 0.344117 -0.00810737
6 1225 -0.0204205 0.0290753
7 1225 -0.00361161 0.0363025
6 1226 0.00158702 0.0298518
7 1226 0.0163145 0.0337253
6 1227 -0.0100891 0.0327586
7 1227 0.00575999 0.0383474
6 1228 0.0118514 0.0329776
7 1228 0.0276286 0.0363672
7 971 -0.290337 0.0751462
6 1229 0.286491 0.0349297
7 1229 0.313329 0.00873975
6 1230 -0.00352495 0.0363737
7 1230 0.0115046 0.0406694
6 1231 -0.00222841 0.0372554
7 1231 0.0148338 0.0419177
6 1232 0.0100581 0.0425406
7 1232 0.0275447 0.0457168
6 1233 0.0679466 0.0505014
7 1233 0.0869656 0.0468952
6 1234 0.235735 0.0506105
7 1234 0.263772 0.0299724
6 1235 0.38203 0.0517149
7 1235 0.386745 0.00976402
6 1236 0.112046 0.0588399
7 1236 0.132183 0.0502748
6 1237 0.177627 0.0624041
7 1237 0.202844 0.0469271
7 587 0.148472 0.0542076
6 1238 0.0131304 0.0652197
7 1238 0.0389206 0.0694727
7 254 0.249385 0.0465527
6 1239 0.150271 0.072775
7 1239 0.181046 0.0612165
6 843 0.238561 0.0791233
6 975 0.180824 0.0835376
6 1240 0.0146425 0.0855133
7 1240 0.0416156 0.0889536
6 1241 0.221084 0.0916357
7 1241 0.259022 0.0718666
6 1242 0.243858 0.0914252
7 1242 0.282532 0.0693811
7 314 0.24289 0.074435
6 1243 -0.147079 0.0931866
7 1243 -0.117457 0.116542
7 57 0.268688 0.0731368
6 1244 0.252426 0.0953974
7 1244 0.288739 0.0710614
6 1245 0.279773 0.0959358
7 1245 0.317903 0.0696086
6 1246 -0.00482572 0.0967507
7 1246 0.0259359 0.103053
6 1247 0.0427756 0.0970939
7 1247 0.0730016 0.0971813
6 1248 0.285391 0.0971441
7 1248 0.32314 0.0698829
6 1249 0.332494 0.0983313
7 1249 0.367459 0.0651889
6 1250 0.228053 0.0995574
7 1250 0.265078 0.0791955
7 55 0.280345 0.0776599
6 1251 0.260336 0.0990101
7 1251 0.298198 0.0745573
6 1252 0.266305 0.0993641
7 1252 0.305843 0.0743567
6 558 0.294477 0.0989676
6 1253 0.27506 0.10251
7 1253 0.313036 0.0762507
6 54 0.286959 0.105722
6 1254 0.066844 0.106508
7 1254 0.0989951 0.10379
6 275 0.164884 0.107915
6 1255 -0.0566521 0.113024
7 1255 -0.00379052 0.128076
6 1256 -0.205629 0.113714
7 1256 -0.17223 0.14705
7 74 0.26626 0.0954895
6 106 0.194408 0.119442
6 1257 0.239138 0.119557
7 1257 0.280547 0.0970815
6 1258 0.323125 0.123018
7 1258 0.359381 0.089981
6 62 0.342582 0.1246
6 1259 0.157135 0.130604
7 1259 0.190551 0.116992
6 65 0.298144 0.134959
6 1260 0.14769 0.136652
7 1260 0.182799 0.124233
6 1261 0.161096 0.138603
7 1261 0.195983 0.124325
6 1262 -0.214341 0.14134
7 1262 -0.176011 0.17555
6 1263 0.181097 0.144926
7 1263 0.218197 0.127078
6 1264 -0.146008 0.152251
7 1264 -0.10488 0.178402
6 1265 -0.179388 0.156781
7 1265 -0.136367 0.186863
6 907 0.335631 0.170929
6 272 0.359315 0.179652
6 1266 0.346488 0.185327
7 1266 0.383061 0.146956
7 805 0.412229 0.1448
6 1267 0.13468 0.195136
7 1267 0.1807 0.184375
6 1268 0.146028 0.198023
7 1268 0.192579 0.185682
6 1269 0.0928443 0.201047
7 1269 0.141931 0.195448
6 1270 0.339154 0.205626
7 1270 0.38053 0.16777
6 1271 -0.284319 0.269574
7 1271 -0.22166 0.318284
6 1272 -0.189218 0.270482
7 1272 -0.12462 0.304957
6 686 -0.055097 0.341028
6 1273 -0.0428468 0.347078
7 1273 0.0369797 0.361598
6 1274 0.0485315 0.388814
7 1274 0.134589 0.391144
6 1275 -0.051336 0.406773
7 1275 0.0390962 0.42401
6 849 -0.126645 0.451101
6 1276 -0.37765 0.458413
7 1276 -0.281012 0.526766
6 850 -0.377079 0.474671
6 1277 -0.360939 0.491634
7 1277 -0.257287 0.558455
6 1278 -0.388391 0.500014
7 1278 -0.284325 0.572024
6 1279 -0.326444 0.508216
7 1279 -0.218751 0.570474
6 890 -0.269385 0.517909
6 1280 -0.0204579 0.558662
7 1280 0.0989048 0.572822
8 1097 -0.120647 -0.322709
8 1100 -0.044035 -0.315378
8 1102 -0.310697 -0.269932
8 1103 -0.00942064 -0.312623
8 1105 -0.277568 -0.266458
8 1110 0.0528889 -0.30783
8 1111 -0.126916 -0.277275
8 1114 -0.0969554 -0.274682
8 1123 -0.0957131 -0.259133
6 1281 0.0903443 -0.222062
8 1281 -0.0446379 -0.254247
6 1282 0.187627 -0.211327
8 1282 0.050647 -0.259077
8 1141 0.0726959 -0.256632
8 1142 0.028661 -0.246859
6 893 0.232914 -0.19837
8 1145 0.0610236 -0.243557
6 1283 0.205484 -0.192358
8 1283 0.0750487 -0.242815
8 1149 -0.00601888 -0.220762
8 1151 0.0107863 -0.218513
8 1152 0.175001 -0.244944
8 1154 0.0220425 -0.217478
8 1158 0.0555653 -0.213802
8 1162 0.0797837 -0.211123
6 1284 0.377502 -0.159995
8 1284 0.240829 -0.238583
6 1285 0.254078 -0.145459
8 1285 0.136009 -0.205268
6 1286 0.260198 -0.143392
8 1286 0.141022 -0.205316
6 883 -0.115035 -0.140891
6 1287 0.272518 -0.139699
8 1287 0.150904 -0.203368
8 1169 0.163609 -0.202021
8 1174 0.262337 -0.207468
8 1175 -0.217881 -0.117917
8 1176 -0.331456 -0.094395
6 1288 0.15882 -0.116922
8 1288 0.0548843 -0.162354
6 1289 0.182248 -0.110762
8 1289 0.0807434 -0.160387
6 1290 0.441565 -0.110923
8 1290 0.309168 -0.202998
8 1180 0.0912077 -0.158457
8 1181 0.102265 -0.157734
6 1291 0.432506 -0.101468
8 1291 0.304844 -0.19316
6 1292 0.141124 -0.0893349
8 1292 0.0478255 -0.132401
6 1293 0.453567 -0.081167
8 1293 0.328197 -0.177943
6 1294 -0.189091 -0.0644592
8 1294 -0.28216 -0.0428695
8 1197 0.201954 -0.122973
6 1295 0.341963 -0.0308585
8 1295 0.247333 -0.112151
8 1199 -0.279756 0.000321357
6 1296 0.338072 -0.022506
8 1296 0.244502 -0.102916
8 1201 0.277014 -0.10011
6 1297 0.0538641 -0.0117076
8 1297 -0.00533077 -0.0408124
8 1203 0.0170441 -0.0455712
8 367 -0.071722 -0.0206391
8 1206 -0.053855 -0.0231587
6 442 0.0727176 -0.00503555
8 1207 0.164515 -0.0679124
8 82 -0.0293679 -0.026726
8 1210 -0.0379627 -0.0150237
8 1213 -0.0473885 -0.011163
8 1214 -0.0959072 0.00267049
6 1298 0.042917 0.013534
8 1298 -0.0153755 -0.0129746
8 1217 -0.0185825 -0.00549379
6 1299 0.0232107 0.0202768
8 1299 -0.0331502 -0.00180946
8 1218 -0.0267155 -0.00325396
8 1220 -0.0137537 -0.00336712
6 1300 0.0539788 0.026305
8 1300 -0.00249488 -0.0018581
8 1225 -0.075778 0.0158806
8 401 0.215944 -0.0382116
6 1301 0.0264736 0.0349411
8 1301 -0.0337478 0.0133419
6 1302 0.0293532 0.0349132
8 1302 -0.0287076 0.0125041
6 1303 0.0332519 0.0346193
8 1303 -0.0238158 0.0113113
8 1229 0.239936 -0.0427398
6 1304 0.0381222 0.0420606
8 1304 -0.0129281 0.0157898
8 587 0.0801668 0.0196479
8 254 0.181913 0.00015407
8 843 0.209171 0.00803516
6 1305 0.241682 0.0906223
8 1305 0.21523 0.0193939
8 1248 0.253595 0.0169474
8 1249 0.296792 0.0086329
8 1250 0.200776 0.0314024
8 1251 0.232032 0.0235784
8 1252 0.239776 0.0218676
8 558 0.263287 0.0164596
8 1253 0.24656 0.0237857
8 1254 0.0347281 0.073348
6 1306 0.242575 0.118904
8 1306 0.21864 0.047087
6 1307 0.248054 0.117503
8 1307 0.224094 0.0441874
8 1261 0.133577 0.0840339
8 1262 -0.242658 0.176023
8 1263 0.152875 0.0862406
8 1264 -0.165347 0.170165
8 410 0.231908 0.0792185
8 901 -0.113198 0.161281
8 1265 -0.199435 0.183228
6 325 -0.129107 0.166121
6 1308 0.0647287 0.16671
8 1308 0.0511138 0.13378
6 1309 0.0688593 0.168771
8 1309 0.0544606 0.13423
6 1310 -0.112839 0.171418
8 1310 -0.113544 0.180293
6 1311 0.0882707 0.176081
8 1311 0.0761256 0.137116
6 444 0.349877 0.176034
6 1312 0.106591 0.184427
8 1312 0.0953606 0.141052
8 1266 0.313277 0.0886604
6 1313 -0.0540845 0.192902
8 1313 -0.0464401 0.187167
8 1270 0.31245 0.109162
6 1314 0.169546 0.20841
8 1314 0.166029 0.15069
6 1315 0.152177 0.219071
8 1315 0.148096 0.16424
6 150 -0.0113332 0.228923
6 1316 0.151933 0.234784
8 1316 0.153463 0.179216
6 413 0.37366 0.239171
6 1317 -0.0472705 0.241906
8 1317 -0.0323233 0.23542
8 650 -0.0190284 0.23205
8 612 -0.0261424 0.234379
6 1318 -0.271632 0.245483
8 1318 -0.271385 0.300394
6 1319 0.356878 0.247622
8 1319 0.339332 0.14481
8 1272 -0.173474 0.302859
6 1320 -0.179218 0.27772
8 1320 -0.161461 0.307522
6 889 -0.239128 0.296612
8 686 -0.0148048 0.337278
6 1321 0.0263465 0.378464
8 1321 0.0794081 0.351835
8 432 0.114278 0.357605
6 1322 -0.364023 0.4657
8 1322 -0.300007 0.562468
9 544 -0.414766 -0.178021
9 1122 -0.398911 -0.146853
9 249 -0.374583 -0.147841
9 1160 -0.0510874 -0.180105
9 883 -0.323611 -0.0585154
9 1175 -0.308134 -0.0407668
6 1323 -0.100338 -0.117982
9 1323 -0.291387 -0.0427955
6 1324 0.161826 -0.116047
9 1324 -0.0375061 -0.13251
9 1289 -0.028085 -0.133736
9 1178 -0.0169637 -0.133824
9 1181 -0.00479148 -0.134863
9 1191 -0.0334954 -0.0961811
9 1198 -0.356455 0.0901197
9 1296 0.14085 -0.109662
9 1200 -0.314157 0.0863617
9 367 -0.121698 0.0227202
9 442 -0.0544643 -0.0064129
9 82 -0.0735621 0.0051983
9 1298 -0.0668849 0.0190932
9 401 0.164257 -0.0561611
9 1301 -0.074832 0.0466677
6 721 0.12056 0.0372786
9 1236 0.0201886 0.0301861
9 1305 0.181293 -0.00623195
9 1248 0.21381 -0.0154275
9 1250 0.167044 0.00861777
9 72 0.159717 0.0190605
9 84 0.146763 0.0289059
9 1261 0.106159 0.0755058
9 1311 0.0725465 0.134565
9 148 -0.0668799 0.227734
9 1267 0.120377 0.130599
9 1268 0.127593 0.129326
6 1325 -0.238871 0.22733
9 1325 -0.186496 0.337481
9 1316 0.156047 0.154547
9 1318 -0.203672 0.372522
6 1326 0.291298 0.285083
9 1326 0.277245 0.13783
6 1327 0.1657 0.355112
9 1327 0.234997 0.239691
9 620 0.123812 0.325599
9 704 0.17531 0.304043
9 708 0.161031 0.321941
9 432 0.176041 0.319544
9 849 0.0717919 0.462068
6 1328 0.0762745 0.472724
9 1328 0.247219 0.368523
10 1140 -0.0912215 -0.229377
6 913 0.382015 -0.127425
10 1289 -0.0138794 -0.150504
10 1195 0.154449 -0.159637
10 1197 0.111851 -0.137274
10 1295 0.154752 -0.134935
6 1329 -0.213998 -0.0286319
10 1329 -0.321595 0.0540395
6 1330 0.204525 -0.0236956
10 1330 0.0629468 -0.0918555
10 1206 -0.0779106 -0.0158113
6 574 0.0228398 -0.00450362
10 1299 -0.0519382 0.000822574
10 314 0.178272 -0.0261035
10 84 0.172409 -0.00535506
10 1261 0.130895 0.0439756
10 1263 0.147423 0.0426289
10 1265 -0.144422 0.200003
10 102 0.209131 0.0302138
10 1309 0.0815224 0.101648
6 126 -0.0614575 0.175139
10 1311 0.0992542 0.099587
10 1015 0.111833 0.0993645
10 1267 0.147646 0.0959482
10 414 0.218336 0.097265
10 1316 0.184552 0.118681
10 1319 0.323426 0.0552453
10 1326 0.302021 0.104167
6 167 0.0888311 0.32159
6 1331 0.310328 0.324483
10 1331 0.33743 0.123434
6 288 0.169087 0.356527
6 1332 0.274616 0.403324
10 1332 0.365485 0.190352
11 1012 -0.304971 -0.487664
6 385 0.0585825 -0.557141
11 1104 -0.280085 -0.180535
11 1129 -0.294825 -0.129051
6 1333 0.0500119 -0.173078
11 1333 -0.00593799 -0.18211
6 1334 -0.241096 -0.146722
11 1334 -0.395476 -0.0113771
11 1293 0.233499 -0.165604
11 1195 0.191461 -0.130118
11 359 -0.0361831 -0.0381952
11 1298 0.0201888 0.00743912
11 1301 0.00683764 0.0359078
11 1305 0.269986 -0.0317112
11 1250 0.258096 -0.0165155
6 1335 -0.0446325 0.106938
11 1335 0.102857 0.0654289
11 1261 0.194312 0.0577034
11 907 0.322481 0.0230159
11 1267 0.216046 0.105831
11 1316 0.255398 0.126793
11 1319 0.381246 0.0647984
6 1336 -0.211935 0.254886
11 1336 -0.00634188 0.304992
6 1044 -0.154526 0.295383
11 889 0.0011165 0.352523
11 186 0.144734 0.294301
6 1337 -0.147278 0.357821
11 1337 0.129849 0.349111
11 163 0.369009 0.197933
6 1338 0.209103 0.412772
11 1338 0.409557 0.220613
11 849 0.221085 0.405691
6 1339 0.136421 0.454737
11 1339 0.393795 0.279083
6 493 0.0211997 -0.517622
6 1340 0.292062 -0.517538
12 1340 0.367811 -0.447242
6 1004 -0.0884128 -0.450724
6 232 -0.038987 -0.440677
6 199 0.0966503 -0.410994
6 875 -0.0841936 -0.328638
6 1341 -0.236791 -0.14455
12 1341 -0.156537 -0.0450811
12 59 0.058497 -0.0220972
6 1342 -0.0363253 0.00365611
12 1342 -0.0120762 0.0460497
12 254 0.287756 -0.0613931
12 84 0.281989 -0.0118368
12 378 0.218466 0.151564
13 92 0.250546 -0.00979326
13 171 0.0571907 0.193198
6 169 0.0261917 0.294534
6 969 0.05745 0.307807
13 294 0.137424 0.232192
13 1327 0.283258 0.150873
6 162 0.187117 0.364868
6 520 0.0065339 0.36824
6 424 0.101438 0.406822
13 1338 0.369089 0.160383
6 1343 0.0716519 0.423847
13 1343 0.297184 0.220265
6 1344 0.147056 0.426032
13 1344 0.354553 0.188254
6 986 0.0958593 0.434501
6 1010 0.284085 0.480927
6 387 0.317438 -0.367286
14 1138 -0.0598024 -0.183937
14 642 -0.183076 -0.0676789
6 1345 -0.0382641 -0.0415466
14 1345 -0.0779072 0.000629479
6 1346 -0.00590081 0.0257033
14 1346 -0.0341169 0.0427906
14 1304 0.0103974 0.0491485
14 1305 0.240945 -0.0486222
14 1250 0.231531 -0.033471
14 1265 -0.0403829 0.19879
8 1067 -0.064505 -0.588433
8 759 -0.0188362 -0.585658
8 1098 -0.104012 -0.321345
8 1094 -0.378835 -0.305965
8 40 -0.155544 -0.281091
7 1347 0.0214459 -0.249871
8 1347 -0.0861073 -0.273388
8 1116 -0.0753395 -0.272265
7 1348 0.0636438 -0.243382
8 1348 -0.0427367 -0.268667
8 1126 -0.0220278 -0.26632
8 1131 0.00219467 -0.263742
8 1119 -0.156941 -0.252078
8 1134 0.0229602 -0.261537
7 1349 0.16855 -0.225842
8 1349 0.0657255 -0.256904
7 398 -0.0398253 -0.216352
7 1350 -0.0280961 -0.214175
8 1350 -0.13162 -0.23508
7 1351 0.266512 -0.210303
8 1351 0.158887 -0.247137
8 1159 0.224619 -0.240058
8 1164 0.114302 -0.206845
7 1290 0.415625 -0.156265
7 1352 0.205062 -0.120577
8 1352 0.112117 -0.156218
8 1195 0.246114 -0.142277
8 1191 0.0439961 -0.124148
7 1353 0.0811304 -0.0822714
8 1353 -0.00481581 -0.109709
7 1295 0.339045 -0.0659373
7 1354 0.349685 -0.0548891
8 1354 0.259183 -0.102456
8 557 -0.045374 -0.0732929
7 1355 0.0220405 -0.0433127
8 1355 -0.0575125 -0.0684708
7 1356 -0.0325045 -0.0331888
8 1356 -0.114677 -0.0525699
7 1357 0.222202 -0.0331858
8 1357 0.140471 -0.0717454
7 1358 0.0714181 -0.0135208
8 1358 -0.00510358 -0.041603
8 316 -0.0471665 -0.0381997
7 447 -0.261685 -0.0107894
7 442 0.0812628 -0.00830969
8 1224 0.257824 -0.057049
8 712 -0.314365 -0.00331661
8 1222 0.20603 -0.046094
7 1359 0.277116 0.0026803
8 1359 0.202871 -0.0439406
7 1360 -0.0360125 0.0125106
8 1360 -0.113717 -0.00580115
7 1361 -0.021305 0.0137597
8 1361 -0.0974528 -0.00537672
7 1362 0.0449936 0.0138298
8 1362 -0.0297158 -0.0106936
7 1298 0.0583195 0.014291
8 950 -0.0909016 -0.00293241
7 1363 -0.00592674 0.0221669
8 1363 -0.0817676 0.00122932
7 1299 0.0400007 0.0232842
7 1364 0.0728521 0.0227522
8 1364 0.000465167 -0.00565203
8 1219 -0.0716949 0.00525307
7 1300 0.0692763 0.0263678
7 1365 0.371379 0.0304217
8 1365 0.290147 -0.0213092
8 1226 -0.0563826 0.0110668
7 1366 0.0529599 0.03575
8 1366 -0.0183501 0.00970733
8 1228 -0.0444859 0.013057
7 1303 0.0518155 0.0360161
7 1367 0.0337272 0.0373593
8 1367 -0.0388726 0.0134269
7 1301 0.0404188 0.0376091
8 1231 -0.0571218 0.0197503
8 1232 -0.0441922 0.0218776
7 1368 0.357213 0.0660702
8 1368 0.285897 0.0104944
8 1244 0.222398 0.0207054
7 1307 0.287218 0.0949818
8 1247 0.00688213 0.0697154
7 1369 0.359029 0.105407
8 1369 0.290061 0.049467
7 70 0.346252 0.106938
7 1370 0.129753 0.112576
8 1370 0.0666468 0.0792227
7 1371 0.238878 0.113959
8 1371 0.174234 0.0699445
8 95 0.198859 0.073092
7 1372 0.00696049 0.122094
8 1372 -0.0483545 0.0970868
7 1373 0.0167887 0.126183
8 1373 -0.0382136 0.100951
7 92 0.310529 0.129073
7 1374 0.20765 0.136713
8 1374 0.145564 0.095876
8 585 -0.00588239 0.112061
7 1375 0.365456 0.14017
8 1375 0.296145 0.0839294
7 1376 0.0503366 0.144235
8 1376 -0.00276575 0.116486
7 114 0.285309 0.154394
7 1377 0.102694 0.163959
8 1377 0.0461028 0.132966
7 116 0.0131739 0.168617
7 1378 0.120594 0.168568
8 1378 0.064302 0.135419
7 1311 0.13134 0.171172
7 1379 0.141365 0.173738
8 1379 0.0851858 0.138969
7 591 0.0380772 0.174879
7 1312 0.150249 0.176891
7 1380 0.183844 0.184477
8 1380 0.127536 0.144996
8 1019 -0.107593 0.172326
7 1310 -0.0592404 0.194221
7 136 -0.0443777 0.193849
7 1381 0.132238 0.193965
8 1381 0.0787835 0.15952
7 374 0.24081 0.198545
7 1382 -0.0656225 0.200675
8 1382 -0.119488 0.18773
7 1315 0.20199 0.205958
7 1383 -0.0100608 0.210337
8 1383 -0.0604697 0.19156
7 154 -0.0729997 0.222534
7 147 0.0467734 0.226004
7 330 0.0715834 0.233281
7 1317 0.0127352 0.256221
7 1384 -0.198753 0.276573
8 1384 -0.255732 0.283566
7 1385 -0.285974 0.279877
8 1385 -0.351014 0.298302
7 1386 -0.178061 0.282258
8 1386 -0.232077 0.286202
7 1318 -0.216625 0.290709
7 1387 0.0795511 0.301725
8 1387 0.0364697 0.273774
7 1388 0.231367 0.311315
8 1388 0.188361 0.264691
7 1389 0.14557 0.35662
8 1389 0.108186 0.320764
7 1390 -0.0371526 0.510715
8 1390 -0.056413 0.502372
8 850 -0.311075 0.576688
9 395 -0.357472 -0.208039
9 1117 -0.294433 -0.182655
7 1391 -0.144999 -0.218864
9 1391 -0.393231 -0.146906
7 1392 -0.0431727 -0.21709
9 1392 -0.278444 -0.168553
9 1142 -0.0985605 -0.206235
9 1162 -0.0425575 -0.180232
7 1393 0.179316 -0.161146
9 1393 -0.0298225 -0.165349
9 1290 0.165124 -0.205783
9 1167 -0.308843 -0.0596905
7 1394 0.199408 -0.121734
9 1394 0.00250488 -0.134973
7 1395 -0.13031 -0.0906582
9 1395 -0.30978 -0.0248876
9 1197 0.0986705 -0.120287
9 1185 -0.277491 -0.0178969
9 1295 0.140887 -0.117913
9 1354 0.153862 -0.110955
9 1201 0.171112 -0.111997
9 1204 0.0657708 -0.0641669
9 316 -0.0922806 -0.003106
9 1359 0.149108 -0.0596682
9 1218 -0.0673937 0.028277
7 1027 -0.0356366 0.0267512
7 1396 0.0358015 0.0374635
9 1396 -0.0819743 0.0479343
7 1397 0.046719 0.0371529
9 1397 -0.0723032 0.0459619
7 1398 0.174095 0.0600244
9 1398 0.0595704 0.0276126
9 1368 0.235038 -0.0260768
9 1244 0.187577 -0.00684178
7 1399 -0.062069 0.071978
9 1399 -0.15551 0.108156
9 1253 0.208632 -0.00839979
7 1400 0.0965525 0.082962
9 1400 0.00211635 0.069513
7 1401 0.286079 0.0955642
9 1401 0.190071 0.0169265
7 1402 -0.103824 0.106677
9 1402 -0.180404 0.1547
9 1370 0.0450944 0.0851784
9 1371 0.137002 0.0550417
7 1403 0.253327 0.115528
9 1403 0.163823 0.0455984
9 1372 -0.0203208 0.112768
9 92 0.209257 0.0446492
9 99 0.316768 0.0303292
9 1377 0.0429044 0.137734
7 1404 0.114249 0.167277
9 1404 0.0580778 0.136529
9 1270 0.267392 0.0612522
7 1405 0.275944 0.171218
9 1405 0.189803 0.092268
7 376 -0.0540906 0.17485
7 682 0.14944 0.185801
9 1265 -0.17319 0.242087
7 722 0.194166 0.186063
9 374 0.174969 0.124649
9 1382 -0.0768312 0.220572
9 145 -0.0549478 0.213663
9 601 -0.00467216 0.201246
7 1326 0.347452 0.253688
7 1406 -0.150013 0.292795
9 1406 -0.135309 0.346872
9 295 -0.141118 0.358956
7 980 0.0679905 0.372119
9 976 0.128607 0.324476
7 1407 0.118018 0.386524
9 1407 0.15489 0.323124
10 1123 -0.21802 -0.21259
7 1408 0.0652455 -0.197989
10 1408 -0.0649662 -0.230575
10 1393 -0.0156854 -0.18025
10 1181 0.00792849 -0.151635
10 1352 0.0201719 -0.151696
10 1177 -0.323916 -0.0511018
10 1354 0.168348 -0.12889
10 1211 0.212301 -0.132036
10 906 -0.0814597 -0.0234433
10 435 -0.110173 -0.00553285
10 1359 0.174861 -0.0927568
10 1210 -0.0602652 -0.0103446
10 1217 -0.0379288 -0.00646977
10 1218 -0.045583 -0.00221229
10 1223 -0.107586 0.0253567
10 1366 -0.041864 0.0122091
10 1233 -0.000424078 0.0102178
10 1249 0.271936 -0.0653293
10 1253 0.236885 -0.0452155
10 1250 0.195431 -0.0284352
10 1371 0.160124 0.0251493
10 1259 0.122868 0.0397267
10 1372 0.0172685 0.0614763
10 1374 0.143339 0.0516583
10 1375 0.26742 0.0145234
10 436 0.167402 0.05041
10 805 0.303273 0.00728696
10 1270 0.291447 0.0316201
10 1312 0.118233 0.0991842
10 136 -0.0297292 0.16219
10 1406 -0.100555 0.299231
7 168 0.108524 0.302691
7 164 0.202005 0.329254
7 1409 0.183561 0.354024
10 1409 0.321559 0.166338
7 397 -0.15554 -0.251763
11 1132 -0.252308 -0.131175
11 1165 -0.264849 -0.0512353
11 906 -0.0166232 -0.00266294
11 435 -0.0428776 0.015739
11 355 0.249143 -0.0742885
11 1299 0.0131951 0.0202303
11 1233 0.0631344 0.0289442
11 1371 0.220814 0.0397407
11 1263 0.210282 0.0561829
11 92 0.294612 0.0222357
11 1374 0.20897 0.0647184
11 1268 0.223887 0.104399
11 1265 -0.058123 0.210538
7 1410 -0.0969614 0.189381
11 1410 -0.0180491 0.197811
11 281 0.216207 0.113418
7 1411 -0.114312 0.195221
11 1411 -0.0308902 0.208485
7 1412 0.0571492 0.264526
11 1412 0.149403 0.214083
11 1384 -0.0642907 0.311065
11 1318 -0.0728788 0.330915
11 295 -0.00961187 0.3161
11 1271 -0.059683 0.356683
12 1087 -0.353865 -0.190861
12 1097 -0.205218 -0.153078
12 45 -0.354497 -0.0882175
12 711 -0.194952 0.00391775
12 1175 -0.169489 0.0132501
12 1295 0.205554 -0.0953229
12 557 0.0480415 -0.0299142
7 1413 0.0394654 -0.0383608
12 1413 0.0512747 -0.0211026
12 1207 0.173173 -0.0511813
12 906 0.0403447 0.0158449
12 82 0.0706765 0.00786227
12 1229 0.296088 -0.0933717
12 355 0.279086 -0.0824559
12 1366 0.0809562 0.0434852
7 57 0.264423 0.0721926
12 157 0.0379079 0.195865
12 1384 0.0796544 0.290473
13 634 -0.331516 -0.180244
13 359 -0.0803799 -0.0379767
13 943 -0.100716 -0.00336408
13 409 -0.0706458 0.0089075
13 1359 0.187435 -0.100602
13 1217 -0.0130957 0.00624704
13 99 0.340491 -0.00827367
13 1267 0.177947 0.0742875
13 130 0.16764 0.0825856
7 1414 -0.248567 0.599591
13 1414 0.0775852 0.517868
14 395 -0.31925 -0.120449
14 1108 -0.351715 -0.0954108
14 1413 -0.0183734 -0.0259773
14 1357 0.103753 -0.0509624
14 1014 0.0034029 -0.0283855
14 1207 0.124196 -0.0532866
14 82 0.00464818 0.00120193
14 1217 0.0114585 0.0233804
14 1231 -0.0172455 0.051948
7 1305 0.27709 0.0684299
14 1312 0.176496 0.0911265
14 158 0.148735 0.170017
14 380 0.207939 0.182816
14 1016 0.248295 0.207093
9 1114 -0.231866 -0.213545
8 1415 -0.239189 -0.261754
9 1415 -0.383934 -0.178991
9 1349 -0.0782625 -0.219791
9 1141 -0.071312 -0.220553
8 1416 -0.145756 -0.250868
9 1416 -0.276422 -0.183665
9 1145 -0.0790146 -0.206538
8 394 0.0651447 -0.242773
8 1417 -0.228681 -0.239209
9 1417 -0.365916 -0.158905
8 1418 0.27676 -0.234987
9 1418 0.125185 -0.229354
8 1122 -0.263277 -0.233842
8 1419 0.307526 -0.231698
9 1419 0.147143 -0.230566
8 1420 0.0654761 -0.212726
9 1420 -0.0517748 -0.180021
8 1160 0.0704153 -0.212382
9 1164 -0.0026221 -0.182506
9 1285 0.0068025 -0.182619
8 1421 0.290357 -0.205271
9 1421 0.148274 -0.205384
9 1287 0.024096 -0.183548
8 1422 0.342897 -0.199498
9 1422 0.193692 -0.207809
8 1423 0.352654 -0.198425
9 1423 0.202707 -0.208387
8 1424 -0.193209 -0.191042
9 1424 -0.30743 -0.11701
8 1425 0.439925 -0.189446
9 1425 0.269654 -0.211553
8 309 -0.163935 -0.187687
8 1426 0.348609 -0.16599
9 1426 0.209052 -0.180012
8 1289 0.0728506 -0.160974
8 1427 0.320537 -0.159884
9 1427 0.183828 -0.169762
8 1428 0.0923438 -0.158244
9 1428 -0.00930356 -0.134004
9 1352 0.00479492 -0.134999
9 1195 0.128264 -0.143501
8 569 -0.217656 -0.13611
8 1191 0.0583613 -0.122843
8 1429 0.132693 -0.115555
9 1429 0.0406881 -0.102329
9 1207 0.0818028 -0.0647877
9 88 -0.00293697 -0.0023822
8 319 -0.0840372 -0.0205427
9 1210 -0.0819567 0.0197892
9 1217 -0.0600018 0.0240942
8 1430 0.397195 -0.00460066
9 1430 0.299344 -0.0501061
9 712 -0.368453 0.0911465
9 1299 -0.0736831 0.0314107
8 462 -0.0995496 0.00187522
8 321 -0.0892953 0.0127691
9 1228 -0.0859767 0.0480886
9 1232 -0.087147 0.0574869
8 1431 0.0934227 0.0218954
9 1431 0.0511921 0.0278411
9 805 0.283364 0.0344991
8 1432 0.357076 0.0853056
9 1432 0.295778 0.0326615
8 1433 0.0678572 0.0863455
9 1433 0.0488452 0.0909891
8 1434 0.413252 0.0935644
9 1434 0.342147 0.0286591
9 446 0.132289 0.0826992
8 1268 0.134914 0.145118
9 1319 0.297286 0.0864691
8 1435 0.348651 0.144732
9 1435 0.308153 0.0837967
8 722 0.143066 0.146225
8 1436 0.149447 0.147464
9 1436 0.139854 0.12805
8 282 -0.0903832 0.157621
8 1437 0.302336 0.180821
9 1437 0.27632 0.124562
8 1438 0.396709 0.194026
9 1438 0.359097 0.115429
8 1439 0.308462 0.209557
9 1439 0.297427 0.146283
8 1440 -0.0508056 0.21497
9 1440 -0.0124253 0.232308
9 181 -0.0448347 0.293425
9 186 -0.0129798 0.340924
8 1441 0.429577 0.32785
9 1441 0.424441 0.21937
9 889 -0.136636 0.398596
9 434 0.0930061 0.330554
8 1442 0.180102 0.434205
9 1442 0.260204 0.36737
10 38 -0.311169 -0.223429
8 1443 -0.264049 -0.265171
10 1443 -0.387638 -0.19591
10 1119 -0.271288 -0.198436
10 1416 -0.259477 -0.199229
10 1418 0.132517 -0.236558
10 1286 0.0273023 -0.196695
10 1291 0.170532 -0.206623
10 1426 0.219706 -0.191068
8 1444 0.227992 -0.145282
10 1444 0.125459 -0.158813
10 1195 0.141944 -0.158812
10 441 0.0825138 -0.0858337
10 1362 -0.0504456 -0.00824914
10 1430 0.314071 -0.0714439
10 1214 -0.11667 0.0183756
8 1445 0.134619 0.00767718
10 1445 0.102433 -0.0187389
10 1305 0.208244 -0.0433679
8 1250 0.198641 0.0313729
8 1446 0.41931 0.0373358
10 1446 0.347363 -0.0427665
10 94 0.231085 0.0121781
10 1434 0.363062 0.00203813
10 443 0.385737 6.29239e-05
10 117 0.204368 0.0496003
10 130 0.132138 0.106358
10 1381 0.110804 0.117586
8 1447 0.138389 0.165041
10 1447 0.16436 0.109704
10 1437 0.30805 0.0902016
10 1438 0.383567 0.0834625
8 1448 0.26981 0.198798
10 1448 0.288699 0.110356
8 1449 -0.00647046 0.245072
10 1449 0.0683797 0.208342
10 166 0.177669 0.209416
8 1406 -0.19973 0.294506
10 686 0.0940165 0.288583
11 1122 -0.33067 -0.1279
8 1129 -0.231927 -0.229407
11 1174 0.16973 -0.179073
11 1422 0.225449 -0.181546
11 1180 0.0452497 -0.11998
11 1181 0.0578332 -0.120489
11 1197 0.157333 -0.10949
11 1207 0.148388 -0.0623424
11 1359 0.234765 -0.0782064
11 1206 -0.0124943 0.00488078
11 88 0.0738429 -0.00800029
11 1210 0.00491739 0.00972303
11 1217 0.027071 0.0126946
11 1218 0.01974 0.0169854
11 254 0.229761 -0.0376561
11 1445 0.156424 0.000426575
11 1366 0.0244237 0.0305655
11 1368 0.321344 -0.0505593
11 558 0.305797 -0.0422546
11 805 0.356315 0.0204872
8 1450 0.189602 0.0981966
11 1450 0.24121 0.061319
11 1312 0.188701 0.109148
11 374 0.268646 0.0995982
11 1437 0.372584 0.0979783
11 138 0.101396 0.161656
8 1451 -0.251513 0.309873
11 1451 -0.0436579 0.331414
8 344 0.0226625 -0.438727
12 1443 -0.318211 -0.0727424
12 1122 -0.2952 -0.0511768
12 642 -0.200661 0.0050539
12 441 0.155951 -0.0483343
12 1217 0.0776406 0.0290582
12 1299 0.0719656 0.0333523
12 254 0.266905 -0.0465427
12 1304 0.0764661 0.0552142
12 1305 0.308974 -0.0505083
12 1250 0.299717 -0.0345874
8 1452 -0.0253169 0.0648548
12 1452 0.115788 0.0767927
8 1028 0.171824 0.116273
12 429 0.312448 0.0747198
12 169 0.302085 0.178374
13 398 -0.237055 -0.11691
13 1122 -0.357241 -0.0944161
8 1453 -0.0989645 -0.231418
13 1453 -0.113559 -0.197417
13 1129 -0.322646 -0.0975456
8 640 -0.22346 -0.228029
13 121 -0.425451 0.0910697
8 1454 -0.408849 -0.0156965
13 1454 -0.407813 0.0887028
13 1303 -0.0144821 0.0217896
13 117 0.228044 0.029989
13 1319 0.337777 0.0313714
13 722 0.191234 0.0711937
13 1436 0.198209 0.0704831
13 1265 -0.0864652 0.175188
13 148 0.020271 0.1451
13 338 -0.00948049 0.251372
8 1455 0.416866 -0.590681
14 1455 0.374033 -0.594359
8 1456 0.408724 -0.555514
14 1456 0.370481 -0.571262
14 227 0.152545 -0.442882
14 1443 -0.363006 -0.0943409
14 1122 -0.344442 -0.0716974
14 1293 0.188515 -0.146972
8 1457 -0.369387 -0.119362
14 1457 -0.390065 0.0359565
8 1413 -0.0535511 -0.0594663
14 715 -0.0245539 0.00868884
14 1213 -0.0121869 0.0246143
14 1299 0.00537982 0.0273622
14 1366 0.0163433 0.0366971
14 1304 0.0155648 0.0477906
14 907 0.295155 0.00589284
14 1261 0.179192 0.0458452
14 1447 0.223366 0.0947484
14 1440 0.110505 0.170268
14 683 0.142002 0.184371
14 1442 0.389309 0.247686
9 1458 0.326027 -0.583403
10 1458 0.33442 -0.585461
9 1459 0.324519 -0.572895
10 1459 0.3321 -0.573447
9 1460 0.320261 -0.560767
10 1460 0.328256 -0.561924
9 1461 0.444562 -0.560055
10 1461 0.447732 -0.558428
9 1462 0.0235184 -0.55796
10 1462 0.0390518 -0.564373
9 1463 0.418144 -0.552089
10 1463 0.421633 -0.550891
9 1464 0.434925 -0.552419
10 1464 0.438129 -0.550703
9 1465 0.441389 -0.550798
10 1465 0.444426 -0.5498
9 1466 0.3531 -0.550014
10 1466 0.359657 -0.550982
10 195 0.325691 -0.551014
9 1467 0.190029 -0.547242
10 1467 0.201513 -0.551528
9 198 0.1122 -0.545939
9 1468 0.146641 -0.546115
10 1468 0.159077 -0.550876
9 757 0.176314 -0.546247
10 200 0.0690289 -0.551603
9 1469 0.441187 -0.541434
10 1469 0.443899 -0.540232
9 1470 0.160914 -0.53554
10 1470 0.173029 -0.540191
9 1471 -0.281172 -0.533787
10 1471 -0.263102 -0.547492
9 1472 -0.32472 -0.533389
10 1472 -0.305738 -0.548545
9 1473 0.435619 -0.524407
10 1473 0.438414 -0.522483
9 1474 0.432217 -0.513994
10 1474 0.435619 -0.513376
10 1025 -0.0549524 -0.498667
9 1475 0.417905 -0.464803
10 1475 0.421351 -0.46579
9 1476 0.413614 -0.452153
10 1476 0.416981 -0.452972
9 1477 0.410862 -0.442295
10 1477 0.414343 -0.443003
9 1478 0.408377 -0.433885
10 1478 0.411897 -0.434865
9 1479 0.405998 -0.426535
10 1479 0.409285 -0.427674
9 1480 0.400757 -0.411564
10 1480 0.403774 -0.412915
9 1481 0.365241 -0.410051
10 1481 0.369992 -0.412103
9 1482 0.398835 -0.400312
10 1482 0.402528 -0.402468
9 1483 0.467004 -0.301014
10 1483 0.46703 -0.300989
9 1484 0.365074 -0.293904
10 1484 0.368249 -0.29614
9 1034 0.365353 -0.285525
9 857 -0.156723 -0.263948
9 1485 0.445859 -0.246436
10 1485 0.447238 -0.249554
10 22 0.353714 -0.246012
9 24 0.285394 -0.23772
9 1486 0.197187 -0.232923
10 1486 0.203879 -0.239167
9 1487 0.410846 -0.232985
10 1487 0.415558 -0.2377
10 30 0.0474501 -0.234313
10 454 -0.0145731 -0.231876
9 1488 -0.0155868 -0.222247
10 1488 -0.00570395 -0.231722
9 1489 -0.157057 -0.216347
10 1489 -0.147095 -0.227958
9 1490 -0.202135 -0.214531
10 1490 -0.19156 -0.22644
9 1491 -0.18739 -0.215075
10 1491 -0.178149 -0.226901
9 1492 -0.243147 -0.213499
10 1492 -0.232419 -0.225776
10 1114 -0.221176 -0.225884
9 1493 -0.213075 -0.21385
10 1493 -0.203355 -0.226611
10 351 -0.26545 -0.224569
9 543 0.204585 -0.208681
9 458 -0.0612304 -0.208751
9 1494 0.181647 -0.206708
10 1494 0.191334 -0.216198
9 1495 0.150592 -0.205411
10 1495 0.159788 -0.214939
9 1496 0.155892 -0.205605
10 1496 0.165963 -0.215099
9 1497 0.396068 -0.205526
10 1497 0.402334 -0.212963
9 1498 0.130302 -0.204234
10 1498 0.140618 -0.213864
9 1123 -0.227443 -0.198617
9 1499 0.154226 -0.196055
10 1499 0.163134 -0.206575
9 1119 -0.279893 -0.183443
9 1500 0.411758 -0.182678
10 1500 0.417757 -0.191157
9 1501 -0.317635 -0.181546
10 1501 -0.304983 -0.198036
9 1502 -0.0117196 -0.181539
10 1502 0.000466798 -0.194707
9 1503 -0.0271285 -0.180754
10 1503 -0.0160657 -0.194109
9 1504 0.149047 -0.168322
10 1504 0.160981 -0.182108
10 249 -0.361232 -0.167203
10 1122 -0.386211 -0.167088
9 1505 0.420382 -0.110736
10 1505 0.43131 -0.125365
9 1506 0.434849 -0.111454
10 1506 0.445948 -0.12652
9 1507 0.40296 -0.108787
10 1507 0.414387 -0.12426
9 1508 0.338772 -0.103799
10 1508 0.3519 -0.120525
9 1509 0.410749 -0.0702697
10 1509 0.422902 -0.0883301
9 1510 0.11322 -0.0675032
10 1510 0.130166 -0.0884768
9 1511 0.124138 -0.0679506
10 1511 0.140533 -0.0891875
10 361 -0.2488 -0.0869819
9 1512 -0.249005 -0.0632717
10 1512 -0.231292 -0.0877077
9 1513 -0.292716 -0.0606131
10 1513 -0.278998 -0.0855081
10 64 0.32482 -0.0712386
9 469 0.330323 -0.0503395
9 1514 0.308995 -0.0177274
10 1514 0.326564 -0.0408512
10 843 0.202913 -0.0555736
10 984 0.169115 -0.0526289
9 1515 0.267056 -0.0146758
10 1515 0.28591 -0.038362
9 1516 0.159979 -0.0116843
10 1516 0.188967 -0.0495044
10 1244 0.214582 -0.0439086
9 1517 0.179563 -0.00585213
10 1517 0.207399 -0.0431024
9 1518 -0.174571 0.0012936
10 1518 -0.155444 -0.0269845
10 1298 -0.0453477 -0.0117554
9 1519 -0.137983 0.0240223
10 1519 -0.11665 -0.0056901
9 1520 -0.0539551 0.023802
10 1520 -0.0325059 -0.00638651
9 1521 -0.0459775 0.025794
10 1521 -0.0246395 -0.00401612
9 1522 0.0882905 0.0250216
10 1522 0.110107 -0.00310781
9 1523 0.377314 0.0253506
10 1523 0.397374 -0.00093081
9 1524 0.351034 0.0277293
10 1524 0.372715 0.00130166
9 1525 -0.0481095 0.0299985
10 1525 -0.0281125 0.00198435
9 1233 -0.0162533 0.032627
10 1432 0.31791 0.00509232
9 1526 -0.0598156 0.0407185
10 1526 -0.039101 0.0107377
10 951 0.239766 0.00811486
9 1366 -0.0646487 0.0431807
9 105 -0.157681 0.0450367
10 954 -0.0966385 0.0134176
9 1527 -0.167614 0.0458128
10 1527 -0.147507 0.0146519
9 955 -0.108808 0.0460877
10 1301 -0.0544629 0.0160229
10 1228 -0.0651064 0.016896
9 1214 -0.136509 0.0493753
9 1528 -0.0792303 0.056476
10 1528 -0.0565733 0.0253865
9 1529 0.170881 0.0612587
10 1529 0.197397 0.0269952
9 1530 0.130494 0.0624063
10 1530 0.155005 0.0324756
9 1531 0.163402 0.0779564
10 1531 0.187396 0.046999
9 1532 0.155081 0.0801278
10 1532 0.179902 0.0483225
9 117 0.179604 0.0816761
9 1533 -0.140196 0.107972
10 1533 -0.116068 0.0731936
9 1437 0.280785 0.123798
10 374 0.201908 0.0901647
9 472 -0.0155433 0.12583
10 1436 0.166995 0.0935254
9 1534 0.109268 0.14069
10 1534 0.135914 0.105467
9 1535 0.163736 0.141549
10 1535 0.192128 0.106105
9 1536 0.16589 0.167572
10 1536 0.194903 0.13061
10 376 -0.0480738 0.150824
10 608 0.0599176 0.15459
9 1537 0.413237 0.199827
10 1537 0.44429 0.162664
10 140 0.000730005 0.16205
9 181 -0.0383023 0.292344
9 1538 0.111693 0.304272
10 1538 0.147764 0.260627
9 1539 0.0331011 0.337437
10 1539 0.0703772 0.290831
9 1540 0.0188338 0.338646
10 1540 0.0569988 0.292267
9 1541 -0.0405357 0.378142
10 1541 -0.00256476 0.330176
11 1461 0.452668 -0.499821
11 1467 0.226476 -0.492162
11 1476 0.427402 -0.403669
11 1478 0.422674 -0.386733
11 1480 0.415853 -0.366703
11 1482 0.414544 -0.356124
11 1483 0.478495 -0.26261
11 857 -0.102502 -0.231756
9 1542 -0.194105 -0.261822
11 1542 -0.13789 -0.230523
9 1543 0.176687 -0.231735
11 1543 0.214477 -0.201819
11 239 0.204139 -0.201671
9 1544 0.023575 -0.224547
11 1544 0.07134 -0.195582
11 1492 -0.186399 -0.184163
11 1493 -0.15686 -0.185614
9 1104 -0.339374 -0.208962
11 395 -0.29812 -0.180099
11 1496 0.198426 -0.180345
11 1497 0.425308 -0.18154
11 1498 0.175459 -0.179248
9 1545 0.117318 -0.203
11 1545 0.162227 -0.177895
11 456 0.38855 -0.179507
9 247 0.326316 -0.201827
11 1501 -0.254745 -0.15857
9 1546 0.218229 -0.18044
11 1546 0.262192 -0.15994
9 1547 -0.00579349 -0.166962
11 1547 0.0500514 -0.147701
9 1548 -0.288337 -0.151862
11 1548 -0.222128 -0.132752
9 1129 -0.360888 -0.147961
9 1195 0.137084 -0.144593
9 1549 0.115788 -0.143497
11 1549 0.171639 -0.128884
11 1424 -0.237698 -0.103411
11 1508 0.386639 -0.0967191
9 467 0.346929 -0.104132
11 64 0.367528 -0.051956
9 402 0.155321 -0.0177944
11 1514 0.373387 -0.0240214
11 843 0.265935 -0.0440921
9 1550 0.291593 -0.0165755
11 1550 0.357724 -0.0224442
9 362 -0.16564 -0.00776965
11 577 -0.069942 -0.000971333
9 1445 0.0771779 0.00891656
9 1206 -0.0992086 0.0142679
11 1398 0.140685 0.0169842
9 483 -0.17694 0.0304287
11 1525 0.0360235 0.0213032
11 84 0.23598 0.0067423
11 1432 0.369893 0.01826
11 1526 0.0259997 0.0300294
11 1527 -0.0793179 0.0364378
11 1397 0.0153133 0.0339469
11 1214 -0.0476245 0.0390221
11 117 0.266736 0.0604556
11 1435 0.389208 0.0626869
9 1551 0.212728 0.094007
11 1551 0.297673 0.0742236
11 1438 0.443374 0.0897824
9 1552 0.348731 0.11627
11 1552 0.434636 0.090072
9 322 0.302172 0.121729
9 1553 0.313947 0.135434
11 1553 0.404701 0.10768
11 127 0.243463 0.110422
9 128 0.133347 0.137951
9 281 0.11913 0.138991
11 1534 0.207399 0.115014
11 1535 0.260658 0.115059
11 1536 0.266127 0.137619
9 1554 -0.0163974 0.194199
11 1554 0.105893 0.149722
9 1555 -0.20183 0.233427
11 1555 -0.0887099 0.203532
9 1556 0.275623 0.246812
11 1556 0.384756 0.206737
9 1557 0.131216 0.282502
11 1557 0.250885 0.240745
9 1558 -0.0715677 0.286161
11 1558 0.0499089 0.247794
11 181 0.0845964 0.253156
11 292 0.075245 0.253927
9 431 0.248417 0.302987
9 1559 0.0678751 0.332881
11 1559 0.195704 0.28852
11 986 0.346751 0.285656
11 1325 -0.0586752 0.297828
9 1560 -0.00594029 0.340758
11 1560 0.124015 0.295942
9 1561 0.275744 0.363928
11 1561 0.406156 0.311259
11 1328 0.380037 0.315991
9 1562 0.0622072 0.415003
11 1562 0.202664 0.364801
12 22 0.331532 -0.199419
9 1563 0.340701 -0.241186
12 1563 0.322636 -0.197178
12 25 0.249215 -0.185019
12 452 0.265315 -0.187493
9 1564 0.232933 -0.235144
12 1564 0.235379 -0.18271
9 1565 0.239689 -0.235327
12 1565 0.240057 -0.18364
9 1566 0.192256 -0.232686
12 1566 0.206461 -0.17794
12 1487 0.390632 -0.200658
12 1543 0.189436 -0.175127
12 1419 0.162846 -0.170879
9 1567 0.167875 -0.230969
12 1567 0.181585 -0.174267
12 304 -0.222108 -0.108884
12 1425 0.276085 -0.170874
12 1104 -0.261806 -0.102663
9 1568 0.388146 -0.20558
12 1568 0.380503 -0.180029
12 802 0.156711 -0.151037
12 719 0.218442 -0.146838
9 1569 -0.332415 -0.181344
12 1569 -0.246056 -0.083791
12 1501 -0.229894 -0.0867714
12 1546 0.247424 -0.145576
12 1549 0.173095 -0.109687
9 1570 0.125115 -0.143546
12 1570 0.177818 -0.109982
12 1197 0.16627 -0.0918109
12 309 -0.169548 -0.0469681
9 1571 0.20144 -0.0548597
12 1571 0.309932 -0.0889154
12 555 0.349601 -0.0722429
12 558 0.337655 -0.063606
12 843 0.303171 -0.061862
9 1572 0.126297 -0.00140564
12 1572 0.257259 -0.0357395
12 1210 0.0627464 0.024743
12 1298 0.077845 0.0200298
12 805 0.381298 -0.00543102
12 444 0.360707 -0.000965552
12 272 0.369097 -0.00228802
12 1527 -0.0109329 0.0588037
12 374 0.32373 0.0718232
12 414 0.34274 0.07443
12 1029 0.333699 0.0768671
12 128 0.292606 0.0862232
12 1316 0.317872 0.0959065
9 1573 0.189731 0.159026
12 1573 0.350091 0.0943514
12 1555 0.0281073 0.2022
12 1265 0.0573558 0.204442
12 292 0.19081 0.224741
12 708 0.385754 0.216496
9 1574 0.165511 -0.547095
13 1574 0.138438 -0.453798
13 1480 0.349572 -0.34262
13 1481 0.318806 -0.340698
13 1484 0.330983 -0.236445
13 1485 0.408898 -0.201566
9 1575 0.182486 -0.231812
13 1575 0.176587 -0.180277
9 1576 0.0872554 -0.227082
13 1576 0.0906124 -0.172287
9 1577 0.433607 -0.208994
13 1577 0.404544 -0.176633
13 395 -0.323162 -0.13964
13 1129 -0.319818 -0.0976499
13 1181 0.019897 -0.106285
13 309 -0.234026 -0.0815538
13 1505 0.411204 -0.110668
13 311 0.331643 -0.101557
13 1508 0.340389 -0.102393
13 1509 0.410777 -0.0831867
13 1510 0.139646 -0.065798
13 1511 0.149605 -0.0667546
13 1550 0.312909 -0.0404035
13 1250 0.211041 -0.0487319
13 1210 -0.0277367 0.000804765
13 1298 -0.0129032 -0.00327101
13 367 -0.0662483 0.00770684
13 1217 -0.00608983 0.00174344
13 1521 0.00531245 0.00736047
13 1525 0.00397276 0.0102337
13 1299 -0.0187687 0.00999577
13 954 -0.0596844 0.0239611
9 1578 -0.0980329 0.0567055
13 1578 -0.0396018 0.0338641
13 1027 -0.0929516 0.0381986
13 1270 0.305531 0.0147454
13 1399 -0.0874103 0.0745727
9 1579 0.385754 0.112722
13 1579 0.424015 0.0448673
9 1580 -0.109864 0.114097
13 1580 -0.0431141 0.0763746
13 1438 0.400073 0.0480341
13 1552 0.389369 0.0494009
13 322 0.34787 0.0563059
13 1553 0.361728 0.0658484
13 127 0.205534 0.0765724
13 128 0.192459 0.0779929
13 281 0.179661 0.0802068
13 1534 0.171271 0.0816001
13 1535 0.222962 0.0791649
13 682 0.157725 0.0836879
9 1581 0.171471 0.153304
13 1581 0.231583 0.0862931
13 1316 0.217324 0.0887662
13 416 0.267817 0.0877613
9 135 0.259032 0.166431
13 1554 0.0691729 0.0982745
13 138 0.0653802 0.115253
9 1009 -0.0745583 0.232372
14 1466 0.28268 -0.449322
9 1582 -0.379052 -0.533007
14 1582 -0.331567 -0.409615
14 1479 0.337846 -0.351231
9 1583 0.441687 -0.413694
14 1583 0.367758 -0.342931
14 220 0.242406 -0.332316
9 229 -0.211082 -0.390414
14 694 0.239902 -0.289245
14 1484 0.318697 -0.23728
9 1584 0.226437 -0.234504
14 1584 0.210984 -0.181688
14 1425 0.254324 -0.1695
9 1585 0.398599 -0.205603
14 1585 0.365406 -0.174362
14 456 0.330417 -0.169675
14 247 0.303405 -0.166065
14 1392 -0.233113 -0.0980348
9 1586 0.320076 -0.155503
14 1586 0.310188 -0.134948
14 1195 0.145569 -0.112333
14 1181 0.0288249 -0.0956605
14 1506 0.418155 -0.112286
14 252 0.353237 -0.102417
14 1508 0.339242 -0.100221
14 1509 0.408609 -0.082211
9 527 0.32603 -0.0189556
14 577 -0.0760545 0.0163259
14 1206 -0.0198899 0.0154741
14 1210 -0.00329499 0.0183828
14 1298 0.0116047 0.0142226
9 471 -0.118688 0.0213012
9 1587 0.425356 0.0216937
14 1587 0.443992 -0.0197517
14 1217 0.0187615 0.0189125
9 269 0.0816352 0.0252433
14 1523 0.404808 -0.0136255
14 1525 0.026269 0.0281146
14 1528 0.00479087 0.0497047
14 1027 -0.0655145 0.0587334
9 1588 0.149152 0.0808708
14 1588 0.217726 0.0464867
14 374 0.253099 0.0756293
14 1029 0.26199 0.081473
14 1534 0.197542 0.0938464
14 1535 0.247078 0.0889293
9 1589 0.175592 0.142502
14 1589 0.257842 0.0885518
14 1581 0.256911 0.0967887
14 416 0.291303 0.0970925
14 1555 -0.070604 0.195352
14 175 0.0920454 0.215535
14 889 0.0309961 0.317045
11 1471 -0.216748 -0.486367
10 1590 -0.152958 -0.286825
11 1590 -0.107587 -0.244713
10 1591 -0.168679 -0.285615
11 1591 -0.12335 -0.242647
11 856 -0.0581933 -0.234102
10 1542 -0.183194 -0.273401
11 1485 0.462281 -0.215134
11 22 0.374274 -0.211277
10 1592 0.274648 -0.242419
11 1592 0.298382 -0.206372
11 24 0.311197 -0.206621
10 1593 0.237626 -0.241056
11 1593 0.263781 -0.204353
10 1594 0.255036 -0.241581
11 1594 0.280277 -0.205468
10 1595 0.218512 -0.240079
11 1595 0.245758 -0.203381
11 1486 0.232652 -0.202157
10 1596 0.140672 -0.237308
11 1596 0.172667 -0.200222
10 1597 0.153804 -0.237544
11 1597 0.184557 -0.200822
10 1598 0.0952036 -0.235265
11 1598 0.128891 -0.198016
10 1599 -0.246545 -0.225591
11 1599 -0.199477 -0.183892
11 696 -0.230623 -0.182673
11 351 -0.217683 -0.182781
10 1600 0.308316 -0.220978
11 1600 0.334535 -0.187538
10 1601 0.184255 -0.216166
11 1601 0.216094 -0.181604
10 1174 0.133402 -0.213638
11 1123 -0.168649 -0.173205
10 1602 0.374642 -0.212258
11 1602 0.398013 -0.180256
10 456 0.365786 -0.211437
10 247 0.335267 -0.210428
11 1416 -0.207736 -0.160015
10 1603 -0.280768 -0.19823
11 1603 -0.228425 -0.158957
11 723 0.274721 -0.160834
10 1604 -0.246345 -0.186339
11 1604 -0.193272 -0.148527
10 1605 0.18157 -0.181696
11 1605 0.218168 -0.150422
10 860 0.359484 -0.170766
10 1606 -0.293041 -0.168508
11 1606 -0.240038 -0.131489
10 1607 0.166195 -0.161306
11 1607 0.206756 -0.131397
10 1608 0.0416337 -0.154023
11 1608 0.0880882 -0.123192
11 1352 0.0658341 -0.120695
10 1609 0.387836 -0.12292
11 1609 0.421884 -0.0999273
10 1610 0.0214851 -0.120317
11 1610 0.0726351 -0.0919149
10 1611 0.0568447 -0.120752
11 1611 0.106033 -0.0931856
11 1330 0.115317 -0.0666945
11 1511 0.189685 -0.0654809
11 1512 -0.169651 -0.0580179
11 361 -0.187838 -0.0569429
10 1612 0.111976 -0.0872794
11 1612 0.162457 -0.0634911
11 58 -0.210755 -0.055114
11 643 0.140844 -0.0619603
10 251 0.23129 -0.086066
10 255 -0.298724 -0.084394
10 1613 -0.293902 -0.0846906
11 1613 -0.232864 -0.0536811
10 60 -0.291694 -0.0847498
10 642 -0.313088 -0.0833843
11 356 0.285546 -0.0450637
10 1614 -0.040867 -0.0525443
11 1614 0.0237452 -0.032485
11 1253 0.298345 -0.0339094
11 895 -0.0709485 -0.0187555
11 1446 0.393171 -0.0260277
10 85 -0.147086 -0.0358229
11 1520 0.0307305 0.0132814
10 1615 0.112267 -0.00325495
11 1615 0.170766 0.01405
11 1523 0.443502 0.0121077
10 483 -0.156659 0.000327254
11 835 0.400156 0.0158036
10 272 0.290298 0.00751713
11 411 -0.0447171 0.0311972
11 1301 0.0108309 0.0350447
10 1214 -0.11474 0.0185255
11 109 0.185184 0.0350938
10 1616 -0.0904632 0.0259701
11 1616 -0.0233501 0.045327
10 1617 -0.0786476 0.0253611
11 1617 -0.0101455 0.0445621
10 1618 -0.0708322 0.0258124
11 1618 -0.00381578 0.0449728
11 1528 0.0107829 0.0435739
11 1529 0.261453 0.0385255
11 1270 0.348563 0.0433403
10 1619 0.186165 0.0320005
11 1619 0.246879 0.0445809
10 836 0.17245 0.0494223
10 1620 0.15412 0.0506011
11 1620 0.217707 0.0637654
10 1621 0.159941 0.0507089
11 1621 0.221893 0.0636376
11 98 0.121339 0.0692261
10 1622 -0.0945725 0.0804007
11 1622 -0.019543 0.0957194
10 1552 0.376703 0.0839202
10 1623 0.291473 0.0922092
11 1623 0.355033 0.0995034
11 476 0.25177 0.109837
10 1553 0.342715 0.101589
11 1326 0.366947 0.11036
11 130 0.200836 0.116253
10 1624 0.216138 0.11224
11 1624 0.284493 0.119824
10 1554 0.0194727 0.145924
11 141 0.102302 0.171021
11 327 0.0433938 0.181385
11 914 0.447773 0.189208
10 1555 -0.173517 0.191562
10 1625 0.00584519 0.237228
11 1625 0.0919038 0.242816
10 1626 -0.00123882 0.24776
11 1626 0.0871336 0.252543
10 433 0.197198 0.276568
10 1627 0.0258774 0.294389
11 1627 0.119332 0.296639
10 1628 0.108708 -0.329667
12 1628 0.116921 -0.245932
12 1484 0.33711 -0.242417
12 5 0.227766 -0.224476
10 1629 -0.191458 -0.272453
12 1629 -0.141688 -0.1633
12 391 0.303169 -0.194377
12 453 0.133399 -0.165988
12 393 0.102206 -0.161124
12 696 -0.217447 -0.109805
12 38 -0.245136 -0.105508
12 395 -0.291685 -0.0979872
12 305 -0.279843 -0.100308
12 543 0.223614 -0.162666
12 1601 0.202737 -0.15895
10 1630 0.423756 -0.214776
12 1630 0.406085 -0.184859
10 1568 0.391933 -0.212585
12 1497 0.38951 -0.181495
12 247 0.33082 -0.170807
12 46 0.0866372 -0.128717
12 723 0.260091 -0.14778
10 1631 0.254397 -0.192065
12 1631 0.268889 -0.148344
12 1604 -0.173425 -0.0845968
10 1632 -0.331399 -0.167295
12 1632 -0.24375 -0.0590866
10 353 -0.317011 -0.16721
12 1607 0.205674 -0.115204
10 1633 0.383111 -0.147884
12 1633 0.393839 -0.130023
12 1506 0.454735 -0.121707
12 1330 0.140231 -0.0511145
12 1612 0.18623 -0.0536181
12 643 0.165072 -0.0498148
10 1634 -0.281661 -0.085072
12 1634 -0.17144 -0.000531016
10 555 0.266713 -0.0636254
12 51 0.347354 -0.07123
10 1413 -0.0706975 -0.0597807
10 1635 0.0249317 -0.0579835
12 1635 0.117309 -0.0190989
12 1614 0.0762386 -0.0169594
12 256 0.0887796 -0.0169193
12 1446 0.400189 -0.0480084
10 266 -0.0773643 -0.0159907
12 84 0.28122 -0.0104195
12 96 0.218315 0.00980221
10 483 -0.16505 -0.00314215
12 1615 0.213273 0.0110292
12 97 0.192346 0.0156636
12 483 -0.0253304 0.0491913
12 1525 0.0913527 0.0344938
12 470 0.309578 0.00248703
10 109 0.124579 0.0194543
12 1223 0.0271445 0.0626463
12 1529 0.306851 0.0169693
10 1636 -0.128174 0.0733294
12 1636 0.0254697 0.102988
12 1622 0.0584191 0.103288
10 1637 0.279199 0.0935477
12 1637 0.390087 0.0636671
12 476 0.311883 0.0817688
10 1638 0.149163 0.103882
12 1638 0.281699 0.0888586
12 130 0.269795 0.0926865
12 1554 0.205145 0.122219
12 327 0.152535 0.161081
13 1479 0.352263 -0.35482
13 220 0.252491 -0.336857
13 387 0.199414 -0.333555
13 1591 -0.155609 -0.205463
13 1542 -0.169194 -0.192449
10 1639 -0.166365 -0.273631
13 1639 -0.15414 -0.193602
13 1629 -0.176887 -0.192109
13 1596 0.13253 -0.176589
13 1597 0.14326 -0.177666
13 1418 0.12434 -0.175554
13 30 0.0453293 -0.168705
13 1493 -0.18765 -0.150082
13 1490 -0.175548 -0.15067
13 1492 -0.212011 -0.148224
13 1114 -0.202169 -0.148987
10 1640 -0.258032 -0.224791
13 1640 -0.238759 -0.146022
13 40 -0.277117 -0.142945
13 395 -0.336068 -0.138502
13 1600 0.286826 -0.173442
10 1641 0.257904 -0.218637
13 1641 0.241492 -0.169503
13 1601 0.174077 -0.163567
13 1602 0.347342 -0.170752
10 1642 -0.194861 -0.187686
13 1642 -0.175177 -0.122006
13 1604 -0.224186 -0.118133
10 1643 -0.233953 -0.186427
13 1643 -0.212539 -0.119004
13 1605 0.176802 -0.138459
13 860 0.339284 -0.14067
13 1606 -0.266634 -0.102609
10 640 -0.340839 -0.167329
13 1607 0.164777 -0.121826
10 1644 -0.178481 -0.143398
13 1644 -0.1411 -0.125308
13 1506 0.423961 -0.112183
10 1645 0.412119 -0.12417
13 1645 0.394084 -0.108593
10 1646 0.39182 -0.107413
13 1646 0.378378 -0.0954076
10 1647 0.447668 -0.101182
13 1647 0.428713 -0.0931188
10 1648 0.20962 -0.0985447
13 1648 0.217102 -0.107321
10 1649 0.151471 -0.0894745
13 1649 0.160124 -0.0679165
10 1650 -0.238764 -0.0870761
13 1650 -0.20767 -0.0431593
13 1635 0.0454318 -0.0366868
13 1614 -0.0121659 -0.0426962
13 256 0.000722604 -0.0409506
13 65 0.272909 -0.0488386
10 1651 0.447914 -0.0045595
13 1651 0.443887 -0.0214419
13 835 0.354558 -0.0103616
13 100 0.345421 -0.00931662
10 1652 0.329419 0.00505647
13 1652 0.336864 -0.00776918
13 1526 -0.00721067 0.0191819
13 1301 -0.0204848 0.0230094
13 106 0.163599 0.0146382
13 1616 -0.0545562 0.0355868
10 1653 -0.0876943 0.0265066
13 1653 -0.0510484 0.0349166
13 1622 -0.0523556 0.0774251
13 322 0.365416 0.0530135
13 1437 0.329818 0.0588581
13 1637 0.303321 0.0625842
10 128 0.159789 0.101863
13 1638 0.182642 0.0796185
10 1654 0.359153 0.136379
13 1654 0.384325 0.0908121
13 604 0.0295474 0.136089
13 327 0.00980229 0.134722
13 914 0.406741 0.131791
13 292 0.0464275 0.204911
10 520 0.164041 0.278889
13 788 0.378933 0.210736
10 300 -0.39124 -0.549657
10 1582 -0.358242 -0.549102
10 218 -0.344136 -0.547251
14 1480 0.334912 -0.339851
14 530 0.195734 -0.222912
14 8 0.0881635 -0.209098
14 857 -0.133988 -0.182679
14 1542 -0.167379 -0.179041
10 20 -0.308695 -0.268801
14 22 0.312533 -0.194376
14 1595 0.195642 -0.179285
14 239 0.158515 -0.175477
10 1655 0.187407 -0.238812
14 1655 0.169789 -0.176953
14 1596 0.130886 -0.171933
14 1599 -0.222364 -0.131162
14 1641 0.2378 -0.167179
14 1494 0.179929 -0.16042
14 1498 0.134207 -0.154398
10 1656 0.120884 -0.212684
14 1656 0.115787 -0.151891
14 1602 0.338993 -0.170978
14 1568 0.353942 -0.173155
14 1501 -0.271388 -0.105016
14 1631 0.238853 -0.146764
10 1392 -0.267348 -0.185414
14 1607 0.168483 -0.115846
14 1633 0.360854 -0.123761
14 1645 0.390513 -0.10824
10 252 0.371112 -0.121693
14 1510 0.150703 -0.0571707
14 1513 -0.226938 -0.016801
14 1614 0.0111726 -0.0238286
14 100 0.355031 -0.00466787
14 1616 -0.0272464 0.0534406
10 1231 -0.0799187 0.0252236
14 1530 0.198127 0.0338705
14 1623 0.331885 0.0684344
14 1637 0.322514 0.0697693
14 1015 0.173522 0.0912998
14 127 0.231155 0.0870524
14 476 0.238905 0.0852017
14 128 0.2174 0.0887786
14 1638 0.207491 0.0912583
10 1657 0.0643072 0.119781
14 1657 0.135657 0.112127
10 1658 0.3569 0.153129
14 1658 0.402294 0.109188
14 378 0.133811 0.153819
14 433 0.287955 0.224001
12 202 -0.0498477 -0.417639
11 1659 0.428938 -0.491362
12 1659 0.349659 -0.454321
12 1478 0.355799 -0.362038
12 695 0.0960491 -0.20183
12 236 0.104828 -0.203065
12 532 -0.0305836 -0.182027
11 1660 -0.112373 -0.231894
12 1660 -0.108835 -0.169407
12 857 -0.100796 -0.170141
12 17 -0.0305009 -0.174148
11 1097 -0.214133 -0.226859
12 348 0.0188689 -0.179167
11 1563 0.364395 -0.210154
12 27 0.226142 -0.181401
12 26 0.216876 -0.179589
12 1596 0.153007 -0.169439
11 1661 0.0979495 -0.196937
12 1661 0.0857738 -0.158691
11 1662 0.365784 -0.189875
12 1662 0.333224 -0.181589
11 1663 -0.135358 -0.186364
12 1663 -0.127534 -0.124425
11 455 0.31763 -0.186298
11 1664 -0.161052 -0.185421
12 1664 -0.152802 -0.120402
11 1425 0.300886 -0.185456
12 40 -0.23561 -0.107194
11 1665 0.210065 -0.181504
12 1665 0.195035 -0.157813
12 1496 0.184975 -0.156327
12 1602 0.361589 -0.176454
11 1666 -0.329005 -0.178927
12 1666 -0.310834 -0.0952164
11 1667 0.383065 -0.179215
12 1667 0.350124 -0.174388
12 396 -0.320801 -0.0935675
11 45 -0.37527 -0.176839
11 541 -0.400264 -0.175609
11 1631 0.289558 -0.161191
11 1668 -0.216487 -0.159745
12 1668 -0.197039 -0.09173
12 1416 -0.187497 -0.0931606
11 1669 -0.196307 -0.160402
12 1669 -0.177477 -0.0951701
11 1670 -0.232948 -0.158864
12 1670 -0.213648 -0.0886219
11 1671 -0.164095 -0.150007
12 1671 -0.142073 -0.0901965
11 1672 -0.181405 -0.149103
12 1672 -0.157578 -0.0871496
11 1604 -0.195401 -0.148205
12 1195 0.19201 -0.112469
11 1632 -0.274704 -0.129244
11 1633 0.415388 -0.121959
11 1673 -0.154237 -0.10881
12 1673 -0.119478 -0.0560567
12 1424 -0.200938 -0.0405691
11 1229 0.268056 -0.0824503
12 251 0.316288 -0.0859511
11 1674 -0.161045 -0.0583106
12 1674 -0.11496 -0.0114581
11 406 -0.155204 -0.058928
12 938 -0.128229 -0.00876507
11 1634 -0.221465 -0.0547002
12 58 -0.156927 -0.00336204
12 1613 -0.182105 0.00140466
11 502 0.177027 -0.0236653
12 895 -0.0120873 0.00839064
11 1675 0.173071 -0.00174254
12 1675 0.208781 -0.0019044
11 96 0.188252 0.0124664
11 1037 0.194192 0.0121488
11 586 0.164996 0.0146367
12 100 0.409772 -0.0117299
11 1676 0.00489149 0.018103
12 1676 0.0643544 0.0325266
12 648 -0.0204997 0.0634225
12 111 0.0140108 0.0588068
12 1619 0.290176 0.0270161
12 117 0.312646 0.0369587
12 1621 0.271253 0.0468769
12 1335 0.193046 0.0448951
11 1677 0.00823063 0.0931077
12 1677 0.0863205 0.0971101
11 118 0.108302 0.102585
11 1678 0.309281 0.104304
12 1678 0.359291 0.0709465
11 1679 0.298338 0.105024
12 1679 0.351233 0.0729046
11 1680 0.137399 0.122057
12 1680 0.233924 0.0911287
11 1681 0.0352013 0.151435
12 1681 0.129259 0.140909
11 1682 0.0105167 0.198693
12 1682 0.115855 0.185808
12 163 0.42777 0.144913
12 1411 0.0811444 0.199142
11 1683 -0.0800967 0.215192
12 1683 0.0380722 0.21158
11 161 0.0396619 0.217652
12 1626 0.201679 0.221468
12 181 0.195256 0.223889
13 300 -0.361544 -0.433763
11 1684 -0.258255 -0.487285
13 1684 -0.295463 -0.435026
11 1685 -0.237135 -0.486954
13 1685 -0.275322 -0.435337
11 1686 -0.223921 -0.486379
13 1686 -0.262411 -0.435395
13 1471 -0.255871 -0.435631
11 854 -0.195165 -0.485367
11 1687 0.118044 -0.359511
13 1687 0.0690306 -0.326013
11 1688 -0.370725 -0.283453
13 1688 -0.396962 -0.237507
13 21 -0.412481 -0.173776
13 28 0.185109 -0.181074
13 453 0.105048 -0.173493
11 1689 0.0569824 -0.1946
13 1689 0.0206259 -0.167111
13 241 0.0333009 -0.167936
13 1425 0.255508 -0.170748
13 304 -0.264056 -0.144114
11 1690 -0.273702 -0.181282
13 1690 -0.300344 -0.140927
13 1497 0.374171 -0.173253
13 45 -0.399672 -0.133564
11 544 -0.357384 -0.153789
11 766 -0.375192 -0.152914
13 1671 -0.19363 -0.120622
13 1195 0.151663 -0.120551
13 1632 -0.30158 -0.0989015
11 1691 -0.162676 -0.108292
13 1691 -0.191141 -0.0863338
11 1692 0.433953 -0.100539
13 1692 0.383549 -0.107435
13 467 0.347077 -0.103019
13 1330 0.0786048 -0.0645197
11 1693 -0.14164 -0.0602488
13 1693 -0.170546 -0.0475152
13 406 -0.184801 -0.0457305
13 361 -0.216246 -0.0427345
13 80 0.00333057 -0.0233871
13 895 -0.102105 -0.01814
11 1694 0.210889 -0.0088655
13 1694 0.16468 -0.0439209
11 1695 -0.0208444 0.00105975
13 1695 -0.0528741 -0.00569827
13 1523 0.39657 -0.0156419
13 1520 -0.00308397 0.00288075
13 1676 -0.0276231 0.00864078
11 1696 0.000516363 0.0358858
13 1696 -0.0313777 0.0244986
11 1697 0.0149137 0.0440913
13 1697 -0.0164225 0.0315229
13 370 0.21249 0.0243419
11 1698 -0.345226 0.0854069
13 1698 -0.37224 0.0840701
11 732 0.0330986 0.0910898
13 476 0.214183 0.0748692
13 1680 0.09572 0.0669465
11 1699 0.0452247 0.157017
13 1699 0.0102437 0.110441
13 141 0.0675538 0.123895
13 1410 -0.0465646 0.162678
11 1700 0.336695 0.202403
13 1700 0.298217 0.148463
13 489 0.292328 0.149532
11 1701 0.417927 0.219101
13 1701 0.378479 0.158114
11 171 0.106189 0.234679
13 1339 0.35588 0.210403
13 686 0.151872 0.229842
13 1337 0.0991849 0.283639
14 479 0.305866 -0.336777
14 629 0.145483 -0.32196
14 695 0.0702383 -0.206655
14 9 0.0437793 -0.203664
14 466 -0.0776678 -0.189823
14 21 -0.408026 -0.151649
14 1592 0.243748 -0.185419
11 1702 0.310158 -0.206626
14 1702 0.254582 -0.187309
14 1594 0.227548 -0.183714
14 537 0.113365 -0.169603
11 1703 0.16331 -0.199384
14 1703 0.120373 -0.17078
14 1598 0.0881735 -0.167026
14 1661 0.0590033 -0.163574
11 1704 -0.146497 -0.186048
14 1704 -0.172033 -0.137192
14 1663 -0.1609 -0.138572
11 1705 -0.173858 -0.185073
14 1705 -0.197422 -0.133872
14 1492 -0.210354 -0.132423
14 304 -0.259596 -0.126638
14 396 -0.362298 -0.115665
11 1706 -0.177797 -0.171999
14 1706 -0.199748 -0.122753
11 1707 -0.152072 -0.150398
14 1707 -0.17354 -0.105811
11 1708 -0.138415 -0.151066
14 1708 -0.159229 -0.107486
11 1709 -0.176135 -0.149247
14 1709 -0.197134 -0.102634
11 1710 -0.207216 -0.148034
14 1710 -0.225995 -0.0992141
11 1711 0.175893 -0.129107
14 1711 0.139262 -0.112055
14 1330 0.0912838 -0.0543854
14 1511 0.159495 -0.0583548
14 58 -0.219481 -0.0178228
11 1712 0.356914 -0.0514826
14 1712 0.316321 -0.059519
11 1713 0.3476 -0.0222313
14 1713 0.311411 -0.034178
14 1550 0.321435 -0.0356913
14 1695 -0.028653 0.012452
11 1714 -0.330947 0.00384243
14 1714 -0.329753 0.0444113
14 84 0.213893 -0.0100025
11 1715 0.414199 0.0145672
14 1715 0.376001 -0.00814007
14 1676 -0.00261619 0.026525
14 1301 0.00101856 0.0418211
14 321 -0.0588754 0.0572657
14 117 0.246628 0.0402776
14 1621 0.206525 0.0482746
14 1698 -0.334561 0.116552
11 1716 0.0394181 0.0900826
14 1716 0.0431505 0.0724705
14 776 -0.386359 0.125767
14 1622 -0.0181326 0.0971141
14 1437 0.348738 0.0650078
14 1679 0.281284 0.0769895
14 1681 0.0416454 0.137898
11 284 0.0356544 0.161888
14 149 0.0910435 0.16069
14 1411 -0.015315 0.195319
14 1683 -0.0611247 0.205715
14 1701 0.40454 0.16396
14 171 0.117068 0.204836
14 1625 0.104815 0.211897
11 867 -0.0490228 0.297033
12 1717 0.385024 -0.586248
13 1717 0.39086 -0.595613
12 1718 0.0655403 -0.508118
13 1718 0.0475879 -0.535365
12 1719 0.363679 -0.456549
13 1719 0.364273 -0.460132
13 193 0.281667 -0.457724
13 1340 0.369074 -0.450674
13 198 0.0965736 -0.451628
12 1720 0.435412 -0.355906
13 1720 0.439789 -0.349011
12 1721 0.369368 -0.346798
13 1721 0.369834 -0.344202
12 1480 0.352116 -0.343889
13 0 0.273064 -0.338329
12 1722 0.417849 -0.256077
13 1722 0.418601 -0.245005
12 1723 0.402587 -0.253442
13 1723 0.401441 -0.243531
12 1724 0.26964 -0.230648
13 1724 0.258025 -0.229872
13 452 0.250169 -0.186373
12 1577 0.418994 -0.18645
13 1564 0.21777 -0.183853
12 1725 0.378315 -0.179372
13 1725 0.362016 -0.172105
12 1600 0.30338 -0.176467
12 1602 0.364586 -0.176954
12 1049 0.188046 -0.174715
12 1726 0.343793 -0.173261
13 1726 0.325874 -0.16836
12 1641 0.263973 -0.169473
12 1727 0.150891 -0.168646
13 1727 0.12665 -0.175624
12 1692 0.418172 -0.114506
12 1728 0.405712 -0.111909
13 1728 0.370239 -0.1061
13 396 -0.365671 -0.136247
12 1729 -0.20407 -0.0905768
13 1729 -0.252403 -0.125404
12 1730 -0.367224 -0.0867039
13 1730 -0.413739 -0.132472
13 555 0.269182 -0.0835892
12 1731 -0.315506 -0.0551578
13 1731 -0.376686 -0.100282
13 406 -0.183385 -0.0460739
12 1732 -0.12315 -0.00971887
13 1732 -0.20069 -0.044018
12 1652 0.403549 -0.00932147
12 1650 -0.129711 -0.0084169
12 572 -0.050137 -0.00193739
13 444 0.293548 -0.002156
12 517 -0.111494 0.0120331
12 950 0.00109861 0.0494167
12 1733 0.0137204 0.0501773
13 1733 -0.0783552 0.0228156
12 1734 0.0261314 0.0503437
13 1734 -0.0660862 0.0233522
12 954 0.032821 0.0500564
12 1578 0.0549501 0.0585592
13 1223 -0.0692817 0.0361152
12 1027 0.0069884 0.0673631
13 118 0.0640819 0.050277
12 1735 0.0424901 0.0996592
13 1735 -0.0649906 0.0721617
12 1736 0.0909618 0.135283
13 1736 -0.0289796 0.110433
12 1737 0.397892 0.152374
13 1737 0.282143 0.150924
13 290 0.208133 0.162976
12 154 0.153316 0.18009
12 1738 0.151422 0.217546
13 1738 0.0062218 0.195071
12 176 0.157619 0.219431
12 1739 0.477263 -0.590609
14 1739 0.468019 -0.585727
12 1740 0.455269 -0.465621
14 1740 0.44209 -0.458676
12 1741 0.379728 -0.457681
14 1741 0.366374 -0.454335
12 1742 -0.369534 -0.379863
14 1742 -0.393438 -0.406287
14 1720 0.421168 -0.34815
12 1743 0.421667 -0.353647
14 1743 0.406995 -0.346554
12 1744 0.408094 -0.351373
14 1744 0.392937 -0.345324
12 1745 0.433674 -0.334268
14 1745 0.419146 -0.32633
14 1722 0.401909 -0.248276
14 1723 0.386858 -0.245995
12 1746 0.328245 -0.240341
14 1746 0.309476 -0.236197
12 1747 0.2413 -0.226863
14 1747 0.219243 -0.225615
14 728 0.178843 -0.220908
12 1748 0.409606 -0.212275
14 1748 0.393499 -0.204246
14 236 0.0798422 -0.207717
14 1563 0.300928 -0.192431
14 391 0.282515 -0.190719
12 1749 0.296095 -0.192393
14 1749 0.27384 -0.188975
12 1702 0.276612 -0.189795
14 1630 0.386792 -0.176963
12 1750 -0.0285342 -0.182765
14 1750 -0.0583203 -0.192942
14 27 0.201482 -0.180469
12 1751 0.0940459 -0.177777
14 1751 0.0677562 -0.182411
14 1667 0.325588 -0.169542
12 1752 0.336473 -0.172151
14 1752 0.309459 -0.167178
14 1419 0.138344 -0.173065
12 1542 -0.133016 -0.164798
12 1753 0.303936 -0.161306
14 1753 0.275737 -0.157539
12 1494 0.207716 -0.160039
12 37 0.197876 -0.158653
12 1754 0.187326 -0.156562
14 1754 0.158531 -0.157638
12 1498 0.161399 -0.152407
12 1755 0.138274 -0.151585
14 1755 0.107289 -0.155227
12 1756 0.394237 -0.149426
14 1756 0.362797 -0.142978
14 536 -0.280302 -0.158273
12 1757 -0.129848 -0.124188
14 1757 -0.162599 -0.138485
12 1758 -0.352721 -0.121839
14 1758 -0.39337 -0.145443
12 1759 0.434665 -0.11786
14 1759 0.399928 -0.109739
14 40 -0.273188 -0.125372
14 38 -0.281035 -0.124193
14 1729 -0.246663 -0.107342
12 1760 0.0776924 -0.0906855
14 1760 0.0367627 -0.096504
14 1730 -0.410283 -0.109891
14 1604 -0.216123 -0.100378
12 1710 -0.180727 -0.0833967
12 1108 -0.307043 -0.0738922
14 51 0.283225 -0.0688367
14 558 0.273108 -0.0617193
14 843 0.236188 -0.0609498
12 1510 0.199488 -0.0561812
14 1446 0.350667 -0.0407844
12 1761 -0.0922862 -0.0356935
14 1761 -0.142565 -0.0486173
12 1014 0.0675751 -0.021288
14 406 -0.163134 -0.0262246
14 1732 -0.181401 -0.0235671
14 1650 -0.18972 -0.0224025
12 361 -0.13786 -0.00701905
14 58 -0.213992 -0.0188065
12 58 -0.162178 -0.00221836
14 572 -0.109428 -0.0124181
12 907 0.353287 0.000804999
14 1613 -0.241362 -0.0148867
12 269 0.202133 0.0134172
12 1762 0.0848857 0.0179482
14 1762 0.0191214 0.0120906
12 1695 0.0372505 0.0199878
12 1763 -0.104047 0.0204728
14 1763 -0.168706 0.0074108
12 1217 0.0848116 0.0246706
12 1530 0.251775 0.0325781
12 319 0.00988834 0.0373884
12 1764 0.0848459 0.0410513
14 1764 0.0185158 0.0353448
14 1335 0.0988381 0.0418118
14 1342 -0.079987 0.03735
12 1301 0.0678262 0.0481016
12 1765 0.0589961 0.0492547
14 1765 -0.00531568 0.0424926
14 1733 -0.0549086 0.0421145
12 1766 0.0165292 0.0501781
14 1766 -0.0511698 0.0421487
12 1767 0.0189929 0.0502978
14 1767 -0.0482124 0.0421905
14 1734 -0.0410409 0.042398
12 1304 0.0734556 0.0555204
12 1768 -0.00290638 0.0576164
14 1768 -0.0729726 0.0491173
12 1769 0.063401 0.057452
14 1769 -0.00668454 0.0516221
12 1231 0.0507389 0.0589035
14 1578 -0.012501 0.0517164
12 1770 0.046649 0.0598761
14 1770 -0.0213436 0.0527949
12 1616 0.0414387 0.0606888
14 1223 -0.0445611 0.0552838
14 118 0.10497 0.074794
12 279 0.293988 0.079098
12 1771 -0.0134828 0.0831144
14 1771 -0.0816808 0.0733832
12 1772 0.298491 0.0851722
14 1772 0.224149 0.0883663
12 1773 0.347384 0.0863375
14 1773 0.273124 0.0911928
12 1774 0.114425 0.0903889
14 1774 0.0388866 0.0864729
12 1775 0.0939404 0.0949605
14 1775 0.0187505 0.0900086
14 1677 0.0106783 0.0919415
12 1776 0.0729425 0.100505
14 1776 -0.00283502 0.0945792
12 1777 0.0501674 0.105464
14 1777 -0.0276723 0.0992787
12 1778 0.0414914 0.107685
14 1778 -0.0369595 0.100576
12 1779 0.0113909 0.112857
14 1779 -0.0671125 0.10532
12 1780 0.136195 0.116371
14 1780 0.0443462 0.112767
12 1781 0.118981 0.128354
14 1781 0.0392317 0.124566
12 1782 0.128743 0.134735
14 1782 0.0433314 0.131424
12 1783 0.193168 0.145851
14 1783 0.0982104 0.144436
12 1784 0.0377439 0.148389
14 1784 -0.0488683 0.142317
12 1785 0.0188976 0.152049
14 1785 -0.0693496 0.144946
14 1737 0.312991 0.159819
14 490 0.270114 0.169153
14 161 0.0518498 0.194386
14 1738 0.0511013 0.21591
12 1786 0.191664 0.224647
14 1786 0.0929203 0.224527
12 186 0.243453 0.254456
12 1787 0.127535 0.278009
14 1787 0.0179396 0.276669
12 1788 0.257582 0.529887
14 1788 0.101328 0.540694
13 1746 0.319874 -0.235294
13 1747 0.226069 -0.227005
13 450 -0.24501 -0.186391
13 1630 0.396127 -0.175447
13 1789 0.093818 -0.172859
14 1789 0.0928316 -0.167251
14 241 0.0342981 -0.160545
13 1663 -0.164846 -0.152701
13 1790 -0.233542 -0.146463
14 1790 -0.229675 -0.130105
14 1640 -0.235026 -0.129656
13 38 -0.286146 -0.142107
14 1690 -0.296216 -0.122749
13 1791 0.0354786 -0.140921
14 1791 0.0392597 -0.132096
13 1792 0.231658 -0.127769
14 1792 0.232568 -0.12409
14 1671 -0.185952 -0.104396
13 1710 -0.235986 -0.116936
13 1793 0.449068 -0.114678
14 1793 0.443036 -0.115855
14 1505 0.406074 -0.11082
13 1759 0.404766 -0.109765
14 1728 0.367656 -0.104741
14 550 0.0199754 -0.094389
13 1794 0.402076 -0.0998879
14 1794 0.400287 -0.0986804
13 1795 -0.189093 -0.0868049
14 1795 -0.17575 -0.0689988
13 1796 0.440892 -0.0870155
14 1796 0.438193 -0.0876741
14 309 -0.218837 -0.0619547
13 1797 -0.136534 -0.0511028
14 1797 -0.11837 -0.033189
13 1798 -0.168679 -0.0476402
14 1798 -0.149982 -0.0284541
13 1799 -0.231882 -0.040632
14 1799 -0.211686 -0.0189676
13 1800 0.406296 -0.0165144
14 1800 0.412073 -0.0141038
13 1715 0.366918 -0.0117769
14 586 0.145572 0.0115737
13 471 -0.0644223 0.00694345
13 275 0.144278 0.0165699
13 1733 -0.0815446 0.0226035
13 1801 -0.0716193 0.023032
14 1801 -0.044722 0.0422651
14 1301 0.00450421 0.0409307
13 369 -0.110017 0.0300628
13 1528 -0.0219482 0.0321843
13 1769 -0.0311386 0.0347676
13 1772 0.199618 0.0768946
13 1015 0.146717 0.0782604
13 1802 0.37687 0.135423
14 1802 0.400068 0.141487
14 288 0.335998 0.155082
14 1700 0.325773 0.157128
13 683 0.10175 0.167831
13 1803 0.0763633 0.183622
14 1803 0.11958 0.201901
13 1016 0.210292 0.194034
14 1414 0.15772 0.536011
13 1788 0.0178322 0.519097
177 170 159
182 176 172
186 178 174
156 152 147
160 154 148
164 158 152
172 168 162
167 162 157
170 165 159
170 166 162
171 167 162
168 164 158
172 168 164
167 162 157
174 168 163
170 168 162
160 156 148
170 166 162
166 161 154
172 168 165
174 170 166
174 171 166
148 122 92
150 122 92
148 118 89
153 124 92
157 126 96
156 126 95
157 127 96
160 133 102
152 122 92
153 124 94
156 126 98
156 128 99
154 124 96
154 124 95
153 125 94
160 129 96
154 128 104
158 132 106
155 129 104
156 130 104
162 136 110
158 132 106
160 134 108
156 130 104
156 126 96
156 124 96
160 134 110
158 131 104
18 16 28
26 24 40
30 18 28
92 99 138
60 44 110
148 158 204
116 133 176
200 168 208
162 132 104
76 116 182
163 133 105
164 134 106
68 68 106
161 131 103
158 130 94
133 89 114
131 150 190
64 102 156
130 106 82
110 120 158
189 140 161
105 132 183
206 150 180
55 84 126
102 67 85
60 86 136
64 82 115
156 128 94
178 148 118
170 140 111
118 90 63
169 138 108
31 38 66
56 60 78
162 112 118
91 124 180
202 198 196
183 131 147
178 148 114
47 67 124
161 130 99
108 97 96
152 140 124
176 147 113
136 124 117
47 28 20
166 136 102
170 140 105
218 186 212
176 145 108
174 144 108
55 103 184
52 36 44
122 114 112
166 136 100
112 92 88
178 148 113
206 209 223
232 164 207
174 144 109
234 196 226
148 120 99
227 198 222
245 184 222
46 32 40
78 53 55
234 168 209
30 15 3
230 165 203
176 146 112
234 168 210
178 144 106
158 146 140
211 207 206
160 147 148
160 148 144
216 212 216
172 139 104
179 146 110
138 126 122
179 146 108
158 141 127
152 126 118
186 159 152
131 94 92
166 130 90
167 65 83
211 146 180
208 160 183
124 92 98
221 158 191
226 204 218
178 128 142
82 62 54
174 137 96
161 106 110
172 119 138
82 78 84
162 109 106
212 161 185
69 82 94
206 152 172
124 69 75
187 154 118
218 196 168
130 82 88
156 113 120
194 161 126
37 62 66
136 138 120
152 80 88
163 78 88
176 139 98
176 140 98
179 142 100
213 207 166
186 150 108
182 146 103
188 150 108
186 149 106
214 195 165
222 210 176
224 212 176
224 212 178
218 206 172
218 206 172
224 214 178
223 214 179
175 136 92
213 202 168
216 206 170
214 202 168
178 139 96
186 148 102
190 152 107
188 150 106
184 146 102
182 142 97
180 172 164
190 183 180
190 184 180
187 182 178
186 182 178
178 171 162
176 169 160
180 172 164
186 178 172
184 176 170
185 178 172
184 178 172
184 178 172
186 180 176
184 179 175
190 185 181
191 183 180
184 178 172
176 168 160
188 182 178
181 173 166
190 186 182
191 184 181
184 178 173
189 182 179
192 186 182
176 170 162
189 184 180
191 184 181
189 184 177
192 184 181
182 174 164
180 172 163
184 176 167
182 174 166
186 178 172
184 177 170
187 180 174
186 179 174
187 180 173
190 182 178
178 171 162
187 181 176
182 176 170
192 184 180
190 184 180
186 180 174
165 161 154
173 168 162
176 171 167
150 140 128
160 132 100
164 137 104
156 124 96
154 123 92
155 126 96
157 128 98
156 126 96
158 128 95
144 116 86
162 136 110
160 133 106
166 134 106
100 90 90
154 124 92
126 105 108
164 136 105
162 132 104
128 107 102
224 170 204
155 125 90
86 121 154
177 146 115
82 72 79
161 132 96
177 146 117
64 66 86
142 126 106
71 102 172
54 74 132
174 144 109
174 144 108
239 185 217
228 230 239
178 150 112
138 130 132
152 127 102
180 150 115
176 146 112
208 204 208
226 156 199
172 140 102
170 140 98
179 146 108
152 120 100
218 168 196
166 96 114
130 74 78
161 168 152
178 142 100
177 140 98
176 142 99
188 151 108
186 148 105
220 208 173
190 152 108
187 150 104
188 152 111
180 138 94
188 184 177
189 183 178
188 182 178
193 185 182
186 178 174
146 116 82
150 122 92
156 130 104
161 133 108
152 122 94
151 120 92
156 128 100
154 124 96
46 46 54
156 128 96
173 142 112
165 135 104
213 159 190
113 69 96
27 46 99
38 40 60
18 34 76
60 106 180
227 182 214
164 130 98
170 140 103
208 198 198
204 184 129
172 123 100
158 126 88
169 74 79
212 140 175
210 147 174
173 134 91
210 156 183
212 202 164
213 205 165
183 147 109
184 146 100
183 146 100
171 140 100
197 162 120
178 144 106
187 181 176
188 182 178
182 176 170
180 173 165
186 180 176
164 158 152
165 158 150
170 166 162
164 161 156
162 152 140
160 138 112
161 136 110
150 119 90
162 136 110
156 126 100
157 126 98
32 24 32
104 82 66
32 24 34
51 56 76
170 140 112
166 136 108
78 118 187
76 116 185
97 134 192
153 142 130
66 109 184
48 90 168
94 67 44
156 124 98
168 137 100
37 25 30
178 146 110
164 129 92
162 129 90
166 134 98
158 110 104
219 216 220
186 127 154
168 78 82
179 144 103
218 200 166
182 176 172
180 174 168
187 180 177
186 182 178
188 180 176
178 172 162
176 170 160
154 152 146
166 162 155
144 117 86
144 114 84
146 116 84
162 133 103
152 126 100
155 130 104
157 130 104
156 128 102
158 127 97
124 114 112
156 128 100
158 128 94
32 20 42
164 138 104
167 137 106
166 136 106
60 68 86
143 115 124
45 92 170
24 8 10
58 98 176
163 131 93
162 132 94
160 126 85
174 135 96
156 119 80
154 114 74
43 50 45
98 103 84
170 136 98
174 140 99
181 145 103
219 205 168
167 131 91
183 148 110
176 139 99
190 158 114
192 186 182
169 137 98
186 148 103
172 138 98
186 151 107
190 154 112
188 152 109
63 114 190
170 140 101
190 150 138
204 202 168
188 154 112
166 134 98
171 140 104
87 84 92
177 146 107
170 144 105
184 152 114
174 143 104
190 154 111
156 124 85
188 154 111
182 180 176
174 172 168
152 123 89
154 124 88
160 131 98
160 130 95
152 122 88
150 120 86
173 144 110
164 133 97
155 124 87
44 76 140
94 98 119
186 154 114
190 158 116
172 140 99
176 172 168
161 131 96
171 140 104
156 127 90
42 24 21
42 94 180
246 183 224
132 104 72
176 146 105
174 142 100
176 143 102
179 143 102
179 172 165
176 170 160
184 178 168
163 130 98
170 140 108
58 92 155
232 230 240
172 139 102
192 158 118
170 138 98
179 117 144
181 146 106
182 147 105
172 135 92
224 213 177
184 178 174
182 176 170
158 154 146
209 212 216
165 162 157
176 174 170
144 117 84
154 122 95
168 138 104
174 143 106
169 139 102
172 142 104
165 134 97
188 180 176
186 182 178
157 128 94
153 123 89
158 128 96
154 128 102
165 135 101
40 38 50
29 21 30
165 134 105
89 94 128
176 146 114
164 134 100
179 146 110
180 143 102
158 154 147
156 126 92
155 129 103
153 124 97
164 133 100
88 81 84
166 138 104
158 125 86
178 144 104
168 162 156
174 168 162
178 172 168
177 173 168
170 166 162
170 164 160
166 162 158
157 127 96
158 131 100
158 133 106
159 133 107
162 136 111
148 120 92
153 124 92
158 132 104
156 124 96
156 125 96
160 129 100
154 128 101
162 131 102
162 132 102
156 132 106
150 120 94
30 20 34
24 16 21
20 18 34
134 106 81
120 94 74
33 20 50
40 26 39
41 32 77
44 52 76
166 136 108
165 136 108
169 138 111
169 138 112
170 140 112
167 138 109
162 132 104
163 133 105
168 136 106
42 31 76
120 141 182
50 47 58
18 32 70
71 70 88
78 118 190
110 141 197
166 136 100
165 136 98
73 96 148
106 76 50
208 158 194
182 168 158
237 173 214
228 227 232
175 145 111
173 143 108
176 144 106
143 114 88
142 130 128
160 112 124
42 24 25
164 130 92
208 202 196
134 112 92
168 126 110
176 150 140
166 130 87
171 136 98
184 142 166
217 215 220
164 126 82
93 68 50
204 136 166
116 66 79
131 90 88
209 158 178
102 73 50
152 114 105
125 70 72
129 74 80
160 156 136
213 203 161
216 208 167
189 151 108
206 198 160
212 202 166
216 206 172
218 207 174
192 154 110
182 178 174
178 172 164
178 170 164
178 172 164
183 178 174
180 172 167
190 184 180
174 166 156
176 169 160
178 172 164
170 162 154
158 154 148
176 172 168
177 173 170
168 164 158
143 116 86
147 119 90
152 126 98
152 122 93
164 134 108
157 130 98
166 135 106
163 133 102
109 88 84
206 162 198
110 90 80
96 84 117
156 126 104
147 90 74
49 58 52
214 202 166
187 185 156
183 147 106
173 136 96
216 203 168
191 158 117
174 168 162
185 177 172
188 181 176
188 182 176
172 164 156
171 164 156
188 181 176
172 163 154
188 181 174
176 168 164
180 174 170
190 184 179
189 183 178
188 183 179
187 181 176
174 167 158
165 158 149
172 165 156
188 180 176
184 178 172
153 149 144
176 172 168
158 131 105
37 44 63
159 130 91
174 142 104
213 202 166
171 134 94
174 138 96
184 148 106
188 156 116
185 179 174
186 180 176
170 162 154
176 170 160
174 168 164
182 174 168
172 164 156
167 161 154
160 132 106
158 131 105
152 121 92
54 52 57
30 30 40
116 130 161
170 140 106
172 142 104
177 138 94
186 147 103
80 91 112
186 148 106
189 154 110
180 176 170
192 186 180
172 140 106
186 154 116
188 158 120
167 136 104
44 68 120
153 106 92
184 178 170
162 130 98
166 136 102
168 137 104
184 151 112
180 146 104
160 130 95
174 142 101
174 142 101
178 146 110
182 174 169
164 158 152
160 134 108
159 130 102
172 140 108
181 152 128
170 125 101
212 214 219
230 232 238
172 166 160
184 176 172
180 172 170
184 176 173
184 176 172
184 180 176
180 176 172
187 182 178
188 183 179
186 180 176
193 186 183
180 173 167
194 186 182
188 180 172
192 186 180
182 174 170
186 181 177
189 184 180
192 186 182
194 188 184
175 168 160
179 172 165
186 180 174
190 183 180
186 179 176
170 164 156
187 179 174
186 180 174
180 174 170
154 126 98
165 138 111
153 123 92
166 138 110
162 131 102
40 40 49
52 56 78
22 17 28
88 124 188
158 129 93
184 150 110
182 148 108
234 166 209
180 153 134
144 78 80
186 174 168
156 94 82
201 189 154
218 206 166
218 206 164
217 204 162
184 145 102
186 150 108
175 141 100
177 170 165
181 173 170
186 182 176
188 182 177
186 178 174
188 182 176
188 184 178
175 167 158
184 178 172
179 171 162
176 170 166
154 152 146
162 136 108
154 124 91
54 46 52
127 104 79
174 144 106
206 200 166
212 202 167
192 158 119
180 144 101
166 158 150
172 164 156
173 166 161
186 180 176
169 162 153
170 163 156
181 174 166
180 172 163
184 178 170
160 152 142
176 170 166
146 119 92
126 118 112
56 59 80
169 139 105
166 132 95
171 137 100
170 138 106
210 168 170
224 213 176
184 144 102
180 174 168
182 180 176
170 137 104
184 153 114
180 152 113
179 146 110
188 156 118
177 142 100
191 156 114
194 163 120
196 190 185
149 125 122
128 100 126
41 72 129
164 133 96
186 154 115
175 132 110
179 142 100
195 164 122
192 160 120
194 164 123
183 152 112
178 172 165
196 190 186
189 184 174
183 178 172
178 173 168
178 148 106
190 182 175
148 117 82
182 177 173
188 182 178
196 189 186
172 140 106
156 87 106
186 180 176
190 156 113
190 182 178
190 184 178
188 182 178
190 183 178
186 179 174
190 182 178
187 180 174
176 171 168
212 211 215
171 166 162
160 134 108
166 148 130
205 204 208
152 121 92
150 122 92
162 132 101
168 136 106
166 136 108
168 136 104
160 130 96
168 134 96
184 146 108
194 161 120
160 130 104
208 208 214
144 117 88
142 114 85
114 128 164
186 166 156
182 112 128
169 130 87
176 142 104
171 142 106
182 144 104
220 210 172
171 136 97
183 147 105
31 62 132
36 60 115
93 68 46
188 154 112
170 136 97
187 156 116
170 122 120
144 111 73
157 126 92
167 136 94
185 178 170
178 110 127
226 160 198
182 176 170
182 178 172
177 170 162
182 176 168
172 168 162
166 160 154
170 164 160
156 149 142
162 152 146
162 134 108
144 118 88
148 120 91
147 119 90
156 128 102
155 126 100
153 125 98
152 120 90
168 138 107
13 14 26
164 134 103
165 135 104
164 134 103
170 140 108
165 132 102
62 64 80
102 124 171
48 58 93
46 86 162
18 46 114
133 101 78
59 102 176
164 134 98
51 92 162
166 154 138
56 94 166
54 94 164
58 97 172
50 86 159
56 95 168
56 97 168
136 111 94
154 122 94
153 122 98
56 36 40
160 130 94
165 134 95
187 174 168
180 146 108
196 140 168
158 91 98
221 207 168
178 143 102
163 129 92
182 148 110
171 116 117
194 188 184
191 186 180
172 143 107
182 148 109
176 140 100
162 132 100
182 151 114
182 148 109
180 173 163
152 122 88
162 132 96
172 144 106
205 170 190
160 130 92
186 180 175
171 164 157
194 187 181
174 167 159
178 173 164
152 118 80
160 154 146
196 188 184
186 180 174
180 176 171
149 119 86
179 146 114
96 106 140
120 102 96
177 142 102
179 144 105
180 172 164
187 180 173
106 85 86
168 135 97
170 167 162
150 122 90
197 154 145
160 126 88
158 152 146
183 178 172
160 129 96
100 98 116
177 145 106
174 138 96
164 131 96
188 154 115
172 126 122
163 94 99
194 160 118
54 106 168
189 184 180
178 172 166
179 173 166
190 184 178
178 144 112
172 139 99
170 134 92
171 138 98
156 124 86
191 185 180
178 170 162
152 149 143
177 144 108
166 133 98
176 144 106
165 132 100
184 150 110
190 182 178
172 134 92
209 150 180
149 90 87
179 141 98
154 122 92
172 138 102
115 94 84
187 179 175
154 128 94
164 132 98
186 180 176
152 122 94
31 27 38
160 129 96
55 100 179
166 98 122
197 194 189
200 197 192
187 182 178
200 196 192
200 197 193
200 196 192
202 198 194
200 197 193
201 198 194
192 189 184
200 198 192
195 191 186
196 192 188
198 196 190
197 194 189
196 194 188
190 188 182
195 191 186
186 182 175
184 180 176
198 190 184
200 193 188
200 194 188
200 194 190
202 195 189
200 196 192
199 196 191
196 192 188
192 187 182
196 192 188
198 193 189
190 186 182
194 188 184
186 184 180
190 184 176
170 138 103
189 186 181
170 136 98
166 132 96
184 182 180
181 181 176
182 182 179
180 180 177
182 182 178
170 170 164
180 148 110
181 181 176
168 138 102
182 152 114
180 181 176
176 144 106
180 148 112
174 176 170
175 176 172
166 135 102
170 140 107
162 130 100
170 140 109
178 147 112
170 140 108
176 146 110
172 142 110
165 135 100
168 138 106
176 144 114
172 138 102
172 143 111
167 136 105
169 139 105
166 136 106
175 148 116
170 141 110
169 137 100
172 146 114
168 140 108
181 149 112
170 144 114
170 140 109
224 232 249
177 151 120
164 134 104
213 216 222
167 137 106
172 146 117
166 135 104
183 156 124
180 152 121
158 128 95
177 148 116
162 132 100
177 147 116
154 124 90
178 148 116
192 160 122
168 137 106
158 128 93
168 138 105
168 137 104
158 128 92
168 138 106
166 136 104
162 132 99
152 122 85
164 134 101
188 160 128
166 136 103
160 130 96
159 129 94
180 144 106
158 132 96
178 143 106
178 146 116
154 124 88
192 156 112
173 138 102
170 134 98
172 139 104
150 120 82
190 156 118
183 148 110
188 154 114
172 142 108
126 106 82
172 140 108
168 136 102
189 156 116
184 148 108
200 164 116
185 150 111
136 114 90
202 166 118
186 152 114
206 171 123
187 152 114
181 149 116
202 166 120
203 166 121
201 166 120
158 128 90
200 166 124
166 134 96
198 164 122
199 166 124
200 166 124
153 124 84
196 162 121
144 116 86
176 142 104
172 142 104
28 68 140
172 140 101
167 138 98
57 108 182
72 132 194
166 136 97
150 134 112
65 106 183
106 104 118
165 135 97
186 153 113
65 104 171
32 76 148
53 113 200
55 85 148
201 166 123
186 156 118
173 142 104
160 129 91
172 134 98
60 116 208
145 131 122
52 105 188
138 132 128
138 119 116
134 118 116
150 128 116
184 152 114
176 146 102
158 128 90
192 160 122
189 159 120
182 148 108
188 158 119
183 148 105
226 170 207
223 176 215
190 156 114
223 172 214
30 20 40
184 150 105
188 155 112
24 20 37
30 32 44
216 172 214
160 131 177
173 147 192
174 153 194
186 154 114
231 236 245
193 156 112
109 132 182
92 117 172
185 154 114
181 150 110
179 148 108
196 162 120
176 144 104
200 164 120
202 166 124
156 126 86
183 151 110
183 151 110
184 148 105
168 137 98
200 164 124
200 168 126
190 158 116
185 152 110
180 146 106
192 163 124
200 170 132
192 159 120
198 171 131
187 152 114
174 147 114
168 138 106
176 148 114
155 124 86
162 130 96
161 128 94
160 128 92
180 148 114
176 144 110
155 125 88
154 124 86
182 149 115
164 136 98
194 158 116
158 124 86
162 130 92
78 80 108
50 86 152
46 90 167
58 92 157
52 100 182
50 101 178
44 94 170
124 99 81
225 177 220
132 159 216
119 144 195
189 155 112
187 153 110
166 107 116
185 152 108
186 152 110
222 218 223
174 142 100
176 143 101
173 136 95
178 161 146
186 150 108
168 138 100
201 168 126
183 150 110
193 164 124
193 161 123
178 144 110
202 170 126
173 140 100
178 144 104
154 119 80
204 168 124
173 139 102
170 137 96
171 140 98
170 150 126
176 140 100
220 226 232
192 160 119
178 142 104
168 132 90
181 148 108
178 172 166
173 140 106
58 110 192
187 154 114
174 138 100
86 123 186
46 96 178
174 143 110
170 140 107
168 136 102
176 144 112
162 130 94
173 141 104
120 96 72
162 132 90
41 37 52
72 126 209
178 144 107
105 99 124
186 157 117
72 91 127
55 116 203
50 95 168
54 113 202
58 93 156
173 144 104
44 89 162
50 108 190
30 28 42
103 132 184
190 158 116
172 138 98
222 228 236
218 227 232
180 147 105
108 81 51
146 129 110
188 154 112
186 152 108
182 150 106
184 152 110
184 148 106
175 128 131
140 130 130
200 168 128
192 156 113
199 167 126
182 148 103
136 104 67
165 131 93
194 162 122
171 136 98
174 144 112
170 138 102
173 140 104
192 158 120
52 114 198
47 108 186
195 163 122
187 152 107
196 163 121
128 157 206
196 162 121
120 90 66
190 155 112
63 46 32
194 162 122
152 120 82
167 136 103
172 138 96
194 159 117
196 161 119
133 126 101
78 86 104
178 145 106
184 151 114
175 144 109
174 140 104
166 137 98
168 138 100
172 138 102
161 130 92
164 134 96
166 136 98
175 140 105
158 130 92
165 135 97
165 134 96
173 140 102
172 136 99
168 133 90
196 162 120
188 158 114
192 158 116
184 156 110
178 149 108
183 148 104
180 150 108
178 149 108
163 132 91
223 226 234
160 130 90
106 76 45
184 152 114
172 140 102
184 152 111
164 134 91
185 148 106
158 126 86
108 112 102
178 146 107
187 154 113
180 147 106
229 236 245
193 156 112
180 174 166
178 172 166
172 136 96
180 172 160
178 172 166
178 172 166
175 168 162
192 188 182
177 170 164
176 168 162
176 170 164
177 170 164
184 180 174
186 182 177
175 168 162
191 187 180
197 190 185
199 192 187
174 168 162
172 165 159
175 168 160
175 168 160
170 163 153
179 172 162
176 170 160
178 170 160
182 174 164
178 171 161
155 152 146
162 158 149
141 112 74
165 135 97
154 128 88
160 128 92
202 190 177
172 142 108
169 138 106
178 147 114
174 144 110
166 136 98
166 135 97
162 132 94
154 124 86
162 131 93
164 132 94
156 128 89
182 152 117
164 132 94
166 133 96
172 142 104
152 122 84
150 120 82
152 122 84
174 144 106
161 130 90
178 146 106
175 142 102
195 161 125
190 156 118
171 141 97
145 139 138
68 46 61
227 176 220
78 132 218
78 130 212
67 113 195
137 120 110
196 162 120
184 154 110
188 158 112
110 98 91
54 64 114
118 116 132
158 132 106
70 44 63
192 155 113
177 141 100
185 150 108
192 154 109
194 159 116
180 145 100
178 139 96
176 143 100
140 107 72
128 98 66
128 100 66
122 89 56
179 174 169
166 138 100
164 130 94
167 135 98
166 136 100
163 130 92
171 139 104
173 140 104
163 140 120
146 118 78
186 156 112
177 144 102
216 215 224
200 164 121
172 138 96
149 116 78
206 194 164
140 108 76
140 111 77
152 116 76
126 95 63
146 115 79
158 128 92
156 126 90
162 132 96
164 135 100
146 116 82
172 144 112
164 132 96
124 114 114
179 147 108
160 125 82
186 180 174
162 133 97
154 124 89
149 120 84
112 104 104
180 150 108
187 152 112
164 128 86
192 184 180
169 162 152
158 128 92
150 121 86
148 114 78
172 143 105
171 137 96
171 136 94
186 182 176
186 182 176
156 126 89
164 134 97
162 132 96
162 132 94
170 139 104
168 140 104
156 124 89
168 138 103
162 132 96
164 132 96
154 124 86
168 138 102
174 142 107
172 142 104
176 143 107
164 130 93
173 139 102
154 122 84
168 131 94
166 132 94
171 139 101
185 148 112
103 94 144
188 156 116
172 140 114
132 115 106
131 114 106
173 138 100
182 148 109
180 146 107
194 158 112
182 152 110
164 128 84
222 216 184
217 210 180
172 140 102
184 178 170
172 168 162
142 114 79
156 126 90
164 133 102
152 122 86
176 142 104
176 142 104
182 144 100
174 146 106
178 144 102
176 173 168
164 136 106
154 126 90
163 134 103
167 138 108
212 216 220
152 121 86
156 127 91
153 124 88
134 126 124
167 135 98
178 145 111
172 142 104
180 150 108
168 142 110
174 142 100
164 136 100
158 127 92
217 186 206
178 148 106
178 170 164
178 174 169
156 126 90
156 128 94
163 133 102
162 130 98
156 124 89
169 141 110
148 119 85
164 134 101
167 138 104
163 134 102
168 137 104
168 136 103
170 134 99
172 138 100
178 147 109
50 84 149
186 152 112
171 139 98
170 138 97
198 150 182
168 134 96
186 154 112
194 157 114
190 184 180
190 183 180
189 182 179
187 180 173
186 178 172
157 128 94
158 130 100
162 128 95
148 119 84
169 136 101
176 145 108
50 90 162
62 108 185
150 124 104
190 154 111
216 202 200
180 146 107
161 126 84
153 123 88
168 137 106
162 132 100
162 132 101
166 137 106
171 140 106
166 134 100
166 134 102
162 132 100
167 136 101
126 109 98
90 90 122
177 142 104
182 152 112
179 144 108
174 168 162
184 180 175
174 166 158
166 158 150
168 160 150
150 146 140
153 150 144
162 158 148
143 116 83
144 117 84
160 132 98
142 112 80
152 125 97
156 130 100
152 122 92
164 131 97
58 105 184
53 101 178
171 136 96
175 140 102
172 140 102
216 202 174
164 157 151
166 159 151
172 165 157
186 178 176
168 161 151
170 163 153
165 158 148
158 154 147
166 158 152
136 108 76
146 116 84
168 164 155
158 153 146
144 117 84
142 112 78
154 122 88
158 127 94
134 103 70
153 126 96
173 168 164
143 114 80
156 126 94
169 135 98
60 96 165
178 144 106
47 86 166
46 92 170
56 102 182
52 98 176
51 62 96
63 66 100
92 78 83
174 138 100
160 127 88
158 124 84
174 140 103
176 142 106
176 143 105
181 147 109
179 146 106
181 146 107
150 118 84
176 142 104
164 128 92
205 140 172
182 148 110
180 146 107
217 211 180
186 154 110
180 149 108
146 116 86
154 128 102
154 123 92
156 126 90
142 112 80
154 124 92
156 125 92
148 118 84
160 130 94
164 132 96
164 132 98
174 144 108
48 98 176
173 139 102
219 209 180
