18 1386 7214
0 0 -0.267856 -0.34627
1 0 -0.234361 -0.367687
0 1 -0.184117 -0.339243
1 1 -0.153114 -0.358469
0 2 -0.0965688 -0.331983
1 2 -0.0677109 -0.348647
0 3 -0.00501459 -0.323851
1 3 0.0221612 -0.338204
0 4 0.0544979 -0.319003
1 4 0.082589 -0.331097
0 5 0.40836 -0.288754
1 5 0.447936 -0.289046
0 6 -0.330679 -0.263563
1 6 -0.295833 -0.285571
0 7 -0.313085 -0.261628
1 7 -0.272647 -0.282122
0 8 -0.252497 -0.255316
1 8 -0.221086 -0.274968
0 9 -0.200888 -0.249353
1 9 -0.173556 -0.26761
0 10 -0.172441 -0.246281
1 10 -0.143917 -0.263663
0 11 -0.35877 -0.242398
1 11 -0.326478 -0.266131
0 12 -0.130437 -0.241599
1 12 -0.103774 -0.257824
0 13 -0.39442 -0.240043
1 13 -0.355194 -0.264905
0 14 -0.341576 -0.240039
1 14 -0.305717 -0.262734
0 15 -0.113499 -0.239165
1 15 -0.0862825 -0.254605
0 16 -0.0886938 -0.237771
1 16 -0.0621223 -0.251893
0 17 -0.320372 -0.236837
1 17 -0.28578 -0.259208
0 18 -0.308606 -0.235397
1 18 -0.272516 -0.25679
0 19 -0.0624806 -0.234182
1 19 -0.0417239 -0.248397
0 20 -0.284571 -0.23199
1 20 -0.253183 -0.253148
0 21 -0.278293 -0.231507
1 21 -0.248817 -0.252279
0 22 -0.0411514 -0.231783
1 22 -0.0153632 -0.24455
0 23 -0.0302488 -0.230401
1 23 -0.00455951 -0.242485
0 24 -0.262781 -0.229294
1 24 -0.230734 -0.249414
0 25 -0.245153 -0.22694
1 25 -0.214229 -0.246234
0 26 -0.0041926 -0.22757
1 26 0.0208952 -0.238848
0 27 0.0234203 -0.224227
1 27 0.0439719 -0.234953
0 28 0.0478628 -0.221199
1 28 0.0632956 -0.231992
0 29 -0.167152 -0.216343
1 29 -0.139584 -0.233296
0 30 -0.136086 -0.212353
1 30 -0.120829 -0.230367
0 31 0.109746 -0.212604
1 31 0.107305 -0.225117
0 32 0.11943 -0.212798
1 32 0.115549 -0.224501
0 33 0.135671 -0.210637
1 33 0.134977 -0.221903
0 34 -0.0838689 -0.205545
1 34 -0.0594941 -0.21962
0 35 0.182589 -0.205714
1 35 0.182654 -0.214043
0 36 -0.259386 -0.202059
1 36 -0.242524 -0.224619
0 37 0.260217 -0.198719
1 37 0.289874 -0.199664
0 38 0.279346 -0.197966
1 38 0.309469 -0.198098
0 39 -0.205585 -0.194715
1 39 -0.182084 -0.213776
0 40 -0.00173973 -0.194584
1 40 0.0130105 -0.20657
0 41 0.146756 -0.193378
1 41 0.144867 -0.20361
0 42 0.120508 -0.189622
1 42 0.116422 -0.20101
0 43 0.1819 -0.18935
1 43 0.184115 -0.197749
0 44 0.0524472 -0.187467
1 44 0.054722 -0.199405
0 45 0.384001 -0.186212
1 45 0.419275 -0.181852
0 46 0.0984621 -0.185067
1 46 0.0941885 -0.197166
0 47 -0.0118249 -0.182985
1 47 -0.00622902 -0.197443
0 48 -0.00580153 -0.182812
1 48 -0.00382622 -0.197268
0 49 0.0876637 -0.182543
1 49 0.0871905 -0.193392
0 50 -0.271284 -0.180212
1 50 -0.274727 -0.206655
0 51 -0.260175 -0.179877
1 51 -0.26535 -0.206309
0 52 0.0116335 -0.179996
1 52 0.0179422 -0.193151
0 53 -0.281842 -0.179074
1 53 -0.286249 -0.206117
0 54 -0.25395 -0.179189
1 54 -0.255576 -0.205154
0 55 0.181459 -0.179527
1 55 0.182711 -0.187599
0 56 -0.243737 -0.175445
1 56 -0.246202 -0.200693
0 57 0.111365 -0.173483
1 57 0.10846 -0.184519
0 58 0.0201047 -0.172199
1 58 0.0261996 -0.184658
0 59 -0.234791 -0.168801
1 59 -0.238101 -0.193604
0 60 0.171994 -0.168065
1 60 0.172297 -0.176231
0 61 0.181419 -0.161995
1 61 0.180159 -0.169494
0 62 0.130233 -0.159929
1 62 0.127655 -0.169708
0 63 0.144427 -0.159964
1 63 0.140856 -0.169513
0 64 0.27468 -0.158965
1 64 0.303396 -0.157558
0 65 -0.221027 -0.154954
1 65 -0.226132 -0.17924
0 66 0.153239 -0.156274
1 66 0.150092 -0.164928
0 67 -0.00159739 -0.155089
1 67 0.00103476 -0.168542
0 68 -0.014468 -0.154055
1 68 -0.0123283 -0.168076
0 69 -0.218714 -0.152756
1 69 -0.224343 -0.177385
0 70 0.00222204 -0.150009
1 70 0.00474891 -0.163388
0 71 -0.00975928 -0.146782
1 71 -0.00754235 -0.160066
0 72 0.374935 -0.145879
1 72 0.408427 -0.14002
0 73 0.136462 -0.142758
1 73 0.132362 -0.151662
0 74 0.145567 -0.143149
1 74 0.141962 -0.151938
0 75 -0.266529 -0.141689
1 75 -0.275041 -0.1684
0 76 -0.224767 -0.142064
1 76 -0.230568 -0.166517
0 77 0.125958 -0.142226
1 77 0.121435 -0.15158
0 78 0.116092 -0.13968
1 78 0.112458 -0.149254
0 79 0.202248 -0.13974
1 79 0.196688 -0.146401
0 80 0.151533 -0.138405
1 80 0.14703 -0.146736
0 81 -0.0235789 -0.137249
1 81 -0.0202281 -0.150623
0 82 -0.224846 -0.136113
1 82 -0.231021 -0.160775
0 83 -0.000251229 -0.135531
1 83 0.00270608 -0.14856
0 84 0.0129688 -0.134934
1 84 0.0174345 -0.147394
0 85 0.136245 -0.133457
1 85 0.133384 -0.141898
0 86 0.123157 -0.132149
1 86 0.119449 -0.141039
0 87 0.188661 -0.132755
1 87 0.183776 -0.139681
0 88 -0.225806 -0.130637
1 88 -0.232387 -0.155176
0 89 0.194961 -0.129673
1 89 0.189705 -0.136082
0 90 0.182589 -0.127535
1 90 0.178544 -0.133916
0 91 0.145742 -0.126661
1 91 0.142922 -0.134003
0 92 0.133599 -0.12537
1 92 0.130051 -0.133747
0 93 0.00515848 -0.123099
1 93 0.0079173 -0.135761
0 94 0.154235 -0.122477
1 94 0.150421 -0.130067
0 95 -0.222459 -0.121861
1 95 -0.228358 -0.14611
0 96 0.129277 -0.121175
1 96 0.1264 -0.12903
0 97 0.117385 -0.118964
1 97 0.117618 -0.126307
0 98 -0.227172 -0.117997
1 98 -0.233273 -0.142171
0 99 0.145909 -0.117961
1 99 0.142263 -0.125273
0 100 0.169609 -0.118191
1 100 0.16513 -0.124501
0 101 -0.240618 -0.11737
1 101 -0.247779 -0.142569
0 102 -0.260001 -0.115884
1 102 -0.268495 -0.142067
0 103 -0.0106931 -0.115709
1 103 -0.00756644 -0.128836
0 104 0.00835467 -0.114477
1 104 0.0133377 -0.125513
0 105 0.140505 -0.11515
1 105 0.136843 -0.122807
0 106 -0.267822 -0.11359
1 106 -0.277173 -0.139934
0 107 0.153525 -0.11218
1 107 0.149466 -0.119297
0 108 -0.226482 -0.109966
1 108 -0.229661 -0.133111
0 109 0.163567 -0.109768
1 109 0.159195 -0.115743
0 110 -0.00594787 -0.106096
1 110 -0.00258233 -0.118089
0 111 0.197129 -0.106181
1 111 0.197101 -0.110648
0 112 -0.132854 -0.105184
1 112 -0.138682 -0.125243
0 113 -0.260938 -0.103769
1 113 -0.269038 -0.130003
0 114 -0.120463 -0.103684
1 114 -0.114621 -0.120524
0 115 -0.010897 -0.103564
1 115 -0.00845528 -0.115746
0 116 -0.22109 -0.101407
1 116 -0.223446 -0.12513
0 117 0.0015705 -0.100483
1 117 0.00517996 -0.112097
0 118 -0.261589 -0.0964724
1 118 -0.269511 -0.122663
0 119 -0.00501357 -0.0965588
1 119 -0.00229715 -0.108595
0 120 0.120884 -0.0962283
1 120 0.119747 -0.103259
0 121 0.125262 -0.0952156
1 121 0.127113 -0.101083
0 122 0.131196 -0.093852
1 122 0.130606 -0.100133
0 123 -0.263969 -0.0918997
1 123 -0.271732 -0.118092
0 124 0.156495 -0.0905764
1 124 0.157397 -0.0955157
0 125 0.0507496 -0.089712
1 125 0.0547697 -0.0990114
0 126 0.119135 -0.08726
1 126 0.121896 -0.0941111
0 127 -0.248945 -0.0851301
1 127 -0.25613 -0.110455
0 128 -0.227093 -0.0806817
1 128 -0.22952 -0.104216
0 129 0.137167 -0.0784205
1 129 0.141771 -0.0829826
0 130 0.208848 -0.0738669
1 130 0.207443 -0.0762286
0 131 -0.00958486 -0.0670116
1 131 -0.00795235 -0.0785513
0 132 -0.00746866 -0.0670113
1 132 -0.00424636 -0.0784912
0 133 0.0847473 -0.0670949
1 133 0.0881666 -0.0739271
0 134 -0.215293 -0.0656379
1 134 -0.217911 -0.088313
0 135 -0.260557 -0.0630615
1 135 -0.266589 -0.0882165
0 136 -0.274733 -0.0588581
1 136 -0.280775 -0.0851308
0 137 -0.254488 -0.0584589
1 137 -0.260162 -0.0834849
0 138 -0.243099 -0.0567563
1 138 -0.248421 -0.0810128
0 139 -0.215075 -0.0570746
1 139 -0.218701 -0.0794631
0 140 -0.234945 -0.0561832
1 140 -0.238883 -0.0799374
0 141 -0.229385 -0.0564542
1 141 -0.232567 -0.0798342
0 142 -0.22568 -0.0564543
1 142 -0.230741 -0.0798179
0 143 -0.208453 -0.0558679
1 143 -0.211724 -0.0784666
0 144 -0.259346 -0.0550504
1 144 -0.265677 -0.0810477
0 145 0.213579 -0.0517262
1 145 0.213476 -0.0528731
0 146 -0.382748 -0.0510911
1 146 -0.37893 -0.0811095
0 147 -0.0572242 -0.0511596
1 147 -0.0601186 -0.0654704
0 148 0.221047 -0.0497574
1 148 0.221271 -0.0501133
0 149 -0.204248 -0.0458779
1 149 -0.208367 -0.0675621
0 150 -0.187634 -0.0464761
1 150 -0.190046 -0.0670214
0 151 -0.20994 -0.0448459
1 151 -0.213439 -0.0668039
0 152 -0.244558 -0.0392106
1 152 -0.250346 -0.0634285
0 153 -0.160169 -0.0379126
1 153 -0.163822 -0.0571431
0 154 -0.235609 -0.0332368
1 154 -0.241383 -0.0569981
0 155 -0.254895 -0.0314814
1 155 -0.260673 -0.056225
0 156 -0.241911 -0.0284137
1 156 -0.248485 -0.0524339
0 157 -0.108956 -0.0286336
1 157 -0.115951 -0.0459069
0 158 0.233633 -0.02819
1 158 0.235317 -0.0267689
0 159 -0.26394 -0.0268519
1 159 -0.269896 -0.0519888
0 160 -0.100904 -0.027146
1 160 -0.106519 -0.0437849
0 161 -0.253615 -0.0246044
1 161 -0.259623 -0.0494764
0 162 -0.24652 -0.0243304
1 162 -0.254412 -0.0489069
0 163 -0.245443 -0.0238624
1 163 -0.24859 -0.0475061
0 164 -0.202174 -0.0225275
1 164 -0.208432 -0.0444105
0 165 -0.0623546 -0.0201427
1 165 -0.0705069 -0.0346882
0 166 -0.228001 -0.0187714
1 166 -0.235366 -0.0421448
0 167 -0.253338 -0.0172661
1 167 -0.258286 -0.0415499
0 168 -0.242838 -0.0165099
1 168 -0.247351 -0.0408477
0 169 -0.215054 -0.0164463
1 169 -0.222114 -0.0391917
0 170 -0.226408 -0.0132368
1 170 -0.23316 -0.0363881
0 171 -0.233428 -0.0117396
1 171 -0.240089 -0.035626
0 172 -0.241606 -0.0104042
1 172 -0.246539 -0.0344866
0 173 0.243017 -0.00165694
1 173 0.220041 -0.00219641
0 174 0.271012 -0.00212009
1 174 0.248853 -0.00175895
0 175 0.277373 0.000260281
1 175 0.256168 0.00134826
0 176 0.256608 0.00738768
1 176 0.23055 0.00744181
0 177 0.294844 0.00936925
1 177 0.274376 0.0122445
0 178 0.290023 0.0255433
1 178 0.264993 0.0286283
0 179 -0.348849 0.0455974
1 179 -0.362165 0.0145257
0 180 -0.323798 0.0505522
1 180 -0.339282 0.0207404
0 181 0.225983 0.052873
1 181 0.199007 0.0536876
0 182 -0.28505 0.0586651
1 182 -0.303078 0.0309869
0 183 -0.275017 0.0602824
1 183 -0.293966 0.0335081
0 184 0.404848 0.0636535
1 184 0.402421 0.0778951
0 185 0.238618 0.0731896
1 185 0.211497 0.075635
0 186 0.252932 0.0764073
1 186 0.224393 0.0795227
0 187 0.021394 0.0792057
1 187 -0.00238602 0.0696465
0 188 0.23873 0.0851074
1 188 0.212424 0.0880512
0 189 0.0630356 0.0947013
1 189 0.037152 0.087874
0 190 0.240113 0.104676
1 190 0.212202 0.108098
0 191 0.24206 0.117131
1 191 0.213538 0.121142
0 192 0.249721 0.121801
1 192 0.221646 0.126743
0 193 -0.196096 0.127197
1 193 -0.226389 0.104321
0 194 -0.0631831 0.131661
1 194 -0.0960381 0.117168
0 195 -0.045996 0.135441
1 195 -0.0792911 0.122116
0 196 -0.181159 0.138045
1 196 -0.214582 0.115954
0 197 -0.0150832 0.142484
1 197 -0.0503701 0.13069
0 198 -0.00286605 0.144578
1 198 -0.0376871 0.134188
0 199 0.0706395 0.170425
1 199 0.0311912 0.164239
0 200 0.0815293 0.174014
1 200 0.0431389 0.169156
0 201 0.257192 0.173726
1 201 0.225597 0.181242
0 202 -0.186862 0.176752
1 202 -0.228178 0.153278
0 203 -0.0734001 0.192489
1 203 -0.115981 0.177193
0 204 -0.0551972 0.19603
1 204 -0.101116 0.181203
0 205 0.0583243 0.197542
1 205 0.0161298 0.191478
0 206 0.0664781 0.199061
1 206 0.0234131 0.193795
0 207 -0.0337152 0.200129
1 207 -0.0791897 0.187784
0 208 -0.0216995 0.202462
1 208 -0.0669109 0.190614
0 209 0.195794 0.205967
1 209 0.156293 0.209589
0 210 -0.330197 0.208474
1 210 -0.372072 0.175825
0 211 -0.124403 0.215176
1 211 -0.171051 0.196537
0 212 -0.111568 0.217348
1 212 -0.161132 0.19879
0 213 0.26353 0.221464
1 213 0.22238 0.229993
0 214 -0.184094 0.223946
1 214 -0.232004 0.201185
0 215 0.16564 0.226464
1 215 0.121473 0.228755
0 216 -0.140312 0.234631
1 216 -0.191263 0.214458
0 217 -0.126609 0.238033
1 217 -0.176207 0.218975
0 218 -0.108849 0.242752
1 218 -0.160607 0.224838
0 219 -0.0759651 0.250302
1 219 -0.130221 0.234859
0 220 -0.060659 0.254113
1 220 -0.116332 0.239408
0 221 -0.2019 0.261939
1 221 -0.254838 0.238039
0 222 -0.146504 0.268849
1 222 -0.204113 0.247871
0 223 -0.132729 0.272524
1 223 -0.190435 0.252837
0 224 -0.111334 0.279025
1 224 -0.169687 0.260761
0 225 -0.0922997 0.283749
1 225 -0.151749 0.26732
0 226 -0.05292 0.294317
1 226 -0.115827 0.28025
0 227 -0.0325026 0.300143
1 227 -0.0914067 0.28876
0 228 -0.0161568 0.304013
1 228 -0.0787786 0.293264
0 229 0.0132498 0.312189
1 229 -0.0488523 0.304258
0 230 0.0538095 0.32405
1 230 -0.00862236 0.319395
0 231 0.0908906 0.332854
1 231 0.0251153 0.331404
0 232 0.0966093 0.334252
1 232 0.030695 0.332831
0 233 0.158954 0.35083
1 233 0.0925461 0.355268
0 234 0.175191 0.355531
1 234 0.108768 0.361662
0 235 -0.246295 0.362548
1 235 -0.315584 0.333993
0 236 -0.161123 0.442725
1 236 -0.247619 0.421061
0 237 -0.0662035 0.451074
1 237 -0.153229 0.437897
0 238 0.344821 -0.56817
2 238 0.445653 -0.522685
0 239 -0.215023 -0.562118
2 239 -0.106272 -0.538262
0 240 -0.113725 -0.558336
2 240 -0.0137639 -0.530906
0 241 -0.0111938 -0.554514
2 241 0.0831866 -0.523221
0 242 0.214588 -0.547451
2 242 0.307845 -0.506891
0 243 0.23275 -0.547399
2 243 0.325165 -0.505661
0 244 0.316067 -0.544961
2 244 0.412151 -0.499643
0 245 0.217316 -0.535553
2 245 0.309563 -0.494806
0 246 -0.290105 -0.44823
2 246 -0.181869 -0.433363
0 247 -0.113449 -0.437739
2 247 -0.0237497 -0.41346
0 248 -0.0894262 -0.43523
2 248 -0.000318947 -0.409867
0 249 -0.0776514 -0.434693
2 249 0.0105332 -0.408458
0 250 -0.00778807 -0.431133
2 250 0.0775904 -0.401463
0 251 0.323605 -0.426588
2 251 0.412804 -0.376168
0 252 0.0884622 -0.424327
2 252 0.171403 -0.388522
0 253 0.0977573 -0.423054
2 253 0.180407 -0.387136
0 254 0.0987171 -0.416665
2 254 0.181108 -0.379866
0 255 0.186241 -0.41114
2 255 0.1565 -0.382693
0 256 0.318611 -0.41123
2 256 0.405896 -0.361404
0 257 0.204123 -0.409991
2 257 0.289021 -0.366811
0 258 0.317753 -0.402455
2 258 0.405833 -0.351502
2 0 -0.17026 -0.334822
2 1 -0.0937303 -0.321694
0 259 -0.125826 -0.334398
2 259 -0.0410567 -0.313238
2 2 -0.0135079 -0.30858
0 260 -0.0434003 -0.326481
2 260 0.0355619 -0.300109
0 261 -0.0359097 -0.326163
2 261 0.0497809 -0.297602
0 262 -0.0145959 -0.323915
2 262 0.0621328 -0.295174
2 3 0.0726634 -0.294171
0 263 0.0138585 -0.321696
2 263 0.0904807 -0.290773
2 4 0.129908 -0.285379
0 264 0.0738591 -0.316626
2 264 0.148313 -0.281731
0 265 0.0904955 -0.31503
2 265 0.165783 -0.278604
0 266 0.132144 -0.311862
2 266 0.206412 -0.271983
0 267 0.19145 -0.306849
2 267 0.267108 -0.262225
0 268 0.298289 -0.298321
2 268 0.377435 -0.243702
2 6 -0.231062 -0.260364
0 269 -0.287987 -0.259141
2 269 -0.19503 -0.252415
2 8 -0.162419 -0.24628
2 9 -0.118452 -0.236623
2 10 -0.0908936 -0.231442
2 12 -0.0520805 -0.223329
2 14 -0.242794 -0.238903
2 16 -0.0134116 -0.215683
0 270 0.144558 -0.237672
2 270 0.170829 -0.2
2 18 -0.214301 -0.231846
2 19 0.0104037 -0.210224
2 21 -0.193512 -0.226817
2 22 0.0310494 -0.205709
2 23 0.041448 -0.203891
2 24 -0.174785 -0.222217
2 25 -0.15762 -0.218504
0 271 0.166267 -0.227288
2 271 0.194541 -0.18665
2 29 -0.087964 -0.201801
2 30 -0.0649887 -0.196019
0 272 -0.11616 -0.209967
2 272 -0.0464827 -0.191944
2 34 -0.0120754 -0.183887
0 273 -0.0739857 -0.204179
2 273 -0.00146545 -0.181395
0 274 0.135763 -0.198037
2 274 0.159778 -0.160211
2 37 0.331568 -0.144507
2 38 0.351093 -0.142324
0 275 0.108952 -0.19305
2 275 0.129633 -0.158161
0 276 0.170384 -0.193098
2 276 0.197963 -0.151319
2 43 0.209228 -0.146022
0 277 0.105515 -0.186404
2 277 0.128317 -0.151265
2 47 0.0275596 -0.157616
0 278 0.00169874 -0.182994
2 278 0.0409433 -0.156622
0 279 0.140618 -0.181937
2 279 0.160814 -0.143556
2 50 -0.236743 -0.181062
2 51 -0.228093 -0.179868
2 52 0.0503282 -0.152225
0 280 -0.279664 -0.1795
2 280 -0.245376 -0.180987
2 55 0.207936 -0.136102
0 281 0.118128 -0.175503
2 281 0.137857 -0.138509
0 282 0.143186 -0.174348
2 282 0.161311 -0.13617
2 57 0.132403 -0.137165
0 283 0.134869 -0.17125
2 283 0.152564 -0.132685
2 60 0.196169 -0.125194
0 284 0.148834 -0.16263
2 284 0.166877 -0.123152
2 61 0.204085 -0.118097
0 285 -0.00849692 -0.161317
2 285 0.0270813 -0.13615
2 63 0.16314 -0.120473
2 65 -0.192221 -0.152286
2 66 0.172884 -0.115199
0 286 0.20236 -0.155544
2 286 0.224125 -0.10984
2 68 0.0186534 -0.129121
0 287 0.140945 -0.154128
2 287 0.160413 -0.114674
2 69 -0.190076 -0.149458
2 70 0.0344574 -0.123085
0 288 0.116725 -0.150826
2 288 0.139483 -0.113365
0 289 0.187407 -0.148071
2 289 0.207688 -0.103765
2 71 0.0225838 -0.120936
0 290 0.197284 -0.145788
2 290 0.212542 -0.100282
2 73 0.154445 -0.103488
2 74 0.163495 -0.102883
2 76 -0.197031 -0.139566
2 77 0.145151 -0.103912
0 291 0.128442 -0.142223
2 291 0.150131 -0.103745
2 78 0.137321 -0.102593
2 79 0.215574 -0.0936486
0 292 0.167692 -0.138149
2 292 0.185839 -0.0954254
2 81 0.0101186 -0.112566
2 82 -0.197712 -0.13376
2 83 0.0319569 -0.109197
0 293 0.161112 -0.136242
2 293 0.178208 -0.0942728
2 84 0.0467334 -0.107193
2 86 0.141939 -0.0941855
2 87 0.202479 -0.0882069
2 88 -0.199719 -0.12867
2 91 0.162648 -0.0865887
2 92 0.151528 -0.0857455
2 93 0.0368173 -0.0965708
2 94 0.1706 -0.0811393
2 95 -0.196041 -0.119862
2 96 0.147993 -0.0814609
2 98 -0.201727 -0.116161
2 99 0.163341 -0.0763207
2 100 0.185 -0.0743873
2 101 -0.215391 -0.117419
2 103 0.0212931 -0.0905841
0 294 -0.262906 -0.115017
2 294 -0.237384 -0.117831
2 104 0.043225 -0.086945
2 105 0.15764 -0.0747836
2 106 -0.241275 -0.116924
2 107 0.169562 -0.0703085
2 109 0.178829 -0.0666431
2 110 0.0259952 -0.0798789
2 111 0.219343 -0.0586186
2 113 -0.236888 -0.106186
2 114 -0.0792069 -0.0895038
0 295 -0.0139145 -0.103803
2 295 0.0167186 -0.0786493
2 115 0.020098 -0.0784883
0 296 0.204428 -0.102648
2 296 0.226844 -0.0547099
2 116 -0.190805 -0.0997144
2 117 0.033705 -0.0735593
2 118 -0.238064 -0.0990353
2 120 0.143843 -0.0563932
2 121 0.1467 -0.0553326
0 297 -0.390556 -0.0940191
2 297 -0.331994 -0.108383
2 122 0.154135 -0.0528746
2 123 -0.239861 -0.0953522
2 125 0.0820686 -0.058231
0 298 0.0571826 -0.0892061
2 298 0.0883898 -0.0560377
2 126 0.143337 -0.0477508
0 299 0.189973 -0.0854883
2 299 0.209029 -0.0379907
2 127 -0.22414 -0.0871757
2 128 -0.197722 -0.0797702
0 300 -0.0802497 -0.0788946
2 300 -0.0479814 -0.0610011
2 129 0.164827 -0.0358977
0 301 0.141792 -0.0786835
2 301 0.171746 -0.0357399
0 302 0.0818477 -0.0754156
2 302 0.109584 -0.0392039
0 303 0.104356 -0.0740194
2 303 0.132186 -0.0356235
2 130 0.226996 -0.0238065
0 304 0.0910269 -0.0690928
2 304 0.117086 -0.0318916
2 134 -0.187887 -0.0641502
2 135 -0.236048 -0.0664954
2 136 -0.249967 -0.0643287
2 137 -0.229625 -0.0616713
0 305 -0.245103 -0.056756
2 305 -0.220123 -0.0585469
2 138 -0.218105 -0.0583172
2 139 -0.189019 -0.0550422
2 140 -0.210715 -0.0571752
2 141 -0.202342 -0.0562586
2 142 -0.199705 -0.0560294
2 143 -0.182043 -0.0538464
2 144 -0.2356 -0.0594827
2 145 0.232471 -0.000282334
2 148 0.241886 0.00257281
2 149 -0.179852 -0.0430529
2 150 -0.161014 -0.0416023
2 151 -0.183789 -0.0428907
0 306 -0.220193 -0.0438124
2 306 -0.196071 -0.0427915
2 152 -0.221533 -0.0420215
2 154 -0.212631 -0.0349237
2 155 -0.231936 -0.0356853
2 156 -0.220215 -0.0308844
2 157 -0.0913065 -0.0154146
2 159 -0.240606 -0.0312681
2 160 -0.0843722 -0.0130247
2 161 -0.232004 -0.0284767
2 163 -0.220082 -0.026046
0 307 -0.0777647 -0.0233456
2 307 -0.0633976 -0.00670923
2 164 -0.182393 -0.0206902
2 165 -0.0491032 -0.00180292
2 166 -0.208873 -0.0200445
2 168 -0.219822 -0.0192781
2 169 -0.197016 -0.0162926
2 170 -0.20745 -0.0143378
2 171 -0.214172 -0.0140526
2 172 -0.219784 -0.0132903
0 308 0.285346 0.00428181
2 308 0.265316 0.0635165
2 176 0.232911 0.06373
0 309 0.300762 0.0136549
2 309 0.280562 0.0756132
0 310 0.242082 0.0293184
2 310 0.213351 0.0842036
0 311 -0.380184 0.0387141
2 311 -0.362352 0.0171962
2 182 -0.284499 0.0468758
0 312 0.392793 0.0613204
2 312 0.407299 0.143974
2 187 0.00223206 0.107694
2 190 0.209652 0.163484
2 191 0.209896 0.177484
2 192 0.218706 0.183337
2 194 -0.0967772 0.147809
2 197 -0.0542044 0.165205
2 200 0.0337124 0.212074
0 313 0.0856687 0.175804
2 313 0.0377952 0.21425
0 314 0.301198 0.183467
2 314 0.259425 0.256292
0 315 -0.31555 0.191415
2 315 -0.352846 0.169945
2 203 -0.12565 0.207014
2 204 -0.109261 0.213071
2 205 0.00371034 0.232471
2 208 -0.0780244 0.22516
0 316 0.303373 0.20954
2 316 0.255303 0.28468
0 317 -0.140073 0.212108
2 317 -0.196355 0.216671
2 212 -0.16972 0.226229
2 213 0.209361 0.290776
2 214 -0.241656 0.221362
0 318 -0.169891 0.227421
2 318 -0.228091 0.227446
2 216 -0.202978 0.239264
0 319 0.000698332 0.23563
2 319 -0.0660621 0.261981
2 217 -0.190297 0.244067
2 222 -0.220071 0.271802
2 223 -0.20812 0.277908
2 226 -0.137653 0.312331
2 227 -0.11965 0.321592
2 228 -0.103749 0.329142
0 320 0.0201528 0.313813
2 320 -0.0717092 0.344952
0 321 0.048731 0.321855
2 321 -0.045364 0.358145
0 322 0.0204531 0.326599
2 322 -0.075355 0.357729
0 323 -0.309562 0.331669
2 323 -0.389719 0.307648
2 231 -0.00520799 0.377203
0 324 0.128462 0.343579
2 324 0.028828 0.394736
0 325 0.187578 0.359305
2 325 0.0866582 0.422511
0 326 -0.195803 0.375606
2 326 -0.298581 0.369668
0 327 0.0380707 0.384048
2 327 -0.0746398 0.419727
0 328 0.0175409 0.396228
2 328 -0.0984857 0.429183
2 237 -0.198652 0.468728
3 242 0.339093 -0.432678
3 243 0.355899 -0.432358
3 245 0.340241 -0.421167
3 252 0.200783 -0.322655
3 253 0.210661 -0.32139
3 260 0.0678439 -0.241301
3 3 0.103118 -0.23522
3 263 0.119362 -0.231724
3 4 0.158516 -0.224617
3 6 -0.184476 -0.209051
3 9 -0.0802638 -0.184933
3 10 -0.0554811 -0.179056
0 329 -0.159113 -0.244806
3 329 -0.0423366 -0.175594
3 11 -0.214951 -0.19459
3 12 -0.0209898 -0.170796
3 13 -0.237851 -0.195405
3 14 -0.198884 -0.190558
3 15 -0.00474579 -0.167019
3 16 0.0174871 -0.162302
3 270 0.188476 -0.138767
3 19 0.0404619 -0.156519
3 20 -0.153197 -0.177792
3 22 0.0605233 -0.151645
3 23 0.0705459 -0.14917
3 24 -0.136401 -0.173157
3 271 0.211901 -0.125124
3 29 -0.0530239 -0.150638
3 34 0.0177798 -0.131438
3 274 0.176586 -0.100837
3 275 0.146409 -0.0995603
3 276 0.214863 -0.0910108
3 43 0.225983 -0.0851944
3 277 0.14557 -0.0925783
3 47 0.0505731 -0.103504
3 278 0.063384 -0.102061
3 279 0.177313 -0.0840699
3 52 0.0727685 -0.0971169
3 55 0.222983 -0.0751651
3 283 0.168396 -0.0738955
3 60 0.211995 -0.0652045
3 61 0.219585 -0.0583393
3 285 0.048754 -0.0824058
3 63 0.179089 -0.0619426
3 66 0.188234 -0.0563014
3 67 0.0524534 -0.0753878
3 286 0.23929 -0.0489906
3 68 0.0393521 -0.0759341
3 287 0.176277 -0.0564338
3 70 0.0547421 -0.069845
3 289 0.222492 -0.0439537
3 71 0.0426177 -0.0682924
3 73 0.169517 -0.0457896
3 74 0.178577 -0.0446224
3 75 -0.203206 -0.097552
3 77 0.161944 -0.0463699
3 78 0.153852 -0.04528
3 292 0.200919 -0.036583
3 81 0.0309374 -0.0606875
3 83 0.0518074 -0.0565382
3 293 0.19409 -0.035629
3 84 0.0667694 -0.0539789
3 85 0.170442 -0.0357253
3 86 0.1572 -0.0369982
3 87 0.216069 -0.0283915
3 91 0.178132 -0.0280309
3 92 0.166744 -0.028431
3 93 0.0565641 -0.0439672
3 94 0.185906 -0.0225948
3 103 0.0414367 -0.0390052
3 294 -0.203363 -0.0726185
3 104 0.0632075 -0.0345292
3 107 0.183986 -0.0125935
3 109 0.193061 -0.00825305
3 110 0.0452595 -0.0284222
3 111 0.234198 0.00094455
3 115 0.0403163 -0.0271971
3 296 0.242313 0.0051802
3 116 -0.160824 -0.0544794
3 117 0.0529392 -0.0222628
3 120 0.158146 -0.000620528
3 121 0.163304 0.00126984
3 122 0.168665 0.00342874
3 123 -0.206964 -0.051432
0 330 0.0436537 -0.0907048
3 330 0.0931612 -0.00700585
3 298 0.109696 -0.002141
3 126 0.158651 0.00821337
3 127 -0.193121 -0.0434129
3 128 -0.168471 -0.0359005
3 300 -0.026642 -0.0130826
3 301 0.188426 0.020514
3 302 0.126225 0.0146759
3 130 0.241193 0.035628
3 136 -0.217842 -0.0227614
3 137 -0.198963 -0.0189931
3 305 -0.189637 -0.0162401
3 138 -0.188039 -0.0158153
3 139 -0.161838 -0.0119866
3 140 -0.180632 -0.0144295
3 141 -0.177014 -0.0139377
3 142 -0.171358 -0.0132865
3 143 -0.155642 -0.0104941
3 144 -0.205478 -0.0173752
3 146 -0.296804 -0.0295756
3 148 0.256514 0.0625095
3 149 -0.153336 -0.000240235
3 150 -0.135399 0.00168277
3 151 -0.158971 1.95404e-05
3 152 -0.192445 -0.000759378
3 154 -0.184871 0.00638653
3 155 -0.202885 0.00533511
3 156 -0.191759 0.00980204
3 158 0.269818 0.0875955
3 159 -0.211183 0.00873911
3 164 -0.157332 0.0210979
3 165 -0.0328564 0.0445649
3 166 -0.182848 0.0208239
3 168 -0.192232 0.020889
3 169 -0.169926 0.0250662
3 170 -0.181275 0.0263261
3 171 -0.187602 0.026523
3 172 -0.191719 0.0265685
3 179 -0.302454 0.0614491
3 180 -0.283618 0.0700488
0 331 -0.292962 0.0566513
3 331 -0.263205 0.0792188
3 196 -0.198186 0.173727
0 332 -0.154131 0.145005
3 332 -0.176998 0.185704
0 333 -0.354047 0.180699
3 333 -0.357235 0.179931
0 334 0.101654 0.181947
3 334 0.0418233 0.268213
0 335 0.312679 0.185814
3 335 0.272107 0.329219
3 315 -0.330184 0.197081
0 336 -0.302401 0.193117
3 336 -0.322975 0.200028
0 337 -0.0436722 0.19854
3 337 -0.107352 0.253539
0 338 -0.22128 0.214363
3 338 -0.260613 0.237309
3 211 -0.176299 0.258123
3 318 -0.221327 0.259916
0 339 0.181905 0.231219
3 339 0.113193 0.344188
3 319 -0.0695629 0.304851
0 340 -0.0397904 0.298053
3 340 -0.130462 0.356792
3 227 -0.12425 0.361279
3 228 -0.110863 0.36917
0 341 0.0343692 0.318306
3 341 -0.0683255 0.395201
0 342 -0.148259 0.3208
3 342 -0.235906 0.354095
3 322 -0.083859 0.400953
3 233 0.0436979 0.462199
0 343 -0.276878 0.352699
3 343 -0.356129 0.354185
3 234 0.0588165 0.472191
0 344 -0.263294 0.356362
3 344 -0.347663 0.360066
3 325 0.0693471 0.478648
3 326 -0.297641 0.393897
3 328 -0.1137 0.469323
4 1 -0.0806221 -0.252376
4 259 -0.0286412 -0.243482
4 2 -0.00121128 -0.238604
4 260 0.0475767 -0.230169
4 3 0.0842471 -0.223979
4 263 0.101268 -0.220966
4 264 0.159922 -0.2114
4 267 0.27725 -0.191977
0 345 0.243612 -0.302227
4 345 0.330739 -0.182751
4 268 0.386941 -0.174054
4 6 -0.219492 -0.196005
4 9 -0.11215 -0.172732
4 11 -0.252349 -0.180259
4 12 -0.0434683 -0.157987
4 13 -0.278546 -0.180281
4 14 -0.232717 -0.175508
4 15 -0.0244348 -0.154097
4 16 -0.00424324 -0.150389
4 17 -0.214491 -0.170965
0 346 -0.0517353 -0.232925
4 346 0.024824 -0.143397
4 20 -0.185072 -0.16351
4 21 -0.180652 -0.162399
4 23 0.0489458 -0.138435
4 24 -0.165108 -0.158682
4 25 -0.148877 -0.155055
4 26 0.0752204 -0.132816
4 27 0.101259 -0.127321
0 347 0.0389715 -0.222269
4 347 0.114804 -0.124224
0 348 0.141335 -0.222543
4 348 0.206154 -0.113551
0 349 0.08013 -0.21822
4 349 0.152499 -0.115997
4 29 -0.0793788 -0.138214
4 272 -0.0368805 -0.127388
4 34 -0.00305003 -0.119449
4 39 -0.120788 -0.121481
4 40 0.073823 -0.101182
4 276 0.233979 -0.0813231
4 43 0.245356 -0.076102
0 350 0.0700696 -0.185037
4 350 0.142998 -0.0845527
4 46 0.159825 -0.0809411
4 47 0.0534236 -0.0903245
4 278 0.0676743 -0.0894538
0 351 0.160997 -0.182435
4 351 0.221982 -0.0714072
4 52 0.0769132 -0.0851887
4 55 0.243968 -0.0666605
0 352 -0.246533 -0.176861
4 352 -0.171046 -0.108646
4 282 0.202724 -0.0655786
4 283 0.194321 -0.0631788
4 60 0.232853 -0.055952
4 61 0.241734 -0.0488439
4 285 0.0559382 -0.0692245
4 66 0.211741 -0.0464139
4 286 0.262078 -0.0407579
4 287 0.198831 -0.0461914
4 69 -0.148874 -0.0838973
4 70 0.0639231 -0.0568896
4 289 0.246009 -0.0344804
4 71 0.0514259 -0.055161
4 290 0.255147 -0.031139
4 73 0.192962 -0.0348344
4 74 0.202149 -0.0343965
4 77 0.18162 -0.0356526
4 291 0.186024 -0.0354799
4 79 0.258686 -0.024261
4 80 0.207697 -0.0286091
4 292 0.225064 -0.0270352
4 81 0.0378848 -0.0470791
4 83 0.0593829 -0.0433614
4 293 0.217469 -0.0260206
4 84 0.07273 -0.0413227
4 85 0.192294 -0.0252755
4 86 0.178813 -0.0257691
4 87 0.244726 -0.0188885
4 89 0.251624 -0.0146975
0 353 0.199301 -0.128873
4 353 0.2599 -0.013956
4 90 0.239117 -0.0141428
4 92 0.188857 -0.0186621
4 93 0.0642959 -0.0306929
4 94 0.209318 -0.0128039
4 96 0.184746 -0.0141772
4 97 0.173987 -0.0131299
4 100 0.224611 -0.00635539
4 103 0.0480843 -0.0248644
4 104 0.0677393 -0.0220818
4 105 0.194962 -0.00700749
4 107 0.207839 -0.0026157
4 109 0.217488 0.0011923
4 110 0.0517283 -0.0151165
4 111 0.253902 0.00854882
4 295 0.0432764 -0.0140588
4 115 0.0473507 -0.0138732
4 117 0.0584835 -0.00906841
4 119 0.0516303 -0.0061164
4 120 0.175522 0.00954243
4 121 0.178703 0.0106325
4 297 -0.302624 -0.0463756
0 354 0.131977 -0.0936621
4 354 0.186227 0.0133807
4 123 -0.196076 -0.0301797
4 124 0.211256 0.0190515
4 126 0.173454 0.0177508
4 127 -0.183449 -0.0223317
4 300 -0.0232587 0.0026751
4 302 0.135623 0.0252388
4 304 0.143622 0.0325348
0 355 -0.00481173 -0.0672799
4 355 0.0505515 0.0226439
4 136 -0.209839 -0.000692172
4 138 -0.180545 0.00510155
4 140 -0.172809 0.00640562
4 141 -0.167729 0.00720293
4 142 -0.164714 0.00748326
4 143 -0.149014 0.00948404
4 144 -0.197273 0.00494909
0 356 -0.0506224 -0.0501251
4 356 0.00921434 0.0350324
4 149 -0.145986 0.0200616
4 150 -0.129975 0.0212902
4 151 -0.152013 0.0204963
4 306 -0.161717 0.0205373
4 152 -0.184398 0.0211773
4 153 -0.105449 0.0326728
4 154 -0.17654 0.0279459
4 155 -0.195065 0.0276442
4 156 -0.183851 0.0322581
4 157 -0.0606098 0.0473838
4 159 -0.203737 0.0314825
4 160 -0.0514758 0.0505027
4 161 -0.194593 0.0347163
4 164 -0.147452 0.0421473
4 166 -0.17285 0.0428707
4 167 -0.193737 0.0421568
4 168 -0.184796 0.0433161
4 169 -0.160333 0.0468768
4 170 -0.172174 0.0483356
4 171 -0.177994 0.049038
4 172 -0.185104 0.0492393
0 357 0.263132 -0.00450747
4 357 0.30394 0.121564
0 358 0.137485 -0.00313987
4 358 0.180112 0.105566
0 359 0.249412 -0.00321502
4 359 0.287812 0.12102
4 173 0.28267 0.121297
4 175 0.318864 0.128464
0 360 0.250842 0.00645905
4 360 0.288893 0.131782
4 309 0.341549 0.144988
4 178 0.328383 0.156726
4 310 0.276459 0.153701
0 361 -0.0671593 0.0359609
4 361 -0.0275848 0.117458
4 179 -0.292819 0.0890538
4 181 0.257953 0.176067
4 182 -0.239002 0.109897
4 183 -0.229487 0.113663
4 186 0.284308 0.204382
4 187 0.0490495 0.173591
4 188 0.269517 0.2117
0 362 0.231138 0.091173
4 362 0.261128 0.216753
4 189 0.0882506 0.195107
0 363 0.0691647 0.105672
4 363 0.0920815 0.207148
4 192 0.277732 0.251899
0 364 0.258584 0.144216
4 364 0.285462 0.277363
4 198 0.0126521 0.235993
4 200 0.0939827 0.279926
4 201 0.280657 0.309243
0 365 0.0642161 0.175978
4 365 0.0761899 0.278979
4 202 -0.166414 0.239492
0 366 0.274594 0.177359
4 366 0.29742 0.315928
4 333 -0.323098 0.217854
4 335 0.34024 0.331617
4 336 -0.278173 0.238955
4 204 -0.049434 0.27878
4 209 0.207481 0.33251
4 338 -0.209283 0.271716
4 211 -0.120957 0.286902
4 212 -0.104148 0.293345
4 318 -0.164989 0.292128
4 217 -0.12448 0.310159
4 218 -0.109756 0.31743
0 367 -0.100403 0.244108
4 367 -0.101862 0.320763
4 219 -0.075919 0.332492
4 225 -0.0969187 0.364754
0 368 -0.0615324 0.292886
4 368 -0.0729372 0.377022
4 227 -0.0444541 0.390121
4 320 0.00485428 0.414362
0 369 0.0259491 0.315766
4 369 0.0108133 0.417298
4 231 0.076612 0.448996
0 370 0.10968 0.33863
4 370 0.0931663 0.457179
0 371 -0.289616 0.348297
4 371 -0.294431 0.395743
4 233 0.142169 0.479898
4 343 -0.288179 0.399383
4 234 0.159805 0.488636
4 344 -0.27586 0.405605
0 372 -0.255728 0.359042
4 372 -0.269116 0.410282
4 325 0.173014 0.495245
4 326 -0.2165 0.437633
0 373 -0.0925986 0.422007
4 373 -0.126697 0.504751
5 244 0.372511 -0.416306
0 374 0.339883 -0.532049
5 374 0.396462 -0.403879
0 375 0.148781 -0.413485
5 375 0.201767 -0.298742
0 376 0.172081 -0.412245
5 376 0.219974 -0.297494
0 377 0.176608 -0.41222
5 377 0.22868 -0.296336
0 378 0.192438 -0.411084
5 378 0.245437 -0.295107
0 379 0.212282 -0.409873
5 379 0.266205 -0.292994
5 0 -0.201787 -0.249813
5 2 -0.0407191 -0.230654
5 260 0.00924438 -0.224516
5 3 0.0474037 -0.219922
0 380 0.0211652 -0.320412
5 380 0.0726583 -0.216251
5 4 0.105046 -0.213802
5 264 0.123036 -0.210364
5 266 0.182778 -0.204026
5 267 0.239895 -0.196825
5 345 0.291566 -0.189949
5 6 -0.265873 -0.175533
5 269 -0.228291 -0.169778
5 8 -0.194906 -0.165578
5 9 -0.148211 -0.157743
5 329 -0.107752 -0.151715
5 11 -0.295515 -0.157595
5 12 -0.0812888 -0.148073
5 13 -0.327542 -0.156839
5 14 -0.278363 -0.154542
5 16 -0.0394959 -0.142053
5 270 0.198384 -0.128544
5 17 -0.260365 -0.151514
5 18 -0.248389 -0.149139
5 20 -0.22955 -0.145562
5 21 -0.222035 -0.144436
5 22 0.00560949 -0.134629
5 23 0.0151875 -0.132649
5 24 -0.205869 -0.141751
5 25 -0.190168 -0.138928
5 26 0.0411664 -0.129144
5 271 0.219377 -0.117475
0 381 0.136109 -0.22551
5 381 0.188682 -0.116929
5 348 0.19498 -0.113682
5 28 0.0907973 -0.121479
0 382 0.0749415 -0.218455
5 382 0.11444 -0.117965
5 349 0.124194 -0.115894
5 29 -0.116806 -0.125464
5 34 -0.0380171 -0.111816
0 383 0.210181 -0.203088
5 383 0.252141 -0.0965346
5 36 -0.205573 -0.115854
5 274 0.187426 -0.0902999
0 384 0.216249 -0.198115
5 384 0.260454 -0.0903708
5 37 0.304654 -0.0892729
5 38 0.325057 -0.0870814
5 39 -0.153352 -0.106176
5 275 0.160604 -0.0869502
5 41 0.199369 -0.0848491
5 276 0.221372 -0.0841994
0 385 0.0298819 -0.189888
5 385 0.0727865 -0.0916797
5 42 0.172781 -0.0822836
5 43 0.233047 -0.0799959
0 386 0.0429494 -0.188491
5 386 0.0859116 -0.0893418
5 277 0.156155 -0.0806082
5 47 0.0358206 -0.084173
5 278 0.0487239 -0.0840969
5 49 0.128843 -0.0818665
5 279 0.19218 -0.0740999
0 387 -0.264519 -0.180099
5 387 -0.202888 -0.0906697
5 51 -0.199434 -0.0905531
5 52 0.058672 -0.0804645
5 54 -0.191586 -0.0894914
5 55 0.232998 -0.0700656
0 388 -0.244962 -0.176307
5 388 -0.186226 -0.0873586
5 282 0.194822 -0.0666829
5 57 0.161853 -0.0677938
5 58 0.0669563 -0.072535
5 283 0.18641 -0.064305
5 60 0.222945 -0.059472
5 284 0.199372 -0.0548009
5 61 0.232328 -0.0523681
5 285 0.0390286 -0.0627805
5 62 0.180484 -0.0533832
5 63 0.195625 -0.0524882
5 64 0.318103 -0.0487523
5 66 0.203291 -0.0485699
5 286 0.253026 -0.0455271
5 68 0.0332061 -0.0559681
5 69 -0.162703 -0.0643021
5 70 0.0490269 -0.0513058
5 288 0.158665 -0.0477239
5 71 0.0369521 -0.0484477
5 290 0.248524 -0.0355618
5 72 0.421652 -0.0307852
5 73 0.184428 -0.0363285
5 74 0.194645 -0.0360602
5 76 -0.168107 -0.052878
5 77 0.174151 -0.0363938
5 291 0.175739 -0.0365871
5 79 0.253701 -0.0290894
5 292 0.217952 -0.0299358
5 81 0.0224527 -0.0402692
5 82 -0.168728 -0.0475142
5 83 0.0453859 -0.0373827
5 293 0.210162 -0.0284758
5 84 0.0572468 -0.036396
5 85 0.184928 -0.0270871
5 86 0.17122 -0.0260362
5 87 0.239934 -0.0225602
5 88 -0.169973 -0.042033
5 89 0.246139 -0.0194328
5 353 0.252074 -0.018005
5 90 0.232147 -0.0185537
0 389 0.0426429 -0.125245
5 389 0.0826676 -0.0271395
5 92 0.1814 -0.0192423
0 390 -0.292751 -0.124427
5 390 -0.232338 -0.0389846
5 93 0.0501843 -0.0251526
5 94 0.203119 -0.0150744
5 95 -0.167302 -0.0334643
0 391 0.0476744 -0.120377
5 391 0.0891993 -0.0214084
5 96 0.176986 -0.0155508
5 97 0.163569 -0.0142074
5 98 -0.172187 -0.0297706
5 100 0.218992 -0.00929584
5 101 -0.184158 -0.0297791
5 102 -0.203283 -0.0292383
5 103 0.0334466 -0.0189711
5 294 -0.20464 -0.0284826
5 104 0.0512982 -0.0165436
5 105 0.188316 -0.00885237
5 106 -0.210267 -0.0272969
5 107 0.201593 -0.00486055
5 108 -0.173268 -0.0225337
5 109 0.212325 -0.00217107
5 110 0.0376408 -0.0090412
5 111 0.24402 0.00276041
5 112 -0.0872625 -0.0153374
0 392 0.0915293 -0.10461
5 392 0.135955 -0.00174803
5 113 -0.204955 -0.0175365
5 114 -0.0746966 -0.0128952
5 295 0.0305162 -0.00697012
5 115 0.0326766 -0.006915
5 296 0.251785 0.00628008
5 116 -0.168788 -0.0140865
5 117 0.0443727 -0.00330394
5 118 -0.205895 -0.0105304
5 119 0.0380396 2.85324e-05
5 121 0.17087 0.00970178
5 297 -0.331309 -0.0164673
5 354 0.177699 0.0116967
5 123 -0.208439 -0.00664506
5 124 0.200315 0.0159163
5 125 0.0894215 0.00868107
5 126 0.163823 0.0168065
5 127 -0.195721 0.000598533
5 129 0.178823 0.0255635
5 303 0.145982 0.0289219
5 130 0.25653 0.0362934
5 304 0.132444 0.0328261
5 355 0.0372826 0.0289241
5 131 0.0311478 0.0288401
0 393 0.189222 -0.0667429
5 393 0.234059 0.0417437
5 135 -0.20849 0.0214295
5 136 -0.222169 0.0246327
5 137 -0.202809 0.0257536
5 305 -0.195926 0.027823
5 139 -0.165548 0.0294757
5 140 -0.184002 0.0289107
5 142 -0.176308 0.0289856
5 144 -0.208244 0.0289412
0 394 0.226821 -0.0511332
5 394 0.271 0.0596311
0 395 -0.273507 -0.0498565
5 395 -0.223318 0.0329827
0 396 0.210342 -0.0500653
5 396 0.256622 0.0600635
5 149 -0.15735 0.0404753
5 150 -0.141864 0.0404131
5 151 -0.162867 0.0409126
5 152 -0.195833 0.0446255
5 154 -0.187854 0.0505481
5 155 -0.206129 0.0521849
5 156 -0.194312 0.0561196
5 157 -0.0670069 0.0623938
5 158 0.278572 0.0833335
5 159 -0.215015 0.0564582
5 160 -0.0577319 0.0647748
5 163 -0.197047 0.0606729
5 164 -0.156504 0.0632645
0 397 -0.26813 -0.0202168
5 397 -0.219683 0.0625053
5 165 -0.0213545 0.0734061
5 166 -0.181962 0.0657667
5 168 -0.196237 0.0673275
5 169 -0.168878 0.0687396
5 170 -0.180017 0.0716468
5 171 -0.187768 0.0723027
5 172 -0.195939 0.0732238
5 357 0.317689 0.113893
5 359 0.304505 0.114818
5 173 0.29558 0.115168
5 174 0.323366 0.116086
5 175 0.331697 0.119364
5 308 0.340299 0.124574
5 310 0.295875 0.148252
5 179 -0.299069 0.123554
0 398 -0.33243 0.0490964
5 398 -0.285008 0.127914
5 181 0.27686 0.171085
5 183 -0.230744 0.143012
5 185 0.289153 0.192762
5 186 0.305576 0.197844
5 188 0.288835 0.205513
5 362 0.27999 0.211453
5 189 0.103752 0.201419
5 190 0.289541 0.225782
0 399 -0.244222 0.114661
5 399 -0.201078 0.201141
5 191 0.291278 0.239434
5 192 0.300813 0.244898
5 194 -0.025598 0.230816
0 400 -0.0512605 0.134293
5 400 -0.0135288 0.234626
5 195 -0.00849068 0.236044
5 196 -0.140068 0.230052
0 401 -0.0250707 0.140394
5 401 0.015535 0.244214
5 197 0.0234742 0.246486
5 364 0.306701 0.26944
5 201 0.306772 0.301575
5 313 0.123947 0.288452
5 202 -0.148449 0.269272
5 335 0.364189 0.318688
5 315 -0.276368 0.274168
5 203 -0.0349169 0.295481
5 204 -0.0205907 0.29915
5 207 0.00192584 0.306135
5 209 0.241389 0.33153
5 317 -0.104358 0.310846
0 402 0.217392 0.211861
5 402 0.261548 0.338499
5 212 -0.0754772 0.318315
5 213 0.316205 0.355106
5 214 -0.149438 0.319511
5 215 0.211092 0.352842
5 318 -0.135318 0.324352
5 216 -0.105052 0.334717
5 217 -0.0910252 0.338961
5 219 -0.0374924 0.357737
0 403 -0.147717 0.268356
5 403 -0.114455 0.370001
5 222 -0.111532 0.370918
5 223 -0.0991841 0.375525
0 404 -0.116994 0.277754
5 404 -0.0826804 0.382897
5 224 -0.076711 0.385106
0 405 -0.101646 0.281428
5 405 -0.0683823 0.387755
5 225 -0.0561547 0.392603
5 368 -0.0275396 0.403641
5 227 0.00433425 0.41517
0 406 -0.268955 0.304054
5 406 -0.23692 0.397085
5 228 0.0197095 0.42084
0 407 -0.0518391 0.309785
5 407 -0.0167883 0.4236
5 229 0.0494793 0.432038
5 369 0.0631524 0.437629
0 408 -0.105647 0.317042
5 408 -0.0727318 0.425931
5 230 0.0929543 0.449024
5 370 0.15067 0.470168
5 324 0.170588 0.477594
5 371 -0.254512 0.44505
5 233 0.203891 0.489052
5 343 -0.246136 0.448831
5 344 -0.231701 0.454626
5 372 -0.223985 0.459072
5 373 -0.0632812 0.541845
0 409 0.100628 -0.551807
6 409 0.0829181 -0.538249
6 252 0.0690611 -0.399092
6 253 0.0788463 -0.398307
6 254 0.0785296 -0.391498
6 260 -0.0800203 -0.289107
6 262 -0.0479262 -0.286853
6 3 -0.0361416 -0.286974
6 4 0.0307749 -0.28413
6 264 0.0524962 -0.28205
6 265 0.0703033 -0.28107
6 12 -0.177353 -0.193364
6 14 -0.421044 -0.182608
6 270 0.195576 -0.195918
6 17 -0.398776 -0.180366
6 21 -0.342076 -0.17544
6 22 -0.0778346 -0.186248
6 24 -0.330888 -0.174281
6 25 -0.310128 -0.172349
6 381 0.181446 -0.181461
0 410 0.0121754 -0.224831
6 410 -0.0205912 -0.181363
6 347 0.0115783 -0.179399
6 29 -0.220523 -0.164008
6 30 -0.173367 -0.159972
6 34 -0.12721 -0.156184
6 273 -0.107462 -0.154058
6 275 0.158597 -0.142901
6 41 0.20227 -0.144894
6 276 0.219687 -0.146725
6 43 0.233074 -0.143141
6 47 -0.00693854 -0.12888
6 48 0.00139786 -0.129488
0 411 -0.000560387 -0.183129
6 411 0.0063575 -0.13013
6 278 0.0081067 -0.130077
0 412 0.11231 -0.182507
6 412 0.161789 -0.132225
6 50 -0.287046 -0.107969
6 387 -0.278783 -0.108348
6 51 -0.273991 -0.108428
6 52 0.0189938 -0.126946
6 53 -0.299831 -0.106812
6 54 -0.263828 -0.106563
6 57 0.157998 -0.121658
6 58 0.0297613 -0.118887
6 283 0.191175 -0.119694
6 60 0.224189 -0.118186
6 65 -0.226476 -0.0804016
6 66 0.208141 -0.103778
6 286 0.262081 -0.105719
6 287 0.193365 -0.101336
6 69 -0.225334 -0.0792538
6 70 0.0152125 -0.0916924
6 290 0.265595 -0.0931509
6 73 0.187008 -0.0874526
6 74 0.199359 -0.088522
6 76 -0.230892 -0.0656974
6 77 0.173371 -0.086918
6 79 0.272262 -0.0862348
6 292 0.225548 -0.0841549
6 81 -0.0171412 -0.0768479
6 82 -0.230118 -0.0585392
6 83 0.0108461 -0.075755
6 293 0.217802 -0.0814934
6 85 0.186196 -0.0775395
6 86 0.171691 -0.075094
6 87 0.257306 -0.0774748
6 88 -0.231436 -0.0524306
6 89 0.263919 -0.0750352
6 353 0.271015 -0.0738808
6 92 0.18357 -0.0690919
6 93 0.016614 -0.0627108
6 94 0.208798 -0.066422
6 95 -0.228145 -0.0427401
6 96 0.176816 -0.0632215
6 98 -0.233287 -0.0370934
6 99 0.198987 -0.0606638
6 100 0.229863 -0.0618139
6 101 -0.247399 -0.0355978
6 102 -0.268743 -0.0320671
6 103 -0.00333669 -0.0537911
6 105 0.190464 -0.057233
6 108 -0.234346 -0.0288317
6 109 0.219619 -0.0528029
6 110 0.00189187 -0.0429545
6 111 0.247694 -0.0522148
6 112 -0.154191 -0.0376238
6 392 0.120641 -0.0464488
6 113 -0.270322 -0.0177292
6 114 -0.135208 -0.0356197
6 296 0.256348 -0.0480036
6 117 0.0088777 -0.0375082
6 119 0.00269807 -0.0325032
6 121 0.16133 -0.0364884
6 122 0.16589 -0.0354229
6 354 0.171963 -0.0343946
6 123 -0.274728 -0.00371314
6 298 0.0654213 -0.0296573
0 413 0.120757 -0.0871878
6 413 0.155711 -0.0276687
6 299 0.243531 -0.0273053
6 127 -0.259334 0.00280041
6 128 -0.238678 0.00458328
6 302 0.10133 -0.0153213
6 130 0.265043 -0.0153983
6 304 0.112981 -0.00792269
0 414 0.00118046 -0.0681907
6 414 0.0105491 -0.00102342
6 132 0.000502609 0.000578914
6 133 0.107067 -0.00547166
6 134 -0.226048 0.020217
6 137 -0.266652 0.0327144
6 138 -0.253285 0.0336413
6 139 -0.223769 0.031068
6 141 -0.24133 0.0325625
6 142 -0.237539 0.0321419
6 143 -0.220201 0.0309291
6 394 0.27579 0.0069901
6 356 -0.0406875 0.0233276
6 396 0.262503 0.0102881
6 149 -0.213279 0.0420705
6 151 -0.22026 0.0433412
6 306 -0.231825 0.0456985
6 152 -0.256925 0.0539078
6 155 -0.268311 0.0640987
6 156 -0.253205 0.066239
6 158 0.283342 0.0313826
6 161 -0.267007 0.0719804
6 163 -0.256619 0.0733086
6 307 -0.0658201 0.0589144
6 164 -0.207012 0.0696731
6 397 -0.283753 0.0777795
6 165 -0.0457691 0.0613145
6 168 -0.255448 0.0812392
6 169 -0.221041 0.0788653
6 172 -0.25464 0.0881775
6 357 0.388941 0.0731924
6 174 0.397869 0.0757484
6 175 0.406186 0.0781389
6 308 0.416655 0.0828189
0 415 0.177817 0.0049763
6 415 0.22544 0.0743681
6 310 0.37868 0.117732
6 181 0.351052 0.143669
6 186 0.390325 0.171537
6 187 0.0856798 0.181798
6 188 0.362996 0.179224
6 362 0.351287 0.186097
6 189 0.140676 0.198727
6 191 0.370193 0.217208
6 194 0.00366234 0.258631
6 195 0.0259192 0.262176
6 198 0.0809963 0.270784
6 209 0.340244 0.334826
6 212 -0.031249 0.381791
6 408 -0.0218993 0.501272
7 244 0.281697 -0.561759
7 251 0.292412 -0.436292
7 258 0.287682 -0.410883
7 268 0.268652 -0.299403
7 5 0.381374 -0.30092
7 6 -0.354547 -0.191899
7 9 -0.205595 -0.192158
7 16 -0.155207 -0.192149
7 18 -0.318241 -0.160977
7 20 -0.310615 -0.160282
7 25 -0.248734 -0.159335
7 271 0.239094 -0.213066
7 381 0.203025 -0.207823
7 28 0.114691 -0.19117
7 29 -0.15342 -0.157616
0 416 0.0883159 -0.216433
7 416 0.149059 -0.191073
7 31 0.187485 -0.190049
7 33 0.205375 -0.191352
7 35 0.253017 -0.191201
7 273 -0.136501 -0.157519
0 417 0.194516 -0.204617
7 417 0.267247 -0.19113
7 274 0.217153 -0.177011
7 275 0.187665 -0.168219
7 41 0.229901 -0.173647
7 385 0.0680797 -0.153984
7 43 0.2531 -0.173576
7 386 0.0844465 -0.153868
7 45 0.358733 -0.193431
7 47 0.0085837 -0.141787
7 48 0.0114705 -0.142127
7 411 0.018317 -0.143341
7 278 0.0223763 -0.143233
7 49 0.166163 -0.153043
7 279 0.223931 -0.159809
7 387 -0.247384 -0.101452
7 51 -0.24246 -0.101906
0 418 -0.256523 -0.17962
7 418 -0.237034 -0.101456
7 52 0.0320718 -0.14118
7 54 -0.231311 -0.100539
7 58 0.0441525 -0.133599
7 283 0.22208 -0.148067
7 284 0.235262 -0.139614
7 61 0.262505 -0.14276
7 64 0.35053 -0.151627
7 65 -0.189264 -0.0770917
7 286 0.285697 -0.139566
7 287 0.221908 -0.130008
7 69 -0.187375 -0.0749655
7 70 0.0339715 -0.105859
7 288 0.179095 -0.122857
7 289 0.279947 -0.128925
7 71 0.0199889 -0.10087
7 290 0.296044 -0.128012
7 73 0.214773 -0.115682
7 74 0.228504 -0.117895
7 76 -0.193218 -0.0618427
7 77 0.20113 -0.114273
0 419 0.123133 -0.141643
7 419 0.19898 -0.11337
7 78 0.190446 -0.110206
7 79 0.30375 -0.12157
7 292 0.254003 -0.115702
7 81 0.000917044 -0.0883231
7 82 -0.191709 -0.0548048
7 83 0.0290482 -0.0899721
7 85 0.214877 -0.106021
7 87 0.290159 -0.112102
7 88 -0.192355 -0.0484392
7 89 0.295945 -0.109822
7 353 0.30332 -0.109742
7 91 0.22648 -0.100408
7 93 0.0346015 -0.0766911
7 94 0.238326 -0.096143
7 95 -0.189149 -0.0381498
7 96 0.205324 -0.0914607
7 98 -0.193637 -0.0331633
7 99 0.228385 -0.0904182
7 102 -0.226639 -0.0242487
7 103 0.014481 -0.0665092
7 105 0.219361 -0.0867335
7 107 0.227757 -0.0846271
7 109 0.237314 -0.0845762
7 110 0.0198669 -0.0560839
7 115 0.0145181 -0.0523828
7 117 0.0260408 -0.0510005
7 118 -0.227116 -0.000794295
7 119 0.020875 -0.045265
7 121 0.188313 -0.0628061
7 354 0.196877 -0.0622021
7 123 -0.231686 0.00485783
7 125 0.069914 -0.0475765
7 413 0.177597 -0.053721
7 130 0.289332 -0.052215
7 131 0.0175141 -0.0117192
7 133 0.126645 -0.0274247
7 137 -0.225997 0.041854
7 305 -0.219882 0.041915
7 140 -0.207298 0.0404591
7 141 -0.203849 0.0394964
7 142 -0.201257 0.0388649
7 144 -0.230586 0.0478335
7 149 -0.177648 0.0470203
7 150 -0.165775 0.0418228
7 151 -0.185309 0.0491723
7 306 -0.194954 0.0518641
7 152 -0.21728 0.0631867
7 153 -0.126761 0.0478997
7 155 -0.227242 0.0738736
7 158 0.302271 -0.00688703
7 159 -0.237354 0.08061
7 161 -0.225245 0.0816809
7 164 -0.166922 0.0741866
7 397 -0.240767 0.0892668
7 166 -0.192559 0.0834883
7 169 -0.177764 0.0840521
7 170 -0.189479 0.089602
7 357 0.446799 0.0205696
7 175 0.463326 0.0241619
7 361 0.0187486 0.118819
0 420 0.147707 0.0469008
7 420 0.280761 0.093479
7 181 0.415538 0.0916812
7 186 0.457901 0.113619
7 362 0.415353 0.13179
7 190 0.428653 0.145205
7 194 0.0918447 0.236965
7 195 0.114636 0.238458
7 198 0.170503 0.240555
7 200 0.291521 0.259866
7 320 0.311139 0.453374
8 247 -0.225019 -0.426811
8 251 0.266043 -0.434851
8 254 0.0272904 -0.413421
8 258 0.260439 -0.408895
8 1 -0.309654 -0.306941
8 2 -0.198386 -0.305789
8 3 -0.0876004 -0.304168
8 263 -0.0662687 -0.303508
8 380 -0.0576351 -0.302428
8 4 -0.019143 -0.303446
8 265 0.022035 -0.30193
8 345 0.186353 -0.299697
8 5 0.350278 -0.298659
8 271 0.218745 -0.21567
8 381 0.184422 -0.210758
8 274 0.196966 -0.180253
8 275 0.16879 -0.171898
8 41 0.209725 -0.176779
8 43 0.231761 -0.176175
8 45 0.429521 -0.191314
8 46 0.15325 -0.161175
8 47 -0.0132335 -0.146835
8 411 -0.00350051 -0.148363
8 278 0.00202751 -0.1481
8 279 0.204239 -0.163024
8 50 -0.280693 -0.107306
8 387 -0.270129 -0.10851
8 51 -0.264006 -0.108484
8 418 -0.260739 -0.108236
8 52 0.0110047 -0.14602
8 280 -0.28959 -0.105931
8 55 0.227982 -0.165944
8 58 0.0228951 -0.138416
8 61 0.240923 -0.145323
8 66 0.211989 -0.135083
8 286 0.263073 -0.142021
8 289 0.257728 -0.13129
8 290 0.274041 -0.130615
8 72 0.417967 -0.149667
8 73 0.194044 -0.119426
8 74 0.207819 -0.121208
8 76 -0.215365 -0.0673287
8 291 0.182276 -0.11809
8 78 0.170387 -0.113846
8 79 0.281732 -0.124239
8 292 0.232872 -0.118878
8 81 -0.020147 -0.0931443
8 82 -0.213575 -0.0602914
8 83 0.00864174 -0.0946326
8 293 0.221512 -0.115184
8 85 0.194448 -0.109521
8 86 0.180253 -0.106021
8 87 0.268603 -0.114642
8 88 -0.214134 -0.0538384
8 89 0.273753 -0.113199
8 353 0.281001 -0.112338
8 91 0.205527 -0.104044
8 390 -0.282218 -0.0342928
8 93 0.0139933 -0.0812148
8 94 0.217226 -0.099556
8 95 -0.211604 -0.042741
8 96 0.184738 -0.0951261
8 98 -0.215408 -0.0378944
8 99 0.207765 -0.0941141
8 101 -0.228186 -0.0347775
8 103 -0.00620641 -0.0706589
8 105 0.198331 -0.0905052
8 107 0.206558 -0.0882267
8 108 -0.216649 -0.0289494
8 112 -0.148161 -0.040683
8 113 -0.249567 -0.0143363
8 115 -0.00469294 -0.0570319
8 296 0.254523 -0.0856989
8 117 0.00508584 -0.0551559
8 118 -0.249683 -0.00519729
8 119 5.46944e-05 -0.0496483
8 121 0.163431 -0.0668387
8 354 0.174083 -0.0657069
8 123 -0.254301 0.000464937
8 125 0.0494035 -0.0513729
8 298 0.0629321 -0.0512048
8 413 0.157628 -0.057954
0 421 -0.0660188 -0.085911
8 421 -0.0756721 -0.0296061
8 137 -0.249787 0.0386762
8 305 -0.243364 0.0387401
8 140 -0.232162 0.0377259
8 144 -0.253839 0.0451132
8 396 0.262666 -0.0298999
8 149 -0.200283 0.0441587
8 150 -0.188815 0.0388829
8 152 -0.240406 0.0604547
8 153 -0.149425 0.0444937
8 155 -0.251078 0.0718936
8 158 0.276939 -0.0106418
8 159 -0.261443 0.0791506
8 160 -0.0829011 0.0457359
8 161 -0.249562 0.0802903
8 166 -0.214914 0.0813155
8 169 -0.199702 0.0816778
8 170 -0.21222 0.0877496
8 357 0.421871 0.0155615
8 175 0.43626 0.0184655
8 361 -0.00981974 0.113867
8 311 -0.37813 0.190342
8 186 0.432004 0.105779
8 188 0.402397 0.116225
8 362 0.390001 0.123934
8 189 0.191025 0.159212
8 190 0.402605 0.137011
8 363 0.212737 0.171051
8 195 0.0988667 0.232972
8 198 0.155122 0.234566
8 199 0.255782 0.247928
8 200 0.272544 0.25052
8 365 0.250518 0.256005
8 333 -0.261939 0.375905
8 334 0.323902 0.258702
8 205 0.259957 0.283749
0 422 0.176565 0.201313
8 422 0.382811 0.259993
8 209 0.404831 0.260853
8 215 0.38938 0.292918
9 270 -0.040243 -0.402051
9 73 -0.019037 -0.330999
9 86 -0.07066 -0.301071
9 87 0.00134366 -0.310001
9 105 -0.0550296 -0.281712
9 111 0.00132297 -0.27275
9 354 -0.0683676 -0.256643
9 357 0.216002 -0.287946
9 173 0.19831 -0.282075
9 174 0.22397 -0.289126
9 178 0.231414 -0.262596
9 181 0.197116 -0.237491
9 338 -0.0466961 -0.161222
9 327 0.210079 0.084161
10 241 -0.149373 -0.522195
10 32 -0.0241442 -0.382544
10 33 -0.0171581 -0.380593
0 423 -0.280015 -0.205567
10 423 -0.233056 -0.266241
10 275 -0.0275957 -0.35473
10 50 -0.21171 -0.249839
10 387 -0.206964 -0.250834
10 418 -0.19884 -0.252778
10 74 0.00759812 -0.312464
10 80 0.0148486 -0.310668
10 94 0.018709 -0.292984
10 296 0.0415716 -0.270772
10 357 0.242534 -0.277856
10 175 0.251227 -0.279005
10 308 0.259195 -0.277174
0 424 0.271971 0.0121937
10 424 0.244699 -0.263005
10 201 -0.172369 0.134178
11 16 -0.143662 -0.359493
11 270 0.0285 -0.372568
11 277 0.009467 -0.309077
0 425 0.15963 -0.164836
11 425 0.0396911 -0.292758
11 71 -0.172143 -0.180412
0 426 0.140722 -0.140913
11 426 0.0448016 -0.268693
11 79 0.114446 -0.299527
11 353 0.104824 -0.283113
11 119 -0.145056 -0.129368
11 306 -0.225832 0.0720212
11 189 0.171829 -0.0429406
11 191 0.266683 -0.13593
0 427 0.242167 0.133128
11 427 0.269105 -0.121635
12 246 -0.296457 -0.490969
12 247 -0.170865 -0.502856
12 270 0.177839 -0.296679
12 41 0.191926 -0.252358
12 412 0.167062 -0.230942
12 58 -0.0102314 -0.183908
12 290 0.248342 -0.221047
12 426 0.187469 -0.198246
12 293 0.203868 -0.20016
12 93 -0.00768396 -0.121356
12 94 0.196919 -0.18544
12 110 -0.0200866 -0.0958876
12 355 -0.0133647 -0.0555512
12 414 -0.00507605 -0.0583302
12 132 -0.016268 -0.0548583
12 133 0.0558473 -0.0965159
12 189 0.290007 0.0435568
13 21 -0.0876415 -0.237398
13 275 0.113941 -0.248877
13 41 0.140437 -0.258207
13 47 -0.0830396 -0.198789
13 411 -0.0759751 -0.200396
13 57 0.112494 -0.230546
13 288 0.116689 -0.206993
13 73 0.126393 -0.202935
13 291 0.12272 -0.200545
13 83 -0.0508238 -0.147258
13 353 0.207495 -0.211303
13 93 -0.0522389 -0.133266
13 110 -0.0634477 -0.108608
13 135 -0.220682 0.0399201
13 361 0.0491805 0.0514359
13 190 0.35286 -0.0290947
13 400 0.182538 0.125706
13 198 0.227957 0.10804
0 428 0.251931 0.146161
13 428 0.356567 0.00477527
13 200 0.306991 0.0889593
13 365 0.306526 0.0961539
13 313 0.31265 0.0877228
0 429 0.273355 0.224015
13 429 0.447807 0.0411615
13 404 -0.0839109 0.0148026
14 381 0.0877764 -0.278454
14 412 0.0943926 -0.229985
14 281 0.100527 -0.223081
0 430 0.125177 -0.163723
14 430 0.10754 -0.213735
14 67 -0.0812989 -0.157641
14 290 0.180189 -0.22
14 79 0.188429 -0.215796
14 292 0.142747 -0.203681
14 83 -0.0693984 -0.137547
14 293 0.137527 -0.199146
14 91 0.121714 -0.186022
14 93 -0.0652396 -0.126066
14 94 0.131218 -0.184163
14 103 -0.0909497 -0.111819
14 115 -0.0806963 -0.0985292
14 135 -0.254267 0.0553321
14 161 -0.221443 0.112671
14 166 -0.203292 0.103696
14 167 -0.225295 0.12209
14 308 0.368418 -0.121909
0 431 0.26255 0.0446038
14 431 0.373715 -0.0824329
14 186 0.352172 -0.0518512
14 190 0.339541 -0.0245451
14 400 0.160314 0.135027
0 432 -0.126608 0.153258
14 432 0.123669 0.194462
14 200 0.287655 0.0970444
14 206 0.30853 0.122612
14 213 0.424101 0.0514935
14 215 0.388629 0.094713
15 251 0.240116 -0.535786
15 261 -0.282 -0.379889
15 262 -0.244048 -0.380164
15 271 0.103616 -0.294454
15 381 0.0703516 -0.286717
15 273 -0.296656 -0.223276
15 274 0.0854569 -0.255121
15 275 0.0581121 -0.244759
15 41 0.0981308 -0.252627
15 43 0.120058 -0.255289
15 48 -0.121183 -0.210335
15 411 -0.110067 -0.211612
15 279 0.0940867 -0.237997
15 51 -0.378864 -0.135983
15 418 -0.37348 -0.134943
15 52 -0.0997022 -0.210199
15 54 -0.370161 -0.134478
15 57 0.0583621 -0.223592
15 58 -0.086858 -0.202978
15 61 0.13211 -0.224809
15 285 -0.110393 -0.183696
15 62 0.0855815 -0.211138
15 66 0.107151 -0.21244
15 286 0.153077 -0.222766
15 68 -0.11403 -0.173813
15 287 0.0945614 -0.20832
15 290 0.165456 -0.210323
15 73 0.0882886 -0.194056
15 74 0.101987 -0.19674
15 291 0.0816043 -0.192638
15 419 0.0726885 -0.189665
15 79 0.173006 -0.204176
15 292 0.126089 -0.196378
15 81 -0.12602 -0.151877
15 82 -0.324505 -0.0897503
15 83 -0.0964028 -0.155766
15 85 0.089473 -0.184319
15 88 -0.324459 -0.0827804
15 89 0.165922 -0.192519
15 353 0.173113 -0.19242
15 91 0.100747 -0.179521
15 92 0.0873822 -0.175463
15 93 -0.0898297 -0.143026
15 94 0.11268 -0.175615
15 96 0.081691 -0.169273
15 98 -0.322847 -0.0668886
15 99 0.103796 -0.169409
15 105 0.0955313 -0.164938
15 108 -0.324051 -0.0569932
15 113 -0.355935 -0.036831
15 118 -0.355463 -0.0266677
15 121 0.0645825 -0.140402
15 354 0.0727294 -0.140786
15 123 -0.359784 -0.0203264
15 330 -0.0598982 -0.118013
15 125 -0.0512112 -0.118501
15 413 0.0568114 -0.131217
15 130 0.162413 -0.137397
15 137 -0.3493 0.0167887
15 305 -0.342873 0.0148941
15 140 -0.332215 0.0122245
15 142 -0.32184 0.00847087
15 144 -0.352735 0.0240376
15 396 0.161138 -0.113473
15 152 -0.337092 0.0372022
15 155 -0.346192 0.0501215
15 158 0.175931 -0.0974168
15 161 -0.343354 0.0587965
15 164 -0.28077 0.0419948
15 167 -0.343258 0.0682258
15 169 -0.289929 0.0539653
15 174 0.32107 -0.0738184
15 308 0.334675 -0.0714281
15 181 0.292852 -0.00660448
15 186 0.328686 0.010523
15 188 0.302273 0.021926
15 189 0.112112 0.0841506
15 190 0.303955 0.0408186
15 363 0.127642 0.094635
15 195 0.0332717 0.169638
15 200 0.191048 0.164131
15 313 0.198358 0.164649
15 335 0.397799 0.0983292
15 206 0.194798 0.197331
15 213 0.382525 0.1495
15 429 0.391837 0.148836
15 226 0.152825 0.35197
15 320 0.238856 0.339777
0 433 -0.0103895 -0.430311
16 433 -0.204698 -0.50684
16 262 -0.195069 -0.377728
16 3 -0.182133 -0.378544
16 4 -0.108756 -0.38
16 265 -0.0673201 -0.37981
16 381 0.0812934 -0.276928
16 28 -0.104075 -0.266594
16 275 0.0638454 -0.235875
16 41 0.105516 -0.242198
16 43 0.131761 -0.244181
16 47 -0.107834 -0.207588
16 411 -0.0970603 -0.210015
16 278 -0.0927494 -0.209858
16 49 0.041784 -0.219519
16 412 0.0678425 -0.224695
16 279 0.100339 -0.227583
16 418 -0.371018 -0.150521
16 52 -0.0825016 -0.207514
16 57 0.064714 -0.214671
16 58 -0.0708616 -0.20058
16 283 0.0982695 -0.215194
16 60 0.126455 -0.218915
16 284 0.112647 -0.207832
16 61 0.140641 -0.212702
16 62 0.0928358 -0.20087
16 66 0.114598 -0.201916
16 286 0.162753 -0.210027
16 289 0.156255 -0.198207
16 290 0.170826 -0.197222
16 73 0.0953605 -0.183946
16 74 0.10807 -0.186128
16 76 -0.325743 -0.110579
16 77 0.081292 -0.181416
16 419 0.0792544 -0.180183
16 426 0.102629 -0.182299
16 78 0.072259 -0.177502
16 79 0.178149 -0.190913
16 292 0.132591 -0.184704
16 81 -0.111711 -0.151746
16 82 -0.323519 -0.103314
16 83 -0.0831102 -0.153952
16 293 0.125277 -0.180879
16 85 0.0956327 -0.173995
16 88 -0.323765 -0.0965214
16 89 0.171386 -0.179204
16 91 0.107201 -0.168738
16 390 -0.386137 -0.0679681
16 94 0.119014 -0.164829
16 95 -0.319489 -0.0857409
16 96 0.0884178 -0.159534
16 99 0.109693 -0.158636
16 101 -0.338609 -0.0758853
16 105 0.102697 -0.15465
16 108 -0.323294 -0.0715057
16 110 -0.0887231 -0.119673
16 296 0.161207 -0.153742
16 117 -0.081474 -0.115136
16 118 -0.358511 -0.0445872
16 119 -0.0869631 -0.109208
16 354 0.0827244 -0.131083
16 125 -0.0349307 -0.114575
16 298 -0.0255059 -0.114832
16 413 0.0688719 -0.122932
16 128 -0.326979 -0.0364732
16 130 0.172036 -0.124003
16 137 -0.350229 -0.00214683
16 141 -0.326323 -0.00645664
16 142 -0.320932 -0.00783966
16 143 -0.30286 -0.0117699
0 434 -0.0840985 -0.0560728
16 434 -0.165259 -0.0454328
16 144 -0.35505 0.00425822
16 396 0.171099 -0.09894
16 149 -0.294111 -0.00143915
16 151 -0.30178 0.00114097
16 155 -0.347161 0.0301469
16 158 0.189712 -0.0820158
16 163 -0.333911 0.0380646
16 167 -0.346259 0.0477705
0 435 -0.235515 -0.0176971
16 435 -0.321307 0.0424983
16 168 -0.332156 0.046386
16 177 0.342975 -0.0433917
16 424 0.328417 -0.0345661
16 361 -0.0914008 0.0615238
16 181 0.278217 0.0159061
16 186 0.314448 0.0352251
16 187 0.0403764 0.0887495
16 195 -0.00117888 0.173717
16 401 0.0192223 0.172289
16 198 0.0542136 0.172448
16 199 0.143534 0.179647
16 335 0.382135 0.130638
0 436 0.0310389 0.189052
16 436 0.104938 0.212119
16 206 0.157506 0.214329
16 422 0.268388 0.18439
16 316 0.385539 0.157867
16 213 0.357086 0.182009
16 429 0.367695 0.182018
16 215 0.269761 0.215657
16 369 0.187278 0.361335
0 437 -0.0846966 0.322154
16 437 0.0104921 0.394814
16 232 0.271077 0.35801
16 324 0.306503 0.357886
16 233 0.339054 0.355465
16 325 0.36875 0.35525
17 247 -0.0395504 -0.460177
17 379 -0.0160757 -0.45073
17 2 -0.244767 -0.343209
17 3 -0.134795 -0.341512
17 263 -0.113706 -0.340698
17 12 -0.278637 -0.237519
17 16 -0.226007 -0.237199
17 22 -0.16863 -0.23536
17 26 -0.124501 -0.234
17 381 0.100447 -0.241184
17 28 -0.0655232 -0.233092
0 438 0.0700715 -0.218769
17 438 -0.0404104 -0.232751
17 29 -0.320784 -0.20431
17 31 0.0806365 -0.223399
17 272 -0.245289 -0.201825
17 34 -0.219085 -0.201585
17 275 0.0812759 -0.202831
17 276 0.137935 -0.209926
17 277 0.0737817 -0.194837
17 46 0.0684201 -0.192398
17 47 -0.080665 -0.180386
17 278 -0.0645972 -0.181865
17 279 0.11631 -0.194011
0 439 -0.273749 -0.180252
17 439 -0.365723 -0.139671
17 418 -0.336964 -0.140231
17 52 -0.0560462 -0.17974
17 281 0.0998578 -0.183575
17 282 0.123541 -0.186158
17 57 0.0820947 -0.182641
17 58 -0.0432458 -0.17177
17 284 0.127597 -0.17432
17 61 0.156257 -0.177449
17 65 -0.292792 -0.115152
17 66 0.130034 -0.168591
17 68 -0.0755145 -0.147091
17 70 -0.0562126 -0.144441
17 71 -0.0692088 -0.139419
17 73 0.110887 -0.151636
17 74 0.123091 -0.153433
17 76 -0.297133 -0.100692
17 77 0.0983351 -0.150165
17 419 0.0960745 -0.149001
17 78 0.0871373 -0.145839
17 79 0.189887 -0.155842
17 292 0.146855 -0.15094
17 81 -0.0867335 -0.127649
17 82 -0.2957 -0.093868
17 83 -0.0592111 -0.128617
17 293 0.139409 -0.147492
17 85 0.111185 -0.142015
17 88 -0.296512 -0.0874004
17 89 0.182697 -0.144699
17 91 0.121963 -0.136294
17 93 -0.0527364 -0.115793
17 94 0.133337 -0.132378
17 95 -0.292166 -0.0774602
17 96 0.10358 -0.127976
17 98 -0.297137 -0.0718376
17 99 0.124156 -0.126461
17 101 -0.310359 -0.0691999
17 102 -0.332906 -0.0635205
17 103 -0.0711303 -0.105355
17 105 0.11612 -0.123033
17 108 -0.296639 -0.0633972
17 109 0.135736 -0.120463
17 110 -0.0655326 -0.0955115
17 111 0.16772 -0.122275
17 113 -0.332293 -0.0493586
17 296 0.175756 -0.119258
17 117 -0.058353 -0.0908886
17 118 -0.331987 -0.0403988
17 119 -0.0640881 -0.0853349
17 121 0.09041 -0.100952
17 354 0.0971669 -0.100074
17 123 -0.336049 -0.0345893
17 330 -0.0156144 -0.0871761
17 125 -0.0105517 -0.0871916
17 298 0.00320857 -0.0871272
17 126 0.0798373 -0.0917619
17 413 0.0839683 -0.0921628
17 129 0.09027 -0.0870006
17 130 0.186072 -0.0894114
17 133 0.0398049 -0.0670249
17 134 -0.287163 -0.0149295
17 137 -0.325234 0.0014373
17 305 -0.31773 0.00176271
17 138 -0.312064 0.00117017
17 140 -0.307335 0.000294556
17 141 -0.301085 -0.000887777
17 142 -0.296657 -0.00186995
17 143 -0.279319 -0.00444067
17 434 -0.142503 -0.0282243
17 144 -0.330339 0.00741144
17 394 0.196117 -0.0688735
17 396 0.18491 -0.0647662
17 148 0.194498 -0.0666731
17 149 -0.271556 0.00629048
17 150 -0.256119 0.00101117
17 151 -0.278506 0.00851904
0 440 -0.254138 -0.0386651
17 440 -0.32312 0.0250126
17 155 -0.324187 0.0330982
17 158 0.204055 -0.0462231
17 159 -0.33438 0.040009
17 161 -0.323726 0.0409041
17 164 -0.260979 0.032881
17 397 -0.340256 0.0480719
17 166 -0.28872 0.0423197
17 167 -0.322902 0.0495686
17 169 -0.272822 0.0429895
17 357 0.30428 -0.0188671
17 173 0.282859 -0.0129301
17 174 0.311401 -0.0175836
17 175 0.319144 -0.0158341
17 308 0.326403 -0.01322
17 176 0.303348 -0.00453211
17 177 0.340655 -0.00835518
17 424 0.325622 -0.000810586
17 186 0.310142 0.0679516
17 187 0.0430081 0.109164
17 188 0.285705 0.0778782
17 362 0.277781 0.0849998
17 189 0.0930882 0.11796
17 363 0.10485 0.129296
17 191 0.295945 0.110225
17 194 -0.0265387 0.186624
17 195 -0.00377516 0.186893
17 401 0.0116401 0.186979
17 199 0.133712 0.201225
17 365 0.133469 0.209
17 313 0.156574 0.204687
17 202 -0.144423 0.269382
17 203 -0.00240697 0.260694
17 204 0.0161201 0.259681
17 205 0.137529 0.234793
17 211 -0.0504496 0.300322
17 213 0.35099 0.215616
17 214 -0.115154 0.326509
17 219 0.0198993 0.329359
0 441 -0.0584205 0.254666
17 441 0.0427249 0.330064
17 222 -0.0504215 0.370514
0 442 0.010812 0.311363
17 442 0.147564 0.378044
1 443 0.382544 -0.55146
2 443 0.437736 -0.485948
1 251 0.362216 -0.438421
1 254 0.129026 -0.431504
1 257 0.238798 -0.423807
1 444 0.253767 -0.422677
2 444 0.304521 -0.365502
1 445 0.279569 -0.420273
2 445 0.328459 -0.362122
1 446 0.293576 -0.419214
2 446 0.344137 -0.360685
1 447 0.306998 -0.417991
2 447 0.355471 -0.358835
1 260 -0.0153929 -0.342082
1 264 0.102316 -0.328626
1 265 0.118335 -0.326605
1 448 0.173099 -0.32022
2 448 0.219559 -0.269197
1 267 0.221604 -0.315325
1 449 0.306814 -0.304915
2 449 0.357045 -0.247351
1 268 0.331869 -0.302976
1 450 -0.36331 -0.295265
2 450 -0.294408 -0.273658
1 451 -0.327525 -0.290376
2 451 -0.266988 -0.267686
1 452 -0.178047 -0.268573
2 452 -0.124865 -0.237943
1 453 -0.339936 -0.266487
2 453 -0.274713 -0.244849
2 11 -0.264038 -0.24376
1 454 -0.310745 -0.263765
2 454 -0.248414 -0.240196
1 455 -0.362122 -0.262858
2 455 -0.297912 -0.242233
1 456 -0.265055 -0.255408
2 456 -0.207863 -0.230436
2 15 -0.0350947 -0.219683
1 457 -0.0730593 -0.253154
2 457 -0.0230462 -0.217243
1 458 -0.238937 -0.250849
2 458 -0.183183 -0.224507
2 19 0.00570625 -0.211243
1 459 -0.20087 -0.244535
2 459 -0.148262 -0.216121
1 460 -0.185429 -0.241339
2 460 -0.132593 -0.212486
1 461 0.139743 -0.235979
2 461 0.166138 -0.186566
1 462 -0.152007 -0.235386
2 462 -0.0982439 -0.204389
2 30 -0.0731026 -0.19823
1 463 0.160978 -0.222431
2 463 0.186184 -0.17171
2 39 -0.133053 -0.185137
1 464 -0.0203799 -0.21235
2 464 0.0258616 -0.174365
1 465 -0.250274 -0.203067
2 465 -0.215142 -0.177313
1 276 0.172283 -0.202493
1 278 0.00731146 -0.197332
2 59 -0.202451 -0.167241
1 279 0.13725 -0.192867
1 466 0.127532 -0.190675
2 466 0.15024 -0.142104
2 58 0.0573631 -0.142851
1 282 0.138692 -0.185448
1 467 0.143184 -0.182993
2 467 0.165892 -0.133691
1 285 -0.00380853 -0.175915
1 287 0.138601 -0.16349
1 286 0.201447 -0.162508
1 290 0.193532 -0.152868
2 77 0.14405 -0.103921
1 291 0.126766 -0.151653
1 468 0.175483 -0.150403
2 468 0.196829 -0.0990266
1 292 0.16482 -0.145944
1 293 0.157807 -0.144422
1 469 0.190998 -0.124751
2 469 0.214701 -0.0730466
1 470 0.168226 -0.11888
2 470 0.189342 -0.0690708
1 471 -0.354897 -0.117837
2 471 -0.310523 -0.101395
2 119 0.0254011 -0.0706921
2 120 0.142359 -0.0570034
1 121 0.123268 -0.102274
1 472 0.142726 -0.0978434
2 472 0.164468 -0.0500474
1 473 -0.264218 -0.0955899
2 473 -0.233122 -0.0738575
1 126 0.120003 -0.0941396
1 474 0.0885758 -0.0877997
2 474 0.11372 -0.0438693
1 475 -0.365692 -0.0871347
2 475 -0.324801 -0.0725585
1 476 -0.360872 -0.0868016
2 476 -0.320587 -0.0715755
1 301 0.148651 -0.0825178
2 140 -0.208076 -0.0570117
1 477 -0.227182 -0.0797792
2 477 -0.197633 -0.0559177
1 478 -0.0144944 -0.0796491
2 478 0.0141569 -0.0425511
1 479 0.217722 -0.0801952
2 479 0.237586 -0.0268203
1 480 -0.277528 -0.0731705
2 480 -0.246315 -0.0523126
1 481 0.188966 -0.0685927
2 481 0.208862 -0.0175663
1 482 -0.259675 -0.0623733
2 482 -0.230125 -0.0404748
1 483 0.211554 -0.051929
2 483 0.231388 0.000275054
1 484 -0.211507 -0.0499507
2 484 -0.184443 -0.0261402
2 162 -0.226034 -0.0283333
2 167 -0.227184 -0.0201235
1 485 -0.217886 -0.0410986
2 485 -0.192312 -0.01767
1 486 0.226524 -0.00358614
2 486 0.229396 0.0519996
2 173 0.223103 0.05289
1 308 0.262938 0.00526545
1 311 -0.390964 0.00608664
1 487 -0.373207 0.0111247
2 487 -0.345305 0.0239015
2 179 -0.334617 0.0279386
1 488 -0.350127 0.0178072
2 488 -0.325742 0.0317158
2 180 -0.31665 0.0347663
2 183 -0.275049 0.0503867
1 489 0.248464 0.0408394
2 489 0.247084 0.0984988
1 490 0.362091 0.0677125
2 490 0.374929 0.134036
2 189 0.0395212 0.12918
2 188 0.211139 0.143678
1 491 -0.104011 0.113856
2 491 -0.103076 0.144801
2 196 -0.21078 0.138585
2 198 -0.0395558 0.170213
1 492 -0.0253358 0.137796
2 492 -0.0292796 0.17477
1 493 0.00589828 0.146955
2 493 -0.000170662 0.186537
1 494 -0.222549 0.154086
2 494 -0.224001 0.175781
1 315 -0.357063 0.158622
1 495 -0.017357 0.159443
2 495 -0.0249936 0.197712
1 496 -0.230655 0.171278
2 496 -0.232325 0.192828
2 210 -0.369764 0.185695
1 497 -0.0228307 0.176043
2 497 -0.0314772 0.214316
1 498 -0.228555 0.185619
2 498 -0.233965 0.207254
2 207 -0.0884679 0.22151
1 499 -0.25112 0.194028
2 499 -0.257836 0.213409
1 500 -0.157016 0.200025
2 500 -0.164982 0.228415
1 501 -0.149565 0.202302
2 501 -0.15656 0.231275
1 502 0.0688382 0.202218
2 502 0.0559695 0.248081
2 218 -0.173544 0.252564
2 219 -0.144817 0.264825
2 224 -0.187974 0.288344
2 225 -0.173008 0.295633
1 503 -0.138644 0.271912
2 503 -0.160132 0.301744
1 504 -0.124512 0.277362
2 504 -0.146918 0.308591
1 505 -0.0891738 0.289465
2 505 -0.112871 0.324179
1 506 -0.063999 0.29919
2 506 -0.0903294 0.336167
1 507 -0.0395953 0.307816
2 507 -0.0671656 0.346976
2 230 -0.0393663 0.361431
1 508 -0.333182 0.325476
2 508 -0.353732 0.339853
2 232 -0.00111308 0.379363
1 509 -0.0359976 0.344741
2 509 -0.0698489 0.385207
2 233 0.0574495 0.407369
2 234 0.0734385 0.415892
1 510 0.1182 0.365169
2 510 0.0835622 0.421247
1 511 -0.0620835 0.388797
2 511 -0.101127 0.428265
1 512 -0.177283 0.405095
2 512 -0.216827 0.433113
1 513 -0.132717 0.423527
2 513 -0.175818 0.456678
3 265 0.193115 -0.218318
3 267 0.294215 -0.199948
1 514 0.274741 -0.309262
3 514 0.347522 -0.189751
3 449 0.380905 -0.183752
3 450 -0.24179 -0.223403
1 515 -0.336035 -0.291541
3 515 -0.218608 -0.217392
3 8 -0.122205 -0.194709
1 516 -0.208287 -0.27342
3 516 -0.110054 -0.192053
1 517 -0.190349 -0.270904
3 517 -0.09593 -0.188647
1 518 -0.366088 -0.261656
3 518 -0.249842 -0.192379
3 17 -0.180037 -0.18521
1 519 -0.381523 -0.255474
3 519 -0.268784 -0.186502
3 21 -0.149644 -0.176807
1 270 0.143949 -0.251326
3 25 -0.118236 -0.168482
3 459 -0.108621 -0.165807
3 26 0.0942605 -0.143316
1 271 0.167652 -0.238833
1 520 0.0510645 -0.234211
3 520 0.123128 -0.13721
3 30 -0.0381762 -0.146563
3 463 0.202916 -0.110342
3 39 -0.0996908 -0.136229
1 274 0.134807 -0.209971
1 521 -0.282694 -0.206654
3 521 -0.204897 -0.131821
3 50 -0.199546 -0.131451
3 51 -0.191684 -0.130343
1 275 0.10511 -0.205692
3 41 0.185006 -0.0930316
3 42 0.156397 -0.0930551
1 522 -0.298636 -0.199615
3 522 -0.219923 -0.126636
1 277 0.103161 -0.198762
3 38 0.378521 -0.0786114
1 523 0.1587 -0.192269
3 523 0.197507 -0.0810773
1 524 -0.30992 -0.19102
3 524 -0.231731 -0.119486
3 466 0.166783 -0.0824988
3 57 0.149018 -0.0786721
3 282 0.176939 -0.0771222
1 525 0.117868 -0.182906
3 525 0.157478 -0.0765106
3 467 0.181393 -0.0739836
1 283 0.130337 -0.182001
1 526 -0.261564 -0.174158
3 526 -0.191885 -0.101142
3 76 -0.165571 -0.0918229
3 64 0.369706 -0.0385288
1 527 -0.255856 -0.156184
3 527 -0.189424 -0.0839361
1 289 0.186332 -0.155972
3 88 -0.168288 -0.0815415
3 77 0.159852 -0.0464898
3 468 0.211317 -0.0394862
3 79 0.229317 -0.0330861
3 95 -0.165311 -0.0729427
3 101 -0.183728 -0.0711987
3 98 -0.170776 -0.0701843
1 528 -0.269397 -0.141943
3 528 -0.202657 -0.0726688
1 529 -0.222157 -0.141093
3 529 -0.159199 -0.0686456
3 89 0.223119 -0.0235384
3 108 -0.166277 -0.0619099
3 113 -0.20456 -0.0614262
3 99 0.177447 -0.0187606
3 469 0.230259 -0.0142838
3 100 0.199211 -0.015583
3 118 -0.205082 -0.0547929
3 470 0.203918 -0.010502
1 530 -0.182967 -0.115727
3 530 -0.115399 -0.0440196
3 119 0.0439008 -0.0193513
3 125 0.101553 -0.00464533
3 473 -0.202157 -0.0308837
3 135 -0.205268 -0.0238652
1 531 0.108814 -0.081194
3 531 0.150361 0.018373
3 142 -0.173209 -0.0135258
3 478 0.0309713 0.00736572
1 532 0.00556007 -0.0803045
3 532 0.0513354 0.00778426
3 479 0.251775 0.0326544
3 131 0.0367802 0.00854344
3 132 0.0416394 0.00869479
3 133 0.130904 0.0229191
3 482 -0.200915 0.000360711
3 145 0.24666 0.0594955
3 162 -0.197639 0.0122907
3 163 -0.192254 0.014838
3 485 -0.167069 0.0240741
1 533 0.224883 -0.0418966
3 533 0.259942 0.070957
3 311 -0.32665 0.05009
3 487 -0.311863 0.0564895
1 534 -0.34772 0.0183256
3 534 -0.293731 0.0655483
1 535 -0.213101 0.0220647
3 535 -0.177008 0.083981
1 536 -0.324157 0.0244537
3 536 -0.273702 0.0744098
3 182 -0.257989 0.0817081
3 183 -0.250609 0.0853594
3 490 0.379875 0.201457
3 193 -0.204855 0.161591
3 491 -0.0958857 0.185985
3 194 -0.0887888 0.190736
3 198 -0.0381683 0.215354
3 493 0.00178009 0.234566
3 495 -0.022857 0.244335
3 210 -0.347604 0.211091
3 208 -0.0766196 0.268207
3 499 -0.246263 0.245445
1 537 -0.178985 0.194022
3 537 -0.181681 0.25518
3 209 0.138147 0.3218
3 217 -0.18423 0.280206
1 538 -0.182375 0.255919
3 538 -0.198519 0.315895
3 503 -0.161514 0.338585
1 539 -0.11025 0.282421
3 539 -0.137643 0.352726
3 505 -0.119293 0.363815
3 506 -0.0970205 0.377942
1 540 -0.201827 0.304027
3 540 -0.225965 0.3601
1 541 0.117632 -0.440889
4 541 0.183548 -0.311737
1 542 0.103963 -0.433846
4 542 0.170732 -0.305991
1 543 -0.312448 -0.376459
4 543 -0.226313 -0.278335
1 544 -0.250002 -0.369293
4 544 -0.16862 -0.267705
1 263 0.0402884 -0.335757
4 265 0.175736 -0.208013
4 7 -0.201172 -0.191378
4 8 -0.15149 -0.181242
4 517 -0.124297 -0.175482
4 454 -0.235858 -0.176296
4 10 -0.081317 -0.16608
4 270 0.21057 -0.127772
4 19 0.0152504 -0.145622
4 459 -0.13751 -0.151806
4 22 0.0415922 -0.139804
1 545 0.0140209 -0.239846
4 545 0.0680479 -0.133931
4 271 0.232282 -0.114898
4 274 0.198569 -0.0893824
4 275 0.169862 -0.0874408
4 41 0.209064 -0.0826607
4 56 -0.168877 -0.107529
4 42 0.181074 -0.0819863
4 277 0.167139 -0.0809011
1 278 0.00827973 -0.197084
4 279 0.201161 -0.0729431
4 466 0.191397 -0.0715341
1 546 0.144589 -0.191253
4 546 0.208921 -0.0713464
4 57 0.170923 -0.0677727
1 547 -0.177143 -0.182529
4 547 -0.111377 -0.0894149
1 548 0.118094 -0.172996
4 548 0.17908 -0.0562446
4 62 0.189657 -0.0522678
4 75 -0.191612 -0.0770545
4 468 0.236003 -0.0305839
1 549 -0.00511445 -0.149322
4 549 0.0525812 -0.0449623
4 101 -0.172177 -0.051184
4 98 -0.159248 -0.0501599
4 528 -0.191617 -0.0517811
4 529 -0.149205 -0.0492326
1 550 0.0414898 -0.138425
4 550 0.0907828 -0.0342171
4 113 -0.192802 -0.0404937
1 551 -0.148726 -0.127656
4 551 -0.0946263 -0.0368255
4 469 0.244857 -0.00697508
4 114 -0.0659245 -0.0284444
4 470 0.227573 -0.00111649
4 128 -0.162492 -0.0151419
4 125 0.105884 0.00622952
1 552 -0.00375299 -0.0976797
4 552 0.0488175 0.00392429
4 135 -0.197152 -0.00233864
4 474 0.144056 0.0221391
1 553 0.139016 -0.0826546
4 553 0.188691 0.0282339
4 139 -0.153946 0.0088024
4 478 0.0383694 0.0209006
4 532 0.0570583 0.0215191
4 479 0.272394 0.0398862
1 554 0.00165564 -0.0790673
4 554 0.0544707 0.0219884
4 130 0.26263 0.0425071
1 555 -0.102736 -0.0750236
4 555 -0.0515071 0.0180738
1 304 0.0932403 -0.0753296
4 133 0.139588 0.0336493
4 481 0.241796 0.0473269
4 162 -0.189904 0.035155
4 163 -0.18563 0.0370269
4 485 -0.156646 0.0455781
4 158 0.286285 0.0921791
4 534 -0.282602 0.093238
4 315 -0.291434 0.233172
4 203 -0.0624074 0.274048
1 556 -0.281955 0.183295
4 556 -0.226007 0.263383
4 506 -0.0134215 0.405718
1 557 -0.210443 0.301451
4 557 -0.159996 0.391612
5 251 0.377101 -0.304857
5 254 0.152821 -0.303197
5 265 0.139495 -0.208866
5 448 0.194329 -0.201824
1 558 0.180173 -0.319148
5 558 0.199537 -0.201462
5 268 0.346214 -0.183732
5 450 -0.333437 -0.186257
5 7 -0.240334 -0.171888
1 559 -0.186546 -0.270004
5 559 -0.16041 -0.160289
1 560 -0.342201 -0.266421
5 560 -0.313766 -0.158687
1 561 -0.331212 -0.266476
5 561 -0.305199 -0.158722
1 562 -0.313822 -0.264019
5 562 -0.285187 -0.155788
5 18 -0.245216 -0.14838
5 456 -0.234238 -0.146739
5 457 -0.0491127 -0.143081
5 21 -0.216415 -0.143297
5 459 -0.175648 -0.136062
5 460 -0.158799 -0.133514
5 545 0.0358894 -0.129913
5 462 -0.1295 -0.127787
5 27 0.0670398 -0.124291
5 30 -0.096889 -0.12176
1 563 -0.168732 -0.211346
5 563 -0.142545 -0.103814
1 564 -0.284554 -0.206496
5 564 -0.218077 -0.0907278
5 521 -0.216784 -0.0908072
5 50 -0.210069 -0.091267
1 565 -0.272412 -0.206612
5 565 -0.205888 -0.0908754
1 566 0.277092 -0.201622
5 566 0.292454 -0.0906001
1 567 -0.244545 -0.199676
5 567 -0.182393 -0.0846734
1 568 -0.378625 -0.18842
5 568 -0.340397 -0.0814985
5 547 -0.143518 -0.0750366
5 45 0.431295 -0.0694086
5 526 -0.193455 -0.0593591
5 527 -0.191443 -0.0425342
5 78 0.166048 -0.0344514
1 569 -0.383454 -0.144247
5 569 -0.360825 -0.0413729
1 108 -0.233183 -0.13472
1 570 0.377527 -0.113273
5 570 0.40023 -0.00317525
1 392 0.0918239 -0.112146
5 121 0.168771 0.00886821
5 138 -0.194005 0.0279014
1 571 -0.0191721 -0.0808699
5 571 0.0226944 0.0276709
5 141 -0.181303 0.0289483
5 142 -0.178786 0.0289634
5 532 0.0443363 0.0277726
5 143 -0.162294 0.0302761
5 555 -0.0598054 0.032393
5 133 0.127796 0.0339592
1 572 -0.0722677 -0.0681639
5 572 -0.0262838 0.0397381
5 147 -0.0156224 0.0420901
5 482 -0.203535 0.0466559
5 161 -0.207033 0.0588196
5 148 0.269344 0.0602349
5 485 -0.165896 0.0675776
5 488 -0.292916 0.125776
5 180 -0.275866 0.130363
5 535 -0.157989 0.130581
5 536 -0.26549 0.133047
1 573 -0.218543 0.0552084
5 573 -0.153078 0.166329
5 210 -0.291535 0.291902
5 499 -0.167315 0.312539
1 574 -0.213284 0.244314
5 574 -0.122108 0.366509
1 575 -0.233039 0.270529
5 575 -0.139009 0.395048
5 231 0.131674 0.462926
5 509 0.0714432 0.477453
5 510 0.230627 0.499842
1 576 0.355872 -0.41258
6 576 0.319987 -0.382669
1 577 0.0726785 -0.33124
6 577 0.0212314 -0.283251
6 267 0.181357 -0.275993
6 268 0.297202 -0.270578
6 8 -0.318198 -0.202481
6 16 -0.130997 -0.190063
6 26 -0.03463 -0.18225
6 563 -0.22579 -0.13483
6 565 -0.282023 -0.108314
1 578 -0.262324 -0.205777
6 578 -0.271405 -0.108431
6 48 -0.00399528 -0.129014
6 278 0.00957108 -0.129966
6 46 0.143807 -0.13313
6 546 0.20669 -0.131047
6 467 0.204406 -0.121691
6 285 0.00211845 -0.105577
6 61 0.237493 -0.111203
6 71 -0.000372824 -0.0870313
6 291 0.178853 -0.0871086
6 549 0.00215473 -0.076023
6 551 -0.169656 -0.0391756
6 97 0.153636 -0.0609154
6 115 -0.00297875 -0.0394089
6 109 0.212391 -0.0525201
1 579 0.107813 -0.0895009
6 579 0.141914 -0.021272
6 135 -0.272784 0.0277458
6 140 -0.243569 0.0327595
6 150 -0.197093 0.0380192
1 580 -0.273921 -0.0656797
6 580 -0.289455 0.0529275
6 482 -0.264588 0.0575955
6 154 -0.247349 0.0587837
6 159 -0.27783 0.0704028
6 484 -0.210233 0.0633809
6 148 0.272221 0.00983187
6 157 -0.102831 0.0542666
6 160 -0.0908719 0.0562742
6 167 -0.26576 0.0807279
6 166 -0.235196 0.0766483
6 170 -0.233125 0.0828957
1 581 0.179 -0.01384
6 581 0.232467 0.0539849
6 311 -0.407568 0.162927
6 177 0.432266 0.0899505
6 488 -0.351407 0.171328
6 573 -0.170759 0.19868
6 192 0.377399 0.222958
6 493 0.143353 0.281467
6 315 -0.293015 0.367199
6 496 -0.126054 0.358941
6 205 0.181549 0.338705
6 211 -0.0407511 0.381698
1 582 -0.0807581 -0.581751
7 582 -0.198877 -0.551677
1 583 0.0214558 -0.577419
7 583 -0.0778512 -0.553522
1 584 0.133835 -0.573568
7 584 0.0498923 -0.555996
1 585 0.251936 -0.568804
7 585 0.175436 -0.558371
1 586 0.34751 -0.56536
7 586 0.27011 -0.560637
1 244 0.357151 -0.565382
1 587 0.0524307 -0.564269
7 587 -0.0397971 -0.541466
1 588 0.381606 -0.564253
7 588 0.304898 -0.561951
1 589 0.254705 -0.555993
7 589 0.17888 -0.546195
7 443 0.30693 -0.549747
1 590 -0.118007 -0.460951
7 590 -0.236903 -0.413637
1 591 -0.0815042 -0.457808
7 591 -0.195148 -0.414434
1 592 -0.0596195 -0.455168
7 592 -0.166235 -0.413601
1 593 0.0190115 -0.44823
7 593 -0.0718122 -0.413852
7 541 0.0402475 -0.415913
1 594 0.127781 -0.439693
7 594 0.0521355 -0.415252
1 595 0.354182 -0.424849
7 595 0.28549 -0.421628
7 2 -0.167848 -0.296218
7 265 0.0465333 -0.297087
7 21 -0.203453 -0.158731
7 16 -0.0565452 -0.191215
7 459 -0.228293 -0.159005
7 22 -0.00828683 -0.190852
7 545 0.0332373 -0.191092
7 26 0.0462984 -0.190917
1 29 -0.140675 -0.233652
7 520 0.0810658 -0.190699
7 29 -0.149926 -0.157752
7 34 -0.0532587 -0.155511
7 464 -0.0193178 -0.155041
7 40 0.0228056 -0.154066
1 596 0.0214159 -0.205289
7 596 0.0468735 -0.154365
7 276 0.244562 -0.17532
7 37 0.0249195 -0.191013
7 525 0.199213 -0.1468
7 68 0.013077 -0.107305
7 66 0.233354 -0.132129
7 527 -0.214258 -0.0439252
7 101 -0.205589 -0.030118
7 72 0.454701 -0.150568
7 113 -0.226868 -0.0102205
7 97 0.176487 -0.0863306
1 597 -0.246832 -0.0809776
7 597 -0.214023 0.0417951
7 477 -0.198127 0.0384173
7 479 0.301966 -0.0561692
1 598 -0.213753 -0.0783465
7 598 -0.186123 0.0363112
7 555 -0.0961835 0.0118973
7 482 -0.223593 0.0669559
7 160 -0.0660087 0.049376
7 167 -0.226635 0.090903
1 599 -0.260403 -0.0355971
7 599 -0.237687 0.0971162
1 600 0.0165511 -0.0141688
7 600 0.100083 0.0540892
1 601 -0.384807 0.0077546
7 601 -0.350317 0.186844
7 536 -0.252175 0.190591
7 573 -0.0950693 0.197547
7 188 0.427537 0.123493
7 315 -0.168652 0.376742
8 584 0.0258801 -0.563675
8 541 0.0163582 -0.421917
8 594 0.0273947 -0.420922
1 602 0.136023 -0.430156
8 602 0.0366337 -0.412445
8 6 -0.297748 -0.199819
8 16 -0.0835544 -0.196983
8 270 0.198546 -0.226953
8 25 -0.281797 -0.166227
8 460 -0.253804 -0.165794
8 520 0.0550946 -0.194479
8 29 -0.179606 -0.163534
8 28 0.0894191 -0.194617
8 30 -0.156733 -0.163362
1 603 0.0955209 -0.227212
8 603 0.161008 -0.193449
8 31 0.169436 -0.192856
8 464 -0.041853 -0.159811
8 564 -0.291181 -0.105556
8 565 -0.278408 -0.107377
8 53 -0.297528 -0.103903
8 566 0.371429 -0.192385
1 604 0.0441133 -0.200781
8 604 0.0367343 -0.157707
8 44 0.0581576 -0.15752
8 546 0.216423 -0.163232
8 525 0.178993 -0.150543
8 526 -0.23793 -0.0700534
1 605 0.144421 -0.173085
8 605 0.215883 -0.143177
8 71 -0.0018817 -0.104985
8 77 0.179566 -0.117157
8 551 -0.162881 -0.0413854
8 97 0.155183 -0.0903784
8 110 -0.00152848 -0.05961
8 122 0.172645 -0.065777
8 132 0.00175037 -0.0164082
8 555 -0.0947405 0.00866787
8 304 0.108617 -0.0332121
8 572 -0.0756604 0.00942583
8 600 0.0809843 0.0501875
8 177 0.46014 0.0269178
8 180 -0.283318 0.191748
1 606 0.233061 0.0456753
8 606 0.437748 0.0702684
8 181 0.390864 0.0850775
8 573 -0.11145 0.195399
8 493 0.207719 0.235634
8 210 -0.188886 0.407053
1 607 0.249482 0.188128
8 607 0.438322 0.209752
8 222 0.0834023 0.432204
1 608 0.347253 -0.371449
9 608 0.345003 -0.43609
9 567 -0.195239 -0.238381
9 71 -0.212539 -0.186183
9 84 0.238532 -0.226765
9 94 -0.00466613 -0.292751
9 598 -0.18443 0.058734
9 152 -0.210928 0.0775673
9 155 -0.219596 0.107312
9 308 0.231358 -0.287887
1 609 0.238711 0.00649484
9 609 0.219783 -0.273518
1 610 0.272872 0.0113395
9 610 0.241062 -0.284722
9 573 0.166205 -0.00939679
10 71 -0.199904 -0.196661
10 84 -0.170008 -0.196967
10 93 -0.167412 -0.183436
10 91 0.0108872 -0.292904
10 111 0.0271618 -0.272433
10 473 -0.0210748 -0.261372
10 149 -0.154295 0.0720923
10 181 0.220845 -0.227342
11 21 -0.185385 -0.296127
1 611 -0.411616 -0.24241
11 611 -0.320574 -0.248684
11 30 -0.0468487 -0.344376
1 612 0.20886 -0.210221
11 612 0.0685544 -0.432659
11 44 0.0955994 -0.395536
1 613 -0.0085864 -0.181583
11 613 -0.170169 -0.218913
11 70 -0.150583 -0.191383
1 614 0.241952 -0.0041597
11 614 0.286908 -0.229321
1 615 -0.203483 0.043616
11 615 -0.111342 -0.0100986
11 185 0.281786 -0.157521
11 186 0.294998 -0.161
12 588 0.235913 -0.541101
12 516 -0.0300419 -0.280811
12 25 -0.0425226 -0.236151
12 71 -0.039715 -0.139565
12 84 -0.00734744 -0.13501
12 91 0.187564 -0.186823
12 90 0.231751 -0.202076
1 616 0.00844663 -0.12502
12 616 -0.00856368 -0.105131
12 109 0.169374 -0.164761
12 580 -0.175042 0.109156
12 162 -0.132689 0.128873
12 200 0.379378 0.0965942
1 617 0.0492818 0.172071
12 617 0.382975 0.0957549
13 33 0.127664 -0.278565
13 41 0.143561 -0.257466
13 58 -0.0457365 -0.190622
13 525 0.121948 -0.229946
13 290 0.199369 -0.225602
13 92 0.130065 -0.187698
13 91 0.14015 -0.192434
13 99 0.142923 -0.183641
13 125 -0.0169808 -0.122777
13 152 -0.183892 0.0800663
13 168 -0.186906 0.106638
13 172 -0.185868 0.113674
1 618 0.263202 0.0264573
13 618 -0.195817 -0.0688213
13 188 0.354967 -0.0453028
14 3 -0.0802865 -0.376372
14 11 -0.361101 -0.174504
14 21 -0.0912991 -0.225772
14 24 -0.0826292 -0.227436
14 25 -0.0723882 -0.22938
14 459 -0.0551529 -0.2328
14 460 -0.0490316 -0.234182
14 545 -0.0831459 -0.267829
14 26 -0.0803839 -0.268529
14 462 -0.0230938 -0.238945
14 29 -0.272651 -0.191297
14 30 -0.216551 -0.201894
1 619 0.0855857 -0.229234
14 619 0.0716009 -0.29739
14 34 -0.166133 -0.211784
14 464 -0.123096 -0.219737
14 44 -0.0350526 -0.236723
14 119 -0.0779128 -0.0912923
14 174 0.352143 -0.123632
15 525 0.0714742 -0.223575
15 71 -0.108981 -0.16528
15 77 0.0750043 -0.190595
15 549 -0.103221 -0.154078
15 78 0.0660203 -0.186486
15 569 0.131096 0.00747345
15 106 -0.377451 -0.0453272
15 97 0.0513656 -0.163617
15 110 -0.103 -0.120397
15 115 -0.108105 -0.115884
15 117 -0.0957228 -0.116223
15 119 -0.100466 -0.109801
15 479 0.173019 -0.144316
15 598 -0.306523 0.00381674
15 304 0.0105639 -0.103862
15 133 0.00536971 -0.101002
15 149 -0.298867 0.0143647
15 600 -0.00584786 -0.0136606
15 199 0.167162 0.164184
1 620 0.0858217 0.189176
15 620 0.257113 0.166505
15 215 0.302247 0.189294
15 233 0.389313 0.319249
16 271 0.114418 -0.284037
16 274 0.0931802 -0.245474
16 54 -0.364929 -0.148852
16 525 0.0773253 -0.213971
16 467 0.110877 -0.2186
16 69 -0.31914 -0.123777
16 548 0.0668071 -0.204455
16 287 0.100723 -0.198159
16 291 0.0886128 -0.183088
16 549 -0.0921322 -0.152865
16 102 -0.361636 -0.0680343
16 106 -0.380176 -0.0643212
16 93 -0.076678 -0.140627
16 123 -0.361459 -0.0391247
16 115 -0.0958482 -0.115622
16 109 0.120126 -0.153079
16 121 0.0703103 -0.131304
16 579 0.0552986 -0.114676
16 134 -0.311309 -0.0224485
16 597 -0.337069 -0.00351362
16 140 -0.328002 -0.00583677
16 304 0.0248011 -0.0977879
16 152 -0.337147 0.0183359
16 153 -0.238822 -0.00456604
16 159 -0.357924 0.037601
16 164 -0.281136 0.0258481
16 160 -0.161405 -0.00581038
16 166 -0.308617 0.0376519
16 169 -0.292636 0.0373117
16 170 -0.304962 0.0434402
16 175 0.319693 -0.050988
16 308 0.328367 -0.0484823
1 621 0.220597 0.0325637
16 621 0.302308 -0.0108773
16 573 -0.20566 0.148605
16 189 0.0939814 0.095213
16 188 0.290467 0.0448253
16 193 -0.173541 0.20983
16 190 0.293524 0.0640112
16 492 0.0689569 0.17157
16 202 -0.132717 0.268274
16 315 -0.281037 0.332761
1 622 0.0116951 0.16409
16 622 0.143503 0.187629
16 496 -0.119893 0.290556
16 204 0.0285477 0.247816
16 205 0.149818 0.214344
16 214 -0.0980119 0.325674
16 501 -0.00582039 0.291657
16 219 0.0417388 0.319516
16 220 0.0633629 0.31856
16 222 -0.0262136 0.367339
16 228 0.138298 0.362453
16 509 0.219256 0.398502
17 592 -0.247273 -0.463671
17 594 -0.0264685 -0.459087
17 1 -0.355306 -0.344587
17 264 -0.0434154 -0.339483
17 271 0.132802 -0.246754
17 43 0.149299 -0.207757
17 283 0.113424 -0.182541
17 69 -0.291997 -0.114359
17 60 0.143158 -0.183818
17 287 0.116501 -0.164972
17 286 0.178221 -0.174043
17 527 -0.321708 -0.0822109
17 290 0.183849 -0.162395
17 291 0.104004 -0.151237
17 549 -0.0668683 -0.127888
17 97 0.0804145 -0.124086
17 115 -0.0727872 -0.0918435
17 140 -0.304448 -0.000182138
17 477 -0.294002 -0.00220639
17 479 0.199241 -0.0944325
17 304 0.043884 -0.0691282
17 149 -0.273238 0.00664006
17 152 -0.314381 0.0229043
17 160 -0.153653 0.00850421
17 599 -0.329904 0.0566378
17 165 -0.110122 0.00976478
17 600 0.00433894 0.0125161
17 535 -0.23292 0.111194
17 621 0.297979 0.0218066
1 623 -0.172124 0.0351116
17 623 -0.184211 0.113969
17 181 0.274676 0.0477743
1 362 0.205518 0.0948378
17 495 0.0847283 0.210807
1 624 -0.0433564 0.168825
17 624 0.0640659 0.228479
17 497 0.0915334 0.230176
1 625 -0.165211 0.208397
17 625 -0.0430025 0.311366
17 503 0.0377459 0.374547
17 231 0.237264 0.380585
3 251 0.443063 -0.30713
3 257 0.319681 -0.299853
3 444 0.332142 -0.298571
2 626 0.318819 -0.36327
3 626 0.349042 -0.296199
3 445 0.357531 -0.295089
3 256 0.436932 -0.292864
3 447 0.384776 -0.29142
2 627 0.372523 -0.356484
3 627 0.402117 -0.289064
2 628 0.396485 -0.353688
3 628 0.427466 -0.285507
3 258 0.435887 -0.283291
2 629 0.42045 -0.350155
3 629 0.451266 -0.28191
3 259 -0.00504332 -0.254546
3 2 0.0200249 -0.250193
2 630 -0.412498 -0.298906
3 630 -0.347078 -0.249669
3 261 0.0798992 -0.238884
2 631 -0.20203 -0.254336
3 631 -0.157913 -0.203009
3 269 -0.151613 -0.201657
2 632 -0.188875 -0.25182
3 632 -0.147269 -0.200668
2 633 -0.176033 -0.248497
3 633 -0.132763 -0.19703
2 634 -0.267095 -0.244333
3 634 -0.219939 -0.195635
2 13 -0.288377 -0.243959
2 516 -0.151805 -0.243737
2 635 -0.142282 -0.24157
3 635 -0.104073 -0.19008
3 454 -0.202184 -0.191621
3 14 -0.196398 -0.189897
2 17 -0.224658 -0.234474
2 636 -0.103154 -0.233924
3 636 -0.0685826 -0.181772
2 519 -0.328872 -0.231692
2 637 -0.200164 -0.228405
3 637 -0.157987 -0.179123
3 12 -0.0172939 -0.169817
2 26 0.0657197 -0.199233
3 461 0.183348 -0.126515
2 638 -0.207753 -0.172918
3 638 -0.174942 -0.125095
3 59 -0.169622 -0.119314
2 41 0.168527 -0.152987
3 58 0.0789866 -0.0871081
2 523 0.181491 -0.141279
3 281 0.153931 -0.0799213
2 639 0.143111 -0.124123
3 639 0.159016 -0.0657955
2 108 -0.197237 -0.107085
3 293 0.192839 -0.0356318
2 85 0.155128 -0.0931041
2 640 0.221833 -0.0870278
3 640 0.235257 -0.0260843
2 89 0.208924 -0.0835888
2 641 0.19851 -0.0820045
3 641 0.212458 -0.022139
3 105 0.172297 -0.0173052
2 642 0.116911 -0.0697876
3 642 0.133545 -0.014177
2 643 -0.230844 -0.0460723
3 643 -0.201044 -0.00535506
2 644 -0.205942 -0.0416975
3 644 -0.178092 0.000180112
3 481 0.222624 0.0419426
2 645 -0.367059 0.0155917
3 645 -0.330728 0.0482356
2 646 -0.353872 0.0205769
3 646 -0.317778 0.0540762
2 647 -0.145959 0.0253213
3 647 -0.12689 0.0673692
2 180 -0.313438 0.036059
2 536 -0.303488 0.0396568
3 486 0.23521 0.11316
3 173 0.229624 0.11392
2 648 0.234881 0.0528058
3 648 0.241286 0.114033
2 649 0.245523 0.0528135
3 649 0.251608 0.115061
2 650 0.253281 0.0564443
3 650 0.258852 0.118649
2 651 0.260091 0.0601035
3 651 0.266244 0.1233
3 176 0.243322 0.12611
3 308 0.27108 0.126652
2 652 0.276047 0.071201
3 652 0.282259 0.135966
2 653 0.265937 0.0899486
3 653 0.26993 0.153717
2 654 0.237202 0.0934602
3 654 0.240572 0.154613
2 655 0.0634171 0.0983479
3 655 0.0713358 0.150754
2 656 0.159885 0.0983426
3 656 0.168084 0.155737
2 657 0.25627 0.100788
3 657 0.259388 0.164003
2 658 0.283891 0.10413
3 658 0.287961 0.169004
3 189 0.045051 0.179721
2 490 0.365328 0.130641
2 659 0.2219 0.13642
3 659 0.224135 0.197764
3 188 0.214288 0.204735
2 660 0.206496 0.152345
3 660 0.209129 0.213507
3 190 0.211791 0.224501
3 197 -0.0494103 0.209683
2 336 -0.345651 0.172235
3 191 0.211316 0.239261
3 192 0.220685 0.245418
3 498 -0.223521 0.240487
3 203 -0.118968 0.247494
2 661 0.0246586 0.207176
3 661 0.0249376 0.25725
2 662 -0.222516 0.210437
3 662 -0.20707 0.245502
2 663 -0.199776 0.21571
3 663 -0.190829 0.251617
2 537 -0.189073 0.21903
2 211 -0.183052 0.221607
2 664 0.0531451 0.223465
3 664 0.0511444 0.274372
3 212 -0.164862 0.263339
2 665 0.218794 0.240579
3 665 0.218134 0.303914
3 502 0.0532284 0.30077
2 209 0.142804 0.263409
3 219 -0.143618 0.303585
2 666 0.151763 0.267393
3 666 0.14804 0.326879
2 667 -0.136407 0.26924
3 667 -0.135285 0.308634
3 222 -0.214562 0.305002
2 668 0.313019 0.277572
3 668 0.31314 0.348388
2 538 -0.203067 0.281305
2 669 0.328339 0.282917
3 669 0.3304 0.356326
3 316 0.253164 0.352079
2 670 -0.0108797 0.28601
3 670 -0.0157226 0.333843
2 339 0.118489 0.286476
3 224 -0.185328 0.324009
3 213 0.204264 0.354267
2 671 0.00314878 0.294328
3 671 -0.00235837 0.343711
3 225 -0.173715 0.331345
2 672 0.125207 0.315767
3 672 0.117908 0.373435
2 540 -0.228334 0.327681
2 673 -0.0795381 0.341132
3 673 -0.0873715 0.38402
2 674 -0.0887694 0.346976
3 674 -0.0966169 0.388867
3 507 -0.0754479 0.391073
2 341 -0.0593518 0.350821
3 321 -0.0548997 0.403634
2 675 -0.0206181 0.380637
3 675 -0.0326687 0.428472
3 509 -0.0814608 0.428505
2 676 0.0106869 0.385494
3 676 -0.00270456 0.435408
3 324 0.0145169 0.446272
2 677 0.036976 0.398159
3 677 0.0226164 0.450019
2 678 -0.0627201 0.403495
3 678 -0.0755025 0.447534
3 327 -0.087752 0.462914
2 679 0.0954055 0.427115
3 679 0.08127 0.485738
2 680 0.0345233 0.450091
3 680 0.0165838 0.502487
2 681 0.151307 0.454296
3 681 0.133658 0.517174
2 682 0.181133 0.468718
3 682 0.165857 0.536191
2 683 0.201639 0.478626
3 683 0.182902 0.546736
2 684 0.173214 -0.516296
4 684 0.190771 -0.430255
2 685 0.191281 -0.515361
4 685 0.208634 -0.429609
2 686 0.210087 -0.514696
4 686 0.22683 -0.428017
2 687 0.193429 -0.503166
4 687 0.210019 -0.41814
4 253 0.194481 -0.310085
2 688 -0.259867 -0.266336
4 688 -0.248893 -0.202114
4 631 -0.191239 -0.189768
4 633 -0.159029 -0.182586
4 453 -0.263868 -0.181407
4 635 -0.131798 -0.176878
2 689 -0.110153 -0.235517
4 689 -0.101804 -0.170765
2 690 -0.0962369 -0.232067
4 690 -0.0863032 -0.167164
4 456 -0.193918 -0.165932
2 691 -0.0636029 -0.225534
4 691 -0.0539229 -0.160088
4 458 -0.174608 -0.161093
2 692 -0.376481 -0.214022
4 692 -0.358917 -0.151579
2 693 -0.123472 -0.210503
4 693 -0.108786 -0.145383
2 545 0.0536913 -0.200765
4 30 -0.0576283 -0.132475
2 27 0.0870901 -0.194232
2 694 0.107623 -0.189608
4 694 0.124317 -0.122627
2 39 -0.137358 -0.186057
2 695 -0.126662 -0.182975
4 695 -0.112549 -0.119342
2 696 0.00349156 -0.180244
4 696 0.0129281 -0.115629
2 697 0.132471 -0.176314
4 697 0.173116 -0.105049
4 464 0.0429138 -0.108383
2 698 -0.263694 -0.172012
4 698 -0.217909 -0.104718
2 40 0.0561753 -0.167366
2 699 0.278031 -0.155048
4 699 0.285479 -0.0893196
2 42 0.140178 -0.152627
4 69 -0.148053 -0.0828773
4 76 -0.154767 -0.0727329
4 281 0.177834 -0.068953
2 700 0.0331993 -0.131088
4 700 0.0627158 -0.063982
2 701 -0.223797 -0.130167
4 701 -0.179123 -0.0634748
4 88 -0.157175 -0.0620809
4 95 -0.15445 -0.0534449
2 528 -0.23541 -0.118122
2 529 -0.189988 -0.114736
4 78 0.175669 -0.0344911
4 116 -0.154586 -0.0343889
4 118 -0.194046 -0.0334114
2 550 0.0728597 -0.0986784
2 702 -0.0956313 -0.09411
4 702 -0.0715712 -0.0296928
4 640 0.264893 -0.0176775
2 703 0.0229466 -0.070413
4 703 0.0488606 -0.00569757
4 296 0.260346 0.0123209
2 704 0.162398 -0.0500171
4 704 0.193564 0.0156382
2 705 0.0180356 -0.0417543
4 705 0.0418318 0.0217487
2 355 0.0241627 -0.0415938
2 554 0.0300584 -0.042069
4 303 0.1581 0.028973
4 301 0.197817 0.028858
2 133 0.112952 -0.0310807
4 145 0.26564 0.0656885
2 706 -0.407871 0.00518662
4 706 -0.364818 0.0663851
4 487 -0.300485 0.0860305
2 158 0.255351 0.0264979
2 707 -0.0849936 0.0471637
4 707 -0.0445244 0.111094
2 708 0.163457 0.0588485
4 708 0.19811 0.123389
4 309 0.339597 0.142959
4 491 -0.0514372 0.209619
4 197 -0.00489192 0.22916
4 336 -0.280514 0.237524
2 709 -0.29651 0.204959
4 709 -0.233229 0.269423
2 365 0.016552 0.211802
4 499 -0.193803 0.278759
4 317 -0.13256 0.282569
4 207 -0.0280299 0.287157
4 216 -0.136223 0.305366
4 502 0.119445 0.316232
2 218 -0.177929 0.250416
4 666 0.217377 0.336555
4 222 -0.150755 0.338295
4 224 -0.117479 0.35512
2 710 -0.252358 0.291944
4 710 -0.179397 0.358929
2 557 -0.235784 0.324108
2 711 -0.142006 0.327893
4 711 -0.0657538 0.397197
4 673 -0.00168385 0.411509
2 372 -0.350628 0.341975
2 712 -0.055626 0.352864
4 712 0.0228015 0.423254
4 321 0.0333712 0.428472
2 713 -0.0183939 0.370927
4 713 0.0617588 0.441682
4 232 0.0805149 0.450916
4 675 0.0616549 0.452389
2 714 -0.0797819 0.385253
4 714 0.00314039 0.456003
4 509 0.0131583 0.456338
5 240 -0.0410886 -0.438505
2 715 0.0032431 -0.528193
5 715 -0.0239583 -0.436212
5 241 0.0558657 -0.432566
2 716 0.0988426 -0.521204
5 716 0.0712721 -0.431565
2 717 0.122398 -0.520153
5 717 0.094243 -0.431088
2 718 0.132478 -0.518895
5 718 0.10258 -0.430172
2 719 0.159801 -0.51745
5 719 0.121779 -0.430212
5 686 0.1801 -0.426752
2 720 0.0496066 -0.514404
5 720 0.0216208 -0.424224
5 245 0.275742 -0.410106
5 250 0.0510947 -0.319998
5 252 0.144 -0.310774
5 253 0.152744 -0.309527
5 258 0.371138 -0.282048
5 1 -0.12245 -0.240718
2 380 0.104756 -0.287976
2 721 -0.276072 -0.269889
5 721 -0.31459 -0.183674
2 722 -0.248479 -0.263878
5 722 -0.288361 -0.179262
5 633 -0.208128 -0.167026
2 723 0.364223 -0.24618
5 723 0.33463 -0.18504
5 634 -0.300074 -0.158435
5 516 -0.181738 -0.162713
5 454 -0.284079 -0.15548
2 724 -0.0396702 -0.220754
5 724 -0.0692266 -0.146687
2 725 -0.0289125 -0.218555
5 725 -0.0560209 -0.144172
2 726 -0.138636 -0.213823
5 726 -0.168912 -0.134872
5 460 -0.163991 -0.133789
5 693 -0.1546 -0.132555
5 19 -0.0145758 -0.138166
5 30 -0.10179 -0.122942
5 30 -0.0860882 -0.120285
5 272 -0.0728226 -0.117865
2 727 -0.0373787 -0.189844
5 727 -0.0610618 -0.115704
2 565 -0.234933 -0.180691
5 696 -0.0217634 -0.108597
2 728 -0.24969 -0.17959
5 728 -0.224394 -0.0895525
2 51 -0.225896 -0.179476
2 54 -0.218797 -0.178459
5 697 0.1628 -0.104152
5 463 0.214587 -0.10243
2 729 -0.27297 -0.165579
5 729 -0.246074 -0.0740422
2 526 -0.22705 -0.148255
5 639 0.168274 -0.0561796
5 529 -0.16254 -0.029705
5 297 -0.334964 -0.0174815
2 64 0.343849 -0.101524
2 389 0.0833576 -0.0951159
5 640 0.260208 -0.0225718
5 475 -0.313515 0.0193298
5 704 0.185078 0.0134307
5 126 0.162357 0.0166003
5 302 0.122267 0.0262133
2 572 -0.0467733 -0.0355623
2 147 -0.038348 -0.0330794
2 730 0.100135 -0.0235189
5 730 0.114583 0.0418695
5 706 -0.377936 0.1047
5 311 -0.328824 0.115022
5 647 -0.107705 0.107782
2 731 -0.359656 0.166756
5 731 -0.284462 0.271717
2 732 -0.0622353 0.199819
5 732 0.0243911 0.282332
2 733 -0.251984 0.300592
5 733 -0.136563 0.404419
5 540 -0.105358 0.430715
5 714 0.0605845 0.477621
2 734 0.0418375 0.400058
5 734 0.185075 0.482264
5 234 0.219861 0.495422
5 681 0.306933 0.527744
2 735 0.165967 0.461796
5 735 0.323894 0.533639
6 241 -0.0422349 -0.539623
6 242 0.209076 -0.536614
6 243 0.227986 -0.536705
6 244 0.318867 -0.535495
2 736 0.437052 -0.498187
6 736 0.343746 -0.535165
6 245 0.212188 -0.523583
6 247 -0.158926 -0.408388
6 248 -0.131658 -0.406268
6 255 0.0540264 -0.392282
6 251 0.325986 -0.408609
6 1 -0.240339 -0.297498
6 2 -0.139761 -0.29247
6 633 -0.336017 -0.204031
6 15 -0.156639 -0.192062
6 459 -0.294463 -0.170886
6 726 -0.28825 -0.170594
2 30 -0.0585627 -0.194659
6 727 -0.0668373 -0.150406
6 271 0.218022 -0.184299
6 697 0.159294 -0.163548
6 277 0.150734 -0.134883
6 526 -0.259383 -0.0692964
6 279 0.195068 -0.131184
6 701 -0.256889 -0.0491303
6 284 0.205681 -0.109798
6 118 -0.270763 -0.00918525
6 473 -0.271453 0.0182267
6 305 -0.259133 0.0330956
6 643 -0.266463 0.0507086
6 644 -0.243277 0.0494028
2 160 -0.0755554 -0.00962294
2 737 -0.204047 0.0411587
6 737 -0.205502 0.149928
2 738 -0.147137 0.0743639
6 738 -0.104367 0.178568
6 656 0.24226 0.13295
6 495 0.119571 0.301582
6 733 -0.0684198 0.514418
6 711 0.0853733 0.511829
6 674 0.159749 0.518072
7 684 0.0294976 -0.555816
2 587 0.1119 -0.510019
7 255 0.0261359 -0.408144
7 259 -0.204505 -0.296262
7 260 -0.105649 -0.296342
7 262 -0.0731982 -0.296301
7 3 -0.0615989 -0.297061
7 263 -0.0406897 -0.297305
7 690 -0.262852 -0.191923
7 565 -0.254396 -0.100832
7 291 0.207942 -0.115664
7 473 -0.23308 0.0277282
7 475 -0.397975 0.0601484
7 135 -0.23065 0.0367854
7 136 -0.255325 0.0442732
7 643 -0.224762 0.0596772
7 644 -0.206471 0.05687
7 302 0.118715 -0.0371056
7 484 -0.16942 0.0677009
7 307 -0.0528746 0.0493937
2 739 -0.197299 0.00874652
7 739 -0.191212 0.11244
2 740 -0.0100368 0.0109049
7 740 -0.00639572 0.0514401
7 180 -0.262924 0.190463
7 183 -0.272769 0.190242
7 495 0.214544 0.265894
7 497 -0.0218182 0.273956
7 537 0.061974 0.360163
7 222 0.0919851 0.439081
7 316 -0.359896 0.214345
8 256 0.260378 -0.419213
8 12 -0.237032 -0.199462
8 16 -0.185258 -0.19942
2 741 -0.18882 -0.199328
8 741 -0.400136 -0.13842
8 288 0.155874 -0.12537
8 640 0.291182 -0.118352
8 473 -0.257091 0.0242707
8 642 0.121602 -0.0738033
8 136 -0.281728 0.0426258
8 644 -0.229722 0.0543574
8 482 -0.2471 0.0647907
8 163 -0.237941 0.0792287
8 164 -0.189896 0.0725768
8 739 -0.213931 0.110549
8 182 -0.250972 0.192651
8 738 -0.0324981 0.168707
8 655 0.183888 0.118619
8 194 0.079819 0.232053
2 493 -0.0154351 0.180511
8 212 0.0728653 0.354223
8 681 0.240885 0.438986
2 742 -0.206874 -0.203198
9 742 -0.229723 -0.273927
9 293 -0.00784268 -0.309948
9 641 -0.00492846 -0.30336
9 117 -0.185515 -0.136766
9 470 -0.0112825 -0.278613
9 150 -0.135007 0.075841
9 484 -0.154392 0.0935267
9 145 -0.00477983 -0.250255
9 365 -0.211918 -0.150641
10 16 -0.0744879 -0.438163
2 743 -0.390889 -0.209015
10 743 -0.383549 -0.251103
10 271 0.0248974 -0.354682
10 700 -0.186563 -0.214694
10 70 -0.179261 -0.209456
2 91 0.166867 -0.0834909
10 641 0.0178255 -0.303549
10 110 -0.173817 -0.154862
10 117 -0.172051 -0.14621
10 469 0.0224889 -0.284352
10 470 0.0123515 -0.279372
10 170 -0.180479 0.117587
10 658 -0.150448 0.0756501
11 727 -0.0369138 -0.347893
11 695 -0.124196 -0.272444
11 54 -0.16441 -0.235185
2 744 -0.355346 -0.177889
11 744 -0.0617904 -0.295817
11 277 0.0278543 -0.3479
11 285 -0.164963 -0.201952
11 700 -0.157516 -0.197516
11 84 -0.13934 -0.179883
11 87 0.0649912 -0.276394
11 91 0.0508564 -0.26059
11 641 0.0914362 -0.281928
11 110 -0.146682 -0.137825
11 295 -0.162677 -0.132435
11 469 0.0737947 -0.257273
11 107 0.0525635 -0.268671
11 126 -0.0244249 -0.184135
11 658 -0.163169 0.0945657
2 745 0.0855904 -0.4302
12 745 -0.290737 -0.534411
12 726 -0.0199948 -0.240954
12 693 -0.0041424 -0.244221
12 462 0.0272307 -0.251104
12 30 0.0600621 -0.258391
12 30 0.0771306 -0.261583
12 727 0.091607 -0.265092
12 51 -0.0324509 -0.188568
2 746 0.136354 -0.139357
12 746 0.162781 -0.22348
12 55 0.203343 -0.231395
2 132 0.0214103 -0.0415828
12 481 0.175195 -0.151517
12 739 -0.142738 0.171267
12 647 -0.0732331 0.13788
12 189 0.233877 0.0541323
12 191 0.39506 -0.0307005
12 493 0.341602 0.101784
12 205 0.378521 0.131779
13 242 0.289006 -0.538967
13 516 -0.0550723 -0.284321
13 452 -0.0335381 -0.287952
13 18 -0.0677881 -0.240462
13 24 -0.0771435 -0.239184
13 15 -0.00727626 -0.292786
13 16 0.0188252 -0.29865
13 726 -0.0459893 -0.244657
13 462 0.000908332 -0.253211
13 29 0.0175783 -0.256807
13 30 0.0357291 -0.259377
13 30 -0.200127 -0.21748
13 34 -0.161271 -0.224876
13 464 -0.100432 -0.235291
2 747 0.249549 -0.16046
13 747 0.176352 -0.325871
13 37 0.235063 -0.336952
13 38 0.247097 -0.340327
13 154 -0.173945 0.0900582
13 189 0.175433 0.0431243
13 493 0.278137 0.0896849
13 205 0.326206 0.11467
2 748 -0.324568 -0.450937
14 748 -0.331164 -0.478029
14 52 -0.0710989 -0.184025
14 41 0.121598 -0.250674
14 746 0.0918161 -0.223374
14 285 -0.0890414 -0.156371
14 291 0.105828 -0.195496
14 92 0.110715 -0.181568
14 641 0.165146 -0.200689
14 100 0.15146 -0.187328
14 469 0.153866 -0.176786
14 122 0.0811717 -0.146637
2 749 0.219006 0.0745868
14 749 0.341644 -0.100039
14 654 0.353735 -0.0931481
2 750 0.0273001 0.244022
14 750 0.310404 0.122204
2 751 0.114726 0.33275
14 751 0.436972 0.127511
2 752 -0.019138 -0.413152
15 752 -0.131573 -0.517442
15 697 0.0571823 -0.26565
15 528 -0.35967 -0.0505983
15 101 -0.337943 -0.0599133
15 640 0.182471 -0.199327
15 642 0.0203646 -0.144807
15 107 0.0990227 -0.16447
15 134 -0.314426 -0.00557297
15 147 -0.151365 -0.0414676
15 163 -0.335125 0.0587599
15 168 -0.331748 0.0664292
15 172 -0.330104 0.0737483
15 656 0.174766 0.00399442
15 666 0.318636 0.156928
2 753 0.237567 0.303782
15 753 0.411084 0.147322
16 51 -0.376345 -0.151581
16 71 -0.0989245 -0.1625
16 642 0.0315642 -0.137703
16 305 -0.342935 -0.00289025
16 477 -0.31851 -0.00831559
16 644 -0.324511 0.0108675
16 147 -0.143987 -0.0452926
16 161 -0.346182 0.0385433
16 484 -0.283715 0.0195253
16 160 -0.175779 -0.00563708
16 180 -0.379889 0.153391
16 182 -0.34613 0.152619
2 754 0.151443 0.0539931
16 754 0.108865 -0.0223642
16 493 0.0835367 0.171205
16 495 0.0957493 0.1928
16 732 0.0639551 0.21181
16 313 0.165592 0.181924
16 208 0.0681596 0.245398
16 665 0.326156 0.132026
16 668 0.426211 0.129412
2 755 0.274712 0.292045
16 755 0.403818 0.157101
2 429 0.221801 0.296559
2 756 0.395295 -0.311761
17 756 0.428418 -0.401764
17 22 -0.0766284 -0.233049
17 462 -0.239278 -0.201837
17 30 -0.168534 -0.199335
17 272 -0.253282 -0.201885
17 694 0.0369713 -0.230804
2 757 0.122382 -0.186486
17 757 0.0667853 -0.230831
17 34 -0.120787 -0.19817
2 758 0.157679 -0.179108
17 758 0.0997814 -0.230552
17 464 -0.0838282 -0.197014
17 40 -0.04412 -0.195854
2 759 0.0667457 -0.164975
17 759 -0.0281023 -0.19581
17 38 0.38388 -0.230169
2 760 0.353782 -0.133952
17 760 0.384802 -0.222049
17 114 -0.203372 -0.0781945
17 640 0.198229 -0.150415
17 107 0.121777 -0.121614
17 135 -0.331643 -0.0032316
17 109 0.134095 -0.120829
17 644 -0.300966 0.0162829
2 129 0.15258 -0.0394454
17 484 -0.264078 0.0267422
17 740 -0.0998066 0.00986352
17 737 -0.252675 0.110049
17 182 -0.334688 0.148206
17 183 -0.369867 0.147244
17 754 0.119206 0.00636171
2 761 -0.251147 0.0590007
17 761 -0.272252 0.149486
17 196 -0.140039 0.222447
17 190 0.291103 0.0965407
17 732 0.0509462 0.227327
2 624 -0.0527063 0.204632
2 762 0.0426751 0.217672
17 762 0.163202 0.20575
17 314 0.34982 0.166871
17 666 0.25776 0.213117
2 441 -0.128375 0.271811
17 753 0.383391 0.217884
17 674 0.258126 0.392515
17 676 0.258854 0.382652
3 763 0.11168 -0.335759
4 763 0.0926305 -0.323856
3 7 -0.168841 -0.205518
4 632 -0.178065 -0.186693
3 764 -0.223283 -0.195808
4 764 -0.260929 -0.181354
3 9 -0.0879288 -0.1866
3 456 -0.161408 -0.18018
3 458 -0.146147 -0.175753
4 329 -0.0682643 -0.163385
3 692 -0.317959 -0.16956
3 693 -0.0823656 -0.158674
3 19 0.0342712 -0.157619
3 346 0.0465967 -0.155068
3 765 -0.111394 -0.139616
4 765 -0.133984 -0.124377
3 766 -0.105803 -0.138046
4 766 -0.125638 -0.122631
3 767 -0.000157258 -0.13612
4 767 -0.0193941 -0.122962
3 695 -0.0930737 -0.134669
3 697 0.15012 -0.116675
3 69 -0.160466 -0.10386
3 699 0.303147 -0.094358
3 768 0.356014 -0.0831882
4 768 0.339198 -0.0793911
3 769 -0.157834 -0.0722955
4 769 -0.147197 -0.0532092
3 770 0.38092 -0.0710768
4 770 0.361994 -0.0679077
4 108 -0.160088 -0.0428233
3 550 0.0949161 -0.0453295
3 80 0.183622 -0.0381912
4 64 0.351217 -0.0369299
4 128 -0.162605 -0.0158641
3 703 0.0425363 -0.0191496
3 771 0.0294907 -0.0153153
4 771 0.0356825 -0.00215221
3 105 0.173902 -0.0163194
4 642 0.146665 -0.00313397
3 704 0.176386 0.0062468
3 157 -0.0725394 0.029155
3 160 -0.0645304 0.0326797
3 772 0.221626 0.0435401
4 772 0.23775 0.0504557
4 645 -0.324936 0.0767908
3 145 0.245813 0.0598093
3 773 0.0463694 0.0752805
4 773 0.0669718 0.0888141
3 774 0.187679 0.108074
4 774 0.21229 0.116052
3 775 -0.185647 0.115388
4 775 -0.157905 0.141231
4 176 0.301772 0.13323
4 654 0.301658 0.161243
4 194 -0.042383 0.21396
3 776 -0.0754652 0.197271
4 776 -0.028576 0.219371
3 202 -0.214048 0.209609
4 190 0.268632 0.23186
4 493 0.0552033 0.252739
3 777 0.013222 0.239481
4 777 0.0692803 0.257622
4 191 0.268912 0.245571
3 200 0.0348973 0.263553
4 334 0.103637 0.285665
3 710 -0.248489 0.321894
3 778 -0.180529 0.326761
4 778 -0.109229 0.35903
3 368 -0.15084 0.345579
4 539 -0.0599832 0.382605
3 779 0.210175 0.357625
4 779 0.285049 0.363635
3 780 0.250796 0.378198
4 780 0.32843 0.381531
3 320 -0.0803912 0.38764
3 781 -0.051697 0.406591
4 781 0.0383315 0.431762
3 782 -0.275243 0.410312
4 782 -0.189149 0.453513
3 783 -0.0572265 0.416215
4 783 0.0332976 0.441373
3 714 -0.0909819 0.427284
3 232 -0.0137688 0.427986
4 677 0.121853 0.470462
3 373 -0.226921 0.464018
4 328 -0.0100926 0.501247
3 234 0.0569969 0.47093
3 784 -0.114789 0.54309
4 784 0.00338859 0.576548
3 785 -0.137324 -0.577661
5 785 -0.230002 -0.560568
3 786 0.0310229 -0.574989
5 786 -0.0455525 -0.557266
3 787 0.0353228 -0.574969
5 787 -0.0391176 -0.556966
3 788 0.107978 -0.574683
5 788 0.036808 -0.556899
3 789 0.131438 -0.573806
5 789 0.0618392 -0.556164
3 790 0.365363 -0.572447
5 790 0.294963 -0.55376
3 791 0.35684 -0.56295
5 791 0.282501 -0.54498
3 792 0.391748 -0.562556
5 792 0.319824 -0.54395
3 793 0.403872 -0.561921
5 793 0.328775 -0.543805
3 794 0.41206 -0.56183
5 794 0.239291 -0.545154
3 795 -0.133912 -0.467702
5 795 -0.220263 -0.44685
3 796 -0.0178801 -0.459256
5 796 -0.09308 -0.439928
3 797 0.00330158 -0.458919
5 797 -0.0691529 -0.440806
3 240 0.028695 -0.456715
3 715 0.0487707 -0.454211
3 241 0.120559 -0.449218
3 798 0.225091 -0.441575
5 798 0.162196 -0.427577
3 686 0.242656 -0.440741
3 799 0.0186974 -0.347785
5 799 -0.0493818 -0.328913
3 800 0.0372012 -0.344232
5 800 -0.027408 -0.326021
3 801 0.131464 -0.331008
5 801 0.0726213 -0.316585
3 1 -0.0548305 -0.264047
3 802 -0.208134 -0.214967
5 802 -0.294212 -0.18027
5 7 -0.246126 -0.172865
5 631 -0.235937 -0.17116
3 559 -0.0902604 -0.187212
3 18 -0.167593 -0.181708
5 15 -0.061417 -0.145593
3 725 0.00335094 -0.165581
3 460 -0.0968097 -0.162528
3 803 -0.0792174 -0.157675
5 803 -0.140207 -0.130169
3 462 -0.0694702 -0.155188
3 804 -0.0586098 -0.15258
5 804 -0.122017 -0.126488
5 23 0.0228942 -0.132164
3 727 -0.00865182 -0.138454
3 805 -0.306338 -0.132656
5 805 -0.376487 -0.0857817
3 729 -0.235473 -0.116851
5 523 0.215848 -0.0736242
3 112 -0.067167 -0.0454902
3 353 0.22803 -0.0215012
3 806 -0.0088606 0.0181205
5 806 -0.0100973 0.0432514
3 706 -0.368174 0.0373284
3 807 -0.190094 0.0421594
5 807 -0.189027 0.0883447
5 645 -0.338227 0.112546
5 336 -0.2676 0.276383
5 490 0.412027 0.180744
3 808 -0.0274161 0.22046
5 808 0.0484019 0.253607
5 493 0.0808947 0.263348
5 495 0.0586583 0.276707
3 809 0.0199264 0.290797
5 809 0.118263 0.318406
3 402 0.156209 0.331495
5 503 -0.0429455 0.397482
3 371 -0.363518 0.34847
5 340 -0.00351059 0.411755
3 810 0.265053 0.380916
5 810 0.374858 0.369769
5 674 0.0414499 0.43905
3 811 -0.302707 0.390086
5 811 -0.172266 0.478481
5 326 -0.165901 0.481146
5 322 0.0582839 0.448932
3 231 -0.016202 0.426467
3 812 -0.323816 0.427298
5 812 -0.178295 0.522976
3 813 -0.298931 0.458164
5 813 -0.140156 0.551468
5 328 0.0537573 0.525422
6 39 -0.262952 -0.138193
3 112 -0.0719559 -0.0475304
6 78 0.162736 -0.0837488
3 814 0.225777 -0.0404971
6 814 0.249718 -0.0941755
6 640 0.28075 -0.0798072
3 160 -0.0565463 0.0358549
6 807 -0.240405 0.104478
6 647 -0.187559 0.111676
3 737 -0.183914 0.0797214
3 815 0.128921 0.176008
6 815 0.286383 0.177178
3 195 -0.0636012 0.202379
3 205 0.0069085 0.28364
3 816 0.409767 -0.296107
7 816 0.261733 -0.420498
7 108 -0.194712 -0.0245906
7 92 0.212563 -0.0976532
7 642 0.142298 -0.0698884
7 163 -0.21536 0.0819234
3 420 0.148919 0.148309
3 817 0.135939 0.256119
7 817 0.341297 0.206976
7 222 0.0951399 0.439109
7 674 0.308428 0.464126
7 322 0.331774 0.470033
7 509 0.207267 0.494221
8 816 0.235112 -0.419507
8 260 -0.132943 -0.304658
3 741 -0.14475 -0.149275
8 141 -0.228918 0.0369152
8 643 -0.2479 0.0567143
8 151 -0.209228 0.0468038
3 818 0.118113 0.000338699
8 818 0.0890793 -0.0502841
8 133 0.106065 -0.0317323
8 420 0.267231 0.087559
8 322 0.316447 0.455827
8 231 0.403244 0.442927
9 67 -0.201592 -0.205476
9 81 -0.223244 -0.168367
9 93 -0.182521 -0.174126
9 771 0.187295 -0.189497
9 298 -0.157583 -0.182977
9 121 -0.0746308 -0.253627
3 819 0.226794 0.04687
9 819 -0.0265004 -0.256976
9 648 -0.188594 -0.0826001
9 176 -0.191273 -0.064267
10 518 -0.0747746 -0.388006
3 820 -0.156586 -0.15265
10 820 -0.198833 -0.282749
3 821 -0.206654 -0.1316
10 821 0.228108 -0.27471
10 83 0.242375 -0.220871
10 86 -0.0483101 -0.304246
10 92 0.218512 -0.189556
10 641 0.0487358 -0.316865
10 502 -0.253073 0.0505944
10 326 -0.186661 -0.0295273
10 714 -0.196009 -0.0425758
3 822 -0.243745 -0.193793
11 822 -0.22372 -0.282271
3 54 -0.179875 -0.128391
11 274 0.0161959 -0.316404
11 55 0.0629075 -0.30716
11 77 0.0317554 -0.262904
11 289 0.0693865 -0.282726
11 468 0.0583093 -0.270838
11 89 0.0802637 -0.266269
11 308 0.305811 -0.227069
3 823 0.127659 0.132946
11 823 0.109716 -0.10489
11 652 0.315055 -0.223277
12 797 0.0312885 -0.399321
12 242 0.288651 -0.440992
12 9 0.00685428 -0.289187
12 10 0.0409971 -0.296736
12 725 0.0286042 -0.293871
12 16 0.0441875 -0.297991
12 19 -0.0177571 -0.28358
12 346 -0.104206 -0.265466
12 50 -0.0373043 -0.188524
3 824 0.164633 -0.126604
12 824 0.186128 -0.327398
12 275 0.152184 -0.277267
12 277 0.17533 -0.273349
12 768 0.248449 -0.341759
12 38 0.391376 -0.372906
12 770 -0.360971 -0.205363
12 150 0.438611 -0.0536569
12 168 -0.129947 0.137099
12 776 0.250595 0.141708
13 80 0.139917 -0.204228
13 100 0.169397 -0.192091
13 298 -0.00125251 -0.126215
13 818 0.004846 -0.127723
13 773 0.0629443 -0.0280431
13 823 0.169598 -0.0320162
13 656 0.236018 -0.044913
13 659 0.368824 -0.0559738
13 334 0.352101 0.0792188
13 335 0.420491 0.00493776
3 825 0.100174 0.337182
13 825 0.403259 0.0878839
14 627 -0.36708 -0.463742
14 450 0.0975686 -0.302641
14 516 -0.0609844 -0.272347
14 559 -0.0411872 -0.275942
14 15 -0.0122201 -0.281911
14 725 -0.000431304 -0.284318
14 16 0.0141962 -0.287611
14 346 -0.136315 -0.258108
14 22 -0.121575 -0.260811
14 741 -0.0468279 -0.198357
14 23 -0.103191 -0.264138
3 30 -0.0266314 -0.143353
14 765 0.36187 -0.285544
3 826 -0.0137002 -0.139821
14 826 -0.205716 -0.203984
14 520 0.0491074 -0.293893
14 767 -0.189408 -0.206831
3 827 0.041699 -0.125123
14 827 -0.132932 -0.217542
3 828 0.0565406 -0.120822
14 828 -0.105495 -0.223209
3 21 0.0633608 -0.119161
3 24 0.075262 -0.115694
3 25 0.0926047 -0.111219
3 829 0.27431 -0.101132
14 829 0.173746 -0.317863
14 768 0.225443 -0.328589
14 38 0.24617 -0.333617
14 71 -0.103469 -0.142047
14 61 0.126279 -0.210165
14 132 -0.0742907 -0.0582948
3 830 0.0487703 0.00850975
14 830 -0.0671781 -0.0601898
14 168 -0.21472 0.120305
14 172 -0.212883 0.127277
14 647 -0.162856 0.124625
15 8 -0.323544 -0.260427
15 15 -0.126948 -0.271071
15 725 -0.119612 -0.271511
15 346 -0.0637015 -0.274728
15 22 -0.0421205 -0.27594
15 26 0.00520219 -0.278579
3 831 0.112043 -0.139448
15 831 0.0189772 -0.279666
15 520 0.0353287 -0.280782
15 34 -0.20238 -0.227775
15 24 -0.10669 -0.232639
3 832 0.0847409 -0.113342
15 832 -0.095815 -0.233249
3 833 0.128573 -0.101448
15 833 0.034487 -0.240129
15 55 0.116848 -0.243616
3 834 0.268631 -0.0643901
15 834 0.200492 -0.250282
15 64 0.293752 -0.256041
15 141 -0.32864 0.010917
15 482 -0.352787 0.0443943
15 818 -0.0108934 -0.121565
15 165 -0.162433 0.000162245
15 817 0.163428 0.11386
3 835 0.245855 0.316956
15 835 0.353261 0.10313
15 335 0.372759 0.101535
15 668 0.433574 0.094717
3 836 0.227837 0.367276
15 836 0.396447 0.148734
15 780 0.424097 0.145132
16 251 0.174178 -0.529613
16 3 0.0463595 -0.382295
3 837 0.360701 -0.187536
16 837 0.331903 -0.389556
16 804 -0.272777 -0.226979
16 22 -0.115997 -0.266213
16 29 -0.26378 -0.226956
16 30 -0.210616 -0.226946
3 838 -0.19518 -0.131082
16 838 -0.382411 -0.151743
16 34 -0.15824 -0.227774
3 839 0.154146 -0.12896
16 839 0.0609531 -0.270181
16 827 -0.119782 -0.228037
3 840 0.177751 -0.122924
16 840 0.0773717 -0.270655
3 841 0.0540402 -0.121511
16 841 -0.105187 -0.228063
16 828 -0.101898 -0.228064
16 21 -0.0956606 -0.228102
16 24 -0.0757547 -0.228408
16 832 -0.0642711 -0.229095
16 277 0.054922 -0.226767
16 38 0.353284 -0.28107
16 115 -0.0936024 -0.115645
16 353 0.178167 -0.179098
16 643 -0.346477 0.0157572
16 818 0.0128071 -0.115761
16 133 0.0231424 -0.0964393
16 172 -0.330286 0.0532955
3 842 0.03697 0.0708465
16 842 -0.113904 -0.00690238
3 843 0.166157 0.0995981
16 843 0.105833 -0.033054
16 823 0.115783 0.0136395
16 420 0.16556 0.0195195
16 655 0.0892852 0.0551983
16 815 0.195863 0.0541776
16 490 0.415398 -0.021136
16 493 0.113231 0.171143
16 777 0.129201 0.169986
3 844 -0.123246 0.306504
16 844 0.0652588 0.310892
3 665 0.228996 0.308849
3 422 0.133683 0.319639
16 836 0.393376 0.181753
16 780 0.408302 0.180821
3 845 0.0319144 -0.0918311
17 845 -0.0991389 -0.161455
17 78 0.0892322 -0.146715
17 814 0.168655 -0.162267
17 642 0.0497794 -0.107876
17 643 -0.322819 0.0183881
17 298 0.0107402 -0.0869552
3 129 0.168393 0.015742
17 655 0.0927843 0.0791587
17 193 -0.177979 0.211947
3 846 -0.333047 0.195437
17 846 -0.291561 0.320883
17 198 0.0333839 0.18869
17 498 -0.123478 0.307561
17 663 -0.0787756 0.301492
3 847 -0.221988 0.300785
17 847 -0.0613111 0.369537
17 835 0.327417 0.166424
17 825 0.256556 0.243144
4 848 0.0951959 -0.59541
5 848 0.0415825 -0.590228
4 849 -0.0825458 -0.569007
5 849 -0.14081 -0.558318
4 850 -0.0826536 -0.454192
5 850 -0.134161 -0.443092
4 240 0.0076858 -0.446826
4 717 0.141002 -0.433962
4 851 -0.162425 -0.358497
5 851 -0.212355 -0.343364
4 852 -0.0395754 -0.341622
5 852 -0.0835925 -0.33204
4 799 -0.00499796 -0.33703
4 800 0.0167172 -0.333261
4 853 0.0284808 -0.33128
5 853 -0.0166539 -0.324884
5 543 -0.276145 -0.259245
4 854 -0.187706 -0.271186
5 854 -0.308518 -0.26376
4 0 -0.155569 -0.265355
5 453 -0.311196 -0.158744
4 855 -0.0611111 -0.162157
5 855 -0.102824 -0.151569
5 346 -0.00850793 -0.136252
4 856 -0.192727 -0.139749
5 856 -0.216204 -0.118016
4 36 -0.180621 -0.136913
4 857 0.0573386 -0.136198
5 857 0.0261791 -0.131355
4 858 -0.164253 -0.132594
5 858 -0.192917 -0.113459
4 859 -0.155403 -0.130302
5 859 -0.178131 -0.110796
4 860 0.0909262 -0.129878
5 860 0.0571793 -0.126499
4 382 0.147981 -0.117232
4 381 0.201671 -0.115892
4 805 -0.335274 -0.114721
4 861 0.164588 -0.113462
5 861 0.132209 -0.114733
4 862 0.0332083 -0.110124
5 862 0.0103101 -0.102605
4 863 -0.220899 -0.1027
5 863 -0.240347 -0.078536
4 864 -0.16317 -0.102853
5 864 -0.178491 -0.0815957
4 385 0.0905858 -0.0965883
4 547 -0.128128 -0.0940124
4 386 0.111007 -0.0917892
4 865 0.173088 -0.0748963
5 865 0.164646 -0.0746739
5 769 -0.160447 -0.0332391
4 866 -0.117363 -0.0438971
5 866 -0.134282 -0.0259934
5 551 -0.106512 -0.0199713
5 550 0.0702716 -0.0308729
4 867 -0.0782232 -0.0321602
5 867 -0.0975231 -0.0178707
5 114 -0.0786263 -0.0139362
4 868 -0.118705 -0.0258079
5 868 -0.136679 -0.00817808
5 128 -0.175876 0.00647008
4 126 0.174616 0.0179718
4 869 0.278187 0.0444583
5 869 0.272136 0.0361942
4 396 0.26127 0.0671105
5 179 -0.308316 0.120955
5 773 0.0656291 0.0948101
4 536 -0.26203 0.100335
4 870 0.17304 0.103146
5 870 0.170934 0.102241
5 182 -0.245076 0.139013
5 361 -0.0229502 0.131714
4 174 0.311289 0.124618
5 309 0.353601 0.132238
5 654 0.321372 0.153556
4 871 0.119229 0.167719
5 871 0.129887 0.171384
4 196 -0.148327 0.205978
4 872 -0.17252 0.257348
5 872 -0.148274 0.288413
4 873 -0.26272 0.329234
5 873 -0.230798 0.372104
4 402 0.23639 0.344692
4 874 -0.253499 0.434076
5 874 -0.205789 0.480988
5 232 0.138369 0.465228
5 782 -0.135224 0.494291
4 875 -0.0538983 0.464166
5 875 0.0045196 0.491805
4 734 0.134729 0.477123
4 54 -0.172836 -0.109523
6 862 -0.0326574 -0.147015
6 864 -0.250577 -0.10021
6 386 0.0984442 -0.136033
4 876 0.164529 -0.050833
6 876 0.144359 -0.101217
6 78 0.163721 -0.0842756
6 353 0.275738 -0.0749691
4 473 -0.194068 -0.0102962
4 877 0.0418339 -0.00661937
6 877 -0.00838861 -0.0318483
6 144 -0.272054 0.0377622
6 171 -0.246049 0.0862923
4 878 0.208619 0.126966
6 878 0.215705 0.0853498
4 738 -0.10327 0.137507
4 879 0.334328 0.138905
6 879 0.425141 0.0864005
6 334 0.251856 0.321773
4 205 0.0678214 0.301246
7 686 0.0715355 -0.557304
4 589 0.323623 -0.408787
7 763 -0.0694081 -0.414581
4 251 0.423668 -0.297792
7 1 -0.273693 -0.296263
4 880 0.373993 -0.175491
7 880 0.257833 -0.298822
4 565 -0.191687 -0.112632
4 51 -0.185229 -0.111896
7 546 0.236452 -0.160576
4 881 -0.219221 -0.0629862
7 881 -0.259412 -0.0296159
7 551 -0.137687 -0.0369048
7 128 -0.204063 0.0116612
7 877 0.0129867 -0.0431526
4 882 0.429885 0.0133601
7 882 0.35697 -0.120431
4 482 -0.19256 0.0217662
7 554 0.0290868 -0.0139837
7 355 0.0216715 -0.0119271
7 171 -0.201105 0.0938362
7 363 0.224252 0.178178
8 542 0.00211495 -0.414625
4 883 -0.199362 -0.112976
8 883 -0.28696 -0.10629
4 280 -0.200358 -0.112704
8 528 -0.250118 -0.0283433
8 78 0.171221 -0.114293
8 92 0.19168 -0.101325
8 142 -0.224983 0.0360399
4 884 -0.160359 0.00771262
8 884 -0.219279 0.03493
8 143 -0.209622 0.0333615
8 167 -0.252273 0.0894864
8 358 0.189616 0.0327003
4 885 0.222031 0.1186
8 885 0.223279 0.0338424
4 655 0.107487 0.164172
4 886 -0.0157762 0.433065
8 886 0.220612 0.458113
4 887 -0.413439 -0.131388
9 887 -0.417276 -0.233049
9 271 0.000903349 -0.35353
9 70 -0.193555 -0.199589
9 529 -0.18695 -0.198069
9 551 0.0255061 -0.338482
9 74 -0.0121206 -0.3179
9 100 -0.0287991 -0.291357
9 186 0.229248 -0.222823
10 277 -0.02636 -0.346054
10 103 0.225659 -0.199356
10 87 0.0241994 -0.309906
10 469 0.0289308 -0.287962
10 100 -0.00732433 -0.293003
10 771 0.210286 -0.178892
10 109 -0.0176914 -0.284328
10 120 -0.0530335 -0.256774
10 354 -0.0438967 -0.259317
10 482 -0.242263 0.0648782
10 362 -0.194988 -0.158755
10 780 -0.0142853 -0.108662
11 240 0.00843014 -0.51313
11 456 -0.203638 -0.289154
11 693 -0.171291 -0.300734
11 29 -0.140236 -0.31178
11 40 0.0186145 -0.367482
11 350 -0.0227744 -0.352846
11 83 0.282081 -0.171355
11 704 0.0140161 -0.217585
11 482 -0.253516 0.0747417
11 159 -0.263994 0.111502
11 167 -0.24283 0.130606
11 396 0.0621661 -0.216931
4 588 0.227762 -0.55819
12 263 -0.243829 -0.357378
12 635 -0.221637 -0.241315
12 517 -0.0157908 -0.284201
12 24 -0.0542976 -0.233349
12 459 -0.0258114 -0.239321
12 693 0.0067527 -0.246465
12 22 -0.083812 -0.269317
12 545 -0.0528095 -0.276123
12 34 -0.135484 -0.21688
4 888 0.0215832 -0.113248
12 888 -0.101809 -0.223411
12 699 -0.317943 -0.222099
12 77 0.166822 -0.191376
12 470 0.189178 -0.173394
12 654 0.432194 -0.0928122
13 15 0.00349556 -0.294725
13 459 -0.0481574 -0.244093
13 693 -0.0303681 -0.247284
13 346 -0.129487 -0.271421
13 22 -0.109018 -0.274735
13 23 -0.0968013 -0.277173
13 857 -0.0878109 -0.278506
13 545 -0.0777824 -0.28006
4 37 0.348441 -0.077491
13 285 -0.0688534 -0.166439
13 770 -0.383994 -0.221098
13 640 0.217175 -0.217529
13 877 0.0283739 -0.121761
13 191 -0.194825 0.0828694
14 2 0.0165319 -0.389995
14 27 -0.0476181 -0.274833
14 770 0.17621 -0.310598
14 353 0.1901 -0.205943
14 107 0.117265 -0.172532
14 109 0.123905 -0.172404
14 125 -0.0350007 -0.112059
14 304 0.0165171 -0.103533
14 133 0.0121449 -0.100163
14 479 0.165371 -0.15616
14 357 0.345887 -0.123118
14 174 0.353054 -0.123662
14 189 0.198969 0.0434677
14 363 0.232735 0.0445751
14 188 0.341829 -0.0415778
14 198 0.228128 0.109147
14 335 0.4217 0.00517132
15 264 -0.131575 -0.386094
15 69 -0.32234 -0.112459
15 95 -0.32049 -0.0712953
15 135 -0.354888 0.0120131
15 109 0.111643 -0.164757
4 889 -0.205613 0.0169447
15 889 -0.376846 0.0431947
15 303 0.0202397 -0.116338
4 890 -0.29402 0.232275
15 890 -0.243745 0.357817
15 202 -0.0817784 0.276236
15 211 0.00333125 0.295853
4 668 0.378404 0.345991
15 224 0.0795925 0.361469
16 799 -0.0841101 -0.508032
16 542 -0.0988209 -0.499605
16 697 0.0628772 -0.256835
16 70 -0.0882858 -0.172257
16 113 -0.358675 -0.0546027
16 92 0.0936243 -0.165943
16 884 -0.313312 -0.00974917
16 302 0.0129975 -0.10494
4 891 -0.256935 0.249141
16 891 -0.232959 0.331358
16 209 0.281834 0.184414
4 892 0.340236 -0.285452
17 892 0.132568 -0.449601
17 260 -0.180781 -0.341973
17 19 -0.101509 -0.234002
17 346 0.0130081 -0.231708
17 856 -0.358652 -0.174293
4 757 0.158892 -0.114724
17 280 -0.373781 -0.138425
17 51 -0.346649 -0.14158
17 464 -0.0931718 -0.197016
4 758 0.199199 -0.106303
17 386 0.0160134 -0.194588
17 699 0.160774 -0.230546
17 350 0.0573175 -0.193332
17 546 0.126516 -0.194664
17 881 -0.370834 -0.0688232
17 876 0.0725735 -0.162352
17 866 -0.253678 -0.0787363
17 551 -0.235094 -0.078506
17 64 0.274842 -0.188888
17 867 -0.221049 -0.0783087
17 92 0.108687 -0.134173
4 893 0.458391 -0.0128378
17 893 0.471815 -0.185217
17 473 -0.331912 -0.0128362
17 136 -0.349894 0.00352216
17 154 -0.303681 0.0254913
17 870 0.102308 -0.00420782
17 774 0.131592 -0.00329314
17 493 0.105726 0.19147
17 872 -0.133373 0.290863
17 502 0.192357 0.231228
17 335 0.377757 0.167712
4 847 -0.159101 0.334006
4 894 -0.0550214 0.334825
17 894 0.0440091 0.321778
17 666 0.273385 0.214167
17 402 0.291345 0.214685
17 668 0.422398 0.16892
17 780 0.396497 0.217974
5 736 0.395853 -0.414943
6 375 0.135261 -0.389627
6 380 -0.00743456 -0.285206
6 28 0.0225017 -0.179026
6 862 -0.0433472 -0.148141
5 895 0.0355554 -0.0979902
6 895 -0.00384655 -0.144398
6 383 0.254567 -0.163667
5 896 0.0619404 -0.093111
6 896 0.0261399 -0.142058
6 385 0.0346771 -0.140973
6 386 0.0418204 -0.140823
6 388 -0.259729 -0.105108
6 567 -0.252779 -0.101738
5 47 0.0351308 -0.0839186
5 897 0.0298158 -0.0823034
6 897 -0.0144647 -0.126362
6 68 -0.00413377 -0.0956318
5 898 0.0429909 -0.0537755
6 898 0.00679306 -0.0937004
5 899 0.138584 -0.0520469
6 899 0.118189 -0.1032
6 390 -0.306129 -0.0394501
6 72 0.377446 -0.113348
5 900 -0.179297 -0.0284106
6 900 -0.240601 -0.0344535
6 107 0.210003 -0.0532965
6 128 -0.238283 0.00515585
5 354 0.178311 0.0119275
6 142 -0.235199 0.0318312
5 901 -0.228215 0.0566399
6 901 -0.294861 0.0721859
5 902 0.257779 0.0595753
6 902 0.264673 0.00950658
5 903 -0.191036 0.0670834
6 903 -0.249659 0.0799061
6 870 0.178806 0.0684075
5 904 0.203962 0.160362
6 904 0.231611 0.131738
7 4 0.00681424 -0.297542
7 266 0.0928501 -0.297719
7 30 -0.193774 -0.158614
7 50 -0.256155 -0.100502
7 564 -0.264539 -0.0988959
7 387 -0.244919 -0.101655
7 47 0.00643961 -0.141185
7 57 0.186515 -0.147986
7 526 -0.215237 -0.0644053
7 898 0.0256134 -0.107169
7 900 -0.199671 -0.0296516
7 293 0.243343 -0.111708
7 866 -0.159065 -0.0370044
5 905 0.045688 0.0274324
7 905 0.0339657 -0.0164517
7 304 0.131228 -0.0298309
7 147 -0.0383146 0.0132531
5 153 -0.0922821 0.056495
7 161 -0.231426 0.0822348
7 902 0.285861 -0.0259305
7 647 -0.0802236 0.114077
5 906 0.225942 0.115348
7 906 0.257392 0.0392036
7 310 0.446459 0.0635795
5 907 -0.293025 0.269188
7 907 -0.207943 0.374585
5 908 0.302283 0.270523
7 908 0.438948 0.190414
5 537 -0.0973934 0.312349
8 727 -0.201036 -0.163648
8 54 -0.255363 -0.107275
5 909 -0.17102 -0.0737595
8 909 -0.217603 -0.0881416
8 69 -0.210213 -0.0824223
8 283 0.202696 -0.15148
8 285 -0.00203878 -0.121577
8 898 0.00567875 -0.112282
5 289 0.237437 -0.0379609
8 900 -0.221964 -0.0344225
8 570 0.32368 -0.121768
8 128 -0.227486 0.00823176
8 126 0.156073 -0.057333
8 135 -0.254059 0.0336339
8 905 0.0121607 -0.0198658
8 161 -0.2563 0.0803823
8 163 -0.242383 0.0814312
8 906 0.228108 0.0338206
5 910 -0.204505 0.172336
8 910 -0.169991 0.220307
8 809 0.285313 0.284902
5 911 -0.384702 -0.13246
9 911 -0.325345 -0.279612
9 865 -0.0490894 -0.347004
9 79 0.0245947 -0.318006
9 109 -0.0385024 -0.28199
9 148 0.00457714 -0.246576
9 168 -0.209491 0.131749
9 172 -0.199482 0.139033
9 185 0.217162 -0.21846
9 362 0.202963 -0.203063
10 270 -0.0156719 -0.405126
5 423 -0.223831 -0.119424
5 33 0.187046 -0.105926
10 640 0.0726016 -0.326742
10 109 0.0112578 -0.278916
5 912 -0.134899 0.0461014
10 912 0.0657374 -0.232753
10 359 0.231563 -0.275819
10 654 0.255561 -0.25161
5 780 -0.0709217 0.164309
10 186 0.253964 -0.211357
5 913 -0.377502 -0.454366
11 913 -0.363228 -0.418552
11 36 -0.179821 -0.250835
11 895 0.00352484 -0.362073
11 103 -0.157375 -0.150163
11 94 0.059211 -0.260428
5 914 -0.377383 0.0124809
11 914 -0.389728 -0.0798996
11 181 0.261305 -0.179188
12 850 -0.268078 -0.353798
12 21 -0.069858 -0.230241
12 457 -0.151909 -0.2555
12 26 0.125396 -0.314299
5 915 -0.137605 -0.120545
12 915 0.0198483 -0.236556
12 49 0.119731 -0.271008
12 64 0.258888 -0.302021
12 78 0.142819 -0.227946
12 92 0.177742 -0.182673
12 119 -0.0194326 -0.0879178
12 302 0.0620428 -0.12521
12 190 0.409047 -0.0254509
13 915 -0.0276212 -0.235461
5 916 -0.0895017 -0.120544
13 916 -0.0331056 -0.246976
13 30 -0.0264308 -0.248174
13 45 0.371607 -0.362235
13 64 0.236583 -0.296335
13 72 0.29946 -0.308171
13 119 -0.0619457 -0.101038
14 23 -0.098239 -0.26539
5 27 0.0724606 -0.124916
14 696 0.0324006 -0.249741
14 387 -0.259194 -0.076191
14 45 0.311116 -0.345351
14 526 -0.23515 -0.0560477
14 64 0.238094 -0.290519
14 532 -0.0640753 -0.0616027
14 396 0.143153 -0.139555
14 181 0.318216 -0.0755617
5 213 0.300782 0.350906
15 283 0.0938823 -0.22561
5 917 0.175365 -0.0581534
15 917 0.0655972 -0.216332
15 898 -0.101682 -0.173377
15 900 -0.329434 -0.0619036
5 918 0.0392409 0.028927
15 918 -0.0950247 -0.0753913
5 889 -0.217662 0.0409473
15 161 -0.353148 0.0597242
15 160 -0.177971 0.00145511
15 870 0.0862241 -0.0426734
15 362 0.292523 0.0295322
15 201 0.340672 0.104444
5 919 0.138413 0.317397
15 919 0.226986 0.186756
5 668 0.410416 0.332536
5 215 0.205456 0.350454
15 540 0.0955268 0.423498
16 26 -0.166065 -0.265242
16 523 0.125252 -0.231726
16 570 0.248192 -0.201578
16 109 0.12994 -0.153789
16 111 0.152591 -0.156792
16 869 0.184977 -0.128194
16 154 -0.32746 0.0206698
16 161 -0.349893 0.0386594
16 773 -0.00771659 -0.00936363
16 357 0.304703 -0.0532071
16 362 0.280094 0.0528094
16 197 0.0416202 0.172439
16 210 -0.288056 0.360689
16 537 -0.0432305 0.294451
16 809 0.174291 0.214296
5 920 -0.0361167 0.338386
16 920 0.0356387 0.29697
16 213 0.347607 0.183309
5 836 0.349808 0.366253
16 340 0.120622 0.36334
16 674 0.170681 0.371341
17 30 -0.00278653 -0.194632
17 30 0.00341336 -0.19456
17 567 -0.326641 -0.136634
17 41 0.121631 -0.207715
17 898 -0.0644691 -0.145759
17 900 -0.30368 -0.069054
17 353 0.189678 -0.144415
17 100 0.152611 -0.130115
17 570 -0.229518 -0.16997
17 128 -0.300549 -0.0287944
17 905 -0.0517961 -0.0561601
17 572 -0.127814 -0.0271979
17 163 -0.311776 0.0413984
17 902 0.186578 -0.0654912
17 168 -0.309856 0.0489682
17 903 -0.301368 0.0467293
17 172 -0.308132 0.0557693
5 921 -0.177138 0.0995254
17 921 -0.265366 0.0814696
17 906 0.15371 -0.00248059
17 359 0.295863 -0.0164604
5 173 0.294373 0.115403
5 623 -0.11232 0.144994
17 904 0.144953 0.0481061
17 188 0.287704 0.0771638
5 624 0.0347085 0.286295
17 809 0.160737 0.236036
6 595 0.31972 -0.394515
6 922 0.0988897 -0.39078
7 922 0.0607422 -0.407477
6 923 -0.357281 -0.303404
7 923 -0.400317 -0.294262
6 924 -0.33707 -0.302339
7 924 -0.379506 -0.295091
7 380 -0.0324367 -0.296337
7 267 0.157434 -0.298426
7 28 0.00249827 -0.191061
6 925 0.189888 -0.177319
7 925 0.211629 -0.204337
6 37 0.0405597 -0.176959
6 926 0.0673367 -0.175467
7 926 0.0471597 -0.190865
6 520 0.100205 -0.173098
7 25 -0.344722 -0.161137
6 927 0.192136 -0.163705
7 927 0.216022 -0.191205
6 45 0.387384 -0.156163
7 727 -0.0875955 -0.156347
6 274 0.190153 -0.149342
6 928 0.197035 -0.147762
7 928 0.224432 -0.175913
6 929 -0.340833 -0.145691
7 929 -0.370495 -0.131843
6 930 -0.330865 -0.144501
7 930 -0.354288 -0.131338
6 385 0.0884082 -0.137062
7 412 0.190778 -0.158472
6 931 0.210079 -0.128206
7 931 0.239864 -0.15772
6 932 0.247969 -0.123074
7 932 0.270201 -0.155843
6 933 0.17708 -0.121517
7 933 0.206512 -0.148826
6 934 0.176625 -0.115543
7 934 0.206482 -0.143067
6 935 0.0344131 -0.112351
7 935 0.0487828 -0.128005
6 564 -0.297416 -0.107218
6 936 -0.294331 -0.107374
7 936 -0.261798 -0.0993911
6 50 -0.289023 -0.107708
6 937 -0.261838 -0.105982
7 937 -0.226455 -0.0991659
7 285 0.019985 -0.119345
6 938 0.0894603 -0.106096
7 938 0.0857063 -0.124032
7 388 -0.224448 -0.0983643
6 939 0.185759 -0.104458
7 939 0.212808 -0.132594
7 567 -0.216627 -0.0950564
6 940 0.232931 -0.100302
7 940 0.259269 -0.131978
6 941 0.223223 -0.0978733
7 941 0.244622 -0.128655
6 68 -0.00584186 -0.0945546
6 942 0.19079 -0.0915578
7 942 0.218591 -0.119676
6 943 -0.272599 -0.0894887
7 943 -0.233516 -0.0833931
6 71 0.000778346 -0.0873405
6 419 0.171564 -0.0859783
6 944 -0.405323 -0.0796445
7 944 -0.41217 -0.0593186
6 945 -0.281044 -0.0751564
7 945 -0.237923 -0.0683179
6 946 0.244581 -0.0738567
7 946 0.276308 -0.107388
6 947 0.252517 -0.0724427
7 947 0.285064 -0.106961
7 100 0.259899 -0.0946959
7 111 0.268853 -0.0857671
6 948 0.197252 -0.0462578
7 948 0.223121 -0.0761349
6 949 0.182842 -0.0392372
7 949 0.20423 -0.0681325
6 950 0.186774 -0.0382244
7 950 0.209993 -0.0676112
6 951 0.108516 -0.0296223
7 951 0.127825 -0.0512341
6 952 -0.0128769 -0.0274159
7 952 0.0057879 -0.0396011
7 413 0.179109 -0.0543382
6 953 0.109852 -0.0153911
7 953 0.128234 -0.0379254
6 954 0.235457 -0.0100394
7 954 0.256657 -0.043949
6 955 -0.283584 -0.00634523
7 955 -0.238531 0.00322484
6 956 -0.296102 -0.0044259
7 956 -0.251208 0.00614065
6 957 -0.289223 -0.00434322
7 957 -0.244633 0.00526877
6 958 -0.284639 -0.00346119
7 958 -0.240567 0.00597488
6 959 -0.173514 0.000269156
7 959 -0.149922 0.00234187
6 355 0.00244553 0.00045104
6 960 0.0050146 0.000264836
7 960 0.0234899 -0.0124369
6 961 -0.210335 0.0254746
7 961 -0.178224 0.0305003
6 477 -0.232118 0.0314701
6 962 -0.214205 0.0320565
7 962 -0.180488 0.0373353
6 963 -0.207106 0.0410325
7 963 -0.175156 0.0460638
7 154 -0.208208 0.0660523
6 964 0.186552 0.0694369
7 964 0.22173 0.0374459
6 161 -0.264289 0.0718539
6 906 0.234 0.0744655
6 965 0.379763 0.0749983
7 965 0.434923 0.0231194
6 966 -0.243466 0.0784928
7 966 -0.204594 0.0876095
6 967 -0.271321 0.0803987
7 967 -0.231639 0.0908153
6 171 -0.240398 0.0851006
6 968 0.224673 0.0865409
7 968 0.253234 0.0512572
6 969 0.395076 0.134021
7 969 0.463143 0.0776933
6 970 0.358201 0.149512
7 970 0.425178 0.0956249
6 971 0.360849 0.179701
7 971 0.423994 0.124779
7 187 0.153805 0.155605
6 190 0.366333 0.201197
6 908 0.376965 0.249078
6 972 0.372793 0.250098
7 972 0.433699 0.191592
8 267 0.132376 -0.300691
8 268 0.241775 -0.299133
6 5 0.415156 -0.264594
8 347 -0.0346492 -0.195768
8 28 -0.0229876 -0.195894
8 925 0.192315 -0.20748
8 926 0.0227028 -0.194772
8 927 0.195824 -0.194562
6 973 0.183798 -0.148645
8 973 0.187431 -0.178253
8 928 0.204346 -0.179203
6 974 0.0773425 -0.137496
8 974 0.0336771 -0.157688
8 412 0.171892 -0.162324
8 931 0.219653 -0.161032
8 932 0.24824 -0.158605
8 57 0.167103 -0.151623
8 933 0.186732 -0.152641
8 467 0.214961 -0.153936
8 934 0.186968 -0.146352
8 935 0.0283782 -0.132505
6 975 -0.0251605 -0.111326
8 975 -0.0324969 -0.126489
8 937 -0.250588 -0.105841
8 938 0.058551 -0.127582
8 939 0.193485 -0.135956
8 66 0.215784 -0.136843
8 940 0.237514 -0.1349
6 976 -0.244805 -0.0959762
8 976 -0.231233 -0.0968914
6 898 0.00831388 -0.0947119
8 70 0.0138653 -0.110849
8 942 0.198278 -0.123266
8 946 0.254461 -0.110784
8 947 0.263443 -0.110016
8 107 0.215991 -0.0882426
8 111 0.246127 -0.0887698
6 977 0.160108 -0.0475137
8 977 0.162042 -0.0780565
8 949 0.185144 -0.0717843
8 950 0.190555 -0.071319
8 102 -0.248967 -0.0291312
8 298 0.0572424 -0.0511528
8 952 -0.0156104 -0.0439652
8 302 0.0969216 -0.0408617
8 953 0.106405 -0.041628
8 954 0.233109 -0.047723
8 956 -0.274866 0.0018117
8 957 -0.267485 0.00161416
8 960 0.00299849 -0.0165016
8 962 -0.203346 0.0341914
6 978 -0.250275 0.0336347
8 978 -0.236175 0.0384998
8 963 -0.197659 0.0431753
8 580 -0.277029 0.0624801
6 979 -0.273534 0.05772
8 979 -0.255959 0.0658655
6 980 -0.285801 0.0637315
8 980 -0.270023 0.0734518
6 981 0.0323821 0.0708291
8 981 0.0501609 0.04926
6 161 -0.272725 0.0719743
8 906 0.237339 0.0338474
8 965 0.409775 0.0181534
8 903 -0.233152 0.0874422
8 168 -0.240218 0.0891075
8 172 -0.23925 0.0964106
8 310 0.42138 0.0576267
8 488 -0.312179 0.191478
8 186 0.431018 0.106638
6 982 -0.275143 0.181986
8 982 -0.224991 0.192509
6 983 0.191624 -0.176012
9 983 -0.0427242 -0.378211
9 34 -0.178257 -0.354906
9 546 -0.0277678 -0.339587
9 942 -0.021649 -0.306515
9 110 -0.187506 -0.145523
9 414 -0.172639 -0.103759
6 173 0.357112 0.0803667
9 647 0.03575 -0.193714
10 34 -0.137031 -0.360235
10 862 -0.0513604 -0.398071
10 934 0.000568229 -0.325114
10 942 0.000988987 -0.307789
10 353 0.0624209 -0.318996
6 984 0.228646 -0.0601567
10 984 0.0138503 -0.284167
10 298 -0.138436 -0.188961
6 985 0.126176 -0.0114821
10 985 -0.0826388 -0.204409
10 306 -0.0105843 -0.252325
10 644 -0.0159936 -0.246214
10 581 0.00715452 -0.199171
10 647 0.0537816 -0.188816
11 275 0.0175875 -0.317835
11 48 -0.178301 -0.2332
6 986 -0.0100554 -0.128173
11 986 -0.191518 -0.227
11 567 -0.14897 -0.231183
11 68 -0.176183 -0.191937
11 942 0.0415952 -0.275973
11 640 0.123151 -0.297578
11 353 0.116108 -0.290052
11 970 0.281375 -0.170305
12 381 0.157348 -0.280759
6 457 0.0574038 -0.176298
12 934 0.178066 -0.219667
12 942 0.179416 -0.202217
12 943 -0.133605 -0.0406353
12 292 0.209805 -0.20544
12 93 -0.00458373 -0.124033
12 99 0.190683 -0.177936
12 130 0.223945 -0.158917
12 979 -0.136074 0.112268
12 154 -0.124808 0.10172
12 159 -0.151893 0.128071
12 177 0.449019 -0.120199
12 908 0.413707 0.0082369
12 972 0.408535 0.00980741
13 577 -0.227289 -0.37048
13 270 0.12916 -0.301482
13 381 0.110536 -0.286038
6 987 0.181796 -0.167336
13 987 0.111891 -0.273003
13 927 0.124277 -0.271554
13 274 0.133524 -0.258103
13 279 0.140563 -0.244287
13 52 -0.0651061 -0.199553
13 933 0.131308 -0.231638
13 467 0.153971 -0.237346
13 942 0.132713 -0.20833
13 74 0.145056 -0.208379
13 79 0.208582 -0.221186
13 292 0.162024 -0.209932
13 293 0.156968 -0.205619
13 947 0.195539 -0.206442
13 94 0.149406 -0.190595
13 103 -0.0731734 -0.121929
13 948 0.125704 -0.170749
13 354 0.0960346 -0.153827
13 951 0.0220965 -0.131317
13 302 0.0154045 -0.117107
13 902 0.167341 -0.140075
13 161 -0.1921 0.0989437
13 167 -0.197349 0.108144
13 878 0.176579 -0.0691051
13 192 0.366737 -0.0224274
14 736 0.201046 -0.523693
14 925 0.0969024 -0.276231
14 274 0.110796 -0.251732
14 928 0.117533 -0.252047
14 52 -0.0838682 -0.18924
14 933 0.108713 -0.225425
14 467 0.131436 -0.230301
14 53 -0.277279 -0.0738184
14 939 0.110738 -0.211837
14 814 0.152276 -0.215986
14 942 0.113321 -0.201619
14 99 0.124529 -0.176907
14 109 0.133163 -0.174534
14 948 0.10702 -0.16286
14 117 -0.0741819 -0.099866
14 951 0.00937714 -0.122603
14 902 0.155327 -0.133887
14 160 -0.0818644 0.018966
14 155 -0.219172 0.102233
14 967 -0.2285 0.122701
6 988 -0.286732 0.0994486
14 988 -0.251017 0.153639
14 181 0.336397 -0.0657441
6 989 0.356617 0.190126
14 989 0.332006 -0.0331353
14 192 0.35347 -0.0176714
15 380 -0.207011 -0.383393
15 270 0.0831115 -0.303669
15 26 -0.210684 -0.266468
15 28 -0.145827 -0.27006
15 925 0.0789793 -0.28395
6 725 0.0476946 -0.176797
15 457 -0.108697 -0.27249
15 926 -0.098993 -0.27236
15 928 0.0930298 -0.254523
15 412 0.061938 -0.234453
15 931 0.109743 -0.237296
15 933 0.0785253 -0.22632
15 467 0.105939 -0.228969
15 934 0.0786908 -0.219877
15 935 -0.0803071 -0.197143
15 940 0.128856 -0.213298
15 70 -0.0932331 -0.1725
15 942 0.0919042 -0.198241
15 65 -0.323009 -0.112911
15 946 0.148123 -0.189284
15 947 0.156266 -0.189078
15 76 -0.327629 -0.0971712
15 984 0.131359 -0.173203
15 977 0.0617142 -0.1513
15 949 0.0827333 -0.146899
15 298 -0.0440992 -0.119214
15 952 -0.116067 -0.10269
15 953 0.00819365 -0.112424
15 959 -0.275346 -0.0404878
15 128 -0.329248 -0.0185597
15 477 -0.319717 0.00774088
15 962 -0.301282 0.00349776
15 581 0.138675 -0.067667
15 870 0.0974052 -0.0437635
15 159 -0.356852 0.0588601
15 357 0.313407 -0.0748564
15 965 0.304169 -0.0721494
15 966 -0.318085 0.0611693
15 175 0.327178 -0.0728198
15 903 -0.325091 0.063751
15 177 0.349406 -0.0672608
15 310 0.317205 -0.032928
15 970 0.300522 -0.002829
15 989 0.298339 0.0323914
15 209 0.312439 0.158045
6 990 0.125309 -0.390619
16 990 -0.0302245 -0.5006
16 268 0.158797 -0.38462
16 12 -0.328473 -0.262831
16 925 0.0886317 -0.274065
16 725 -0.0774916 -0.266879
16 926 -0.0572539 -0.267044
16 983 0.0920009 -0.271493
16 520 -0.023053 -0.267789
16 29 -0.372961 -0.226439
16 927 0.0921438 -0.260494
16 383 0.129746 -0.272732
16 928 0.100031 -0.244681
6 991 0.0653161 -0.138895
16 991 -0.0545486 -0.229174
6 992 0.0821698 -0.137281
16 992 -0.0387064 -0.229202
16 546 0.111075 -0.229215
16 931 0.114992 -0.225944
6 993 0.2295 -0.124084
16 993 0.130775 -0.224586
16 933 0.0839208 -0.216042
16 934 0.0839412 -0.210258
16 940 0.137679 -0.201298
16 864 -0.351474 -0.14328
6 994 -0.24118 -0.0929025
16 994 -0.336414 -0.134913
16 898 -0.0894586 -0.171093
16 70 -0.0802063 -0.170196
16 942 0.0989544 -0.188131
16 943 -0.374254 -0.130012
16 65 -0.321942 -0.125972
16 69 -0.320278 -0.124832
16 353 0.182478 -0.180235
16 946 0.153059 -0.176527
6 995 0.159313 -0.0730299
16 995 0.0697262 -0.166506
16 947 0.160544 -0.175932
16 93 -0.076197 -0.141732
16 100 0.139421 -0.163602
16 97 0.0630185 -0.154521
16 977 0.0715803 -0.141987
16 948 0.107262 -0.145158
16 949 0.0941012 -0.136745
16 950 0.095242 -0.136427
16 114 -0.232174 -0.0953609
16 900 -0.330865 -0.0763094
16 102 -0.360085 -0.068958
6 996 -0.227491 -0.031514
16 996 -0.317866 -0.0752371
16 877 -0.0946206 -0.106315
16 951 0.0188718 -0.11925
16 952 -0.102225 -0.102603
16 953 0.021459 -0.105936
16 985 0.0372302 -0.103807
16 954 0.143218 -0.115571
16 956 -0.384539 -0.0358634
16 958 -0.372058 -0.0369766
16 473 -0.357756 -0.0173297
16 962 -0.296914 -0.011748
16 150 -0.279474 -0.00878516
16 963 -0.288101 -0.00448342
16 581 0.148903 -0.053863
16 979 -0.353136 0.0242086
16 980 -0.366913 0.0324171
16 415 0.14343 -0.0332478
16 965 0.295233 -0.0499466
16 397 -0.360526 0.0468887
16 967 -0.34897 0.0477541
6 997 -0.143533 0.117489
16 997 -0.203106 0.0639427
6 998 -0.316683 0.176279
16 998 -0.370217 0.153256
17 270 0.110808 -0.25744
17 925 0.106887 -0.238703
17 926 -0.0226616 -0.232508
17 983 0.109792 -0.236386
6 999 0.212356 -0.175577
17 999 0.128448 -0.237887
6 694 0.130306 -0.17086
6 1000 0.214866 -0.168272
17 1000 0.131266 -0.230891
17 927 0.110675 -0.225035
17 973 0.103655 -0.210167
17 274 0.109978 -0.211318
17 862 -0.130487 -0.198247
17 928 0.116796 -0.210045
6 464 -0.0132432 -0.145546
17 386 -0.0395913 -0.195895
17 991 -0.0190044 -0.195434
17 386 0.0136088 -0.194536
17 411 -0.0677333 -0.182607
17 48 -0.0743115 -0.181407
17 986 -0.0836031 -0.179656
17 931 0.130041 -0.192024
17 993 0.147727 -0.188988
17 467 0.125084 -0.185534
6 1001 0.268632 -0.121816
17 1001 0.1766 -0.191126
6 1002 0.0525584 -0.119366
17 1002 -0.0238898 -0.175457
17 934 0.100194 -0.177911
17 50 -0.360908 -0.140112
17 565 -0.353665 -0.140881
17 387 -0.350958 -0.141075
17 564 -0.37203 -0.138523
17 285 -0.0697104 -0.157826
17 938 0.0130704 -0.163622
17 388 -0.331872 -0.138593
17 899 0.0463707 -0.163269
17 939 0.109275 -0.167976
6 1003 0.152899 -0.100151
17 1003 0.0787138 -0.162337
17 940 0.152504 -0.16685
17 898 -0.062829 -0.147394
17 994 -0.311082 -0.127603
17 942 0.114448 -0.155237
17 943 -0.326588 -0.120646
6 78 0.160522 -0.0830969
17 946 0.165571 -0.142391
17 995 0.0861433 -0.135531
17 947 0.172684 -0.141908
17 109 0.143468 -0.121567
17 948 0.122459 -0.112907
17 551 -0.232997 -0.0784725
17 115 -0.0699175 -0.0920437
17 949 0.108617 -0.105756
17 950 0.11371 -0.104961
17 354 0.0992794 -0.100157
17 996 -0.290706 -0.066785
17 952 -0.0790754 -0.0797385
17 579 0.0727029 -0.0856885
17 302 0.0341731 -0.0774597
17 953 0.0414516 -0.0773664
17 954 0.158897 -0.0818174
17 958 -0.347785 -0.0334724
17 580 -0.34882 0.0242577
17 160 -0.144798 0.0086691
17 870 0.113194 -0.00397665
17 964 0.121953 -0.00350796
6 1004 0.216378 0.0732453
17 1004 0.144744 -0.00265278
17 906 0.165944 -0.00304277
17 966 -0.29809 0.0454901
6 903 -0.24773 0.0794037
17 967 -0.325382 0.0495952
17 170 -0.28525 0.0482454
17 171 -0.291633 0.0505769
17 878 0.149167 0.00885017
17 968 0.158784 0.00962979
17 647 -0.235189 0.0720183
8 244 0.257145 -0.559747
7 1005 0.260815 -0.560838
8 1005 0.236728 -0.559809
7 1006 0.0917958 -0.543772
8 1006 0.0749217 -0.549641
7 1007 0.163326 -0.418282
8 1007 0.137346 -0.420664
8 592 -0.194823 -0.425477
7 1008 0.00287963 -0.4081
8 1008 -0.0207459 -0.414764
7 1009 0.0137656 -0.408652
8 1009 -0.0111438 -0.414875
7 254 0.050405 -0.408409
7 1010 0.00202486 -0.408049
8 1010 -0.0251023 -0.414756
7 270 0.21814 -0.224308
7 1011 0.235173 -0.20696
8 1011 0.215005 -0.210186
7 1012 0.217539 -0.201131
8 1012 0.198022 -0.204137
8 37 0.00195326 -0.195682
8 26 0.0204483 -0.194849
8 416 0.122717 -0.193925
7 973 0.207484 -0.175
8 276 0.223269 -0.177833
7 55 0.24843 -0.162676
8 25 -0.38435 -0.168692
7 1013 -0.327501 -0.16114
8 1013 -0.367094 -0.1683
8 18 -0.355181 -0.168221
8 459 -0.2585 -0.165843
8 21 -0.235354 -0.164826
8 30 -0.225914 -0.164666
7 1014 0.176938 -0.159413
8 1014 0.157164 -0.162724
8 29 -0.180655 -0.163546
7 1015 -0.0647088 -0.156245
8 1015 -0.0907899 -0.161138
8 34 -0.0802042 -0.160932
7 1016 0.00785585 -0.154152
8 1016 -0.018141 -0.158896
8 596 0.0213781 -0.158176
7 604 0.0604046 -0.153985
7 44 0.0815684 -0.153845
7 1017 0.110063 -0.153122
8 1017 0.0858794 -0.156487
7 1018 0.13401 -0.153022
8 1018 0.108442 -0.156187
7 1019 0.146546 -0.152827
8 1019 0.1202 -0.156302
7 467 0.234549 -0.150678
7 1020 -0.0291643 -0.135897
8 1020 -0.0552401 -0.140743
7 66 0.236294 -0.133491
7 1021 -0.268886 -0.130004
8 1021 -0.300094 -0.135946
7 1022 -0.157848 -0.127554
8 1022 -0.188747 -0.132475
7 1023 0.252482 -0.126015
8 1023 0.231271 -0.129018
7 1024 0.106984 -0.123287
8 1024 0.0828466 -0.126632
7 1025 0.12144 -0.123327
8 1025 0.0980532 -0.12652
7 1026 0.13133 -0.122994
8 1026 0.105526 -0.126451
7 1027 0.138299 -0.122874
8 1027 0.113313 -0.126297
7 975 -0.0112245 -0.121608
8 285 -0.000605727 -0.123882
7 1028 0.232722 -0.10862
8 1028 0.213512 -0.112218
8 387 -0.272385 -0.108333
8 71 -0.000244119 -0.106092
7 53 -0.268787 -0.0979223
7 1029 0.188215 -0.0964325
8 1029 0.167677 -0.100023
8 567 -0.240108 -0.101532
8 100 0.23854 -0.0980534
7 1030 -0.210207 -0.091346
8 1030 -0.23259 -0.0977357
7 1031 0.25628 -0.0907588
8 1031 0.235055 -0.0943122
7 1032 0.249614 -0.0856137
8 1032 0.228819 -0.0894822
7 1033 -0.218931 -0.0822433
8 1033 -0.24167 -0.0880337
7 909 -0.196182 -0.0822956
7 69 -0.18857 -0.0765285
7 1034 0.218927 -0.0749113
8 1034 0.199162 -0.0787782
8 945 -0.261871 -0.0740656
8 949 0.18409 -0.0721816
8 479 0.27705 -0.0595955
8 877 -0.00638089 -0.0476223
7 112 -0.12339 -0.0367597
8 554 0.00807625 -0.0179381
8 959 -0.17446 -0.000746883
7 555 -0.0740117 0.0130562
7 1035 0.254456 0.0256089
8 1035 0.232444 0.0211334
7 884 -0.195045 0.0379417
7 358 0.206597 0.0373779
8 964 0.200474 0.0325258
7 1036 0.233375 0.0375996
8 1036 0.210345 0.0328715
7 885 0.243811 0.0385478
7 1037 0.267719 0.0385487
8 1037 0.244193 0.0337888
7 1038 0.280082 0.0394557
8 1038 0.257559 0.03476
7 1039 -0.249686 0.0402744
8 1039 -0.274446 0.0374243
7 1040 -0.243838 0.0488228
8 1040 -0.268822 0.0459414
8 307 -0.072993 0.0460293
7 1041 -0.248638 0.0503223
8 1041 -0.273908 0.0482781
8 740 -0.025444 0.0478615
7 1042 -0.243956 0.0564548
8 1042 -0.268256 0.0537843
7 580 -0.25242 0.064949
8 154 -0.23193 0.0637342
7 979 -0.232571 0.0680183
7 1043 0.0162798 0.0732742
8 1043 -0.00272525 0.0694956
7 980 -0.245024 0.0755439
7 1044 0.396304 0.0842754
8 1044 0.37216 0.0778096
7 1045 -0.253423 0.0851992
8 1045 -0.279736 0.0831336
8 966 -0.227887 0.0859865
7 1046 0.185238 0.0875689
8 1046 0.167017 0.0826195
7 903 -0.210526 0.0891687
8 397 -0.265783 0.0877668
7 168 -0.216084 0.090748
7 420 0.287907 0.093533
7 1047 0.310739 0.0940379
8 1047 0.287549 0.0878329
8 970 0.400241 0.0878964
8 599 -0.259503 0.096117
7 172 -0.215255 0.0976745
7 1048 0.441912 0.11411
8 1048 0.416509 0.107298
8 971 0.398819 0.117228
7 1049 0.421428 0.134506
8 1049 0.395339 0.126999
8 183 -0.29166 0.191612
7 982 -0.205925 0.192184
7 1050 -0.217767 0.192498
8 1050 -0.239377 0.192685
7 1051 0.237794 0.270666
8 1051 0.221177 0.26217
7 1052 -0.0562812 0.382197
8 1052 -0.0706157 0.380525
9 934 -0.0214507 -0.323482
7 1053 0.192478 -0.127571
9 1053 -0.0416882 -0.304241
9 291 -0.0217048 -0.300261
9 83 0.218537 -0.231792
9 103 -0.197617 -0.156175
9 131 -0.18418 -0.100441
9 484 -0.140001 0.084709
7 1054 0.320203 0.482049
9 1054 0.398871 -0.0556672
10 381 -0.0357697 -0.384881
7 1055 0.17863 -0.19122
10 1055 -0.036201 -0.377263
10 928 0.00451732 -0.361877
10 41 0.00884335 -0.360485
10 546 0.0212193 -0.351403
10 279 0.00648011 -0.347819
10 1014 -0.0306258 -0.339775
10 57 -0.0238538 -0.329904
10 939 -0.00357431 -0.319913
7 820 -0.234264 -0.128858
10 948 -0.00949727 -0.26519
7 1056 0.151429 -0.0738319
10 1056 -0.0885633 -0.227911
10 103 -0.18477 -0.16669
7 1057 -0.192846 -0.00405665
10 1057 -0.166237 0.0367617
11 925 0.0199184 -0.351289
11 279 0.0476492 -0.314124
11 525 0.0330292 -0.296318
11 1053 0.0196988 -0.275625
11 74 0.0551023 -0.277872
11 291 0.0378574 -0.269407
7 700 0.0163998 -0.113134
11 93 -0.138208 -0.165427
7 1058 0.161187 -0.0765528
11 1058 -0.028693 -0.213856
11 948 0.031352 -0.235604
11 1034 0.0185005 -0.231744
11 1038 0.0846613 -0.150327
11 166 -0.183034 0.10172
11 168 -0.198838 0.125462
11 172 -0.210428 0.136679
12 922 -0.147657 -0.493655
12 279 0.189196 -0.238875
12 40 -0.0263997 -0.199904
12 596 -0.00273988 -0.20534
12 933 0.180284 -0.225741
12 525 0.170659 -0.22354
12 411 -0.0348874 -0.188609
12 287 0.192183 -0.211384
12 1053 0.157213 -0.205038
12 1023 0.200966 -0.21409
12 79 0.257462 -0.21724
12 291 0.174608 -0.196834
7 1059 0.30544 -0.110112
12 1059 0.258481 -0.207799
12 947 0.245754 -0.202084
12 565 -0.170675 -0.0621269
12 97 0.129004 -0.165472
12 103 -0.0298188 -0.108794
12 133 0.0666861 -0.100799
7 1060 0.287949 -0.0266965
12 1060 0.210484 -0.136217
12 965 0.411402 -0.123159
7 1061 0.403456 0.0776774
12 1061 0.390528 -0.077497
7 493 0.187158 0.241771
13 412 0.117386 -0.237122
13 283 0.146145 -0.232434
13 934 0.129737 -0.225689
13 940 0.163401 -0.22536
13 287 0.139168 -0.218363
13 1023 0.154379 -0.218543
13 1059 0.20894 -0.211429
13 68 -0.0631657 -0.160115
13 946 0.183964 -0.206692
13 70 -0.0515755 -0.163051
13 97 0.0838604 -0.171966
13 107 0.133784 -0.179115
13 130 0.179295 -0.162543
13 357 0.361673 -0.126533
13 963 -0.165237 0.0424183
13 153 -0.131582 0.0288806
13 154 -0.182357 0.0736937
13 155 -0.189519 0.0881796
13 969 0.391347 -0.0860935
13 166 -0.155116 0.0851932
13 397 -0.213431 0.108096
7 1062 -0.237605 0.0900428
13 1062 -0.211898 0.108258
13 170 -0.151975 0.089941
13 420 0.220692 -0.0402597
13 970 0.361771 -0.0656023
13 186 0.383667 -0.0586334
7 1063 0.414251 0.125979
13 1063 0.345122 -0.0414891
14 922 -0.188005 -0.478151
14 270 0.104627 -0.294795
14 927 0.101419 -0.265234
14 279 0.118566 -0.237675
14 283 0.123498 -0.225764
14 1053 0.0907716 -0.204126
14 1023 0.135634 -0.212519
14 947 0.176 -0.200637
14 51 -0.2512 -0.0761688
14 388 -0.232254 -0.07373
14 97 0.0672498 -0.164703
7 1064 0.28079 0.0529554
14 1064 0.164877 -0.0630477
14 154 -0.214463 0.0863416
14 979 -0.225026 0.0970243
14 159 -0.24121 0.111461
14 170 -0.179406 0.103234
14 970 0.344943 -0.0619523
14 1063 0.330837 -0.0366997
7 189 0.209122 0.165834
14 573 -0.00980532 0.166485
14 195 0.176831 0.129181
7 432 0.00500259 0.276576
7 1065 0.132185 0.47166
14 1065 0.316537 0.292105
15 268 0.113407 -0.396784
15 1011 0.100172 -0.287925
15 1012 0.0840262 -0.280561
15 973 0.0759907 -0.252645
15 1014 0.0478184 -0.234337
15 932 0.136446 -0.238814
7 1066 0.125128 -0.153704
15 1066 -0.0167713 -0.23755
15 411 -0.116512 -0.212065
15 66 0.108179 -0.212861
15 289 0.148105 -0.210987
15 1053 0.0664151 -0.204475
15 1023 0.123385 -0.206827
15 938 -0.0524543 -0.202082
15 1024 -0.0292053 -0.203063
15 1028 0.106174 -0.187713
15 1029 0.0626282 -0.174493
15 100 0.133196 -0.175796
15 1030 -0.349488 -0.126779
7 1067 -0.245249 -0.0895205
15 1067 -0.390917 -0.121216
7 1068 -0.203032 -0.0867038
15 1068 -0.339706 -0.121838
15 111 0.141235 -0.169281
15 107 0.102369 -0.163784
15 1033 -0.359835 -0.115789
15 909 -0.332641 -0.118377
15 948 0.0975811 -0.155641
15 112 -0.257198 -0.086899
15 1057 -0.318837 -0.0363222
15 964 0.106486 -0.044258
15 1036 0.118265 -0.0451548
15 906 0.14044 -0.0464798
15 1038 0.158921 -0.0487443
15 150 -0.285256 0.00503866
15 1040 -0.367941 0.0275813
15 968 0.13729 -0.0343812
7 1069 0.269692 0.0517564
15 1069 0.152746 -0.0346605
15 1064 0.162174 -0.0353039
15 644 -0.326542 0.0283656
15 643 -0.345577 0.0351259
15 154 -0.326705 0.038631
15 484 -0.283326 0.034854
15 980 -0.365676 0.0540586
15 969 0.332434 -0.0212541
7 1070 -0.256784 0.0832053
15 1070 -0.381259 0.0623688
15 166 -0.306003 0.0550478
15 1045 -0.374006 0.0654512
15 170 -0.301545 0.0608263
15 967 -0.347906 0.0685771
15 1047 0.194768 0.00220156
15 1048 0.315166 0.0123276
7 1071 0.406722 0.114998
15 1071 0.283664 0.0141011
16 260 -0.23074 -0.377663
16 1011 0.110086 -0.275211
16 416 0.0464357 -0.269997
16 973 0.0846378 -0.243557
16 44 -0.0229139 -0.229355
16 1017 0.00823759 -0.229468
16 935 -0.0650106 -0.194852
16 1023 0.131133 -0.194679
16 700 -0.0990888 -0.176859
16 71 -0.0938035 -0.164764
16 388 -0.361362 -0.147689
7 864 -0.212859 -0.0929532
16 1031 0.136131 -0.159927
16 107 0.110067 -0.152833
16 909 -0.329916 -0.131188
16 1058 0.0486757 -0.144343
16 1034 0.103878 -0.143919
16 1056 0.0392356 -0.14091
16 413 0.0641182 -0.121721
16 1060 0.178387 -0.100065
16 905 -0.0707208 -0.0811524
16 554 -0.0767836 -0.0772712
16 960 -0.0813013 -0.0756473
16 355 -0.0857988 -0.0744889
16 1057 -0.315682 -0.0535053
7 1072 -0.216318 0.0145745
16 1072 -0.341982 -0.0316423
7 581 0.25758 0.0182209
16 1035 0.141962 -0.0461192
16 135 -0.355301 -0.00690688
16 358 0.0990194 -0.0321553
7 1073 0.0414885 0.0529719
16 1073 -0.066097 -0.00793868
7 1074 0.311344 0.0565932
16 1074 -0.268927 0.0948869
16 580 -0.375137 0.0218729
16 1044 0.262011 0.00894984
16 903 -0.327597 0.0445359
16 1049 0.285344 0.0552692
16 1050 -0.33289 0.152234
16 817 0.21017 0.128059
16 194 -0.0192833 0.173874
16 195 0.00211204 0.173605
16 1051 0.116217 0.195242
17 251 0.211411 -0.474465
7 1075 0.411141 -0.430207
17 1075 0.326991 -0.464783
17 595 0.206223 -0.459021
17 816 0.181367 -0.458949
7 1076 0.40494 -0.421015
17 1076 0.320809 -0.455922
17 1009 -0.066172 -0.452794
17 255 -0.0512431 -0.452901
17 254 -0.0270545 -0.452235
17 5 0.300912 -0.336224
7 1077 0.244881 -0.298816
17 1077 0.165863 -0.337026
17 880 0.18138 -0.336832
17 4 -0.0660019 -0.340685
17 45 0.282585 -0.230572
7 1078 0.404945 -0.193611
17 1078 0.326187 -0.230373
17 973 0.101087 -0.208676
17 25 -0.421185 -0.207805
17 412 0.0851431 -0.192462
17 72 0.373793 -0.187354
17 1053 0.0898643 -0.163465
7 1079 -0.229554 -0.100147
17 1079 -0.334515 -0.139454
17 567 -0.323014 -0.134848
17 864 -0.319289 -0.132599
17 1031 0.149901 -0.126416
17 1034 0.120609 -0.112187
17 951 0.0387111 -0.0905424
7 114 -0.121645 -0.0367836
17 554 -0.0579184 -0.0535339
17 960 -0.0610294 -0.052711
17 355 -0.0633213 -0.0524004
17 962 -0.2734 -0.00351928
17 963 -0.265273 0.00502967
17 1073 -0.0498327 0.0115244
17 647 -0.186792 0.0723697
17 183 -0.38348 0.147205
17 316 0.381269 0.195103
9 41 -0.0159049 -0.359367
9 91 -0.0121848 -0.292513
8 1080 0.129008 -0.0754154
9 1080 -0.107738 -0.22328
9 642 -0.118048 -0.217359
9 1035 -0.00721486 -0.198492
9 580 -0.240688 0.106923
8 1081 0.384766 0.143525
9 1081 0.206653 -0.182552
10 933 0.00266986 -0.332505
10 525 -0.00968544 -0.32727
10 79 0.0712754 -0.336383
10 100 0.0383783 -0.299557
8 948 0.200142 -0.078991
8 821 0.405151 0.0193141
11 928 0.0456393 -0.328481
11 546 0.0634819 -0.317303
11 939 0.0368309 -0.288088
11 289 0.0936035 -0.301896
11 122 0.00657467 -0.214809
8 1082 0.240918 0.0462921
11 1082 0.10519 -0.144626
11 643 -0.202399 0.0883677
11 310 0.283899 -0.199503
11 159 -0.220055 0.11838
11 1047 0.162401 -0.128706
11 970 0.288827 -0.169367
11 599 -0.248816 0.136616
8 1083 0.373734 0.106724
11 1083 0.248279 -0.145363
11 971 0.280582 -0.146888
11 190 0.280081 -0.132413
12 1016 -0.0517832 -0.193514
12 596 -0.0135053 -0.202713
8 1084 0.165795 -0.140688
12 1084 0.136526 -0.213757
12 1028 0.196769 -0.194999
8 1085 -0.270054 -0.0962981
12 1085 -0.146336 -0.0439365
8 943 -0.263246 -0.0917631
12 948 0.168136 -0.164372
12 122 0.140595 -0.147557
12 161 -0.134082 0.129113
12 181 0.41047 -0.0628358
12 420 0.273456 -0.0354951
12 1047 0.286524 -0.0401696
12 970 0.420307 -0.062003
12 1083 0.375388 -0.043861
12 1048 0.426668 -0.0524548
12 971 0.410527 -0.0404667
12 362 0.402643 -0.0342404
8 1086 0.229183 0.172487
12 1086 0.309023 0.0466112
13 1014 0.105402 -0.235326
13 1028 0.148033 -0.200651
13 1029 0.0948505 -0.183947
13 1085 -0.209146 -0.0723226
8 107 0.199631 -0.089995
13 69 -0.16407 -0.0755947
8 1087 0.176468 -0.0823321
13 1087 0.105044 -0.169229
13 93 -0.0475158 -0.136169
8 1088 0.243948 -0.0580293
13 1088 0.161472 -0.161112
8 1089 0.138528 -0.0536497
13 1089 0.0755375 -0.137456
8 298 0.083574 -0.051031
8 1090 0.255594 -0.0476863
13 1090 0.170774 -0.154786
13 175 0.370397 -0.126711
13 981 0.0427779 -0.0223797
13 1083 0.320102 -0.0476783
13 1048 0.364251 -0.0548197
8 1091 0.307252 0.123437
13 1091 0.271939 -0.0213107
13 362 0.346295 -0.0377119
13 1081 0.338374 -0.022104
8 192 0.423069 0.15317
13 1086 0.247926 0.0374189
13 573 0.0178484 0.154458
8 1092 0.350197 0.442818
13 1092 0.440766 0.203577
8 1093 0.147904 0.465657
13 1093 0.341518 0.277884
8 1094 0.453831 -0.414579
14 1094 0.435947 -0.451648
14 934 0.107507 -0.218674
8 1095 -0.0175069 -0.145717
14 1095 -0.112381 -0.18163
14 1028 0.127926 -0.194641
14 567 -0.223861 -0.0714946
14 1029 0.0785088 -0.176089
14 1030 -0.216715 -0.0692987
8 1096 -0.223632 -0.0917966
14 1096 -0.208423 -0.0668154
14 1087 0.0894501 -0.16175
14 977 0.0717637 -0.155429
14 1088 0.147799 -0.154517
14 1089 0.0599136 -0.128818
14 954 0.120964 -0.145604
14 1090 0.156285 -0.148312
14 957 -0.227177 0.0397758
8 1097 0.219255 0.00771139
14 1097 0.129932 -0.093018
14 963 -0.1903 0.0559467
14 600 0.0491555 -0.0200578
14 166 -0.18285 0.0984461
14 420 0.209927 -0.0345481
14 1083 0.306931 -0.0428563
14 1048 0.349292 -0.0505217
14 186 0.364823 -0.0528817
14 1081 0.326893 -0.0158082
15 594 -0.121025 -0.517058
15 1007 -0.00383114 -0.521401
15 816 0.0968015 -0.524549
15 1008 -0.172566 -0.508377
15 1009 -0.161426 -0.509101
15 602 -0.110153 -0.508901
15 3 -0.230633 -0.382337
15 265 -0.112502 -0.387027
15 26 -0.100894 -0.272198
15 927 0.0826342 -0.270999
8 1098 0.327236 -0.192771
15 1098 0.205582 -0.292686
15 1016 -0.136641 -0.230634
8 834 0.318643 -0.151652
15 47 -0.125244 -0.209378
15 1084 0.0578528 -0.213379
15 1022 -0.313092 -0.186613
15 293 0.114601 -0.191593
8 1099 -0.00855153 -0.11086
15 1099 -0.11566 -0.171274
15 387 -0.388446 -0.137181
15 71 -0.106194 -0.166381
8 1100 0.015246 -0.101434
15 1100 -0.0902229 -0.163341
15 1032 0.12512 -0.166255
15 296 0.149533 -0.167019
15 948 0.0963228 -0.155083
8 977 0.164485 -0.0766134
15 122 0.0711791 -0.140492
15 115 -0.106089 -0.116491
15 877 -0.106682 -0.107243
15 1090 0.152698 -0.129868
15 358 0.0984114 -0.0439077
15 964 0.108246 -0.0448023
15 885 0.130266 -0.045903
15 906 0.132947 -0.0459892
15 906 0.141746 -0.0466133
15 1037 0.150018 -0.0481301
8 1101 0.238656 0.0458701
15 1101 0.144212 -0.0351758
15 740 -0.112249 -0.00447658
15 1043 -0.0864076 0.0160099
15 163 -0.331125 0.0564614
8 1071 0.381886 0.107389
15 192 0.323644 0.0539289
15 365 0.17666 0.171562
15 205 0.188525 0.19775
8 320 0.299407 0.44036
16 285 -0.0969781 -0.180562
8 700 -0.00515766 -0.115458
16 1099 -0.103075 -0.169576
16 1100 -0.0781066 -0.160831
16 1085 -0.387548 -0.136046
16 943 -0.381708 -0.131646
16 1088 0.150649 -0.125398
16 1090 0.162182 -0.115806
16 957 -0.376407 -0.0368384
16 885 0.133117 -0.0332112
16 1037 0.154398 -0.034339
8 754 0.199075 0.0433096
16 981 -0.0421016 -0.0081716
16 1043 -0.0827444 0.013802
8 1102 0.373202 0.0753585
16 1102 0.263909 0.00550759
8 1103 -0.284149 0.0806067
16 1103 -0.379898 0.0398155
8 1104 -0.27691 0.0847281
16 1104 -0.372982 0.043425
16 1048 0.301235 0.0362486
16 1091 0.207801 0.0540608
16 1086 0.129154 0.106812
8 1105 0.413197 0.180894
16 1105 0.303464 0.105431
16 493 0.104934 0.170133
16 209 0.290508 0.184203
17 381 0.0994248 -0.241452
8 48 -0.0067809 -0.147863
17 935 -0.0393676 -0.166092
8 388 -0.2492 -0.105276
17 976 -0.313936 -0.129445
17 909 -0.302082 -0.121491
17 977 0.0893387 -0.110762
17 1080 0.0570961 -0.109952
17 1089 0.0656133 -0.0881694
8 1106 -0.261726 -0.00188198
17 1106 -0.34525 -0.0376554
17 1097 0.14675 -0.0284386
17 821 0.291497 -0.0153358
17 906 0.155435 -0.00249466
17 1037 0.172216 -0.00281546
17 884 -0.287966 -0.00331194
17 153 -0.233223 0.00732917
8 878 0.224222 0.0448488
17 606 0.31209 0.0341124
17 1104 -0.348008 0.0455691
17 420 0.174136 0.0492971
17 970 0.28185 0.0507622
8 171 -0.217933 0.09002
17 1048 0.298341 0.0693598
8 1107 0.395509 0.111422
17 1107 0.281935 0.0730379
17 1091 0.197095 0.0838126
17 1049 0.282875 0.087559
17 198 0.0465488 0.188903
17 493 0.0973941 0.190443
17 199 0.135989 0.201324
9 16 -0.120677 -0.436381
9 1108 -0.183393 -0.405753
10 1108 -0.140015 -0.410079
9 381 -0.0599662 -0.381425
9 1109 -0.041534 -0.360423
10 1109 -0.0171269 -0.362655
9 1110 -0.0323109 -0.357298
10 1110 -0.00971837 -0.359668
9 1111 -0.00551499 -0.35728
10 1111 0.0185546 -0.358445
9 1112 -0.02748 -0.354132
10 1112 -0.00471325 -0.355925
9 275 -0.0521393 -0.352405
9 546 -0.0023906 -0.350516
10 865 -0.0250227 -0.349453
9 279 -0.0164402 -0.346556
9 277 -0.0499516 -0.343495
9 1113 -0.0370393 -0.34318
10 1113 -0.0151801 -0.345301
9 1114 0.0317287 -0.343149
10 1114 0.0570203 -0.340832
9 1115 0.0406094 -0.340033
10 1115 0.0659723 -0.337535
9 1116 -0.11499 -0.338275
10 1116 -0.0784455 -0.340865
10 551 0.0502969 -0.337277
9 79 0.0452516 -0.337897
9 1014 -0.0520862 -0.336464
9 1117 -0.0421746 -0.333901
10 1117 -0.0205413 -0.336477
9 1118 -0.0067087 -0.332373
10 1118 0.0157607 -0.333855
9 1119 0.00621565 -0.330332
10 1119 0.0306962 -0.330543
9 1120 0.018937 -0.330761
10 1120 0.0439356 -0.330226
9 640 0.0470657 -0.328542
9 57 -0.0457842 -0.327658
9 1121 0.0284451 -0.327254
10 1121 0.053463 -0.326303
9 1122 -0.0542163 -0.324911
10 1122 -0.0322344 -0.328371
9 1123 -0.0328365 -0.3246
10 1123 -0.0107099 -0.327052
9 1124 0.0162119 -0.325534
10 1124 0.0406765 -0.324799
9 1125 -0.0667932 -0.323521
10 1125 -0.0433734 -0.326917
9 1126 0.0121413 -0.321653
10 1126 0.0371729 -0.321803
9 353 0.0374445 -0.32027
9 939 -0.0271185 -0.317587
10 74 0.0115132 -0.319029
9 1127 0.00329284 -0.315452
10 1127 0.0272631 -0.316219
9 1128 -0.0688266 -0.314753
10 1128 -0.0455997 -0.317846
9 74 -0.014557 -0.311903
9 1129 -0.0673167 -0.307698
10 1129 -0.044536 -0.310766
9 1130 -0.0577469 -0.304625
10 1130 -0.0350215 -0.307208
10 1053 -0.0193455 -0.306422
9 1131 0.0153413 -0.301897
10 1131 0.0388551 -0.300572
10 291 -0.000324804 -0.301449
9 1132 -0.0181079 -0.299863
10 1132 0.00457743 -0.300897
9 469 0.00043224 -0.284478
10 610 0.268414 -0.273977
9 984 -0.00980654 -0.283182
9 1133 0.24922 -0.277388
10 1133 0.276951 -0.265312
9 111 0.00395134 -0.273326
9 1134 -0.0566514 -0.27112
10 1134 -0.0332257 -0.2736
9 1135 -0.0666785 -0.267038
10 1135 -0.0451799 -0.270129
9 1136 0.0030732 -0.266678
10 1136 0.0268694 -0.26607
9 948 -0.0324488 -0.263513
9 1137 0.0105775 -0.262824
10 1137 0.0343792 -0.26149
9 473 -0.0420462 -0.259678
10 819 -0.00202911 -0.258012
9 1138 0.00667493 -0.255095
10 1138 0.0315285 -0.254211
9 306 -0.0330105 -0.250766
10 145 0.0201174 -0.249258
9 1139 -0.046741 -0.245726
10 1139 -0.0249118 -0.24701
10 148 0.0290194 -0.245403
9 418 -0.216417 -0.242511
9 1140 -0.20344 -0.240165
10 1140 -0.188534 -0.250477
10 567 -0.176876 -0.247223
9 1141 -0.0860077 -0.236589
10 1141 -0.0658099 -0.240361
9 1142 0.224403 -0.230553
10 1142 0.248315 -0.219747
9 1143 -0.0917153 -0.227835
10 1143 -0.071824 -0.2314
10 84 0.264125 -0.215003
9 1144 0.167048 -0.225725
10 1144 0.194888 -0.216149
9 1145 -0.104369 -0.223155
10 1145 -0.0837108 -0.227211
9 1146 0.182482 -0.219096
10 1146 0.207256 -0.210182
10 185 0.242513 -0.207179
9 1147 0.223475 -0.210268
10 1147 0.247261 -0.198961
9 1148 0.191998 -0.207143
10 1148 0.217484 -0.197651
9 1149 -0.184875 -0.20614
10 1149 -0.170086 -0.215356
9 1150 0.185248 -0.202179
10 1150 0.208427 -0.192155
9 985 -0.102116 -0.200508
9 1151 -0.219005 -0.198841
10 1151 -0.205013 -0.209632
9 1152 -0.22673 -0.197462
10 1152 -0.212519 -0.208878
9 1153 0.217127 -0.194469
10 1153 0.240382 -0.182534
9 1154 -0.124585 -0.193473
10 1154 -0.105219 -0.199069
9 1155 0.235778 -0.192062
10 1155 0.259685 -0.179147
9 1156 -0.117991 -0.189007
10 1156 -0.0986053 -0.193794
10 1081 0.229128 -0.171868
9 1157 -0.23147 -0.173245
10 1157 -0.217227 -0.18476
9 1158 -0.118064 -0.172933
10 1158 -0.0988347 -0.177888
10 81 -0.204248 -0.178508
9 362 -0.209387 -0.148095
9 1159 -0.207378 -0.137579
10 1159 -0.191715 -0.147313
9 1160 -0.1633 -0.111009
10 1160 -0.150082 -0.119847
9 1161 -0.165518 -0.108124
10 1161 -0.153119 -0.116999
10 414 -0.160405 -0.112427
9 1162 -0.194381 -0.0826432
10 1162 -0.195265 -0.0946332
9 1163 -0.242778 -0.076098
10 1163 -0.251565 -0.0914766
9 1164 -0.208022 -0.0629108
10 1164 -0.217478 -0.0775079
9 1165 -0.159297 -0.0635301
10 1165 -0.171209 -0.0754519
9 1166 -0.103051 -0.0405711
10 1166 -0.098196 -0.0462774
10 598 -0.197144 0.0461322
9 482 -0.232285 0.0790713
9 1167 -0.164442 0.0886664
10 1167 -0.177035 0.0777916
9 1168 -0.195046 0.0896917
10 1168 -0.209043 0.07678
9 1169 -0.185612 0.090258
10 1169 -0.198868 0.077836
9 1170 -0.212953 0.100516
10 1170 -0.225502 0.08662
10 580 -0.252684 0.0914891
9 1171 -0.200842 0.108218
10 1171 -0.214082 0.0951824
9 1172 -0.208146 0.113245
10 1172 -0.221837 0.099808
9 1173 -0.173364 0.11501
10 1173 -0.186063 0.103253
9 1174 -0.170242 0.122797
10 1174 -0.183722 0.111441
9 1175 -0.229059 0.128176
10 1175 -0.243231 0.113513
9 1176 -0.185758 0.128497
10 1176 -0.197374 0.115652
9 1177 -0.187929 0.129166
10 1177 -0.199705 0.116223
9 170 -0.16784 0.129405
9 1178 -0.1926 0.130339
10 1178 -0.207221 0.117758
10 168 -0.222087 0.118507
9 1179 -0.19835 0.131324
10 1179 -0.210385 0.118334
9 1180 -0.252522 0.132896
10 1180 -0.265669 0.116228
11 381 0.00778012 -0.353904
11 41 0.050757 -0.32716
11 1110 0.0301879 -0.327236
11 275 0.0163724 -0.323657
11 1113 0.0237054 -0.313541
11 1117 0.0186619 -0.30541
11 73 0.0416354 -0.299758
11 1121 0.0960598 -0.290714
9 525 -0.0306357 -0.325184
11 1123 0.0256808 -0.295455
11 1124 0.0833052 -0.289933
11 1125 -0.000964536 -0.297405
11 74 0.0524948 -0.286319
11 1128 -0.00410332 -0.289022
11 74 0.0474038 -0.279631
11 1129 -0.00476969 -0.281948
11 1130 0.00338113 -0.278229
9 1181 -0.0112184 -0.304584
11 1181 0.0502208 -0.27241
11 86 -0.0074003 -0.275893
11 100 0.0311108 -0.262022
9 1182 -0.0440003 -0.290368
11 1182 0.017905 -0.262859
9 1183 -0.0322669 -0.287214
11 1183 0.0253635 -0.257448
11 469 0.0606694 -0.250997
11 470 0.0524952 -0.247121
11 111 0.0707849 -0.239691
11 111 0.0686773 -0.239327
9 1184 0.0166172 -0.272672
11 1184 0.0845727 -0.236929
11 1134 0.00724992 -0.244703
11 1135 -0.00592304 -0.241439
11 1136 0.0694432 -0.233207
11 1137 0.0774035 -0.228165
11 178 0.298239 -0.200573
9 1185 -0.0874631 -0.261433
11 1185 -0.0225438 -0.239564
11 819 0.0419365 -0.227222
11 1138 0.0746969 -0.221136
11 121 -0.0143909 -0.229449
11 306 0.0324858 -0.221953
11 148 0.0719843 -0.212554
9 122 -0.0529589 -0.241269
11 84 0.305787 -0.163201
11 1149 -0.140384 -0.196517
9 1186 0.211768 -0.201264
11 1186 0.274404 -0.141066
11 1151 -0.175863 -0.19349
11 1035 0.0536442 -0.166965
11 298 -0.0985542 -0.170281
11 1158 -0.0635413 -0.155701
9 1187 0.224147 -0.164307
11 1187 0.288554 -0.102465
11 1163 -0.263047 -0.0785683
9 1188 -0.249656 -0.0740249
11 1188 -0.268808 -0.0776268
9 1189 -0.256574 -0.0716626
11 1189 -0.277437 -0.0754104
11 176 -0.218276 -0.0606919
9 1190 -0.275035 0.010136
11 1190 -0.308273 0.000711692
9 1191 -0.163897 0.0719523
11 1191 -0.195577 0.0779179
9 643 -0.166711 0.0823263
11 1168 -0.226194 0.0910098
11 1169 -0.216365 0.0930204
9 1192 -0.169881 0.0989444
11 1192 -0.200069 0.103766
11 1170 -0.241561 0.0985654
11 155 -0.249747 0.104364
11 1171 -0.231172 0.107888
9 1193 -0.194395 0.111963
11 1193 -0.228488 0.113032
9 1194 -0.179534 0.111429
11 1194 -0.21138 0.115114
11 1172 -0.240487 0.112595
9 1195 -0.212863 0.115068
11 1195 -0.244413 0.113439
9 1196 -0.196701 0.130997
11 1196 -0.224822 0.131579
11 1179 -0.228267 0.131718
11 172 -0.219013 0.138683
12 1111 0.203347 -0.248376
12 546 0.205248 -0.240083
12 1114 0.243467 -0.224374
12 551 0.236255 -0.221652
12 1119 0.217967 -0.218393
12 1121 0.236468 -0.210428
12 1124 0.224348 -0.210886
12 939 0.176285 -0.214952
12 293 0.193068 -0.202947
12 1130 0.142992 -0.209055
12 1131 0.218379 -0.188966
12 1132 0.182698 -0.195125
12 357 0.420901 -0.124189
12 111 0.208929 -0.16329
12 1134 0.14712 -0.175902
12 1136 0.206358 -0.156817
12 1137 0.215406 -0.150723
12 473 0.149573 -0.163319
12 819 0.182626 -0.154006
12 1138 0.212825 -0.14434
12 121 0.122579 -0.164569
12 145 0.199594 -0.141987
12 1141 0.104981 -0.151498
12 1143 0.0965738 -0.144641
12 1145 0.088336 -0.143147
9 1197 -0.0688364 -0.218807
12 1197 0.120487 -0.129949
12 67 -0.0241188 -0.153989
12 1150 0.378533 -0.0428506
9 191 0.205135 -0.196089
12 771 0.378367 -0.0282351
9 617 0.242395 -0.0849008
12 150 -0.0872956 0.106491
12 170 -0.128653 0.144013
9 1198 -0.0326287 -0.397871
13 1198 0.136153 -0.296326
13 1111 0.15469 -0.253203
13 546 0.155932 -0.245144
9 412 -0.0315652 -0.332049
13 1121 0.187524 -0.214742
13 939 0.128812 -0.220349
13 1130 0.0975971 -0.215478
13 1053 0.110647 -0.21129
13 1132 0.135966 -0.200605
13 174 0.368662 -0.12671
13 178 0.372564 -0.0976729
13 121 0.0789993 -0.170975
13 145 0.156421 -0.145595
13 1141 0.0607633 -0.158766
13 83 0.354191 -0.0693099
13 1080 0.0454966 -0.150863
13 362 0.337926 -0.0424761
13 1150 0.322803 -0.0462952
13 985 0.0419743 -0.128946
13 1151 -0.085928 -0.164601
13 191 0.339098 -0.0343841
13 771 0.323769 -0.0310957
13 71 -0.0838745 -0.152666
9 1199 -0.262941 -0.0690723
13 1199 -0.235858 -0.088357
13 598 -0.203772 0.0446927
13 327 0.161509 0.228693
13 1171 -0.216941 0.0861415
14 1198 0.114367 -0.28907
9 1200 0.264309 -0.387588
14 1200 0.389451 -0.218574
14 983 0.104767 -0.272206
14 546 0.134083 -0.238779
14 1121 0.16827 -0.208989
14 293 0.124878 -0.201905
14 291 0.107439 -0.196371
14 121 0.0620333 -0.163552
14 1141 0.0451285 -0.1506
14 84 0.366476 -0.0535343
14 1080 0.0302796 -0.142488
14 362 0.323613 -0.0378613
14 985 0.0276151 -0.120482
14 1151 -0.106455 -0.153943
14 191 0.324782 -0.0296409
9 1201 -0.237016 -0.176758
14 1201 -0.117808 -0.13787
14 1164 -0.2498 -0.059567
14 598 -0.235324 0.0588256
9 161 -0.17829 0.11126
14 168 -0.241753 0.123211
15 41 0.109656 -0.245921
9 289 -0.00111958 -0.34004
15 1137 0.166223 -0.127691
15 145 0.150419 -0.122781
15 131 -0.101589 -0.0740725
16 1053 0.0744219 -0.194943
16 529 -0.0704948 -0.162278
16 1154 0.0264597 -0.113194
11 270 0.0301542 -0.371774
10 1202 -0.0161803 -0.370408
11 1202 0.0262187 -0.339174
11 1112 0.0357293 -0.32263
11 1116 -0.0110627 -0.315409
11 1115 0.109783 -0.300744
10 1203 -0.00976811 -0.335592
11 1203 0.0295454 -0.303545
10 1204 -0.0408515 -0.333377
11 1204 0.00112938 -0.303623
11 1119 0.0744067 -0.296599
10 107 0.012823 -0.301049
10 291 -0.00173612 -0.30072
10 1183 -0.0120493 -0.288282
11 109 0.0208 -0.254319
11 175 0.298412 -0.229665
11 359 0.27685 -0.227266
10 1205 -0.039743 -0.274688
11 1205 -0.000745445 -0.245943
11 354 -0.00853343 -0.231243
10 1206 0.0305641 -0.25379
11 1206 0.0738117 -0.220884
10 1207 0.00437475 -0.252314
11 1207 0.0480528 -0.220784
10 1208 -0.032554 -0.242528
11 1208 0.00526714 -0.213843
10 613 -0.200596 -0.235024
11 912 0.11205 -0.19785
11 1143 -0.0358342 -0.205487
11 1145 -0.0467729 -0.202207
10 1209 -0.0980759 -0.22102
11 1209 -0.0597241 -0.197226
10 1210 -0.0481883 -0.220627
11 1210 -0.0115263 -0.193114
10 1211 -0.162714 -0.218564
11 1211 -0.132455 -0.199422
10 970 0.242131 -0.219575
11 1144 0.242338 -0.170665
11 1146 0.252919 -0.164437
11 1152 -0.183019 -0.194519
10 1212 -0.172792 -0.206579
11 1212 -0.143531 -0.188733
11 985 -0.0468435 -0.179936
10 1213 -0.413442 -0.199375
11 1213 -0.359708 -0.20058
11 1148 0.259067 -0.150609
11 1156 -0.0625346 -0.170771
11 647 0.090743 -0.153674
10 191 0.227445 -0.184828
10 1047 0.126379 -0.16934
10 1214 0.247547 -0.151887
11 1214 0.287608 -0.101545
10 1215 0.237567 -0.148162
11 1215 0.281629 -0.0989734
11 780 0.0082563 -0.0788078
10 1163 -0.2544 -0.0907792
10 1188 -0.259609 -0.0894293
10 1189 -0.267767 -0.0869701
11 1164 -0.233079 -0.0617407
10 176 -0.20488 -0.0768274
10 1216 -0.0754462 -0.06301
11 1216 -0.0621866 -0.0381049
10 615 -0.119624 -0.0307883
11 1057 -0.174177 0.0536168
10 1217 -0.186323 0.0516821
11 1217 -0.20236 0.0678585
10 1191 -0.177669 0.0612082
10 643 -0.181628 0.0714838
11 149 -0.167393 0.0907964
11 1167 -0.194048 0.0936454
10 166 -0.166441 0.0839353
10 1192 -0.182844 0.087994
10 155 -0.232922 0.0936227
10 1193 -0.208486 0.0997343
10 1194 -0.192813 0.0999658
10 1195 -0.226894 0.101731
11 1173 -0.202464 0.11808
11 1180 -0.283244 0.123569
10 1218 -0.202619 0.116944
11 1218 -0.218574 0.130607
12 41 0.193424 -0.251757
12 271 0.208907 -0.243731
12 1117 0.157928 -0.234261
12 1118 0.194846 -0.225767
10 1219 0.0856552 -0.302225
12 1219 0.305821 -0.178119
12 107 0.190672 -0.193962
12 1183 0.160752 -0.187492
12 357 0.427511 -0.124785
12 1205 0.138808 -0.178045
12 418 -0.0225282 -0.188537
12 613 -0.0359308 -0.173115
12 912 0.250972 -0.115647
12 1209 0.0760317 -0.138909
12 83 0.412193 -0.0656967
12 1149 -0.00685008 -0.151196
12 985 0.0846561 -0.121067
12 1148 0.388589 -0.0474377
12 1156 0.0691496 -0.114452
10 362 0.234974 -0.189673
12 298 0.0353886 -0.1175
12 1155 0.431498 -0.017142
12 1081 0.395565 -0.017471
12 1216 0.0369299 0.00990334
12 1166 0.00874509 0.0193894
10 1220 -0.201092 0.103381
12 1220 -0.147586 0.124494
13 41 0.144476 -0.256918
13 551 0.187938 -0.225437
13 1119 0.171252 -0.222118
13 1124 0.176446 -0.215085
13 74 0.144574 -0.216246
13 107 0.143234 -0.199453
13 100 0.118559 -0.197598
13 1134 0.102593 -0.182274
13 306 0.134267 -0.154868
13 1143 0.0524942 -0.15281
13 581 0.141824 -0.0996822
13 1148 0.333103 -0.0503153
13 1155 0.374112 -0.0204012
13 1081 0.34059 -0.0205259
13 1215 0.348517 0.00622099
13 1216 -0.0144624 -0.0046966
13 1166 -0.0433718 0.00316155
14 551 0.168268 -0.219691
14 1124 0.156727 -0.209023
14 1130 0.0775155 -0.207714
14 1206 0.155573 -0.14204
14 387 -0.0931969 -0.188771
10 1221 -0.222644 -0.246055
14 1221 -0.103869 -0.186629
14 912 0.200357 -0.111963
14 1143 0.0369627 -0.14433
14 83 0.337582 -0.065467
14 1148 0.319268 -0.0456089
14 1156 0.0152404 -0.113283
14 1150 0.311644 -0.0415785
10 1201 -0.224215 -0.189836
14 298 -0.0126912 -0.117204
14 1155 0.360706 -0.0157952
10 1222 -0.208044 -0.13233
14 1222 0.294738 -0.0202429
14 1188 -0.264721 -0.0762194
14 1166 -0.0614418 0.0131471
10 1223 -0.173677 -0.0103169
14 1223 -0.230946 0.00728795
14 1169 -0.228752 0.0854878
14 1173 -0.218777 0.112493
15 546 0.108113 -0.237944
15 86 0.0564648 -0.210885
16 86 0.0650256 -0.200668
17 1147 0.303232 0.103235
11 1224 -0.152245 -0.472267
12 1224 0.05111 -0.402654
11 38 0.175371 -0.469369
11 1225 0.122693 -0.450589
12 1225 0.331386 -0.359649
12 612 0.269385 -0.346939
11 725 -0.157844 -0.353784
11 1226 -0.231892 -0.328596
12 1226 -0.0429086 -0.278383
12 1110 0.172892 -0.252802
11 1227 -0.237865 -0.326174
12 1227 -0.0507189 -0.276643
12 1112 0.177819 -0.247567
12 275 0.162469 -0.24462
12 1204 0.14556 -0.232889
12 1182 0.153973 -0.193215
12 109 0.155653 -0.184772
12 469 0.19761 -0.175847
11 1228 -0.392217 -0.223387
12 1228 -0.207919 -0.201733
11 1229 -0.134113 -0.221848
12 1229 0.00372362 -0.171985
12 1211 -0.000148575 -0.151854
12 1151 -0.0411459 -0.153097
11 1230 -0.0335323 -0.174807
12 1230 0.0988359 -0.114177
12 1144 0.383048 -0.0692033
12 1082 0.230267 -0.0654288
11 362 0.274348 -0.139883
11 771 0.250155 -0.131012
11 1155 0.300885 -0.12728
11 1081 0.268434 -0.122592
12 427 0.396893 -0.0160299
11 1231 -0.233629 -0.0808754
12 1231 -0.138327 -0.0603903
11 1232 -0.254753 -0.0795732
12 1232 -0.159973 -0.0627412
11 1233 -0.248626 -0.0798806
12 1233 -0.153509 -0.0619389
11 1234 -0.161941 -0.0799205
12 1234 -0.0457083 -0.0439791
12 1189 -0.178302 -0.0616645
11 1235 -0.186602 -0.0632876
12 1235 -0.104366 -0.0383422
11 943 -0.218979 -0.0606649
12 615 -0.0193487 0.0289307
11 1236 -0.191323 0.025699
12 1236 -0.114564 0.0454798
12 1057 -0.095241 0.075971
11 1237 -0.234552 0.0606477
12 1237 -0.161532 0.0704814
11 1238 -0.263854 0.0620493
12 1238 -0.176308 0.0688402
11 1239 -0.216282 0.0629211
12 1239 -0.144318 0.0754877
12 482 -0.170389 0.0817124
12 643 -0.13586 0.101896
12 149 -0.0970378 0.112026
12 1167 -0.125243 0.108455
12 658 -0.0940493 0.116274
11 979 -0.206503 0.0994647
12 166 -0.115032 0.118415
12 1192 -0.131034 0.117477
12 1171 -0.159564 0.115406
12 1193 -0.159527 0.121124
12 167 -0.166754 0.136797
13 1225 0.310423 -0.351051
11 1111 0.0601125 -0.32506
13 1117 0.109419 -0.240799
11 1014 0.0119115 -0.299199
11 1124 0.082076 -0.288955
13 1129 0.0913733 -0.219755
13 695 0.00960881 -0.218608
11 1240 0.0233229 -0.256019
13 1240 0.110688 -0.19312
13 469 0.151099 -0.181137
11 1241 -0.023114 -0.239319
13 1241 0.0726461 -0.180868
13 308 0.385386 -0.1249
13 1206 0.169506 -0.148522
13 1209 0.0347439 -0.14602
11 969 0.315169 -0.191728
13 181 0.334333 -0.0811214
11 93 -0.134074 -0.170983
13 1158 0.0248912 -0.108573
11 1242 0.361583 -0.127795
13 1242 0.448904 -0.0056066
13 1232 -0.217092 -0.0890848
11 1243 -0.221756 -0.0798495
13 1243 -0.195228 -0.0858512
13 1234 -0.0886974 -0.0585194
11 1244 -0.21724 -0.0790914
13 1244 -0.187795 -0.083717
11 1245 -0.211095 -0.0784241
13 1245 -0.182033 -0.0818416
11 1246 -0.204761 -0.0782046
13 1246 -0.175734 -0.0799032
13 1188 -0.227829 -0.0893266
13 615 -0.0679615 0.0104424
13 1057 -0.151289 0.0512399
13 1191 -0.186744 0.0637356
13 643 -0.196055 0.0713074
13 1195 -0.226723 0.0872237
14 1111 0.133301 -0.247047
14 1117 0.0862808 -0.23402
11 283 0.0559198 -0.301001
14 107 0.124266 -0.193423
14 100 0.0987206 -0.190877
14 1185 0.0585731 -0.172973
14 359 0.339353 -0.122732
14 652 0.385712 -0.112019
14 613 -0.0981788 -0.176739
11 1247 -0.041829 -0.21653
14 1247 0.0363461 -0.154684
14 310 0.339426 -0.0934991
14 70 -0.0835293 -0.149413
14 1212 -0.0764059 -0.145564
14 126 0.04643 -0.121788
14 771 0.311426 -0.0260529
14 1215 0.34051 0.0109732
11 1248 -0.227381 -0.080005
14 1248 -0.23417 -0.0739111
11 388 -0.223196 -0.079872
14 1234 -0.10636 -0.0479111
11 1249 -0.194137 -0.0758733
14 1249 -0.199405 -0.0635593
14 1236 -0.222542 0.026526
14 1057 -0.177207 0.0640308
14 1167 -0.213141 0.0935954
14 155 -0.260426 0.093557
14 1171 -0.24641 0.0999239
14 167 -0.247346 0.122406
11 130 0.0827645 -0.236508
15 1136 0.143273 -0.138379
15 310 0.309248 -0.0390968
15 1210 0.0402847 -0.125289
11 935 -0.1405 -0.2274
16 1082 0.151086 -0.0212736
16 1047 0.192095 0.0192728
16 482 -0.369283 0.00665798
11 1103 -0.269026 0.1189
17 1212 -0.0477236 -0.134947
11 554 -0.132769 -0.0968272
11 960 -0.136375 -0.0955446
11 580 -0.268057 0.0999992
12 747 0.200086 -0.330884
13 26 0.101328 -0.311986
12 15 0.0185824 -0.291485
13 517 -0.041658 -0.286562
13 1226 -0.069102 -0.28197
12 1250 -0.139778 -0.258013
13 1250 -0.164574 -0.265253
12 29 0.0426473 -0.255359
12 1251 0.0152543 -0.248418
13 1251 -0.00863949 -0.251066
13 1112 0.128766 -0.253293
13 271 0.160087 -0.248674
12 1252 0.0416584 -0.241257
13 1252 0.0143347 -0.243744
12 1253 0.14942 -0.240501
13 1253 0.103701 -0.245781
12 1254 -0.24849 -0.236269
13 1254 -0.273245 -0.247508
12 24 -0.0514824 -0.234092
12 915 -0.000553452 -0.2316
12 464 -0.0741683 -0.229384
12 1255 0.425347 -0.229353
13 1255 0.392809 -0.222136
13 78 0.0978796 -0.233934
12 57 0.160939 -0.224346
12 1256 -0.0450983 -0.221424
13 1256 -0.0729089 -0.226812
12 1257 0.138938 -0.220687
13 1257 0.094178 -0.225927
12 940 0.211225 -0.221015
12 30 -0.174697 -0.207976
12 1258 -0.240836 -0.194624
13 1258 -0.265915 -0.206766
13 1131 0.170008 -0.193052
12 1240 0.159086 -0.186518
12 1259 -0.294421 -0.183835
13 1259 -0.318046 -0.198233
13 58 -0.0526436 -0.194489
12 58 -0.00325615 -0.180539
12 1260 0.212124 -0.180129
13 1260 0.164604 -0.185254
12 1261 -0.339005 -0.174301
13 1261 -0.361345 -0.19108
13 470 0.14194 -0.179134
13 1229 -0.0395423 -0.182948
12 1151 -0.0419335 -0.151739
13 1211 -0.0443518 -0.16355
12 70 -0.00749421 -0.150715
12 68 -0.0186897 -0.147154
12 1262 -0.0119463 -0.144269
13 1262 -0.0565892 -0.156221
12 357 0.417935 -0.124188
13 177 0.393764 -0.120625
13 616 -0.0479797 -0.11567
13 1144 0.327707 -0.073202
12 1263 0.409616 -0.0674582
13 1263 0.351054 -0.071359
12 878 0.223352 -0.0633667
12 1264 0.315213 -0.0631262
13 1264 0.267206 -0.0664694
13 1233 -0.213183 -0.0886954
12 1243 -0.136967 -0.0600766
12 1245 -0.126391 -0.0573404
12 1265 -0.120203 -0.0555932
13 1265 -0.17986 -0.0811467
12 186 0.442312 -0.0555758
12 1246 -0.117194 -0.0548487
12 1266 -0.112588 -0.053746
13 1266 -0.17132 -0.0786967
13 150 0.379278 -0.0569852
12 69 -0.104239 -0.0505217
12 1267 -0.109091 -0.0416159
13 1267 -0.168672 -0.0669236
12 1063 0.401759 -0.0376975
12 1268 0.349166 -0.0258926
13 1268 0.297328 -0.0296299
12 192 0.424951 -0.0188831
12 1091 0.324272 -0.0162443
12 1269 0.417418 0.00556685
13 1269 0.361329 0.00195843
12 1270 -0.104279 0.00507253
13 1270 -0.165173 -0.0215974
12 1271 -0.122324 0.0182788
13 1271 -0.187573 -0.0119818
12 1272 -0.109792 0.0203608
13 1272 -0.17175 -0.00768206
12 1273 -0.125488 0.0244209
13 1273 -0.190099 -0.00573453
12 1274 -0.11996 0.057643
13 1274 -0.174952 0.0315895
13 617 0.318525 0.0865454
13 200 0.315684 0.0872816
12 1275 -0.225097 0.0998212
13 1275 -0.277421 0.0698742
12 1276 -0.189455 0.101695
13 1276 -0.243947 0.0716933
12 1277 -0.166743 0.104731
13 1277 -0.222703 0.0755817
12 1278 -0.160587 0.10515
13 1278 -0.217777 0.0754046
12 1279 -0.230459 0.106485
13 1279 -0.282435 0.0757543
13 150 -0.144732 0.0804964
13 580 -0.230839 0.0791421
12 1195 -0.169486 0.117701
13 1193 -0.21725 0.0909163
12 1280 -0.190325 0.124032
13 1280 -0.24628 0.0935179
13 1220 -0.206074 0.0948494
12 1281 -0.201103 0.129464
13 1281 -0.257016 0.0985417
12 1282 -0.184367 0.129148
13 1282 -0.241272 0.0982015
12 1283 -0.177763 0.132993
13 1283 -0.235182 0.102078
12 167 -0.139732 0.138192
12 1284 0.229109 0.137805
13 1284 0.161455 0.120802
12 573 0.0862655 0.179156
12 1285 0.409828 0.227506
13 1285 0.330792 0.211891
12 1286 0.379884 -0.555548
14 1286 0.353464 -0.537986
12 1287 0.418016 -0.462462
14 1287 0.397389 -0.446552
12 1288 0.355673 -0.451313
14 1288 0.332095 -0.436179
12 1289 0.216826 -0.428786
14 1289 0.187723 -0.414683
12 1290 0.137183 -0.416048
14 1290 0.10504 -0.402817
14 797 -0.00258842 -0.387068
12 1291 0.00437784 -0.395499
14 1291 -0.0300781 -0.383547
12 1292 0.4454 -0.384674
14 1292 0.431641 -0.369291
14 38 0.374323 -0.358403
14 19 -0.0537133 -0.274678
14 1226 -0.0743984 -0.269893
12 1293 -0.141737 -0.25771
14 1293 -0.173057 -0.250912
14 271 0.138698 -0.242757
14 635 -0.253192 -0.236272
12 460 -0.014477 -0.241631
14 1254 -0.279817 -0.231458
14 78 0.0786754 -0.22588
14 1257 0.0751257 -0.218812
14 940 0.144512 -0.219208
12 1294 -0.36675 -0.212585
14 1294 -0.397146 -0.210141
14 770 -0.391963 -0.202894
14 51 -0.0909632 -0.188746
12 1221 -0.0430758 -0.186609
14 1240 0.0910695 -0.186308
12 1295 -0.354227 -0.17143
14 1295 -0.384308 -0.170397
14 1229 -0.0573974 -0.171579
12 1296 -0.370987 -0.167391
14 1296 -0.403133 -0.166832
14 1211 -0.0638112 -0.153792
14 1209 0.0205497 -0.137238
12 1297 -0.317061 -0.132495
14 1297 -0.356833 -0.133865
12 1298 0.414963 -0.124033
14 1298 0.342367 -0.123019
12 308 0.441836 -0.123257
12 1299 0.000953176 -0.10812
14 1299 -0.0517638 -0.107419
12 310 0.416766 -0.0929483
12 53 -0.185409 -0.0586294
12 1222 0.360087 -0.0222607
12 600 0.115788 -0.0176836
14 1269 0.348852 0.00731364
14 1270 -0.199654 -0.0098134
12 1300 0.415792 0.00694853
14 1300 0.347966 0.00823135
14 908 0.345371 0.00975083
12 1301 0.0193562 0.0155495
14 1301 -0.0525942 0.00981348
12 1302 -0.117304 0.0304684
14 1302 -0.217534 0.0133308
12 1303 0.376898 0.0413247
14 1303 0.303263 0.0411678
12 963 -0.110343 0.0671018
14 617 0.301341 0.0940303
14 1275 -0.303351 0.0848699
14 150 -0.171364 0.0936867
14 1195 -0.256321 0.10149
14 1193 -0.247683 0.105386
14 1220 -0.236421 0.108798
12 750 0.396352 0.124563
14 1283 -0.263524 0.117533
14 167 -0.252145 0.121448
12 168 -0.157243 0.138493
14 1284 0.139313 0.130736
12 988 -0.160095 0.171125
12 1304 -0.130538 0.186637
14 1304 -0.22516 0.169103
14 1285 0.309155 0.222745
12 251 0.154743 -0.541115
15 745 -0.253175 -0.554896
12 594 -0.159103 -0.5028
12 1305 -0.0443991 -0.388138
15 1305 0.0033783 -0.391993
12 1306 -0.399729 -0.333391
15 1306 -0.354464 -0.37631
15 133 -0.00744229 -0.0977528
15 1245 -0.356612 -0.129705
15 1234 -0.142359 -0.0691831
15 1268 0.259143 0.0315329
12 1307 0.100216 -0.0119538
15 1307 -0.026285 -0.0116381
15 972 0.304826 0.0828171
15 963 -0.292743 0.00983234
12 967 -0.141612 0.138752
12 1308 -0.148197 0.14641
15 1308 -0.349529 0.0763846
12 1309 -0.144036 0.146261
15 1309 -0.346961 0.0760157
12 251 0.316143 -0.560811
12 1310 0.0570768 -0.524598
16 1310 0.169113 -0.513477
12 1311 -0.0493085 -0.514159
16 1311 0.0437192 -0.510505
16 22 0.00112334 -0.268546
16 78 0.0488473 -0.223408
16 50 -0.100901 -0.209069
16 1221 -0.105229 -0.208079
16 1219 0.356859 -0.108449
16 1262 -0.0852412 -0.160908
12 818 0.0463624 -0.120565
16 1230 0.0605311 -0.0977428
16 970 0.285633 0.0194748
12 643 -0.135126 0.10045
12 397 -0.152947 0.139027
12 880 0.0416452 -0.401254
12 1312 -0.178096 -0.250105
17 1312 -0.0589477 -0.232963
17 1219 0.362737 -0.0641034
12 898 -0.0168339 -0.154079
12 1091 0.316215 -0.0128829
17 908 0.299395 0.138959
13 1313 0.213583 -0.291542
14 1313 0.21477 -0.285447
13 1314 0.340085 -0.28533
14 1314 0.34878 -0.28311
13 1315 0.169243 -0.283426
14 1315 0.169284 -0.276926
13 1316 0.317223 -0.280774
14 1316 0.323653 -0.277317
13 1317 0.117997 -0.277495
14 1317 0.0953979 -0.270006
13 1318 -0.170661 -0.264167
14 1318 -0.176601 -0.250347
14 29 0.0144428 -0.246931
14 1112 0.105705 -0.246389
13 1319 -0.0229505 -0.248574
14 1319 -0.0328149 -0.237343
13 1320 0.104816 -0.24566
14 1320 0.0850801 -0.237764
14 1253 0.0787332 -0.237831
13 24 -0.0734967 -0.239682
13 1321 0.110558 -0.231535
14 1321 0.086759 -0.224776
13 1294 -0.389536 -0.228225
13 1322 0.0477818 -0.225816
14 1322 0.0420521 -0.217319
13 1323 0.0360591 -0.223478
14 1323 0.0277834 -0.213981
13 1324 0.0296669 -0.222197
14 1324 0.0211846 -0.212442
14 695 0.00458743 -0.209258
13 1325 -0.00382374 -0.215704
14 1325 -0.0123909 -0.205452
14 1259 -0.325123 -0.181546
13 1326 0.114775 -0.195727
14 1326 0.0937379 -0.187967
14 1261 -0.368988 -0.173398
14 58 -0.0629527 -0.179505
13 1327 0.1095 -0.192178
14 1327 0.0891866 -0.18499
13 1295 -0.37773 -0.187989
13 1296 -0.396918 -0.184889
13 1297 -0.345552 -0.150525
13 1201 -0.0994269 -0.149315
13 359 0.357423 -0.126374
14 177 0.376137 -0.118257
13 1328 -0.0407971 -0.117023
14 1328 -0.0576526 -0.106156
13 749 0.360502 -0.103687
13 310 0.35828 -0.097839
14 1233 -0.244043 -0.0751198
13 1329 -0.205724 -0.0877203
14 1329 -0.238181 -0.0744199
13 1248 -0.203572 -0.0872356
13 1330 -0.19363 -0.0856132
14 1330 -0.225781 -0.0719781
14 1265 -0.213193 -0.0682446
13 1331 0.192292 -0.0726575
14 1331 0.1802 -0.0656605
13 532 -0.0472779 -0.0720468
13 1332 0.130039 -0.0689364
14 1332 0.11354 -0.0609054
13 1333 0.245788 -0.0596469
14 1333 0.230496 -0.0535264
13 188 0.356935 -0.046237
13 1222 0.306797 -0.0257678
13 1334 -0.184281 -0.0187439
14 1334 -0.224862 -0.00554406
14 1271 -0.22864 0.00122675
14 1272 -0.20713 0.00525178
14 1242 0.438186 -0.000799434
13 1302 -0.179599 0.000324685
13 1335 0.394649 0.0146142
14 1335 0.382143 0.0205727
13 1336 -0.168021 0.0243971
14 1336 -0.19401 0.037053
13 1303 0.322329 0.0337888
13 598 -0.202545 0.0449964
13 1337 0.398951 0.0602916
14 1337 0.386825 0.0661247
14 1191 -0.220482 0.0779944
14 1282 -0.269989 0.11354
13 1338 -0.190815 0.0986316
14 1338 -0.219834 0.112564
13 647 -0.133873 0.111408
13 1339 -0.202539 0.115502
14 1339 -0.229716 0.129731
13 1340 -0.196112 0.115047
14 1340 -0.223809 0.129275
13 1341 -0.204788 0.115926
14 1341 -0.236606 0.130576
13 1342 -0.144709 0.141626
14 1342 -0.177156 0.155715
13 432 0.14893 0.183279
13 1343 0.427622 0.219176
14 1343 0.409697 0.229965
14 327 0.133287 0.241795
13 1344 0.187495 0.24072
14 1344 0.160119 0.253832
13 1345 0.0305306 -0.522482
15 1345 0.12147 -0.525203
13 1007 -0.0721396 -0.514808
13 752 -0.192929 -0.506788
13 594 -0.183358 -0.506427
13 265 -0.175298 -0.377495
13 264 -0.19372 -0.375238
13 3 -0.290907 -0.363374
13 261 -0.343358 -0.357299
15 1295 -0.311973 -0.222203
15 285 -0.112548 -0.178016
13 125 -0.0304993 -0.11943
13 1346 0.136167 -0.0869158
15 1346 0.10756 -0.0594765
15 1063 0.291411 0.0253193
15 335 0.378715 0.100192
13 598 -0.178185 0.0428671
13 919 0.348726 0.0994675
16 270 0.0918235 -0.293901
16 581 0.136357 -0.0592948
16 969 0.317584 0.00158999
13 1347 0.183691 -0.0293522
16 1347 0.147728 0.0202002
16 192 0.299921 0.0773241
16 1335 0.331737 0.132716
17 265 -0.0256579 -0.339295
13 1348 0.420873 -0.133668
17 1348 0.368934 -0.0141692
17 1333 0.218666 0.0386624
13 1349 -0.0337695 0.000275988
17 1349 -0.119663 0.00970645
13 160 -0.0589835 0.00750049
13 1350 -0.0706632 0.0110104
17 1350 -0.15903 0.00864347
15 768 0.369081 -0.304642
15 770 0.303672 -0.291557
14 940 0.143135 -0.219634
14 70 -0.0719047 -0.152827
15 1141 0.0368587 -0.150646
15 1298 0.312722 -0.0748334
14 1351 0.34944 -0.109402
15 1351 0.310348 -0.0582255
15 1097 0.12652 -0.072537
14 581 0.145133 -0.0907662
14 1352 -0.00611967 -0.0836717
15 1352 -0.0245328 -0.08791
14 1268 0.285453 -0.0247748
14 335 0.404524 0.0121648
14 335 0.397877 0.0145383
15 1335 0.34883 0.104177
14 1353 0.36284 0.0745146
15 1353 0.292618 0.159261
15 168 -0.358651 0.0684068
15 647 -0.299434 0.0855302
15 988 -0.392471 0.0938712
15 573 -0.179194 0.160689
14 1311 -0.0897106 -0.498351
16 1028 0.1119 -0.177579
14 823 0.166942 -0.0283739
14 147 -0.0965505 -0.0212445
14 655 0.171661 0.012172
16 335 0.36541 0.131556
14 160 -0.0992185 0.0242301
14 1354 -0.12329 0.0314176
16 1354 -0.204854 -0.00459903
14 644 -0.199388 0.0763937
14 1355 0.348731 0.0839168
16 1355 0.230342 0.189212
14 967 -0.227238 0.122396
14 595 0.0172816 -0.509367
14 816 -0.00154838 -0.506727
14 880 0.00792319 -0.38846
14 1356 -0.267675 -0.166075
17 1356 -0.144649 -0.178057
17 749 0.284296 0.00265292
17 1215 0.293489 0.140093
14 666 0.371398 0.0719718
16 602 -0.0615252 -0.499552
15 1357 0.324355 -0.407053
16 1357 0.378515 -0.389985
15 1358 0.219718 -0.402026
16 1358 0.268601 -0.387951
16 1306 -0.29917 -0.376562
15 38 0.302335 -0.299581
15 1359 -0.00282613 -0.278341
16 1359 0.0370758 -0.269853
16 8 -0.273425 -0.264243
16 64 0.34409 -0.236542
16 834 0.244769 -0.234242
16 932 0.147669 -0.226843
15 1017 -0.0309173 -0.236543
15 44 -0.0587248 -0.235262
15 1360 -0.0506411 -0.235335
16 1360 -0.0130562 -0.229293
15 992 -0.079394 -0.234023
15 1361 -0.0714601 -0.23425
16 1361 -0.0324314 -0.229248
15 78 0.0438596 -0.231754
15 1362 -0.0609679 -0.212659
16 1362 -0.0270939 -0.207689
15 1363 -0.127812 -0.208598
16 1363 -0.110063 -0.20701
16 1022 -0.271761 -0.193279
15 949 0.0845087 -0.146832
15 1364 -0.396965 -0.135831
16 1364 -0.390961 -0.150588
15 1365 -0.403301 -0.134408
16 1365 -0.396777 -0.149428
16 1245 -0.353327 -0.144203
16 1030 -0.344155 -0.139425
15 818 -0.00365171 -0.12194
15 1154 0.015344 -0.119394
16 1033 -0.358601 -0.130127
15 905 -0.0825819 -0.0823861
15 960 -0.093773 -0.0759295
15 1366 0.422805 -0.05119
16 1366 0.429973 -0.0210843
16 1038 0.165959 -0.0337129
16 1036 0.121604 -0.0331667
16 358 0.103933 -0.0330172
16 870 0.0951007 -0.0322248
16 968 0.140638 -0.0210784
16 969 0.317737 0.00291094
15 957 -0.373363 -0.0175602
15 956 -0.381489 -0.0161854
15 981 -0.0456557 -0.00955894
15 1073 -0.064842 -0.00813406
16 740 -0.104445 -0.00686011
15 823 0.119286 0.00168038
15 1347 0.142481 0.00657554
15 186 0.327753 0.0112035
16 159 -0.356735 0.0380151
15 361 -0.0789655 0.0636655
15 1105 0.314453 0.0803355
16 972 0.29377 0.107823
16 988 -0.389676 0.0684739
16 363 0.107209 0.106373
15 1367 0.255452 0.104492
16 1367 0.234932 0.126006
15 1074 -0.254528 0.111422
16 666 0.303108 0.184247
15 1368 0.179058 0.16413
16 1368 0.147082 0.179713
15 1369 0.202493 0.164375
16 1369 0.172824 0.182222
15 1370 -0.374352 0.181903
16 1370 -0.385833 0.153318
15 1371 0.371464 0.190204
16 1371 0.362953 0.223824
15 1372 0.0620352 0.243939
16 1372 0.0225976 0.248902
17 15 -0.0444093 -0.232724
15 1373 -0.0685444 -0.234456
17 1373 0.0069926 -0.194532
15 950 0.0906629 -0.146829
15 567 -0.359522 -0.130989
15 1374 -0.0646754 -0.117048
17 1374 -0.0231152 -0.088036
15 302 -0.00105233 -0.111966
17 1234 -0.107592 -0.0511265
15 749 0.299744 -0.0511128
15 906 0.144886 -0.0473568
17 1047 0.196849 0.049447
17 200 0.147829 0.203349
15 1375 0.208879 0.204858
17 1375 0.156371 0.245206
17 990 0.0137863 -0.451762
16 1009 -0.113784 -0.499673
16 254 -0.0731102 -0.499665
17 3 0.0838322 -0.337838
16 1376 0.148847 -0.27345
17 1376 0.180046 -0.231533
16 1000 0.113372 -0.268527
16 1377 -0.0070092 -0.196786
17 1377 0.0211279 -0.16362
16 1378 0.00847798 -0.197016
17 1378 0.0354575 -0.163525
16 1379 -0.230923 -0.156222
17 1379 -0.195871 -0.134718
16 994 -0.341072 -0.137557
17 985 0.0571687 -0.0742267
16 1380 -0.310998 -0.0474244
17 1380 -0.284761 -0.0380885
16 1381 0.0748352 -0.046342
17 1381 0.0887959 -0.0179888
16 572 -0.148174 -0.045088
16 1382 -0.149238 -0.0058822
17 1382 -0.132352 0.00972093
16 1349 -0.136785 -0.00606642
17 159 -0.332973 0.0406261
17 1103 -0.352348 0.0433034
16 1147 0.307341 0.0704667
17 1074 -0.256013 0.0985117
16 908 0.302132 0.105882
17 972 0.291524 0.140152
16 1215 0.296256 0.107393
16 314 0.356932 0.131665
17 335 0.360604 0.167442
16 1383 -0.297724 0.150985
17 1383 -0.289678 0.14881
16 1384 -0.319501 0.151811
17 1384 -0.309979 0.148441
16 316 0.389521 0.158143
16 624 0.07725 0.212871
16 1385 0.0870656 0.29448
17 1385 0.0677383 0.307808
17 920 0.0163325 0.307435
16 625 -0.0252776 0.305299
17 233 0.311578 0.383118
16 442 0.175459 0.361457
198 191 184
206 198 194
192 186 180
202 198 194
205 200 198
196 188 184
182 176 172
182 177 172
190 184 178
186 182 180
186 182 178
169 138 107
186 184 180
166 134 104
172 141 108
183 184 180
172 172 168
174 144 110
172 142 108
186 186 186
170 139 104
174 142 108
188 188 186
187 187 186
172 141 104
172 142 104
189 188 188
186 187 186
185 188 186
172 141 104
174 142 108
186 186 184
175 114 124
134 50 65
170 138 105
92 85 84
178 146 110
183 181 178
184 182 180
173 139 102
142 84 60
147 34 60
124 84 61
40 34 38
180 150 118
180 177 174
179 148 116
154 94 68
148 87 62
182 152 119
70 74 78
64 67 68
130 70 48
64 70 70
108 89 77
87 43 20
172 140 109
176 146 114
120 62 38
183 150 113
22 34 36
89 44 30
242 148 76
207 126 80
176 142 108
178 144 106
194 138 100
112 56 34
151 106 82
177 142 104
156 124 104
210 199 191
174 138 102
130 104 88
212 146 93
89 82 74
56 39 23
176 156 135
184 152 116
172 118 72
180 115 65
182 153 119
34 23 12
198 174 149
136 107 80
93 73 54
180 152 124
112 100 94
30 23 16
142 87 52
188 128 76
38 26 12
118 88 76
120 92 64
81 35 16
190 154 114
246 161 77
249 174 88
188 154 116
112 55 37
98 38 21
38 24 10
18 12 8
196 173 132
122 94 72
186 102 56
19 14 10
42 66 92
190 156 118
22 52 67
105 95 78
133 54 19
186 154 118
21 14 9
184 151 114
53 46 39
145 116 85
62 56 52
22 13 11
96 98 98
155 64 22
142 57 24
136 66 34
22 14 10
167 138 113
186 152 119
140 64 28
27 22 14
124 96 67
128 102 84
110 61 40
168 131 94
171 136 98
179 140 108
125 86 64
94 35 34
28 16 12
10 2 2
6 6 8
118 93 70
8 10 12
22 22 21
50 48 42
145 115 84
2 3 4
26 36 60
182 146 110
187 155 117
24 30 46
184 150 115
196 162 124
183 150 116
10 8 10
188 155 116
22 20 22
10 10 11
22 17 18
192 158 120
20 28 47
24 24 26
189 155 118
38 38 38
23 21 23
55 52 51
194 160 122
191 156 120
29 15 8
40 41 40
18 14 10
192 157 118
176 146 104
174 148 118
130 108 84
188 151 112
98 72 54
88 65 54
93 72 58
93 70 66
83 62 56
190 156 117
188 153 113
186 152 112
189 153 111
189 153 111
184 150 110
192 156 119
226 200 172
205 165 122
196 162 123
202 166 128
195 156 114
236 248 254
231 240 249
200 166 124
205 167 124
204 166 120
200 164 120
206 168 124
204 168 124
204 172 132
204 172 132
188 146 101
192 153 111
200 164 122
202 166 128
200 165 125
198 161 122
208 174 133
205 172 132
202 168 128
208 174 130
203 165 124
208 170 128
192 150 106
202 166 123
198 158 118
202 166 122
200 164 124
202 163 122
199 161 120
206 170 128
203 164 122
202 165 123
204 167 126
202 166 124
204 169 128
204 170 130
206 170 129
208 172 130
209 176 134
208 174 133
215 181 140
215 181 140
212 177 134
212 179 135
206 166 124
190 149 107
207 172 130
206 200 199
196 190 187
195 192 188
208 205 204
207 201 199
203 196 194
206 200 198
206 202 200
202 194 190
205 200 197
202 198 196
203 198 195
205 202 199
202 196 193
202 200 196
206 200 200
210 204 204
204 199 196
202 196 193
207 201 199
204 198 194
204 199 195
204 199 196
201 196 193
202 198 194
202 198 195
203 200 197
203 197 195
205 199 196
202 196 192
202 194 190
190 184 180
196 193 187
148 29 58
174 144 110
174 141 108
112 26 41
175 148 116
114 24 42
180 149 116
144 85 60
108 32 26
66 71 73
178 149 116
135 62 33
208 132 78
169 89 48
120 58 32
213 159 114
126 119 122
183 146 114
60 82 108
200 161 136
48 80 112
227 170 130
204 144 92
20 14 12
142 132 112
162 77 28
183 151 114
184 148 118
132 108 88
182 148 113
126 100 82
187 156 132
54 42 42
132 106 100
12 7 6
54 47 42
194 162 124
83 64 55
88 68 62
131 100 68
190 155 117
192 158 118
206 173 134
196 162 122
204 169 126
187 148 108
200 162 119
203 170 126
215 182 140
208 175 134
206 172 130
208 174 134
195 154 112
209 175 134
208 173 130
197 158 118
200 158 116
201 166 126
188 186 182
184 147 114
193 156 114
202 164 122
213 178 133
204 170 130
192 160 118
210 176 131
206 172 130
207 168 126
194 154 112
206 170 128
209 176 133
203 164 121
198 158 114
202 160 118
200 194 186
192 190 190
190 190 190
192 190 184
189 188 188
180 149 116
133 40 55
176 146 112
120 69 32
157 74 36
199 181 160
193 159 122
185 152 118
184 150 110
181 148 108
174 140 106
200 164 122
192 154 116
196 162 124
213 216 221
202 168 128
190 152 108
208 170 127
210 172 130
212 178 134
215 182 138
196 155 112
202 162 120
210 177 134
204 198 194
203 197 195
206 200 198
204 198 196
206 200 198
204 200 196
206 200 198
176 174 168
189 192 190
184 181 175
183 182 180
181 150 122
180 152 122
78 80 82
177 148 114
123 95 70
58 50 44
125 98 73
187 150 118
124 101 77
96 60 36
42 28 26
24 36 54
64 65 67
195 158 118
202 168 126
204 168 125
204 168 125
196 161 120
204 166 124
204 168 126
204 166 125
204 166 124
208 172 130
200 160 117
210 207 208
193 193 193
145 85 60
182 150 120
156 70 32
190 166 140
189 154 116
187 188 188
87 110 124
94 88 80
182 150 112
194 160 118
188 154 118
203 169 126
164 117 86
70 44 34
111 88 77
192 128 78
230 248 254
204 200 193
190 150 106
231 154 92
65 42 29
204 165 123
204 200 198
198 163 128
46 36 32
196 159 120
187 152 114
181 183 184
73 78 79
11 10 12
210 172 130
205 172 131
203 195 192
202 196 192
206 198 194
205 197 194
205 197 194
206 200 196
200 192 190
174 172 168
180 172 166
189 182 178
169 139 105
170 141 106
173 140 108
172 142 108
190 186 184
170 139 105
171 140 103
176 142 107
197 194 190
174 142 105
153 47 72
183 150 118
170 144 117
179 145 106
125 58 26
162 97 62
112 47 18
66 42 40
185 152 114
186 146 112
15 6 6
154 130 113
186 154 116
187 154 117
66 58 50
183 147 114
217 107 47
31 25 24
128 104 84
10 10 11
26 39 60
188 155 116
192 158 118
178 144 102
190 154 114
189 154 115
96 80 76
190 154 114
202 168 126
202 166 126
204 170 130
197 158 115
194 157 116
209 171 128
202 166 125
204 164 121
202 164 120
207 172 130
207 172 130
199 160 119
204 168 126
206 168 126
208 172 130
208 173 131
206 172 130
200 160 118
198 161 116
211 174 130
208 170 128
208 174 131
210 176 133
198 189 183
188 180 174
193 186 179
196 189 182
165 132 100
164 130 98
192 190 186
76 79 77
68 70 71
106 30 33
68 70 73
174 144 114
80 72 66
65 62 60
20 14 10
192 156 120
168 139 107
98 59 40
198 176 156
22 28 45
192 156 114
194 154 110
194 157 116
204 164 120
207 169 126
206 170 128
204 164 121
202 197 193
203 198 194
197 190 185
198 190 182
190 188 185
128 48 52
180 146 110
182 148 108
215 194 174
122 92 68
186 152 115
172 175 177
132 100 76
200 184 165
197 165 128
208 170 124
209 169 126
203 197 192
194 190 184
172 139 108
172 140 108
176 144 107
180 146 110
72 76 77
82 82 86
184 182 177
180 146 110
174 140 106
192 160 123
173 137 100
208 190 173
195 164 126
196 156 112
203 162 120
202 164 121
205 197 194
206 202 198
120 108 93
143 70 38
44 24 26
186 154 120
204 200 194
210 205 202
208 204 201
205 200 198
205 198 196
206 202 199
207 200 198
206 204 201
207 202 198
208 202 198
208 202 198
207 202 198
206 202 198
198 194 190
168 128 100
30 8 9
145 112 86
77 68 64
194 160 122
200 161 116
202 198 194
186 186 184
180 150 117
127 64 32
64 42 30
197 158 114
187 166 148
72 50 42
79 57 51
175 140 107
176 176 178
138 79 55
116 90 72
192 155 116
154 124 96
204 169 128
70 62 64
182 184 185
206 168 126
70 45 32
200 164 124
196 158 118
203 165 124
212 174 132
199 191 182
203 194 190
200 192 187
203 194 190
174 174 172
194 186 180
196 187 184
196 190 183
172 142 109
196 190 186
198 190 188
176 145 110
180 143 113
179 149 114
184 117 60
223 168 118
186 152 116
13 10 12
22 18 18
195 158 118
195 158 118
200 168 128
180 142 100
179 141 102
175 142 107
140 110 84
80 57 50
73 53 46
90 70 62
196 163 126
188 153 112
104 88 82
72 52 42
231 212 188
190 153 114
204 171 132
205 165 122
206 166 122
204 170 128
186 146 102
200 166 124
204 167 124
190 154 116
190 155 117
214 182 141
217 187 145
198 157 114
210 175 132
209 176 132
209 174 131
212 178 134
212 178 132
203 160 116
208 174 128
198 155 111
205 170 125
202 168 124
204 168 126
211 206 202
208 203 199
197 188 180
210 206 202
187 181 174
196 192 188
194 187 184
194 190 186
158 122 90
174 142 107
190 188 186
178 144 109
177 145 113
186 185 180
68 70 74
184 180 172
122 61 35
38 35 35
184 152 116
102 93 82
166 91 55
206 190 170
198 157 110
203 168 126
178 142 100
206 170 125
199 164 121
212 176 134
210 174 131
207 172 128
206 166 120
210 204 201
206 200 195
208 203 200
212 206 202
208 204 200
208 202 199
188 180 176
189 182 178
198 191 186
193 190 186
194 192 190
178 146 112
174 142 112
74 75 76
64 67 70
188 153 115
212 177 134
199 163 121
198 158 114
210 176 132
205 169 127
208 200 197
197 156 112
200 161 116
198 164 124
202 167 128
181 148 112
182 150 116
169 134 100
172 136 104
204 197 197
195 131 72
180 180 180
198 193 190
177 142 107
202 160 116
214 184 144
208 202 203
196 157 114
186 148 106
189 150 109
200 192 189
184 184 183
157 122 126
186 156 126
176 173 169
191 153 110
205 171 130
202 198 194
180 146 114
182 146 111
182 148 112
178 146 114
188 182 177
190 154 116
180 176 172
212 204 200
124 98 75
195 160 119
188 156 117
198 156 109
208 170 126
205 172 129
208 170 126
185 146 101
189 150 108
208 173 128
198 160 116
210 174 130
208 170 126
206 202 195
214 208 205
212 205 200
215 210 206
214 208 204
209 201 198
210 202 198
202 193 189
206 197 193
211 202 200
207 201 195
211 206 202
210 204 200
209 202 200
212 204 201
210 202 198
208 202 198
198 188 182
182 152 118
179 146 112
180 146 110
200 168 130
194 161 118
202 170 128
196 158 116
178 140 98
194 155 112
199 160 116
202 162 118
60 82 108
190 155 116
202 195 190
194 154 110
182 148 112
67 65 62
186 152 117
142 123 104
174 138 106
191 158 118
160 146 150
192 150 104
181 150 115
183 150 116
182 150 116
182 184 184
203 179 157
192 192 188
188 158 124
184 153 118
180 148 111
194 156 114
196 158 114
203 196 189
84 83 82
190 186 182
165 130 136
164 128 96
200 166 127
188 154 114
197 160 120
131 70 42
211 176 132
206 166 124
212 207 203
203 196 192
203 196 192
206 198 195
210 206 202
206 201 197
201 193 190
198 194 190
179 146 111
196 195 191
180 146 111
181 146 112
198 195 190
192 192 187
183 150 120
68 70 72
185 149 112
176 148 116
192 159 122
188 154 117
192 160 122
224 118 52
188 150 110
201 169 132
208 171 126
216 178 134
212 173 130
208 167 122
182 152 117
118 106 90
182 144 102
80 56 47
200 194 187
114 106 99
172 138 102
82 84 84
136 86 66
191 158 120
206 172 128
170 134 100
180 147 114
40 34 33
176 145 105
210 174 133
201 195 190
168 135 98
212 174 132
188 156 126
186 156 124
143 84 56
132 67 43
180 150 117
38 22 14
20 18 21
28 36 54
28 24 22
191 158 114
206 202 197
188 158 119
218 184 140
226 234 240
188 154 118
197 159 116
172 136 104
194 162 124
200 194 193
191 151 112
176 147 114
175 143 110
211 151 98
210 193 176
204 165 123
202 168 128
190 154 111
209 204 199
200 193 186
210 202 196
196 190 183
198 196 194
161 111 117
103 25 41
187 153 116
188 153 116
106 23 32
158 105 82
177 110 58
214 130 60
128 66 40
88 90 90
186 154 124
186 156 123
238 136 78
216 174 131
219 172 124
52 108 160
78 78 80
186 150 112
26 24 22
232 178 136
169 142 120
31 82 123
194 100 50
164 78 37
191 158 123
61 58 59
98 112 126
122 92 66
26 18 14
25 18 12
28 22 16
28 20 14
207 177 138
188 168 150
172 140 106
190 156 123
208 174 134
192 158 120
190 155 112
79 68 63
22 19 20
184 146 102
61 40 25
153 118 80
144 112 76
230 240 248
138 34 59
187 157 126
129 65 38
194 158 120
253 184 102
50 15 12
20 14 20
16 12 14
212 177 136
204 164 118
156 124 124
178 104 65
98 92 91
142 82 56
150 98 88
104 82 54
140 108 74
209 206 202
186 154 121
193 161 129
104 40 27
190 154 115
152 126 98
190 156 114
212 176 132
200 159 113
140 28 55
148 44 67
230 180 134
188 160 130
182 151 118
186 150 112
208 203 200
209 206 204
206 203 199
208 206 203
206 204 202
208 206 204
144 36 64
194 197 190
179 147 110
188 159 124
191 160 129
147 98 72
180 150 114
186 152 118
183 151 115
197 166 135
190 154 115
188 154 120
238 182 134
186 156 122
186 156 122
184 154 118
184 154 119
197 133 82
139 124 108
192 156 123
62 28 6
44 32 32
50 50 50
36 54 78
188 154 116
195 162 124
189 155 116
186 152 111
86 72 68
32 17 12
36 29 22
33 16 12
211 176 138
192 158 117
20 20 22
196 158 114
196 161 120
163 136 82
122 88 56
204 163 118
199 160 116
220 181 137
106 100 92
208 174 130
204 161 116
174 85 44
171 140 107
222 128 70
172 138 102
24 36 59
153 120 86
48 48 52
138 105 72
188 148 106
211 176 134
186 154 120
72 76 81
194 158 120
188 148 104
38 39 41
168 132 94
126 96 70
203 168 127
194 154 112
194 186 184
194 186 184
198 192 188
178 174 170
173 142 112
183 86 44
194 184 168
190 153 114
146 112 79
188 160 125
67 74 80
200 164 121
230 134 68
100 70 52
146 84 53
46 40 48
194 156 114
207 170 122
210 174 131
190 184 180
136 76 50
194 160 124
186 150 112
186 186 186
136 87 66
162 133 110
190 151 109
199 164 124
40 40 42
36 36 38
236 248 254
23 16 10
140 108 71
166 174 182
152 62 83
120 40 46
66 55 78
130 72 50
140 66 34
178 146 118
184 152 116
178 140 104
250 146 69
209 152 112
214 154 110
202 154 116
187 156 116
253 152 49
244 149 75
210 163 115
198 106 20
224 165 123
212 148 98
191 97 22
104 50 18
46 12 0
254 166 56
144 61 22
76 50 44
167 74 28
254 163 71
53 54 65
160 132 104
42 55 72
42 48 58
168 109 86
205 85 43
122 104 42
174 70 33
112 80 52
160 66 32
112 81 52
37 34 24
106 74 44
190 156 121
116 82 47
190 170 150
220 192 176
200 227 238
31 98 120
169 192 206
174 136 102
164 140 108
180 142 102
54 62 70
196 163 126
198 165 127
125 114 104
78 88 98
52 66 80
200 162 122
199 158 121
31 32 37
24 22 24
65 67 72
18 16 18
21 21 23
15 15 19
28 27 32
25 24 28
25 27 33
42 42 50
34 36 42
24 26 32
21 22 27
22 20 26
202 124 72
76 34 22
81 46 44
190 147 108
250 160 62
66 74 82
202 160 119
73 85 96
74 86 98
34 36 40
35 34 42
49 51 56
19 18 22
46 48 52
26 28 32
20 20 25
172 133 99
127 37 54
74 86 96
184 148 111
134 108 76
82 29 37
214 123 70
197 106 32
246 150 73
26 45 72
12 32 55
165 138 108
59 46 54
187 154 120
184 150 115
187 153 120
178 144 110
196 153 112
198 157 114
194 157 120
32 34 40
28 30 32
191 156 118
34 38 46
144 82 57
200 196 179
126 110 90
196 194 192
160 166 170
176 179 181
178 180 182
182 150 116
154 104 72
161 128 99
85 85 86
76 86 96
72 82 90
190 156 116
198 168 129
195 162 128
22 20 20
23 19 17
36 28 29
64 34 34
226 152 70
194 156 112
82 84 85
87 84 83
92 81 71
185 154 122
198 92 47
98 96 94
190 153 114
180 182 184
174 140 106
186 154 120
126 103 76
184 182 184
181 147 110
183 154 118
188 156 118
185 154 119
180 144 111
170 78 34
181 146 112
181 172 166
114 84 56
196 158 118
100 84 71
176 150 120
189 158 125
196 156 114
227 234 238
198 166 128
76 72 70
192 158 120
72 72 69
204 170 136
117 94 74
24 24 26
24 21 20
54 53 55
154 124 94
72 76 80
42 41 45
52 57 62
42 44 49
203 161 115
203 162 115
190 186 186
184 180 176
188 184 181
199 195 194
202 198 198
201 200 198
158 158 160
180 181 184
185 184 188
180 146 114
174 140 108
183 148 117
197 162 122
182 148 112
199 194 188
198 163 126
72 52 37
199 158 110
184 142 102
200 196 192
204 196 194
199 165 128
28 27 31
32 30 33
206 202 202
208 206 204
182 184 186
173 140 104
170 134 98
171 136 99
170 132 96
174 140 101
178 177 176
178 146 110
136 93 58
201 104 30
180 144 109
182 150 114
187 154 118
176 146 112
12 22 35
12 26 39
182 148 114
84 82 78
124 108 96
186 148 112
185 143 103
196 162 124
54 52 50
193 150 104
198 166 128
204 168 122
40 40 44
30 28 31
21 19 26
64 62 62
192 152 116
207 170 121
216 176 130
206 202 202
197 162 126
202 168 130
144 114 89
194 160 122
192 158 118
66 41 28
190 154 118
210 170 122
196 160 122
202 163 118
179 146 110
203 196 193
208 202 199
191 192 192
192 162 128
193 162 128
188 157 124
156 96 70
76 80 84
78 83 86
194 157 114
204 163 119
204 172 133
202 168 129
188 152 110
198 158 116
187 152 114
187 158 126
188 154 124
214 178 136
186 186 184
184 155 123
180 150 118
180 146 109
125 98 68
190 152 113
199 165 128
196 157 114
194 156 112
204 170 131
