ply
format ascii 1.0
element vertex 7746
property float x
property float y
property float z
property uchar red
property uchar green
property uchar blue
end_header
-0 -0 -0 0 255 0
0.120137 -0.0218918 -0.0295894 0 255 0
-0.157721 -0.0436216 0.044021 0 255 0
-0.148445 -0.104984 0.00185696 0 255 0
-0.0412507 -0.0103846 -0.0323593 0 255 0
0.166573 -0.0282183 -0.0684882 0 255 0
0.211646 -0.0344657 -0.0796846 0 255 0
0.154688 -0.0440911 -0.103589 0 255 0
0.0161032 -0.0525468 0.0016838 0 255 0
0.261912 -0.0541428 0.943546 157 142 118
0.00694388 0.0711534 0.82909 157 132 120
0.379513 -0.156626 0.878477 158 112 98
0.399884 -0.0378461 0.89697 127 92 70
-0.134021 0.0620529 0.923706 60 21 10
0.367161 -0.108094 0.844063 42 28 22
0.342664 0.0742897 0.883956 120 52 56
0.338543 -0.132745 0.907121 150 146 95
0.379632 -0.0120053 0.890063 150 118 96
-0.182312 0.0751216 0.89831 81 36 22
0.315248 0.0592296 0.888202 183 156 148
0.37048 -0.103903 0.848842 63 51 45
0.376609 -0.296043 0.811577 129 8 9
0.381675 -0.181413 0.76134 156 138 130
-0.0692454 0.0421869 0.93841 196 152 127
0.265957 0.0228497 0.921427 126 90 72
0.280521 -0.0977305 0.912012 160 133 106
0.273552 -0.127316 0.890856 108 85 54
0.35206 -0.0230823 0.88376 154 128 116
0.34467 -0.0936875 0.867792 162 132 116
0.0497631 0.0339963 0.778885 64 21 16
0.00326025 0.0779114 0.828185 102 76 68
0.430863 -0.157781 0.920237 98 40 30
0.423724 -0.106846 0.849041 174 104 72
0.270503 -0.110496 0.928985 136 131 96
-0.290381 -0.0291169 0.676453 162 146 127
0.294648 -0.108766 0.912394 150 118 92
0.10061 0.0662883 0.77693 90 50 42
0.24854 0.0131926 0.954766 132 120 93
0.370598 -0.0509565 0.87957 190 161 140
-0.213259 -0.18932 0.84692 144 120 74
0.0750091 0.121212 0.829643 159 26 23
-0.248348 0.000381408 0.759052 166 130 106
0.360795 -0.0890846 0.843736 76 60 50
0.26285 -0.220822 0.813284 116 88 62
-0.313599 0.104055 0.771567 146 114 80
0.34861 -0.213524 0.748664 170 144 134
-0.179091 0.08238 0.906727 96 50 37
0.355862 -0.0335881 0.873375 118 86 66
0.403364 -0.0176506 0.897761 150 114 96
0.359591 -0.0977244 0.846432 150 122 108
-0.225659 -0.127716 0.865002 158 112 93
0.355715 -0.200152 0.755898 158 131 120
0.29065 -0.209762 0.77024 160 132 120
0.265172 -0.20615 0.81369 128 110 68
0.357502 -0.24465 0.781103 124 42 30
-0.078604 -0.0597461 0.879335 131 84 66
0.267314 0.0301108 0.918167 111 33 30
0.0854782 0.0662604 0.768346 80 72 58
-0.123691 0.0537952 0.951257 122 70 47
0.276822 -0.203779 0.808156 132 102 74
0.272924 -0.101584 0.912069 158 146 124
0.381467 -0.0541297 0.87221 182 154 136
0.277565 -0.0512564 0.950021 51 30 16
0.343088 -0.0667671 0.846203 177 107 72
0.382455 -0.0652139 0.855285 131 96 80
0.329302 -0.0562826 0.86077 136 108 86
0.435324 -0.1675 0.921497 108 80 70
0.410652 0.0530106 0.888215 182 162 156
-0.32185 0.116047 0.747176 140 54 22
-0.122902 -0.0292312 0.95326 136 86 64
0.395982 -0.0696851 0.860617 70 44 40
-0.303092 0.0670802 0.72697 87 33 37
0.423589 -0.0937843 0.871593 126 67 38
0.273076 -0.313473 0.899078 128 110 66
0.409956 -0.0420672 0.886831 127 82 62
-0.131523 0.0771085 0.912703 147 116 107
0.36296 -0.0654297 0.857235 180 135 114
-0.0749407 -0.203154 0.890321 184 118 94
-0.114379 0.0364867 0.941864 178 127 100
-0.110905 0.0621396 0.957042 134 78 51
0.321133 -0.139175 0.934391 104 74 58
0.0796871 0.0156844 0.79753 100 44 26
0.304086 -0.0431043 0.962368 143 112 90
0.320368 0.0711627 0.897446 180 154 146
0.25797 -0.220355 0.834053 146 142 93
-0.30639 0.0353666 0.952812 158 110 81
0.362477 -0.293711 0.804623 126 8 8
-0.216549 -0.184152 0.847359 144 115 76
0.371899 -0.0844383 0.850865 94 76 70
-0.154483 -0.0669029 0.811392 142 90 68
0.114523 0.101687 0.797492 133 118 115
0.378529 -0.0801292 0.85149 132 106 102
0.376318 -0.305943 0.816598 128 7 9
-0.107566 -0.0522543 0.846603 144 88 71
0.261322 0.0485592 0.938054 114 91 70
0.474312 -0.0132894 0.948045 130 112 92
0.105124 0.0839539 0.776334 132 115 110
0.421764 0.0616978 0.89814 180 158 151
0.392516 -0.077473 0.857453 70 42 41
0.270215 0.0483128 0.927661 116 84 74
-0.300709 0.0672913 0.728491 96 26 26
0.0587761 0.0250767 0.769682 78 22 18
-0.0634328 -0.0662557 0.87154 134 86 70
0.294598 -0.193951 0.782968 156 126 112
0.143027 0.068623 0.799584 156 84 76
0.336799 -0.1242 0.914588 60 63 34
0.277281 -0.0572914 0.932074 108 88 77
0.282654 -0.213971 0.77563 158 132 120
-0.0813449 -0.217936 0.910017 178 110 82
0.32954 -0.0471688 0.865012 150 115 96
-0.0926915 -0.04966 0.858287 125 76 56
0.350137 -0.0656629 0.87429 172 98 61
0.327369 -0.0756777 0.852304 161 147 126
-0.0592785 0.0519671 0.93915 178 126 100
-0.0256549 0.0541595 0.943548 147 99 76
-0.0343194 -0.17321 0.919773 82 39 30
0.369121 -0.0929253 0.84631 84 79 82
-0.218789 -0.181349 0.836989 142 90 70
0.362536 0.0313835 0.878398 132 84 61
-0.1411 -0.0441074 0.827862 106 60 38
-0.0838294 0.0547813 0.954544 160 106 83
-0.199845 -0.131378 0.881965 132 96 70
-0.335087 0.136141 0.772856 108 38 12
-0.204761 -0.167597 0.839749 150 144 90
0.268396 -0.140384 0.892129 140 136 90
0.355499 -0.0774416 0.858864 159 102 73
0.379515 -0.0699904 0.850953 104 61 47
0.25935 -0.122339 0.891097 121 119 76
0.394914 -0.0340925 0.898433 116 90 78
0.412038 -0.0813128 0.86042 132 92 82
-0.0733393 -0.0664741 0.872933 118 71 50
0.255719 0.0172701 0.928999 140 116 94
0.404037 -0.05273 0.87526 110 64 44
-0.290639 0.112506 0.778733 154 132 118
-0.305716 0.0361606 0.703961 104 37 40
0.320452 -0.0256452 0.890015 131 106 87
-0.189841 -0.040465 0.819792 160 102 80
-0.284941 0.0698299 0.741612 162 140 126
0.31063 0.0481935 0.917127 180 153 144
0.412708 -0.153804 0.90082 135 60 54
0.364464 -0.114932 0.832461 40 15 12
0.0657189 0.140035 0.828452 62 31 30
0.0590964 0.0762961 0.785653 138 64 56
0.344084 -0.132412 0.878218 152 149 98
0.385182 -0.179492 0.767983 150 131 122
0.0293091 0.0137958 0.858038 156 115 92
-0.309687 0.0916258 0.762666 152 118 86
-0.0577856 -0.109104 0.881802 167 128 110
0.337624 -0.0194138 0.898162 75 59 48
0.41884 -0.0222054 0.894025 116 88 68
0.325834 -0.0714831 0.870496 109 96 65
-0.235657 -0.136927 0.853548 142 92 68
0.0747492 0.0203019 0.799075 128 57 43
-0.0679884 0.05244 0.931628 193 146 120
0.103973 0.12625 0.845365 147 30 24
0.26767 -0.0934208 0.923353 158 148 126
0.0772844 0.127647 0.836373 154 30 30
0.339656 0.0174492 0.869994 104 60 28
0.374995 -0.0359315 0.89202 148 120 102
-0.305128 0.00480376 0.69321 120 16 17
-0.0200658 -0.145461 0.916474 68 28 18
0.406557 0.0365898 0.876988 182 162 159
-0.172175 -0.0357685 0.850056 140 97 84
0.403786 0.0292177 0.882226 122 76 54
0.280158 -0.213729 0.786085 158 132 120
0.0128583 0.0655735 0.833567 158 132 118
-0.064559 -0.214715 0.884367 172 100 76
0.091084 0.0716871 0.780502 90 85 72
-0.246504 -0.00456764 0.751621 144 86 71
-0.126499 0.0760021 0.927922 148 114 100
-0.321205 0.134085 0.769877 136 74 28
0.434669 0.0392717 0.895459 164 133 120
0.302209 -0.134968 0.920541 140 107 90
-0.222658 -0.171206 0.831383 146 90 71
0.365847 -0.184171 0.795201 146 117 104
-0.0442817 -0.239422 0.896816 79 42 28
0.368552 -0.183802 0.788007 148 122 115
0.379137 -0.123043 0.842993 152 52 24
0.34962 0.0926605 0.903854 176 152 146
0.347015 -0.209203 0.743072 170 144 135
0.123938 0.0130831 0.827015 158 94 75
0.363462 -0.315534 0.809696 156 133 102
-0.276558 0.0696696 0.757162 160 139 122
0.00987011 0.0657194 0.830166 159 132 119
0.433413 -0.171937 0.7924 141 114 80
0.2691 -0.239173 0.796434 155 130 110
-0.319238 0.0846439 0.72017 123 14 15
-0.13375 -0.0379888 0.967916 113 62 44
-0.074042 -0.0608482 0.883828 137 88 71
-0.138388 -0.053492 0.812066 87 40 19
0.290339 -0.20657 0.75865 162 130 120
0.00176777 0.0265856 0.963634 148 100 80
-0.0210876 -0.13246 0.913415 60 22 12
-0.320703 0.109089 0.76232 144 94 38
0.443257 -0.147579 0.929735 94 50 34
0.430774 -0.192935 0.774936 170 149 140
0.301575 0.0327242 0.888635 179 152 143
0.421865 0.0414049 0.88912 180 160 152
-0.142879 -0.0664156 0.821129 128 79 56
-0.0434913 -0.164596 0.910884 122 75 55
0.357136 -0.167898 0.866358 133 117 102
-0.0979659 0.0198737 0.943526 202 158 134
-0.185827 -0.0323245 0.857121 139 98 84
-0.00948389 -0.127581 0.911811 72 35 23
-0.280008 0.0603409 0.921965 181 132 110
0.334603 -0.0269214 0.894159 83 63 53
0.368071 -0.196088 0.75505 136 115 106
-0.272023 -0.0188396 0.738723 139 58 28
-0.0607805 -0.114449 0.880417 174 131 114
0.301694 -0.292923 0.89924 126 98 70
-0.331357 0.086778 0.73474 122 14 18
0.069244 0.0780106 0.780732 110 85 74
-0.116306 0.0553674 0.944924 136 84 56
-0.306206 0.0459581 0.715721 124 14 14
0.348715 -0.0443001 0.865138 156 110 80
0.395902 0.0952518 0.917342 179 159 154
0.296348 -0.183951 0.789857 130 105 66
0.388007 0.0143829 0.890585 133 96 78
0.353422 0.0932704 0.897299 178 151 145
0.0661804 0.0643035 0.776742 148 23 22
0.341057 0.0277806 0.863809 151 108 88
-0.0134518 -0.157951 0.927777 64 30 16
0.36138 -0.0223738 0.880011 151 121 106
0.35924 -0.0528878 0.864527 180 132 105
-0.321364 0.116982 0.786182 124 50 40
0.399033 -0.0786566 0.856946 87 62 62
-0.067233 -0.227067 0.894812 113 62 46
-0.229194 -0.151801 0.831172 130 76 56
-0.136147 -0.0756386 0.816139 144 92 70
-0.0591777 0.0689938 0.93657 145 92 64
-0.231354 -0.172629 0.832466 162 98 78
-0.322107 0.0918131 0.743249 114 29 8
-0.246684 -0.154764 0.837725 158 88 65
-0.293461 0.113099 0.779702 156 134 118
-0.0859597 -0.209835 0.909827 171 100 76
-0.306419 0.031647 0.697716 112 54 56
0.365028 -0.323578 0.808701 154 149 100
0.0589364 0.0640548 0.77626 156 24 24
0.335269 -0.0684392 0.862741 162 113 86
0.454306 -0.179581 0.809218 138 101 76
-0.237065 -0.0299402 0.763359 161 132 106
0.0894597 0.0504539 0.771902 144 28 23
-0.224915 0.0327197 0.887862 134 83 64
-0.192899 0.0794031 0.909869 82 34 19
-0.27239 0.0222353 0.724271 160 142 122
-0.274358 -0.172028 0.831338 48 20 12
0.273328 -0.0978546 0.918622 159 148 125
0.0830022 0.131786 0.828733 138 44 40
-0.243809 -0.0103229 0.744704 145 78 64
-0.340515 0.13444 0.758424 99 39 31
-0.114344 0.0299459 0.936289 178 125 99
-0.243029 0.0609363 0.876542 138 89 71
0.363959 -0.185431 0.759171 150 127 118
0.421127 0.049722 0.892447 180 160 154
0.482514 -0.299902 0.881525 94 82 62
-0.0245495 0.0445064 0.940295 158 114 96
-0.0471747 -0.223506 0.890974 88 50 38
-0.236126 -0.00190346 0.766725 166 118 92
0.36754 0.0324009 0.872455 138 88 64
-0.235024 -0.157917 0.829083 148 84 66
-0.239869 0.0818493 0.88857 107 58 36
-0.220176 0.051266 0.89472 125 76 56
0.313276 -0.0190392 0.909015 136 110 94
0.26047 -0.0223273 0.94856 113 81 51
0.369098 -0.0577839 0.857546 191 163 144
0.317639 -0.306008 0.916723 128 102 74
-0.0249782 -0.177014 0.919417 50 18 10
0.107574 0.0712811 0.778024 123 54 47
-0.327557 0.118286 0.748372 118 20 11
0.288848 -0.179188 0.790589 154 152 100
-0.312451 0.088151 0.736217 118 16 10
0.374165 -0.184013 0.761547 153 132 124
0.316876 -0.171509 0.929835 122 88 56
-0.110156 -0.141422 0.944526 170 122 91
-0.264963 0.0806761 0.890838 114 65 36
-0.161775 -0.0424895 0.822335 154 102 86
0.247828 -0.00287689 0.980772 138 128 100
-0.320103 0.0725218 0.712655 72 16 24
-0.0729306 -0.12063 0.892537 176 130 108
-0.265243 0.142452 0.7812 148 126 112
-0.22554 -0.205484 0.863339 146 120 78
0.308388 -0.165417 0.796486 129 108 64
-0.298035 0.0272488 0.706207 124 16 17
-0.0734141 -0.21613 0.912347 176 104 82
0.34404 -0.199515 0.751861 169 143 134
-0.160208 0.0788543 0.919916 60 26 19
0.359781 -0.156435 0.871821 107 100 84
-0.252541 -0.00288426 0.755603 130 16 15
0.401155 0.00149282 0.902199 171 138 124
0.300784 -0.312117 0.919419 141 122 102
0.297437 -0.218266 0.772246 156 127 116
-0.298093 0.126371 0.779896 138 118 105
-0.267251 -0.0931783 0.860171 150 102 80
0.363813 -0.140862 0.848181 143 70 58
-0.205783 -0.147325 0.860704 112 80 51
-0.295783 0.106631 0.772 156 136 119
-0.173216 -0.00164775 0.896716 146 103 90
0.12988 0.100816 0.810597 159 89 84
-0.0209677 -0.110257 0.920191 76 40 27
0.0483954 0.141342 0.830446 104 78 73
-0.158951 -0.0719415 0.820891 110 59 36
-0.175852 -0.0353947 0.832983 142 98 86
-0.102542 0.0477669 0.942168 184 132 110
-0.233485 0.0704115 0.892379 116 66 44
-0.0918478 -0.0611513 0.867827 132 81 64
0.276261 -0.117378 0.895874 152 128 97
0.341869 -0.0126377 0.905376 124 100 84
-0.24203 -0.150529 0.830967 149 83 60
-0.0647751 -0.185792 0.907936 87 36 24
-0.0637804 -0.193388 0.899909 152 89 68
-0.061495 -0.0834498 0.881078 152 110 90
0.246056 -0.247896 0.840076 145 142 92
0.160767 0.0757052 0.82924 113 98 88
0.329442 -0.0199031 0.896467 124 102 84
0.0152117 0.0655063 0.838165 158 132 122
-0.23806 2.8011e-05 0.753875 160 117 90
0.0733786 -0.169774 1.3908 140 132 110
0.330673 -0.0337256 0.887793 152 124 110
-0.0533698 -0.162674 0.913385 150 102 78
0.270034 -0.282502 0.878638 124 105 62
0.369844 -0.0392477 0.887364 148 120 100
-0.0984991 -0.058638 0.839022 152 100 82
-0.0673376 0.0518614 0.938118 194 146 121
0.268608 -0.103556 0.925562 156 148 124
0.306555 0.0515207 0.898319 182 155 146
0.297878 -0.154402 0.896475 135 92 62
-0.053854 -0.237732 0.892653 59 24 12
0.0837334 0.0293132 0.803753 103 34 23
-0.255536 -0.145966 0.84035 116 58 39
-0.208833 0.0667493 0.910266 92 43 23
0.253912 -0.269838 0.857558 145 140 90
-0.128943 -0.0360647 0.964598 129 80 59
0.322742 -0.0137317 0.91484 112 94 76
0.257707 0.0246674 0.932261 128 104 82
0.426987 -0.0888099 0.882529 110 61 42
-0.101089 -0.0794454 0.844595 150 101 83
0.353199 0.0289805 0.867576 132 84 58
-0.020543 -0.231409 0.907014 44 24 12
-0.0474879 -0.253062 0.900605 69 40 18
-0.137062 -0.0796039 0.818914 150 100 78
0.0231408 0.0623076 0.813556 166 129 116
0.235575 -0.290165 1.33379 122 120 75
-0.204321 -0.14167 0.864794 104 70 40
-0.313101 0.053943 0.707986 96 42 43
-0.202632 -0.0846905 0.839022 90 48 24
-0.322468 0.0900602 0.729898 124 18 16
-0.00683965 0.0188085 0.955783 142 94 77
0.115147 0.0782444 0.779161 144 71 67
-0.0750952 0.029713 0.943239 174 122 100
-0.243849 -0.129988 0.85889 138 87 64
0.326329 -0.121027 0.950451 96 70 56
-0.058665 -0.254203 0.908344 53 26 14
-0.20667 -0.173564 0.852767 150 144 91
-0.10816 -0.0687175 0.837959 171 115 100
-0.0723041 -0.0771504 0.859288 124 78 59
-0.198621 0.0361509 0.915559 158 110 92
0.350008 -0.308215 0.831312 157 142 109
-0.245018 -0.00230277 0.762127 162 124 100
-0.194585 -0.0738929 0.842304 118 70 44
-0.287577 0.0964924 0.760959 158 136 122
0.0561471 0.131311 0.82576 144 36 35
0.355265 -0.238167 0.772346 129 75 52
0.297024 -0.196734 0.775474 160 118 109
-0.0355468 0.0521342 0.938116 158 110 87
0.0608716 0.130299 0.82314 138 43 42
-0.0505967 0.0548458 0.932628 157 104 80
0.300035 -0.172449 0.911721 154 150 99
0.336809 -0.0519012 0.866286 166 106 76
-0.145629 0.0618276 0.896916 92 50 33
-0.281632 -0.0096963 0.722592 149 108 44
-0.0900133 -0.144251 0.928572 174 126 96
-0.169515 -0.0288068 0.837327 140 98 86
-0.07417 -0.0519865 0.93224 167 118 98
-0.00830615 -0.0942333 0.939568 155 140 114
-0.210276 0.0386245 0.899036 142 92 74
-0.237517 -0.15269 0.833134 142 80 59
0.426714 0.00523765 0.91936 136 98 80
-0.251354 -0.177661 0.818361 162 108 88
-0.135733 -0.0435136 0.949659 80 37 18
0.340503 -0.146901 0.878114 156 154 102
-0.268096 -0.0166611 0.743714 140 34 22
-0.0137344 -0.127653 0.911262 56 22 14
0.0788874 0.0110465 0.788083 88 46 27
-0.30897 0.0597871 0.70758 122 14 14
-0.241397 -0.16093 0.819245 172 98 76
-0.222212 -0.167862 0.831984 148 95 78
-0.190169 0.0590609 0.896721 104 54 30
0.354741 -0.109985 0.843342 160 132 120
-0.277428 0.00198093 0.721225 149 106 44
-0.292433 0.0507375 0.729212 142 87 78
0.378142 -0.129242 0.839409 172 74 44
-0.204401 -0.0268989 0.886883 135 88 74
-0.0669036 -0.0438458 0.935273 186 140 116
-0.0108445 -0.100591 0.937375 124 100 75
0.411004 -0.026386 0.917837 86 52 38
0.343141 -0.170161 0.864226 156 155 102
-0.326642 0.139816 0.768237 122 18 8
0.415119 0.0770136 0.90491 178 158 152
-0.073724 -0.161089 0.921389 164 114 85
-0.190331 -0.0265199 0.882392 140 100 90
-0.0659432 -0.00148672 0.933732 197 152 128
-0.331927 0.11164 0.757652 138 77 30
-0.291762 0.093783 0.755628 158 136 121
-0.248618 0.00237514 0.897703 186 140 116
-0.289298 -0.0130656 0.720334 144 106 51
-0.0164481 -0.111042 0.924127 74 35 21
0.0933593 0.117353 0.839204 160 26 23
0.345146 -0.00779376 0.899661 132 105 92
-0.0980074 0.0490386 0.945604 185 134 110
0.277242 -0.186165 0.804281 154 150 102
-0.27784 -0.0185955 0.733713 142 96 34
0.26191 0.0377787 0.936061 107 84 66
-0.24402 -0.14596 0.830385 146 82 58
-0.284978 -0.0894161 0.867401 61 22 12
0.349289 -0.167601 0.860612 148 137 96
-0.146306 0.0825044 0.911514 116 86 80
-0.24605 -0.172635 0.81683 113 62 48
-0.294482 -0.0955791 0.86594 38 10 5
-0.0707459 -0.184266 0.899752 108 53 34
-0.0398134 -0.175477 0.917786 88 38 26
-0.290115 -0.0236488 0.677955 162 146 128
0.397303 0.00213022 0.904357 158 122 106
0.366033 -0.132304 0.838402 146 82 65
-0.0804438 -0.244068 0.914549 124 79 62
-0.0438516 -0.224865 0.89673 66 34 25
0.0554085 0.112419 0.814074 149 54 52
0.078989 0.0210027 0.795343 98 45 31
-0.238183 -0.0427715 0.87208 120 72 48
-0.278148 -0.0702922 0.877099 114 68 52
-0.239835 -0.194795 0.836966 128 80 57
0.134722 -0.255011 1.34508 118 116 73
0.355028 -0.30892 0.825064 154 137 107
-0.0611461 0.038788 0.933928 192 144 118
-0.0343269 -0.232741 0.901465 58 29 15
-0.195894 -0.0356923 0.851413 117 70 48
-0.314703 0.17343 0.766065 118 14 16
-0.245238 -0.168892 0.835492 174 102 80
-0.247072 -0.0700373 0.862244 140 94 74
0.345145 0.0548287 0.882097 182 160 152
-0.264526 0.0607345 0.903358 162 116 96
0.330525 -0.0627599 0.890219 84 82 54
-0.196088 -0.0807775 0.8441 86 44 22
0.217631 -0.220001 1.36993 107 105 64
-0.267381 0.140552 0.782546 144 124 110
-0.301323 0.0838573 0.752644 146 99 88
-0.255507 -0.0798834 0.862904 150 104 84
-0.223956 -0.211865 0.866908 150 145 94
0.433997 0.0543281 0.90297 184 158 146
-0.296286 -0.00671984 0.711393 140 92 36
-0.0121038 0.0485286 0.937336 142 102 82
0.320161 0.0911206 0.915515 174 146 136
-0.294573 0.106483 0.779461 157 134 120
0.34049 -0.0632793 0.854892 184 116 85
-0.275276 0.00529471 0.72232 145 104 46
-0.308606 0.0868878 0.750743 120 32 16
0.33652 -0.176147 0.76526 148 110 95
0.401187 0.0922919 0.908823 178 158 152
0.307265 -0.174202 0.921424 125 112 64
-0.0696446 -0.161438 0.916661 162 114 86
-0.207058 -0.0805651 0.832923 90 48 24
0.292565 -0.127472 0.903984 97 65 49
-0.258193 0.14654 0.803054 160 138 126
-0.0511525 -0.0855871 0.926746 114 70 54
-0.0964604 -0.19688 0.921009 168 120 88
-0.159942 0.0455175 0.895782 120 74 52
-0.102304 -0.0598513 0.830519 165 112 96
0.127596 0.0211343 0.820913 138 34 26
-0.128897 0.00130663 0.958646 153 101 80
0.300027 -0.164013 0.920676 153 149 96
-0.257517 -0.16761 0.818399 111 62 44
0.435157 0.0855333 0.934736 173 153 146
-0.0640987 -0.161867 0.912603 160 110 84
-0.213769 0.0389541 0.902391 138 88 70
0.383896 -0.22898 0.747535 176 150 142
-0.146905 0.0784321 0.904439 91 61 52
-0.262648 -0.00773142 0.732302 151 61 40
-0.0133397 -0.16595 0.919759 118 70 50
0.345776 -0.11999 0.843146 161 132 116
-0.154181 -0.0500899 0.8286 156 104 90
-0.214169 0.0301427 0.900502 146 94 76
-0.171354 0.0847979 0.914255 88 44 32
-0.20223 0.0279143 0.902634 150 102 82
-0.0137548 -0.182332 0.918434 70 33 19
-0.174749 0.0642029 0.900795 139 91 68
-0.08367 -0.063889 0.870468 102 52 28
0.0485908 0.107521 0.800557 148 72 68
-0.0119657 -0.147899 0.919375 50 18 11
-0.0723316 -0.17165 0.911986 158 104 76
0.0101827 -0.140659 0.925319 127 102 64
-0.0950565 -0.215724 0.916339 176 112 85
-0.200483 -0.0788148 0.844009 90 49 24
0.359195 -0.321445 0.81492 157 148 100
-0.201225 -0.076529 0.835614 94 53 28
-0.319454 0.113798 0.751043 139 57 22
0.363284 -0.163597 0.782624 148 122 111
0.0595443 0.0945394 0.786666 132 116 112
0.430482 -0.186153 0.781646 173 150 144
0.39109 -0.0599793 0.862567 172 136 110
0.445506 -0.165125 0.923327 76 30 19
-0.0841433 -0.145842 0.934401 169 122 92
-0.214055 -0.163372 0.837623 141 113 76
-0.140052 0.0573752 0.904844 78 34 22
-0.0558745 -0.218569 0.892933 142 84 66
0.413214 -0.264152 0.803247 69 46 34
-0.289021 -0.188466 0.860925 45 17 11
-0.0379724 -0.213223 0.895214 36 12 6
0.422037 -0.200717 0.770058 171 150 142
-0.328322 0.129315 0.758874 112 14 10
0.0859186 0.0260641 0.803558 104 26 18
-0.242235 -0.175932 0.827553 150 90 72
-0.00138655 -0.100583 0.935833 156 146 122
0.223827 -0.207094 1.37377 102 102 62
-0.0884175 -0.0496634 0.930914 156 108 90
0.0981874 0.0957946 0.792425 139 93 86
0.370548 0.0169461 0.881985 116 73 50
-0.253812 -0.0640515 0.859902 137 92 72
-0.201737 -0.131364 0.872354 132 93 70
0.0494184 0.0370122 0.781319 68 20 12
-0.227057 0.0414969 0.89302 127 75 54
-0.295816 0.151937 0.767492 128 14 16
0.305489 -0.22481 0.760297 113 66 39
-0.25333 0.0583799 0.909008 141 91 72
-0.277031 0.0365696 0.940745 174 126 104
-0.06556 -0.252024 0.902855 48 24 11
-0.13136 -0.0211438 0.943954 108 54 37
0.392595 0.00240896 0.908119 168 128 108
0.372551 -0.320367 0.812599 125 88 54
0.264918 -0.306115 0.887191 125 108 63
-0.204114 -0.159605 0.861017 124 102 62
0.36242 -0.119862 0.829734 144 82 66
-0.122627 0.0124871 0.941059 159 107 86
0.334409 -0.148289 0.885621 156 154 101
0.290568 -0.194007 0.788046 134 94 72
-0.283077 0.0622122 0.745777 162 142 124
0.114684 0.132947 0.844714 147 32 32
-0.319069 0.175537 0.754571 116 18 20
-0.0126275 -0.19125 0.932242 88 54 30
-0.250735 0.014471 0.899512 178 130 108
-0.0399331 -0.242983 0.898954 78 46 28
-0.221204 0.00926115 0.898674 143 95 78
-0.0217824 0.0476558 0.948203 152 111 93
0.372489 -0.215823 0.736723 98 80 73
-0.247653 -0.211869 0.828633 44 26 12
-0.176001 0.0713701 0.900761 66 24 16
0.325345 0.0587365 0.886724 190 167 159
-0.291101 0.154674 0.766653 123 20 21
-0.225232 0.0501691 0.889543 124 72 53
-0.141885 -0.147144 1.01465 124 86 55
0.376736 -0.0460251 0.873871 160 132 116
-0.0945312 -0.226636 0.921189 151 94 74
-0.194616 -0.157837 0.895573 145 122 80
-0.258436 -0.00200865 0.747239 136 13 17
-0.157681 -0.130158 0.966598 98 62 30
0.392595 -0.05722 0.868766 154 121 95
-0.250931 -0.02935 0.764971 160 142 120
0.280478 -0.283384 0.886708 119 82 47
0.363462 -0.296818 0.806374 124 8 8
-0.0758344 -0.244712 0.899607 92 58 44
-0.278129 -0.0978193 0.868743 109 64 48
-0.24949 -0.0792847 0.868275 146 100 80
0.337059 -0.127165 0.914058 68 66 33
0.283831 -0.290817 0.890115 96 60 28
0.27718 -0.179901 0.797383 154 151 102
0.422326 -0.180082 0.77826 172 152 142
-0.13821 0.0260814 0.945838 86 36 22
-0.260946 -0.075667 0.860381 152 106 85
0.0946531 0.0490355 0.769612 144 30 23
0.160666 0.0658319 0.835419 152 136 118
0.0788675 0.0821104 0.78028 117 101 88
-0.0370283 0.0171549 0.955126 172 129 112
0.0971051 0.0744085 0.778842 83 71 53
0.383994 -0.0424406 0.893705 162 136 118
0.41123 -0.173792 0.776902 153 121 104
0.286681 -0.0117101 0.930806 96 61 34
-0.233062 -0.201419 0.826042 146 103 78
0.299012 0.0862858 0.945483 157 125 116
-0.0522678 -0.251133 0.893088 58 32 16
-0.136551 0.0448623 0.9398 84 35 21
-0.217389 -0.160201 0.836147 130 86 62
-0.306305 0.0615123 0.7156 116 22 22
0.331908 -0.167178 0.874539 156 154 100
0.366896 -0.304974 0.812024 124 10 8
0.355629 0.00257042 0.894415 142 112 99
0.311611 -0.170057 0.778476 160 154 104
0.282146 -0.277531 1.33426 122 120 76
-0.024881 -0.249805 0.926112 56 38 18
0.340384 0.0122214 0.892484 118 76 53
0.255011 -0.236687 0.857041 146 144 92
-0.0127181 -0.0896594 0.933017 138 109 79
0.248174 -0.0380365 0.97503 152 142 117
-0.308035 0.0469593 0.712712 108 32 34
0.105549 0.0725705 0.783754 115 52 46
0.236184 -0.295489 1.33129 124 121 76
-0.272767 0.0435375 0.915356 180 132 109
-0.289072 -0.0748046 0.873534 110 64 48
-0.265615 -0.150297 0.831489 79 42 32
0.411465 0.0912509 0.916872 176 156 150
-0.0192005 0.0597245 0.878325 116 70 41
-0.283747 -0.076005 0.873664 88 42 28
0.127892 0.11863 0.813268 121 29 26
-0.0280503 -0.240215 0.905145 46 28 10
0.332881 -0.0725674 0.859809 146 111 82
-0.275829 0.076578 0.907058 148 97 70
-0.0345854 -0.157575 0.912475 119 72 54
-0.041676 -0.187226 0.888154 30 10 5
-0.244883 -0.170921 0.827343 178 106 84
0.254403 -0.225761 0.861633 148 146 95
-0.00445897 0.0048099 0.964825 160 114 95
-0.0927439 -0.197337 0.906322 172 111 86
-0.0407182 -0.201763 0.893456 96 54 40
-0.270297 -0.197816 0.832792 58 31 18
0.0560706 0.0606523 0.781672 155 26 25
0.128639 0.0285968 0.804572 138 32 24
-0.195083 -0.0974052 0.86876 114 71 50
-0.227438 -0.194817 0.835061 148 92 64
-0.322676 0.183716 0.768084 148 100 92
-0.221406 -0.153424 0.846412 46 15 6
0.268993 -0.0263907 0.946063 104 72 37
-0.0275952 -0.12503 0.913476 54 15 8
-0.255733 -0.148101 0.822866 128 72 50
-0.291055 -0.0396849 0.682953 163 148 127
-0.133196 0.0469407 0.915368 82 34 20
-0.0389014 0.0457337 0.936954 162 114 92
-0.0284183 -0.190482 0.901494 34 12 7
0.340904 -0.16751 0.76743 138 96 80
0.466245 -0.0280666 0.950474 98 70 52
-0.28135 0.0591174 0.728798 162 141 126
0.313728 0.0583082 0.896651 182 157 150
0.0625522 0.0551931 0.766158 150 26 25
0.335342 0.0948226 0.924835 188 158 148
0.350865 -0.135734 0.834327 82 80 68
-0.139394 0.0479916 0.928105 79 34 20
-0.25018 -0.165994 0.825961 184 116 93
-0.256992 -0.201056 0.824778 49 27 18
0.0767009 0.13485 0.833642 113 19 18
-0.226124 -0.166463 0.834161 149 94 77
0.325533 -0.0783898 0.985308 124 95 68
0.372273 -0.305611 0.81688 124 6 8
0.0764748 0.097877 0.792768 130 54 50
-0.229398 -0.162929 0.833469 151 95 77
0.362512 0.0161069 0.875706 132 95 78
0.205672 -0.266824 1.31871 126 124 76
0.386908 -0.211931 0.744408 161 146 139
-0.0111501 -0.0113243 0.95649 163 115 95
0.306739 -0.31589 0.920242 136 116 98
0.125701 0.112143 0.818727 154 26 28
0.247668 -0.0079977 1.00152 142 132 104
-0.259323 -0.0194892 0.74251 134 14 16
-0.122263 -0.0242819 0.953944 144 93 70
-0.172332 -0.132228 0.941578 115 78 52
-0.0355361 0.0557024 0.939498 150 100 77
-0.258765 0.0312562 0.906952 170 122 101
0.119569 0.113167 0.804722 153 26 24
0.254198 0.0325297 0.942211 114 98 72
-0.257601 -0.155628 0.827575 172 107 85
-0.018853 -0.19139 0.90917 40 16 5
-0.0661879 -0.204044 0.903959 162 98 76
0.0499743 0.0582787 0.797971 153 26 24
-0.00996605 -0.169765 0.913539 70 31 16
-0.218212 -0.140099 0.859924 122 81 55
-0.174022 0.032709 0.896513 152 110 93
0.360888 -0.302124 0.818794 124 14 12
0.363593 0.0122613 0.883274 158 126 110
0.451475 -0.1471 0.923698 96 58 45
-0.112316 -0.11619 0.920247 140 96 64
-0.305906 0.0575334 0.719688 121 16 16
-0.214929 0.00152037 0.900555 141 92 75
-0.242525 -0.143122 0.842448 52 14 5
-0.153354 0.0445638 0.910098 113 66 48
-0.059658 0.0378191 0.940257 185 137 111
-0.22099 0.0557878 0.899558 122 73 56
0.261544 0.0225414 0.921983 110 90 72
-0.0273625 -0.150711 0.918822 69 31 20
0.293926 -0.189347 0.77729 126 89 66
-0.110052 -0.00215638 0.940846 184 134 108
-0.146383 0.0584066 0.911764 88 43 29
-0.198459 -0.0866566 0.847721 102 62 35
-0.0399046 -0.252841 0.907083 38 20 5
-0.0199827 -0.178825 0.915046 67 29 18
-0.0164226 -0.104368 0.91983 72 37 20
-0.0761736 0.00610112 0.940699 182 133 108
0.352796 0.0733699 0.891699 121 31 36
0.280971 -0.301193 0.889957 129 101 73
-0.249094 0.0946212 0.873382 122 83 65
-0.0424739 -0.180803 0.912904 74 29 16
0.0708716 0.127816 0.835172 156 29 27
-0.271316 -0.172895 0.83575 98 56 44
-0.000466829 -0.146331 0.922546 88 48 26
0.0635277 0.113486 0.817419 159 26 24
0.0928536 -0.193251 1.36556 90 88 50
-0.27582 -0.130611 0.854819 48 20 14
0.428284 -0.199934 0.770017 171 148 140
0.311788 0.0210319 0.879528 168 137 122
-0.0201603 -0.104976 0.929856 66 28 15
-0.198674 -0.150025 0.881315 132 97 67
-0.214736 0.0506943 0.903518 130 80 62
-0.187424 0.0587473 0.897533 106 56 30
-0.0284169 0.0513341 0.948178 158 110 88
-0.0571781 -0.175181 0.908246 137 88 62
-0.123271 -0.0749799 0.80768 141 91 68
-0.0468973 -0.24245 0.89577 40 18 8
0.341159 0.0544743 0.886686 183 159 152
-0.0545622 -0.1743 0.910062 118 70 48
-0.300949 -0.187587 0.856037 62 33 25
-0.0693836 0.0458009 0.933211 197 150 126
-0.191712 -0.128947 0.871368 132 95 68
-0.0265063 -0.179097 0.911705 102 56 44
0.00377059 -0.0703028 1.00647 145 127 100
-0.249189 0.140253 0.811503 161 141 131
0.35114 -0.125257 0.830335 159 129 116
0.322629 -0.0894969 0.981095 150 120 98
0.435916 0.016051 0.930254 130 92 76
-0.319253 0.104705 0.734728 139 82 32
0.281265 0.0776499 0.93308 135 104 91
0.326138 0.0885692 0.91401 181 156 150
-0.25167 0.0710314 0.90043 129 79 61
-0.328761 0.140821 0.762748 98 8 8
-0.0418814 -0.214867 0.896876 82 44 36
-0.115421 -0.0642138 0.84414 124 69 55
-0.182891 0.0550936 0.897 111 62 34
-0.0203907 0.0522419 0.937685 152 106 86
0.376798 0.0168693 0.8894 104 60 35
-0.0285633 0.0444548 0.940181 160 115 95
-0.302943 0.0564461 0.723647 122 16 14
0.422754 -0.191153 0.773668 142 82 75
-0.263475 -0.0551133 0.867511 99 58 44
-0.262409 0.160963 0.774806 164 142 130
0.253939 -0.234732 1.32835 118 116 74
-0.103089 -0.0246737 0.952525 188 142 118
-0.258103 -0.135369 0.84784 133 78 54
-0.287568 -0.0359923 0.685333 162 146 126
0.0886331 0.0870409 0.785162 148 30 26
0.249739 0.0372045 1.01211 132 119 94
0.345976 0.0317766 0.884829 166 129 114
-0.115905 0.0108675 0.950214 180 128 102
0.0727851 0.0668112 0.776038 112 47 40
-0.24521 0.0730136 0.903967 118 68 46
0.358813 -0.21267 0.75547 167 142 132
-0.0851794 -0.239804 0.912343 177 118 92
0.0611649 0.0388544 0.798354 117 28 22
0.0539829 0.0505551 0.779634 134 24 20
0.310235 0.0188054 0.897867 170 138 124
0.346051 -0.019396 0.906118 130 103 87
0.257899 -0.204391 0.848949 150 146 94
0.304371 -0.216792 0.750661 118 69 46
0.289246 -0.196906 0.813043 107 74 46
0.0999668 0.116666 0.835521 151 56 50
-0.156334 -0.0769893 0.820486 126 75 52
0.455933 0.0584357 0.931236 184 158 140
-0.122706 -0.0614532 0.84087 130 77 59
-0.0345704 0.0413784 0.941045 162 114 93
0.281209 -0.186797 1.39593 92 94 55
-0.300699 0.108043 0.772599 157 136 120
0.0605162 0.0284966 0.781182 76 20 15
0.281343 -0.255211 1.36234 116 116 74
0.315463 -0.294922 0.866876 158 142 117
0.465252 -0.00707837 0.923666 143 124 102
-0.184436 -0.0852361 0.848593 166 118 86
-0.249066 -0.0299626 0.767868 158 142 118
-0.25132 -0.2043 0.830219 70 40 24
0.331695 -0.176832 0.761251 152 121 106
-0.171274 -0.0142167 0.872941 145 102 86
-0.206909 -0.114073 0.863796 142 102 82
0.123182 0.0772232 0.784807 166 82 82
0.0353238 0.104288 0.806239 156 30 26
-0.0860354 -0.182478 0.932594 88 41 20
0.358175 -0.313643 0.82114 152 135 102
0.407245 -0.0324158 0.894625 116 72 48
0.253892 -0.272412 0.854488 145 140 90
-0.257791 0.0369409 0.899734 167 119 98
-0.226919 -0.138423 0.861806 118 72 50
-0.0694255 -0.0256794 0.932796 194 149 124
-0.281658 0.158024 0.766447 131 65 58
0.384491 0.0266141 0.896722 108 64 36
0.415235 -0.0627961 0.879332 145 90 65
-0.169385 0.0247396 0.909148 147 104 88
0.339935 -0.167313 0.814384 142 114 92
-0.246869 -0.00612079 0.743017 126 20 17
0.37131 -0.00210964 0.90409 137 96 74
0.264314 -0.295655 0.885395 134 113 70
0.368142 -0.257973 0.779321 124 10 10
0.379646 0.0157569 0.880436 121 80 56
0.109709 0.0760431 0.776387 132 48 46
-0.0351041 -0.18987 0.900207 29 9 4
-0.281188 0.120973 0.789322 142 121 107
-0.207495 -0.147738 0.878013 111 77 48
-0.025055 -0.196365 0.898199 31 14 7
0.278917 -0.132515 0.891505 146 115 90
-0.206751 0.081282 0.903334 114 66 43
0.0499243 0.0504522 0.787301 129 24 18
0.0672171 0.094488 0.788681 91 76 70
-0.0639704 -0.210765 0.899186 166 98 76
-0.0676285 0.00658343 0.936202 202 157 132
0.0613136 0.0716093 0.784967 148 22 19
-0.0757981 0.0538696 0.941473 168 115 92
0.34966 -0.0156831 0.895467 126 100 82
-0.0201768 0.0498414 0.945226 154 112 95
0.298896 -0.176889 0.925848 154 152 99
-0.297937 -0.00779196 0.724005 144 101 40
-0.0383545 -0.163456 0.917902 108 64 46
-0.240111 -0.0257116 0.765146 160 130 104
0.343918 -0.0515687 0.846009 172 106 74
-0.31601 0.17473 0.759356 117 34 32
-0.190401 -0.0762153 0.837631 112 67 42
-0.289328 -0.198029 0.847118 58 31 17
0.419684 0.0887284 0.920774 176 155 150
0.309504 -0.0301297 0.877162 129 102 84
-0.0746278 0.0338099 0.938281 170 117 96
-0.141979 0.0287774 0.920302 91 42 28
-0.150209 0.058844 0.907732 102 54 36
-0.0973889 0.0660455 0.947726 119 66 36
-0.0352886 -0.249789 0.902262 42 27 12
0.116099 -0.25046 1.3513 112 112 66
-0.33995 0.102439 0.758891 144 106 73
0.346016 -0.297037 0.818065 136 102 76
0.319258 -0.288504 0.831805 158 142 112
0.478212 -0.0195389 0.941133 84 68 54
0.357713 -0.254804 0.783092 124 8 8
-0.047138 -0.212098 0.897077 90 55 44
0.262897 -0.135481 0.891011 136 133 86
0.42655 0.0402364 0.88642 179 152 142
0.255577 -0.142528 0.883891 136 135 87
-0.222018 0.0596962 0.904964 118 70 52
-0.090388 -0.0550432 0.895475 133 82 64
-0.226474 0.0561649 0.894072 122 72 52
0.322892 -0.0407905 0.904685 102 80 55
-0.054952 0.0691891 0.936526 140 89 62
0.338127 -0.123268 0.832392 149 119 104
-0.135116 0.0144171 0.950365 121 68 52
-0.29675 -0.00182952 0.725855 150 104 46
-0.0988743 -0.0359301 0.935111 184 138 114
-0.302056 0.0448597 0.715693 124 17 20
-0.307075 0.0513249 0.705643 110 32 33
0.343058 -0.124782 0.829411 158 132 116
0.373382 -0.214606 0.748719 114 92 84
0.290777 -0.216448 0.77397 160 130 119
-0.27433 0.1091 0.836937 152 129 115
0.36562 -0.00203239 0.896148 132 96 78
-0.154653 0.0364013 0.907054 130 84 70
0.459763 0.0705272 0.954711 125 100 90
-0.206964 -0.17832 0.842281 149 145 91
0.319671 0.023387 0.875897 172 133 113
0.34641 -0.088942 0.868019 170 126 106
-0.180968 0.0433337 0.901134 155 108 92
-0.234993 0.0620263 0.89813 122 72 52
0.169633 -0.276598 1.35025 130 127 79
0.257332 -0.263262 1.32277 118 118 74
-0.244993 -0.15583 0.825086 168 93 71
-0.192394 -0.16731 0.868474 148 142 89
0.0972915 0.0436207 0.782771 142 28 22
0.382108 -0.0568043 0.857607 169 140 125
-0.160766 0.0422111 0.877124 142 94 76
0.366305 -0.211117 0.758615 146 118 108
-0.252458 -0.166163 0.822846 152 90 72
-0.187098 -0.11989 0.882024 130 92 63
-0.244107 0.00440998 0.747962 158 127 102
-0.0501315 -0.0798432 0.901132 142 102 87
0.311569 -0.010297 0.910894 142 116 100
-0.0450674 0.0680914 0.954265 120 70 42
-0.103078 -0.211511 0.898765 162 116 80
0.35523 0.0231962 0.854485 98 54 28
-0.260637 -0.167149 0.832905 106 51 37
0.277043 -0.230616 1.36154 113 114 73
-0.249412 -0.11919 0.863879 148 100 76
-0.0176616 -0.2148 0.915403 46 30 14
-0.236882 -0.00719389 0.74224 162 130 106
-0.0928756 0.0568831 0.951695 156 101 72
-0.16871 0.0493854 0.893931 126 76 54
-0.0829979 0.0304848 0.942417 158 103 82
-0.218608 0.0381534 0.905146 136 86 66
0.0415409 0.0514307 0.791467 119 22 15
0.307811 -0.170368 0.926982 154 146 98
0.340717 -0.301071 0.842003 156 140 110
0.330254 -0.160407 0.885277 158 154 102
-0.228458 0.0604421 0.898754 120 69 48
-0.270072 -0.0922811 0.858645 107 66 51
-0.312823 0.0880062 0.748904 130 42 18
-0.0603425 -0.172294 0.910865 148 96 72
0.127742 0.0251054 0.813239 138 32 26
-0.256662 -0.0598403 0.869105 138 94 74
0.302284 -0.25959 0.810889 110 42 21
-0.0685614 -0.173224 0.923849 151 98 71
-0.294493 0.161867 0.783359 132 58 52
0.45 -0.16126 0.93276 89 46 32
-0.0688165 -0.0317015 0.935234 194 149 124
-0.0365799 -0.185988 0.909746 56 18 10
-0.106556 -0.0126729 0.938998 189 141 116
0.197308 -0.249267 1.33938 126 124 79
-0.250329 -0.0436732 0.814468 157 130 106
-0.0921914 0.0540588 0.958201 165 110 88
0.316902 -0.304346 0.887506 152 130 110
-0.0182967 -0.0301341 0.948821 169 124 106
-0.227777 0.0370562 0.897047 130 78 58
0.190899 -0.208073 1.37842 100 100 58
-0.162535 -0.0623341 0.81441 129 74 55
-0.243877 -0.0851866 0.857391 158 111 90
-0.175277 -0.0350912 0.850378 140 98 86
0.376714 -0.063353 0.85413 164 128 111
0.263702 -0.286069 0.877584 130 112 67
-0.298573 0.119581 0.768469 150 128 114
-0.114313 -0.0591075 0.835595 145 88 72
-0.0756449 0.0218619 0.942133 173 122 98
0.264165 -0.240851 0.846531 123 118 87
-0.214499 -0.129128 0.866106 147 104 82
0.278778 -0.00260424 0.923751 142 107 90
-0.102805 -0.0405083 0.945441 184 136 112
0.32071 0.0873474 0.916953 177 148 141
-0.0279989 0.0259819 0.943934 156 114 96
-0.183153 -0.124583 0.898827 123 80 56
-0.256082 0.158688 0.798925 163 142 130
0.383993 0.00326038 0.905671 144 104 82
-0.272895 0.0453345 0.736652 162 140 124
-0.0243821 -0.192537 0.918828 41 16 8
0.381667 -0.23199 0.755256 181 154 146
0.0822073 0.108298 0.822646 162 26 26
-0.121072 0.00876752 0.946247 165 114 92
-0.220579 0.0176372 0.896732 142 94 77
0.425181 0.0165773 0.91592 135 96 80
-0.0311204 -0.23528 0.90018 52 28 14
-0.044598 0.0225981 0.946394 171 124 105
-0.297808 0.166187 0.759972 128 12 14
-0.228217 0.0708876 0.900257 104 56 35
0.332222 -0.0788766 0.89632 118 104 80
-0.0194344 -0.184381 0.912597 111 66 47
0.104564 0.0173633 0.829096 134 28 20
0.257863 -0.254456 1.34261 118 117 73
0.360191 -0.328477 0.815851 158 150 97
0.0186029 -0.000222911 0.948699 163 122 100
0.452848 -0.190183 0.800005 144 131 122
-0.273714 -0.0128191 0.734426 154 98 50
-0.282714 -0.105782 0.853006 68 31 20
-0.286787 -0.197644 0.835323 61 29 14
0.441378 -0.121539 0.853965 156 96 62
-0.0517181 -0.0322417 0.935614 178 134 116
-0.221558 -0.157524 0.846623 78 42 24
0.332616 -0.283411 0.82082 122 18 12
0.362618 -0.306838 0.818169 126 43 26
-0.191591 -0.107542 0.86938 133 92 68
0.372966 -0.341181 0.81795 155 148 96
0.0835692 0.104084 0.825838 148 30 27
-0.00641759 -0.192267 0.930722 119 96 63
0.116508 0.0533346 0.770275 154 28 26
-0.0277624 -0.138308 0.911776 107 62 46
-0.0478908 -0.157753 0.909229 151 107 84
-0.0647477 -0.0559814 0.912066 164 116 96
-0.0588445 -0.0499081 0.936141 178 134 116
-0.263873 -0.0448815 0.870325 114 71 47
-0.312264 0.0213733 0.69574 121 11 12
-0.200835 -0.096998 0.856723 110 69 50
0.338458 -0.189636 0.765944 172 144 134
-0.305337 0.15665 0.760132 131 12 14
-0.0303244 -0.206809 0.89981 66 34 23
-0.276736 -0.0780517 0.873128 122 75 58
-0.307226 0.010681 0.697921 121 13 16
-0.230516 -0.123081 0.859915 140 94 72
-0.133441 -0.00173971 0.916764 86 36 22
0.0879965 0.0729182 0.773669 94 88 73
0.786282 -0.166364 1.38273 126 125 78
-0.263746 -0.140612 0.833307 32 12 8
-0.0209894 -0.204814 0.889053 41 22 10
-0.0199319 -0.0417952 0.956968 172 130 112
0.244389 -0.270429 0.856807 144 140 90
0.193706 -0.216487 1.3665 109 108 65
-0.20004 0.0216784 0.901891 150 102 84
0.410123 -0.102157 0.845552 127 68 42
0.152105 -0.184913 1.40072 80 80 40
0.122249 -0.248741 1.30624 118 116 72
0.172896 -0.220988 1.37612 108 107 66
0.109718 0.0328608 0.816554 142 30 23
-0.301948 -0.177908 0.857933 54 25 14
-0.241742 0.0693314 0.89734 122 72 52
0.442771 -0.217039 0.783242 168 148 139
-0.0513096 -0.0905856 0.923901 118 74 58
0.240464 -2.13531e-05 0.992986 139 130 101
0.356497 -0.246328 0.77658 126 40 30
-0.15111 -0.145891 1.01957 92 54 24
-0.297808 0.0579834 0.717023 116 23 24
0.214105 -0.264817 1.34579 124 121 74
0.111961 0.122529 0.826533 120 36 30
0.161765 -0.207923 1.38609 96 97 57
0.109847 0.0346203 0.795837 144 30 24
0.365188 0.0408879 0.881552 164 128 116
-0.131176 -0.0100998 0.940109 123 70 50
0.390516 -0.225251 0.748372 151 128 120
-0.270313 -0.133437 0.847489 34 11 8
0.312987 -0.267075 0.818161 121 26 16
0.298041 -0.223917 0.762772 106 58 30
-0.290333 -0.0216382 0.69901 160 146 124
-0.272246 0.112859 0.892589 147 120 109
-0.133715 0.00682432 0.950601 128 76 58
0.0968495 0.0269639 0.807435 132 30 20
0.255293 -0.0339648 0.975349 152 142 116
-0.292917 -0.144662 0.857447 64 32 18
0.460343 0.00987905 0.94721 144 118 103
-0.0192358 -0.13932 0.90825 84 40 28
-0.260266 -0.14057 0.836639 38 11 4
-0.298638 -0.0521672 0.687947 162 147 123
-0.286358 -0.00150871 0.719375 152 108 48
0.158985 -0.249069 1.34203 118 117 74
0.259359 -0.246416 1.32906 117 116 72
-0.078199 -0.0329001 0.940836 188 141 120
0.312516 -0.236959 0.768943 118 19 10
0.138174 -0.199086 1.37931 92 91 50
-0.161533 -0.0368911 0.859527 136 92 78
0.335 -0.216651 0.748179 170 143 134
-0.0809894 -0.0481205 0.927434 170 121 104
-0.234735 -0.212805 0.847889 76 54 28
0.285567 -0.166508 0.948521 149 144 94
-0.0910085 0.0671686 0.945368 137 83 52
-0.289244 0.00642599 0.706039 148 101 46
-0.146108 0.0138508 0.93083 102 52 37
0.112533 0.0161024 0.843064 135 30 20
0.030516 0.137194 0.860801 150 70 62
0.0879674 -0.169348 1.39396 139 132 107
-0.119061 0.00616062 0.961472 179 128 102
-0.297994 -0.193189 0.846068 70 36 25
-0.261122 -0.0677663 0.86693 114 71 54
-0.138749 0.0208767 0.941972 88 36 24
-0.10692 -0.213781 0.946488 126 66 38
0.327642 0.00927568 0.912651 103 60 34
0.224541 -0.00299253 1.00435 143 132 104
0.156228 -0.198402 1.37204 92 93 54
0.125175 0.143232 0.865369 152 112 106
0.240748 -0.216177 1.3573 110 108 68
0.0025122 -0.0887154 1.01564 148 140 114
0.260788 -0.240051 1.28988 116 116 74
-0.222234 0.0126656 0.881497 146 98 80
-0.272451 0.104063 0.877238 154 125 113
-0.00026127 0.0149054 0.963024 164 120 100
-0.0284094 -0.0590849 0.964164 168 129 112
-0.311016 0.162143 0.761089 130 10 14
-0.25577 0.0176116 0.909191 171 123 101
-0.139866 -0.0161548 0.906968 79 32 20
-0.20632 0.0606688 0.900139 116 66 42
-0.181824 0.0213563 0.879759 156 112 96
-0.290277 -0.080773 0.869546 36 8 5
-0.294161 -0.0141012 0.705013 139 94 33
-0.0111634 0.0808158 0.8209 158 132 118
0.480079 -0.0557731 0.970919 119 97 68
-0.241758 0.0507695 0.894691 130 80 61
-0.205128 0.0663645 0.912029 93 46 22
0.397949 -0.324532 0.841627 120 15 10
-0.259814 -0.00156328 0.737963 142 12 14
-0.209447 -0.0169906 0.885239 138 92 73
0.33474 -0.263683 0.806615 126 8 8
0.339983 -0.274414 0.798186 122 12 10
-0.272545 0.147072 0.760094 140 116 102
-0.271811 0.0912159 0.851805 144 102 80
-0.199267 -0.00179866 0.902293 146 102 88
-0.0243438 -0.0467436 0.947283 166 126 108
0.299307 0.0164039 0.886701 177 150 141
0.325427 -0.278047 0.81881 121 14 11
0.347663 -0.272511 0.805607 125 8 8
0.459392 -0.0708704 0.93949 155 124 102
0.297375 -0.257062 1.32122 124 123 77
0.329716 -0.264161 0.815187 126 6 8
0.255906 -0.213561 1.35366 110 110 68
0.29033 0.0804271 0.924771 149 120 106
-0.311507 0.157751 0.762292 132 12 14
-0.308084 0.148606 0.751818 130 12 14
0.233357 -0.192609 1.33869 96 96 56
-0.0944889 -0.00707569 0.941103 186 142 120
-0.203891 0.0224086 0.896384 147 98 81
0.237955 -0.2495 1.30591 117 116 73
-0.270816 0.161461 0.77949 162 140 128
-0.041233 -0.111776 0.897635 134 94 72
-0.207401 0.0551267 0.903729 132 82 63
0.304664 0.0204526 0.889733 178 148 141
-0.0138656 -0.2074 0.912584 42 26 12
0.707038 -0.17987 1.28139 138 135 89
0.230345 0.00629204 1.04096 142 131 104
-0.297822 -0.00884947 0.68699 104 39 18
0.308075 -0.0102614 0.91413 118 84 64
-0.244728 0.0412477 0.910097 132 80 62
0.332258 -0.256461 0.80838 126 8 8
0.101549 -0.263321 1.33495 120 118 73
-0.207118 -0.205863 0.883677 150 145 93
-0.284035 0.0545626 0.740537 162 142 124
0.345655 -0.245921 0.772184 136 53 38
-0.27929 0.0463774 0.722973 161 142 123
-0.200625 -0.179296 0.847624 148 144 90
-0.0227725 -0.0401714 0.940253 166 124 106
0.0835138 -0.222348 1.4131 110 108 66
0.114812 0.0338312 0.817942 142 32 23
0.123096 0.0431497 0.776743 142 30 22
-0.29654 -0.0878288 0.865816 101 53 35
0.226651 2.50292e-05 1.00707 143 132 104
0.124949 0.0355292 0.799755 142 32 26
0.211022 -0.296155 1.32386 132 130 80
0.242694 -0.278845 0.877163 144 140 90
0.317125 -0.255155 0.788243 124 6 6
0.234667 0.00555754 1.01345 140 130 102
0.17051 -0.284085 1.44581 124 122 75
-0.106122 -0.190396 0.928251 156 143 96
0.254001 -0.181804 1.36704 88 88 48
-0.140715 0.0219878 0.91277 92 41 27
0.2756 -0.254147 1.31426 117 116 75
0.00325885 -0.203381 0.93069 145 142 90
0.456171 -0.17348 0.805666 144 138 92
0.323766 -0.233279 0.764807 114 66 36
-0.241942 0.0279929 0.90753 146 98 79
0.177457 -0.19552 1.36042 91 92 50
0.243612 0.0805797 0.976835 150 132 119
0.310003 -0.250445 0.786607 120 6 6
0.245716 -0.200785 1.32933 105 104 65
0.246219 -0.191096 1.38194 92 92 52
0.131154 -0.267509 1.30232 124 122 78
0.284819 -0.174856 0.948551 150 147 96
0.308342 -0.318156 0.904874 135 116 100
0.269381 -0.189409 1.35305 96 96 58
0.160114 -0.18758 1.39051 82 83 44
0.216406 0.0143517 1.01785 142 130 106
-0.0215815 -0.253208 0.914521 80 68 38
-0.272856 0.0814094 0.82323 132 102 80
0.0348781 -0.0278374 1.02051 150 136 112
0.174103 -0.270969 1.36067 127 125 77
0.00229687 -0.242215 0.960545 146 144 94
0.217109 0.0474225 0.991994 146 130 107
0.246618 -0.300726 1.33346 124 124 78
-0.0280268 -0.0251571 0.943249 150 110 92
-0.109989 -0.168799 0.924445 144 139 89
-0.253641 0.162721 0.821677 164 142 132
0.353626 0.130908 0.939962 170 148 140
-0.114059 -0.156815 0.92952 140 116 70
-0.191462 -0.200094 0.874822 148 146 94
0.848777 -0.127573 1.49903 154 143 120
0.12072 -0.0542732 1.05098 147 137 112
0.00135956 -0.0632687 0.992104 144 118 90
-0.292874 -0.0736292 0.758491 160 146 123
0.17946 -0.285808 1.36551 132 130 80
-0.00747328 -0.050831 0.972352 160 122 98
0.206906 -0.0719821 1.22085 154 142 120
-0.279685 0.176023 0.806152 164 142 131
0.395204 -0.295088 0.781358 14 12 10
0.211567 0.0231604 1.01444 142 129 104
0.227149 0.0319357 1.01234 139 126 101
-0.187993 -0.179651 0.853801 150 146 91
-0.299115 -0.165227 0.820515 76 39 22
0.22767 0.021502 1.016 139 126 100
-0.260528 -0.206697 0.783251 62 34 18
-0.211001 -0.228392 0.875907 150 146 92
0.113962 -0.265049 1.09148 140 138 87
0.112524 -0.132002 1.19513 140 132 107
-0.270671 0.167735 0.753357 163 140 131
0.171096 -0.069094 1.17383 148 138 114
0.144397 -0.0554072 1.06782 146 136 110
0.0573118 0.159123 0.832842 120 88 84
0.133114 -0.0447776 1.04701 148 138 114
0.221447 -0.029184 1.02271 154 144 120
-0.28163 0.176459 0.756993 162 138 126
-0.563503 -0.254174 1.11891 150 144 92
0.450938 0.0624156 0.895832 128 94 76
0.0192162 -0.283541 0.959745 146 142 92
0.163566 -0.0901026 1.02941 142 134 108
0.0387025 -0.0802422 1.04766 145 138 112
0.209248 -0.102819 1.22026 144 136 113
-0.235442 0.142644 0.965484 163 138 128
-0.205377 -0.202881 0.717344 149 144 92
-0.317254 -0.207934 0.841799 98 79 48
-0.40019 -0.312292 0.966628 149 142 90
0.0485523 0.204528 0.852878 168 144 138
0.169265 -0.0894001 1.18182 144 136 112
0.0993952 -0.0452209 1.0665 148 138 113
0.326597 0.249062 1.03751 164 146 138
-0.139568 0.147645 1.06084 166 143 132
0.0450325 -0.432062 1.26979 146 144 91
0.0674422 0.213145 0.856763 169 144 140
0.335048 0.251243 1.04279 166 148 138
-0.149313 0.18632 1.02304 168 148 140
0.832107 0.779713 3.12384 166 148 140
0.351977 -0.0297873 0.871232 91 58 42
0.287709 -0.0582791 0.931846 44 27 13
0.31886 -0.0357207 0.893339 112 90 66
0.412414 0.0709928 0.902347 175 152 146
0.0675959 0.0759477 0.779843 136 65 61
0.359508 -0.074399 0.853009 156 97 70
0.344664 0.0683726 0.88532 144 96 94
-0.327286 0.0314171 0.687925 111 58 60
0.370132 -0.0880555 0.851063 64 44 38
0.407695 -0.0447936 0.897722 137 102 78
0.266098 -0.213824 0.812101 136 110 93
0.344095 -0.0414109 0.87815 142 100 78
-0.318806 0.129384 0.748818 120 27 12
0.41423 -0.0236578 0.892869 102 58 40
-0.297611 0.0432808 0.715167 130 15 16
0.374215 -0.109054 0.848595 15 9 9
0.257709 -0.114342 0.889111 133 131 83
-0.31841 0.126837 0.770428 142 35 23
-0.051727 -0.210367 0.89298 170 102 81
0.0980205 0.0784293 0.779638 98 84 68
0.261165 -0.0626476 0.936318 126 109 81
0.303866 -0.181885 0.917987 160 156 104
0.3564 -0.104619 0.840243 128 99 82
0.266978 -0.206725 0.824185 122 108 66
0.254782 0.00937512 0.913267 152 130 110
-0.29337 0.0417891 0.71909 129 18 17
0.0593891 0.083784 0.776095 139 102 92
0.066199 0.0827936 0.773437 116 100 92
-0.10937 0.0462187 0.94934 179 128 106
0.38316 -0.297854 0.814813 130 8 8
0.343578 -0.136217 0.881612 154 152 101
0.256973 0.0106905 0.93034 144 119 100
0.277638 0.0303604 0.908985 126 18 19
0.113219 0.104701 0.797106 128 110 103
0.362365 -0.0265174 0.876644 132 102 88
0.389001 -0.0779415 0.857859 118 83 74
-0.0807519 -0.196262 0.901368 170 104 81
0.0496894 0.0918074 0.790748 156 52 50
-0.120769 -0.0403044 0.950321 125 76 54
0.268015 0.0143087 0.916573 158 132 118
-0.205599 -0.111178 0.874324 146 106 88
0.415781 -0.106469 0.842665 128 70 43
-0.320804 0.0541946 0.706662 22 16 30
0.0662586 0.121744 0.8259 146 30 28
-0.210774 -0.0751146 0.835665 113 72 48
0.41315 -0.00612102 0.90043 171 145 131
0.330582 -0.0697721 0.892911 118 104 76
-0.0402204 0.04884 0.932848 164 116 92
0.286136 -0.195626 0.794433 122 86 64
0.295062 -0.186921 0.784809 98 56 28
-0.160559 -0.0856213 0.821686 193 140 100
-0.267585 -0.112487 0.866653 118 65 48
-0.0811955 -0.229707 0.902319 172 111 86
-0.106639 0.0433628 0.943171 181 130 108
-0.158771 -0.0976346 0.851426 134 87 56
0.398033 -0.152616 0.881209 131 60 52
0.287731 -0.205679 0.777197 131 104 92
0.0495492 0.130558 0.828643 150 34 33
-0.355813 0.0403325 0.677271 134 54 26
0.255683 -0.216593 0.851081 158 154 104
-0.107566 0.0615005 0.951264 130 74 46
-0.0126091 -0.144582 0.920899 98 57 39
-0.0978759 -0.206143 0.926636 167 100 71
-0.0262373 -0.0883354 0.932579 86 44 29
-0.064774 -0.208495 0.891722 180 108 84
0.277673 -0.1924 0.806668 162 155 110
0.271055 -0.0422754 0.954502 123 74 45
0.294309 -0.0390908 0.950561 96 62 37
-0.0680391 0.0219115 0.934517 188 138 114
-0.305097 -0.011631 0.668137 122 13 12
0.335492 -0.0900614 0.931056 78 62 39
0.0553513 0.0764482 0.770632 158 72 68
0.42475 -0.12278 0.846907 78 48 30
-0.302122 0.0132109 0.693931 127 14 16
-0.268837 0.0702689 0.908637 166 116 96
0.412571 -0.0253126 0.894933 95 55 34
-0.340837 0.138605 0.763331 108 22 19
0.34655 -0.114833 0.850045 142 110 96
-0.317873 -0.0614432 0.675133 118 24 18
-0.221631 0.0384732 0.9032 132 82 64
0.383276 -0.305961 0.818938 130 7 8
-0.32085 -0.0219767 0.662445 128 16 18
-0.179503 -0.0741082 0.848917 131 80 57
0.320846 -0.0344975 0.890628 118 94 74
-0.0667876 0.00185943 0.934253 200 152 126
0.339819 0.0879755 0.902238 165 142 135
0.370337 -0.183996 0.775526 136 112 100
0.391587 0.0132945 0.888985 130 90 72
0.0716174 0.0519518 0.770458 139 23 21
0.273982 -0.0890956 0.927036 163 153 127
0.275023 0.0489756 0.92122 90 87 72
0.361011 0.00181225 0.893619 135 108 92
0.265025 -0.0468196 0.97428 152 141 115
-0.0669923 0.0290403 0.943675 194 144 120
0.327405 -0.0729649 0.903548 110 101 72
-0.355569 0.0340427 0.673961 130 24 18
0.351627 -0.11119 0.850265 141 110 96
-0.0365049 -0.204552 0.890323 42 17 10
0.321581 0.087076 0.908778 166 140 134
0.289372 -0.120232 0.90199 146 118 98
0.2641 0.0399156 0.924523 98 83 67
0.34177 -0.0667947 0.86239 150 104 86
0.287706 -0.0381128 0.968192 65 39 18
-0.212971 -0.170827 0.833914 145 98 72
-0.0725083 -0.178757 0.924304 140 87 65
-0.271049 -0.070266 0.87155 52 16 10
-0.0719895 -0.141489 0.909046 172 126 94
-0.0681589 0.0162646 0.935305 196 144 120
-0.311152 0.136046 0.785482 136 40 28
0.335706 -0.171806 0.777734 125 87 68
0.399912 -0.182641 0.77055 162 143 135
0.317842 0.0661883 0.906943 165 138 130
-0.0248972 -0.147661 0.917851 88 44 30
0.343458 -0.199709 0.756993 171 146 136
0.0443469 0.120684 0.825318 150 27 24
0.34559 -0.0266804 0.887766 66 50 43
0.484345 -0.252272 0.892037 172 146 136
-0.0712406 -0.0768718 0.864949 125 78 56
0.290545 -0.0986276 0.915623 113 76 52
-0.0870569 -0.225355 0.907045 169 108 85
-0.33427 0.033633 0.684595 116 25 26
0.257185 -0.239201 1.32286 118 116 74
-0.240297 -0.205193 0.834403 132 88 63
-0.28317 -0.11114 0.864289 60 27 21
0.29105 -0.175752 0.797044 155 144 98
0.250531 -0.0145259 0.962744 142 132 104
-0.276268 -0.125485 0.854515 52 18 12
-0.307312 0.0226152 0.699267 128 14 16
-0.0208225 -0.165746 0.916492 78 38 29
-0.314789 0.0595536 0.713183 60 33 40
-0.218253 -0.127259 0.858431 156 112 93
-0.320554 -0.00838007 0.65369 76 17 40
-0.202766 -0.15609 0.859229 138 116 78
0.361984 -0.072502 0.850059 127 72 52
0.325436 -0.0445865 0.876232 126 99 82
0.264327 -0.210003 0.822091 130 111 70
0.310682 -0.102144 0.919669 146 113 92
0.378106 -0.18727 0.760884 146 124 116
-0.129206 -0.146231 1.00145 140 96 70
-0.195297 -0.152635 0.861152 140 121 78
0.264873 -0.214632 0.818713 124 94 66
-0.300987 0.145727 0.767477 134 12 14
-0.00324657 0.0725635 0.830242 138 114 102
0.352289 -0.0046977 0.891644 121 95 80
0.10152 0.0963862 0.785904 132 71 64
-0.0619428 -0.0725329 0.898489 128 84 64
0.37871 -0.0125639 0.890685 134 104 82
0.250593 0.0452346 0.951805 102 82 60
0.388929 -0.297608 0.816459 130 8 9
-0.22533 -0.11977 0.858978 138 92 69
0.48095 -0.0249174 0.944673 98 78 58
-0.343405 -0.0172408 0.68314 26 23 58
0.253817 -0.205264 0.84855 158 155 102
-0.165983 -0.0399087 0.851905 160 110 92
0.0952723 0.0674414 0.769119 88 85 70
0.48457 -0.275344 0.919236 136 97 82
0.38238 -0.316447 0.817148 125 48 30
0.287815 -0.229834 0.788961 151 125 112
-0.285953 0.0732848 0.742884 162 141 128
0.24938 -0.0225428 0.962124 149 140 112
0.296914 -0.105107 0.921948 84 45 20
0.0913455 0.091095 0.785969 142 26 25
0.0108514 -0.164538 0.924076 108 73 40
-0.331407 0.0051285 0.685753 109 8 12
-0.0223862 -0.161218 0.914471 95 47 34
-0.289598 -0.0176643 0.706959 132 94 37
-0.335212 -0.0429199 0.671991 142 16 18
-0.0949802 -0.0435659 0.923139 178 128 106
0.246641 -0.0215588 0.963047 150 140 114
-0.338519 -0.0365399 0.666193 142 14 16
0.338166 -0.187032 0.900048 130 112 69
-0.274499 -0.0913103 0.861991 58 20 14
-0.289209 0.0647639 0.732983 143 82 76
-0.041255 -0.174321 0.908362 87 41 25
0.265572 0.000426487 0.918701 158 136 120
-0.242111 -0.194129 0.825047 158 105 84
-0.270111 -0.128613 0.855122 50 16 9
-0.285028 0.0629816 0.739434 162 140 126
0.0731943 0.137638 0.818581 108 42 44
0.347763 0.063644 0.883122 155 116 112
0.286167 -0.0547481 0.943138 80 62 46
-0.36577 0.0205486 0.680491 132 36 18
0.411917 -0.0299949 0.883469 116 72 50
0.275032 -0.0879335 0.944767 163 152 128
-0.0798734 -0.18376 0.911214 112 58 39
0.40895 -0.118915 0.840836 136 80 60
-0.122167 0.02384 0.953923 160 108 84
0.364849 -0.084362 0.8485 116 84 62
-0.319646 0.00499462 0.687513 110 10 11
0.328649 -0.0163591 0.898706 110 90 73
0.315211 -0.184736 0.928597 160 156 105
0.274967 -0.24931 0.818434 142 118 100
0.494727 -0.271738 0.915131 133 100 80
-0.153131 0.061996 0.904156 105 60 38
-0.231079 -0.193066 0.83356 114 68 50
-0.318966 -0.0720773 0.671267 160 148 126
0.352431 -0.0932681 0.858376 147 113 98
0.112519 0.0717285 0.771154 106 45 40
-0.0216978 -0.0966391 0.929555 78 35 22
-0.247264 -0.0311058 0.776205 164 131 107
0.00255476 -0.17663 0.92588 60 34 13
-0.173846 -0.128068 0.902926 126 87 55
0.263933 -0.247914 0.803359 136 115 94
0.260909 -0.22756 0.837828 133 122 88
-0.137651 0.0689196 0.915714 100 64 50
-0.297087 0.0479324 0.712693 131 16 17
-0.0380233 -0.183396 0.912006 66 25 17
0.114258 0.0834222 0.774601 124 106 100
0.41375 0.00862568 0.903931 159 126 110
0.357429 -0.0836115 0.861602 146 92 66
-0.272678 -0.0565095 0.878561 56 20 14
-0.131311 0.025384 0.944306 103 50 32
0.324635 -0.214893 0.755508 162 136 128
-0.191049 -0.137783 0.880828 140 100 73
0.244959 -0.000110082 0.995393 136 127 97
-0.375237 0.023068 0.682965 154 97 36
-0.260123 -0.0219716 0.756268 136 15 16
0.317437 -0.181601 0.923762 130 110 66
0.287569 -0.032959 0.960855 68 42 18
-0.132193 0.037191 0.941355 94 42 28
-0.198142 -0.178039 0.855925 150 146 94
-0.252985 -0.149161 0.828089 170 108 82
-0.333849 -0.0341593 0.667057 138 11 14
0.303536 -0.184018 0.932825 160 157 104
0.324865 -0.0359696 0.887215 126 100 84
-0.272694 -0.150513 0.833225 46 18 12
-0.116185 0.0605048 0.950101 111 60 34
-0.355007 0.0078836 0.708047 120 8 10
-0.195257 0.0387909 0.897562 150 102 86
-0.00489321 -0.144615 0.923277 78 43 31
-0.0557429 -0.196005 0.893728 164 100 78
-0.289586 0.0046919 0.706486 136 67 30
0.342383 -0.13401 0.833406 76 68 52
-0.133004 -0.0690696 0.829306 130 81 58
0.00226755 -0.178253 0.921418 64 36 12
-0.145569 0.0359923 0.94059 98 50 33
0.00612301 -0.106073 0.922667 131 106 84
-0.190603 0.032325 0.905256 152 106 89
0.316067 -0.0840995 0.903598 104 84 60
0.277268 -0.0329622 0.945311 96 68 36
-0.192483 -0.033408 0.859593 113 64 46
-0.267139 -0.0134409 0.763199 146 50 27
-0.126503 -0.11114 0.86076 96 54 26
0.333765 0.0934216 0.906944 160 130 117
0.342999 -0.0833178 0.861999 146 102 82
-0.0047643 0.0597633 0.944593 108 72 45
-0.0723103 -0.229517 0.896105 146 92 72
-0.0922874 -0.211488 0.922388 174 110 84
0.309741 -0.103553 0.932704 124 84 64
-0.0607584 -0.230184 0.890764 168 110 88
-0.35522 0.0373433 0.675157 126 39 19
0.353021 -0.0965413 0.879211 144 112 99
0.34898 -0.175412 0.887736 154 152 103
0.310546 0.0301788 0.877813 164 138 128
0.404951 -0.00157308 0.893761 158 130 112
0.0396786 0.135161 0.841364 96 60 52
-0.121509 -0.0786183 0.817304 148 98 76
-0.0599328 -0.20098 0.887312 174 104 81
0.266889 -0.0214048 0.950468 120 88 66
0.266185 -0.0351559 0.962321 108 74 44
-0.233615 -0.185421 0.828869 177 120 98
-0.252779 -0.108994 0.866353 168 120 95
-0.244135 -0.134715 0.85575 140 84 60
-0.204258 -0.144978 0.880509 106 72 38
0.259978 -0.222491 0.892231 157 154 101
-0.189319 -0.13253 0.882483 134 94 68
0.423865 -0.124753 0.862752 128 74 50
-0.0947247 -0.0862404 0.838195 114 72 54
-0.0231685 -0.226898 0.902399 52 30 16
-0.271485 -0.0626256 0.877198 48 13 6
-0.221247 -0.189053 0.834968 159 105 81
0.0553404 0.0941182 0.788433 144 77 72
0.265165 -0.0085582 0.911167 158 134 120
-0.0797377 0.0539244 0.943982 149 95 72
0.329005 -0.212493 0.752729 164 138 129
0.328319 -0.212556 0.744367 168 141 131
0.0356511 0.130408 0.831898 104 69 62
-0.0306672 0.0528804 0.916232 152 102 80
0.360171 0.0933622 0.897418 162 138 132
-0.217993 -0.0794228 0.840942 143 99 76
-0.185085 -0.0592552 0.828762 184 123 102
-0.324827 -0.0376319 0.6679 133 19 22
-0.210263 -0.120307 0.864367 154 112 92
-0.295447 0.150893 0.773169 134 14 16
0.257746 -0.204033 0.835629 158 155 104
-0.0678772 -0.0406595 0.918716 188 142 118
-0.262263 0.0742727 0.916864 148 99 79
-0.318861 0.0420743 0.695615 36 34 46
-0.255359 -0.0498216 0.893367 117 68 47
0.12004 0.0722284 0.780167 126 53 46
0.298961 -0.156388 0.956114 158 154 106
-0.289904 -0.106451 0.864371 81 38 23
-0.299804 -0.00801995 0.702857 88 10 8
-0.213945 -0.142279 0.86128 114 75 48
0.0294068 0.0345807 0.830108 146 100 81
-0.248291 -0.139697 0.835305 82 33 16
0.248112 -0.0280602 0.963798 151 142 114
-0.359916 0.0135633 0.693817 108 8 8
-0.205234 -0.131956 0.875632 116 75 48
-0.262433 -0.0964387 0.867471 166 117 95
0.366339 -0.280729 0.808914 123 7 8
0.357403 -0.192996 0.74996 152 130 120
0.373939 -0.0170565 0.897096 109 78 56
0.261185 -0.214045 0.832459 157 152 106
-0.257946 -0.0700763 0.873219 149 104 79
0.275033 -0.0207903 0.937897 102 73 42
0.0862922 0.0519246 0.761589 142 26 22
-0.288896 -0.139602 0.86041 66 30 20
-0.187635 -0.0105853 0.892006 152 113 102
-0.223409 -0.0688673 0.842946 146 100 82
0.276021 0.0413949 0.919403 93 25 24
-0.365195 0.0374816 0.675311 157 106 45
0.374698 -0.00195112 0.900486 100 56 31
0.277901 -0.184212 0.82233 160 157 108
-0.044622 -0.217133 0.889095 106 64 52
-0.296833 0.00109209 0.696094 117 18 16
0.404689 -0.105797 0.850441 34 20 17
0.255133 0.0190014 0.958878 116 100 75
0.0719787 0.090722 0.78296 106 92 84
-0.305365 -0.0147612 0.66655 124 13 12
-0.147032 -0.0527669 0.822792 134 83 72
0.215807 -0.286091 1.3185 128 126 78
0.384897 -0.00208275 0.905451 148 110 88
0.263938 -0.0487423 0.953219 111 74 42
-0.0676742 -0.200903 0.890985 177 110 84
0.254277 -0.233838 0.862837 156 154 102
0.36201 -0.0670507 0.848392 104 56 39
-0.0149761 -0.199566 0.917521 40 20 8
0.391959 -0.00237428 0.899246 146 110 92
0.264353 -0.25169 0.914656 156 153 101
0.0622458 0.0947416 0.782492 136 120 111
0.344915 0.0634026 0.887394 144 100 99
0.310424 -0.0385183 0.931643 124 89 68
0.0653669 0.0572998 0.771028 146 23 22
0.277665 -0.0341445 0.957405 116 74 40
-0.290372 -0.0561326 0.689732 162 148 124
-0.347833 0.0385654 0.685111 122 14 17
-0.292793 -0.000324612 0.702301 120 26 20
-0.359397 0.00811846 0.706474 122 8 10
0.25851 -0.0255466 0.970554 148 139 114
-0.00581763 -0.162694 0.924843 107 62 42
-0.211621 0.0352256 0.907943 142 92 75
0.359109 -0.109606 0.844377 130 102 85
-0.00449025 -0.122767 0.924529 66 33 22
0.36636 -0.0721766 0.849878 168 124 97
-0.23152 -0.0755807 0.850298 152 106 86
-0.0515043 0.0687205 0.93356 131 78 50
-0.00503517 -0.14819 0.921542 50 20 12
-0.244179 -0.1157 0.860271 160 112 88
0.104533 0.115719 0.815108 156 24 25
0.42621 -0.131208 0.901948 126 52 26
0.28264 -0.128136 0.896715 150 125 95
0.330044 0.0890667 0.912504 167 142 134
-0.307491 0.0774805 0.720277 125 16 16
-0.318761 -0.00122223 0.682264 114 12 13
-0.0681987 -0.0925671 0.878744 118 77 56
-0.236463 -0.00500194 0.756616 184 138 115
0.168021 -0.202568 1.35666 99 100 60
-0.0889828 -0.237686 0.921735 118 68 46
0.343846 0.0304157 0.891074 146 107 92
-0.241435 0.0947875 0.89599 126 83 65
-0.00134427 -0.182305 0.922414 56 32 13
0.263059 -0.202246 0.850504 160 156 106
-0.123862 -0.021224 0.955433 130 78 57
0.377158 -0.179259 0.803556 140 100 81
0.116313 0.0686965 0.77944 116 50 44
-0.133141 -0.100287 0.839394 130 90 56
0.391236 -0.00238718 0.907653 144 108 90
-0.331643 0.0329043 0.687297 104 40 42
0.326345 0.0925969 0.915825 156 128 119
0.310593 -0.197569 0.912886 160 156 104
0.00766438 0.0236607 0.964838 171 124 102
-0.311353 0.0163981 0.693512 128 14 16
0.259019 -0.242566 0.827944 146 123 93
-0.284984 -0.144505 0.84557 70 34 22
-0.327988 0.0188607 0.678949 120 13 12
0.307542 0.0235902 0.882689 164 136 126
0.35442 -0.173493 0.825033 128 98 85
0.360163 -0.136992 0.837068 146 118 105
-0.138783 0.0767281 0.909588 130 98 90
0.465203 -0.0289302 0.932241 140 116 90
-0.154155 0.0851298 0.903966 80 40 28
0.332686 0.0285176 0.878703 133 87 68
-0.228784 -0.175166 0.825479 172 112 90
0.349268 -0.249121 0.795001 122 39 26
-0.370686 0.0472708 0.671738 152 104 39
-0.376832 0.0241079 0.677275 157 104 34
-0.101472 -0.0721335 0.836786 93 40 26
-0.306512 0.0165604 0.694405 128 14 16
0.327679 0.0260212 0.882085 150 114 98
-0.0800802 -0.244447 0.899958 114 70 54
-0.28544 -0.0708282 0.874759 70 33 20
-0.201231 -0.105345 0.864092 140 100 86
0.305844 -0.162005 0.920523 166 156 108
0.396946 -0.00368868 0.890014 165 132 115
-0.221155 0.0703416 0.903103 105 56 38
-0.307712 0.0576404 0.718046 112 37 38
-0.214513 -0.0404385 0.848753 118 70 48
-0.147926 0.0744771 0.908337 92 56 46
0.40657 -0.166607 0.799614 80 74 51
-0.282538 -0.143171 0.851139 65 30 20
-0.292259 -0.0103331 0.726238 140 99 37
0.279374 -0.189577 0.840334 158 156 104
-0.000835028 -0.16879 0.921954 90 52 36
-0.284721 -0.140049 0.866776 64 30 19
0.371157 0.0203342 0.858635 114 70 46
0.378328 0.0947534 0.908555 162 140 134
0.377966 0.0128835 0.893467 143 108 93
0.389808 -0.286096 0.811536 128 8 10
0.310227 -0.215933 0.759225 122 76 51
0.394707 -0.0879142 0.835518 28 18 19
0.0980441 0.102355 0.79411 156 29 29
0.413542 -0.0592487 0.875415 126 84 66
-0.208732 0.0430581 0.903956 134 84 66
0.278388 0.0304923 0.904464 124 27 24
0.120521 0.112967 0.80186 124 72 65
-0.350529 0.038257 0.677759 120 12 13
-0.224349 -0.134949 0.858386 133 86 63
-0.0882352 -0.222678 0.910044 164 104 82
-0.262236 -0.146354 0.839248 30 9 4
-0.27914 0.0681573 0.739614 162 138 124
-0.26289 -0.13614 0.841553 32 10 8
-0.266444 -0.0492977 0.894728 88 46 36
-0.25213 -0.156068 0.830806 176 113 88
-0.0591089 -0.159609 0.922479 168 120 95
0.374287 0.0590597 0.882933 170 149 142
-0.314501 -0.00206385 0.68621 106 9 8
-0.316315 0.0575877 0.70928 48 40 48
-0.311429 0.00444336 0.686147 102 9 10
-0.314466 -0.0155609 0.646904 122 14 16
-0.355989 0.133201 0.771283 132 58 24
0.305731 -0.0262816 0.933069 120 94 78
-0.0188873 -0.123793 0.913932 108 62 46
0.290306 -0.0483834 0.943896 80 64 48
0.420017 -0.136453 0.888944 168 87 64
-0.20491 -0.156558 0.84708 137 118 74
-0.0266477 -0.168924 0.913007 56 16 7
-0.357184 0.0394951 0.669742 148 85 38
0.399228 -0.00260551 0.903093 157 124 105
0.0525439 0.0436553 0.769717 99 20 13
0.248338 0.00386998 0.958478 126 114 84
0.277403 -0.236998 0.798207 150 126 110
-0.339826 -0.0138669 0.679443 24 22 58
-0.0866787 0.0490218 0.938334 179 128 105
0.394223 -0.288249 0.812793 128 8 8
0.283733 -0.223502 0.773571 154 127 114
-0.246287 -0.16516 0.823082 154 94 77
0.181887 -0.20124 1.36639 99 100 59
-0.0547588 -0.202815 0.89266 171 103 82
-0.129953 0.0678114 0.948786 92 46 33
-0.323231 -0.0793946 0.663259 102 94 92
0.310698 -0.190299 0.893763 160 156 106
0.386792 -0.216956 0.762548 152 130 119
-0.138713 0.0388249 0.930333 87 38 25
-0.309596 0.055834 0.709872 113 56 60
-0.2048 -0.0537087 0.837315 137 84 58
0.371443 -0.0327579 0.887286 124 96 82
-0.293263 -0.0627334 0.716655 160 148 125
0.389536 -0.34393 0.839037 154 149 94
-0.255239 -0.083592 0.860805 158 112 90
0.405321 0.0114663 0.903982 150 114 100
-0.0230182 -0.119113 0.920539 44 12 6
0.191321 -0.229078 1.3514 118 116 76
-0.332425 0.0108182 0.69686 90 3 5
0.066994 0.0374036 0.776946 74 22 17
0.293756 0.0806853 0.917132 138 102 88
-0.279101 0.052097 0.741584 130 104 78
0.280163 0.0735085 0.928839 118 86 67
0.350685 -0.0576802 0.860403 160 86 52
0.294208 0.0202862 0.897698 162 134 124
0.343599 -0.159451 0.863578 114 104 62
-0.378203 0.0248076 0.667663 161 108 38
0.0110251 -0.126557 0.932539 101 80 49
-0.275311 0.0703648 0.903732 179 130 108
-0.20968 -0.175911 0.84548 148 133 86
0.301685 -0.00212276 0.91117 94 52 26
-0.191757 0.0543443 0.900499 152 103 84
-0.000535328 -0.126903 0.915383 44 17 7
0.368264 -0.0771458 0.852681 175 134 110
0.316372 -0.226278 0.757466 112 68 42
-0.253555 -0.101078 0.861212 172 124 102
0.275385 0.0705987 0.931963 91 56 38
-0.308007 0.0398967 0.710589 93 76 81
-0.00254614 -0.208119 0.930672 104 94 60
-0.0640876 -0.145882 0.914866 172 125 99
0.292969 -0.181949 0.830177 160 155 106
0.10837 0.0432257 0.782958 140 29 24
0.341746 -0.202811 0.753675 170 145 136
-0.0651576 -0.172087 0.915276 192 138 108
-0.00345846 -0.201869 0.932237 95 82 46
0.269058 0.00621429 0.896132 151 125 110
-0.320133 0.0568126 0.709818 60 53 64
-0.0986322 -0.189085 0.932319 152 147 96
-0.225145 -0.115095 0.858331 126 81 60
-0.160576 0.0313725 0.905415 148 104 88
-0.213674 0.00505838 0.893566 143 95 78
-0.210199 0.0929697 0.874079 124 89 78
0.294228 -0.21895 0.76267 131 93 76
-0.308553 0.0339967 0.701802 91 79 83
-0.327051 0.036178 0.688232 56 41 48
-0.200807 -0.15957 0.845871 140 132 82
-0.122026 -0.0708792 0.830715 128 80 57
-0.128722 -0.071708 0.822544 138 89 68
0.0849045 0.0727388 0.77527 86 56 43
-0.190017 0.042876 0.898201 155 108 92
-0.088956 0.0136927 0.932736 192 146 123
-0.27187 -0.108739 0.866448 64 24 14
-0.0540641 0.0299272 0.97287 188 138 115
-0.295883 -0.00187852 0.699791 114 19 15
-0.355458 0.0349586 0.68706 120 9 12
-0.0134464 -0.173433 0.917573 41 12 6
0.376117 -0.180293 0.77542 155 132 122
0.29913 -0.00496963 0.92453 96 53 28
0.339109 0.094109 0.903746 155 126 114
-0.31823 0.0244482 0.682071 110 24 28
-0.342967 -0.0412836 0.673053 146 16 19
-0.311932 -0.01292 0.669514 122 14 14
0.47866 -0.275622 0.908078 153 88 85
0.357118 -0.290371 0.827719 118 18 12
-0.0789868 -0.212545 0.903398 182 116 89
0.403864 0.0139369 0.887973 142 108 94
0.332495 -0.246599 0.795284 110 34 18
0.256888 -0.198753 1.33743 104 104 64
0.295835 0.0206617 0.892453 162 134 124
0.273982 -0.195249 0.825786 158 155 104
0.296434 -0.202697 0.747807 151 122 112
-0.0289887 -0.184405 0.926533 78 35 24
0.029528 0.124078 0.834182 144 112 100
0.399153 0.019277 0.888131 128 90 72
-0.299273 0.0698773 0.747043 112 37 40
0.103231 0.0259762 0.80859 126 31 22
-0.138046 -0.0101557 0.929929 79 30 16
-0.206966 0.0381739 0.902631 142 94 78
-0.0145612 -0.0737443 0.96083 148 112 88
-0.0602341 -0.0609274 0.903655 158 112 94
0.125767 0.00286583 0.834159 158 144 121
-0.299035 -0.0328785 0.66056 128 20 19
-0.052274 -0.23499 0.897598 104 63 46
0.273617 -0.188904 1.3393 98 100 60
0.298701 -0.0172372 0.927363 118 84 66
0.365611 -0.28765 0.816941 122 10 8
0.28713 0.0789364 0.922766 118 82 65
0.408266 0.0258885 0.886153 92 48 26
-0.0325035 -0.166741 0.916875 108 59 44
-0.282538 0.140728 0.786306 142 120 108
0.449052 -0.156455 0.93176 164 93 76
0.344165 -0.175696 0.768433 144 107 90
-0.209874 -0.17751 0.835939 142 110 71
-0.0668936 -0.168867 0.918199 165 112 84
-0.329081 0.0692817 0.705693 108 35 38
0.295127 0.0834865 0.913648 122 81 63
0.37674 -0.350394 0.83557 156 151 97
0.266797 -0.237616 1.31607 116 116 74
-0.0584881 -0.162675 0.91751 165 116 90
-0.316246 -0.0357647 0.679057 142 77 78
-0.0506715 0.0371778 0.944766 179 130 105
0.397881 -0.309402 0.820463 129 9 8
0.0226429 0.106848 0.833862 150 122 106
-0.277528 0.00542151 0.720642 152 110 56
-0.28475 0.00441916 0.706503 154 110 52
0.350726 0.0968743 0.919277 152 124 114
-0.241832 0.0258177 0.896913 158 110 93
-0.278383 0.132857 0.835174 145 126 113
-0.202593 0.0510719 0.912244 138 87 72
-0.0376171 -0.226379 0.889453 65 33 22
0.321794 0.048175 0.885346 170 146 138
-0.327062 0.148435 0.756767 63 2 2
0.288854 -0.154256 0.917909 160 156 107
0.355569 -0.334341 0.823449 158 153 100
0.306813 -0.00121753 0.931972 100 61 36
-0.292056 -0.0179575 0.685052 158 142 120
-0.270928 0.125522 0.813015 144 124 112
-0.322753 -0.0297409 0.676626 146 80 82
-0.289531 0.0112913 0.706363 136 53 29
0.322823 0.0162925 0.885907 144 100 80
-0.248573 0.0483544 0.896931 158 112 92
-0.286648 -0.00241241 0.716791 152 109 50
0.113965 0.117688 0.795133 138 26 22
0.337253 -0.187082 0.769173 167 142 134
0.312278 -0.194704 0.914053 160 157 106
0.257829 -0.2276 0.847878 134 128 78
-0.345907 -0.0629703 0.67568 106 22 28
0.177783 -0.213361 1.34916 110 110 70
0.250844 -0.235272 1.35123 114 114 72
0.119098 0.0339116 0.793686 140 30 22
-0.292169 -0.0510679 0.690746 161 146 124
-0.211231 0.068265 0.902622 102 52 34
-0.0315134 -0.0626163 0.936234 160 124 106
0.288663 -0.00134353 0.922511 158 126 114
0.261793 -0.219481 0.878031 158 156 104
0.277935 -0.220084 1.00452 156 154 102
-0.29091 -0.186393 0.850246 46 21 10
0.283257 0.0117977 0.897807 144 76 51
-0.252298 0.144311 0.798448 163 142 133
-0.186869 0.0203129 0.914049 154 110 94
-0.276742 -0.060057 0.878692 56 20 14
0.286889 -0.00844992 0.934301 130 100 80
-0.323869 0.153688 0.745994 126 11 16
-0.240979 0.101305 0.88091 141 110 98
-0.301548 -0.169974 0.856332 82 42 26
0.358387 0.102363 0.895304 136 100 82
-0.188643 -0.154394 0.89747 138 120 76
0.273334 -0.223317 1.2767 114 114 73
0.0231613 0.108844 0.83039 148 122 106
0.0041596 -0.217726 0.930487 150 146 98
0.312618 0.00157314 0.92296 96 55 33
-0.218206 -0.212691 0.864959 150 146 94
0.261366 -0.139626 0.924216 152 150 100
-0.215238 0.0804005 0.916239 110 61 39
0.194143 -0.266165 1.34528 134 132 84
-0.0281044 -0.0373974 0.936416 152 112 92
-0.0774703 -0.254754 0.877684 64 39 20
0.115524 0.0025226 0.840234 160 146 123
0.326245 0.00540094 0.915532 96 52 28
-0.102206 -0.213718 0.925187 104 68 42
0.435404 -0.143017 0.846837 120 108 80
-0.133695 -0.175036 0.964326 148 146 94
0.295122 -0.308814 0.856309 140 124 100
0.199304 -0.0459881 1.03089 156 144 122
0.348607 0.123747 0.929768 164 142 135
0.135032 -0.0516565 1.1529 148 139 115
0.18915 -0.298114 0.963972 142 140 88
0.0232809 -0.0606364 1.01167 150 142 120
0.235006 -0.0249297 1.06214 153 142 118
0.179511 -0.019403 1.00379 158 144 122
0.130253 -0.118535 1.1537 142 134 112
-0.284528 -0.224792 0.827541 130 122 74
0.268113 -0.184749 0.958537 156 154 103
0.0207321 -0.0900197 0.935696 148 139 114
0.165829 -0.0981863 1.13612 144 136 112
0.240277 -0.242574 0.961665 152 149 98
-0.180146 -0.155503 0.916941 140 138 84
-0.0838413 -0.262533 0.875619 154 150 98
-0.152472 -0.182772 0.944513 150 147 95
-0.0176757 0.102237 0.833057 160 133 118
-0.172216 -0.173262 0.920013 148 145 93
0.424107 -0.307238 0.812907 37 26 20
0.225869 -0.255701 0.911377 148 144 94
0.178334 -0.104415 1.15711 144 134 112
-0.214696 -0.254529 0.817589 150 146 93
-0.0804491 -0.303063 0.842293 150 148 96
-0.329723 0.119717 0.745187 114 58 52
0.344697 -0.189819 0.763637 162 138 129
-0.30165 0.0981101 0.756026 154 110 98
-0.302452 0.12541 0.775939 140 97 84
0.346883 -0.191794 0.755685 160 135 126
0.0524721 0.0802857 0.777438 151 72 68
0.000649869 0.0437524 0.95657 98 56 35
0.285846 -0.198096 0.804376 120 89 66
-0.323069 0.116392 0.741891 110 26 11
0.039847 0.0274037 0.771622 132 26 20
-0.0691264 -0.119912 0.889624 174 126 102
0.315756 -0.055989 0.969504 78 56 36
0.297456 0.0613491 0.916218 128 100 98
-0.0987083 0.0436002 0.937453 190 142 118
-0.303592 0.0925868 0.760055 144 80 74
0.37469 -0.187575 0.761626 141 118 110
0.347904 -0.108484 0.870548 134 105 92
-0.297127 -0.0222331 0.673602 159 140 120
0.384152 -0.21127 0.743232 121 102 97
0.0726656 0.0267346 0.78887 121 28 20
-0.213506 -0.119408 0.861395 156 114 94
0.0566765 0.140137 0.830766 118 43 40
-0.310369 -0.0689279 0.66878 160 145 126
0.446942 -0.151195 0.942809 138 90 72
-0.0771006 0.0487598 0.944488 150 98 76
0.329071 -0.0551181 0.885881 114 90 68
0.370718 -0.314465 0.806237 143 106 72
0.295419 -0.203885 0.76967 133 86 76
-0.152453 -0.0608105 0.815958 128 82 64
-0.125623 0.0420503 0.943329 120 66 48
-0.315451 -0.0256526 0.670196 135 82 83
-0.322332 -0.0721047 0.664392 150 137 122
0.259413 0.0532952 0.916184 114 92 76
-0.285628 0.112585 0.780696 150 128 117
0.301573 -0.173997 0.95121 158 156 105
-0.34342 -0.0293239 0.670991 134 16 20
0.37332 -0.214092 0.744191 156 130 122
0.0299115 0.070431 0.809111 128 60 53
0.343052 -0.137037 0.845628 94 86 66
-0.0702459 -0.110268 0.884908 172 126 102
-0.300529 0.0277238 0.7055 126 14 16
-0.334881 -0.0199626 0.669542 81 15 34
-0.0525686 0.0450629 0.951086 181 132 108
-0.0980832 0.0101936 0.941891 196 152 130
-0.278836 -0.00206093 0.725362 150 111 50
0.0541063 0.122614 0.820566 138 34 31
-0.318122 -0.0081867 0.663528 121 14 18
-0.361487 0.0147669 0.686712 110 10 11
-0.13625 -0.0488685 0.836166 80 38 22
-0.295609 0.146113 0.766027 133 14 16
0.295324 -0.204173 0.783409 142 111 100
0.371941 -0.31707 0.814306 130 100 72
-0.0862095 -0.0943662 0.867292 92 44 21
-0.287845 -0.0151828 0.728171 150 120 77
0.427585 -0.0387356 0.88523 78 52 34
0.428535 -0.23526 0.814691 123 99 91
0.315995 -0.0464955 0.923788 107 82 60
0.301251 -0.09754 0.92602 119 78 53
-0.0691262 -0.247395 0.898593 56 26 14
-0.160183 -0.0790837 0.821925 156 99 66
0.37496 -0.0977794 0.857259 44 30 24
-0.211721 -0.130104 0.866933 131 89 68
0.291123 -0.22322 0.777871 140 114 103
-0.245423 -0.0973516 0.864347 172 126 104
-0.240717 -0.157115 0.828136 174 100 77
0.376032 0.00282125 0.900151 114 70 49
0.276876 -0.192703 0.816381 160 156 107
-0.352924 0.0446321 0.67259 122 22 12
-0.0587995 -0.243631 0.89596 52 25 12
-0.271394 0.0790659 0.899521 145 98 74
8.67344e-05 0.0327975 0.943231 107 61 46
0.315325 -0.154341 0.928287 128 74 58
-0.19326 -0.0500323 0.837143 162 103 86
-0.21907 -0.0665629 0.851769 126 78 52
-0.296526 0.0283289 0.712611 122 14 14
0.37744 -0.280413 0.799414 122 7 8
0.387375 -0.294022 0.822006 124 8 10
-0.319911 0.124985 0.753178 132 14 10
-0.301791 0.134994 0.765089 128 14 14
-0.259156 -0.183433 0.82898 106 63 50
0.417464 -0.0750102 0.875064 72 51 56
-0.204095 -0.0720659 0.832863 117 74 46
0.360995 -0.0684173 0.855592 130 76 55
-0.0917162 0.0362938 0.940579 196 150 128
-0.063441 -0.232545 0.895278 121 77 58
0.0462726 0.0266855 0.771469 99 18 14
0.0533749 0.0759747 0.77901 154 28 26
-0.0341223 -0.235272 0.896516 36 15 8
-0.190526 0.0726674 0.901103 110 58 36
-0.308823 0.106083 0.770113 140 92 48
-0.312441 -0.0659258 0.674879 160 146 127
-0.0347896 -0.0907693 0.914631 98 57 46
-0.112045 -0.033282 0.953006 142 92 72
-0.323255 0.0774114 0.715839 68 23 33
0.108981 0.125175 0.82963 152 40 38
-0.19962 0.0308581 0.895065 144 98 80
0.372007 -0.19318 0.759335 109 88 78
0.295014 -0.174198 0.799263 160 156 105
0.319559 -0.0387914 0.8785 120 94 76
0.360531 -0.325395 0.822013 158 152 103
-0.288793 -0.0328025 0.699113 158 142 122
0.342104 -0.169616 0.901586 160 157 105
0.12053 -0.237775 1.36392 112 110 67
-0.177978 -0.12687 0.882671 120 76 52
-0.230155 -0.00746231 0.763658 174 127 105
0.104829 0.0768571 0.775297 80 66 49
-0.0363802 -0.0945141 0.917563 101 63 52
-0.0784275 -0.178014 0.916757 162 104 79
0.263301 -0.0387806 0.963821 136 116 88
-0.0274941 -0.162187 0.910698 74 31 20
-0.292442 0.0370842 0.719096 128 22 20
-0.0149056 -0.147293 0.911268 83 42 28
-0.130533 0.0444317 0.947369 92 40 28
-0.299137 0.0751928 0.72842 102 37 42
0.228735 -0.296091 1.32919 127 124 82
-0.150862 -0.0389961 0.827599 150 102 85
-0.319898 0.105492 0.753445 142 66 32
-0.0122844 0.0610744 0.949644 132 89 70
0.364382 -0.112918 0.846088 122 92 78
-0.182425 -0.00114126 0.890636 151 114 104
0.0533854 0.0270408 0.773282 74 20 15
-0.0135499 0.0150871 0.940129 144 105 86
0.315819 -0.214241 0.742217 144 113 100
-0.055925 -0.241075 0.894887 65 32 22
-0.0977147 -0.0307849 0.937919 182 133 111
0.347896 -0.0858926 0.858811 144 94 72
0.357672 -0.194252 0.758152 153 128 120
0.218917 -0.243859 1.34784 126 125 79
0.366844 -0.227628 0.755983 128 82 68
0.362283 -0.189669 0.771114 150 126 118
-0.00703856 -0.108332 0.917836 114 67 46
-0.101647 -0.0866238 0.84141 116 76 57
0.344175 0.0124657 0.884295 118 85 65
-0.209136 -0.0051619 0.886643 138 92 74
0.349887 -0.134337 0.84673 106 90 74
0.342329 -0.214718 0.747698 160 134 124
0.338308 -0.1163 0.868049 154 146 108
0.0828263 0.0213349 0.802492 110 38 26
-0.34256 0.0161718 0.695601 118 10 12
0.362425 -0.237576 0.750011 116 38 27
-0.0112406 -0.103183 0.92227 86 46 32
-0.371189 0.0459347 0.661089 163 112 40
0.313073 -0.14585 0.921001 126 72 61
0.080708 0.0478903 0.766515 137 23 20
0.372988 -0.128455 0.845879 120 76 60
0.307874 -0.112851 0.928215 162 134 117
0.0308024 0.0812386 0.830864 124 44 34
-0.286883 0.0213875 0.712759 152 120 90
0.299614 -0.171465 0.788729 159 156 104
-0.2338 -0.0243638 0.775627 177 131 108
-0.326584 -0.0763667 0.663144 96 90 98
-0.306677 0.11829 0.781716 144 110 86
-0.196111 -0.0990554 0.861264 134 94 78
-0.309009 -0.0242129 0.66836 136 78 80
-0.24474 -0.0740008 0.857549 158 112 92
-0.0352617 -0.194524 0.904002 29 8 4
-0.306868 0.0409788 0.700334 110 102 107
-0.278161 -0.0199523 0.744341 152 113 67
-0.0665483 -0.0128689 0.931453 198 150 128
0.291503 -0.0834826 0.920518 140 113 91
-0.137564 0.0158514 0.941734 87 38 26
-0.044325 0.0175087 0.945779 175 128 110
-0.0290227 -0.102626 0.915515 100 58 44
-0.329296 -0.0339143 0.668827 136 16 20
0.382555 -0.338969 0.813633 154 146 98
-0.277321 0.0749219 0.752197 160 139 124
0.121731 0.084528 0.782955 120 88 80
0.418435 0.0634042 0.900866 154 119 108
-0.232354 -0.0144059 0.767913 182 138 116
-0.228019 -0.212921 0.849994 99 90 51
0.264772 -0.213458 0.838381 157 152 107
-0.293286 0.0215151 0.713294 120 24 16
-0.123374 -0.00151934 0.953443 140 87 68
-0.319245 0.0394698 0.695701 52 46 58
-0.293431 0.119558 0.777692 144 124 111
-0.15352 -0.0738628 0.813695 164 110 80
-0.0767968 -0.171377 0.927893 124 74 53
0.362938 -0.0445435 0.875412 140 90 65
0.0334715 0.0596188 0.783714 137 44 41
-0.197379 -0.0639842 0.829342 137 86 64
0.270643 -0.296883 1.3346 128 126 83
-0.0476572 -0.247737 0.903759 55 32 18
0.343087 -0.153796 0.871327 157 154 102
0.0427524 0.0978333 0.797243 154 25 24
0.136676 -0.259164 1.3247 123 122 77
0.360264 -0.227616 0.737439 110 47 30
-0.254583 -0.106551 0.865488 165 116 94
-0.0349099 -0.202624 0.897707 40 18 10
0.127377 -0.217914 1.36112 105 104 64
0.113889 0.122369 0.815954 146 36 32
-0.371272 0.0330411 0.68094 154 98 34
-0.168161 0.0792581 0.908969 92 48 32
-0.313991 -0.0157739 0.65752 124 19 21
-0.266911 -0.116702 0.853637 82 30 16
-0.319396 -0.0565349 0.67239 118 18 13
0.492614 -0.280801 0.869222 28 26 17
-0.0295855 0.0177481 0.95764 168 126 111
-0.289585 0.0795968 0.744156 144 102 90
-0.195392 -0.145544 0.883793 136 100 70
0.445714 0.003941 0.889022 136 116 96
-0.128807 -0.0312855 0.946403 100 48 30
0.26567 -0.0435402 0.953877 115 77 44
-0.261775 -0.125262 0.845749 80 35 20
-0.194355 -0.0399676 0.85135 144 90 74
0.0955404 0.0390357 0.806053 106 23 14
-0.312826 0.0191883 0.681111 126 14 16
0.10122 0.0438266 0.7806 140 28 23
-0.230355 -0.212273 0.833557 104 92 57
0.181477 -0.229192 1.36503 114 114 74
-0.137492 0.0129033 0.941244 86 38 26
-0.16144 0.0402289 0.90063 146 101 84
-0.0341129 -0.178726 0.92042 81 38 28
-0.116226 0.0433306 0.948601 168 116 93
0.342299 -0.144438 0.844641 74 69 48
-0.275807 0.0524026 0.749585 130 102 77
0.212081 -0.233849 1.34401 126 124 78
0.00178931 -0.166047 0.93916 74 42 28
-0.011309 -0.160742 0.912481 84 46 34
0.0407405 0.0892299 0.790169 154 26 25
-0.0276137 -0.146076 0.917434 110 62 47
0.489355 -0.289355 0.872856 32 30 20
0.298773 -0.256952 0.81104 106 67 36
-0.0719983 -0.249051 0.898967 53 25 14
-0.0199425 -0.209326 0.903364 54 30 16
0.0330932 0.0548708 0.784907 148 26 21
-0.329514 -0.030537 0.669349 136 16 20
0.304953 0.0294634 0.88865 172 145 136
-0.0584557 -0.055648 0.925726 152 107 86
-0.010543 -0.238023 0.942134 62 46 24
0.28402 -0.226218 1.34236 112 113 73
-0.204552 0.0304088 0.891481 144 96 78
-0.35004 0.000830009 0.70018 78 15 36
0.31224 0.00644823 0.913595 108 69 48
0.319141 -0.0572571 0.958975 91 68 50
-0.0199544 -0.193395 0.904517 38 18 10
0.270673 -0.286425 1.33462 126 124 80
0.335027 -0.108063 0.862461 130 118 84
-0.231808 0.0568352 0.888627 126 77 59
0.454851 0.0297637 0.917128 126 96 78
-0.267721 -0.0746251 0.863325 42 12 6
0.382895 -0.292334 0.808962 125 8 8
-0.267949 -0.159597 0.822959 52 26 22
-0.173399 -0.0789982 0.839793 124 74 44
0.174832 -0.237477 1.36294 119 117 77
-0.026454 -0.20454 0.899364 46 22 12
-0.296129 -0.0482681 0.68157 160 144 122
0.253882 -0.278293 1.3446 122 122 79
-0.23281 -0.0380043 0.893858 136 88 65
0.265362 -0.21809 0.780062 98 84 70
0.387551 -0.238494 0.767306 132 72 65
0.435465 -0.00542542 0.898032 157 132 116
-0.123915 0.0211039 0.954883 144 93 74
-0.161008 0.0614583 0.895245 106 61 38
-0.296472 0.0827676 0.746125 130 50 49
-0.0341817 -0.164533 0.926499 122 74 54
0.424803 -0.249399 0.794304 75 55 46
0.122169 0.0871365 0.787801 94 67 58
0.257221 -0.290374 1.36216 124 124 81
-0.31874 -0.0245071 0.664576 138 64 66
-0.260993 -0.0841155 0.864841 162 115 92
-0.101818 0.0157051 0.951961 192 145 124
0.348795 -0.114054 0.872363 130 100 86
-0.0278825 -0.142102 0.916141 114 68 53
0.31379 0.0897734 0.924939 146 110 98
0.136006 -0.266687 1.35648 125 124 79
0.358581 -0.0413399 0.882241 142 89 62
-0.293226 0.0738803 0.743213 137 60 56
-0.294052 -0.0453562 0.67802 159 144 123
0.0610787 0.140571 0.829851 118 44 42
-0.204241 0.0508502 0.898471 135 84 70
0.341799 -0.131454 0.839775 80 66 52
-0.0487696 -0.0988713 0.882008 160 124 108
-0.282198 -0.20565 0.842085 64 34 20
-0.285627 0.0331245 0.728975 142 118 98
0.0400983 0.0358917 0.776686 130 24 17
0.260567 -0.216956 0.825533 118 102 65
0.349403 -0.230448 0.762495 140 106 84
-0.119717 -0.0852072 0.833112 161 113 92
0.315263 -0.20889 0.754614 142 103 88
0.00259152 0.0732975 0.830267 136 112 102
-0.323984 0.00512623 0.685279 107 10 12
0.0427079 0.0399452 0.786783 133 28 21
-0.325011 0.123998 0.750074 97 9 9
-0.0464651 -0.177452 0.908665 70 26 11
-0.0910916 0.0406399 0.945752 192 144 123
0.272615 -0.190562 0.825218 158 155 104
-0.220787 -0.0655027 0.843266 122 78 59
-0.15083 0.0438594 0.908242 119 71 54
-0.329204 -0.0674178 0.668974 74 30 36
0.12539 0.0356889 0.774129 138 30 21
-0.274937 0.0611099 0.748541 156 130 116
0.387494 -0.279429 0.799776 124 10 10
0.271972 -0.289063 1.29739 127 126 82
-0.103112 0.0231326 0.960667 189 143 120
-0.0538588 -0.0600186 0.924127 162 120 105
-0.211129 -0.160629 0.840761 137 105 72
-0.310515 -0.0255728 0.663488 153 123 121
-0.0471958 0.0695556 0.936839 139 86 62
0.276085 -0.189504 1.39926 94 96 58
0.375103 -0.190837 0.753875 76 60 50
0.2962 -0.219712 1.35359 114 114 74
-0.326536 -0.0227027 0.65766 102 11 20
-0.0346619 -0.197906 0.896824 32 10 4
-0.302177 -0.0579304 0.686406 160 146 126
-0.373933 0.0207904 0.679608 142 71 28
-0.247163 0.0975534 0.88595 139 102 86
-0.322026 0.0980296 0.74545 134 50 26
-0.27885 0.039337 0.723927 142 115 94
-0.261944 -0.167615 0.829499 42 16 13
0.371567 -0.186773 0.785572 150 127 119
-0.265207 0.132565 0.784273 146 124 112
-0.142214 0.0813922 0.921192 122 92 85
0.342272 -0.097949 0.874889 122 101 79
0.265664 -0.192253 0.826726 158 156 106
-0.289953 0.0283772 0.72154 146 93 82
0.289331 -0.276611 1.32161 121 120 77
-0.327098 0.0219055 0.686889 116 12 15
0.299561 -0.304003 0.918995 102 69 32
-0.0840496 0.0376407 0.942667 172 122 102
-0.0353637 -0.139527 0.91387 150 108 86
-0.278561 0.0340818 0.723066 130 104 80
-0.237973 -0.00768377 0.769867 178 134 110
-0.302582 -0.00213639 0.683416 99 13 12
-0.245062 -0.111796 0.859537 160 112 88
-0.330127 -0.0738647 0.671497 94 88 98
0.0851189 0.0617188 0.772064 112 55 47
0.293984 -0.000377741 0.918883 134 98 79
-0.0202699 -0.213992 0.895689 56 30 17
0.232067 -0.192146 1.3793 93 94 57
-0.0272046 -0.183597 0.90509 66 32 22
-0.13128 0.0244921 0.95309 104 50 34
0.283789 -0.122851 0.91319 158 140 112
0.270254 -0.239442 0.839425 90 81 60
0.01167 -0.053451 0.971791 146 120 90
-0.289821 -0.00397925 0.709744 145 102 42
0.306215 0.044859 0.923093 151 124 117
0.0497882 0.062935 0.79209 148 23 22
-0.336444 0.022675 0.673812 120 10 12
-0.0646595 -0.260757 0.910726 61 36 18
0.30287 0.0861364 0.915881 139 104 92
-0.13374 -0.0131395 0.95813 88 40 23
-0.259028 -0.0134625 0.753649 140 16 21
-0.285817 0.144717 0.781839 137 115 104
-0.328081 0.0387843 0.679024 102 57 61
0.292019 -0.00839065 0.928007 96 56 31
-0.0823591 -0.208669 0.91503 182 120 98
0.282488 -0.301877 0.90024 133 112 70
-0.047083 0.0464902 0.953946 170 122 99
0.312291 -0.237367 0.785009 103 34 18
-0.108533 -0.00646539 0.944102 170 120 96
-0.278724 -0.125494 0.858039 54 23 14
0.441628 0.0195648 0.88857 118 82 59
0.298634 -0.158917 0.921552 160 146 108
0.0956178 0.107199 0.813902 148 71 72
-0.329045 0.0563427 0.719379 22 17 34
0.311313 0.10748 0.964867 165 142 133
0.0252943 -0.0314544 1.00325 144 119 91
-0.338406 -0.0407839 0.672387 139 14 18
0.245483 -0.215287 1.3427 110 108 69
-0.30075 0.159557 0.766023 132 10 16
0.260862 -0.202354 0.832611 158 154 105
-0.319378 -0.0168902 0.648863 101 12 22
-0.348306 0.149867 0.772302 120 14 19
-0.254087 -0.0960787 0.871375 172 124 102
-0.104201 -0.0336608 0.94476 169 118 96
-0.101844 -0.0826617 0.84466 108 65 48
-0.249642 -0.0557458 0.880968 138 94 74
0.0801535 -0.00155489 0.81649 162 149 129
0.265213 -0.195318 0.816164 160 157 108
0.0997802 0.0356754 0.789094 136 28 22
-0.162367 0.0862703 0.911636 80 38 27
0.339808 -0.194549 0.774001 162 136 128
0.42311 0.0149067 0.897024 134 97 82
-0.0939036 -0.176006 0.946962 130 106 62
0.120778 -0.199874 1.34419 96 96 57
-0.053168 -0.0415655 0.931029 180 136 120
0.115982 0.0389753 0.801747 138 28 20
-0.0499169 -0.233445 0.884217 48 20 8
-0.338242 0.0366405 0.674787 124 16 20
0.240381 -0.204644 1.35582 104 105 65
-0.206899 0.0195143 0.901209 142 96 78
-0.324713 0.0586157 0.706839 76 68 78
0.340406 -0.314334 0.850162 159 150 106
0.263707 -0.00163976 0.903189 160 138 122
0.394148 -0.300022 0.816179 124 8 9
0.320294 0.00683446 0.909885 97 54 28
0.249238 -0.289309 1.29848 126 126 84
0.180712 -0.236172 1.33543 118 118 78
-0.245828 -0.206761 0.823248 60 38 20
-0.304337 -0.00601453 0.684109 98 16 13
0.127371 -0.264661 1.36587 123 122 79
0.327205 -0.213613 1.34446 125 125 82
0.31513 -0.163218 0.924037 136 108 68
-0.0052737 0.0835724 0.849004 156 132 120
0.160784 -0.211613 1.37134 106 104 67
-0.0588209 -0.170165 0.91268 154 100 78
0.213596 -0.267099 1.32504 128 127 82
-0.274084 0.0427162 0.737516 130 103 76
-0.279782 0.0439761 0.733659 156 130 113
0.254732 -0.256198 1.2855 120 118 76
0.44418 0.0139235 0.889334 106 73 52
0.273756 -0.230271 1.00093 156 153 105
-0.372882 0.0478788 0.654376 151 100 37
0.178032 -0.254344 1.33444 126 126 80
-0.310075 0.158527 0.772003 134 12 18
-0.0194431 -0.00963078 0.950135 145 104 84
-0.251771 -0.0336745 0.769264 164 132 110
0.284281 -0.201419 1.31859 108 110 70
0.116639 -0.212531 1.32662 106 106 64
-0.376563 0.0157512 0.678103 154 108 65
0.271263 -0.189458 0.929066 160 157 107
0.312249 -0.198301 1.33312 116 117 76
-0.253126 -0.0390683 0.77569 163 132 108
0.331453 -0.241143 0.792235 110 34 20
0.0119722 -0.187303 0.937076 134 132 86
0.254443 -0.22902 0.88596 157 154 104
0.0108995 -0.0248626 0.985653 158 119 97
-0.287567 -0.0432505 0.77843 156 142 122
0.286542 -0.187294 1.35832 95 96 57
-0.107031 -0.225884 0.925284 101 89 56
-0.376785 0.151658 0.798295 171 102 43
-0.230406 0.127064 0.856685 161 138 128
0.26735 -0.234408 0.96681 156 154 104
-0.37229 0.0654108 0.672835 160 138 120
-0.265603 -0.229119 0.86205 109 92 60
0.335819 0.118763 0.913363 164 144 138
-0.21555 -0.229318 0.877483 150 145 94
-0.0583556 -0.262272 0.865078 110 99 60
0.090387 -0.0365539 1.06934 148 138 117
-0.223132 -0.227977 0.860498 152 147 96
-0.206391 -0.223333 0.885269 150 147 96
-0.136231 -0.19749 0.93636 150 146 96
0.191178 0.13234 0.843677 161 142 132
-0.0276377 0.171899 0.867261 166 144 139
0.347091 0.0781804 0.887086 124 61 65
0.280933 0.041522 0.910093 98 56 58
0.408405 0.0708371 0.899384 182 160 154
0.382525 0.057613 0.885222 182 160 154
0.29884 -0.193276 0.772572 154 125 112
0.337963 -0.0904832 0.992531 116 88 64
0.389092 -0.16982 0.869559 160 132 120
0.384867 -0.11513 0.846752 19 11 9
0.42941 -0.12502 0.842413 129 78 56
0.327877 0.0708967 0.899416 180 155 148
0.400598 -0.0728715 0.856034 76 48 47
0.413432 -0.0318407 0.893926 136 88 64
0.267173 -0.0541603 0.940653 100 66 30
0.266249 -0.117488 0.892941 138 134 86
0.26771 -0.0614181 0.940178 110 92 60
0.352612 -0.0669194 0.851519 176 106 70
0.33484 -0.075819 0.853927 135 109 91
0.337764 -0.00912162 0.90623 144 120 107
-0.0693786 -0.0977872 0.876797 152 106 86
0.00572859 0.0412338 0.954341 109 62 37
-0.278256 0.0131288 0.719607 148 116 70
0.34301 -0.21147 0.745812 165 139 130
0.278515 -0.28868 0.889531 148 136 90
0.00504772 0.0660225 0.830664 159 136 122
0.0943081 0.0572195 0.75645 81 19 14
0.378656 -0.165011 0.832188 160 135 124
-0.198388 -0.0594947 0.827124 146 88 68
-0.192043 -0.0821354 0.846298 90 50 25
0.436134 0.0445516 0.898097 182 160 152
0.276992 -0.0903639 0.923524 164 150 126
0.349718 -0.0159758 0.900795 128 102 84
-0.286576 0.102697 0.77917 160 138 125
-0.0771107 -0.174437 0.929938 154 102 70
0.0771868 0.0578104 0.771679 122 20 14
0.292048 -0.187442 0.788104 98 60 29
0.281002 -0.098219 0.924857 164 151 128
-0.316908 -0.0189783 0.665418 124 14 16
0.379856 -0.023092 0.884287 128 100 84
-0.231653 -0.0794216 0.868668 142 96 76
-0.194818 -0.0683795 0.830085 128 76 52
0.264493 -0.269457 0.872536 150 144 94
0.386544 -0.106591 0.852964 14 9 10
0.372602 -0.151864 0.86255 152 126 113
0.357817 -0.144549 0.842731 138 116 101
0.249163 -0.258187 0.847371 149 146 93
-0.144399 -0.0646786 0.806215 111 62 42
0.445619 0.0797876 0.943947 181 156 152
0.417592 -0.0109619 0.909612 168 140 120
-0.296622 0.12579 0.791466 142 121 107
0.371226 -0.0280797 0.890149 142 112 98
0.448182 0.0574352 0.919984 180 158 148
0.416234 -0.0223154 0.876147 121 96 68
0.288384 -0.204322 0.764298 157 130 118
0.387627 -0.280842 0.812088 125 8 9
-0.140832 -0.0573238 0.822108 77 30 16
0.451483 0.0778496 0.948021 180 158 150
0.0418272 0.0802276 0.77602 162 28 28
0.351809 0.0695735 0.883704 122 41 46
0.343087 -0.146433 0.87083 161 158 106
0.291349 -0.283691 0.883533 106 80 50
-0.108337 -0.0560144 0.837091 176 118 100
-0.317484 0.0955243 0.745785 152 94 33
-0.175516 -0.0504841 0.821701 180 120 96
0.39647 0.0786827 0.902066 179 156 148
0.00947256 0.0520943 0.926046 115 70 44
-0.137524 -0.137779 0.999706 114 74 44
0.31099 -0.314138 0.925009 138 118 98
0.0715393 0.0161425 0.793143 132 38 28
0.322143 -0.051546 0.875718 119 98 74
0.263211 0.0498885 0.954762 100 77 54
-0.217928 -0.18176 0.825782 154 99 75
0.422377 -0.214032 0.769077 174 150 142
0.335862 0.053682 0.883716 183 158 150
-0.288158 -0.0120934 0.730092 145 105 40
0.353379 -0.0998826 0.843976 164 134 122
0.260663 0.0454401 0.947921 108 85 62
0.461096 -0.087573 0.952673 93 68 62
0.336646 -0.300467 0.855527 158 140 111
0.315276 -0.160674 0.930482 98 29 12
0.411246 -0.0716543 0.867056 100 74 73
-0.337524 0.103862 0.736312 134 84 54
-0.0745363 -0.111988 0.886042 156 108 86
0.340475 0.0628578 0.890114 183 156 150
-0.299503 -0.117635 0.891605 47 16 10
-0.0188274 -0.0846096 0.929343 124 84 64
0.331063 -0.0885097 0.988116 166 134 114
-0.0668824 -0.020647 0.930148 200 154 130
0.0409242 0.12388 0.821027 154 34 32
-0.341409 0.119813 0.751341 110 48 35
0.43211 -0.203686 0.777412 170 148 137
0.336277 -0.141855 0.902642 120 106 64
-0.0496447 -0.175121 0.905692 127 78 54
0.28049 -0.1382 0.89749 158 146 100
0.303092 0.0366571 0.883367 180 153 144
0.401039 -0.161879 0.857741 124 108 96
0.150805 0.0649577 0.828901 158 38 34
0.271256 -0.149595 0.908536 156 154 102
0.403311 -0.0485077 0.895036 128 102 87
-0.300138 0.0890996 0.771987 163 139 127
0.402093 -0.216668 0.755405 174 156 150
0.387167 -0.0963563 0.857739 28 21 24
-0.201878 -0.0365754 0.842735 112 64 42
-0.27356 0.0646469 0.904095 185 137 114
0.30933 -0.0287122 0.902651 130 102 88
0.390403 -0.168699 0.808629 147 124 112
-0.258031 -0.0558776 0.882354 100 58 44
0.250399 -0.0156491 0.981463 146 136 107
0.250673 0.0274991 0.950987 112 97 72
0.275321 0.0441993 0.938955 92 82 68
0.300447 -0.217171 0.76575 156 126 113
0.112357 0.0957514 0.7891 123 104 98
-0.170012 -0.119141 0.920734 115 76 44
0.250019 0.0193083 0.964353 126 116 88
0.155374 0.0652552 0.834064 152 77 71
0.124322 0.0104683 0.834106 147 110 88
0.164042 0.0721535 0.847482 155 138 121
0.403916 -0.116485 0.845619 117 62 38
-0.0508419 -0.226552 0.892564 84 42 30
-0.0746736 -0.0819475 0.859867 147 98 76
-0.12329 -0.0460238 0.963026 124 73 50
-0.0122658 -0.120434 0.911307 135 86 64
0.249212 0.00261523 0.979254 136 126 95
-0.276104 0.0116004 0.724142 161 140 117
0.0278567 0.0496074 0.962564 125 80 52
-0.323579 -0.0300255 0.66602 139 48 50
0.082635 0.00414934 0.809481 150 136 115
0.353128 -0.0912278 0.836479 160 128 116
-0.249962 0.000965347 0.908088 188 143 120
-0.237735 -0.215357 0.844405 35 18 7
0.348877 0.0219049 0.865328 101 56 30
0.399783 0.0391909 0.880205 136 93 70
-0.314547 0.0321254 0.957886 160 109 82
0.383989 -0.0320367 0.887841 183 154 134
-0.339125 0.0441384 0.691005 85 65 64
-0.125395 0.0486344 0.95194 102 50 25
0.274287 -0.222884 0.782873 155 130 114
-0.1628 -0.0561745 0.815577 190 132 106
0.369474 -0.200844 0.750221 88 69 58
0.283429 -0.307213 0.892119 127 88 52
0.404277 0.0428742 0.880657 142 101 84
0.332271 -0.168878 0.914063 81 24 12
0.294471 -0.160783 0.930537 158 156 102
0.278338 -0.191701 0.83172 158 155 102
0.366961 0.0394509 0.872248 168 136 124
-0.0196714 -0.123689 0.9217 78 34 18
-0.316094 -0.026014 0.665155 158 142 144
-0.240702 -0.13922 0.842603 92 44 31
-0.213445 -0.148258 0.874221 98 62 28
0.0989742 0.0499844 0.770504 144 29 22
-0.199584 -0.0492276 0.82829 120 65 43
0.354729 -0.0805238 1.0317 108 87 56
-0.325003 -0.0800569 0.659644 152 140 122
0.375881 -0.234106 0.741254 128 83 57
-0.249344 -0.201809 0.811332 42 21 10
-0.162211 0.0798087 0.90371 83 42 28
0.37064 -0.18934 0.751066 134 114 103
-0.228352 -0.0181213 0.765254 172 125 100
0.298506 -0.139111 0.91684 174 144 124
-0.28193 -0.0857512 0.861559 80 38 24
-0.184395 -0.0955659 0.862719 126 84 62
-0.0435907 -0.0926207 0.938158 120 77 60
0.38404 -0.324499 0.810769 108 58 27
-0.29229 0.0212216 0.888985 162 108 84
-0.00263735 -0.104673 0.915786 96 54 24
0.361063 -0.0121627 0.88927 104 74 54
0.396518 -0.0949299 0.847416 16 10 11
0.297623 -0.0868885 0.933931 138 107 79
0.374877 -0.251509 0.788821 121 9 10
-0.0877536 -0.0581748 0.894384 136 86 68
0.0779219 0.110243 0.816806 148 42 38
-0.30455 -0.0169307 0.668081 124 14 14
0.27443 -0.225967 0.793969 140 120 103
0.2862 -0.18279 0.80313 160 154 102
0.365552 0.00255915 0.881931 126 86 64
0.0804217 0.0708693 0.775468 102 83 68
0.349081 0.064367 0.87467 152 94 84
-0.0455301 0.0259768 0.951316 172 124 102
-0.250641 -0.130413 0.850943 126 68 42
-0.0333267 -0.216931 0.902671 48 19 8
-0.36875 0.0449492 0.683008 150 98 39
-0.104529 -0.150356 0.949301 170 122 90
0.372023 -0.243116 0.772563 114 40 24
-0.231883 -0.0117222 0.774603 170 124 100
0.363358 -0.228381 0.768738 146 113 99
0.26093 -0.239008 0.799878 151 130 109
0.356562 -0.331556 0.811687 155 151 98
0.449928 -0.16982 0.927791 69 28 16
0.257314 -0.251849 0.839129 151 144 96
0.414965 -0.26326 0.809795 108 69 46
-0.36783 0.0207267 0.678085 136 36 14
-0.234457 0.0823927 0.893725 107 58 36
-0.269822 0.0129458 0.741321 142 118 90
-0.307421 -0.0659102 0.685001 162 148 126
0.0312379 0.0424369 0.871897 126 70 42
0.333959 -0.0846528 0.871862 166 154 132
-0.299302 0.0574948 0.731368 126 18 21
0.375846 -0.180346 0.764733 148 125 115
0.398795 0.0407716 0.888225 148 106 84
-0.222691 -0.138452 0.856135 110 64 40
0.107762 0.097136 0.793914 130 108 102
-0.284139 -0.118037 0.871471 39 12 9
0.39701 -0.0234715 0.909145 90 72 58
0.064526 0.127683 0.816022 157 30 32
0.344399 -0.187213 0.748517 158 132 122
0.283692 -0.179803 0.786763 161 156 105
0.1042 0.0535327 0.774816 142 32 26
0.408464 -0.108297 0.850412 124 74 48
-0.24421 0.00466455 0.91053 178 130 108
0.42708 -0.256673 0.805143 129 86 62
0.339396 -0.28927 0.821197 114 52 33
-0.289146 0.0520615 0.93621 158 112 88
0.424452 0.0864925 0.919905 178 156 151
0.27278 -0.222495 1.32908 112 112 68
0.344144 0.0554151 0.887457 181 157 150
-0.143408 -0.127395 0.994862 108 70 36
0.340225 0.0228156 0.874648 142 96 76
-0.298507 0.0391237 0.713758 130 14 16
0.355885 -0.0826418 0.84953 164 104 74
0.446605 0.065138 0.933347 181 160 155
-0.075442 -0.0488764 0.937338 170 121 100
0.251896 -0.273369 0.868765 150 146 93
-0.277996 0.127932 0.79006 144 124 112
0.070636 0.115997 0.833225 156 28 24
0.128772 0.105722 0.806374 144 80 77
0.00647111 -0.145109 0.92239 116 74 46
0.010758 -0.147569 0.928949 96 63 34
0.423198 0.00923127 0.908385 153 120 105
-0.252813 -0.101551 0.866322 174 126 102
0.320266 0.0633783 0.890708 182 158 150
-0.199178 0.0628771 0.904535 112 62 41
-0.121947 -0.0333859 0.940898 130 78 56
0.359102 -0.262011 0.791522 126 8 9
0.442829 -0.154338 0.939074 152 74 52
0.34098 -0.219511 0.750441 166 140 132
0.33916 0.0146456 0.903161 104 58 33
0.0355368 0.12345 0.829921 146 106 90
0.248467 0.0401197 0.998998 134 120 95
0.249708 0.0476444 0.976051 134 116 94
-0.312888 0.0272804 0.696059 94 74 79
0.350987 -0.183301 0.752027 118 91 80
0.367984 -0.126768 1.004 60 82 61
0.348517 -0.00129517 0.903421 149 120 109
-0.020923 -0.079443 0.936385 146 108 88
-0.287942 -0.178504 0.850538 79 45 30
0.443655 -0.00281487 0.911187 152 123 110
-0.0971347 -0.224954 0.930294 160 102 80
-0.230332 0.0137109 0.880917 150 102 85
-0.330917 -0.0135089 0.671123 84 12 24
0.264245 -0.014468 0.939081 148 116 96
0.118826 0.092066 0.793141 74 60 53
0.408156 -0.10561 0.846709 134 87 66
-0.27985 0.120293 0.817423 146 126 113
0.335066 -0.170589 0.800925 138 106 88
0.0441282 0.0858267 0.785777 163 29 28
-0.375736 0.0313548 0.660581 177 124 52
-0.184029 -0.141047 0.911715 126 86 60
-0.247019 -0.186572 0.825083 162 108 90
-0.288144 -0.193892 0.878771 62 35 27
0.284938 -0.100334 0.916573 158 138 110
0.271142 -0.192873 0.835042 158 155 103
-0.121823 -0.0651484 0.834816 112 62 35
-0.224217 -0.140378 0.885614 113 70 44
-0.109273 0.0426978 0.950058 179 128 106
0.153044 0.0715006 0.832415 152 65 62
0.0137971 -0.149347 0.9217 90 66 32
0.427418 -0.264343 0.8184 114 72 46
0.371018 -0.163156 1.43489 150 140 118
0.444729 -0.133936 0.945532 138 60 35
-0.301631 0.0628484 0.738996 102 41 44
0.318992 -0.225445 0.754618 132 92 66
0.418566 -0.196117 0.761516 170 148 139
0.112056 0.066311 0.779217 102 84 68
0.35703 -0.209568 0.744755 166 140 130
0.364873 -0.119653 0.851242 173 142 130
-0.22271 -0.149998 0.851124 50 17 8
-0.305361 0.0611835 0.727777 114 28 31
-0.194031 0.0472198 0.896203 155 108 90
-0.271472 -0.133495 0.835005 48 18 10
-0.311567 -0.0572028 0.673025 120 23 15
0.402088 -0.275634 0.81003 112 16 9
0.353972 -0.299769 0.820677 140 92 68
0.196265 -0.23938 1.35167 121 119 76
0.417767 -0.11458 0.845153 126 82 60
0.299558 -0.0655691 0.954586 102 81 48
-0.09381 -0.189396 0.91309 151 144 92
0.447463 -0.0174879 0.920114 126 86 65
-0.294827 0.0103457 0.687838 122 14 17
0.413823 -0.101039 0.845268 94 42 19
0.25526 0.0557163 0.953274 125 104 86
0.245873 0.022144 1.0051 135 124 96
-0.285499 0.0243262 0.711999 162 142 125
0.257817 -0.0686511 0.942649 158 150 126
0.465682 0.000871612 0.919695 144 122 104
0.00407721 -0.163693 0.919557 134 88 64
-0.154053 -0.0578971 0.816753 152 98 82
-0.295779 -0.163135 0.85916 62 28 16
-0.261975 0.0864105 0.913018 117 69 46
-0.114324 -0.0158758 0.936901 161 109 84
-0.311918 -0.0799473 0.667717 162 150 126
-0.263665 -0.157795 0.838053 41 12 5
0.343915 -0.195176 0.749196 162 136 128
-0.247349 -0.0632753 0.866498 136 90 70
0.254594 -0.219004 0.863146 153 150 98
-0.0802381 -0.165669 0.903819 158 107 76
0.0354402 0.0118426 0.855697 150 111 83
0.340539 -0.112786 0.830086 160 128 112
-0.218939 -0.0119582 0.893489 145 96 78
0.326938 0.0272092 0.873436 144 102 86
0.044638 0.00792874 0.780399 134 101 78
-0.0146644 -0.216455 0.905732 50 30 15
-0.179261 -0.0381761 0.830598 143 97 84
-0.274135 0.0142282 0.72336 159 141 120
0.366366 0.0268729 0.864207 100 54 28
0.25921 -0.0343622 0.972198 152 142 116
0.26559 -0.262992 0.854632 148 144 93
0.427662 -0.116538 0.846285 134 74 45
0.0597475 -0.22281 1.19165 128 126 79
-0.308301 0.0778482 0.735058 98 18 20
0.130864 0.0423615 0.787428 142 30 24
0.356161 0.0850127 0.903789 160 136 130
-0.291644 0.0149594 0.723462 144 98 40
0.0527004 0.0116138 0.989397 118 88 53
0.274583 -0.0238874 0.951209 108 76 47
0.372137 -0.326499 0.812664 148 138 90
-0.0438449 0.0553516 0.930504 152 98 72
-0.224494 -0.00189858 0.919012 147 98 82
0.376075 -0.176097 0.776809 127 84 65
0.158357 -0.207128 1.31722 106 105 66
-0.269544 -0.143141 0.842276 50 24 16
0.375399 -0.226887 0.760811 160 134 125
-0.273864 0.0307015 0.731631 128 104 80
-0.210742 -0.174363 0.83859 142 110 73
0.129857 0.0916372 0.802264 138 122 119
-0.028991 -0.249396 0.911293 60 36 18
0.326367 -0.278896 0.828449 118 37 25
0.332686 0.0283316 0.872827 150 100 81
-0.260783 0.00749468 0.731006 152 122 95
-0.196408 0.091582 0.896772 86 49 37
-0.316376 0.0448278 0.68968 30 26 42
-0.12349 -0.13528 0.988189 134 89 60
-0.234623 -0.079442 0.857694 146 98 80
0.388395 -0.289853 0.814271 127 7 8
0.439615 -0.179745 0.791469 160 136 120
-0.0319528 -0.197444 0.880347 52 24 14
-0.259015 -0.130261 0.844433 94 42 24
0.362888 0.0127683 0.870416 154 122 106
0.274092 -0.213263 0.777683 108 93 82
-0.290597 0.0705846 0.934325 172 124 101
0.110826 0.114038 0.810772 157 26 24
-0.0286243 -0.120081 0.918588 61 23 14
0.212809 -0.210307 1.36709 101 101 60
-0.263604 -0.176498 0.814605 40 20 14
-0.298483 0.0440303 0.948698 151 100 78
-0.25037 -0.207578 0.849624 116 74 52
0.0477546 0.102209 0.790519 158 28 24
0.274776 -0.135306 0.891658 156 150 99
0.32265 -0.0778095 0.888181 72 56 32
0.270337 0.054323 1.00077 106 82 62
0.268363 -0.30983 0.893294 152 148 96
0.330922 -0.31205 0.932674 116 86 62
0.000181683 0.0235475 0.955956 127 79 62
0.123478 0.0678441 0.787734 162 26 24
0.472184 -0.301504 0.896344 18 15 6
-0.169171 0.0216895 0.903848 152 109 92
0.318406 -0.260695 1.35757 126 124 78
-0.317545 0.168566 0.745698 126 17 20
0.353522 -0.0886041 0.854565 162 114 92
0.267705 -0.0615257 1.01073 156 147 123
-0.0194069 -0.197446 0.903912 32 14 8
-0.0425045 -0.094459 0.910495 134 92 75
0.302682 -0.305514 0.915258 122 94 64
0.420625 0.0575382 0.889993 182 161 155
-0.236431 0.0501296 0.904788 130 78 61
-0.281887 0.124674 0.793654 144 124 112
0.27278 0.0695005 0.941267 92 61 40
-0.277034 -0.148732 0.848264 57 26 16
0.418747 -0.0978352 0.850505 100 39 16
0.167298 0.0850181 0.853092 130 116 104
0.465653 -0.176652 0.922049 34 12 8
0.434446 0.00845233 0.87446 134 104 88
-0.0461181 -0.258821 0.893424 52 30 14
0.396984 -0.278383 0.806455 121 12 10
0.378985 -0.0356047 0.876359 185 157 136
0.107039 0.00798294 0.833725 170 148 128
-0.3003 -0.0402056 0.666471 125 50 41
0.352974 -0.204572 0.759465 164 138 128
-0.0501959 -0.208864 0.892302 156 98 78
-0.273008 0.00999929 0.735821 158 138 115
-0.0624674 0.069665 0.944429 152 98 68
-0.297226 0.134346 0.781318 138 113 100
0.392995 0.0970827 0.935356 153 130 124
-0.229991 -0.202386 0.83642 98 64 44
0.431418 -0.138497 0.923508 165 75 46
-0.0192347 -0.0340792 0.94193 165 122 106
0.290651 -0.165375 0.771815 162 158 104
0.400925 -0.100548 0.849425 25 18 16
-0.325279 0.0274914 0.688762 94 48 52
0.071428 0.0434354 0.776337 137 27 22
0.329014 0.0104557 0.899366 101 54 28
0.397421 -0.254458 0.79699 120 47 30
-0.0769633 0.0135416 0.958325 160 108 86
0.423578 -0.252133 0.80049 142 104 84
0.33641 -0.174595 0.814908 134 112 82
-0.301882 0.0202998 0.705199 124 12 14
-0.0109237 -0.204859 0.913813 43 25 13
0.418428 -0.254019 0.797422 134 92 66
-0.323973 0.139416 0.772124 124 14 11
0.0921227 0.00756894 0.819624 104 74 53
-0.355608 0.0042209 0.691431 123 8 10
0.296711 0.00632003 0.925322 174 141 130
-0.0212575 0.0203883 0.943239 160 122 103
-0.2879 0.0112392 0.715586 148 102 42
-0.211916 -0.0121307 0.896944 140 93 74
-0.209769 -0.193158 0.872139 152 146 93
-0.0161754 -0.0231028 0.944037 162 116 99
-0.286824 0.0652415 0.923 167 120 97
0.0787649 0.116062 0.830162 158 24 22
-0.231466 -0.0110141 0.83787 196 152 130
0.406028 -0.00510307 0.898228 180 152 137
0.0670192 0.099503 0.777868 92 71 64
0.246203 0.00806118 0.995996 135 125 96
-0.113299 -0.0768124 0.810802 130 80 57
0.0831809 -0.229501 1.37169 120 119 73
-0.0101961 0.00690873 0.958869 128 80 62
-0.0189324 -0.211171 0.893985 62 34 20
-0.235026 -0.012593 0.751907 167 120 94
-0.316829 0.0330918 0.678364 42 34 40
0.283159 -0.182695 0.813948 160 155 104
-0.271384 0.0226301 0.700836 160 140 122
-0.275422 -0.0749975 0.857257 81 33 21
-0.0828629 0.0675124 0.934239 146 91 62
0.0973767 0.00828326 0.807423 165 136 114
-0.317971 -0.0067706 0.668243 122 14 18
-0.252721 -0.00785132 0.73652 144 14 20
-0.201112 -0.184037 0.862106 152 146 92
0.484735 -0.175348 0.922688 120 68 41
0.26691 -0.0225835 0.960799 114 78 50
-0.30367 0.0523695 0.709747 123 15 18
-0.325558 -0.0675684 0.652678 64 25 38
-0.292855 -0.193614 0.848001 128 82 52
-0.28406 0.117168 0.805996 146 126 114
0.301938 -0.148983 0.912524 145 108 81
-0.274707 0.0305829 0.726421 132 110 88
-0.310307 -0.00108007 0.693591 94 13 10
-0.0125463 -0.225259 0.908927 57 39 18
-0.00683762 0.0122867 0.964447 126 80 62
-0.213043 -0.102952 0.870597 114 70 50
0.455432 -0.175867 0.889615 84 58 48
-0.268703 -0.188537 0.826123 62 32 24
0.305772 0.00927766 0.890445 162 129 115
-0.104737 -0.124268 0.945181 172 122 94
-0.207368 0.0435644 0.911262 142 92 75
-0.31049 0.0719933 0.723263 126 18 20
-0.0531543 0.00481359 0.958662 180 132 110
-0.00360933 -0.199449 0.935774 72 51 18
0.156461 -0.288751 1.33989 136 134 85
-0.304984 0.15997 0.761642 134 10 13
0.290901 0.00942941 0.894267 176 148 139
-0.182554 0.00563291 0.910156 156 117 106
0.336887 -0.261108 0.797582 126 8 8
0.403427 -0.118404 0.854526 91 42 27
0.277808 -0.323451 0.904798 155 151 97
0.129922 0.0841789 0.795504 140 122 120
0.345412 -0.269831 0.816673 126 8 8
0.294773 -0.217181 0.754889 130 94 73
0.0854073 -0.198267 1.39037 96 94 54
0.318071 -0.252243 1.41614 117 116 73
-0.0178533 -0.0267751 0.948107 164 119 102
-0.326325 0.0170884 0.695932 122 14 16
-0.269735 -0.138475 0.844561 57 27 22
-0.320131 0.0306339 0.698405 76 68 79
0.346566 -0.240758 0.774489 132 87 58
0.294977 0.0138847 0.879337 177 150 140
-0.326845 0.0667108 0.734545 108 35 39
-0.117837 -0.0555012 0.864852 118 62 45
0.287853 -0.284905 0.890303 112 83 52
-0.302024 0.166012 0.774481 132 12 16
0.271519 0.0724403 0.930671 112 84 64
-0.08548 0.0665955 0.929254 146 93 62
-0.254284 0.140196 0.805385 159 139 130
0.414015 -0.157123 0.777105 143 142 95
-0.0487876 -0.0329224 0.949781 180 136 120
-0.190361 0.0127468 0.883842 149 102 85
-0.233025 0.100704 0.875703 144 116 108
0.235753 0.0651771 1.01041 151 134 116
-0.371715 0.0158206 0.684668 117 14 10
-0.15386 0.00519764 0.908288 143 98 84
0.281504 -0.222712 0.946268 156 152 100
0.120807 -0.187163 1.30202 88 88 48
0.199034 -0.188173 1.3784 84 84 46
-0.215681 0.0604864 0.873186 121 71 54
0.24215 0.00487062 1.00944 138 128 98
0.394654 -0.26786 0.804365 119 9 8
0.356633 -0.333815 0.806232 155 151 96
0.32189 -0.201141 0.746879 170 142 134
-0.27331 -0.0259763 0.723532 156 142 118
0.0702089 -0.227941 1.22736 124 124 76
-0.332209 0.0557761 0.700048 20 14 29
-0.341831 -0.0584843 0.673484 130 10 12
0.176318 -0.208544 1.38283 98 98 59
0.25208 -0.234136 0.865667 150 148 96
0.299858 -0.261836 1.3141 124 122 78
0.191426 -0.269813 1.39275 129 126 80
-0.285566 0.0549242 0.725135 162 142 128
0.275333 -0.00826284 0.907611 168 140 126
0.349578 -0.220723 1.34842 133 132 84
0.20222 -0.302814 1.34074 136 134 84
0.331722 -0.257372 0.801502 125 6 7
-0.286743 0.175597 0.734048 162 136 128
0.288145 -0.194683 1.3358 102 103 63
0.193515 -0.157867 1.33725 136 127 105
-0.21739 0.11829 0.842491 165 140 130
0.232268 -0.0294994 0.975965 153 143 116
0.326447 -0.143677 1.42272 150 140 119
0.421523 -0.279777 0.82461 22 14 9
0.176549 -0.18545 1.3816 82 83 44
0.205715 0.0628968 0.945359 154 138 120
0.167429 -0.164668 1.38394 136 129 106
0.495675 -0.0180248 0.94777 104 84 68
0.29405 -0.188611 1.32821 103 103 64
-0.230662 -0.22592 0.857363 148 145 90
0.125365 -0.150184 1.32294 141 132 108
0.2487 0.107805 0.885981 165 145 136
0.351024 0.144505 0.925687 166 144 136
-0.673031 -0.381227 1.29696 150 143 90
0.337942 0.237582 1.02746 166 148 138
0.369519 -0.0536922 0.882132 181 148 125
0.333262 0.0763986 0.912744 180 154 146
0.0788248 0.0261149 0.794771 104 40 27
-0.288953 0.0947576 0.781232 158 136 120
-0.303217 0.0291175 0.700105 114 26 26
-0.0429201 -0.0819796 0.918031 138 98 84
-0.0600919 -0.0801952 0.874146 150 107 90
-0.13603 -0.0634683 0.812166 124 76 49
-0.324627 0.127887 0.757443 120 17 13
-0.320364 0.102008 0.756475 146 96 36
0.0644263 0.0818019 0.77546 121 106 101
-0.141298 0.0615763 0.910292 88 43 27
0.33527 -0.141697 0.894819 124 114 68
0.279922 0.0456832 0.928693 103 76 69
0.339339 -0.15791 0.879887 154 152 99
0.159386 0.0599053 0.833291 154 135 120
-0.341551 0.116192 0.74506 140 102 76
0.338568 0.0733785 0.886323 116 64 64
0.368527 -0.210671 0.757355 152 124 112
-0.0105079 0.0497464 0.945733 140 103 84
0.34309 -0.0963478 0.848482 162 138 120
-0.307711 -0.0187451 0.656286 120 12 12
-0.133657 -0.0791767 0.828291 144 96 72
0.428038 0.0483535 0.889995 166 140 130
-0.305028 -0.0216079 0.665922 119 13 11
0.107243 0.0819727 0.780225 137 116 109
0.297388 -0.311036 0.918261 124 101 76
0.255423 0.0239726 0.936835 126 108 84
0.163951 0.0623259 0.834307 151 134 118
0.06207 0.0251801 0.778198 80 22 16
-0.30909 0.0679348 0.719811 108 30 29
0.352108 -0.0474121 0.864782 162 113 83
-0.323078 0.00135883 0.680296 96 7 7
-0.1392 0.0618088 0.927601 69 28 16
0.356682 0.0372032 0.878635 166 128 114
-0.320143 0.048669 0.701109 68 60 74
-0.200975 -0.0873329 0.849513 89 48 24
0.484172 -0.290921 0.873066 94 83 68
-0.128763 -0.0747353 0.804386 140 90 68
0.309053 -0.10989 0.927321 154 122 104
0.329645 0.0560637 0.884682 203 180 172
-0.341009 0.12545 0.743027 106 19 16
-0.057103 -0.0675122 0.892587 150 104 86
0.00209984 0.0537219 0.842715 100 60 30
0.0632611 0.129384 0.824425 148 42 39
-0.319677 0.00503739 0.696588 100 8 8
-0.252364 -0.126932 0.862693 148 94 68
0.391991 -0.1572 0.879499 137 79 62
0.404088 0.0295182 0.88032 128 80 58
-0.254891 -0.190812 0.811557 46 16 4
0.438414 0.0725113 0.926914 178 156 148
0.414298 -0.185533 0.770124 158 138 128
-0.270228 0.134079 0.783592 144 123 109
0.3291 -0.179019 0.766854 147 116 100
-0.0874816 -0.182401 0.900897 150 122 82
-0.325149 -0.0383399 0.660957 127 16 16
-0.285957 0.0380448 0.927937 170 125 98
-0.303686 0.0516774 0.721244 124 14 15
0.284453 -0.182415 0.808332 150 146 96
-0.315149 0.0433981 0.711681 78 61 68
-0.145867 0.0441883 0.909095 106 58 42
-0.00474936 -0.166798 0.909535 108 60 36
-0.322345 -0.0950338 0.673273 162 148 122
-0.158268 0.0560868 0.884496 110 64 42
-0.306438 0.0406058 0.960798 158 110 84
0.32014 0.0575727 0.888728 183 158 149
-0.135789 0.0578377 0.905392 72 28 16
-0.289884 -0.0278858 0.68598 162 146 126
0.360833 -0.268154 0.79607 124 6 6
-0.232888 -0.203026 0.838035 96 62 42
0.342664 -0.101876 0.84146 162 138 122
0.373503 -0.220201 0.752177 128 102 95
-0.201471 0.0267361 0.907751 150 102 80
-0.067034 0.0114188 0.933087 208 165 139
-0.0917931 -0.0666245 0.844096 140 90 73
-0.280568 0.0140328 0.717488 140 105 60
-0.318465 -0.0612862 0.670024 117 44 34
-0.287723 0.0981865 0.782848 158 136 120
-0.30305 0.00933105 0.694123 122 14 14
-0.248281 -0.126159 0.843784 144 90 64
-0.129451 -0.057741 0.825285 116 66 36
-0.152868 -0.128983 0.983463 77 41 18
-0.249662 -0.00830298 0.743012 129 14 14
0.364142 -0.210683 0.763771 160 135 122
0.388982 -0.308736 0.819015 126 8 8
0.253056 -0.242695 0.859159 144 141 90
-0.272967 0.0135567 0.734392 159 140 122
-0.143621 -0.0392743 0.839214 128 82 64
-0.27588 0.0208926 0.728436 160 142 122
-0.0866885 -0.0816022 0.851603 128 73 58
-0.137966 -0.0404663 0.945152 100 74 55
0.374665 -0.312915 0.814233 126 7 8
0.306218 -0.0181939 0.918024 138 114 98
-0.232568 -0.00142053 0.753429 166 131 106
0.33256 -0.223938 0.753514 164 136 124
0.385999 -0.0459575 0.881445 134 108 94
0.309213 -0.170108 0.786943 128 100 58
-0.273738 0.155202 0.778462 144 121 108
0.22426 -0.286559 1.32138 120 118 72
0.0415959 0.0451927 0.800581 118 24 18
0.274775 -0.204367 0.806614 126 96 66
0.075674 0.0879212 0.791687 102 66 60
-0.214567 -0.200402 0.862562 148 144 91
-0.306653 0.0344074 0.692441 70 50 52
-0.145835 0.0568061 0.89763 96 48 31
-0.341194 0.0231772 0.695177 120 13 14
0.441483 -0.211814 0.779 170 147 138
-0.322352 -0.0844702 0.665466 163 148 125
0.351801 0.0102676 0.882695 156 128 114
0.309829 0.0361679 0.883105 180 152 142
-0.103911 -0.123629 0.958824 106 63 34
-0.0557469 -0.188717 0.935239 100 53 33
0.126785 0.0149154 0.829304 134 45 30
-0.294488 -0.00339098 0.710392 148 98 40
-0.348352 -0.0511963 0.684952 132 15 16
-0.230874 0.000183712 0.785259 168 121 97
-0.247775 -0.122082 0.860007 150 98 75
-0.313863 -0.0744385 0.671812 162 148 125
-0.151068 -0.0648374 0.806934 144 95 74
0.102502 0.0622484 0.773058 94 48 37
-0.0516121 -0.0603052 0.952438 166 124 108
-0.0784039 -0.0865167 0.865379 144 95 70
-0.0420963 -0.189162 0.881236 30 10 4
0.300797 -0.184109 0.769554 120 74 50
-0.112274 0.039976 0.947347 180 127 100
-0.0646077 0.0682126 0.930177 147 94 60
-0.355869 0.0485444 0.701531 104 40 41
0.381796 -0.172318 0.789539 131 92 74
0.254438 -0.0724008 0.910419 156 146 124
-0.320533 -0.0752248 0.661087 162 148 125
-0.0231891 -0.188599 0.912344 67 30 16
0.342242 -0.301227 0.828632 156 138 106
0.000727616 -0.148742 0.919401 58 28 16
0.466547 0.0199165 0.930301 98 63 34
-0.0405712 0.0552593 0.932515 155 104 80
-0.177753 -0.00636315 0.897098 146 104 90
-0.333837 0.0864938 0.715643 108 28 30
-0.186197 -0.124379 0.874895 132 96 68
0.349051 0.0872755 0.904496 152 128 124
0.360804 -0.00301737 0.894282 120 89 72
-0.139318 -0.079046 0.816212 150 100 78
-0.244646 -0.136399 0.838344 168 112 86
-0.0269257 -0.108695 0.903954 59 22 16
0.357769 -0.226515 0.76385 150 114 98
0.0865628 0.0903611 0.797142 148 26 24
-0.0903978 -0.161007 0.940055 170 121 90
0.354048 -0.114071 0.832706 161 130 118
-0.238022 -0.0216792 0.760146 162 132 104
-0.193497 -0.0244134 0.874908 140 96 82
-0.162933 0.0468902 0.885268 123 76 54
0.25253 -0.0480192 0.979868 151 141 116
-0.296926 0.0788034 0.739518 138 62 56
-0.180857 0.0541251 0.903801 126 76 50
-0.113207 -0.081037 0.821883 136 85 66
0.483671 -0.305737 0.896927 92 85 64
-0.291343 0.150114 0.790387 137 108 96
0.358903 -0.126585 0.833239 148 103 80
0.429115 -0.173133 0.792948 140 114 90
0.329376 -0.174408 0.767663 138 100 77
0.131133 0.0806619 0.79933 161 72 70
-0.177805 0.0440128 0.91489 152 104 88
-0.200382 0.0804169 0.910636 100 56 33
0.344943 -0.0198049 0.890295 132 104 88
0.348221 -0.222556 0.751392 142 106 87
-0.299314 -0.10119 0.868614 58 24 17
-0.179409 0.000820197 0.894415 148 108 96
-0.255847 0.135973 0.80425 154 132 120
0.260184 0.0459307 0.914602 112 91 70
-0.132098 -0.0587721 0.82008 118 69 40
-0.249214 -0.0183091 0.756378 128 44 38
0.0535524 0.0359328 0.771623 42 14 11
-0.255809 0.00215913 0.750262 130 26 17
-0.313297 -0.00634311 0.664331 115 11 15
0.350175 -0.104421 0.852124 164 132 119
-0.324748 -0.0759982 0.649091 151 138 120
0.291073 -0.250086 0.806559 128 92 66
0.338396 -0.173131 0.885422 151 146 95
-0.0353663 0.0214181 0.929464 167 121 102
-0.297277 -0.0144515 0.697446 128 92 52
0.373691 -0.0983708 0.862408 14 10 9
0.316669 -0.016097 0.902387 132 108 91
-0.0371047 0.0382578 0.953749 164 117 94
-0.143578 -0.0764865 0.819997 140 91 69
-0.332865 0.0416985 0.713212 52 48 58
0.33668 -0.302357 0.83046 156 142 108
0.296363 -0.255334 0.810064 108 71 40
0.333055 -0.105996 0.866946 99 95 61
-0.331284 0.108222 0.749459 121 67 30
0.0481223 0.122602 0.827712 146 26 25
0.302832 -0.0736168 0.969256 130 103 78
-0.155322 -0.120023 0.962831 95 60 27
0.384862 0.0515502 0.903169 176 150 143
0.413408 -0.175409 0.775442 150 122 106
0.370996 -0.104553 0.842408 12 6 5
-0.028306 -0.209198 0.895578 74 42 28
-0.183296 -0.121029 0.886631 117 78 52
-0.188522 -0.000595892 0.889959 149 107 92
-0.185342 -0.1465 0.895003 134 98 63
-0.24431 -0.184692 0.827646 162 102 84
0.470329 -0.298517 0.881405 43 30 19
-0.329212 0.00496456 0.690612 84 5 8
0.287648 -0.195598 0.77373 128 90 62
-0.313727 0.000247427 0.685177 84 6 5
0.434626 -0.164194 0.801145 82 77 49
-0.096547 0.00625514 0.930402 200 155 134
-0.0421837 -0.105546 0.897294 138 97 74
0.311278 -0.227372 0.761664 110 59 31
-0.296667 0.0521293 0.723292 120 22 22
-0.335191 0.0764415 0.719773 97 34 36
-0.086454 -0.175302 0.907626 127 84 48
0.210095 -0.285234 1.31975 132 129 78
-0.109968 -0.0952735 0.810979 142 100 80
0.374681 -0.325172 0.814942 145 128 84
-0.274617 0.0142935 0.730748 160 142 124
0.431171 -0.0120959 0.912199 156 128 109
-0.302406 0.0216037 0.6962 120 12 14
-0.304525 0.165018 0.758246 129 13 14
-0.0824058 -0.0305834 0.938368 178 128 108
-0.233463 0.0865702 0.924541 106 58 38
-0.239543 0.0117803 0.91879 148 101 84
-0.330306 -0.0597911 0.66829 121 18 13
-0.304433 0.169586 0.760025 128 14 16
0.357392 -0.278554 0.800013 122 8 8
-0.277882 0.153921 0.780069 140 118 105
0.412704 -0.209132 0.755548 174 152 144
-0.285742 -0.0168682 0.734004 148 114 66
0.335225 0.021041 0.878717 130 84 56
-0.229368 -0.043556 0.866048 122 74 52
-0.287081 -0.0842063 0.877927 39 10 6
0.25582 -0.291837 0.875459 144 140 86
0.423262 -0.268313 0.825279 66 44 26
0.168009 -0.245923 1.37706 115 114 71
0.303511 -0.246478 0.795736 118 41 24
-0.236871 0.0838859 0.913454 104 56 34
0.0635698 0.0707348 0.781274 152 22 22
-0.291718 -0.030463 0.697553 162 146 125
-0.294527 0.00903172 0.733723 144 102 40
-0.310079 0.1643 0.743424 111 20 20
0.175918 -0.301952 1.31912 136 134 84
-0.256726 0.103307 0.847655 151 122 112
-0.0874983 -0.0748563 0.840647 142 88 72
-0.0990492 -6.07338e-05 0.942316 198 154 132
0.328957 -0.137167 0.900868 56 36 23
0.216224 -0.281041 1.29202 123 122 74
-0.307984 0.000773605 0.682933 93 8 7
-0.29837 -0.0497988 0.673911 162 147 124
0.0398986 0.0807994 0.800174 161 28 26
-0.0238811 -0.0852359 0.931802 96 54 34
-0.29284 -0.189208 0.849461 48 23 12
-0.0400177 -0.167886 0.912757 122 72 56
0.300167 -0.222902 0.759623 104 56 30
0.350592 0.032011 0.880649 165 126 110
-0.328737 -0.0540865 0.680216 120 14 12
0.310702 -0.267747 0.813095 115 37 20
0.366234 0.0213784 0.883093 104 58 32
-0.153187 -0.000840176 0.914196 137 91 76
-0.232742 0.0912052 0.89088 100 52 30
-0.138293 -0.0245277 0.947745 64 20 10
-0.292888 -0.0526044 0.69584 162 148 124
-0.257624 0.0441576 0.90604 166 118 98
0.33376 -0.223626 0.748271 158 125 110
0.343746 -0.288174 0.821683 120 18 14
-0.298895 -0.011891 0.689702 94 34 20
-0.155079 -0.030674 0.866734 136 92 78
0.330874 -0.164708 0.775565 144 126 94
-0.33237 -0.0826645 0.653549 36 34 58
-0.106068 -0.052072 0.972327 157 108 84
-0.338024 -0.0516883 0.68372 124 13 12
0.455766 0.0445849 0.912862 164 119 104
-0.256615 -0.171361 0.818037 164 107 86
0.332819 -0.235565 0.771971 130 82 57
0.324605 -0.273286 0.816514 120 12 8
-0.294967 -0.0488098 0.689358 162 146 125
-0.354718 0.0542836 0.698259 111 28 30
0.132904 -0.159055 0.719337 120 118 74
-0.162688 -0.121956 0.963811 98 64 30
-0.299871 -0.0532141 0.676376 164 148 125
0.436484 -0.164756 0.797583 84 77 47
0.473893 -0.0354654 0.95134 138 117 92
-0.0997555 -0.165274 0.94019 128 83 44
-0.220672 -0.161166 0.835169 139 88 69
-0.262525 0.0135571 0.894762 180 134 110
0.359904 -0.28162 0.819192 124 8 8
0.166081 -0.283334 1.39953 126 124 76
0.224971 -0.315069 1.34237 134 130 82
-0.308997 0.072249 0.711048 124 16 15
-0.274985 -0.0343812 0.748156 160 144 123
0.399364 -0.102756 0.853587 52 33 27
0.333925 0.103019 0.898072 144 112 98
-0.290738 0.0464014 0.833639 128 97 70
-0.220657 -0.0303243 0.857626 138 90 64
0.120221 -0.226331 1.36446 104 104 62
0.35887 -0.259726 0.80176 124 8 8
0.76968 -0.164182 1.37077 121 120 74
0.314343 -0.254564 0.789778 120 8 6
0.472865 -0.167777 0.909716 144 110 68
0.175047 -0.290217 1.2183 137 135 85
0.284514 -0.317743 0.875798 97 70 34
-0.274092 0.0841489 0.851791 120 76 46
0.24774 -0.279774 1.33706 120 119 76
0.322717 -0.00844928 0.910754 143 121 106
0.32219 -0.268432 0.826295 118 8 6
-0.0217208 -0.0708135 0.989608 153 115 94
0.734518 -0.181392 1.32796 133 131 82
-0.148945 0.0187446 0.916617 131 85 69
0.334364 -0.279743 0.815002 122 16 13
-0.126756 -0.151751 0.97944 134 90 58
-0.250697 0.112944 0.831165 148 123 110
0.279564 -0.00436017 0.910744 134 103 84
-0.260791 -0.0355348 0.777201 157 144 120
-0.27874 0.165227 0.777754 158 134 124
0.148119 -0.289772 1.27827 137 134 84
-0.0207142 -0.262125 0.938283 95 84 50
0.335305 -0.326993 0.829597 154 149 94
0.492443 -0.00825965 0.93661 55 28 10
-0.153213 -0.242874 0.909321 150 145 92
-0.305544 0.234264 0.839043 163 142 132
0.104039 0.218882 0.882452 166 142 138
-0.283806 0.242728 0.807127 164 142 134
-0.270119 -0.30446 0.959232 150 145 90
-0.335584 -0.0251403 0.666477 86 24 42
0.397164 -0.0442182 0.90385 130 100 85
0.139532 0.0626647 0.801923 136 63 56
0.018444 0.0691603 0.818761 148 118 108
0.373196 0.035673 0.880854 133 86 64
-0.309096 0.0440838 0.708655 110 46 48
0.353274 0.0575165 0.882121 164 127 114
-0.0972796 -0.0722687 0.829059 152 102 88
0.325619 -0.091374 0.859507 160 149 129
0.00402465 -0.119504 0.924059 123 105 80
0.416823 -0.0936886 0.867107 116 66 44
-0.320458 0.0919828 0.717168 125 30 26
-0.335057 0.140853 0.761205 88 10 10
0.368624 -0.314407 0.819539 156 109 84
-0.311489 0.0497699 0.707705 99 60 64
0.40401 0.0458812 0.886493 166 138 128
0.394525 -0.0925591 0.853838 20 14 18
-0.144433 -0.0773483 0.812746 138 89 66
0.343609 -0.112432 0.849984 135 117 89
-0.00840383 -0.124454 0.923237 82 42 25
-0.204542 -0.082909 0.83618 92 50 24
0.00418865 -0.127756 0.923415 66 38 17
-0.294531 -0.0277577 0.677835 162 148 128
0.389751 -0.0812115 0.850606 82 56 59
-0.241705 -0.125019 0.876351 148 100 81
-0.291069 0.0364404 0.710409 146 80 70
0.417699 -0.185816 0.768094 166 134 124
-0.335977 -0.0874513 0.670475 98 91 93
-0.310017 -0.0921441 0.666105 162 148 126
-0.257161 -0.0979828 0.861312 172 124 102
-0.211442 0.0680139 0.892162 96 46 26
0.310231 -0.0323964 0.904808 114 80 60
0.374048 -0.124463 0.841497 148 52 32
-0.196128 -0.0494397 0.836256 170 107 87
0.307268 -0.134718 0.916444 134 95 74
-0.192685 0.0540969 0.875487 136 86 66
0.286678 -0.193231 0.782821 134 98 78
-0.310489 -0.0669163 0.686653 162 148 125
-0.27516 -0.108545 0.861 88 46 34
0.34135 -0.203942 0.748391 168 142 134
0.142976 0.0636553 0.809795 156 82 74
0.00227069 -0.145536 0.920156 89 51 28
-0.260005 0.0721033 0.9157 132 83 64
-0.013366 0.0459669 0.954952 143 102 84
-0.128833 -0.0558987 0.824365 106 60 30
0.261082 0.00535858 0.923368 161 136 118
-0.220935 0.0461608 0.902795 128 76 58
-0.262437 -0.118191 0.865535 155 102 78
0.333292 -0.0691239 0.86866 142 109 82
0.348872 0.0109572 0.885699 137 105 87
-0.0105898 -0.186261 0.929161 80 45 23
-0.162907 0.0676401 0.910754 80 40 24
-0.317811 0.0314049 0.700192 66 18 26
0.259407 0.0589715 0.960023 118 96 78
-0.281723 0.00270196 0.714338 145 102 44
-0.340918 -0.00653067 0.682051 120 12 13
0.330914 -0.0325401 0.883784 142 113 95
-0.182555 0.070182 0.899976 108 58 34
0.344951 -0.111245 0.83856 142 120 94
-0.0342672 -0.251425 0.908045 54 33 14
0.403068 -0.0492439 0.88165 112 64 38
-0.106031 -0.113304 0.921574 118 78 48
-0.102934 -0.117665 0.928636 118 75 45
-0.0696275 0.0662693 0.931077 129 75 44
0.287235 -0.111748 0.909706 111 78 48
-0.262823 0.0821347 0.894627 115 66 41
-0.0109326 -0.108257 0.911488 84 40 21
0.305445 -0.21514 0.760414 130 90 72
-0.12225 -0.0125993 0.952701 155 102 78
0.476299 -0.0201648 0.952282 138 116 92
-0.231765 -0.136729 0.855066 122 74 54
-0.347843 0.045178 0.696192 116 60 58
0.400194 -0.0877533 0.854864 94 60 54
-0.0539111 -0.183656 0.897436 70 30 18
-0.217577 0.0211901 0.890784 140 92 74
-0.105732 -0.0851031 0.81045 129 85 61
0.303032 0.0812013 0.90938 166 136 127
-0.344605 -0.0106388 0.686098 86 12 24
-0.165611 -0.0390023 0.839169 146 100 88
0.286065 -0.0755961 0.931323 153 121 98
0.0589837 0.050426 0.774192 136 26 22
0.479762 -0.274672 0.853772 90 78 64
-0.264674 -0.107976 0.850489 144 93 71
-0.108901 -0.0803576 0.82667 100 51 31
-0.136805 0.0374664 0.931544 86 35 22
-0.0827522 -0.106252 0.885555 128 84 58
-0.204824 -0.0583675 0.840603 146 88 67
-0.191119 0.00517065 0.898046 149 106 92
-0.048424 0.0543159 0.9621 164 112 89
-0.0594216 -0.0732513 0.872809 146 100 81
0.423588 -0.0958007 0.852078 169 98 66
0.0884488 0.0181397 0.805091 104 32 18
-0.0346157 -0.107738 0.902634 86 46 34
0.0429157 0.0375256 0.780317 74 18 14
0.320486 0.0775966 0.899312 178 154 144
-0.313583 0.146597 0.765473 130 10 12
-0.175708 -0.0109113 0.895907 144 102 86
-0.169013 -0.0527227 0.831844 124 71 54
-0.142058 -0.0840166 0.822201 156 106 82
-0.0396325 -0.086827 0.921902 82 38 28
0.0942889 0.0940341 0.793018 157 82 78
-0.077501 0.066879 0.931983 138 84 54
0.315346 -0.0772614 0.969107 131 92 68
-0.307848 -0.0515037 0.685204 150 122 100
0.117801 0.11317 0.806143 148 25 22
-0.344798 0.109815 0.752542 144 111 89
-0.129275 0.0472704 0.939189 98 46 29
-0.219088 0.0152448 0.893254 143 95 78
-0.283711 0.0773094 0.748642 160 138 122
-0.254922 -0.119289 0.865793 151 101 76
0.37047 0.0406037 0.886725 164 128 112
0.327158 0.0528188 0.890624 197 173 166
-0.255819 0.0508406 0.900757 154 104 86
0.347774 0.0554074 0.882045 182 156 149
0.369088 -0.157294 0.873322 126 108 92
0.130216 0.0624811 0.786519 158 28 28
0.46821 0.00992035 0.929956 89 60 34
0.246936 -0.259732 0.848578 143 140 88
-0.158292 -0.127706 0.974677 87 47 20
-0.170929 0.0102735 0.898387 146 103 88
-0.131368 -0.149419 0.983546 135 95 66
-0.17335 0.0133095 0.889254 148 106 92
0.105447 0.0652999 0.779158 108 39 30
0.13 0.0880563 0.805498 146 74 72
-0.285334 0.117647 0.777529 148 127 112
-0.261819 -0.0619962 0.863343 100 56 40
0.285219 -0.0241283 0.93961 87 59 34
-0.120051 0.0209672 0.942809 171 120 94
0.295074 -0.257924 0.807801 128 98 70
-0.265785 -0.131562 0.856152 112 58 38
-0.182245 0.0473416 0.88612 156 110 90
0.140832 0.0746757 0.803206 146 72 64
0.0491994 0.0805415 0.784311 148 38 34
0.350962 -0.16691 0.858117 140 123 88
0.373572 -0.0234431 0.895246 144 114 101
0.139218 -0.203785 1.3446 96 96 56
-0.29975 -0.0413049 0.675051 164 149 127
0.307127 -0.240025 0.787516 122 44 30
0.391296 -0.109284 0.849556 15 9 12
-0.000746668 -0.108754 0.918058 98 63 32
0.261239 -0.0803553 0.92942 156 146 124
-0.330889 0.0569119 0.707874 22 17 32
-0.264432 0.00232399 0.71651 154 106 48
0.301978 -0.0307239 0.926489 125 87 67
0.319704 -0.296167 0.817684 152 134 104
0.129677 0.0577274 0.784776 154 28 28
-0.220807 0.0830221 0.901248 116 70 44
-0.0928349 -0.0166999 0.932682 184 138 114
-0.11234 -0.103009 0.875746 114 74 53
0.302769 -0.26735 0.817765 151 130 106
-0.310446 -0.060826 0.677429 144 106 86
-0.144027 -0.0210721 0.883864 124 78 62
-0.346796 0.115077 0.74028 146 108 70
0.254269 -0.066444 0.958352 154 145 124
-0.113063 -0.024148 0.941295 164 114 90
0.373438 -0.212219 0.72835 86 68 59
-0.0264699 -0.0510807 0.940651 164 124 107
-0.224127 -0.199362 0.835912 108 70 42
0.443302 -0.15139 0.94459 101 54 38
0.324435 -0.017543 0.910181 112 93 78
-0.217338 -0.148936 0.857237 81 44 20
-0.224674 0.0831174 0.890953 104 56 34
0.320965 -0.250388 0.789541 125 8 8
-0.243991 0.120663 0.810466 151 130 117
-0.221076 -0.103628 0.874877 137 93 74
-0.211637 0.0428697 0.898383 134 84 66
-0.161836 -0.0482854 0.81626 148 92 74
-0.277534 0.128703 0.770407 140 118 103
-0.0348739 -0.0991626 0.900817 56 17 10
0.0807713 0.0934103 0.788307 148 73 68
0.296175 -0.242975 0.804371 134 98 78
0.358343 -0.307695 0.817264 154 136 104
0.421834 -0.00945368 0.899187 162 135 116
0.348266 -0.192808 0.764068 166 140 131
0.0395951 0.0863457 0.8041 156 30 28
0.356222 -0.164131 0.879602 102 98 67
-0.240816 -0.21606 0.843988 44 25 8
-0.269615 0.111949 0.831299 148 126 110
-0.32385 0.156065 0.770327 113 8 10
-0.315521 -0.0566281 0.674576 120 44 35
0.339558 -0.271936 0.823384 122 6 6
0.294688 -0.220811 0.775008 133 97 79
0.334008 -0.281742 0.828926 122 16 11
-0.278017 0.10627 0.808706 156 134 119
0.0843126 -0.247294 1.39755 118 116 69
0.470881 -0.0137961 0.948727 132 114 92
0.01059 -0.0974077 0.982265 150 142 116
0.447342 0.0331004 0.915094 172 150 141
-0.0132967 -0.00290509 0.962293 148 104 84
-0.0421948 -0.0969414 0.900354 132 92 74
-0.346139 0.0864188 0.727625 90 21 25
-0.265446 0.0599333 0.921418 151 102 82
0.456259 0.0773094 0.947388 182 156 138
0.0825148 0.143411 0.845047 48 16 14
-0.141725 -0.00884689 0.918883 86 38 25
-0.211168 -0.0944029 0.8454 96 52 28
-0.338068 -0.0473304 0.685164 126 14 14
-0.0510155 -0.155611 0.924329 151 109 86
0.342135 -0.310213 0.838851 156 143 104
0.292677 -0.224012 0.769187 140 101 80
0.0319033 0.0933595 0.805768 153 52 40
-0.323692 0.0637468 0.70482 84 50 54
0.141369 0.0903301 0.791355 146 92 80
0.247736 -0.0714539 0.93291 154 144 122
0.241113 -0.239517 0.854035 144 141 90
0.317696 -0.234438 0.767025 118 63 38
0.426727 0.00552968 0.925617 133 96 79
-0.00789684 -0.202865 0.915191 48 30 11
0.124315 0.0290285 0.824189 138 31 22
-0.206315 0.0986211 0.908173 128 94 82
0.122066 0.0512809 0.787961 146 26 22
-0.200995 -0.00187804 0.888041 144 96 80
0.280668 -0.311197 0.885673 126 94 66
-0.107679 -0.175712 0.915214 147 141 89
0.127051 0.0407261 0.798561 140 30 24
-0.241471 0.123113 0.824511 160 138 125
-0.253694 0.10223 0.86311 146 116 105
-0.149097 0.0235924 0.917606 121 75 57
0.32469 -0.304796 0.83027 153 142 96
0.465291 0.0138326 0.924272 93 59 30
-0.257864 0.126382 0.811369 148 127 114
0.331892 -0.272648 0.816213 122 10 8
-0.239925 0.12018 0.83463 158 136 122
-0.0356106 0.071098 0.872941 139 87 60
-0.0346805 -0.12852 0.90068 132 88 70
-0.0207428 -0.0166484 0.960647 157 114 92
0.302529 -0.250903 0.808241 110 36 17
-0.279205 0.0464486 0.741078 161 141 124
-0.231454 0.124748 0.789363 160 139 127
0.23517 -0.288946 0.852966 142 137 87
0.226607 -0.0549791 0.975716 152 142 118
0.123246 -0.239028 0.817051 140 136 88
-0.247601 -0.221916 0.822644 76 60 30
-0.195475 -0.208871 0.886025 149 144 93
0.115753 -0.40354 1.24069 140 136 87
0.201994 -0.0375611 1.00816 155 144 120
0.00337333 -0.259185 0.937508 148 144 90
0.243475 -0.299034 0.873635 143 140 86
-0.355536 0.101337 0.698961 132 42 38
0.302236 0.136965 0.921176 169 149 141
-0.110499 0.109831 0.952872 168 140 130
0.207368 -0.0615691 0.908284 154 142 120
0.164464 -0.388312 1.22209 140 138 88
0.0464743 0.0378124 0.772295 67 18 12
0.265904 -0.0655684 0.910649 124 108 81
0.308308 -0.122385 0.925181 157 123 102
-0.317368 0.118259 0.744428 148 54 24
-0.199003 -0.0800027 0.883259 132 81 52
0.125738 0.110187 0.795348 155 27 26
-0.31379 0.110435 0.751629 145 94 36
-0.303873 0.0957286 0.753899 150 121 94
0.326883 -0.0795761 0.85784 132 118 95
0.292983 -0.0784919 0.932299 135 104 76
-0.168237 0.066097 0.890315 106 60 46
-0.293097 -0.0368972 0.664203 161 147 127
-0.376026 0.0351575 0.663951 162 110 39
-0.257113 -0.0257533 0.766008 146 83 70
-0.10281 -0.0489419 0.877188 128 76 52
0.395383 0.090436 0.918994 177 150 144
-0.221154 -0.208023 0.882057 152 146 91
0.260861 -0.0480375 0.979754 152 142 116
0.385485 -0.0835003 0.854365 56 40 44
-0.0324168 -0.156438 0.913069 110 64 47
-0.11972 0.0537936 0.923027 103 50 28
-0.298764 0.0316108 0.704724 124 14 14
0.351067 -0.132443 0.828438 95 84 67
-0.343507 0.0989665 0.748046 124 28 26
-0.0808549 -0.0696687 0.84707 136 85 68
-0.281321 0.0761037 0.752367 162 139 123
-0.120423 -0.084942 0.812718 153 104 80
0.340747 -0.0812951 0.867005 62 48 27
0.315284 -0.0516835 0.973144 85 64 52
0.377468 0.096472 0.921532 105 86 83
-0.314217 -0.0762825 0.67706 162 149 126
0.285137 -0.213298 0.764374 158 130 119
0.346401 -0.142564 0.836075 114 111 82
0.367263 -0.0849504 0.868377 158 116 94
0.369375 0.0472282 0.881783 182 158 149
0.306283 -0.153283 0.921169 150 116 85
0.426121 -0.0127649 0.912761 151 124 106
0.0962491 0.128669 0.840256 149 40 38
-0.212663 -0.143767 0.843113 78 38 20
0.348069 -0.122082 0.826847 154 126 112
0.262284 -0.304378 0.899519 144 141 90
-0.246188 -0.194407 0.814022 100 62 45
-0.263057 -0.00322168 0.736256 146 54 37
-0.239191 -0.0303497 0.765023 160 136 112
-0.1362 -0.0455746 0.822389 104 56 35
-0.113443 -0.115139 0.911586 126 84 56
0.0608226 0.12043 0.834405 145 28 28
-0.182766 0.0132748 0.889182 153 112 98
-0.199451 -0.140364 0.878067 132 96 68
0.274125 -0.0402702 0.939535 104 68 44
-0.21437 -0.114566 0.849922 152 108 89
-0.0499738 -0.0932613 0.903123 146 108 88
-0.170225 0.0650497 0.913369 110 63 41
-0.246395 -0.14779 0.848474 126 66 46
-0.090649 -0.0987121 0.881991 88 44 22
0.220769 -0.23406 1.36306 120 118 72
0.306534 -0.0410603 0.960875 138 104 85
0.0785209 0.0503258 0.789588 141 26 22
-0.322092 -0.0642665 0.678531 141 87 72
-0.275332 0.067372 0.753342 162 138 122
-0.252221 0.00887211 0.907317 186 139 117
0.113563 0.0876276 0.788563 112 96 94
-0.291531 -0.0446402 0.696568 162 148 126
0.402234 -0.0277941 0.917757 147 118 104
-0.108155 -0.0731274 0.834403 82 30 16
0.0686785 0.0497359 0.771626 140 26 20
0.37817 -0.194446 0.815434 156 132 123
0.343861 0.0225633 0.863506 120 74 48
0.19795 -0.213992 1.39163 104 102 62
-0.261176 0.0552639 0.896492 170 122 100
-0.289589 -0.156956 0.859423 56 26 16
-0.366641 0.0455759 0.671795 148 97 40
-0.313196 0.125966 0.778752 142 84 60
0.260912 0.0637703 0.951353 120 100 84
0.424415 -0.171372 0.788638 160 143 121
0.351303 -0.297669 0.829044 140 81 63
0.46088 -0.187541 0.817224 154 138 124
-0.190802 -0.132346 0.905247 128 86 62
0.333702 -0.0724254 0.869093 112 92 68
0.359247 0.03955 0.874569 168 130 112
-0.197425 -0.0410675 0.833871 130 74 54
-0.0186681 -0.0933619 0.926223 93 49 26
-0.130043 -0.00278102 0.944779 130 78 57
0.319334 -0.0305653 0.89446 128 101 82
-0.11907 0.0669229 0.926041 104 54 27
0.345196 0.092461 0.911988 178 152 146
-0.281254 -0.0952565 0.862243 72 32 20
-0.103407 -0.043262 0.923831 148 96 76
-0.0284159 0.0613047 0.902482 128 78 52
-0.169579 -0.0553167 0.804346 163 106 84
0.318794 -0.071457 0.990525 134 96 72
0.112451 -0.222187 1.3415 108 106 67
0.0979233 0.0836214 0.775701 106 67 56
-0.118558 -0.0746018 0.841741 116 66 40
0.154774 -0.242716 1.33395 116 115 72
-0.266748 -0.072804 0.872687 97 58 44
-0.320721 0.122386 0.769817 120 14 10
-0.0159406 -0.240894 0.91976 48 32 10
-0.240963 0.0139168 0.890355 171 124 104
-0.325086 0.0260186 0.709776 104 40 40
-0.322582 -0.0336153 0.67811 134 80 78
-0.142904 0.0684732 0.920528 89 46 31
-0.0284525 -0.0786069 0.929355 134 92 76
-0.00491732 0.0576403 0.851289 110 70 42
0.118661 0.0638825 0.786549 154 24 24
-0.0271395 -0.0997098 0.923446 74 32 22
-0.139152 0.0442946 0.927091 90 43 28
-0.328224 -0.0814284 0.662347 162 148 126
-0.231338 -0.15327 0.858925 85 44 33
0.182519 -0.206754 1.35896 101 102 60
0.429567 0.00410462 0.91459 146 112 96
-0.338111 -0.0579522 0.698877 118 18 14
0.114927 0.123682 0.80657 120 32 26
-0.145624 -0.0336991 0.853315 130 84 68
-0.262401 -0.204501 0.82265 71 40 23
-0.294814 0.00742841 0.697519 124 23 22
-0.257136 -0.210462 0.826938 50 28 15
0.399055 0.0655563 0.891175 180 158 150
-0.262903 0.00116351 0.738308 138 34 21
0.424623 -0.175533 0.789096 162 136 120
-0.156204 0.0391899 0.912082 130 82 68
-0.141244 -0.029491 0.958735 54 16 7
-0.00282358 -0.0796803 1.00304 144 124 96
-0.20351 0.0618313 0.860087 111 60 38
-0.114123 -0.0658536 0.827781 82 28 13
-0.324708 -0.034458 0.669105 126 24 26
-0.303474 0.0773445 0.728538 89 28 26
-0.281175 -0.0174086 0.729996 153 124 84
-0.275311 0.0562586 0.746347 162 142 124
0.117805 -0.241061 1.35736 110 109 65
-0.213282 -0.0916733 0.870746 104 60 36
-0.306106 -0.0360358 0.667253 118 18 18
-0.122306 0.0226182 0.928663 146 94 72
-0.329406 -0.000771178 0.692849 113 10 13
-0.259611 0.103743 0.833866 152 128 114
-0.132805 0.0769215 0.943804 124 90 80
-0.316334 -0.0421722 0.688972 118 35 26
-0.222362 0.0042262 0.859281 160 112 94
-0.030979 -0.153769 0.92249 104 56 42
0.426798 -0.0185092 0.901392 131 106 85
0.207638 -0.198993 1.37747 93 92 53
0.3194 -0.215927 0.756143 164 135 124
0.094836 0.0311811 0.804085 131 27 20
-0.200495 -0.167687 0.866163 146 142 89
0.297715 -0.228096 0.774459 118 70 45
-0.224479 0.00620814 0.894475 148 98 82
0.365941 -0.195085 0.801402 154 126 115
-0.271337 -0.0203818 0.753084 134 36 20
0.220241 -0.200239 1.37506 96 95 54
-0.0137995 -0.0156286 0.959352 161 114 94
0.319096 -0.0455453 0.89387 104 80 52
0.350667 -0.16049 0.876743 156 152 98
-0.0134247 0.0121234 0.959436 136 90 74
-0.159093 0.0144845 0.932621 142 97 81
0.147379 -0.214315 1.3467 108 106 66
0.257775 -0.0719699 0.911473 157 146 123
0.10437 -0.254163 1.34617 118 116 72
-0.094607 -0.128245 0.934945 176 127 98
0.108144 -0.24254 1.40983 116 114 72
-0.043822 0.0323443 0.933724 168 120 96
-0.278192 0.0306998 0.720537 162 144 126
-0.0533126 -0.0639888 0.929253 160 120 105
0.313999 0.00482068 0.895024 100 57 30
0.255722 0.0642756 0.959185 131 112 95
-0.331455 0.083126 0.723259 60 27 33
0.16573 -0.249106 1.33478 118 118 72
-0.0361497 -0.172321 0.92761 86 37 24
-0.14458 -0.0213584 0.937939 70 28 16
-0.272178 0.144066 0.774346 142 120 106
-0.263719 -0.114926 0.872766 159 108 82
-0.106629 -0.159426 0.941596 134 94 61
0.307563 -0.00920146 0.925426 116 82 61
0.151592 0.0958067 0.828871 150 130 117
0.137161 -0.230396 1.36655 108 106 66
-0.139499 0.0027948 0.955428 87 36 20
-0.281111 -0.00756381 0.739183 156 112 50
-0.21502 -0.0361357 0.849656 119 70 44
-0.255838 0.107048 0.809656 152 128 114
-0.278454 0.0647395 0.873984 146 98 70
-0.261448 0.154257 0.814355 162 142 130
-0.292034 -0.206482 0.843443 124 82 57
-0.0892921 -0.255359 0.903238 66 44 17
0.145696 -0.191146 1.32948 91 90 50
-0.276405 0.0828095 0.780499 160 138 122
-0.149292 -0.011967 0.957501 84 36 24
0.200238 -0.17854 1.37624 78 78 40
-0.182806 0.0589777 0.901952 128 78 49
0.123467 -0.253088 1.35676 114 113 70
0.117745 0.0451837 0.796187 144 28 22
-0.34072 -0.0667986 0.669821 31 25 51
-0.191549 -0.158426 0.931222 128 114 70
-0.234205 0.0426953 0.871072 136 84 66
0.182442 -0.257922 1.38415 120 118 74
0.219479 -0.18277 1.34597 88 88 48
0.34063 -0.282674 0.822426 122 18 12
0.252943 -0.263406 1.34583 120 118 75
-0.300402 0.163416 0.763061 132 11 14
0.233642 0.00991501 1.00034 140 129 101
0.724854 -0.171769 1.31644 106 95 60
0.151574 -0.267319 1.35774 122 122 76
-0.020592 -0.0143169 0.944104 142 100 79
0.749785 -0.171943 1.32931 130 128 82
-0.219909 -0.220582 0.901909 150 146 91
-0.00454973 -0.0068989 0.963873 175 129 108
-0.127026 -0.161815 0.997627 126 98 64
0.198997 -0.183341 1.37818 82 82 44
-0.198457 -0.189615 0.869638 150 146 94
0.292722 -0.313624 0.850525 149 137 105
0.197441 0.028266 0.987716 145 130 106
0.0972493 0.14341 0.826865 126 84 82
-0.284094 -0.207511 0.823876 62 30 14
-0.113839 -0.213269 0.947156 160 127 89
-0.270624 -0.228225 0.871193 50 30 15
0.029554 -0.0832684 1.09121 148 138 114
0.237399 -0.272874 0.862124 142 139 87
-0.287404 -0.0547193 0.76058 160 147 126
-0.0957327 -0.239765 0.895105 58 28 15
-0.122473 -0.182199 0.945893 148 142 90
0.0102917 -0.0379153 0.973718 149 114 85
0.132865 -0.0867756 0.945682 141 134 109
0.357926 0.145358 0.924866 166 142 134
-0.179662 -0.213486 0.97524 150 146 94
0.152114 -0.0366237 1.06699 153 141 118
-0.222396 0.13345 0.948275 162 136 126
0.40505 -0.159073 0.868512 131 108 95
0.365955 -0.200721 0.75938 122 95 84
0.336636 -0.159581 0.8965 159 155 102
0.431657 -0.129904 0.946109 93 38 30
0.312324 -0.217895 0.753037 138 96 73
0.419587 0.0369636 0.885597 180 160 156
0.2781 -0.0572165 0.916426 140 113 97
0.377699 -0.0977089 0.853443 13 10 10
0.409793 -0.149253 0.891573 136 30 17
0.380127 -0.172739 0.762813 126 88 69
-0.201406 -0.162294 0.866158 132 111 69
0.297773 -0.179574 0.942824 156 154 100
0.315315 -0.168647 0.806202 160 158 104
0.401369 -0.0977897 0.870227 14 11 16
-0.00541336 0.0472395 1.00593 126 86 64
0.105584 0.0595714 0.772878 78 30 18
0.325361 -0.0829441 0.863125 162 153 130
0.347572 -0.180821 0.765466 166 140 130
-0.297732 -0.024297 0.668131 126 56 41
-0.261658 -0.174544 0.823101 76 33 23
-0.0782946 -0.113255 0.893036 146 98 76
0.0252709 0.0674285 0.810127 158 134 120
0.319021 -0.0758013 0.857955 142 131 104
0.384836 -0.152832 0.853684 140 66 44
-0.248669 -0.0511921 0.896512 135 88 68
0.44268 0.03505 0.912396 179 154 148
0.0345886 0.124749 0.809683 146 103 91
-0.334665 0.0504475 0.68176 80 66 68
0.343047 -0.0339532 0.877669 26 14 9
0.438665 6.30798e-05 0.910242 142 108 90
-0.133062 0.0556589 0.969734 87 38 22
0.0155327 0.0393419 0.967802 146 98 73
0.28605 -0.174548 0.847202 156 152 100
0.357009 -0.211552 0.737285 163 136 124
0.320828 -0.0817637 0.859095 164 154 130
-0.257005 0.0242636 0.897927 174 126 105
0.322452 -0.100303 0.964057 151 114 96
0.270285 -0.0827913 0.899663 164 148 124
0.026664 0.062349 0.798657 162 135 124
-0.262825 -0.0892284 0.892687 169 122 100
0.362452 -0.0396007 0.865207 128 94 74
0.420701 0.0523482 0.898633 179 160 152
-0.208189 -0.193644 0.853305 151 146 91
-0.325025 -0.0883345 0.655208 132 121 108
0.0867535 0.0831169 0.782407 142 32 30
0.377796 -0.174923 0.767561 134 96 80
-0.134917 -0.11101 0.889834 106 68 34
0.305422 -0.0772503 0.95326 143 114 83
0.306631 -0.296204 0.903353 110 79 50
0.430221 -0.114255 0.886385 140 90 66
0.133852 -0.218052 1.35307 104 102 62
0.047738 0.0134457 0.803496 132 33 20
-0.166309 -0.118868 0.941294 90 52 18
-0.0203992 -0.126976 0.924554 76 35 22
0.255354 -0.0523963 0.93303 153 142 119
0.356786 -0.231353 0.748468 120 72 43
0.354378 -0.0882437 1.04688 108 78 52
0.0107075 0.0695443 0.824189 164 137 124
-0.338361 0.131449 0.764623 83 14 10
-0.307199 0.148312 0.765673 132 12 15
0.257612 0.0197113 0.905312 96 79 61
0.282123 0.0447459 0.914039 102 33 36
0.319316 -0.0338267 0.946439 110 74 52
0.00429511 0.0171936 0.964372 174 128 106
0.31521 -0.0636779 0.978208 98 70 54
-0.0568281 -0.208073 0.880579 172 102 80
0.351335 -0.0705043 1.01243 107 93 60
0.291066 -0.179256 0.805155 108 51 20
-0.320937 0.0866312 0.769086 98 13 8
0.354475 -0.0821412 0.87045 188 119 81
0.125197 0.0834201 0.800597 156 126 124
0.131292 0.0506602 0.77968 148 26 22
0.342051 -0.0520202 0.862836 168 100 64
-0.189638 -0.140483 0.871545 120 82 55
0.442339 -0.00774348 0.902687 156 137 124
0.0892419 0.0168478 0.769916 108 46 28
-0.229855 0.00202898 0.909817 148 100 82
0.320473 -0.045825 0.96009 140 112 94
-0.0956969 0.0322868 0.943599 202 157 133
0.0262634 -0.166007 1.35307 152 142 118
0.0370054 -0.0125407 1.00891 147 120 92
-0.30353 -0.0598738 0.710782 163 148 126
0.30835 -0.141144 0.911439 158 122 102
0.4284 -0.030959 0.902582 82 60 44
0.445482 -0.135139 0.877546 100 74 67
0.361644 0.0735133 0.906729 122 34 40
-0.0842288 -0.060088 0.875791 118 67 47
0.349679 -0.145599 0.833831 88 84 70
0.381084 -0.330798 0.802689 96 54 19
0.437696 0.0698651 0.95667 178 158 152
-0.250907 -0.089101 0.865249 173 126 104
0.343325 0.06636 0.913742 180 156 148
0.316727 -0.170006 0.793014 160 157 103
-0.356843 0.0362686 0.644359 156 106 42
0.21041 -0.248221 1.34517 126 124 76
-0.243781 0.0935315 0.879349 117 72 50
0.36635 -0.122356 0.865199 160 128 116
0.257716 0.0192688 0.924583 128 104 84
0.168152 0.0719988 0.843177 141 124 110
0.363799 -0.137685 0.832718 130 64 52
0.051968 0.101386 0.778517 150 36 30
0.0995604 -0.168741 1.39976 140 131 108
-0.184057 0.00569171 0.896232 156 116 105
0.390535 -0.300837 0.815514 130 8 8
-0.268245 -0.0824754 0.865202 84 44 34
0.337393 -0.0306814 0.891594 158 132 119
0.256138 -0.0383714 0.982085 152 142 116
-0.198637 -0.170037 0.857463 148 144 89
0.470293 -0.0195034 0.944843 130 108 88
0.378824 -0.0317043 0.890657 154 122 101
-0.105723 -0.163883 1.00914 171 122 90
0.264401 -0.189817 0.840277 156 154 100
-0.37956 0.0260263 0.664393 166 112 44
-0.279204 -0.0920928 0.83538 56 24 14
-0.332943 -0.0310296 0.649736 130 8 10
0.297051 0.0791612 0.904574 154 119 101
0.255962 -0.0117464 1.03219 140 132 102
-0.368748 0.0441693 0.651518 164 113 44
-0.161723 -0.120469 0.883394 130 88 64
0.432178 0.0689537 0.906286 178 157 150
0.408692 0.0247078 0.874305 98 53 28
0.388379 -0.30596 0.830565 129 6 8
-0.00816818 -0.206955 0.907483 51 32 18
0.0226336 0.0748067 0.82546 103 78 67
0.0714792 0.10966 0.791736 158 26 26
-0.335451 0.115406 0.758567 90 25 14
-0.109729 -0.0756331 0.817377 107 58 38
0.280115 -0.117858 0.845278 139 106 88
-0.204782 -0.188256 0.865302 151 146 91
-0.229139 -0.215752 0.867643 150 144 92
-0.0023958 -0.206397 0.87462 64 54 20
-0.33337 0.0829263 0.716941 117 24 28
0.337778 -0.0957834 0.936091 88 66 36
0.438049 -0.164802 0.915226 136 109 96
0.332539 -0.195054 0.926754 138 64 32
0.331089 -0.214404 0.745862 168 141 130
0.0325934 0.0880326 0.838596 140 52 42
-0.273293 -0.111241 0.858884 44 12 8
-0.361842 0.0397024 0.669476 149 100 34
0.306647 -0.223401 1.30863 123 122 76
0.382813 -0.0280378 0.900157 145 114 92
0.351444 -0.142519 0.85584 77 80 64
-0.16587 -0.123084 0.939257 95 58 22
-0.208908 0.0578232 0.897338 120 68 48
-0.264306 -0.0374817 0.924324 170 122 98
-0.121118 -0.00609841 0.952685 148 95 76
-0.29846 -0.183376 0.851393 95 60 46
0.374953 -0.0913943 0.869473 68 50 39
0.408605 -0.382955 0.912873 156 151 96
-0.305468 -0.133611 0.910409 64 26 18
-0.311032 -0.00891146 0.67051 116 11 14
-0.269285 -0.0965147 0.868031 148 99 76
0.0422604 0.082654 0.77774 163 29 28
-0.257749 -0.2174 0.852863 50 29 16
0.338143 -0.144706 0.885625 156 154 102
-0.139447 0.0454535 0.910136 85 39 26
0.337355 -0.224783 0.746989 161 132 121
0.262688 0.0113821 0.908689 167 142 128
-0.23111 0.0647763 0.886506 120 70 50
0.343179 -0.168471 0.78223 144 114 102
-0.29786 -0.0611943 0.692936 162 148 125
0.000687431 -0.0726906 0.984761 142 115 86
-0.280239 -0.0393864 0.652988 162 148 126
-0.21573 0.00878591 0.911672 140 92 76
-0.0934469 -0.00958693 0.918902 196 152 129
0.00399334 -0.111781 1.0239 150 136 110
-0.0560818 0.0149059 1.01875 179 132 109
-0.270843 -0.217233 0.870277 57 34 20
0.340465 -0.179809 0.762428 166 140 130
-0.136278 0.0737293 0.908137 130 100 94
-0.0859025 -0.00183677 0.871124 194 149 125
-0.258079 0.0198366 0.903147 176 129 106
0.204527 -0.212388 1.35226 104 103 62
-0.0185548 -0.0919392 0.982316 112 70 51
0.245304 0.0145258 0.993668 134 122 95
0.270868 -0.179804 1.40615 82 82 42
-0.335131 0.118453 0.757849 101 38 32
0.23598 0.0523878 0.912707 132 113 94
0.0279142 -0.0261665 0.972129 144 116 86
0.39109 -0.153776 0.77363 63 28 20
0.334588 -0.180708 0.755263 168 140 131
0.370633 0.012674 0.862908 124 80 56
-0.264715 0.127939 0.777541 142 124 110
-0.346527 0.0690433 0.743827 106 74 76
-0.299876 -0.0649968 0.637493 150 124 102
-0.23612 -0.0122269 0.907786 180 132 109
-0.265066 -0.118679 0.89856 161 112 86
0.425416 0.0808494 0.917538 176 154 148
0.35789 -0.17666 1.40304 102 104 64
-0.221213 -0.208656 0.868208 150 146 94
0.299615 -0.183057 0.983038 155 152 100
0.36255 -0.168543 0.77161 136 100 82
0.343877 -0.0753893 1.0506 164 131 104
-0.288502 -0.2079 0.86075 90 49 32
0.380027 -0.071 0.874848 175 132 110
-0.280753 0.158963 0.782555 140 116 106
-0.330906 0.144556 0.748258 107 10 12
0.29165 -0.0908608 0.92915 152 122 98
-0.330846 0.105502 0.735808 154 132 120
-0.00202282 -0.210493 0.930414 106 98 59
0.125 -0.197873 1.43057 84 84 46
0.0215667 0.066968 0.813351 162 138 122
-0.267533 0.0195694 0.852685 168 118 94
-0.0572184 0.0427945 0.891741 192 146 118
0.159684 -0.231421 1.34865 114 112 72
0.400901 -0.213658 0.744045 164 142 136
-0.0513006 -0.200739 0.936823 114 62 49
-0.230094 -0.0212256 0.887342 182 134 110
-0.334116 0.165912 0.769612 129 14 16
-0.301799 0.040465 0.706476 126 14 17
0.151341 -0.204075 1.3806 93 92 52
-0.313025 0.0340475 0.695758 20 16 26
-0.285685 0.0276505 0.852665 155 104 78
0.350859 0.0917145 0.881059 175 152 146
0.34354 -0.258917 1.46397 126 125 80
0.409253 -0.179937 0.876951 145 120 110
0.416266 -0.130507 0.908719 152 57 34
-0.179855 0.00860464 0.911855 152 113 101
0.364305 -0.212582 1.4809 118 118 72
0.420058 -0.124434 0.879294 122 70 46
0.0143955 -0.150642 0.877937 80 60 24
-0.309199 -0.0560136 0.69093 163 147 126
-0.258245 0.0151445 0.903716 188 142 118
-0.289911 -0.0136169 0.685466 130 87 32
0.31677 -0.00757736 0.91094 141 113 96
0.271016 -0.262712 1.46897 116 116 72
-0.226107 -0.00262302 0.895495 147 99 82
0.383312 -0.246569 0.779177 119 59 38
0.413792 0.041092 0.892703 176 157 151
0.308286 0.0285259 0.883986 178 150 140
0.476675 -0.0575337 0.990342 143 100 77
0.101805 0.0710117 0.775039 93 86 70
0.260805 -0.275277 0.864523 150 144 90
-0.26891 -0.132917 0.851739 40 12 6
0.0443702 0.00427543 1.01034 144 113 82
-0.163236 0.056963 0.879992 150 102 82
-0.0912907 -0.188681 0.897178 154 124 84
0.16801 -0.169167 1.38896 135 128 102
0.231463 -0.251666 1.37391 123 122 77
0.255459 -0.0532675 1.04425 154 144 119
0.244517 -0.279123 1.23072 125 124 78
-0.195507 -0.0869507 0.85278 102 61 37
-0.340827 0.157216 0.770286 126 12 12
0.156512 -0.188619 1.39534 81 82 43
-0.357508 0.0317497 0.662654 146 74 24
0.308879 0.0882066 0.920841 121 78 58
-0.314273 0.144482 0.753922 130 10 12
0.402158 -0.321582 0.834965 129 10 10
-0.297117 -0.201096 0.865717 122 80 56
0.295321 0.0244896 0.869408 178 150 142
-0.300652 -0.0626258 0.69274 162 148 124
0.458869 -0.0136485 0.941998 134 94 75
-0.166804 -0.134572 0.917161 130 93 64
0.355015 -0.302872 0.845776 137 92 66
-0.187999 -0.00664037 0.890866 152 112 100
-0.254215 0.140628 0.789719 156 136 126
0.0178479 -0.0432985 0.970444 146 118 88
-0.00238998 -0.201079 0.915622 148 142 95
-0.168982 0.0292142 0.906997 151 108 92
0.238356 -0.251517 0.846646 147 144 90
-0.279285 0.123506 0.817861 144 124 110
-0.31553 -0.184891 0.916275 70 38 27
0.273585 -0.204022 0.898987 152 150 98
-0.273055 0.0568707 0.879578 169 122 98
0.356976 -0.0038097 0.897094 132 104 90
0.340712 -0.206141 1.35706 128 126 82
0.327372 -0.288685 0.766243 156 138 109
0.318128 -0.20793 1.33122 118 118 72
0.289086 -0.160068 1.37516 138 130 108
-0.233862 -0.015158 0.861971 194 150 129
0.238197 -0.174248 1.36199 80 82 41
0.0126074 0.0895435 0.774141 158 132 116
0.161789 -0.235202 1.33707 115 113 72
0.21479 -0.396168 1.18604 140 136 84
-0.290011 0.0593842 0.735507 167 140 125
0.297484 -0.157674 1.36497 140 132 110
0.266042 -0.314019 0.957821 143 141 88
-0.230659 -0.00582824 0.942761 144 96 79
0.448105 -0.133579 0.93109 128 76 50
-0.353179 0.0764238 0.71846 124 16 20
0.113135 -0.267197 1.3303 124 122 78
0.0806296 -0.150613 1.31132 142 134 110
-0.179992 0.0222095 0.926503 154 114 104
0.296469 -0.214322 1.28654 116 116 72
-0.222553 0.018699 0.941587 144 96 78
0.310922 -0.308213 0.880572 140 120 106
-0.305946 -0.166477 0.869041 83 46 33
0.159499 0.013974 0.950621 162 145 122
-0.267551 0.00779562 0.935286 192 146 123
-0.292122 -0.072754 0.682055 162 148 126
0.381619 -0.293078 0.788741 126 7 7
-0.139315 -0.00526015 0.956063 83 33 16
-0.337291 0.0876697 0.710484 126 16 16
-0.347264 0.0838555 0.725486 121 16 19
-0.289564 -0.0265463 0.752873 160 144 124
0.236218 0.0600498 0.913518 141 121 104
-0.355029 -0.00131468 0.660814 152 52 44
0.325022 -0.166794 1.33697 94 96 52
-0.378066 0.0420021 0.650029 149 100 39
0.294692 -0.191405 0.933997 156 152 98
0.236392 -0.246362 0.839227 148 144 90
0.0139307 -0.0512765 0.987017 144 116 87
0.394032 -0.216788 1.52044 126 124 81
0.274588 -0.165646 1.41028 138 128 108
0.191986 0.105187 0.909164 154 136 124
-0.183924 -0.166373 0.912311 142 138 87
0.267205 0.0755047 0.916976 153 130 120
-0.298007 -0.0446529 0.860078 158 144 122
-0.486254 -0.238718 1.14134 152 146 96
-0.118228 -0.179179 1.01328 146 135 85
0.196316 0.0130408 1.02247 150 137 112
0.228561 -0.0998881 1.00213 154 144 122
0.166932 -0.414466 1.2486 140 138 88
0.218048 -0.0182844 1.03935 152 142 117
0.247926 -0.041554 1.1459 154 144 120
0.335099 -0.432575 1.39051 140 138 84
0.313467 -0.378664 1.29521 142 138 88
0.20047 0.0222196 0.922484 142 128 102
0.300776 -0.378278 1.18795 141 138 87
0.388434 -0.402364 1.08327 158 152 100
0.415456 -0.301445 0.817305 15 11 10
0.281406 0.097795 0.92017 170 150 140
0.237032 -0.0439844 1.28591 154 144 120
-0.175548 -0.206378 0.8835 150 146 92
-0.0988319 -0.308697 1.01585 150 144 93
-0.319443 -0.204003 0.867603 68 36 17
0.416178 -0.302098 0.784588 155 150 98
0.21924 -0.114285 1.23377 144 136 112
-0.306374 -0.21246 0.850552 70 38 18
0.135206 -0.384397 1.15759 140 136 87
-0.109372 -0.213416 0.879946 148 145 91
0.0863949 -0.359046 1.1204 141 138 87
-0.117526 -0.210039 0.870448 150 146 92
0.133185 -0.388979 1.12905 142 138 89
0.244696 -0.288514 0.913698 143 141 88
-0.230873 0.158482 0.835771 164 140 132
0.275799 -0.131725 1.30643 146 138 115
0.174509 -0.413212 1.14749 142 138 88
-0.025556 -0.26376 0.865698 148 146 94
0.140809 -0.104328 1.0726 143 136 111
-0.11429 -0.242776 0.923664 149 146 94
0.386808 0.0287109 0.725281 102 67 46
-0.138249 -0.217812 0.898422 148 145 93
-0.241197 -0.236373 0.737471 149 144 90
-0.390686 0.173329 0.803477 150 23 19
-0.422613 -0.378684 1.08596 146 142 86
-0.00313086 -0.419104 1.22023 148 144 90
-0.249516 0.278215 1.05177 164 144 136
0.292472 0.196662 0.954164 166 147 138
0.688006 0.579284 1.74391 164 146 137
0.11533 0.219422 0.885776 167 143 139
0.312622 0.194901 0.94091 164 146 138
-0.152478 -0.128783 0.977804 72 30 16
-0.168959 0.01772 0.896223 148 106 90
-0.07574 -0.120695 0.893335 170 122 98
-0.235753 -0.124806 0.860674 148 101 80
-0.0697551 0.0371624 0.941061 180 130 110
-0.295412 0.0283352 0.712014 146 78 72
-0.212074 -0.116306 0.865178 151 110 92
-0.234911 -0.149414 0.830165 140 80 60
0.00672186 -0.114549 0.925521 134 110 88
-0.0791218 -0.104859 0.884318 144 100 76
-0.307182 0.103289 0.772281 153 122 100
-0.127067 0.0398583 0.954653 143 92 74
-0.0174914 -0.0864833 0.937326 108 68 49
-0.13968 0.0598689 0.921957 76 33 22
-0.211535 -0.150966 0.859804 112 80 44
-0.217194 -0.15028 0.853484 96 57 32
-0.300771 0.0349804 0.708847 126 16 18
-0.278043 -0.0649275 0.880513 73 30 19
-0.180402 -0.0391539 0.856383 160 107 90
-0.245723 -0.043366 0.871369 138 92 72
-0.289096 -0.1644 0.847237 44 18 10
-0.198181 0.0349927 0.901918 151 104 86
-0.185131 -0.0532775 0.822475 180 122 101
-0.00395612 -0.108928 0.924593 98 62 38
-0.256058 0.087023 0.909112 104 57 32
-0.120018 -0.0851873 0.808945 162 112 90
-0.110491 0.0410273 0.940071 181 131 108
-0.141228 0.0556774 0.919504 76 31 19
-0.231421 -0.0246637 0.763674 176 142 116
-0.202415 0.045618 0.905704 148 99 80
-0.153575 -0.0635881 0.81022 98 51 32
-0.123207 0.0466719 0.943836 144 90 70
-0.0973704 0.032012 0.9481 197 152 128
-0.138055 -0.0368038 0.958144 94 50 30
-0.0271447 -0.162738 0.919515 96 48 33
0.0129793 -0.139634 0.922992 115 93 56
-0.0283451 -0.156866 0.909514 104 57 38
-0.0699248 0.0674557 0.933103 112 60 30
-0.222015 0.0326876 0.897814 138 89 72
-0.127403 0.0431641 0.957601 135 84 66
0.103913 0.119047 0.832267 149 26 28
-0.288523 -0.129634 0.864472 46 18 10
-0.196086 -0.146216 0.881792 136 101 72
-0.220437 -0.185885 0.836485 152 98 76
-0.240267 -0.00965627 0.766431 169 134 109
-0.289286 -0.11481 0.865028 38 12 6
-0.173049 0.0768867 0.906263 70 26 18
-0.0133535 -0.1024 0.927029 59 30 16
-0.0900449 -0.081404 0.845797 148 94 82
-0.270015 -0.11187 0.86073 101 57 42
-0.277193 -0.0200677 0.740127 144 109 74
-0.165731 -0.0544967 0.826879 172 118 102
-0.101476 -0.0875026 0.833848 128 86 66
-0.166383 -0.135146 0.947443 162 151 122
-0.117962 0.0380964 0.949248 176 124 102
-0.190867 -0.0168154 0.892861 145 106 96
-0.127572 0.0207287 0.954191 152 100 79
-0.218404 -0.0815954 0.846686 114 72 46
-0.095148 -0.090648 0.842793 84 46 28
-0.237346 -0.127539 0.859358 143 94 72
-0.131495 0.0394673 0.938952 116 66 48
-0.185579 -0.0404859 0.837891 170 111 92
-0.277864 0.0750868 0.751136 160 138 122
-0.273646 -0.110199 0.855651 68 28 15
-0.223929 -0.15321 0.838772 124 76 56
-0.229463 -0.0207028 0.765002 179 138 114
-0.237156 -0.216951 0.850516 99 84 52
-0.133684 -0.0755883 0.82238 144 96 76
-0.295478 0.0163237 0.71329 132 54 26
-0.124521 0.0717903 0.922651 88 40 21
-0.273932 0.14768 0.777493 142 118 107
-0.257868 -0.0999178 0.863175 166 119 95
-0.174271 0.0821916 0.90218 80 36 24
-0.0548756 -0.208731 0.884409 162 102 79
-0.00873694 -0.007081 0.95664 170 124 105
-0.0210948 -0.037836 0.944386 167 124 107
-0.30083 -0.132813 0.848502 58 24 13
-0.219518 0.0414069 0.896548 130 80 64
-0.255017 -0.119453 0.859491 146 94 70
-0.158173 -0.0460843 0.824083 167 111 92
-0.187937 0.0784453 0.907236 112 62 41
-0.0476948 -0.0941365 0.89353 144 104 86
-0.276865 0.0799004 0.752575 160 137 122
-0.162276 0.0859793 0.91088 78 40 29
-0.278929 0.00254296 0.713655 153 110 52
-0.0275525 -0.0803806 0.933445 106 65 45
-0.248954 0.000872771 0.747184 137 47 42
-0.167197 0.0593105 0.899943 113 66 44
-0.207993 0.0153377 0.893532 142 94 77
-0.114885 -0.0150718 0.952129 164 116 95
-0.238283 -0.215682 0.842076 62 45 18
-0.186054 -0.00398777 0.898671 149 110 100
-0.250211 -0.135152 0.844366 130 78 52
-0.244474 0.0858883 0.898318 104 56 32
-0.241613 -0.118977 0.861824 138 88 66
-0.214062 -0.120398 0.862829 152 108 90
-0.199863 -0.0228351 0.887037 136 93 80
-0.230522 -0.00960146 0.768396 178 132 107
-0.275775 -0.113845 0.85415 54 18 12
-0.101135 -0.0758915 0.842905 120 72 52
-0.0610806 -0.181786 0.901107 116 62 43
-0.061863 -0.175102 0.891047 112 60 38
-0.252382 -0.0738097 0.872002 152 106 84
-0.264238 -0.0989739 0.862752 162 112 88
-0.0807978 0.0391837 0.932313 156 101 78
-0.635368 -0.197164 1.21024 124 118 74
-0.229808 -0.01471 0.767918 179 134 109
-0.207729 -0.00772506 0.891995 140 94 79
-0.218767 -0.12247 0.85714 160 114 95
-0.183334 -0.0493555 0.821073 180 119 100
-0.294548 -0.0550729 0.684822 161 146 124
-0.313608 0.0613195 0.702812 122 66 72
-0.230087 -0.214411 0.850864 152 145 94
-0.126727 0.0326364 0.949447 152 99 78
-0.628701 -0.187432 1.21508 146 138 104
-0.640917 -0.191805 1.25363 146 136 106
-0.231953 -0.127467 0.860521 146 98 77
-0.262137 -0.117589 0.845011 105 50 29
-0.192972 0.0476454 0.897363 154 106 90
-0.197635 0.00117081 0.893053 144 99 86
-0.266465 0.0850884 0.912317 116 66 41
-0.0106151 -0.104132 0.917281 80 44 24
-0.27688 0.0650762 0.740576 157 132 117
-0.264279 -0.0830713 0.863682 146 98 74
-0.204015 0.0780723 0.907043 112 62 34
-0.204267 -0.0735099 0.833111 87 46 23
-0.180284 0.0731905 0.903016 106 59 40
-0.235399 -0.171095 0.831136 176 115 94
-0.21437 0.0829239 0.904703 118 68 45
-0.0338751 -0.0874653 0.91613 64 22 12
-0.149089 0.0442714 0.919616 110 62 46
-0.144032 -0.158928 0.963425 136 133 84
-0.0662354 -0.134026 0.906552 170 125 102
-0.0777123 0.0182511 0.944185 192 144 121
-0.0453368 -0.195552 0.898153 94 53 44
-0.0409706 -0.0984257 0.898922 104 67 54
-0.305037 -0.143018 0.837419 76 41 24
-0.310438 -0.142907 0.833556 96 76 53
-0.216137 0.0561789 0.919846 132 81 64
-0.309724 0.0244774 0.69424 126 14 14
-0.305356 0.0136819 0.687036 126 14 17
-0.24675 -0.111934 0.866267 154 108 84
-0.204438 -0.0506425 0.826385 154 98 77
-0.186161 -0.0791707 0.84562 138 87 57
-0.107793 0.0716675 0.941716 173 121 97
-0.0886818 -0.116747 0.902001 170 124 96
-0.179527 -0.0979839 0.856353 126 84 57
-0.0684867 -0.240923 0.891702 55 26 16
-0.0926295 -0.215921 0.917139 178 112 84
-0.138336 0.0891865 0.927423 148 119 112
-0.164516 0.0480689 0.89388 140 94 76
-0.221623 0.0233134 0.901165 144 95 78
-0.00970159 0.000682613 0.956578 150 106 90
-0.283635 0.0510776 0.729769 158 133 118
-0.285013 0.0554336 0.726685 160 138 123
-0.268766 -0.151105 0.827394 46 18 12
-0.19608 0.00936958 0.893525 146 100 86
-0.0104634 -0.0682946 0.979046 147 114 86
-0.306165 0.0640521 0.716917 114 33 38
-0.0512645 -0.107765 0.879352 162 124 105
-0.271215 -0.139451 0.841358 38 15 8
-0.160981 -0.139312 0.977258 150 138 106
-0.230444 0.0224532 0.889158 144 96 80
-0.066992 -0.14883 0.910583 166 120 90
-0.274346 0.155434 0.775016 142 119 109
-0.153264 0.000443109 0.913662 134 88 74
-0.1983 0.0918415 0.88568 56 20 10
-0.223781 -0.0048352 0.773398 170 122 100
-0.609487 -0.200522 1.20639 126 120 77
0.121777 0.0611424 0.77972 151 26 25
-0.31151 -0.149314 0.838425 74 47 30
-0.0640658 0.00781096 0.945013 186 139 116
-0.298306 -0.116636 0.834601 118 68 48
-0.296053 0.0571753 0.72532 144 64 61
-0.307488 -0.120376 0.807418 158 145 124
-0.296146 -0.123539 0.835332 99 54 38
-0.30672 -0.151209 0.853768 71 36 22
-0.619863 -0.189713 1.23628 140 132 98
-0.167341 -0.215025 0.881168 152 148 94
-0.206684 -0.214034 0.875743 150 145 94
-0.382211 -0.163206 0.855838 143 137 87
-0.162665 -0.159028 0.946429 140 136 84
0.131083 -0.310586 1.02132 140 138 88
-0.145359 -0.192138 0.92395 152 146 96
-0.0740788 0.131627 0.961985 166 140 132
-0.60716 -0.394539 1.20895 150 144 92
-0.625289 -0.338232 1.18589 151 144 92
-0.0756236 -0.112777 0.889485 170 125 102
-0.140401 0.0633946 0.924165 68 28 16
-0.295786 -0.0358652 0.668447 160 144 124
-0.197537 -0.0667873 0.827362 124 76 50
-0.01956 -0.127579 0.923418 54 21 12
-0.230193 -0.140905 0.841772 112 66 46
-0.212637 -0.170428 0.833214 142 105 78
-0.188234 -0.12628 0.88368 118 75 48
-0.26049 0.0591501 0.905634 156 109 93
-0.119942 -0.0277471 0.952393 140 88 66
-0.292497 0.141328 0.779869 134 112 102
-0.256815 -0.19188 0.82349 123 80 66
-0.215395 -0.12332 0.86073 151 108 86
-0.163956 -0.0521615 0.817905 127 76 60
-0.124997 -0.0101977 0.96191 144 92 70
-0.235645 -0.0146989 0.75597 169 136 114
-0.0932083 -0.234927 0.922646 118 72 56
-0.247648 0.0722086 0.900728 135 86 72
-0.25221 -0.125629 0.8504 154 98 70
-0.241364 -0.200906 0.83064 106 69 46
-0.307554 0.0276873 0.699905 124 14 14
-0.244226 -0.18481 0.827904 170 114 98
-0.243505 -0.0311315 0.767123 164 132 110
-0.234996 -0.184357 0.828155 144 90 72
-0.287585 -0.017158 0.718647 154 138 118
-0.245145 0.000968563 0.764291 146 76 66
-0.248649 -0.196309 0.823117 100 65 48
-0.0957353 -0.0825363 0.834378 120 78 57
-0.16327 -0.0584023 0.813921 123 67 53
-0.0855874 -0.234683 0.913198 122 72 52
-0.286646 0.0714923 0.743278 159 138 124
-0.246277 -0.172457 0.822876 144 88 72
-0.0421651 -0.158934 0.920194 130 84 64
-0.137672 0.0299991 0.962736 113 62 50
-0.280778 -0.136695 0.85538 49 20 13
-0.192853 -0.142501 0.887047 134 98 68
-0.247729 0.0941749 0.892326 112 66 48
-0.207796 -0.130468 0.865039 115 76 50
-0.225545 -0.0628966 0.845837 134 88 66
-0.066253 -0.234969 0.890158 100 62 46
-0.0834864 -0.0516798 0.883206 138 88 74
-0.249234 -0.0619792 0.859202 146 101 82
-0.218264 0.0839699 0.903714 104 56 34
-0.276408 0.133525 0.775942 140 119 106
-0.294505 0.0820956 0.74873 145 80 72
-0.214731 -0.185149 0.842857 152 124 84
-0.123789 0.0132381 0.958093 156 104 86
-0.288871 -0.174943 0.841262 44 21 12
-0.251072 -0.129477 0.847789 165 109 82
-0.244733 -0.194497 0.824487 95 58 40
-0.196213 0.0304372 0.901296 146 100 84
-0.121671 -0.0696986 0.837117 121 73 54
-0.0276748 -0.121475 0.915041 110 69 54
-0.0203089 -0.0972462 0.936698 74 36 20
-0.129248 -0.00341085 0.959369 130 80 60
-0.320916 0.164325 0.751832 96 10 10
-0.20438 0.0156394 0.913458 144 98 82
-0.240486 0.0830614 0.907337 110 62 46
-0.267719 -0.147576 0.835915 57 24 17
-0.0897408 -0.185049 0.926209 144 90 64
-0.212458 -0.112644 0.864592 151 109 92
-0.275698 0.0093738 0.708198 143 104 46
-0.211209 -0.0519178 0.832837 120 70 52
-0.272593 -0.0509509 0.877446 48 15 6
-0.291416 0.133352 0.783973 138 116 103
-0.271928 -0.143542 0.837863 36 15 10
-0.247945 -0.103982 0.86184 162 114 92
-0.187232 0.0504488 0.89821 150 103 87
-0.127669 -0.0164451 0.956555 115 64 46
-0.263864 -0.193827 0.822056 96 58 42
-0.0790217 0.067929 0.935945 124 71 43
-0.0765242 0.046972 0.954151 174 124 104
-0.279159 0.145527 0.785914 141 118 108
-0.193829 -0.0440607 0.831363 162 102 84
-0.11941 0.0716971 0.938448 144 95 69
-0.783734 -0.231071 1.44391 122 117 74
-0.289952 0.0680025 0.73978 142 96 84
-0.753828 -0.233908 1.3996 125 119 75
-0.245804 0.127972 0.820781 154 134 124
-0.284327 0.0553341 0.73154 159 138 123
-0.194424 -0.178078 0.8699 146 142 91
-0.0869727 -0.176498 0.926641 140 100 66
-0.215907 -0.128232 0.860695 126 85 62
-0.068557 -0.0378283 0.928273 178 131 109
-0.239178 -0.126142 0.854897 130 80 56
-0.285682 0.0243722 0.716062 146 118 86
-0.212363 -0.0992925 0.841602 122 78 60
-0.21081 0.00127057 0.899634 139 92 76
-0.192484 0.0431355 0.899321 152 106 90
-0.276553 0.0582657 0.7423 156 132 116
-0.268735 -0.168984 0.83648 104 62 50
-0.285224 0.0428049 0.726103 158 137 122
-0.210369 -0.0915763 0.842881 112 70 51
-0.104943 -0.118801 0.952682 155 109 82
-0.0241201 0.0621639 0.933452 124 79 58
-0.320621 0.053573 0.705362 32 26 42
-0.237834 -0.111344 0.854791 142 98 74
-0.211086 0.0306372 0.899866 142 94 78
-0.257444 -0.0511671 0.887203 100 53 38
-0.281886 -0.0700733 0.871284 42 12 6
-0.0830258 -0.110324 0.893584 152 105 80
0.119016 0.0338078 0.800249 138 28 22
-0.0815853 -0.0408865 0.924266 160 112 93
-0.280465 0.0106832 0.706319 145 104 50
-0.28496 0.142672 0.784623 140 118 104
-0.299355 -0.0379209 0.667264 160 144 126
-0.287491 -0.0922701 0.862097 82 42 33
-0.104309 -0.0217826 0.945423 170 122 100
-0.220664 0.0632859 0.917405 115 66 47
-0.289722 -0.194308 0.847305 64 32 18
-0.234682 0.0447281 0.892666 132 83 66
-0.242679 0.0577655 0.894762 143 94 78
-0.194118 0.0631794 0.905386 124 74 51
-0.262515 0.134116 0.810878 146 126 114
-0.0750415 0.0684804 0.939785 121 69 42
-0.227655 0.0860163 0.91115 110 64 44
-0.130983 0.0828573 0.913641 150 120 112
-0.226367 -0.222814 0.869007 150 145 96
-0.247205 -0.148192 0.820044 172 103 82
-0.764482 -0.212594 1.40304 130 120 88
-0.757666 -0.225253 1.42664 122 118 75
-0.210498 -0.214231 0.875078 150 146 97
-0.773388 -0.192913 1.4441 160 146 122
-0.73278 -0.199692 1.39176 158 144 124
-0.19598 0.093233 0.912922 116 68 52
-0.179786 -0.183538 0.904389 144 140 90
-0.0326286 -0.0659984 0.936773 156 118 101
-0.166195 -0.192577 0.878694 148 144 94
-0.197152 -0.196259 0.876712 148 144 94
-0.190289 -0.211347 0.872353 150 146 98
-0.181681 -0.207113 0.875281 151 146 98
-0.755207 -0.247119 1.4242 133 128 84
-0.267066 -0.21969 0.806027 110 100 62
-0.669879 -0.47453 1.3476 150 142 94
-0.613223 -0.456944 1.22875 148 140 90
0.18436 -0.52379 1.23582 150 146 96
-0.0943041 -0.079099 0.845207 150 100 86
-0.200109 -0.0530469 0.835279 158 100 78
-0.0834217 -0.068222 0.864361 136 86 66
-0.151784 -0.0814239 0.798062 148 94 68
-0.0561182 -0.0721607 0.924342 156 113 98
-0.232898 -0.0207758 0.763276 166 129 104
-0.296194 0.0324531 0.95826 172 122 100
-0.147533 -0.0648748 0.811448 96 46 27
-0.140798 -0.0775604 0.806391 150 103 80
-0.238823 -0.0638015 0.853174 137 90 74
-0.189895 -0.136119 0.886033 132 91 62
-0.301051 0.117015 0.778764 154 134 121
-0.245795 -0.133134 0.854634 130 77 55
-0.0416312 -0.182697 0.908226 58 21 12
-0.0255689 -0.224778 0.904771 50 25 14
-0.0978419 0.0462075 0.942104 188 139 116
-0.0297884 -0.219755 0.903814 43 19 8
-0.25887 0.146578 0.785074 156 136 124
-0.207975 -0.110655 0.864731 144 103 86
-0.293237 0.0303342 0.713836 146 80 72
-0.0512913 -0.0615766 0.938605 160 120 104
-0.302258 0.0281251 0.70266 126 12 16
-0.311805 0.0988767 0.772404 153 120 90
-0.15949 -0.110585 0.941108 110 72 36
-0.0798838 -0.182671 0.908153 104 50 30
-0.166638 -0.124138 0.943682 91 56 20
-0.0902402 -0.0662647 0.838588 150 96 81
-0.259317 -0.182692 0.824803 110 62 50
-0.276613 -0.12472 0.857695 54 21 12
-0.0267181 -0.0895198 0.929617 80 34 22
-0.254327 -0.11654 0.867661 153 105 82
-0.156062 -0.131189 0.976851 74 36 16
-0.0741511 -0.102053 0.888829 151 106 85
-0.30178 0.0515053 0.715968 128 14 16
-0.275703 -0.0887561 0.853947 70 28 17
-0.294334 0.0324369 0.709501 124 36 33
-0.19168 -0.131598 0.890621 120 82 54
-0.269126 0.135252 0.800814 145 124 109
-0.134241 -0.0465376 0.818939 98 52 30
-0.29303 0.113807 0.774808 155 135 120
-0.105135 0.0384254 0.948514 190 144 118
-0.0113141 -0.140489 0.915033 128 79 56
-0.148198 -0.129919 0.998871 94 51 28
-0.265155 -0.175058 0.828688 100 60 48
-0.286959 0.0930795 0.770436 158 136 121
-0.0668986 -0.0164807 0.9338 192 147 123
-0.0628834 -0.0888318 0.870207 166 126 107
-0.290292 -0.0387532 0.670926 162 146 127
-0.0607552 0.0270455 0.952159 193 147 124
-0.0355585 -0.0979547 0.928046 66 23 14
-0.289925 -0.0386644 0.676702 160 147 126
-0.136859 -0.143032 1.00091 132 88 58
-0.222416 -0.201886 0.860666 150 137 88
-0.0774151 -0.061073 0.8945 124 75 54
-0.234472 0.0535739 0.894934 128 76 58
-0.275303 0.00127417 0.719988 153 109 49
-0.325298 0.094011 0.727491 125 22 16
-0.309679 0.00504456 0.691655 112 15 16
-0.28285 0.0822111 0.757699 159 138 122
-0.281798 0.0562255 0.934566 178 130 108
-0.0263498 -0.188372 0.910229 40 12 6
-0.293465 0.164349 0.761864 129 16 20
-0.238615 -0.133532 0.855174 107 58 34
-0.269903 0.13668 0.783985 144 123 109
-0.0498659 -0.179741 0.895158 82 44 30
-0.271131 -0.0962684 0.863746 120 74 57
-0.0129239 -0.0877834 0.941797 138 108 80
-0.0839206 -0.106184 0.888136 130 86 62
-0.303429 0.0135289 0.698717 123 14 16
-0.219375 -0.114734 0.862227 146 103 84
-0.0637343 -0.218308 0.893749 160 94 72
-0.290314 0.0895232 0.774797 158 137 122
-0.24344 -0.0712828 0.857899 139 93 74
-0.289339 0.0999651 0.78809 158 136 121
-0.132316 0.0505295 0.940662 92 42 26
-0.027187 -0.111337 0.912232 69 29 20
-0.0921567 -0.15363 0.935463 168 119 88
-0.246083 -0.164998 0.824177 178 108 87
-0.0630821 -0.0738345 0.928307 147 101 86
-0.27574 0.0793159 0.906038 154 101 75
-0.289281 -0.112558 0.876523 50 17 8
-0.123258 -0.00985207 0.941279 144 93 74
-0.141596 0.075973 0.924406 116 85 72
-0.132022 -0.0802384 0.811156 150 101 79
-0.0955792 -0.183498 0.921366 152 139 94
-0.272271 -0.00554222 0.723922 160 114 54
-0.145829 -0.0924575 0.804379 120 82 48
-0.283737 0.00278106 0.711656 149 106 48
-0.199147 0.0808908 0.903667 104 54 30
-0.0105902 -0.204472 0.936938 82 69 42
-0.154876 -0.12319 0.963063 93 56 26
-0.292767 0.160032 0.759324 128 14 17
-0.0910518 -0.0329751 0.933058 176 128 106
-0.30841 0.0763808 0.726389 104 34 38
-0.260844 0.0451968 0.915983 155 106 86
-0.296404 0.0715006 0.738514 142 80 74
-0.174069 0.0520529 0.898949 134 87 65
-0.229624 0.00773299 0.897472 147 100 82
-0.281467 0.13231 0.775923 140 118 106
-0.0736073 -0.0721872 0.873194 116 68 47
-0.261236 -0.208175 0.829693 57 32 18
-0.0725906 0.0637389 0.934176 118 66 36
-0.252753 -0.11134 0.865147 160 112 90
-0.270597 -0.0575553 0.8684 62 24 14
-0.242198 -0.0681646 0.85699 140 93 76
-0.269306 -0.207228 0.833551 64 36 22
-0.312286 0.173467 0.76987 128 11 16
-0.241883 0.0459535 0.891456 134 84 64
-0.279718 0.0189156 0.720631 160 140 120
-0.292496 -0.178111 0.837242 66 36 28
-0.252012 -0.169435 0.818725 122 68 56
-0.297438 0.0875228 0.751961 162 136 121
-0.300339 0.00139169 0.69766 118 21 18
-0.133036 -0.00291799 0.941626 115 62 48
-0.0508467 -0.0940044 0.881751 150 112 93
-0.320927 0.10019 0.736682 142 84 26
-0.317058 0.0461217 0.702806 34 26 39
-0.298511 0.0298959 0.95071 168 120 96
0.00144985 -0.127325 0.910521 70 37 18
-0.27457 0.0493092 0.741519 158 134 116
-0.0998056 -0.0162309 0.940826 190 144 119
-0.291254 -0.0059051 0.68946 119 57 20
-0.275379 0.128685 0.785908 142 122 109
-0.296438 0.0793974 0.738546 144 78 70
-0.0283971 -0.105873 0.932292 43 14 9
-0.0925583 0.00895599 0.94701 184 138 115
-0.270251 0.0661957 0.737064 160 138 124
-0.276195 -0.0584705 0.877237 66 32 25
-0.299146 0.0547593 0.720733 126 17 19
-0.241146 -0.0910092 0.868837 156 111 88
-0.0862481 -0.164276 0.93444 171 122 91
-0.261727 0.138673 0.797305 148 128 115
-0.0649181 -0.0649487 0.898397 143 98 81
-0.212261 -0.04023 0.850863 132 82 60
-0.280335 -0.154459 0.841831 38 14 5
-0.190112 -0.122351 0.866195 134 96 68
-0.0914334 -0.0152127 0.93431 179 132 111
-0.301343 0.134969 0.796766 137 116 103
-0.0377601 -0.0724859 0.921929 153 115 98
-0.234849 -0.0130873 0.768507 166 122 98
-0.273003 0.15493 0.78511 146 125 113
-0.049437 -0.000128885 0.957334 178 133 114
-0.233431 0.0195251 0.887919 148 100 84
-0.0272763 -0.132302 0.919597 82 44 32
0.0556542 -0.206751 0.923558 143 140 89
-0.0269181 -0.143316 0.919885 88 46 31
-0.264156 0.138989 0.783901 147 126 114
-0.148643 -0.00702981 0.939176 107 60 45
-0.277264 0.153369 0.782205 144 120 110
-0.310445 0.0324838 0.694157 98 51 56
-0.298663 -0.0326776 0.662719 142 88 69
-0.222883 -0.0270719 0.87912 138 91 68
-0.211942 -0.00831176 0.894556 141 94 76
-0.208361 -0.176766 0.83285 143 130 82
0.0990859 -0.243826 1.39221 117 116 73
-0.149269 -0.0313542 0.882567 124 79 63
-0.0540231 -0.0737187 0.950036 156 115 98
-0.30243 -0.0156151 0.682152 113 64 48
-0.336881 0.102922 0.742593 146 112 92
-0.0494985 0.00816709 0.973868 176 132 114
-0.276952 0.144456 0.785707 142 121 109
-0.105459 0.0222894 0.949557 197 151 126
-0.142605 -0.0183643 0.955007 74 28 16
-0.234516 0.0308027 0.89205 140 92 76
-0.139366 -0.0447892 0.805491 116 69 51
-0.202328 0.0696202 0.92106 132 80 53
-0.283158 0.107082 0.779496 156 136 120
-0.183891 -0.0223836 0.885964 143 104 92
-0.0529873 -0.15633 0.91438 153 108 85
-0.0505329 -0.142422 0.918012 156 114 93
-0.29189 -0.0389315 0.689732 160 146 125
-0.226042 0.0190919 0.8886 146 98 81
-0.406822 -0.199894 0.965218 150 142 93
-0.3138 0.071007 0.718034 124 18 21
-0.251186 -0.0964346 0.860853 171 124 100
-0.131807 0.000954307 0.936039 116 63 49
0.0444603 -0.215798 1.04117 143 140 90
-0.0442332 -0.0651929 0.94436 156 118 102
-0.0766916 -0.0175232 0.941422 186 142 118
0.00325307 -0.0965782 0.932472 153 144 119
-0.232849 -0.0336211 0.844953 155 108 87
-0.283943 0.153624 0.774948 144 110 100
-0.272206 0.104319 0.861364 156 129 116
-0.118554 -0.198787 0.917713 150 144 96
-0.0908252 -0.159676 0.942974 169 120 90
-0.0532839 -0.0364157 0.944849 178 134 118
-0.291962 0.0463275 0.725893 144 85 74
-0.307131 0.0280718 0.686513 100 34 37
-0.0394785 -0.149471 0.904162 141 100 78
-0.269585 0.122653 0.851229 146 124 112
-0.510597 -0.43548 1.08148 150 143 90
-0.260277 0.104361 0.871869 146 118 106
-0.252444 0.140808 0.813832 162 141 130
-0.0520228 -0.0171269 0.94266 176 132 113
0.121619 -0.279076 1.38953 125 122 79
-0.0741392 -0.262158 0.904322 50 24 12
-0.0735961 -0.292567 0.887202 150 145 94
-0.30164 -0.102158 0.821319 113 66 38
-0.310675 -0.0884965 0.735714 161 148 124
-0.196748 -0.224259 0.887192 148 145 93
-0.316053 -0.220899 0.871188 63 40 14
-0.257702 0.170116 0.818767 162 142 130
-0.228061 -0.229836 0.875671 150 144 90
0.161971 -0.426275 1.24466 146 142 93
0.161131 -0.44336 1.2635 147 144 94
-0.138947 -0.227184 0.887757 148 144 94
0.160006 -0.409114 1.39046 142 139 90
0.099158 -0.257881 0.849211 140 138 86
-0.289949 0.20973 0.834875 162 142 132
-0.241088 -0.283634 0.949538 150 144 92
-1.58688 -1.83718 5.08198 148 142 88
0.145541 -0.48856 1.44279 146 142 92
-0.228421 0.25542 0.89478 163 143 135
-0.245566 0.268037 0.892561 163 143 136
0.152599 -0.432751 1.24366 147 144 94
-0.23803 0.272549 0.906324 162 143 136
-0.09954 -0.0986338 0.894437 106 64 36
-0.163398 -0.113016 0.930825 100 64 26
-0.292803 0.0344868 0.719064 162 142 124
-0.301025 -0.184811 0.867241 55 29 24
-0.131433 -0.0445895 0.832116 100 52 32
-0.220851 -0.00601232 0.740829 162 127 98
-0.316112 0.108688 0.783896 154 132 117
-0.344703 0.122017 0.75966 148 112 100
-0.0682155 0.0295203 0.936207 210 168 144
-0.107167 -0.107652 0.914654 101 59 30
-0.161605 0.0614893 0.907004 120 72 47
-0.0175437 -0.156084 0.919966 114 68 50
-0.0918647 -0.10366 0.89554 102 60 32
-0.318866 0.1374 0.782778 123 14 14
-0.195815 -0.0487483 0.840265 174 112 90
-0.282475 0.12901 0.807695 142 120 106
0.0168131 -0.134217 0.921233 116 114 68
0.00194091 -0.145584 0.933763 89 56 29
-0.0917993 -0.0559152 0.872565 122 73 52
-0.170924 -0.0721283 0.815316 146 88 55
-0.13804 -0.0485247 0.953196 118 72 53
-0.183442 -0.0383412 0.899313 136 92 77
-0.171155 -0.0898163 0.852336 162 108 80
-0.064001 -0.105388 0.871681 170 130 113
-0.27609 0.0728176 0.75628 158 137 119
-0.0393007 -0.0962216 0.949163 76 32 20
-0.121663 -0.13477 0.984525 173 122 94
-0.140174 -0.102043 0.848621 105 68 30
-0.0657671 -0.118062 0.882383 178 134 117
-0.26816 -0.0486255 0.931757 99 53 31
-0.173452 0.0680382 0.897429 103 58 40
-0.21938 -0.20792 0.869727 150 144 92
-0.245026 -0.148067 0.842315 135 74 52
-0.307439 0.0175194 0.965297 152 103 78
-0.252622 -0.0920035 0.803538 64 25 18
-0.164496 -0.101959 0.866816 98 64 28
-0.0707121 -0.125697 0.891102 176 130 110
-0.136661 -0.0150719 0.962595 128 76 56
-0.283628 0.126633 0.818644 142 120 106
-0.248595 0.00584158 0.764373 156 138 115
0.00312353 -0.11987 0.916686 167 148 126
-0.111446 -0.127111 0.946898 174 122 93
-0.229335 -0.0189274 0.77616 162 120 95
-0.262569 0.022369 0.919873 170 122 102
-0.328596 0.128762 0.749896 113 14 11
-0.326276 0.118051 0.751693 158 78 34
-0.152627 0.0584466 0.901133 91 42 25
-0.0148454 -0.154671 0.881647 129 80 62
-0.299129 0.0440889 0.726497 148 108 96
-0.120322 0.023427 0.963225 178 128 106
-0.288307 0.0551257 0.937856 176 126 104
-0.023712 -0.09932 0.903302 68 30 20
0.00960309 -0.123531 0.904785 115 87 58
-0.212182 -0.144075 0.863574 96 60 25
-0.294476 0.0576282 0.922805 170 122 97
-0.122374 0.0320079 0.950864 172 120 98
-0.254224 -0.0183145 0.724203 132 12 14
0.00622543 -0.106566 0.925018 159 148 124
-0.239645 -0.192897 0.824291 152 96 76
-0.111472 -0.0716927 0.87638 148 100 82
-0.275529 0.0536588 0.746612 160 139 121
-0.147303 -0.0392739 0.832579 130 88 73
-0.315649 0.0527178 0.709112 88 62 63
-0.282758 -0.0219808 0.806052 119 18 14
-0.295129 0.062875 0.940394 186 139 115
-0.198697 -0.11983 0.863089 131 92 68
-0.204092 0.0633756 0.852947 106 58 38
-0.110943 -0.0730233 0.851494 164 112 100
-0.136674 -0.0928013 0.838553 161 108 83
-0.0985777 -0.0284168 0.969755 174 126 104
-0.278729 -0.126634 0.876308 92 38 20
-0.313545 0.128437 0.781774 127 78 66
-0.283433 -0.0300041 0.891489 160 137 111
-0.358515 -0.0706855 0.772683 162 147 125
-0.0222661 -0.11397 0.920452 118 65 44
-0.108759 -0.0884959 0.831626 110 74 46
-0.220577 0.0704681 0.918065 96 48 27
-0.28188 0.0824926 0.736048 156 136 119
-0.211447 0.00342552 0.711235 161 124 98
0.0647306 -0.187171 1.36478 104 102 56
-0.338177 -0.00679297 0.899766 136 16 20
-0.0875642 0.0378817 0.935717 162 108 86
-0.178468 -0.0224785 0.881976 140 100 86
-0.18172 -0.0468051 0.818096 181 120 100
-0.268584 -0.0528291 0.932463 94 48 26
-0.057085 0.0282728 0.911547 198 154 128
-0.0324902 -0.0538789 0.956492 169 128 110
-0.19758 0.0528967 0.899459 157 108 88
-0.194436 -0.146219 0.937059 124 88 54
-0.112645 -0.0739079 0.820643 100 50 30
-0.133261 0.0732316 0.941551 102 59 42
-0.192323 -0.147261 0.94628 118 84 50
-0.206561 -0.0182891 0.770635 175 125 101
0.11123 -0.224623 1.23446 113 111 70
-0.0526444 -0.188486 0.895862 70 33 22
-0.243071 -0.013131 0.757499 156 139 116
-0.225304 -0.213711 0.858446 148 144 92
-0.285809 0.0780132 0.750487 158 136 118
-0.112722 -0.0702043 0.832104 82 32 16
-0.225228 -0.077313 0.838623 116 70 47
-0.303193 -0.064659 0.692228 162 146 123
-0.029705 -0.0915619 0.924004 84 38 25
-0.0140723 -0.127953 0.892509 60 22 12
-0.192225 -0.0277066 0.927759 137 96 82
-0.192854 -0.152178 0.822309 128 98 68
-0.3251 0.0793947 0.723441 123 14 17
-0.298501 0.120544 0.79271 152 130 116
-0.136815 -0.0324579 0.947252 87 40 21
-0.00503771 -0.123352 0.904875 38 12 6
-0.0921803 -0.0999624 0.879079 97 54 26
-0.1075 -0.0850566 0.992396 136 94 73
0.0939321 -0.211956 1.18744 116 114 72
-0.293824 -0.00046251 0.750447 152 107 44
0.0896518 -0.239793 1.25383 119 116 74
-0.170533 0.026152 0.87181 151 109 95
-0.237311 0.0612328 0.882883 127 76 58
-0.198165 -0.00706186 0.933208 140 100 86
-0.300649 0.0120295 0.813977 169 132 116
-0.297896 0.0558848 0.947494 190 142 118
-0.0907339 0.0265364 0.944578 172 122 100
-0.326437 0.0409805 0.732513 104 28 32
-0.134807 0.01904 0.839571 140 95 78
-0.0891403 -0.00961359 0.896669 190 144 122
-0.0209354 -0.0927493 0.965888 94 61 36
0.0320387 -0.191411 1.32773 118 116 69
-0.155286 -0.00109622 0.907443 134 88 74
-0.331682 0.100108 0.830659 158 134 118
0.0728141 -0.191551 1.3822 95 94 52
-0.32254 0.144867 0.789493 126 12 12
-0.312681 0.0448248 0.778753 161 141 123
-0.117522 -0.0745487 0.821846 110 60 34
-0.177355 0.0472377 0.885486 150 104 86
-0.232606 -0.215516 0.848649 150 140 94
-0.243282 -0.112451 0.768222 48 16 10
0.0187114 -0.113536 0.893443 157 146 123
-0.299433 -0.0456763 0.673212 160 147 126
-0.317474 0.0774885 0.789539 158 137 120
0.0527885 -0.198159 1.31466 120 118 70
-0.168214 -0.108982 0.918689 100 64 28
-0.256707 0.00278284 0.722017 146 50 26
-0.0773235 -0.155525 0.943346 162 117 90
-0.295735 0.0851417 0.691741 118 16 7
-0.0614676 -0.065812 0.869084 131 82 65
-0.214152 0.0136446 0.897337 140 90 74
-0.213711 0.0199315 0.994694 148 108 92
-0.216143 -0.0671144 0.851413 106 60 32
-0.350899 0.113408 0.865943 156 134 118
-0.208923 0.046147 0.908106 146 96 80
-0.324088 0.155952 0.793291 132 12 14
0.0640017 -0.235202 1.33755 124 122 74
-0.281734 0.0130458 0.96988 184 138 116
-0.283107 0.101041 0.76507 156 132 116
-0.284481 0.114989 0.852295 150 128 112
-0.00895184 -0.0762447 0.856529 125 88 66
-0.0505231 -0.0802914 0.901534 121 77 62
-0.246019 -0.045491 0.843604 135 90 70
-0.155759 -0.00734828 0.914713 130 85 70
0.121485 -0.253255 1.27496 120 117 75
0.0148614 -0.0611478 0.954219 146 138 113
-0.294827 0.132943 0.769163 132 109 95
-0.324172 0.154058 0.744459 82 14 14
-0.271778 0.129944 0.654388 77 14 14
-0.19905 0.00985135 0.948372 144 103 88
-0.119175 -0.092767 0.815319 152 104 81
-0.167087 0.0892865 0.871384 92 45 31
-0.0498423 -0.151662 0.921101 146 104 81
-0.287511 -0.153796 0.843513 37 14 8
-0.286636 0.0119269 0.70567 144 98 42
0.109505 -0.272975 1.36752 120 118 76
-0.186068 -0.106924 0.975796 138 89 58
-0.0371132 0.0470395 0.951855 160 114 92
-0.0325031 -0.102475 0.898865 60 22 13
-0.298782 -0.0561349 0.682483 162 147 126
-0.230995 -0.0144697 0.862292 185 138 115
0.0607859 -0.163168 1.32377 141 130 108
-0.214693 -0.0225632 0.858539 158 110 88
-0.115551 -0.186766 0.95034 146 140 90
-0.160328 0.0388001 0.913914 135 88 74
-0.255198 -0.0218669 0.985682 136 89 74
-0.191334 0.0346405 0.978684 143 98 82
0.0541935 -0.223012 1.14171 136 133 83
-0.291277 0.00601691 0.701518 145 96 40
-0.288666 0.0287985 0.734286 161 142 125
-0.273263 0.127014 0.818736 144 122 108
0.112362 -0.236681 1.23398 116 114 72
-0.0627499 0.0349385 0.947157 194 148 122
-0.120398 0.00630491 0.838666 104 55 42
-0.305854 0.0565666 0.911384 133 86 60
-0.00843346 -0.193061 0.921593 81 62 28
-0.120811 0.00106528 0.958901 178 127 102
-0.254572 -0.124951 0.840671 102 46 22
-0.29787 0.156623 0.761564 127 14 14
-0.28366 -0.0445375 0.840588 156 142 119
0.0185173 -0.302099 1.47368 142 139 87
0.071843 -0.224486 1.21056 126 124 73
-0.086548 -0.159634 0.909654 170 120 89
-0.0844762 -0.0229956 0.906651 174 126 104
-0.270617 -0.0374161 0.874852 161 132 106
-0.260337 -0.0373582 0.864057 159 116 91
-0.0050637 -0.00190646 0.890378 147 100 82
-0.32128 0.164926 0.760907 127 12 16
-0.0907498 -0.234848 0.896108 180 116 88
0.0312501 -0.226759 1.29322 135 133 84
-0.1907 -0.169355 0.8796 144 142 89
0.0287238 -0.283135 1.41598 139 136 85
-0.295121 -0.0568088 0.804537 160 146 126
0.0217687 -0.218122 1.33807 134 132 82
-0.0869796 -0.215059 0.864301 158 98 72
-0.233174 0.10566 0.837923 142 114 102
-0.0509319 -0.00927233 0.942252 173 128 112
-0.312908 0.0756309 0.719168 108 26 26
-0.283581 -0.0329278 0.950392 168 119 96
-0.33331 -0.0355885 0.838278 160 144 122
-0.0837422 -0.236538 0.881293 159 104 82
-0.297558 0.0633769 0.738325 162 137 120
-0.276247 0.0877757 0.844457 128 92 65
0.0423213 -0.29379 1.18751 142 139 91
-0.160853 0.095978 0.921289 84 52 42
0.100317 -0.253587 1.24999 119 116 74
-0.0898848 -0.226658 0.874996 164 108 85
-0.167865 -0.16802 0.977366 138 133 83
0.0394319 -0.217128 1.10544 138 137 84
0.0326185 -0.173569 1.42216 146 134 112
-0.242795 0.0524329 0.772998 114 73 44
-0.294082 0.0348753 0.812811 158 138 120
-0.153718 0.0936627 0.912303 117 90 81
-0.162834 -0.188271 1.11499 140 130 82
-0.137976 0.110556 1.06486 163 134 124
-0.00271792 -0.126895 1.2329 154 143 120
0.0665432 -0.281122 1.13174 140 138 88
-0.0941599 0.079191 0.963204 173 121 94
-0.249619 0.139987 1.09874 158 130 121
-0.253947 -0.248654 0.927455 150 144 92
-0.0944889 -0.224813 0.86225 78 54 32
-0.138297 -0.164293 0.89294 144 139 86
-0.245759 -0.235364 0.881797 150 144 92
-0.262461 -0.236253 0.874077 148 142 88
0.0889028 -0.266259 1.06296 140 136 87
0.121635 -0.240047 0.932178 138 136 84
-0.487781 -0.376816 1.33326 150 144 92
0.056829 -0.079986 1.01682 144 135 111
-0.135409 -0.125381 0.418534 149 142 92
-0.145045 -0.226555 0.715496 148 144 88
0.0500295 -0.0621179 0.960347 145 138 113
-0.183068 -0.244986 0.758816 149 142 90
0.0889129 -0.334735 1.26943 140 136 87
-0.259735 0.163237 0.897962 160 138 129
-0.210468 0.150698 1.04536 162 136 127
-0.139049 0.201943 0.822603 162 140 132
-0.122463 0.201633 0.982627 163 143 135
-0.195031 -0.130645 0.891784 126 88 60
-0.229287 -0.0479483 0.855911 132 78 53
-0.14291 -0.0515336 0.814407 96 50 28
-0.294003 0.124212 0.788853 144 124 109
-0.253643 0.142447 0.762373 148 126 112
-0.208801 -0.159011 0.898659 132 100 64
-0.140469 -0.0784784 0.818302 152 102 78
-0.196268 -0.0993689 0.864142 114 72 47
-0.208817 -0.163564 0.881218 131 114 72
-0.0726604 -0.0844805 0.847543 116 74 57
-0.214374 -0.194554 0.888252 149 143 92
-0.280923 -0.111398 0.865852 60 18 8
-0.060185 -0.070472 0.923138 152 110 96
-0.228086 -0.0504623 0.846095 128 75 52
-0.138131 -0.0194659 0.959678 122 68 44
-0.317721 0.118319 0.789798 154 132 118
-0.149595 -0.12365 0.978082 66 23 7
-0.295471 -0.0564485 0.700796 162 146 126
-0.218392 -0.206675 0.87638 150 144 91
-0.165809 0.0639639 0.896626 134 83 61
-0.197423 -0.0985573 0.897855 126 80 50
-0.180131 -0.14726 0.981771 142 134 95
-0.320959 0.110592 0.737962 158 99 33
-0.331378 0.140638 0.758709 118 10 10
-0.27546 -0.00405416 0.714573 153 108 45
-0.256902 0.00243683 0.742371 130 16 18
-0.175598 -0.0523931 0.834293 176 118 98
-0.231977 -0.0711563 0.85871 88 44 21
-0.279546 0.0157996 0.741963 162 143 124
0.053491 -0.189427 1.39068 107 104 59
-0.0997552 -0.0586663 0.833431 148 100 84
-0.0831199 -0.159089 0.92017 168 118 92
-0.115051 -0.0420152 0.941845 146 96 76
-0.22068 -0.200561 0.877853 150 145 92
-0.272878 0.0157946 0.722071 160 143 123
-0.160237 0.0801816 0.90458 52 20 14
-0.320813 0.0425185 0.974286 150 100 76
-0.264716 -0.18573 0.824441 170 112 92
-0.298361 0.11398 0.806617 155 132 118
-0.288039 0.0775717 0.929197 165 114 90
-0.169147 -0.135573 0.933943 138 120 88
-0.219965 -0.143316 0.884902 92 56 24
-0.282555 -0.0140844 0.718391 152 116 68
-0.286147 0.103608 0.785216 156 133 118
-0.21801 -0.144368 0.858126 76 37 12
-0.285081 0.122006 0.764348 142 120 106
-0.158291 0.0845349 0.923393 64 36 30
-0.257796 -0.110276 0.866071 158 110 88
0.0451292 -0.179458 1.3046 108 106 59
-0.0852986 -0.0582426 0.861363 90 41 23
-0.316953 0.0978642 0.777489 156 136 118
-0.221911 -0.204635 0.839264 142 130 83
0.00530697 -0.173355 0.913026 147 142 89
-0.234871 -0.0541029 0.856929 112 64 42
0.031028 -0.185809 1.3736 110 108 61
-0.217427 -0.19964 0.8847 150 145 92
-0.315778 -0.0161477 0.756371 148 126 96
-0.169996 -0.106964 0.903 100 63 26
-0.280684 -0.197654 0.842233 66 32 18
-0.298393 -0.0613051 0.695232 162 146 125
-0.099417 -0.0983234 0.86235 84 44 20
-0.07119 -0.176026 0.913587 162 108 82
-0.205484 -0.156429 0.832416 101 79 39
-0.0885661 -0.0589636 0.887915 111 62 36
-0.180185 -0.0428901 0.817161 177 116 97
-0.0995338 0.0339636 0.981039 163 111 90
-0.265999 0.00148088 0.798023 158 138 117
-0.211203 -0.00365931 0.891309 139 92 74
-0.241233 -0.0102952 0.893607 180 134 112
-0.286344 -0.12571 0.842904 53 20 12
-0.286839 0.15017 0.774272 134 111 96
-0.294302 0.142223 0.801943 138 116 100
-0.162517 0.0645334 0.876013 116 70 48
-0.31043 0.177395 0.750295 126 35 34
-0.0835633 0.047785 0.943057 146 90 67
-0.194542 -0.176129 0.849699 148 142 92
0.0890416 -0.207977 1.35289 103 102 60
-0.137704 -0.025391 0.957734 116 64 41
-0.115069 -0.152024 0.964728 169 120 88
-0.315328 0.050249 0.703984 109 94 99
-0.222717 -0.201499 0.845914 132 123 75
-0.206182 -0.0734339 0.821082 94 54 25
-0.284429 0.0233308 0.938835 185 138 117
-0.118459 -0.0551379 0.823593 126 74 59
-0.207658 -0.17216 0.898305 146 142 88
-0.145372 0.0380765 0.899522 110 62 47
0.117741 0.0705519 0.789531 160 26 27
-0.200144 -0.0510194 0.827074 174 114 95
-0.300704 0.156924 0.760352 130 11 12
-0.101798 0.0309405 0.943997 202 156 133
-0.243056 -0.0101325 0.756088 158 139 116
-0.293295 0.0650763 0.692974 86 45 50
-0.245976 -0.0320849 0.818027 160 129 104
-0.308444 0.0364476 0.687519 102 86 90
-0.25007 0.0251142 0.904926 148 100 80
-0.0942227 0.0511332 0.943297 180 128 105
-0.300038 -0.0332749 0.710747 162 146 126
-0.277142 -0.207315 0.84389 46 22 10
-0.0605259 -0.101818 0.93306 142 102 82
-0.20155 -0.166703 0.867375 143 140 88
-0.165521 -0.0127781 0.927657 134 90 74
-0.0929292 0.00564904 0.948313 171 122 102
0.11699 0.073875 0.780788 161 26 26
-0.293497 0.115345 0.748644 153 130 116
-0.0591435 -0.186527 0.887044 130 73 53
0.06485 -0.209021 1.38224 114 112 68
-0.0629814 0.0249966 0.944734 191 144 120
0.0123224 -0.0595304 0.998865 144 136 114
-0.16116 0.0366414 0.903655 136 91 76
-0.299174 -0.0209262 0.686018 162 146 127
-0.239513 -0.199008 0.81753 140 86 64
-0.226037 -0.015156 0.888969 142 94 74
-0.149191 0.0295245 0.888751 134 90 73
-0.116728 -0.0112408 0.961453 184 136 113
-0.28112 -0.00728056 0.723115 156 108 46
-0.207572 0.0905115 0.895472 50 19 10
-0.292482 -0.0013581 0.691349 144 94 36
-0.14773 0.00110698 0.936541 90 40 28
-0.295636 -0.192104 0.851453 66 34 18
-0.270952 -0.161898 0.8424 170 108 88
-0.286185 0.0160868 0.885236 163 114 88
-0.257857 0.0998402 0.88563 114 70 48
0.10049 -0.261857 1.3358 118 116 70
0.0888826 -0.222491 1.39653 108 106 63
-0.0741208 -0.161227 0.902999 166 114 88
-0.084897 -0.00478841 0.910392 176 128 108
-0.18873 -0.046599 0.804126 174 113 92
-0.117842 -0.0407859 0.82581 126 90 72
-0.257164 -0.208431 0.828839 40 22 11
-0.311848 0.102303 0.774211 156 134 119
-0.0942332 -0.168552 0.921081 118 74 40
-0.188142 -0.0852351 0.836772 118 70 40
-0.300288 -0.0459007 0.705913 162 148 126
-0.274034 0.0288859 0.828335 129 91 62
-0.303981 -0.040812 0.71943 162 146 126
-0.283147 0.0304419 0.721504 160 142 122
-0.0584901 -0.112465 0.888392 161 122 105
-0.328752 0.155078 0.76289 130 10 12
-0.16939 -0.126075 0.930729 119 80 51
0.0883152 -0.207883 1.40864 98 96 56
-0.0917396 -0.0528531 0.902327 133 82 64
-0.30964 -0.0503979 0.698769 163 148 127
0.0130286 -0.121485 0.92446 156 146 124
-0.0267129 -0.0589843 0.920104 162 124 106
-0.178667 0.0375263 0.893567 150 106 90
-0.0248788 -0.115247 0.85858 82 40 29
-0.160324 0.00754057 0.898881 143 98 82
-0.326182 0.149092 0.760554 130 10 12
0.0868131 -0.265013 1.35382 120 117 72
-0.0970334 -0.167805 0.911811 122 82 48
-0.313552 0.0578678 0.722242 124 14 14
0.0783082 -0.199431 1.38425 95 94 54
-0.230831 -0.215818 0.862655 150 144 92
-0.193906 -0.153043 0.919629 128 102 62
-0.254162 0.104996 0.866995 141 111 100
-0.288831 0.098886 0.932377 140 90 65
-0.0252351 -0.111818 0.860804 71 33 24
-0.0729361 -0.00987221 0.923614 200 153 131
-0.326522 0.147916 0.74905 86 6 9
-0.31084 -0.0164254 0.702751 164 146 128
-0.279142 -0.0661639 0.853645 81 34 20
0.0197787 -0.0904365 1.00473 147 138 114
-0.0983081 -0.16273 0.935083 170 122 90
-0.23804 0.0992956 0.88529 122 82 66
-0.287601 0.0233749 0.64968 122 14 14
-0.294495 0.165209 0.745804 131 12 16
-0.281965 -0.0500591 0.810184 159 142 122
-0.319737 0.0436223 0.699052 22 18 31
-0.0349638 -0.0326542 0.979684 161 118 101
-0.252127 0.116034 0.942065 142 114 104
0.0225594 -0.0556789 1.07696 146 136 112
0.0380393 -0.222098 1.32134 132 130 81
-0.290278 0.168929 0.781382 141 112 101
-0.325056 0.163482 0.747952 94 20 16
-0.276211 0.161783 0.770536 148 124 111
0.0311985 -0.260578 1.19274 143 140 88
-0.28565 0.035282 0.821102 126 104 78
-0.298771 -0.0590766 0.840097 160 144 122
0.0256699 -0.258726 1.25334 142 138 88
0.0522564 -0.156717 1.36511 142 134 110
-0.278977 -0.230267 0.871873 56 36 14
0.0364936 -0.256271 1.06771 144 142 90
-0.185347 -0.195775 0.99483 148 142 90
-0.0491195 0.0816444 0.874468 162 128 116
-0.104478 -0.198139 0.868644 150 138 86
-0.244651 0.0651593 0.724095 158 134 118
0.165727 -0.393011 1.17195 141 138 87
-0.303469 -0.207364 0.845684 64 30 14
-0.281038 0.0764838 0.804714 158 134 118
-0.240508 0.0749616 0.737552 156 133 117
-0.297147 0.183272 0.762414 160 133 126
-0.187671 -0.200587 1.01746 148 142 90
-0.198173 -0.197547 1.05394 148 142 90
0.0485901 -0.273305 1.14674 142 139 89
0.0361876 -0.0839492 1.10438 143 136 111
-0.152453 -0.193693 0.927098 149 143 91
-0.347788 0.231575 0.892296 163 141 130
0.0463292 -0.306358 1.20411 142 140 88
-0.249257 0.183094 0.634007 162 138 130
0.0819083 -0.357434 1.0016 145 142 91
-0.29738 0.22309 1.02139 161 138 128
-0.0823686 -0.21868 0.575141 147 141 89
-0.370354 0.284965 1.12314 160 140 132
-0.266605 0.0718651 0.909537 148 102 81
-0.215667 -0.0712627 0.855682 92 49 24
-0.188385 0.0152935 0.954616 144 102 86
-0.12758 -0.0517947 0.825066 103 56 32
-0.203 -0.151648 0.86472 130 99 71
-0.177069 -0.0526671 0.826784 157 96 75
-0.306722 0.132997 0.773975 129 61 50
-0.188023 -0.0826934 0.893326 154 100 72
-0.0450656 -0.0758001 0.897924 148 107 92
-0.126069 -0.0675531 0.910138 152 99 83
0.10439 0.0981726 0.796264 86 67 60
-0.107275 -0.111053 0.898902 158 110 81
-0.190477 -0.145961 0.781132 93 54 24
-0.27426 0.0259978 0.731146 160 142 124
-0.20733 -0.0202139 0.899183 134 90 75
-0.296292 -0.0588888 0.699189 162 146 126
-0.208808 -0.19385 0.866634 152 146 94
0.108175 0.103248 0.778976 85 66 61
-0.0989762 -0.143144 0.925574 169 120 90
-0.247403 -0.0995585 0.851915 166 120 97
-0.279504 0.0690358 0.920653 170 122 99
-0.109849 -0.119282 0.9398 170 119 88
-0.123128 0.0270574 1.08806 177 128 107
-0.273326 0.0289762 0.858265 166 118 92
-0.343833 0.13227 0.797607 124 11 11
-0.266915 0.152163 0.781766 146 124 112
-0.298757 -0.0253626 0.670376 156 132 112
-0.273155 0.131345 0.809702 143 121 107
-0.255959 0.10859 0.616748 86 18 12
-0.176506 -0.129488 0.919332 125 85 56
-0.19953 -0.00889162 0.802591 164 116 98
-0.110432 0.0135428 0.920032 178 128 102
-0.0367324 -0.20434 0.894375 94 54 37
-0.304686 0.0989522 0.719243 146 94 35
-0.303504 0.11988 0.822114 154 132 118
-0.287357 0.00263482 0.965001 185 140 116
-0.142371 0.0365864 0.918593 94 45 32
-0.324437 0.0635519 0.770617 118 19 16
-0.103889 -0.0475223 0.921121 126 77 58
-0.227938 -0.0181056 0.737479 158 140 116
-0.311927 0.0970814 0.739511 142 94 37
-0.271345 0.115766 0.690043 121 48 22
-0.206746 -0.174438 0.884452 146 142 92
-0.259628 -0.157074 0.80497 38 10 4
-0.40917 0.016508 1.208 162 113 90
-0.0685565 -0.0586756 0.962126 156 112 94
-0.0609244 -0.0936323 0.841704 170 128 112
-0.175995 -0.0293808 0.748224 99 53 28
-0.291824 0.145505 0.857422 146 124 110
-0.169805 -0.0744633 0.840357 129 76 52
-0.174145 -0.139115 0.934571 130 110 72
-0.0932429 -0.0861454 0.83783 112 64 48
-0.271 -0.0102059 0.749798 137 14 14
0.0643469 -0.170146 1.39922 137 130 102
-0.0182564 -0.109632 0.865756 70 30 19
0.10755 0.110878 0.799024 140 107 102
-0.0850743 0.0458943 0.928919 159 106 84
-0.105129 -0.103989 0.853499 96 54 36
-0.0280223 0.0302022 0.850738 164 116 93
-0.0399905 -0.0657831 0.869606 153 114 98
-0.288012 0.0246633 0.903818 162 116 88
-0.224956 -0.178826 1.3257 132 90 64
-0.216873 -0.0603047 0.839332 139 90 63
-0.0221601 -0.0925366 0.898066 84 39 23
-0.248584 -0.141385 0.806957 152 90 71
-0.180646 -0.133904 0.920039 120 78 52
-0.0461267 -0.0483076 0.918021 165 124 108
0.083542 -0.184896 1.12479 114 111 69
-0.122399 -0.0204055 0.963419 157 106 84
-0.133989 -0.129485 0.979218 120 74 48
-0.295762 -0.0248538 0.716355 161 145 124
-0.144072 0.0527094 0.882563 94 44 27
-0.270668 -0.0800412 0.871244 163 116 94
-0.239502 -0.18067 0.822126 180 122 102
0.099782 -0.21207 1.42021 100 98 57
-0.19955 -0.026797 0.75995 175 125 102
-0.131194 -0.0245865 0.947594 120 68 48
-0.267105 0.0217477 0.84378 162 116 90
-0.119217 -0.0219407 0.986895 181 133 108
-0.286729 -0.0143318 0.644228 103 20 14
-0.265348 0.156828 0.689489 119 20 21
-0.146397 0.0480236 0.755222 126 75 51
-0.0332818 -0.11243 0.906826 72 33 22
-0.257279 0.00243822 0.707411 152 98 42
-0.107785 -0.0877438 0.838144 106 66 43
-0.0397805 -0.103261 0.898868 95 54 40
0.061823 -0.178568 1.42794 106 104 64
-0.251416 0.0868574 0.906767 104 55 32
0.0772529 -0.243078 1.31745 119 118 72
-0.361546 0.066422 1.13756 168 120 100
-0.222893 -0.0173777 0.822937 182 133 112
-0.0201293 -0.0452949 0.885809 166 126 108
-0.292944 0.104118 1.04776 96 46 26
-0.172383 0.0345348 0.97752 129 83 68
0.0906457 -0.266238 1.38427 120 117 72
-0.165882 -0.10562 0.858605 108 72 38
0.0470405 -0.215889 1.26 134 132 82
-0.104472 0.0152818 0.832541 116 63 48
-0.293017 0.0191072 0.70544 123 62 19
-0.234446 0.116681 0.626303 129 10 13
0.0792469 -0.216311 1.29693 114 112 68
-0.00967982 -0.0780073 0.878156 128 89 64
-0.256174 -0.15581 0.833136 174 105 80
-0.231872 -0.212913 1.34336 138 132 82
-0.418975 0.198848 1.23375 156 134 121
-0.266556 -0.215528 1.11459 150 144 92
-0.020633 -0.0267007 0.942827 172 126 106
-0.264389 0.0260819 0.921834 172 124 102
-0.195084 0.0761527 0.906622 128 76 54
0.018637 -0.209743 1.37596 129 127 79
-0.182378 -0.159196 1.12284 100 70 36
0.0880801 -0.228318 1.39111 113 110 68
-0.262652 -0.108431 0.859944 161 112 88
-0.41984 0.196262 1.21798 154 132 118
-0.179034 0.0582132 0.652042 112 66 40
-0.119059 0.0757546 0.965154 166 114 91
-0.255174 -0.00250319 0.872002 172 126 102
-0.238908 -0.18096 1.00295 144 138 87
-0.027304 -0.0945185 0.791226 138 101 82
-0.251608 -0.0103314 0.594984 86 16 8
-0.0231574 -0.0389568 0.85796 152 113 94
-0.137864 -0.182805 1.07401 134 106 67
-0.28159 0.0192634 0.771291 160 142 122
-0.0742518 -0.160963 0.884823 165 111 82
0.0380375 -0.252293 1.44869 134 131 80
-0.023079 -0.138055 0.844706 102 56 41
-0.521686 0.234587 1.4268 149 127 114
-0.198379 -0.199326 0.849104 150 144 94
-0.0385922 -0.139142 0.880897 136 94 76
-0.143595 0.023853 0.939003 88 39 26
-0.316971 -0.162886 0.876364 53 22 10
-0.0624529 -0.138061 0.938024 160 118 99
-0.299562 0.141073 0.713736 130 10 12
-0.146625 -0.210003 1.06982 148 142 92
-0.31216 -0.0519903 0.890171 158 141 122
-0.450553 0.138401 1.20813 155 128 114
-0.399551 0.202242 1.16031 158 137 125
0.057426 -0.1832 1.13832 126 124 75
-0.138818 -0.156216 0.993982 129 106 68
-0.035254 -0.0275328 0.883588 167 126 108
0.0107095 -0.128896 1.34689 148 138 112
0.0758067 -0.151022 1.30664 140 131 107
-0.186968 0.117286 1.19528 166 130 120
0.0256911 -0.237022 1.13177 144 141 90
0.0573727 -0.238386 1.26489 136 132 82
-0.00840279 -0.125066 1.26567 154 143 120
-0.232819 -0.0403345 0.656635 161 145 124
-0.222722 0.0194854 0.687631 154 134 115
-0.217654 0.0941134 0.914769 88 48 32
-0.194563 -0.201714 0.86361 149 144 94
-0.155315 -0.272407 1.13252 106 60 42
-0.291656 -0.235128 0.875814 105 91 54
0.041024 -0.144876 1.23722 148 137 114
-0.378807 -0.0674065 0.880637 162 146 124
0.0631115 -0.31527 1.42924 141 138 88
-0.236982 -0.232502 1.04665 151 145 95
0.131286 -0.400812 1.3004 140 136 87
-0.272528 -0.270288 1.06744 150 146 94
0.139995 -0.316137 1.13751 140 138 88
-0.243579 -0.379057 1.32272 149 144 90
0.111363 -0.330579 1.243 140 138 86
0.00859044 -0.0902742 1.37936 146 136 112
0.154829 -0.400791 1.31386 140 136 86
0.0489382 -0.318454 1.09116 142 139 88
0.14476 -0.379388 1.27351 140 136 88
-0.303597 -0.243653 0.891258 149 144 90
0.142367 -0.3575 1.27962 140 138 88
-0.22203 0.168324 0.97108 163 139 132
-0.79612 0.55384 3.50386 164 139 130
-0.182272 -0.33657 0.782882 146 140 86
-0.270343 -0.00451989 0.75076 148 58 33
-0.298818 0.149466 0.774978 124 17 20
-0.0860776 -0.093893 0.877847 118 72 48
-0.266636 0.042956 0.912739 168 120 98
-0.125368 -0.0357587 0.960767 132 82 61
-0.134701 -0.0616261 0.812185 123 74 50
-0.302736 0.0187741 0.697466 111 7 10
-0.304304 -0.0272305 0.677651 143 89 74
-0.17627 0.00731637 0.913045 145 104 89
-0.0617131 -0.0842399 0.912044 148 106 90
-0.334448 0.128121 0.785825 124 14 12
-0.139356 -0.0798031 0.799526 156 110 86
-0.0669355 -0.107375 0.875787 176 133 114
-0.236672 0.00130249 0.895802 162 115 95
0.078255 -0.177165 1.35655 85 86 46
-0.181972 0.078474 0.896367 81 34 22
-0.296295 -0.0181143 0.731611 146 124 94
-0.28386 -0.0176519 0.733735 150 120 76
-0.293542 -0.0105486 0.708317 138 92 33
-0.204608 -0.0909496 0.844098 94 50 30
-0.18254 -0.138098 0.915708 122 84 53
-0.238741 -0.204004 0.824029 130 90 62
-0.133292 -0.122767 0.965142 110 66 40
-0.0124324 -0.123392 0.952613 76 36 22
-0.171253 -0.045761 0.819124 176 118 96
-0.275268 0.0210528 0.742861 162 143 124
-0.302627 0.0354637 0.709379 126 14 15
-0.19586 -0.0418193 0.823762 154 95 74
-0.25271 -0.0205157 0.763057 143 75 66
-0.228223 -0.0819213 0.846544 132 86 64
-0.322545 0.140328 0.802602 116 14 8
0.0159456 -0.129748 0.943611 126 114 77
-0.131935 0.0757261 0.921119 134 104 94
-0.222748 -0.195817 0.846199 152 112 76
-0.310877 0.0228157 0.719982 120 13 14
-0.0685913 -0.0111448 0.947414 192 148 123
-0.126911 0.063516 0.926995 88 39 20
-0.224575 0.0806769 0.891545 98 53 32
-0.276131 0.0411422 0.740983 162 140 124
-0.273293 0.118576 0.81341 143 121 108
-0.193903 0.00707805 0.883858 145 100 84
-0.272872 -0.181177 0.833146 70 34 26
-0.186467 0.0408593 0.892561 160 114 97
-0.282276 0.114648 0.86401 150 128 114
-0.191068 -0.157719 0.964137 128 122 75
-0.274407 0.114793 0.862697 148 123 110
-0.209219 -0.116644 0.835179 157 114 96
-0.117524 0.00482707 0.983759 186 138 114
-0.0335977 -0.128275 0.911376 103 61 49
-0.298928 -0.0322645 0.68169 163 147 128
-0.29311 0.0761975 0.722326 121 22 18
-0.253061 -0.0160441 0.762063 138 64 57
-0.0390744 -0.0683475 0.940738 156 118 102
-0.119494 -0.0727971 0.807049 130 80 58
-0.171233 0.0445082 0.890087 146 102 84
-0.155207 0.0217013 0.883245 144 100 85
-0.181315 -0.122056 0.932203 126 81 54
-0.187861 0.0465559 0.905972 158 112 96
0.0642167 -0.220878 1.34238 118 118 72
-0.0969609 -0.0196396 0.964482 180 134 114
-0.272075 0.0402253 0.924712 170 123 101
-0.193874 -0.159796 0.936822 132 122 74
-0.0341259 -0.108039 0.91835 74 38 28
-0.111482 0.0595097 0.886041 142 90 62
-0.144898 0.0534989 0.902816 84 37 22
0.0111091 -0.125805 0.933732 143 129 104
-0.0654191 -0.0626818 0.882883 143 95 80
-0.150251 0.0344597 0.978475 89 39 26
-0.274004 -0.0219389 0.766634 126 12 12
-0.305962 -0.0204339 0.684187 142 86 73
0.0880348 -0.253951 1.39111 119 117 73
-0.208136 0.0953051 0.923041 72 31 21
-0.285897 0.125783 0.874601 145 123 108
-0.121728 -0.181591 0.946827 144 142 90
-0.289054 0.136605 0.805336 140 118 104
-0.282713 0.0474927 0.787109 159 136 120
-0.222275 -0.19824 0.823616 86 60 38
-0.218494 -0.0147413 0.761044 172 125 102
0.098748 -0.258906 1.35796 118 116 72
0.0652161 -0.214275 1.38517 112 110 68
-0.137102 0.0189793 0.991624 145 92 73
-0.231832 0.093519 0.901259 95 52 31
-0.302245 0.0678164 0.714125 79 51 54
-0.299315 0.0100415 0.72126 132 64 27
-0.189913 -0.164284 1.01265 126 122 73
-0.0427343 -0.139708 0.918958 142 102 84
-0.196663 -0.163888 1.00974 126 122 74
-0.201838 -0.169673 0.980964 134 132 81
0.0981362 -0.257446 1.20693 130 129 82
0.111866 -0.271337 1.25801 134 131 86
-0.527208 -0.443831 1.15424 150 143 91
-0.240315 0.130253 0.844984 162 139 128
-0.256401 -0.224765 0.836372 58 36 14
0.135232 -0.426956 1.32765 140 137 85
-0.128662 -0.247142 0.940443 148 145 94
-0.256984 -0.270834 0.820082 150 144 92
-0.177103 -0.236902 0.785623 148 144 92
0.164449 -0.423159 1.27731 140 136 88
-0.393937 -0.228787 0.848051 152 144 94
-0.153149 -0.267548 0.712274 147 141 89
0.273601 -0.311955 0.895516 163 158 107
0.000778548 0.0599624 0.826889 159 138 124
0.267864 -0.0545934 0.943287 90 60 26
0.283724 -0.0692109 1.00066 158 150 130
0.378999 0.0579975 0.879462 164 144 138
0.316848 -0.0871866 0.96092 108 71 46
0.351466 0.0770051 0.909937 156 132 126
0.0844561 0.124184 0.832798 142 64 62
-0.305415 0.0361844 0.704854 93 48 53
0.0630686 0.0753442 0.781266 154 22 22
0.288611 -0.0723625 1.00764 158 151 130
-0.153466 -0.0574546 0.814308 136 80 59
0.451751 0.0418427 0.92248 129 92 74
0.345007 -0.0713887 1.0163 91 58 28
0.320788 -0.0600322 0.984187 106 82 58
0.251403 0.00274448 0.979337 134 124 93
0.00555119 0.0429185 0.974905 102 58 42
0.368858 -0.170651 0.964753 124 102 66
0.344864 -0.0669433 0.839314 174 105 78
0.32041 -0.0796167 0.840748 82 64 47
0.273981 -0.0790461 0.929718 160 150 127
0.246797 -0.246318 0.851316 162 160 110
-0.303326 0.00786991 0.694615 115 15 16
0.376133 -0.0521345 0.888932 162 91 64
0.0562678 0.0865503 0.784084 154 28 24
-0.152911 -0.0663285 0.821475 125 78 54
0.0357209 0.0340577 0.930983 119 82 58
0.313739 -0.310784 0.926975 150 116 91
-0.33899 0.119069 0.747877 135 85 44
0.354837 0.0356307 0.868686 126 84 65
0.325438 -0.0851346 0.903102 122 110 88
0.30299 0.046543 0.924489 114 86 84
-0.00806346 0.0470838 0.940703 146 109 91
-0.315217 0.130454 0.737675 127 52 24
0.415311 0.0913839 0.933449 126 112 89
0.0516609 0.10306 0.804523 154 24 24
0.383852 -0.039864 0.855932 127 100 82
0.336515 -0.130277 0.838343 80 62 43
0.381955 -0.149973 0.86456 129 101 88
0.352088 -0.143016 0.832187 75 62 47
-0.309725 -0.0180471 0.66868 140 92 92
0.148626 0.0696609 0.80217 148 25 26
-0.288666 -0.117848 0.862268 68 30 22
0.345907 -0.113018 0.856839 123 93 81
0.361456 -0.104402 0.975774 68 48 34
0.0266576 0.0616546 0.847635 162 138 125
0.361597 -0.136551 0.837061 115 84 72
-0.0372958 -0.084119 0.920608 118 78 63
0.404175 -0.175145 0.858634 140 110 100
0.370394 -0.02476 0.882162 106 80 68
0.474692 -0.0189528 0.948515 124 101 78
-0.310698 -0.081918 0.669146 160 147 128
0.279072 -0.0698948 0.933166 91 67 36
0.367469 -0.306177 0.817987 152 134 108
0.247105 0.0151052 0.949457 107 96 72
0.381953 0.00316906 0.896983 112 76 55
0.243328 -0.246946 0.839072 164 162 113
0.0602248 0.00653876 1.05689 152 138 116
0.00948527 0.0650275 0.997839 94 58 33
-0.33108 0.115259 0.753401 93 30 22
0.00953886 0.0722342 0.837562 156 136 121
0.0749946 0.0269338 0.779601 108 25 16
0.328236 -0.0758784 0.842144 125 94 80
0.0581734 0.0240183 1.06488 146 112 85
0.102592 0.0950783 0.78045 124 81 72
0.25509 0.0203562 0.966961 108 96 70
0.1148 0.077718 0.775231 87 74 58
-0.0313083 -0.23338 0.881407 76 52 30
-0.00373723 0.0218244 0.955067 121 74 62
0.270877 -0.0169724 0.956956 110 74 50
-0.183307 -0.0887191 0.852238 128 82 63
0.255162 0.0184969 0.945914 128 106 86
0.339213 -0.189023 0.761916 161 137 131
-0.306995 0.06932 0.70972 130 18 22
0.332635 -0.163812 0.772445 130 98 87
0.259494 -0.229444 0.823112 83 74 52
-0.319609 0.0463954 0.69904 70 64 74
0.353933 -0.159791 0.871023 70 64 42
0.253577 -0.282879 0.864971 163 158 108
0.00696388 0.0567084 0.958825 100 60 36
-0.0976745 -0.21738 0.933486 66 36 21
0.0486617 -0.00253478 1.04746 150 126 100
0.307482 -0.0434395 0.962769 112 84 60
0.253449 -0.025355 0.93626 145 126 100
-0.276937 0.0713938 0.760181 155 128 116
0.411127 -0.095502 0.853366 38 22 18
0.358963 -0.236035 0.779246 115 44 26
-0.0717056 -0.0817382 0.860786 152 105 84
0.0196624 0.0325409 0.952711 161 118 99
0.319936 0.057386 0.886916 185 165 158
0.258839 0.0133904 0.987425 127 114 86
0.436078 -0.0933337 0.91285 17 12 13
0.0331813 0.116195 0.849351 141 112 97
-0.284364 0.122765 0.800354 143 124 111
0.248397 -0.0169238 0.969564 144 134 106
-0.1081 -0.146746 0.982285 153 106 77
-0.00445417 0.0634256 0.828831 157 136 122
0.408961 0.0766056 0.88947 172 152 146
0.388917 -0.141873 0.858859 126 80 63
0.0756746 0.0239806 0.781564 118 26 20
0.340386 -0.176371 0.771909 156 130 122
0.353903 -0.150915 0.913571 155 153 105
-0.20477 -0.0844797 0.844883 111 68 45
-0.311547 0.124501 0.768708 145 56 36
-0.214272 -0.198029 0.858046 152 146 98
0.254955 0.0329513 0.935848 120 98 76
-0.303519 0.0290925 0.710088 128 16 16
0.39251 -0.0722981 0.870361 140 112 100
0.446355 -0.00489971 0.919461 150 124 106
0.00769362 0.0392415 0.955254 128 79 60
0.0462729 0.0240485 1.00443 146 111 82
-0.119724 0.028539 0.944098 160 110 90
0.363842 -0.254429 0.793671 122 8 10
-0.313565 -0.0113669 0.663251 124 16 18
0.423891 -0.0982526 0.858678 94 54 40
-0.239898 -0.172589 0.823641 139 86 73
-0.280408 0.0605951 0.733434 159 135 122
-0.241886 -0.14553 0.828596 170 96 74
-0.252082 -0.0874656 0.868308 175 128 106
-0.375084 0.0525202 0.660726 129 81 36
0.266749 -0.247807 0.907944 163 160 110
0.443635 -0.00715058 0.907479 143 118 97
0.155887 0.0574889 0.821904 135 27 20
0.258946 0.0594694 0.949115 86 64 40
-0.249101 0.0865323 0.906274 118 72 51
0.0472571 0.0297981 0.99977 144 106 78
0.331912 -0.308669 0.931755 128 110 98
-0.243693 -0.163493 0.8331 122 61 46
-0.261283 0.0635842 0.902171 166 120 102
-0.244931 -0.0504831 0.865194 139 94 76
0.0346707 0.0574388 0.771462 136 22 20
-0.311096 0.116539 0.779145 146 98 52
-0.226536 -0.201078 0.841455 93 65 39
-0.0599956 -0.0792321 0.88196 142 102 86
0.412475 0.0854561 0.905656 168 149 144
0.429831 -7.821e-05 0.893677 162 138 123
-0.326959 0.0715252 0.714002 116 71 76
0.357775 -0.125552 0.854116 115 86 74
0.294344 -0.17761 0.794549 156 153 106
0.310538 0.0367274 0.886379 159 132 124
0.292059 -0.144864 0.916796 153 149 106
-0.089927 -0.151253 0.927244 170 119 90
0.381643 0.022749 0.840824 96 56 38
0.12311 0.104456 0.788225 90 75 68
-0.317942 0.111553 0.772369 155 102 44
-0.138482 -0.0658303 0.814941 133 84 63
0.264078 -0.0715482 0.975836 159 151 130
0.410333 -0.150511 1.37285 128 125 90
0.0603874 0.0238686 1.04396 140 106 78
0.291903 -0.0331568 0.953362 94 64 42
0.387261 -0.325561 0.921605 132 114 86
0.399668 -0.0452141 0.873044 152 118 100
-0.305818 0.0977816 0.745447 152 98 52
0.0657108 0.138115 0.81149 172 103 104
0.0355693 0.0175306 0.800831 148 74 62
0.072355 0.0499399 0.761959 130 19 16
0.337691 -0.290359 0.798123 154 134 112
0.327696 -0.177852 0.767323 155 130 124
-0.3215 -0.0341281 0.675912 132 17 22
0.354133 -0.168196 0.777612 122 78 57
0.314308 -0.0753205 0.850449 120 104 82
0.349286 -0.152027 0.868719 124 114 83
0.0736246 0.0156794 0.798896 137 62 48
-0.182926 -0.0237917 0.874828 141 98 87
0.162141 0.0644713 0.815986 158 82 74
0.363227 -0.162598 0.777374 101 68 53
0.347814 -0.00134178 0.894043 119 92 82
0.0326586 0.03786 1.00291 158 117 96
0.327372 -0.0264255 0.887564 116 90 77
0.291288 -0.195888 0.796736 138 112 100
0.350418 -0.0881094 0.837647 104 74 58
0.325714 -0.176244 0.758884 157 132 126
-0.201452 -0.15133 0.880698 136 108 76
0.463077 -0.00987995 0.939964 138 112 91
0.31775 -0.0675164 0.857043 109 84 64
0.30991 -0.10581 0.845711 144 138 106
0.441501 0.0427464 0.902054 138 104 90
0.396725 -0.109148 0.855569 86 38 28
0.392399 -0.181255 1.4825 112 113 72
0.338951 -0.301129 0.831026 148 130 104
-0.324298 0.11348 0.747934 120 50 16
0.354325 -0.143929 0.847456 64 56 40
0.342804 -0.225271 0.740329 114 68 38
0.0345227 0.124984 0.855867 138 110 96
0.323491 -0.0813448 0.862825 89 69 47
0.115405 0.0896904 0.772886 114 98 92
0.0351719 0.122104 0.858373 140 112 96
-0.137019 -0.132365 0.989626 122 77 49
-0.285471 0.157785 0.758488 134 16 19
0.316359 -0.0470206 0.875964 102 78 62
-0.264297 -0.0956078 0.862796 144 89 70
-0.257199 -0.0784535 0.865077 168 121 98
0.295192 -0.136705 0.940845 148 146 100
-0.238056 -0.138064 0.842511 70 30 20
0.328396 0.0710751 0.927431 160 136 126
0.40839 -0.119595 0.865596 158 66 42
0.280969 -0.0190285 0.940264 89 59 28
0.259179 0.0218089 0.9421 126 105 85
-0.0608561 0.0272389 0.931368 192 146 124
0.388137 -0.328031 0.814246 128 102 66
0.310338 0.0172584 0.884705 141 104 88
0.0741904 0.109079 0.78826 92 72 66
-0.189177 -0.0968429 0.876722 134 92 76
0.303597 -0.166825 0.788994 154 151 103
0.0363905 0.127386 0.838024 134 104 93
0.108441 0.113783 0.804204 146 55 53
-0.0946874 -0.229167 0.918388 52 22 12
0.106675 0.0505555 0.779095 135 28 23
0.0348827 0.0248004 0.989027 150 113 88
0.1577 0.0742764 0.840483 146 24 22
0.0734283 0.00580741 0.794538 168 152 134
-0.0508244 0.0466181 0.916312 170 122 101
-0.0305975 0.0612769 0.922435 142 91 70
-0.197998 0.0245394 0.906446 142 96 80
0.197067 -0.204464 1.36578 107 107 69
-0.187137 -0.121634 0.885793 136 96 71
-0.313021 0.12043 0.76079 143 62 30
0.250755 -0.258682 0.869589 164 160 112
-0.0233645 0.0361375 0.916997 156 114 98
0.375085 -0.0627338 0.852296 142 102 86
0.250938 -0.0411102 0.983818 153 143 117
-0.331243 0.0778132 0.710493 128 18 20
-0.122515 -0.0355097 0.946874 112 64 43
0.349752 0.0111443 0.899961 134 106 94
0.272095 -0.0172008 0.941429 118 90 62
-0.0919653 -0.119541 0.917524 189 142 116
0.257244 -0.250817 0.810965 101 72 49
0.365394 -0.0624685 0.843201 92 54 38
0.268854 -0.0289602 0.949376 111 68 39
-0.329434 0.0525215 0.704789 20 18 34
0.320973 -0.0623646 0.87091 102 79 56
0.370241 -0.261523 0.816519 120 7 9
-0.119958 -0.099816 0.881152 107 72 35
0.377563 -0.124225 0.847294 106 68 54
0.251627 0.05301 0.951826 106 87 65
0.326496 -0.0629513 0.857561 118 90 76
0.37019 -0.176472 0.776478 130 100 88
0.389843 -0.154516 1.38576 123 122 86
-0.298852 -0.0331252 0.671144 154 128 114
0.0953932 0.113783 0.828574 139 113 108
-0.277274 0.00665907 0.715153 154 110 56
-0.0474483 0.0644747 0.907705 126 74 50
0.354304 -0.165645 1.43404 92 94 58
-0.315466 -0.0140663 0.669522 120 16 20
0.291551 -0.222945 0.762808 107 69 46
0.260182 0.0261618 0.945796 123 101 80
0.370019 0.0421017 0.881656 156 116 102
0.34779 -0.123848 0.884203 148 140 110
0.334373 0.0218653 0.851591 93 54 31
0.0304117 0.0319803 0.967219 153 112 90
0.374857 -0.149044 0.795305 82 32 21
0.260582 -0.296324 0.878739 161 158 106
-0.197829 -0.0442116 0.828523 136 88 69
-0.335841 0.0923532 0.728068 131 20 20
0.411109 -0.0633621 0.865985 32 10 10
-0.263189 -0.0207683 0.754595 124 12 12
-0.342292 0.0716416 0.700354 128 16 21
0.354593 -0.0704505 0.852087 166 98 70
-0.266888 0.109617 0.821029 148 126 112
0.363863 -0.0931481 0.859053 102 72 58
-0.0459904 0.0458471 0.933868 168 120 100
-0.13842 0.0656088 0.91919 84 38 22
0.414848 -0.14714 0.832772 133 108 82
-0.313708 -0.0196066 0.663804 142 78 80
0.344423 -0.286497 0.823693 148 120 95
0.348923 -0.136927 0.865423 86 69 52
0.249474 0.0273604 1.013 133 122 94
0.0479634 0.116008 0.808167 154 24 24
0.0987893 0.088962 0.759356 129 112 100
0.108037 0.0238656 0.821827 112 40 28
-0.0202455 -0.236043 0.900483 43 23 10
-0.270237 0.154138 0.782834 144 121 112
0.235871 -0.0137863 1.09911 153 142 119
0.0733639 0.12942 0.821303 140 30 30
0.345689 -0.238357 0.779269 114 28 20
-0.323151 0.0867292 0.720576 76 23 33
0.348673 0.0548001 0.881178 159 136 130
-0.247162 -0.0693218 0.865429 152 107 88
0.393996 -0.104801 0.868281 15 9 8
0.340527 -0.0583032 0.942075 100 90 64
0.327567 -0.259419 0.772418 116 9 9
0.325327 -0.173166 1.38512 96 98 60
0.352782 -0.162321 0.771261 137 106 94
-0.325572 0.0586985 0.688767 18 14 32
0.334566 0.0137542 0.902022 96 56 36
-0.321534 -0.0369259 0.676035 132 18 22
0.30855 -0.180102 0.777 102 70 51
0.312851 0.0202853 0.875959 147 110 97
-0.259717 0.0982422 0.829257 152 126 115
0.466991 -0.00562113 0.923108 132 110 90
0.338685 -0.14939 0.752406 146 126 118
0.0688732 0.0939482 0.784312 104 90 84
0.101886 0.106597 0.795021 147 25 22
0.332876 -0.10007 1.10821 162 154 134
0.325322 -0.0475952 0.856346 118 90 78
-0.321755 0.102583 0.735494 126 42 18
0.254194 -0.25509 0.804743 88 56 32
-0.27217 -0.0118107 0.726336 146 102 43
0.249596 -0.253955 0.867826 164 160 110
0.416593 0.0094643 0.884464 138 106 91
0.28863 -0.240123 0.803008 138 111 98
0.34937 -0.124867 0.871518 112 83 70
0.343334 -0.150611 0.904007 157 154 106
0.157188 0.0644079 0.816797 140 25 24
0.412187 -0.115172 0.880017 84 28 16
0.241515 -0.277477 0.866418 158 154 106
0.0964784 0.0384222 0.786615 128 28 23
-0.243704 0.131723 0.802913 160 138 130
-0.300077 0.116899 0.773955 150 132 120
0.371276 0.0101612 0.874455 119 80 60
0.475135 -0.0131345 0.961735 126 98 77
0.0963365 0.04215 0.786249 130 26 22
0.329968 -0.0935617 0.884883 161 150 128
0.295572 -0.174518 0.785528 155 152 106
0.450579 0.00767953 0.933747 148 124 108
-0.309745 0.088416 0.733764 128 18 20
-0.0662876 -0.029791 0.936508 184 138 116
0.383487 -0.130752 0.854823 106 50 40
0.327092 -0.276733 0.831143 152 135 115
-0.319527 0.0714523 0.729197 96 50 56
0.326082 -0.233993 0.782832 106 16 12
0.0393512 0.0868862 0.844144 108 50 44
-0.0445698 0.0155377 0.942751 177 130 114
0.347466 -0.326398 0.945831 144 126 114
0.288506 -0.065222 0.925301 152 122 102
0.0283286 0.0527053 0.922919 112 76 44
0.318107 -0.198778 1.32238 122 122 80
0.258686 0.0522186 0.986208 122 105 86
0.347655 -0.0900135 0.839265 112 80 64
0.249864 -0.0656028 0.946259 157 149 127
-0.239858 0.119281 0.829194 155 132 122
-0.0676241 -0.00410735 0.933946 174 120 98
0.489509 0.00358777 0.964183 136 102 86
0.321869 -0.162936 0.778743 125 94 83
-0.0547404 0.0494754 0.938693 180 130 107
-0.265801 -0.0922834 0.867386 132 78 58
0.342944 -0.164113 0.778654 136 104 92
0.38039 -0.173 1.41339 112 113 74
-0.320826 -0.0392078 0.67282 132 16 21
0.256709 -0.301312 0.896592 157 154 105
0.360077 -0.267277 0.799829 122 8 8
0.353574 -0.284971 0.811647 120 34 24
-0.322825 0.158159 0.763924 71 3 4
0.385866 -0.162645 1.0203 109 52 30
0.324445 -0.0905561 0.845334 118 89 76
-0.271352 0.00104304 0.721085 160 116 60
-0.25843 0.136045 0.774681 147 126 118
0.333146 -0.230909 0.761017 113 36 26
0.253128 -0.0583361 0.97131 158 148 126
0.256618 0.0493231 0.988711 123 107 88
0.241488 -0.255644 0.860672 162 159 110
-0.276314 0.156887 0.77213 140 114 108
0.327618 -0.26683 0.783467 111 10 8
0.293279 -0.0248584 0.949113 108 78 58
0.462581 -0.171486 1.42465 146 144 98
0.379256 -0.31117 0.80208 105 32 15
0.294772 -0.246879 0.791785 119 75 48
-0.262708 -0.036618 0.777359 166 121 98
0.348414 -0.243606 0.773086 120 7 8
-0.234289 0.0322646 0.883216 143 97 82
-0.342397 -0.0509194 0.677481 124 12 16
-0.341937 0.0207338 0.691789 112 8 11
-0.315309 0.0329476 0.692183 116 91 95
0.154208 0.0771577 0.808087 151 25 26
-0.259035 0.0994978 0.871736 130 88 66
-0.160711 0.0254454 0.904024 146 102 90
0.434617 -0.142343 0.868637 110 66 46
0.253477 0.0413016 1.00251 131 118 92
0.0868456 0.105797 0.812694 48 38 34
0.325924 -0.216296 0.74781 132 100 86
-0.0460534 0.0369056 0.930023 171 122 100
0.243955 -0.068286 0.970302 158 150 128
0.0972172 0.0363824 0.808434 72 18 8
-0.253445 0.106789 0.831973 146 120 111
0.348786 -0.259612 0.782993 122 8 8
-0.162357 -0.0203203 0.900199 144 98 84
-0.280212 -0.0197586 0.736488 156 136 110
0.238368 -0.252766 0.860347 162 160 110
0.414474 -0.103398 0.885777 15 9 6
0.479702 -0.355682 0.930094 118 26 16
0.339 -0.157713 1.40393 108 106 73
-0.277966 0.11516 0.819962 146 125 113
0.369295 -0.162924 0.780275 71 42 28
-0.318089 0.0628329 0.700584 72 66 78
0.296329 0.0104089 0.898226 143 112 100
-0.28309 0.0909239 0.859782 122 80 62
-0.194838 -0.0047518 0.896916 140 96 84
0.400971 -0.363262 0.845178 156 154 102
-0.278839 0.152976 0.763677 139 115 106
0.342971 -0.242605 0.78632 116 9 10
0.0624823 -0.00955192 0.962607 151 140 120
-0.29903 0.0765644 0.741436 89 58 61
0.132602 0.041753 0.812499 134 26 20
0.102778 0.0416736 0.785642 135 26 24
0.211555 -0.0860362 1.29533 146 138 118
-0.26429 0.119873 0.780975 144 124 114
0.0833054 -0.0105688 1.01344 152 140 120
-0.101858 -0.219587 0.917545 37 18 11
0.103035 0.0374551 0.786379 134 27 22
0.0136361 0.107573 0.822855 148 122 108
0.316579 -0.246689 0.778547 110 6 8
0.513688 -0.218259 1.49604 164 162 112
0.113899 0.0393372 0.763579 134 26 20
-0.244478 0.134548 0.935765 148 125 116
-0.0891954 -0.495484 1.23861 153 150 100
0.0142562 0.111788 0.825878 146 120 108
-0.243392 0.118133 0.863054 146 122 113
-0.258932 0.114403 0.785041 146 126 114
-0.260032 0.108283 0.879226 150 122 114
-0.0894219 -0.503136 1.24015 156 152 102
0.267364 -0.255978 0.94462 161 158 108
-0.259033 0.12829 0.911809 146 121 112
0.267244 -0.315403 1.20827 144 142 95
-0.341515 -0.0882915 0.662671 36 42 64
0.354793 -0.336384 0.902856 158 156 106
0.0673142 0.215235 0.852499 162 138 134
0.196999 0.00522378 0.94335 142 130 104
0.339239 -0.332592 1.3414 148 146 98
0.204938 -0.345183 1.39779 144 142 95
0.0306391 0.217478 0.886026 164 140 136
0.23005 -0.0722102 1.18404 154 144 122
0.300477 -0.429504 1.37364 142 140 92
0.317041 -0.361347 1.22213 146 144 95
0.370367 -0.364159 1.42768 146 144 96
-0.174276 -0.282931 1.43547 152 148 99
0.298531 0.123814 0.85954 158 139 132
-0.0896765 -0.499033 1.27794 154 150 102
0.108164 -0.0314114 1.0769 150 140 120
0.137125 -0.321843 1.26697 150 148 101
0.0661404 0.247384 0.918857 164 141 136
0.340211 -0.354056 1.31673 146 144 96
0.286647 -0.335689 1.28424 142 140 92
-0.209753 -0.257199 0.958235 149 146 96
0.437348 -0.199445 1.30505 164 162 114
0.551278 -0.425359 0.972031 156 152 103
-0.159625 -0.303682 1.33537 154 150 100
0.236983 0.0939422 0.911552 148 130 119
0.0386576 0.224058 0.860867 163 140 136
0.185813 -0.073989 1.24369 145 137 116
0.211032 -0.119986 1.12078 144 136 118
0.259243 -0.464183 1.30372 152 150 102
0.216318 -0.0425861 1.15443 154 144 124
0.250102 -0.0822663 1.19557 156 146 124
0.274828 -0.150092 1.38778 139 132 112
0.221244 -0.405831 1.30234 142 140 91
0.226291 -0.0623002 1.18707 154 144 124
0.22921 -0.345921 0.865154 160 156 104
0.215491 -0.47168 1.38592 154 150 102
0.267149 -0.284104 1.00264 152 150 102
0.322753 -0.363255 1.35684 144 142 93
0.180502 -0.442943 1.2715 154 150 103
-0.0299251 -0.340411 1.01578 156 152 102
0.316944 -0.392855 1.18209 148 146 97
-0.0964903 -0.304912 1.04649 156 154 104
0.471634 0.210725 0.946213 160 142 132
0.297531 -0.0405509 0.946164 127 95 72
-0.338653 0.1415 0.765452 76 8 10
-0.130303 -0.0593189 0.819358 120 72 48
0.368658 -0.318519 0.813207 148 130 98
0.440208 -0.179089 0.915119 158 135 126
0.26263 -0.304373 0.892226 157 154 100
-0.331277 -0.038791 0.67435 139 18 20
0.0623747 0.0234345 0.775002 126 38 24
0.349339 -0.0282623 0.875948 86 64 53
0.309341 -0.0193079 0.918233 130 110 93
-0.300298 0.0688265 0.72815 75 53 60
0.32159 -0.0570261 0.881037 106 89 62
0.0483829 0.123808 0.827977 154 26 26
0.362961 -0.0224397 0.896789 140 111 96
0.361973 -0.162013 0.952188 119 98 59
0.324587 -0.0431305 0.917326 96 76 50
0.347039 -0.132634 0.832749 102 86 72
-0.315175 0.131652 0.778979 138 46 21
0.288933 -0.298075 0.905409 140 110 64
-0.28872 0.103729 0.77389 158 138 126
-0.156371 0.0806659 0.908201 71 30 20
-0.0773322 -0.236047 0.890508 180 120 98
0.093675 0.0931665 0.77902 152 24 26
-0.0734039 -0.250381 0.909689 72 43 29
0.259687 -0.123109 0.910819 140 138 90
0.307458 -0.136377 0.91304 116 88 69
-0.3073 0.138805 0.770532 132 12 14
0.260224 0.0176379 0.908331 156 130 115
0.443644 -0.114733 0.858738 144 76 44
0.359841 -0.195749 0.761478 162 138 128
0.0118526 0.0321132 0.945853 166 118 96
-0.205899 -0.191112 0.874998 150 147 94
0.0897455 0.08923 0.78603 156 72 70
0.309269 -0.0345816 0.925264 102 65 44
0.349451 -0.172618 0.832338 133 104 90
-0.329803 0.138718 0.75078 69 6 8
0.0507102 0.0742379 0.781844 162 24 24
0.373277 0.0220088 0.875191 92 50 28
-0.0822618 -0.0754498 0.864666 154 104 90
-0.0343765 -0.19766 0.896474 44 20 12
-0.32213 0.106945 0.740342 126 60 14
-0.338055 0.0533207 0.702509 60 46 52
0.39656 -0.182642 0.878806 140 110 99
-0.20701 -0.0180427 0.898068 138 92 76
-0.0182556 -0.131375 0.912931 51 16 10
0.389728 -0.00318497 0.890165 163 130 111
0.252212 -0.0266613 0.989732 152 142 116
-0.06699 -0.238639 0.895346 113 66 47
-0.0224989 -0.0889152 0.926097 80 34 24
-0.279668 0.0964862 0.795936 161 139 126
0.129507 0.120736 0.812006 129 35 33
0.0144972 0.0369602 0.962356 163 114 92
-0.311075 0.130833 0.762553 152 82 34
0.0743676 0.0661095 0.770003 138 17 16
0.374472 -0.134388 0.849052 108 53 42
-0.22069 0.0283443 0.903962 141 93 76
0.365844 -0.308231 0.83526 158 139 110
0.309233 -0.175002 0.920424 165 162 114
-0.267208 0.152276 0.784499 147 126 115
0.275962 0.0514683 0.888306 83 71 64
0.260581 0.059262 0.894867 121 99 80
0.0417003 0.0216778 0.775077 136 32 24
-0.187506 0.0493852 0.895476 158 110 94
-0.366847 0.04319 0.671004 156 106 46
0.389177 -0.0929763 0.856954 16 12 12
0.315944 0.0278907 0.887954 166 138 130
0.0289938 0.0904833 0.82569 140 80 66
-0.037406 0.0146412 0.931195 177 132 116
0.373997 -0.321542 0.828143 156 138 108
0.0347145 0.0526506 0.768601 143 24 22
-0.278521 0.145701 0.760121 138 118 106
0.262985 0.0295283 0.939957 115 92 75
-0.336257 0.0884837 0.729013 130 19 23
-0.260759 0.122799 0.83364 148 126 116
0.360857 -0.327445 0.831155 159 154 104
0.266641 0.060073 0.948043 80 50 26
0.128956 0.0384652 0.781228 138 30 24
-0.29896 0.141326 0.76709 136 14 18
0.240182 -0.011347 0.891706 142 118 96
0.29503 -0.0184043 0.937964 94 58 32
-0.34981 0.0278022 0.675866 129 15 20
-0.321385 0.0774529 0.738938 114 34 39
0.351646 0.0296458 0.869663 146 100 80
0.055016 0.0545959 0.77921 137 24 19
-0.295815 0.142896 0.797445 139 118 106
-0.333915 0.12139 0.746405 126 78 70
0.325087 -0.230795 0.758902 106 62 32
-0.320016 0.00145474 0.68705 117 9 12
0.381629 -0.101198 0.870545 59 36 24
-0.334445 0.153718 0.749441 132 12 16
-0.202599 0.0328791 0.91507 148 100 84
-0.200565 0.0179036 0.9071 145 98 81
0.275884 -0.230544 0.790827 149 124 109
0.0375595 -0.010162 1.00873 148 121 92
-0.285113 0.160909 0.770653 132 18 22
0.36367 -0.301184 0.824994 144 96 71
0.326989 -0.29423 0.842092 158 140 114
0.0346423 0.0290251 0.772688 137 28 21
0.0404263 0.0882324 0.774247 157 27 28
-0.0787926 -0.21947 0.893913 179 120 94
0.320145 -0.228723 0.768741 111 64 35
0.0349772 0.0596341 0.800202 144 27 24
0.247591 -0.0130053 0.997205 144 135 106
-0.299917 0.0945263 0.778154 166 137 126
0.241357 0.0405952 0.987498 138 123 98
0.347519 -0.107911 0.932918 62 77 55
-0.31547 0.176906 0.771899 99 14 17
-0.0213405 0.0157573 0.933485 160 122 104
0.339061 -0.0780589 0.910828 124 111 82
0.0373058 0.0779614 0.810258 124 83 74
0.0619353 0.0598379 0.781332 152 25 24
0.36969 0.110256 0.932765 124 84 72
0.367757 -0.127474 0.845048 127 96 82
-0.300718 -0.0531484 0.685798 160 148 127
0.0747681 0.0993643 0.783027 51 30 22
0.426433 0.013678 0.908084 144 110 93
0.332043 -0.182603 0.924216 106 52 24
-0.166394 -0.14969 0.952108 126 124 76
-0.108972 -0.0883058 0.823619 150 106 88
-0.347146 0.135405 0.756651 122 16 12
0.323896 -0.187523 0.887607 130 81 47
0.343493 -0.156015 1.37392 137 131 106
0.24235 0.0539846 0.933921 124 106 86
-0.306262 0.15385 0.747427 133 14 16
-0.313267 0.15816 0.749378 84 4 8
-0.343359 0.149763 0.763033 128 44 13
0.278328 -0.0164956 0.926566 92 58 28
0.122299 0.0423117 0.770345 138 28 22
0.323635 -0.0563417 0.943392 94 72 43
0.480517 -0.163636 0.947244 106 49 38
-0.337803 0.0834977 0.702288 80 48 56
0.377952 -0.113492 0.847904 14 8 8
0.0852187 0.0429307 0.793727 130 24 19
0.426501 0.00878402 0.907942 150 114 95
0.403755 -0.26435 0.809282 121 10 8
0.118937 0.0287699 0.830991 136 29 22
-0.300761 0.167502 0.752667 136 14 16
-0.303997 0.162976 0.759296 136 13 15
-0.343181 0.0833724 0.718503 114 36 41
0.474781 -0.147344 0.949228 147 80 60
-0.159462 -0.00264651 0.907301 149 104 90
-0.317634 0.158922 0.744642 112 13 17
0.469049 0.00822174 0.949652 138 106 91
-0.131852 -0.20286 0.959374 152 150 98
0.316133 -0.0109303 0.910708 136 115 98
-0.231236 -0.216171 0.836505 145 137 88
0.0889249 0.000633975 0.812035 164 150 130
0.148621 0.159131 0.875083 156 130 123
-0.368429 -0.00152705 0.674233 164 142 125
-0.215619 -0.223798 0.849459 150 146 93
-0.133004 -0.217203 0.984601 154 150 98
0.452289 -0.0624284 0.894125 171 139 120
-0.234668 -0.217006 0.764742 150 145 94
0.07822 0.21707 0.867478 166 142 138
0.241517 -0.0295326 1.10539 156 145 122
0.343586 0.109265 0.988661 152 126 116
-0.0245275 0.0830118 0.885018 160 134 122
0.278149 -0.307554 1.2671 142 140 92
0.191167 -0.410493 1.22253 146 142 94
0.238236 -0.0600586 1.08908 154 145 121
-0.388797 0.112246 0.710456 157 135 120
0.119162 -0.292711 0.794234 148 145 94
0.134174 -0.0866082 1.18138 147 139 116
0.296881 0.152178 0.943975 164 144 137
0.088857 -0.0350978 1.11398 150 140 118
-0.096707 -0.483035 1.21866 154 150 100
0.0804613 -0.0390838 1.14867 150 142 118
-0.0966645 -0.268274 0.901523 154 151 102
0.206497 -0.254599 0.866817 148 145 94
0.40276 -0.359689 0.815513 132 84 46
-0.269628 0.217379 0.813885 164 142 136
0.151597 -0.356603 1.23825 144 142 92
0.423819 -0.34287 0.825421 116 70 39
0.207762 -0.283853 0.890529 146 144 90
-0.0474721 -0.315253 0.888022 154 150 98
-0.0157205 0.151051 0.875567 166 142 134
0.203639 -0.263353 0.884078 146 144 92
-0.284827 -0.554396 1.30166 152 146 94
-0.264084 0.148705 0.782561 146 126 114
-0.186898 -0.087232 0.864464 164 116 90
-0.332815 0.121011 0.752366 97 16 12
0.293775 -0.2061 0.770169 154 126 118
-0.240859 -0.122127 0.86384 136 88 65
-0.328151 0.140953 0.76681 110 34 16
-0.297144 0.0193877 0.701829 108 6 8
-0.0871779 0.0542098 0.952425 161 108 86
-0.306076 0.00329528 0.686991 106 14 12
-0.176058 0.0770516 0.907159 78 34 20
0.361068 0.0384812 0.8868 131 89 68
-0.2457 -0.207313 0.824708 44 26 12
-0.0639854 0.0499146 0.944486 192 142 116
-0.191048 -0.058173 0.838551 172 113 90
0.046944 0.0894908 0.789415 154 80 76
0.386357 -0.070056 0.854332 104 80 72
-0.197562 -0.100917 0.859431 138 98 80
-0.362261 0.0428258 0.673337 128 56 27
-0.290004 0.157539 0.770748 128 41 38
-0.303102 0.0220434 0.705118 118 12 12
0.264734 -0.0414139 0.970934 136 109 82
-0.122755 0.0702009 0.93629 134 84 60
0.288169 -0.188209 0.794346 94 51 24
-0.258443 -0.0875033 0.870107 169 122 99
-0.296715 0.0850416 0.768457 143 81 70
-0.333566 0.0279175 0.6872 122 16 18
0.352772 -0.304175 0.819805 155 137 108
-0.113988 0.044048 0.943543 176 124 100
-0.325208 0.0315568 0.69929 93 46 51
-0.288563 -0.0212092 0.703603 158 142 121
0.256249 -0.241315 0.864314 150 148 98
-0.126052 0.0470483 0.939912 117 64 44
-0.172227 0.0259164 0.891541 154 113 100
-0.307038 -0.0670421 0.676795 162 148 126
-0.102189 0.0526736 0.942326 184 134 110
-0.138396 0.0167317 0.952695 95 44 30
-0.310257 -0.0702413 0.667594 161 148 127
-0.35759 0.043818 0.68814 131 44 22
-0.336673 0.0972406 0.735959 128 18 16
-0.28967 -0.124685 0.861696 66 29 20
-0.225646 -0.0297711 0.801691 177 131 108
-0.261955 -0.00561955 0.722369 158 92 50
-0.248131 -0.156661 0.830037 171 102 78
-0.0730105 0.0407812 0.939326 166 114 92
-0.295181 0.162341 0.762643 132 14 16
-0.0447722 0.0645156 0.927679 132 81 56
-0.186874 0.0612869 0.897097 130 81 59
-0.0322342 0.065917 0.912154 112 63 36
-0.326951 0.030148 0.696438 104 36 37
-0.309213 0.0433846 0.710608 72 15 26
-0.291798 -0.0378796 0.666484 161 146 126
-0.310472 -0.0284498 0.673913 139 82 79
-0.328821 0.0266669 0.701581 122 16 18
-0.0820732 0.0236637 0.933897 165 114 94
0.0604786 0.0828008 0.783516 136 66 64
-0.130858 -0.000813954 0.955339 120 68 50
-0.28851 0.0292805 0.71225 142 82 72
0.374554 -0.214044 0.761565 139 115 106
-0.294405 -0.0102347 0.70476 134 92 30
-0.241046 0.0856986 0.900307 102 54 34
-0.0966483 -0.0412717 0.93407 178 129 105
-0.295671 0.0111514 0.708393 134 52 28
0.344121 -0.276101 0.824958 118 11 8
-0.302023 -0.000479307 0.69396 105 15 13
-0.340939 0.0170095 0.711425 116 8 12
-0.130368 0.0142744 0.949603 124 71 51
-0.0782933 -0.0432808 0.934965 169 122 102
-0.254831 -0.135145 0.84232 86 42 28
-0.0400366 0.0192616 0.950437 176 130 112
-0.0724692 -0.022153 0.940322 190 146 123
-0.0940611 -0.0683526 0.841351 136 86 70
-0.316941 0.0401421 0.699877 22 18 32
-0.286696 0.0121162 0.717813 146 102 46
-0.297647 -0.0426106 0.673179 158 146 126
-0.160284 0.00454245 0.910328 146 100 86
-0.153332 0.0241412 0.91741 138 92 78
0.354293 -0.215075 0.750505 168 142 132
-0.307606 0.177466 0.760639 110 22 22
-0.160288 0.0113296 0.91086 145 100 86
0.293424 -0.268026 0.819438 125 97 73
-0.219105 -0.0207506 0.785848 175 128 104
-0.0172409 0.00279341 0.958678 138 96 76
-0.294166 0.17225 0.77208 124 19 20
-0.186063 0.0927127 0.906127 98 50 31
-0.167038 -0.186227 0.91741 151 146 96
-0.262753 0.17762 0.800942 164 141 132
0.401657 -0.384871 0.831998 154 149 96
-0.235545 0.17087 0.81366 162 141 132
0.125043 0.195019 0.817989 164 139 134
-0.171266 -0.317183 0.835938 149 144 94
0.348303 -0.728124 1.64699 150 146 94
-0.131221 -0.0371575 0.937396 87 38 24
-0.0799881 -0.172238 0.92998 128 76 46
0.254968 -0.26181 0.862757 152 147 96
-0.283511 -0.184377 0.846441 50 18 10
-0.30677 0.030176 0.691393 104 40 40
-0.304129 -0.0665558 0.682475 164 148 126
0.0531742 0.0308201 0.76914 24 12 4
-0.333637 0.0979059 0.724138 126 18 16
-0.12413 0.00551156 0.953062 152 101 80
-0.310669 -0.0672164 0.671966 162 148 125
0.359001 -0.335675 0.816424 154 149 95
-0.308707 -0.0651644 0.683911 164 150 128
-0.312961 0.0983496 0.761164 146 92 60
-0.253976 -0.0110413 0.748549 136 18 20
-0.298603 0.0578007 0.723642 126 20 20
-0.181369 -0.0151177 0.884174 144 104 92
-0.122299 -0.0766844 0.80598 149 99 77
-0.334712 0.0386247 0.685462 104 42 41
0.0559167 0.131504 0.826988 147 36 34
-0.272038 -0.0778531 0.867331 114 68 54
-0.259644 0.146073 0.798573 152 131 122
-0.193669 -0.121528 0.885184 134 95 70
-0.138298 0.0131153 0.942671 88 38 24
0.255355 0.0629493 0.946809 122 102 83
-0.335311 0.0392975 0.698225 82 30 33
-0.131269 0.0321847 0.944419 114 62 46
-0.313439 0.0847286 0.724643 116 15 17
0.216496 -0.210723 1.35408 107 106 67
0.300552 -0.205974 0.772999 152 126 116
0.394788 -0.163723 0.893676 146 117 106
0.293495 -0.0261525 0.937986 134 99 80
0.367372 -0.341246 0.812797 154 148 96
0.113667 0.0604934 0.781113 148 28 24
-0.244121 -0.00953725 0.746578 138 55 46
-0.301318 -0.112423 0.860558 36 10 6
-0.304484 -0.00113126 0.683233 95 12 10
-0.26024 -0.0760911 0.865065 156 108 86
-0.234443 0.0566083 0.891182 129 78 60
-0.319383 -0.0930178 0.656977 162 150 129
-0.195154 -0.0111025 0.894136 142 100 90
0.0674968 0.0491303 0.767605 130 25 22
-0.249724 -0.016534 0.752682 134 40 35
-0.345278 -0.0442596 0.673614 136 14 16
-0.178283 -0.0454442 0.836235 174 115 96
-0.00998301 0.0210316 0.957027 135 92 74
-0.124428 0.0155154 0.951756 155 104 82
-0.297209 -0.148131 0.845771 73 38 24
-0.304966 -0.160385 0.840302 86 48 32
-0.276777 0.139039 0.783362 140 120 107
-0.291048 -0.0230779 0.682234 159 144 124
-0.228126 0.0276561 0.896199 141 94 76
-0.271512 -0.0289625 0.744773 158 141 118
-0.300811 -0.00525567 0.688406 86 14 8
0.266156 -0.218047 0.790548 102 94 74
-0.0677883 0.0474255 0.942372 182 132 109
-0.0918779 -0.0298519 0.937572 178 132 107
0.100741 0.0339331 0.807805 126 32 23
-0.226769 -0.160484 0.839598 150 94 75
-0.363359 0.00556415 0.703385 126 12 14
-0.178239 -0.00328305 0.895663 146 106 92
-0.289191 0.159888 0.766878 123 26 24
-0.0792462 0.0086345 0.947706 186 139 118
-0.283003 0.037182 0.719984 130 104 76
0.0232259 0.0895574 0.828451 151 96 84
-0.244358 -0.10619 0.864968 158 114 90
-0.0579016 -0.0224745 0.935494 179 134 112
0.0248073 0.125939 0.844454 150 70 65
-0.072134 0.00279651 0.945238 186 137 114
0.0489855 0.157542 0.833839 102 67 59
-0.0345346 -0.0305422 0.94239 158 116 102
-0.363576 0.124537 0.740732 159 106 47
-0.00361017 -0.339816 0.974586 151 148 98
-0.382252 0.132194 0.735528 160 131 114
0.261178 -0.363714 0.75677 152 148 96
0.171754 -0.407466 0.989265 149 144 93
-0.0780453 0.151585 0.810231 166 146 136
-0.160079 0.200838 0.991806 165 146 138
0.404668 -0.0268097 0.900004 154 114 94
-0.322496 0.0807002 0.727461 74 16 22
-0.325787 -0.0887708 0.659217 96 94 96
-0.373292 0.0374551 0.66174 170 116 52
-0.172287 0.00363611 0.896368 146 104 88
-0.233854 -0.0276511 0.766322 170 138 114
-0.214377 -0.156203 0.866867 125 93 60
-0.339473 -0.0389083 0.680527 136 14 16
-0.231038 -0.20041 0.842121 94 62 46
-0.209826 -0.1142 0.859484 154 112 94
-0.252831 -0.0842746 0.861717 172 126 104
-0.290319 0.0915016 0.763594 158 138 124
-0.338217 0.0220442 0.682089 122 13 16
-0.152509 0.0397625 0.911482 134 86 74
-0.324383 -0.0592872 0.665697 120 22 16
-0.374377 0.0429924 0.665076 152 100 38
-0.254323 -0.0055322 0.745939 141 16 22
-0.0685882 -0.0619602 0.884383 121 75 52
-0.209516 0.0231019 0.897882 143 95 78
-0.253304 -0.0267366 0.76384 156 112 92
-0.27238 -0.184468 0.862216 113 72 58
-0.28823 0.0454253 0.726471 162 130 115
-0.301505 -0.0174434 0.691152 163 144 122
-0.330653 -0.0745805 0.660734 93 86 96
-0.381839 0.0295699 0.662545 160 106 36
-0.162273 0.0830354 0.919177 62 24 18
-0.169807 0.0462862 0.907122 148 104 88
-0.064823 -0.0577182 0.887083 144 96 76
0.0833115 0.117488 0.830239 148 72 70
-0.368569 0.0554169 0.723563 124 54 36
-0.0993824 0.00554845 0.945662 196 150 127
0.105504 0.124658 0.824109 151 23 23
-0.168711 -0.0502115 0.836362 182 124 106
0.0566846 0.0365936 0.77483 24 9 5
-0.0635801 -0.00234907 0.944702 191 144 120
-0.392279 0.0506879 0.66635 150 102 44
-0.304004 -0.0551571 0.679645 164 148 126
-0.312304 -0.0146064 0.674489 122 13 14
-0.00300315 0.0329647 0.953476 110 66 47
-0.281376 0.0232182 0.720572 153 116 92
-0.397219 0.0541323 0.663272 141 60 31
-0.324323 -0.0439914 0.666108 133 16 17
-0.273143 0.138667 0.764924 141 120 106
0.0239257 0.0949483 0.83895 156 126 114
-0.24288 -0.0872463 0.882463 162 115 92
-0.0139148 0.0514782 0.949545 153 113 96
-0.294824 -0.124168 0.85461 77 36 21
-0.137534 0.0917767 0.922986 142 112 104
-0.344829 -0.016902 0.643358 123 20 28
-0.290893 -0.202788 0.848189 112 72 52
-0.295563 -0.154332 0.86293 65 32 18
-0.150491 0.00555516 0.93057 130 84 69
-0.315292 0.179844 0.743717 122 24 26
-0.29443 -0.0786609 0.857942 140 88 69
-0.35055 -0.0552386 0.662322 132 17 16
-0.405608 0.0416678 0.645473 127 12 10
0.0801863 0.207449 0.842218 166 139 134
-0.354431 -0.0766824 0.613266 164 149 128
-0.382689 -0.0611721 0.675482 162 148 127
-0.381643 -0.0645283 0.647593 162 147 127
-0.103278 0.115529 0.975189 166 140 130
-0.0100716 -0.344024 0.971427 153 150 99
0.11001 0.103944 0.793279 129 112 104
0.393361 -0.0263375 0.896633 136 110 94
-0.334433 -0.0252614 0.663332 128 7 12
0.280864 -0.124818 0.899416 131 106 80
-0.134288 -0.120843 0.985161 83 42 20
0.34481 -0.148127 0.87939 152 150 99
-0.236628 -0.0602443 0.851955 138 91 74
-0.261675 0.0849252 0.897391 109 61 32
0.00574345 0.0659769 0.828998 160 138 122
-0.277587 0.071741 0.89987 184 135 112
-0.37563 0.0312316 0.655557 158 104 36
-0.315427 0.0292407 0.699391 91 55 56
-0.213429 -0.0703181 0.841056 114 72 52
0.311368 -0.0481217 0.966899 117 84 62
-0.200983 -0.163981 0.847054 148 142 94
-0.344728 0.0106904 0.683819 110 4 8
-0.189791 -0.0557826 0.826909 174 114 96
0.37119 -0.172704 0.771068 134 96 79
0.353593 -0.188385 0.75812 138 114 102
-0.34297 0.135333 0.763111 132 64 57
-0.226769 -0.1849 0.84815 156 101 78
0.333701 -0.181863 0.774228 164 138 130
0.314929 -0.149046 0.926744 139 99 78
0.415406 0.0896858 0.916866 172 150 145
-0.266086 -0.126518 0.846545 53 14 8
-0.344123 -0.0517397 0.669859 136 12 14
-0.144712 -0.134506 0.992843 93 52 24
-0.311973 -0.0898697 0.662255 164 150 128
0.387448 0.0105417 0.887769 130 90 70
-0.0730832 0.0178589 0.934928 162 107 86
0.427383 0.0077975 0.917029 140 107 91
0.456072 0.0794471 0.953235 175 152 146
0.0802732 0.0491021 0.772638 138 24 21
-0.102111 0.0406699 0.927801 187 139 116
0.302964 -0.223317 0.760075 90 42 19
0.32348 -0.224594 0.754389 110 67 40
0.30301 -0.187476 0.779786 108 68 44
0.342419 -0.139537 0.894333 155 153 103
-0.323385 -0.0374144 0.672128 128 16 20
0.381137 -0.194846 0.776371 140 120 108
0.328994 -0.207061 1.32909 129 128 83
-0.109579 -0.0845785 0.818181 144 98 79
0.0421358 0.0175901 0.77667 136 32 22
0.063047 0.0481713 0.76332 127 25 20
-0.256175 -0.00383032 0.721599 138 26 15
0.0942495 0.11844 0.823839 158 24 24
-0.386143 0.0251463 0.667284 167 126 71
-0.281096 0.107741 0.791392 154 134 120
0.302398 -0.196155 0.791338 158 132 122
0.307661 -0.163158 0.916235 159 154 108
-0.320594 -0.0945555 0.668314 162 148 128
0.0761455 0.0510064 0.760225 140 22 20
-0.324681 0.00640314 0.687029 104 8 10
0.0659661 0.108578 0.805342 138 118 111
-0.258821 0.13662 0.801012 147 126 116
0.38028 -0.23957 0.785731 122 76 46
0.0652692 0.102786 0.794431 117 100 92
-0.285413 -0.0303985 0.760591 158 143 121
-0.375431 0.0426291 0.654694 146 94 38
-0.283751 -0.129462 0.864443 56 21 13
-0.223197 -0.122233 0.854064 162 115 94
0.368467 -0.252777 0.787784 128 6 8
-0.327248 -0.000507015 0.676712 113 15 22
-0.302097 -0.0407358 0.671811 130 57 46
0.42855 0.0199706 0.919297 146 114 98
-0.313578 0.0175465 0.679018 128 14 18
-0.334257 0.0485547 0.705988 67 60 68
-0.238115 -0.180818 0.819277 154 100 79
-0.317299 -0.0758623 0.661261 162 149 130
0.248792 -0.0787087 0.9468 160 150 128
-0.261127 0.136018 0.798332 145 125 115
-0.283707 0.00886848 0.725918 150 108 55
0.314694 0.0591435 0.907863 168 142 132
0.387286 0.0409803 0.867652 126 82 60
-0.303576 0.118018 0.779239 153 127 114
0.321636 -0.219321 0.760942 150 119 106
0.295589 -0.0951641 0.913823 106 68 44
-0.178786 -0.0815978 0.857845 136 85 56
-0.342687 -0.0307076 0.66422 138 10 12
-0.322631 0.0473517 0.694383 20 18 31
0.0669912 0.00489929 0.792402 162 147 127
-0.3177 -0.0194426 0.661789 120 16 18
0.370784 -0.240231 0.778761 134 84 58
-0.383977 0.0311145 0.656644 158 105 36
-0.0793361 0.0492219 0.949791 155 102 81
0.36356 -0.010913 0.8985 102 74 52
0.0984497 0.11837 0.830369 156 26 24
0.273864 0.0533493 0.913648 98 94 78
0.0693156 0.048223 0.763273 132 22 18
-0.268594 -0.0179478 0.754541 133 42 24
-0.166639 -0.0295273 0.870719 142 100 85
0.385694 -0.254719 0.797759 122 7 8
0.294904 -0.21154 0.802141 150 124 110
0.0385982 0.0394743 0.788453 134 25 19
0.0456929 0.0952726 0.79673 156 28 24
0.307201 -0.0248799 0.914656 122 98 82
0.110974 0.112225 0.794054 146 26 26
-0.0805674 -0.195308 0.917325 172 107 84
0.45776 0.0161869 0.940184 144 114 98
-0.075232 0.0501685 0.948059 151 96 74
-0.321275 0.0284685 0.693253 104 40 42
0.129735 0.0744432 0.784989 154 23 22
0.365578 -0.247355 0.781278 126 6 8
-0.307416 -0.000744356 0.67525 99 10 10
-0.316652 -0.000318764 0.68164 112 10 12
-0.0116433 0.0268041 0.947151 144 106 86
0.0390209 0.094501 0.792931 154 24 24
-0.18888 -0.044563 0.823284 168 108 89
-0.315842 0.182533 0.758123 124 40 41
0.12677 0.0694302 0.781321 154 22 23
0.304293 -0.208254 0.745501 128 84 66
-0.311954 -0.0414149 0.673195 123 15 14
-0.229558 -0.0722421 0.845686 149 103 84
-0.176559 0.000555225 0.897561 149 110 96
0.095767 0.0721708 0.767681 89 86 73
-0.288399 0.0156228 0.710174 131 77 30
0.0568471 0.0548206 0.763934 140 23 20
0.096072 0.109579 0.808502 155 26 25
-0.153553 0.0820877 0.909786 71 30 21
-0.330206 0.0592522 0.7098 20 18 30
-0.254386 0.0912916 0.891919 125 78 54
0.361753 -0.179307 0.767512 148 125 112
0.35527 -0.255339 0.803227 120 6 8
-0.186509 0.00758152 0.888038 152 108 96
-0.371942 0.0156183 0.658865 153 118 82
-0.280216 0.00164876 0.710319 152 110 56
-0.271952 0.101718 0.832106 158 135 122
0.0389896 0.0904112 0.792613 156 27 26
-0.303024 -0.199812 0.8634 93 54 33
0.114323 0.012753 0.991209 168 152 135
0.243352 -0.0209809 1.01257 151 141 116
0.0442955 0.0578063 0.76391 156 27 24
-0.309874 -0.18096 0.862304 82 46 29
-0.190511 -0.170946 0.847401 148 144 92
-0.33708 -0.0541276 0.677988 129 12 14
0.283203 0.078831 0.919403 110 73 52
0.355889 0.114929 0.930892 156 130 122
0.206083 -0.0275885 1.02884 155 144 122
-0.281155 0.150738 0.767739 138 110 99
-0.357104 -0.087699 0.626864 163 148 128
0.233133 -0.028427 1.0085 154 144 119
-0.241063 -0.2273 0.831799 150 147 95
-0.338518 -0.197717 0.84904 152 146 97
0.213528 -0.08096 1.1209 153 144 122
-0.306977 -0.204204 0.854694 75 42 22
0.120073 -0.00993365 1.04011 162 149 130
0.331754 0.141805 0.948367 164 144 138
-0.125375 -0.14793 0.42011 154 148 98
-0.177014 -0.194526 0.861498 152 148 96
-0.610247 -0.467312 1.40834 150 143 92
-0.181398 -0.196265 0.869178 152 147 96
0.202373 -0.0621481 1.0631 154 144 120
-0.123004 -0.15082 0.428898 154 149 100
-0.124152 -0.144355 0.416547 152 148 98
-0.0523076 0.0938439 0.871081 164 137 126
-0.448961 0.0210474 0.778223 164 146 127
-0.403109 -0.0627343 0.718898 164 148 128
-0.41438 0.114448 0.709454 162 140 125
-0.191931 -0.266196 0.864211 152 148 97
0.382893 0.231555 1.01441 160 141 132
0.466732 -0.318042 0.851123 159 154 104
-0.122973 -0.336225 0.953797 152 147 96
-0.462442 -0.357123 0.839939 150 144 92
-0.380596 0.0286279 0.670886 163 112 44
-0.375348 0.0306734 0.660446 167 115 46
0.294436 -0.31041 0.914896 133 100 68
0.0503386 0.0216817 0.788018 132 31 20
-0.220835 -0.168323 0.82765 167 110 90
0.277401 0.00806636 0.934996 160 134 120
0.314344 -0.0328243 0.889591 121 96 76
-0.230707 -0.049455 0.858342 134 88 68
-0.376063 0.0506593 0.670713 152 100 36
-0.298428 -0.0247944 0.670055 152 114 96
0.365527 0.0605939 0.875154 161 142 136
-0.309289 0.128216 0.773375 128 35 28
-0.395769 0.0475184 0.655653 146 84 37
-0.317847 0.106794 0.744417 154 92 29
0.375496 -0.0973692 0.849273 17 12 12
-0.331347 0.0231928 0.672963 124 12 16
-0.306771 -0.0814351 0.669533 160 148 128
0.410657 0.0892377 0.909478 156 142 135
-0.222088 -0.188942 0.840613 158 106 78
-0.239299 -0.0509978 0.861 134 88 70
-0.0935085 -0.20668 0.916968 174 108 84
-0.322225 0.132208 0.757707 122 29 14
0.274195 -0.0787607 0.940157 160 150 130
0.0316605 0.0694557 0.79535 128 58 52
0.0632124 0.131228 0.82766 148 27 27
0.0797619 0.108908 0.804311 132 61 60
-0.376877 0.04375 0.670386 164 112 42
0.00864428 0.0635729 0.822269 157 136 122
0.0426296 0.0185877 0.784514 136 30 22
-0.275802 0.0395261 0.731883 118 88 62
0.376284 -0.110146 0.851564 44 31 26
-0.290305 0.121619 0.780324 142 122 110
-0.292377 0.106879 0.771982 156 138 126
-0.308618 0.0285915 0.697288 114 32 33
-0.191317 -0.0893112 0.862226 128 88 73
0.295619 0.0783675 0.944042 142 112 100
0.0568613 0.0311162 0.778791 52 18 12
0.0472501 0.0407815 0.769848 116 24 16
0.410518 -0.122631 0.857368 131 60 38
-0.112065 0.02994 0.993418 175 124 102
-0.153241 0.0356226 0.889139 140 95 80
0.42476 0.0263661 0.876456 93 54 32
-0.0902892 -0.201079 0.909484 172 109 84
-0.39847 0.0372017 0.650366 128 46 24
0.354838 0.096156 0.915998 168 146 140
-0.139397 -0.0755301 0.820897 156 108 86
-0.115074 0.0417011 0.972174 174 123 102
-0.389252 0.0335033 0.664793 156 106 38
0.0277428 0.0630228 0.841825 162 136 122
-0.306779 0.151803 0.76703 136 12 16
-0.391146 0.0409235 0.656932 160 110 48
-0.317287 0.0816674 0.743835 124 17 20
-0.281387 0.0746945 0.92805 175 126 102
-0.389 0.0593292 0.665266 156 124 95
0.285195 0.0535773 0.929026 86 61 56
-0.210471 0.0825982 0.909813 108 59 36
-0.0366657 -0.104046 0.910369 141 102 86
-0.335978 0.0947319 0.727424 130 19 22
-0.309218 0.013373 0.689961 124 14 16
0.333783 0.0565104 0.895314 178 152 146
0.0404279 0.0780057 0.783836 141 28 26
0.328763 -0.22392 1.34972 128 128 85
0.103513 0.0184096 0.828908 151 91 75
-0.386549 0.0481465 0.658919 152 106 52
-0.255745 0.0483086 0.89335 165 120 100
0.42691 -0.123151 0.856215 79 41 24
-0.339078 0.038397 0.664002 128 15 20
0.125189 0.0575993 0.791987 147 26 22
-0.331083 0.0210353 0.672237 122 12 14
-0.33167 0.0384552 0.673442 118 23 28
-0.277264 0.048816 0.786481 96 58 24
0.363095 -0.0425392 0.871121 150 98 75
0.447249 -0.295837 0.85516 18 16 12
0.0628039 0.138759 0.818786 120 54 54
0.0358211 -0.0134737 1.01219 146 119 93
-0.0123381 0.0023765 0.948437 125 80 63
-0.254387 -0.154392 0.827172 151 89 70
-0.329508 -0.0812493 0.654334 23 29 69
-0.328423 -0.0833562 0.659835 28 30 58
0.268576 -0.222841 0.939543 160 158 108
-0.0567644 -0.138227 0.882402 168 122 102
0.331143 -0.0688041 0.860382 125 98 81
-0.286275 -0.0332118 0.676483 157 143 124
0.0191372 0.0761226 0.827825 124 100 88
0.29524 -0.151552 0.907296 136 110 76
0.0443205 0.107116 0.817899 152 26 24
-0.23655 0.135204 0.816866 162 138 132
-0.249542 -0.0440775 0.830594 113 66 48
0.350944 0.126807 0.925132 165 144 136
0.116465 0.055284 0.78644 144 26 22
0.276226 -0.0102339 0.932991 131 104 83
-0.0760323 0.000419578 0.939167 173 124 106
0.0931058 0.0581516 0.767973 114 20 16
-0.34114 -0.0544874 0.675393 78 14 36
0.288679 -0.181039 1.37404 90 92 54
0.219264 -0.244792 1.31441 121 119 74
0.0289298 0.102376 0.828086 150 120 103
0.356163 -0.182542 1.35676 122 123 83
0.308626 -0.277737 0.842344 158 139 116
0.351142 -0.309038 0.853953 158 140 110
0.0309515 -0.0111023 1.00813 148 116 90
-0.353101 0.0689403 0.711019 128 14 18
0.239513 -0.404851 1.28944 140 138 88
-0.311586 0.170782 0.769825 134 14 18
0.240899 0.0296608 1.01617 136 123 97
-0.362591 0.0720918 0.690422 148 34 34
0.306645 -0.156701 1.3416 112 111 78
0.343024 0.116582 0.907885 163 138 132
0.508235 -0.0266462 0.971032 128 99 81
0.277825 -0.42777 1.22807 148 144 94
0.21926 -0.428592 1.29852 144 142 92
0.210682 -0.415106 1.29035 142 139 90
0.294585 -0.345994 0.907199 160 156 106
0.270702 -0.426678 1.22206 150 146 96
0.283409 -0.172221 1.31672 90 92 56
0.234654 0.0937069 0.925475 150 131 120
0.222776 -0.399944 1.22811 143 140 90
0.306094 -0.35429 0.925635 158 155 104
0.257367 -0.380617 1.23706 142 139 92
-0.0472448 -0.296139 0.921103 152 150 100
-0.0399815 -0.324679 0.983774 152 149 99
0.2032 -0.0866485 1.20552 148 140 116
0.357428 0.134727 0.889945 158 138 132
0.302123 0.145758 0.950473 165 146 138
0.332069 0.0691264 0.881635 168 139 133
0.101214 0.0784152 0.779324 85 51 37
-0.281459 0.0762599 0.752473 160 138 123
-0.29965 0.0678593 0.726997 118 24 27
0.281104 -0.307162 0.899344 156 146 110
-0.198407 -0.17131 0.861349 142 138 89
0.0689719 0.0481315 0.767535 124 25 22
0.367748 0.0322862 0.879554 97 54 30
-0.081804 -0.0915424 0.863767 118 72 48
0.390972 -0.0509825 0.877117 139 112 99
0.107776 0.0649442 0.769351 122 16 14
-0.130519 0.0619814 0.93656 83 33 18
-0.259311 -0.113578 0.857731 129 75 51
0.345932 -0.0579797 0.870203 150 98 76
0.28607 -0.250034 0.817763 114 80 56
-0.254346 -0.099205 0.860492 168 119 96
-0.102158 0.0342973 0.935374 188 142 120
0.283881 -0.171429 0.799498 146 135 88
-0.2184 0.00594859 0.902356 140 93 77
-0.274682 0.0379712 0.736107 126 100 74
-0.27586 0.0265098 0.732272 138 104 84
-0.286012 0.0473305 0.730737 158 138 123
-0.356513 0.0103172 0.70712 117 11 15
-0.072741 -0.155183 0.917392 168 120 96
0.387762 -0.0923384 0.853723 12 8 12
-0.168536 0.0875845 0.917043 79 38 26
-0.287373 -0.0086254 0.703735 136 94 36
-0.252248 -0.0290946 0.760904 162 131 108
-0.197955 -0.0421941 0.82879 151 95 79
-0.278628 -0.144426 0.854911 38 14 8
0.123177 0.0773018 0.780527 144 26 23
-0.35633 0.00679959 0.706644 118 14 18
-0.33521 0.0293587 0.685344 121 17 18
0.314335 -0.304364 0.866979 140 121 106
-0.256507 -0.216802 0.828678 60 38 21
-0.315382 0.0302725 0.696573 113 24 28
0.282641 -0.205355 0.787677 150 125 113
0.286844 -0.113038 0.911049 143 114 92
-0.218838 0.019951 0.910493 142 95 79
-0.245768 -0.0881434 0.864004 170 125 103
-0.239977 -0.0446751 0.853174 133 87 70
0.460193 -0.285571 0.865257 19 16 10
-0.304481 -0.0457902 0.672574 142 86 74
-0.33286 0.0578789 0.713511 22 16 32
-0.317088 0.162484 0.760599 116 6 8
-0.204212 -0.0414744 0.824265 112 62 40
-0.203988 -0.0376575 0.835061 136 82 62
0.433656 -0.25606 0.820798 20 11 7
0.403935 -0.281428 0.806619 60 13 11
-0.0420832 0.0663083 0.914348 115 64 40
-0.210133 0.0108604 0.895299 140 92 76
-0.295266 0.158994 0.757081 132 12 14
0.0286644 0.187131 0.81947 162 137 133
0.207662 -0.36547 1.0069 143 140 92
0.344002 -0.346347 0.830004 154 150 98
-0.172766 0.103592 0.916127 122 82 70
0.221885 -0.311992 0.887833 144 142 92
-0.496875 -0.204662 0.846761 148 142 93
-0.275736 -0.495393 1.01646 148 142 92
-0.145058 0.0991535 0.891204 156 129 122
0.169629 -0.346405 1.00137 142 139 89
-0.0767403 -0.502079 1.22055 150 146 96
-0.463735 -0.618435 1.26467 150 145 94
-0.300206 -0.506207 1.02459 150 144 94
-0.064899 -0.498004 1.20886 150 146 97
-0.279864 -0.485391 1.0154 148 144 92
-0.205411 -0.263157 0.822375 148 143 92
-0.301177 0.0356776 0.707346 125 15 16
0.0622858 0.0337793 0.784915 86 22 11
-0.337024 0.0220042 0.67654 112 10 12
-0.265996 0.151493 0.784636 148 125 116
-0.200274 -0.141909 0.880289 129 96 69
-0.287109 0.0682317 0.734977 162 138 123
-0.113777 0.028406 0.948433 180 130 108
0.28497 -0.0677684 0.928578 140 111 90
-0.188374 0.0379176 0.891154 150 105 88
-0.244954 -0.14253 0.843311 111 58 40
-0.254998 -0.143823 0.829632 159 96 74
-0.269545 0.145602 0.783543 143 121 110
-0.145397 0.0830094 0.915334 98 65 57
-0.240315 -0.120671 0.855781 134 84 64
-0.176903 0.00469708 0.893898 145 104 91
-0.317786 0.108487 0.758805 144 92 35
0.0469405 0.0658856 0.782458 148 22 19
-0.288512 -0.00834985 0.69511 136 94 34
-0.326509 -0.079991 0.662875 96 90 98
-0.316004 -0.0354154 0.676484 121 16 14
-0.346887 0.0151341 0.690856 108 8 8
-0.290345 -0.0278644 0.706611 160 144 126
-0.303381 0.134081 0.787432 137 115 102
-0.131622 0.0282705 0.942635 118 66 50
0.0864403 0.0924044 0.785002 140 76 71
-0.101391 0.0276697 0.944888 194 148 127
-0.272443 0.132546 0.784273 141 120 108
-0.326497 0.0850946 0.719092 110 33 36
-0.261354 0.149347 0.7905 151 128 117
-0.252235 0.136098 0.799044 151 128 118
-0.29554 0.0775904 0.744628 136 86 79
-0.30218 -0.0390097 0.66166 119 29 23
-0.150936 0.0819627 0.915479 70 37 28
-0.279508 -0.0591214 0.866932 60 23 12
-0.309999 -0.0685795 0.674966 161 146 126
0.0976197 0.0813862 0.777405 82 50 38
-0.111132 0.00159196 0.946446 175 126 102
-0.323266 -0.0724881 0.674203 162 147 130
-0.203227 0.0105547 0.896679 142 94 78
-0.23139 -0.000923697 0.770523 167 130 110
-0.125963 0.0716157 0.934629 94 44 26
-0.329422 0.0439113 0.701079 52 44 56
0.304559 -0.259502 0.811366 136 74 62
-0.14526 0.0105543 0.930548 102 52 40
0.162477 -0.271042 1.36456 128 126 80
0.328349 -0.294816 0.834076 152 134 106
-0.166811 -0.0120775 0.904381 141 98 84
-0.324519 -0.0456644 0.677554 118 14 10
-0.260693 -0.149001 0.830098 103 58 43
-0.305487 0.153486 0.762484 133 12 14
-0.283444 0.0527103 0.735858 158 137 121
-0.604359 -0.501565 1.25359 150 142 92
0.0350359 0.15757 0.83443 108 76 70
-0.00609583 0.0963896 0.817494 155 128 116
-0.62369 -0.462368 1.3252 149 142 92
-0.576569 -0.450747 1.29275 150 143 92
-0.293208 -0.580711 1.26503 148 144 92
-0.388978 -0.477703 0.935643 150 144 94
-0.248693 -0.580427 1.23661 148 144 94
-0.239184 -0.51972 1.03417 149 144 94
0.0882465 0.206459 0.847923 163 136 132
-0.479946 -0.464295 0.863202 151 144 92
-0.230664 -0.528497 1.03442 151 145 95
-0.695406 -1.06986 2.64298 148 143 93
-0.509742 -0.29391 0.870189 150 143 94
-0.463737 -0.440985 0.803449 150 143 92
-0.517179 -0.496223 0.913363 151 142 90
-0.087313 -0.642905 1.30809 150 146 97
-0.224698 0.0389493 0.890876 135 86 69
-0.0798292 -0.0877935 0.862894 134 88 64
-0.243886 -0.0369395 0.766434 164 133 110
-0.271548 -0.0546211 0.888336 89 54 44
-0.389069 0.0249463 0.65084 162 141 122
-0.295718 -0.103478 0.872841 77 36 24
-0.33163 -0.0623358 0.676406 86 44 44
-0.181461 -0.0163076 0.883905 142 102 91
-0.255043 -0.0880441 0.866841 170 123 100
-0.297706 -0.188697 0.854958 61 30 13
-0.0979118 -0.0387594 0.935938 174 124 104
-0.307363 0.148179 0.771429 131 11 14
-0.277153 0.0649277 0.742424 160 136 122
-0.241721 -0.00679032 0.755879 144 92 76
-0.0041812 0.0378411 0.95907 118 74 59
-0.130749 0.040347 0.94061 99 46 31
-0.211747 0.0476904 0.904767 136 86 70
-0.298813 0.0489672 0.717262 128 14 15
-0.209168 -0.0205598 0.890594 118 71 50
-0.0376581 0.028699 0.939835 166 120 102
0.0625876 0.0509501 0.764099 125 24 20
-0.199172 -0.178101 0.875647 145 140 92
-0.277641 0.129471 0.773627 140 119 105
-0.216857 0.00773473 0.890261 142 95 79
-0.362681 0.0487584 0.67587 144 66 31
-0.246882 0.128785 0.813125 151 130 120
-0.246409 -0.100045 0.868723 164 118 96
-0.186017 -0.0933354 0.8514 114 71 47
-0.160112 0.0130982 0.904819 144 100 86
-0.223976 0.0180703 0.887239 144 97 81
-0.278243 0.128259 0.791239 140 121 108
-0.2642 -0.0290544 0.760356 166 132 110
-0.286897 0.00449909 0.706255 148 104 44
-0.30994 -0.0596708 0.682152 160 145 125
0.419384 -0.14417 0.911673 134 92 76
-0.231703 -0.0289155 0.790671 176 135 112
-0.288375 0.0180509 0.716207 145 98 42
-0.187602 -0.000241496 0.896613 148 110 100
-0.351993 -0.0407792 0.676231 140 14 16
-0.304786 -0.0595713 0.682626 160 144 126
-0.282967 0.0275804 0.715804 130 102 76
0.182065 -0.291751 1.35078 139 137 90
-0.352838 -0.0345037 0.678078 142 14 18
-0.326056 0.159287 0.749434 108 13 16
-0.328177 -0.199647 0.789279 150 144 96
-0.323749 -0.195837 0.810908 148 142 95
-0.226541 0.157411 0.799947 162 140 132
-0.351917 -0.0952377 0.656158 149 138 122
-0.344221 -0.189286 0.751203 148 142 93
-0.0623324 -0.54538 1.16138 150 146 96
-0.2389 -0.565168 1.22168 148 144 92
-0.236754 -0.558391 1.17978 150 145 92
-0.294116 -0.227872 0.807692 150 144 95
-0.442333 -0.190601 0.677997 151 146 98
-0.363986 -0.2094 0.658171 150 145 97
-0.311314 -0.239446 0.588305 150 144 96
-0.463106 -0.538826 1.23025 150 144 92
-0.409614 -0.213215 0.739482 149 142 93
-0.49218 -0.591493 1.34973 150 144 94
-0.0591618 -0.525542 1.14505 152 146 96
-0.445394 -0.203901 0.67964 150 145 94
-0.44661 -0.223195 0.761668 148 142 94
-0.445162 -0.399208 0.785195 151 144 94
-0.469279 -0.643993 1.68073 148 142 92
-0.924177 -2.26377 5.94072 150 145 96
-0.102058 -0.301581 0.911828 152 147 96
-0.0882639 -0.533993 1.21842 150 146 95
-0.477086 -0.625848 1.73606 146 142 92
-0.433863 -0.531765 1.21276 150 144 93
-0.42782 -0.402981 0.784549 152 146 94
0.0533386 0.0800638 0.771035 156 56 52
0.0626801 0.0831397 0.769249 129 68 62
-0.371975 0.0374178 0.659735 169 116 48
0.427343 -0.0925968 0.858529 124 64 44
-0.148456 -0.12291 0.97326 83 44 26
-0.124715 -0.140272 0.98934 140 95 71
-0.284951 0.116614 0.788416 142 121 110
0.0148669 0.0475839 0.941928 122 76 50
-0.345281 0.13216 0.761226 127 66 38
-0.287358 -0.131534 0.867002 60 26 16
-0.306192 -0.0777586 0.662998 161 146 127
0.0120012 0.0527455 0.955286 116 72 47
-0.219124 -0.0443394 0.845972 120 72 52
-0.240686 -0.153385 0.82778 170 96 70
-0.00276717 0.0707057 0.823078 133 110 96
-0.167407 -0.133964 0.951044 130 104 78
-0.292635 0.035412 0.705911 128 16 18
0.381067 -0.0439442 0.889073 164 125 104
0.463293 -0.295935 0.870088 20 20 15
-0.204228 -0.150309 0.863177 127 97 66
-0.260389 -0.102547 0.864611 164 115 92
-0.126096 -0.0899936 0.811553 140 94 64
-0.298335 0.0333215 0.713867 124 16 17
-0.343703 -0.044587 0.668746 138 15 18
-0.324367 -0.0614267 0.675547 118 40 26
0.0586402 0.112384 0.807848 152 27 28
0.246341 -0.00921906 0.997931 140 130 102
0.281963 -0.185573 0.81366 163 160 113
-0.299476 0.0845977 0.742555 112 29 30
-0.320245 -0.0271604 0.655586 129 17 22
0.425789 -0.129467 0.876345 148 84 58
0.372042 -0.0915369 0.842122 10 8 9
0.341623 -0.167402 0.920915 126 89 58
-0.279302 -0.182792 0.827535 100 59 40
-0.226069 0.0668129 0.898212 117 67 50
-0.306512 0.0453848 0.697408 44 38 48
-0.315211 -0.0938757 0.664497 162 148 130
-0.146872 0.0680198 0.914528 101 58 40
0.398821 -0.0168279 0.896551 88 65 56
-0.321677 -0.0339742 0.658872 130 18 22
-0.311062 -0.0912724 0.671667 162 148 128
-0.102592 -0.129888 0.928048 173 124 96
-0.2905 0.0113716 0.701065 122 22 16
-0.258948 -0.191093 0.817936 64 34 26
0.158288 0.0738342 0.820272 108 43 34
0.339833 -0.101905 0.858143 131 104 88
0.402107 -0.11173 0.841609 142 76 50
-0.354859 0.0186845 0.683693 108 9 14
-0.18423 -0.0653558 0.832492 138 84 62
-0.315462 -0.08837 0.657872 162 147 127
0.374506 0.0112992 0.891239 126 90 72
-0.305497 0.136821 0.764066 122 12 9
-0.184026 -0.00676166 0.898155 148 111 102
-0.272677 0.0154982 0.715215 150 116 94
-0.0761931 -0.158134 0.912735 173 122 97
0.29161 -0.176029 0.931414 161 158 108
-0.0898621 0.0548085 0.95699 182 132 108
-0.321722 0.0331621 0.692538 75 18 24
0.398211 -0.0837649 0.854692 60 46 50
-0.239813 0.0703143 0.893518 129 81 64
0.340135 0.0927921 0.921585 176 150 145
0.407642 -0.246763 0.800209 109 44 30
-0.305383 0.0137744 0.695055 124 14 14
-0.2621 -0.0624194 0.870315 69 30 23
-0.0942101 -0.221458 0.91255 133 82 63
0.341102 0.038847 0.87088 164 133 122
-0.344524 0.00501795 0.702998 66 17 40
0.326998 -0.07057 0.916825 116 106 77
-0.330392 -0.0371852 0.663547 136 16 20
-0.336655 0.0165728 0.691144 110 8 12
-0.327464 0.0640523 0.716411 62 54 65
-0.209486 -0.0105446 0.891494 137 90 75
0.288915 -0.148939 0.937303 150 148 100
0.252418 -0.0276136 0.950268 149 139 114
-0.321419 0.14641 0.756301 120 10 13
-0.301686 0.168698 0.756634 132 14 18
-0.297651 0.0653131 0.731365 118 27 30
0.339838 0.0230561 0.865602 116 72 50
0.412587 -0.172687 0.785969 137 108 92
-0.051667 0.0671808 0.92286 130 78 54
0.0335888 0.0928315 0.84625 126 52 44
0.324524 -0.0560546 0.892481 108 92 64
-0.26404 -0.0548651 0.884662 61 20 5
-0.328022 0.0886711 0.717218 122 20 21
-0.337547 -0.0372829 0.668581 138 14 18
0.106023 0.0474233 0.763494 138 26 20
-0.346722 0.0301352 0.673303 124 14 17
-0.330883 0.0234071 0.689468 119 12 14
-0.27476 -0.06364 0.864311 68 24 14
-0.281257 -0.0505832 0.683695 159 144 124
-0.329522 0.0287478 0.67771 123 18 20
-0.287119 -0.0789588 0.858648 93 49 32
-0.279619 -0.190034 0.830707 79 44 25
0.423385 -0.258545 0.811039 100 62 42
0.412608 -0.205978 0.774541 178 161 158
-0.260206 -0.158582 0.821749 36 10 6
0.275779 0.0735549 0.957998 92 64 49
-0.317609 0.0818076 0.725861 112 30 34
0.230734 -0.0219271 1.05651 152 141 118
-0.194901 -0.0253835 0.892374 116 70 57
-0.275436 -0.150541 0.835748 56 25 16
-0.290974 -0.150691 0.84991 68 32 19
-0.361538 0.0112372 0.678801 112 10 10
0.434485 -0.269576 0.83633 54 19 8
-0.290764 0.157999 0.753433 130 12 15
-0.121397 -0.190832 0.952464 148 145 94
-0.206178 -0.0307909 0.850057 102 54 31
-0.275435 -0.208645 0.843509 67 37 22
-0.336425 -0.048487 0.676673 126 12 14
-0.278717 -0.032391 0.764344 155 140 120
0.32399 0.00772461 0.909337 100 61 38
0.119166 0.02391 0.812355 134 26 20
-0.272072 -0.202611 0.838173 80 44 28
0.295237 -0.183348 0.956825 160 158 108
-0.0452873 0.0725704 0.913946 132 82 60
-0.298776 -0.109506 0.856524 74 32 18
-0.348664 -0.062777 0.679717 63 50 70
-0.211597 -0.231796 0.816247 150 146 94
0.215075 -0.0545487 0.98578 154 143 120
-0.255486 -0.277601 0.965912 149 144 93
-0.19535 -0.230895 0.893655 150 147 96
-0.023252 0.0954094 0.846118 160 134 122
0.289385 0.157751 0.965423 164 144 137
-0.686622 -0.516972 1.44588 148 142 90
-0.148237 0.10731 0.866991 164 138 130
-0.23236 -0.283371 0.897458 148 144 93
-0.588344 -0.377067 1.28399 151 144 96
-0.318123 -0.0929978 0.660055 160 148 122
-0.334446 -0.0259422 0.664288 121 12 19
-0.308738 -0.0663015 0.667286 161 148 128
0.341462 0.0737468 0.884464 118 50 53
0.0913584 0.126304 0.844843 157 24 23
-0.311823 -0.0644209 0.673522 162 146 124
-0.00400123 -0.117541 0.912939 102 62 43
0.425944 -0.0928097 0.854926 166 102 73
0.365329 -0.241964 0.771349 120 44 28
0.421258 -0.165111 0.906542 142 106 91
-0.328815 -0.0839772 0.654744 93 88 96
0.0525918 0.131386 0.831116 148 33 32
0.434835 -0.19396 0.782913 170 150 142
-0.214841 -0.157998 0.837458 112 70 46
0.385489 -0.293008 0.81251 129 8 10
0.45986 -0.191374 0.800552 148 130 115
-0.287399 0.0713949 0.744505 160 138 122
-0.273733 0.00712938 0.707584 147 105 48
0.289039 -0.17672 0.794773 150 140 92
-0.148735 0.0469255 0.934303 100 52 39
-0.33307 0.114636 0.753042 109 46 22
0.337166 -0.190813 0.758404 165 140 133
-0.231987 0.0574213 0.897298 124 74 54
-0.216549 0.00845118 0.878764 147 99 82
-0.23725 0.000683097 0.753814 162 128 106
0.377219 -0.18362 0.754929 137 120 112
-0.310262 0.0463355 0.71294 113 60 58
-0.314886 0.0617208 0.721277 119 18 20
-0.307412 -0.0769476 0.665832 161 148 125
-0.231232 -0.0233406 0.766556 164 130 106
-0.250789 -0.187893 0.820926 166 110 92
-0.216759 -0.153086 0.865082 109 74 40
0.44248 -0.214908 0.778609 170 147 139
0.418345 0.0354101 0.881756 184 163 156
-0.280542 0.083398 0.779696 159 136 121
0.0789029 0.029098 0.795491 94 24 13
0.268969 -0.225537 0.791362 146 126 110
0.298311 0.078286 0.931305 174 148 138
-0.123921 -0.139036 0.987354 158 110 81
0.416884 -0.2051 0.767619 173 150 144
0.37395 -0.346179 0.809401 152 146 93
-0.254547 -0.211385 0.831667 47 26 12
0.0672661 0.0543294 0.770726 142 25 21
0.423342 -0.179958 0.781894 174 153 146
0.109409 0.0581051 0.77853 133 24 16
0.488905 -0.293042 0.87612 96 83 68
-0.322659 -0.00258049 0.693242 104 10 11
0.383276 -0.334032 0.809327 128 92 56
-0.295577 0.146414 0.766167 130 14 16
-0.027872 0.0400711 0.929431 160 114 95
-0.147838 -0.121064 0.973701 76 42 18
-0.134968 -0.0801859 0.817353 154 106 84
0.0854294 0.0324798 0.793819 106 32 21
-0.0168531 0.061155 0.876466 118 72 44
0.311406 -0.216621 0.749777 163 125 106
0.329198 -0.226761 0.753424 126 82 60
0.343795 -0.294904 0.817756 159 139 108
0.0603616 0.0546533 0.768703 144 25 22
0.395783 0.0935591 0.91129 180 156 150
-0.261341 -0.000115363 0.722097 157 98 47
0.339206 -0.093285 0.865705 148 130 111
-0.186096 -0.0618184 0.839998 162 102 84
0.149018 0.0775042 0.809992 122 54 51
0.39708 0.0179876 0.897684 141 106 90
-0.34666 -0.0485499 0.683254 133 14 15
-0.150818 0.0849189 0.913825 86 54 47
0.427353 -0.246881 0.817204 154 122 106
-0.0669187 -0.0729998 0.906799 125 81 62
-0.0224642 -0.118933 0.916436 94 52 38
-0.260774 0.00286451 0.752393 140 16 20
-0.254902 -0.160036 0.820179 153 94 75
0.00286557 0.0901583 0.829975 138 112 102
-0.117395 0.0511614 0.948742 144 91 66
-0.313927 0.0936763 0.752914 148 94 46
0.0733356 0.0224686 0.803852 113 40 25
0.33441 -0.18737 0.776484 170 144 135
-0.264238 -0.0313533 0.760052 158 134 113
-0.178921 -0.0214871 0.899576 143 102 89
-0.0605219 -0.0762731 0.878564 151 108 90
0.498777 -0.270132 0.850026 87 70 52
0.41816 0.0815691 0.91152 179 158 152
-0.282691 -0.0262096 0.718716 160 144 123
-0.277843 0.156694 0.771182 138 115 105
0.387281 -0.312261 0.796835 128 42 25
0.0204178 0.0929524 0.831661 157 129 118
-0.0958145 -0.20048 0.916881 171 105 80
-0.0711466 -0.0415769 0.932416 188 141 118
-0.204431 -0.0101383 0.894093 141 94 78
-0.382544 0.0578571 0.697732 146 106 72
-0.242738 -0.140052 0.830595 52 10 2
0.284147 -0.313807 0.8953 120 90 58
0.247343 -0.294482 0.869825 146 144 92
0.42029 0.0224546 0.890498 94 48 23
-0.0298923 0.048652 0.935457 160 113 92
0.366568 -0.195457 0.822442 152 126 118
0.400341 -0.0977348 0.850603 31 16 14
0.384571 -0.333775 0.797154 116 61 32
0.418235 -0.262164 0.821424 63 38 22
-0.0835569 -0.0337164 0.939048 178 129 107
0.0499949 0.0551818 0.79449 138 23 18
-0.0781746 0.0252145 0.959918 178 128 105
-0.273961 0.118709 0.867609 148 122 109
-0.291913 0.00774497 0.708465 134 64 28
-0.334054 0.0717072 0.713992 114 22 23
0.118884 0.0489457 0.761909 146 26 22
-0.352726 0.0555897 0.679663 126 14 16
0.430869 -0.21224 0.779489 172 151 142
0.391191 -0.302142 0.812009 125 36 22
-0.224091 0.0941679 0.884045 100 56 40
0.459494 -0.157462 0.883297 148 145 96
-0.301844 -0.180462 0.847204 75 44 28
-0.0351509 -0.124791 0.900463 138 94 75
0.348378 -0.271971 0.81737 125 8 8
-0.0998613 -0.174467 0.914586 146 141 90
-0.305791 -0.0872403 0.710954 161 148 124
0.326101 -0.312981 0.823454 154 148 97
-0.0440727 -0.00297749 0.961033 176 133 116
-0.0283185 -0.0430443 0.950161 160 119 100
-0.077391 -0.00767303 0.952522 185 136 114
0.29773 -0.321957 0.903072 158 140 122
-0.219853 0.100338 0.866859 142 112 104
0.0178997 0.108971 0.83798 152 125 112
-0.105538 -0.18668 0.932036 146 144 92
-0.299418 0.167731 0.757723 132 13 14
-0.301286 -0.0800239 0.702448 162 148 126
-0.139806 0.095414 0.93656 161 132 125
0.398383 -0.301487 0.810235 68 9 10
-0.260548 -0.224018 0.844824 54 32 14
0.324877 0.118438 0.921839 174 151 144
-0.278928 0.169653 0.763598 160 138 130
0.285045 -0.318381 0.866762 99 74 34
0.245563 -0.330593 0.867416 150 146 94
-0.230181 -0.23096 0.850403 150 144 92
-0.250132 -0.230193 0.843629 144 134 88
0.389522 0.127045 0.914865 170 150 144
0.0166574 -0.318507 0.957726 147 144 94
0.263683 -0.359553 0.901208 150 146 94
0.308404 -0.352566 0.789412 151 146 94
-0.0594743 0.129004 0.801521 166 142 132
0.263407 -0.367076 0.899765 148 146 92
0.331558 0.204137 1.03757 166 147 138
-0.241183 -0.322486 0.858759 148 142 90
-0.199075 -0.062418 0.828121 137 80 55
0.33424 -0.0522239 0.86785 134 106 80
0.332439 0.0615856 0.880453 190 163 158
0.313338 0.0318369 0.884199 179 150 141
-0.301175 0.0683498 0.716609 81 53 56
-0.00374296 -0.140718 0.908937 108 63 42
-0.28362 0.114663 0.778205 152 132 118
0.32494 -0.176474 0.761999 166 136 126
0.346653 0.0737004 0.887699 121 28 36
-0.102765 0.0653148 0.953038 134 82 56
0.375122 -0.0467758 0.89147 180 144 123
0.355801 0.0161326 0.865333 146 113 100
-0.230458 -0.154255 0.847879 132 76 59
0.346991 -0.0986306 0.856979 155 129 112
0.00418463 -0.141033 0.911691 108 66 43
0.44297 -0.162506 0.930458 103 56 42
0.339233 0.0145472 0.870504 113 72 54
0.317097 -0.168278 0.805896 132 100 64
-0.0118408 -0.123855 0.906225 46 16 11
0.273775 -0.1967 0.783259 123 94 66
0.375842 -0.0573842 0.867132 186 156 138
-0.172503 -0.00280772 0.89018 144 102 86
-0.244612 -0.117508 0.864697 139 92 70
0.0841531 0.0402824 0.797845 128 28 20
-0.296707 0.0233999 0.706696 122 21 16
-0.31521 -0.074833 0.661776 163 148 126
0.374822 -0.196785 0.815051 146 120 112
-0.311253 -0.0731953 0.687192 160 147 124
0.45062 -0.219321 0.777253 146 114 98
-0.309223 0.17796 0.742372 121 58 55
-0.117761 0.0185029 0.960225 180 130 107
0.331143 -0.290772 0.822928 159 140 110
0.0424106 0.03471 0.783366 76 19 14
-0.18456 -0.0102094 0.895247 147 106 95
0.459376 -0.195116 0.805188 158 140 127
0.449266 -0.161717 0.928685 74 31 18
-0.268593 0.139565 0.785231 144 122 110
0.417882 -0.197546 0.769571 181 161 157
-0.0428431 -0.253107 0.903864 58 34 19
-0.0772179 0.0543108 0.949094 156 102 80
0.425586 0.0434122 0.884791 181 157 148
-0.0668303 -0.0106965 0.937157 196 151 126
-0.277073 0.0296825 0.717679 156 138 120
0.35663 -0.263624 0.794978 126 7 8
0.358707 -0.277144 0.811921 125 8 8
0.12117 -0.251514 1.36505 114 112 70
0.398853 0.0727577 0.897627 185 157 154
-0.315124 -0.00702655 0.67237 114 11 13
-0.0677033 -0.0253159 0.939004 190 146 122
-0.00164961 -0.150276 0.90787 34 12 5
0.350611 -0.141363 0.836511 117 110 93
0.491905 -0.261956 0.850139 126 99 72
0.310382 -0.169682 0.785785 136 102 60
-0.161532 -0.0662341 0.811901 100 46 24
0.0736206 0.0585644 0.769245 142 24 22
0.346189 0.0502624 0.878577 181 157 151
0.2744 -0.120374 0.895838 156 137 102
-0.202983 -0.0400011 0.833834 147 92 72
-0.229235 -0.186333 0.843158 148 92 70
-0.116761 -0.019994 0.953603 164 112 88
-0.242782 0.0952352 0.893188 100 54 32
-0.281114 0.108409 0.831493 158 136 120
0.394001 -0.328926 0.81641 116 62 34
0.443243 -0.155491 0.93144 100 48 34
-0.053772 0.0302666 0.95504 178 128 106
-0.28766 -0.0307663 0.679363 162 148 128
-0.0283937 0.0244569 0.945945 160 118 100
0.318033 -0.22042 0.744097 138 98 82
0.2997 -0.216622 0.755444 134 95 75
-0.149359 0.0220533 0.937549 104 52 38
-0.201245 0.0751142 0.915751 132 82 57
-0.154831 -0.00345221 0.915661 135 90 76
-0.215923 0.0963942 0.875401 122 84 68
0.247786 -0.279699 0.872667 143 140 88
0.357353 -0.348003 0.81256 154 148 94
0.0129007 -0.00632795 0.972566 162 122 100
0.459039 -0.157182 0.877459 146 135 94
0.103827 0.139519 0.834453 138 90 89
0.150205 0.106447 0.821915 152 112 99
0.163056 -0.287806 1.33723 137 135 85
0.466379 -0.165921 0.877954 140 119 74
-0.02824 -0.0398092 0.952238 162 120 100
-0.339724 0.101554 0.706286 129 50 20
-0.10755 -0.167595 0.939124 132 110 68
0.459614 0.0321664 0.91168 168 148 140
0.264402 0.0721517 0.954712 130 109 94
-0.264826 -0.216725 0.843589 70 44 26
0.0702832 -0.00620245 1.04509 149 138 116
-0.282892 -0.0647642 0.750988 160 146 126
0.381443 0.119715 0.925394 164 138 130
-0.141798 -0.215318 0.901063 150 145 92
-0.228207 0.137992 0.874787 164 140 130
-0.0990192 -0.244205 0.901063 67 42 18
-0.184648 -0.263351 0.896527 149 144 92
0.0790101 0.218039 0.931573 168 140 137
-0.0181995 -0.15809 0.461148 150 145 94
0.112069 -0.397695 1.14919 146 142 93
-0.321441 0.125413 0.751326 133 11 14
-0.307066 -0.0127788 0.67146 116 12 12
-0.116042 -0.0981473 0.802445 109 70 34
-0.0954221 -0.069978 0.836145 156 105 92
0.385619 -0.320063 0.820624 128 42 27
-0.155759 -0.0937315 0.829936 129 84 52
0.111556 0.101596 0.79945 89 71 64
0.377447 -0.194978 0.832025 125 98 90
0.309549 0.049183 0.926725 144 118 112
-0.242635 -0.152534 0.830814 166 92 68
0.469167 -0.217434 0.803964 144 112 96
-0.0973594 0.026362 0.938077 202 160 138
-0.316674 -0.0377912 0.665749 125 16 19
-0.404304 0.0346846 0.661349 159 100 42
-0.309554 0.0557537 0.708868 102 47 49
-0.31046 -0.085786 0.66455 162 148 126
0.38673 -0.0475904 0.874527 150 124 108
-0.0669718 -0.034441 0.91974 194 150 126
-0.311146 -0.0822972 0.664829 162 148 125
0.342983 -0.229686 0.766625 149 110 92
-0.274461 0.00651874 0.734778 150 106 54
0.360224 -0.139737 0.842174 154 128 113
-0.291758 -0.0338178 0.672883 162 148 128
0.471696 -0.20868 0.816197 158 140 130
-0.125014 0.0182517 0.93749 143 90 70
-0.317358 0.144009 0.743956 118 8 12
-0.119138 -0.0936786 0.816804 159 110 84
0.297904 -0.289832 0.894623 107 80 54
-0.286447 -0.0186811 0.712951 160 144 120
-0.217766 0.0668837 0.9225 116 66 47
0.406097 -0.0857092 0.870712 84 58 55
0.343848 -0.167743 0.85821 158 156 103
-0.0285151 -0.0483469 0.93507 162 121 102
-0.132741 -0.0927887 0.805696 111 73 42
-0.364142 0.0355535 0.670643 144 60 27
-0.213429 -0.00412227 0.903305 142 94 77
-0.373234 0.0278983 0.690467 140 52 22
-0.251762 -0.155619 0.832164 174 109 85
-0.337057 -0.0532923 0.674065 126 14 12
0.387963 -0.268913 0.80932 122 11 10
-0.108236 -0.000114326 0.943953 183 134 108
-0.161182 0.0290527 0.909679 148 102 85
0.384297 -0.0262925 0.891552 100 77 65
-0.292286 0.0609286 0.740592 162 140 122
0.334363 -0.280947 0.824375 117 16 11
-0.381247 0.0321191 0.659567 163 108 40
-0.340116 -0.0456032 0.667924 140 16 17
0.0768532 0.0434058 0.78909 130 24 20
0.383615 0.0260561 0.878753 127 80 56
0.136145 0.0735806 0.782918 156 28 28
0.349932 -0.319983 0.818013 154 150 98
-0.316545 0.0428013 0.699677 21 18 34
0.450295 -0.194855 0.789591 133 126 114
-0.173993 -0.0268715 0.944539 138 94 78
-0.0301239 0.0635992 0.94237 126 74 50
0.344914 -0.289054 0.818829 116 42 24
0.400221 -0.278459 0.79848 56 20 11
-0.174777 0.0252793 0.903718 154 112 98
0.0611222 0.0444493 0.77292 119 29 22
-0.0134972 0.0644621 0.838692 123 78 53
0.328972 -0.0240064 0.899363 131 104 87
-0.314587 0.0784932 0.72018 128 14 15
0.427214 0.023333 0.898338 94 48 24
-0.316814 -0.0408948 0.682388 119 16 13
-0.174902 -0.10616 0.85782 128 88 63
-0.234713 0.0352035 0.89342 144 93 75
-0.283692 0.0538465 0.738276 162 141 124
-0.104196 0.00826426 0.942206 192 144 122
-0.289345 -0.0349418 0.758266 160 146 124
0.321707 -0.276359 0.829422 128 81 58
0.301537 -0.242197 0.799867 116 61 41
0.238353 -0.170019 0.925593 130 128 80
-0.0457953 -0.114879 0.876817 160 122 102
0.443103 -0.142316 0.818874 135 129 88
-0.297032 -0.0835829 0.676275 162 149 126
-0.0471111 0.0764265 0.89753 144 92 62
0.462386 -0.183107 0.798986 160 140 124
0.348406 0.111476 0.917724 152 116 105
-0.144323 0.0927986 0.923591 140 111 104
0.399105 -0.303898 0.791543 12 10 6
0.358876 -0.343601 0.795105 154 150 96
-0.316137 0.197906 0.758936 163 134 128
0.434553 -0.133133 0.807637 117 106 78
-0.343148 0.174863 0.779493 130 15 18
-0.294706 0.173805 0.753008 140 72 68
0.387126 -0.344465 0.791989 167 110 76
-0.402593 -0.0324172 0.687276 164 148 127
-0.319536 0.235752 0.814687 164 140 131
-0.0487745 -0.306116 0.993938 150 148 98
0.542465 -0.0225169 0.962926 150 140 119
0.417031 0.151838 0.974177 169 149 141
-0.184152 0.145808 0.911812 166 140 132
-0.364014 0.0223631 0.646579 156 102 34
-0.443829 -0.336678 0.86888 149 142 88
-0.374328 0.222534 0.752965 164 142 132
-0.199063 -0.103758 0.868368 136 96 75
-0.307069 -0.0834332 0.667897 161 148 125
-0.236651 -0.026913 0.77248 156 139 116
0.321686 -0.112951 0.935469 74 42 24
-0.182705 -0.137747 0.867152 130 90 61
-0.286055 -0.0864313 0.620498 162 148 123
-0.084455 -0.0768757 0.856528 97 46 27
-0.308672 0.141666 0.781902 124 19 17
0.256273 -0.254683 0.830369 137 137 84
0.291457 -0.285661 0.882376 126 102 78
0.000558945 0.0177747 0.964702 178 130 111
-0.345233 0.0260024 0.657063 123 12 14
-0.0922822 -0.088328 0.841107 80 39 24
-0.163245 0.00392466 0.872824 142 100 84
0.270851 -0.216604 0.758899 162 135 122
-0.369071 0.0302917 0.745361 120 17 18
0.283007 -0.279569 0.897055 123 90 62
-0.199713 -0.155947 0.865663 130 99 61
0.414556 -0.180497 0.898294 139 112 98
-0.304906 -0.0877128 0.662256 162 148 126
-0.275928 -0.0469946 0.672773 163 148 127
0.345348 -0.105115 0.854354 160 143 123
-0.0829348 -0.0688527 0.855646 88 38 21
-0.154258 -0.0804022 0.795605 159 104 74
-0.267144 -0.177376 0.821686 86 42 33
-0.182259 -0.132268 0.932671 113 71 46
-0.112395 -0.0523957 0.8586 152 100 85
0.338603 -0.0360428 0.868877 172 104 74
-0.257395 -0.110862 0.847189 159 109 84
-0.0661289 -0.0494353 0.842791 141 93 76
-0.309572 -0.0340042 0.684498 164 144 126
-0.296186 0.0268681 0.92326 158 110 84
0.0732743 0.0190652 0.77132 113 34 20
0.00974195 0.0533463 0.908158 110 40 24
-0.00734886 0.0320045 0.991194 140 72 53
-0.132316 -0.047261 0.870892 110 59 42
-0.260055 -0.00215218 0.731337 137 11 14
-0.300674 0.108501 0.781108 154 132 118
-0.158342 -0.13282 0.955903 159 143 116
-0.133802 -0.0596511 0.810577 120 70 42
-0.0122442 0.060132 0.894553 102 57 27
-0.343391 0.0106516 0.6829 103 4 6
-0.258138 0.130322 0.79464 144 122 109
0.384839 0.0996819 0.932616 172 150 146
0.272017 -0.229458 0.869273 127 107 78
-0.15363 -0.0916879 0.811446 120 78 45
-0.27203 -0.147454 0.842616 40 12 7
-0.293172 -0.114297 0.92487 161 112 88
-0.265835 -0.119739 0.876472 150 98 72
-0.337272 -0.0714489 0.673113 163 148 125
-0.287473 -0.0237761 0.654161 164 142 123
-0.139038 -0.0960994 0.823801 110 70 36
-0.245068 0.0121329 0.689679 160 142 122
0.324721 -0.0961912 0.984636 111 84 62
0.305297 -0.294887 0.887551 146 130 110
0.300343 -0.29144 0.885692 128 109 91
-0.246781 0.0638694 0.892223 131 80 61
-0.148742 -0.0846399 0.801126 162 110 86
-0.189782 -0.0490819 0.815153 176 114 92
-0.275432 0.114601 0.808272 150 128 112
-0.21546 -0.10917 0.859942 152 108 90
-0.330524 0.0815812 0.710224 29 16 28
-0.299036 -0.0152986 0.667701 106 30 18
0.296354 -0.309243 0.943201 135 114 93
-0.31683 -0.159245 0.896201 41 16 8
0.278687 -0.278586 0.877663 104 64 28
0.344548 -0.168022 0.854409 150 146 96
0.256867 -0.226434 0.798717 140 136 89
-0.257153 -0.174743 0.846078 115 60 45
-0.269581 0.00660973 0.749922 129 14 10
-0.246467 -0.174021 0.812481 158 102 85
-0.111872 -0.0486806 0.831066 158 101 82
-0.194339 -0.0378443 0.83064 166 106 88
-0.278645 0.0283879 0.944301 173 125 104
0.000713397 0.0273299 0.908234 112 64 42
-0.0395815 -0.100751 0.886026 130 88 70
-0.25065 -0.0597677 0.874297 126 80 62
-0.131187 -0.0628527 0.840748 104 56 32
-0.253072 -0.217575 0.852737 49 26 13
-0.153614 -0.135769 1.02227 114 66 34
0.2476 -0.2326 0.858582 140 138 88
-0.0532129 -0.0922974 0.875627 152 114 95
-0.288118 -0.0688418 0.937128 142 96 76
-0.282093 -0.0390818 0.627671 114 16 12
0.324184 -0.171178 0.803526 150 135 96
-0.317707 0.012119 0.761506 146 98 42
-0.349283 -0.0654686 0.689978 106 40 24
-0.332934 0.0782079 0.775624 88 36 39
-0.345683 0.0413776 0.682196 115 23 23
-0.207145 -0.122251 0.982395 100 56 30
-0.265179 -0.187925 0.797813 30 13 6
0.021171 0.104991 0.840452 156 72 67
0.0438798 0.102217 0.749113 156 24 24
0.0427553 0.0766347 0.751881 160 26 26
-0.332361 0.173889 0.865816 136 112 99
-0.0238815 -0.0485868 0.896334 161 122 105
0.0484565 0.0976002 0.761849 143 101 94
-0.16004 -0.146468 0.974944 137 130 91
-0.300257 -0.102395 0.921577 163 115 92
-0.175485 0.0311117 1.04547 88 36 24
-0.246601 0.0211382 0.898063 152 103 84
-0.298695 0.0857591 0.779485 158 136 118
-0.305013 -0.146702 0.791553 124 119 78
0.0432002 0.0989212 0.752154 158 24 25
-0.322632 0.00981657 0.745692 126 58 18
-0.353932 0.169256 0.831167 130 10 12
-0.363795 0.109332 0.765828 146 95 74
-0.54457 -0.209784 1.21216 127 120 78
-0.2563 -0.202174 0.811303 71 46 29
-0.335632 0.0860358 0.723678 54 27 33
-0.290715 0.150206 0.794602 138 115 101
-0.306906 -0.111512 0.8802 56 20 13
-0.326149 -0.118349 0.874796 94 54 30
-0.260985 0.139094 0.761318 141 120 104
-0.390831 0.0448541 0.754292 102 42 41
-0.280056 0.125062 0.806299 142 122 106
0.298919 -0.143737 0.905072 157 126 96
-0.270423 -0.103303 0.956558 128 88 62
-0.369991 -0.00398637 0.690125 22 22 64
-0.915473 -0.236293 1.41471 127 122 77
0.117032 -0.179657 1.33997 82 82 42
-0.331207 0.0780932 0.710081 46 28 38
-0.111943 -0.0336005 0.832735 55 20 10
0.0978079 0.137348 0.850804 145 30 27
-0.301924 0.000957917 0.780748 154 106 47
0.266036 -0.324583 0.93653 140 136 84
0.0179035 0.102957 0.813788 154 124 111
-0.277286 -0.0554411 0.639689 162 146 124
-0.222641 0.115345 0.715076 143 121 108
-0.24526 0.106415 0.854229 142 112 100
-0.159756 -0.118206 0.84838 100 54 32
0.234129 -0.245903 0.790638 139 136 86
-0.164976 -0.157616 0.840163 140 136 82
-0.31988 -0.00502675 0.705674 88 12 8
-0.297124 -0.173166 0.847499 52 24 16
-0.244771 0.11538 0.8539 146 118 106
-0.266198 0.11168 0.831504 150 128 112
-0.242079 0.118409 0.817483 150 127 113
-0.292405 -0.0435622 0.877704 158 142 124
-0.0369624 -0.0195278 0.884573 171 128 111
-0.264739 -0.209409 0.803242 56 29 15
-0.0146021 0.0887183 0.868863 158 134 126
-0.192877 -0.172913 0.883212 146 142 89
-0.291357 0.169732 0.747935 122 14 13
-0.302273 0.0512268 0.823803 158 138 120
0.283562 -0.357095 0.988084 144 140 92
0.184062 -0.293455 1.20472 138 134 86
-0.348067 -0.139729 0.908384 153 135 110
-0.228867 -0.050554 0.712773 158 144 124
0.153495 -0.266481 1.18938 135 133 82
-0.521714 -0.154439 1.05355 158 146 122
-0.343487 -0.068991 0.903269 158 144 126
-0.152079 -0.227388 0.484934 151 145 92
-0.33327 -0.0692787 0.638737 16 20 52
-0.304926 0.15485 0.694296 132 12 12
-0.532962 -0.00555209 0.900415 42 18 50
-0.36544 -0.352245 0.834998 151 144 92
-0.26734 -0.107897 0.725024 161 149 125
-0.35399 0.197294 0.779978 122 20 18
0.212151 -0.35271 1.00554 138 134 84
-0.267343 -0.185123 0.761644 82 48 26
-0.355549 0.249213 0.921928 163 140 130
0.0275418 -0.325449 1.029 144 140 90
-3.29733 -2.0872 5.60204 151 144 92
-0.270445 0.191655 0.877255 162 140 130
0.291081 -0.334241 0.844328 144 141 89
0.184163 -0.467167 1.25435 141 138 88
-0.37266 0.250171 0.958674 163 140 131
-0.249134 -0.0981637 0.685764 160 148 124
0.161139 -0.470062 1.28392 143 140 89
0.281465 -0.389433 1.06216 144 140 89
0.193261 -0.283628 0.860313 139 136 86
0.140912 -0.436667 1.27944 142 138 90
0.198893 -0.343084 1.02917 139 136 85
0.292398 -0.335054 0.817462 146 143 89
0.169857 -0.187027 0.537655 140 137 86
0.191838 -0.273377 0.626686 143 138 88
-0.225206 -0.296878 0.923109 148 142 89
-0.34247 -0.433843 0.906309 150 143 88
-0.383311 -0.229855 0.892826 150 144 93
-0.20016 0.226696 0.708589 162 142 132
0.0274203 0.236866 0.932841 164 139 136
-0.113974 -0.30121 0.865042 148 142 90
0.163941 -1.55728 3.56044 144 140 90
-0.0905862 0.177834 0.893236 165 142 134
0.0848231 -0.531583 1.24759 142 138 88
0.282544 -0.344531 0.843163 146 142 90
0.280744 -0.299337 0.622638 146 142 89
-0.875994 -0.640405 2.10753 148 142 88
-0.164994 -0.282344 0.783139 146 140 90
-0.440397 -0.422999 0.810958 152 146 92
-0.0698688 0.20743 1.00017 163 138 133
-0.3414 0.290647 0.895237 163 140 132
-0.794381 0.548507 1.44449 168 145 138
-0.269526 0.0239256 0.661692 119 16 10
0.434467 -0.16967 0.921447 64 24 14
-0.298556 -0.165993 0.875859 30 12 7
0.378311 -0.178232 0.875475 146 112 98
-0.106582 -0.112057 0.923006 136 89 57
0.399917 -0.181791 0.903442 146 110 96
-0.154663 -0.131541 0.964457 115 84 58
0.377098 -0.211898 0.732805 59 45 44
-0.155355 -0.0354674 0.742 149 94 75
-0.112296 -0.120088 0.910892 144 98 70
-0.166666 -0.127417 0.946386 92 56 23
-0.170248 -0.141169 0.959959 159 147 122
-0.280527 0.115285 0.829058 152 130 114
-0.344476 -0.0107898 0.691507 120 14 17
-0.0805528 -0.0866921 0.81037 72 28 10
0.36608 -0.199586 0.746503 108 82 70
0.393323 -0.166244 0.887413 156 128 120
-0.0918294 -0.105428 0.955391 174 130 110
-0.287929 0.0503414 0.931167 182 136 112
-0.252154 -0.0166655 0.807472 158 138 114
-0.137415 0.0540296 0.98348 118 62 38
-0.29063 0.143977 0.875256 146 124 110
-0.167044 -0.133031 0.87316 110 68 41
-0.156247 -0.0382249 0.78972 164 109 90
-0.00123252 0.029802 0.993227 170 118 98
-0.317903 0.0602663 1.0161 174 126 104
-0.228559 -0.0550896 0.806443 136 90 72
-0.174557 -0.126736 0.919929 132 89 64
-0.288249 -0.0356934 0.698094 162 146 126
-0.295508 -0.154627 0.882024 35 13 7
-0.352822 0.0403355 0.718665 58 42 47
-0.181256 -0.152362 0.945338 124 120 72
0.452175 -0.105099 0.865534 148 128 115
-0.288626 -0.0421131 0.694991 162 148 126
-0.0588363 0.00481188 0.877326 200 152 124
0.369368 -0.260206 0.789883 126 8 9
-0.13939 -0.10973 0.94192 92 56 32
-0.103119 -0.0673888 0.76252 126 76 55
-0.339081 -0.0177717 0.730929 114 24 14
-0.324492 0.106217 0.714978 154 134 118
-0.117111 -0.0772917 0.791081 143 93 71
0.0410181 0.0930071 0.767273 158 26 24
-0.327942 0.0320281 0.64405 124 12 13
-0.117674 -0.109014 0.927941 117 76 50
-0.261723 -0.0361885 0.828466 158 140 118
-0.289971 -0.207926 1.3603 127 123 76
0.0405799 0.0684999 0.765806 161 26 22
-0.281859 -0.03183 0.637291 128 70 60
-0.260801 0.0457442 0.700563 160 140 124
-0.181731 -0.15374 0.933827 124 120 72
-0.184992 -0.0613512 0.75686 116 68 42
-0.159043 -0.129345 0.902946 124 92 62
0.274966 0.00663639 0.915624 171 141 126
0.25542 -0.157161 0.908484 111 109 68
-0.344816 0.0170208 0.728958 119 12 14
0.0516664 0.111113 0.806198 132 83 78
-0.273942 0.106632 0.860811 154 126 114
-0.180823 -0.167586 0.778307 150 144 90
-0.272555 -0.0199191 0.936846 178 128 102
-0.251217 -0.104562 0.884366 154 110 86
0.419583 0.00734655 0.909747 142 108 93
-0.292849 0.023639 0.945075 158 109 86
-0.0761369 -0.00699856 0.852448 194 148 126
-0.313556 -0.0412347 0.663995 117 13 12
-0.199291 0.00332344 0.660556 158 137 115
-0.193882 -0.158632 0.907505 134 120 76
-0.290035 -0.149829 0.860331 42 18 8
-0.181458 -0.160174 1.04511 124 120 74
-0.258125 -0.00450201 0.897762 180 133 110
-0.306305 -0.028881 1.03025 158 112 86
-0.241775 -0.569186 1.26659 148 142 90
0.158068 -0.291477 1.36471 135 133 84
0.0517575 0.157509 0.873533 96 68 66
-1.14152 -0.279126 1.75588 126 121 74
-0.349827 -0.094764 0.890231 160 147 123
-0.262387 -0.059372 0.810546 114 64 46
-0.763508 -0.227593 1.58672 154 144 114
-0.135158 -0.39681 1.19667 148 142 90
-0.139664 -0.386526 1.21518 148 142 91
-0.130753 -0.185902 0.960743 146 140 90
0.0879779 0.00341555 1.04909 152 136 116
-0.251662 0.153359 0.732626 154 130 117
-0.321653 -0.187478 0.868633 88 54 40
0.0773537 -0.284457 1.39798 133 131 82
-0.215501 -0.190458 1.05892 142 140 88
-0.171154 -0.193795 0.995746 146 142 90
-0.246872 -0.555829 1.59565 145 139 88
0.0903155 -0.0422694 0.694525 145 136 113
-0.314038 -0.0784665 0.731378 162 147 126
-0.297755 0.062161 0.588537 150 81 72
-0.164962 -0.23002 0.855305 150 146 94
-0.436441 -0.137215 0.991089 162 150 126
-0.932101 -0.284532 1.6543 136 130 80
-0.156665 -0.381354 1.19553 147 142 92
-0.17754 -0.450679 1.27692 145 139 88
0.0929829 -0.377525 1.30796 138 136 84
0.108434 -0.307444 1.06948 140 136 86
-0.396969 -0.105268 0.883195 160 148 126
-0.100461 -0.331797 0.939334 145 139 88
-0.0914466 -0.297299 0.952822 150 144 92
-0.301037 0.201477 0.910118 162 140 130
-0.357311 -0.545097 1.52514 146 141 88
-0.268284 0.0627571 0.555628 132 26 26
0.0271469 -0.212857 0.613651 146 142 90
-0.185636 -1.07973 3.6514 145 142 91
0.0110235 -0.41258 1.12683 146 142 92
0.0857871 -0.121927 1.71365 140 131 108
0.232519 -0.666974 1.76182 144 139 86
-0.345439 -0.333905 0.849853 150 143 90
-0.487778 -0.27653 1.06718 150 144 92
-0.424956 -0.366867 0.987217 149 143 88
0.0555212 -0.426334 1.1927 146 142 92
0.0401044 0.247674 1.11665 162 134 131
0.248487 -0.550333 1.4844 142 139 87
-0.263366 0.203287 1.12392 162 140 132
0.136336 0.161822 0.737295 166 142 136
0.0369524 0.414743 1.60137 165 140 136
0.0514005 -0.352607 1.25211 142 138 89
-0.0787374 0.175764 1.01981 164 138 129
0.0440934 0.201605 0.765938 165 140 136
-0.130227 0.156955 0.631612 160 140 130
-0.241327 0.20503 0.988416 162 140 130
0.407489 0.077377 0.898939 179 158 151
0.263251 -0.0641729 0.963575 154 142 120
0.1323 0.0679564 0.797454 158 26 24
0.332183 -0.126435 0.919233 31 46 30
0.447966 -0.105246 0.883527 178 126 102
-0.239551 -0.163715 0.8238 170 100 76
-0.266071 -0.0011464 0.758446 137 14 15
0.394374 -0.176488 0.89279 152 122 112
0.314654 -0.0357443 0.902641 104 72 52
-0.18138 -0.0837488 0.857569 152 100 68
-0.206116 -0.054944 0.849941 160 100 80
-0.194667 -0.156907 0.875335 134 104 66
-0.104725 -0.062228 0.831877 168 114 100
-0.323024 0.0826448 0.746607 104 19 16
-0.229349 0.0522766 0.892749 124 72 52
0.0467439 0.0760454 0.782876 162 25 24
-0.323985 0.123416 0.773522 122 12 12
0.412089 -0.171147 0.918952 152 128 118
-0.344315 -0.0368243 0.670214 135 14 16
0.0627979 0.110714 0.82269 132 114 106
0.360082 -0.216098 0.754916 164 138 126
-0.308212 -0.0806768 0.654735 162 148 124
0.268842 0.0672227 0.954104 103 78 60
-0.276016 -0.0117448 0.726092 148 105 36
-0.327855 0.0252465 0.670661 118 16 18
-0.345639 -0.0160112 0.694295 77 11 28
0.356877 -0.0393345 0.882098 160 117 93
-0.28997 -0.0071033 0.674476 88 10 5
-0.11483 -0.109339 0.888189 84 44 21
-0.276822 0.061644 0.912757 184 137 113
0.437803 0.0434357 0.896865 180 152 144
-0.105708 -0.0882672 0.832351 115 74 52
0.32886 -0.127232 0.928626 28 18 10
0.253108 0.0579928 0.949809 130 110 89
-0.19658 -0.100342 0.840046 140 97 80
0.371143 0.0309189 0.867009 130 82 58
0.11635 0.0535502 0.763844 152 26 22
0.381863 0.0210296 0.889256 104 62 36
-0.0012396 0.0805301 0.838825 122 98 93
-0.341896 0.0302168 0.712492 104 24 26
-0.0514032 0.0215264 0.957172 175 127 106
0.232951 -0.128318 0.875577 96 96 56
-0.137217 -0.0186843 0.860122 128 82 68
-0.347009 -0.0142704 0.68583 72 16 36
-0.231909 -0.0216282 0.885062 178 128 104
0.335409 -0.0119627 0.922126 110 91 77
-0.322939 -0.038267 0.684115 116 14 12
-0.289003 0.0641291 0.725597 140 82 74
-0.248276 0.0270074 0.899894 160 112 94
-0.334121 0.116658 0.730329 136 88 72
0.311344 0.00287364 0.90809 98 56 30
-0.252505 0.0565105 0.927558 128 78 58
0.11373 0.141187 0.868022 149 26 28
-0.223116 -0.016578 0.794854 174 127 104
-0.303958 -0.157154 0.83491 70 36 18
-0.094125 -0.174094 0.904833 144 141 90
-0.177318 -0.210505 0.862752 151 147 94
0.341066 0.0424188 0.894967 163 128 115
-0.283225 0.149345 0.77294 135 110 97
0.237615 -0.128976 0.862729 100 100 58
-0.306176 -0.165521 0.854825 62 31 14
-0.151632 -0.147515 0.97904 139 132 96
-0.319811 -0.0954599 0.650667 164 148 126
0.378032 0.0168346 0.89092 126 86 66
-0.284755 0.160297 0.773159 127 63 56
-0.343123 0.0639006 0.717838 62 52 64
-0.233724 -0.0367327 0.875382 120 72 49
-0.31291 -0.165828 0.853639 69 36 20
-0.331194 -0.165511 0.823154 142 136 89
-0.310239 -0.051056 0.658555 116 16 14
-0.265946 0.0972703 0.848585 158 124 111
0.0263909 0.114574 0.821698 153 109 98
-0.0800519 -0.153627 0.93185 165 116 88
-0.187794 -0.157202 0.931556 131 122 76
-0.359638 -0.0108879 0.688937 22 20 54
0.112894 0.128887 0.845318 116 28 24
0.170957 0.0556197 0.844586 152 135 118
-0.301053 0.0554352 0.91663 134 86 66
-0.129712 -0.156782 0.9612 130 120 73
-0.299253 0.0603345 0.742776 141 78 69
-0.33774 0.114177 0.712831 138 88 31
0.448874 0.0918617 0.937363 170 146 137
0.230982 -0.134886 0.889725 100 102 62
-0.294386 -0.167814 0.770399 143 136 90
-0.117401 -0.192108 0.912287 148 143 91
0.416203 -0.290254 0.800858 17 17 12
0.186004 0.0816959 0.885784 122 104 92
-0.141437 -0.163915 0.952333 131 128 78
-0.288266 0.0779166 0.80858 159 136 120
-0.174863 -0.16149 0.933945 130 127 78
-0.267246 0.162229 0.748215 162 139 128
-0.14624 -0.189761 0.964316 146 142 89
-0.31088 -0.0719855 0.802347 162 147 126
-0.199462 -0.210863 0.880123 150 145 90
-0.327406 0.208945 0.832631 160 134 126
-0.193242 -0.198598 0.988459 148 143 90
-0.352921 0.075397 0.679837 140 27 22
-0.292161 -0.178264 0.770905 110 98 60
-0.351127 -0.154525 0.702981 142 136 86
-0.324778 -0.174475 0.725455 150 144 94
-0.274202 -0.216386 0.787802 148 142 94
-0.146335 -0.227009 0.873573 148 144 92
0.202081 0.121537 0.883129 162 142 131
-0.154137 -0.23879 0.840713 149 144 90
0.365674 0.142086 0.946566 164 143 136
-0.379989 0.185385 0.782316 148 62 58
-0.356548 -0.21634 0.779349 151 145 95
0.271707 0.144419 0.958486 166 145 136
-0.300505 -0.209669 0.725814 150 144 94
-0.373883 -0.216787 0.789604 150 144 92
-0.276267 0.219854 0.767451 162 140 132
-0.477909 0.228324 0.844629 167 144 132
-0.395576 -0.162748 0.675399 150 144 94
-0.280479 0.0564861 0.92144 176 128 106
-0.29912 -0.141352 0.881399 52 24 16
-0.181537 0.0270437 0.872483 152 106 90
-0.173825 -0.0652402 0.803009 105 52 28
0.258765 -0.109686 0.895046 142 131 111
-0.243937 0.028571 0.874558 172 124 103
-0.337554 0.0432917 0.670979 110 29 26
0.0485652 0.103759 0.79871 134 113 108
0.334639 -0.110417 0.898841 54 66 43
0.129745 0.0355805 0.80633 135 30 22
-0.275575 0.0219319 0.693981 150 114 80
-0.205704 -0.16159 0.912493 130 110 67
-0.3415 0.116338 0.752933 143 111 92
-0.264763 0.00829888 0.727189 154 121 83
-0.157404 0.0595729 0.956168 80 34 19
-0.224398 0.0664037 0.90153 118 67 45
0.141495 -0.235284 1.41134 108 106 64
-0.0564855 0.0186361 0.914066 196 152 126
0.300015 -0.0725091 0.962679 162 129 105
-0.32099 0.0234992 0.703828 122 11 12
-0.170479 0.0588719 0.935798 95 46 26
-0.28903 0.0559441 0.663104 94 52 55
-0.238088 -0.00351233 0.717701 126 14 13
-0.165996 -0.1395 0.969382 158 146 124
-0.00161104 0.0106004 0.963093 174 128 107
-0.264118 -0.128395 0.865954 132 74 50
-0.342259 -0.0568906 0.681289 118 16 12
0.336424 -0.100659 0.928113 92 94 76
0.13827 -0.263893 1.34286 119 118 74
-0.137145 -0.140467 0.929284 152 143 112
-0.231217 -0.0611602 0.86377 128 76 50
-0.292521 -0.144036 0.86664 48 19 13
-0.201171 0.0528113 0.875569 136 86 68
-0.268335 0.0102764 0.749755 156 109 92
0.341346 -0.175079 0.763172 166 140 132
-0.0494059 0.053639 0.94906 164 113 90
-0.263629 0.155674 0.77928 152 130 118
0.137119 -0.222631 1.41099 104 104 64
0.0960593 -0.229933 1.46682 107 106 62
0.293102 -0.0855356 0.933505 134 97 69
-0.29413 0.0470248 0.920705 158 108 84
-0.150572 -0.00959424 0.871914 140 98 81
-0.322733 0.159441 0.751346 86 4 9
-0.0991633 -0.0119179 0.956181 182 135 112
-0.269324 0.0626107 0.739691 160 138 120
-0.0985288 -0.0120188 1.01345 186 138 116
-0.295417 0.119215 0.866465 154 130 114
-0.281786 0.112313 0.795949 156 133 118
-0.257467 -0.0443018 0.876263 137 90 70
-0.191889 0.0138228 0.906215 150 110 98
-0.159553 -0.153878 0.927581 124 120 74
-0.364449 0.0829907 0.753668 100 34 36
-0.270372 0.043283 0.713846 161 141 123
-0.267165 0.0659661 0.868987 190 144 118
-0.341671 0.0241608 0.711699 116 12 14
-0.278927 -0.0197787 0.676594 162 146 128
-0.234957 -0.0199212 0.817811 170 122 98
-0.139647 -0.0545011 0.800133 71 26 9
-0.134406 0.0854856 0.951134 151 120 112
-0.14859 -0.148605 0.965249 120 118 70
-0.116938 -0.00477835 0.873236 84 34 18
-0.280333 0.149347 0.783421 140 118 103
-0.296253 0.158577 0.790675 133 105 90
-0.3486 -0.0110479 0.682443 71 12 23
-0.0466773 0.0498234 0.866324 195 148 124
-0.322726 -0.166466 0.838594 76 50 27
-0.263455 -0.000909446 0.750642 135 13 16
-0.352967 -0.144226 0.949178 68 30 17
-0.255693 0.129692 0.809143 146 124 110
-0.418992 0.00439489 0.76773 66 16 36
0.376018 -0.256031 0.790568 122 12 12
-0.261858 0.11657 0.823666 146 122 108
-0.269357 0.100888 0.769801 156 134 119
-0.176552 -0.156749 0.948899 124 120 72
-0.295309 -0.0763749 0.878991 52 17 9
-0.35765 0.0735264 0.754811 106 74 78
-0.28425 -0.0642012 0.87552 67 23 14
-0.199412 0.0900627 0.884027 56 21 14
-0.452176 -0.15033 0.846457 138 130 94
0.0927784 -0.310954 1.56105 125 122 74
-0.292044 -0.138681 0.815677 81 46 28
-0.3256 0.0103098 0.672438 76 4 4
-0.234288 -0.018818 0.878329 178 128 104
-0.367541 0.0244195 0.680235 118 10 12
-0.416794 -0.14704 0.83446 148 138 104
-0.376425 -0.0232819 0.712827 128 10 14
0.236215 -0.122892 0.932841 118 113 84
-0.2684 0.046613 0.749151 160 138 120
-0.212817 0.0986349 0.885674 118 79 62
-0.357034 0.076782 0.74265 92 40 42
-0.229516 0.103737 0.852205 140 111 98
-0.243709 0.113831 0.810518 146 122 108
-0.132308 0.0265024 0.871641 106 58 41
-0.458523 -0.156444 0.861423 120 116 70
-0.224121 0.103301 0.854371 141 110 100
0.0878055 0.151408 0.849082 86 46 46
0.113629 -0.286933 1.50115 119 118 73
0.236317 -0.127255 0.940125 78 78 40
-0.208866 -0.176495 1.04691 134 130 81
-0.282376 -0.237352 0.857282 150 144 92
0.0832 0.146942 0.820612 50 16 15
0.208603 0.0128301 1.00553 146 133 108
0.0745903 -0.247247 1.16612 138 136 86
0.122479 -0.291215 1.37494 133 131 83
-0.322161 -0.177202 0.847878 78 43 26
-0.278169 0.0818372 0.79631 158 135 120
-0.147322 -0.184423 0.98691 143 140 88
0.0958556 -0.307246 1.42663 140 136 88
-2.58218 -0.560164 3.52667 142 136 90
-0.42929 0.177859 0.852775 162 100 43
0.176326 -0.317773 1.29975 140 136 88
-0.356001 -0.181891 0.838506 148 142 92
-0.273956 0.180267 0.790411 163 141 130
-0.14583 -0.156309 0.850036 138 134 82
-0.636243 -0.543526 1.33789 152 145 92
-0.376607 -0.179793 0.881589 144 138 88
0.168029 -0.3318 1.23399 140 136 86
0.193218 -0.00915676 1.07461 154 140 117
0.187052 -0.537111 1.53522 142 138 86
-0.170284 -0.381554 1.22844 149 143 92
-4.00489 -0.868897 5.82356 136 132 83
0.172358 -0.334354 1.32671 138 136 84
0.111266 -0.104802 1.10442 140 132 109
-0.366267 -0.188544 0.867693 149 143 93
0.104983 -0.260463 1.08428 140 136 88
-0.414482 -0.124549 0.943874 160 148 123
0.0470348 0.201767 0.824258 165 138 134
-0.181882 -0.627907 1.41288 146 140 89
-0.207061 -0.596599 1.37611 146 140 89
0.185998 -0.417163 1.20369 140 137 88
-0.496357 -0.225969 0.947598 150 144 93
0.061131 -0.356282 1.17212 142 138 90
0.194924 -0.420602 1.23023 142 138 88
-0.541303 -0.215047 0.96027 150 144 92
-0.321616 0.315251 0.87872 165 144 136
-0.160518 -0.263829 0.772466 150 144 92
0.154539 -0.377992 1.17866 138 135 86
0.207578 -0.385533 1.16912 140 136 86
-0.528234 -0.207384 0.942542 150 144 92
-0.614305 -0.483716 1.23966 150 144 90
0.0304559 -0.288032 0.98847 146 143 92
-0.329892 0.218132 0.723934 166 138 130
-0.1596 -0.278622 0.840209 150 144 92
-0.171711 -0.296315 0.855921 148 143 90
-2.62223 -1.5924 3.73568 153 146 92
-0.647161 0.381596 1.16974 166 144 134
0.338223 -0.106253 0.853778 118 98 70
0.409929 -0.0407703 0.906025 112 72 49
0.0843429 0.130952 0.836361 141 34 30
-0.297068 -0.164798 0.859062 76 44 34
0.398966 -0.178859 0.884869 139 109 97
0.521502 -0.273906 0.978029 156 124 110
-0.29305 0.13028 0.798725 138 116 101
-0.0433115 -0.0830003 0.902443 114 70 58
0.352928 -0.134594 0.827469 89 80 61
0.256618 -0.128089 0.894234 100 101 60
-0.318734 0.11552 0.761808 145 90 40
0.403516 0.0960251 0.925949 178 156 150
-0.326151 -0.0772049 0.657356 163 149 128
0.434527 -0.177818 0.927985 113 87 74
-0.301816 0.0111141 0.713636 131 53 22
-0.250752 -0.123611 0.865568 146 94 69
0.342407 0.00241794 0.941852 152 126 114
0.343993 -0.209359 0.759468 168 142 134
0.368724 -0.262498 0.788634 124 8 8
-0.046966 0.0356252 0.964212 166 118 96
0.251542 -0.118686 0.909287 147 137 114
-0.2563 0.0470889 0.901477 158 108 94
0.431616 -0.116822 0.841637 155 88 54
0.341548 -0.0548587 0.860891 176 108 78
0.412102 -0.173117 0.894236 154 132 121
0.128559 0.0980354 0.803907 149 76 75
-0.297115 -0.0108371 0.703357 130 81 30
0.343802 -0.234294 0.759765 125 49 36
0.33662 -0.0401101 0.863653 162 106 78
0.391007 -0.112504 0.841334 68 32 21
-0.104495 -0.151391 0.913002 152 117 80
0.438238 -0.122359 0.833241 152 106 78
-0.313172 -0.151691 0.834649 100 78 50
-0.355989 -0.13422 0.737214 156 144 118
-0.0581916 0.055014 0.944367 178 126 98
-0.0633977 -0.157213 0.905785 160 112 88
-0.361571 -0.130842 0.692196 155 143 113
0.438827 -0.12769 0.815287 120 102 75
-0.300168 -0.147765 0.834137 76 43 28
-0.159614 -0.15608 0.956117 125 121 74
0.25813 -0.148368 0.890637 123 122 78
-0.309527 -0.140179 0.837969 118 97 74
-0.334057 0.0244755 0.705996 121 14 14
-0.353917 -0.135574 0.748669 154 142 114
-0.470192 -0.157524 0.815499 126 122 78
-0.117816 -0.100826 0.843203 121 78 51
-0.145467 -0.158586 0.996978 126 118 72
0.536849 -0.127737 1.02116 145 127 92
-0.250323 -0.127987 0.855503 142 88 64
0.323622 -0.168363 0.925579 82 31 14
-0.152524 -0.157249 0.98982 123 118 72
-0.310767 -0.138242 0.808649 158 148 122
0.439884 -0.141285 0.81303 124 110 82
-0.309809 -0.0518465 0.669007 118 40 30
-0.272643 0.0531214 0.730564 160 139 124
-0.362313 0.0629107 0.737591 49 42 52
-0.45071 -0.150022 0.769308 127 120 75
0.0703475 0.0537329 0.777071 140 24 20
-0.035253 0.00994588 0.94965 168 126 109
-0.157189 -0.157814 0.975739 123 120 72
0.116956 0.0524967 0.793131 145 26 22
-0.0429961 0.0411304 0.948898 164 116 94
-0.138341 -0.0211798 0.908141 71 26 14
-0.13798 -0.0292083 0.906211 60 20 11
-0.0428453 0.0306236 0.946805 164 118 95
-0.305538 -0.142648 0.860047 68 32 18
-0.363361 0.0673652 0.739493 52 40 49
-0.292747 -0.143057 0.842431 70 34 24
-0.0264846 0.0260291 0.951912 155 116 97
-0.302213 -0.141989 0.730954 126 122 75
0.246176 -0.100792 0.947155 151 142 120
0.243323 -0.118545 0.902216 144 136 114
-0.346568 -0.141683 0.720197 126 122 77
0.162691 0.101276 0.844485 148 130 116
-0.301698 -0.129645 0.714306 158 146 117
-0.319282 -0.119603 0.671617 160 147 124
-0.101628 -0.221653 0.911229 102 60 46
-0.295964 -0.0986235 0.843707 100 54 31
-0.301128 -0.133122 0.751877 154 144 115
0.465018 -0.0868695 0.906303 152 106 79
-0.30102 -0.131838 0.740615 159 146 118
-0.09453 -0.248903 0.914087 60 30 16
-0.305157 -0.138008 0.735906 122 118 72
-0.263939 -0.216905 0.825076 66 41 21
-0.292243 -0.0591125 0.857697 110 66 43
-0.43595 -0.153758 0.780223 126 122 74
-0.356304 -0.153565 0.758464 132 127 77
-0.184199 -0.218988 0.910069 150 146 94
-0.32957 -0.11696 0.70691 162 148 124
-0.340431 -0.146674 0.732392 128 123 74
-0.318053 -0.137093 0.72874 118 112 67
0.176951 0.120485 0.874552 151 133 122
-0.355227 -0.137021 0.760997 152 140 110
-0.308925 -0.081451 0.705323 163 148 126
-0.472954 -0.158522 0.798974 128 122 76
-0.294581 -0.0652554 0.805703 160 146 124
0.213563 -0.0127427 1.08084 152 140 116
-0.43173 -0.165176 0.846661 127 123 76
-0.146599 -0.194517 0.999849 146 142 90
-0.318861 -0.123119 0.763493 162 150 124
-0.351873 -0.140303 0.755779 128 120 76
-0.173336 -0.166256 0.912459 140 136 83
-0.468124 -0.167173 0.807835 139 134 84
-0.428045 -0.156705 0.785132 128 124 74
-0.10115 -0.291093 0.920901 148 144 91
-0.147249 -0.210746 0.935666 150 146 93
-0.133657 -0.229434 0.917316 150 146 94
0.53753 -0.0875868 0.992298 152 140 118
-0.316189 -0.251429 0.824767 149 144 90
-0.317053 -0.204044 0.652778 151 144 92
-0.240544 0.210729 1.02656 162 141 131
0.199638 0.151883 0.874654 165 146 136
0.341643 -0.103925 0.853623 158 138 118
0.251971 0.0162462 0.978489 130 119 92
-0.370686 0.0463911 0.661196 156 106 46
0.335389 -0.0761912 0.868469 103 78 56
-0.351946 -0.0245127 0.688171 124 9 12
-0.315454 0.00482798 0.704267 102 11 10
0.357861 -0.0757633 0.858939 163 101 72
-0.205611 -0.112303 0.901508 136 96 74
-0.221332 -0.0788396 0.834899 141 95 72
0.3225 -0.107662 0.937201 74 38 20
0.306389 -0.115303 0.925427 160 129 112
-0.207203 -0.160523 0.904074 131 104 68
0.366042 -0.228017 0.768208 122 82 60
0.0777125 0.0759769 0.78836 97 56 42
-0.192751 -0.0388599 0.835244 165 106 86
0.475716 -0.30084 0.885751 93 86 66
0.147172 0.0918182 0.792509 147 128 116
-0.101568 -0.0792264 0.809691 102 56 33
0.387244 -0.215429 0.738504 140 120 111
0.323073 0.0249014 0.867568 158 113 92
-0.289702 0.063603 0.919804 166 120 96
-0.345712 0.0292071 0.682776 123 13 13
-0.311423 -0.179494 0.856868 75 40 22
0.378971 -0.17095 0.784456 127 82 60
0.411861 -0.0391657 0.89184 137 89 68
0.0567527 0.0437231 0.763866 100 24 19
-0.279246 0.156717 0.764912 134 94 83
0.0896772 0.0499522 0.779523 142 26 23
-0.103815 -0.137796 0.945061 174 124 92
-0.019278 0.0520176 0.947191 157 114 96
-0.288033 0.120469 0.828448 148 126 112
0.443346 -0.125349 0.856849 144 90 59
0.409298 -0.0865121 0.858317 106 66 49
0.266649 -0.0777379 0.919241 156 146 124
-0.119555 -0.15203 0.988404 154 109 80
-0.263478 0.138574 0.795794 146 124 112
-0.294355 -0.0273427 0.726147 162 144 126
-0.301135 0.0290634 0.945327 164 114 87
-0.317954 -0.0243933 0.681005 82 16 16
-0.306876 0.111008 0.882497 159 136 122
-0.282843 -0.0177981 0.684063 144 118 80
-0.0686519 -0.0927093 0.914383 171 128 110
0.261738 0.0111287 0.9185 156 130 116
0.156143 0.089439 0.816763 148 130 117
0.384831 0.0107659 0.896689 149 107 87
0.316819 -0.0244824 0.934276 130 101 86
-0.309814 -0.0121293 0.668597 116 12 13
-0.137211 -0.0389956 0.859514 102 58 34
-0.149382 -0.154817 1.0019 122 118 72
-0.0328008 0.0697509 0.945252 123 73 49
0.294924 -0.00934112 0.905925 87 48 23
-0.291779 0.0402562 0.747082 160 142 124
-0.300156 0.175883 0.795338 122 17 15
0.466182 -0.0709418 0.948453 102 66 48
0.160264 -0.0274358 0.988412 156 144 122
-0.334905 0.0930839 0.693886 84 10 11
-0.310062 -0.0759357 0.83448 161 146 124
-0.21059 -0.209553 1.00167 150 145 92
0.499167 -0.0244713 0.952099 72 40 20
0.223577 -0.105461 0.891693 148 139 118
-0.247444 -0.222974 0.846149 84 70 38
-0.179338 0.103032 0.929199 100 58 42
-0.361193 -0.107029 0.651166 162 149 124
0.176878 0.0448547 0.877179 152 136 118
-0.265473 0.172225 0.900418 162 140 129
-0.293166 -0.201256 0.714174 152 146 96
-0.0907767 -0.264937 0.833056 150 146 94
-0.120274 -0.247597 0.903723 150 146 94
-0.116689 -0.265426 0.904533 150 145 94
-0.120892 -0.245212 0.889843 150 146 94
0.562916 -0.0734314 1.04595 152 141 118
