9 1584 7745
0 0 0.379783 -0.345661
1 0 0.254414 -0.266778
0 1 0.288448 -0.328691
1 1 0.173708 -0.253321
0 2 0.296773 -0.31528
1 2 0.177101 -0.239421
0 3 0.478917 -0.300443
1 3 0.32609 -0.218575
0 4 0.493295 -0.29967
1 4 0.344996 -0.216842
0 5 0.292948 -0.29486
1 5 0.171265 -0.2192
0 6 0.507198 -0.294472
1 6 0.354288 -0.213353
0 7 0.297375 -0.292269
1 7 0.174944 -0.216474
0 8 0.335987 -0.291652
1 8 0.200622 -0.213745
0 9 0.418494 -0.289456
1 9 0.275045 -0.208663
0 10 -0.0518782 -0.281235
1 10 -0.150984 -0.211387
0 11 -0.06463 -0.280387
1 11 -0.163877 -0.210301
0 12 -0.046836 -0.280171
1 12 -0.144426 -0.210301
0 13 0.465353 -0.280181
1 13 0.316663 -0.200177
0 14 -0.0700515 -0.279271
1 14 -0.169351 -0.209155
0 15 -0.039772 -0.277995
1 15 -0.136792 -0.208199
0 16 -0.0741504 -0.278355
1 16 -0.172495 -0.208319
0 17 -0.0291977 -0.273078
1 17 -0.126455 -0.203119
0 18 0.357637 -0.272539
1 18 0.220443 -0.195399
0 19 0.294831 -0.271114
1 19 0.174479 -0.197118
0 20 0.38338 -0.267352
1 20 0.242575 -0.18963
0 21 0.47229 -0.265504
1 21 0.326636 -0.186717
0 22 -0.0554387 -0.264737
1 22 -0.156313 -0.195306
0 23 0.312269 -0.264533
1 23 0.185224 -0.190014
0 24 0.328417 -0.26328
1 24 0.197665 -0.187472
0 25 0.376175 -0.262072
1 25 0.236295 -0.184636
0 26 -0.0662468 -0.259331
1 26 -0.16621 -0.189782
0 27 -0.286464 -0.256106
1 27 -0.380339 -0.187293
0 28 -0.293267 -0.255749
1 28 -0.387984 -0.186746
0 29 -0.281959 -0.255518
1 29 -0.376915 -0.186913
0 30 -0.277214 -0.2551
1 30 -0.371836 -0.186463
0 31 -0.0445536 -0.254934
1 31 -0.146874 -0.184776
0 32 -0.0747149 -0.254811
1 32 -0.173945 -0.185606
0 33 0.34407 -0.254449
1 33 0.211189 -0.178723
0 34 0.450403 -0.253989
1 34 0.306529 -0.176327
0 35 -0.272469 -0.253469
1 35 -0.367641 -0.185016
0 36 0.326766 -0.253429
1 36 0.197909 -0.17833
0 37 0.46033 -0.253632
1 37 0.314801 -0.176145
0 38 -0.311964 -0.252346
1 38 -0.408883 -0.182109
0 39 -0.0484907 -0.252461
1 39 -0.149398 -0.183457
0 40 0.387156 -0.249784
1 40 0.248083 -0.173008
0 41 -0.324547 -0.247682
1 41 -0.420654 -0.177715
0 42 -0.102684 -0.247758
1 42 -0.197295 -0.179694
0 43 0.357515 -0.247352
1 43 0.223182 -0.171516
0 44 0.373083 -0.247443
1 44 0.236362 -0.170975
0 45 0.379529 -0.247797
1 45 0.240027 -0.171613
0 46 0.491648 -0.247104
1 46 0.344205 -0.169689
0 47 0.362471 -0.246694
1 47 0.227193 -0.170906
0 48 0.370254 -0.246527
1 48 0.234183 -0.170829
0 49 -0.259519 -0.246441
1 49 -0.353724 -0.178627
0 50 0.481473 -0.245147
1 50 0.335184 -0.16747
0 51 0.467662 -0.243593
1 51 0.321079 -0.166471
0 52 -0.038294 -0.242352
1 52 -0.137505 -0.174758
0 53 -0.27342 -0.241882
1 53 -0.371297 -0.172939
0 54 -0.0748611 -0.241953
1 54 -0.174913 -0.174006
0 55 0.30409 -0.241539
1 55 0.181817 -0.168996
0 56 0.541855 -0.242086
1 56 0.397022 -0.164729
0 57 -0.0399585 -0.241329
1 57 -0.142184 -0.172447
0 58 0.371779 -0.239085
1 58 0.235255 -0.163727
0 59 -0.29984 -0.238414
1 59 -0.398205 -0.168759
0 60 0.346298 -0.238459
1 60 0.214263 -0.16369
0 61 -0.0556138 -0.236856
1 61 -0.15766 -0.168546
0 62 0.463564 -0.236922
1 62 0.317154 -0.159685
0 63 0.477909 -0.237871
1 63 0.33097 -0.160941
0 64 0.520363 -0.237729
1 64 0.374902 -0.160418
0 65 -0.292591 -0.235598
1 65 -0.390909 -0.166664
0 66 0.452894 -0.236175
1 66 0.308595 -0.15891
0 67 0.431334 -0.235437
1 67 0.288426 -0.158672
0 68 -0.279954 -0.232859
1 68 -0.379335 -0.164137
0 69 -0.278569 -0.232553
1 69 -0.377467 -0.163956
0 70 0.321689 -0.233091
1 70 0.194765 -0.159767
0 71 0.441928 -0.233083
1 71 0.298452 -0.156926
0 72 0.486079 -0.2329
1 72 0.344251 -0.157016
0 73 -0.092089 -0.231964
1 73 -0.191182 -0.16461
0 74 0.455701 -0.230165
1 74 0.311957 -0.153661
0 75 -0.0356727 -0.229453
1 75 -0.136746 -0.161867
0 76 -0.0831727 -0.22862
1 76 -0.183339 -0.161041
0 77 0.340323 -0.228649
1 77 0.209512 -0.154426
0 78 0.361861 -0.228005
1 78 0.228061 -0.153145
0 79 -0.298806 -0.227282
1 79 -0.396502 -0.157999
0 80 0.556672 -0.227008
1 80 0.416341 -0.151551
0 81 0.530631 -0.22481
1 81 0.387374 -0.148432
0 82 -0.287614 -0.222399
1 82 -0.386741 -0.153915
0 83 -0.252753 -0.22315
1 83 -0.35081 -0.155847
0 84 0.490844 -0.219306
1 84 0.346185 -0.14293
0 85 0.552405 -0.219274
1 85 0.41184 -0.143914
0 86 -0.255755 -0.218646
1 86 -0.355496 -0.150822
0 87 -0.0865584 -0.218451
1 87 -0.186704 -0.151445
0 88 0.381809 -0.217097
1 88 0.244956 -0.142731
0 89 -0.0677145 -0.216146
1 89 -0.168384 -0.149177
0 90 0.395022 -0.216334
1 90 0.257348 -0.141508
0 91 0.440181 -0.215768
1 91 0.29989 -0.140585
0 92 0.390829 -0.214922
1 92 0.254459 -0.140783
0 93 0.402037 -0.214795
1 93 0.265663 -0.140292
0 94 0.409435 -0.214502
1 94 0.273482 -0.139322
0 95 0.417928 -0.214459
1 95 0.277313 -0.139216
0 96 0.467498 -0.214747
1 96 0.327224 -0.139191
0 97 -0.0206737 -0.213462
1 97 -0.122438 -0.146013
0 98 0.427727 -0.213276
1 98 0.287589 -0.138235
0 99 -0.313963 -0.210899
1 99 -0.413736 -0.14367
0 100 -0.246934 -0.211628
1 100 -0.345081 -0.144824
0 101 0.447578 -0.211562
1 101 0.307244 -0.136705
0 102 0.530663 -0.211593
1 102 0.388089 -0.136287
0 103 0.524164 -0.210294
1 103 0.381725 -0.134832
0 104 -0.274025 -0.20901
1 104 -0.369926 -0.142442
0 105 0.390057 -0.209214
1 105 0.254526 -0.135036
0 106 -0.295747 -0.208096
1 106 -0.395675 -0.140824
0 107 -0.0767023 -0.206623
1 107 -0.177817 -0.139548
0 108 -0.266744 -0.205432
1 108 -0.366353 -0.138516
0 109 0.337554 -0.206339
1 109 0.225206 -0.136861
0 110 -0.255085 -0.204812
1 110 -0.355146 -0.13798
0 111 -0.0423227 -0.204669
1 111 -0.142653 -0.138444
0 112 0.331142 -0.203499
1 112 0.21896 -0.134432
0 113 -0.259276 -0.202421
1 113 -0.358336 -0.136162
0 114 -0.271832 -0.199166
1 114 -0.370653 -0.133696
0 115 -0.241662 -0.199749
1 115 -0.341803 -0.133258
0 116 0.327823 -0.19939
1 116 0.215099 -0.130139
0 117 0.343833 -0.197295
1 117 0.231841 -0.128213
0 118 0.454047 -0.196834
1 118 0.339379 -0.126804
0 119 -0.0215813 -0.195389
1 119 -0.120877 -0.129355
0 120 -0.249465 -0.194127
1 120 -0.349658 -0.12736
0 121 -0.315973 -0.192906
1 121 -0.415037 -0.126741
0 122 -0.0595913 -0.192247
1 122 -0.159242 -0.127086
0 123 -0.281712 -0.191546
1 123 -0.381442 -0.125527
0 124 0.321709 -0.19124
1 124 0.211134 -0.122986
0 125 -0.000489663 -0.184451
1 125 -0.0999272 -0.119266
0 126 -0.274631 -0.183061
1 126 -0.373708 -0.117392
0 127 -0.0056436 -0.183354
1 127 -0.106224 -0.118117
0 128 0.466862 -0.18291
1 128 0.351484 -0.11436
0 129 -0.0176346 -0.181076
1 129 -0.117286 -0.116369
0 130 -0.313998 -0.18038
1 130 -0.413765 -0.115039
0 131 -0.299678 -0.179909
1 131 -0.399527 -0.114562
0 132 0.387098 -0.179573
1 132 0.26702 -0.110044
0 133 0.478435 -0.179659
1 133 0.36159 -0.109903
0 134 -0.059388 -0.178686
1 134 -0.156893 -0.114433
0 135 -0.0528218 -0.178766
1 135 -0.149935 -0.114644
0 136 0.434051 -0.178196
1 136 0.310923 -0.108146
0 137 -0.0668662 -0.177521
1 137 -0.164232 -0.113374
0 138 -0.0372713 -0.177602
1 138 -0.135879 -0.113345
0 139 0.3277 -0.177581
1 139 0.212876 -0.109202
0 140 0.376083 -0.177551
1 140 0.259114 -0.108346
0 141 -0.073206 -0.17638
1 141 -0.17043 -0.11222
0 142 0.0127848 -0.176566
1 142 -0.0873376 -0.111683
0 143 -0.0931661 -0.17473
1 143 -0.188081 -0.110754
0 144 0.340434 -0.172834
1 144 0.228957 -0.105429
0 145 -0.0333487 -0.171609
1 145 -0.132178 -0.107608
0 146 0.425901 -0.172471
1 146 0.297613 -0.101557
0 147 -0.314317 -0.168502
1 147 -0.414838 -0.104213
0 148 0.411767 -0.168644
1 148 0.283299 -0.0977293
0 149 0.394926 -0.167978
1 149 0.273196 -0.099
0 150 -0.246288 -0.166672
1 150 -0.343646 -0.102824
0 151 -0.252352 -0.164128
1 151 -0.348357 -0.101019
0 152 -0.230629 -0.164298
1 152 -0.3264 -0.100778
0 153 0.421354 -0.162812
1 153 0.292553 -0.0920205
0 154 -0.260755 -0.162032
1 154 -0.358664 -0.0984845
0 155 -0.271455 -0.160732
1 155 -0.370936 -0.0973406
0 156 -0.00605454 -0.160154
1 156 -0.105878 -0.0962775
0 157 0.41525 -0.160719
1 157 0.285635 -0.0902968
0 158 0.474444 -0.160693
1 158 0.362562 -0.0936213
0 159 0.00841429 -0.159583
1 159 -0.0910869 -0.09522
0 160 0.378189 -0.159212
1 160 0.259948 -0.0908159
0 161 0.302669 -0.158445
1 161 0.185862 -0.0898144
0 162 -0.313505 -0.156135
1 162 -0.409613 -0.0922805
0 163 -0.214716 -0.156586
1 163 -0.310269 -0.0934159
0 164 -0.201944 -0.155967
1 164 -0.29454 -0.0931403
0 165 0.31652 -0.15488
1 165 0.199304 -0.0863703
0 166 0.389794 -0.155494
1 166 0.270213 -0.0869326
0 167 0.449082 -0.153914
1 167 0.32044 -0.0833808
0 168 -0.294031 -0.151282
1 168 -0.392111 -0.0879748
0 169 0.0140022 -0.151391
1 169 -0.0866904 -0.0878011
0 170 -0.240728 -0.150678
1 170 -0.338978 -0.0875098
0 171 -0.239527 -0.150746
1 171 -0.33645 -0.0878835
0 172 -0.233294 -0.150632
1 172 -0.329649 -0.0879944
0 173 0.414491 -0.150543
1 173 0.284979 -0.0801044
0 174 -0.250591 -0.149288
1 174 -0.348424 -0.0862809
0 175 -0.260582 -0.14836
1 175 -0.359383 -0.0851501
0 176 -0.25713 -0.148563
1 176 -0.354154 -0.0860015
0 177 -0.22262 -0.148946
1 177 -0.320431 -0.0865747
0 178 0.34358 -0.148751
1 178 0.235248 -0.082382
0 179 0.333947 -0.147314
1 179 0.22011 -0.0800036
0 180 0.376336 -0.147635
1 180 0.258885 -0.079629
0 181 0.420153 -0.147104
1 181 0.291595 -0.0773579
0 182 0.509143 -0.147621
1 182 0.380939 -0.077299
0 183 -0.271512 -0.146553
1 183 -0.368409 -0.0837615
0 184 0.503353 -0.145471
1 184 0.374802 -0.074958
0 185 -0.0241909 -0.144936
1 185 -0.124541 -0.0818555
0 186 0.308666 -0.144347
1 186 0.192239 -0.0770533
0 187 0.49115 -0.144756
1 187 0.365134 -0.0747323
0 188 0.426698 -0.14412
1 188 0.297413 -0.0739878
0 189 0.315582 -0.142809
1 189 0.200155 -0.0755406
0 190 0.486663 -0.141574
1 190 0.359487 -0.0717107
0 191 -0.0103135 -0.139343
1 191 -0.111167 -0.0763144
0 192 -0.00308215 -0.13846
1 192 -0.104244 -0.0754438
0 193 -0.296648 -0.136875
1 193 -0.392671 -0.0748094
0 194 0.0121074 -0.136519
1 194 -0.0893168 -0.0728178
0 195 0.292846 -0.137503
1 195 0.177028 -0.0705366
0 196 -0.324529 -0.134232
1 196 -0.419367 -0.0725873
0 197 -0.075444 -0.134494
1 197 -0.177607 -0.0711985
0 198 -0.239082 -0.132019
1 198 -0.337138 -0.0697949
0 199 0.332558 -0.132602
1 199 0.221148 -0.0666546
0 200 -0.306719 -0.131125
1 200 -0.402592 -0.0694274
0 201 0.00505856 -0.130658
1 201 -0.0954816 -0.0677569
0 202 0.325649 -0.130341
1 202 0.210771 -0.0636702
0 203 0.424822 -0.130358
1 203 0.295179 -0.0614101
0 204 0.435905 -0.128014
1 204 0.309742 -0.0586526
0 205 -0.126021 -0.126884
1 205 -0.233601 -0.0622265
0 206 0.499921 -0.126157
1 206 0.371884 -0.0563648
0 207 -0.231642 -0.124893
1 207 -0.330405 -0.0628909
0 208 0.476609 -0.124554
1 208 0.348106 -0.0547583
0 209 -0.333263 -0.123686
1 209 -0.426593 -0.0626618
0 210 0.00853628 -0.122592
1 210 -0.0914746 -0.0604718
0 211 0.412741 -0.122392
1 211 0.287611 -0.0537405
0 212 0.508162 -0.121723
1 212 0.381331 -0.0523299
0 213 -0.0909328 -0.119967
1 213 -0.192959 -0.057446
0 214 -0.0125459 -0.11866
1 214 -0.113665 -0.0566345
0 215 0.323277 -0.118939
1 215 0.210544 -0.0534712
0 216 -0.0978236 -0.116999
1 216 -0.199882 -0.0550006
0 217 0.327736 -0.116621
1 217 0.215081 -0.0503835
0 218 -0.300235 -0.115407
1 218 -0.397492 -0.0534469
0 219 0.411542 -0.115652
1 219 0.284896 -0.0472636
0 220 0.422701 -0.11569
1 220 0.294304 -0.0468238
0 221 0.443648 -0.114618
1 221 0.315442 -0.0461834
0 222 -0.320239 -0.112303
1 222 -0.414799 -0.0518962
0 223 -0.304146 -0.113574
1 223 -0.400893 -0.0526285
0 224 0.289595 -0.112958
1 224 0.179241 -0.0479517
0 225 -0.323739 -0.111273
1 225 -0.41786 -0.0508542
0 226 0.317207 -0.110589
1 226 0.203774 -0.044816
0 227 -0.328005 -0.110064
1 227 -0.423958 -0.0490551
0 228 -0.219001 -0.10908
1 228 -0.318929 -0.0488111
0 229 0.496893 -0.107614
1 229 0.371538 -0.0390013
0 230 0.306526 -0.106591
1 230 0.194113 -0.0418808
0 231 -0.0929724 -0.105667
1 231 -0.19724 -0.0429957
0 232 0.415545 -0.103881
1 232 0.290621 -0.0361101
0 233 -0.231857 -0.102901
1 233 -0.332677 -0.0411067
0 234 -0.22797 -0.102126
1 234 -0.328087 -0.040176
0 235 -0.2412 -0.101088
1 235 -0.343579 -0.0400041
0 236 0.290774 -0.101097
1 236 0.179948 -0.0366853
0 237 -0.288982 -0.100112
1 237 -0.385913 -0.0399123
0 238 0.42592 -0.0994794
1 238 0.299683 -0.0311222
0 239 -0.329471 -0.097619
1 239 -0.423368 -0.037726
0 240 -0.297925 -0.097441
1 240 -0.393839 -0.037361
0 241 0.300951 -0.0975816
1 241 0.188561 -0.0329993
0 242 -0.441472 -0.0959134
1 242 -0.559426 -0.0310114
0 243 -0.22689 -0.0965715
1 243 -0.329926 -0.0352296
0 244 0.295352 -0.096306
1 244 0.183622 -0.0318651
0 245 0.388444 -0.0967321
1 245 0.264708 -0.0297695
0 246 0.451617 -0.0965349
1 246 0.326477 -0.0289136
0 247 -0.106459 -0.0955332
1 247 -0.21679 -0.0320103
0 248 0.375811 -0.0960036
1 248 0.253483 -0.0291804
0 249 -0.23448 -0.094634
1 249 -0.337569 -0.0332623
0 250 -0.222286 -0.0924912
1 250 -0.32422 -0.0318306
0 251 -0.179076 -0.0936354
1 251 -0.290024 -0.0310102
0 252 -0.267499 -0.092177
1 252 -0.372028 -0.0301068
0 253 0.341086 -0.0915094
1 253 0.237966 -0.0288771
0 254 0.466361 -0.0919691
1 254 0.340328 -0.0241711
0 255 0.484436 -0.0923182
1 255 0.372089 -0.0272104
0 256 -0.315172 -0.0903231
1 256 -0.410366 -0.0309376
0 257 -0.201654 -0.0901718
1 257 -0.310176 -0.0280355
0 258 0.45848 -0.0907218
1 258 0.332712 -0.022719
0 259 -0.429689 -0.0899734
1 259 -0.546653 -0.0257219
0 260 0.336167 -0.0899093
1 260 0.232421 -0.0272293
0 261 0.427741 -0.0852484
1 261 0.301394 -0.0179844
0 262 0.468712 -0.0851496
1 262 0.343549 -0.0174676
0 263 -0.289939 -0.0837321
1 263 -0.386759 -0.0239135
0 264 0.386299 -0.083997
1 264 0.263523 -0.0175296
0 265 0.284979 -0.0826426
1 265 0.176563 -0.0189125
0 266 -0.179385 -0.0806174
1 266 -0.290133 -0.0186116
0 267 -0.124284 -0.0804334
1 267 -0.234177 -0.0181475
0 268 -0.0731464 -0.0810229
1 268 -0.178824 -0.0203798
0 269 0.460735 -0.0807776
1 269 0.335702 -0.0137298
0 270 -0.107818 -0.0799769
1 270 -0.217381 -0.0183454
0 271 0.414305 -0.0796173
1 271 0.288954 -0.0126212
0 272 -0.167954 -0.0795246
1 272 -0.279961 -0.0176316
0 273 0.396328 -0.0785477
1 273 0.271687 -0.0121856
0 274 0.405077 -0.0788315
1 274 0.279588 -0.0119852
0 275 -0.23915 -0.0765571
1 275 -0.344942 -0.0155323
0 276 0.421803 -0.0759026
1 276 0.296292 -0.00863393
0 277 -0.314519 -0.0741309
1 277 -0.408542 -0.0151953
0 278 -0.302374 -0.0708433
1 278 -0.398159 -0.011659
0 279 -0.11542 -0.0696216
1 279 -0.225547 -0.00835129
0 280 -0.0870177 -0.069697
1 280 -0.192452 -0.00888563
0 281 -0.170575 -0.0668206
1 281 -0.282231 -0.0052207
0 282 0.279481 -0.0670495
1 282 0.170312 -0.00434272
0 283 0.285025 -0.0655958
1 283 0.177443 -0.00281564
0 284 -0.282267 -0.0632192
1 284 -0.377619 -0.00530755
0 285 -0.203551 -0.0638803
1 285 -0.313684 -0.00284997
0 286 0.304151 -0.0625318
1 286 0.193335 0.000423365
0 287 -0.15898 -0.0603362
1 287 -0.269804 0.000726866
0 288 -0.268215 -0.0587849
1 288 -0.368595 0.000822198
0 289 -0.227613 -0.0592069
1 289 -0.335347 0.00194597
0 290 0.430099 -0.0592727
1 290 0.30743 0.00724795
0 291 0.284125 -0.0574723
1 291 0.174986 0.00523805
0 292 0.409972 -0.0561461
1 292 0.286341 0.00941182
0 293 0.380672 -0.0542055
1 293 0.258194 0.0110398
0 294 0.292774 -0.0536392
1 294 0.185896 0.00878495
0 295 0.451476 -0.0536048
1 295 0.333251 0.0108285
0 296 0.322123 -0.0509862
1 296 0.217141 0.0108438
0 297 0.44311 -0.0496599
1 297 0.324483 0.0155485
0 298 -0.203166 -0.043213
1 298 -0.309093 0.0171347
0 299 0.310358 -0.041568
1 299 0.203246 0.0201896
0 300 0.308662 -0.0411714
1 300 0.201794 0.0206621
0 301 -0.324881 -0.0399891
1 301 -0.437364 0.0208554
0 302 -0.31134 -0.0402152
1 302 -0.423543 0.0207481
0 303 0.306855 -0.0408201
1 303 0.198943 0.0210706
0 304 0.36122 -0.0391336
1 304 0.244196 0.0251316
0 305 0.407864 -0.0388705
1 305 0.286413 0.0260773
0 306 -0.304382 -0.0359926
1 306 -0.417734 0.0241629
0 307 0.268742 -0.0358641
1 307 0.164344 0.0252768
0 308 0.293607 -0.0351801
1 308 0.186935 0.0265667
0 309 0.476783 -0.0360315
1 309 0.3556 0.0296502
0 310 0.404242 -0.0344963
1 310 0.281936 0.0306702
0 311 -0.341833 -0.0298478
1 311 -0.453627 0.0302858
0 312 0.411922 -0.0296433
1 312 0.292878 0.0349796
0 313 -0.369402 -0.0268064
1 313 -0.482879 0.0337073
0 314 -0.383349 -0.025454
1 314 -0.498239 0.0352884
0 315 -0.225645 -0.0255379
1 315 -0.324744 0.0318844
0 316 -0.403767 -0.0241136
1 316 -0.516615 0.0354909
0 317 0.33239 -0.019653
1 317 0.22026 0.042313
0 318 0.450099 -0.0197805
1 318 0.332202 0.0443946
0 319 0.50043 -0.0150045
1 319 0.390125 0.047643
0 320 0.426987 -0.0139452
1 320 0.307985 0.0503809
0 321 0.247546 -0.0105104
1 321 0.148315 0.0500277
0 322 0.343669 -0.0110993
1 322 0.229066 0.0513594
0 323 0.411646 -0.0027992
1 323 0.291666 0.0612966
0 324 0.43627 -0.00296965
1 324 0.317043 0.0604001
0 325 -0.274234 -2.58068e-05
1 325 -0.368819 0.055556
0 326 0.246544 8.42681e-06
1 326 0.146748 0.0591689
0 327 0.290021 0.00113842
1 327 0.178278 0.062506
0 328 0.254843 0.00198368
1 328 0.15132 0.0614287
0 329 -0.239225 0.00413365
1 329 -0.338027 0.0614791
0 330 0.103392 0.00532518
1 330 -0.0212397 0.0672426
0 331 0.351781 0.00546761
1 331 0.235464 0.0683863
0 332 0.35955 0.00854497
1 332 0.24155 0.0708557
0 333 0.279761 0.00973982
1 333 0.168696 0.070588
0 334 0.362032 0.00942799
1 334 0.243579 0.0716559
0 335 0.127116 0.0105167
1 335 0.00696309 0.0712016
0 336 0.401527 0.0113676
1 336 0.279121 0.0749968
0 337 0.14841 0.0115373
1 337 0.0294527 0.0724709
0 338 0.368332 0.011675
1 338 0.25112 0.0746766
0 339 0.261715 0.014229
1 339 0.155855 0.0740889
0 340 -0.381313 0.0153299
1 340 -0.497523 0.0742195
0 341 0.388889 0.0164873
1 341 0.268251 0.0795132
0 342 0.27462 0.0180307
1 342 0.164386 0.0788092
0 343 0.0971937 0.0198858
1 343 -0.0282633 0.0814112
0 344 0.00904751 0.0242659
1 344 -0.0874344 0.080594
0 345 0.0685098 0.024945
1 345 -0.0623209 0.0862593
0 346 0.288535 0.0247044
1 346 0.177162 0.0849945
0 347 0.35625 0.0240344
1 347 0.236176 0.0866047
0 348 0.0705112 0.0252644
1 348 -0.0569539 0.08638
0 349 0.0977671 0.0261051
1 349 -0.0278492 0.0875348
0 350 0.103492 0.0264777
1 350 -0.0216394 0.0874472
0 351 0.398834 0.0265342
1 351 0.276048 0.0897001
0 352 0.0791715 0.0285781
1 352 -0.0493857 0.0896311
0 353 -0.309181 0.0309443
1 353 -0.397868 0.0843035
0 354 0.344662 0.0329313
1 354 0.226381 0.0951275
0 355 0.305859 0.0338582
1 355 0.192196 0.094722
0 356 0.416986 0.0348579
1 356 0.296128 0.0975519
0 357 0.493984 0.0342123
1 357 0.37822 0.097929
0 358 0.341115 0.0354018
1 358 0.222882 0.0976302
0 359 -0.414084 0.0399302
1 359 -0.531317 0.0979357
0 360 -0.148917 0.0399951
1 360 -0.248465 0.0953403
0 361 0.28032 0.0398857
1 361 0.169724 0.0996632
0 362 -0.315531 0.0416184
1 362 -0.40364 0.0944479
0 363 -0.144015 0.0406766
1 363 -0.241027 0.0960435
0 364 -0.432796 0.0416755
1 364 -0.550873 0.0993215
0 365 0.34811 0.0417441
1 365 0.228789 0.103915
0 366 -0.410262 0.0425494
1 366 -0.528769 0.0993451
0 367 -0.296422 0.0449628
1 367 -0.389176 0.099233
0 368 0.293384 0.0460372
1 368 0.182313 0.106609
0 369 0.308663 0.0461418
1 369 0.195093 0.106578
0 370 -0.157396 0.0464778
1 370 -0.257843 0.102352
0 371 -0.00639976 0.0485799
1 371 -0.105169 0.104729
0 372 -0.426223 0.0496884
1 372 -0.54404 0.106733
0 373 -0.0985621 0.0504651
1 373 -0.196258 0.106514
0 374 0.032454 0.0505395
1 374 -0.0825723 0.109247
0 375 -0.0807805 0.0517934
1 375 -0.179363 0.108211
0 376 -0.0147377 0.0513155
1 376 -0.113798 0.107572
0 377 0.278933 0.0514845
1 377 0.170903 0.11136
0 378 -0.0569239 0.0536898
1 378 -0.154966 0.110386
0 379 0.299345 0.0533462
1 379 0.186972 0.113273
0 380 -0.0828621 0.0555335
1 380 -0.181839 0.111469
0 381 0.344607 0.0581811
1 381 0.23241 0.118846
0 382 -0.409488 0.0593078
1 382 -0.526497 0.115631
0 383 -0.418329 0.0616988
1 383 -0.534769 0.117945
0 384 -0.420859 0.0625746
1 384 -0.53826 0.11902
0 385 -0.396925 0.0626777
1 385 -0.514133 0.118735
0 386 -0.159037 0.0626205
1 386 -0.258654 0.117908
0 387 -0.150182 0.063022
1 387 -0.250005 0.118904
0 388 -0.000780908 0.0628323
1 388 -0.116789 0.121582
0 389 -0.423383 0.0632393
1 389 -0.54112 0.119897
0 390 -0.113744 0.0637164
1 390 -0.211667 0.119041
0 391 0.0996314 0.0637258
1 391 -0.0298167 0.124652
0 392 0.106823 0.063752
1 392 -0.0243611 0.124843
0 393 0.119185 0.0642836
1 393 -0.0126135 0.125625
0 394 0.126762 0.0645039
1 394 -0.0066504 0.125125
0 395 -0.428207 0.0645872
1 395 -0.545643 0.121126
0 396 0.36545 0.0654894
1 396 0.247308 0.127274
0 397 -0.10744 0.0660289
1 397 -0.206597 0.121181
0 398 0.114257 0.0653917
1 398 -0.0169994 0.126661
0 399 0.327458 0.065956
1 399 0.212765 0.126463
0 400 0.375528 0.0669971
1 400 0.256615 0.128328
0 401 -0.21987 0.0683169
1 401 -0.31822 0.122751
0 402 -0.189885 0.0694257
1 402 -0.292201 0.124715
0 403 -0.0974138 0.0692887
1 403 -0.196202 0.124567
0 404 -0.447489 0.0701401
1 404 -0.564513 0.126074
0 405 -0.0828512 0.0704461
1 405 -0.182084 0.126127
0 406 -0.05321 0.0705821
1 406 -0.153987 0.127524
0 407 -0.0643286 0.0716454
1 407 -0.16465 0.127874
0 408 -0.0585103 0.0713471
1 408 -0.157986 0.127593
0 409 -0.238222 0.0730878
1 409 -0.337622 0.127781
0 410 0.00201198 0.0729095
1 410 -0.115287 0.131865
0 411 0.194294 0.0722059
1 411 0.0720766 0.131972
0 412 0.100663 0.0746603
1 412 -0.0315048 0.135534
0 413 0.125681 0.0754807
1 413 -0.00696696 0.13623
0 414 -0.266965 0.076038
1 414 -0.364525 0.130288
0 415 -0.279975 0.0775189
1 415 -0.377033 0.130928
0 416 0.0306289 0.0767483
1 416 -0.0917657 0.136011
0 417 -0.43768 0.0783157
1 417 -0.554936 0.133597
0 418 0.0132609 0.0783682
1 418 -0.10537 0.137033
0 419 0.17778 0.078424
1 419 0.0516165 0.13854
0 420 0.185846 0.0780899
1 420 0.065678 0.138126
0 421 -0.424309 0.0796318
1 421 -0.542358 0.135192
0 422 -0.422214 0.0794771
1 422 -0.539158 0.134764
0 423 0.357738 0.0791083
1 423 0.24083 0.140312
0 424 0.370417 0.0812449
1 424 0.252631 0.142676
0 425 0.476681 0.0816971
1 425 0.366018 0.143013
0 426 -0.380219 0.083122
1 426 -0.495955 0.138535
0 427 0.129276 0.0841215
1 427 -0.00197163 0.143989
0 428 0.111682 0.0858535
1 428 -0.0199255 0.146704
0 429 0.198198 0.0860842
1 429 0.074583 0.145326
0 430 -0.180887 0.0879037
1 430 -0.282475 0.142464
0 431 -0.250129 0.0895874
1 431 -0.350519 0.143722
0 432 -0.244886 0.0891646
1 432 -0.344351 0.143282
0 433 -0.262835 0.0904676
1 433 -0.363834 0.144824
0 434 -0.412269 0.0915361
1 434 -0.529232 0.14659
0 435 -0.280103 0.0923152
1 435 -0.377871 0.145465
0 436 -0.273821 0.09203
1 436 -0.366897 0.144984
0 437 0.138594 0.0919586
1 437 0.0077486 0.152805
0 438 0.114417 0.0932045
1 438 -0.0144585 0.152598
0 439 0.462918 0.0927329
1 439 0.352555 0.152859
0 440 -0.384055 0.0943523
1 440 -0.499924 0.149142
0 441 0.0705748 0.0966432
1 441 -0.0571373 0.15582
0 442 0.0781253 0.0961243
1 442 -0.0509126 0.156172
0 443 0.141142 0.0978956
1 443 0.00972334 0.158466
0 444 0.128444 0.0996112
1 444 -0.00102135 0.158918
0 445 -0.448208 0.102484
1 445 -0.564723 0.157057
0 446 0.0645094 0.103597
1 446 -0.0634936 0.16242
0 447 -0.422897 0.103901
1 447 -0.539189 0.158305
0 448 -0.450327 0.105813
1 448 -0.566809 0.159728
0 449 0.0840895 0.105619
1 449 -0.0456049 0.165539
0 450 0.0971288 0.105269
1 450 -0.0311324 0.164843
0 451 0.139818 0.106152
1 451 0.00866045 0.166371
0 452 -0.458348 0.115447
1 452 -0.573834 0.168658
0 453 0.0730698 0.11896
1 453 -0.0561397 0.177744
0 454 0.136129 0.122003
1 454 0.0123456 0.180753
0 455 -0.40779 0.131392
1 455 -0.518495 0.184809
0 456 0.0717337 0.137165
1 456 -0.0541901 0.195774
0 457 0.129764 0.138466
1 457 0.00511682 0.197175
0 458 -0.407838 0.147736
1 458 -0.517463 0.200024
0 459 0.0740928 0.149797
1 459 -0.0449425 0.206605
0 460 0.0819103 0.155134
1 460 -0.0385879 0.212591
0 461 0.0778217 0.156782
1 461 -0.0427231 0.214372
2 7 0.345836 -0.200101
2 9 0.483772 -0.188746
0 462 0.444201 -0.287473
2 462 0.508173 -0.185871
2 11 -0.0208567 -0.199401
0 463 -0.0636556 -0.280627
2 463 -0.0193364 -0.199907
2 14 -0.0277399 -0.19897
0 464 0.499704 -0.277534
2 464 0.556979 -0.175319
0 465 -0.0790139 -0.276894
2 465 -0.0354059 -0.196859
2 18 0.417957 -0.175629
2 19 0.340558 -0.180281
0 466 0.464505 -0.268521
2 466 0.523559 -0.168162
2 22 -0.00841212 -0.182229
2 23 0.363846 -0.171963
2 24 0.383899 -0.169034
0 467 0.322149 -0.262292
2 467 0.378362 -0.168619
2 25 0.435925 -0.165273
2 26 -0.0198186 -0.17728
0 468 -0.0892313 -0.25678
2 468 -0.044958 -0.175292
0 469 -0.298869 -0.255414
2 469 -0.25738 -0.176574
2 29 -0.240417 -0.176562
2 30 -0.233714 -0.175304
2 32 -0.028466 -0.172673
0 470 0.295162 -0.253839
2 470 0.339537 -0.163533
2 33 0.400464 -0.159578
2 35 -0.230303 -0.173786
0 471 0.300231 -0.252733
2 471 0.348466 -0.162451
2 36 0.380699 -0.159827
2 39 0.000179133 -0.169632
2 40 0.447264 -0.153101
2 43 0.41496 -0.15179
0 472 0.371877 -0.247061
2 472 0.430554 -0.150785
0 473 0.465608 -0.247596
2 473 0.525033 -0.148445
2 47 0.42058 -0.151359
2 48 0.429615 -0.150683
2 50 0.536466 -0.145534
0 474 -0.281808 -0.244138
2 474 -0.234816 -0.163073
0 475 -0.277399 -0.242918
2 475 -0.230666 -0.161804
2 52 0.00991746 -0.1589
2 54 -0.0280904 -0.159336
0 476 -0.0904519 -0.240513
2 476 -0.0456344 -0.158305
2 57 0.0047951 -0.157225
2 58 0.430273 -0.143085
2 59 -0.252027 -0.156936
2 60 0.401493 -0.144488
2 61 -0.00854723 -0.153687
0 477 0.31259 -0.237101
2 477 0.360099 -0.146263
2 65 -0.245819 -0.154359
2 67 0.489355 -0.137416
2 68 -0.232874 -0.151161
2 70 0.368537 -0.142543
2 71 0.500551 -0.135813
2 72 0.542512 -0.13357
2 73 -0.0466458 -0.14992
0 478 0.33542 -0.230876
2 478 0.389083 -0.138114
0 479 0.446179 -0.230697
2 479 0.50483 -0.132492
0 480 -0.302803 -0.229511
2 480 -0.254344 -0.147292
2 76 -0.0360634 -0.145599
0 481 -0.0282457 -0.228196
2 481 0.0188483 -0.145005
2 77 0.394553 -0.135727
0 482 0.365838 -0.227023
2 482 0.421557 -0.132503
0 483 -0.294334 -0.225053
2 483 -0.246119 -0.142795
2 82 -0.239258 -0.139444
0 484 -0.307311 -0.218581
2 484 -0.260508 -0.136076
2 86 -0.209218 -0.135814
2 87 -0.0393144 -0.135187
2 88 0.438502 -0.122331
2 89 -0.0205065 -0.132647
2 94 0.465296 -0.118932
2 95 0.471242 -0.118832
2 97 0.02219 -0.131063
0 485 -0.301109 -0.212823
2 485 -0.252728 -0.129118
2 99 -0.267033 -0.127875
0 486 -0.327917 -0.208388
2 486 -0.283884 -0.125334
2 106 -0.248492 -0.124736
2 108 -0.219088 -0.122322
2 110 -0.206061 -0.120852
0 487 -0.299612 -0.201035
2 487 -0.252536 -0.116962
2 114 -0.224226 -0.11473
2 115 -0.193755 -0.115927
0 488 -0.0470629 -0.198477
2 488 -0.00250419 -0.115661
0 489 3.82979e-05 -0.197669
2 489 0.0409793 -0.115847
0 490 -0.273912 -0.197124
2 490 -0.226713 -0.112242
2 119 0.0223268 -0.112187
2 121 -0.272995 -0.109585
2 122 -0.0144655 -0.10934
2 124 0.352992 -0.10506
0 491 -0.30389 -0.188787
2 491 -0.258401 -0.103581
0 492 -0.0361868 -0.18793
2 492 0.00622752 -0.105295
2 125 0.0424886 -0.101166
2 127 0.0382706 -0.0997489
0 493 -0.0471648 -0.180968
2 493 -0.00357125 -0.0987007
2 130 -0.269831 -0.095617
2 131 -0.253934 -0.0948814
2 132 0.423522 -0.0904427
2 134 -0.0169088 -0.0952477
2 135 -0.00841591 -0.0956458
2 136 0.468861 -0.0883472
2 137 -0.0240224 -0.0942327
2 138 0.00532356 -0.0947484
0 494 0.0116785 -0.177159
2 494 0.0545802 -0.0938681
2 140 0.405479 -0.0916929
2 141 -0.0296642 -0.0930571
0 495 -0.323862 -0.171904
2 495 -0.282613 -0.0871199
2 145 0.00986374 -0.0887477
0 496 -0.295751 -0.167491
2 496 -0.2511 -0.0818962
2 149 0.431521 -0.0792546
2 152 -0.190472 -0.0806702
2 154 -0.217656 -0.0772249
0 497 -0.303112 -0.160887
2 497 -0.260877 -0.0750423
2 156 0.0367268 -0.0767806
2 157 0.461915 -0.0687938
2 159 0.0527445 -0.0756503
2 160 0.414539 -0.0711002
2 162 -0.273061 -0.0713077
2 166 0.427093 -0.0668749
2 168 -0.254271 -0.0659759
2 169 0.0572772 -0.068159
2 170 -0.199767 -0.0653661
0 498 -0.23029 -0.15049
2 498 -0.188361 -0.0657509
2 173 0.460957 -0.0592106
2 174 -0.208693 -0.063618
2 176 -0.215275 -0.0635646
2 177 -0.181578 -0.0642551
0 499 -0.124688 -0.146789
2 499 -0.0996187 -0.0671542
2 179 0.369785 -0.0607978
2 180 0.411906 -0.0609241
2 182 0.540951 -0.0571939
0 500 -0.31923 -0.145844
2 500 -0.284508 -0.060473
2 183 -0.231448 -0.0616561
2 185 0.0198299 -0.0612991
2 188 0.473781 -0.0531216
2 189 0.354724 -0.0558817
0 501 0.411649 -0.142641
2 501 0.458533 -0.0519249
0 502 0.48035 -0.142714
2 502 0.513925 -0.0532784
2 192 0.0415995 -0.0545781
0 503 -0.318372 -0.137229
2 503 -0.281058 -0.0524115
2 193 -0.257961 -0.0506191
0 504 -0.137734 -0.137044
2 504 -0.114026 -0.0579565
2 194 0.0568459 -0.0520041
2 195 0.335224 -0.0508878
0 505 0.436082 -0.136564
2 505 0.480855 -0.0452784
0 506 -0.462777 -0.13648
2 506 -0.386561 -0.0346151
2 196 -0.290688 -0.0491435
2 197 -0.0254336 -0.0487839
0 507 0.408528 -0.135168
2 507 0.450809 -0.0460646
2 198 -0.196119 -0.0458313
0 508 -0.147291 -0.130236
2 508 -0.124739 -0.0511702
0 509 -0.115706 -0.130206
2 509 -0.0830021 -0.0490426
0 510 -0.0677935 -0.130229
2 510 -0.017174 -0.0444615
2 202 0.363904 -0.0445447
2 203 0.469207 -0.0406232
2 204 0.477051 -0.0388658
2 206 0.534164 -0.0366314
0 511 -0.0799601 -0.125482
2 511 -0.0302772 -0.0397982
2 209 -0.301188 -0.037219
0 512 -0.48858 -0.122289
2 512 -0.415021 -0.0190724
2 210 0.0516345 -0.0389154
2 214 0.031845 -0.0348332
0 513 -0.00153557 -0.117719
2 513 0.0434724 -0.0322523
0 514 -0.0856271 -0.116719
2 514 -0.0350139 -0.0304154
2 219 0.456168 -0.0266118
0 515 0.503614 -0.114218
2 515 0.536211 -0.0253201
2 227 -0.293566 -0.0219702
2 229 0.528749 -0.0196542
2 233 -0.183065 -0.0133822
2 240 -0.261659 -0.00881172
0 516 -0.165703 -0.0969986
2 516 -0.107495 -0.00639093
2 242 -0.372221 0.00727976
2 243 -0.178632 -0.00677315
2 247 -0.0494273 -0.00591567
0 517 -0.436797 -0.0941129
2 517 -0.367208 0.00925996
2 249 -0.185024 -0.00424627
2 250 -0.172692 -0.00256099
2 251 -0.119665 -0.00147282
0 518 0.363959 -0.0916161
2 518 0.396545 -0.00667465
2 254 0.502515 -0.00477016
0 519 -0.223423 -0.0918768
2 519 -0.173901 -0.0016508
2 257 -0.152745 -0.000967464
2 258 0.495696 -0.00355134
2 259 -0.358749 0.0141887
0 520 -0.30233 -0.0895741
2 520 -0.266404 -0.000708116
2 261 0.472057 0.00323273
0 521 0.474241 -0.0851464
2 521 0.5093 0.00175241
2 263 -0.255162 0.00510541
2 264 0.431533 0.00359052
0 522 -0.311286 -0.0817696
2 522 -0.275015 0.00699958
2 266 -0.11986 0.0118833
2 268 -0.0211583 0.00692215
2 273 0.440508 0.00906121
2 274 0.449456 0.00948066
2 275 -0.187284 0.0153123
2 276 0.464549 0.0118098
0 523 -0.0868204 -0.0706074
2 523 -0.0358339 0.0182949
2 279 -0.0579539 0.0210235
2 283 0.320116 0.0180476
2 284 -0.247644 0.0260296
0 524 0.439741 -0.0636484
2 524 0.480984 0.0235805
2 286 0.342551 0.0215365
0 525 -0.103317 -0.0608903
2 525 -0.0498164 0.0297185
0 526 -0.488367 -0.0579106
2 526 -0.417888 0.0526414
0 527 -0.117076 -0.0558637
2 527 -0.0630807 0.034692
2 294 0.325233 0.0295421
2 295 0.483103 0.0312166
0 528 0.446164 -0.0432707
2 528 0.477659 0.0411246
0 529 0.288368 -0.0423155
2 529 0.320916 0.0407118
2 299 0.342337 0.0414566
0 530 -0.427166 -0.043162
2 530 -0.353581 0.0665119
0 531 -0.312698 -0.0407382
2 531 -0.254535 0.0592608
0 532 -0.468406 -0.0394829
2 532 -0.394796 0.0726879
2 301 -0.264019 0.060332
0 533 -0.219363 -0.0414452
2 533 -0.167958 0.0518944
0 534 -0.503157 -0.0386884
2 534 -0.436435 0.0740872
0 535 -0.465265 -0.0387476
2 535 -0.390662 0.0735404
2 304 0.401649 0.0464944
0 536 0.372546 -0.0386272
2 536 0.413773 0.0474606
0 537 -0.306877 -0.0378566
2 537 -0.246189 0.0623277
0 538 -0.458919 -0.0357184
2 538 -0.383191 0.0774564
2 306 -0.242418 0.0652233
2 307 0.299741 0.0464297
2 308 0.326515 0.0479192
2 309 0.508124 0.0491092
2 310 0.445246 0.0516907
0 539 -0.43185 -0.0328615
2 539 -0.357779 0.0780031
0 540 -0.498873 -0.0319451
2 540 -0.431045 0.08108
0 541 0.461581 -0.0287805
2 541 0.493153 0.0549773
0 542 0.505978 -0.0289113
2 542 0.522909 0.0525759
0 543 -0.370134 -0.0271144
2 543 -0.310254 0.077242
0 544 0.447809 -0.0279994
2 544 0.471063 0.0537474
2 313 -0.309525 0.0773158
0 545 -0.355799 -0.024667
2 545 -0.296522 0.0786466
2 315 -0.187397 0.0655137
0 546 0.289257 -0.0254391
2 546 0.325766 0.058257
0 547 0.476561 -0.0250037
2 547 0.507301 0.0592391
0 548 -0.393851 -0.0216389
2 548 -0.333689 0.0841257
0 549 -0.0711434 -0.0222099
2 549 -0.0312267 0.0651851
0 550 0.258629 -0.022201
2 550 0.291558 0.0601839
0 551 0.294006 -0.0219366
2 551 0.330123 0.0613669
2 318 0.481354 0.0636932
0 552 0.299255 -0.0185927
2 552 0.337838 0.0658721
0 553 -0.306499 -0.0172366
2 553 -0.24373 0.0851701
0 554 0.388856 -0.0175017
2 554 0.426951 0.0671071
0 555 0.256796 -0.0162447
2 555 0.289478 0.066796
2 320 0.463482 0.070884
2 321 0.274446 0.0695538
2 322 0.381319 0.0735475
0 556 0.318134 -0.00847787
2 556 0.357578 0.0756865
0 557 0.329103 -0.00365454
2 557 0.367163 0.0803733
0 558 0.330538 -0.00308127
2 558 0.370687 0.0817794
0 559 0.336321 -0.000690797
2 559 0.373346 0.0827872
0 560 -0.00468692 0.0006061
2 560 0.0321413 0.0867502
2 326 0.275983 0.0817505
2 327 0.330611 0.0858308
2 328 0.288203 0.0848237
0 561 0.344908 0.00299132
2 561 0.381823 0.0860935
0 562 0.28404 0.00499092
2 562 0.324043 0.0896723
2 331 0.39173 0.0896766
0 563 0.356216 0.00736915
2 563 0.398744 0.0921201
2 333 0.32009 0.0942514
2 336 0.444981 0.0969731
0 564 0.393194 0.0128051
2 564 0.435051 0.0984685
2 339 0.297855 0.0979046
2 342 0.315497 0.102016
2 343 0.175671 0.117397
0 565 0.404099 0.0245902
2 565 0.451333 0.110922
0 566 0.292856 0.0333527
2 566 0.335756 0.118993
2 355 0.348019 0.118754
2 357 0.520249 0.115442
2 358 0.385603 0.120294
0 567 0.024886 0.0362785
2 567 0.061859 0.122488
0 568 0.422623 0.0370726
2 568 0.464686 0.12223
0 569 0.485685 0.0430388
2 569 0.516146 0.124923
2 369 0.351185 0.130918
0 570 0.461379 0.0474003
2 570 0.498543 0.131038
2 377 0.317703 0.135504
0 571 -0.0598072 0.0539361
2 571 -0.0199983 0.144738
0 572 0.37186 0.0578455
2 572 0.414768 0.142767
0 573 0.38098 0.0603863
2 573 0.42389 0.1452
0 574 -0.149654 0.0632655
2 574 -0.112276 0.159392
2 393 0.202808 0.163596
0 575 0.0980299 0.0641441
2 575 0.181428 0.164091
2 396 0.408881 0.150175
0 576 0.401301 0.06444
2 576 0.443563 0.148664
0 577 0.432643 0.0643439
2 577 0.472124 0.147803
2 399 0.370406 0.150671
0 578 0.355755 0.0659851
2 578 0.399961 0.150593
2 400 0.420099 0.1516
2 408 -0.0174923 0.163172
0 579 0.391462 0.0715986
2 579 0.432763 0.156197
0 580 0.393442 0.0716715
2 580 0.438288 0.156251
2 410 0.0685683 0.170434
2 411 0.261904 0.165437
0 581 0.399054 0.0728969
2 581 0.441915 0.157234
2 412 0.18686 0.174997
2 413 0.211733 0.175109
0 582 0.454391 0.0772852
2 582 0.489353 0.159062
0 583 0.302104 0.0794721
2 583 0.342753 0.164185
2 423 0.401119 0.163843
2 424 0.412936 0.165231
0 584 0.392544 0.0837386
2 584 0.434543 0.168436
0 585 0.0401093 0.0859757
2 585 0.114952 0.185962
2 428 0.196792 0.186222
0 586 0.449666 0.0874199
2 586 0.484699 0.168964
0 587 0.112834 0.0938115
2 587 0.196054 0.194433
2 442 0.162121 0.196698
0 588 0.0854212 0.0961789
2 588 0.168139 0.196971
2 443 0.224629 0.197159
2 449 0.168264 0.207262
2 450 0.178846 0.204918
2 451 0.223257 0.206129
0 589 0.0832567 0.119775
2 589 0.164617 0.221471
2 456 0.149619 0.238849
2 457 0.209808 0.23815
2 458 -0.366122 0.266806
0 590 0.449351 -0.374929
3 590 0.474327 -0.20772
0 591 0.459725 -0.374951
3 591 0.484375 -0.206957
0 592 0.44945 -0.367923
3 592 0.473234 -0.201275
0 593 0.456821 -0.367063
3 593 0.48155 -0.200103
0 594 0.471452 -0.365751
3 594 0.494714 -0.19848
0 595 0.305255 -0.349464
3 595 0.331717 -0.194154
0 596 0.329406 -0.339649
3 596 0.349532 -0.18888
0 597 0.336928 -0.339199
3 597 0.35425 -0.1888
0 598 0.553301 -0.338732
3 598 0.553063 -0.184431
3 2 0.331421 -0.157557
0 599 0.31436 -0.309919
3 599 0.355948 -0.14609
0 600 0.336958 -0.305149
3 600 0.373361 -0.144425
0 601 0.347105 -0.300765
3 601 0.385357 -0.138017
0 602 0.288343 -0.298263
3 602 0.324287 -0.142007
3 7 0.334922 -0.134273
3 462 0.491064 -0.114413
0 603 0.356142 -0.282472
3 603 0.402355 -0.116508
3 12 -0.000104154 -0.12576
3 13 0.509215 -0.107199
3 15 0.00747234 -0.123541
0 604 -0.0422036 -0.272145
3 604 0.00660469 -0.116687
3 18 0.404097 -0.106179
3 19 0.331563 -0.115805
3 21 0.514127 -0.0958631
3 22 -0.00468767 -0.108194
3 23 0.354298 -0.105858
3 24 0.372333 -0.101394
3 467 0.367206 -0.101135
3 25 0.42045 -0.0970313
3 26 -0.0157064 -0.102919
0 605 -0.289995 -0.256086
3 605 -0.231528 -0.0918988
3 468 -0.0390077 -0.101321
3 469 -0.239719 -0.0908693
3 29 -0.223916 -0.0915633
3 32 -0.023587 -0.0984859
3 470 0.331008 -0.100861
3 33 0.388254 -0.0923974
3 36 0.369757 -0.0932589
3 37 0.502242 -0.086017
3 39 0.00253335 -0.0964471
3 40 0.433011 -0.0849213
0 606 0.452432 -0.249322
3 606 0.495393 -0.0822302
0 607 -0.261415 -0.248072
3 607 -0.20285 -0.0826464
0 608 0.482315 -0.246534
3 608 0.521411 -0.0793614
3 43 0.402376 -0.0848922
3 472 0.416745 -0.0836132
3 44 0.418867 -0.0838284
3 47 0.408151 -0.0840205
3 475 -0.217535 -0.0760296
3 52 0.0118469 -0.0860137
3 53 -0.211946 -0.0748833
3 54 -0.0225649 -0.0863386
3 476 -0.0405333 -0.0851407
3 59 -0.235914 -0.0687621
3 60 0.390102 -0.0782276
3 61 -0.00473778 -0.0805937
3 477 0.350496 -0.0826827
3 64 0.553692 -0.0736673
3 65 -0.229729 -0.066625
3 66 0.494654 -0.0705031
0 609 -0.248435 -0.235168
3 609 -0.193045 -0.0722678
3 67 0.474863 -0.0712529
3 68 -0.21677 -0.0643858
3 73 -0.040327 -0.0769772
3 478 0.378396 -0.0728663
3 479 0.489167 -0.0662092
3 76 -0.0306206 -0.0722643
3 481 0.0220769 -0.0739805
3 77 0.383702 -0.0703259
3 79 -0.237507 -0.0590621
0 610 0.484085 -0.227201
3 610 0.521528 -0.0632601
0 611 -0.317013 -0.225055
3 611 -0.252301 -0.0543993
3 483 -0.230365 -0.0553497
3 82 -0.224535 -0.0530542
0 612 -0.308349 -0.219355
3 612 -0.245383 -0.0497216
3 484 -0.244449 -0.0489954
3 86 -0.195113 -0.0523087
3 87 -0.0334469 -0.0621684
3 94 0.452228 -0.0535518
3 485 -0.235559 -0.041892
3 99 -0.249678 -0.0404604
0 613 -0.0251449 -0.211201
3 613 0.0235333 -0.0573325
3 486 -0.265622 -0.0383065
3 106 -0.231478 -0.0386639
0 614 -0.310034 -0.207893
3 614 -0.243711 -0.0367334
3 108 -0.203592 -0.0384571
3 109 0.363099 -0.0629376
3 110 -0.191698 -0.0376383
3 111 0.00714478 -0.0515745
3 113 -0.197145 -0.03647
3 487 -0.235099 -0.0306225
3 115 -0.179717 -0.034022
3 116 0.35392 -0.057452
3 489 0.0449656 -0.0485535
3 117 0.368555 -0.0549027
3 490 -0.209683 -0.029358
3 121 -0.254193 -0.0229194
3 122 -0.00881112 -0.0400236
3 123 -0.217637 -0.0232072
3 124 0.347758 -0.0495312
0 615 -0.0665727 -0.190051
3 615 -0.0165353 -0.0370874
3 492 0.0112416 -0.037764
3 126 -0.212164 -0.0152076
3 129 0.0303659 -0.0311027
3 130 -0.251003 -0.0102765
3 131 -0.236178 -0.0104097
3 132 0.416057 -0.0337898
3 134 -0.00980026 -0.0264964
3 136 0.460494 -0.0317419
3 137 -0.0175382 -0.0254004
3 138 0.0103391 -0.0276011
3 140 0.404101 -0.0334578
0 616 -0.0684082 -0.176992
3 616 -0.0182922 -0.0253387
3 142 0.0595648 -0.0276217
3 495 -0.264081 -0.00287202
3 145 0.0145941 -0.02165
3 148 0.447429 -0.0178971
3 496 -0.233334 0.000730318
3 149 0.42387 -0.0228474
3 152 -0.175753 -0.00503085
3 153 0.455227 -0.0133015
0 617 -0.327682 -0.162317
3 617 -0.267287 0.00704609
3 155 -0.212189 0.00392508
3 157 0.451904 -0.00952431
3 159 0.0560533 -0.010424
3 160 0.407665 -0.0152212
3 162 -0.253291 0.0124569
3 166 0.420277 -0.0106872
0 618 -0.331817 -0.151172
3 618 -0.278225 0.0138922
3 168 -0.235032 0.0141582
3 169 0.0621086 -0.00318034
0 619 0.433625 -0.151716
3 619 0.467502 -0.00285908
3 172 -0.176791 0.0103898
3 173 0.451914 5.66834e-05
3 174 -0.19262 0.0140438
3 177 -0.167469 0.0108345
3 178 0.369282 -0.00955596
3 182 0.530304 -0.00217634
3 185 0.02548 0.00413527
0 620 -0.474498 -0.142398
3 620 -0.369556 0.0651513
3 189 0.35014 0.000638406
3 501 0.448974 0.0068979
0 621 -0.465277 -0.138303
3 621 -0.363018 0.0683585
3 192 0.0457672 0.0107413
3 193 -0.239181 0.0280024
3 194 0.060589 0.0122648
3 195 0.33062 0.00673183
3 505 0.470963 0.0129739
3 196 -0.269649 0.0308817
3 507 0.442924 0.0111535
0 622 -0.158082 -0.13401
3 622 -0.119491 0.0113071
3 198 -0.18054 0.0300742
3 199 0.361676 0.00628543
3 200 -0.250432 0.0329474
3 510 -0.010652 0.0243413
3 201 0.0525092 0.0174251
3 202 0.359146 0.0111177
3 203 0.460282 0.0173793
0 623 0.290572 -0.128134
3 623 0.329736 0.0161379
3 206 0.525015 0.0181676
3 511 -0.0242216 0.028594
3 209 -0.279136 0.041555
3 210 0.0562386 0.0239349
0 624 -0.110778 -0.121209
3 624 -0.0555207 0.0344128
3 212 0.531367 0.020938
3 214 0.0372283 0.0294285
3 215 0.357812 0.0222015
3 513 0.0489655 0.0321551
3 216 -0.0448007 0.0380406
3 514 -0.0286478 0.0376059
3 219 0.448191 0.0306878
3 515 0.52773 0.0282431
3 222 -0.264001 0.0536647
3 223 -0.247464 0.0522195
0 625 0.402169 -0.111698
3 625 0.436014 0.0314253
0 626 -0.0102552 -0.111141
3 626 0.0372479 0.0356023
3 227 -0.271177 0.0566441
3 230 0.340243 0.0332017
3 231 -0.0321248 0.0517821
3 233 -0.168229 0.0620304
3 235 -0.176822 0.0648181
3 240 -0.241496 0.0673217
3 242 -0.340795 0.107159
3 243 -0.16269 0.0682266
3 247 -0.0413316 0.0654816
3 517 -0.337495 0.108731
3 250 -0.157489 0.0723789
3 251 -0.10729 0.0743557
3 252 -0.203453 0.0760625
3 254 0.494763 0.0490919
3 256 -0.259289 0.0754494
3 257 -0.138351 0.0735046
3 258 0.488 0.0506228
3 520 -0.245889 0.0753707
0 627 0.371269 -0.0875128
3 627 0.39293 0.0451069
0 628 -0.245874 -0.0861294
3 628 -0.187167 0.0774216
3 261 0.463934 0.0583658
3 264 0.424873 0.0592076
3 522 -0.254735 0.0827808
3 268 -0.0137085 0.0743059
3 270 -0.0411181 0.0809541
3 271 0.450303 0.063063
3 272 -0.0958819 0.0873549
3 273 0.433813 0.0646564
3 274 0.442825 0.0645048
3 275 -0.171458 0.0918437
3 276 0.45749 0.0669307
0 629 -0.156335 -0.0711954
3 629 -0.0863728 0.0940866
3 279 -0.0487664 0.0920295
3 283 0.318877 0.0703304
3 284 -0.227479 0.0988238
0 630 0.323593 -0.0639354
3 630 0.347415 0.0653492
0 631 0.421731 -0.0596001
3 631 0.454516 0.0789054
3 289 -0.159825 0.10734
3 527 -0.0516393 0.104199
3 294 0.324417 0.0800863
0 632 0.443221 -0.050188
3 632 0.470023 0.0851373
3 528 0.473161 0.0914466
0 633 -0.220867 -0.0425116
3 633 -0.153796 0.124521
3 529 0.321717 0.0917104
3 304 0.397498 0.0991821
3 536 0.410498 0.100589
3 307 0.301001 0.0964145
3 310 0.440305 0.104502
3 541 0.487919 0.104432
3 542 0.519637 0.0976274
3 315 -0.169849 0.134399
3 546 0.323756 0.108158
3 547 0.50268 0.10881
3 549 -0.0204636 0.125709
3 550 0.292538 0.110064
3 551 0.328083 0.111345
3 318 0.477492 0.113303
3 552 0.334516 0.115643
3 554 0.423602 0.11818
3 555 0.290919 0.116646
3 320 0.459131 0.121178
0 634 0.309993 -0.0124076
3 634 0.345321 0.121597
3 322 0.379815 0.124529
0 635 0.451265 -0.00629833
3 635 0.478001 0.125756
0 636 -0.328378 -0.0029167
3 636 -0.242856 0.182148
0 637 0.047208 -0.000430702
3 637 0.0832475 0.133537
3 326 0.279135 0.130145
3 327 0.330031 0.137198
3 328 0.290235 0.133672
3 561 0.381605 0.138194
3 563 0.396647 0.143815
3 333 0.32064 0.144531
3 335 0.193758 0.162978
0 638 0.132707 0.010642
3 638 0.199623 0.162949
0 639 0.137239 0.0107139
3 639 0.20508 0.162982
3 336 0.440575 0.148375
3 337 0.213915 0.163442
3 339 0.29953 0.14734
3 342 0.315921 0.152262
3 347 0.399257 0.160828
3 565 0.446635 0.162689
0 640 0.460592 0.0328696
3 640 0.493494 0.165398
3 357 0.517191 0.161406
3 567 0.0712481 0.176122
0 641 0.454011 0.0435101
3 641 0.486669 0.174815
3 569 0.512771 0.171972
3 369 0.35112 0.180972
0 642 -0.175058 0.0490939
3 642 -0.119385 0.209557
3 377 0.319378 0.184033
3 582 0.487257 0.206191
3 432 -0.190699 0.255057
0 643 0.33008 0.0930635
3 643 0.370401 0.221767
3 456 0.144125 0.28946
3 458 -0.333339 0.337795
0 644 -0.456817 0.16871
3 644 -0.380074 0.367235
0 645 0.47463 -0.400088
4 645 0.460998 -0.343436
0 646 0.45473 -0.398771
4 646 0.442653 -0.342688
0 647 0.464791 -0.397443
4 647 0.451759 -0.341133
0 648 0.467612 -0.392405
4 648 0.455176 -0.33557
0 649 0.434883 -0.381529
4 649 0.424083 -0.326333
4 590 0.437937 -0.319765
4 591 0.446313 -0.319691
0 650 0.465522 -0.374966
4 650 0.45294 -0.320707
4 592 0.438313 -0.313797
4 593 0.444488 -0.312693
4 594 0.458894 -0.31143
4 597 0.329405 -0.2885
4 598 0.531917 -0.289189
4 1 0.28582 -0.276755
0 651 0.519581 -0.325359
4 651 0.505841 -0.273631
4 2 0.295495 -0.263846
0 652 0.535249 -0.315249
4 652 0.52036 -0.264514
0 653 0.305091 -0.311625
4 653 0.304819 -0.259567
0 654 0.312314 -0.309574
4 654 0.310006 -0.257415
0 655 0.330236 -0.309569
4 655 0.327925 -0.258067
4 601 0.343961 -0.249262
4 3 0.470778 -0.248166
4 4 0.481991 -0.248429
4 602 0.287464 -0.247926
4 5 0.292166 -0.244348
4 6 0.496354 -0.243171
4 7 0.29667 -0.242248
4 8 0.335243 -0.240372
4 462 0.438912 -0.236298
0 656 0.519596 -0.285859
4 656 0.509152 -0.235011
4 603 0.35456 -0.232533
4 10 -0.0350346 -0.22873
0 657 0.480441 -0.28176
4 657 0.473259 -0.230659
4 463 -0.0470032 -0.228765
4 12 -0.0322818 -0.228328
4 13 0.458596 -0.229172
4 15 -0.0246879 -0.225782
4 16 -0.0581088 -0.226248
4 464 0.490614 -0.227679
0 658 -0.03851 -0.277291
4 658 -0.0232031 -0.224973
0 659 0.290612 -0.275943
4 659 0.288261 -0.228102
4 17 -0.0152237 -0.221494
4 18 0.356494 -0.22247
4 19 0.294348 -0.222434
4 466 0.457414 -0.219065
4 20 0.381269 -0.217272
4 22 -0.0400556 -0.213443
4 23 0.312091 -0.215955
4 24 0.328308 -0.214155
4 25 0.374064 -0.212534
0 660 0.555498 -0.261894
4 660 0.541293 -0.214055
4 26 -0.0493306 -0.207763
4 27 -0.258103 -0.20198
4 468 -0.0721676 -0.205191
4 469 -0.272974 -0.200812
4 29 -0.253717 -0.20136
4 30 -0.249885 -0.200848
0 661 -0.3042 -0.254392
4 661 -0.276964 -0.200099
4 32 -0.0582169 -0.2036
4 470 0.295169 -0.206145
4 33 0.343429 -0.205935
4 34 0.444698 -0.205684
0 662 -0.309756 -0.253049
4 662 -0.282005 -0.198768
4 35 -0.245118 -0.198996
4 36 0.326701 -0.205108
4 37 0.453539 -0.205119
4 38 -0.283446 -0.198262
4 39 -0.0321743 -0.20145
4 40 0.385133 -0.201212
4 606 0.4462 -0.2012
4 607 -0.234742 -0.193341
4 43 0.356952 -0.199036
4 472 0.369644 -0.198935
4 46 0.482525 -0.199277
4 47 0.359072 -0.198971
0 663 0.547389 -0.246594
4 663 0.534093 -0.200053
4 49 -0.23344 -0.192171
0 664 -0.0589158 -0.24528
4 664 -0.0450418 -0.195284
4 50 0.473564 -0.197373
4 474 -0.25222 -0.189706
4 51 0.460856 -0.195604
4 475 -0.248691 -0.188812
4 54 -0.0576372 -0.191487
4 55 0.303178 -0.194539
4 56 0.5289 -0.195546
4 476 -0.0726063 -0.189824
4 58 0.370435 -0.19146
4 59 -0.270343 -0.184306
4 60 0.345568 -0.190998
4 61 -0.0396244 -0.186337
4 477 0.315096 -0.189014
4 62 0.457305 -0.189684
4 63 0.470976 -0.190679
4 64 0.509832 -0.191378
4 65 -0.263695 -0.181956
4 609 -0.22447 -0.18253
4 67 0.426165 -0.188104
4 68 -0.252052 -0.179131
4 69 -0.250832 -0.178875
0 665 -0.106259 -0.232856
4 665 -0.0895188 -0.183323
4 70 0.320967 -0.186598
4 71 0.436749 -0.185948
0 666 0.550773 -0.23297
4 666 0.537544 -0.187768
4 73 -0.0742186 -0.181689
4 478 0.334847 -0.184313
4 479 0.440233 -0.184679
4 480 -0.273029 -0.175575
4 75 -0.0202703 -0.180141
4 76 -0.0654258 -0.178249
4 481 -0.0131381 -0.178702
4 77 0.339808 -0.181737
4 78 0.360692 -0.180978
4 79 -0.267668 -0.17272
4 482 0.365982 -0.179805
4 610 0.475924 -0.180939
4 80 0.543171 -0.182069
0 667 0.461931 -0.226199
4 667 0.45519 -0.179894
0 668 0.498208 -0.226267
4 668 0.489379 -0.180298
4 611 -0.286447 -0.171095
4 483 -0.264078 -0.171034
4 81 0.519307 -0.179707
4 82 -0.258782 -0.168867
4 83 -0.226149 -0.170757
4 612 -0.279057 -0.16613
4 85 0.539314 -0.174939
4 484 -0.277515 -0.165044
4 86 -0.23006 -0.165252
4 87 -0.0683003 -0.168446
0 669 0.372336 -0.217113
4 669 0.370071 -0.17187
4 88 0.379747 -0.170899
4 89 -0.0499407 -0.166521
4 92 0.389276 -0.169011
4 93 0.399656 -0.168557
4 94 0.405623 -0.168689
4 485 -0.27102 -0.159338
4 99 -0.283297 -0.15741
0 670 0.381479 -0.211725
4 670 0.380741 -0.16621
4 102 0.51908 -0.167614
0 671 0.487871 -0.210027
4 671 0.480405 -0.165117
4 103 0.514053 -0.166319
4 104 -0.244941 -0.156341
4 105 0.388146 -0.16407
4 486 -0.297769 -0.154924
4 106 -0.266864 -0.155341
4 107 -0.0587645 -0.157716
4 614 -0.277557 -0.153636
4 108 -0.239118 -0.153384
4 109 0.334126 -0.162924
4 110 -0.227651 -0.152599
4 112 0.327937 -0.160429
4 113 -0.231168 -0.150618
4 487 -0.27012 -0.148356
4 114 -0.243288 -0.147548
4 115 -0.21547 -0.148152
0 672 0.477075 -0.200562
4 672 0.4677 -0.157297
4 116 0.324995 -0.156707
4 488 -0.031526 -0.150427
4 489 0.0130305 -0.150722
4 117 0.340194 -0.154548
4 118 0.443942 -0.155126
4 119 -0.00682973 -0.147368
4 120 -0.222336 -0.142649
4 121 -0.286669 -0.140567
4 122 -0.0441743 -0.144309
4 123 -0.252249 -0.140035
4 124 0.319306 -0.148661
4 615 -0.0502472 -0.141905
0 673 0.334277 -0.191511
4 673 0.332053 -0.148082
4 491 -0.27384 -0.135986
4 492 -0.0211468 -0.140986
0 674 -0.0842607 -0.187051
4 674 -0.0688694 -0.139316
4 125 0.0118438 -0.137604
4 126 -0.246481 -0.131394
4 128 0.45627 -0.142454
0 675 0.47327 -0.182557
4 675 0.463567 -0.141874
4 129 -0.00268103 -0.134696
4 130 -0.284159 -0.128639
4 131 -0.270307 -0.128425
4 132 0.383001 -0.137653
4 134 -0.0426025 -0.131353
4 135 -0.0356617 -0.131814
4 136 0.42765 -0.136964
4 137 -0.0497903 -0.130242
4 138 -0.0220246 -0.131173
4 139 0.325908 -0.135703
4 140 0.371874 -0.13602
4 141 -0.0573192 -0.12902
4 142 0.025696 -0.13078
0 676 -0.218705 -0.175261
4 676 -0.194881 -0.125504
0 677 -0.0881916 -0.175109
4 677 -0.0715011 -0.12788
0 678 -0.212748 -0.173025
4 678 -0.191537 -0.124274
4 144 0.337455 -0.131345
4 495 -0.296086 -0.120983
0 679 -0.210464 -0.172221
4 679 -0.188399 -0.123309
4 145 -0.0182778 -0.125258
4 146 0.420408 -0.131
0 680 0.414754 -0.170783
4 680 0.41052 -0.128403
0 681 -0.205796 -0.170101
4 681 -0.184344 -0.121173
4 147 -0.286084 -0.117629
4 496 -0.266347 -0.116794
0 682 -0.200496 -0.167175
4 682 -0.178522 -0.117802
4 149 0.390677 -0.126726
4 150 -0.221 -0.116753
4 151 -0.227589 -0.114081
4 152 -0.206445 -0.115333
0 683 -0.194424 -0.163429
4 683 -0.173836 -0.114746
4 153 0.417175 -0.121207
4 617 -0.299019 -0.111006
4 154 -0.233377 -0.11246
0 684 0.308366 -0.161918
4 684 0.306368 -0.121195
4 497 -0.276563 -0.110117
4 155 -0.243222 -0.11104
4 156 0.00810389 -0.114529
4 157 0.411727 -0.119284
4 159 0.0225388 -0.114642
4 160 0.375758 -0.11858
4 161 0.301861 -0.116677
4 162 -0.28519 -0.105637
4 163 -0.190985 -0.106937
4 166 0.386235 -0.114906
0 685 -0.182542 -0.152686
4 685 -0.163527 -0.105353
4 618 -0.304537 -0.100824
4 168 -0.26619 -0.102071
4 169 0.0274904 -0.106821
0 686 0.45736 -0.151968
4 686 0.450698 -0.111763
4 170 -0.214648 -0.101671
4 498 -0.206468 -0.101946
4 173 0.411222 -0.109606
4 174 -0.22398 -0.0998889
0 687 -0.247339 -0.149461
4 687 -0.220311 -0.100552
4 175 -0.233595 -0.0989999
4 176 -0.230776 -0.0994571
4 177 -0.19904 -0.100381
0 688 -0.175717 -0.148244
4 688 -0.157339 -0.100999
4 178 0.341 -0.108726
4 499 -0.109704 -0.101549
4 179 0.332317 -0.106669
4 180 0.373148 -0.107893
4 181 0.415909 -0.106528
4 182 0.499256 -0.108314
4 500 -0.292081 -0.0960724
4 183 -0.245308 -0.0976813
4 184 0.494371 -0.106513
4 185 -0.00921839 -0.0998297
4 186 0.309695 -0.103434
0 689 0.4385 -0.145002
4 689 0.433702 -0.104712
4 187 0.481741 -0.10513
4 188 0.422459 -0.103761
4 189 0.316326 -0.102166
4 501 0.409149 -0.10214
4 502 0.473015 -0.104084
0 690 -0.469267 -0.140499
4 690 -0.419665 -0.0852592
0 691 -0.468151 -0.14016
4 691 -0.418494 -0.0847756
4 192 0.0118112 -0.0940963
4 503 -0.292135 -0.0870651
4 193 -0.268433 -0.0875392
4 194 0.0257849 -0.092422
4 195 0.294692 -0.0966837
4 505 0.43165 -0.0963887
0 692 0.463074 -0.137127
4 692 0.45479 -0.0990504
0 693 -0.15932 -0.134748
4 693 -0.141939 -0.0889186
0 694 0.285128 -0.136027
4 694 0.28745 -0.0954136
4 196 -0.296996 -0.0851123
4 197 -0.0571151 -0.0889758
4 507 0.405064 -0.0953029
4 198 -0.213322 -0.0837934
0 695 -0.0723027 -0.132978
4 695 -0.0519411 -0.0867547
4 199 0.331693 -0.0930485
0 696 0.395668 -0.131399
4 696 0.392043 -0.0921359
0 697 -0.183495 -0.130201
4 697 -0.163431 -0.08404
4 508 -0.133741 -0.0849436
4 201 0.0194148 -0.087003
4 202 0.325709 -0.0907692
4 203 0.421048 -0.0909186
0 698 -0.143144 -0.129899
4 698 -0.124972 -0.0834542
4 623 0.292898 -0.0876353
4 204 0.431377 -0.0890773
4 206 0.491521 -0.0879137
4 511 -0.0600679 -0.0800713
0 699 0.455844 -0.124044
4 699 0.451341 -0.0858119
4 209 -0.305668 -0.0745934
4 512 -0.437065 -0.0665514
4 210 0.022354 -0.0794467
4 211 0.410193 -0.0830167
4 212 0.499113 -0.0840683
4 213 -0.0718053 -0.0752485
0 700 0.293359 -0.119757
4 700 0.294748 -0.0801804
4 214 0.00263196 -0.0751403
4 215 0.323345 -0.0796704
4 513 0.0137137 -0.0737154
4 216 -0.0783708 -0.0717524
4 217 0.326531 -0.0775356
4 219 0.40908 -0.0770492
4 221 0.439507 -0.0760918
4 515 0.495352 -0.0770426
4 222 -0.293004 -0.063519
4 223 -0.276889 -0.0649664
0 701 -0.0792676 -0.11265
4 701 -0.0585947 -0.0673676
4 625 0.399804 -0.0732315
4 626 0.00468076 -0.0679373
4 226 0.317689 -0.071642
4 227 -0.300171 -0.061274
4 228 -0.19382 -0.0626471
0 702 0.413294 -0.107912
4 702 0.411052 -0.0701083
4 229 0.48808 -0.0704624
4 231 -0.0714622 -0.060136
4 232 0.412864 -0.0659315
4 233 -0.205206 -0.0551455
4 234 -0.201628 -0.0548222
4 236 0.292781 -0.0626047
4 238 0.42315 -0.0623091
0 703 -0.449557 -0.0975185
4 703 -0.402275 -0.0444442
4 239 -0.302414 -0.0490778
4 240 -0.27089 -0.0494145
4 516 -0.139026 -0.0505876
4 241 0.302446 -0.0591212
4 243 -0.200093 -0.0494942
4 244 0.297712 -0.0577604
0 704 0.376803 -0.0962776
4 704 0.377453 -0.0583672
4 245 0.385259 -0.0595746
4 246 0.446328 -0.0599959
0 705 -0.232548 -0.0952034
4 705 -0.205344 -0.0479192
4 247 -0.0831426 -0.0502434
4 517 -0.392191 -0.0415869
0 706 -0.48636 -0.0932402
4 706 -0.43672 -0.0401465
4 250 -0.194677 -0.0459008
4 251 -0.151824 -0.0466579
0 707 -0.0416519 -0.0937099
4 707 -0.0248759 -0.0504227
4 252 -0.239273 -0.0443885
4 253 0.338314 -0.0547669
4 518 0.362487 -0.0543433
4 255 0.474697 -0.0576704
4 256 -0.287969 -0.0423054
4 257 -0.176524 -0.0443053
4 258 0.453181 -0.0541563
4 259 -0.385478 -0.0384427
4 520 -0.275127 -0.0421387
4 260 0.334209 -0.0535242
0 708 -0.0965525 -0.0891023
4 708 -0.0745747 -0.0448818
4 261 0.425043 -0.0483494
4 262 0.463148 -0.0490407
4 264 0.386108 -0.0466989
0 709 -0.320359 -0.0826136
4 709 -0.29207 -0.0345264
4 265 0.287268 -0.0451745
0 710 0.375179 -0.0827806
4 710 0.376194 -0.0448017
0 711 0.44846 -0.0822151
4 711 0.443994 -0.0462899
0 712 -0.294254 -0.0806816
4 712 -0.268345 -0.0335599
4 266 -0.151097 -0.0343449
0 713 -0.168984 -0.0801371
4 713 -0.141378 -0.034204
4 268 -0.0527531 -0.0375697
0 714 0.329056 -0.0803588
4 714 0.326817 -0.0444502
4 270 -0.0845914 -0.0357077
4 271 0.412718 -0.0431171
0 715 0.343325 -0.0781397
4 715 0.339553 -0.042346
4 273 0.395629 -0.041679
4 274 0.404289 -0.0422321
0 716 0.352967 -0.076013
4 716 0.348484 -0.0400752
4 276 0.419354 -0.0394999
4 277 -0.288019 -0.0266411
4 523 -0.0663324 -0.0266457
4 629 -0.130326 -0.0262404
4 278 -0.275971 -0.0231227
0 717 0.346994 -0.069951
4 717 0.343994 -0.0345526
4 279 -0.0918319 -0.0253672
0 718 -0.30334 -0.0679157
4 718 -0.276782 -0.020996
4 281 -0.142943 -0.0217209
0 719 0.38334 -0.0665123
4 719 0.383316 -0.0295689
0 720 -0.0994734 -0.0657064
4 720 -0.0777891 -0.0214191
4 283 0.287607 -0.0289954
4 284 -0.256055 -0.0172951
4 285 -0.175104 -0.0186474
4 524 0.435889 -0.0277865
4 286 0.306347 -0.0258351
4 287 -0.132236 -0.0156271
4 631 0.419423 -0.0242152
4 288 -0.242855 -0.014692
4 290 0.426014 -0.0241891
4 526 -0.437136 -0.00506163
4 291 0.286673 -0.0208613
0 721 -0.110783 -0.0568943
4 721 -0.0889375 -0.0130108
4 293 0.380845 -0.0179427
4 294 0.294874 -0.0176334
4 295 0.44631 -0.0196576
4 296 0.322145 -0.0149352
0 722 0.371748 -0.0509742
4 722 0.372877 -0.0151471
0 723 0.25615 -0.0492154
4 723 0.258256 -0.0127276
4 297 0.438772 -0.0150655
0 724 0.316545 -0.0448421
4 724 0.3176 -0.00962443
0 725 -0.428323 -0.0433491
4 725 -0.380943 0.00793993
4 528 0.442435 -0.00887698
4 529 0.291401 -0.00674906
4 299 0.311047 -0.00611839
0 726 0.3652 -0.0421619
4 726 0.366806 -0.00667761
4 531 -0.277536 0.00692122
4 301 -0.288055 0.00759775
4 533 -0.192594 0.00302754
4 303 0.306955 -0.00517574
4 534 -0.452279 0.0138267
4 535 -0.413671 0.0131871
0 727 -0.133142 -0.038561
4 727 -0.115329 0.00340402
4 304 0.362614 -0.003798
4 536 0.373128 -0.00357491
4 305 0.406752 -0.0038734
0 728 -0.479086 -0.0378343
4 728 -0.428564 0.0140521
4 537 -0.271822 0.0093015
4 538 -0.409504 0.0151353
4 306 -0.269865 0.0106522
4 307 0.272033 -0.00041385
4 308 0.296052 0.000482007
0 729 0.301675 -0.0353144
4 729 0.303532 0.000572893
4 309 0.471346 -0.00251802
4 310 0.403226 0.000469135
0 730 0.452336 -0.0341478
4 730 0.4468 -0.001189
4 539 -0.384458 0.0179253
4 540 -0.448052 0.0201524
4 311 -0.305071 0.0182398
4 312 0.410481 0.00475455
0 731 0.491241 -0.0297808
4 731 0.483162 0.0025692
0 732 0.349352 -0.0286015
4 732 0.350499 0.00623925
0 733 0.360367 -0.0287266
4 733 0.361639 0.00598445
4 541 0.456779 0.00400185
4 542 0.498305 0.00328954
4 544 0.442832 0.00489513
4 313 -0.330592 0.0214148
4 314 -0.3423 0.0228663
4 315 -0.201463 0.0183194
4 546 0.29252 0.00946399
4 547 0.470965 0.00777687
0 734 -0.356996 -0.0243305
4 734 -0.319138 0.0234957
0 735 0.454971 -0.0233072
4 735 0.449528 0.00856981
4 548 -0.353213 0.0270704
4 549 -0.0532059 0.018473
4 550 0.262539 0.0129392
0 736 0.369616 -0.0217905
4 736 0.369096 0.0118416
4 317 0.335012 0.0146721
4 318 0.446507 0.0127953
4 554 0.389163 0.0161034
4 555 0.261316 0.0186047
0 737 0.353645 -0.0151562
4 737 0.354798 0.0185117
4 319 0.493208 0.01624
0 738 0.308451 -0.0133644
4 738 0.311392 0.0209649
0 739 0.378842 -0.0138016
4 739 0.379863 0.0199715
4 320 0.425169 0.0189033
4 634 0.314238 0.0225198
4 322 0.345281 0.0230359
4 556 0.321167 0.0254309
4 635 0.448367 0.0259468
4 558 0.334062 0.0310081
4 323 0.411177 0.0298573
0 740 0.424863 -0.00279223
4 740 0.423474 0.0298758
0 741 0.475353 -0.00166003
4 741 0.471023 0.0297793
4 325 -0.250139 0.0444274
4 637 0.0573198 0.0367178
0 742 -0.496161 0.000338605
4 742 -0.449123 0.0501374
4 560 0.00997926 0.0390987
4 326 0.251147 0.0344067
4 327 0.294879 0.0354902
4 328 0.259817 0.0364616
4 561 0.348428 0.036755
0 743 -0.43833 0.00339025
4 743 -0.391145 0.0524486
4 329 -0.215038 0.0480694
0 744 0.34783 0.00406687
4 744 0.350594 0.0375317
4 330 0.122316 0.0434589
4 563 0.356438 0.039779
4 333 0.28507 0.043732
4 334 0.364375 0.0425298
0 745 0.0706349 0.0106861
4 745 0.0889016 0.0487234
0 746 0.0888376 0.0109591
4 746 0.108824 0.0484528
0 747 0.11709 0.0105184
4 747 0.136626 0.0477548
0 748 0.124448 0.0105045
4 748 0.139469 0.0477648
4 638 0.148701 0.0476946
4 639 0.153918 0.047793
4 336 0.403151 0.0438567
4 337 0.163562 0.0483378
4 339 0.267153 0.0483312
0 749 0.33617 0.0166045
4 749 0.338908 0.0489126
4 341 0.390813 0.0490056
0 750 -0.51526 0.0177219
4 750 -0.468564 0.0682927
4 342 0.2804 0.0518659
4 343 0.11705 0.0578518
4 344 0.0236551 0.0621529
4 346 0.294036 0.058122
4 347 0.36023 0.0564576
4 565 0.405822 0.0566359
0 751 0.0620337 0.0253846
4 751 0.0856491 0.0635867
4 348 0.0916963 0.0630677
4 349 0.117589 0.0637498
4 350 0.122791 0.0637795
4 352 0.100809 0.0663831
0 752 -0.537434 0.0292989
4 752 -0.487917 0.0795073
4 353 -0.284284 0.0747935
4 354 0.348903 0.0648539
4 640 0.458727 0.063154
4 355 0.311229 0.0665853
0 753 0.404943 0.0342949
4 753 0.406689 0.0657427
4 356 0.418172 0.0661301
4 357 0.488908 0.063566
0 754 -0.291197 0.0357518
4 754 -0.265944 0.0790693
0 755 0.299669 0.0356051
4 755 0.305263 0.0684142
4 358 0.345466 0.0678374
4 568 0.423619 0.0682392
0 756 -0.569458 0.0381856
4 756 -0.517997 0.0893484
4 359 -0.370098 0.0875534
4 360 -0.127427 0.080187
4 361 0.287021 0.0727734
0 757 -0.412363 0.040783
4 757 -0.369486 0.0880069
4 362 -0.292449 0.085516
4 363 -0.124298 0.0808408
0 758 0.467524 0.0414614
4 758 0.465256 0.0718647
4 364 -0.38793 0.0896836
4 365 0.350508 0.0741925
4 641 0.452448 0.0733315
4 569 0.482277 0.0725245
4 366 -0.367114 0.0901263
4 367 -0.27189 0.0881965
0 759 0.0628029 0.0443928
4 759 0.0854067 0.0819297
0 760 -0.475892 0.0452788
4 760 -0.427678 0.0940759
4 368 0.299803 0.078483
4 369 0.31424 0.0782748
0 761 0.416782 0.0455437
4 761 0.41779 0.0762928
4 370 -0.135109 0.0869558
0 762 0.492558 0.0468076
4 762 0.488998 0.0760405
4 570 0.459326 0.0773663
4 642 -0.152587 0.0904499
4 372 -0.381867 0.0973573
0 763 -0.00715741 0.0491144
4 763 0.00906449 0.0864988
4 374 0.0438754 0.0876579
4 375 -0.0616806 0.0902493
4 377 0.285336 0.0839837
4 378 -0.0387444 0.0919119
4 379 0.305351 0.0852683
4 380 -0.0652596 0.0944913
0 764 0.471898 0.0555016
4 764 0.469277 0.0848714
4 381 0.345127 0.0884274
4 572 0.374931 0.0886225
4 382 -0.366628 0.106153
0 765 0.487721 0.0618407
4 765 0.484047 0.0901556
4 384 -0.378138 0.109829
4 385 -0.355391 0.109314
4 386 -0.136728 0.103209
4 388 0.014595 0.0999168
4 574 -0.12846 0.103287
4 390 -0.0937036 0.103131
4 391 0.12247 0.0999915
4 392 0.128145 0.0999087
4 393 0.140553 0.100258
4 394 0.147418 0.0998888
0 766 -0.492016 0.0644468
4 766 -0.443279 0.112885
4 395 -0.383016 0.111311
0 767 -0.0165343 0.0651686
4 767 0.00076349 0.102137
4 575 0.120443 0.100496
0 768 0.115508 0.0650731
4 768 0.138911 0.100832
0 769 0.127833 0.0648904
4 769 0.148564 0.100372
4 396 0.369011 0.0961834
4 576 0.403446 0.094422
4 577 0.433131 0.0939421
4 399 0.332961 0.0972191
4 578 0.360308 0.0967142
0 770 -0.104974 0.0669074
4 770 -0.0846326 0.10607
4 400 0.379242 0.0975144
4 402 -0.165992 0.110885
0 771 -0.04209 0.0694019
4 771 -0.0230384 0.106776
0 772 0.483257 0.0696727
4 772 0.479862 0.0977442
4 404 -0.402309 0.117028
0 773 -0.0837617 0.0703923
4 773 -0.0640387 0.108865
4 407 -0.043644 0.109919
4 408 -0.0399202 0.109173
4 580 0.395525 0.101872
4 409 -0.213596 0.115649
4 410 0.0245247 0.110158
4 411 0.209128 0.106317
4 581 0.401462 0.102902
0 774 -0.442807 0.0752626
4 774 -0.398069 0.122293
4 413 0.147247 0.111251
4 414 -0.240871 0.118859
4 415 -0.254428 0.120067
0 775 0.0209554 0.0774142
4 775 0.0426961 0.114549
4 416 0.0511665 0.11378
4 582 0.45365 0.105645
4 417 -0.392682 0.125523
0 776 -0.416338 0.0778293
4 776 -0.374521 0.124522
4 418 0.0349134 0.115548
0 777 0.0345106 0.078366
4 777 0.0576061 0.115265
4 420 0.2009 0.112074
0 778 -0.428398 0.0798059
4 778 -0.385249 0.126747
4 422 -0.379634 0.126121
4 583 0.309841 0.111174
4 423 0.36237 0.10932
4 424 0.374153 0.111127
4 426 -0.339346 0.12838
0 779 0.471721 0.0831302
4 779 0.46994 0.111019
4 427 0.15101 0.118979
4 584 0.395778 0.113249
0 780 0.313057 0.0848791
4 780 0.318614 0.115495
4 585 0.0630385 0.122675
4 428 0.133557 0.121409
4 429 0.213688 0.119761
0 781 0.00209362 0.0870784
4 781 0.0253109 0.123646
0 782 0.33085 0.0879419
4 782 0.335638 0.118844
4 586 0.449092 0.11557
4 430 -0.157351 0.127973
0 783 -0.253133 0.0897523
4 783 -0.227543 0.132175
4 431 -0.223608 0.131211
4 434 -0.369979 0.137679
4 435 -0.254626 0.134558
4 438 0.137119 0.128121
4 643 0.336065 0.123483
4 440 -0.343581 0.139511
4 442 0.10199 0.131465
4 588 0.108481 0.13188
4 443 0.162196 0.132303
0 784 0.45054 0.097564
4 784 0.4499 0.125582
4 444 0.148971 0.134339
0 785 0.422719 0.10316
4 785 0.423542 0.131378
4 448 -0.40541 0.15168
4 449 0.107674 0.140848
0 786 0.0954232 0.110417
4 786 0.118189 0.144676
0 787 -0.443076 0.116785
4 787 -0.399637 0.162364
4 589 0.10669 0.154389
0 788 -0.367104 0.124455
4 788 -0.330967 0.168864
4 455 -0.370011 0.175755
0 789 -0.375367 0.136026
4 789 -0.338613 0.180345
0 790 -0.384486 0.138095
4 790 -0.346443 0.182294
0 791 -0.419215 0.142976
4 791 -0.380063 0.187787
0 792 0.0528122 0.14377
4 792 0.0756962 0.178392
4 458 -0.370896 0.191549
0 793 -0.372908 0.156898
4 793 -0.336348 0.200872
0 794 -0.440153 0.158703
4 794 -0.398472 0.203666
4 644 -0.417146 0.213379
0 795 -0.42072 0.178744
4 795 -0.381307 0.222725
0 796 -0.429918 0.184001
4 796 -0.390145 0.22842
0 797 0.462286 -0.421299
5 797 0.367384 -0.325328
5 645 0.377218 -0.305101
5 646 0.35843 -0.303638
0 798 0.467502 -0.389387
5 798 0.372073 -0.29487
5 649 0.342034 -0.287436
5 590 0.354617 -0.281196
5 591 0.364951 -0.281287
5 650 0.369504 -0.281391
5 592 0.353219 -0.27432
5 593 0.362136 -0.274518
5 594 0.375146 -0.272715
5 595 0.233797 -0.26116
0 799 0.387456 -0.348656
5 799 0.303011 -0.257831
5 596 0.262063 -0.253669
5 1 0.215712 -0.240972
5 2 0.217432 -0.226818
5 655 0.234319 -0.218191
5 10 -0.0962482 -0.196828
5 657 0.361613 -0.188878
5 12 -0.091005 -0.196621
0 800 0.472086 -0.279797
5 800 0.356862 -0.187832
5 15 -0.0841104 -0.194745
0 801 0.487933 -0.277953
5 801 0.372273 -0.187017
5 658 -0.0814335 -0.193901
5 18 0.253981 -0.182617
0 802 -0.0253858 -0.270383
5 802 -0.0707298 -0.188493
5 21 0.354851 -0.173933
5 22 -0.101435 -0.181445
5 23 0.222929 -0.178093
5 24 0.2338 -0.175546
5 660 0.439883 -0.171472
5 605 -0.312027 -0.172038
5 28 -0.31491 -0.171732
5 29 -0.305681 -0.172053
5 30 -0.300565 -0.17178
5 471 0.217469 -0.169322
5 37 0.346288 -0.163335
0 803 -0.32129 -0.248953
5 803 -0.335957 -0.166369
5 607 -0.284917 -0.165849
5 608 0.370845 -0.158394
5 45 0.274562 -0.159509
5 46 0.37614 -0.157274
5 47 0.260414 -0.159367
5 48 0.267249 -0.158676
5 663 0.435888 -0.158307
5 51 0.352528 -0.154823
0 804 -0.0150786 -0.243262
5 804 -0.0636193 -0.162736
5 54 -0.119388 -0.161004
5 55 0.221251 -0.157969
5 57 -0.0886011 -0.160049
5 58 0.269073 -0.152017
5 60 0.249708 -0.152142
5 61 -0.103276 -0.156135
5 65 -0.319045 -0.152855
5 69 -0.30594 -0.150242
5 72 0.376505 -0.14484
5 73 -0.134298 -0.152238
5 74 0.344295 -0.142122
5 75 -0.0837953 -0.149972
5 76 -0.127265 -0.148864
5 481 -0.0765325 -0.149595
5 77 0.245433 -0.143333
5 78 0.262061 -0.141799
5 80 0.452231 -0.14015
5 611 -0.340617 -0.143575
5 83 -0.281039 -0.143467
0 805 0.561039 -0.222218
5 805 0.46216 -0.136256
5 612 -0.333477 -0.138222
5 85 0.447772 -0.132781
5 86 -0.2845 -0.139038
5 87 -0.130497 -0.140018
5 88 0.278993 -0.131462
5 89 -0.113338 -0.137916
5 90 0.290976 -0.130229
5 91 0.333069 -0.129209
5 94 0.30089 -0.12886
5 95 0.309009 -0.127928
5 96 0.363871 -0.128883
5 97 -0.0702876 -0.135644
5 98 0.319611 -0.126774
5 101 0.338271 -0.124672
5 102 0.422706 -0.124909
5 108 -0.296094 -0.127021
5 109 0.267422 -0.12759
5 110 -0.28588 -0.126358
5 112 0.261515 -0.12506
5 487 -0.326076 -0.122815
5 114 -0.300391 -0.121822
5 115 -0.273359 -0.122061
5 488 -0.0923881 -0.122638
5 490 -0.301621 -0.120747
5 119 -0.0686824 -0.119428
5 120 -0.280782 -0.117501
5 121 -0.339769 -0.115697
5 123 -0.309153 -0.11519
0 806 -0.0617144 -0.191714
5 806 -0.105355 -0.116765
5 124 0.253756 -0.114161
5 615 -0.11186 -0.114832
5 492 -0.0814067 -0.113453
5 125 -0.0498107 -0.109918
5 126 -0.302449 -0.107199
5 127 -0.0552994 -0.108988
5 128 0.395661 -0.104988
5 493 -0.0918162 -0.1076
5 129 -0.0651081 -0.107278
5 130 -0.338469 -0.104743
5 131 -0.326206 -0.104194
5 132 0.306891 -0.100659
5 134 -0.102657 -0.105114
5 135 -0.0991656 -0.105302
5 136 0.349858 -0.0987137
0 807 -0.0902633 -0.176076
5 807 -0.12806 -0.103313
5 137 -0.109168 -0.104271
5 138 -0.0825696 -0.10402
5 139 0.254554 -0.100469
5 140 0.300146 -0.0992591
5 142 -0.0377485 -0.102999
5 144 0.271571 -0.0969628
5 145 -0.0794372 -0.0984777
5 146 0.33465 -0.0921806
5 680 0.322713 -0.0897047
5 496 -0.320298 -0.0943428
0 808 -0.245694 -0.166964
5 808 -0.272564 -0.0954729
5 149 0.31258 -0.089848
5 151 -0.280815 -0.0920041
5 152 -0.258791 -0.0925822
0 809 0.439786 -0.163646
5 809 0.350511 -0.0826618
5 153 0.329289 -0.0828726
5 154 -0.289654 -0.0897171
5 497 -0.328358 -0.0883876
0 810 -0.216444 -0.160166
5 810 -0.245053 -0.0888269
5 156 -0.0549795 -0.088019
5 157 0.321998 -0.0806716
5 158 0.407789 -0.0846685
5 159 -0.0413479 -0.0873198
5 160 0.300452 -0.0820032
5 161 0.226422 -0.0812781
5 162 -0.335701 -0.0849768
5 163 -0.243938 -0.0859217
5 164 -0.228686 -0.0858936
5 167 0.35785 -0.0734746
5 618 -0.347666 -0.0808594
5 168 -0.319381 -0.0798639
5 169 -0.0369345 -0.0799936
5 171 -0.268116 -0.0804408
5 172 -0.262817 -0.0805488
5 498 -0.260834 -0.080479
5 173 0.321542 -0.0704716
0 811 -0.253157 -0.149153
5 811 -0.280154 -0.0785402
5 687 -0.272598 -0.0795394
5 175 -0.28767 -0.0779058
5 176 -0.284008 -0.0783104
5 177 -0.252149 -0.0788865
5 688 -0.200758 -0.080612
5 178 0.280157 -0.0745595
0 812 0.457303 -0.148122
5 812 0.369255 -0.0693276
5 179 0.262103 -0.0717537
5 181 0.327724 -0.0674727
5 182 0.419702 -0.0676209
5 183 -0.297556 -0.0761344
5 184 0.413564 -0.0649757
5 185 -0.0730356 -0.0745924
5 186 0.232494 -0.0686729
5 187 0.400996 -0.0647122
5 188 0.333532 -0.064225
5 189 0.240856 -0.0671116
5 190 0.398506 -0.0630471
5 191 -0.06093 -0.0692885
5 192 -0.0539903 -0.0681573
5 504 -0.161932 -0.0711129
5 194 -0.0400147 -0.0659117
5 195 0.21693 -0.0625414
5 197 -0.123387 -0.0641972
5 198 -0.26897 -0.0634406
5 199 0.26308 -0.0590624
0 813 -0.32444 -0.133527
5 813 -0.341513 -0.0660378
5 200 -0.327262 -0.0636422
5 697 -0.210315 -0.0634697
5 201 -0.0454842 -0.0609368
5 202 0.25209 -0.0558084
5 203 0.33304 -0.0519814
5 623 0.215 -0.0535607
5 204 0.347202 -0.0494411
0 814 -0.0809618 -0.125936
5 814 -0.129378 -0.0569788
5 206 0.410334 -0.0468861
5 208 0.386069 -0.0454395
5 209 -0.349163 -0.0574507
0 815 -0.164412 -0.122779
5 815 -0.213531 -0.0525885
5 211 0.324668 -0.0446531
5 212 0.42038 -0.0424047
5 213 -0.137545 -0.0510437
5 700 0.224046 -0.0460925
5 214 -0.062356 -0.0501963
5 215 0.252212 -0.0456168
5 513 -0.0521055 -0.0491409
5 216 -0.143386 -0.0490553
5 217 0.256791 -0.0429709
5 218 -0.320823 -0.0500319
5 219 0.32203 -0.0382232
5 220 0.331204 -0.0377941
0 816 -0.186058 -0.115587
5 816 -0.233034 -0.0465829
5 221 0.352557 -0.0372512
5 515 0.415811 -0.0353158
5 223 -0.32679 -0.0478936
5 224 0.2215 -0.0409562
5 625 0.315878 -0.0342968
0 817 0.46879 -0.112171
5 817 0.379993 -0.0345939
5 225 -0.341558 -0.0464325
5 226 0.244928 -0.037308
0 818 0.486788 -0.10833
5 818 0.398855 -0.0309679
5 229 0.409898 -0.0297076
5 230 0.235599 -0.0344547
5 231 -0.142266 -0.0376306
5 232 0.32777 -0.0274354
5 233 -0.265516 -0.0366268
5 234 -0.264009 -0.0363576
5 235 -0.276214 -0.0353236
5 236 0.22172 -0.0295491
5 237 -0.313557 -0.0354461
5 238 0.337057 -0.0228442
0 819 -0.451253 -0.0976819
5 819 -0.479923 -0.0288419
5 703 -0.478284 -0.0287601
5 239 -0.346581 -0.033929
5 240 -0.320324 -0.0336019
5 516 -0.216911 -0.0298647
5 241 0.231295 -0.0261683
5 242 -0.470996 -0.0275141
5 243 -0.263996 -0.0310489
5 244 0.224842 -0.0246665
5 245 0.303004 -0.0208832
0 820 0.395057 -0.0961121
5 820 0.309421 -0.0197167
5 246 0.363917 -0.0195634
5 705 -0.268474 -0.0299407
5 247 -0.160266 -0.0274592
5 248 0.289737 -0.0209581
0 821 -0.434875 -0.0932862
5 821 -0.465919 -0.025344
5 250 -0.258581 -0.0280178
5 251 -0.228307 -0.0269169
5 252 -0.29989 -0.0276059
5 255 0.416771 -0.0185368
5 256 -0.334767 -0.027862
5 519 -0.263318 -0.0262533
5 257 -0.245294 -0.0242884
5 258 0.370769 -0.0136009
5 520 -0.324226 -0.026574
5 260 0.276742 -0.0198394
5 708 -0.148014 -0.0231765
5 261 0.338591 -0.00914121
5 262 0.381719 -0.00846235
5 521 0.390052 -0.00947005
5 264 0.301431 -0.00978848
5 710 0.287487 -0.00752968
0 822 -0.170706 -0.0807562
5 822 -0.221418 -0.014781
0 823 0.435963 -0.0818454
5 823 0.34671 -0.00591906
5 711 0.356007 -0.00508657
5 266 -0.227599 -0.0152331
5 268 -0.125083 -0.0159637
5 269 0.373993 -0.00467038
5 271 0.325933 -0.00423296
5 272 -0.219695 -0.0140549
0 824 -0.0593393 -0.0783141
5 824 -0.109974 -0.0128678
5 273 0.308424 -0.00414534
5 274 0.315783 -0.00393301
5 275 -0.277955 -0.0125818
5 276 0.333427 -0.000542234
5 277 -0.333198 -0.0134677
5 629 -0.207709 -0.00680033
5 278 -0.323763 -0.00994258
5 279 -0.169856 -0.00518009
5 280 -0.138035 -0.00534654
5 719 0.297382 0.00760347
5 283 0.21941 0.00350113
5 285 -0.250054 -0.000695181
5 524 0.35422 0.011083
5 286 0.234516 0.00707498
5 287 -0.210994 0.00352031
5 289 -0.269946 0.00298964
5 291 0.217752 0.0112539
5 292 0.323442 0.0177084
5 293 0.29617 0.0187395
5 294 0.228609 0.0148899
5 296 0.260437 0.0174901
5 723 0.20256 0.0166345
5 297 0.3644 0.0235105
5 724 0.253238 0.0230989
5 298 -0.245973 0.0176449
5 529 0.22428 0.0253618
0 825 -0.471568 -0.0398323
5 825 -0.505027 0.0220514
5 302 -0.350029 0.0204175
5 303 0.242274 0.0273833
5 535 -0.498621 0.0220626
5 304 0.28188 0.031747
5 305 0.324487 0.0333521
5 728 -0.509751 0.0233323
5 538 -0.491991 0.0249927
5 307 0.207717 0.0307836
5 308 0.22972 0.0322942
5 309 0.395571 0.0380215
5 310 0.319847 0.0382087
5 539 -0.467715 0.0275599
5 311 -0.377777 0.028799
5 312 0.331267 0.0424451
5 731 0.424039 0.0430043
5 542 0.440568 0.0446143
5 313 -0.404398 0.0314411
5 314 -0.419395 0.0332794
5 545 -0.391346 0.0331642
5 547 0.397304 0.0484329
5 316 -0.43379 0.0328106
5 548 -0.42653 0.0360534
0 826 0.388485 -0.0220233
5 826 0.31088 0.0494338
5 317 0.259899 0.0489526
5 318 0.371844 0.0524467
5 553 -0.348161 0.0405302
5 738 0.23656 0.0544774
5 739 0.302366 0.056597
5 320 0.346629 0.0579983
5 322 0.268536 0.0579322
5 635 0.374632 0.0658994
5 323 0.331498 0.068274
5 324 0.357171 0.0681435
5 325 -0.297764 0.051894
5 560 -0.0501678 0.0579829
5 327 0.218377 0.0679156
5 561 0.266679 0.071194
5 743 -0.468761 0.0576039
5 333 0.209371 0.0751825
5 334 0.283064 0.0782888
5 336 0.316007 0.0817992
0 827 0.0479771 0.0118884
5 827 0.00749485 0.0693979
5 338 0.288471 0.0806477
5 339 0.198161 0.0786225
5 341 0.305476 0.0861089
5 750 -0.530045 0.0674813
5 342 0.205097 0.0834152
5 343 0.010108 0.0827004
5 346 0.217219 0.0898082
5 347 0.274308 0.0929678
5 565 0.317094 0.0953874
0 828 0.0598144 0.0258129
5 828 -0.0291258 0.0874284
5 349 0.0110604 0.0885226
5 351 0.313608 0.0962739
5 752 -0.552527 0.0776919
5 354 0.264374 0.100607
5 640 0.376565 0.104492
5 355 0.231416 0.0994478
5 753 0.317801 0.10493
5 356 0.333461 0.104241
5 357 0.418928 0.106052
5 358 0.260588 0.103182
5 568 0.338339 0.107684
5 359 -0.448971 0.0890166
5 362 -0.327479 0.0872685
0 829 0.464069 0.0413619
5 829 0.380518 0.113323
5 758 0.384154 0.113744
5 364 -0.465497 0.0904895
5 365 0.266958 0.109478
5 641 0.37087 0.114742
5 569 0.40698 0.115241
5 760 -0.503214 0.0928452
5 368 0.221712 0.110997
5 369 0.23423 0.111014
5 761 0.331921 0.115703
5 370 -0.196979 0.0970161
5 762 0.415715 0.118387
5 570 0.377821 0.118425
5 372 -0.459384 0.0973631
5 373 -0.140042 0.102136
5 763 -0.0555615 0.103099
5 375 -0.124826 0.104636
5 377 0.211731 0.115285
0 830 -0.186052 0.0527682
5 830 -0.226243 0.103344
5 378 -0.101714 0.10691
5 764 0.390698 0.126828
5 381 0.2731 0.12422
5 572 0.290142 0.125698
5 382 -0.444294 0.105913
5 573 0.298864 0.128079
5 383 -0.451936 0.107793
0 831 0.478903 0.0614456
5 831 0.399155 0.132604
5 765 0.414046 0.132899
5 384 -0.454766 0.108754
5 386 -0.195837 0.111869
5 387 -0.190179 0.113183
0 832 -0.166778 0.0633291
5 832 -0.209855 0.113005
5 391 0.00706289 0.123534
5 392 0.013972 0.12452
5 393 0.0247952 0.124645
5 395 -0.459868 0.109898
5 768 0.0199944 0.125557
5 769 0.033044 0.126047
0 833 0.360637 0.064879
5 833 0.280475 0.131383
5 396 0.284708 0.132767
5 576 0.318352 0.132798
5 577 0.350163 0.134138
5 399 0.251203 0.130915
5 400 0.293271 0.133956
5 401 -0.253544 0.115508
5 402 -0.228732 0.117634
5 772 0.409969 0.140383
5 404 -0.478141 0.114501
5 773 -0.127658 0.121247
5 407 -0.109167 0.123286
5 408 -0.105912 0.123296
5 579 0.306769 0.139277
5 410 -0.0701428 0.128365
5 581 0.315907 0.141116
5 774 -0.473417 0.119368
5 412 0.00519628 0.134043
5 413 0.0284811 0.135203
5 414 -0.294235 0.121563
5 415 -0.305687 0.121914
5 416 -0.0493906 0.132668
5 582 0.375028 0.147327
5 776 -0.449946 0.121303
5 418 -0.0598355 0.133592
5 419 0.0843537 0.13922
5 420 0.102392 0.138846
5 778 -0.463289 0.123292
5 421 -0.457675 0.12336
5 422 -0.453101 0.122332
5 423 0.278851 0.145332
0 834 0.131137 0.0815242
5 834 0.0334314 0.142296
5 424 0.289839 0.148082
5 426 -0.416524 0.126752
5 584 0.310843 0.15109
5 780 0.241081 0.148168
5 428 0.0163075 0.145077
5 781 -0.0713037 0.141598
5 586 0.370961 0.156893
5 430 -0.218916 0.134925
5 431 -0.282833 0.134479
5 432 -0.274607 0.134011
5 433 -0.293025 0.134959
5 434 -0.446291 0.1337
5 435 -0.305168 0.135878
5 438 0.0198595 0.151282
5 440 -0.419751 0.136654
5 442 -0.012712 0.152805
5 588 -0.00662162 0.153196
5 443 0.0444937 0.156875
5 785 0.356187 0.170367
5 447 -0.455645 0.144003
5 449 -0.00844743 0.161893
5 451 0.0435646 0.164192
5 452 -0.487733 0.153665
5 787 -0.473006 0.154283
0 835 0.0866294 0.118393
5 835 -0.00428581 0.174042
5 589 -0.00668168 0.17458
0 836 -0.425301 0.12789
5 836 -0.459202 0.165324
0 837 0.141584 0.130273
5 837 0.0499129 0.186739
5 789 -0.40877 0.172403
5 456 -0.0134428 0.190765
0 838 -0.382868 0.138051
5 838 -0.414304 0.174045
5 457 0.0413546 0.19369
0 839 0.0913209 0.144968
5 839 0.0101835 0.198671
0 840 0.101159 0.145295
5 840 0.022732 0.199256
0 841 0.0629691 0.149773
5 841 -0.0154572 0.202105
5 459 -0.0047869 0.201453
5 793 -0.404543 0.19093
5 460 0.00126807 0.206764
5 461 -0.00309116 0.208436
5 794 -0.466935 0.190077
0 842 -0.377366 0.160265
5 842 -0.41151 0.194437
5 795 -0.449185 0.208347
5 796 -0.460762 0.212752
0 843 0.466099 -0.421091
6 843 0.331308 -0.305892
6 645 0.337075 -0.287255
6 646 0.318728 -0.28549
6 649 0.303723 -0.269877
6 590 0.315424 -0.263349
6 591 0.323681 -0.263245
6 592 0.314473 -0.25656
6 594 0.335858 -0.255104
6 595 0.201538 -0.243756
6 799 0.266505 -0.240451
6 0 0.259748 -0.237839
6 596 0.230788 -0.23728
6 597 0.24027 -0.237439
0 844 0.500102 -0.337941
6 844 0.363587 -0.229744
6 1 0.183342 -0.223788
6 2 0.184051 -0.209795
6 6 0.339919 -0.182143
0 845 0.461853 -0.282462
6 845 0.299982 -0.172483
6 10 -0.119404 -0.179088
6 657 0.318354 -0.171939
6 463 -0.12775 -0.178752
6 13 0.304254 -0.169588
6 800 0.313142 -0.170891
6 14 -0.132746 -0.177675
6 15 -0.107039 -0.177295
6 465 -0.144199 -0.174259
6 18 0.21498 -0.16535
6 21 0.312278 -0.156892
6 22 -0.12586 -0.163634
6 24 0.197227 -0.15842
6 660 0.395809 -0.155057
6 605 -0.331749 -0.152976
6 27 -0.328236 -0.153532
6 469 -0.338365 -0.152495
6 28 -0.335516 -0.152828
6 30 -0.320669 -0.152816
6 661 -0.344855 -0.15081
6 32 -0.142246 -0.154724
6 33 0.209175 -0.14987
6 34 0.296433 -0.147444
6 662 -0.351857 -0.14854
6 36 0.198297 -0.149952
6 37 0.304123 -0.146633
6 39 -0.119687 -0.153173
6 40 0.241444 -0.144267
6 803 -0.356311 -0.147047
6 607 -0.304465 -0.147089
6 41 -0.361879 -0.144896
6 43 0.220046 -0.142867
6 44 0.230124 -0.142562
6 46 0.333065 -0.141131
6 474 -0.329034 -0.142346
6 53 -0.320398 -0.139719
6 54 -0.143222 -0.144164
6 55 0.186976 -0.14215
6 56 0.389871 -0.137773
6 57 -0.113034 -0.143172
6 58 0.230172 -0.135382
6 59 -0.345645 -0.135901
6 60 0.212341 -0.135821
6 61 -0.127599 -0.13905
6 62 0.306168 -0.130946
6 64 0.365117 -0.13287
6 66 0.298098 -0.130256
6 67 0.279386 -0.130107
6 68 -0.328256 -0.131612
6 72 0.333409 -0.128677
6 73 -0.157715 -0.13532
6 478 0.206718 -0.129769
6 74 0.30189 -0.125696
6 480 -0.348246 -0.127956
6 75 -0.108417 -0.133275
6 76 -0.150969 -0.131904
6 481 -0.101663 -0.132589
6 78 0.224013 -0.125658
6 80 0.411103 -0.125045
6 483 -0.34136 -0.124581
6 81 0.379628 -0.122052
6 82 -0.335943 -0.122354
6 83 -0.302252 -0.125334
6 612 -0.35342 -0.119156
6 84 0.336621 -0.115633
6 85 0.40602 -0.117708
6 86 -0.306428 -0.120404
6 87 -0.154162 -0.123333
6 88 0.240295 -0.115624
6 89 -0.137574 -0.1211
6 90 0.252052 -0.114441
6 91 0.293692 -0.114293
6 92 0.246637 -0.112304
6 94 0.264356 -0.112979
6 97 -0.0948849 -0.118878
6 98 0.279564 -0.111004
0 846 0.433834 -0.211726
6 846 0.284609 -0.109902
6 102 0.380829 -0.109842
6 105 0.249168 -0.107782
6 486 -0.369542 -0.110485
6 107 -0.146581 -0.112172
6 108 -0.31748 -0.109217
6 110 -0.307249 -0.108445
6 111 -0.113818 -0.11114
6 112 0.230915 -0.110654
6 487 -0.34595 -0.104284
6 115 -0.294713 -0.104659
6 119 -0.0929489 -0.103351
6 120 -0.302372 -0.0991277
6 121 -0.359809 -0.0974016
6 122 -0.128376 -0.100975
6 124 0.223339 -0.0997456
6 673 0.230826 -0.0985592
6 492 -0.104929 -0.0978221
6 125 -0.0735642 -0.0943056
6 126 -0.32312 -0.0896598
6 127 -0.0800913 -0.0931732
6 493 -0.115431 -0.0915932
6 129 -0.0895181 -0.0914433
6 130 -0.357653 -0.0867984
6 131 -0.346194 -0.0866211
6 132 0.273132 -0.0864866
6 134 -0.125653 -0.0893721
6 135 -0.119162 -0.089776
6 136 0.315061 -0.0844971
6 137 -0.131179 -0.0885036
6 138 -0.106247 -0.0885692
6 139 0.222966 -0.0859848
6 140 0.267095 -0.0850275
6 142 -0.0617611 -0.0872536
6 144 0.241074 -0.0830045
6 145 -0.10346 -0.0828684
6 146 0.298218 -0.0777285
6 680 0.289438 -0.076483
6 809 0.314234 -0.0682673
0 847 -0.278792 -0.162886
6 847 -0.325245 -0.0730818
6 153 0.292941 -0.0683007
6 155 -0.315651 -0.0719463
6 156 -0.0792317 -0.0727666
0 848 0.161838 -0.160472
6 848 0.141718 -0.0864058
6 157 0.285382 -0.0661422
6 158 0.376308 -0.0715907
6 159 -0.0657998 -0.0722104
6 160 0.267428 -0.0678683
6 161 0.194691 -0.0670067
6 162 -0.3538 -0.0668903
6 164 -0.248501 -0.0694542
0 849 0.325564 -0.155998
6 849 0.222025 -0.0658043
6 167 0.321053 -0.0592852
6 618 -0.365999 -0.0638231
6 168 -0.339554 -0.0633331
6 169 -0.0613605 -0.0651582
6 619 0.304103 -0.0580751
6 171 -0.288389 -0.0638218
6 173 0.284924 -0.0563084
6 811 -0.300952 -0.0620057
6 175 -0.306962 -0.0614488
6 176 -0.303412 -0.061591
6 177 -0.273619 -0.0626105
6 178 0.252031 -0.0611918
6 179 0.230931 -0.0582292
6 182 0.383037 -0.0537875
6 183 -0.317932 -0.0592921
6 184 0.378568 -0.0523956
6 186 0.200989 -0.0548157
6 188 0.296799 -0.0502594
6 189 0.209284 -0.0534601
6 192 -0.0780297 -0.0535061
6 193 -0.336161 -0.0516727
6 194 -0.0650781 -0.0513036
6 195 0.186141 -0.0484092
6 505 0.310915 -0.0447192
6 196 -0.357616 -0.0501787
6 197 -0.147357 -0.0489482
6 198 -0.289769 -0.0474012
6 199 0.232853 -0.0455633
6 697 -0.230163 -0.0484776
6 201 -0.0693963 -0.0458205
6 202 0.220611 -0.0420278
6 203 0.296141 -0.0381314
6 204 0.311347 -0.0360585
6 206 0.373672 -0.033503
6 208 0.34955 -0.0319769
6 209 -0.367597 -0.0408613
6 512 -0.535005 -0.0287143
6 211 0.288396 -0.0311144
6 213 -0.161431 -0.0359189
6 700 0.194306 -0.0327058
6 215 0.221822 -0.03212
6 217 0.226288 -0.0298232
6 218 -0.341993 -0.0328306
6 219 0.286107 -0.0246184
6 220 0.295114 -0.0242521
6 221 0.316541 -0.0237186
6 515 0.379891 -0.0224595
6 223 -0.345593 -0.0315678
6 224 0.191719 -0.0277258
6 625 0.280916 -0.0205986
6 817 0.343743 -0.020834
6 225 -0.360432 -0.0301399
6 226 0.213993 -0.0238294
6 229 0.3749 -0.0169997
6 231 -0.166641 -0.022193
6 232 0.292226 -0.0141634
6 233 -0.28817 -0.0209225
6 234 -0.284415 -0.0206528
0 850 -0.00808997 -0.101016
6 850 -0.0845239 -0.0185289
6 236 0.192179 -0.016497
6 238 0.302 -0.00939531
6 703 -0.499366 -0.0107933
6 239 -0.364939 -0.0179826
6 240 -0.339091 -0.0181592
6 241 0.202147 -0.0132437
6 244 0.196602 -0.0118821
6 245 0.269026 -0.00773042
6 820 0.274871 -0.00645737
6 246 0.329256 -0.00652475
6 705 -0.291185 -0.0140825
6 256 -0.353624 -0.0121799
6 519 -0.285761 -0.01058
6 258 0.335352 -0.000732089
6 261 0.303046 0.0036278
6 262 0.34605 0.0045397
6 263 -0.330741 -0.00627868
6 823 0.310923 0.00718813
6 267 -0.202895 0.00128533
6 269 0.338965 0.00800361
6 271 0.290899 0.00866673
6 273 0.273836 0.00887216
6 274 0.281636 0.00915325
6 275 -0.300163 0.00269093
6 276 0.2982 0.0119695
6 277 -0.351714 0.00184103
6 629 -0.232253 0.00863934
6 280 -0.163105 0.00986273
6 283 0.190779 0.0160881
6 285 -0.274079 0.0149766
6 524 0.318479 0.023272
6 288 -0.318863 0.0167849
6 290 0.309176 0.0279411
6 291 0.189978 0.0235718
6 292 0.289406 0.0307227
6 294 0.199916 0.0271029
6 296 0.232233 0.0294863
6 723 0.176604 0.0289123
6 297 0.332069 0.0361958
0 851 -0.201357 -0.0446586
6 851 -0.257999 0.029234
6 724 0.224152 0.0353795
6 725 -0.487175 0.0355088
6 529 0.196012 0.0376411
6 726 0.253982 0.0420483
6 532 -0.521235 0.0389086
6 301 -0.383412 0.0355099
6 302 -0.372346 0.0358437
6 303 0.213658 0.0391402
6 534 -0.546575 0.0388132
6 535 -0.519754 0.0390344
6 304 0.25041 0.0445095
6 305 0.290885 0.045691
6 538 -0.514277 0.0417675
6 307 0.180802 0.0427956
6 309 0.3619 0.0497925
6 310 0.28601 0.0503939
6 539 -0.490339 0.0439893
6 540 -0.543892 0.0439394
6 311 -0.400463 0.0442931
6 312 0.297961 0.0543004
6 543 -0.426536 0.0467833
6 547 0.364449 0.0602493
0 852 -0.386576 -0.0244719
6 852 -0.441817 0.0489885
0 853 0.277543 -0.0237592
6 853 0.184591 0.0557053
6 548 -0.447836 0.0513323
6 317 0.230095 0.0604556
6 318 0.339158 0.0641079
6 553 -0.370683 0.0555093
6 319 0.403306 0.0681216
6 739 0.270403 0.0681965
6 320 0.313734 0.0698835
6 322 0.238364 0.0693462
6 635 0.342298 0.0772828
6 324 0.326982 0.0795256
6 325 -0.316034 0.0657624
6 559 0.228689 0.0795034
6 742 -0.538989 0.0703108
6 560 -0.0727126 0.0705774
6 327 0.188849 0.0799764
0 854 0.469032 0.00276658
6 854 0.360785 0.0862231
6 743 -0.490863 0.0729025
6 329 -0.288721 0.0713232
6 331 0.242326 0.0862651
6 333 0.180137 0.0868701
6 336 0.283338 0.0934911
6 339 0.17057 0.0897097
6 341 0.272603 0.0974927
6 750 -0.548127 0.0824749
6 342 0.176426 0.0948281
6 343 -0.0215812 0.0956803
6 346 0.188056 0.101153
6 347 0.242031 0.104805
6 348 -0.0469024 0.100424
6 349 -0.0205054 0.101021
6 752 -0.571009 0.0928733
0 855 -0.247362 0.0331997
6 855 -0.296471 0.0965227
6 354 0.232559 0.11196
6 640 0.343016 0.115991
6 355 0.201529 0.110754
6 356 0.299748 0.115629
6 357 0.38707 0.117251
6 358 0.228731 0.114803
6 360 -0.20691 0.103513
6 757 -0.469117 0.104236
6 362 -0.342959 0.100752
6 363 -0.200329 0.104445
6 829 0.346933 0.124607
6 758 0.350386 0.124943
6 364 -0.486848 0.104852
6 365 0.235349 0.120786
6 641 0.337597 0.126028
6 367 -0.332809 0.104639
6 760 -0.523612 0.107127
6 369 0.204658 0.122208
6 761 0.298221 0.126894
6 370 -0.218285 0.10961
6 762 0.383246 0.129319
6 570 0.34423 0.129922
6 372 -0.48091 0.111405
6 376 -0.0860863 0.116907
6 377 0.183956 0.12666
6 830 -0.247241 0.115682
6 379 0.196904 0.129002
6 572 0.257788 0.13677
6 382 -0.465879 0.119748
0 856 0.272179 0.0612722
6 856 0.179789 0.134503
6 384 -0.475576 0.12233
6 386 -0.220357 0.124505
6 389 -0.479569 0.12334
6 832 -0.231288 0.125581
6 391 -0.0267873 0.136026
6 395 -0.481592 0.123592
6 769 -8.23291e-05 0.138404
6 833 0.249079 0.14264
6 396 0.252842 0.143725
6 576 0.285836 0.144108
6 577 0.317196 0.145216
6 397 -0.170432 0.128015
6 398 -0.0136013 0.137784
6 399 0.220735 0.141959
6 400 0.261329 0.144943
6 401 -0.273132 0.127815
6 402 -0.249446 0.130084
6 404 -0.49855 0.128363
6 773 -0.148609 0.133245
6 407 -0.134366 0.134797
6 408 -0.128649 0.134853
6 579 0.276023 0.150544
6 409 -0.29063 0.131889
6 410 -0.0979949 0.14061
0 857 0.363994 0.0737684
6 857 0.249138 0.15049
6 774 -0.494949 0.132578
6 412 -0.0277939 0.146493
6 413 -0.00505023 0.147385
6 414 -0.313657 0.133642
6 415 -0.323941 0.134303
6 416 -0.0802034 0.145188
6 417 -0.490118 0.135406
6 419 0.0536153 0.150592
6 420 0.0716921 0.150473
6 778 -0.482152 0.136852
6 421 -0.47918 0.136808
6 423 0.247895 0.156279
6 424 0.258402 0.159034
6 426 -0.438717 0.140246
6 427 -0.00209742 0.156122
6 584 0.27876 0.162013
6 428 -0.0165207 0.157126
6 781 -0.0993965 0.153684
6 586 0.337796 0.167369
6 430 -0.238337 0.146753
6 783 -0.302508 0.146573
6 432 -0.29451 0.146027
6 434 -0.467532 0.146645
6 435 -0.324502 0.14767
6 436 -0.314916 0.14748
6 440 -0.441237 0.149872
6 588 -0.0388713 0.165166
6 443 0.0113887 0.168418
6 445 -0.499017 0.155172
6 447 -0.476023 0.157208
6 448 -0.500828 0.157865
6 449 -0.0403779 0.173834
6 451 0.0105457 0.175792
6 787 -0.49325 0.166997
6 835 -0.0362491 0.185563
6 589 -0.0379893 0.186145
6 836 -0.479161 0.177395
6 837 0.0178482 0.197982
6 838 -0.435732 0.186117
6 457 0.0116038 0.204797
6 459 -0.0340556 0.212451
6 460 -0.0296105 0.218202
6 461 -0.0309484 0.21888
6 842 -0.43084 0.205775
0 858 0.45884 -0.421242
7 858 0.371593 -0.277681
7 646 0.366085 -0.256758
7 798 0.379539 -0.248792
7 649 0.350504 -0.241849
7 590 0.362746 -0.235508
7 591 0.37061 -0.235057
7 592 0.361718 -0.228346
7 594 0.382481 -0.227144
7 595 0.245603 -0.21879
7 799 0.313135 -0.214726
7 0 0.301817 -0.211232
7 596 0.273593 -0.212518
7 597 0.280817 -0.212587
7 2 0.230247 -0.184841
7 4 0.378632 -0.159406
7 8 0.248945 -0.158177
7 10 -0.0731479 -0.157331
7 657 0.370584 -0.144881
7 12 -0.0677361 -0.157171
7 13 0.357099 -0.142652
7 800 0.366062 -0.143792
7 15 -0.0614167 -0.155794
7 18 0.266799 -0.140491
7 20 0.287601 -0.133941
7 21 0.363921 -0.130671
7 23 0.235832 -0.137328
7 24 0.246861 -0.13411
7 27 -0.277031 -0.133249
7 469 -0.288569 -0.131504
7 28 -0.28315 -0.132527
7 30 -0.267844 -0.132319
7 661 -0.292096 -0.130544
7 33 0.259266 -0.12569
7 34 0.34813 -0.12132
7 662 -0.29646 -0.129356
7 36 0.247318 -0.126022
7 37 0.355535 -0.121011
7 40 0.292837 -0.119282
7 803 -0.305251 -0.126081
7 607 -0.254082 -0.127238
7 41 -0.311061 -0.12362
7 43 0.270366 -0.118567
7 472 0.280324 -0.117821
7 664 -0.0826568 -0.125646
7 50 0.375649 -0.113204
7 475 -0.271168 -0.120669
7 53 -0.268882 -0.119934
7 55 0.233954 -0.118856
7 56 0.437737 -0.111205
7 58 0.281114 -0.110769
7 60 0.262326 -0.111835
7 62 0.357969 -0.105463
7 64 0.415087 -0.106871
7 66 0.349233 -0.104844
7 67 0.331268 -0.105464
7 72 0.384923 -0.103411
7 73 -0.109196 -0.114568
7 478 0.255726 -0.106285
7 75 -0.0609604 -0.112022
7 78 0.273782 -0.10192
0 859 0.452937 -0.22824
7 859 0.350451 -0.0976912
7 80 0.457915 -0.0995713
7 611 -0.305782 -0.104327
7 81 0.428489 -0.096248
7 83 -0.249477 -0.105094
7 805 0.466143 -0.0955374
7 84 0.385857 -0.0900229
7 85 0.453246 -0.0923161
7 86 -0.252763 -0.100847
7 87 -0.105573 -0.10252
7 90 0.302965 -0.0901857
7 91 0.342751 -0.0886534
7 92 0.297251 -0.0882279
7 95 0.323707 -0.0872653
7 98 0.330741 -0.0865131
7 101 0.349119 -0.0849172
7 102 0.4295 -0.0847214
0 860 -0.311418 -0.209065
7 860 -0.301732 -0.0910708
7 486 -0.315176 -0.0907873
7 106 -0.289256 -0.0907798
7 108 -0.263992 -0.0893779
7 110 -0.253844 -0.0883035
7 111 -0.0664703 -0.0909709
7 112 0.273084 -0.0881281
7 487 -0.291959 -0.0844561
7 114 -0.267429 -0.0846709
7 115 -0.242162 -0.0845476
7 116 0.269045 -0.0840656
7 488 -0.0698536 -0.085724
7 490 -0.270497 -0.0818911
7 121 -0.305677 -0.0777894
7 122 -0.0805334 -0.0808885
7 123 -0.275776 -0.0780379
7 806 -0.0817539 -0.0805435
7 124 0.265543 -0.0778618
7 615 -0.088392 -0.0784592
7 673 0.274131 -0.0766371
7 492 -0.0591695 -0.077926
7 125 -0.027635 -0.0742438
7 127 -0.0330175 -0.0730809
7 493 -0.0688225 -0.0718416
7 129 -0.0434294 -0.071419
7 131 -0.292058 -0.0670676
7 132 0.316982 -0.0637207
7 134 -0.0795275 -0.069348
7 136 0.359281 -0.0616934
7 138 -0.0601799 -0.068763
7 494 -0.0184313 -0.0682783
7 139 0.266331 -0.0639807
7 140 0.310711 -0.0627268
7 141 -0.0924549 -0.0671654
7 142 -0.0167017 -0.067541
7 677 -0.101753 -0.0686365
7 144 0.28276 -0.0614101
7 145 -0.0575024 -0.0629254
7 680 0.333155 -0.0523461
7 147 -0.304386 -0.0578764
0 861 -0.0970178 -0.168538
7 861 -0.110213 -0.0617693
7 496 -0.28786 -0.0571506
7 150 -0.243931 -0.0581285
7 151 -0.250696 -0.0557157
7 152 -0.22904 -0.0568631
7 809 0.370084 -0.0494306
7 156 -0.0335916 -0.0527075
7 157 0.332464 -0.0433754
7 158 0.414913 -0.0497257
7 159 -0.0204774 -0.0527469
7 160 0.311318 -0.0460293
7 161 0.239474 -0.0456182
7 162 -0.302214 -0.0485431
7 164 -0.201593 -0.0518208
7 849 0.265602 -0.044482
7 167 0.367099 -0.0364392
7 685 -0.180796 -0.0510365
7 618 -0.314885 -0.0455513
7 168 -0.286349 -0.0452671
0 862 -0.115167 -0.151493
7 862 -0.127125 -0.0470991
7 169 -0.0158562 -0.0453753
7 170 -0.238914 -0.0446439
7 173 0.332415 -0.0338009
7 811 -0.249514 -0.0432702
7 174 -0.247395 -0.0434042
7 687 -0.244141 -0.0437437
7 175 -0.258706 -0.0422212
7 177 -0.223857 -0.0439501
7 178 0.291258 -0.0403691
7 179 0.27369 -0.0368207
7 182 0.427128 -0.0308978
7 183 -0.265991 -0.0410051
7 184 0.420186 -0.0286444
7 185 -0.0508948 -0.0400251
7 186 0.245512 -0.0332342
7 689 0.354119 -0.0277528
7 188 0.34349 -0.0273788
7 189 0.253372 -0.0321532
7 691 -0.449123 -0.0241622
7 191 -0.0386211 -0.0346445
7 621 -0.446812 -0.0223887
7 192 -0.0325137 -0.0340155
7 504 -0.137735 -0.0389471
7 194 -0.0191092 -0.0315833
7 195 0.231244 -0.0271468
7 507 0.329264 -0.0202204
7 695 -0.0966651 -0.0282044
7 199 0.275465 -0.0243179
7 813 -0.308895 -0.0310538
7 200 -0.296651 -0.0287589
7 697 -0.18393 -0.0304019
7 201 -0.0243226 -0.0268723
7 202 0.264212 -0.0208765
7 203 0.343401 -0.0158452
7 204 0.356834 -0.0137569
7 206 0.418095 -0.0110093
7 208 0.394252 -0.00955481
7 209 -0.316611 -0.0226495
7 512 -0.466437 -0.00865289
7 210 -0.0206939 -0.0207192
7 211 0.334804 -0.00879095
0 863 -0.146654 -0.120865
7 863 -0.158167 -0.020123
7 212 0.427995 -0.00740627
7 213 -0.11243 -0.0169973
7 700 0.236992 -0.0122779
7 214 -0.0403436 -0.0165011
7 215 0.264267 -0.0117074
7 216 -0.118674 -0.0150998
7 217 0.268748 -0.00884172
7 218 -0.292276 -0.0140515
7 219 0.332607 -0.00285675
7 220 0.341369 -0.00231772
7 515 0.423315 -0.000254839
7 222 -0.304806 -0.013066
7 224 0.23446 -0.0071995
7 625 0.326363 0.000727084
7 225 -0.309934 -0.0117949
7 226 0.257385 -0.0034497
7 229 0.417736 0.00530273
7 230 0.249209 -0.000876796
7 232 0.338033 0.00764753
7 233 -0.237315 -0.00244396
7 234 -0.231969 -0.00197153
7 235 -0.242153 -0.0017211
7 236 0.234768 0.00391295
7 238 0.347325 0.0124902
7 703 -0.433177 0.00850262
7 239 -0.314348 -0.000185533
7 240 -0.288514 0.000132364
7 516 -0.186254 0.00474995
7 241 0.242141 0.00821535
7 242 -0.425812 0.0102617
7 243 -0.23358 0.00290068
7 245 0.314119 0.0131335
7 820 0.320227 0.0147025
7 246 0.373984 0.015148
7 247 -0.134282 0.00633664
7 248 0.300697 0.0140869
7 249 -0.239516 0.00472794
7 706 -0.464629 0.0134457
7 250 -0.228052 0.00597953
7 251 -0.198167 0.00786894
7 252 -0.266899 0.00614486
7 256 -0.302687 0.00571537
7 257 -0.214732 0.00946657
7 258 0.379588 0.0205396
7 520 -0.293174 0.00595827
7 260 0.288498 0.0122939
7 261 0.349043 0.025201
7 262 0.390666 0.0257862
7 263 -0.282922 0.0119279
7 264 0.312128 0.0242221
7 710 0.299623 0.0263579
7 822 -0.19145 0.0191735
7 823 0.356151 0.0287421
7 711 0.366141 0.0287742
7 269 0.382997 0.0291141
7 271 0.336609 0.0298077
7 274 0.326973 0.0301844
7 275 -0.246856 0.0215642
7 276 0.343807 0.0333348
7 277 -0.301659 0.01964
7 523 -0.112734 0.0263578
7 629 -0.178814 0.027033
7 282 0.226361 0.0342057
7 283 0.232699 0.0356119
7 285 -0.219405 0.032905
7 630 0.277021 0.0357316
7 286 0.247627 0.0393625
7 287 -0.181685 0.0365672
7 631 0.350678 0.0478169
7 288 -0.267675 0.033945
7 289 -0.238222 0.0360263
7 291 0.231064 0.0431953
7 294 0.241443 0.0467098
7 723 0.215636 0.0478692
7 297 0.373809 0.0563163
7 851 -0.213329 0.0483087
7 724 0.26519 0.0547021
7 725 -0.420601 0.0543472
7 529 0.237536 0.0561174
7 300 0.257763 0.0577619
7 301 -0.328186 0.054549
7 302 -0.314238 0.0540894
7 303 0.254303 0.0587709
7 534 -0.479754 0.0577272
7 727 -0.140236 0.0490574
7 304 0.294554 0.0643624
7 305 0.335641 0.0659491
7 538 -0.446219 0.0610159
7 307 0.221366 0.0619428
7 308 0.243212 0.0638019
7 309 0.403925 0.0705187
7 310 0.330915 0.0707038
7 539 -0.423887 0.0628212
7 540 -0.477012 0.063107
7 311 -0.341506 0.0624354
7 312 0.341917 0.0746584
7 731 0.431523 0.0747109
7 314 -0.379479 0.0668952
7 315 -0.229021 0.0624395
7 547 0.406339 0.0805046
7 734 -0.356997 0.067881
7 548 -0.386935 0.0695138
7 826 0.322576 0.0806975
7 317 0.273759 0.0797405
7 318 0.381621 0.0842749
7 319 0.441889 0.0878285
7 738 0.249953 0.0853295
7 739 0.313651 0.0877424
7 320 0.357015 0.0898027
7 322 0.281677 0.0889931
0 864 0.320777 -0.00739813
7 864 0.260198 0.0920827
7 635 0.383825 0.0973477
7 323 0.341221 0.0997704
7 324 0.368429 0.0997479
7 325 -0.268617 0.082637
7 560 -0.0301843 0.0875803
7 326 0.205028 0.0930254
7 327 0.232175 0.0986691
7 328 0.20835 0.0962126
7 561 0.279074 0.102043
7 743 -0.426962 0.0914863
7 329 -0.240386 0.0876694
7 331 0.286273 0.105489
7 332 0.291955 0.107825
7 333 0.223417 0.105916
7 336 0.32732 0.113086
7 339 0.212149 0.108635
7 340 -0.382173 0.102129
7 341 0.317567 0.11665
7 750 -0.485983 0.100926
7 342 0.219446 0.113616
7 343 0.0317042 0.114431
7 346 0.231449 0.120049
7 347 0.28741 0.123858
7 565 0.328851 0.126314
7 349 0.032418 0.119943
7 752 -0.506383 0.11069
7 354 0.27757 0.13109
7 640 0.386327 0.135184
7 355 0.245148 0.12957
7 753 0.329725 0.135273
7 356 0.344347 0.134829
7 357 0.427491 0.136386
7 754 -0.283106 0.113312
7 358 0.273686 0.133607
7 568 0.349222 0.138173
7 359 -0.407393 0.121287
7 360 -0.162189 0.120222
7 757 -0.406428 0.122016
7 362 -0.298698 0.115788
7 363 -0.155799 0.120462
7 758 0.393571 0.143873
7 364 -0.42443 0.123176
7 365 0.28007 0.139342
7 641 0.380728 0.144902
7 569 0.41573 0.145126
7 759 -0.00263496 0.137058
7 760 -0.458985 0.125028
7 368 0.235353 0.14046
7 369 0.247863 0.140774
7 761 0.343162 0.146057
7 370 -0.171334 0.126382
7 762 0.424237 0.148347
7 371 -0.0337007 0.131037
7 570 0.38748 0.14871
7 372 -0.418108 0.12919
7 763 -0.0353591 0.132108
7 376 -0.0411745 0.133677
7 379 0.239994 0.14715
7 380 -0.102414 0.134785
7 764 0.39893 0.157313
7 381 0.285334 0.152994
7 572 0.302514 0.155413
7 382 -0.403895 0.137209
7 856 0.220932 0.151868
7 765 0.422486 0.162347
7 386 -0.173819 0.14081
7 389 -0.415192 0.140403
7 832 -0.182554 0.141527
7 391 0.0274474 0.154718
7 392 0.0351367 0.15502
7 395 -0.417997 0.141138
0 865 -0.254785 0.0648768
7 865 -0.255764 0.140697
0 866 -0.21115 0.065019
7 866 -0.217763 0.14149
7 833 0.29332 0.160759
7 396 0.297535 0.162336
7 576 0.329908 0.162487
7 577 0.360814 0.163834
7 397 -0.126015 0.144221
7 399 0.264802 0.160475
7 400 0.305985 0.163352
7 401 -0.225891 0.144117
7 402 -0.201678 0.146899
7 407 -0.0891539 0.151431
7 579 0.318899 0.168665
7 409 -0.242536 0.148481
7 410 -0.046186 0.157825
7 411 0.126548 0.16286
7 412 0.0277285 0.164773
7 413 0.0501765 0.166076
0 867 -0.413996 0.0765111
7 867 -0.408236 0.15152
7 414 -0.266077 0.149884
7 415 -0.276587 0.150456
7 418 -0.0373763 0.162939
7 419 0.106883 0.16865
7 420 0.121074 0.168639
7 778 -0.419836 0.154243
7 422 -0.413548 0.153444
7 424 0.302438 0.177076
7 425 0.417509 0.179209
7 426 -0.378971 0.157378
7 584 0.322995 0.180332
7 780 0.254378 0.176693
7 428 0.0384314 0.17508
7 781 -0.0476383 0.170927
7 586 0.380206 0.185583
7 783 -0.2545 0.162769
7 432 -0.246938 0.162254
7 434 -0.406714 0.163813
7 435 -0.277238 0.163762
7 440 -0.381809 0.166705
7 442 0.00993487 0.182908
7 588 0.016656 0.183129
7 443 0.0652462 0.186629
7 449 0.0143998 0.191523
7 450 0.0279868 0.191237
7 451 0.0647594 0.193764
7 787 -0.432495 0.183905
7 835 0.0175842 0.20343
7 589 0.0157583 0.203619
7 454 0.067287 0.207567
7 837 0.0704453 0.215919
7 789 -0.37261 0.201169
7 456 0.00806434 0.219228
7 790 -0.380012 0.203001
7 791 -0.409382 0.205218
7 458 -0.398439 0.210369
7 459 0.0165274 0.229529
0 868 -0.424177 0.150614
7 868 -0.41417 0.211669
0 869 -0.432422 0.155449
7 869 -0.418614 0.214811
7 793 -0.368631 0.218182
7 460 0.0232284 0.234346
7 461 0.0188639 0.236262
7 794 -0.428832 0.218978
7 842 -0.373452 0.221538
7 795 -0.411456 0.235942
7 796 -0.419985 0.240106
8 797 0.476596 -0.380578
8 646 0.468674 -0.357474
8 647 0.47856 -0.356003
8 648 0.482229 -0.350295
8 798 0.482126 -0.347506
8 649 0.448659 -0.340658
8 590 0.462985 -0.332779
8 594 0.485493 -0.323174
8 595 0.317095 -0.312853
8 596 0.342609 -0.304712
8 597 0.349436 -0.304189
8 1 0.299284 -0.290204
8 651 0.534231 -0.281253
8 2 0.307252 -0.27508
8 653 0.315439 -0.269035
8 601 0.357977 -0.257843
8 3 0.490042 -0.248814
8 602 0.29825 -0.257678
8 5 0.302847 -0.253371
8 7 0.306591 -0.25098
8 8 0.345155 -0.245358
8 9 0.428753 -0.239531
8 462 0.453718 -0.236721
0 870 0.292055 -0.282821
8 870 0.301248 -0.239066
8 603 0.365071 -0.236241
8 657 0.491188 -0.231582
8 12 -0.0395868 -0.241877
8 464 0.511981 -0.227082
8 658 -0.0310381 -0.239132
8 18 0.366944 -0.225672
8 19 0.304585 -0.230132
8 21 0.484289 -0.216843
8 23 0.321442 -0.221535
8 24 0.337645 -0.218393
8 25 0.384838 -0.214169
8 26 -0.0599668 -0.219338
8 605 -0.283107 -0.213868
8 468 -0.0826656 -0.217462
8 661 -0.296867 -0.212252
8 32 -0.0681193 -0.214855
8 470 0.305256 -0.212621
8 33 0.353164 -0.208683
8 34 0.460632 -0.20346
8 471 0.310206 -0.211369
8 36 0.336369 -0.208802
8 37 0.471397 -0.203923
8 38 -0.304706 -0.210198
8 39 -0.0420805 -0.21266
8 40 0.397031 -0.201832
8 606 0.463017 -0.199431
8 607 -0.254085 -0.205978
8 608 0.49445 -0.197369
8 42 -0.0959436 -0.210378
8 43 0.367176 -0.200406
8 44 0.381743 -0.20007
8 46 0.503441 -0.197262
8 663 0.560249 -0.196913
8 664 -0.0524792 -0.204889
8 51 0.478615 -0.193311
8 54 -0.0686445 -0.20234
8 55 0.313413 -0.19977
8 56 0.554854 -0.192983
8 476 -0.084205 -0.201254
8 57 -0.0334842 -0.201472
8 58 0.381326 -0.19152
8 59 -0.294313 -0.193593
0 871 -0.0173082 -0.238535
8 871 -0.010559 -0.200194
8 60 0.355264 -0.192762
8 61 -0.0500463 -0.19664
0 872 0.498022 -0.237298
8 872 0.509723 -0.186768
8 64 0.532866 -0.188107
8 66 0.463219 -0.1862
8 67 0.440979 -0.185813
8 71 0.45246 -0.184183
8 666 0.564222 -0.184614
8 73 -0.0859095 -0.192547
8 478 0.344736 -0.186432
8 479 0.456277 -0.182077
8 480 -0.297622 -0.184623
8 75 -0.0295083 -0.18965
8 76 -0.0771514 -0.188374
8 481 -0.0218861 -0.18869
8 77 0.349719 -0.183092
8 78 0.371033 -0.181122
8 610 0.495562 -0.177736
8 667 0.472422 -0.176499
8 668 0.510509 -0.177111
8 81 0.543222 -0.175536
8 82 -0.282773 -0.177594
8 83 -0.246614 -0.180877
8 84 0.502506 -0.169703
8 85 0.566395 -0.171211
8 86 -0.250488 -0.175145
8 87 -0.0805676 -0.178148
8 88 0.390929 -0.169722
8 89 -0.0618817 -0.175565
8 90 0.404048 -0.168428
8 91 0.450571 -0.166333
8 92 0.400905 -0.167543
8 93 0.412162 -0.166675
8 98 0.43809 -0.164401
8 485 -0.295556 -0.167478
8 99 -0.30839 -0.166131
8 670 0.391603 -0.164608
8 101 0.457518 -0.162655
0 873 0.464212 -0.210245
8 873 0.474302 -0.160831
8 671 0.499554 -0.160607
8 860 -0.305462 -0.16385
8 105 0.399269 -0.161831
8 486 -0.322171 -0.163368
8 106 -0.29051 -0.163413
8 108 -0.261541 -0.162108
8 109 0.348669 -0.168154
8 110 -0.249459 -0.161004
8 111 -0.0362392 -0.165481
8 112 0.342294 -0.165187
8 113 -0.253742 -0.15823
8 487 -0.294198 -0.156262
8 114 -0.265417 -0.156006
8 115 -0.236145 -0.156433
8 116 0.338711 -0.161801
8 117 0.354798 -0.159618
0 874 0.463028 -0.198462
8 874 0.475207 -0.152797
8 119 -0.0149712 -0.156206
8 120 -0.243937 -0.150722
8 121 -0.310424 -0.148611
8 124 0.332754 -0.153532
8 615 -0.0594144 -0.150933
8 492 -0.0295336 -0.149852
8 125 0.00577834 -0.14597
8 126 -0.268857 -0.139269
8 127 0.000501157 -0.14432
8 128 0.481109 -0.144017
8 675 0.487889 -0.143631
8 493 -0.040662 -0.142214
8 129 -0.0114861 -0.142338
8 130 -0.308872 -0.136008
8 131 -0.294378 -0.135809
8 132 0.398384 -0.13843
8 134 -0.0533684 -0.139301
8 135 -0.0462989 -0.139777
8 136 0.4463 -0.13635
8 137 -0.0601846 -0.138339
8 138 -0.0308946 -0.139222
8 139 0.338002 -0.138175
8 140 0.387321 -0.13705
0 875 -0.229103 -0.176342
8 875 -0.222075 -0.138008
8 141 -0.0674642 -0.137066
8 142 0.0195303 -0.137796
8 676 -0.211108 -0.137009
8 677 -0.0811753 -0.137427
8 143 -0.0866933 -0.137251
0 876 -0.236329 -0.173563
8 876 -0.229836 -0.132528
8 678 -0.205781 -0.13565
0 877 0.316541 -0.172599
8 877 0.326702 -0.13465
8 144 0.351594 -0.134643
8 679 -0.203281 -0.13487
8 145 -0.0271373 -0.132977
8 146 0.436528 -0.127985
8 496 -0.289793 -0.123688
8 808 -0.239079 -0.125645
8 149 0.406298 -0.12638
8 150 -0.239884 -0.125009
0 878 0.313279 -0.165038
8 878 0.324364 -0.128078
8 152 -0.224259 -0.123787
8 153 0.432445 -0.117705
8 684 0.318825 -0.124769
8 810 -0.209775 -0.119722
8 156 2.44942e-05 -0.121116
8 157 0.425859 -0.115518
8 158 0.489017 -0.122464
8 159 0.0151362 -0.120556
0 879 -0.0204856 -0.158662
8 879 -0.0135588 -0.120265
8 161 0.312026 -0.117863
8 162 -0.307263 -0.113354
8 849 0.335339 -0.115625
8 166 0.40067 -0.114302
8 167 0.460815 -0.108876
8 685 -0.175302 -0.116591
8 618 -0.325273 -0.109876
8 169 0.0202626 -0.11282
8 619 0.444058 -0.106721
8 686 0.468432 -0.107613
8 172 -0.227431 -0.109905
8 173 0.425139 -0.105147
8 174 -0.244538 -0.107662
8 687 -0.24194 -0.107947
8 175 -0.254212 -0.106613
8 177 -0.216987 -0.108393
8 688 -0.168558 -0.111096
8 178 0.35494 -0.111014
8 499 -0.11693 -0.113312
8 179 0.344206 -0.107822
8 180 0.387608 -0.107547
8 181 0.430653 -0.102041
8 182 0.521674 -0.103168
8 183 -0.265457 -0.104962
8 184 0.516891 -0.101085
8 186 0.318284 -0.103308
8 689 0.44945 -0.0995089
8 188 0.437525 -0.0985969
8 189 0.325493 -0.102268
8 502 0.493374 -0.099621
8 191 -0.00365351 -0.100551
8 192 0.00304309 -0.0995437
8 503 -0.310946 -0.0963158
8 195 0.301601 -0.0968429
8 505 0.447231 -0.0906872
8 196 -0.31805 -0.0931051
8 197 -0.0691627 -0.0934514
8 507 0.418691 -0.0910226
8 198 -0.232754 -0.0906546
8 199 0.343546 -0.0941363
8 697 -0.176591 -0.0928769
8 201 0.0111842 -0.0915221
8 202 0.335684 -0.089769
8 203 0.435235 -0.085162
8 623 0.299689 -0.0872827
8 204 0.447068 -0.0836301
8 814 -0.0751923 -0.085128
8 206 0.512542 -0.0811952
8 511 -0.0744495 -0.0848615
8 699 0.468934 -0.0841839
8 209 -0.326276 -0.0828609
8 211 0.423829 -0.0774407
8 700 0.302746 -0.0794821
8 214 -0.00632496 -0.0800237
8 215 0.333418 -0.0792814
8 513 0.00571492 -0.0791532
8 217 0.337938 -0.0772484
8 219 0.422082 -0.0707724
8 221 0.45481 -0.0692886
8 515 0.516691 -0.0694835
8 224 0.299449 -0.0740431
8 701 -0.0738734 -0.0710472
8 625 0.412508 -0.0679407
8 626 -0.00385478 -0.0719682
8 226 0.326674 -0.0703288
8 227 -0.321581 -0.0683837
8 228 -0.213398 -0.0689284
0 880 -0.192864 -0.108747
8 880 -0.188625 -0.0624885
0 881 0.353751 -0.107516
8 881 0.369822 -0.0862591
8 702 0.42366 -0.0628766
8 229 0.509428 -0.062923
8 230 0.316492 -0.0670875
0 882 -0.0355967 -0.104748
8 882 -0.0294485 -0.0666735
8 232 0.425948 -0.0588774
8 236 0.300665 -0.0618212
8 237 -0.282887 -0.0594015
8 238 0.436724 -0.0543799
8 703 -0.445966 -0.0415672
8 239 -0.322863 -0.0566594
8 240 -0.29154 -0.0564506
8 241 0.310739 -0.058127
8 243 -0.221158 -0.05359
8 244 0.305053 -0.0568905
8 704 0.387448 -0.0524412
8 245 0.398082 -0.0530073
8 246 0.463019 -0.0524319
8 247 -0.101689 -0.0520978
8 517 -0.432948 -0.0384771
8 706 -0.482662 -0.0360627
8 821 -0.43171 -0.0376819
8 251 -0.17467 -0.0480484
8 707 -0.0352728 -0.0555063
8 252 -0.261691 -0.0492568
8 253 0.352609 -0.0557265
8 518 0.374926 -0.0517838
8 254 0.477562 -0.0471009
8 255 0.498037 -0.0535274
8 256 -0.308273 -0.0495168
8 257 -0.195795 -0.0470707
8 258 0.469791 -0.0458123
8 259 -0.42648 -0.0346263
8 520 -0.295778 -0.048445
8 260 0.3473 -0.0536026
0 883 -0.0824187 -0.0888057
8 883 -0.0769619 -0.0468742
8 261 0.438182 -0.0402146
8 262 0.480233 -0.0403652
8 521 0.486706 -0.0413724
0 884 -0.421502 -0.0838011
8 884 -0.418335 -0.0294127
8 264 0.396349 -0.0398881
8 265 0.294844 -0.0444339
8 710 0.385014 -0.0377305
8 522 -0.303717 -0.0412334
8 822 -0.166093 -0.0353143
8 711 0.459259 -0.0383286
8 266 -0.175706 -0.0350676
8 713 -0.164819 -0.0346867
8 268 -0.0682318 -0.0392863
8 269 0.472111 -0.0362298
8 270 -0.103487 -0.0363678
8 271 0.424419 -0.0347562
8 824 -0.053053 -0.0391045
8 273 0.406332 -0.0341697
8 274 0.415222 -0.0340626
8 275 -0.234313 -0.0322427
8 716 0.36513 -0.042171
8 276 0.432478 -0.03097
8 277 -0.307864 -0.0341136
8 523 -0.0817767 -0.0290766
8 629 -0.152286 -0.0266668
8 278 -0.295785 -0.0295601
0 885 0.273714 -0.0703415
8 885 0.285659 -0.0376114
8 717 0.35929 -0.0351975
8 279 -0.111395 -0.0258152
8 718 -0.296459 -0.0279617
8 281 -0.166232 -0.0217522
8 282 0.288368 -0.0286264
8 719 0.392773 -0.0217559
8 720 -0.093807 -0.0243297
8 283 0.294294 -0.0269539
8 284 -0.275112 -0.0244805
8 630 0.334538 -0.0285141
8 524 0.449774 -0.01885
8 286 0.313669 -0.0228162
8 287 -0.15481 -0.0155349
8 525 -0.098687 -0.0182027
8 631 0.432497 -0.0164114
0 886 0.279152 -0.0570341
8 886 0.288027 -0.0185338
8 291 0.293489 -0.0187884
8 294 0.302902 -0.0156248
8 295 0.462803 -0.0117913
8 632 0.454661 -0.00770172
8 296 0.332418 -0.0129127
8 722 0.381302 -0.00696009
8 723 0.265851 -0.0128605
8 851 -0.19674 -0.000519878
8 724 0.326746 -0.0072648
8 725 -0.425006 0.014121
0 887 -0.201975 -0.0435197
8 887 -0.19751 -0.000164669
8 528 0.457705 -0.000382788
8 529 0.297587 -0.00446952
8 299 0.319933 -0.00325801
8 301 -0.321177 0.00929469
8 303 0.316153 -0.0021121
8 727 -0.126154 -0.00351244
8 536 0.38189 0.00426104
8 305 0.417932 0.00528516
8 728 -0.477001 0.0218799
0 888 -0.461334 -0.0370875
8 888 -0.458011 0.0213168
8 307 0.278133 0.00123285
8 308 0.302717 0.00330176
8 310 0.41424 0.0095966
8 730 0.465016 0.0055479
0 889 0.475082 -0.0352785
8 889 0.486728 0.00838245
8 539 -0.428435 0.0243535
8 311 -0.337209 0.0196342
8 312 0.421879 0.0143696
0 890 0.254262 -0.0285242
8 890 0.263502 0.0085237
8 733 0.369633 0.0140879
8 542 0.519248 0.0107626
8 544 0.460357 0.0119021
8 313 -0.365687 0.023612
8 314 -0.37933 0.025567
8 545 -0.350946 0.0245951
8 315 -0.219888 0.0138886
8 546 0.298523 0.0140356
8 547 0.488207 0.0185856
8 316 -0.399512 0.0261296
8 735 0.46745 0.0164402
8 548 -0.389692 0.0295433
8 549 -0.0651252 0.0152535
8 550 0.267525 0.0151578
0 891 0.280052 -0.0224316
8 891 0.28929 0.0165987
8 826 0.398714 0.0188594
8 317 0.341497 0.0205284
0 892 0.37975 -0.0197627
8 892 0.390835 0.0208879
8 318 0.460929 0.0227302
8 554 0.399482 0.0250206
8 555 0.265886 0.0211158
8 319 0.513646 0.0252844
8 738 0.317781 0.0275554
8 739 0.388833 0.0285228
8 320 0.437618 0.0294328
8 321 0.256682 0.0261148
0 893 0.314093 -0.0104905
8 893 0.322608 0.0302615
8 322 0.35253 0.030437
8 864 0.330374 0.0341705
8 635 0.462981 0.0368152
8 325 -0.267644 0.0382343
8 637 0.0560729 0.032052
8 560 0.00173485 0.0367125
8 326 0.256106 0.0360342
8 327 0.298562 0.0417454
8 328 0.263891 0.0395179
8 854 0.481472 0.0454737
8 329 -0.233411 0.0435998
8 744 0.356934 0.0467163
8 331 0.36169 0.0488492
8 332 0.368813 0.0513534
8 333 0.288255 0.050145
8 335 0.131923 0.0554258
8 639 0.141674 0.0557329
8 336 0.410552 0.0558695
8 337 0.153611 0.056659
8 339 0.270394 0.0527646
8 341 0.398841 0.0600045
8 342 0.282888 0.0575627
8 343 0.10061 0.0685728
8 344 0.0155931 0.0604546
8 346 0.296772 0.0652702
8 565 0.413474 0.0700296
8 828 0.063067 0.0749576
8 349 0.101131 0.0747539
8 350 0.106857 0.0749871
8 354 0.353395 0.0762181
8 640 0.470777 0.0778148
8 355 0.314052 0.0756
8 356 0.426449 0.0799969
8 357 0.50573 0.0770587
8 358 0.349011 0.0791286
8 568 0.43254 0.0824636
8 757 -0.407761 0.093669
8 362 -0.30657 0.0776753
8 363 -0.137655 0.0777917
8 829 0.474462 0.0866518
8 758 0.47787 0.0871154
8 364 -0.428661 0.0955793
8 365 0.355652 0.0860315
8 569 0.496664 0.0871353
8 366 -0.405685 0.0955642
8 367 -0.289561 0.0825315
8 759 0.0649635 0.0946998
8 368 0.301875 0.0874497
8 369 0.316888 0.0878549
8 761 0.425875 0.0907641
8 370 -0.151622 0.0848091
8 762 0.504317 0.0906742
8 371 -0.000507446 0.0856379
8 570 0.471402 0.0924162
8 375 -0.074542 0.0889305
8 376 -0.00812927 0.0884881
8 377 0.287392 0.0913001
8 378 -0.0509964 0.0910913
8 379 0.307457 0.0943141
8 764 0.48276 0.100122
8 572 0.380367 0.102077
8 382 -0.40467 0.111114
8 856 0.280544 0.100104
8 765 0.498954 0.104919
8 385 -0.39293 0.114839
8 386 -0.153395 0.101767
8 389 -0.418814 0.115728
8 832 -0.161615 0.102267
8 574 -0.143992 0.101881
8 391 0.102283 0.114426
8 393 0.121723 0.115221
8 395 -0.423417 0.117008
8 865 -0.248201 0.104291
8 769 0.13143 0.116104
8 396 0.374056 0.109393
8 576 0.409964 0.108842
8 577 0.442214 0.109266
8 398 0.117665 0.116148
8 399 0.335687 0.108364
8 578 0.364117 0.109691
8 400 0.383938 0.111075
8 401 -0.212554 0.106631
8 402 -0.184112 0.108779
0 894 0.381993 0.0693904
8 894 0.390757 0.114478
8 772 0.494602 0.1128
8 773 -0.0773751 0.107723
8 408 -0.0529876 0.10904
8 580 0.402666 0.116705
8 409 -0.232708 0.112258
8 410 0.00546601 0.117644
8 411 0.199366 0.118397
8 581 0.407794 0.117915
8 857 0.372749 0.117906
8 412 0.102902 0.125799
8 413 0.128182 0.126321
8 414 -0.259957 0.115151
0 895 -0.407184 0.0771406
8 895 -0.402285 0.127823
8 415 -0.273303 0.115909
8 582 0.464092 0.121361
8 417 -0.43357 0.130113
8 776 -0.41148 0.128998
8 777 0.0370066 0.12657
8 419 0.182451 0.12468
8 420 0.191002 0.12447
8 422 -0.417092 0.131209
8 423 0.36583 0.122457
8 834 0.133443 0.133743
8 424 0.37859 0.125082
8 426 -0.375075 0.132795
8 584 0.400729 0.128336
8 585 0.0432098 0.134299
8 428 0.114219 0.137171
8 429 0.203169 0.132675
8 781 0.00518764 0.132728
8 430 -0.17552 0.126432
8 783 -0.247514 0.128402
0 896 0.333691 0.089355
8 896 0.342327 0.131365
8 433 -0.257174 0.129123
8 434 -0.407577 0.142654
8 435 -0.273353 0.130976
0 897 0.105744 0.0917326
8 897 0.108043 0.142501
8 437 0.141805 0.142569
8 438 0.116807 0.144457
8 643 0.338524 0.135064
8 439 0.474372 0.134781
8 587 0.115827 0.144907
8 441 0.0734585 0.14676
8 442 0.0809393 0.146056
8 588 0.0887878 0.146422
8 443 0.144784 0.148416
8 784 0.460687 0.141026
8 444 0.131567 0.14975
8 445 -0.443103 0.155263
8 446 0.0673073 0.152693
8 447 -0.418202 0.154542
8 449 0.0864304 0.155884
8 450 0.100049 0.1547
8 451 0.142728 0.156734
0 898 0.153933 0.108026
8 898 0.156564 0.159184
8 786 0.098096 0.160112
0 899 0.149255 0.114285
8 899 0.151895 0.166136
8 787 -0.437497 0.167755
8 453 0.0754094 0.168197
8 589 0.0858984 0.169096
0 900 -0.367698 0.122517
8 900 -0.361912 0.168271
8 837 0.144665 0.179808
8 455 -0.401815 0.178097
8 789 -0.370017 0.18234
8 790 -0.378626 0.184998
8 791 -0.413092 0.189502
8 841 0.0662789 0.196412
8 459 0.0775669 0.196015
8 793 -0.36707 0.202375
8 460 0.0853013 0.2015
0 901 0.063008 0.156698
8 901 0.0662946 0.203512
8 461 0.0810798 0.20353
8 794 -0.434571 0.207209
8 842 -0.372041 0.205752
8 644 -0.450933 0.214837
0 902 0.0608531 0.169507
8 902 0.0643044 0.216091
0 903 -0.422015 0.180009
8 903 -0.4167 0.22696
8 796 -0.423669 0.230585
1 904 0.303784 -0.300632
2 904 0.474031 -0.280551
1 905 0.316504 -0.294229
2 905 0.488963 -0.273406
1 906 0.326582 -0.293867
2 906 0.498536 -0.272676
1 907 0.316113 -0.287038
2 907 0.488101 -0.266964
1 908 0.337489 -0.285105
2 908 0.509671 -0.26387
1 909 0.190959 -0.273347
2 909 0.340725 -0.257258
1 910 0.218157 -0.265001
2 910 0.357916 -0.248557
1 911 0.365435 -0.258407
2 911 0.536475 -0.236266
2 2 0.341283 -0.222606
1 912 0.19578 -0.233004
2 912 0.383508 -0.215248
1 913 -0.158226 -0.211296
2 913 -0.0178829 -0.200132
2 10 -0.00790984 -0.199537
1 914 -0.138614 -0.208923
2 914 0.000457881 -0.197135
1 915 0.217016 -0.205487
2 915 0.416985 -0.186544
1 916 0.287242 -0.2046
2 916 0.498123 -0.183099
1 917 -0.147759 -0.19893
2 917 -0.00130818 -0.186396
1 918 0.239682 -0.195709
2 918 0.441538 -0.175215
1 919 -0.352826 -0.178133
2 919 -0.218942 -0.167065
1 474 -0.378665 -0.175082
2 45 0.435783 -0.151631
1 920 -0.402048 -0.170597
2 920 -0.255994 -0.158567
2 69 -0.232344 -0.150957
1 480 -0.401497 -0.160604
2 63 0.535139 -0.139499
2 64 0.569037 -0.138128
2 70 0.373818 -0.140556
2 66 0.5096 -0.137072
1 77 0.208568 -0.155729
1 483 -0.395112 -0.157125
2 83 -0.205582 -0.141495
1 921 0.297707 -0.153828
2 921 0.499131 -0.132033
1 922 0.227311 -0.153437
2 922 0.415439 -0.133611
1 923 0.308876 -0.151018
2 923 0.510412 -0.129226
1 485 -0.4004 -0.144837
1 924 0.310754 -0.142691
2 924 0.509687 -0.121147
1 486 -0.425865 -0.140952
1 925 0.275981 -0.139233
2 925 0.477575 -0.117818
2 111 0.00264707 -0.120932
2 112 0.362744 -0.115998
1 926 0.366894 -0.134195
2 926 0.505013 -0.114457
1 927 0.373037 -0.134513
2 927 0.50906 -0.114483
1 487 -0.398567 -0.13379
1 490 -0.375274 -0.129582
1 928 -0.157095 -0.127715
2 928 -0.013423 -0.10987
2 117 0.374915 -0.109424
1 929 0.356853 -0.126853
2 929 0.493826 -0.107519
1 930 0.364823 -0.126854
2 930 0.501587 -0.106977
2 123 -0.2326 -0.107643
1 931 -0.163606 -0.125769
2 931 -0.0207986 -0.107378
1 492 -0.135159 -0.123328
1 491 -0.403823 -0.121885
1 932 -0.398502 -0.12272
2 932 -0.252758 -0.104213
2 126 -0.228885 -0.0976791
1 493 -0.145306 -0.117081
2 129 0.0226127 -0.0980474
2 134 -0.0149096 -0.0952352
1 933 0.217213 -0.108837
2 933 0.367984 -0.0892281
1 934 -0.35318 -0.0998072
2 934 -0.211906 -0.0784215
1 935 0.2853 -0.0991018
2 935 0.458695 -0.0784796
1 936 -0.331872 -0.0882833
2 936 -0.194602 -0.0658951
2 175 -0.221243 -0.0626908
2 178 0.373059 -0.0625647
2 186 0.34965 -0.056439
1 937 -0.24733 -0.0748201
2 937 -0.132136 -0.0534655
1 511 -0.183521 -0.0631815
2 213 -0.0401367 -0.032515
2 218 -0.266034 -0.0261808
2 222 -0.285988 -0.0242376
1 938 -0.184241 -0.0505209
2 938 -0.0279612 -0.0261304
2 228 -0.173584 -0.0224871
2 221 0.487275 -0.0255664
1 939 -0.199407 -0.0444853
2 939 -0.0418982 -0.01834
2 226 0.353903 -0.024526
1 515 0.377231 -0.0450169
2 237 -0.253113 -0.0117302
2 235 -0.191653 -0.0118487
2 239 -0.299369 -0.00832582
1 940 -0.275649 -0.0349809
2 940 -0.105864 -0.00600068
2 256 -0.280827 -0.000964883
2 238 0.468409 -0.00972999
1 941 -0.552092 -0.0288968
2 941 -0.365386 0.00997945
2 252 -0.223523 0.000575069
1 942 0.241638 -0.018504
2 942 0.382759 0.00142597
2 269 0.49895 0.00616553
2 278 -0.269805 0.0202791
1 943 0.255788 0.000644811
2 943 0.427719 0.022359
1 524 0.316946 0.00343664
2 291 0.318242 0.0267575
1 533 -0.330212 0.0154149
2 298 -0.153921 0.0509211
1 944 -0.224783 0.0180013
2 944 -0.104797 0.0473952
1 945 -0.422486 0.0211361
2 945 -0.247434 0.0616716
1 536 0.254306 0.0261761
2 311 -0.283834 0.0733103
1 541 0.336675 0.0356886
1 542 0.395807 0.0356413
1 547 0.357226 0.0401237
1 946 0.395451 0.0444534
2 946 0.518287 0.0615682
1 947 -0.555569 0.0637785
2 947 -0.37218 0.117984
1 561 0.225243 0.0637234
1 948 0.348271 0.0690289
2 948 0.496115 0.0883619
1 949 0.0158163 0.071488
2 949 0.201307 0.102087
2 337 0.213298 0.102962
2 348 0.150474 0.122049
2 349 0.17573 0.121739
1 565 0.28072 0.0884861
2 352 0.160954 0.12565
2 359 -0.348936 0.156371
2 364 -0.370327 0.15977
1 568 0.301365 0.10091
1 950 -0.104436 0.104273
2 950 0.0322947 0.138568
2 365 0.391393 0.127672
2 372 -0.36322 0.167556
1 569 0.367297 0.106913
1 951 -0.289491 0.109494
2 951 -0.151405 0.152998
1 952 -0.220045 0.111173
2 952 -0.0877756 0.150376
1 570 0.340167 0.110963
2 380 -0.0486524 0.148421
1 953 0.228258 0.114478
2 953 0.372648 0.13702
2 382 -0.347677 0.176757
1 954 0.352311 0.119093
2 954 0.505904 0.138373
1 572 0.253088 0.120077
2 391 0.18737 0.16278
1 955 -0.00212845 0.12671
2 955 0.212396 0.163423
1 576 0.281237 0.126807
1 577 0.312642 0.127297
1 956 -0.53328 0.13254
2 956 -0.356343 0.196689
2 417 -0.377512 0.199605
1 579 0.27141 0.133715
2 422 -0.364125 0.200175
2 416 0.0894681 0.174627
1 581 0.279118 0.135603
2 431 -0.21794 0.193358
2 432 -0.213466 0.192283
1 584 0.274139 0.145533
2 440 -0.327015 0.213035
1 586 0.332374 0.149808
2 437 0.221239 0.190071
2 445 -0.390452 0.22748
1 588 -0.044508 0.156494
2 447 -0.36576 0.227216
1 443 0.0149891 0.158946
2 448 -0.393568 0.231532
1 957 -0.532087 0.159879
2 957 -0.359591 0.228353
1 958 0.314278 0.164103
2 958 0.469949 0.183279
1 959 -0.558685 0.169922
2 959 -0.387329 0.242694
2 453 0.149635 0.220138
1 960 -0.487571 0.188538
2 960 -0.326869 0.257098
1 961 -0.494026 0.190042
2 961 -0.334248 0.25995
1 456 -0.0477412 0.196377
1 962 -0.542833 0.205495
2 962 -0.380926 0.282034
1 963 -0.549279 0.208021
2 963 -0.388123 0.285809
1 964 -0.0565889 0.208149
2 964 0.131763 0.251215
1 965 -0.491496 0.212556
2 965 -0.333666 0.284488
1 966 -0.05653 0.214884
2 966 0.131835 0.25785
1 967 -0.0588242 0.227484
2 967 0.128361 0.27107
1 968 0.32001 -0.31719
3 968 0.47999 -0.229399
3 904 0.459748 -0.215434
1 969 0.355075 -0.267374
3 969 0.515136 -0.180946
1 970 0.337605 -0.219232
3 970 0.53142 -0.125229
3 11 -0.0162782 -0.126398
1 971 0.316795 -0.205401
3 971 0.511187 -0.112265
1 972 0.228804 -0.201759
3 972 0.412487 -0.112955
1 973 0.335428 -0.200949
3 973 0.523944 -0.10926
1 974 0.224186 -0.20011
3 974 0.408556 -0.110902
3 917 0.00201447 -0.112548
1 604 -0.130755 -0.19675
3 918 0.426763 -0.105234
1 975 0.178494 -0.180354
3 975 0.339483 -0.0985443
1 976 -0.372605 -0.173245
3 976 -0.213297 -0.0750233
1 608 0.326349 -0.172269
3 46 0.528113 -0.0804662
3 51 0.511481 -0.0761126
3 58 0.417023 -0.0757046
1 977 0.339081 -0.157512
3 977 0.526157 -0.0682096
1 978 0.358242 -0.157304
3 978 0.539996 -0.06943
1 611 -0.415349 -0.156407
1 979 -0.388122 -0.154001
3 979 -0.226014 -0.05366
3 921 0.484336 -0.0651605
3 922 0.404539 -0.0674927
3 97 0.0257856 -0.0610437
3 88 0.42594 -0.0560341
3 92 0.434516 -0.053324
1 614 -0.407821 -0.139493
1 489 -0.0982509 -0.131226
3 491 -0.240577 -0.018186
3 932 -0.23534 -0.0190762
1 980 0.221451 -0.121781
3 980 0.361747 -0.0466891
1 130 -0.409334 -0.114462
3 933 0.362188 -0.0325434
1 495 -0.420546 -0.106361
1 496 -0.393998 -0.102347
3 146 0.454429 -0.0228442
3 171 -0.181131 0.0107651
1 981 -0.21154 -0.0867729
3 981 -0.0876443 -0.00448796
3 165 0.336869 -0.0130102
3 175 -0.204256 0.0152335
1 982 -0.224223 -0.0774139
3 982 -0.101545 0.00503666
3 186 0.344761 0.000894832
3 191 0.0400998 0.00960329
1 983 -0.181089 -0.0725509
3 983 -0.0224147 0.0189975
1 984 -0.232882 -0.0716367
3 984 -0.11166 0.0117269
3 197 -0.0184204 0.0201171
3 207 -0.174025 0.0355175
3 205 -0.110664 0.0213344
3 213 -0.0355095 0.0355104
1 513 -0.0983394 -0.0521307
3 226 0.350053 0.0299599
3 238 0.460864 0.0464021
1 985 -0.550505 -0.0279822
3 985 -0.335084 0.110296
1 630 0.21942 -0.00309041
3 286 0.340183 0.0739604
3 291 0.317123 0.0784824
3 298 -0.139451 0.123664
3 308 0.326133 0.0986648
1 536 0.255491 0.0265574
3 311 -0.261181 0.15694
3 309 0.502516 0.0994798
1 549 -0.170047 0.0353016
1 635 0.334638 0.0579671
1 986 0.217163 0.0601182
3 986 0.369487 0.133576
3 561 0.378765 0.137208
3 331 0.392743 0.142629
3 949 0.202374 0.16295
1 639 0.0208688 0.0716203
3 340 -0.289663 0.213959
3 343 0.175587 0.181759
1 987 -0.0510962 0.0884506
3 987 0.16004 0.191597
3 349 0.175735 0.187167
3 355 0.347765 0.169505
3 354 0.384823 0.169913
1 988 0.338941 0.0967993
3 988 0.490332 0.16533
3 367 -0.249378 0.207857
3 364 -0.339349 0.247375
3 366 -0.317855 0.244326
3 568 0.460636 0.172249
3 370 -0.103214 0.203852
3 365 0.389603 0.178736
3 373 -0.0510605 0.199954
1 989 -0.161689 0.110244
3 989 -0.00948352 0.203246
3 378 -0.00676562 0.201866
3 952 -0.072684 0.207734
3 570 0.494539 0.179827
3 379 0.341179 0.187642
3 382 -0.318719 0.260905
3 390 -0.062587 0.215198
3 954 0.502024 0.186166
3 572 0.412644 0.19239
3 397 -0.0571919 0.217158
3 401 -0.162636 0.230447
3 403 -0.0503079 0.21936
3 391 0.186555 0.228398
3 394 0.210303 0.227928
3 404 -0.35305 0.278262
3 405 -0.0322117 0.22093
1 990 -0.140026 0.125698
3 990 0.0119801 0.217212
3 955 0.211499 0.228268
3 399 0.370261 0.200189
3 396 0.406997 0.199716
3 576 0.440808 0.197829
3 577 0.469274 0.196691
3 409 -0.183744 0.236291
3 407 -0.0111462 0.221438
3 408 -0.00517422 0.220443
1 991 0.252272 0.129182
3 991 0.413457 0.202355
1 992 -0.560666 0.130186
3 992 -0.348346 0.282559
3 414 -0.211231 0.241923
3 415 -0.226552 0.243812
3 579 0.430495 0.205756
3 421 -0.334779 0.284035
3 412 0.187722 0.240637
3 413 0.21121 0.23964
3 581 0.439447 0.206629
3 423 0.400013 0.212573
1 582 0.336533 0.140258
3 424 0.411766 0.214118
3 435 -0.226688 0.259755
1 993 -0.116327 0.145889
3 993 0.076967 0.248188
3 584 0.433041 0.216816
3 434 -0.323102 0.293652
3 428 0.1978 0.250612
3 586 0.482567 0.215515
3 445 -0.357077 0.310356
3 442 0.164359 0.260974
3 588 0.170436 0.260889
3 448 -0.359352 0.313651
1 994 0.335381 0.15988
3 994 0.481897 0.223794
3 449 0.170492 0.270983
3 451 0.223505 0.267873
3 959 -0.353136 0.323232
3 453 0.153173 0.282144
1 456 -0.0624892 0.186529
3 962 -0.34629 0.357404
1 995 -0.542439 0.23392
3 995 -0.349869 0.38643
1 996 0.327754 -0.338819
4 996 0.447756 -0.363607
1 997 0.334428 -0.336767
4 997 0.455204 -0.36144
1 645 0.339169 -0.31826
1 593 0.325464 -0.286941
1 598 0.42891 -0.262864
1 998 0.383045 -0.258833
4 998 0.514863 -0.288009
4 912 0.32729 -0.258423
4 913 -0.0460388 -0.228996
4 14 -0.0527517 -0.227461
4 914 -0.0267981 -0.226623
4 9 0.413035 -0.237846
1 656 0.37255 -0.204724
4 974 0.361553 -0.227286
4 917 -0.0320765 -0.216951
4 604 -0.0172681 -0.214343
1 999 -0.390987 -0.186632
4 999 -0.267009 -0.201443
4 28 -0.264425 -0.201816
4 21 0.464319 -0.215986
1 469 -0.39692 -0.185589
4 31 -0.0292953 -0.203014
1 1000 0.398729 -0.185568
4 1000 0.533459 -0.217196
1 661 -0.400698 -0.184472
1 662 -0.404546 -0.183609
4 975 0.300649 -0.205678
1 1001 0.43593 -0.179413
4 1001 0.561989 -0.209968
4 41 -0.298308 -0.192541
1 664 -0.161725 -0.177432
1 1002 -0.116209 -0.173794
4 1002 -0.00171962 -0.192029
4 57 -0.0259124 -0.190367
4 45 0.379435 -0.199863
4 920 -0.27501 -0.186202
1 1003 0.232807 -0.170792
4 1003 0.367463 -0.198712
4 44 0.370998 -0.199018
4 65 -0.264627 -0.182096
4 66 0.446164 -0.188568
4 921 0.435982 -0.18326
4 74 0.45062 -0.184311
4 923 0.446269 -0.180957
1 1004 0.426145 -0.148628
4 1004 0.545593 -0.179513
4 84 0.48129 -0.173254
4 90 0.392136 -0.169715
1 1005 0.394242 -0.141041
4 1005 0.523974 -0.172035
4 93 0.397461 -0.168732
4 111 -0.027171 -0.155686
4 98 0.422668 -0.167638
4 490 -0.246952 -0.143941
4 928 -0.041914 -0.144894
1 118 0.329142 -0.12698
4 932 -0.270662 -0.136697
1 1006 0.29872 -0.122204
4 1006 0.41334 -0.150517
4 980 0.330858 -0.147371
1 1007 -0.100577 -0.119198
4 1007 0.0109534 -0.137374
4 493 -0.0309205 -0.134639
1 1008 0.346986 -0.113788
4 1008 0.451884 -0.141626
4 933 0.33008 -0.134818
1 159 -0.0914583 -0.0967941
1 155 -0.366657 -0.0973736
4 158 0.463877 -0.122315
1 1009 0.27589 -0.0859445
4 1009 0.400995 -0.114417
4 175 -0.236344 -0.0987508
1 689 0.308118 -0.0740169
4 983 -0.0577868 -0.0892745
1 697 -0.27535 -0.0700205
1 507 0.281552 -0.0654138
1 1010 -0.214091 -0.0622693
4 1010 -0.0918627 -0.0782763
1 1011 -0.284396 -0.0572566
4 1011 -0.147957 -0.0733786
1 513 -0.102644 -0.0559906
1 700 0.181695 -0.055059
4 218 -0.274211 -0.0661463
4 223 -0.278853 -0.0642781
4 939 -0.0732233 -0.0612932
1 1012 -0.336888 -0.0411073
4 1012 -0.206639 -0.0549574
4 230 0.30845 -0.0684359
1 1013 -0.279273 -0.0343314
4 1013 -0.139994 -0.0506381
4 242 -0.397349 -0.0431991
4 252 -0.241471 -0.0427034
1 1014 -0.329529 -0.0298026
4 1014 -0.199322 -0.0436259
1 704 0.260379 -0.0300223
1 708 -0.203514 -0.027649
1 714 0.225416 -0.0195
1 1015 -0.281234 -0.0183856
4 1015 -0.1424 -0.0346486
4 267 -0.100378 -0.0346631
4 275 -0.210914 -0.0288903
1 710 0.250285 -0.0155012
4 269 0.456416 -0.0456019
1 629 -0.26769 -0.00996733
1 717 0.240635 -0.00875364
1 1016 0.275914 -0.00715221
4 1016 0.399691 -0.0366869
4 630 0.323358 -0.0285782
4 291 0.28609 -0.0208018
1 631 0.30186 0.00644786
1 1017 -0.266876 0.00764115
4 1017 -0.131072 -0.00816787
1 723 0.156927 0.0109541
1 722 0.252977 0.0143725
1 724 0.21049 0.01646
1 1018 -0.31475 0.0172061
4 1018 -0.191524 0.00375609
1 725 -0.549374 0.0199884
1 528 0.328945 0.0227571
1 539 -0.552535 0.0297042
1 731 0.379553 0.0346722
1 1019 0.233355 0.0411136
4 1019 0.346007 0.0130177
4 946 0.496348 0.0127705
1 739 0.26314 0.0499298
4 561 0.342175 0.034241
1 561 0.22951 0.065796
1 745 -0.0677293 0.072586
4 340 -0.340227 0.0636069
1 1020 0.221225 0.0808587
4 1020 0.34367 0.0514571
1 751 -0.0638991 0.0862879
4 348 0.0929967 0.0634337
1 1021 0.273702 0.0964926
4 1021 0.387175 0.065708
1 753 0.281572 0.0979855
1 1022 0.343202 0.105633
4 1022 0.463153 0.071848
4 373 -0.0722952 0.0915394
1 758 0.345798 0.106168
1 641 0.332984 0.107341
1 761 0.295023 0.108943
4 951 -0.167946 0.0972804
1 762 0.375347 0.110094
1 1023 0.165466 0.119325
4 1023 0.27715 0.0923311
1 765 0.372971 0.124923
1 772 0.369228 0.132507
4 421 -0.382348 0.126772
4 412 0.123243 0.111058
1 1024 -0.00165029 0.14334
4 1024 0.152006 0.117703
4 441 0.0935137 0.132954
4 958 0.438263 0.129061
4 450 0.119308 0.140699
4 451 0.16113 0.140663
1 1025 0.22192 0.174239
4 1025 0.33035 0.141412
1 788 -0.477985 0.176163
4 453 0.098866 0.154334
1 1026 -0.0421786 0.178345
4 1026 0.107488 0.154129
4 454 0.162293 0.155039
4 456 0.0854698 0.163992
1 1027 0.0138427 0.189938
4 1027 0.162084 0.163933
1 791 -0.530819 0.193538
4 457 0.1515 0.171953
1 1028 -0.536018 0.20138
4 1028 -0.384507 0.195915
4 459 0.0960639 0.18414
4 461 0.0989604 0.19112
5 997 0.372464 -0.323473
1 1029 0.329077 -0.316243
5 1029 0.366909 -0.302936
1 798 0.333813 -0.307847
1 650 0.332112 -0.294017
1 799 0.264412 -0.270966
5 969 0.393145 -0.255007
1 1030 0.246669 -0.264493
5 1030 0.287361 -0.252298
1 1031 0.394469 -0.257616
5 1031 0.440672 -0.248199
1 1032 0.382127 -0.247306
5 1032 0.420087 -0.235295
1 1033 0.396461 -0.237608
5 1033 0.434676 -0.22577
1 1034 0.446209 -0.223047
5 1034 0.48696 -0.212841
5 3 0.35692 -0.204713
5 7 0.214205 -0.204098
1 1035 0.313533 -0.214801
5 1035 0.343812 -0.200821
1 1036 0.349285 -0.215296
5 1036 0.38056 -0.201225
5 8 0.248516 -0.203344
5 11 -0.106961 -0.195841
5 14 -0.111568 -0.19479
5 914 -0.08568 -0.195308
5 9 0.306297 -0.194857
5 16 -0.115933 -0.193594
1 1037 0.383245 -0.20749
5 1037 0.411267 -0.193536
1 1038 -0.179207 -0.205797
5 1038 -0.119666 -0.192352
5 971 0.347225 -0.192161
1 1039 0.396114 -0.205536
5 1039 0.427054 -0.19225
1 1040 0.437459 -0.205798
5 1040 0.472803 -0.193937
5 916 0.317798 -0.190201
5 656 0.401523 -0.191207
1 657 0.331197 -0.202199
5 972 0.262394 -0.188729
1 800 0.325525 -0.201277
1 1041 -0.12231 -0.200489
5 1041 -0.0679893 -0.186669
5 13 0.347028 -0.18648
5 917 -0.0935868 -0.185054
5 604 -0.0780509 -0.182753
1 1042 0.412856 -0.196194
5 1042 0.445729 -0.183353
5 918 0.271775 -0.182334
5 26 -0.110446 -0.17591
1 1043 0.442997 -0.189649
5 1043 0.481055 -0.178681
1 1044 -0.121104 -0.188926
5 1044 -0.068671 -0.175588
5 999 -0.316935 -0.171321
1 605 -0.384635 -0.186926
1 1045 0.244991 -0.186961
5 1045 0.27798 -0.17346
1 21 0.324203 -0.186654
5 32 -0.118196 -0.172003
5 1000 0.431561 -0.173323
5 661 -0.324649 -0.169985
5 39 -0.0952884 -0.170234
1 1046 0.31769 -0.183363
5 1046 0.348212 -0.170881
1 660 0.407124 -0.18367
1 1047 0.413469 -0.18322
5 1047 0.447189 -0.170894
5 38 -0.333379 -0.167314
1 803 -0.410985 -0.181321
5 42 -0.1388 -0.166394
5 1001 0.471779 -0.168036
5 49 -0.284123 -0.16516
5 36 0.234306 -0.166625
5 33 0.246654 -0.16661
5 41 -0.342244 -0.163937
1 1048 -0.135141 -0.17618
5 1048 -0.0827234 -0.162967
5 34 0.33808 -0.16371
5 474 -0.306926 -0.160716
1 1049 0.319849 -0.174191
5 1049 0.349741 -0.161119
1 1050 0.333803 -0.173861
5 1050 0.365373 -0.161559
5 53 -0.29981 -0.158604
5 40 0.280965 -0.160632
5 43 0.258477 -0.159457
1 1051 0.315433 -0.171787
5 1051 0.347003 -0.159298
5 608 0.358119 -0.159715
1 1052 0.413086 -0.17198
5 1052 0.447827 -0.160122
1 1053 -0.358649 -0.170755
5 1053 -0.288051 -0.156387
1 1054 -0.34361 -0.169984
5 1054 -0.273931 -0.156999
5 44 0.270274 -0.159237
1 608 0.339032 -0.170809
1 1055 0.307511 -0.169715
5 1055 0.339398 -0.157067
1 663 0.402078 -0.169721
5 59 -0.324933 -0.155017
1 1056 0.439276 -0.168427
5 1056 0.476441 -0.157214
5 50 0.366828 -0.155037
5 68 -0.306818 -0.150425
5 56 0.430838 -0.15276
1 1057 0.347118 -0.164082
5 1057 0.379134 -0.152182
1 481 -0.126554 -0.162684
5 480 -0.328069 -0.14712
5 64 0.407621 -0.148337
1 1058 0.409888 -0.160934
5 1058 0.44511 -0.149597
5 62 0.348653 -0.147168
5 67 0.320719 -0.146724
5 66 0.33953 -0.146427
1 1059 0.353599 -0.158115
5 1059 0.385917 -0.145845
5 978 0.389687 -0.144831
1 1060 0.292873 -0.155113
5 1060 0.324436 -0.143176
1 1061 0.40159 -0.155227
5 1061 0.436053 -0.143771
5 82 -0.31455 -0.140832
5 921 0.329485 -0.141889
1 1062 0.393202 -0.15389
5 1062 0.426829 -0.142337
1 612 -0.408424 -0.151683
5 923 0.340558 -0.139009
1 1063 0.35311 -0.150952
5 1063 0.384724 -0.138743
5 81 0.42135 -0.136861
5 1004 0.463722 -0.137449
1 1064 0.231303 -0.146831
5 1064 0.265637 -0.135808
1 805 0.423879 -0.146855
5 485 -0.326895 -0.132497
5 924 0.342734 -0.131346
5 84 0.377499 -0.130891
5 486 -0.349464 -0.128813
5 1005 0.429202 -0.130029
5 106 -0.322431 -0.128318
5 92 0.285434 -0.128118
5 107 -0.123098 -0.128592
5 94 0.308212 -0.127956
5 111 -0.0896648 -0.127001
1 1065 0.315189 -0.13598
5 1065 0.347889 -0.124585
5 105 0.28818 -0.123569
1 1066 0.342569 -0.134354
5 1066 0.376859 -0.122966
1 1067 0.379747 -0.134775
5 1067 0.416848 -0.12354
1 1068 0.34377 -0.134314
5 1068 0.378596 -0.12291
1 1069 0.274762 -0.132533
5 1069 0.311236 -0.121189
5 489 -0.0473608 -0.121173
5 116 0.257199 -0.120269
5 928 -0.0996796 -0.118631
5 117 0.275114 -0.118428
1 615 -0.166322 -0.124933
5 491 -0.327878 -0.111517
5 932 -0.326616 -0.111885
5 1006 0.339037 -0.112183
1 1070 0.305113 -0.122228
5 1070 0.346155 -0.112242
1 1071 0.310869 -0.122369
5 1071 0.349304 -0.11253
5 980 0.262405 -0.112594
1 1072 0.370495 -0.115463
5 1072 0.414705 -0.106328
1 1073 -0.323381 -0.113434
5 1073 -0.255657 -0.104599
5 1008 0.390148 -0.10436
1 1074 0.364858 -0.113464
5 1074 0.408746 -0.104387
1 1075 -0.309102 -0.11254
5 1075 -0.244456 -0.104346
1 807 -0.183526 -0.112523
1 1076 -0.332661 -0.111013
5 1076 -0.264164 -0.102198
5 133 0.405121 -0.1006
1 1077 -0.29577 -0.107911
5 1077 -0.228345 -0.0996847
5 150 -0.276048 -0.0937579
1 1078 -0.375505 -0.0982426
5 1078 -0.302593 -0.0896039
1 1079 0.203383 -0.0966234
5 1079 0.245139 -0.0874628
1 1080 0.320319 -0.0958802
5 1080 0.361516 -0.0865895
1 1081 0.303581 -0.095671
5 1081 0.344692 -0.0868558
1 1082 -0.271824 -0.0928956
5 1082 -0.20651 -0.0851254
1 809 0.31375 -0.0926408
1 1083 -0.202727 -0.0909386
5 1083 -0.142611 -0.0835272
1 1084 0.19263 -0.0905541
5 1084 0.233364 -0.0819421
1 618 -0.425103 -0.0880024
1 1085 0.355987 -0.088921
5 1085 0.400118 -0.0804443
5 170 -0.270095 -0.0800326
1 1086 0.211542 -0.0878435
5 1086 0.253286 -0.0793717
5 177 -0.252761 -0.0789906
5 981 -0.150368 -0.0800819
1 1087 -0.362536 -0.0849652
5 1087 -0.29219 -0.0772426
1 1088 -0.388701 -0.0748231
5 1088 -0.316076 -0.0680012
1 1089 -0.413894 -0.0734722
5 1089 -0.338928 -0.0670016
5 689 0.344606 -0.0644714
5 983 -0.125867 -0.0652836
5 984 -0.170678 -0.0654402
1 1090 0.340941 -0.0716622
5 1090 0.386138 -0.063281
5 507 0.318886 -0.0561534
1 1091 0.233544 -0.0647936
5 1091 0.277661 -0.057039
1 1092 0.305472 -0.0648781
5 1092 0.342143 -0.0555948
5 207 -0.26359 -0.0580993
5 1010 -0.153636 -0.0563
5 210 -0.0418831 -0.0545386
1 1093 -0.255083 -0.0594381
5 1093 -0.191577 -0.0539936
5 1011 -0.221942 -0.0514072
1 1094 -0.290149 -0.0556307
5 1094 -0.228705 -0.0492402
1 816 -0.294278 -0.0529516
5 513 -0.0485461 -0.0466431
1 1095 0.303114 -0.0501119
5 1095 0.340171 -0.0411115
1 1096 -0.313637 -0.0491317
5 1096 -0.249374 -0.0443015
1 1097 -0.109245 -0.0483348
5 1097 -0.0578422 -0.0420628
1 1098 -0.135768 -0.0441631
5 1098 -0.0834365 -0.0385616
1 1099 0.227028 -0.0450316
5 1099 0.269989 -0.0375191
1 1100 0.327003 -0.0438856
5 1100 0.365021 -0.0344579
1 1101 -0.304292 -0.0428194
5 1101 -0.24038 -0.0393565
1 625 0.277593 -0.0427131
1 1102 0.314781 -0.0396967
5 1102 0.351517 -0.0302706
1 1103 -0.306831 -0.0377915
5 1103 -0.244307 -0.0335785
1 1104 -0.350575 -0.0365429
5 1104 -0.281322 -0.0329486
1 1105 -0.111899 -0.0364374
5 1105 -0.0601937 -0.0315987
5 940 -0.215419 -0.0303781
1 1106 -0.22527 -0.0345431
5 1106 -0.170388 -0.0286769
1 1107 -0.141945 -0.0343853
5 1107 -0.0892919 -0.029449
1 1108 0.343361 -0.0346047
5 1108 0.381667 -0.0260391
1 1109 -0.207495 -0.0329179
5 1109 -0.151576 -0.0278236
1 241 0.189843 -0.033549
1 520 -0.398637 -0.0289563
1 1110 -0.146629 -0.0289174
5 1110 -0.0945454 -0.0239507
5 253 0.283019 -0.0222823
1 820 0.271594 -0.0282719
5 257 -0.246182 -0.0243079
1 1111 0.318791 -0.0266828
5 1111 0.35611 -0.0175362
1 1112 -0.15583 -0.0214067
5 1112 -0.101877 -0.0178367
1 1113 0.235101 -0.021057
5 1113 0.279428 -0.0139285
5 714 0.270286 -0.0133831
5 270 -0.162246 -0.0146144
1 1114 0.351096 -0.0188921
5 1114 0.390261 -0.0105053
1 824 -0.162248 -0.017248
1 711 0.319301 -0.0137264
1 1115 0.327557 -0.0127949
5 1115 0.365124 -0.00516113
1 1116 -0.197601 -0.00628981
5 1116 -0.140864 -0.00352967
5 281 -0.221935 -0.00312154
5 282 0.212171 0.00172231
5 630 0.264804 0.00386942
1 1117 0.199313 0.000552278
5 1117 0.240785 0.00657375
1 1118 -0.21409 0.00198816
5 1118 -0.157815 0.00423309
1 287 -0.271409 0.001953
1 1119 -0.235881 0.00514076
5 1119 -0.174573 0.00609082
5 631 0.340684 0.0149894
5 1017 -0.207461 0.00934829
1 1120 0.274004 0.00731797
5 1120 0.31145 0.0152979
5 295 0.373654 0.018683
1 1121 -0.299124 0.0133011
5 1121 -0.235279 0.0145235
5 722 0.290379 0.0220146
5 944 -0.164163 0.0186227
5 725 -0.464535 0.0190009
5 299 0.24716 0.0256318
5 301 -0.363043 0.0207078
5 300 0.244989 0.0264075
1 1122 0.266902 0.021754
5 1122 0.303418 0.0286336
1 1123 0.154315 0.0233591
5 1123 0.198197 0.0287635
5 528 0.369134 0.0310076
1 1124 0.241982 0.0243538
5 1124 0.281215 0.031429
5 536 0.294439 0.0337899
5 315 -0.257567 0.0303493
1 1125 -0.493972 0.034309
5 1125 -0.415059 0.0322264
5 549 -0.115324 0.0358145
5 541 0.380465 0.0434877
1 1126 -0.472711 0.0366669
5 1126 -0.395558 0.0344877
1 1127 0.288215 0.0366417
5 1127 0.326032 0.0443045
1 548 -0.508461 0.038893
1 1128 0.261585 0.0385964
5 1128 0.304101 0.0456964
5 1019 0.272849 0.0476128
1 826 0.271329 0.0422674
1 553 -0.420806 0.0432925
1 1129 0.390693 0.0459245
5 1129 0.434006 0.0543346
5 946 0.439457 0.0532719
5 319 0.433875 0.0564641
1 1130 0.234132 0.0502778
5 1130 0.272628 0.0569297
1 560 -0.101053 0.0574062
5 986 0.256551 0.0662418
5 328 0.194223 0.0658034
5 561 0.264178 0.0698016
1 1131 0.357868 0.063654
5 1131 0.398634 0.0717036
1 1132 0.277181 0.0649182
5 1132 0.316529 0.0714271
1 1133 -0.0430333 0.0707685
5 1133 0.00255505 0.0725257
1 1134 -0.00924724 0.0707584
5 1134 0.031489 0.0727259
5 332 0.280459 0.0772217
1 1135 -0.0616461 0.071695
5 1135 -0.0194127 0.0726525
1 1136 -0.0589666 0.0716056
5 1136 -0.0162343 0.0725679
1 1137 -0.0549635 0.0714479
5 1137 -0.0114181 0.0722828
1 1138 0.00971426 0.0712636
5 1138 0.0486002 0.072942
5 949 0.0573508 0.0737786
5 745 -0.0233611 0.0727507
5 337 0.0678206 0.0748663
1 1139 0.230867 0.0840772
5 1139 0.268171 0.0897802
5 751 -0.0237547 0.0862682
5 348 -0.0189579 0.086427
5 350 0.0157241 0.0885542
5 352 -0.0105567 0.090172
5 360 -0.186885 0.0908867
1 1140 -0.185918 0.0960562
5 1140 -0.130097 0.0937669
1 1141 0.360602 0.0967315
5 1141 0.402717 0.104374
5 359 -0.448004 0.0895336
5 367 -0.316043 0.0927508
1 1142 -0.228744 0.0996468
5 1142 -0.169387 0.0960147
1 1143 -0.246823 0.120288
5 1143 -0.184576 0.115345
1 1144 -0.135171 0.124654
5 1144 -0.0835541 0.121072
1 1145 -0.0272124 0.124611
5 1145 0.00979851 0.1235
1 1146 0.0419608 0.124211
5 1146 0.0772157 0.124793
1 831 0.3603 0.124678
1 1147 -0.0832123 0.125392
5 1147 -0.0425747 0.122905
1 1148 -0.144364 0.126646
5 1148 -0.0930366 0.123117
1 1149 -0.0363339 0.12686
5 1149 0.00104516 0.125592
5 406 -0.101644 0.123354
5 411 0.108531 0.132986
1 1150 -0.277532 0.142522
5 1150 -0.216803 0.134788
1 1151 -0.0937194 0.142751
5 1151 -0.049544 0.139383
5 425 0.407946 0.150596
1 1152 -0.0983856 0.143695
5 1152 -0.0541798 0.140128
5 435 -0.306293 0.135721
5 436 -0.29638 0.135746
5 439 0.394585 0.159557
5 444 0.0352334 0.156648
5 443 0.0503533 0.157497
5 957 -0.445779 0.144974
5 446 -0.0239617 0.158302
1 1153 -0.00743479 0.165252
5 1153 0.0289891 0.162728
1 1154 0.0169502 0.167327
5 1154 0.0518065 0.164766
1 1155 -0.0334596 0.171318
5 1155 0.00403024 0.168399
1 1156 0.0234105 0.170794
5 1156 0.0582889 0.168862
1 1157 -0.0343675 0.172692
5 1157 0.00340789 0.169277
5 788 -0.399677 0.161594
1 1158 0.014182 0.180058
5 1158 0.0491261 0.177659
5 791 -0.447328 0.176771
5 458 -0.435281 0.18276
5 1028 -0.452082 0.18305
1 1159 -0.0723548 0.2018
5 1159 -0.030252 0.195876
1 1160 -0.0642786 0.203525
5 1160 -0.0227884 0.197725
1 839 -0.0300789 0.20351
1 1161 -0.0273532 0.203534
5 1161 0.0115654 0.198721
1 840 -0.016848 0.203795
1 793 -0.482354 0.207852
5 966 -0.014787 0.209085
5 967 -0.0181455 0.220933
1 795 -0.532322 0.228785
6 996 0.325626 -0.307037
1 843 0.333258 -0.337331
6 997 0.332613 -0.305029
6 798 0.332094 -0.277094
1 597 0.226259 -0.265019
6 1031 0.406221 -0.233147
1 1162 0.373052 -0.253092
6 1162 0.371693 -0.22392
6 1032 0.379606 -0.219271
6 1034 0.447617 -0.197127
6 4 0.330042 -0.185486
6 1035 0.300143 -0.183476
6 14 -0.137685 -0.176517
6 9 0.264359 -0.177177
6 16 -0.141199 -0.175366
6 915 0.210655 -0.175368
6 1039 0.381975 -0.175212
6 1040 0.429096 -0.177657
6 916 0.274704 -0.173071
6 656 0.359692 -0.175232
1 1163 0.453423 -0.204753
6 1163 0.452922 -0.178703
6 972 0.223805 -0.171981
6 917 -0.117529 -0.167405
1 1164 0.341157 -0.199512
6 1164 0.328554 -0.170128
1 1165 -0.11885 -0.19797
6 1165 -0.0896981 -0.168115
6 604 -0.102037 -0.165727
6 19 0.180368 -0.169186
6 26 -0.134312 -0.158304
6 23 0.187068 -0.161398
6 1043 0.44021 -0.163275
6 1044 -0.0927977 -0.159359
6 1045 0.237816 -0.15658
6 469 -0.34146 -0.151736
6 35 -0.317908 -0.152132
6 31 -0.118143 -0.154076
6 1047 0.403006 -0.154627
1 1166 -0.357353 -0.18103
6 1166 -0.306942 -0.148473
6 975 0.184016 -0.153365
6 1001 0.430049 -0.152421
6 1048 -0.106713 -0.146745
6 976 -0.322526 -0.140583
6 1002 -0.0887011 -0.144504
6 1050 0.32295 -0.145424
6 1051 0.304961 -0.142658
6 608 0.314382 -0.14375
6 1052 0.405342 -0.144596
6 1054 -0.294442 -0.139257
6 608 0.329813 -0.142252
6 1055 0.297095 -0.140328
6 663 0.393022 -0.142571
6 1056 0.435151 -0.142003
1 1167 -0.393338 -0.167374
6 1167 -0.340664 -0.134451
6 50 0.324445 -0.139202
6 69 -0.32759 -0.131506
6 1057 0.336826 -0.13638
1 1168 0.357066 -0.161658
6 1168 0.347009 -0.133634
6 1058 0.403326 -0.13435
6 1059 0.343336 -0.129883
6 1060 0.283762 -0.126873
6 1061 0.394484 -0.128472
6 921 0.288507 -0.125721
6 1062 0.384646 -0.126195
1 83 -0.351098 -0.154844
1 612 -0.407209 -0.150628
6 923 0.2988 -0.122843
6 1004 0.424267 -0.122922
6 1064 0.227554 -0.119731
1 1169 -0.133248 -0.145688
6 1169 -0.104986 -0.118749
6 805 0.420473 -0.120603
6 924 0.302338 -0.115524
1 91 0.302073 -0.141569
6 1005 0.387484 -0.114399
6 106 -0.34372 -0.110921
6 94 0.26683 -0.112452
6 96 0.321746 -0.112854
6 1065 0.308516 -0.10881
1 1170 -0.144601 -0.134989
6 1170 -0.115842 -0.107416
6 928 -0.124742 -0.102044
6 930 0.376678 -0.102186
6 123 -0.330261 -0.0973825
6 931 -0.131609 -0.100032
6 615 -0.135133 -0.0987902
6 932 -0.347023 -0.094023
6 1006 0.30322 -0.097501
6 1072 0.382268 -0.0928271
1 1171 -0.322112 -0.11342
6 1171 -0.274557 -0.087915
6 1074 0.375944 -0.0909669
6 1076 -0.284858 -0.0857986
1 1172 -0.189193 -0.10927
6 1172 -0.153612 -0.0847344
1 1173 -0.338276 -0.106525
6 1173 -0.290991 -0.080469
6 147 -0.359925 -0.0775332
6 150 -0.295153 -0.0775992
6 496 -0.3414 -0.0770936
6 152 -0.279732 -0.0760931
6 934 -0.303421 -0.0747379
6 1078 -0.323822 -0.0727543
6 154 -0.312566 -0.0725868
6 149 0.278954 -0.0758705
1 1174 -0.310867 -0.0953657
6 1174 -0.264907 -0.0715256
6 1079 0.214913 -0.0736187
6 1081 0.308557 -0.0724758
6 1082 -0.225789 -0.0701837
6 1083 -0.162115 -0.0686064
1 1175 -0.26523 -0.0883591
6 1175 -0.219458 -0.066413
6 170 -0.291136 -0.0635812
6 172 -0.283295 -0.0641424
6 981 -0.169557 -0.0651986
6 185 -0.0970184 -0.0594841
6 982 -0.180581 -0.056891
6 1088 -0.335357 -0.0517704
6 689 0.307484 -0.0503314
6 983 -0.149502 -0.0501168
6 984 -0.188855 -0.0511126
1 1176 -0.176981 -0.0708586
6 1176 -0.146649 -0.0485781
6 507 0.282875 -0.0417553
6 1091 0.248784 -0.0434888
6 1092 0.30541 -0.0417253
6 511 -0.153372 -0.041887
1 1177 -0.254322 -0.0603816
6 1177 -0.210534 -0.0398668
6 1010 -0.173763 -0.0419659
6 210 -0.06577 -0.0397819
6 1093 -0.212826 -0.0389993
6 1011 -0.243314 -0.0359784
6 1094 -0.250095 -0.0344456
6 216 -0.16696 -0.0342305
1 1178 -0.185461 -0.0517215
6 1178 -0.155679 -0.0309626
6 816 -0.256286 -0.0312683
6 212 0.384172 -0.0292154
6 1095 0.304942 -0.0275443
6 1096 -0.270697 -0.0288261
1 1179 -0.301757 -0.0462795
6 1179 -0.263755 -0.0248038
6 1099 0.239953 -0.0246505
6 1100 0.330068 -0.0219305
1 1180 0.195336 -0.0422413
6 1180 0.206178 -0.0216669
6 235 -0.296918 -0.0198219
6 1102 0.315251 -0.0171436
1 1181 0.365428 -0.0394488
6 1181 0.367546 -0.0172933
6 1104 -0.302767 -0.0172045
6 243 -0.284894 -0.0158133
6 940 -0.239665 -0.0146532
6 1107 -0.112862 -0.0153126
6 1108 0.345954 -0.0128112
6 1109 -0.176876 -0.0136241
1 703 -0.564035 -0.0319993
6 250 -0.280232 -0.012579
1 1182 -0.228258 -0.0325593
6 1182 -0.195437 -0.0135282
6 242 -0.493299 -0.00979445
6 251 -0.252541 -0.0112337
6 257 -0.268915 -0.00902377
1 1183 -0.255205 -0.027807
6 1183 -0.224605 -0.00727714
6 260 0.249348 -0.00780629
1 1184 0.32152 -0.0276337
6 1184 0.322397 -0.00525568
6 255 0.385206 -0.00659533
1 1185 -0.539265 -0.0209129
6 1185 -0.477131 -0.00162903
6 268 -0.149556 -0.00129755
6 266 -0.253032 -2.24487e-05
6 270 -0.187078 0.000423148
6 1114 0.354933 0.00263636
6 272 -0.244407 0.00117756
1 1186 0.350825 -0.0165903
6 1186 0.353932 0.00554756
1 1187 0.292911 -0.0128371
6 1187 0.295205 0.00853197
6 279 -0.194805 0.00951048
1 1188 -0.206935 -0.00596576
6 1188 -0.176263 0.0113643
6 281 -0.246821 0.0124135
6 630 0.23743 0.0158995
6 287 -0.235107 0.0179527
6 286 0.204997 0.0192532
6 943 0.258182 0.0217057
6 289 -0.292372 0.0175798
6 287 -0.235838 0.0185501
1 1189 0.325674 0.00259398
6 1189 0.329784 0.0244816
6 1119 -0.193808 0.021178
6 631 0.306535 0.0273192
6 1017 -0.231699 0.0239008
6 1120 0.277092 0.0286289
6 295 0.340259 0.0318525
6 722 0.258629 0.0343536
6 1123 0.17145 0.040598
6 528 0.336356 0.0430524
6 306 -0.368077 0.0386429
1 1190 0.192248 0.0254842
6 1190 0.206095 0.0441325
6 536 0.261738 0.045999
6 315 -0.277582 0.044414
6 1125 -0.43536 0.0477822
6 731 0.393194 0.0548906
6 316 -0.454704 0.0482502
6 542 0.410008 0.0561097
6 1126 -0.41709 0.0500053
6 1127 0.293742 0.0558765
6 1019 0.240565 0.0595851
6 826 0.278593 0.0614755
6 1130 0.242156 0.0682758
1 1191 0.202522 0.0524477
6 1191 0.212469 0.0701851
1 1192 0.210568 0.0567283
6 1192 0.220541 0.0750763
6 561 0.234437 0.082214
6 1134 0.00829652 0.0852625
6 332 0.247487 0.0884989
1 1193 -0.0442634 0.0707019
6 1193 -0.0277502 0.0848879
6 949 0.0268534 0.0862078
6 337 0.0377429 0.0873592
1 1194 -0.506451 0.0773804
6 1194 -0.444569 0.0843845
6 1020 0.227451 0.0986779
6 1139 0.235568 0.101296
6 751 -0.0556626 0.0993
6 987 -0.0434667 0.10228
6 350 -0.01585 0.10116
6 565 0.283131 0.107038
1 1195 -0.534211 0.0969101
6 1195 -0.472494 0.102677
6 1021 0.276828 0.115284
6 753 0.283948 0.11664
6 1142 -0.188557 0.107736
6 568 0.305154 0.119114
6 371 -0.0778436 0.114613
6 569 0.374077 0.126326
6 375 -0.146683 0.116873
6 989 -0.130845 0.118837
6 378 -0.123308 0.119265
6 952 -0.181753 0.119158
1 1196 -0.261239 0.118054
6 1196 -0.222534 0.124564
6 387 -0.211037 0.125578
6 954 0.357947 0.137832
6 388 -0.094979 0.131513
1 1197 -0.126308 0.123448
6 1197 -0.106298 0.132576
6 1145 -0.0230117 0.135893
6 1146 0.0454889 0.136904
6 831 0.36624 0.143796
6 765 0.382314 0.143795
6 990 -0.114899 0.134923
6 393 -0.0119641 0.137463
6 1149 -0.0315769 0.137961
6 406 -0.123374 0.135104
1 1198 -0.527917 0.129402
6 1198 -0.465904 0.13129
6 411 0.0770959 0.144362
6 956 -0.470723 0.134522
6 772 0.378294 0.151137
6 422 -0.474392 0.135775
6 581 0.283102 0.152225
6 426 -0.437842 0.139834
1 1199 0.0559805 0.138266
6 1199 0.0611213 0.150583
1 1200 0.0596261 0.138219
6 1200 0.0652035 0.150548
6 582 0.342111 0.158228
6 1151 -0.0805977 0.151667
6 436 -0.313692 0.147226
1 1201 0.227202 0.151727
6 1201 0.238935 0.167622
6 438 -0.0112321 0.162584
1 1202 -0.0405826 0.158554
6 1202 -0.0346763 0.167508
6 443 0.0172631 0.169422
6 994 0.34455 0.177553
6 958 0.327079 0.180906
6 1153 -0.00351933 0.174138
6 452 -0.506436 0.165178
6 1155 -0.0272309 0.17918
6 1157 -0.0286552 0.18121
6 1158 0.0161034 0.188858
1 836 -0.541513 0.180781
6 455 -0.455438 0.181145
1 1203 0.016244 0.187108
6 1203 0.0209219 0.19573
6 791 -0.466807 0.188312
1 1204 -0.00475787 0.197963
6 1204 0.000858748 0.205481
6 458 -0.454408 0.194562
6 1028 -0.471626 0.194582
6 1159 -0.0584615 0.207478
6 1161 -0.0175579 0.209953
6 840 -0.00632639 0.210184
6 962 -0.477081 0.198073
6 964 -0.0444744 0.213493
6 966 -0.0443206 0.219638
6 967 -0.0472482 0.231731
6 795 -0.468152 0.219416
7 843 0.379034 -0.275955
7 645 0.384183 -0.258777
7 1029 0.374413 -0.256252
1 798 0.333876 -0.308432
7 1031 0.445846 -0.206393
7 1032 0.42508 -0.192019
1 1205 0.451883 -0.240575
7 1205 0.497983 -0.188022
7 1034 0.490823 -0.168968
7 7 0.227337 -0.162571
7 14 -0.0893639 -0.155187
1 1206 0.299808 -0.209313
7 1206 0.33918 -0.151464
7 16 -0.0934774 -0.154048
1 1207 0.421417 -0.208186
7 1207 0.465921 -0.155004
7 1037 0.42009 -0.149465
7 1039 0.433592 -0.147817
7 1040 0.477016 -0.150268
7 656 0.408988 -0.147134
7 973 0.375079 -0.143748
7 1164 0.380486 -0.143126
7 19 0.227273 -0.145275
7 26 -0.0867595 -0.137122
7 1043 0.485634 -0.136296
7 1044 -0.0462399 -0.13697
7 1045 0.289279 -0.131641
7 32 -0.0937977 -0.133335
7 1000 0.438099 -0.130381
7 660 0.445757 -0.128225
7 1047 0.452209 -0.127889
7 1166 -0.255103 -0.128039
7 42 -0.113953 -0.129029
7 975 0.230402 -0.129873
7 1001 0.476632 -0.12588
7 1048 -0.0599152 -0.124665
7 54 -0.0947587 -0.122731
7 1002 -0.0419955 -0.122996
7 1049 0.360214 -0.118924
7 1050 0.373978 -0.118908
7 57 -0.0651841 -0.121749
7 1051 0.356841 -0.116774
7 608 0.366483 -0.117635
7 1052 0.45343 -0.11821
7 1053 -0.256369 -0.118114
7 1054 -0.242728 -0.11791
7 1003 0.278213 -0.117802
7 608 0.379605 -0.11646
7 1055 0.349018 -0.114922
7 46 0.384161 -0.11502
7 59 -0.290789 -0.115545
7 61 -0.079185 -0.117799
7 1167 -0.286679 -0.11426
7 51 0.361704 -0.112403
7 68 -0.274166 -0.111433
7 69 -0.273487 -0.111295
7 1057 0.387495 -0.110265
7 480 -0.29333 -0.107735
7 76 -0.102232 -0.110897
7 1059 0.393806 -0.104116
7 77 0.256789 -0.104717
1 1208 0.40566 -0.157254
7 1208 0.445897 -0.104259
7 1061 0.441871 -0.10211
7 82 -0.281282 -0.102092
7 921 0.339897 -0.101086
7 74 0.353743 -0.100897
7 1062 0.433648 -0.100961
7 612 -0.298877 -0.0992471
1 1209 0.233986 -0.1508
7 1209 0.280276 -0.0997209
7 1063 0.393194 -0.0968604
7 89 -0.0892651 -0.100027
7 1004 0.469421 -0.0976995
7 1064 0.27806 -0.0954213
7 97 -0.0476686 -0.0977451
7 88 0.290658 -0.0918576
7 1005 0.435948 -0.0895385
7 107 -0.0982249 -0.0914602
7 94 0.317149 -0.0880887
7 109 0.278054 -0.0911226
7 1068 0.387185 -0.0827277
7 489 -0.0259896 -0.0851351
7 928 -0.0785276 -0.0815978
7 120 -0.24931 -0.0792088
7 123 -0.276912 -0.0774304
7 1006 0.347044 -0.07459
7 126 -0.269826 -0.0700974
7 130 -0.303934 -0.0671199
7 1072 0.421668 -0.0695417
1 1210 0.357333 -0.114336
7 1210 0.406355 -0.0676902
1 1211 -0.314374 -0.11339
7 1211 -0.216799 -0.0692321
7 137 -0.0848705 -0.0684359
7 1074 0.415743 -0.0681754
7 143 -0.107404 -0.0656851
7 1076 -0.234365 -0.0654536
7 146 0.344359 -0.0546002
7 1078 -0.27167 -0.0536718
7 149 0.322972 -0.0533304
7 1174 -0.21547 -0.0522852
7 1079 0.257767 -0.0530448
7 1081 0.351231 -0.0489961
7 164 -0.200403 -0.0499821
1 1212 0.181367 -0.0917266
7 1212 0.234231 -0.0468976
7 153 0.339394 -0.0456577
7 1083 -0.119297 -0.0498223
7 1084 0.245831 -0.0467924
7 936 -0.234405 -0.0452004
7 1087 -0.259801 -0.0420724
1 1213 0.349207 -0.0759272
7 1213 0.402138 -0.0328892
7 1088 -0.283566 -0.0332312
7 983 -0.10098 -0.030719
7 190 0.406834 -0.0266009
7 198 -0.238063 -0.0281751
7 1091 0.288949 -0.022916
7 1092 0.351892 -0.0190116
7 1010 -0.129615 -0.0236009
1 1214 0.31775 -0.061322
7 1214 0.364717 -0.0154778
7 816 -0.205084 -0.00965288
7 1095 0.350451 -0.00529803
7 1096 -0.218635 -0.0102586
7 1097 -0.0363772 -0.00864074
7 1179 -0.209361 -0.00522963
7 221 0.362068 -0.00160012
7 1099 0.281585 -0.00415147
7 1100 0.37412 0.000528243
7 1101 -0.210581 -0.00353831
1 1215 0.357415 -0.0410841
7 1215 0.404654 0.00385985
7 1102 0.361166 0.00474041
7 1181 0.412706 0.00506092
7 1103 -0.21322 0.00169613
1 243 -0.33052 -0.035148
7 1106 -0.140828 0.00452092
7 1108 0.390173 0.00888295
7 1109 -0.125704 0.0058865
7 241 0.244116 0.00738675
1 1216 -0.332523 -0.0288165
7 1216 -0.234575 0.00851002
7 253 0.294197 0.0101963
7 985 -0.420375 0.0126814
7 255 0.424216 0.0145748
1 248 0.246633 -0.0263444
7 1111 0.366326 0.0164629
7 1112 -0.0783296 0.0143062
7 268 -0.100317 0.0167394
1 1217 0.203179 -0.0209253
7 1217 0.261291 0.01678
7 1113 0.291427 0.0176479
7 266 -0.199532 0.0187958
7 270 -0.135264 0.0191291
7 265 0.231977 0.019417
7 1114 0.398832 0.023511
7 272 -0.19009 0.0199528
7 824 -0.0843731 0.0183973
7 1186 0.397564 0.0272952
7 278 -0.292462 0.0230944
1 1218 0.182692 -0.0117561
7 1218 0.237421 0.0269459
7 273 0.319991 0.0298952
1 1219 -0.375375 -0.00830409
7 1219 -0.273024 0.0266849
7 279 -0.142459 0.0280912
7 1188 -0.125546 0.0298494
7 281 -0.192163 0.0304786
7 1117 0.253524 0.0390325
7 1118 -0.132365 0.0372669
7 1189 0.374002 0.045033
1 1220 -0.217314 0.00348735
7 1220 -0.134342 0.038405
7 1120 0.322564 0.0488497
7 292 0.336027 0.0500885
7 1121 -0.207518 0.0468759
7 722 0.302561 0.0548085
7 299 0.259558 0.0572001
7 1123 0.211743 0.0593416
7 528 0.378558 0.0633989
7 536 0.306184 0.0660422
7 541 0.388629 0.0751256
7 542 0.447693 0.0758873
7 1127 0.337944 0.0761014
7 1019 0.285314 0.0789249
7 946 0.447273 0.0840758
1 329 -0.337061 0.0597842
7 329 -0.242226 0.0893565
7 1131 0.407003 0.103003
7 948 0.400007 0.107382
7 1138 0.0683424 0.104357
7 949 0.0740034 0.10455
1 1221 -0.0734462 0.0729004
7 1221 -0.00577182 0.104276
7 745 -0.00151972 0.10417
7 337 0.0871035 0.106171
1 1222 0.254143 0.0758398
7 1222 0.303982 0.112983
7 1020 0.272295 0.117872
7 1139 0.281832 0.121092
7 350 0.0379396 0.120004
7 1140 -0.107233 0.122279
7 1142 -0.145699 0.124545
7 1022 0.38989 0.143805
1 759 -0.0654184 0.106463
7 375 -0.101966 0.133553
7 951 -0.200829 0.133408
7 378 -0.0795643 0.135303
1 1223 -0.100327 0.11891
7 1223 -0.0296226 0.143992
1 1224 -0.248577 0.119617
7 1224 -0.163582 0.142425
7 388 -0.0450969 0.147011
7 1145 0.0325016 0.154337
7 394 0.050753 0.155451
7 1146 0.0967457 0.155298
7 831 0.408034 0.162774
7 405 -0.104052 0.149656
7 1147 -0.0190858 0.15299
7 393 0.0461759 0.155362
7 1148 -0.0720146 0.151595
7 398 0.0413726 0.156239
7 955 0.0546934 0.156954
7 408 -0.0831296 0.151628
7 406 -0.0793205 0.151669
7 772 0.41873 0.16974
7 416 -0.0259523 0.162223
7 581 0.327765 0.17086
7 423 0.291767 0.174857
7 582 0.385188 0.176852
7 1151 -0.0264111 0.168591
7 1152 -0.0319189 0.168895
7 433 -0.263943 0.163156
7 427 0.0545766 0.173379
7 438 0.0442047 0.180326
7 441 0.00478397 0.181944
1 1225 0.226422 0.156082
7 1225 0.278351 0.188963
7 444 0.0564103 0.186387
7 443 0.070532 0.187233
7 994 0.38542 0.195546
7 446 -0.00130856 0.18781
7 1157 0.0251791 0.19868
7 788 -0.364265 0.18984
7 453 0.00534296 0.202116
7 454 0.0691117 0.207061
7 1160 -0.0022206 0.225105
1 1226 -0.515508 0.223621
7 1226 -0.397459 0.230925
8 997 0.482576 -0.379157
8 907 0.461659 -0.326103
8 593 0.472417 -0.32531
8 1031 0.529373 -0.296019
8 1162 0.519535 -0.290447
8 4 0.505623 -0.248633
8 6 0.516179 -0.244385
8 913 -0.0545418 -0.242994
8 10 -0.0461133 -0.242972
8 11 -0.0587348 -0.242104
8 14 -0.0656911 -0.240755
8 914 -0.0335492 -0.240209
1 1227 -0.128026 -0.204145
8 1227 -0.024311 -0.236137
8 17 -0.0210089 -0.234081
8 973 0.496998 -0.230094
8 13 0.476996 -0.229661
8 917 -0.0408564 -0.229496
1 464 0.348406 -0.198004
8 604 -0.0242937 -0.227244
8 22 -0.0495535 -0.22544
8 27 -0.27785 -0.21376
8 999 -0.28998 -0.21337
8 28 -0.287752 -0.213697
8 30 -0.269061 -0.212494
8 35 -0.268203 -0.212054
8 31 -0.0402929 -0.213522
8 661 -0.299979 -0.211453
8 1166 -0.255532 -0.206992
8 41 -0.320104 -0.203857
8 664 -0.0567432 -0.206074
8 474 -0.273615 -0.199935
8 976 -0.270254 -0.199026
8 53 -0.266845 -0.197952
8 45 0.387267 -0.200214
8 1053 -0.25692 -0.196712
8 1003 0.375886 -0.199914
8 1167 -0.288834 -0.191755
8 68 -0.275521 -0.188857
8 69 -0.273723 -0.188577
8 63 0.490451 -0.187755
8 611 -0.312361 -0.180878
8 483 -0.291547 -0.181676
8 74 0.467399 -0.180974
8 612 -0.303876 -0.174716
8 923 0.464111 -0.177811
8 97 -0.0149091 -0.174007
8 924 0.464606 -0.169426
8 1005 0.549581 -0.16837
8 107 -0.0712158 -0.166449
8 95 0.424799 -0.166215
8 1069 0.412 -0.160638
8 489 0.00637345 -0.159526
8 491 -0.29939 -0.143674
8 932 -0.293726 -0.144306
8 980 0.34596 -0.151908
1 679 -0.303257 -0.110959
1 1228 -0.300157 -0.109865
8 1228 -0.199627 -0.133592
8 933 0.342439 -0.137491
8 495 -0.318954 -0.127984
8 147 -0.311055 -0.124826
1 1229 -0.314604 -0.100732
8 1229 -0.212791 -0.123325
8 934 -0.2491 -0.121343
8 935 0.424539 -0.124863
8 1078 -0.270792 -0.119105
8 809 0.451822 -0.118466
8 1083 -0.107864 -0.118036
8 168 -0.288766 -0.108714
8 171 -0.232207 -0.109667
8 175 -0.257161 -0.106497
1 686 0.327659 -0.0823962
8 185 -0.0183053 -0.106306
8 982 -0.130102 -0.103875
1 1230 0.331518 -0.0775646
8 1230 0.472104 -0.103169
8 193 -0.28889 -0.0952623
8 1088 -0.287541 -0.0956342
8 937 -0.152626 -0.10023
8 194 0.0177962 -0.097047
8 984 -0.140476 -0.0969719
1 1231 0.205024 -0.071424
8 1231 0.33028 -0.0974859
8 1090 0.477812 -0.0980439
8 200 -0.301058 -0.0896367
8 207 -0.226975 -0.0852242
8 210 0.0147179 -0.0846991
8 213 -0.0859246 -0.0792805
8 216 -0.0930093 -0.076309
8 218 -0.294873 -0.0728889
8 1100 0.464148 -0.0683043
8 1012 -0.228393 -0.0596269
8 234 -0.221636 -0.0591305
8 1181 0.500268 -0.0637475
8 1104 -0.241653 -0.0544736
8 1105 -0.00706172 -0.0594541
8 243 -0.222609 -0.0534361
8 1013 -0.163758 -0.0513536
8 249 -0.227452 -0.0517292
8 250 -0.21579 -0.049796
8 1014 -0.219206 -0.0482155
8 1184 0.457092 -0.0511564
1 1232 -0.22684 -0.0257578
8 1232 -0.112694 -0.0438598
8 1217 0.323365 -0.0446882
8 1113 0.349139 -0.047759
1 824 -0.160397 -0.018393
8 287 -0.156283 -0.0145208
8 290 0.439477 -0.0152351
8 533 -0.216534 0.000937274
8 302 -0.307765 0.00838453
8 945 -0.305093 0.00945849
8 306 -0.301246 0.0118035
8 1124 0.369324 0.00281944
8 1125 -0.376412 0.0247041
8 731 0.503658 0.0101163
8 1126 -0.355152 0.0263732
8 1019 0.357785 0.0195849
8 986 0.340395 0.0392236
8 324 0.448165 0.0401057
8 947 -0.433379 0.0588036
8 561 0.350386 0.0437115
8 1131 0.485527 0.0423588
8 330 0.105152 0.0528216
8 948 0.477611 0.0478756
8 1221 0.047004 0.0572091
8 1139 0.360487 0.0660048
8 345 0.068961 0.0740693
8 348 0.0746584 0.0748802
8 347 0.365731 0.0684001
8 352 0.0815694 0.0777555
1 1233 -0.542461 0.096839
8 1233 -0.419489 0.0928021
8 359 -0.408392 0.0931895
8 753 0.413082 0.0797699
8 361 0.28725 0.0796097
8 372 -0.421406 0.102911
8 380 -0.0778839 0.0935018
8 953 0.350547 0.0952088
8 384 -0.415191 0.114536
8 395 -0.422213 0.116726
8 1145 0.10686 0.114393
8 394 0.127779 0.115024
8 991 0.379538 0.112093
8 992 -0.439914 0.126172
1 1234 0.267157 0.133455
8 1234 0.395603 0.115697
8 418 0.0155529 0.123528
8 431 -0.245937 0.128043
8 1152 0.0223155 0.130377
8 584 0.401854 0.128046
8 440 -0.378709 0.143671
8 586 0.45903 0.131299
1 1235 -0.0116699 0.150769
8 1235 0.121923 0.141095
1 897 -0.0249654 0.152515
1 643 0.223642 0.155265
8 443 0.1497 0.149663
8 448 -0.444213 0.157018
8 452 -0.451426 0.165474
8 1026 0.0871507 0.16868
8 454 0.143794 0.171098
8 456 0.0764181 0.185529
8 457 0.1344 0.1872
8 1028 -0.417245 0.197529
8 1159 0.0510689 0.190267
8 1160 0.0592668 0.192236
2 1236 0.500929 -0.316516
3 1236 0.485053 -0.249788
2 968 0.494741 -0.295803
2 1237 0.504365 -0.293891
3 1237 0.488859 -0.227687
2 593 0.495866 -0.265453
2 1238 0.466465 -0.264636
3 1238 0.452649 -0.199067
2 1239 0.391547 -0.24358
3 1239 0.384077 -0.186952
2 599 0.367718 -0.214834
2 1240 0.326856 -0.207996
3 1240 0.32008 -0.14746
2 12 -0.00268389 -0.198186
2 970 0.550278 -0.196086
2 1241 0.395825 -0.194739
3 1241 0.382742 -0.12515
2 1242 -0.0172503 -0.191309
3 1242 -0.0140007 -0.116721
2 1243 0.0160257 -0.188773
3 1243 0.018735 -0.117526
2 1244 0.324417 -0.18775
3 1244 0.317746 -0.127767
2 1245 0.330832 -0.184439
3 1245 0.324423 -0.124108
2 1246 0.546089 -0.183563
3 1246 0.528753 -0.114422
2 971 0.528477 -0.182562
2 974 0.422648 -0.181053
2 1247 0.377573 -0.177815
3 1247 0.366208 -0.110188
2 13 0.526234 -0.17708
3 464 0.539498 -0.10649
2 1248 0.331069 -0.173019
3 1248 0.324594 -0.114132
2 23 0.364516 -0.17195
2 1249 -0.0631848 -0.169742
3 1249 -0.0564283 -0.0976887
2 1250 -0.0540131 -0.169766
3 1250 -0.0478059 -0.0954438
2 1251 -0.288797 -0.16752
3 1251 -0.269544 -0.0816175
2 1252 -0.240311 -0.165262
3 1252 -0.225992 -0.0785245
2 1253 -0.0105026 -0.161822
3 1253 -0.00727033 -0.0886909
3 52 0.0131028 -0.0863554
2 1254 0.536515 -0.157217
3 1254 0.520553 -0.0895436
2 1255 -0.0681829 -0.155135
3 1255 -0.0610036 -0.084077
2 1256 0.352513 -0.152696
3 1256 0.343758 -0.0889913
2 606 0.510304 -0.149416
3 473 0.509095 -0.0811152
2 46 0.543278 -0.146947
2 1257 -0.0419191 -0.145968
3 1257 -0.0362594 -0.0727089
3 63 0.519473 -0.0726517
2 1258 0.519329 -0.136879
3 1258 0.503656 -0.0694169
2 1259 0.548974 -0.137035
3 1259 0.534088 -0.0713807
3 71 0.48543 -0.0691565
2 1260 0.409577 -0.132736
3 1260 0.398175 -0.0671087
2 1261 0.513762 -0.132807
3 1261 0.498928 -0.0668392
2 610 0.536136 -0.128501
2 613 0.0198557 -0.126753
2 1262 -0.0284341 -0.125733
3 1262 -0.0234939 -0.05356
2 614 -0.259398 -0.122911
2 109 0.368924 -0.118896
2 1263 0.536556 -0.112272
3 1263 0.521613 -0.0482518
3 929 0.480641 -0.0427573
3 930 0.487491 -0.041937
2 1264 -0.00748373 -0.0960404
3 1264 -0.00162505 -0.027641
2 1265 0.0494671 -0.0942417
3 1265 0.053577 -0.0288027
2 1266 -0.0494393 -0.0922028
3 1266 -0.0415657 -0.0240258
2 1267 -0.195527 -0.086652
3 1267 -0.179708 -0.00898363
2 1268 -0.205227 -0.0809472
3 1268 -0.189301 -0.00238012
2 1269 -0.206702 -0.0804053
3 1269 -0.189869 -0.00207606
2 1270 0.372489 -0.0799698
3 1270 0.367316 -0.0253118
3 934 -0.195228 0.000333817
2 1271 -0.0814363 -0.0782777
3 1271 -0.071159 -0.0150192
2 1272 0.336086 -0.0770371
3 1272 0.333057 -0.023164
3 935 0.449729 -0.0198666
2 1273 -0.222067 -0.0762621
3 1273 -0.204335 0.00283253
2 1274 0.0244621 -0.0754354
3 1274 0.0293414 -0.00970257
2 1275 0.47208 -0.0738631
3 1275 0.463053 -0.0174257
2 1276 -0.0886703 -0.0732077
3 1276 -0.0785184 -0.00924143
2 1277 0.477139 -0.0720061
3 1277 0.467662 -0.0132696
2 1278 -0.273717 -0.0659113
3 1278 -0.253516 0.0143037
2 1279 0.362803 -0.0656791
3 1279 0.35868 -0.010262
2 1280 0.450104 -0.0655539
3 1280 0.440647 -0.00638539
2 1281 -0.201529 -0.0648838
3 1281 -0.186306 0.0120459
2 1282 -0.0396607 -0.0626288
3 1282 -0.0322085 0.00627666
2 1283 0.432524 -0.0625062
3 1283 0.425649 -0.00751339
3 183 -0.213655 0.0164919
3 180 0.405551 -0.00585056
2 1284 0.496901 -0.0619877
3 1284 0.487181 -0.00379237
3 179 0.364741 -0.00638564
2 1285 0.469666 -0.0566105
3 1285 0.460676 0.00190468
2 191 0.03552 -0.0555858
3 188 0.464388 0.00542014
3 503 -0.260546 0.027687
2 1286 0.508057 -0.0498026
3 1286 0.498552 0.0059597
3 509 -0.0723103 0.0153755
2 200 -0.27082 -0.0477656
2 1287 -0.115789 -0.0474896
3 1287 -0.103467 0.0156813
2 201 0.0473701 -0.0475437
2 1288 -0.0983687 -0.0425097
3 1288 -0.0867409 0.0210915
2 620 -0.396367 -0.0415371
2 205 -0.123261 -0.0423665
2 1289 0.375637 -0.0412746
3 1289 0.371759 0.0115269
3 511 -0.0223081 0.0292838
3 204 0.468722 0.0175472
2 1290 0.328962 -0.034358
3 1290 0.325704 0.022522
2 1291 -0.0392102 -0.0322665
3 1291 -0.0316016 0.0364511
2 215 0.361678 -0.0314481
2 1292 -0.135429 -0.0301459
3 1292 -0.121876 0.0349818
2 1293 0.0126451 -0.0292151
3 1293 0.0191054 0.034168
3 218 -0.246411 0.0518215
3 221 0.478465 0.0309136
3 938 -0.0198985 0.0429159
2 1294 0.347975 -0.0231644
3 1294 0.344539 0.0311889
2 227 -0.292485 -0.0221838
3 233 -0.167027 0.0621389
2 1295 -0.137315 -0.0126267
3 1295 -0.124219 0.0624797
2 1296 0.335914 -0.0111244
3 1296 0.332774 0.0431446
3 239 -0.277487 0.069038
2 1297 0.00209698 -0.00612076
3 1297 0.0100736 0.057044
2 1298 -0.0578019 -0.00461861
3 1298 -0.0489734 0.068119
3 249 -0.168383 0.0707431
2 1299 -0.248089 -0.00267815
3 1299 -0.228472 0.0717128
2 251 -0.118486 -0.00169588
2 1300 0.378347 -0.00272616
3 1300 0.378687 0.0410454
2 628 -0.204317 0.0018534
3 521 0.502253 0.0546362
2 1301 0.36294 0.00479442
3 1301 0.364092 0.0488345
2 271 0.457029 0.00750406
2 1302 -0.417831 0.00804944
3 1302 -0.388008 0.109622
2 270 -0.0500708 0.00977029
2 1303 0.366873 0.0112957
3 1303 0.36769 0.0571762
2 1304 0.307532 0.0117969
3 1304 0.308576 0.0600297
2 272 -0.107035 0.0122304
2 1305 -0.254203 0.0186729
3 1305 -0.234336 0.091827
3 523 -0.0259393 0.083723
2 629 -0.0973399 0.0203434
2 1306 -0.349176 0.022406
3 1306 -0.324406 0.118162
3 286 0.340889 0.0738077
3 943 0.421602 0.0774633
2 1307 -0.109537 0.0254456
3 1307 -0.097908 0.0995495
2 631 0.460016 0.0259852
2 1308 -0.145629 0.0275268
3 1308 -0.132037 0.101637
3 295 0.478058 0.0810411
2 1309 0.423505 0.0342184
3 1309 0.418764 0.0885289
2 632 0.473609 0.0367509
2 1310 0.491639 0.0382102
3 1310 0.487791 0.085906
3 299 0.341158 0.0919035
2 1311 0.318415 0.0532797
3 1311 0.318719 0.104285
2 1312 0.409724 0.0558196
3 1312 0.405562 0.108133
2 1313 0.45057 0.05706
3 1313 0.445446 0.109267
2 1314 0.275807 0.0617891
3 1314 0.279198 0.107402
3 946 0.515427 0.106627
2 1315 0.274604 0.0708791
3 1315 0.277679 0.120047
2 1316 0.489009 0.0772605
3 1316 0.485513 0.125692
2 1317 -0.323059 0.0791902
3 1317 -0.297938 0.16533
2 1318 0.457419 0.0817731
3 1318 0.453982 0.132354
3 548 -0.308144 0.171317
3 553 -0.223853 0.166508
3 560 0.0418518 0.143799
2 1319 0.498014 0.0872826
3 1319 0.493309 0.135931
2 1320 0.269261 0.0937078
3 1320 0.273751 0.138256
2 1321 0.178392 0.0996377
3 1321 0.179649 0.163988
2 636 -0.264913 0.100689
2 1322 0.125766 0.103465
3 1322 0.128951 0.166538
2 1323 0.128229 0.103262
3 1323 0.131743 0.166306
2 1324 0.135816 0.103117
3 1324 0.139282 0.165567
2 1325 0.323563 0.106668
3 1325 0.323691 0.157538
2 1326 -0.316547 0.106377
3 1326 -0.292118 0.191877
2 1327 0.329197 0.110479
3 1327 0.330021 0.160567
2 1328 0.309356 0.110869
3 1328 0.310452 0.161641
2 1329 0.0451599 0.112063
3 1329 0.0552222 0.166122
2 1330 0.3855 0.113024
3 1330 0.383093 0.164849
2 1331 0.395054 0.113281
3 1331 0.392083 0.165207
2 1332 0.418775 0.115465
3 1332 0.415616 0.167048
2 640 0.498331 0.115368
2 1333 0.505948 0.11785
3 1333 0.501435 0.166343
2 1334 0.0712273 0.118625
3 1334 0.0798805 0.171895
2 1335 0.42923 0.119141
3 1335 0.42536 0.170272
3 348 0.151397 0.188965
2 1336 0.059467 0.123418
3 1336 0.068597 0.177298
2 1337 0.161766 0.126009
3 1337 0.16276 0.192741
2 641 0.490392 0.126004
2 1338 -0.288689 0.127673
3 1338 -0.26376 0.196238
3 953 0.373401 0.184582
3 950 0.0422365 0.194508
2 1339 -0.109554 0.140393
3 1339 -0.0939011 0.20133
2 1340 0.0310177 0.139497
3 1340 0.0412072 0.195193
2 1341 -0.0670298 0.140852
3 1341 -0.0523603 0.199449
2 1342 0.144491 0.141928
3 1342 0.14609 0.209862
2 1343 -0.0523034 0.142621
3 1343 -0.0385377 0.201054
2 1344 -0.275396 0.143792
3 1344 -0.250521 0.208218
2 1345 0.309159 0.1456
3 1345 0.311452 0.19311
3 380 -0.035198 0.20683
2 1346 -0.485181 0.149567
3 1346 -0.446329 0.244443
2 1347 -0.285003 0.156317
3 1347 -0.259486 0.218283
2 390 -0.0775136 0.157322
3 574 -0.0963403 0.220807
2 1348 -0.51772 0.162365
3 1348 -0.475738 0.258168
2 1349 0.500058 0.162069
3 1349 0.497912 0.208113
3 391 0.188242 0.228292
2 1350 0.20408 0.163209
3 1350 0.204436 0.228256
2 1351 -0.0464015 0.163663
3 1351 -0.0329585 0.22117
2 407 -0.0242382 0.164734
3 410 0.0755783 0.233092
2 409 -0.204892 0.173599
3 416 0.0967096 0.236032
2 414 -0.234355 0.178013
2 1352 0.109965 0.178022
3 1352 0.114355 0.242631
2 415 -0.24982 0.179467
2 1353 0.217251 0.180294
3 1353 0.216526 0.244944
2 1354 0.254521 0.179921
3 1354 0.254756 0.237234
2 1355 -0.146829 0.183622
3 1355 -0.127491 0.245208
2 1356 0.0626422 0.185707
3 1356 0.0707675 0.247911
3 585 0.11979 0.250488
3 437 0.221506 0.252173
2 404 -0.384532 0.194527
2 435 -0.25086 0.195915
3 443 0.224812 0.259195
2 992 -0.380002 0.198149
2 1357 -0.320668 0.199948
3 1357 -0.292754 0.27913
2 1358 -0.36858 0.201131
3 1358 -0.337053 0.284588
2 1359 0.208132 0.200829
3 1359 0.209659 0.262347
2 1360 0.213075 0.201176
3 1360 0.213446 0.262935
3 450 0.180766 0.26895
2 434 -0.353936 0.21233
2 1361 0.229263 0.215954
3 1361 0.2297 0.27678
2 1362 0.220108 0.220374
3 1362 0.220926 0.281509
2 456 0.139876 0.228271
3 457 0.211855 0.296929
2 1363 -0.400735 0.240793
3 1363 -0.366449 0.323163
2 1364 -0.31917 0.244378
3 1364 -0.289898 0.31525
3 964 0.138374 0.310029
2 1365 0.143421 0.25151
3 1365 0.149099 0.309754
2 1366 -0.335597 0.260225
3 1366 -0.30562 0.333676
2 1367 -0.314555 0.267312
3 1367 -0.285145 0.336562
3 967 0.135586 0.328864
2 1368 0.155193 0.271183
3 1368 0.16101 0.328277
2 1369 -0.325036 0.275338
3 1369 -0.294662 0.346106
2 1370 -0.377174 0.278816
3 1370 -0.343874 0.354511
3 965 -0.302393 0.354718
2 644 -0.417058 0.294884
2 1371 -0.285361 0.307305
3 1371 -0.257064 0.374299
2 1372 -0.383909 0.314312
3 1372 -0.348185 0.385801
2 602 0.333842 -0.20716
2 5 0.340832 -0.202465
2 16 -0.0291035 -0.198389
4 9 0.417985 -0.237354
2 1373 0.488936 -0.187788
4 1373 0.422849 -0.237168
4 971 0.460817 -0.233905
2 999 -0.251579 -0.177382
2 28 -0.247681 -0.177401
2 661 -0.260999 -0.176025
2 1374 -0.272981 -0.173129
4 1374 -0.287013 -0.197029
4 1249 -0.0860434 -0.197817
4 1250 -0.0790894 -0.198778
2 1375 0.541414 -0.163348
4 1375 0.475587 -0.215891
4 52 -0.0229842 -0.191393
4 1254 0.472001 -0.20919
2 37 0.518691 -0.153516
2 1376 -0.0204786 -0.152905
4 1376 -0.0518713 -0.185493
4 473 0.460001 -0.200169
2 611 -0.270221 -0.143201
2 1377 -0.195527 -0.139844
4 1377 -0.213215 -0.168554
2 612 -0.26265 -0.137832
4 1259 0.487865 -0.190005
4 922 0.358452 -0.180968
2 1378 0.422022 -0.127513
4 1378 0.36301 -0.176145
4 613 -0.0114341 -0.161787
4 924 0.449609 -0.172016
4 489 0.012071 -0.151286
2 615 -0.0234914 -0.106642
2 129 0.0276376 -0.0984027
2 1379 -0.280579 -0.0977423
4 1379 -0.294774 -0.130429
4 134 -0.0413486 -0.131369
2 1380 -0.182598 -0.0928713
4 1380 -0.202252 -0.127094
2 675 0.493847 -0.0935691
2 1381 0.350307 -0.0894299
4 1381 0.315192 -0.131423
2 1382 -0.201888 -0.0830067
4 1382 -0.219506 -0.117584
4 1269 -0.224077 -0.115306
2 1383 -0.177861 -0.0777752
4 1383 -0.194139 -0.112285
4 1273 -0.241494 -0.111068
4 1276 -0.100229 -0.106421
4 936 -0.212633 -0.101974
4 504 -0.122127 -0.0924157
4 191 0.00516221 -0.0951671
2 187 0.524004 -0.0542749
4 509 -0.0983574 -0.0857858
2 1384 -0.262962 -0.0472112
4 1384 -0.274083 -0.0840864
2 1385 -0.0184044 -0.0449653
4 1385 -0.0502549 -0.0857225
2 691 -0.393146 -0.0402628
4 1289 0.342756 -0.0875238
4 506 -0.412699 -0.0805185
4 514 -0.0655263 -0.0724781
2 218 -0.264425 -0.0267966
4 1298 -0.0925818 -0.0495539
4 1299 -0.258328 -0.0441205
2 714 0.351507 0.00150333
4 521 0.467583 -0.0503005
2 703 -0.37893 0.00524803
4 242 -0.394533 -0.042394
2 713 -0.108151 0.0115409
2 1386 -0.362754 0.0116705
4 1386 -0.38672 -0.0389963
4 266 -0.152166 -0.034276
2 267 -0.0666855 0.0119038
2 718 -0.270559 0.0225865
2 1387 -0.174556 0.0329283
4 1387 -0.19942 -0.0139222
4 299 0.31262 -0.00657596
2 729 0.335227 0.0489048
2 1019 0.380709 0.0636883
2 1388 -0.400589 0.0729142
4 1388 -0.421969 0.0125721
4 532 -0.419141 0.0122509
2 535 -0.389381 0.0738427
2 1389 0.361043 0.0773514
4 1389 0.325474 0.027365
2 1390 0.0290641 0.079277
4 1390 0.00653711 0.0311551
4 636 -0.290873 0.0414874
4 947 -0.392757 0.0534097
4 1333 0.468537 0.0650047
4 1334 0.0503567 0.0691808
2 348 0.149561 0.121682
4 1336 0.0372635 0.0736253
2 1391 -0.318289 0.128289
4 1391 -0.342603 0.0644834
4 953 0.339228 0.0841303
2 764 0.504745 0.139295
2 367 -0.272988 0.142144
2 375 -0.0416877 0.143317
4 571 -0.0400005 0.0917533
2 642 -0.1355 0.145994
2 388 0.038524 0.15258
2 770 -0.0676173 0.160641
2 392 0.188637 0.162808
2 760 -0.41206 0.166556
2 1392 -0.181907 0.166938
4 1392 -0.194131 0.109205
2 1393 0.0820459 0.175411
4 1393 0.0392377 0.115292
4 1354 0.201664 0.12008
2 384 -0.359527 0.180853
2 395 -0.36654 0.183394
2 1024 0.2155 0.182738
2 1394 -0.435634 0.1912
4 1394 -0.444957 0.115506
2 453 0.15988 0.221543
4 1363 -0.412268 0.160802
2 1395 0.120444 0.251999
4 1395 0.0740076 0.185494
4 966 0.0853875 0.191131
2 1028 -0.376181 0.277611
4 962 -0.388926 0.198985
4 1372 -0.388611 0.227929
2 1396 -0.332786 0.342163
4 1396 -0.345274 0.253101
2 799 0.424698 -0.252046
5 11 -0.105861 -0.196111
2 1038 -0.0384339 -0.195762
5 970 0.372553 -0.203739
5 915 0.24994 -0.192696
2 972 0.427102 -0.183018
5 30 -0.298938 -0.171172
5 35 -0.297326 -0.170648
5 39 -0.0946935 -0.170566
5 1252 -0.312132 -0.162545
2 1397 -0.241545 -0.160754
5 1397 -0.315757 -0.158586
2 1398 -0.241728 -0.152787
5 1398 -0.315516 -0.15194
2 92 0.447839 -0.119336
5 930 0.409467 -0.116435
2 1399 -0.0505994 -0.101079
5 1399 -0.125236 -0.110046
2 158 0.494657 -0.0753891
2 618 -0.299675 -0.0662825
5 937 -0.184446 -0.0693536
2 1400 0.322239 -0.0431939
5 1400 0.206295 -0.054975
5 691 -0.494389 -0.0629215
5 512 -0.513445 -0.0475621
2 1104 -0.197719 -0.00815941
2 1401 0.359199 -0.00761858
5 1401 0.251773 -0.0197616
2 1402 -0.232526 0.0263274
5 1402 -0.303363 -0.00490641
2 631 0.465362 0.0265224
5 1314 0.19255 0.0447987
5 1019 0.262555 0.0485343
5 552 0.23077 0.0500673
5 540 -0.52318 0.0276445
5 559 0.258715 0.0671287
2 1403 0.478873 0.0952894
5 1403 0.360498 0.0841536
2 1134 0.191233 0.102032
2 1404 -0.42075 0.122288
5 1404 -0.502957 0.0603613
2 370 -0.118693 0.141565
2 359 -0.351202 0.155144
5 582 0.373904 0.147092
5 1349 0.390547 0.151698
5 407 -0.113683 0.122639
5 445 -0.479049 0.143558
2 1160 0.123308 0.245331
6 10 -0.115613 -0.178793
6 12 -0.111873 -0.178396
2 1405 0.0134471 -0.190746
6 1405 -0.0955401 -0.17194
6 971 0.305648 -0.173897
2 1406 0.484759 -0.116718
6 1406 0.273876 -0.111306
2 1174 -0.176486 -0.0757086
2 1407 0.494326 -0.0558836
6 1407 0.325863 -0.052431
6 187 0.351474 -0.0512726
6 620 -0.518921 -0.0449786
2 1408 -0.391831 -0.0393566
6 1408 -0.515477 -0.04322
2 1178 -0.0294019 -0.0275108
2 850 0.0335981 -0.0179488
6 520 -0.344097 -0.0115848
6 1402 -0.323357 0.0108009
2 288 -0.227429 0.033276
2 726 0.40773 0.0433401
2 309 0.508919 0.0490333
6 526 -0.5337 0.0236593
6 946 0.408948 0.064117
6 549 -0.137676 0.0488655
6 1321 -0.0226009 0.0818897
2 1193 0.166745 0.102411
2 1409 0.157561 0.103047
6 1409 -0.0354316 0.0846733
6 348 -0.0546795 0.0990807
6 764 0.3568 0.138338
6 573 0.270282 0.14018
6 388 -0.074361 0.128031
6 574 -0.209952 0.125836
2 1410 0.152116 0.203142
6 1410 -0.0554391 0.169887
2 1411 0.233062 0.209413
6 1411 0.0247951 0.181995
6 1361 0.0190357 0.187556
6 1160 -0.053151 0.208202
2 798 0.501421 -0.2881
7 463 -0.0812143 -0.157251
2 1412 0.00620234 -0.194628
7 1412 -0.0563929 -0.153864
7 1405 -0.0495088 -0.150319
7 9 0.317067 -0.15075
7 1373 0.320888 -0.150526
7 915 0.263591 -0.149402
7 972 0.275601 -0.146395
7 916 0.32889 -0.146209
7 22 -0.0773246 -0.142186
7 28 -0.280314 -0.132754
7 39 -0.0710317 -0.131825
2 1413 -0.297631 -0.163074
7 1413 -0.315775 -0.121085
7 1398 -0.281594 -0.113062
7 483 -0.286596 -0.104321
7 117 0.286155 -0.0817116
7 932 -0.292485 -0.0743144
7 1264 -0.0704087 -0.0704169
7 933 0.27949 -0.0634707
7 1273 -0.259616 -0.0535574
7 193 -0.284413 -0.03316
7 620 -0.45024 -0.0246746
7 511 -0.104532 -0.0225011
7 228 -0.22078 -0.00953504
7 1401 0.26429 0.0129525
7 1300 0.281278 0.0178981
7 536 0.305239 0.0658949
7 526 -0.466707 0.0429221
7 945 -0.313467 0.0546147
7 549 -0.0924703 0.0661197
7 552 0.243436 0.0806502
7 1388 -0.461319 0.0581788
7 543 -0.366326 0.0649546
2 1414 -0.293973 0.0776144
7 1414 -0.350838 0.0657022
7 1193 0.0247058 0.103357
7 1134 0.0583675 0.104211
7 1409 0.00821786 0.103221
2 1221 0.109095 0.105445
7 1335 0.322177 0.134153
2 757 -0.34825 0.156636
7 1348 -0.533518 0.117646
7 1361 0.0732546 0.20459
7 448 -0.438413 0.174368
7 457 0.0621328 0.22271
7 964 0.00632135 0.230022
2 795 -0.377766 0.310069
2 796 -0.388767 0.315967
8 799 0.400939 -0.309268
2 1415 0.388104 -0.212898
8 1415 0.340318 -0.26437
8 465 -0.0731521 -0.238551
2 3 0.5365 -0.195485
2 1416 -0.293158 -0.165379
8 1416 -0.32489 -0.201359
8 1252 -0.282444 -0.202561
8 1375 0.500367 -0.214574
8 1397 -0.283193 -0.197839
8 52 -0.0326282 -0.201894
8 1254 0.491696 -0.208276
8 1398 -0.283904 -0.190102
8 47 0.372957 -0.200093
2 1003 0.425015 -0.150778
8 473 0.477582 -0.197968
8 483 -0.289853 -0.180913
2 1417 -0.192817 -0.137766
8 1417 -0.230808 -0.177208
8 484 -0.302505 -0.173893
8 72 0.49823 -0.183253
2 114 -0.222655 -0.116526
8 488 -0.0413838 -0.158836
8 928 -0.0486245 -0.154911
8 122 -0.0540145 -0.152801
8 123 -0.274653 -0.148484
8 929 0.486304 -0.152386
2 1418 -0.286748 -0.100028
8 1418 -0.323685 -0.140147
8 1265 0.0120154 -0.139292
2 128 0.487407 -0.094176
8 1269 -0.242004 -0.124091
2 1419 -0.287744 -0.0762568
8 1419 -0.320516 -0.118957
8 1273 -0.257302 -0.119215
8 497 -0.299002 -0.11762
2 1420 -0.281934 -0.0736555
8 1420 -0.315613 -0.115574
8 160 0.39018 -0.118449
8 936 -0.229903 -0.109899
8 1281 -0.238084 -0.108735
8 500 -0.313468 -0.103955
2 1421 0.0494046 -0.0546996
8 1421 0.0107807 -0.0996515
8 1385 -0.0650894 -0.0910768
2 1422 0.343753 -0.0451852
8 1422 0.312122 -0.0907534
8 1288 -0.117884 -0.0891429
8 1400 0.290799 -0.0898685
2 1423 -0.407097 -0.0423422
8 1423 -0.478211 -0.082807
8 620 -0.467647 -0.0825781
8 205 -0.143675 -0.0900552
8 1293 -0.0251568 -0.0763292
8 222 -0.315449 -0.0703382
8 512 -0.484972 -0.0620031
2 1424 -0.037886 -0.0158886
8 1424 -0.0861678 -0.0618148
8 288 -0.262818 -0.0174253
8 299 0.322017 -0.00389707
8 309 0.487558 0.00811054
8 526 -0.48327 0.0016129
2 738 0.347721 0.0708166
8 532 -0.465848 0.0195593
8 534 -0.498687 0.0198229
8 535 -0.459572 0.020776
8 538 -0.453866 0.0240317
8 543 -0.366591 0.0232049
8 540 -0.494347 0.0265564
8 1318 0.433368 0.0411481
8 559 0.343025 0.0405686
8 1193 0.0945836 0.0552201
2 335 0.198939 0.102036
8 949 0.139134 0.0556272
2 1425 0.175768 0.109841
8 1425 0.10118 0.0627033
2 1426 0.404627 0.109904
8 1426 0.366391 0.0685829
8 1328 0.277771 0.0671794
8 1404 -0.473496 0.0622836
8 641 0.463726 0.0878958
8 1391 -0.379689 0.0691212
8 1340 -0.00138355 0.0862867
8 573 0.394143 0.10546
8 642 -0.170532 0.0883408
8 388 0.00513908 0.0994885
8 390 -0.106111 0.101065
8 770 -0.0988002 0.104103
8 1348 -0.563122 0.0950752
8 1351 -0.0780602 0.107711
8 407 -0.059919 0.108936
8 760 -0.4699 0.100543
8 1393 0.0200885 0.123379
2 1427 -0.430688 0.185429
8 1427 -0.4854 0.117015
8 992 -0.435969 0.129112
8 1358 -0.423149 0.132163
2 1428 -0.332451 0.225377
8 1428 -0.383516 0.155066
2 1429 -0.325705 0.277345
8 1429 -0.365767 0.200716
8 962 -0.424075 0.202498
2 794 -0.394884 0.288669
3 997 0.494203 -0.245758
3 648 0.491226 -0.223066
3 1430 0.456468 -0.210621
4 1430 0.420644 -0.321074
4 596 0.323357 -0.288744
4 969 0.493479 -0.283508
3 651 0.540773 -0.160763
3 8 0.37519 -0.131495
3 463 -0.0153124 -0.126595
3 914 0.00634099 -0.124004
3 1431 0.0174884 -0.118384
4 1431 -0.0144092 -0.220906
3 1432 0.321066 -0.108862
4 1432 0.290547 -0.209279
3 31 0.00487929 -0.0973762
4 25 0.370694 -0.214772
3 661 -0.244236 -0.0899653
3 30 -0.217214 -0.0899973
3 664 -0.0101514 -0.0895633
3 1002 0.0315148 -0.0874182
3 1433 -0.053394 -0.0822925
4 1433 -0.0846271 -0.185461
3 1376 -0.0170985 -0.0795115
3 1377 -0.180951 -0.0580474
3 924 0.496651 -0.0549459
3 1434 0.454742 -0.0535558
4 1434 0.408275 -0.168734
3 489 0.0436951 -0.0491004
3 1007 0.0440557 -0.0339286
3 114 -0.208962 -0.0304061
4 1265 0.0211887 -0.132108
3 156 0.0405139 -0.0109552
4 1267 -0.212162 -0.122818
3 1435 -0.0272086 -0.00284552
4 1435 -0.061099 -0.109108
3 502 0.504421 0.000640769
3 687 -0.187853 0.0126792
4 200 -0.277264 -0.0831876
3 1436 -0.157871 0.0495927
4 1436 -0.190668 -0.0632185
4 222 -0.291575 -0.0642148
3 290 0.460642 0.0794637
4 522 -0.281743 -0.0356971
3 266 -0.108844 0.08747
3 512 -0.385138 0.0880936
3 718 -0.248812 0.0973715
3 726 0.404405 0.0976511
3 729 0.333962 0.0990505
3 1019 0.378201 0.113326
3 1437 0.332841 0.114587
4 1437 0.300426 0.0148108
4 1306 -0.375774 -0.0311151
4 1315 0.251063 0.0243
3 556 0.353627 0.125935
3 1018 -0.151756 0.125995
3 531 -0.231472 0.142019
3 306 -0.225525 0.144993
4 1328 0.275433 0.0610609
3 725 -0.325587 0.163391
3 532 -0.36426 0.172412
3 1388 -0.3673 0.172826
3 534 -0.402568 0.174728
3 538 -0.355139 0.174803
3 539 -0.330309 0.17438
3 540 -0.397419 0.180988
3 1023 0.310723 0.192655
3 754 -0.241762 0.197899
3 1438 -0.328248 0.200075
4 1438 -0.379046 0.0456285
3 375 -0.0289362 0.201178
4 367 -0.27331 0.0888338
3 951 -0.134221 0.217007
3 411 0.261477 0.222618
3 958 0.472136 0.228264
3 429 0.266816 0.236503
3 757 -0.319507 0.242804
3 372 -0.332772 0.253858
3 760 -0.377915 0.25748
3 385 -0.306737 0.261246
4 445 -0.404469 0.150332
3 789 -0.295596 0.328884
4 1367 -0.326654 0.18911
3 795 -0.340571 0.378068
3 1439 0.369207 -0.146012
5 1439 0.229483 -0.220462
3 10 -0.00604926 -0.126765
3 14 -0.0234441 -0.125476
3 16 -0.0296467 -0.123599
5 25 0.266801 -0.174307
5 475 -0.305949 -0.160505
3 1397 -0.226093 -0.0736087
3 78 0.403625 -0.0677736
3 1398 -0.226266 -0.065395
3 1440 0.532929 -0.0620079
5 1440 0.384402 -0.137141
3 83 -0.191141 -0.0590235
5 483 -0.319493 -0.14269
3 1441 0.533154 -0.0488882
5 1441 0.387624 -0.122471
3 1442 -0.0133553 0.0224922
5 1442 -0.120303 -0.062211
3 231 -0.0305467 0.052632
3 516 -0.0975625 0.0699894
5 242 -0.467925 -0.0261326
3 317 0.366195 0.115149
5 331 0.274957 0.0750082
3 302 -0.228513 0.143395
5 638 0.0511672 0.073085
5 532 -0.499873 0.0219765
3 1443 -0.357098 0.173855
5 1443 -0.493049 0.0243934
5 991 0.28948 0.134778
5 340 -0.421933 0.0696519
5 390 -0.150005 0.115595
5 643 0.25021 0.152705
5 994 0.375164 0.16715
3 430 -0.127655 0.250863
3 1444 -0.394336 0.273658
5 1444 -0.516241 0.105491
3 440 -0.297757 0.291084
6 969 0.354942 -0.237161
6 1439 0.193245 -0.202321
3 14 -0.0246163 -0.125118
3 1445 0.540679 -0.110888
6 1445 0.336683 -0.171919
3 46 0.535147 -0.0804176
6 1252 -0.333814 -0.143757
6 71 0.292987 -0.129031
6 99 -0.357095 -0.111396
3 129 0.0287544 -0.0310732
3 1446 -0.215044 -0.0250414
6 1446 -0.328252 -0.0986337
3 154 -0.20706 0.00348909
6 191 -0.0855913 -0.0545102
6 162 -0.34985 -0.0659577
6 1293 -0.103467 -0.0335824
3 1447 -0.202194 0.075282
6 1447 -0.319446 -0.0129284
6 718 -0.343096 0.00651402
6 517 -0.487382 -0.00779469
3 526 -0.386027 0.155212
3 388 0.0479147 0.208265
6 643 0.224264 0.164272
3 393 0.20127 0.229139
3 783 -0.196357 0.256676
3 1448 -0.310315 0.376347
6 1448 -0.451284 0.217116
7 969 0.399772 -0.210147
7 11 -0.0834908 -0.15666
7 29 -0.270361 -0.132638
3 30 -0.217969 -0.0903765
3 55 0.343033 -0.0880484
3 1003 0.411451 -0.083683
7 1252 -0.279504 -0.123369
7 71 0.34466 -0.103206
3 139 0.345345 -0.0348568
7 155 -0.269179 -0.0534447
7 622 -0.159082 -0.0357469
7 509 -0.125296 -0.0319519
7 197 -0.100363 -0.0304126
7 231 -0.118104 -0.00457717
7 295 0.382196 0.051323
7 986 0.270473 0.0978547
7 548 -0.394223 0.0663848
7 377 0.226077 0.144862
7 348 0.00250213 0.117876
7 987 0.0116036 0.121077
7 403 -0.115336 0.148243
7 574 -0.164413 0.141939
3 1449 -0.205186 0.241947
7 1449 -0.256994 0.151652
3 395 -0.335507 0.268555
3 1450 0.215549 0.281687
7 1450 0.0570013 0.206691
3 1451 0.452698 -0.207118
8 1451 0.441475 -0.330975
8 591 0.472087 -0.332227
8 14 -0.0679109 -0.240222
8 971 0.479787 -0.233867
3 28 -0.233118 -0.0918907
8 477 0.320976 -0.194561
3 1452 0.356075 -0.0797652
8 1452 0.329707 -0.190023
8 1434 0.421406 -0.166422
3 98 0.467802 -0.0522699
3 1453 -0.0363893 -0.0387751
8 1453 -0.0757462 -0.150311
3 1418 -0.267245 -0.0140963
8 1283 0.410258 -0.108773
3 1454 0.512417 0.00200775
8 1454 0.500544 -0.0983014
3 1421 0.051688 0.00980543
3 936 -0.178448 0.0105918
3 1422 0.338759 0.0119071
8 1287 -0.133116 -0.0939306
3 213 -0.0364599 0.0354434
3 1455 -0.172639 0.0389923
8 1455 -0.224213 -0.0806855
3 260 0.35734 0.0413447
3 1184 0.475796 0.0466853
3 711 0.475245 0.0569231
8 233 -0.22263 -0.0594521
8 621 -0.460257 -0.0783683
8 516 -0.162774 -0.0515816
8 527 -0.110208 -0.0130615
3 1456 -0.346186 0.105488
8 1456 -0.442392 -0.0410625
8 1019 0.354513 0.0196319
8 552 0.307242 0.0207906
3 1457 0.34045 0.119149
8 1457 0.314077 0.0252255
3 893 0.348903 0.123506
8 556 0.328026 0.03315
3 864 0.356919 0.127708
3 1458 0.362443 0.130366
8 1458 0.334851 0.036602
3 1459 -0.241503 0.142631
8 1459 -0.318163 0.0085173
8 639 0.143817 0.0557966
8 1333 0.48118 0.0786406
3 1425 0.175636 0.175481
3 538 -0.353805 0.175769
8 1336 0.0292806 0.0727062
8 954 0.481823 0.100675
8 348 0.073247 0.0743976
3 1460 -0.322338 0.194677
8 1460 -0.416172 0.0465558
8 989 -0.05562 0.0917729
3 1461 -0.0553676 0.217704
8 1461 -0.0997093 0.103683
8 1346 -0.531204 0.0850275
8 404 -0.441714 0.124022
3 794 -0.356244 0.363235
4 595 0.301325 -0.297098
5 598 0.473079 -0.253645
5 597 0.27027 -0.254167
5 998 0.421135 -0.247531
5 3 0.363531 -0.205714
4 1037 0.520746 -0.236462
4 1039 0.533174 -0.235524
5 19 0.214019 -0.185861
4 1052 0.542485 -0.202372
4 607 -0.236211 -0.194424
5 56 0.431556 -0.152836
4 41 -0.295296 -0.193709
4 1252 -0.259609 -0.192337
4 72 0.480025 -0.186834
4 1462 0.416601 -0.168327
5 1462 0.314327 -0.126884
5 99 -0.337386 -0.130328
5 1006 0.335934 -0.11218
4 928 -0.0400271 -0.145351
4 1463 0.336815 -0.143811
5 1463 0.270117 -0.109649
4 807 -0.0760202 -0.12872
4 1080 0.432673 -0.124736
5 1273 -0.29439 -0.0886959
5 168 -0.319339 -0.081296
4 1464 0.499188 -0.068259
5 1464 0.419526 -0.0264814
4 1465 -0.29914 -0.0614892
5 1465 -0.342433 -0.0460139
5 265 0.218708 -0.0130844
4 1466 0.295078 -0.0367689
5 1466 0.224094 -0.00375792
5 726 0.286384 0.0300768
5 526 -0.512951 0.00625713
4 1467 0.466502 -0.000590397
5 1467 0.390907 0.0399916
4 298 -0.17618 0.00197302
4 1468 0.370529 0.00401413
5 1468 0.300757 0.0402762
5 537 -0.34803 0.0213643
5 534 -0.526033 0.0219667
4 1125 -0.339885 0.0221877
4 545 -0.317174 0.0227261
5 556 0.244158 0.0592835
4 1469 0.0818338 0.0489913
5 1469 -0.0260127 0.0729013
5 1020 0.259102 0.0868901
5 1021 0.310629 0.103272
5 754 -0.31222 0.08497
5 363 -0.180543 0.0912092
4 1470 -0.12331 0.0865753
5 1470 -0.180638 0.0965698
5 763 -0.0543434 0.102075
5 1023 0.206933 0.123301
5 380 -0.125873 0.106693
4 1471 -0.437628 0.0975274
5 1471 -0.509467 0.0951702
4 1472 0.169023 0.149697
5 1472 0.0535567 0.173878
4 456 0.0991669 0.171999
4 1473 0.135292 0.173093
5 1473 0.0236018 0.194402
4 1474 -0.402777 0.17426
5 1474 -0.476069 0.164241
4 839 0.111236 0.178947
4 840 0.121055 0.179127
4 841 0.0846984 0.184351
6 1430 0.301834 -0.265752
6 650 0.330997 -0.264332
4 591 0.445312 -0.319661
4 0 0.366116 -0.29134
6 998 0.386468 -0.232026
4 1475 0.560167 -0.241608
6 1475 0.421611 -0.184048
6 1037 0.36515 -0.176483
4 915 0.350175 -0.234983
4 16 -0.0618357 -0.22518
4 1168 0.493559 -0.191408
6 669 0.230356 -0.117367
4 105 0.393111 -0.164062
6 114 -0.321517 -0.104034
6 1463 0.238826 -0.0952006
6 807 -0.151267 -0.0881257
4 1476 0.40916 -0.12743
6 1476 0.284786 -0.0747824
6 166 0.277047 -0.0648219
6 174 -0.296795 -0.0626433
6 1384 -0.341561 -0.0490989
6 1010 -0.190837 -0.0386055
6 1464 0.385269 -0.0142124
4 1477 -0.167238 -0.0570173
6 1477 -0.26709 -0.0197635
6 265 0.189767 -0.000649443
6 713 -0.245035 0.000920017
6 299 0.218881 0.0377357
6 727 -0.183929 0.0317077
6 736 0.268095 0.0592836
6 545 -0.412648 0.048073
4 1478 0.332926 0.0307041
6 1478 0.224336 0.0772704
4 854 0.464506 0.0346855
6 334 0.252596 0.0907616
6 638 0.0242436 0.0861392
6 380 -0.146937 0.118563
4 389 -0.381284 0.110898
6 839 -0.0215621 0.20951
6 789 -0.428667 0.18408
4 460 0.103305 0.189087
6 793 -0.426009 0.203332
4 842 -0.342132 0.204405
6 1372 -0.475087 0.222948
7 650 0.374969 -0.235725
7 1 0.228369 -0.198822
7 3 0.372116 -0.160574
7 604 -0.0545591 -0.143867
7 31 -0.0693901 -0.132731
7 1374 -0.301231 -0.127784
4 803 -0.291199 -0.195486
7 607 -0.25254 -0.126282
7 93 0.312941 -0.0885317
4 95 0.413498 -0.168485
7 154 -0.253538 -0.0548696
7 508 -0.146438 -0.0328788
7 1011 -0.194824 -0.0153356
7 1464 0.428833 0.00729462
4 301 -0.290987 0.00845859
7 532 -0.455267 0.057201
7 535 -0.450122 0.0584877
7 1125 -0.376819 0.0661767
7 561 0.27467 0.0997899
7 1333 0.411906 0.135173
4 1479 -0.546846 0.119353
7 1479 -0.558724 0.142098
7 774 -0.433491 0.149223
7 430 -0.19102 0.162878
7 438 0.0437076 0.180629
4 1480 -0.253783 0.134642
7 1480 -0.273149 0.164101
4 1481 -0.338783 0.137301
7 1481 -0.374448 0.162909
4 788 -0.331408 0.167531
4 1482 0.343686 -0.282951
8 1482 0.366339 -0.298243
8 656 0.532938 -0.234034
8 660 0.568222 -0.212449
8 1432 0.301628 -0.216906
8 29 -0.273681 -0.213494
8 1374 -0.309954 -0.208158
8 803 -0.315725 -0.205865
8 62 0.475104 -0.187402
8 921 0.451563 -0.181713
8 609 -0.242892 -0.19518
8 922 0.369997 -0.181235
8 669 0.380327 -0.170877
8 102 0.541603 -0.162317
4 1069 0.397673 -0.162974
8 104 -0.26599 -0.165162
4 1483 0.449958 -0.156193
8 1483 0.467481 -0.153344
8 490 -0.270919 -0.151174
8 134 -0.0522984 -0.139332
4 878 0.311895 -0.12443
4 1484 -0.0941464 -0.110986
8 1484 -0.101374 -0.122577
4 1420 -0.292052 -0.108424
4 1454 0.4808 -0.104636
8 983 -0.0712404 -0.0941351
8 509 -0.109055 -0.0943824
8 691 -0.465078 -0.0814277
8 506 -0.458908 -0.076984
4 205 -0.134126 -0.0793917
4 1288 -0.11008 -0.079355
4 1485 -0.159932 -0.0672784
8 1485 -0.179515 -0.0722709
8 223 -0.299968 -0.0717126
8 1298 -0.110726 -0.0524546
4 1217 0.315076 -0.0469519
8 709 -0.312503 -0.0410111
8 285 -0.199485 -0.0199874
8 1387 -0.223681 -0.0153696
8 721 -0.105963 -0.0143234
4 826 0.387778 0.0108255
8 736 0.380796 0.0186728
4 1486 0.366666 0.0432586
8 1486 0.373857 0.0534316
8 1438 -0.423242 0.0527953
8 749 0.343239 0.0591299
8 742 -0.494539 0.0548235
4 1487 -0.0328616 0.0851567
8 1487 -0.0453759 0.0842411
8 374 0.0373594 0.0865068
8 416 0.0338712 0.121806
8 775 0.0237294 0.122573
4 439 0.460493 0.120854
8 643 0.340986 0.135927
4 895 -0.365488 0.124226
4 1488 -0.215465 0.12943
8 1488 -0.235263 0.12676
8 958 0.448258 0.144744
8 1481 -0.370007 0.138237
4 898 0.173352 0.142828
8 456 0.065116 0.176986
4 1489 0.0651198 0.173287
8 1489 0.0447897 0.185814
4 1490 0.144092 0.172863
8 1490 0.125944 0.187787
8 458 -0.402191 0.192183
8 795 -0.413272 0.22333
5 996 0.36293 -0.325326
5 1491 0.364656 -0.273845
6 1491 0.328492 -0.25585
5 1492 0.431609 -0.249675
6 1492 0.396266 -0.234023
5 844 0.402102 -0.247481
6 3 0.318125 -0.187808
6 7 0.180513 -0.186305
6 8 0.211344 -0.185538
5 1493 0.335948 -0.197974
6 1493 0.29556 -0.18154
5 1494 0.382706 -0.187531
6 1494 0.33863 -0.170152
5 1495 0.35271 -0.182141
6 1495 0.314229 -0.165815
5 1496 0.456331 -0.182128
6 1496 0.412578 -0.166248
5 1497 0.442706 -0.177261
6 1497 0.398706 -0.160622
6 42 -0.161355 -0.148513
6 1053 -0.308317 -0.138215
5 478 0.243621 -0.14536
5 1498 0.366697 -0.145974
6 1498 0.325904 -0.130314
5 1499 0.329485 -0.142979
6 1499 0.288715 -0.127458
5 71 0.334574 -0.144575
6 612 -0.35418 -0.119569
5 1169 -0.0800895 -0.135723
5 1500 0.35869 -0.127521
6 1500 0.320864 -0.112305
5 1501 0.365671 -0.12301
6 1501 0.328783 -0.107442
5 1502 0.400006 -0.122334
6 1502 0.364697 -0.107603
5 1503 0.402474 -0.115772
6 1503 0.369401 -0.101728
5 1504 0.368928 -0.106055
6 1504 0.338084 -0.0925811
6 1075 -0.26333 -0.0881468
6 137 -0.132216 -0.0883695
5 1505 -0.234256 -0.10204
6 1505 -0.254427 -0.0859083
5 1506 -0.133338 -0.0978762
6 1506 -0.155387 -0.0820933
5 1507 -0.215438 -0.0929908
6 1507 -0.234336 -0.0771118
5 162 -0.329506 -0.0817644
6 1084 0.202097 -0.0682002
6 1087 -0.312191 -0.0605077
6 937 -0.203623 -0.0546186
6 812 0.332571 -0.0557852
6 187 0.364962 -0.0509683
5 1010 -0.153477 -0.0572288
6 207 -0.284438 -0.0423849
5 1508 -0.182841 -0.0547827
6 1508 -0.202269 -0.0401412
5 1093 -0.193076 -0.0534647
5 1509 -0.224362 -0.050996
6 1509 -0.24555 -0.0355236
6 218 -0.339737 -0.0341687
6 513 -0.0725195 -0.0323206
6 1097 -0.0814445 -0.0273318
5 1510 0.396714 -0.0422724
6 1510 0.360492 -0.0290637
6 819 -0.501999 -0.0109422
5 1511 0.255645 -0.0275493
6 1511 0.227838 -0.0148786
5 1185 -0.45498 -0.0187862
6 1112 -0.125461 -0.00368482
6 714 0.242452 -0.00128493
5 1512 0.395587 -0.000642509
6 1512 0.36475 0.0112118
6 282 0.183796 0.0142419
5 288 -0.29788 0.00265838
5 1513 -0.193891 0.00311529
6 1513 -0.218557 0.0173037
6 1117 0.211731 0.0189736
5 1514 0.398573 0.00569214
6 1514 0.368029 0.0175052
5 1515 0.250055 0.00733395
6 1515 0.221837 0.0195738
5 1516 0.20826 0.00972676
6 1516 0.180128 0.0225767
5 1517 0.39341 0.0107577
6 1517 0.360516 0.0221321
5 1189 0.364131 0.0118092
5 1518 0.409217 0.0140741
6 1518 0.38115 0.0254804
6 1128 0.274757 0.0573823
6 552 0.201654 0.0622942
5 742 -0.519096 0.0546755
5 1519 -0.326319 0.0647743
6 1519 -0.341854 0.0787965
6 827 -0.0144447 0.0818031
5 1520 -0.00917275 0.0719426
6 1520 -0.0374681 0.0847153
6 1132 0.284213 0.0829978
6 745 -0.0530075 0.0857973
6 1135 -0.0488232 0.0852394
6 1136 -0.0446633 0.0851768
5 1521 0.0358601 0.0727598
6 1521 0.0107124 0.0852858
5 348 -0.0164936 0.0870771
5 1522 -0.191861 0.0886302
6 1522 -0.213271 0.102066
5 1523 0.429193 0.0930467
6 1523 0.397441 0.104318
6 1471 -0.52889 0.108828
6 1141 0.371791 0.115008
5 1524 -0.433128 0.109913
6 1524 -0.454982 0.123883
6 1143 -0.204799 0.127776
5 1198 -0.443541 0.116928
5 414 -0.294906 0.121405
6 392 -0.0181166 0.137112
5 764 0.389495 0.127384
5 1199 0.0921496 0.139202
5 857 0.281637 0.13956
5 1525 -0.00113371 0.141566
6 1525 -0.0338554 0.153134
6 834 -0.000455402 0.154321
5 1526 -0.0206008 0.14592
6 1526 -0.0520848 0.158018
6 425 0.378785 0.160448
5 1527 -0.0179399 0.151753
6 1527 -0.0492117 0.163417
5 1528 -0.437857 0.152821
6 1528 -0.457806 0.165038
6 444 0.00278959 0.168195
5 1529 0.361758 0.156013
6 1529 0.330162 0.166215
5 586 0.370445 0.156676
5 1201 0.269012 0.157164
5 1530 -0.400121 0.160054
6 1530 -0.420063 0.172479
6 788 -0.419542 0.173711
6 1154 0.0187597 0.176383
5 1531 0.052884 0.171271
6 1531 0.0199161 0.182347
5 1411 0.0571667 0.171697
5 1532 -0.0184493 0.17268
6 1532 -0.0497936 0.184115
5 838 -0.416245 0.17421
5 1533 -0.401925 0.187183
6 1533 -0.42199 0.199062
5 1534 -0.459382 0.187367
6 1534 -0.478467 0.198919
5 1535 0.0141937 0.198954
6 1535 -0.0153453 0.210076
5 1448 -0.433055 0.205291
6 796 -0.478183 0.223783
5 1536 0.371211 -0.324332
7 1536 0.377815 -0.276614
7 598 0.477029 -0.210939
7 1492 0.436007 -0.208005
7 844 0.408201 -0.203284
7 998 0.42594 -0.20559
5 1205 0.494147 -0.230848
7 1439 0.242324 -0.177525
7 655 0.246632 -0.175916
7 3 0.366131 -0.15966
7 8 0.260465 -0.160792
7 1035 0.353866 -0.156114
5 1537 0.385944 -0.19895
7 1537 0.393414 -0.153877
5 1207 0.460771 -0.198795
5 1538 -0.0754463 -0.191237
7 1538 -0.0541696 -0.152867
7 1494 0.390904 -0.14303
5 1539 -0.0649623 -0.184007
7 1539 -0.0408688 -0.143806
7 1042 0.450794 -0.141226
5 1540 0.373957 -0.176917
7 1540 0.382034 -0.133887
7 30 -0.266387 -0.131885
7 663 0.441586 -0.116341
7 1056 0.481159 -0.116308
5 1541 0.425922 -0.151028
7 1541 0.432453 -0.109224
5 1542 0.359794 -0.149262
7 1542 0.36895 -0.107436
7 1058 0.450655 -0.10861
7 1498 0.375444 -0.104653
7 924 0.351952 -0.0907047
7 99 -0.30292 -0.0918662
5 860 -0.335792 -0.128846
5 1543 0.408235 -0.123174
7 1543 0.415801 -0.082703
5 1544 0.368557 -0.122705
7 1544 0.377733 -0.0827229
5 1545 0.371434 -0.122547
7 1545 0.379273 -0.082661
7 1066 0.385087 -0.0827091
7 1069 0.322106 -0.0809893
7 930 0.417227 -0.0766588
5 1546 0.382395 -0.115699
7 1546 0.39023 -0.075785
5 1547 0.24693 -0.106755
7 1547 0.259087 -0.0713679
7 1504 0.376978 -0.0703021
5 1264 -0.093239 -0.106587
7 1073 -0.226636 -0.0692033
7 1077 -0.200526 -0.0645067
7 808 -0.241595 -0.0600116
5 1548 0.307885 -0.0793705
7 1548 0.318923 -0.0433023
5 1549 0.312392 -0.0772292
7 1549 0.323309 -0.0408241
7 937 -0.159824 -0.0362349
7 812 0.378508 -0.0332616
7 1089 -0.306494 -0.0317452
5 620 -0.495619 -0.0635124
5 621 -0.490948 -0.0598823
7 1010 -0.129361 -0.0247774
7 623 0.227789 -0.019473
7 815 -0.186048 -0.0175024
5 1550 -0.0791911 -0.0499969
7 1550 -0.0567213 -0.0154038
7 513 -0.027036 -0.0128264
5 816 -0.235749 -0.0445789
7 1510 0.405173 -0.00649605
5 1551 -0.0827623 -0.0405216
7 1551 -0.0603779 -0.00698223
5 1552 0.401048 -0.0397881
7 1552 0.408934 -0.00396674
7 1105 -0.0389144 0.000653673
7 940 -0.185413 0.00454045
5 1553 -0.227783 -0.0271991
7 1553 -0.197344 0.00740516
7 1511 0.267493 0.00526625
7 242 -0.423241 0.0112082
7 1110 -0.0712315 0.00840695
5 706 -0.51054 -0.0234491
7 1185 -0.412232 0.0180281
5 1217 0.249565 -0.0168303
7 280 -0.113489 0.0277998
7 1515 0.262409 0.0390569
7 1516 0.220762 0.0400835
7 1517 0.402071 0.0436247
7 726 0.29838 0.0626959
7 1128 0.315363 0.0780337
5 1554 0.215938 0.046368
7 1554 0.229293 0.077061
5 1555 0.00332905 0.0505282
7 1555 0.0212663 0.0796565
7 742 -0.475249 0.0880367
5 329 -0.270761 0.0595661
5 1556 0.24999 0.0626537
7 1556 0.263704 0.0941887
7 986 0.268254 0.0965924
5 1557 0.406678 0.0658859
7 1557 0.415306 0.0975048
7 1520 0.0113664 0.103204
7 1132 0.327784 0.103241
7 1469 -0.00360886 0.104236
5 1558 0.042621 0.0728658
7 1558 0.0643736 0.104291
7 348 0.00403074 0.117929
7 367 -0.28687 0.121386
7 1523 0.436539 0.12351
5 388 -0.0663538 0.118495
7 436 -0.268039 0.16394
7 419 0.103658 0.168757
7 1526 0.00209493 0.175606
5 1559 -0.00286763 0.154835
7 1559 0.0182484 0.183646
5 1560 -0.480478 0.156098
7 1560 -0.438634 0.185385
7 1529 0.372771 0.184369
7 1201 0.281371 0.185813
5 1225 0.264856 0.160681
5 1561 -0.435462 0.16942
7 1561 -0.398315 0.197583
7 785 0.366744 0.198981
7 1411 0.0779258 0.199918
5 1450 0.0336674 0.176712
7 1533 -0.366551 0.213881
7 966 0.00687834 0.236474
8 800 0.483978 -0.229882
8 101 0.445375 -0.162993
8 1545 0.465511 -0.16221
8 1073 -0.219447 -0.138116
5 1562 0.35484 -0.0850909
8 1562 0.447355 -0.122454
8 819 -0.448527 -0.0420411
8 708 -0.0925123 -0.0481724
8 524 0.450126 -0.0198119
5 1563 -0.386801 0.0318322
8 1563 -0.347592 0.0233193
8 314 -0.381233 0.0261511
5 555 0.196005 0.0490694
5 892 0.304032 0.048851
8 323 0.423707 0.0411094
8 1134 0.118993 0.0549214
5 366 -0.443729 0.0928399
8 830 -0.181657 0.0928746
5 992 -0.47173 0.12059
5 1481 -0.41182 0.132451
8 780 0.320703 0.125732
5 1235 0.0228832 0.149719
8 452 -0.452833 0.167791
5 896 0.266708 0.156229
5 1564 0.0403377 0.178503
8 1564 0.140875 0.171744
8 1533 -0.364397 0.197891
5 903 -0.451194 0.209776
7 1491 0.37502 -0.228006
6 1565 0.348523 -0.238438
7 1565 0.396369 -0.209467
6 598 0.436549 -0.238558
6 596 0.231572 -0.237388
6 1205 0.455876 -0.215699
6 1566 0.455046 -0.188941
7 1566 0.500139 -0.161535
6 1567 0.444121 -0.186191
7 1567 0.491226 -0.157745
6 1568 0.338393 -0.182765
7 1568 0.387728 -0.156191
7 1493 0.346772 -0.153839
6 1569 0.374477 -0.177589
7 1569 0.428263 -0.1494
6 1412 -0.102029 -0.175305
6 1042 0.401361 -0.168546
7 1497 0.447592 -0.1338
6 607 -0.305612 -0.147874
6 1570 0.361614 -0.140398
7 1570 0.410264 -0.114574
6 51 0.31018 -0.139278
7 56 0.438449 -0.111409
7 612 -0.300178 -0.0999678
7 1065 0.355687 -0.0843699
6 117 0.242407 -0.104896
6 1069 0.273647 -0.104832
6 1547 0.21694 -0.093893
6 1211 -0.268418 -0.0883423
6 1571 -0.261511 -0.0876581
7 1571 -0.210576 -0.0680728
6 1076 -0.285484 -0.085345
6 1572 0.367266 -0.08054
7 1572 0.40999 -0.056882
6 809 0.32734 -0.0718605
6 1573 -0.335049 -0.0669472
7 1573 -0.283598 -0.0471922
7 1175 -0.175061 -0.0481976
6 175 -0.310687 -0.0609672
7 619 0.352784 -0.0341158
7 187 0.394738 -0.0282766
6 1574 -0.241425 -0.0364454
7 1574 -0.190578 -0.0165624
6 815 -0.237756 -0.0366685
7 218 -0.291384 -0.0141606
6 816 -0.258492 -0.029832
6 1551 -0.106478 -0.0254403
6 253 0.255312 -0.0104917
6 1217 0.218618 -0.00295379
7 280 -0.114162 0.0283381
7 1512 0.403855 0.0319717
7 1514 0.406704 0.0379397
7 1518 0.41792 0.0457799
6 1575 0.166564 0.055707
7 1575 0.207082 0.073743
7 736 0.315969 0.0801922
7 1191 0.254782 0.0888121
6 864 0.215811 0.0724316
7 1136 0.00715939 0.103251
7 1193 0.0216204 0.103226
7 751 -0.00244345 0.117873
7 1524 -0.394412 0.142095
7 1196 -0.175894 0.141151
6 1576 0.302949 0.125769
7 1576 0.34613 0.145006
7 426 -0.378239 0.157189
6 419 0.0572074 0.150582
7 1200 0.114751 0.168619
7 447 -0.411297 0.175588
6 1225 0.24074 0.173043
7 1159 -0.00775041 0.223863
7 1161 0.0325154 0.22707
7 1535 0.0347443 0.227184
7 967 0.00415354 0.24842
6 656 0.354836 -0.174359
8 972 0.376729 -0.232759
8 1170 -0.0392615 -0.161049
6 1577 0.34228 -0.100788
8 1577 0.465878 -0.153324
6 1578 -0.390534 -0.0771356
8 1578 -0.347557 -0.123484
6 1579 -0.377764 -0.0764182
8 1579 -0.337859 -0.123517
8 1573 -0.283349 -0.113357
6 205 -0.196274 -0.0457025
6 691 -0.51711 -0.0442058
6 1580 0.261588 -0.0379339
8 1580 0.374887 -0.0862064
6 699 0.335403 -0.0363303
8 1477 -0.191674 -0.0579518
6 1456 -0.496775 -0.0106063
6 326 0.166789 0.0752354
8 1521 0.126047 0.05506
6 1427 -0.535673 0.121513
6 384 -0.474191 0.121987
8 4 0.50452 -0.24865
8 1539 -0.0114875 -0.22608
7 1581 0.413563 -0.0825781
8 1581 0.489091 -0.160407
7 671 0.418008 -0.0828839
7 1582 0.404287 -0.082142
8 1582 0.484726 -0.160553
8 123 -0.277517 -0.147143
7 874 0.396566 -0.0759878
7 929 0.408278 -0.0760913
7 1583 -0.219672 -0.0693528
8 1583 -0.215884 -0.13812
8 494 0.0165394 -0.139111
7 1231 0.257947 -0.0274586
8 1300 0.338499 -0.0479505
7 728 -0.464537 0.0594883
8 561 0.347288 0.0423764
7 1486 0.29872 0.110947
8 393 0.123364 0.114792
7 573 0.318837 0.159632
7 452 -0.444324 0.182112
8 1450 0.133918 0.170839
8 457 0.135699 0.187219
8 1161 0.096762 0.193099
159 140 116
144 142 90
145 140 90
154 120 101
124 100 92
145 142 92
78 59 53
145 142 90
156 132 116
166 138 126
68 38 20
47 20 10
52 28 12
170 144 136
48 23 12
46 30 14
50 25 15
48 32 12
157 132 120
146 145 93
160 127 115
140 112 101
64 32 18
148 144 95
144 116 102
164 129 117
108 64 49
49 34 12
40 24 14
78 66 42
104 91 57
52 26 15
111 60 47
154 129 110
170 143 134
106 94 55
130 110 69
163 137 129
46 24 12
58 32 22
146 117 106
76 44 28
120 62 42
122 86 60
130 94 71
158 128 114
111 90 82
128 92 70
134 94 72
150 145 94
136 112 102
118 94 86
37 14 6
54 32 11
174 100 76
151 148 96
163 140 134
40 15 8
104 64 34
156 104 83
162 150 108
128 82 65
158 133 124
148 126 116
156 136 128
150 96 77
163 138 128
173 146 134
66 28 10
88 47 32
151 148 97
163 134 120
155 134 124
176 104 80
138 102 86
63 30 20
182 114 89
153 150 100
156 150 100
161 105 88
157 133 119
151 120 104
164 107 87
147 120 75
143 108 84
138 110 78
136 100 68
170 106 80
134 108 63
148 88 66
156 154 101
146 114 100
156 154 102
155 154 100
158 152 100
146 129 94
143 110 96
37 16 8
139 109 94
161 105 84
151 146 92
142 114 102
80 72 46
32 26 14
136 77 58
154 145 95
166 102 82
136 79 58
152 96 78
154 150 100
143 112 78
53 17 10
154 150 98
140 97 76
150 94 77
149 144 90
154 150 98
102 54 21
158 134 127
59 23 12
150 142 91
104 60 46
118 70 47
148 88 68
154 150 98
116 74 40
128 76 57
108 64 38
114 82 69
98 51 34
108 60 43
162 92 66
158 154 102
88 56 42
150 103 78
125 76 54
155 104 92
156 110 84
98 52 37
154 150 98
156 154 100
161 113 86
114 97 56
171 122 90
109 48 25
104 56 40
134 110 96
27 8 6
76 80 65
154 152 99
106 70 36
113 74 44
128 92 62
87 82 70
118 72 48
126 76 54
62 28 16
134 117 105
96 52 36
120 98 60
154 153 100
141 138 92
56 16 6
132 92 64
125 87 57
166 136 114
154 151 100
165 66 40
143 88 60
126 106 66
138 98 74
137 98 72
132 94 70
159 131 116
150 108 84
157 111 92
156 112 90
132 95 69
102 75 60
152 119 99
150 148 98
163 131 118
146 88 64
144 96 76
67 35 27
60 21 10
134 108 79
72 46 35
168 135 124
168 134 111
74 48 38
60 24 15
58 28 14
154 105 82
139 130 95
122 120 77
52 18 11
174 130 110
142 102 82
159 124 105
158 107 84
126 105 80
148 117 96
155 128 116
60 52 49
92 52 28
172 102 72
138 97 78
89 52 42
77 40 27
146 134 108
166 135 121
174 122 92
136 93 67
84 42 24
146 112 88
132 88 58
183 148 130
170 124 100
166 135 120
166 138 126
10 8 10
108 63 48
168 123 99
156 146 123
81 38 25
94 50 28
76 36 24
130 87 64
178 126 102
160 137 112
137 88 64
164 119 102
100 59 33
108 64 38
90 48 24
158 148 126
160 113 92
112 78 63
54 20 14
161 116 94
163 146 122
163 148 124
90 49 26
159 148 124
144 126 106
83 60 62
136 83 68
110 98 72
88 47 24
134 80 51
138 90 66
128 82 60
125 107 84
87 62 62
124 95 82
114 70 54
134 80 48
70 42 41
162 146 124
155 135 112
157 122 105
89 62 64
141 96 74
146 112 83
159 148 125
106 57 36
166 111 98
140 94 76
81 56 48
149 96 82
132 74 48
128 78 52
177 112 82
176 106 72
154 94 71
152 108 89
84 50 40
98 54 41
142 92 73
128 81 60
88 42 20
156 148 127
136 122 98
122 76 58
178 120 98
98 72 57
98 54 31
129 78 54
175 112 91
188 161 140
114 88 58
168 122 95
150 115 96
38 20 10
140 99 82
130 101 82
120 88 72
141 98 84
127 92 67
122 88 64
158 140 118
160 134 109
122 88 62
125 102 80
118 87 68
162 130 105
148 129 103
69 46 26
78 58 40
118 88 69
126 18 17
142 112 96
138 56 28
150 115 64
136 92 77
150 119 77
140 116 100
138 102 82
130 112 91
148 116 95
141 132 105
143 117 102
120 76 54
165 134 116
185 138 117
139 130 101
170 144 130
136 126 96
142 92 76
146 130 108
102 60 32
99 58 33
162 138 118
100 59 34
170 148 128
154 125 112
168 140 121
100 59 38
131 120 94
161 142 123
124 85 62
140 116 94
92 36 20
177 126 104
130 35 25
134 100 83
167 135 120
125 36 24
102 41 29
112 58 38
122 76 50
107 32 21
163 116 91
178 152 142
133 24 26
138 92 68
168 145 136
179 152 143
144 78 68
86 38 24
104 80 64
160 112 88
96 45 29
116 22 24
180 153 143
146 81 70
176 128 104
94 70 59
100 62 62
96 49 35
116 76 52
126 13 15
177 126 104
124 53 38
156 105 81
141 102 84
120 98 76
166 115 90
96 64 58
155 102 79
182 155 146
145 80 70
124 16 17
126 16 18
162 143 126
85 40 27
69 28 18
108 70 42
124 16 17
132 77 48
143 25 22
142 27 22
144 29 22
144 28 24
119 19 18
188 166 158
140 84 55
144 28 24
180 153 145
190 170 162
98 48 24
144 92 68
126 72 40
51 41 50
134 80 49
122 72 44
126 74 46
127 76 46
104 56 33
105 71 48
154 138 120
112 21 18
102 25 21
120 70 48
130 80 62
167 131 119
118 18 22
158 131 117
158 84 74
149 126 111
122 16 16
122 15 15
180 154 146
179 151 144
194 168 154
161 140 123
86 50 40
88 80 65
120 102 89
79 40 28
101 56 34
104 57 36
102 54 33
96 27 27
106 58 36
104 56 35
123 52 46
92 85 72
175 154 148
161 139 125
156 44 40
138 58 51
138 54 54
108 48 37
76 16 22
150 96 93
96 31 32
75 14 24
110 96 92
124 104 90
138 122 118
84 28 32
142 128 124
128 111 105
149 118 84
153 54 53
147 69 67
122 48 36
150 34 34
148 36 32
146 46 44
170 142 132
56 26 15
174 151 139
63 34 24
173 148 137
118 88 61
174 112 87
42 24 10
157 154 102
158 155 104
95 56 28
144 118 109
150 100 78
149 106 82
162 98 74
158 155 104
158 154 104
144 108 93
158 106 88
64 36 24
152 152 100
158 103 85
170 110 92
163 108 91
38 19 12
158 100 84
64 26 14
56 32 13
158 100 84
176 114 89
100 54 40
150 102 83
106 72 40
51 22 14
98 47 30
94 50 32
131 92 68
146 101 76
52 17 12
141 110 96
136 66 44
42 12 6
109 70 34
50 32 26
163 151 128
143 110 96
82 42 20
166 118 88
178 134 114
148 102 76
122 112 98
108 64 40
121 76 54
142 72 44
155 109 90
162 148 126
122 106 82
110 68 42
160 110 86
87 66 68
41 12 8
121 73 52
176 147 126
138 90 74
134 19 22
148 95 72
153 130 114
126 76 48
160 144 124
170 130 105
148 130 130
146 98 83
94 9 22
148 116 115
136 109 94
173 126 100
126 48 46
158 143 124
39 16 45
98 56 34
158 130 110
150 116 76
88 63 50
126 20 12
100 70 36
124 94 72
150 122 77
196 150 126
150 140 114
94 66 32
92 60 34
186 140 119
106 85 72
146 135 108
92 52 27
94 54 28
96 56 30
99 57 32
170 124 102
102 60 36
160 135 118
96 54 27
124 90 74
96 54 31
98 39 28
162 118 94
122 78 55
172 144 130
144 108 94
176 124 98
170 146 140
172 146 139
79 34 20
138 24 20
152 117 106
170 151 144
168 144 136
144 100 96
155 116 112
152 109 98
174 152 146
120 86 65
104 42 48
138 72 66
158 140 132
89 81 66
136 62 56
91 74 66
132 72 54
124 50 34
132 68 54
122 40 28
124 5 8
155 151 102
127 98 68
118 90 60
33 30 22
122 98 62
138 114 94
145 120 105
156 152 103
126 107 92
79 46 30
50 29 10
164 138 130
150 145 95
130 104 95
151 146 94
136 102 87
48 13 4
140 83 68
39 14 8
167 109 92
118 66 43
172 122 99
58 24 16
64 28 18
126 94 80
161 147 126
160 148 127
112 78 52
146 141 106
132 88 62
144 113 101
90 51 34
148 137 116
130 86 60
119 70 45
87 62 47
168 116 93
148 120 103
139 86 69
93 58 30
102 84 75
140 36 34
136 119 94
168 146 128
166 146 126
124 82 64
130 89 68
146 100 82
145 109 94
130 50 22
105 56 24
147 132 92
136 96 56
136 54 32
153 137 102
128 8 8
100 62 36
136 94 74
150 144 95
153 144 96
148 126 105
166 151 146
165 140 130
46 26 13
150 147 96
171 149 138
54 32 19
67 40 24
166 147 140
163 98 75
172 106 78
174 152 146
119 74 53
124 86 66
162 158 103
162 158 104
66 19 4
158 139 129
160 156 104
150 98 66
148 128 117
137 107 70
173 124 94
137 109 70
136 112 71
82 80 60
137 118 74
136 126 75
139 134 82
157 152 102
124 115 68
170 72 41
154 110 91
127 121 72
109 80 66
161 149 126
161 149 126
70 30 24
90 52 25
134 132 84
176 130 108
135 116 86
116 77 45
108 70 35
14 10 12
121 118 73
162 119 98
163 130 112
162 148 124
164 154 131
88 48 22
120 22 16
98 52 40
155 103 86
78 31 20
140 129 100
105 72 60
144 102 79
130 80 57
167 135 112
102 80 52
120 106 77
103 88 55
62 21 12
147 117 100
136 86 68
129 80 58
141 113 96
154 143 118
153 118 98
160 146 126
138 110 93
114 62 40
157 120 121
76 48 25
89 54 36
130 104 77
130 106 89
132 108 90
128 24 11
118 82 58
124 100 84
132 111 93
98 62 32
114 92 77
160 122 100
158 125 108
122 10 11
118 16 14
102 59 32
157 140 120
164 138 120
152 128 106
172 152 130
178 150 141
114 8 10
131 34 21
127 15 12
148 97 74
178 130 109
120 24 22
166 114 46
130 18 18
184 162 158
108 31 24
94 81 83
180 156 146
176 146 134
143 105 85
183 164 157
178 154 142
88 62 62
108 64 36
144 28 22
144 30 23
116 64 35
120 70 42
182 159 153
140 86 58
59 48 59
162 137 124
128 16 17
143 93 83
128 14 14
181 158 150
112 68 49
101 80 66
175 146 134
106 59 37
178 158 150
109 88 82
106 94 88
120 18 18
161 139 126
159 138 124
158 139 124
153 101 36
159 26 24
142 122 108
96 16 12
132 34 14
91 10 8
148 141 86
118 16 9
156 138 110
166 141 130
153 126 114
54 36 17
74 45 28
51 32 16
132 95 70
146 98 74
172 124 91
104 68 34
124 21 11
130 90 63
156 112 90
152 68 38
46 14 8
168 123 102
102 67 30
131 86 55
50 39 36
123 68 42
164 148 128
129 88 56
163 148 125
127 78 53
136 96 80
155 111 95
116 92 90
130 101 84
130 98 66
131 33 20
180 160 156
126 79 57
182 158 149
105 57 36
182 158 150
84 51 42
62 46 42
148 92 30
124 102 98
157 136 121
159 25 22
158 26 24
149 30 24
140 119 103
128 104 58
54 19 10
169 142 133
147 130 98
134 84 61
106 106 63
166 134 107
146 122 92
138 94 80
151 122 79
113 76 47
142 108 88
140 90 74
115 93 76
183 158 151
152 148 94
147 110 94
170 108 89
171 122 92
168 122 91
126 83 56
96 56 28
122 71 52
128 80 58
124 16 15
149 76 30
137 55 22
148 145 92
51 30 16
154 134 124
146 118 107
158 136 126
134 102 68
115 83 52
154 150 98
155 149 98
88 44 30
179 124 92
88 80 70
56 18 10
137 91 72
163 148 125
158 148 126
153 136 110
143 100 86
115 15 14
82 60 43
152 142 116
120 86 64
116 96 82
99 60 30
180 158 150
122 18 16
170 141 130
114 102 88
118 102 100
104 90 84
160 138 123
154 35 30
97 66 60
126 10 10
158 146 109
144 74 62
136 42 31
134 56 42
130 8 9
134 116 70
124 93 68
70 12 10
138 116 94
62 34 18
62 40 19
158 134 122
165 139 131
81 48 27
156 127 117
151 146 94
95 62 46
166 138 130
152 149 101
156 126 112
130 82 55
144 126 96
100 68 58
90 70 60
114 66 47
98 65 55
102 70 58
150 100 76
171 102 80
156 152 105
112 68 42
80 78 62
111 74 48
100 57 34
167 124 104
113 70 45
152 104 84
162 148 126
102 84 53
120 98 78
99 53 39
166 134 112
148 126 104
112 18 16
161 130 116
164 148 125
122 82 60
148 102 86
150 97 72
131 105 101
163 136 128
140 27 24
126 18 17
110 36 39
143 112 102
82 19 27
158 136 124
156 136 122
142 75 26
122 34 18
158 24 24
140 121 108
150 28 30
91 60 56
154 150 102
67 9 9
130 96 80
163 138 132
152 124 114
152 126 118
158 134 122
156 154 106
36 23 10
118 98 92
135 116 110
162 110 94
128 118 73
142 98 69
130 90 59
177 132 112
90 49 27
160 145 124
95 56 30
127 30 22
104 63 40
178 128 104
130 78 54
185 163 156
108 79 84
154 130 116
154 140 134
106 11 8
131 118 68
128 104 61
20 18 14
44 26 10
174 152 146
138 128 116
54 35 18
148 112 96
147 114 93
147 108 81
153 128 116
91 50 22
146 104 91
135 123 95
138 94 64
101 66 28
100 58 30
156 107 86
92 48 24
130 80 54
175 101 69
124 92 72
128 83 68
134 110 94
178 149 140
155 106 83
187 166 161
104 79 54
89 38 30
172 147 140
137 118 113
132 116 112
152 96 34
104 65 26
158 142 114
28 26 18
11 12 10
11 10 9
34 20 13
142 104 84
86 64 58
164 143 136
58 30 18
172 150 144
130 86 64
58 43 18
173 150 143
150 130 119
50 30 12
156 109 102
166 140 134
172 150 142
33 14 4
144 118 110
155 134 125
146 118 108
170 150 143
150 144 90
151 146 92
163 136 128
139 122 108
154 134 127
172 152 145
156 136 128
172 145 135
174 154 148
176 156 150
148 120 110
150 146 96
142 110 99
148 122 112
42 22 14
148 122 110
154 149 100
162 132 121
164 134 124
72 22 14
132 98 62
50 14 7
138 122 78
130 98 68
134 130 80
144 93 72
112 76 48
122 12 8
134 14 8
124 120 72
168 120 90
138 120 84
120 79 52
156 124 105
156 110 90
145 96 72
90 42 26
122 70 44
83 49 32
17 8 5
107 69 37
98 63 28
104 85 79
140 90 58
104 66 42
74 30 18
92 56 36
12 10 14
162 109 80
52 48 50
156 102 72
108 67 37
128 105 78
126 80 59
60 18 12
108 68 54
122 71 50
96 53 39
90 68 72
151 110 96
129 114 86
54 24 18
34 10 7
115 66 42
98 72 38
123 73 55
106 53 35
171 100 68
140 93 80
176 108 75
152 141 116
120 92 72
150 119 78
134 12 14
126 95 80
22 18 16
136 120 98
128 105 90
158 132 120
134 106 92
116 84 48
153 139 120
152 112 82
150 111 80
144 109 76
164 148 126
166 126 108
153 97 74
166 130 114
164 110 88
58 19 10
108 60 29
140 26 22
149 106 90
130 25 18
108 58 32
139 24 22
56 22 14
142 112 104
136 113 104
100 68 62
140 120 116
120 64 61
132 88 86
125 84 82
112 97 92
146 26 26
150 24 26
158 24 23
11 11 9
124 86 66
164 138 130
64 48 18
150 144 92
130 78 60
156 138 131
30 12 6
64 23 14
134 100 64
168 120 92
120 88 55
132 93 62
141 134 97
172 130 112
102 60 27
176 133 114
154 105 76
152 126 102
156 85 50
94 48 30
116 65 41
68 50 54
163 147 126
56 26 20
146 100 80
82 34 17
167 129 106
93 64 42
88 50 25
88 45 23
119 87 53
164 142 120
156 112 93
80 34 20
110 61 34
117 54 44
152 136 120
152 135 119
180 154 146
94 78 62
129 113 110
142 81 75
152 130 108
166 140 130
144 114 102
174 152 147
152 146 98
60 24 17
138 121 77
116 113 72
128 76 55
18 8 8
116 54 32
94 50 26
152 120 96
160 143 120
114 68 48
123 72 52
158 117 94
110 74 57
101 59 34
64 24 16
180 154 146
120 33 20
54 36 14
133 123 76
124 88 60
131 50 32
128 96 80
150 101 84
120 15 14
182 156 149
92 82 69
159 153 104
152 140 97
152 136 110
156 138 126
162 158 110
130 106 91
55 27 14
54 35 14
164 161 110
163 160 110
166 140 131
132 108 90
164 161 110
52 22 12
164 108 88
93 58 40
84 56 38
149 93 74
163 139 130
38 15 6
164 161 113
160 94 77
162 138 130
156 134 128
160 156 112
162 138 130
174 110 89
74 48 38
144 96 74
96 60 36
154 104 78
133 102 72
94 55 28
100 60 34
92 18 10
158 115 84
160 158 110
115 72 52
80 38 26
118 88 76
118 76 47
114 82 70
50 16 12
143 108 80
80 66 49
118 77 54
164 117 87
138 131 90
149 58 40
110 80 68
160 66 48
110 62 34
95 46 26
143 114 100
163 156 132
132 86 62
94 50 24
100 61 47
162 150 132
145 97 64
164 154 131
126 86 71
102 62 43
176 128 108
129 102 84
134 100 76
134 94 74
154 124 106
158 150 130
160 114 90
158 144 125
98 52 36
176 120 102
116 88 76
141 106 90
105 64 34
116 90 77
129 98 80
150 140 115
142 132 104
129 104 88
154 135 111
109 76 54
156 130 115
136 126 96
164 149 130
167 151 136
168 152 136
168 152 134
138 112 95
154 112 53
148 124 106
123 102 80
173 130 112
156 128 118
153 128 120
130 85 64
85 43 26
149 110 88
146 98 78
161 118 98
128 29 20
165 100 74
84 34 25
145 108 90
190 143 122
124 24 18
177 126 108
158 112 85
78 55 30
112 20 10
142 92 68
158 109 40
174 149 144
134 24 22
126 74 50
140 22 18
95 18 15
144 24 24
94 50 34
157 135 122
158 134 120
94 56 61
84 82 64
88 84 66
111 93 88
136 118 111
108 40 44
158 138 128
144 23 21
158 137 124
145 126 114
134 64 66
142 123 110
146 84 20
144 124 114
90 10 9
163 134 124
81 49 31
146 120 110
179 107 84
150 147 95
153 143 98
46 20 16
142 122 82
164 160 108
106 68 37
136 98 70
144 88 66
176 130 109
159 147 124
169 110 92
150 113 116
88 46 22
172 125 106
150 112 68
134 83 64
161 138 123
116 29 30
152 50 46
133 14 18
142 94 72
146 94 74
147 96 64
137 132 97
126 94 70
113 67 48
132 93 72
110 9 12
50 30 14
142 124 94
148 57 34
163 150 128
156 132 108
152 55 50
122 75 74
59 38 20
62 30 14
128 14 14
140 116 96
112 70 52
150 146 92
52 23 14
66 32 23
58 26 18
80 42 24
150 142 106
162 148 128
151 101 71
142 100 83
160 131 121
102 43 48
146 110 100
140 120 107
142 126 93
46 26 10
158 156 106
124 68 52
122 95 72
168 120 92
134 92 72
94 62 31
100 16 10
113 86 60
145 119 113
130 100 84
186 142 122
136 76 76
118 58 65
146 122 112
162 103 86
128 82 62
128 14 16
120 70 52
110 87 79
164 142 118
161 158 108
130 78 56
126 70 47
140 100 85
160 145 126
94 60 30
88 48 25
164 132 110
118 60 20
143 91 63
144 126 90
140 112 73
176 141 122
62 22 16
150 135 108
66 43 28
78 62 53
154 128 106
86 36 22
96 42 40
96 79 72
156 24 24
127 20 18
143 110 94
106 104 70
186 132 95
90 48 24
156 110 43
108 58 36
162 139 123
126 104 88
160 132 122
170 123 90
130 86 52
102 56 27
174 124 98
98 52 30
154 108 92
157 25 24
130 6 8
23 23 18
160 132 122
94 73 66
166 140 134
164 140 134
176 152 146
150 126 117
168 142 133
134 92 74
144 110 97
100 68 42
52 17 4
152 126 118
136 128 78
169 121 92
123 119 72
82 40 14
100 64 28
100 42 14
150 116 96
77 36 22
143 84 66
180 152 128
154 124 104
152 140 118
160 134 114
178 150 131
158 111 86
148 110 82
152 138 117
89 38 24
98 65 34
159 141 122
67 15 8
154 21 18
150 21 17
120 40 36
180 158 151
156 133 117
129 110 106
111 92 86
150 129 114
155 99 36
156 24 22
112 86 42
81 64 56
50 33 12
60 42 18
135 108 96
157 138 132
106 82 70
98 57 39
145 110 97
144 110 97
152 132 122
132 130 84
146 140 92
141 140 90
49 18 12
68 26 15
134 64 34
148 100 78
115 83 52
142 131 110
86 44 20
132 109 92
158 140 120
118 28 24
110 24 26
154 126 102
143 70 64
132 13 16
123 106 98
53 30 16
120 80 54
103 62 37
120 94 89
165 144 136
148 132 126
138 127 82
54 26 21
164 109 82
104 66 30
151 139 115
153 106 82
151 127 117
72 34 20
63 28 17
62 78 61
143 110 96
140 108 91
133 108 70
