18 7010 29614
0 0 0.164905 -0.249066
1 0 0.163951 -0.261502
0 1 0.148674 -0.231846
1 1 0.149629 -0.243326
0 2 0.123849 -0.225149
1 2 0.12003 -0.238542
0 3 0.125758 -0.224193
1 3 0.122894 -0.236629
0 4 0.126713 -0.222279
1 4 0.123849 -0.234716
0 5 0.150583 -0.218453
1 5 0.147719 -0.230889
0 6 0.160131 -0.213669
1 6 0.158222 -0.225149
0 7 0.119075 -0.212713
1 7 0.114301 -0.226106
0 8 0.163951 -0.210799
1 8 0.161086 -0.221323
0 9 0.177318 -0.210799
1 9 0.175408 -0.220366
0 10 0.130532 -0.208886
1 10 0.126713 -0.222279
0 11 0.198324 -0.206973
1 11 0.198324 -0.216539
0 12 0.176363 -0.206016
1 12 0.176363 -0.216539
0 13 0.11812 -0.205059
1 13 0.114301 -0.218453
0 14 0.181137 -0.205059
1 14 0.179037 -0.215583
0 15 0.122894 -0.204103
1 15 0.11812 -0.216539
0 16 0.201188 -0.204103
1 16 0.203098 -0.213669
0 17 0.141035 -0.203146
1 17 0.137216 -0.215583
0 18 0.201188 -0.202189
1 18 0.203098 -0.210799
0 19 0.102843 -0.201233
1 19 0.0990238 -0.214626
0 20 0.170634 -0.201233
1 20 0.16777 -0.211756
0 21 0.175408 -0.201233
1 21 0.172162 -0.212139
0 22 0.198324 -0.201233
1 22 0.200233 -0.210799
0 23 0.105707 -0.200276
1 23 0.104753 -0.213669
0 24 0.162041 -0.200276
1 24 0.158222 -0.211756
0 25 0.1439 -0.199319
1 25 0.139126 -0.210799
0 26 0.113346 -0.198363
1 26 0.108572 -0.211756
0 27 0.152493 -0.197406
1 27 0.147719 -0.208886
0 28 0.162041 -0.197406
1 28 0.159177 -0.208886
0 29 0.11621 -0.19645
1 29 0.110482 -0.209843
0 30 0.163951 -0.195493
1 30 0.159177 -0.206016
0 31 0.128623 -0.194536
1 31 0.124804 -0.206973
0 32 0.160131 -0.194536
1 32 0.155357 -0.206016
0 33 0.160131 -0.191666
1 33 0.156312 -0.203146
0 34 0.190685 -0.191666
1 34 0.18973 -0.201233
0 35 0.120984 -0.18784
1 35 0.118311 -0.200659
0 36 0.197369 -0.18784
1 36 0.198324 -0.19645
0 37 0.135306 -0.185926
1 37 0.131487 -0.197406
0 38 0.157267 -0.185926
1 38 0.152493 -0.197406
0 39 0.187821 -0.185926
1 39 0.187821 -0.195493
0 40 0.132442 -0.18497
1 40 0.128623 -0.197406
0 41 0.188776 -0.183056
1 41 0.188776 -0.191666
0 42 0.131487 -0.1821
1 42 0.128623 -0.194536
0 43 0.187821 -0.180186
1 43 0.187821 -0.188796
0 44 0.145809 -0.17923
1 44 0.141035 -0.189753
0 45 0.149629 -0.178273
1 45 0.144855 -0.189753
0 46 0.153448 -0.178273
1 46 0.148674 -0.188796
0 47 0.16586 -0.174446
1 47 0.162041 -0.184013
0 48 0.222194 -0.171576
1 48 0.22143 -0.177699
0 49 0.225058 -0.171576
1 49 0.224867 -0.178847
0 50 0.162996 -0.17062
1 50 0.160704 -0.181143
0 51 -0.034649 -0.166793
1 51 -0.0308298 -0.1821
0 52 0.214555 -0.166793
1 52 0.212646 -0.17349
0 53 0.151538 -0.162967
1 53 0.148674 -0.172533
0 54 0.154403 -0.16201
1 54 0.151538 -0.172533
0 55 0.158222 -0.16201
1 55 0.155357 -0.171576
0 56 0.179228 -0.161053
1 56 0.178273 -0.169663
0 57 -0.0317846 -0.160097
1 57 -0.0279653 -0.17636
0 58 0.186866 -0.160097
1 58 0.177662 -0.170352
0 59 -0.0289201 -0.15914
1 59 -0.0251009 -0.175403
0 60 0.183047 -0.15914
1 60 0.181137 -0.166793
0 61 0.214555 -0.158183
1 61 0.208827 -0.165836
0 62 -0.246616 -0.157227
1 62 -0.252345 -0.184013
0 63 0.199278 -0.157227
1 63 0.196414 -0.165836
0 64 0.136261 -0.155313
1 64 0.131487 -0.16488
0 65 0.152493 -0.155313
1 65 0.148674 -0.165836
0 66 0.160131 -0.155313
1 66 0.155357 -0.16488
0 67 0.150583 -0.154357
1 67 0.146764 -0.163923
0 68 -0.0222365 -0.1534
1 68 -0.0193721 -0.169663
0 69 0.0188202 -0.151487
1 69 0.0235942 -0.16488
0 70 0.149629 -0.151487
1 70 0.144855 -0.16201
0 71 0.145809 -0.15053
1 71 0.142945 -0.161053
0 72 0.159177 -0.15053
1 72 0.156312 -0.160097
0 73 0.21551 -0.15053
1 73 0.209972 -0.158183
0 74 0.16777 -0.149573
1 74 0.163951 -0.158183
0 75 -0.0107788 -0.148617
1 75 -0.00886922 -0.162967
0 76 0.00354326 -0.14766
1 76 0.00717154 -0.161627
0 77 0.0130913 -0.14766
1 77 0.0186292 -0.160479
0 78 0.125758 -0.14766
1 78 0.121939 -0.157227
0 79 -0.265712 -0.146703
1 79 -0.271441 -0.175403
0 80 -0.00695961 -0.146703
1 80 -0.00409519 -0.161053
0 81 0.00640767 -0.146703
1 81 0.00927209 -0.161053
0 82 0.140081 -0.146703
1 82 0.137216 -0.155313
0 83 -0.00409519 -0.145747
1 83 -0.000275968 -0.15914
0 84 -0.247571 -0.14479
1 84 -0.2533 -0.172533
0 85 -0.0060048 -0.14479
1 85 -0.00409519 -0.15914
0 86 0.153448 -0.14479
1 86 0.150583 -0.154357
0 87 0.206917 -0.14479
1 87 0.201188 -0.152443
0 88 0.138171 -0.143833
1 88 0.135497 -0.153591
0 89 0.162996 -0.143833
1 89 0.159559 -0.152443
0 90 0.0102269 -0.142877
1 90 0.0150009 -0.155313
0 91 -0.246616 -0.14192
1 91 -0.252918 -0.168515
0 92 -0.00409519 -0.14192
1 92 -0.000275968 -0.15627
0 93 0.16777 -0.14192
1 93 0.163951 -0.15053
0 94 0.173499 -0.140007
1 94 0.170634 -0.14766
0 95 0.00545287 -0.138093
1 95 0.00831729 -0.151487
0 96 0.199278 -0.137137
1 96 0.195459 -0.143833
0 97 0.202143 -0.13618
1 97 0.198324 -0.142877
0 98 0.147719 -0.135223
1 98 0.1439 -0.14479
0 99 0.151538 -0.135223
1 99 0.147719 -0.143833
0 100 0.19355 -0.13331
1 100 0.188203 -0.140963
0 101 -0.315362 -0.132353
1 101 -0.32491 -0.16201
0 102 -0.239932 -0.131397
1 102 -0.245661 -0.157227
0 103 0.145809 -0.131397
1 103 0.142945 -0.140963
0 104 0.187821 -0.131397
1 104 0.182092 -0.13905
0 105 -0.243751 -0.13044
1 105 -0.24948 -0.157035
0 106 -0.306769 -0.129484
1 106 -0.315362 -0.15914
0 107 -0.302949 -0.129484
1 107 -0.311543 -0.15914
0 108 -0.264757 -0.129484
1 108 -0.271441 -0.157227
0 109 -0.222746 -0.129484
1 109 -0.228475 -0.155313
0 110 -0.257119 -0.128527
1 110 -0.264757 -0.15627
0 111 -0.0136433 -0.126614
1 111 -0.0107788 -0.140963
0 112 0.124804 -0.126614
1 112 0.125758 -0.135223
0 113 -0.300085 -0.1247
1 113 -0.308678 -0.1534
0 114 -0.279079 -0.123744
1 114 -0.286718 -0.152443
0 115 -0.00791441 -0.123744
1 115 -0.00409519 -0.138093
0 116 -0.308678 -0.122787
1 116 -0.317272 -0.152443
0 117 -0.0107788 -0.12183
1 117 -0.00791441 -0.135223
0 118 -0.0155529 -0.120874
1 118 -0.0126884 -0.135223
0 119 0.204052 -0.11896
1 119 0.205389 -0.124892
0 120 -0.280989 -0.11609
1 120 -0.289582 -0.14479
0 121 -0.30104 -0.115134
1 121 -0.309633 -0.143833
0 122 -0.00695961 -0.115134
1 122 -0.00314039 -0.128527
0 123 -0.242797 -0.114177
1 123 -0.246616 -0.140007
0 124 -0.0126884 -0.114177
1 124 -0.0111607 -0.128336
0 125 -0.285763 -0.11035
1 125 -0.294356 -0.13905
0 126 -0.00791441 -0.11035
1 126 -0.00409519 -0.123744
0 127 -0.297221 -0.109394
1 127 -0.305814 -0.138093
0 128 -0.0193721 -0.109394
1 128 -0.0157438 -0.122596
0 129 -0.00314039 -0.109394
1 129 0.000678838 -0.122787
0 130 0.000678838 -0.109394
1 130 0.00545287 -0.12183
0 131 -0.312497 -0.10748
1 131 -0.321091 -0.137137
0 132 -0.0193721 -0.10748
1 132 -0.0165077 -0.120874
0 133 -0.00505 -0.10748
1 133 -0.00218558 -0.120874
0 134 -0.00791441 -0.106524
1 134 -0.00409519 -0.119917
0 135 0.150583 -0.106524
1 135 0.150392 -0.113412
0 136 -0.306769 -0.105567
1 136 -0.315362 -0.135223
0 137 -0.298175 -0.105567
1 137 -0.306769 -0.134267
0 138 -0.0193721 -0.10461
1 138 -0.0155529 -0.118004
0 139 0.142945 -0.10461
1 139 0.142945 -0.112264
0 140 0.171589 -0.103654
1 140 0.172162 -0.10882
0 141 -0.0212817 -0.10174
1 141 -0.0184173 -0.11609
0 142 -0.25139 -0.0998271
1 142 -0.255209 -0.126614
0 143 0.00831729 -0.0998271
1 143 0.0140461 -0.111307
0 144 0.00449806 -0.0988705
1 144 0.00927209 -0.111307
0 145 -0.0060048 -0.0979138
1 145 -0.00218558 -0.11035
0 146 0.00163364 -0.0979138
1 146 0.00640767 -0.11035
0 147 0.00927209 -0.0969572
1 147 0.0140461 -0.108437
0 148 -0.0251009 -0.0950439
1 148 -0.0222365 -0.108437
0 149 -0.00314039 -0.0950439
1 149 0.000678838 -0.108437
0 150 0.00258845 -0.0950439
1 150 0.00640767 -0.108437
0 151 0.136261 -0.0940872
1 151 0.137789 -0.100784
0 152 0.0130913 -0.0931306
1 152 0.0169105 -0.105567
0 153 -0.2533 -0.0921739
1 153 -0.257119 -0.118004
0 154 -0.0212817 -0.0902606
1 154 -0.0184173 -0.103654
0 155 0.130532 -0.0893039
1 155 0.132442 -0.0960005
0 156 -0.304859 -0.0883473
1 156 -0.309633 -0.118004
0 157 -0.231339 -0.0883473
1 157 -0.234203 -0.11322
0 158 -0.237068 -0.0854773
1 158 -0.238023 -0.109394
0 159 0.0913854 -0.0854773
1 159 0.0942498 -0.0931306
0 160 0.102843 -0.080694
1 160 0.106853 -0.0881559
0 161 0.115256 -0.080694
1 161 0.12003 -0.0883473
0 162 -0.278124 -0.0787807
1 162 -0.283853 -0.105567
0 163 0.0827921 -0.0759107
1 163 0.0856566 -0.083564
0 164 0.0856566 -0.0730408
1 164 0.088521 -0.080694
0 165 0.105707 -0.0720841
1 165 0.108572 -0.0787807
0 166 0.207872 -0.0711274
1 166 0.207872 -0.0739974
0 167 0.210736 -0.0711274
1 167 0.210736 -0.0739974
0 168 -0.278124 -0.0701708
1 168 -0.283853 -0.0973398
0 169 -0.298175 -0.0692141
1 169 -0.305814 -0.0979138
0 170 -0.235158 -0.0682575
1 170 -0.238023 -0.0931306
0 171 -0.274305 -0.0673008
1 171 -0.280034 -0.0940872
0 172 -0.29913 -0.0663442
1 172 -0.305814 -0.0950439
0 173 -0.302949 -0.0634742
1 173 -0.310206 -0.0927479
0 174 0.218375 -0.0606042
1 174 0.21742 -0.0625175
0 175 0.190685 -0.0596476
1 175 0.19164 -0.0640482
0 176 -0.22752 -0.0567776
1 176 -0.231148 -0.08012
0 177 0.223149 -0.0558209
1 177 0.222194 -0.0567776
0 178 0.234606 -0.0558209
1 178 0.234033 -0.0571602
0 179 0.238426 -0.0548643
1 179 0.238616 -0.0548643
0 180 0.248928 -0.0539076
1 180 0.252366 -0.0537163
0 181 -0.214152 -0.0510376
1 181 -0.216062 -0.0739974
0 182 0.249883 -0.0510376
1 182 0.251793 -0.0510376
0 183 -0.292447 -0.0481677
1 183 -0.298175 -0.0749541
0 184 -0.212243 -0.0452977
1 184 -0.215107 -0.0682575
0 185 0.2432 -0.0433844
1 185 0.2432 -0.0433844
0 186 0.250838 -0.0424277
1 186 0.252748 -0.0424277
0 187 -0.289582 -0.0405144
1 187 -0.295311 -0.0682575
0 188 -0.259028 -0.0395578
1 188 -0.264757 -0.0653875
0 189 -0.279079 -0.0357311
1 189 -0.285763 -0.0625175
0 190 0.251793 -0.0328612
1 190 0.252748 -0.0319045
0 191 -0.231339 -0.0309478
1 191 -0.238023 -0.0558209
0 192 -0.220836 -0.0309478
1 192 -0.227711 -0.0548643
0 193 -0.235158 -0.0290345
1 193 -0.240887 -0.052951
0 194 -0.224655 -0.0290345
1 194 -0.231339 -0.052951
0 195 0.255612 -0.0290345
1 195 0.257522 -0.0280779
0 196 -0.238977 -0.0271212
1 196 -0.246616 -0.0519943
0 197 -0.220836 -0.0271212
1 197 -0.228475 -0.050081
0 198 0.249883 -0.0271212
1 198 0.250074 -0.0261646
0 199 -0.267622 -0.0261646
1 199 -0.272396 -0.052951
0 200 -0.236113 -0.0261646
1 200 -0.243751 -0.0510376
0 201 -0.229429 -0.0261646
1 201 -0.237068 -0.050081
0 202 -0.22752 -0.0252079
1 202 -0.235158 -0.050081
0 203 0.246064 -0.0252079
1 203 0.247019 -0.0242513
0 204 -0.232294 -0.0232946
1 204 -0.239932 -0.0481677
0 205 -0.240887 -0.0223379
1 205 -0.248526 -0.047211
0 206 -0.217017 -0.0223379
1 206 -0.223701 -0.0462544
0 207 -0.231339 -0.0213813
1 207 -0.238977 -0.0462544
0 208 -0.267622 -0.019468
1 208 -0.272396 -0.0452977
0 209 -0.238023 -0.0175547
1 209 -0.245661 -0.0424277
0 210 -0.247571 -0.016598
1 210 -0.254254 -0.0414711
0 211 -0.265712 -0.0127714
1 211 -0.271441 -0.0386011
0 212 -0.243751 -0.0108581
1 212 -0.252345 -0.0357311
0 213 -0.239932 -0.0108581
1 213 -0.247571 -0.0357311
0 214 0.273753 0.133597
1 214 0.2432 0.13685
0 215 0.269934 0.137424
1 215 0.242245 0.14125
0 216 0.157267 -0.260354
1 216 0.156121 -0.27413
0 217 0.148101 -0.232802
1 217 0.149247 -0.244282
0 218 0.149247 -0.219027
1 218 0.146955 -0.231654
0 219 0.127477 -0.214435
1 219 0.12404 -0.227062
0 220 0.138935 -0.214435
1 220 0.135497 -0.227062
0 221 0.118311 -0.213287
1 221 0.114874 -0.227062
0 222 0.159559 -0.213287
1 222 0.157267 -0.225915
0 223 0.130914 -0.208695
1 223 0.126331 -0.222471
0 224 0.117165 -0.205251
1 224 0.113728 -0.219027
0 225 0.122894 -0.204103
1 225 0.118311 -0.216731
0 226 0.200806 -0.204103
1 226 0.203098 -0.213287
0 227 0.152684 -0.200659
1 227 0.149247 -0.213287
0 228 0.162996 -0.200659
1 228 0.158413 -0.212139
0 229 0.143518 -0.199511
1 229 0.138935 -0.210991
0 230 0.166433 -0.198363
1 230 0.162996 -0.208695
0 231 0.151538 -0.197215
1 231 0.148101 -0.208695
0 232 0.160704 -0.196067
1 232 0.156121 -0.207547
0 233 0.190494 -0.192623
1 233 0.190494 -0.201807
0 234 0.120602 -0.191475
1 234 0.117165 -0.204103
0 235 0.160704 -0.191475
1 235 0.156121 -0.202955
0 236 0.15383 -0.190327
1 236 0.148101 -0.201807
0 237 0.146955 -0.189179
1 237 0.141035 -0.200276
0 238 0.130914 -0.185735
1 238 0.127477 -0.197215
0 239 0.135497 -0.185735
1 239 0.130914 -0.197215
0 240 0.188203 -0.185735
1 240 0.188203 -0.194919
0 241 0.192786 -0.184587
1 241 0.192786 -0.193771
0 242 0.130914 -0.183439
1 242 0.128623 -0.194919
0 243 0.145809 -0.178847
1 243 0.141226 -0.190327
0 244 0.149247 -0.177699
1 244 0.144664 -0.189179
0 245 0.15383 -0.177699
1 245 0.152684 -0.188031
0 246 0.13206 -0.176551
1 246 0.129769 -0.186883
0 247 -0.0352218 -0.175403
1 247 -0.0306388 -0.191475
0 248 0.165287 -0.174255
1 248 0.16185 -0.183439
0 249 0.197369 -0.173107
1 249 0.196223 -0.181143
0 250 0.164142 -0.167367
1 250 0.16185 -0.176551
0 251 0.22143 -0.167367
1 251 0.22143 -0.174255
0 252 0.195077 -0.166219
1 252 0.193932 -0.174255
0 253 0.214555 -0.166219
1 253 0.21341 -0.174485
0 254 0.151538 -0.162775
1 254 0.148101 -0.173107
0 255 0.165287 -0.162775
1 255 0.16185 -0.171959
0 256 0.154976 -0.161627
1 256 0.151538 -0.171959
0 257 -0.0249099 -0.158183
1 257 -0.0214726 -0.173107
0 258 0.18362 -0.158183
1 258 0.180182 -0.166219
0 259 0.214555 -0.158183
1 259 0.209972 -0.166219
0 260 -0.246043 -0.157035
1 260 -0.251772 -0.183439
0 261 0.15383 -0.155887
1 261 0.149247 -0.165071
0 262 0.159559 -0.155887
1 262 0.154976 -0.165071
0 263 0.150392 -0.154739
1 263 0.145809 -0.163923
0 264 -0.0214726 -0.153591
1 264 -0.0191811 -0.169663
0 265 0.0186292 -0.151295
1 265 0.0232123 -0.165071
0 266 0.160704 -0.151295
1 266 0.156121 -0.160479
0 267 0.22143 -0.151295
1 267 0.216847 -0.158183
0 268 -0.00543191 -0.150147
1 268 -0.00199461 -0.165071
0 269 0.152684 -0.150147
1 269 0.149247 -0.159331
0 270 0.165287 -0.150147
1 270 0.160704 -0.159331
0 271 0.172162 -0.150147
1 271 0.167579 -0.159331
0 272 -0.0260557 -0.148999
1 272 -0.0212817 -0.163923
0 273 0.0106088 -0.148999
1 273 0.0140462 -0.162086
0 274 -0.0111607 -0.147851
1 274 -0.00886919 -0.162775
0 275 0.125186 -0.147851
1 275 0.12129 -0.157954
0 276 -0.265521 -0.146703
1 276 -0.27125 -0.175403
0 277 -0.000848828 -0.146703
1 277 0.00258848 -0.160479
0 278 -0.00886919 -0.145555
1 278 -0.00543191 -0.160479
0 279 -0.00428614 -0.145555
1 279 -0.000848828 -0.159331
0 280 0.138935 -0.144407
1 280 0.136414 -0.153821
0 281 0.15383 -0.144407
1 281 0.150392 -0.153591
0 282 0.184765 -0.144407
1 282 0.180182 -0.152443
0 283 0.206535 -0.144407
1 283 0.200806 -0.152443
0 284 -0.00657766 -0.143259
1 284 -0.00314036 -0.157035
0 285 0.000296922 -0.143259
1 285 0.00258848 -0.157035
0 286 0.149247 -0.143259
1 286 0.145809 -0.152443
0 287 0.19966 -0.143259
1 287 0.193932 -0.151295
0 288 0.173308 -0.139815
1 288 0.16987 -0.147851
0 289 0.196223 -0.139815
1 289 0.193932 -0.147851
0 290 0.198515 -0.137519
1 290 0.195077 -0.144407
0 291 -0.243751 -0.136371
1 291 -0.24948 -0.162775
0 292 -0.0203269 -0.135223
1 292 -0.0157438 -0.150147
0 293 0.146955 -0.135223
1 293 0.143518 -0.144407
0 294 0.151538 -0.135223
1 294 0.148101 -0.144407
0 295 -0.0123065 -0.134075
1 295 -0.00886919 -0.147851
0 296 -0.314789 -0.132927
1 296 -0.323955 -0.162775
0 297 0.141226 -0.131779
1 297 0.138935 -0.140963
0 298 0.146955 -0.131779
1 298 0.143518 -0.140963
0 299 0.187057 -0.131779
1 299 0.181328 -0.139815
0 300 -0.24948 -0.130631
1 300 -0.256813 -0.156576
0 301 -0.303331 -0.129483
1 301 -0.311352 -0.158183
0 302 -0.264375 -0.129483
1 302 -0.272396 -0.157035
0 303 -0.223128 -0.129483
1 303 -0.228856 -0.154739
0 304 -0.257501 -0.128336
1 304 -0.264375 -0.155887
0 305 0.127477 -0.128336
1 305 0.127668 -0.137137
0 306 0.129769 -0.127188
1 306 0.129578 -0.13618
0 307 -0.27927 -0.123744
1 307 -0.286145 -0.152443
0 308 -0.00772344 -0.123744
1 308 -0.00428614 -0.137519
0 309 0.176745 -0.1203
1 309 0.175599 -0.127188
0 310 -0.0226184 -0.119152
1 310 -0.0203269 -0.132927
0 311 0.204243 -0.119152
1 311 0.203785 -0.124892
0 312 -0.0123065 -0.11456
1 312 -0.00886919 -0.129483
0 313 -0.00657766 -0.113412
1 313 -0.00314036 -0.127188
0 314 0.000296922 -0.112264
1 314 0.00304677 -0.126269
0 315 -0.299894 -0.111116
1 315 -0.30906 -0.141423
0 316 -0.287291 -0.111116
1 316 -0.295311 -0.138667
0 317 -0.00314036 -0.109968
1 317 0.000296922 -0.122596
0 318 -0.284999 -0.107672
1 318 -0.293019 -0.135223
0 319 -0.00543191 -0.107672
1 319 -0.00199461 -0.1203
0 320 -0.306769 -0.106524
1 320 -0.315935 -0.136371
0 321 -0.298748 -0.106524
1 321 -0.306769 -0.135223
0 322 -0.312497 -0.104228
1 322 -0.320518 -0.134075
0 323 0.143518 -0.104228
1 323 0.141914 -0.112493
0 324 -0.288436 -0.100784
1 324 -0.297221 -0.129484
0 325 0.00831731 -0.0996358
1 325 0.0129004 -0.112264
0 326 0.00488001 -0.0984878
1 326 0.00946306 -0.111116
0 327 -0.00543191 -0.0973398
1 327 -0.00199461 -0.111116
0 328 0.201952 -0.0973398
1 328 0.201035 -0.101473
0 329 -0.244897 -0.0961918
1 329 -0.248335 -0.121448
0 330 0.00946306 -0.0961918
1 330 0.0129004 -0.10882
0 331 -0.0249099 -0.0950439
1 331 -0.0226184 -0.10882
0 332 0.00258848 -0.0950439
1 332 0.00602576 -0.107672
0 333 0.0129004 -0.0927479
1 333 0.0163377 -0.105376
0 334 -0.252918 -0.0915999
1 334 -0.256355 -0.118004
0 335 -0.0191811 -0.0904519
1 335 -0.0157438 -0.10308
0 336 0.130914 -0.0893039
1 336 0.133206 -0.0961918
0 337 -0.231148 -0.0881559
1 337 -0.234585 -0.113412
0 338 -0.234585 -0.0847119
1 338 -0.240887 -0.109394
0 339 0.0908125 -0.0847119
1 339 0.0942498 -0.0927479
0 340 -0.278124 -0.077824
1 340 -0.283853 -0.105376
0 341 0.0839379 -0.0720841
1 341 0.0862295 -0.08012
0 342 0.207681 -0.0709361
1 342 0.207681 -0.073232
0 343 0.211118 -0.0709361
1 343 0.211118 -0.07438
0 344 -0.298748 -0.0686401
1 344 -0.305623 -0.0973398
0 345 -0.239168 -0.0686401
1 345 -0.239168 -0.0927479
0 346 -0.299894 -0.0651962
1 346 -0.306769 -0.0938959
0 347 -0.278124 -0.0651962
1 347 -0.284999 -0.0927479
0 348 0.245491 -0.0560122
1 348 0.246408 -0.0573898
0 349 0.223722 -0.0548643
1 349 0.222576 -0.0571602
0 350 0.22945 -0.0548643
1 350 0.228534 -0.0573898
0 351 0.238616 -0.0548643
1 351 0.238158 -0.0560122
0 352 0.248928 -0.0548643
1 352 0.251907 -0.0546346
0 353 -0.207087 -0.0491243
1 353 -0.209378 -0.0720841
0 354 -0.21167 -0.0445323
1 354 -0.215107 -0.0674921
0 355 0.2432 -0.0433844
1 355 0.243658 -0.043614
0 356 -0.220836 -0.0399404
1 356 -0.226565 -0.0634742
0 357 0.244345 -0.0387924
1 357 0.245491 -0.0387924
0 358 -0.27927 -0.0353484
1 358 -0.286145 -0.0629002
0 359 -0.225419 -0.0342004
1 359 -0.232294 -0.0583082
0 360 0.25924 -0.0330524
1 360 0.261532 -0.0325933
0 361 -0.265521 -0.0296085
1 361 -0.272396 -0.0560122
0 362 0.258095 -0.0296085
1 362 0.258782 -0.0284605
0 363 0.255803 -0.0284605
1 363 0.258095 -0.0273125
0 364 -0.250626 -0.0227206
1 364 -0.258646 -0.0479763
0 365 -0.232294 -0.0227206
1 365 -0.240314 -0.0479763
0 366 -0.217399 -0.0227206
1 366 -0.223815 -0.0463692
0 367 -0.240314 -0.0215726
1 367 -0.248335 -0.0468283
0 368 -0.267813 -0.0192766
1 368 -0.272396 -0.0456803
0 369 -0.238023 -0.0181286
1 369 -0.246043 -0.0433844
0 370 -0.265521 -0.0123887
1 370 -0.27125 -0.0387924
0 371 0.240908 0.0564906
1 371 0.213601 0.0551513
0 372 0.173537 -0.239231
1 372 0.173537 -0.250252
0 373 0.147413 -0.225455
1 373 0.147413 -0.236476
0 374 0.183161 -0.2227
1 374 0.184536 -0.233721
0 375 0.12679 -0.214435
1 375 0.122665 -0.22821
0 376 0.179037 -0.211679
1 376 0.176287 -0.221323
0 377 0.11579 -0.210302
1 377 0.11304 -0.224078
0 378 0.129539 -0.210302
1 378 0.125415 -0.2227
0 379 0.170787 -0.208924
1 379 0.169412 -0.219945
0 380 0.192786 -0.208924
1 380 0.194161 -0.218567
0 381 0.114415 -0.206169
1 381 0.111666 -0.219945
0 382 0.19966 -0.203414
1 382 0.196911 -0.213057
0 383 0.122665 -0.202036
1 383 0.117165 -0.215812
0 384 0.151538 -0.202036
1 384 0.147413 -0.214435
0 385 0.173537 -0.202036
1 385 0.172162 -0.213057
0 386 0.143289 -0.199281
1 386 0.139164 -0.211679
0 387 0.177662 -0.197904
1 387 0.174912 -0.208924
0 388 0.196911 -0.195148
1 388 0.196911 -0.204792
0 389 0.11854 -0.192393
1 389 0.114415 -0.204792
0 390 0.159788 -0.191016
1 390 0.158413 -0.202036
0 391 0.12129 -0.18826
1 391 0.11854 -0.200659
0 392 0.187286 -0.186883
1 392 0.187286 -0.195148
0 393 0.130914 -0.185505
1 393 0.12679 -0.197904
0 394 0.135039 -0.185505
1 394 0.130914 -0.196526
0 395 0.130914 -0.18275
1 395 0.128165 -0.195148
0 396 0.152913 -0.178617
1 396 0.148788 -0.18826
0 397 0.157038 -0.17724
1 397 0.152913 -0.186883
0 398 0.161163 -0.175862
1 398 0.157863 -0.186883
0 399 0.165287 -0.174485
1 399 0.161163 -0.183577
0 400 0.163912 -0.167597
1 400 0.161163 -0.17724
0 401 0.195536 -0.167597
1 401 0.194161 -0.174485
0 402 0.221659 -0.167597
1 402 0.220284 -0.174485
0 403 0.218909 -0.164842
1 403 0.216159 -0.173107
0 404 0.150163 -0.163464
1 404 0.147413 -0.173107
0 405 0.158413 -0.162086
1 405 0.155663 -0.171729
0 406 0.165287 -0.162086
1 406 0.161163 -0.171729
0 407 -0.248564 -0.160709
1 407 -0.254063 -0.18826
0 408 -0.0285764 -0.159331
1 408 -0.0244516 -0.174485
0 409 -0.0258266 -0.157954
1 409 -0.0217018 -0.173107
0 410 0.152913 -0.156576
1 410 0.148788 -0.166219
0 411 0.158413 -0.155198
1 411 0.154288 -0.164842
0 412 -0.0217018 -0.153821
1 412 -0.018952 -0.168974
0 413 0.161163 -0.152443
1 413 0.157038 -0.160709
0 414 -0.0148272 -0.151066
1 414 -0.0120774 -0.166219
0 415 -0.00657766 -0.151066
1 415 -0.00245289 -0.164842
0 416 0.12404 -0.151066
1 416 0.121748 -0.161627
0 417 0.148788 -0.151066
1 417 0.144664 -0.160709
0 418 0.163912 -0.151066
1 418 0.159788 -0.159331
0 419 0.170787 -0.151066
1 419 0.166662 -0.159331
0 420 0.214785 -0.151066
1 420 0.209285 -0.157954
0 421 0.221659 -0.151066
1 421 0.216159 -0.157954
0 422 0.155663 -0.149688
1 422 0.151538 -0.159331
0 423 -0.0120774 -0.148311
1 423 -0.00932751 -0.163464
0 424 0.00992138 -0.148311
1 424 0.0126713 -0.162086
0 425 -0.266438 -0.146933
1 425 -0.273312 -0.174485
0 426 -0.00932751 -0.145555
1 426 -0.00657766 -0.160709
0 427 -0.00382782 -0.145555
1 427 -0.001078 -0.159331
0 428 0.194161 -0.145555
1 428 0.188661 -0.153821
0 429 0.154288 -0.144178
1 429 0.150163 -0.153821
0 430 0.183161 -0.144178
1 430 0.179037 -0.152443
0 431 0.133664 -0.1428
1 431 0.129539 -0.152443
0 432 -0.247189 -0.140045
1 432 -0.252688 -0.166219
0 433 0.173537 -0.140045
1 433 0.169412 -0.148311
0 434 0.146039 -0.135912
1 434 0.141914 -0.144178
0 435 -0.223815 -0.134535
1 435 -0.228215 -0.160433
0 436 -0.0203269 -0.134535
1 436 -0.0162021 -0.148311
0 437 -0.0134523 -0.134535
1 437 -0.00932751 -0.148311
0 438 0.152913 -0.134535
1 438 0.147413 -0.144178
0 439 -0.265063 -0.130402
1 439 -0.273312 -0.157954
0 440 -0.249939 -0.130402
1 440 -0.256263 -0.157127
0 441 -0.223815 -0.130402
1 441 -0.229315 -0.155198
0 442 -0.0134523 -0.130402
1 442 -0.0107024 -0.144178
0 443 -0.307685 -0.129024
1 443 -0.315935 -0.159331
0 444 -0.303561 -0.127647
1 444 -0.31181 -0.157954
0 445 0.129539 -0.127647
1 445 0.129539 -0.135912
0 446 -0.299436 -0.124892
1 446 -0.30906 -0.153821
0 447 -0.278812 -0.123514
1 447 -0.287061 -0.152443
0 448 -0.0148272 -0.123514
1 448 -0.0120774 -0.13729
0 449 -0.00795259 -0.123514
1 449 -0.00382782 -0.13729
0 450 -0.245814 -0.120759
1 450 -0.251314 -0.146933
0 451 0.177662 -0.120759
1 451 0.174912 -0.127647
0 452 -0.0230767 -0.119381
1 452 -0.0203269 -0.133157
0 453 0.203785 -0.119381
1 453 0.20406 -0.124065
0 454 -0.300811 -0.116626
1 454 -0.30906 -0.146933
0 455 0.000296922 -0.112493
1 455 0.00277182 -0.125718
0 456 -0.303561 -0.109738
1 456 -0.313185 -0.140045
0 457 -0.00382782 -0.109738
1 457 0.000296922 -0.122136
0 458 -0.018952 -0.108361
1 458 -0.0162021 -0.122136
0 459 -0.307685 -0.106983
1 459 -0.313185 -0.135912
0 460 -0.287061 -0.106983
1 460 -0.293936 -0.135912
0 461 -0.00657766 -0.106983
1 461 -0.00547772 -0.120759
0 462 0.150163 -0.106983
1 462 0.150163 -0.113871
0 463 -0.313185 -0.104228
1 463 -0.321434 -0.134535
0 464 -0.018952 -0.104228
1 464 -0.0162021 -0.118004
0 465 -0.289811 -0.101473
1 465 -0.298061 -0.130402
0 466 -0.251314 -0.100095
1 466 -0.255438 -0.126269
0 467 -0.00795259 -0.100095
1 467 -0.00382782 -0.113871
0 468 0.00854646 -0.100095
1 468 0.0126712 -0.112493
0 469 0.000296922 -0.0987174
1 469 0.00442169 -0.111116
0 470 0.00442169 -0.0987174
1 470 0.00854646 -0.111116
0 471 -0.00520274 -0.0973398
1 471 -0.001078 -0.111116
0 472 -0.245814 -0.0959622
1 472 -0.248564 -0.120759
0 473 0.00854646 -0.0959622
1 473 0.0126712 -0.108361
0 474 0.00167184 -0.0945846
1 474 0.00442169 -0.106983
0 475 -0.252688 -0.0918295
1 475 -0.256813 -0.118004
0 476 -0.00932751 -0.0918295
1 476 -0.00520274 -0.104228
0 477 -0.31456 -0.0890743
1 477 -0.321434 -0.118004
0 478 -0.310435 -0.0890743
1 478 -0.31731 -0.118004
0 479 -0.243064 -0.0890743
1 479 -0.247189 -0.115248
0 480 -0.232065 -0.0890743
1 480 -0.234814 -0.113871
0 481 0.0896668 -0.0849416
1 481 0.0935166 -0.092656
0 482 0.0965414 -0.0821864
1 482 0.100116 -0.0910029
0 483 0.227159 -0.0821864
1 483 0.225784 -0.0849416
0 484 -0.303561 -0.0780536
1 484 -0.30906 -0.106983
0 485 0.0965414 -0.0780536
1 485 0.0992912 -0.0863192
0 486 0.214785 -0.0739209
1 486 0.21341 -0.076676
0 487 0.21066 -0.0711657
1 487 0.21066 -0.0739209
0 488 -0.299436 -0.0697881
1 488 -0.30631 -0.0987174
0 489 -0.274687 -0.0684105
1 489 -0.280187 -0.0959622
0 490 -0.237564 -0.0684105
1 490 -0.241689 -0.093207
0 491 -0.300811 -0.0670329
1 491 -0.307685 -0.0945846
0 492 -0.278812 -0.0656553
1 492 -0.285687 -0.093207
0 493 -0.303561 -0.060145
1 493 -0.31071 -0.0893498
0 494 -0.273312 -0.060145
1 494 -0.280187 -0.0863192
0 495 0.218909 -0.060145
1 495 0.217534 -0.0629002
0 496 -0.22794 -0.0573898
1 496 -0.232065 -0.0821864
0 497 0.245033 -0.0573898
1 497 0.246958 -0.0579408
0 498 0.223034 -0.0560122
1 498 0.221659 -0.0573898
0 499 0.225784 -0.0560122
1 499 0.224409 -0.0573898
0 500 0.234033 -0.0560122
1 500 0.233758 -0.0562878
0 501 0.239533 -0.0560122
1 501 0.238708 -0.0562878
0 502 0.249158 -0.0546346
1 502 0.251907 -0.0546346
0 503 -0.234814 -0.0505019
1 503 -0.237564 -0.0752985
0 504 -0.214191 -0.0505019
1 504 -0.215566 -0.0739209
0 505 0.240908 -0.0505019
1 505 0.242008 -0.0513284
0 506 -0.207316 -0.0491243
1 506 -0.210066 -0.0725433
0 507 -0.232065 -0.0477467
1 507 -0.234814 -0.0725433
0 508 0.249158 -0.0463692
1 508 0.251907 -0.0463692
0 509 0.250532 -0.0422364
1 509 0.251907 -0.0422364
0 510 -0.259563 -0.0394812
1 510 -0.265063 -0.0656553
0 511 -0.22519 -0.0339709
1 511 -0.232065 -0.0587674
0 512 -0.266438 -0.0325933
1 512 -0.272396 -0.0594562
0 513 -0.288436 -0.0312157
1 513 -0.295311 -0.0583082
0 514 -0.221065 -0.0312157
1 514 -0.228215 -0.0546346
0 515 -0.238939 -0.0284605
1 515 -0.245814 -0.0532571
0 516 -0.237564 -0.0188174
1 516 -0.245814 -0.043614
0 517 0.203785 -0.0146847
1 517 0.201035 -0.0160623
0 518 -0.266438 -0.0133071
1 518 -0.271937 -0.0394812
0 519 -0.244439 -0.0105519
1 519 -0.252688 -0.0353484
0 520 -0.240314 -0.0105519
1 520 -0.248564 -0.0353484
0 521 0.278031 0.112053
1 521 0.248608 0.113982
0 522 0.262907 0.125829
1 522 0.232659 0.127207
0 523 0.29453 0.131339
1 523 0.268406 0.135472
0 524 0.152913 -0.246395
1 524 0.152913 -0.259619
0 525 0.147963 -0.244741
1 525 0.147963 -0.257966
0 526 0.146314 -0.234823
1 526 0.147963 -0.246395
0 527 0.176012 -0.234823
1 527 0.174362 -0.248048
0 528 0.177662 -0.22821
1 528 0.177662 -0.239782
0 529 0.139714 -0.214986
1 529 0.134764 -0.22821
0 530 0.114965 -0.211679
1 530 0.111666 -0.224904
0 531 0.177662 -0.211679
1 531 0.177662 -0.221598
0 532 0.129814 -0.210026
1 532 0.124865 -0.223251
0 533 0.113315 -0.201761
1 533 0.108366 -0.214986
0 534 0.180962 -0.201761
1 534 0.180962 -0.211349
0 535 0.164462 -0.198455
1 535 0.161163 -0.209365
0 536 0.154563 -0.195148
1 536 0.149613 -0.20672
0 537 0.118265 -0.193495
1 537 0.114965 -0.205067
0 538 0.190861 -0.193495
1 538 0.190861 -0.203414
0 539 0.159513 -0.190189
1 539 0.154563 -0.201761
0 540 0.121565 -0.188536
1 540 0.118265 -0.200108
0 541 0.197461 -0.188536
1 541 0.197461 -0.196802
0 542 0.129814 -0.186883
1 542 0.126515 -0.198455
0 543 0.134764 -0.18523
1 543 0.131464 -0.196802
0 544 0.194161 -0.183577
1 544 0.194161 -0.191842
0 545 0.185911 -0.181924
1 545 0.185911 -0.190189
0 546 0.131464 -0.176964
1 546 0.129814 -0.186883
0 547 0.156213 -0.176964
1 547 0.152913 -0.186883
0 548 0.164462 -0.167046
1 548 0.162813 -0.176964
0 549 0.195811 -0.165393
1 549 0.194161 -0.173658
0 550 0.166112 -0.162086
1 550 0.161163 -0.172005
0 551 0.154563 -0.160433
1 551 0.151263 -0.170352
0 552 -0.0285764 -0.157127
1 552 -0.0252766 -0.172005
0 553 0.182611 -0.155474
1 553 0.179312 -0.163739
0 554 -0.0219768 -0.153821
1 554 -0.018677 -0.168699
0 555 0.0209208 -0.153821
1 555 0.0258705 -0.167046
0 556 0.149613 -0.153821
1 556 0.144664 -0.163739
0 557 0.124865 -0.152168
1 557 0.121565 -0.162086
0 558 0.161163 -0.152168
1 558 0.157863 -0.162086
0 559 -0.00712762 -0.150515
1 559 -0.00382782 -0.165393
0 560 0.154563 -0.150515
1 560 0.151263 -0.160433
0 561 0.164462 -0.150515
1 561 0.161163 -0.15878
0 562 0.171062 -0.150515
1 562 0.166112 -0.15878
0 563 0.21561 -0.150515
1 563 0.21066 -0.157127
0 564 -0.0120773 -0.148862
1 564 -0.00877752 -0.163739
0 565 -0.266163 -0.147208
1 565 -0.272762 -0.175311
0 566 0.195811 -0.145555
1 566 0.190861 -0.153821
0 567 0.141364 -0.143902
1 567 0.136414 -0.153821
0 568 0.154563 -0.143902
1 568 0.151263 -0.153821
0 569 0.182611 -0.143902
1 569 0.179312 -0.152168
0 570 0.19911 -0.143902
1 570 0.194161 -0.152168
0 571 -0.257913 -0.140596
1 571 -0.264513 -0.168699
0 572 0.172712 -0.140596
1 572 0.169412 -0.148862
0 573 0.00442172 -0.138943
1 573 0.00772152 -0.152168
0 574 0.197461 -0.13729
1 574 0.194161 -0.144178
0 575 -0.223265 -0.133984
1 575 -0.22794 -0.159331
0 576 -0.0120773 -0.133984
1 576 -0.00877752 -0.148862
0 577 0.128165 -0.133984
1 577 0.125525 -0.143902
0 578 0.152913 -0.133984
1 578 0.147963 -0.143902
0 579 0.19911 -0.13233
1 579 0.195811 -0.138943
0 580 -0.249664 -0.130677
1 580 -0.256593 -0.157788
0 581 -0.224915 -0.130677
1 581 -0.229865 -0.155474
0 582 0.147963 -0.130677
1 582 0.144664 -0.140596
0 583 0.184261 -0.130677
1 583 0.179312 -0.138943
0 584 -0.266163 -0.129024
1 584 -0.274412 -0.157127
0 585 -0.256263 -0.129024
1 585 -0.262533 -0.155805
0 586 -0.30411 -0.127371
1 586 -0.31236 -0.157127
0 587 0.129814 -0.127371
1 587 0.129814 -0.135637
0 588 -0.299161 -0.124065
1 588 -0.30741 -0.153821
0 589 -0.279362 -0.124065
1 589 -0.287611 -0.152168
0 590 -0.251314 -0.122412
1 590 -0.258573 -0.149853
0 591 -0.0153771 -0.122412
1 591 -0.0120773 -0.13729
0 592 0.176012 -0.120759
1 592 0.174362 -0.127371
0 593 -0.0236267 -0.119106
1 593 -0.0203269 -0.133984
0 594 -0.299161 -0.117453
1 594 -0.30906 -0.147208
0 595 0.134764 -0.117453
1 595 0.133114 -0.125718
0 596 -0.299161 -0.11084
1 596 -0.30906 -0.140596
0 597 -0.285962 -0.11084
1 597 -0.295861 -0.138943
0 598 -0.30906 -0.109187
1 598 -0.31731 -0.138943
0 599 -0.00382782 -0.109187
1 599 0.00112192 -0.122412
0 600 -0.287611 -0.107534
1 600 -0.294211 -0.135637
0 601 -0.31236 -0.104228
1 601 -0.32061 -0.133984
0 602 -0.018677 -0.104228
1 602 -0.0153771 -0.117453
0 603 0.143014 -0.104228
1 603 0.141364 -0.112493
0 604 0.171062 -0.102575
1 604 0.169412 -0.109187
0 605 -0.289261 -0.100921
1 605 -0.297511 -0.130677
0 606 -0.251314 -0.0992684
1 606 -0.254613 -0.125718
0 607 -0.00382782 -0.0976153
1 607 -0.000527985 -0.11084
0 608 0.0918666 -0.0976153
1 608 0.0935166 -0.107534
0 609 0.20406 -0.0976153
1 609 0.20241 -0.102575
0 610 -0.246364 -0.0959622
1 610 -0.249664 -0.120759
0 611 -0.0252766 -0.0959622
1 611 -0.0219768 -0.109187
0 612 0.00937142 -0.0959622
1 612 0.0143212 -0.107534
0 613 -0.000527985 -0.0943091
1 613 0.00442172 -0.105881
0 614 -0.252963 -0.092656
1 614 -0.256263 -0.119106
0 615 -0.00877752 -0.0910029
1 615 -0.00547772 -0.104228
0 616 -0.243064 -0.0893498
1 616 -0.246364 -0.115799
0 617 -0.233165 -0.0893498
1 617 -0.236464 -0.114146
0 618 -0.30576 -0.0876967
1 618 -0.31071 -0.117453
0 619 0.0110213 -0.0876967
1 619 0.0146511 -0.10026
0 620 -0.234814 -0.0860436
1 620 -0.239764 -0.11084
0 621 0.227159 -0.0827374
1 621 0.224519 -0.0863742
0 622 -0.277712 -0.0777781
1 622 -0.284312 -0.104228
0 623 0.105066 -0.0711656
1 623 0.108366 -0.0794312
0 624 -0.274412 -0.0695126
1 624 -0.279362 -0.0959622
0 625 -0.239764 -0.0695126
1 625 -0.243064 -0.0943091
0 626 -0.300811 -0.0678594
1 626 -0.30741 -0.0959622
0 627 -0.279362 -0.0662064
1 627 -0.284312 -0.092656
0 628 0.218909 -0.059594
1 628 0.217259 -0.0629002
0 629 0.225509 -0.0562878
1 629 0.224519 -0.058602
0 630 0.228809 -0.0562878
1 630 0.228809 -0.0579408
0 631 -0.229865 -0.0513284
1 631 -0.233165 -0.076125
0 632 0.250258 -0.0463691
1 632 0.251907 -0.0463691
0 633 -0.259563 -0.0397567
1 633 -0.266163 -0.0645532
0 634 -0.279362 -0.0364505
1 634 -0.285962 -0.0629002
0 635 0.177662 -0.0364505
1 635 0.176012 -0.0397567
0 636 -0.287611 -0.0347974
1 636 -0.292561 -0.061247
0 637 -0.224915 -0.0331443
1 637 -0.231515 -0.0562878
0 638 -0.238114 -0.028185
1 638 -0.246364 -0.0529815
0 639 0.243658 -0.028185
1 639 0.246958 -0.028185
0 640 -0.223265 -0.0265319
1 640 -0.229865 -0.0496753
0 641 -0.218315 -0.0232256
1 641 -0.224915 -0.0463691
0 642 -0.267813 -0.0199194
1 642 -0.272762 -0.0463691
0 643 -0.238114 -0.0199194
1 643 -0.246364 -0.044716
0 644 -0.30411 -0.0166132
1 644 -0.307685 -0.043614
0 645 0.20406 -0.0149602
1 645 0.20076 -0.0166132
0 646 -0.266163 -0.013307
1 646 -0.271112 -0.0397567
0 647 -0.244714 -0.011654
1 647 -0.252963 -0.0364505
0 648 -0.239764 -0.011654
1 648 -0.248014 -0.0364505
0 649 0.263457 0.127207
1 649 0.232439 0.129852
0 650 0.270056 0.132166
1 650 0.243658 0.135472
0 651 0.147303 -0.245072
1 651 0.149283 -0.256974
0 652 0.139384 -0.215316
1 652 0.133444 -0.229202
0 653 0.113645 -0.211349
1 653 0.111666 -0.225235
0 654 0.129485 -0.211349
1 654 0.125525 -0.223251
0 655 0.171062 -0.211349
1 655 0.169082 -0.221267
0 656 0.190861 -0.209365
1 656 0.192841 -0.219284
0 657 0.151263 -0.203414
1 657 0.147303 -0.215316
0 658 0.103746 -0.20143
1 658 0.100116 -0.214986
0 659 0.113645 -0.20143
1 659 0.109686 -0.215316
0 660 0.177002 -0.197463
1 660 0.175022 -0.207381
0 661 0.153243 -0.195479
1 661 0.149283 -0.207381
0 662 0.117605 -0.193495
1 662 0.115625 -0.205398
0 663 0.196801 -0.193495
1 663 0.196801 -0.20143
0 664 0.145324 -0.191512
1 664 0.139384 -0.203414
0 665 0.186901 -0.187544
1 665 0.186901 -0.195479
0 666 0.129485 -0.183577
1 666 0.127505 -0.195479
0 667 0.141364 -0.181593
1 667 0.137404 -0.193495
0 668 0.184921 -0.181593
1 668 0.186901 -0.189528
0 669 0.131464 -0.177626
1 669 0.129485 -0.187544
0 670 0.149283 -0.175642
1 670 0.145324 -0.18556
0 671 0.196801 -0.175642
1 671 0.194821 -0.183577
0 672 0.147303 -0.165723
1 672 0.145324 -0.175642
0 673 0.177002 -0.163739
1 673 0.177002 -0.171674
0 674 0.141364 -0.161756
1 674 0.139384 -0.171674
0 675 0.165122 -0.161756
1 675 0.161163 -0.171674
0 676 0.155223 -0.159772
1 676 0.151263 -0.169691
0 677 0.196801 -0.157788
1 677 0.194821 -0.165723
0 678 0.161163 -0.153821
1 678 0.157203 -0.163739
0 679 -0.017027 -0.151837
1 679 -0.0130672 -0.167707
0 680 0.125525 -0.151837
1 680 0.121565 -0.161756
0 681 0.171062 -0.151837
1 681 0.167102 -0.159772
0 682 -0.0051477 -0.145886
1 682 -0.00118794 -0.159772
0 683 0.0106914 -0.145886
1 683 0.0162351 -0.159772
0 684 0.155223 -0.143902
1 684 0.151263 -0.153821
0 685 0.171062 -0.141918
1 685 0.169082 -0.149853
0 686 -0.248674 -0.139935
1 686 -0.256989 -0.166913
0 687 -0.236794 -0.139935
1 687 -0.242734 -0.166913
0 688 -0.244714 -0.135967
1 688 -0.252237 -0.162152
0 689 -0.0209868 -0.133984
1 689 -0.017027 -0.14787
0 690 -0.0110874 -0.133984
1 690 -0.00910749 -0.14787
0 691 0.182941 -0.132
1 691 0.178982 -0.139935
0 692 -0.266493 -0.130016
1 692 -0.274412 -0.157788
0 693 -0.224915 -0.130016
1 693 -0.228875 -0.155805
0 694 0.129485 -0.128032
1 694 0.129485 -0.135967
0 695 0.165122 -0.126049
1 695 0.162813 -0.133984
0 696 -0.0150471 -0.124065
1 696 -0.0110874 -0.137951
0 697 -0.280352 -0.122081
1 697 -0.288271 -0.151837
0 698 -0.238774 -0.122081
1 698 -0.24511 -0.14787
0 699 -0.00712759 -0.122081
1 699 -0.0051477 -0.135967
0 700 -0.298171 -0.118114
1 700 -0.30807 -0.14787
0 701 -0.240754 -0.114146
1 701 -0.244714 -0.139935
0 702 0.139384 -0.106211
1 702 0.139384 -0.114146
0 703 -0.0190069 -0.104228
1 703 -0.017027 -0.118114
0 704 0.169082 -0.104228
1 704 0.169082 -0.110179
0 705 -0.00910749 -0.0982766
1 705 -0.0051477 -0.112163
0 706 -0.00316783 -0.0982766
1 706 0.000791953 -0.112163
0 707 -0.321929 -0.0943091
1 707 -0.329849 -0.124065
0 708 -0.0368259 -0.0923254
1 708 -0.034846 -0.106211
0 709 -0.31599 -0.0903416
1 709 -0.321929 -0.120097
0 710 -0.242734 -0.0903416
1 710 -0.246694 -0.11613
0 711 0.133444 -0.0903416
1 711 0.133444 -0.0982766
0 712 -0.30609 -0.0883579
1 712 -0.31203 -0.118114
0 713 -0.30411 -0.0784393
1 713 -0.31005 -0.106211
0 714 0.0839471 -0.0724881
1 714 0.085927 -0.080423
0 715 0.226499 -0.0724881
1 715 0.225311 -0.0740751
0 716 -0.274412 -0.0705044
1 716 -0.280352 -0.0982766
0 717 -0.240754 -0.0705044
1 717 -0.244714 -0.0962928
0 718 0.113645 -0.0705044
1 718 0.117605 -0.0764556
0 719 -0.302131 -0.0685207
1 719 -0.30807 -0.0962928
0 720 -0.278372 -0.066537
1 720 -0.284312 -0.0943091
0 721 -0.30411 -0.0625695
1 721 -0.31005 -0.0903416
0 722 0.218579 -0.0605858
1 722 0.218579 -0.0625695
0 723 -0.230855 -0.058602
1 723 -0.234814 -0.0824068
0 724 0.186901 -0.058602
1 724 0.186901 -0.0625695
0 725 0.238378 -0.0566183
1 725 0.240358 -0.058602
0 726 -0.226895 -0.0526509
1 726 -0.232835 -0.0764556
0 727 -0.232835 -0.0466997
1 727 -0.236794 -0.0705044
0 728 0.246298 -0.0466997
1 728 0.248278 -0.0466997
0 729 0.244318 -0.0387648
1 729 0.246298 -0.0387648
0 730 -0.280352 -0.0367811
1 730 -0.286291 -0.0645532
0 731 -0.224915 -0.0328136
1 731 -0.232835 -0.0566183
0 732 -0.272432 -0.0288462
1 732 -0.278372 -0.0566183
0 733 -0.250654 -0.022895
1 733 -0.258573 -0.0486834
0 734 -0.218975 -0.022895
1 734 -0.224915 -0.0466997
0 735 -0.30411 -0.0169438
1 735 -0.30807 -0.044716
0 736 0.146908 -0.245469
1 736 0.149283 -0.257371
0 737 0.18017 -0.245469
1 737 0.182546 -0.257371
0 738 0.13978 -0.216903
1 738 0.135028 -0.228806
0 739 0.182546 -0.214523
1 739 0.18017 -0.224045
0 740 0.192049 -0.209762
1 740 0.192049 -0.219284
0 741 0.106518 -0.20262
1 741 0.101766 -0.216903
0 742 0.151659 -0.20262
1 742 0.146908 -0.214523
0 743 0.192049 -0.197859
1 743 0.192049 -0.207381
0 744 0.113645 -0.195479
1 744 0.113645 -0.207381
0 745 0.154035 -0.195479
1 745 0.149283 -0.207381
0 746 0.189673 -0.193099
1 746 0.189673 -0.20262
0 747 0.196801 -0.190718
1 747 0.196801 -0.20024
0 748 0.187297 -0.188338
1 748 0.187297 -0.197859
0 749 0.127901 -0.183577
1 749 0.127901 -0.195479
0 750 0.184921 -0.181196
1 750 0.184921 -0.190718
0 751 0.149283 -0.176435
1 751 0.146908 -0.185957
0 752 0.165914 -0.169294
1 752 0.163539 -0.178816
0 753 0.196801 -0.166913
1 753 0.194425 -0.174055
0 754 0.218183 -0.166913
1 754 0.218183 -0.174055
0 755 0.13978 -0.162152
1 755 0.137404 -0.171674
0 756 0.18017 -0.157391
1 756 0.177794 -0.164533
0 757 -0.00989941 -0.152631
1 757 -0.00752352 -0.166913
0 758 0.125525 -0.152631
1 758 0.123149 -0.162152
0 759 0.154035 -0.152631
1 759 0.149283 -0.162152
0 760 0.170666 -0.152631
1 760 0.163063 -0.163105
0 761 0.146908 -0.15025
1 761 0.142156 -0.159772
0 762 0.218183 -0.15025
1 762 0.21066 -0.157788
0 763 -0.00277181 -0.14787
1 763 -0.00039593 -0.162152
0 764 -0.226103 -0.143109
1 764 -0.230855 -0.169294
0 765 0.206304 -0.143109
1 765 0.201552 -0.15025
0 766 0.130277 -0.140728
1 766 0.125525 -0.15025
0 767 0.173042 -0.140728
1 767 0.168766 -0.148822
0 768 0.196801 -0.138348
1 768 0.192049 -0.145489
0 769 -0.00989941 -0.133587
1 769 -0.00752352 -0.14787
0 770 -0.226103 -0.131206
1 770 -0.230855 -0.157391
0 771 -0.0194029 -0.131206
1 771 -0.017027 -0.145489
0 772 0.135028 -0.131206
1 772 0.135028 -0.140728
0 773 0.149283 -0.131206
1 773 0.144532 -0.140728
0 774 0.201552 -0.126445
1 774 0.200127 -0.131682
0 775 -0.287875 -0.124065
1 775 -0.295003 -0.152631
0 776 -0.240358 -0.114543
1 776 -0.24511 -0.140728
0 777 -0.0122753 -0.107402
1 777 -0.00752352 -0.121684
0 778 -0.00039593 -0.107402
1 778 0.00435578 -0.119304
0 779 0.137404 -0.107402
1 779 0.137404 -0.114543
0 780 -0.311634 -0.105021
1 780 -0.318762 -0.133587
0 781 -0.0194029 -0.105021
1 781 -0.017027 -0.119304
0 782 -0.290251 -0.102641
1 782 -0.299755 -0.131206
0 783 0.170666 -0.102641
1 783 0.16829 -0.109782
0 784 -0.00277181 -0.10026
1 784 0.00197992 -0.112163
0 785 -0.249862 -0.0978797
1 785 -0.254613 -0.124065
0 786 -0.0289063 -0.0978797
1 786 -0.0265304 -0.112163
0 787 0.0970145 -0.0978797
1 787 0.0970145 -0.107402
0 788 -0.0217787 -0.0954992
1 788 -0.0194029 -0.109782
0 789 -0.252237 -0.0931188
1 789 -0.256989 -0.119304
0 790 0.125525 -0.0931188
1 790 0.127901 -0.10026
0 791 0.135028 -0.0907383
1 791 0.137404 -0.0974036
0 792 -0.306882 -0.0883578
1 792 -0.31401 -0.116923
0 793 -0.235606 -0.0883578
1 793 -0.240358 -0.114543
0 794 0.106518 -0.0835969
1 794 0.108894 -0.0907383
0 795 -0.304506 -0.078836
1 795 -0.309258 -0.107402
0 796 -0.27362 -0.0716946
1 796 -0.278372 -0.0978797
0 797 0.113645 -0.0716946
1 797 0.116021 -0.078836
0 798 0.213432 -0.0716946
1 798 0.213432 -0.0740751
0 799 -0.302131 -0.0693141
1 799 -0.309258 -0.0978797
0 800 -0.278372 -0.0669337
1 800 -0.2855 -0.0954992
0 801 -0.230855 -0.0597922
1 801 -0.235606 -0.0835969
0 802 -0.302131 -0.0550313
1 802 -0.306882 -0.0835969
0 803 0.244318 -0.0550313
1 803 0.248595 -0.0545552
0 804 -0.228479 -0.0526508
1 804 -0.233231 -0.0764555
0 805 -0.261741 -0.038368
1 805 -0.268868 -0.0645532
0 806 0.244318 -0.038368
1 806 0.244318 -0.038368
0 807 -0.226103 -0.0336071
1 807 -0.233231 -0.0574118
0 808 0.241942 -0.0288461
1 808 0.244318 -0.0288462
0 809 -0.252237 -0.0240852
1 809 -0.259365 -0.0502703
0 810 -0.237982 -0.0240852
1 810 -0.24511 -0.0478899
0 811 -0.218975 -0.0240852
1 811 -0.226103 -0.0478899
0 812 0.241942 0.0235242
1 812 0.213432 0.0211437
0 813 0.27758 0.109221
1 813 0.24907 0.111602
0 814 0.294211 0.140167
1 814 0.268077 0.144928
0 815 0.183021 -0.223092
1 815 0.183021 -0.234519
0 816 0.140255 -0.217379
1 816 0.137404 -0.228806
0 817 0.151659 -0.203096
1 817 0.148808 -0.214523
0 818 0.114596 -0.194527
1 818 0.114596 -0.205953
0 819 0.15451 -0.194527
1 819 0.148808 -0.205953
0 820 0.197276 -0.19167
1 820 0.197276 -0.20024
0 821 0.123149 -0.188814
1 821 0.120298 -0.20024
0 822 0.128851 -0.183101
1 822 0.12486 -0.195669
0 823 0.197276 -0.183101
1 823 0.197276 -0.19167
0 824 0.0262137 -0.177387
1 824 0.0319158 -0.19167
0 825 0.151659 -0.174531
1 825 0.148808 -0.185957
0 826 0.165915 -0.174531
1 826 0.159072 -0.185386
0 827 0.197276 -0.174531
1 827 0.194425 -0.183101
0 828 0.177319 -0.165961
1 828 0.177319 -0.174531
0 829 0.197276 -0.165961
1 829 0.194425 -0.174531
0 830 0.18017 -0.157391
1 830 0.177319 -0.165961
0 831 0.197276 -0.157391
1 831 0.194425 -0.165961
0 832 0.0148096 -0.154535
1 832 0.0188011 -0.168246
0 833 -0.0108497 -0.151678
1 833 -0.00799868 -0.165961
0 834 -0.00514767 -0.145965
1 834 -0.00229663 -0.160248
0 835 0.00340546 -0.145965
1 835 0.0062565 -0.160248
0 836 0.197276 -0.145965
1 836 0.191574 -0.154535
0 837 -0.224677 -0.143109
1 837 -0.230379 -0.168818
0 838 0.157361 -0.143109
1 838 0.15451 -0.151678
0 839 -0.250337 -0.137395
1 839 -0.25889 -0.165961
0 840 0.197276 -0.137395
1 840 0.191574 -0.145965
0 841 -0.224677 -0.131682
1 841 -0.230379 -0.157391
0 842 -0.00799868 -0.131682
1 842 -0.00514767 -0.145965
0 843 0.151659 -0.131682
1 843 0.145957 -0.140252
0 844 0.200127 -0.131682
1 844 0.197276 -0.137395
0 845 0.137404 -0.128826
1 845 0.134553 -0.137395
0 846 -0.0137008 -0.125969
1 846 -0.00799868 -0.140252
0 847 -0.238933 -0.123113
1 847 -0.241784 -0.148822
0 848 0.171617 -0.123113
1 848 0.169336 -0.13054
0 849 0.20868 -0.120256
1 849 0.20868 -0.125969
0 850 -0.295953 -0.1174
1 850 -0.306882 -0.14787
0 851 -0.238933 -0.114543
1 851 -0.241784 -0.140252
0 852 -0.00514767 -0.114543
1 852 0.00169483 -0.127112
0 853 -0.0165518 -0.10883
1 853 -0.0137008 -0.123113
0 854 -0.2874 -0.105973
1 854 -0.295953 -0.134539
0 855 0.168766 -0.103117
1 855 0.168766 -0.10883
0 856 -0.250337 -0.0974036
1 856 -0.253188 -0.123113
0 857 0.0974897 -0.0974036
1 857 0.0974897 -0.105973
0 858 -0.0222539 -0.0945471
1 858 -0.0194028 -0.10883
0 859 -0.315911 -0.0916905
1 859 -0.321613 -0.120256
0 860 0.220084 -0.0916905
1 860 0.220084 -0.0945471
0 861 0.225786 -0.0831208
1 861 0.225786 -0.0859773
0 862 -0.244635 -0.0716946
1 862 -0.247486 -0.0974036
0 863 -0.301655 -0.068838
1 863 -0.310209 -0.0974036
0 864 0.20868 -0.0659814
1 864 0.20868 -0.068838
0 865 0.242892 -0.0631249
1 865 0.242892 -0.0631249
0 866 -0.304506 -0.0545552
1 866 -0.307357 -0.0831208
0 867 0.231488 -0.0545552
1 867 0.231488 -0.0574118
0 868 -0.213273 -0.0516986
1 868 -0.216124 -0.0745511
0 869 -0.261741 -0.0374158
1 869 -0.270294 -0.0631249
0 870 0.177319 -0.0374158
1 870 0.177319 -0.0402723
0 871 0.242892 -0.0288461
1 871 0.244318 -0.0288461
0 872 -0.238933 -0.023133
1 872 -0.244635 -0.0488421
0 873 -0.218975 -0.023133
1 873 -0.224677 -0.0459855
0 874 0.334126 0.0254286
1 874 0.311317 0.0282851
0 875 0.225786 0.136835
1 875 0.194425 0.136835
0 876 0.114596 -0.216237
1 876 0.111175 -0.229948
0 877 0.183021 -0.216237
1 877 0.183021 -0.22652
0 878 0.111175 -0.209381
1 878 0.107753 -0.223092
0 879 0.196706 -0.205953
1 879 0.196706 -0.216237
0 880 0.111175 -0.202525
1 880 0.104332 -0.216237
0 881 0.0256435 -0.17853
1 881 0.0290648 -0.192242
0 882 0.0256435 -0.171674
1 882 0.032486 -0.185386
0 883 0.148808 -0.168246
1 883 0.145387 -0.17853
0 884 0.0256435 -0.164819
1 884 0.0290648 -0.17853
0 885 0.135123 -0.164819
1 885 0.135123 -0.175102
0 886 0.148808 -0.154535
1 886 0.145387 -0.164819
0 887 0.217233 -0.151107
1 887 0.210391 -0.157963
0 888 -0.00514764 -0.147679
1 888 -0.00172639 -0.161391
0 889 0.138545 -0.144251
1 889 0.135123 -0.154535
0 890 0.00169483 -0.140823
1 890 0.00511609 -0.154535
0 891 -0.31306 -0.13054
1 891 -0.319902 -0.161391
0 892 -0.251477 -0.13054
1 892 -0.25832 -0.157963
0 893 -0.0222539 -0.13054
1 893 -0.0188326 -0.144251
0 894 -0.0222539 -0.123684
1 894 -0.0188326 -0.137395
0 895 0.00169483 -0.123684
1 895 0.00853734 -0.137395
0 896 -0.309638 -0.106545
1 896 -0.319902 -0.137395
0 897 -0.00172639 -0.106545
1 897 0.00169483 -0.120256
0 898 0.107753 -0.103117
1 898 0.104332 -0.1134
0 899 -0.0325176 -0.096261
1 899 -0.0290963 -0.109972
0 900 -0.0188326 -0.096261
1 900 -0.0188326 -0.109972
0 901 -0.316481 -0.0928331
1 901 -0.323323 -0.123684
0 902 0.135123 -0.0928331
1 902 0.138545 -0.0996889
0 903 0.220654 -0.0928331
1 903 0.217233 -0.096261
0 904 -0.248056 -0.0756937
1 904 -0.248056 -0.0996889
0 905 -0.302796 -0.0722659
1 905 -0.309638 -0.0996889
0 906 0.206969 -0.0654101
1 906 0.206969 -0.068838
0 907 -0.306217 -0.0619822
1 907 -0.309638 -0.0894052
0 908 -0.234371 -0.0585543
1 908 -0.241213 -0.0825495
0 909 -0.302796 -0.0551265
1 909 -0.306217 -0.0825495
0 910 -0.210422 -0.0516986
1 910 -0.213843 -0.0756937
0 911 -0.306217 -0.0448428
1 911 -0.309638 -0.0722659
0 912 -0.292532 -0.0379871
1 912 -0.299375 -0.0654101
0 913 0.179599 -0.0379871
1 913 0.176178 -0.041415
0 914 -0.237792 -0.0277035
1 914 -0.244635 -0.0516986
0 915 -0.306217 -0.0242756
1 915 -0.309638 -0.0516986
0 916 -0.220686 -0.0242756
1 916 -0.227528 -0.0482707
0 917 -0.302796 -0.0174198
1 917 -0.306217 -0.0448428
0 918 -0.237792 -0.0139919
1 918 -0.244635 -0.0379871
0 919 0.224076 0.129979
1 919 0.196706 0.129979
0 920 0.285658 0.129979
1 920 0.261709 0.133407
0 921 0.163951 -0.250979
2 921 0.19164 -0.207547
2 0 0.192595 -0.206016
0 922 0.179228 -0.226106
2 922 0.205962 -0.181143
0 923 0.119075 -0.220366
2 923 0.142945 -0.181143
2 5 0.175408 -0.17636
0 924 0.122894 -0.213669
2 924 0.145809 -0.174446
0 925 0.139126 -0.213669
2 925 0.162996 -0.173107
2 7 0.14199 -0.174446
0 926 0.123849 -0.210799
2 926 0.146764 -0.171576
2 8 0.187821 -0.166793
2 9 0.203098 -0.165071
0 927 0.170634 -0.206973
2 927 0.193932 -0.162775
2 12 0.203098 -0.161053
2 14 0.206535 -0.160479
2 15 0.144855 -0.163923
0 928 0.150583 -0.203146
2 928 0.173499 -0.161053
0 929 0.109527 -0.200276
2 929 0.131487 -0.16201
0 930 0.119075 -0.200276
2 930 0.141035 -0.161053
2 24 0.184002 -0.157227
2 25 0.164905 -0.157227
2 26 0.135306 -0.160097
2 27 0.173499 -0.155313
2 30 0.184002 -0.151487
2 31 0.150583 -0.154357
2 33 0.180182 -0.148617
2 34 0.21742 -0.14479
2 37 0.157267 -0.14479
2 39 0.213601 -0.13905
0 931 0.192595 -0.184013
2 931 0.219329 -0.13618
2 44 0.16586 -0.137137
2 45 0.172544 -0.135223
2 47 0.186866 -0.129484
0 932 0.197369 -0.17349
2 932 0.220284 -0.125657
2 51 0.00373423 -0.142111
2 52 0.236516 -0.117047
2 53 0.173499 -0.11896
2 54 0.176363 -0.11896
2 55 0.180182 -0.118004
2 56 0.201188 -0.114177
0 933 0.156312 -0.15914
2 933 0.176363 -0.115134
2 60 0.204052 -0.111307
0 934 -0.0308298 -0.15627
2 934 0.00640767 -0.13044
2 65 0.173499 -0.112264
2 66 0.180182 -0.11035
2 67 0.170634 -0.111307
2 68 0.0140461 -0.12757
0 935 -0.0260557 -0.151487
2 935 0.00946306 -0.12604
0 936 -0.0126884 -0.15053
2 936 0.0226394 -0.122787
2 72 0.179228 -0.105567
0 937 0.164905 -0.15053
2 937 0.184002 -0.105567
0 938 0.171589 -0.15053
2 938 0.19164 -0.10461
2 73 0.230787 -0.100784
2 75 0.024549 -0.120874
2 76 0.0388711 -0.11896
2 77 0.0507107 -0.116856
2 78 0.146764 -0.106524
2 79 -0.234203 -0.14766
0 939 -0.000275968 -0.146703
2 939 0.0350519 -0.118004
2 81 0.0426903 -0.116856
2 83 0.0312326 -0.11609
2 86 0.175408 -0.10174
0 940 0.184002 -0.14479
2 940 0.202143 -0.0969572
2 87 0.22143 -0.0950439
0 941 0.000678838 -0.143833
2 941 0.0360067 -0.115134
2 89 0.18362 -0.0984878
2 90 0.0474643 -0.112264
2 92 0.0312326 -0.11322
2 93 0.186866 -0.0960005
2 96 0.21742 -0.0873906
2 98 0.16777 -0.0921739
2 99 0.171589 -0.0912172
0 942 -0.0117336 -0.13331
2 942 0.0226394 -0.105567
2 104 0.204052 -0.083564
2 107 -0.27526 -0.13331
2 108 -0.237068 -0.13044
2 111 0.0207298 -0.0998271
2 113 -0.272396 -0.128527
0 943 -0.24948 -0.1247
2 943 -0.218545 -0.123744
2 114 -0.252345 -0.125657
2 115 0.0283682 -0.0960005
2 117 0.024549 -0.0940872
2 118 0.0188202 -0.0931306
2 119 0.227923 -0.0682575
2 120 -0.255209 -0.118004
2 122 0.0274134 -0.086434
2 123 -0.210333 -0.112264
2 124 0.0207298 -0.086434
0 944 -0.281944 -0.11322
2 944 -0.256164 -0.115134
0 945 -0.00695961 -0.112264
2 945 0.0283682 -0.0845206
0 946 0.000678838 -0.111307
2 946 0.0350519 -0.0816507
2 125 -0.259983 -0.11322
2 126 0.0264586 -0.0826073
2 128 0.0150009 -0.0826073
2 129 0.0312326 -0.080694
2 130 0.0369615 -0.0797374
2 133 0.029323 -0.0787807
2 134 0.0264586 -0.0787807
2 135 0.174454 -0.0615609
2 137 -0.269531 -0.109394
2 138 0.0150009 -0.0768674
2 139 0.166815 -0.0606042
2 140 0.195459 -0.0558209
2 141 0.0121365 -0.0749541
0 947 -0.0251009 -0.100784
2 947 0.00927209 -0.0739974
2 146 0.0369615 -0.0682575
0 948 0.00545287 -0.0969572
2 948 0.0398259 -0.0663442
2 147 0.0445999 -0.0663442
2 148 0.00831729 -0.0682575
2 149 0.0312326 -0.0653875
2 150 0.0369615 -0.0663442
2 151 0.162996 -0.050081
2 152 0.0465095 -0.0615609
2 153 -0.222746 -0.0921739
0 949 -0.0193721 -0.0921739
2 949 0.0140461 -0.0644308
2 154 0.0111817 -0.0634742
2 158 -0.204604 -0.0826073
2 162 -0.250435 -0.080694
0 950 0.0827921 -0.0739974
2 950 0.112391 -0.0357311
0 951 0.0904306 -0.0720841
2 951 0.119075 -0.0328612
0 952 0.0847018 -0.0711274
2 952 0.113346 -0.0319045
2 166 0.229832 -0.0185113
2 168 -0.25139 -0.0739974
2 169 -0.271441 -0.0749541
2 170 -0.206514 -0.0663442
2 171 -0.248526 -0.0701708
2 172 -0.27335 -0.0711274
2 175 0.214555 -0.0099014
0 953 -0.298175 -0.0567776
2 953 -0.270104 -0.0617522
2 176 -0.200785 -0.0539076
2 177 0.244154 -0.000334827
2 178 0.255803 0.000239202
2 179 0.260386 0.00253514
0 954 -0.205559 -0.050081
2 954 -0.176915 -0.044341
2 184 -0.184554 -0.0405144
2 185 0.26516 0.014015
2 189 -0.254254 -0.0405144
2 190 0.273906 0.0266429
2 191 -0.209378 -0.0309478
2 194 -0.20365 -0.0261646
2 196 -0.217972 -0.0271212
2 197 -0.19983 -0.0242513
2 198 0.271844 0.0321915
2 200 -0.215107 -0.0252079
2 201 -0.209378 -0.0242513
2 202 -0.205559 -0.0232946
2 203 0.268979 0.0331482
0 955 -0.216062 -0.0242513
2 955 -0.195056 -0.0204246
2 204 -0.211288 -0.0232946
2 205 -0.220836 -0.0223379
2 208 -0.241842 -0.0223379
2 211 -0.241842 -0.0156413
2 213 -0.219881 -0.0108581
0 956 0.249883 0.0647178
2 956 0.221239 0.125944
0 957 0.261341 0.0943742
2 957 0.230787 0.15847
0 958 0.258476 0.0953309
2 958 0.228877 0.159427
0 959 0.262296 0.14125
2 959 0.228877 0.208216
0 960 0.270889 0.145077
2 960 0.23938 0.213
2 219 0.150392 -0.174255
2 222 0.184002 -0.17062
2 223 0.152684 -0.169663
0 961 0.171016 -0.207547
2 961 0.196223 -0.162775
2 224 0.141226 -0.167367
0 962 0.122894 -0.201807
2 962 0.144664 -0.162775
0 963 0.174454 -0.201807
2 963 0.197369 -0.157035
2 228 0.18362 -0.157035
2 229 0.164142 -0.158183
2 230 0.188203 -0.154739
2 233 0.217534 -0.145555
2 235 0.180182 -0.147851
2 242 0.154976 -0.142111
0 964 0.187057 -0.181143
2 964 0.21341 -0.134075
2 243 0.165287 -0.137519
2 245 0.177891 -0.134075
0 965 0.157267 -0.176551
2 965 0.182474 -0.131779
2 248 0.187057 -0.129483
2 249 0.220284 -0.124892
2 250 0.187057 -0.122596
2 252 0.217993 -0.119152
2 254 0.173308 -0.119152
2 255 0.185911 -0.118004
2 256 0.176745 -0.118004
0 966 0.159559 -0.161627
2 966 0.180182 -0.118004
0 967 -0.24948 -0.160479
2 967 -0.218545 -0.159331
0 968 -0.0317845 -0.160479
2 968 0.00602576 -0.135223
0 969 -0.0283473 -0.159331
2 969 0.00831729 -0.13331
2 258 0.204243 -0.111116
2 259 0.231742 -0.10882
2 261 0.173308 -0.112264
2 262 0.179037 -0.111116
0 970 0.18362 -0.154739
2 970 0.205007 -0.10748
2 264 0.0140462 -0.127188
2 265 0.0564395 -0.1203
0 971 0.149247 -0.151295
2 971 0.170634 -0.108437
2 266 0.179037 -0.106524
2 269 0.175599 -0.106524
2 270 0.18362 -0.105376
2 271 0.19164 -0.104228
2 274 0.024358 -0.1203
2 277 0.0335242 -0.118004
0 972 0.168725 -0.146703
2 972 0.183161 -0.10285
2 278 0.0266496 -0.118004
2 279 0.0312327 -0.116856
2 280 0.159788 -0.101473
2 281 0.174454 -0.0996358
2 285 0.0358157 -0.11456
2 286 0.16987 -0.0996358
2 288 0.192786 -0.0938959
2 292 0.0163377 -0.107672
2 293 0.167579 -0.0915999
2 294 0.172162 -0.0904519
2 295 0.0232123 -0.105376
0 973 0.193932 -0.134075
2 973 0.21066 -0.0849416
2 297 0.162996 -0.0881559
2 298 0.16586 -0.0883473
2 299 0.204243 -0.083564
2 302 -0.238023 -0.129483
2 307 -0.251772 -0.12604
2 308 0.0277953 -0.0950439
2 310 0.0117546 -0.0915999
0 974 -0.30104 -0.116856
2 974 -0.274687 -0.122596
2 313 0.0277953 -0.0847119
2 314 0.0358157 -0.082416
2 315 -0.27335 -0.11609
2 316 -0.260938 -0.113412
2 317 0.0312327 -0.081268
2 318 -0.259028 -0.11035
2 319 0.0289411 -0.078972
2 320 -0.280989 -0.112264
2 321 -0.272396 -0.111116
0 975 -0.00772344 -0.106524
2 975 0.0266496 -0.078972
0 976 -0.0191811 -0.104228
2 976 0.0151919 -0.076676
2 324 -0.262848 -0.10461
0 977 0.0014427 -0.0984878
2 977 0.0369615 -0.0686401
2 329 -0.213962 -0.0950439
2 330 0.0438361 -0.0663442
2 331 0.00831731 -0.0686401
2 332 0.0369615 -0.0663442
2 335 0.0140462 -0.0629002
0 978 -0.310206 -0.0893039
2 978 -0.282708 -0.0950439
2 337 -0.20174 -0.0854773
2 341 0.113728 -0.0330524
0 979 -0.273541 -0.0674921
2 979 -0.247189 -0.0709361
2 346 -0.273541 -0.0709361
2 347 -0.252918 -0.0686401
2 348 0.269781 0.000468791
2 349 0.244345 0.000239202
2 350 0.250074 0.000239202
0 980 0.235179 -0.0548643
2 980 0.254657 0.000468791
2 351 0.260157 0.00184638
2 353 -0.177297 -0.0445323
2 355 0.265657 0.0142447
2 356 -0.196775 -0.0364964
2 358 -0.255209 -0.0399404
0 981 0.176745 -0.0353484
2 981 0.196911 0.0142447
2 359 -0.203191 -0.0325933
2 361 -0.241689 -0.0325933
0 982 -0.238023 -0.0284605
2 982 -0.217399 -0.0273125
2 363 0.278031 0.0307757
0 983 0.246637 -0.0250166
2 983 0.268406 0.0335309
2 364 -0.228475 -0.0232946
2 365 -0.210066 -0.0215726
2 366 -0.195629 -0.0204246
2 367 -0.220836 -0.0215726
2 370 -0.242606 -0.0158326
0 984 -0.239168 -0.0112407
2 984 -0.21969 -0.0112407
0 985 0.267261 0.0760064
2 985 0.232888 0.139146
0 986 0.270698 0.0760064
2 986 0.237471 0.14125
0 987 0.279864 0.0828943
2 987 0.246064 0.147947
0 988 0.274135 0.0840423
2 988 0.242245 0.148904
0 989 0.258095 0.0897823
2 989 0.228877 0.15273
0 990 0.256949 0.104706
2 990 0.226013 0.168993
0 991 0.253511 0.11389
2 991 0.223149 0.177603
0 992 0.147413 -0.218567
2 992 0.174362 -0.176964
0 993 0.139164 -0.214435
2 993 0.162538 -0.173107
2 378 0.151538 -0.170352
2 379 0.194161 -0.163464
2 381 0.139164 -0.167597
2 384 0.173537 -0.160709
2 386 0.163912 -0.157954
2 390 0.179037 -0.148311
2 392 0.21341 -0.140045
2 393 0.152913 -0.145555
2 394 0.157038 -0.144178
0 994 0.144664 -0.178617
2 994 0.165287 -0.13729
2 396 0.177662 -0.134535
0 995 0.130914 -0.175862
2 995 0.157038 -0.134535
2 398 0.181786 -0.131779
0 996 0.196911 -0.174485
2 996 0.220559 -0.125718
2 404 0.172162 -0.119381
0 997 0.154288 -0.162086
2 997 0.176287 -0.118004
2 405 0.180412 -0.118004
2 406 0.185911 -0.118004
2 408 0.00831731 -0.132927
2 410 0.173537 -0.112493
2 411 0.177662 -0.111116
2 412 0.0140462 -0.127647
2 414 0.0195458 -0.123514
2 415 0.0291703 -0.122136
2 417 0.16987 -0.107672
2 418 0.183161 -0.105605
2 419 0.188661 -0.105605
2 423 0.0236706 -0.120759
0 998 0.016796 -0.148311
2 998 0.0539189 -0.117453
2 426 0.0250455 -0.118004
2 427 0.0305452 -0.116626
2 429 0.174912 -0.100095
0 999 0.148788 -0.1428
2 999 0.169412 -0.0987174
2 432 -0.218315 -0.138667
2 433 0.192786 -0.0945846
0 1000 0.00442169 -0.138667
2 1000 0.0403988 -0.10882
2 434 0.166662 -0.0918295
2 439 -0.237564 -0.130402
2 442 0.0209207 -0.10285
2 444 -0.276062 -0.133157
2 446 -0.271937 -0.129024
2 447 -0.252688 -0.126269
2 452 0.0112963 -0.0918295
2 454 -0.273312 -0.122136
0 1001 -0.299436 -0.111116
2 1001 -0.273312 -0.116626
0 1002 -0.287061 -0.111116
2 1002 -0.260938 -0.113871
2 457 0.0305452 -0.0808088
2 458 0.0154211 -0.0808088
2 460 -0.260938 -0.109738
2 464 0.0140462 -0.076676
0 1003 0.143289 -0.104228
2 1003 0.166662 -0.060145
2 465 -0.26323 -0.105376
2 466 -0.221065 -0.100095
2 467 0.0264204 -0.0725433
2 468 0.0442944 -0.0697881
2 470 0.0387947 -0.0697881
2 471 0.0291703 -0.0684105
2 473 0.0442944 -0.0656553
0 1004 -0.017577 -0.093207
2 1004 0.0140462 -0.0651962
0 1005 0.0112963 -0.093207
2 1005 0.0472734 -0.0629002
2 475 -0.22244 -0.0918295
0 1006 -0.0230767 -0.0904519
2 1006 0.00992138 -0.0642777
0 1007 -0.018952 -0.0904519
2 1007 0.0140462 -0.0629002
0 1008 0.0126712 -0.0904519
2 1008 0.0456693 -0.0587674
0 1009 0.130914 -0.0904519
2 1009 0.159513 -0.0463691
2 478 -0.282662 -0.0959622
2 479 -0.212816 -0.0876967
2 480 -0.202504 -0.0858599
2 481 0.119915 -0.0449916
2 482 0.12679 -0.0422364
2 483 0.246958 -0.028185
0 1010 0.114415 -0.0794312
2 1010 0.146314 -0.0381036
2 486 0.235179 -0.0204246
0 1011 -0.278812 -0.0711657
2 1011 -0.251772 -0.073232
0 1012 0.0841671 -0.0711657
2 1012 0.11304 -0.0325933
2 489 -0.247189 -0.0711657
2 490 -0.208691 -0.0670329
2 491 -0.273312 -0.0725433
2 492 -0.252688 -0.0697881
2 493 -0.277437 -0.0670329
2 494 -0.248335 -0.0629002
2 495 0.238158 -0.00641915
2 498 0.243658 -0.000908798
2 499 0.246408 -0.000908798
2 500 0.255207 -8.22329e-05
2 503 -0.207316 -0.0491243
2 504 -0.185317 -0.0463692
2 505 0.263457 0.00653023
2 508 0.273906 0.0114895
0 1013 -0.211441 -0.0449916
2 1013 -0.185317 -0.0394812
2 510 -0.234814 -0.0408588
0 1014 0.176287 -0.0353484
2 1014 0.197461 0.0147957
2 513 -0.26323 -0.0353484
2 515 -0.218315 -0.0270829
0 1015 -0.267813 -0.0270829
2 1015 -0.243064 -0.0298381
0 1016 0.245033 -0.0257053
2 1016 0.267032 0.0335309
0 1017 -0.249939 -0.0229502
2 1017 -0.228856 -0.0238686
2 518 -0.243064 -0.0160623
0 1018 0.276656 0.0803688
2 1018 0.2432 0.146034
0 1019 0.279406 0.083124
2 1019 0.246408 0.147871
0 1020 0.261532 0.0941446
2 1020 0.231284 0.158891
0 1021 0.275281 0.0941446
2 1021 0.243658 0.160269
0 1022 0.258782 0.0955222
2 1022 0.22945 0.158662
0 1023 0.256032 0.105165
2 1023 0.226013 0.168994
0 1024 0.247783 0.110676
2 1024 0.220284 0.173777
0 1025 0.262907 0.117564
2 1025 0.22945 0.182769
0 1026 0.257407 0.139605
2 1026 0.225784 0.205729
0 1027 0.180962 -0.246395
2 1027 0.21066 -0.20143
2 528 0.20571 -0.183577
0 1028 0.118265 -0.214986
2 1028 0.141364 -0.176964
2 529 0.162813 -0.173658
0 1029 0.189211 -0.20672
2 1029 0.216599 -0.159772
0 1030 0.121565 -0.203414
2 1030 0.144664 -0.163739
0 1031 0.151263 -0.201761
2 1031 0.174362 -0.160433
2 541 0.223859 -0.140596
2 543 0.156213 -0.143902
2 544 0.218909 -0.135637
2 545 0.21231 -0.133984
2 546 0.156213 -0.135637
2 547 0.177662 -0.133984
2 548 0.187561 -0.122412
2 549 0.218909 -0.117453
0 1032 0.149613 -0.163739
2 1032 0.172712 -0.120759
0 1033 -0.0318762 -0.162086
2 1033 0.00579661 -0.135912
2 550 0.185911 -0.117453
2 551 0.176012 -0.117453
2 552 0.00717154 -0.130402
0 1034 0.157863 -0.155474
2 1034 0.177662 -0.11084
2 553 0.20241 -0.109187
2 554 0.0143212 -0.127371
0 1035 -0.017027 -0.152168
2 1035 0.0192709 -0.124065
2 558 0.180962 -0.107534
2 559 0.0291703 -0.122412
2 560 0.174912 -0.106983
2 562 0.190861 -0.104228
2 564 0.0225707 -0.120759
0 1036 -0.00382782 -0.145555
2 1036 0.0308202 -0.117453
2 568 0.176012 -0.0992684
2 572 0.192511 -0.0943091
0 1037 0.146314 -0.135637
2 1037 0.171062 -0.0910029
2 575 -0.193567 -0.130677
0 1038 -0.0203269 -0.133984
2 1038 0.0159711 -0.105881
2 576 0.0225707 -0.105881
2 579 0.218909 -0.0827374
2 580 -0.220955 -0.130016
2 581 -0.193567 -0.127371
2 582 0.166662 -0.0876967
2 584 -0.238114 -0.130677
2 586 -0.276062 -0.13233
2 588 -0.271112 -0.129024
2 589 -0.252963 -0.125718
2 590 -0.224915 -0.122081
2 591 0.0192709 -0.0943091
2 593 0.0110213 -0.092656
2 594 -0.272762 -0.122412
2 595 0.159513 -0.0744719
0 1039 -0.018677 -0.107534
2 1039 0.0159711 -0.0810843
0 1040 0.00112192 -0.105881
2 1040 0.0357699 -0.076125
2 601 -0.285962 -0.11084
2 602 0.0143212 -0.076125
2 605 -0.263688 -0.105605
2 606 -0.219965 -0.0992684
0 1041 0.00442172 -0.0992684
2 1041 0.0390697 -0.0695126
2 607 0.0291703 -0.0695126
2 609 0.225509 -0.0463691
2 613 0.03412 -0.0645532
2 614 -0.221615 -0.092656
0 1042 0.0110213 -0.092656
2 1042 0.0456693 -0.0629002
2 615 0.0258705 -0.0629002
2 617 -0.201816 -0.0860436
2 618 -0.276062 -0.0943091
2 620 -0.205116 -0.0843905
0 1043 0.0885668 -0.0843905
2 1043 0.119915 -0.044716
2 621 0.246298 -0.0288462
2 624 -0.246364 -0.0711656
2 625 -0.210066 -0.0678594
2 626 -0.274412 -0.0728188
2 627 -0.252963 -0.0695126
0 1044 0.187561 -0.059594
2 1044 0.21231 -0.0100008
2 628 0.240358 -0.0050415
0 1045 -0.229865 -0.0579408
2 1045 -0.201816 -0.0546346
0 1046 0.233758 -0.0562878
2 1046 0.254217 -0.00107404
0 1047 0.245308 -0.0562878
2 1047 0.268077 0.000909691
0 1048 -0.211716 -0.044716
2 1048 -0.187297 -0.0407485
2 634 -0.255438 -0.0408588
0 1049 -0.266163 -0.0331443
2 1049 -0.243064 -0.0364505
0 1050 -0.289261 -0.0314912
2 1050 -0.264513 -0.0364505
0 1051 -0.251314 -0.0232256
2 1051 -0.229865 -0.0232256
2 642 -0.243064 -0.0232256
2 646 -0.243064 -0.0166132
2 648 -0.219965 -0.011654
0 1052 0.281606 0.082573
2 1052 0.246958 0.148697
0 1053 0.273356 0.0875323
2 1053 0.242283 0.152003
0 1054 0.256857 0.0891854
2 1054 0.228534 0.152003
0 1055 0.271706 0.0924916
2 1055 0.237058 0.158616
0 1056 0.275006 0.0941447
2 1056 0.242008 0.160269
0 1057 0.255207 0.0957978
2 1057 0.228534 0.158891
0 1058 0.261807 0.117288
2 1058 0.228534 0.18231
2 654 0.151659 -0.171674
0 1059 0.111666 -0.207381
2 1059 0.138064 -0.168699
0 1060 0.196801 -0.205398
2 1060 0.227687 -0.157391
2 658 0.127505 -0.163739
2 659 0.135424 -0.163739
2 661 0.174362 -0.152168
2 665 0.21264 -0.139935
2 666 0.153243 -0.141918
0 1061 0.194821 -0.183577
2 1061 0.220559 -0.135967
2 667 0.163143 -0.139935
2 670 0.171062 -0.132
2 672 0.171062 -0.122081
0 1062 0.196801 -0.165723
2 1062 0.218579 -0.118114
2 676 0.175022 -0.11613
2 677 0.216599 -0.110179
0 1063 -0.0289063 -0.155805
2 1063 0.00772152 -0.129024
2 678 0.182941 -0.108195
2 679 0.0186109 -0.124065
0 1064 0.016631 -0.149853
2 1064 0.0542489 -0.119304
0 1065 0.165122 -0.145886
2 1065 0.182941 -0.10026
0 1066 0.180962 -0.143902
2 1066 0.20076 -0.0962928
2 685 0.192841 -0.0962928
0 1067 0.00277185 -0.139935
2 1067 0.0384098 -0.110179
0 1068 0.196801 -0.137951
2 1068 0.215808 -0.0883578
0 1069 -0.224915 -0.135967
2 1069 -0.193237 -0.132
2 689 0.0146511 -0.106211
2 690 0.0225707 -0.106211
0 1070 -0.248674 -0.132
2 1070 -0.221351 -0.131206
0 1071 -0.226895 -0.126049
2 1071 -0.197197 -0.122081
2 696 0.0186109 -0.0962928
2 697 -0.252633 -0.126049
2 699 0.0265305 -0.0943091
0 1072 -0.0209868 -0.118114
2 1072 0.0106914 -0.0923254
2 701 -0.209076 -0.112163
0 1073 -0.00316783 -0.114146
2 1073 0.03445 -0.0843905
0 1074 -0.00910749 -0.108195
2 1074 0.0245506 -0.080423
2 702 0.166112 -0.061247
2 703 0.0146511 -0.0764556
0 1075 -0.290251 -0.102244
2 1075 -0.262863 -0.105881
0 1076 -0.250654 -0.0982766
2 1076 -0.220955 -0.0982766
0 1077 -0.0289063 -0.0982766
2 1077 0.00475171 -0.0724881
2 705 0.0245506 -0.0705044
0 1078 0.0087115 -0.0962928
2 1078 0.0423695 -0.066537
0 1079 -0.252633 -0.0923254
2 1079 -0.222935 -0.0923254
0 1080 -0.00910749 -0.0923254
2 1080 0.0245506 -0.0645532
2 712 -0.276392 -0.0943091
0 1081 0.105726 -0.0784393
2 1081 0.133664 -0.036726
0 1082 -0.278372 -0.0764556
2 1082 -0.250654 -0.0784393
2 714 0.113645 -0.0336071
0 1083 0.103746 -0.0724881
2 1083 0.133444 -0.0308299
2 716 -0.246694 -0.0724881
0 1084 0.21264 -0.0705044
2 1084 0.233758 -0.0166132
2 719 -0.274412 -0.0744718
2 720 -0.252633 -0.0705044
2 723 -0.203136 -0.0566183
2 724 0.21066 -0.00900897
0 1085 0.222539 -0.0566183
2 1085 0.244318 -0.00266096
2 725 0.260157 0.000909691
2 726 -0.201156 -0.0506672
0 1086 -0.213036 -0.0387648
2 1086 -0.189277 -0.0347974
2 729 0.268077 0.0187633
2 731 -0.203136 -0.0308299
0 1087 0.242338 -0.0288462
2 1087 0.266097 0.0286818
2 734 -0.197197 -0.0209113
0 1088 0.266097 0.0743075
2 1088 0.232439 0.137787
0 1089 0.274016 0.0862098
2 1089 0.242338 0.151673
0 1090 0.274016 0.0941447
2 1090 0.242338 0.159608
0 1091 0.268077 0.135803
2 1091 0.236398 0.20325
2 736 0.177794 -0.20262
2 739 0.20868 -0.169294
0 1092 0.11127 -0.207381
2 1092 0.137404 -0.169691
0 1093 0.177794 -0.197859
2 1093 0.199177 -0.152631
2 743 0.218183 -0.15025
2 745 0.173042 -0.153821
2 746 0.215808 -0.145489
2 749 0.154035 -0.143109
0 1094 0.196801 -0.183577
2 1094 0.220559 -0.135967
2 752 0.187297 -0.124065
2 753 0.218183 -0.119304
0 1095 0.177794 -0.164533
2 1095 0.201552 -0.116923
2 755 0.161163 -0.119304
0 1096 0.163539 -0.157391
2 1096 0.184921 -0.112163
0 1097 0.196801 -0.157391
2 1097 0.215808 -0.109782
0 1098 -0.0289063 -0.155011
2 1098 0.00910752 -0.128826
0 1099 0.0209868 -0.155011
2 1099 0.0590006 -0.124065
2 757 0.0257386 -0.124065
2 759 0.175418 -0.109782
2 762 0.232439 -0.10026
2 763 0.0376179 -0.119304
2 768 0.217233 -0.0888339
2 770 -0.195217 -0.128826
2 771 0.0138592 -0.105021
2 772 0.161163 -0.0883578
0 1100 -0.31401 -0.126445
2 1100 -0.2855 -0.133587
0 1101 -0.0122753 -0.126445
2 1101 0.0233627 -0.0978797
2 775 -0.259365 -0.126445
0 1102 -0.0217787 -0.119304
2 1102 0.0114834 -0.0931188
0 1103 0.206304 -0.119304
2 1103 0.231488 -0.068838
2 776 -0.209472 -0.112163
0 1104 -0.00277181 -0.114543
2 1104 0.0328662 -0.0859774
0 1105 -0.304506 -0.107402
2 1105 -0.27362 -0.112163
0 1106 -0.299755 -0.107402
2 1106 -0.274412 -0.112163
2 779 0.163143 -0.0625695
2 780 -0.283124 -0.109782
2 782 -0.264513 -0.106211
2 783 0.194425 -0.0550313
2 784 0.0328662 -0.0716946
2 785 -0.221351 -0.0978797
2 786 0.00435578 -0.0716946
0 1107 -0.00989941 -0.0978797
2 1107 0.0233627 -0.0693141
2 787 0.123149 -0.0574118
2 789 -0.221351 -0.0931188
0 1108 -0.31401 -0.0907383
2 1108 -0.287875 -0.0978797
2 792 -0.278372 -0.0931188
0 1109 0.0993903 -0.0835969
2 1109 0.125525 -0.0427322
2 797 0.144532 -0.0288461
2 799 -0.275996 -0.0740751
2 801 -0.20472 -0.0574118
2 802 -0.27362 -0.0597922
2 803 0.268552 0.00257608
2 804 -0.202344 -0.0502703
0 1110 -0.211848 -0.0526508
2 1110 -0.185713 -0.0478899
0 1111 0.177794 -0.0359875
2 1111 0.196801 0.0140023
0 1112 -0.290251 -0.0336071
2 1112 -0.266493 -0.038368
2 807 -0.20472 -0.0312266
0 1113 -0.306882 -0.0240852
2 1113 -0.280352 -0.0308299
2 809 -0.230855 -0.0248788
0 1114 -0.259365 -0.0121829
2 1114 -0.236794 -0.0149601
0 1115 0.270452 0.0925578
2 1115 0.239566 0.15683
0 1116 0.256197 0.118743
2 1116 0.225786 0.18254
0 1117 0.148808 -0.243088
2 1117 0.18017 -0.20024
0 1118 0.171617 -0.214523
2 1118 0.197276 -0.168818
0 1119 0.183021 -0.214523
2 1119 0.20868 -0.168818
2 817 0.172757 -0.161391
2 818 0.140255 -0.154535
2 819 0.174468 -0.151678
2 821 0.145957 -0.148822
2 823 0.222935 -0.134539
2 824 0.0661283 -0.145965
2 825 0.174468 -0.131682
2 826 0.183021 -0.13054
2 827 0.220084 -0.125969
0 1120 0.165915 -0.168818
2 1120 0.188723 -0.123113
0 1121 0.148808 -0.165961
2 1121 0.174468 -0.123113
2 829 0.220084 -0.1174
0 1122 0.217233 -0.165961
2 1122 0.242892 -0.114543
0 1123 0.140255 -0.163105
2 1123 0.163063 -0.120256
0 1124 0.157361 -0.160248
2 1124 0.175418 -0.116923
2 831 0.217233 -0.10883
0 1125 -0.027956 -0.154535
2 1125 0.00910752 -0.128826
2 832 0.0542489 -0.124065
0 1126 0.0205117 -0.154535
2 1126 0.0575751 -0.123113
2 833 0.0233627 -0.123113
0 1127 0.145957 -0.148822
2 1127 0.165915 -0.105973
2 834 0.0290648 -0.1174
2 837 -0.196167 -0.140252
2 839 -0.221826 -0.137395
2 841 -0.196167 -0.128826
2 842 0.0262137 -0.103117
0 1128 -0.31306 -0.128826
2 1128 -0.284549 -0.134539
2 845 0.160212 -0.0859773
2 846 0.0233627 -0.0974036
0 1129 0.134553 -0.120256
2 1129 0.157361 -0.0774077
2 851 -0.207571 -0.111686
0 1130 -0.0108497 -0.10883
2 1130 0.0233627 -0.0802643
0 1131 0.134553 -0.10883
2 1131 0.161163 -0.0645532
0 1132 -0.00229663 -0.105973
2 1132 0.0319158 -0.0774077
2 855 0.194425 -0.0545552
2 856 -0.218975 -0.0974036
0 1133 -0.321613 -0.0945471
2 1133 -0.292627 -0.10026
0 1134 0.00910752 -0.0945471
2 1134 0.0433199 -0.0631249
0 1135 -0.307357 -0.0859773
2 1135 -0.278847 -0.0916905
0 1136 0.0974897 -0.0831208
2 1136 0.126 -0.0431289
0 1137 -0.236082 -0.0802643
2 1137 -0.20472 -0.0774077
2 862 -0.216124 -0.0716946
0 1138 0.111745 -0.0716946
2 1138 0.143106 -0.0288461
0 1139 0.225786 -0.0716946
2 1139 0.245743 -0.0174199
0 1140 0.222935 -0.0574118
2 1140 0.241182 -0.00370835
0 1141 -0.227528 -0.0516986
2 1141 -0.201869 -0.0488421
0 1142 -0.227528 -0.0317027
2 1142 -0.20472 -0.0288461
0 1143 -0.304506 -0.0174199
2 1143 -0.278847 -0.0259896
0 1144 0.242892 0.0568508
2 1144 0.214382 0.116839
0 1145 0.265701 0.0739901
2 1145 0.232439 0.137787
0 1146 0.274254 0.0797033
2 1146 0.239566 0.144928
0 1147 0.148808 -0.24366
2 1147 0.176178 -0.202525
0 1148 0.121438 -0.223092
2 1148 0.145387 -0.185386
0 1149 0.138545 -0.219665
2 1149 0.165915 -0.17853
2 878 0.135123 -0.171674
2 879 0.227497 -0.157963
0 1150 -0.0188326 -0.199097
2 1150 0.0222223 -0.171674
0 1151 0.12486 -0.192242
2 1151 0.148808 -0.151107
0 1152 0.193284 -0.175102
2 1152 0.217233 -0.127112
0 1153 0.196706 -0.168246
2 1153 0.220654 -0.120256
0 1154 0.217233 -0.168246
2 1154 0.241182 -0.116828
2 885 0.159072 -0.123684
0 1155 0.196706 -0.157963
2 1155 0.213812 -0.109972
2 886 0.172757 -0.109972
2 888 0.0290648 -0.120256
0 1156 0.196706 -0.147679
2 1156 0.213812 -0.0996889
0 1157 -0.227528 -0.144251
2 1157 -0.196737 -0.140823
0 1158 0.179599 -0.137395
2 1158 0.210391 -0.0894052
2 891 -0.282268 -0.137395
2 892 -0.220686 -0.13054
0 1159 0.121438 -0.123684
2 1159 0.148808 -0.0825495
0 1160 -0.295953 -0.120256
2 1160 -0.268583 -0.123684
0 1161 -0.299375 -0.109972
2 1161 -0.272005 -0.1134
0 1162 -0.289111 -0.106545
2 1162 -0.261741 -0.109972
2 898 0.131702 -0.0619822
0 1163 0.206969 -0.0996889
2 1163 0.227497 -0.0482707
0 1164 -0.251477 -0.096261
2 1164 -0.220686 -0.096261
2 900 0.0119586 -0.068838
2 901 -0.289111 -0.0996889
0 1165 0.00853734 -0.0928331
2 1165 0.0393285 -0.0619822
0 1166 0.100911 -0.0791216
2 1166 0.128281 -0.0379871
2 904 -0.217265 -0.0756937
2 905 -0.275426 -0.0791216
2 907 -0.278847 -0.068838
0 1167 -0.217265 -0.0379871
2 1167 -0.189895 -0.0345592
0 1168 0.271973 0.0785607
2 1168 0.237761 0.14369
0 1169 0.271973 0.0957001
2 1169 0.241182 0.16083
3 922 0.225058 -0.115134
3 5 0.19355 -0.112264
3 925 0.181328 -0.107672
0 1170 0.31481 -0.211756
3 1170 0.423085 -0.08012
3 10 0.170634 -0.10461
3 927 0.212264 -0.0973398
3 11 0.245109 -0.0940872
3 18 0.248928 -0.0881559
3 21 0.215701 -0.0904519
3 22 0.245491 -0.0870079
0 1171 0.152493 -0.200276
3 1171 0.19164 -0.0931306
0 1172 0.150583 -0.19645
3 1172 0.18973 -0.0893039
3 31 0.168725 -0.0902606
3 32 0.198324 -0.086434
3 33 0.197369 -0.083564
3 34 0.233651 -0.0797374
3 37 0.174454 -0.080694
3 931 0.236516 -0.0711274
3 41 0.232697 -0.0701708
3 43 0.231742 -0.0673008
3 932 0.237471 -0.0596476
3 50 0.201188 -0.0625175
3 51 0.0274134 -0.083564
3 52 0.252748 -0.0510376
0 1173 -0.247571 -0.161053
3 1173 -0.181689 -0.106524
3 58 0.220284 -0.0491243
3 65 0.18973 -0.0491243
3 66 0.195459 -0.047211
3 67 0.186866 -0.047211
3 69 0.0780181 -0.0615609
3 936 0.0436451 -0.0653875
3 72 0.196414 -0.0424277
3 937 0.200233 -0.0414711
3 75 0.0465095 -0.0625175
0 1174 -0.245661 -0.14766
3 1174 -0.183599 -0.0940872
3 76 0.0610226 -0.0606042
3 80 0.0493739 -0.0606042
3 939 0.0560576 -0.0606042
3 81 0.0633141 -0.0583082
3 83 0.054148 -0.0586909
3 84 -0.184554 -0.0912172
0 1175 -0.0060048 -0.142877
3 1175 0.0503287 -0.0577342
3 90 0.069043 -0.0537163
3 92 0.0531932 -0.0548643
0 1176 -0.243751 -0.13618
3 1176 -0.181689 -0.083564
3 98 0.183047 -0.0290345
3 99 0.187821 -0.0280779
3 102 -0.179779 -0.0768674
3 104 0.220284 -0.019468
0 1177 -0.24948 -0.13044
3 1177 -0.189328 -0.077824
3 106 -0.241842 -0.0845206
3 113 -0.235158 -0.0797374
3 943 -0.185317 -0.073232
3 114 -0.217017 -0.0759107
3 115 0.0493739 -0.0376444
3 116 -0.243751 -0.0787807
3 118 0.0407807 -0.0376444
0 1178 -0.0231913 -0.11896
3 1178 0.0331422 -0.0357311
3 119 0.244345 -0.0032048
3 120 -0.219881 -0.0692141
3 122 0.0493739 -0.0299912
3 945 0.0493739 -0.0280779
3 125 -0.22561 -0.0653875
3 126 0.0474643 -0.0261646
3 128 0.0369615 -0.0261646
3 129 0.0531932 -0.0242513
3 130 0.0579672 -0.0232946
3 131 -0.248526 -0.0653875
3 133 0.0503287 -0.0232946
3 134 0.0455547 -0.0213813
3 135 0.190685 0.00157849
0 1179 -0.302949 -0.10461
3 1179 -0.238977 -0.0625175
3 138 0.0360067 -0.0213813
3 140 0.212646 0.00731843
3 144 0.0598768 -0.013728
3 145 0.0493739 -0.0127714
3 146 0.0570124 -0.0127714
3 147 0.0646508 -0.0099014
3 148 0.029323 -0.0127714
3 149 0.0522384 -0.0099014
3 150 0.0579672 -0.00894474
3 154 0.0321874 -0.00798808
3 159 0.139126 0.014015
3 164 0.133397 0.0254949
3 170 -0.176915 -0.0185113
3 172 -0.238977 -0.0261646
3 173 -0.242606 -0.0238686
0 1180 0.248928 -0.0615609
3 1180 0.287885 0.0622306
3 953 -0.235731 -0.0169806
3 176 -0.171186 -0.00703143
0 1181 0.228877 -0.0558209
3 1181 0.263823 0.0656745
3 178 0.271844 0.0656745
3 179 0.276427 0.0679705
3 181 -0.155909 0.00062183
3 954 -0.149226 0.00253514
0 1182 -0.214152 -0.047211
3 1182 -0.157819 0.0034918
0 1183 0.251793 -0.0462544
3 1183 0.29178 0.0789912
3 186 0.291322 0.0840423
3 188 -0.20365 0.00444846
3 193 -0.186463 0.0178417
3 194 -0.17596 0.019755
3 195 0.295714 0.0982008
3 196 -0.189328 0.0178417
0 1184 -0.232294 -0.0271212
3 1184 -0.183599 0.0187983
3 197 -0.172714 0.022051
3 198 0.286739 0.0989662
3 199 -0.211288 0.0149717
3 200 -0.187418 0.019755
3 202 -0.17787 0.0226249
3 205 -0.192192 0.0226249
3 207 -0.183599 0.0245383
3 208 -0.212243 0.0216683
3 210 -0.198876 0.0274082
3 211 -0.213198 0.0274082
3 212 -0.196011 0.0331482
3 220 0.180412 -0.108361
3 222 0.202143 -0.10461
0 1185 0.315383 -0.212139
3 1185 0.422398 -0.0808088
0 1186 0.177891 -0.210991
3 1186 0.222576 -0.0996358
3 223 0.16987 -0.104228
3 224 0.159559 -0.10308
3 228 0.201952 -0.0915999
3 231 0.190494 -0.0904519
0 1187 0.197369 -0.193771
3 1187 0.2432 -0.081268
3 233 0.234033 -0.08012
3 235 0.197369 -0.083564
0 1188 0.197369 -0.186883
3 1188 0.240908 -0.073232
3 240 0.231742 -0.073232
3 243 0.182474 -0.073232
3 244 0.189349 -0.0709361
3 248 0.204243 -0.0651962
3 249 0.237471 -0.0594562
3 252 0.234606 -0.052951
3 256 0.19355 -0.0548643
3 966 0.197369 -0.0537163
3 968 0.0302778 -0.077824
3 258 0.221239 -0.0462544
3 259 0.246637 -0.0422364
3 260 -0.18188 -0.101932
0 1189 0.19966 -0.157035
3 1189 0.235561 -0.044341
0 1190 -0.0180353 -0.153591
3 1190 0.0415445 -0.0686401
3 265 0.0782091 -0.0617522
3 971 0.185911 -0.0452977
0 1191 -0.246043 -0.150147
3 1191 -0.183026 -0.0961918
3 268 0.0518564 -0.0640482
3 271 0.204243 -0.0399404
3 274 0.0472734 -0.0629002
3 276 -0.202504 -0.0950439
0 1192 0.0129004 -0.146703
3 1192 0.0713345 -0.0571602
3 278 0.0484192 -0.0606042
3 279 0.0530022 -0.0594562
3 285 0.0598768 -0.0560122
3 286 0.185911 -0.0364964
0 1193 -0.260938 -0.140963
3 1193 -0.197921 -0.0893039
0 1194 -0.246043 -0.140963
3 1194 -0.184172 -0.0870079
3 288 0.209972 -0.0296085
3 291 -0.18188 -0.082416
3 294 0.187057 -0.0284605
3 295 0.0449819 -0.0479763
3 296 -0.247571 -0.0893039
3 299 0.219138 -0.0192766
3 300 -0.1899 -0.077824
0 1195 -0.0123065 -0.130631
3 1195 0.0436451 -0.0462544
3 301 -0.238023 -0.083564
3 302 -0.202695 -0.0797374
3 304 -0.196775 -0.077824
0 1196 -0.307914 -0.123744
3 1196 -0.243751 -0.078972
3 308 0.0495649 -0.0376444
3 974 -0.238023 -0.073232
3 313 0.0484192 -0.0284605
3 314 0.0575853 -0.0261646
3 315 -0.236877 -0.0674921
3 316 -0.225419 -0.0651962
3 317 0.0530022 -0.0238686
3 318 -0.224273 -0.0617522
3 320 -0.243751 -0.0634742
3 321 -0.236877 -0.0629002
0 1197 0.00258848 -0.106524
3 1197 0.0580436 -0.020195
3 324 -0.22752 -0.0567776
3 325 0.0667514 -0.0123887
3 977 0.0575853 -0.0123887
3 326 0.0598768 -0.0135367
3 327 0.0507107 -0.0123887
3 330 0.0644599 -0.0100927
3 331 0.0300869 -0.0123887
3 334 -0.1899 -0.0433844
0 1198 0.130914 -0.0915999
3 1198 0.176745 0.014015
3 335 0.0358157 -0.00779674
3 339 0.138935 0.015163
0 1199 0.0965414 -0.082416
3 1199 0.144664 0.017459
0 1200 0.0988329 -0.078972
3 1200 0.150392 0.022051
3 340 -0.217017 -0.0338178
3 341 0.132289 0.0252653
0 1201 0.0908125 -0.0720841
3 1201 0.138935 0.0266429
3 347 -0.219881 -0.0223379
3 348 0.284906 0.067695
3 349 0.258782 0.0652153
3 351 0.275006 0.067695
0 1202 -0.213962 -0.0502723
3 1202 -0.156673 0.0013872
0 1203 -0.291874 -0.0479763
3 1203 -0.232294 -0.00798808
3 356 -0.169277 0.00942309
3 358 -0.223701 0.00444846
3 981 0.212035 0.0776136
3 360 0.30003 0.0941446
3 361 -0.21167 0.0128671
0 1204 -0.267813 -0.0261646
3 1204 -0.21167 0.015163
3 364 -0.200785 0.0207116
3 365 -0.184172 0.024347
3 366 -0.168131 0.0254949
3 367 -0.192192 0.024347
3 368 -0.212816 0.022051
3 369 -0.1899 0.0266429
3 370 -0.212816 0.0277909
3 984 -0.192192 0.0335309
0 1205 0.277573 0.0805984
3 1205 0.246064 0.212043
3 992 0.192511 -0.112493
0 1206 0.183161 -0.208924
3 1206 0.232439 -0.0982766
3 380 0.240358 -0.0959622
3 382 0.248608 -0.0893498
3 383 0.162538 -0.0987174
3 384 0.191411 -0.0945846
3 385 0.214785 -0.0918295
0 1207 0.195536 -0.200659
3 1207 0.243658 -0.0876967
3 386 0.181786 -0.093207
0 1208 0.154288 -0.195148
3 1208 0.191411 -0.0876967
0 1209 0.190036 -0.193771
3 1209 0.235408 -0.0810843
3 390 0.196911 -0.083564
0 1210 0.196911 -0.186883
3 1210 0.240908 -0.0739209
3 393 0.171016 -0.081268
0 1211 0.192786 -0.184128
3 1211 0.236783 -0.0711657
3 995 0.174454 -0.0709361
3 400 0.203785 -0.0587674
0 1212 0.195536 -0.164842
3 1212 0.235179 -0.0514203
3 406 0.20241 -0.0532571
3 408 0.0312326 -0.0749541
0 1213 0.214785 -0.159331
3 1213 0.255207 -0.0430629
3 410 0.190036 -0.0491243
3 411 0.194161 -0.0477467
0 1214 0.183161 -0.155198
3 1214 0.218909 -0.043614
3 412 0.0374198 -0.0697881
0 1215 0.150163 -0.153821
3 1215 0.187057 -0.0468283
3 413 0.196911 -0.043614
3 414 0.0429195 -0.0656553
3 415 0.051169 -0.0642777
3 417 0.187057 -0.0445323
3 423 0.0456693 -0.0629002
3 424 0.0671181 -0.059594
3 998 0.0753676 -0.059594
0 1216 0.00442169 -0.146933
3 1216 0.0607934 -0.0587674
3 426 0.0470442 -0.060145
3 427 0.0525439 -0.0587674
3 429 0.191411 -0.036726
3 432 -0.185317 -0.0876967
3 433 0.209285 -0.0298381
3 1000 0.0621684 -0.0514203
3 436 0.039253 -0.0502723
3 438 0.187286 -0.0284605
0 1217 0.19966 -0.131779
3 1217 0.234033 -0.0181286
3 439 -0.204566 -0.0794312
3 440 -0.190267 -0.0777781
3 442 0.0438361 -0.0456803
3 443 -0.24146 -0.0847119
0 1218 -0.256813 -0.129024
3 1218 -0.196317 -0.0780536
3 444 -0.238939 -0.083564
0 1219 0.187286 -0.126269
3 1219 0.220284 -0.0146847
3 446 -0.234814 -0.0794312
0 1220 -0.307685 -0.123514
3 1220 -0.243064 -0.0794312
3 447 -0.216941 -0.076676
3 449 0.0461276 -0.0376444
3 450 -0.183942 -0.0684105
3 452 0.033295 -0.0353484
3 454 -0.237564 -0.0725433
3 456 -0.238023 -0.0651962
3 457 0.0525439 -0.0243277
3 458 0.0374198 -0.0257053
3 459 -0.243751 -0.0640482
0 1221 -0.298061 -0.106983
3 1221 -0.236189 -0.0629002
3 460 -0.226565 -0.0615226
3 463 -0.248335 -0.0629002
3 464 0.0360449 -0.0215726
3 465 -0.227711 -0.0571602
0 1222 -0.0272015 -0.100095
3 1222 0.0277953 -0.0174399
3 467 0.0470442 -0.0160623
3 468 0.0649182 -0.0133071
3 469 0.0552937 -0.0119295
3 471 0.0497941 -0.0133071
0 1223 0.203785 -0.0973398
3 1223 0.239533 0.0169998
3 473 0.0649182 -0.00917433
3 474 0.0566687 -0.00917433
3 475 -0.190817 -0.043614
3 476 0.0470442 -0.00779674
3 1006 0.0312327 -0.00894474
3 1007 0.0346699 -0.00779674
3 1009 0.176287 0.0142447
3 477 -0.24948 -0.0491243
3 478 -0.246043 -0.0479763
3 479 -0.181193 -0.0394812
3 480 -0.171568 -0.0376444
0 1224 -0.236189 -0.0849416
3 1224 -0.17596 -0.0347745
3 481 0.137789 0.0142447
3 482 0.144664 0.0183774
0 1225 -0.277437 -0.0780536
3 1225 -0.217399 -0.0330524
3 1011 -0.218545 -0.0273125
3 1012 0.131464 0.0263674
0 1226 0.206535 -0.0711657
3 1226 0.244345 0.0461587
3 490 -0.179818 -0.020195
0 1227 0.114415 -0.0684105
3 1227 0.162538 0.0349084
3 494 -0.216253 -0.0169806
3 495 0.254657 0.0599346
0 1228 0.229909 -0.0587674
3 1228 0.265657 0.0624601
3 499 0.261807 0.0643888
3 500 0.270056 0.0660419
3 503 -0.179818 -0.00228639
3 504 -0.157819 0.000468791
3 505 0.278306 0.0726543
3 510 -0.205941 0.00460156
0 1229 -0.212816 -0.0381036
3 1229 -0.159194 0.0114895
3 1014 0.21231 0.0776136
3 1015 -0.212816 0.0142447
3 1016 0.282156 0.099655
3 1017 -0.201358 0.020903
0 1230 -0.218315 -0.0229502
3 1230 -0.168818 0.0252653
3 516 -0.190817 0.0266429
3 519 -0.196775 0.0335309
3 528 0.223859 -0.117453
0 1231 0.184261 -0.223251
3 1231 0.230459 -0.112493
3 1029 0.234418 -0.0943091
3 1031 0.190861 -0.0959622
3 537 0.159183 -0.0903416
0 1232 0.197461 -0.193495
3 1232 0.242008 -0.0794312
0 1233 0.143014 -0.18027
3 1233 0.180962 -0.0744719
3 548 0.20406 -0.0579408
3 1032 0.189211 -0.0562878
3 1033 0.0291703 -0.0780536
3 550 0.20241 -0.0529815
0 1234 -0.251314 -0.160433
3 1234 -0.185317 -0.105881
3 551 0.192511 -0.0529815
3 552 0.033295 -0.0739209
3 553 0.218909 -0.044716
3 1035 0.0423695 -0.0662064
3 558 0.197461 -0.044716
0 1235 -0.246364 -0.150515
3 1235 -0.183667 -0.0959622
3 559 0.0506191 -0.0645532
3 560 0.191411 -0.043614
3 564 0.0456693 -0.0629002
3 565 -0.201816 -0.0959622
0 1236 0.0110213 -0.145555
3 1236 0.068768 -0.0562878
3 573 0.0607934 -0.0518795
0 1237 -0.243064 -0.13729
3 1237 -0.182018 -0.0827374
3 1038 0.0374198 -0.0496753
3 576 0.0456693 -0.0480222
3 582 0.183161 -0.0243277
0 1238 -0.30741 -0.129024
3 1238 -0.241689 -0.0849416
3 584 -0.205116 -0.0794312
3 589 -0.216666 -0.076125
3 590 -0.190267 -0.0711656
3 591 0.0407196 -0.0381036
0 1239 -0.00877752 -0.120759
3 1239 0.0489691 -0.0364505
3 593 0.03412 -0.0364505
3 594 -0.236464 -0.0728188
0 1240 -0.000527985 -0.112493
3 1240 0.0555688 -0.0265319
3 597 -0.226565 -0.0656553
3 600 -0.229315 -0.0629002
3 1039 0.0374198 -0.0248788
0 1241 -0.00712762 -0.107534
3 1241 0.052269 -0.0232256
3 601 -0.248564 -0.0629002
3 602 0.0357699 -0.0215726
3 604 0.212035 0.00735673
3 605 -0.22794 -0.0573898
3 1041 0.0605185 -0.013307
3 607 0.0506191 -0.013307
3 609 0.243658 0.0181019
3 611 0.0291703 -0.0133071
3 613 0.0555688 -0.0083477
0 1242 -0.018677 -0.092656
3 1242 0.03412 -0.0100008
3 1042 0.0654682 -0.00669463
0 1243 -0.31401 -0.0893498
3 1243 -0.249939 -0.0491243
3 616 -0.180368 -0.0397567
3 617 -0.170468 -0.0381036
0 1244 -0.30411 -0.0794312
3 1244 -0.240314 -0.0394812
3 622 -0.216941 -0.0339709
3 626 -0.239764 -0.028185
3 627 -0.219965 -0.0232256
0 1245 -0.302461 -0.061247
3 1245 -0.243064 -0.0215726
3 1044 0.228809 0.0544702
3 1045 -0.173768 -0.0083477
0 1246 0.222209 -0.0562878
3 1246 0.258507 0.0643888
3 629 0.262137 0.0643889
3 631 -0.170193 -0.00228639
0 1247 -0.208416 -0.0496753
3 1247 -0.152319 0.00322397
0 1248 -0.294211 -0.0480222
3 1248 -0.23344 -0.00779674
0 1249 0.243658 -0.0397567
3 1249 0.283256 0.0858792
0 1250 -0.213366 -0.0381036
3 1250 -0.160569 0.0114895
3 634 -0.223815 0.00460156
3 635 0.21264 0.0762912
3 1049 -0.212816 0.00873432
3 641 -0.168818 0.0247144
3 646 -0.212816 0.0280205
3 648 -0.191917 0.0329798
0 1251 0.266757 0.145391
3 1251 0.248608 0.280945
0 1252 0.180962 -0.245072
3 1252 0.230459 -0.133984
3 652 0.178982 -0.110179
0 1253 0.178982 -0.213333
3 1253 0.224519 -0.102244
3 653 0.155223 -0.110179
0 1254 0.182941 -0.209365
3 1254 0.230063 -0.0978797
3 658 0.145324 -0.10026
0 1255 0.129485 -0.187544
3 1255 0.165122 -0.0843905
3 1061 0.238378 -0.0705044
0 1256 0.165122 -0.173658
3 1256 0.20274 -0.0645532
0 1257 0.165122 -0.167707
3 1257 0.20472 -0.058602
3 676 0.192841 -0.0526509
3 677 0.232439 -0.044716
3 1063 0.0308202 -0.0728188
0 1258 -0.0229667 -0.155805
3 1258 0.0374198 -0.0711656
0 1259 0.180962 -0.155805
3 1259 0.216599 -0.044716
3 679 0.0423695 -0.066537
0 1260 0.00475171 -0.14787
3 1260 0.0641483 -0.0605858
3 682 0.052269 -0.058602
3 683 0.0700879 -0.0566183
3 1065 0.20076 -0.0367811
3 686 -0.187297 -0.0863742
3 1067 0.0601885 -0.0526509
3 688 -0.183337 -0.0824068
3 690 0.0443494 -0.0486834
3 691 0.216599 -0.0209113
3 1071 -0.165518 -0.0711656
3 699 0.0483092 -0.0367811
0 1261 -0.288271 -0.108195
3 1261 -0.228215 -0.0629002
0 1262 -0.0190069 -0.108195
3 1262 0.0364299 -0.0248788
3 1074 0.0443494 -0.022895
3 703 0.0364299 -0.0209113
3 704 0.21066 0.00686083
3 1075 -0.228215 -0.0579408
3 705 0.0463293 -0.0149601
3 1078 0.0641483 -0.00900897
3 709 -0.249664 -0.0496753
3 712 -0.241414 -0.0463691
3 1081 0.151263 0.0230612
3 1082 -0.218315 -0.0314912
3 714 0.132652 0.0259047
3 1083 0.149283 0.0286818
3 716 -0.213036 -0.0268624
3 718 0.161163 0.0326493
3 723 -0.173438 -0.00900897
3 726 -0.173438 -0.00305777
0 1263 -0.213036 -0.0526509
3 1263 -0.157599 -0.00107404
3 728 0.289855 0.0782749
0 1264 -0.260553 -0.0387648
3 1264 -0.207096 0.0048771
3 729 0.282332 0.0854164
0 1265 0.177002 -0.0367811
3 1265 0.213432 0.0758945
0 1266 -0.290251 -0.0328136
3 1266 -0.232835 0.00686083
3 731 -0.175418 0.0147958
0 1267 0.256197 -0.0308299
3 1267 0.294211 0.0973187
3 1087 0.281936 0.0961284
0 1268 0.333413 0.0247144
3 1268 0.31797 0.163972
3 736 0.196801 -0.138348
3 737 0.230063 -0.133587
0 1269 0.196801 -0.205001
3 1269 0.245743 -0.0916905
3 742 0.192049 -0.0954992
3 743 0.239566 -0.0859774
3 751 0.189673 -0.0693141
0 1270 0.163539 -0.174055
3 1270 0.202978 -0.0659814
0 1271 0.196801 -0.174055
3 1271 0.234815 -0.0621727
3 752 0.206304 -0.0597922
3 755 0.18017 -0.0574118
3 1098 0.0304902 -0.0724881
0 1272 -0.0146511 -0.152631
3 1272 0.0423696 -0.0669337
3 759 0.189673 -0.0455094
0 1273 0.189673 -0.152631
3 1273 0.225311 -0.0407485
0 1274 -0.24511 -0.135967
3 1274 -0.183337 -0.0835969
3 769 0.0471213 -0.0478899
0 1275 -0.252237 -0.131206
3 1275 -0.192841 -0.078836
3 770 -0.16433 -0.0764555
3 771 0.0376179 -0.0478899
3 1100 -0.248014 -0.0827374
0 1276 -0.297379 -0.126445
3 1276 -0.234814 -0.080423
0 1277 -0.228479 -0.126445
3 1277 -0.166706 -0.0716946
3 1101 0.0447455 -0.0407485
0 1278 -0.00752352 -0.121684
3 1278 0.0494972 -0.0359875
0 1279 -0.297379 -0.119304
3 1279 -0.234814 -0.0744718
3 776 -0.17621 -0.0621727
3 1104 0.0542489 -0.0288461
0 1280 -0.0194029 -0.109782
3 1280 0.0376179 -0.0264657
0 1281 -0.290251 -0.107402
3 1281 -0.228875 -0.0625695
3 777 0.0447455 -0.0240852
3 778 0.0542489 -0.0217047
3 780 -0.246694 -0.0625695
3 781 0.035242 -0.0217047
3 782 -0.228875 -0.058602
0 1282 0.165914 -0.102641
3 1282 0.211056 0.00686089
3 784 0.051873 -0.0145633
3 786 0.0257386 -0.0169438
3 1107 0.0447455 -0.0145633
3 788 0.0328662 -0.0145633
3 1108 -0.250654 -0.0506672
3 792 -0.242734 -0.0466997
3 1109 0.143344 0.0167795
3 799 -0.240358 -0.0288461
3 800 -0.218975 -0.0240852
3 801 -0.173834 -0.00980237
3 802 -0.238774 -0.0149601
0 1283 0.246694 -0.0478899
3 1283 0.288509 0.0768467
3 805 -0.207096 0.00448046
0 1284 -0.214224 -0.038368
3 1284 -0.161955 0.0116219
3 807 -0.17621 0.0140023
3 810 -0.190465 0.0211437
0 1285 0.332225 0.0235242
3 1285 0.317574 0.163575
0 1286 0.275204 0.0877968
3 1286 0.244318 0.218723
3 1115 0.242338 0.223087
0 1287 0.171617 -0.243088
3 1287 0.220654 -0.133968
0 1288 0.120298 -0.225949
3 1288 0.163063 -0.123113
3 816 0.18017 -0.111686
3 1119 0.228637 -0.103117
0 1289 0.114596 -0.20881
3 1289 0.157361 -0.105973
0 1290 0.145957 -0.19167
3 1290 0.191574 -0.0859773
3 821 0.165915 -0.0859773
0 1291 0.185872 -0.180244
3 1291 0.228637 -0.068838
3 1122 0.259999 -0.0488421
3 1123 0.18017 -0.0574118
3 830 0.217233 -0.0459855
3 1125 0.0319158 -0.0716946
3 833 0.046171 -0.0659814
3 1127 0.183021 -0.0431289
3 834 0.0518731 -0.0602683
3 841 -0.164806 -0.0774077
3 842 0.049022 -0.0459855
3 844 0.23719 -0.0174199
0 1292 -0.0194028 -0.128826
3 1292 0.0376179 -0.0459855
3 845 0.177319 -0.023133
3 1129 0.175418 -0.0145633
3 853 0.0376179 -0.0259896
3 1132 0.0547241 -0.0202764
0 1293 -0.00229663 -0.10026
3 1293 0.0547241 -0.0145633
3 858 0.0319158 -0.0117067
3 1137 -0.173359 -0.0288461
0 1294 0.103192 -0.0716946
3 1294 0.149283 0.0282851
3 1138 0.160212 0.0311417
3 863 -0.241784 -0.0288461
3 864 0.242892 0.0511377
3 1140 0.258288 0.0614213
3 868 -0.157203 -0.000280524
3 1142 -0.179061 0.0168589
0 1295 -0.307357 -0.023133
3 1295 -0.247486 0.0116219
3 872 -0.190465 0.022572
0 1296 0.254297 0.0739901
3 1296 0.225786 0.199679
0 1297 0.274254 0.088273
3 1297 0.245743 0.219675
0 1298 0.257148 0.119695
3 1298 0.227497 0.249954
0 1299 0.288509 0.125408
3 1299 0.265131 0.263666
3 1147 0.196706 -0.137395
3 879 0.244603 -0.0928331
3 1150 0.046171 -0.1134
3 1152 0.234339 -0.0619822
3 1153 0.234339 -0.0551265
3 1155 0.230918 -0.0448428
3 886 0.186442 -0.0482707
3 891 -0.247486 -0.0859773
3 892 -0.189895 -0.0791216
0 1300 -0.00856889 -0.13054
3 1300 0.0495922 -0.0448428
3 1159 0.165915 -0.0208477
3 897 0.0530135 -0.0208477
3 900 0.032486 -0.0139919
0 1301 0.0974897 -0.096261
3 1301 0.140255 0.00257608
3 901 -0.250337 -0.0516986
0 1302 -0.237792 -0.0928331
3 1302 -0.17621 -0.041415
3 1165 0.059856 -0.00713623
0 1303 -0.302796 -0.0791216
3 1303 -0.244635 -0.0379871
0 1304 -0.0256751 -0.0791216
3 1304 0.0290648 0.00314742
3 904 -0.186474 -0.0277035
3 905 -0.241213 -0.0311314
0 1305 -0.278847 -0.0722659
3 1305 -0.218975 -0.0288461
3 907 -0.241784 -0.023133
3 916 -0.169367 0.0237147
3 918 -0.193316 0.0305704
3 1168 0.241182 0.20882
0 1306 0.181137 -0.248109
4 1306 0.253702 -0.1247
0 1307 0.159177 -0.247152
4 1307 0.230787 -0.125657
0 1308 0.166815 -0.247152
4 1308 0.238426 -0.1247
0 1309 0.163951 -0.242369
4 1309 0.234606 -0.120874
0 1310 0.173499 -0.237586
4 1310 0.244154 -0.114177
4 922 0.248928 -0.103654
4 2 0.192511 -0.107534
0 1311 0.150583 -0.221323
4 1311 0.220284 -0.101932
0 1312 0.124804 -0.218453
4 1312 0.192595 -0.10174
0 1313 0.148674 -0.218453
4 1313 0.21742 -0.0988705
0 1314 0.127668 -0.214626
4 1314 0.194504 -0.0979138
4 925 0.206917 -0.0960005
4 6 0.228877 -0.0931306
4 7 0.185911 -0.0969572
4 8 0.231742 -0.0893039
4 9 0.246064 -0.0883473
4 10 0.197369 -0.0921739
4 12 0.246637 -0.083564
4 13 0.184956 -0.0893039
4 14 0.249883 -0.0826073
4 15 0.188776 -0.0873906
4 17 0.207872 -0.0845206
4 928 0.21742 -0.083564
0 1315 0.181137 -0.202189
4 1315 0.248928 -0.0787807
4 18 0.269934 -0.077824
4 19 0.169679 -0.086434
4 21 0.242245 -0.0797374
4 929 0.175408 -0.0845206
4 930 0.184956 -0.0845206
4 1171 0.218375 -0.080694
4 24 0.228877 -0.0797374
4 25 0.209781 -0.080694
0 1316 0.177318 -0.199319
4 1316 0.244154 -0.077824
4 26 0.178273 -0.0826073
4 27 0.218375 -0.077824
4 28 0.227923 -0.0768674
4 30 0.230596 -0.075528
0 1317 0.154403 -0.194536
4 1317 0.219329 -0.0749541
4 32 0.225058 -0.0739974
0 1318 0.120984 -0.191666
4 1318 0.186866 -0.0759107
4 33 0.225058 -0.0720841
4 34 0.256567 -0.0692141
0 1319 0.146764 -0.189753
4 1319 0.211691 -0.0711274
4 36 0.264205 -0.0634742
4 37 0.200233 -0.0682575
4 40 0.197369 -0.0682575
4 931 0.259431 -0.0606042
4 42 0.196414 -0.0663442
4 43 0.254657 -0.0567776
4 44 0.209781 -0.0606042
4 46 0.21742 -0.0586909
0 1320 0.162041 -0.174446
4 1320 0.225058 -0.0548643
4 47 0.229832 -0.052951
4 48 0.288075 -0.044341
4 49 0.29094 -0.044341
4 50 0.227923 -0.0510376
4 51 0.0350519 -0.0692141
4 53 0.214555 -0.0433844
0 1321 0.162041 -0.162967
4 1321 0.226013 -0.0433844
4 54 0.218375 -0.0433844
4 55 0.221239 -0.0424277
4 1173 -0.172141 -0.0854773
4 56 0.2432 -0.0395578
4 57 0.0369615 -0.0615609
4 59 0.0398259 -0.0606042
4 60 0.247019 -0.0357311
0 1322 0.216465 -0.15914
4 1322 0.280437 -0.0328612
4 63 0.26325 -0.0328612
4 64 0.198324 -0.0376444
4 65 0.21551 -0.0366878
4 66 0.223149 -0.0357311
0 1323 0.214555 -0.155313
4 1323 0.276618 -0.0290345
4 67 0.212646 -0.0357311
0 1324 0.184956 -0.154357
4 1324 0.247019 -0.0309478
0 1325 0.125758 -0.152443
4 1325 0.188776 -0.0366878
0 1326 0.122894 -0.151487
4 1326 0.185911 -0.0357311
4 70 0.211691 -0.0338178
4 71 0.209781 -0.0319045
0 1327 0.152493 -0.15053
4 1327 0.214555 -0.0319045
4 72 0.222194 -0.0309478
4 937 0.226968 -0.0309478
4 938 0.234606 -0.0290345
4 73 0.277573 -0.0242513
0 1328 -0.0260557 -0.149573
4 1328 0.0407807 -0.0510376
4 75 0.0551028 -0.0481677
0 1329 0.157267 -0.148617
4 1329 0.219329 -0.0299912
4 1174 -0.171186 -0.0730408
4 76 0.0703797 -0.0462544
4 77 0.0799277 -0.044341
4 78 0.187821 -0.0319045
4 79 -0.189328 -0.0739974
4 80 0.0579672 -0.0462544
4 939 0.0646508 -0.0462544
4 81 0.0722893 -0.0452977
0 1330 0.21742 -0.146703
4 1330 0.279864 -0.0204246
0 1331 0.19355 -0.145747
4 1331 0.255612 -0.0213813
4 86 0.21551 -0.0271212
4 940 0.246064 -0.0223379
4 941 0.0656056 -0.0424277
4 88 0.200233 -0.0271212
4 89 0.224103 -0.0232946
0 1332 0.200233 -0.142877
4 1332 0.261341 -0.0185113
4 91 -0.172141 -0.0673008
4 92 0.0608316 -0.0414711
4 93 0.228877 -0.0213813
4 94 0.234606 -0.0185113
4 95 0.0703797 -0.0366878
4 96 0.260386 -0.0127714
0 1333 -0.0193721 -0.13618
4 1333 0.0455547 -0.0366878
4 97 0.26325 -0.0118147
4 99 0.212646 -0.016598
4 942 0.0522384 -0.0338178
4 101 -0.234203 -0.0673008
0 1334 0.200233 -0.132353
4 1334 0.26325 -0.00894474
4 103 0.206917 -0.013728
4 1177 -0.176915 -0.0567776
4 105 -0.170231 -0.0567776
4 106 -0.229429 -0.0615609
4 110 -0.183599 -0.0558209
4 112 0.186866 -0.0118147
4 943 -0.176915 -0.0519943
0 1335 -0.302949 -0.123744
4 1335 -0.22561 -0.0577342
0 1336 -0.242797 -0.123744
4 1336 -0.170231 -0.050081
4 115 0.0560576 -0.0242513
4 116 -0.230384 -0.0567776
4 117 0.0531932 -0.0223379
4 118 0.0484191 -0.0213813
0 1337 0.183047 -0.120874
4 1337 0.245109 0.00157849
0 1338 -0.00218558 -0.118004
4 1338 0.0617864 -0.0175547
4 120 -0.207469 -0.047211
4 123 -0.170231 -0.0405144
4 124 0.0503287 -0.0156413
4 126 0.054148 -0.0108581
4 127 -0.223701 -0.0424277
4 128 0.0436451 -0.0118147
4 129 0.0598768 -0.0099014
4 131 -0.238023 -0.0424277
4 132 0.0436451 -0.00894474
4 133 0.0570124 -0.00798808
4 134 0.0551028 -0.00703143
4 135 0.210736 0.0121017
4 136 -0.232294 -0.0405144
4 137 -0.224655 -0.0395578
0 1339 -0.286718 -0.105567
4 1339 -0.213198 -0.0376444
4 1179 -0.228856 -0.0376444
4 138 0.0426903 -0.00607477
4 141 0.0407807 -0.00416145
0 1340 -0.00791441 -0.0998271
4 1340 0.054148 -0.00129148
4 143 0.0713345 0.00157849
4 144 0.0665604 0.00157849
4 145 0.0560576 0.00253514
4 146 0.063696 0.00157849
4 948 0.0675153 0.0034918
4 147 0.0703797 0.00444846
4 148 0.0360067 0.00253514
4 149 0.0579672 0.00444846
4 151 0.195459 0.0216683
4 153 -0.182644 -0.0213813
4 949 0.0417355 0.00636177
0 1341 0.130532 -0.0912172
4 1341 0.18973 0.0245383
0 1342 0.093295 -0.0902606
4 1342 0.152493 0.019755
4 157 -0.163548 -0.0156413
0 1343 0.0923402 -0.0873906
4 1343 0.151538 0.0235816
0 1344 0.0990238 -0.086434
4 1344 0.158222 0.0254949
4 158 -0.168322 -0.0127714
4 161 0.173499 0.0331482
4 162 -0.207469 -0.0108581
0 1345 0.0990238 -0.077824
4 1345 0.156312 0.0331482
4 165 0.162996 0.0404188
4 166 0.26516 0.053238
4 167 0.268979 0.0541946
4 169 -0.228475 -0.00607477
4 170 -0.169277 0.0034918
0 1346 0.114301 -0.0682575
4 1346 0.173308 0.0461587
4 171 -0.205559 -0.000334827
4 172 -0.230384 -0.00224814
4 173 -0.234203 0.00062183
4 174 0.275663 0.0666312
0 1347 -0.304859 -0.0596476
4 1347 -0.235158 0.00444846
0 1348 0.246064 -0.0577342
4 1348 0.304307 0.0723711
4 176 -0.164503 0.0159283
4 178 0.291322 0.0737104
0 1349 0.23938 -0.0519943
4 1349 0.296669 0.0771544
4 181 -0.15018 0.0226249
4 182 0.308126 0.0790677
4 954 -0.143497 0.0245383
0 1350 0.240335 -0.050081
4 1350 0.298196 0.0794504
4 183 -0.224655 0.0159283
4 184 -0.15018 0.0283649
4 185 0.299533 0.0857643
4 188 -0.195056 0.0274082
0 1351 0.244154 -0.0395578
4 1351 0.301443 0.0915042
4 189 -0.215107 0.0293215
0 1352 -0.224655 -0.0347745
4 1352 -0.165457 0.0369748
4 192 -0.161638 0.0398448
0 1353 -0.265712 -0.0290345
4 1353 -0.20365 0.0369748
4 194 -0.164503 0.0417581
4 196 -0.17787 0.0417581
4 197 -0.161638 0.044628
4 198 0.306217 0.103941
4 199 -0.20365 0.0388881
4 200 -0.17596 0.0436714
4 201 -0.170231 0.0436714
4 202 -0.168322 0.044628
4 203 0.302398 0.104897
4 205 -0.181689 0.0465414
4 208 -0.205559 0.0465414
4 209 -0.178825 0.0513246
4 210 -0.187418 0.0513246
4 211 -0.204604 0.0522813
4 212 -0.184554 0.0570646
0 1354 0.244154 0.0541946
4 1354 0.279482 0.188127
4 956 0.284256 0.199606
0 1355 0.252748 0.0647178
4 1355 0.287121 0.200563
0 1356 0.26707 0.0761977
4 1356 0.301443 0.213956
0 1357 0.277573 0.0790677
4 1357 0.311946 0.219696
0 1358 0.279482 0.0828943
4 1358 0.31481 0.223523
0 1359 0.274708 0.083851
4 1359 0.309081 0.223523
0 1360 0.257522 0.0895909
4 1360 0.28903 0.22735
0 1361 0.270889 0.0905476
4 1361 0.306217 0.231176
4 957 0.294759 0.232133
4 958 0.291895 0.233089
0 1362 0.251793 0.0991575
4 1362 0.285211 0.235959
0 1363 0.256567 0.104897
4 1363 0.28903 0.242656
0 1364 0.264205 0.116377
4 1364 0.294759 0.256049
0 1365 0.264205 0.123074
4 1365 0.293804 0.262746
0 1366 0.26516 0.128814
4 1366 0.294759 0.270399
0 1367 0.268024 0.13264
4 1367 0.299533 0.275182
0 1368 0.257522 0.139337
4 1368 0.287121 0.279966
4 960 0.300488 0.287619
0 1369 0.160704 -0.255762
4 1369 0.230787 -0.132353
0 1370 0.166433 -0.246578
4 1370 0.238616 -0.124892
0 1371 0.148101 -0.24543
4 1371 0.219138 -0.12604
4 219 0.195077 -0.0973398
4 220 0.206535 -0.0961918
4 221 0.185911 -0.0973398
4 222 0.228305 -0.0927479
4 1186 0.245491 -0.0881559
4 223 0.197369 -0.0915999
0 1372 0.112582 -0.204103
4 1372 0.179037 -0.0893039
4 225 0.188203 -0.0881559
4 963 0.242054 -0.08012
0 1373 0.181328 -0.201807
4 1373 0.248928 -0.078972
4 228 0.230596 -0.078972
4 229 0.209972 -0.08012
4 232 0.226013 -0.075528
0 1374 0.154976 -0.194919
4 1374 0.220284 -0.075528
4 235 0.226013 -0.0720841
4 236 0.217993 -0.0697881
0 1375 0.150392 -0.189179
4 1375 0.214555 -0.0701708
0 1376 0.121748 -0.188031
4 1376 0.185911 -0.0720841
4 1188 0.264969 -0.0629002
4 238 0.197369 -0.0686401
4 239 0.200806 -0.0686401
4 240 0.254657 -0.0629002
4 241 0.260386 -0.0606042
4 242 0.196223 -0.0663442
4 964 0.253511 -0.0583082
4 243 0.209972 -0.0606042
4 244 0.21341 -0.0594562
4 245 0.217993 -0.0583082
4 246 0.197369 -0.0594562
4 965 0.22143 -0.0571602
0 1377 0.16185 -0.175403
4 1377 0.226013 -0.0548643
4 248 0.22945 -0.0537163
4 249 0.262678 -0.0491243
0 1378 0.224867 -0.171959
4 1378 0.291322 -0.0445323
4 250 0.228305 -0.0468283
4 252 0.260386 -0.0422364
4 253 0.278718 -0.0410884
0 1379 0.219138 -0.163923
4 1379 0.284447 -0.0376444
4 254 0.214555 -0.0433844
4 255 0.228305 -0.0422364
4 256 0.217993 -0.0433844
4 966 0.22143 -0.0422364
0 1380 0.200806 -0.161627
4 1380 0.264969 -0.0376444
4 968 0.0369615 -0.0617522
4 969 0.0403988 -0.0606042
4 259 0.277573 -0.0330524
4 260 -0.170422 -0.081268
4 262 0.22143 -0.0353484
0 1381 0.135497 -0.154739
4 1381 0.197369 -0.0376444
4 263 0.211118 -0.0364964
0 1382 0.211118 -0.154739
4 1382 0.272989 -0.0296085
4 264 0.0449819 -0.0548643
4 265 0.0862295 -0.0479763
4 971 0.211118 -0.0330524
4 267 0.284447 -0.0250166
4 268 0.0621684 -0.0491243
4 269 0.215701 -0.0319045
4 271 0.230596 -0.0284605
4 273 0.0759176 -0.0456803
0 1383 0.157267 -0.148999
4 1383 0.219138 -0.0307565
4 274 0.0552937 -0.0479763
4 275 0.187057 -0.0319045
4 277 0.0644599 -0.0456803
4 1192 0.0793549 -0.0445323
4 278 0.0575853 -0.0456803
4 279 0.0621684 -0.0445323
4 280 0.200806 -0.0273125
4 281 0.215701 -0.0261646
4 282 0.245491 -0.0215726
4 284 0.0587311 -0.0422364
4 285 0.0656056 -0.0422364
4 286 0.211118 -0.0250166
4 1194 -0.172714 -0.0674921
0 1384 0.198515 -0.140963
4 1384 0.261532 -0.0181286
4 288 0.235179 -0.0192766
4 291 -0.169277 -0.0617522
4 293 0.207681 -0.0181286
4 294 0.212264 -0.0169806
4 296 -0.235731 -0.0663442
4 297 0.203098 -0.0135367
4 298 0.207681 -0.0135367
0 1385 0.19164 -0.131779
4 1385 0.252366 -0.00894474
4 1195 0.0518564 -0.0307565
0 1386 -0.306769 -0.129483
4 1386 -0.230002 -0.0617522
4 301 -0.226565 -0.0615609
4 303 -0.150944 -0.0548643
0 1387 0.125186 -0.129483
4 1387 0.187821 -0.013728
4 304 -0.183026 -0.0560122
0 1388 -0.0123065 -0.128336
4 1388 0.0518564 -0.0284605
4 306 0.190685 -0.0118147
0 1389 -0.24948 -0.12604
4 1389 -0.176151 -0.0525683
0 1390 -0.314789 -0.124892
4 1390 -0.236877 -0.0594562
4 307 -0.204604 -0.0539076
0 1391 -0.251772 -0.123744
4 1391 -0.178443 -0.0502723
4 308 0.0564395 -0.0238686
0 1392 -0.244897 -0.1203
4 1392 -0.172714 -0.0468283
0 1393 0.18362 -0.1203
4 1393 0.244345 0.0013872
4 311 0.266115 0.00483114
0 1394 -0.280416 -0.116856
4 1394 -0.207087 -0.0468283
4 313 0.0552937 -0.0135367
4 314 0.0633141 -0.0123887
4 315 -0.22561 -0.0452977
4 316 -0.212816 -0.0422364
4 317 0.0598768 -0.0100927
4 318 -0.21167 -0.0387924
4 975 0.054148 -0.00779674
0 1395 0.150392 -0.106524
4 1395 0.209972 0.0117191
0 1396 -0.286145 -0.105376
4 1396 -0.213962 -0.0376444
4 976 0.0426903 -0.00664874
4 323 0.203098 0.0128671
0 1397 0.171016 -0.10308
4 1397 0.230787 0.016885
4 324 -0.216253 -0.0342004
0 1398 -0.250626 -0.0996358
4 1398 -0.179589 -0.0284605
0 1399 -0.00772344 -0.0996358
4 1399 0.054148 -0.000908798
4 977 0.0633141 0.00253514
4 326 0.0667514 0.0013872
4 328 0.261532 0.0266429
4 329 -0.176151 -0.0250166
0 1400 -0.000848828 -0.0961918
4 1400 0.0575853 0.00483114
4 330 0.0701888 0.00483114
4 331 0.0358157 0.00253514
4 332 0.0633141 0.00483114
0 1401 0.136643 -0.0938959
4 1401 0.196223 0.022051
4 334 -0.183026 -0.0204246
4 1198 0.189349 0.024347
4 335 0.0415445 0.00827509
0 1402 -0.305623 -0.0870079
4 1402 -0.231339 -0.0232946
0 1403 0.0999787 -0.0858599
4 1403 0.157267 0.0266429
4 339 0.149247 0.0254949
4 1199 0.154976 0.0289389
4 340 -0.208233 -0.0100927
4 341 0.141226 0.0381228
0 1404 0.252366 -0.0720841
4 1404 0.311946 0.0576386
4 342 0.264969 0.0530467
4 979 -0.205941 -0.000908798
4 349 0.279864 0.0725624
4 351 0.295905 0.0734809
0 1405 0.239762 -0.0514203
4 1405 0.297051 0.0771544
4 353 -0.14407 0.024347
0 1406 -0.231148 -0.0479763
4 1406 -0.167367 0.0226249
4 354 -0.149799 0.0289389
4 356 -0.16011 0.0323829
4 357 0.301634 0.0909303
4 358 -0.215107 0.0289389
4 361 -0.202504 0.0369748
4 363 0.312404 0.10241
4 1204 -0.204795 0.0392708
4 365 -0.172141 0.047498
4 366 -0.158965 0.0484547
4 368 -0.204795 0.0461587
4 369 -0.178443 0.0507507
4 370 -0.204795 0.0530467
4 984 -0.180734 0.0576386
0 1407 0.247783 0.0599346
4 1407 0.282347 0.194823
0 1408 0.252366 0.0645266
4 1408 0.286739 0.201137
4 985 0.301634 0.213765
4 988 0.308508 0.224097
0 1409 0.272989 0.0863383
4 1409 0.309654 0.227541
0 1410 0.261532 0.0943742
4 1410 0.294759 0.233281
0 1411 0.25924 0.0955222
4 1411 0.292468 0.233281
0 1412 0.255803 0.101262
4 1412 0.28903 0.240169
4 990 0.28903 0.242465
0 1413 0.255803 0.110446
4 1413 0.286739 0.248205
4 991 0.285593 0.251649
0 1414 0.263823 0.123074
4 1414 0.294759 0.263129
0 1415 0.263823 0.126518
4 1415 0.293613 0.266573
0 1416 0.258095 0.140294
4 1416 0.287885 0.280348
0 1417 0.264969 0.14259
4 1417 0.294759 0.283792
0 1418 0.277573 0.144886
4 1418 0.309654 0.289532
4 372 0.243658 -0.116626
0 1419 0.176287 -0.233721
4 1419 0.246408 -0.111116
4 992 0.216159 -0.100095
4 993 0.206535 -0.0959622
0 1420 0.159788 -0.214435
4 1420 0.227159 -0.093207
0 1421 0.117165 -0.213057
4 1421 0.182611 -0.0959622
4 376 0.246408 -0.0890743
4 377 0.183161 -0.0945846
4 378 0.196911 -0.0918295
4 379 0.238158 -0.0863192
4 381 0.183161 -0.0904519
0 1422 0.12129 -0.204792
4 1422 0.187286 -0.0890743
4 383 0.188661 -0.0863192
4 384 0.217534 -0.0821864
4 385 0.240908 -0.0808088
0 1423 0.103416 -0.200659
4 1423 0.16987 -0.0870079
4 1207 0.265657 -0.076676
0 1424 0.122665 -0.199281
4 1424 0.190036 -0.0821864
4 386 0.209285 -0.0808088
4 387 0.243658 -0.076676
0 1425 0.150163 -0.196526
4 1425 0.216159 -0.0780536
0 1426 0.192786 -0.195148
4 1426 0.258782 -0.0725433
4 388 0.265657 -0.0711657
4 1209 0.257407 -0.0697881
4 389 0.184536 -0.076676
4 390 0.224409 -0.0711657
0 1427 0.146039 -0.189638
4 1427 0.214785 -0.0697881
4 391 0.185911 -0.0725433
4 392 0.253282 -0.0629002
4 394 0.19966 -0.0684105
4 1211 0.260157 -0.060145
0 1428 0.185911 -0.181373
4 1428 0.253282 -0.0587674
4 994 0.209285 -0.0615226
4 396 0.216159 -0.0587674
4 397 0.220284 -0.0573898
4 995 0.196911 -0.0587674
4 398 0.225784 -0.0560122
4 399 0.228534 -0.0532571
4 400 0.228534 -0.0477467
4 402 0.28628 -0.0408588
4 403 0.283531 -0.0381036
4 404 0.21341 -0.043614
0 1429 0.177662 -0.163464
4 1429 0.242283 -0.0422364
4 997 0.217534 -0.043614
4 405 0.223034 -0.0422364
4 406 0.227159 -0.0422364
4 407 -0.172943 -0.0849416
4 408 0.0401696 -0.060145
4 1213 0.276656 -0.0325933
4 1214 0.246408 -0.0339709
4 413 0.223034 -0.0325933
4 414 0.051169 -0.0505019
4 416 0.185911 -0.0353484
4 417 0.21066 -0.0325933
4 418 0.225784 -0.0298381
4 419 0.231284 -0.0298381
4 420 0.276656 -0.0243277
4 421 0.283531 -0.0243277
4 422 0.217534 -0.0312157
4 423 0.0539188 -0.0477467
4 424 0.0759176 -0.0463692
4 998 0.0827921 -0.0449916
0 1430 0.125415 -0.146933
4 1430 0.187286 -0.0312157
4 426 0.0566687 -0.0449916
4 427 0.0621684 -0.0449916
4 429 0.216159 -0.0257053
4 430 0.245033 -0.0215726
0 1431 0.206535 -0.144178
4 1431 0.267032 -0.0188174
4 999 0.21066 -0.0243277
4 432 -0.172943 -0.0656553
4 433 0.234033 -0.0188174
4 1000 0.0704179 -0.036726
0 1432 -0.243064 -0.135912
4 1432 -0.170193 -0.0615226
4 434 0.206535 -0.0174399
4 437 0.0525439 -0.0339709
0 1433 0.128165 -0.134535
4 1433 0.190494 -0.0181286
4 438 0.212035 -0.0160623
0 1434 -0.31456 -0.133157
4 1434 -0.236189 -0.0670329
0 1435 0.191411 -0.133157
4 1435 0.253282 -0.0105519
0 1436 0.140539 -0.131779
4 1436 0.20241 -0.0146847
0 1437 0.147413 -0.131779
4 1437 0.20791 -0.0133071
0 1438 0.185911 -0.131779
4 1438 0.245033 -0.00917433
4 440 -0.175693 -0.0573898
4 441 -0.152319 -0.0546346
4 442 0.051169 -0.0312157
4 1218 -0.182567 -0.0560122
0 1439 0.151538 -0.129024
4 1439 0.21341 -0.00917433
4 444 -0.226565 -0.060145
0 1440 0.166662 -0.127647
4 1440 0.225784 -0.00641915
4 1219 0.247783 -0.00366397
0 1441 0.20791 -0.124892
4 1441 0.269781 -0.000908798
0 1442 -0.303561 -0.123514
4 1442 -0.22794 -0.0560122
4 447 -0.205941 -0.0532571
4 450 -0.172943 -0.0477467
4 453 0.265107 0.0048771
4 454 -0.225419 -0.0491243
4 455 0.0621684 -0.0119295
4 1001 -0.22519 -0.0449916
4 1002 -0.212816 -0.0422364
4 457 0.0594185 -0.0105519
4 1221 -0.22519 -0.0408588
4 460 -0.214191 -0.0394812
4 463 -0.238023 -0.0387924
4 464 0.0429195 -0.00641915
4 1003 0.20241 0.0128671
4 466 -0.179818 -0.0284605
4 1222 0.0357699 -0.00338843
4 467 0.0539188 -0.000908798
4 468 0.069043 0.000468791
4 469 0.0621684 0.00184638
4 471 0.0566687 0.00184638
4 473 0.0704179 0.00460156
4 474 0.0621684 0.00597914
4 1005 0.0717928 0.00735673
4 475 -0.182567 -0.0215726
4 476 0.0525439 0.00735673
4 1007 0.0415445 0.00735673
4 1008 0.0731677 0.0101119
4 1009 0.190036 0.0252653
4 477 -0.239168 -0.0250166
4 480 -0.163319 -0.0160623
0 1443 -0.30631 -0.0876967
4 1443 -0.232294 -0.0227206
4 1224 -0.169277 -0.0123887
4 481 0.148788 0.0252653
4 483 0.284906 0.0459291
0 1444 0.104791 -0.0725433
4 1444 0.162538 0.0404188
4 1011 -0.209378 -0.00435274
4 1012 0.140539 0.0376636
4 1226 0.264282 0.052817
4 487 0.269781 0.0555722
4 489 -0.205941 -0.00228639
4 1227 0.172162 0.0445516
4 491 -0.23069 -0.00366397
4 493 -0.234814 0.00322397
4 494 -0.205941 0.00597914
4 495 0.275281 0.0665929
4 496 -0.166068 0.0142447
0 1445 -0.299436 -0.0560122
4 1445 -0.23069 0.00735673
4 498 0.279956 0.0710012
4 499 0.282156 0.0707257
4 500 0.291505 0.0726543
4 504 -0.150944 0.0225101
4 505 0.298105 0.0792668
4 1013 -0.149569 0.0293981
4 510 -0.196317 0.0280205
0 1446 0.243658 -0.0394812
4 1446 0.301405 0.0913894
4 1229 -0.152319 0.036286
4 511 -0.164694 0.0376636
4 513 -0.224273 0.0323829
4 514 -0.161944 0.0390412
4 515 -0.178443 0.0417964
4 1015 -0.204566 0.0390412
4 1016 0.301405 0.105165
4 1017 -0.190817 0.0445516
4 1230 -0.159194 0.0486843
4 516 -0.178443 0.0500619
4 518 -0.205941 0.052817
4 519 -0.186692 0.0569498
0 1447 0.28628 -0.00504156
4 1447 0.332753 0.133819
0 1448 0.242283 0.0541946
4 1448 0.278718 0.188509
0 1449 0.246408 0.0541946
4 1449 0.282156 0.189198
0 1450 0.265657 0.0748584
4 1450 0.30003 0.212617
0 1451 0.256032 0.083124
4 1451 0.290405 0.220883
0 1452 0.257407 0.0886343
4 1452 0.29178 0.226393
0 1453 0.254657 0.0913894
4 1453 0.287655 0.229148
4 1020 0.29453 0.233281
4 1022 0.29178 0.233281
0 1454 0.251907 0.101033
4 1454 0.284906 0.238791
0 1455 0.254657 0.110676
4 1455 0.287655 0.249812
4 1025 0.293155 0.2567
4 522 0.293155 0.266343
0 1456 0.267032 0.132717
4 1456 0.297051 0.274608
0 1457 0.268406 0.13685
4 1457 0.30003 0.278741
4 1026 0.287655 0.280119
0 1458 0.278031 0.143738
4 1458 0.308279 0.288384
0 1459 0.162813 -0.244741
4 1459 0.233758 -0.122412
0 1460 0.172712 -0.239782
4 1460 0.243658 -0.117453
4 528 0.246958 -0.105881
0 1461 0.147963 -0.218292
4 1461 0.217259 -0.0992684
4 529 0.20736 -0.0959622
4 531 0.246958 -0.0893498
4 532 0.197461 -0.092656
0 1462 0.192511 -0.210026
4 1462 0.261807 -0.0860436
4 1030 0.187561 -0.0876967
4 1031 0.217259 -0.0827374
4 534 0.248608 -0.0794312
0 1463 0.177662 -0.198455
4 1463 0.243658 -0.076125
4 536 0.218909 -0.0744719
4 537 0.184261 -0.0777781
4 538 0.258507 -0.0695126
4 1232 0.265107 -0.0695126
4 539 0.225509 -0.0711656
4 540 0.185911 -0.0728188
4 541 0.263457 -0.0645532
4 542 0.195811 -0.0695126
0 1464 0.187561 -0.186883
4 1464 0.253557 -0.0629002
4 544 0.260157 -0.059594
0 1465 0.129814 -0.181924
4 1465 0.195811 -0.0662064
4 545 0.253557 -0.0579408
4 1233 0.20901 -0.061247
4 546 0.197461 -0.059594
4 547 0.220559 -0.0579408
0 1466 0.161163 -0.175311
4 1466 0.225509 -0.0562878
0 1467 0.166112 -0.173658
4 1467 0.228809 -0.0529815
4 548 0.228809 -0.0480222
0 1468 0.218909 -0.165393
4 1468 0.283256 -0.0381036
0 1469 0.177662 -0.163739
4 1469 0.242008 -0.0414098
4 1033 0.0360449 -0.0629002
0 1470 0.21561 -0.15878
4 1470 0.278306 -0.0331443
0 1471 0.197461 -0.157127
4 1471 0.261807 -0.0331443
4 1034 0.218909 -0.0347974
4 553 0.245308 -0.0331443
4 554 0.0456693 -0.0546346
4 557 0.187561 -0.0364505
4 558 0.223859 -0.0331443
4 559 0.0605185 -0.0496753
4 560 0.217259 -0.0314912
4 561 0.225509 -0.0298381
4 562 0.232109 -0.0298381
0 1472 0.220559 -0.150515
4 1472 0.283256 -0.0248788
4 564 0.0539189 -0.0480222
4 1036 0.0621684 -0.044716
0 1473 0.164462 -0.145555
4 1473 0.225509 -0.0248788
4 567 0.20241 -0.0265319
4 569 0.243658 -0.0215726
4 570 0.261807 -0.0182664
4 573 0.0704179 -0.0364505
0 1474 0.136414 -0.13729
4 1474 0.197461 -0.0215726
4 574 0.258782 -0.0133071
4 1038 0.0456693 -0.0347974
4 577 0.189211 -0.0182664
4 579 0.261807 -0.0083477
4 581 -0.152319 -0.0546346
4 582 0.20901 -0.013307
4 584 -0.191917 -0.0579408
4 585 -0.182018 -0.0562878
4 587 0.190861 -0.011654
4 590 -0.178718 -0.0496753
4 591 0.0489691 -0.0232256
4 1239 0.0555688 -0.0215726
4 595 0.194161 -0.0017353
0 1475 -0.241414 -0.114146
4 1475 -0.170193 -0.0408588
4 600 -0.216941 -0.0394812
4 1039 0.0440194 -0.0100008
4 1241 0.0539189 -0.0083477
4 1040 0.0638183 -0.0050415
0 1476 0.151263 -0.105881
4 1476 0.21066 0.0114895
4 601 -0.237564 -0.0394812
4 604 0.229909 0.0169998
4 605 -0.216941 -0.0339709
4 606 -0.180368 -0.028185
4 1041 0.0654682 0.0015709
4 607 0.0572187 0.0015709
4 609 0.263457 0.0263674
4 610 -0.175418 -0.0248788
4 611 0.0374198 0.0015709
4 612 0.0704179 0.0048771
4 614 -0.182018 -0.0215726
0 1477 -0.0368259 -0.0910029
4 1477 0.0242206 0.0048771
4 1243 -0.238939 -0.0257053
4 616 -0.173768 -0.0182664
4 617 -0.163869 -0.0166132
4 618 -0.233165 -0.0232256
4 620 -0.167443 -0.0133071
0 1478 0.105066 -0.0827374
4 1478 0.163143 0.0286818
4 1244 -0.232065 -0.0160623
4 622 -0.208691 -0.00917433
0 1479 0.085267 -0.0711656
4 1479 0.141364 0.0379392
0 1480 0.20736 -0.0711656
4 1480 0.265107 0.0528171
4 624 -0.205116 -0.0017353
4 625 -0.173768 0.0015709
0 1481 0.113315 -0.0695126
4 1481 0.172712 0.0445516
4 626 -0.231515 -0.00338843
4 627 -0.210066 -8.22329e-05
4 1044 0.245308 0.0627357
4 628 0.276656 0.067695
4 1045 -0.163869 0.0147957
0 1482 -0.300811 -0.0562878
4 1482 -0.231515 0.0081833
4 629 0.283256 0.0726543
0 1483 0.240358 -0.0562878
4 1483 0.298105 0.0726543
4 1047 0.303054 0.0726543
4 631 -0.167168 0.019755
0 1484 -0.213366 -0.0513284
4 1484 -0.150669 0.0214082
4 1248 -0.226565 0.0164488
4 632 0.306354 0.0842261
4 633 -0.196867 0.0280206
4 1250 -0.152319 0.0362861
4 634 -0.215016 0.0280206
4 1049 -0.203466 0.0329798
4 637 -0.165518 0.0379392
4 638 -0.178718 0.0412454
4 640 -0.163869 0.0445516
0 1485 -0.30741 -0.0232256
4 1485 -0.241414 0.0362861
4 641 -0.158919 0.0478578
4 642 -0.205116 0.0462047
4 643 -0.178718 0.0495109
4 645 0.256857 0.110676
4 646 -0.205116 0.0528171
4 647 -0.186967 0.0561233
4 648 -0.181193 0.0569498
4 1052 0.316254 0.223087
0 1486 0.256857 0.0842261
4 1486 0.289855 0.221434
4 1054 0.291505 0.226393
0 1487 0.266757 0.0924916
4 1487 0.299755 0.231352
0 1488 0.261807 0.0941447
4 1488 0.294805 0.233005
4 1056 0.308004 0.234658
0 1489 0.256857 0.110676
4 1489 0.288205 0.249536
4 1058 0.293155 0.257802
0 1490 0.266757 0.132166
4 1490 0.296455 0.274333
4 650 0.303054 0.274333
0 1491 0.268406 0.137125
4 1491 0.299755 0.279292
0 1492 0.256857 0.138778
4 1492 0.288205 0.279292
0 1493 0.260157 0.140432
4 1493 0.291505 0.280945
0 1494 0.261807 0.143738
4 1494 0.291505 0.285905
0 1495 0.276656 0.143738
4 1495 0.308004 0.287558
0 1496 0.155223 -0.258958
4 1496 0.228479 -0.137951
0 1497 0.159183 -0.247056
4 1497 0.230459 -0.126049
0 1498 0.147303 -0.219284
4 1498 0.216599 -0.10026
4 1253 0.246298 -0.0903416
4 655 0.238378 -0.0883579
4 1060 0.268077 -0.0812164
4 657 0.216599 -0.0843905
4 658 0.171062 -0.0863742
4 660 0.244318 -0.0744718
4 661 0.218579 -0.0764556
0 1499 0.190861 -0.195479
4 1499 0.258177 -0.0705044
4 662 0.182941 -0.0784393
4 663 0.264117 -0.0685207
4 664 0.20868 -0.0724881
0 1500 0.121565 -0.189528
4 1500 0.188881 -0.0724881
4 665 0.254217 -0.0645532
4 666 0.194821 -0.066537
4 668 0.252237 -0.058602
4 669 0.196801 -0.0605858
4 670 0.21462 -0.0566183
4 671 0.260157 -0.0506672
4 672 0.21264 -0.0466997
4 1062 0.260157 -0.0427322
0 1501 -0.0328661 -0.163739
4 1501 0.0364299 -0.0645532
4 674 0.20472 -0.044716
4 676 0.216599 -0.0407485
4 677 0.260157 -0.0347974
4 1063 0.0384098 -0.0566183
4 1258 0.0443494 -0.0566183
4 1259 0.244318 -0.0347974
4 678 0.224519 -0.0347974
4 679 0.0502891 -0.0526509
4 680 0.186901 -0.0367811
0 1502 0.153243 -0.151837
4 1502 0.216599 -0.0328136
4 684 0.216599 -0.0248788
4 1066 0.242338 -0.0209113
0 1503 0.2067 -0.143902
4 1503 0.266757 -0.0182664
4 685 0.234418 -0.0209113
4 686 -0.175418 -0.066537
0 1504 0.135424 -0.139935
4 1504 0.196801 -0.022895
4 1068 0.258507 -0.013307
0 1505 -0.260553 -0.135967
4 1505 -0.185317 -0.0625695
4 1069 -0.151659 -0.0605858
4 689 0.0443494 -0.0347974
4 1070 -0.175418 -0.058602
0 1506 0.133444 -0.132
4 1506 0.194821 -0.0149601
4 691 0.244318 -0.0109926
0 1507 0.147303 -0.130016
4 1507 0.20868 -0.0129764
4 694 0.190861 -0.0129764
4 1071 -0.155619 -0.0506672
4 695 0.226499 -0.00702524
0 1508 -0.286291 -0.124065
4 1508 -0.211056 -0.0546346
0 1509 -0.246694 -0.124065
4 1509 -0.175418 -0.0506672
4 696 0.0483092 -0.0248788
4 697 -0.207096 -0.0526509
4 699 0.0562287 -0.022895
0 1510 0.20472 -0.120097
4 1510 0.266097 0.0048771
4 1072 0.0403897 -0.0209113
0 1511 0.180962 -0.118114
4 1511 0.242338 0.00289342
4 701 -0.169478 -0.0407485
4 1262 0.0443494 -0.0109926
4 1074 0.052269 -0.00900897
4 702 0.198781 0.0108283
0 1512 -0.31005 -0.104228
4 1512 -0.234814 -0.0387648
4 703 0.0423695 -0.00702524
4 704 0.230459 0.0167795
4 1075 -0.216995 -0.0347974
4 1076 -0.179378 -0.0268624
4 705 0.052269 0.000909691
4 706 0.0582086 0.000909691
0 1513 0.20472 -0.0982766
4 1513 0.264117 0.0247144
0 1514 -0.0249466 -0.0962928
4 1514 0.0364299 0.000909691
4 1078 0.068108 0.0048771
4 1079 -0.183337 -0.022895
4 1080 0.052269 0.00686083
4 710 -0.173438 -0.0189276
4 711 0.192841 0.0247144
4 1081 0.161163 0.034633
4 1082 -0.209076 -0.00900897
4 714 0.141364 0.0366167
4 1083 0.161163 0.0405842
4 715 0.284708 0.0544703
4 716 -0.205116 -0.00305777
4 717 -0.173438 0.000909691
4 718 0.171062 0.0425679
4 1084 0.270056 0.0544702
4 719 -0.230855 -0.0050415
4 720 -0.211056 -0.00107404
4 722 0.275996 0.0663726
4 723 -0.167498 0.012812
0 1515 -0.302131 -0.0566183
4 1515 -0.232835 0.00686083
4 1085 0.279956 0.07034
4 725 0.295795 0.0723237
4 726 -0.165518 0.0187632
4 1263 -0.151659 0.0207469
4 728 0.305694 0.0842261
4 729 0.299755 0.0901773
4 730 -0.215016 0.0266981
4 1265 0.230459 0.0842261
4 1266 -0.226895 0.0306656
4 731 -0.165518 0.0386004
4 1267 0.311634 0.10208
4 732 -0.209076 0.0366167
0 1516 -0.238774 -0.0288462
4 1516 -0.179378 0.0405842
0 1517 0.20274 -0.0169438
4 1517 0.256197 0.110014
0 1518 0.246298 0.0604214
4 1518 0.281936 0.195315
4 1089 0.309654 0.227054
0 1519 0.256197 0.0881935
4 1519 0.289855 0.225071
0 1520 0.246298 0.110014
4 1520 0.278306 0.24623
4 737 0.251446 -0.121684
0 1521 0.116021 -0.219284
4 1521 0.184921 -0.102641
0 1522 0.146908 -0.219284
4 1522 0.215808 -0.10026
4 738 0.206304 -0.0978797
0 1523 0.170666 -0.212142
4 1523 0.239566 -0.0907383
4 740 0.260949 -0.0859774
4 741 0.170666 -0.0883578
4 742 0.218183 -0.0835969
4 743 0.258573 -0.0740751
4 745 0.220559 -0.0764555
4 746 0.256197 -0.0693141
4 748 0.253821 -0.0645532
4 749 0.194425 -0.0669337
4 1094 0.263325 -0.0597922
0 1524 0.130277 -0.176435
4 1524 0.196801 -0.0597922
4 751 0.213432 -0.0574118
4 1270 0.227687 -0.0550313
4 752 0.230063 -0.0478899
4 753 0.260949 -0.0431289
4 754 0.282332 -0.0407485
4 1095 0.241942 -0.0431289
4 755 0.203928 -0.0455094
4 1096 0.227687 -0.038368
4 1097 0.258573 -0.0336071
4 1272 0.0494972 -0.0526508
4 758 0.187297 -0.0359875
4 759 0.215808 -0.0336071
4 760 0.234815 -0.0312266
4 762 0.279956 -0.0240852
0 1525 0.0114834 -0.14787
4 1525 0.0780076 -0.0455094
0 1526 0.165914 -0.145489
4 1526 0.228637 -0.0259896
0 1527 0.156411 -0.143109
4 1527 0.218183 -0.0240852
0 1528 0.137404 -0.140728
4 1528 0.199177 -0.0240852
0 1529 0.125525 -0.138348
4 1529 0.187297 -0.0217047
4 768 0.254297 -0.0145633
4 1274 -0.171458 -0.0621727
4 769 0.0542489 -0.0336071
4 1275 -0.178586 -0.0574118
4 771 0.0447455 -0.0336071
4 772 0.196801 -0.0145633
4 773 0.20868 -0.0121829
0 1530 0.130277 -0.128826
4 1530 0.192049 -0.0121829
0 1531 -0.247486 -0.126445
4 1531 -0.173834 -0.0526508
4 1101 0.051873 -0.0264657
4 774 0.263325 -0.00266096
4 775 -0.211848 -0.0550313
0 1532 -0.237982 -0.121684
4 1532 -0.166706 -0.0478899
4 1278 0.0566248 -0.0217047
4 1102 0.0423696 -0.0217047
4 776 -0.169082 -0.0407485
4 1106 -0.226895 -0.0407485
4 778 0.0613765 -0.00742194
4 779 0.196801 0.00924138
4 781 0.0423696 -0.00742194
4 784 0.0590006 -0.000280524
0 1533 0.206304 -0.10026
4 1533 0.265701 0.0259047
4 785 -0.180962 -0.0264657
4 1107 0.0494972 0.00209997
4 787 0.156411 0.0140023
4 788 0.0376179 0.00209997
4 789 -0.183337 -0.0217047
0 1534 0.220559 -0.0931188
4 1534 0.279956 0.033046
4 1108 -0.240754 -0.0268624
0 1535 0.234815 -0.0907383
4 1535 0.294211 0.037807
4 792 -0.233231 -0.0240852
4 793 -0.166706 -0.0169438
4 1109 0.156411 0.0282851
4 794 0.163539 0.0282851
0 1536 0.0993903 -0.0764555
4 1536 0.158787 0.0354265
0 1537 0.0851352 -0.0740751
4 1537 0.142156 0.0354265
4 796 -0.20472 -0.00504145
0 1538 0.104142 -0.0716946
4 1538 0.161163 0.0401875
4 797 0.170666 0.0425679
4 798 0.270452 0.0544703
4 799 -0.230855 -0.00504145
4 801 -0.166706 0.0116219
0 1539 0.232439 -0.0574118
4 1539 0.289459 0.0711336
4 802 -0.233231 0.00924138
4 1110 -0.150075 0.0211437
4 805 -0.199968 0.0282851
4 1284 -0.152451 0.0354265
4 1112 -0.226103 0.0306656
4 807 -0.166706 0.037807
4 1113 -0.240358 0.0354265
4 809 -0.192841 0.0425679
4 810 -0.178586 0.0449484
4 811 -0.159579 0.0473289
0 1540 0.203928 -0.0169438
4 1540 0.256197 0.109221
0 1541 -0.235606 -0.0145633
4 1541 -0.180962 0.0544703
0 1542 0.287083 -0.00504145
4 1542 0.332225 0.133026
0 1543 0.241942 0.0568508
4 1543 0.27758 0.190157
0 1544 0.246694 0.0592313
4 1544 0.282332 0.194918
0 1545 0.265701 0.073514
4 1545 0.298963 0.211581
0 1546 0.258573 0.109221
4 1546 0.289459 0.247288
0 1547 0.287083 0.123504
4 1547 0.320346 0.268713
0 1548 0.270452 0.128265
4 1548 0.301339 0.271093
0 1549 0.268077 0.135406
4 1549 0.296587 0.278234
0 1550 0.256197 0.137787
4 1550 0.287083 0.278234
0 1551 0.275204 0.142548
4 1551 0.30609 0.285376
0 1552 0.151659 -0.251658
4 1552 0.222935 -0.131682
4 1117 0.220084 -0.123113
0 1553 0.18017 -0.243088
4 1553 0.251446 -0.120256
4 1288 0.188723 -0.10883
4 1118 0.240041 -0.0916905
4 1119 0.251446 -0.0916905
0 1554 0.197276 -0.205953
4 1554 0.268552 -0.0802643
4 817 0.217233 -0.0831208
4 821 0.188723 -0.0716946
4 822 0.194425 -0.0659814
4 1291 0.251446 -0.0574118
4 825 0.217233 -0.0545552
4 826 0.228637 -0.0545552
4 828 0.242892 -0.0431289
4 1122 0.282807 -0.0402723
4 1124 0.220084 -0.0402723
4 830 0.242892 -0.0345593
4 832 0.0803835 -0.0516986
4 833 0.0547241 -0.0516986
0 1555 -0.0194028 -0.148822
4 1555 0.049022 -0.0488421
0 1556 0.0119586 -0.148822
4 1556 0.0775324 -0.0459855
4 834 0.0604262 -0.0459855
4 835 0.0685041 -0.0431289
0 1557 0.0205117 -0.145965
4 1557 0.0860855 -0.0431289
4 836 0.259999 -0.023133
4 838 0.220084 -0.023133
0 1558 0.140255 -0.140252
4 1558 0.200127 -0.023133
0 1559 0.18017 -0.140252
4 1559 0.242892 -0.0174199
0 1560 -0.244635 -0.134539
4 1560 -0.170508 -0.0602683
0 1561 -0.250337 -0.131682
4 1561 -0.17621 -0.0574118
4 842 0.0547241 -0.0317027
0 1562 0.183021 -0.131682
4 1562 0.245743 -0.00885015
4 1128 -0.236082 -0.0631249
0 1563 0.128851 -0.128826
4 1563 0.191574 -0.0117067
4 845 0.197276 -0.0117067
4 847 -0.164806 -0.0488421
4 849 0.268552 0.00543267
4 850 -0.221351 -0.0502703
4 851 -0.167657 -0.0402723
4 852 0.0604262 -0.0145633
4 1131 0.194425 0.00828922
4 854 -0.213273 -0.0374158
4 1132 0.0604262 -0.00599361
0 1564 0.106043 -0.103117
4 1564 0.165915 0.00828922
4 855 0.228637 0.0168589
4 1293 0.0604262 -0.000280466
4 856 -0.179061 -0.0259896
4 857 0.157361 0.0140024
4 1133 -0.24511 -0.0312266
4 858 0.0404689 0.00257608
4 1134 0.0689793 0.00543267
4 860 0.279956 0.0339983
4 861 0.285658 0.0454245
4 1137 -0.167657 -0.00885015
0 1565 0.0860855 -0.0745511
4 1565 0.143106 0.0368549
4 865 0.299913 0.068277
4 1140 0.279956 0.0711336
4 866 -0.233231 0.00828922
0 1566 0.245743 -0.0545552
4 1566 0.305615 0.0768467
4 1141 -0.164806 0.0197154
4 868 -0.15055 0.022572
4 870 0.231488 0.0854164
0 1567 0.257148 -0.0317027
4 1567 0.314168 0.0996992
4 871 0.299913 0.102556
4 872 -0.179061 0.0454245
4 873 -0.159104 0.0482811
0 1568 -0.236082 -0.0145633
4 1568 -0.179061 0.0539942
0 1569 -0.25889 -0.0117067
4 1569 -0.196167 0.0539942
4 1144 0.277105 0.191109
0 1570 0.248595 0.0625639
4 1570 0.282807 0.196822
0 1571 0.257148 0.068277
4 1571 0.289079 0.205392
4 1146 0.308466 0.219675
4 1297 0.308466 0.228245
0 1572 0.271403 0.0939861
4 1572 0.305615 0.233958
0 1573 0.279956 0.108269
4 1573 0.311317 0.251097
0 1574 0.26285 0.116839
4 1574 0.29136 0.25681
0 1575 0.268552 0.128265
4 1575 0.299913 0.271093
0 1576 0.257148 0.136835
4 1576 0.289079 0.277377
0 1577 0.268552 0.136835
4 1577 0.297062 0.279663
0 1578 0.179599 -0.24366
4 1578 0.251446 -0.120256
0 1579 0.145387 -0.22652
4 1579 0.217233 -0.106545
4 1148 0.189863 -0.106545
4 877 0.251446 -0.0928331
4 1151 0.189863 -0.0756937
0 1580 0.189863 -0.192242
4 1580 0.258288 -0.068838
0 1581 0.162493 -0.175102
4 1581 0.227497 -0.0551265
4 1152 0.258288 -0.0516986
0 1582 -0.0325176 -0.171674
4 1582 0.0359073 -0.0722659
0 1583 -0.248056 -0.168246
4 1583 -0.172789 -0.0928331
4 885 0.200127 -0.0482707
0 1584 -0.251477 -0.157963
4 1584 -0.17621 -0.0825495
4 1155 0.258288 -0.0345592
0 1585 -0.0290963 -0.154535
4 1585 0.0393285 -0.0551265
0 1586 0.0153798 -0.154535
4 1586 0.0832345 -0.0516986
0 1587 0.165915 -0.154535
4 1587 0.230918 -0.0345592
4 887 0.278816 -0.0242756
4 888 0.059856 -0.0482707
0 1588 0.0222223 -0.147679
4 1588 0.0872259 -0.0448428
4 1156 0.258288 -0.0242756
4 889 0.200127 -0.0277035
0 1589 0.193284 -0.137395
4 1589 0.251446 -0.0139919
4 892 -0.17621 -0.0585543
4 893 0.0427498 -0.0311314
4 1300 0.0530135 -0.0311314
0 1590 0.128281 -0.13054
4 1590 0.189863 -0.0139919
0 1591 0.138545 -0.13054
4 1591 0.196706 -0.0139919
0 1592 0.131702 -0.109972
4 1592 0.193284 0.0065753
4 897 0.059856 -0.00713623
4 898 0.165915 0.0100032
4 1302 -0.169367 -0.0208477
4 902 0.196706 0.0237147
4 903 0.278816 0.0339983
4 1166 0.155651 0.0339983
0 1593 0.111175 -0.0756937
4 1593 0.169336 0.0374261
4 907 -0.236082 0.00257608
0 1594 0.220654 -0.0585543
4 1594 0.278816 0.068277
4 914 -0.17621 0.040854
0 1595 0.203548 -0.0174198
4 1595 0.258288 0.109412
0 1596 0.326713 0.013431
4 1596 0.371189 0.157402
0 1597 0.241182 0.0579935
4 1597 0.275394 0.191681
4 1168 0.306185 0.219104
0 1598 0.254867 0.0957001
4 1598 0.285658 0.232815
0 1599 0.268552 0.126551
4 1599 0.295922 0.267094
0 1600 0.156312 -0.250979
5 1600 0.214555 -0.131397
5 1307 0.21742 -0.12757
0 1601 0.154403 -0.245239
5 1601 0.212646 -0.125657
0 1602 0.162996 -0.244282
5 1602 0.221239 -0.1247
5 1310 0.231742 -0.118004
0 1603 0.176363 -0.232802
5 1603 0.233651 -0.11322
5 922 0.235561 -0.105567
5 2 0.181328 -0.107672
0 1604 0.184002 -0.222279
5 1604 0.24129 -0.102697
5 5 0.206917 -0.100784
5 925 0.195459 -0.0969572
5 6 0.218375 -0.0950439
0 1605 0.128623 -0.212713
5 1605 0.184956 -0.0969572
0 1606 0.115256 -0.210799
5 1606 0.171589 -0.0950439
5 9 0.234606 -0.0921739
0 1607 0.184956 -0.209843
5 1607 0.24129 -0.0902606
5 10 0.187821 -0.0921739
5 927 0.226968 -0.0883473
5 13 0.175408 -0.0893039
5 15 0.179228 -0.0873906
5 16 0.255612 -0.083564
5 19 0.159177 -0.0854773
5 930 0.175408 -0.083564
5 25 0.200233 -0.0816507
5 26 0.169679 -0.0826073
5 28 0.219329 -0.0787807
5 29 0.171589 -0.080694
5 1318 0.176363 -0.0759107
5 33 0.21742 -0.0730408
5 34 0.246064 -0.0720841
5 1319 0.203098 -0.0720841
5 36 0.251793 -0.0673008
5 37 0.19164 -0.0692141
5 38 0.213601 -0.0682575
5 39 0.2432 -0.0673008
5 40 0.186866 -0.0692141
0 1608 0.130532 -0.184013
5 1608 0.184956 -0.0673008
5 41 0.245109 -0.0644308
5 43 0.242245 -0.0615609
5 44 0.201188 -0.0615609
5 45 0.205007 -0.0606042
0 1609 0.157267 -0.177316
5 1609 0.213601 -0.0596476
5 47 0.221239 -0.0558209
5 932 0.252748 -0.0539076
5 48 0.280437 -0.050081
0 1610 0.194504 -0.169663
5 1610 0.250838 -0.0510376
0 1611 0.222194 -0.16775
5 1611 0.277573 -0.0462544
0 1612 0.212646 -0.165836
5 1612 0.268979 -0.0462544
0 1613 0.218375 -0.163923
5 1613 0.273753 -0.0433844
5 54 0.208827 -0.0452977
5 55 0.211691 -0.044341
5 56 0.232888 -0.0433844
5 933 0.210736 -0.0424277
5 60 0.237471 -0.0405144
5 1322 0.271844 -0.0376444
0 1614 0.203098 -0.158183
5 1614 0.257522 -0.0376444
5 63 0.254657 -0.0366878
5 934 0.0209207 -0.0479763
5 64 0.188776 -0.0386011
5 65 0.206917 -0.0386011
5 66 0.213601 -0.0376444
5 67 0.204052 -0.0376444
5 1324 0.23938 -0.0357311
5 1326 0.176363 -0.0357311
5 70 0.203098 -0.0347745
5 71 0.19966 -0.0342004
5 1327 0.205962 -0.0328612
5 72 0.214555 -0.0328612
5 938 0.226968 -0.0319045
5 1329 0.210736 -0.0309478
5 1174 -0.185508 -0.0510376
5 76 0.054148 -0.0395578
5 78 0.178273 -0.0319045
5 79 -0.202695 -0.0510376
5 1331 0.248928 -0.0261646
5 84 -0.186463 -0.0481677
5 86 0.206917 -0.0280779
0 1615 0.159177 -0.14479
5 1615 0.212646 -0.0280779
5 88 0.192595 -0.0280779
5 1332 0.253702 -0.0232946
5 91 -0.185508 -0.044341
5 93 0.220284 -0.0232946
0 1616 0.199278 -0.140963
5 1616 0.254657 -0.0213813
5 94 0.226968 -0.0213813
5 95 0.0551028 -0.0299912
5 96 0.253702 -0.0185113
5 98 0.200233 -0.019468
5 99 0.204052 -0.0185113
5 100 0.246637 -0.0135367
5 103 0.199278 -0.0156413
5 104 0.242245 -0.0127714
5 1177 -0.192192 -0.0338178
5 106 -0.243751 -0.0357311
5 107 -0.239932 -0.0357311
5 108 -0.204604 -0.0338178
5 113 -0.237068 -0.0299912
5 943 -0.193147 -0.0280779
5 114 -0.217972 -0.0290345
5 116 -0.245661 -0.0290345
0 1617 -0.00123077 -0.122787
5 1617 0.0465095 -0.0156413
0 1618 -0.244706 -0.119917
5 1618 -0.187418 -0.0242513
5 1178 0.0255038 -0.0127714
5 1338 0.0465095 -0.0108581
5 120 -0.220836 -0.0213813
5 123 -0.186463 -0.0185113
5 945 0.0398259 -0.00511811
5 125 -0.226565 -0.0156413
5 127 -0.236113 -0.0156413
5 131 -0.25139 -0.0156413
5 132 0.0274134 -0.00224814
5 134 0.0398259 -0.000334827
5 136 -0.245661 -0.013728
5 137 -0.238023 -0.0127714
5 1179 -0.242797 -0.0127714
5 138 0.0283682 0.00062183
5 140 0.22143 0.014015
0 1619 -0.302949 -0.102697
5 1619 -0.240887 -0.0099014
5 141 0.0255038 0.0034918
5 142 -0.195056 -0.00511811
5 146 0.0474643 0.00827509
5 948 0.0522384 0.0101884
5 147 0.0551028 0.0101884
0 1620 -0.244706 -0.0960005
5 1620 -0.190282 -0.00129148
5 148 0.0216846 0.0101884
5 149 0.0426903 0.0111451
5 153 -0.197921 0.00253514
5 949 0.0274134 0.0130584
5 154 0.024549 0.0149717
5 1342 0.140081 0.0216683
5 156 -0.246616 0.0034918
0 1621 -0.242797 -0.0883473
5 1621 -0.187418 0.00636177
5 157 -0.17787 0.00636177
0 1622 0.103798 -0.0826073
5 1622 0.149629 0.0293215
5 161 0.161086 0.0321915
5 1345 0.145809 0.0341048
5 164 0.131487 0.0388881
5 165 0.150583 0.0398448
5 167 0.261341 0.0484547
5 168 -0.222746 0.0216683
5 169 -0.241842 0.0216683
5 1346 0.160131 0.044628
5 171 -0.218927 0.0245383
5 172 -0.242797 0.0254949
5 173 -0.246616 0.0274082
5 174 0.268979 0.0599346
5 1347 -0.248526 0.0312349
5 1181 0.279482 0.0647178
5 178 0.285211 0.0647178
5 179 0.288075 0.0666312
5 181 -0.164503 0.0436714
5 182 0.299533 0.0704578
5 954 -0.156864 0.0455847
5 183 -0.238023 0.0417581
5 1183 0.300488 0.0761977
5 184 -0.162593 0.0494113
5 188 -0.207469 0.053238
5 1351 0.292849 0.0819377
5 189 -0.226565 0.0551513
5 1352 -0.17596 0.0599346
0 1623 0.254657 -0.0328612
5 1623 0.303352 0.0895909
0 1624 0.259431 -0.0328612
5 1624 0.309081 0.0895909
5 191 -0.180734 0.0628045
5 192 -0.172141 0.0628045
0 1625 0.259431 -0.0309478
5 1625 0.308126 0.0915042
5 1353 -0.214152 0.0628045
5 194 -0.175005 0.0656745
5 196 -0.188373 0.0656745
5 197 -0.172141 0.0675878
5 198 0.297623 0.0943742
5 199 -0.216062 0.0656745
5 203 0.294759 0.0966702
5 955 -0.168322 0.0695011
5 204 -0.182644 0.0704578
5 205 -0.190282 0.0714144
5 206 -0.168322 0.0714144
5 208 -0.217017 0.0723711
5 209 -0.188373 0.0752411
5 210 -0.197921 0.0761977
5 211 -0.216062 0.0790677
5 212 -0.195056 0.0819377
5 213 -0.190282 0.0819377
0 1626 0.287121 -0.00416145
5 1626 0.345364 0.124987
5 1354 0.298578 0.182387
0 1627 0.247974 0.0589779
5 1627 0.303352 0.189083
5 1355 0.308126 0.194823
0 1628 0.331042 0.0675878
5 1628 0.39024 0.203433
5 1357 0.334861 0.213
0 1629 0.253702 0.0886343
5 1629 0.308508 0.221801
5 957 0.315765 0.225436
5 958 0.3129 0.226393
0 1630 0.252748 0.102027
5 1630 0.306217 0.233089
0 1631 0.256567 0.102027
5 1631 0.309081 0.233089
0 1632 0.252748 0.104897
5 1632 0.306217 0.235959
5 1363 0.310036 0.235959
0 1633 0.255612 0.110637
5 1633 0.308279 0.242924
0 1634 0.278527 0.112551
5 1634 0.333906 0.246483
5 1364 0.317674 0.250501
0 1635 0.286166 0.122117
5 1635 0.341545 0.257006
5 1365 0.317674 0.256049
0 1636 0.26325 0.126901
5 1636 0.316529 0.259685
5 1367 0.321494 0.266572
5 215 0.323403 0.272312
5 1368 0.310036 0.273269
0 1637 0.156121 -0.25117
5 1637 0.214555 -0.131779
0 1638 0.181328 -0.247726
5 1638 0.239762 -0.127188
0 1639 0.159559 -0.246578
5 1639 0.217993 -0.127188
0 1640 0.162996 -0.243134
5 1640 0.22143 -0.124892
0 1641 0.173308 -0.238542
5 1641 0.231742 -0.119152
0 1642 0.176745 -0.23395
5 1642 0.234033 -0.113412
0 1643 0.114874 -0.210991
5 1643 0.171016 -0.0950439
5 1186 0.236325 -0.0927479
0 1644 0.184765 -0.209843
5 1644 0.240908 -0.0904519
5 223 0.188203 -0.0915999
5 961 0.227159 -0.0881559
5 963 0.231742 -0.0826073
5 1373 0.237471 -0.083564
0 1645 0.103416 -0.200659
5 1645 0.159559 -0.0858599
5 227 0.211118 -0.083564
0 1646 0.197369 -0.200659
5 1646 0.252366 -0.08012
5 230 0.222576 -0.078972
5 231 0.208827 -0.078972
0 1647 0.116019 -0.196067
5 1647 0.172162 -0.08012
5 1374 0.211118 -0.076676
5 234 0.175599 -0.075528
5 235 0.216847 -0.073232
5 236 0.211118 -0.0720841
5 237 0.203098 -0.0720841
5 1375 0.206535 -0.0709361
5 1376 0.176745 -0.0720841
5 1188 0.252366 -0.0674921
5 238 0.187057 -0.0686401
5 239 0.19164 -0.0686401
5 242 0.184765 -0.0674921
5 964 0.242054 -0.0617522
5 243 0.200806 -0.0617522
5 244 0.205389 -0.0606042
5 245 0.209972 -0.0606042
5 965 0.21341 -0.0594562
5 1377 0.217993 -0.0583082
5 248 0.22143 -0.0560122
5 249 0.252366 -0.0537163
5 250 0.217993 -0.0491243
5 251 0.277573 -0.0468283
5 253 0.269552 -0.0456803
5 1379 0.274135 -0.0433844
5 254 0.204243 -0.0456803
5 255 0.219138 -0.0445323
5 256 0.208827 -0.0445323
5 966 0.212264 -0.0445323
5 1380 0.254657 -0.0422364
5 260 -0.185317 -0.0594562
5 261 0.207681 -0.0399404
5 262 0.21341 -0.0376444
5 1381 0.189349 -0.0387924
5 263 0.203098 -0.0376444
5 970 0.237471 -0.0364964
0 1648 0.12404 -0.151295
5 1648 0.176745 -0.0353484
5 971 0.201952 -0.0342004
5 266 0.214555 -0.0342004
5 269 0.206535 -0.0330524
0 1649 0.215701 -0.150147
5 1649 0.271844 -0.0296085
5 1383 0.209972 -0.0319045
5 276 -0.20365 -0.0502723
0 1650 -0.251772 -0.146703
5 1650 -0.191046 -0.0502723
0 1651 -0.247189 -0.145555
5 1651 -0.186463 -0.0479763
5 279 0.0461276 -0.0376444
5 281 0.207681 -0.0273125
0 1652 0.159559 -0.144407
5 1652 0.21341 -0.0273125
5 282 0.238616 -0.0250166
0 1653 0.162996 -0.143259
5 1653 0.216847 -0.0261646
0 1654 0.134352 -0.142111
5 1654 0.187057 -0.0261646
5 1193 -0.200785 -0.044341
5 1194 -0.186463 -0.0445323
0 1655 0.167579 -0.140963
5 1655 0.220284 -0.0238686
5 1384 0.254657 -0.0215726
5 288 0.227159 -0.0215726
5 289 0.250074 -0.0204246
5 290 0.253511 -0.0181286
5 291 -0.184172 -0.0399404
5 293 0.19966 -0.0192766
5 294 0.204243 -0.0181286
0 1656 0.128623 -0.134075
5 1656 0.179037 -0.0181286
5 296 -0.250626 -0.0399404
5 298 0.19966 -0.0146847
5 299 0.240908 -0.0135367
5 1386 -0.243751 -0.0353484
5 301 -0.240314 -0.0353484
5 302 -0.204795 -0.0342004
5 304 -0.197921 -0.0328612
5 305 0.178273 -0.013728
5 306 0.180182 -0.0123887
5 1390 -0.251772 -0.0330524
5 1196 -0.244897 -0.0296085
0 1657 -0.299894 -0.123744
5 1657 -0.235731 -0.0307565
5 307 -0.217399 -0.0296085
5 311 0.254657 0.000239202
5 974 -0.239168 -0.0227206
5 1394 -0.220836 -0.0215726
0 1658 -0.242606 -0.113412
5 1658 -0.185317 -0.0174399
5 313 0.0403988 -0.00664874
5 314 0.0472734 -0.00550074
5 315 -0.240314 -0.0192766
5 316 -0.226565 -0.0169806
5 317 0.0449819 -0.0032048
5 318 -0.226565 -0.0135367
5 320 -0.246043 -0.0135367
5 321 -0.238023 -0.0135367
5 1197 0.0495649 0.000239202
5 1395 0.200806 0.00942309
5 976 0.0289411 0.0013872
5 324 -0.228856 -0.00779674
5 1398 -0.194483 -0.00550074
5 1399 0.0381072 0.00712714
5 977 0.0472734 0.00827509
5 327 0.0415445 0.00942309
5 329 -0.1899 -0.0020568
5 330 0.0552937 0.0105711
5 332 0.0484192 0.0105711
5 333 0.0587311 0.014015
5 334 -0.197921 0.00253514
5 335 0.0277953 0.015163
5 978 -0.250435 0.00253514
0 1659 -0.242606 -0.0881559
5 1659 -0.187609 0.00712714
5 337 -0.177297 0.00597914
5 1402 -0.247189 0.00483114
5 338 -0.18188 0.00942309
5 340 -0.221982 0.015163
5 341 0.128623 0.0388881
0 1660 0.105707 -0.0720841
5 1660 0.150392 0.0404188
5 343 0.261532 0.0484547
5 344 -0.242606 0.022051
5 979 -0.218545 0.024347
5 346 -0.243751 0.0254949
0 1661 -0.273541 -0.0594562
5 1661 -0.21969 0.0323829
0 1662 -0.303331 -0.0583082
5 1662 -0.246616 0.0321915
0 1663 -0.298748 -0.0560122
5 1663 -0.244706 0.0341048
5 348 0.294759 0.0656745
5 980 0.284447 0.0656745
5 351 0.287885 0.0668225
5 352 0.298196 0.0679705
0 1664 0.250074 -0.0514203
5 1664 0.299342 0.0702665
5 353 -0.156673 0.0450107
5 1203 -0.239168 0.0427147
5 1406 -0.179589 0.0461587
5 354 -0.162402 0.0496027
5 357 0.293613 0.0828943
5 358 -0.226565 0.0553426
5 359 -0.175005 0.0599346
5 360 0.308508 0.0897823
0 1665 -0.288436 -0.0307565
5 1665 -0.235731 0.0599346
5 361 -0.213962 0.0622306
0 1666 -0.230002 -0.0296085
5 1666 -0.179589 0.0633786
5 362 0.306217 0.0932263
5 982 -0.187609 0.0656745
0 1667 -0.224273 -0.0273125
5 1667 -0.175005 0.0656745
5 1204 -0.216253 0.0656745
5 364 -0.200212 0.0702665
5 365 -0.183026 0.0714144
5 368 -0.216253 0.0725624
5 369 -0.188755 0.0748584
5 370 -0.216253 0.0794504
0 1668 -0.243751 -0.0112407
5 1668 -0.194483 0.0817464
5 984 -0.1899 0.0817464
0 1669 0.286739 -0.00435274
5 1669 0.345173 0.12537
0 1670 0.250074 0.0645266
5 1670 0.305071 0.194249
0 1671 0.256949 0.0840423
5 1671 0.309654 0.213995
0 1672 0.270698 0.0909303
5 1672 0.326153 0.225015
5 1411 0.313091 0.226393
0 1673 0.253511 0.101262
5 1673 0.306217 0.233281
5 990 0.3108 0.235577
0 1674 0.252366 0.111594
5 1674 0.306217 0.244761
0 1675 0.278718 0.112742
5 1675 0.333715 0.247057
0 1676 0.275281 0.146034
5 1676 0.327986 0.281496
0 1677 0.180412 -0.246119
5 1677 0.238158 -0.126269
0 1678 0.147413 -0.244742
5 1678 0.20516 -0.126269
0 1679 0.162538 -0.243364
5 1679 0.220284 -0.124892
5 372 0.231284 -0.119381
5 374 0.240908 -0.10285
0 1680 0.122665 -0.221323
5 1680 0.179037 -0.105605
5 992 0.20516 -0.100095
5 993 0.195536 -0.0973398
5 1421 0.174912 -0.0973398
5 376 0.236783 -0.093207
5 377 0.172162 -0.0945846
5 379 0.227159 -0.0890743
5 1206 0.240908 -0.0904519
5 381 0.169412 -0.0904519
5 382 0.254657 -0.083564
5 384 0.20791 -0.083564
0 1681 0.180412 -0.202036
5 1681 0.236783 -0.083564
5 1423 0.159788 -0.0849416
5 1207 0.251907 -0.0808088
5 387 0.234033 -0.0794312
5 1208 0.21066 -0.076676
5 388 0.253282 -0.0752985
5 1209 0.246408 -0.0739209
5 389 0.173537 -0.076676
5 390 0.216159 -0.0725433
5 391 0.176287 -0.0725433
0 1682 0.148788 -0.18826
5 1682 0.20516 -0.0711657
5 392 0.242283 -0.0670329
5 1210 0.251907 -0.0670329
5 393 0.185911 -0.0697881
5 394 0.190036 -0.0684105
5 1211 0.249158 -0.0642777
5 395 0.184536 -0.0670329
5 1428 0.240908 -0.0615226
5 994 0.201035 -0.0615226
5 397 0.212035 -0.0587674
5 995 0.185911 -0.060145
5 398 0.217534 -0.0587674
5 399 0.220284 -0.0560122
5 996 0.251907 -0.0546346
5 400 0.218909 -0.0505019
5 402 0.276656 -0.0463692
5 1212 0.250532 -0.0463692
5 403 0.273906 -0.043614
5 404 0.203785 -0.0463692
5 1429 0.232659 -0.0449916
5 997 0.20791 -0.0449916
5 405 0.21341 -0.0449916
5 406 0.218909 -0.0449916
0 1683 0.198285 -0.156576
5 1683 0.253282 -0.036726
5 411 0.21341 -0.0381036
0 1684 0.133664 -0.153821
5 1684 0.187286 -0.0381036
5 413 0.214785 -0.0339709
5 414 0.0374198 -0.043614
5 416 0.177662 -0.036726
5 417 0.20241 -0.0339709
5 418 0.218909 -0.0325933
5 419 0.225784 -0.0325933
5 422 0.209285 -0.0325933
5 423 0.0387947 -0.0408588
5 425 -0.204566 -0.0505019
5 1216 0.0539188 -0.0381036
5 428 0.249158 -0.0270829
5 429 0.206535 -0.0270829
5 999 0.20241 -0.0257053
0 1685 0.201035 -0.1428
5 1685 0.256032 -0.0229502
5 433 0.227159 -0.0229502
0 1686 0.135039 -0.13729
5 1686 0.187286 -0.0215726
0 1687 0.198285 -0.13729
5 1687 0.253282 -0.0174399
5 434 0.198285 -0.0188174
5 1434 -0.249939 -0.0408588
5 1435 0.246408 -0.0146847
5 1437 0.19966 -0.0146847
5 439 -0.205941 -0.0339709
5 440 -0.192192 -0.0330524
5 442 0.0360449 -0.0229502
5 443 -0.244439 -0.0353484
5 1218 -0.196775 -0.0330524
5 444 -0.240314 -0.0353484
5 1440 0.218909 -0.00917433
0 1688 -0.248564 -0.126269
5 1688 -0.1899 -0.0296085
0 1689 -0.244439 -0.126269
5 1689 -0.186692 -0.0298381
5 446 -0.236189 -0.0312157
5 1441 0.258782 -0.00504156
5 1220 -0.245814 -0.0298381
5 1442 -0.241689 -0.0298381
5 447 -0.218315 -0.0298381
5 448 0.033295 -0.0160623
5 449 0.0401696 -0.0160623
0 1690 -0.001078 -0.122136
5 1690 0.0470442 -0.0146847
5 454 -0.238939 -0.0229502
0 1691 0.0992912 -0.113871
5 1691 0.148101 0.000239202
5 1001 -0.240314 -0.0188174
5 1002 -0.226565 -0.0174399
5 1221 -0.237564 -0.0133071
5 460 -0.22794 -0.0133071
5 461 0.0387947 -0.000908798
5 462 0.19966 0.00873432
0 1692 -0.303561 -0.105605
5 1692 -0.243064 -0.0133071
5 464 0.0277953 0.00184638
5 466 -0.194942 -0.00504156
5 1222 0.0209207 0.00460156
5 470 0.0507107 0.00827509
5 471 0.0415445 0.00873432
5 472 -0.190817 -0.00228639
5 474 0.0456693 0.0114895
5 475 -0.197692 0.00184638
5 476 0.0374198 0.0142447
5 1006 0.0236706 0.0156223
5 477 -0.254063 0.00253514
5 478 -0.251314 0.00184638
5 480 -0.178443 0.00597914
5 1443 -0.247189 0.00460156
5 1224 -0.182567 0.00873432
0 1693 -0.0382008 -0.0849416
5 1693 0.00854646 0.019755
5 482 0.141914 0.0293981
5 1010 0.158413 0.0335309
5 1444 0.150163 0.0404188
5 1011 -0.223128 0.022051
5 1012 0.129769 0.0404188
5 487 0.261532 0.0486843
5 488 -0.243064 0.0211326
5 490 -0.185317 0.0252653
5 1227 0.159788 0.0445516
5 492 -0.223128 0.0266429
5 493 -0.248335 0.0312349
5 494 -0.21969 0.0321533
5 495 0.268406 0.059705
5 1228 0.282156 0.0622306
5 496 -0.178443 0.0376636
5 497 0.29453 0.0652153
5 498 0.272531 0.0652153
5 500 0.283531 0.0652153
5 503 -0.183942 0.043174
5 504 -0.164694 0.0438627
5 506 -0.159194 0.0459291
5 508 0.29728 0.076236
5 510 -0.207316 0.052817
5 1446 0.293155 0.0817464
5 511 -0.175693 0.059705
5 513 -0.236189 0.059705
5 515 -0.188067 0.0652153
5 1015 -0.216941 0.0652153
0 1694 -0.22244 -0.0257053
5 1694 -0.172943 0.0679705
0 1695 -0.307685 -0.0229502
5 1695 -0.255438 0.0665929
5 1017 -0.200441 0.0693481
5 1230 -0.168818 0.0721033
0 1696 -0.267813 -0.0188174
5 1696 -0.216941 0.0721033
5 516 -0.188067 0.0748584
5 517 0.251907 0.105165
5 518 -0.216941 0.0789912
5 519 -0.194942 0.0817464
5 520 -0.190267 0.082573
5 1447 0.345402 0.124452
5 1448 0.29728 0.183688
5 1449 0.301405 0.183688
0 1697 0.246408 0.0624601
5 1697 0.301405 0.191953
0 1698 0.251907 0.0652153
5 1698 0.305529 0.193331
0 1699 0.328903 0.0679705
5 1699 0.389858 0.203433
5 1450 0.323403 0.207107
5 1021 0.331653 0.226393
5 1454 0.305529 0.233281
5 1023 0.309654 0.236036
5 521 0.333028 0.247057
0 1700 0.273906 0.129962
5 1700 0.328903 0.266343
0 1701 0.269781 0.132717
5 1701 0.322028 0.266343
5 1026 0.309654 0.273231
5 1458 0.333715 0.280348
0 1702 0.156213 -0.257966
5 1702 0.21561 -0.138943
5 524 0.21066 -0.127371
5 525 0.20571 -0.125718
5 1460 0.230459 -0.120759
5 527 0.233758 -0.114146
5 1231 0.240358 -0.102575
5 1461 0.20406 -0.100921
5 1028 0.174362 -0.0976153
5 529 0.194161 -0.0976153
0 1703 0.113315 -0.20672
5 1703 0.169412 -0.0910029
5 1029 0.245308 -0.0860436
5 1030 0.177662 -0.0876967
5 533 0.169412 -0.0860436
5 1031 0.20736 -0.0843905
5 537 0.172712 -0.0777781
5 538 0.246958 -0.0744719
5 1232 0.253557 -0.0744719
5 543 0.190861 -0.0678594
5 544 0.248608 -0.0645532
5 1465 0.184261 -0.0662064
5 545 0.240358 -0.0629002
5 1233 0.19911 -0.0629002
5 546 0.185911 -0.061247
5 547 0.21231 -0.059594
5 1467 0.220559 -0.0562878
5 548 0.218909 -0.0496753
5 1468 0.275006 -0.044716
5 1032 0.20406 -0.0463691
5 1469 0.232109 -0.044716
5 1033 0.0192709 -0.0546346
5 550 0.218909 -0.044716
5 551 0.20901 -0.0430629
5 1034 0.21231 -0.0381036
5 553 0.237058 -0.0364505
5 556 0.20241 -0.0381036
5 1035 0.0357699 -0.0430629
5 557 0.177662 -0.0364505
5 558 0.21561 -0.0347974
5 1235 -0.185317 -0.0529815
0 1704 0.146314 -0.150515
5 1704 0.20241 -0.0331443
5 560 0.20901 -0.0331443
5 562 0.225509 -0.0314912
5 564 0.0390697 -0.0414098
0 1705 -0.00877752 -0.147208
5 1705 0.0407196 -0.0381036
0 1706 -0.248014 -0.145555
5 1706 -0.188617 -0.0480222
5 1473 0.218909 -0.028185
5 567 0.194161 -0.028185
5 568 0.20736 -0.0265319
5 569 0.237058 -0.0248788
0 1707 0.20571 -0.143902
5 1707 0.261807 -0.0232256
5 571 -0.196867 -0.044716
0 1708 0.167762 -0.140596
5 1708 0.220559 -0.0232256
5 572 0.227159 -0.0232256
0 1709 -0.261213 -0.138943
5 1709 -0.199067 -0.043614
5 1237 -0.183667 -0.0397567
5 1474 0.187561 -0.0215726
5 574 0.251907 -0.0182664
5 1037 0.197461 -0.0182664
5 576 0.0374198 -0.0265319
5 580 -0.189442 -0.0353484
5 583 0.238708 -0.013307
5 585 -0.196317 -0.0325933
5 586 -0.241414 -0.0347974
5 589 -0.218315 -0.0298381
0 1710 0.176012 -0.124065
5 1710 0.226499 -0.0050415
0 1711 0.20406 -0.124065
5 1711 0.256857 -0.0050415
5 590 -0.192192 -0.0270829
5 593 0.0258705 -0.013307
5 594 -0.238114 -0.0232256
5 595 0.185911 -0.0017353
5 1475 -0.185317 -0.0182664
5 596 -0.238114 -0.0182664
5 597 -0.226565 -0.0166132
5 600 -0.228215 -0.013307
5 601 -0.251314 -0.0119295
5 604 0.220284 0.0142447
5 605 -0.229865 -0.0083477
5 606 -0.195217 -0.0050415
0 1712 -0.00877752 -0.0976153
5 1712 0.0374198 0.0081833
5 607 0.0423695 0.0081833
5 609 0.255207 0.0214082
5 610 -0.190267 -0.0017353
5 611 0.0225707 0.00983643
5 612 0.0539188 0.0101119
5 613 0.0456693 0.0114895
5 614 -0.196867 0.0015709
5 1477 0.00937142 0.0131426
5 615 0.0374198 0.0147957
5 1243 -0.254063 0.00184638
5 617 -0.178718 0.00653023
5 619 0.0562287 0.0187632
5 621 0.278306 0.0379392
0 1713 0.085267 -0.0810843
5 1713 0.130914 0.0307757
0 1714 0.21066 -0.076125
5 1714 0.260157 0.0445516
5 623 0.149613 0.0412454
5 624 -0.218315 0.0230612
5 625 -0.186967 0.0247144
5 627 -0.223265 0.0263674
5 1044 0.235408 0.0577764
5 628 0.270056 0.0610826
5 1482 -0.245814 0.0349084
5 630 0.275996 0.0643889
5 1046 0.284906 0.0643888
5 1483 0.289855 0.0660419
5 1484 -0.164694 0.043174
5 1247 -0.158919 0.0462047
5 1248 -0.241414 0.0428985
0 1715 -0.231515 -0.044716
5 1715 -0.182018 0.0478578
5 1048 -0.162219 0.051164
5 633 -0.208416 0.0528171
5 1249 0.293155 0.082573
5 635 0.223859 0.0809199
5 636 -0.234814 0.0561233
5 1049 -0.215016 0.0594295
5 637 -0.175418 0.0610826
5 1050 -0.236464 0.0594295
0 1716 0.256857 -0.0298381
5 1716 0.304704 0.0924916
5 638 -0.188617 0.0643888
5 639 0.293155 0.0941447
5 640 -0.173768 0.067695
5 1051 -0.200166 0.0693481
5 641 -0.168818 0.0710012
5 643 -0.188617 0.0743074
5 645 0.251907 0.105716
5 646 -0.216666 0.0792668
5 648 -0.190817 0.0817464
0 1717 0.246958 0.0610826
5 1717 0.301405 0.191678
0 1718 0.329453 0.067695
5 1718 0.390499 0.20325
0 1719 0.266757 0.0759606
5 1719 0.321203 0.206556
5 1054 0.311304 0.219781
5 1487 0.321203 0.22474
5 1055 0.327803 0.22474
0 1720 0.251907 0.0974509
5 1720 0.304704 0.228046
0 1721 0.278306 0.112329
5 1721 0.334403 0.24623
0 1722 0.253557 0.113982
5 1722 0.306354 0.24623
0 1723 0.286555 0.123901
5 1723 0.339352 0.257802
5 1492 0.309654 0.27268
0 1724 0.153243 -0.247056
5 1724 0.21066 -0.128032
5 1497 0.216599 -0.128032
5 651 0.20472 -0.126049
5 1252 0.238378 -0.126049
0 1725 0.173042 -0.241105
5 1725 0.230459 -0.122081
0 1726 0.182941 -0.223251
5 1726 0.240358 -0.104228
5 1498 0.20274 -0.10026
5 1253 0.236398 -0.0943091
5 1254 0.240358 -0.0903416
5 1059 0.167102 -0.0923254
5 1060 0.254217 -0.0863742
5 657 0.2067 -0.0843905
5 658 0.159513 -0.0860436
5 659 0.169082 -0.0863742
5 660 0.234418 -0.0784393
5 662 0.173042 -0.0784393
5 665 0.242338 -0.0685207
0 1727 0.133444 -0.18556
5 1727 0.190861 -0.0685207
5 666 0.182941 -0.066537
5 1061 0.250258 -0.0645532
5 667 0.198781 -0.0645532
5 668 0.240358 -0.0625695
5 669 0.184921 -0.0605858
0 1728 -0.0368259 -0.175642
5 1728 0.0159711 -0.0678594
5 670 0.20571 -0.0579408
5 1256 0.220559 -0.0566183
5 1257 0.218579 -0.0506672
0 1729 0.220559 -0.167707
5 1729 0.275996 -0.0466997
5 672 0.20274 -0.0486834
5 1062 0.252237 -0.0466997
5 675 0.218579 -0.044716
5 676 0.20868 -0.0427322
5 1063 0.0225707 -0.0486834
5 1258 0.0285103 -0.0486834
0 1730 0.147303 -0.155805
5 1730 0.20274 -0.0387648
5 1259 0.236398 -0.0387648
5 678 0.216599 -0.0367811
5 679 0.03445 -0.044716
5 680 0.177002 -0.0367811
5 1502 0.20868 -0.0347974
5 681 0.226499 -0.0328136
0 1731 0.216599 -0.149853
5 1731 0.272036 -0.0288462
5 1260 0.0542489 -0.0387648
0 1732 0.141364 -0.145886
5 1732 0.192841 -0.0288462
5 1065 0.218579 -0.0288462
5 684 0.20868 -0.0268624
5 685 0.226499 -0.022895
5 1504 0.188881 -0.022895
5 1068 0.250258 -0.0189276
5 688 -0.185317 -0.0387648
5 689 0.0285103 -0.0268624
5 1070 -0.190267 -0.0347974
5 691 0.238378 -0.0129764
5 692 -0.205116 -0.0347974
0 1733 -0.31401 -0.128032
5 1733 -0.250654 -0.0347974
5 694 0.178982 -0.0129764
5 1071 -0.169478 -0.0288462
5 695 0.218579 -0.00900897
0 1734 0.20274 -0.126049
5 1734 0.256197 -0.00702524
5 1509 -0.189277 -0.0288462
5 697 -0.218975 -0.0288462
5 698 -0.181358 -0.0248788
5 699 0.0403897 -0.0149601
5 700 -0.236794 -0.0248788
5 701 -0.183337 -0.0189276
5 1073 0.0443494 -0.00702524
0 1735 -0.300151 -0.112163
5 1735 -0.238774 -0.0189276
0 1736 0.0978063 -0.112163
5 1736 0.147303 0.000909691
5 1261 -0.230855 -0.0149601
5 1074 0.0384098 -0.00107404
5 702 0.190861 0.00884456
5 1512 -0.248674 -0.0129764
5 703 0.0285103 0.000909691
5 1075 -0.230855 -0.00900897
5 705 0.0364299 0.00686083
5 706 0.0423695 0.00686083
5 1513 0.256197 0.0207469
5 1514 0.0225707 0.00884456
5 1078 0.0539189 0.00983643
5 707 -0.260553 -0.00305777
5 1079 -0.197197 0.000909691
5 1080 0.0364299 0.012812
5 711 0.180962 0.0247144
5 713 -0.246694 0.012812
5 1082 -0.222935 0.0167795
0 1737 0.21066 -0.0764556
5 1737 0.260157 0.0425679
5 714 0.129485 0.0386004
5 1083 0.149283 0.0405842
5 716 -0.218975 0.0207469
5 718 0.159183 0.0425679
5 1084 0.262137 0.0485191
5 719 -0.244714 0.0227306
5 723 -0.179378 0.0366167
5 724 0.234418 0.0584377
5 1515 -0.246694 0.034633
5 1085 0.272036 0.0643889
0 1738 0.234418 -0.0566183
5 1738 0.283916 0.0643889
0 1739 0.244318 -0.0546346
5 1739 0.293815 0.0663726
5 726 -0.177398 0.0405842
5 1263 -0.163869 0.0428985
0 1740 -0.294211 -0.0486834
5 1740 -0.240754 0.0425679
5 727 -0.181358 0.0485191
5 1264 -0.209076 0.0524865
5 729 0.291835 0.0822423
5 730 -0.226895 0.0544702
5 1265 0.224519 0.0802586
5 1266 -0.236794 0.0584377
5 732 -0.218975 0.0624051
5 1516 -0.189277 0.0643889
0 1741 -0.30609 -0.022895
5 1741 -0.254613 0.0663726
5 733 -0.201156 0.0683563
5 734 -0.169478 0.07034
0 1742 -0.238774 -0.0209113
5 1742 -0.189277 0.0723237
5 735 -0.250654 0.0723237
5 1517 0.252237 0.104063
0 1743 0.228479 -0.0169438
5 1743 0.277976 0.104063
0 1744 -0.236794 -0.0129764
5 1744 -0.187297 0.0802586
0 1745 0.242338 0.056454
5 1745 0.295795 0.183412
0 1746 0.329453 0.0683563
5 1746 0.38885 0.20325
5 1089 0.329453 0.219119
5 1090 0.329453 0.227054
5 1520 0.295795 0.238957
0 1747 0.256197 0.110014
5 1747 0.309654 0.24094
0 1748 0.252237 0.111998
5 1748 0.305694 0.244908
0 1749 0.254217 0.115966
5 1749 0.307674 0.248875
0 1750 0.262137 0.117949
5 1750 0.315594 0.250859
0 1751 0.262137 0.125884
5 1751 0.315594 0.258794
0 1752 0.293815 0.129852
5 1752 0.348856 0.266332
0 1753 0.254217 0.133819
5 1753 0.30609 0.266332
0 1754 0.151659 -0.25023
5 1754 0.211056 -0.131206
0 1755 0.182546 -0.224045
5 1755 0.239566 -0.105021
5 739 0.23719 -0.0954992
5 1523 0.227687 -0.0931188
5 740 0.246298 -0.0903416
5 1269 0.253821 -0.0859774
5 742 0.20868 -0.0859774
5 1093 0.234815 -0.078836
5 746 0.244318 -0.0740751
0 1756 0.144532 -0.190718
5 1756 0.201552 -0.0740751
5 749 0.182546 -0.0669337
5 1094 0.251446 -0.0645532
5 750 0.239566 -0.0621727
5 1271 0.251446 -0.0550313
5 753 0.251446 -0.0478899
0 1757 -0.033658 -0.164533
5 1757 0.018611 -0.0574118
5 755 0.194425 -0.0455094
5 756 0.234815 -0.038368
5 1097 0.251446 -0.038368
5 1098 0.0233627 -0.0478899
5 758 0.177794 -0.0359875
5 759 0.20868 -0.0359875
5 760 0.225311 -0.0336071
5 761 0.199177 -0.0336071
0 1758 0.18017 -0.143109
5 1758 0.234815 -0.0240852
5 765 0.260949 -0.0240852
5 766 0.182546 -0.0240852
5 768 0.251446 -0.0193243
5 1274 -0.185713 -0.038368
0 1759 0.142156 -0.135967
5 1759 0.196801 -0.0193243
5 769 0.0399937 -0.0264657
0 1760 0.182546 -0.133587
5 1760 0.23719 -0.0145633
5 1275 -0.192841 -0.0359875
5 773 0.201552 -0.0145633
0 1761 -0.304506 -0.128826
5 1761 -0.240358 -0.0359875
5 1276 -0.235606 -0.0312266
5 1531 -0.188089 -0.0312266
5 1277 -0.170508 -0.0288461
5 1101 0.035242 -0.0193243
0 1762 0.165914 -0.126445
5 1762 0.218183 -0.00980237
5 1532 -0.180962 -0.0264657
5 1278 0.0399937 -0.0145633
5 1103 0.258573 -0.000280524
5 776 -0.183337 -0.0193243
5 1104 0.0447455 -0.00742194
0 1763 -0.299755 -0.112163
5 1763 -0.240358 -0.0193243
5 1106 -0.240358 -0.0145633
5 1281 -0.230855 -0.0145633
5 778 0.0471213 -0.000280524
0 1764 -0.233231 -0.105021
5 1764 -0.17621 -0.00980237
5 782 -0.230855 -0.00980237
0 1765 0.106518 -0.102641
5 1765 0.154035 0.0116219
5 784 0.0447455 0.00686089
5 788 0.0233627 0.00924138
5 789 -0.197593 0.00209997
5 1108 -0.254613 -0.000280524
5 791 0.182546 0.0235242
5 1535 0.284708 0.0306656
0 1766 -0.0384098 -0.0859774
5 1766 0.00910752 0.0187633
5 1109 0.145957 0.0282851
5 794 0.151659 0.0282851
5 1537 0.130277 0.037807
5 1538 0.149283 0.0401875
5 799 -0.24511 0.0211437
0 1767 0.241942 -0.0621727
5 1767 0.291835 0.0592313
5 801 -0.180962 0.0354265
5 1539 0.282332 0.0639922
5 802 -0.247486 0.0354265
5 803 0.294211 0.0663726
5 805 -0.209472 0.0520898
5 1112 -0.237982 0.0568508
5 807 -0.17621 0.0616117
5 1113 -0.254613 0.0663726
5 809 -0.202344 0.0687531
5 810 -0.188089 0.0687531
5 811 -0.171458 0.0711336
0 1768 -0.230855 -0.0193243
5 1768 -0.179061 0.0739901
5 1541 -0.188089 0.0806554
5 1285 0.393997 0.15683
0 1769 0.239566 0.0306656
5 1769 0.296587 0.159211
5 1545 0.320346 0.20444
5 1286 0.329849 0.218723
5 813 0.332225 0.244908
0 1770 0.253821 0.113982
5 1770 0.30609 0.244908
0 1771 0.263325 0.125884
5 1771 0.315594 0.259191
5 1548 0.325097 0.263952
0 1772 0.260949 0.137787
5 1772 0.310842 0.271093
5 1551 0.329849 0.278234
5 1553 0.23719 -0.123113
5 1288 0.177319 -0.10883
0 1773 0.148808 -0.223092
5 1773 0.205829 -0.105973
5 815 0.240041 -0.103117
5 816 0.197276 -0.10026
5 1554 0.254297 -0.0859773
5 819 0.211531 -0.0774077
0 1774 0.191574 -0.194527
5 1774 0.245743 -0.0745511
5 1290 0.202978 -0.0745511
5 820 0.254297 -0.0716946
5 821 0.177319 -0.0716946
5 822 0.183021 -0.0659814
5 823 0.251446 -0.0631249
5 825 0.205829 -0.0574118
5 826 0.220084 -0.0574118
5 827 0.251446 -0.0545552
5 1121 0.202978 -0.0488421
5 828 0.231488 -0.0488421
5 829 0.254297 -0.0459855
5 1122 0.274254 -0.0459855
5 1123 0.194425 -0.0459855
5 1124 0.211531 -0.0431289
5 831 0.251446 -0.0374158
5 832 0.0661282 -0.0455094
0 1775 0.151659 -0.151678
5 1775 0.205829 -0.0345593
5 1555 0.0319158 -0.0402723
5 1127 0.200127 -0.0317027
5 836 0.251446 -0.0259896
0 1776 -0.0251049 -0.143109
5 1776 0.0262137 -0.0345593
5 838 0.211531 -0.0259896
0 1777 0.126 -0.137395
5 1777 0.177319 -0.023133
5 840 0.251446 -0.0174199
5 1560 -0.184763 -0.0374158
5 1561 -0.190465 -0.0345593
5 841 -0.167657 -0.0345593
5 842 0.0376179 -0.023133
5 843 0.202978 -0.0145633
5 1562 0.23719 -0.0145633
5 844 0.253821 -0.0121829
5 1128 -0.250337 -0.0345593
5 1563 0.18017 -0.0145633
5 845 0.191574 -0.0117067
5 849 0.259999 -0.000280466
5 853 0.0290648 -0.00313707
5 1564 0.15451 0.0111458
5 1293 0.0433199 0.00543267
5 856 -0.196167 -0.00313707
5 1133 -0.261741 -0.00313707
5 859 -0.256039 -0.000280466
5 860 0.271403 0.0282851
5 1135 -0.250337 0.00543267
5 861 0.279956 0.0368549
5 1137 -0.181912 0.0140024
5 1565 0.131702 0.0368549
5 862 -0.188089 0.0211437
5 863 -0.244635 0.022572
5 865 0.294211 0.0597074
5 1140 0.271403 0.0625639
0 1778 -0.273145 -0.0374158
5 1778 -0.218975 0.0539942
5 869 -0.210422 0.0539942
0 1779 -0.290251 -0.0345593
5 1779 -0.238933 0.0568508
5 1142 -0.179061 0.0625639
0 1780 -0.307357 -0.0288461
5 1780 -0.254613 0.0616117
5 872 -0.187614 0.068277
5 873 -0.170508 0.0711336
5 1568 -0.187614 0.0797033
5 1569 -0.207001 0.0785607
0 1781 0.328424 0.0168589
5 1781 0.388295 0.148261
5 1144 0.297062 0.185396
5 1570 0.302764 0.191109
5 1571 0.314168 0.199679
5 1145 0.31987 0.205392
5 1146 0.331275 0.213962
5 1572 0.325573 0.225388
5 1574 0.317019 0.251097
0 1782 0.294211 0.131121
5 1782 0.348381 0.268236
5 1577 0.31987 0.271093
0 1783 0.169336 -0.247088
5 1783 0.227497 -0.127112
5 1578 0.237761 -0.123684
5 1148 0.179599 -0.106545
5 1149 0.196706 -0.103117
5 876 0.172757 -0.0996889
5 877 0.237761 -0.096261
5 879 0.251446 -0.0859773
5 880 0.165915 -0.0859773
0 1784 0.15223 -0.202525
5 1784 0.206969 -0.0859773
0 1785 -0.31306 -0.195669
5 1785 -0.244635 -0.0996889
5 1151 0.179599 -0.0756937
5 1580 0.244603 -0.0722659
5 1152 0.251446 -0.0551265
5 1583 -0.189895 -0.0722659
5 883 0.203548 -0.0516986
0 1786 0.169336 -0.168246
5 1786 0.224076 -0.0516986
5 1153 0.251446 -0.0482707
5 1154 0.271973 -0.0482707
5 884 -0.180734 0.00923174
5 885 0.189863 -0.0482707
5 1584 -0.187614 -0.0602683
5 1155 0.251446 -0.0379871
5 886 0.203548 -0.0379871
5 887 0.271973 -0.0311314
5 1156 0.251446 -0.0277035
5 889 0.193284 -0.0277035
0 1787 -0.244635 -0.137395
5 1787 -0.193316 -0.041415
5 1589 0.248024 -0.0174198
5 891 -0.248056 -0.0379871
5 1590 0.179599 -0.0139919
5 1591 0.189863 -0.0139919
5 894 0.0256435 -0.0174198
5 1160 -0.234371 -0.0277035
0 1788 -0.237792 -0.1134
5 1788 -0.179631 -0.0174198
5 896 -0.248056 -0.0139919
5 899 0.0153798 0.0100032
5 900 0.0359073 0.013431
5 1302 -0.183052 0.00314742
5 1165 0.0530135 0.013431
5 903 0.271973 0.0271426
0 1789 0.227497 -0.0894052
5 1789 0.278816 0.0305704
5 1304 0.0222223 0.0271426
5 904 -0.193316 0.0168589
5 1593 0.155651 0.0374261
5 1305 -0.221826 0.0197154
5 906 0.254867 0.0545656
5 1594 0.271973 0.0614213
5 913 0.224076 0.0785607
0 1790 -0.23095 -0.0311314
5 1790 -0.179631 0.0614213
0 1791 -0.217265 -0.0311314
5 1791 -0.169367 0.0614213
5 915 -0.254898 0.0648492
5 916 -0.172789 0.0717049
5 917 -0.251477 0.0717049
5 1595 0.251446 0.102556
5 918 -0.186474 0.0785607
0 1792 0.241182 0.0305704
5 1792 0.295922 0.157402
0 1793 0.251446 0.0717049
5 1793 0.306185 0.201964
5 1168 0.330134 0.212248
5 1598 0.309607 0.229387
5 1169 0.323292 0.225959
0 1794 0.254867 0.116267
5 1794 0.309607 0.249954
5 1599 0.31987 0.260238
6 5 0.206535 -0.166219
6 925 0.195077 -0.161627
6 7 0.173308 -0.158183
6 1606 0.163912 -0.156576
0 1795 0.114301 -0.206973
6 1795 0.163912 -0.151066
6 12 0.237471 -0.152443
6 13 0.172544 -0.149573
0 1796 0.115256 -0.204103
6 1796 0.167579 -0.148999
6 15 0.176745 -0.147851
6 928 0.208827 -0.148999
6 26 0.164905 -0.14192
6 28 0.226013 -0.14192
6 29 0.167579 -0.139815
6 33 0.223722 -0.135223
6 34 0.247974 -0.138093
6 1319 0.207872 -0.132353
6 36 0.255803 -0.134075
6 40 0.185911 -0.127188
6 1609 0.21742 -0.119917
0 1797 -0.0356038 -0.175403
6 1797 -0.0317845 -0.111116
6 53 0.205007 -0.103654
6 54 0.208827 -0.103654
6 55 0.21341 -0.10308
6 59 -0.0226184 -0.0938959
0 1798 -0.0241461 -0.157227
6 1798 -0.0168896 -0.0915999
6 64 0.189349 -0.0938959
6 66 0.217993 -0.0950439
6 67 0.206535 -0.0938959
6 68 -0.0136433 -0.0873906
0 1799 -0.0193721 -0.1534
6 1799 -0.010015 -0.0881559
6 936 -0.00314039 -0.0845206
6 72 0.220284 -0.0893039
6 937 0.225058 -0.0902606
6 73 0.289985 -0.0912172
6 1328 -0.0180353 -0.082416
6 75 -0.000275968 -0.0826073
6 1329 0.21551 -0.0883473
6 1174 -0.252345 -0.0634742
6 76 0.0150009 -0.0826073
6 79 -0.272396 -0.0606042
6 80 0.00258848 -0.08012
6 81 0.0188202 -0.0816507
6 82 0.193932 -0.0847119
6 83 0.00736248 -0.0797374
6 84 -0.2533 -0.0606042
6 86 0.208827 -0.083564
6 90 0.0209207 -0.077824
6 91 -0.2533 -0.0558209
6 93 0.226013 -0.08012
6 94 0.231284 -0.0794312
0 1800 -0.242797 -0.13905
6 1800 -0.24948 -0.0539076
6 1176 -0.250435 -0.050081
6 98 0.201188 -0.0730408
6 99 0.206917 -0.0730408
6 103 0.198324 -0.0682575
6 106 -0.319372 -0.0364964
6 108 -0.272396 -0.0405144
6 113 -0.311352 -0.0307565
6 1335 -0.315935 -0.0296085
6 114 -0.288436 -0.0319045
6 115 -0.000275968 -0.0558209
6 116 -0.321664 -0.0284605
6 117 -0.00314039 -0.052951
6 118 -0.00657766 -0.0525683
6 1618 -0.256263 -0.0331443
6 120 -0.290537 -0.0232946
6 122 0.000678838 -0.0462544
6 123 -0.2533 -0.0261646
6 946 0.00831729 -0.0433844
6 125 -0.297603 -0.0158326
6 128 -0.0126884 -0.0395578
6 131 -0.327774 -0.0099014
6 133 0.00258848 -0.0376444
6 136 -0.320518 -0.00894474
6 137 -0.310588 -0.00894474
6 1339 -0.297603 -0.0100927
0 1801 -0.0165077 -0.105567
6 1801 -0.00791441 -0.0347745
6 138 -0.0126884 -0.0338178
6 1619 -0.317081 -0.00664874
6 145 0.00163364 -0.0261646
6 146 0.00831729 -0.0280779
6 148 -0.0203269 -0.0227206
6 153 -0.266667 0.00062183
6 949 -0.0123065 -0.0192766
6 157 -0.242606 0.00253514
6 158 -0.248335 0.00597914
6 162 -0.291874 0.018607
6 165 0.129578 -0.00511811
6 952 0.105707 -0.00224814
6 169 -0.314789 0.0323829
6 174 0.276427 0.00597914
6 176 -0.238977 0.0388881
6 177 0.279482 0.0101884
6 181 -0.226565 0.0427147
6 954 -0.215107 0.0427147
6 184 -0.221982 0.0484547
6 187 -0.30631 0.0624601
6 188 -0.271937 0.0624601
6 189 -0.294165 0.0679705
6 1352 -0.231339 0.0647178
6 194 -0.230384 0.0714144
6 1184 -0.238023 0.0748584
6 197 -0.226565 0.0733278
6 200 -0.241842 0.0761977
6 202 -0.232294 0.0760064
0 1802 -0.229429 -0.0242513
6 1802 -0.235731 0.0760064
6 955 -0.221982 0.0760064
6 205 -0.247189 0.0817464
6 207 -0.236877 0.0805984
0 1803 -0.236113 -0.0204246
6 1803 -0.241842 0.0828943
6 210 -0.255209 0.0886343
6 1627 0.381837 0.15981
0 1804 0.253702 0.107767
6 1804 0.387566 0.216061
6 1638 0.237471 -0.201233
0 1805 0.119457 -0.229358
6 1805 0.172712 -0.176964
0 1806 0.121748 -0.223619
6 1806 0.176287 -0.171729
0 1807 0.18362 -0.222471
6 1807 0.240908 -0.171729
6 221 0.172162 -0.157954
6 962 0.174912 -0.146933
6 228 0.226013 -0.145555
6 230 0.228305 -0.143259
6 231 0.212035 -0.141423
6 1374 0.216159 -0.138667
6 237 0.20791 -0.133157
6 241 0.25122 -0.130631
6 1377 0.217534 -0.119381
6 248 0.220284 -0.118004
6 249 0.256032 -0.116626
6 250 0.220284 -0.10882
6 252 0.253557 -0.109187
6 253 0.279864 -0.111116
6 256 0.20791 -0.10285
6 966 0.21341 -0.10285
6 261 0.21066 -0.0959622
6 270 0.224409 -0.0904519
6 271 0.232659 -0.0904519
0 1808 -0.243751 -0.148999
6 1808 -0.254063 -0.0670329
6 1383 0.21341 -0.0881559
6 274 -0.001078 -0.0821864
6 276 -0.274687 -0.060145
6 277 0.0106088 -0.081268
6 1192 0.0235942 -0.0826073
0 1809 0.140081 -0.146703
6 1809 0.194161 -0.0849416
6 279 0.00831731 -0.08012
6 280 0.192786 -0.0821864
6 281 0.209285 -0.083564
6 283 0.280781 -0.083564
6 284 0.00488001 -0.076676
6 285 0.0126712 -0.0780536
6 286 0.203785 -0.0808088
0 1810 0.00488001 -0.137519
6 1810 0.016796 -0.0711657
6 291 -0.250626 -0.0502723
6 293 0.19966 -0.0725433
6 294 0.206535 -0.0725433
6 298 0.19966 -0.0686401
6 1386 -0.32006 -0.036726
6 302 -0.273312 -0.0408588
6 304 -0.264375 -0.0399404
6 305 0.166662 -0.0656553
6 1196 -0.321434 -0.0284605
6 317 0.00602576 -0.0399404
6 318 -0.295311 -0.0133071
6 1197 0.0106088 -0.0376444
6 1396 -0.299894 -0.0123887
0 1811 -0.0157438 -0.105376
6 1811 -0.00886919 -0.0342004
6 976 -0.0123065 -0.0330524
6 324 -0.300811 -0.00504156
6 977 0.00854646 -0.0284605
6 326 0.0117546 -0.0296085
6 330 0.0163377 -0.0273125
6 331 -0.0203269 -0.0229502
6 1659 -0.255438 0.00322397
6 1402 -0.323955 0.0128671
6 338 -0.248564 0.00597914
6 1200 0.12129 -0.0119295
6 1660 0.129769 -0.00435274
6 343 0.265107 -0.0050415
6 344 -0.315935 0.0321533
6 345 -0.247189 0.0266429
6 346 -0.316317 0.0360181
6 347 -0.291874 0.0335309
6 349 0.279864 0.0105711
6 353 -0.216941 0.043174
6 358 -0.293936 0.0679705
6 359 -0.232065 0.0652153
6 361 -0.278812 0.0748584
6 1666 -0.236189 0.0707257
6 362 0.309654 0.036286
6 1667 -0.230002 0.0725624
6 364 -0.258188 0.0817464
6 365 -0.237564 0.0803688
6 368 -0.281562 0.0872567
6 992 0.20571 -0.165393
6 993 0.192786 -0.162086
6 1421 0.171062 -0.15878
6 383 0.174362 -0.147208
6 386 0.20241 -0.143902
6 1425 0.21231 -0.140596
6 388 0.255207 -0.142249
6 1210 0.255207 -0.133984
6 394 0.190861 -0.129024
6 1211 0.251907 -0.130677
6 397 0.21341 -0.120759
6 1212 0.254217 -0.108195
6 404 0.20406 -0.104228
6 997 0.20901 -0.104228
6 405 0.21396 -0.104228
6 406 0.222209 -0.104228
6 410 0.21066 -0.0959622
6 1683 0.262137 -0.0982766
6 411 0.217259 -0.0943091
6 1214 0.245308 -0.0959622
6 412 -0.0137272 -0.0876967
6 414 -0.00382782 -0.0843905
6 415 0.00717154 -0.0849416
6 418 0.220559 -0.0910029
6 422 0.21231 -0.0893498
6 998 0.0277953 -0.0847119
6 1216 0.0154211 -0.0821864
6 426 0.00167184 -0.0794312
6 427 0.00717154 -0.0794312
6 429 0.21066 -0.0827374
6 430 0.246958 -0.0843905
6 999 0.20406 -0.0810843
6 432 -0.254063 -0.0546346
6 434 0.19911 -0.0728188
6 436 -0.0137272 -0.0662064
6 437 -0.00382782 -0.0662064
6 438 0.20736 -0.0728188
6 442 -0.00712762 -0.0629002
6 444 -0.31566 -0.0347974
6 446 -0.31071 -0.0314912
6 447 -0.289261 -0.0314912
6 448 -0.00547772 -0.0546346
0 1812 -0.243064 -0.113871
6 1812 -0.252633 -0.0248788
6 1001 -0.31236 -0.0166132
6 1002 -0.297511 -0.0166132
6 456 -0.31731 -0.0146847
6 457 0.00579661 -0.0408588
6 458 -0.0134523 -0.0381036
6 1221 -0.31071 -0.011654
6 460 -0.295861 -0.011654
6 1692 -0.31731 -0.00917433
6 465 -0.300811 -0.0050415
6 469 0.00772152 -0.028185
6 1223 0.257407 -0.0339709
6 473 0.0159711 -0.0265319
6 475 -0.266163 -8.22329e-05
6 479 -0.254613 0.00322397
6 482 0.11854 -0.0146847
6 1225 -0.292561 0.019755
6 1012 0.106166 -0.00228639
6 489 -0.288436 0.0293981
6 490 -0.248564 0.0252653
6 492 -0.292561 0.0335309
6 495 0.275281 0.00597914
6 498 0.279406 0.0101119
6 503 -0.246364 0.0462047
6 506 -0.218315 0.0428985
6 510 -0.272762 0.0627357
6 512 -0.279362 0.0693481
6 515 -0.245814 0.0748584
0 1813 -0.22244 -0.0284605
6 1813 -0.22794 0.0734809
6 1015 -0.282662 0.0776136
6 1696 -0.281012 0.0875323
6 516 -0.244714 0.0842261
6 518 -0.279362 0.0941447
6 527 0.233758 -0.186883
6 1028 0.171062 -0.159772
6 1029 0.246298 -0.155805
6 1030 0.173042 -0.14787
6 1031 0.21066 -0.14787
6 543 0.190861 -0.128032
6 544 0.252237 -0.130016
6 1033 -0.0269264 -0.0962928
6 550 0.222539 -0.104228
6 552 -0.0219768 -0.092656
6 554 -0.0130672 -0.0883579
6 1035 -0.00712759 -0.0863742
6 558 0.220559 -0.0923254
6 1235 -0.252633 -0.066537
6 1704 0.20076 -0.0903416
6 561 0.224519 -0.0903416
6 562 0.230459 -0.0903416
6 564 -0.000527985 -0.0827374
0 1814 0.00607162 -0.147208
6 1814 0.016631 -0.0824068
6 1036 0.0067316 -0.080423
6 1473 0.222539 -0.0843905
6 568 0.21066 -0.0824068
6 1708 0.232109 -0.0794312
6 572 0.230459 -0.080423
6 1709 -0.267813 -0.0513284
6 573 0.016631 -0.0724881
6 1038 -0.0150471 -0.066537
6 580 -0.255438 -0.043614
6 584 -0.274412 -0.0397567
0 1815 -0.31401 -0.127371
6 1815 -0.328265 -0.0336071
6 586 -0.31599 -0.0347974
6 589 -0.288271 -0.0328136
0 1816 -0.243064 -0.124065
6 1816 -0.251314 -0.0381036
6 1239 -0.000527985 -0.0529815
6 593 -0.0153771 -0.0496753
6 594 -0.31203 -0.022895
6 598 -0.325889 -0.0129764
6 600 -0.300151 -0.0129764
6 1241 0.00277182 -0.0381036
6 1040 0.00992138 -0.036726
6 601 -0.327209 -0.00669463
0 1817 -0.30906 -0.104228
6 1817 -0.325889 -0.00702524
6 602 -0.0120773 -0.0331443
6 1712 -0.00316783 -0.0268624
6 609 0.260157 -0.0347974
6 612 0.016631 -0.0268624
6 614 -0.266493 -0.00107404
6 1242 -0.0130672 -0.0209113
6 1243 -0.332159 0.00983643
6 616 -0.254613 0.00289342
6 617 -0.244714 0.000909691
6 618 -0.323909 0.0114895
6 620 -0.248674 0.0048771
6 1244 -0.322259 0.019755
6 1479 0.105726 -0.00305777
6 625 -0.250654 0.0247144
6 626 -0.31797 0.0326493
6 627 -0.292561 0.0329798
6 630 0.283256 0.00983643
6 1483 0.297051 0.00942309
6 1047 0.29728 0.00873432
6 631 -0.242734 0.0445516
6 1247 -0.218975 0.0425679
6 1048 -0.220955 0.0505028
6 634 -0.294211 0.0663726
6 636 -0.30411 0.0683563
6 637 -0.230855 0.0663726
0 1818 -0.271112 -0.028185
6 1818 -0.284312 0.0762912
6 642 -0.282332 0.0862098
6 643 -0.244714 0.0822423
6 646 -0.280352 0.0941447
6 647 -0.251314 0.0941447
0 1819 0.117605 -0.215316
6 1819 0.170666 -0.159772
6 1253 0.240041 -0.163105
0 1820 0.121565 -0.203414
6 1820 0.173042 -0.14787
6 658 0.156411 -0.145489
6 1499 0.248278 -0.141918
6 1727 0.189673 -0.128826
6 1728 -0.0328661 -0.112163
6 672 0.201552 -0.107402
6 1062 0.260949 -0.109782
6 1501 -0.0265304 -0.0978797
6 674 0.196801 -0.102641
6 676 0.211056 -0.10026
6 1258 -0.0146511 -0.0907383
6 1259 0.244318 -0.0962928
0 1821 0.0205908 -0.153821
6 1821 0.0328662 -0.0907383
6 678 0.220559 -0.0931188
6 679 -0.00752352 -0.0859774
6 681 0.232439 -0.0907383
6 1503 0.272828 -0.0835969
6 686 -0.256989 -0.0550313
6 1504 0.175418 -0.078836
6 688 -0.250654 -0.0506672
6 689 -0.0146511 -0.0669337
6 1070 -0.254613 -0.044716
6 691 0.248278 -0.0705044
0 1822 -0.254613 -0.130016
6 1822 -0.262533 -0.0407485
6 697 -0.290251 -0.0312266
6 1072 -0.0130672 -0.0486834
6 1073 0.0067316 -0.044716
6 1261 -0.299755 -0.0121829
0 1823 0.000791953 -0.106211
6 1823 0.00673163 -0.038368
6 1512 -0.325889 -0.00742194
6 703 -0.0122753 -0.0336071
6 706 0.00435578 -0.0288461
6 1078 0.0162351 -0.0264657
6 1737 0.265701 -0.0117067
6 1083 0.127901 -0.00504145
6 717 -0.254613 0.0235242
6 1084 0.265701 -0.00504145
6 720 -0.292627 0.033046
6 723 -0.242734 0.0366167
6 1085 0.278306 0.00983643
6 726 -0.240358 0.0425679
6 1263 -0.226103 0.0401875
6 730 -0.295003 0.0663726
6 1266 -0.306882 0.0711336
6 731 -0.230855 0.0663726
6 733 -0.259365 0.0806554
6 1744 -0.24511 0.0925578
6 737 0.23719 -0.197383
6 1092 0.160212 -0.151678
6 744 0.165915 -0.137395
6 745 0.20868 -0.140252
6 746 0.248595 -0.140252
6 748 0.244318 -0.133587
6 1094 0.257148 -0.128826
6 750 0.244318 -0.126445
0 1824 -0.0360339 -0.176435
6 1824 -0.0312822 -0.112163
6 1271 0.257148 -0.120256
6 1095 0.239566 -0.107402
6 755 0.194425 -0.103117
0 1825 0.165914 -0.162152
6 1825 0.222935 -0.103117
6 1096 0.222935 -0.0978797
6 756 0.241942 -0.0978797
0 1826 -0.0217787 -0.155011
6 1826 -0.0137008 -0.0888339
0 1827 -0.256989 -0.135967
6 1827 -0.264592 -0.0488421
6 1274 -0.252237 -0.0502703
6 1759 0.188723 -0.0745511
6 769 -0.00277181 -0.0669337
6 1760 0.24907 -0.0716946
6 1531 -0.252237 -0.038368
6 775 -0.298804 -0.0317027
6 1532 -0.247486 -0.0345593
0 1828 0.132652 -0.121684
6 1828 0.174468 -0.0574118
6 1104 0.00673163 -0.0455094
6 1280 -0.00989941 -0.038368
6 1106 -0.31306 -0.0117067
6 1281 -0.301655 -0.0117067
6 777 -0.00229663 -0.0374158
6 779 0.18017 -0.0431289
6 781 -0.0108497 -0.0345593
6 1107 -0.00277181 -0.0264657
6 788 -0.0165518 -0.023133
0 1829 -0.0360339 -0.0931188
6 1829 -0.0325176 -0.0208477
6 1534 0.279956 -0.0288461
6 1108 -0.333017 0.00686089
6 793 -0.247486 0.00257608
0 1830 0.227687 -0.0835969
6 1830 0.289459 -0.0193243
0 1831 -0.278372 -0.0764555
6 1831 -0.292627 0.0211437
6 1537 0.106043 -0.00599361
6 796 -0.287875 0.0259047
6 797 0.137404 -0.00504145
0 1832 0.23719 -0.0550313
6 1832 0.294211 0.0111458
6 804 -0.238933 0.0425679
6 1112 -0.307357 0.0711336
6 1113 -0.330166 0.0825599
6 810 -0.244635 0.0797033
6 811 -0.224677 0.0768467
6 1540 0.257148 0.0539942
6 818 0.165915 -0.137395
6 1774 0.248024 -0.140823
0 1833 -0.033658 -0.180244
6 1833 -0.030807 -0.1174
6 1291 0.245743 -0.125969
6 824 0.0359073 -0.116828
6 826 0.222935 -0.1174
6 828 0.230918 -0.109972
6 829 0.261709 -0.109972
6 830 0.242892 -0.0974036
6 831 0.261709 -0.0996889
0 1834 0.217233 -0.151678
6 1834 0.292501 -0.0928331
0 1835 0.171617 -0.143109
6 1835 0.230918 -0.0825495
6 1558 0.189863 -0.0791216
6 1559 0.244603 -0.0791216
6 841 -0.234371 -0.0482707
6 842 -0.00229663 -0.0659814
6 846 -0.00514767 -0.0574118
0 1836 -0.0222539 -0.123113
6 1836 -0.0154114 -0.0551265
6 852 0.00169483 -0.0448428
0 1837 -0.298804 -0.10883
6 1837 -0.31306 -0.0139919
6 1130 -0.00172639 -0.0379871
6 1133 -0.34157 0.00257608
6 1134 0.0148096 -0.0259896
6 862 -0.256039 0.022572
6 1294 0.128851 -0.00313707
0 1838 0.214382 -0.0716946
6 1838 0.271403 -0.00599361
6 863 -0.319902 0.0305704
0 1839 -0.236082 -0.0574118
6 1839 -0.248056 0.0374261
0 1840 0.202978 -0.0174199
6 1840 0.254867 0.0545656
6 879 0.251446 -0.154535
6 1152 0.254867 -0.120256
6 1584 -0.25832 -0.0756937
6 886 0.206969 -0.0928331
6 1157 -0.234371 -0.0619822
6 890 0.0119586 -0.0756937
6 893 -0.0119901 -0.0619822
6 902 0.172757 -0.0277035
0 1841 -0.309638 -0.0859773
6 1841 -0.326745 0.013431
0 1842 -0.237792 -0.0825495
6 1842 -0.248056 0.0100032
6 904 -0.25832 0.0202868
0 1843 0.353957 -0.463357
7 1843 0.319966 -0.47388
7 7 0.205389 -0.186883
7 28 0.257522 -0.174446
7 32 0.254657 -0.17062
7 36 0.280437 -0.168706
7 54 0.239762 -0.134075
7 55 0.2432 -0.134075
7 59 -0.00217789 -0.105881
7 933 0.246637 -0.131779
7 1798 0.00304677 -0.104228
7 64 0.220284 -0.123744
7 65 0.242054 -0.127188
7 66 0.250074 -0.127188
7 73 0.325313 -0.129484
7 1174 -0.21167 -0.0560122
7 79 -0.228856 -0.0548643
7 939 0.0321874 -0.0969572
7 83 0.0283682 -0.0950439
7 89 0.250838 -0.115134
7 92 0.0274134 -0.0912172
7 93 0.257522 -0.11322
0 1844 0.148674 -0.140007
7 1844 0.234606 -0.109394
7 103 0.231742 -0.0998271
7 108 -0.22752 -0.0347745
0 1845 0.124804 -0.129484
7 1845 0.18973 -0.0950439
7 118 0.0140462 -0.0663442
0 1846 -0.29913 -0.115134
7 1846 -0.265521 -0.0100927
7 122 0.0216846 -0.0596476
7 946 0.0274134 -0.0577342
7 125 -0.250435 -0.00703143
7 127 -0.260938 -0.00416145
7 128 0.00831729 -0.0539076
7 136 -0.272396 0.0013872
7 137 -0.261893 0.00062183
7 1801 0.0121365 -0.0481677
7 1179 -0.268958 0.0013872
7 138 0.00831729 -0.047211
0 1847 0.00258845 -0.10461
7 1847 0.0300869 -0.0514203
7 948 0.0335242 -0.0433844
7 949 0.00946306 -0.0319045
7 162 -0.24948 0.0274082
7 165 0.148674 -0.0299912
7 952 0.126331 -0.0261646
7 168 -0.24948 0.0369748
0 1848 -0.238977 -0.0692141
7 1848 -0.210524 0.0323829
7 174 0.301443 -0.0328612
7 181 -0.190817 0.0459291
7 189 -0.24948 0.0794504
7 1625 0.333906 -0.00703143
7 193 -0.196011 0.0790677
7 197 -0.185508 0.078111
7 198 0.326841 -0.0020568
7 1369 0.244154 -0.239499
0 1849 0.122894 -0.225915
7 1849 0.207681 -0.201807
7 1372 0.194161 -0.176964
7 237 0.240908 -0.163464
7 253 0.307363 -0.147851
7 256 0.238158 -0.134535
7 261 0.242283 -0.127647
7 262 0.248608 -0.127371
7 264 0.00717154 -0.101473
7 971 0.232109 -0.120759
7 266 0.251907 -0.122136
7 280 0.224409 -0.112493
7 285 0.0323784 -0.0927479
7 286 0.235408 -0.112493
7 287 0.309654 -0.119106
7 1194 -0.21167 -0.0514203
7 1655 0.256949 -0.113412
7 291 -0.208424 -0.0462544
7 293 0.232659 -0.104228
7 294 0.238158 -0.104228
7 299 0.283256 -0.104228
7 300 -0.213198 -0.0376444
7 302 -0.227711 -0.0342004
7 303 -0.191237 -0.0414711
7 1388 0.0151919 -0.075528
7 1196 -0.273541 -0.0181286
7 1657 -0.263688 -0.0215726
7 307 -0.241689 -0.0243277
0 1850 -0.014598 -0.122596
7 1850 0.0140461 -0.0673008
0 1851 0.214555 -0.113412
7 1851 0.192786 -0.093207
7 318 -0.248564 -0.00366397
7 976 0.00831731 -0.0468283
7 325 0.0312326 -0.047211
7 1400 0.0236706 -0.0408588
7 335 0.00854646 -0.0325933
7 337 -0.206766 0.00653023
7 340 -0.249939 0.0293981
7 341 0.12679 -0.0270829
7 344 -0.274687 0.043174
7 979 -0.244897 0.0392708
0 1852 0.190494 -0.0594562
7 1852 0.256857 -0.028185
7 362 0.331424 -0.00550074
7 982 -0.199067 0.0803688
0 1853 -0.220836 -0.0261646
7 1853 -0.183026 0.0794504
7 365 -0.192192 0.0863383
7 366 -0.179818 0.0817464
7 367 -0.200441 0.0886343
7 984 -0.197692 0.101033
0 1854 0.353652 -0.4624
7 1854 0.319279 -0.473421
0 1855 0.355026 -0.441736
7 1855 0.321112 -0.45092
7 1682 0.240358 -0.163739
7 394 0.222539 -0.157788
7 997 0.238708 -0.133984
7 410 0.236783 -0.129024
7 414 0.017621 -0.0992684
7 417 0.240358 -0.120097
7 418 0.256857 -0.122412
7 422 0.243658 -0.120759
7 998 0.0456693 -0.100921
7 999 0.235408 -0.112493
0 1856 0.166662 -0.141423
7 1856 0.261807 -0.112493
7 432 -0.211441 -0.0505019
7 434 0.232109 -0.104228
7 435 -0.191257 -0.0486834
7 438 0.238708 -0.104228
7 444 -0.267813 -0.0248788
7 1689 -0.212816 -0.0325933
7 1442 -0.267813 -0.0199194
7 447 -0.243064 -0.0232256
7 1002 -0.249664 -0.0083477
7 456 -0.269462 -0.0050415
7 459 -0.281012 -8.22329e-05
7 1221 -0.262863 -0.0017353
7 460 -0.251314 -0.00338843
7 464 0.00854646 -0.0477467
7 473 0.033295 -0.0422364
7 475 -0.228215 0.0081833
7 476 0.0192709 -0.0347974
7 1007 0.00937142 -0.0314912
7 1443 -0.284312 0.0230612
7 482 0.138064 -0.0397567
7 1225 -0.249664 0.0280206
7 485 0.139714 -0.0347974
7 1012 0.126515 -0.0265319
7 487 0.291505 -0.0430629
7 489 -0.245814 0.0390412
7 490 -0.211441 0.0321533
0 1857 0.190036 -0.060145
7 1857 0.256197 -0.0288462
7 500 0.311946 -0.0296085
7 503 -0.206766 0.0528171
7 506 -0.183667 0.0478578
0 1858 -0.229315 -0.0298381
7 1858 -0.192192 0.076236
7 1813 -0.186692 0.076236
7 1015 -0.234814 0.0875323
7 1017 -0.211716 0.0891854
7 516 -0.196317 0.0913894
7 529 0.223034 -0.192393
7 1030 0.2067 -0.175642
7 1233 0.284447 -0.151295
7 1032 0.232439 -0.135967
7 1234 -0.215016 -0.0695126
7 1035 0.0146511 -0.10026
7 559 0.0225707 -0.10026
7 568 0.242338 -0.114146
7 569 0.275996 -0.118114
7 1237 -0.208416 -0.0463691
0 1859 -0.0137272 -0.129024
7 1859 0.0126713 -0.0764556
7 589 -0.242734 -0.0248788
7 591 0.0143212 -0.0678594
7 1239 0.0186109 -0.066537
7 594 -0.264513 -0.013307
7 1039 0.00937142 -0.0513284
7 1040 0.0265305 -0.0526509
7 609 0.284906 -0.0711656
7 615 0.0186109 -0.0347974
7 617 -0.209076 0.00686083
7 622 -0.248674 0.0306656
7 1479 0.129485 -0.0268624
7 623 0.147963 -0.0298381
7 1480 0.282807 -0.0431289
7 625 -0.213366 0.0313268
7 1045 -0.203466 0.0445516
7 1048 -0.185317 0.0544702
7 638 -0.200166 0.0809199
7 1485 -0.2855 0.0996992
7 642 -0.238774 0.0961284
0 1860 0.147303 -0.223251
7 1860 0.230459 -0.20143
7 1060 0.276656 -0.18826
7 1820 0.206304 -0.176435
7 658 0.189673 -0.171674
7 1727 0.222935 -0.157391
7 1729 0.309654 -0.149853
7 1731 0.325573 -0.128826
7 690 0.016631 -0.080423
7 1508 -0.252237 -0.0240852
7 700 -0.264513 -0.0129764
7 1823 0.0281144 -0.0526508
7 702 0.20868 -0.0716946
7 703 0.0087115 -0.0466997
7 706 0.0257386 -0.0431289
7 713 -0.280748 0.033046
7 720 -0.247486 0.0425679
7 726 -0.201156 0.0485191
7 730 -0.249862 0.078275
7 731 -0.189277 0.0723237
7 732 -0.240358 0.0877968
7 1744 -0.197593 0.0996992
7 737 0.260157 -0.231186
0 1861 0.146908 -0.224045
7 1861 0.230063 -0.20262
7 1093 0.260949 -0.176435
7 755 0.225786 -0.131682
7 1826 0.0062565 -0.103117
7 1827 -0.221351 -0.0431289
7 1274 -0.209472 -0.0455094
7 770 -0.193316 -0.0431289
7 771 0.0114834 -0.0764555
7 1276 -0.261741 -0.023133
7 775 -0.253188 -0.023133
7 1532 -0.207096 -0.0288462
7 1280 0.00910752 -0.0526508
7 777 0.0209868 -0.0526508
7 788 0.00340546 -0.0374158
7 792 -0.284549 0.022572
7 1537 0.126 -0.0288461
7 801 -0.20472 0.0425679
7 1539 0.308466 -0.0312266
7 804 -0.199018 0.0482811
7 1112 -0.264592 0.0825599
7 1553 0.26285 -0.228806
7 1554 0.275394 -0.188814
7 818 0.196706 -0.164819
7 821 0.211531 -0.160248
7 1555 0.00853734 -0.096261
7 1560 -0.210422 -0.0431289
7 842 0.0176606 -0.0802643
7 1129 0.200127 -0.0859773
7 1565 0.12486 -0.0311314
7 863 -0.282268 0.0442819
7 1839 -0.210422 0.0442819
7 1779 -0.265162 0.0819885
7 1295 -0.28569 0.099128
7 873 -0.183052 0.0819885
7 1152 0.285658 -0.154535
0 1862 0.169336 -0.144251
7 1862 0.261709 -0.116828
7 1787 -0.210422 -0.0448428
7 1300 0.0188011 -0.0791216
7 1788 -0.207571 -0.0202764
7 1162 -0.265162 -0.00370835
7 1305 -0.250337 0.0339983
7 1594 0.302764 -0.0311314
0 1863 -0.244635 -0.0208477
7 1863 -0.20358 0.0922722
0 1864 0.12003 -0.230889
8 1864 0.184956 -0.209843
0 1865 0.123849 -0.229932
8 1865 0.18973 -0.207929
8 1795 0.172162 -0.181373
8 1319 0.220284 -0.167367
8 36 0.257522 -0.17062
8 54 0.220284 -0.137519
8 1173 -0.239168 -0.08012
8 59 -0.0252766 -0.11084
8 62 -0.236877 -0.075528
8 64 0.199278 -0.128527
8 65 0.219138 -0.130631
8 66 0.227159 -0.130631
8 68 -0.0155529 -0.106524
8 936 -0.00543191 -0.10308
8 75 -0.00218558 -0.10174
8 1174 -0.234585 -0.0617522
8 79 -0.252918 -0.0606042
8 80 0.00163364 -0.0998271
8 81 0.0150009 -0.102697
8 1332 0.284906 -0.123514
8 92 0.0014427 -0.0950439
8 98 0.211691 -0.108437
8 1177 -0.238977 -0.0414711
8 1845 0.16586 -0.0998271
8 112 0.169679 -0.0950439
8 113 -0.287291 -0.0261646
8 114 -0.265712 -0.0299912
8 122 -0.00218558 -0.0644308
8 946 0.00354326 -0.0625175
8 125 -0.272396 -0.013728
8 127 -0.286145 -0.00894474
8 137 -0.287291 -0.00435274
8 1801 -0.0107788 -0.052951
8 138 -0.0155529 -0.0519943
8 144 0.00946306 -0.0479763
8 146 0.00449806 -0.0462544
8 948 0.0102269 -0.047211
8 148 -0.0226184 -0.0399404
8 949 -0.014598 -0.0364964
8 157 -0.232065 0.00184638
8 162 -0.274687 0.024347
8 951 0.110291 -0.0319045
8 181 -0.215016 0.0428985
0 1866 0.178273 -0.0338178
8 1866 0.221659 -0.00504156
8 1184 -0.217017 0.0771544
8 202 -0.215107 0.0783024
8 209 -0.220836 0.0897823
8 210 -0.232294 0.0932263
8 212 -0.226565 0.0989662
0 1867 0.157267 -0.248874
8 1867 0.218909 -0.231517
8 1849 0.187286 -0.203414
8 218 0.21341 -0.199281
8 231 0.223034 -0.175862
8 238 0.195536 -0.160709
8 1378 0.236783 -0.156576
8 253 0.283301 -0.150147
8 256 0.216159 -0.138667
8 261 0.220284 -0.131779
8 1383 0.224409 -0.124892
8 274 -0.00245289 -0.101473
8 279 0.00602576 -0.0996358
8 282 0.258095 -0.123744
8 285 0.00946306 -0.0973398
8 286 0.212035 -0.116626
8 1653 0.228305 -0.119152
8 1194 -0.234203 -0.0567776
8 1655 0.234033 -0.116856
8 291 -0.231339 -0.0519943
8 293 0.21066 -0.108361
8 294 0.216159 -0.108361
8 302 -0.251772 -0.0399404
8 304 -0.247571 -0.0386011
8 306 0.169412 -0.0973398
8 1390 -0.30631 -0.0257053
8 1657 -0.288436 -0.0257053
8 307 -0.266438 -0.0298381
8 1850 -0.00772344 -0.0720841
8 1392 -0.237068 -0.0328612
8 314 0.00373423 -0.0629002
8 317 0.00258848 -0.0594562
8 1396 -0.274687 -0.00779674
8 976 -0.014598 -0.0514203
8 327 -0.00428614 -0.0445323
8 331 -0.0217018 -0.0408588
8 335 -0.0148272 -0.036726
0 1868 0.0129004 -0.0904519
8 1868 0.0192709 -0.0397567
8 1200 0.11812 -0.0414711
8 340 -0.274687 0.0252653
8 341 0.102041 -0.0312157
8 979 -0.269531 0.0360181
8 1661 -0.267813 0.0462047
0 1869 0.187057 -0.0571602
8 1869 0.230787 -0.0299912
8 354 -0.211441 0.0500619
8 358 -0.276062 0.0759606
8 1667 -0.210524 0.0737104
8 1853 -0.207087 0.0760064
8 369 -0.221065 0.0886343
8 1668 -0.226565 0.0982774
8 371 0.415523 0.0858792
8 1421 0.184536 -0.189638
8 394 0.20076 -0.161756
8 414 -0.00547772 -0.104228
8 415 0.00442169 -0.105605
8 418 0.235408 -0.127371
8 422 0.222209 -0.125718
8 427 0.00579661 -0.100095
8 430 0.257407 -0.123514
8 999 0.21231 -0.115799
8 1856 0.238708 -0.117453
8 432 -0.234814 -0.0560122
8 1000 0.0143212 -0.092656
8 435 -0.215016 -0.0529815
8 1689 -0.236189 -0.0381036
8 1442 -0.292561 -0.0248788
8 447 -0.265521 -0.0296085
8 460 -0.277437 -0.00779674
8 1692 -0.299161 -0.0050415
8 464 -0.0148272 -0.0518795
8 469 0.00442172 -0.0480222
8 471 -0.000527985 -0.0463691
8 476 -0.00382782 -0.0397567
8 1007 -0.0137272 -0.0364505
8 482 0.114415 -0.043614
8 485 0.114965 -0.0397567
8 1226 0.256197 -0.0478899
8 489 -0.270562 0.036286
8 490 -0.237564 0.0280205
8 503 -0.23069 0.0486843
8 1014 0.222209 -0.0050415
8 514 -0.211441 0.0679705
8 516 -0.221615 0.0875323
8 1030 0.184921 -0.179609
8 1032 0.21066 -0.139935
8 1035 -0.00910749 -0.104228
8 1704 0.20868 -0.124065
8 562 0.240358 -0.128032
8 564 -0.00382782 -0.100921
8 1814 0.0126713 -0.102575
8 568 0.218579 -0.118114
8 586 -0.292231 -0.0308299
8 1816 -0.236464 -0.0381036
8 591 -0.00877752 -0.0728188
8 1239 -0.00382782 -0.0711656
8 597 -0.274412 -0.0129764
8 600 -0.276392 -0.00900897
8 1040 0.00475171 -0.0566183
8 619 0.0186109 -0.0367811
8 1244 -0.30807 0.0286818
8 1479 0.105726 -0.0308299
8 623 0.123215 -0.0347974
8 625 -0.238114 0.0280206
8 631 -0.228875 0.0465353
8 1247 -0.210066 0.0445516
8 1048 -0.209076 0.0505028
8 647 -0.228875 0.0981121
0 1870 0.145324 -0.237137
8 1870 0.20274 -0.2173
8 1860 0.20901 -0.203414
8 1253 0.242892 -0.197383
8 1727 0.201552 -0.162152
8 1062 0.268552 -0.147679
8 1258 -0.017027 -0.109782
8 679 -0.00989941 -0.105021
0 1871 0.145324 -0.149853
8 1871 0.210391 -0.123684
8 684 0.220559 -0.119304
8 688 -0.232835 -0.0506672
8 1070 -0.238114 -0.0430629
8 693 -0.216599 -0.0478899
8 1073 0.000791953 -0.0645532
8 1262 -0.0130672 -0.0566183
8 702 0.184921 -0.0764555
8 706 0.00197992 -0.0478899
0 1872 0.111666 -0.080423
8 1872 0.129814 -0.044716
8 713 -0.306882 0.0282851
8 726 -0.226103 0.0449484
8 733 -0.237982 0.0854164
0 1873 0.144532 -0.238327
8 1873 0.201552 -0.219284
8 1861 0.20868 -0.205001
8 1522 0.211056 -0.20024
8 1093 0.238378 -0.179609
8 744 0.18017 -0.169294
8 1824 -0.0393601 -0.128826
8 756 0.251446 -0.135967
8 764 -0.216124 -0.0631249
8 770 -0.217265 -0.0482707
8 771 -0.0122753 -0.0812164
8 1276 -0.293102 -0.0317027
8 775 -0.275996 -0.0288461
8 1102 -0.0122753 -0.0669337
0 1874 0.18017 -0.116923
8 1874 0.232439 -0.0931188
8 779 0.183021 -0.0774077
8 781 -0.0165518 -0.0516986
0 1875 0.00673163 -0.0954992
8 1875 0.0114834 -0.0455094
8 792 -0.31306 0.0168589
8 1537 0.103192 -0.0345593
8 1112 -0.292532 0.0785607
0 1876 -0.309258 -0.0288461
8 1876 -0.319902 0.0888443
8 1114 -0.238933 0.0996992
8 820 0.257148 -0.174531
8 821 0.191574 -0.163105
8 827 0.26285 -0.157391
8 1555 -0.0137008 -0.10026
8 1560 -0.233231 -0.0488421
8 842 -0.00229663 -0.0831208
8 847 -0.228479 -0.0359875
8 1132 0.00340546 -0.0545552
8 1839 -0.234371 0.040854
8 1295 -0.31306 0.0957001
8 873 -0.207001 0.0785607
8 1147 0.203548 -0.22652
8 1578 0.237761 -0.229948
0 1877 0.196706 -0.185386
8 1877 0.254867 -0.168246
8 1152 0.261709 -0.157963
8 1584 -0.241213 -0.0756937
8 889 0.233758 -0.117453
8 890 0.00910752 -0.0954992
8 1788 -0.230379 -0.0259896
0 1878 0.15223 -0.106545
8 1878 0.196706 -0.0791216
0 1879 0.189863 -0.0996889
8 1879 0.263325 -0.0764555
8 1594 0.278816 -0.0379871
9 1177 -0.00229663 -0.334498
9 224 -0.0535541 -0.380893
9 968 0.214382 -0.257371
9 1650 0.00910752 -0.325929
0 1880 0.255803 0.0668225
9 1880 -0.210524 -0.175403
0 1881 0.25924 0.115038
9 1881 -0.138196 -0.188338
9 1427 0.223034 -0.235098
9 1215 -0.0203269 -0.326019
9 442 -0.195056 0.126901
9 1486 -0.0792746 -0.234519
9 687 -0.0328661 -0.296649
9 1750 -0.218975 -0.139935
9 1527 -0.0566247 -0.326405
9 1547 -0.241414 -0.138943
9 1549 -0.205116 -0.145886
9 1577 -0.20472 -0.145489
9 1157 0.211691 -0.255762
0 1882 0.224076 0.136835
9 1882 -0.179631 -0.127112
10 937 0.0277953 -0.349438
10 76 -0.207001 -0.185386
10 141 -0.127742 -0.217379
10 169 -0.0340761 -0.26839
10 1627 0.256949 -0.23969
0 1883 0.247019 0.0647178
10 1883 0.261532 -0.235098
10 969 0.246694 -0.247849
10 1659 -0.205116 0.0528171
10 1670 0.262907 -0.235098
10 407 -0.0203269 -0.386908
10 520 -0.0811753 -0.209762
0 1884 0.196801 -0.189528
10 1884 -0.0190069 -0.352193
10 700 0.0753676 -0.368724
10 1735 0.00579661 -0.317754
0 1885 0.176178 -0.168246
10 1885 -0.00799868 -0.340211
10 913 -0.204566 -0.13729
11 71 0.0449819 -0.289054
11 1334 0.0376179 -0.263084
0 1886 0.19164 -0.131397
11 1886 -0.0289063 -0.257371
11 112 -0.0134523 -0.251629
11 1355 0.311946 -0.183056
0 1887 0.255612 0.0666312
11 1887 0.315765 -0.184013
0 1888 0.275663 0.0953309
11 1888 0.316529 -0.168515
11 1631 0.295714 -0.15053
11 1849 0.0121365 -0.383954
11 1407 0.302779 -0.181373
11 1880 0.313091 -0.182291
11 1215 0.0470442 -0.292957
11 1434 -0.155069 -0.193771
11 1223 0.0181709 -0.277804
11 1694 -0.179818 0.101033
11 1230 -0.171568 0.099655
0 1889 0.265657 0.146493
11 1889 -0.160569 -0.193771
11 1040 -0.0146511 -0.214523
11 1250 -0.191237 0.0599346
11 1494 0.308004 -0.129024
11 1251 0.30609 -0.128826
11 688 -0.157269 -0.216639
11 1549 -0.159579 -0.139935
11 1577 -0.161955 -0.138348
0 1890 0.128281 -0.205953
11 1890 0.00910752 -0.383536
0 1891 0.268552 0.136835
11 1891 -0.161955 -0.137395
12 65 0.20241 -0.215812
12 940 0.233651 -0.220366
0 1892 0.134352 -0.13618
12 1892 0.0940684 -0.161391
0 1893 0.128623 -0.134267
12 1893 0.184536 -0.196526
12 123 -0.0384682 -0.148617
12 944 -0.14407 0.0858792
12 172 -0.0409507 -0.12604
12 190 0.228479 -0.161756
0 1894 0.275663 0.130727
12 1894 -0.0258266 -0.0959622
12 258 -0.00795259 -0.1428
12 970 -0.00520274 -0.140045
12 971 0.198285 -0.211679
12 281 0.204243 -0.209843
12 282 0.232888 -0.220175
12 417 0.194161 -0.210302
12 439 0.195536 -0.219945
0 1895 0.265657 0.0913894
12 1895 -0.0229667 -0.11613
12 536 -0.0352218 -0.175403
12 1708 0.21561 -0.211679
12 1815 -0.0401257 -0.145555
12 1530 0.250258 -0.219284
12 845 0.24907 -0.219284
12 1577 -0.0241546 -0.0931188
0 1896 0.258288 0.133407
12 1896 -0.0256751 -0.0928331
12 1891 -0.0251049 -0.0916905
13 1315 0.157203 -0.262926
13 65 0.146955 -0.222471
13 70 0.142945 -0.217496
13 1333 0.135424 -0.225235
13 1893 0.133444 -0.20143
13 136 -0.0707215 -0.140252
13 1341 0.348381 -0.0317027
13 216 0.140539 -0.327397
0 1897 0.156121 -0.258058
13 1897 0.139384 -0.326405
13 258 -0.0546999 -0.156576
13 971 0.147413 -0.218567
13 266 0.161163 -0.2227
13 269 0.148101 -0.217879
13 278 0.20472 -0.245072
0 1898 0.155663 -0.258517
13 1898 0.139714 -0.327397
0 1899 0.12404 -0.225455
13 1899 0.125186 -0.30857
13 417 0.146314 -0.218292
13 419 0.165287 -0.224078
13 1011 -0.0764236 -0.117453
13 508 0.0976872 -0.201807
13 1031 0.0587311 -0.169663
13 690 -0.0766986 -0.120759
13 1524 -0.20365 0.0331482
13 876 0.119915 -0.310866
13 903 0.161163 -0.178617
14 1310 -0.242606 0.00942309
14 1317 0.135306 -0.254806
0 1900 0.00258845 -0.162967
14 1900 0.0772925 -0.193771
14 1627 0.362359 -0.0709361
14 1355 0.373053 -0.0663442
0 1901 0.328177 0.0704578
14 1901 0.114874 -0.136371
14 1371 0.098069 -0.280635
14 971 0.12129 -0.210302
14 281 0.130914 -0.208695
14 1850 0.378782 -0.0366878
0 1902 0.252366 0.0610826
14 1902 0.366026 -0.0697881
14 1880 0.373817 -0.0651962
14 1415 0.375918 -0.0213813
14 1215 0.12404 -0.213057
14 417 0.124865 -0.211679
14 1009 0.11127 -0.119304
0 1903 0.269781 0.0900119
14 1903 0.381837 -0.0525683
14 585 0.111745 -0.1174
14 591 0.379742 -0.0317027
14 595 0.0780075 -0.175642
14 1251 0.374 -0.0100008
0 1904 0.167102 -0.241105
14 1904 0.0827921 -0.195148
14 721 -0.216124 0.0454245
14 722 0.10227 -0.250022
14 1741 0.112391 -0.118004
14 1113 0.112582 -0.118004
14 1837 0.109527 -0.274895
14 1295 0.111666 -0.118004
15 5 0.0910417 -0.281936
15 7 0.0633141 -0.269538
15 928 0.0971142 -0.265329
15 29 0.0587311 -0.250022
15 54 0.0999787 -0.220366
15 1173 -0.36062 -0.112264
15 59 -0.14176 -0.175642
15 933 0.105707 -0.217879
15 64 0.083747 -0.208886
15 65 0.103416 -0.213287
15 75 -0.116571 -0.167367
15 1329 0.109145 -0.207547
15 76 -0.101485 -0.17062
15 80 -0.111988 -0.166793
15 83 -0.109124 -0.166793
15 85 -0.111988 -0.163923
15 940 0.141226 -0.208695
15 1175 -0.110079 -0.162967
15 92 -0.110842 -0.162775
15 95 -0.098239 -0.160479
15 98 0.0971142 -0.189753
15 99 0.10227 -0.190327
15 112 0.0530022 -0.175403
15 945 -0.112943 -0.126614
15 946 -0.107214 -0.129484
15 137 -0.403204 -0.0280779
15 138 -0.121154 -0.116856
15 146 -0.105305 -0.11322
15 165 0.0169105 -0.11322
15 174 0.164905 -0.12757
15 181 -0.32006 0.00735673
15 195 0.192595 -0.105567
15 196 -0.321664 0.0484547
15 209 -0.317081 0.0587866
15 210 -0.328538 0.0633786
15 212 -0.322809 0.0691185
15 213 -0.317081 0.0679705
15 1355 0.324358 -0.00129148
15 1887 0.329132 -0.000908798
15 1356 0.345364 0.00636177
15 1360 0.325313 0.0207116
15 957 0.331424 0.0254949
15 1643 0.052269 -0.266893
15 256 0.0992912 -0.219945
15 261 0.103416 -0.213057
15 1381 0.0814172 -0.207547
15 268 -0.111988 -0.170811
15 274 -0.117946 -0.167597
15 277 -0.106259 -0.168515
15 281 0.103416 -0.200659
15 293 0.0976872 -0.190327
15 294 0.102041 -0.191016
15 299 0.144664 -0.195148
15 305 0.0564395 -0.177699
15 1850 -0.120009 -0.137519
15 314 -0.107405 -0.129483
15 976 -0.125737 -0.115708
15 331 -0.13087 -0.104228
15 335 -0.123446 -0.100095
15 979 -0.377806 0.0105711
15 1666 -0.314789 0.0404188
15 362 0.192786 -0.105376
15 982 -0.321434 0.0459291
15 364 -0.333809 0.0569498
15 367 -0.321434 0.0555722
0 1905 0.246637 0.0553426
15 1905 0.312954 -0.0100008
15 1670 0.319279 -0.000908798
15 1408 0.324503 -0.0017353
15 1880 0.328903 -0.000908798
15 988 0.348152 0.0128671
15 1411 0.327986 0.0266429
15 381 0.0572187 -0.261273
15 389 0.0627412 -0.247152
15 407 -0.361307 -0.112493
15 408 -0.0928921 -0.174446
15 414 -0.120696 -0.168974
15 415 -0.111072 -0.171729
15 998 -0.0925102 -0.174255
15 427 -0.109697 -0.166219
15 999 0.0984663 -0.198455
15 432 -0.353058 -0.0876967
15 1000 -0.0995223 -0.160433
15 438 0.101766 -0.190189
15 448 -0.119321 -0.138943
15 1223 0.144664 -0.162086
15 476 -0.114371 -0.104228
15 482 0.00579661 -0.122136
15 485 0.00772152 -0.117453
15 1444 0.016796 -0.113871
15 487 0.154563 -0.13729
15 489 -0.378356 0.00983643
15 504 -0.31599 0.00884456
15 1013 -0.31401 0.0147957
15 509 0.184956 -0.118004
15 1858 -0.31456 0.0404188
15 1017 -0.335789 0.056454
15 516 -0.31731 0.0561233
15 520 -0.31731 0.067695
15 1895 0.336053 0.0214082
0 1906 0.271156 0.092767
15 1906 0.339352 0.0207469
15 1021 0.343312 0.0207469
15 1028 0.0621684 -0.271191
15 1030 0.0641483 -0.258958
15 537 0.0601885 -0.247056
15 543 0.0819672 -0.241105
15 1032 0.0938466 -0.221267
15 1035 -0.123941 -0.169691
15 559 -0.114041 -0.171674
15 1704 0.0938466 -0.205398
15 1705 -0.118001 -0.167707
15 1814 -0.101172 -0.170352
15 1036 -0.109422 -0.165393
0 1907 0.0159711 -0.145555
15 1907 -0.0931977 -0.171729
15 1473 0.119585 -0.205398
15 1816 -0.351958 -0.0695126
15 1239 -0.116021 -0.137951
15 1040 -0.106122 -0.124065
15 602 -0.125921 -0.115799
15 1242 -0.121961 -0.104228
15 615 -0.114041 -0.104228
15 619 -0.0902828 -0.106211
15 623 0.016631 -0.112163
15 1048 -0.31401 0.0147958
0 1908 0.253557 -0.0298381
15 1908 0.189211 -0.104228
0 1909 0.245308 -0.0248788
15 1909 0.185911 -0.0976153
15 647 -0.323909 0.0683563
15 648 -0.31797 0.0663726
15 1495 0.325097 0.0687531
15 1860 0.085927 -0.28673
15 1500 0.0637524 -0.243088
15 1066 0.141364 -0.207381
15 1823 -0.10731 -0.124065
15 702 0.0732558 -0.157391
15 703 -0.125921 -0.11613
15 1514 -0.131068 -0.105021
15 1080 -0.114437 -0.105021
15 726 -0.328265 0.0116219
15 1263 -0.321137 0.00448046
15 1265 0.116021 -0.0931188
15 1267 0.192049 -0.107402
15 733 -0.335393 0.0568508
15 1271 0.143106 -0.243088
15 769 -0.119189 -0.15025
15 1282 0.0860855 -0.160248
15 1534 0.165914 -0.162152
15 809 -0.335868 0.0568508
15 819 0.0906471 -0.257371
15 830 0.134553 -0.220236
15 1776 -0.138576 -0.157963
15 1568 -0.323323 0.0614213
15 1588 -0.0878277 -0.174531
15 1878 0.0838047 -0.161391
15 1594 0.165915 -0.127112
16 1607 0.0924166 -0.270916
16 1795 0.0644599 -0.252318
16 927 0.124804 -0.261502
16 13 0.0701888 -0.25117
16 1796 0.0667514 -0.248874
0 1910 0.122894 -0.202189
16 1910 0.073626 -0.248874
16 23 0.0512836 -0.243326
16 929 0.0518564 -0.243134
16 26 0.0564395 -0.241986
16 29 0.0656056 -0.240456
16 1172 0.109145 -0.246578
16 33 0.120984 -0.242369
16 34 0.140081 -0.248109
16 1319 0.105707 -0.237394
16 36 0.147719 -0.244282
16 1321 0.117165 -0.211756
16 54 0.107999 -0.208695
16 55 0.111436 -0.209843
16 1173 -0.359474 -0.127188
16 56 0.138171 -0.212713
16 933 0.112582 -0.206399
16 65 0.110291 -0.201807
16 66 0.117165 -0.201807
0 1911 -0.0241461 -0.154357
16 1911 -0.117717 -0.17062
16 936 -0.106259 -0.16775
16 1328 -0.124592 -0.165071
16 75 -0.102822 -0.166219
16 77 -0.0776152 -0.169663
0 1912 0.226968 -0.14766
16 1912 0.182092 -0.206973
16 80 -0.098239 -0.165071
16 81 -0.0844898 -0.168515
16 83 -0.0948018 -0.165071
16 84 -0.353745 -0.107672
16 85 -0.0967114 -0.16201
16 86 0.110291 -0.190327
16 1615 0.11621 -0.191666
16 92 -0.0959475 -0.161627
16 93 0.126713 -0.188796
16 1176 -0.34878 -0.0988705
16 98 0.103798 -0.17923
16 103 0.102843 -0.174446
16 104 0.151538 -0.181373
0 1913 0.153448 -0.125657
16 1913 0.0979163 -0.170352
16 114 -0.384681 -0.073232
16 115 -0.101485 -0.140007
16 117 -0.10244 -0.13618
16 1618 -0.353608 -0.0794312
16 122 -0.098621 -0.13044
16 946 -0.0909825 -0.12757
16 125 -0.392701 -0.0548643
16 126 -0.098239 -0.124892
16 128 -0.111988 -0.122596
16 132 -0.111988 -0.1203
16 1801 -0.107214 -0.117047
16 138 -0.110079 -0.11609
16 1847 -0.0879271 -0.121448
16 148 -0.116571 -0.104228
16 1621 -0.351683 -0.043614
16 157 -0.337934 -0.0463692
16 158 -0.342058 -0.0408588
16 162 -0.384681 -0.0204246
16 1345 0.0266496 -0.111116
16 165 0.0321874 -0.105567
16 952 0.0126712 -0.100095
16 174 0.176745 -0.112264
16 177 0.179228 -0.108437
16 181 -0.31566 -0.0083477
16 1182 -0.313643 -0.0032048
16 188 -0.357182 0.019755
16 189 -0.378952 0.0312349
16 190 0.200806 -0.0904519
16 191 -0.317272 0.0226249
16 192 -0.307723 0.0187983
16 195 0.207681 -0.0881559
16 1184 -0.318226 0.0277909
16 198 0.203098 -0.0854773
16 955 -0.30104 0.0266429
16 205 -0.325101 0.0369748
16 1803 -0.319372 0.0369748
16 209 -0.321091 0.0408014
16 210 -0.331976 0.0450107
16 212 -0.326247 0.0496027
16 213 -0.320518 0.0496027
0 1914 0.272799 0.0828943
16 1914 0.333715 0.0392708
16 1363 0.308508 0.0645266
16 225 0.0731677 -0.250252
16 227 0.108366 -0.251354
16 1187 0.147413 -0.251629
16 237 0.104791 -0.237854
16 1376 0.0694249 -0.232802
16 1188 0.146955 -0.244282
16 238 0.0827921 -0.230966
16 239 0.0902168 -0.231517
16 254 0.103416 -0.210302
16 256 0.107541 -0.208924
16 966 0.111666 -0.210302
16 968 -0.131695 -0.175862
16 261 0.110291 -0.202036
16 262 0.117165 -0.202036
16 263 0.105066 -0.200108
16 266 0.119915 -0.197904
16 1649 0.188203 -0.205251
16 277 -0.0925102 -0.167367
0 1915 0.00373423 -0.146703
16 1915 -0.0867814 -0.168515
16 972 0.129539 -0.195148
16 278 -0.100531 -0.163923
16 280 0.0937915 -0.186883
16 281 0.110291 -0.189638
16 285 -0.0879271 -0.163923
16 286 0.104791 -0.186883
0 1916 0.0106088 -0.142111
16 1916 -0.0814345 -0.16488
16 1194 -0.352599 -0.10308
16 1655 0.130914 -0.188031
16 291 -0.349162 -0.0984878
16 293 0.104562 -0.178847
16 294 0.108916 -0.178617
16 298 0.103416 -0.174485
16 302 -0.370932 -0.0849416
16 305 0.0662931 -0.168974
16 306 0.069043 -0.167597
16 307 -0.384681 -0.0739209
16 1851 0.166433 -0.167367
16 318 -0.389264 -0.0525683
16 1197 -0.0904478 -0.123514
16 1811 -0.106259 -0.116856
16 976 -0.110842 -0.115708
16 330 -0.0821983 -0.113412
16 331 -0.116571 -0.104228
16 335 -0.108322 -0.100095
16 337 -0.338758 -0.0463691
16 338 -0.342058 -0.0414098
16 1200 0.0255038 -0.112264
16 341 0.0106088 -0.100784
16 1660 0.0323784 -0.105376
16 1852 0.136414 -0.108361
16 353 -0.30631 -0.00779674
16 354 -0.310435 -0.000908798
16 358 -0.379181 0.0307757
16 981 0.12679 -0.0794312
16 359 -0.312497 0.017459
16 1666 -0.31731 0.0238877
16 362 0.209285 -0.0890743
16 364 -0.337934 0.0390412
16 366 -0.302186 0.0280205
16 369 -0.321434 0.0404188
16 984 -0.321434 0.0486843
16 1407 0.301634 0.020903
16 987 0.341277 0.0390412
16 381 0.0638183 -0.253007
16 383 0.0720678 -0.248048
16 1425 0.105726 -0.245072
16 1682 0.105066 -0.238129
16 393 0.0836172 -0.231517
16 1429 0.136414 -0.214435
16 997 0.106716 -0.210026
16 410 0.106166 -0.202036
16 411 0.116615 -0.201761
16 1214 0.143014 -0.20672
16 414 -0.106122 -0.168699
16 415 -0.0959475 -0.170352
16 417 0.101766 -0.195148
16 418 0.119915 -0.198455
16 422 0.110016 -0.195148
16 426 -0.101447 -0.163464
16 427 -0.0945726 -0.164842
16 999 0.105066 -0.186883
16 432 -0.353608 -0.102575
16 1000 -0.0849481 -0.159331
16 436 -0.116021 -0.150515
16 442 -0.107772 -0.145555
16 448 -0.104472 -0.138943
16 470 -0.0843431 -0.114146
16 1223 0.155663 -0.148311
16 476 -0.0978724 -0.104228
16 1007 -0.109422 -0.100921
16 480 -0.337769 -0.0466997
16 482 0.0209207 -0.115248
16 485 0.0258705 -0.11084
16 1444 0.0319201 -0.105605
16 1012 0.0110213 -0.100921
16 487 0.166112 -0.122412
16 489 -0.378356 -0.0100008
16 490 -0.340408 -0.0199194
16 1227 0.0401696 -0.10285
16 1857 0.135424 -0.108195
16 506 -0.30576 -0.0083477
16 511 -0.31181 0.0183774
16 1694 -0.30741 0.0263674
16 1017 -0.337769 0.0386004
16 1230 -0.302461 0.0280206
16 516 -0.322259 0.0395923
16 519 -0.327869 0.0505028
16 520 -0.32061 0.0495109
16 529 0.086917 -0.266232
16 1030 0.0700879 -0.24904
16 537 0.0661282 -0.237137
16 543 0.0879069 -0.231186
16 1234 -0.361527 -0.126049
16 1034 0.115625 -0.20143
16 554 -0.118001 -0.171674
16 1035 -0.108102 -0.169691
16 1235 -0.353608 -0.114146
16 1704 0.0997862 -0.195479
16 562 0.129814 -0.198455
16 1705 -0.104142 -0.165723
16 1814 -0.0846731 -0.168699
16 1036 -0.0945726 -0.165393
16 568 0.111666 -0.189528
16 1038 -0.116021 -0.149853
16 1816 -0.348658 -0.0843905
16 1239 -0.101172 -0.13729
16 611 -0.116021 -0.106211
16 615 -0.0982023 -0.104228
16 1479 0.0106914 -0.102244
16 625 -0.341728 -0.0209113
16 631 -0.329849 -0.00305777
16 1484 -0.31599 -0.00900897
16 1247 -0.30807 -0.00702524
16 1048 -0.30807 -0.00107404
16 635 0.127505 -0.080423
16 637 -0.31203 0.0187632
16 1908 0.20736 -0.0876967
16 638 -0.325889 0.0286818
16 648 -0.321929 0.0485191
16 1724 0.0970145 -0.3026
16 1498 0.0978063 -0.270861
16 1819 0.068768 -0.261273
16 1820 0.07088 -0.25023
16 658 0.051873 -0.243088
16 662 0.0661282 -0.238327
16 1500 0.07088 -0.233566
16 668 0.137404 -0.235947
16 671 0.151659 -0.231186
16 1062 0.159072 -0.219665
16 1259 0.141364 -0.207381
16 678 0.120773 -0.20024
16 682 -0.0962225 -0.163739
16 684 0.113645 -0.188338
16 1503 0.171617 -0.197383
0 1917 0.186901 -0.139935
16 1917 0.151263 -0.189528
16 688 -0.349648 -0.0982766
16 689 -0.114437 -0.14787
16 690 -0.104934 -0.15025
16 1509 -0.351958 -0.0843905
16 1823 -0.0906787 -0.124065
16 1079 -0.359151 -0.0455094
16 708 -0.131068 -0.10026
16 714 0.0114834 -0.102641
16 1083 0.0304903 -0.105021
16 718 0.0407196 -0.105881
16 726 -0.325889 -0.00504145
16 1263 -0.316386 -0.00980237
16 731 -0.31401 0.0187633
16 1267 0.20868 -0.0907383
16 1516 -0.325889 0.0282851
16 733 -0.337769 0.037807
16 734 -0.304506 0.0282851
16 736 0.0889366 -0.30022
16 737 0.123545 -0.306568
16 739 0.131702 -0.271654
16 1093 0.123149 -0.25261
16 743 0.13978 -0.254991
16 748 0.137404 -0.243088
16 1824 -0.141997 -0.194527
16 755 0.0946386 -0.205953
16 756 0.13978 -0.207381
16 1098 -0.124891 -0.171674
16 1826 -0.116338 -0.171674
0 1918 -0.249862 -0.140728
16 1918 -0.3544 -0.102641
16 1274 -0.349648 -0.0978797
16 771 -0.109686 -0.145489
16 1102 -0.109686 -0.131206
16 1104 -0.0930546 -0.131206
16 1280 -0.10731 -0.121684
16 784 -0.0906787 -0.114543
16 788 -0.114627 -0.106545
16 1534 0.175418 -0.14787
16 1537 0.00910752 -0.103117
16 809 -0.338719 0.0368549
16 1288 0.0689793 -0.274511
16 819 0.103192 -0.245945
16 820 0.145957 -0.248801
16 828 0.131702 -0.217379
16 1555 -0.114627 -0.164819
16 842 -0.102083 -0.148822
16 846 -0.104934 -0.140252
16 858 -0.104934 -0.103117
16 1134 -0.0821256 -0.111686
16 1139 0.185872 -0.125969
0 1919 0.294211 0.142548
16 1919 0.343819 0.0922722
0 1920 0.155651 -0.257371
16 1920 0.100911 -0.315645
16 1147 0.0906471 -0.298506
16 1862 0.131702 -0.192242
16 893 -0.114627 -0.144251
16 1300 -0.100942 -0.147679
16 1788 0.292849 0.0369748
16 1163 0.162493 -0.151107
17 7 0.088521 -0.223619
17 1795 0.0805006 -0.216731
17 12 0.147413 -0.2227
17 1796 0.0850837 -0.214435
17 1910 0.0923402 -0.213669
17 23 0.0701888 -0.208695
17 1171 0.126331 -0.214435
17 28 0.138171 -0.211756
17 33 0.137216 -0.205059
17 34 0.158222 -0.208886
17 1319 0.122894 -0.201807
17 36 0.16586 -0.206016
17 38 0.135306 -0.199319
17 932 0.170634 -0.191666
17 50 0.136261 -0.184013
17 1321 0.134352 -0.175403
17 54 0.124804 -0.17349
17 56 0.152493 -0.175403
17 933 0.130914 -0.170811
17 1798 -0.0925102 -0.146703
17 65 0.126713 -0.166793
17 67 0.122894 -0.16488
17 68 -0.0900277 -0.143833
0 1921 0.202143 -0.1534
17 1921 0.18362 -0.170811
17 935 -0.0948018 -0.140963
17 70 0.121748 -0.161627
17 937 0.141035 -0.162967
17 73 0.201188 -0.16775
17 1328 -0.0948018 -0.138667
17 75 -0.0753237 -0.139815
17 1329 0.132442 -0.15914
17 76 -0.0613835 -0.140963
17 80 -0.0709316 -0.138093
17 81 -0.0575643 -0.140963
0 1922 0.168725 -0.146703
17 1922 0.145809 -0.158183
17 83 -0.0671124 -0.137137
17 85 -0.0709316 -0.135223
17 940 0.159177 -0.15914
17 941 -0.064248 -0.137137
17 92 -0.0707406 -0.134075
17 93 0.142945 -0.1534
17 1176 -0.319181 -0.0883473
17 98 0.12003 -0.143833
17 99 0.124804 -0.14479
17 1893 0.0873753 -0.142111
17 108 -0.341142 -0.076676
17 1845 0.0827921 -0.137137
17 114 -0.356037 -0.0674921
17 115 -0.0747508 -0.11322
17 117 -0.0776152 -0.11035
17 1618 -0.325559 -0.0711656
17 1178 -0.0890729 -0.106524
17 122 -0.0728412 -0.103654
17 123 -0.32006 -0.0642777
17 946 -0.0652028 -0.10174
17 125 -0.364057 -0.0502723
17 126 -0.0728412 -0.0979138
17 128 -0.0862085 -0.0969572
17 130 -0.064248 -0.0988705
17 136 -0.386972 -0.0410884
17 137 -0.37666 -0.0422364
17 1801 -0.0814345 -0.0912172
17 141 -0.0890729 -0.086434
17 144 -0.0613835 -0.0883473
17 145 -0.0709316 -0.0845206
17 146 -0.064248 -0.086434
17 948 -0.0575643 -0.0873906
17 148 -0.0913644 -0.078972
17 157 -0.30906 -0.0364964
17 162 -0.356037 -0.0158326
17 163 0.0302778 -0.0739974
17 950 0.0312327 -0.0720841
17 165 0.0531932 -0.0739974
17 952 0.0321874 -0.0701708
17 167 0.182474 -0.0858599
17 1848 -0.311543 -0.0118147
17 1346 0.0617864 -0.0701708
17 174 0.190685 -0.0759107
17 177 0.194504 -0.0720841
17 181 -0.289582 0.00253514
17 954 -0.280034 0.00253514
17 188 -0.331976 0.0254949
17 189 -0.353745 0.0346789
17 190 0.216465 -0.052951
0 1923 0.247974 -0.0319045
17 1923 0.216465 -0.0510376
17 191 -0.295311 0.0302782
0 1924 0.253702 -0.0290345
17 1924 0.220284 -0.0491243
17 198 0.218375 -0.047211
17 955 -0.280416 0.0358269
17 1638 0.1439 -0.269155
17 1371 0.108366 -0.262926
17 218 0.11854 -0.233721
17 221 0.0869169 -0.224078
17 1643 0.0786674 -0.221598
17 1372 0.0786674 -0.215812
17 962 0.0910417 -0.213057
17 227 0.125415 -0.215812
17 228 0.137789 -0.215583
17 1647 0.0862295 -0.205251
17 1375 0.126331 -0.201807
17 238 0.102041 -0.196526
17 239 0.107541 -0.196526
17 240 0.156312 -0.204103
17 251 0.194504 -0.18784
17 253 0.189349 -0.185735
17 254 0.12129 -0.174485
17 256 0.12404 -0.173107
17 966 0.129539 -0.174485
17 258 0.157038 -0.173107
17 261 0.12679 -0.167597
17 263 0.12129 -0.164842
17 264 -0.0904478 -0.144178
0 1925 0.201952 -0.153591
17 1925 0.183161 -0.170352
17 971 0.11854 -0.160709
17 270 0.136414 -0.162086
17 1649 0.20241 -0.167046
17 1383 0.13206 -0.159331
17 277 -0.0661576 -0.139815
17 1192 -0.0527903 -0.140963
17 972 0.144664 -0.159331
17 278 -0.0730322 -0.137519
17 279 -0.0684491 -0.136371
17 1652 0.133206 -0.155887
17 282 0.162996 -0.158183
17 285 -0.063866 -0.135223
17 286 0.12129 -0.152443
17 1916 -0.0556547 -0.13618
17 288 0.147413 -0.152443
17 1810 -0.0588246 -0.130402
17 292 -0.0890729 -0.124892
17 293 0.120602 -0.144407
17 294 0.125415 -0.144178
17 298 0.119915 -0.140045
17 1195 -0.0799068 -0.119152
17 305 0.0862295 -0.135223
17 306 0.088521 -0.134075
17 1657 -0.379181 -0.0642777
17 1850 -0.0799068 -0.111116
17 310 -0.0890729 -0.106983
17 314 -0.0661576 -0.101932
17 316 -0.364057 -0.0505019
17 317 -0.0673033 -0.0984878
17 321 -0.377806 -0.043614
17 1197 -0.0627203 -0.0961918
17 1811 -0.0810525 -0.0915999
17 976 -0.0844898 -0.0904519
17 327 -0.0707406 -0.0847119
17 328 0.173308 -0.111116
17 331 -0.0918227 -0.0794312
17 335 -0.0835732 -0.0752985
17 1659 -0.322259 -0.0347974
17 1199 0.0426903 -0.083564
17 340 -0.357182 -0.0146847
17 344 -0.381656 -8.22329e-05
17 345 -0.312497 -0.0112407
17 979 -0.351454 -0.00435274
17 1852 0.152913 -0.0711656
17 358 -0.355258 0.034633
17 362 0.224409 -0.0505019
17 1853 -0.284999 0.0335309
17 364 -0.315935 0.0445516
17 367 -0.303561 0.043174
17 368 -0.33885 0.0518987
0 1926 0.2432 0.0541946
17 1926 0.293155 0.0459291
17 1902 0.305529 0.0514395
17 1880 0.308279 0.0569498
0 1927 0.270698 0.146034
17 1927 0.309654 0.131835
17 1206 0.155223 -0.227219
17 381 0.0780075 -0.2173
17 383 0.0902168 -0.213333
17 386 0.118265 -0.211679
17 1425 0.124865 -0.210026
17 1682 0.121565 -0.201761
17 394 0.106716 -0.196802
17 1212 0.165122 -0.181593
17 997 0.124865 -0.173658
17 407 -0.328309 -0.116626
17 1683 0.175022 -0.171674
17 411 0.133664 -0.166219
17 415 -0.069824 -0.1428
17 422 0.129814 -0.160433
17 1430 0.0931041 -0.153591
17 427 -0.0684491 -0.13729
17 430 0.162538 -0.157954
17 999 0.121565 -0.152168
17 432 -0.323909 -0.092656
17 1000 -0.0599246 -0.130677
17 437 -0.0821983 -0.124892
17 445 0.085267 -0.135637
17 448 -0.0797234 -0.112493
17 450 -0.325559 -0.0711657
17 1002 -0.363507 -0.0513284
17 1221 -0.376706 -0.044716
17 460 -0.365157 -0.0463691
17 464 -0.0849481 -0.0904519
17 475 -0.333809 -0.0364505
17 482 0.0415445 -0.083564
17 485 0.0456693 -0.0794312
17 1444 0.0525439 -0.0739209
17 1226 0.174362 -0.0860436
17 487 0.180962 -0.0863742
17 490 -0.313185 -0.0119295
17 492 -0.355258 -8.22329e-05
17 494 -0.348658 0.0048771
17 495 0.191411 -0.0752985
17 501 0.210736 -0.0730408
17 503 -0.30906 0.0081833
17 515 -0.303561 0.036286
17 1015 -0.342058 0.0428985
17 1017 -0.31566 0.0445516
17 1696 -0.340408 0.051164
17 1022 0.315154 0.0858792
17 1461 0.116615 -0.23317
17 529 0.106716 -0.229864
17 538 0.159513 -0.211679
17 1232 0.164462 -0.213333
17 541 0.165122 -0.207381
17 1464 0.154563 -0.203414
17 543 0.105726 -0.195479
17 1465 0.0958265 -0.193495
17 545 0.154563 -0.198455
17 1467 0.139164 -0.186883
17 1032 0.119585 -0.175642
17 1033 -0.104472 -0.152168
17 552 -0.0982023 -0.14787
17 1035 -0.0843431 -0.141918
17 561 0.141364 -0.162086
17 1814 -0.0599246 -0.140596
17 1036 -0.069824 -0.13729
17 1473 0.139384 -0.157788
17 568 0.127505 -0.153821
17 572 0.147303 -0.153821
17 580 -0.324184 -0.0808088
17 587 0.0885668 -0.133984
17 1816 -0.31896 -0.076125
17 1239 -0.0747737 -0.11084
17 597 -0.363507 -0.0506672
17 600 -0.365487 -0.0466997
17 1241 -0.0714739 -0.0959622
17 602 -0.0846731 -0.0910029
17 611 -0.0902828 -0.080423
17 612 -0.0582747 -0.0860436
17 614 -0.333809 -0.0367811
17 617 -0.31203 -0.0367811
17 623 0.052269 -0.0728188
17 1480 0.175022 -0.0863742
17 625 -0.31599 -0.0129764
17 1481 0.0621684 -0.0728188
17 1247 -0.282662 0.00322397
17 1048 -0.284312 0.00983643
17 635 0.141364 -0.0466997
17 1908 0.223859 -0.0496753
17 641 -0.281012 0.0362861
17 646 -0.339748 0.0584377
17 1487 0.324503 0.0809199
17 1860 0.115625 -0.239121
17 1819 0.0851352 -0.226425
17 652 0.107706 -0.229202
17 1060 0.162813 -0.224904
17 1820 0.0898869 -0.214523
17 658 0.07088 -0.209762
17 1499 0.159183 -0.213333
17 663 0.165122 -0.213333
17 1061 0.163143 -0.20143
17 668 0.155223 -0.197463
17 669 0.0970145 -0.188338
17 1501 -0.104934 -0.152631
17 674 0.11127 -0.171674
17 676 0.127901 -0.171674
17 677 0.173042 -0.174055
17 1258 -0.0906787 -0.145489
17 1259 0.157203 -0.169691
17 679 -0.0835512 -0.143109
17 1503 0.184921 -0.159772
17 688 -0.31995 -0.0883579
17 693 -0.299755 -0.0859774
17 694 0.0879069 -0.135967
17 697 -0.356775 -0.0669337
17 1072 -0.0843431 -0.104228
17 1736 0.051873 -0.114543
17 702 0.105726 -0.112163
17 703 -0.0843431 -0.0903416
17 1077 -0.0906787 -0.0812164
17 705 -0.0744437 -0.0843905
17 1513 0.176012 -0.112493
17 1078 -0.0586046 -0.0863742
17 1083 0.051873 -0.0740751
17 1084 0.184921 -0.0863742
17 724 0.151263 -0.0705044
17 726 -0.302131 0.00448046
17 732 -0.34252 0.0425679
17 1516 -0.304506 0.0354265
0 1928 0.270056 0.129852
17 1928 0.322721 0.118743
0 1929 0.275996 0.143738
17 1929 0.327473 0.130645
17 736 0.108894 -0.262132
17 737 0.144532 -0.266893
17 747 0.165914 -0.209762
17 749 0.0922627 -0.193099
17 750 0.156411 -0.197859
17 1095 0.151659 -0.178816
17 755 0.111745 -0.171674
17 1096 0.13978 -0.169294
17 1826 -0.0906787 -0.145965
17 1272 -0.0821256 -0.143109
17 758 0.0946386 -0.160248
0 1930 0.196801 -0.14787
17 1930 0.177319 -0.163105
17 1918 -0.325889 -0.0931188
17 1529 0.0889366 -0.145965
17 1274 -0.321137 -0.0883578
17 1759 0.108894 -0.145965
17 771 -0.0835512 -0.119304
17 1101 -0.0787994 -0.114543
17 1104 -0.069296 -0.105021
17 1280 -0.0835512 -0.0954992
17 777 -0.0764236 -0.0954992
17 779 0.100341 -0.114543
17 781 -0.0849766 -0.0916905
17 784 -0.0669201 -0.0883578
17 788 -0.0878277 -0.0802643
17 1534 0.192049 -0.109782
17 1831 -0.356775 -0.0121829
17 801 -0.304506 -0.00266096
17 1832 0.20868 -0.0716946
17 804 -0.301655 0.00543267
17 1283 0.211056 -0.0669337
17 811 -0.281698 0.0368549
17 1540 0.177319 -0.0288461
17 1117 0.111745 -0.260228
17 1553 0.145957 -0.263084
17 1119 0.15223 -0.233376
17 1289 0.0803835 -0.220236
17 827 0.168766 -0.19167
17 1121 0.118017 -0.17853
17 828 0.151659 -0.180244
0 1931 -0.030807 -0.163105
17 1931 -0.104364 -0.154535
17 1125 -0.0975212 -0.144251
17 833 -0.080415 -0.144251
17 1562 0.163063 -0.145965
17 845 0.107753 -0.137395
17 846 -0.0792746 -0.114543
17 847 -0.31306 -0.0756937
17 1129 0.0940684 -0.127112
17 852 -0.0678704 -0.103117
17 1132 -0.0650194 -0.0945471
17 862 -0.321613 -0.0145633
17 1838 0.184921 -0.0859774
17 1839 -0.309638 -0.000280466
0 1932 0.183021 -0.0574118
17 1932 0.148808 -0.068838
17 1570 0.299913 0.0539942
17 1146 0.325573 0.0654204
17 1575 0.323292 0.116267
17 879 0.159072 -0.22652
17 1581 0.131702 -0.188814
17 1152 0.169336 -0.192242
17 1786 0.141966 -0.181958
17 1154 0.189863 -0.188814
17 1158 0.159072 -0.151107
0 1933 -0.227528 -0.13054
17 1933 -0.302796 -0.0859773
17 894 -0.0872575 -0.109972
17 1159 0.0769622 -0.13054
17 897 -0.06673 -0.096261
17 898 0.0632772 -0.106545
17 1163 0.179599 -0.1134
17 1165 -0.0564663 -0.0825495
17 1842 -0.316481 -0.0277035
17 904 -0.323323 -0.0174198
1 1934 0.395968 -0.451877
2 1934 0.451347 -0.385868
1 1935 0.156312 -0.262459
2 1935 0.184956 -0.206016
1 1936 0.183047 -0.260546
2 1936 0.212646 -0.203146
1 1937 0.161086 -0.258632
2 1937 0.18973 -0.202189
1 1938 0.177318 -0.249066
2 1938 0.205962 -0.19358
1 1939 0.173499 -0.247152
2 1939 0.201188 -0.19071
1 1940 0.175408 -0.244282
2 1940 0.204052 -0.188796
1 1941 0.181137 -0.243326
2 1941 0.209781 -0.18784
1 1942 0.136261 -0.226106
2 1942 0.162996 -0.172533
1 1943 0.114301 -0.221323
2 1943 0.141035 -0.16775
1 1944 0.188776 -0.221323
2 1944 0.216465 -0.16488
2 9 0.202143 -0.16488
1 1945 0.169679 -0.218453
2 1945 0.195459 -0.162967
2 11 0.226013 -0.160097
1 1946 0.182092 -0.215583
2 1946 0.208827 -0.15914
1 928 0.147719 -0.214626
1 1947 0.149629 -0.213669
2 1947 0.175408 -0.15914
1 1948 0.197369 -0.213669
2 1948 0.224103 -0.157227
2 16 0.231742 -0.15627
2 22 0.227923 -0.154357
2 29 0.137216 -0.158183
1 1949 0.181137 -0.209843
2 1949 0.206917 -0.152443
2 34 0.21551 -0.145747
2 40 0.154403 -0.14479
2 38 0.177318 -0.143833
2 36 0.224103 -0.13905
2 41 0.21551 -0.13618
2 45 0.169679 -0.13618
2 43 0.214555 -0.13331
1 1950 0.153448 -0.18784
2 1950 0.177318 -0.134267
1 1951 0.158222 -0.185926
2 1951 0.182092 -0.131397
1 932 0.194504 -0.181143
1 1952 0.00163364 -0.180186
2 1952 0.0331422 -0.13618
1 1953 0.161086 -0.177316
2 1953 0.185911 -0.122787
2 57 0.00640767 -0.135223
1 1954 -0.24948 -0.174446
2 1954 -0.214152 -0.145747
1 1955 0.19355 -0.174446
2 1955 0.218375 -0.11896
1 1956 0.222194 -0.174446
2 1956 0.246637 -0.116856
1 1957 -0.255209 -0.172533
2 1957 -0.217017 -0.145747
1 1958 0.162041 -0.171576
2 1958 0.186866 -0.117047
1 1959 0.198324 -0.17062
2 1959 0.222194 -0.114177
2 56 0.203098 -0.114177
1 1960 -0.252345 -0.168706
2 1960 -0.217972 -0.140007
1 1961 -0.25139 -0.166793
2 1961 -0.216062 -0.138093
2 63 0.219329 -0.109394
2 61 0.230787 -0.108437
1 1962 -0.24948 -0.162967
2 1962 -0.215107 -0.134267
1 1963 0.0226394 -0.162967
2 1963 0.0551028 -0.11896
1 970 0.181137 -0.162967
2 101 -0.287673 -0.138093
1 1964 -0.000275968 -0.16201
2 1964 0.0312326 -0.11896
1 76 0.00736248 -0.16201
2 81 0.0407807 -0.118004
1 1965 0.0178653 -0.161053
2 1965 0.0503287 -0.117047
2 71 0.168725 -0.108437
1 1966 0.0111817 -0.160097
2 1966 0.0426903 -0.117047
1 1967 0.152493 -0.15914
2 1967 0.176363 -0.106524
1 938 0.16777 -0.15914
1 1968 -0.24948 -0.158183
2 1968 -0.214152 -0.129484
1 73 0.209781 -0.158183
1 1969 0.216465 -0.158183
2 1969 0.237471 -0.100784
1 1970 -0.256164 -0.157227
2 1970 -0.222746 -0.128527
2 102 -0.212243 -0.12757
1 1971 0.156312 -0.154357
2 1971 0.179228 -0.100784
1 1972 0.188776 -0.154357
2 1972 0.211691 -0.0988705
1 1973 -0.25139 -0.1534
2 1973 -0.217017 -0.125657
1 1974 0.134352 -0.1534
2 1974 0.159177 -0.10174
2 116 -0.281944 -0.12757
1 1975 0.160131 -0.152443
2 1975 0.182092 -0.0979138
1 1976 0.180182 -0.152443
2 1976 0.201952 -0.0961918
2 87 0.221239 -0.0960005
1 1977 -0.257119 -0.151487
2 1977 -0.222746 -0.123744
2 95 0.0407807 -0.108437
1 1978 -0.259028 -0.15053
2 1978 -0.22561 -0.122787
1 1979 -0.0155529 -0.149573
2 1979 0.0169105 -0.108437
1 1980 0.126713 -0.149573
2 1980 0.150583 -0.0979138
1 1981 -0.257119 -0.148617
2 1981 -0.222746 -0.120874
1 1982 0.18973 -0.148617
2 1982 0.21341 -0.0927479
2 94 0.19355 -0.0931306
1 1983 0.180182 -0.14766
2 1983 0.202143 -0.0921739
1 1984 -0.0107788 -0.14479
2 1984 0.0207298 -0.103654
1 1985 -0.00886922 -0.142877
2 1985 0.0226394 -0.100784
1 1986 -0.312497 -0.140007
2 1986 -0.27526 -0.11609
1 1987 -0.297221 -0.13905
2 1987 -0.259983 -0.115134
1 1988 0.19355 -0.138093
2 1988 0.21742 -0.083564
2 131 -0.285763 -0.11322
1 1989 -0.308678 -0.137137
2 1989 -0.274305 -0.11322
1 318 -0.293401 -0.13618
2 306 0.156312 -0.0845206
2 112 0.151538 -0.0845206
1 1990 -0.322046 -0.134267
2 1990 -0.285763 -0.11035
2 137 -0.272396 -0.11035
1 1991 -0.307723 -0.13044
2 1991 -0.27335 -0.106524
1 124 -0.0107788 -0.12757
2 142 -0.220836 -0.100784
1 1992 0.00449806 -0.125657
2 1992 0.0360067 -0.083564
2 156 -0.274305 -0.0950439
1 1993 0.0159557 -0.11322
2 1993 0.0474643 -0.0711274
1 135 0.149629 -0.11322
2 338 -0.207469 -0.0826073
1 948 0.00927209 -0.108437
1 1994 0.0102269 -0.105567
2 1994 0.0398259 -0.0634742
2 152 0.0465095 -0.0634742
1 1995 -0.0155529 -0.103654
2 1995 0.0140461 -0.0625175
1 1996 0.0961594 -0.0960005
2 1996 0.122894 -0.047211
1 1997 -0.284808 -0.0931306
2 1997 -0.252345 -0.0682575
1 1998 -0.310588 -0.0921739
2 1998 -0.27717 -0.0692141
2 161 0.147719 -0.0395578
1 1999 -0.305814 -0.0854773
2 1999 -0.27335 -0.0634742
1 2000 -0.301995 -0.0826073
2 2000 -0.268576 -0.0596476
2 165 0.135306 -0.0309478
1 2001 -0.228475 -0.0749541
2 2001 -0.197921 -0.0481677
2 181 -0.183599 -0.0462544
1 954 -0.208424 -0.0720841
2 356 -0.196966 -0.0366878
1 2002 0.234606 -0.0567776
2 2002 0.255612 0.00062183
1 2003 -0.228475 -0.0558209
2 2003 -0.19983 -0.0290345
1 2004 0.238426 -0.0548643
2 2004 0.260386 0.00253514
2 193 -0.212243 -0.0271212
1 364 -0.258074 -0.0481677
1 198 0.250838 -0.0261646
1 2005 0.218375 0.0647178
2 2005 0.21742 0.124031
1 987 0.248928 0.086721
1 2006 0.248928 0.114464
2 2006 0.246064 0.174733
1 2007 0.244154 0.137424
2 2007 0.239762 0.197693
1 2008 0.182474 -0.260354
2 2008 0.212264 -0.202955
1 2009 0.148101 -0.259206
2 2009 0.178273 -0.205059
1 2010 0.173308 -0.248874
2 2010 0.200806 -0.191475
1 2011 0.181328 -0.243134
2 2011 0.209972 -0.186883
1 2012 0.177891 -0.240838
2 2012 0.20516 -0.184128
1 2013 0.179037 -0.238542
2 2013 0.206535 -0.182291
2 222 0.18362 -0.170811
1 2014 0.189349 -0.221323
2 2014 0.216847 -0.165071
1 927 0.168725 -0.219027
2 227 0.174454 -0.159331
1 2015 0.197369 -0.213287
2 2015 0.224867 -0.157035
1 2016 0.19966 -0.210991
2 2016 0.228305 -0.153591
1 2017 0.181328 -0.209843
2 2017 0.207681 -0.153591
1 2018 0.150392 -0.207547
2 2018 0.174454 -0.152443
2 236 0.172544 -0.146703
2 233 0.215701 -0.145555
2 239 0.157267 -0.144407
1 2019 0.198515 -0.196067
2 2019 0.223722 -0.139815
2 242 0.154403 -0.142877
2 240 0.214555 -0.139815
1 2020 0.129769 -0.192623
2 2020 0.156121 -0.139815
2 244 0.16987 -0.136371
1 2021 0.148101 -0.189179
2 2021 0.173308 -0.135223
1 964 0.188203 -0.189179
2 50 0.184765 -0.127188
1 2022 0.0014427 -0.179995
2 2022 0.0335242 -0.136371
2 276 -0.236877 -0.146703
1 2023 -0.252918 -0.174255
2 2023 -0.217399 -0.145555
1 408 -0.0249099 -0.174255
1 2024 0.21341 -0.174255
2 2024 0.236325 -0.116856
1 2025 0.198515 -0.170811
2 2025 0.222576 -0.11456
2 91 -0.218545 -0.139815
1 2026 0.196223 -0.166219
2 2026 0.220284 -0.109968
1 2027 -0.273541 -0.163923
2 2027 -0.239168 -0.136371
2 291 -0.215107 -0.134075
1 2028 0.0220665 -0.162775
2 2028 0.054148 -0.118004
1 2029 0.181328 -0.162775
2 2029 0.204243 -0.107672
2 76 0.0403988 -0.118004
2 416 0.147413 -0.111116
1 269 0.152684 -0.159331
2 301 -0.275833 -0.132927
1 2030 0.164142 -0.158183
2 2030 0.188203 -0.104228
1 2031 -0.256355 -0.157035
2 2031 -0.221982 -0.128336
2 304 -0.231339 -0.128527
1 2032 -0.000848828 -0.155887
2 2032 0.0312327 -0.113412
1 2033 -0.30906 -0.153591
2 2033 -0.276215 -0.12757
2 88 0.159559 -0.101932
1 2034 -0.317081 -0.152443
2 2034 -0.281562 -0.128336
1 2035 -0.312497 -0.152443
2 2035 -0.276979 -0.128336
1 2036 -0.256355 -0.152443
2 2036 -0.221982 -0.123744
1 2037 0.164142 -0.150147
2 2037 0.187057 -0.0961918
1 2038 -0.250626 -0.146703
2 2038 -0.217399 -0.118004
1 974 -0.310206 -0.145555
1 2039 0.128623 -0.145555
2 2039 0.153448 -0.0931306
1 2040 -0.289582 -0.144407
2 2040 -0.255209 -0.118004
1 2041 -0.30906 -0.140963
2 2041 -0.274687 -0.115708
2 297 0.162996 -0.0883473
2 100 0.209972 -0.0847119
1 2042 -0.305623 -0.137519
2 2042 -0.271441 -0.11322
2 320 -0.281562 -0.113412
1 2043 -0.312497 -0.135223
2 2043 -0.278124 -0.111116
1 2044 -0.295311 -0.135223
2 2044 -0.260938 -0.109968
1 2045 -0.307914 -0.130631
2 2045 -0.273541 -0.106524
1 2046 -0.255209 -0.12604
2 2046 -0.220836 -0.100784
2 119 0.228305 -0.0686401
2 128 0.0151919 -0.08012
1 975 -0.00543191 -0.119152
1 2047 -0.321664 -0.118004
2 2047 -0.287291 -0.0950439
2 334 -0.223128 -0.0915999
1 976 -0.0157438 -0.118004
1 2048 -0.310206 -0.116856
2 2048 -0.274687 -0.0938959
1 2049 -0.250626 -0.116856
2 2049 -0.216253 -0.0893039
1 2050 -0.246043 -0.113412
2 2050 -0.212816 -0.0870079
1 2051 0.0163377 -0.113412
2 2051 0.0472734 -0.0709361
2 135 0.174454 -0.0606042
2 325 0.0449819 -0.0697881
1 2052 0.142372 -0.112264
2 2052 0.166433 -0.0606042
2 327 0.0289411 -0.0697881
2 326 0.039253 -0.0697881
1 977 0.00602576 -0.109968
1 2053 0.00946306 -0.107672
2 2053 0.0403988 -0.0663442
1 2054 -0.30906 -0.106524
2 2054 -0.274687 -0.082416
1 1004 -0.014598 -0.105376
1 2055 0.0965414 -0.0984878
2 2055 0.12404 -0.0502723
2 344 -0.272396 -0.075528
1 2056 -0.0352218 -0.0973398
2 2056 -0.00428614 -0.0571602
2 336 0.158222 -0.0462544
1 979 -0.280416 -0.0950439
2 345 -0.207087 -0.0663442
2 339 0.120602 -0.0445323
1 2057 -0.302186 -0.0870079
2 2057 -0.267813 -0.0640482
1 494 -0.280416 -0.0870079
1 2058 -0.303331 -0.082416
2 2058 -0.268958 -0.0594562
1 2059 0.107999 -0.078972
2 2059 0.134352 -0.0307565
1 2060 -0.298748 -0.07438
2 2060 -0.265521 -0.0525683
1 2061 -0.228856 -0.07438
2 2061 -0.197921 -0.0479763
2 342 0.22945 -0.0181286
1 2062 -0.265521 -0.0651962
2 2062 -0.234585 -0.0410884
1 2063 0.248928 -0.0606042
2 2063 0.271844 -0.0032048
2 359 -0.20365 -0.0319045
1 2064 -0.235731 -0.0571602
2 2064 -0.207087 -0.0307565
2 192 -0.201358 -0.0261646
2 180 0.275281 0.00368314
1 982 -0.246043 -0.0525683
1 194 -0.232294 -0.0525683
1 2065 0.253511 -0.0502723
2 2065 0.276427 0.00827509
1 366 -0.224273 -0.0468283
1 2066 0.253511 -0.0445323
2 2066 0.276427 0.0128671
1 190 0.253511 -0.0319045
2 363 0.279864 0.0312349
1 985 0.236325 0.0783024
1 957 0.230596 0.0989662
1 2067 0.248928 0.11389
2 2067 0.246637 0.174733
1 2068 0.232888 0.121926
2 2068 0.229832 0.18143
1 2069 0.155663 -0.26265
2 2069 0.184536 -0.206169
1 2070 0.151538 -0.259895
2 2070 0.177662 -0.203414
1 2071 0.173537 -0.246119
2 2071 0.20241 -0.191016
1 2072 0.172162 -0.241986
2 2072 0.20241 -0.185505
1 2073 0.147413 -0.230966
2 2073 0.174912 -0.17724
1 993 0.136414 -0.226833
2 377 0.140539 -0.171729
1 2074 0.188661 -0.221323
2 2074 0.216159 -0.164842
1 2075 0.0992912 -0.215812
2 2075 0.126515 -0.163739
1 2076 0.177662 -0.215812
2 2076 0.20516 -0.159331
1 2077 0.20241 -0.213057
2 2077 0.230459 -0.155474
1 2078 0.158413 -0.211679
2 2078 0.184536 -0.156576
1 2079 0.198285 -0.210302
2 2079 0.225509 -0.153821
2 388 0.224409 -0.148311
1 390 0.155663 -0.203414
2 390 0.183161 -0.146933
1 233 0.190036 -0.202036
2 391 0.144664 -0.148311
1 2080 0.196911 -0.199281
2 2080 0.223034 -0.1428
1 2081 0.196911 -0.196526
2 2081 0.223034 -0.140045
1 2082 0.192786 -0.193771
2 2082 0.218909 -0.13729
1 2083 0.129539 -0.192393
2 2083 0.155663 -0.140045
1 2084 0.187286 -0.189638
2 2084 0.21341 -0.134535
2 407 -0.218315 -0.159331
1 2085 0.161163 -0.184128
2 2085 0.185911 -0.129024
1 2086 -0.0313262 -0.18275
2 2086 0.00304677 -0.141423
1 2087 -0.252688 -0.17724
2 2087 -0.216941 -0.148311
1 2088 -0.270562 -0.175862
2 2088 -0.236189 -0.146933
1 552 -0.0258266 -0.171729
1 997 0.151538 -0.170352
2 58 0.20241 -0.115248
1 935 -0.0244516 -0.167597
1 2089 0.180412 -0.164842
2 2089 0.203785 -0.109738
1 2090 -0.324184 -0.163464
2 2090 -0.287291 -0.138667
1 2091 -0.249939 -0.163464
2 2091 -0.215566 -0.134535
1 2092 0.212035 -0.163464
2 2092 0.234033 -0.105605
1 2093 -0.240314 -0.162086
2 2093 -0.205941 -0.133157
1 2094 0.00717154 -0.162086
2 2094 0.0374198 -0.119381
2 443 -0.281562 -0.133157
2 419 0.191411 -0.104228
2 420 0.231284 -0.100095
2 421 0.237471 -0.100784
2 300 -0.22244 -0.129024
1 972 0.159788 -0.156576
1 2095 -0.31731 -0.152443
2 2095 -0.281562 -0.127647
1 2096 -0.313185 -0.152443
2 2096 -0.277437 -0.127647
1 2097 0.00717154 -0.152443
2 2097 0.0387947 -0.109738
2 431 0.154288 -0.101473
1 2098 0.159788 -0.152443
2 2098 0.183161 -0.0987174
2 437 0.0222957 -0.105605
2 450 -0.216941 -0.118004
1 2099 0.132289 -0.146933
2 2099 0.157863 -0.0959622
1 2100 0.180412 -0.146933
2 2100 0.20241 -0.0918295
1 2101 -0.289811 -0.144178
2 2101 -0.255438 -0.118004
1 2102 0.128165 -0.141423
2 2102 0.154976 -0.0893039
1 2103 -0.245814 -0.140045
2 2103 -0.210066 -0.112493
1 2104 0.133664 -0.140045
2 2104 0.159788 -0.0876967
1 582 0.143289 -0.140045
1 2105 0.180412 -0.140045
2 2105 0.20241 -0.0849416
1 973 0.187286 -0.140045
2 448 0.0195458 -0.0945846
1 2106 -0.315935 -0.135912
2 2106 -0.281562 -0.113871
1 2107 -0.307685 -0.135912
2 2107 -0.273312 -0.112493
2 445 0.155663 -0.0849416
2 463 -0.286145 -0.109968
1 2108 -0.00382782 -0.134535
2 2108 0.0277953 -0.093207
1 2109 0.12404 -0.134535
2 2109 0.150163 -0.083564
1 2110 0.162538 -0.134535
2 2110 0.184536 -0.0808088
1 2111 0.184536 -0.134535
2 2111 0.206535 -0.0794312
1 2112 0.20516 -0.129024
2 2112 0.231284 -0.0739209
1 2113 -0.00520274 -0.126269
2 2113 0.0264204 -0.0849416
2 314 0.0346699 -0.083564
2 472 -0.214191 -0.0945846
1 2114 -0.00245289 -0.120759
2 2114 0.0277953 -0.0794312
1 2115 -0.310435 -0.118004
2 2115 -0.276062 -0.0945846
1 2116 -0.251314 -0.116626
2 2116 -0.216941 -0.0904519
2 480 -0.201816 -0.0863192
1 2117 -0.238939 -0.109738
2 2117 -0.205941 -0.083564
1 2118 -0.0230767 -0.108361
2 2118 0.00854646 -0.0684105
2 474 0.033295 -0.0656553
1 1042 0.0154211 -0.105605
1 2119 -0.284312 -0.104228
2 2119 -0.250626 -0.08012
1 1007 -0.0162021 -0.10285
1 2120 0.132289 -0.0959622
2 2120 0.158413 -0.0468283
1 493 -0.310435 -0.0890743
1 2121 0.106166 -0.0890743
2 2121 0.132289 -0.0408588
1 2122 -0.303561 -0.0821864
2 2122 -0.270562 -0.0587674
1 2123 0.107541 -0.0794312
2 2123 0.133664 -0.0312157
1 2124 -0.299436 -0.0739209
2 2124 -0.266438 -0.0518795
2 487 0.232659 -0.0174399
2 506 -0.178443 -0.0449916
1 2125 0.206535 -0.0725433
2 2125 0.228534 -0.0174399
1 1013 -0.215566 -0.0670329
1 2126 -0.295311 -0.0587674
2 2126 -0.263688 -0.0353484
1 361 -0.271937 -0.0560122
1 2127 -0.229315 -0.0505019
2 2127 -0.200441 -0.0243277
1 2128 0.253282 -0.0505019
2 2128 0.275281 0.00735673
1 2129 0.246408 -0.0270829
2 2129 0.267032 0.0307757
1 2130 0.182611 -0.257966
2 2130 0.21231 -0.201761
2 527 0.20241 -0.191842
1 2131 0.182611 -0.239782
2 2131 0.21066 -0.183577
1 2132 0.184261 -0.234823
2 2132 0.21231 -0.178617
1 992 0.146314 -0.231517
2 532 0.151263 -0.170352
1 1031 0.147963 -0.214986
1 2133 0.180962 -0.210026
2 2133 0.20736 -0.153821
2 538 0.217259 -0.147208
1 2134 0.197461 -0.203414
2 2134 0.223859 -0.147208
1 2135 0.197461 -0.200108
2 2135 0.223859 -0.143902
1 2136 0.187561 -0.195148
2 2136 0.21396 -0.138943
1 2137 -0.0318762 -0.191842
2 2137 0.00442172 -0.152168
1 2138 0.144664 -0.190189
2 2138 0.169412 -0.135637
2 398 0.182611 -0.13233
2 399 0.185911 -0.129024
1 996 0.194161 -0.181924
1 1033 -0.0285764 -0.176964
2 565 -0.236464 -0.147208
1 2139 -0.261213 -0.170352
2 2139 -0.223265 -0.142249
1 2140 0.177662 -0.170352
2 2140 0.20241 -0.115799
1 2141 0.159513 -0.168699
2 2141 0.184261 -0.114146
1 2142 0.21066 -0.167046
2 2142 0.232109 -0.109187
1 1035 -0.0120773 -0.165393
1 2143 -0.323909 -0.163739
2 2143 -0.285962 -0.140596
1 2144 -0.249664 -0.163739
2 2144 -0.215016 -0.133984
2 556 0.169412 -0.111116
1 1034 0.152913 -0.163739
1 2145 0.144664 -0.160433
2 2145 0.167762 -0.107534
2 560 0.176012 -0.107534
1 1036 -0.00217789 -0.15878
1 2146 0.00772152 -0.15878
2 2146 0.0390697 -0.115799
2 440 -0.221615 -0.129024
1 2147 0.121565 -0.157127
2 2147 0.146314 -0.105881
1 2148 -0.323909 -0.153821
2 2148 -0.285962 -0.13233
2 567 0.161163 -0.102575
1 2149 -0.31236 -0.152168
2 2149 -0.276062 -0.129024
2 573 0.0390697 -0.109187
1 2150 -0.259563 -0.150515
2 2150 -0.224915 -0.122412
1 2151 0.177662 -0.148862
2 2151 0.19911 -0.092656
1 2152 -0.251314 -0.147208
2 2152 -0.216666 -0.119106
1 1038 -0.017027 -0.147208
1 442 -0.0104274 -0.143902
1 2153 0.192511 -0.143902
2 2153 0.217259 -0.0876967
1 2154 -0.246364 -0.140596
2 2154 -0.210066 -0.112493
2 597 -0.261213 -0.114146
2 583 0.20241 -0.0843905
1 2155 -0.00382782 -0.135637
2 2155 0.0275204 -0.0943091
1 2156 0.123215 -0.133984
2 2156 0.149613 -0.0827374
1 2157 0.20571 -0.130677
2 2157 0.230459 -0.0744719
2 455 0.03412 -0.0843905
1 1039 -0.0153771 -0.122412
2 599 0.0308202 -0.0810843
2 461 0.0258705 -0.0794312
1 2158 -0.322259 -0.119106
2 2158 -0.287061 -0.0959622
1 478 -0.31731 -0.119106
2 616 -0.211716 -0.0893498
1 2159 -0.0252766 -0.112493
2 2159 0.00607162 -0.0728188
1 2160 -0.00547772 -0.112493
2 2160 0.0258705 -0.0711656
1 2161 0.0126713 -0.112493
2 2161 0.0440194 -0.0695126
1 2162 0.00442172 -0.11084
2 2162 0.0357699 -0.0695126
1 1041 0.00772152 -0.11084
2 608 0.121565 -0.0605858
1 2163 -0.30906 -0.105881
2 2163 -0.274412 -0.0827374
2 622 -0.251314 -0.0794312
1 2164 0.0951665 -0.0992684
2 2164 0.123215 -0.0513284
1 2165 -0.035176 -0.0976153
2 2165 -0.00382782 -0.0579408
2 482 0.126515 -0.0430629
2 493 -0.277712 -0.0662064
1 2166 -0.279362 -0.0876967
2 2166 -0.246364 -0.0629002
1 2167 0.118265 -0.0876967
2 2167 0.145324 -0.0387648
1 1081 0.106716 -0.0843905
1 2168 -0.30411 -0.0827374
2 2168 -0.271112 -0.059594
1 2169 0.086917 -0.0810843
2 2169 0.113315 -0.0331443
1 2170 0.21066 -0.0777781
2 2170 0.232109 -0.0215726
1 2171 -0.299161 -0.0744719
2 2171 -0.266163 -0.0513284
1 2172 0.118265 -0.0744719
2 2172 0.144664 -0.0248788
1 1084 0.21066 -0.0728188
1 1050 -0.295861 -0.061247
2 501 0.260157 0.0015709
2 514 -0.201816 -0.0265319
1 2173 -0.31071 -0.0480222
2 2173 -0.279362 -0.0265319
1 1051 -0.259563 -0.0480222
2 632 0.275006 0.0114895
1 2174 0.245308 -0.0381036
2 2174 0.268406 0.019755
1 2175 0.258507 -0.028185
2 2175 0.277976 0.0306656
1 2176 0.309654 0.0528171
2 2176 0.309654 0.117949
1 2177 0.243658 0.0842261
2 2177 0.242008 0.145391
1 1053 0.245308 0.0908385
1 2178 0.227159 0.0957978
2 2178 0.227159 0.155309
1 2179 0.243658 0.0957978
2 2179 0.240358 0.156963
1 1056 0.245308 0.099104
2 521 0.246958 0.173494
1 2180 0.232109 0.122247
2 2180 0.228809 0.181759
2 523 0.268406 0.197464
1 1027 0.180962 -0.258958
1 2181 0.173042 -0.24904
2 2181 0.20274 -0.193495
1 2182 0.182941 -0.235153
2 2182 0.21066 -0.179609
1 2183 0.145324 -0.23317
2 2183 0.173042 -0.177626
2 654 0.151263 -0.169691
1 1092 0.109686 -0.221267
2 655 0.194821 -0.165723
1 2184 0.177002 -0.221267
2 2184 0.20076 -0.163739
1 2185 0.186901 -0.221267
2 2185 0.21462 -0.165723
2 657 0.173042 -0.159772
1 2186 0.177002 -0.215316
2 2186 0.20274 -0.159772
1 2187 0.194821 -0.209365
2 2187 0.222935 -0.152631
1 2188 0.190861 -0.203414
2 2188 0.218579 -0.14787
1 2189 -0.0308862 -0.195479
2 2189 0.00475171 -0.153821
1 2190 0.153243 -0.189528
2 2190 0.177002 -0.133984
1 2191 0.161163 -0.18556
2 2191 0.184921 -0.130016
1 2192 -0.0289063 -0.179609
2 2192 0.00442172 -0.138943
1 2193 0.0324701 -0.179609
2 2193 0.0661282 -0.135967
2 675 0.184921 -0.118114
2 673 0.20274 -0.11613
1 2194 0.178982 -0.165723
2 2194 0.20076 -0.110179
1 2195 0.21066 -0.163739
2 2195 0.232439 -0.106211
1 2196 0.151263 -0.161756
2 2196 0.175022 -0.108195
1 1069 -0.228875 -0.159772
1 2197 0.0067316 -0.159772
2 2197 0.0384098 -0.11613
1 2198 0.184921 -0.159772
2 2198 0.20901 -0.104228
1 2199 -0.321929 -0.157788
2 2199 -0.284312 -0.135967
2 692 -0.240754 -0.130016
1 2200 0.0146511 -0.157788
2 2200 0.0463293 -0.114146
1 2201 -0.30411 -0.155805
2 2201 -0.270452 -0.130016
2 585 -0.228875 -0.128032
2 684 0.175022 -0.10026
1 1071 -0.232835 -0.149853
1 1066 0.177002 -0.149853
1 2202 -0.252633 -0.14787
2 2202 -0.216995 -0.120097
1 2203 0.139384 -0.143902
2 2203 0.163143 -0.0923254
1 2204 0.192841 -0.143902
2 2204 0.216599 -0.0883579
2 691 0.20076 -0.0843905
2 696 0.0225707 -0.0962928
2 694 0.159183 -0.0863742
1 1072 -0.0209868 -0.133984
1 2205 0.123545 -0.133984
2 2205 0.149283 -0.0824068
1 782 -0.298171 -0.130016
1 2206 0.171062 -0.128032
2 2206 0.194161 -0.0744719
1 2207 0.180962 -0.128032
2 2207 0.2067 -0.0744718
1 1076 -0.254613 -0.126049
1 1073 0.00277185 -0.126049
1 2208 -0.248674 -0.122081
2 2208 -0.215016 -0.0962928
1 2209 0.000791953 -0.122081
2 2209 0.0304902 -0.080423
1 1079 -0.256593 -0.120097
1 1040 0.00475171 -0.118114
2 710 -0.213036 -0.0903416
1 2210 0.101766 -0.114146
2 2210 0.127505 -0.0645532
1 2211 -0.238774 -0.112163
2 2211 -0.205116 -0.0843905
2 706 0.0304902 -0.0705044
1 2212 -0.0209868 -0.110179
2 2212 0.0087115 -0.0685207
1 2213 -0.017027 -0.104228
2 2213 0.0126713 -0.0645532
1 1080 -0.00712759 -0.104228
1 2214 -0.034846 -0.0982766
2 2214 -0.0051477 -0.058602
2 717 -0.211056 -0.0685207
2 721 -0.278372 -0.066537
1 1109 0.0997862 -0.0903416
1 2215 0.105726 -0.0843905
2 2215 0.133444 -0.0367811
1 2216 0.236398 -0.0824068
2 2216 0.258177 -0.0248788
2 714 0.113645 -0.0347974
1 2217 -0.216995 -0.0744718
2 2217 -0.185317 -0.0466997
1 2218 0.21066 -0.0724881
2 2218 0.232439 -0.0169438
1 2219 -0.296191 -0.0625695
2 2219 -0.266493 -0.0387648
1 1046 0.232439 -0.0566183
1 2220 -0.31005 -0.0486834
2 2220 -0.278372 -0.0268624
1 2221 -0.272432 -0.0466997
2 2221 -0.242734 -0.022895
2 728 0.274016 0.0108283
2 729 0.268077 0.0187632
1 2222 0.258177 -0.0288462
2 2222 0.27758 0.0306656
1 2223 0.248278 0.111998
2 2223 0.246298 0.17151
1 2224 0.226499 0.119933
2 2224 0.224519 0.179445
1 2225 0.230459 0.121917
2 2225 0.228479 0.181429
1 2226 0.144532 -0.233566
2 2226 0.173042 -0.178816
1 2227 0.11127 -0.221664
2 2227 0.137404 -0.169294
1 1060 0.199177 -0.214523
2 744 0.13978 -0.155011
1 2228 0.118397 -0.20262
2 2228 0.144532 -0.15025
1 1094 0.196801 -0.193099
2 750 0.211056 -0.135967
1 2229 0.0328662 -0.185957
2 2229 0.0661282 -0.140728
1 2230 0.161163 -0.183577
2 2230 0.184921 -0.128826
1 2231 0.194425 -0.183577
2 2231 0.218183 -0.126445
2 754 0.244318 -0.116923
1 1124 0.151659 -0.171674
2 686 -0.221351 -0.138348
2 688 -0.216599 -0.133587
2 763 0.0304902 -0.118114
1 2232 0.0209868 -0.162152
2 2232 0.0542489 -0.118114
2 758 0.149283 -0.112163
2 761 0.165914 -0.107402
1 2233 -0.306882 -0.155011
2 2233 -0.268868 -0.131206
1 2234 0.161163 -0.155011
2 2234 0.184921 -0.10026
1 1067 0.00673163 -0.152631
1 2235 -0.254613 -0.15025
2 2235 -0.218975 -0.121684
1 2236 -0.233231 -0.15025
2 2236 -0.197593 -0.121684
1 2237 0.16829 -0.15025
2 2237 0.192049 -0.0954992
2 850 -0.271244 -0.124065
2 698 -0.209472 -0.119304
1 2238 -0.292627 -0.145489
2 2238 -0.261741 -0.119304
2 773 0.165914 -0.0883578
1 1101 -0.0122753 -0.138348
1 2239 0.194425 -0.138348
2 2239 0.218579 -0.0824068
1 1102 -0.0194029 -0.135967
1 2240 0.123149 -0.133587
2 2240 0.149283 -0.0835969
2 777 0.0233627 -0.0812164
2 793 -0.207096 -0.0883578
1 1107 -0.00752352 -0.109782
1 2241 -0.033658 -0.105021
2 2241 -0.00316783 -0.0645532
1 2242 -0.00514767 -0.105021
2 2242 0.0257386 -0.0645532
1 2243 0.0138592 -0.105021
2 2243 0.0423696 -0.0621727
1 2244 0.206304 -0.102641
2 2244 0.227687 -0.0478899
1 2245 -0.2855 -0.10026
2 2245 -0.252237 -0.0764555
1 2246 -0.309258 -0.0907383
2 2246 -0.275996 -0.0669337
1 2247 0.0993903 -0.0907383
2 2247 0.125525 -0.0431289
1 2248 0.225311 -0.0859774
2 2248 0.246694 -0.0288461
1 2249 0.23719 -0.0835969
2 2249 0.258573 -0.0264657
1 714 0.087511 -0.0812164
1 1083 0.106518 -0.078836
1 2250 -0.218975 -0.0645532
2 2250 -0.188089 -0.0359875
1 2251 0.184921 -0.0621727
2 2251 0.20868 -0.00980237
1 2252 0.232439 -0.0574118
2 2252 0.253821 -0.000280524
1 2253 0.239566 -0.0574118
2 2253 0.260949 -0.000280524
1 2254 0.246694 -0.0574118
2 2254 0.268077 -0.000280524
1 2255 -0.24511 -0.0550313
2 2255 -0.218975 -0.0288462
2 811 -0.197593 -0.0217047
1 2256 0.24907 -0.0455094
2 2256 0.272828 0.0116219
1 2257 0.201552 -0.0169438
2 2257 0.220559 0.0386004
1 2258 0.310842 0.0282851
2 2258 0.311317 0.0939861
1 2259 0.225311 0.0973187
2 2259 0.225311 0.15683
1 2260 0.268077 0.140167
2 2260 0.268077 0.202059
2 814 0.265701 0.20682
1 2261 0.157361 -0.271654
2 2261 0.185872 -0.214523
1 2262 0.183021 -0.257371
2 2262 0.211531 -0.20024
1 2263 0.174468 -0.251658
2 2263 0.202978 -0.194527
1 2264 0.145957 -0.231662
2 2264 0.174468 -0.177387
2 816 0.163063 -0.174531
1 1118 0.168766 -0.223092
1 2265 0.103192 -0.214523
2 2265 0.128851 -0.163105
2 817 0.174468 -0.160248
1 2266 0.200127 -0.214523
2 2266 0.228637 -0.157391
1 2267 0.174468 -0.20881
2 2267 0.200127 -0.151678
1 2268 0.160212 -0.183101
2 2268 0.185872 -0.128826
1 1123 0.134553 -0.171674
1 1122 0.217233 -0.171674
1 1125 -0.0251049 -0.168818
1 1126 0.0262137 -0.168818
1 2269 -0.241784 -0.163105
2 2269 -0.207571 -0.134539
1 2270 0.0148096 -0.160248
2 2270 0.049022 -0.1174
1 1127 0.140255 -0.157391
1 2271 0.211531 -0.157391
2 2271 0.234339 -0.10026
1 2272 -0.253188 -0.151678
2 2272 -0.218975 -0.123113
1 2273 0.126 -0.151678
2 2273 0.151659 -0.10026
1 2274 0.134553 -0.151678
2 2274 0.158787 -0.10026
2 838 0.177319 -0.0974036
2 847 -0.207571 -0.120256
1 2275 0.177319 -0.145965
2 2275 0.200127 -0.0916905
2 844 0.220084 -0.0831208
1 2276 -0.307357 -0.134539
2 2276 -0.273145 -0.111686
2 854 -0.261741 -0.10883
1 2277 -0.0194028 -0.134539
2 2277 0.0119586 -0.0945471
1 2278 0.18017 -0.125969
2 2278 0.205829 -0.0716946
1 1133 -0.330166 -0.123113
2 859 -0.2874 -0.0974036
1 1130 -0.00799868 -0.120256
1 1132 0.00340546 -0.120256
1 2279 0.00340546 -0.111686
2 2279 0.0319158 -0.068838
1 2280 -0.027956 -0.10883
2 2280 0.00340546 -0.068838
1 2281 -0.00799868 -0.10883
2 2281 0.0233627 -0.068838
1 2282 -0.284549 -0.0974036
2 2282 -0.253188 -0.0716946
1 1136 0.100341 -0.0916905
1 2283 -0.310209 -0.0888339
2 2283 -0.275996 -0.0659814
2 866 -0.273145 -0.0602683
1 2284 0.103192 -0.0831208
2 2284 0.128851 -0.0345593
1 1141 -0.230379 -0.0774077
1 2285 0.106043 -0.0774077
2 2285 0.131702 -0.0288461
1 2286 0.222935 -0.0774077
2 2286 0.241182 -0.0208477
2 868 -0.184763 -0.0459855
2 869 -0.241784 -0.0374158
1 2287 0.185872 -0.0602683
2 2287 0.206969 -0.00713623
1 2288 0.222935 -0.0602683
2 2288 0.242892 -0.00313707
2 867 0.254297 -0.000280466
1 2289 0.240041 -0.0574118
2 2289 0.26285 -0.000280466
1 1143 -0.310209 -0.0488421
1 2290 -0.307357 -0.0431289
2 2290 -0.275996 -0.0217047
1 2291 0.202978 -0.0174199
2 2291 0.220559 0.037807
1 2292 0.248595 0.111125
2 2292 0.248595 0.171113
1 1116 0.231488 0.122552
1 2293 0.268552 0.145404
2 2293 0.265701 0.208249
1 1147 0.148808 -0.257371
1 2294 0.114596 -0.24366
2 2294 0.143106 -0.188814
1 1149 0.138545 -0.233376
1 2295 -0.316481 -0.223092
2 2295 -0.275426 -0.195669
1 817 0.145387 -0.216237
1 2296 0.148808 -0.209381
2 2296 0.172757 -0.154535
1 1151 0.121438 -0.202525
2 822 0.15223 -0.144251
2 881 0.0632772 -0.147679
1 2297 -0.0290963 -0.185386
2 2297 0.00511609 -0.144251
2 882 0.0666984 -0.140823
2 884 0.0632772 -0.133968
1 2298 0.165915 -0.17853
2 2298 0.189863 -0.123684
1 2299 0.176178 -0.175102
2 2299 0.200127 -0.120256
1 1153 0.193284 -0.175102
1 1154 0.217233 -0.175102
1 2300 -0.261741 -0.164819
2 2300 -0.224107 -0.137395
1 2301 0.12486 -0.164819
2 2301 0.148808 -0.1134
1 2302 0.172757 -0.164819
2 2302 0.196706 -0.109972
2 889 0.159072 -0.103117
1 1160 -0.306217 -0.147679
1 1158 0.186442 -0.144251
1 2303 -0.241213 -0.140823
2 2303 -0.207001 -0.1134
1 2304 0.059856 -0.140823
2 2304 0.0940684 -0.096261
1 2305 0.135123 -0.137395
2 2305 0.159072 -0.0859773
1 2306 0.179599 -0.127112
2 2306 0.203548 -0.0722659
1 1164 -0.254898 -0.123684
2 897 0.032486 -0.0791216
1 2307 -0.31306 -0.116828
2 2307 -0.278847 -0.0928331
1 2308 -0.241213 -0.116828
2 2308 -0.207001 -0.0894052
1 2309 -0.306217 -0.109972
2 2309 -0.272005 -0.0859773
2 899 0.00169483 -0.068838
1 2310 -0.237792 -0.106545
2 2310 -0.207001 -0.0791216
1 2311 0.189863 -0.103117
2 2311 0.213812 -0.0482707
2 905 -0.275996 -0.0774077
2 902 0.162493 -0.0482707
1 2312 -0.28569 -0.096261
2 2312 -0.251477 -0.0722659
1 2313 0.0906471 -0.096261
2 2313 0.118017 -0.0482707
1 2314 0.100911 -0.0928331
2 2314 0.12486 -0.0448428
1 1166 0.100911 -0.0859773
1 2315 0.114596 -0.0859773
2 2315 0.141966 -0.0379871
2 909 -0.275426 -0.0585543
2 908 -0.20358 -0.0585543
1 2316 0.0906471 -0.0825495
2 2316 0.118017 -0.0345592
1 2317 0.237761 -0.0756937
2 2317 0.258288 -0.0174198
1 2318 -0.237792 -0.068838
2 2318 -0.210422 -0.041415
1 2319 -0.234371 -0.0585543
2 2319 -0.207001 -0.0311314
1 2320 0.200127 -0.0174198
2 2320 0.220654 0.0374261
1 2321 0.309607 0.0271426
2 2321 0.309607 0.0922722
1 2322 0.213812 0.0579935
2 2322 0.213812 0.116267
1 2323 0.227497 0.123123
2 2323 0.224076 0.181397
2 920 0.261709 0.195108
3 0 0.211691 -0.13905
1 2324 0.16586 -0.260546
3 2324 0.213601 -0.137137
3 1938 0.224103 -0.125657
3 1940 0.223149 -0.12183
3 3 0.168725 -0.11896
3 1942 0.181137 -0.10748
3 8 0.205007 -0.100784
3 9 0.220284 -0.0988705
1 2325 0.16777 -0.218453
3 2325 0.213601 -0.0969572
3 12 0.221239 -0.0940872
3 1946 0.226968 -0.0931306
1 2326 0.202143 -0.215583
3 2326 0.248928 -0.0921739
3 928 0.19164 -0.0950439
3 1947 0.19355 -0.0940872
3 1948 0.240335 -0.0893039
3 24 0.201188 -0.0912172
1 2327 0.347273 -0.211756
3 2327 0.422703 -0.080694
3 25 0.182092 -0.0931306
3 22 0.246064 -0.0873906
3 18 0.248928 -0.0873906
3 1949 0.225058 -0.086434
3 28 0.200233 -0.0883473
1 2328 0.192595 -0.206016
3 2328 0.238426 -0.083564
1 2329 0.117165 -0.204103
3 2329 0.162041 -0.0883473
3 36 0.24129 -0.0730408
3 39 0.231742 -0.0739974
1 931 0.192595 -0.19358
3 44 0.183047 -0.0720841
3 45 0.18973 -0.0711274
3 1950 0.195459 -0.0692141
3 1951 0.199278 -0.0673008
1 2330 0.197369 -0.183056
3 2330 0.240335 -0.0615609
3 1953 0.203098 -0.0586909
3 1957 -0.188373 -0.0912172
3 53 0.190685 -0.0548643
3 1958 0.203098 -0.052951
3 56 0.220284 -0.0491243
3 1961 -0.183599 -0.0873906
1 2331 -0.00123077 -0.16488
3 2331 0.054148 -0.0634742
1 2332 0.125758 -0.16488
3 2332 0.168725 -0.050081
3 970 0.220284 -0.0414711
3 76 0.0617864 -0.0606042
3 1967 0.192595 -0.0424277
3 90 0.0694249 -0.0539076
3 86 0.190685 -0.0366878
3 1973 -0.183599 -0.0749541
3 1974 0.175408 -0.0386011
3 1977 -0.188373 -0.0739974
3 95 0.0617864 -0.0510376
3 1978 -0.191237 -0.0720841
3 1982 0.230596 -0.0284605
1 2333 -0.281944 -0.14766
3 2333 -0.213198 -0.0711274
3 1985 0.0455547 -0.0452977
3 123 -0.17787 -0.0625175
3 1989 -0.237068 -0.0634742
1 115 -0.00409519 -0.13618
3 142 -0.187418 -0.0519943
3 1992 0.0570124 -0.0271212
1 2334 -0.00314039 -0.115134
3 2334 0.0484191 -0.0175547
1 2335 -0.0231913 -0.11322
3 2335 0.0302778 -0.0175547
3 143 0.0665604 -0.0118147
3 1994 0.0608316 -0.00798808
3 1995 0.0350519 -0.00798808
3 1998 -0.242797 -0.0242513
1 2336 0.0961594 -0.0902606
3 2336 0.141035 0.016885
3 161 0.16586 0.0207116
1 2337 0.104753 -0.0873906
3 2337 0.149629 0.0216683
3 2000 -0.235158 -0.0146847
3 165 0.152493 0.0293215
1 2338 -0.239932 -0.0749541
3 2338 -0.179779 -0.00224814
3 166 0.245109 0.0455847
3 184 -0.155909 0.00540511
3 356 -0.169277 0.0101884
1 2339 -0.231339 -0.0586909
3 2339 -0.175005 0.014015
3 2002 0.270889 0.0656745
3 191 -0.181689 0.0149717
3 2003 -0.172141 0.016885
3 202 -0.179779 0.0216683
3 197 -0.173096 0.0216683
3 206 -0.168322 0.0254949
3 209 -0.190282 0.0274082
1 2340 0.246064 -0.0386011
3 2340 0.283301 0.0857643
3 213 -0.192192 0.0331482
3 198 0.287121 0.0991575
3 203 0.283301 0.0991575
1 2341 0.220284 0.0656745
3 2341 0.224103 0.191953
1 2342 0.2432 0.086721
3 2342 0.2432 0.21587
1 2343 0.245109 0.086721
3 2343 0.245109 0.21587
1 2344 0.229832 0.0982008
3 2344 0.231742 0.225436
1 2345 0.177891 -0.250022
3 2345 0.224867 -0.12604
3 2012 0.223034 -0.118004
1 2346 0.12404 -0.235098
3 2346 0.16987 -0.116856
3 221 0.160131 -0.111307
3 219 0.168725 -0.10882
3 222 0.201952 -0.104228
3 2014 0.235179 -0.0984878
1 2347 0.175599 -0.220175
3 2347 0.217993 -0.0973398
3 2015 0.240908 -0.0893039
3 229 0.182474 -0.0927479
3 230 0.206535 -0.0881559
3 2018 0.19164 -0.0873906
3 232 0.198515 -0.0870079
3 238 0.171589 -0.0816507
3 239 0.174454 -0.08012
3 964 0.231742 -0.0674921
3 245 0.195077 -0.0686401
1 51 -0.0306388 -0.183439
1 2348 -0.24948 -0.174255
3 2348 -0.179779 -0.0931306
3 254 0.190494 -0.0548643
3 256 0.193932 -0.0548643
3 255 0.203098 -0.0525683
3 264 0.0369615 -0.0709361
1 2349 -0.243751 -0.168515
3 2349 -0.175005 -0.0870079
3 2026 0.236325 -0.0445323
3 262 0.195077 -0.0468283
1 2350 0.130914 -0.163923
3 2350 0.172162 -0.0491243
1 2351 0.00717154 -0.159331
3 2351 0.0610226 -0.0583082
3 270 0.19966 -0.0410884
3 301 -0.238023 -0.0845206
3 88 0.175599 -0.0376444
1 2352 0.156121 -0.153591
3 2352 0.196414 -0.0366878
3 2035 -0.241842 -0.0768674
3 89 0.19966 -0.0342004
3 282 0.217993 -0.0319045
1 2353 -0.24948 -0.148999
3 2353 -0.18188 -0.0709361
1 2354 -0.310206 -0.147851
3 2354 -0.238023 -0.0739974
3 2038 -0.184172 -0.0674921
3 290 0.232697 -0.0223379
3 2041 -0.237068 -0.0682575
3 298 0.183047 -0.0252079
3 316 -0.228475 -0.0634742
1 131 -0.321664 -0.137519
1 456 -0.311352 -0.137519
3 2042 -0.235158 -0.0653875
3 2043 -0.240887 -0.0625175
3 2044 -0.22561 -0.0615609
3 318 -0.223701 -0.0615609
1 324 -0.297603 -0.129483
3 2046 -0.187609 -0.0514203
1 2355 -0.00428614 -0.124892
3 2355 0.0472734 -0.0261646
3 128 0.0369615 -0.0250166
3 319 0.0495649 -0.0227206
3 2049 -0.185317 -0.0422364
3 337 -0.171186 -0.0376444
1 2356 -0.0226184 -0.113412
3 2356 0.0300869 -0.0181286
3 2051 0.069043 -0.0135367
3 2052 0.18362 0.0013872
3 2053 0.0610226 -0.0100927
3 2055 0.141035 0.00923174
3 979 -0.215107 -0.0252079
1 2357 0.119457 -0.0881559
3 2357 0.165287 0.020903
1 2358 -0.310206 -0.0870079
3 2358 -0.243751 -0.0204246
1 2359 -0.305623 -0.0858599
3 2359 -0.239168 -0.0181286
1 1200 0.10227 -0.0847119
3 2059 0.152684 0.0289389
1 2360 0.209972 -0.077824
3 2360 0.247974 0.0436714
1 2361 -0.228856 -0.076676
3 2361 -0.169277 -0.0032048
3 353 -0.149799 0.00253514
3 354 -0.155527 0.00597914
1 2362 -0.302186 -0.0629002
3 2362 -0.236877 0.00253514
3 512 -0.21167 0.00827509
3 359 -0.176151 0.014015
3 2064 -0.179589 0.015163
3 349 0.25924 0.0656745
1 2363 -0.239168 -0.0560122
3 2363 -0.18188 0.016311
3 982 -0.1899 0.018607
1 197 -0.227711 -0.0514203
1 2364 -0.238023 -0.0502723
3 2364 -0.18188 0.020903
1 2365 -0.242606 -0.0491243
3 2365 -0.186463 0.022051
1 2366 -0.23344 -0.0491243
3 2366 -0.177297 0.023199
1 210 -0.254063 -0.0410884
3 357 0.284447 0.0863383
1 2367 0.247783 -0.0284605
3 2367 0.284447 0.0955222
3 363 0.294759 0.0978182
3 985 0.236325 0.205729
1 1205 0.246637 0.0828943
1 2368 0.227159 0.0943742
3 2368 0.229832 0.220653
1 2369 0.2432 0.0955222
3 2369 0.245109 0.223523
3 2068 0.231742 0.248396
1 2370 0.262678 0.128814
3 2370 0.268024 0.259876
3 2069 0.203785 -0.140045
3 2071 0.220284 -0.123514
3 2072 0.220284 -0.119381
1 2371 0.114415 -0.22821
3 2371 0.160704 -0.111116
3 377 0.160704 -0.106524
3 378 0.169412 -0.104228
1 2372 0.185911 -0.221323
3 2372 0.232109 -0.0976153
3 2074 0.234033 -0.0987174
1 2373 0.155663 -0.207547
3 2373 0.196911 -0.0876967
3 388 0.242283 -0.0808088
3 2080 0.240908 -0.076676
3 2083 0.173537 -0.0752985
3 2084 0.229909 -0.0684105
3 407 -0.18188 -0.106524
1 2374 0.130914 -0.18826
3 2374 0.174912 -0.0711657
3 2085 0.20241 -0.0642777
3 2086 0.0277953 -0.083564
3 425 -0.199067 -0.0961918
3 401 0.235408 -0.0532571
3 403 0.254657 -0.0479763
3 405 0.198285 -0.0532571
1 2375 0.196911 -0.171729
3 2375 0.237471 -0.0491243
3 997 0.192786 -0.0532571
1 2376 0.216159 -0.168974
3 2376 0.254657 -0.043614
3 935 0.0323784 -0.0697881
3 2091 -0.181193 -0.083564
3 2092 0.249158 -0.0394812
3 2093 -0.172943 -0.0821864
3 273 0.0676681 -0.060145
1 81 0.00992138 -0.160709
1 2377 0.141914 -0.160709
3 2377 0.183161 -0.0449916
1 1216 0.00717154 -0.159331
3 418 0.19966 -0.0408588
3 439 -0.20365 -0.08012
1 2378 0.0154211 -0.157954
3 2378 0.069043 -0.0560122
3 300 -0.189442 -0.0780536
3 446 -0.235731 -0.078972
3 280 0.176287 -0.0381036
3 2096 -0.240314 -0.078972
3 447 -0.217399 -0.075528
1 2379 -0.258188 -0.149688
3 2379 -0.190817 -0.0711657
3 574 0.232888 -0.0215726
3 2103 -0.177297 -0.0629002
3 2105 0.217534 -0.0188174
3 459 -0.24146 -0.0629002
3 2108 0.0497941 -0.036726
3 2109 0.168037 -0.0215726
3 2113 0.0470442 -0.0284605
3 311 0.243658 -0.00366397
3 2114 0.0470442 -0.0229502
1 2380 0.00579661 -0.120759
3 2380 0.0587311 -0.0215726
3 2115 -0.239168 -0.0479763
3 479 -0.180734 -0.0399404
3 462 0.191411 0.00184638
1 1222 -0.0244516 -0.112493
3 2117 -0.176151 -0.0342004
1 2381 0.169412 -0.109738
3 2381 0.212264 0.00712714
3 489 -0.215107 -0.0250166
3 490 -0.178443 -0.0192766
3 493 -0.243064 -0.0215726
3 2122 -0.236189 -0.0146847
1 341 0.0869169 -0.0808088
1 2382 -0.232065 -0.0794312
3 2382 -0.171568 -0.00641915
3 2123 0.151538 0.0293981
1 631 -0.229315 -0.076676
3 503 -0.179589 -0.0020568
1 1227 0.11854 -0.0739209
1 2383 -0.285687 -0.0629002
3 2383 -0.223128 0.00483114
3 495 0.254657 0.059705
3 511 -0.175693 0.0142447
1 2384 -0.307685 -0.0573898
3 2384 -0.242606 0.00712714
3 361 -0.211441 0.0114895
1 500 0.234033 -0.0560122
3 515 -0.189442 0.0183774
3 2127 -0.172943 0.0211326
1 2385 -0.271937 -0.0463692
3 2385 -0.212816 0.0211326
1 367 -0.248564 -0.0463692
1 2386 -0.255438 -0.0422364
3 2386 -0.199067 0.0277909
3 362 0.294805 0.0974509
1 2387 0.235408 0.0776136
3 2387 0.235408 0.205729
1 2388 0.228534 0.0913894
3 2388 0.231284 0.218127
1 2389 0.243658 0.0955222
3 2389 0.245491 0.224097
1 2390 0.229909 0.0982774
3 2390 0.231284 0.225015
1 2391 0.232659 0.121696
3 2391 0.231742 0.249353
3 2130 0.230459 -0.133984
3 527 0.220559 -0.124065
3 2131 0.228809 -0.115799
1 2392 0.113315 -0.229864
3 2392 0.159788 -0.112493
3 532 0.169412 -0.104228
3 531 0.217534 -0.0973398
1 2393 0.111666 -0.219945
3 2393 0.158413 -0.104228
1 2394 0.169412 -0.219945
3 2394 0.21341 -0.0973398
3 540 0.162813 -0.0843905
3 543 0.173537 -0.0794312
3 541 0.240358 -0.0744719
1 2395 0.128165 -0.195148
3 2395 0.172712 -0.0794312
3 2136 0.230459 -0.0728188
3 544 0.237058 -0.0695126
3 398 0.19911 -0.0678594
3 399 0.20241 -0.0645532
3 996 0.237058 -0.059594
1 2396 -0.0219768 -0.173658
3 2396 0.03412 -0.0744719
3 549 0.235408 -0.0513284
1 2397 0.156213 -0.172005
3 2397 0.197461 -0.0546346
3 2141 0.20076 -0.0496753
3 2143 -0.248564 -0.0890743
3 556 0.185911 -0.0477467
3 1034 0.194161 -0.0463691
1 998 0.0209208 -0.162086
3 560 0.192511 -0.0430629
3 2146 0.0605185 -0.0579408
3 440 -0.186967 -0.0794312
1 1236 0.0143212 -0.157127
3 581 -0.161944 -0.0752985
3 568 0.192511 -0.0364505
1 1220 -0.31731 -0.152168
1 2398 -0.231515 -0.150515
3 2398 -0.164694 -0.0711657
3 576 0.0442944 -0.0491243
3 572 0.20901 -0.0298381
3 2151 0.214785 -0.0284605
3 2152 -0.183667 -0.0695126
1 2399 0.180962 -0.147208
3 2399 0.218909 -0.0265319
3 2153 0.232109 -0.0215726
3 2156 0.167762 -0.0215726
1 2400 0.171062 -0.130677
3 2400 0.20791 -0.0119295
3 606 -0.188067 -0.0505019
3 461 0.0473192 -0.0232256
1 2401 0.00442172 -0.120759
3 2401 0.0555688 -0.0215726
3 478 -0.245814 -0.0491243
3 614 -0.190267 -0.044716
3 618 -0.240314 -0.0477467
3 2160 0.0473192 -0.0149602
3 2161 0.0654682 -0.013307
3 1041 0.0594185 -0.0133071
3 611 0.0308202 -0.013307
3 626 -0.238939 -0.0270829
3 624 -0.214191 -0.0243277
3 627 -0.21969 -0.0229502
3 2166 -0.215016 -0.0166132
1 1247 -0.211716 -0.0711656
3 636 -0.228215 0.0048771
1 1246 0.222209 -0.0579408
3 501 0.275996 0.0663726
3 638 -0.190267 0.0181019
3 2173 -0.245814 0.0169998
3 1051 -0.201816 0.0214082
3 646 -0.213366 0.0280206
1 2402 0.261807 -0.0381036
3 2402 0.301405 0.0875323
1 2403 0.21396 0.0561233
3 2403 0.219138 0.180473
1 2404 0.233758 0.0776136
3 2404 0.235408 0.204903
1 2405 0.250258 0.0858792
3 2405 0.250258 0.216474
1 2406 0.228809 0.0908385
3 2406 0.232109 0.218127
3 2178 0.230459 0.221434
3 2179 0.243658 0.22474
1 2407 0.238708 0.0974509
3 2407 0.238708 0.22474
1 2408 0.225509 0.118941
3 2408 0.227159 0.245679
3 523 0.272036 0.266729
3 2181 0.220559 -0.126049
1 2409 0.115625 -0.223251
3 2409 0.161163 -0.107534
3 655 0.21231 -0.0992684
3 2184 0.218909 -0.0976153
3 657 0.190861 -0.0962928
3 2186 0.220559 -0.0943091
3 2187 0.242338 -0.0863742
3 661 0.190861 -0.0876967
3 663 0.240358 -0.0784393
3 665 0.230459 -0.0744718
1 2410 0.157203 -0.187544
3 2410 0.198781 -0.0685207
3 671 0.236398 -0.0605858
1 2411 0.194821 -0.175642
3 2411 0.234418 -0.0526509
3 673 0.220559 -0.0513284
1 1258 -0.0190069 -0.169691
1 686 -0.254613 -0.165723
1 2412 -0.31401 -0.157788
3 2412 -0.239764 -0.0827374
3 580 -0.189277 -0.0784393
1 2413 -0.0190069 -0.155805
3 2413 0.0364299 -0.0566183
1 1065 0.161163 -0.155805
1 2414 -0.31599 -0.153821
3 2414 -0.243064 -0.0794312
3 697 -0.216995 -0.0764556
3 685 0.20868 -0.0308299
3 2202 -0.185317 -0.0705044
1 2415 -0.292231 -0.145886
3 2415 -0.224915 -0.0695126
3 701 -0.177068 -0.0629002
1 2416 0.143344 -0.139935
3 2416 0.184921 -0.0248788
3 696 0.0403897 -0.0387648
1 2417 -0.31995 -0.133984
3 2417 -0.248014 -0.0629002
3 1072 0.03445 -0.0367811
3 2205 0.167102 -0.0209113
3 2206 0.21066 -0.0109926
3 1076 -0.187297 -0.0506672
1 2418 0.2067 -0.126049
3 2418 0.246298 -0.0050415
3 2208 -0.183337 -0.0466997
3 1079 -0.189277 -0.044716
1 1074 -0.00712759 -0.120097
3 2210 0.145324 -0.0050415
3 2211 -0.175418 -0.0367811
3 706 0.052269 -0.0149601
3 2213 0.03445 -0.00900897
1 2419 0.20274 -0.104228
3 2419 0.242338 0.0167795
3 711 0.177662 0.0131426
1 2420 0.234418 -0.0943091
3 2420 0.272828 0.0282851
1 2421 0.117605 -0.0883579
3 2421 0.164462 0.0214082
3 714 0.131464 0.0247144
3 2217 -0.157269 -8.22329e-05
3 2218 0.248278 0.0485191
3 2219 -0.233165 0.0048771
3 733 -0.201156 0.0207469
3 2221 -0.213036 0.0207469
3 734 -0.169478 0.0247144
3 735 -0.244714 0.0181019
1 2422 -0.246694 -0.0367811
3 2422 -0.193237 0.0326493
3 2222 0.294211 0.0968427
1 2423 0.242338 0.0842261
3 2423 0.243658 0.213168
1 2424 0.244318 0.0981121
3 2424 0.244318 0.227054
3 2224 0.226499 0.246891
3 2225 0.230459 0.248875
1 2425 0.173042 -0.25023
3 2425 0.220559 -0.126445
3 2226 0.192049 -0.114543
3 738 0.18017 -0.109782
1 2426 0.125525 -0.224045
3 2426 0.170666 -0.105021
1 1254 0.184921 -0.221664
3 740 0.23719 -0.0954992
1 2427 0.18017 -0.209762
3 2427 0.225311 -0.0883578
3 749 0.170666 -0.078836
3 1094 0.239566 -0.0693141
3 2229 0.0898869 -0.0812164
3 753 0.234815 -0.0526508
3 754 0.258573 -0.0502703
1 2428 0.0257386 -0.169294
3 2428 0.0803834 -0.0669337
3 686 -0.188089 -0.0859774
3 758 0.167102 -0.0486834
1 2429 0.00673163 -0.159772
3 2429 0.0590006 -0.0574118
3 761 0.182546 -0.0431289
3 775 -0.223727 -0.078836
3 2237 0.20868 -0.0312266
3 2238 -0.224915 -0.0705044
3 768 0.230063 -0.0240852
3 1101 0.035242 -0.038368
1 1278 -0.00277181 -0.135967
1 2430 -0.235606 -0.126445
3 2430 -0.169082 -0.0502703
1 2431 0.206304 -0.126445
3 2431 0.246694 -0.00504145
1 1280 -0.0146511 -0.124065
1 2432 0.00197992 -0.107402
3 2432 0.052269 -0.00900897
1 2433 0.218183 -0.0954992
3 2433 0.256197 0.0259047
3 2246 -0.242734 -0.022895
1 868 -0.216599 -0.0740751
1 2434 -0.297379 -0.0645532
3 2434 -0.233231 0.00209997
1 2435 0.220559 -0.0597922
3 2435 0.258573 0.0616117
3 2254 0.284708 0.0663726
3 2255 -0.190465 0.0163828
3 809 -0.202344 0.0187633
3 811 -0.169082 0.0235242
3 2258 0.31987 0.1654
1 2436 0.241942 0.0830359
3 2436 0.241942 0.211581
1 1286 0.244318 0.0901773
1 1115 0.241942 0.0949383
1 2437 0.218183 0.116362
3 2437 0.217233 0.242527
3 1118 0.213432 -0.10026
1 2438 0.18017 -0.223092
3 2438 0.222935 -0.10026
3 2267 0.217233 -0.0859773
3 823 0.240041 -0.068838
3 1126 0.0803835 -0.0659814
1 2439 0.151659 -0.168818
3 2439 0.194425 -0.0516986
3 831 0.231488 -0.0431289
1 2440 0.148808 -0.163105
3 2440 0.191574 -0.0459855
3 834 0.051873 -0.0597922
3 2272 -0.187614 -0.0716946
3 2274 0.175418 -0.0359875
3 851 -0.173359 -0.0631249
3 843 0.185872 -0.023133
1 2441 -0.318762 -0.134539
3 2441 -0.247486 -0.0621727
3 2276 -0.236082 -0.0631249
3 2277 0.0347668 -0.0374158
3 1133 -0.256039 -0.0545552
3 1130 0.0433199 -0.023133
1 2442 -0.31306 -0.1174
3 2442 -0.242734 -0.0478899
3 862 -0.183337 -0.0240852
3 2283 -0.242734 -0.0217047
3 866 -0.240358 -0.0145633
1 2443 -0.236082 -0.0831208
3 2443 -0.17621 -0.00885015
3 2284 0.145957 0.0254286
1 2444 0.0889366 -0.0802643
3 2444 0.134553 0.0254286
3 1141 -0.170508 -0.00313707
1 864 0.202978 -0.068838
3 869 -0.207571 0.00543267
3 865 0.279956 0.0597074
3 2288 0.259999 0.0625639
1 2445 -0.278847 -0.0574118
3 2445 -0.216599 0.00924138
3 867 0.268552 0.0654204
3 2289 0.277105 0.0654204
3 2290 -0.242734 0.0211437
3 870 0.214382 0.0768467
1 2446 -0.244635 -0.0374158
3 2446 -0.192841 0.033046
1 2447 0.245743 -0.0374158
3 2447 0.282237 0.0854164
1 2448 0.245743 -0.0288461
3 2448 0.278816 0.0957001
3 2291 0.23719 0.102556
1 2449 0.214382 0.0454245
3 2449 0.218183 0.171113
1 2450 0.214382 0.0568508
3 2450 0.218183 0.180635
1 2451 0.234339 0.0768467
3 2451 0.234815 0.20444
1 1297 0.245743 0.0911296
1 2452 0.23719 0.133978
3 2452 0.23719 0.262523
1 2453 0.26285 0.133978
3 2453 0.265701 0.26538
3 875 0.197276 0.25681
1 2454 0.225786 0.136835
3 2454 0.224076 0.263666
1 2455 0.179599 -0.253943
3 2455 0.227497 -0.13054
1 2456 0.183021 -0.236804
3 2456 0.227497 -0.1134
3 877 0.227497 -0.103117
3 2295 -0.233231 -0.143109
3 817 0.189863 -0.096261
3 1151 0.162493 -0.0859773
1 2457 0.189863 -0.202525
3 2457 0.234339 -0.0791216
3 822 0.169336 -0.0791216
3 2297 0.0290648 -0.0859773
1 1152 0.193284 -0.185386
3 884 0.0872259 -0.0756937
3 2298 0.206969 -0.0585543
3 885 0.176178 -0.0585543
3 2299 0.217233 -0.0551265
3 2300 -0.190465 -0.0859773
3 2302 0.213812 -0.0448428
1 2458 0.141966 -0.157963
3 2458 0.179599 -0.041415
3 887 0.248595 -0.0345593
1 2459 -0.241213 -0.151107
3 2459 -0.169367 -0.0722659
1 2460 0.12486 -0.151107
3 2460 0.165915 -0.0379871
1 2461 0.148808 -0.140823
3 2461 0.186442 -0.0242756
3 2305 0.176178 -0.0242756
3 2306 0.220654 -0.00713623
3 1164 -0.186474 -0.0482707
1 2462 0.131702 -0.116828
3 2462 0.176178 -0.00370835
3 2309 -0.236082 -0.0402723
3 899 0.0222223 -0.0139919
1 2463 -0.179631 -0.103117
3 2463 -0.114627 -0.0242756
3 2315 0.159072 0.0237147
3 909 -0.238933 -0.0145633
1 2464 0.241182 -0.0654101
3 2464 0.278816 0.0579935
1 2465 0.183021 -0.0619822
3 2465 0.220654 0.0545656
1 2466 0.230918 -0.0585543
3 2466 0.268552 0.0648492
3 913 0.213812 0.0751328
1 2467 0.160131 -0.270112
4 2467 0.233651 -0.134267
1 1369 0.159177 -0.266285
4 1937 0.233651 -0.123744
4 4 0.195459 -0.10461
1 2468 0.184002 -0.233759
4 2468 0.254657 -0.100784
4 1943 0.184956 -0.0921739
4 2325 0.237471 -0.086434
1 2469 0.195459 -0.218453
4 2469 0.26325 -0.0854773
4 23 0.173499 -0.0845206
4 1947 0.220284 -0.0826073
1 2470 0.117165 -0.208886
4 2470 0.187821 -0.0797374
4 237 0.211118 -0.0709361
1 2471 0.158222 -0.19071
4 2471 0.226013 -0.0606042
4 1950 0.221239 -0.0577342
1 50 0.161086 -0.181143
4 932 0.260386 -0.0491243
4 1956 0.288075 -0.0414711
4 1958 0.227923 -0.0424277
1 2472 -0.268576 -0.165836
4 2472 -0.186463 -0.0653875
4 2331 0.0627412 -0.0491243
4 970 0.247019 -0.0328612
1 1324 0.181137 -0.161053
1 1327 0.149629 -0.15914
4 1969 0.284256 -0.0242513
4 108 -0.190282 -0.0577342
4 109 -0.151135 -0.0548643
4 113 -0.223701 -0.0558209
4 87 0.268024 -0.0204246
1 2473 0.19164 -0.149573
4 2473 0.258476 -0.0185113
4 1982 0.255803 -0.0169806
4 1984 0.0522384 -0.0309478
1 2474 0.128623 -0.14192
4 2474 0.190685 -0.0175547
1 2475 0.138171 -0.140963
4 2475 0.203098 -0.013728
4 125 -0.213198 -0.0414711
4 104 0.247019 -0.0099014
1 1387 0.125758 -0.138093
4 305 0.190494 -0.0123887
4 318 -0.211288 -0.0395578
1 2476 -0.00218558 -0.134267
4 2476 0.0598768 -0.0204246
4 1992 0.063696 -0.0118147
4 1993 0.0722893 -0.000334827
4 152 0.0732441 0.00731843
1 2477 0.093295 -0.105567
4 2477 0.151538 0.0130584
4 154 0.0388711 0.00636177
1 2478 0.108572 -0.0873906
4 2478 0.163951 0.0321915
4 164 0.143518 0.0369748
1 2479 0.0856566 -0.0797374
4 2479 0.141035 0.0379315
4 165 0.162996 0.0398448
4 2338 -0.172141 0.0207116
1 1406 -0.234203 -0.0730408
1 2480 0.19164 -0.0644308
4 2480 0.247783 0.0610826
1 2481 -0.301995 -0.0634742
4 2481 -0.230384 0.0274082
4 356 -0.159729 0.0321915
1 2482 -0.236113 -0.0567776
4 2482 -0.168322 0.0379315
4 2002 0.291895 0.0733278
4 2004 0.296669 0.0742844
4 364 -0.190282 0.044628
1 2483 0.176363 -0.0395578
4 2483 0.232697 0.0857643
1 2484 0.152684 -0.259206
4 2484 0.224867 -0.12604
4 2010 0.244345 -0.11456
1 2485 0.175599 -0.24543
4 2485 0.247019 -0.111307
4 218 0.216847 -0.0996358
1 2486 0.120602 -0.222471
4 2486 0.19164 -0.0927479
4 2014 0.256567 -0.0883473
4 224 0.18362 -0.0904519
4 2015 0.264969 -0.08012
4 226 0.268406 -0.0794312
1 1316 0.174454 -0.209843
4 230 0.232697 -0.0759107
1 2487 0.192786 -0.205251
4 2487 0.260386 -0.0720841
1 2488 0.197369 -0.198363
4 2488 0.264205 -0.0653875
4 2020 0.196223 -0.0640482
4 48 0.287885 -0.0445323
4 251 0.287885 -0.0410884
1 2489 0.177891 -0.169663
4 2489 0.2432 -0.0399404
4 296 -0.237068 -0.0653875
4 291 -0.169277 -0.0625175
4 76 0.069043 -0.0468283
1 2490 0.142372 -0.160479
4 2490 0.208827 -0.0319045
4 270 0.226013 -0.0307565
4 73 0.277573 -0.0238686
4 302 -0.191046 -0.0571602
1 2491 -0.246043 -0.157035
4 2491 -0.167367 -0.0558209
4 2032 0.0621684 -0.0410884
4 89 0.224867 -0.0238686
4 283 0.268406 -0.0192766
1 2492 0.00831731 -0.151295
4 2492 0.0701888 -0.0364964
4 287 0.260386 -0.0204246
1 2493 -0.258646 -0.150147
4 2493 -0.179779 -0.050081
1 2494 -0.312497 -0.148999
4 2494 -0.228856 -0.0537163
4 2038 -0.173096 -0.0462544
1 1195 -0.00886919 -0.143259
1 2495 -0.246043 -0.139815
4 2495 -0.170422 -0.0399404
4 299 0.246637 -0.0100927
1 2496 0.19164 -0.139815
4 2496 0.256949 -0.00894474
1 2497 0.125186 -0.138667
4 2497 0.188203 -0.0135367
4 320 -0.232294 -0.0410884
4 119 0.26707 0.00444846
4 337 -0.163548 -0.0158326
4 2356 0.0369615 -0.0032048
4 330 0.0724803 0.00483114
4 333 0.073626 0.00712714
1 1199 0.0999787 -0.0893039
4 160 0.164142 0.0323829
4 494 -0.205941 0.00597914
4 1200 0.158222 0.0341048
1 2498 0.226013 -0.0847119
4 2498 0.285211 0.0455847
4 176 -0.162593 0.0159283
4 2060 -0.226565 0.016311
4 2061 -0.160683 0.0207116
1 1346 0.119457 -0.073232
4 2062 -0.195629 0.0277909
1 2499 0.189349 -0.0606042
4 2499 0.246064 0.0647178
1 2500 0.224867 -0.0583082
4 2500 0.283301 0.0714144
4 179 0.295905 0.0748584
4 982 -0.178443 0.0415668
4 197 -0.162402 0.0450107
4 2366 -0.168131 0.0450107
4 364 -0.1899 0.0450107
1 365 -0.238023 -0.0468283
1 984 -0.247189 -0.0353484
4 2367 0.304307 0.101071
4 198 0.306217 0.104706
1 2501 0.246637 -0.0250166
4 2501 0.301634 0.104706
1 2502 0.201952 -0.0158326
4 2502 0.258095 0.111594
1 2503 0.179037 -0.239231
4 2503 0.249158 -0.105605
4 2372 0.256032 -0.0890743
4 2074 0.255803 -0.0881559
4 2076 0.245033 -0.083564
1 1373 0.180412 -0.210302
4 2080 0.264282 -0.0670329
4 393 0.195536 -0.0697881
4 2081 0.262907 -0.0642777
4 395 0.195536 -0.0670329
4 2083 0.195536 -0.0642777
1 2504 0.146039 -0.186883
4 2504 0.21341 -0.0587674
4 425 -0.1899 -0.073232
4 401 0.260157 -0.0422364
1 2505 -0.255438 -0.171729
4 2505 -0.172714 -0.0697881
4 935 0.0398259 -0.0548643
4 410 0.215701 -0.0376444
1 2506 0.195536 -0.166219
4 2506 0.261532 -0.0339709
1 1213 0.209285 -0.166219
4 415 0.0621684 -0.0491243
1 2507 0.146039 -0.164842
4 2507 0.21066 -0.036726
4 411 0.220284 -0.036726
4 2092 0.279406 -0.0298381
1 416 0.12129 -0.162086
4 443 -0.23069 -0.0615226
4 300 -0.177297 -0.0560122
4 280 0.201035 -0.0270829
4 2095 -0.232065 -0.0560122
4 431 0.194161 -0.0270829
4 2098 0.224409 -0.0243277
1 1431 0.19966 -0.151066
1 2508 0.162538 -0.149688
4 2508 0.228534 -0.0215726
1 2509 0.190036 -0.146933
4 2509 0.256032 -0.0160623
4 2102 0.190036 -0.0174399
4 2104 0.195536 -0.0146847
4 2108 0.0566687 -0.0215726
4 2112 0.267032 0.000468791
4 479 -0.174318 -0.0188174
4 468 0.069043 0.000239202
4 2118 0.0360449 0.00184638
1 2510 -0.0162021 -0.105605
4 2510 0.0415445 0.00597914
4 328 0.261532 0.0266429
4 488 -0.228856 -0.00664874
4 490 -0.172943 0.00184638
4 493 -0.234585 0.00368314
1 2511 -0.300811 -0.0863192
4 2511 -0.22519 0.00597914
4 485 0.155663 0.0321533
4 2382 -0.163548 0.016311
4 631 -0.163319 0.019755
4 2124 -0.226565 0.0156223
4 504 -0.149799 0.022051
1 1044 0.190036 -0.0629002
4 2126 -0.22519 0.0321533
4 498 0.279406 0.0721033
4 500 0.290405 0.0734809
1 514 -0.22794 -0.0546346
4 352 0.308508 0.0760064
4 2127 -0.163319 0.0445516
1 2512 -0.31181 -0.0491243
4 2512 -0.240314 0.0404188
4 508 0.308279 0.0845016
1 1446 0.245033 -0.0381036
4 360 0.316529 0.099655
1 1447 0.262907 -0.00366397
4 524 0.223859 -0.127371
4 525 0.218909 -0.125718
4 527 0.245308 -0.114146
4 2132 0.253557 -0.100921
4 2393 0.182611 -0.0910029
4 2394 0.238708 -0.0876967
1 2513 0.138064 -0.211679
4 2513 0.20901 -0.0810843
1 2514 0.161163 -0.208373
4 2514 0.230459 -0.0777781
1 1463 0.174362 -0.208373
1 2515 0.139714 -0.201761
4 2515 0.21066 -0.0711656
4 996 0.261807 -0.0496753
1 2516 0.220559 -0.175311
4 2516 0.286555 -0.0414098
4 2396 0.0423695 -0.059594
4 549 0.260157 -0.0430629
4 2397 0.222209 -0.0430629
4 550 0.227159 -0.0430629
1 2517 0.141364 -0.170352
4 2517 0.20736 -0.0430629
4 551 0.217259 -0.0430629
1 1468 0.217259 -0.170352
4 1035 0.0506191 -0.0513284
4 2143 -0.234814 -0.0678594
1 1470 0.21231 -0.163739
1 2518 0.00607162 -0.162086
4 2518 0.069043 -0.0463692
4 2145 0.20901 -0.0331443
4 2146 0.0704179 -0.043614
1 2519 0.184261 -0.15878
4 2519 0.250258 -0.028185
1 2520 -0.322259 -0.157127
4 2520 -0.236464 -0.059594
4 584 -0.192192 -0.0573898
4 1236 0.0772925 -0.0422364
4 588 -0.223815 -0.0560122
1 1389 -0.256263 -0.153821
1 2521 0.164462 -0.150515
4 2521 0.228809 -0.0215726
1 1503 0.20076 -0.150515
4 1038 0.0456693 -0.0353484
1 2522 0.133114 -0.147208
4 2522 0.195536 -0.0215726
4 2399 0.246958 -0.0166132
4 578 0.21231 -0.0166132
4 597 -0.211716 -0.0430629
4 605 -0.216666 -0.0347974
4 2157 0.266757 -8.22329e-05
4 592 0.235408 -8.22329e-05
4 599 0.0588686 -0.0100008
4 2159 0.0324701 -0.0017353
4 2160 0.0539189 -8.22329e-05
4 603 0.20076 0.0114895
1 2523 -0.31071 -0.11084
4 2523 -0.231515 -0.0166132
4 620 -0.167168 -0.013307
4 604 0.230459 0.0181019
1 2524 -0.017027 -0.104228
4 2524 0.0407196 0.00653023
4 615 0.052269 0.00653023
1 2525 -0.284312 -0.0976153
4 2525 -0.210066 -0.00366397
4 2165 0.0225707 0.0114895
4 482 0.156213 0.0280206
1 2526 0.106716 -0.0893498
4 2526 0.164462 0.0313268
4 2166 -0.205116 0.00653023
4 2167 0.173537 0.0335309
1 2527 0.225509 -0.0860436
4 2527 0.286555 0.0445516
4 1081 0.161163 0.034633
1 2528 -0.236464 -0.0711656
4 2528 -0.168818 0.0247144
1 2529 0.20736 -0.0711656
4 2529 0.265107 0.0561233
1 1013 -0.215016 -0.0662064
4 634 -0.215566 0.0280205
4 1050 -0.224915 0.0296736
4 502 0.308004 0.0759606
4 2173 -0.241414 0.0412454
4 635 0.229909 0.0845016
4 2174 0.301405 0.0908385
4 639 0.301405 0.10241
4 2182 0.252237 -0.102244
4 652 0.20472 -0.0982766
4 654 0.196801 -0.0923254
4 1092 0.180962 -0.0923254
4 2185 0.254217 -0.0883579
4 656 0.260157 -0.0863742
4 2186 0.245308 -0.0827374
1 2530 0.20076 -0.213333
4 2530 0.268077 -0.080423
4 2187 0.262137 -0.0764556
4 2191 0.228479 -0.0546346
4 2193 0.0958265 -0.0625695
4 673 0.242338 -0.0427322
1 2531 0.216599 -0.171674
4 2531 0.281936 -0.0387648
1 2532 -0.0051477 -0.165723
4 2532 0.0582086 -0.0506672
1 2533 -0.250654 -0.163739
4 2533 -0.170468 -0.061247
4 2197 0.0700879 -0.044716
1 2534 0.143344 -0.159772
4 2534 0.20868 -0.0328136
4 681 0.235408 -0.0298381
4 2198 0.250258 -0.0288462
4 580 -0.177068 -0.0562878
4 2200 0.0770175 -0.0414098
4 762 0.277976 -0.0248788
4 2413 0.0423695 -0.0427322
1 2535 0.137404 -0.155805
4 2535 0.20274 -0.0288462
4 1065 0.226499 -0.0268624
4 566 0.256197 -0.022895
4 697 -0.205116 -0.0529815
1 2536 0.198781 -0.151837
4 2536 0.266097 -0.0189276
1 2537 0.127505 -0.149853
4 2537 0.192511 -0.0232256
4 577 0.186901 -0.0209113
4 2203 0.20274 -0.0169438
4 2204 0.256197 -0.0149601
4 701 -0.168818 -0.0397567
4 2417 -0.236464 -0.0397567
4 2205 0.182941 -0.0109926
1 1262 -0.0150471 -0.122081
4 2209 0.0601885 -0.00900897
4 2210 0.161163 0.00686083
4 2211 -0.167498 -0.0149601
4 2214 0.0225707 0.0108283
4 711 0.190861 0.0247144
4 2420 0.295795 0.0366167
1 1515 -0.30609 -0.0843905
4 727 -0.169478 0.0247144
4 724 0.242338 0.0624051
1 2538 -0.218975 -0.058602
4 2538 -0.153639 0.0366167
1 1047 0.246298 -0.058602
4 1046 0.289855 0.0723237
4 2220 -0.240754 0.0405842
4 733 -0.191257 0.0445516
1 2539 -0.252633 -0.0367811
4 2539 -0.187297 0.056454
4 2422 -0.181358 0.056454
1 1517 0.20076 -0.0169438
4 2423 0.307674 0.219119
1 2540 0.226499 0.0961284
4 2540 0.289855 0.229038
4 2224 0.285896 0.252843
1 2541 0.262137 0.131835
4 2541 0.321203 0.267721
1 2542 0.268077 0.135803
4 2542 0.327473 0.27268
1 2543 0.151659 -0.264513
4 2543 0.222935 -0.131206
4 736 0.220559 -0.124065
1 2544 0.173042 -0.238327
4 2544 0.241942 -0.105021
1 2545 0.182546 -0.235947
4 2545 0.253821 -0.102641
1 1521 0.113645 -0.231186
4 2426 0.196801 -0.0931188
4 1254 0.253821 -0.0883578
1 2546 0.175418 -0.212142
4 2546 0.244318 -0.078836
1 2547 0.161163 -0.209762
4 2547 0.230459 -0.0784393
4 744 0.182546 -0.078836
4 2228 0.187297 -0.0740751
4 750 0.251446 -0.0597922
1 1524 0.130277 -0.188338
4 2231 0.260949 -0.0526508
1 2548 0.0328662 -0.178816
4 2548 0.0946386 -0.0621727
1 2549 0.144532 -0.176435
4 2549 0.211056 -0.0478899
4 756 0.244318 -0.0336071
1 1505 -0.268868 -0.162152
4 770 -0.152451 -0.0574118
4 2234 0.227687 -0.0264657
1 1527 0.151659 -0.152631
1 1528 0.132652 -0.15025
4 765 0.265701 -0.0193243
4 698 -0.167498 -0.0466997
4 768 0.256197 -0.0145633
1 2550 0.177794 -0.140728
4 2550 0.244318 -0.00980237
1 2551 0.161163 -0.135967
4 2551 0.225311 -0.00742194
4 780 -0.235606 -0.038368
4 777 0.051873 -0.00980237
4 792 -0.234814 -0.022895
4 2432 0.0613765 0.00448046
4 2241 0.0245506 0.0048771
4 2242 0.051873 0.00686089
4 2246 -0.233231 0.00209997
4 2248 0.284708 0.0425679
1 2552 0.203928 -0.0716946
4 2552 0.263325 0.0568508
4 2254 0.303715 0.073514
1 1113 -0.311634 -0.0550313
4 2255 -0.178586 0.0401875
1 2553 -0.311634 -0.0502703
4 2553 -0.240358 0.0401875
1 2554 0.24907 0.0854164
4 2554 0.315594 0.221103
4 2437 0.274254 0.24824
4 2263 0.245743 -0.1174
1 2555 0.148808 -0.237375
4 2555 0.217233 -0.105973
4 2264 0.217233 -0.10026
1 2556 0.111745 -0.228806
4 2556 0.183021 -0.10026
1 2557 0.111745 -0.220236
4 2557 0.183021 -0.0916905
4 2265 0.171617 -0.0859773
4 818 0.183021 -0.0774077
1 2558 -0.030807 -0.194527
4 2558 0.0347668 -0.0802643
4 824 0.0946386 -0.0745511
1 1291 0.185872 -0.188814
1 2559 -0.030807 -0.183101
4 2559 0.0347668 -0.068838
4 827 0.259999 -0.0516986
1 2560 -0.027956 -0.177387
4 2560 0.0376179 -0.0631249
1 2561 0.0319158 -0.177387
4 2561 0.0946386 -0.0602683
1 2562 -0.25889 -0.171674
4 2562 -0.17621 -0.0716946
4 1125 0.0404689 -0.0545552
4 1126 0.0889366 -0.0516986
4 2440 0.214382 -0.0345593
1 1128 -0.321613 -0.160248
4 841 -0.153402 -0.0574118
4 767 0.234339 -0.0202764
4 2441 -0.236082 -0.0402723
1 2563 -0.31306 -0.134539
4 2563 -0.230855 -0.038368
4 2276 -0.224677 -0.0402723
4 2278 0.242892 0.00257608
4 853 0.0433199 -0.0117067
4 859 -0.240358 -0.0264657
1 1564 0.106043 -0.114543
1 1131 0.134553 -0.114543
4 2281 0.0518731 0.00257608
4 2282 -0.210422 -0.00313707
1 2564 -0.033658 -0.0974036
4 2564 0.0233627 0.0116219
4 791 0.194425 0.0254286
4 1136 0.157361 0.0282851
1 2565 0.117447 -0.0859773
4 2565 0.171617 0.0339983
4 2443 -0.167657 0.0111458
1 2566 0.117447 -0.0802643
4 2566 0.171617 0.0397114
4 2285 0.160212 0.0425679
4 2286 0.282807 0.0539942
1 1284 -0.218975 -0.0602683
4 874 0.376891 0.168257
4 2451 0.299913 0.211105
1 1579 0.145387 -0.240232
4 2456 0.251446 -0.103117
4 879 0.265131 -0.0825495
4 2296 0.220084 -0.0774077
1 2567 0.183021 -0.192242
4 2567 0.251446 -0.0585543
4 882 0.0940684 -0.068838
4 883 0.213812 -0.0482707
4 2298 0.230918 -0.0482707
4 2299 0.241182 -0.0448428
4 1154 0.282237 -0.041415
1 2568 0.0256435 -0.171674
4 2568 0.0872259 -0.0551265
1 2569 0.159072 -0.168246
4 2569 0.220654 -0.041415
4 2300 -0.179631 -0.0654101
1 2570 -0.244635 -0.164819
4 2570 -0.164806 -0.0631249
4 2301 0.189863 -0.0379871
4 2302 0.237761 -0.0345592
1 1155 0.193284 -0.164819
1 1560 -0.251477 -0.161391
1 2571 -0.23095 -0.157963
4 2571 -0.155682 -0.0585543
4 890 0.0666984 -0.041415
4 2459 -0.165946 -0.0516986
4 1160 -0.220686 -0.0516986
1 2572 0.176178 -0.147679
4 2572 0.241182 -0.0174198
1 1300 -0.00856889 -0.144251
4 2303 -0.165946 -0.041415
4 2461 0.210391 -0.0139919
1 2573 -0.295953 -0.137395
4 2573 -0.213843 -0.041415
4 901 -0.244635 -0.0311314
4 2307 -0.234371 -0.0242756
4 2309 -0.227528 -0.0174198
4 900 0.0393285 -0.000280466
4 2463 -0.114627 -0.00370835
4 905 -0.234371 -0.00713623
4 904 -0.17621 -0.00313707
4 2312 -0.210422 -0.00370835
4 908 -0.172789 0.013431
4 2316 0.141966 0.0339983
1 2574 0.104332 -0.0791216
4 2574 0.159072 0.040854
4 910 -0.14884 0.0202868
4 2317 0.295922 0.0545656
4 912 -0.227528 0.0237147
1 2575 -0.220686 -0.0654101
4 2575 -0.153402 0.0311417
1 1594 0.220654 -0.0619822
1 2576 -0.220686 -0.0585543
4 2576 -0.155682 0.0374261
1 2577 0.244603 -0.0516986
4 2577 0.299343 0.0785607
4 913 0.230918 0.0819885
1 1596 0.302764 0.0168589
1 2578 0.234339 0.0751328
4 2578 0.295922 0.20882
4 919 0.251446 0.260238
1 1599 0.237761 0.133407
1 1600 0.156312 -0.265329
5 12 0.234606 -0.086434
5 928 0.207872 -0.0845206
5 1948 0.252748 -0.083564
5 26 0.16586 -0.083564
1 2579 0.152493 -0.211756
5 2579 0.213601 -0.0816507
5 27 0.208827 -0.0787807
1 2580 0.150583 -0.206973
5 2580 0.210736 -0.0759107
1 2581 0.152493 -0.205059
5 2581 0.213601 -0.0749541
1 2582 0.147719 -0.202189
5 2582 0.206917 -0.0720841
5 1953 0.21742 -0.0491243
5 57 0.019775 -0.0539076
5 59 0.0216846 -0.052951
5 1958 0.219329 -0.044341
5 68 0.029323 -0.047211
5 2472 -0.200785 -0.0424277
5 2331 0.0474643 -0.0424277
1 2583 -0.0231913 -0.163923
5 2583 0.0235942 -0.0433844
5 83 0.0465095 -0.0386011
1 1329 0.153448 -0.157227
5 92 0.0445999 -0.0347745
5 109 -0.165457 -0.0338178
5 82 0.194504 -0.0290345
5 87 0.262296 -0.0232946
5 1985 0.0360067 -0.0232946
5 97 0.256949 -0.0146847
5 115 0.0407807 -0.0175547
5 318 -0.224655 -0.013728
5 306 0.181137 -0.0127714
1 1179 -0.312497 -0.135223
5 112 0.175408 -0.0127714
5 1990 -0.25139 -0.0118147
5 1991 -0.238977 -0.00894474
5 324 -0.229429 -0.00798808
5 122 0.0407807 -0.00894474
5 1992 0.0474643 -0.00607477
5 129 0.0445999 -0.0032048
5 139 0.192595 0.0101884
5 145 0.0379163 0.00731843
5 150 0.0493739 0.0101884
5 162 -0.221791 0.0149717
5 1995 0.0274134 0.0149717
5 155 0.179228 0.0245383
1 2584 -0.280989 -0.0873906
5 2584 -0.217972 0.0321915
5 2338 -0.184554 0.0436714
5 1406 -0.178825 0.0455847
5 2480 0.23938 0.0570646
1 2585 -0.306769 -0.0567776
5 2585 -0.248526 0.0618479
5 364 -0.19983 0.0704578
5 195 0.306217 0.0934176
1 1626 0.26325 -0.00416145
1 1627 0.218375 0.0608912
1 1355 0.225058 0.0675878
1 990 0.226968 0.107767
1 2586 0.229832 0.118291
5 2586 0.313091 0.245909
1 1701 0.235561 0.13838
1 1637 0.154976 -0.266094
5 2009 0.205389 -0.127188
1 1604 0.184765 -0.23395
5 221 0.175599 -0.0961918
1 377 0.113728 -0.223619
5 229 0.19966 -0.081268
5 233 0.246637 -0.0720841
5 408 0.0220665 -0.0525683
5 252 0.25122 -0.0456803
5 257 0.0255038 -0.0514203
5 2025 0.256032 -0.043614
5 264 0.0289411 -0.0468283
5 2349 -0.17787 -0.0452977
5 291 -0.183599 -0.0405144
5 274 0.039253 -0.0410884
5 2028 0.0665604 -0.0414711
5 2029 0.236783 -0.036726
1 2587 0.208827 -0.162775
5 2587 0.267261 -0.0342004
5 278 0.0415445 -0.0387924
5 277 0.0493739 -0.0395578
5 2033 -0.241842 -0.0309478
5 2492 0.054148 -0.0307565
5 292 0.029323 -0.0299912
5 2494 -0.242797 -0.0271212
5 295 0.0374198 -0.0270829
5 1195 0.0358157 -0.0227206
5 308 0.0403988 -0.0169806
5 322 -0.251772 -0.0123887
5 2045 -0.239168 -0.00894474
5 119 0.256567 -0.000334827
5 2356 0.0209207 0.00483114
5 2052 0.192786 0.0105711
5 331 0.0209207 0.0105711
5 2054 -0.246043 0.014015
5 1004 0.0277953 0.0128671
1 2588 -0.00428614 -0.104228
5 2588 0.0381072 0.014015
5 336 0.179037 0.024347
5 173 -0.246043 0.0266429
5 345 -0.184172 0.0254949
5 1199 0.142372 0.0300869
5 1200 0.143289 0.0335309
1 2589 0.105707 -0.083564
5 2589 0.148101 0.0358269
5 176 -0.17787 0.0379315
5 2360 0.260386 0.0438627
1 2590 -0.30104 -0.073232
5 2590 -0.242606 0.0438627
5 2062 -0.207087 0.0530467
5 2362 -0.242606 0.0541946
5 2064 -0.178825 0.0618479
5 192 -0.172714 0.0622306
5 2366 -0.176151 0.0691185
5 190 0.302779 0.0897823
5 2367 0.295905 0.0920783
5 2502 0.252366 0.105854
1 1697 0.217993 0.0645266
5 985 0.323403 0.206877
1 1671 0.22945 0.0863383
1 2591 0.22945 0.0920783
5 2591 0.312404 0.219505
5 2068 0.316529 0.248434
1 2592 0.240908 0.151774
5 2592 0.315154 0.278741
5 385 0.231742 -0.082416
5 387 0.234033 -0.078972
1 994 0.144664 -0.189638
5 407 -0.186463 -0.0640482
5 396 0.20516 -0.060145
1 996 0.195536 -0.181373
5 2087 -0.185317 -0.0532571
5 253 0.269781 -0.0463692
5 2505 -0.188067 -0.0477467
5 412 0.0291703 -0.0477467
5 415 0.0442944 -0.043614
5 2507 0.20241 -0.0381036
5 2093 -0.176151 -0.0399404
5 2094 0.054148 -0.0399404
5 273 0.0610226 -0.0410884
5 427 0.0456693 -0.0381036
5 2378 0.0644599 -0.0364964
5 280 0.192786 -0.0284605
5 431 0.185911 -0.0257053
5 436 0.0291703 -0.0284605
5 450 -0.186463 -0.0250166
5 2101 -0.221065 -0.0215726
5 438 0.203785 -0.0188174
5 582 0.20076 -0.0149602
5 465 -0.229315 -0.00779674
5 458 0.0277953 -0.0020568
5 2380 0.0456693 -0.0017353
5 478 -0.250626 0.00253514
5 479 -0.189442 0.00460156
5 323 0.191411 0.0101119
5 2118 0.0209207 0.0101119
5 484 -0.245814 0.0142447
5 2510 0.0277953 0.0128671
5 2119 -0.22244 0.0156223
5 1007 0.024358 0.015163
5 496 -0.177297 0.0369748
5 341 0.129539 0.0390412
5 487 0.261807 0.0495109
5 2383 -0.226565 0.0555722
5 2384 -0.249939 0.059705
5 2127 -0.172714 0.0679705
5 2512 -0.254613 0.067695
1 1017 -0.258188 -0.0477467
5 508 0.299342 0.0760064
5 644 -0.251314 0.0743074
5 362 0.305529 0.092767
5 2129 0.293155 0.0941446
1 2593 0.229909 0.0872567
5 2593 0.309654 0.214821
1 2594 0.245033 0.0913894
5 2594 0.330278 0.219505
1 2595 0.239533 0.0941446
5 2595 0.324778 0.22226
1 1021 0.245033 0.0982774
1 1492 0.228534 0.145115
5 527 0.234033 -0.115248
5 2393 0.174362 -0.0893498
5 2394 0.227159 -0.0893498
5 536 0.21066 -0.076125
5 2136 0.242008 -0.0662064
1 670 0.146314 -0.186883
5 996 0.251907 -0.0546346
5 2139 -0.193567 -0.0463691
5 554 0.0291703 -0.0480222
5 2141 0.218909 -0.0414098
5 559 0.0440194 -0.0430629
5 424 0.0594185 -0.0408588
5 2149 -0.241414 -0.0298381
5 573 0.0539189 -0.0314912
5 2152 -0.186692 -0.0257053
1 1037 0.141364 -0.143902
5 578 0.20406 -0.0182664
5 596 -0.241414 -0.0199194
5 583 0.239533 -0.0119295
5 591 0.03412 -0.0166132
5 2155 0.0407196 -0.0149602
5 587 0.179312 -0.013307
5 695 0.218909 -0.0083477
5 455 0.0456693 -0.00669463
5 616 -0.188617 0.00322397
5 2160 0.0374198 0.00735673
5 603 0.190861 0.00983643
5 2523 -0.246364 0.00983643
5 620 -0.182018 0.0081833
1 1712 -0.00877752 -0.11084
5 604 0.220559 0.0147957
5 622 -0.221615 0.0164488
5 609 0.254657 0.0211326
5 2525 -0.223265 0.0214082
5 624 -0.218315 0.0238877
5 627 -0.223815 0.0266429
5 2526 0.152913 0.0313268
5 2166 -0.218315 0.0313268
5 2168 -0.244897 0.0346789
5 2169 0.129814 0.0379392
5 2529 0.256197 0.0505028
5 634 -0.226565 0.0561233
5 1246 0.273356 0.0643888
5 501 0.287655 0.0665929
5 2403 0.296455 0.183412
1 2596 0.228809 0.143738
5 2596 0.309654 0.270696
5 654 0.186901 -0.0923254
5 656 0.248608 -0.0893498
5 2530 0.253557 -0.0843905
5 664 0.20076 -0.0724881
5 663 0.252237 -0.0724881
5 2410 0.21264 -0.0605858
5 671 0.252237 -0.0546346
5 2532 0.0403897 -0.044716
5 682 0.0463293 -0.0387648
5 693 -0.167498 -0.0347974
5 566 0.250258 -0.0268624
5 590 -0.191917 -0.0265319
5 2415 -0.222935 -0.022895
5 577 0.177662 -0.0199194
5 2417 -0.251314 -0.011654
5 1072 0.0245506 -0.0149601
5 1076 -0.195217 -0.0050415
5 710 -0.189277 0.00289342
1 2597 -0.0269264 -0.110179
5 2597 0.016631 0.00884456
5 713 -0.246364 0.0131426
5 708 0.0087115 0.012812
5 721 -0.246364 0.0296736
5 2215 0.147303 0.034633
1 2598 -0.292231 -0.0625695
5 2598 -0.234814 0.0544702
5 728 0.296455 0.0759606
1 1742 -0.246694 -0.044716
1 1747 0.228479 0.113982
5 738 0.196801 -0.0978797
5 744 0.170666 -0.078836
5 2228 0.177794 -0.0740751
1 2599 -0.347272 -0.195479
5 2599 -0.276392 -0.0705044
1 2600 -0.349648 -0.188338
5 2600 -0.278372 -0.0645532
1 2601 -0.259365 -0.188338
5 2601 -0.188089 -0.0621727
5 751 0.206304 -0.0574118
1 1757 -0.0289063 -0.178816
5 752 0.220559 -0.0502703
5 2549 0.201552 -0.0502703
5 2428 0.07088 -0.0478899
5 757 0.0399937 -0.0455094
1 2602 -0.017027 -0.164533
5 2602 0.0304903 -0.0431289
1 2603 -0.321137 -0.159772
5 2603 -0.249862 -0.0359875
5 683 0.0601885 -0.0387648
5 1067 0.0542489 -0.0308299
5 2237 0.225311 -0.0240852
5 2238 -0.226895 -0.022895
5 780 -0.249862 -0.0121829
1 1104 0.00197992 -0.126445
5 777 0.0376179 -0.00266096
5 781 0.0281144 -0.000280524
5 792 -0.249862 0.00448046
5 793 -0.183337 0.00448046
5 1107 0.035242 0.00924138
5 795 -0.24511 0.0140023
5 2432 0.0471213 0.0116219
5 2242 0.035242 0.0140023
5 2243 0.0566248 0.0140023
5 2248 0.277976 0.0366167
5 797 0.158787 0.0401875
5 798 0.263325 0.0497094
5 2255 -0.188089 0.0639922
5 2257 0.251446 0.10446
1 2604 0.218183 0.0616117
5 2604 0.301339 0.187777
1 2605 0.225311 0.0687531
5 2605 0.313218 0.197298
5 2436 0.329849 0.211581
1 2606 0.260949 0.130645
5 2606 0.339352 0.25681
5 2264 0.203928 -0.10026
1 2607 -0.315911 -0.223092
5 2607 -0.244635 -0.0974036
5 2265 0.163063 -0.0859773
5 817 0.20868 -0.0831208
5 2267 0.234339 -0.0774077
5 818 0.171617 -0.0774077
5 2558 0.016631 -0.0724881
5 824 0.0775324 -0.068838
5 839 -0.190465 -0.0431289
5 835 0.0542489 -0.038368
5 2274 0.191574 -0.0259896
5 2277 0.0262137 -0.0145633
5 1132 0.046171 -0.000280466
1 2608 -0.310209 -0.105973
5 2608 -0.244635 0.0140024
1 2609 0.205829 -0.103117
5 2609 0.257148 0.0197154
5 791 0.183021 0.0237147
5 2283 -0.247486 0.0311417
5 2565 0.157361 0.0339983
5 2284 0.145957 0.0368549
5 1141 -0.17621 0.0401875
5 2285 0.148808 0.0425679
5 2286 0.277105 0.0454245
5 2287 0.231488 0.0597074
5 867 0.282807 0.0654204
1 2610 -0.31306 -0.0545552
5 2610 -0.256039 0.0625639
5 1143 -0.253188 0.068277
5 2290 -0.250337 0.0739901
5 874 0.393997 0.15683
1 1571 0.225786 0.0711336
1 2611 0.251446 0.0854164
5 2611 0.339352 0.213962
5 2456 0.237761 -0.106545
1 2612 -0.0325176 -0.195669
5 2612 0.0153798 -0.0722659
5 2567 0.240041 -0.0631249
5 2299 0.230918 -0.0482707
5 2569 0.213812 -0.041415
5 888 0.0427498 -0.041415
5 890 0.0495922 -0.0345592
5 2572 0.234339 -0.0208477
5 893 0.0290648 -0.023133
1 896 -0.31306 -0.133968
5 1164 -0.196737 -0.00370835
5 897 0.046171 -0.000280466
5 905 -0.248056 0.0202868
5 904 -0.190465 0.0197154
5 2312 -0.224107 0.0237147
5 908 -0.189895 0.0339983
5 2316 0.131702 0.0374261
5 2464 0.292501 0.0579935
1 2613 -0.295953 -0.0379871
5 2613 -0.237792 0.0785607
1 1598 0.227497 0.102556
1 2614 0.213812 0.116267
5 2614 0.295922 0.243099
1 2615 0.200127 0.119695
5 2615 0.278816 0.246527
5 920 0.340398 0.260238
1 2616 0.234339 0.140262
5 2616 0.316449 0.267094
1 2617 0.244603 0.147118
5 2617 0.326713 0.27395
6 19 0.153448 -0.143833
6 26 0.161086 -0.142877
6 27 0.212264 -0.140963
6 2581 0.216847 -0.138667
6 2330 0.260386 -0.11896
6 54 0.208827 -0.10308
6 65 0.211118 -0.0961918
6 2331 0.00927209 -0.0845206
1 2618 0.201188 -0.16201
6 2618 0.271156 -0.0959622
6 80 0.00545287 -0.080694
6 74 0.226013 -0.0893039
6 92 0.00640767 -0.0759107
6 109 -0.230384 -0.0452977
6 116 -0.322046 -0.0290345
6 1975 0.220284 -0.083564
6 93 0.226013 -0.080694
6 1985 -0.00505 -0.0625175
6 1989 -0.315935 -0.0119295
6 318 -0.295311 -0.0127714
6 1990 -0.328538 -0.00664874
6 129 0.00545287 -0.0405144
6 130 0.00927209 -0.0405144
6 141 -0.0165077 -0.0319045
6 135 0.195459 -0.0424277
6 139 0.188776 -0.0395578
6 144 0.0121365 -0.0299912
6 171 -0.287673 0.0302782
6 2479 0.105707 -0.0020568
6 181 -0.226565 0.0417964
6 184 -0.223701 0.0484547
6 174 0.275663 0.00540511
6 2482 -0.235158 0.0675878
6 193 -0.240887 0.0742844
6 364 -0.257501 0.0817464
6 2483 0.221239 0.0331482
1 2619 0.176363 -0.0376444
6 2619 0.222194 0.0350615
6 190 0.303352 0.0321915
6 195 0.309654 0.0358269
6 198 0.303352 0.0388881
1 2620 0.202143 -0.0156413
6 2620 0.258782 0.0569498
6 2005 0.38225 0.163575
6 2341 0.384129 0.164402
6 1355 0.392149 0.165779
1 2621 0.236516 0.078111
6 2621 0.411245 0.177603
1 2622 0.23938 0.0790677
6 2622 0.41621 0.178177
1 2623 0.232697 0.0972442
6 2623 0.397878 0.197693
6 2586 0.390829 0.219119
1 2624 0.249883 0.151774
6 2624 0.412773 0.251649
6 216 0.212035 -0.213057
6 2023 -0.254063 -0.060145
6 257 -0.017577 -0.0918295
6 269 0.215701 -0.0881559
6 307 -0.288436 -0.0325933
6 974 -0.31731 -0.0229502
1 456 -0.312497 -0.139815
6 131 -0.328309 -0.0105519
6 320 -0.321434 -0.0105519
6 321 -0.310435 -0.0105519
6 2044 -0.298061 -0.0119295
6 318 -0.295311 -0.0123887
1 118 -0.0123065 -0.135223
6 322 -0.328309 -0.00641915
6 312 0.000296922 -0.0456803
6 337 -0.244714 0.0015709
6 2356 -0.017577 -0.0284605
6 2054 -0.321664 0.020903
6 341 0.105707 -0.00435274
6 2499 0.232109 0.0081833
6 369 -0.243751 0.0851903
6 370 -0.280187 0.0941446
6 198 0.303925 0.0392708
6 985 0.411398 0.178177
1 2625 0.228305 0.144886
6 2625 0.388025 0.247057
1 1806 0.119915 -0.237854
6 253 0.279406 -0.111116
6 2507 0.20406 -0.0943091
6 2093 -0.241689 -0.0518795
6 2094 0.0163377 -0.082416
6 81 0.0186292 -0.082416
6 280 0.194161 -0.0827374
6 2095 -0.322259 -0.028185
6 2096 -0.31731 -0.028185
6 431 0.173308 -0.082416
6 2508 0.224519 -0.080423
6 2101 -0.291186 -0.0229502
1 448 -0.00932751 -0.13729
6 464 -0.0120774 -0.0339709
6 2510 -0.0134523 -0.020195
1 2626 0.107541 -0.0849416
6 2626 0.128165 -0.0133071
6 496 -0.240314 0.0390412
6 2386 -0.255438 0.0886343
6 362 0.309654 0.0362861
1 1805 0.116615 -0.243088
6 996 0.256197 -0.118114
1 2627 -0.256263 -0.172005
6 2627 -0.254613 -0.059594
6 2397 0.21462 -0.104228
6 2517 0.198781 -0.10026
6 2141 0.222539 -0.10026
6 559 0.00475171 -0.0863742
6 560 0.21264 -0.0903416
6 1036 0.00112192 -0.0794312
6 1236 0.0209208 -0.0794312
6 569 0.246298 -0.0843905
6 594 -0.31236 -0.0232256
6 596 -0.31203 -0.0169438
6 600 -0.299161 -0.011654
6 1039 -0.0120773 -0.0381036
6 1712 -0.00217789 -0.0265319
6 622 -0.292231 0.0207469
6 624 -0.287611 0.0296736
6 493 -0.32061 0.0395923
6 1081 0.127505 -0.0129764
6 623 0.128165 -0.0050415
6 1027 0.237058 -0.200108
6 2530 0.254657 -0.153821
6 672 0.202978 -0.105973
6 2531 0.281936 -0.108195
6 685 0.230063 -0.0812164
6 690 -0.00316783 -0.066537
6 2415 -0.295003 -0.0240852
1 2628 -0.294211 -0.139935
6 2628 -0.298171 -0.0169438
1 1106 -0.31005 -0.137951
6 1072 -0.017027 -0.0506672
6 1262 -0.0110874 -0.0387648
6 1074 -0.00118794 -0.0367811
6 702 0.182546 -0.0431289
6 2212 -0.0190069 -0.0248788
6 719 -0.316386 0.033046
6 720 -0.292231 0.0326493
6 1109 0.117605 -0.0169438
6 714 0.104142 -0.00504145
1 2629 -0.230855 -0.0526509
6 2629 -0.228875 0.0723237
6 2220 -0.325889 0.0877968
1 2630 0.116021 -0.243088
6 2630 0.173042 -0.175642
1 2631 0.108894 -0.214523
6 2631 0.165915 -0.145965
1 2632 -0.0312822 -0.195479
6 2632 -0.0312822 -0.116923
6 749 0.191574 -0.125969
6 2236 -0.237792 -0.0379871
6 771 -0.0137008 -0.0631249
6 1102 -0.0146511 -0.0526508
6 792 -0.325889 0.0116219
1 2633 0.135028 -0.0978797
6 2633 0.170666 -0.0264657
6 2251 0.230063 0.00686089
1 2634 -0.218975 -0.0597922
6 2634 -0.227528 0.0625639
6 810 -0.242734 0.0806554
1 2635 -0.24511 -0.038368
6 2635 -0.244635 0.0911296
6 2560 -0.027956 -0.0974036
6 833 -0.00514767 -0.0859773
1 2636 0.18017 -0.140252
6 2636 0.248595 -0.0716946
6 859 -0.333017 0.00828922
6 2279 0.0062565 -0.0288461
6 858 -0.0154114 -0.0242756
6 861 0.288509 -0.0202764
6 2443 -0.244635 0.0368549
6 1284 -0.23095 0.0579935
6 1143 -0.323323 0.0888443
6 870 0.220654 0.0305704
6 2446 -0.244635 0.0922722
6 1149 0.196706 -0.168246
6 877 0.241182 -0.164819
6 2567 0.244603 -0.127112
6 883 0.200127 -0.109972
6 892 -0.25832 -0.0448428
6 2459 -0.244635 -0.0402723
6 896 -0.326745 -0.0105641
6 897 0.00511609 -0.0379871
6 2308 -0.248056 -0.000280466
1 2637 0.0119586 -0.106545
6 2637 0.0153798 -0.0242756
1 2638 0.113346 -0.242369
7 2638 0.204052 -0.203146
1 2639 0.120984 -0.242369
7 2639 0.208827 -0.205059
7 19 0.185911 -0.170352
7 79 -0.228475 -0.0548643
7 2472 -0.228475 -0.044341
7 1966 0.0388711 -0.0979138
7 113 -0.263802 -0.0204246
7 114 -0.24146 -0.0250166
7 98 0.234606 -0.10461
7 99 0.238426 -0.10461
7 131 -0.27927 0.0013872
7 318 -0.248335 -0.0032048
7 138 0.0117546 -0.0479763
7 141 0.00545287 -0.0452977
7 158 -0.21167 0.0128671
7 164 0.129769 -0.0296085
7 2338 -0.207087 0.0530467
7 184 -0.186463 0.0522813
7 200 -0.196011 0.0819377
7 364 -0.211288 0.0886343
7 205 -0.200212 0.0874863
7 209 -0.196011 0.0924609
7 210 -0.208233 0.0955222
7 212 -0.20174 0.101071
1 2640 0.116019 -0.244282
7 2640 0.20571 -0.205067
7 2487 0.272989 -0.176551
7 2022 0.0335242 -0.116856
7 278 0.0195458 -0.0959622
7 277 0.0312327 -0.0961918
7 279 0.0289411 -0.0950439
7 293 0.234033 -0.104228
7 128 0.00831731 -0.0537163
7 975 0.0195458 -0.0505019
7 977 0.0277953 -0.0422364
7 335 0.00602576 -0.0319045
7 342 0.281936 -0.044716
7 353 -0.183942 0.0473067
7 354 -0.186463 0.0530467
7 358 -0.249939 0.0789912
7 2364 -0.193338 0.0805984
7 2366 -0.187609 0.0817464
7 369 -0.196775 0.0920783
7 984 -0.196775 0.101262
1 2641 0.11579 -0.244742
7 2641 0.205007 -0.206016
7 383 0.20736 -0.175311
7 407 -0.215566 -0.0739209
7 415 0.0277953 -0.100095
7 426 0.0192709 -0.0959622
7 81 0.0374198 -0.0987174
7 427 0.0277953 -0.0945846
7 1216 0.0358157 -0.0961918
7 444 -0.267813 -0.0257053
7 446 -0.267813 -0.020195
7 430 0.280781 -0.119381
7 2114 0.0222957 -0.0518795
7 469 0.0275204 -0.0430629
7 2118 0.00112192 -0.0364505
7 484 -0.280352 0.0326493
7 504 -0.190267 0.0462047
7 1805 0.20516 -0.204792
7 658 0.187057 -0.170811
7 2134 0.279406 -0.175862
7 556 0.234815 -0.126445
7 424 0.0364299 -0.10026
7 1036 0.0225707 -0.0943091
7 581 -0.191917 -0.0414098
1 2642 0.159513 -0.152168
7 2642 0.250258 -0.11613
7 587 0.190861 -0.0943091
7 2161 0.0319201 -0.0491243
7 2524 0.0087115 -0.0328136
7 2169 0.125525 -0.0308299
7 2170 0.291835 -0.0502703
7 1247 -0.185317 0.0485191
7 640 -0.183942 0.0789912
7 647 -0.203466 0.100757
7 1258 0.00673163 -0.102641
7 1262 0.0087115 -0.0526509
7 1074 0.016631 -0.0506672
7 706 0.0265305 -0.044716
1 2643 -0.034846 -0.102244
7 2643 -0.256593 -0.0387648
7 733 -0.211848 0.0877968
7 743 0.275006 -0.178617
7 2601 -0.218975 -0.0716946
7 2232 0.0433199 -0.103117
7 795 -0.275426 0.0339983
7 2432 0.0347668 -0.0402723
7 2251 0.253821 -0.0288461
7 2555 0.231488 -0.203096
7 2265 0.189863 -0.171674
7 821 0.205829 -0.160248
7 829 0.288509 -0.145965
7 1127 0.279956 -0.1174
7 2277 0.00910752 -0.0631249
7 1132 0.0262137 -0.0516986
7 858 0.00511609 -0.0379871
7 2566 0.154035 -0.0359875
7 1141 -0.200159 0.0477098
7 1151 0.210391 -0.161391
1 2644 -0.0290963 -0.17853
7 2644 -0.00856889 -0.109972
7 896 -0.275426 0.00314742
7 897 0.0256435 -0.0516986
8 2638 0.182092 -0.206973
8 1952 0.0117546 -0.122596
8 54 0.216847 -0.138667
8 2331 0.00545287 -0.10461
8 83 0.00640767 -0.0988705
8 92 0.00545287 -0.0969572
8 113 -0.288627 -0.0252079
8 131 -0.305623 -0.0032048
8 306 0.171016 -0.0973398
8 129 0.00258845 -0.0596476
8 138 -0.0111607 -0.0525683
8 141 -0.0184173 -0.050081
8 158 -0.236877 0.00827509
8 2584 -0.267813 0.0459291
8 2479 0.10227 -0.0307565
8 2338 -0.232294 0.0496027
8 189 -0.274687 0.0771544
8 2003 -0.215107 0.0691185
8 364 -0.235731 0.0863383
8 205 -0.224273 0.0851903
8 236 0.224409 -0.167597
8 262 0.225784 -0.130402
8 277 0.00831731 -0.101932
8 266 0.228534 -0.126269
8 284 0.00258848 -0.0973398
8 2037 0.234606 -0.117047
8 337 -0.233165 0.0015709
8 353 -0.208691 0.0445516
8 2366 -0.21167 0.0783024
1 2645 0.181786 -0.259895
8 2645 0.238426 -0.235672
8 2641 0.184765 -0.209843
8 2091 -0.232294 -0.0514203
8 273 0.00442172 -0.105881
8 81 0.0140462 -0.10285
8 427 0.00442172 -0.0992684
8 448 -0.00382782 -0.0725433
8 2116 -0.249664 0.00322397
8 489 -0.271112 0.034633
8 515 -0.223815 0.0789912
8 1017 -0.236464 0.0875323
8 2386 -0.231515 0.0941447
8 1805 0.184536 -0.208924
8 2145 0.216599 -0.124065
8 581 -0.216995 -0.0486834
8 589 -0.266493 -0.0288462
8 1038 -0.017027 -0.0843905
8 1712 -0.00547772 -0.044716
8 2524 -0.0150471 -0.0367811
8 627 -0.274412 0.0405842
8 631 -0.226565 0.0462047
8 634 -0.276392 0.0762912
8 2402 0.303715 -0.0189276
1 2646 0.0997862 -0.215316
8 2646 0.165914 -0.176435
8 674 0.203928 -0.135967
8 682 0.00475171 -0.10026
8 700 -0.288271 -0.0189276
8 703 -0.0150471 -0.0526509
8 706 0.00277185 -0.0486834
8 1109 0.113645 -0.044716
8 2215 0.121565 -0.0387648
8 2217 -0.216995 0.0425679
8 2539 -0.230855 0.0996992
1 2647 -0.0265304 -0.171674
8 2647 -0.0241546 -0.109782
1 2648 0.161163 -0.169294
8 2648 0.232439 -0.135967
1 2649 0.177794 -0.15025
8 2649 0.181328 -0.121448
8 2432 0.0119586 -0.0431289
8 1083 0.123149 -0.0336071
1 2650 -0.278372 -0.0574118
8 2650 -0.265162 0.0819885
8 2265 0.169336 -0.175102
8 2276 -0.295953 -0.00370835
8 854 -0.289111 -0.00713623
8 2285 0.123149 -0.0317027
8 1284 -0.213843 0.0614213
8 2446 -0.221826 0.0968427
8 2459 -0.227528 -0.0402723
1 2651 0.11621 -0.244282
9 2651 -0.0661576 -0.414567
9 1959 0.222576 -0.246578
9 85 0.232697 -0.249066
9 1977 0.248278 -0.241105
9 123 -0.0470615 -0.413611
9 154 0.140255 -0.228806
9 164 0.00937142 -0.226557
9 2585 -0.17621 0.099128
1 2652 -0.0283473 -0.176551
9 2652 0.218183 -0.264513
9 2025 0.222209 -0.248048
9 2499 0.222935 -0.245945
9 984 -0.0881181 -0.221323
9 539 -0.00877752 -0.35054
9 2558 0.201552 -0.281176
9 2609 -0.0633088 -0.253943
9 2457 0.0258705 -0.343928
1 2653 -0.0222539 -0.157963
9 2653 0.221239 -0.247152
9 915 0.222194 -0.228976
10 1600 0.0423695 -0.352193
10 7 -0.0214726 -0.312014
1 2654 0.0952046 -0.216539
10 2654 -0.184172 -0.159331
10 52 -0.193338 -0.150147
10 56 -0.0466795 -0.24543
10 80 0.261341 -0.239499
10 85 0.258476 -0.236629
1 2655 0.130532 -0.148617
10 2655 -0.0615745 -0.283314
10 181 -0.035176 -0.368724
10 2071 -0.0461067 -0.342818
10 2371 0.00640767 -0.341861
10 58 -0.0467253 -0.247056
10 2103 -0.21167 -0.208695
10 466 -0.0174625 -0.395434
10 1021 -0.191237 -0.165836
10 2167 -0.193567 -0.149688
10 729 -0.193147 -0.149573
10 769 0.018611 -0.324024
1 2656 0.151659 -0.263084
10 2656 0.0346699 -0.353571
10 882 -0.0432422 -0.360994
10 2302 -0.0769938 -0.271083
11 66 0.054148 -0.300534
1 2657 0.221239 -0.155313
11 2657 0.051169 -0.303978
11 1978 0.0613765 -0.30022
11 1987 -0.211716 0.0528171
11 2335 0.00910752 -0.294506
11 203 0.0789729 -0.231846
11 331 -0.171458 -0.124065
11 198 0.0740477 -0.235153
1 2658 0.128165 -0.146933
11 2658 0.0376179 -0.264513
11 2642 0.0635433 -0.294335
11 2151 0.0525439 -0.301223
11 2399 0.0489691 -0.3026
1 1251 0.248608 0.15035
1 1494 0.237058 0.152003
11 685 0.0601885 -0.298633
11 621 0.052269 -0.277804
1 2659 0.117447 -0.240232
11 2659 -0.00245289 -0.321886
11 760 0.0604262 -0.305933
11 1127 0.0635433 -0.287447
12 80 -0.0155529 -0.143833
12 85 0.446573 -0.0682575
12 1985 -0.0299513 -0.0794312
12 306 0.136261 -0.17923
12 1992 0.443709 -0.0433844
12 2334 0.430097 -0.0232256
12 260 -0.127901 0.125884
12 278 0.446 -0.0674921
12 2032 -0.0107788 -0.140007
1 2660 0.2432 -0.0433844
12 2660 0.157038 -0.202036
1 2661 0.246637 0.152922
12 2661 0.446573 -0.0653875
12 2075 0.171062 -0.305906
1 2662 -0.252688 -0.184128
12 2662 -0.128693 0.125884
12 511 -0.169082 0.135406
12 658 0.171062 -0.304584
12 2521 0.279956 -0.240708
12 2421 0.0917876 -0.140252
12 714 0.0661283 -0.10883
12 1067 -0.0336942 -0.0988705
12 1083 0.0832345 -0.114543
1 2663 0.241182 -0.0277035
12 2663 0.169082 -0.126049
13 1329 0.156121 -0.216731
13 1976 0.181137 -0.225149
1 2664 -0.247571 -0.118004
13 2664 0.201552 -0.238327
13 2046 -0.210333 0.047498
13 151 -0.0842989 -0.162967
1 2665 0.22143 0.11389
13 2665 0.342652 -0.0314912
13 407 0.125758 -0.286375
13 430 0.181328 -0.224767
13 2658 0.140255 -0.19167
1 2666 0.154563 -0.266232
13 2666 0.122894 -0.306465
13 562 0.147719 -0.205059
13 1236 0.13978 -0.214523
13 569 0.180412 -0.225455
1 2667 -0.30906 -0.13729
13 2667 0.0580436 -0.168974
13 2196 -0.184172 0.0289389
13 2200 0.140255 -0.214523
13 746 0.156411 -0.257371
13 2259 0.390774 -0.0697881
13 2261 0.12003 -0.311248
1 2668 -0.218975 -0.0659814
13 2668 0.186866 -0.15053
1 2669 0.225786 0.0968427
13 2669 0.3872 -0.0695126
13 2653 0.153243 -0.229202
13 2613 0.140081 -0.224767
14 19 -0.0844898 -0.0984878
14 80 -0.0842989 -0.146703
14 83 -0.0776152 -0.14766
14 1967 0.0756317 -0.190718
14 338 -0.104197 -0.0890743
14 158 -0.103968 -0.0881559
14 164 0.00937142 -0.11084
14 278 -0.0835732 -0.146933
14 277 -0.0766604 -0.149573
14 279 -0.0785701 -0.145747
14 2032 -0.0785701 -0.14192
14 288 0.123215 -0.191842
14 2058 0.1439 -0.255762
14 369 -0.0992318 -0.10883
14 370 -0.193147 0.114464
14 2377 0.119915 -0.210026
14 328 -0.109697 -0.148311
14 1036 -0.0780735 -0.146933
14 623 0.0220665 -0.11456
14 1247 0.119915 -0.272293
14 632 0.174362 -0.114146
14 2229 -0.0621684 -0.183101
14 796 0.100911 -0.22652
14 835 -0.13087 -0.153821
14 915 0.0819672 -0.236476
15 26 0.0512836 -0.250979
15 2582 0.105707 -0.250022
15 2331 -0.109124 -0.171576
15 64 0.156312 -0.197406
15 66 0.111436 -0.213287
1 2670 0.213601 -0.162967
15 2670 0.101766 -0.237137
15 129 -0.108169 -0.126614
15 141 -0.129175 -0.11456
15 164 -0.001078 -0.112493
15 364 -0.334267 0.0576386
15 212 -0.323 0.0695011
15 2620 0.159177 -0.0768674
15 2586 0.333715 0.0702665
15 265 -0.0890729 -0.178617
15 262 0.110291 -0.213057
15 266 0.11304 -0.208924
15 279 -0.108551 -0.166219
15 285 -0.105114 -0.166219
15 286 0.0979163 -0.197904
15 2492 -0.0986973 -0.160709
15 128 -0.12631 -0.122787
15 976 -0.125356 -0.11609
15 1004 -0.123446 -0.10285
15 1200 0.0188011 -0.120256
15 342 0.144664 -0.138943
15 2364 -0.313643 0.0461587
15 404 0.0984663 -0.219945
15 410 0.103416 -0.213333
15 2094 -0.100531 -0.170811
15 422 0.104791 -0.206169
15 2098 0.107541 -0.203414
15 464 -0.124821 -0.116626
15 490 -0.343433 -0.00228639
15 341 -0.00547772 -0.11084
15 1036 -0.114371 -0.165393
15 2642 0.113315 -0.201761
15 2156 0.0463293 -0.175642
15 595 0.0661282 -0.169691
15 1039 -0.124271 -0.120759
15 607 -0.106122 -0.114146
15 611 -0.129881 -0.106211
15 2169 -0.0051477 -0.112163
15 2532 -0.116813 -0.171674
15 682 -0.110082 -0.165723
15 1262 -0.123941 -0.122081
15 706 -0.10731 -0.114543
15 2213 -0.121565 -0.102641
15 744 0.0575751 -0.245945
15 771 -0.123941 -0.145489
15 714 -0.00514767 -0.111686
15 2270 0.145387 -0.137395
15 2277 -0.124891 -0.131682
15 858 -0.128312 -0.106545
16 28 0.121748 -0.252318
16 76 -0.0881181 -0.169663
1 2671 0.160131 -0.160097
16 2671 0.124804 -0.198363
16 1967 0.11621 -0.195493
16 108 -0.369786 -0.0845206
16 1984 -0.106259 -0.145555
16 1985 -0.10435 -0.143833
16 306 0.0701888 -0.167367
16 118 -0.106259 -0.136371
16 141 -0.11428 -0.11456
16 158 -0.342287 -0.0410884
16 201 -0.314407 0.0293215
16 364 -0.336368 0.0388881
16 204 -0.319372 0.0323829
16 213 -0.321091 0.0494113
16 268 -0.0959475 -0.169663
16 269 0.116019 -0.196067
16 89 0.119457 -0.190327
1 2672 0.18362 -0.128336
16 2672 0.146039 -0.170352
16 119 0.0761085 -0.183056
16 2588 -0.0973224 -0.104228
1 2673 0.101124 -0.0915999
16 2673 0.0232123 -0.116856
16 2589 0.0274134 -0.109394
16 354 -0.310206 -0.0020568
16 982 -0.324184 0.0293981
16 372 0.119457 -0.30283
16 407 -0.361307 -0.126269
16 2087 -0.353608 -0.114146
16 81 -0.0849481 -0.168974
16 2378 -0.0804797 -0.166793
16 2118 -0.116021 -0.104228
16 473 -0.0830232 -0.114146
16 489 -0.377806 -0.0105519
16 2386 -0.332159 0.0445516
16 2594 -0.340408 -0.076125
16 530 0.0676681 -0.259895
16 552 -0.126317 -0.174055
16 2517 0.0958265 -0.205398
16 551 0.105726 -0.209365
1 1705 -0.00712762 -0.160433
16 560 0.111666 -0.197463
16 1036 -0.101172 -0.163739
16 591 -0.106122 -0.137951
16 602 -0.111072 -0.115799
16 2161 -0.0846731 -0.119106
16 2162 -0.0902828 -0.114146
16 623 0.0324701 -0.105881
16 2172 0.0407196 -0.102575
16 1013 -0.30906 -8.22329e-05
16 2402 0.20901 -0.0976153
16 2530 0.144664 -0.266094
16 674 0.0946386 -0.207381
16 673 0.135424 -0.215316
1 2674 -0.00910749 -0.163739
16 2674 -0.109686 -0.169294
16 1069 0.354083 0.0305704
16 1262 -0.110082 -0.122081
16 1074 -0.102162 -0.120097
16 703 -0.112062 -0.11613
16 2643 -0.131068 -0.0954992
16 2539 -0.328265 0.0497094
16 2422 -0.321137 0.0473289
16 2232 -0.0792746 -0.174531
16 778 -0.0906787 -0.123113
16 788 -0.113487 -0.105973
16 1083 0.0319158 -0.103117
16 810 -0.321137 0.0354265
16 811 -0.304506 0.0282851
16 2277 -0.110636 -0.131682
16 868 -0.316481 -0.0105641
16 872 -0.321613 0.0339983
16 878 0.059856 -0.257371
16 2572 0.141966 -0.188814
16 897 -0.0906787 -0.123684
16 914 -0.323323 0.0305704
1 2675 0.395014 -0.474837
17 2675 0.231742 -0.515973
17 1600 0.12129 -0.272293
17 5 0.116019 -0.235098
17 13 0.088521 -0.215583
1 2676 0.169679 -0.215583
17 2676 0.143289 -0.221323
17 19 0.0703797 -0.208886
17 1948 0.164142 -0.224767
17 22 0.163951 -0.223236
17 2581 0.130914 -0.208695
17 59 -0.0993848 -0.148999
1 2677 0.162041 -0.17349
17 2677 0.135306 -0.177316
17 1957 -0.323955 -0.0979138
17 65 0.127477 -0.167367
17 2331 -0.0680672 -0.142877
17 66 0.131487 -0.16775
17 75 -0.0766604 -0.13905
17 113 -0.379334 -0.0634742
1 2678 -0.310588 -0.14766
17 2678 -0.381244 -0.0567776
17 125 -0.364057 -0.050081
17 127 -0.375515 -0.0462544
17 137 -0.376469 -0.0424277
17 1991 -0.378952 -0.0376444
1 2679 0.184002 -0.128527
17 2679 0.163912 -0.134535
17 129 -0.0680672 -0.0988705
17 158 -0.313643 -0.0319045
17 162 -0.356419 -0.0156413
17 181 -0.289811 0.00184638
17 184 -0.285763 0.00827509
17 200 -0.302186 0.0358269
17 209 -0.300085 0.0465414
17 2483 0.142945 -0.0462544
17 212 -0.304859 0.0561079
17 195 0.222576 -0.0491243
17 2023 -0.324184 -0.0973398
17 262 0.134352 -0.166219
17 76 -0.0615745 -0.140963
17 266 0.136643 -0.161627
17 2031 -0.325101 -0.08012
17 2032 -0.0711989 -0.134535
17 88 0.111436 -0.152443
17 2034 -0.390181 -0.0615226
17 89 0.136643 -0.154739
17 2037 0.142372 -0.153591
17 294 0.125186 -0.144407
17 318 -0.361765 -0.0468283
17 118 -0.0804797 -0.11035
17 2355 -0.0730322 -0.0996358
17 128 -0.0856356 -0.0950439
17 337 -0.31071 -0.0381036
17 330 -0.0581372 -0.0870079
17 1004 -0.0833441 -0.075528
17 2673 0.0438361 -0.0858599
17 341 0.0319201 -0.0697881
17 2361 -0.302186 0.00460156
17 354 -0.284999 0.00827509
17 2366 -0.289582 0.0358269
1 1853 -0.228856 -0.0491243
17 2501 0.215701 -0.0445323
1 1033 -0.0285764 -0.17724
17 58 0.155663 -0.17724
17 414 -0.0830232 -0.142249
17 411 0.128165 -0.167046
17 2091 -0.319372 -0.0881559
17 273 -0.0558457 -0.142111
17 81 -0.0588246 -0.141423
17 417 0.118265 -0.160433
17 418 0.136414 -0.162086
17 447 -0.355807 -0.0670329
17 431 0.088521 -0.15053
17 460 -0.364057 -0.0463692
17 445 0.0869169 -0.134535
17 2113 -0.0739488 -0.101473
17 458 -0.0863231 -0.0959622
17 2114 -0.0711989 -0.0959622
17 2118 -0.0912727 -0.0794312
17 1042 -0.053325 -0.0843905
17 492 -0.355807 -0.000908798
17 485 0.0456693 -0.0794312
17 341 0.0305452 -0.0725433
17 631 -0.302461 0.0048771
17 504 -0.290251 0.000909691
17 514 -0.289261 0.0263674
17 366 -0.280187 0.036286
17 520 -0.300811 0.0555722
17 2130 0.144664 -0.26839
17 2627 -0.325559 -0.0976153
17 555 -0.0467253 -0.149853
17 1034 0.131464 -0.165723
17 2518 -0.0615745 -0.141423
17 562 0.146314 -0.162086
17 1236 -0.0560748 -0.13729
17 589 -0.357567 -0.066537
17 2642 0.131464 -0.155474
17 2521 0.147963 -0.153821
17 442 -0.0823633 -0.120097
17 1039 -0.0846731 -0.0959622
17 2401 -0.0665242 -0.0982766
17 2524 -0.0846731 -0.076125
17 2525 -0.359547 -0.00702524
17 2169 0.0304902 -0.0724881
17 1247 -0.284312 0.00289342
17 634 -0.355587 0.0326493
17 514 -0.290251 0.0266981
17 635 0.143014 -0.0463691
17 647 -0.309258 0.0544703
17 673 0.153243 -0.177626
17 1074 -0.0764236 -0.0943091
17 710 -0.323513 -0.038368
17 702 0.101766 -0.114543
17 716 -0.352024 -0.00980237
17 720 -0.356775 -0.00266096
17 2217 -0.290251 0.00257608
1 2680 -0.268473 -0.0645532
17 2680 -0.333017 0.0259047
17 1046 0.201035 -0.0725433
17 733 -0.316386 0.0425679
17 729 0.21231 -0.059594
1 2681 0.156411 -0.271654
17 2681 0.120773 -0.278795
17 737 0.144664 -0.267885
17 749 0.106043 -0.194527
17 2601 -0.329849 -0.11613
17 2548 -0.0393601 -0.165961
17 2647 -0.0963808 -0.145965
17 1278 -0.0740477 -0.112163
17 2633 0.0922627 -0.0978797
17 2558 -0.110636 -0.168818
17 2564 -0.102083 -0.0659814
17 2566 0.0590006 -0.0764555
17 1141 -0.302796 0.00314742
17 1284 -0.292532 0.0202868
17 2456 0.148808 -0.247088
1 2682 0.196706 -0.192242
17 2682 0.165915 -0.202525
1 2683 -0.23095 -0.168246
17 2683 -0.302796 -0.0996889
17 895 -0.0633088 -0.116828
17 2574 0.0495922 -0.0722659
17 2466 0.193284 -0.0756937
2 2684 0.19164 -0.207929
3 2684 0.210736 -0.140963
3 1935 0.204052 -0.140007
2 2685 0.144855 -0.191666
3 2685 0.162538 -0.126269
3 1941 0.228877 -0.120874
2 2686 0.205007 -0.184013
3 2686 0.223149 -0.117047
2 2687 0.148674 -0.183056
3 2687 0.166815 -0.11896
2 2688 0.149629 -0.175403
3 2688 0.16777 -0.11035
2 10 0.152493 -0.168706
3 1944 0.235561 -0.0988705
2 2689 0.19355 -0.163923
3 2689 0.211691 -0.0979138
2 2690 0.199278 -0.162967
3 2690 0.21742 -0.0969572
2 2691 0.212646 -0.162967
3 2691 0.229832 -0.0960005
2 2692 0.198324 -0.157227
3 2692 0.21551 -0.0912172
2 1948 0.221239 -0.155313
2 2693 0.146764 -0.1534
3 2693 0.164905 -0.0893039
2 2694 0.18973 -0.1534
3 2694 0.206917 -0.0883473
2 2695 0.222194 -0.1534
3 2695 0.240335 -0.086434
2 2696 0.214555 -0.142877
3 2696 0.232697 -0.0768674
3 45 0.185911 -0.0720841
3 1968 -0.181689 -0.0787807
3 47 0.204052 -0.0644308
3 304 -0.196966 -0.077824
2 50 0.184956 -0.12757
2 2697 -0.209378 -0.126614
3 2697 -0.17596 -0.0768674
2 116 -0.281944 -0.125657
2 2354 -0.27526 -0.122787
2 2698 -0.217017 -0.118004
3 2698 -0.184554 -0.0673008
2 2699 0.247019 -0.117047
3 2699 0.26325 -0.050081
2 1175 0.0283682 -0.115134
3 56 0.218375 -0.0491243
2 2700 0.237471 -0.114177
3 2700 0.254657 -0.047211
2 2701 0.169679 -0.11322
3 2701 0.185911 -0.050081
3 61 0.246064 -0.0424277
2 2702 0.23938 -0.108437
3 2702 0.254657 -0.0424277
2 2703 0.166815 -0.10748
3 2703 0.184002 -0.044341
3 1991 -0.238977 -0.0577342
3 78 0.163951 -0.044341
3 1969 0.251793 -0.0338178
3 1972 0.226968 -0.0338178
3 940 0.218375 -0.0319045
3 93 0.203098 -0.0328612
3 87 0.236516 -0.0299912
3 156 -0.238977 -0.0481677
3 94 0.209781 -0.0299912
2 1178 0.0111817 -0.0912172
2 2704 0.0169105 -0.0845206
3 2704 0.0388711 -0.0280779
3 112 0.168725 -0.0223379
3 1988 0.233651 -0.0185113
2 2705 0.184956 -0.0816507
3 2705 0.200233 -0.0175547
2 2706 0.206917 -0.0787807
3 2706 0.221239 -0.013728
2 2707 0.0388711 -0.0759107
3 2707 0.058922 -0.019468
2 2335 0.00831729 -0.0720841
2 144 0.0388711 -0.0701708
2 145 0.029323 -0.0682575
3 1999 -0.238977 -0.0185113
2 2708 -0.247571 -0.0634742
3 2708 -0.216062 -0.016598
2 2709 0.248928 -0.0625175
3 2709 0.266115 0.00368314
2 2710 -0.196966 -0.0510376
3 2710 -0.168322 -0.0032048
2 2711 0.124804 -0.0491243
3 2711 0.142945 0.0101884
3 1996 0.141035 0.0121017
2 2712 0.124804 -0.0462544
3 2712 0.14199 0.014015
3 336 0.176363 0.014015
2 2713 0.126713 -0.0414711
3 2713 0.144855 0.0178417
2 2714 -0.20174 -0.0405144
3 2714 -0.173096 0.00636177
2 2339 -0.202695 -0.0328612
2 199 -0.241842 -0.0299912
2 194 -0.202695 -0.0271212
3 201 -0.181689 0.0216683
2 202 -0.207469 -0.0242513
2 2360 0.232697 -0.0213813
2 210 -0.22752 -0.0175547
2 209 -0.217972 -0.0175547
2 2715 0.231742 -0.016598
3 2715 0.247019 0.0484547
2 212 -0.223701 -0.0118147
2 2716 0.247974 -0.000334827
3 2716 0.26325 0.0656745
3 2004 0.275663 0.0685445
2 195 0.279482 0.0312349
2 2717 0.21551 0.114464
3 2717 0.219329 0.180473
2 1205 0.244154 0.145077
3 987 0.247974 0.214913
2 2342 0.240335 0.148904
2 2369 0.242245 0.156557
3 957 0.234606 0.225436
3 2006 0.249883 0.240743
2 2718 0.228877 0.189083
3 2718 0.231742 0.256049
2 2370 0.264205 0.191953
2 2719 0.230787 0.19865
3 2719 0.232697 0.265616
2 2720 0.231742 0.200563
3 2720 0.234033 0.26772
2 2721 0.226013 0.206303
3 2721 0.227923 0.273269
3 959 0.230787 0.275182
2 2722 0.230787 0.212043
3 2722 0.233651 0.279009
2 2723 0.184765 -0.206399
3 2723 0.204243 -0.139815
2 2724 0.177891 -0.204103
3 2724 0.200233 -0.140007
2 2345 0.205389 -0.192623
2 2725 0.200806 -0.189179
3 2725 0.219138 -0.122596
2 2726 0.203098 -0.185735
3 2726 0.22143 -0.119152
2 2727 0.148101 -0.184587
3 2727 0.166433 -0.1203
2 2346 0.151538 -0.181143
2 2728 0.175599 -0.176551
3 2728 0.193932 -0.112264
2 2729 0.141226 -0.171959
3 2729 0.160131 -0.10748
2 1186 0.205389 -0.166219
2 2347 0.19966 -0.162775
2 2730 0.226013 -0.160479
3 2730 0.244345 -0.0938959
3 967 -0.183599 -0.106524
3 227 0.19164 -0.0950439
2 2731 0.231742 -0.155887
3 2731 0.249158 -0.0890743
3 2017 0.224409 -0.0863192
2 2732 0.174454 -0.152443
3 2732 0.19164 -0.0870079
2 2733 0.220284 -0.150147
3 2733 0.238616 -0.083564
2 1170 0.393295 -0.150147
2 425 -0.23344 -0.147851
3 2023 -0.184172 -0.0938959
2 393 0.15383 -0.145555
2 84 -0.218545 -0.143259
3 2090 -0.24948 -0.0883473
3 244 0.185911 -0.0720841
2 2734 -0.205941 -0.132927
3 2734 -0.172714 -0.082416
3 965 0.19966 -0.0674921
2 2735 -0.268958 -0.129483
3 2735 -0.231148 -0.08012
2 2736 -0.208233 -0.128336
3 2736 -0.176151 -0.076676
2 2737 -0.193338 -0.12604
3 2737 -0.161256 -0.075528
3 250 0.204243 -0.0594562
2 2738 0.250074 -0.121448
3 2738 0.267261 -0.0537163
2 76 0.0381072 -0.119152
3 2024 0.252366 -0.0502723
3 1956 0.263823 -0.0502723
2 58 0.203098 -0.11456
2 2739 -0.286145 -0.113412
3 2739 -0.24948 -0.0663442
2 2103 -0.210524 -0.112264
3 261 0.189349 -0.0491243
2 459 -0.280416 -0.111116
2 1215 0.16987 -0.111116
2 2740 0.146955 -0.109968
3 2740 0.164142 -0.0479763
2 2741 0.238616 -0.10882
3 2741 0.254657 -0.0422364
2 2742 -0.264375 -0.107672
3 2742 -0.229429 -0.0596476
2 2743 0.166433 -0.107672
3 2743 0.18362 -0.0445323
2 2744 0.146955 -0.106524
3 2744 0.164142 -0.0445323
2 2745 0.235179 -0.105376
3 2745 0.250074 -0.0387924
2 2746 0.151538 -0.0984878
3 2746 0.167579 -0.0353484
2 2747 0.154976 -0.0961918
3 2747 0.171016 -0.0342004
2 2748 0.232888 -0.0961918
3 2748 0.248928 -0.0299912
3 329 -0.18188 -0.0468283
3 87 0.236325 -0.0296085
2 2749 0.019775 -0.0938959
3 2749 0.0415445 -0.0376444
2 449 0.024358 -0.0938959
2 2750 0.152684 -0.0938959
3 2750 0.169679 -0.0299912
2 1982 0.215701 -0.0938959
3 310 0.0335242 -0.0353484
3 2102 0.171589 -0.0271212
2 2751 0.211118 -0.0881559
3 2751 0.226013 -0.0238686
2 574 0.216847 -0.0870079
2 2752 0.156121 -0.0847119
3 2752 0.173308 -0.0227206
2 2117 -0.207087 -0.082416
2 2355 0.0255038 -0.082416
2 2753 0.184765 -0.081268
3 2753 0.200806 -0.0169806
2 2754 0.211118 -0.081268
3 2754 0.226013 -0.0158326
3 975 0.0472734 -0.0227206
2 2755 0.206535 -0.078972
3 2755 0.22143 -0.0135367
3 344 -0.238023 -0.0307565
2 2756 0.0277953 -0.073232
3 2756 0.0484192 -0.0169806
3 346 -0.239168 -0.0261646
2 2757 0.00488001 -0.0709361
3 2757 0.0277953 -0.0169806
2 173 -0.276979 -0.0697881
3 347 -0.21969 -0.0227206
2 2358 -0.278124 -0.0663442
2 1006 0.0106088 -0.0640482
2 2359 -0.273541 -0.0629002
3 953 -0.236113 -0.016598
3 135 0.190494 0.0013872
3 2058 -0.235731 -0.0146847
3 2055 0.141226 0.00942309
2 1199 0.127477 -0.0422364
2 354 -0.184172 -0.0410884
2 2758 -0.201358 -0.0399404
3 2758 -0.172714 0.00597914
2 512 -0.242606 -0.0364964
3 341 0.133206 0.0254949
2 2759 -0.274687 -0.0307565
3 2759 -0.24146 0.0128671
2 1204 -0.242606 -0.0296085
2 2760 -0.200212 -0.0296085
3 2760 -0.172714 0.016311
2 2365 -0.215107 -0.0250166
2 2366 -0.205941 -0.0238686
2 197 -0.200212 -0.0238686
2 368 -0.242606 -0.0227206
2 2386 -0.226565 -0.0169806
2 2761 0.232888 -0.0169806
3 2761 0.247783 0.0484547
2 2762 0.214555 -0.0100927
3 2762 0.230596 0.0530467
2 2763 0.25122 -0.0032048
3 2763 0.266115 0.0622306
2 2764 0.197369 0.014015
3 2764 0.212646 0.0771544
2 186 0.275281 0.017459
2 357 0.268406 0.019755
2 2765 0.284447 0.0277909
3 2765 0.300488 0.0943742
2 198 0.271844 0.0323829
3 983 0.283301 0.100114
2 2766 0.217993 0.123074
3 2766 0.22143 0.188509
2 2767 0.223722 0.127666
3 2767 0.227159 0.194249
2 2368 0.226013 0.155218
2 2389 0.242054 0.156366
3 1022 0.231742 0.225245
2 2768 0.224867 0.16555
3 2768 0.22945 0.232133
3 1023 0.228305 0.235577
2 2769 0.219138 0.173585
3 2769 0.223149 0.239786
2 2770 0.223722 0.178177
3 2770 0.226013 0.244761
2 2771 0.22945 0.189657
3 2771 0.231742 0.256241
2 2772 0.263823 0.191953
3 2772 0.268406 0.260833
2 2773 0.228305 0.193101
3 2773 0.230596 0.259685
2 2774 0.22945 0.196545
3 2774 0.231742 0.263129
2 2775 0.234033 0.201137
3 2775 0.235408 0.26772
2 2776 0.226013 0.206877
3 2776 0.228305 0.27346
2 2777 0.238616 0.213765
3 2777 0.240908 0.281496
2 2778 0.244345 0.214913
3 2778 0.246637 0.283792
2 2779 0.177662 -0.204792
3 2779 0.200806 -0.139815
2 2780 0.212035 -0.202036
3 2780 0.231284 -0.134535
2 2781 0.212035 -0.178617
3 2781 0.231284 -0.112493
2 2392 0.141914 -0.175862
2 531 0.19966 -0.163464
2 2782 0.227159 -0.159331
3 2782 0.245033 -0.093207
2 2783 0.20791 -0.157954
3 2783 0.225784 -0.0918295
2 2784 0.172162 -0.155198
3 2784 0.188661 -0.0904519
2 2785 0.187286 -0.153821
3 2785 0.203785 -0.0890743
2 2786 0.227159 -0.153821
3 2786 0.245033 -0.0876967
2 2787 0.141914 -0.152443
3 2787 0.159788 -0.0890743
3 391 0.162538 -0.0849416
3 390 0.19966 -0.0808088
3 392 0.231284 -0.0739209
2 2788 0.172162 -0.135912
3 2788 0.190036 -0.0711657
3 396 0.194161 -0.0697881
3 398 0.19966 -0.0684105
2 2789 -0.263688 -0.130402
3 2789 -0.226565 -0.0808088
2 1218 -0.229315 -0.127647
2 581 -0.193567 -0.126269
2 2790 0.235408 -0.116626
3 2790 0.251907 -0.0505019
2 2791 0.245033 -0.116626
3 2791 0.262907 -0.0505019
3 58 0.220284 -0.0505019
3 2103 -0.177068 -0.0629002
2 2792 0.218909 -0.109738
3 2792 0.235408 -0.0449916
2 2793 0.231284 -0.109738
3 2793 0.246408 -0.0422364
3 419 0.203785 -0.0408588
2 2794 0.179037 -0.100095
3 2794 0.195536 -0.036726
2 2795 -0.292561 -0.0987174
3 2795 -0.255438 -0.0518795
2 2796 0.151538 -0.0987174
3 2796 0.168037 -0.036726
3 2098 0.19911 -0.0347974
2 2797 0.232659 -0.0973398
3 2797 0.247783 -0.0312157
2 2798 0.201035 -0.0959622
3 2798 0.216159 -0.0312157
2 2799 0.214785 -0.0945846
3 2799 0.229909 -0.0298381
2 2800 0.220284 -0.0945846
3 2800 0.235408 -0.0298381
3 2100 0.217534 -0.0270829
3 2116 -0.185317 -0.0422364
2 2801 0.21066 -0.0890743
3 2801 0.225784 -0.0243277
2 2802 0.216159 -0.0876967
3 2802 0.231284 -0.0229502
2 2803 -0.276062 -0.0863192
3 2803 -0.240314 -0.0399404
3 973 0.225784 -0.020195
2 2804 -0.274687 -0.0821864
3 2804 -0.238939 -0.0353484
3 2110 0.19966 -0.0174399
2 2400 0.194161 -0.0752985
2 469 0.0360449 -0.0684105
3 474 0.0525439 -0.00917433
2 2805 -0.248564 -0.0629002
3 2805 -0.215566 -0.0174399
2 2806 0.247783 -0.0629002
3 2806 0.265107 0.00322397
2 2807 -0.00382782 -0.0573898
3 2807 0.016796 -0.00228639
2 2381 0.195536 -0.0560122
2 2382 -0.201816 -0.0546346
2 631 -0.199067 -0.0505019
2 2808 0.122665 -0.0505019
3 2808 0.140539 0.00873432
3 506 -0.152319 0.00322397
2 2809 -0.201816 -0.0408588
3 2809 -0.172943 0.00597914
2 2421 0.147413 -0.0394812
2 2384 -0.276062 -0.036726
2 2810 -0.207316 -0.0312157
3 2810 -0.179818 0.0142447
2 2173 -0.278812 -0.0270829
2 1017 -0.23069 -0.0243277
2 2385 -0.243064 -0.0229502
2 1230 -0.196317 -0.0215726
2 516 -0.218315 -0.0188174
3 487 0.247783 0.0486843
2 2811 -0.21969 -0.0119295
3 2811 -0.192192 0.0335309
2 1228 0.250532 -0.00366397
2 2812 0.271156 -0.00366397
3 2812 0.28628 0.0638377
3 980 0.269781 0.0665929
3 348 0.28628 0.0665929
3 351 0.275281 0.0679705
3 363 0.29453 0.0982774
2 2813 0.271156 0.0335309
3 2813 0.28628 0.099655
2 2403 0.214785 0.114808
2 2814 0.220284 0.125829
3 2814 0.223034 0.191953
2 2815 0.223034 0.128584
3 2815 0.225784 0.194708
2 2387 0.232659 0.139605
3 1053 0.245033 0.219505
2 2816 0.235408 0.157514
3 2816 0.238158 0.223638
2 2817 0.217534 0.174045
3 2817 0.222576 0.240169
2 2818 0.245033 0.18231
3 2818 0.248608 0.249536
2 2819 0.262907 0.191953
3 2819 0.267032 0.260833
3 1026 0.228534 0.273231
2 2820 0.228534 0.207107
3 2820 0.231284 0.274608
2 2821 0.238158 0.213995
3 2821 0.240908 0.281496
2 2822 0.246408 0.213995
3 2822 0.249158 0.282874
2 2409 0.141364 -0.172005
2 2823 0.20571 -0.167046
3 2823 0.223859 -0.100921
2 2824 0.217259 -0.15878
3 2824 0.235408 -0.092656
2 2825 0.171062 -0.155474
3 2825 0.189211 -0.0910029
2 540 0.144664 -0.148862
3 2139 -0.190267 -0.0910029
2 2826 0.00442172 -0.142249
3 2826 0.0277953 -0.083564
2 1033 0.00607162 -0.135637
3 547 0.194161 -0.0695126
2 2827 -0.228215 -0.127371
3 2827 -0.193567 -0.0777781
2 1071 -0.196867 -0.120759
2 2828 0.245308 -0.117453
3 2828 0.261807 -0.0496753
2 1261 -0.262863 -0.11084
2 2829 0.147963 -0.11084
3 2829 0.164462 -0.0480222
2 2830 0.218909 -0.11084
3 2830 0.235408 -0.044716
3 573 0.0605185 -0.0513284
3 2142 0.246958 -0.0430629
2 1213 0.238708 -0.109187
3 2147 0.163912 -0.043614
2 2831 0.233758 -0.105881
3 2831 0.248608 -0.0397567
2 2832 0.0209208 -0.102575
3 2832 0.0429195 -0.0463692
2 2833 0.232109 -0.100921
3 2833 0.246958 -0.0347974
3 606 -0.186967 -0.0496753
2 2834 0.21231 -0.0992684
3 2834 0.227159 -0.0339709
2 1243 -0.287611 -0.0959622
2 2835 -0.215016 -0.0959622
3 2835 -0.183667 -0.0480222
2 2836 0.20076 -0.0959622
3 2836 0.217259 -0.0314912
2 2837 0.220559 -0.0943091
3 2837 0.235408 -0.0298381
3 2151 0.21561 -0.028185
2 2838 -0.216666 -0.0893498
3 2838 -0.185317 -0.0414098
2 2839 0.161163 -0.0876967
3 2839 0.177662 -0.0248788
2 2840 -0.276062 -0.0860436
3 2840 -0.239764 -0.0397567
3 620 -0.173768 -0.0364505
3 583 0.217259 -0.0199194
2 2841 0.20736 -0.0794312
3 2841 0.222209 -0.0149602
3 2157 0.246958 -0.0083477
3 625 -0.180368 -0.0199194
2 611 0.00937142 -0.0678594
3 2168 -0.236464 -0.0149602
2 2842 -0.234814 -0.0414098
3 2842 -0.205116 0.0048771
2 2843 -0.241414 -0.0331443
3 2843 -0.210066 0.0114895
2 2844 -0.203466 -0.0314912
3 2844 -0.175418 0.0147957
2 2845 0.133114 -0.0298381
3 2845 0.151263 0.0296736
2 638 -0.218315 -0.028185
3 514 -0.173768 0.019755
3 2172 0.162813 0.034633
3 642 -0.213366 0.0214082
3 628 0.255207 0.0610826
2 2846 0.270056 -0.0017353
3 2846 0.286555 0.0643888
3 632 0.291505 0.0792668
2 2847 0.268406 0.0296736
3 2847 0.283256 0.0957978
2 362 0.278306 0.0313268
2 2848 0.268406 0.0577764
3 2848 0.275006 0.127207
2 2849 0.21561 0.115635
3 2849 0.218909 0.180933
2 2850 0.220559 0.125554
3 2850 0.222209 0.191678
2 2851 0.223859 0.12886
3 2851 0.225509 0.194984
2 2404 0.232109 0.138778
2 2406 0.228809 0.152003
3 521 0.250258 0.239618
2 2852 0.217259 0.175147
3 2852 0.220559 0.241271
2 2408 0.223859 0.180106
2 2853 0.225509 0.206556
3 2853 0.228809 0.27268
2 2854 0.228809 0.211515
3 2854 0.232109 0.279292
2 2855 0.178982 -0.20143
3 2855 0.198781 -0.135967
2 2856 0.20472 -0.18556
3 2856 0.222539 -0.118114
3 2182 0.230459 -0.114146
3 654 0.169082 -0.106211
3 2185 0.234815 -0.10026
3 2189 0.0291703 -0.0943091
2 2857 -0.216995 -0.14787
3 2857 -0.183337 -0.0962928
2 686 -0.220955 -0.137951
2 2858 0.00475171 -0.135967
3 2858 0.0291703 -0.0777781
3 2193 0.0879069 -0.0764556
2 688 -0.215016 -0.133984
3 692 -0.205116 -0.080423
2 1257 0.186901 -0.124065
3 1071 -0.165518 -0.0724881
2 2859 0.244318 -0.11613
3 2859 0.260157 -0.0506672
2 2417 -0.284312 -0.110179
2 2860 0.238378 -0.110179
3 2860 0.254217 -0.044716
2 2861 0.167102 -0.108195
3 2861 0.182941 -0.044716
3 678 0.198781 -0.044716
2 2862 -0.201156 -0.0982766
3 2862 -0.169478 -0.0506672
3 1066 0.21462 -0.0308299
2 2863 0.21264 -0.0962928
3 2863 0.227687 -0.0312266
2 2864 0.220559 -0.0943091
3 2864 0.236398 -0.0288462
2 2399 0.20274 -0.0923254
3 694 0.175022 -0.0248788
3 2239 0.236398 -0.0169438
2 2865 0.190861 -0.0764556
3 2865 0.2067 -0.0129764
2 2866 0.0205908 -0.0744718
3 2866 0.0403897 -0.0189276
3 2207 0.225509 -0.011654
2 2867 0.0384098 -0.0705044
3 2867 0.0601885 -0.0149601
2 2868 -0.270452 -0.066537
3 2868 -0.236794 -0.0209113
3 2241 0.018611 -0.00980237
2 2869 -0.246694 -0.0625695
3 2869 -0.215016 -0.0169438
2 2870 0.246298 -0.0625695
3 2870 0.264117 0.00289342
3 608 0.139384 -0.00107404
2 2871 0.194821 -0.0546346
3 2871 0.21231 0.0081833
2 2872 -0.181358 -0.0486834
3 2872 -0.153639 -0.00107404
2 711 0.159183 -0.0466997
2 2873 -0.242734 -0.0367811
3 2873 -0.215016 0.00884456
3 2215 0.151263 0.0227306
3 1086 -0.161559 0.0108283
3 1113 -0.246694 0.012812
2 2874 0.139384 -0.0268624
3 2874 0.157203 0.0326493
3 1114 -0.207096 0.0282851
2 2875 0.226499 -0.0149601
3 2875 0.242338 0.0485191
2 2422 -0.220955 -0.0129764
2 2876 0.242338 -0.00107404
3 2876 0.258177 0.0643889
3 1046 0.270056 0.0643889
3 729 0.283916 0.0862098
2 1285 0.311634 0.0941447
2 2877 0.21462 0.115966
3 2877 0.218579 0.181429
2 2878 0.218579 0.121917
3 2878 0.222539 0.18738
3 1088 0.234418 0.205233
2 2879 0.240358 0.145722
3 2879 0.242338 0.213168
2 2880 0.246298 0.147705
3 2880 0.250258 0.215152
2 2881 0.224519 0.15564
3 2881 0.230459 0.221103
2 1115 0.240358 0.15564
2 2882 0.216599 0.175477
3 2882 0.218579 0.24094
2 2883 0.220559 0.193331
3 2883 0.224519 0.258794
2 523 0.268077 0.197298
2 2884 0.232439 0.199282
3 2884 0.234418 0.266729
2 2885 0.224519 0.205233
3 2885 0.228479 0.27268
2 2886 0.246298 0.213168
3 2886 0.248278 0.280615
2 2887 0.18017 -0.209762
3 2887 0.201552 -0.143109
2 2888 0.144532 -0.188338
3 2888 0.163539 -0.124065
2 2889 0.199177 -0.183577
3 2889 0.218183 -0.116923
2 2890 0.211056 -0.181196
3 2890 0.230063 -0.114543
2 2891 0.201552 -0.174055
3 2891 0.220559 -0.107402
2 2892 -0.306882 -0.169294
3 2892 -0.264117 -0.119304
2 1118 0.194425 -0.166913
2 2893 0.203928 -0.166913
3 2893 0.218579 -0.0982766
2 1254 0.213432 -0.164533
3 1060 0.246694 -0.0907383
2 2427 0.206304 -0.155011
3 743 0.234815 -0.0835969
2 2894 0.00435578 -0.140728
3 2894 0.0281144 -0.0835969
2 2895 0.0661282 -0.135967
3 2895 0.087511 -0.0764555
2 1275 -0.226103 -0.128826
3 1098 0.0304903 -0.0716946
3 2230 0.201552 -0.0645532
2 2896 0.173042 -0.121684
3 2896 0.189673 -0.0574118
3 1064 0.0770175 -0.0629002
2 834 0.0304903 -0.116923
3 1095 0.218183 -0.0526508
2 2897 0.0471213 -0.114543
3 2897 0.0685041 -0.0574118
2 2898 0.149283 -0.112163
3 2898 0.165914 -0.0502703
2 2899 0.239566 -0.112163
3 2899 0.256197 -0.0455094
2 2900 -0.261741 -0.109782
3 2900 -0.226103 -0.0621727
2 2901 0.199177 -0.109782
3 2901 0.215808 -0.0455094
2 2902 0.175418 -0.10026
3 2902 0.192049 -0.0359875
2 2903 0.232439 -0.10026
3 2903 0.24907 -0.0336071
3 785 -0.188089 -0.0502703
2 2904 0.199177 -0.0954992
3 2904 0.213432 -0.0288461
3 793 -0.173834 -0.0407485
2 2905 0.199177 -0.0859774
3 2905 0.215808 -0.0217047
3 2240 0.165914 -0.0217047
2 2906 -0.209472 -0.078836
3 2906 -0.178586 -0.0312266
2 2907 0.189673 -0.078836
3 2907 0.206304 -0.0145633
3 2245 -0.218975 -0.0288461
2 781 0.0138592 -0.0764555
2 2908 0.230063 -0.0764555
3 2908 0.246694 -0.00980237
3 799 -0.240754 -0.0288462
2 2909 0.206304 -0.0740751
3 2909 0.222935 -0.00980237
2 862 -0.214224 -0.0716946
2 2910 0.130277 -0.0645532
3 2910 0.146908 -0.00266096
2 2911 -0.24511 -0.0621727
3 2911 -0.214224 -0.0169438
3 2243 0.0637524 -0.00742194
3 2244 0.244318 0.0163828
2 2912 0.144532 -0.038368
3 2912 0.163539 0.0211437
2 1083 0.132652 -0.0312266
2 2913 -0.278372 -0.0264657
3 2913 -0.246694 0.0167795
2 810 -0.218975 -0.0240852
2 2914 0.265701 0.0306656
3 2914 0.279956 0.0973187
3 2291 0.234815 0.10208
2 2915 0.268077 0.0568508
3 2915 0.275204 0.125884
2 2916 0.313218 0.0996992
3 2916 0.320346 0.171113
2 2449 0.213432 0.106841
2 2917 0.213432 0.130645
3 2917 0.218183 0.194918
2 2918 0.227687 0.149689
3 2918 0.232439 0.216342
2 1286 0.241942 0.15207
2 2919 0.218183 0.168733
3 2919 0.222935 0.233006
2 2920 0.246694 0.171113
3 2920 0.251446 0.237766
2 2921 0.215808 0.175874
3 2921 0.218183 0.240147
2 2922 0.234815 0.197298
3 2922 0.23719 0.263952
2 2923 0.225311 0.20444
3 2923 0.227687 0.271093
2 2924 0.246694 0.211581
3 2924 0.24907 0.280615
3 2261 0.205829 -0.148822
3 2262 0.231488 -0.131682
2 2925 0.211531 -0.180244
3 2925 0.225311 -0.112163
2 1289 0.137404 -0.168818
3 2265 0.148808 -0.10026
3 817 0.191574 -0.0945471
3 818 0.157361 -0.0916905
2 2926 0.217233 -0.145965
3 2926 0.234339 -0.0802643
2 2927 0.15451 -0.140252
3 2927 0.171617 -0.0774077
2 1291 0.211531 -0.134539
2 2928 0.240041 -0.128826
3 2928 0.257148 -0.0631249
2 2929 -0.270294 -0.123113
3 2929 -0.233231 -0.0745511
2 2930 0.202978 -0.1174
3 2930 0.220084 -0.0516986
2 2931 0.0119586 -0.114543
3 2931 0.0347668 -0.0574118
2 2932 0.0376179 -0.114543
3 2932 0.0604262 -0.0574118
2 2933 0.148808 -0.111686
3 2933 0.165915 -0.0488421
2 2440 0.174468 -0.10883
2 1292 0.0148096 -0.103117
2 1133 -0.293102 -0.10026
3 2273 0.168766 -0.0374158
2 2934 0.160212 -0.10026
3 2934 0.177319 -0.0374158
3 859 -0.249862 -0.0502703
3 856 -0.187614 -0.0488421
2 2935 0.214382 -0.0974036
3 2935 0.231488 -0.0317027
2 2936 -0.20472 -0.0888339
3 2936 -0.173359 -0.0402723
2 2937 0.20868 -0.0888339
3 2937 0.225786 -0.023133
3 768 0.231488 -0.023133
2 843 0.168766 -0.0859773
2 2938 0.148808 -0.0831208
3 2938 0.165915 -0.0202764
3 1129 0.174468 -0.0145633
3 2280 0.0233627 -0.0117067
2 2939 0.160212 -0.0659814
3 2939 0.177319 -0.00313707
3 1134 0.0632772 -0.00599361
2 2443 -0.20472 -0.0574118
2 2940 -0.00229663 -0.0574118
3 2940 0.0176606 -0.00313707
3 855 0.211531 0.00828922
2 2941 0.120298 -0.0488421
3 2941 0.137404 0.0111458
2 2942 0.228637 -0.0459855
3 2942 0.245743 0.0197154
2 2943 0.134553 -0.0374158
3 2943 0.151659 0.022572
2 1284 -0.190465 -0.0345593
3 1138 0.156411 0.033046
2 2944 0.245743 -0.0288461
3 2944 0.259999 0.0368549
3 1143 -0.244635 0.0168589
2 872 -0.218975 -0.023133
2 2945 -0.196167 -0.023133
3 2945 -0.167657 0.022572
2 2946 0.20868 -0.00885015
3 2946 0.225786 0.0539942
2 1283 0.271403 0.0111458
2 870 0.200127 0.0140024
2 2291 0.222935 0.0397114
2 2947 0.314168 0.102556
3 2947 0.31987 0.171113
2 2948 0.214382 0.105412
3 2948 0.217233 0.171113
3 1144 0.217233 0.18254
2 2949 0.308466 0.119695
3 2949 0.314168 0.191109
2 2950 0.214382 0.131121
3 2950 0.217233 0.196822
2 2951 0.311317 0.133978
3 2951 0.317019 0.202535
2 2952 0.248595 0.148261
3 2952 0.251446 0.216818
2 2953 0.228637 0.151117
3 2953 0.231488 0.216818
2 2954 0.240041 0.162544
3 2954 0.245743 0.228245
2 2437 0.214382 0.176826
3 1116 0.228637 0.24824
2 875 0.194425 0.191109
2 2453 0.26285 0.196822
2 2955 0.245743 0.211105
3 2955 0.248595 0.279663
2 1287 0.200127 -0.199097
2 2455 0.210391 -0.199097
3 2295 -0.234371 -0.144251
2 2956 -0.306217 -0.171674
3 2956 -0.265162 -0.120256
3 878 0.155651 -0.109972
3 2296 0.189863 -0.0894052
2 2957 0.00511609 -0.151107
3 2957 0.0290648 -0.0928331
2 2958 0.200127 -0.151107
3 2958 0.217233 -0.0859773
3 881 0.0872259 -0.0894052
3 2300 -0.189895 -0.0859773
2 2959 -0.210422 -0.13054
3 2959 -0.17621 -0.0802643
2 2960 -0.196737 -0.13054
3 2960 -0.165946 -0.0791216
2 2961 0.227497 -0.13054
3 2961 0.244603 -0.0654101
2 2962 0.00853734 -0.127112
3 2962 0.032486 -0.068838
2 2963 0.0188011 -0.123684
3 2963 0.0427498 -0.0654101
2 2964 0.172757 -0.123684
3 2964 0.189863 -0.0585543
3 888 0.0495922 -0.0619822
2 2965 0.0359073 -0.1134
3 2965 0.0564347 -0.0551265
2 2966 -0.282268 -0.109972
3 2966 -0.241213 -0.0654101
2 2967 0.234339 -0.103117
3 2967 0.248024 -0.0345592
2 1300 0.0256435 -0.0996889
3 1156 0.230918 -0.0345592
2 2968 0.0290648 -0.0894052
3 2968 0.0495922 -0.0311314
3 2312 -0.220686 -0.0242756
3 907 -0.244635 -0.0242756
3 898 0.148808 -0.000280466
3 909 -0.241213 -0.0139919
3 908 -0.17621 -0.0105641
3 902 0.179599 0.013431
3 2316 0.138545 0.0237147
2 916 -0.196737 -0.0242756
3 2286 0.258288 0.0442819
2 2464 0.265131 -0.0105641
3 2321 0.316449 0.164258
2 2969 0.313028 0.099128
3 2969 0.31987 0.171113
2 2970 0.213812 0.105984
3 2970 0.217233 0.171113
3 2322 0.217233 0.181397
2 1296 0.224076 0.133407
3 1169 0.241182 0.229387
2 2971 0.213812 0.177969
3 2971 0.213812 0.243099
2 2972 0.193284 0.188253
3 2972 0.196706 0.253382
2 2973 0.193284 0.201964
3 2973 0.196706 0.267094
2 2974 0.244603 0.20882
3 2974 0.248024 0.277377
2 2975 0.265131 0.20882
3 2975 0.268552 0.277377
4 0 0.236516 -0.12757
2 2976 0.177318 -0.19645
4 2976 0.219329 -0.118004
2 2977 0.147719 -0.18497
4 2977 0.192786 -0.106524
2 2978 0.150583 -0.183056
4 2978 0.194504 -0.106524
2 2979 0.216465 -0.183056
4 2979 0.257522 -0.10461
2 2468 0.212646 -0.178273
2 19 0.125758 -0.162967
2 2980 0.146764 -0.15627
4 2980 0.18973 -0.0797374
4 2695 0.26325 -0.0768674
2 1318 0.1439 -0.152443
4 68 0.0455547 -0.0548643
4 1963 0.083747 -0.0462544
2 2981 0.0264586 -0.114177
4 2981 0.0579672 -0.0424277
4 90 0.0770633 -0.0414711
2 1326 0.146764 -0.11035
4 1985 0.0522384 -0.0290345
4 1972 0.255612 -0.0242513
4 945 0.0560576 -0.013728
4 2705 0.225058 -0.00703143
4 130 0.0646508 -0.00894474
4 2707 0.0656056 -0.00511811
4 1995 0.0417355 0.00827509
4 152 0.0732441 0.00923174
2 183 -0.264757 -0.0539076
4 2713 0.154403 0.0293215
4 955 -0.157819 0.0484547
2 1349 0.261341 0.00540511
2 2982 0.197369 0.014015
4 2982 0.230596 0.0851903
2 2484 0.181328 -0.205251
2 2485 0.204243 -0.189179
2 2983 0.215701 -0.189179
4 2983 0.257407 -0.111116
4 2013 0.248928 -0.104228
2 2984 0.215701 -0.182291
4 2984 0.258095 -0.104228
2 2985 0.21341 -0.177699
4 2985 0.254657 -0.100784
2 2486 0.146955 -0.170811
4 2730 0.267261 -0.082416
4 227 0.220284 -0.082416
2 14 0.208827 -0.158183
2 2986 0.142372 -0.152443
4 2986 0.185911 -0.075528
4 2022 0.0667514 -0.0629002
4 301 -0.226565 -0.0606042
2 2987 -0.272396 -0.128336
4 2987 -0.223128 -0.0560122
4 307 -0.204795 -0.0537163
2 2988 0.019775 -0.123744
4 2988 0.0495649 -0.0525683
4 2025 0.262907 -0.0381036
4 321 -0.225419 -0.0410884
4 2745 0.28101 -0.0296085
4 310 0.0415445 -0.0204246
4 574 0.25924 -0.0123887
4 2355 0.054148 -0.0112407
2 2989 0.0369615 -0.078972
4 2989 0.0644599 -0.00894474
4 1006 0.0381072 0.00712714
4 953 -0.230384 0.00731843
2 504 -0.184172 -0.0468283
4 512 -0.202504 0.0323829
2 495 0.238616 -0.00664874
2 2500 0.246637 -0.000908798
4 180 0.308126 0.0761977
2 2990 0.263823 0.00827509
4 2990 0.298578 0.0800244
2 2991 0.183161 -0.211679
4 2991 0.227159 -0.131779
4 2071 0.246637 -0.111116
2 2992 0.216159 -0.181373
4 2992 0.257407 -0.10285
4 2781 0.254657 -0.101473
2 2993 0.12679 -0.163464
4 2993 0.169412 -0.0863192
4 2782 0.267032 -0.0821864
4 2785 0.229909 -0.0780536
2 2994 0.173537 -0.152443
4 2994 0.218909 -0.0752985
4 2087 -0.171568 -0.0752985
4 2790 0.278031 -0.0408588
4 448 0.0484192 -0.0229502
2 438 0.172162 -0.0904519
4 2804 -0.23069 -0.0119295
2 2995 0.0250455 -0.0780536
4 2995 0.0539188 -0.00779674
4 470 0.0649182 0.000468791
2 2996 -0.273312 -0.0629002
4 2996 -0.230002 0.00712714
2 2997 -0.243064 -0.036726
4 2997 -0.203191 0.0321533
2 519 -0.226565 -0.0119295
2 1044 0.21341 -0.00917433
4 2128 0.308508 0.0794504
2 360 0.283531 0.0280205
2 2998 0.144664 -0.190189
4 2998 0.188661 -0.112493
2 2 0.147963 -0.18523
4 2131 0.253282 -0.105605
2 2186 0.20406 -0.160433
2 537 0.141364 -0.153821
4 2137 0.0357699 -0.0794312
2 2999 -0.215016 -0.147208
4 2999 -0.169478 -0.0744718
4 1033 0.0374198 -0.0629002
4 586 -0.228215 -0.059594
4 1063 0.0390697 -0.0562878
4 1032 0.21231 -0.0463691
2 3000 0.169412 -0.112493
4 3000 0.21066 -0.0364505
4 1261 -0.215016 -0.0397567
4 2832 0.0489691 -0.0314912
2 3001 0.169412 -0.0992684
4 3001 0.21066 -0.0248788
2 2521 0.187561 -0.0959622
4 2838 -0.178718 -0.0199194
4 455 0.0621684 -0.013307
4 583 0.245308 -0.0100008
4 2163 -0.231515 -0.011654
4 622 -0.208416 -0.0083477
4 602 0.0423695 -0.0050415
4 595 0.192841 -0.00305777
2 604 0.195811 -0.0546346
2 504 -0.185317 -0.0463691
4 2845 0.161163 0.0412454
2 643 -0.218315 -0.0199194
4 648 -0.182018 0.0577764
2 3002 0.250258 -0.00338843
4 3002 0.286555 0.0693481
2 498 0.243658 -8.22329e-05
2 629 0.246958 -8.22329e-05
4 2181 0.244318 -0.11613
2 3003 -0.30609 -0.169691
4 3003 -0.258573 -0.0962928
4 1029 0.258507 -0.0827374
2 3004 0.196801 -0.157788
4 3004 0.240358 -0.0810843
2 2514 0.184921 -0.155805
2 3005 0.230459 -0.155805
4 3005 0.268406 -0.0794312
2 662 0.141364 -0.153821
4 686 -0.173768 -0.0662064
2 668 0.21066 -0.135967
4 1061 0.262137 -0.0605858
4 2190 0.220559 -0.058602
2 3006 -0.286291 -0.132
4 3006 -0.236794 -0.0605858
4 692 -0.193237 -0.058602
2 3007 -0.195217 -0.128032
4 3007 -0.151659 -0.0566183
4 1257 0.228479 -0.0486834
2 3008 -0.272432 -0.122081
4 3008 -0.222935 -0.0506672
2 2551 0.184921 -0.080423
4 721 -0.234814 0.00289342
4 2869 -0.205116 0.00686083
4 2873 -0.205116 0.0326493
4 1087 0.301735 0.100096
2 3009 0.201552 -0.195479
4 3009 0.244318 -0.116923
4 739 0.251446 -0.0931188
4 2893 0.246694 -0.0907383
2 741 0.127901 -0.164533
4 2427 0.248278 -0.0784393
4 2894 0.035242 -0.0693141
4 1100 -0.235606 -0.0621727
2 3010 -0.192841 -0.133587
4 3010 -0.152451 -0.0621727
4 2238 -0.214224 -0.0478899
4 834 0.0613765 -0.0455094
4 1105 -0.226103 -0.0407485
4 2237 0.234815 -0.0217047
2 3011 0.220559 -0.0835969
4 3011 0.262137 -0.00900897
4 2245 -0.209472 -0.00742194
4 2910 0.161163 0.00686089
4 2911 -0.20472 0.00686089
4 2251 0.241942 0.0616117
4 1085 0.279956 0.0687531
4 2253 0.296587 0.0711336
4 729 0.301339 0.0901773
4 2925 0.254297 -0.103117
2 3012 0.202978 -0.177387
4 3012 0.245743 -0.10026
4 816 0.205829 -0.0974036
4 2267 0.242892 -0.0745511
2 2559 0.00340546 -0.140252
4 2929 -0.221826 -0.0516986
4 1121 0.211531 -0.0488421
4 829 0.26285 -0.0431289
2 3013 -0.298804 -0.111686
4 3013 -0.250337 -0.0402723
4 854 -0.218975 -0.0374158
2 830 0.200127 -0.10883
4 1127 0.206304 -0.0312266
4 1292 0.0433199 -0.0317027
4 2277 0.0433199 -0.023133
4 843 0.211531 -0.0117067
4 2280 0.0290648 0.00257608
2 3014 0.0262137 -0.0631249
4 3014 0.0518731 0.00828922
4 869 -0.201869 0.0311417
2 1565 0.114596 -0.0345593
4 2284 0.15451 0.0368549
2 1535 0.254297 -0.0345593
4 1142 -0.167657 0.0397114
2 1541 -0.218975 -0.0145633
4 867 0.29136 0.0711336
4 1283 0.30609 0.0830359
2 3015 0.268552 0.0197154
4 3015 0.302764 0.0911296
2 3016 0.200127 -0.17853
4 3016 0.244603 -0.0996889
4 1150 0.0530135 -0.0996889
2 3017 -0.306217 -0.161391
4 3017 -0.25832 -0.0894052
2 3018 0.138545 -0.154535
4 3018 0.179599 -0.0791216
4 881 0.0940684 -0.0756937
4 884 0.0940684 -0.0619822
4 2961 0.268552 -0.0551265
2 2459 -0.207001 -0.123684
4 886 0.213812 -0.0345592
4 901 -0.244635 -0.0288461
4 1159 0.183021 -0.0105641
4 909 -0.234371 0.0100032
2 912 -0.268583 -0.0448428
4 2318 -0.172789 0.0271426
4 2319 -0.169367 0.0374261
2 2576 -0.196737 -0.0311314
2 3019 -0.278847 -0.0277035
4 3019 -0.241213 0.040854
4 916 -0.159104 0.0442819
5 2684 0.224103 -0.128527
5 101 -0.25139 -0.0395578
5 936 0.0388711 -0.0433844
5 1987 -0.22561 -0.0185113
5 1175 0.0436451 -0.0366878
5 90 0.063696 -0.0357311
2 3020 -0.264757 -0.10748
5 3020 -0.230384 -0.0108581
2 3021 0.229832 -0.105567
5 3021 0.26707 -0.0338178
5 73 0.271844 -0.0290345
5 2704 0.0302778 -0.00607477
5 2705 0.218375 -0.00894474
5 2706 0.2432 -0.00798808
5 947 0.0235942 0.0034918
5 144 0.0503287 0.00636177
5 2713 0.14199 0.0302782
2 2585 -0.27526 -0.0357311
2 1181 0.249883 -0.000334827
5 2982 0.224103 0.0819377
5 2008 0.23938 -0.12757
5 2727 0.181137 -0.10748
5 2734 -0.176915 -0.0405144
5 285 0.0512836 -0.0366878
5 292 0.0289411 -0.0284605
5 2749 0.0335242 -0.0158326
5 310 0.0255038 -0.0123887
5 2355 0.039253 -0.00435274
5 2753 0.219138 -0.00894474
5 2051 0.0551028 0.00444846
2 140 0.196223 -0.0560122
5 367 -0.1899 0.0725624
5 495 0.269552 0.0599346
2 3022 0.143289 -0.191016
5 3022 0.177318 -0.11322
5 993 0.196223 -0.0961918
5 381 0.174912 -0.0890743
2 3023 0.229909 -0.155198
5 3023 0.255803 -0.083564
5 2785 0.221659 -0.0794312
5 396 0.209285 -0.060145
2 3024 -0.285687 -0.131779
5 3024 -0.251314 -0.0331443
5 2789 -0.228215 -0.0331443
5 552 0.0225707 -0.0513284
5 2107 -0.238939 -0.0160623
2 1704 0.168037 -0.106983
5 452 0.0250455 -0.0133071
5 2803 -0.245814 0.0101119
5 470 0.0497941 0.00597914
2 2366 -0.204566 -0.0229502
5 981 0.223034 0.0817464
5 2998 0.177891 -0.112264
5 532 0.187561 -0.092656
5 2825 0.20736 -0.0794312
5 998 0.0662931 -0.0408588
5 1038 0.0291703 -0.028185
5 2198 0.242338 -0.0328136
5 2834 0.250258 -0.028185
2 3025 0.167762 -0.0876967
5 3025 0.198781 -0.0149601
5 1040 0.0484192 0.000468791
5 626 -0.243064 0.0247144
5 2159 0.0192709 0.0048771
2 1477 -0.00382782 -0.0645532
5 1009 0.179037 0.0238877
5 642 -0.216666 0.0726543
5 1027 0.238708 -0.125718
2 3026 0.145324 -0.149853
5 3026 0.178982 -0.0724881
5 2858 0.0186109 -0.0566183
5 696 0.03445 -0.0189276
2 3027 -0.216995 -0.0903416
5 3027 -0.193237 0.00289342
2 3028 0.03445 -0.0784393
5 3028 0.0463293 -0.00107404
5 2869 -0.218975 0.0326493
5 2217 -0.163539 0.0425679
5 2873 -0.215016 0.0584377
5 2221 -0.216995 0.0723237
5 736 0.206304 -0.126445
5 2892 -0.275996 -0.068838
5 741 0.161163 -0.0859774
2 819 0.175418 -0.152631
5 686 -0.189277 -0.044716
5 3010 -0.166706 -0.0407485
5 1275 -0.193237 -0.0347974
5 770 -0.166706 -0.0359875
5 1124 0.20868 -0.0431289
5 771 0.0281144 -0.0264657
5 785 -0.195217 -0.00504145
5 1102 0.0257386 -0.0145633
2 788 0.00910752 -0.0693141
5 1110 -0.16433 0.0425679
5 1085 0.272828 0.0616117
5 2294 0.177794 -0.109782
5 3012 0.234339 -0.103117
5 1289 0.171617 -0.0916905
2 820 0.225786 -0.143109
5 2929 -0.236082 -0.0259896
5 2270 0.0613765 -0.0407485
5 2276 -0.238933 -0.0145633
5 2933 0.18017 -0.0374158
5 830 0.234339 -0.0374158
5 3014 0.0376179 0.0140024
5 866 -0.247486 0.0368549
5 1141 -0.181912 0.0425679
2 2565 0.140255 -0.0374158
5 1284 -0.172789 0.0545656
5 3015 0.294211 0.0825599
5 3016 0.230918 -0.103117
5 1150 0.032486 -0.0928331
2 880 0.128281 -0.164819
5 822 0.183021 -0.068838
5 2959 -0.186474 -0.0379871
5 2960 -0.169367 -0.0379871
5 2962 0.0222223 -0.0482707
2 2569 0.183021 -0.1134
5 2302 0.234339 -0.0379871
2 3029 0.155651 -0.068838
5 3029 0.183021 0.00314742
5 908 -0.179061 0.0339983
5 912 -0.241213 0.0511377
5 2318 -0.186474 0.0511377
6 2009 0.197461 -0.196802
2 3030 0.146764 -0.186883
6 3030 0.176363 -0.171576
6 236 0.212035 -0.131779
6 34 0.245109 -0.13905
2 3031 -0.207469 -0.137137
6 3031 -0.242797 -0.052951
6 108 -0.272396 -0.0410884
2 3032 -0.268576 -0.129484
6 3032 -0.310206 -0.0342004
6 1970 -0.257119 -0.0424277
6 102 -0.248526 -0.044341
6 1953 0.219329 -0.108437
6 939 0.0111817 -0.0816507
6 944 -0.292447 -0.0185113
6 1175 0.00258845 -0.0759107
6 320 -0.321091 -0.00894474
6 137 -0.306769 -0.00894474
6 86 0.214785 -0.0849416
6 1985 -0.00428614 -0.0617522
6 162 -0.291492 0.0187983
6 170 -0.247571 0.0264516
6 949 -0.0126884 -0.019468
2 2482 -0.207469 -0.0319045
6 191 -0.236113 0.0695011
6 196 -0.244897 0.0748584
6 193 -0.238977 0.0733278
6 200 -0.24146 0.0771544
6 204 -0.237068 0.078111
2 1355 0.224103 0.128814
2 19 0.126331 -0.162775
6 227 0.21231 -0.147208
6 2031 -0.257501 -0.0422364
6 264 -0.0134523 -0.0881559
6 935 -0.0214726 -0.0858599
6 316 -0.298061 -0.0160623
6 270 0.220284 -0.0904519
6 314 0.00831731 -0.0433844
2 1012 0.116019 -0.0307565
6 2767 0.38665 0.164402
6 2992 0.245033 -0.175862
6 2087 -0.252963 -0.0662064
6 233 0.247783 -0.138667
6 2101 -0.294211 -0.0215726
2 1708 0.187286 -0.0959622
6 2118 -0.018677 -0.0232256
6 634 -0.294211 0.067695
6 1012 0.105066 -0.00338843
6 2366 -0.23069 0.076236
6 1230 -0.223265 0.0759606
6 2811 -0.244714 0.0941447
6 2075 0.152913 -0.144178
2 2530 0.227159 -0.15878
6 3000 0.20472 -0.0943091
6 1034 0.21462 -0.0943091
6 455 0.00607162 -0.044716
6 2163 -0.31599 0.0227306
6 607 0.00442172 -0.028185
6 702 0.184921 -0.0407485
6 1045 -0.241414 0.0379392
6 514 -0.228215 0.0726543
6 2172 0.138064 -8.22329e-05
6 2170 0.258573 -0.00980237
6 2183 0.20472 -0.165723
6 668 0.242338 -0.128032
2 1281 -0.266493 -0.112163
2 1096 0.184921 -0.112163
6 696 -0.0051477 -0.0566183
2 3033 -0.276392 -0.0863742
6 3033 -0.321137 0.0187633
6 2869 -0.2855 0.0401875
6 2228 0.173042 -0.131206
6 2895 0.0404689 -0.10883
6 1100 -0.327315 -0.0345593
6 1070 -0.254613 -0.0455094
6 786 -0.0194029 -0.0240852
2 3034 0.125525 -0.0336071
6 3034 0.120298 -0.00599361
6 807 -0.233231 0.068277
6 2913 -0.324464 0.088273
2 2635 -0.218975 -0.0145633
6 2222 0.220559 0.0263674
6 2265 0.155651 -0.144251
6 2559 -0.0290963 -0.0996889
2 3035 0.0661283 -0.140252
6 3035 0.0393285 -0.109972
6 1125 -0.0194028 -0.0888339
2 3036 -0.250337 -0.0774077
6 3036 -0.292532 0.0237147
6 2945 -0.224107 0.0751328
2 877 0.210391 -0.171674
6 2957 -0.0325176 -0.1134
2 1774 0.217233 -0.147679
6 822 0.189863 -0.127112
6 2959 -0.251477 -0.0482707
6 2962 -0.0188326 -0.0859773
2 3037 -0.145419 -0.068838
6 3037 -0.193316 0.00828922
7 57 -0.00316783 -0.106211
7 936 0.0169105 -0.0979138
7 75 0.0207298 -0.0969572
7 1964 0.0264586 -0.0960005
7 1966 0.0207298 -0.0988705
7 2981 0.0235942 -0.0902606
7 2704 0.0121365 -0.0548643
7 129 0.0264586 -0.0548643
7 2003 -0.191046 0.0725624
7 196 -0.199067 0.0805984
7 193 -0.193147 0.0800244
7 200 -0.195056 0.083851
7 198 0.326268 -0.0032048
7 76 0.0358157 -0.0984878
7 81 0.0381072 -0.0973398
7 449 0.0181709 -0.0684105
7 330 0.0321874 -0.0433844
7 2064 -0.192192 0.0752411
7 2993 0.186866 -0.17062
7 411 0.242008 -0.127371
7 458 0.00717154 -0.0518795
7 365 -0.192192 0.0858792
7 516 -0.196867 0.0908385
7 2811 -0.196867 0.100757
7 2137 -0.017027 -0.124065
7 1036 0.0275204 -0.0943091
7 3000 0.234418 -0.126049
2 2524 0.0143212 -0.0629002
2 3038 -0.226565 -0.011654
7 3038 -0.205116 0.10208
7 1014 0.246958 -8.22329e-05
7 2197 0.03445 -0.0943091
7 1096 0.256197 -0.131206
7 2212 0.000791953 -0.0367811
7 2872 -0.190465 0.0425679
7 2255 -0.199177 0.0822423
7 2895 0.0564347 -0.123684
7 757 0.0148096 -0.10026
7 810 -0.197593 0.0877968
2 3039 -0.226103 -0.0121829
7 3039 -0.20472 0.0996992
7 824 0.0530135 -0.133968
7 2957 -0.0154114 -0.123684
7 891 -0.282268 -0.0174198
2 3040 0.265131 0.0305704
7 3040 0.244318 -0.0109926
2 3041 0.019775 -0.140007
8 3041 0.0112963 -0.122136
8 1964 0.00354326 -0.100784
8 55 0.283301 -0.142877
8 1175 0.00258845 -0.0969572
8 134 0.000296922 -0.0560122
8 141 -0.0193721 -0.047211
8 170 -0.235731 0.0289389
8 181 -0.213962 0.0438627
8 165 0.123849 -0.0347745
8 2003 -0.215566 0.0693481
8 364 -0.236189 0.0872567
8 213 -0.220836 0.0989662
2 3042 -0.272396 -0.118004
8 3042 -0.289261 -0.0166132
8 285 0.00927209 -0.0969572
8 2749 -0.00795259 -0.0725433
8 1012 0.104791 -0.0298381
8 2761 0.265701 -0.0478899
8 984 -0.221065 0.0982774
8 410 0.215701 -0.132927
8 411 0.220559 -0.13233
8 504 -0.216253 0.0438627
8 2811 -0.221615 0.0974509
2 3043 -0.233165 -0.153821
8 3043 0.171617 -0.10026
8 1010 0.130914 -0.0449916
8 648 -0.222935 0.0981121
2 3044 -0.274412 -0.0824068
8 3044 -0.307357 0.0311417
8 3028 -0.00118794 -0.0566183
8 1077 -0.0217787 -0.0431289
8 714 0.101766 -0.0308299
8 809 -0.238933 0.0854164
2 3045 -0.218975 -0.0209113
8 3045 -0.220955 0.0862098
2 2539 -0.226895 -0.0129764
2 3046 0.196801 0.012812
8 3046 0.218579 -0.00900897
2 3047 -0.188089 -0.0407485
8 3047 -0.209472 0.0520898
8 3039 -0.230379 0.0996992
8 817 0.220084 -0.183101
8 824 0.0319158 -0.137395
8 839 -0.238933 -0.0545552
8 2931 -0.0222539 -0.0916905
8 1127 0.238158 -0.124892
8 869 -0.275426 0.0751328
9 203 0.00167184 -0.272293
9 2723 -0.0422111 -0.408769
9 1186 -0.0136433 -0.348558
9 2986 -0.0203269 -0.332295
9 334 -0.192192 0.0656745
2 3048 0.268406 0.0312349
9 3048 0.000791953 -0.272844
9 2776 -0.31005 -0.0209113
9 993 -0.0194028 -0.337355
9 482 -0.136295 -0.223092
9 1057 -0.0117336 -0.338991
9 505 -0.133444 -0.197383
9 2849 -0.30631 -0.0353484
2 2499 0.306354 0.135472
9 1047 -0.116021 -0.2173
2 3049 0.151659 -0.10026
9 3049 -0.080415 -0.343068
2 3050 -0.199968 -0.0978797
9 3050 -0.0165077 -0.342818
9 2249 -0.0162021 -0.338417
9 1134 -0.118049 -0.247088
9 2951 0.224076 -0.247088
10 1986 0.0277953 -0.340713
10 320 0.0289411 -0.347601
10 156 -0.0209868 -0.270861
10 1983 0.0130913 -0.367691
10 2982 -0.030807 -0.243088
10 329 0.0110213 -0.289375
10 2359 -0.197593 -0.159772
10 504 0.0323784 -0.267242
2 3051 0.169412 -0.135912
10 3051 -0.0455338 -0.343009
10 457 0.0258705 -0.35054
10 504 0.0319201 -0.266783
10 1081 0.0530022 -0.343009
10 2366 -0.166412 0.080981
10 2144 -0.0157438 -0.359081
2 3052 0.134764 -0.0364505
10 3052 0.054148 -0.342818
2 3053 0.198781 -0.183577
10 3053 -0.214191 -0.162086
2 3054 -0.207096 -0.135967
10 3054 -0.0203269 -0.357704
2 3055 0.157203 -0.0764556
10 3055 -0.052665 -0.282763
10 2942 0.0305452 -0.343928
10 2966 0.0236706 -0.335662
10 901 0.0106914 -0.3026
11 137 0.305694 -0.181593
2 3056 0.240335 0.197693
11 3056 0.258782 -0.134535
11 235 -0.0566095 -0.221323
11 91 -0.169478 -0.171674
11 341 -0.0784035 -0.171674
11 984 -0.203136 0.0147958
11 390 -0.0569914 -0.221323
11 2793 0.0617864 -0.297855
11 532 -0.0564663 -0.22652
11 2154 -0.188617 -0.133984
11 3052 -0.0714739 -0.18523
11 2499 0.294211 -0.185957
11 2193 -0.0849481 -0.174485
11 3055 -0.00989941 -0.25261
11 3046 0.0262137 -0.194527
11 1087 -0.0803834 -0.191512
11 714 -0.0769938 -0.171674
11 825 0.0805006 -0.303978
11 851 -0.189277 -0.133984
11 855 0.03412 -0.246395
2 3057 0.200127 0.013431
11 3057 0.0256435 -0.195669
11 3040 0.0209868 -0.20024
12 75 -0.0184173 -0.14479
2 3058 0.0302778 -0.086434
12 3058 0.105707 -0.161053
12 119 0.184536 -0.192393
2 3059 0.151538 -0.0870079
12 3059 0.114415 -0.170352
12 180 0.206535 -0.151295
12 384 0.105707 -0.160479
12 393 0.202978 -0.265941
12 300 0.107753 -0.164819
12 427 -0.0107024 -0.144178
12 516 0.192511 -0.322437
12 981 -0.105572 0.0845016
12 1059 -0.0623384 -0.152443
12 1031 0.106166 -0.160709
12 2825 -0.0336942 -0.148617
12 595 0.145324 -0.177626
12 657 0.106518 -0.162152
12 690 -0.0269265 -0.124065
12 754 -0.0203269 -0.109187
12 2928 0.159183 -0.221267
12 2576 0.0661282 -0.109782
13 15 0.123215 -0.274497
13 43 0.166112 -0.27615
13 971 0.147719 -0.218453
2 3060 -0.216062 -0.0893039
13 3060 0.146039 -0.173107
13 91 0.156213 -0.216639
13 262 0.151263 -0.226557
13 2026 0.152684 -0.222471
13 421 -0.0718864 -0.109394
13 1704 0.143014 -0.216639
13 2123 0.0443494 -0.143902
13 646 -0.182018 -0.0199194
13 2256 0.0242206 -0.129024
13 2919 -0.204566 0.0569498
13 2930 0.137404 -0.23317
13 2934 0.163912 -0.215812
2 3061 0.228877 0.19291
14 3061 0.363505 -0.0456803
2 3062 0.179037 -0.190327
14 3062 0.360801 -0.0298381
14 276 0.365091 -0.0407485
14 278 -0.0844898 -0.146703
14 76 0.363111 -0.0347974
14 2032 -0.0753237 -0.145555
14 330 0.363505 -0.0342004
14 2759 -0.190282 0.0761977
2 3063 0.246637 0.213765
14 3063 0.367324 -0.0663442
14 190 0.165122 -0.149853
14 2813 0.175022 -0.14787
14 2138 0.0999787 -0.276426
14 2833 0.144532 -0.266893
2 3064 0.0225707 -0.0744719
14 3064 0.0209207 -0.148311
2 3065 0.275006 0.0263674
14 3065 0.165914 -0.15025
2 3066 0.226499 -0.0466997
14 3066 0.110482 -0.19071
14 1083 0.0233627 -0.114543
14 1083 0.0162351 -0.112163
14 851 -0.109422 -0.0943091
2 3067 0.194425 0.196822
14 3067 0.365487 -0.0502703
15 318 -0.385827 -0.0330524
15 153 0.304307 -0.00894474
2 3068 -0.213198 -0.0873906
15 3068 0.304704 -0.0083477
15 2704 -0.121536 -0.1247
15 200 -0.317272 0.0494113
15 205 -0.321664 0.0553426
15 175 0.122665 -0.120759
15 956 0.343454 0.0187983
15 2044 -0.386056 -0.0325933
15 1012 -0.00199461 -0.106524
15 1017 -0.333809 0.0577764
15 450 -0.354509 -0.0644308
15 1002 -0.388806 -0.036726
15 2121 0.00607162 -0.122412
15 1012 -0.00382782 -0.107534
15 2123 0.0163377 -0.113412
15 529 0.0800423 -0.277804
15 564 -0.123941 -0.169294
15 3001 0.0978063 -0.197463
15 1040 -0.106122 -0.124065
2 3069 0.283256 0.0280206
15 3069 0.192511 -0.105881
15 362 0.189211 -0.100921
15 1071 -0.333017 -0.0802643
15 1067 -0.102822 -0.163739
15 2212 -0.130593 -0.105973
15 1083 0.018611 -0.112163
15 654 0.0604262 -0.271654
15 3034 0.0062565 -0.111686
15 1083 0.0176606 -0.111686
15 810 -0.318762 0.0520898
15 2265 0.0495922 -0.253943
15 2926 0.134553 -0.263084
15 1125 -0.141997 -0.175102
15 2945 -0.302796 0.040854
15 1541 -0.321613 0.0625639
15 1151 0.0666984 -0.247088
15 2316 0.00169483 -0.109972
2 3070 0.128623 -0.16201
16 3070 0.052269 -0.243088
2 3071 -0.238977 -0.13618
16 3071 -0.371695 -0.0921739
16 92 -0.0957566 -0.160097
16 1967 0.119457 -0.197215
16 93 0.124804 -0.188796
16 2704 -0.107214 -0.1247
16 949 -0.108169 -0.100784
16 181 0.337702 0.0379392
16 954 -0.305623 -0.00779674
16 196 -0.323955 0.0289389
16 193 -0.318226 0.0274082
16 200 -0.320136 0.0321915
16 921 0.108572 -0.311248
16 2985 0.131464 -0.284747
16 264 -0.112722 -0.170352
16 249 0.151538 -0.22821
16 1017 -0.337109 0.0379392
16 2991 0.103798 -0.315075
16 993 0.0882918 -0.266783
16 384 0.103746 -0.254991
16 432 -0.353058 -0.10285
16 411 0.110016 -0.201761
16 469 -0.0896228 -0.112493
16 1008 -0.0747737 -0.105881
16 2121 0.0225707 -0.114146
16 1012 0.00992138 -0.100095
2 511 -0.200441 -0.0298381
2 3072 -0.203191 -0.0270829
16 3072 -0.31566 0.0230612
16 559 -0.0962225 -0.170352
16 1032 0.101766 -0.211349
16 3000 0.103746 -0.20143
2 3073 0.184261 -0.102575
16 3073 0.123545 -0.193495
16 702 0.085927 -0.145886
16 1027 0.12404 -0.309488
16 2858 -0.133444 -0.178816
16 580 -0.353608 -0.0893498
16 3007 -0.329849 -0.10026
16 677 0.189673 -0.212142
16 1077 -0.114437 -0.107402
16 2213 -0.110082 -0.102244
16 1046 0.185911 -0.109738
16 725 0.190861 -0.110179
16 1070 -0.3544 -0.0907383
16 834 -0.0954305 -0.164533
16 2240 -0.129175 -0.169663
16 3039 -0.330166 0.0511377
16 2265 0.0530135 -0.24366
16 821 0.0718303 -0.234519
16 820 0.145387 -0.250515
16 2559 -0.135155 -0.181958
16 1125 -0.124891 -0.171674
16 847 -0.34252 -0.0859774
16 830 0.137404 -0.205953
16 2284 0.0222223 -0.106545
16 1541 -0.326745 0.0442819
17 2685 0.0875662 -0.243326
17 11 0.163951 -0.226106
17 113 -0.378952 -0.0640482
17 1953 0.134352 -0.17923
17 939 -0.064248 -0.140007
17 55 0.128623 -0.173107
17 56 0.157267 -0.175403
17 131 -0.394993 -0.0410884
17 122 -0.0730322 -0.10308
17 169 -0.380556 0.000468791
2 3074 0.00831729 -0.0701708
17 3074 -0.0919373 -0.0816507
2 345 -0.208424 -0.0663442
17 952 0.0323784 -0.0697881
17 200 -0.298175 0.0388881
17 201 -0.293401 0.0369748
17 211 -0.33885 0.0599346
2 165 0.275663 0.00827509
17 1170 0.206535 -0.250022
17 408 -0.100072 -0.148311
17 302 -0.342058 -0.076676
17 249 0.168725 -0.189179
17 2037 0.0922627 -0.152631
17 449 -0.0753237 -0.112264
2 3075 0.0163377 -0.0847119
17 3075 -0.0821983 -0.0984878
17 2051 -0.0594739 -0.0921739
17 332 -0.063866 -0.0858599
17 335 -0.0867814 -0.075528
17 353 -0.280416 0.00253514
17 370 -0.339308 0.059705
17 985 0.324778 0.0665929
17 2081 0.165287 -0.206169
17 432 -0.324184 -0.093207
17 447 -0.356907 -0.0662064
17 560 0.12129 -0.160709
17 434 0.118265 -0.143902
17 445 0.162813 -0.133984
17 1008 -0.0500251 -0.0794312
17 2382 -0.303561 0.000468791
17 506 -0.281562 0.00322397
17 2385 -0.339308 0.0514395
17 518 -0.338758 0.0594295
17 981 0.141914 -0.0463692
17 2813 0.218909 -0.0463692
17 2815 0.309654 0.0577764
2 3076 0.180962 -0.20672
17 3076 0.122665 -0.265405
17 1030 0.0898868 -0.213333
17 550 0.129485 -0.175642
17 3000 0.121565 -0.165723
17 3001 0.121565 -0.151837
17 455 -0.0681741 -0.102575
17 622 -0.357567 -0.0129764
17 595 0.0946386 -0.125969
17 1477 -0.104934 -0.0716946
17 1045 -0.30411 -8.22329e-05
2 3077 0.139714 -0.0265319
17 3077 0.0601885 -0.0705044
17 362 0.222539 -0.0506672
17 1029 0.161163 -0.225235
17 2200 -0.0566248 -0.13729
17 678 0.137404 -0.164533
17 2213 -0.0843431 -0.0764556
17 1083 0.052269 -0.0744718
17 2255 -0.30411 0.0366167
17 3046 0.142156 -0.0478899
17 2886 0.311317 0.131121
17 1093 0.13978 -0.214523
17 743 0.158787 -0.214523
17 1070 -0.325889 -0.080423
17 771 -0.0878277 -0.120256
17 1102 -0.085927 -0.107402
17 797 0.0601885 -0.0744718
17 810 -0.302131 0.0425679
17 823 0.165915 -0.20024
17 2928 0.186442 -0.199097
17 830 0.15451 -0.168818
17 2277 -0.0906787 -0.10883
2 3078 0.0119586 -0.0716946
17 3078 -0.0872575 -0.0825495
17 1134 -0.0564663 -0.0831208
17 2285 0.0518731 -0.0716946
17 2945 -0.282268 0.0339983
17 1147 0.111175 -0.260799
17 2957 -0.111206 -0.168246
17 822 0.104332 -0.195669
17 892 -0.326745 -0.0825495
17 2308 -0.316481 -0.0379871
17 3037 -0.265162 -0.0345592
2 3079 -0.217265 -0.0277035
17 3079 -0.302796 0.0374261
4 2687 0.192595 -0.106524
4 2686 0.247019 -0.105567
3 3080 -0.181689 -0.102697
4 3080 -0.170231 -0.0816507
3 3081 -0.200785 -0.077824
4 3081 -0.188373 -0.0558209
4 2035 -0.229429 -0.052951
3 3082 -0.216062 -0.0739974
4 3082 -0.20365 -0.0514203
3 3083 -0.238023 -0.0720841
4 3083 -0.228475 -0.050081
4 45 0.213601 -0.0586909
3 3084 0.0407807 -0.0682575
4 3084 0.0493739 -0.052951
3 3085 0.0522384 -0.0673008
4 3085 0.0598768 -0.0519943
4 316 -0.217017 -0.0395578
3 3086 -0.248526 -0.0625175
4 3086 -0.238023 -0.0386011
3 3087 0.198324 -0.0606042
4 3087 0.223149 -0.0491243
4 142 -0.179779 -0.0290345
3 1325 0.166815 -0.0491243
4 970 0.246637 -0.0307565
3 3088 0.221239 -0.0386011
4 3088 0.247783 -0.0284605
3 1993 0.0684701 -0.013728
4 2706 0.249883 -0.00416145
4 147 0.0722893 0.00444846
3 3089 0.162996 -0.000334827
4 3089 0.179037 0.0105711
3 201 -0.180734 0.019755
3 3090 0.221239 0.188127
4 3090 0.282156 0.196086
4 2769 0.281392 0.245526
3 3091 0.208827 -0.136371
4 3091 0.234033 -0.123744
3 2013 0.226013 -0.115708
3 3092 0.157267 -0.107672
4 3092 0.18362 -0.0950439
3 2486 0.167579 -0.106524
3 2695 0.240908 -0.0870079
4 1187 0.266115 -0.0709361
4 1196 -0.232294 -0.0548643
3 3093 0.0300869 -0.073232
4 3093 0.0381072 -0.0583082
3 3094 0.0449819 -0.0651962
4 3094 0.0530022 -0.0502723
3 3095 0.198515 -0.0606042
4 3095 0.222576 -0.0491243
4 2740 0.185911 -0.0353484
3 3096 0.220284 -0.0445323
4 3096 0.247783 -0.0342004
4 479 -0.17386 -0.0181286
3 1439 0.188203 -0.0204246
3 330 0.0610226 -0.00779674
4 2364 -0.170422 0.0438627
4 2778 0.306217 0.288384
3 525 0.196911 -0.138667
4 2392 0.184536 -0.0987174
3 376 0.221659 -0.100095
3 1426 0.238158 -0.083564
4 1185 0.402461 -0.077824
4 454 -0.22519 -0.0491243
3 994 0.185911 -0.0725433
3 1001 -0.237564 -0.0684105
3 1038 0.0387947 -0.0505019
3 3097 -0.182567 -0.0477467
4 3097 -0.175693 -0.0257053
3 1473 0.19966 -0.0353484
4 627 -0.211441 0.000468791
3 592 0.21066 -0.00917433
3 2126 -0.23344 0.00735673
3 3098 0.151538 0.0225101
4 3098 0.161163 0.0335309
3 1350 0.278031 0.0721033
3 529 0.180962 -0.107534
3 2074 0.235408 -0.0992684
3 3099 -0.226565 -0.0810843
4 3099 -0.216666 -0.0579408
3 3100 -0.234814 -0.0794312
4 3100 -0.223265 -0.0562878
3 581 -0.162219 -0.076125
4 2415 -0.213366 -0.0463691
3 3101 0.253557 -0.0513284
4 3101 0.278306 -0.0414098
4 576 0.052269 -0.0331443
3 2163 -0.239764 -0.0347974
3 624 -0.213366 -0.0248788
3 453 0.245308 -0.00338843
3 631 -0.178718 -0.0017353
3 702 0.182611 0.0015709
3 482 0.144664 0.0181019
3 3102 0.139714 0.0263674
4 3102 0.153243 0.0366167
4 2853 0.287875 0.278631
4 2854 0.289855 0.284582
3 3005 0.246298 -0.0903416
4 2187 0.263457 -0.076125
3 1069 -0.161559 -0.0824068
4 580 -0.181358 -0.0566183
3 668 0.230459 -0.0685207
3 672 0.188881 -0.0566183
3 3103 -0.254613 -0.0526509
4 3103 -0.244714 -0.0288462
3 3104 0.20076 -0.0506672
4 3104 0.226499 -0.0387648
3 689 0.0384098 -0.0486834
3 720 -0.218975 -0.0248788
3 1514 0.0304902 -0.0129764
3 2214 0.016631 -0.00305777
4 734 -0.159579 0.0465353
4 2875 0.264117 0.056454
4 1088 0.297775 0.211184
4 2882 0.277976 0.246891
3 3105 0.230459 0.258794
4 3105 0.291835 0.264745
3 3106 -0.185713 -0.105021
4 3106 -0.173834 -0.0835969
3 3107 0.156411 -0.105021
4 3107 0.182546 -0.0907383
3 2893 0.225311 -0.102641
4 686 -0.17621 -0.0645532
3 3108 0.035242 -0.0574118
4 3108 0.0423696 -0.0431289
3 1133 -0.254613 -0.0550313
3 3109 0.199177 -0.0455094
4 3109 0.225311 -0.0336071
4 2903 0.279956 -0.023133
4 786 0.0324701 -0.00305777
4 2241 0.0233627 0.00448046
3 1131 0.177794 -0.00266096
4 2434 -0.227528 0.0254286
4 1282 0.230063 0.0163828
4 2290 -0.235606 0.0449484
3 797 0.161163 0.033046
3 715 0.260949 0.0473289
3 2552 0.241942 0.0497094
3 1117 0.197276 -0.137395
3 3110 0.046171 -0.111686
4 3110 0.0518731 -0.0974036
4 891 -0.234371 -0.0619822
4 2300 -0.179061 -0.0631249
4 1290 0.211056 -0.0740751
3 2559 0.0290648 -0.0831208
3 1561 -0.184763 -0.0802643
4 2926 0.257148 -0.068838
4 823 0.26285 -0.0574118
3 827 0.234339 -0.0631249
3 854 -0.230379 -0.0602683
3 3111 0.20868 -0.0574118
4 3111 0.231488 -0.0459855
4 2935 0.258573 -0.0217047
3 904 -0.184763 -0.0259896
3 2550 0.217233 -0.0202764
4 2940 0.0233627 0.0111458
3 860 0.257148 0.0254286
3 2451 0.23719 0.205392
4 2953 0.29136 0.222531
4 2952 0.317019 0.222531
4 878 0.179599 -0.096261
3 3112 0.15223 -0.0996889
4 3112 0.176178 -0.0859773
4 2296 0.217233 -0.0756937
3 882 0.0872259 -0.0825495
4 822 0.193284 -0.0654101
3 1160 -0.234371 -0.0756937
4 2459 -0.155682 -0.0516986
4 2966 -0.23095 -0.041415
3 2303 -0.172789 -0.0619822
3 901 -0.254898 -0.0551265
3 3113 -0.169367 -0.0516986
4 3113 -0.159104 -0.0311314
3 2307 -0.244635 -0.0482707
3 893 0.0359073 -0.0448428
3 1589 0.224076 -0.0242756
4 2306 0.241182 0.00314742
3 3114 -0.162525 0.0100032
4 3114 -0.155682 0.0305704
3 1166 0.145387 0.0237147
3 3115 -0.227528 0.0271426
4 3115 -0.224107 0.0511377
3 2574 0.148808 0.0305704
4 2286 0.282237 0.0511377
4 2465 0.240041 0.0625639
3 3116 0.217233 0.188253
4 3116 0.282237 0.195108
3 2578 0.234339 0.201964
3 3117 0.227497 0.205392
4 3117 0.289079 0.212248
5 1173 -0.185508 -0.0644308
5 222 0.217993 -0.0950439
3 3118 -0.182644 -0.0969572
5 3118 -0.184554 -0.0539076
3 1193 -0.197921 -0.0893039
3 3119 -0.226565 -0.080694
5 3119 -0.228475 -0.0328612
3 3120 -0.207469 -0.0787807
5 3120 -0.206514 -0.0338178
5 3081 -0.20174 -0.0328612
5 968 0.019775 -0.0537163
5 1989 -0.240887 -0.013728
5 69 0.0684701 -0.0424277
5 2330 0.255612 -0.0548643
5 80 0.0417355 -0.0386011
3 3121 0.0445999 -0.0491243
5 3121 0.0369615 -0.0273125
5 970 0.238616 -0.0342004
5 940 0.238426 -0.0252079
3 3122 0.229832 -0.0290345
5 3122 0.224076 -0.0242756
5 2335 0.0216846 0.00444846
3 3123 -0.181689 0.0178417
5 3123 -0.180734 0.0647178
3 1183 0.292849 0.0800244
5 2341 0.305262 0.193867
5 2368 0.311946 0.220653
3 3124 0.226013 0.244569
5 3124 0.305529 0.244302
5 2718 0.316529 0.255322
5 223 0.187286 -0.0918295
5 2096 -0.24146 -0.0307565
3 3125 0.0300869 -0.077824
5 3125 0.0195458 -0.0546346
3 3126 -0.164694 -0.0709361
5 3126 -0.168818 -0.0284605
5 3094 0.0381072 -0.0433844
5 1192 0.0621684 -0.0387924
5 90 0.0598768 -0.0353484
3 266 0.197369 -0.0422364
3 93 0.203098 -0.0319045
5 319 0.0403988 0.000239202
5 503 -0.184172 0.0438627
5 2362 -0.243064 0.0541946
5 2767 0.308508 0.194249
3 3127 0.250074 0.283792
5 3127 0.332951 0.279966
3 3128 0.166662 -0.118004
5 3128 0.180182 -0.105567
3 2505 -0.185317 -0.0918295
5 581 -0.166068 -0.0339709
5 2398 -0.168818 -0.0298381
3 3129 0.0772925 -0.0629002
5 3129 0.0662931 -0.043614
5 426 0.0401696 -0.0381036
3 3130 0.163912 0.0211326
5 3130 0.160704 0.0323829
3 1044 0.229909 0.0541946
3 2367 0.283531 0.0955222
5 2813 0.299342 0.0955222
5 2409 0.175022 -0.0943091
3 3131 0.223859 -0.0860436
5 3131 0.235408 -0.0777781
5 2415 -0.226565 -0.0215726
3 596 -0.236464 -0.0678594
3 1512 -0.241414 -0.0629002
5 3101 0.270056 -0.0463691
5 709 -0.254613 0.0015709
5 712 -0.248014 0.0048771
5 1242 0.0258705 0.0131426
3 2599 -0.264513 -0.120097
5 1206 0.242008 -0.0910029
3 660 0.224519 -0.0863742
5 1069 -0.165518 -0.0407485
3 3132 -0.193237 -0.0784393
5 3132 -0.195217 -0.0331443
3 770 -0.163539 -0.0764556
3 3133 -0.171458 -0.0387648
5 3133 -0.179378 0.0048771
3 1082 -0.218975 -0.0308299
5 1262 0.0285103 -0.00305777
3 3134 -0.177398 -0.00305777
5 3134 -0.183337 0.0425679
3 1742 -0.191257 0.0227306
3 662 0.158787 -0.0907383
5 2229 0.0780076 -0.0621727
5 3109 0.215808 -0.0359875
5 2245 -0.223727 0.0187633
5 868 -0.161955 0.0425679
3 3135 0.13978 -0.000280524
5 3135 0.145957 0.0140024
3 1753 0.225311 0.266332
5 1117 0.205829 -0.125969
5 833 0.0376179 -0.0431289
5 1126 0.0718303 -0.0459855
5 1270 0.220559 -0.0574118
3 1135 -0.244635 -0.0459855
5 858 0.0233627 0.0111458
5 1134 0.0547241 0.0140024
3 1778 -0.216124 0.00257608
3 1779 -0.233231 0.00543267
5 2222 0.305615 0.0911296
5 1116 0.308466 0.24824
3 3136 0.234339 0.27395
5 3136 0.311317 0.271093
3 3137 -0.165946 -0.0928331
5 3137 -0.169367 -0.0516986
5 901 -0.261741 -0.00370835
5 2307 -0.251477 0.00314742
5 3114 -0.165946 0.0545656
3 917 -0.244635 0.0168589
6 3118 -0.254063 -0.0663442
3 3138 -0.179779 -0.0969572
6 3138 -0.251772 -0.0663442
6 3082 -0.289582 -0.0299912
6 2042 -0.300811 -0.0119295
3 3139 0.0474643 -0.0606042
6 3139 0.00163364 -0.0797374
3 3140 0.2432 -0.0232946
6 3140 -0.333017 -0.114543
3 200 -0.186463 0.0216683
6 212 -0.246043 0.0943742
6 166 0.258177 -0.00702524
6 2764 0.220284 0.0321533
6 2728 0.206535 -0.166219
6 407 -0.256813 -0.0780536
6 446 -0.315935 -0.0298381
6 264 -0.0134523 -0.0890743
6 935 -0.0226184 -0.0881559
6 2803 -0.321434 0.019755
6 449 -0.001078 -0.0546346
6 327 0.00304677 -0.0270829
6 503 -0.247189 0.0459291
6 366 -0.22244 0.076236
6 369 -0.244439 0.0845016
3 3141 0.144664 -0.100095
6 3141 0.158222 -0.142877
6 552 -0.0209868 -0.0923254
6 478 -0.331829 0.00884456
6 560 0.203785 -0.0904519
6 504 -0.226565 0.0412454
6 1049 -0.278372 0.0683563
6 565 -0.278372 -0.058602
6 2396 -0.0217787 -0.0931188
3 3142 0.0572187 -0.0463691
6 3142 0.0106914 -0.066537
6 2842 -0.27362 0.0616117
3 643 -0.190267 0.0247144
6 652 0.194821 -0.161756
6 3005 0.255207 -0.153821
6 1279 -0.310209 -0.023133
6 1061 0.253821 -0.128826
3 3143 0.016631 -0.00900897
6 3143 -0.033658 -0.0145633
6 3134 -0.24511 0.0449484
6 734 -0.223727 0.0758945
3 3144 0.163539 -0.114543
6 3144 0.171617 -0.163105
3 3145 0.146908 -0.10026
6 3145 0.157361 -0.143109
3 3146 0.0281144 -0.0931188
6 3146 -0.030807 -0.111686
3 1106 -0.230855 -0.0621727
6 834 0.0062565 -0.0802643
6 2241 -0.033658 -0.0174199
6 805 -0.273145 0.0625639
3 3147 0.151659 0.0235242
6 3147 0.135123 -0.0105641
6 1265 0.222935 0.0311417
6 1269 0.253821 -0.155011
6 1147 0.200127 -0.195669
3 3148 0.234339 0.270522
6 3148 0.408648 0.250859
3 3149 0.208827 -0.146703
7 3149 0.247019 -0.235672
7 3118 -0.212816 -0.0617522
7 113 -0.26323 -0.0215726
7 125 -0.250626 -0.00779674
7 1989 -0.266667 -0.000908798
7 2331 0.0274134 -0.0998271
7 75 0.0209207 -0.0961918
7 201 -0.190282 0.0819377
7 2353 -0.215107 -0.0299912
7 456 -0.267813 -0.00228639
7 316 -0.249939 -0.00779674
7 81 0.0360067 -0.0960005
7 285 0.0346699 -0.0938959
7 90 0.0398259 -0.0931306
7 2749 0.0154211 -0.0684105
7 331 0.000296922 -0.0353484
7 368 -0.238939 0.0968998
3 3150 -0.234814 -0.0918295
7 3150 -0.266438 -0.036726
3 3151 -0.182567 -0.0780536
7 3151 -0.212816 -0.0381036
3 591 0.0401696 -0.0381036
7 1197 0.0275204 -0.0529815
7 2809 -0.191257 0.0584377
3 3152 -0.179818 0.0211326
7 3152 -0.193567 0.0803688
3 3153 0.139164 0.0266429
7 3153 0.281606 -0.044716
7 2123 0.148101 -0.0307565
3 3154 0.227159 -0.124065
7 3154 0.246298 -0.237137
7 2396 -0.00039593 -0.105021
7 573 0.0364299 -0.0883579
7 602 0.00772152 -0.0463691
7 2845 0.147303 -0.0308299
7 653 0.194425 -0.183101
3 3155 0.0285103 -0.0943091
7 3155 -0.017027 -0.124065
3 3156 0.0285103 -0.0784393
7 3156 -0.00799868 -0.10883
7 697 -0.242734 -0.0240852
7 770 -0.192841 -0.0431289
7 682 0.0265305 -0.0943091
7 690 0.0162351 -0.0812164
7 2870 0.19164 -0.0904519
7 1109 0.137404 -0.0407485
7 733 -0.213273 0.088273
7 718 0.154563 -0.0331443
7 743 0.271706 -0.176964
7 834 0.0281144 -0.0954992
7 2904 0.316254 -0.120759
3 2555 0.194425 -0.120256
7 854 -0.270294 0.00257608
3 3157 0.148808 0.0311417
7 3157 0.145387 -0.0277035
7 1165 0.032486 -0.041415
3 127 -0.235158 -0.0673008
8 75 -0.00199461 -0.101932
3 3158 0.0512836 -0.0625175
8 3158 0.00258845 -0.102697
8 92 0.00449806 -0.0950439
8 181 -0.214191 0.043174
8 193 -0.223128 0.0783024
8 200 -0.218927 0.080981
3 3159 -0.191237 0.0207116
8 3159 -0.223701 0.0848076
8 211 -0.26323 0.103558
8 203 0.297623 -0.00511811
8 2341 0.428447 0.0974509
8 446 -0.292561 -0.0243277
8 2353 -0.238977 -0.0347745
8 265 0.0226394 -0.106524
8 368 -0.264513 0.0957978
8 370 -0.263688 0.103788
8 363 0.303352 -0.0099014
8 2143 -0.238774 -0.0387648
8 627 -0.274412 0.0412454
8 1197 0.00442169 -0.0573898
8 1044 0.230459 -0.0314912
8 3100 -0.292231 -0.0248788
8 611 -0.0219768 -0.0414098
8 2421 0.130532 -0.0452977
8 646 -0.264513 0.104063
8 770 -0.216124 -0.0488421
8 690 -0.00277181 -0.0835969
8 2867 0.0087115 -0.0526509
8 2221 -0.264513 0.0941447
8 501 0.286739 -0.0330524
3 824 0.087511 -0.0883578
8 1272 -0.00799868 -0.103117
8 800 -0.273145 0.0397114
8 777 -0.00277181 -0.0574118
8 872 -0.221826 0.0854164
8 878 0.16586 -0.174446
3 2276 -0.23095 -0.0619822
8 2968 -0.00172639 -0.0654101
8 1165 0.00853734 -0.0448428
8 2466 0.123545 -0.0347974
9 2326 -0.0766604 -0.348558
9 3158 0.235561 -0.251936
9 161 0.0087115 -0.227219
9 2344 -0.0194029 -0.324024
9 478 -0.0479132 -0.334498
9 2749 0.254297 -0.214523
9 308 0.225786 -0.223092
3 3160 -0.243751 0.017459
9 3160 -0.0455338 -0.227062
9 1001 -0.00316783 -0.33434
3 3161 0.224409 -0.0160623
9 3161 -0.053045 -0.281366
9 1231 -0.0168896 -0.353341
9 2372 -0.0168896 -0.343009
3 3162 -0.185317 -0.0860436
9 3162 -0.0581372 -0.365969
9 1237 -0.0386591 -0.355637
9 3143 -0.0625644 -0.274828
3 3163 0.272036 0.0286818
9 3163 -0.00886922 -0.337078
9 2426 -0.0633088 -0.360207
9 2420 -0.00932751 -0.33704
9 2454 -0.213273 -0.131682
10 971 0.00304677 -0.324642
10 172 -0.0260557 -0.415524
10 2711 0.0140462 -0.303978
10 995 0.0178653 -0.351428
10 964 -0.0388058 -0.417656
3 56 0.275281 0.126518
10 383 -0.105305 -0.241412
10 1001 0.0258705 -0.340622
10 3129 -0.325559 -0.0397567
3 3164 -0.243064 0.0225101
10 3164 0.266115 -0.19071
10 697 -0.00118794 -0.338307
10 3108 0.0151919 -0.337269
10 2430 -0.224915 -0.145555
10 1301 -0.0352218 -0.417629
10 2963 -0.0536153 -0.28308
11 316 -0.0165518 -0.214523
11 932 -0.186474 -0.144251
11 2703 0.0442944 -0.288824
11 2769 -0.287673 0.0647178
11 90 0.0443494 -0.288714
11 574 -0.157819 -0.13331
11 2754 -0.0537451 -0.194536
11 119 0.0390697 -0.271191
11 556 0.0473192 -0.292682
11 2377 0.0456693 -0.289375
11 380 0.0512836 -0.307422
3 3165 -0.186967 -0.0910029
11 3165 0.0610226 -0.334973
11 3099 0.0328662 -0.297839
11 683 0.0359073 -0.288222
11 834 -0.188373 -0.134267
11 3108 0.0598768 -0.301682
11 769 0.0613765 -0.288317
11 1273 0.0816464 -0.312014
11 2921 -0.292231 0.0663726
3 2335 0.245743 -0.0659814
3 3166 0.162996 -0.122787
12 3166 0.192786 -0.323494
12 302 0.196223 -0.219027
12 87 -0.0356038 -0.140963
3 3167 0.266115 0.00444846
12 3167 -0.1378 0.0901773
12 459 0.22945 -0.22821
12 449 0.217993 -0.216731
12 2754 0.236516 -0.223236
12 119 0.187561 -0.193495
12 2173 0.169679 -0.120874
12 3102 0.0704179 -0.112493
3 3168 0.177002 -0.0129764
12 3168 0.394789 -0.0308299
12 2432 -0.0308862 -0.104228
3 3169 -0.242734 0.0227306
12 3169 0.172162 -0.116626
12 718 0.100341 -0.1174
12 751 0.220559 -0.276415
12 2927 -0.0656993 -0.163464
3 1896 0.227497 0.270522
13 113 -0.0487052 -0.0883579
13 939 -0.166412 0.0570646
13 66 0.151538 -0.226833
13 1224 -0.193567 0.0131426
3 3170 0.144664 -0.0996358
13 3170 0.122894 -0.306274
3 3171 -0.243751 -0.083564
13 3171 -0.0629494 -0.179995
13 463 -0.252237 0.0854164
13 2052 -0.0665242 -0.115799
13 2391 0.164142 -0.215583
13 601 0.168725 -0.26265
13 3129 0.0376179 -0.157391
3 3172 0.146314 -0.0992684
13 3172 0.123215 -0.305906
13 2861 -0.198876 -0.000334827
3 3173 -0.167657 -0.0716946
13 3173 0.161163 -0.246395
13 2958 0.0264204 -0.148311
13 2307 0.168725 -0.275278
14 106 -0.214224 0.0425679
14 66 0.129769 -0.219027
14 940 0.160131 -0.218453
14 212 -0.193237 0.113982
14 359 -0.20174 0.104897
3 3174 0.232888 0.2792
14 3174 0.345292 -0.0883579
14 2794 0.135039 -0.208924
14 3153 0.00992138 -0.111116
3 3175 0.228534 0.234658
14 3175 0.339635 -0.0452977
14 720 0.353957 -0.0223379
14 2418 0.0793549 -0.197215
3 3176 0.163143 0.0207469
14 3176 0.0257386 -0.131206
14 2215 0.0209868 -0.121684
14 714 0.00673163 -0.107402
14 811 -0.188617 0.107369
14 913 0.114596 -0.120256
15 1973 0.140539 -0.241986
15 3158 -0.112943 -0.168706
15 80 -0.114853 -0.165836
15 939 -0.106259 -0.169663
3 3177 -0.241842 -0.0586909
15 3177 0.119075 -0.208886
15 1195 -0.121154 -0.145555
15 145 -0.113134 -0.109968
15 140 0.083747 -0.18784
15 211 -0.36062 0.0783024
15 449 -0.116571 -0.138667
15 330 -0.100531 -0.11609
15 368 -0.363507 0.0710012
15 2366 -0.30906 0.0445516
15 370 -0.361307 0.0789912
15 3174 0.301339 -0.0288461
15 581 -0.332434 -0.0808088
15 468 0.0818373 -0.185926
15 1064 -0.0896228 -0.178617
3 1067 0.0588686 -0.0546346
15 2401 -0.111072 -0.122412
15 613 -0.0982023 -0.114146
15 646 -0.361527 0.0782749
15 734 -0.302131 0.0425679
3 3178 0.274016 0.125884
15 3178 0.349756 0.00483114
15 1132 -0.107785 -0.123684
3 3179 -0.161955 0.0111458
15 3179 -0.31306 0.0271426
15 893 -0.138576 -0.137395
15 2460 -0.131068 -0.14787
15 1165 -0.0975212 -0.1134
16 2332 -0.140572 -0.195479
16 940 0.148101 -0.196067
16 99 0.108572 -0.180186
16 979 -0.377806 -0.0100927
16 170 -0.33885 -0.0192766
16 1182 -0.31456 -0.00366397
16 210 -0.332434 0.0445516
16 2764 0.125415 -0.0821864
3 3180 0.164142 -0.12604
16 3180 0.0678972 -0.27987
16 3093 -0.0741779 -0.171959
16 2353 -0.354433 -0.0808088
16 264 -0.117671 -0.172005
16 3094 -0.106947 -0.167597
16 2749 -0.105572 -0.13729
16 449 -0.101447 -0.138667
16 490 -0.339308 -0.020195
16 1226 0.157863 -0.124065
16 2685 0.0676681 -0.279181
16 2784 0.0997862 -0.24904
16 468 -0.0844898 -0.1203
3 2386 -0.199067 0.0266429
16 2130 0.12404 -0.309718
16 573 -0.086323 -0.157788
16 2098 0.114965 -0.191842
16 702 0.0851352 -0.14787
16 643 -0.321929 0.0366167
16 2845 0.0324701 -0.106211
3 3181 0.163143 -0.124065
16 3181 0.068768 -0.277804
3 3182 0.0780075 -0.106211
16 3182 -0.0922627 -0.227219
16 635 0.125525 -0.0835969
3 821 0.163539 -0.0859774
16 2241 -0.131734 -0.096261
16 1114 -0.337769 0.0497094
3 3183 0.270452 0.275854
16 3183 0.344104 0.0854164
16 1119 0.131702 -0.274511
16 818 0.0735409 -0.240232
16 2934 0.124865 -0.188536
16 845 0.0906471 -0.171674
16 1134 -0.080415 -0.109972
3 29 0.254867 -0.0654101
17 92 -0.069022 -0.132353
17 940 0.163951 -0.15914
17 1995 -0.0823893 -0.0749541
17 2338 -0.30906 0.00827509
17 210 -0.310435 0.0500619
17 213 -0.299894 0.0553426
3 177 0.255612 0.0628045
17 1194 -0.322809 -0.0927479
17 261 0.12404 -0.168515
17 449 -0.0753237 -0.111116
17 1225 -0.356907 -0.013307
17 489 -0.351683 -0.00504156
17 327 -0.069824 -0.0849416
17 369 -0.300811 0.0459291
17 495 0.19164 -0.075528
17 2765 0.225509 -0.0579408
3 3184 0.168037 -0.108361
17 3184 -0.0184173 -0.217496
3 11 0.247783 -0.0918295
17 1208 0.123545 -0.209365
17 412 -0.0896228 -0.145555
17 2127 -0.285687 0.0335309
17 1235 -0.323909 -0.104228
17 1064 -0.0526649 -0.14787
17 551 0.123545 -0.173658
17 573 -0.0605845 -0.130016
17 627 -0.355587 -0.00107404
3 3077 0.156213 0.034633
17 3155 -0.112062 -0.167707
17 3156 -0.104934 -0.151678
3 1258 0.0364299 -0.0705044
17 672 0.118397 -0.176435
17 1079 -0.333017 -0.038368
17 699 -0.0744437 -0.110179
17 2869 -0.347272 0.00448046
17 734 -0.280748 0.0354265
17 2896 0.117447 -0.177387
17 778 -0.0669201 -0.0978797
17 1269 0.163063 -0.225949
17 821 0.0974897 -0.20024
17 842 -0.0735725 -0.120256
17 1301 0.0404689 -0.0974036
17 2950 0.299755 0.056454
17 878 0.0769622 -0.223092
4 2009 0.219329 -0.126614
4 3185 0.183047 -0.0902606
5 3185 0.171589 -0.0902606
4 3186 0.178273 -0.0845206
5 3186 0.166433 -0.083564
4 3187 0.19164 -0.0826073
5 3187 0.180182 -0.0826073
5 1947 0.210736 -0.083564
4 3188 -0.171186 -0.0653875
5 3188 -0.185508 -0.0424277
4 3189 -0.237068 -0.0596476
5 3189 -0.25139 -0.0328612
4 2378 0.0789729 -0.0424277
5 71 0.203098 -0.0328612
4 1615 0.220284 -0.0261646
4 3190 0.196414 -0.0223379
5 3190 0.187821 -0.0223379
5 1331 0.248928 -0.0252079
4 3191 0.195459 -0.019468
5 3191 0.187057 -0.0204246
4 3192 -0.210333 0.00062183
5 3192 -0.223701 0.0264516
5 1345 0.144664 0.0335309
4 2982 0.230787 0.0857643
4 1634 0.310991 0.252223
4 215 0.301443 0.279009
4 3193 0.309081 0.288576
5 3193 0.331042 0.279966
5 2484 0.21341 -0.12604
5 1370 0.226013 -0.126614
5 2984 0.245491 -0.106524
4 407 -0.171568 -0.0858599
4 3194 0.19164 -0.082416
5 3194 0.180182 -0.082416
4 16 0.269552 -0.078972
5 3093 0.0220665 -0.0502723
4 2096 -0.227711 -0.0560122
5 303 -0.165839 -0.0342004
5 1179 -0.242606 -0.0123887
4 1331 0.255803 -0.0227206
4 1655 0.228305 -0.0215726
5 479 -0.188755 0.00483114
4 2753 0.226013 -0.00664874
5 1400 0.0426903 0.0117191
4 333 0.073626 0.00942309
5 3089 0.172162 0.0105711
5 339 0.137216 0.0254949
4 192 -0.161256 0.0392708
4 1667 -0.164694 0.0415668
5 2480 0.238616 0.0576386
5 352 0.298578 0.0675878
4 1628 0.371525 0.213765
4 1454 0.285593 0.239021
4 1635 0.321112 0.265425
4 3195 0.301634 0.274608
5 3195 0.324549 0.26772
5 1417 0.317674 0.276904
4 2 0.191411 -0.108361
5 2992 0.245033 -0.105605
5 1422 0.177662 -0.0876967
5 407 -0.186692 -0.0642777
4 412 0.0484192 -0.0532571
4 3126 -0.155069 -0.0505019
5 998 0.0667514 -0.0410884
5 1000 0.0539188 -0.0312157
4 428 0.256032 -0.0243277
4 1443 -0.23344 -0.0229502
4 452 0.0415445 -0.020195
5 1431 0.261532 -0.0229502
4 3196 0.0429195 -0.00917433
5 3196 0.0277953 -0.00228639
5 2511 -0.237564 0.0335309
5 2124 -0.238939 0.0417964
4 3197 0.163912 0.0321533
5 3197 0.152913 0.0321533
4 352 0.308279 0.076236
4 517 0.257407 0.110676
4 1700 0.304154 0.273231
5 1457 0.322028 0.271853
4 2592 0.295905 0.287007
4 1676 0.305529 0.288384
4 1702 0.228809 -0.13729
4 1677 0.253557 -0.124065
4 1028 0.185911 -0.0976153
5 531 0.237058 -0.0943091
4 1206 0.255207 -0.0876967
5 542 0.185911 -0.0695126
4 543 0.20076 -0.0662064
4 670 0.21396 -0.0562878
5 581 -0.165518 -0.0347974
4 2398 -0.153969 -0.0513284
5 1036 0.0456693 -0.0381036
5 1471 0.253557 -0.0364505
4 2834 0.256857 -0.0248788
5 2537 0.182611 -0.0232256
4 593 0.0407196 -0.0199194
5 595 0.184921 -0.00305777
5 453 0.256032 -0.000908798
4 3198 -0.226565 0.00653023
5 3198 -0.239764 0.034633
4 3199 0.177662 0.00983643
5 3199 0.170787 0.0101119
4 3200 0.154563 0.0329798
5 3200 0.143014 0.0329798
4 3201 0.311304 0.0577764
5 3201 0.301405 0.0495109
4 1716 0.311304 0.10241
4 1718 0.37235 0.213168
4 1252 0.252237 -0.124065
4 3202 0.188881 -0.112163
5 3202 0.177662 -0.11084
4 3203 0.216599 -0.110179
5 3203 0.20472 -0.110179
5 3003 -0.275996 -0.0693141
4 3204 0.186901 -0.0883579
5 3204 0.177002 -0.0883579
4 3205 0.03445 -0.080423
5 3205 0.0162351 -0.0740751
5 2547 0.222209 -0.0794312
4 3206 -0.226895 -0.0605858
5 3206 -0.240754 -0.0347974
4 3207 -0.222935 -0.0566183
5 3207 -0.236794 -0.0308299
5 1508 -0.226895 -0.0288462
5 673 0.230459 -0.0466997
4 1261 -0.216995 -0.0407485
4 3208 0.0819672 -0.0407485
5 3208 0.0649182 -0.036726
4 3209 0.052269 -0.0328136
5 3209 0.0384098 -0.0268624
5 792 -0.248674 0.0048771
5 786 0.0186109 0.0048771
4 3210 0.0265305 0.000909691
5 3210 0.0162351 0.00924138
5 721 -0.246694 0.0286818
4 3211 -0.226895 0.00686083
5 3211 -0.240754 0.0326493
5 2214 0.0087115 0.0187632
4 1740 -0.226895 0.0167795
4 1742 -0.179378 0.0465353
5 2539 -0.197197 0.0822423
4 3212 0.311634 0.250859
5 3212 0.333413 0.244908
4 1723 0.319554 0.266729
4 3213 0.307674 0.286566
5 3213 0.329453 0.278631
5 737 0.23719 -0.124065
4 3214 -0.259365 -0.0907383
5 3214 -0.278372 -0.0645532
4 1757 0.035242 -0.0645532
4 1098 0.0399937 -0.0550313
5 850 -0.235606 -0.0240852
5 3108 0.0257386 -0.0359875
4 3215 0.0851352 -0.0431289
5 3215 0.0685041 -0.038368
4 1124 0.218183 -0.0407485
5 2246 -0.247486 0.0282851
4 3216 0.0685041 0.00448046
5 3216 0.0542489 0.00924138
4 1103 0.265701 0.00448046
4 1765 0.163539 0.0116219
5 1282 0.220559 0.0140023
5 1536 0.146908 0.0354265
5 2248 0.27758 0.0354265
5 2290 -0.249862 0.073514
5 715 0.27758 0.0473289
4 3217 0.301339 0.0996992
5 3217 0.29136 0.0911296
4 3218 0.287083 0.25443
5 3218 0.308466 0.249669
5 1547 0.339352 0.259191
4 3219 -0.153402 -0.0716946
5 3219 -0.167657 -0.0488421
4 3220 0.251446 -0.0716946
5 3220 0.240041 -0.0745511
4 820 0.265701 -0.068838
5 2570 -0.179061 -0.0402723
5 2560 0.0176606 -0.0574118
5 834 0.046171 -0.0402723
5 851 -0.181912 -0.0174199
5 767 0.225786 -0.023133
4 3221 -0.167657 -0.0174199
5 3221 -0.181912 0.00543267
5 852 0.0433199 -0.00885015
5 2280 0.0148096 0.0111458
5 2940 0.00910752 0.0197154
4 2290 -0.236082 0.0454245
4 3222 0.257148 0.111125
5 3222 0.251446 0.105412
4 1792 0.279956 0.159687
5 1573 0.334126 0.245384
4 3223 0.308466 0.285376
5 3223 0.328424 0.276806
4 2612 0.0359073 -0.0791216
5 3018 0.169336 -0.0791216
5 1588 0.0701197 -0.041415
5 2301 0.179599 -0.0379871
5 1300 0.0393285 -0.0242756
4 3224 0.0564347 -0.0139919
5 3224 0.0427498 -0.00713623
4 904 -0.179631 -0.00713623
4 3225 -0.220686 0.0065753
5 3225 -0.234371 0.0339983
5 910 -0.162525 0.040854
4 1304 0.0359073 0.0202868
5 2286 0.275394 0.0442819
5 2577 0.292501 0.0717049
4 3226 0.299343 0.099128
5 3226 0.302764 0.0922722
4 2614 0.271973 0.246527
4 3227 0.285658 0.270522
5 3227 0.308466 0.26538
5 1576 0.309607 0.270522
6 2467 0.219138 -0.206399
4 3228 0.219329 -0.111307
6 3228 0.200806 -0.178847
6 1173 -0.255209 -0.0787807
4 3229 0.223149 -0.0787807
6 3229 0.220284 -0.142111
4 3230 0.223149 -0.0711274
6 3230 0.221239 -0.134267
6 91 -0.252918 -0.0548643
6 3189 -0.329684 -0.0319045
4 935 0.0388711 -0.052951
4 3231 0.0579672 -0.050081
6 3231 0.000678838 -0.0845206
4 3232 -0.176915 -0.0491243
6 3232 -0.259028 -0.0347745
6 2038 -0.256164 -0.0328612
4 3233 0.214555 -0.0452977
6 3233 0.205389 -0.104228
6 1956 0.216599 -0.120097
4 3234 0.210736 -0.0366878
6 3234 0.204243 -0.0938959
6 1615 0.215701 -0.0847119
6 157 -0.243064 0.000468791
6 306 0.16987 -0.0640482
6 104 0.251907 -0.0711657
6 172 -0.315935 0.0349084
6 171 -0.287291 0.0300869
6 948 0.0150009 -0.0280779
6 1345 0.122894 -0.0112407
6 192 -0.226565 0.0666312
6 208 -0.280416 0.0874863
6 211 -0.27927 0.0943742
6 166 0.257407 -0.00917433
6 2499 0.234606 0.00731843
6 2367 0.303352 0.0341048
4 3235 0.254657 -0.124892
6 3235 0.240335 -0.199319
6 2984 0.245491 -0.176551
4 3236 0.28101 -0.0996358
6 3236 0.0717928 -0.18826
6 2730 0.255612 -0.155313
6 260 -0.254063 -0.0739209
6 1390 -0.329684 -0.0325933
6 2494 -0.318685 -0.0257053
6 932 0.256949 -0.116856
4 2042 -0.216253 -0.0387924
4 3237 0.0461276 -0.0364964
6 3237 -0.0134523 -0.0684105
6 2492 0.017621 -0.0711656
6 262 0.217534 -0.0945846
6 971 0.20241 -0.0910029
4 3238 0.0575853 -0.00779674
6 3238 0.00167184 -0.0381036
4 327 0.0575853 0.00253514
6 354 -0.22244 0.0486843
6 512 -0.278812 0.0693481
4 3239 -0.15209 0.0369748
6 3239 -0.221065 0.0624601
4 3240 0.253282 -0.124892
6 3240 0.237471 -0.200659
6 407 -0.257913 -0.0777781
6 432 -0.254613 -0.0546346
4 3241 -0.236189 -0.060145
6 3241 -0.329849 -0.0328136
6 399 0.224409 -0.115248
6 1236 0.0209207 -0.0794312
6 1008 0.0209208 -0.0215726
6 3098 0.128165 -0.013307
6 514 -0.229865 0.0660419
6 1017 -0.258573 0.0802586
6 648 -0.244714 0.092161
6 635 0.220559 0.0306656
4 3242 0.279406 0.245679
6 3242 0.369051 0.207217
6 2592 0.38687 0.244908
6 1206 0.246694 -0.157391
4 3243 0.171062 -0.0860436
6 3243 0.15383 -0.143259
6 538 0.248608 -0.138943
6 545 0.243658 -0.125718
4 3244 -0.177068 -0.0529815
6 3244 -0.257913 -0.0381036
6 1032 0.20076 -0.106211
6 1239 -0.00118794 -0.0526509
6 1485 -0.330641 0.0806554
6 1497 0.21462 -0.197463
4 1819 0.184921 -0.10026
4 3245 -0.197197 -0.0724881
6 3245 -0.280748 -0.0574118
6 3206 -0.316386 -0.0359875
6 3207 -0.311634 -0.0312266
6 3008 -0.309258 -0.0240852
6 671 0.256197 -0.119304
6 698 -0.248674 -0.0328136
6 762 0.294211 -0.0916905
6 721 -0.321137 0.0401875
6 1263 -0.226895 0.0405842
6 2873 -0.278372 0.0687531
6 732 -0.283124 0.0758945
6 718 0.137404 -0.0050415
4 3246 0.305694 0.231022
6 3246 0.412608 0.189363
6 3106 -0.256039 -0.0745511
6 1275 -0.25889 -0.0431289
6 752 0.222935 -0.109782
6 834 0.00673163 -0.0812164
6 3215 0.0304903 -0.0835969
6 762 0.29728 -0.0918295
6 1529 0.171617 -0.0745511
6 820 0.257148 -0.140252
6 2570 -0.242734 -0.0526508
6 1586 0.0319158 -0.0916905
4 3247 0.228637 -0.0317027
6 3247 0.234339 -0.0916905
6 767 0.231488 -0.0802643
6 2434 -0.309638 0.0648492
4 3248 -0.159104 0.0254286
6 3248 -0.23095 0.0477098
6 1136 0.12486 -0.0174198
4 1284 -0.153402 0.0368549
6 872 -0.244635 0.0785607
6 1583 -0.254898 -0.0859773
6 1588 0.032486 -0.0859773
6 890 0.0148096 -0.0774077
7 101 -0.278124 -0.0319045
7 59 -0.00245289 -0.106983
7 3189 -0.281562 -0.0215726
7 3083 -0.270486 -0.013728
7 131 -0.280187 0.000468791
7 137 -0.262084 0.000239202
7 3234 0.234033 -0.124892
7 306 0.193932 -0.0927479
7 145 0.0186292 -0.0399404
7 149 0.0226394 -0.0386011
7 364 -0.21167 0.0886343
7 407 -0.215107 -0.07438
4 237 0.214555 -0.0697881
7 239 0.223859 -0.15878
7 291 -0.208233 -0.0456803
7 1390 -0.281012 -0.0215726
7 278 0.024358 -0.0950439
7 262 0.249158 -0.126269
7 1383 0.247783 -0.121448
7 314 0.0266496 -0.0583082
7 2989 0.0250455 -0.0546346
4 3249 0.0403988 -0.00435274
7 3249 0.00373423 -0.0445323
7 358 -0.249664 0.0792668
7 192 -0.188067 0.0707257
7 2087 -0.211716 -0.061247
7 995 0.311304 -0.148862
7 450 -0.214191 -0.0284605
7 1236 0.0403988 -0.0950439
7 1000 0.0374198 -0.0876967
7 2108 0.0192709 -0.0678594
7 2508 0.260157 -0.114146
7 2525 -0.252633 0.0366167
7 2511 -0.274412 0.0524865
7 514 -0.188617 0.0710012
7 1017 -0.213036 0.0881935
7 1029 0.276656 -0.188536
7 542 0.216599 -0.157788
7 996 0.283916 -0.153821
4 3250 0.068768 -0.0463691
7 3250 0.0357699 -0.0976153
7 597 -0.248674 -0.00900897
7 2517 0.227687 -0.131206
7 2145 0.239566 -0.121684
7 3001 0.234418 -0.112163
7 627 -0.248674 0.0425679
7 631 -0.205116 0.0505028
7 641 -0.178718 0.0809199
4 3251 0.21462 -0.122081
7 3251 0.222935 -0.224045
7 3206 -0.268868 -0.0264657
7 3008 -0.261741 -0.0145633
4 3252 0.0542489 -0.0486834
7 3252 0.0186109 -0.0962928
7 1078 0.035242 -0.0407485
4 3253 0.21066 0.0108283
7 3253 0.220559 -0.0740751
7 726 -0.199968 0.0473289
7 2873 -0.235606 0.078275
7 1083 0.146908 -0.0288461
7 1742 -0.197197 0.0881935
7 1084 0.291835 -0.0427322
7 737 0.260157 -0.231517
7 1254 0.268552 -0.194527
7 1532 -0.20472 -0.0312266
7 1533 0.285896 -0.0724881
7 3248 -0.193316 0.0539942
7 1584 -0.217265 -0.068838
7 2571 -0.193316 -0.0448428
7 3224 0.0222223 -0.0585543
7 2306 0.254867 -0.0894052
8 2009 0.20076 -0.22821
8 32 0.232888 -0.173107
8 318 -0.272396 -0.00894474
8 3234 0.212035 -0.129024
8 1324 0.272989 -0.130631
8 1985 -0.00695961 -0.080694
8 1615 0.227923 -0.11896
8 126 -0.234203 -0.0682575
8 2705 0.235561 -0.100784
8 954 -0.207087 0.0438627
8 184 -0.21167 0.0496027
8 201 -0.217399 0.0771544
8 210 -0.232065 0.0941446
8 166 0.256857 -0.0496753
8 956 0.429272 0.0982774
8 1355 0.434543 0.0978182
8 3094 -0.00520274 -0.104228
8 932 0.260157 -0.153821
8 254 0.21561 -0.13729
8 316 -0.274687 -0.0119295
8 1383 0.224867 -0.124892
8 1388 -0.00886919 -0.081268
4 2749 0.0484192 -0.0215726
4 2341 0.284447 0.198841
8 2087 -0.234814 -0.0678594
8 393 0.195811 -0.162086
8 450 -0.238939 -0.0339709
8 1002 -0.274412 -0.011654
8 460 -0.276062 -0.0083477
8 434 0.20901 -0.107534
8 622 -0.274412 0.0266981
8 1017 -0.236794 0.0862098
8 1226 0.256197 -0.0486834
8 519 -0.228215 0.099104
8 635 0.218909 -0.0083477
8 1029 0.251907 -0.188536
8 996 0.260157 -0.155805
8 2517 0.20472 -0.135967
8 3001 0.21264 -0.11613
8 1476 0.198781 -0.0784393
8 3245 -0.261741 -0.0545552
8 3206 -0.292627 -0.0312266
8 3008 -0.287875 -0.0193243
4 3254 0.0443494 -0.0189276
8 3254 -0.0150471 -0.066537
4 3044 -0.230855 -0.0129764
8 3210 -0.0365091 -0.0402723
8 3253 0.196801 -0.078836
8 714 0.101766 -0.0336071
8 2422 -0.221351 0.0973187
8 755 0.202978 -0.137395
8 758 0.271973 -0.120256
8 760 0.241942 -0.128826
8 2234 0.23719 -0.121684
8 2245 -0.275996 0.0282851
8 799 -0.309638 0.040854
4 3255 0.194425 -0.00266096
8 3255 0.177319 -0.0888339
8 802 -0.316481 0.0579935
8 805 -0.256039 0.0711336
8 3248 -0.217265 0.0511377
8 1565 0.100911 -0.0345592
4 3256 0.241182 -0.0722659
8 3256 0.227497 -0.175102
9 55 -0.207087 -0.155887
9 3234 -0.0203269 -0.326555
9 154 -0.205941 -0.130402
9 949 -0.205559 -0.13044
4 3257 0.304307 0.102984
9 3257 0.223859 -0.205067
4 3258 0.306217 0.272312
9 3258 -0.0060048 -0.333251
9 971 -0.0157438 -0.324642
9 313 -0.102822 -0.257966
9 494 0.00488001 -0.343009
9 392 -0.0325176 -0.308789
9 1002 -0.00199461 -0.336121
9 417 -0.0162021 -0.324642
9 631 -0.13307 -0.199281
9 1063 -0.0060048 -0.387781
9 652 -0.0117336 -0.325598
9 760 -0.017577 -0.316376
9 1126 -0.145419 -0.233376
9 2569 -0.0450622 -0.311646
4 3259 0.336771 -0.318902
10 3259 0.222935 -0.185957
10 92 0.261532 -0.181373
10 1993 -0.0289063 -0.375998
10 3192 -0.254613 0.099104
10 948 0.256567 -0.205059
10 2367 0.0281144 -0.271654
10 279 0.260386 -0.177699
4 3260 0.223722 -0.0422364
10 3260 0.0358157 -0.356785
10 358 -0.199018 -0.154535
10 2506 0.034097 -0.359081
10 417 0.00854646 -0.326019
10 2399 0.00442172 -0.337315
10 611 0.275281 -0.202036
10 1718 -0.299755 0.10446
10 666 0.0518564 -0.347601
10 2535 -0.21969 -0.195148
10 1504 0.0226394 -0.384911
10 1514 0.276427 -0.201807
10 749 0.051169 -0.34806
10 1537 -0.118049 -0.195669
4 3261 0.372615 0.211581
10 3261 -0.298804 0.105412
10 822 0.0506191 -0.348887
4 3262 0.37404 0.213962
10 3262 -0.299375 0.105984
10 1585 0.00831731 -0.339565
11 4 0.00910752 -0.337355
4 3263 0.184956 -0.0873906
11 3263 -0.16433 -0.155011
11 70 0.0484192 -0.292498
11 71 0.0455547 -0.290202
11 937 0.0717928 -0.313621
11 964 0.0590006 -0.359731
11 1331 0.0732441 -0.314118
11 379 0.016631 -0.350209
11 2417 0.03445 -0.364096
11 595 -0.00316783 -0.24904
11 809 -0.175005 -0.1247
11 2253 0.284906 -0.202036
11 838 0.0632772 -0.295078
11 868 0.0786674 -0.230966
11 888 0.00197992 -0.247849
11 2577 -0.0744437 -0.179609
12 937 0.225784 -0.230966
12 1355 0.453257 -0.0682575
4 944 0.321494 0.265616
12 932 0.227687 -0.262132
12 1384 0.224103 -0.231846
12 433 0.209285 -0.219945
12 1003 0.0938466 -0.161756
12 2126 -0.124401 0.0436714
12 3197 0.0803835 -0.127112
12 1012 0.0621684 -0.110179
12 1461 -0.0466795 -0.0927479
12 1050 -0.130593 0.125408
12 2529 0.20241 -0.15878
12 1044 0.171016 -0.140963
4 3264 0.224519 -0.128032
12 3264 0.193932 -0.318902
12 1478 0.0740477 -0.128032
12 3102 0.0718303 -0.1174
4 3265 0.299755 0.27268
12 3265 0.0703797 -0.111307
12 1537 0.0632772 -0.1134
12 1582 0.139126 -0.185926
13 44 0.123545 -0.268877
13 315 -0.0731238 -0.140596
13 1386 -0.0601996 -0.153821
13 243 0.123149 -0.269274
13 331 -0.0784035 -0.0943091
13 164 0.0209208 -0.120759
4 3266 0.315383 0.222949
13 3266 -0.18188 0.0496027
13 1012 0.017621 -0.117453
4 3267 0.315154 0.223638
13 3267 -0.182567 0.0486843
13 1038 0.397099 -0.0529815
13 1241 0.0302778 -0.129484
13 2526 0.0423695 -0.138943
4 3268 0.265107 0.0329798
13 3268 0.0799874 -0.151837
13 1479 0.0209868 -0.116923
13 2845 0.0364299 -0.124065
13 1083 0.0376179 -0.124065
13 749 0.196911 -0.22821
13 1537 0.0153798 -0.123684
13 1140 0.351232 -0.0550313
13 2456 0.150392 -0.322346
14 3084 -0.0957566 -0.14766
14 70 0.125186 -0.212139
14 1338 0.330278 -0.0250166
14 112 0.0724803 -0.179995
14 180 0.0836172 -0.195148
14 956 0.369234 -0.0634742
14 301 -0.255209 0.0915042
14 286 0.12404 -0.203414
14 444 -0.254063 0.0920783
14 460 0.359785 -0.0516986
14 430 0.159788 -0.218567
14 514 -0.190282 0.0800244
4 3269 0.302779 0.134095
14 3269 0.150583 -0.262459
14 639 0.16829 -0.145489
14 1494 -0.0833441 -0.0961918
14 3102 0.0146511 -0.128032
14 2557 0.0898869 -0.25261
14 2929 -0.252345 0.0876776
4 3270 -0.183052 0.0511377
14 3270 -0.192841 0.113982
15 68 -0.132039 -0.171576
15 157 -0.342058 -0.0298381
15 949 -0.1223 -0.0996358
15 189 -0.377806 0.052817
15 212 -0.31731 0.0679705
15 3257 0.187821 -0.10174
15 1355 0.324549 -0.000908798
4 1360 0.291895 0.226393
15 957 0.331996 0.0245383
4 3271 0.234033 -0.128336
15 3271 0.100116 -0.320784
4 3272 0.184765 -0.0870079
15 3272 0.0607934 -0.258517
15 237 0.100666 -0.248874
15 239 0.0836172 -0.243088
4 3273 -0.171568 -0.0651962
15 3273 -0.352599 -0.0881559
15 932 0.141226 -0.240838
15 1392 -0.353745 -0.0640482
4 3274 0.203098 -0.0273125
15 3274 0.0896668 -0.199281
15 293 0.0965414 -0.189638
15 2510 -0.122621 -0.102575
4 3275 -0.186463 0.0564906
15 3275 -0.323909 0.0693481
15 2502 0.158413 -0.076676
4 3276 0.282156 0.198841
15 3276 0.319554 -0.0017353
15 383 0.0654682 -0.259619
15 1432 -0.350308 -0.083564
15 414 -0.124271 -0.168699
15 1038 -0.13186 -0.149853
15 1444 0.017621 -0.112493
15 3243 0.0471213 -0.25261
15 2517 0.087511 -0.216903
15 560 0.105066 -0.20672
15 681 0.127505 -0.213333
15 1473 0.119915 -0.205067
15 641 -0.302131 0.0425679
15 1495 0.345173 0.0691185
15 1252 0.111436 -0.321198
15 2530 0.13206 -0.278722
15 723 -0.335393 0.00686089
15 714 -0.00039593 -0.107402
15 2422 -0.318762 0.0663726
15 3106 -0.361527 -0.112163
15 756 0.135028 -0.219284
15 760 0.127901 -0.214523
15 784 -0.107785 -0.114543
4 3277 -0.188089 0.0544703
15 3277 -0.327315 0.068277
15 2251 0.118397 -0.119304
4 3278 0.228637 -0.0374158
15 3278 0.117447 -0.217379
15 3248 -0.321613 0.0168589
15 3226 -0.132039 -0.103654
4 3279 0.18973 -0.083564
16 3279 0.0713345 -0.244282
16 32 0.11812 -0.244282
16 2981 -0.098621 -0.160097
16 3234 0.103416 -0.199281
16 1324 0.16185 -0.202955
16 2705 0.127477 -0.171959
16 949 -0.108551 -0.100784
16 2482 -0.315362 0.019755
16 166 0.158413 -0.124892
16 2499 0.137216 -0.10748
16 956 0.305071 0.023199
4 3280 0.289985 0.20152
16 3280 0.313091 0.023199
16 1356 0.330087 0.0321915
16 957 0.318629 0.050368
16 3193 0.332951 0.0962875
16 236 0.110291 -0.237854
16 2022 -0.0904478 -0.18826
16 932 0.150163 -0.22821
16 274 -0.102822 -0.166219
16 250 0.117165 -0.215583
4 1916 0.0770633 -0.0410884
16 1655 0.126331 -0.189179
16 479 -0.351958 -0.044716
16 293 0.103416 -0.178617
4 3281 0.0621684 -0.0169806
16 3281 -0.0945726 -0.133157
16 3249 -0.115196 -0.113871
16 1400 -0.0945726 -0.108361
16 3276 0.304704 0.0230612
16 2341 0.304154 0.0225101
16 1411 0.314237 0.0518987
16 1416 0.314237 0.0966702
16 422 0.113315 -0.195148
16 496 -0.329684 -0.00917433
16 514 -0.31236 0.0181019
4 3282 0.309654 0.226393
16 3282 0.333028 0.0390412
16 1026 0.313779 0.0968998
16 538 0.140539 -0.248874
16 2396 -0.125921 -0.175642
16 996 0.149283 -0.229202
16 1032 0.101766 -0.210026
16 2519 0.147303 -0.20143
16 3001 0.103746 -0.187544
16 1239 -0.100182 -0.135967
16 1040 -0.0902828 -0.122081
4 3283 0.192511 0.0081833
16 3283 0.0780075 -0.14787
16 1480 0.158787 -0.124065
16 3205 -0.14176 -0.195479
16 1499 0.141364 -0.249701
16 3210 -0.131068 -0.105021
16 706 -0.0906787 -0.114543
16 723 -0.330641 -0.00980237
16 1263 -0.315911 -0.00885015
16 3102 0.0257386 -0.107402
16 1265 0.126 -0.0831208
16 1060 0.143289 -0.264028
16 743 0.140255 -0.254515
16 1529 0.0718303 -0.177387
16 777 -0.0978063 -0.121684
16 3255 0.0775324 -0.160248
16 2255 -0.324464 0.0282851
16 3220 0.134553 -0.248801
16 1557 -0.0707215 -0.171674
16 3278 0.123149 -0.205953
4 3284 0.188723 -0.0345593
16 3284 0.162813 -0.18523
16 3248 -0.318762 -0.000280466
16 1565 0.0119586 -0.103117
4 1920 0.227497 -0.137395
16 1578 0.12486 -0.301934
16 879 0.141966 -0.264227
16 3256 0.114596 -0.247088
16 1594 0.179599 -0.1134
4 3285 0.229832 -0.13905
17 3285 0.120602 -0.278722
17 2976 0.109527 -0.253849
17 3228 0.111436 -0.248109
17 929 0.0751537 -0.207929
17 32 0.134352 -0.207929
17 3230 0.13206 -0.204103
4 3286 0.26707 -0.0519943
17 3286 0.173499 -0.19358
17 3232 -0.32682 -0.0720841
17 3087 0.13206 -0.181143
17 123 -0.31896 -0.0645532
4 285 0.0656056 -0.0405144
17 64 0.105707 -0.162775
17 3234 0.120602 -0.163923
17 71 0.117165 -0.159331
17 86 0.126331 -0.154739
17 2474 0.171016 -0.135223
17 1387 0.0866114 -0.135223
17 2705 0.14199 -0.137137
17 138 -0.0852537 -0.0902606
17 149 -0.0684491 -0.082416
17 364 -0.314789 0.0438627
4 213 -0.180734 0.0570646
17 2499 0.154403 -0.0711274
17 2982 0.1439 -0.044341
17 1407 0.299342 0.0541946
4 3287 0.282347 0.19865
17 3287 0.301634 0.0587866
17 1356 0.326268 0.0675878
17 1357 0.34059 0.0702665
17 957 0.31481 0.0857643
17 1363 0.308279 0.0968998
17 3193 0.331042 0.133597
17 224 0.0841671 -0.21719
17 229 0.117165 -0.211679
17 1374 0.129539 -0.207547
17 237 0.11579 -0.200659
17 2505 -0.323955 -0.0973398
17 237 0.122665 -0.202036
17 241 0.16185 -0.201807
17 2495 -0.31995 -0.0625695
17 3237 -0.0890729 -0.124892
17 479 -0.322809 -0.0353484
17 293 0.119915 -0.144178
17 3249 -0.0890729 -0.0881559
4 2361 -0.161256 0.020903
17 1403 0.0442944 -0.0876967
17 2502 0.18362 -0.0261646
17 2341 0.301405 0.0569498
17 988 0.329132 0.0748584
4 3288 0.217534 -0.111116
17 3288 0.110291 -0.247497
17 2087 -0.323909 -0.104228
17 454 -0.380006 -0.0546346
17 1038 -0.0879729 -0.124065
17 1436 0.111666 -0.139935
17 620 -0.31401 -0.0328136
17 1012 0.0324701 -0.0695126
17 1226 0.174912 -0.0863192
17 487 0.182611 -0.0860436
4 3289 0.311029 0.219505
17 3289 0.339352 0.0710012
17 1455 0.308004 0.104063
17 1026 0.311029 0.132717
4 3290 0.217259 -0.11084
17 3290 0.111666 -0.246395
17 996 0.167762 -0.190189
17 1032 0.119915 -0.175311
17 1036 -0.0685041 -0.137951
17 3101 0.190861 -0.18556
17 681 0.147303 -0.163739
17 616 -0.323909 -0.0367811
17 3283 0.0978063 -0.114146
17 603 0.106716 -0.112493
17 1495 0.330278 0.132717
17 1496 0.119585 -0.278795
17 1497 0.123545 -0.264909
17 662 0.085927 -0.203414
17 3209 -0.0764236 -0.122081
17 1502 0.127505 -0.161756
17 1262 -0.0843431 -0.0962928
17 3210 -0.104934 -0.078836
17 1078 -0.0574166 -0.0859774
17 739 0.151659 -0.234519
17 2231 0.16829 -0.193099
17 834 -0.069296 -0.138348
17 756 0.156411 -0.169294
17 760 0.146908 -0.164533
17 2237 0.146908 -0.155011
17 793 -0.31306 -0.0374158
17 784 -0.0650194 -0.0888339
17 1537 0.0304903 -0.0740751
17 810 -0.301655 0.0397114
17 816 0.132442 -0.228976
17 820 0.165915 -0.211666
17 1557 -0.0450622 -0.143109
17 857 0.0530135 -0.0996889
17 860 0.194425 -0.10883
17 3223 0.325573 0.131121
17 3224 -0.0735725 -0.103117
17 1594 0.194425 -0.0745511
17 1596 0.37461 -0.00713623
5 3291 0.205007 -0.118004
6 3291 0.198515 -0.185735
6 3022 0.173308 -0.177699
5 3228 0.205962 -0.111307
6 1604 0.242054 -0.171959
5 3292 0.237471 -0.0940872
6 3292 0.240335 -0.162967
6 9 0.237471 -0.161053
6 1607 0.240335 -0.15914
6 12 0.238426 -0.152443
6 930 0.173308 -0.143259
6 2582 0.212264 -0.131779
5 1797 0.0159557 -0.0682575
6 1173 -0.255209 -0.078972
5 935 0.0207298 -0.0481677
6 933 0.214555 -0.100784
5 3032 -0.236113 -0.0338178
5 3293 0.058922 -0.0338178
6 3293 0.0207298 -0.0768674
6 1327 0.21066 -0.0876967
6 88 0.192786 -0.082416
5 3294 0.201188 -0.0271212
6 3294 0.204243 -0.081268
6 1987 -0.295311 -0.0175547
6 1179 -0.317081 -0.00894474
5 3295 -0.234203 -0.0118147
6 3295 -0.306769 -0.00894474
6 947 -0.0168896 -0.0319045
6 2335 -0.018952 -0.0312157
6 172 -0.315935 0.0346789
6 2713 0.118311 -0.0158326
6 176 -0.239168 0.0392708
5 3296 -0.237068 0.0455847
6 3296 -0.307685 0.0569498
6 167 0.265657 -0.00641915
5 3297 0.236516 0.0589779
6 3297 0.234033 0.00712714
6 192 -0.226565 0.0679705
6 1181 0.287121 0.0101884
6 197 -0.226565 0.0737104
6 210 -0.254254 0.0876776
6 211 -0.279079 0.0943742
5 3298 0.223149 0.0800244
6 3298 0.22143 0.0323829
6 212 -0.250626 0.0943742
6 2998 0.173537 -0.17724
6 993 0.194504 -0.161053
6 1643 0.164462 -0.155474
5 1795 0.171016 -0.0904519
6 1645 0.152913 -0.143902
5 3299 0.207681 -0.0847119
6 3299 0.20791 -0.149688
5 3300 0.16987 -0.082416
6 3300 0.162538 -0.1428
6 1376 0.171589 -0.13044
6 242 0.180412 -0.126269
5 1808 -0.185317 -0.0537163
5 249 0.25122 -0.0514203
6 254 0.203785 -0.104228
5 3301 0.0232123 -0.0433844
6 3301 -0.0217018 -0.083564
6 261 0.207681 -0.0984878
6 263 0.203785 -0.0945846
6 1648 0.171016 -0.0881559
6 1657 -0.310435 -0.0312157
6 1655 0.225784 -0.0808088
6 1195 -0.00657766 -0.0629002
6 2749 -0.00314036 -0.0525683
6 1402 -0.324184 0.0128671
6 1660 0.128165 -0.00504156
6 2590 -0.31731 0.0544702
5 3302 -0.232294 0.0587866
6 3302 -0.302186 0.0721033
6 1228 0.29094 0.00636177
6 980 0.291895 0.0101884
6 1668 -0.249939 0.0941446
6 2586 0.390499 0.219781
5 3303 0.327986 0.26772
6 3303 0.410482 0.242465
6 1676 0.390829 0.248875
6 527 0.234033 -0.186883
5 1805 0.177662 -0.112493
6 374 0.242008 -0.172005
6 381 0.161163 -0.151837
6 1423 0.153243 -0.143902
6 1208 0.217259 -0.138943
6 396 0.20901 -0.119106
5 2093 -0.177068 -0.0408588
6 427 0.00772152 -0.0794312
6 590 -0.258188 -0.0339709
6 1686 0.174454 -0.077824
6 1437 0.20076 -0.0678594
6 1692 -0.31731 -0.0083477
5 601 -0.248564 -0.0119295
6 1440 0.224409 -0.0642777
6 462 0.195536 -0.0422364
5 3098 0.148788 0.0321533
6 1017 -0.257913 0.0809199
5 3304 0.298655 0.0955222
6 3304 0.303054 0.0395923
6 1461 0.20076 -0.167046
6 537 0.169082 -0.135967
6 1070 -0.256263 -0.0430629
5 3305 -0.223265 -0.0298381
6 3305 -0.296191 -0.0328136
6 1473 0.222935 -0.0859774
5 3306 0.03412 -0.0232256
6 3306 -0.00712759 -0.0625695
6 587 0.169082 -0.066537
6 583 0.250258 -0.0695126
6 595 0.175022 -0.0546346
6 712 -0.325889 0.012812
5 3307 0.144664 0.0263674
6 3307 0.123545 -0.0209113
5 3308 0.146314 0.0362861
6 3308 0.125525 -0.00900897
6 487 0.266097 -0.0050415
6 1050 -0.30609 0.0723237
6 628 0.276656 0.00653023
5 1818 -0.218315 0.0643888
5 3309 -0.195217 0.082573
6 3309 -0.250654 0.0941447
6 639 0.299755 0.0395923
6 1252 0.236398 -0.199446
5 1819 0.175022 -0.0982766
5 3310 0.171062 -0.0943091
6 3310 0.165914 -0.155011
6 1060 0.254217 -0.155805
6 669 0.18017 -0.119304
5 3311 0.272036 -0.0466997
6 3311 0.282332 -0.112163
6 1729 0.283916 -0.112163
5 2570 -0.177398 -0.0407485
5 3312 0.252237 -0.0367811
6 3312 0.26285 -0.0974036
6 698 -0.247486 -0.0336071
5 1503 0.262137 -0.022895
5 3313 0.196801 -0.0189276
6 3313 0.197276 -0.0716946
5 1108 -0.254613 0.000909691
6 1736 0.127901 -0.0478899
6 1513 0.260157 -0.0367811
5 720 -0.222935 0.0266981
6 723 -0.242734 0.037807
6 2529 0.259999 -0.00313707
6 724 0.230459 0.00686083
5 3314 0.291835 0.0604214
6 3314 0.299755 0.00289342
6 630 0.281936 0.00884456
6 729 0.298963 0.0259047
6 2264 0.197276 -0.165961
5 3315 0.177794 -0.0883578
6 3315 0.174468 -0.148822
5 2631 0.170666 -0.0859774
6 742 0.20868 -0.148822
5 3316 0.239566 -0.0764555
6 3316 0.240041 -0.143109
6 2228 0.174468 -0.131682
5 3317 0.230063 -0.0478899
6 3317 0.231488 -0.10883
6 1274 -0.250337 -0.0488421
6 1276 -0.310209 -0.0317027
5 3318 0.251446 -0.0264657
6 3318 0.265701 -0.0859773
6 1758 0.245743 -0.0802643
5 779 0.187297 0.00686089
6 2245 -0.293102 0.0254286
5 3319 -0.240358 0.0425679
6 3319 -0.31306 0.0539942
5 3320 -0.183337 0.0425679
6 3320 -0.244635 0.0454245
5 3321 -0.221351 0.0544703
6 3321 -0.2874 0.0654204
5 3322 0.291835 0.0925578
6 3322 0.298963 0.037807
5 1586 0.0661283 -0.0459855
6 1123 0.189863 -0.103117
6 838 0.196706 -0.0859773
5 3323 0.231488 0.00257608
6 3323 0.227497 -0.0551265
6 2609 0.26285 -0.0374158
6 1565 0.107753 -0.00713623
6 1141 -0.244635 0.0442819
6 2287 0.228637 0.00828922
5 870 0.225786 0.0797033
6 3015 0.299913 0.0254286
6 3217 0.299913 0.0368549
6 1148 0.176178 -0.171674
6 1300 -0.00172639 -0.0654101
5 3324 0.292501 0.0442819
6 3324 0.299343 -0.0139919
6 1594 0.278816 0.0065753
7 3185 0.198285 -0.178617
7 29 0.201188 -0.16775
7 2581 0.250074 -0.170811
5 3325 0.204052 -0.0452977
7 3325 0.235179 -0.135223
7 3032 -0.266667 -0.0261646
7 3189 -0.281562 -0.0215726
5 1850 0.034097 -0.016598
5 456 -0.238977 -0.0146847
7 305 0.190494 -0.0950439
7 1990 -0.280416 0.00483114
5 3326 -0.239932 -0.0118147
7 3326 -0.269188 0.00184638
7 3295 -0.258074 0.00062183
5 2870 0.173499 -0.0118147
7 2705 0.255612 -0.0969572
7 157 -0.207316 0.00597914
7 148 0.0014427 -0.0353484
7 949 0.00927209 -0.0319045
7 2584 -0.243064 0.0486843
7 2338 -0.207469 0.0522813
7 954 -0.182644 0.047498
7 212 -0.202504 0.101262
5 3327 0.180182 -0.105376
7 3327 0.208827 -0.198363
7 221 0.20516 -0.186883
7 1647 0.200806 -0.167367
7 387 0.257522 -0.178273
7 249 0.283531 -0.151066
7 264 0.00772152 -0.102575
7 261 0.238616 -0.129483
7 1653 0.25122 -0.115708
7 315 -0.269188 -0.00641915
7 294 0.238616 -0.104228
5 131 -0.251772 -0.0158326
7 314 0.0250455 -0.0587674
7 317 0.0266496 -0.0548643
7 458 0.00717154 -0.0514203
7 479 -0.21969 0.00873432
7 338 -0.211716 0.0114895
7 1400 0.0222957 -0.0381036
7 2588 0.0195458 -0.0353484
7 1011 -0.252688 0.0376636
7 1661 -0.243064 0.0495109
7 2480 0.257407 -0.0284605
7 3302 -0.259563 0.082573
7 495 0.301634 -0.0330524
7 1666 -0.192192 0.0760064
7 364 -0.211441 0.0886343
7 370 -0.237564 0.105165
7 1668 -0.201816 0.101033
5 3328 0.338298 0.216061
7 3328 -0.280187 0.0321533
7 992 0.230596 -0.197215
5 57 0.0222957 -0.0518795
7 253 0.306904 -0.148311
5 3329 -0.243064 -0.043614
7 3329 -0.272762 -0.0364505
5 3330 -0.236189 -0.043614
7 3330 -0.264513 -0.0381036
5 1237 -0.183942 -0.0408588
5 3331 -0.251314 -0.0339709
7 3331 -0.280352 -0.022895
5 3332 0.216159 -0.0257053
7 3332 0.256857 -0.114146
7 2107 -0.268473 -0.00305777
5 3333 -0.241689 0.0169998
7 3333 -0.276392 0.0366167
7 488 -0.278372 0.0425679
7 627 -0.248564 0.043174
5 1048 -0.161944 0.0500619
7 2362 -0.272432 0.0802586
7 1702 0.23719 -0.243088
5 3334 0.179312 -0.105881
7 3334 0.208827 -0.198363
7 1031 0.2432 -0.17923
5 3335 -0.186967 -0.0430629
7 3335 -0.211716 -0.0496753
5 3250 0.0605185 -0.0381036
5 3336 0.271706 -0.0298381
7 3336 0.327473 -0.131206
5 3001 0.20241 -0.0248788
5 3337 -0.236464 -0.013307
7 3337 -0.264117 -0.00266096
7 600 -0.252633 -0.00305777
5 3338 0.141364 0.0296736
7 3338 0.137404 -0.0407485
7 633 -0.230855 0.0711336
7 3311 0.308466 -0.15025
7 679 0.0138592 -0.10026
7 700 -0.261741 -0.0145633
7 1072 0.00475171 -0.0645532
7 1514 0.00197992 -0.038368
5 3339 0.145324 0.0266981
7 3339 0.139714 -0.044716
7 734 -0.180962 0.0806554
5 3340 0.305694 0.0901773
7 3340 0.332225 -0.00742194
7 741 0.188723 -0.171674
7 2601 -0.214224 -0.0716946
7 1271 0.284708 -0.155011
7 839 -0.216124 -0.0488421
7 1275 -0.216599 -0.038368
7 771 0.00673163 -0.078836
7 1104 0.0257386 -0.0597922
7 795 -0.273145 0.0339983
7 801 -0.207571 0.0425679
7 3320 -0.20472 0.0511377
7 1584 -0.216124 -0.068838
5 3341 -0.190465 -0.0431289
7 3341 -0.217265 -0.0482707
7 840 0.29136 -0.111686
5 3342 0.0176606 0.00543267
7 3342 -0.00514764 -0.041415
7 2287 0.251446 -0.0259896
5 3343 0.213812 -0.123684
7 3343 0.234339 -0.22652
7 2456 0.265131 -0.209381
7 2572 0.275394 -0.1134
5 3344 0.166815 -0.334208
8 3344 0.0289411 -0.454364
8 26 0.176363 -0.172533
8 29 0.180182 -0.171576
5 3345 0.209781 -0.0711274
8 3345 0.224867 -0.167367
8 40 0.196223 -0.160479
8 92 0.00163364 -0.0950439
8 3032 -0.289582 -0.0319045
8 3189 -0.306769 -0.0261646
8 82 0.204243 -0.118004
8 73 0.301443 -0.132353
8 3294 0.212264 -0.116856
5 3346 0.284256 -0.0271212
8 3346 0.317674 -0.132353
8 1850 -0.00791441 -0.0720841
8 103 0.208827 -0.103654
8 456 -0.292447 -0.00607477
8 137 -0.287673 -0.00416145
8 1990 -0.305623 0.0013872
8 3326 -0.293936 -0.00228639
8 3295 -0.282899 -0.00416145
8 1345 -0.215566 -0.0463692
8 176 -0.226565 0.0417581
8 167 0.265657 -0.0477467
8 2982 0.221239 -0.00511811
8 198 0.298578 -0.00703143
8 1627 0.426522 0.0913894
8 1795 0.177662 -0.18275
8 260 -0.237564 -0.0752985
8 1651 -0.236189 -0.0615226
8 264 -0.0153771 -0.107534
8 254 0.212035 -0.138667
8 966 0.220284 -0.138667
8 1381 0.195811 -0.127371
8 1390 -0.30741 -0.0265319
8 131 -0.30576 -0.00338843
8 318 -0.274687 -0.00779674
8 479 -0.244714 0.0048771
8 1400 -0.001078 -0.0422364
8 2588 -0.00382782 -0.0394812
8 2813 0.299342 -0.00664874
8 2502 0.265657 0.0142447
5 3347 0.212035 -0.126269
8 3347 0.21462 -0.227219
8 1422 0.185911 -0.18027
8 1682 0.218909 -0.167046
8 996 0.260157 -0.155474
8 57 -0.0249466 -0.110179
8 412 -0.017027 -0.108195
8 3129 0.0209868 -0.109782
5 411 0.20791 -0.0408588
8 444 -0.290911 -0.0314912
8 580 -0.238023 -0.0422364
8 439 -0.252688 -0.0394812
8 581 -0.215016 -0.0463691
8 447 -0.266163 -0.0298381
8 480 -0.234814 0.00289342
8 612 0.00937142 -0.0480222
8 3333 -0.30411 0.034633
8 1713 0.101766 -0.0397567
8 496 -0.22794 0.0417964
8 503 -0.231515 0.0495109
8 362 0.302779 -0.0105519
8 3304 0.298655 -0.00641915
5 3348 0.298655 0.238791
8 3348 0.405877 0.142548
8 656 0.253557 -0.191842
8 3335 -0.234814 -0.0562878
8 556 0.21264 -0.130016
5 2143 -0.186967 -0.0298381
8 3337 -0.286291 -0.00702524
5 3349 0.0390697 -8.22329e-05
8 3349 -0.00547772 -0.0546346
8 609 0.260157 -0.0744719
8 3200 0.12486 -0.041415
8 1818 -0.266493 0.0862098
8 641 -0.203466 0.0792668
8 1716 0.303054 -0.0100008
8 3310 0.174468 -0.185957
8 3204 0.184921 -0.181196
5 824 0.0780075 -0.0625695
8 1069 -0.214224 -0.0550313
5 3350 0.0661282 -0.0367811
8 3350 0.0233627 -0.102641
8 1275 -0.242734 -0.0407485
5 1871 0.198781 -0.0328136
8 689 -0.017027 -0.0835969
8 1512 -0.30609 -0.00107404
8 694 0.169082 -0.0982766
8 3028 0.00435578 -0.0574118
8 1514 -0.0209868 -0.0427322
8 720 -0.27362 0.0401875
8 3339 0.114965 -0.0496753
8 723 -0.230855 0.0401875
8 730 -0.275996 0.0758945
8 1266 0.426522 0.123074
8 734 -0.20472 0.078275
8 3340 0.303715 -0.0121829
8 3315 0.185872 -0.180244
8 3316 0.244318 -0.176435
8 1094 0.256197 -0.166913
5 3043 0.18017 -0.0145633
8 1104 0.00197992 -0.0645532
8 3320 -0.230379 0.0482811
8 3321 -0.270294 0.0739901
8 1584 -0.241784 -0.0774077
8 829 0.268552 -0.145965
8 3221 -0.236082 0.00257608
8 2609 0.265701 -0.0774077
5 3351 0.254867 -0.0756937
8 3351 0.254867 -0.17853
5 3352 0.0632772 -0.0448428
8 3352 0.0188011 -0.109972
8 2959 -0.234371 -0.0482707
8 1302 -0.237792 -0.000280466
5 3353 -0.200785 -0.0519943
9 3353 0.225509 -0.231517
9 292 -0.033658 -0.337355
9 131 0.203785 -0.204792
9 292 -0.0120773 -0.325744
5 1527 0.0300869 -0.00894474
9 317 -0.0237642 -0.307422
9 976 -0.0462026 -0.312217
9 992 0.225311 -0.233566
9 478 -0.0776152 -0.324642
9 1028 0.223722 -0.23395
5 3354 0.20241 -0.0728188
9 3354 0.193284 -0.236804
5 3355 -0.206766 -0.0546346
9 3355 0.0225707 -0.354177
9 859 -0.0137272 -0.3026
10 101 -0.00199461 -0.281018
10 341 -0.116021 -0.195479
10 164 -0.114371 -0.195148
10 189 -0.199968 -0.155011
10 182 0.00772152 -0.266232
5 3356 0.303352 0.236916
10 3356 0.23719 -0.20262
10 242 -0.0226184 -0.369413
10 320 0.279482 -0.197406
10 990 0.252748 -0.204103
10 525 -0.0325176 -0.415053
10 527 0.2432 -0.25117
5 3357 0.321203 0.266067
10 3357 -0.193567 -0.157954
10 660 -0.018952 -0.405919
10 1266 -0.201816 -0.151066
5 3358 0.325493 0.264745
10 3358 -0.198517 -0.160433
10 1767 0.0256435 -0.267655
10 809 -0.202695 -0.142877
10 872 -0.202504 -0.142111
11 71 0.0522384 -0.291159
11 1618 -0.289811 0.0652153
5 3359 -0.166412 0.0666312
11 3359 0.0159557 -0.325598
11 1637 -0.170193 -0.13729
11 279 -0.0222539 -0.250515
11 2366 -0.179589 0.101262
11 357 -0.218975 0.133819
11 1670 0.306904 -0.181373
11 1629 0.294759 -0.137519
11 1683 0.0818373 -0.321772
11 1015 0.0560576 -0.331338
11 1449 0.298105 -0.186883
11 525 -0.165457 -0.12183
11 614 0.0456693 -0.349438
11 1743 -0.00218558 -0.322728
11 2549 0.0713345 -0.348558
11 3341 -0.157599 -0.2173
11 2962 0.298105 -0.145555
5 3360 -0.185508 -0.0577342
12 3360 0.22143 -0.232802
12 1327 0.203098 -0.210799
12 3294 0.20736 -0.210026
12 156 -0.199018 0.0739901
12 150 0.145324 -0.173658
12 3023 0.139126 -0.181143
12 71 0.195077 -0.209843
12 1691 0.243658 -0.210302
12 1659 -0.131466 0.0415668
12 391 0.194425 -0.319263
12 417 0.19911 -0.211679
12 1232 -0.0995223 0.12886
12 3101 0.239762 -0.240838
12 1037 0.234418 -0.219284
12 1722 0.0827921 -0.151295
12 3015 0.07088 -0.119304
13 82 0.138935 -0.208695
13 3294 0.144855 -0.210799
13 940 0.371525 -0.0858599
13 1627 0.381837 -0.0720841
5 3361 0.310991 0.19578
13 3361 0.128623 -0.170811
13 1634 -0.295953 0.0140024
13 971 0.141914 -0.21719
13 1012 0.0209208 -0.115799
5 3362 0.302779 0.191953
13 3362 0.382525 -0.0711657
5 3363 0.330278 0.2792
13 3363 0.190861 -0.216639
5 2934 0.220284 -0.0243277
13 1471 0.185911 -0.239782
13 1773 0.127477 -0.26265
13 888 -0.112062 -0.169294
13 2307 -0.201816 0.0379392
13 900 -0.0769938 -0.106545
5 3364 0.21551 -0.13905
14 3364 0.114874 -0.315458
14 1605 0.083747 -0.239499
14 1327 0.130532 -0.209843
14 1329 0.134352 -0.210799
5 1494 0.148674 -0.000334827
5 3365 0.145809 0.0121017
14 3365 0.0839379 -0.204103
14 3356 0.34648 -0.0336071
5 3366 0.215701 -0.138667
14 3366 0.114415 -0.314998
14 260 0.0494972 -0.171674
5 3367 -0.226565 0.019755
14 3367 -0.238977 0.0341048
14 3362 0.363276 -0.0670329
14 429 0.195459 -0.242369
14 3332 0.144664 -0.209843
14 2934 0.143289 -0.208924
14 472 0.139164 -0.207547
14 1672 0.38115 -0.0491243
14 1700 -0.0962225 -0.106211
14 2143 0.0896668 -0.162775
14 1714 0.0732441 -0.195493
14 2264 0.098069 -0.250022
5 3368 0.144532 0.0116219
14 3368 0.0839471 -0.203414
14 3225 0.144855 -0.240456
14 1569 0.0737177 -0.188536
5 3369 0.205007 -0.12757
15 3369 0.0753676 -0.312519
15 5 0.0866114 -0.282549
15 1606 0.052269 -0.266232
15 928 0.0999787 -0.263798
15 26 0.0507107 -0.25117
15 1319 0.100933 -0.248109
15 3118 -0.353745 -0.100784
15 3325 0.0953956 -0.220175
15 91 -0.352599 -0.0883473
15 291 -0.349735 -0.083564
15 114 -0.382389 -0.0548643
15 82 0.0896668 -0.199511
15 3294 0.0976872 -0.198363
15 1850 -0.120582 -0.138093
15 125 -0.389264 -0.0353484
15 148 -0.131466 -0.104228
15 341 -0.00428614 -0.107672
15 192 -0.31181 0.0335309
15 209 -0.317272 0.0589779
15 2982 0.116019 -0.0927479
5 1356 0.323403 0.20726
5 1360 0.3129 0.219696
15 1363 0.325695 0.0369748
15 3186 0.0456693 -0.251629
15 1651 -0.353745 -0.0927479
15 291 -0.349162 -0.083564
15 278 -0.113134 -0.166219
15 263 0.0965414 -0.210302
15 71 0.0803835 -0.205953
15 971 0.0951665 -0.20672
15 307 -0.382198 -0.0558209
15 1653 0.112391 -0.202189
15 1655 0.117165 -0.200659
15 306 0.0555688 -0.178617
15 317 -0.107405 -0.12604
15 338 -0.347008 -0.0248788
15 503 -0.333809 0.0156223
15 1668 -0.324184 0.0693481
15 360 0.190036 -0.111116
15 2502 0.158413 -0.076676
5 3370 0.214785 -0.131779
15 3370 0.11127 -0.319263
15 393 0.0770175 -0.241435
15 2087 -0.355258 -0.0992684
15 423 -0.117671 -0.167046
15 447 0.336977 0.00686089
15 1431 0.174912 -0.210302
15 434 0.0935166 -0.188536
15 462 0.086917 -0.160433
15 627 -0.381656 0.0164488
15 1713 -0.00547772 -0.117453
15 981 0.114965 -0.092656
15 3304 0.188661 -0.101473
15 2595 0.341002 0.019755
15 1461 0.0902168 -0.28111
15 996 0.141364 -0.243088
15 1237 -0.349648 -0.0843905
5 1907 0.0654682 -0.0381036
15 3306 -0.123941 -0.145886
15 600 0.336977 0.0368549
5 3371 0.147963 -8.22329e-05
15 3371 0.0162351 -0.155011
15 643 -0.31797 0.0544702
5 3372 0.298105 0.0957978
15 3372 0.184921 -0.102244
15 619 -0.0906787 -0.107402
15 718 0.0242206 -0.114146
15 2264 0.087511 -0.281176
15 750 0.127901 -0.247849
15 1532 -0.344896 -0.0693141
15 2237 0.125525 -0.20262
15 779 0.0689793 -0.160248
15 794 0.0205908 -0.126049
15 797 0.0225707 -0.11613
15 2255 -0.321613 0.0454245
15 1773 0.0860855 -0.288793
5 3373 0.220084 -0.0345593
15 3373 0.114596 -0.211666
15 840 0.104562 -0.205251
15 1578 0.111175 -0.315645
15 3224 -0.111206 -0.13054
5 2213 0.316449 0.126551
16 3344 -0.0799068 -0.546203
16 3369 0.085542 -0.3026
16 5 0.0965414 -0.272982
16 3292 0.129578 -0.271069
16 928 0.104562 -0.254614
16 33 0.120602 -0.241986
16 40 0.0839379 -0.230506
16 3118 -0.352599 -0.11456
16 59 -0.127571 -0.175862
5 3374 0.0264586 -0.0510376
16 3374 -0.120696 -0.173107
16 3325 0.103416 -0.209843
5 56 0.232697 -0.0433844
5 3375 0.0598768 -0.0319045
16 3375 -0.0814345 -0.160097
16 95 -0.0842989 -0.157227
16 943 -0.355464 -0.080694
5 3376 0.235561 -0.0261646
16 3376 0.143518 -0.196067
16 1987 -0.390792 -0.0567776
16 1850 -0.105305 -0.137137
16 141 -0.113898 -0.111307
16 2480 0.138171 -0.109394
16 197 -0.306769 0.0266429
16 1623 0.206917 -0.0931306
16 195 0.209972 -0.0893039
16 1627 0.302779 0.016311
16 2341 0.308508 0.022051
5 3377 0.31672 0.249353
16 3377 0.322258 0.0714144
16 3299 0.103416 -0.25466
5 3378 0.175599 -0.083564
16 3378 0.0704179 -0.244742
16 3300 0.0598768 -0.243134
16 234 0.0694249 -0.237586
16 233 0.140081 -0.247726
16 934 -0.127571 -0.170352
16 3094 -0.104197 -0.168974
16 261 0.106853 -0.204103
16 1192 -0.0799068 -0.168515
5 3379 0.0598768 -0.0319045
16 3379 -0.0810525 -0.160479
16 1195 -0.106947 -0.145555
16 496 -0.328538 -0.00894474
16 1204 -0.365157 0.0395923
16 1668 -0.328309 0.0500619
16 2813 0.203098 -0.0847119
16 2502 0.168037 -0.0615226
5 3380 0.309654 0.214913
16 3380 0.306354 0.0395923
16 381 0.0566248 -0.25261
16 1237 -0.348658 -0.0992684
16 998 -0.0764236 -0.172005
16 418 0.124865 -0.198455
16 433 0.131464 -0.190189
16 475 -0.360207 -0.0430629
16 1713 0.0087115 -0.110179
16 496 -0.330509 -0.0083477
16 518 -0.361857 0.0561233
16 981 0.128165 -0.0794312
16 2129 0.19966 -0.0849416
16 3304 0.20241 -0.0843905
16 3348 0.291505 0.0643888
16 1461 0.0931041 -0.270686
16 1728 -0.14176 -0.191512
16 546 0.0799874 -0.223251
16 3101 0.172712 -0.224904
16 692 -0.370107 -0.0843905
16 2834 0.161163 -0.20024
16 574 0.163539 -0.190718
16 587 0.068108 -0.169691
16 455 -0.0929226 -0.129024
16 616 -0.351628 -0.044716
16 3307 0.0222957 -0.119381
16 1818 -0.365487 0.0386004
16 642 -0.363507 0.0485191
16 1487 0.322853 0.0462047
5 3381 0.312954 0.274333
16 3381 0.314604 0.0957978
16 1498 0.0918666 -0.271191
16 3310 0.0613765 -0.257371
16 666 0.0756317 -0.228806
16 3311 0.175418 -0.226425
16 676 0.11127 -0.207381
16 3312 0.158787 -0.209762
16 698 -0.345688 -0.080423
16 694 0.0685041 -0.169294
16 691 0.151263 -0.181924
5 3382 0.157203 0.0108283
16 3382 0.0447455 -0.135967
5 3383 0.145324 0.012812
16 3383 0.0304903 -0.133587
16 3339 0.0225707 -0.119106
16 2248 0.188881 -0.137951
5 3384 0.319554 0.270696
16 3384 0.323513 0.0901773
16 2264 0.0970145 -0.271654
5 3385 0.189673 -0.0693141
16 3385 0.0889366 -0.231662
16 749 0.0746814 -0.228806
16 1094 0.146908 -0.240708
16 1758 0.144532 -0.193099
16 1759 0.0917876 -0.180244
16 773 0.107753 -0.175102
16 1760 0.149283 -0.183577
16 3216 -0.0835512 -0.114543
16 801 -0.333017 -0.00885015
16 1085 0.177002 -0.112163
16 1541 -0.321613 0.0482811
16 2436 0.329849 0.0306656
16 1548 0.325573 0.0825599
16 1551 0.323292 0.0922722
5 1119 0.240041 -0.0974036
16 823 0.148808 -0.240232
16 1562 0.148808 -0.183101
5 3386 0.183021 0.00543267
16 3386 0.189673 -0.138348
5 2241 0.00910752 0.0140024
16 2609 0.163063 -0.151678
16 860 0.177319 -0.145965
16 2287 0.128851 -0.105973
16 3217 0.199177 -0.0883578
16 1570 0.302764 0.0197154
16 1571 0.313028 0.0237147
16 3223 0.322721 0.0911296
16 2456 0.128281 -0.284794
16 1589 0.163063 -0.188814
16 3224 -0.0975212 -0.13054
16 1284 -0.31306 0.0100032
5 3387 0.316449 0.249954
16 3387 0.31987 0.0717049
17 3369 0.107999 -0.26265
17 3022 0.0869169 -0.243364
17 1606 0.0786674 -0.221323
5 1170 0.363505 -0.0902606
5 935 0.0235942 -0.0462544
17 3325 0.120984 -0.17349
17 91 -0.322046 -0.0931306
17 2028 -0.0499259 -0.143833
17 95 -0.0585191 -0.13044
17 73 0.200806 -0.167367
17 3294 0.121748 -0.152443
17 94 0.148101 -0.152443
5 3388 0.179228 -0.0204246
17 3388 0.0875662 -0.14192
17 103 0.119457 -0.139815
17 3295 -0.371695 -0.0424277
17 134 -0.0707406 -0.0950439
17 209 -0.30104 0.0461587
17 210 -0.310588 0.0494113
17 211 -0.336368 0.0589779
17 3298 0.142372 -0.0468283
17 212 -0.307914 0.0564906
17 1623 0.222194 -0.052951
17 1627 0.299533 0.0541946
17 2341 0.305071 0.0576386
17 3361 0.309081 0.0580212
5 3389 0.327222 0.213
17 3389 0.330087 0.0723711
17 1360 0.313091 0.0817464
5 3390 0.308126 0.241699
17 3390 0.302779 0.10241
17 2984 0.152913 -0.246119
17 3186 0.0747718 -0.207547
17 227 0.124865 -0.214986
17 231 0.12404 -0.208924
17 234 0.088521 -0.201807
17 1376 0.088521 -0.197215
17 233 0.158413 -0.209843
17 242 0.0976872 -0.193771
17 244 0.12404 -0.189638
17 257 -0.0931977 -0.146933
17 90 -0.0558457 -0.136371
17 269 0.12679 -0.159331
17 1655 0.136414 -0.153821
17 1179 -0.387431 -0.0422364
17 334 -0.334267 -0.0353484
17 1395 0.116019 -0.11456
17 358 -0.354433 0.0335309
17 192 -0.289811 0.0252653
17 190 0.220284 -0.0525683
17 362 0.224867 -0.0502723
17 2813 0.219138 -0.0468283
17 2502 0.183161 -0.0257053
17 3380 0.303054 0.0759606
5 3391 0.325695 0.222949
17 3391 0.325695 0.0817464
17 3303 0.328177 0.124031
5 3392 0.309654 0.27346
17 3392 0.308508 0.133406
17 1805 0.086917 -0.243088
17 1421 0.086917 -0.224904
17 993 0.107541 -0.229588
17 381 0.0786674 -0.216639
17 1423 0.0704179 -0.208373
17 1209 0.158413 -0.210302
5 3393 0.0236706 -0.043614
17 3393 -0.0978724 -0.138943
17 1237 -0.31896 -0.0893498
17 998 -0.0501168 -0.144407
17 418 0.140539 -0.162086
5 3394 0.276656 -0.0298381
17 3394 0.20736 -0.168699
17 3332 0.136414 -0.153821
17 438 0.124865 -0.143902
17 1437 0.119915 -0.138943
17 1435 0.170787 -0.146933
5 455 0.0470442 -0.00641915
17 1227 0.0621684 -0.0725433
17 519 -0.30807 0.0544702
17 1447 0.331103 -0.0199194
5 3289 0.334403 0.212617
17 1023 0.308004 0.0974509
17 1028 0.085927 -0.225235
17 658 0.0700879 -0.209365
17 3101 0.187286 -0.185505
17 3335 -0.323909 -0.0923254
17 564 -0.0764236 -0.138943
17 3250 -0.0605845 -0.139935
5 3395 -0.234814 -0.0314912
17 3395 -0.378356 -0.0645532
5 3396 0.243658 -0.0314912
17 3396 0.165122 -0.165723
17 574 0.177794 -0.152631
17 3371 0.0502891 -0.11613
17 1818 -0.341728 0.0425679
17 520 -0.300151 0.0544702
17 1055 0.327803 0.082573
17 3381 0.311304 0.132166
17 1498 0.111666 -0.23317
17 1727 0.106518 -0.195479
17 671 0.167102 -0.191512
17 1062 0.171062 -0.183577
17 566 0.177794 -0.162152
17 3133 -0.31401 -0.038368
17 3382 0.0685041 -0.105021
17 2248 0.20472 -0.10026
17 730 -0.3544 0.033046
17 3314 0.21396 -0.0794312
5 3397 0.291835 0.092161
17 3397 0.21462 -0.0486834
5 3398 0.331433 0.213168
17 3398 0.334601 0.0711336
5 3399 0.339352 0.215152
17 3399 0.337373 0.07034
17 1089 0.327473 0.0762912
17 3315 0.0917876 -0.214523
17 741 0.0718303 -0.20881
17 744 0.0803835 -0.203096
17 752 0.137404 -0.181196
17 3317 0.144532 -0.181196
17 1274 -0.321613 -0.0859773
17 1275 -0.327315 -0.0802643
17 1760 0.163539 -0.145489
17 777 -0.0716718 -0.0954992
5 3400 0.146908 -0.000280524
17 3400 0.0518731 -0.114543
17 3210 -0.104364 -0.0791216
17 791 0.0946386 -0.0974036
5 3401 0.144532 0.0259047
17 3401 0.0471213 -0.0883578
17 1535 0.20868 -0.107402
5 3402 0.30609 0.225864
17 3402 0.30609 0.0877968
5 2558 0.0176606 -0.0716946
5 3403 0.245743 -0.0659814
17 3403 0.160212 -0.203096
17 2567 0.15451 -0.197383
17 3341 -0.327315 -0.0916905
5 3404 0.274254 -0.0288461
17 3404 0.203548 -0.168246
17 851 -0.318762 -0.0631249
17 2277 -0.0849766 -0.105973
17 2609 0.18017 -0.114543
17 1109 0.049022 -0.0859773
17 861 0.202978 -0.10026
17 2286 0.202978 -0.0916905
17 1568 -0.299375 0.0511377
17 1577 0.31987 0.128265
17 3352 -0.053045 -0.147679
17 3122 0.145387 -0.154535
17 903 0.193284 -0.109972
17 3324 0.213812 -0.096261
17 3387 0.316449 0.109412
17 2616 0.31987 0.126551
6 3405 0.213601 -0.203146
7 3405 0.239762 -0.235098
6 3406 0.214555 -0.19645
7 3406 0.240908 -0.22821
6 3407 0.310991 -0.174446
7 3407 0.285593 -0.207547
6 3408 0.163951 -0.15627
7 3408 0.193932 -0.183439
6 3409 0.164905 -0.15053
7 3409 0.195459 -0.177316
7 13 0.204243 -0.177699
6 3410 0.208827 -0.149573
7 3410 0.240335 -0.180186
6 3411 0.168725 -0.148617
7 3411 0.202143 -0.17636
6 3412 0.176363 -0.14766
7 3412 0.207872 -0.17636
6 3413 0.200233 -0.14766
7 3413 0.232697 -0.178273
7 26 0.19164 -0.169663
6 3414 0.203098 -0.142877
7 3414 0.236516 -0.17349
6 3415 0.168725 -0.14192
7 3415 0.198324 -0.17062
6 3416 0.220284 -0.138093
7 3416 0.254657 -0.169663
6 3417 0.172544 -0.135223
7 3417 0.204052 -0.163923
6 3418 0.224103 -0.135223
7 3418 0.257522 -0.16775
6 3419 0.205007 -0.134267
7 3419 0.238426 -0.16488
6 3420 0.208827 -0.134267
7 3420 0.2432 -0.165836
7 1319 0.24129 -0.162967
6 3421 0.211691 -0.131397
7 3421 0.245109 -0.16201
6 3422 0.177318 -0.126614
7 3422 0.209781 -0.155313
6 3423 0.224103 -0.122787
7 3423 0.255612 -0.155313
7 2330 0.287121 -0.1534
6 3424 0.279482 -0.111307
7 3424 0.308126 -0.14766
7 53 0.234606 -0.135223
7 54 0.23938 -0.134267
6 3425 0.212646 -0.102697
7 3425 0.242245 -0.13331
6 3426 0.266115 -0.10174
7 3426 0.295714 -0.137137
6 3427 0.26325 -0.0998271
7 3427 0.292849 -0.13618
6 3428 0.26516 -0.0969572
7 3428 0.295714 -0.132353
6 3429 0.218375 -0.0950439
7 3429 0.249883 -0.126614
6 3430 0.247019 -0.0950439
7 3430 0.277573 -0.129483
6 3431 0.204052 -0.0940872
7 3431 0.235179 -0.124892
6 3432 -0.0165077 -0.0912172
7 3432 0.00373423 -0.104228
6 3433 0.204052 -0.0912172
7 3433 0.235179 -0.122596
6 3434 0.170634 -0.0883473
7 3434 0.20241 -0.118004
6 3435 0.200233 -0.0883473
7 3435 0.231742 -0.11896
6 3436 0.211691 -0.0873906
7 3436 0.2432 -0.11896
6 3437 0.262296 -0.0854773
7 3437 0.296669 -0.120874
6 3438 0.282347 -0.0845206
7 3438 0.317674 -0.12183
6 3439 -0.0212817 -0.083564
7 3439 -0.00199461 -0.0961918
7 1173 -0.215107 -0.0739974
6 3440 0.231742 -0.0787807
7 3440 0.262296 -0.112264
6 3441 0.268979 -0.077824
7 3441 0.303352 -0.115134
6 3442 0.0178653 -0.0711274
7 3442 0.0379163 -0.0873906
6 3443 0.258476 -0.0701708
7 3443 0.289985 -0.106524
6 3444 0.169679 -0.0644308
7 3444 0.19355 -0.0931306
7 1174 -0.211288 -0.0586909
7 1985 0.0159557 -0.0759107
6 79 -0.272396 -0.0606042
7 84 -0.211288 -0.0558209
7 115 0.0188202 -0.0701708
6 3445 0.132442 -0.050081
7 3445 0.156121 -0.075528
7 135 0.221239 -0.0739974
6 1847 0.0111817 -0.0366878
6 3446 -0.315362 -0.0347745
7 3446 -0.266667 -0.0261646
6 3447 -0.287673 -0.0328612
7 3447 -0.241842 -0.0242513
6 3448 -0.315362 -0.0299912
7 3448 -0.266667 -0.0204246
6 113 -0.311543 -0.0299912
7 146 0.0283682 -0.0424277
6 3449 0.124804 -0.0271212
7 3449 0.148101 -0.0514203
6 3450 -0.00123077 -0.0261646
7 3450 0.0188202 -0.0405144
7 145 0.0226394 -0.0405144
6 3451 -0.313452 -0.0204246
7 3451 -0.265712 -0.0099014
7 944 -0.244706 -0.0108581
7 1987 -0.248526 -0.00894474
7 318 -0.247571 -0.00416145
6 3452 -0.312497 -0.0118147
7 3452 -0.263802 -0.00224814
7 131 -0.279079 0.00157849
7 320 -0.272396 0.00157849
6 3453 -0.317272 -0.00894474
7 3453 -0.268576 0.00157849
6 3454 -0.328729 -0.00703143
7 3454 -0.280989 0.00444846
6 3455 0.108572 -0.00703143
7 3455 0.128623 -0.0299912
6 3456 -0.242797 0.00062183
7 3456 -0.205559 0.00636177
6 3457 -0.248526 0.00636177
7 3457 -0.212243 0.0121017
7 177 0.305262 -0.0290345
6 3458 0.221239 0.0264516
7 3458 0.245109 -0.00703143
7 190 0.324358 -0.00798808
6 3459 -0.234203 0.0379315
7 3459 -0.197921 0.0436714
7 176 -0.20174 0.044628
6 3460 -0.312497 0.0408014
7 3460 -0.273541 0.0541946
6 3461 -0.226565 0.0427147
7 3461 -0.191237 0.047498
6 3462 -0.271441 0.0618479
7 3462 -0.229429 0.0704578
6 3463 -0.246616 0.078111
7 3463 -0.19983 0.0848076
6 209 -0.243751 0.0857643
7 210 -0.207469 0.0953309
6 3464 -0.250435 0.0934176
7 3464 -0.20365 0.101071
7 211 -0.236113 0.104897
6 3465 0.220284 -0.199511
7 3465 0.247783 -0.230506
6 3466 0.231742 -0.193771
7 3466 0.256567 -0.227063
7 925 0.224103 -0.192623
6 3467 0.164142 -0.151295
7 3467 0.195077 -0.177699
6 3185 0.168725 -0.151295
7 928 0.239762 -0.181143
6 3468 0.21341 -0.145555
7 3468 0.245491 -0.176551
7 930 0.206535 -0.171959
6 3469 0.204243 -0.142111
7 3469 0.237471 -0.173107
6 3470 0.217993 -0.134075
7 3470 0.25122 -0.165071
6 3471 0.173308 -0.112264
7 3471 0.201952 -0.140963
7 250 0.248928 -0.140963
6 3472 0.253511 -0.10882
7 3472 0.280781 -0.144178
6 3473 0.234033 -0.105376
7 3473 0.261341 -0.138093
6 3474 0.266115 -0.101932
7 3474 0.295905 -0.137519
6 3475 0.291322 -0.100784
7 3475 0.323403 -0.138667
6 3476 0.264969 -0.0973398
7 3476 0.294759 -0.132927
6 3477 0.247783 -0.0915999
7 3477 0.278718 -0.12604
6 3478 0.290176 -0.0915999
7 3478 0.324549 -0.129483
6 3479 0.307363 -0.0893039
7 3479 0.341736 -0.129483
6 3480 0.248928 -0.0847119
7 3480 0.281392 -0.119917
6 3481 -0.0214726 -0.083564
7 3481 -0.00245289 -0.0959622
6 3482 0.282156 -0.083564
7 3482 0.317674 -0.121448
6 75 0.000296922 -0.082416
7 88 0.224867 -0.112264
7 3294 0.235179 -0.112264
6 3483 0.268406 -0.077824
7 3483 0.302779 -0.11456
6 294 0.206535 -0.073232
6 3484 0.185911 -0.0720841
7 3484 0.217993 -0.101932
6 3485 0.264969 -0.0720841
7 3485 0.295905 -0.108361
6 3486 0.0174834 -0.0709361
7 3486 0.0381072 -0.0870079
7 298 0.231742 -0.0996358
6 3487 0.000296922 -0.0548643
7 3487 0.0186292 -0.0686401
7 312 0.019775 -0.0594562
6 3488 -0.230002 -0.0445323
7 3488 -0.191046 -0.0410884
6 3489 0.195077 -0.0422364
7 3489 0.22143 -0.073232
6 3490 0.187057 -0.0399404
7 3490 0.21341 -0.0697881
6 3491 -0.250626 -0.0387924
7 3491 -0.208233 -0.0342004
6 3492 -0.24948 -0.0307565
7 3492 -0.207087 -0.0261646
6 977 0.00831731 -0.0284605
6 145 -0.000848828 -0.0261646
6 3493 0.00258848 -0.0261646
7 3493 0.0220665 -0.0410884
7 2713 0.137789 -0.0399404
6 3494 0.255803 -0.0135367
7 3494 0.278306 -0.0496753
6 3495 0.266115 -0.00550074
7 3495 0.292468 -0.0433844
6 3496 0.231742 0.00942309
7 3496 0.254657 -0.0242513
7 1483 0.317674 -0.0290345
6 3497 -0.234585 0.0381228
7 3497 -0.197921 0.0438627
7 176 -0.202504 0.0461587
6 3498 -0.231148 0.0645266
7 3498 -0.187418 0.0695011
7 202 -0.187418 0.0819377
6 3499 -0.256355 0.0920783
7 3499 -0.208233 0.100114
7 211 -0.238023 0.105854
6 984 -0.243751 0.0943742
6 3500 0.0841671 -0.430716
7 3500 0.0539188 -0.448624
6 3501 0.236783 -0.200659
7 3501 0.260386 -0.232802
7 2992 0.268406 -0.208924
7 2728 0.235408 -0.196526
7 3299 0.240358 -0.18027
7 962 0.206535 -0.175862
6 3502 0.203785 -0.1428
7 3502 0.236783 -0.173107
7 1374 0.249158 -0.170352
6 3503 0.256032 -0.134535
7 3503 0.280781 -0.168974
7 236 0.245033 -0.163464
6 3504 0.250532 -0.130402
7 3504 0.275281 -0.163923
6 239 0.191411 -0.129024
7 242 0.209285 -0.155198
6 3505 0.260157 -0.119381
7 3505 0.28628 -0.153821
6 3506 0.172162 -0.112493
7 3506 0.19966 -0.141423
6 3507 0.264282 -0.105605
7 3507 0.293155 -0.141423
7 254 0.234033 -0.135912
7 966 0.242283 -0.134535
6 3508 0.264282 -0.0973398
7 3508 0.29453 -0.133157
6 3509 0.295905 -0.0973398
7 3509 0.330278 -0.135912
7 2618 0.304154 -0.133157
6 3510 -0.0272015 -0.0945846
7 3510 -0.00877752 -0.105881
7 257 0.00277182 -0.104228
6 3511 0.214785 -0.0890743
7 3511 0.246408 -0.120759
7 1327 0.240908 -0.119381
6 3512 0.262907 -0.0863192
7 3512 0.295905 -0.123514
6 430 0.247783 -0.0849416
7 285 0.0319201 -0.093207
6 3513 0.267032 -0.0780536
7 3513 0.301405 -0.115248
6 3514 0.168037 -0.0739209
7 3514 0.195536 -0.101473
6 3515 0.187286 -0.0739209
7 3515 0.218909 -0.104228
7 2023 -0.212816 -0.0560122
6 2749 -0.00520274 -0.0546346
6 3516 0.130914 -0.0505019
7 3516 0.155663 -0.0752985
7 462 0.221659 -0.0739209
6 3517 0.185911 -0.0394812
7 3517 0.21341 -0.0697881
6 3518 -0.251314 -0.0381036
7 3518 -0.208691 -0.0339709
6 444 -0.31456 -0.0353484
7 320 -0.273312 0.000468791
7 321 -0.262313 -0.000908798
6 3519 -0.266438 0.000468791
7 3519 -0.22794 0.00873432
7 338 -0.211441 0.0114895
6 3520 0.30003 0.0101119
7 3520 0.322258 -0.0296085
6 340 -0.292561 0.0183774
6 3521 0.220284 0.0266429
7 3521 0.243658 -0.00779674
6 3522 -0.234814 0.0376636
7 3522 -0.199067 0.043174
6 198 0.302779 0.0390412
7 503 -0.207316 0.052817
7 354 -0.186692 0.0541946
6 3523 -0.267813 0.052817
7 3523 -0.22794 0.0610826
7 512 -0.234814 0.0792668
6 984 -0.245814 0.0941446
7 1027 0.260157 -0.232343
6 3524 0.21561 -0.196802
7 3524 0.240358 -0.22821
7 992 0.235408 -0.196802
7 1643 0.194161 -0.183577
7 1425 0.243658 -0.172005
6 3525 0.171062 -0.135637
7 3525 0.20241 -0.163739
7 1210 0.279956 -0.168699
6 3526 0.176012 -0.125718
7 3526 0.20901 -0.155474
7 545 0.270056 -0.160433
6 3527 0.256857 -0.117453
7 3527 0.284906 -0.152168
6 3528 0.284906 -0.112493
7 3528 0.311029 -0.149688
7 405 0.243658 -0.135637
6 3529 0.19911 -0.0992684
7 3529 0.230459 -0.130677
6 3530 0.298105 -0.092656
7 3530 0.331103 -0.130677
6 3531 0.291505 -0.0910029
7 3531 0.324503 -0.129024
6 3532 0.306354 -0.0893498
7 3532 0.341002 -0.129024
6 3533 0.263457 -0.0876967
7 3533 0.296455 -0.124065
7 430 0.279956 -0.119106
6 3534 -0.0219768 -0.0827374
7 3534 -0.00217789 -0.0959622
6 2904 0.281606 -0.0827374
6 3535 0.271706 -0.0810843
7 3535 0.306354 -0.119106
6 287 0.275006 -0.0810843
7 407 -0.216666 -0.0728188
6 3536 0.167762 -0.0728188
7 3536 0.191411 -0.100095
7 1437 0.233758 -0.0992684
6 3537 0.225509 -0.0645532
7 3537 0.256857 -0.0976153
7 1709 -0.22794 -0.0449916
6 3538 0.179312 -0.0414098
7 3538 0.20571 -0.0711656
6 3539 -0.264513 -0.0397567
7 3539 -0.21969 -0.0342004
7 1816 -0.208416 -0.0331443
6 1197 0.00772152 -0.0381036
7 446 -0.262863 -0.0215726
6 3540 0.278306 -0.0298381
7 3540 0.304704 -0.0678594
6 3541 0.123215 -0.028185
7 3541 0.146314 -0.0529815
7 1712 0.017621 -0.0397567
6 456 -0.31731 -0.0149602
6 3542 -0.322259 -0.011654
7 3542 -0.274412 -8.22329e-05
7 1692 -0.269462 0.0015709
7 2499 0.253557 -0.0248788
7 1085 0.304154 -0.0298381
6 625 -0.249664 0.0247144
7 2222 0.245308 -0.00669463
7 362 0.332753 -0.00669463
6 1045 -0.238114 0.0379392
6 3543 -0.31401 0.0395923
7 3543 -0.274412 0.0528171
6 1048 -0.221615 0.0495109
6 3544 -0.31071 0.051164
7 3544 -0.267813 0.0643888
6 3545 -0.236464 0.0693481
7 3545 -0.191917 0.0759606
7 1015 -0.241414 0.0891854
6 1860 0.20274 -0.171674
7 1028 0.20274 -0.187544
6 3546 0.165122 -0.155805
7 3546 0.194821 -0.183577
6 3547 0.220559 -0.137951
7 3547 0.248608 -0.170352
6 3548 0.2067 -0.133984
7 3548 0.240358 -0.165723
7 544 0.277976 -0.163739
7 668 0.270056 -0.161756
6 3549 0.175022 -0.126049
7 3549 0.20868 -0.155805
7 1212 0.279956 -0.141918
7 1032 0.232109 -0.135637
6 3550 0.20868 -0.104228
7 3550 0.238378 -0.135967
7 2141 0.254217 -0.132
6 3551 0.287875 -0.10026
7 3551 0.321494 -0.137137
6 3552 0.21066 -0.0962928
7 3552 0.242338 -0.128032
6 3553 0.295795 -0.0923254
7 3553 0.325493 -0.130016
6 3554 0.173042 -0.0903416
7 3554 0.20274 -0.118114
7 561 0.258177 -0.124065
7 554 0.0067316 -0.102244
6 3555 0.262137 -0.0883579
7 3555 0.295795 -0.124065
6 3556 -0.0229667 -0.0843905
7 3556 -0.00316783 -0.0962928
6 3557 0.169082 -0.0784393
7 3557 0.196801 -0.107402
6 3558 0.186901 -0.0744718
7 3558 0.220559 -0.105021
6 3559 0.196801 -0.0724881
7 3559 0.230459 -0.104228
6 3560 0.258177 -0.0724881
7 3560 0.289855 -0.108195
7 691 0.281936 -0.106211
6 3561 0.20274 -0.0685207
7 3561 0.234418 -0.10026
7 1235 -0.211056 -0.0625695
7 1038 0.00475171 -0.080423
7 587 0.192841 -0.0943091
6 3562 0.224519 -0.0645532
7 3562 0.256197 -0.0982766
6 3335 -0.254613 -0.0546346
7 688 -0.209076 -0.0466997
7 1070 -0.213036 -0.0387648
7 1073 0.0258705 -0.0579408
7 702 0.21066 -0.0705044
6 3563 0.115625 -0.0308299
7 3563 0.135424 -0.0546346
6 3564 0.0205908 -0.0209113
7 3564 0.0403897 -0.0367811
6 3565 0.103746 -0.0109926
7 3565 0.125525 -0.0347974
7 1817 -0.280352 0.0048771
7 166 0.282332 -0.0431289
6 3566 0.275996 0.0048771
7 3566 0.301405 -0.0331443
6 3567 0.277976 0.00884456
7 3567 0.304704 -0.0298381
6 3568 0.299755 0.0108283
7 3568 0.325097 -0.0288461
6 3569 0.301735 0.0167795
7 3569 0.322853 -0.0232256
7 2163 -0.275996 0.0354265
6 3570 -0.232835 0.0465353
7 3570 -0.193237 0.0524865
7 1049 -0.234814 0.0782749
6 3571 0.20868 -0.195479
7 3571 0.234815 -0.226425
7 3310 0.194425 -0.183577
6 743 0.24907 -0.143109
7 2228 0.203928 -0.159772
6 3572 0.175418 -0.126445
7 3572 0.20868 -0.155011
6 3573 0.173042 -0.114543
7 3573 0.202978 -0.143109
7 752 0.251446 -0.143109
7 672 0.230063 -0.138348
6 3574 0.201552 -0.0907383
7 3574 0.230459 -0.120097
6 3575 0.263325 -0.0883578
7 3575 0.296587 -0.124065
6 3576 0.173042 -0.0835969
7 3576 0.200127 -0.111686
6 3577 0.246694 -0.0835969
7 3577 0.279956 -0.119304
7 1503 0.308466 -0.120256
6 3578 0.258573 -0.0740751
7 3578 0.289459 -0.109782
7 1760 0.282332 -0.107402
6 3579 0.16829 -0.0669337
7 3579 0.192049 -0.0954992
6 3580 0.260949 -0.0621727
7 3580 0.289855 -0.0982766
7 686 -0.214224 -0.0502703
6 3581 -0.00039593 -0.0526508
7 3581 0.018611 -0.0669337
7 1736 0.151659 -0.0716946
6 3582 0.175418 -0.0455094
7 3582 0.201552 -0.0740751
6 3583 0.279956 -0.0455094
7 3583 0.305694 -0.0824068
6 1533 0.260949 -0.0359875
6 1508 -0.295003 -0.0336071
6 3584 0.116021 -0.0312266
7 3584 0.135028 -0.0550313
6 3585 0.27758 -0.0312266
7 3585 0.303715 -0.0693141
6 3586 -0.252237 -0.0240852
7 3586 -0.211848 -0.0193243
6 3587 0.0209868 -0.0217047
7 3587 0.0399937 -0.0359875
7 1261 -0.254613 -0.00266096
7 1084 0.291835 -0.0431289
6 3340 0.308466 0.0354265
6 3588 0.256197 0.0544703
7 3588 0.291835 0.0167795
6 3589 -0.333017 0.073514
7 3589 -0.292627 0.0901773
6 2255 -0.24511 0.0758945
6 3590 0.174468 -0.171674
7 3590 0.205829 -0.20024
6 653 0.165915 -0.154535
6 3591 0.254297 -0.154535
7 3591 0.275204 -0.188338
7 3315 0.205829 -0.177387
7 1094 0.282807 -0.163105
6 3592 0.177319 -0.125969
7 3592 0.20868 -0.154535
7 826 0.251446 -0.148822
7 3146 -0.0165518 -0.123113
6 3593 0.282807 -0.111686
7 3593 0.308466 -0.148822
6 3594 0.0376179 -0.10026
7 3594 0.0530135 -0.116828
7 830 0.274254 -0.131682
6 3595 0.251446 -0.0916905
7 3595 0.279956 -0.125969
7 890 0.0328662 -0.0931188
6 3596 0.265701 -0.0774077
7 3596 0.297062 -0.114543
7 1529 0.197276 -0.103117
7 2636 0.279956 -0.105973
6 3597 0.202978 -0.068838
7 3597 0.237761 -0.0996889
7 771 0.0062565 -0.0774077
7 1828 0.200127 -0.0859773
6 3598 -0.315911 -0.0545552
7 3598 -0.266493 -0.0455094
6 3599 -0.0137008 -0.0545552
7 3599 0.000554417 -0.0659814
7 1275 -0.216124 -0.0374158
7 779 0.205829 -0.0716946
7 2609 0.287083 -0.0740751
7 2279 0.0262137 -0.0431289
6 3600 0.302764 -0.0145633
7 3600 0.328424 -0.0545552
6 3601 -0.318762 -0.00885015
7 3601 -0.275996 0.00257608
7 3034 0.137404 -0.0288461
7 3037 -0.167657 0.0111458
6 3602 0.279956 0.00828922
7 3602 0.305615 -0.0317027
6 795 -0.315911 0.022572
7 862 -0.216599 0.0306656
7 3217 0.322721 -0.00313707
6 3248 -0.230379 0.0482811
7 3319 -0.275996 0.068277
7 1540 0.29136 0.0168589
6 3603 -0.284549 0.0768467
7 3603 -0.241784 0.088273
7 811 -0.181912 0.0825599
7 1149 0.224076 -0.199097
6 3604 0.162493 -0.157963
7 3604 0.193284 -0.185386
6 3605 0.241182 -0.144251
7 3605 0.268552 -0.17853
6 3606 0.254867 -0.140823
7 3606 0.278816 -0.175102
7 822 0.220654 -0.157963
7 883 0.227497 -0.140823
7 1123 0.220654 -0.133968
7 1834 0.326713 -0.13054
6 3607 0.189863 -0.0654101
7 3607 0.220654 -0.096261
7 1157 -0.193316 -0.0585543
7 893 0.00853734 -0.0756937
6 1129 0.172757 -0.0585543
6 3608 0.282237 -0.0448428
7 3608 0.305615 -0.0831208
6 3609 0.278816 -0.0311314
7 3609 0.306185 -0.068838
7 1842 -0.213273 0.0168589
7 904 -0.216124 0.0282851
6 3610 0.309607 0.0339983
7 3610 0.330134 -0.00713623
6 3611 0.295922 0.0374261
7 3611 0.31987 -0.00370835
7 1284 -0.189895 0.0648492
7 872 -0.200159 0.0854164
7 2446 -0.196167 0.0996992
6 3612 0.212646 -0.206973
8 3612 0.21742 -0.238542
6 3613 0.173499 -0.158183
8 3613 0.184956 -0.189753
8 3408 0.172162 -0.186883
8 3409 0.174454 -0.1821
6 3614 0.174454 -0.15053
8 3614 0.18362 -0.182291
8 3410 0.218375 -0.184013
8 3411 0.181137 -0.180186
8 3412 0.187821 -0.180186
6 3615 0.213601 -0.145747
8 3615 0.224103 -0.180186
8 26 0.170634 -0.17349
8 3414 0.216465 -0.17636
6 3616 0.220284 -0.142877
8 3616 0.231742 -0.177316
8 3415 0.177318 -0.174446
6 29 0.169679 -0.13905
8 3418 0.235561 -0.171576
8 3419 0.218375 -0.168706
8 3420 0.221239 -0.169663
8 1319 0.220284 -0.166793
8 3422 0.187821 -0.15914
6 3617 0.209781 -0.125657
8 3617 0.221239 -0.160097
8 2330 0.26516 -0.158183
8 3424 0.283301 -0.15053
8 54 0.21742 -0.138093
8 3425 0.220284 -0.137137
8 3426 0.271844 -0.140963
6 3618 0.214555 -0.100784
8 3618 0.223149 -0.13618
8 3427 0.269934 -0.13905
6 3619 0.204052 -0.0969572
8 3619 0.212646 -0.132353
6 3620 0.210736 -0.0960005
8 3620 0.219329 -0.131397
6 3621 0.276618 -0.0960005
8 3621 0.285211 -0.13618
8 3429 0.226968 -0.13044
8 3430 0.254657 -0.132927
6 64 0.18973 -0.0940872
8 3431 0.212646 -0.128527
8 3432 -0.0191811 -0.109968
8 3433 0.212264 -0.12604
8 3435 0.208827 -0.123744
6 3622 0.213601 -0.0883473
8 3622 0.225058 -0.1247
6 3623 0.291895 -0.0883473
8 3623 0.301443 -0.13044
8 3436 0.220284 -0.122787
6 3624 0.173499 -0.0854773
8 3624 0.181328 -0.118004
8 3437 0.273753 -0.1247
6 3625 0.216465 -0.0845206
8 3625 0.225058 -0.12183
8 3439 -0.0249099 -0.100784
8 1173 -0.238023 -0.080694
8 3441 0.279482 -0.118004
8 99 0.21551 -0.109394
8 3443 0.267261 -0.109968
8 3444 0.170634 -0.0969572
8 79 -0.252345 -0.0606042
8 84 -0.235158 -0.0615609
8 115 -0.00409519 -0.0749541
8 3445 0.133206 -0.08012
8 109 -0.215107 -0.0462544
8 135 0.198324 -0.077824
8 108 -0.25139 -0.0395578
6 3626 -0.250435 -0.0395578
8 3626 -0.231339 -0.0395578
8 1847 0.00717154 -0.0560122
8 3448 -0.292447 -0.0242513
6 141 -0.0174625 -0.0290345
6 148 -0.0203269 -0.0223379
8 3451 -0.290537 -0.0146847
8 944 -0.269531 -0.0146847
6 3627 0.12003 -0.0175547
8 3627 0.116019 -0.0468283
6 3628 -0.296266 -0.0156413
8 3628 -0.27335 -0.0118147
8 131 -0.304859 -0.00224814
8 320 -0.297221 -0.00224814
8 3453 -0.293401 -0.00224814
8 3454 -0.305814 0.00062183
6 3629 0.266115 -0.00607477
8 3629 0.266115 -0.0468283
8 3456 -0.231148 0.00253514
6 3630 -0.255209 0.0034918
8 3630 -0.244706 0.00540511
8 174 0.274708 -0.0376444
6 3631 -0.246616 0.00636177
8 3631 -0.237068 0.00827509
8 2499 0.232697 -0.0319045
8 170 -0.235158 0.0293215
8 3461 -0.216062 0.044628
8 184 -0.212243 0.0494113
8 3462 -0.255209 0.0679705
8 192 -0.21167 0.0679705
6 189 -0.293401 0.0685445
6 3632 -0.221791 0.0761977
8 3632 -0.202504 0.0771544
8 3463 -0.223701 0.0819377
8 1803 -0.219881 0.0857643
8 209 -0.220836 0.0895909
8 210 -0.231339 0.0924609
6 3633 0.379737 0.15273
8 3633 0.423658 0.0886343
6 3634 0.381646 0.15273
8 3634 0.426522 0.0876776
6 3635 0.387375 0.156557
8 3635 0.431296 0.0915042
6 3636 0.38642 0.1843
8 3636 0.427477 0.117334
6 3637 0.391194 0.190997
8 3637 0.433206 0.123074
6 3638 0.38642 0.19291
8 3638 0.425567 0.125944
6 3639 0.410291 0.19291
8 3639 0.453257 0.123074
6 3640 0.397878 0.197693
8 3640 0.440844 0.127857
6 3641 0.383556 0.19865
8 3641 0.425567 0.130727
6 3642 0.393104 0.19865
8 3642 0.43607 0.129771
6 3643 0.389285 0.202476
8 3643 0.432251 0.134554
6 3644 0.375918 0.20439
8 3644 0.414148 0.13685
6 3645 0.384511 0.205346
8 3645 0.426522 0.137424
6 3646 0.38642 0.213
8 3646 0.428814 0.143738
6 3647 0.387375 0.21587
8 3647 0.430341 0.14699
8 5 0.214555 -0.199511
8 7 0.184765 -0.190327
6 3648 0.235179 -0.158183
8 3648 0.242245 -0.19358
8 3467 0.174454 -0.182291
8 928 0.217993 -0.183439
8 15 0.187057 -0.179995
6 3649 0.200806 -0.147851
8 3649 0.212035 -0.181373
8 3468 0.223722 -0.179995
6 3650 0.165287 -0.142111
8 3650 0.179037 -0.174255
8 3469 0.215701 -0.176551
8 3229 0.231742 -0.176551
8 2581 0.228305 -0.174255
8 3472 0.257407 -0.146933
8 3233 0.212264 -0.138667
8 3474 0.271844 -0.140963
8 933 0.223722 -0.136371
8 59 -0.0258266 -0.111116
8 1798 -0.018952 -0.109738
8 935 -0.0260557 -0.106524
6 3651 0.262678 -0.0858599
8 3651 0.272989 -0.12604
8 3481 -0.0258266 -0.101473
8 80 0.0014427 -0.0996358
8 3483 0.278718 -0.118004
8 294 0.215701 -0.10882
8 3486 0.0140462 -0.0918295
8 298 0.209972 -0.104228
8 3138 -0.234585 -0.0674921
6 306 0.167579 -0.0651962
8 3489 0.198515 -0.077824
8 3490 0.188661 -0.0739209
6 2353 -0.256355 -0.0364964
6 3652 0.12404 -0.0273125
8 3652 0.122665 -0.0560122
6 3653 0.116019 -0.0227206
8 3653 0.111436 -0.0525683
6 3654 0.120602 -0.0181286
8 3654 0.11579 -0.0477467
8 2713 0.113728 -0.0445323
8 3494 0.253282 -0.0546346
8 1179 -0.294165 -0.0032048
6 1990 -0.322809 -0.00664874
6 3655 -0.255209 0.00368314
8 3655 -0.244897 0.00597914
8 158 -0.236189 0.00735673
8 174 0.275281 -0.0376444
8 349 0.279482 -0.0328612
6 3656 0.22143 0.0266429
8 3656 0.219329 -0.0118147
8 3497 -0.223128 0.0404188
6 3657 -0.267813 0.0530467
8 3657 -0.2533 0.0580212
6 3658 -0.234585 0.0679705
8 3658 -0.214152 0.0704578
6 3659 0.381837 0.152922
8 3659 0.424231 0.0886343
8 1627 0.426522 0.0943742
6 1355 0.387566 0.164402
6 3660 0.38642 0.183917
8 3660 0.426522 0.117334
6 3661 0.391004 0.190805
8 3661 0.433397 0.123074
8 2623 0.440272 0.128814
6 3662 0.393295 0.198841
8 3662 0.436834 0.129962
6 3663 0.384129 0.205729
8 3663 0.426522 0.138227
6 3664 0.389858 0.209173
8 3664 0.433397 0.140294
6 3665 0.402461 0.221801
8 3665 0.446 0.149478
6 3666 0.388712 0.248205
8 3666 0.431105 0.175881
6 3667 0.395587 0.250501
8 3667 0.436834 0.178177
6 3668 0.356401 -0.443114
8 3668 0.290405 -0.472043
6 2009 0.196911 -0.196526
6 3669 0.168037 -0.152443
8 3669 0.177662 -0.183577
8 962 0.185911 -0.179995
6 3670 0.212035 -0.146933
8 3670 0.221659 -0.181373
8 2075 0.165287 -0.174485
8 1374 0.227159 -0.174485
8 3503 0.257407 -0.171729
8 3504 0.252366 -0.167367
8 239 0.20241 -0.162086
8 242 0.188203 -0.159331
6 3671 0.220284 -0.108361
8 3671 0.226968 -0.143833
8 3507 0.269781 -0.144178
6 3672 0.214785 -0.100095
8 3672 0.223034 -0.135912
8 3508 0.271156 -0.135912
8 3509 0.306904 -0.138667
8 2618 0.280781 -0.135912
8 1327 0.217534 -0.123514
8 3512 0.272531 -0.126269
6 265 0.0277953 -0.0849416
8 3301 -0.0252766 -0.100921
6 1332 0.273906 -0.0821864
8 426 0.000296922 -0.0987174
8 3513 0.278031 -0.118004
8 3514 0.172712 -0.105881
6 3673 0.00717154 -0.043614
8 3673 0.00304677 -0.0629002
8 462 0.198285 -0.0780536
8 1223 0.258782 -0.0739209
8 2335 -0.0203269 -0.0491243
8 321 -0.287061 -0.00504156
6 3674 0.12679 -0.00917433
8 3674 0.122894 -0.0387924
8 3519 -0.252688 0.00460156
6 3675 0.302779 0.0183774
8 3675 0.294759 -0.0271212
8 3302 -0.285962 0.0809199
8 2366 -0.211441 0.0776136
8 368 -0.265063 0.0955222
6 3676 0.374275 0.149248
8 3676 0.418273 0.0845016
8 2767 0.433397 0.0982774
8 1355 0.437522 0.0982774
6 3677 0.390774 0.190576
8 3677 0.432022 0.123074
6 3678 0.397649 0.197464
8 3678 0.440272 0.128584
6 3679 0.392149 0.198841
8 3679 0.436147 0.129962
6 3680 0.374275 0.204352
8 3680 0.413598 0.137125
6 3681 0.390774 0.249812
8 3681 0.432022 0.1768
6 3682 0.20901 -0.181924
8 3682 0.21396 -0.214986
8 374 0.243658 -0.20672
8 1421 0.182611 -0.190189
6 3683 0.162813 -0.150515
8 3683 0.171062 -0.181924
8 1425 0.222209 -0.175311
8 3525 0.180962 -0.168699
8 1210 0.256857 -0.172005
8 1211 0.255207 -0.167046
6 3684 0.180962 -0.125718
8 3684 0.187561 -0.15878
8 252 0.256857 -0.147208
8 2507 0.21231 -0.129024
8 971 0.21066 -0.125718
8 3531 0.301405 -0.13233
8 3533 0.273356 -0.127371
8 430 0.256857 -0.122412
8 280 0.20406 -0.117453
8 2904 0.293155 -0.124065
8 3535 0.283256 -0.122412
8 1236 0.016796 -0.100095
6 3685 0.0126713 -0.0777781
8 3685 0.0110213 -0.0976153
6 3686 0.187561 -0.0744719
8 3686 0.196801 -0.108195
8 1437 0.21066 -0.104228
6 3687 0.232109 -0.0546346
8 3687 0.233758 -0.092656
8 1070 -0.238939 -0.0422364
6 3688 0.185911 -0.0397567
8 3688 0.186901 -0.0744718
8 1816 -0.233165 -0.0381036
8 1039 -0.0153771 -0.0562878
6 3689 -0.294211 -0.0331443
8 3689 -0.272762 -0.0298381
6 3690 -0.018677 -0.0314912
8 3690 -0.0203269 -0.0496753
8 3540 0.279956 -0.0711656
6 3691 0.114965 -0.0232256
8 3691 0.110016 -0.0529815
6 3339 0.119915 -0.0199194
6 3692 0.253557 -0.013307
8 3692 0.252237 -0.0546346
8 628 0.275281 -0.036726
8 1225 -0.274412 0.0263674
6 635 0.220559 0.0313268
8 2590 -0.30609 0.0643889
8 510 -0.254613 0.067695
8 514 -0.213366 0.067695
6 3347 0.20868 -0.195479
8 1028 0.180962 -0.191512
6 3693 0.256197 -0.141918
8 3693 0.256857 -0.178617
8 1729 0.286555 -0.152168
6 3694 0.272036 -0.102244
8 3694 0.279956 -0.141918
8 2517 0.20736 -0.133984
8 3552 0.218579 -0.132
8 1259 0.252237 -0.133984
8 3555 0.272036 -0.128032
8 3556 -0.0269264 -0.102244
8 1814 0.0126713 -0.102244
6 3695 0.194821 -0.0824068
8 3695 0.20472 -0.118114
8 3557 0.173042 -0.109782
6 3696 0.167102 -0.0724881
8 3696 0.167762 -0.104228
8 3559 0.2067 -0.108195
8 691 0.258177 -0.110179
8 3561 0.21066 -0.104228
8 696 -0.00910749 -0.0744718
6 435 -0.230855 -0.0506672
8 1070 -0.236794 -0.044716
6 1816 -0.252633 -0.0387648
8 1513 0.263457 -0.076125
6 3697 -0.256593 -0.0347974
8 3697 -0.238114 -0.0331443
6 703 -0.0130672 -0.0347974
6 3698 -0.0209868 -0.0308299
8 3698 -0.0229667 -0.0486834
8 3563 0.111666 -0.059594
6 3699 0.123545 -0.0288462
8 3699 0.121565 -0.058602
6 3700 0.113645 -0.022895
8 3700 0.109686 -0.0526509
6 3701 0.301735 -0.0169438
8 3701 0.301735 -0.0625695
8 3565 0.101766 -0.0387648
6 2466 0.127505 -0.0050415
8 487 0.266097 -0.0466997
8 616 -0.244714 0.0048771
6 3702 -0.31797 0.0544702
8 3702 -0.304506 0.0639922
6 3703 -0.230855 0.0604214
8 3703 -0.214224 0.0616117
8 637 -0.213036 0.0683563
6 3704 0.239566 -0.171674
8 3704 0.241942 -0.207381
6 3705 0.161163 -0.15025
8 3705 0.170666 -0.181196
8 743 0.251907 -0.18027
6 744 0.16829 -0.138348
8 3572 0.187297 -0.159772
6 3706 0.225311 -0.116923
8 3706 0.230063 -0.152631
8 3311 0.285896 -0.151837
6 3707 0.253821 -0.107402
8 3707 0.256197 -0.145489
8 676 0.225311 -0.135967
6 3708 0.268077 -0.10026
8 3708 0.279956 -0.140252
8 1501 -0.0312822 -0.114543
6 3709 0.215808 -0.0954992
8 3709 0.225311 -0.131206
8 678 0.230063 -0.128826
6 3710 0.211056 -0.0907383
8 3710 0.220559 -0.126445
6 3711 0.225311 -0.0907383
8 3711 0.236398 -0.128032
8 3575 0.272828 -0.128826
6 684 0.211056 -0.0835969
8 3577 0.256197 -0.121684
6 3712 -0.259365 -0.078836
8 3712 -0.242734 -0.078836
6 3713 0.187297 -0.0740751
8 3713 0.197276 -0.10883
6 3714 0.0162351 -0.0716946
8 3714 0.0126713 -0.0923254
8 3579 0.170666 -0.10026
8 3580 0.265701 -0.102641
6 3715 0.175418 -0.0574118
8 3715 0.177794 -0.0907383
8 686 -0.237982 -0.0550313
8 1736 0.126 -0.0774077
8 1280 -0.0122753 -0.0574118
8 1533 0.262137 -0.0764556
8 703 -0.0146511 -0.0526508
6 3716 -0.2855 -0.0312266
8 3716 -0.266493 -0.0288461
8 3585 0.279956 -0.0716946
8 1261 -0.278372 -0.00742194
6 3717 0.258573 -0.00504145
8 3717 0.257148 -0.0459855
6 3718 -0.247486 -0.000280524
8 3718 -0.235606 0.00209997
6 3719 0.282332 0.00924138
8 3719 0.277976 -0.0347974
6 3720 0.298963 0.0140023
8 3720 0.295795 -0.0308299
6 3721 0.220559 0.0306656
8 3721 0.220559 -0.00980237
8 1266 -0.290251 0.0806554
8 2255 -0.223727 0.078275
6 3348 0.367863 0.209201
6 3722 0.240041 -0.171674
8 3722 0.242892 -0.205953
8 3144 0.18017 -0.194527
8 3145 0.168766 -0.174531
8 749 0.200127 -0.160248
8 1271 0.260949 -0.157391
8 3593 0.285658 -0.151678
6 3723 0.222935 -0.10883
8 3723 0.230063 -0.145489
8 830 0.251446 -0.134539
8 834 0.00435578 -0.10026
8 1759 0.196706 -0.109972
6 3724 0.265701 -0.0631249
8 3724 0.268552 -0.103117
6 839 -0.256039 -0.0545552
8 1827 -0.244635 -0.0488421
6 3725 0.128851 -0.0459855
8 3725 0.12486 -0.0756937
8 1275 -0.240358 -0.0431289
8 1100 -0.306217 -0.0277035
8 3600 0.301339 -0.0597922
8 1281 -0.290251 -0.00599361
8 1737 0.26285 -0.0545552
8 1838 0.270452 -0.0478899
8 3602 0.279956 -0.0345593
8 862 -0.240358 0.0259047
8 2245 -0.275996 0.0311417
8 2443 -0.233231 0.0397114
6 3726 -0.224677 0.0397114
8 3726 -0.216124 0.0397114
8 804 -0.224677 0.0454245
6 1578 0.237761 -0.195669
8 1148 0.186442 -0.202525
6 3727 0.169336 -0.164819
8 3727 0.179599 -0.195669
8 3604 0.172757 -0.188814
8 822 0.200127 -0.161391
8 2957 -0.0393601 -0.13054
8 883 0.206969 -0.144251
8 1123 0.200127 -0.137395
8 1834 0.302764 -0.133968
6 3728 0.248024 -0.0722659
8 3728 0.257148 -0.111686
6 3729 -0.25832 -0.0551265
8 3729 -0.241213 -0.0551265
6 3730 0.176178 -0.0448428
8 3730 0.179599 -0.0791216
6 3731 0.141966 -0.0379871
8 3731 0.145387 -0.068838
6 3732 0.261709 -0.0379871
8 3732 0.265131 -0.0791216
8 858 -0.0188326 -0.041415
6 854 -0.302796 -0.0139919
8 3324 0.299913 -0.0574118
6 3733 0.258288 -0.00370835
8 3733 0.258288 -0.0448428
8 904 -0.244635 0.0237147
6 3734 -0.224107 0.0374261
8 3734 -0.217265 0.0374261
6 3735 -0.31306 0.0545656
8 3735 -0.302796 0.0648492
6 2650 -0.282268 0.0751328
8 2446 -0.220686 0.0957001
6 3736 0.207872 -0.0979138
9 3736 -0.0203269 -0.333825
9 3621 0.0264204 -0.367347
6 3737 -0.258074 -0.00894474
9 3737 -0.197197 -0.0883579
6 3738 0.381646 0.156557
9 3738 0.231742 -0.251936
6 85 0.380692 0.15847
6 3739 0.380692 0.162297
9 3739 0.235561 -0.246196
9 1604 -0.039423 -0.399261
9 261 -0.0203269 -0.334285
6 3161 0.16987 -0.081268
9 3294 -0.00217789 -0.335662
9 317 -0.0117336 -0.352385
6 3158 0.385275 0.158662
9 2341 0.238426 -0.246196
9 1355 0.240335 -0.249066
6 3740 0.396274 0.168534
9 3740 0.246064 -0.250979
9 404 -0.0252766 -0.337315
6 3741 -0.272762 -0.044716
9 3741 -0.217972 -0.125657
9 1197 -0.0258266 -0.327397
6 3742 0.395449 0.166881
9 3742 0.245491 -0.25117
6 3743 0.0285103 -0.0843905
9 3743 -0.131068 -0.235947
6 3744 0.0205908 -0.0784393
9 3744 -0.121565 -0.245469
9 1744 -0.149019 0.0875323
6 3745 -0.250337 -0.023133
9 3745 -0.235606 -0.135967
10 68 -0.202695 -0.209843
10 1800 0.234339 -0.212809
10 2367 -0.116571 -0.208924
10 85 0.257522 -0.239499
6 3746 0.396732 0.167846
10 3746 0.271844 -0.239499
6 3747 0.410482 0.193101
10 3747 0.270889 -0.223236
10 3512 -0.0229667 -0.312519
10 370 -0.165518 0.0858792
10 3740 0.271844 -0.238542
6 3748 0.38115 0.193331
10 3748 0.242054 -0.207547
10 2492 0.0153798 -0.329357
6 3749 0.174362 -0.0546346
10 3749 -0.0437005 -0.279181
6 58 0.299755 0.0048771
10 3742 0.271156 -0.239231
6 3750 0.400729 0.233005
10 3750 -0.193567 -0.157127
11 85 0.303352 -0.183056
11 3739 0.305262 -0.180186
6 3751 0.378782 0.19578
11 3751 0.328177 -0.140963
11 88 0.0760276 -0.306568
11 3294 0.0661282 -0.298633
11 3495 0.054148 -0.231846
6 3752 0.381837 0.156366
11 3752 0.300488 -0.185735
11 3158 0.306217 -0.18497
11 1627 0.303925 -0.182291
11 2341 0.308126 -0.180186
11 1355 0.310036 -0.1821
11 3663 0.298578 -0.148617
11 2998 0.00831729 -0.383954
11 3521 0.0242206 -0.195148
11 3740 0.316529 -0.183439
11 3677 0.301405 -0.163464
11 1805 0.00831731 -0.384337
11 552 0.291835 -0.193099
11 469 0.291895 -0.149573
11 1008 0.29094 -0.155313
6 1888 0.411948 0.194984
11 3744 -0.0536153 -0.225949
6 3753 0.392809 0.197298
11 3753 0.303054 -0.15878
11 3148 0.305615 -0.128826
11 2592 0.30003 -0.123514
11 3247 -0.039423 -0.235672
6 3754 -0.327315 0.0539942
11 3754 0.294759 -0.157035
6 3755 0.214555 -0.119917
12 3755 0.20516 -0.255762
6 3756 0.252748 -0.0701708
12 3756 0.122665 -0.181373
12 949 -0.029875 -0.0787807
12 3738 0.444664 -0.0711274
6 1355 0.387375 0.163254
12 3638 0.438935 -0.044341
6 3757 0.381646 0.194823
12 3757 0.431296 -0.0414711
12 3641 0.43607 -0.0386011
12 7 0.189211 -0.3026
6 3758 0.157267 -0.142111
12 3758 0.162041 -0.259589
6 3759 0.208827 -0.134075
12 3759 -0.0148272 -0.166219
12 3158 0.449438 -0.0701708
6 3760 0.389858 0.205729
12 3760 0.440844 -0.0357311
12 248 0.190494 -0.23969
12 1655 0.234815 -0.216903
12 3748 0.430647 -0.0408588
6 3761 0.395449 0.219781
12 3761 -0.030807 -0.0974036
12 1704 0.194161 -0.210026
12 752 -0.0479132 -0.143109
12 3574 0.192841 -0.209365
6 3762 0.121438 -0.0105641
12 3762 0.0770633 -0.124892
13 3429 0.158222 -0.227063
6 3763 0.307172 -0.0893039
13 3763 0.227923 -0.245239
13 75 -0.0661576 -0.158183
13 949 -0.0766604 -0.0931306
13 85 0.381646 -0.0720841
13 3638 0.376872 -0.0481677
13 3757 0.370189 -0.0452977
6 3764 0.237471 -0.0858599
13 3764 0.171589 -0.223236
13 80 -0.063866 -0.157035
13 3752 0.379546 -0.075528
13 3158 0.384511 -0.0739974
13 1355 0.389285 -0.0701708
13 3663 0.374008 -0.0386011
13 3760 0.378782 -0.0395578
6 3765 0.236783 -0.0863192
13 3765 0.16987 -0.222471
13 3740 0.399024 -0.0697881
6 3766 0.432022 0.183688
13 3766 0.40819 -0.0674921
13 2625 0.379737 -0.00894474
13 343 0.158222 -0.15627
6 3767 0.3872 0.165228
13 3767 0.387566 -0.0686401
6 3768 0.392149 0.165228
13 3768 0.392149 -0.0697881
6 1341 0.369051 0.208209
6 3769 0.3872 0.247883
13 3769 0.379546 -0.00894474
13 3721 0.125525 -0.126445
6 3770 0.384494 0.183016
13 3770 0.37461 -0.0551265
13 2592 0.379775 -0.00917433
13 3144 0.107753 -0.267655
6 3771 0.222935 -0.0916905
13 3771 0.161163 -0.224045
13 3725 0.190861 -0.2173
13 1578 0.0347668 -0.151678
6 3772 0.219329 -0.201233
14 3772 0.0999787 -0.300725
14 3407 0.024358 -0.312014
14 3620 0.129578 -0.217496
14 3429 0.136261 -0.219409
14 3441 0.181137 -0.217496
14 3443 0.16987 -0.208695
14 949 -0.0938469 -0.0816507
14 3464 -0.191237 0.113507
6 3773 0.246637 -0.0950439
14 3773 0.155663 -0.226833
14 72 0.139126 -0.214626
14 3764 0.150583 -0.216539
14 88 0.117165 -0.201807
14 3294 0.123849 -0.204103
14 2479 0.00772152 -0.105881
14 3297 0.114415 -0.13729
14 198 0.353212 -0.022895
14 3499 -0.196775 0.115038
6 3774 0.311029 -0.174485
14 3774 0.0235942 -0.312205
14 3508 0.166815 -0.232802
14 560 0.121748 -0.210991
14 464 -0.098621 -0.0940872
14 2510 -0.0945726 -0.0821864
14 3529 0.114965 -0.218292
14 623 0.0225707 -0.114146
14 2222 0.111666 -0.117453
14 1683 0.166112 -0.23317
14 569 0.159513 -0.218292
14 573 -0.0709316 -0.140963
6 3775 0.175022 -0.044716
14 3775 0.085927 -0.163739
14 3711 0.143344 -0.2173
14 2251 0.111666 -0.135967
14 3771 0.137404 -0.216903
14 2635 -0.188089 0.109221
14 2446 -0.187614 0.111125
15 3613 0.063696 -0.269155
15 3408 0.0518564 -0.266094
6 3776 0.168725 -0.15053
15 3776 0.058922 -0.260546
15 3614 0.0656056 -0.263415
15 13 0.063696 -0.260546
15 3411 0.0617864 -0.258632
15 3412 0.0665604 -0.258632
15 3615 0.102843 -0.262459
15 3414 0.0952046 -0.257676
15 3415 0.0579672 -0.252892
15 29 0.0608316 -0.250022
6 3777 0.216465 -0.13905
15 3777 0.108572 -0.255762
15 3416 0.113346 -0.255762
15 3418 0.115256 -0.252892
15 3419 0.098069 -0.250022
15 3420 0.101888 -0.250979
15 2330 0.144855 -0.244282
6 3778 0.253702 -0.109394
15 3778 0.138935 -0.232802
15 53 0.0952046 -0.220366
15 3425 0.103798 -0.219409
15 3426 0.154403 -0.227063
15 3618 0.105707 -0.218453
15 3619 0.0961594 -0.213669
15 3620 0.102843 -0.212713
15 3621 0.16777 -0.222279
15 3429 0.111436 -0.213669
15 3430 0.136643 -0.217879
15 3431 0.0952046 -0.209843
6 3779 -0.0222365 -0.0931306
15 3779 -0.142695 -0.174485
15 3432 -0.134904 -0.173107
15 3433 0.0961594 -0.207929
15 1329 0.109527 -0.206973
15 3436 0.104753 -0.205059
15 75 -0.116762 -0.16775
15 3441 0.162041 -0.204103
6 3780 0.187821 -0.0759107
15 3780 0.0847018 -0.19071
15 99 0.100933 -0.19071
15 3442 -0.098621 -0.160097
6 468 0.185911 -0.0711274
15 3756 0.146955 -0.194919
15 3443 0.151538 -0.195493
15 1985 -0.121536 -0.146703
15 3445 0.0209207 -0.158183
15 108 -0.367876 -0.0682575
15 3626 -0.346871 -0.0720841
15 3450 -0.113898 -0.11035
15 318 -0.386018 -0.0328612
15 137 -0.401294 -0.0252079
15 3458 0.112391 -0.0998271
15 2619 0.115256 -0.0921739
15 184 -0.315362 0.0130584
15 192 -0.311352 0.0335309
6 153 0.368279 0.15273
15 3738 0.317674 -0.00798808
15 3635 0.323403 -0.00894474
6 3781 0.383556 0.16421
15 3781 0.320539 -0.000334827
6 3782 0.392149 0.165167
15 3782 0.329132 -0.00129148
15 3638 0.321494 0.0235816
15 3641 0.318629 0.0283649
15 3646 0.322258 0.0404188
6 3783 0.212264 -0.212139
15 3783 0.0896668 -0.330381
6 3784 0.214555 -0.205251
15 3784 0.0931041 -0.322346
15 3465 0.0999787 -0.317754
6 3785 0.208827 -0.182291
15 3785 0.0896668 -0.298238
15 925 0.0808825 -0.276809
15 3467 0.054148 -0.260354
15 928 0.0976872 -0.266094
15 15 0.0667514 -0.259206
15 3468 0.10227 -0.26265
15 3469 0.0953956 -0.258058
6 3786 0.171016 -0.138667
15 3786 0.0610226 -0.250022
15 3759 0.10227 -0.250022
6 3787 0.172162 -0.130631
15 3787 0.0627412 -0.242369
15 241 0.131487 -0.253849
6 3788 0.181328 -0.12604
15 3788 0.0703797 -0.238542
15 54 0.0999787 -0.220175
15 261 0.0988329 -0.215583
15 59 -0.14242 -0.175311
15 264 -0.13307 -0.171729
6 840 0.211118 -0.0870079
15 1328 -0.138341 -0.165071
15 88 0.088521 -0.197215
15 3483 0.16185 -0.204103
15 3487 -0.116571 -0.139815
15 3489 0.0862295 -0.160479
15 3490 0.0799277 -0.15627
15 3491 -0.346871 -0.0720841
15 133 -0.109697 -0.123744
15 3652 0.0140462 -0.134535
15 148 -0.131695 -0.104228
15 3654 0.00717154 -0.126269
15 3494 0.140539 -0.144178
15 3655 -0.355807 -0.0257053
15 3297 0.122894 -0.119152
15 349 0.16777 -0.123744
15 202 -0.30906 0.0450107
15 3752 0.317674 -0.00779674
6 3789 0.387566 0.156366
15 3789 0.323403 -0.00894474
15 3158 0.319966 -0.00550074
6 1887 0.392149 0.16555
15 3746 0.332951 -0.000334827
6 1356 0.411627 0.178177
15 3660 0.318629 0.0149717
6 3790 0.376109 0.197693
15 3790 0.309654 0.0296736
15 3662 0.328177 0.0264516
15 3663 0.313855 0.0331482
6 3791 0.37038 0.208025
15 3791 0.301405 0.0376636
15 3665 0.337152 0.0450107
6 3792 0.392149 0.249353
15 3792 0.328177 0.0695011
15 3501 0.111436 -0.321772
15 1795 0.0566687 -0.261273
15 3502 0.0951665 -0.258517
15 1374 0.107541 -0.255762
15 236 0.104791 -0.248874
15 3504 0.13206 -0.253466
6 3793 0.176287 -0.126269
15 3793 0.069043 -0.237854
15 242 0.0701888 -0.238542
15 3671 0.108572 -0.227063
6 3794 0.253282 -0.108361
15 3794 0.139714 -0.231517
15 254 0.0951665 -0.221323
15 966 0.103416 -0.219945
15 3508 0.152913 -0.2227
15 560 0.0951665 -0.207547
15 271 0.12679 -0.211679
15 264 -0.13252 -0.172005
15 3512 0.155663 -0.213057
15 430 0.140539 -0.208924
15 1332 0.168037 -0.208924
15 426 -0.113821 -0.166219
15 3513 0.161163 -0.204792
15 3515 0.0827921 -0.18826
15 1440 0.119915 -0.185505
15 2023 -0.354433 -0.093207
15 462 0.0869169 -0.160709
15 307 -0.381931 -0.0560122
15 2335 -0.130321 -0.113871
15 166 0.144664 -0.140045
15 3675 0.184002 -0.120874
15 3521 0.111666 -0.100095
6 3795 0.30003 0.0390412
15 3795 0.185911 -0.101473
15 198 0.189349 -0.101932
15 2767 0.321112 -0.000908798
6 3796 0.415523 0.178177
15 3796 0.345402 0.00460156
6 3797 0.385275 0.183688
15 3797 0.31882 0.015163
6 3798 0.408648 0.193331
15 3798 0.341277 0.019755
6 3799 0.37565 0.197464
15 3799 0.310842 0.0282851
15 3680 0.308279 0.0349084
6 3800 0.394899 0.249812
15 3800 0.331424 0.0691185
15 3682 0.0885668 -0.299294
15 1421 0.0621684 -0.270916
15 3683 0.0502891 -0.260942
15 3525 0.0605185 -0.246395
15 1210 0.136414 -0.257966
6 3801 0.172712 -0.130677
15 3801 0.0638183 -0.243088
15 3526 0.068768 -0.238129
15 3527 0.141364 -0.241435
6 3802 0.20241 -0.112493
15 3802 0.0918666 -0.229864
15 404 0.0951665 -0.221598
15 3529 0.0918666 -0.214986
15 2507 0.0968164 -0.211679
6 3803 0.271706 -0.0943091
15 3803 0.161163 -0.221598
6 3804 0.0275204 -0.0827374
15 3804 -0.0922627 -0.173658
15 280 0.0885668 -0.198455
15 3686 0.0839471 -0.189528
15 1437 0.0968164 -0.18523
15 3537 0.119915 -0.18523
15 1239 -0.116021 -0.13729
15 455 -0.108322 -0.130402
15 3688 0.0786674 -0.156576
15 3690 -0.13087 -0.114146
6 3805 0.116615 -0.0298381
15 3805 0.00277182 -0.135637
15 469 -0.106122 -0.114146
6 3806 0.121565 -0.0248788
15 3806 0.00937142 -0.13233
15 3691 0.00112192 -0.129024
15 3339 0.00772152 -0.127371
15 2499 0.121565 -0.119106
15 630 0.16987 -0.123744
15 2222 0.111666 -0.0992684
15 635 0.113315 -0.0959622
15 504 -0.32061 0.00653023
15 503 -0.335459 0.0164488
15 510 -0.357567 0.0405842
6 3807 0.410298 0.1768
15 3807 0.344302 0.0048771
6 3808 0.38555 0.183412
15 3808 0.317904 0.0147957
6 3809 0.413598 0.190025
15 3809 0.345402 0.0156223
6 2595 0.408648 0.193331
15 1888 0.344027 0.019755
15 3761 0.327803 0.0445516
6 3810 0.392149 0.249536
15 3810 0.326153 0.0693481
6 3811 0.395449 0.249536
15 3811 0.333028 0.0693481
15 1497 0.0938466 -0.314502
6 3812 0.20868 -0.181593
15 3812 0.0879069 -0.298633
15 652 0.085927 -0.276812
15 544 0.135424 -0.253007
15 3549 0.068108 -0.239121
6 3813 0.260157 -0.110179
15 3813 0.145324 -0.235153
15 2517 0.0898868 -0.2173
15 3552 0.109686 -0.213333
15 1259 0.135424 -0.219284
6 3814 0.270056 -0.0943091
15 3814 0.161163 -0.221664
15 552 -0.140572 -0.174055
15 3695 0.0898869 -0.197859
6 3106 -0.258573 -0.0784393
15 3557 0.0590006 -0.190718
15 3559 0.0938466 -0.189528
15 691 0.143344 -0.195479
15 3562 0.119585 -0.18556
15 696 -0.119981 -0.139935
15 3335 -0.353608 -0.0883579
15 702 0.0760276 -0.157788
15 1513 0.149613 -0.163739
15 3563 0.00277185 -0.135967
6 3815 0.277976 -0.0308299
15 3815 0.165122 -0.161756
15 3699 0.0126713 -0.135967
15 166 0.145324 -0.137951
15 487 0.155223 -0.135967
15 1479 -0.0051477 -0.108195
15 3568 0.184921 -0.126049
6 3816 0.307674 0.034633
15 3816 0.192841 -0.106211
6 3817 0.297775 0.0386004
15 3817 0.185911 -0.100921
15 3703 -0.31005 0.0286818
6 3818 0.38885 0.159608
15 3818 0.326153 -0.00669463
6 3819 0.37499 0.205233
15 3819 0.308004 0.0362861
15 3148 0.342652 0.067695
15 3571 0.087511 -0.312122
6 3820 0.239566 -0.164533
15 3820 0.123149 -0.285937
15 743 0.129485 -0.266893
15 1727 0.0827593 -0.243088
15 1061 0.137404 -0.25261
15 3572 0.0685041 -0.238327
15 671 0.142156 -0.243088
15 2396 -0.139146 -0.174531
6 3821 0.173042 -0.0907383
15 3821 0.0685041 -0.20262
15 3710 0.104142 -0.209762
15 3575 0.156411 -0.214523
15 3576 0.0637524 -0.195479
15 3577 0.13978 -0.207381
15 3714 -0.100182 -0.159772
6 3822 0.201552 -0.0693141
15 3822 0.0922627 -0.188338
15 3579 0.0566248 -0.181196
6 3823 0.246694 -0.0597922
15 3823 0.139384 -0.18556
6 3824 -0.00514767 -0.0574118
15 3824 -0.121565 -0.140728
15 1280 -0.123941 -0.121684
15 1533 0.149283 -0.163739
15 703 -0.126317 -0.116923
15 3718 -0.344896 -0.0312266
15 3719 0.167102 -0.126049
6 3825 0.282332 0.0520898
15 3825 0.177002 -0.0863742
6 3826 -0.228479 0.0616117
15 3826 -0.311634 0.0282851
6 3827 0.389246 0.159211
15 3827 0.325493 -0.00702524
6 3828 0.401125 0.244908
15 3828 0.335393 0.0643889
6 3829 0.391622 0.247288
15 3829 0.329453 0.0683563
15 653 0.0547241 -0.265941
15 3315 0.0661283 -0.260228
15 749 0.0832345 -0.240232
15 3317 0.120298 -0.228806
15 1825 0.11127 -0.224045
15 3312 0.151659 -0.223092
15 3771 0.113645 -0.212142
6 3830 0.0262137 -0.0888339
15 3830 -0.0906787 -0.180244
15 833 -0.12204 -0.168818
6 3831 0.225786 -0.0859773
15 3831 0.120298 -0.205953
15 834 -0.109686 -0.166913
15 890 -0.102558 -0.166913
15 1529 0.0604262 -0.188814
15 1759 0.0617864 -0.191666
15 2636 0.142156 -0.195479
15 771 -0.130593 -0.145965
15 777 -0.113487 -0.123113
15 2609 0.151659 -0.164533
15 1134 -0.0992318 -0.114543
6 1080 -0.00514767 -0.0202764
15 861 0.177319 -0.154535
15 1737 0.156411 -0.143109
15 1838 0.158787 -0.138348
15 3602 0.165914 -0.126445
15 862 -0.347272 -0.00504145
6 3179 -0.233231 0.0597074
6 3832 0.37404 0.133978
15 3832 0.30609 -0.0264657
6 3833 0.393997 0.24824
15 3833 0.325573 0.068277
15 3606 0.135123 -0.264227
15 822 0.0803835 -0.240232
15 2567 0.128281 -0.250515
6 3834 0.176178 -0.120256
15 3834 0.0666984 -0.233376
15 2957 -0.159104 -0.195669
15 883 0.0872259 -0.22652
15 828 0.118017 -0.229948
6 3835 0.224076 -0.0996889
15 3835 0.111175 -0.219665
6 3836 0.237761 -0.0996889
15 3836 0.128281 -0.219665
15 3728 0.138545 -0.195669
15 3607 0.0838047 -0.181958
15 3731 0.0359073 -0.147679
15 3732 0.15223 -0.164819
15 3609 0.165915 -0.161391
15 1136 0.0119586 -0.125969
6 3837 0.227497 0.0065753
15 3837 0.114596 -0.120256
6 3838 0.360925 0.20882
15 3838 0.295922 0.040854
6 3839 0.216465 -0.200276
16 3839 0.105707 -0.307422
6 3840 0.210736 -0.19071
16 3840 0.100933 -0.295942
6 3841 0.208827 -0.183056
16 3841 0.0990238 -0.288289
6 3842 0.209781 -0.181143
16 3842 0.100933 -0.286375
6 3843 0.200233 -0.16488
16 3843 0.093295 -0.270112
6 3844 0.221239 -0.160097
16 3844 0.114301 -0.267242
16 3613 0.0703797 -0.259589
6 3845 0.234606 -0.154357
16 3845 0.128623 -0.261502
16 3776 0.0646508 -0.251936
16 3614 0.0703797 -0.251936
16 3410 0.104753 -0.254806
16 3411 0.0665604 -0.249066
16 3412 0.0741989 -0.249066
16 3413 0.0971142 -0.251936
16 3615 0.109527 -0.250979
16 26 0.0570124 -0.242369
16 3414 0.100933 -0.247152
16 3616 0.11621 -0.249066
16 26 0.0598768 -0.243326
16 3415 0.0675153 -0.243326
16 3420 0.106662 -0.239499
16 3422 0.0722893 -0.229932
16 3423 0.121939 -0.229932
6 3846 0.257522 -0.117047
16 3846 0.151538 -0.228019
6 3847 0.245109 -0.106524
16 3847 0.139126 -0.217496
16 53 0.103798 -0.208886
16 3425 0.111436 -0.208886
16 3426 0.161086 -0.213669
16 3618 0.112391 -0.206973
16 3427 0.159177 -0.211756
16 3619 0.103798 -0.203146
16 3620 0.109527 -0.202189
16 3429 0.11812 -0.202189
16 3430 0.144855 -0.205059
16 3431 0.103798 -0.199319
16 3779 -0.127265 -0.175403
6 3848 0.298578 -0.0921739
16 3848 0.195459 -0.207929
16 3432 -0.120009 -0.173107
16 3433 0.103798 -0.197406
16 73 0.187821 -0.206016
6 3849 0.174454 -0.0893039
16 3849 0.073626 -0.191475
6 3850 0.220284 -0.0893039
16 3850 0.12003 -0.19645
6 3851 -0.0231913 -0.0883473
16 3851 -0.128029 -0.170811
16 3434 0.0722893 -0.19071
16 3435 0.0999787 -0.19358
16 3436 0.112391 -0.19358
6 3852 0.0274134 -0.0854773
16 3852 -0.0766604 -0.172533
16 3624 0.0741989 -0.18784
16 3437 0.162041 -0.197406
16 3439 -0.124401 -0.16488
16 75 -0.103395 -0.165836
16 1192 -0.0795249 -0.169663
6 3853 0.173499 -0.0816507
16 3853 0.0741989 -0.185926
16 80 -0.0967114 -0.165836
16 83 -0.0938469 -0.163923
16 3440 0.131487 -0.18784
6 3854 0.168725 -0.077824
16 3854 0.0684701 -0.181143
16 3780 0.0913854 -0.180186
6 3375 0.0216846 -0.0739974
6 3855 0.168725 -0.0730408
16 3855 0.0675153 -0.17636
16 468 0.088521 -0.175403
6 3856 -0.0136433 -0.0682575
16 3856 -0.115807 -0.151487
16 3444 0.0694249 -0.16775
16 1985 -0.106259 -0.145747
16 84 -0.352599 -0.108437
16 3445 0.034097 -0.15053
16 129 -0.0928921 -0.125657
16 130 -0.0890729 -0.125657
16 3626 -0.346871 -0.086434
16 128 -0.111988 -0.12183
6 3857 -0.256164 -0.0366878
16 3857 -0.352599 -0.0826073
6 3858 0.000678838 -0.0357311
16 3858 -0.098621 -0.11896
6 3859 0.119075 -0.0338178
16 3859 0.0209207 -0.131779
16 3447 -0.384108 -0.0739974
6 3860 0.117165 -0.0309478
16 3860 0.0188202 -0.129484
16 146 -0.0881181 -0.114177
16 3449 0.0277953 -0.12604
16 3450 -0.098621 -0.109394
16 145 -0.0957566 -0.11035
16 3627 0.0235942 -0.117047
6 3861 0.133397 -0.016598
16 3861 0.0388711 -0.117047
6 3862 0.11812 -0.0156413
16 3862 0.0207298 -0.115134
16 318 -0.388882 -0.052951
16 3455 0.0121365 -0.10461
16 3629 0.16586 -0.122787
16 3456 -0.337322 -0.0462544
16 3631 -0.343051 -0.0405144
16 162 -0.384108 -0.0204246
16 170 -0.337322 -0.019468
16 171 -0.377424 -0.0099014
16 2619 0.126713 -0.0787807
6 3863 0.310991 0.0360181
16 3863 0.209781 -0.0893039
16 3459 -0.323955 -0.0099014
16 3461 -0.315362 -0.00607477
16 184 -0.310588 -0.00129148
16 3462 -0.357373 0.0207116
16 189 -0.378379 0.0312349
16 197 -0.305814 0.0254949
16 200 -0.321091 0.0302782
6 3864 -0.232294 0.0771544
16 3864 -0.311543 0.0293215
16 3463 -0.32491 0.0331482
16 1803 -0.319181 0.0369748
16 210 -0.331594 0.044628
6 213 -0.245661 0.0943742
16 3634 0.303352 0.0130584
16 1355 0.309081 0.0216683
16 3636 0.306217 0.0408014
16 3751 0.300488 0.0513246
6 3865 0.375918 0.197693
16 3865 0.297623 0.0541946
16 3641 0.305262 0.053238
16 3642 0.313855 0.0522813
16 3643 0.310991 0.0561079
16 3645 0.306217 0.0599346
6 3866 0.389285 0.205346
16 3866 0.310036 0.0589779
16 3646 0.309081 0.0656745
6 3867 0.401697 0.220653
16 3867 0.322448 0.0704578
6 3868 0.403607 0.231176
16 3868 0.326268 0.0790677
6 3869 0.395968 0.250309
16 3869 0.317674 0.0972442
16 3240 0.123849 -0.309335
6 3870 0.212264 -0.199511
16 3870 0.10227 -0.305126
16 3465 0.109145 -0.306274
6 3871 0.235179 -0.186883
16 3871 0.123849 -0.295942
16 3785 0.0999787 -0.287906
6 3292 0.238616 -0.162775
16 925 0.088521 -0.265329
16 7 0.069043 -0.260354
16 3648 0.127668 -0.267242
6 3872 0.164142 -0.155887
16 3872 0.0598768 -0.25691
6 13 0.174454 -0.150147
16 3468 0.109145 -0.25117
16 3469 0.101124 -0.246578
16 2581 0.113728 -0.244282
16 3470 0.114301 -0.239499
16 2582 0.110291 -0.237394
16 241 0.143518 -0.240838
6 3873 0.192786 -0.128336
16 3873 0.0908125 -0.231654
16 3788 0.0782091 -0.22821
6 3874 0.189349 -0.12604
16 3874 0.0866114 -0.229932
6 3875 0.2432 -0.12604
16 3875 0.137789 -0.236246
6 3876 0.209972 -0.124892
16 3876 0.108572 -0.230889
6 3877 0.223722 -0.122596
16 3877 0.121748 -0.229358
6 3878 0.214555 -0.1203
16 3878 0.112582 -0.225915
6 3879 0.217993 -0.119152
16 3879 0.11621 -0.226106
16 253 0.173308 -0.224767
16 3472 0.148101 -0.220175
16 3474 0.16185 -0.213287
6 3880 0.262678 -0.100784
16 3880 0.158413 -0.212139
16 3475 0.187057 -0.214435
6 3881 0.246637 -0.0996358
16 3881 0.142372 -0.209843
16 3476 0.16185 -0.208695
16 3773 0.143289 -0.206169
6 3882 0.204243 -0.0904519
16 3882 0.104562 -0.197215
16 840 0.112582 -0.193771
16 935 -0.125737 -0.167367
16 3764 0.136643 -0.196067
16 3651 0.16185 -0.198363
16 3480 0.148674 -0.19645
16 431 0.0747718 -0.185735
16 3161 0.069043 -0.184587
16 3294 0.105707 -0.186883
16 90 -0.0821983 -0.163923
6 3883 0.168725 -0.073232
16 3883 0.0678972 -0.176551
16 3485 0.162996 -0.184587
16 298 0.10227 -0.174255
16 306 0.0667514 -0.168515
16 3487 -0.100531 -0.138667
16 2749 -0.102822 -0.136371
16 314 -0.0913644 -0.128336
16 3489 0.0976872 -0.148999
16 317 -0.0925102 -0.124892
16 3490 0.0896668 -0.145555
16 3491 -0.346871 -0.0858599
6 3884 -0.258646 -0.0342004
16 3884 -0.354891 -0.08012
16 3492 -0.345725 -0.077824
16 977 -0.0890729 -0.112264
16 145 -0.098239 -0.109968
16 2713 0.0209207 -0.11456
16 3495 0.166433 -0.122596
6 3885 -0.266667 0.000239202
16 3885 -0.361765 -0.0433844
6 3886 0.298196 0.024347
16 3886 0.196414 -0.0988705
16 3656 0.125186 -0.0858599
16 3497 -0.323955 -0.0100927
16 3657 -0.354891 0.0105711
6 3887 -0.272396 0.0622306
16 3887 -0.357182 0.019755
16 3658 -0.315935 0.019755
6 3888 0.374963 0.14833
16 3888 0.294759 0.00942309
6 3889 0.369234 0.15407
16 3889 0.290176 0.015163
16 3789 0.307172 0.0149717
16 3158 0.306217 0.017459
16 3746 0.316529 0.024347
16 2622 0.336007 0.0312349
6 3890 0.427668 0.183917
16 3890 0.345364 0.0341048
6 3891 0.432251 0.183917
16 3891 0.349183 0.0341048
16 3661 0.311946 0.0461587
6 3892 0.387566 0.193101
16 3892 0.309654 0.0484547
16 3790 0.29728 0.052817
6 3893 0.376109 0.204581
16 3893 0.298196 0.0599346
16 3663 0.306217 0.0599346
16 3791 0.292468 0.0633786
16 3664 0.311946 0.0622306
6 1363 0.38642 0.212617
6 3894 0.379546 0.221801
16 3894 0.302779 0.0748584
6 3895 0.405898 0.239021
16 3895 0.329132 0.0857643
6 3896 0.403607 0.245909
16 3896 0.325313 0.0924609
16 3666 0.3129 0.0972442
16 3667 0.317674 0.0978182
6 3897 0.218909 -0.206169
16 3897 0.107541 -0.312243
6 3898 0.196911 -0.186883
16 3898 0.0882918 -0.291579
6 1461 0.201035 -0.166219
16 1606 0.0594185 -0.25714
6 3899 0.236783 -0.152443
16 3899 0.127505 -0.260942
16 3502 0.100666 -0.247497
6 3900 0.228534 -0.1428
16 3900 0.12404 -0.250022
16 231 0.107541 -0.246119
16 1374 0.11304 -0.244742
16 3504 0.143289 -0.240609
16 239 0.0896668 -0.232343
16 242 0.0786674 -0.22821
6 3901 0.209285 -0.119381
16 3901 0.107541 -0.225455
16 3671 0.117165 -0.215583
16 3794 0.147413 -0.219945
6 3902 0.247783 -0.106983
16 3902 0.141364 -0.218292
6 3903 0.232659 -0.105605
16 3903 0.128165 -0.214435
16 3507 0.159788 -0.215812
6 3904 0.272531 -0.101473
16 3904 0.170787 -0.214435
16 3672 0.11304 -0.206169
16 560 0.102041 -0.196526
16 3511 0.11579 -0.196526
16 3765 0.136414 -0.196526
16 3301 -0.124821 -0.164842
6 3905 0.173537 -0.0821864
16 3905 0.0745427 -0.184128
6 3906 0.169412 -0.0808088
16 3906 0.069043 -0.184128
16 3513 0.166662 -0.191016
16 3514 0.0704179 -0.17724
16 3515 0.0896668 -0.178617
6 3907 0.264282 -0.0697881
16 3907 0.162538 -0.184128
16 1440 0.12679 -0.173107
16 2023 -0.354433 -0.108361
6 3908 0.232659 -0.0546346
16 3908 0.130914 -0.164842
6 3909 -0.249939 -0.0505019
16 3909 -0.348933 -0.0987174
16 3516 0.0308202 -0.148862
16 3673 -0.0918227 -0.129024
16 462 0.0965414 -0.149688
16 457 -0.0931977 -0.124892
6 3910 -0.256813 -0.036726
16 3910 -0.353058 -0.083564
16 464 -0.109697 -0.116626
6 3911 0.11854 -0.0339709
16 3911 0.0209207 -0.131779
6 3912 0.117165 -0.0298381
16 3912 0.0181709 -0.129024
6 3913 0.12404 -0.0284605
16 3913 0.0277953 -0.126269
6 3307 0.119915 -0.020195
16 166 0.158413 -0.124892
16 167 0.165287 -0.122136
16 3519 -0.361307 -0.043614
16 1047 0.196223 -0.112264
16 498 0.179037 -0.10882
6 3914 0.29178 0.0101119
16 3914 0.19164 -0.109968
16 3675 0.19966 -0.104228
6 3915 0.29728 0.019755
16 3915 0.196223 -0.10308
6 3916 0.220284 0.0293981
16 3916 0.125415 -0.0849416
16 3522 -0.324184 -0.0105519
16 2620 0.168725 -0.0617522
16 3676 0.29453 0.0101119
6 3917 0.38665 0.156136
16 3917 0.307363 0.015163
16 3740 0.316529 0.0252653
16 3796 0.334403 0.0307757
16 3797 0.306217 0.0404188
6 3918 0.421023 0.187821
16 3918 0.338527 0.0390412
16 3677 0.311029 0.0459291
6 3919 0.412773 0.190576
16 3919 0.330278 0.0417964
16 3678 0.317904 0.0500619
6 3920 0.414148 0.197464
16 3920 0.333715 0.0484547
6 3921 0.3784 0.200219
16 3921 0.30003 0.0555722
16 3680 0.29728 0.059705
6 3922 0.3839 0.205729
16 3922 0.305529 0.059705
6 3348 0.370151 0.208484
6 3377 0.400399 0.220883
6 3923 0.403149 0.230526
16 3923 0.326841 0.0794504
6 3924 0.401774 0.234658
16 3924 0.325695 0.0828943
6 3925 0.405898 0.238791
16 3925 0.329132 0.0863383
6 3926 0.403149 0.245679
16 3926 0.325695 0.0932263
6 3927 0.230459 -0.195148
16 3927 0.118265 -0.304253
16 3682 0.100116 -0.287722
16 992 0.100116 -0.271191
16 1643 0.0605185 -0.256313
16 386 0.100116 -0.248048
6 3928 0.227159 -0.143902
16 3928 0.12129 -0.253007
6 3929 0.240358 -0.143902
16 3929 0.133664 -0.254385
16 3525 0.0671181 -0.238129
16 1210 0.146314 -0.244741
16 3801 0.0704179 -0.23317
6 3930 0.21066 -0.130677
16 3930 0.110016 -0.236476
16 3526 0.0720678 -0.22821
16 3684 0.0786674 -0.22821
16 545 0.136414 -0.236476
6 3931 0.21396 -0.120759
16 3931 0.111666 -0.226833
16 3802 0.100116 -0.218292
6 1728 -0.0318762 -0.11084
6 3932 0.260157 -0.109187
16 3932 0.154563 -0.221598
16 405 0.111666 -0.210026
6 3933 0.289855 -0.100921
16 3933 0.185911 -0.214986
6 3934 0.263457 -0.0976153
16 3934 0.159513 -0.210026
16 3803 0.167762 -0.20672
6 418 0.225509 -0.0910029
6 3935 0.172712 -0.0893498
16 3935 0.0753676 -0.191842
6 3936 0.237058 -0.0860436
16 3936 0.134764 -0.195148
16 430 0.144664 -0.195148
16 3534 -0.125921 -0.165393
6 3937 0.172712 -0.0827374
16 3937 0.0737177 -0.18523
16 280 0.0951665 -0.188536
16 2904 0.180412 -0.197904
16 287 0.172712 -0.195148
16 1236 -0.0821983 -0.164842
16 3686 0.0902168 -0.178617
16 2492 -0.0846731 -0.157127
16 1437 0.103416 -0.173658
16 3749 0.0753676 -0.15878
16 3688 0.0885668 -0.145555
16 1197 -0.0912727 -0.124065
16 609 0.161163 -0.149688
6 3938 -0.248014 -0.0314912
16 3938 -0.345358 -0.0794312
16 3806 0.0242206 -0.124065
16 1008 -0.0744437 -0.106211
6 2121 0.119915 -0.0149602
16 3692 0.154288 -0.129024
16 628 0.176287 -0.112493
16 1085 0.179037 -0.109738
6 3939 0.291505 0.00983643
16 3939 0.190861 -0.11084
16 2222 0.124865 -0.0876967
6 3940 0.37235 0.133819
16 3940 0.29178 -0.00366397
6 3941 0.369051 0.153656
16 3941 0.290405 0.0142447
16 3768 0.312404 0.0225101
6 3942 0.405349 0.171841
16 3942 0.324503 0.0263674
6 3943 0.390499 0.191678
16 3943 0.311304 0.0462047
16 1888 0.328903 0.0459291
6 3944 0.393799 0.19829
16 3944 0.313779 0.0514395
6 3945 0.400399 0.221434
16 3945 0.321203 0.0710012
6 3946 0.402049 0.234658
16 3946 0.324778 0.083124
16 3810 0.316529 0.0968998
16 3811 0.324549 0.0978182
16 1252 0.123215 -0.309213
16 3347 0.0978063 -0.300616
16 3812 0.0997862 -0.28673
16 1860 0.0958265 -0.276812
16 3546 0.0601885 -0.256974
6 3947 0.226499 -0.145886
16 3947 0.121565 -0.253007
16 1423 0.052269 -0.243088
16 3693 0.147303 -0.253007
6 1425 0.2067 -0.139935
16 3548 0.103746 -0.239121
16 544 0.145324 -0.241105
16 1729 0.177002 -0.227219
16 3813 0.155223 -0.221267
16 2397 0.111666 -0.211349
16 3694 0.169082 -0.215316
16 1683 0.159183 -0.209365
16 3552 0.109686 -0.203414
16 3814 0.167102 -0.207381
16 558 0.119585 -0.199446
16 3556 -0.125921 -0.165723
16 3743 -0.0744437 -0.171674
16 569 0.147303 -0.195479
16 3695 0.0958265 -0.187544
16 3557 0.0700879 -0.181593
6 3948 0.266097 -0.0784393
16 3948 0.165122 -0.191512
16 3559 0.0997862 -0.177626
16 3306 -0.108102 -0.145886
16 3335 -0.353608 -0.102244
16 595 0.0760276 -0.159772
6 3949 0.127505 -0.0486834
16 3949 0.0281144 -0.14787
6 3950 -0.274412 -0.0407485
16 3950 -0.371427 -0.0843905
6 1509 -0.256593 -0.0387648
16 3697 -0.351628 -0.080423
16 3699 0.0265305 -0.128032
16 1109 0.0205908 -0.11613
16 3701 0.20076 -0.137951
16 166 0.157203 -0.124065
16 487 0.167102 -0.122081
16 3566 0.176012 -0.112493
16 3703 -0.31203 0.012812
6 3951 0.410628 0.177461
16 3951 0.329453 0.0313268
6 3952 0.38489 0.183412
16 3952 0.305694 0.0386004
6 3953 0.390829 0.189363
16 3953 0.309654 0.0445516
16 3753 0.313614 0.0505028
16 3819 0.297775 0.0604214
6 3954 0.402709 0.244908
16 3954 0.324503 0.0924916
6 3381 0.38687 0.246891
16 3820 0.130277 -0.274034
16 1819 0.0661282 -0.262132
6 1093 0.227687 -0.145489
16 669 0.0803835 -0.223092
16 752 0.120773 -0.216903
6 3955 0.232439 -0.109782
16 3955 0.125525 -0.219284
16 672 0.101766 -0.212142
16 3707 0.149283 -0.219284
6 3312 0.260949 -0.0978797
6 3000 0.203928 -0.0954992
16 3709 0.116021 -0.20262
16 3821 0.0756317 -0.193099
16 3710 0.11127 -0.197859
16 3576 0.0732558 -0.185957
16 1503 0.170666 -0.197859
16 685 0.130277 -0.190718
6 574 0.265701 -0.078836
16 3713 0.0898869 -0.178816
16 3823 0.146908 -0.171674
16 3824 -0.104934 -0.140728
6 3956 0.230063 -0.0550313
16 3956 0.129485 -0.163739
6 3957 -0.230855 -0.0455094
16 3957 -0.330641 -0.0954992
16 3583 0.177794 -0.162152
6 3958 -0.00277181 -0.0359875
16 3958 -0.102558 -0.119304
16 1533 0.161163 -0.149853
16 698 -0.344896 -0.0812164
6 708 -0.033658 -0.0217047
16 3587 -0.0764236 -0.107402
16 3718 -0.34157 -0.0459855
16 2251 0.132652 -0.107402
6 3959 0.294211 0.0116219
16 3959 0.192049 -0.109782
16 717 -0.344896 -0.0217047
16 3588 0.167102 -0.0625695
16 3826 -0.309258 0.0140023
6 3960 0.367863 0.159211
16 3960 0.289855 0.0207469
6 3961 0.377366 0.178255
16 3961 0.294211 0.0354265
16 3348 0.289855 0.0643889
6 3962 0.398749 0.223484
16 3962 0.320346 0.073514
16 3829 0.313614 0.0961284
6 3963 0.228637 -0.20024
16 3963 0.117447 -0.308789
6 3964 0.20868 -0.197383
16 3964 0.0974897 -0.303076
6 736 0.200127 -0.194527
16 2264 0.0889366 -0.271654
16 3591 0.143106 -0.265941
16 3145 0.0547241 -0.243088
6 3965 0.177319 -0.137395
16 3965 0.0718303 -0.240232
16 1094 0.148808 -0.240232
16 1291 0.137404 -0.237375
16 1271 0.151659 -0.231662
6 3966 0.248595 -0.111686
16 3966 0.143106 -0.223092
16 672 0.100341 -0.211666
6 3278 0.225786 -0.0974036
16 3595 0.148808 -0.203096
16 833 -0.107785 -0.168818
16 3831 0.126 -0.194527
16 3318 0.163063 -0.20024
16 834 -0.0963808 -0.165961
6 3967 0.168766 -0.0659814
16 3967 0.0689793 -0.168818
16 3724 0.163063 -0.177387
16 3725 0.0290648 -0.145965
6 3968 0.143106 -0.0374158
16 3968 0.046171 -0.137395
6 3969 0.294211 -0.0259896
16 3969 0.191574 -0.145965
16 3600 0.200127 -0.134539
6 3970 -0.253188 -0.00885015
16 3970 -0.347272 -0.0550313
16 3034 0.0233627 -0.105973
16 1838 0.170666 -0.124065
6 3971 0.288509 -0.00599361
16 3971 0.187297 -0.126445
6 3972 0.297062 0.0168589
16 3972 0.194425 -0.105021
16 3015 0.196801 -0.0978797
6 1267 0.311317 0.0339983
16 1540 0.168766 -0.0631249
16 2634 -0.310209 0.0140024
6 3973 0.391146 0.162544
16 3973 0.311317 0.0197154
6 3974 0.391146 0.216818
16 3974 0.311317 0.068277
16 1148 0.0701197 -0.274511
6 3975 0.210391 -0.147679
16 3975 0.104332 -0.253943
6 818 0.176178 -0.137395
6 823 0.254867 -0.13054
16 822 0.0872259 -0.229948
6 3976 0.278816 -0.123684
16 3976 0.171617 -0.237375
6 3977 0.210391 -0.116828
16 3977 0.108894 -0.223092
16 883 0.0974897 -0.216237
16 3835 0.118017 -0.209381
6 2232 0.0222223 -0.0894052
6 3978 0.265131 -0.0654101
16 3978 0.162493 -0.17853
16 1129 0.0769622 -0.161391
6 3979 0.128281 -0.0448428
16 3979 0.0290648 -0.144251
6 3980 -0.237792 -0.0311314
16 3980 -0.333017 -0.0802643
16 3609 0.176178 -0.147679
6 3981 0.289079 -0.0208477
16 3981 0.186442 -0.140823
16 3837 0.128281 -0.106545
16 3611 0.196706 -0.0859773
16 1840 0.159072 -0.0654101
16 2945 -0.302796 0.0271426
16 3838 0.285658 0.0648492
6 3982 0.343819 0.222531
16 3982 0.271403 0.0797033
6 3983 0.216465 -0.206016
17 3983 0.123849 -0.274895
17 3405 0.122894 -0.269155
17 3772 0.128623 -0.267242
6 3984 0.212646 -0.200276
17 3984 0.121939 -0.266285
17 3839 0.126713 -0.265329
17 3840 0.120984 -0.257676
6 2976 0.199278 -0.185926
6 3985 0.234606 -0.185926
17 3985 0.142945 -0.254806
17 3841 0.12003 -0.249066
6 3228 0.201188 -0.17923
17 3843 0.113346 -0.232802
17 9 0.147719 -0.230889
17 1607 0.149629 -0.228976
17 3613 0.0894758 -0.223236
17 3408 0.0789729 -0.221323
6 3986 0.182092 -0.151487
17 3986 0.0971142 -0.218453
17 3409 0.0808825 -0.216539
17 3776 0.0847018 -0.216539
17 13 0.088521 -0.215583
17 3411 0.0847018 -0.214626
17 3413 0.114301 -0.215583
6 3987 0.172544 -0.143833
17 3987 0.0894758 -0.209843
17 3414 0.11812 -0.210799
6 3988 0.228877 -0.142877
17 3988 0.141035 -0.212713
6 3989 0.226968 -0.140007
17 3989 0.141035 -0.207929
17 29 0.0866114 -0.205059
17 3777 0.130532 -0.208886
17 3417 0.088521 -0.202189
17 3420 0.123849 -0.203146
6 3990 0.212646 -0.13331
17 3990 0.126713 -0.202189
17 1319 0.122894 -0.201233
6 240 0.245109 -0.132353
17 1376 0.088521 -0.197406
6 3991 0.192595 -0.128527
17 3991 0.108572 -0.19645
6 3992 0.182092 -0.125657
17 3992 0.098069 -0.19358
17 3778 0.164905 -0.1821
6 2677 0.221239 -0.106524
17 3847 0.157267 -0.17923
6 3993 0.247974 -0.105567
17 3993 0.160131 -0.178273
17 3425 0.128623 -0.17349
17 3427 0.175408 -0.174446
17 3736 0.124804 -0.168706
17 3619 0.118311 -0.168515
17 3428 0.177318 -0.17062
6 66 0.21551 -0.0960005
17 3621 0.187821 -0.17062
6 3994 0.283301 -0.0960005
17 3994 0.194504 -0.171576
17 3429 0.134352 -0.165836
17 3430 0.161086 -0.16775
17 64 0.106662 -0.162967
17 3431 0.12003 -0.163923
17 3432 -0.0928921 -0.146703
17 3433 0.120984 -0.16201
17 3849 0.0942498 -0.158183
17 3850 0.136261 -0.161053
17 3763 0.216465 -0.166793
17 3435 0.117165 -0.160097
17 3436 0.127668 -0.158183
17 3624 0.0923402 -0.154357
17 3437 0.176363 -0.161053
17 3438 0.194504 -0.160097
17 3439 -0.0976662 -0.13905
17 3853 0.0923402 -0.15053
17 1173 -0.327774 -0.11609
17 3440 0.147719 -0.151487
17 3441 0.182092 -0.1534
17 3780 0.107617 -0.145747
17 468 0.105707 -0.140963
17 3756 0.16777 -0.14479
17 103 0.11812 -0.13905
17 1985 -0.0804797 -0.119917
17 108 -0.340187 -0.0768674
6 3995 0.00258845 -0.0376444
17 3995 -0.0699768 -0.0950439
17 3857 -0.323955 -0.0739974
17 1847 -0.0623384 -0.0950439
17 3858 -0.0728412 -0.0940872
17 3447 -0.355464 -0.0673008
17 3860 0.0407807 -0.0979138
17 3450 -0.073796 -0.0845206
6 3996 0.11621 -0.0232946
17 3996 0.0407807 -0.0912172
17 3451 -0.381244 -0.0519943
17 949 -0.0842989 -0.0759107
17 1987 -0.362147 -0.0510376
17 3627 0.0445999 -0.0854773
17 3862 0.0417355 -0.083564
17 318 -0.361193 -0.047211
17 131 -0.394611 -0.0414711
17 320 -0.386972 -0.0405144
17 3455 0.034097 -0.0739974
17 3629 0.182092 -0.0854773
6 1991 -0.312497 -0.00511811
17 3457 -0.315362 -0.0319045
6 3997 0.301443 0.00923174
17 3997 0.21551 -0.0739974
6 3998 -0.323955 0.0121017
17 3998 -0.390792 -0.0185113
6 3999 0.301443 0.0130584
17 3999 0.21551 -0.0701708
6 4000 0.298578 0.019755
17 4000 0.212646 -0.0625175
6 4001 -0.292447 0.0341048
17 4001 -0.355464 -0.000334827
17 189 -0.353554 0.0341048
17 193 -0.296266 0.0341048
6 4002 -0.280989 0.0790677
17 4002 -0.341142 0.0436714
6 4003 -0.246616 0.0819377
17 4003 -0.303904 0.0427147
6 4004 -0.280034 0.086721
17 4004 -0.338277 0.0513246
17 3639 0.326268 0.080981
17 3757 0.300488 0.0848076
17 3751 0.298578 0.0857643
17 3865 0.296669 0.0905476
17 3641 0.302398 0.0886343
17 3643 0.308126 0.0915042
6 4005 0.371144 0.20726
17 4005 0.291895 0.0991575
6 4006 0.392149 0.220653
17 4006 0.310036 0.106811
17 3867 0.319584 0.106811
6 4007 0.402652 0.235959
17 4007 0.320539 0.119247
17 3465 0.128623 -0.267242
6 4008 0.209972 -0.193771
17 4008 0.120602 -0.259206
17 3466 0.140081 -0.261502
17 3228 0.111436 -0.247726
17 5 0.119457 -0.23395
17 925 0.107617 -0.228019
6 4009 0.220284 -0.160479
17 4009 0.13206 -0.229358
6 4010 0.239762 -0.158183
17 4010 0.150392 -0.22821
17 3872 0.0793549 -0.221323
6 1948 0.254657 -0.153591
17 12 0.147719 -0.222279
17 3185 0.0839379 -0.216731
17 15 0.0919583 -0.213287
17 3649 0.114874 -0.215583
6 4011 0.240908 -0.144407
17 4011 0.152493 -0.215583
6 4012 0.16185 -0.143259
17 4012 0.0782091 -0.208695
17 930 0.0896668 -0.209843
17 3469 0.118311 -0.210991
17 33 0.137789 -0.205251
17 3873 0.107999 -0.196067
6 4013 0.176745 -0.127188
17 4013 0.0931041 -0.193771
17 3874 0.104753 -0.194536
17 3875 0.155357 -0.197406
17 3876 0.124804 -0.194536
17 3877 0.138935 -0.192623
6 4014 0.209972 -0.1203
17 4014 0.124804 -0.189753
17 3878 0.129769 -0.190327
6 4015 0.226013 -0.115708
17 4015 0.140081 -0.186883
17 3472 0.165287 -0.181143
17 54 0.125186 -0.173107
17 3881 0.159559 -0.171959
17 3476 0.176745 -0.171959
6 4016 0.283301 -0.0961918
17 4016 0.195077 -0.171959
17 3773 0.160704 -0.168515
6 4017 -0.0260557 -0.0927479
17 4017 -0.103968 -0.147851
17 264 -0.0902187 -0.144407
17 1648 0.0908125 -0.157035
6 4018 0.292468 -0.0881559
17 4018 0.203098 -0.16488
17 840 0.128623 -0.158183
17 3764 0.152684 -0.159331
17 3651 0.175599 -0.160479
17 3481 -0.0970933 -0.138667
17 81 -0.0581372 -0.140963
17 431 0.0931041 -0.150147
17 3161 0.088521 -0.150147
6 94 0.231742 -0.078972
6 4019 0.267261 -0.07438
17 4019 0.180182 -0.150147
17 3485 0.177891 -0.147851
6 2474 0.256949 -0.0594562
17 3489 0.115256 -0.115134
17 3491 -0.319372 -0.076676
6 4020 0.117165 -0.0307565
17 4020 0.0403988 -0.0973398
17 3652 0.0484192 -0.0950439
17 145 -0.0741779 -0.083564
6 4021 -0.254063 -0.0215726
17 4021 -0.321664 -0.0583082
17 3494 0.172162 -0.0915999
6 4022 0.138935 -0.0100927
17 4022 0.0621684 -0.08012
17 1660 0.0530022 -0.073232
17 3655 -0.322809 -0.0342004
17 3297 0.15383 -0.0709361
6 4023 0.292468 0.0105711
17 4023 0.206917 -0.0720841
17 1402 -0.391555 -0.0181286
17 3656 0.14199 -0.050081
17 3497 -0.298748 -0.000908798
6 4024 -0.314789 0.0392708
17 4024 -0.378952 0.00712714
6 4025 -0.312497 0.0404188
17 4025 -0.375515 0.00827509
6 4026 -0.310206 0.0496027
17 4026 -0.375515 0.017459
17 3498 -0.289582 0.0245383
17 212 -0.305623 0.0553426
17 3888 0.293804 0.0465414
17 3752 0.299533 0.0513246
17 2341 0.301443 0.0580212
6 4027 0.373817 0.173585
17 4027 0.292468 0.0668225
17 2622 0.330278 0.0668225
6 4028 0.377254 0.183917
17 4028 0.295905 0.0760064
17 3660 0.304307 0.0752411
17 3891 0.343454 0.0714144
17 3661 0.309654 0.0817464
17 3790 0.295905 0.0886343
17 3662 0.310991 0.0876776
17 3893 0.295905 0.0943742
17 3663 0.303925 0.0955222
17 3791 0.290405 0.099655
17 3664 0.309081 0.0972442
17 1363 0.306217 0.101071
17 1804 0.307172 0.103941
17 3894 0.300488 0.110446
6 4029 0.403607 0.230985
17 4029 0.321494 0.115421
17 3895 0.324358 0.122117
17 3896 0.322258 0.128814
17 3667 0.31481 0.133597
17 3897 0.12679 -0.273671
6 1600 0.21341 -0.204792
6 3076 0.212035 -0.199281
6 4030 0.223034 -0.197904
17 4030 0.132289 -0.264028
6 4031 0.209285 -0.193771
17 4031 0.119915 -0.259895
17 527 0.143518 -0.254614
17 1806 0.0896668 -0.237854
6 4032 0.203785 -0.168974
17 4032 0.11579 -0.236476
17 3899 0.148101 -0.222471
6 2676 0.232659 -0.151066
17 3299 0.122665 -0.21719
17 2075 0.0704179 -0.208924
6 4033 0.240908 -0.144178
17 4033 0.151538 -0.215812
6 4034 0.170787 -0.135912
17 4034 0.0869169 -0.202036
6 4035 0.223034 -0.135912
17 4035 0.136414 -0.204792
6 4036 0.172162 -0.130402
17 4036 0.0882918 -0.197904
17 3504 0.161163 -0.202036
17 3793 0.0924166 -0.193771
17 242 0.0965414 -0.193771
17 249 0.168037 -0.189638
6 4037 0.284906 -0.112493
17 4037 0.194161 -0.18826
17 3671 0.135039 -0.179995
17 3794 0.165287 -0.181373
17 3902 0.159788 -0.179995
6 4038 0.280781 -0.106983
17 4038 0.19164 -0.181143
17 3903 0.146039 -0.17724
17 3904 0.184536 -0.175862
6 4039 0.290405 -0.101473
17 4039 0.201035 -0.17724
17 3508 0.176287 -0.171729
6 408 -0.0217018 -0.093207
17 762 0.20791 -0.168974
17 3765 0.151538 -0.159331
17 3512 0.176287 -0.162086
17 3905 0.0924166 -0.151066
17 1332 0.185911 -0.157954
17 3906 0.0882918 -0.149688
17 426 -0.0739488 -0.135912
17 3513 0.180412 -0.153821
17 3514 0.0869169 -0.1428
17 3515 0.106166 -0.144178
17 104 0.166662 -0.145555
17 1440 0.141914 -0.13729
17 1195 -0.0808234 -0.119381
6 4040 0.257407 -0.060145
17 4040 0.172162 -0.135912
17 2749 -0.0794485 -0.111116
17 3908 0.148788 -0.129024
17 3516 0.0525439 -0.116626
6 4041 -0.23069 -0.0449916
17 4041 -0.299436 -0.083564
17 3517 0.107999 -0.111116
17 444 -0.383306 -0.0684105
17 3911 0.0415445 -0.101473
17 3912 0.0401696 -0.0973398
17 3913 0.0484192 -0.0959622
6 4042 -0.252688 -0.0243277
17 4042 -0.32006 -0.0615226
6 4043 0.12129 -0.0243277
17 4043 0.0456693 -0.0918295
6 4044 0.166662 -0.0243277
17 4044 0.088521 -0.0950439
17 157 -0.310435 -0.036726
17 3914 0.206535 -0.0720841
17 2620 0.183047 -0.0261646
17 188 -0.332434 0.0252653
17 1666 -0.295311 0.0307757
6 4045 -0.238939 0.0748584
17 4045 -0.295311 0.0349084
6 4046 0.422398 0.0803688
17 4046 0.330278 -0.020195
6 4047 0.368776 0.153381
17 4047 0.287655 0.0500619
17 1355 0.309654 0.0587866
6 4048 0.3729 0.174045
17 4048 0.29178 0.0665929
6 4049 0.377025 0.18231
17 4049 0.295905 0.0748584
17 3797 0.303925 0.0760064
17 3766 0.344027 0.0714144
6 4050 0.423772 0.187821
17 4050 0.337152 0.0748584
17 3677 0.308279 0.0817464
17 3748 0.300488 0.0851903
17 3798 0.324778 0.0817464
17 3799 0.295905 0.0886343
17 3678 0.315383 0.0863383
17 3920 0.330278 0.0851903
17 3680 0.295905 0.0955222
17 3348 0.292468 0.0989662
6 4051 0.389399 0.213995
17 4051 0.308279 0.101033
6 4052 0.3839 0.215372
17 4052 0.303925 0.103558
6 4053 0.390774 0.219505
17 4053 0.309654 0.107002
6 4054 0.418273 0.223638
17 4054 0.334861 0.109298
17 3923 0.322258 0.115038
17 3925 0.324549 0.121926
6 4055 0.410023 0.241546
17 4055 0.327986 0.124222
17 2625 0.309654 0.13111
17 3800 0.315383 0.133406
6 4056 0.21231 -0.213333
17 4056 0.119915 -0.279457
17 3524 0.124865 -0.264579
17 3927 0.138064 -0.264579
17 3682 0.119915 -0.249701
17 1461 0.11304 -0.233721
6 4057 0.238708 -0.163739
17 4057 0.149613 -0.23317
17 3928 0.140539 -0.213057
17 3929 0.151263 -0.214986
17 3525 0.086917 -0.201761
6 4058 0.245308 -0.133984
17 4058 0.155663 -0.204792
17 3801 0.0885668 -0.198455
17 3526 0.0918666 -0.193495
17 3684 0.0968164 -0.193495
17 3931 0.128165 -0.190189
17 396 0.124865 -0.188536
6 4059 0.217259 -0.119106
17 4059 0.132289 -0.189638
6 4060 0.288205 -0.119106
17 4060 0.197461 -0.193495
6 1467 0.225509 -0.115799
17 3932 0.171062 -0.183577
17 3933 0.20076 -0.176964
17 3529 0.117165 -0.168974
6 4061 -0.0269265 -0.0943091
17 4061 -0.104472 -0.148862
17 3803 0.182611 -0.170352
17 552 -0.0978724 -0.147208
17 3935 0.0924166 -0.157954
17 3533 0.176012 -0.162086
17 3936 0.151263 -0.15878
17 3804 -0.0500251 -0.142249
17 3937 0.0918666 -0.152168
17 2904 0.192786 -0.159331
17 3535 0.184261 -0.157127
17 287 0.187561 -0.157127
6 4062 0.169412 -0.0794312
17 4062 0.0885668 -0.148862
6 4063 0.266757 -0.0777781
17 4063 0.180962 -0.153821
17 3686 0.106716 -0.143902
17 3536 0.086917 -0.142249
6 4064 0.258507 -0.059594
17 4064 0.172712 -0.135637
17 3687 0.147963 -0.129024
17 3690 -0.0912727 -0.0876967
17 3805 0.0407196 -0.0959622
17 3541 0.0473192 -0.0959622
17 3806 0.0456693 -0.092656
6 4065 0.167762 -0.0248788
17 4065 0.0885668 -0.0959622
6 4066 -0.252963 -0.0232256
17 4066 -0.32061 -0.061247
17 3691 0.0390697 -0.0893498
17 3339 0.0440194 -0.0876967
17 2121 0.0440194 -0.0827374
6 4067 0.105066 -0.0100008
17 4067 0.0308202 -0.0777781
17 1692 -0.381931 -0.0394812
6 1226 0.258507 -0.00669463
6 4068 -0.261213 -0.0050415
17 4068 -0.328859 -0.0414098
17 2172 0.0607934 -0.0697881
17 3939 0.20571 -0.0728188
17 625 -0.31566 -0.013307
17 3543 -0.378356 0.00653023
17 504 -0.290911 0.0015709
6 4069 -0.231515 0.0462047
17 4069 -0.294211 0.00653023
17 3544 -0.375056 0.0181019
17 2590 -0.381656 0.0230612
17 516 -0.300811 0.0445516
17 2811 -0.300811 0.0544702
17 3742 0.312404 0.059705
17 3942 0.321203 0.0627357
6 4070 0.420198 0.186718
17 4070 0.333028 0.0734809
17 3809 0.327528 0.0776136
6 4071 0.37565 0.19829
17 4071 0.296455 0.0908385
17 3944 0.311029 0.0872567
6 4072 0.3839 0.204903
17 4072 0.302779 0.0941446
6 4073 0.3839 0.216474
17 4073 0.303054 0.10241
6 4074 0.38885 0.216474
17 4074 0.306904 0.103788
6 4075 0.421848 0.219781
17 4075 0.336053 0.104063
6 4076 0.402049 0.244577
17 4076 0.322028 0.128584
17 3811 0.314604 0.132166
6 4077 0.410298 0.252843
17 4077 0.327528 0.134095
6 4078 0.218579 -0.205398
17 4078 0.127505 -0.272844
6 4079 0.196801 -0.197463
17 4079 0.107706 -0.262926
17 3347 0.119585 -0.260942
6 4080 0.230459 -0.195479
17 4080 0.137404 -0.264909
17 3812 0.119585 -0.24904
17 3546 0.0799874 -0.221267
6 4081 0.244318 -0.133984
17 4081 0.155223 -0.205398
6 4082 0.171062 -0.132
17 4082 0.0879069 -0.197463
6 4083 0.232439 -0.108195
17 4083 0.145324 -0.179609
6 673 0.240358 -0.106211
17 2517 0.113645 -0.169691
6 4084 0.293815 -0.0982766
17 4084 0.20472 -0.173658
17 3814 0.180962 -0.169691
17 3554 0.0938466 -0.157788
17 3555 0.175022 -0.163739
17 3556 -0.100182 -0.139935
17 3743 -0.0487052 -0.143902
6 4085 0.171062 -0.0843905
17 4085 0.0918667 -0.151837
6 4086 0.272036 -0.0843905
17 4086 0.184921 -0.159772
6 4087 0.279956 -0.0843905
17 4087 0.192841 -0.159772
17 3557 0.0879069 -0.14787
17 3948 0.178982 -0.153821
17 3696 0.085927 -0.141918
17 3559 0.115625 -0.143902
17 3560 0.173042 -0.14787
17 3561 0.121565 -0.139935
17 3562 0.141364 -0.137951
17 595 0.0938466 -0.126049
6 4088 -0.270452 -0.0466997
17 4088 -0.339748 -0.0824068
6 4089 -0.230855 -0.044716
17 4089 -0.300151 -0.0843905
17 3697 -0.325889 -0.0724881
17 3815 0.192841 -0.110179
17 3700 0.0384098 -0.0903416
17 3564 -0.0506851 -0.080423
17 1109 0.0423695 -0.0843905
17 3565 0.0304902 -0.0784393
6 4090 -0.262533 -0.0050415
17 4090 -0.329849 -0.0407485
17 3567 0.194161 -0.0728188
17 630 0.196801 -0.0724881
17 3568 0.21396 -0.0728188
17 3569 0.21462 -0.066537
17 3570 -0.294211 0.00686083
17 3703 -0.290251 0.0207469
6 2255 -0.246694 0.0762912
17 1017 -0.31599 0.0425679
17 643 -0.300151 0.0425679
6 4091 0.37301 0.151673
17 4091 0.291505 0.0478578
6 4092 0.396769 0.167543
17 4092 0.312954 0.0594295
17 3953 0.307674 0.0802586
6 4093 0.37499 0.197298
17 4093 0.295795 0.0901773
6 4094 0.38687 0.197298
17 4094 0.305694 0.0881935
17 3753 0.311304 0.0875323
17 3819 0.295795 0.0961284
6 4095 0.38291 0.205233
17 4095 0.303054 0.0941447
17 3242 0.291505 0.099104
6 1455 0.38885 0.215152
6 4096 0.400729 0.221103
17 4096 0.319554 0.107369
17 3954 0.321203 0.12886
17 3148 0.327803 0.133819
6 4097 0.218183 -0.205001
17 4097 0.127901 -0.271654
6 4098 0.230063 -0.197859
17 4098 0.137404 -0.266893
17 3571 0.118397 -0.262132
6 4099 0.218183 -0.195479
17 4099 0.125525 -0.266893
17 3704 0.149283 -0.240708
17 3820 0.149283 -0.235947
17 3310 0.0803834 -0.221664
6 747 0.256197 -0.135967
17 2228 0.087511 -0.197859
6 4100 0.20868 -0.116923
17 4100 0.123545 -0.18556
17 3706 0.139384 -0.187544
17 1062 0.175418 -0.181196
17 3707 0.165914 -0.181196
17 3710 0.127901 -0.162152
17 3215 -0.0479132 -0.143109
17 3579 0.087511 -0.135967
6 4101 0.194425 -0.0645532
17 4101 0.113645 -0.135967
17 3580 0.175418 -0.138348
6 4102 -0.230855 -0.0526508
17 4102 -0.299755 -0.0907383
17 1102 -0.0906787 -0.109782
17 1070 -0.325889 -0.0812164
17 3583 0.194425 -0.124065
17 703 -0.085927 -0.0907383
17 3584 0.0399937 -0.0978797
17 3586 -0.318762 -0.0621727
6 4103 0.113645 -0.0240852
17 4103 0.0376179 -0.0907383
17 3587 -0.0526649 -0.0812164
6 3401 0.123149 -0.0217047
6 4104 0.27758 0.00924138
17 4104 0.192841 -0.0724881
17 717 -0.318762 -0.0145633
17 1263 -0.287875 -0.000280524
17 3826 -0.290251 0.0211437
17 1744 -0.302131 0.0520898
6 4105 0.372615 0.133026
17 4105 0.289855 0.0306656
6 2950 0.382118 0.159211
17 3827 0.305694 0.0524865
17 3828 0.319554 0.125884
17 2264 0.108894 -0.234519
17 3144 0.0860855 -0.228806
17 3316 0.151659 -0.214523
6 4106 0.220084 -0.137395
17 4106 0.134553 -0.205953
6 4107 0.205829 -0.134539
17 4107 0.120773 -0.20262
6 4108 0.183021 -0.111686
17 4108 0.100341 -0.180244
17 3966 0.160212 -0.185957
17 3312 0.174468 -0.171674
17 3595 0.165915 -0.165961
17 762 0.205829 -0.168818
6 1557 0.0319158 -0.0831208
17 834 -0.0707215 -0.137395
17 1758 0.160212 -0.154535
17 890 -0.0621684 -0.134539
17 3313 0.113645 -0.143109
17 3967 0.0889366 -0.134539
6 4109 0.00910752 -0.0574118
17 4109 -0.0650194 -0.114543
6 4110 0.228637 -0.0545552
17 4110 0.146908 -0.128826
6 4111 -0.230379 -0.0459855
17 4111 -0.301655 -0.0831208
17 777 -0.0764235 -0.0945471
17 3968 0.0661283 -0.105973
6 4112 0.143106 -0.0317027
17 4112 0.0689793 -0.10026
6 791 0.171617 -0.0259896
17 1080 -0.0792746 -0.0774077
17 2529 0.174468 -0.0831208
17 1832 0.20868 -0.0716946
17 3972 0.211531 -0.0659814
17 3179 -0.293102 0.0197154
17 3832 0.289459 0.0306656
6 4113 0.382593 0.162544
17 4113 0.298963 0.0544703
17 3973 0.30609 0.0568508
6 4114 0.368338 0.171113
17 4114 0.287083 0.0639922
6 4115 0.382593 0.219675
17 4115 0.303715 0.109221
6 4116 0.217233 -0.199097
17 4116 0.12486 -0.267655
17 1149 0.107753 -0.236804
17 3727 0.0838047 -0.229948
17 3975 0.121438 -0.219665
17 3606 0.165915 -0.212809
6 4117 0.206969 -0.137395
17 4117 0.121438 -0.205953
6 4118 0.220654 -0.137395
17 4118 0.135123 -0.205953
17 2567 0.155651 -0.199097
17 824 -0.0427813 -0.175102
17 3977 0.126 -0.185957
6 4119 0.248024 -0.116828
17 4119 0.159072 -0.188814
6 1581 0.224076 -0.109972
17 1123 0.107753 -0.171674
17 3836 0.15223 -0.171674
17 2232 -0.0536153 -0.145965
6 4120 -0.248056 -0.0825495
17 4120 -0.316481 -0.120256
17 890 -0.0633088 -0.133968
6 4121 0.203548 -0.068838
17 4121 0.121438 -0.140823
17 3978 0.179599 -0.140823
17 3979 0.0495922 -0.1134
17 3730 0.0974897 -0.116828
6 847 -0.244635 -0.0379871
17 3980 -0.307357 -0.068838
6 4122 -0.0256751 -0.0277035
17 4122 -0.0975212 -0.0825495
17 1136 0.0495922 -0.0859773
17 3324 0.214382 -0.0974036
17 3147 0.0564347 -0.0791216
6 2286 0.285658 -0.0105641
17 3733 0.176178 -0.0825495
6 4123 0.295922 0.013431
17 4123 0.210391 -0.068838
6 4124 0.37461 0.102556
17 4124 0.289079 0.00314742
6 4125 0.364347 0.167685
17 4125 0.285658 0.0648492
7 3612 0.23938 -0.235672
8 3149 0.225058 -0.239499
7 4126 0.247019 -0.230889
8 4126 0.226013 -0.233759
8 3466 0.234606 -0.230889
7 4127 0.221239 -0.226106
8 4127 0.199278 -0.229932
7 4128 0.237471 -0.221323
8 4128 0.21551 -0.225149
7 4129 0.235561 -0.212713
8 4129 0.213601 -0.215583
7 4130 0.232697 -0.206016
8 4130 0.210736 -0.209843
7 4131 0.245109 -0.194536
8 4131 0.223149 -0.198363
7 4132 0.264205 -0.19358
8 4132 0.24129 -0.19645
7 3648 0.26325 -0.189753
7 3613 0.205962 -0.18497
7 4133 0.19355 -0.183056
8 4133 0.171589 -0.186883
7 4134 0.198324 -0.178273
8 4134 0.177318 -0.1821
7 3615 0.245109 -0.17636
7 4135 0.26707 -0.175403
8 4135 0.245109 -0.17923
7 4136 0.261341 -0.174446
8 4136 0.23938 -0.178273
7 4137 0.19164 -0.172533
8 4137 0.171589 -0.177316
7 4138 0.197369 -0.172533
8 4138 0.177318 -0.17636
7 4139 0.249883 -0.171576
8 4139 0.227923 -0.174446
7 4140 0.274708 -0.17062
8 4140 0.251793 -0.17349
7 4141 0.231742 -0.16201
8 4141 0.211691 -0.165836
7 4142 0.202143 -0.158183
8 4142 0.181137 -0.162967
7 4143 0.204052 -0.15627
8 4143 0.182092 -0.160097
7 3617 0.2432 -0.15627
7 4144 0.270889 -0.155313
8 4144 0.247019 -0.158183
8 2330 0.26325 -0.15627
7 4145 0.238426 -0.151487
8 4145 0.216465 -0.155313
7 4146 0.242245 -0.151487
8 4146 0.220284 -0.155313
7 4147 0.247974 -0.151487
8 4147 0.226013 -0.155313
7 4148 0.258476 -0.15053
8 4148 0.236516 -0.154357
7 4149 0.260386 -0.145747
8 4149 0.236516 -0.149573
7 4150 0.286166 -0.145747
8 4150 0.262296 -0.149573
7 4151 0.307172 -0.14479
8 4151 0.283301 -0.14766
7 4152 0.281392 -0.143833
8 4152 0.258476 -0.14766
8 3473 0.237471 -0.14192
7 4153 0.268979 -0.137137
8 4153 0.245109 -0.140007
7 4154 0.274708 -0.13618
8 4154 0.251793 -0.140007
7 4155 0.277573 -0.13331
8 4155 0.254657 -0.136371
7 4156 0.305262 -0.13331
8 4156 0.281392 -0.13618
7 3621 0.309081 -0.13331
7 4157 0.332951 -0.131397
8 4157 0.309081 -0.134267
7 4158 0.238426 -0.129484
8 4158 0.21551 -0.13331
7 3431 0.234606 -0.1247
7 4159 0.234606 -0.122787
8 4159 0.212646 -0.126614
7 4160 0.257522 -0.122787
8 4160 0.234606 -0.126614
7 4161 -0.0155529 -0.12183
8 4161 -0.0384682 -0.126614
7 4162 0.250838 -0.12183
8 4162 0.228877 -0.125657
7 4163 0.276618 -0.12183
8 4163 0.253702 -0.125657
8 3438 0.293804 -0.1247
7 3622 0.247974 -0.120874
7 4164 0.266115 -0.120874
8 4164 0.2432 -0.1247
7 4165 0.269934 -0.120874
8 4165 0.245109 -0.123744
8 3480 0.258476 -0.123744
7 4166 0.24129 -0.11896
8 4166 0.218375 -0.122787
7 4167 0.261341 -0.11896
8 4167 0.238426 -0.122787
7 4168 0.311946 -0.11896
8 4168 0.288075 -0.122787
7 3625 0.247019 -0.118004
7 4169 0.201188 -0.117047
8 4169 0.179228 -0.120874
7 4170 0.258476 -0.117047
8 4170 0.234606 -0.120874
7 4171 0.26707 -0.11609
8 4171 0.238426 -0.11896
7 4172 0.204052 -0.114177
8 4172 0.181137 -0.118004
7 4173 0.234606 -0.11322
8 4173 0.211691 -0.117047
8 3440 0.238426 -0.117047
7 4174 0.296669 -0.108437
8 4174 0.272799 -0.112264
7 4175 0.199278 -0.10748
8 4175 0.176363 -0.111307
7 4176 0.291895 -0.10748
8 4176 0.268024 -0.11035
7 4177 0.287121 -0.105567
8 4177 0.26325 -0.109394
7 4178 -0.00409519 -0.10461
8 4178 -0.0270105 -0.108437
7 4179 0.00354326 -0.10461
8 4179 -0.0193721 -0.109394
7 4180 -0.00409519 -0.10174
8 4180 -0.0270105 -0.106524
7 4181 0.00640767 -0.10174
8 4181 -0.0157438 -0.106524
7 4182 0.19355 -0.10174
8 4182 0.170634 -0.106524
7 4183 0.195459 -0.10174
8 4183 0.172544 -0.106524
7 4184 0.21742 -0.10174
8 4184 0.195459 -0.105567
7 4185 0.224103 -0.0988705
8 4185 0.202143 -0.103654
8 2705 0.231742 -0.100784
7 1845 0.187821 -0.0960005
7 4186 0.0321874 -0.0950439
8 4186 0.00927209 -0.0998271
7 4187 0.253702 -0.0940872
8 4187 0.230787 -0.0979138
7 285 0.0321874 -0.0921739
8 3442 0.0150009 -0.0921739
7 126 -0.210333 -0.0625175
7 4188 0.139126 -0.0567776
8 4188 0.115256 -0.0606042
7 4189 0.136261 -0.0539076
8 4189 0.113346 -0.0586909
7 4190 0.0235942 -0.052951
8 4190 0.000678838 -0.0577342
7 4191 0.00736248 -0.0519943
8 4191 -0.0157438 -0.0571602
7 4192 0.147719 -0.0519943
8 4192 0.123849 -0.0567776
7 4193 0.0226394 -0.0510376
8 4193 -0.000275968 -0.0558209
7 4194 0.279482 -0.0510376
8 4194 0.254657 -0.0548643
7 4195 0.00736248 -0.050081
8 4195 -0.0155529 -0.0548643
7 4196 0.135306 -0.0481677
8 4196 0.111436 -0.052951
7 4197 0.297623 -0.044341
8 4197 0.271844 -0.0481677
7 4198 0.291895 -0.0433844
8 4198 0.266115 -0.047211
7 4199 0.00927209 -0.0414711
8 4199 -0.0136433 -0.0452977
7 4200 0.140081 -0.0414711
8 4200 0.11621 -0.0462544
8 3450 -0.00409519 -0.044341
8 145 -0.00123077 -0.044341
7 4201 0.138171 -0.0405144
8 4201 0.114301 -0.044341
7 4202 0.156312 -0.0405144
8 4202 0.130914 -0.0456803
8 149 -0.00123077 -0.0424277
7 4203 0.000678838 -0.0376444
8 4203 -0.0222365 -0.0424277
7 4204 0.000678838 -0.0357311
8 4204 -0.0222365 -0.0405144
7 3626 -0.207469 -0.0347745
7 4205 0.125758 -0.0347745
8 4205 0.101888 -0.0395578
7 4206 -0.220836 -0.0338178
8 4206 -0.243751 -0.0387924
7 4207 0.31672 -0.0328612
8 4207 0.290176 -0.0376444
7 4208 -0.212243 -0.0319045
8 4208 -0.236113 -0.0366878
7 4209 0.00640767 -0.0319045
8 4209 -0.0174625 -0.0357311
8 949 -0.0136433 -0.0357311
7 4210 0.321494 -0.0319045
8 4210 0.294759 -0.0357311
8 3455 0.104753 -0.0338178
7 4211 0.322448 -0.0290345
8 4211 0.294759 -0.0328612
8 3446 -0.291492 -0.0309478
7 4212 -0.207469 -0.0261646
8 4212 -0.231339 -0.0319045
7 4213 0.125758 -0.0261646
8 4213 0.102843 -0.0309478
7 4214 -0.210333 -0.0223379
8 4214 -0.23344 -0.0273125
7 4215 -0.280989 -0.0213813
8 4215 -0.306769 -0.0261646
7 4216 -0.265712 -0.013728
8 4216 -0.290537 -0.0185113
7 4217 0.244154 -0.0099014
8 4217 0.219329 -0.013728
8 127 -0.285763 -0.00894474
7 2982 0.247019 -0.000334827
7 203 0.324358 -0.000334827
7 4218 -0.27526 0.0034918
8 4218 -0.300085 -0.000334827
7 4219 -0.228475 0.00923174
8 4219 -0.2533 0.00540511
7 3630 -0.218927 0.00923174
7 170 -0.209378 0.0321915
7 4220 -0.27526 0.0398448
8 4220 -0.301995 0.0369748
7 4221 -0.272396 0.0417581
8 4221 -0.29913 0.0379315
8 3459 -0.222746 0.0408014
7 4222 -0.280989 0.0465414
8 4222 -0.308678 0.0436714
8 954 -0.206514 0.0436714
7 4223 -0.243751 0.0494113
8 4223 -0.268576 0.0455847
7 4224 -0.192192 0.0513246
8 4224 -0.217972 0.0484547
7 4225 -0.265712 0.0522813
8 4225 -0.291492 0.0484547
8 2338 -0.232294 0.0494113
7 4226 -0.271441 0.0618479
8 4226 -0.298175 0.0589779
8 3498 -0.211288 0.0666312
8 3462 -0.254254 0.0675878
7 3658 -0.190282 0.0733278
8 2064 -0.216062 0.0723711
7 4227 -0.186463 0.0752411
8 4227 -0.210333 0.0723711
7 4228 -0.182644 0.0790677
8 4228 -0.206514 0.0761977
7 4229 -0.198876 0.080981
8 4229 -0.222746 0.078111
8 202 -0.211288 0.0790677
7 3159 -0.19983 0.0876776
7 1803 -0.196011 0.0886343
7 4230 0.452302 0.0915042
8 4230 0.425567 0.083851
7 3634 0.453257 0.0953309
7 4231 0.43798 0.0962875
8 4231 0.4122 0.0895909
7 3633 0.450392 0.0962875
7 4232 0.454212 0.0991575
8 4232 0.427477 0.0915042
8 3464 -0.228475 0.0991575
7 4233 -0.196966 0.101071
8 4233 -0.220836 0.0991575
7 4234 -0.238023 0.105854
8 4234 -0.262848 0.103941
7 4235 0.435116 0.122117
8 4235 0.407426 0.114464
7 4236 0.438935 0.127857
8 4236 0.411245 0.120204
7 4237 0.442754 0.136467
8 4237 0.415065 0.128814
7 4238 0.447528 0.136467
8 4238 0.419839 0.128814
7 4239 0.442754 0.13838
8 4239 0.415065 0.131684
7 3641 0.453257 0.139337
7 3645 0.454212 0.146034
7 4240 0.450392 0.147947
8 4240 0.424613 0.140294
7 4241 0.435116 0.14986
8 4241 0.408381 0.142207
7 4242 0.450392 0.162297
8 4242 0.421748 0.153687
7 4243 0.411627 -0.537019
8 4243 0.381837 -0.533575
8 1843 0.291322 -0.472732
8 1855 0.291322 -0.449772
7 4244 0.246637 -0.236246
8 4244 0.224867 -0.23969
8 3465 0.226013 -0.23395
8 3406 0.219138 -0.231654
7 4245 0.22143 -0.225915
8 4245 0.19966 -0.229358
7 4246 0.235179 -0.212139
8 4246 0.21341 -0.215583
7 4247 0.232888 -0.206399
8 4247 0.211118 -0.209843
7 4248 0.226013 -0.205251
8 4248 0.204052 -0.207929
7 4249 0.237471 -0.196067
8 4249 0.21551 -0.199319
7 4250 0.228305 -0.194919
8 4250 0.205962 -0.198363
7 4251 0.264969 -0.193771
8 4251 0.242054 -0.197215
7 4252 0.223722 -0.192623
8 4252 0.203098 -0.196067
7 4253 0.25122 -0.192623
8 4253 0.228877 -0.195493
7 4254 0.262678 -0.189179
8 4254 0.239762 -0.192623
7 4255 0.262678 -0.184587
8 4255 0.240335 -0.18784
7 4256 0.198515 -0.178847
8 4256 0.177891 -0.182291
7 4257 0.232888 -0.177699
8 4257 0.212264 -0.181143
7 4258 0.201952 -0.176551
8 4258 0.181328 -0.179995
7 15 0.207681 -0.175403
7 4259 0.261532 -0.175403
8 4259 0.239762 -0.178847
7 4260 0.192786 -0.173107
8 4260 0.171016 -0.176551
7 4261 0.201952 -0.173107
8 4261 0.177891 -0.176551
8 658 0.166433 -0.174255
7 4262 0.275281 -0.170811
8 4262 0.252366 -0.174255
7 4263 0.203098 -0.163923
8 4263 0.182474 -0.168515
7 3345 0.246637 -0.163923
7 4264 0.232888 -0.162775
8 4264 0.211118 -0.166219
7 4265 0.203098 -0.159331
8 4265 0.181328 -0.162775
7 4266 0.224867 -0.158183
8 4266 0.203098 -0.162775
7 4267 0.2432 -0.155887
8 4267 0.22143 -0.160479
7 242 0.209972 -0.154739
7 4268 0.270698 -0.154739
8 4268 0.247783 -0.158183
7 4269 0.311946 -0.150147
8 4269 0.287885 -0.152443
7 4270 0.25924 -0.145555
8 4270 0.236325 -0.148999
7 4271 0.286739 -0.145555
8 4271 0.263823 -0.148999
7 4272 0.28101 -0.143259
8 4272 0.258095 -0.146703
7 4273 0.248928 -0.140963
8 4273 0.227159 -0.144407
7 4274 0.293613 -0.140963
8 4274 0.270698 -0.143259
7 4275 0.321112 -0.140963
8 4275 0.297051 -0.144407
7 4276 0.307363 -0.139815
8 4276 0.283301 -0.143259
7 4277 -0.0111607 -0.138667
8 4277 -0.034649 -0.14479
7 4278 0.260386 -0.138667
8 4278 0.237471 -0.142111
7 4279 0.266115 -0.137519
8 4279 0.2432 -0.140963
7 4280 0.248928 -0.136371
8 4280 0.227159 -0.139815
7 4281 0.275281 -0.136371
8 4281 0.252366 -0.139815
7 4282 0.331424 -0.136371
8 4282 0.307363 -0.138667
8 3476 0.271844 -0.135223
7 4283 0.309654 -0.132927
8 4283 0.285593 -0.136371
7 4284 0.332569 -0.131779
8 4284 0.308508 -0.134075
7 4285 0.00258848 -0.130631
8 4285 -0.0203269 -0.136371
7 4286 0.232888 -0.129483
8 4286 0.210736 -0.13331
8 3479 0.317674 -0.131779
8 3431 0.212264 -0.128336
7 4287 0.25122 -0.122596
8 4287 0.22945 -0.12604
7 4288 0.256949 -0.122596
8 4288 0.235179 -0.12604
7 4289 0.277573 -0.122596
8 4289 0.254657 -0.12604
7 4290 -0.0157438 -0.121448
8 4290 -0.0386591 -0.127188
7 4291 0.297051 -0.1203
8 4291 0.272989 -0.123744
7 4292 0.240908 -0.119152
8 4292 0.219138 -0.122596
7 4293 0.261532 -0.119152
8 4293 0.238616 -0.123744
7 4294 -0.014598 -0.118004
8 4294 -0.0375134 -0.122596
7 4295 0.246637 -0.118004
8 4295 0.224867 -0.121448
7 2649 0.201952 -0.116856
7 3624 0.204243 -0.113412
7 4296 0.262678 -0.112264
8 4296 0.238616 -0.116856
7 4297 0.299342 -0.111116
8 4297 0.275281 -0.11456
7 4298 0.195077 -0.109968
8 4298 0.172162 -0.113412
7 4299 0.297051 -0.10882
8 4299 0.272531 -0.112493
7 4300 0.198515 -0.107672
8 4300 0.175599 -0.111116
7 4301 -0.00199461 -0.106524
8 4301 -0.0260557 -0.111307
7 4302 0.206535 -0.106524
8 4302 0.18362 -0.111116
7 4303 0.22143 -0.106524
8 4303 0.198515 -0.109968
7 4304 0.285593 -0.106524
8 4304 0.261532 -0.109738
8 293 0.211118 -0.107672
7 4305 0.196223 -0.101932
8 4305 0.173308 -0.105376
8 3484 0.196223 -0.105376
7 4306 0.224867 -0.0984878
8 4306 0.201952 -0.10308
8 81 0.0151919 -0.10308
8 1236 0.0174834 -0.0996358
8 305 0.166433 -0.0996358
7 92 0.0232123 -0.0904519
7 4307 0.256949 -0.0904519
8 4307 0.235179 -0.0938959
8 3486 0.0151919 -0.0915999
7 4308 0.00488001 -0.082416
8 4308 -0.0180353 -0.0870079
8 3490 0.190685 -0.0739974
8 3487 -0.00428614 -0.073232
7 4309 0.00602576 -0.0629002
8 4309 -0.017577 -0.0684105
7 4310 0.141226 -0.0548643
8 4310 0.117165 -0.0594562
7 134 0.0232123 -0.0514203
8 3449 0.12404 -0.0560122
7 4311 0.279864 -0.0502723
8 4311 0.254657 -0.0548643
7 3653 0.135497 -0.0479763
8 3249 -0.0191811 -0.0491243
8 977 0.00373423 -0.0468283
7 3627 0.140081 -0.0422364
7 4312 0.00946306 -0.0410884
8 4312 -0.0134523 -0.0456803
7 4313 0.156121 -0.0399404
8 4313 0.128623 -0.0445323
7 4314 0.0220665 -0.0376444
8 4314 -0.000848828 -0.0422364
7 4315 0.019775 -0.0353484
8 4315 -0.00428614 -0.0399404
7 4316 0.125186 -0.0353484
8 4316 0.10227 -0.0387924
8 3491 -0.231148 -0.0399404
8 2123 0.12404 -0.0342004
7 4317 -0.215107 -0.0296085
8 4317 -0.239168 -0.0342004
7 4318 0.317674 -0.0284605
8 4318 0.290176 -0.0319045
7 4319 0.323403 -0.0273125
8 4319 0.295905 -0.0319045
8 3492 -0.231148 -0.0319045
7 3675 0.323403 -0.0227206
7 4320 -0.266667 -0.0204246
8 4320 -0.291874 -0.0250166
7 4321 -0.209378 -0.0192766
8 4321 -0.23344 -0.0227206
7 4322 0.244345 -0.00894474
8 4322 0.219138 -0.0135367
8 125 -0.274687 -0.0123887
7 4323 -0.212816 -0.00779674
8 4323 -0.238023 -0.0112407
7 4324 -0.268958 -0.00550074
8 4324 -0.294165 -0.0100927
7 4325 -0.275833 0.00368314
8 4325 -0.300811 -0.000908798
7 4326 -0.223128 0.00483114
8 4326 -0.248335 0.0013872
7 3456 -0.205941 0.00597914
7 4327 -0.227711 0.00827509
8 4327 -0.252918 0.00483114
7 3655 -0.218545 0.00942309
7 4328 -0.252918 0.0381228
8 4328 -0.278124 0.0346789
7 4329 -0.273541 0.0427147
8 4329 -0.300811 0.0390412
7 4330 -0.248335 0.0438627
8 4330 -0.273541 0.0404188
7 504 -0.191046 0.0473067
7 4331 -0.268958 0.0496027
8 4331 -0.295311 0.0473067
7 4332 -0.193338 0.0518987
8 4332 -0.217399 0.0484547
8 3460 -0.299894 0.0507507
7 4333 -0.27125 0.0610826
8 4333 -0.298748 0.0587866
7 4334 -0.227711 0.0610826
8 4334 -0.252918 0.0587866
7 4335 -0.268958 0.0645266
8 4335 -0.296457 0.0622306
7 192 -0.187609 0.0702665
7 4336 -0.178443 0.0817464
8 4336 -0.202504 0.0794504
7 4337 -0.239168 0.0978182
8 4337 -0.264375 0.0955222
7 4338 0.439126 0.11389
8 4338 0.412773 0.105854
7 4339 0.435688 0.121926
8 4339 0.40819 0.11389
7 4340 0.440272 0.126518
8 4340 0.411627 0.11963
7 4341 0.447146 0.13685
8 4341 0.419648 0.128814
7 4342 0.443709 0.140294
8 4342 0.41621 0.132258
7 4343 0.436834 0.150626
8 4343 0.40819 0.14259
7 4344 0.434543 0.151774
8 4344 0.405898 0.143738
7 4345 0.444855 0.15981
8 4345 0.418884 0.151774
7 4346 0.319279 -0.470666
8 4346 0.290405 -0.469288
7 4347 0.239533 -0.236476
8 4347 0.217534 -0.240609
7 4348 0.243658 -0.236476
8 4348 0.221659 -0.240609
7 4349 0.246408 -0.235098
8 4349 0.224409 -0.239231
8 1027 0.238158 -0.235098
7 4350 0.246408 -0.230966
8 4350 0.225784 -0.233721
7 4351 0.256032 -0.22821
8 4351 0.234033 -0.232343
7 4352 0.221659 -0.225455
8 4352 0.19966 -0.229588
7 4353 0.236783 -0.2227
8 4353 0.214785 -0.225455
7 4354 0.235408 -0.211679
8 4354 0.21341 -0.215812
7 1849 0.20791 -0.199281
7 4355 0.229909 -0.197904
8 4355 0.208827 -0.200659
7 4356 0.227159 -0.195148
8 4356 0.206535 -0.198363
8 529 0.20241 -0.196526
7 4357 0.250532 -0.192393
8 4357 0.227159 -0.196526
7 4358 0.262907 -0.185505
8 4358 0.239533 -0.18826
7 4359 0.192786 -0.18275
8 4359 0.172162 -0.186883
7 4360 0.239533 -0.181373
8 4360 0.217534 -0.184128
7 1795 0.192786 -0.17724
7 3670 0.243658 -0.17724
7 4361 0.260157 -0.175862
8 4361 0.238158 -0.178617
7 4362 0.272531 -0.174485
8 4362 0.250074 -0.177699
7 2075 0.185911 -0.170352
7 4363 0.260157 -0.168974
8 4363 0.238158 -0.173107
7 4364 0.256032 -0.167597
8 4364 0.232659 -0.171729
7 4365 0.20241 -0.163464
8 4365 0.180412 -0.167597
7 4366 0.275281 -0.163464
8 4366 0.251907 -0.166219
7 4367 0.232659 -0.162086
8 4367 0.21066 -0.166219
7 4368 0.20241 -0.159331
8 4368 0.181786 -0.163464
7 4369 0.224409 -0.157954
8 4369 0.20241 -0.162086
8 242 0.187286 -0.159331
7 4370 0.256032 -0.155198
8 4370 0.234033 -0.157954
7 4371 0.033295 -0.153821
8 4371 0.00992138 -0.159331
7 1378 0.258782 -0.152443
7 4372 0.242283 -0.151066
8 4372 0.220284 -0.153821
8 3528 0.28628 -0.152443
7 4373 0.256032 -0.148311
8 4373 0.232659 -0.151066
7 4374 0.258782 -0.145555
8 4374 0.236783 -0.148311
7 4375 0.28628 -0.145555
8 4375 0.262907 -0.149688
7 4376 0.249158 -0.141423
8 4376 0.227159 -0.144178
7 4377 0.306904 -0.140045
8 4377 0.282156 -0.1428
7 4378 0.323403 -0.138667
8 4378 0.298655 -0.141423
7 4379 0.275281 -0.135912
8 4379 0.251907 -0.140045
7 4380 0.00167184 -0.131779
8 4380 -0.0203269 -0.13729
7 4381 0.276656 -0.130402
8 4381 0.253282 -0.134535
8 410 0.214785 -0.133157
7 4382 0.341277 -0.129024
8 4382 0.316529 -0.131779
7 4383 0.295905 -0.127647
8 4383 0.272531 -0.130402
7 4384 -0.0162021 -0.123514
8 4384 -0.0395758 -0.129024
7 4385 0.257407 -0.123514
8 4385 0.234033 -0.126269
7 4386 0.264282 -0.123514
8 4386 0.242008 -0.127371
7 4387 0.232659 -0.122136
8 4387 0.209285 -0.124892
7 4388 0.276656 -0.122136
8 4388 0.253282 -0.126269
7 1127 0.261532 -0.120759
7 4389 0.316529 -0.120759
8 4389 0.293155 -0.123514
8 3434 0.180412 -0.120759
7 4390 0.257407 -0.118004
8 4390 0.234033 -0.120759
7 4391 0.261532 -0.112493
8 4391 0.238158 -0.116626
7 4392 0.298655 -0.111116
8 4392 0.275281 -0.115248
7 4393 0.195536 -0.109738
8 4393 0.172162 -0.113871
7 4394 0.20516 -0.106983
8 4394 0.183161 -0.111116
7 4395 0.290405 -0.106983
8 4395 0.267032 -0.111116
8 3515 0.198285 -0.109738
8 264 -0.0162021 -0.106983
7 4396 0.217534 -0.101473
8 4396 0.195536 -0.105605
8 3536 0.168037 -0.104228
7 4397 0.223034 -0.0987174
8 4397 0.201035 -0.10285
7 1236 0.0401696 -0.0959622
7 4398 0.191411 -0.0904519
8 4398 0.168037 -0.0945846
7 4399 0.257407 -0.0904519
8 4399 0.234033 -0.093207
7 3486 0.0374198 -0.0863192
7 4400 -0.211441 -0.0615226
8 4400 -0.234814 -0.0684105
7 4401 0.136414 -0.0546346
8 4401 0.111666 -0.0587674
7 4402 0.140539 -0.0546346
8 4402 0.116615 -0.0579408
8 2161 0.00854646 -0.0532571
7 4403 -0.208691 -0.0463692
8 4403 -0.232065 -0.0518795
7 4404 0.282156 -0.0463692
8 4404 0.256032 -0.0505019
7 2335 0.00304677 -0.0449916
7 3654 0.139164 -0.043614
7 167 0.29178 -0.043614
7 4405 0.298655 -0.043614
8 4405 0.272531 -0.0477467
7 1345 -0.192192 -0.0422364
7 4406 0.0264204 -0.0422364
8 4406 0.00442169 -0.0477467
7 4407 0.0181709 -0.0394812
8 4407 -0.00520274 -0.043614
8 3151 -0.236189 -0.043614
7 1070 -0.215566 -0.036726
7 4408 0.125415 -0.0353484
8 4408 0.100666 -0.0394812
7 4409 0.141914 -0.0353484
8 4409 0.11854 -0.0394812
8 3518 -0.232065 -0.0394812
7 628 0.301405 -0.0325933
7 4410 0.129539 -0.0312157
8 4410 0.105707 -0.0342004
7 4411 0.147413 -0.0312157
8 4411 0.12404 -0.0339709
7 4412 0.308279 -0.0312157
8 4412 0.282156 -0.0353484
8 2480 0.232888 -0.0319045
7 4413 -0.207316 -0.0270829
8 4413 -0.23069 -0.0325933
7 4414 0.323403 -0.0270829
8 4414 0.29453 -0.0312157
7 4415 -0.210066 -0.0229502
8 4415 -0.234814 -0.0270829
7 4416 0.322028 -0.0229502
8 4416 0.29453 -0.0270829
7 4417 -0.212816 -0.00779674
8 4417 -0.237564 -0.0119295
8 3521 0.218909 -0.0119295
7 635 0.245033 -0.00366397
7 4418 -0.214191 -0.00228639
8 4418 -0.238939 -0.00504156
7 3304 0.326153 -0.00228639
7 1866 0.246408 -0.000908798
8 320 -0.298061 -0.00366397
7 4419 -0.280187 0.00460156
8 4419 -0.30631 0.000468791
7 4420 -0.265063 0.00460156
8 4420 -0.289582 0.0013872
7 4421 -0.223815 0.00597914
8 4421 -0.248564 0.00184638
8 479 -0.244439 0.00460156
7 4422 0.29178 0.0183774
8 4422 0.266115 0.014015
7 4423 -0.282937 0.0252653
8 4423 -0.310435 0.0211326
8 1011 -0.277437 0.0335309
8 344 -0.302461 0.0395923
8 3522 -0.223815 0.0404188
7 4424 -0.269188 0.0500619
8 4424 -0.295311 0.0473067
7 4425 -0.193567 0.0514395
8 4425 -0.218315 0.0486843
7 4426 -0.190817 0.0583274
8 4426 -0.215566 0.0555722
8 3523 -0.252688 0.0583274
7 4427 -0.278812 0.0679705
8 4427 -0.30631 0.0652153
7 4428 -0.229315 0.0707257
8 4428 -0.255438 0.0679705
8 358 -0.276062 0.076236
8 3152 -0.215566 0.0776136
8 366 -0.203191 0.0789912
7 4429 -0.240314 0.0886343
8 4429 -0.266438 0.0872567
7 4430 0.438897 0.125829
8 4430 0.411398 0.118941
7 4431 0.438897 0.149248
8 4431 0.411398 0.140983
7 4432 0.433397 0.152003
8 4432 0.405898 0.143738
7 4433 0.437522 0.156136
8 4433 0.410023 0.147871
7 4434 0.243658 -0.236476
8 4434 0.218909 -0.239782
7 4435 0.246958 -0.234823
8 4435 0.225509 -0.238129
7 4436 0.255207 -0.229864
8 4436 0.233758 -0.23317
7 2009 0.222209 -0.224904
7 4437 0.237058 -0.223251
8 4437 0.21561 -0.226557
7 4438 0.228809 -0.213333
8 4438 0.20406 -0.216639
7 3682 0.235408 -0.211679
8 2640 0.184261 -0.210026
8 992 0.21396 -0.200108
7 4439 0.227159 -0.195148
8 4439 0.20406 -0.198455
7 4440 0.265107 -0.195148
8 4440 0.242283 -0.197904
7 1421 0.20406 -0.186883
8 1643 0.172712 -0.186883
8 3299 0.218909 -0.183577
7 4441 0.243658 -0.178617
8 4441 0.222209 -0.181924
7 4442 0.260157 -0.175311
8 4442 0.238708 -0.178617
7 3693 0.279956 -0.175311
8 19 0.166112 -0.175311
7 4443 0.253557 -0.168699
8 4443 0.232109 -0.172005
7 4444 0.260157 -0.168699
8 4444 0.238708 -0.172005
7 4445 0.245308 -0.163739
8 4445 0.223859 -0.167046
7 1211 0.278306 -0.163739
7 4446 0.20241 -0.15878
8 4446 0.180962 -0.163739
7 393 0.217259 -0.157127
7 4447 0.20241 -0.153821
8 4447 0.180962 -0.15878
7 4448 0.242008 -0.150515
8 4448 0.220559 -0.153821
7 4449 0.288205 -0.145555
8 4449 0.265107 -0.148862
7 4450 0.258507 -0.143902
8 4450 0.235408 -0.147208
7 4451 0.20076 -0.142249
8 4451 0.184261 -0.147208
7 4452 0.250258 -0.140596
8 4452 0.227159 -0.143902
7 4453 -0.0120773 -0.138943
8 4453 -0.035176 -0.145555
7 4454 0.266757 -0.138943
8 4454 0.243658 -0.142249
7 4455 0.306354 -0.138943
8 4455 0.281606 -0.142249
8 1032 0.21066 -0.138943
8 405 0.220559 -0.138943
7 4456 0.248608 -0.135637
8 4456 0.227159 -0.140596
7 4457 0.293155 -0.133984
8 4457 0.270056 -0.13729
7 4458 0.308004 -0.133984
8 4458 0.284906 -0.13729
7 4459 0.304704 -0.13233
8 4459 0.279956 -0.135637
7 4460 0.276656 -0.130677
8 4460 0.253557 -0.133984
8 3530 0.306354 -0.133984
8 262 0.225509 -0.130677
7 4461 0.296455 -0.127371
8 4461 0.273356 -0.130677
7 4462 0.251907 -0.124065
8 4462 0.228809 -0.127371
7 422 0.246958 -0.122412
7 4463 0.276656 -0.122412
8 4463 0.253557 -0.125718
7 4464 0.296455 -0.120759
8 4464 0.273356 -0.124065
8 287 0.286555 -0.122412
7 4465 0.20406 -0.117453
8 4465 0.180962 -0.120759
7 4466 0.301405 -0.114146
8 4466 0.278306 -0.119106
7 280 0.227159 -0.112493
7 4467 0.195811 -0.107534
8 4467 0.172712 -0.112493
7 4468 0.20406 -0.107534
8 4468 0.180962 -0.112493
7 4469 0.283256 -0.107534
8 4469 0.260157 -0.11084
7 4470 -0.00712762 -0.102575
8 4470 -0.0308862 -0.108195
7 3696 0.190861 -0.100921
8 3537 0.233758 -0.100921
7 3687 0.256857 -0.0893498
7 4471 0.0126713 -0.076125
8 4471 -0.00877752 -0.0810843
7 4472 0.329453 -0.059594
8 4472 0.303054 -0.0629002
8 1073 0.00277182 -0.0629002
7 4473 -0.213366 -0.0546346
8 4473 -0.236464 -0.061247
7 3563 0.136414 -0.0546346
8 3541 0.123215 -0.0579408
7 4474 0.0225707 -0.0513284
8 4474 -0.000527985 -0.0562878
7 3691 0.134764 -0.0480222
8 1237 -0.231515 -0.0513284
8 602 -0.0153771 -0.0513284
7 3690 0.00277182 -0.044716
7 612 0.0324701 -0.0430629
7 4475 0.299755 -0.0430629
8 4475 0.273356 -0.0480222
7 1070 -0.213366 -0.0381036
7 4476 0.0225707 -0.0381036
8 4476 -0.000527985 -0.0430629
7 4477 -0.0137272 -0.0347974
8 4477 -0.0368259 -0.0397567
7 1868 0.0423695 -0.0347974
7 1713 0.124865 -0.0347974
8 718 0.129814 -0.0381036
8 3567 0.278031 -0.0339709
7 3697 -0.213366 -0.028185
7 4478 -0.206766 -0.028185
8 4478 -0.229865 -0.0331443
7 4479 0.316254 -0.028185
8 4479 0.28903 -0.0325933
7 1012 0.129814 -0.0265319
7 4480 -0.208416 -0.0199194
8 4480 -0.233165 -0.0232256
7 4481 0.245308 -0.0100008
8 4481 0.218909 -0.0146847
7 4482 -0.213366 -0.0083477
8 4482 -0.238114 -0.011654
8 2222 0.218909 -0.011654
7 4483 0.326153 -0.0017353
8 4483 0.299755 -0.00669463
8 1692 -0.294211 -0.00338843
7 4484 -0.276062 0.00322397
8 4484 -0.300811 -8.22329e-05
7 2116 -0.224915 0.00653023
8 475 -0.252963 0.0048771
7 479 -0.219965 0.0081833
8 338 -0.236464 0.00653023
7 4485 0.291505 0.0181019
8 4485 0.265107 0.0131426
7 4486 -0.276062 0.0379392
8 4486 -0.30411 0.034633
7 627 -0.248014 0.0445516
8 1045 -0.228215 0.0412454
7 631 -0.201816 0.0495109
8 1048 -0.210066 0.0495109
8 3544 -0.294211 0.0610826
7 510 -0.229865 0.0710012
8 3545 -0.215016 0.0726543
8 638 -0.223265 0.0776136
8 1015 -0.266163 0.0875323
7 4487 -0.292561 0.0908385
8 4487 -0.32061 0.0891854
7 4488 -0.238114 0.105716
8 4488 -0.264513 0.104063
7 4489 0.236398 -0.243088
8 4489 0.216599 -0.247056
7 4490 0.254217 -0.231186
8 4490 0.232439 -0.235153
7 4491 0.222539 -0.225235
8 4491 0.20076 -0.229202
7 3347 0.236398 -0.223251
7 4492 0.228479 -0.213333
8 4492 0.2067 -0.2173
7 4493 0.224519 -0.195479
8 4493 0.20274 -0.199446
7 4494 0.232439 -0.195479
8 4494 0.21264 -0.199446
8 3546 0.173042 -0.187544
7 4495 0.192841 -0.177626
8 4495 0.171062 -0.181593
7 1093 0.260157 -0.175642
7 4496 0.242338 -0.171674
8 4496 0.220559 -0.175642
7 4497 0.20076 -0.169691
8 4497 0.180962 -0.173658
7 4498 0.20076 -0.165723
8 4498 0.180962 -0.169691
8 668 0.246298 -0.165723
7 4499 0.20472 -0.159772
8 4499 0.180962 -0.163739
8 3549 0.186901 -0.159772
7 4500 0.270056 -0.151837
8 4500 0.246298 -0.155805
7 4501 0.240358 -0.14787
8 4501 0.218579 -0.151837
7 4502 0.252237 -0.14787
8 4502 0.230459 -0.151837
7 4503 0.287875 -0.145886
8 4503 0.264117 -0.149853
7 4504 0.198781 -0.141918
8 4504 0.178982 -0.145886
7 4505 0.236398 -0.141918
8 4505 0.21462 -0.145886
7 4506 0.250258 -0.141918
8 4506 0.228479 -0.145886
8 1212 0.256197 -0.145886
7 4507 0.266097 -0.139935
8 4507 0.242338 -0.143902
7 4508 0.293815 -0.139935
8 4508 0.270056 -0.143902
7 4509 0.242338 -0.135967
8 4509 0.220559 -0.139935
7 4510 0.248278 -0.135967
8 4510 0.226499 -0.139935
7 4511 0.301735 -0.132
8 4511 0.277976 -0.135967
8 2137 -0.0388058 -0.130016
7 4512 0.252237 -0.124065
8 4512 0.228479 -0.128032
7 4513 0.275996 -0.124065
8 4513 0.254217 -0.128032
8 3554 0.180962 -0.122081
7 4514 0.279956 -0.118114
8 4514 0.256197 -0.122081
8 2642 0.226499 -0.120097
7 4515 0.299755 -0.11613
8 4515 0.275996 -0.120097
7 3695 0.226499 -0.114146
7 4516 0.196801 -0.108195
8 4516 0.173042 -0.112163
7 4517 0.20472 -0.108195
8 4517 0.180962 -0.112163
8 3560 0.266097 -0.112163
7 4518 0.0443494 -0.104228
8 4518 0.0205908 -0.108195
7 4519 0.224519 -0.10026
8 4519 0.20076 -0.104228
8 3580 0.264117 -0.102244
8 2197 0.0106914 -0.0982766
8 1859 -0.0110874 -0.080423
7 4520 0.153243 -0.0744718
8 4520 0.127505 -0.0784393
8 1239 -0.00316783 -0.0705044
8 1072 -0.017027 -0.0705044
8 1235 -0.234814 -0.0685207
7 4521 -0.215016 -0.0546346
8 4521 -0.238774 -0.0605858
7 3699 0.145324 -0.0546346
7 3028 0.0205908 -0.0526509
7 4522 -0.213036 -0.0506672
8 4522 -0.236794 -0.0566183
7 4523 0.275996 -0.0506672
8 4523 0.253557 -0.0546346
8 435 -0.215016 -0.0526509
7 3700 0.133444 -0.0486834
7 3698 0.000791953 -0.044716
7 4524 0.299755 -0.044716
8 4524 0.274016 -0.0486834
7 581 -0.193237 -0.0427322
7 4525 0.0324701 -0.0427322
8 4525 0.0087115 -0.0466997
7 4526 -0.224915 -0.0407485
8 4526 -0.248674 -0.0466997
7 4527 0.153243 -0.0347974
8 4527 0.129485 -0.0387648
8 2169 0.101766 -0.0347974
7 3719 0.303715 -0.0308299
7 4528 0.307674 -0.0308299
8 4528 0.281606 -0.0347974
7 4529 0.315594 -0.0288462
8 4529 0.287875 -0.0328136
7 586 -0.268473 -0.0268624
7 714 0.125525 -0.0268624
7 4530 0.252237 -0.0268624
8 4530 0.228479 -0.0308299
8 3331 -0.30609 -0.0268624
7 4531 -0.209076 -0.0209113
8 4531 -0.232835 -0.0248788
8 3040 0.218579 -0.0149601
7 4532 -0.213036 -0.00900897
8 4532 -0.238774 -0.0129764
7 3337 -0.262533 -0.00305777
7 4533 0.246298 -0.00107404
8 4533 0.220559 -0.0050415
7 616 -0.218975 0.00884456
7 4534 -0.211056 0.0108283
8 4534 -0.236794 0.00686083
7 4535 -0.215016 0.0306656
8 4535 -0.238774 0.0266981
8 2525 -0.278372 0.0326493
7 4536 -0.244714 0.0366167
8 4536 -0.270452 0.0326493
8 488 -0.30411 0.0386004
7 4537 -0.203136 0.0445516
8 4537 -0.228875 0.0405842
8 726 -0.224915 0.0445516
8 1247 -0.211056 0.0445516
7 4538 -0.270452 0.0505028
8 4538 -0.297379 0.0473289
8 3570 -0.218975 0.0485191
7 2590 -0.278372 0.0663726
7 4539 -0.230855 0.07034
8 4539 -0.256593 0.0683563
7 634 -0.250654 0.0782749
7 4540 -0.179378 0.0802586
8 4540 -0.203136 0.0762912
7 4541 -0.292231 0.0901773
8 4541 -0.321929 0.0881935
7 648 -0.197197 0.100096
8 3251 0.201552 -0.228806
7 4542 0.265701 -0.209762
8 4542 0.244318 -0.212142
7 4543 0.206304 -0.20262
8 4543 0.184921 -0.207381
7 1522 0.232439 -0.195479
7 4544 0.201552 -0.188338
8 4544 0.18017 -0.193099
8 3310 0.173042 -0.188338
8 1093 0.239566 -0.181196
7 4545 0.201552 -0.169294
8 4545 0.182546 -0.174055
8 2228 0.182546 -0.164533
7 4546 0.308466 -0.157391
8 4546 0.284708 -0.159772
8 3311 0.284708 -0.152631
7 4547 0.239566 -0.14787
8 4547 0.218183 -0.152631
7 4548 0.199177 -0.143109
8 4548 0.177794 -0.14787
7 3707 0.279956 -0.143109
7 4549 0.24907 -0.135967
8 4549 0.227687 -0.140728
7 4550 0.291835 -0.133587
8 4550 0.268077 -0.135967
7 756 0.275204 -0.131206
8 3336 0.303715 -0.133587
7 4551 0.241942 -0.128826
8 4551 0.220559 -0.133587
7 3709 0.246694 -0.126445
7 678 0.253821 -0.124065
7 4552 0.27758 -0.124065
8 4552 0.256197 -0.128826
7 4553 0.230063 -0.119304
8 4553 0.20868 -0.123113
7 4554 0.30609 -0.119304
8 4554 0.284708 -0.124065
7 4555 0.0542489 -0.116923
8 4555 0.0328662 -0.121684
7 4556 0.298963 -0.116923
8 4556 0.275204 -0.119304
7 4557 0.227687 -0.114543
8 4557 0.203928 -0.119304
7 4558 0.203928 -0.109782
8 4558 0.18017 -0.114543
8 3578 0.268077 -0.114543
8 1760 0.258573 -0.112163
7 3129 0.0423696 -0.105021
8 3558 0.199177 -0.109782
7 4559 0.234815 -0.10026
8 4559 0.211056 -0.105021
7 3350 0.0471213 -0.0978797
7 4560 0.035242 -0.0883578
8 4560 0.0138592 -0.0931188
7 3715 0.199177 -0.0859774
7 4561 -0.211848 -0.0812164
8 4561 -0.235606 -0.0883578
7 4562 -0.207096 -0.0812164
8 4562 -0.230379 -0.0859773
7 4563 0.0304903 -0.0812164
8 4563 0.00673163 -0.0859774
7 4564 0.151659 -0.0740751
8 4564 0.127901 -0.078836
7 1102 0.0114834 -0.0621727
7 3600 0.327473 -0.0574118
7 4565 0.0162351 -0.0502703
8 4565 -0.00752352 -0.0550313
7 4566 0.142156 -0.0502703
8 4566 0.116021 -0.0550313
7 703 0.00673163 -0.0478899
8 1274 -0.233231 -0.0502703
7 4567 -0.00039593 -0.0455094
8 4567 -0.0241546 -0.0502703
8 1109 0.113645 -0.0455094
7 4568 -0.0122753 -0.0359875
8 4568 -0.0360339 -0.0407485
8 3587 0.0162351 -0.0407485
7 4569 0.125525 -0.0359875
8 4569 0.101766 -0.0407485
7 4570 0.303715 -0.0312266
8 4570 0.27758 -0.0359875
7 4571 -0.280748 -0.0217047
8 4571 -0.306882 -0.0264657
7 4572 -0.325889 -0.0193243
8 4572 -0.3544 -0.0240852
8 3586 -0.235606 -0.0240852
7 4573 0.332225 -0.0145633
8 4573 0.303715 -0.0193243
7 4574 -0.275996 0.00209997
8 4574 -0.302131 -0.00266096
7 3718 -0.209472 0.00686089
7 4575 0.291835 0.0163828
8 4575 0.266097 0.012812
7 3702 -0.278372 0.0663726
8 633 -0.256989 0.0687531
8 2873 -0.261741 0.0758945
7 2255 -0.199968 0.0806554
8 732 -0.266493 0.0854164
8 810 -0.221351 0.0854164
8 3589 -0.321137 0.0877968
7 4576 0.240041 -0.240232
8 4576 0.217233 -0.243088
7 4577 0.265701 -0.20881
8 4577 0.242892 -0.211666
7 4578 0.251446 -0.183101
8 4578 0.228637 -0.185957
7 820 0.279956 -0.171674
7 4579 0.271403 -0.163105
8 4579 0.248595 -0.165961
8 1094 0.257148 -0.165961
8 821 0.183021 -0.163105
7 749 0.222935 -0.157391
7 827 0.285658 -0.154535
7 4580 0.242892 -0.148822
8 4580 0.220084 -0.151678
8 826 0.228637 -0.151678
7 829 0.294211 -0.143109
7 3708 0.305615 -0.137395
7 4581 0.245743 -0.131682
8 4581 0.222935 -0.134539
8 3595 0.257148 -0.128826
7 4582 0.297062 -0.125969
8 4582 0.274254 -0.128826
8 1503 0.285658 -0.123113
7 4583 0.259999 -0.1174
8 4583 0.23719 -0.120256
8 1127 0.257148 -0.120256
7 4584 0.0547241 -0.114543
8 4584 0.0319158 -0.120256
8 3596 0.274254 -0.1174
8 840 0.268552 -0.114543
7 4585 0.000554417 -0.103117
8 4585 -0.0222539 -0.10883
8 1826 -0.0165518 -0.10883
8 2232 0.0205117 -0.10883
7 4586 0.0319158 -0.0888339
8 4586 0.00910752 -0.0945471
7 4587 -0.213273 -0.0831208
8 4587 -0.236082 -0.0888339
8 3608 0.279956 -0.0859773
7 4588 0.0290648 -0.0802643
8 4588 0.0062565 -0.0859773
8 771 -0.0165518 -0.0831208
7 4589 0.305615 -0.068838
8 4589 0.279956 -0.0716946
7 4590 0.0148096 -0.0516986
8 4590 -0.00799868 -0.0545552
7 4591 -0.193316 -0.0488421
8 4591 -0.216124 -0.0545552
7 4592 -0.264592 -0.0459855
8 4592 -0.290251 -0.0516986
7 781 0.0062565 -0.0459855
7 4593 -0.00229663 -0.0431289
8 4593 -0.0251049 -0.0488421
8 1275 -0.238933 -0.0431289
7 1276 -0.267443 -0.0259896
8 2287 0.225786 -0.0288461
8 3601 -0.301655 -0.000280466
8 1540 0.265701 0.0140024
8 904 -0.241784 0.0254286
7 4594 -0.238933 0.0339983
8 4594 -0.264592 0.0311417
7 800 -0.247486 0.0425679
7 3726 -0.190465 0.0425679
8 3248 -0.218975 0.0511377
7 4595 -0.2874 0.0625639
8 4595 -0.315911 0.0597074
7 4596 -0.187614 0.0654204
8 4596 -0.213273 0.0625639
8 3319 -0.304506 0.0654204
7 4597 -0.250337 0.0797033
8 4597 -0.275996 0.0768467
7 4598 -0.236082 0.0797033
8 4598 -0.261741 0.0768467
8 811 -0.20472 0.0797033
7 4599 -0.293102 0.0854164
8 4599 -0.321613 0.0825599
8 3603 -0.267443 0.0854164
7 872 -0.199018 0.088273
7 4600 -0.293102 0.0911296
8 4600 -0.321613 0.088273
7 3039 -0.20472 0.102556
7 1578 0.261709 -0.22652
7 1147 0.224076 -0.223092
8 2456 0.241182 -0.212809
7 1148 0.206969 -0.199097
8 1149 0.200127 -0.202525
7 4601 0.268552 -0.195669
8 4601 0.244603 -0.199097
7 3727 0.200127 -0.192242
8 1554 0.251446 -0.192242
7 3256 0.248024 -0.171674
7 4602 0.261709 -0.168246
8 4602 0.241182 -0.171674
7 4603 0.241182 -0.147679
8 4603 0.220654 -0.151107
7 1062 0.292501 -0.144251
7 4604 0.292501 -0.133968
8 4604 0.268552 -0.137395
7 4605 0.268552 -0.13054
8 4605 0.244603 -0.133968
7 4606 0.206969 -0.120256
8 4606 0.183021 -0.123684
8 3597 0.213812 -0.103117
8 1129 0.176178 -0.0894052
7 4607 -0.213843 -0.0825495
8 4607 -0.237792 -0.0894052
7 4608 0.302764 -0.0825495
8 4608 0.278816 -0.0859773
7 3730 0.203548 -0.0756937
7 1878 0.220654 -0.0756937
7 3725 0.148808 -0.0722659
8 3609 0.278816 -0.0722659
7 3731 0.169336 -0.0654101
7 4609 0.316449 -0.0619822
8 4609 0.289079 -0.0654101
7 4610 0.268552 -0.0551265
8 4610 0.244603 -0.0585543
7 4611 -0.20358 -0.0379871
8 4611 -0.227528 -0.041415
7 3200 0.15223 -0.0379871
7 4612 0.248024 -0.0277035
8 4612 0.224076 -0.0311314
7 4613 -0.210422 -0.0208477
8 4613 -0.234371 -0.0242756
7 4614 0.330134 -0.0139919
8 4614 0.299343 -0.0174198
7 4615 -0.213843 -0.0105641
8 4615 -0.237792 -0.0139919
7 4616 0.248024 -0.00713623
8 4616 0.220654 -0.0105641
8 3611 0.292501 -0.00713623
7 1302 -0.213843 0.00314742
7 4617 -0.227528 0.0065753
8 4617 -0.251477 0.00314742
7 4618 -0.169367 0.0100032
8 4618 -0.193316 0.0065753
7 4619 -0.213843 0.0168589
8 4619 -0.237792 0.013431
7 904 -0.220686 0.0271426
7 3734 -0.189895 0.040854
7 4620 -0.268583 0.0477098
8 4620 -0.295953 0.0442819
7 802 -0.289111 0.0614213
8 872 -0.224107 0.0819885
9 4126 -0.0585191 -0.414567
9 4135 -0.0728412 -0.339948
9 4204 -0.211056 -0.132
9 3459 -0.0203269 -0.355499
9 4241 0.204243 -0.208695
9 7 -0.0483752 -0.415011
7 4621 0.311946 -0.119152
9 4621 -0.0633088 -0.271083
9 4297 -0.0252766 -0.307559
9 92 -0.199067 -0.202036
9 3489 -0.126883 -0.189179
9 221 -0.0487052 -0.415672
9 331 -0.211848 -0.131206
9 1211 -0.00543191 -0.376301
9 591 -0.210422 -0.168246
9 1007 -0.218315 -0.126269
9 4531 -0.224273 -0.200659
9 3586 -0.225419 -0.198363
10 3458 -0.0217018 -0.226833
7 4622 0.256949 -0.154739
10 4622 -0.00791441 -0.345688
10 4293 0.019775 -0.333251
10 4320 0.26325 -0.214626
7 4623 0.43798 0.0966702
10 4623 -0.188067 -0.213057
10 4388 0.0346699 -0.341861
7 2966 0.265657 -0.119381
7 2367 0.137789 -0.0408588
10 3521 -0.0203269 -0.22821
10 971 0.00442172 -0.327397
10 430 0.0346699 -0.341173
10 587 -0.0556547 -0.280635
10 1007 -0.20365 -0.136371
10 2222 -0.0209868 -0.227219
10 2169 -0.121565 -0.195479
10 714 -0.116338 -0.194527
10 1084 -0.0718864 -0.279679
10 1532 0.222194 -0.218453
10 3034 -0.111206 -0.202525
7 4624 0.24129 -0.236629
11 4624 0.0376179 -0.365921
11 4150 0.0720678 -0.314172
11 93 0.0162351 -0.278795
11 4175 -0.00505 -0.268199
11 165 -0.0615745 -0.176551
11 2982 0.0335242 -0.189179
11 4303 -0.182644 -0.19071
11 4304 0.088521 -0.294029
11 3528 0.0827921 -0.316606
11 4386 0.0662931 -0.298467
11 1866 0.0324701 -0.190189
11 3541 0.0290648 -0.24366
11 1012 -0.0764236 -0.169294
11 1225 -0.13582 -0.119304
11 561 0.0621684 -0.299294
11 714 -0.0764235 -0.168818
11 2145 0.133397 -0.327512
11 771 0.0588686 -0.3026
11 3039 -0.175418 0.104063
11 2446 -0.173359 0.0996992
7 4625 -0.25832 -0.0516986
11 4625 0.0590006 -0.350209
12 4141 0.203098 -0.246196
12 4156 0.254657 -0.234716
12 3621 0.259431 -0.235672
12 3428 0.173308 -0.23969
12 3443 0.245109 -0.209843
12 4179 -0.0317846 -0.14766
12 4181 -0.029875 -0.145747
12 81 -0.0643243 -0.153821
12 4217 0.16987 -0.121448
12 184 -0.133758 0.0541946
12 4230 0.443709 -0.077824
12 4231 -0.0168896 -0.0961918
12 4241 0.412773 -0.0319045
7 4626 0.437025 0.14986
12 4626 0.411398 -0.0325933
12 4289 0.228877 -0.221323
12 88 0.19164 -0.201807
12 4304 0.240335 -0.208886
12 4305 0.141035 -0.188796
12 277 -0.00982403 -0.146703
12 285 -0.00695961 -0.14479
7 4627 0.0266496 -0.0915999
12 4627 -0.0107788 -0.142877
12 4343 0.410298 -0.0314912
12 1795 0.163143 -0.253007
12 4383 0.245491 -0.229358
12 4388 0.22945 -0.221323
7 4628 0.256032 -0.113871
12 4628 0.214555 -0.209843
12 286 0.197369 -0.204103
12 4408 0.0588686 -0.117453
12 2480 0.169412 -0.140596
12 4464 0.250258 -0.223251
12 430 0.232659 -0.219945
7 4629 0.251907 -0.114146
12 4629 0.212264 -0.208695
12 999 0.196911 -0.204792
12 3538 0.154563 -0.165393
12 4481 0.169412 -0.122412
12 4499 0.172544 -0.239499
12 561 0.21396 -0.218292
7 4630 0.244318 -0.118114
12 4630 0.20241 -0.211679
12 1533 0.217993 -0.181143
7 4631 -0.0130672 -0.0347974
12 4631 -0.0574166 -0.0812164
12 4530 0.167102 -0.137951
12 3571 0.187297 -0.304981
12 678 0.21264 -0.2173
12 3350 0.0740477 -0.14787
7 4632 0.265701 -0.168818
12 4632 0.220284 -0.251629
7 4633 0.245743 -0.00599361
12 4633 0.174468 -0.1174
7 4634 0.226013 -0.161053
13 4634 0.16777 -0.247152
7 4635 0.255612 -0.11896
13 4635 0.163951 -0.219409
13 939 -0.0566095 -0.160097
13 4203 -0.0862085 -0.0998271
13 4205 0.0151919 -0.124892
13 4213 0.0209207 -0.118004
13 4217 0.123849 -0.128527
13 3458 0.12404 -0.12604
13 4289 0.177318 -0.227063
13 3483 0.201952 -0.223619
13 4383 0.192786 -0.23395
13 4389 0.215701 -0.230506
13 286 0.144664 -0.210991
13 4408 0.0154211 -0.124892
13 3521 0.12404 -0.126269
13 1866 0.127505 -0.122081
13 3529 0.140081 -0.225149
13 4461 0.192786 -0.233721
13 4463 0.176287 -0.226833
7 269 0.240358 -0.119106
13 430 0.180962 -0.224904
7 4636 0.245308 -0.117453
13 4636 0.151538 -0.216731
13 999 0.144664 -0.210302
13 1856 0.164462 -0.216639
13 414 -0.0684491 -0.157954
13 3537 0.162996 -0.201807
13 1036 -0.0581372 -0.157035
13 3538 0.105066 -0.172005
13 1007 -0.0766986 -0.093207
13 1012 0.0205908 -0.118114
13 2222 0.124865 -0.125718
13 4630 0.151263 -0.216639
13 2169 0.0146511 -0.122081
7 4637 0.244318 -0.00702524
13 4637 0.123545 -0.126049
13 678 0.159183 -0.223251
13 3582 0.101766 -0.174055
7 4638 0.132652 -0.0478899
13 4638 0.0233627 -0.137395
13 4568 -0.102558 -0.0954992
7 3721 0.244318 -0.00742194
7 4639 -0.226103 0.00686089
13 4639 0.370701 -0.044716
13 4581 0.154035 -0.228806
13 2287 0.123149 -0.143109
13 4633 0.126 -0.125969
14 32 0.139126 -0.256719
14 3420 0.134352 -0.251936
7 4640 0.317674 -0.13618
14 4640 0.19355 -0.238542
14 4168 0.19355 -0.221323
7 4641 0.224103 -0.111307
14 4641 0.11621 -0.200276
14 4176 0.173499 -0.208886
14 3444 0.0722893 -0.180186
14 84 0.381837 -0.0651962
14 4210 0.174454 -0.14766
14 165 0.0236706 -0.113871
7 4642 -0.281944 0.0245383
14 4642 0.395014 -0.019468
14 7 0.0988329 -0.264946
14 928 0.125186 -0.264946
14 3469 0.128623 -0.25691
7 4643 0.255803 -0.163923
14 4643 0.14199 -0.251936
14 3475 0.197369 -0.239499
14 4283 0.184765 -0.23395
14 4291 0.176745 -0.221323
14 1655 0.139126 -0.207929
14 4304 0.166815 -0.207929
7 4644 0.00717154 -0.101932
14 4644 -0.0993848 -0.147851
14 92 -0.0814345 -0.140963
14 4316 0.0014427 -0.11456
14 3520 0.174454 -0.146703
14 4381 0.156121 -0.227062
14 4383 0.172162 -0.22821
14 4388 0.156121 -0.220175
7 4645 0.295905 -0.120759
14 4645 0.176287 -0.221323
14 4395 0.170787 -0.208924
14 294 0.127477 -0.197215
14 462 0.0999787 -0.16775
14 1657 0.370151 -0.0422364
14 3529 0.118311 -0.217879
14 4463 0.155663 -0.219945
14 4636 0.135497 -0.208695
14 4466 0.179312 -0.216639
14 414 -0.0890729 -0.146933
14 2118 -0.102822 -0.0849416
14 4494 0.118265 -0.277804
14 4512 0.138064 -0.216639
14 561 0.143289 -0.21719
14 3574 0.119585 -0.209365
14 3554 0.0918667 -0.203414
14 4630 0.129814 -0.210026
14 2642 0.134764 -0.210026
14 2212 -0.102822 -0.0843905
14 4631 -0.119321 -0.0860436
14 678 0.137404 -0.2173
14 3579 0.07088 -0.181196
7 639 0.315594 -0.0288461
7 4646 0.231488 -0.194527
14 4646 0.117605 -0.276812
7 4647 0.234339 -0.125969
14 4647 0.123545 -0.215316
7 4648 0.271973 -0.147679
14 4648 0.153243 -0.239121
7 4649 0.244603 -0.133968
14 4649 0.137404 -0.223092
14 3200 0.0205117 -0.123113
15 3612 0.0923402 -0.321772
15 4126 0.0999787 -0.317945
7 4650 0.240335 -0.228976
15 4650 0.093295 -0.316032
15 4128 0.0913854 -0.307422
15 4132 0.119075 -0.282549
15 4133 0.0512836 -0.266285
15 3413 0.0913854 -0.262459
15 387 0.115256 -0.264372
15 3409 0.054148 -0.259589
7 4651 0.274708 -0.177316
15 4651 0.130532 -0.265329
15 4137 0.0512836 -0.254806
7 4652 0.206917 -0.171576
15 4652 0.0665604 -0.254806
15 4140 0.130532 -0.258632
7 4653 0.255612 -0.163923
15 4653 0.114301 -0.248109
7 4654 0.225058 -0.15914
15 4654 0.0847018 -0.242369
7 4655 0.270889 -0.158183
15 4655 0.128623 -0.247152
15 4143 0.063696 -0.238542
15 4144 0.129578 -0.243326
15 4147 0.107617 -0.236629
7 4656 0.284256 -0.15053
15 4656 0.141035 -0.240456
15 4149 0.119075 -0.232802
15 4151 0.162996 -0.234716
15 4152 0.139126 -0.232802
15 4154 0.133397 -0.225149
15 3427 0.150392 -0.224767
15 4156 0.162996 -0.223236
7 4657 0.00258845 -0.131397
15 4657 -0.139678 -0.202189
15 4158 0.0990238 -0.215583
15 4163 0.137216 -0.210799
15 3437 0.156312 -0.209843
15 3480 0.14199 -0.209843
7 4658 0.0331422 -0.11609
15 4658 -0.105305 -0.188796
15 4172 0.0675153 -0.197406
15 3440 0.123849 -0.199319
7 4659 0.205007 -0.10748
15 4659 0.0675153 -0.192623
15 4180 -0.14407 -0.170811
15 4183 0.058922 -0.185926
7 76 0.0350519 -0.0988705
15 2705 0.11812 -0.184013
15 4186 -0.105305 -0.166793
15 4187 0.117165 -0.181143
15 90 -0.0976662 -0.16775
7 4660 0.00545287 -0.0826073
15 4660 -0.132039 -0.152443
15 135 0.0866114 -0.160097
15 115 -0.116762 -0.140007
15 126 -0.353554 -0.0998271
15 4188 0.00602576 -0.138667
7 4661 0.14199 -0.0567776
15 4661 0.00831731 -0.139815
15 84 -0.353554 -0.0931306
15 4189 0.00354326 -0.13618
15 4190 -0.109124 -0.123744
7 4662 0.0302778 -0.0510376
15 4662 -0.103395 -0.122787
7 4663 0.0207298 -0.050081
15 4663 -0.112943 -0.119917
15 1801 -0.121536 -0.117047
15 4196 0.00258845 -0.13044
15 4197 0.160131 -0.137137
15 4198 0.155357 -0.137137
15 4200 0.00831729 -0.123744
15 4201 0.00640767 -0.12183
15 149 -0.110079 -0.109394
7 4664 0.135306 -0.0386011
15 4664 0.00354326 -0.119917
15 4203 -0.132039 -0.106524
15 4207 0.179037 -0.129483
15 4208 -0.351645 -0.0673008
15 949 -0.122491 -0.0998271
15 4212 -0.345916 -0.0653875
15 4213 -0.00409519 -0.10748
7 509 0.321494 -0.0213813
15 1987 -0.387927 -0.0376444
15 190 0.186866 -0.106524
15 125 -0.389837 -0.0357311
7 195 0.331042 -0.00607477
15 127 -0.40034 -0.0299912
15 203 0.187821 -0.0988705
15 4219 -0.363102 -0.0232946
15 3630 -0.354509 -0.0252079
15 170 -0.341142 -0.00224814
15 3459 -0.327774 0.00636177
15 3461 -0.320136 0.00923174
15 954 -0.311543 0.00731843
15 2064 -0.343433 -0.0606042
7 4665 -0.24948 0.0790677
15 4665 -0.377424 0.0522813
15 211 -0.360238 0.078111
15 4234 -0.362147 0.0790677
15 4242 0.313091 0.0473067
15 992 0.0869169 -0.283314
15 4250 0.083747 -0.279679
15 4251 0.120602 -0.282166
15 4252 0.0805006 -0.277574
15 4253 0.106853 -0.278722
15 4255 0.118311 -0.270686
7 4666 0.275281 -0.177699
15 4666 0.130914 -0.264946
15 4259 0.118311 -0.261502
15 4260 0.0518564 -0.254614
7 4667 0.201952 -0.169663
15 4667 0.0610226 -0.252318
15 4263 0.0621684 -0.246578
15 4265 0.0633141 -0.241986
15 4266 0.0839379 -0.241986
15 4267 0.103416 -0.241986
15 4268 0.128623 -0.243134
7 4668 0.2432 -0.151295
15 4668 0.102843 -0.236629
7 4669 0.255803 -0.147851
15 4669 0.114301 -0.233759
15 4273 0.109145 -0.227062
15 3474 0.15383 -0.227062
15 55 0.103416 -0.219027
15 4283 0.167579 -0.222471
15 3431 0.0965414 -0.209843
15 3433 0.0965414 -0.207547
15 4288 0.118311 -0.209843
15 4289 0.136643 -0.210991
15 4295 0.108572 -0.204103
15 2022 -0.105114 -0.189179
15 3624 0.0667514 -0.197215
15 4297 0.159177 -0.201233
15 4301 -0.141778 -0.175403
15 4303 0.0850837 -0.190327
15 4304 0.147719 -0.194536
15 4644 -0.132612 -0.170811
15 298 0.0942498 -0.18497
15 3439 -0.140632 -0.165071
15 4307 0.120602 -0.177699
15 4308 -0.132612 -0.152443
7 4670 0.140081 -0.0571602
15 4670 0.00579661 -0.140045
15 458 -0.126883 -0.121448
15 3449 0.0151919 -0.134075
15 3495 0.154976 -0.136371
15 977 -0.105114 -0.113412
15 2713 0.00602576 -0.121448
15 4314 -0.109697 -0.10882
15 302 -0.36864 -0.0674921
15 164 -0.000848828 -0.111116
15 500 0.174454 -0.125657
15 4318 0.179228 -0.125657
15 4319 0.184765 -0.124892
15 3492 -0.345725 -0.0651962
15 4321 -0.346871 -0.0583082
7 4671 0.246637 -0.000908798
15 4671 0.11579 -0.093207
15 4327 -0.362911 -0.0238686
15 1848 -0.342287 -0.0020568
15 504 -0.319372 0.00827509
15 354 -0.31456 0.0142447
7 4672 -0.191046 0.0587866
15 4672 -0.31731 0.0225101
15 189 -0.377806 0.0530467
15 4337 -0.362911 0.0714144
15 4343 0.301634 0.0381228
15 4349 0.0992912 -0.321886
15 4354 0.0896668 -0.298467
7 4673 0.264282 -0.193771
15 4673 0.119915 -0.283314
15 4360 0.0965414 -0.266783
15 3670 0.102041 -0.26265
15 4362 0.128165 -0.264028
15 4365 0.0607934 -0.246119
15 4367 0.0924166 -0.247497
15 4368 0.0621684 -0.241986
7 4674 0.271156 -0.153821
15 4674 0.129539 -0.241986
15 1378 0.11854 -0.239231
15 4372 0.102041 -0.236476
15 3528 0.166662 -0.240609
15 4373 0.114874 -0.23395
15 4374 0.118311 -0.231654
15 4375 0.144664 -0.235098
15 3472 0.139164 -0.232343
15 3507 0.150163 -0.230966
7 4675 0.267032 -0.138667
15 4675 0.125415 -0.225455
15 4378 0.180412 -0.229588
15 2618 0.162538 -0.2227
15 4381 0.136414 -0.218567
15 4383 0.155663 -0.21719
15 4388 0.136414 -0.211679
15 4645 0.155663 -0.210302
15 1327 0.10227 -0.205251
15 4393 0.0580436 -0.193771
15 4394 0.0678972 -0.192623
15 3514 0.0580436 -0.186883
7 4676 0.232659 -0.100095
15 4676 0.0965414 -0.185505
15 1851 0.0566687 -0.17724
15 4399 0.119915 -0.17724
7 4677 0.00442169 -0.0821864
15 4677 -0.13307 -0.151066
7 4678 0.0140462 -0.076676
15 4678 -0.122071 -0.145555
15 3516 0.0209207 -0.157954
15 4400 -0.354433 -0.100095
15 4401 0.00304677 -0.135912
15 4402 0.00717154 -0.13729
15 167 0.154288 -0.13729
15 4405 0.161163 -0.13729
15 1345 -0.332159 -0.0860436
15 4406 -0.105572 -0.113871
15 473 -0.100072 -0.115248
15 1400 -0.109697 -0.108361
15 628 0.165287 -0.127188
15 1085 0.167579 -0.123744
15 450 -0.353058 -0.0642777
7 4679 0.316529 -0.0284605
15 4679 0.179037 -0.124892
15 4413 -0.346183 -0.0656553
7 360 0.327528 -0.00917433
7 3795 0.323403 -0.00366397
15 4418 -0.348933 -0.036726
15 3519 -0.362682 -0.0243277
15 340 -0.384681 0.000468791
15 3522 -0.328309 0.00597914
15 353 -0.31181 0.00735673
15 4425 -0.322259 0.0147957
15 4426 -0.31731 0.0230612
15 4428 -0.357182 0.0404188
15 358 -0.378356 0.0528171
15 3524 0.0935166 -0.314172
15 4438 0.0836172 -0.299294
15 4440 0.119915 -0.282763
7 4680 0.20736 -0.181924
15 4680 0.0654682 -0.264579
15 4441 0.101766 -0.262926
15 743 0.128165 -0.262926
7 4681 0.20076 -0.170352
15 4681 0.0605185 -0.253007
15 1211 0.134764 -0.253007
15 545 0.128165 -0.248048
7 4682 0.220559 -0.152168
15 4682 0.0803174 -0.238129
15 4448 0.101766 -0.236476
7 3794 0.281606 -0.142249
7 4683 0.238708 -0.140596
15 4683 0.0984663 -0.226557
15 4452 0.110016 -0.22821
15 4454 0.124865 -0.226557
15 4455 0.162813 -0.229864
15 405 0.103416 -0.221598
15 262 0.110016 -0.213333
15 4462 0.113315 -0.210026
15 3533 0.156213 -0.213333
15 418 0.118265 -0.210026
15 4463 0.136414 -0.211679
15 4464 0.156213 -0.210026
15 269 0.102041 -0.206169
15 430 0.141364 -0.20672
15 287 0.167762 -0.210026
15 4465 0.0671181 -0.201761
15 4466 0.161163 -0.205067
15 4467 0.0582086 -0.193495
15 4468 0.0671181 -0.193495
15 3534 -0.14242 -0.165393
15 3687 0.119915 -0.176964
7 4684 0.00607162 -0.0810843
15 4684 -0.13087 -0.150515
15 4471 -0.122621 -0.145555
15 4473 -0.355258 -0.092656
15 3541 0.0143212 -0.133984
7 3806 0.141364 -0.0513284
15 612 -0.0995223 -0.115799
15 581 -0.331829 -0.0863742
15 4476 -0.109422 -0.109187
15 3566 0.165287 -0.127647
15 3567 0.169412 -0.123514
7 4685 0.311304 -0.0298381
15 4685 0.173537 -0.124892
15 4478 -0.345358 -0.0678594
15 4479 0.179037 -0.124892
15 4481 0.113315 -0.102575
15 2116 -0.360207 -0.0265319
15 337 -0.342058 -0.0298381
15 1045 -0.333809 0.0081833
15 1015 -0.366807 0.0627357
7 368 -0.239764 0.0974509
15 4488 -0.361857 0.0792668
7 4686 0.20472 -0.205398
15 4686 0.0621684 -0.28673
15 4493 0.0799874 -0.280779
7 4687 0.264117 -0.195479
15 4687 0.119585 -0.284747
15 1093 0.117605 -0.262926
7 4688 0.279956 -0.175642
15 4688 0.135424 -0.264909
15 4496 0.0997862 -0.256974
15 4497 0.0601885 -0.253007
7 4689 0.279956 -0.169691
15 4689 0.135424 -0.260942
15 4500 0.127505 -0.241105
15 4501 0.0997862 -0.23317
7 4690 0.258177 -0.141918
15 4690 0.117605 -0.229202
15 1212 0.137404 -0.231186
15 4508 0.153243 -0.229202
7 4691 0.275996 -0.137951
15 4691 0.135424 -0.225235
15 3550 0.0978063 -0.221267
7 4692 0.291835 -0.133984
15 4692 0.151263 -0.223251
15 3552 0.103746 -0.215316
7 3552 0.248278 -0.128032
15 2137 -0.159579 -0.195479
15 4512 0.113645 -0.211349
15 2642 0.111666 -0.203414
15 4515 0.159183 -0.205398
15 3695 0.0898868 -0.197463
7 4693 -0.00910749 -0.106211
15 4693 -0.147699 -0.174055
7 3686 0.220559 -0.106211
15 4519 0.0879069 -0.18556
15 3561 0.0978063 -0.18556
15 2197 -0.102162 -0.167707
15 3583 0.167102 -0.175642
7 696 0.0146511 -0.0685207
7 4694 0.0106914 -0.0605858
15 4694 -0.123941 -0.130016
15 4521 -0.357567 -0.0923254
15 3028 -0.112062 -0.122081
15 3700 0.000791953 -0.130016
15 3698 -0.13186 -0.114146
7 4695 0.139384 -0.044716
15 4695 0.0067316 -0.128032
7 4696 -0.216995 -0.0367811
15 4696 -0.357567 -0.0724881
7 619 0.0403897 -0.0328136
15 4529 0.178982 -0.124065
7 4697 0.323513 -0.0288462
15 4697 0.184261 -0.125718
15 1479 -0.00118794 -0.108195
15 3040 0.111666 -0.10026
15 4532 -0.349648 -0.044716
15 4537 -0.333809 0.00686083
15 726 -0.329849 0.012812
15 1247 -0.31401 0.00686089
15 3570 -0.321929 0.0147958
15 642 -0.363507 0.07034
15 3251 0.0756317 -0.312122
15 4542 0.120773 -0.295459
15 4543 0.0613765 -0.285937
7 4698 0.222935 -0.197859
15 4698 0.0803834 -0.281176
7 4699 0.265701 -0.195479
15 4699 0.120773 -0.283556
7 4700 0.239566 -0.181196
15 4700 0.0958265 -0.266893
7 4701 0.251446 -0.181196
15 4701 0.108894 -0.266893
15 1093 0.118397 -0.264513
7 4702 0.239566 -0.164533
15 4702 0.0993903 -0.25023
7 1061 0.279956 -0.164533
7 4703 0.251446 -0.14787
15 4703 0.11127 -0.233566
15 4548 0.0621684 -0.219945
15 752 0.11127 -0.228806
15 3707 0.137404 -0.231186
15 4550 0.151659 -0.221664
7 3814 0.303715 -0.131206
15 4556 0.158787 -0.205001
7 4704 -0.00989941 -0.107402
15 4704 -0.147699 -0.174531
15 3350 -0.0906787 -0.174055
15 4560 -0.100182 -0.159772
15 3715 0.0637524 -0.169294
15 3253 0.0851352 -0.159772
7 3824 0.0138592 -0.0693141
15 1104 -0.109686 -0.131206
7 4705 0.16829 -0.0597922
15 4705 0.035242 -0.143109
15 777 -0.112062 -0.124065
7 4706 0.275204 -0.0526508
15 4706 0.137404 -0.145886
15 1274 -0.349648 -0.0835969
15 4567 -0.133444 -0.114543
15 770 -0.333017 -0.0859773
15 4568 -0.145324 -0.105021
7 4707 -0.0146511 -0.0312266
15 4707 -0.147699 -0.10026
7 4708 0.125525 -0.0312266
15 4708 -0.00514767 -0.112163
15 639 0.177794 -0.124065
15 4575 0.158787 -0.078836
7 4709 -0.20472 0.0497094
15 4709 -0.333017 0.0140023
7 4710 0.234339 -0.225949
15 4710 0.0889366 -0.311646
15 4577 0.120298 -0.294506
15 4578 0.108894 -0.268797
7 4711 0.240041 -0.180244
15 4711 0.0974897 -0.265941
15 4579 0.128851 -0.248801
15 4580 0.101766 -0.233566
7 4712 0.271403 -0.148822
15 4712 0.127901 -0.240708
15 3593 0.165915 -0.240232
7 4713 0.231488 -0.137395
15 4713 0.0917876 -0.223092
15 755 0.0860855 -0.217379
15 4581 0.106043 -0.217379
15 3595 0.140255 -0.214523
15 4582 0.157361 -0.214523
7 4714 0.242892 -0.123113
15 4714 0.103192 -0.20881
15 1503 0.165915 -0.211666
15 1127 0.140255 -0.205953
15 4584 -0.0849766 -0.188814
15 840 0.151659 -0.20024
15 2636 0.140255 -0.194527
7 1588 0.049022 -0.0974036
7 4715 0.254297 -0.0859773
15 4715 0.117447 -0.174531
15 3608 0.165915 -0.174531
15 1736 0.0176606 -0.151678
7 4716 0.15451 -0.0574118
15 4716 0.0205117 -0.140252
7 861 0.317019 -0.0574118
7 4717 0.140255 -0.0516986
15 4717 0.0062565 -0.134539
7 4718 0.274254 -0.0516986
15 4718 0.137404 -0.145489
7 4719 0.0404689 -0.0345593
15 4719 -0.0906787 -0.105973
7 4720 -0.20472 -0.0317027
15 4720 -0.344421 -0.068838
15 3602 0.168766 -0.125969
7 1083 0.148808 -0.0288461
15 2287 0.117447 -0.120256
15 4633 0.114596 -0.0974036
15 3217 0.185872 -0.10026
15 804 -0.327315 0.0111458
7 4721 0.237761 -0.240232
15 4721 0.0906471 -0.325929
15 1148 0.0632772 -0.284794
15 1149 0.0803835 -0.284794
7 4722 0.251446 -0.181958
15 4722 0.107753 -0.271083
15 4603 0.100911 -0.233376
15 1062 0.148808 -0.236804
7 828 0.258288 -0.140823
7 4723 0.278816 -0.140823
15 4723 0.138545 -0.229948
7 4724 0.278816 -0.127112
15 4724 0.138545 -0.212809
7 4725 0.295922 -0.127112
15 4725 0.155651 -0.216237
15 4606 0.0701197 -0.202525
7 4726 0.200127 -0.1134
15 4726 0.0632772 -0.195669
15 2572 0.135123 -0.202525
7 4727 0.295922 -0.1134
15 4727 0.155651 -0.205953
7 4728 0.224076 -0.109972
15 4728 0.0872259 -0.195669
15 3597 0.100911 -0.185386
7 4729 0.0256435 -0.096261
15 4729 -0.111206 -0.168246
7 4730 0.032486 -0.0894052
15 4730 -0.104364 -0.164819
15 4608 0.162493 -0.175102
7 4731 0.0564347 -0.0756937
15 4731 -0.080415 -0.154535
7 893 -0.00172639 -0.068838
7 4732 0.00853734 -0.0654101
15 4732 -0.124891 -0.133968
7 4733 0.138545 -0.0516986
15 4733 0.00511609 -0.133968
7 1136 0.141966 -0.0448428
7 2270 0.282237 -0.0448428
7 4734 -0.0119901 -0.0345592
15 4734 -0.145419 -0.106545
7 4735 0.138545 -0.0311314
15 4735 0.00853734 -0.1134
7 4736 -0.0119901 -0.0277035
15 4736 -0.145419 -0.096261
15 4616 0.114596 -0.0996889
15 3610 0.191574 -0.105973
7 2991 0.242245 -0.239499
16 1369 0.105707 -0.315075
16 3612 0.101888 -0.311248
7 2130 0.260386 -0.232802
16 4126 0.109527 -0.306465
7 4737 0.237471 -0.19645
16 4737 0.101888 -0.271069
7 1461 0.227923 -0.195493
16 4131 0.107617 -0.269155
16 3648 0.129578 -0.266285
7 4738 0.262296 -0.184013
16 4738 0.126713 -0.258632
16 4133 0.058922 -0.256719
16 4136 0.126713 -0.250022
16 4652 0.0713345 -0.244282
7 4739 0.251793 -0.165836
16 4739 0.11621 -0.239499
16 3419 0.103416 -0.238542
7 4740 0.275663 -0.163923
16 4740 0.142945 -0.240456
16 4141 0.0971142 -0.236629
7 4741 0.223149 -0.15914
16 4741 0.0904306 -0.232802
7 4742 0.21742 -0.15627
16 4742 0.083747 -0.229932
16 3422 0.0789729 -0.228976
16 2330 0.152493 -0.229932
7 3878 0.245109 -0.151487
16 4147 0.113346 -0.226106
7 3879 0.250838 -0.151487
7 4743 0.311946 -0.149573
16 4743 0.178273 -0.228019
16 3424 0.173499 -0.225149
16 4151 0.173499 -0.222279
16 54 0.108572 -0.208886
16 4155 0.1439 -0.208886
16 4156 0.169679 -0.208886
16 4657 -0.124401 -0.201233
7 1912 0.318629 -0.131397
16 4158 0.106662 -0.204103
16 4166 0.110482 -0.19358
16 89 0.119075 -0.189753
16 4173 0.102843 -0.18784
16 4641 0.0942498 -0.185926
7 3780 0.221239 -0.106524
16 4179 -0.119627 -0.17349
16 4180 -0.12822 -0.171576
16 4185 0.0961594 -0.17349
7 3439 -0.00123077 -0.0960005
7 1192 0.0407807 -0.0960005
16 4186 -0.0909825 -0.16488
16 135 0.0971142 -0.149573
7 3281 0.0255038 -0.0625175
16 4190 -0.0948018 -0.122787
16 4193 -0.0957566 -0.120874
16 4663 -0.098239 -0.119152
16 141 -0.111988 -0.114177
16 4197 0.171589 -0.122787
16 146 -0.0890729 -0.112264
16 4199 -0.108169 -0.11035
7 4744 0.293804 -0.0405144
16 4744 0.16777 -0.119917
16 4204 -0.116762 -0.10461
16 4207 0.190494 -0.113412
16 4209 -0.111033 -0.0998271
7 4745 0.311946 -0.0299912
16 4745 0.186866 -0.109394
16 4211 0.198324 -0.111307
16 4212 -0.345916 -0.077824
16 4213 0.0102269 -0.100784
16 4217 0.124804 -0.0883473
16 1987 -0.39041 -0.0571602
16 125 -0.392701 -0.0548643
16 3458 0.124804 -0.0854773
16 195 0.206917 -0.0883473
16 203 0.201188 -0.0826073
7 4746 -0.247571 0.0436714
16 4746 -0.381244 -0.00435274
16 954 -0.304859 -0.00798808
16 3159 -0.32491 0.0360181
16 4234 -0.362147 0.0570646
16 4244 0.107999 -0.312014
7 4747 0.237471 -0.222471
16 4747 0.0999787 -0.297855
16 4252 0.088521 -0.266094
7 1060 0.277573 -0.188031
16 4255 0.126331 -0.259206
16 4257 0.0976872 -0.25117
16 4667 0.0678972 -0.243134
7 1188 0.28101 -0.168515
16 4264 0.0976872 -0.236246
16 4267 0.107999 -0.230506
16 4268 0.139126 -0.231846
16 4669 0.12404 -0.223619
16 4276 0.171589 -0.215583
16 4278 0.127477 -0.214435
16 4280 0.117165 -0.212139
16 4283 0.172544 -0.208886
16 4284 0.195077 -0.207547
16 4285 -0.124592 -0.200659
16 3431 0.103416 -0.199511
16 4288 0.125186 -0.197215
16 4289 0.144664 -0.198363
7 4748 0.230596 -0.1203
16 4748 0.0999787 -0.194919
16 4293 0.129769 -0.194919
16 3483 0.167579 -0.190327
16 88 0.0942498 -0.185735
16 4297 0.16586 -0.186883
16 4303 0.0908125 -0.179995
16 4644 -0.117717 -0.170811
7 3855 0.192786 -0.101932
16 4306 0.0965414 -0.173107
7 4749 0.198515 -0.0950439
16 4749 0.0731677 -0.170352
16 4308 -0.115426 -0.151295
16 3445 0.0346699 -0.150147
16 3449 0.0283682 -0.125657
7 468 0.0323784 -0.0491243
16 4315 -0.0970933 -0.104228
16 4316 0.00946306 -0.109968
16 302 -0.369786 -0.0847119
7 4750 0.309654 -0.0307565
16 4750 0.184765 -0.109968
16 3675 0.199278 -0.10461
7 3915 0.321112 -0.0215726
16 4322 0.125186 -0.0881559
7 195 0.333715 -0.00664874
16 4326 -0.356037 -0.0479763
16 3456 -0.337704 -0.0468283
16 504 -0.315935 -0.00779674
7 4751 -0.266667 0.0518987
16 4751 -0.401294 0.00540511
16 4332 -0.318685 -0.000908798
7 4752 -0.240314 0.0897823
16 4752 -0.365203 0.0404188
16 211 -0.361765 0.0564906
16 4350 0.108916 -0.306733
16 4353 0.0992912 -0.298467
7 4753 0.227159 -0.189638
16 4753 0.0910417 -0.264028
16 1060 0.143014 -0.264579
16 4358 0.128165 -0.261273
16 3670 0.108916 -0.251629
7 538 0.275281 -0.171729
16 4367 0.0979163 -0.236476
16 3528 0.177662 -0.22821
16 4374 0.128165 -0.221598
7 4754 -0.0120774 -0.138667
16 4754 -0.13747 -0.210026
16 4380 -0.124821 -0.200659
16 4383 0.161163 -0.203414
16 4385 0.12404 -0.197904
16 4645 0.16185 -0.196067
16 1327 0.110291 -0.193771
16 430 0.147413 -0.195148
7 4755 0.245033 -0.118004
16 4755 0.114415 -0.192393
7 86 0.240908 -0.115248
16 4628 0.125415 -0.189638
16 4394 0.0770633 -0.182291
7 934 -0.00382782 -0.101473
16 264 -0.117946 -0.171729
16 4396 0.0882918 -0.175862
16 2023 -0.355258 -0.107534
7 4756 0.135039 -0.0491243
16 4756 0.0186292 -0.123744
16 4405 0.172162 -0.122136
16 4406 -0.0904478 -0.112493
16 4407 -0.0986973 -0.109738
16 4408 0.00854646 -0.109738
16 3518 -0.347558 -0.0863192
16 4410 0.0129004 -0.105376
16 4412 0.181786 -0.111116
7 1046 0.311029 -0.0298381
16 4413 -0.344808 -0.0794312
16 3521 0.12404 -0.0876967
16 640 -0.30631 0.0266429
16 368 -0.364057 0.0486843
16 370 -0.361307 0.0569498
16 4435 0.108366 -0.310866
16 4437 0.100116 -0.299294
16 4680 0.0720678 -0.25466
16 4442 0.124865 -0.249701
7 386 0.237058 -0.173658
16 1425 0.106716 -0.244741
16 4681 0.0671181 -0.243088
16 3547 0.113315 -0.244741
16 1211 0.144664 -0.239782
7 4757 0.238708 -0.147208
16 4757 0.106716 -0.221598
16 4451 0.0704179 -0.216639
16 4452 0.118265 -0.216639
16 4455 0.171062 -0.214986
16 4456 0.116615 -0.211679
16 4461 0.161163 -0.203414
16 4463 0.146314 -0.200108
7 3936 0.265107 -0.119106
7 264 0.0110213 -0.100921
7 4758 0.223859 -0.0992684
16 4758 0.0951665 -0.173658
16 587 0.0671181 -0.168699
16 3563 0.017621 -0.129024
16 4474 -0.0962225 -0.120759
7 4759 0.0324701 -0.0496753
16 4759 -0.0843431 -0.120097
16 3691 0.017621 -0.124065
16 4476 -0.0945726 -0.107534
7 3950 -0.228215 -0.0347974
16 485 0.0225707 -0.109187
16 718 0.0384098 -0.108195
16 3567 0.179312 -0.109187
16 3569 0.195811 -0.104228
16 2116 -0.356907 -0.0463691
16 1045 -0.331829 -0.00900897
16 631 -0.327209 -0.00338843
16 503 -0.330509 -0.0017353
16 358 -0.380006 0.0313268
16 647 -0.328859 0.051164
16 3154 0.107706 -0.312519
16 4687 0.129485 -0.272844
16 1028 0.0661282 -0.260942
7 4760 0.275996 -0.187544
16 4760 0.142156 -0.264513
16 1093 0.123545 -0.251023
7 4761 0.252237 -0.169691
16 4761 0.115625 -0.243088
16 4689 0.145324 -0.245072
16 668 0.135424 -0.237137
16 4501 0.107706 -0.223251
16 4506 0.119585 -0.2173
16 1212 0.147303 -0.219284
16 4508 0.159513 -0.216639
16 4510 0.117605 -0.211349
16 2141 0.121565 -0.20672
16 3555 0.161163 -0.199446
16 691 0.149283 -0.181593
16 4518 -0.0784035 -0.175642
16 3583 0.177002 -0.161756
7 1234 -0.218975 -0.0724881
16 1072 -0.116021 -0.133984
16 1235 -0.3544 -0.114543
7 4762 0.139384 -0.0605858
16 4762 0.0205908 -0.133984
16 3028 -0.0982023 -0.122081
16 3700 0.0146511 -0.122081
16 3698 -0.118001 -0.114146
7 4763 0.0225707 -0.0387648
16 4763 -0.0942426 -0.108195
16 4696 -0.353608 -0.0903416
7 4764 0.323513 -0.0050415
16 4764 0.20076 -0.0883579
7 4765 0.325493 -0.00107404
16 4765 0.20274 -0.0843905
7 1484 -0.191257 0.0445516
16 726 -0.325889 -0.0050415
16 3570 -0.31995 -0.00107404
16 4539 -0.357567 0.0207469
16 4540 -0.302131 0.0266981
16 3251 0.087511 -0.30022
16 4698 0.087511 -0.271654
16 4545 0.0685041 -0.243088
7 4766 0.251446 -0.169294
16 4766 0.116021 -0.243088
16 4703 0.120773 -0.224045
7 4767 0.294211 -0.140728
16 4767 0.159183 -0.2173
16 4549 0.118397 -0.212142
16 556 0.104142 -0.20024
16 4552 0.146908 -0.20262
7 3821 0.203928 -0.119304
7 685 0.260949 -0.114543
16 4559 0.104142 -0.174055
7 4768 0.291835 -0.10026
16 4768 0.161163 -0.176435
16 890 -0.0883029 -0.164533
16 3581 -0.100182 -0.138348
16 1104 -0.0935298 -0.128826
7 3383 0.151659 -0.0597922
16 4566 0.0233627 -0.124065
16 703 -0.112062 -0.116923
16 4567 -0.119189 -0.114543
16 4569 0.00910752 -0.109782
16 4573 0.20868 -0.0978797
7 3217 0.322721 -0.00742194
7 3963 0.254297 -0.231662
16 4577 0.131702 -0.285937
7 2264 0.225786 -0.197383
7 4769 0.200127 -0.188814
16 4769 0.0661283 -0.263084
16 653 0.0604262 -0.257371
16 4578 0.114596 -0.257371
16 4711 0.106043 -0.254515
16 826 0.117447 -0.223092
16 4712 0.13978 -0.226425
16 3593 0.174468 -0.225949
16 829 0.158787 -0.219284
16 4581 0.111745 -0.205953
7 3278 0.257148 -0.131682
7 4770 0.29136 -0.131682
16 4770 0.157361 -0.20881
16 4714 0.108894 -0.197383
7 4771 0.234339 -0.120256
16 4771 0.101766 -0.195479
7 4772 0.245743 -0.114543
16 4772 0.114596 -0.188814
16 3576 0.0746814 -0.185957
7 4773 0.0290648 -0.0974036
16 4773 -0.0975212 -0.164819
16 4715 0.127901 -0.162152
7 2609 0.29136 -0.0716946
16 3602 0.18017 -0.111686
7 4774 0.325573 -0.0288461
16 4774 0.202978 -0.111686
16 3037 -0.293102 -0.0459855
16 804 -0.327315 -0.00313707
16 4603 0.107753 -0.223092
16 4648 0.141966 -0.22652
16 4723 0.148808 -0.219665
16 4605 0.135123 -0.205953
16 4725 0.162493 -0.202525
16 2895 -0.06673 -0.195669
16 4606 0.0775324 -0.194527
7 1125 -0.00172639 -0.103117
7 4775 0.0153798 -0.0996889
16 4775 -0.107785 -0.168246
16 4608 0.172757 -0.161391
16 3730 0.0769622 -0.151107
7 1163 0.289079 -0.0722659
16 4732 -0.111206 -0.133968
16 3731 0.046171 -0.140823
7 4776 0.316449 -0.0516986
16 4776 0.186442 -0.13054
16 1136 0.0256435 -0.120256
7 4777 0.316449 -0.0242756
16 4777 0.193284 -0.106545
16 4616 0.12486 -0.0859773
16 3610 0.206969 -0.0894052
7 4778 0.26707 -0.202189
17 4778 0.150392 -0.23969
17 4738 0.1439 -0.221323
7 3184 0.0551028 -0.172533
17 26 0.0780181 -0.208886
17 4740 0.161086 -0.202189
17 4141 0.115256 -0.200276
17 4147 0.133397 -0.19071
7 4779 0.310036 -0.146703
17 4779 0.188776 -0.18497
7 4780 -0.0117336 -0.13905
17 4780 -0.107214 -0.1821
17 4155 0.160131 -0.172533
17 4163 0.162041 -0.161053
17 4164 0.150583 -0.160097
17 3437 0.176363 -0.15914
17 89 0.136261 -0.154357
17 4173 0.121939 -0.152443
17 4641 0.111436 -0.151487
17 1844 0.120984 -0.148617
17 4177 0.171589 -0.145747
17 4178 -0.100531 -0.14766
17 4180 -0.100531 -0.14479
7 4781 -0.00123077 -0.0998271
17 4781 -0.098621 -0.14192
17 4185 0.112391 -0.13905
7 4782 0.198324 -0.0950439
17 4782 0.0923402 -0.13618
17 2981 -0.0728412 -0.132353
17 4660 -0.0890729 -0.125657
17 4190 -0.0699768 -0.0979138
17 4191 -0.0852537 -0.0950439
17 141 -0.0871633 -0.0893039
17 4197 0.186866 -0.086434
17 4199 -0.0842989 -0.0854773
7 3450 0.0207298 -0.0414711
7 4783 0.0255038 -0.0405144
17 4783 -0.0671124 -0.0845206
17 4664 0.0398259 -0.0826073
17 4204 -0.0919373 -0.0797374
17 4205 0.0312326 -0.0787807
17 4209 -0.0871633 -0.0759107
17 4745 0.201952 -0.0720841
17 3446 -0.383153 -0.0682575
17 509 0.212646 -0.0644308
17 203 0.216465 -0.0452977
17 4219 -0.333503 -0.0357311
17 3459 -0.297221 -0.000334827
17 4228 -0.284808 0.0341048
17 4229 -0.302949 0.0360181
17 3463 -0.302949 0.0398448
17 4233 -0.300085 0.0551513
17 4234 -0.339232 0.0599346
17 3501 0.144664 -0.26816
7 4784 0.267261 -0.201807
17 4784 0.150163 -0.239231
17 4249 0.119075 -0.233759
17 1188 0.165287 -0.206399
17 4264 0.114874 -0.200659
17 4277 -0.107405 -0.182291
17 3475 0.200806 -0.176551
17 3474 0.177891 -0.175403
17 4280 0.135497 -0.175403
17 4285 -0.0957566 -0.17349
7 3436 0.2432 -0.119152
17 4293 0.145809 -0.158183
17 4621 0.188776 -0.157227
17 2649 0.0904306 -0.157227
17 4297 0.180182 -0.15053
17 4299 0.178273 -0.14766
17 4301 -0.098621 -0.149573
17 4303 0.107999 -0.145555
17 4749 0.0931041 -0.136371
17 285 -0.0615745 -0.136371
17 3490 0.107617 -0.111307
17 3653 0.0403988 -0.0915999
17 4317 -0.323955 -0.07438
17 1846 -0.381244 -0.0525683
17 4322 0.142372 -0.0525683
17 4326 -0.328538 -0.0410884
17 192 -0.289582 0.024347
17 4342 0.296669 0.086721
17 3500 -0.0302263 -0.496013
17 4355 0.112582 -0.23395
17 4361 0.141364 -0.213333
17 4364 0.136414 -0.205067
17 236 0.12679 -0.202036
17 4372 0.125186 -0.189179
17 4373 0.139714 -0.186883
17 3506 0.0896668 -0.181373
17 3509 0.20516 -0.173107
17 4382 0.215701 -0.166219
17 4388 0.162996 -0.161627
17 3511 0.129539 -0.159331
17 4645 0.176287 -0.159331
17 4389 0.193932 -0.158183
17 4755 0.130914 -0.156576
17 4628 0.141914 -0.152443
7 3756 0.284906 -0.105605
17 4397 0.111666 -0.138667
17 4398 0.085542 -0.131779
17 2989 -0.0670742 -0.0987174
17 2161 -0.0601996 -0.093207
17 4756 0.0401696 -0.0918295
17 2335 -0.0904478 -0.0890743
17 4405 0.188203 -0.0858599
17 4407 -0.0739488 -0.083564
17 4408 0.0305452 -0.0780536
17 4412 0.20076 -0.0728188
7 4785 -0.265063 -0.0119295
17 4785 -0.380556 -0.0546346
17 3519 -0.333809 -0.036726
17 1668 -0.304935 0.0555722
17 4435 0.128165 -0.271191
17 1210 0.164462 -0.20672
17 1211 0.161163 -0.201761
7 3101 0.308004 -0.148862
17 995 0.194161 -0.186883
17 4451 0.0902168 -0.181924
17 3531 0.201035 -0.167597
17 3532 0.214785 -0.166219
17 4461 0.176287 -0.164842
17 4465 0.0935166 -0.157127
17 1856 0.141364 -0.152168
17 4758 0.111666 -0.138943
7 603 0.21231 -0.0711656
17 3540 0.192511 -0.109187
7 4786 0.00772152 -0.061247
17 4786 -0.0879729 -0.104228
17 4759 -0.0599246 -0.092656
17 1712 -0.0747737 -0.0827374
17 4477 -0.106122 -0.0784393
17 3567 0.197461 -0.0711656
17 4478 -0.31566 -0.0711656
17 4479 0.20868 -0.0705044
7 4787 0.324503 -0.0265319
17 4787 0.217259 -0.0695126
17 4481 0.141364 -0.0529815
17 2222 0.141364 -0.0496753
17 338 -0.31401 -0.0331443
17 4485 0.182611 -0.0265319
7 3524 0.242338 -0.229202
17 3347 0.119915 -0.259619
17 4492 0.113645 -0.251023
17 4493 0.107706 -0.23317
17 4494 0.115625 -0.23317
7 4788 0.238378 -0.181593
17 4788 0.121565 -0.218292
17 4500 0.157863 -0.190189
17 4506 0.136414 -0.18027
17 2137 -0.111072 -0.167046
17 3574 0.117605 -0.159772
17 3695 0.113645 -0.153821
17 691 0.166112 -0.145555
17 554 -0.0902828 -0.145886
17 573 -0.0597925 -0.131206
17 4520 0.052269 -0.115799
17 1533 0.177002 -0.114146
17 3563 0.0403897 -0.0962928
17 3698 -0.0922627 -0.0883579
17 619 -0.0506851 -0.0764556
17 1532 -0.31599 -0.0724881
17 3588 0.182941 -0.0268624
17 4536 -0.351628 -0.00900897
17 726 -0.300151 0.00289342
7 3703 -0.185317 0.0663726
17 4539 -0.333809 0.0247144
17 4540 -0.280352 0.034633
17 3591 0.161163 -0.226425
17 4766 0.132652 -0.207381
17 3311 0.192049 -0.188338
17 4703 0.137404 -0.185957
17 4767 0.175022 -0.179609
17 3577 0.161163 -0.157391
17 3558 0.107706 -0.145886
17 4559 0.123149 -0.140728
17 4563 -0.0645442 -0.124065
17 771 -0.0883029 -0.121684
17 2609 0.177794 -0.114543
17 3383 0.051873 -0.102641
17 4566 0.0443494 -0.0923254
17 4567 -0.0930546 -0.0883578
17 4569 0.0304903 -0.078836
17 4570 0.194425 -0.0740751
17 2251 0.149283 -0.0716946
17 3340 0.222935 -0.0526508
17 1744 -0.301655 0.0539942
7 1117 0.225786 -0.223092
17 4577 0.148808 -0.245945
7 4106 0.254297 -0.168818
17 821 0.0917876 -0.20024
17 4771 0.118397 -0.159772
17 4584 -0.0422111 -0.157391
17 4772 0.135028 -0.155011
17 4773 -0.0701513 -0.140823
17 4715 0.145957 -0.125969
17 3608 0.191574 -0.123113
17 1480 0.175418 -0.0859774
17 3217 0.214382 -0.0459855
7 4789 -0.224677 0.00828922
17 4789 -0.333017 -0.0374158
17 4598 -0.338719 0.0339983
7 3975 0.237761 -0.181958
17 4722 0.131702 -0.219665
7 4118 0.254867 -0.168246
17 4603 0.12486 -0.185386
17 4604 0.172757 -0.171674
17 4725 0.176178 -0.164819
7 4790 0.230918 -0.116828
17 4790 0.117447 -0.157391
17 4608 0.189863 -0.123684
17 1300 -0.0769938 -0.123684
17 4609 0.200127 -0.103117
7 3324 0.326713 -0.0551265
17 4776 0.203548 -0.0928331
17 4612 0.145387 -0.0722659
17 3610 0.220654 -0.0516986
17 3611 0.210391 -0.0482707
9 99 -0.00712762 -0.32409
8 85 0.423658 0.0924609
8 3158 0.427668 0.0920783
9 1627 0.234033 -0.247726
9 1355 0.242245 -0.250022
8 4791 0.423085 0.127666
9 4791 0.225058 -0.222279
9 4341 0.226013 -0.219409
8 4792 0.410482 0.147182
9 4792 0.204243 -0.204103
9 4388 0.00831731 -0.341861
8 4793 0.422398 0.0872567
9 4793 0.228534 -0.251629
9 1266 0.226013 -0.227062
8 4794 0.422398 0.127207
9 4794 0.222194 -0.221323
9 3679 0.236516 -0.227063
8 4795 0.429272 0.134095
9 4795 0.229832 -0.222279
8 4796 0.187561 -0.203414
9 4796 0.00927209 -0.344731
9 4386 -0.00245289 -0.335662
9 4463 0.0106088 -0.344157
9 2341 0.232659 -0.247497
8 4797 0.421848 0.127207
9 4797 0.224409 -0.2227
8 4798 0.405349 0.143738
9 4798 0.20076 -0.203414
9 3711 -0.00547772 -0.335662
8 4799 0.246694 -0.164533
9 4799 -0.0244516 -0.33704
9 3348 0.206304 -0.205001
10 3621 0.0552937 -0.362525
10 3438 0.0694249 -0.354298
10 4179 -0.202504 -0.210991
8 4800 -0.00218558 -0.0596476
10 4800 0.0331422 -0.362908
10 4241 0.22945 -0.197215
8 2071 0.239762 -0.173107
8 4801 0.293613 -0.123744
10 4801 0.069043 -0.354489
10 3294 0.0264204 -0.341173
10 294 0.017621 -0.32409
10 75 -0.192192 -0.211756
8 4802 0.136643 -0.082416
10 4802 -0.183667 -0.15878
8 4803 -0.299894 0.0392708
10 4803 -0.0714739 -0.286069
10 1355 0.268979 -0.237586
10 211 -0.199067 0.127666
10 4343 0.225509 -0.191842
10 4344 0.225784 -0.191016
10 4792 0.22945 -0.192623
8 4804 0.280781 -0.146933
10 4804 -0.00886919 -0.323494
8 4805 0.268406 -0.138667
10 4805 -0.224915 -0.150515
10 2904 0.069043 -0.353571
8 4806 0.240358 -0.122412
10 4806 0.0242206 -0.335662
8 4807 -0.0104274 -0.0529815
10 4807 0.00449806 -0.334208
10 2341 0.258782 -0.236476
8 4808 0.426797 0.123901
10 4808 0.247783 -0.21719
8 4809 0.430097 0.147044
10 4809 0.271156 -0.241986
8 4810 0.231488 -0.237375
10 4810 -0.0165518 -0.437335
11 3441 0.0992912 -0.305355
8 4811 0.0169105 -0.0988705
11 4811 0.323403 -0.17923
11 3635 0.308126 -0.186883
8 4812 -0.264757 0.0953309
11 4812 -0.217972 0.13551
8 4813 0.424613 0.0953309
11 4813 0.303352 -0.181143
11 4234 -0.216062 0.143164
11 4237 0.285211 -0.1534
11 3483 0.0984663 -0.305906
11 3487 0.306354 -0.148862
8 1887 0.439126 0.0989662
8 4814 0.443709 0.101262
11 4814 0.320539 -0.183056
11 211 -0.217399 0.143738
11 4340 0.279956 -0.160248
8 4815 0.426522 0.137998
11 4815 0.299533 -0.151487
8 3663 0.424231 0.140294
11 4792 0.272989 -0.140963
8 4816 0.440272 0.149478
11 4816 0.296587 -0.14787
8 4817 0.129539 -0.0491243
11 4817 -0.06673 -0.212809
11 370 -0.216941 0.143738
11 1266 0.292468 -0.162775
11 4794 0.293155 -0.157954
8 4818 0.418273 0.128584
11 4818 0.290405 -0.155198
11 3679 0.307172 -0.160097
8 4819 0.306354 -0.138943
11 4819 0.123215 -0.32905
11 4488 -0.216666 0.143738
8 4820 0.416898 0.120594
11 4820 0.283256 -0.162086
8 3677 0.431747 0.123901
11 646 -0.216995 0.143738
8 4821 0.414588 0.119933
11 4821 0.281936 -0.161756
12 3429 0.210736 -0.220366
12 4177 0.2432 -0.209843
12 165 0.0827921 -0.115708
12 4237 0.425567 -0.0395578
8 3641 0.422703 0.13264
8 4822 0.403607 0.143164
12 4822 0.409336 -0.0273125
8 4823 0.248928 -0.127188
12 4823 0.225058 -0.220366
12 4288 0.21341 -0.216731
12 1653 0.207872 -0.209843
12 293 -0.0269264 -0.124065
8 4824 0.235179 -0.100784
12 4824 0.21551 -0.195493
12 284 -0.0126884 -0.142877
12 1388 -0.0237642 -0.121448
12 2479 0.0654682 -0.11084
12 4332 -0.123941 0.0762912
8 4825 0.418502 0.0760064
12 4825 0.432022 -0.0849416
8 4826 0.425377 0.0840423
12 4826 0.443709 -0.077824
12 3660 0.43798 -0.0514203
12 4791 0.435688 -0.0422364
12 4341 0.431105 -0.0410884
8 4827 0.432251 0.134554
12 4827 0.446573 -0.0395578
12 3663 0.437025 -0.0328612
12 3666 0.440844 -0.00703143
8 4828 0.282156 -0.122136
12 4828 0.128851 -0.180244
8 4829 0.228534 -0.119381
12 4829 0.207681 -0.209843
8 4830 0.426522 0.117564
12 4830 0.437522 -0.0518795
12 4794 0.434772 -0.0422364
12 3679 0.449438 -0.0433844
8 4831 0.436147 0.178177
12 4831 0.448483 -0.00703143
12 4446 0.175408 -0.244282
12 4463 0.229909 -0.2227
12 889 0.214785 -0.210302
8 4832 0.400399 0.138778
12 4832 0.396373 -0.0312266
12 4513 0.228479 -0.223251
8 3571 0.213432 -0.228806
12 4545 0.177002 -0.254991
12 2234 0.275281 -0.235098
8 4833 0.287083 0.00448046
12 4833 0.231488 -0.1174
12 4581 0.206304 -0.224045
12 1127 0.114596 -0.175102
8 4834 0.254867 -0.127112
12 4834 0.217534 -0.21719
12 4616 0.172757 -0.116828
13 3616 0.162041 -0.266285
13 4141 0.148674 -0.252892
8 4835 0.258476 -0.12757
13 4835 0.181137 -0.228019
13 4177 0.19164 -0.214435
13 291 -0.217017 0.0761977
8 4836 0.428432 0.0953309
13 4836 0.38642 -0.0711274
8 4837 0.452302 0.102984
13 4837 0.405517 -0.0692141
13 3636 0.375918 -0.0548643
13 3641 0.374008 -0.0424277
8 3663 0.421748 0.137424
13 4241 0.353193 -0.0353484
8 4838 0.442754 0.147947
13 4838 0.389858 -0.0342004
13 4264 0.150392 -0.253466
13 3443 0.19164 -0.214626
13 4305 0.0913854 -0.194536
13 4824 0.162996 -0.201233
8 4839 0.433397 0.0897823
13 4839 0.38642 -0.0768674
13 3158 0.385275 -0.073232
13 1355 0.391194 -0.0711274
13 1887 0.395968 -0.0711274
13 211 -0.204795 0.123074
13 4340 0.359785 -0.0516986
13 4341 0.37038 -0.0445323
13 4827 0.380692 -0.0424277
13 4815 0.375918 -0.0395578
13 4792 0.354339 -0.0307565
13 4388 0.176745 -0.227062
13 4395 0.191411 -0.215812
13 4793 0.377025 -0.076676
13 1627 0.379775 -0.0752985
13 1355 0.395587 -0.0709361
13 4830 0.376109 -0.0548643
13 1266 0.374963 -0.0502723
13 4818 0.368776 -0.0449916
13 3679 0.38642 -0.047211
13 4795 0.381837 -0.0422364
13 3663 0.3784 -0.0387924
8 4840 0.432022 0.140983
13 4840 0.381837 -0.0376444
8 4841 0.438897 0.149248
13 4841 0.376891 -0.0345593
13 4831 0.385466 -0.0108581
13 971 0.142372 -0.217879
13 4469 0.145957 -0.214523
8 4842 0.425147 0.0842261
13 4842 0.37895 -0.080423
8 4843 0.421848 0.0875323
13 4843 0.3773 -0.076125
13 4488 -0.205116 0.122247
8 4844 0.411948 0.142085
13 4844 0.357171 -0.0347974
13 3001 0.144664 -0.210026
8 1578 0.117605 -0.0566183
13 3692 0.152913 -0.170352
8 4845 0.414588 0.149689
13 4845 0.360801 -0.028185
13 3571 0.137404 -0.308551
13 2648 0.157203 -0.231186
13 4566 0.175022 -0.112163
8 2665 0.393997 0.142548
8 4846 0.401125 0.142548
13 4846 0.347272 -0.0328136
8 4847 0.38687 0.147309
13 4847 0.337702 -0.0248788
8 4848 0.251446 -0.0545552
13 4848 0.143106 -0.171674
8 4638 0.108894 -0.0317027
13 4605 0.106716 -0.22821
13 2446 -0.164806 0.0996992
8 4849 0.29094 -0.46814
14 4849 0.0255038 -0.562849
8 4850 0.292849 -0.137137
14 4850 0.19164 -0.235672
14 4286 0.119075 -0.217496
14 4179 -0.101485 -0.149573
14 285 -0.0757056 -0.145747
14 4226 -0.282937 0.099655
14 3633 0.361595 -0.0711274
14 85 0.363505 -0.0682575
14 4813 0.36446 -0.0653875
8 4851 0.432251 0.126901
14 4851 0.365415 -0.0424277
8 4852 0.406471 0.143164
14 4852 0.336007 -0.0250166
8 4853 0.416974 0.150817
14 4853 0.349183 -0.0213813
8 4854 0.4122 0.154644
14 4854 0.346319 -0.0175547
14 1843 0.0255038 -0.567632
14 7 0.0979163 -0.265405
14 4274 0.164905 -0.238542
14 1324 0.171589 -0.228019
14 4801 0.194504 -0.224193
14 1655 0.142945 -0.207929
14 936 -0.0890729 -0.146703
14 4824 0.142945 -0.194536
14 144 -0.0799068 -0.0984878
14 4202 0.0300869 -0.128336
14 4316 0.00167184 -0.115248
14 4318 0.16987 -0.145555
14 3632 -0.183599 0.0857643
8 4855 0.431105 0.0920783
14 4855 0.367324 -0.0692141
14 210 -0.196775 0.110446
14 1627 0.363505 -0.0674921
8 956 0.42996 0.0989662
14 4814 0.381646 -0.0653875
14 4791 0.357776 -0.0410884
14 3509 0.206535 -0.238542
14 1332 0.191411 -0.221323
14 984 -0.186463 0.111594
14 4795 0.365415 -0.0366878
14 3681 0.369234 -0.00511811
8 4856 0.429272 0.178177
14 4856 0.366942 -0.0032048
8 2794 0.228809 -0.119106
14 280 0.117165 -0.202036
14 435 0.363276 -0.0270829
14 1713 0.000791953 -0.11613
14 4528 0.164142 -0.148999
14 519 -0.193567 0.115635
8 4857 0.226499 -0.237137
14 4857 0.125525 -0.314502
14 2517 0.11579 -0.218567
14 3001 0.123215 -0.203414
14 694 0.0700879 -0.179609
14 1533 0.155663 -0.179995
14 2169 0.000791953 -0.112163
14 2402 0.176012 -0.138943
14 1048 -0.210524 0.0622306
14 648 -0.186692 0.112053
14 2648 0.137404 -0.225235
14 756 0.154035 -0.228806
14 1874 0.12679 -0.186883
14 1109 0.0106914 -0.120097
14 4569 0.00197992 -0.116923
8 4858 0.296587 -0.0312266
14 4858 0.175418 -0.14787
14 4573 0.177002 -0.137951
14 4833 0.173042 -0.114543
8 4859 -0.218975 0.0497094
14 4859 -0.211056 0.0643889
14 4581 0.130277 -0.221664
8 4860 0.257148 -0.068838
14 4860 0.147303 -0.171674
14 1537 0.00169483 -0.1134
8 4861 0.217233 -0.171674
14 4861 0.126 -0.254515
14 1594 0.165915 -0.148822
14 4614 0.177319 -0.137395
14 3248 -0.210422 0.0654204
15 3149 0.0990238 -0.322728
15 4129 0.0894758 -0.298812
8 5 0.208827 -0.200276
15 4131 0.0999787 -0.280635
8 925 0.202143 -0.195493
15 4255 0.11812 -0.271069
8 4862 0.221239 -0.1821
15 4862 0.100933 -0.263415
15 4138 0.0579672 -0.254806
8 4863 0.250838 -0.17636
15 4863 0.129578 -0.261502
8 3416 0.233651 -0.17349
8 4654 0.204052 -0.16201
15 4148 0.11812 -0.238542
8 4669 0.232697 -0.15053
15 3424 0.162996 -0.238542
8 4864 0.270889 -0.134267
15 4864 0.152493 -0.220366
8 4865 0.244154 -0.12757
15 4865 0.127668 -0.210799
8 4866 0.235561 -0.122787
15 4866 0.119075 -0.206016
8 4867 0.204052 -0.119917
15 4867 0.0894758 -0.199319
15 4171 0.121939 -0.202189
15 4301 -0.143497 -0.175403
8 4868 0.184002 -0.11035
15 4868 0.0694249 -0.191666
15 4179 -0.134904 -0.17349
15 81 -0.0995758 -0.171576
8 4869 -0.0241461 -0.100784
15 4869 -0.140632 -0.16488
8 4870 -0.0212817 -0.100784
15 4870 -0.137768 -0.16488
8 1985 -0.00886922 -0.0816507
8 4871 0.136261 -0.0797374
15 4871 0.0255038 -0.158183
8 4872 0.29094 -0.0376444
15 4872 0.179228 -0.129484
15 3631 -0.346871 -0.0242513
8 2620 0.266115 0.014015
15 4224 -0.320518 0.015163
15 4227 -0.308678 0.0398448
15 4228 -0.304859 0.0417581
15 4229 -0.322046 0.0484547
15 202 -0.309633 0.0455847
15 3463 -0.322046 0.0513246
15 3159 -0.322046 0.0551513
8 4873 -0.265712 0.086721
15 4873 -0.366349 0.0622306
8 4874 -0.236113 0.086721
15 4874 -0.333503 0.0580212
8 212 -0.226565 0.0991575
15 4233 -0.317272 0.0675878
8 3663 0.418884 0.13551
8 4875 0.444664 0.173777
15 4875 0.33868 0.0656745
8 3792 0.432251 0.177603
8 4876 0.441799 0.17856
15 4876 0.336771 0.0695011
15 5 0.0919583 -0.282166
8 4253 0.228305 -0.196067
15 4254 0.117165 -0.277804
8 2530 0.254657 -0.191475
15 4256 0.0587311 -0.260354
15 4258 0.0621684 -0.258058
15 4261 0.0575853 -0.254614
8 4877 0.217993 -0.168515
15 4877 0.0976872 -0.250022
15 1319 0.101124 -0.247726
15 4267 0.102843 -0.241412
8 4878 0.235179 -0.158183
15 4878 0.116019 -0.240838
8 4879 0.237471 -0.154739
15 4879 0.118311 -0.238542
8 932 0.260386 -0.153591
8 4373 0.234033 -0.151295
8 4880 0.282156 -0.146703
15 4880 0.162996 -0.235098
15 4279 0.126331 -0.225915
8 3427 0.269552 -0.138667
8 4881 0.282156 -0.136371
15 4881 0.162996 -0.222471
8 4882 0.198515 -0.128336
15 4882 0.0839379 -0.208695
15 4287 0.113728 -0.208695
8 4883 0.242054 -0.123744
15 4883 0.125186 -0.207547
15 4291 0.156121 -0.209843
15 4801 0.175599 -0.210991
15 4296 0.12404 -0.199511
15 4305 0.0587311 -0.185735
15 4306 0.0894758 -0.184013
8 4187 0.231742 -0.0973398
8 4884 0.136643 -0.08012
15 4884 0.0250455 -0.159331
8 4401 0.112582 -0.0583082
8 4885 0.271844 -0.0491243
15 4885 0.160704 -0.137519
8 4886 0.111436 -0.0433844
15 4886 0.00373423 -0.1203
15 4315 -0.113134 -0.104228
8 4887 -0.236877 -0.0364964
15 4887 -0.351454 -0.0674921
8 500 0.284447 -0.0342004
8 1085 0.278718 -0.0330524
8 4888 0.294759 -0.0273125
15 4888 0.184765 -0.1203
8 4889 0.298196 -0.0227206
15 4889 0.187057 -0.116856
8 4890 0.297051 -0.00435274
15 4890 0.187057 -0.0984878
15 3655 -0.354891 -0.0250166
8 4891 -0.208233 0.0656745
15 4891 -0.30906 0.0312349
15 1853 -0.305623 0.0427147
15 4336 -0.299894 0.0438627
8 4892 0.415065 0.129962
15 4892 0.309081 0.0264516
8 4893 0.218909 -0.230966
15 4893 0.0937915 -0.314998
15 4352 0.0745427 -0.312243
15 4353 0.0896668 -0.308111
8 992 0.209285 -0.202036
15 4359 0.0525439 -0.265405
15 1795 0.0525439 -0.261273
8 4894 0.236783 -0.181373
15 4894 0.11579 -0.264028
15 4373 0.114415 -0.235098
8 4895 0.282156 -0.151066
15 4895 0.162538 -0.239231
15 4374 0.11854 -0.230966
8 4896 0.216159 -0.144178
15 4896 0.0992912 -0.226833
15 4376 0.110291 -0.22821
15 4377 0.162538 -0.229588
15 4379 0.133664 -0.225455
15 4805 0.150163 -0.224078
15 4385 0.11854 -0.208924
15 3434 0.0662931 -0.200659
15 4829 0.11304 -0.202036
15 4397 0.0882918 -0.184128
15 3481 -0.14132 -0.164842
8 1440 0.234033 -0.101473
8 4897 0.179037 -0.0863192
15 4897 0.0662931 -0.167597
15 2749 -0.120696 -0.138667
8 473 0.00854646 -0.0477467
15 4416 0.183161 -0.120759
15 4418 -0.348658 -0.0364505
15 489 -0.377806 0.0101119
15 496 -0.332434 0.00873432
8 4898 -0.22794 0.0473067
15 4898 -0.331059 0.0142447
8 4899 -0.208691 0.0652153
15 4899 -0.30906 0.0296736
15 3152 -0.31456 0.0459291
15 366 -0.300811 0.0428985
15 4430 0.305071 0.017459
8 4900 0.416898 0.118941
15 4900 0.3108 0.017459
15 3677 0.324778 0.0211326
15 4818 0.313091 0.0266429
15 3644 0.308508 0.0335309
8 4901 0.423772 0.140983
15 4901 0.31882 0.0381228
15 4433 0.305071 0.0427147
8 4242 0.418273 0.152003
15 2640 0.0621684 -0.287722
8 4440 0.242008 -0.196802
15 743 0.129814 -0.266232
15 4442 0.118265 -0.261273
15 4443 0.113315 -0.25466
15 1682 0.100116 -0.248048
15 4445 0.105066 -0.248048
8 4902 0.218909 -0.150515
15 4902 0.100116 -0.231517
15 4450 0.116615 -0.231517
15 4456 0.110016 -0.223251
8 4903 0.251907 -0.140596
15 4903 0.134764 -0.224904
15 4469 0.146039 -0.195148
8 306 0.169412 -0.0976153
8 4684 -0.017027 -0.0860436
15 4807 -0.119321 -0.117453
8 4904 0.276656 -0.0364505
15 4904 0.166112 -0.127371
8 341 0.101766 -0.0331443
8 4905 0.304704 -0.0182664
15 4905 0.178982 -0.151837
15 475 -0.361857 -0.0232256
8 4906 0.288205 0.00653023
15 4906 0.179037 -0.0849416
15 4485 0.157863 -0.0777781
15 625 -0.343708 -0.00338843
8 4426 -0.215016 0.0561233
8 3703 -0.210066 0.0627357
15 638 -0.321929 0.0445516
8 4907 0.410298 0.105716
15 4907 0.302779 0.00460156
8 4908 0.411948 0.118941
15 4908 0.305529 0.0169998
8 1497 0.218579 -0.231186
8 4686 0.184921 -0.207381
8 4687 0.242338 -0.197463
8 4909 0.252237 -0.191512
15 4909 0.129814 -0.277804
8 4910 0.220559 -0.181593
15 4910 0.0997862 -0.264909
8 4911 0.230459 -0.171674
15 4911 0.111666 -0.254991
8 4912 0.224519 -0.167707
15 4912 0.105726 -0.24904
8 4913 0.0106914 -0.159772
15 4913 -0.110082 -0.229202
8 4914 0.226499 -0.157788
15 4914 0.107706 -0.239121
8 4915 0.238378 -0.157788
15 4915 0.119585 -0.241105
8 3802 0.20868 -0.14787
8 4690 0.234418 -0.14787
8 4916 0.272036 -0.14787
15 4916 0.153243 -0.23317
15 4507 0.123545 -0.227219
15 3694 0.161163 -0.229202
15 4510 0.109686 -0.223251
8 4691 0.252237 -0.139935
8 3550 0.21462 -0.137951
8 4917 0.283916 -0.124065
15 4917 0.167102 -0.209365
15 4470 -0.147699 -0.173658
15 412 -0.13384 -0.173658
15 1578 0.0087115 -0.133984
15 3692 0.139714 -0.143902
8 794 0.129485 -0.0486834
15 4524 0.161163 -0.137951
8 4918 -0.0368259 -0.0407485
15 4918 -0.14572 -0.104228
15 4535 -0.345688 -0.00305777
8 4919 0.408648 0.111998
15 4919 0.301405 0.00983643
8 4920 0.414588 0.129852
15 4920 0.309654 0.0286818
8 4921 0.232439 -0.235947
15 4921 0.106518 -0.319263
8 4698 0.201552 -0.20024
15 4544 0.0590006 -0.271654
8 2926 0.256197 -0.176435
8 4702 0.218183 -0.169294
15 4546 0.163539 -0.247849
8 4712 0.246694 -0.155011
8 4922 0.20868 -0.140728
15 4922 0.0922627 -0.224045
15 4551 0.104142 -0.216903
15 3709 0.108894 -0.212142
15 4552 0.13978 -0.214523
8 3821 0.182546 -0.121684
15 3578 0.151659 -0.20024
8 4693 -0.0312822 -0.109782
15 1258 -0.133444 -0.174055
15 3558 0.0851352 -0.190718
8 3822 0.206304 -0.107402
15 3580 0.151263 -0.189528
8 4923 0.201552 -0.10026
15 4923 0.087511 -0.183577
15 4563 -0.10731 -0.152631
8 4924 0.282332 -0.0859774
15 4924 0.16829 -0.174055
15 686 -0.3544 -0.0859774
8 4925 0.127901 -0.0407485
15 4925 0.018611 -0.119304
8 714 0.106518 -0.0312266
8 2251 0.227687 -0.0312266
8 4926 -0.237982 -0.0121829
15 4926 -0.349648 -0.0455094
15 3721 0.113645 -0.0978797
8 4927 0.294211 -0.00742194
15 4927 0.184921 -0.10026
8 4575 0.265701 0.0116219
8 4928 0.398749 0.137787
15 4928 0.293815 0.034633
15 4846 0.296587 0.0401875
15 4576 0.0917876 -0.325929
15 4810 0.106043 -0.320216
8 4929 0.240041 -0.231662
15 4929 0.114596 -0.314502
8 4930 0.185872 -0.205953
15 4930 0.0632772 -0.285937
8 4931 0.202978 -0.20024
15 4931 0.0803835 -0.28308
8 4932 0.251446 -0.19167
15 4932 0.128851 -0.277367
8 4933 0.183021 -0.171674
15 4933 0.0661283 -0.245945
8 4934 0.220084 -0.168818
15 4934 0.100341 -0.251658
15 1094 0.137404 -0.251658
8 4935 0.245743 -0.154535
15 4935 0.126 -0.240232
8 4936 0.228637 -0.137395
15 4936 0.111745 -0.223092
8 3373 0.231488 -0.128826
8 4714 0.220084 -0.125969
8 4937 0.183021 -0.123113
15 4937 0.0689793 -0.203096
15 4553 0.0946386 -0.203096
8 4704 -0.030807 -0.10883
8 1529 0.174468 -0.10883
8 4938 0.00340546 -0.10026
15 4938 -0.110636 -0.165961
15 3255 0.0661283 -0.168818
15 842 -0.116338 -0.148822
8 1282 0.197276 -0.0774077
8 4939 0.000554417 -0.0631249
15 4939 -0.110636 -0.128826
15 4591 -0.333017 -0.0945471
8 1737 0.268552 -0.0545552
8 4940 0.29136 -0.0516986
15 4940 0.177319 -0.143109
8 4941 0.128851 -0.0488421
15 4941 0.0205117 -0.125969
15 3717 0.144532 -0.138348
15 2459 -0.34157 -0.0745511
8 4719 0.0176606 -0.0402723
8 4942 0.288509 -0.0317027
15 4942 0.177319 -0.123113
8 4943 0.302764 -0.0174199
15 4943 0.191574 -0.111686
8 3610 0.302764 -0.0117067
15 1540 0.157361 -0.0774077
15 872 -0.318762 0.0539942
8 4944 0.385444 0.15683
15 4944 0.282807 0.0511377
8 4721 0.217233 -0.240232
15 2456 0.118017 -0.295078
15 4601 0.121438 -0.284794
15 3727 0.059856 -0.274511
15 3604 0.0530135 -0.267655
8 4722 0.227497 -0.188814
15 4602 0.121438 -0.253943
15 1877 0.135123 -0.253943
15 1123 0.0838047 -0.216237
8 4945 0.234339 -0.123684
15 4945 0.118017 -0.205953
8 4946 0.0256435 -0.1134
15 4946 -0.0906787 -0.181958
8 4947 -0.0325176 -0.109972
15 4947 -0.14884 -0.175102
8 4948 0.227497 -0.0894052
15 4948 0.114596 -0.175102
8 4949 -0.00172639 -0.0825495
15 4949 -0.114627 -0.147679
8 4731 0.032486 -0.0791216
15 3730 0.0666984 -0.161391
15 4609 0.176178 -0.154535
15 4610 0.134553 -0.145965
8 1132 0.00169483 -0.0551265
8 4734 -0.0359388 -0.041415
15 3611 0.183021 -0.0996889
16 5 0.0952046 -0.272025
8 3415 0.179228 -0.174446
8 4950 0.23938 -0.17349
16 4950 0.125186 -0.244282
8 4739 0.228877 -0.16775
16 2330 0.155357 -0.231846
16 4669 0.120602 -0.221323
8 4951 0.256567 -0.146703
16 4951 0.147719 -0.219409
8 4280 0.226968 -0.140007
16 4153 0.137789 -0.213287
16 4158 0.103416 -0.202955
16 4865 0.134352 -0.198363
16 3441 0.16777 -0.19071
16 4176 0.159177 -0.1821
16 3490 0.0904306 -0.145747
16 4800 -0.0976662 -0.1247
16 4189 0.0186292 -0.129483
16 4195 -0.111988 -0.119917
8 2589 0.12003 -0.0386011
16 2620 0.168725 -0.0615609
16 4231 0.289985 0.0149717
8 4952 0.434161 0.0962875
16 4952 0.310991 0.0207116
16 4837 0.325313 0.0274082
8 4953 0.429387 0.134554
16 4953 0.309081 0.0570646
8 4954 0.41411 0.13551
16 4954 0.299533 0.0561079
16 3647 0.310991 0.0695011
8 3666 0.429387 0.17856
16 4876 0.324358 0.0972442
8 4955 0.452302 0.17856
16 4955 0.333715 0.0966702
8 4956 0.222576 -0.23969
16 4956 0.105707 -0.312014
16 4246 0.0992912 -0.287447
8 3928 0.236325 -0.181143
8 4957 0.235179 -0.170811
16 4957 0.119915 -0.241986
8 4958 0.25122 -0.170811
16 4958 0.137789 -0.243364
8 1188 0.256949 -0.170811
16 4881 0.16987 -0.208695
16 4283 0.173308 -0.208695
16 4295 0.114874 -0.191475
8 88 0.204243 -0.115708
16 936 -0.106259 -0.167367
16 4187 0.12404 -0.168974
8 4663 -0.00314036 -0.0537163
8 4959 0.117165 -0.0502723
16 4959 0.0235942 -0.120874
16 2480 0.137789 -0.107672
8 4960 0.306217 -0.0181286
16 4960 0.209972 -0.0961918
16 4890 0.200806 -0.082416
16 4336 -0.30104 0.0283649
16 3659 0.300488 0.014015
16 956 0.305262 0.0235816
16 1887 0.3129 0.0235816
16 3661 0.311946 0.0455847
16 4791 0.303352 0.0494113
8 3641 0.425377 0.13111
16 3664 0.311946 0.0618479
8 4961 0.411627 0.141442
16 4961 0.295714 0.0637612
8 4962 0.418502 0.151774
16 4962 0.301443 0.0723711
8 3926 0.444855 0.174733
16 992 0.0951665 -0.274497
8 1060 0.253282 -0.192393
16 4358 0.128165 -0.261273
16 1795 0.0635433 -0.253007
16 3503 0.147413 -0.244742
16 4370 0.121565 -0.229864
8 4963 0.184536 -0.146933
16 4963 0.0759176 -0.21719
16 2618 0.169412 -0.207547
8 1649 0.30003 -0.133157
16 4828 0.170634 -0.194536
8 4755 0.223034 -0.120759
16 4390 0.12679 -0.192393
16 4397 0.0951665 -0.173107
8 4308 -0.017577 -0.0863192
8 4964 0.136414 -0.0808088
16 4964 0.0374198 -0.151066
8 609 0.261532 -0.0752985
8 4965 0.11579 -0.0546346
16 4965 0.0236706 -0.124892
16 1345 -0.328859 -0.0992684
16 4479 0.194161 -0.109187
8 2764 0.220284 -0.00917433
16 4793 0.299342 0.0128671
8 4966 0.410023 0.099655
16 4966 0.289985 0.0245383
16 4900 0.300488 0.0417581
8 4967 0.436147 0.123074
16 4967 0.315383 0.0461587
16 4818 0.300488 0.0507507
16 3678 0.31882 0.0507507
16 4841 0.31882 0.0714144
16 4242 0.300488 0.0725624
8 4968 0.418273 0.154758
16 4968 0.302398 0.0752411
16 4856 0.311946 0.0978182
8 4969 0.217259 -0.246395
16 4969 0.100116 -0.319131
16 3693 0.146314 -0.251354
8 4970 0.248608 -0.155474
16 4970 0.139714 -0.22821
16 996 0.149613 -0.22821
8 4971 0.232109 -0.152168
16 4971 0.119915 -0.221598
16 252 0.147963 -0.219945
16 4454 0.136414 -0.214986
8 4972 0.273356 -0.142249
16 4972 0.162813 -0.214986
16 4465 0.0731677 -0.191016
8 2098 0.223859 -0.120759
16 3537 0.126515 -0.172005
8 4973 0.278306 -0.0331443
16 4973 0.182611 -0.109187
8 3938 -0.233165 -0.028185
16 635 0.124865 -0.0827374
16 4485 0.167762 -0.061247
8 3676 0.416898 0.0858792
16 4843 0.298655 0.0128671
8 4974 0.410298 0.099104
16 4974 0.290176 0.023199
8 4975 0.426797 0.117288
16 4975 0.305529 0.0404188
16 4808 0.306904 0.0473067
16 4809 0.311029 0.0679705
8 737 0.238378 -0.23317
8 4689 0.256197 -0.171674
16 4502 0.121565 -0.223251
8 4976 0.184921 -0.14787
16 4976 0.0770175 -0.216639
8 1034 0.224519 -0.130016
16 3554 0.0760276 -0.191512
16 3560 0.157863 -0.183577
16 4470 -0.13252 -0.173658
16 3686 0.0898868 -0.177626
16 3561 0.103746 -0.173658
8 4977 0.232439 -0.10026
16 4977 0.125525 -0.171674
8 3956 0.232439 -0.0923254
16 1476 0.0968164 -0.148862
16 3692 0.152913 -0.129024
8 3697 -0.238774 -0.0288462
8 698 -0.232835 -0.0288462
16 2402 0.20868 -0.0962928
8 4764 0.295795 -0.0109926
8 4978 0.301735 -0.0109926
16 4978 0.2067 -0.0883579
8 4979 0.287875 0.0048771
16 4979 0.190861 -0.0711656
8 3588 0.260157 0.012812
8 1114 -0.236794 0.0981121
16 4821 0.298105 0.0428985
16 2926 0.146908 -0.25023
16 4547 0.106518 -0.224045
8 2332 -0.0384098 -0.131206
8 4980 0.20868 -0.124065
16 4980 0.103192 -0.194527
16 3578 0.158787 -0.185957
16 4560 -0.085927 -0.157391
16 690 -0.100182 -0.14787
16 1879 0.161163 -0.15025
8 1274 -0.235606 -0.0455094
8 4981 0.018611 -0.0359875
16 4981 -0.0740477 -0.102641
8 698 -0.233231 -0.0288461
16 4927 0.196801 -0.0835969
8 1079 -0.252237 0.00448046
16 4833 0.192049 -0.0716946
16 4575 0.16829 -0.0621727
16 4859 -0.318762 -0.00266096
16 4846 0.288205 0.0643888
16 4847 0.275204 0.0687531
16 3373 0.123149 -0.20024
16 4583 0.131702 -0.19167
16 1127 0.145957 -0.19167
16 4586 -0.0906787 -0.161391
16 1282 0.0970145 -0.15025
8 846 -0.00799868 -0.0745511
16 4591 -0.330166 -0.10883
8 3102 0.128851 -0.0402723
16 3610 0.20868 -0.0888339
8 4982 0.294211 -0.00599361
16 4982 0.197276 -0.0831208
8 3037 -0.193316 0.00828922
8 4983 0.382593 0.162544
16 4983 0.268552 0.0854164
16 1149 0.0872259 -0.274511
16 4722 0.114596 -0.260799
16 758 0.162493 -0.192242
16 4948 0.12486 -0.161391
8 4777 0.289079 -0.0311314
8 4984 0.0119586 -0.0277035
16 4984 -0.080415 -0.0928331
17 4849 0.231742 -0.510616
8 4985 0.291895 -0.449964
17 4985 0.232697 -0.492056
17 5 0.115256 -0.234716
8 4986 0.235561 -0.181143
17 4986 0.138171 -0.215583
8 4987 0.251793 -0.166793
17 4987 0.157267 -0.201233
17 3473 0.145809 -0.177699
8 3430 0.255612 -0.132353
8 1329 0.255612 -0.128527
17 4184 0.105707 -0.142877
8 2679 0.256567 -0.0979138
17 126 -0.323955 -0.10461
17 149 -0.069022 -0.0816507
17 3626 -0.319181 -0.0768674
17 349 0.197369 -0.0711274
17 4216 -0.380289 -0.0548643
17 2338 -0.309633 0.00827509
17 4952 0.307172 0.0551513
17 4837 0.320539 0.0628045
17 4875 0.322448 0.128814
17 3666 0.309081 0.13264
8 3667 0.437025 0.17856
17 4876 0.318629 0.133597
17 4955 0.330278 0.133406
17 1843 0.231742 -0.515208
8 3501 0.238616 -0.235098
8 3184 0.0266496 -0.175403
17 4267 0.125186 -0.194919
8 4277 -0.0352218 -0.144407
17 3474 0.177318 -0.175403
8 3619 0.209972 -0.132927
8 4293 0.235179 -0.122596
8 2705 0.231742 -0.100784
8 2989 0.00488001 -0.0583082
17 4316 0.0312327 -0.077824
17 1085 0.196911 -0.0711657
17 4960 0.226013 -0.0583082
17 4330 -0.354891 0.000239202
17 4336 -0.280034 0.0360181
8 4988 -0.266667 0.0874863
17 4988 -0.342058 0.043174
17 4855 0.302398 0.0513246
17 1355 0.305262 0.0570646
17 3661 0.309081 0.080981
8 4989 0.42996 0.128814
17 4989 0.306217 0.0857643
17 4815 0.303352 0.0953309
8 4990 0.441417 0.179325
17 4990 0.323403 0.133597
17 4346 0.231284 -0.511993
8 4991 0.29178 -0.450002
17 4991 0.232659 -0.491329
8 4992 0.271156 -0.141423
17 4992 0.176287 -0.17724
17 3481 -0.0986973 -0.140045
17 274 -0.0753237 -0.140045
17 4400 -0.322809 -0.104228
8 1241 -0.001078 -0.0560122
17 473 -0.0588246 -0.0876967
17 3518 -0.318685 -0.076676
17 4415 -0.320136 -0.0644308
17 4481 0.141914 -0.0532571
17 3522 -0.299436 -0.000908798
17 1627 0.299342 0.0507507
17 4900 0.295714 0.0771544
17 4840 0.309654 0.0978182
17 4968 0.300488 0.110637
17 4831 0.313779 0.132717
8 4993 0.21231 -0.181924
17 4993 0.114415 -0.215812
17 252 0.164462 -0.181924
17 4456 0.135039 -0.175862
17 4460 0.159788 -0.168974
17 280 0.113315 -0.153821
17 4483 0.218909 -0.0463691
8 3544 -0.299161 0.0594295
17 4975 0.304154 0.0748584
8 4994 0.426797 0.137125
17 4994 0.306904 0.0941446
17 4844 0.296455 0.0974509
8 4995 0.421848 0.155309
17 4995 0.299755 0.110676
8 4083 0.234418 -0.143902
17 4470 -0.104197 -0.146933
17 1038 -0.0883029 -0.124065
8 2601 -0.240754 -0.080423
17 2867 -0.0605845 -0.0923254
17 2402 0.224519 -0.058602
17 3040 0.142156 -0.0550313
8 3397 0.293815 -0.00702524
17 4698 0.108894 -0.233566
17 676 0.127505 -0.169691
17 2332 -0.112062 -0.169294
8 4772 0.227687 -0.119304
17 4561 -0.324464 -0.123113
8 3382 0.149283 -0.0669337
17 4581 0.128851 -0.168818
17 3373 0.143106 -0.165961
17 4937 0.0946386 -0.159772
17 840 0.177319 -0.151678
17 3713 0.106518 -0.145489
8 861 0.294211 -0.0631249
17 3610 0.222935 -0.0516986
8 1786 0.237761 -0.147679
8 4996 0.230918 -0.137395
17 4996 0.131702 -0.171674
8 3978 0.268552 -0.103117
8 894 -0.0222539 -0.068838
17 1565 0.032486 -0.0756937
17 4613 -0.319902 -0.0619822
17 4616 0.141966 -0.0516986
10 123 -0.0193721 -0.416481
10 1604 -0.0136433 -0.402131
9 4997 -0.00505 -0.384911
10 4997 0.0207298 -0.385868
9 4998 -0.0241461 -0.383954
10 4998 0.000678838 -0.385868
9 1504 -0.00314039 -0.383954
9 4999 -0.0193721 -0.380128
10 4999 0.00640767 -0.382041
9 5000 -0.0060048 -0.377258
10 5000 0.0188202 -0.378214
9 5001 -0.000275968 -0.377258
10 5001 0.024549 -0.377258
9 5002 -0.0556547 -0.372474
10 5002 -0.029875 -0.375344
9 5003 -0.00123077 -0.372474
10 5003 0.0235942 -0.374388
9 5004 -0.044197 -0.371518
10 5004 -0.0203269 -0.374388
9 5005 -0.0632932 -0.370561
10 5005 -0.0365586 -0.374388
9 5006 -0.0480163 -0.369604
10 5006 -0.0241461 -0.372474
9 5007 -0.0422874 -0.368648
10 5007 -0.0184173 -0.371518
9 5008 0.0274134 -0.367691
10 5008 0.0551028 -0.366734
9 1983 -0.0107788 -0.366734
9 5009 -0.0518355 -0.365778
10 5009 -0.0279653 -0.368648
9 5010 -0.0461067 -0.365778
10 5010 -0.0222365 -0.368648
9 5011 -0.034649 -0.365778
10 5011 -0.0117336 -0.368648
9 5012 0.0369615 -0.365778
10 5012 0.063696 -0.364821
9 5013 0.0436451 -0.364821
10 5013 0.0713345 -0.363673
9 5014 -0.00695961 -0.363864
10 5014 0.0169105 -0.365778
9 5015 -0.0566095 -0.362908
10 5015 -0.0308298 -0.364821
9 5016 -0.0145981 -0.362908
10 5016 0.00927209 -0.363864
9 5017 0.00258845 -0.362908
10 5017 0.0283682 -0.363864
9 5018 -0.0508807 -0.360038
10 5018 -0.0260557 -0.362908
9 2506 0.00736248 -0.359081
9 5019 -0.0508807 -0.355255
10 5019 -0.0270105 -0.358125
9 5020 -0.0241461 -0.355255
10 5020 -0.000275968 -0.357168
9 5021 -0.0422874 -0.354298
10 5021 -0.0203269 -0.357168
9 5022 0.0169105 -0.354298
10 5022 0.0436451 -0.353341
9 5023 0.0207298 -0.354298
10 5023 0.0474643 -0.353341
9 5024 -0.0136433 -0.353341
10 5024 0.0102269 -0.355255
9 995 -0.00791441 -0.350471
9 5025 -0.00505 -0.350471
10 5025 0.0216846 -0.351428
9 5026 0.000678838 -0.350471
10 5026 0.0264586 -0.350471
9 5027 0.00354326 -0.347601
10 5027 0.029323 -0.348558
9 5028 0.00831729 -0.347601
10 5028 0.034097 -0.348558
9 5029 0.0255038 -0.347601
10 5029 0.0522384 -0.347601
9 5030 -0.0145981 -0.346645
10 5030 0.0111817 -0.347601
9 5031 -0.029875 -0.345688
10 5031 -0.00505 -0.348558
9 5032 -0.0193721 -0.345688
10 5032 0.00545287 -0.346645
9 5033 -0.0757056 -0.344731
10 5033 -0.0499259 -0.348558
10 4796 0.0360067 -0.343775
9 4622 -0.0327394 -0.343775
9 5034 0.00545287 -0.342818
10 5034 0.0312326 -0.343775
9 5035 -0.0776152 -0.341861
10 5035 -0.0508807 -0.344731
9 5036 0.00831729 -0.341861
10 5036 0.0350519 -0.341861
9 2371 -0.0174625 -0.340905
9 5037 -0.0757056 -0.338035
10 5037 -0.0499259 -0.341861
9 5038 -0.0241461 -0.338035
10 5038 0.000678838 -0.339948
9 5039 -0.0174625 -0.338035
10 5039 0.00736248 -0.338991
10 3163 0.0159557 -0.338035
9 5040 -0.0155529 -0.335165
10 5040 0.00927209 -0.335165
9 5041 0.019775 -0.333251
10 5041 0.0465095 -0.333251
9 5042 -0.0136433 -0.331338
10 5042 0.0111817 -0.332295
9 5043 -0.00695961 -0.328468
10 5043 0.0178653 -0.329425
10 3234 0.00449806 -0.327512
10 652 0.0130913 -0.326555
9 5044 -0.0776152 -0.324642
10 5044 -0.0527903 -0.328468
9 5045 -0.0212817 -0.323685
10 5045 0.00258845 -0.324642
9 5046 -0.0174625 -0.316988
10 5046 0.00640767 -0.317945
9 5047 0.245109 -0.316032
10 5047 0.273906 -0.305355
9 5048 0.247974 -0.315075
10 5048 0.278527 -0.303595
9 7 -0.044197 -0.309335
9 5049 -0.0060048 -0.308378
10 5049 0.0186292 -0.30857
9 5050 -0.0241461 -0.306465
10 5050 -0.00123077 -0.308378
9 5051 -0.0184173 -0.306465
10 5051 0.00488001 -0.307422
9 2711 -0.0117336 -0.303595
9 5052 -0.0279653 -0.298812
10 5052 -0.00314039 -0.300725
9 5053 -0.0260557 -0.279679
10 5053 0.0014427 -0.27987
9 5054 0.000678838 -0.279679
10 5054 0.0283682 -0.278722
9 5055 -0.0060048 -0.276809
10 5055 0.019775 -0.275852
9 5056 0.00545287 -0.268199
10 5056 0.0321874 -0.267242
9 5057 -0.0184173 -0.266285
10 5057 0.00831729 -0.266285
9 5058 0.000678838 -0.266285
10 5058 0.0274134 -0.265329
9 5059 0.206917 -0.266285
10 5059 0.233651 -0.255762
9 5060 0.209781 -0.264372
10 5060 0.236325 -0.253466
9 5061 0.21551 -0.262459
10 5061 0.24129 -0.251936
9 5062 0.221239 -0.260546
10 5062 0.247019 -0.250022
9 5063 0.225058 -0.259589
10 5063 0.250838 -0.248109
9 5064 -0.101485 -0.258632
10 5064 -0.0785701 -0.263415
9 5065 0.213601 -0.258632
10 5065 0.23938 -0.248109
9 5066 0.216465 -0.258632
10 5066 0.242245 -0.248109
9 5067 0.211691 -0.257676
10 5067 0.237471 -0.247152
9 5068 0.242245 -0.254806
10 5068 0.268024 -0.242369
9 5069 0.26516 -0.254806
10 5069 0.292849 -0.241412
9 5070 0.21551 -0.253849
10 5070 0.24129 -0.243326
9 5071 0.234606 -0.253849
10 5071 0.259431 -0.241412
9 5072 0.246064 -0.253849
10 5072 0.271844 -0.242369
9 5073 0.258476 -0.253849
10 5073 0.285593 -0.240838
9 5074 0.254657 -0.250979
10 5074 0.280437 -0.237586
9 5075 0.250838 -0.250022
10 5075 0.275663 -0.237586
9 5076 0.257522 -0.249066
10 5076 0.284256 -0.235672
9 5077 0.251793 -0.248109
10 5077 0.277573 -0.235098
10 2653 0.247019 -0.236629
10 2341 0.264205 -0.233759
9 5078 -0.0556547 -0.245239
10 5078 -0.029493 -0.246578
9 5079 0.246064 -0.238542
10 5079 0.272989 -0.225915
9 5080 0.223149 -0.234716
10 5080 0.248928 -0.222279
9 5081 0.226013 -0.231846
10 5081 0.251793 -0.219409
9 5082 0.23938 -0.229932
10 5082 0.26516 -0.217496
10 915 0.247019 -0.217496
9 5083 0.224103 -0.228019
10 5083 0.250838 -0.215583
9 5084 0.231742 -0.228019
10 5084 0.255612 -0.215583
9 5085 0.0102269 -0.227063
10 5085 0.0360067 -0.225149
9 5086 0.194504 -0.226106
10 5086 0.221239 -0.216539
9 5087 0.232697 -0.226106
10 5087 0.257522 -0.213669
9 5088 -0.205559 -0.225149
10 5088 -0.190282 -0.234716
9 5089 0.224103 -0.225149
10 5089 0.251793 -0.212713
9 5090 -0.0852537 -0.224193
10 5090 -0.064248 -0.228019
10 4791 0.250838 -0.209843
10 4795 0.254657 -0.209843
10 984 -0.0661576 -0.225149
9 5091 0.203098 -0.221323
10 5091 0.227923 -0.210799
10 4794 0.247974 -0.208886
9 5092 0.226968 -0.221323
10 5092 0.254657 -0.209843
9 5093 0.233651 -0.221323
10 5093 0.258476 -0.208886
9 3748 0.216465 -0.219409
10 4341 0.251793 -0.206973
9 5094 0.236516 -0.219409
10 5094 0.261341 -0.206016
9 948 0.230787 -0.218453
9 5095 0.216465 -0.217496
10 5095 0.242245 -0.205059
9 5096 -0.136813 -0.216539
10 5096 -0.114853 -0.222279
9 5097 -0.113898 -0.216539
10 5097 -0.0919373 -0.221323
9 990 0.226968 -0.216539
9 5098 0.232697 -0.215583
10 5098 0.258476 -0.203146
9 5099 -0.138723 -0.214626
10 5099 -0.117717 -0.221323
9 5100 0.250838 -0.214626
10 5100 0.276618 -0.201233
9 5101 -0.143497 -0.213669
10 5101 -0.121536 -0.218453
9 5102 0.232697 -0.211756
10 5102 0.256567 -0.200276
9 5103 0.250838 -0.210799
10 5103 0.276618 -0.197406
9 320 0.253702 -0.210799
9 5104 0.257522 -0.210799
10 5104 0.283301 -0.197406
9 5105 -0.132994 -0.206973
10 5105 -0.111988 -0.212713
9 5106 -0.13013 -0.206016
10 5106 -0.109124 -0.210799
9 5107 -0.127265 -0.206016
10 5107 -0.106259 -0.211756
9 5108 0.223149 -0.206016
10 5108 0.247974 -0.19358
9 5109 0.226968 -0.204103
10 5109 0.251793 -0.191666
9 75 -0.207469 -0.202189
9 5110 -0.20365 -0.202189
10 5110 -0.187418 -0.212713
9 5111 0.195459 -0.202189
10 5111 0.220284 -0.19071
9 5112 0.198324 -0.202189
10 5112 0.223149 -0.19071
9 5113 0.201188 -0.202189
10 5113 0.226013 -0.19071
9 5114 0.212646 -0.202189
10 5114 0.237471 -0.189753
9 5115 -0.220836 -0.201233
10 5115 -0.205559 -0.212713
9 68 -0.217972 -0.199319
9 5116 -0.122491 -0.198363
10 5116 -0.101485 -0.203146
9 5117 -0.22752 -0.197406
10 5117 -0.212243 -0.208886
9 5118 -0.200785 -0.197406
10 5118 -0.184554 -0.207929
9 5119 0.240335 -0.19645
10 5119 0.266115 -0.183056
9 5120 -0.22752 -0.194536
10 5120 -0.213198 -0.206016
9 5121 0.190685 -0.19358
10 5121 0.214555 -0.184013
9 5122 0.237471 -0.19358
10 5122 0.262296 -0.181143
9 5123 -0.13013 -0.189753
10 5123 -0.109124 -0.195493
9 5124 0.19164 -0.189753
10 5124 0.21551 -0.178273
9 5125 -0.22752 -0.188796
10 5125 -0.213198 -0.200276
9 5126 -0.132994 -0.18497
10 5126 -0.111988 -0.189753
9 1021 -0.206514 -0.15627
9 5127 -0.22752 -0.148617
10 5127 -0.210333 -0.15914
9 5128 -0.212243 -0.148617
10 5128 -0.197921 -0.15914
9 5129 -0.217972 -0.145747
10 5129 -0.20174 -0.155313
9 5130 -0.213198 -0.145747
10 5130 -0.197921 -0.15627
9 5131 -0.216062 -0.140963
10 5131 -0.20174 -0.151487
9 729 -0.207469 -0.140007
9 5132 -0.239932 -0.138093
10 5132 -0.224655 -0.149573
9 5133 -0.222746 -0.13331
10 5133 -0.207469 -0.142877
9 809 -0.217017 -0.132353
10 949 -0.191237 -0.140007
9 5134 -0.220836 -0.129484
10 5134 -0.205559 -0.140007
10 3741 -0.20365 -0.13618
9 5135 -0.0478253 -0.398113
10 5135 -0.0222365 -0.402131
9 5136 -0.0363676 -0.395817
10 5136 -0.0111607 -0.399261
9 5137 -0.044388 -0.394669
10 5137 -0.0193721 -0.398304
9 5138 -0.0111607 -0.392373
10 5138 0.0151919 -0.393521
9 5139 -0.00657766 -0.387781
10 5139 0.019775 -0.388929
9 5140 0.000296922 -0.384337
10 5140 0.0264204 -0.385255
9 5141 -0.0237642 -0.383189
10 5141 0.0014427 -0.385485
10 224 -0.0272015 -0.383189
9 5142 -0.0191811 -0.379745
10 5142 0.00602576 -0.382041
9 5143 -0.0409507 -0.376301
10 5143 -0.0168896 -0.378597
10 1211 0.0186292 -0.377449
9 5144 -0.000848828 -0.376301
10 5144 0.024358 -0.377449
9 5145 0.0381072 -0.372857
10 5145 0.0656056 -0.371709
9 5146 -0.044388 -0.370561
10 5146 -0.0203269 -0.374005
9 5147 -0.00772344 -0.370561
10 5147 0.0174834 -0.371709
9 5148 -0.048971 -0.369413
10 5148 -0.0249099 -0.372857
9 5149 -0.00428614 -0.369413
10 5149 0.0207298 -0.369604
9 5150 -0.0420965 -0.368265
10 5150 -0.0180353 -0.371709
9 5151 0.0266496 -0.367117
10 5151 0.054148 -0.365969
10 3162 -0.034649 -0.369604
9 242 -0.0466795 -0.365969
9 5152 -0.0352218 -0.365969
10 5152 -0.0123065 -0.368265
9 5153 -0.0111607 -0.365969
10 5153 0.0117546 -0.367117
9 3621 0.0277953 -0.363673
9 5154 -0.044388 -0.362525
10 5154 -0.0214726 -0.364821
9 5155 0.0255038 -0.361377
10 5155 0.0518564 -0.359081
9 5156 -0.0501168 -0.360229
10 5156 -0.0260557 -0.362525
9 5157 0.00717154 -0.359081
10 5157 0.033295 -0.359081
9 5158 -0.0501168 -0.355637
10 5158 -0.0272015 -0.357933
9 5159 -0.0237642 -0.355637
10 5159 0.000296922 -0.357933
9 5160 -0.0420965 -0.354489
10 5160 -0.0191811 -0.357933
9 5161 0.0220665 -0.354489
10 5161 0.0484192 -0.353341
9 5162 -0.0718864 -0.353341
10 5162 -0.0466795 -0.357933
9 5163 0.0174834 -0.353341
10 5163 0.0438361 -0.353341
9 5164 -0.0741779 -0.352193
10 5164 -0.048971 -0.355637
9 5165 -0.0272015 -0.352193
10 5165 -0.00314036 -0.354489
9 5166 -0.00428614 -0.351045
10 5166 0.0186292 -0.352193
9 5167 -0.0764695 -0.348749
10 5167 -0.0508807 -0.352385
9 5168 -0.0432422 -0.348749
10 5168 -0.0203269 -0.350816
9 5169 0.00831731 -0.348749
10 5169 0.0346699 -0.348749
9 666 0.0255038 -0.348749
9 320 0.00373423 -0.347601
9 5170 -0.0718864 -0.346453
10 5170 -0.0466795 -0.349897
9 5171 -0.014598 -0.346453
10 5171 0.0117546 -0.347601
9 5172 -0.0306388 -0.345305
10 5172 -0.00543191 -0.347601
9 5173 -0.0191811 -0.345305
10 5173 0.00488001 -0.346453
9 1081 0.0277953 -0.344157
9 5174 -0.0329303 -0.343009
10 5174 -0.00772344 -0.345305
9 5175 -0.0776152 -0.341861
10 5175 -0.0512626 -0.345305
9 3051 -0.0707406 -0.339565
9 1986 0.0014427 -0.339565
9 5176 -0.0741779 -0.338417
10 5176 -0.0501168 -0.341861
9 5177 -0.0203269 -0.338417
10 5177 0.00488001 -0.339565
9 1585 -0.0168896 -0.338417
9 3108 -0.00886919 -0.337269
9 5178 0.0209207 -0.334973
10 5178 0.0470442 -0.334285
9 5179 -0.014598 -0.333825
10 5179 0.00946306 -0.334973
9 5180 -0.00543191 -0.333825
10 5180 0.019775 -0.333825
9 5181 -0.00657766 -0.329233
10 5181 0.0186292 -0.329233
9 5182 -0.0249099 -0.326938
10 5182 -0.000848828 -0.328085
9 5183 -0.0191811 -0.32579
10 5183 0.00488001 -0.326938
9 5184 -0.0123065 -0.32579
10 5184 0.0129004 -0.326938
10 971 0.00831731 -0.32579
9 5185 -0.0214726 -0.323494
10 5185 0.00258848 -0.324642
9 5186 -0.00314036 -0.313162
10 5186 0.0209207 -0.313621
9 5187 -0.0741779 -0.30857
10 5187 -0.0499259 -0.312205
9 5188 -0.0512626 -0.306274
10 5188 -0.0272015 -0.30857
9 5189 -0.0741779 -0.289054
10 5189 -0.0512626 -0.29135
9 5190 -0.014598 -0.289054
10 5190 0.0112963 -0.288824
9 101 -0.0260557 -0.27987
9 5191 0.0014427 -0.27987
10 5191 0.0277953 -0.278722
9 1084 -0.093656 -0.276426
9 5192 -0.00657766 -0.276426
10 5192 0.019775 -0.275278
9 5193 0.0014427 -0.271834
10 5193 0.0289411 -0.270686
9 5194 -0.044388 -0.269538
10 5194 -0.0184173 -0.271069
9 5195 0.207681 -0.267242
10 5195 0.234033 -0.25691
9 169 -0.0581372 -0.266094
9 5196 -0.0180353 -0.266094
10 5196 0.00831731 -0.266094
9 5197 0.219138 -0.263798
10 5197 0.245491 -0.252318
9 5198 0.209972 -0.261502
10 5198 0.237471 -0.250979
9 527 0.216847 -0.261502
9 5199 0.22143 -0.260354
10 5199 0.246637 -0.247726
9 5200 0.215701 -0.254614
10 5200 0.240908 -0.243134
9 5201 0.2432 -0.254614
10 5201 0.269552 -0.241986
9 5202 0.264969 -0.254614
10 5202 0.291322 -0.23969
9 5203 0.238616 -0.252318
10 5203 0.264969 -0.23969
9 5204 0.22945 -0.25117
10 5204 0.254657 -0.23969
9 5205 0.236325 -0.25117
10 5205 0.261532 -0.23969
9 5206 0.254657 -0.25117
10 5206 0.280781 -0.239231
9 5207 0.242054 -0.250022
10 5207 0.268406 -0.237394
9 5208 0.258095 -0.248874
10 5208 0.284906 -0.236476
10 1627 0.25924 -0.236246
10 1959 0.247783 -0.236246
9 5209 0.238616 -0.246578
10 5209 0.264969 -0.23395
9 5210 -0.123446 -0.241986
10 5210 -0.101485 -0.247152
9 5211 -0.120009 -0.23969
10 5211 -0.098239 -0.244282
9 5212 0.200806 -0.235098
10 5212 0.22945 -0.224767
10 1028 0.248928 -0.222471
9 5213 0.226013 -0.231654
10 5213 0.25122 -0.219027
9 5214 0.232888 -0.230506
10 5214 0.25924 -0.217879
9 5215 0.239762 -0.230506
10 5215 0.266115 -0.217879
9 5216 0.222576 -0.22821
10 5216 0.247783 -0.216731
9 5217 0.00946306 -0.227062
10 5217 0.0346699 -0.225455
9 5218 0.195077 -0.227062
10 5218 0.22143 -0.215583
9 5219 0.237471 -0.227062
10 5219 0.262678 -0.214435
9 5220 0.209972 -0.225915
10 5220 0.237471 -0.214435
9 5221 0.2432 -0.225915
10 5221 0.269552 -0.212139
9 5222 0.226013 -0.223619
10 5222 0.25122 -0.210991
9 5223 0.203098 -0.222471
10 5223 0.228305 -0.210991
9 5224 0.222576 -0.221323
10 5224 0.247783 -0.208695
9 5225 -0.141778 -0.220175
10 5225 -0.119321 -0.225455
9 5226 -0.111988 -0.220175
10 5226 -0.0902187 -0.224767
9 5227 0.236325 -0.219027
10 5227 0.261532 -0.206399
9 5228 0.21341 -0.217879
10 5228 0.23938 -0.205059
9 5229 0.231742 -0.217879
10 5229 0.256949 -0.205251
9 5230 -0.11428 -0.216731
10 5230 -0.0925102 -0.221323
9 5231 0.216847 -0.216731
10 5231 0.242054 -0.205251
9 5232 0.227159 -0.216731
10 5232 0.252366 -0.204103
9 5233 0.232888 -0.212139
10 5233 0.25924 -0.199511
9 5234 0.236325 -0.210991
10 5234 0.262678 -0.198363
9 5235 -0.128029 -0.206399
10 5235 -0.106259 -0.212139
9 5236 0.224867 -0.205251
10 5236 0.250074 -0.192623
9 5237 -0.130321 -0.204103
10 5237 -0.108551 -0.208695
9 5238 0.227159 -0.204103
10 5238 0.252366 -0.191475
9 5239 -0.208233 -0.201807
10 5239 -0.192192 -0.212139
9 5240 -0.20365 -0.201807
10 5240 -0.187609 -0.212139
9 5241 -0.199067 -0.201807
10 5241 -0.183026 -0.212139
9 5242 0.195077 -0.201807
10 5242 0.220284 -0.190327
9 5243 0.200806 -0.201807
10 5243 0.226013 -0.190327
9 5244 0.212264 -0.201807
10 5244 0.238616 -0.190327
10 4531 -0.210333 -0.211756
9 4179 -0.217399 -0.200659
9 5245 -0.132612 -0.199511
10 5245 -0.110842 -0.205251
9 5246 -0.1223 -0.198363
10 5246 -0.101676 -0.202955
9 5247 0.240908 -0.197215
10 5247 0.266115 -0.183439
9 5248 0.231742 -0.196067
10 5248 0.255803 -0.184587
9 5249 0.235179 -0.193771
10 5249 0.260386 -0.181143
9 5250 0.237471 -0.193771
10 5250 0.262678 -0.181143
9 279 0.235179 -0.191475
9 5251 -0.130321 -0.190327
10 5251 -0.109697 -0.194919
9 5252 -0.132612 -0.184587
10 5252 -0.111988 -0.190327
9 5253 -0.227711 -0.175403
10 5253 -0.211288 -0.186883
9 2654 -0.199067 -0.150147
9 5254 -0.227711 -0.148999
10 5254 -0.210524 -0.159331
9 5255 -0.212816 -0.148999
10 5255 -0.197921 -0.159331
9 5256 -0.20365 -0.147851
10 5256 -0.187609 -0.158183
9 5257 -0.216253 -0.140963
10 5257 -0.201358 -0.151295
9 872 -0.217399 -0.131779
9 5258 -0.21167 -0.128336
10 5258 -0.197921 -0.138667
9 5259 -0.0478253 -0.414185
10 5259 -0.0203269 -0.41694
9 660 -0.0450754 -0.403164
9 5260 -0.0478253 -0.397654
10 5260 -0.0217018 -0.401786
9 5261 -0.0368259 -0.396276
10 5261 -0.0107024 -0.399031
9 5262 -0.0285764 -0.396276
10 5262 -0.00245289 -0.399031
9 5263 -0.0107024 -0.392143
10 5263 0.0154211 -0.393521
9 5264 -0.00657766 -0.38801
10 5264 0.0195458 -0.389388
9 5265 -0.00520274 -0.385255
10 5265 0.0209207 -0.386633
9 5266 -0.0244516 -0.383878
10 5266 0.00167184 -0.385255
9 5267 -0.0203269 -0.381123
10 5267 0.00579661 -0.3825
9 5268 -0.00520274 -0.37699
10 5268 0.0195458 -0.378367
9 5269 -0.001078 -0.37699
10 5269 0.0236706 -0.378367
9 5270 -0.0560748 -0.372857
10 5270 -0.0299513 -0.375612
9 5271 -0.00795259 -0.371479
10 5271 0.016796 -0.371479
9 5272 -0.0643243 -0.370102
10 5272 -0.0382008 -0.372857
9 5273 -0.0492002 -0.370102
10 5273 -0.0244516 -0.372857
9 5274 -0.0423256 -0.368724
10 5274 -0.017577 -0.371479
9 5275 -0.069824 -0.367347
10 5275 -0.0432422 -0.370561
9 5276 0.0346699 -0.367347
10 5276 0.0621684 -0.365969
9 5277 -0.0519501 -0.365969
10 5277 -0.0285764 -0.368724
9 5278 -0.0478253 -0.365969
10 5278 -0.0244516 -0.368724
9 5279 -0.0368259 -0.365969
10 5279 -0.0134523 -0.368724
9 5280 -0.00795259 -0.364592
10 5280 0.016796 -0.365969
9 5281 0.00304677 -0.364592
10 5281 0.0291703 -0.364592
9 5282 0.0277953 -0.364592
10 5282 0.0552937 -0.363214
9 5283 -0.0134523 -0.363214
10 5283 0.0112963 -0.364592
9 5284 -0.0450754 -0.361836
10 5284 -0.0217018 -0.364592
9 5285 0.0250455 -0.360459
10 5285 0.051169 -0.359081
9 5286 -0.0519501 -0.359081
10 5286 -0.0272015 -0.361836
9 5287 -0.0217018 -0.359081
10 5287 0.00167184 -0.360459
9 5288 -0.069824 -0.357704
10 5288 -0.0437005 -0.360459
9 5289 -0.0258266 -0.354948
10 5289 -0.001078 -0.357704
9 5290 -0.0423256 -0.352193
10 5290 -0.018952 -0.354948
9 5291 -0.0120774 -0.352193
10 5291 0.0140462 -0.353571
9 5292 -0.00795259 -0.350816
10 5292 0.0181709 -0.352193
9 5293 -0.017577 -0.343928
10 5293 0.00442169 -0.346683
9 2942 0.00579661 -0.343928
9 5294 0.0264204 -0.343928
10 5294 0.0525439 -0.34255
9 430 0.00854646 -0.341173
9 5295 -0.0711989 -0.339795
10 5295 -0.0464504 -0.34255
9 3294 0.000296922 -0.339795
10 2249 0.00854646 -0.339795
9 5296 -0.0313262 -0.33704
10 5296 -0.00657766 -0.338417
10 4799 0.000296922 -0.339795
10 2420 0.0154211 -0.33704
9 5297 -0.0148272 -0.335662
10 5297 0.00992138 -0.335662
9 5298 0.0195458 -0.335662
10 5298 0.0456693 -0.335662
10 261 0.00442169 -0.33704
9 5299 -0.00657766 -0.334285
10 5299 0.0181709 -0.335662
9 5300 -0.0794485 -0.331529
10 5300 -0.0546999 -0.334285
9 5301 -0.00795259 -0.328774
10 5301 0.0181709 -0.330152
10 1215 0.00442169 -0.327397
9 5302 -0.0120774 -0.326019
10 5302 0.0126712 -0.326019
9 971 -0.0217018 -0.323264
9 5303 -0.0450754 -0.309488
10 5303 -0.0217018 -0.312243
9 5304 -0.0505751 -0.306733
10 5304 -0.0272015 -0.308111
9 5305 -0.0244516 -0.3026
10 5305 -0.001078 -0.303978
9 5306 0.00167184 -0.279181
10 5306 0.0277953 -0.279181
9 5307 -0.0780735 -0.277804
10 5307 -0.0560748 -0.280559
9 5308 -0.00657766 -0.276426
10 5308 0.0195458 -0.276426
9 5309 -0.0945726 -0.275048
10 5309 -0.0711989 -0.279181
9 5310 -0.0560748 -0.272293
10 5310 -0.0285764 -0.274497
10 203 0.0277953 -0.270916
9 5311 0.00717154 -0.270916
10 5311 0.0346699 -0.269538
9 504 0.00442169 -0.26816
9 5312 0.218909 -0.264028
10 5312 0.245033 -0.253007
9 5313 0.209285 -0.261273
10 5313 0.235408 -0.251629
9 5314 0.216159 -0.261273
10 5314 0.242283 -0.250252
9 5315 -0.102822 -0.258517
10 5315 -0.0808234 -0.264028
9 5316 0.220284 -0.258517
10 5316 0.246408 -0.247497
9 4809 0.243658 -0.254385
9 5317 0.235408 -0.251629
10 5317 0.261532 -0.239231
9 5318 0.238158 -0.251629
10 5318 0.264282 -0.239231
9 3742 0.245033 -0.251629
9 5319 0.249158 -0.250252
10 5319 0.275281 -0.237854
9 5320 0.258782 -0.250252
10 5320 0.288205 -0.238129
9 5321 0.242283 -0.248874
10 5321 0.268406 -0.236476
9 5322 -0.0560748 -0.244742
10 5322 -0.0302263 -0.246395
9 5323 0.247783 -0.239231
10 5323 0.273906 -0.225455
9 5324 0.0126712 -0.237854
10 5324 0.0387947 -0.236476
9 5325 0.238158 -0.236476
10 5325 0.264282 -0.224078
10 1427 0.248608 -0.223251
9 5326 -0.0780735 -0.233721
10 5326 -0.0566248 -0.236476
9 5327 0.224409 -0.230966
10 5327 0.250532 -0.219945
9 5328 0.232659 -0.230966
10 5328 0.258782 -0.218567
9 4808 0.221659 -0.22821
9 3458 -0.0464504 -0.226833
9 5329 -0.205941 -0.225455
10 5329 -0.189442 -0.236476
9 5330 0.195536 -0.225455
10 5330 0.220284 -0.215812
9 5331 0.209285 -0.225455
10 5331 0.236783 -0.214435
9 5332 0.242283 -0.225455
10 5332 0.268406 -0.211679
10 4797 0.250532 -0.211679
9 5333 -0.112447 -0.221323
10 5333 -0.0904478 -0.225455
9 5334 0.221659 -0.221323
10 5334 0.246408 -0.208924
9 5335 0.231284 -0.218567
10 5335 0.256032 -0.206169
9 5336 -0.137195 -0.21719
10 5336 -0.115196 -0.2227
9 5337 0.21341 -0.21719
10 5337 0.238158 -0.204792
9 5338 0.236783 -0.215812
10 5338 0.261532 -0.203414
9 5339 0.229909 -0.214435
10 5339 0.254657 -0.202036
9 5340 0.236783 -0.211679
10 5340 0.262907 -0.197904
9 5341 0.250532 -0.211679
10 5341 0.276656 -0.197904
9 5342 -0.130321 -0.204792
10 5342 -0.109697 -0.208924
9 5343 0.224409 -0.204792
10 5343 0.249158 -0.192393
9 4623 -0.203191 -0.203414
10 92 -0.181193 -0.210302
9 4344 0.201035 -0.202036
9 5344 0.242283 -0.202036
10 5344 0.267032 -0.189638
9 5345 -0.218315 -0.200659
10 5345 -0.203191 -0.211679
9 5346 0.194161 -0.200659
10 5346 0.218909 -0.189638
10 631 -0.111072 -0.204792
9 5347 -0.122071 -0.197904
10 5347 -0.101447 -0.202036
9 5348 0.239533 -0.196526
10 5348 0.264282 -0.184128
9 5349 -0.124821 -0.192393
10 5349 -0.104197 -0.197904
9 5350 -0.130321 -0.191016
10 5350 -0.109697 -0.196526
9 5351 -0.229315 -0.189638
10 5351 -0.214191 -0.200659
9 3053 -0.232065 -0.151066
9 5352 -0.218315 -0.145555
10 5352 -0.200441 -0.155198
9 1266 -0.216941 -0.140045
9 2167 -0.207316 -0.140045
9 5353 -0.241689 -0.138667
10 5353 -0.22519 -0.149688
9 5354 -0.223815 -0.133157
10 5354 -0.208691 -0.144178
9 5355 -0.216941 -0.133157
10 5355 -0.203191 -0.1428
9 5356 -0.214191 -0.130402
10 5356 -0.197692 -0.140045
9 5357 -0.0483752 -0.39848
10 5357 -0.0219768 -0.401786
9 5358 -0.0104274 -0.391868
10 5358 0.0159711 -0.393521
9 5359 -0.00712762 -0.388562
10 5359 0.0192709 -0.390215
9 5360 -0.00547772 -0.385255
10 5360 0.0209208 -0.386908
9 5361 -0.0236267 -0.383602
10 5361 0.00112192 -0.385255
9 5362 -0.00877752 -0.383602
10 5362 0.0159711 -0.385255
9 5363 -0.000527985 -0.383602
10 5363 0.0258705 -0.383602
9 5364 -0.0203269 -0.381949
10 5364 0.00442172 -0.383602
9 5365 -0.0417756 -0.37699
10 5365 -0.017577 -0.379745
9 5366 -0.00547772 -0.37699
10 5366 0.0192709 -0.37699
9 5367 -0.0500251 -0.370377
10 5367 -0.0252766 -0.373684
9 5368 -0.0417756 -0.370377
10 5368 -0.018677 -0.373684
9 5369 -0.00382782 -0.367071
10 5369 0.0209208 -0.368724
9 5370 -0.0566248 -0.365418
10 5370 -0.0340761 -0.368724
9 5371 -0.0368259 -0.365418
10 5371 -0.0137272 -0.368724
9 5372 -0.0120773 -0.363765
10 5372 0.0110213 -0.365418
9 5373 0.00442172 -0.363765
10 5373 0.0291703 -0.365418
9 5374 -0.0219768 -0.358806
10 5374 0.00277182 -0.360459
9 5375 -0.069824 -0.357153
10 5375 -0.0434255 -0.360459
9 5376 -0.0632244 -0.357153
10 5376 -0.0384758 -0.360459
9 5377 -0.0417756 -0.357153
10 5377 -0.017027 -0.358806
9 5378 -0.0500251 -0.355499
10 5378 -0.0269265 -0.358806
10 3459 0.00442172 -0.357153
9 5379 0.0423695 -0.355499
10 5379 0.068108 -0.354177
9 5380 0.0225707 -0.353846
10 5380 0.0489691 -0.352193
9 5381 -0.0120773 -0.352193
10 5381 0.0143212 -0.353846
9 5382 0.0390697 -0.352193
10 5382 0.0641483 -0.352193
9 5383 0.00937142 -0.35054
10 5383 0.0357699 -0.35054
9 822 0.0242206 -0.35054
9 5384 -0.0434255 -0.348887
10 5384 -0.0203269 -0.35054
9 5385 -0.0764236 -0.345581
10 5385 -0.0505751 -0.349438
9 5386 -0.0104274 -0.345581
10 5386 0.0143212 -0.347234
9 5387 0.00937142 -0.345581
10 5387 0.0374198 -0.345581
9 5388 -0.0302263 -0.343928
10 5388 -0.00547772 -0.347234
9 5389 0.00442172 -0.343928
10 5389 0.0308202 -0.343928
9 1001 -0.000527985 -0.340622
9 5390 0.00937142 -0.340622
10 5390 0.0357699 -0.340622
9 5391 -0.0318762 -0.337315
10 5391 -0.00712762 -0.338968
10 404 -0.000527985 -0.338968
9 5392 -0.0153771 -0.335662
10 5392 0.00937142 -0.335662
10 3711 0.0192709 -0.335662
9 5393 -0.0797234 -0.330703
10 5393 -0.0549749 -0.334009
9 5394 -0.0780735 -0.325744
10 5394 -0.053325 -0.32905
10 292 0.0126713 -0.327397
9 5395 -0.0219768 -0.322437
10 5395 0.00277182 -0.32409
9 5396 -0.00382782 -0.312519
10 5396 0.0209208 -0.314172
9 5397 -0.0450754 -0.309213
10 5397 -0.0219768 -0.312519
9 5398 -0.00712762 -0.299294
10 5398 0.017621 -0.299294
9 5399 -0.0747737 -0.287722
10 5399 -0.0516751 -0.291028
9 5400 0.0110213 -0.286069
10 5400 0.0374198 -0.284416
9 2655 -0.086323 -0.279457
9 5401 -0.0780735 -0.277804
10 5401 -0.053325 -0.28111
9 5402 -0.0665242 -0.27615
10 5402 -0.0434255 -0.279457
9 5403 -0.00547772 -0.27615
10 5403 0.0192709 -0.27615
9 5404 0.00442172 -0.267885
10 5404 0.0308202 -0.266232
9 182 -0.017027 -0.266232
9 5405 0.218909 -0.264579
10 5405 0.245308 -0.253007
9 5406 0.20901 -0.261273
10 5406 0.235408 -0.251354
9 5407 0.225509 -0.259619
10 5407 0.252237 -0.24904
10 313 -0.0797234 -0.261273
9 5408 0.243658 -0.25466
10 5408 0.268406 -0.243088
9 5409 0.253557 -0.253007
10 5409 0.281606 -0.239782
9 5410 0.250258 -0.251354
10 5410 0.275996 -0.239121
9 5411 0.243658 -0.249701
10 5411 0.268406 -0.238129
10 2025 0.246958 -0.236476
9 5412 0.237058 -0.248048
10 5412 0.263457 -0.234823
9 5413 0.248608 -0.248048
10 5413 0.274016 -0.235153
9 5414 -0.13747 -0.234823
10 5414 -0.116021 -0.241105
9 5415 -0.129221 -0.234823
10 5415 -0.106947 -0.240609
9 5416 0.19911 -0.234823
10 5416 0.227159 -0.224904
9 5417 0.243658 -0.234823
10 5417 0.270056 -0.221598
10 3353 0.250258 -0.219945
9 5418 0.232109 -0.231517
10 5418 0.258507 -0.218292
9 5419 0.195811 -0.22821
10 5419 0.222209 -0.216639
9 5420 0.222209 -0.22821
10 5420 0.246958 -0.216639
9 5421 -0.205116 -0.226557
10 5421 -0.188617 -0.236476
9 5422 0.20241 -0.223251
10 5422 0.227159 -0.211679
9 5423 0.243658 -0.223251
10 5423 0.268406 -0.210026
9 5424 -0.112722 -0.221598
10 5424 -0.0912727 -0.226557
9 5425 0.230459 -0.218292
10 5425 0.256857 -0.205067
9 5426 -0.13747 -0.216639
10 5426 -0.114371 -0.221598
9 5427 0.237058 -0.216639
10 5427 0.263457 -0.203414
9 5428 0.248608 -0.216639
10 5428 0.275006 -0.203414
9 5429 0.232109 -0.213333
10 5429 0.255207 -0.201761
9 5430 -0.153969 -0.211679
10 5430 -0.129221 -0.218292
9 5431 -0.14407 -0.211679
10 5431 -0.122621 -0.216639
9 5432 0.250258 -0.211679
10 5432 0.276656 -0.198455
9 5433 -0.125921 -0.210026
10 5433 -0.104472 -0.214986
9 5434 0.20241 -0.208373
10 5434 0.227159 -0.196802
9 5435 0.189211 -0.201761
10 5435 0.214785 -0.191016
9 5436 -0.198517 -0.200108
10 5436 -0.182018 -0.210026
9 5437 0.194161 -0.200108
10 5437 0.218909 -0.188536
9 5438 -0.226565 -0.198455
10 5438 -0.211716 -0.208373
9 5439 -0.120971 -0.196802
10 5439 -0.101172 -0.201761
9 5440 0.238708 -0.196802
10 5440 0.265107 -0.183577
9 5441 0.235408 -0.195148
10 5441 0.258507 -0.181924
9 5442 -0.228215 -0.190189
10 5442 -0.215016 -0.201761
9 5443 -0.13417 -0.188536
10 5443 -0.113821 -0.193771
9 5444 0.246958 -0.18523
10 5444 0.273356 -0.172005
9 5445 -0.226565 -0.175311
10 5445 -0.211716 -0.186883
9 3750 -0.210066 -0.147208
9 5446 -0.203466 -0.147208
10 5446 -0.188617 -0.157127
9 2430 -0.239764 -0.133984
9 5447 -0.223265 -0.133984
10 5447 -0.208416 -0.143902
9 5448 -0.206766 -0.130677
10 5448 -0.191917 -0.140596
9 5449 -0.239764 -0.125718
10 5449 -0.224915 -0.135637
9 5450 -0.0447454 -0.43551
10 5450 -0.0190069 -0.439477
10 221 -0.0209868 -0.41964
9 5451 -0.0447454 -0.40377
10 5451 -0.0190069 -0.405754
9 5452 -0.0487052 -0.397819
10 5452 -0.0229667 -0.401786
9 5453 -0.0051477 -0.385917
10 5453 0.0205908 -0.3879
9 5454 -0.00910749 -0.383933
10 5454 0.0146511 -0.385917
9 5455 -0.0209868 -0.381949
10 5455 0.00277185 -0.383933
9 5456 0.000791953 -0.381949
10 5456 0.0265305 -0.383933
9 5457 -0.0051477 -0.375998
10 5457 0.0186109 -0.377982
9 5458 -0.017027 -0.37203
10 5458 0.0067316 -0.374014
9 5459 -0.0645443 -0.370047
10 5459 -0.0388058 -0.374014
9 5460 -0.0368259 -0.366079
10 5460 -0.0150471 -0.368063
9 5461 0.0265305 -0.366079
10 5461 0.0542489 -0.366079
9 5462 -0.0130672 -0.364096
10 5462 0.0106914 -0.366079
9 5463 -0.0506851 -0.362112
10 5463 -0.0269264 -0.366079
9 5464 -0.070484 -0.356161
10 5464 -0.0447454 -0.360128
9 5465 -0.0269264 -0.354177
10 5465 -0.00316783 -0.356161
9 1600 0.016631 -0.354177
9 5466 -0.00910749 -0.352193
10 5466 0.0126713 -0.354177
9 5467 -0.0764236 -0.350209
10 5467 -0.0506851 -0.354177
9 1884 -0.0427655 -0.350209
9 5468 -0.0190069 -0.346242
10 5468 0.00673163 -0.347829
9 5469 -0.0110874 -0.346242
10 5469 0.0146511 -0.346242
9 5470 0.00475171 -0.344258
10 5470 0.0304902 -0.344258
9 5471 -0.0130672 -0.338307
10 5471 0.0126713 -0.340291
9 5472 -0.0447454 -0.336323
10 5472 -0.0217787 -0.338307
9 697 -0.0249466 -0.336323
9 5473 -0.00712759 -0.336323
10 5473 0.0186109 -0.336323
9 5474 -0.0130672 -0.33434
10 5474 0.0106914 -0.336323
10 1001 0.0225707 -0.33434
9 5475 0.0146511 -0.332356
10 5475 0.0403897 -0.332356
9 5476 -0.00910749 -0.328389
10 5476 0.016631 -0.328389
9 5477 -0.0784035 -0.326405
10 5477 -0.052665 -0.330372
9 5478 -0.0190069 -0.322437
10 5478 0.00475171 -0.324421
9 3512 -0.0447454 -0.310535
9 5479 -0.0665242 -0.304584
10 5479 -0.0407856 -0.307361
9 901 -0.0150471 -0.3026
9 5480 -0.0744437 -0.288714
10 5480 -0.0506851 -0.292681
9 5481 -0.0665242 -0.276812
10 5481 -0.0447454 -0.278795
9 5482 -0.0506851 -0.274828
10 5482 -0.0249466 -0.276812
10 3048 0.0285103 -0.270861
9 5483 0.0067316 -0.272844
10 5483 0.0324701 -0.270861
9 5484 0.00277185 -0.268877
10 5484 0.0304902 -0.266893
9 5485 -0.100182 -0.264909
10 5485 -0.0764236 -0.268877
9 5486 -0.0605845 -0.264909
10 5486 -0.0368259 -0.268877
9 5487 0.218579 -0.264909
10 5487 0.244318 -0.253007
9 5488 0.20868 -0.262926
10 5488 0.234418 -0.251023
9 5489 -0.102162 -0.256974
10 5489 -0.0803834 -0.260942
9 5490 0.21462 -0.256974
10 5490 0.240358 -0.245072
9 5491 0.254217 -0.253007
10 5491 0.279956 -0.241105
9 5492 0.226499 -0.251023
10 5492 0.254217 -0.239121
9 5493 0.242338 -0.251023
10 5493 0.268077 -0.239121
9 5494 0.258177 -0.251023
10 5494 0.287083 -0.238327
9 5495 0.234418 -0.24904
10 5495 0.260157 -0.237137
9 5496 -0.118001 -0.247056
10 5496 -0.0962225 -0.253007
9 5497 -0.0764236 -0.243088
10 5497 -0.0550408 -0.245469
9 5498 0.244318 -0.23317
10 5498 0.270056 -0.221267
9 5499 0.224519 -0.231186
10 5499 0.250258 -0.219284
9 5500 -0.205116 -0.227219
10 5500 -0.189277 -0.237137
9 2222 -0.0467253 -0.227219
9 5501 0.00475171 -0.227219
10 5501 0.0304902 -0.225235
9 5502 0.196801 -0.227219
10 5502 0.222539 -0.215316
9 5503 0.232439 -0.227219
10 5503 0.258177 -0.213333
9 5504 0.20868 -0.225235
10 5504 0.236398 -0.213333
9 5505 -0.114041 -0.223251
10 5505 -0.0922627 -0.227219
9 5506 0.242338 -0.223251
10 5506 0.268077 -0.211349
9 5507 0.236398 -0.219284
10 5507 0.262137 -0.205398
10 1047 -0.0954305 -0.221664
9 5508 0.256197 -0.213333
10 5508 0.281936 -0.199446
9 5509 -0.14374 -0.209365
10 5509 -0.121961 -0.215316
9 5510 0.236398 -0.209365
10 5510 0.262137 -0.197463
9 5511 0.20076 -0.207381
10 5511 0.225311 -0.195479
9 5512 -0.13186 -0.205398
10 5512 -0.110082 -0.209365
9 5513 0.20472 -0.205398
10 5513 0.230459 -0.193495
9 5514 0.224519 -0.205398
10 5514 0.248278 -0.193495
9 5515 -0.209076 -0.203414
10 5515 -0.193237 -0.213333
9 5516 -0.203136 -0.203414
10 5516 -0.187297 -0.213333
9 5517 -0.218975 -0.20143
10 5517 -0.203136 -0.211349
9 5518 0.188881 -0.20143
10 5518 0.21462 -0.191512
9 5519 -0.13384 -0.199446
10 5519 -0.112062 -0.205398
9 5520 0.242338 -0.199446
10 5520 0.268077 -0.187544
9 5521 -0.226895 -0.197463
10 5521 -0.211056 -0.209365
9 5522 -0.230855 -0.191512
10 5522 -0.215016 -0.20143
9 341 -0.13582 -0.189528
9 5523 -0.13384 -0.18556
10 5523 -0.116021 -0.191512
9 5524 0.246298 -0.18556
10 5524 0.272036 -0.171674
9 5525 -0.226895 -0.181593
10 5525 -0.211056 -0.193495
9 5526 -0.226895 -0.175642
10 5526 -0.211056 -0.187544
9 5527 -0.211056 -0.175642
10 5527 -0.197197 -0.18556
9 5528 -0.207096 -0.163739
10 5528 -0.191257 -0.173658
9 5529 -0.197197 -0.149853
10 5529 -0.183337 -0.157788
9 5530 -0.230855 -0.14787
10 5530 -0.216995 -0.157788
10 1549 -0.189277 -0.155805
9 5531 -0.236794 -0.137951
10 5531 -0.220955 -0.14787
9 5532 -0.224915 -0.133984
10 5532 -0.209076 -0.143902
9 5533 -0.216995 -0.133984
10 5533 -0.203136 -0.143902
9 5534 -0.207096 -0.132
10 5534 -0.193237 -0.141918
9 5535 -0.238774 -0.126049
10 5535 -0.224915 -0.135967
9 5536 -0.270452 0.0663726
10 5536 -0.280748 0.0520898
9 5537 -0.0431615 -0.407341
10 5537 -0.017027 -0.409721
9 5538 -0.0479132 -0.397819
10 5538 -0.0217787 -0.400199
9 5539 -0.0360339 -0.397819
10 5539 -0.00989941 -0.400199
9 5540 -0.0550408 -0.381156
10 5540 -0.0289063 -0.383536
9 5541 0.00197992 -0.376395
10 5541 0.0281144 -0.376395
9 5542 -0.0407856 -0.371634
10 5542 -0.017027 -0.374014
9 5543 -0.0194029 -0.371634
10 5543 0.00673163 -0.374014
9 5544 0.0257386 -0.366873
10 5544 0.0542489 -0.366873
9 5545 -0.0122753 -0.364492
10 5545 0.0114834 -0.366873
9 5546 -0.0479132 -0.359731
10 5546 -0.0265304 -0.362112
9 5547 -0.0217787 -0.359731
10 5547 0.00197992 -0.362112
9 5548 0.0257386 -0.357351
10 5548 0.051873 -0.357351
9 5549 -0.0265304 -0.35497
10 5549 -0.00277181 -0.357351
9 5550 -0.00752352 -0.35259
10 5550 0.018611 -0.35259
9 5551 -0.0431615 -0.350209
10 5551 -0.0194029 -0.35259
9 5552 0.00435578 -0.345449
10 5552 0.0304903 -0.345449
9 5553 -0.0764236 -0.343068
10 5553 -0.0506851 -0.346242
9 5554 -0.00277181 -0.335927
10 5554 0.0233627 -0.335927
9 5555 -0.033658 -0.328785
10 5555 -0.00989941 -0.331166
9 5556 -0.00989941 -0.328785
10 5556 0.0162351 -0.328785
9 5557 -0.0574166 -0.326405
10 5557 -0.033658 -0.328785
9 5558 0.00910752 -0.326405
10 5558 0.0328662 -0.326405
9 5559 -0.0265304 -0.324024
10 5559 -0.00316783 -0.326405
10 2344 0.00673163 -0.324024
9 769 -0.00752352 -0.324024
9 5560 -0.0740477 -0.309742
10 5560 -0.0479132 -0.312122
9 5561 -0.0289063 -0.309742
10 5561 -0.00514767 -0.312122
9 5562 -0.0217787 -0.304981
10 5562 0.00197992 -0.307361
9 5563 -0.0146511 -0.3026
10 5563 0.00910752 -0.3026
9 5564 -0.00277181 -0.3026
10 5564 0.0209868 -0.3026
9 5565 -0.0146511 -0.290698
10 5565 0.0114834 -0.290698
9 5566 -0.0740477 -0.288317
10 5566 -0.0502891 -0.293078
9 5567 -0.085927 -0.281176
10 5567 -0.0621684 -0.283556
10 2558 0.228479 -0.268877
9 5568 -0.0669201 -0.276415
10 5568 -0.0455373 -0.278795
9 5569 -0.100182 -0.264513
10 5569 -0.0764236 -0.269274
9 5570 0.20868 -0.262132
10 5570 0.234815 -0.25261
9 5571 0.213432 -0.257371
10 5571 0.239566 -0.245469
9 5572 0.253821 -0.254991
10 5572 0.279956 -0.240708
9 5573 0.234815 -0.25023
10 5573 0.260949 -0.238327
9 5574 0.24907 -0.238327
10 5574 0.275204 -0.226425
10 3743 -0.108102 -0.241105
9 5575 0.196801 -0.235947
10 5575 0.224519 -0.225235
9 5576 0.234815 -0.235947
10 5576 0.260949 -0.224045
9 5577 -0.20472 -0.228806
10 5577 -0.188089 -0.238327
9 5578 0.196801 -0.226425
10 5578 0.222935 -0.216903
9 5579 0.232439 -0.226425
10 5579 0.258573 -0.214523
9 5580 -0.114437 -0.224045
10 5580 -0.0930546 -0.228806
9 5581 -0.0384098 -0.224045
10 5581 -0.0122753 -0.224045
9 5582 -0.0312822 -0.221664
10 5582 -0.00514767 -0.221664
9 5583 0.244318 -0.221664
10 5583 0.268077 -0.209762
9 5584 0.218183 -0.219284
10 5584 0.241942 -0.207381
9 5585 0.230063 -0.219284
10 5585 0.256197 -0.207381
9 3356 0.211056 -0.214523
9 5586 0.256197 -0.214523
10 5586 0.282332 -0.20024
9 5587 0.234815 -0.209762
10 5587 0.260949 -0.197859
10 3348 0.230063 -0.193099
9 5588 0.222935 -0.205001
10 5588 0.246694 -0.193099
9 5589 -0.209472 -0.20262
10 5589 -0.195217 -0.212142
9 5590 -0.218975 -0.20024
10 5590 -0.202344 -0.212142
9 5591 -0.199968 -0.20024
10 5591 -0.183337 -0.209762
9 5592 -0.133444 -0.20024
10 5592 -0.112062 -0.205001
9 5593 0.196801 -0.20024
10 5593 0.222935 -0.190718
9 5594 -0.121565 -0.197859
10 5594 -0.100182 -0.20262
9 5595 -0.259365 -0.195479
10 5595 -0.242734 -0.207381
9 5596 -0.233231 -0.190718
10 5596 -0.216599 -0.20262
9 2169 -0.142948 -0.190718
9 5597 -0.226103 -0.183577
10 5597 -0.211848 -0.193099
9 5598 -0.226103 -0.176435
10 5598 -0.209472 -0.188338
9 5599 -0.211848 -0.176435
10 5599 -0.197593 -0.185957
9 5600 -0.207096 -0.164533
10 5600 -0.188089 -0.174055
9 5601 -0.211848 -0.157391
10 5601 -0.197593 -0.166913
9 2359 -0.211848 -0.15025
9 5602 -0.197593 -0.14787
10 5602 -0.183337 -0.157391
9 5603 -0.242734 -0.140728
10 5603 -0.228479 -0.152631
10 3745 -0.221351 -0.14787
9 4810 -0.0450622 -0.434478
9 5604 -0.0507642 -0.417339
10 5604 -0.0217787 -0.419243
10 2723 -0.0165518 -0.411626
9 5605 -0.0108497 -0.385917
10 5605 0.0148096 -0.385917
9 5606 0.000554417 -0.380203
10 5606 0.0262137 -0.380203
9 5607 -0.0536153 -0.377347
10 5607 -0.027956 -0.380203
9 5608 -0.0194028 -0.371634
10 5608 0.0062565 -0.37449
9 5609 -0.0707215 -0.368777
10 5609 -0.0450622 -0.371634
9 5610 -0.0507642 -0.368777
10 5610 -0.027956 -0.371634
9 5611 0.00340546 -0.365921
10 5611 0.0290648 -0.365921
9 5612 0.0262137 -0.365921
10 5612 0.0547241 -0.365921
9 5613 -0.0650194 -0.360207
10 5613 -0.0393601 -0.363064
9 5614 -0.0251049 -0.354494
10 5614 -0.00229663 -0.357351
9 5615 0.0119586 -0.354494
10 5615 0.0376179 -0.354494
9 5616 -0.0735725 -0.351638
10 5616 -0.0479132 -0.354494
9 5617 -0.0422111 -0.351638
10 5617 -0.0194028 -0.354494
9 5618 -0.00229663 -0.348781
10 5618 0.0262137 -0.348781
9 5619 -0.0137008 -0.345925
10 5619 0.0148096 -0.345925
9 5620 0.0062565 -0.343068
10 5620 0.0319158 -0.343068
9 5621 0.0205117 -0.337355
10 5621 0.046171 -0.337355
10 1177 0.0233627 -0.334498
9 5622 0.0119586 -0.331642
10 5622 0.0376179 -0.331642
9 5623 -0.00799868 -0.328785
10 5623 0.0176606 -0.328785
9 5624 -0.0194028 -0.323072
10 5624 0.0062565 -0.323072
9 5625 -0.027956 -0.320216
10 5625 -0.00514764 -0.322501
9 5626 -0.0735725 -0.288793
10 5626 -0.0507642 -0.29165
9 2963 -0.0764235 -0.280224
9 5627 -0.0678704 -0.277367
10 5627 -0.0450622 -0.280224
9 5628 -0.0992318 -0.263084
10 5628 -0.0764235 -0.268797
10 968 0.240041 -0.245945
9 5629 0.245743 -0.251658
10 5629 0.271403 -0.237375
9 5630 0.23719 -0.248801
10 5630 0.26285 -0.237375
9 5631 -0.141997 -0.234519
10 5631 -0.119189 -0.240232
9 5632 0.231488 -0.234519
10 5632 0.259999 -0.223092
9 5633 0.225786 -0.231662
10 5633 0.251446 -0.220236
9 5634 0.245743 -0.231662
10 5634 0.271403 -0.217379
9 5635 -0.0450622 -0.228806
10 5635 -0.0194028 -0.228806
9 5636 0.00910752 -0.228806
10 5636 0.0347668 -0.225949
10 482 -0.116338 -0.228806
9 5637 -0.0365091 -0.223092
10 5637 -0.0137008 -0.223092
9 5638 0.20868 -0.223092
10 5638 0.234339 -0.211666
9 5639 -0.119189 -0.217379
10 5639 -0.0992318 -0.223092
9 5640 0.23719 -0.217379
10 5640 0.26285 -0.205953
10 2749 0.282807 -0.20024
9 141 -0.153402 -0.211666
9 5641 0.234339 -0.20881
10 5641 0.259999 -0.197383
9 5642 -0.104934 -0.205953
10 5642 -0.0821256 -0.20881
9 5643 0.188723 -0.203096
10 5643 0.214382 -0.19167
9 5644 0.222935 -0.203096
10 5644 0.248595 -0.19167
9 5645 -0.199018 -0.20024
10 5645 -0.181912 -0.20881
9 5646 -0.264592 -0.197383
10 5646 -0.247486 -0.20881
9 5647 -0.224677 -0.197383
10 5647 -0.210422 -0.20881
9 5648 -0.20472 -0.197383
10 5648 -0.190465 -0.205953
10 505 -0.113487 -0.203096
9 5649 -0.119189 -0.197383
10 5649 -0.0992318 -0.203096
9 3259 0.197276 -0.197383
9 5650 -0.233231 -0.19167
10 5650 -0.216124 -0.203096
9 5651 -0.210422 -0.151678
10 5651 -0.196167 -0.160248
9 5652 -0.233231 -0.145965
10 5652 -0.218975 -0.157391
9 5653 -0.179061 -0.137395
10 5653 -0.164806 -0.145965
9 5654 -0.301655 0.00257608
10 5654 -0.315911 -0.0145633
9 5655 -0.273145 0.068277
10 5655 -0.281698 0.0539942
9 5656 -0.0427813 -0.432193
10 5656 -0.0188326 -0.435621
9 5657 -0.053045 -0.418481
10 5657 -0.0222539 -0.420195
9 5658 -0.0359388 -0.401342
10 5658 -0.00856889 -0.40477
9 5659 -0.0462026 -0.397914
10 5659 -0.0222539 -0.401342
9 5660 -0.053045 -0.377347
10 5660 -0.0290963 -0.380775
9 5661 -0.053045 -0.367063
10 5661 -0.0290963 -0.370491
9 5662 0.00511609 -0.367063
10 5662 0.0290648 -0.367063
9 5663 0.0256435 -0.367063
10 5663 0.0530135 -0.367063
9 5664 -0.0393601 -0.363635
10 5664 -0.0154114 -0.367063
10 2426 -0.0393601 -0.363635
9 5665 -0.0735725 -0.349924
10 5665 -0.0496238 -0.353352
10 3049 -0.0496238 -0.346496
9 5666 -0.0222539 -0.33964
10 5666 0.00511609 -0.33964
9 5667 0.0188011 -0.33964
10 5667 0.046171 -0.33964
9 2492 -0.00856889 -0.329357
9 5668 -0.0564663 -0.325929
10 5668 -0.0325176 -0.329357
9 5669 -0.0188326 -0.322501
10 5669 0.00511609 -0.322501
9 5670 -0.0735725 -0.308789
10 5670 -0.0496238 -0.312217
9 5671 -0.0222539 -0.308789
10 5671 0.00169483 -0.308789
9 5672 -0.0701513 -0.29165
10 5672 -0.0496238 -0.295078
9 5673 -0.0119901 -0.29165
10 5673 0.0153798 -0.29165
9 5674 -0.100942 -0.281366
10 5674 -0.0769938 -0.284794
9 5675 0.203548 -0.281366
10 5675 0.230918 -0.271083
9 5676 -0.0941 -0.274511
10 5676 -0.0633088 -0.277938
9 5677 0.203548 -0.274511
10 5677 0.230918 -0.264227
9 5678 0.210391 -0.271083
10 5678 0.23719 -0.260228
9 5679 0.213812 -0.257371
10 5679 0.237761 -0.247088
9 5680 0.258288 -0.257371
10 5680 0.285658 -0.24366
9 5681 0.244603 -0.253943
10 5681 0.271973 -0.240232
9 5682 -0.080415 -0.247088
10 5682 -0.0564663 -0.250515
10 3354 0.220654 -0.22652
9 5683 -0.0838362 -0.233376
10 5683 -0.0598875 -0.236804
9 5684 -0.0462026 -0.229948
10 5684 -0.0188326 -0.229948
9 5685 0.00853734 -0.229948
10 5685 0.032486 -0.229948
9 5686 0.196706 -0.22652
10 5686 0.224076 -0.216237
9 5687 -0.0325176 -0.223092
10 5687 -0.00514764 -0.223092
9 1800 0.206969 -0.223092
9 5688 0.254867 -0.216237
10 5688 0.278816 -0.202525
9 5689 -0.104364 -0.205953
10 5689 -0.0838362 -0.209381
9 5690 0.210391 -0.205953
10 5690 0.234339 -0.195669
9 5691 -0.224107 -0.199097
10 5691 -0.210422 -0.209381
9 5692 -0.234371 -0.192242
10 5692 -0.217265 -0.202525
9 1537 -0.138576 -0.188814
9 5693 -0.237792 -0.181958
10 5693 -0.220686 -0.192242
9 5694 -0.319902 -0.17853
10 5694 -0.295953 -0.192242
9 5695 0.234339 -0.17853
10 5695 0.261709 -0.164819
9 76 -0.220686 -0.175102
9 5696 -0.217265 -0.161391
10 5696 -0.20358 -0.171674
9 5697 -0.234371 -0.147679
10 5697 -0.217265 -0.157963
9 5698 -0.207001 -0.144251
10 5698 -0.193316 -0.154535
9 5699 -0.213843 -0.133968
10 5699 -0.200159 -0.144251
9 5700 -0.200159 -0.0894052
10 5700 -0.200159 -0.0996889
9 5701 -0.0623384 -0.414567
11 5701 0.0129004 -0.384337
11 4126 0.0178653 -0.382998
11 123 0.029323 -0.381084
9 5702 -0.0566095 -0.385868
11 5702 0.0169105 -0.354298
11 5000 0.063696 -0.341861
11 5001 0.0694249 -0.340905
9 5703 -0.0126884 -0.369604
11 5703 0.054148 -0.336121
9 5704 -0.0384682 -0.367691
11 5704 0.0283682 -0.336121
11 5014 0.0608316 -0.329425
11 5017 0.0732441 -0.327512
9 5705 -0.0384682 -0.356211
11 5705 0.0283682 -0.324642
11 5021 0.019775 -0.323685
11 5023 0.0942498 -0.316032
9 5706 -0.0165077 -0.353341
11 5706 0.054148 -0.318902
11 5024 0.0560576 -0.319858
11 995 0.0656056 -0.316032
11 5025 0.0656056 -0.315458
11 5026 0.0724803 -0.31431
9 5707 -0.0422874 -0.347601
11 5707 0.0216846 -0.316032
11 5027 0.0761085 -0.312205
11 5028 0.0818373 -0.311248
11 5029 0.098069 -0.309335
11 5030 0.0560576 -0.312205
11 5031 0.0388711 -0.313162
11 4796 0.0827921 -0.307422
11 5036 0.0808825 -0.304552
11 5037 -0.00505 -0.310292
11 5039 0.0512836 -0.303595
11 5040 0.0531932 -0.299768
11 5041 0.088521 -0.293646
11 5042 0.054148 -0.296898
11 652 0.0570124 -0.292115
9 71 -0.0155529 -0.324642
11 5053 0.0493739 -0.246196
11 5054 0.0741989 -0.243326
11 5058 0.0741989 -0.229932
9 5708 0.219329 -0.264372
11 5708 0.28903 -0.200276
11 5068 0.311946 -0.18784
11 5070 0.285211 -0.19071
11 5071 0.303352 -0.18784
11 5073 0.331424 -0.184587
11 3738 0.300488 -0.185926
11 5074 0.326268 -0.1821
11 5076 0.330087 -0.180186
11 5078 0.017621 -0.214986
11 5079 0.319279 -0.170352
11 5080 0.292849 -0.169663
11 5081 0.295714 -0.165836
9 5709 0.233651 -0.229932
11 5709 0.303352 -0.163923
11 915 0.291895 -0.162967
11 5084 0.302398 -0.161053
11 5085 0.0799277 -0.189753
11 5086 0.266115 -0.165071
9 5710 -0.111988 -0.220366
11 5710 -0.0512626 -0.198363
11 4341 0.29094 -0.152443
11 5094 0.305262 -0.151487
9 5711 0.213601 -0.218453
11 5711 0.283301 -0.154357
9 469 0.223149 -0.215583
11 5098 0.301443 -0.148617
9 5712 0.236516 -0.214626
11 5712 0.306217 -0.14766
11 5100 0.321112 -0.145555
9 5713 0.237471 -0.211756
11 5713 0.306217 -0.143833
11 5103 0.321112 -0.140963
11 5107 -0.0671124 -0.185926
9 5714 0.204052 -0.205059
11 5714 0.272799 -0.140963
11 5110 -0.156864 -0.192623
9 5715 -0.198876 -0.202189
11 5715 -0.150944 -0.192623
11 5111 0.26325 -0.13905
11 5112 0.266115 -0.138093
11 5113 0.268979 -0.13905
11 5114 0.281392 -0.137137
11 5115 -0.17596 -0.19358
9 5716 0.210736 -0.200276
11 5716 0.279482 -0.135223
11 68 -0.172141 -0.191666
11 5116 -0.0623384 -0.177316
9 5717 0.212646 -0.198363
11 5717 0.279482 -0.13331
11 5118 -0.154 -0.18784
11 5119 0.309654 -0.128336
11 5126 -0.0766604 -0.165836
9 5718 -0.202695 -0.148617
11 5718 -0.158774 -0.140963
9 574 -0.200785 -0.140963
11 5132 -0.192192 -0.135223
9 5719 -0.216062 -0.12757
11 5719 -0.171568 -0.122596
9 5720 -0.0604287 -0.410741
11 5720 0.0126712 -0.381123
11 5135 0.024549 -0.367691
11 5136 0.0346699 -0.363673
11 5138 0.0610226 -0.357933
11 224 0.019775 -0.349515
11 5142 0.0507107 -0.345305
11 5143 0.0255038 -0.344157
11 1211 0.0633141 -0.341861
11 5144 0.069043 -0.340713
11 5146 0.0232123 -0.339565
11 5147 0.0594185 -0.335662
11 5148 0.0188202 -0.338991
11 5150 0.024358 -0.337269
9 5721 -0.0386591 -0.367117
11 5721 0.0277953 -0.336121
11 242 0.0207298 -0.335165
11 5153 0.0564395 -0.331529
9 5722 -0.00772344 -0.363673
11 5722 0.0610226 -0.329233
11 5154 0.019775 -0.331529
11 1237 0.0289411 -0.324642
11 5163 0.0908125 -0.315458
11 5168 0.0220665 -0.316606
11 666 0.0976872 -0.309718
11 5173 0.0497941 -0.312243
11 4463 0.0827921 -0.307422
11 494 0.0770633 -0.306274
9 5723 -0.0111607 -0.339565
11 5723 0.0566687 -0.305355
11 1986 0.0724803 -0.303978
11 5176 -0.00199461 -0.310866
11 1585 0.0518564 -0.303978
11 3736 0.0495649 -0.300534
11 5180 0.0667514 -0.298238
9 5724 -0.0134523 -0.331529
11 5724 0.0552937 -0.29709
11 5184 0.0564395 -0.29135
9 5725 -0.044388 -0.30857
11 5725 0.019775 -0.278722
11 5190 0.0580436 -0.254385
9 5726 -0.0753237 -0.286758
11 5726 -0.00886919 -0.260354
11 5192 0.0667514 -0.240838
11 5193 0.0747718 -0.235098
9 868 0.00488001 -0.26839
11 5196 0.0552937 -0.231654
11 5198 0.28101 -0.200659
11 527 0.287885 -0.197215
9 5727 -0.102822 -0.258058
11 5727 -0.0398049 -0.236246
11 5200 0.285593 -0.191475
11 5201 0.311946 -0.188031
11 5204 0.298655 -0.185505
11 5205 0.306217 -0.184587
11 5206 0.326153 -0.18275
9 5728 0.250074 -0.250022
11 5728 0.321112 -0.182291
11 5208 0.330278 -0.179995
9 5729 0.25122 -0.247726
11 5729 0.322028 -0.179995
11 1959 0.290405 -0.18275
11 5209 0.308508 -0.179995
9 235 -0.120009 -0.241986
11 5211 -0.0575643 -0.219409
9 5730 0.244345 -0.235098
11 5730 0.315154 -0.167597
11 1028 0.293613 -0.169663
11 5213 0.295905 -0.165071
11 5214 0.302779 -0.163923
11 5215 0.309654 -0.162775
11 5219 0.307363 -0.160479
11 5223 0.271844 -0.158183
11 5227 0.305071 -0.151295
11 5229 0.300488 -0.151295
9 5731 0.222576 -0.215583
11 5731 0.291322 -0.150147
11 5233 0.299342 -0.145555
11 5234 0.306217 -0.142111
11 4241 0.272989 -0.145555
11 5235 -0.0673033 -0.186883
11 5239 -0.161256 -0.192623
11 5240 -0.156673 -0.192623
11 5242 0.263823 -0.138667
11 5243 0.269552 -0.138667
11 5244 0.279864 -0.137519
11 4531 -0.180734 -0.19358
9 5732 -0.220836 -0.200659
11 5732 -0.176151 -0.193771
11 4179 -0.171568 -0.192393
11 5245 -0.0728412 -0.181143
11 5249 0.303925 -0.12604
11 5250 0.306217 -0.12604
9 5733 0.22945 -0.192623
11 5733 0.300488 -0.123744
11 5251 -0.0718864 -0.170811
9 5734 -0.227711 -0.189179
11 5734 -0.183026 -0.183439
11 2654 -0.154955 -0.14192
11 5255 -0.169277 -0.142111
9 5735 -0.205941 -0.130631
11 5735 -0.164694 -0.123744
11 5259 0.0277953 -0.3825
9 5736 -0.0450754 -0.394898
11 5736 0.0264204 -0.363214
11 5263 0.0621684 -0.357153
11 5265 0.0656056 -0.349897
11 5267 0.0497941 -0.346683
11 5268 0.0635433 -0.341173
11 5269 0.0676681 -0.341173
11 5270 0.0159557 -0.341861
11 5274 0.0250455 -0.33704
11 5278 0.0209207 -0.334973
11 5279 0.0291703 -0.334285
11 5289 0.0415445 -0.321886
11 5292 0.0654682 -0.315825
9 5737 -0.0313262 -0.345305
11 5737 0.0387947 -0.312243
11 430 0.0800423 -0.303978
11 5295 -0.00245289 -0.312243
11 4799 0.0442944 -0.303978
11 2420 0.0594185 -0.3026
11 5298 0.0910417 -0.29709
11 5299 0.0621684 -0.299845
11 1197 0.0415445 -0.293646
11 760 0.0484192 -0.283314
9 5738 -0.0739488 -0.308111
11 5738 -0.00428614 -0.281018
11 5304 0.0154211 -0.276426
11 5306 0.0745427 -0.243364
11 5308 0.0662931 -0.240609
11 5312 0.28903 -0.200659
9 5739 -0.100072 -0.26265
11 5739 -0.0340761 -0.239231
11 5315 -0.0395758 -0.236476
11 5316 0.28903 -0.195148
9 5740 0.214785 -0.255762
11 5740 0.284906 -0.192393
11 5317 0.305529 -0.185505
11 5318 0.308279 -0.185505
11 3742 0.317904 -0.18523
11 5320 0.333413 -0.181593
11 5321 0.312404 -0.181373
11 5323 0.319554 -0.170352
11 5325 0.309654 -0.168974
11 1427 0.293155 -0.168974
9 5741 0.235408 -0.235098
11 5741 0.305529 -0.167597
11 4808 0.29178 -0.163464
9 5742 0.236783 -0.22821
11 5742 0.306904 -0.160709
11 5329 -0.157819 -0.215812
9 5743 0.231284 -0.224078
11 5743 0.30003 -0.157954
11 5335 0.298655 -0.151066
9 5744 -0.139945 -0.21719
11 5744 -0.0764695 -0.199511
11 5337 0.282156 -0.151295
9 5745 0.217534 -0.21719
11 5745 0.284906 -0.152443
11 5338 0.305529 -0.148311
11 5339 0.298655 -0.146933
9 5746 0.257407 -0.213057
11 5746 0.327803 -0.142249
11 5341 0.321203 -0.142249
11 131 0.272531 -0.140045
11 5343 0.29178 -0.138667
11 4623 -0.155619 -0.193495
9 5747 0.217534 -0.203414
11 5747 0.287655 -0.13729
11 4344 0.268406 -0.140045
11 5345 -0.172118 -0.193495
11 631 -0.0725738 -0.181373
9 5748 -0.226565 -0.197904
11 5748 -0.182567 -0.191016
11 5347 -0.0629494 -0.17724
11 5348 0.308279 -0.129024
9 5749 0.232659 -0.195148
11 5749 0.302779 -0.126269
9 2592 0.229909 -0.192393
11 5350 -0.0725738 -0.171729
9 5750 0.235408 -0.191016
11 5750 0.302779 -0.122136
9 5751 -0.208691 -0.146933
11 5751 -0.164694 -0.140045
9 5752 -0.201816 -0.140045
11 5752 -0.157819 -0.133157
11 5353 -0.194942 -0.135912
11 7 0.0275204 -0.383602
9 5753 -0.0615745 -0.411705
11 5753 0.0143212 -0.380296
11 5357 0.0242206 -0.367071
11 5362 0.0605185 -0.348887
11 5365 0.0242206 -0.345581
9 5754 -0.00217789 -0.375337
11 5754 0.0671181 -0.340622
9 5755 -0.0549749 -0.373684
11 5755 0.016796 -0.34255
11 5369 0.0638183 -0.332356
11 5371 0.0319201 -0.334285
9 5756 -0.0483752 -0.362112
11 5756 0.0195458 -0.331529
11 5374 0.0456693 -0.325744
11 5376 0.00579661 -0.327397
11 3459 0.0489691 -0.320784
9 5757 0.017621 -0.352193
11 5757 0.0898868 -0.314502
11 822 0.0958265 -0.312519
11 5384 0.0225707 -0.317478
9 5758 0.00112192 -0.348887
11 5758 0.0720678 -0.312519
11 3294 0.0671181 -0.299294
9 5759 -0.00712762 -0.32905
11 5759 0.0638183 -0.294335
9 5760 -0.0582747 -0.325744
11 5760 0.00717154 -0.295712
11 292 0.0555688 -0.292682
11 99 0.0621684 -0.288714
11 5399 -0.00877752 -0.261273
11 2655 -0.0209868 -0.253007
9 5761 0.00112192 -0.279457
11 5761 0.0753676 -0.243088
11 5401 -0.0104274 -0.251354
9 855 -0.0368259 -0.277804
11 5402 -0.00217789 -0.248048
11 182 0.0552937 -0.232343
11 5409 0.325493 -0.183577
9 1449 0.228809 -0.251354
11 5410 0.321203 -0.183577
11 5413 0.319554 -0.179609
9 5762 -0.124271 -0.243088
11 5762 -0.0604287 -0.221323
9 5763 -0.119321 -0.241435
11 5763 -0.0574497 -0.219945
11 5415 -0.0650118 -0.215583
11 5417 0.316254 -0.167046
11 3353 0.294805 -0.165393
9 5764 0.237058 -0.22821
11 5764 0.306354 -0.160433
9 3753 0.233758 -0.226557
9 4820 0.20901 -0.224904
11 5423 0.312954 -0.155474
11 5425 0.299755 -0.152168
9 5765 -0.116021 -0.216639
11 5765 -0.0549749 -0.195148
11 5434 0.270056 -0.143902
11 3257 0.291505 -0.138943
9 5766 0.21231 -0.203414
11 5766 0.279406 -0.13729
9 5767 -0.208416 -0.201761
11 5767 -0.162219 -0.193495
9 5768 0.242008 -0.201761
11 5768 0.311634 -0.133984
11 5436 -0.149679 -0.189528
11 5437 0.261807 -0.13729
11 5439 -0.0615745 -0.176964
9 5769 -0.13087 -0.191842
11 5769 -0.0731238 -0.173658
9 5770 -0.13417 -0.18523
11 5770 -0.0764236 -0.167046
11 5445 -0.181193 -0.168974
9 5771 -0.198517 -0.148862
11 5771 -0.153694 -0.141423
11 5446 -0.160569 -0.138943
9 5772 -0.215016 -0.143902
11 5772 -0.170468 -0.13729
9 5773 -0.201816 -0.140596
11 5773 -0.158919 -0.133984
11 2430 -0.193567 -0.13233
11 5448 -0.163869 -0.124065
11 221 0.0265305 -0.383933
9 5774 -0.0427655 -0.407738
11 5774 0.0304902 -0.375998
11 5453 0.0661282 -0.350209
11 5457 0.0641483 -0.340291
11 5460 0.0281144 -0.333546
9 5775 0.00277185 -0.364096
11 5775 0.0740477 -0.328389
11 5463 0.016631 -0.332356
9 5776 0.0067316 -0.358144
11 5776 0.0803834 -0.321644
11 1884 0.0225707 -0.31847
11 5468 0.0502891 -0.312519
11 5471 0.0542489 -0.304584
11 697 0.0440194 -0.304253
11 5474 0.0542489 -0.300616
11 5475 0.085927 -0.294665
9 769 -0.00712759 -0.324421
11 3512 0.0186109 -0.278795
11 5479 0.00277185 -0.276812
9 5777 -0.0724638 -0.300616
11 5777 -0.00316783 -0.272844
11 5480 -0.00910749 -0.260942
11 5490 0.283916 -0.193495
11 5491 0.327473 -0.185957
11 5496 -0.0549749 -0.224904
9 5778 0.222539 -0.247056
11 5778 0.289855 -0.183577
11 161 0.0760276 -0.189528
11 5502 0.266097 -0.165723
11 5503 0.301735 -0.159772
11 5506 0.313614 -0.155805
9 5779 0.230459 -0.219284
11 5779 0.297775 -0.151837
11 1047 -0.0566247 -0.195479
9 5780 0.230459 -0.213333
11 5780 0.297775 -0.145886
11 5510 0.303715 -0.141918
11 5515 -0.163539 -0.193495
11 5516 -0.157599 -0.193495
11 4798 0.268077 -0.139935
9 5781 -0.199177 -0.20143
11 5781 -0.150075 -0.190718
11 5518 0.256197 -0.139935
9 5782 -0.125921 -0.191512
11 5782 -0.0669201 -0.171674
11 341 -0.0764236 -0.170352
11 5523 -0.0764236 -0.167707
11 5527 -0.167498 -0.167707
9 5783 -0.213036 -0.14787
11 5783 -0.169478 -0.141918
9 5784 -0.215016 -0.143902
11 5784 -0.169478 -0.137951
11 5537 0.0304903 -0.376395
11 5540 0.0162351 -0.350209
9 5785 -0.00039593 -0.381156
11 5785 0.07088 -0.345449
9 5786 -0.0526649 -0.374014
11 5786 0.016631 -0.344258
11 5542 0.0262137 -0.340211
9 5787 -0.0716718 -0.369253
11 5787 0.00277185 -0.340291
9 5788 -0.0384098 -0.364492
11 5788 0.0262137 -0.331642
9 5789 -0.0645442 -0.359731
11 5789 0.0087115 -0.330372
11 5547 0.0447455 -0.326405
11 5548 0.100341 -0.320216
9 5790 -0.0217787 -0.338307
11 5790 0.0423696 -0.304981
11 5557 0.0067316 -0.296649
11 5558 0.0780076 -0.288317
11 5563 0.0575751 -0.268797
11 5566 -0.00752352 -0.262132
9 3055 -0.0787994 -0.278795
11 5568 -0.00229663 -0.248801
11 5569 -0.0360339 -0.240708
11 5570 0.279956 -0.20024
11 5571 0.284708 -0.193099
9 552 0.220559 -0.257371
9 5791 0.258573 -0.25023
11 5791 0.331275 -0.180244
9 5792 0.222935 -0.247849
11 5792 0.291835 -0.183577
11 5576 0.30609 -0.169294
11 992 0.294211 -0.166913
11 5578 0.265701 -0.164533
11 5579 0.303715 -0.159772
9 5793 -0.138196 -0.221664
11 5793 -0.0764236 -0.203414
11 5584 0.284708 -0.155011
11 5585 0.298963 -0.152631
11 5586 0.327473 -0.143109
11 5587 0.303715 -0.143109
11 3348 0.275204 -0.140728
11 5588 0.291835 -0.138348
11 5589 -0.16433 -0.193099
9 5794 0.187297 -0.20262
11 5794 0.254297 -0.140252
11 5590 -0.173834 -0.193099
11 5593 0.263325 -0.138348
11 5599 -0.166706 -0.169294
11 5601 -0.169082 -0.15025
11 2359 -0.169082 -0.143109
9 5795 -0.230855 -0.14787
11 5795 -0.183337 -0.143109
9 5796 -0.240358 -0.126445
11 5796 -0.195217 -0.124065
11 5605 0.0604262 -0.351638
9 5797 -0.0222539 -0.38306
11 5797 0.049022 -0.348781
11 5606 0.0718303 -0.343068
11 5608 0.049022 -0.337355
11 5609 0.00340546 -0.340211
11 5610 0.0176606 -0.337355
9 5798 -0.0108497 -0.365921
11 5798 0.0575751 -0.331642
11 5611 0.0746814 -0.328785
11 5613 0.00673163 -0.331166
9 5799 -0.0222539 -0.360207
11 5799 0.046171 -0.325929
9 5800 -0.00514767 -0.357351
11 5800 0.0661283 -0.323072
9 5801 -0.0137008 -0.351638
11 5801 0.0575751 -0.317359
11 5620 0.0775324 -0.305933
9 760 -0.0108497 -0.340211
11 292 0.0347668 -0.305933
11 993 0.049022 -0.303076
9 5802 -0.0564663 -0.325929
11 5802 0.00910752 -0.295459
11 5624 0.049022 -0.288793
11 5626 -0.00799868 -0.260228
9 5803 -0.0878277 -0.277367
11 5803 -0.0222539 -0.251658
9 5804 0.259999 -0.257371
11 5804 0.333555 -0.188814
11 5630 0.305615 -0.183101
9 5805 0.251446 -0.237375
11 5805 0.323292 -0.168246
11 5632 0.302764 -0.168818
11 5633 0.294211 -0.165961
11 5634 0.317019 -0.163105
11 5636 0.0803835 -0.19167
11 5637 0.0319158 -0.19167
9 5806 0.217233 -0.220236
11 5806 0.285658 -0.154535
9 5807 0.242892 -0.220236
11 5807 0.314168 -0.151678
11 2749 0.325573 -0.143109
11 141 -0.0878277 -0.194527
9 5808 0.211531 -0.20881
11 5808 0.279956 -0.143109
11 5642 -0.0393601 -0.183101
11 5644 0.29136 -0.137395
11 5646 -0.213036 -0.195479
11 5649 -0.0593173 -0.177387
9 3148 0.23719 -0.197383
9 5809 -0.227528 -0.183101
11 5809 -0.181912 -0.177387
9 5810 -0.213273 -0.157391
11 5810 -0.170508 -0.151678
9 5811 -0.236082 -0.134539
11 5811 -0.190465 -0.131682
9 5812 -0.0222539 -0.384203
11 5812 0.046171 -0.349924
9 5813 -0.0119901 -0.367063
11 5813 0.0564347 -0.332784
9 5814 -0.0222539 -0.360207
11 5814 0.046171 -0.325929
11 3049 -0.00514764 -0.315645
9 5815 -0.0325176 -0.343068
11 5815 0.0359073 -0.312217
11 5666 0.0495922 -0.305361
9 5816 -0.0154114 -0.301934
11 5816 0.0530135 -0.267655
11 5674 -0.0325176 -0.257371
11 5679 0.282237 -0.195669
11 5681 0.316449 -0.185386
9 5817 0.234339 -0.250515
11 5817 0.306185 -0.185386
9 5818 0.244603 -0.247088
11 5818 0.316449 -0.17853
9 5819 0.227497 -0.233376
11 5819 0.295922 -0.168246
9 5820 0.244603 -0.229948
11 5820 0.316449 -0.161391
11 5686 0.268552 -0.164819
11 5687 0.032486 -0.192242
9 5821 0.234339 -0.205953
11 5821 0.302764 -0.137395
9 5822 0.186442 -0.202525
11 5822 0.254867 -0.140823
9 5823 0.220654 -0.202525
11 5823 0.289079 -0.137395
11 5691 -0.179631 -0.192242
9 5824 -0.244635 -0.192242
11 5824 -0.193316 -0.188814
11 76 -0.17621 -0.168246
11 5696 -0.172789 -0.154535
9 5825 -0.207001 -0.161391
11 5825 -0.162525 -0.154535
11 5698 -0.162525 -0.137395
12 4126 0.177318 -0.304552
9 5826 -0.0117336 -0.393521
12 5826 0.219138 -0.27413
12 5008 0.258476 -0.240456
12 1983 0.208827 -0.250022
12 5012 0.267261 -0.237394
12 5013 0.275281 -0.235098
12 5022 0.245109 -0.229932
12 995 0.221239 -0.232802
12 5029 0.251793 -0.221323
9 5827 0.0283682 -0.346645
12 5827 0.254657 -0.219027
12 2371 0.205007 -0.227063
12 5039 0.203098 -0.223236
12 3163 0.211118 -0.220175
12 5045 0.195459 -0.210799
12 5046 0.196414 -0.204103
12 5055 0.218375 -0.15914
9 5828 0.00163364 -0.271069
12 5828 0.226013 -0.151295
12 5056 0.230459 -0.147208
12 5070 0.429387 -0.0787807
12 5071 0.446573 -0.0730408
12 3739 0.446 -0.0651962
12 2341 0.451347 -0.0634742
12 5080 0.43607 -0.0548643
12 5081 0.43798 -0.0510376
12 5709 0.445618 -0.0481677
12 915 0.433206 -0.0491243
9 3638 0.227923 -0.226106
9 5829 0.197369 -0.222279
12 5829 0.407273 -0.0505019
12 4795 0.442563 -0.0410884
12 5710 0.0923402 -0.13331
12 3748 0.425377 -0.0399404
12 5094 0.447146 -0.0342004
12 990 0.43607 -0.0347745
12 469 0.432251 -0.0347745
12 5098 0.442754 -0.0319045
12 5712 0.446 -0.0307565
12 5102 0.441417 -0.0284605
12 5713 0.448483 -0.0261646
12 5714 0.412773 -0.0284605
12 5715 -0.00772344 -0.143259
12 5113 0.408381 -0.0261646
9 5830 0.216465 -0.202189
12 5830 0.422703 -0.0232946
12 5716 0.416974 -0.0223379
12 5116 0.0818373 -0.11609
12 5717 0.418502 -0.0192766
12 5126 0.0665604 -0.106524
9 5831 -0.19983 -0.149573
12 5831 -0.0203269 -0.0960005
12 5128 -0.0317846 -0.0960005
9 5832 -0.205559 -0.148617
12 5832 -0.0251009 -0.0950439
12 5130 -0.0327394 -0.0940872
9 5833 -0.200785 -0.143833
12 5833 -0.0212817 -0.0902606
9 5834 0.0484192 -0.372857
12 5834 0.282156 -0.240838
9 5835 0.0438361 -0.368265
12 5835 0.272989 -0.238542
12 5151 0.258095 -0.23969
12 5722 0.211691 -0.247152
9 5836 0.00831731 -0.356785
12 5836 0.237058 -0.234823
12 5161 0.250074 -0.229358
12 666 0.252366 -0.222471
12 320 0.228534 -0.22821
12 5171 0.204052 -0.231846
12 4463 0.236325 -0.222471
12 1986 0.223722 -0.220175
12 5177 0.19966 -0.224767
12 1585 0.203098 -0.223619
9 5837 0.000296922 -0.336121
12 5837 0.22143 -0.216731
12 5179 0.205389 -0.219027
12 5724 0.205389 -0.216731
12 5189 0.142372 -0.189179
12 1084 0.122894 -0.181143
12 527 0.432251 -0.0858599
9 5838 0.224867 -0.259206
12 5838 0.43798 -0.082416
12 5216 0.433397 -0.0491243
12 5217 0.223859 -0.105881
12 1266 0.439126 -0.0445323
9 5839 0.231742 -0.227062
12 5839 0.443709 -0.0433844
12 5223 0.413919 -0.0468283
12 5228 0.422703 -0.0386011
12 5229 0.440272 -0.0353484
12 5230 0.0908125 -0.130631
9 5840 0.220284 -0.215583
12 5840 0.426522 -0.036726
12 5233 0.440272 -0.0284605
9 5841 0.217993 -0.202955
12 5841 0.426522 -0.0238686
12 5239 -0.017577 -0.145555
12 5240 -0.014598 -0.144407
12 5242 0.401774 -0.0284605
12 5244 0.420793 -0.0238686
9 5842 0.209972 -0.200659
12 5842 0.415523 -0.0229502
9 970 -0.196775 -0.199511
12 5245 0.0722893 -0.119917
12 3586 -0.0375134 -0.147851
9 5843 0.208827 -0.197215
12 5843 0.413919 -0.0204246
12 5733 0.436147 -0.00779674
12 5256 -0.0249099 -0.0950439
9 5844 -0.200212 -0.143259
12 5844 -0.0203269 -0.0904519
12 872 -0.0384682 -0.0816507
9 5845 -0.213962 -0.129483
12 5845 -0.0356038 -0.0787807
12 5258 -0.0352218 -0.078972
12 5265 0.221659 -0.265405
9 5846 0.0484192 -0.371479
12 5846 0.279406 -0.239231
12 5285 0.254657 -0.233721
9 4464 0.0250455 -0.349438
12 2942 0.230459 -0.223251
12 2249 0.20241 -0.224078
12 4799 0.195536 -0.224078
12 5299 0.21341 -0.21719
12 5302 0.203785 -0.210302
12 5304 0.164462 -0.201761
12 5316 0.433397 -0.0821864
12 1427 0.436147 -0.0546346
12 4808 0.433397 -0.0491243
12 5334 0.431747 -0.0414098
12 5336 0.0724803 -0.136371
12 5337 0.425147 -0.0394812
9 5847 -0.115196 -0.215812
12 5847 0.0896668 -0.130402
9 5848 0.220284 -0.215812
12 5848 0.430097 -0.0364505
12 5339 0.438897 -0.0312157
9 5849 -0.14407 -0.211679
12 5849 0.0678972 -0.131779
12 131 0.413598 -0.028185
12 5343 0.433397 -0.0229502
12 4623 -0.0120773 -0.145555
12 5347 0.0827921 -0.115248
9 5850 -0.13307 -0.185505
12 5850 0.0667514 -0.106524
9 5851 -0.208691 -0.155198
12 5851 -0.0260557 -0.101932
9 5852 -0.212816 -0.149688
12 5852 -0.0317845 -0.0984878
9 5853 -0.203191 -0.148311
12 5853 -0.0214726 -0.0950439
9 5854 -0.212816 -0.146933
12 5854 -0.0317845 -0.0938959
12 5353 -0.0512626 -0.0950439
9 5855 -0.21969 -0.129024
12 5855 -0.0386591 -0.081268
12 7 0.190036 -0.301223
12 5359 0.220559 -0.269538
12 5362 0.217259 -0.264579
12 5754 0.221659 -0.25714
12 5758 0.226499 -0.229202
12 404 0.190861 -0.224904
12 5392 0.20571 -0.221598
9 439 -0.0203269 -0.334009
12 5401 0.136414 -0.18027
9 3756 -0.0945726 -0.27615
9 5856 -0.0467253 -0.226557
12 5856 0.169412 -0.120759
12 5426 0.0717928 -0.135912
12 5431 0.0676681 -0.131779
12 5766 0.420198 -0.0248788
12 5767 -0.018677 -0.145555
9 5857 -0.203466 -0.201761
12 5857 -0.0130672 -0.145886
9 5858 0.20076 -0.201761
12 5858 0.406998 -0.028185
12 5769 0.0704179 -0.111116
12 5442 -0.0417756 -0.140596
12 5443 0.0662931 -0.109738
12 5770 0.0662931 -0.106983
9 5859 -0.210066 -0.175311
12 5859 -0.0244516 -0.120759
9 5860 -0.210066 -0.155474
12 5860 -0.0272015 -0.10285
12 3750 -0.0318762 -0.0976153
12 5772 -0.0318762 -0.0943091
12 1547 -0.053325 -0.0959622
9 1461 -0.236464 -0.13729
12 5447 -0.0409507 -0.0863192
9 5861 -0.216666 -0.13233
12 5861 -0.0382008 -0.0821864
9 5862 -0.211716 -0.129024
12 5862 -0.0302263 -0.0794312
12 5776 0.234815 -0.235947
12 5471 0.2067 -0.223251
12 769 0.213432 -0.207381
12 5480 0.141364 -0.189528
9 5863 -0.086323 -0.280779
12 5863 0.129485 -0.183577
9 5864 -0.0784035 -0.278795
12 5864 0.135424 -0.181593
12 3048 0.226499 -0.151837
9 5865 -0.0190069 -0.266893
12 5865 0.204243 -0.152443
12 5485 0.113645 -0.171674
9 5866 -0.129881 -0.237137
12 5866 0.0879069 -0.151837
12 5509 0.0671181 -0.130677
12 4798 0.403501 -0.0288461
9 5867 0.194821 -0.20143
12 5867 0.400729 -0.0288462
9 5868 0.20868 -0.197463
12 5868 0.412608 -0.0209113
9 1059 -0.260553 -0.195479
9 5869 -0.211056 -0.155805
12 5869 -0.0285764 -0.102575
12 5529 -0.017027 -0.0943091
12 5783 -0.0308862 -0.0982766
12 1549 -0.0229667 -0.0943091
12 5784 -0.0328661 -0.0943091
12 5531 -0.0467253 -0.092656
12 5540 0.177002 -0.270861
12 5552 0.230063 -0.224045
9 5870 0.0114834 -0.345449
12 5870 0.239566 -0.221664
9 5871 -0.00989941 -0.343068
12 5871 0.211056 -0.226425
12 5554 0.218183 -0.216903
12 5555 0.184921 -0.219284
12 5558 0.227687 -0.205001
12 5567 0.130277 -0.183577
12 3055 0.137404 -0.181196
12 5570 0.425147 -0.0893498
9 5872 0.0114834 -0.238327
12 5872 0.232439 -0.11613
12 5577 -0.0122753 -0.169294
12 5578 0.408253 -0.0550313
12 5582 0.18017 -0.112163
12 5590 -0.0289063 -0.14787
12 5592 0.0700879 -0.120097
12 5594 0.0819672 -0.114146
12 2169 0.0601885 -0.114146
9 5873 -0.133444 -0.185957
12 5873 0.0661282 -0.108195
12 5599 -0.0265304 -0.124065
12 2359 -0.0312822 -0.0978797
12 3745 -0.0487052 -0.0923254
12 5605 0.217233 -0.268797
12 292 0.188723 -0.225949
9 5874 -0.030807 -0.308789
12 5874 0.18017 -0.20024
12 5626 0.145957 -0.188814
9 5875 0.00910752 -0.274511
12 5875 0.234339 -0.151678
9 5876 0.20868 -0.268797
12 5876 0.423498 -0.0959622
9 5877 -0.113487 -0.225949
12 5877 0.0906471 -0.140823
12 5646 -0.0665242 -0.155805
12 5649 0.0827593 -0.114543
9 5878 -0.139146 -0.19167
12 5878 0.0613765 -0.114543
12 5810 -0.0312822 -0.105021
9 5879 -0.196167 -0.145965
12 5879 -0.0137008 -0.0916905
9 5880 -0.213273 -0.143109
12 5880 -0.033658 -0.0931188
9 1891 -0.20472 -0.143109
9 5881 -0.179061 -0.125969
12 5881 -0.00514767 -0.068838
9 5882 0.00169483 -0.380775
12 5882 0.227497 -0.260799
12 5662 0.230918 -0.247088
9 5883 0.0359073 -0.353352
12 5883 0.261709 -0.22652
12 5668 0.160212 -0.220236
12 5669 0.211531 -0.205953
12 5670 0.151659 -0.205953
12 5687 0.179599 -0.1134
9 5884 -0.131734 -0.199097
12 5884 0.0775324 -0.1174
12 76 -0.0359388 -0.123684
12 5697 -0.0422111 -0.10026
13 4126 0.126713 -0.309335
13 5027 0.178273 -0.230889
13 3163 0.158413 -0.227062
13 3258 0.160704 -0.222471
13 5042 0.152493 -0.222279
9 4305 -0.0757056 -0.286375
13 5055 0.170634 -0.163923
13 5061 0.369234 -0.0912172
13 5068 0.391194 -0.0759107
13 5072 0.395014 -0.0739974
13 5073 0.412773 -0.0684105
13 5078 0.125415 -0.144178
9 5885 0.24129 -0.233759
13 5885 0.393295 -0.0525683
13 5709 0.384129 -0.0514203
13 5082 0.389858 -0.0491243
13 915 0.372098 -0.052951
13 5089 0.374008 -0.0481677
13 5094 0.385275 -0.0387924
13 469 0.370189 -0.0386011
13 5098 0.380692 -0.0357311
13 5712 0.383556 -0.0338178
13 5102 0.379737 -0.0319045
13 5111 0.345364 -0.0319045
13 5113 0.350138 -0.0309478
13 5114 0.361595 -0.0271212
13 5830 0.363505 -0.0271212
13 5716 0.359686 -0.0252079
13 68 -0.0776152 -0.160097
9 5886 0.216465 -0.174446
13 5886 0.353957 0.00253514
13 5718 -0.0680672 -0.11035
13 5151 0.205389 -0.244282
13 666 0.198324 -0.227063
13 5171 0.152684 -0.237394
13 1081 0.202143 -0.222279
13 5723 0.155663 -0.229588
13 5177 0.148101 -0.230506
13 1585 0.151538 -0.230506
13 3108 0.157038 -0.226833
13 5191 0.177662 -0.164842
13 5193 0.184002 -0.1534
9 5887 0.267261 -0.258058
13 5887 0.424231 -0.0697881
13 5201 0.392149 -0.075528
13 5203 0.388712 -0.073232
13 3742 0.394899 -0.0711657
13 5728 0.401315 -0.0686401
13 5214 0.382525 -0.0518795
13 5217 0.176012 -0.11084
13 5223 0.354339 -0.0514203
13 5228 0.364651 -0.0433844
13 5731 0.368776 -0.0394812
13 5233 0.379546 -0.0319045
13 5234 0.38642 -0.0296085
13 4792 0.353652 -0.0312157
13 5841 0.363505 -0.0273125
13 5243 0.349756 -0.0307565
13 5244 0.361214 -0.0273125
13 5732 -0.0821983 -0.162775
13 5842 0.356631 -0.0261646
13 3586 -0.0856356 -0.161627
13 5733 0.376109 -0.0112407
13 5251 0.024549 -0.11896
13 2654 -0.0661576 -0.111116
13 5289 0.140539 -0.248874
9 4461 0.016796 -0.353571
9 5888 0.00854646 -0.350816
13 5888 0.180962 -0.23317
13 2942 0.177662 -0.22821
13 3294 0.169412 -0.226557
13 2249 0.151538 -0.230966
13 2420 0.157863 -0.226557
13 4386 0.164462 -0.223251
13 5315 0.0621684 -0.176551
13 5316 0.371525 -0.0849416
9 5889 0.267032 -0.258517
13 5889 0.423772 -0.0697881
13 5317 0.3839 -0.0739209
13 5318 0.388025 -0.0725433
13 3742 0.395449 -0.0711656
13 5319 0.400399 -0.0678594
13 5742 0.3872 -0.0480222
13 3458 0.123849 -0.125657
13 5335 0.3784 -0.0394812
13 5339 0.37565 -0.0353484
13 5340 0.385275 -0.0298381
13 131 0.354202 -0.0314912
13 4344 0.349527 -0.0312157
13 5346 0.342652 -0.0312157
13 5347 0.0374198 -0.123514
9 4847 0.190036 -0.192393
13 5350 0.024358 -0.119152
13 5751 -0.0718864 -0.10882
9 5890 -0.236189 -0.13729
13 5890 -0.0948018 -0.10882
9 5891 -0.185317 0.139605
13 5891 -0.205941 0.123074
13 5357 0.132289 -0.292957
13 5364 0.151263 -0.271191
9 5892 -0.0153771 -0.370377
13 5892 0.152913 -0.259895
13 404 0.139714 -0.231517
9 4395 0.0209208 -0.335662
13 2655 0.0839379 -0.190327
13 5401 0.0882918 -0.186883
13 5408 0.394789 -0.0744718
13 5410 0.400729 -0.0685207
13 5411 0.392149 -0.0695126
13 5413 0.402049 -0.0645532
13 5417 0.396769 -0.0526509
13 3753 0.38225 -0.0463691
13 5425 0.37895 -0.0397567
13 5427 0.38885 -0.0347974
9 5893 0.237058 -0.211679
13 5893 0.38555 -0.0298381
13 5432 0.400399 -0.0265319
13 3257 0.37235 -0.0265319
9 5894 0.218909 -0.203414
13 5894 0.367401 -0.028185
13 5435 0.337702 -0.0331443
13 5858 0.347602 -0.0314912
13 5441 0.38225 -0.011654
13 5770 0.0209207 -0.115248
13 5771 -0.0643243 -0.109738
13 5446 -0.0684491 -0.108361
13 5862 -0.0780735 -0.0943091
13 221 0.138064 -0.307559
13 5864 0.0879069 -0.187544
9 5895 -0.0942426 -0.274828
13 5895 0.0753676 -0.188536
13 3048 0.178982 -0.155805
13 5483 0.186901 -0.153821
13 5490 0.365091 -0.0843905
13 5494 0.407273 -0.0670329
13 5495 0.38489 -0.0705044
13 5499 0.38291 -0.0526509
13 5504 0.363111 -0.0526509
13 5506 0.392809 -0.0407485
9 5896 0.216599 -0.219284
13 5896 0.365091 -0.044716
13 5779 0.37697 -0.0407485
13 5516 -0.0597925 -0.159772
13 5518 0.337373 -0.0347974
13 5868 0.353212 -0.0248788
13 5527 -0.0747737 -0.13729
13 5529 -0.0632244 -0.109187
13 5784 -0.0784035 -0.108195
13 5535 -0.102822 -0.0992684
9 5897 -0.187297 0.131835
13 5897 -0.206766 0.115635
13 5537 0.13978 -0.297839
9 5898 -0.00989941 -0.383536
13 5898 0.161163 -0.271654
13 5542 0.123149 -0.268797
9 5899 -0.0146511 -0.350209
13 5899 0.154035 -0.243088
9 4581 -0.0122753 -0.335927
13 5570 0.364101 -0.092656
9 5900 -0.102558 -0.257371
13 5900 0.0601885 -0.175642
13 552 0.372615 -0.0835969
9 5901 0.246694 -0.25261
13 5901 0.398749 -0.0716946
13 5573 0.391622 -0.0716946
13 5579 0.382118 -0.0478899
13 5582 0.133444 -0.118114
13 5585 0.377366 -0.0407485
9 5902 0.23719 -0.219284
13 5902 0.38687 -0.038368
13 5599 -0.0764236 -0.138348
13 5602 -0.0645443 -0.108195
13 3745 -0.0929226 -0.105881
9 5903 -0.226103 -0.133587
13 5903 -0.0902828 -0.102244
13 5803 0.0803834 -0.188338
13 5630 0.385444 -0.0716946
13 5807 0.393997 -0.0374158
13 5643 0.336977 -0.0345593
13 5644 0.368338 -0.0259896
13 505 0.0233627 -0.126445
9 5904 0.245743 -0.197383
13 5904 0.385444 -0.0145633
13 5878 0.0162351 -0.124065
9 1479 -0.133444 -0.185957
13 1891 -0.0707215 -0.105973
9 5905 -0.238933 -0.125969
13 5905 -0.102558 -0.10026
13 5656 0.141966 -0.322501
13 5679 0.368338 -0.0859773
13 1800 0.357504 -0.0516986
13 5689 0.0530135 -0.127112
13 5825 -0.0701513 -0.123684
9 5906 -0.286718 -0.493013
14 5906 0.0222957 -0.393521
9 5907 -0.00695961 -0.381084
14 5907 0.139126 -0.262459
14 5008 0.184002 -0.238542
14 5012 0.19164 -0.236246
9 5908 0.0255038 -0.361951
14 5908 0.180182 -0.233759
14 5029 0.178273 -0.219409
14 3163 0.136643 -0.220175
14 5042 0.130532 -0.214626
14 5068 0.374008 -0.0711274
14 5074 0.39024 -0.0625175
14 5709 0.367324 -0.047211
14 5084 0.365415 -0.044341
14 3679 0.371144 -0.0424277
14 5087 0.367324 -0.0433844
14 5829 0.334861 -0.0479763
14 5094 0.369234 -0.0330524
14 948 0.363505 -0.0338178
9 5909 0.219329 -0.215583
14 5909 0.350902 -0.0353484
14 469 0.354912 -0.0338178
14 5098 0.364651 -0.0307565
14 5102 0.364651 -0.0273125
14 5713 0.372098 -0.0252079
14 5109 0.358922 -0.0204246
14 5113 0.335816 -0.0242513
14 5114 0.345364 -0.0213813
14 5832 -0.0900277 -0.0979138
9 3774 -0.268958 -0.402705
14 5151 0.18362 -0.238542
9 5910 0.0426903 -0.352193
14 5910 0.192786 -0.221323
14 4463 0.157863 -0.221598
14 1081 0.181328 -0.216731
14 5177 0.126331 -0.223619
9 5911 -0.029493 -0.334973
14 5911 0.118311 -0.223619
14 5180 0.143518 -0.215583
14 5184 0.130914 -0.208924
9 5912 -0.00657766 -0.324642
14 5912 0.138935 -0.207547
14 5192 0.156312 -0.15627
14 5201 0.376109 -0.0697881
14 5203 0.37038 -0.0686401
14 3742 0.377025 -0.0656553
14 5209 0.369234 -0.0640482
14 5214 0.366942 -0.0468283
14 5839 0.366026 -0.043614
14 5227 0.368776 -0.0339709
14 5840 0.350902 -0.0353484
14 5731 0.354339 -0.0342004
14 4531 -0.104197 -0.151066
14 5732 -0.101676 -0.150147
14 5250 0.371525 -0.00641915
14 5251 0.0102269 -0.11035
14 5252 0.00736248 -0.105567
14 1880 -0.0913644 -0.123744
14 5255 -0.0970933 -0.100784
9 5913 0.0442944 -0.365969
14 5913 0.20076 -0.23317
14 5285 0.180412 -0.232343
14 3294 0.149613 -0.219945
9 5914 -0.0450754 -0.33704
14 5914 0.100666 -0.22821
14 5308 0.156213 -0.155474
14 4793 0.359151 -0.0725433
14 3742 0.3773 -0.0662064
14 5742 0.370701 -0.0430629
9 5915 0.239533 -0.218567
14 5915 0.374 -0.0331443
14 5745 0.349527 -0.0381036
14 5747 0.353652 -0.0229502
14 5350 0.0106088 -0.109968
14 5850 0.00717154 -0.105376
9 1494 -0.199067 -0.148311
14 154 -0.093656 -0.081268
14 7 0.11304 -0.299845
14 404 0.115625 -0.225235
14 3711 0.143014 -0.216639
14 2655 0.0662931 -0.181373
14 5401 0.0704179 -0.178617
9 5916 -0.069824 -0.27615
14 5916 0.0786674 -0.175311
14 5402 0.0786674 -0.174485
14 5408 0.374 -0.0711656
14 5410 0.38291 -0.0645532
14 5417 0.38093 -0.0486834
14 3753 0.367401 -0.0414098
14 4820 0.349252 -0.0463691
14 5425 0.362451 -0.0347974
14 5427 0.374 -0.0298381
14 5894 0.354202 -0.0215726
14 5767 -0.0896228 -0.147208
14 5441 0.369051 -0.00669463
14 5770 0.00717154 -0.105605
9 5917 -0.200166 -0.157127
14 5917 -0.0849481 -0.104228
14 5772 -0.0973224 -0.0959622
9 4226 -0.241414 0.113982
9 5918 -0.195217 0.127207
14 5918 -0.237564 0.129962
14 5493 0.37499 -0.0669337
14 5495 0.367071 -0.066537
14 5498 0.379742 -0.0478899
14 5506 0.37697 -0.0367811
14 5896 0.349252 -0.0387648
14 1047 0.0275204 -0.129024
14 5780 0.363111 -0.0288462
14 4798 0.334601 -0.0264657
14 5781 -0.0846731 -0.145555
14 5518 0.326153 -0.028185
14 5868 0.339352 -0.0189276
14 5784 -0.0982023 -0.0962928
14 5532 -0.104472 -0.0893498
9 5919 -0.286291 0.123901
14 5919 -0.311634 0.0949383
14 5545 0.0918667 -0.254991
14 5790 0.120773 -0.224045
14 552 0.353212 -0.0784393
14 992 0.358359 -0.0526508
14 5582 0.119585 -0.110179
14 5587 0.367863 -0.0240852
14 5794 0.31987 -0.0288461
14 5590 -0.100182 -0.15025
14 5592 0.0110213 -0.119106
9 5920 0.244318 -0.197859
14 5920 0.372615 -0.00980237
14 5596 -0.114041 -0.143902
14 5599 -0.0954305 -0.126445
14 5600 -0.0902828 -0.112163
14 5796 -0.119981 -0.0863742
14 5616 0.166815 -0.229932
14 292 0.114596 -0.225949
14 968 0.348856 -0.0812164
9 5921 0.225786 -0.251658
14 5921 0.361131 -0.0724881
14 5630 0.368338 -0.0659814
14 2499 0.354083 -0.068838
9 5922 0.245743 -0.245945
14 5922 0.382593 -0.0602683
14 5636 0.163063 -0.105973
14 5644 0.354083 -0.0202764
14 5646 -0.13186 -0.155805
14 5650 -0.114437 -0.145489
14 5809 -0.10731 -0.135967
14 5880 -0.0978063 -0.0954992
9 5923 -0.0598875 -0.411626
14 5923 0.0974897 -0.30022
14 5660 0.0940684 -0.267655
14 5676 0.059856 -0.17853
9 5924 -0.00172639 -0.267655
14 5924 0.169336 -0.144251
14 5817 0.367768 -0.068838
14 2951 0.354083 -0.068838
14 5819 0.364347 -0.0516986
14 5686 0.336977 -0.0516986
9 5925 0.224076 -0.223092
14 5925 0.357504 -0.041415
14 5822 0.31987 -0.0311314
9 5926 -0.12147 -0.195669
14 5926 0.0233627 -0.111686
14 76 -0.0992318 -0.125969
15 3158 0.320539 -0.00703143
15 3740 0.332569 0.000239202
15 5909 0.309081 0.0293215
15 5112 0.297623 0.0398448
15 5184 0.117165 -0.200659
15 1627 0.317674 -0.0032048
9 5927 0.234033 -0.225915
15 5927 0.327528 0.0266429
15 5731 0.313779 0.0307757
15 5748 0.323403 0.043174
15 3753 0.327803 0.0263674
15 5426 0.0106914 -0.128032
15 5570 0.302779 -0.0257053
15 5573 0.331275 -0.000280466
9 797 -0.123941 -0.212142
9 5928 -0.0108497 -0.377347
15 5928 0.120298 -0.251658
15 2963 0.0575751 -0.177387
15 2499 0.31797 -0.00266096
15 5805 0.342679 0.022572
15 5904 0.341332 0.0663726
15 5817 0.330134 -0.000280466
9 5929 0.196706 -0.199097
15 5929 0.297062 0.0425679
16 3158 0.303352 0.016885
16 85 0.303352 0.019755
16 5093 0.3108 0.0564906
16 4341 0.305071 0.0541946
9 3249 0.205007 -0.209843
9 1192 -0.128029 -0.237394
16 5224 0.302779 0.0507507
9 5930 0.00717154 -0.356326
16 5930 0.162996 -0.213669
16 5334 0.305529 0.052817
16 3753 0.314604 0.051164
9 648 -0.150669 0.0924916
9 5931 0.0483092 -0.37203
16 5931 0.192841 -0.207381
16 5633 0.30609 0.0401875
17 3740 0.313091 0.0599346
17 3621 0.174912 -0.146933
17 4531 0.336053 0.0743074
9 1038 -0.20365 -0.160479
17 4793 0.297051 0.0473067
17 5343 0.303352 0.102984
17 5535 0.268552 0.119695
17 5633 0.303715 0.0743075
10 5932 -0.0184173 -0.440397
11 5932 0.0302778 -0.405001
10 4126 -0.029875 -0.418394
10 5933 -0.0356038 -0.415524
11 5933 0.0130913 -0.381084
10 5934 -0.0107788 -0.397347
11 5934 0.0350519 -0.363864
11 4998 0.0455547 -0.349515
11 4997 0.0656056 -0.349515
11 4999 0.0503287 -0.345688
11 5007 0.024549 -0.337078
11 5149 0.0644599 -0.332677
11 5008 0.101888 -0.328468
10 5935 0.0713345 -0.366734
11 5935 0.119075 -0.326555
11 5012 0.111436 -0.325598
11 5016 0.0512836 -0.327512
10 5936 0.0713345 -0.363864
11 5936 0.12003 -0.324642
10 5937 0.0570124 -0.361951
11 5937 0.103798 -0.322728
11 5020 0.0426903 -0.321772
10 5938 0.0360067 -0.357168
11 5938 0.0827921 -0.319858
10 5939 -0.0193721 -0.355255
11 5939 0.0226394 -0.321772
11 3438 0.115256 -0.315075
11 5022 0.0904306 -0.316032
11 5167 -0.00409519 -0.320815
10 5940 0.024549 -0.351428
11 5940 0.0703797 -0.315075
10 5941 0.0694249 -0.351428
11 5941 0.11621 -0.311248
11 5033 -0.00505 -0.316988
11 3052 0.0999787 -0.305508
10 5942 0.0274134 -0.339948
11 5942 0.0722893 -0.303595
10 5943 -0.00409519 -0.338035
11 5943 0.0398259 -0.303595
11 5041 0.0919583 -0.295942
10 5944 -0.0518355 -0.331338
11 5944 -0.00695961 -0.300725
11 5044 -0.00791441 -0.297855
11 5187 -0.00314039 -0.280635
10 5725 -0.0231913 -0.311248
10 5945 0.00545287 -0.308378
11 5945 0.0472734 -0.272982
10 5946 0.0188202 -0.308378
11 5946 0.0621684 -0.272982
10 5947 -0.00409519 -0.302638
11 5947 0.0379163 -0.269155
11 5052 0.0388711 -0.266285
10 5948 -0.0317846 -0.272982
11 5948 0.0111817 -0.242369
10 3247 -0.0804797 -0.264372
10 5198 0.235561 -0.253849
11 5198 0.282347 -0.198363
10 3635 0.264205 -0.240456
11 5076 0.330278 -0.179995
10 4811 0.278527 -0.233759
10 5949 0.0331422 -0.224193
11 5949 0.0770633 -0.188796
11 5096 -0.0747508 -0.197406
11 5082 0.310036 -0.162967
11 5084 0.299533 -0.161053
10 5950 -0.185508 -0.214626
11 5950 -0.15209 -0.196067
11 5091 0.272799 -0.15914
10 5951 -0.187418 -0.208886
11 5951 -0.153694 -0.189638
11 5228 0.281392 -0.151487
11 5095 0.286166 -0.151487
10 5952 -0.210333 -0.203146
11 5952 -0.179589 -0.185735
11 5125 -0.182644 -0.183056
11 5102 0.299533 -0.145747
10 5713 0.262296 -0.198363
10 5953 0.229832 -0.197406
11 5953 0.272799 -0.14479
11 5103 0.320539 -0.14192
11 5123 -0.0718864 -0.17062
10 5714 0.229832 -0.192623
10 5954 0.249883 -0.192623
11 5954 0.292849 -0.13905
10 5955 -0.20365 -0.191666
11 5955 -0.172141 -0.174446
11 3164 0.3108 -0.136371
10 5956 0.216465 -0.189753
11 5956 0.258476 -0.13905
11 5114 0.279482 -0.137137
11 5119 0.310036 -0.128527
11 5122 0.306217 -0.125657
10 5957 0.260386 -0.180186
11 5957 0.303352 -0.125657
10 5750 0.26325 -0.178273
11 5127 -0.179779 -0.142877
10 5718 -0.188373 -0.15914
10 5958 -0.193147 -0.157227
11 5958 -0.163548 -0.140007
10 574 -0.186463 -0.151487
10 834 -0.219881 -0.149573
10 5959 -0.207469 -0.14479
11 5959 -0.17787 -0.12757
10 5960 -0.0191811 -0.416481
11 5960 0.0289411 -0.380893
10 5961 -0.0214726 -0.401557
11 5961 0.024358 -0.368265
11 5141 0.0461276 -0.348749
11 5145 0.113728 -0.332677
10 5962 -0.0283473 -0.368265
11 5962 0.0140461 -0.335165
11 5151 0.10227 -0.328085
10 5963 0.0633141 -0.364821
11 5963 0.111436 -0.32579
11 5013 0.119915 -0.324642
10 5964 0.0346699 -0.359081
11 5964 0.0814172 -0.321886
11 5158 0.0163377 -0.324642
11 5160 0.0232123 -0.324642
11 5159 0.0426903 -0.322346
10 5706 0.0106088 -0.354489
11 4801 0.116019 -0.31431
11 5161 0.0953956 -0.315458
11 5166 0.0649182 -0.316376
10 5026 0.0266496 -0.351045
11 5175 -0.00543191 -0.313162
10 4796 0.0369615 -0.345305
11 1081 0.0999787 -0.305126
10 3736 0.00602576 -0.336121
10 5965 0.00831731 -0.332677
11 5965 0.0518564 -0.29709
10 5041 0.0426903 -0.331529
10 1127 0.019775 -0.322346
10 5966 -0.00428614 -0.30283
11 5966 0.0381072 -0.269538
10 5967 -0.00428614 -0.300534
11 5967 0.0387947 -0.265405
10 5968 -0.0558457 -0.281018
11 5968 -0.0134523 -0.25117
11 5191 0.0747718 -0.243134
11 169 0.00736248 -0.237586
10 5969 -0.0753237 -0.267242
11 5969 -0.0329303 -0.238542
11 504 0.0793549 -0.231654
10 5201 0.267261 -0.243134
10 5970 0.271844 -0.241986
11 5970 0.316529 -0.186883
11 5073 0.330278 -0.184128
10 5971 0.0335242 -0.223619
11 5971 0.0782091 -0.188031
10 5972 -0.11428 -0.222471
11 5972 -0.0753237 -0.197215
10 5730 0.270698 -0.222471
11 5220 0.284256 -0.162967
10 5732 -0.205941 -0.212139
11 5241 -0.150944 -0.192393
10 5973 -0.21167 -0.210991
11 5973 -0.18188 -0.192623
10 5974 -0.180734 -0.209843
11 5974 -0.147507 -0.189179
11 5237 -0.0695949 -0.183439
10 5975 -0.185317 -0.207547
11 5975 -0.154382 -0.188031
11 3748 0.285593 -0.153591
10 5976 0.262678 -0.201807
11 5976 0.306217 -0.147851
10 5734 -0.213962 -0.200659
10 5746 0.283301 -0.197215
10 5977 -0.113134 -0.193771
11 5977 -0.0753237 -0.169663
10 5978 0.236325 -0.185735
11 5978 0.279864 -0.132927
10 5979 0.258095 -0.181143
11 5979 0.301634 -0.12604
11 5256 -0.158965 -0.139815
10 5980 -0.193338 -0.157035
11 5980 -0.163548 -0.139815
10 5981 -0.186463 -0.151295
11 5981 -0.157819 -0.132927
10 5982 -0.224273 -0.150147
11 5982 -0.192192 -0.135223
10 5983 -0.208233 -0.144407
11 5983 -0.178443 -0.127188
10 5735 -0.192192 -0.140963
10 5984 -0.017577 -0.411429
11 5984 0.0305452 -0.375612
11 5260 0.0236706 -0.367347
11 5263 0.0621684 -0.357704
11 5140 0.0717928 -0.34806
11 5270 0.0163377 -0.341861
10 5985 0.00992138 -0.372857
11 5985 0.0525439 -0.33704
11 5370 0.00946306 -0.336121
11 5277 0.0154211 -0.335662
10 5986 -0.0285764 -0.365969
11 5986 0.0140462 -0.332907
11 5282 0.102041 -0.324642
11 5285 0.0992912 -0.321886
10 5987 -0.0272015 -0.357704
11 5987 0.0154211 -0.324642
11 3054 0.0236706 -0.324642
10 5988 -0.0505751 -0.353571
11 5988 -0.00428614 -0.321198
10 5989 0.0484192 -0.353571
11 5989 0.0951665 -0.314998
11 5168 0.0222957 -0.317754
10 4150 0.0236706 -0.350816
11 5385 -0.00520274 -0.317754
10 5990 -0.0505751 -0.345305
11 5990 -0.00520274 -0.313621
10 5991 0.0374198 -0.345305
11 5991 0.0827921 -0.306733
10 5992 0.0415445 -0.331529
11 5992 0.0869169 -0.294335
10 1197 -0.00245289 -0.327397
10 5738 -0.0492002 -0.312243
10 5993 -0.00245289 -0.308111
11 5993 0.0374198 -0.273671
10 5994 0.0195458 -0.299845
11 5994 0.0649182 -0.264028
10 5995 -0.0519501 -0.291579
11 5995 -0.00932751 -0.261273
11 3749 -0.00245289 -0.248874
11 203 0.0745427 -0.235098
10 5739 -0.0766986 -0.26816
10 182 0.00717154 -0.266783
10 5762 -0.101447 -0.247497
10 5740 0.239533 -0.243364
10 5996 0.267032 -0.243364
11 5996 0.312404 -0.18826
11 5319 0.319279 -0.18275
10 1959 0.246408 -0.236476
11 5225 -0.0766986 -0.200659
10 5997 -0.123446 -0.224078
11 5997 -0.0810525 -0.199511
10 1427 0.247783 -0.2227
10 5417 0.271156 -0.2227
10 5998 -0.0931977 -0.221323
11 5998 -0.0546999 -0.195148
10 2982 -0.0107024 -0.221323
11 5327 0.29453 -0.166219
11 5330 0.265107 -0.165393
10 5999 0.227159 -0.210302
11 5999 0.271156 -0.159331
11 5337 0.280781 -0.151066
11 611 0.319279 -0.145555
11 5351 -0.183942 -0.18275
11 5341 0.320653 -0.141423
10 6000 0.227159 -0.196526
11 6000 0.271156 -0.144178
10 131 0.229909 -0.192393
10 5766 0.238158 -0.191016
11 5344 0.311304 -0.135637
10 5445 -0.211441 -0.186883
10 5749 0.257407 -0.181373
10 6001 -0.193567 -0.166219
11 6001 -0.163548 -0.146703
10 6002 -0.183942 -0.159331
11 6002 -0.154382 -0.140963
10 5752 -0.186692 -0.151066
10 6003 -0.21969 -0.149688
11 6003 -0.188067 -0.134535
11 2167 -0.164694 -0.131779
11 5355 -0.174318 -0.124892
10 6004 -0.018677 -0.439808
11 6004 0.0308202 -0.403439
10 7 -0.0203269 -0.418317
11 5359 0.0641483 -0.354177
11 5360 0.0671181 -0.348887
10 6005 -0.0285764 -0.383602
11 6005 0.0181709 -0.349438
11 5363 0.0720678 -0.345581
11 5366 0.0638183 -0.340622
10 6006 -0.0285764 -0.375337
11 6006 0.0159711 -0.342275
11 5368 0.0236706 -0.339795
10 6007 -0.0269265 -0.365418
11 6007 0.0159711 -0.332356
10 6008 0.0704179 -0.365418
11 6008 0.119915 -0.325744
11 5375 0.00112192 -0.32905
11 5377 0.0242206 -0.32409
10 6009 -0.00217789 -0.357153
11 6009 0.0407196 -0.322437
10 2659 -0.0500251 -0.353846
10 5292 0.0192709 -0.352193
11 5380 0.0951665 -0.314172
10 6010 0.00442172 -0.347234
11 6010 0.0506191 -0.312519
10 6011 -0.0450754 -0.345581
11 6011 -0.00217789 -0.312519
11 5389 0.0770175 -0.307559
11 5391 0.0374198 -0.304253
10 771 0.0143212 -0.337315
11 5298 0.0918666 -0.297641
10 6012 0.0407196 -0.332356
11 6012 0.086917 -0.294335
11 5394 -0.00877752 -0.297641
10 6013 -0.00217789 -0.327397
11 6013 0.0407196 -0.292682
10 6014 0.00937142 -0.325744
11 6014 0.052269 -0.291028
11 5397 0.0192709 -0.279457
11 329 0.0588686 -0.25466
10 6015 -0.0335261 -0.27615
11 6015 0.0159711 -0.244741
10 6016 0.0291703 -0.271191
11 6016 0.0753676 -0.234823
10 6017 -0.0764236 -0.267885
11 6017 -0.0335261 -0.239782
11 313 -0.0384758 -0.23317
11 5406 0.280781 -0.199281
10 6018 0.245308 -0.246395
11 6018 0.289855 -0.193495
10 6019 0.240358 -0.244741
11 6019 0.284906 -0.191842
10 6020 0.258507 -0.244741
11 6020 0.303054 -0.190189
11 5408 0.312954 -0.186883
10 1449 0.251907 -0.239782
11 5411 0.312954 -0.181924
10 5410 0.276656 -0.238129
10 6021 0.258507 -0.236476
11 6021 0.303054 -0.181924
10 6022 0.284906 -0.236476
11 6022 0.331103 -0.18027
11 5412 0.306354 -0.18027
10 6023 0.0324701 -0.224904
11 6023 0.0770175 -0.188536
10 4820 0.237058 -0.214986
10 5767 -0.191917 -0.213333
10 4623 -0.186967 -0.213333
10 6024 -0.210066 -0.211679
11 6024 -0.180368 -0.193495
10 5345 -0.203466 -0.211679
10 3753 0.258507 -0.211679
11 5438 -0.182018 -0.190189
10 6025 -0.111072 -0.205067
11 6025 -0.0731238 -0.18027
10 6026 0.246958 -0.205067
11 6026 0.289855 -0.152168
11 5442 -0.185317 -0.183577
10 6027 0.283256 -0.198455
11 6027 0.327473 -0.143902
10 6028 0.261807 -0.196802
11 6028 0.306354 -0.142249
11 4343 0.268406 -0.140596
10 6029 0.230459 -0.191842
11 6029 0.273356 -0.140596
10 3257 0.248608 -0.191842
11 5444 0.317904 -0.117453
11 3358 -0.168818 -0.142249
11 4802 -0.153969 -0.140596
11 4805 -0.195217 -0.135637
10 5773 -0.186967 -0.150515
10 2154 -0.219965 -0.148862
11 5447 -0.178718 -0.127371
10 6030 -0.200166 -0.140596
11 6030 -0.173768 -0.124065
11 5452 0.0245506 -0.368063
11 5456 0.0720678 -0.346242
11 5459 0.00937142 -0.340622
10 6031 -0.034846 -0.370047
11 6031 0.00937142 -0.335662
10 6032 -0.0269264 -0.370047
11 6032 0.017621 -0.335662
10 5775 0.0304902 -0.366079
11 5464 0.000791953 -0.328389
11 5466 0.0590006 -0.319263
10 6033 0.0186109 -0.352193
11 6033 0.0661282 -0.316486
11 5382 0.111666 -0.312519
10 6034 -0.00712759 -0.346242
11 6034 0.0384098 -0.312519
10 6035 0.0502891 -0.344258
11 6035 0.0970145 -0.304981
10 6036 0.00475171 -0.338307
11 6036 0.0483092 -0.3026
10 6037 0.0463293 -0.336323
11 6037 0.0898868 -0.298633
11 5477 -0.00910749 -0.298633
10 6038 -0.00910749 -0.330372
11 6038 0.03445 -0.296649
11 5476 0.0566248 -0.293078
11 5559 0.0403897 -0.292681
10 99 0.016631 -0.324421
10 6039 0.000791953 -0.306568
11 6039 0.0423696 -0.271654
10 5777 -0.0467253 -0.304584
10 6040 0.0186109 -0.300616
11 6040 0.0641483 -0.264909
10 6041 -0.0051477 -0.298633
11 6041 0.0384098 -0.264909
10 2655 -0.0625644 -0.282763
11 5486 0.00475171 -0.237137
11 5484 0.0780075 -0.231186
11 5488 0.279956 -0.199446
10 6042 0.258177 -0.245072
11 6042 0.299755 -0.191512
11 3743 -0.0665242 -0.214986
10 6043 0.285896 -0.237137
11 6043 0.332225 -0.181196
11 2222 0.0245506 -0.195479
11 5498 0.315594 -0.166913
10 6044 -0.129881 -0.2173
11 6044 -0.0883029 -0.193495
11 5521 -0.181358 -0.191512
10 5779 0.256197 -0.205398
10 6045 0.274016 -0.203414
11 6045 0.317574 -0.14787
11 5522 -0.185317 -0.183577
10 6046 -0.218975 -0.195479
11 6046 -0.186967 -0.178617
11 5514 0.291835 -0.139935
10 4798 0.224519 -0.191512
10 91 -0.199177 -0.189528
10 6047 0.218579 -0.189528
11 6047 0.260157 -0.137951
11 5526 -0.181358 -0.169691
10 6048 0.264117 -0.183577
11 6048 0.307674 -0.130016
11 5524 0.315594 -0.118114
10 6049 -0.211056 -0.159772
11 6049 -0.181358 -0.143902
11 5529 -0.153639 -0.139935
10 6050 0.00435578 -0.383536
11 6050 0.0494972 -0.347829
10 5785 0.0257386 -0.383536
10 6051 -0.0431615 -0.374014
11 6051 0.00435578 -0.340688
10 6052 -0.0265304 -0.371634
11 6052 0.0162351 -0.338307
10 6053 0.0756317 -0.371634
11 6053 0.123149 -0.331166
10 6054 0.0304903 -0.366873
11 6054 0.0756317 -0.328785
11 5544 0.100341 -0.328785
11 5546 0.0162351 -0.328785
11 5549 0.0399937 -0.321644
10 5801 0.0114834 -0.35259
10 6055 -0.00752352 -0.345449
11 6055 0.0376179 -0.312122
11 5552 0.0756317 -0.307361
10 6056 0.0114834 -0.340688
11 6056 0.0542489 -0.304981
10 1978 0.018611 -0.335927
11 5561 0.035242 -0.278795
11 5479 0.00435578 -0.276415
11 5564 0.0685041 -0.266893
11 5567 -0.0217787 -0.25261
10 6057 -0.0265304 -0.276415
11 6057 0.0162351 -0.245469
11 2367 0.0732558 -0.235947
10 6058 -0.0384098 -0.269274
11 6058 0.00435578 -0.238327
10 6059 0.230063 -0.269274
11 6059 0.275996 -0.2173
10 6060 0.0304903 -0.266893
11 6060 0.0780076 -0.231186
10 6061 -0.0312822 -0.245469
11 6061 0.0138592 -0.214523
11 5572 0.328424 -0.185957
10 6062 -0.109686 -0.238327
11 6062 -0.0669201 -0.212142
10 6063 0.0376179 -0.238327
11 6063 0.0851352 -0.20262
11 5573 0.303715 -0.183577
10 5792 0.246694 -0.235947
10 992 0.24907 -0.219284
10 6064 0.234815 -0.214523
11 6064 0.279956 -0.162152
10 5646 -0.247486 -0.209762
10 6065 -0.211848 -0.209762
11 6065 -0.180962 -0.193099
11 5583 0.313218 -0.155011
10 6066 0.263325 -0.205001
11 6066 0.30609 -0.15025
10 1251 0.260949 -0.183577
10 6067 -0.183337 -0.166913
11 6067 -0.152451 -0.14787
10 5795 -0.214224 -0.159772
10 331 -0.199968 -0.143109
10 6068 -0.188089 0.037807
11 6068 -0.211848 0.0520898
10 6069 -0.180962 0.0425679
11 6069 -0.202344 0.0568508
11 5657 0.0262137 -0.385917
10 5797 0.00340546 -0.38306
11 5607 0.0176606 -0.345925
10 5542 -0.0165518 -0.37449
10 5798 0.0119586 -0.368777
10 5788 -0.0165518 -0.365921
10 6070 0.0718303 -0.365921
11 6070 0.120298 -0.325929
10 6071 -0.027956 -0.363064
11 6071 0.0148096 -0.328785
10 5800 0.0205117 -0.360207
11 5616 -0.00229663 -0.323072
11 5621 0.0917876 -0.30022
11 1177 0.0661283 -0.297363
10 6072 -0.0108497 -0.328785
11 6072 0.0319158 -0.294506
10 6073 -0.0479132 -0.311646
11 6073 -0.00229663 -0.280224
10 93 -0.0222539 -0.311646
10 5563 0.0119586 -0.303076
10 1334 -0.00514767 -0.297363
10 6074 -0.0735725 -0.285937
11 6074 -0.030807 -0.257371
10 6075 0.231488 -0.268797
11 6075 0.275204 -0.216903
11 5678 0.282807 -0.205953
10 3744 -0.0963808 -0.251658
10 6076 0.0290648 -0.225949
11 6076 0.0746814 -0.19167
11 141 -0.085927 -0.193099
10 6077 -0.201869 -0.211666
11 6077 -0.170508 -0.194527
11 5645 -0.15055 -0.188814
11 5640 0.305615 -0.151678
11 5641 0.302764 -0.143109
10 5808 0.234339 -0.194527
10 6078 -0.218975 -0.19167
11 6078 -0.187614 -0.174531
10 6079 -0.207571 -0.185957
11 6079 -0.17621 -0.168818
10 3148 0.268552 -0.185957
10 6080 -0.193316 -0.174531
11 6080 -0.164806 -0.157391
10 5810 -0.199018 -0.168818
11 5651 -0.167657 -0.143109
10 1891 -0.190465 -0.154535
10 6081 -0.230379 -0.151678
11 6081 -0.195217 -0.138348
10 5811 -0.218975 -0.145965
10 6082 -0.199018 -0.143109
11 6082 -0.170508 -0.125969
11 525 0.0153798 -0.380775
10 6083 -0.0154114 -0.408198
11 6083 0.032486 -0.373919
10 6084 -0.0325176 -0.38763
11 6084 0.0176606 -0.354494
10 6085 0.0256435 -0.380775
11 6085 0.0701197 -0.343068
11 5662 0.0769622 -0.329357
10 6086 0.0701197 -0.367063
11 6086 0.118017 -0.325929
10 6087 0.0564347 -0.35678
11 6087 0.100911 -0.319073
10 6088 0.0256435 -0.349924
11 6088 0.0666984 -0.312217
10 5815 -0.00856889 -0.346496
10 6089 -0.0154114 -0.329357
11 6089 0.0290648 -0.295078
11 5625 0.0376179 -0.288793
10 6090 0.0256435 -0.312217
11 6090 0.0701197 -0.274511
11 5671 0.0427498 -0.274511
11 5673 0.0632772 -0.257371
10 6091 0.0222223 -0.284794
11 6091 0.0701197 -0.250515
10 6092 -0.0393601 -0.271083
11 6092 0.00169483 -0.240232
11 5675 0.277105 -0.217379
10 6093 -0.254898 -0.250515
11 6093 -0.220686 -0.233376
10 6094 -0.0325176 -0.24366
11 6094 0.0119586 -0.212809
10 6095 -0.12147 -0.240232
11 6095 -0.0769938 -0.216237
10 5817 0.261709 -0.240232
10 5818 0.268552 -0.233376
10 6096 -0.128312 -0.219665
11 6096 -0.0872575 -0.195669
11 1800 0.278816 -0.161391
10 6097 0.268552 -0.205953
11 6097 0.313028 -0.151107
10 6098 0.258288 -0.199097
11 6098 0.302764 -0.144251
11 5690 0.278816 -0.144251
10 6099 0.220654 -0.185386
11 6099 0.265131 -0.133968
10 6100 0.258288 -0.185386
11 6100 0.302764 -0.13054
10 6101 -0.165946 -0.147679
11 6101 -0.136295 -0.128826
10 6102 -0.189895 0.0339983
11 6102 -0.213843 0.0477098
12 5934 0.19355 -0.283505
12 4997 0.221239 -0.266285
12 5011 0.182092 -0.254806
10 6103 0.0761085 -0.367691
12 6103 0.279482 -0.238542
12 5020 0.194504 -0.242369
12 3438 0.269934 -0.226106
12 5026 0.226013 -0.230506
12 5027 0.229832 -0.228019
12 5030 0.209781 -0.229932
12 5038 0.196414 -0.225149
10 6104 0.00449806 -0.338991
12 6104 0.200233 -0.224193
12 5040 0.204052 -0.218453
12 5042 0.205007 -0.216539
10 4628 0.0188202 -0.327512
10 4305 -0.0508807 -0.292115
10 1582 -0.0527903 -0.288289
10 6105 0.0283682 -0.271069
12 6105 0.226013 -0.152443
12 5064 0.109527 -0.168706
12 3635 0.453257 -0.0701708
10 6106 0.0398259 -0.236629
12 6106 0.233651 -0.11609
12 2653 0.432022 -0.0697881
12 5949 0.220559 -0.105881
12 5082 0.452302 -0.0452977
12 5084 0.440844 -0.0462544
12 5950 -0.010015 -0.146703
12 5089 0.43607 -0.044341
12 5091 0.41411 -0.047211
10 6107 -0.179779 -0.209843
12 6107 -0.00428614 -0.139815
12 4791 0.435116 -0.0414711
12 5951 -0.0120774 -0.141423
12 5120 -0.0403778 -0.14479
12 948 0.441417 -0.0353484
10 6108 0.259431 -0.205059
12 6108 0.443709 -0.0338178
12 5952 -0.0375134 -0.140963
12 5953 0.41411 -0.0328612
12 5954 0.431105 -0.0238686
12 5956 0.399024 -0.0284605
10 5716 0.234606 -0.18784
10 5717 0.235561 -0.185926
12 5957 0.444664 -0.00703143
12 1021 -0.0260557 -0.102697
12 5131 -0.0336942 -0.0912172
12 5959 -0.039423 -0.0854773
10 5845 -0.19983 -0.13905
10 6109 -0.19983 0.127857
12 6109 -0.142542 0.156557
10 6110 -0.0191811 -0.407297
12 6110 0.187821 -0.294029
12 1211 0.217534 -0.258517
12 5147 0.217993 -0.253466
12 5152 0.181328 -0.254614
12 5153 0.208827 -0.250022
10 6111 0.0106088 -0.364821
12 6111 0.204243 -0.246578
12 3621 0.25924 -0.236246
12 5155 0.254657 -0.23395
12 5159 0.193932 -0.241986
10 6112 0.069043 -0.351045
12 6112 0.268406 -0.223619
12 5169 0.236516 -0.227063
12 5172 0.19164 -0.232802
12 5171 0.209285 -0.229588
12 5173 0.203098 -0.231654
10 2928 0.024358 -0.336121
12 5183 0.19966 -0.212139
10 286 0.00602576 -0.317754
12 5191 0.226013 -0.160479
12 5192 0.217993 -0.158183
12 5199 0.434161 -0.0826073
10 6113 0.039253 -0.236246
12 6113 0.234033 -0.115708
12 5972 0.0722893 -0.13618
12 5214 0.446 -0.0479763
12 4179 -0.029493 -0.145555
12 5975 -0.0111607 -0.139815
12 5734 -0.0398049 -0.138667
12 5233 0.446 -0.0284605
12 5242 0.402461 -0.0273125
10 5844 -0.186463 -0.154739
12 5982 -0.0508807 -0.0950439
12 52 -0.0289201 -0.0873906
12 211 -0.142924 0.156366
12 5260 0.184536 -0.287447
12 5279 0.180412 -0.255762
10 6114 0.0429195 -0.353571
12 6114 0.245033 -0.229588
12 5991 0.236783 -0.2227
12 5295 0.153448 -0.236629
12 5297 0.20516 -0.219945
12 5992 0.238158 -0.208924
12 5302 0.206535 -0.210302
12 5738 0.149629 -0.207929
12 5995 0.141914 -0.189638
12 5190 0.21066 -0.173658
12 5307 0.136414 -0.179995
12 5306 0.225784 -0.160709
12 5308 0.217534 -0.159331
12 203 0.227159 -0.152168
12 5324 0.232659 -0.116626
12 5997 0.0678972 -0.138667
12 5351 -0.0409507 -0.138667
12 4344 0.408648 -0.0284605
10 4231 -0.183942 -0.163464
10 1461 -0.216941 -0.149688
12 2167 -0.0283473 -0.0881559
10 6115 -0.200441 0.076236
12 6115 -0.148194 0.106543
10 6116 -0.199067 0.127207
12 6116 -0.142695 0.156136
10 6117 -0.017027 -0.411705
12 6117 0.190861 -0.295988
12 5357 0.184261 -0.287722
10 6118 -0.0120773 -0.400133
12 6118 0.194161 -0.284416
12 5358 0.218909 -0.274497
12 5360 0.222209 -0.266232
12 5378 0.172162 -0.247497
12 6009 0.192786 -0.241986
12 5384 0.174362 -0.239782
12 5386 0.21396 -0.229864
12 5298 0.242338 -0.213333
10 1708 0.017621 -0.32905
10 6119 -0.035176 -0.327397
12 6119 0.159788 -0.219945
12 6013 0.190861 -0.213333
12 292 0.2067 -0.211349
10 5304 -0.0269265 -0.309213
12 5403 0.217259 -0.15878
12 182 0.206535 -0.151066
10 6120 -0.053325 -0.243088
12 6120 0.129485 -0.143902
10 1722 -0.107772 -0.239782
10 6121 0.0390697 -0.236476
12 6121 0.233758 -0.115799
10 6122 -0.0945726 -0.219945
12 6122 0.0885668 -0.130677
12 4820 0.425147 -0.0496753
12 6024 -0.0382008 -0.148311
12 5345 -0.0302263 -0.145555
12 5436 -0.00712762 -0.142249
12 5438 -0.0395758 -0.145555
12 5439 0.0836172 -0.114146
12 6029 0.412608 -0.0268624
12 4805 -0.0519501 -0.0945846
10 5862 -0.195217 -0.140596
10 1232 -0.162219 0.0842261
10 6123 -0.203466 0.120594
12 6123 -0.145445 0.149248
10 6124 -0.0209868 -0.385917
12 6124 0.180962 -0.274828
12 5457 0.217259 -0.257966
12 5775 0.230459 -0.245072
12 697 0.194821 -0.225235
12 5475 0.236398 -0.209365
10 6125 -0.034846 -0.328389
12 6125 0.159513 -0.219945
12 6039 0.187297 -0.193099
12 5484 0.228479 -0.14787
10 6126 -0.0784035 -0.254991
12 6126 0.106716 -0.160433
10 6127 -0.100182 -0.24904
12 6127 0.0937915 -0.157954
12 5502 0.408648 -0.0546346
12 5515 -0.0209868 -0.145886
12 5521 -0.0388058 -0.145886
12 5526 -0.0388058 -0.126049
10 5784 -0.201156 -0.155805
12 5532 -0.0417756 -0.0860436
10 6128 -0.199177 -0.141918
12 6128 -0.0368259 -0.0824068
10 6129 -0.161559 0.0842261
12 6129 -0.100182 0.127868
10 6130 -0.203136 0.119933
12 6130 -0.14572 0.148697
10 6131 -0.201156 0.127868
12 6131 -0.14407 0.156963
12 6050 0.203928 -0.266893
12 6054 0.231488 -0.245945
10 5883 0.0494972 -0.35259
10 6132 -0.00039593 -0.338307
12 6132 0.194425 -0.224045
12 5562 0.191574 -0.194527
12 5568 0.148808 -0.174531
12 2367 0.225311 -0.152631
12 6062 0.0819672 -0.149853
10 6133 -0.116813 -0.228806
12 6133 0.0720678 -0.141918
10 6134 -0.0217787 -0.228806
12 6134 0.169082 -0.122081
10 6135 -0.128693 -0.219284
12 6135 0.0621684 -0.135967
12 5589 -0.0217787 -0.145489
12 6065 -0.0384098 -0.14787
12 5591 -0.00752352 -0.140728
12 520 0.101766 -0.116923
12 5596 -0.0427655 -0.139935
10 6136 -0.109686 -0.193099
12 6136 0.0720678 -0.108195
10 6137 -0.192841 -0.174055
12 6137 -0.0249466 -0.108195
10 6138 -0.209472 -0.145489
12 6138 -0.0427655 -0.0863742
10 4631 -0.223727 -0.135967
10 6139 -0.033658 -0.414482
12 6139 0.177794 -0.30022
12 5798 0.211531 -0.251658
12 5800 0.222935 -0.240232
12 6072 0.183021 -0.217379
12 1334 0.189863 -0.185386
10 5875 0.0347668 -0.271654
10 6140 -0.107785 -0.237375
12 6140 0.0832345 -0.148822
10 4833 0.0376179 -0.237375
12 6076 0.222935 -0.10883
10 6141 0.165915 -0.217379
12 6141 0.356934 -0.068838
12 5647 -0.0365091 -0.145965
12 5645 -0.00799868 -0.140252
12 5650 -0.0431615 -0.140728
12 6078 -0.0431615 -0.131206
10 5879 -0.179061 -0.157391
12 6082 -0.033658 -0.0831208
10 6142 -0.187614 0.088273
12 6142 -0.131734 0.123123
12 525 0.176178 -0.301934
12 6083 0.193284 -0.29165
10 6143 0.00169483 -0.384203
12 6143 0.203548 -0.267655
10 6144 0.00169483 -0.363635
12 6144 0.196706 -0.247088
12 2492 0.213812 -0.212809
12 6090 0.227497 -0.192242
12 5673 0.210391 -0.175102
12 6094 0.165915 -0.137395
12 5684 0.169336 -0.123684
12 5689 0.100911 -0.116828
10 6145 -0.179631 -0.157963
12 6145 -0.0154114 -0.0928331
10 6146 -0.169367 -0.154535
12 6146 -0.00172639 -0.0859773
13 4997 0.16777 -0.271069
13 5936 0.220284 -0.238542
13 652 0.156312 -0.216539
13 587 0.088521 -0.18784
13 5056 0.184765 -0.152443
13 5088 -0.064248 -0.17923
13 5080 0.374963 -0.0586909
13 5083 0.374963 -0.050081
13 5950 -0.0569914 -0.159331
13 5091 0.353957 -0.0510376
13 4795 0.377827 -0.044341
13 5118 -0.0594739 -0.152443
13 5228 0.36255 -0.0414711
13 5952 -0.0856356 -0.154739
10 6147 0.251793 -0.200276
13 6147 0.376109 -0.0353484
13 5714 0.353957 -0.0309478
13 5954 0.370189 -0.0280779
13 5956 0.34059 -0.0319045
13 5717 0.358731 -0.0232946
13 5957 0.383556 -0.0108581
13 5845 -0.0833441 -0.0931306
10 6148 -0.158774 0.078111
13 6148 -0.157819 0.0978182
10 6149 -0.161638 0.0819377
13 6149 -0.163548 0.100114
13 1986 0.171016 -0.225915
13 5965 0.151538 -0.2227
13 5041 0.187057 -0.213287
13 5181 0.155663 -0.21719
13 4804 0.128623 -0.218453
13 5078 0.127668 -0.145747
10 6150 0.260386 -0.241986
13 6150 0.382983 -0.076676
10 6151 0.275281 -0.23969
13 6151 0.399024 -0.0697881
10 3766 0.282156 -0.23969
13 6113 0.186866 -0.119917
13 5972 0.0264586 -0.14479
13 1028 0.0146511 -0.126049
13 5216 0.371525 -0.0525683
13 5219 0.38642 -0.0468283
13 4179 -0.0776152 -0.159331
13 5974 -0.053325 -0.152443
13 5092 0.377254 -0.0445323
13 5231 0.365797 -0.0410884
13 5734 -0.0890729 -0.153591
13 4241 0.353957 -0.0357311
10 5842 0.234033 -0.188031
10 6152 -0.187609 -0.163923
13 6152 -0.0671124 -0.11322
13 5982 -0.0957566 -0.108437
13 872 -0.0852537 -0.0969572
13 5258 -0.0821983 -0.0938959
10 6153 -0.164694 0.0851903
13 6153 -0.167443 0.101033
13 5282 0.206535 -0.23969
13 5295 0.103798 -0.243326
10 6154 -0.00382782 -0.33704
13 6154 0.140081 -0.230506
13 261 0.148788 -0.226833
13 5994 0.171062 -0.186883
13 5995 0.0924166 -0.196526
13 5308 0.169412 -0.163464
13 5996 0.392149 -0.0752985
13 4809 0.394899 -0.0739209
10 6155 0.28903 -0.239231
13 6155 0.418273 -0.0656553
13 5327 0.37565 -0.0546346
13 4808 0.371525 -0.0532571
13 4623 -0.0629494 -0.157954
13 5332 0.393799 -0.0414098
13 5766 0.360526 -0.0270829
13 5344 0.389399 -0.020195
13 1461 -0.0931977 -0.106983
10 6156 -0.159194 0.0776136
13 6156 -0.157819 0.0968998
13 5362 0.162813 -0.271191
10 6157 0.00772152 -0.373684
13 6157 0.151263 -0.261273
13 5402 0.0968164 -0.183577
13 5403 0.169412 -0.163739
13 5408 0.393799 -0.0744719
13 5409 0.406998 -0.0678594
13 6121 0.184921 -0.122081
13 3353 0.37565 -0.0546346
13 5418 0.38225 -0.0513284
13 4820 0.364101 -0.0529815
13 5345 -0.0780735 -0.160433
13 6026 0.366026 -0.0408588
13 5442 -0.0890729 -0.153821
10 4845 0.237058 -0.190189
10 4847 0.218909 -0.181924
13 4805 -0.0973224 -0.108361
13 2154 -0.093656 -0.106524
13 5447 -0.087698 -0.100095
13 6030 -0.0849481 -0.0959622
10 6158 -0.158919 0.0776136
13 6158 -0.159579 0.0961284
13 370 -0.169478 0.10208
13 5455 0.151263 -0.270861
10 6159 -0.0467253 -0.344258
13 6159 0.103416 -0.243364
13 6039 0.135028 -0.20024
13 2655 0.0819672 -0.189528
13 5491 0.405877 -0.0693141
13 5499 0.37499 -0.0546346
13 5509 0.0225707 -0.139935
13 5515 -0.0685041 -0.159772
13 5521 -0.0879729 -0.160433
13 5507 0.38489 -0.0367811
13 5522 -0.0896228 -0.153821
13 5525 -0.086323 -0.145886
13 1549 -0.070484 -0.106211
10 6160 -0.224915 -0.151837
13 6160 -0.0962225 -0.109187
13 5532 -0.0879729 -0.100921
13 6050 0.151659 -0.271654
13 5543 0.149283 -0.262132
13 6132 0.143344 -0.231186
13 5555 0.135028 -0.226425
13 5566 0.0918667 -0.197463
13 5577 -0.0621684 -0.181196
13 5792 0.371189 -0.0745511
13 992 0.37499 -0.0550313
13 5589 -0.0716718 -0.159772
13 5595 -0.108551 -0.163923
13 5584 0.365487 -0.0455094
10 1012 -0.116813 -0.195479
13 5597 -0.085927 -0.145489
13 3348 0.353608 -0.0312266
13 5601 -0.0787994 -0.119304
13 2359 -0.0784035 -0.112163
13 5602 -0.0645442 -0.107402
10 6161 -0.159579 0.0758945
13 6161 -0.159579 0.0949383
13 5623 0.163539 -0.216903
13 5875 0.188723 -0.154535
13 5633 0.376891 -0.0545552
13 6077 -0.0787994 -0.159772
13 5647 -0.085927 -0.159772
10 6162 0.242892 -0.205953
13 6162 0.365487 -0.0431289
13 5640 0.385444 -0.0374158
10 6163 0.23719 -0.20024
13 6163 0.362636 -0.0374158
13 6079 -0.0835512 -0.138348
13 5810 -0.0792746 -0.120256
13 5651 -0.0764235 -0.111686
13 5879 -0.0621684 -0.105973
13 6082 -0.0811753 -0.0978797
10 6164 -0.161955 0.0854164
13 6164 -0.165946 0.102556
10 6165 0.0119586 -0.370491
13 6165 0.157361 -0.257371
13 6092 0.100911 -0.175102
13 1537 0.0176606 -0.123113
10 6166 0.206969 -0.192242
13 6166 0.330134 -0.0379871
13 76 -0.0821256 -0.137395
13 6146 -0.0496238 -0.0996889
13 5700 -0.178443 -0.0780536
14 4997 0.142945 -0.264372
10 6167 0.00545287 -0.384911
14 6167 0.125758 -0.265329
10 5907 0.0178653 -0.383954
14 1983 0.156213 -0.244741
10 4640 0.063696 -0.367691
14 5029 0.177318 -0.221323
14 5038 0.122894 -0.223236
14 5041 0.169679 -0.207929
14 4305 0.073626 -0.188031
14 5056 0.169412 -0.145555
14 5071 0.365415 -0.0720841
14 3635 0.371144 -0.0692141
14 3746 0.377827 -0.0663442
10 6168 0.278527 -0.239499
14 6168 0.387566 -0.0651962
10 1903 0.272799 -0.226106
14 915 0.355867 -0.0481677
14 5082 0.373817 -0.0445323
14 5083 0.361595 -0.0452977
14 5950 -0.0776152 -0.147851
14 5110 -0.0804797 -0.145747
14 4794 0.354912 -0.0395578
14 5095 0.350138 -0.0357311
14 5714 0.339635 -0.0261646
14 5111 0.331042 -0.0261646
14 5956 0.327222 -0.0261646
14 5717 0.344027 -0.0181286
14 5845 -0.100531 -0.0816507
14 5201 0.371525 -0.0720841
14 6150 0.365797 -0.0720841
14 5201 0.373817 -0.0709361
14 5205 0.366942 -0.0697881
14 5077 0.38555 -0.059594
14 5216 0.356631 -0.0479763
14 5219 0.371525 -0.0422364
14 5221 0.3784 -0.0376444
14 5223 0.339444 -0.0456803
14 5224 0.354339 -0.0399404
14 3748 0.349756 -0.0399404
10 6169 -0.212816 -0.205251
14 6169 -0.109697 -0.145555
14 5232 0.357776 -0.0328612
10 5098 0.255803 -0.201807
14 4241 0.34059 -0.0299912
14 5251 0.0130913 -0.108437
14 5842 0.344027 -0.0204246
14 872 -0.10244 -0.0845206
14 5267 0.12679 -0.264028
10 1332 0.0676681 -0.350816
14 6154 0.117165 -0.224078
14 5993 0.113315 -0.193495
14 5996 0.3729 -0.0711657
14 1670 0.368776 -0.0642777
14 5998 0.0291703 -0.129024
14 2982 0.120602 -0.109968
14 5328 0.366026 -0.0463692
14 5334 0.353652 -0.0394812
14 5335 0.363276 -0.0339709
14 5339 0.360526 -0.0298381
14 5340 0.371525 -0.0243277
14 131 0.339902 -0.0257053
14 5766 0.346777 -0.0215726
14 5749 0.368776 -0.00641915
10 154 -0.192192 -0.141423
14 6117 0.113315 -0.292682
14 5362 0.137404 -0.264909
14 5392 0.129814 -0.219945
14 4806 0.147303 -0.215316
14 5412 0.367401 -0.0645532
14 3353 0.359151 -0.0496753
14 5418 0.367401 -0.0463691
14 5345 -0.100072 -0.148311
14 6026 0.353652 -0.0353484
14 5432 0.385275 -0.0215726
14 6029 0.341002 -0.0248788
14 4847 0.323513 -0.0189276
14 5862 -0.0945726 -0.0827374
14 5450 0.113315 -0.319131
14 6159 0.0818373 -0.234716
14 5488 0.347602 -0.0860436
14 5490 0.349252 -0.0794312
10 6170 0.246298 -0.235153
14 6170 0.353212 -0.0685207
14 5413 0.38291 -0.0605858
14 5504 0.347272 -0.0466997
10 6171 -0.100182 -0.203414
14 6171 0.0242206 -0.114146
14 5522 -0.111072 -0.142249
14 341 0.00607162 -0.11084
14 5525 -0.106122 -0.133984
14 6128 -0.102162 -0.0843905
14 5537 0.113645 -0.290698
14 5538 0.101766 -0.283556
14 5543 0.125525 -0.254991
10 6172 0.0138592 -0.345449
14 6172 0.137404 -0.226425
14 5567 0.0641483 -0.181593
14 5570 0.34648 -0.0883578
14 5589 -0.0883029 -0.14787
14 6065 -0.108102 -0.14787
14 5583 0.377366 -0.0359875
14 5595 -0.128029 -0.151295
14 6066 0.370239 -0.0312266
14 5511 0.335393 -0.0288462
14 5588 0.353608 -0.0217047
14 331 -0.100182 -0.0859774
10 6173 -0.192841 -0.143109
14 6173 0.362636 -0.00599361
14 4810 0.114596 -0.317359
14 93 0.106043 -0.20024
14 6141 0.294211 -0.0659814
14 5638 0.34553 -0.0459855
14 6162 0.351232 -0.0374158
14 5640 0.371189 -0.0317027
14 505 0.00910752 -0.116923
14 5641 0.368338 -0.023133
14 5808 0.34553 -0.0259896
14 5643 0.325097 -0.0288461
14 5653 -0.0645442 -0.078836
14 5656 0.114596 -0.315645
14 6085 0.148808 -0.257371
14 6165 0.0997862 -0.254991
10 5819 0.254867 -0.223092
10 6174 0.258288 -0.212809
14 6174 0.364347 -0.041415
14 1537 0.00340546 -0.111686
10 6175 -0.165946 -0.137395
14 6175 -0.0678704 -0.0716946
10 6176 -0.196737 0.0614213
14 6176 -0.234371 0.0785607
15 5942 0.127477 -0.210991
15 5068 0.326268 -0.00703143
15 3635 0.322448 -0.00607477
15 2653 -0.141587 -0.16775
15 948 0.319966 0.0346789
15 5169 0.136414 -0.219945
15 5181 0.12129 -0.203414
15 1627 0.316529 -0.00779674
15 6151 0.333028 0.000468791
15 5996 0.365487 0.00543267
15 3458 0.112582 -0.0996358
15 1427 0.317574 0.0147958
15 5779 0.31797 0.033046
15 6064 0.303715 0.0147958
15 6162 0.31797 0.0401875
10 4943 0.302764 -0.284794
10 6177 0.275394 -0.22652
15 6177 0.340398 0.0237147
10 6178 -0.034649 -0.417437
16 6178 0.130277 -0.297839
10 4964 -0.00218558 -0.280635
16 5057 -0.311543 0.016885
16 5083 0.306217 0.0465414
16 5089 0.305262 0.0484547
10 3636 -0.0501168 -0.312014
10 6179 0.0440194 -0.352193
16 6179 0.176363 -0.194536
16 5396 0.196706 -0.13054
10 1985 -0.0586046 -0.24904
10 981 -0.0130672 -0.223251
16 6098 0.329453 0.0941447
17 3766 0.325695 0.0668225
17 1959 0.288075 0.0465414
10 6180 -0.1899 -0.235098
17 6180 0.199177 -0.176435
17 5224 0.302779 0.0886343
10 981 -0.0120773 -0.223251
10 1402 -0.186967 0.0395923
10 6181 -0.183337 -0.165723
17 6181 -0.0632244 -0.133984
17 769 0.120602 -0.148999
17 5626 0.181328 -0.153591
12 5932 0.192595 -0.323685
11 6182 -0.147316 -0.390651
12 6182 0.0564395 -0.323494
12 123 0.19164 -0.299768
11 6183 0.0302778 -0.377258
12 6183 0.18973 -0.297855
11 6184 0.0656056 -0.352385
12 6184 0.222194 -0.269155
12 4998 0.202143 -0.267242
12 4999 0.205962 -0.264372
11 6185 0.0608316 -0.338035
12 6185 0.21341 -0.255762
12 242 0.173499 -0.257676
11 6186 0.024549 -0.324642
12 6186 0.174454 -0.247152
12 5936 0.275663 -0.233759
11 6187 0.0608316 -0.321772
12 6187 0.215701 -0.23969
11 4156 0.0990238 -0.321772
11 6188 0.0531932 -0.318902
12 6188 0.207872 -0.238542
11 6189 0.034097 -0.317945
12 6189 0.185911 -0.239499
12 5023 0.249883 -0.228976
12 5031 0.19164 -0.232802
11 6190 0.0407807 -0.307422
12 6190 0.19355 -0.228019
11 4289 0.0761085 -0.305508
12 3052 0.254657 -0.218453
12 5943 0.19164 -0.224193
11 5038 0.0436451 -0.303595
11 6191 0.0665604 -0.299768
12 6191 0.21742 -0.217496
12 2793 0.213601 -0.215583
11 6192 0.0923402 -0.295942
12 6192 0.244345 -0.209843
11 6193 0.0484191 -0.292115
12 6193 0.199278 -0.211756
11 6194 0.063696 -0.292115
12 6194 0.215701 -0.210991
11 1653 0.0570124 -0.290202
12 5725 0.166815 -0.203146
11 6195 0.0617864 -0.272982
12 6195 0.210736 -0.191666
11 6196 0.0465095 -0.272025
12 6196 0.194504 -0.192623
12 4175 0.145809 -0.195493
11 6197 0.0417355 -0.266285
12 6197 0.19164 -0.186883
11 6198 0.0360067 -0.248109
12 6198 0.19164 -0.168706
11 6199 0.0827921 -0.237586
12 6199 0.235561 -0.152443
11 5828 0.0741989 -0.234716
11 6200 -0.0336942 -0.232802
12 6200 0.114301 -0.16488
12 203 0.231742 -0.147851
11 6201 0.0178653 -0.216539
12 6201 0.170634 -0.140007
12 5708 0.432251 -0.086434
11 277 -0.15209 -0.19645
12 2754 0.0904306 -0.13044
12 5949 0.223149 -0.106524
12 5125 -0.0403778 -0.138093
12 5123 0.0703797 -0.109394
11 6202 0.26516 -0.165836
12 6202 0.407044 -0.0548643
11 6203 0.266115 -0.161053
12 6203 0.407426 -0.050081
12 5094 0.447528 -0.0347745
12 5102 0.440844 -0.0290345
11 5128 -0.170231 -0.140963
12 5956 0.397878 -0.0280779
12 5112 0.405517 -0.0261646
11 5130 -0.170231 -0.137137
12 5122 0.446573 -0.00798808
11 5845 -0.171186 -0.12183
11 6204 -0.220836 0.0905476
12 6204 -0.148271 0.105854
11 6205 -0.171186 0.0991575
12 6205 -0.0948018 0.125944
11 6206 -0.219881 0.111594
12 6206 -0.145406 0.126901
12 5961 0.184765 -0.287906
11 6207 0.0713345 -0.348749
12 6207 0.227159 -0.264028
12 5143 0.179037 -0.264946
12 5150 0.176745 -0.259206
11 6208 0.054148 -0.336121
12 6208 0.207872 -0.253849
12 3165 0.214555 -0.252318
11 6209 0.0140462 -0.332677
12 6209 0.16777 -0.255762
12 5154 0.172544 -0.253849
11 6210 0.0140462 -0.330381
12 6210 0.168725 -0.251936
11 6211 0.0747718 -0.328085
12 6211 0.228305 -0.244282
11 6212 -0.00199461 -0.322346
12 6212 0.155357 -0.247152
11 6213 0.0827921 -0.32005
12 6213 0.238158 -0.235098
12 5706 0.207681 -0.238542
12 3528 0.238616 -0.231654
12 4801 0.270698 -0.225915
11 459 0.0759176 -0.312014
12 1273 0.236325 -0.227062
12 5965 0.203098 -0.215583
11 6214 0.0507107 -0.277574
12 6214 0.19966 -0.197904
11 6215 0.039253 -0.27413
12 6215 0.185911 -0.196067
12 5966 0.184765 -0.191475
11 6216 0.0403988 -0.266094
12 6216 0.190036 -0.186883
11 6217 0.0358157 -0.247726
12 6217 0.190036 -0.168974
11 6218 0.0174834 -0.244282
12 6218 0.165287 -0.168515
12 5969 0.116019 -0.169663
11 6219 0.00717154 -0.237394
12 6219 0.154976 -0.163923
11 6220 0.0827921 -0.237394
12 6220 0.236325 -0.152443
12 5727 0.109145 -0.168515
12 5732 -0.0340761 -0.148999
11 6221 -0.0799068 -0.192623
12 6221 0.0675153 -0.132353
12 5235 0.0770633 -0.1247
11 5245 -0.0730322 -0.181143
11 172 -0.18188 -0.169663
11 6222 -0.178443 -0.169663
12 6222 -0.0386591 -0.12604
12 1028 0.436834 -0.0548643
11 6223 0.266115 -0.161627
12 6223 0.40819 -0.0502723
11 6224 -0.161256 -0.160479
12 6224 -0.0222365 -0.114177
11 6225 0.260386 -0.135223
12 6225 0.397649 -0.0229502
11 52 -0.164694 -0.131779
12 5983 -0.0398049 -0.0858599
12 5979 0.441417 -0.00779674
12 5249 0.444855 -0.00664874
11 872 -0.175005 -0.124892
11 5258 -0.169277 -0.121448
11 6226 -0.197921 0.0599346
12 6226 -0.111033 0.0828943
11 6227 -0.191046 0.0599346
12 6227 -0.105305 0.0848076
11 6228 -0.223128 0.0955222
12 6228 -0.150944 0.109298
11 6229 -0.175005 0.103558
12 6229 -0.0993848 0.128814
11 6230 -0.272396 0.110446
12 6230 -0.190282 0.116377
11 6231 -0.21969 0.111594
12 6231 -0.145215 0.126518
12 5720 0.174912 -0.301223
12 5984 0.191411 -0.294335
12 5263 0.218909 -0.275048
12 5755 0.173308 -0.263798
11 6232 0.0181709 -0.335662
12 6232 0.173308 -0.258058
12 5147 0.212035 -0.253007
11 6233 0.0552937 -0.331529
12 6233 0.209285 -0.250252
11 6234 0.0126712 -0.330152
12 6234 0.168725 -0.252318
11 6235 0.0745427 -0.328774
12 6235 0.228534 -0.244742
12 5282 0.258782 -0.236476
12 2659 0.154976 -0.246578
11 6236 0.0566687 -0.320509
12 6236 0.20791 -0.239231
11 6114 0.0896668 -0.314998
12 5989 0.249158 -0.22821
11 6237 0.11579 -0.314998
12 6237 0.269781 -0.225455
12 5295 0.152913 -0.236476
12 3441 0.253282 -0.218567
11 6238 0.0387947 -0.303978
12 6238 0.190036 -0.225455
12 1127 0.21396 -0.205067
11 6239 0.0442944 -0.281936
12 6239 0.191411 -0.202036
11 6240 -0.00382782 -0.280559
12 6240 0.149247 -0.207547
12 1223 0.167579 -0.201807
11 6241 0.0649182 -0.277804
12 6241 0.21396 -0.195148
12 5304 0.165287 -0.202036
11 119 0.0387947 -0.270916
12 5967 0.190861 -0.186883
12 5994 0.217534 -0.181373
12 5315 0.108916 -0.168974
11 384 -0.0409507 -0.22821
12 5225 0.0713345 -0.139815
11 6242 -0.0519501 -0.199281
12 6242 0.0910417 -0.134535
12 5406 0.427668 -0.0870079
12 5748 -0.0398049 -0.145555
11 5217 0.0772925 -0.18826
11 3762 -0.0684491 -0.186883
11 6243 -0.0711989 -0.185505
12 6243 0.0745427 -0.123514
12 631 0.0713345 -0.1203
11 6244 0.283531 -0.163464
12 6244 0.426522 -0.0505019
12 5999 0.412773 -0.0477467
11 5860 -0.163319 -0.146933
11 6245 -0.159194 -0.140045
12 6245 -0.0217018 -0.0945846
11 5242 0.262907 -0.138667
12 1637 -0.0313262 -0.093207
12 5747 0.427897 -0.0243277
11 5447 -0.178443 -0.127647
11 6115 -0.22244 0.0913894
11 6246 -0.183942 0.0968998
12 6246 -0.108322 0.120319
11 6247 -0.175693 0.103788
12 6247 -0.100072 0.128584
11 6248 -0.179818 0.106543
12 6248 -0.104197 0.129962
11 6249 -0.221065 0.112053
12 6249 -0.145445 0.127207
11 6123 -0.218315 0.135472
11 2075 0.00772152 -0.385255
11 6117 0.0308202 -0.375337
11 6118 0.0357699 -0.363765
11 5359 0.0654682 -0.353846
12 5754 0.222209 -0.256313
11 6250 0.00937142 -0.330703
12 6250 0.166662 -0.253007
11 6251 0.0753676 -0.32905
12 6251 0.228809 -0.244741
12 5374 0.196911 -0.244742
11 6252 0.0984663 -0.320784
12 6252 0.255207 -0.23317
11 6253 0.0902168 -0.314172
12 6253 0.244318 -0.227219
12 5380 0.250258 -0.22821
11 6254 0.0836172 -0.307559
12 6254 0.237058 -0.221598
12 697 0.195811 -0.224904
11 6255 0.0803174 -0.304253
12 6255 0.233758 -0.219945
11 6256 0.00112192 -0.277804
12 6256 0.154563 -0.203414
11 5304 0.0159711 -0.277804
11 6257 0.0473192 -0.272844
12 6257 0.195811 -0.193495
12 119 0.186901 -0.193495
11 6258 0.0671181 -0.264579
12 6258 0.218909 -0.181924
12 5401 0.139164 -0.181373
11 6259 -0.0401257 -0.236476
12 6259 0.110016 -0.168699
11 5056 0.0786674 -0.231517
12 688 -0.0137272 -0.167046
12 3743 0.0814172 -0.151066
11 6260 -0.0764236 -0.201761
12 6260 0.0717928 -0.140045
11 5324 0.085267 -0.201761
11 6261 -0.0813733 -0.200108
12 6261 0.0676681 -0.138667
11 5509 -0.0797234 -0.191842
12 6019 0.428447 -0.0794312
12 1866 0.180962 -0.112493
11 6262 -0.069824 -0.188536
12 6262 0.0759176 -0.126269
11 6263 -0.0846731 -0.175311
12 6263 0.0594185 -0.116626
11 6264 -0.160569 -0.160433
12 6264 -0.0230767 -0.115248
12 5446 -0.0219768 -0.0943091
12 5437 0.402049 -0.028185
12 6030 -0.0368259 -0.0810843
11 5862 -0.167168 -0.122412
11 981 -0.191917 0.0594295
11 6265 -0.290911 0.0660419
12 6265 -0.193147 0.0733278
11 6266 -0.185317 0.0974509
12 6266 -0.107772 0.120594
11 6267 -0.172118 0.099104
12 6267 -0.0962225 0.125554
11 1232 -0.175418 0.104063
11 6268 0.0304902 -0.401786
12 6268 0.192841 -0.320454
11 6269 0.0087115 -0.383933
12 6269 0.176287 -0.303978
12 2417 0.192841 -0.284747
12 5453 0.222539 -0.266893
11 6270 0.0483092 -0.346242
12 6270 0.20472 -0.264909
12 5786 0.173042 -0.264909
11 6271 0.0502891 -0.336323
12 6271 0.20274 -0.254991
12 5463 0.171062 -0.254991
11 6272 0.0562287 -0.332356
12 6272 0.20868 -0.251023
11 6273 0.0403897 -0.322437
12 6273 0.192841 -0.243088
11 6274 0.0601885 -0.320454
12 6274 0.21462 -0.237137
11 6275 0.101766 -0.320454
12 6275 0.256197 -0.233566
12 6034 0.190861 -0.23317
11 6276 0.0839471 -0.308551
12 6276 0.238378 -0.223251
11 6277 0.0601885 -0.306568
12 6277 0.21066 -0.225235
11 6278 0.0384098 -0.304584
12 6278 0.188881 -0.225235
12 6038 0.186901 -0.219284
11 292 0.0562287 -0.292681
11 6279 0.0443494 -0.282763
12 6279 0.192841 -0.203414
12 5777 0.149283 -0.199446
11 6280 -0.0269264 -0.258958
12 6280 0.126515 -0.188536
11 6281 0.0582086 -0.254991
12 6281 0.21066 -0.173658
11 6282 0.0423695 -0.247056
12 6282 0.196801 -0.166913
11 6283 0.016631 -0.245072
12 6283 0.163539 -0.169294
11 190 0.0760276 -0.245072
11 6284 -0.0407857 -0.237137
12 6284 0.109686 -0.169691
12 3341 -0.0130672 -0.167707
11 4530 0.016631 -0.213333
12 5793 0.0720678 -0.142249
12 5646 -0.0648743 -0.153821
12 5436 -0.00712759 -0.141918
11 6285 -0.070484 -0.189528
12 6285 0.0753676 -0.127371
11 6137 -0.163539 -0.153821
11 5867 0.264117 -0.139935
11 6029 0.274016 -0.139935
11 1547 -0.195217 -0.135967
11 6128 -0.171458 -0.124065
11 6286 -0.167498 -0.124065
12 6286 -0.0308862 -0.080423
11 6287 -0.211056 -0.080423
12 6287 -0.11428 -0.0525683
11 6288 -0.185317 0.0961284
12 6288 -0.108102 0.119933
11 6289 -0.173438 0.0981121
12 6289 -0.0962225 0.123901
12 357 -0.14572 0.147705
11 3571 0.0257386 -0.385917
11 6139 0.0138592 -0.381156
11 6290 0.0328662 -0.366873
12 6290 0.192049 -0.285937
11 6291 0.00910752 -0.343068
12 6291 0.16829 -0.264513
11 6292 0.0257386 -0.340688
12 6292 0.177794 -0.262132
11 6293 0.0613765 -0.340688
12 6293 0.215808 -0.257371
11 6294 0.101766 -0.328785
12 6294 0.256197 -0.240708
11 6295 0.0661282 -0.324024
12 6295 0.222935 -0.240708
12 5466 0.214382 -0.237375
11 6296 0.0661282 -0.316883
12 6296 0.220559 -0.233566
12 6055 0.192049 -0.233566
11 5870 0.0851352 -0.307361
12 1978 0.213432 -0.219284
11 6297 0.0494972 -0.288317
12 6297 0.197276 -0.20881
11 6298 -0.00039593 -0.278795
12 6298 0.151659 -0.205001
12 93 0.165122 -0.203414
12 5479 0.156411 -0.20262
11 6299 0.0756317 -0.276415
12 6299 0.227687 -0.193099
11 6300 0.0590006 -0.269274
12 6300 0.213432 -0.188338
12 5564 0.220559 -0.183577
12 888 0.146908 -0.174055
12 6058 0.151659 -0.166913
11 6301 -0.157203 -0.193099
12 6301 -0.0146511 -0.145489
11 6302 0.0756317 -0.190718
12 6302 0.222935 -0.107402
11 5592 -0.0740477 -0.181196
11 5526 -0.178586 -0.169294
12 5795 -0.0407857 -0.10026
11 4832 0.256197 -0.140728
11 5880 -0.171458 -0.135967
12 331 -0.0360339 -0.0812164
11 6303 -0.17621 0.10446
12 6303 -0.100182 0.128265
11 2662 -0.202344 0.106841
11 6304 -0.27362 0.111602
12 6304 -0.192841 0.116362
12 5799 0.197276 -0.245945
11 6305 0.0233627 -0.320216
12 6305 0.175418 -0.243088
12 5548 0.254867 -0.233376
11 6306 0.0518731 -0.314502
12 6306 0.205829 -0.234519
12 1177 0.217233 -0.214523
12 5625 0.188723 -0.211666
11 6307 0.0176606 -0.280224
12 6307 0.165914 -0.205001
11 6308 0.0718303 -0.265941
12 6308 0.222935 -0.183101
11 6309 0.0319158 -0.245945
12 6309 0.183021 -0.168246
11 5877 -0.0536153 -0.203096
11 6310 -0.164806 -0.19167
12 6310 -0.0222539 -0.145965
11 6311 -0.0792746 -0.19167
12 6311 0.0661282 -0.131206
11 5650 -0.184763 -0.183101
11 6312 -0.167657 -0.168818
12 6312 -0.027956 -0.123113
12 6080 -0.0251049 -0.111686
12 5810 -0.030807 -0.105973
11 6313 -0.196167 -0.137395
12 6313 -0.0550408 -0.0978797
11 1050 -0.20472 0.108269
11 6314 -0.221826 0.111125
12 6314 -0.147699 0.125884
11 6315 -0.270294 0.119695
12 6315 -0.190465 0.125408
11 6316 0.032486 -0.401342
12 6316 0.193284 -0.319073
11 6317 0.0564347 -0.349924
12 6317 0.213812 -0.267655
11 6318 0.046171 -0.33964
12 6318 0.200127 -0.257371
11 6319 0.0564347 -0.315645
12 6319 0.210391 -0.233376
11 6320 0.00853734 -0.295078
12 6320 0.162493 -0.219665
11 6321 0.00169483 -0.277938
12 6321 0.15223 -0.205953
12 5671 0.189863 -0.195669
11 6322 -0.00856889 -0.260799
12 6322 0.141966 -0.188814
11 6323 -0.0769938 -0.257371
12 6323 0.0838047 -0.192242
11 6324 0.0153798 -0.247088
12 6324 0.162493 -0.171674
11 6325 -0.0359388 -0.240232
12 6325 0.114596 -0.171674
12 6092 0.148808 -0.168246
12 6094 0.165915 -0.137395
11 6326 0.0735409 -0.192242
12 6326 0.220654 -0.109972
11 6327 0.213812 -0.171674
12 6327 0.357504 -0.068838
11 6328 -0.196737 -0.137395
12 6328 -0.0536153 -0.0974036
11 6329 -0.186474 -0.13054
12 6329 -0.0462026 -0.0894052
11 6330 -0.138576 -0.13054
12 6330 -0.00229663 -0.0831208
11 6331 -0.172789 -0.127112
12 6331 -0.0359388 -0.0825495
11 6332 -0.220686 0.109412
12 6332 -0.14884 0.123123
11 6333 -0.316481 0.112839
12 6333 -0.224677 0.111125
11 6334 -0.224107 0.147118
12 6334 -0.15055 0.159687
11 6335 0.019775 -0.382041
13 6335 0.128623 -0.308378
13 6183 0.138171 -0.302638
11 6336 0.0617864 -0.357168
13 6336 0.166815 -0.278722
13 6185 0.159559 -0.26265
11 6337 0.114301 -0.333251
13 6337 0.21742 -0.248109
13 5008 0.205962 -0.245239
13 5012 0.214555 -0.241412
13 5937 0.206917 -0.239499
13 5939 0.120984 -0.251936
13 5938 0.187057 -0.23969
13 6189 0.133206 -0.246578
13 5027 0.177318 -0.233759
13 5941 0.21551 -0.228019
13 5943 0.140081 -0.229932
13 5038 0.144855 -0.230889
13 5942 0.170634 -0.225149
11 6338 0.0503287 -0.299768
13 6338 0.148674 -0.227063
13 6191 0.164905 -0.222279
13 71 0.151538 -0.217496
11 6339 0.0503287 -0.277765
13 6339 0.148101 -0.204103
13 4175 0.0971142 -0.202189
13 5948 0.0745427 -0.18826
13 169 0.104753 -0.17062
13 5085 0.176363 -0.11035
13 3635 0.389285 -0.0749541
13 5116 0.0360067 -0.123744
13 5709 0.383556 -0.0510376
13 5220 0.36637 -0.0539076
13 5082 0.39024 -0.0491243
13 6203 0.34861 -0.0537163
13 5084 0.383556 -0.0481677
13 5711 0.36446 -0.044341
13 5094 0.384511 -0.0386011
13 5102 0.376872 -0.0338178
13 5954 0.37038 -0.0273125
13 5112 0.346319 -0.0299912
13 6206 -0.208424 0.0943742
11 6340 0.019775 -0.382041
13 6340 0.130532 -0.307422
13 5961 0.133206 -0.293646
13 5138 0.166433 -0.27987
13 6207 0.174454 -0.270686
13 5142 0.151538 -0.270686
13 5278 0.119457 -0.264946
13 5153 0.154976 -0.255762
13 5159 0.141226 -0.248874
11 6341 0.0610226 -0.321198
13 6341 0.158222 -0.246196
13 5168 0.120602 -0.246578
13 3528 0.187057 -0.236246
13 459 0.177891 -0.232802
13 1273 0.180412 -0.232343
13 4463 0.184002 -0.227063
11 6342 0.0656056 -0.277574
13 6342 0.162813 -0.201761
13 6218 0.11579 -0.175862
13 5192 0.171016 -0.162775
13 5969 0.0678972 -0.177699
13 6219 0.104791 -0.170352
13 6220 0.186866 -0.157227
13 5193 0.179037 -0.155887
13 5200 0.367324 -0.0826073
13 5974 -0.0524083 -0.152443
13 5201 0.389858 -0.076676
13 5970 0.394441 -0.07438
13 165 0.0369615 -0.123744
13 6222 -0.0852537 -0.140963
13 1028 0.374963 -0.0583082
13 1888 0.397649 -0.0546346
11 6343 0.314237 -0.155887
13 6343 0.393524 -0.0408588
13 5337 0.363505 -0.0410884
13 5731 0.37038 -0.0387924
13 5256 -0.0673033 -0.10882
11 5890 -0.188755 -0.134075
13 5983 -0.0867814 -0.0996358
13 5249 0.382983 -0.0112407
13 5250 0.38642 -0.0112407
13 5735 -0.0757056 -0.0950439
11 6344 -0.165839 -0.121448
13 6344 -0.0764695 -0.0927479
11 6345 -0.210524 0.0254949
13 6345 -0.201156 0.00884456
13 6230 -0.25139 0.083851
13 6231 -0.209378 0.0943742
11 6346 0.0195458 -0.3825
13 6346 0.130914 -0.307422
13 5263 0.165287 -0.279181
11 6347 0.0662931 -0.349438
13 6347 0.168037 -0.270916
13 5267 0.151538 -0.270916
13 6233 0.154288 -0.255762
13 5285 0.201952 -0.238542
13 6236 0.157038 -0.246119
13 5168 0.119915 -0.248048
13 937 0.173537 -0.236476
13 5737 0.140081 -0.23969
13 5173 0.151538 -0.237854
13 6238 0.139164 -0.230966
13 4799 0.144664 -0.230506
13 5299 0.165287 -0.223619
13 1127 0.164142 -0.210991
13 3749 0.0965414 -0.184128
13 5739 0.0662931 -0.178617
13 203 0.179312 -0.155474
13 1434 -0.0601996 -0.159331
11 6348 -0.0794485 -0.192393
13 6348 0.0232123 -0.139815
13 5740 0.366026 -0.083564
13 6243 0.0289411 -0.130631
11 3742 0.315154 -0.184128
11 6155 0.335778 -0.18275
13 1670 0.38665 -0.0697881
13 5208 0.411948 -0.0645532
13 1427 0.374275 -0.0587674
11 6349 0.311029 -0.166219
13 6349 0.393524 -0.0518795
13 6244 0.365797 -0.0537163
13 5742 0.38665 -0.0477467
13 5999 0.353652 -0.0518795
13 5338 0.3839 -0.0339709
13 6000 0.352277 -0.0353484
13 5348 0.388025 -0.0146847
13 5749 0.382525 -0.0119295
11 6350 -0.273312 0.110676
13 6350 -0.251772 0.0840423
13 7 0.137789 -0.308111
13 5263 0.166112 -0.279457
13 5360 0.169412 -0.271191
11 5364 0.0506191 -0.345581
11 6351 0.0242206 -0.337315
13 6351 0.123215 -0.267885
11 6157 0.052269 -0.335662
11 6352 0.0555688 -0.330703
13 6352 0.156213 -0.256313
13 6251 0.177002 -0.251023
13 6252 0.20241 -0.238129
11 6353 0.085267 -0.317478
13 6353 0.188881 -0.237137
13 6253 0.192841 -0.23317
13 5380 0.197461 -0.23317
13 3483 0.20076 -0.223251
13 697 0.144664 -0.231517
13 6012 0.185911 -0.214986
11 6354 0.0440194 -0.28111
13 6354 0.139714 -0.210026
13 119 0.133114 -0.200108
13 329 0.161163 -0.178617
11 5401 -0.0137272 -0.251354
13 6017 0.0671181 -0.178617
13 5078 0.124865 -0.143902
13 5324 0.185911 -0.120759
11 6355 0.279956 -0.200108
13 6355 0.364651 -0.0918295
13 5509 0.0222957 -0.140045
13 6019 0.367401 -0.0843905
13 1866 0.133664 -0.118004
11 6356 -0.180368 -0.168699
13 6356 -0.0863231 -0.140045
11 6357 -0.165518 -0.168699
13 6357 -0.069824 -0.13729
11 6358 0.284906 -0.153821
13 6358 0.364101 -0.044716
13 3487 0.38555 -0.0347974
13 2962 0.37895 -0.0331443
13 5434 0.350902 -0.0347974
13 5446 -0.069824 -0.109187
11 5435 0.256857 -0.138943
11 4847 0.260157 -0.13233
11 6359 -0.269462 0.120594
13 6359 -0.252688 0.092767
13 5457 0.167102 -0.262926
13 6272 0.155223 -0.256974
13 6273 0.139384 -0.24904
13 6034 0.139384 -0.239121
13 88 0.177002 -0.229202
13 90 0.141364 -0.2173
13 99 0.161163 -0.212142
13 6279 0.145324 -0.209365
11 6360 0.0146511 -0.276812
13 6360 0.113315 -0.210026
13 5777 0.101766 -0.205067
13 6280 0.0805006 -0.194919
13 6281 0.161163 -0.179609
13 2655 0.0819672 -0.190189
13 6282 0.142156 -0.174055
13 190 0.177002 -0.165723
11 6361 -0.0388058 -0.231186
13 6361 0.0621684 -0.172005
11 6362 -0.0150471 -0.213333
13 6362 0.0803834 -0.152631
11 6121 0.0839471 -0.203414
11 6363 0.289855 -0.193495
13 6363 0.371031 -0.0843905
11 6364 0.0304902 -0.189528
13 6364 0.133114 -0.117453
11 5408 0.313614 -0.187544
13 5778 0.369051 -0.0744718
13 5409 0.406669 -0.0685207
11 1028 -0.0843431 -0.175642
13 5502 0.349252 -0.058602
11 5896 0.283916 -0.155805
13 6029 0.353212 -0.0308299
13 6048 0.38687 -0.0149601
13 6128 -0.0843431 -0.0962928
11 6365 -0.31401 0.111998
13 6365 -0.280187 0.0789912
11 6366 -0.270452 0.119933
13 6366 -0.252963 0.0924916
13 5537 0.137404 -0.3026
11 6367 0.0233627 -0.347829
13 6367 0.123149 -0.276415
13 5785 0.173042 -0.266893
13 6293 0.163143 -0.262926
13 6294 0.203928 -0.245469
13 6295 0.165914 -0.245469
13 5466 0.163063 -0.243088
13 5790 0.137404 -0.233566
11 6368 0.0661282 -0.297839
13 6368 0.165914 -0.221664
13 6298 0.101766 -0.213333
13 93 0.113645 -0.211349
13 5561 0.128851 -0.20881
13 6299 0.18017 -0.197859
11 4848 0.0423696 -0.245469
13 6062 0.035242 -0.157391
13 5781 -0.0550408 -0.155011
11 6369 0.0304903 -0.190718
13 6369 0.132652 -0.119304
11 5901 0.31797 -0.185957
13 5498 0.396373 -0.0526508
13 5583 0.393997 -0.0407485
11 6370 0.279956 -0.14787
13 6370 0.360735 -0.038368
11 6371 0.268077 -0.140728
13 6371 0.34648 -0.0336071
13 5588 0.367863 -0.0264657
11 6372 0.294211 -0.126445
13 6372 0.37499 -0.0121829
11 6373 -0.185713 0.0973187
13 6373 -0.171458 0.0901773
13 6303 -0.16433 0.0996992
13 6304 -0.252633 0.0842261
11 5656 0.0319158 -0.400199
13 5605 0.163063 -0.274511
13 5608 0.148808 -0.263084
11 6374 0.0205117 -0.305933
13 6374 0.123149 -0.234519
13 2335 0.108894 -0.226425
13 6307 0.113645 -0.212142
13 6074 0.0746814 -0.194527
11 6375 0.0832345 -0.203096
13 6375 0.184921 -0.121684
13 6077 -0.0707215 -0.160248
11 5647 -0.179061 -0.188814
13 5641 0.385444 -0.0288461
13 5811 -0.0930546 -0.105021
11 6376 0.317019 -0.1174
13 6376 0.393997 -0.000280524
11 2446 -0.17621 0.105412
13 6083 0.141966 -0.298506
13 6318 0.148808 -0.264227
13 5813 0.155651 -0.257371
13 6320 0.111175 -0.22652
13 6321 0.104332 -0.212809
13 6322 0.0940684 -0.195669
13 5674 0.0735409 -0.195669
13 279 0.0803835 -0.188814
13 5687 0.135123 -0.120256
13 6326 0.172757 -0.1134
13 932 -0.0906787 -0.116828
13 6328 -0.0992318 -0.111686
13 6329 -0.0906787 -0.103117
13 6333 -0.281698 0.0797033
11 6377 -0.278847 0.150546
13 6377 -0.268583 0.116267
11 6378 0.0130913 -0.333251
14 6378 0.204052 -0.233759
14 1015 0.130914 -0.248874
14 5937 0.184956 -0.233759
14 4289 0.155357 -0.219409
14 6200 0.0484191 -0.163923
14 6201 0.115256 -0.13618
11 6379 -0.157819 -0.194536
14 6379 -0.0833441 -0.148617
14 5068 0.372098 -0.0720841
11 3635 0.3129 -0.185926
14 5125 -0.108169 -0.140963
14 5074 0.391004 -0.0629002
14 5076 0.394059 -0.0596476
14 5080 0.358731 -0.0539076
11 6380 0.31672 -0.168706
14 6380 0.382601 -0.050081
14 5081 0.360641 -0.050081
14 5082 0.374008 -0.044341
14 6203 0.333906 -0.0481677
14 5711 0.349183 -0.0395578
14 5094 0.369234 -0.0338178
14 5098 0.36446 -0.0309478
14 5718 -0.0862085 -0.0988705
14 5954 0.358731 -0.0204246
14 5119 0.376109 -0.00894474
14 5265 0.0999787 -0.272982
14 6207 0.150163 -0.26265
14 5142 0.128623 -0.26265
14 5150 0.0988329 -0.258058
14 5278 0.0942498 -0.256719
14 5168 0.0951665 -0.239231
14 5161 0.175408 -0.227063
14 1986 0.150392 -0.219027
11 6381 0.019775 -0.278722
14 6381 0.0971142 -0.202189
14 6342 0.143014 -0.195148
14 6218 0.0999787 -0.167367
14 5191 0.162538 -0.157954
14 6221 0.00927209 -0.13044
14 5975 -0.078761 -0.142111
11 5203 0.3108 -0.185735
14 5073 0.394899 -0.0642777
14 1028 0.358922 -0.0537163
14 5213 0.360068 -0.0502723
14 6343 0.3784 -0.0353484
14 5337 0.347273 -0.0357311
14 5976 0.369234 -0.0284605
11 6382 0.277573 -0.144407
14 6382 0.343454 -0.0290345
11 5109 0.292468 -0.138667
14 6231 -0.24146 0.109298
11 6383 0.00854646 -0.383878
14 6383 0.0942498 -0.303595
14 6346 0.105707 -0.299386
14 5984 0.114874 -0.293646
14 5263 0.141914 -0.272293
14 6233 0.130914 -0.248874
11 6384 0.122665 -0.328774
14 6384 0.20241 -0.237854
14 5013 0.19966 -0.233721
14 5285 0.180182 -0.232802
14 4799 0.122665 -0.2227
14 2151 0.129539 -0.219945
11 2517 0.0374198 -0.29709
14 5992 0.165287 -0.208924
14 1127 0.141914 -0.204792
14 5994 0.151538 -0.178617
14 203 0.164462 -0.148862
14 5316 0.353193 -0.081268
14 5740 0.349527 -0.0794312
14 5748 -0.109697 -0.148999
11 2982 0.033295 -0.189638
14 5073 0.395449 -0.0645532
14 5351 -0.108551 -0.140963
14 5321 0.3729 -0.0642777
14 5208 0.395449 -0.059594
14 6349 0.377025 -0.0477467
14 6244 0.349527 -0.0491243
14 5337 0.347464 -0.0353484
14 5338 0.371525 -0.0284605
14 4344 0.334403 -0.0270829
14 5242 0.330278 -0.0257053
11 6385 0.311029 -0.135912
14 6385 0.374275 -0.0160623
14 2592 0.366026 -0.00366397
14 6247 -0.192192 0.113431
14 6350 -0.282899 0.0991575
14 5263 0.141364 -0.272844
14 5365 0.0984663 -0.266232
14 5364 0.126515 -0.262926
14 6351 0.0984663 -0.259619
14 6157 0.126515 -0.253007
11 6386 0.0605185 -0.335662
14 6386 0.138064 -0.251354
14 6009 0.11579 -0.241986
14 6010 0.129814 -0.229864
14 5391 0.116615 -0.224904
14 697 0.121565 -0.223251
14 3294 0.147963 -0.214986
14 6354 0.118265 -0.201761
14 5761 0.163143 -0.157788
14 313 0.0456693 -0.167046
14 6260 0.0117546 -0.138667
14 5324 0.174912 -0.113871
11 6387 -0.215016 -0.195148
14 6387 -0.13013 -0.155313
14 6018 0.353652 -0.0794312
14 5509 0.00854646 -0.129024
14 3742 0.38225 -0.0662064
11 6388 0.327803 -0.183577
14 6388 0.38885 -0.0645532
14 5411 0.374 -0.0645532
14 6357 -0.0931977 -0.126269
14 2962 0.364101 -0.0265319
11 3248 -0.200166 0.0594295
14 221 0.113315 -0.300947
14 6272 0.130277 -0.25023
14 5758 0.153243 -0.227219
14 6038 0.113645 -0.2173
14 6360 0.0918666 -0.201761
14 6282 0.130277 -0.164533
14 5515 -0.0902828 -0.14787
14 5490 0.349252 -0.080423
14 1087 0.00937142 -0.129024
14 6042 0.361131 -0.0764556
14 6364 0.119915 -0.109187
14 5408 0.37499 -0.0705044
14 5409 0.389246 -0.0645532
11 6171 -0.0605845 -0.177626
14 6045 0.38291 -0.0268624
14 5783 -0.0962225 -0.100921
14 1549 -0.086323 -0.0959622
14 6029 0.341332 -0.0248788
14 5784 -0.0962225 -0.0959622
14 1547 -0.114371 -0.0976153
11 6389 -0.211056 0.0505028
14 6389 -0.252918 0.0450107
14 3571 0.111666 -0.3026
14 1890 0.0958265 -0.3026
14 6290 0.116021 -0.283556
14 5466 0.137404 -0.235947
11 6390 0.051873 -0.314502
14 6390 0.127901 -0.233566
11 6391 -0.00277181 -0.25023
14 6391 0.0780076 -0.176435
14 4848 0.137404 -0.162152
14 6062 0.0209868 -0.14787
14 6063 0.173042 -0.114146
14 3040 0.111666 -0.122081
11 6392 0.0827593 -0.197859
14 6392 0.171062 -0.110179
14 6301 -0.0835512 -0.14787
11 6393 0.313218 -0.188338
14 6393 0.37499 -0.0716946
14 5573 0.365487 -0.0669337
14 5526 -0.106122 -0.128032
11 3067 0.301339 -0.166913
14 5578 0.334601 -0.0526508
14 5585 0.363111 -0.0359875
14 4832 0.325493 -0.0288462
14 1577 -0.0883029 -0.0954992
11 6394 -0.133444 -0.124065
14 6394 -0.0645443 -0.0784393
11 6395 -0.34252 -0.0312266
14 6395 -0.340144 -0.0478899
11 6396 0.0775324 -0.320216
14 6396 0.151659 -0.234519
14 5801 0.134553 -0.234519
14 6072 0.111745 -0.217379
14 5625 0.120298 -0.20881
14 6308 0.157361 -0.180244
14 6310 -0.0930546 -0.14787
14 6311 0.00910752 -0.128826
14 6080 -0.0935298 -0.114543
14 1891 -0.0878277 -0.0945471
14 5811 -0.112062 -0.0931188
14 6083 0.114596 -0.29165
14 6318 0.121438 -0.257371
14 5813 0.131702 -0.250515
11 4649 0.059856 -0.305361
14 6321 0.0838047 -0.202525
11 6397 0.0735409 -0.267655
14 6397 0.159072 -0.181958
14 6091 0.155651 -0.164819
14 76 -0.104364 -0.127112
11 5819 0.302764 -0.168246
11 6398 0.285658 -0.154535
14 6398 0.350662 -0.0379871
11 6399 -0.14884 -0.140823
14 6399 -0.0769938 -0.096261
14 6329 -0.111206 -0.0928331
14 6330 -0.0650194 -0.0831208
14 6331 -0.0992318 -0.0859773
15 5071 0.317674 -0.0108581
15 85 0.317674 -0.00416145
11 6400 -0.221791 0.0695011
15 6400 -0.359932 -0.0270829
11 4273 -0.00772344 -0.298238
15 5201 0.324778 -0.00779674
15 5743 0.322853 0.0280206
15 5423 0.335393 0.034633
15 1494 0.342652 0.0679705
11 6401 0.317574 -0.18556
15 6401 0.34553 0.00257608
11 3721 0.0257386 -0.195479
11 5904 0.310842 -0.135967
15 5633 0.31797 0.0140023
15 525 0.0769622 -0.308789
16 1880 0.309654 0.0238877
16 6351 0.0724803 -0.254614
11 6402 0.0390697 -0.312519
16 6402 0.104332 -0.240232
16 5298 0.127668 -0.192623
16 5651 0.317904 0.0693481
11 6403 0.265701 -0.137395
16 6403 0.28903 0.0638377
17 5250 0.330278 0.126518
11 1374 0.0814172 -0.316376
17 1670 0.301405 0.0577764
11 6404 -0.172943 -0.174485
17 6404 -0.0890729 -0.128336
17 4802 -0.0629494 -0.134535
11 760 0.0613765 -0.307361
11 468 -0.216124 -0.197383
12 6335 0.181137 -0.302638
12 6405 0.180182 -0.300725
13 6405 0.128623 -0.305508
13 6110 0.135306 -0.298812
12 6406 0.201188 -0.281592
13 6406 0.147719 -0.287332
12 6336 0.219329 -0.274895
13 6184 0.169679 -0.274895
12 6407 0.199278 -0.268199
13 6407 0.144855 -0.274895
13 4998 0.149629 -0.272025
12 6408 0.179228 -0.264372
13 6408 0.124804 -0.271069
12 3616 0.216465 -0.260546
12 6409 0.16777 -0.258632
13 6409 0.114301 -0.265329
13 5154 0.11812 -0.261502
13 6208 0.153448 -0.259589
12 6410 0.214555 -0.252892
13 6410 0.160131 -0.258632
13 1983 0.155357 -0.256719
12 6411 0.169679 -0.249066
13 6411 0.119075 -0.255762
13 5722 0.157267 -0.252892
12 6412 0.197369 -0.245239
13 6412 0.142945 -0.250979
12 5939 0.173499 -0.244282
13 5020 0.141035 -0.249066
12 6413 0.216465 -0.240456
13 6413 0.162041 -0.246196
13 4499 0.12003 -0.247152
12 6414 0.18973 -0.239499
13 6414 0.137216 -0.247152
13 6103 0.225058 -0.242369
12 5012 0.26707 -0.237586
12 6415 0.23938 -0.235672
13 6415 0.187821 -0.239499
13 4156 0.202143 -0.238542
12 6416 0.194504 -0.231846
13 6416 0.143518 -0.237394
13 5171 0.151538 -0.237586
12 6417 0.23938 -0.231846
13 6417 0.187821 -0.236629
13 5022 0.190685 -0.235672
13 3438 0.216465 -0.230889
12 6418 0.207872 -0.223236
13 6418 0.155357 -0.228976
12 3529 0.192595 -0.219409
13 5040 0.152493 -0.225149
12 6419 0.211691 -0.208886
13 6419 0.160131 -0.214626
13 6196 0.14199 -0.199319
12 6420 0.184002 -0.191666
13 6420 0.13206 -0.198363
12 6421 0.11621 -0.169663
13 6421 0.0675153 -0.177316
12 5088 -0.0145981 -0.165836
12 343 0.205007 -0.152443
13 6105 0.178273 -0.15627
13 123 -0.0862085 -0.16201
12 6422 0.234606 -0.148617
13 6422 0.187057 -0.152443
12 939 -0.00791441 -0.14766
13 285 -0.0546999 -0.158183
13 80 -0.0632932 -0.157227
13 4627 -0.0585191 -0.15627
12 6423 0.234606 -0.140963
13 6423 0.188203 -0.144407
12 6424 0.0684701 -0.13905
13 6424 0.0235942 -0.145747
13 5125 -0.0881181 -0.152443
12 6425 -0.0356038 -0.138093
13 6425 -0.0833441 -0.152443
13 5710 0.0455547 -0.142877
13 4230 0.380692 -0.0826073
12 5220 0.427477 -0.0510376
13 6203 0.349183 -0.0539076
13 1992 0.380692 -0.047211
12 4795 0.43989 -0.0405144
13 6108 0.381646 -0.0386011
12 5102 0.438935 -0.0299912
12 5111 0.403607 -0.0290345
12 5113 0.409336 -0.0280779
13 5713 0.387375 -0.0299912
12 6426 0.451347 -0.0108581
13 6426 0.389285 -0.0146847
12 6427 -0.131084 0.0321915
13 6427 -0.199067 0.000239202
13 2126 -0.192192 0.0128671
12 6428 -0.127265 0.0551513
13 6428 -0.193338 0.024347
12 6429 -0.15018 0.110637
13 6429 -0.217399 0.0760064
12 6430 -0.108169 0.120204
13 6430 -0.171186 0.0915042
13 3264 0.141226 -0.323494
12 6431 0.181328 -0.30283
13 6431 0.128623 -0.30857
12 3170 0.174454 -0.301682
12 6432 0.19164 -0.300534
13 6432 0.138935 -0.307422
12 6433 0.19164 -0.294794
13 6433 0.138935 -0.301682
12 6434 0.180182 -0.284462
13 6434 0.127477 -0.290202
12 6435 0.177891 -0.269538
13 6435 0.124804 -0.274895
12 2307 0.222576 -0.269538
12 6436 0.22143 -0.266094
13 6436 0.168725 -0.270686
12 6437 0.176745 -0.261502
13 6437 0.122894 -0.268199
13 5150 0.122894 -0.266094
13 6232 0.12003 -0.264372
12 6438 0.216847 -0.258058
13 6438 0.162996 -0.263798
12 601 0.222576 -0.25691
13 6234 0.115256 -0.259589
12 6439 0.197369 -0.24543
13 6439 0.143518 -0.25117
12 6440 0.175599 -0.244282
13 6440 0.12404 -0.25117
13 6211 0.175599 -0.250022
12 6441 0.212264 -0.240838
13 6441 0.158413 -0.246578
13 3101 0.187057 -0.244282
12 6189 0.185911 -0.23969
13 5706 0.15383 -0.24543
12 6442 0.219138 -0.238542
13 6442 0.166433 -0.244282
12 5938 0.239762 -0.235098
13 5026 0.174454 -0.236246
12 6154 0.19164 -0.224767
12 5027 0.231742 -0.224767
12 4799 0.196223 -0.223619
13 4629 0.159559 -0.214435
12 1127 0.215701 -0.205251
12 6443 0.162996 -0.201807
13 6443 0.112582 -0.208695
13 5727 0.0617864 -0.17636
12 6444 -0.014598 -0.166219
13 6444 -0.0627203 -0.178847
13 6219 0.106853 -0.170811
13 384 0.0579672 -0.168706
13 1722 0.0358157 -0.158183
13 5748 -0.0879271 -0.159331
12 1036 -0.0111607 -0.143259
13 5975 -0.059283 -0.152443
13 5230 0.0438361 -0.138667
13 6222 -0.0871633 -0.140963
13 631 0.0264586 -0.129484
12 5350 0.0701888 -0.109968
12 6445 -0.0191811 -0.10882
13 6445 -0.0661576 -0.122596
13 4231 -0.063866 -0.10882
13 5406 0.365797 -0.0915999
12 6446 0.433397 -0.083564
13 6446 0.371144 -0.086434
12 6344 -0.029493 -0.078972
12 6447 0.447146 -0.076676
13 6447 0.383556 -0.0816507
12 6448 0.432251 -0.0697881
13 6448 0.37038 -0.073232
12 6449 0.425377 -0.0640482
13 6449 0.363505 -0.0674921
13 6202 0.348228 -0.0577342
12 6450 0.442563 -0.0456803
13 6450 0.380692 -0.0491243
13 5233 0.383556 -0.0319045
12 5733 0.435688 -0.00894474
13 1659 -0.200441 0.00873432
12 6451 -0.128029 0.0553426
13 6451 -0.193567 0.0238877
12 6452 -0.129175 0.0679705
13 6452 -0.188617 0.0395923
12 6453 -0.123446 0.0760064
13 6453 -0.182644 0.0484547
12 6454 -0.110842 0.0828943
13 6454 -0.172141 0.0561079
12 6455 -0.106259 0.0851903
13 6455 -0.166985 0.0576386
12 6456 -0.148653 0.107002
13 6456 -0.215107 0.0737104
12 6230 -0.191046 0.117334
12 6148 -0.0948018 0.12537
13 5720 0.122665 -0.306733
12 6457 0.180412 -0.276426
13 6457 0.12679 -0.281936
12 6458 0.221659 -0.269538
13 6458 0.168037 -0.275048
12 6459 0.172162 -0.265405
13 6459 0.121748 -0.270686
12 6460 0.216159 -0.265405
13 6460 0.162538 -0.270916
13 6207 0.173537 -0.269538
13 1211 0.162538 -0.264028
12 6461 0.21341 -0.25714
13 6461 0.158413 -0.26265
13 5754 0.168037 -0.26265
12 6462 0.168037 -0.255762
13 6462 0.118311 -0.261502
13 5279 0.12679 -0.26265
13 6250 0.114874 -0.260354
13 5147 0.158413 -0.258517
13 4632 0.166662 -0.255762
13 6235 0.174912 -0.250252
12 6463 0.269781 -0.244742
13 6463 0.216159 -0.248874
12 6236 0.212035 -0.240609
12 6464 0.257407 -0.240609
13 6464 0.20516 -0.244742
12 6465 0.218909 -0.237854
13 6465 0.166662 -0.243364
13 5282 0.20516 -0.240609
12 6466 0.242283 -0.233721
13 6466 0.190036 -0.237854
12 6467 0.192786 -0.232343
13 6467 0.141914 -0.237854
13 320 0.176287 -0.233721
13 4799 0.144664 -0.230966
12 6468 0.190036 -0.219945
13 6468 0.137789 -0.225455
13 3441 0.201035 -0.224078
12 6469 0.154288 -0.203414
13 6469 0.106166 -0.208924
13 6239 0.139164 -0.208924
13 6214 0.147413 -0.204792
12 6470 0.146039 -0.195148
13 6470 0.0965414 -0.202036
13 119 0.132289 -0.199281
12 6471 0.198285 -0.192393
13 6471 0.143289 -0.199281
12 6280 0.128165 -0.18826
12 6472 0.130914 -0.184128
13 6472 0.0827921 -0.191016
13 5315 0.0621684 -0.175862
12 6218 0.165287 -0.168974
12 3692 0.19966 -0.167597
12 6219 0.154288 -0.164842
12 6473 0.225784 -0.152443
13 6473 0.179037 -0.155198
13 6024 -0.0863231 -0.162086
12 6474 -0.0107024 -0.146933
13 6474 -0.0574497 -0.159331
13 5438 -0.087698 -0.159331
12 6475 -0.0299513 -0.145555
13 6475 -0.0780735 -0.159331
12 4623 -0.0148272 -0.144178
13 427 -0.0588246 -0.156576
12 6476 -0.0368259 -0.141423
13 6476 -0.0849481 -0.155198
13 6261 0.024358 -0.145555
13 6242 0.0449819 -0.143259
13 5847 0.0429195 -0.138667
12 6356 -0.0395758 -0.126269
13 5769 0.0236706 -0.120759
12 6477 -0.0203269 -0.109738
13 6477 -0.0670742 -0.123514
13 5770 0.0209207 -0.115708
13 5860 -0.0766986 -0.116626
12 6478 -0.0203269 -0.101473
13 6478 -0.0670742 -0.115248
13 1894 -0.0725738 -0.109738
13 1637 -0.0794485 -0.108361
12 6479 -0.0299513 -0.0876967
13 6479 -0.0764695 -0.101932
12 6480 0.423772 -0.0642777
13 6480 0.361901 -0.0684105
13 6244 0.364651 -0.0532571
13 5233 0.3784 -0.0325933
13 5747 0.368088 -0.0284605
13 6225 0.338527 -0.0257053
13 5842 0.357776 -0.0257053
12 6481 0.419648 -0.0188174
13 6481 0.359151 -0.0229502
12 6482 -0.131695 0.0417964
13 6482 -0.200166 0.0081833
12 1224 -0.126196 0.0445516
12 6483 -0.131695 0.0500619
13 6483 -0.198517 0.0181019
12 6484 -0.128946 0.0679705
13 6484 -0.193237 0.0386004
12 3267 -0.123446 0.076236
13 6228 -0.218315 0.076236
13 6246 -0.171568 0.0913894
12 6485 0.180962 -0.3026
13 6485 0.129814 -0.307559
12 3172 0.176012 -0.300947
12 6486 0.180962 -0.274497
13 6486 0.126515 -0.28111
12 5364 0.20406 -0.264579
12 6487 0.227159 -0.262926
13 6487 0.174362 -0.267885
13 5457 0.162813 -0.264579
12 1315 0.21231 -0.256313
13 5754 0.167762 -0.262926
12 6488 0.171062 -0.25466
13 6488 0.118265 -0.262926
12 6489 0.179312 -0.25466
13 6489 0.124865 -0.261273
12 6490 0.164462 -0.253007
13 6490 0.11304 -0.259895
12 6352 0.20901 -0.249701
13 6251 0.176012 -0.249701
12 6491 0.185911 -0.241435
13 6491 0.133114 -0.248048
12 6492 0.227159 -0.239782
13 6492 0.174362 -0.244741
12 6493 0.222209 -0.234823
13 6493 0.171062 -0.239782
12 6494 0.242008 -0.23317
13 6494 0.189211 -0.236476
12 6495 0.192511 -0.231517
13 6495 0.141364 -0.238129
12 6496 0.227159 -0.22821
13 6496 0.176012 -0.23317
13 4464 0.197461 -0.22821
12 6497 0.266757 -0.223251
13 6497 0.21231 -0.22821
13 5392 0.154563 -0.22821
12 3483 0.253557 -0.218292
12 4395 0.243658 -0.211679
12 3001 0.197461 -0.203414
12 6498 0.146314 -0.195148
13 6498 0.0968164 -0.201761
12 5895 0.123215 -0.181924
13 6259 0.0621684 -0.175311
12 6499 0.164462 -0.168699
13 6499 0.115625 -0.175642
13 688 -0.0615745 -0.18027
12 6500 0.197461 -0.167046
13 6500 0.151263 -0.169691
12 6501 0.177662 -0.165393
13 6501 0.129485 -0.171674
13 5767 -0.0681741 -0.15878
13 5436 -0.0549749 -0.155474
12 6502 0.0671181 -0.138943
13 6502 0.0242206 -0.145555
12 6503 -0.0384758 -0.125718
13 6503 -0.086323 -0.140596
12 6504 0.169412 -0.125718
13 6504 0.12404 -0.129024
13 4408 0.0143212 -0.125718
13 6121 0.185911 -0.120759
12 6505 -0.0236267 -0.107534
13 6505 -0.0714739 -0.120759
13 5772 -0.0797234 -0.107534
13 6030 -0.0846731 -0.0959622
12 6506 0.423498 -0.0645532
13 6506 0.362451 -0.0678594
12 6507 0.406998 -0.0546346
13 6507 0.349252 -0.0579408
12 4847 0.397099 -0.0215726
12 6508 0.413598 -0.0215726
13 6508 0.354202 -0.0248788
12 6509 0.418548 -0.0215726
13 6509 0.359151 -0.0232256
12 6510 -0.125921 0.0445516
13 6510 -0.193237 0.012812
12 6511 -0.124271 0.0759606
13 6511 -0.183337 0.0485191
12 6512 -0.111072 0.082573
13 6512 -0.172118 0.0561233
12 6513 -0.106122 0.0842261
13 6513 -0.167443 0.0569498
12 6365 -0.223265 0.112329
13 1232 -0.163869 0.100757
12 3571 0.188881 -0.304584
12 6514 0.175022 -0.298633
13 6514 0.125525 -0.3026
12 6515 0.218579 -0.276812
13 6515 0.165122 -0.280779
13 6124 0.125525 -0.280779
13 5453 0.167102 -0.272844
12 6516 0.167102 -0.264909
13 6516 0.115625 -0.270861
12 6517 0.226499 -0.262926
13 6517 0.173042 -0.268877
12 44 0.177002 -0.260942
12 6293 0.216599 -0.258958
13 5463 0.115625 -0.262926
13 4545 0.123545 -0.260942
13 6271 0.149283 -0.260942
13 1795 0.111666 -0.260942
12 6518 0.173042 -0.241105
13 6518 0.121565 -0.24904
12 6519 0.20472 -0.235153
13 6519 0.152913 -0.241435
12 6520 0.254217 -0.235153
13 6520 0.20076 -0.239121
12 6521 0.274016 -0.235153
13 6521 0.220559 -0.239121
13 5758 0.173042 -0.23317
12 6522 0.264117 -0.225235
13 6522 0.21066 -0.229202
13 2928 0.107706 -0.227219
13 1037 0.180962 -0.225235
13 292 0.155223 -0.2173
13 6279 0.139384 -0.209365
12 6279 0.198781 -0.203414
12 6523 0.21462 -0.195479
13 6523 0.161163 -0.20143
12 6299 0.230459 -0.193495
12 6524 0.190861 -0.187544
13 6524 0.142156 -0.193099
12 6525 0.246298 -0.179609
13 6525 0.196801 -0.183577
13 3341 -0.0625644 -0.179609
12 6526 0.153243 -0.165723
13 6526 0.103746 -0.171674
13 6062 0.0364299 -0.157788
13 5521 -0.0883029 -0.159772
12 6527 -0.0308862 -0.145886
13 6527 -0.0784035 -0.159772
13 5857 -0.0605845 -0.159772
13 5596 -0.0902828 -0.153821
12 5509 0.0661282 -0.132
12 6528 0.0879069 -0.132
13 6528 0.0423695 -0.139935
12 6529 0.125525 -0.132
13 6529 0.0803834 -0.138348
13 1478 0.0291703 -0.135637
13 5526 -0.086323 -0.139935
13 293 -0.0744437 -0.137951
12 1028 0.0601885 -0.118114
12 6530 -0.0289063 -0.108195
13 6530 -0.0764236 -0.122081
13 6137 -0.0724638 -0.122081
12 4566 0.222539 -0.108195
13 2432 -0.0784035 -0.118114
13 5795 -0.086323 -0.112493
13 3745 -0.0922627 -0.106211
12 6531 -0.0566247 -0.0863742
13 6531 -0.102162 -0.0982766
12 6532 0.420528 -0.0248788
13 6532 0.361131 -0.0288462
12 6533 -0.13186 0.0306656
13 6533 -0.199177 -0.00107404
12 6534 -0.13186 0.0405842
13 6534 -0.199968 0.00686089
12 6535 -0.197197 0.0723237
13 6535 -0.251772 0.0427147
13 4332 -0.183337 0.0497094
12 6536 -0.112062 0.0822423
13 6536 -0.173438 0.0544702
12 6537 -0.106122 0.0842261
13 6537 -0.167168 0.0577764
12 6538 -0.191257 0.125884
13 6538 -0.252633 0.092161
13 260 -0.193237 0.0941447
13 6129 -0.163539 0.100096
13 751 0.16829 -0.281176
12 6367 0.175418 -0.271654
12 6539 0.234815 -0.262132
13 6539 0.182546 -0.266893
12 5543 0.203928 -0.254991
12 6540 0.227687 -0.25261
13 6540 0.173042 -0.257371
13 6305 0.123149 -0.25023
13 6295 0.173042 -0.245469
12 5790 0.189673 -0.226425
13 5871 0.158787 -0.231186
12 6541 0.24907 -0.226425
13 6541 0.197276 -0.231662
13 5552 0.177794 -0.228806
12 2335 0.158787 -0.221664
13 6298 0.101766 -0.212142
12 6542 0.170666 -0.190718
13 6542 0.120773 -0.195479
12 6543 0.239566 -0.188338
13 6543 0.189673 -0.193099
13 5564 0.170666 -0.188338
13 888 0.0993903 -0.181196
12 6544 0.211056 -0.174055
13 6544 0.161163 -0.178816
13 6283 0.116021 -0.176435
13 6058 0.103192 -0.171674
13 657 0.0582086 -0.169691
12 6545 0.234815 -0.15025
13 6545 0.187297 -0.152631
12 6362 0.127901 -0.145489
13 5650 -0.0930546 -0.155011
12 6546 0.0803834 -0.124065
13 6546 0.035242 -0.131206
12 3721 0.170666 -0.121684
12 6547 -0.0265304 -0.109782
13 6547 -0.0740477 -0.124065
13 6302 0.175418 -0.112163
12 6548 -0.0407856 -0.10026
13 6548 -0.0883029 -0.114543
12 5905 -0.0574166 -0.0859774
13 4832 0.336977 -0.0336071
12 6549 -0.128693 0.0520898
13 6549 -0.195217 0.0211437
12 6550 -0.104934 0.0854164
13 6550 -0.166706 0.0592313
12 6551 -0.192841 0.125884
13 6551 -0.252237 0.0925578
13 2662 -0.192841 0.0949383
12 6552 0.183021 -0.271654
13 6552 0.128851 -0.277367
12 5542 0.177319 -0.263084
12 6553 0.234339 -0.263084
13 6553 0.183021 -0.265941
12 6554 0.177319 -0.254515
13 6554 0.123149 -0.260228
13 6054 0.177319 -0.251658
12 6555 0.191574 -0.243088
13 6555 0.137404 -0.248801
13 6306 0.15451 -0.240232
12 6556 0.225786 -0.228806
13 6556 0.174468 -0.234519
12 6557 0.211531 -0.225949
13 6557 0.160212 -0.231662
13 5668 0.108894 -0.225949
13 1177 0.165915 -0.220236
13 5670 0.103192 -0.211666
13 5669 0.160212 -0.211666
12 6074 0.123149 -0.188814
12 2658 0.191574 -0.185957
12 6558 0.245743 -0.180244
13 6558 0.193284 -0.185386
12 6559 0.163063 -0.168818
13 6559 0.114596 -0.174531
12 6560 0.0062565 -0.165961
13 6560 -0.0422111 -0.177387
12 6561 0.108894 -0.163105
13 6561 0.0590006 -0.171674
12 6562 0.0946386 -0.160248
13 6562 0.0471213 -0.169294
13 752 -0.0935298 -0.157391
12 6563 0.231488 -0.143109
13 6563 0.183021 -0.145965
13 5645 -0.0564663 -0.151678
12 4638 0.0689793 -0.128826
13 6312 -0.0764235 -0.137395
12 6564 0.0803835 -0.123113
13 6564 0.0347668 -0.131682
12 4633 0.171617 -0.123113
13 1083 0.0376179 -0.123113
13 6080 -0.0735725 -0.125969
13 6076 0.174468 -0.111686
13 5697 -0.0878277 -0.114543
13 6082 -0.0821256 -0.0974036
13 6141 0.305615 -0.068838
12 5700 -0.113487 -0.0488421
12 6565 -0.119189 0.0168589
13 6565 -0.186474 -0.0139919
12 6566 -0.127742 0.0539942
13 6566 -0.193316 0.022572
12 6567 -0.136295 0.0597074
13 6567 -0.201869 0.0282851
13 156 -0.256039 0.0425679
12 6568 -0.15055 0.108269
13 6568 -0.218975 0.0739901
12 6569 -0.0963808 0.122552
13 6569 -0.161955 0.0939861
12 6570 -0.147699 0.125408
13 6570 -0.210422 0.0939861
13 525 0.121438 -0.308789
12 6571 0.213812 -0.298506
13 6571 0.162493 -0.301934
12 6572 0.234339 -0.260799
13 6572 0.183021 -0.264227
12 6573 0.176178 -0.253943
13 6573 0.12486 -0.260799
13 5548 0.203548 -0.236804
12 6574 0.189863 -0.229948
13 6574 0.138545 -0.236804
12 6575 0.224076 -0.229948
13 6575 0.172757 -0.233376
12 6576 0.169336 -0.22652
13 6576 0.118017 -0.233376
12 6577 0.165915 -0.205953
13 6577 0.114596 -0.212809
12 5674 0.121438 -0.188814
12 6578 0.128281 -0.181958
13 6578 0.0803835 -0.188814
13 1127 0.0666984 -0.181958
13 6324 0.114596 -0.17853
12 6579 0.00169483 -0.168246
13 6579 -0.0427813 -0.17853
13 300 0.0604262 -0.171674
12 6580 0.200127 -0.161391
13 6580 0.15223 -0.164819
12 6581 0.234339 -0.161391
13 6581 0.186442 -0.164819
12 6582 0.234339 -0.151107
13 6582 0.186442 -0.154535
12 6583 -0.0222539 -0.147679
13 6583 -0.0701513 -0.161391
12 6584 0.128281 -0.147679
13 6584 0.0803835 -0.154535
12 6585 -0.00856889 -0.140823
13 6585 -0.0564663 -0.154535
13 5684 0.12486 -0.127112
12 6586 0.0838047 -0.1134
13 6586 0.0393285 -0.123684
12 6587 -0.00172639 -0.0756937
13 6587 -0.0496238 -0.0894052
12 6588 -0.00514764 -0.068838
13 6588 -0.053045 -0.0825495
12 6589 -0.124891 0.0785607
13 6589 -0.183052 0.0511377
12 6590 -0.107785 0.0854164
13 6590 -0.169367 0.0579935
12 6591 -0.0975212 0.119695
13 6591 -0.162525 0.0922722
13 6332 -0.210422 0.0922722
13 6142 -0.196737 0.0922722
14 6405 0.102843 -0.298812
14 123 0.115256 -0.297855
14 6183 0.113346 -0.295942
14 6110 0.110482 -0.292115
14 6184 0.144664 -0.267242
14 4999 0.127668 -0.263415
12 6592 0.224103 -0.264372
14 6592 0.145809 -0.263415
12 6593 0.176363 -0.262459
14 6593 0.0961594 -0.261502
12 6594 0.214555 -0.257676
14 6594 0.136261 -0.256719
12 6595 0.213601 -0.255762
14 6595 0.135497 -0.255762
14 5011 0.102843 -0.254806
14 5154 0.0942498 -0.253849
14 6208 0.128623 -0.252318
14 6210 0.0904306 -0.251936
14 6411 0.0942498 -0.248109
14 6186 0.0990238 -0.246196
14 5722 0.133206 -0.246578
14 6103 0.203098 -0.237586
12 6596 0.275663 -0.236629
14 6596 0.200233 -0.234716
14 5936 0.199278 -0.232802
14 995 0.148674 -0.230889
14 6416 0.121939 -0.229932
14 5030 0.136643 -0.22821
14 5943 0.119075 -0.223236
14 6104 0.126713 -0.224193
14 5039 0.128623 -0.223236
14 6191 0.142945 -0.215583
12 1329 0.206917 -0.211756
12 6381 0.166815 -0.201233
12 6597 0.14199 -0.19645
14 6597 0.0770633 -0.194536
14 6196 0.121748 -0.191475
14 6420 0.111436 -0.191475
14 1582 0.0722893 -0.18497
12 462 0.164905 -0.168706
14 5088 -0.0862085 -0.16775
12 6598 0.226013 -0.160097
14 6598 0.16185 -0.158183
12 6599 -0.0403778 -0.142877
14 6599 -0.110079 -0.145747
14 87 -0.103395 -0.142877
12 92 -0.0126884 -0.13905
14 6425 -0.105305 -0.140963
12 6600 0.103798 -0.12757
14 6600 0.0417355 -0.126614
14 5116 0.0226394 -0.115134
14 6106 0.175408 -0.114177
12 6601 0.427477 -0.0893039
14 6601 0.348228 -0.0873906
12 6602 0.430341 -0.0816507
14 6602 0.350138 -0.080694
14 4230 0.361595 -0.077824
12 6603 0.433206 -0.0692141
14 6603 0.352047 -0.0686401
12 6604 0.425567 -0.0634742
14 6604 0.347273 -0.0615609
14 5220 0.351093 -0.0491243
14 4795 0.36255 -0.0395578
14 3663 0.359686 -0.0319045
14 5122 0.373053 -0.00607477
12 6605 0.171016 -0.305126
14 6605 0.0942498 -0.30283
12 3772 0.176745 -0.30283
12 6606 0.180182 -0.300534
14 6606 0.103416 -0.298238
14 6432 0.113728 -0.299386
12 6607 0.200806 -0.282166
14 6607 0.122894 -0.281018
14 6437 0.0976872 -0.260354
12 6608 0.173308 -0.254614
14 6608 0.0942498 -0.253466
14 5152 0.10227 -0.254614
14 6234 0.0908125 -0.252318
12 6609 0.173308 -0.244282
14 6609 0.0976872 -0.243134
12 6610 0.151538 -0.23969
14 6610 0.0818373 -0.238542
14 6189 0.109145 -0.238542
14 6187 0.138935 -0.23969
14 5013 0.19966 -0.232802
14 5172 0.117165 -0.232802
14 3360 0.149247 -0.231654
14 3528 0.166433 -0.229358
14 4799 0.122894 -0.223619
12 3529 0.19164 -0.219027
14 5837 0.149247 -0.215583
14 1127 0.143518 -0.204103
14 286 0.122894 -0.204103
14 5969 0.0507107 -0.168515
14 5727 0.0449819 -0.167367
12 6611 0.19164 -0.168515
14 6611 0.134352 -0.16488
14 6444 -0.0856356 -0.168515
12 6612 0.234033 -0.163923
14 6612 0.16987 -0.161627
14 5192 0.156121 -0.155887
12 6613 0.234033 -0.137519
14 6613 0.175599 -0.134075
14 5336 0.0111817 -0.135223
14 6222 -0.107214 -0.129484
14 631 0.0121365 -0.11896
14 6113 0.175599 -0.113412
14 6445 -0.0844898 -0.111116
12 6614 0.0724803 -0.106524
14 6614 0.0102269 -0.105567
12 6615 0.223722 -0.106524
14 6615 0.163951 -0.103654
14 5851 -0.0959475 -0.105605
12 6616 0.424231 -0.0950439
14 6616 0.344027 -0.0938959
14 5854 -0.0959475 -0.0961918
14 1461 -0.108169 -0.0950439
12 6617 0.434543 -0.081268
14 6617 0.353957 -0.080694
12 6618 0.428814 -0.078972
14 6618 0.349756 -0.077824
14 6447 0.364651 -0.076676
14 3739 0.364651 -0.0651962
14 6449 0.345402 -0.0629002
12 6619 0.427668 -0.0514203
14 6619 0.350902 -0.0491243
14 1266 0.363505 -0.0433844
14 5839 0.365797 -0.0422364
14 5714 0.34059 -0.0261646
12 5114 0.418502 -0.0215726
12 5717 0.41621 -0.0204246
12 6620 0.447146 -0.00779674
14 6620 0.372671 -0.00550074
14 5249 0.369234 -0.00550074
14 6455 -0.192192 0.0748584
14 6229 -0.193338 0.115038
14 5720 0.0988329 -0.299386
14 6458 0.143289 -0.26816
14 6460 0.139164 -0.264028
14 5754 0.143289 -0.255762
14 5279 0.100666 -0.254385
14 5147 0.133664 -0.251629
14 4632 0.141914 -0.251629
12 6621 0.216159 -0.250252
14 6621 0.137789 -0.248874
14 5378 0.0935166 -0.248048
14 6236 0.137789 -0.239231
14 6236 0.133664 -0.239231
14 5282 0.183161 -0.235098
14 6467 0.117165 -0.232343
14 2249 0.12679 -0.224078
14 3441 0.180412 -0.21719
14 5299 0.139164 -0.215812
12 472 0.21066 -0.208924
12 6622 0.162538 -0.202036
14 6622 0.0919583 -0.201807
14 6214 0.128165 -0.196526
14 6471 0.122665 -0.192393
14 6472 0.0656056 -0.182291
14 5315 0.0442944 -0.167597
14 6218 0.0992912 -0.167597
14 6219 0.0882918 -0.163464
12 5056 0.229909 -0.148311
12 2402 0.234033 -0.141423
14 6242 0.0300869 -0.134075
12 6357 -0.0258266 -0.123514
12 6623 0.0717928 -0.106983
14 6623 0.0106088 -0.105376
12 6624 0.223034 -0.106983
14 6624 0.162813 -0.104228
14 1894 -0.0904478 -0.0987174
12 144 -0.0162021 -0.0959622
14 6479 -0.093656 -0.0904519
14 4830 0.359151 -0.0505019
14 4626 0.338527 -0.0298381
12 6625 0.397649 -0.0284605
14 6625 0.327986 -0.0261646
14 5842 0.344027 -0.020195
12 5842 0.418273 -0.0215726
14 6481 0.345402 -0.0174399
12 648 -0.0945726 0.125829
14 6485 0.104791 -0.299845
14 3172 0.102041 -0.298467
14 5359 0.143014 -0.267885
14 5360 0.144664 -0.264579
14 5362 0.138064 -0.264579
14 6487 0.149613 -0.261273
14 5457 0.138064 -0.257966
14 5754 0.143014 -0.256313
14 6488 0.0935166 -0.25466
14 6489 0.101766 -0.25466
14 6352 0.131464 -0.249701
14 6492 0.151538 -0.239231
14 6493 0.149613 -0.23317
12 6626 0.20406 -0.23317
14 6626 0.128165 -0.23317
14 6252 0.180962 -0.231517
14 6495 0.119915 -0.229864
14 6496 0.154563 -0.226557
14 6497 0.190861 -0.221598
12 3529 0.189211 -0.219945
14 3483 0.178982 -0.2173
14 6256 0.0841671 -0.203414
14 6499 0.0984663 -0.167046
14 6126 0.0407807 -0.160097
14 1815 -0.109422 -0.148862
14 5345 -0.0995223 -0.148862
14 4623 -0.0780735 -0.147208
14 6503 -0.106122 -0.129024
14 690 -0.0883029 -0.124065
14 4481 0.111666 -0.120759
14 5876 0.344104 -0.0954992
12 6627 0.431747 -0.0695126
14 6627 0.350902 -0.0695126
12 6628 0.411948 -0.0480222
14 6628 0.339352 -0.0463691
14 5334 0.354202 -0.0397567
14 6511 -0.211848 0.0639922
14 6268 0.113645 -0.31847
14 658 0.0951665 -0.3026
14 6514 0.100116 -0.295988
12 4646 0.194821 -0.278795
14 6515 0.141364 -0.274828
14 5453 0.143344 -0.264909
14 6270 0.125525 -0.264909
12 5362 0.216599 -0.264909
14 6517 0.149283 -0.260942
14 44 0.0978063 -0.260942
14 6271 0.125525 -0.253007
14 6519 0.129485 -0.235153
14 697 0.121565 -0.223251
12 6629 0.250258 -0.225235
14 6629 0.175418 -0.224045
12 3368 0.155223 -0.203414
14 6279 0.117605 -0.203414
14 6279 0.123545 -0.203414
12 6630 0.145324 -0.195479
14 6630 0.0780075 -0.193495
14 6524 0.125525 -0.185957
14 5863 0.0654682 -0.181924
14 6525 0.18017 -0.176435
14 5857 -0.0787994 -0.14787
14 6120 0.0601885 -0.143902
14 5509 0.0087115 -0.130016
14 293 -0.0942426 -0.126049
12 6631 -0.0209868 -0.110179
14 6631 -0.086323 -0.112163
14 5795 -0.104142 -0.102244
12 6632 -0.0150471 -0.0962928
14 6632 -0.0784035 -0.0982766
14 3745 -0.110082 -0.0943091
12 6633 0.412608 -0.0486834
14 6633 0.34648 -0.0455094
14 6532 0.347272 -0.022895
12 6634 0.194425 -0.278795
14 6634 0.117447 -0.277367
12 2833 0.222935 -0.266893
14 932 0.149283 -0.259752
14 6539 0.161163 -0.259752
14 6293 0.137404 -0.257371
12 6635 0.177794 -0.254991
14 6635 0.0993903 -0.254991
12 6636 0.220559 -0.254991
14 6636 0.142156 -0.254991
14 6540 0.151659 -0.25023
12 6272 0.20868 -0.25023
14 6305 0.0993903 -0.243088
14 5776 0.163063 -0.234519
14 6275 0.18017 -0.231186
14 5790 0.116021 -0.226425
14 6298 0.0851352 -0.20262
12 6637 0.123149 -0.188338
14 6637 0.0601885 -0.187544
14 6300 0.145957 -0.185957
14 5564 0.156411 -0.181196
14 6547 -0.0930546 -0.112163
14 5810 -0.0978063 -0.107402
14 6548 -0.104934 -0.102641
12 6638 -0.0146511 -0.0954992
14 6638 -0.0787994 -0.0978797
12 5811 -0.0479132 -0.0931188
14 5578 0.333413 -0.0526509
12 6639 0.396373 -0.0217047
14 6639 0.325097 -0.0193243
12 6640 -0.116813 0.0116219
14 6640 -0.224107 -0.00370835
12 6641 -0.197593 0.073514
14 6641 -0.286145 0.0599346
14 6550 -0.195217 0.073514
12 6642 0.220084 -0.277367
14 6642 0.142156 -0.276415
12 4861 0.202978 -0.254515
14 5798 0.131702 -0.251658
14 6306 0.128851 -0.234519
12 6643 0.171617 -0.225949
14 6643 0.0974897 -0.225949
12 6644 0.234339 -0.217379
14 6644 0.161163 -0.216903
14 5874 0.114596 -0.197383
14 5626 0.0746814 -0.188814
14 6558 0.18017 -0.177387
14 6559 0.0974897 -0.168818
14 5875 0.174468 -0.148822
14 6310 -0.0906787 -0.148822
12 6645 -0.0222539 -0.105973
14 6645 -0.0878277 -0.10883
12 6646 -0.0479132 -0.0916905
14 6646 -0.110636 -0.0916905
14 6333 -0.31306 0.0968427
14 6320 0.0906471 -0.219665
14 6577 0.0946386 -0.205953
14 6092 0.0803835 -0.168246
14 300 0.0433199 -0.163105
14 6581 0.172757 -0.157963
14 6582 0.176178 -0.147679
14 6583 -0.0906787 -0.151107
12 6647 -0.0496238 -0.144251
14 6647 -0.116338 -0.145965
14 6591 -0.193316 0.105984
15 2793 0.113346 -0.207929
15 3757 0.3129 0.0264516
12 6648 -0.014598 -0.140963
15 6648 -0.11428 -0.163923
15 1044 0.124804 -0.12183
15 6238 0.0898869 -0.228806
15 5302 0.106716 -0.203414
15 4825 0.308508 -0.0227206
15 561 0.0621684 -0.221267
12 341 0.0621684 -0.109187
15 6521 0.182941 -0.219284
15 4833 0.177319 -0.0859773
12 6649 0.228877 -0.240456
16 6649 0.142156 -0.221664
16 6195 0.145324 -0.171674
16 3638 0.309081 0.050368
16 666 0.129578 -0.194536
16 6194 0.127477 -0.192623
12 4474 -0.0395758 -0.100095
16 4343 0.292849 0.0628045
12 4569 0.0604262 -0.114543
16 1891 0.319554 0.0660419
12 6650 -0.124891 0.0648492
16 6650 -0.350308 -0.0656553
12 635 0.173042 -0.116923
17 6557 0.137404 -0.171674
13 6651 0.148674 -0.321772
14 6651 0.121939 -0.315075
13 6605 0.123849 -0.309335
13 6652 0.124804 -0.288289
14 6652 0.0988329 -0.281018
14 6336 0.142945 -0.272025
14 6184 0.145809 -0.268199
13 4999 0.153448 -0.270112
13 6653 0.108572 -0.267242
14 6653 0.0839379 -0.259206
13 32 0.162996 -0.264372
13 6654 0.114301 -0.263415
14 6654 0.0894758 -0.255762
13 5011 0.127668 -0.262459
13 1317 0.160131 -0.262459
13 6186 0.124804 -0.253849
14 4141 0.124804 -0.246196
14 5020 0.117165 -0.241412
14 6414 0.113346 -0.240456
13 6655 0.133397 -0.246196
14 6655 0.109527 -0.238542
14 6341 0.135306 -0.239499
13 6656 0.170634 -0.244282
14 6656 0.149629 -0.237586
13 4274 0.186866 -0.244282
13 6657 0.218375 -0.241412
14 6657 0.197369 -0.235672
13 6658 0.139126 -0.240456
14 6658 0.117165 -0.232802
13 6659 0.21551 -0.239499
14 6659 0.194504 -0.233759
13 6378 0.224103 -0.239499
13 6660 0.174454 -0.235672
14 6660 0.153448 -0.229932
14 5027 0.156312 -0.227063
13 6104 0.147719 -0.231846
13 5039 0.149629 -0.229932
14 6418 0.133397 -0.222279
14 4835 0.160131 -0.220366
14 4635 0.142945 -0.211756
13 4176 0.194504 -0.215583
13 6661 0.111436 -0.208886
14 6661 0.0904306 -0.201233
13 6662 0.0961594 -0.205059
14 6662 0.0780181 -0.19645
14 562 0.126713 -0.197406
13 6663 0.135306 -0.201233
14 6663 0.113346 -0.19358
14 6196 0.120984 -0.191666
13 6664 0.1439 -0.19358
14 6664 0.126713 -0.186883
13 6665 0.083747 -0.19071
14 6665 0.0656056 -0.1821
14 6421 0.0503287 -0.168706
14 5727 0.0445999 -0.16775
13 462 0.117165 -0.175403
13 6666 0.177318 -0.16488
14 6666 0.162041 -0.158183
13 3084 -0.0747508 -0.15914
14 6105 0.163951 -0.149573
13 6667 0.181137 -0.1534
14 6667 0.167579 -0.146703
14 5193 0.170634 -0.145747
13 3520 0.186866 -0.1534
13 573 -0.0518355 -0.152443
13 6668 0.187821 -0.14479
14 6668 0.176363 -0.137137
14 6222 -0.10435 -0.129484
13 6669 -0.0718864 -0.140963
14 6669 -0.0890729 -0.129484
13 6670 -0.064248 -0.117047
14 6670 -0.0814345 -0.106524
13 1461 -0.0919373 -0.106524
13 6671 -0.0661576 -0.106524
14 6671 -0.0833441 -0.0960005
14 6447 0.36446 -0.0768674
13 6672 0.423658 -0.0701708
14 6672 0.406471 -0.0653875
13 4814 0.399788 -0.0692141
14 4837 0.387375 -0.0644308
13 6673 0.413155 -0.0682575
14 6673 0.395014 -0.0644308
13 6674 0.421748 -0.0673008
14 6674 0.404753 -0.0629002
13 6380 0.398833 -0.0548643
14 5712 0.368279 -0.0280779
13 1415 0.39024 -0.0252079
13 6675 0.399788 -0.0252079
14 6675 0.385466 -0.0204246
13 6676 0.389285 -0.0204246
14 6676 0.374963 -0.0146847
14 6426 0.375918 -0.00894474
13 6677 -0.20174 0.00253514
14 6677 -0.242797 0.0159283
13 6678 -0.192192 0.0130584
14 6678 -0.231148 0.0266429
13 6679 -0.20174 0.0350615
14 6679 -0.231148 0.0496027
13 6680 -0.196966 0.0369748
14 6680 -0.226565 0.0507507
13 6681 -0.195056 0.0484547
14 6681 -0.22519 0.0624601
14 6453 -0.209378 0.0628045
14 939 -0.194102 0.0704578
13 3632 -0.155909 0.0714144
14 6206 -0.240887 0.109681
13 6682 -0.156864 0.0982008
14 6682 -0.186463 0.111594
13 3464 -0.161638 0.0991575
13 6683 -0.205559 0.123074
14 6683 -0.233249 0.137424
13 6684 0.135497 -0.299386
14 6684 0.110291 -0.292498
14 5961 0.108572 -0.286375
13 928 0.149247 -0.272982
14 6436 0.143289 -0.264028
14 6438 0.141226 -0.258058
13 6685 0.118311 -0.255762
14 6685 0.0931041 -0.247726
13 6686 0.112582 -0.253466
14 6686 0.0862295 -0.24543
14 6211 0.155663 -0.243364
14 5159 0.117165 -0.241986
14 5168 0.0953956 -0.238542
13 6187 0.16185 -0.246578
14 5706 0.129769 -0.238542
13 6687 0.173308 -0.24543
14 6687 0.151538 -0.238542
13 6688 0.171016 -0.244282
14 6688 0.149247 -0.237394
14 3101 0.163912 -0.237854
13 3360 0.171016 -0.238542
14 6416 0.121748 -0.229358
14 5171 0.13206 -0.231654
13 4291 0.198515 -0.227062
13 6689 0.10227 -0.213287
14 6689 0.083747 -0.205059
14 5041 0.166433 -0.206399
13 1714 0.0931041 -0.204103
14 508 0.0782091 -0.193771
14 3537 0.142372 -0.193771
13 6690 0.148101 -0.198363
14 6690 0.127477 -0.191475
13 1874 0.144664 -0.193771
13 6218 0.117165 -0.175403
14 1036 -0.078761 -0.145555
13 6260 0.0266496 -0.147851
13 6691 0.0426903 -0.144407
14 6691 0.0264586 -0.13618
13 6692 -0.078761 -0.140963
14 6692 -0.098239 -0.129483
14 6243 0.0151919 -0.121448
13 6693 0.12404 -0.128336
14 6693 0.111436 -0.1203
13 6113 0.187057 -0.1203
13 6694 -0.0661576 -0.11456
14 6694 -0.0833441 -0.104228
13 6695 0.176745 -0.111116
14 6695 0.162538 -0.104228
14 5890 -0.110842 -0.0973398
14 5751 -0.0902187 -0.0984878
13 5854 -0.078761 -0.107672
13 6696 0.362359 -0.0984878
14 6696 0.344409 -0.0940872
13 6697 -0.0844898 -0.0961918
14 6697 -0.101676 -0.0847119
13 6618 0.366942 -0.082416
14 1355 0.3784 -0.0663442
13 6168 0.405898 -0.0697881
13 6698 0.412773 -0.0686401
14 6698 0.395587 -0.0640482
13 6699 0.399024 -0.0548643
14 6699 0.382983 -0.0502723
14 1266 0.353957 -0.044341
13 3061 0.3784 -0.0502723
14 4241 0.339444 -0.0296085
14 4838 0.374963 -0.0296085
13 6625 0.34059 -0.0319045
14 5234 0.372671 -0.0250166
14 5747 0.354339 -0.0227206
13 6700 0.40017 -0.0284605
14 6700 0.385275 -0.0238686
13 6701 0.389858 -0.0250166
14 6701 0.376109 -0.0204246
13 6702 0.40017 -0.0250166
14 6702 0.385275 -0.0204246
13 4642 0.410482 -0.0238686
13 6703 0.40819 -0.0227206
14 6703 0.393295 -0.0181286
13 6704 -0.18188 -0.0215726
14 6704 -0.21969 -0.00779674
13 6705 0.388712 -0.0204246
14 6705 0.374963 -0.0146847
13 5119 0.389858 -0.0146847
14 2126 -0.232065 0.0266429
13 6706 -0.196775 0.0369748
14 6706 -0.226565 0.0500619
14 6455 -0.194483 0.0702665
13 6707 -0.217399 0.0714144
14 6707 -0.252918 0.0863383
13 6708 -0.20365 0.0760064
14 6708 -0.237564 0.0900119
13 210 -0.166985 0.0966702
13 6709 -0.205941 0.115038
14 6709 -0.236877 0.129962
14 211 -0.23344 0.137998
13 6710 0.128165 -0.286069
14 6710 0.103416 -0.279181
13 6711 0.108916 -0.266783
14 6711 0.0841671 -0.258517
13 6712 0.122665 -0.266783
14 6712 0.0979163 -0.259895
14 1211 0.137789 -0.25714
14 6461 0.133664 -0.255762
14 6490 0.0896668 -0.253007
13 6386 0.162538 -0.258517
14 4632 0.143289 -0.248874
13 6713 0.106166 -0.253007
14 6713 0.085542 -0.244742
13 5168 0.119915 -0.247497
13 6236 0.161163 -0.246119
14 6464 0.183161 -0.237854
13 6714 0.185911 -0.239231
14 6714 0.165287 -0.232343
13 5285 0.20241 -0.239231
13 5013 0.221659 -0.239231
14 6467 0.119915 -0.229588
14 5173 0.130914 -0.230966
14 6466 0.169412 -0.230966
14 4461 0.170787 -0.226833
13 2249 0.147413 -0.230966
14 5723 0.132289 -0.2227
13 1332 0.21341 -0.22821
13 6715 0.169412 -0.2227
14 6715 0.148788 -0.215812
13 1127 0.162538 -0.211679
13 1904 0.102041 -0.203414
13 6716 0.162538 -0.202036
14 6716 0.141914 -0.195148
14 119 0.111666 -0.192393
13 5994 0.168037 -0.185505
14 3171 -0.0849481 -0.168974
14 3060 0.133206 -0.165071
13 3064 0.0374198 -0.157954
14 258 -0.0753237 -0.145555
14 5974 -0.0725738 -0.141423
13 5056 0.183161 -0.152443
13 6717 0.0236706 -0.145555
14 6717 0.0106088 -0.135223
13 2402 0.188661 -0.145555
14 6356 -0.105572 -0.129024
13 6718 0.422398 -0.135912
14 6718 0.403699 -0.13233
14 690 -0.0959475 -0.109738
14 1461 -0.109697 -0.0945846
14 6355 0.347464 -0.0870079
14 6151 0.38115 -0.0656553
13 6719 0.404524 -0.0697881
14 6719 0.38665 -0.0656553
14 5889 0.405898 -0.0656553
14 5494 0.389399 -0.0629002
13 6720 0.348152 -0.0560122
14 6720 0.333028 -0.0505019
14 5999 0.338527 -0.0463692
13 5839 0.382525 -0.0491243
13 5745 0.364651 -0.043614
13 5227 0.3839 -0.0381036
13 6721 0.389399 -0.0353484
14 6721 0.374275 -0.0298381
14 5338 0.368776 -0.0284605
13 6722 0.399024 -0.0298381
14 6722 0.3839 -0.0243277
13 5747 0.367401 -0.0284605
13 5432 0.399024 -0.0257053
13 6723 0.389399 -0.0243277
14 6723 0.37565 -0.020195
14 5348 0.374275 -0.00917433
13 5749 0.379775 -0.0119295
13 6724 -0.181193 0.0101119
14 6724 -0.216666 0.0230612
13 6725 -0.200441 0.0238877
14 6725 -0.23069 0.0376636
13 6726 -0.203191 0.0280205
14 6726 -0.234814 0.0412454
14 6513 -0.194942 0.0707257
13 6727 -0.156444 0.0721033
14 6727 -0.183942 0.0858792
14 6228 -0.254063 0.0913894
13 4226 -0.252688 0.0845016
13 6728 -0.160569 0.0858792
14 6728 -0.189442 0.099655
14 6246 -0.201816 0.105165
13 6729 -0.210066 0.0941446
14 6729 -0.241689 0.109298
14 6153 -0.197692 0.114808
13 519 -0.163319 0.101033
13 5918 -0.205941 0.114808
14 5891 -0.234814 0.13685
13 6730 0.133114 -0.305906
14 6730 0.106716 -0.299294
13 6731 0.134764 -0.299294
14 6731 0.108366 -0.292682
13 5378 0.118265 -0.256313
13 6732 0.166112 -0.256313
14 6732 0.143014 -0.249701
13 6733 0.156213 -0.246395
14 6733 0.134764 -0.239782
14 3173 0.138064 -0.239782
13 915 0.103416 -0.244741
13 6734 0.147963 -0.231517
14 6734 0.126515 -0.223251
14 6012 0.164462 -0.20672
13 6735 0.162813 -0.211679
14 6735 0.141364 -0.205067
13 6736 0.0968164 -0.20672
14 6736 0.0786674 -0.197904
13 6737 0.0935166 -0.203414
14 6737 0.0737177 -0.195148
14 6498 0.0770175 -0.193495
13 288 0.143014 -0.198455
13 6738 0.182611 -0.198455
14 6738 0.165122 -0.191512
13 1569 0.0918666 -0.196802
13 6739 0.123215 -0.196802
14 6739 0.105066 -0.188536
13 6740 0.143014 -0.193495
14 6740 0.126515 -0.186883
14 688 -0.0830232 -0.168699
14 6017 0.0506191 -0.170352
13 6741 0.136414 -0.176964
14 6741 0.118265 -0.168699
13 6499 0.116615 -0.175311
14 3692 0.138064 -0.163739
13 835 -0.109422 -0.165393
13 6742 0.0423695 -0.162086
14 6742 0.0258705 -0.153821
14 5436 -0.0747737 -0.143902
13 6743 0.187561 -0.152168
14 6743 0.174362 -0.145555
13 6744 0.0275204 -0.150515
14 6744 0.0126713 -0.140596
13 6745 0.0440194 -0.143902
14 6745 0.0291703 -0.133984
13 6746 -0.0780735 -0.140596
14 6746 -0.0978724 -0.129024
14 315 -0.0896228 -0.129024
14 5527 -0.0929226 -0.125718
14 1478 0.0159711 -0.125718
13 6747 -0.0764236 -0.120759
14 6747 -0.0962225 -0.109187
14 6505 -0.0896228 -0.11084
14 1011 -0.0962225 -0.105881
14 6364 0.119915 -0.109738
14 2052 -0.0846731 -0.104228
13 5783 -0.0780735 -0.112493
14 5529 -0.0797234 -0.0976153
13 6748 0.362451 -0.0992684
14 6748 0.344027 -0.0945846
13 6749 0.37235 -0.0843905
14 6749 0.354202 -0.0794312
14 4843 0.359151 -0.0711656
13 5408 0.390499 -0.076125
13 6750 0.421848 -0.0711656
14 6750 0.405349 -0.0662064
14 6506 0.345952 -0.0629002
14 5409 0.390499 -0.0629002
13 6751 0.418548 -0.0662064
14 6751 0.402049 -0.061247
14 6507 0.334403 -0.0513284
13 3062 0.37565 -0.0364505
13 6752 0.359151 -0.0347974
14 6752 0.345952 -0.0298381
14 3487 0.369051 -0.0298381
14 5893 0.370701 -0.0248788
13 6753 0.398749 -0.0298381
14 6753 0.3839 -0.0248788
14 4845 0.347602 -0.0215726
14 5432 0.38555 -0.0215726
13 6754 0.408648 -0.0248788
14 6754 0.392809 -0.0209113
14 646 -0.220955 -0.00702524
13 1251 0.38885 -0.0149602
13 6755 -0.201816 -0.00338843
14 6755 -0.244714 0.0108283
14 6452 -0.215016 0.0524865
13 6756 -0.196867 0.0495109
14 6756 -0.226895 0.0624051
13 6757 -0.193567 0.0528171
14 6757 -0.222935 0.0663726
13 6758 -0.205116 0.0561233
14 6758 -0.238774 0.07034
14 6512 -0.200166 0.0693481
14 6537 -0.195217 0.0710012
13 6759 -0.157269 0.0726543
14 6759 -0.183667 0.0858792
13 6760 -0.191917 0.0957978
14 6760 -0.223265 0.110676
13 6761 -0.158919 0.0974509
14 6761 -0.186967 0.110676
14 5897 -0.236464 0.130513
14 4488 -0.234814 0.137125
13 6762 0.163143 -0.3026
14 6762 0.137404 -0.294665
13 6763 0.123545 -0.28673
14 6763 0.0978063 -0.278795
13 4494 0.139384 -0.284747
13 5362 0.161163 -0.272844
13 6764 0.109686 -0.266893
14 6764 0.085927 -0.258958
14 6293 0.137404 -0.256974
14 1795 0.0827593 -0.25261
14 6518 0.0958265 -0.241105
14 6273 0.114965 -0.241435
13 6765 0.184921 -0.247056
14 6765 0.163143 -0.239121
13 6766 0.101766 -0.245072
14 6766 0.0819672 -0.237137
13 6519 0.155223 -0.241105
13 6767 0.171062 -0.241105
14 6767 0.149283 -0.23317
14 6034 0.119585 -0.231186
14 6521 0.201552 -0.233566
14 6353 0.167102 -0.229202
14 6253 0.171062 -0.224904
14 88 0.157203 -0.223251
13 6768 0.196801 -0.229202
14 6768 0.175022 -0.223251
14 6522 0.188881 -0.221267
14 2928 0.085927 -0.219284
13 6769 0.169082 -0.227219
14 6769 0.149283 -0.221267
13 3483 0.198781 -0.223251
13 4806 0.167102 -0.221267
14 292 0.135424 -0.209365
14 3725 0.169082 -0.211349
13 6770 0.184921 -0.215316
14 6770 0.163143 -0.207381
13 6771 0.161163 -0.211349
14 6771 0.141364 -0.205398
14 5566 0.0740477 -0.189528
13 6637 0.0780075 -0.195479
13 6772 0.135424 -0.177626
14 6772 0.119585 -0.169691
14 5900 0.0443494 -0.167707
14 6499 0.0978063 -0.167707
13 6773 0.143344 -0.173658
14 6773 0.129485 -0.165723
14 657 0.0407196 -0.160433
13 5646 -0.112062 -0.167707
13 6774 0.169082 -0.163739
14 6774 0.155223 -0.155805
14 6527 -0.0982023 -0.149853
14 6062 0.0205908 -0.14787
13 6775 0.182941 -0.151837
14 6775 0.169082 -0.145886
13 2251 0.123545 -0.143902
13 6776 0.0285103 -0.132
14 6776 0.0143212 -0.122412
13 6777 0.03445 -0.132
14 6777 0.0205908 -0.122081
14 4637 0.111666 -0.118114
13 6778 0.363111 -0.114146
14 6778 0.343312 -0.110179
14 4566 0.161163 -0.104228
13 6779 -0.0487052 -0.0982766
14 6779 -0.0645443 -0.0883579
13 6780 0.361131 -0.0982766
14 6780 0.343312 -0.0943091
13 6781 0.390829 -0.0705044
14 6781 0.37301 -0.066537
13 6782 0.416568 -0.066537
14 6782 0.400729 -0.0625695
14 5499 0.359151 -0.0506672
14 5499 0.367071 -0.0486834
13 6783 0.359151 -0.0387648
14 6783 0.345952 -0.0331443
14 5507 0.369051 -0.0308299
13 6784 0.38489 -0.0308299
14 6784 0.369051 -0.0248788
13 4847 0.337373 -0.0248788
13 6785 0.406669 -0.0248788
14 6785 0.392149 -0.0199194
13 6786 -0.183337 -0.0189276
14 6786 -0.221351 -0.00504145
14 6048 0.37301 -0.0109926
13 6787 -0.197197 0.034633
14 6787 -0.233231 0.0497094
13 6788 -0.193237 0.0505028
14 6788 -0.221351 0.0639922
13 6789 -0.207096 0.0544702
14 6789 -0.242734 0.0687531
14 6536 -0.201156 0.0683563
14 6158 -0.187297 0.110014
13 1890 0.120773 -0.309742
13 2833 0.16829 -0.274034
14 243 0.0993903 -0.262132
13 6293 0.161163 -0.264513
13 6636 0.165914 -0.262132
13 6790 0.189673 -0.262132
14 6790 0.16829 -0.257371
13 6791 0.104142 -0.25261
14 6791 0.0851352 -0.245469
13 6792 0.177794 -0.25261
14 6792 0.154035 -0.245469
13 6793 0.137404 -0.247849
14 6793 0.113645 -0.240708
13 6794 0.101766 -0.245469
14 6794 0.0827593 -0.238327
13 6795 0.184921 -0.243088
14 6795 0.163539 -0.235947
13 6796 0.170666 -0.240708
14 6796 0.149283 -0.233566
13 756 0.173042 -0.235947
13 6629 0.196801 -0.231186
14 5552 0.156411 -0.221664
13 6797 0.211056 -0.228806
14 6797 0.187297 -0.224045
14 5555 0.11127 -0.219284
13 6644 0.182546 -0.224045
14 6368 0.144532 -0.214523
14 1236 0.118397 -0.207381
14 6307 0.0922627 -0.205001
14 99 0.13978 -0.205001
13 6798 0.146908 -0.209762
14 6798 0.125525 -0.20262
13 6799 0.101766 -0.205001
14 6799 0.0780076 -0.197859
13 1967 0.0946386 -0.197859
14 6299 0.163539 -0.190718
14 6542 0.101766 -0.188338
14 6524 0.126 -0.185957
13 4848 0.151659 -0.169294
13 6800 0.187297 -0.164533
14 6800 0.173042 -0.157391
13 3065 0.177794 -0.157391
13 6801 0.0423696 -0.145489
14 6801 0.0281144 -0.135967
13 6802 0.187297 -0.145489
14 6802 0.175418 -0.138348
14 2287 0.11127 -0.135967
13 6803 0.38687 -0.138348
14 6803 0.367071 -0.133984
13 6804 0.363111 -0.114543
14 6804 0.344104 -0.109782
13 6805 -0.0978063 -0.112163
14 6805 -0.114437 -0.10026
14 6302 0.161163 -0.105021
13 5876 0.363111 -0.10026
14 4568 -0.119189 -0.0835969
13 5570 0.363111 -0.0931188
13 6806 -0.102558 -0.0907383
14 6806 -0.119189 -0.078836
13 968 0.365487 -0.0859774
13 6807 -0.180962 -0.0812164
14 6807 -0.218315 -0.0678594
13 6393 0.391622 -0.0764555
13 6808 0.370239 -0.0740751
14 6808 0.351232 -0.0693141
13 5573 0.384494 -0.0716946
13 6809 0.360735 -0.0693141
14 6809 0.344104 -0.0645532
14 5584 0.351232 -0.0407485
13 6810 0.377366 -0.0336071
14 6810 0.363111 -0.0288461
13 6811 0.405877 -0.0264657
14 6811 0.391146 -0.023133
13 6812 0.396373 -0.0169438
14 6812 0.38489 -0.0109926
13 6813 -0.207096 0.0425679
14 6813 -0.238933 0.0568508
13 6814 -0.157203 0.0711336
14 6814 -0.185713 0.0854164
14 6373 -0.202344 0.10446
14 6551 -0.2855 0.106841
14 2662 -0.223727 0.109221
13 6815 -0.207096 0.113982
14 6815 -0.235606 0.128265
13 6816 -0.197593 0.121123
14 6816 -0.226103 0.135406
13 6817 -0.211848 0.125884
14 6817 -0.240358 0.140167
13 6634 0.140255 -0.28308
14 6552 0.104332 -0.271083
13 6818 0.188723 -0.263084
14 6818 0.169336 -0.257371
13 6819 0.185872 -0.248801
14 6819 0.163063 -0.243088
14 5466 0.143106 -0.237375
13 6396 0.171617 -0.240232
13 6820 0.222935 -0.240232
14 6820 0.200127 -0.234519
14 6556 0.15451 -0.228806
13 6821 0.211531 -0.228806
14 6821 0.188723 -0.223092
13 6822 0.197276 -0.223092
14 6822 0.177319 -0.217379
14 1177 0.145957 -0.214523
13 6823 0.18017 -0.220236
14 6823 0.160212 -0.214523
14 5670 0.0832345 -0.203096
14 6074 0.0575751 -0.185957
14 279 0.0632772 -0.180244
13 6824 -0.113487 -0.185957
14 6824 -0.133444 -0.174531
14 6560 -0.0621684 -0.165961
13 6825 -0.0450622 -0.171674
14 6825 -0.0650194 -0.160248
13 6826 0.185872 -0.163105
14 6826 0.174468 -0.157391
13 6827 -0.0593173 -0.160248
14 6827 -0.0792746 -0.148822
13 6828 0.123149 -0.143109
14 6828 0.111745 -0.134539
13 6829 0.0575751 -0.123113
14 6829 0.0433199 -0.114543
13 6645 -0.0678704 -0.120256
13 6830 -0.102083 -0.0974036
14 6830 -0.119189 -0.0859773
13 6831 -0.0479132 -0.0888339
14 6831 -0.0650194 -0.0774077
13 6832 0.359785 -0.068838
14 6832 0.342679 -0.0631249
13 5686 0.351232 -0.0574118
13 6833 0.382593 -0.0459855
14 6833 0.368338 -0.0402723
14 4841 0.362636 -0.0288461
14 1341 0.334126 -0.0259896
13 6834 0.391146 -0.023133
14 6834 0.376891 -0.0174199
14 5904 0.371189 -0.00885015
13 6835 -0.181912 0.00828922
14 6835 -0.216124 0.022572
14 1634 -0.335393 0.0282851
13 6836 -0.187614 0.0311417
14 6836 -0.217265 0.0442819
13 6837 -0.184763 0.0511377
14 6837 -0.221826 0.0654204
13 6838 -0.167657 0.0597074
14 6838 -0.196167 0.0739901
13 6839 -0.156253 0.0711336
14 6839 -0.184763 0.0854164
14 6570 -0.241784 0.108269
13 6840 -0.193316 0.0939861
14 6840 -0.224677 0.108269
13 6841 0.135123 -0.312217
14 6841 0.107753 -0.305361
14 525 0.0974897 -0.301934
14 6571 0.135123 -0.295078
13 6842 0.12486 -0.295078
14 6842 0.0974897 -0.288222
13 6843 0.159072 -0.274511
14 6843 0.135123 -0.267655
14 3144 0.0838047 -0.260799
14 6573 0.100911 -0.253943
13 6844 0.121438 -0.250515
14 6844 0.0974897 -0.24366
14 6574 0.118017 -0.229948
13 6845 0.165915 -0.233376
14 6845 0.145387 -0.22652
13 6846 0.159072 -0.229948
14 6846 0.138545 -0.223092
13 6847 0.162493 -0.219665
14 6847 0.141966 -0.212809
13 6848 0.135123 -0.202525
14 6848 0.114596 -0.195669
13 6849 0.176178 -0.199097
14 6849 0.162493 -0.192242
13 6850 0.118017 -0.195669
14 6850 0.100341 -0.188814
13 6851 0.141966 -0.192242
14 6851 0.12486 -0.185386
13 6852 0.159072 -0.192242
14 6852 0.141966 -0.185386
13 6397 0.172757 -0.188814
13 6853 -0.0427813 -0.185386
14 6853 -0.0633088 -0.175102
14 6558 0.176178 -0.17853
14 6579 -0.0633088 -0.168246
13 6854 -0.0462026 -0.171674
14 6854 -0.06673 -0.161391
14 6580 0.138545 -0.157963
13 6855 -0.0598875 -0.161391
14 6855 -0.080415 -0.151107
13 6856 -0.0975212 -0.157963
14 6856 -0.118049 -0.147679
14 6585 -0.0769938 -0.144251
13 6857 0.0222223 -0.140823
14 6857 0.00853734 -0.13054
13 6858 -0.0769938 -0.127112
14 6858 -0.0941 -0.116828
13 6859 0.183021 -0.123684
14 6859 0.172757 -0.116828
13 6860 -0.0769938 -0.1134
14 6860 -0.0941 -0.103117
14 6326 0.162493 -0.106545
14 6146 -0.06673 -0.0894052
13 6861 0.364347 -0.0996889
14 6861 0.34553 -0.0945471
14 6587 -0.06673 -0.0791216
13 6862 -0.183052 -0.0825495
14 6862 -0.220686 -0.068838
14 6588 -0.0701513 -0.0722659
13 6863 -0.299375 -0.041415
14 6863 -0.34157 -0.0259896
13 6864 0.360925 -0.0379871
14 6864 0.34724 -0.0311314
13 6865 0.34724 -0.0311314
14 6865 0.333555 -0.0242756
13 5808 0.357504 -0.0311314
13 6866 -0.210422 0.0511377
14 6866 -0.244635 0.0648492
14 6589 -0.220686 0.0648492
14 6590 -0.196737 0.0717049
13 6176 -0.200159 0.0648492
15 5042 0.106662 -0.210799
13 6867 0.108572 -0.171576
15 6867 0.0770175 -0.157127
15 6672 0.361595 0.00636177
15 5082 0.330278 0.0252653
15 5957 0.329132 0.0691185
15 4831 0.330278 0.0693481
15 2625 0.326841 0.0702665
15 1899 0.0747718 -0.312014
15 6693 0.112582 -0.101932
15 6150 0.317674 -0.0100927
13 212 -0.161256 0.100114
15 5013 0.181786 -0.219945
15 1127 0.121565 -0.195148
13 5201 0.389399 -0.076676
15 5327 0.317904 0.0156223
15 3294 0.128165 -0.211679
15 91 0.107706 -0.203414
15 5434 0.303925 0.0381228
15 1315 0.108894 -0.254515
15 6132 0.0993903 -0.221664
13 4609 0.196801 -0.183577
13 3827 0.390829 -0.0764556
15 5410 0.344104 0.00448046
15 5499 0.323513 0.0207469
15 6371 0.297775 0.0386004
13 6868 0.126 -0.294506
15 6868 0.0803835 -0.295078
15 6820 0.185872 -0.220236
15 4841 0.322721 0.0425679
16 6666 0.172162 -0.122596
13 3773 0.176745 -0.235098
16 5201 0.311946 0.018607
16 5073 0.349756 0.0335309
13 998 0.0473192 -0.168699
16 6833 0.308466 0.0520898
17 5083 0.307363 0.0840423
17 3765 0.154288 -0.159331
17 1888 0.325573 0.0854164
13 1991 -0.179631 -0.0345592
15 6167 0.0971142 -0.267242
14 560 0.120984 -0.210799
15 4837 0.341545 0.00157849
15 6673 0.349183 0.00444846
14 6869 -0.192192 0.0752411
15 6869 -0.308678 0.0312349
14 4493 0.110291 -0.275278
15 6208 0.0937915 -0.253007
14 4307 0.127477 -0.186883
15 1880 0.323403 -0.000908798
14 3783 0.11304 -0.320509
15 6461 0.108366 -0.256313
14 393 0.108916 -0.239231
15 3297 0.12404 -0.121448
14 6870 0.344027 -0.0298381
15 6870 0.306217 0.0388881
14 6871 0.114965 -0.314172
15 6871 0.0924166 -0.323264
14 3552 0.134764 -0.218292
15 417 0.103746 -0.207381
14 6872 0.360801 -0.076125
15 6872 0.314604 -0.0149602
14 1017 -0.201816 0.105716
14 4551 0.129485 -0.221267
15 4647 0.0970145 -0.212142
15 3554 0.068108 -0.20143
14 6873 0.404689 -0.066537
15 6873 0.365487 0.00448046
15 5417 0.341728 0.0211437
14 6874 0.113645 -0.319263
15 6874 0.0898869 -0.328785
15 4569 -0.00514767 -0.119304
14 2619 0.120773 -0.109782
14 1148 0.0974897 -0.277367
14 6875 0.126 -0.217379
15 6875 0.108894 -0.211666
14 6876 0.385444 -0.000280466
15 6876 0.34724 0.0819885
15 6859 0.176178 -0.0894052
15 1537 -0.00514764 -0.1134
15 6864 0.308466 0.0368549
14 6877 -0.186474 0.0854164
15 6877 -0.301655 0.0425679
14 6878 0.142945 -0.241412
16 6878 0.0701888 -0.232802
14 3376 0.155357 -0.217496
16 3444 0.0675153 -0.168706
16 4837 0.325695 0.0277909
16 5122 0.320653 0.0955222
14 4508 0.164142 -0.238542
14 449 -0.0879271 -0.122596
16 6620 0.324503 0.0974509
14 1012 0.00992138 -0.105605
16 5996 0.311029 0.0183774
16 5408 0.311304 0.0181019
14 4648 0.155223 -0.245072
16 4806 0.133444 -0.195479
16 6042 0.382593 0.0197154
14 1017 -0.203136 0.106047
14 4606 0.163539 -0.209762
16 4798 0.29178 0.0638377
14 506 -0.214224 0.0520898
14 4769 0.0860855 -0.260228
14 6879 0.119457 -0.277574
17 6879 0.106853 -0.22821
17 5205 0.302779 0.0518987
14 1239 -0.243751 0.0381228
17 6218 0.114415 -0.115248
14 191 -0.243064 0.00983643
14 3804 0.0245506 -0.153821
14 122 -0.240358 0.0568508
15 4737 0.0923402 -0.282549
15 3415 0.0608316 -0.252892
15 929 0.0465095 -0.251936
15 4276 0.162996 -0.229932
15 3848 0.18973 -0.222279
16 4864 0.162041 -0.207929
15 73 0.182092 -0.220366
16 4163 0.144855 -0.198363
16 3437 0.162041 -0.195493
15 6194 0.117165 -0.205059
15 4173 0.098069 -0.198363
16 4304 0.153448 -0.181143
16 1759 0.0722893 -0.183056
15 3861 0.0264586 -0.1247
15 6880 -0.129175 -0.115134
16 6880 -0.113898 -0.115134
16 3746 0.31672 0.0245383
15 1182 -0.319181 0.0121017
15 5057 -0.311543 0.0331482
15 6881 0.308126 0.0331482
16 6881 0.297623 0.0580212
15 6882 0.318629 0.0388881
16 6882 0.305262 0.0628045
15 3646 0.322448 0.0398448
15 210 -0.328729 0.0637612
15 3193 0.343454 0.0685445
15 4956 0.0953956 -0.324642
15 6883 0.107999 -0.316606
16 6883 0.11854 -0.303978
15 6884 0.0621684 -0.289054
16 6884 0.0684701 -0.279679
15 6885 0.0644599 -0.284462
16 6885 0.0703797 -0.274895
16 4253 0.114415 -0.266783
15 6351 0.0656056 -0.263798
15 3279 0.0667514 -0.254614
16 4263 0.069043 -0.237394
15 4743 0.167579 -0.241986
16 4880 0.172162 -0.221323
16 4273 0.117165 -0.215812
15 6886 0.188203 -0.227062
16 6886 0.193932 -0.212139
15 1649 0.182474 -0.220175
15 4158 0.0965414 -0.213287
16 1655 0.119915 -0.189638
16 4296 0.130914 -0.18826
15 6887 0.156121 -0.197215
16 6887 0.162996 -0.184013
15 6888 0.0816464 -0.191475
16 6888 0.088521 -0.182291
15 6889 -0.158965 -0.190327
16 6889 -0.140632 -0.19071
15 298 0.0953956 -0.184587
15 126 -0.113134 -0.12604
16 630 0.181786 -0.108361
16 1627 0.301443 0.0207116
15 4837 0.341736 0.00253514
15 6890 0.345173 0.00597914
16 6890 0.330278 0.0323829
15 954 -0.311352 0.00712714
15 6891 0.34861 0.0128671
16 6891 0.333906 0.0388881
15 987 0.353193 0.0128671
15 4746 -0.381244 0.016311
15 6892 0.342881 0.019755
16 6892 0.329132 0.0461587
15 6893 0.345173 0.019755
16 6893 0.332569 0.0461587
15 192 -0.307914 0.0358269
16 4901 0.305071 0.0633786
15 6894 0.338298 0.0656745
16 6894 0.324778 0.092767
15 6895 0.338298 0.0702665
16 6895 0.324778 0.0968998
15 1252 0.111666 -0.320509
15 6896 0.0649182 -0.264028
16 6896 0.0717928 -0.254385
16 4362 0.136414 -0.251629
15 6897 0.114415 -0.253007
16 6897 0.119915 -0.241435
16 4365 0.069043 -0.236476
16 4368 0.0704179 -0.233721
16 4674 0.139164 -0.229588
15 6898 0.0621684 -0.237854
16 6898 0.0717928 -0.22821
15 3507 0.151538 -0.22821
15 6899 0.0607934 -0.226833
16 6899 0.0704179 -0.21719
15 6900 0.187286 -0.226833
16 6900 0.192786 -0.211679
15 6901 0.166662 -0.2227
16 6901 0.173537 -0.208924
16 5013 0.187286 -0.206169
16 422 0.11304 -0.195148
15 4285 -0.139945 -0.202036
15 3485 0.155663 -0.197904
15 3905 0.0662931 -0.193771
15 2022 -0.105572 -0.189638
15 1913 0.0882918 -0.181373
16 3779 -0.126883 -0.175403
16 4685 0.185911 -0.109187
15 6902 0.184536 -0.124892
16 6902 0.198285 -0.111116
15 2588 -0.113821 -0.105605
15 6903 0.185911 -0.0987174
16 6903 0.19966 -0.0821864
16 4671 0.127477 -0.078972
16 5201 0.308279 0.0156223
15 1182 -0.318685 0.0114895
15 4332 -0.321434 0.0142447
15 6904 -0.381931 0.0156223
16 6904 -0.381931 -0.00366397
16 1888 0.331653 0.0459291
15 3922 0.319279 0.0349084
15 6905 0.327528 0.0445516
16 6905 0.315154 0.0707257
16 1494 0.331653 0.0955222
16 3369 0.086917 -0.300947
16 4909 0.141364 -0.264909
15 6906 0.0968164 -0.266232
16 6906 0.103416 -0.255762
16 743 0.136414 -0.249701
15 1425 0.100116 -0.256313
15 3070 0.0456693 -0.251354
15 3526 0.0621684 -0.238129
15 6907 0.197461 -0.219945
16 6907 0.20241 -0.205067
16 1127 0.128165 -0.183577
15 6908 -0.158919 -0.191842
16 6908 -0.14132 -0.191016
15 4758 0.0885668 -0.183577
15 4479 0.179312 -0.124065
15 3569 0.182611 -0.120759
15 6909 0.327803 -0.0017353
16 6909 0.312954 0.0230612
15 6910 0.350902 0.0048771
16 6910 0.335393 0.0306656
16 2595 0.327803 0.0462047
16 5743 0.309654 0.0528171
16 4899 -0.31236 0.0131426
16 3790 0.298105 0.0528171
15 6911 0.319554 0.034633
16 6911 0.306354 0.0594295
16 3819 0.298105 0.0610826
15 3954 0.337702 0.0660419
16 368 -0.363507 0.0495109
16 4497 0.068108 -0.243088
16 4912 0.109686 -0.237137
15 6912 0.0641483 -0.243088
16 6912 0.0700879 -0.23317
15 6913 0.0621684 -0.237137
16 6913 0.0700879 -0.227219
16 4690 0.127505 -0.2173
15 6914 0.178982 -0.229202
16 6914 0.184921 -0.215316
15 6915 0.0601885 -0.227219
16 6915 0.0700879 -0.2173
15 6916 0.186901 -0.227219
16 6916 0.192511 -0.211679
15 3814 0.161163 -0.221267
15 3000 0.0978063 -0.213333
15 6917 0.175022 -0.211349
16 6917 0.180962 -0.197463
16 4467 0.068768 -0.183577
15 3956 0.117605 -0.175642
15 6918 -0.13582 -0.161756
16 6918 -0.119981 -0.161756
15 1074 -0.118001 -0.120097
15 4763 -0.110082 -0.108195
15 708 -0.147699 -0.10026
15 480 -0.343708 -0.0308299
15 6919 0.404689 -0.0308299
16 6919 0.393997 -0.00266096
15 631 -0.333809 0.0147958
16 1906 0.325097 0.0473289
16 1021 0.329849 0.0473289
15 6920 0.323513 0.0266981
16 6920 0.309654 0.0524865
15 6921 0.331433 0.0465353
16 6921 0.321533 0.0723237
16 4543 0.0685041 -0.276415
15 3310 0.0542489 -0.266893
15 2926 0.135028 -0.262132
15 4545 0.0613765 -0.25261
15 662 0.0566248 -0.247849
15 6922 0.0613765 -0.228806
16 6922 0.07088 -0.219284
15 677 0.184921 -0.226425
15 1503 0.165914 -0.212142
15 2332 -0.159579 -0.195479
16 3557 0.0685041 -0.181196
16 3350 -0.0740477 -0.171674
16 3715 0.0756317 -0.159772
16 4560 -0.0849766 -0.157391
16 3371 0.0285103 -0.14787
15 3216 -0.100182 -0.114543
15 4833 0.177794 -0.0859774
15 6923 0.334601 -0.0812164
16 6923 0.332225 -0.0574118
15 6924 0.303715 -0.0550313
16 6924 0.29136 -0.0317027
15 6925 0.403501 -0.0455094
16 6925 0.394789 -0.0169438
15 6926 0.30609 -0.0121829
16 6926 0.293815 0.0108283
16 447 0.322721 0.033046
15 6927 0.34648 0.0163828
16 6927 0.334126 0.0425679
16 3826 -0.31401 0.0116219
15 6928 -0.356775 0.0401875
16 6928 -0.359151 0.0211437
16 4846 0.287083 0.0639922
15 6929 0.334601 0.0639922
16 6929 0.322721 0.0901773
16 1495 0.313218 0.0949383
16 4929 0.126 -0.303076
16 1315 0.114596 -0.243088
15 749 0.0604262 -0.237375
16 6820 0.191574 -0.205953
15 1824 -0.159104 -0.194527
16 4584 -0.0678704 -0.185957
15 6930 0.0974897 -0.183101
16 6930 0.106043 -0.171674
16 4715 0.128851 -0.163105
15 3969 0.18017 -0.160248
15 3968 0.0404689 -0.145965
15 4774 0.185872 -0.125969
16 4943 0.20868 -0.0974036
16 4719 -0.0764235 -0.105973
15 6931 0.334126 -0.0802643
16 6931 0.331275 -0.0574118
15 6932 0.297062 -0.0117067
16 6932 0.285896 0.0108283
15 6042 0.393997 -0.00885015
15 801 -0.335868 0.00828922
15 6933 0.354083 0.0111458
16 6933 0.339828 0.0368549
15 804 -0.333017 0.0140024
15 6833 0.322721 0.0282851
16 5929 0.285658 0.0654204
15 6934 0.322721 0.0482811
16 6934 0.311317 0.0739901
15 6935 0.331275 0.0482811
16 6935 0.31987 0.0739901
15 3223 0.334126 0.0654204
16 3833 0.314168 0.0939861
15 6936 0.159072 -0.250515
16 6936 0.169336 -0.236804
16 2957 -0.141997 -0.195669
15 3015 0.189863 -0.1134
15 6937 0.155651 -0.0791216
16 6937 0.165915 -0.0654101
15 6938 0.295922 -0.0139919
16 6938 0.287083 0.00924138
15 6939 0.306185 -0.0105641
16 6939 0.292501 0.013431
15 1069 0.367768 0.00314742
17 4147 0.129578 -0.189753
17 4867 0.114301 -0.154357
17 349 0.195077 -0.0720841
15 6940 -0.342096 -0.0299912
17 6940 -0.309633 -0.0386011
17 3746 0.3129 0.0589779
15 6941 0.348228 0.0130584
17 6941 0.330087 0.0752411
17 3638 0.307172 0.083851
15 4876 0.333906 0.0695011
17 3784 0.121939 -0.272025
17 1899 0.107617 -0.263415
15 3840 0.0908125 -0.307422
17 6351 0.0913854 -0.218453
15 233 0.129769 -0.261502
15 4177 0.151538 -0.196067
17 6889 -0.111033 -0.163923
15 6942 0.0827921 -0.188031
17 6942 0.105707 -0.143259
17 95 -0.0581372 -0.130631
15 6943 0.141226 -0.144407
17 6943 0.172544 -0.0921739
15 3653 0.00258848 -0.131779
15 157 -0.342287 -0.0296085
15 162 -0.384681 0.000239202
17 4837 0.321112 0.0622306
17 4901 0.301634 0.0989662
15 2081 0.135039 -0.25714
15 231 0.100666 -0.255762
15 4012 0.0497941 -0.251629
15 4277 -0.156444 -0.210302
15 4019 0.158413 -0.200659
15 3804 -0.0931977 -0.174485
17 175 0.151538 -0.0711657
17 1880 0.305529 0.0583274
17 988 0.332753 0.0743074
17 1888 0.327528 0.0817464
15 1363 0.324778 0.036286
15 6944 0.337152 0.0707257
17 6944 0.319554 0.133819
15 4031 0.0902168 -0.309213
15 6945 0.085267 -0.274497
17 6945 0.111666 -0.22821
17 6461 0.133444 -0.207381
15 6946 0.164462 -0.239782
17 6946 0.189211 -0.186883
17 4454 0.144664 -0.178617
15 1649 0.182611 -0.219945
15 1237 -0.350308 -0.0827374
17 3807 0.326153 0.0660419
15 631 -0.332159 0.0147957
17 1895 0.319554 0.082573
15 1023 0.326153 0.0362861
17 3761 0.312404 0.106543
15 4096 0.337702 0.0462047
15 3811 0.332753 0.0693481
17 4916 0.178982 -0.181593
17 1066 0.161163 -0.157788
17 3561 0.125525 -0.137951
15 614 -0.361527 -0.0248788
15 620 -0.347668 -0.0248788
17 1906 0.325097 0.0830359
17 5904 0.327473 0.131835
15 1927 0.325493 0.0683563
15 4771 0.0946386 -0.205001
15 6947 0.118397 -0.205001
17 6947 0.13978 -0.157391
15 6948 0.0993903 -0.185957
17 6948 0.131464 -0.137951
17 4705 0.0685041 -0.10026
17 1838 0.185872 -0.0859773
17 4575 0.182546 -0.0264657
17 6927 0.331275 0.0797033
17 4846 0.287083 0.0996992
15 1117 0.0775324 -0.308789
17 749 0.0917876 -0.19167
15 6949 0.15451 -0.234519
17 6949 0.18017 -0.183101
15 4569 -0.00514767 -0.1174
15 3980 -0.338719 -0.0631249
15 6950 0.302764 0.0111458
17 6950 0.294211 0.0711336
15 6951 0.311317 0.0282851
17 6951 0.296587 0.0877968
17 6934 0.308466 0.111125
17 6935 0.317019 0.111125
15 879 0.128281 -0.277938
15 4118 0.111175 -0.253943
17 1062 0.176178 -0.185386
17 3834 0.0940684 -0.188814
15 762 0.186442 -0.223092
17 71 0.118017 -0.157963
15 4790 0.0906471 -0.202525
15 833 -0.12147 -0.171674
15 3079 -0.319902 0.0511377
16 3983 0.105707 -0.312205
16 6952 0.125758 -0.306465
17 6952 0.145809 -0.266285
16 6953 0.12003 -0.302638
17 6953 0.140081 -0.261502
16 6954 0.14199 -0.209843
17 6954 0.158222 -0.17349
17 3848 0.207872 -0.168706
16 89 0.12003 -0.191666
16 431 0.0684701 -0.18497
17 1759 0.0923402 -0.148617
17 119 0.0942498 -0.149573
16 126 -0.352599 -0.114177
17 1200 0.0465095 -0.080694
16 4205 0.00927209 -0.11035
17 4745 0.203098 -0.0720841
16 3999 0.199278 -0.108437
17 3675 0.215701 -0.0663442
16 91 -0.351645 -0.103654
17 3886 0.212646 -0.0606042
16 190 0.201188 -0.0902606
16 6955 -0.356419 -0.0481677
17 6955 -0.328729 -0.0414711
16 6956 -0.315362 -0.00798808
17 6956 -0.290537 0.00253514
17 3634 0.299533 0.047498
16 4229 -0.32491 0.0293215
16 6957 0.333906 0.0312349
17 6957 0.330087 0.0666312
17 3890 0.34059 0.0695011
16 6958 0.341545 0.0388881
17 6958 0.336771 0.0742844
16 6959 0.333906 0.047498
17 6959 0.330087 0.0848076
16 4342 0.297623 0.0522813
17 4956 0.125186 -0.272982
17 3870 0.122894 -0.266094
16 4008 0.0999787 -0.298238
16 4009 0.113728 -0.267242
16 240 0.137789 -0.241986
17 3875 0.154976 -0.197215
16 6960 -0.0913644 -0.225915
17 6960 -0.0623384 -0.19645
16 3993 0.142372 -0.215583
16 3773 0.144664 -0.205251
16 3438 0.181328 -0.197215
17 3376 0.159559 -0.159331
16 6889 -0.140632 -0.191475
16 1430 0.0747718 -0.188031
16 4019 0.166433 -0.186883
16 6961 0.13206 -0.165071
17 6961 0.150392 -0.129483
16 6962 0.0232123 -0.124892
17 6962 0.0449819 -0.0927479
17 3914 0.206535 -0.0725433
16 6963 0.197369 -0.0973398
17 6963 0.21341 -0.0606042
16 2031 -0.354891 -0.0881559
17 3884 -0.326247 -0.0720841
16 3655 -0.351454 -0.0433844
17 3888 0.293613 0.0461587
16 6964 0.300488 0.00942309
17 6964 0.297623 0.0436714
17 3889 0.287885 0.0496027
17 3917 0.303925 0.0496027
16 6965 0.292468 0.0300869
17 6965 0.291895 0.0666312
16 6966 0.292468 0.0369748
17 6966 0.292849 0.0733278
16 6967 0.334861 0.0369748
17 6967 0.330278 0.0721033
16 6968 0.339444 0.0392708
17 6968 0.334861 0.0748584
16 4050 0.341736 0.0392708
16 4900 0.295905 0.0415668
16 4994 0.309654 0.0599346
16 5343 0.306217 0.0668225
16 4074 0.3108 0.0691185
17 4841 0.31672 0.106811
17 4242 0.298578 0.107767
17 3924 0.321112 0.118482
17 6883 0.139164 -0.26265
16 6969 0.129539 -0.272293
17 6969 0.148788 -0.233721
17 4362 0.152684 -0.215583
16 4361 0.12404 -0.250252
17 3378 0.0896668 -0.210302
16 6970 0.0662931 -0.243364
17 6970 0.0869169 -0.207547
17 4674 0.158413 -0.191016
16 4456 0.117165 -0.211679
17 2904 0.192511 -0.15878
17 6908 -0.111072 -0.163464
16 6971 0.165287 -0.186883
17 6971 0.180412 -0.149688
16 6972 0.0869169 -0.181373
17 6972 0.104791 -0.148311
16 6973 0.165287 -0.167597
17 6973 0.183161 -0.130402
17 1085 0.194161 -0.0725433
16 4787 0.19966 -0.108361
16 1227 0.0401696 -0.105605
17 3675 0.216159 -0.0656553
17 3909 -0.32006 -0.0890743
16 6974 0.196911 -0.0973398
17 6974 0.21341 -0.0587674
16 6975 0.209285 -0.0973398
17 6975 0.224409 -0.0587674
17 6650 -0.322809 -0.0573898
16 6976 -0.357182 -0.0477467
17 6976 -0.328309 -0.0408588
17 3940 0.290405 0.0307757
17 3796 0.330278 0.0665929
16 985 0.330278 0.0321533
16 6977 0.29178 0.036286
17 6977 0.293613 0.0714144
17 3282 0.328903 0.0748584
16 4049 0.295905 0.0404188
16 1363 0.311029 0.0624601
17 5651 0.315154 0.105165
16 6978 0.322028 0.0707257
17 6978 0.319279 0.106543
17 3946 0.322028 0.118941
17 992 0.114965 -0.238129
17 1498 0.111666 -0.234823
17 3547 0.131464 -0.208373
16 4454 0.128165 -0.214986
17 405 0.128165 -0.173658
17 4463 0.162538 -0.162086
16 6979 0.147963 -0.195148
17 6979 0.162813 -0.15878
16 4063 0.166112 -0.190189
17 3284 0.177662 -0.148311
16 3687 0.129814 -0.163739
16 6980 0.0209208 -0.13233
17 6980 0.0423695 -0.100921
16 3913 0.0275204 -0.127371
16 729 0.197461 -0.0976153
16 123 -0.347008 -0.0744719
16 6981 -0.350308 -0.0662064
17 6981 -0.322259 -0.0579408
17 5408 0.306354 0.0528171
16 4092 0.317904 0.0263674
16 6982 0.294805 0.0395923
17 6982 0.294805 0.0743074
17 3943 0.308004 0.0809199
16 1055 0.331103 0.0462047
16 1023 0.311304 0.0627357
16 1455 0.311304 0.0693481
16 6983 0.326153 0.082573
17 6983 0.321203 0.118941
16 6984 0.329453 0.0858792
17 6984 0.324503 0.122247
17 737 0.143344 -0.266893
16 4493 0.0898868 -0.268877
17 1093 0.139384 -0.215316
16 1499 0.141364 -0.251023
16 4081 0.137404 -0.243088
17 3182 -0.0632244 -0.196802
16 6985 0.190861 -0.213333
17 6985 0.20571 -0.173658
17 4806 0.151263 -0.159772
17 1728 -0.111072 -0.163739
17 1917 0.165122 -0.151837
16 4085 0.0740477 -0.18556
16 6986 0.0958265 -0.169691
17 6986 0.113645 -0.135967
16 6987 0.139384 -0.169691
17 6987 0.155223 -0.133984
17 3956 0.147303 -0.128032
17 6918 -0.0930546 -0.135967
17 1072 -0.0902828 -0.108195
16 6988 -0.0942426 -0.130016
17 6988 -0.0685041 -0.104228
16 4566 0.0245506 -0.124065
17 3028 -0.0724638 -0.0962928
17 615 0.330087 0.125944
16 4089 -0.329849 -0.0962928
17 4765 0.218579 -0.0466997
16 620 -0.341728 -0.0427322
16 6989 0.289855 -0.0328136
17 6989 0.289855 0.00289342
16 3827 0.311634 0.0187632
17 3960 0.287875 0.0544702
16 6990 0.329453 0.0306656
17 6990 0.325493 0.0663726
17 6910 0.331433 0.0663726
16 1089 0.331433 0.0405842
17 3753 0.309654 0.0862098
16 4093 0.297775 0.0544702
17 3348 0.289855 0.100096
16 6991 0.325493 0.0822423
17 6991 0.321533 0.117949
16 4099 0.104142 -0.307361
16 737 0.123149 -0.307361
16 4098 0.118397 -0.304981
16 6992 0.104142 -0.254991
17 6992 0.123149 -0.216903
16 6993 0.104142 -0.245469
17 6993 0.123149 -0.209762
17 4712 0.159183 -0.189528
17 6649 0.158787 -0.183577
17 677 0.203928 -0.174055
16 6994 0.13978 -0.171674
17 6994 0.154035 -0.135967
17 890 -0.0621684 -0.135967
17 3715 0.0946386 -0.126445
17 3015 0.213432 -0.0597922
16 710 -0.352024 -0.0455094
17 4859 -0.295003 0.00686089
16 6995 0.296587 0.0616117
17 6995 0.296587 0.0973187
16 6996 0.30609 0.0663726
17 6996 0.303715 0.10208
16 6997 0.310842 0.0687531
17 6997 0.308466 0.10446
17 6929 0.31797 0.125884
17 1495 0.310842 0.130645
16 2681 0.100341 -0.317359
16 744 0.0632772 -0.237375
17 826 0.134553 -0.185957
16 3156 -0.133444 -0.177387
16 6998 0.148808 -0.171674
17 6998 0.163063 -0.134539
16 890 -0.0878277 -0.163105
16 3608 0.177319 -0.160248
16 777 -0.102083 -0.120256
16 6999 0.0148096 -0.120256
17 6999 0.0376179 -0.0888339
17 4591 -0.301655 -0.0974036
16 4111 -0.330166 -0.0945471
17 6042 0.377366 0.0568508
16 7000 0.322721 0.0339983
17 7000 0.317019 0.068277
16 1888 0.328424 0.0482811
16 7001 0.282807 0.0511377
17 7001 0.285658 0.088273
16 3402 0.302764 0.0511377
16 7002 0.0701197 -0.247088
17 7002 0.0906471 -0.212809
16 1154 0.172757 -0.22652
16 3404 0.189863 -0.205953
16 7003 0.0769622 -0.195669
17 7003 0.0940684 -0.161391
17 758 0.176178 -0.154535
16 7004 -0.0701513 -0.188814
17 7004 -0.0427813 -0.157963
16 7005 0.0940684 -0.185386
17 7005 0.111175 -0.151107
17 893 -0.0906787 -0.120256
16 3147 0.0359073 -0.109972
17 2241 -0.104364 -0.0722659
17 868 -0.289111 -0.000280466
17 6939 0.292501 0.0511377
16 7006 0.302764 0.0168589
17 7006 0.299343 0.0511377
17 1571 0.309607 0.0579935
16 7007 0.336977 0.0339983
17 7007 0.333555 0.0717049
16 7008 0.326713 0.0477098
17 7008 0.323292 0.0854164
16 7009 0.313028 0.0648492
17 7009 0.309607 0.099128
185 112 132
204 172 176
226 154 174
130 75 90
130 64 80
180 120 130
183 77 102
215 167 175
166 61 86
196 164 156
221 128 152
54 56 57
105 50 44
225 136 159
125 84 68
204 90 119
68 60 58
176 78 97
58 42 34
91 66 64
173 85 106
171 93 106
159 133 114
134 82 87
178 81 100
188 86 106
170 96 106
142 38 76
136 32 56
118 55 54
193 83 110
140 55 68
130 14 46
218 109 134
196 154 126
81 39 18
170 112 68
174 106 94
146 55 68
164 130 102
104 45 29
98 56 26
186 134 103
63 20 1
92 30 10
148 88 66
92 33 12
172 114 90
178 128 80
208 165 122
158 114 85
137 90 59
176 114 66
104 42 12
213 160 119
130 81 38
62 23 10
118 80 50
74 71 80
209 169 144
169 148 139
170 109 63
84 74 70
76 76 80
60 65 75
200 148 115
148 82 34
72 36 22
136 106 82
96 50 26
180 152 136
200 180 166
230 165 124
149 86 40
180 115 73
58 42 32
184 156 134
64 28 8
150 142 134
117 112 105
192 177 172
183 154 130
211 174 141
34 18 6
98 86 80
112 98 92
231 169 124
168 112 66
196 160 130
130 69 32
100 70 46
24 14 8
146 130 116
180 121 82
114 56 18
226 206 182
76 44 14
193 138 85
152 86 36
223 158 106
41 52 60
62 54 49
94 80 72
194 143 97
177 138 110
30 19 12
44 34 28
136 130 125
86 84 82
100 80 56
75 73 70
177 152 106
200 166 130
144 137 136
137 138 136
222 193 150
115 104 94
184 158 116
170 152 108
186 112 53
36 35 34
39 30 24
174 151 110
171 156 134
217 198 152
33 24 17
180 162 126
72 64 58
226 208 166
60 46 20
54 38 21
35 24 19
228 212 173
178 166 145
203 192 166
18 54 80
42 30 21
128 117 102
72 58 35
186 110 74
152 110 94
126 112 102
171 150 132
120 105 90
166 161 155
50 50 52
78 80 81
226 222 221
52 56 63
131 138 142
227 236 242
197 141 110
208 194 187
154 130 116
212 219 227
188 146 116
149 140 120
46 32 16
46 33 20
164 154 140
74 46 38
68 23 4
65 46 48
134 113 112
78 71 84
138 99 74
72 40 28
166 100 70
102 86 84
132 114 94
74 40 27
39 23 20
162 144 124
124 100 77
175 118 84
154 138 126
27 24 22
132 89 60
60 16 4
120 81 56
64 48 37
160 133 108
102 90 83
89 90 90
174 146 116
1 6 16
90 112 144
78 82 81
45 45 46
132 132 134
147 119 140
110 104 103
88 83 76
72 64 62
48 43 34
88 40 14
98 90 88
97 91 82
145 115 90
62 62 64
52 42 38
62 54 44
113 106 96
82 61 42
110 100 92
88 84 83
89 66 50
94 86 80
108 108 112
96 86 82
63 62 61
126 126 128
148 130 110
60 40 18
210 194 172
54 44 33
154 116 124
204 184 184
203 166 169
189 86 113
205 171 175
206 170 176
180 75 98
224 135 160
215 146 162
202 90 117
48 41 38
255 182 224
168 70 89
156 56 75
179 68 94
142 36 75
134 25 56
175 143 126
185 138 119
218 106 132
187 72 98
170 70 88
100 47 34
162 94 82
164 130 102
209 154 103
183 130 107
92 30 11
135 77 52
116 60 38
176 108 58
121 76 44
166 108 84
148 91 45
56 21 6
137 86 40
157 144 141
184 122 72
97 36 9
153 114 88
213 160 119
163 119 92
187 166 150
168 106 59
84 74 70
212 157 118
160 94 46
84 50 34
122 90 65
98 52 28
218 152 110
149 96 51
175 140 125
132 81 55
163 100 56
242 183 140
174 154 134
154 109 84
58 43 33
158 132 108
117 112 105
47 26 12
209 198 192
60 42 34
186 150 120
228 165 120
181 154 144
178 121 74
128 115 108
212 196 180
187 120 68
236 182 134
120 60 23
120 97 75
66 44 25
166 160 156
232 210 174
151 85 34
222 156 105
156 129 86
64 56 50
98 65 38
204 146 96
188 150 122
111 107 104
136 130 125
90 88 86
62 48 30
72 70 67
102 104 100
68 88 102
114 116 114
204 174 133
138 89 55
222 197 160
176 102 45
231 210 167
178 157 118
196 177 149
121 112 106
36 28 21
101 86 58
87 78 69
206 194 170
40 28 20
134 122 109
72 62 55
192 108 68
68 60 52
118 102 86
166 161 155
50 49 50
190 97 47
114 99 78
212 210 208
84 89 96
222 232 238
237 229 226
154 130 116
108 112 118
192 148 118
38 26 12
44 30 17
164 153 138
69 50 52
115 89 79
68 46 38
165 98 68
156 137 114
45 19 12
166 147 126
95 88 84
72 36 14
116 76 48
135 84 50
122 76 47
74 56 41
152 120 86
174 146 116
3 8 18
71 67 61
44 73 102
92 92 94
88 84 80
130 98 88
30 30 32
108 60 36
88 40 14
62 62 62
101 90 84
38 19 9
88 84 83
89 90 92
102 94 89
127 128 129
229 206 176
214 192 194
198 193 190
104 47 54
176 67 96
192 162 156
75 56 57
144 48 74
88 24 36
160 172 186
208 176 180
44 38 36
181 68 96
250 148 193
154 79 91
184 82 102
103 22 36
180 120 76
182 140 116
140 32 56
83 40 20
124 98 80
92 36 26
147 80 68
182 132 108
92 32 14
153 100 74
106 47 29
148 89 68
63 25 9
169 141 124
146 94 48
149 92 46
119 54 22
119 70 30
153 114 88
54 48 44
199 156 130
176 132 106
208 152 112
139 73 26
122 90 65
236 170 127
210 180 158
170 134 120
141 81 33
192 166 150
206 143 98
236 178 134
166 105 59
150 94 49
92 31 5
148 130 118
155 111 87
90 86 77
211 200 194
33 16 7
106 116 130
228 165 120
186 139 114
40 55 74
22 14 9
114 52 16
166 101 53
44 26 11
236 216 178
154 129 86
216 150 100
75 72 70
114 110 106
40 28 14
234 208 159
67 57 50
144 136 132
86 102 113
86 80 76
122 122 120
190 168 126
208 179 137
65 50 40
143 90 54
222 197 160
181 108 50
22 12 8
199 180 150
60 49 40
145 130 102
224 207 164
75 63 54
106 96 86
213 201 169
32 62 86
58 48 42
90 76 52
81 70 61
133 115 100
114 110 108
118 98 78
54 54 56
152 148 144
50 50 52
152 132 104
222 225 228
232 242 248
154 130 116
128 134 138
130 110 85
76 60 40
85 68 54
27 16 4
162 150 134
35 52 71
255 177 103
94 75 54
32 100 154
148 57 10
140 84 56
170 149 124
47 33 30
42 20 9
178 154 128
84 80 76
116 92 72
30 14 11
168 105 72
36 26 24
110 62 34
152 106 72
176 116 74
70 28 12
146 86 46
74 56 41
58 58 60
152 126 102
18 7 5
158 126 92
24 24 25
51 48 56
85 108 138
37 37 38
73 69 65
68 68 70
80 83 83
94 90 82
38 33 32
102 93 86
100 86 72
88 88 90
136 120 100
96 76 57
150 133 84
77 68 54
232 232 234
210 180 186
81 58 60
199 191 188
186 134 144
179 76 98
204 184 184
124 116 115
186 155 152
172 77 104
120 44 61
142 103 88
182 72 96
228 122 160
192 145 126
192 156 134
179 63 89
78 36 16
161 104 60
82 25 20
147 80 68
216 162 115
48 21 6
180 114 64
139 86 59
50 18 8
160 153 150
153 115 90
223 164 119
218 188 163
222 190 158
137 106 82
92 42 20
72 58 54
143 80 32
233 168 122
178 146 130
92 34 6
158 96 51
224 164 121
148 82 36
169 148 136
90 86 77
184 157 135
224 172 127
231 170 126
186 138 114
230 176 129
112 106 99
118 56 20
232 214 191
57 46 34
44 27 10
164 139 98
176 158 144
224 160 108
163 108 62
85 82 78
30 22 12
211 154 105
214 156 106
80 78 76
64 62 59
140 133 128
68 88 102
142 136 134
73 74 72
91 80 72
184 164 121
142 88 54
208 182 146
20 10 6
238 156 76
127 118 112
38 30 24
82 71 64
112 98 72
96 87 77
72 62 55
72 58 35
192 108 68
154 122 109
70 58 49
171 150 132
48 48 50
184 132 91
214 117 58
156 133 103
92 94 100
224 222 223
227 236 244
142 116 101
148 154 160
43 28 18
16 8 2
147 132 107
226 235 244
20 10 2
255 178 105
68 46 48
134 98 74
42 27 25
24 12 6
182 157 128
78 73 70
160 106 78
186 122 75
168 100 52
83 84 84
53 50 56
38 38 40
72 72 74
86 70 61
38 39 40
94 90 86
38 33 32
39 26 37
80 74 67
35 20 10
56 56 59
102 94 90
90 71 51
44 37 32
70 70 72
70 56 44
38 21 6
166 158 141
240 226 196
96 70 73
206 186 186
174 168 168
165 68 95
89 24 36
135 148 162
243 118 164
114 90 90
120 36 56
111 26 43
178 70 106
192 145 126
173 113 68
150 48 70
118 93 76
190 147 125
108 34 26
50 21 8
183 124 80
142 84 48
170 114 72
124 55 17
34 27 26
232 137 84
174 132 103
218 158 112
46 92 129
179 114 66
198 163 140
135 76 30
240 184 138
102 85 78
122 86 61
231 170 126
120 56 20
22 14 10
76 68 60
45 44 44
227 208 170
148 122 80
226 170 119
55 53 50
36 26 12
86 102 113
224 166 118
182 160 117
68 68 66
20 10 0
207 179 139
22 14 13
182 164 140
211 107 50
128 112 84
74 56 54
112 110 112
50 50 52
106 86 62
186 165 145
46 30 15
45 30 21
194 147 116
82 68 44
162 138 110
120 95 88
218 115 53
48 29 28
22 14 10
70 46 27
180 152 116
84 76 73
120 95 72
165 98 63
28 14 14
170 147 124
144 78 34
90 91 92
14 14 16
32 28 38
44 80 112
24 23 26
102 96 93
71 72 74
54 53 53
32 18 9
89 70 51
84 60 62
146 96 106
195 184 182
208 184 186
134 148 159
177 148 154
248 142 186
86 75 74
161 113 99
202 98 134
102 92 90
172 115 70
90 74 66
186 143 120
50 26 12
155 96 64
52 26 12
178 156 144
166 104 56
237 138 84
226 178 140
129 82 61
150 92 51
105 55 28
240 186 138
219 191 172
148 86 39
58 32 22
38 24 10
176 116 68
74 80 88
118 56 20
52 47 40
174 146 107
30 24 16
242 227 186
41 44 45
215 157 108
146 72 24
28 22 18
152 136 113
216 200 160
47 35 26
223 116 53
69 58 50
178 160 126
72 60 50
124 95 88
58 54 56
178 150 124
223 220 214
186 100 46
60 58 59
147 120 104
141 58 26
193 157 126
120 102 76
10 8 6
160 78 38
119 98 74
28 14 13
64 41 26
179 93 50
184 155 118
70 62 60
58 28 24
184 156 128
57 34 18
76 77 78
32 32 34
41 66 96
108 103 99
29 26 44
28 28 28
96 84 80
36 24 16
177 140 106
131 112 64
232 240 242
120 44 56
195 192 187
252 162 204
186 144 122
252 142 178
172 114 69
78 28 15
190 146 125
216 158 112
110 60 36
147 89 56
118 56 38
162 106 66
32 30 30
180 156 140
216 172 138
46 103 144
98 40 20
152 110 92
178 162 156
166 142 122
191 160 133
60 43 27
232 172 130
20 14 12
48 52 52
32 24 13
152 122 82
208 146 95
179 117 62
18 40 60
188 160 114
21 12 5
185 128 83
194 122 55
21 14 16
182 160 131
196 177 140
224 208 163
113 102 92
130 107 100
177 147 118
179 89 36
52 50 54
33 20 6
254 176 95
254 177 103
18 14 12
182 153 118
49 39 47
186 100 44
191 160 130
97 52 25
144 118 94
42 42 43
51 38 32
30 26 43
100 90 86
36 21 10
92 65 42
214 194 176
190 190 189
215 185 189
182 181 180
74 82 88
118 66 78
118 64 40
106 56 33
108 46 14
96 46 24
238 136 79
98 71 58
148 86 40
104 82 75
138 118 101
214 200 178
52 42 34
46 44 40
208 186 148
229 207 172
140 110 77
84 74 68
55 43 30
253 158 70
222 218 209
58 56 55
30 20 10
182 133 102
250 170 86
16 14 14
177 150 119
44 42 55
144 118 92
22 12 10
188 158 129
160 130 102
176 147 120
70 74 75
90 82 78
82 74 71
70 54 33
66 60 52
54 40 28
24 12 6
214 197 180
212 219 224
178 108 128
158 60 80
141 80 95
177 68 96
197 164 166
193 80 107
88 22 32
254 147 188
172 110 112
194 78 104
215 163 116
146 89 46
238 178 132
213 188 164
240 219 196
214 188 172
159 100 55
239 180 139
64 45 31
182 155 148
214 200 184
148 121 80
78 63 50
84 79 74
172 150 113
200 183 160
230 220 206
170 172 176
54 54 60
126 97 95
44 54 76
114 80 64
116 102 82
161 128 93
87 62 40
166 150 134
178 178 101
145 144 70
102 105 110
216 222 222
81 18 28
197 79 109
174 92 106
48 16 0
132 76 56
128 76 34
45 41 38
129 84 58
212 170 146
193 171 152
194 157 138
154 90 50
36 50 60
32 22 18
214 199 168
76 62 40
63 62 62
76 58 36
36 20 18
60 19 1
127 106 90
67 61 58
66 46 28
33 16 4
85 60 38
126 100 79
81 57 30
194 172 130
112 94 28
176 170 94
75 74 56
202 173 174
200 172 172
97 30 16
179 116 67
159 101 59
193 138 102
110 73 48
186 119 68
233 214 190
118 114 111
35 26 22
200 114 77
56 55 59
235 230 223
224 230 238
102 104 111
232 229 230
184 137 108
56 22 5
90 70 72
126 95 82
160 134 110
127 107 93
58 58 60
42 28 26
62 62 63
210 190 164
94 71 44
182 181 104
198 190 123
148 148 74
188 180 107
244 238 231
69 62 26
140 144 152
158 118 125
205 172 177
92 124 151
182 66 94
254 149 190
122 52 18
131 82 54
148 82 36
214 184 164
62 44 36
194 130 84
244 224 186
230 210 168
62 49 40
156 150 145
231 232 232
172 154 142
162 138 115
24 20 16
110 56 28
73 36 14
128 106 84
62 62 63
80 84 83
63 62 64
76 52 26
132 108 49
156 134 73
249 246 172
212 204 137
200 194 129
76 67 36
188 177 176
54 51 51
220 166 119
185 164 154
222 197 174
126 84 60
160 96 58
170 114 84
216 200 178
80 66 53
39 22 10
61 59 56
36 23 11
212 190 154
207 190 154
213 196 160
66 55 43
139 116 92
218 207 194
194 194 192
116 98 82
132 132 135
40 21 18
64 41 44
112 84 66
172 96 60
180 117 70
70 52 34
31 24 40
108 81 61
132 108 54
222 215 146
76 63 50
182 184 178
111 26 44
220 163 118
36 28 32
233 180 133
48 108 153
218 196 173
94 43 22
79 69 62
182 156 110
232 210 174
194 122 56
188 168 128
126 116 108
112 104 94
81 80 80
38 24 8
68 60 60
139 112 86
103 84 70
80 83 85
135 109 84
41 40 42
247 243 167
55 51 46
92 46 54
84 19 30
206 182 187
48 22 9
107 46 16
154 98 51
236 140 88
223 170 126
217 194 172
92 40 18
222 188 162
75 65 58
219 144 74
212 196 156
234 134 64
53 42 26
79 60 40
228 235 244
181 154 120
58 63 70
119 94 72
68 42 29
212 110 51
180 124 83
96 94 95
70 63 57
112 90 66
236 216 191
97 70 50
180 156 132
138 113 114
126 38 62
189 192 187
160 122 92
98 24 30
124 64 30
202 156 126
172 112 63
50 113 162
190 156 134
32 22 13
136 128 116
236 174 108
20 18 12
96 90 84
118 107 98
215 124 61
168 138 111
222 232 242
40 79 116
53 44 35
172 148 122
243 242 166
163 156 147
252 168 208
136 22 58
54 49 47
40 30 21
131 117 108
171 166 162
131 126 123
220 194 156
98 86 70
130 88 60
167 113 77
120 95 72
59 57 64
52 44 38
173 166 157
184 149 146
154 100 58
172 112 72
68 73 78
150 106 82
88 78 70
76 42 16
40 32 26
20 12 8
220 191 144
105 92 84
60 42 29
172 120 94
38 49 64
42 64 86
49 58 81
160 135 109
91 89 90
64 64 66
196 176 156
112 92 76
104 80 62
206 98 136
142 124 113
172 112 71
204 154 105
146 144 142
156 100 58
220 186 152
64 39 26
174 149 125
159 107 62
65 63 62
166 106 64
126 114 106
134 124 114
216 202 187
196 104 52
34 20 10
65 44 46
82 59 45
71 46 26
174 94 44
84 60 38
36 19 8
114 51 62
160 102 56
98 30 20
56 52 46
99 90 82
122 90 65
106 100 95
64 50 45
222 198 154
206 188 154
132 119 92
57 54 57
76 55 34
156 129 102
116 94 74
165 116 74
155 124 92
85 84 84
36 64 90
74 54 35
175 178 178
134 82 93
146 110 118
124 102 83
80 26 20
158 100 76
50 22 11
136 93 70
228 180 135
172 138 114
118 105 96
224 206 165
135 110 83
42 42 42
103 86 73
85 87 86
124 76 57
74 48 30
50 47 44
120 62 40
136 79 40
182 141 120
44 90 126
38 36 34
45 42 40
100 93 89
30 20 14
232 208 162
26 16 14
221 199 158
124 110 100
114 96 92
38 36 44
66 50 35
64 40 23
132 110 52
195 188 184
122 54 72
180 156 150
184 74 104
56 26 10
246 231 192
58 52 50
101 76 60
142 117 90
232 214 190
127 106 46
56 52 52
204 210 212
148 117 74
177 94 46
10 7 7
114 90 66
232 242 249
74 49 52
103 68 74
144 37 68
140 82 96
202 94 124
221 170 181
120 60 72
186 79 105
187 142 148
201 101 125
146 124 124
101 19 34
254 144 186
176 128 114
176 75 94
104 44 24
140 98 69
166 112 67
239 178 134
172 152 134
94 46 16
149 86 27
106 56 33
170 146 120
122 60 24
156 94 47
138 137 140
225 170 121
237 216 175
190 132 80
41 34 30
104 88 74
58 28 6
142 120 82
90 78 68
153 151 148
181 130 100
176 140 110
126 106 90
68 39 22
44 91 130
74 48 30
118 88 60
74 36 12
20 2 0
12 4 6
49 80 111
107 102 98
20 20 22
226 205 179
96 79 62
83 58 36
202 180 159
78 54 30
192 170 131
148 132 63
216 207 134
208 191 132
168 160 78
112 107 52
113 101 76
116 105 80
210 196 177
118 121 126
162 72 98
155 90 108
112 98 96
140 86 98
148 126 124
255 156 197
127 22 43
82 44 24
104 43 25
204 162 120
124 76 32
208 185 154
66 72 82
178 116 68
117 56 20
203 157 116
76 65 60
62 50 42
122 114 106
213 184 134
35 22 10
71 62 56
86 73 64
70 56 44
60 28 4
36 35 32
30 54 74
92 78 69
152 124 110
162 142 124
153 151 148
104 110 110
190 130 100
172 154 131
62 40 24
146 92 56
20 2 0
21 22 23
99 82 67
125 107 92
118 94 40
177 173 90
146 142 64
233 226 147
219 209 152
112 100 76
199 190 169
144 147 152
212 218 219
160 164 158
176 104 120
168 67 88
142 126 124
188 80 106
98 66 56
162 56 82
144 34 68
166 138 117
144 44 63
48 22 5
34 19 17
164 142 126
180 126 79
172 168 165
168 156 146
53 45 40
49 63 76
94 64 38
208 148 100
202 160 124
200 150 109
218 157 110
160 98 43
66 56 50
160 142 118
126 92 70
184 162 136
44 69 96
136 107 77
232 209 180
205 182 162
96 70 49
170 138 93
146 126 58
203 184 122
190 170 112
220 211 158
116 104 90
42 34 24
143 148 140
225 118 149
210 184 185
196 164 166
163 174 184
100 18 33
100 82 67
184 138 110
108 48 32
159 102 80
148 96 48
40 26 22
174 114 70
45 78 106
145 86 43
131 69 30
198 147 101
168 151 130
20 52 76
212 198 186
150 80 40
113 87 80
76 52 36
70 46 28
186 160 132
162 94 52
144 118 93
128 103 78
162 132 86
240 234 152
180 173 90
230 222 153
108 96 84
39 34 24
100 102 106
69 71 74
236 240 244
139 143 136
164 130 136
162 56 86
205 184 182
148 129 116
92 46 32
151 100 70
88 37 10
180 126 80
169 128 92
40 32 29
28 42 52
198 146 101
20 15 11
70 54 41
174 103 42
48 30 14
85 76 64
206 112 56
78 76 80
173 143 114
34 29 26
44 39 34
158 144 128
164 140 80
239 226 215
190 188 183
202 184 182
88 17 32
178 119 71
148 110 86
122 58 19
228 170 124
176 124 84
184 152 120
62 92 118
65 49 37
20 9 3
213 121 58
250 170 90
236 154 57
37 72 104
124 109 121
144 108 84
154 89 52
37 36 38
28 14 10
152 123 92
240 218 188
166 150 134
90 64 44
234 223 142
201 204 203
254 236 206
66 58 50
161 166 171
139 140 134
198 194 190
140 80 92
50 52 50
224 211 190
154 113 88
178 146 116
195 136 85
213 161 124
132 127 127
71 68 65
213 163 118
82 96 112
248 151 64
106 98 116
46 26 16
116 72 64
29 16 13
28 26 26
102 88 73
220 199 178
247 244 168
118 95 52
74 67 32
251 234 200
68 69 73
40 36 28
142 84 96
194 196 188
184 147 124
98 36 22
143 87 58
42 38 40
44 36 30
218 194 166
104 44 25
238 186 140
184 149 120
29 84 125
124 136 149
36 32 27
242 148 72
40 20 14
185 120 78
36 36 40
128 100 80
208 184 152
204 192 130
237 224 186
222 156 172
218 162 174
219 113 143
220 128 146
121 78 82
190 88 110
66 51 50
77 65 62
188 136 112
154 98 80
156 106 70
138 89 46
181 122 73
136 84 41
164 118 74
218 162 118
197 152 110
122 92 56
80 66 57
116 104 89
92 76 58
33 20 10
132 86 60
164 124 132
128 89 68
140 99 72
113 85 60
92 74 60
174 146 109
180 159 98
156 142 80
227 223 144
204 186 129
217 212 155
100 80 38
204 200 195
165 158 140
212 156 169
109 76 79
145 48 74
218 114 142
213 174 183
200 117 133
98 90 88
96 80 72
110 82 76
139 118 96
124 60 58
140 79 24
144 82 38
54 47 40
98 89 82
218 162 118
128 69 28
41 40 46
194 138 100
162 158 160
152 146 142
178 160 138
48 34 22
134 98 72
32 16 10
92 67 46
178 160 142
101 84 70
85 86 88
110 102 100
66 54 49
68 55 42
138 110 82
198 181 167
151 121 72
233 224 150
163 149 89
69 64 48
114 96 50
179 186 184
150 106 114
104 88 86
194 88 118
141 44 70
144 104 99
141 36 52
46 79 107
66 68 76
228 174 124
155 115 92
54 42 26
34 22 13
101 85 70
125 96 60
186 127 84
129 116 104
202 185 174
106 98 91
140 112 82
78 78 81
164 150 134
155 138 123
152 126 96
243 228 196
231 216 194
133 90 98
198 180 181
206 175 154
200 184 174
106 97 90
183 127 78
212 156 117
66 58 50
184 124 80
148 77 27
128 129 127
162 143 132
124 54 24
19 17 18
106 54 32
168 154 139
168 142 110
122 96 74
198 182 128
132 110 66
61 57 44
198 200 200
206 184 184
203 183 184
113 44 55
134 68 58
162 120 90
150 98 52
126 88 66
142 78 34
208 175 144
42 32 23
152 79 29
129 122 118
187 130 88
134 58 26
111 58 27
72 32 8
80 81 85
84 62 39
82 74 67
36 30 30
34 17 8
235 214 188
139 113 83
219 214 144
78 74 62
57 56 49
62 53 25
56 50 38
222 218 216
206 213 218
198 193 188
115 38 52
146 49 68
146 94 64
191 130 94
174 106 60
220 171 124
80 72 66
222 162 116
132 121 116
172 142 109
244 148 65
206 192 181
158 76 26
39 30 24
170 136 105
72 68 54
117 110 94
65 62 66
206 184 185
143 126 118
114 70 46
178 144 114
186 157 134
10 8 10
80 82 82
98 78 55
85 60 44
224 226 224
204 178 180
236 120 162
176 152 128
31 28 22
39 31 28
188 162 124
250 182 106
72 66 64
51 40 35
160 126 97
232 212 192
51 47 36
206 180 184
195 118 138
118 74 42
167 128 104
170 133 110
104 94 86
207 195 164
60 50 43
124 112 100
192 184 126
128 94 99
120 37 58
108 46 56
88 78 70
164 143 134
238 217 194
211 199 168
147 129 108
108 96 88
189 157 132
74 62 52
85 68 54
98 86 74
73 74 74
196 180 179
196 86 116
100 50 26
58 56 50
67 52 35
147 104 74
166 130 105
129 90 66
21 14 10
216 138 72
231 224 213
254 178 106
64 37 38
86 45 22
142 96 64
172 110 66
87 38 16
225 202 164
128 117 109
184 95 52
18 8 6
44 37 34
186 159 126
121 98 78
162 154 148
210 147 98
124 112 100
26 20 14
60 42 32
44 16 6
170 92 110
178 156 109
123 90 68
151 129 110
104 92 84
178 170 164
207 199 192
136 96 70
150 126 104
116 106 99
228 206 154
158 120 127
157 118 125
90 46 24
20 15 16
106 71 76
229 199 203
91 74 62
170 94 116
229 222 218
177 154 136
202 192 190
203 178 162
61 28 18
198 190 186
46 27 21
226 228 228
126 101 80
199 144 98
31 66 98
174 90 42
234 217 191
122 118 100
206 205 202
84 72 62
122 67 42
56 36 29
112 84 56
134 118 108
218 202 148
199 188 180
120 47 46
51 46 40
166 121 84
85 120 144
216 208 186
221 206 150
50 52 51
140 105 116
137 104 114
210 142 161
67 38 32
156 131 102
152 134 122
164 143 78
139 70 65
202 181 164
252 248 172
176 143 114
94 50 34
61 42 32
211 100 130
176 152 130
228 178 134
61 30 17
194 172 136
184 162 137
111 80 60
72 112 138
22 15 10
232 237 240
156 105 118
214 166 125
146 86 52
120 96 108
78 34 12
210 168 130
220 198 172
168 172 181
239 226 200
140 142 131
190 158 135
116 58 30
178 150 122
32 24 19
220 212 205
210 116 142
100 64 70
204 100 130
158 98 111
208 170 174
193 124 136
178 76 98
190 154 156
166 110 118
110 98 88
76 21 30
143 114 102
255 180 220
38 37 37
137 113 110
160 108 84
100 40 20
148 87 63
68 29 12
95 81 72
176 155 147
135 84 43
72 60 52
202 164 132
224 190 159
26 14 9
26 16 11
171 164 160
172 134 108
34 14 4
65 28 2
177 144 118
93 35 2
42 30 24
149 95 52
127 124 121
217 158 118
154 148 147
98 82 68
202 164 128
138 80 42
186 154 140
36 26 18
93 84 76
246 225 186
52 40 40
101 90 82
121 108 98
112 125 131
238 215 168
209 179 135
84 77 70
42 34 28
158 102 55
164 154 148
70 62 58
100 88 75
206 186 160
150 122 100
200 210 222
126 130 136
120 98 76
104 96 90
94 74 52
166 142 117
156 142 126
86 84 81
50 11 0
106 100 96
120 82 60
159 145 128
126 110 70
218 202 179
118 83 88
86 63 63
197 163 166
180 78 100
178 84 103
144 48 68
126 112 101
38 37 37
132 102 88
138 112 106
248 150 187
172 114 66
188 138 102
94 33 18
138 76 53
38 26 20
178 116 68
234 196 163
84 88 95
90 80 70
160 120 95
199 176 158
190 129 86
121 118 115
126 112 100
68 60 56
104 91 80
47 37 28
32 23 14
167 107 70
78 64 52
73 40 16
42 39 38
129 122 116
72 62 56
130 117 107
112 101 92
98 86 73
174 154 136
146 126 100
169 152 130
170 142 110
64 46 28
142 114 90
196 113 77
166 168 173
118 97 74
182 140 110
196 176 160
42 32 19
172 154 136
132 98 77
87 85 82
86 85 82
46 44 46
83 50 31
42 34 34
104 96 90
54 58 74
126 110 69
88 82 36
182 106 126
170 144 146
206 166 170
98 27 38
201 162 165
106 89 76
154 126 115
104 50 32
46 36 31
170 74 94
110 81 56
175 113 70
167 108 62
204 149 102
190 141 108
48 18 2
160 102 79
178 138 104
89 76 69
96 90 84
206 183 161
50 44 41
83 78 76
226 171 124
78 70 62
166 138 118
84 72 60
65 54 44
224 206 182
132 72 35
197 140 101
112 125 131
62 58 56
156 152 153
144 128 108
48 48 49
206 167 136
41 28 20
157 146 138
235 209 168
208 164 116
226 170 119
156 100 60
150 79 28
194 169 130
216 201 173
144 130 108
176 145 112
28 16 7
76 80 87
60 38 40
186 137 108
131 88 74
176 156 134
102 70 52
84 83 80
73 60 54
88 89 88
105 101 93
95 86 80
42 28 33
124 78 87
150 46 68
112 48 58
136 100 88
172 108 68
170 106 66
140 106 78
180 141 109
130 69 50
104 98 92
42 24 22
234 182 136
178 120 70
50 44 40
140 134 132
173 154 142
192 170 148
174 146 122
64 56 48
48 39 31
90 82 74
204 158 121
65 52 38
74 54 38
144 128 108
228 202 160
220 170 116
151 80 30
76 59 39
205 192 176
118 113 114
104 90 71
58 56 58
110 90 67
185 141 110
210 194 182
44 16 12
78 34 16
180 158 132
124 100 97
130 60 26
79 78 74
78 52 30
141 115 92
38 78 114
112 63 43
58 34 18
209 187 157
218 204 142
232 224 147
70 60 34
204 181 180
128 38 56
189 178 175
178 151 144
130 108 92
103 51 41
120 101 82
190 152 126
180 138 106
124 68 48
124 62 42
134 88 56
96 50 24
224 182 148
220 165 116
120 63 30
188 164 144
50 72 100
76 67 58
118 86 60
94 90 86
62 48 32
170 111 61
93 67 44
228 174 116
161 100 62
70 46 29
141 120 98
107 90 64
248 156 81
20 14 8
58 57 59
90 92 96
189 168 148
33 32 34
194 99 28
142 116 93
147 92 69
78 79 80
85 63 44
70 71 73
118 66 48
145 126 74
66 62 42
84 74 45
186 180 176
186 178 175
148 98 82
100 54 28
159 104 76
137 74 40
150 110 84
80 74 72
146 84 44
82 68 54
35 23 8
118 53 18
74 74 72
156 98 51
204 157 110
212 196 182
132 134 134
226 237 250
222 126 59
60 40 40
84 66 45
75 80 90
255 180 104
199 106 30
68 51 38
180 152 124
100 50 23
154 84 43
80 44 22
21 18 19
44 40 50
40 36 33
69 45 26
210 193 134
237 239 240
130 59 77
125 71 82
202 194 190
200 170 171
114 70 68
50 38 34
104 23 38
159 104 78
60 52 44
150 111 86
149 86 40
94 78 63
60 78 98
200 159 121
212 177 138
144 133 122
224 201 164
50 36 28
60 58 61
232 234 236
112 110 108
74 61 59
86 66 48
42 67 94
154 116 82
216 106 44
186 156 129
190 120 68
168 96 54
86 68 50
41 40 42
135 114 68
236 244 249
170 134 142
138 122 100
141 40 77
134 86 56
40 24 20
27 34 36
16 10 6
172 116 70
234 183 138
170 149 122
133 104 78
24 50 76
62 38 21
176 150 121
15 13 14
23 14 9
116 96 72
128 52 22
79 66 66
177 147 118
95 78 69
48 18 7
94 114 150
158 71 26
16 16 20
40 34 33
50 44 42
68 44 26
235 216 190
74 71 68
131 70 84
72 16 27
108 102 98
164 156 146
204 162 134
188 136 121
174 116 70
184 151 137
95 60 37
48 44 40
156 146 142
228 214 206
120 125 138
42 37 42
79 76 78
114 104 100
41 86 122
166 148 131
206 182 137
183 158 117
170 164 90
154 104 114
132 73 86
164 135 130
102 88 79
84 72 64
50 70 90
192 170 144
214 156 118
96 80 64
46 34 29
182 160 118
204 186 174
68 22 4
84 60 36
149 128 102
124 54 21
99 98 93
72 72 72
63 56 54
59 49 40
55 44 38
102 96 86
46 20 18
214 200 138
208 196 122
200 195 194
202 170 175
110 86 72
143 34 64
166 107 62
214 188 163
144 92 49
116 113 110
91 61 35
100 90 82
68 51 38
107 70 62
20 20 20
102 101 102
90 82 74
71 72 70
60 58 59
132 108 86
164 142 86
208 196 122
180 174 101
72 64 28
191 178 180
198 156 152
77 24 33
161 114 92
138 91 64
121 71 32
42 30 16
97 116 125
182 123 76
56 42 30
137 136 132
234 210 182
142 118 97
78 54 26
156 134 78
248 242 160
68 62 46
124 59 68
98 40 25
167 134 112
120 109 104
185 152 120
118 106 96
84 82 80
201 150 110
77 67 58
170 100 44
200 109 52
219 142 51
92 40 20
35 21 9
213 192 162
232 227 153
195 176 176
164 68 96
122 82 70
96 40 21
192 171 146
176 148 118
170 100 44
212 220 222
248 167 76
90 90 90
182 114 63
194 172 146
242 242 241
189 162 160
236 176 132
144 94 61
82 70 62
124 104 80
27 10 12
88 88 109
48 48 50
34 19 5
34 58 82
32 25 39
172 139 108
223 199 170
127 104 82
248 235 196
218 223 226
171 172 178
172 121 128
130 34 53
161 134 113
215 172 136
24 16 14
82 84 88
208 150 102
238 144 68
142 116 86
142 62 15
185 153 122
134 76 42
126 68 81
108 60 66
152 166 178
168 83 92
117 56 48
127 120 116
204 166 130
158 158 156
81 52 31
208 184 142
168 118 72
101 58 40
126 96 82
150 130 110
74 75 74
56 48 47
37 26 21
216 178 185
194 128 142
174 66 92
210 162 131
156 97 52
47 21 8
194 172 148
93 80 70
233 212 187
86 77 69
91 80 66
153 138 122
77 46 26
122 116 108
254 174 99
181 161 144
180 120 76
41 24 16
75 65 50
140 41 62
145 86 56
104 94 88
58 82 104
100 71 60
170 108 74
52 62 71
54 54 50
35 24 16
132 106 78
146 50 68
176 66 88
148 48 70
148 94 48
210 124 72
165 134 112
58 70 90
83 74 66
168 106 72
186 136 94
152 128 100
136 140 142
97 80 77
135 78 50
254 178 102
20 21 22
68 56 54
42 34 28
156 100 53
161 126 109
82 78 77
206 182 158
218 184 154
193 137 88
51 44 48
61 43 32
61 50 38
210 196 129
211 212 213
232 230 230
198 192 187
106 28 44
119 40 55
116 42 49
176 70 92
98 51 26
130 56 23
218 168 121
215 154 104
66 59 58
126 101 72
75 50 28
201 186 184
180 182 176
200 166 168
168 124 92
153 108 74
118 70 40
96 49 24
51 41 38
96 82 70
213 200 190
53 18 6
58 38 24
58 30 14
94 40 18
226 170 126
65 55 48
30 26 20
206 156 113
52 42 33
111 76 56
70 56 46
62 47 39
23 10 10
118 93 73
154 40 78
252 148 185
214 88 126
162 48 70
152 128 102
30 11 6
84 78 78
190 182 120
206 148 98
146 149 153
24 32 40
80 83 82
146 125 60
228 234 235
159 130 81
126 101 46
194 180 101
100 102 108
235 234 232
40 40 40
140 122 103
165 138 110
40 33 30
225 207 188
53 44 33
182 166 152
187 164 146
192 188 191
111 98 81
97 76 52
210 118 54
161 132 100
76 50 28
185 146 116
32 26 20
234 236 234
204 175 146
49 37 32
135 131 122
208 147 100
86 68 54
68 58 49
86 60 38
128 102 80
176 172 90
156 156 155
110 113 120
24 26 27
99 90 81
46 38 32
66 58 44
146 107 114
140 58 78
180 136 104
178 132 99
44 30 24
24 14 7
224 171 123
230 236 242
190 154 159
224 184 188
116 85 90
118 90 94
140 79 40
122 109 98
134 85 52
152 126 130
146 120 126
218 188 163
236 185 143
158 107 64
54 54 56
100 51 48
111 78 54
199 176 154
194 188 185
202 135 82
122 144 153
158 109 75
62 26 14
94 48 50
25 7 4
145 142 140
60 60 57
79 69 67
152 112 82
204 196 186
170 110 124
177 130 90
120 98 90
127 114 78
184 124 88
170 108 60
100 50 18
81 75 74
189 165 152
152 144 138
149 81 94
82 50 30
40 30 23
98 47 16
36 36 38
136 86 97
211 154 106
43 27 12
185 108 127
138 100 107
180 90 108
233 156 175
208 100 130
82 20 32
166 130 132
66 54 44
180 102 116
102 24 32
175 64 92
147 119 92
130 100 74
86 72 65
86 72 58
129 82 43
194 136 94
128 90 68
119 72 33
212 186 170
166 144 102
227 172 124
162 110 72
74 54 41
30 11 6
192 148 104
94 90 87
174 126 94
104 76 64
26 38 53
58 52 52
137 90 70
172 118 83
235 212 190
108 98 69
186 172 152
179 165 146
108 108 114
232 236 240
188 101 124
172 143 144
151 103 112
118 50 62
232 160 180
194 152 155
94 49 50
82 86 92
66 59 54
247 143 181
198 160 131
81 68 60
163 157 152
88 74 66
78 58 38
213 171 132
24 18 13
126 80 44
122 72 33
62 51 36
120 112 111
164 142 130
223 170 126
51 45 42
130 97 83
156 96 51
160 142 92
74 46 18
35 52 70
82 86 97
226 172 124
128 86 58
161 106 67
164 156 150
234 225 215
57 52 52
39 36 32
106 98 93
152 96 70
150 124 100
173 96 48
86 64 54
142 108 81
162 146 128
172 150 132
218 206 137
233 221 204
90 86 67
108 98 69
205 202 200
158 146 134
108 95 78
226 210 188
108 108 114
217 218 214
176 178 177
162 136 136
120 78 84
110 48 60
66 68 72
118 80 62
141 30 65
174 70 96
130 93 72
184 142 121
98 38 26
124 116 110
189 130 82
144 91 47
61 88 108
176 124 74
210 158 116
176 148 120
48 52 58
152 92 47
188 144 119
234 178 134
184 124 78
42 74 98
87 56 34
156 129 102
92 72 52
40 24 18
195 150 104
213 196 182
183 138 106
51 46 46
37 31 26
30 14 3
88 52 32
142 104 79
172 156 138
198 178 161
238 232 154
240 230 220
102 95 54
194 194 194
58 56 60
221 224 221
148 150 147
176 142 144
88 128 159
146 32 68
144 100 69
84 80 79
146 94 50
124 78 44
66 96 118
216 164 116
228 203 158
157 96 50
147 138 140
180 153 127
191 152 130
184 124 78
174 144 114
56 48 46
121 97 74
148 97 61
48 46 48
28 29 31
106 96 90
145 110 84
80 48 32
42 22 26
140 112 88
232 210 186
168 153 135
220 200 182
246 240 241
116 116 124
238 242 243
112 74 78
109 31 46
84 72 64
174 130 102
151 96 51
162 109 67
126 117 115
185 158 128
178 159 148
176 116 71
179 124 83
64 56 46
117 106 96
72 63 56
34 12 8
196 149 101
176 132 112
148 122 92
42 42 42
90 62 38
56 46 46
146 101 66
230 207 182
148 132 114
210 188 158
76 53 24
206 186 130
246 238 238
212 216 224
232 217 196
118 118 126
144 142 136
192 169 170
114 54 70
92 24 36
124 36 54
70 17 24
160 140 118
104 72 72
146 102 70
93 45 20
116 50 17
133 102 74
158 106 64
148 94 54
116 104 94
225 178 133
225 169 124
140 77 33
194 138 106
225 172 126
119 100 80
194 142 96
150 80 30
66 42 24
252 159 68
32 10 6
66 26 11
136 108 82
33 22 40
187 156 130
68 42 22
218 194 164
180 150 104
186 154 112
135 114 66
236 230 226
253 238 202
91 90 97
142 138 132
130 36 56
154 133 112
181 139 107
228 178 131
23 18 13
32 22 29
186 153 120
200 182 160
112 70 38
220 164 111
220 168 128
17 12 15
30 74 106
226 170 104
228 132 62
227 215 206
170 145 118
226 130 64
54 28 22
252 166 94
44 30 21
178 150 121
70 43 20
181 150 116
45 24 12
216 192 162
174 146 114
76 52 22
168 140 92
240 234 156
144 140 133
172 142 112
154 110 78
100 21 38
67 54 46
32 24 20
229 174 128
236 214 190
222 195 176
109 46 14
216 200 185
114 102 92
174 112 67
224 202 160
68 42 21
185 154 120
240 245 244
190 159 128
208 188 172
136 132 126
232 242 246
204 182 180
236 164 184
137 82 96
214 198 194
158 64 79
172 156 146
105 84 68
204 172 172
217 196 193
111 70 76
186 140 123
162 156 152
217 188 170
71 54 35
8 4 4
214 162 173
206 180 180
106 68 46
198 87 124
219 202 172
164 141 117
43 42 42
120 82 88
98 84 76
104 80 74
184 120 72
173 94 46
156 130 104
148 72 86
49 39 32
70 61 54
36 22 10
23 18 14
198 182 180
65 45 28
170 112 60
80 18 27
84 64 46
173 177 180
41 84 122
79 20 30
108 89 68
184 140 122
132 106 79
50 38 24
206 148 98
140 106 112
55 42 31
86 76 68
195 142 100
96 44 33
154 125 95
58 44 30
240 145 73
173 90 112
93 85 76
106 99 94
136 112 87
42 72 104
107 58 32
80 54 52
138 113 84
116 98 77
58 48 38
110 94 91
128 66 40
38 33 28
69 88 106
110 88 70
94 82 74
164 140 118
130 106 82
109 53 29
110 107 106
199 157 122
114 66 48
46 48 50
120 66 58
121 77 78
180 133 82
186 175 158
38 30 30
246 188 130
134 107 88
174 140 112
189 177 132
197 178 154
93 86 80
68 52 42
134 90 74
176 118 79
192 168 128
150 136 114
144 98 84
114 68 48
119 110 100
85 76 68
136 76 36
86 88 96
172 152 107
170 129 138
96 67 40
61 56 55
78 72 67
80 70 60
24 19 17
19 16 14
81 68 60
198 160 140
93 42 22
77 69 57
148 97 66
132 101 82
192 86 29
154 139 120
210 114 140
127 106 100
214 185 158
220 191 171
144 93 61
192 174 158
116 94 76
50 32 30
116 106 100
170 162 159
181 122 74
51 88 130
104 82 58
230 177 134
89 77 63
69 61 53
189 152 146
184 154 122
222 164 115
168 126 96
32 24 24
128 61 63
186 154 120
62 49 38
29 24 22
180 160 134
225 202 170
85 74 64
151 143 136
100 96 96
164 135 94
175 115 76
116 107 102
90 84 68
135 90 61
58 40 20
168 169 167
130 38 58
104 52 29
80 30 10
104 41 41
58 54 50
18 10 4
40 37 39
171 94 42
56 48 50
32 20 8
64 52 43
218 204 196
158 112 72
132 84 72
199 170 140
206 192 175
166 114 124
136 80 76
150 106 75
48 22 14
101 93 86
132 60 78
55 44 40
82 80 72
82 68 60
50 48 62
148 61 84
190 149 116
136 87 56
144 116 82
62 38 32
74 67 64
68 52 41
92 58 46
97 46 21
198 132 65
185 166 150
191 149 173
100 56 72
114 83 61
182 122 68
131 110 86
110 62 56
112 76 62
110 54 54
68 36 26
216 199 182
176 151 98
72 40 32
92 57 36
140 111 86
56 48 39
126 95 100
114 64 76
156 116 86
242 240 238
146 96 109
208 157 165
137 74 75
168 66 90
15 10 6
88 78 70
192 148 113
142 104 78
111 97 94
156 154 151
168 66 90
227 211 185
232 206 170
124 72 48
42 32 28
210 108 44
44 96 134
152 88 45
106 56 66
196 193 186
193 94 117
180 140 110
142 135 125
154 148 142
172 140 110
164 132 90
228 224 216
53 42 34
136 116 66
140 137 130
180 149 120
181 146 116
214 208 202
32 24 36
56 51 41
52 32 18
64 68 92
16 10 5
82 66 48
138 134 128
198 176 136
24 20 20
84 54 56
77 75 80
210 190 189
186 73 104
154 34 66
204 175 158
98 84 74
79 26 4
73 46 40
149 120 122
218 213 206
236 216 172
200 184 156
100 76 56
133 100 103
57 47 41
201 181 166
113 72 60
44 36 25
70 60 53
170 149 83
220 168 122
58 51 44
217 204 192
173 144 122
152 130 130
177 158 142
36 59 82
236 220 176
238 151 78
154 52 77
128 115 108
224 186 153
230 244 238
92 86 71
147 120 90
162 132 98
192 134 128
150 111 118
187 174 177
62 44 31
66 48 34
202 102 36
144 80 68
53 43 37
150 44 72
180 80 104
20 14 9
227 185 152
91 76 59
102 92 76
43 36 30
232 182 140
176 69 96
118 99 82
158 136 103
138 112 72
240 147 74
79 69 62
136 102 106
200 148 98
95 82 70
201 194 187
193 166 146
200 190 185
202 188 186
207 186 180
127 98 72
190 120 66
78 62 48
43 38 36
161 138 114
76 60 52
242 114 154
188 116 122
146 118 90
27 26 28
228 213 188
122 94 70
24 18 14
229 206 157
76 60 53
46 62 90
104 90 72
92 65 67
170 113 66
38 76 107
164 98 52
158 82 32
187 83 110
100 60 86
32 32 32
188 153 124
90 90 90
49 45 48
15 11 12
34 30 39
56 32 20
178 91 30
102 40 6
104 88 74
120 18 38
90 65 39
84 74 70
51 38 34
58 46 36
152 106 70
36 22 10
124 24 45
18 12 8
158 96 52
134 120 110
46 64 84
77 78 73
138 98 90
48 40 36
239 232 222
176 140 144
222 216 211
143 35 62
210 168 126
210 188 186
198 183 171
220 205 168
180 145 116
183 130 92
96 42 18
88 74 48
144 76 68
140 120 108
94 72 44
193 184 162
229 213 178
124 73 52
62 49 42
157 146 134
90 74 63
92 112 123
112 59 70
143 65 14
108 57 67
67 54 50
156 78 30
113 92 92
196 150 158
184 115 72
90 74 66
228 171 126
178 138 114
166 138 116
182 126 93
78 68 26
198 90 118
166 137 116
136 106 52
88 86 88
246 155 72
172 76 28
42 34 30
128 64 57
246 164 92
100 89 50
157 159 160
228 204 174
170 163 112
220 206 135
173 174 181
162 136 112
139 82 40
122 117 110
40 64 89
36 28 38
192 167 140
127 101 78
183 114 74
66 58 53
208 197 128
178 134 96
138 76 32
180 98 121
154 64 90
158 152 143
90 60 66
210 167 176
254 152 196
232 138 162
209 104 133
178 77 98
185 72 100
128 45 64
243 120 162
190 137 128
226 122 149
202 85 120
240 124 161
110 12 36
180 121 88
128 65 59
170 114 67
120 70 35
166 144 121
52 78 96
76 75 77
99 44 9
206 172 148
80 42 28
188 150 126
177 146 128
142 86 28
224 188 156
125 70 34
143 137 131
186 129 82
114 82 56
101 66 40
76 39 8
221 196 172
86 76 66
87 85 94
196 118 68
152 142 134
142 142 142
48 36 28
191 109 74
122 120 120
37 28 18
156 141 130
151 136 122
86 74 64
129 123 146
60 39 20
35 20 8
70 54 43
64 57 44
86 83 78
170 148 126
58 54 57
51 42 33
110 94 75
224 113 146
220 167 177
202 174 178
252 143 192
182 62 94
196 63 101
190 114 58
106 106 104
77 34 18
186 158 131
160 112 69
54 67 78
152 110 84
148 86 42
214 174 137
174 158 144
138 104 76
180 124 78
60 30 8
136 94 62
76 72 64
230 206 182
226 200 152
88 68 38
17 32 59
190 102 57
97 84 72
40 20 3
58 57 58
134 96 69
172 94 62
182 159 132
62 57 46
92 86 77
33 27 22
226 222 217
130 97 99
185 72 100
166 108 62
202 151 112
180 124 84
190 128 79
223 192 160
47 66 84
220 174 131
120 72 42
120 58 24
140 138 136
60 48 38
101 106 113
156 110 77
200 127 80
194 104 60
93 80 66
120 101 82
129 80 48
145 122 102
68 60 49
36 32 33
146 52 79
197 152 136
167 114 83
146 95 58
164 110 66
200 123 71
146 91 47
140 76 32
204 162 124
158 146 135
118 85 58
228 168 119
176 160 138
222 163 112
225 128 64
82 78 70
254 182 109
186 104 64
68 52 38
92 84 76
60 58 55
112 101 92
98 62 70
211 84 123
212 96 132
166 115 84
135 89 59
174 120 75
216 158 114
149 86 42
190 125 57
118 120 128
140 104 76
64 94 118
183 134 100
176 112 60
59 83 107
217 156 104
214 154 102
166 138 112
240 238 239
172 154 142
162 96 52
162 112 72
135 94 61
64 60 60
74 64 58
201 196 190
176 121 88
189 121 67
144 134 126
155 144 134
175 150 124
196 158 125
36 84 122
118 132 149
188 124 62
224 198 150
248 146 74
164 92 37
180 148 120
245 172 98
138 114 90
242 237 236
43 42 43
168 137 105
137 67 82
92 114 134
176 117 84
178 122 76
112 56 30
88 84 88
50 72 87
214 154 100
28 28 29
198 176 140
175 86 28
99 84 70
178 114 60
71 72 72
189 174 174
120 52 77
178 122 80
28 24 25
160 92 38
247 178 104
132 93 95
38 36 48
148 81 98
208 164 172
164 68 95
252 136 182
184 67 98
131 62 55
239 190 147
167 108 80
220 160 118
176 118 69
118 54 21
150 91 46
160 131 104
209 151 112
102 88 72
92 102 106
36 23 19
174 97 62
46 30 17
47 32 16
62 38 17
187 168 146
99 78 58
108 92 77
98 73 15
84 70 3
190 180 102
208 200 123
164 159 74
168 162 81
139 133 51
192 186 103
68 49 18
102 94 24
149 142 72
220 214 143
120 88 91
179 76 100
140 64 80
151 144 146
180 108 74
168 154 130
95 100 100
63 47 32
72 56 45
40 36 36
68 59 50
152 132 112
98 73 17
102 87 20
139 133 51
102 94 27
167 162 76
96 85 32
90 92 97
82 86 90
176 168 161
120 44 64
255 177 223
56 26 8
220 170 128
214 194 162
25 36 51
63 66 72
198 174 149
139 124 49
164 160 77
154 148 66
88 64 36
102 106 110
189 84 112
189 180 182
167 98 64
216 203 182
166 120 92
54 28 14
200 106 58
24 17 14
233 224 214
180 156 126
132 98 71
171 116 78
185 130 84
218 177 151
185 162 133
76 64 52
243 236 232
177 110 76
180 154 125
194 110 36
85 84 81
38 36 35
113 36 51
184 180 180
117 59 37
68 92 116
158 106 66
134 75 36
134 71 36
200 140 94
30 22 18
156 116 90
231 211 190
206 126 67
91 90 90
48 40 42
7 6 4
182 122 68
112 92 72
78 60 52
110 42 56
41 24 18
191 142 90
184 110 68
150 124 96
191 195 188
231 176 126
97 88 81
246 141 69
254 164 74
200 113 54
47 42 46
142 114 84
94 94 90
126 67 35
78 62 49
164 148 132
112 100 92
133 116 104
112 118 121
108 92 82
136 115 101
172 128 91
195 190 183
125 108 95
232 218 154
176 161 98
240 155 78
128 121 104
204 185 142
170 154 138
196 193 116
182 166 116
98 22 18
163 123 88
147 135 68
114 56 48
194 105 112
156 150 75
209 196 151
68 101 128
214 177 140
106 56 26
110 58 28
87 60 38
124 111 100
148 131 119
174 185 192
148 124 65
236 180 138
213 123 148
213 184 160
160 156 151
238 133 64
122 38 58
247 119 158
84 91 100
215 176 152
204 152 118
76 66 52
96 81 67
144 120 123
160 68 95
190 86 110
119 50 50
86 47 24
167 94 60
158 138 126
166 148 98
174 161 148
70 76 81
183 124 88
50 74 97
52 41 40
94 68 44
117 94 38
230 220 144
162 144 92
51 54 58
73 33 15
88 34 4
226 169 124
184 145 117
142 116 92
70 58 54
93 68 44
138 112 60
128 100 52
84 88 94
53 54 60
174 66 92
204 173 140
223 166 123
251 182 114
149 100 94
49 42 47
146 131 120
76 59 32
178 165 162
167 112 48
192 128 75
164 101 50
216 194 150
32 36 46
38 34 30
158 142 131
50 46 44
62 60 64
108 46 22
122 63 32
120 87 60
74 74 79
184 120 66
228 178 136
224 178 140
172 143 112
230 220 210
172 52 88
182 113 130
190 86 114
177 70 99
191 172 175
176 74 97
124 88 86
134 88 50
116 71 46
148 95 50
107 63 22
232 172 130
216 184 160
174 133 107
166 166 166
62 91 111
151 152 154
246 225 183
47 34 20
158 144 122
198 162 128
122 98 70
160 92 62
30 56 77
126 77 46
122 108 98
179 158 110
234 228 150
88 78 26
162 153 118
84 88 92
156 102 115
175 83 102
98 66 72
174 114 98
147 85 63
70 29 11
126 57 52
127 60 54
92 31 16
142 84 68
50 90 118
170 162 157
177 143 124
148 151 154
94 82 72
112 94 78
46 67 90
50 47 51
196 174 150
236 214 189
216 190 165
78 50 28
207 198 124
70 50 20
134 132 128
166 155 132
57 54 50
164 76 102
204 198 192
134 86 84
234 127 156
148 88 58
170 138 111
50 22 18
164 106 58
158 158 158
104 116 120
106 98 84
48 29 15
127 120 114
38 26 16
200 168 136
133 108 81
188 110 77
106 50 14
26 28 41
94 74 66
156 138 126
202 178 150
123 98 42
211 200 134
194 178 123
129 123 58
142 133 100
180 168 147
174 162 138
52 50 46
210 173 178
190 91 116
104 48 75
135 27 52
100 40 22
200 176 147
180 128 84
38 72 102
128 76 24
63 29 18
164 156 147
44 27 14
128 66 26
172 140 109
208 184 158
106 80 62
100 85 12
184 181 103
145 134 84
162 150 131
178 82 105
56 54 56
190 138 104
65 61 60
84 59 35
152 129 76
150 130 62
44 41 38
42 28 24
44 25 13
40 26 12
222 208 172
85 38 15
154 130 100
168 140 100
76 64 37
203 192 190
200 198 192
126 36 52
188 154 114
95 116 144
254 164 76
254 173 68
11 8 5
212 107 45
46 44 49
150 133 122
229 223 154
255 152 198
232 183 136
164 105 64
190 145 94
179 106 63
193 166 128
255 190 122
230 213 200
237 146 170
138 75 91
182 88 108
145 43 66
188 86 111
232 122 151
144 42 69
138 22 50
177 116 101
162 94 60
160 150 148
179 116 70
181 167 144
152 142 124
84 43 14
152 135 114
110 94 78
12 24 42
104 96 93
108 108 110
90 81 76
92 92 92
201 188 178
134 127 80
190 178 159
210 174 178
172 71 93
82 72 68
85 42 69
186 119 129
190 142 118
147 86 57
140 98 82
192 130 81
112 67 40
154 92 47
118 105 87
132 100 76
115 92 70
76 38 16
74 28 3
104 94 80
71 68 64
82 81 78
120 91 56
160 132 86
152 139 108
170 60 91
210 180 182
102 61 66
92 48 75
191 149 132
184 68 100
98 64 42
162 110 65
166 116 70
169 121 76
176 108 48
64 43 22
140 114 88
80 56 41
162 110 80
74 60 51
130 96 66
200 176 144
116 84 51
166 138 92
198 170 142
222 217 136
142 134 98
147 140 88
190 172 116
217 206 184
152 128 130
184 152 148
132 95 82
124 66 52
212 169 130
117 70 44
82 99 114
54 43 36
186 120 54
170 118 88
146 120 94
146 134 129
114 95 74
74 64 58
228 202 172
137 118 73
156 148 80
118 110 74
218 211 148
128 97 54
46 40 38
141 142 138
169 76 102
112 88 86
206 176 179
104 67 61
130 96 74
40 26 26
210 160 118
160 148 134
232 176 130
204 150 102
50 43 39
46 26 8
108 88 65
221 202 177
197 173 154
142 122 78
210 204 126
170 160 94
108 97 49
176 78 106
197 186 182
168 50 85
145 87 48
22 14 12
50 32 14
178 151 124
135 94 58
156 124 90
219 90 129
187 74 105
239 139 69
136 106 74
49 28 18
52 32 14
228 126 58
95 80 66
122 88 56
58 52 42
182 67 100
132 26 52
228 101 140
182 142 111
40 26 16
215 150 102
232 236 236
34 18 13
178 144 108
140 106 70
230 110 146
80 60 60
210 170 178
197 94 122
176 76 100
186 81 108
205 164 176
84 56 58
114 38 56
138 29 59
242 130 164
134 80 96
148 68 92
236 112 147
206 146 111
141 47 66
74 38 12
192 144 110
188 138 118
100 39 16
156 98 68
96 31 15
97 36 20
72 27 7
188 163 145
208 156 110
76 82 88
130 92 61
97 90 80
131 138 144
222 166 124
146 93 52
122 58 23
177 142 124
146 86 37
130 84 53
223 162 122
91 44 12
104 64 42
180 140 115
151 88 51
124 84 66
228 171 123
142 83 26
44 13 6
88 64 54
155 124 98
189 120 68
76 74 64
31 44 58
65 67 72
166 134 104
214 178 155
198 160 136
181 148 124
129 95 72
128 133 134
22 46 68
136 101 74
88 52 27
184 168 152
144 88 45
178 159 134
100 86 64
216 204 176
228 206 163
199 110 68
194 181 153
153 110 88
232 211 174
160 144 127
190 100 56
180 100 64
96 94 96
86 102 110
21 42 66
64 31 18
70 70 75
64 63 66
88 88 94
86 79 73
180 100 53
42 31 20
212 218 223
166 100 57
94 56 24
40 18 2
130 92 73
110 88 66
102 88 76
31 22 12
120 98 77
122 106 92
128 109 90
46 30 16
92 83 73
169 144 114
29 14 9
70 58 48
68 64 61
92 88 84
86 72 58
120 104 94
104 93 87
156 128 104
224 202 176
178 160 146
100 76 50
110 110 114
150 121 81
144 115 76
150 126 80
125 111 39
156 135 87
200 191 131
176 162 153
98 94 90
174 166 164
148 64 88
80 60 60
168 62 89
178 76 100
206 196 190
174 104 120
190 182 176
191 146 156
205 184 182
176 68 94
113 56 74
144 103 120
112 34 52
178 76 98
208 106 133
234 125 162
144 92 108
162 66 94
201 140 106
198 148 140
139 48 66
75 38 15
161 106 90
130 58 56
185 133 116
159 110 68
66 26 8
192 164 142
70 80 88
60 28 4
208 195 176
214 168 124
144 90 44
138 92 63
81 38 24
104 60 28
144 101 74
109 102 94
219 177 135
172 114 66
150 96 56
174 116 90
184 118 78
220 162 120
154 96 46
96 51 22
162 120 88
140 132 132
150 84 48
139 93 68
173 130 98
206 147 112
102 71 50
72 72 68
94 104 106
50 60 63
38 56 71
241 199 178
164 145 133
210 160 120
197 158 124
29 52 72
82 49 24
62 28 6
230 204 172
205 185 148
88 64 48
153 110 88
96 94 96
43 26 17
188 194 198
141 144 146
120 116 117
92 84 72
71 35 10
176 144 116
42 32 24
176 150 122
136 112 89
100 78 57
58 46 33
114 99 84
98 84 68
129 110 92
74 64 66
108 92 76
106 98 93
90 88 84
71 62 54
86 81 78
40 36 36
62 59 56
63 38 19
90 90 92
111 82 42
152 124 82
153 124 80
136 119 52
181 162 111
177 164 156
210 206 202
60 57 56
170 162 154
162 96 114
240 136 168
162 70 97
208 88 124
218 166 177
80 60 60
204 188 188
168 64 90
115 64 74
188 182 176
167 61 86
132 88 104
88 62 64
246 122 166
200 95 129
114 48 48
134 36 59
204 78 119
194 153 138
205 150 112
128 40 56
98 64 40
160 105 89
130 64 60
159 116 88
159 100 68
146 98 72
68 28 10
186 156 134
78 44 20
172 118 70
167 116 70
120 111 100
161 102 76
214 186 163
206 162 120
116 112 117
177 138 106
178 120 70
218 166 123
112 116 121
99 50 14
191 134 84
76 34 13
96 70 53
63 65 62
97 106 109
182 161 147
74 82 90
132 95 67
76 46 26
185 124 67
62 28 8
90 80 72
140 116 87
94 81 66
108 102 98
66 46 41
190 100 56
56 56 60
85 82 85
164 148 140
28 96 144
114 118 148
104 82 66
188 115 54
42 22 6
162 136 112
90 68 48
58 60 66
98 76 54
18 12 6
78 68 58
102 87 74
110 93 74
82 68 54
160 138 112
90 88 84
72 64 57
78 72 68
88 87 84
52 48 52
106 106 108
152 123 78
90 71 54
216 212 208
144 145 144
189 92 121
141 50 76
219 174 182
196 186 184
148 98 104
184 184 177
182 140 148
254 169 214
206 100 134
222 89 133
128 32 53
146 41 75
103 70 44
180 141 101
161 102 68
202 170 142
57 26 12
197 116 56
56 26 6
188 145 116
113 65 28
154 100 53
130 86 56
46 75 98
188 130 86
220 164 121
218 190 169
142 129 128
201 144 105
99 50 14
126 129 138
106 54 8
75 54 39
72 96 114
177 155 132
218 174 134
112 68 39
242 218 168
192 114 42
104 94 86
224 208 175
188 99 54
166 169 174
212 195 175
43 25 12
76 34 8
180 154 124
146 122 100
76 58 41
130 105 79
116 102 88
57 47 38
55 39 23
136 112 85
93 93 98
162 151 150
212 176 180
87 62 64
108 42 54
193 194 186
152 94 106
186 180 180
159 32 65
126 39 60
170 120 111
102 66 44
180 134 112
154 94 55
118 64 33
200 160 130
184 122 68
86 34 8
77 46 24
122 70 33
206 186 163
129 72 36
138 92 60
191 136 94
188 131 92
146 97 62
202 162 128
84 68 59
62 90 112
180 160 140
102 54 27
137 91 55
187 119 78
95 86 79
36 28 20
138 102 76
178 86 42
218 212 206
56 49 42
37 24 16
188 118 60
102 60 33
172 142 108
180 154 128
92 72 51
128 104 88
18 10 2
32 20 12
45 26 24
25 18 17
82 79 75
31 28 32
52 30 16
128 103 74
116 50 62
147 88 98
188 191 184
120 30 49
223 176 128
140 80 44
183 130 84
136 94 64
20 76 116
190 136 95
131 94 72
186 168 152
232 174 124
108 54 26
69 69 72
179 156 138
180 149 120
218 154 104
232 212 190
46 39 34
50 38 26
192 163 132
188 122 82
234 216 171
76 70 68
198 182 158
230 220 204
171 157 147
191 122 68
70 58 48
140 114 86
107 108 130
108 94 79
42 44 50
172 117 132
116 38 54
132 27 44
107 34 27
164 104 65
218 170 128
184 159 143
62 34 26
110 56 29
224 198 175
226 214 196
56 50 45
194 162 131
252 188 120
232 215 170
38 24 16
23 20 22
232 229 218
17 13 14
104 88 70
37 36 34
136 138 140
55 54 57
130 106 77
154 128 96
194 184 182
112 16 35
156 98 56
36 85 120
224 181 140
160 116 62
52 47 42
158 82 27
254 188 114
126 100 72
57 46 35
168 137 102
113 90 66
68 106 146
88 68 46
48 44 44
92 76 56
142 118 88
128 101 73
56 54 52
235 159 90
89 38 32
200 182 162
128 40 62
76 26 37
144 127 113
127 116 109
157 108 76
188 130 89
166 113 78
210 202 186
152 42 66
45 38 30
82 22 18
163 106 68
201 148 114
134 112 90
115 105 97
100 84 40
224 164 118
189 162 139
185 164 140
192 68 98
110 74 51
96 119 132
152 104 112
132 82 59
112 100 87
168 117 79
128 50 74
177 142 130
174 62 88
178 68 90
165 104 88
124 60 41
136 88 47
176 118 90
155 92 66
182 161 141
230 210 176
123 76 49
68 50 36
214 201 176
102 136 178
202 204 206
166 137 130
126 36 54
158 98 68
150 106 84
188 160 128
70 54 47
76 72 68
183 136 146
189 144 120
116 69 38
207 146 93
208 186 156
238 213 164
100 52 21
102 28 44
162 70 93
144 82 42
88 35 4
244 224 189
180 122 76
130 96 100
136 78 86
180 120 79
179 118 71
58 29 24
123 128 132
26 78 114
110 64 32
240 222 176
98 104 108
57 56 52
156 114 74
180 189 186
195 160 164
236 110 152
142 27 52
229 114 152
126 75 43
110 61 32
247 146 72
136 100 68
205 186 170
126 114 112
39 36 38
199 194 191
251 146 190
192 148 118
98 44 20
144 71 32
38 28 28
166 74 34
82 86 76
136 104 72
236 244 248
40 26 18
166 122 132
132 30 51
72 90 103
144 112 91
143 138 135
192 156 118
40 82 110
180 152 133
96 76 68
212 198 182
135 108 84
250 238 192
98 101 89
222 214 199
25 104 156
234 232 228
179 100 120
154 96 108
208 71 109
216 162 120
152 94 82
94 30 11
160 111 68
166 88 54
160 107 71
108 99 95
212 172 180
142 139 137
19 64 107
186 122 70
76 72 70
104 105 108
151 106 112
180 137 106
194 137 101
174 151 132
148 88 52
114 73 48
154 132 114
92 124 148
216 82 123
186 162 126
142 146 149
81 58 61
128 100 78
224 90 130
220 197 170
196 143 86
184 186 182
17 72 111
194 168 154
226 173 131
116 100 92
192 154 116
216 189 170
226 113 46
46 34 36
112 72 78
162 109 61
140 97 68
230 203 180
22 56 86
88 93 95
110 72 77
26 18 10
226 206 164
150 128 105
224 90 132
122 101 77
213 166 128
210 202 126
81 88 90
200 178 158
136 126 56
174 168 90
92 58 74
186 175 102
187 193 196
162 88 70
197 177 146
202 140 91
234 205 174
120 98 79
216 162 120
88 99 106
142 90 56
171 138 108
136 118 50
201 190 154
159 112 108
184 158 136
93 93 97
106 92 84
216 197 178
82 78 6
190 180 120
69 50 44
164 147 84
226 178 139
117 90 42
126 98 54
208 208 208
194 138 98
230 172 120
115 86 60
139 111 90
190 184 101
228 159 96
138 84 44
90 64 2
118 127 132
116 82 52
34 36 50
138 88 54
92 92 98
36 20 12
136 106 86
213 196 126
114 94 80
213 206 122
210 202 141
156 130 106
198 178 156
72 55 42
90 85 84
195 188 180
172 145 117
156 122 94
150 144 137
190 122 77
194 190 114
208 208 207
69 68 64
120 127 129
104 86 76
185 198 206
140 72 90
188 150 110
51 47 44
178 80 44
112 16 41
255 173 217
136 68 53
50 71 90
229 176 131
83 34 11
206 178 154
142 124 112
108 76 52
186 164 142
252 164 97
190 105 56
105 108 110
69 69 67
83 80 78
188 192 196
222 109 146
143 76 70
92 24 15
212 158 111
223 164 120
75 76 82
134 86 52
246 168 106
191 100 58
100 136 176
46 34 22
74 77 84
101 121 157
80 58 44
51 34 24
165 144 96
126 56 78
213 116 146
207 146 97
91 40 8
248 160 84
88 86 89
48 33 23
132 106 55
203 196 138
157 97 54
124 116 108
194 124 70
184 142 108
64 53 48
117 88 54
158 129 88
107 138 162
255 172 217
226 88 134
133 22 54
166 125 96
99 28 24
102 32 28
248 192 144
242 184 138
214 204 192
158 130 87
146 126 78
216 188 192
100 46 14
56 36 22
177 102 40
37 28 25
102 82 56
52 44 52
136 100 70
113 52 66
132 73 84
190 194 192
108 140 169
108 38 42
223 112 153
160 104 86
184 141 106
150 104 40
192 176 170
220 203 166
226 116 51
72 44 36
65 32 16
72 95 130
222 208 192
142 88 56
110 48 24
114 66 37
58 38 32
158 122 78
121 18 40
68 79 85
133 117 106
170 164 86
144 126 88
163 166 168
241 136 168
202 84 116
154 94 72
80 81 81
138 117 109
76 62 51
73 70 69
218 128 58
242 172 110
82 72 64
137 108 78
172 161 86
130 130 126
140 115 118
184 144 113
136 86 58
214 170 130
152 104 65
166 137 108
110 84 26
212 123 54
224 162 109
145 90 85
42 40 42
190 162 145
237 242 248
44 38 46
211 190 168
234 244 249
214 208 200
214 113 142
166 118 83
96 97 99
179 172 94
182 186 187
186 180 172
166 158 146
168 72 94
157 149 76
124 123 122
216 168 126
248 148 174
248 144 178
254 150 190
241 134 170
213 88 119
124 36 16
208 80 114
96 28 38
240 152 66
198 98 126
76 8 19
148 89 48
237 132 150
202 100 121
148 64 84
199 126 77
146 86 44
230 124 162
194 104 59
201 93 122
202 190 190
153 77 66
100 32 8
176 122 100
158 82 94
56 73 84
178 160 150
150 80 55
142 138 139
174 182 177
200 184 176
133 145 150
158 156 146
160 112 76
61 15 1
178 116 78
128 116 118
116 84 64
63 50 44
177 156 150
144 130 128
214 153 116
116 52 17
214 152 110
97 98 94
164 110 68
133 74 35
108 54 12
201 180 170
198 126 78
136 100 74
138 108 88
180 104 42
61 78 82
234 161 114
62 32 26
149 81 57
202 106 60
187 98 66
79 50 35
72 92 120
73 84 104
126 96 66
154 126 100
138 114 99
150 122 102
60 33 12
238 166 98
142 118 105
59 36 18
98 73 53
183 167 160
212 177 147
66 43 24
56 33 25
196 178 172
128 98 83
123 100 83
228 212 203
240 212 188
235 216 200
157 130 108
176 149 108
111 85 27
66 46 1
138 136 62
119 106 42
183 174 109
81 74 69
162 135 104
164 162 90
181 122 105
162 154 84
192 131 94
160 130 96
154 150 78
151 154 78
162 162 90
160 148 102
104 118 132
90 46 24
130 130 66
44 46 50
185 172 122
50 51 48
161 159 122
236 206 171
251 226 196
82 90 101
40 44 47
101 106 102
123 128 131
126 134 136
99 90 78
212 217 218
166 182 192
203 222 236
68 74 83
167 122 102
127 133 126
206 175 158
174 171 166
90 110 118
174 140 124
118 94 71
94 111 122
141 135 169
136 108 87
114 74 50
132 91 68
118 104 87
217 206 170
68 66 57
154 150 128
132 140 142
138 120 103
187 205 222
146 162 177
214 104 129
106 26 46
208 98 130
182 129 120
142 70 78
156 64 75
248 144 178
254 158 198
123 64 70
224 96 132
226 178 138
106 30 44
254 173 216
200 102 129
170 54 92
78 12 22
148 92 52
147 69 88
228 140 179
112 19 35
229 170 126
152 72 63
46 101 114
114 48 22
157 101 85
164 85 97
192 160 138
134 120 120
48 72 86
90 76 72
173 109 80
78 74 75
76 58 48
94 33 18
134 146 146
55 49 54
160 112 76
53 9 2
170 106 68
56 12 2
69 54 46
135 125 124
102 42 11
40 88 104
220 160 118
246 186 143
138 78 40
94 99 102
126 86 54
134 80 42
174 170 174
238 173 122
109 42 2
160 94 42
32 44 55
192 94 56
194 98 56
182 92 60
196 113 61
62 104 124
84 52 28
72 92 120
126 102 84
172 144 122
156 128 106
61 36 18
194 178 172
200 167 140
38 21 17
195 174 162
182 162 159
112 84 66
156 146 146
237 210 186
66 54 56
200 130 87
163 66 24
132 102 65
66 46 0
98 86 17
208 206 132
90 72 20
44 45 54
162 134 104
146 148 74
126 99 44
188 182 94
193 187 114
166 138 94
78 71 12
78 73 66
204 108 66
199 200 129
80 60 24
70 68 6
90 45 28
162 148 100
152 146 82
202 200 158
72 64 31
100 100 96
134 138 140
23 34 53
126 134 136
216 192 176
132 121 110
193 185 176
211 210 208
204 224 236
60 66 74
105 130 163
108 125 126
79 94 102
56 64 73
54 66 80
64 80 90
120 128 159
118 78 60
203 186 150
136 116 94
217 202 162
77 79 76
140 148 151
80 93 106
186 133 118
214 104 129
107 26 46
107 26 39
180 130 118
142 77 80
218 122 148
240 135 170
255 162 203
228 120 156
215 89 124
147 58 24
236 150 193
218 142 58
184 90 114
86 15 26
94 60 40
181 112 64
214 110 126
208 100 126
142 72 89
243 144 188
199 160 151
144 78 34
222 112 148
108 17 32
223 165 124
155 82 50
66 4 2
124 92 74
145 86 68
106 41 44
172 122 98
72 58 52
160 96 58
29 78 99
96 74 65
70 26 2
209 146 104
34 96 122
237 176 133
154 137 120
170 114 76
142 87 48
231 150 52
160 94 45
142 106 82
199 100 58
196 112 46
170 81 50
204 143 90
140 79 51
194 140 98
105 80 63
186 157 125
136 114 98
208 148 90
156 128 105
154 136 130
70 54 52
212 197 190
212 182 161
202 194 193
160 132 104
176 146 108
64 58 61
180 158 104
174 68 36
119 98 38
160 144 72
182 122 106
156 129 99
128 100 45
207 198 114
208 105 61
146 138 66
150 146 76
61 75 89
80 58 28
231 228 158
204 199 146
66 56 22
224 196 159
33 38 50
150 157 160
238 228 220
136 94 72
189 184 179
130 138 130
69 78 84
36 94 114
105 130 162
98 50 26
94 92 84
134 108 83
192 210 228
76 84 91
48 56 67
202 92 117
180 132 120
141 80 78
199 106 129
248 144 178
120 26 46
178 76 94
255 170 212
120 62 68
244 136 174
148 56 76
86 24 35
148 30 61
150 56 7
146 76 92
218 109 144
210 175 166
66 4 2
121 89 74
234 144 56
158 76 90
111 44 22
206 146 102
188 164 148
172 122 98
244 184 140
140 146 140
108 46 30
134 118 115
204 161 129
54 82 105
47 5 0
194 152 133
191 162 149
77 29 6
209 146 104
168 144 121
116 76 44
174 171 175
232 168 116
227 152 60
222 117 53
52 54 60
200 84 28
180 103 50
229 146 66
175 87 55
64 46 42
115 90 74
186 157 125
56 28 9
176 160 152
89 60 44
202 182 172
194 184 183
60 48 50
238 224 215
160 128 98
70 62 62
126 97 63
250 241 184
124 109 39
160 136 102
122 105 52
178 122 104
168 142 98
190 178 94
213 104 61
98 93 34
84 98 112
236 234 159
178 162 94
204 201 150
145 114 81
77 66 60
215 189 150
44 46 58
138 124 116
112 79 50
210 203 194
210 212 208
208 176 160
142 140 127
66 74 82
61 70 82
98 52 30
41 57 76
224 244 244
206 188 152
57 60 60
179 195 212
59 77 94
192 191 190
111 56 41
178 78 100
186 78 102
154 70 86
126 26 44
254 174 213
154 56 70
222 116 154
112 22 32
202 130 54
148 76 92
142 86 44
197 96 128
128 34 38
140 116 109
144 84 62
144 104 84
101 80 68
158 97 60
198 154 123
164 128 112
222 164 122
224 117 44
223 164 118
214 157 111
235 188 157
178 126 87
119 80 48
216 169 134
58 16 3
21 44 62
213 134 64
33 58 76
194 124 74
100 67 52
140 99 68
242 141 58
98 74 56
182 150 115
240 162 86
66 42 30
88 58 42
210 188 178
176 165 164
184 155 135
58 45 42
216 146 84
253 160 68
250 246 186
99 79 24
176 120 104
28 42 67
178 152 118
163 160 89
131 102 50
200 90 49
198 186 104
188 189 117
247 240 203
58 58 55
56 50 28
154 144 138
48 52 66
56 62 64
116 120 124
166 126 108
164 146 134
138 90 70
112 79 50
71 122 154
236 240 240
206 174 157
99 48 26
112 74 65
224 249 248
148 118 83
208 192 154
242 232 194
238 230 191
220 226 230
118 94 71
210 218 222
186 204 222
87 93 100
48 63 76
195 200 202
96 78 59
100 18 32
200 93 119
100 20 38
190 104 64
150 40 55
80 24 32
106 26 34
161 111 72
224 126 162
133 54 49
82 14 18
238 178 136
111 50 33
62 58 69
98 37 30
194 157 142
102 91 88
192 128 81
252 138 66
188 136 98
241 140 44
236 179 136
94 114 119
122 56 12
2 90 128
180 136 101
154 74 31
239 139 60
166 67 28
29 54 72
235 144 72
232 146 70
137 98 68
183 154 120
66 43 28
79 48 32
108 91 88
182 149 110
123 92 60
186 156 106
169 116 100
174 150 116
217 214 145
193 82 42
25 27 37
38 35 37
191 174 94
180 164 106
182 178 108
248 240 202
58 56 34
124 130 132
179 144 125
148 106 86
198 195 189
66 120 152
196 210 216
136 132 121
175 138 108
106 50 27
159 125 92
210 194 154
235 224 184
227 214 174
168 146 104
216 230 238
130 100 70
181 143 116
122 28 42
156 42 68
144 68 47
106 24 34
145 120 106
190 90 112
165 99 88
154 100 59
232 146 56
123 63 45
164 144 130
72 62 62
111 44 49
209 184 164
182 134 100
108 78 64
10 105 144
243 182 142
175 121 83
221 176 138
56 106 128
8 40 64
196 124 62
144 99 62
117 107 104
52 40 40
170 138 103
159 130 68
94 72 16
229 230 158
36 38 40
36 45 60
61 56 57
116 84 38
54 48 58
207 208 134
47 45 32
114 81 59
110 76 45
136 144 146
202 196 189
172 138 106
230 208 192
224 220 213
153 128 108
110 52 30
204 189 148
114 88 64
223 238 246
179 151 120
114 91 66
123 56 46
177 148 115
99 21 36
208 98 124
162 84 53
206 103 116
206 138 120
171 124 84
158 82 100
64 52 50
129 64 25
8 108 145
246 145 45
229 178 142
118 49 6
129 123 114
22 72 108
178 72 32
140 108 78
81 48 24
235 157 91
92 60 34
52 26 14
111 88 72
71 43 28
179 164 158
253 184 84
186 70 35
37 43 48
18 42 68
178 152 118
26 31 40
228 230 174
112 78 56
51 46 44
226 198 184
104 47 26
159 134 101
145 110 80
226 250 252
176 150 114
121 91 66
68 68 62
48 51 56
154 128 104
188 114 110
200 128 78
107 24 50
122 58 72
147 73 84
134 58 38
94 30 4
104 82 64
106 98 29
201 107 68
102 78 38
230 223 160
80 66 30
44 54 60
210 200 190
130 141 154
98 116 129
76 77 74
122 134 146
116 27 34
119 62 72
226 119 162
234 178 138
183 130 90
216 150 74
40 50 56
202 142 86
224 208 195
234 217 200
253 245 188
189 184 132
166 121 102
146 171 180
96 54 32
60 72 85
194 87 116
66 21 5
115 46 5
138 96 58
60 37 17
164 140 80
212 212 142
212 210 134
51 54 60
158 142 99
249 236 206
112 118 118
209 176 160
58 68 80
178 202 218
218 212 180
76 88 104
131 40 48
212 86 124
138 52 29
114 23 38
46 79 104
209 193 175
152 92 53
237 136 48
198 104 60
187 120 80
177 82 35
212 212 142
86 47 43
62 66 72
214 187 172
236 238 238
88 125 162
99 64 56
225 231 235
98 96 82
54 64 80
89 16 25
184 139 133
39 104 127
138 63 26
220 205 190
176 174 100
192 186 145
206 194 185
38 90 117
208 196 160
90 88 74
166 54 81
148 67 52
162 136 114
160 74 94
232 144 56
136 79 43
210 184 158
224 210 197
54 58 66
114 80 46
124 95 72
198 190 188
250 145 184
250 178 223
84 18 21
92 54 70
165 102 74
246 147 50
226 144 70
67 38 23
182 142 98
174 153 98
182 164 93
42 37 31
165 131 102
164 140 102
220 232 241
227 115 151
198 116 154
84 18 21
78 30 16
148 70 28
104 88 82
224 215 208
152 127 72
222 230 154
40 40 42
112 78 44
127 134 134
99 48 25
232 222 185
190 133 122
114 88 70
192 122 81
142 111 80
98 104 107
156 158 158
183 182 164
85 98 112
224 179 140
184 126 84
62 108 128
180 118 74
72 44 22
202 198 124
162 154 112
119 124 122
121 130 140
160 182 196
112 126 140
86 98 108
232 182 144
73 42 34
180 174 123
52 52 48
101 58 49
170 154 111
214 196 156
80 82 76
140 132 108
138 152 164
147 124 104
147 130 118
182 192 196
244 229 191
173 152 110
65 73 80
52 64 74
222 140 71
178 112 69
45 60 84
120 74 58
163 152 140
158 178 192
166 144 102
38 87 130
222 174 140
54 53 65
104 73 74
8 88 126
174 104 58
120 88 64
194 86 44
61 66 69
214 238 252
92 90 84
216 234 246
154 48 66
226 170 124
70 120 155
238 232 162
141 122 107
106 70 44
93 120 132
93 58 34
160 158 154
98 101 104
110 23 38
64 57 20
100 106 103
195 137 88
172 156 102
92 93 96
130 29 47
162 96 68
198 136 72
188 168 160
190 188 107
200 221 238
140 150 153
203 197 192
167 164 165
134 25 50
223 164 124
136 126 88
237 173 132
92 42 8
226 169 126
138 78 38
212 112 46
240 228 150
228 147 78
203 178 142
68 68 74
170 138 108
144 152 156
186 163 146
235 223 208
118 41 53
52 34 36
184 174 100
158 130 110
205 206 132
132 26 48
230 245 251
112 127 120
192 138 99
110 58 50
119 32 38
106 30 47
142 86 46
140 82 38
182 114 68
98 115 116
95 31 44
144 154 162
232 170 126
236 180 134
99 40 8
112 66 31
229 162 116
164 87 32
118 98 88
141 59 26
62 57 60
112 92 77
197 194 190
214 194 178
146 136 124
130 133 134
158 133 93
114 92 78
83 94 106
192 188 168
179 194 208
180 126 116
192 84 110
242 143 151
194 124 76
74 112 122
148 95 60
92 78 72
39 18 14
192 115 52
152 96 52
189 174 167
71 63 62
82 95 104
150 112 92
222 204 188
192 190 187
232 227 160
53 56 76
110 126 138
69 78 88
200 196 175
102 116 134
125 108 91
190 206 220
98 20 30
105 22 34
132 36 27
128 54 22
114 92 78
180 156 140
70 57 48
48 81 108
225 184 153
22 68 94
222 118 55
78 68 64
134 114 103
149 122 96
80 44 35
159 131 92
138 126 114
172 158 113
220 226 228
199 200 197
119 64 54
193 116 77
123 34 24
128 34 32
148 92 50
131 72 56
154 92 56
103 76 56
226 186 156
91 102 118
210 158 120
92 54 44
186 101 45
142 94 60
142 119 96
59 34 18
146 120 100
92 80 76
219 196 170
44 44 54
200 164 144
89 124 165
166 158 96
253 235 202
58 50 25
46 55 56
58 66 76
171 78 24
184 76 103
75 70 73
56 15 1
16 85 122
128 74 41
30 96 126
248 138 64
172 130 96
212 110 49
38 14 10
138 111 90
201 176 152
153 122 88
182 160 92
148 112 82
163 155 148
58 66 70
130 106 85
255 164 206
144 104 66
202 102 119
205 162 123
232 174 150
46 8 0
204 146 106
39 53 66
248 138 53
130 98 70
78 50 38
160 133 105
54 52 53
66 61 66
133 105 53
180 143 124
217 216 140
180 148 112
136 109 88
145 115 88
142 88 48
164 80 49
250 142 67
106 40 2
138 107 75
122 89 62
23 36 58
110 66 42
148 122 92
224 214 174
235 230 190
130 100 68
44 48 54
83 14 24
199 136 85
152 38 62
189 133 93
236 175 134
202 176 167
248 147 82
206 135 78
174 71 32
248 140 61
156 110 80
166 138 109
176 143 106
154 122 92
185 164 94
150 146 108
223 248 254
56 56 60
221 236 243
76 56 44
234 184 144
142 86 54
194 114 60
88 73 62
228 204 185
214 209 136
105 110 116
180 76 102
188 82 109
234 170 125
69 57 50
102 98 102
90 92 96
91 96 102
94 24 34
115 31 52
237 144 48
244 136 62
69 57 50
58 40 38
88 90 93
103 34 37
236 143 48
254 164 78
214 136 88
48 52 60
135 122 108
70 72 75
83 88 92
152 98 61
68 64 60
110 94 80
153 119 91
120 90 100
236 229 186
191 213 226
133 40 52
62 52 56
146 112 74
60 66 72
252 150 189
85 17 24
218 238 245
224 229 228
142 138 94
66 42 30
136 120 102
73 50 37
198 179 167
224 207 176
49 44 42
100 40 8
212 184 161
62 42 30
102 18 30
53 35 26
107 82 62
127 104 84
66 47 34
181 168 116
46 32 24
96 83 68
180 112 146
116 82 50
249 150 190
154 130 111
166 132 116
228 211 194
126 109 91
206 159 125
98 110 123
185 184 107
218 232 241
50 49 55
219 202 148
176 116 118
140 122 108
189 132 98
194 172 145
158 156 154
90 24 29
138 62 70
168 64 110
172 95 112
131 80 56
130 63 41
110 42 21
98 65 48
168 108 61
77 86 93
128 84 48
154 97 58
156 85 34
222 158 112
60 16 2
157 134 131
169 101 54
202 113 43
157 128 108
146 117 83
153 125 90
86 85 86
64 42 18
189 195 206
160 56 75
108 22 49
133 36 18
186 102 69
192 157 150
80 59 46
68 100 118
228 165 114
40 74 92
52 13 1
146 124 121
18 31 42
220 126 64
169 101 54
46 52 49
214 198 162
160 132 96
188 169 133
194 192 186
148 126 108
70 50 34
96 96 97
140 126 108
68 71 75
172 178 188
182 78 100
240 163 204
200 116 72
194 141 128
101 34 20
204 139 96
69 22 2
187 168 160
124 52 5
232 167 119
196 110 69
28 34 48
125 98 40
93 92 86
72 72 74
102 90 75
52 45 40
152 158 170
228 142 72
202 150 135
230 168 128
56 80 108
64 86 111
182 148 134
84 32 4
224 160 112
228 126 62
184 134 87
60 56 56
156 132 112
98 103 106
149 113 91
193 174 138
93 79 68
74 73 76
51 34 17
100 50 55
164 107 105
254 162 206
100 20 24
186 108 144
113 57 42
171 128 96
236 171 134
54 82 112
227 176 139
66 21 1
208 175 159
143 107 70
175 80 42
64 42 35
55 49 54
134 94 58
96 102 107
52 60 69
101 88 73
58 57 60
42 28 16
134 46 66
194 122 70
74 22 26
182 67 102
176 128 88
90 38 54
92 82 84
222 168 127
99 39 4
180 106 48
150 69 25
192 170 156
29 36 48
94 82 68
54 58 62
79 22 30
162 102 66
238 144 40
243 142 66
80 116 140
190 159 140
58 62 57
236 220 178
137 104 72
62 67 77
68 74 78
111 52 60
136 21 46
102 23 32
184 139 105
248 152 57
100 40 6
38 44 53
144 112 82
45 48 61
131 98 65
20 35 57
144 108 74
130 98 68
214 233 248
220 236 248
48 53 58
38 44 52
166 134 104
31 28 34
136 48 67
184 137 119
216 172 132
170 118 82
228 166 114
136 44 64
160 104 82
231 166 120
188 176 91
88 100 111
86 72 64
141 54 70
244 150 172
46 52 50
231 226 148
70 72 76
81 20 26
249 174 215
144 130 122
198 172 156
186 154 122
203 184 150
188 168 132
138 116 72
76 80 86
182 116 42
245 158 80
245 134 55
129 104 78
102 86 74
162 130 103
72 76 82
152 94 76
165 102 58
31 26 24
50 33 22
154 154 148
114 130 136
50 49 51
214 114 50
43 44 56
230 238 238
42 30 19
150 74 42
192 164 150
246 228 170
138 96 42
44 31 25
100 64 58
212 164 123
172 175 180
226 132 173
176 138 109
103 76 56
120 100 82
155 91 54
154 100 64
42 44 52
118 102 88
216 225 232
131 106 82
20 106 140
238 142 66
181 160 108
226 232 236
74 64 58
127 106 94
120 45 60
223 229 230
154 128 95
199 96 118
106 17 34
195 89 114
107 53 51
210 100 105
255 182 225
175 88 90
58 2 4
94 40 21
166 103 78
88 92 94
48 6 0
90 94 102
236 183 140
220 165 124
128 95 79
158 100 46
195 154 128
106 80 74
138 126 111
188 167 146
87 97 104
112 110 106
70 36 16
94 92 96
82 80 82
148 80 93
168 138 137
86 24 36
134 79 73
176 106 80
246 156 180
86 24 27
228 110 146
63 4 8
84 24 34
130 64 54
176 136 116
159 108 54
171 114 94
208 185 150
144 115 90
120 92 74
225 209 190
124 95 58
192 182 108
66 34 14
199 138 122
59 48 42
150 130 112
72 51 36
92 95 98
108 30 32
140 72 76
164 95 67
126 24 45
143 26 62
129 28 22
196 153 114
164 114 74
176 136 116
173 147 132
45 3 0
204 128 77
76 24 0
50 48 50
220 158 107
218 145 82
176 110 72
122 96 82
150 118 100
224 208 187
214 192 157
214 198 162
66 65 66
116 88 54
114 122 130
54 44 36
110 96 87
175 112 96
124 48 65
98 22 20
156 49 69
135 35 38
162 74 94
218 144 86
75 16 6
20 61 88
56 72 80
149 132 131
47 6 0
216 186 168
238 174 131
50 48 50
50 44 44
62 42 33
96 126 146
156 138 118
204 184 150
106 88 71
232 224 180
116 87 54
152 124 86
161 172 181
129 135 142
92 80 70
60 53 50
157 136 117
125 101 80
136 74 76
151 87 78
183 121 90
176 66 90
90 35 26
157 94 60
204 150 109
166 104 59
232 172 128
228 165 116
59 18 5
252 166 60
230 124 52
166 130 112
64 40 36
154 116 86
220 207 166
204 194 183
78 75 76
100 96 94
66 56 50
102 86 72
142 124 109
95 72 54
70 73 77
234 182 138
108 21 32
153 148 143
20 24 29
233 153 65
177 83 44
196 145 110
32 40 46
236 228 188
112 86 60
82 66 52
58 41 30
72 75 79
111 26 30
229 175 133
166 75 100
100 45 32
212 185 166
228 182 141
252 170 61
74 54 48
120 68 36
228 151 74
200 143 96
44 46 61
38 48 52
57 53 53
74 50 32
144 122 98
74 74 74
37 26 16
61 65 75
131 40 52
234 178 136
154 64 88
73 36 20
212 178 158
235 131 53
234 146 38
219 146 85
126 66 36
42 38 45
190 86 40
188 124 79
126 74 52
254 157 68
218 208 200
148 119 92
218 238 250
220 236 248
34 34 36
73 56 43
40 30 22
245 139 172
93 28 26
170 50 89
158 48 91
142 84 41
64 66 71
187 96 58
170 139 119
166 98 66
144 116 91
62 32 6
236 220 202
124 98 56
86 61 68
212 108 134
110 18 36
127 25 38
112 52 52
96 75 53
184 143 124
172 62 16
133 108 104
108 62 46
66 56 46
152 118 88
160 130 106
72 44 21
126 102 42
52 58 66
156 60 94
170 118 60
123 77 64
43 42 45
130 108 88
158 98 58
200 180 157
152 124 81
155 152 148
42 58 69
225 207 168
207 204 198
140 112 71
151 94 106
156 70 92
208 82 122
136 104 74
232 237 237
184 166 148
56 54 50
116 99 84
174 118 105
248 144 64
198 158 132
228 216 171
221 233 241
99 48 26
215 210 200
103 120 113
144 113 86
141 42 65
120 74 58
106 47 28
126 30 30
108 41 16
57 56 66
234 175 130
74 22 0
243 177 128
162 170 172
150 100 56
146 108 84
183 147 120
46 14 6
229 156 90
188 98 60
136 96 71
90 76 79
126 94 60
118 92 62
130 140 148
116 84 57
148 120 100
216 185 156
244 216 177
184 190 192
56 48 42
108 92 82
67 46 28
196 150 130
63 22 24
86 62 42
113 117 120
187 84 109
222 136 146
124 64 44
39 50 68
94 88 90
130 56 8
212 154 111
184 106 70
226 204 158
88 71 55
218 196 166
54 50 48
124 88 60
60 72 78
125 96 77
236 215 154
183 167 112
237 236 232
239 210 174
254 233 203
48 42 38
149 153 156
194 152 131
68 72 72
86 54 54
84 82 84
158 88 90
109 50 32
102 32 32
105 76 55
34 85 109
174 112 66
225 163 112
123 114 102
114 85 61
133 106 88
141 114 80
236 216 142
180 162 102
230 228 225
74 46 25
59 38 22
143 120 102
108 78 54
113 96 84
113 119 125
123 45 67
178 70 97
169 46 72
120 48 40
108 46 8
237 179 134
168 108 64
80 88 91
174 100 40
21 28 32
46 10 0
124 120 119
170 91 58
178 142 120
110 93 81
186 106 66
221 198 154
208 189 147
154 118 89
161 132 106
72 44 22
218 190 163
46 32 24
180 160 100
252 234 202
72 68 64
92 33 29
72 68 76
118 71 67
108 80 58
57 62 68
46 27 12
130 47 58
164 114 95
120 51 38
210 196 171
126 100 74
86 94 94
118 129 130
238 186 142
235 179 138
238 179 135
70 74 82
184 134 102
154 73 38
94 60 37
24 40 54
33 44 50
188 155 122
228 226 226
184 148 114
93 79 72
163 138 114
68 49 30
84 78 42
252 236 205
44 38 36
122 96 76
80 72 80
103 70 70
231 182 135
140 114 91
187 120 90
135 79 60
128 104 79
68 124 145
86 94 94
236 174 133
194 126 70
148 89 55
188 88 42
177 97 58
94 86 93
186 155 121
188 155 122
128 99 72
212 208 202
100 88 74
212 193 172
114 84 56
191 186 139
246 235 190
233 237 241
20 14 12
118 92 70
39 38 42
40 42 45
38 36 39
228 180 134
236 188 144
152 94 52
240 176 134
37 79 110
218 166 119
145 100 68
119 64 34
184 86 40
166 133 119
169 139 110
110 78 58
221 216 209
215 228 234
119 89 60
216 212 135
229 238 239
72 45 26
198 134 109
56 54 64
50 39 36
118 90 66
58 64 69
164 171 174
168 158 150
132 23 46
102 43 45
220 174 140
234 184 142
193 140 100
133 120 108
174 100 44
24 33 44
58 20 8
138 58 22
128 65 38
120 58 31
153 108 90
100 51 29
72 62 54
234 222 179
30 37 54
193 172 128
61 30 8
110 100 88
162 140 118
48 33 18
202 206 204
96 64 60
199 108 62
184 164 156
58 40 28
68 56 48
127 54 72
154 126 106
74 44 24
131 98 104
126 63 33
230 240 244
85 63 48
120 65 56
175 130 138
238 238 236
76 57 24
210 203 150
216 169 179
100 74 78
130 42 59
226 180 136
76 80 76
56 68 86
156 115 83
99 74 50
177 152 122
247 235 164
198 182 118
60 56 53
166 166 169
109 24 44
209 83 122
200 156 122
181 119 66
231 183 137
191 129 85
146 105 70
61 44 40
94 91 90
223 214 154
247 120 163
216 170 128
167 127 94
102 88 74
113 86 64
122 115 50
90 50 31
198 157 120
210 156 110
183 126 76
222 176 131
214 156 109
202 180 158
80 50 28
219 215 138
111 102 58
186 124 74
163 130 102
154 120 88
78 50 28
200 179 159
126 98 56
43 42 44
46 40 38
210 149 99
151 121 94
141 106 74
218 196 170
54 46 32
66 56 38
234 183 134
28 35 48
143 108 73
227 208 189
49 34 17
147 118 88
154 113 82
139 94 69
206 208 213
141 104 112
195 136 84
109 56 28
198 135 85
246 193 146
171 144 94
166 149 98
100 45 58
216 163 174
172 166 162
106 88 68
159 136 110
130 102 81
196 168 140
174 158 100
138 98 67
56 28 9
84 64 49
52 83 111
161 138 115
114 85 51
152 123 82
229 204 178
210 182 156
162 118 122
156 60 78
106 99 84
49 66 88
152 76 19
47 76 102
94 98 102
102 84 65
139 110 70
130 119 64
176 150 133
196 162 129
82 64 45
163 136 92
194 183 162
162 152 129
214 165 122
24 18 15
182 122 76
206 186 153
192 158 121
72 46 24
206 194 170
255 138 180
150 30 63
196 136 86
79 59 42
198 190 148
218 213 156
142 80 30
176 152 125
228 208 187
132 98 63
188 83 114
234 156 76
106 52 25
180 150 124
142 126 110
185 158 136
251 250 173
210 203 124
