15 5453 16316
0 0 -0.252822 -0.292264
1 0 -0.220222 -0.338113
0 1 -0.0847301 -0.292264
1 1 -0.0562054 -0.32283
0 2 -0.236522 -0.280037
1 2 -0.204941 -0.325886
0 3 -0.220222 -0.278
1 3 -0.190679 -0.323849
0 4 0.483726 -0.278
1 4 0.495951 -0.312641
0 5 -0.225316 -0.276981
1 5 -0.195773 -0.32283
0 6 0.477613 -0.273924
1 6 0.489838 -0.308566
0 7 -0.0511117 -0.26883
1 7 -0.0246245 -0.300415
0 8 -0.224297 -0.263736
1 8 -0.194754 -0.310603
0 9 0.451126 -0.260679
1 9 0.463351 -0.29532
0 10 -0.0164746 -0.251509
1 10 0.00797512 -0.283094
0 11 0.424639 -0.249472
1 11 0.437883 -0.285132
0 12 0.428714 -0.249472
1 12 0.441958 -0.285132
0 13 -0.0307369 -0.24234
1 13 -0.00628722 -0.275962
0 14 -0.177435 -0.239283
1 14 -0.149929 -0.285132
0 15 -0.18151 -0.236226
1 15 -0.154004 -0.282075
0 16 0.395096 -0.235208
1 16 0.408339 -0.270868
0 17 0.146523 -0.216868
1 17 0.166898 -0.256604
0 18 -0.0144371 -0.18834
1 18 0.00797512 -0.225019
0 19 0.0140875 -0.174076
1 19 0.035481 -0.210755
0 20 -0.00221227 -0.165925
1 20 0.0191812 -0.203623
0 21 -0.0847301 -0.162868
1 21 -0.0623178 -0.207698
0 22 -0.0643553 -0.153699
1 22 -0.0419431 -0.196491
0 23 -0.022587 -0.110906
1 23 -0.00221227 -0.153699
0 24 0.320728 -0.103774
1 24 0.337028 -0.135359
0 25 0.148561 -0.091548
1 25 0.16588 -0.126189
0 26 0.0915116 -0.0864537
1 26 0.107811 -0.127208
0 27 -0.00119353 -0.077284
1 27 0.0171438 -0.121095
0 28 -0.0368494 -0.0752462
1 28 -0.0185121 -0.123133
0 29 0.00186269 -0.0742274
1 29 0.0202 -0.118038
0 30 0.148561 -0.0721897
1 30 0.166287 -0.106627
0 31 0.035481 -0.0691331
1 31 0.0517809 -0.112944
0 32 0.303409 -0.0579256
1 32 0.319709 -0.0905292
0 33 0.306465 -0.0507936
1 33 0.321543 -0.0846198
0 34 -0.0735239 -0.0456993
1 34 -0.0511117 -0.0864537
0 35 -0.116311 -0.0375484
1 35 -0.09288 -0.0813594
0 36 0.325821 -0.0283786
1 36 0.340084 -0.0640388
0 37 0.128186 -0.0151334
1 37 0.140411 -0.0609822
0 38 0.0477059 -0.0120768
1 38 0.0640057 -0.0569067
0 39 0.315634 0.00218725
1 39 0.328878 -0.0365295
0 40 0.131242 0.00728156
1 40 0.144282 -0.0357144
0 41 -0.105105 0.0103381
1 41 -0.0847301 -0.0375484
0 42 0.0741931 0.0174702
1 42 0.0904929 -0.0222654
0 43 0.250435 0.0256211
1 43 0.266735 -0.0069825
0 44 -0.0837113 0.0378474
1 44 -0.065374 -0.0141145
0 45 0.286091 0.0510926
1 45 0.298315 0.0123759
0 46 0.275903 0.0541492
1 46 0.289147 0.0154325
0 47 0.292203 0.0643378
1 47 0.304428 0.0256211
0 48 -0.0918612 0.070451
1 48 0.0257012 0.266276
0 49 0.284053 0.0724887
1 49 0.296278 0.0327531
0 50 0.292203 0.0836962
1 50 0.304428 0.0449794
0 51 0.294241 0.0898094
1 51 0.305447 0.0490549
0 52 -0.0317557 0.106111
1 52 -0.0164746 0.0541492
0 53 -0.0236058 0.106111
1 53 -0.00832469 0.0551681
0 54 -0.026662 0.108149
1 54 -0.0123996 0.0561869
0 55 -0.0205496 0.109168
1 55 -0.00526848 0.0582247
0 56 -0.0297182 0.110187
1 56 -0.0144371 0.0592435
0 57 -0.0246245 0.111205
1 57 -0.0103622 0.0602624
0 58 0.228023 0.127507
1 58 0.237191 0.0796207
0 59 0.232098 0.131583
1 59 0.241266 0.0836962
0 60 0.322765 0.13362
1 60 0.329896 0.0836962
0 61 -0.0704677 0.147884
1 61 -0.0521304 0.103055
0 62 0.341102 0.148903
1 62 0.347215 0.0979603
0 63 -0.0307369 0.15196
1 63 -0.0158633 0.099998
0 64 -0.0236058 0.152979
1 64 -0.00934343 0.101017
0 65 0.346196 0.152979
1 65 0.352309 0.102036
0 66 -0.0643553 0.153998
1 66 -0.046018 0.110187
0 67 -0.0602803 0.158073
1 67 -0.0429618 0.112224
0 68 0.222929 0.158073
1 68 0.231079 0.109779
0 69 0.25451 0.167243
1 69 0.265716 0.126488
0 70 0.22191 0.170299
1 70 0.231079 0.123228
0 71 -0.0643553 0.172337
1 71 -0.046018 0.128526
0 72 0.365552 0.172337
1 72 0.370646 0.120375
0 73 -0.0704677 0.174375
1 73 -0.0525379 0.130564
0 74 -0.0612991 0.175394
1 74 -0.0439805 0.130564
0 75 -0.0612991 0.181507
1 75 -0.0439805 0.136677
0 76 0.338046 0.185582
1 76 0.34314 0.132602
0 77 -0.0623178 0.186601
1 77 -0.0449993 0.14279
0 78 0.0527996 0.18762
1 78 0.0640057 0.134639
0 79 -0.0592616 0.189658
1 79 -0.0419431 0.145847
0 80 0.216816 0.190677
1 80 0.227004 0.144828
0 81 -0.0511117 0.19679
1 81 -0.0337931 0.152979
0 82 0.384908 0.19679
1 82 0.388983 0.143809
0 83 0.239229 0.206978
1 83 0.250639 0.167243
0 84 0.0507621 0.207997
1 84 0.0619682 0.156035
0 85 0.199498 0.207997
1 85 0.208667 0.16113
0 86 0.058912 0.209016
1 86 0.0697107 0.157462
0 87 0.363515 0.209016
1 87 0.36759 0.155017
0 88 0.233116 0.211054
1 88 0.243304 0.170911
0 89 0.240247 0.211054
1 89 0.251454 0.171318
0 90 0.0263124 0.213092
1 90 0.0385373 0.162149
0 91 0.207648 0.213092
1 91 0.217835 0.167243
0 92 0.401208 0.224299
1 92 0.404264 0.170299
0 93 0.0578933 0.230412
1 93 0.0690994 0.180488
0 94 0.0599308 0.23245
1 94 0.0711369 0.181507
0 95 0.175048 0.236525
1 95 0.184624 0.18925
0 96 -0.0164746 0.245695
1 96 -0.000174789 0.201884
0 97 0.196442 0.255884
1 97 0.206629 0.213092
0 98 0.192367 0.256903
1 98 0.202554 0.214111
0 99 -0.0337931 0.259959
1 99 -0.0174933 0.218186
0 100 0.058912 0.259959
1 100 0.0701181 0.211054
0 101 0.18931 0.259959
1 101 0.199294 0.216148
0 102 0.369627 0.264035
1 102 0.374721 0.214111
0 103 0.368608 0.270148
1 103 0.373702 0.219205
0 104 0.37574 0.270148
1 104 0.380833 0.219205
0 105 0.406302 0.270148
1 105 0.410377 0.217167
0 106 0.204592 0.273204
1 106 0.216409 0.233265
0 107 -0.00832469 0.275242
1 107 0.00593764 0.231431
0 108 -0.00221227 0.280337
1 108 0.0120501 0.237544
0 109 0.182179 0.284412
1 109 0.192367 0.243658
0 110 0.062987 0.289506
1 110 0.0746006 0.241824
0 111 0.0640057 0.293582
1 111 0.0746006 0.246714
0 112 0.0049189 0.305808
1 112 0.0181625 0.263016
0 113 0.0660432 0.317016
1 113 0.0772493 0.272186
0 114 -0.0941024 -0.326701
1 114 -0.0647628 -0.353599
0 115 -0.0806551 -0.315698
1 115 -0.0521304 -0.344226
0 116 -0.261583 -0.314475
1 116 -0.227353 -0.35849
0 117 -0.0745426 -0.298581
1 117 -0.0464255 -0.329147
0 118 -0.0843225 -0.292468
1 118 -0.0562054 -0.323033
0 119 -0.240801 -0.280241
1 119 -0.210728 -0.327435
0 120 0.479243 -0.276573
1 120 0.491876 -0.310603
0 121 -0.047648 -0.26557
1 121 -0.0219757 -0.297358
0 122 -0.224908 -0.264347
1 122 -0.195569 -0.310807
0 123 0.454794 -0.260679
1 123 0.467426 -0.29532
0 124 -0.210239 -0.252121
1 124 -0.180899 -0.298581
0 125 -0.0170858 -0.252121
1 125 0.0073639 -0.283909
0 126 -0.212684 -0.249675
1 126 -0.184566 -0.297358
0 127 -0.0317557 -0.243562
1 127 -0.00730596 -0.276573
0 128 -0.180899 -0.236226
1 128 -0.154004 -0.282687
0 129 0.399782 -0.236226
1 129 0.411395 -0.271887
0 130 0.00247397 -0.230113
1 130 0.0254567 -0.26288
0 131 -0.180899 -0.225223
1 131 -0.154004 -0.272905
0 132 -0.185789 -0.224
1 132 -0.158894 -0.271683
0 133 -0.156449 -0.214219
1 133 -0.130573 -0.25966
0 134 0.0208113 -0.205661
1 134 0.0415935 -0.24234
0 135 0.00247397 -0.197102
1 135 0.0244787 -0.232559
0 136 -0.0134184 -0.186098
1 136 0.0085864 -0.224
0 137 -0.0121959 -0.181208
1 137 0.00980889 -0.21911
0 138 -0.00241596 -0.165314
1 138 0.0183663 -0.204438
0 139 0.00125147 -0.162868
1 139 0.0212187 -0.203623
0 140 0.00247397 -0.157978
1 140 0.0232562 -0.197102
0 141 0.0342586 -0.149419
1 141 0.0538183 -0.188544
0 142 -0.0745426 -0.143306
1 142 -0.0531492 -0.18834
0 143 0.149172 -0.109072
1 143 0.166287 -0.14404
0 144 0.083158 -0.105405
1 144 0.10068 -0.14351
0 145 -0.0170858 -0.0968461
1 145 0.00247397 -0.140861
0 146 -0.0219757 -0.0944008
1 146 -0.00241596 -0.138416
0 147 0.149172 -0.0919556
1 147 0.166287 -0.126189
0 148 0.0061414 -0.087065
1 148 0.0252937 -0.129246
0 149 -0.00119353 -0.077284
1 149 0.0171438 -0.121299
0 150 0.00125147 -0.0748387
1 150 0.0195888 -0.118854
0 151 -0.118552 -0.0650576
1 151 -0.0941024 -0.106627
0 152 0.0525959 -0.0589445
1 152 0.0711369 -0.0986801
0 153 -0.120997 -0.0406049
1 153 -0.0969549 -0.084416
0 154 -0.116107 -0.0381597
1 154 -0.0928799 -0.0821745
0 155 -0.109995 -0.0357144
1 155 -0.0867675 -0.0803406
0 156 0.32521 -0.0283786
1 156 0.33988 -0.063835
0 157 -0.100215 -0.0247107
1 157 -0.0786176 -0.0701519
0 158 -0.0207532 -0.0222654
1 158 0.0049189 -0.0516086
0 159 0.12839 -0.0161522
1 159 0.139881 -0.0633459
0 160 0.0489284 -0.0112617
1 160 0.0648208 -0.0564992
0 161 0.13328 0.0144136
1 161 0.148683 -0.0243194
0 162 0.0733781 0.0168589
1 162 0.0900039 -0.0237326
0 163 0.168732 0.0180815
1 163 0.185236 -0.0171711
0 164 0.255529 0.0339758
1 164 0.271421 0.000964636
0 165 0.283646 0.0413116
1 165 0.295871 0.00218728
0 166 0.262863 0.0486474
1 166 0.277941 0.0123759
0 167 0.264086 0.0523153
1 167 0.278959 0.0154325
0 168 0.268976 0.0669869
1 168 0.281201 0.0278626
0 169 0.283646 0.0718774
1 169 0.295871 0.0327531
0 170 0.275088 0.0743227
1 170 0.288128 0.0358097
0 171 0.234746 0.0804359
1 171 0.245749 0.036421
0 172 0.238414 0.0828811
1 172 0.248194 0.0376437
0 173 0.292203 0.0828811
1 173 0.303205 0.0437568
0 174 0.262863 0.086549
1 174 0.274885 0.0449794
0 175 0.276311 0.0902169
1 175 0.287313 0.0486474
0 176 0.272643 0.0914396
1 176 0.284868 0.04987
0 177 -0.0268657 0.107334
1 177 -0.0121959 0.0559832
0 178 -0.0293107 0.109779
1 178 -0.0146408 0.0584284
0 179 -0.0244207 0.109779
1 179 -0.00975089 0.0584284
0 180 -0.0342006 0.111002
1 180 -0.0195308 0.0584284
0 181 -0.0207532 0.11467
1 181 -0.00628722 0.0623001
0 182 -0.0146408 0.117115
1 182 -0.000174789 0.0653567
0 183 -0.0378681 0.124451
1 183 -0.0231982 0.0706548
0 184 -0.0647628 0.129341
1 184 -0.047648 0.0779906
0 185 0.232301 0.130564
1 185 0.240859 0.0828811
0 186 0.317875 0.130564
1 186 0.324803 0.0816585
0 187 0.169954 0.133009
1 187 0.177289 0.0792132
0 188 0.156507 0.1379
1 188 0.166287 0.0877717
0 189 0.171177 0.139122
1 189 0.178512 0.0853264
0 190 0.233524 0.145235
1 190 0.242081 0.0963301
0 191 -0.0623178 0.147681
1 191 -0.0449585 0.100976
0 192 0.156507 0.147681
1 192 0.163353 0.0936403
0 193 0.33988 0.147681
1 193 0.345992 0.0963301
0 194 -0.0354231 0.150126
1 194 -0.0207532 0.0975528
0 195 -0.0684302 0.151349
1 195 -0.050093 0.107334
0 196 -0.0268657 0.151349
1 196 -0.0121959 0.099998
0 197 -0.0231982 0.152571
1 197 -0.00852839 0.101221
0 198 -0.0610953 0.157462
1 198 -0.042758 0.112224
0 199 0.00980889 0.158684
1 199 0.0220338 0.104889
0 200 0.261641 0.162352
1 200 0.272643 0.120783
0 201 0.0513734 0.169688
1 201 0.0623758 0.115892
0 202 -0.0647628 0.172133
1 202 -0.0464255 0.128119
0 203 0.365552 0.172133
1 203 0.370442 0.11956
0 204 -0.0610953 0.175801
1 204 -0.0439805 0.131786
0 205 0.367997 0.175801
1 205 0.372683 0.123432
0 206 -0.0134184 0.18925
1 206 2.89711e-05 0.139122
0 207 0.382667 0.192918
1 207 0.387557 0.140345
0 208 -0.0586503 0.194141
1 208 -0.0415355 0.150126
0 209 -0.0513154 0.196586
1 209 -0.0342006 0.152571
0 210 0.242081 0.203922
1 210 0.254306 0.164064
0 211 0.0770456 0.206367
1 211 0.0868255 0.153794
0 212 0.199294 0.20759
1 212 0.209074 0.16113
0 213 0.0269237 0.21248
1 213 0.0391485 0.16113
0 214 0.231079 0.217371
1 214 0.24257 0.177268
0 215 0.0525959 0.225929
1 215 0.0635983 0.175801
0 216 -0.0439805 0.23082
1 216 -0.0268657 0.188028
0 217 0.0599308 0.232043
1 217 0.0709332 0.180692
0 218 0.201739 0.232043
1 218 0.211519 0.188028
0 219 0.0550408 0.247937
1 219 0.0660432 0.197809
0 220 0.205407 0.247937
1 220 0.216164 0.206612
0 221 -0.00975089 0.250382
1 221 0.0049189 0.205145
0 222 0.188292 0.260163
1 222 0.198561 0.215415
0 223 -0.0329781 0.261386
1 223 -0.0170858 0.218594
0 224 0.0635983 0.261386
1 224 0.0746006 0.21248
0 225 0.0599308 0.265054
1 225 0.0709332 0.217371
0 226 0.375332 0.269944
1 226 0.380222 0.218594
0 227 0.377777 0.271167
1 227 0.382667 0.219816
0 228 0.200517 0.276057
1 228 0.213231 0.238889
0 229 0.185847 0.283393
1 229 0.197094 0.241824
0 230 0.178512 0.284616
1 230 0.189759 0.241824
0 231 0.00980889 0.311514
1 231 0.0239897 0.2697
0 232 -0.0757651 -0.301026
1 232 -0.0464255 -0.328902
0 233 -0.240067 -0.280486
1 233 -0.209016 -0.325886
0 234 0.483155 -0.279019
1 234 0.495136 -0.313252
0 235 0.489023 -0.277551
1 235 0.500759 -0.312763
0 236 0.480221 -0.276084
1 236 0.491957 -0.311296
0 237 -0.212195 -0.270216
1 237 -0.182855 -0.315698
0 238 -0.198992 -0.265814
1 238 -0.169897 -0.309584
0 239 0.450882 -0.259946
1 239 0.463351 -0.294913
0 240 -0.213662 -0.251143
1 240 -0.184566 -0.297358
0 241 -0.219529 -0.249675
1 241 -0.190679 -0.297358
0 242 -0.0317557 -0.243807
1 242 -0.0082839 -0.279019
0 243 -0.179921 -0.236471
1 243 -0.153515 -0.28342
0 244 -0.169652 -0.235004
1 244 -0.143002 -0.280241
0 245 -0.166718 -0.235004
1 245 -0.138845 -0.279019
0 246 -0.193124 -0.226201
1 246 -0.165251 -0.27315
0 247 -0.156449 -0.214464
1 247 -0.130044 -0.259946
0 248 -0.168185 -0.205661
1 248 -0.141779 -0.25261
0 249 0.00345192 -0.196858
1 249 0.0254567 -0.232069
0 250 -0.0141518 -0.188055
1 250 0.00785287 -0.224734
0 251 -0.0112179 -0.180719
1 251 0.00931986 -0.220332
0 252 -0.00241596 -0.166047
1 252 0.0181218 -0.205661
0 253 0.00198493 -0.163113
1 253 0.0225227 -0.201259
0 254 -0.0684302 -0.136704
1 254 -0.0478924 -0.182186
0 255 0.0195888 -0.132303
1 255 0.0474614 -0.155777
0 256 -0.0464255 -0.116164
1 256 -0.0258877 -0.160179
0 257 -0.0434915 -0.113229
1 257 -0.0229538 -0.157244
0 258 0.0694662 -0.113229
1 258 0.0900039 -0.146974
0 259 -0.0566944 -0.0970906
1 259 -0.0376235 -0.145507
0 260 -0.0214868 -0.0941563
1 260 -0.00241596 -0.139638
0 261 0.148683 -0.091222
1 261 0.166287 -0.126434
0 262 -0.0082839 -0.0897548
1 262 0.0107868 -0.13377
0 263 0.0914709 -0.0882877
1 263 0.107608 -0.127901
0 264 -0.0376235 -0.0765504
1 264 -0.0185528 -0.1235
0 265 0.299783 -0.0692146
1 265 0.315919 -0.101492
0 266 0.0107868 -0.0677474
1 266 0.0283907 -0.111762
0 267 -0.122709 -0.0662802
1 267 -0.0977699 -0.106627
0 268 0.0151878 -0.0633459
1 268 0.0330361 -0.106627
0 269 0.0518624 -0.0604116
1 269 0.0709332 -0.0992914
0 270 -0.109506 -0.0354699
1 270 -0.087501 -0.0794847
0 271 -0.124176 -0.0340027
1 271 -0.100704 -0.0780176
0 272 -0.0786991 -0.0178639
1 272 -0.0572811 -0.0612919
0 273 0.00785287 -0.0149296
1 273 0.0293686 -0.0491634
0 274 -0.088968 0.00854497
1 274 -0.0647628 -0.0296012
0 275 0.310051 0.00854497
1 275 0.323254 -0.0296012
0 276 0.264575 0.0510926
1 276 0.278756 0.0144136
0 277 0.285113 0.0510926
1 277 0.298316 0.0119683
0 278 0.277778 0.0569613
1 278 0.290981 0.0188151
0 279 0.268976 0.0672314
1 279 0.282179 0.0276181
0 280 0.274844 0.0745672
1 280 0.288047 0.0349539
0 281 0.274844 0.0804359
1 281 0.287313 0.0400889
0 282 0.239636 0.0833702
1 282 0.249905 0.0393553
0 283 0.27191 0.0848373
1 283 0.283646 0.0449795
0 284 0.264575 0.0863045
1 284 0.276311 0.0437568
0 285 0.276311 0.0892388
1 285 0.288047 0.0481583
0 286 -0.0273547 0.108312
1 286 -0.0126849 0.0554941
0 287 -0.0346896 0.111246
1 287 -0.0200198 0.0584284
0 288 -0.0214868 0.114181
1 288 -0.00730596 0.0620963
0 289 -0.0552274 0.127385
1 289 -0.040313 0.0731
0 290 0.180957 0.130319
1 290 0.188292 0.0789687
0 291 0.252839 0.130319
1 291 0.260174 0.0804359
0 292 0.170688 0.133254
1 292 0.178023 0.0789687
0 293 0.145749 0.136188
1 293 0.148191 0.0711752
0 294 0.0577303 0.139122
1 294 0.0684882 0.0853264
0 295 0.157485 0.139122
1 295 0.166287 0.0877717
0 296 0.233768 0.144991
1 296 0.24257 0.0965746
0 297 -0.0625623 0.147925
1 297 -0.0449585 0.100683
0 298 -0.0346896 0.15086
1 298 -0.0200198 0.0980418
0 299 -0.0302887 0.152327
1 299 -0.0156188 0.099509
0 300 -0.0258877 0.152327
1 300 -0.0126849 0.099509
0 301 0.298316 0.155261
1 301 0.304183 0.10391
0 302 0.261641 0.162597
1 302 0.27367 0.12181
0 303 0.0474614 0.165531
1 303 0.0577303 0.111246
0 304 0.222032 0.168466
1 304 0.231421 0.12181
0 305 -0.0610953 0.175801
1 305 -0.0434915 0.131786
0 306 0.15015 0.175801
1 306 0.157485 0.12181
0 307 0.0885369 0.183137
1 307 0.0976323 0.130613
0 308 -0.0493594 0.184604
1 308 -0.0317557 0.140589
0 309 -0.0625623 0.186071
1 309 -0.0449585 0.142057
0 310 -0.0552274 0.199276
1 310 -0.0376235 0.153794
0 311 -0.0493594 0.200743
1 311 -0.0332227 0.156728
0 312 0.24257 0.203677
1 312 0.254306 0.164064
0 313 0.200028 0.208079
1 313 0.20883 0.16113
0 314 0.0269237 0.21248
1 314 0.0386595 0.16113
0 315 0.0518624 0.225685
1 315 0.0635983 0.175801
0 316 0.233768 0.230086
1 316 0.245504 0.190473
0 317 0.205896 0.247692
1 317 0.217338 0.206318
0 318 0.0635983 0.249159
1 318 0.0738672 0.199276
0 319 0.195627 0.249159
1 319 0.205896 0.205145
0 320 -0.0332227 0.260897
1 320 -0.0170858 0.218349
0 321 0.368731 0.2697
1 321 0.373132 0.218349
0 322 0.405405 0.2697
1 322 0.409806 0.216882
0 323 0.405405 0.274101
1 323 0.409562 0.221039
0 324 0.182424 0.282904
1 324 0.192693 0.24153
0 325 0.178023 0.288773
1 325 0.189172 0.246812
0 326 -0.261485 -0.314817
1 326 -0.228038 -0.358832
0 327 -0.240361 -0.297211
1 327 -0.208674 -0.342987
0 328 -0.0836868 -0.29193
1 328 -0.0566944 -0.323033
0 329 0.484916 -0.279605
1 329 0.496358 -0.312763
0 330 -0.226278 -0.277845
1 330 -0.196351 -0.32362
0 331 -0.220996 -0.277845
1 331 -0.19107 -0.32362
0 332 -0.208674 -0.251436
1 332 -0.179921 -0.298092
0 333 -0.175227 -0.246154
1 333 -0.14706 -0.290169
0 334 -0.0326358 -0.244394
1 334 -0.00799048 -0.277845
0 335 0.00257177 -0.230309
1 335 0.0254567 -0.26376
0 336 -0.148821 -0.223266
1 336 -0.122415 -0.267281
0 337 -0.161144 -0.217985
1 337 -0.134738 -0.26376
0 338 0.0148944 -0.216224
1 338 0.0377794 -0.249675
0 339 0.0201756 -0.207421
1 339 0.0413001 -0.242633
0 340 0.0219359 -0.165167
1 340 0.0430605 -0.202139
0 341 0.00081143 -0.163406
1 341 0.0219359 -0.202139
0 342 -0.0942491 -0.138758
1 342 -0.0731245 -0.186294
0 343 -0.0555207 -0.0965038
1 343 -0.0361566 -0.14404
0 344 -0.118894 -0.0648131
1 344 -0.0942491 -0.107067
0 345 0.0518624 -0.0595313
1 345 0.0694662 -0.101786
0 346 0.314159 -0.0542495
1 346 0.330002 -0.0877008
0 347 -0.110093 -0.034883
1 347 -0.0872076 -0.0788978
0 348 0.326482 -0.034883
1 348 0.340565 -0.0700949
0 349 0.22614 -0.0296012
1 349 0.244037 -0.0604116
0 350 -0.0995302 -0.0207982
1 350 -0.0784057 -0.0665737
0 351 0.0483417 -0.0119953
1 351 0.0635983 -0.0574773
0 352 -0.0678434 0.012653
1 352 -0.0449585 -0.0243194
0 353 0.261348 0.0249772
1 353 0.279245 -0.00612663
0 354 0.263108 0.0425831
1 354 0.277778 0.00707781
0 355 0.266629 0.0601891
1 355 0.278951 0.0196954
0 356 0.266629 0.0672314
1 356 0.280712 0.0284984
0 357 0.291274 0.0813162
1 357 0.303597 0.0425831
0 358 0.169808 0.128852
1 358 0.17861 0.077795
0 359 0.229661 0.130613
1 359 0.238463 0.0813162
0 360 0.245504 0.130613
1 360 0.254306 0.0830768
0 361 0.252546 0.130613
1 361 0.259587 0.0813162
0 362 0.31768 0.130613
1 362 0.324721 0.0813162
0 363 0.213817 0.135895
1 363 0.222619 0.086598
0 364 0.171568 0.137655
1 364 0.17861 0.0848374
0 365 -0.0308754 0.1535
1 365 -0.0167924 0.100683
0 366 0.293034 0.1535
1 366 0.299783 0.102443
0 367 -0.0608019 0.157022
1 367 -0.0431981 0.113007
0 368 0.00961328 0.158782
1 368 0.0219359 0.104204
0 369 -0.0643226 0.172867
1 369 -0.0467188 0.128852
0 370 -0.0696038 0.174628
1 370 -0.052 0.130613
0 371 0.150444 0.176388
1 371 0.157485 0.12357
0 372 0.166287 0.179909
1 372 0.174385 0.127796
0 373 -0.0502396 0.183431
1 373 -0.0326358 0.139416
0 374 -0.0625623 0.186952
1 374 -0.0449585 0.142937
0 375 0.340565 0.186952
1 375 0.345846 0.134134
0 376 0.241983 0.188712
1 376 0.252546 0.148923
0 377 -0.0590415 0.193994
1 377 -0.0414377 0.148219
0 378 0.241983 0.204558
1 378 0.252546 0.163712
0 379 0.199734 0.208079
1 379 0.208536 0.160543
0 380 0.0272171 0.213361
1 380 0.0377794 0.160543
0 381 0.233182 0.230967
1 381 0.245504 0.190473
0 382 -0.0431981 0.232727
1 382 -0.0273547 0.188712
0 383 0.229661 0.234488
1 383 0.241983 0.193994
0 384 0.197974 0.255615
1 384 0.208184 0.212304
0 385 -0.00623014 0.276742
1 385 0.00750088 0.233432
0 386 0.182131 0.282024
1 386 0.193397 0.23977
0 387 0.0201756 0.315475
1 387 0.0342586 0.273221
0 388 -0.239656 -0.275732
1 388 -0.208674 -0.32186
0 389 -0.0495354 -0.267281
1 389 -0.0238339 -0.298972
0 390 -0.19952 -0.265169
1 390 -0.169945 -0.309536
0 391 -0.222757 -0.254605
1 391 -0.193182 -0.301085
0 392 -0.216419 -0.25038
1 392 -0.186845 -0.296859
0 393 -0.176283 -0.246154
1 393 -0.148821 -0.290521
0 394 -0.16572 -0.233478
1 394 -0.138259 -0.277845
0 395 -0.148821 -0.222914
1 395 -0.123471 -0.267281
0 396 -0.159383 -0.216576
1 396 -0.131921 -0.260943
0 397 -0.121359 -0.184886
1 397 -0.0977699 -0.230309
0 398 0.0222881 -0.163758
1 398 0.0413002 -0.2039
0 399 -0.0960094 -0.140519
1 399 -0.0748849 -0.186998
0 400 -0.07066 -0.138406
1 400 -0.0495354 -0.182773
0 401 -0.0748849 -0.117279
1 401 -0.0537603 -0.163758
0 402 0.0708745 -0.106715
1 402 0.0877742 -0.146857
0 403 0.0898867 -0.0898135
1 403 0.106786 -0.129955
0 404 0.275783 -0.0665736
1 404 0.292682 -0.0982643
0 405 0.315919 -0.0475592
1 405 0.330707 -0.0813626
0 406 -0.125584 -0.0327702
1 406 -0.102347 -0.0771372
0 407 0.0201756 -0.0158686
1 407 0.0430605 -0.0489677
0 408 -0.093897 -0.00319228
1 408 -0.07066 -0.0454465
0 409 0.258883 0.0369493
1 409 0.275431 0.00385008
0 410 0.284233 0.0728653
1 410 0.296907 0.0348365
0 411 0.27367 0.0792035
1 411 0.287753 0.0408225
0 412 0.233534 0.0813162
1 412 0.244096 0.0369493
0 413 0.256771 0.0918798
1 413 0.267333 0.0475128
0 414 0.29902 0.0918798
1 414 0.312985 0.0540269
0 415 0.286345 0.106669
1 415 0.296907 0.0623018
0 416 -0.024186 0.113007
1 416 -0.00939877 0.0601891
0 417 0.14481 0.125683
1 417 0.15326 0.0749781
0 418 0.244096 0.129909
1 418 0.252546 0.0834289
0 419 0.17016 0.134134
1 419 0.176497 0.0792035
0 420 0.225084 0.134134
1 420 0.233534 0.0855416
0 421 -0.0748849 0.138359
1 421 -0.0647451 0.0711752
0 422 0.0624247 0.138359
1 422 0.0729869 0.0848374
0 423 0.326482 0.138359
1 423 0.333523 0.0883586
0 424 0.157485 0.142585
1 424 0.165935 0.0918798
0 425 0.163823 0.142585
1 425 0.172272 0.0918798
0 426 0.142698 0.144698
1 426 0.150725 0.0914573
0 427 0.233534 0.144698
1 427 0.241983 0.0961052
0 428 -0.0220735 0.153148
1 428 -0.0064413 0.104134
0 429 0.208184 0.159487
1 429 0.216634 0.110894
0 430 0.220859 0.167937
1 430 0.229309 0.119345
0 431 0.214522 0.172163
1 431 0.222971 0.12357
0 432 0.364506 0.172163
1 432 0.368731 0.119345
0 433 -0.07066 0.174276
1 433 -0.0516479 0.129909
0 434 -0.0600977 0.178501
1 434 -0.0431981 0.134134
0 435 -0.0643226 0.184839
1 435 -0.0453105 0.142585
0 436 -0.0495354 0.184839
1 436 -0.0326358 0.140472
0 437 0.0581998 0.189065
1 437 0.0687621 0.136247
0 438 -0.0600977 0.19329
1 438 -0.0431981 0.148923
0 439 -0.0537603 0.199628
1 439 -0.0368607 0.155261
0 440 0.0603123 0.210192
1 440 0.0708745 0.159487
0 441 -0.0368607 0.23977
1 441 -0.019961 0.197515
0 442 0.193397 0.252446
1 442 0.203959 0.208079
0 443 0.0645372 0.263009
1 443 0.0750995 0.214417
0 444 -0.0284109 0.269348
1 444 -0.0115112 0.229206
0 445 0.379293 0.269348
1 445 0.383518 0.218642
0 446 0.201847 0.273573
1 446 0.214099 0.235967
0 447 0.391968 0.273573
1 447 0.396193 0.222868
0 448 -0.221912 -0.27869
1 448 -0.191492 -0.324325
0 449 -0.219377 -0.253337
1 449 -0.188957 -0.298972
0 450 -0.206702 -0.248267
1 450 -0.178818 -0.296437
0 451 -0.181353 -0.217844
1 451 -0.155158 -0.265169
0 452 0.0315829 -0.151927
1 452 0.0518625 -0.189956
0 453 -0.0470004 -0.136716
1 453 -0.0267209 -0.179815
0 454 -0.0748848 -0.116434
1 454 -0.0546053 -0.164603
0 455 0.148191 -0.0682638
1 455 0.166442 -0.109335
0 456 0.0113034 -0.0657285
1 456 0.029048 -0.108828
0 457 0.0493275 -0.060658
1 457 0.0670722 -0.101222
0 458 -0.0926295 -0.00488241
1 458 -0.069815 -0.0454465
0 459 0.241984 0.0179349
1 459 0.259728 -0.0124882
0 460 0.231844 0.0204701
1 460 0.246208 -0.0158686
0 461 0.138051 0.0534285
1 461 0.148191 0.00323043
0 462 0.267333 0.0661047
1 462 0.280008 0.0263857
0 463 0.274938 0.0813163
1 463 0.286345 0.0411747
0 464 0.262263 0.0838515
1 464 0.274938 0.0432874
0 465 0.300287 0.0939925
1 465 0.312399 0.0531467
0 466 -0.0596752 0.0965278
1 466 -0.0464934 0.0366958
0 467 0.305357 0.12188
1 467 0.311694 0.0728653
0 468 0.17861 0.129486
1 468 0.186215 0.078781
0 469 0.244518 0.132021
1 469 0.252123 0.0838515
0 470 -0.0495354 0.134557
1 470 -0.0343257 0.0813163
0 471 0.150725 0.144698
1 471 0.15833 0.0914573
0 472 0.264798 0.152303
1 472 0.275952 0.109711
0 473 0.343381 0.152303
1 473 0.348451 0.099063
0 474 -0.06728 0.157374
1 474 -0.0525773 0.103626
0 475 -0.0647451 0.172585
1 475 -0.0470004 0.126951
0 476 0.0518625 0.185262
1 476 0.0620023 0.132021
0 477 0.0594673 0.190332
1 477 0.0696072 0.137092
0 478 -0.0546053 0.200473
1 478 -0.0368606 0.154839
0 479 0.0620023 0.210614
1 479 0.0721421 0.159909
0 480 0.214099 0.210614
1 480 0.224239 0.16498
0 481 -0.0444655 0.233432
1 481 -0.0282418 0.188811
0 482 -0.0368606 0.241037
1 482 -0.021651 0.197938
0 483 -0.0419306 0.251178
1 483 -0.0251998 0.207065
0 484 0.368731 0.268925
1 484 0.373801 0.21822
0 485 0.378871 0.268925
1 485 0.383941 0.21822
0 486 0.391545 0.273996
1 486 0.396615 0.223291
0 487 0.376336 0.276531
1 487 0.381406 0.225826
0 488 0.0138383 0.312024
1 488 0.0265131 0.268925
0 489 0.0645372 0.31963
1 489 0.075184 0.273996
0 490 -0.177297 -0.246239
1 490 -0.149919 -0.291873
0 491 -0.0343256 -0.246239
1 491 -0.0089762 -0.27869
0 492 -0.171213 -0.240154
1 492 -0.143328 -0.28376
0 493 -0.192506 -0.224943
1 493 -0.166143 -0.273619
0 494 -0.067787 -0.151927
1 494 -0.0464934 -0.197562
0 495 -0.1195 -0.0637003
1 495 -0.0951644 -0.106293
0 496 0.123855 -0.0515311
1 496 0.139065 -0.0910811
0 497 0.324623 -0.0363196
1 497 0.339833 -0.0697849
0 498 -0.125584 -0.0332772
1 498 -0.101248 -0.0758695
0 499 0.269868 0.0914573
1 499 0.280008 0.0483579
0 500 0.160358 0.12188
1 500 0.166442 0.0671189
0 501 0.202945 0.124923
1 501 0.212071 0.0762458
0 502 -0.0525773 0.127965
1 502 -0.037976 0.0744204
0 503 0.227281 0.127965
1 503 0.236407 0.0792881
0 504 0.224239 0.13405
1 504 0.233365 0.0853727
0 505 0.251616 0.137092
1 505 0.260742 0.0914573
0 506 0.242491 0.204023
1 506 0.25405 0.162039
0 507 0.215113 0.207065
1 507 0.224847 0.162039
0 508 0.236407 0.210107
1 508 0.246749 0.16934
0 509 0.0812679 0.21315
1 509 0.0903937 0.16143
0 510 0.236407 0.222276
1 510 0.248574 0.182726
0 511 -0.0464934 0.231403
1 511 -0.0306753 0.187594
0 512 0.19382 0.237488
1 512 0.202945 0.191245
0 513 -0.0434515 0.249657
1 513 -0.027025 0.205848
0 514 0.412839 0.267911
1 514 0.416895 0.215685
0 515 -0.205891 -0.246847
1 515 -0.177297 -0.294916
0 516 0.148191 -0.228593
1 516 0.166442 -0.26145
0 517 0.14454 -0.130023
1 517 0.159142 -0.170181
0 518 0.0459814 -0.0643087
1 518 0.0642331 -0.104467
0 519 0.2577 0.0379127
1 519 0.272302 0.00140504
0 520 0.286903 0.0452143
1 520 0.300287 0.00779385
0 521 0.261351 0.048865
1 521 0.275952 0.0123573
0 522 0.265001 0.0634681
1 522 0.278994 0.0245266
0 523 0.275952 0.0707696
1 523 0.28812 0.0306112
0 524 0.2504 0.0817219
1 524 0.261351 0.0379127
0 525 0.265001 0.0817219
1 525 0.275952 0.0379127
0 526 0.2577 0.0890235
1 526 0.268651 0.0452143
0 527 -0.0233747 0.154737
1 527 -0.00877338 0.103626
0 528 0.0386808 0.16569
1 528 0.119344 0.272634
0 529 0.086135 0.180293
1 529 0.097086 0.129182
0 530 -0.0562276 0.198546
1 530 -0.037976 0.154737
0 531 -0.0525773 0.209499
1 531 -0.0343256 0.16569
0 532 0.0642331 0.209499
1 532 0.075184 0.158388
0 533 -0.0525773 0.2168
1 533 -0.0343256 0.172991
0 534 0.0642331 0.231403
1 534 0.075184 0.180293
0 535 0.0569324 0.26061
1 535 0.0678834 0.209499
0 536 -0.0806551 -0.315698
2 536 -0.0818776 -0.325479
0 537 -0.0643553 -0.300415
2 537 -0.0684302 -0.311622
2 2 -0.249766 -0.303471
2 3 -0.235503 -0.301434
2 5 -0.240597 -0.300415
0 538 -0.213091 -0.270868
2 538 -0.227353 -0.294302
0 539 -0.211054 -0.252528
2 539 -0.227353 -0.276981
0 540 -0.0337931 -0.245396
2 540 -0.0449993 -0.262717
2 14 -0.195773 -0.264755
0 541 -0.167248 -0.232151
2 541 -0.186604 -0.258641
0 542 -0.192716 -0.227057
2 542 -0.211054 -0.253547
0 543 -0.0847301 -0.172038
2 543 -0.106124 -0.199547
0 544 -0.0949174 -0.138416
2 544 -0.121405 -0.171019
0 545 -0.046018 -0.137397
2 545 -0.0704677 -0.166944
0 546 -0.0674115 -0.135359
2 546 -0.0918612 -0.165925
0 547 -0.0429618 -0.111925
2 547 -0.0684302 -0.14351
0 548 -0.022587 -0.0946046
2 548 -0.0470367 -0.12517
2 27 -0.0276807 -0.108869
2 29 -0.0246245 -0.105812
0 549 -0.241616 -0.0487558
2 549 -0.242634 -0.0803406
2 34 -0.0867675 -0.0752462
0 550 -0.0562054 -0.0355106
2 550 -0.0704677 -0.0650576
0 551 -0.0521304 -0.0344918
2 551 -0.0674115 -0.0640388
0 552 0.328878 -0.0232843
2 552 0.301372 -0.0497747
0 553 0.0507621 -0.0100391
2 553 0.0191812 -0.0446804
0 554 -0.0663928 -0.00902023
2 554 -0.0708752 -0.0332691
0 555 -0.0684302 -0.00392592
2 555 -0.0735239 -0.0293975
0 556 -0.0786176 0.00320611
2 556 -0.085545 -0.023488
0 557 0.260622 0.0256211
2 557 0.242285 0.00320611
0 558 -0.0399056 0.0500738
2 558 0.0772119 0.0982179
2 47 0.261641 0.0347908
0 559 0.266735 0.0867528
2 559 0.234135 0.0551681
0 560 0.261641 0.0877716
2 560 0.229041 0.0551681
0 561 0.273866 0.0918471
2 561 0.23821 0.0602624
0 562 0.276922 0.0949037
2 562 0.241266 0.063319
0 563 0.297297 0.0949037
2 563 0.262863 0.063319
0 564 -0.0348119 0.111205
2 564 -0.065374 0.0684133
0 565 0.115961 0.113243
2 565 0.0466872 0.0561869
0 566 -0.0144371 0.117319
2 566 -0.046018 0.0745264
0 567 0.248397 0.130564
2 567 0.201739 0.0914396
2 59 0.188292 0.092866
0 568 -0.102049 0.136677
2 568 -0.170304 0.0643378
0 569 0.233116 0.145847
2 569 0.187273 0.106111
2 62 0.286091 0.10713
0 570 0.0191812 0.157054
2 570 -0.0205496 0.110187
0 571 0.0222374 0.157054
2 571 -0.0174933 0.110187
0 572 0.241266 0.159092
2 572 0.204184 0.122005
0 573 0.0477059 0.166224
2 573 0.00695638 0.119356
0 574 0.0538183 0.166224
2 574 0.0130688 0.119356
0 575 0.0477059 0.171318
2 575 0.00695638 0.12547
0 576 0.0548371 0.172337
2 576 0.0140875 0.127507
2 76 0.278959 0.141771
2 78 0.0130688 0.141771
0 577 -0.0562054 0.190677
2 577 -0.0725052 0.153998
0 578 0.0568745 0.190677
2 578 0.0171438 0.145847
0 579 -0.0602803 0.191696
2 579 -0.0755614 0.155017
0 580 -0.0531492 0.195771
2 580 -0.0684302 0.159092
0 581 -0.050093 0.200865
2 581 -0.065374 0.164186
2 87 0.303205 0.164798
0 582 -0.0429618 0.231431
2 582 -0.0572241 0.19679
0 583 -0.0419431 0.249771
2 583 -0.0562054 0.215129
0 584 -0.00526848 0.25079
2 584 -0.0286995 0.211054
2 102 0.314615 0.22328
2 103 0.313597 0.228375
0 585 0.378796 0.272186
2 585 0.322765 0.230412
0 586 0.00390016 0.279318
2 586 -0.0174933 0.24162
2 109 0.151617 0.250382
0 587 -0.281143 -0.331592
2 587 -0.290515 -0.350339
2 116 -0.271363 -0.334037
0 588 -0.253026 -0.292468
2 588 -0.26525 -0.314475
0 589 -0.221241 -0.282687
2 589 -0.234688 -0.304694
2 119 -0.254737 -0.30396
0 590 -0.227353 -0.277796
2 590 -0.240801 -0.299803
0 591 -0.212684 -0.27046
2 591 -0.227353 -0.29369
0 592 -0.204126 -0.268015
2 592 -0.218796 -0.291245
0 593 -0.199236 -0.26557
2 593 -0.213906 -0.2888
2 126 -0.229391 -0.274943
0 594 -0.10755 -0.190989
2 594 -0.128332 -0.217887
0 595 -0.120997 -0.183653
2 595 -0.143002 -0.212996
0 596 -0.085545 -0.171427
2 596 -0.106327 -0.199547
0 597 -0.0684302 -0.13597
2 597 -0.0928799 -0.166536
0 598 -0.0464255 -0.115186
2 598 -0.0714865 -0.146567
0 599 -0.042758 -0.11274
2 599 -0.0684302 -0.143306
0 600 -0.0574278 -0.0968461
2 600 -0.0847301 -0.130265
2 146 -0.0464255 -0.124967
0 601 -0.0183083 -0.0907329
2 601 -0.0439805 -0.122521
2 148 -0.0183083 -0.116408
2 149 -0.0280882 -0.109072
2 150 -0.0256432 -0.106627
0 602 -0.143002 -0.0711708
2 602 -0.151967 -0.0996989
2 151 -0.129555 -0.0935858
0 603 -0.0769876 -0.0467181
2 603 -0.0916575 -0.0760613
0 604 -0.0305332 -0.0442728
2 604 -0.0246245 -0.0599633
2 154 -0.129555 -0.0701519
0 605 0.0220338 -0.0173749
2 605 0.0151063 -0.0395861
0 606 -0.0916575 -0.00637118
2 606 -0.100215 -0.0357144
0 607 0.326433 -0.00392589
2 607 0.297093 -0.0308239
0 608 -0.0684302 0.0119683
2 608 -0.0757651 -0.0149296
0 609 0.245749 0.0180815
2 609 0.2279 -0.00465947
0 610 0.262863 0.0425342
2 610 0.239636 0.0168589
2 167 0.23821 0.0256211
2 170 0.244322 0.0449794
0 611 0.275088 0.0792132
2 611 0.243304 0.04987
2 176 0.237191 0.0596511
0 612 0.114943 0.108556
2 612 0.0477059 0.0521115
0 613 0.1235 0.108556
2 613 0.0538183 0.0510926
2 178 -0.0612991 0.0673944
0 614 0.171177 0.113447
2 614 0.121055 0.0694322
0 615 0.16751 0.11467
2 615 0.11861 0.0718774
0 616 0.174844 0.115892
2 616 0.125945 0.0731
0 617 0.114943 0.125673
2 617 0.0446497 0.0663755
2 185 0.188292 0.0926622
0 618 0.244526 0.130564
2 618 0.201495 0.0921731
0 619 0.0574858 0.139122
2 619 0.016125 0.0938848
0 620 0.270198 0.144013
2 620 0.233768 0.111246
2 190 0.188292 0.105378
0 621 0.00980889 0.147681
2 621 -0.0268657 0.102443
0 622 0.259196 0.150126
2 622 0.226189 0.118337
2 195 -0.0847301 0.114262
0 623 -0.0305332 0.151349
2 623 -0.0610953 0.107334
0 624 -0.0647628 0.152571
2 624 -0.0796364 0.117319
2 199 -0.0293107 0.112224
0 625 0.240859 0.158684
2 625 0.201495 0.12357
0 626 0.0538183 0.16602
2 626 0.0122538 0.11956
0 627 0.0464835 0.169688
2 627 0.0061414 0.123228
2 201 0.00980889 0.123228
0 628 -0.0610953 0.180692
2 628 -0.0786176 0.14279
0 629 -0.0623178 0.185582
2 629 -0.0782101 0.148903
2 207 0.322765 0.149922
0 630 -0.0513154 0.203922
2 630 -0.0659852 0.168466
2 223 -0.046018 0.227356
0 631 -0.0280882 0.263831
2 631 -0.0419431 0.229393
0 632 -0.0280882 0.268722
2 632 -0.0439805 0.233469
0 633 2.89711e-05 0.278503
2 633 -0.0207532 0.240601
0 634 0.0085864 0.307846
2 634 -0.0103622 0.272186
0 635 -0.335421 -0.369983
2 635 -0.338396 -0.38498
0 636 -0.251803 -0.290756
2 636 -0.265006 -0.31423
0 637 -0.220996 -0.281953
2 637 -0.234199 -0.30396
0 638 -0.226864 -0.277551
2 638 -0.241534 -0.301026
0 639 -0.220996 -0.277551
2 639 -0.235666 -0.301026
2 237 -0.226864 -0.29369
0 640 -0.0478924 -0.265814
2 640 -0.0574278 -0.281464
0 641 -0.149114 -0.223266
2 641 -0.166718 -0.248208
0 642 -0.130044 -0.211529
2 642 -0.149114 -0.236471
0 643 -0.0948359 -0.139638
2 643 -0.120997 -0.171427
2 254 -0.0933689 -0.167514
0 644 -0.0449585 -0.136704
2 644 -0.0669632 -0.16458
0 645 -0.0742982 -0.116164
2 645 -0.101437 -0.149419
2 257 -0.0684302 -0.14404
2 260 -0.0464255 -0.124967
0 646 -0.187256 -0.0780176
2 646 -0.193124 -0.107361
2 264 -0.0659852 -0.110295
0 647 -0.000948978 -0.0765504
2 647 -0.0273547 -0.108828
0 648 -0.118308 -0.0648131
2 648 -0.130044 -0.0941563
2 268 -0.0109734 -0.0944008
0 649 0.302716 -0.0633459
2 649 0.281201 -0.0846198
0 650 0.304183 -0.0589445
2 650 0.283646 -0.0809518
0 651 -0.0728312 -0.04574
2 651 -0.087501 -0.0750832
0 652 -0.121242 -0.0413385
2 652 -0.133222 -0.0723934
0 653 -0.115374 -0.0384042
2 653 -0.129554 -0.0699482
0 654 0.326188 -0.0354699
2 654 0.301249 -0.0604116
0 655 -0.0992369 -0.0207983
2 655 -0.119775 -0.0564992
0 656 -0.0786991 0.00414348
2 656 -0.086034 -0.0237326
0 657 0.251372 0.0217494
2 657 0.233182 -0.00143172
2 280 0.244037 0.0437568
2 283 0.239636 0.0547605
0 658 0.0929379 0.0863045
2 658 0.0330361 0.0339758
2 285 0.24257 0.0584284
0 659 0.268976 0.0980418
2 659 0.233768 0.0657643
0 660 0.283646 0.0980418
2 660 0.246971 0.0657643
2 288 -0.0525379 0.0718774
0 661 0.180957 0.120049
2 661 0.129319 0.0760344
0 662 0.16482 0.124451
2 662 0.11861 0.0828811
0 663 0.223499 0.127385
2 663 0.181161 0.0898094
0 664 0.226433 0.134721
2 664 0.180957 0.0951075
0 665 0.170688 0.139122
2 665 0.119344 0.0936403
0 666 0.0107868 0.147925
2 666 -0.0258877 0.102443
2 298 -0.0659852 0.106111
0 667 -0.0214868 0.153794
2 667 -0.0562054 0.108556
0 668 0.0239897 0.156728
2 668 -0.0170858 0.109779
2 303 0.00638589 0.120049
0 669 0.0503954 0.168466
2 669 0.00931986 0.121516
2 304 0.18037 0.130613
0 670 0.0562633 0.172867
2 670 0.0151878 0.125918
0 671 -0.0610953 0.180203
2 671 -0.0782101 0.14279
0 672 0.340858 0.187539
2 672 0.282179 0.143524
0 673 0.0577303 0.189006
2 673 0.0181218 0.144991
0 674 -0.0273547 0.2697
2 674 -0.0439805 0.233265
2 321 0.312985 0.228375
0 675 -0.00388295 0.278503
2 675 -0.0244207 0.240356
2 326 -0.272047 -0.334184
0 676 -0.252683 -0.297211
2 676 -0.265006 -0.318632
2 327 -0.25327 -0.318632
2 330 -0.242121 -0.302493
2 331 -0.235079 -0.300733
0 677 -0.240361 -0.276084
2 677 -0.254737 -0.299559
0 678 -0.198111 -0.265521
2 678 -0.218062 -0.290756
0 679 -0.180508 -0.237351
2 679 -0.198992 -0.26288
0 680 -0.164664 -0.23383
2 680 -0.184322 -0.259946
0 681 -0.108332 -0.191576
2 681 -0.127696 -0.217985
0 682 -0.120655 -0.184533
2 682 -0.143246 -0.212996
0 683 -0.0854472 -0.172209
2 683 -0.106572 -0.199792
0 684 -0.0748849 -0.117631
2 684 -0.100704 -0.149908
0 685 -0.0449585 -0.11411
2 685 -0.0696038 -0.14404
0 686 -0.000948978 -0.0771372
2 686 -0.0273547 -0.108828
0 687 0.310638 -0.0612919
2 687 0.289514 -0.082419
2 345 0.0257012 -0.0895103
2 346 0.292448 -0.0765504
0 688 -0.0784057 -0.0472071
2 688 -0.0924887 -0.0771372
2 347 -0.125643 -0.0677474
0 689 -0.101291 -0.02608
2 689 -0.119775 -0.0601671
2 350 -0.119775 -0.0560101
2 354 0.239636 0.0173479
0 690 0.294795 0.0918797
2 690 0.258883 0.0601891
0 691 0.300076 0.0918797
2 691 0.266629 0.0619496
0 692 -0.0132716 0.116528
2 692 -0.0449585 0.0742738
2 359 0.183891 0.0901191
2 360 0.201495 0.0918797
2 363 0.168047 0.0954009
0 693 -0.0203131 0.1535
2 693 -0.0516479 0.110894
2 367 -0.0757651 0.121516
0 694 0.0166548 0.157022
2 694 -0.0238339 0.109486
0 695 -0.0713642 0.158782
2 695 -0.086034 0.122984
0 696 0.0465813 0.165825
2 696 0.00609253 0.120049
2 370 -0.0831001 0.139122
0 697 0.213817 0.190473
2 697 0.174385 0.153148
0 698 0.210297 0.195755
2 698 0.168048 0.157374
2 380 -0.0082839 0.168466
2 382 -0.0572811 0.197515
0 699 0.379293 0.27146
2 699 0.323254 0.230086
2 386 0.151148 0.24822
0 700 -0.220644 -0.277845
2 700 -0.235432 -0.301085
0 701 -0.212194 -0.269394
2 701 -0.228038 -0.29369
2 390 -0.213955 -0.288408
2 391 -0.233319 -0.277845
0 702 -0.20797 -0.25038
2 702 -0.226278 -0.276084
2 394 -0.182268 -0.258478
2 396 -0.178747 -0.242633
0 703 -0.0854472 -0.172209
2 703 -0.106572 -0.199675
2 399 -0.121359 -0.172209
2 401 -0.102347 -0.151082
0 704 -0.0453105 -0.113053
2 704 -0.07066 -0.144744
0 705 -0.000948978 -0.0771372
2 705 -0.0284109 -0.108828
0 706 0.303245 -0.0665736
2 706 0.28212 -0.0877007
0 707 -0.119246 -0.0644609
2 707 -0.129809 -0.0940389
0 708 -0.093897 -0.0560101
2 708 -0.106572 -0.0855881
0 709 0.29902 -0.0454465
2 709 0.277191 -0.0683343
0 710 0.288457 -0.0433338
2 710 0.267333 -0.0665736
0 711 -0.117134 -0.0391084
2 711 -0.129457 -0.0700949
0 712 -0.0791098 -0.00319228
2 712 -0.0854472 -0.0306575
0 713 0.248321 0.0221603
2 713 0.226774 -0.00234716
2 420 0.18037 0.0954009
2 427 0.18706 0.104556
2 430 0.17861 0.129486
2 431 0.172272 0.134134
2 433 -0.0836868 0.139416
2 434 -0.0769973 0.140472
2 435 -0.0784057 0.148219
2 436 -0.066083 0.148219
0 714 0.0455251 0.186952
2 714 0.00750088 0.142585
0 715 -0.00517384 0.275686
2 715 -0.0262984 0.237657
0 716 -0.254866 -0.298972
2 716 -0.267118 -0.322212
0 717 -0.171213 -0.240661
2 717 -0.188957 -0.265169
0 718 -0.153468 -0.227985
2 718 -0.171213 -0.253337
0 719 -0.148398 -0.222914
2 719 -0.166143 -0.248267
0 720 -0.021651 -0.0936163
2 720 -0.0470004 -0.124039
0 721 0.310427 -0.0530523
2 721 0.288457 -0.0771372
0 722 -0.117979 -0.0378407
2 722 -0.136146 -0.0729118
0 723 0.302822 -0.0378407
2 723 0.280008 -0.0623482
0 724 -0.110374 -0.0353055
2 724 -0.129809 -0.0707991
0 725 0.325637 -0.0353055
2 725 0.29902 -0.0602355
0 726 -0.0241859 -0.0226292
2 726 0.078268 0.0144136
0 727 -0.069815 -0.00741765
2 727 -0.0748848 -0.0327702
0 728 0.252123 0.0863868
2 728 0.219169 0.0534285
0 729 0.267333 0.099063
2 729 0.231844 0.0661047
0 730 0.280008 0.099063
2 730 0.244518 0.0661047
0 731 0.285078 0.106669
2 731 0.247053 0.0737105
0 732 0.226774 0.129486
2 732 0.18368 0.0914573
0 733 0.1634 0.142162
2 733 0.117349 0.100331
0 734 0.257193 0.172585
2 734 0.218155 0.137092
2 476 0.0113034 0.139627
0 735 0.241984 0.190332
2 735 0.209029 0.158388
2 481 -0.0596752 0.197938
2 483 -0.0571402 0.215685
0 736 -0.256387 -0.301
2 736 -0.267541 -0.321789
0 737 -0.0982064 -0.139758
2 737 -0.123049 -0.172209
2 495 -0.130654 -0.0936163
0 738 0.309413 -0.060658
2 738 0.28812 -0.0819541
0 739 0.294203 -0.0545734
2 739 0.275952 -0.0758695
0 740 0.120813 -0.0424042
2 740 0.0964776 -0.0697849
0 741 0.248574 0.0214842
2 741 0.227281 -0.0028542
0 742 0.0721421 0.0640765
2 742 0.0324983 0.0232166
0 743 0.266826 0.0640765
2 743 0.236407 0.0336535
2 499 0.236914 0.0610342
0 744 0.282036 0.0975419
2 744 0.245532 0.0640765
0 745 -0.0130321 0.115796
2 745 -0.064745 0.0610342
0 746 0.169484 0.131007
2 746 0.117771 0.0853727
2 505 0.209029 0.100584
0 747 0.0234711 0.158388
2 747 -0.016074 0.112753
0 748 0.227281 0.167515
2 748 0.188344 0.129182
0 749 -0.0525773 0.219234
2 749 -0.067787 0.182726
2 511 -0.0586612 0.197938
0 750 -0.0251998 0.270953
2 750 -0.0393956 0.235967
0 751 -0.118283 -0.0643087
2 751 -0.131668 -0.0941234
0 752 -0.125584 -0.0424042
2 752 -0.137752 -0.0728272
0 753 0.323406 -0.0351026
2 753 0.297245 -0.060658
2 519 0.235798 0.0123573
0 754 0.268651 0.0890235
2 754 0.232148 0.0561666
2 530 -0.0708289 0.162039
0 755 -0.0452766 0.231403
2 755 -0.0598779 0.194896
0 756 -0.0348119 -0.271887
3 756 0.286091 -0.240302
3 11 0.356384 -0.255585
3 12 0.360459 -0.256604
0 757 -0.152986 -0.229094
3 757 -0.191698 -0.23317
3 542 -0.231428 -0.232151
0 758 -0.184566 -0.077284
3 758 -0.204941 -0.0925669
3 36 0.272847 -0.0365295
3 552 0.273866 -0.0314352
0 759 0.273866 0.0836962
3 759 0.210704 0.0694321
3 59 0.145505 0.109168
0 760 0.10068 0.141771
3 760 -0.0258877 0.10391
0 761 0.0507621 0.213092
3 761 0.125945 0.225929
3 97 0.132057 0.234488
3 102 0.267753 0.239582
3 103 0.266735 0.244676
3 120 0.409358 -0.282075
0 762 0.484133 -0.263124
3 762 0.412007 -0.269238
0 763 0.447459 -0.258234
3 763 0.377777 -0.264347
3 126 -0.249766 -0.253547
0 764 -0.190679 -0.246007
3 764 -0.228372 -0.249472
0 765 -0.152782 -0.225223
3 765 -0.191901 -0.230113
3 151 -0.145447 -0.0797292
0 766 0.314208 -0.0442728
3 766 0.265716 -0.0518124
0 767 0.15773 0.221039
3 767 0.169221 0.219816
3 637 -0.25327 -0.281953
3 234 0.409562 -0.282687
3 638 -0.26036 -0.277796
0 768 0.455283 -0.261413
3 768 0.385927 -0.266792
0 769 -0.17552 -0.246741
3 769 -0.211461 -0.249675
3 244 -0.207794 -0.239405
3 649 0.260418 -0.0687255
0 770 0.326188 -0.0281341
3 770 0.272643 -0.036937
0 771 0.329122 -0.0237326
3 771 0.273377 -0.0325355
0 772 0.156018 -0.0075938
3 772 0.0944049 -0.0237326
0 773 0.0342586 0.106845
3 773 0.0793243 0.110894
3 290 0.083158 0.103666
3 321 0.266531 0.244269
0 774 -0.23684 -0.279605
3 774 -0.269407 -0.280486
3 329 0.409219 -0.283127
3 677 -0.273808 -0.277551
0 775 0.451469 -0.260239
3 775 0.381934 -0.265814
0 776 0.277191 -0.0665737
3 776 0.238169 -0.0721489
3 346 0.270443 -0.0604116
0 777 0.266629 0.0901191
3 777 0.199734 0.0742738
0 778 0.0342586 0.107725
3 778 0.0797469 0.111739
0 779 0.234942 0.128852
3 779 0.152204 0.105965
3 359 0.146923 0.105965
3 699 0.273377 0.244758
0 780 -0.256556 -0.292634
3 780 -0.287891 -0.29193
0 781 -0.169945 -0.239816
3 781 -0.20797 -0.244041
3 394 -0.203745 -0.237703
3 707 -0.146708 -0.0792499
3 709 0.252546 -0.0524889
0 782 -0.123471 -0.0412211
3 782 -0.152342 -0.0577707
0 783 0.252546 0.0876543
3 783 0.183891 0.0716329
0 784 0.275783 0.0939925
3 784 0.212409 0.0792035
0 785 0.40253 0.269348
3 785 0.293034 0.243291
0 786 0.413092 0.27146
3 786 0.301836 0.245051
3 719 -0.188957 -0.227985
0 787 0.277473 0.0280759
3 787 0.222619 0.0179348
3 463 0.212071 0.0671189
3 730 0.211564 0.0838515
0 788 -0.0393956 0.109204
3 788 0.0240795 0.114579
0 789 0.0974916 0.139627
3 789 -0.0292558 0.101598
0 790 0.214099 0.172585
3 790 0.132981 0.149261
0 791 0.166442 -0.0119811
3 791 0.105096 -0.0251644
0 792 0.17861 0.137092
3 792 0.0812679 0.109711
0 793 0.286903 -0.0424042
3 793 0.245532 -0.0484888
0 794 -0.334321 -0.365622
4 794 -0.364883 -0.337094
4 539 -0.267084 -0.243358
4 541 -0.228372 -0.227057
4 547 -0.118348 -0.118038
4 548 -0.0979736 -0.100718
0 795 0.322765 0.0205268
4 795 0.23006 -0.0314352
4 560 0.162823 0.0816585
0 796 0.21376 0.248752
4 796 0.101153 0.306672
4 764 -0.248747 -0.239283
0 797 -0.154004 -0.228891
4 797 -0.212195 -0.223266
4 135 -0.0525379 -0.189766
4 599 -0.118552 -0.118854
0 798 -0.0733202 0.0449795
4 798 -0.12711 0.0437568
4 635 -0.363049 -0.341373
0 799 -0.260605 -0.31423
4 799 -0.306081 -0.296625
0 800 -0.25327 -0.296625
4 800 -0.301925 -0.282687
4 244 -0.229798 -0.229135
0 801 -0.0742982 -0.142573
4 801 -0.147647 -0.146974
4 649 0.238414 -0.0564992
4 278 0.18875 0.0407522
4 304 0.106434 0.15174
4 676 -0.301681 -0.28342
0 802 -0.250923 -0.286648
4 802 -0.300703 -0.272905
0 803 -0.219236 -0.272563
4 803 -0.272341 -0.261413
4 336 -0.208674 -0.217985
0 804 -0.157623 -0.214464
4 804 -0.220996 -0.211529
4 683 -0.150581 -0.172209
4 776 0.216816 -0.0589445
0 805 0.215578 0.172867
4 805 0.100449 0.153148
4 702 -0.266473 -0.243562
4 703 -0.150933 -0.172209
0 806 -0.019961 -0.0919262
4 806 -0.0981219 -0.100377
4 706 0.239871 -0.0581228
0 807 0.296907 -0.0560101
4 807 0.233182 -0.0507283
0 808 0.311694 -0.0538974
4 808 0.247265 -0.0472071
0 809 0.277895 0.0559636
4 809 0.187736 0.0397381
4 716 -0.301974 -0.283127
4 457 -0.0286995 -0.0701519
0 810 0.274938 0.101598
4 810 0.166442 0.106669
0 811 -0.262471 -0.313169
4 811 -0.307255 -0.294747
0 812 0.27291 0.100584
4 812 0.166442 0.103626
0 813 0.0532821 0.224102
4 813 -0.0799547 0.258784
0 814 0.322765 -0.101737
5 814 0.232301 -0.107361
0 815 -0.0720977 0.120783
5 815 0.0996615 0.244676
0 816 0.209074 0.144013
5 816 -0.0103622 0.114262
5 768 0.322765 -0.264347
5 239 0.316653 -0.263124
0 817 -0.0640293 -0.15431
5 817 -0.149114 -0.173383
5 645 0.207363 -0.189522
0 818 0.266042 0.0892388
5 818 0.136023 0.0792881
5 293 -0.103682 0.103626
0 819 0.0503954 0.209546
5 819 0.0635983 0.139122
5 775 0.317386 -0.26288
5 680 -0.244468 -0.246741
0 820 0.303597 -0.0648131
5 820 0.216164 -0.0692146
0 821 0.291274 0.0267378
5 821 -0.174255 0.018442
0 822 0.18037 0.120049
5 822 -0.143246 0.0789687
0 823 0.451117 -0.260943
5 823 0.315919 -0.263056
0 824 0.423655 -0.25038
5 824 0.29057 -0.252492
5 706 0.216634 -0.0707991
5 710 -0.176283 -0.0124882
0 825 -0.07066 -0.00741772
5 825 -0.199097 0.0255406
0 826 0.267333 0.0982179
5 826 0.109075 0.0833702
0 827 0.4245 -0.250802
5 827 0.290148 -0.253337
0 828 -0.0982064 -0.021108
5 828 -0.169945 0.0158221
0 829 0.275952 0.0549496
5 829 0.1634 0.048865
0 830 -0.336358 -0.370716
6 830 -0.086034 -0.330369
0 831 0.143467 -0.336075
6 831 -0.293172 -0.32362
6 19 -0.0429618 -0.180189
0 832 0.0222374 -0.164906
6 832 -0.0388868 -0.172038
0 833 0.394892 -0.235004
6 833 0.32684 -0.246415
0 834 0.358217 -0.17754
6 834 0.078268 -0.0907329
0 835 0.183402 0.302955
6 835 0.211723 0.000149528
0 836 0.447948 -0.258478
6 836 0.326433 -0.246007
0 837 0.395136 -0.235004
6 837 0.270443 -0.223266
6 676 -0.278209 -0.298092
0 838 0.361689 -0.179252
6 838 0.0782681 -0.091222
0 839 -0.0414377 0.250333
6 839 -0.115022 0.174276
0 840 0.364506 -0.182773
6 840 0.0793243 -0.0940389
6 404 0.210297 -0.0560101
6 706 0.229309 -0.0538974
6 826 0.0966053 0.0963301
0 841 0.449849 -0.260943
6 841 0.324369 -0.246154
0 842 -0.256995 -0.294307
6 842 -0.283764 -0.297958
7 9 0.272847 -0.241321
0 843 0.455201 -0.260679
7 843 0.276922 -0.24234
0 844 -0.0276807 -0.0456993
7 844 -0.155023 -0.025322
0 845 -0.0195308 -0.0222654
7 845 -0.219884 0.0336535
0 846 -0.106124 -0.0141145
7 846 -0.189464 0.0123573
0 847 0.220891 0.190677
7 847 0.0770456 0.14279
7 97 0.101699 0.212073
7 98 0.10068 0.214111
7 123 0.276311 -0.24234
0 848 0.204184 -0.0711708
7 848 -0.207794 0.0462021
0 849 -0.050093 0.120783
7 849 -0.0735239 0.121394
7 195 -0.138845 0.199276
7 768 0.272643 -0.241117
7 296 0.0814368 0.0961052
0 850 0.238463 0.208079
7 850 0.122278 0.169346
7 823 0.27191 -0.240872
0 851 -0.0262984 -0.0538974
7 851 -0.206913 -0.0119953
7 425 0.0645372 0.0961052
0 852 0.306371 -0.0302349
7 852 0.183891 -0.0251997
0 853 0.0935491 -0.091548
8 853 -0.0464255 -0.140861
0 854 0.243304 0.189658
8 854 0.130224 0.101017
8 125 -0.0332227 -0.100025
0 855 0.0159213 -0.215442
8 855 -0.0663928 0.299695
0 856 0.0159213 -0.0626123
8 856 -0.100234 0.153148
0 857 0.218854 0.241824
8 857 0.0220338 0.301733
0 858 0.238169 0.208079
8 858 0.112701 0.17005
0 859 0.375772 -0.200379
8 859 0.0342586 0.256495
8 446 0.122278 0.139122
0 860 0.0569324 0.170557
8 860 -0.173038 0.0707696
0 861 0.108645 0.243573
8 861 -0.156003 -0.0119811
0 862 -0.0343256 0.0160081
8 862 -0.10429 0.289207
0 863 0.261351 0.0233096
8 863 0.0897854 0.103626
0 864 0.2504 0.136483
8 864 0.125376 -0.00234716
0 865 0.0496318 0.16569
8 865 0.0391878 0.11681
9 47 0.0853096 0.0232166
0 866 0.223948 0.126488
9 866 -0.00119353 0.0877717
0 867 -0.0704677 0.135658
9 867 -0.0738709 0.322673
0 868 0.206629 0.175394
9 868 -0.435763 0.24153
9 854 0.0915116 0.105092
9 588 -0.355714 -0.294302
0 869 0.1235 -0.176317
9 869 0.106793 0.0154325
0 870 0.00980889 -0.0687255
9 870 -0.119246 0.279911
0 871 0.255529 0.178247
9 871 0.0996615 0.0949037
0 872 0.222619 0.127092
9 872 -0.000948978 0.0877717
0 873 0.145163 0.135895
9 873 -0.0419431 0.092866
0 874 0.254306 0.167585
9 874 0.0958719 0.0863045
0 875 0.256066 0.178149
9 875 0.0990503 0.0938848
0 876 -0.0326358 -0.244041
9 876 0.0163732 -0.222914
0 877 0.252546 0.167937
9 877 0.0958719 0.086598
0 878 0.254658 0.176388
9 878 0.0988058 0.0936403
0 879 0.134248 0.309489
9 879 -0.174255 0.115796
0 880 0.248574 0.182726
9 880 0.0949566 0.099063
10 542 -0.243881 0.0337802
0 881 0.0232562 -0.162868
10 881 -0.166229 0.183137
0 882 -0.0409243 0.235507
10 882 -0.194754 0.144828
0 883 -0.00486096 0.0339758
10 883 0.22191 -0.328943
0 884 0.255529 0.16602
10 884 0.085603 0.0466912
10 629 -0.218062 0.0965746
0 885 -0.116841 -0.0119953
10 885 -0.196351 0.144698
0 886 -0.0434915 0.231553
10 886 -0.195569 0.144013
0 887 0.217631 0.260897
10 887 0.0677059 0.146458
10 376 0.0800285 0.0707526
10 382 -0.196058 0.144991
10 823 0.189172 -0.311648
10 708 -0.207716 0.127965
0 888 0.241983 0.189065
10 888 0.0793243 0.0707527
0 889 -0.0453105 0.231319
10 889 -0.209016 0.118337
10 471 -0.0343256 0.0233096
0 890 -0.0738709 0.137092
10 890 -0.19781 0.109168
10 530 -0.197407 0.144698
0 891 -0.0276807 -0.121095
11 891 -0.0969549 -0.353396
0 892 0.115961 0.109168
11 892 -0.0393956 -0.0479817
0 893 -0.0714865 0.164186
11 893 -0.180339 0.107277
11 77 -0.17552 0.120049
11 882 -0.147647 0.180203
0 894 -0.0953249 -0.307139
11 894 0.153084 -0.249675
11 124 -0.311909 -0.34932
0 895 0.111275 0.244269
11 895 0.0342586 0.24153
0 896 -0.0948359 -0.306895
11 896 0.153964 -0.249675
11 800 -0.324155 -0.349677
0 897 0.25724 0.0129465
11 897 0.0191812 -0.0793217
0 898 0.146923 0.127092
11 898 0.0212187 0.0235833
0 899 -0.0238339 0.2697
11 899 -0.142483 0.186952
11 417 0.0208113 0.0229721
0 900 -0.0431981 0.250333
11 900 -0.146877 0.20098
0 901 0.100026 0.147233
11 901 -0.148911 -0.126189
11 483 -0.147486 0.198546
0 902 -0.0556192 0.20098
11 902 -0.161144 0.148219
12 549 -0.21411 -0.127208
12 38 -0.0775989 -0.0344918
12 51 0.161397 0.222261
0 903 0.476798 -0.274128
12 903 0.408339 -0.320588
0 904 -0.216351 -0.249675
12 904 -0.228576 -0.332815
0 905 0.0220338 -0.165314
12 905 -0.00730596 -0.201993
12 599 -0.0989924 -0.179985
0 906 0.035481 0.0241947
12 906 -0.103051 -0.0454465
12 198 0.187273 -0.0599633
0 907 -0.185789 -0.224734
12 907 -0.209261 -0.290756
0 908 0.235235 -0.0398714
12 908 -0.140557 -0.252121
12 294 -0.0794326 0.0449795
12 340 -0.00799048 -0.202139
0 909 0.478579 -0.275732
12 909 0.409219 -0.320099
0 910 -0.216419 -0.0665736
12 910 -0.201632 -0.140519
0 911 -0.0262984 -0.0222067
12 911 -0.0332227 -0.0882877
0 912 0.203959 -0.0150234
12 912 0.13548 0.0760344
0 913 -0.189464 -0.0789118
12 913 -0.175227 -0.147561
0 914 0.17861 0.0610342
12 914 -0.0112179 0.0466912
0 915 0.0538905 0.137092
12 915 -0.0647451 0.0711752
0 916 -0.130573 -0.210755
13 916 -0.116841 -0.246741
13 21 -0.0847301 -0.204642
13 547 -0.0531492 -0.157774
0 917 -0.00832469 -0.0895103
13 917 -0.0205496 -0.13434
13 590 -0.195773 -0.305509
13 764 -0.170304 -0.280037
13 597 -0.0745426 -0.181208
13 211 -0.0154559 0.131583
13 635 -0.266473 -0.378052
0 918 -0.333954 -0.365581
13 918 -0.268918 -0.375607
13 638 -0.196791 -0.305917
13 237 -0.184322 -0.299559
0 919 0.144282 -0.264347
13 919 -0.135724 -0.263478
0 920 0.246971 0.0188151
13 920 0.235969 -0.0075938
0 921 -0.0390905 0.122984
13 921 0.037926 0.0914396
0 922 -0.0942491 -0.327141
13 922 -0.153468 -0.27869
13 679 -0.162562 -0.271683
13 680 -0.147892 -0.268015
13 337 -0.14618 -0.254077
0 923 0.469072 -0.209182
13 923 0.367997 -0.259456
0 924 -0.245642 -0.0507283
13 924 -0.183548 -0.103774
0 925 0.168047 0.142937
13 925 0.0606643 0.0789687
13 780 -0.216351 -0.318143
13 824 0.423009 -0.283909
0 926 0.134248 0.039062
13 926 0.00961328 -0.0313618
0 927 0.210297 0.0728653
13 927 0.15773 0.0347908
0 928 0.263108 0.0855416
13 928 0.224847 0.0561666
0 929 0.220859 0.127796
13 929 0.136361 0.0795556
0 930 0.227196 0.129909
13 930 0.134248 0.0792035
0 931 0.406755 0.275686
13 931 0.255529 0.236933
0 932 0.00750088 0.307376
13 932 0.112009 0.297576
13 716 -0.215715 -0.32362
13 827 0.421542 -0.284183
0 933 0.247053 0.00525861
13 933 0.241983 -0.0190376
13 913 -0.142483 -0.12573
0 934 0.20561 -0.111925
14 934 0.37411 -0.292468
0 935 0.153655 0.148903
14 935 0.114729 0.0701611
0 936 -0.0784057 -0.0172771
14 936 0.0166548 -0.0366436
0 937 -0.0766453 -0.00319231
14 937 0.0166548 -0.0243194
0 938 0.27191 0.0901191
14 938 0.315497 0.0610342
0 939 0.101153 0.146458
14 939 0.0606643 0.0813162
14 411 0.327665 0.048865
14 784 0.334357 0.0671189
14 826 0.300076 0.068992
0 940 0.272403 0.0508932
14 940 0.320144 0.0200476
14 810 0.312455 0.0762458
14 731 0.324623 0.088415
14 901 0.0603123 0.0813162
0 941 0.100026 0.159909
14 941 0.0848168 -0.0378407
14 739 0.364168 -0.0667426
14 812 0.316105 0.0744204
0 942 0.0934356 0.137092
14 942 0.0538905 0.0732035
1 943 -0.18966 -0.325886
2 943 -0.234485 -0.30449
1 538 -0.182529 -0.315698
2 7 -0.0592616 -0.283094
2 15 -0.198829 -0.261698
1 541 -0.141779 -0.279019
1 944 -0.138723 -0.278
2 944 -0.184566 -0.25966
1 597 -0.0470367 -0.181208
1 945 -0.0246245 -0.180189
2 945 -0.0674115 -0.164906
1 598 -0.0256432 -0.159812
1 547 -0.022587 -0.156755
2 144 0.0578933 -0.131284
1 946 0.0690994 -0.106831
2 946 0.131242 -0.0996989
1 947 -0.0674115 -0.0946046
2 947 -0.103067 -0.0823783
2 153 -0.132611 -0.0721897
1 948 -0.0490742 -0.084416
2 948 -0.0847301 -0.0721897
1 949 0.243304 -0.0589445
2 949 0.209074 -0.0491634
1 552 0.342121 -0.0589445
1 950 0.198479 -0.0528313
2 950 0.170973 -0.0436615
1 951 0.169954 -0.0487558
2 951 0.13108 -0.0384042
1 952 0.225985 -0.0467181
2 952 0.190737 -0.036937
1 953 0.222929 -0.0456993
2 953 0.190329 -0.0365295
1 556 -0.0562054 -0.0344918
1 954 0.25451 -0.0243032
2 954 0.216816 -0.0151334
1 955 0.264697 -0.0130957
2 955 0.228023 -0.00392592
1 956 0.266735 -0.0100391
2 956 0.231079 -0.000258011
2 43 0.233116 0.00218725
1 557 0.275903 -0.00596364
1 957 0.0273311 -0.00392592
2 957 -0.0348119 0.0062627
1 958 0.0110313 -0.000869334
2 958 -0.0541679 0.00931928
1 959 0.275903 0.00422497
2 959 0.240247 0.0133947
1 610 0.276922 0.00728156
2 49 0.254306 0.0413116
1 960 -0.0989924 0.033772
2 960 -0.170304 0.0429417
1 961 -0.10103 0.0358097
2 961 -0.172342 0.0449794
1 962 -0.0327744 0.0459983
2 962 -0.0775989 0.0551681
1 562 0.288128 0.0541492
1 568 -0.0918612 0.0551681
1 963 0.104755 0.0572058
2 963 0.0324248 0.0663755
1 964 -0.00832469 0.0582247
2 964 -0.0551866 0.0663755
1 965 0.163842 0.0592435
2 965 0.10883 0.0682095
1 966 -0.0368494 0.0673944
2 966 -0.0826926 0.0765642
1 967 0.175048 0.0765642
2 967 0.115961 0.0857339
1 968 0.178104 0.0796207
2 968 0.117999 0.0887905
1 969 0.255528 0.0826773
2 969 0.202554 0.0918471
1 970 0.0670619 0.0836962
2 970 0.0151063 0.0918471
1 619 0.0690994 0.0857339
1 971 -0.0164746 0.0867528
2 971 -0.0612991 0.0949037
1 972 0.107811 0.0918471
2 972 0.0293686 0.099998
1 973 0.170973 0.0938848
2 973 0.114943 0.102036
1 569 0.242285 0.0969414
1 974 -0.0195308 0.0979603
2 974 -0.065374 0.106111
1 975 0.349252 0.099998
2 975 0.286345 0.108781
1 976 0.0242749 0.106111
2 976 -0.0286995 0.113243
1 977 0.231079 0.110187
2 977 0.181161 0.118337
1 573 0.058912 0.111205
1 574 0.0650245 0.111205
1 978 0.0619682 0.1163
2 978 0.0100126 0.123432
1 575 0.058912 0.117319
1 979 0.273866 0.121394
2 979 0.232098 0.129545
2 69 0.219873 0.134639
1 980 0.227004 0.127507
2 980 0.176067 0.135454
1 981 0.167917 0.129545
2 981 0.113924 0.137696
1 982 0.346196 0.13362
2 982 0.282016 0.14279
1 207 0.386946 0.140752
1 579 -0.0419431 0.148903
1 581 -0.0327744 0.158073
2 90 -0.00832469 0.168262
1 983 0.220891 0.167243
2 983 0.170973 0.175394
1 984 0.208667 0.192714
2 984 0.161397 0.200254
1 985 0.234135 0.198828
2 985 0.195627 0.206367
1 986 0.231079 0.202903
2 986 0.193182 0.211258
1 583 -0.0256432 0.209016
1 987 0.166898 0.226337
2 987 0.121055 0.233469
1 632 -0.0144371 0.227356
1 988 0.183198 0.267091
2 988 0.144282 0.274835
1 989 0.188292 0.26811
2 989 0.153084 0.275568
1 990 0.179123 0.270148
2 990 0.140411 0.27728
1 991 0.181161 0.272186
2 991 0.14306 0.278503
1 992 0.126149 0.301733
2 992 0.0892705 0.307846
1 993 0.162823 0.301733
2 993 0.126149 0.308865
1 994 0.163842 0.304789
2 994 0.127167 0.311514
1 995 0.13328 0.307846
2 995 0.0955866 0.313959
1 592 -0.173564 -0.31203
2 244 -0.188234 -0.260679
1 996 -0.0953249 -0.209328
2 996 -0.143002 -0.192212
1 997 -0.0244207 -0.179985
2 997 -0.0672077 -0.165314
1 998 0.037926 -0.176317
2 998 -0.00424974 -0.162868
1 599 -0.0231982 -0.157978
1 601 0.00125147 -0.13597
1 999 -0.08799 -0.0797292
2 999 -0.125887 -0.0675029
1 1000 -0.101437 -0.077284
2 1000 -0.137704 -0.0650576
1 1001 0.240859 -0.0577218
2 1001 0.205407 -0.0479407
1 1002 0.238414 -0.0540539
2 1002 0.202962 -0.0442728
1 1003 0.321543 -0.0418276
2 1003 0.281201 -0.0332691
1 1004 -0.0598728 -0.0320465
2 1004 -0.0933689 -0.0207983
1 1005 0.259196 -0.0296012
2 1005 0.223744 -0.0210428
1 1006 0.327655 -0.0283786
2 1006 0.285113 -0.0193311
1 1007 0.264086 -0.013707
2 1007 0.228634 -0.00392589
1 1008 0.0269237 -0.00392589
2 1008 -0.0342006 0.00707781
1 1009 0.0110313 -0.00148063
2 1009 -0.0549829 0.00952307
1 658 0.102718 0.0241947
1 1010 0.304428 0.0254173
2 1010 0.261641 0.0339758
2 168 0.239636 0.036421
1 1011 -0.0941024 0.0290852
2 1011 -0.166229 0.0388663
1 1012 0.287313 0.0351984
2 1012 0.244526 0.0437568
1 1013 0.121055 0.0425342
2 1013 0.0477059 0.0523153
1 613 0.12839 0.0425342
1 1014 0.278756 0.0449795
2 1014 0.234746 0.0547605
1 1015 -0.00852839 0.0547605
2 1015 -0.0541679 0.063319
1 617 0.119833 0.0572058
2 180 -0.0659852 0.0669869
2 178 -0.0610953 0.0669869
2 179 -0.0574278 0.0669869
1 614 0.179734 0.0608737
1 615 0.177289 0.063319
1 1016 0.189514 0.0669869
2 1016 0.129612 0.0755453
1 662 0.178512 0.0743227
1 1017 0.174844 0.0767679
2 1017 0.114943 0.0853264
2 187 0.117388 0.0877717
2 189 0.11861 0.0938848
1 1018 0.16751 0.0926622
2 1018 0.111275 0.101221
1 1019 0.171177 0.0926622
2 1019 0.114943 0.101221
1 621 0.0244787 0.0938848
1 1020 0.16262 0.0938848
2 1020 0.107608 0.102443
2 190 0.188292 0.104889
2 197 -0.0531492 0.109168
1 571 0.0342586 0.102443
1 1021 0.107608 0.109779
2 1021 0.0293686 0.117115
2 68 0.179734 0.118337
1 1022 0.0587083 0.111002
2 1022 0.0061414 0.118337
1 572 0.251861 0.113447
1 1023 0.227411 0.122005
2 1023 0.176067 0.130564
2 204 -0.0775989 0.139734
1 1024 0.0635983 0.131786
2 1024 0.0122538 0.139122
1 1025 0.0672657 0.133009
2 1025 0.0171438 0.140345
1 1026 0.0635983 0.134232
2 1026 0.0134763 0.141568
1 628 -0.0439805 0.135454
2 206 -0.042758 0.146458
1 629 -0.045203 0.14279
1 1027 0.154062 0.14279
2 1027 0.0697107 0.150126
1 1028 0.227411 0.144013
2 1028 0.178512 0.152571
1 1029 -0.042758 0.147681
2 1029 -0.0757651 0.155017
1 1030 -0.0366456 0.148903
2 1030 -0.0696527 0.156239
1 1031 0.250639 0.170911
2 1031 0.211519 0.179469
2 218 0.16482 0.196342
1 1032 0.233524 0.199031
2 1032 0.195627 0.206612
1 584 0.0085864 0.205145
1 1033 0.409562 0.217371
2 1033 0.34477 0.227152
1 1034 0.0146988 0.23571
2 1034 -0.0205496 0.24162
1 1035 0.182179 0.267499
2 1035 0.144282 0.274101
1 1036 0.180957 0.271167
2 1036 0.142815 0.278503
1 1037 0.161397 0.299287
2 1037 0.124723 0.306623
2 243 -0.199236 -0.261902
2 242 -0.045203 -0.261902
1 1038 -0.0420245 -0.196858
2 1038 -0.0854472 -0.181012
1 645 -0.0537604 -0.16458
1 1039 0.0327916 -0.107361
2 1039 -0.0112179 -0.0956235
1 1040 0.274844 -0.0882877
2 1040 0.243304 -0.0785066
1 653 -0.0933689 -0.082419
1 689 -0.0801661 -0.0721489
1 654 0.340858 -0.0692146
1 553 0.0665322 -0.0560101
1 1041 0.180957 -0.0530758
2 1041 0.145656 -0.0429112
1 1042 0.339391 -0.0398714
2 1042 0.296849 -0.0310684
1 609 0.264575 -0.0134625
1 1043 0.315919 0.0158808
2 1043 0.27367 0.0249772
1 1044 0.103207 0.0232166
2 1044 0.0327916 0.0334867
1 1045 0.30565 0.0246837
2 1045 0.263108 0.0334867
2 279 0.239636 0.036421
1 1046 0.103207 0.0290852
2 1046 0.0318136 0.0388663
2 286 -0.0581613 0.0642971
2 287 -0.0669632 0.0672314
1 1047 0.000517945 0.0642971
2 1047 -0.0449585 0.0731
1 1048 0.189759 0.0672314
2 1048 0.129612 0.0760344
1 1049 0.175089 0.0760344
2 1049 0.114943 0.0848373
2 292 0.117877 0.0877717
2 290 0.128145 0.0877717
1 1050 0.0606643 0.0833702
2 1050 0.00785287 0.0921731
1 618 0.254306 0.0833702
1 665 0.17949 0.0848373
1 1051 0.167754 0.0921731
2 1051 0.112009 0.100976
2 192 0.107608 0.102443
2 191 -0.0818776 0.108556
1 1052 -0.0522934 0.105378
2 1052 -0.086034 0.114181
1 1053 0.0254567 0.105378
2 1053 -0.0258877 0.112713
1 669 0.0621313 0.114181
1 1054 0.0577303 0.115648
2 1054 0.00638589 0.122984
1 1055 0.230834 0.121516
2 1055 0.180957 0.130319
1 1056 -0.0420245 0.147925
2 1056 -0.0757651 0.155261
1 1057 0.0415935 0.152327
2 1057 -0.00534993 0.159663
2 313 0.158952 0.168466
1 1058 0.112009 0.164064
2 1058 0.0254567 0.171106
1 1059 0.244037 0.1714
2 1059 0.203255 0.179909
2 214 0.201495 0.185191
1 1060 0.214697 0.187539
2 1060 0.169808 0.195755
1 1061 -0.0244207 0.193407
2 1061 -0.0551866 0.199846
1 1062 0.134013 0.194874
2 1062 0.0430605 0.201037
2 319 0.161886 0.21248
1 102 0.374599 0.213948
1 1063 0.192693 0.241824
2 1063 0.152204 0.248573
1 1064 0.19416 0.265298
2 1064 0.157485 0.273221
1 1065 0.173622 0.274101
2 1065 0.13548 0.281437
1 1066 0.163353 0.303444
2 1066 0.126679 0.31078
1 676 -0.220996 -0.344747
2 389 -0.0572811 -0.281366
1 684 -0.0537604 -0.165167
1 685 -0.0238339 -0.158125
1 1067 0.00961328 -0.149322
2 1067 -0.0326358 -0.136293
1 686 0.0184152 -0.121152
1 1068 0.0324983 -0.107067
2 1068 -0.0115112 -0.0947431
1 711 -0.0924887 -0.082419
2 348 0.301836 -0.0612919
1 1069 0.236702 -0.0542495
2 1069 0.202962 -0.0442728
1 1070 0.338804 -0.0384042
2 1070 0.296555 -0.0296012
1 1071 0.256066 -0.02608
2 1071 0.217631 -0.0163968
1 1072 -0.000948978 -0.0190376
2 1072 -0.0378681 -0.00800137
1 657 0.266629 -0.0102347
2 409 0.238463 0.012653
2 411 0.243744 0.0496255
1 1073 0.278951 0.0478649
2 1073 0.231421 0.0566679
1 1074 0.120517 0.0566679
2 1074 0.0448209 0.0654709
1 1075 -0.0203131 0.0584285
2 1075 -0.0678434 0.0672314
1 1076 -0.00975089 0.0601891
2 1076 -0.0555207 0.068992
1 661 0.189172 0.0672314
1 1077 -0.0238339 0.0707526
2 1077 -0.0696038 0.0795556
1 1078 0.194453 0.0742738
2 1078 0.1346 0.0830768
2 364 0.118757 0.0936403
1 1079 0.171568 0.0918797
2 1079 0.111715 0.100683
1 1080 -0.0555207 0.0936403
2 1080 -0.0907283 0.102443
2 365 -0.0610953 0.108312
2 368 -0.0291151 0.111246
1 1081 0.231421 0.109486
2 1081 0.17861 0.118289
1 1082 0.0624247 0.114767
2 1082 0.00961328 0.12181
1 1083 0.234942 0.120049
2 1083 0.185651 0.128852
1 1084 0.22614 0.12357
2 1084 0.175089 0.132373
1 1085 0.234942 0.12357
2 1085 0.183891 0.132373
1 1086 0.264868 0.127092
2 1086 0.220859 0.135895
1 1087 0.109955 0.130613
2 1087 0.0269237 0.137655
1 1088 -0.0431981 0.132373
2 1088 -0.0772321 0.139122
1 1089 0.22438 0.144698
2 1089 0.175089 0.1535
1 1090 0.2279 0.144698
2 1090 0.17861 0.1535
1 1091 0.257827 0.144698
2 1091 0.214522 0.153148
2 377 -0.0748849 0.155261
1 1092 -0.0343962 0.155261
2 1092 -0.0678434 0.162303
1 1093 0.236702 0.155261
2 1093 0.189172 0.163712
1 1094 -0.0238339 0.190473
2 1094 -0.0566944 0.196342
1 1095 0.1346 0.195755
2 1095 0.0413002 0.201741
1 1096 0.201495 0.206318
2 1096 0.155373 0.214417
1 1097 0.205015 0.206318
2 1097 0.161006 0.213361
1 1098 -0.0255943 0.208079
2 1098 -0.0552274 0.213948
1 1099 0.206776 0.213361
2 1099 0.163823 0.220755
1 675 0.00961328 0.234488
1 1100 0.0148944 0.234488
2 1100 -0.0214868 0.240356
1 1101 0.215578 0.236248
2 1101 0.17861 0.243995
1 1102 0.192693 0.266178
2 1102 0.155373 0.273573
1 1103 0.182131 0.2697
2 1103 0.143402 0.276742
1 1104 0.161006 0.296109
2 1104 0.121573 0.303151
1 1105 0.164527 0.303151
2 1105 0.127559 0.310193
1 1106 -0.220644 -0.345452
2 1106 -0.265006 -0.320099
1 704 -0.024186 -0.159533
1 1107 0.0307379 -0.108828
2 1107 -0.0136237 -0.0961516
1 1108 0.341269 -0.0602355
2 1108 0.29902 -0.0517847
1 1109 0.280008 -0.005305
2 1109 0.243744 0.00385008
1 1110 0.100449 0.00103313
2 1110 0.0342586 0.0114793
1 1111 0.315919 0.0158221
2 1111 0.27367 0.024273
1 1112 0.305357 0.0263857
2 1112 0.260996 0.0348365
1 1113 0.286345 0.0348365
2 1113 0.241984 0.0432874
1 1114 -0.0305233 0.0475128
2 1114 -0.0769973 0.0559636
1 1115 -0.00728631 0.0559636
2 1115 -0.0558728 0.0644145
2 416 -0.0558728 0.0686399
1 1116 0.163823 0.0601891
2 1116 0.106786 0.0686399
1 1117 0.172272 0.0749781
2 1117 0.110166 0.0838515
1 1118 0.237759 0.0813162
2 1118 0.182835 0.089767
1 1119 0.222971 0.0855416
2 1119 0.17016 0.0939925
2 425 0.111011 0.100331
1 1120 -0.0453105 0.102443
2 1120 -0.0819264 0.109486
1 1121 0.106786 0.106669
2 1121 0.026513 0.11512
1 1122 0.271558 0.106669
2 1122 0.229661 0.116528
1 1123 0.227196 0.110894
2 1123 0.176497 0.119345
1 1124 0.229309 0.121458
2 1124 0.17861 0.129909
1 1125 0.263108 0.127796
2 1125 0.218746 0.136247
1 1126 0.0983365 0.129909
2 1126 0.0272171 0.137655
1 1127 0.241983 0.136247
2 1127 0.195509 0.144698
1 697 0.222971 0.144698
1 1128 0.00750088 0.203853
2 1128 -0.0291151 0.209839
1 1129 0.372956 0.218642
2 1129 0.314159 0.227445
1 1130 -0.0136237 0.222868
2 1130 -0.0467188 0.227445
2 444 -0.0414377 0.234488
1 1131 0.180722 0.269348
2 1131 0.142698 0.275686
1 1132 0.17016 0.27146
2 1132 0.132136 0.277798
1 1133 0.17016 0.292587
2 1133 0.132981 0.299348
2 453 -0.069815 -0.164603
1 720 -0.00137136 -0.136716
1 1134 -0.019116 -0.124039
2 1134 -0.0664351 -0.110941
2 456 -0.0140461 -0.0961516
1 1135 -0.100234 -0.0860106
2 1135 -0.135724 -0.0733343
1 721 0.325637 -0.0860106
1 1136 -0.102769 -0.0758695
2 1136 -0.138259 -0.0631933
1 723 0.318032 -0.070799
1 742 0.0974916 0.0128644
1 1137 -0.100234 0.0306112
2 1137 -0.171213 0.0407522
1 1138 0.287613 0.0331464
2 1138 0.242491 0.0427804
1 1139 0.297752 0.0356817
2 1139 0.254658 0.0458227
2 293 0.0812679 0.0792881
1 1140 0.171005 0.0737105
2 1140 0.108645 0.0823304
1 505 0.264798 0.0914573
1 1141 -0.0470004 0.101598
2 1141 -0.0833347 0.108781
1 1142 0.148191 0.101598
2 1142 0.075184 0.109711
1 1143 -0.0520703 0.132021
2 1143 -0.0850246 0.139627
1 1144 -0.0343257 0.139627
2 1144 -0.0685475 0.14681
1 1145 -0.0470004 0.142162
2 1145 -0.0791098 0.148923
1 1146 0.216634 0.149768
2 1146 0.165935 0.157374
2 478 -0.0685475 0.161599
2 480 0.175568 0.1736
1 1147 -0.0267209 0.208079
2 1147 -0.0558728 0.214417
2 484 0.313807 0.227093
1 715 0.00623349 0.233432
1 1148 0.0848168 0.296813
2 1148 0.0391485 0.301733
1 1149 -0.162087 -0.121504
2 1149 -0.195548 -0.106293
1 1150 0.0660582 -0.10325
2 1150 0.0239781 -0.0910811
1 1151 0.291162 -0.0971657
2 1151 0.2577 -0.0880388
1 1152 0.318539 -0.0971657
2 1152 0.282543 -0.0885458
1 1153 0.312455 -0.0849965
2 1153 0.274938 -0.0758695
2 498 -0.137752 -0.0637003
1 1154 0.303329 -0.0728272
2 1154 0.266826 -0.0637003
1 1155 0.324623 -0.0271926
2 1155 0.282543 -0.0175587
1 1156 -0.00694824 -0.021108
2 1156 -0.0419306 -0.00995293
1 1157 0.318539 0.0153997
2 1157 0.275952 0.0245266
1 1158 0.306371 0.018442
2 1158 0.263784 0.0275689
1 1159 0.297245 0.0366958
2 1159 0.25405 0.0452143
1 745 -0.019116 0.0519073
1 1160 0.297245 0.0640765
2 1160 0.245532 0.0732035
2 472 0.224239 0.118838
1 1161 0.245532 0.115796
2 1161 0.196861 0.124923
1 1162 0.221197 0.124923
2 1162 0.170092 0.132833
1 1163 -0.0434515 0.13405
2 1163 -0.0774198 0.142162
1 1164 0.415881 0.216192
2 1164 0.352 0.225319
1 1165 0.1634 0.301376
2 1165 0.126897 0.307461
1 1166 -0.187639 -0.111769
2 1166 -0.219884 -0.0971657
1 1167 0.00582789 -0.060658
2 1167 -0.0343256 -0.0497057
1 1168 0.338007 -0.060658
2 1168 0.297245 -0.0515311
1 1169 -0.0452766 0.114579
2 1169 -0.0854302 0.12188
1 1170 -0.0525773 0.129182
2 1170 -0.0854302 0.136483
2 530 -0.0708289 0.16143
1 1171 0.217547 0.183943
2 1171 0.173743 0.191245
1 1172 0.202945 0.205848
2 1172 0.159142 0.21315
1 1173 -0.224143 0.297117
2 1173 -0.3081 0.295292
3 3 -0.253841 -0.278
3 5 -0.258934 -0.276981
3 541 -0.207997 -0.238264
1 1174 -0.0368494 -0.14351
3 1174 -0.110199 -0.113963
1 758 -0.160117 -0.120076
3 34 -0.104086 -0.0609822
3 47 0.232098 0.0500738
1 1175 0.287109 0.040904
3 1175 0.21376 0.0653567
1 1176 0.121055 0.0459983
3 1176 -0.00526848 0.0684133
1 1177 0.18931 0.0673944
3 1177 0.0874367 0.0898094
3 967 0.0731744 0.0989791
3 59 0.150598 0.10713
1 1178 0.26266 0.0867528
3 1178 0.166287 0.109779
3 973 0.0762306 0.115281
3 569 0.149172 0.11956
1 1179 0.223948 0.145847
3 1179 0.140411 0.167243
3 581 -0.0826926 0.173356
1 1180 0.249416 0.172337
3 1180 0.182424 0.194874
1 1181 0.206629 0.204941
3 1181 0.130224 0.225318
3 113 0.0130688 0.287469
1 1182 0.162823 0.298676
3 1182 0.100273 0.317627
1 1183 0.14958 0.30377
3 1183 0.086418 0.321091
3 995 0.0690994 0.325166
1 1184 -0.139334 -0.279019
3 1184 -0.204126 -0.238672
1 1185 -0.119775 -0.231336
3 1185 -0.190679 -0.194657
3 599 -0.0941024 -0.127412
1 649 0.317875 -0.0944008
1 1186 0.326433 -0.0919556
3 1186 0.266735 -0.0650576
1 1187 -0.0977699 -0.0846198
3 1187 -0.150337 -0.0589445
3 1010 0.233524 0.0486474
1 1188 0.121055 0.0462021
3 1188 -0.00486096 0.0682095
3 180 -0.0953249 0.0779906
3 662 0.0770456 0.0963301
3 187 0.0758231 0.101221
1 1189 0.224966 0.0853264
3 1189 0.134013 0.108312
3 1019 0.0770456 0.11467
1 1190 0.12839 0.099998
3 1190 -0.0109734 0.120783
3 199 -0.0623178 0.123228
1 1191 -0.0342006 0.16113
3 1191 -0.0837113 0.176413
1 1192 0.249416 0.173356
3 1192 0.182131 0.195755
1 1193 0.242081 0.177024
3 1193 0.173329 0.199276
1 1194 0.134502 0.195363
3 1194 -0.0246245 0.211054
1 1195 0.205407 0.205145
3 1195 0.129612 0.225929
1 1196 0.401004 0.219816
3 1196 0.286091 0.246714
1 1197 0.173622 0.223484
3 1197 0.0966053 0.243046
1 1198 0.191959 0.243046
3 1198 0.122278 0.262657
3 1036 0.11641 0.29024
1 1199 0.160175 0.295619
3 1199 0.0973389 0.313714
3 1037 0.100273 0.318116
1 638 -0.196058 -0.324501
1 1200 -0.19019 -0.323033
3 1200 -0.255471 -0.277796
3 246 -0.231265 -0.232069
3 257 -0.0933689 -0.127901
1 1201 -0.16085 -0.120565
3 1201 -0.20486 -0.0926892
1 1202 -0.118308 -0.113229
3 1202 -0.166229 -0.0858424
1 1203 -0.0948359 -0.105894
3 1203 -0.144713 -0.0794847
1 1204 -0.0698972 -0.0970906
3 1204 -0.122709 -0.0706817
1 1205 0.315919 -0.0736161
3 1205 0.255528 -0.0467181
3 1045 0.233768 0.0481583
1 1206 0.296849 0.0334867
3 1206 0.224966 0.0584284
1 1207 0.120811 0.045224
3 1207 -0.00534993 0.0672314
3 287 -0.0948359 0.0775015
1 1208 -0.00975089 0.0598956
3 1208 -0.0831001 0.0789687
1 1209 0.178023 0.0642971
3 1209 0.078268 0.0863045
3 1048 0.08707 0.0892388
1 1210 0.238169 0.0804359
3 1210 0.142815 0.10391
3 192 0.0677059 0.114767
1 1211 0.226433 0.122984
3 1211 0.140615 0.145235
1 1212 0.2279 0.143524
3 1212 0.144282 0.165531
1 1213 0.223499 0.144991
3 1213 0.139881 0.166998
1 1214 0.2279 0.146458
3 1214 0.146923 0.167585
3 311 -0.0843225 0.170911
3 322 0.292448 0.243291
1 1215 0.182424 0.2697
3 1215 0.116996 0.289066
3 1066 0.102913 0.322517
1 1216 -0.222757 -0.337705
3 1216 -0.28261 -0.289289
3 330 -0.259725 -0.277845
1 1217 -0.164664 -0.272563
3 1217 -0.231559 -0.232069
3 684 -0.12711 -0.13377
3 685 -0.0942491 -0.128194
3 711 -0.14706 -0.0560101
1 1218 0.315919 -0.073616
3 1218 0.255773 -0.0472071
1 1219 0.328242 -0.0278406
3 1219 0.256066 -0.00319231
1 1220 0.146923 0.0408225
3 1220 0.0201756 0.0637102
1 1221 0.120517 0.0443437
3 1221 -0.00446973 0.0672314
3 1075 -0.0960095 0.077795
3 1076 -0.0836868 0.0795556
3 1083 0.149035 0.142585
1 1222 0.219098 0.148219
3 1222 0.132136 0.17005
1 1223 0.368731 0.155261
3 1223 0.252839 0.180203
1 1224 0.215578 0.188712
3 1224 0.138473 0.210192
3 1099 0.13284 0.234488
1 699 0.381053 0.218642
1 1225 0.388095 0.223924
3 1225 0.275431 0.250333
3 1102 0.130023 0.286249
1 781 -0.142483 -0.284183
3 451 -0.222757 -0.225027
1 1226 -0.161496 -0.119391
3 1226 -0.205857 -0.0919262
1 707 -0.0960094 -0.106715
1 1227 0.318032 -0.0707991
3 1227 0.256066 -0.0472071
3 1112 0.231844 0.0508932
3 1115 -0.0854472 0.0749781
1 1228 0.244096 0.0813162
3 1228 0.146923 0.104556
3 418 0.15326 0.106669
3 425 0.0666496 0.113007
1 1229 0.404643 0.222868
3 1229 0.293915 0.249159
1 1230 0.163823 0.301038
3 1230 0.102561 0.31963
3 492 -0.206702 -0.243196
3 1135 -0.153046 -0.0602355
3 723 0.254658 -0.0475592
1 1231 0.338312 -0.070799
3 1231 0.274938 -0.0429112
1 1232 0.318032 0.0153996
3 1232 0.245532 0.0397381
3 1140 0.0328503 0.0961052
3 469 0.159142 0.107277
1 1233 0.226774 0.088922
3 1233 0.125376 0.111739
1 1234 0.0239781 0.104134
3 1234 -0.0596752 0.12188
3 485 0.275783 0.243995
1 1235 0.18875 0.268925
3 1235 0.126897 0.289207
1 1236 0.15326 0.296813
3 1236 0.075184 0.313546
1 1237 -0.128626 -0.273619
3 1237 -0.192506 -0.234069
1 1238 -0.189464 -0.109335
3 1238 -0.231207 -0.0813626
3 1151 0.236407 -0.0728272
1 1239 0.202945 -0.0545734
3 1239 0.125798 -0.0296012
1 1240 0.260742 -0.0271926
3 1240 0.198889 -0.00234716
3 521 -0.0872076 0.0425831
1 1241 -0.10429 0.0306112
3 1241 -0.216842 0.0508932
1 1242 0.175568 0.0792881
3 1242 0.075184 0.100584
1 1243 -0.103682 -0.0862134
3 1243 -0.156003 -0.060658
1 1244 0.312455 -0.0862134
3 1244 0.254658 -0.0631933
1 793 0.305154 -0.075261
4 5 -0.27829 -0.264755
1 1245 -0.186604 -0.316716
4 1245 -0.27014 -0.260679
4 758 -0.217166 -0.0874726
1 1246 -0.141779 -0.119057
4 1246 -0.149929 -0.172038
1 1247 0.340084 -0.0406049
4 1247 0.240247 -0.00392592
1 1248 0.315634 0.0164513
4 1248 0.213817 0.0531467
4 47 0.199294 0.0620963
1 1249 0.129205 0.0429417
4 1249 -0.0572241 0.070451
1 1250 0.109849 0.130564
4 1250 0.00876839 0.132021
4 988 0.084136 0.293174
4 991 0.082669 0.297576
1 1251 0.168936 0.294601
4 1251 0.0724002 0.32105
1 1252 -0.209016 -0.341373
4 1252 -0.288478 -0.282687
1 1253 -0.156449 -0.120076
4 1253 -0.213906 -0.087065
4 1010 0.200028 0.0613628
1 1254 0.323254 -0.091222
4 1254 0.24257 -0.0516086
1 1255 0.329122 -0.0868205
4 1255 0.246971 -0.0472071
4 1206 0.190932 0.068992
4 327 -0.287891 -0.283127
4 1216 -0.301925 -0.277796
1 1256 0.0324983 -0.29369
4 1256 -0.244468 -0.0780176
1 1257 -0.161144 -0.119391
4 1257 -0.218532 -0.0877007
1 1258 0.294795 -0.0982644
4 1258 0.217631 -0.0604116
1 1259 0.31944 -0.0965038
4 1259 0.240223 -0.0577707
1 1260 0.303597 -0.0753766
4 1260 0.220565 -0.036937
1 1261 0.148683 0.29963
4 1261 0.036019 0.317236
1 1262 0.360281 -0.231365
4 1262 0.222971 -0.161646
1 1263 0.324369 -0.0919262
4 1263 0.243744 -0.0524889
1 1264 0.303245 -0.0750245
4 1264 0.220859 -0.0366436
4 1242 0.0350305 0.103626
4 1166 -0.244219 -0.0789118
5 1248 0.186215 0.0432874
5 574 -0.0197244 0.0853727
1 1265 0.00288143 0.160111
5 1265 -0.0959362 0.131583
5 993 0.035481 0.304178
1 1266 0.13817 -0.206883
5 1266 0.166898 0.0877716
1 1267 0.0244787 -0.129857
5 1267 -0.090435 -0.111762
5 284 0.129939 0.0707696
1 1268 0.217631 0.166998
5 1268 0.0553832 0.178149
1 1269 0.0665322 0.174334
5 1269 -0.0831001 0.170911
1 817 -0.104811 -0.254957
1 1270 0.161006 -0.105307
5 1270 -0.137378 0.0657643
1 1271 0.0606643 0.158782
5 1271 -0.0836868 0.155261
5 380 -0.10755 0.155017
1 1272 0.0677059 0.176388
5 1272 -0.0831001 0.1714
5 387 -0.0714865 0.264035
1 1273 0.315919 -0.0877007
5 1273 0.211764 -0.0633459
1 1274 0.0670722 0.175121
5 1274 -0.0833347 0.17005
5 1240 0.157485 -0.0137558
5 1164 0.150598 0.24162
1 1275 0.102561 0.304419
5 1275 -0.0136237 0.303151
6 12 0.329896 -0.246415
1 1276 -0.139742 -0.280037
6 1276 -0.211461 -0.243562
1 1277 0.0894742 -0.146567
6 1277 -0.167452 0.036421
1 1278 0.207648 -0.0355106
6 1278 0.100273 0.27997
1 1279 -0.205349 -0.325479
6 1279 -0.259725 -0.281366
6 592 -0.234199 -0.270216
6 119 -0.267084 -0.283094
6 236 0.355528 -0.264347
6 301 0.171992 0.132602
6 1079 0.0430605 0.165825
1 1280 -0.224869 -0.339114
6 1280 -0.282365 -0.29369
1 1281 -0.19107 -0.324325
6 1281 -0.252331 -0.281225
1 1282 -0.20797 -0.322212
6 1282 -0.268555 -0.279704
6 448 -0.252683 -0.281366
1 1283 -0.206702 -0.321789
6 1283 -0.267946 -0.279704
1 1284 -0.221912 0.294278
6 1284 -0.288243 0.250333
1 1285 0.117771 0.301376
6 1285 -0.00147277 0.300768
7 943 -0.28644 -0.276981
7 17 0.0375185 -0.182227
1 1286 -0.0643553 0.0541492
7 1286 -0.0786991 -0.0633459
1 1287 0.180142 0.0612812
7 1287 0.0599743 0.0914573
7 80 0.0741931 0.143809
7 990 -0.226982 0.0204701
7 993 -0.00852839 0.316404
1 1288 -0.22226 0.30377
7 1288 -0.537865 0.195363
7 169 0.106786 -0.0243194
1 1289 -0.219529 -0.342107
7 1289 -0.314883 -0.292223
7 265 0.18875 -0.0479817
1 1290 0.0357256 0.00561064
7 1290 -0.0317557 -0.0613897
1 1291 0.387801 0.139122
7 1291 -0.0582429 -0.205661
7 1066 -0.0082839 0.316649
7 388 -0.305058 -0.273619
7 344 -0.224908 -0.106627
7 358 -0.182855 -0.15431
7 371 -0.148398 -0.040376
1 1292 -0.0951644 -0.106293
7 1292 -0.225397 -0.105894
1 1293 -0.069815 0.0534285
7 1293 -0.0829967 -0.0637003
1 1294 -0.0596752 0.0813163
7 1294 -0.165737 0.140134
8 123 0.227411 -0.244785
1 855 0.037926 -0.249675
1 854 0.265308 0.126896
8 1194 0.0547963 0.108312
1 1295 -0.0229538 -0.298092
8 1295 -0.176283 -0.138406
1 1296 0.25724 0.144991
8 1296 0.127167 0.117115
8 1062 0.0539749 0.108781
8 657 0.0415935 0.0877717
8 1091 0.126679 0.117115
1 1297 -0.0343962 0.176388
8 1297 -0.171213 0.149768
8 376 0.123745 0.121516
1 1298 -0.0262984 0.208079
8 1298 -0.131921 0.241882
1 1299 0.257193 0.144698
8 1299 0.125798 0.117232
1 1300 0.129939 0.307461
8 1300 0.117771 0.146219
1 1301 0.14089 -0.0679595
8 1301 -0.0130321 -0.0697849
8 511 -0.171119 0.150126
9 129 0.081202 -0.0296012
9 144 -0.0157362 -0.161646
1 1302 -0.0735239 -0.047737
9 1302 -0.267695 0.0547605
1 1303 -0.0521304 0.105092
9 1303 -0.218796 0.129341
1 1304 0.308095 -0.211774
9 1304 -0.0256432 -0.128227
1 1305 -0.00608346 -0.0711708
9 1305 -0.229798 -0.0589445
9 854 0.0917154 0.104889
1 1306 0.0904929 0.301733
9 1306 -0.0219757 0.304178
9 332 -0.391166 0.158684
1 1307 0.308584 -0.211529
9 1307 -0.0256432 -0.128635
1 1308 0.0929379 0.313714
9 1308 -0.0174933 0.306827
1 1309 0.250785 0.183431
9 1309 0.0793243 0.186952
9 460 -0.021651 -0.0378407
1 1310 0.102561 0.303151
9 1310 -0.0115112 0.29963
1 1311 0.102561 0.304419
9 1311 -0.00975089 0.303444
1 1312 -0.0343256 0.0823304
9 1312 -0.214307 0.110894
1 1313 0.148561 0.0398851
10 1313 -0.0378681 0.013191
1 1314 0.0640057 0.131583
10 1314 -0.0745427 0.0816585
1 1315 0.223948 0.229393
10 1315 0.0813243 0.0684133
10 131 -0.333661 0.0478649
1 1316 0.251861 -0.165314
10 1316 0.112905 -0.261698
1 1317 0.107608 -0.127412
10 1317 -0.33371 0.0474247
10 1005 -0.0829967 -0.0302349
1 1318 -0.0109734 -0.027156
10 1318 -0.23041 0.0123759
10 1031 0.082343 0.0714699
1 1319 0.171177 0.294397
10 1319 -0.069815 0.26639
1 1320 0.308878 -0.212703
10 1320 -0.0258877 -0.198325
1 1321 0.0589039 0.134134
10 1321 -0.0801661 0.086598
1 1322 -0.0389731 0.0749781
10 1322 -0.333954 0.0481583
10 378 0.074677 0.111739
1 1323 0.145656 -0.00488241
10 1323 -0.0574278 -0.0149296
1 1324 0.229309 0.0813163
10 1324 0.0753341 -0.0163968
1 1325 0.252123 0.16498
10 1325 0.075184 0.109711
1 1326 0.221704 0.230896
10 1326 0.0666496 0.14681
1 1327 -0.027025 -0.0387534
10 1327 -0.204941 -0.0283786
1 1328 0.181161 -0.0528313
11 1328 -0.158079 -0.0742274
11 569 -0.0965474 0.0523153
11 89 0.112905 0.124451
1 1329 -0.0348119 0.177431
11 1329 -0.159383 0.165531
11 1251 -0.0185527 0.267939
1 1330 0.187069 -0.0467181
11 1330 -0.237133 -0.0564992
1 1331 0.105163 0.0572058
11 1331 0.144282 0.0188151
1 1332 -0.0513154 0.086549
11 1332 -0.169388 0.0926742
11 1199 -0.0410856 0.267235
1 1333 0.230834 -0.145507
11 1333 0.152636 -0.249472
1 1334 0.188292 -0.0472071
11 1334 -0.237133 -0.0574773
1 1335 0.288047 0.0540269
11 1335 -0.0818776 0.199031
11 296 -0.104811 0.0531467
1 1336 0.236702 0.155261
11 1336 0.100273 0.108312
1 1337 -0.0346896 0.177268
11 1337 -0.159383 0.165825
1 1338 -0.0126849 0.22275
11 1338 -0.145854 0.183545
11 1093 0.0993927 0.107725
11 1297 -0.159383 0.165825
1 1339 0.243744 0.176388
11 1339 0.100449 0.132021
11 1103 0.0204292 0.243573
1 1340 -0.0558728 0.00103313
11 1340 -0.158079 -0.0711708
1 1341 0.0265131 -0.293901
11 1341 0.0803055 0.018489
1 1342 0.264798 -0.00995293
11 1342 0.0183663 -0.0797292
1 902 -0.0373676 0.155346
11 530 -0.161496 0.14681
12 956 0.146923 0.0461043
1 1343 -0.220018 -0.342596
12 1343 -0.254737 -0.350909
12 234 0.414207 -0.324501
1 903 0.491468 -0.310807
1 1344 0.0244787 0.104889
12 1344 -0.0933689 0.0672314
1 1345 0.141837 0.272389
12 1345 0.0672657 -0.20077
12 236 0.408339 -0.320099
1 1346 0.210297 -0.0692146
12 1346 0.226774 0.00525861
1 1347 -0.0522934 0.130319
12 1347 -0.101291 0.148219
12 1066 0.13328 0.263831
12 1216 -0.255471 -0.346263
1 1348 0.162766 -0.177491
12 1348 0.248397 -0.0344918
1 1349 0.0148944 -0.0771372
12 1349 -0.110374 0.0579919
1 1350 0.22438 0.229206
12 1350 0.178512 0.152571
1 1351 0.201424 -0.0530523
12 1351 0.187273 -0.0212466
12 1238 -0.199872 -0.140519
1 1352 -0.0373676 0.0762458
12 1352 -0.0817799 0.0744204
13 233 -0.204941 -0.308566
13 123 0.399782 -0.274128
1 1353 -0.00221227 -0.138416
13 1353 -0.0354231 -0.140861
1 917 0.0110313 -0.133321
13 148 -0.00388295 -0.129368
1 1354 -0.0602803 -0.0314352
13 1354 -0.0941024 0.0388663
1 1355 -0.022587 0.0714699
13 1355 0.0680807 0.092866
1 1356 0.23821 0.0816585
13 1356 0.139392 0.0796207
1 1357 0.259603 0.0816585
13 1357 0.15015 0.0789687
13 1181 0.129205 0.204941
1 1358 0.338658 -0.132303
13 1358 0.3301 -0.115186
1 1359 0.14795 0.00952307
13 1359 0.237191 0.033772
13 207 -0.0276807 -0.160831
13 1199 0.096224 0.296813
13 1210 0.136947 0.0789687
13 330 0.449415 -0.296625
1 237 -0.182268 -0.314817
13 1081 0.134248 0.106669
13 1104 0.0949566 0.296813
1 1360 -0.197407 -0.324325
13 1360 0.449708 -0.297211
13 392 -0.191657 -0.284887
13 1228 0.140586 0.0792035
13 449 -0.19283 -0.286648
1 1361 0.184694 -0.060658
13 1361 0.142107 -0.0545734
1 1362 0.102561 0.0944996
13 1362 -0.0306753 0.0817219
1 1363 0.0426122 -0.202604
14 1363 0.27367 -0.0313618
1 1364 0.00125147 -0.0552765
14 1364 -0.00147277 -0.0168488
1 1365 0.271421 0.00585516
14 1365 0.322961 0.021456
1 1366 0.105163 0.0620963
14 1366 0.0113034 0.0245266
14 203 0.171005 0.099063
1 1367 -0.0464255 -0.0413385
14 1367 0.160358 0.0214842
1 1368 0.219098 0.0745672
14 1368 0.24636 0.0836962
14 1210 0.245749 0.0841038
1 1369 0.24257 0.081903
14 1369 0.245504 0.0848373
1 784 0.289514 0.0496255
1 1370 0.241983 0.0813162
14 1370 0.245504 0.0848374
1 1371 0.108195 0.0918797
14 1371 0.0621313 0.0804359
14 1103 0.218746 0.279911
14 1104 0.193397 0.305264
1 1372 0.16171 -0.252492
14 1372 0.231844 -0.260943
1 1373 0.260996 -0.0285448
14 1373 0.318032 -0.0124882
1 1374 0.231421 0.0813162
14 1374 0.240223 0.086598
14 418 0.250433 0.0855416
14 1324 0.237759 0.0855416
1 901 0.102561 0.0863868
1 1375 0.294203 -0.00224571
14 1375 0.337044 0.00103313
2 1376 -0.252822 -0.318754
3 1376 -0.27014 -0.29532
2 1377 -0.265047 -0.31366
3 1377 -0.283384 -0.290226
3 943 -0.252822 -0.281056
2 1378 0.449089 -0.303471
3 1378 0.413433 -0.285132
2 768 0.417508 -0.285132
2 1379 0.0324248 -0.182227
3 1379 0.0110313 -0.165925
2 1380 0.273866 -0.177132
3 1380 0.240247 -0.158793
2 1381 0.194404 -0.171019
3 1381 0.139392 -0.150642
2 1382 -0.0490742 -0.148604
3 1382 -0.0714865 -0.132303
3 547 -0.0938987 -0.127208
2 1383 0.236172 -0.14351
3 1383 0.203573 -0.126189
2 1384 -0.0174933 -0.116001
3 1384 -0.0419431 -0.100718
2 758 -0.192716 -0.106831
2 1385 -0.220222 -0.0956235
3 1385 -0.232447 -0.0813594
3 151 -0.144836 -0.0793217
2 1386 0.259603 -0.0874726
3 1386 0.239229 -0.0711708
2 1387 0.282016 -0.084416
3 1387 0.260622 -0.0681142
3 947 -0.119367 -0.0681142
2 1186 0.290166 -0.0813594
2 1388 0.160786 -0.0732085
3 1388 0.130224 -0.0569067
3 948 -0.102049 -0.0579256
2 1389 0.291184 -0.0711708
3 1389 0.266735 -0.054869
3 154 -0.146873 -0.0558879
2 1390 0.267753 -0.0650576
3 1390 0.243304 -0.0487558
2 1205 0.278959 -0.0640388
2 1391 0.0803055 -0.0599633
3 1391 0.0426122 -0.0446804
2 1392 -0.0490742 -0.0538501
3 1392 -0.0708752 -0.0406049
2 1393 0.158748 -0.0497747
3 1393 0.144282 -0.0357144
2 1394 0.208667 -0.0487558
3 1394 0.187273 -0.0334729
2 1395 0.078268 -0.0446804
3 1395 0.0371926 -0.0296012
2 1396 -0.116311 -0.0385672
3 1396 -0.138112 -0.0259333
3 953 0.169954 -0.0222654
2 1397 0.146523 -0.0344918
3 1397 0.131242 -0.0202277
3 954 0.195627 -0.000258011
2 1398 0.0915116 -0.00290706
3 1398 0.0670619 0.0103381
2 1399 0.102718 0.00830042
3 1399 0.078268 0.0215456
3 958 -0.0959362 0.0225645
2 1400 0.0915116 0.0123759
3 1400 0.0670619 0.0256211
3 959 0.215798 0.0286777
2 1401 -0.0215683 0.0164513
3 1401 -0.0602803 0.0296965
2 1402 0.23821 0.0225645
3 1402 0.211519 0.0376437
2 1403 0.249416 0.0246022
3 1403 0.220891 0.0398851
2 1404 0.272847 0.0266399
3 1404 0.244526 0.0425342
2 1010 0.263678 0.0327531
2 1405 0.0324248 0.0358097
3 1405 -0.0154559 0.0490549
3 960 -0.218185 0.0551681
2 1175 0.244322 0.0490549
2 1406 -0.10103 0.0500738
3 1406 -0.127517 0.0612812
2 759 0.241266 0.0541492
3 559 0.202554 0.0714699
2 1407 0.261641 0.0561869
3 1407 0.231079 0.0724887
2 1408 0.112905 0.0572058
3 1408 0.0758231 0.0706548
2 1409 0.218854 0.0572058
3 1409 0.183402 0.0731
2 1410 -0.0572241 0.0643378
3 1410 -0.0837113 0.0755453
2 1411 -0.0521304 0.0653567
3 1411 -0.0806551 0.0767679
3 964 -0.0837113 0.077583
2 1412 0.260622 0.0663755
3 1412 0.23006 0.0816585
2 1413 0.119018 0.0836962
3 1413 0.0772493 0.0969414
2 1414 0.132261 0.0857339
3 1414 0.0904929 0.0989791
2 1415 0.124111 0.0918471
3 1415 0.0813243 0.105092
2 1416 0.201535 0.0938848
3 1416 0.162823 0.109168
3 971 -0.088805 0.106111
3 62 0.240247 0.123432
3 570 -0.0541679 0.121394
2 1417 0.0915116 0.117319
3 1417 0.0497434 0.130564
2 1418 0.107811 0.117319
3 1418 0.0701181 0.129545
2 1419 0.180142 0.132602
3 1419 0.144486 0.145847
2 1420 0.183198 0.134639
3 1420 0.146523 0.148903
2 1421 0.198479 0.143809
3 1421 0.16262 0.158684
2 1179 0.175048 0.152979
2 1422 -0.0735239 0.159092
3 1422 -0.0928799 0.167243
2 1423 0.106793 0.17845
3 1423 0.0711369 0.190677
2 1424 0.104755 0.19679
3 1424 0.0711369 0.209016
2 1425 0.200517 0.204941
3 1425 0.174844 0.218594
2 1426 0.193385 0.212073
3 1426 0.166287 0.225929
2 1427 0.15773 0.213092
3 1427 0.126149 0.226337
2 1428 0.161805 0.222261
3 1428 0.131242 0.235507
3 585 0.275903 0.246714
2 1429 0.152636 0.246714
3 1429 0.124111 0.25894
2 1430 0.168936 0.267091
3 1430 0.144282 0.279725
2 1431 0.0986428 0.304789
3 1431 0.0721556 0.314978
2 1432 0.113924 0.304789
3 1432 0.0874367 0.315997
3 993 0.0996615 0.319053
2 1183 0.110868 0.310902
2 1433 -0.3386 -0.380497
3 1433 -0.352047 -0.352377
2 1434 0.234746 -0.370716
3 1434 0.215578 -0.35179
2 1435 -0.290923 -0.349931
3 1435 -0.306815 -0.324256
2 1436 -0.0928799 -0.33526
3 1436 -0.101437 -0.314475
3 116 -0.288478 -0.309584
2 1437 -0.256693 -0.320588
3 1437 -0.273808 -0.297358
2 1438 -0.253026 -0.318143
3 1438 -0.27014 -0.294913
3 589 -0.253026 -0.281464
2 1439 -0.250581 -0.303471
3 1439 -0.269122 -0.280037
2 1200 -0.235911 -0.301026
2 234 0.442569 -0.301026
2 1440 0.414452 -0.285132
3 1440 0.381405 -0.267281
2 1441 -0.211461 -0.253343
3 1441 -0.232243 -0.232559
2 1442 0.273866 -0.17754
3 1442 0.240859 -0.1592
2 1443 0.255529 -0.161646
3 1443 0.222619 -0.14404
3 645 -0.126498 -0.132303
2 1444 -0.0488705 -0.149419
3 1444 -0.0720977 -0.132303
2 1445 0.222521 -0.13108
3 1445 0.190737 -0.113963
3 146 -0.0720977 -0.109072
3 601 -0.0696527 -0.106627
2 1446 -0.0134184 -0.118854
3 1446 -0.0366456 -0.102959
2 1447 0.201739 -0.111518
3 1447 0.172155 -0.0956235
2 1202 -0.151559 -0.100514
2 151 -0.129554 -0.0944008
3 268 -0.0366456 -0.0797292
2 1448 0.292203 -0.077284
3 1448 0.270198 -0.0601671
3 603 -0.108772 -0.0626123
3 653 -0.146669 -0.0564992
2 1449 0.270198 -0.0662802
3 1449 0.249416 -0.0497747
2 1450 -0.136889 -0.0650576
3 1450 -0.154004 -0.0516086
2 1451 0.30076 -0.0601671
3 1451 0.275088 -0.0430502
2 770 0.299538 -0.0528313
2 1452 0.141837 -0.0418276
3 1452 0.125212 -0.0281341
2 1453 0.150395 -0.0418276
3 1453 0.13548 -0.0281341
2 1454 -0.119775 -0.0381597
3 1454 -0.138845 -0.0251997
2 1455 0.1235 -0.0381597
3 1455 0.0945679 -0.0232843
2 1456 -0.129554 -0.0283786
3 1456 -0.152986 -0.0151334
2 1457 0.111275 -0.0198201
3 1457 0.0885369 -0.00612663
2 1458 0.216409 -0.0161522
3 1458 0.194404 -0.000869334
2 1459 -0.0916575 -0.0100391
3 1459 -0.104086 0.00218725
2 1460 -0.0525379 -0.0075938
3 1460 -0.069449 0.00524384
2 1461 0.0917154 -0.00392589
3 1461 0.0660432 0.0107457
2 1462 0.107608 -0.00270327
3 1462 0.083158 0.0119683
3 1008 -0.0745426 0.0205268
2 1463 0.0904929 0.013191
3 1463 0.0660432 0.02664
3 1046 -0.0170858 0.0523153
3 613 0.00247397 0.0657643
3 1014 0.202962 0.0706548
2 1464 -0.0623178 0.0608737
3 1464 -0.0892125 0.0731
2 1465 -0.0562054 0.063319
3 1465 -0.0831001 0.0755453
3 179 -0.0843225 0.0779906
3 615 0.078268 0.0853264
3 616 0.0843805 0.086549
2 1466 -0.207794 0.0755453
3 1466 -0.254859 0.0857339
3 1016 0.0868255 0.0902169
2 1467 -0.0696527 0.0792132
3 1467 -0.0977699 0.0902169
3 1017 0.0733781 0.0987754
2 1468 0.13328 0.0853264
3 1468 0.0904929 0.0987754
2 1469 0.180957 0.0889943
3 1469 0.14306 0.103666
2 1470 0.184624 0.0902169
3 1470 0.146727 0.104889
3 185 0.150395 0.107334
2 1471 0.200517 0.0938848
3 1471 0.161397 0.108556
2 1472 0.209074 0.0975528
3 1472 0.167754 0.112713
3 1018 0.0684882 0.11467
3 621 -0.0602803 0.113243
2 1473 0.288536 0.108556
3 1473 0.243304 0.124451
2 1474 -0.0525379 0.109779
3 1474 -0.0831001 0.11956
2 1475 0.290981 0.111002
3 1475 0.244526 0.128119
2 1476 0.206629 0.120783
3 1476 0.170688 0.136188
2 1477 0.222521 0.135454
3 1477 0.190737 0.150126
2 1478 0.114943 0.1379
3 1478 0.0770456 0.150126
2 1479 0.174844 0.153794
3 1479 0.139392 0.167243
3 1030 -0.088805 0.165205
2 1480 0.158952 0.168466
3 1480 0.122278 0.181914
2 1481 0.169954 0.173356
3 1481 0.136947 0.186805
2 1482 0.105163 0.196586
3 1482 0.0709332 0.208812
2 1483 0.165065 0.196586
3 1483 0.132546 0.209546
2 1484 0.168732 0.196586
3 1484 0.136947 0.209546
2 1485 0.161397 0.21248
3 1485 0.129612 0.225685
2 1486 0.158952 0.221039
3 1486 0.128145 0.233021
2 1487 0.343547 0.232043
3 1487 0.294241 0.249771
2 1488 0.183402 0.238156
3 1488 0.158952 0.250627
2 1489 0.187069 0.238156
3 1489 0.158952 0.251605
2 1490 0.10883 0.239378
3 1490 0.0758231 0.250382
2 1491 0.15284 0.246714
3 1491 0.1235 0.25894
2 1492 0.0990503 0.304178
3 1492 0.0721556 0.313959
2 1493 0.116165 0.304178
3 1493 0.0904929 0.315182
2 1494 -0.0816331 -0.325968
3 1494 -0.0919019 -0.305428
3 676 -0.284077 -0.295157
3 327 -0.270874 -0.295157
2 1495 -0.231265 -0.276084
3 1495 -0.251803 -0.254077
3 680 -0.20486 -0.239405
2 246 -0.210728 -0.25261
2 1496 -0.0317557 -0.135237
3 1496 -0.0552274 -0.119098
2 1497 0.223499 -0.132303
3 1497 0.191226 -0.114697
3 260 -0.0713642 -0.108828
3 647 -0.0522934 -0.0926892
2 1498 -0.0449585 -0.0926892
3 1498 -0.0720977 -0.077284
2 1499 0.0254567 -0.0897548
3 1499 0.000843949 -0.0752462
2 1500 -0.0434915 -0.0882877
3 1500 -0.0708752 -0.0736161
2 1204 -0.105105 -0.0853533
2 1501 0.282179 -0.0853533
3 1501 0.260174 -0.0692146
2 1187 -0.134444 -0.0721489
2 1502 -0.128577 -0.0706817
3 1502 -0.14618 -0.0560101
2 1503 0.290981 -0.0706817
3 1503 0.267509 -0.054543
3 350 -0.140312 -0.0428057
2 1504 0.299783 -0.0530758
3 1504 0.273377 -0.036937
2 771 0.301249 -0.0486743
2 1505 0.172155 -0.0442728
3 1505 0.157485 -0.0296012
2 1506 0.148683 -0.0413385
3 1506 0.1346 -0.0278406
2 1507 0.158952 -0.036937
3 1507 0.144282 -0.0222654
2 1508 0.189759 -0.036937
3 1508 0.171177 -0.0222654
2 1509 0.154551 -0.0325355
3 1509 0.139881 -0.0178639
3 1042 0.268976 -0.0149296
3 656 -0.0989924 -0.0112617
2 1510 -0.0640293 -0.0105281
3 1510 -0.0772321 0.00120915
2 1511 -0.0522934 -0.0075938
3 1511 -0.0684302 0.00463254
2 1512 0.107608 -0.00319231
3 1512 0.082669 0.0114793
2 1513 0.232301 -0.000258011
3 1513 0.211764 0.0144136
2 1514 -0.0229538 0.0158808
3 1514 -0.0610953 0.0290852
2 1515 0.255773 0.0217494
3 1515 0.22614 0.0373014
3 1044 -0.0156188 0.0481583
2 1516 0.241103 0.045224
3 1516 0.210297 0.0613628
2 1517 0.244037 0.0496255
3 1517 0.213231 0.0657643
2 1207 0.0474614 0.0525598
2 1518 0.235235 0.0540269
3 1518 0.202962 0.0701657
2 1519 -0.0625623 0.0613628
3 1519 -0.088968 0.0731
2 1520 0.0445274 0.0657643
3 1520 -0.00852839 0.0792132
2 1208 -0.0566944 0.0672314
2 1521 0.119344 0.0833702
3 1521 0.0768011 0.0965746
2 1522 0.185358 0.090706
3 1522 0.147216 0.105378
2 1523 0.189759 0.0921731
3 1523 0.151617 0.106845
3 664 0.144282 0.109779
3 1051 0.0679992 0.114181
2 1524 0.11641 0.100976
3 1524 0.078268 0.114181
2 1525 0.213231 0.100976
3 1525 0.175089 0.115648
3 666 -0.0598728 0.113447
2 1526 -0.0816331 0.108312
3 1526 -0.10266 0.118337
2 1527 0.288047 0.108312
3 1527 0.24257 0.124451
2 1528 -0.0214868 0.109779
3 1528 -0.0549829 0.120783
2 199 -0.0288217 0.112713
2 1529 0.106141 0.117115
3 1529 0.0697107 0.129341
2 1530 0.183891 0.128852
3 1530 0.14795 0.14279
2 1531 0.176556 0.130319
3 1531 0.139881 0.144991
3 1055 0.144282 0.144991
2 1532 0.176556 0.134721
3 1532 0.139881 0.149392
2 1533 -0.0669632 0.159663
3 1533 -0.0867675 0.168466
3 313 0.122278 0.18167
2 1534 0.314452 0.224218
3 1534 0.267509 0.240356
2 1229 0.343792 0.231553
2 1535 0.183891 0.237422
3 1535 0.159246 0.250333
2 1536 0.0958719 0.30051
3 1536 0.0694662 0.31078
2 1537 0.125212 0.303444
3 1537 0.10174 0.313714
2 1538 0.085603 0.304912
3 1538 0.0606643 0.315182
2 1539 0.0900039 0.307846
3 1539 0.0635983 0.318116
2 1540 0.0944049 0.315182
3 1540 0.0679992 0.325452
2 1541 -0.252683 -0.318339
3 1541 -0.270287 -0.295451
2 1542 -0.254444 -0.300733
3 1542 -0.273456 -0.277845
3 331 -0.254444 -0.277845
3 389 -0.0713642 -0.262
3 702 -0.245935 -0.254077
2 1217 -0.210434 -0.253197
2 1543 -0.0484792 -0.149322
3 1543 -0.0713642 -0.133476
2 1544 -0.0326358 -0.135237
3 1544 -0.0555207 -0.119391
2 1545 -0.0467188 -0.124673
3 1545 -0.0713642 -0.108828
2 1546 -0.0132716 -0.119391
3 1546 -0.0361566 -0.103546
3 686 -0.052 -0.0929826
2 1547 -0.19283 -0.107067
3 1547 -0.205153 -0.0929826
2 1548 -0.0449585 -0.0929826
3 1548 -0.0728312 -0.0780176
2 1549 0.259587 -0.0877008
3 1549 0.238463 -0.0718554
2 1550 0.282472 -0.0859402
3 1550 0.261348 -0.0700949
2 1551 -0.245642 -0.082419
3 1551 -0.256693 -0.0687255
2 1552 0.161006 -0.073616
3 1552 0.130023 -0.0581228
2 1553 0.291274 -0.0700949
3 1553 0.266629 -0.0542495
2 1554 -0.136498 -0.0648131
3 1554 -0.154102 -0.0507283
2 1555 0.268389 -0.0648131
3 1555 0.245504 -0.0489677
2 1556 0.300076 -0.0524889
3 1556 0.27367 -0.0366436
2 1557 0.205015 -0.0472071
3 1557 0.183891 -0.0325355
2 1558 0.0800285 -0.0436859
3 1558 0.0391878 -0.0276997
2 1559 0.189172 -0.0366436
3 1559 0.170688 -0.0222654
2 1560 0.145163 -0.034883
3 1560 0.127911 -0.020094
2 1561 0.278951 -0.0190376
3 1561 0.250785 -0.00319231
2 1219 0.284233 -0.0190376
2 1562 0.0958719 -0.00143172
3 1562 0.0694662 0.012653
3 657 0.212057 0.0144136
2 1563 0.106434 0.0249772
3 1563 0.079735 0.0393553
2 1564 0.238463 0.0249772
3 1564 0.212057 0.0408225
3 1043 0.244096 0.0411747
2 1565 0.0324983 0.0337802
3 1565 -0.015032 0.0478649
2 1566 0.263108 0.0337802
3 1566 0.233182 0.0496255
2 1567 0.240223 0.0355408
3 1567 0.212057 0.0513861
2 1568 0.0324983 0.0390619
3 1568 -0.0167924 0.0531467
2 1569 0.243744 0.0443437
3 1569 0.212057 0.0601891
2 1220 0.0729869 0.0496255
3 411 0.213817 0.0654709
2 1570 -0.0766453 0.0549073
3 1570 -0.103051 0.0654709
2 1571 0.238463 0.0549073
3 1571 0.208536 0.0707526
2 1572 0.243744 0.0601891
3 1572 0.212057 0.0760344
2 1573 0.261348 0.0601891
3 1573 0.229309 0.0770908
2 1574 -0.0572811 0.0637102
3 1574 -0.0836868 0.0760344
3 1074 -0.00799048 0.0795556
2 1575 0.261348 0.0672314
3 1575 0.229309 0.0834289
3 1078 0.0923511 0.0971615
2 1576 0.129319 0.0848374
3 1576 0.08707 0.0989221
2 1577 0.127559 0.0883586
3 1577 0.0853096 0.102443
2 779 0.190932 0.0918797
3 420 0.143402 0.109486
2 1578 -0.0255943 0.102443
3 1578 -0.0596283 0.112713
3 1120 -0.102171 0.118582
2 1579 -0.052 0.109486
3 1579 -0.0831001 0.120049
3 694 -0.0566944 0.120049
3 368 -0.0572811 0.12181
3 1083 0.148683 0.142937
3 1084 0.139881 0.146458
3 1085 0.148683 0.146458
2 1580 0.196214 0.144698
3 1580 0.162766 0.158782
3 1089 0.139881 0.167585
3 1090 0.143402 0.167585
2 1581 0.215578 0.1535
3 1581 0.185651 0.167585
2 1582 0.155725 0.215121
3 1582 0.123686 0.227093
2 1583 0.352887 0.227445
3 1583 0.302716 0.244758
2 1584 0.183891 0.238009
3 1584 0.157485 0.250333
2 1585 0.102913 0.27146
3 1585 0.0747474 0.282024
2 1586 0.0958719 0.30139
3 1586 0.0694662 0.311954
2 1587 0.101153 0.303151
3 1587 0.0729869 0.313715
2 1588 -0.0579853 -0.28207
3 1588 -0.0727724 -0.263056
2 1589 0.235646 -0.144744
3 1589 0.202945 -0.127589
2 1226 -0.193182 -0.106715
3 1107 -0.0389731 -0.0813626
3 706 0.260996 -0.0707991
2 1590 0.288457 -0.0813626
3 1590 0.26522 -0.0644609
2 1591 0.277895 -0.0792499
3 1591 0.256066 -0.0630525
2 709 0.275783 -0.0686864
3 1108 0.271558 -0.034883
2 1592 0.159598 -0.0369957
3 1592 0.145656 -0.0226292
2 1593 0.142698 -0.034883
3 1593 0.125376 -0.0200939
2 1594 0.294795 -0.0285448
3 1594 0.267333 -0.0124882
2 1595 0.288457 -0.0264321
3 1595 0.258883 -0.00953041
2 1596 0.218746 -0.0158686
3 1596 0.195509 -0.00107956
2 1597 -0.0748849 -0.0137558
3 1597 -0.0896721 -0.00107956
2 1598 0.231421 -0.00107956
3 1598 0.210297 0.0137094
2 1599 0.239871 0.0348365
3 1599 0.210297 0.0496255
2 1600 0.195509 0.0475128
3 1600 0.162766 0.0619496
3 1114 -0.102347 0.0665272
2 1601 0.214522 0.0559636
3 1601 0.17861 0.0707527
2 1602 0.237759 0.0601891
3 1602 0.206072 0.0770908
2 1603 -0.0685475 0.0665272
3 1603 -0.0981219 0.0770908
2 1604 -0.07066 0.0792035
3 1604 -0.0977699 0.0901191
2 1605 0.0666496 0.0855416
3 1605 0.0113737 0.0989221
2 1606 0.199734 0.0918798
3 1606 0.16171 0.106669
3 1119 0.132136 0.108781
2 1607 0.165935 0.0961052
3 1607 0.125798 0.110894
2 425 0.104674 0.100331
2 1608 -0.0262984 0.102443
3 1608 -0.0600977 0.113007
3 1141 -0.103051 0.118289
2 1609 0.113124 0.108781
3 1609 0.0750995 0.121458
3 975 0.241983 0.125683
2 1083 0.184947 0.127796
3 1124 0.142698 0.144698
2 1610 0.184947 0.132021
3 1610 0.149035 0.14681
3 1127 0.159598 0.159487
2 1611 0.106786 0.176388
3 1611 0.0712266 0.188712
3 1095 -0.0255943 0.2116
2 1612 0.351831 0.227093
3 1612 0.301132 0.243995
2 1613 0.320144 0.233432
3 1613 0.27367 0.250333
2 1614 0.18706 0.235544
3 1614 0.1634 0.248643
2 1615 0.115236 0.305264
3 1615 0.0898867 0.315827
2 1616 -0.237121 -0.301507
3 1616 -0.254866 -0.27869
2 1617 -0.252331 -0.298972
3 1617 -0.271597 -0.276662
3 718 -0.191492 -0.233055
2 1618 -0.201632 -0.245732
3 1618 -0.221912 -0.22545
3 456 -0.0393956 -0.0809401
2 1619 0.140586 -0.0353055
3 1619 0.123855 -0.021108
2 1620 -0.0748848 -0.0124882
3 1620 -0.0900945 0.000188114
2 1621 -0.069815 -0.00488241
3 1621 -0.0896721 0.0073713
2 1622 0.239449 0.0331464
3 1622 0.211564 0.0483579
2 1623 0.254658 0.0458227
3 1623 0.224239 0.0610342
2 1624 0.029048 0.0711752
3 1624 -0.021651 0.0838515
3 732 0.145656 0.106669
2 1625 0.191285 0.0914573
3 1625 0.15326 0.106669
2 778 0.117771 0.099063
2 1626 0.18875 0.104134
3 1626 0.148191 0.119345
2 1627 0.0265131 0.114275
3 1627 -0.0291151 0.127092
2 1628 0.107631 0.154839
3 1628 0.0721421 0.167515
3 1146 0.130446 0.17005
2 1629 -0.06728 0.185262
3 1629 -0.0833347 0.19329
2 1630 0.171005 0.195403
3 1630 0.138051 0.208079
2 1631 0.15326 0.215685
3 1631 0.126897 0.228361
2 1632 0.350986 0.225826
3 1632 0.300287 0.243573
2 1633 0.343381 0.233432
3 1633 0.292682 0.251178
2 1634 0.0974916 0.273996
3 1634 0.0696072 0.284137
3 1133 0.108645 0.310503
2 1635 0.0873518 0.301883
3 1635 0.0594673 0.312024
2 1636 0.120306 0.306954
3 1636 0.0974916 0.317095
2 1637 -0.222926 -0.273619
3 1637 -0.244219 -0.252323
2 492 -0.186422 -0.264492
2 1638 0.282036 -0.0880388
3 1638 0.263784 -0.0728272
2 1639 -0.110374 -0.0454465
3 1639 -0.125584 -0.0332772
2 1640 0.172526 -0.0454465
3 1640 0.159142 -0.0314519
2 1641 0.184694 -0.0393619
3 1641 0.169484 -0.0241503
2 1642 0.227281 -0.021108
3 1642 0.205987 -0.00589648
2 1643 -0.0617031 -0.0119811
3 1643 -0.0723499 0.000188114
2 1644 0.0234711 -0.0089388
3 1644 -0.019116 0.00525861
2 1645 -0.101248 -0.0028542
3 1645 -0.125584 0.00931502
2 1646 0.236407 0.0123573
3 1646 0.212071 0.0275689
2 1647 -0.0769128 0.0306112
3 1647 -0.0890805 0.0415635
3 743 0.210246 0.048865
2 1648 -0.0860386 0.112753
3 1648 -0.105304 0.12188
2 1649 0.0660582 0.12188
3 1649 0.00826145 0.13405
2 1650 0.0265131 0.137092
3 1650 -0.0343256 0.149261
2 1651 0.105603 0.155346
3 1651 0.0691001 0.167515
3 530 -0.0875596 0.17005
2 1235 0.151232 0.277038
2 1652 0.0386808 0.28008
3 1652 0.0113034 0.289207
2 1653 0.0812679 0.307461
3 1653 0.0538905 0.316588
2 1654 -0.220492 -0.0971657
3 1654 -0.235093 -0.0825626
2 793 0.265001 -0.0643087
2 1655 0.173743 -0.060658
3 1655 0.159142 -0.0460549
2 1656 0.14454 -0.0424042
3 1656 0.129939 -0.0278011
2 1657 0.228498 -0.0204996
3 1657 0.206596 -0.00589648
2 1658 -0.0817799 -0.00589648
3 1658 -0.0921225 0.00627271
2 1659 0.0788344 0.00870659
3 1659 0.0496318 0.0233096
2 1660 -0.0635282 0.0525158
3 1660 -0.0854302 0.0634681
2 1661 0.126289 0.0817219
3 1661 0.0824847 0.096325
2 1662 0.217547 0.136483
3 1662 0.184694 0.151087
3 530 -0.0890805 0.170557
2 1663 -0.0562276 0.21315
3 1663 -0.0708289 0.220451
2 1664 0.316105 0.227753
3 1664 0.275952 0.243573
2 1665 0.468445 -0.309584
4 1665 0.399171 -0.275962
4 1378 0.379815 -0.270868
2 1666 -0.255878 -0.300415
4 1666 -0.293571 -0.264755
2 1667 0.414452 -0.285132
4 1667 0.349252 -0.251509
4 944 -0.225316 -0.228076
4 542 -0.252822 -0.221962
2 1668 -0.171323 -0.253547
4 1668 -0.212072 -0.222981
2 1669 -0.0857488 -0.181208
4 1669 -0.130777 -0.15431
2 1670 0.0222374 -0.163887
4 1670 -0.0521304 -0.136378
2 1671 0.25451 -0.160831
4 1671 0.185847 -0.129857
4 1382 -0.0953249 -0.123744
4 1383 0.168936 -0.113963
4 548 -0.0989924 -0.101737
4 1384 -0.0674115 -0.0925669
2 1672 0.202554 -0.111925
4 1672 0.135725 -0.0833971
4 151 -0.161135 -0.0732085
4 34 -0.12222 -0.0552765
4 551 -0.106124 -0.0446804
4 1392 -0.0867675 -0.0334729
2 1673 -0.100011 -0.0355106
4 1673 -0.128536 -0.01819
2 1674 0.286091 -0.0243032
4 1674 0.184694 0.00505582
2 1675 0.00593764 0.00524384
4 1675 -0.0704677 0.0246022
4 167 0.183198 0.0531303
2 1676 0.25451 0.0419229
4 1676 0.189514 0.0694322
4 759 0.175048 0.0806396
4 1413 0.0283499 0.104073
4 663 0.0996615 0.113243
4 59 0.103736 0.1163
2 1677 0.168936 0.109168
4 1677 0.082343 0.131583
4 1417 0.00369647 0.135454
4 1419 0.101699 0.155017
4 1420 0.104755 0.157054
4 1421 0.124723 0.167243
4 1179 0.0986428 0.175394
4 579 -0.116311 0.164186
4 1422 -0.114273 0.168262
4 983 0.0966053 0.19679
4 1424 0.0303874 0.214111
4 1427 0.088048 0.233265
2 1678 0.354346 0.227356
4 1678 0.240247 0.257922
2 1679 0.143467 0.279318
4 1679 0.083158 0.298065
4 1432 0.0558558 0.321091
2 1680 0.11698 0.304789
4 1680 0.0587083 0.321295
4 116 -0.305592 -0.296135
2 1681 0.448681 -0.303471
4 1681 0.380222 -0.27046
4 590 -0.278698 -0.26557
2 1682 0.418119 -0.286354
4 1682 0.353327 -0.253343
4 594 -0.171119 -0.189522
4 596 -0.150337 -0.172649
2 1683 -0.085545 -0.181208
4 1683 -0.130044 -0.15431
4 643 -0.172341 -0.145751
4 1443 0.186825 -0.130835
4 601 -0.0953249 -0.0980687
2 1684 0.0110313 -0.100514
4 1684 -0.0368494 -0.077284
4 151 -0.161339 -0.0736161
2 1685 0.226189 -0.0662802
4 1685 0.185847 -0.0381597
4 1450 -0.172341 -0.0467181
4 770 0.243304 -0.023488
4 1007 0.187273 0.0225645
2 1686 0.0061414 0.00463254
4 1686 -0.0713642 0.0246837
2 1687 -0.135667 0.0413116
4 1687 -0.239578 0.0535379
4 1013 -0.0633366 0.070451
4 662 0.0283907 0.10391
4 1470 0.100273 0.113447
4 185 0.10394 0.115892
4 1020 0.0244787 0.122005
4 1023 0.0978278 0.153794
2 1688 0.309318 0.133009
4 1688 0.205407 0.162352
4 1479 0.0990503 0.175801
4 1485 0.0917154 0.233265
2 1689 0.0953829 0.272389
4 1689 0.0305911 0.287061
2 1690 0.0868255 0.305401
4 1690 0.0281462 0.320072
4 994 0.0709332 0.328631
2 799 -0.272341 -0.334771
4 677 -0.291412 -0.264347
4 1495 -0.27014 -0.24234
2 797 -0.171119 -0.254077
4 642 -0.191657 -0.207128
4 683 -0.150581 -0.171916
4 1496 -0.0786991 -0.110295
4 260 -0.0977699 -0.101492
4 647 -0.0801661 -0.0853533
4 1039 -0.0640293 -0.0721489
4 648 -0.16085 -0.0736161
2 1691 0.260174 -0.0882877
4 1691 0.216409 -0.0589445
2 1692 -0.245935 -0.082419
4 1692 -0.266065 -0.0650576
4 1187 -0.167248 -0.0538501
2 1693 0.267509 -0.0662802
4 1693 0.220076 -0.036937
2 1694 0.280712 -0.0618788
4 1694 0.229856 -0.0320465
4 771 0.243304 -0.0185975
2 1695 0.0944049 -0.0119953
4 1695 0.0377794 0.0108924
4 1045 0.199734 0.0619496
2 1206 0.254306 0.0408225
4 1517 0.17949 0.0775015
2 1696 0.0547963 0.0510926
4 1696 -0.0574278 0.0706548
4 1520 -0.0698972 0.0833702
4 287 -0.12711 0.0804359
4 292 0.0269237 0.108312
4 1522 0.103207 0.114181
4 1523 0.107608 0.115648
4 192 0.0239897 0.121516
2 1697 0.307117 0.128852
4 1697 0.202962 0.157462
4 1055 0.10174 0.153794
4 1532 0.106141 0.156728
2 1698 0.0709332 0.149392
4 1698 -0.0625623 0.164064
2 1699 0.323254 0.149392
4 1699 0.216164 0.178736
2 1700 0.175089 0.152327
4 1700 0.0993927 0.174628
2 1701 0.326188 0.153794
4 1701 0.216409 0.183137
2 1702 0.106141 0.177268
4 1702 0.0293686 0.195363
2 1703 0.343792 0.227152
4 1703 0.230834 0.257962
2 1704 0.351127 0.227152
4 1704 0.238414 0.257718
4 699 0.218854 0.259959
2 1705 0.10174 0.241824
4 1705 0.0327916 0.257962
2 1706 -0.306081 0.293174
4 1706 -0.42344 0.274981
2 1707 0.0914709 0.30051
4 1707 0.0307379 0.315475
4 1537 0.0694662 0.32105
4 1538 0.0269237 0.319583
2 1708 0.110542 0.304912
4 1708 0.0533294 0.32105
4 1539 0.0327916 0.322517
4 1066 0.0709332 0.328386
4 326 -0.305495 -0.295451
2 1709 -0.0713642 -0.314817
4 1709 -0.0889679 -0.283127
2 1710 -0.235079 -0.304254
4 1710 -0.270287 -0.269042
4 1542 -0.291412 -0.265521
2 1711 -0.233319 -0.277845
4 1711 -0.272341 -0.243807
4 681 -0.171706 -0.189815
4 685 -0.118308 -0.119098
4 1545 -0.0977699 -0.100025
2 808 0.291274 -0.0771372
2 1712 -0.134738 -0.073616
4 1712 -0.169945 -0.0542495
2 1713 -0.0748849 -0.00671349
4 1713 -0.102171 0.0100121
4 1563 0.0518624 0.0466912
4 1043 0.214099 0.0534285
4 1574 -0.115374 0.077795
4 1074 -0.0696038 0.0830768
4 1576 0.0395398 0.105965
4 1577 0.0377794 0.109486
4 420 0.0993927 0.118289
2 1714 0.238463 0.111246
4 1714 -0.0960095 0.132373
4 435 -0.116841 0.158195
2 1715 0.322961 0.229206
4 1715 0.218854 0.25894
2 1716 -0.015032 0.24153
4 1716 -0.0678434 0.250333
2 1717 0.18037 0.243291
4 1717 0.121573 0.265122
2 1718 0.101153 0.246812
4 1718 0.0324983 0.262657
2 1719 0.0993927 0.27146
4 1719 0.0377794 0.287306
2 1720 0.116996 0.304912
4 1720 0.0581998 0.322165
2 1721 0.129319 0.306672
4 1721 0.0729869 0.324278
2 1722 -0.136146 -0.358128
4 1722 -0.138845 -0.324501
2 1723 -0.241769 -0.301085
4 1723 -0.279676 -0.265814
2 1724 -0.224869 -0.275732
4 1724 -0.265006 -0.242633
2 1725 -0.0453105 -0.260943
4 1725 -0.0748849 -0.231365
2 1726 -0.0875596 -0.18066
4 1726 -0.133189 -0.154462
4 704 -0.119246 -0.119391
2 1727 -0.220644 -0.0961516
4 1727 -0.243881 -0.0771372
2 1728 -0.245994 -0.0813626
4 1728 -0.265006 -0.0648131
4 1590 0.244096 -0.0517847
4 722 -0.172058 -0.0538974
2 1729 0.0898867 -0.00953041
4 1729 0.0366528 0.0128644
2 1730 0.0877742 -0.00107956
4 1730 0.0341179 0.0204701
2 1731 0.0328503 0.0115967
4 1731 -0.0643226 0.0320196
2 1732 -0.0664351 0.0517382
4 1732 -0.121359 0.0665272
2 1733 0.218746 0.053851
4 1733 0.166442 0.0792881
4 1118 0.096224 0.113007
4 1607 0.0835493 0.119345
4 1610 0.106786 0.155261
2 1734 0.343381 0.233432
4 1734 0.234942 0.264418
2 1735 0.100449 0.303151
4 1735 0.0391877 0.31794
2 1736 0.0835493 0.305264
4 1736 0.0244005 0.320053
4 1615 0.0569324 0.322165
4 719 -0.209237 -0.217844
4 1618 -0.244726 -0.215309
2 1737 -0.107839 -0.200097
4 1737 -0.150933 -0.172209
2 1738 0.290148 -0.070799
4 1738 0.239871 -0.0412211
2 1739 0.274938 -0.0682638
4 1739 0.225084 -0.0391084
4 430 0.100026 0.152303
2 1740 0.105096 0.197938
4 1740 0.029048 0.215685
2 1741 0.320567 0.233432
4 1741 0.218746 0.263009
2 1742 0.150725 0.248643
4 1742 0.0873518 0.267911
2 1743 0.102561 0.301883
4 1743 0.0286255 0.315827
2 1744 -0.253345 -0.301
4 1744 -0.290355 -0.266014
2 1745 0.291162 -0.0697849
4 1745 0.239449 -0.040376
4 1154 0.219169 -0.0353055
4 1643 -0.101248 0.00627271
4 1644 -0.0664351 0.0115967
2 1746 -0.107332 0.0579919
4 1746 -0.165129 0.0610342
4 746 0.0356389 0.106669
2 1747 0.114729 0.109711
4 1747 0.029048 0.129486
4 1654 -0.246044 -0.0789118
4 793 0.221197 -0.0351026
4 1657 0.175568 0.00627271
2 1748 0.341658 0.231403
4 1748 0.236407 0.261826
5 539 -0.281347 -0.261698
5 541 -0.243653 -0.245396
2 1749 0.105774 0.0266399
5 1749 0.0273311 0.0307154
5 1010 0.167754 0.045224
5 1175 0.141837 0.0596511
5 1430 0.084136 0.2697
5 1432 0.0222374 0.300714
5 1680 0.0257012 0.30051
2 1750 0.115961 0.306827
5 1750 0.0242749 0.302751
5 1436 -0.191657 -0.100025
5 116 -0.315984 -0.312641
2 1751 -0.255471 -0.299803
5 1751 -0.30437 -0.282687
2 1752 -0.106327 -0.0846198
5 1752 -0.172341 -0.0944008
5 607 0.207852 -0.0149296
2 1753 0.122278 0.301733
5 1753 0.0313246 0.299043
2 1754 0.112498 0.304178
5 1754 0.0210557 0.30051
5 1493 0.0254567 0.30051
2 1755 0.127167 0.305401
5 1755 0.0371926 0.303444
5 676 -0.313416 -0.299559
5 638 -0.292145 -0.282687
5 677 -0.303147 -0.281953
2 1756 -0.0258877 -0.04574
5 1756 -0.130777 -0.0112617
5 1042 0.207363 -0.0149296
2 1757 0.0888304 -0.00143172
5 1757 0.00961334 0.00103313
5 1563 0.026513 0.0284984
5 364 0.140615 0.0963301
2 1758 0.116996 0.100683
5 1758 -0.0185528 0.099509
5 1587 0.00750088 0.296813
5 1721 0.0391877 0.303151
5 716 -0.317817 -0.311648
5 391 -0.28613 -0.262
5 1724 -0.279089 -0.260239
2 1759 0.104674 0.024273
5 1759 0.0265131 0.0275689
5 1104 0.0325969 0.301376
5 1615 0.0239781 0.301883
2 1760 -0.234586 -0.27869
5 1760 -0.288243 -0.263056
5 1744 -0.302016 -0.282746
2 1761 0.139065 -0.0363196
5 1761 -0.131921 0.0517382
2 825 -0.101248 -0.0332772
2 1762 -0.0890805 0.0914573
5 1762 -0.159383 0.0830768
6 635 -0.326619 -0.350029
2 1763 -0.213091 -0.288188
6 1763 -0.233466 -0.269849
6 539 -0.250784 -0.260679
6 1669 -0.12711 -0.171427
2 1764 0.144486 -0.113963
6 1764 -0.235432 -0.269394
2 1765 0.0477059 0.304789
6 1765 -0.0115112 0.29963
6 993 0.0324248 0.309884
6 116 -0.279309 -0.309584
6 1200 -0.251803 -0.281056
6 1751 -0.270874 -0.280486
6 590 -0.257916 -0.280037
6 593 -0.233466 -0.27046
2 1766 0.229856 0.0645416
6 1766 0.129939 0.109711
6 1493 0.0210557 0.304912
6 1755 0.0342586 0.306379
2 1767 0.235235 -0.37145
6 1767 0.210297 -0.337001
6 637 -0.250581 -0.283909
2 1768 0.0181218 -0.04574
6 1768 -0.0698972 -0.0222654
2 1769 0.234942 -0.371156
6 1769 0.209029 -0.337001
6 1710 -0.250336 -0.28342
6 1542 -0.270076 -0.281225
6 1711 -0.254248 -0.260679
6 394 -0.212195 -0.244394
6 1563 0.0386808 0.0306112
2 1770 0.234942 0.0513861
6 1770 0.162792 0.0634681
2 1771 0.210297 0.157022
6 1771 0.145656 0.157374
2 1772 -0.201632 -0.246154
6 1772 -0.231559 -0.23383
6 1602 0.150725 0.0914573
6 1614 0.15284 0.168466
2 1773 0.100449 0.241882
6 1773 0.185847 0.0486474
2 1774 -0.272611 -0.334466
6 1774 -0.279793 -0.309536
6 1618 -0.232052 -0.233055
2 1775 0.209029 0.157374
6 1775 0.145149 0.158388
2 1776 -0.235093 -0.279704
6 1776 -0.259429 -0.264492
2 1777 -0.201632 -0.246239
6 1777 -0.232052 -0.234069
2 1778 -0.235093 -0.279704
6 1778 -0.260646 -0.265101
7 598 -0.16521 -0.13434
7 547 -0.162154 -0.131284
7 553 -0.12711 -0.0173749
7 1405 0.000843949 0.152979
2 1779 -0.19781 0.0673944
7 1779 -0.240067 0.0936403
7 1183 -0.0280882 0.316404
7 599 -0.162562 -0.13108
7 1754 -0.0258877 0.31078
7 1493 -0.0214868 0.312247
7 326 -0.314883 -0.302493
7 331 -0.288478 -0.274617
7 685 -0.162317 -0.132303
7 1550 0.191284 -0.0475592
2 1780 -0.115374 -0.0384042
7 1780 -0.103638 0.0863045
7 1109 0.0315829 0.0813163
7 1720 -0.0220735 0.311602
7 1721 -0.00728631 0.31794
2 1781 -0.273456 -0.334888
7 1781 -0.315705 -0.303197
2 1782 -0.254444 -0.301085
7 1782 -0.30445 -0.272402
2 1783 -0.0867675 0.0327531
8 1783 -0.162154 0.0592435
8 1495 -0.29459 -0.277796
2 1784 -0.0654963 0.184604
8 1784 -0.172058 0.148923
8 1706 -0.415616 0.234488
2 1785 0.0641851 -0.121152
8 1785 0.178023 -0.0530758
2 1786 -0.0678434 0.030259
8 1786 0.104387 0.00505582
8 692 0.0694662 0.111246
2 1787 -0.0924887 0.0936403
8 1787 -0.181353 0.126951
2 1788 -0.066083 0.185191
8 1788 -0.174255 0.149261
2 1789 0.0180631 -0.0454465
8 1789 -0.216842 0.0508932
2 1790 0.026513 0.0749781
8 1790 0.0995195 0.12188
2 1791 -0.100234 0.0382169
8 1791 -0.19129 0.0671189
2 1792 -0.0850246 0.0838515
8 1792 -0.18931 0.0971615
2 1793 -0.0900945 0.101598
8 1793 -0.176688 0.136483
2 1794 -0.305565 0.291742
8 1794 -0.41499 0.233432
2 1795 -0.00694824 -0.0545734
8 1795 -0.166229 0.0168589
2 1796 -0.10103 0.0225645
9 1796 -0.257401 0.0508932
2 1797 -0.0745427 0.0246022
9 1797 -0.257671 0.0466912
9 1010 0.101153 0.00737126
2 1798 0.113924 0.135658
9 1798 0.0853992 0.124451
9 589 -0.169897 -0.178763
2 1799 0.0183663 -0.0454955
9 1799 -0.209261 -0.0486743
9 1045 0.100026 0.00779385
2 1800 0.081202 0.0584284
9 1800 -0.217476 0.077795
2 1801 -0.0801661 0.0892388
9 1801 -0.225316 0.105092
2 1802 -0.00241596 0.27997
9 1802 -0.0134184 0.290525
9 390 0.132057 -0.0687255
2 1803 -0.115022 0.0475128
9 1803 -0.250923 0.077795
2 1804 0.0772119 0.0834289
9 1804 -0.0414377 0.086598
9 1791 -0.235093 0.0671189
2 1805 0.267333 0.0610342
9 1805 0.00785293 -0.034883
2 1806 -0.0799547 0.088922
9 1806 -0.226278 0.104204
2 1807 -0.0875596 0.111739
9 1807 -0.216842 0.140134
2 1808 0.242491 0.000188114
9 1808 -0.237544 -0.0517847
2 1809 -0.0829967 0.0853727
9 1809 -0.2138 0.112753
9 747 -0.00306138 0.119345
2 1810 -0.0890805 0.0999758
9 1810 -0.220492 0.129182
2 1811 0.100736 0.0999758
9 1811 -0.142483 0.104556
2 1812 0.195645 0.231403
9 1812 0.0708745 0.220755
2 1813 -0.148911 -0.237245
10 1813 -0.352047 0.0303078
2 1814 0.224966 0.131583
10 1814 0.0679992 0.115648
10 1430 -0.016581 0.238502
2 1815 -0.101437 0.0449795
10 1815 -0.252331 0.0221603
2 1816 0.358462 -0.235004
10 1816 0.0995195 -0.0454465
2 1817 -0.0464255 0.227152
10 1817 -0.18262 0.176388
10 331 -0.341289 -0.342107
10 1544 -0.104086 -0.285132
2 1818 -0.0995302 0.0373014
10 1818 -0.248106 0.00314585
2 1819 0.0641851 0.116528
10 1819 -0.0801661 0.0496255
10 1067 -0.103638 -0.286354
2 629 -0.0579853 0.197515
10 1629 -0.224869 0.0855416
2 1820 0.126897 -0.10325
10 1820 0.0701181 -0.359509
2 1821 -0.0769128 0.155346
10 1821 -0.153515 -0.207128
2 1822 0.126289 -0.104467
10 1822 0.0697107 -0.359712
2 1823 -0.0817799 0.0817219
10 1823 -0.235093 0.0397381
2 1824 -0.0890805 0.0926742
10 1824 -0.244219 0.0458227
11 1666 -0.325152 -0.350339
11 1383 0.0990503 -0.201993
2 1825 0.119018 0.0714699
11 1825 0.0334436 -0.157774
2 1826 -0.0918612 0.0938848
11 1826 -0.198111 0.0566679
11 993 -0.0293107 0.273612
11 1684 -0.0836868 -0.318339
11 638 -0.307255 -0.346508
11 1495 -0.305592 -0.346263
2 1827 0.100273 0.0188151
11 1827 -0.015032 -0.0155165
2 1828 -0.0933689 0.0863045
11 1828 -0.286198 -0.301609
2 1829 0.180957 0.243291
11 1829 0.00521947 0.261826
2 1830 0.0973389 0.249159
11 1830 -0.0256432 0.0889943
11 1541 -0.31635 -0.365581
11 1710 -0.301974 -0.35179
11 1721 -0.0282418 0.273996
2 1831 0.146923 -0.0412211
11 1831 -0.016074 0.155346
2 1832 -0.0854472 0.0411747
11 1832 -0.187639 0.00870659
11 1616 -0.305495 -0.350029
2 1833 0.19382 0.0483579
11 1833 0.0678834 0.0196589
11 751 -0.217573 -0.121299
12 3 -0.228372 -0.333018
12 961 -0.159045 0.0245266
2 1834 0.177086 0.135658
12 1834 0.0684882 0.113447
12 1179 0.0709332 0.131786
12 1430 0.104674 0.265122
12 589 -0.226131 -0.33526
2 1835 0.321543 -0.24234
12 1835 -0.215129 -0.318143
2 1836 0.0709332 0.0804359
12 1836 0.16262 0.0706548
12 638 -0.234688 -0.332815
2 1837 0.183891 0.133254
12 1837 0.0768011 0.112713
2 1838 0.178023 0.153794
12 1838 -0.0831001 0.0921731
12 331 -0.228331 -0.331836
12 364 -0.00999022 0.0458227
2 1839 0.225084 -0.0222067
12 1839 0.199734 -0.0313618
12 1118 0.0666496 0.0665272
12 1616 -0.229094 -0.332775
12 1625 0.0670722 0.0661047
12 1740 -0.00137136 0.16498
2 1840 0.215113 -0.0150234
12 1840 0.191994 -0.0241503
2 1841 -0.0525773 0.096325
12 1841 0.00257177 0.0443437
2 1842 -0.265047 -0.317735
13 1842 -0.215129 -0.321811
13 3 -0.18966 -0.306528
13 1666 -0.209016 -0.306528
13 14 -0.159098 -0.273924
2 1843 -0.207997 -0.262717
13 1843 -0.171323 -0.272905
13 541 -0.151967 -0.26883
13 546 -0.0745427 -0.181208
13 151 -0.0898237 -0.110906
13 1673 -0.0592616 -0.0528313
13 954 0.244037 -0.0163968
2 1844 0.0945679 -0.011058
13 1844 0.0953829 -0.0222654
2 1356 0.185236 0.0918471
13 1677 0.11698 0.0938848
13 977 0.136947 0.106111
13 1419 0.139392 0.122413
13 1179 0.135725 0.14279
2 1845 0.170973 0.173356
13 1845 -0.0146408 0.131786
2 1846 0.161805 0.212073
13 1846 0.129612 0.205145
13 1427 0.126149 0.204941
2 1847 0.345177 0.228375
13 1847 0.251454 0.229393
2 1848 0.10068 0.248752
13 1848 0.0660432 0.234488
13 1680 0.0966053 0.296842
13 995 0.0721556 0.30377
13 1433 -0.269122 -0.374792
2 1849 0.226189 -0.368271
13 1849 0.212741 -0.390075
13 1438 -0.202904 -0.321811
2 1850 -0.232243 -0.276573
13 1850 -0.190679 -0.285132
13 1441 -0.175398 -0.263736
13 151 -0.0892125 -0.111518
2 1851 0.0293686 -0.013707
13 1851 -0.0236058 -0.0406049
13 980 0.134502 0.124451
13 1479 0.136947 0.143524
2 1852 0.101495 0.246714
13 1852 0.0690994 0.23245
13 1754 0.0914709 0.296109
13 1037 0.107608 0.301977
13 682 -0.118308 -0.226201
2 1853 0.0298577 -0.0178639
13 1853 -0.0231982 -0.0442728
13 1517 0.243099 0.048865
13 1055 0.138473 0.119345
2 1854 0.167754 0.172867
13 1854 0.1346 0.164064
13 1541 -0.203393 -0.321566
13 330 -0.196351 -0.307775
13 1542 -0.206913 -0.306014
13 331 -0.18931 -0.306014
13 702 -0.187011 -0.285132
13 1545 -0.0343962 -0.140519
2 1855 -0.129457 -0.0947431
13 1855 -0.088968 -0.111762
13 360 0.150444 0.0795556
13 1587 0.0772119 0.292587
13 1724 -0.185789 -0.284887
2 1856 0.0244005 -0.0898135
13 1856 0.0314061 -0.105812
13 1729 0.0903937 -0.021108
2 1857 0.341269 0.227093
13 1857 0.251372 0.228619
13 736 -0.216419 -0.324325
13 1625 0.140586 0.078781
13 1744 -0.207716 -0.307085
2 1858 0.239449 -0.00224571
13 1858 0.247053 -0.00488241
13 1664 0.241983 0.229206
2 1859 0.0640057 -0.118038
14 1859 0.102561 -0.0910811
14 1205 0.364533 -0.0558879
14 954 0.154274 -0.0028542
2 1860 0.253491 0.0235833
14 1860 0.32032 0.0276181
14 1403 0.32032 0.0278626
14 560 0.0201756 0.021456
14 1847 0.387964 0.225318
2 1861 0.151617 0.25079
14 1861 0.224966 0.250627
14 1679 0.218854 0.283393
14 1014 0.315919 0.0580764
2 1862 -0.090435 0.099998
14 1862 2.89711e-05 0.0938848
2 1863 0.134013 -0.257011
14 1863 0.231079 -0.255789
14 1692 -0.12711 -0.0711708
2 1864 -0.087501 -0.04574
14 1864 0.0166548 -0.036937
14 279 0.316653 0.0398851
2 1865 0.235235 0.0510926
14 1865 0.307117 0.0525598
14 1523 0.249905 0.0863045
14 618 0.260174 0.0863045
2 1866 -0.090435 0.099509
14 1866 0.000517945 0.0936403
14 1705 0.172155 0.234488
2 1867 0.10174 0.246225
14 1867 0.171568 0.23977
2 1868 0.151617 0.249159
14 1868 0.225084 0.24822
14 1036 0.219098 0.282024
14 1551 -0.12711 -0.0721489
2 1869 0.280712 -0.0612919
14 1869 0.36433 -0.0530758
14 1770 0.307117 0.0531467
14 779 0.250785 0.086598
2 1870 0.101153 0.24153
14 1870 0.171568 0.234488
2 1871 0.0455251 0.053851
14 1871 0.312399 0.077795
2 1872 -0.0875596 0.089767
14 1872 0.00257177 0.0848374
14 1606 0.258883 0.0855416
14 1141 0.00961328 0.107725
2 1873 0.340846 0.225826
14 1873 0.387801 0.224218
14 1166 -0.107839 -0.0860106
14 1638 0.373294 -0.0789118
2 1874 -0.0860386 -0.0424042
14 1874 0.0173873 -0.0332772
2 1875 -0.246044 -0.0825626
14 1875 -0.125584 -0.075261
14 1810 -0.000864352 0.0914573
2 1876 -0.0854302 0.110928
14 1876 0.00582789 0.107277
2 1877 0.338007 0.220451
14 1877 0.379378 0.216192
3 1878 -0.351639 -0.356452
4 1878 -0.363864 -0.341169
3 1879 0.21376 -0.352377
4 1879 0.196442 -0.339131
3 1880 -0.306815 -0.323849
4 1880 -0.322096 -0.310603
3 1665 0.433808 -0.290226
4 943 -0.271159 -0.26883
3 1881 -0.232447 -0.266792
4 1881 -0.251803 -0.254566
4 768 0.353327 -0.252528
3 1882 0.378796 -0.263736
4 1882 0.346196 -0.249472
4 11 0.323784 -0.241321
3 539 -0.246709 -0.254566
3 1883 0.306465 -0.246415
4 1883 0.216816 -0.230113
3 1884 -0.190679 -0.230113
4 1884 -0.211461 -0.21911
4 1380 0.204592 -0.145548
3 1671 0.22191 -0.142491
3 1885 0.20561 -0.128227
4 1885 0.170973 -0.116001
3 1886 -0.0541679 -0.119057
4 1886 -0.0786176 -0.109888
3 1887 0.0344623 -0.114982
4 1887 0.00899385 -0.104793
3 1888 0.191348 -0.113963
4 1888 0.15773 -0.102756
3 1889 -0.0684302 -0.105812
4 1889 -0.0949174 -0.0976612
3 1890 -0.0521304 -0.0925669
4 1890 -0.0806551 -0.0854349
3 1891 -0.187623 -0.0905292
4 1891 -0.200866 -0.0854349
3 1892 -0.166229 -0.0854349
4 1892 -0.180491 -0.0803406
3 1893 -0.0358306 -0.0793217
4 1893 -0.0633366 -0.0711708
3 1894 -0.0725052 -0.077284
4 1894 -0.10103 -0.0701519
4 947 -0.136686 -0.062001
4 1388 0.0966053 -0.0456993
4 154 -0.16521 -0.0507936
4 1390 0.219873 -0.0365295
3 1895 -0.141779 -0.0416238
4 1895 -0.164192 -0.0375484
4 1394 0.164861 -0.0222654
4 552 0.243304 -0.01819
3 1896 -0.0541679 -0.0293975
4 1896 -0.0745427 -0.0232843
3 1897 -0.138723 -0.025322
4 1897 -0.162562 -0.0210428
3 1673 -0.113255 -0.0232843
4 1455 0.0619682 -0.0141145
3 1898 0.0884554 -0.00596364
4 1898 0.0623758 0.0034099
3 1899 -0.135667 -0.0018882
4 1899 -0.163173 0.00116839
3 1900 0.19746 0.00728156
4 1900 0.176067 0.0193041
3 1901 0.212741 0.0144136
4 1901 0.190329 0.0266399
3 1902 0.210704 0.0154325
4 1902 0.186254 0.0276588
4 1401 -0.0806551 0.0347908
3 1903 -0.132611 0.0531303
4 1903 -0.163173 0.0551681
3 1904 0.210704 0.063319
4 1904 0.177086 0.0745264
4 1175 0.179123 0.077583
3 1013 -0.00424974 0.0663755
3 1905 0.208667 0.0786019
4 1905 0.171992 0.0908282
3 1906 0.21376 0.0816585
4 1906 0.176067 0.0938848
3 1907 0.224966 0.0949037
4 1907 0.192693 0.106845
3 1908 -0.116311 0.0959225
4 1908 0.181161 0.110187
3 1909 0.0426122 0.0969414
4 1909 0.000843949 0.102036
4 967 0.0252937 0.105092
3 1910 0.161805 0.106111
4 1910 0.113924 0.115281
3 59 0.147542 0.10713
4 59 0.106793 0.1163
4 59 0.101699 0.118337
4 1416 0.11698 0.119356
3 1911 -0.110199 0.115281
4 1911 -0.135667 0.1163
4 973 0.0314061 0.121394
4 1418 0.0252937 0.135658
3 1912 0.144486 0.143809
4 1912 0.102718 0.152979
3 1913 0.0731744 0.148903
4 1913 0.0283499 0.155017
3 1914 0.261641 0.149922
4 1914 0.204592 0.162149
3 1915 0.16588 0.158073
4 1915 0.126149 0.167243
3 1916 0.0731744 0.166224
4 1916 0.0293686 0.172337
3 1917 0.0721556 0.170299
4 1917 0.0293686 0.176413
3 1918 0.137355 0.186601
4 1918 0.0966053 0.194752
4 1423 0.0293686 0.195771
3 1919 0.0711369 0.212073
4 1919 0.0303874 0.217167
4 1181 0.0915116 0.233469
4 1427 0.0884554 0.233469
3 1920 0.0711369 0.229393
4 1920 0.0314061 0.234488
3 1921 0.294241 0.244676
4 1921 0.232098 0.25894
3 1922 0.0762306 0.251808
4 1922 0.0364998 0.256903
3 1923 0.0701181 0.25894
4 1923 0.0334436 0.264035
3 1924 0.0731744 0.281355
4 1924 0.0375185 0.28645
3 1925 0.0660432 0.282374
4 1925 0.0303874 0.287469
4 113 -0.0185121 0.290525
3 1926 0.11698 0.287469
4 1926 0.0833617 0.293582
3 1927 0.115961 0.291544
4 1927 0.0833617 0.298676
3 1928 0.0151063 0.292563
4 1928 -0.0164746 0.294601
3 1929 0.135317 0.296638
4 1929 0.105774 0.304789
3 1930 0.0690994 0.310902
4 1930 0.035481 0.315997
4 1431 0.0391485 0.320072
3 1931 0.0640057 0.319053
4 1931 0.0324248 0.323129
4 993 0.0680807 0.325166
4 995 0.035481 0.329853
3 1681 0.413229 -0.285132
4 234 0.376555 -0.268015
4 589 -0.271363 -0.269238
4 1200 -0.273808 -0.26557
3 1932 -0.237133 -0.268015
4 1932 -0.256693 -0.257011
3 1667 0.381445 -0.266792
4 763 0.34477 -0.249675
3 702 -0.246913 -0.255789
3 1933 -0.207794 -0.238672
4 1933 -0.228576 -0.227668
4 1442 0.204429 -0.145507
3 1934 -0.0549829 -0.118854
4 1934 -0.0782101 -0.110295
3 1935 0.172399 -0.0968461
4 1935 0.13817 -0.0846198
3 1936 -0.205349 -0.0919556
4 1936 -0.217573 -0.087065
3 1937 -0.233466 -0.0821745
4 1937 -0.245691 -0.077284
3 776 0.238414 -0.0711708
3 1938 0.255529 -0.063835
4 1938 0.233524 -0.050386
4 603 -0.12711 -0.0564992
3 1685 0.209074 -0.050386
4 1451 0.248438 -0.0296012
4 1392 -0.090435 -0.0344918
3 1939 -0.113662 -0.0210428
4 1939 -0.128332 -0.0161522
3 1940 -0.0769876 0.00218728
4 1940 -0.090435 0.00707781
3 1941 -0.0806551 0.00585516
4 1941 -0.0965474 0.0107457
4 1462 0.0562633 0.0205268
3 1942 0.211519 0.0144136
4 1942 0.189514 0.02664
3 1943 0.224966 0.0376437
4 1943 0.191959 0.04987
3 167 0.212742 0.0413116
3 1944 -0.133222 0.0523153
4 1944 -0.163784 0.0535379
4 1188 -0.0647628 0.0731
3 1945 0.209074 0.0694322
4 1945 0.174844 0.0804359
3 1946 0.210297 0.0755453
4 1946 0.173622 0.0877717
3 1947 -0.08799 0.0767679
4 1947 -0.119775 0.0789687
3 1948 -0.118552 0.0816585
4 1948 -0.149114 0.0828811
3 1949 0.0440385 0.0926622
4 1949 0.000843949 0.0979603
3 1950 0.0342586 0.0975528
4 1950 -0.0082839 0.102443
3 1951 0.0464835 0.0987754
4 1951 0.0061414 0.104889
3 1952 -0.11244 0.103666
4 1952 -0.135667 0.105092
4 185 0.106385 0.115892
3 1953 -0.0745426 0.109779
4 1953 -0.110199 0.112224
3 1954 0.144282 0.109779
4 1954 0.100273 0.118337
4 1529 0.0244787 0.135454
3 1955 0.144282 0.145235
4 1955 0.101495 0.153794
3 1956 0.146727 0.147681
4 1956 0.105163 0.156239
4 1421 0.123745 0.168466
4 1422 -0.114885 0.167243
3 1957 0.0721556 0.169688
4 1957 0.0293686 0.175801
4 1480 0.080713 0.18925
3 1958 0.0709332 0.228375
4 1958 0.0318136 0.233265
3 1959 0.267753 0.239378
4 1959 0.211723 0.251808
4 1197 0.0574858 0.249159
3 1960 0.293426 0.244269
4 1960 0.231079 0.257718
3 1961 0.0892705 0.245492
4 1961 0.0497434 0.251808
3 1962 0.0697107 0.252827
4 1962 0.0330361 0.257718
3 1963 0.122278 0.262608
4 1963 0.0868255 0.269944
3 1964 0.0697107 0.282171
4 1964 0.0342586 0.287061
3 1965 0.135725 0.295619
4 1965 0.106141 0.304912
3 1966 0.0648208 0.311514
4 1966 0.0318136 0.316404
3 1967 0.0684882 0.311514
4 1967 0.035481 0.316404
3 1537 0.102718 0.313959
4 1493 0.0550408 0.321295
4 1182 0.0709332 0.323985
4 637 -0.270874 -0.268748
3 1968 -0.254737 -0.277551
4 1968 -0.273808 -0.265814
3 1969 0.411273 -0.270216
4 1969 0.377777 -0.255789
3 1970 -0.237133 -0.268748
4 1970 -0.256204 -0.257011
3 1971 -0.232732 -0.265814
4 1971 -0.251803 -0.254077
4 680 -0.225397 -0.229135
4 684 -0.154982 -0.126434
3 1972 -0.0713642 -0.132303
4 1972 -0.0948359 -0.1235
3 1973 -0.090435 -0.091222
4 1973 -0.119775 -0.0846198
3 1039 -0.0361566 -0.0794847
3 1254 0.267509 -0.0648131
3 1974 0.255773 -0.0633459
4 1974 0.232301 -0.0501415
3 1975 0.0503954 -0.0530758
4 1975 0.0166548 -0.0436859
3 1976 0.252839 -0.0486743
4 1976 0.227411 -0.0357144
4 350 -0.162317 -0.0384042
3 1977 0.166287 -0.0428057
4 1977 0.150395 -0.0320465
4 1557 0.161397 -0.0210428
3 1978 -0.0537604 -0.0296012
4 1978 -0.0742982 -0.0237326
3 1979 0.180957 -0.0296012
4 1979 0.158952 -0.0185975
4 1454 -0.162904 -0.0207982
3 1980 -0.113907 -0.0237326
4 1980 -0.128577 -0.0193311
4 772 0.0621313 -0.0149296
3 1981 -0.113907 -0.0207983
4 1981 -0.127696 -0.0155165
4 1512 0.0562633 0.0202822
4 1513 0.189759 0.0261509
3 1982 0.224966 0.0378882
4 1982 0.192693 0.0496255
3 1248 0.245504 0.0408225
3 1983 -0.132977 0.0510926
4 1983 -0.164664 0.0531467
4 1516 0.176556 0.0731
3 1984 0.0768011 0.0701657
4 1984 0.0342586 0.077795
3 1985 0.17949 0.0701657
4 1985 0.138121 0.0813162
4 1518 0.167754 0.081903
3 1986 -0.118308 0.081903
4 1986 -0.148821 0.0830768
3 1987 0.0122538 0.099509
4 1987 -0.0537604 0.10391
3 1988 0.161886 0.108312
4 1988 0.11641 0.118582
3 1989 -0.11244 0.112713
4 1989 -0.135911 0.114181
3 1990 0.0503954 0.130319
4 1990 0.0049189 0.136188
4 1532 0.0973389 0.158195
3 1991 -0.00241596 0.153794
4 1991 -0.0748849 0.155261
3 1698 0.00931986 0.162597
3 1992 0.0724002 0.166998
4 1992 0.0283907 0.172867
4 1213 0.0988058 0.175801
4 313 0.081202 0.189006
3 1993 0.0709332 0.189006
4 1993 0.0298577 0.194874
4 1486 0.0914709 0.240356
3 1994 0.0958719 0.243291
4 1994 0.0577303 0.249159
3 1995 0.0885369 0.244758
4 1995 0.0501509 0.250382
3 1996 0.267509 0.244758
4 1996 0.210297 0.257718
3 1715 0.276311 0.246225
3 1705 0.0709332 0.253561
3 1997 0.122278 0.262364
4 1997 0.08707 0.2697
3 1998 0.161886 0.2697
4 1998 0.136361 0.280263
3 1999 0.0694662 0.282904
4 1999 0.0342586 0.287306
3 2000 0.0137208 0.287306
4 2000 -0.0183083 0.290729
3 2001 0.0724002 0.313714
4 2001 0.0401265 0.318116
4 1537 0.0712266 0.320757
3 2002 0.0914709 0.315182
4 2002 0.0591973 0.32105
4 1540 0.0357256 0.329853
4 331 -0.273808 -0.265521
3 2003 0.382814 -0.265521
4 2003 0.349367 -0.251436
3 2004 -0.252683 -0.254957
4 2004 -0.272047 -0.244394
3 2005 -0.19107 -0.23383
4 2005 -0.212195 -0.223266
4 685 -0.118894 -0.119391
3 2006 0.205015 -0.128194
4 2006 0.169808 -0.11587
3 2007 0.190932 -0.11411
4 2007 0.155725 -0.101786
4 1546 -0.0608019 -0.0947431
4 1547 -0.217476 -0.0877008
3 1256 -0.231559 -0.082419
3 2008 -0.1453 -0.0788978
4 2008 -0.161144 -0.073616
3 2009 0.13108 -0.0577707
4 2009 0.0976323 -0.0472071
3 2010 0.050102 -0.0524889
4 2010 0.0159507 -0.0433338
3 2011 -0.138259 -0.02608
4 2011 -0.163608 -0.020094
3 2012 -0.0889679 -0.00143172
4 2012 -0.104811 0.00385008
3 2013 -0.0696038 0.000328873
4 2013 -0.0889679 0.00561067
4 1564 0.183891 0.0525598
3 2014 -0.132977 0.0601891
4 2014 -0.163608 0.0623018
4 1569 0.176849 0.0725132
4 1570 -0.131217 0.068992
4 411 0.17861 0.077795
4 1221 -0.0640293 0.0716329
4 1075 -0.129457 0.0795556
3 2015 0.0765077 0.100683
4 2015 0.0272171 0.107725
4 359 0.102913 0.114767
4 779 0.108195 0.114767
3 2016 -0.0748849 0.109486
4 2016 -0.110973 0.111246
3 2017 0.148683 0.120049
4 2017 0.103207 0.128852
4 1085 0.106434 0.155261
3 2018 0.136361 0.186952
4 2018 0.096224 0.195403
4 1611 0.0289774 0.193994
3 2019 0.0712266 0.209839
4 2019 0.0307379 0.215121
3 2020 0.169808 0.220403
4 2020 0.136361 0.229206
3 2021 0.0888304 0.245051
4 2021 0.050102 0.250333
3 2022 0.277191 0.245051
4 2022 0.217631 0.257962
3 2023 0.0694662 0.253854
4 2023 0.0324983 0.259136
3 1718 0.0694662 0.257376
3 2024 0.162766 0.2697
4 2024 0.136361 0.279911
3 2025 0.0148944 0.290827
4 2025 -0.0167924 0.292587
4 1587 0.0395398 0.318996
3 799 -0.290355 -0.309536
3 2026 -0.271343 -0.294747
4 2026 -0.288243 -0.28207
3 2027 -0.0812223 -0.294747
4 2027 -0.0896721 -0.28207
3 2028 -0.254444 -0.277845
4 2028 -0.273456 -0.265169
3 2029 -0.233319 -0.267281
4 2029 -0.252331 -0.254605
3 2030 0.203959 -0.127842
4 2030 0.168048 -0.115166
3 2031 0.189172 -0.113053
4 2031 0.15326 -0.100377
4 1107 -0.0664351 -0.0729118
3 2032 -0.256556 -0.0686864
4 2032 -0.265006 -0.0657285
3 2033 0.254658 -0.0623482
4 2033 0.231421 -0.0496719
4 1552 0.096224 -0.0475592
3 2034 -0.153046 -0.0517847
4 2034 -0.172058 -0.0475592
3 2035 0.250433 -0.0475592
4 2035 0.225084 -0.034883
4 1560 0.110166 -0.00995293
3 2036 -0.100234 -0.00953041
4 2036 -0.111853 -0.0049529
3 2037 0.210297 0.0601891
4 2037 0.176497 0.0707527
4 1601 0.135516 0.0813163
4 1603 -0.129809 0.0792035
4 1609 0.0286255 0.127796
3 2038 0.14481 0.167937
4 2038 0.104674 0.176388
4 1222 0.0919991 0.178501
3 2039 0.29057 0.243995
4 2039 0.231421 0.257376
3 2040 0.163823 0.24822
4 2040 0.132981 0.258784
3 1734 0.294795 0.250333
3 2041 0.0645372 0.284137
4 2041 0.0286255 0.288362
3 2042 0.0687621 0.286249
4 2042 0.0328503 0.290475
3 2043 0.0624247 0.290475
4 2043 0.0286255 0.2947
3 2044 0.115236 0.290475
4 2044 0.0814368 0.296813
3 2045 0.0983365 0.315827
4 2045 0.0645372 0.322165
3 811 -0.290355 -0.309113
3 2046 -0.171213 -0.217844
4 2046 -0.194027 -0.207703
3 2047 -0.206702 -0.0910811
4 2047 -0.219377 -0.0860106
3 2048 0.262263 -0.070799
4 2048 0.239449 -0.0581228
4 1244 0.231844 -0.050517
3 2049 -0.153468 -0.060658
4 2049 -0.171213 -0.0555875
3 1154 0.244518 -0.0479817
4 1558 0.00116349 -0.020094
3 2050 -0.100234 -0.00995293
4 2050 -0.112909 -0.005305
4 1620 -0.102769 0.00525861
3 1729 0.0645372 0.00525861
3 1730 0.0620023 0.0128644
3 2051 0.0848168 0.099063
4 2051 0.0366528 0.106669
3 2052 0.171005 0.11681
4 2052 0.122841 0.126951
3 2053 0.0518625 0.132021
4 2053 0.00369852 0.137092
3 2054 0.0696072 0.190332
4 2054 0.029048 0.195403
3 1740 0.0696072 0.210614
3 2055 0.127911 0.230896
4 2055 0.0898867 0.238502
3 2056 0.274938 0.243573
4 2056 0.216634 0.256671
3 2057 0.290148 0.243573
4 2057 0.229309 0.256671
4 1633 0.233534 0.265122
3 2058 0.0696072 0.256249
4 2058 0.0315829 0.261319
3 2059 0.0620023 0.284137
4 2059 0.0265131 0.289207
4 1652 -0.019116 0.291742
3 2060 0.074677 0.31456
4 2060 0.0417227 0.31963
4 1636 0.0645372 0.322165
3 2061 0.406755 -0.282746
4 2061 0.376336 -0.268549
4 1237 -0.214307 -0.222914
3 2062 0.209029 0.0397381
4 2062 0.181652 0.0519073
3 2063 -0.0860386 0.0640765
4 2063 -0.116458 0.0671189
3 2064 0.199903 0.0671189
4 2064 0.166442 0.0780712
3 2065 -0.101248 0.0762458
4 2065 -0.129234 0.0780712
3 2066 -0.0829967 0.0823304
4 2066 -0.113416 0.0853727
4 792 0.0356389 0.115796
3 2067 -0.0617031 0.12188
4 2067 -0.102171 0.122984
3 2068 0.075184 0.12188
4 2068 0.029555 0.127965
3 2069 0.0173873 0.127965
4 2069 -0.0464934 0.131007
4 1651 0.0265131 0.1736
4 1664 0.219169 0.256249
3 2070 0.102561 0.31963
4 2070 0.0691001 0.325715
3 2071 -0.289848 -0.297958
4 2071 -0.3081 -0.283355
3 2072 -0.173038 -0.217641
4 2072 -0.192506 -0.206689
3 2073 -0.125584 0.00870659
4 2073 -0.154786 0.0123573
3 2074 -0.224143 0.0525158
4 2074 -0.265006 0.0508932
3 2075 -0.0233747 0.0853727
4 2075 -0.0829967 0.088415
5 3 -0.284403 -0.283094
5 1881 -0.265047 -0.271887
3 2076 -0.0276807 -0.229094
5 2076 -0.0551866 -0.232151
3 2077 -0.0898237 -0.147585
5 2077 -0.131592 -0.156755
5 1671 0.151617 -0.142491
5 547 -0.139742 -0.137397
5 1383 0.134502 -0.127412
5 1889 -0.11733 -0.11702
5 1384 -0.0898237 -0.110906
3 2078 0.173011 -0.0966423
5 2078 0.105774 -0.0986801
5 758 -0.225316 -0.108869
5 1388 0.0650245 -0.0609822
5 1904 0.140411 0.0612812
5 1905 0.13328 0.0765642
5 973 -0.0185121 0.101017
5 1418 -0.0185121 0.114262
5 1417 -0.0388868 0.114262
5 1912 0.0599308 0.134639
5 1419 0.0599308 0.136677
5 1913 -0.0134184 0.13362
5 1916 -0.0123996 0.150941
5 1179 0.0578933 0.157054
5 1181 0.0538183 0.214111
5 113 -0.0480555 0.266072
5 1927 0.0487246 0.278299
5 1929 0.0746006 0.287061
3 2079 0.0650245 0.31294
5 2079 -0.00119353 0.294601
5 1931 -0.000174789 0.300714
5 1438 -0.29948 -0.298581
5 1933 -0.244468 -0.246007
5 1184 -0.240801 -0.246007
5 1445 0.122278 -0.115186
5 146 -0.120997 -0.120076
3 2080 -0.045203 -0.0919556
5 2080 -0.0953249 -0.102959
5 1937 -0.250784 -0.0996989
5 776 0.195423 -0.0701519
5 1404 0.184947 0.0432874
3 2081 0.213964 0.0645416
5 2081 0.144282 0.0628299
3 2082 0.199294 0.0694322
5 2082 0.127167 0.0669869
5 1178 0.0694662 0.102443
5 1529 -0.0183083 0.11467
5 1421 0.084136 0.15086
3 2083 0.0721556 0.167243
5 2083 -0.0134184 0.151349
5 1479 0.0574858 0.157462
5 1957 -0.0134184 0.153794
5 1482 -0.00975089 0.192918
5 1958 -0.00730596 0.212073
5 97 0.0562633 0.223484
5 1197 0.0195888 0.228375
3 2084 0.0733781 0.280948
5 2084 0.00345192 0.263831
3 2085 0.0660432 0.282171
5 2085 -0.00486096 0.263831
3 2086 0.116165 0.290729
5 2086 0.0489284 0.277035
5 1967 0.00198493 0.293174
3 1754 0.085603 0.316404
3 2087 -0.306081 -0.324501
5 2087 -0.331265 -0.325479
5 1969 0.343547 -0.26557
3 2088 -0.12711 -0.180719
5 2088 -0.168185 -0.189522
5 257 -0.140312 -0.138171
5 260 -0.119775 -0.119098
3 2089 -0.150581 -0.0589445
5 2089 -0.180899 -0.0748387
3 2090 -0.143246 -0.0237326
5 2090 -0.185789 -0.0419253
5 1521 -0.0464255 0.0804359
5 1522 0.0562633 0.0965746
3 2091 0.166287 0.109779
5 2091 0.0694662 0.102443
5 1055 0.0591973 0.136188
3 2092 0.147216 0.146458
5 2092 0.0641851 0.137655
5 1532 0.0547963 0.139122
5 1992 -0.0126849 0.15086
5 1213 0.0577303 0.156728
3 2093 0.276311 0.1714
5 2093 0.155285 0.168466
5 313 0.0386595 0.169933
5 1486 0.0533294 0.221283
5 1583 0.173622 0.243046
3 2094 -0.361827 0.297576
5 2094 -0.472027 0.227093
5 1538 -0.00534993 0.296109
5 1539 2.89711e-05 0.299287
3 2095 -0.351265 -0.355311
5 2095 -0.370629 -0.35355
5 1541 -0.298747 -0.299559
3 2096 -0.127696 -0.181012
5 2096 -0.168185 -0.189815
5 685 -0.141779 -0.138758
5 1545 -0.121359 -0.119391
5 1256 -0.250336 -0.100025
3 2097 -0.037917 -0.0806584
5 2097 -0.0889679 -0.091222
5 1549 0.195627 -0.0706817
3 2098 0.266629 -0.0648131
5 2098 0.222971 -0.0623482
5 709 0.201495 -0.0501415
5 1566 0.163823 0.0496255
5 1569 0.142698 0.0580764
5 359 0.0553832 0.0971615
5 779 0.0606643 0.0971615
3 2099 0.129319 0.230967
5 2099 0.0536228 0.220403
5 2023 -0.00446973 0.236248
3 2100 0.0641851 0.283784
5 2100 -0.000948978 0.266178
5 1586 0.00257177 0.294348
3 2101 0.0905908 0.317236
5 2101 0.0244005 0.301038
5 799 -0.316057 -0.311296
3 2102 -0.288243 -0.292634
5 2102 -0.317817 -0.295451
3 2103 -0.260781 -0.277845
5 2103 0.343381 -0.281225
5 2028 -0.285285 -0.28376
5 1107 -0.0896721 -0.0919262
5 723 0.201495 -0.0454465
3 825 -0.142483 0.0496255
3 2104 -0.110797 0.102443
5 2104 -0.159383 0.081903
5 1228 0.0581998 0.0961052
5 1222 0.0493275 0.159909
3 2105 0.0708745 0.189065
5 2105 -0.0115112 0.172867
3 2106 0.0708745 0.210192
5 2106 -0.00939877 0.19329
5 2039 0.164527 0.24153
3 2107 0.121573 0.260897
5 2107 0.0493275 0.248643
3 2108 0.0138383 0.290475
5 2108 -0.047423 0.269348
3 2109 0.406755 -0.273619
5 2109 0.338312 -0.268549
3 2110 0.252123 -0.0479817
5 2110 0.199734 -0.0454465
3 2111 -0.133189 0.0610342
5 2111 -0.189464 0.0366958
3 1762 -0.110374 0.104134
5 1628 -0.0140461 0.152303
5 2058 -0.0064413 0.238502
3 2112 0.122841 0.258784
5 2112 0.0508485 0.246615
5 1652 -0.0495354 0.26639
5 2060 0.00876839 0.296813
3 2113 -0.289848 -0.310127
5 2113 -0.31824 -0.311648
5 2068 -0.016074 0.106669
3 2114 0.0532821 0.034262
5 2114 0.00521947 0.0245266
3 2115 0.075184 0.12188
5 2115 -0.016074 0.107277
3 1164 0.297854 0.246006
3 2116 0.0131286 0.286165
5 2116 -0.048927 0.26426
6 1376 -0.264028 -0.296339
6 541 -0.215129 -0.243358
3 2117 0.277941 -0.104793
6 2117 0.249025 -0.082419
6 1903 -0.177435 0.0174702
6 1413 -0.0297182 0.0847151
3 2118 0.148561 0.120375
6 2118 -0.003231 0.114262
6 1417 -0.0480555 0.114262
6 1913 -0.0236058 0.135658
3 2119 0.00695638 0.264035
6 2119 -0.0610953 0.237422
6 1432 0.016125 0.304789
3 2120 0.0904929 0.317016
6 2120 0.0202 0.305808
3 2121 0.101699 0.324148
6 2121 0.0314061 0.314978
3 2122 0.204184 -0.127412
6 2122 0.139392 -0.116408
6 776 0.206629 -0.0538501
3 2123 -0.11733 0.0107457
6 2123 -0.115444 -0.0200939
6 1529 -0.0207532 0.115892
3 2124 0.0501509 0.130564
6 2124 -0.0464255 0.11467
6 1482 -0.0183083 0.194141
6 1491 0.0430605 0.252094
3 2125 0.0061414 0.262608
6 2125 0.0440385 0.251605
6 1537 0.035481 0.305401
6 1182 0.0327916 0.309313
6 2087 -0.293368 -0.323033
3 2126 -0.288478 -0.309829
6 2126 -0.278698 -0.309584
6 676 -0.277475 -0.297358
6 1968 -0.253026 -0.280241
3 2127 -0.090435 -0.254077
6 2127 -0.0525379 -0.277796
3 2128 -0.210728 -0.249675
6 2128 -0.216351 -0.253343
3 2129 0.186825 -0.148441
6 2129 0.0574858 -0.140861
3 2130 0.161886 -0.0486743
6 2130 -0.151136 -0.0570072
6 1977 0.154673 -0.0355106
6 1531 0.0489284 0.142057
3 2131 0.0709332 0.209546
6 2131 -0.0185528 0.194874
6 1488 0.0924216 0.251178
6 1997 0.0430605 0.255615
6 1036 0.0430605 0.283784
6 1537 0.0328503 0.305264
6 2002 0.0219359 0.304912
6 779 0.050102 0.104204
6 2019 -0.0185527 0.195755
6 1215 0.0413002 0.282024
6 2101 0.0201756 0.305264
6 1625 0.0434126 0.104556
3 1764 -0.234586 -0.266014
6 2059 -0.00939877 0.269348
6 1230 0.0325969 0.310503
6 2113 -0.280216 -0.309113
3 2132 0.126897 -0.0424042
6 2132 0.0812679 -0.0424042
3 2133 -0.0704677 -0.0732085
7 2133 0.115236 0.197938
3 2134 0.190329 0.148903
7 2134 0.107608 0.163575
7 2120 -0.0215683 0.31294
7 638 -0.295609 -0.273924
7 2087 -0.32882 -0.315698
7 677 -0.306081 -0.274617
7 1968 -0.2897 -0.274128
7 1971 -0.270874 -0.264347
7 1537 -0.0951644 0.291742
7 780 -0.317817 -0.286354
7 2004 -0.291412 -0.254077
3 2135 -0.0361566 0.169346
7 2135 -0.117134 0.210192
7 2028 -0.289651 -0.274324
7 2029 -0.270287 -0.26376
3 2136 -0.254444 -0.256718
7 2136 -0.291412 -0.254957
3 2137 0.132136 -0.0285448
7 2137 -0.0420245 -0.204193
7 1616 -0.288243 -0.273619
7 1764 -0.271343 -0.263056
3 2138 -0.254866 -0.255873
7 2138 -0.295425 -0.258408
3 2139 0.267333 -0.0657285
7 2139 0.190737 -0.0479407
3 2140 -0.0343257 -0.040376
7 2140 0.0442577 0.119345
3 2141 0.132981 -0.0276997
7 2141 -0.0414377 -0.2039
7 2059 -0.0537603 0.275686
7 1230 -0.00694824 0.316588
3 2142 -0.256387 -0.258408
7 2142 -0.295932 -0.258408
7 2074 -0.353729 0.00627271
8 1376 -0.303759 -0.293283
8 3 -0.292553 -0.278
3 2143 -0.0857488 -0.0151334
8 2143 -0.0329781 0.128119
3 2144 0.20561 0.0908282
8 2144 0.0138383 -0.0429112
3 2145 0.227004 0.109168
8 2145 -0.0346896 -0.104426
3 2146 -0.0916575 -0.304694
8 2146 0.138414 0.0863045
8 589 -0.290923 -0.281464
3 2147 -0.0867675 -0.0161522
8 2147 -0.0347482 0.125683
3 2148 0.0709332 0.211258
8 2148 -0.090435 0.196342
8 2087 -0.33102 -0.318632
8 2126 -0.317817 -0.306014
8 1514 -0.171706 0.0144136
8 331 -0.293172 -0.277845
8 707 -0.246913 -0.106627
8 1043 -0.11733 -0.168982
8 825 -0.210434 0.077795
3 2149 -0.108684 0.0496255
8 2149 -0.19107 0.0665272
8 811 -0.317817 -0.30531
8 2138 -0.277681 -0.234069
3 2150 0.0822819 -0.197562
8 2150 0.126149 -0.0344918
3 2151 0.0113034 0.21822
8 2151 -0.209261 0.0510926
8 2113 -0.31824 -0.306578
8 1617 -0.3081 -0.276053
9 1881 0.0794905 -0.0332691
9 2076 -0.102049 -0.226038
9 993 -0.0772321 0.32105
9 1530 0.0049189 0.12547
3 2152 0.216164 -0.350909
9 2152 0.131242 -0.342188
9 2126 -0.354492 -0.306895
9 1971 -0.313416 -0.267281
9 1457 -0.167833 -0.0898135
3 2153 0.211764 0.036421
9 2153 -0.0221579 -0.0393619
3 2154 -0.0258877 0.109779
9 2154 -0.0850246 0.111739
9 1434 0.130835 -0.342596
9 1541 -0.341289 -0.29369
9 2004 -0.33102 -0.258478
9 1066 -0.069815 0.324701
9 799 -0.354785 -0.306014
3 2155 0.0750995 0.0306111
9 2155 -0.224143 -0.0570072
9 2149 -0.235432 0.0686399
9 1625 0.0635983 0.102443
3 2156 -0.0262984 0.110894
9 2156 -0.0860386 0.112753
9 811 -0.355841 -0.307423
3 2157 0.0532821 0.315371
9 2157 -0.0221579 0.307461
10 3 -0.339415 -0.342188
10 541 -0.304777 -0.303471
3 2158 0.0222374 -0.141472
10 2158 -0.159045 -0.249281
10 1429 -0.027025 0.176642
10 1435 -0.378127 -0.382943
10 638 -0.346546 -0.341169
3 2159 -0.222463 -0.232559
10 2159 -0.322707 -0.301026
10 2148 -0.135667 0.140345
10 1182 -0.0696038 0.266178
10 2126 -0.364761 -0.369983
10 1216 -0.366921 -0.354414
10 637 -0.336888 -0.343574
10 702 -0.339822 -0.320588
10 260 -0.220018 -0.198325
10 1209 -0.211461 -0.0442728
3 2160 -0.0963029 0.158195
10 2160 -0.219236 0.0971615
3 2161 0.00638589 0.262364
10 2161 -0.112909 0.218642
10 1541 -0.350091 -0.356778
10 1545 -0.219529 -0.198325
10 799 -0.365348 -0.369396
10 2026 -0.351265 -0.357072
10 2028 -0.340702 -0.341226
10 1616 -0.341054 -0.342071
10 2139 0.136947 -0.107361
10 1244 0.128145 -0.102959
3 2162 -0.0976994 0.157374
10 2162 -0.220644 0.0961052
10 1740 -0.138259 0.139627
3 2163 0.129939 -0.0271926
10 2163 -0.00147277 -0.0789118
3 2164 -0.064745 0.0306112
10 2164 -0.212684 -0.0357144
3 2165 -0.107332 0.12188
10 2165 -0.227793 0.0707696
3 1824 -0.118283 0.0999758
11 1880 -0.345527 -0.393131
11 1903 -0.210728 0.0261509
3 77 -0.10103 0.141771
3 2166 -0.283588 -0.294913
11 2166 -0.331265 -0.367048
3 2167 -0.217573 0.0547605
11 2167 -0.255471 -0.013707
11 1182 -0.0273547 0.273221
11 676 -0.33102 -0.367048
11 1216 -0.332487 -0.36338
11 677 -0.325152 -0.350909
11 702 -0.305592 -0.329147
3 2168 0.10174 0.322517
11 2168 -0.0244207 0.274101
3 2169 0.00433218 0.128852
11 2169 -0.152782 0.0926622
11 2102 -0.337181 -0.365875
11 2136 -0.31148 -0.330663
11 2033 0.176556 -0.102959
3 2170 -0.134034 0.0601891
11 2170 -0.210758 0.0336535
3 2171 0.274938 -0.106293
11 2171 0.202962 -0.146974
11 2111 -0.209541 0.034262
11 2163 0.0350305 -0.075261
12 1376 -0.239578 -0.348301
3 2172 -0.0786176 -0.290226
12 2172 -0.026662 -0.323849
12 539 -0.227353 -0.311622
12 764 -0.211054 -0.305509
12 541 -0.191698 -0.293283
3 2173 0.414452 -0.209736
12 2173 -0.269122 -0.37581
12 1889 -0.0775989 -0.157774
3 2174 -0.116311 0.0103381
12 2174 0.0386808 -0.0028542
12 1912 0.0731744 0.10713
12 1913 -0.00363846 0.0987754
12 1420 0.0758231 0.112224
12 1427 0.0619682 0.193733
3 2175 -0.228576 -0.249675
12 2175 -0.211461 -0.305917
12 1933 -0.191901 -0.29369
3 2176 -0.0158633 -0.212996
12 2176 0.0061414 -0.249675
12 2080 -0.0574278 -0.142084
12 1480 0.0489284 0.143524
12 1195 0.0650652 0.194874
12 327 -0.240067 -0.347975
12 637 -0.225397 -0.334771
12 677 -0.247402 -0.333304
12 1971 -0.209261 -0.320099
3 2177 0.414207 -0.210062
12 2177 -0.269407 -0.375851
3 2178 0.0694662 -0.177784
12 2178 0.0367035 -0.220332
12 1454 -0.140312 -0.0882877
3 2179 0.211764 0.0760344
12 2179 0.160786 0.0561869
12 1055 0.0724002 0.109779
12 780 -0.259138 -0.346508
12 330 -0.235666 -0.333304
12 2004 -0.231265 -0.311296
12 2136 -0.226278 -0.311296
12 707 -0.17552 -0.148441
3 2180 -0.134034 -0.0369957
12 2180 -0.136498 -0.0982644
12 2044 0.0599743 0.261826
3 2181 -0.272611 -0.276155
12 2181 -0.244726 -0.33193
12 2053 -0.0292558 0.0762457
12 1146 0.0599743 0.13405
12 1230 0.0478066 0.295292
3 1433 -0.351639 -0.352377
3 2182 -0.268103 -0.292264
13 2182 -0.200866 -0.318754
3 2183 -0.0419431 -0.248453
13 2183 0.0242749 -0.264755
13 2076 0.0344623 -0.246415
13 1885 0.23006 -0.148604
13 1889 -0.0317557 -0.136378
13 1890 -0.0158633 -0.121299
3 2184 0.162823 -0.0507936
13 2184 0.218854 -0.0569067
3 2185 0.158748 -0.0467181
13 2185 0.214779 -0.0538501
3 2186 0.123093 -0.0395861
13 2186 0.252839 -0.0178639
3 2187 0.13328 -0.0263409
13 2187 0.185236 -0.0355106
13 1013 -0.0358306 0.0123759
13 1909 0.0405747 0.0612812
13 1416 0.155692 0.0857339
13 1912 0.139392 0.11956
3 2188 0.14143 0.144828
13 2188 0.140411 0.119356
13 1918 0.134502 0.162352
13 1423 0.0650245 0.158073
3 2189 0.13328 0.210035
13 2189 0.131079 0.187539
3 2190 0.0701181 0.252827
13 2190 0.0680807 0.224299
13 1429 0.125945 0.238156
3 2191 0.145505 0.279318
13 2191 0.158952 0.268233
13 1925 0.0670619 0.255884
13 1930 0.0721556 0.287061
13 2079 0.0690994 0.289506
3 2192 0.0609495 0.315997
13 2192 0.0660432 0.292563
13 1432 0.0929379 0.295619
13 1931 0.0690994 0.295619
13 993 0.107608 0.301733
13 702 -0.187623 -0.286151
13 2159 -0.166229 -0.262717
13 2176 0.0405747 -0.231132
13 776 0.286091 -0.0783028
3 2193 0.272643 -0.0308239
13 2193 0.303205 -0.0406049
3 2194 0.0794905 0.0400889
13 2194 0.107608 0.0193041
13 2081 0.2279 0.0481583
13 1945 0.221299 0.0535379
13 1471 0.154062 0.0853264
13 1529 0.0606643 0.0936403
13 1481 0.134013 0.162597
13 1962 0.0684882 0.223484
13 1491 0.125212 0.238889
13 1963 0.125798 0.243291
13 2085 0.0660432 0.255273
13 1964 0.0709332 0.256495
13 1967 0.0724002 0.287306
3 2195 0.414207 -0.284887
13 2195 0.454794 -0.303471
13 677 -0.207794 -0.305428
13 1968 -0.19019 -0.305428
3 2196 -0.14618 -0.15431
13 2196 -0.105105 -0.188055
13 257 -0.0537604 -0.158711
13 260 -0.0346896 -0.139638
13 1039 -0.00241596 -0.108828
13 1563 0.108195 0.0179348
13 1206 0.24257 0.045224
3 2197 0.20883 0.0701657
13 2197 0.220565 0.0540269
13 1210 0.13817 0.0792132
13 1055 0.139881 0.120049
3 2198 0.125212 0.227152
13 2198 0.125212 0.205145
3 2199 0.0709332 0.228619
13 2199 0.0665322 0.197809
3 2200 0.167754 0.244758
13 2200 0.182835 0.235544
13 1705 0.0694662 0.225685
13 2001 0.0765077 0.292587
3 2201 0.085603 0.316649
13 2201 0.0905908 0.296109
13 1539 0.0650652 0.293174
13 2168 0.109075 0.304912
13 780 -0.219529 -0.318632
3 2202 -0.222757 -0.23383
13 2202 -0.168185 -0.265521
13 686 -0.0167924 -0.122913
13 2097 -0.00446973 -0.110588
3 928 0.201495 0.068992
3 2203 0.0765077 0.0707526
13 2203 0.0747474 0.0373014
13 1089 0.139881 0.144698
13 2136 -0.193182 -0.286296
3 2204 0.17016 -0.0961516
13 2204 0.19382 -0.116434
13 2107 0.125376 0.241037
13 2108 0.0201756 0.258784
13 2045 0.107631 0.299348
13 2048 0.307892 -0.0784048
3 2205 -0.128119 -0.0327702
13 2205 -0.0900945 -0.0682638
3 2206 0.0645372 0.114275
13 2206 0.0581998 0.0792035
13 1652 0.0189082 0.258784
13 1635 0.0645372 0.289207
13 2060 0.078226 0.292249
13 1651 0.0630163 0.13405
3 2207 0.0691001 0.188811
13 2207 0.0630163 0.155346
13 1631 0.126289 0.205848
13 1653 0.0599743 0.292249
3 2208 -0.154786 -0.060658
13 2208 -0.103682 -0.0935149
13 2115 0.0642331 0.0853727
3 2209 -0.0817799 0.315371
13 2209 -0.173038 0.220451
14 1499 0.105163 -0.0846198
14 2143 0.0298577 -0.0178639
3 2210 -0.10103 -0.00902023
14 2210 0.0159213 -0.0124844
14 1910 0.259603 0.0847151
14 1433 -0.209016 -0.341373
3 2211 0.037926 -0.106627
14 2211 0.144486 -0.114982
14 2147 0.0289774 -0.0190376
3 2212 0.224966 0.0584284
14 2212 0.3301 0.0449795
14 185 0.249416 0.086549
14 1178 0.265308 0.0889943
3 2213 -0.10755 0.117115
14 2213 0.00345192 0.100976
14 1422 0.0173873 0.149261
14 1195 0.231421 0.209839
14 1491 0.226433 0.244758
14 2086 0.219098 0.282904
3 2214 -0.361827 0.293174
14 2214 -0.246709 0.220224
14 1493 0.19416 0.304912
3 937 -0.0977699 -0.0178639
14 2091 0.266042 0.0892388
3 2215 -0.088968 0.166998
14 2215 0.0240795 0.158388
14 2008 -0.0268657 -0.0821745
3 2216 0.166287 -0.0436859
14 2216 0.27367 -0.0472071
3 2217 0.231421 0.0108924
14 2217 0.337924 -0.000258011
3 2218 -0.103051 0.132373
14 2218 0.00961334 0.119345
3 2219 -0.0960095 0.149979
14 2219 0.0148944 0.135895
14 2032 -0.125584 -0.0750245
3 2220 0.04975 -0.0517847
14 2220 0.148191 -0.0682638
3 2221 0.214522 0.0284984
14 2221 0.321201 0.0179348
3 2222 0.0856617 0.0982179
14 2222 0.181145 0.0711752
3 2223 -0.112909 0.110894
14 2223 -0.000948978 0.0939925
3 2224 -0.104459 0.132021
14 2224 0.00876839 0.119345
14 2108 0.117349 0.275686
3 2225 -0.145863 -0.0784048
14 2225 -0.0273547 -0.082419
3 2226 0.201424 0.06864
14 2226 0.305357 0.0534285
3 2227 0.209029 0.0914573
14 2227 0.312962 0.0762457
3 2228 -0.112909 0.111739
14 2228 -0.00137136 0.0939925
14 2052 0.269868 0.0965278
3 2229 0.19382 0.132021
14 2229 0.297752 0.11681
14 1628 0.17016 0.144698
14 2058 0.169484 0.237488
14 1151 0.345916 -0.0758695
3 2230 -0.256387 -0.0697849
14 2230 -0.125584 -0.0758695
3 2231 0.0630163 0.0306112
14 2231 0.166442 0.018442
3 810 0.209029 0.0914573
3 731 0.218155 0.100584
14 2067 0.0417227 0.099063
14 2071 -0.158437 -0.294307
3 2232 -0.0927309 -0.265101
14 2232 0.0234711 -0.26145
3 2233 0.108037 -0.0278011
14 2233 0.210246 -0.0387534
3 2234 -0.136535 -0.0241503
14 2234 -0.0221579 -0.0363196
3 2235 -0.100031 0.0744204
14 2235 0.00826145 0.0549496
3 2236 0.075184 0.0744204
14 2236 0.173743 0.0525158
14 469 0.265001 0.096325
3 2237 0.210246 0.147436
14 2237 0.318539 0.137092
5 794 -0.370995 -0.352377
4 3 -0.273197 -0.266792
4 2238 -0.275234 -0.265773
5 2238 -0.28644 -0.282075
5 5 -0.291534 -0.282075
5 1245 -0.283384 -0.278
5 1883 0.129205 -0.243358
5 944 -0.240597 -0.246415
5 1668 -0.227353 -0.240302
4 2239 -0.220222 -0.210755
5 2239 -0.236522 -0.229094
4 2240 -0.191698 -0.206679
5 2240 -0.207997 -0.224
4 2241 0.242285 -0.177132
5 2241 0.206629 -0.18834
5 1246 -0.167248 -0.189359
4 2242 0.224966 -0.162868
5 2242 0.18931 -0.174076
4 2243 -0.0409243 -0.160831
5 2243 -0.0598728 -0.17754
4 2077 -0.112236 -0.139435
4 1671 0.186254 -0.130265
5 1383 0.134299 -0.127208
5 548 -0.121405 -0.120076
4 2244 0.153655 -0.0996989
5 2244 0.120036 -0.112944
5 1892 -0.191698 -0.100718
5 1187 -0.180491 -0.0742274
4 2245 0.232098 -0.0518124
5 2245 0.209685 -0.0630199
4 2246 0.0171438 -0.0436615
5 2246 -0.0205496 -0.0609822
4 2247 0.192367 -0.0426427
5 2247 0.169954 -0.0538501
4 2248 -0.10103 -0.0406049
5 2248 -0.116311 -0.0599633
4 2249 0.188292 -0.0406049
5 2249 0.166898 -0.0528313
4 2250 0.187273 -0.0385672
5 2250 0.164861 -0.0507936
4 2251 0.148561 -0.0365295
5 2251 0.134299 -0.0487558
4 2252 0.179123 -0.0334729
5 2252 0.156711 -0.0456993
4 2253 0.0803055 -0.0314352
5 2253 0.0497434 -0.0467181
4 2254 -0.166229 -0.0202277
5 2254 -0.185585 -0.0426427
4 2255 0.111886 -0.0192088
5 2255 0.0996615 -0.0324541
4 2256 0.123093 -0.0192088
5 2256 0.10883 -0.0324541
5 1247 0.207648 -0.0151334
4 2257 -0.003231 0.0123759
5 2257 -0.0286995 -0.00596364
4 2258 0.231079 0.0123759
5 2258 0.196442 0.00116839
4 2259 0.00695638 0.0215456
5 2259 -0.0205496 0.00320611
4 2260 -0.0938987 0.0235833
5 2260 -0.132611 0.00116839
4 2261 -0.143817 0.0266399
5 2261 -0.185585 0.00218725
4 2262 -0.065374 0.0307154
5 2262 -0.113662 0.00830045
4 2263 0.0100126 0.0347908
5 2263 -0.0205496 0.0164513
4 2264 -0.130573 0.0388663
5 2264 -0.146669 0.0168589
4 2265 -0.120386 0.0398851
5 2265 -0.132977 0.0173479
4 2266 -0.0307369 0.040904
5 2266 -0.0826926 0.0195079
4 2267 -0.0317557 0.0439606
5 2267 -0.0843225 0.0217494
4 1749 0.0517809 0.0470172
4 2268 0.21376 0.0541492
5 2268 0.184624 0.0425342
4 2269 0.109849 0.0653567
5 2269 0.0741931 0.0500738
4 2270 -0.0399056 0.0684133
5 2270 -0.0965474 0.0462021
4 2271 0.192367 0.0745264
5 2271 0.15773 0.0623001
4 2272 -0.127517 0.0816585
5 2272 -0.154004 0.0572058
5 560 0.126149 0.0673944
4 2273 0.166898 0.0836962
5 2273 0.129205 0.0694321
4 2274 0.164861 0.0857339
5 2274 0.127167 0.0714699
4 2275 0.159767 0.0877716
5 2275 0.122074 0.0735076
4 2276 -0.128536 0.0938848
5 2276 -0.156042 0.0694321
5 1906 0.137355 0.0796207
4 2277 -0.00730596 0.103055
5 2277 -0.046018 0.0816585
4 2278 -0.0541679 0.105092
5 2278 -0.114273 0.0806396
5 663 0.0568745 0.0959225
4 2279 0.103736 0.113243
5 2279 0.0599308 0.0959225
5 59 0.062987 0.0989791
5 1416 0.0711369 0.103055
5 1677 0.0364998 0.113243
4 2280 -0.0337931 0.153998
5 2280 -0.0735239 0.130564
5 1917 -0.0123996 0.155017
4 2281 0.0813243 0.189658
5 2281 0.0385373 0.170299
5 1423 -0.0113809 0.174375
5 983 0.0558558 0.17845
5 1424 -0.00934343 0.192714
5 1919 -0.00934343 0.195771
4 2282 0.0578933 0.249771
5 2282 0.0191812 0.228375
4 2283 0.129205 0.257922
5 2283 0.0966053 0.240601
5 1921 0.159246 0.243291
4 2284 0.035481 0.259959
5 2284 -0.00119353 0.237544
4 2285 -0.0276807 0.260978
5 2285 -0.0592616 0.236525
4 815 0.132261 0.260978
5 1923 -0.003231 0.24162
4 2286 0.0874367 0.265054
5 2286 0.0513734 0.245492
4 2287 -0.026662 0.266072
5 2287 -0.0582429 0.240601
4 2288 0.0303874 0.267091
5 2288 -0.00628722 0.244676
4 2289 0.136336 0.279318
5 2289 0.110542 0.263831
4 2290 -0.424989 0.282374
5 2290 -0.471851 0.23245
4 2291 0.120036 0.285431
5 2291 0.0892705 0.267499
5 1924 0.00247397 0.263831
4 2292 0.0344623 0.287469
5 2292 -0.00119353 0.265054
4 2293 -0.0144371 0.292563
5 2293 -0.0439805 0.26811
4 2294 0.0385373 0.32211
5 2294 0.00593764 0.299695
5 993 0.0364998 0.30377
4 2295 0.0701181 0.329242
5 2295 0.0375185 0.308865
5 635 -0.367939 -0.356452
4 2296 -0.08799 -0.277796
5 2296 -0.0928799 -0.292468
4 2297 -0.271363 -0.261902
5 2297 -0.28481 -0.279019
4 2298 -0.251803 -0.254566
5 2298 -0.26525 -0.271683
5 1682 0.32032 -0.263124
4 2299 0.348437 -0.252121
5 2299 0.316653 -0.262717
4 2300 0.327655 -0.24234
5 2300 0.294648 -0.253343
4 2301 0.323988 -0.241117
5 2301 0.290981 -0.25261
4 2302 -0.231021 -0.238672
5 2302 -0.245691 -0.255789
4 1184 -0.224908 -0.228891
4 2303 -0.211461 -0.222777
5 2303 -0.227353 -0.239894
4 2304 -0.191901 -0.206883
5 2304 -0.207794 -0.224
5 596 -0.167452 -0.189766
4 2305 -0.0342006 -0.148197
5 2305 -0.0537604 -0.164091
4 2306 -0.141779 -0.140861
5 2306 -0.162562 -0.160423
4 1383 0.168732 -0.113963
5 601 -0.11733 -0.116408
4 2307 -0.0598728 -0.0944008
5 2307 -0.0806551 -0.111925
5 1973 -0.143002 -0.104182
5 1672 0.103207 -0.0970906
4 2308 -0.139334 -0.0650576
5 2308 -0.151967 -0.084416
4 2309 0.248194 -0.0516086
5 2309 0.224966 -0.0626123
4 2310 0.0966053 -0.0467181
5 2310 0.0648208 -0.0613897
4 2311 0.0171438 -0.0442728
5 2311 -0.0207532 -0.0613897
4 2312 0.240859 -0.0430502
5 2312 0.215186 -0.0540539
4 2313 0.146727 -0.0393823
5 2313 0.132057 -0.0516086
4 2314 0.227411 -0.0393823
5 2314 0.201535 -0.0497747
4 2315 0.122278 -0.023488
5 2315 0.111275 -0.036937
4 2316 -0.166229 -0.0210428
5 2316 -0.185789 -0.0430502
4 2317 0.112498 -0.0198201
5 2317 0.100273 -0.0332691
4 2318 -0.128332 -0.0185975
5 2318 -0.139742 -0.0395861
4 2319 0.132057 -0.013707
5 2319 0.117999 -0.0273597
4 2320 0.114943 -0.0112617
5 2320 0.0996615 -0.0243032
4 607 0.239636 -0.00392589
4 2321 -0.0244207 0.0193041
5 2321 -0.0733202 -0.00148063
4 2322 0.0061414 0.0205268
5 2322 -0.0207532 0.00218728
4 2323 0.00980889 0.0339758
5 2323 -0.0207532 0.0156362
4 2324 -0.0317557 0.0413116
5 2324 -0.0831001 0.0193041
4 2325 0.212742 0.0535379
5 2325 0.185651 0.0425831
4 1010 0.201739 0.0584284
5 47 0.165065 0.0486474
4 1175 0.176067 0.0731
4 2326 0.0342586 0.0767679
5 2326 -0.00486096 0.0584284
4 2327 0.191959 0.0767679
5 2327 0.156507 0.0645416
4 2328 0.16751 0.0828811
5 2328 0.129612 0.0694322
4 2329 0.165065 0.0853264
5 2329 0.12839 0.0718774
5 1946 0.136947 0.0743227
4 2330 -0.310482 0.0926622
5 2330 -0.358159 0.0596511
4 2331 -0.129554 0.0926622
5 2331 -0.157672 0.0682095
4 2332 0.150395 0.0926622
5 2332 0.126897 0.0792881
4 2333 -0.147892 0.0938848
5 2333 -0.174379 0.0684133
4 2334 -0.00730596 0.102443
5 2334 -0.0464255 0.0816585
4 2335 0.180957 0.109779
5 2335 0.141642 0.0954009
5 1470 0.0550408 0.0963301
5 1020 -0.0183083 0.101221
4 2336 0.1235 0.124451
5 2336 0.0746006 0.107334
4 2337 0.0342586 0.134232
5 2337 -0.00975089 0.113447
4 2338 -0.0574278 0.145235
5 2338 -0.121242 0.118582
4 2339 -0.0342006 0.153794
5 2339 -0.0733202 0.130564
5 1955 0.0587083 0.136677
4 2083 0.0293686 0.172133
4 2340 -0.0378681 0.175801
5 2340 -0.0745426 0.152571
4 2341 0.0966053 0.194141
5 2341 0.0562633 0.175801
5 1702 -0.0109734 0.173356
4 2342 0.0966053 0.196586
5 2342 0.0562633 0.178247
4 2343 0.145505 0.199031
5 2343 0.111275 0.183137
4 1482 0.0305911 0.214926
5 1995 0.0120501 0.229393
4 2344 0.140615 0.251605
5 2344 0.109075 0.235955
4 2345 0.035481 0.260163
5 2345 -0.00119353 0.238156
4 2346 0.235969 0.265054
5 2346 0.168732 0.250382
4 2347 0.0293686 0.266276
5 2347 -0.00730596 0.244269
4 2348 0.136947 0.278503
5 2348 0.109955 0.262657
5 1964 -0.00119353 0.265054
4 1430 0.116165 0.287061
4 2349 0.083158 0.293174
5 2349 0.0487246 0.273204
5 1967 0.00247397 0.293174
5 1690 -0.00363846 0.296842
5 1431 0.0061414 0.298065
4 2350 0.0733781 0.320072
5 2350 0.0415935 0.299287
5 1493 0.0220338 0.299287
4 993 0.0684882 0.324963
5 994 0.037926 0.307846
4 2351 0.0587083 0.329853
5 2351 0.0269237 0.307846
5 1722 -0.134444 -0.338928
5 1968 -0.285544 -0.281953
5 1971 -0.265006 -0.271683
5 1711 -0.285544 -0.261413
4 2352 -0.266473 -0.243807
5 2352 -0.281143 -0.261413
4 2353 -0.231265 -0.237938
5 2353 -0.245935 -0.255544
5 797 -0.226864 -0.240872
5 804 -0.237133 -0.230113
5 594 -0.188723 -0.207128
4 2354 0.0298577 -0.176317
5 2354 -0.00306138 -0.191224
4 2355 -0.0420245 -0.161646
5 2355 -0.0596283 -0.177784
4 2356 -0.141779 -0.141105
5 2356 -0.162317 -0.160179
4 2357 -0.11244 -0.139638
5 2357 -0.13151 -0.157244
4 2358 0.169221 -0.114697
5 2358 0.13548 -0.127901
4 2359 0.154551 -0.100025
5 2359 0.120811 -0.113229
5 1254 0.217631 -0.0626123
4 2360 0.176556 -0.0325355
5 2360 0.154062 -0.0442728
4 2361 0.079735 -0.0310684
5 2361 0.0489284 -0.0472071
4 2362 0.0914709 -0.0296012
5 2362 0.0611533 -0.0442728
4 2363 0.122278 -0.0193311
5 2363 0.109075 -0.0325355
5 772 0.0313246 -0.0310684
4 2364 0.132546 -0.0134625
5 2364 0.117388 -0.027156
4 2365 0.114943 -0.0105281
5 2365 0.0988058 -0.0237326
4 2366 -0.11244 -0.00612663
5 2366 -0.122709 -0.0266669
4 1756 -0.119775 0.0100121
4 2367 0.0386595 0.0100121
5 2367 0.0113737 -0.00671349
4 2368 0.175089 0.0144136
5 2368 0.154551 0.00267632
4 2369 -0.0654963 0.0305524
5 2369 -0.11244 0.00854497
5 1982 0.15773 0.0376437
5 1010 0.16482 0.0481583
4 2370 0.123745 0.0716329
5 2370 0.0843805 0.0559832
4 2371 0.16482 0.0804359
5 2371 0.128145 0.0672314
4 2372 0.175089 0.0877717
5 2372 0.136947 0.0745672
4 2373 -0.000948978 0.100976
5 2373 -0.0390905 0.0804359
5 662 -0.0185528 0.0833702
4 2374 0.17949 0.105378
5 2374 0.138473 0.0918798
4 2375 0.195627 0.109779
5 2375 0.1634 0.0965278
5 1523 0.0635983 0.0980418
4 2376 0.0342586 0.120049
5 2376 -0.00975089 0.099509
4 2377 0.123745 0.124451
5 2377 0.0753341 0.108312
4 2378 -0.0332227 0.153794
5 2378 -0.0742982 0.130319
5 1532 0.0635983 0.139122
4 2379 -0.0376235 0.175801
5 2379 -0.0742982 0.152327
4 1272 -0.0478924 0.196342
4 2380 0.136947 0.230086
5 2380 0.102913 0.213361
4 2381 0.0313246 0.233021
5 2381 -0.00681692 0.211013
4 2382 0.0914709 0.233021
5 2382 0.0533294 0.213948
5 1705 -0.00388295 0.235955
4 2383 0.241103 0.25943
5 2383 0.175089 0.244758
4 2384 0.123745 0.260897
5 2384 0.0905908 0.243291
4 2385 0.0327916 0.262364
5 2385 -0.00388295 0.240356
4 2386 -0.0273547 0.263831
5 2386 -0.0581613 0.238889
4 2387 0.0371926 0.287306
5 2387 -0.000948978 0.265298
4 2388 -0.0170858 0.293174
5 2388 -0.047648 0.268722
5 988 0.0483417 0.273221
4 2389 0.0298577 0.316649
5 2389 -0.00241596 0.293174
4 1967 0.0357256 0.316649
4 2390 0.0181218 0.325452
5 2390 -0.0126849 0.301977
4 2391 0.0606643 0.329853
5 2391 0.0283907 0.307846
4 2392 0.372252 -0.258478
5 2392 0.337924 -0.268748
5 2003 0.315919 -0.262
5 2005 -0.226278 -0.240872
4 2393 0.185651 -0.129955
5 2393 0.152204 -0.142279
5 1546 -0.0801661 -0.112349
5 1547 -0.226278 -0.108828
4 2394 0.115236 -0.0648131
5 2394 0.084136 -0.0794847
4 1549 0.217338 -0.0595313
5 1259 0.217338 -0.0683343
4 2395 -0.161144 -0.0384042
5 2395 -0.178747 -0.0595313
4 2396 0.150444 -0.0313618
5 2396 0.13548 -0.0442728
4 2397 0.176849 -0.0313618
5 2397 0.154551 -0.0442728
4 2398 0.13284 -0.0278406
5 2398 0.119344 -0.0413385
4 2399 0.113476 -0.0190376
5 2399 0.0983365 -0.0327702
4 2400 0.0377794 0.0179348
5 2400 0.0113737 0.000328873
4 2401 -0.0308754 0.0408225
5 2401 -0.0836868 0.0196954
4 2402 0.183891 0.0566679
5 2402 0.151617 0.0437568
5 1206 0.155373 0.0559636
4 2403 0.122278 0.0725132
5 2403 0.084136 0.0569613
5 1569 0.141642 0.0584285
4 2404 0.192693 0.0760344
5 2404 0.157485 0.0637102
5 1984 -0.00623014 0.0584285
4 2405 0.164527 0.0813162
5 2405 0.127559 0.0672314
4 2406 0.175089 0.0936403
5 2406 0.130023 0.0792035
4 2407 -0.0537604 0.104204
5 2407 -0.113613 0.0795556
4 359 0.0993927 0.114767
5 304 0.0641851 0.134134
4 2408 -0.0343962 0.1535
5 2408 -0.0731245 0.130613
4 2409 0.101153 0.1535
5 2409 0.0589039 0.135895
4 2410 0.0958719 0.157022
5 2410 0.0536228 0.139416
4 2411 0.0289774 0.172867
5 2411 -0.0132716 0.15174
5 1700 0.0571435 0.157022
4 1268 0.0958719 0.195755
4 2099 0.0905908 0.23977
4 2412 0.127559 0.259136
5 2412 0.0941116 0.241882
4 2413 -0.0273547 0.262657
5 2413 -0.0590415 0.238009
4 2414 0.240223 0.262657
5 2414 0.174844 0.247937
5 1706 -0.47097 0.225685
4 2415 0.0289774 0.287306
5 2415 -0.00623014 0.264418
5 796 0.0687621 0.288362
4 2416 0.0254567 0.320757
5 2416 -0.00623014 0.297869
4 2417 0.0641851 0.320757
5 2417 0.0307379 0.29963
5 2029 -0.265006 -0.271507
4 2418 0.347606 -0.252492
5 2418 0.315497 -0.263478
4 2419 -0.224869 -0.22714
5 2419 -0.239656 -0.244041
4 2420 -0.212194 -0.222914
5 2420 -0.226982 -0.239816
4 2421 0.184947 -0.129955
5 2421 0.151148 -0.142631
5 2030 0.136361 -0.128194
4 2422 0.216634 -0.0602355
5 2422 0.193397 -0.0707991
4 2423 -0.161496 -0.0391084
5 2423 -0.178395 -0.0602355
5 1739 0.201495 -0.0507283
4 2424 0.111011 -0.020094
5 2424 0.0995195 -0.0332772
4 2425 -0.129809 -0.0179813
5 2425 -0.140019 -0.0384042
4 2426 0.111011 -0.00953041
5 2426 0.0976323 -0.0225588
5 2050 -0.123471 -0.0264321
4 2427 -0.121359 0.00948398
5 2427 -0.131217 -0.0119953
4 1757 0.0370752 0.0179348
4 2428 -0.131921 0.039062
5 2428 -0.150933 0.0158221
4 2429 0.191284 0.0496255
5 2429 0.159246 0.0373014
4 2430 0.17861 0.0770908
5 2430 0.142698 0.0644145
4 2431 -0.148821 0.0834289
5 2431 -0.171213 0.058499
4 2432 0.174385 0.0876543
5 2432 0.130446 0.0737105
4 2433 0.00327595 0.0939925
5 2433 -0.0368607 0.0728653
4 2434 0.191284 0.108781
5 2434 0.15833 0.0965278
4 2435 -0.131921 0.11512
5 2435 -0.157916 0.0892388
4 2436 -0.047423 0.129909
5 2436 -0.106572 0.104556
4 2437 0.00327595 0.136247
5 2437 -0.0396773 0.114767
5 1610 0.0645372 0.138359
5 1222 0.04975 0.159487
5 2020 0.102561 0.213149
4 2438 -0.0368607 0.233432
5 2438 -0.07066 0.208079
5 1633 0.168047 0.250333
4 2439 0.119461 0.286249
5 2439 0.0877742 0.269348
5 2041 -0.00728631 0.265122
5 1736 -0.00728631 0.296813
4 2113 -0.3081 -0.296437
4 2440 0.383941 -0.273619
5 2440 0.348451 -0.28376
4 2441 -0.275146 -0.245732
5 2441 -0.28782 -0.263478
4 2442 -0.232052 -0.238126
5 2442 -0.245994 -0.254605
4 2443 -0.226982 -0.233055
5 2443 -0.241769 -0.25038
5 2046 -0.209237 -0.22545
5 1726 -0.150933 -0.172209
4 2444 0.241984 -0.0226292
5 2444 0.211564 -0.0327702
4 2445 0.145656 -0.0200939
5 2445 0.13108 -0.0331224
4 2446 0.186215 0.00525861
5 2446 0.155373 -0.00741772
4 2447 -0.120514 0.00779385
5 2447 -0.131921 -0.0137558
5 1730 0.00876839 0.00272336
4 2448 0.0239781 0.0432874
5 2448 -0.00390633 0.0255406
5 1043 0.187736 0.0427804
4 829 0.198889 0.0610342
4 2449 0.17861 0.078781
5 2449 0.143121 0.0661047
5 1601 0.0924216 0.0661047
4 2450 -0.150933 0.0914573
5 2450 -0.176283 0.0661047
4 2451 0.0214431 0.104134
5 2451 -0.024186 0.0834289
5 2051 -0.0089762 0.0863868
4 2452 0.102561 0.114275
5 2452 0.0594673 0.0965278
4 2453 0.0341179 0.11681
5 2453 -0.0064413 0.0965278
4 2454 0.107631 0.154839
5 2454 0.0645372 0.137092
4 2455 0.239449 0.258784
5 2455 0.175089 0.245051
4 2456 0.0822819 0.294278
5 2456 0.0467926 0.273996
4 2457 -0.113416 -0.139758
5 2457 -0.133189 -0.156998
5 1166 -0.250219 -0.100377
4 2458 0.0934356 -0.0302349
5 2458 0.0630163 -0.0454465
4 2459 0.0173873 0.018442
5 2459 -0.00877338 0.00140504
4 2460 0.0234711 0.0306112
5 2460 -0.00512304 0.0123573
4 821 -0.149919 0.0427804
4 2461 0.0234711 0.0427804
5 2461 -0.00390633 0.0245266
4 2462 0.190778 0.0732035
5 2462 0.155795 0.0610342
5 2075 0.156018 0.0848373
4 2463 0.19382 0.0944996
5 2463 0.157316 0.0823304
4 2464 0.00521947 0.0975419
5 2464 -0.0373676 0.0762458
4 2465 0.0204292 0.103626
5 2465 -0.0282418 0.0823304
4 2466 0.0995195 0.216192
5 2466 0.0630163 0.197938
4 2467 -0.019116 0.292249
5 2467 -0.0495353 0.267911
4 2468 -0.168171 0.310503
5 2468 -0.247261 0.270953
4 1104 0.0630163 0.322673
5 2070 0.0386808 0.304419
4 2469 0.374511 -0.26145
5 2469 0.341658 -0.272402
4 2470 0.213896 -0.060658
5 2470 0.191994 -0.0716103
4 2471 -0.173038 -0.0533565
5 2471 -0.187639 -0.075261
4 2472 -0.162087 -0.0387534
5 2472 -0.180339 -0.060658
4 2473 0.188344 -0.00224571
5 2473 0.157316 -0.0150234
4 2474 -0.100031 0.00505582
5 2474 -0.113416 -0.0150234
4 2475 -0.176688 0.048865
5 2475 -0.202241 0.0233096
4 2476 -0.154786 0.0890235
5 2476 -0.180339 0.0634681
4 2477 -0.169388 0.308069
5 2477 -0.246044 0.267911
4 116 -0.305796 -0.296339
6 1665 0.372683 -0.269849
6 764 -0.233466 -0.254566
6 2243 -0.0390905 -0.171427
6 2077 -0.110199 -0.154717
6 1671 0.15773 -0.131284
6 1890 -0.0877863 -0.101737
4 2478 -0.0775989 -0.0823783
6 2478 -0.0857488 -0.0996989
6 1893 -0.0725052 -0.0874726
6 1388 0.0690994 -0.0528313
6 2250 0.177086 -0.0365295
4 2479 0.123093 -0.0232843
6 2479 0.15015 -0.0222654
6 2256 0.129205 -0.0212466
6 2257 -0.0195308 -0.0018882
6 2259 -0.0123996 0.00728156
6 1905 0.128186 0.0887905
4 2480 0.179123 0.106111
6 2480 0.132057 0.103666
6 1677 0.0232562 0.117319
4 2481 0.0996615 0.140752
6 2481 0.0466872 0.129545
6 1420 0.0525959 0.145235
6 1916 -0.0219757 0.152571
6 1179 0.0477059 0.163167
6 1919 -0.0174933 0.19679
6 1181 0.045261 0.221039
6 2282 0.0100126 0.23245
6 2287 -0.0602803 0.239582
6 2288 -0.0144371 0.245695
4 2482 0.115961 0.288487
6 2482 0.081202 0.27997
6 1926 0.0426122 0.279318
6 1927 0.042816 0.284616
6 1929 0.0721556 0.295619
6 1930 -0.00363846 0.295619
6 635 -0.325152 -0.352377
4 2483 -0.365494 -0.337705
6 2483 -0.327597 -0.348709
6 2297 -0.251803 -0.276981
6 2306 -0.141779 -0.157978
6 599 -0.12222 -0.13597
6 548 -0.105105 -0.118854
4 2484 0.154062 -0.100514
6 2484 0.125212 -0.102959
6 601 -0.10103 -0.114982
4 2485 0.257973 -0.0919556
6 2485 0.249905 -0.0853533
6 1936 -0.19781 -0.110906
6 1935 0.10883 -0.0882877
4 2486 -0.0647628 -0.0723934
6 2486 -0.0733202 -0.0882877
6 649 0.225985 -0.0507936
6 2311 -0.0205496 -0.0579256
4 2487 0.14306 -0.0357144
6 2487 0.148561 -0.0355106
4 2488 0.0892705 -0.0283786
6 2488 0.0650652 -0.0354699
6 2316 -0.168674 -0.0467181
4 2489 0.0611533 -0.013707
6 2489 0.035481 -0.023488
4 2490 -0.00363846 0.0119683
6 2490 -0.0207532 -0.00270327
6 2324 -0.0977699 0.0173479
6 1010 0.16751 0.0584284
4 2491 0.191959 0.0669869
6 2491 0.155285 0.0669869
6 1945 0.137355 0.0786019
6 2329 0.1235 0.0828811
6 2334 -0.0513154 0.0816585
4 1413 0.0281462 0.103666
6 2339 -0.0806551 0.128119
6 1479 0.0477059 0.163575
6 2341 0.0464835 0.181914
6 2342 0.0464835 0.18436
6 1197 0.00980889 0.232043
4 2492 0.12839 0.260163
6 2492 0.0917154 0.25405
6 2348 0.113476 0.274981
6 1689 -0.0121959 0.266276
4 2493 -0.0146408 0.291952
6 2493 -0.0470367 0.267091
6 2349 0.0430605 0.27997
4 2494 0.0305911 0.296842
6 2494 -0.0103622 0.276261
6 1967 -0.00388295 0.296109
6 1493 0.0166548 0.303444
6 1680 0.0208113 0.304178
6 2351 0.0208113 0.312736
4 2087 -0.322218 -0.311296
6 1968 -0.25327 -0.280486
6 1711 -0.254737 -0.259946
6 680 -0.212195 -0.245274
6 2354 0.0049189 -0.18512
6 2355 -0.0390905 -0.171916
6 647 -0.087501 -0.101492
4 2495 0.0181218 -0.0442728
6 2495 -0.0200198 -0.0574773
6 2367 0.0201756 -0.00143172
4 2496 -0.0244207 0.0202822
6 2496 -0.0843225 -0.00148063
6 1517 0.141348 0.0760344
4 2497 0.170688 0.0892388
6 2497 0.126679 0.0863045
4 2498 0.0342586 0.134721
6 2498 -0.0214868 0.115648
6 2378 -0.0801661 0.127385
4 2499 0.0283907 0.155261
6 2499 -0.0244207 0.134721
6 1993 -0.0207532 0.174579
4 2500 0.0298577 0.287306
6 2500 -0.0126849 0.266765
4 2501 0.11641 0.287306
6 2501 0.0853096 0.280263
6 2388 -0.0490742 0.269129
6 1965 0.0729869 0.296109
6 2390 -0.0170858 0.304178
4 2502 0.384574 -0.272563
6 2502 0.358169 -0.267281
6 1724 -0.249162 -0.258478
4 1772 -0.243881 -0.216224
6 685 -0.122415 -0.136997
6 1545 -0.103051 -0.117631
6 1975 -0.0203131 -0.0577707
6 1695 0.0201756 -0.00107956
4 2503 0.0518624 0.0461043
6 2503 0.0349628 0.0348365
6 2403 0.0792868 0.0653567
6 359 0.0448209 0.102443
6 2408 -0.0812223 0.127796
6 2410 0.0430605 0.144698
4 2504 0.0800285 0.190473
6 2504 0.0272171 0.176388
4 2505 0.124038 0.260897
6 2505 0.0856617 0.252446
4 2506 0.124038 0.264418
6 2506 0.0856617 0.256671
6 2028 -0.252331 -0.279958
4 2507 -0.273456 -0.244041
6 2507 -0.256556 -0.260943
4 2508 0.322257 -0.241929
6 2508 0.301249 -0.236471
6 2422 0.208184 -0.0560101
6 722 -0.161496 -0.0771372
6 2432 0.125376 0.0838515
4 2509 0.102561 0.127796
6 2509 0.0483417 0.116528
4 2510 0.0708745 0.324278
6 2510 0.0328503 0.309489
4 841 0.348451 -0.253337
4 2511 0.323102 -0.240661
6 2511 0.300287 -0.235591
4 2512 0.0163732 0.0204701
6 2512 -0.00390633 0.00627271
4 2513 0.0214431 0.12188
6 2513 -0.0317907 0.101598
6 1740 -0.019116 0.195403
4 2514 0.0873518 0.26639
6 2514 0.0417227 0.2527
6 1166 -0.220996 -0.105307
6 792 -0.016074 0.0975419
6 1651 -0.0251998 0.152303
4 2515 0.175568 0.179684
6 2515 -0.171119 0.131786
4 2516 0.0325969 0.289207
6 2516 -0.0089762 0.268925
4 2517 0.0234711 0.295292
6 2517 -0.016581 0.273996
4 2518 0.177393 0.180293
6 2518 -0.171706 0.132373
4 2519 -0.304777 -0.292264
7 2519 -0.314965 -0.300415
7 1245 -0.287459 -0.269849
7 1881 -0.27014 -0.263736
4 2520 -0.249766 -0.252528
7 2520 -0.268103 -0.261698
7 539 -0.287459 -0.253547
4 2521 0.239229 -0.0569067
7 2521 0.18931 -0.047737
7 2259 -0.0541679 0.0133947
4 2522 -0.220222 0.0449794
7 2522 -0.32719 0.0103381
7 2288 -0.0602803 0.251808
7 2294 -0.0419431 0.309884
7 2297 -0.288478 -0.27046
7 702 -0.288478 -0.254566
7 1184 -0.249358 -0.238672
4 2523 0.0391485 0.0107457
7 2523 -0.0195308 0.00463254
7 2339 -0.130777 0.133009
7 2340 -0.129554 0.155017
7 1967 -0.0464255 0.303444
7 1680 -0.0207532 0.311514
7 995 -0.047648 0.316404
7 2351 -0.0200198 0.319583
7 2352 -0.287011 -0.254077
7 2353 -0.252683 -0.247915
7 244 -0.25327 -0.239405
4 2524 0.24257 -0.0237326
7 2524 0.114729 -0.0271926
7 2378 -0.130044 0.133254
7 1710 -0.28613 -0.277845
4 2525 0.324721 -0.240872
7 2525 0.249025 -0.232069
4 2526 -0.104811 0.0408225
7 2526 -0.161496 0.024273
4 2527 0.169808 0.0883586
7 2527 0.077212 0.0863868
7 796 0.0328503 0.303151
4 1720 0.0589039 0.322517
4 2528 0.0370752 0.0115967
7 2528 -0.021651 0.00525861
7 2430 0.0941116 0.0770908
4 2529 -0.00517384 0.195403
7 2529 -0.100704 0.177268
4 2530 0.155373 0.254559
7 2530 0.0974916 0.258784
7 2512 -0.0464934 0.0123573
4 2059 0.0341179 0.289207
4 2531 0.0265131 0.294278
7 2531 -0.0579853 0.279911
4 1230 0.0721421 0.324701
4 2532 -0.244219 -0.215816
7 2532 -0.268555 -0.227985
4 265 0.239449 -0.0570072
8 1666 -0.311705 -0.277796
8 1245 -0.292553 -0.273924
4 2533 0.240247 -0.0406049
8 2533 0.178512 -0.0381597
8 1418 -0.10918 0.115281
8 1913 -0.104086 0.135658
8 1916 -0.100011 0.152979
4 2534 0.127167 0.28645
8 2534 0.0503954 0.288773
8 2482 0.0254567 0.287306
4 2535 0.105774 0.301733
8 2535 0.0184152 0.29963
8 1930 -0.0625623 0.299043
8 2483 -0.361827 -0.343207
8 1495 -0.296628 -0.257623
8 2523 -0.0329781 -0.00270327
8 2339 -0.155023 0.126488
4 2536 0.0513734 0.32374
8 2536 -0.0390905 0.31078
8 993 -0.0236058 0.314978
8 995 -0.0623178 0.31294
8 2351 -0.0366456 0.317627
4 2537 -0.363294 -0.340639
8 2537 0.168936 -0.346263
8 677 -0.310482 -0.277551
8 803 -0.294346 -0.274617
4 2538 -0.166718 -0.0207983
8 2538 -0.213906 -0.0491634
8 1010 0.109075 0.0642971
4 2539 -0.0963029 0.131786
8 2539 0.0983365 0.121458
8 1990 -0.128577 0.114181
8 1965 0.0184152 0.303151
8 2391 -0.0361566 0.318116
8 331 -0.294346 -0.277551
8 1772 -0.277329 -0.23383
4 2540 -0.243881 -0.0771372
8 2540 -0.245935 -0.104426
8 2408 -0.154982 0.125918
8 1721 -0.0220735 0.315827
4 2541 0.123686 0.127796
8 2541 -0.0419306 0.119345
8 2437 -0.134738 0.113007
8 2510 -0.021651 0.31456
8 2441 -0.300495 -0.260943
4 2542 0.145656 -0.030235
8 2542 0.0413001 -0.0366436
8 2053 -0.130654 0.114275
4 2543 -0.274639 -0.246239
8 2543 -0.300799 -0.26145
9 3 -0.331265 -0.279019
9 1666 -0.349602 -0.279019
9 1881 -0.312927 -0.267811
4 2544 -0.120386 0.108149
9 2544 -0.0415355 0.0804359
4 2545 0.0966053 0.219205
9 2545 0.000843949 0.166224
9 2483 -0.398501 -0.343574
9 589 -0.327597 -0.281464
9 1932 -0.316595 -0.27046
9 2302 -0.295813 -0.252121
9 1711 -0.335421 -0.259946
4 2546 0.293915 -0.227668
9 2546 0.123093 -0.0569067
9 1772 -0.314297 -0.23383
4 2547 -0.0713642 0.0249772
9 2547 -0.225968 0.00931502
9 2029 -0.312536 -0.267281
4 2548 -0.3081 -0.281225
9 2548 -0.359813 -0.294916
4 2549 -0.275146 -0.266014
9 2549 -0.330914 -0.27869
9 2441 -0.338519 -0.263478
4 2550 0.0265131 -0.173223
9 2550 -0.00270939 -0.0296012
4 2551 0.111687 -0.0180657
9 2551 0.00947823 -0.0278011
10 2238 -0.342471 -0.341169
10 1666 -0.358159 -0.341373
10 1245 -0.339415 -0.337094
10 1881 -0.321077 -0.329962
10 547 -0.217166 -0.195472
10 2259 -0.113255 -0.0487558
4 2552 -0.0908425 0.115281
10 2552 -0.0358306 0.0500738
10 1916 -0.145447 0.0926622
10 1917 -0.144836 0.0969414
4 2553 0.167917 0.204941
10 2553 0.0568745 0.181507
10 2283 -0.00730596 0.202699
10 1200 -0.342267 -0.341373
10 2297 -0.339822 -0.337705
10 1495 -0.34349 -0.320588
10 1933 -0.305592 -0.304694
10 2322 -0.113907 -0.0501415
4 2554 0.16751 0.205145
10 2554 0.0577303 0.18167
4 2555 -0.304614 -0.292223
10 2555 -0.365494 -0.367048
10 1723 -0.347157 -0.342107
10 677 -0.357954 -0.341226
10 803 -0.341289 -0.337705
10 1711 -0.344223 -0.321566
10 2356 -0.237133 -0.218865
4 2556 -0.088968 0.114181
10 2556 -0.0361566 0.0496255
10 1710 -0.337181 -0.342987
4 2557 -0.162904 0.000328873
10 2557 -0.26525 -0.0895103
4 2558 -0.307255 -0.279958
10 2558 -0.370629 -0.356015
10 806 -0.19952 -0.176435
4 2559 -0.163608 0.00103313
10 2559 -0.265006 -0.0897548
4 2560 -0.047423 0.178501
10 2560 -0.0748848 0.106669
10 2453 -0.148911 0.0388663
4 2561 -0.301721 -0.276981
11 2561 -0.332283 -0.362565
11 3 -0.304777 -0.350339
11 2238 -0.306815 -0.34932
11 1245 -0.304777 -0.345245
11 2520 -0.284403 -0.335056
11 541 -0.268103 -0.310603
11 1890 -0.145447 -0.164091
4 2562 -0.106124 0.0103381
11 2562 0.0934357 0.0415635
4 2563 0.0314061 0.0796207
11 2563 0.0286255 0.0496255
11 1424 -0.088805 0.140752
11 1919 -0.08799 0.144013
11 2294 -0.0633366 0.266072
4 2564 -0.303147 -0.2888
11 2564 -0.331265 -0.371735
11 589 -0.30274 -0.351358
11 1200 -0.306815 -0.349931
11 1932 -0.2897 -0.34015
11 2302 -0.268918 -0.320588
11 1184 -0.26525 -0.31203
11 1933 -0.268918 -0.310807
11 2306 -0.198014 -0.222777
11 548 -0.161339 -0.181208
4 2565 -0.0806551 -0.0858424
11 2565 -0.144713 -0.163113
11 2327 0.0762306 0.0215456
11 1948 0.100273 0.133254
4 2566 0.0330361 0.263831
11 2566 -0.0794326 0.196586
11 995 -0.0684302 0.272389
11 637 -0.303147 -0.352377
11 1723 -0.312927 -0.349931
11 1711 -0.310482 -0.330369
11 244 -0.269407 -0.312763
11 680 -0.265006 -0.311296
11 2356 -0.198992 -0.223266
11 647 -0.14354 -0.163406
11 2498 -0.0963029 0.0525598
4 2567 0.0298577 0.213948
11 2567 -0.0889679 0.141176
11 1709 -0.0924887 -0.337705
11 1724 -0.303734 -0.328902
11 2393 -0.333954 -0.359712
11 806 -0.161496 -0.18066
11 2442 -0.269231 -0.320099
4 2568 -0.016581 0.0103291
11 2568 0.126289 0.0306112
11 1740 -0.0890805 0.143176
4 2569 -0.113416 -0.00589648
11 2569 0.117349 0.0369493
12 2561 -0.254859 -0.345245
12 1666 -0.249766 -0.334037
12 5 -0.234485 -0.331999
12 1245 -0.227353 -0.327924
12 1881 -0.210035 -0.319773
12 944 -0.187623 -0.293283
4 2570 -0.130573 -0.154717
12 2570 -0.103067 -0.21483
12 2077 -0.0867675 -0.19751
12 547 -0.0989924 -0.180189
12 1890 -0.0643553 -0.14351
12 2478 -0.0612991 -0.140453
12 1893 -0.0490742 -0.128227
4 2571 0.120036 -0.0192088
12 2571 0.153655 -0.047737
4 2572 0.0578933 0.0500738
12 2572 0.0724002 0.0114793
12 1175 0.169954 0.0400889
12 1418 -0.00852839 0.0767679
12 2280 -0.0633366 0.0918471
12 1917 -0.003231 0.122413
4 2573 0.0151063 0.211054
12 2573 -0.0195308 0.157054
12 1424 -0.000174789 0.164186
12 1919 2.89711e-05 0.167243
12 1920 0.0049189 0.18762
4 2574 0.0904929 0.242639
12 2574 0.0648208 0.203922
12 2283 0.114943 0.23082
4 2575 0.12513 0.260978
12 2575 0.110542 0.233021
12 1926 0.0599308 0.260163
12 1928 -0.0358306 0.248752
4 2576 0.0314061 0.297657
12 2576 0.0049189 0.255884
12 1929 0.0929379 0.27997
12 2294 0.0159213 0.284616
12 993 0.0487246 0.294601
12 802 -0.255878 -0.341169
12 1932 -0.213091 -0.321811
12 702 -0.227353 -0.31203
12 1495 -0.23041 -0.310603
12 596 -0.120997 -0.233781
12 1669 -0.103882 -0.214219
12 2306 -0.119775 -0.204438
12 548 -0.0818776 -0.161646
12 601 -0.0782101 -0.157978
4 2577 0.116165 -0.0173749
12 2577 0.150598 -0.0456993
12 2523 0.0474614 -0.0354699
12 2334 -0.0317557 0.0425342
12 2337 -0.000948978 0.0760344
12 1023 0.0697107 0.107334
12 2083 -0.00241596 0.117115
12 2340 -0.0647628 0.115892
12 2341 0.0684882 0.151349
4 2578 -0.0488705 0.195363
12 2578 -0.0708752 0.1379
12 1702 -0.00119353 0.144013
12 1964 0.00785287 0.244758
12 993 0.0489284 0.293174
4 2579 -0.301681 -0.27315
12 2579 -0.256204 -0.342107
12 803 -0.229798 -0.328902
12 2352 -0.226864 -0.311296
12 804 -0.187011 -0.277796
12 683 -0.121242 -0.233537
12 2355 -0.0112179 -0.212996
12 801 -0.124176 -0.210062
12 2356 -0.119775 -0.204193
12 685 -0.0992369 -0.180719
4 2580 -0.0948359 -0.0985578
12 2580 -0.0786991 -0.158711
4 2581 -0.0464255 -0.036937
12 2581 -0.0572241 -0.102756
12 2360 0.202962 -0.063835
12 2367 0.0448209 -0.0366436
12 1563 0.0606643 0.00561067
4 2582 0.0371926 0.109779
12 2582 0.00257177 0.0496255
12 1990 -0.0317557 0.0745672
12 2499 -0.00446973 0.0989221
12 1997 0.0624247 0.233432
12 2500 0.00433218 0.245051
12 1999 0.00785293 0.245051
12 2388 -0.0354231 0.247937
12 2390 -0.00363846 0.285838
12 1542 -0.245642 -0.332423
4 2583 -0.252683 -0.254957
12 2583 -0.210434 -0.320099
12 685 -0.0995302 -0.181012
12 1545 -0.0801661 -0.159885
12 1975 0.00369852 -0.106293
12 1695 0.0434126 -0.0369957
4 2584 0.0377794 0.0337802
12 2584 0.0434126 -0.0116431
12 2503 0.0620023 0.00525861
12 1700 0.0747474 0.132373
12 2019 0.00081143 0.165825
4 2585 0.115236 0.289066
12 2585 0.100449 0.263009
12 1720 0.0370752 0.288362
4 2586 0.0184152 0.326039
12 2586 -0.00270939 0.287306
4 909 0.375068 -0.269394
12 2028 -0.229517 -0.33193
12 703 -0.121359 -0.233478
12 704 -0.100234 -0.18066
12 1757 0.0442577 -0.0276997
4 2587 0.0286255 0.174276
12 2587 -0.00390633 0.119345
12 2529 -0.0361566 0.139416
12 2441 -0.234586 -0.314183
12 1244 0.25724 -0.0809518
4 2588 0.00116355 -0.0200939
12 2588 0.00217756 -0.0758695
4 2589 -0.181353 0.0179349
12 2589 -0.149114 -0.036937
12 1730 0.0386808 -0.0271926
12 2053 -0.0282418 0.0762458
12 1652 -0.0368606 0.246108
12 2532 -0.209237 -0.28376
4 2590 0.0350305 0.0160081
12 2590 0.0386808 -0.0314519
4 2591 0.0277298 0.172991
12 2591 -0.00512304 0.11823
4 1849 0.120036 -0.370716
4 2592 -0.30274 -0.288188
13 2592 -0.216147 -0.327924
4 1842 -0.300703 -0.281056
13 1665 0.475576 -0.310603
4 233 -0.288478 -0.267811
13 2238 -0.191698 -0.305509
4 2593 -0.0837113 -0.249472
13 2593 -0.00221227 -0.278
13 1882 0.419545 -0.282075
13 11 0.395096 -0.272905
4 2594 -0.0735239 -0.230113
13 2594 0.0049189 -0.25966
13 944 -0.147892 -0.26883
4 2595 -0.0531492 -0.189359
13 2595 0.0202 -0.220943
13 2243 0.0283499 -0.193434
4 2596 -0.0348119 -0.150642
13 2596 0.0334436 -0.183246
4 2597 -0.0337931 -0.147585
13 2597 0.0344623 -0.180189
13 1383 0.226189 -0.145751
13 548 -0.0358306 -0.140453
13 2244 0.210704 -0.131284
4 2598 -0.0602803 -0.0946046
13 2598 0.00390016 -0.130265
13 1384 -0.003231 -0.128227
13 758 -0.140761 -0.126189
13 1890 -0.0174933 -0.123133
13 2478 -0.0154559 -0.121095
13 1892 -0.108161 -0.118038
13 1893 -0.00221227 -0.108869
4 2599 -0.100011 -0.0670954
13 2599 -0.0409243 -0.108869
13 1187 -0.0979736 -0.0925669
13 1388 0.151617 -0.0783028
4 2600 -0.103067 -0.0436615
13 2600 -0.0368494 -0.0783028
13 2246 0.0650245 -0.0854349
13 1895 -0.0989924 -0.0797292
13 2251 0.219873 -0.0538501
4 2601 -0.150948 -0.0344918
13 2601 -0.0816738 -0.0711708
13 2252 0.244322 -0.0538501
4 2602 -0.15706 -0.0324541
13 2602 -0.090435 -0.0723934
4 2603 0.130224 -0.0263409
13 2603 0.200517 -0.0446804
13 1247 0.299334 -0.0263409
13 2263 0.0609495 -0.000869334
13 2273 0.214779 0.0572058
13 2274 0.212741 0.0592435
13 2275 0.206629 0.0602624
4 2604 -0.137704 0.103055
13 2604 -0.0867675 0.0572058
13 2480 0.223744 0.0792132
13 1908 0.226433 0.0848373
13 59 0.142449 0.0816585
13 59 0.144486 0.0816585
4 2605 0.102718 0.129545
13 2605 0.139392 0.0938848
13 2280 0.00288143 0.109168
13 1913 0.0640057 0.115281
13 1915 0.166287 0.139122
13 1917 0.0640057 0.137696
4 2606 0.0293686 0.193733
13 2606 0.0650245 0.156035
4 2607 -0.0480555 0.19679
13 2607 -0.00934343 0.155017
13 1424 0.0660432 0.177431
13 1919 0.0660432 0.181507
13 1920 0.0672657 0.199031
13 2282 0.0929379 0.218594
13 2283 0.172399 0.238156
13 2285 0.0110313 0.224299
13 815 0.175089 0.241824
13 2287 0.0130688 0.230412
13 2290 -0.396056 0.178247
4 2608 -0.0541679 0.285431
13 2608 -0.00934343 0.252827
13 2291 0.16262 0.267499
13 2292 0.0701181 0.255884
13 113 0.0208113 0.256495
13 2293 0.0242749 0.25894
13 1928 0.0222374 0.261997
13 2576 0.0670619 0.267091
13 1927 0.121055 0.274835
13 1929 0.146727 0.287061
13 2294 0.0762306 0.295619
13 635 -0.267084 -0.378867
13 2564 -0.216351 -0.327924
13 800 -0.216351 -0.323033
13 2296 -0.00119353 -0.303471
4 2609 0.398559 -0.276573
13 2609 0.474353 -0.310807
13 802 -0.216147 -0.31366
4 2610 -0.27503 -0.271683
13 2610 -0.190679 -0.310603
13 589 -0.187623 -0.308566
13 2297 -0.188641 -0.301434
13 1682 0.426677 -0.285132
13 2299 0.422602 -0.284113
13 2301 0.394892 -0.272905
13 2305 0.0342586 -0.181208
13 2484 0.211519 -0.132303
13 2307 0.00369647 -0.129857
13 2565 -0.0183083 -0.123744
13 1935 0.194404 -0.116001
13 1672 0.192693 -0.114697
4 2611 -0.0366456 -0.077284
13 2611 0.0263124 -0.110906
13 2486 -0.00241596 -0.109072
4 2612 -0.105105 -0.0711708
13 2612 -0.0464255 -0.113963
13 2308 -0.0696527 -0.101737
13 649 0.30565 -0.077284
13 34 -0.0537604 -0.0907329
4 2613 -0.0831001 -0.0540539
13 2613 -0.0246245 -0.0946046
4 2614 -0.119775 -0.0528313
13 2614 -0.0513154 -0.0882877
4 2615 -0.0231982 -0.0528313
13 2615 0.0330361 -0.0907329
13 1938 0.300353 -0.0701519
4 2616 -0.0390905 -0.0454955
13 2616 0.0120501 -0.0874726
13 2312 0.306873 -0.063835
4 2617 -0.101437 -0.0418276
13 2617 -0.0366456 -0.0785066
4 2618 -0.150337 -0.0344918
13 2618 -0.0818776 -0.0711708
13 2316 -0.103882 -0.0650576
4 2619 0.037926 0.0180815
13 2619 0.0929379 -0.013707
13 2322 0.0609495 -0.0130957
13 2323 0.0611533 -0.00148063
13 2324 -0.000174789 -0.0120768
4 2194 0.0513734 0.0474247
4 1013 -0.0635403 0.0706548
13 1175 0.226189 0.0486474
13 1948 -0.0969549 0.0368286
4 1354 -0.146669 0.0853264
13 2329 0.213964 0.0596511
4 2620 0.158952 0.0877717
13 2620 0.205896 0.0598956
4 2621 0.171177 0.0902169
13 2621 0.217631 0.063319
13 2334 0.0334436 0.0612812
4 2622 -0.0537604 0.104889
13 2622 -0.0326358 0.0425831
4 2623 0.178512 0.106111
13 2623 0.22438 0.0795556
4 1471 0.116165 0.11956
4 2624 0.0330361 0.120783
13 2624 0.0684882 0.0792132
13 1020 0.0599308 0.0792132
4 2625 -0.0610953 0.125673
13 2625 -0.0434915 0.0613628
13 2339 0.00345192 0.109779
4 2626 0.0281462 0.155017
13 2626 0.0635983 0.11467
4 2627 -0.0757651 0.156239
13 2627 -0.0623178 0.0877717
13 1421 0.166287 0.139122
13 2340 2.89711e-05 0.133009
13 2578 -0.00975089 0.153794
13 2343 0.189759 0.177268
4 2628 -0.0329781 0.232043
13 2628 0.0049189 0.192918
13 1485 0.129612 0.205145
13 1995 0.085603 0.218594
13 2345 0.0709332 0.227152
4 2629 -0.0280882 0.261386
13 2629 0.0110313 0.224707
4 2630 -0.0268657 0.265054
13 2630 0.0122538 0.229597
4 1491 0.088048 0.265054
13 2347 0.0648208 0.233265
13 2348 0.185651 0.266178
4 2631 -0.0549829 0.285838
13 2631 -0.00975089 0.252827
13 2493 0.0244787 0.25894
13 1679 0.120811 0.274101
13 1966 0.0679992 0.288773
13 1431 0.0768011 0.293174
13 2351 0.0958719 0.306379
13 637 -0.187256 -0.308362
13 803 -0.19019 -0.302493
4 2632 0.34966 -0.25261
13 2632 0.423009 -0.284887
4 2633 0.323254 -0.240872
13 2633 0.395136 -0.272563
4 2634 -0.0742982 -0.230602
13 2634 0.0049189 -0.259946
13 680 -0.147647 -0.268748
13 2354 0.0877742 -0.214463
13 683 -0.0801661 -0.211529
13 2355 0.0283907 -0.193923
4 2635 -0.0346896 -0.149908
13 2635 0.0342586 -0.182186
4 2196 -0.172586 -0.145507
13 2356 -0.0757651 -0.182186
13 2358 0.2279 -0.146974
13 1496 -0.0134184 -0.146974
4 2636 -0.181388 -0.0809518
13 2636 -0.108039 -0.117631
4 2637 -0.0361566 -0.0765504
13 2637 0.0257012 -0.111518
4 2638 -0.138845 -0.0648131
13 2638 -0.0698972 -0.101492
4 2639 -0.122709 -0.0560101
13 2639 -0.0537604 -0.091222
4 2640 0.241103 -0.0428057
13 2640 0.307117 -0.0633459
4 2641 -0.162317 -0.0207983
13 2641 -0.100215 -0.0650576
13 2365 0.182179 -0.0296012
13 2367 0.0941115 -0.0225588
4 2642 0.0386595 0.0173479
13 2642 0.0941115 -0.0137558
4 2643 0.200028 0.0290852
13 2643 0.254306 0.00414348
4 2644 0.19416 0.0320196
13 2644 0.249416 0.00830045
4 1206 0.191226 0.0686986
4 2645 0.192693 0.0760344
13 2645 0.243744 0.0531467
13 1517 0.229367 0.0525598
13 2371 0.213231 0.0540269
13 2497 0.217631 0.0628299
4 2646 0.0313246 0.0936403
13 2646 0.0677059 0.0513861
13 2373 0.0401265 0.0598956
13 1522 0.141348 0.0789687
13 1523 0.145749 0.0804359
13 1988 0.153084 0.0833702
4 2647 0.0988058 0.140589
13 2647 0.136361 0.105965
13 2499 0.0635983 0.114181
13 1993 0.0650652 0.156728
13 1272 -0.00975089 0.153794
4 2648 -0.0434915 0.197809
13 2648 -0.00388295 0.156728
4 2189 0.0944049 0.216882
13 2380 0.18037 0.209839
4 2649 0.0503954 0.250627
13 2649 0.085603 0.218349
4 2650 0.128145 0.25943
13 2650 0.17016 0.23977
13 2386 0.0122538 0.228619
4 2651 0.08707 0.265298
13 2651 0.125798 0.23977
4 2652 -0.0537604 0.285838
13 2652 -0.00975089 0.252094
4 2653 0.119344 0.285838
13 2653 0.162766 0.2697
13 1965 0.148683 0.287306
13 2390 0.0562633 0.297576
13 2391 0.0976323 0.306672
4 2654 -0.0942491 -0.286648
13 2654 -0.00623014 -0.311296
4 2655 0.377533 -0.256718
13 2655 0.452349 -0.289289
4 2656 -0.0854472 -0.251436
13 2656 -0.00270939 -0.279605
4 2657 -0.231559 -0.239112
13 2657 -0.152048 -0.277551
4 2658 0.0307379 -0.17573
13 2658 0.0873518 -0.215309
4 2659 -0.0784057 -0.110588
13 2659 -0.0126849 -0.146974
13 1546 0.00345192 -0.130835
13 1547 -0.141779 -0.126434
13 2540 -0.166718 -0.117631
4 2097 -0.0643226 -0.0718554
13 2394 0.171568 -0.0965038
13 1259 0.308878 -0.0771372
13 1712 -0.101291 -0.0929826
13 2395 -0.0960095 -0.0788978
4 2660 -0.0731245 -0.0243194
13 2660 -0.0214868 -0.0677474
4 2661 -0.166425 -0.0207982
13 2661 -0.105105 -0.0648131
4 2662 0.113476 -0.0102347
13 2662 0.182424 -0.0296012
4 2663 0.240223 -0.00319231
13 2663 0.298316 -0.02608
4 2664 0.171568 0.077795
13 2664 0.220859 0.0531467
13 411 0.229661 0.0531467
4 2665 0.164527 0.0848374
13 2665 0.212057 0.0584285
13 2527 0.217338 0.0619496
13 359 0.141642 0.0795556
4 2666 0.0236964 0.12181
13 2666 0.0606643 0.0795556
4 2667 0.102913 0.128852
13 2667 0.139881 0.0936403
13 2408 0.00257177 0.109486
13 1085 0.14481 0.12357
13 2411 0.0641851 0.134134
13 1700 0.136361 0.142937
13 1611 0.0659454 0.157022
4 2668 -0.0484792 0.195755
13 2668 -0.00975089 0.1535
4 2669 -0.0431981 0.197515
13 2669 -0.00270939 0.157022
13 2019 0.0659454 0.178149
13 2099 0.129319 0.213361
4 2670 0.212057 0.253854
13 2670 0.235235 0.224218
13 2413 0.0113737 0.225685
4 2671 0.08707 0.2697
13 2671 0.123686 0.243995
13 1261 0.0729869 0.289066
13 2416 0.0624247 0.292587
13 2586 0.0553832 0.297869
13 909 0.452349 -0.301026
4 2672 0.372956 -0.25883
13 2672 0.447314 -0.291366
13 2419 -0.146708 -0.267281
4 2673 -0.0347482 -0.148969
13 2673 0.0328503 -0.182773
13 2030 0.227196 -0.146857
4 2674 -0.0791098 -0.110941
13 2674 -0.0132716 -0.147561
13 1727 -0.166425 -0.117631
4 2675 -0.161496 -0.0750245
13 2675 -0.0889679 -0.110588
4 2676 -0.0326358 -0.0750245
13 2676 0.0298577 -0.108828
13 722 -0.102347 -0.0919262
13 2423 -0.0960094 -0.0792499
4 2677 0.142698 -0.020094
13 2677 0.212057 -0.0384042
4 2678 0.0370752 0.0348365
13 2678 0.0919991 0.00314585
13 2434 0.243099 0.0890235
13 805 0.138051 0.119345
13 2018 0.132981 0.16498
4 2679 -0.0431981 0.197515
13 2679 -0.00306138 0.157374
13 2438 0.00116349 0.19329
4 2680 0.138473 0.252446
13 2680 0.18368 0.235967
4 2681 0.132136 0.258784
13 2681 0.176075 0.241037
13 1717 0.1634 0.246108
13 2044 0.119461 0.273573
4 2682 -0.119246 0.305264
13 2682 -0.123471 0.222868
13 1744 -0.206702 -0.306578
4 2683 -0.0799547 -0.111363
13 2683 -0.0140461 -0.146857
4 2684 -0.112909 -0.00488241
13 2684 -0.0622101 -0.0530523
4 2685 0.0366528 0.0382169
13 2685 0.0898867 0.00525861
13 2449 0.226774 0.0534285
4 2686 0.15326 0.088922
13 2686 0.199734 0.0619496
13 2053 0.0391878 0.0939925
13 2058 0.0670722 0.228361
13 2060 0.077212 0.291742
4 2687 0.348958 -0.252323
13 2687 0.421965 -0.28376
4 2688 0.029555 0.258784
13 2688 0.0660582 0.225319
13 2516 0.0691001 0.258784
13 2467 0.0204292 0.258784
4 2689 -0.132884 -0.0204996
13 2689 -0.0617031 -0.0545734
13 2590 0.0897854 -0.0168488
4 2690 0.177393 0.107277
13 2690 0.224847 0.0817219
4 2691 -0.0197244 0.289816
13 2691 0.0204292 0.256959
4 2692 0.0303874 -0.14351
14 2692 0.168732 -0.172649
14 457 0.104674 -0.0877008
14 2256 0.250639 -0.0308239
14 1175 0.317672 0.0551681
14 2575 0.260418 0.246714
14 1928 0.117388 0.278503
14 1927 0.218854 0.284412
4 934 0.210297 -0.228891
4 2693 0.0293686 -0.143306
14 2693 0.169221 -0.173383
4 1692 -0.261583 -0.063835
14 2313 0.275088 -0.0528313
14 1977 0.279978 -0.0479407
4 2694 0.160175 0.103666
14 2694 0.30565 0.0701657
4 2695 -0.0378681 0.23082
14 2695 0.100273 0.206367
4 2696 0.0904929 0.241824
14 2696 0.229367 0.219816
4 2697 0.132057 0.260163
14 2697 0.267753 0.245492
14 2495 0.157485 -0.0718554
4 2217 0.202962 0.0173479
4 2698 0.182424 0.0569613
14 2698 0.316653 0.0400889
14 1206 0.330589 0.045224
4 2699 -0.13151 0.115648
14 2699 0.00345192 0.0965746
4 2700 0.0958719 0.196342
14 2700 0.236702 0.171106
14 2567 0.170688 0.187539
14 1486 0.229661 0.218642
4 2701 0.0307379 -0.1458
14 2701 0.169808 -0.17397
14 1975 0.155373 -0.0707991
14 2396 0.277778 -0.0442728
14 1695 0.175089 -0.0137558
4 2067 -0.0995302 0.125331
4 2702 -0.115374 0.165825
14 2702 0.0180631 0.148923
14 2099 0.229309 0.21653
4 1036 0.0835493 0.296109
4 2703 0.106434 0.304912
14 2703 0.241983 0.290827
14 796 0.236702 0.292587
4 2704 0.212409 -0.229252
14 2704 0.374599 -0.292223
14 2528 0.17354 -0.0124882
4 1365 0.189172 0.039062
14 2037 0.315919 0.0475128
4 418 0.108899 0.11512
4 1606 0.115236 0.117232
14 2018 0.235646 0.17005
4 2108 -0.0178486 0.292587
4 2705 0.106786 0.303151
14 2705 0.241983 0.290475
4 2706 0.100449 0.305264
14 2706 0.235646 0.292587
4 2707 0.130446 -0.0276997
14 2707 0.257193 -0.040376
14 2445 0.272403 -0.030235
14 2685 0.16847 0.0204701
4 2708 0.17354 0.088922
14 2708 0.313807 0.0644145
14 2055 0.229309 0.215685
14 1664 0.371266 0.220755
14 2455 0.39408 0.220755
14 2058 0.171005 0.235967
14 2514 0.224239 0.248643
14 1652 0.114729 0.273996
4 1151 0.215113 -0.060658
4 2709 -0.171213 -0.0545734
14 2709 -0.0347482 -0.0707991
4 2710 0.145149 -0.0332772
14 2710 0.27291 -0.0454465
4 2711 0.117771 -0.0180657
14 2711 0.242491 -0.0271926
4 2712 -0.1195 0.0732035
14 2712 0.0204292 0.048865
4 2235 -0.131668 0.0792881
4 2713 -0.116458 0.164473
14 2713 0.0167789 0.147436
14 2070 0.202945 0.31172
4 2714 0.184694 0.0379127
14 2714 0.319756 0.0196589
4 2715 -0.118283 0.0671189
14 2715 0.0204292 0.0452143
14 2064 0.306371 0.0519073
4 2716 0.155491 0.0926742
14 2716 0.297854 0.0634681
4 2717 0.224847 0.249657
14 2717 0.378161 0.21315
14 2691 0.115338 0.271562
5 1376 -0.298665 -0.298377
5 2718 -0.0938987 -0.296339
6 2718 -0.0572241 -0.289207
5 2719 0.350271 -0.284113
6 2719 0.35944 -0.266792
6 2238 -0.253841 -0.280037
5 2720 0.288128 -0.25049
6 2720 0.297297 -0.234189
6 1668 -0.198829 -0.239283
5 2721 0.261641 -0.238264
6 2721 0.27081 -0.222981
6 2076 -0.0280882 -0.226445
5 2722 -0.0938987 -0.216868
6 2722 -0.0674115 -0.211774
5 2723 -0.0480555 -0.216868
6 2723 -0.0231982 -0.210551
5 2724 0.228023 -0.205661
6 2724 0.234135 -0.191396
5 832 -0.0592616 -0.177132
5 2725 0.0507621 -0.156755
6 2725 0.0293686 -0.150642
6 1671 0.155285 -0.129857
6 1383 0.139392 -0.116001
6 548 -0.105105 -0.119057
5 2726 -0.106124 -0.114982
6 2726 -0.0898237 -0.112944
5 2478 -0.100011 -0.100718
6 1937 -0.220018 -0.104182
5 2727 0.0833617 -0.0783028
6 2727 0.0874367 -0.0691331
5 2728 -0.0612991 -0.0701519
6 2728 -0.0490742 -0.0670954
6 2254 -0.167248 -0.0467181
5 2729 -0.182529 -0.0426427
6 2729 -0.164192 -0.0467181
5 2730 0.0314061 -0.0304163
6 2730 0.035481 -0.0232843
5 2731 -0.160117 0.00116839
6 2731 -0.133629 -0.000869334
5 2732 -0.050093 0.0123759
6 2732 -0.0480555 0.0133947
6 2263 -0.0164746 0.0195079
5 2733 -0.188641 0.0296965
6 2733 -0.178454 0.0235833
5 2734 -0.0592616 0.0419229
6 2734 -0.0704677 0.0419229
5 1945 0.138374 0.0663755
6 560 0.123093 0.0796207
6 2273 0.126149 0.0816585
5 2735 0.129205 0.0724887
6 2735 0.124111 0.0836962
6 2275 0.117999 0.0847151
5 2736 -0.00832469 0.0755453
6 2736 -0.0183083 0.0779906
5 2737 0.104755 0.0765642
6 2737 0.0935491 0.0867528
5 2738 0.131242 0.0806396
6 2738 0.126149 0.092866
6 2277 -0.0511117 0.0826773
5 2739 0.114943 0.0908282
6 2739 0.101699 0.101017
5 2740 0.139392 0.0918471
6 2740 0.132261 0.104073
6 663 0.0477059 0.103055
5 2741 0.134299 0.0969414
6 2741 0.126149 0.108149
5 2742 0.137355 0.0969414
6 2742 0.129205 0.109168
5 2743 0.140411 0.0969414
6 2743 0.13328 0.109779
5 2744 0.0599308 0.0979603
6 2744 0.0507621 0.105092
5 2745 -0.124461 0.099998
6 2745 -0.149929 0.092866
5 2746 -0.0113809 0.101017
6 2746 -0.0205496 0.103055
5 2747 -0.0439805 0.114262
6 2747 -0.0531492 0.114262
5 2748 -0.0959362 0.129545
6 2748 -0.100011 0.126488
5 2749 -0.09288 0.130564
6 2749 -0.0959362 0.127507
6 2280 -0.0796364 0.128526
6 1265 -0.0989924 0.128526
5 2750 -0.0745427 0.152979
6 2750 -0.0816738 0.149922
5 2751 -0.107142 0.155017
6 2751 -0.108161 0.150941
6 1917 -0.0215683 0.156035
6 2281 0.0273311 0.175394
6 1423 -0.0205496 0.176413
5 2752 0.0558558 0.175394
6 2752 0.0466872 0.181507
6 983 0.0466872 0.185582
6 1424 -0.0185121 0.194752
5 2753 -0.0663928 0.207997
6 2753 -0.069449 0.20596
5 2754 -0.0684302 0.212073
6 2754 -0.0714865 0.210035
6 1958 -0.0154559 0.214111
5 2755 0.103736 0.214111
6 2755 0.0996615 0.225318
5 2756 0.0527996 0.22328
6 2756 0.0446497 0.229393
5 2757 -0.000174789 0.245695
6 2757 -0.00832469 0.247733
5 2758 0.104755 0.263016
6 2758 0.10394 0.274835
6 2292 -0.00832469 0.267091
5 2759 0.0853992 0.270148
6 2759 0.0819355 0.279725
5 2760 -0.000174789 0.271167
6 2760 -0.00730596 0.273204
5 2761 0.0752118 0.287469
6 2761 0.0711369 0.296638
6 2079 -0.00628722 0.296638
5 2762 0.0100126 0.299695
6 2762 0.00390016 0.302751
5 2763 0.0263124 0.299695
6 2763 0.0242749 0.304789
5 2764 0.0049189 0.301733
6 2764 -0.000174789 0.304789
5 2126 -0.315372 -0.31203
5 676 -0.312927 -0.299803
5 2765 -0.31415 -0.294913
6 2765 -0.279309 -0.293283
5 2766 0.312985 -0.260679
6 2766 0.322765 -0.244785
6 2300 0.30565 -0.237938
5 2767 0.290981 -0.252121
6 2767 0.30076 -0.236226
6 596 -0.145447 -0.188544
5 2768 0.168732 -0.145751
6 2768 0.173622 -0.133525
6 601 -0.101437 -0.115186
5 2769 0.216409 -0.0699482
6 2769 0.229856 -0.0540539
6 2309 0.238414 -0.0467181
5 2770 -0.173564 -0.0552765
6 2770 -0.151559 -0.0577218
6 2313 0.153655 -0.0395861
5 2487 0.12839 -0.0479407
5 2771 0.119833 -0.0418276
6 2771 0.140615 -0.0296012
5 2772 -0.0623178 -0.023488
6 2772 -0.0696527 -0.0222654
5 2773 -0.180899 -0.0112617
6 2773 -0.167452 -0.0161522
6 2322 -0.0146408 0.00585516
5 2774 -0.050093 0.0119683
6 2774 -0.0488705 0.013191
6 2323 -0.0170858 0.0188151
5 2775 -0.171119 0.02664
6 2775 -0.160117 0.0217494
5 2776 -0.189456 0.0290852
6 2776 -0.178454 0.0229721
5 2777 -0.176009 0.0388663
6 2777 -0.166229 0.0327531
6 47 0.163842 0.0620963
5 2778 0.0746006 0.04987
6 2778 0.0731744 0.0582247
6 1175 0.140615 0.0718774
5 2779 0.0941604 0.0657643
6 2779 0.0868255 0.0743227
6 2082 0.1235 0.0792132
6 2328 0.125945 0.0816585
5 2780 -0.0219757 0.0853264
6 2780 -0.0342006 0.086549
5 2480 0.139392 0.0914396
6 1470 0.0464835 0.102443
6 364 0.134013 0.108312
5 2781 0.0672657 0.0987754
6 2781 0.0525959 0.106111
5 2782 -0.0109734 0.099998
6 2782 -0.0195308 0.102443
5 2783 0.0587083 0.111002
6 2783 0.0464835 0.117115
5 2784 -0.165007 0.122005
6 2784 -0.18966 0.112224
5 2785 0.0550408 0.139122
6 2785 0.045261 0.145235
6 2340 -0.0806551 0.150126
5 2786 -0.0843225 0.153794
6 2786 -0.0877863 0.150941
6 380 -0.108772 0.150126
6 1269 -0.0867675 0.167243
5 2787 0.037926 0.170911
6 2787 0.0281462 0.175801
5 2788 0.0587083 0.196586
6 2788 0.0503954 0.203677
5 2789 0.0525959 0.222261
6 2789 0.0440385 0.228375
5 2790 -0.0598728 0.23571
6 2790 -0.0623178 0.234488
5 2791 -0.0586503 0.239378
6 2791 -0.0610953 0.238156
5 2792 -0.00363846 0.240601
6 2792 -0.0121959 0.243046
6 2347 -0.0146408 0.245492
5 2793 0.110053 0.263831
6 2793 0.112498 0.276057
6 1964 -0.00852839 0.267499
5 2794 0.0929379 0.266276
6 2794 0.0900039 0.277035
5 2493 -0.0439805 0.267499
5 1278 0.100273 0.268722
5 2482 0.0843805 0.269944
5 1927 0.0489284 0.27728
5 2795 -0.00119353 0.293174
6 2795 -0.00730596 0.296842
5 2796 -0.0134184 0.301733
6 2796 -0.0174933 0.30377
5 2797 0.0049189 0.301733
6 2797 -0.00363846 0.304178
5 2798 -0.33102 -0.325968
6 2798 -0.292879 -0.323033
5 2799 -0.285544 -0.279019
6 2799 -0.25327 -0.277551
5 2800 -0.0933689 -0.265814
6 2800 -0.0610953 -0.259946
6 594 -0.163784 -0.205661
5 2801 0.151617 -0.142573
6 2801 0.156018 -0.130835
6 257 -0.122709 -0.136704
6 260 -0.103638 -0.117631
6 1267 -0.0742982 -0.108828
5 2802 -0.270874 -0.0882877
6 2802 -0.237544 -0.0940389
5 2803 -0.0728312 -0.0648131
6 2803 -0.0684302 -0.0633459
5 2804 0.0650652 -0.0618788
6 2804 0.0694662 -0.0530758
5 2805 -0.172586 -0.054543
6 2805 -0.152048 -0.0574773
6 2396 0.155285 -0.0320465
5 2316 -0.185789 -0.0428057
6 2398 0.139881 -0.0296012
5 2806 0.10174 -0.0281341
6 2806 0.122278 -0.0173749
5 2807 -0.0640293 -0.00612663
6 2807 -0.0720977 -0.00637118
5 2490 -0.0302887 -0.00612663
5 2808 -0.0508264 0.0114793
6 2808 -0.0493594 0.0129465
5 2809 -0.17552 0.0173479
6 2809 -0.164664 0.012653
5 2810 -0.084567 0.0217494
6 2810 -0.0992369 0.0202822
5 2811 -0.358893 0.0598956
6 2811 -0.363294 0.0408225
5 2812 0.157485 0.0642971
6 2812 0.156018 0.0775015
5 2813 0.0944049 0.0657643
6 2813 0.08707 0.0745672
5 2814 0.128145 0.0716329
6 2814 0.123745 0.0833702
5 2815 0.122278 0.0731
6 2815 0.117877 0.0848373
5 2497 0.132546 0.0745672
5 2816 0.138414 0.0921731
6 2816 0.132546 0.10391
6 1522 0.0459944 0.102443
6 2376 -0.0229538 0.100976
6 1178 0.0562633 0.109779
5 2498 -0.0112179 0.114181
5 2817 -0.141779 0.127385
6 2817 -0.171119 0.118337
5 2818 -0.0963029 0.130319
6 2818 -0.0992369 0.127385
5 2499 -0.0141518 0.133254
6 1992 -0.0229538 0.152327
6 2379 -0.0816331 0.149392
5 2819 -0.084567 0.153794
6 2819 -0.08799 0.151349
6 313 0.0283907 0.175801
5 2131 -0.0082839 0.193407
5 2820 -0.0698972 0.206612
6 2820 -0.0733202 0.203922
5 2821 -0.0654963 0.208079
6 2821 -0.0684302 0.206612
6 1705 -0.0112179 0.238889
5 1491 0.0518624 0.246225
5 2822 0.0503954 0.249159
6 2822 0.0430605 0.256495
5 2823 0.0929379 0.265298
6 2823 0.0905908 0.276742
5 2824 -0.0434915 0.268233
6 2824 -0.0464255 0.267499
5 2825 -0.0464255 0.2697
6 2825 -0.0493594 0.268233
6 1430 0.0817889 0.280263
6 2389 -0.0082839 0.296109
5 2826 0.0049189 0.30051
6 2826 -0.000948978 0.303444
6 2102 -0.28261 -0.29369
5 2827 -0.2386 -0.230309
6 2827 -0.212195 -0.230309
5 2828 -0.00270939 -0.191576
6 2828 0.0049189 -0.184876
5 2829 -0.162904 -0.159885
6 2829 -0.14354 -0.159885
5 2830 0.215578 -0.0542495
6 2830 0.224966 -0.0384042
5 2831 -0.176987 -0.0489677
6 2831 -0.157623 -0.0524889
5 2832 0.1346 -0.0436859
6 2832 0.154551 -0.0310684
5 2833 0.101153 -0.0331224
6 2833 0.122278 -0.0222654
5 2834 0.0307379 -0.0313618
6 2834 0.036019 -0.0243194
5 2835 -0.0308754 -0.00671349
6 2835 -0.0214868 -0.00319231
5 2836 -0.0731245 -0.00143172
6 2836 -0.0854472 -0.00143172
5 2837 -0.309015 0.021456
6 2837 -0.307255 0.00737126
5 2838 0.0272171 0.0284984
6 2838 0.036019 0.0355408
5 2839 -0.187549 0.0355408
6 2839 -0.178747 0.0284984
5 2840 -0.0977699 0.0478649
6 2840 -0.115374 0.0443437
5 2841 0.157485 0.0549073
6 2841 0.155725 0.068992
6 1569 0.141642 0.0707526
6 2404 0.155725 0.077795
5 2842 0.0941115 0.0654709
6 2842 0.08707 0.0742738
5 2843 0.120517 0.0742738
6 2843 0.111011 0.0855416
5 2844 -0.00799048 0.086598
6 2844 -0.0203131 0.0883586
5 2845 0.139881 0.0918797
6 2845 0.132136 0.104556
5 2846 -0.0185527 0.0989221
6 2846 -0.0273547 0.100683
6 2437 -0.0484792 0.114767
5 2847 -0.141779 0.127092
6 2847 -0.171119 0.118582
5 2848 -0.0960095 0.130613
6 2848 -0.0995302 0.127092
6 2092 0.0536228 0.144698
6 2411 -0.0220736 0.1535
5 2849 -0.0942491 0.155261
6 2849 -0.0963029 0.152327
6 1700 0.0483417 0.164064
5 2850 -0.0836868 0.171106
6 2850 -0.086034 0.168466
5 2019 -0.00975089 0.193994
5 2851 -0.00446973 0.23977
6 2851 -0.0115112 0.24153
5 2852 0.0958719 0.24153
6 2852 0.0923511 0.252094
5 2853 0.0993927 0.243291
6 2853 0.0958719 0.253854
5 1997 0.0518624 0.248573
5 2854 -0.00623014 0.273221
6 2854 -0.0132716 0.274981
5 1965 0.0747474 0.287306
6 1586 -0.00270939 0.297869
5 2855 -0.269231 -0.0877007
6 2855 -0.237121 -0.0936163
5 2856 0.206072 -0.0623482
6 2856 0.220859 -0.0472071
5 2857 0.117349 -0.0412211
6 2857 0.139881 -0.0296012
5 2858 -0.0643226 -0.00741772
6 2858 -0.07066 -0.00741772
5 2859 -0.195295 0.0179348
6 2859 -0.184733 0.0115967
5 2860 -0.184733 0.0179348
6 2860 -0.17417 0.0115967
5 2861 -0.19952 0.0263857
6 2861 -0.184733 0.0200476
5 2862 -0.188957 0.0348365
6 2862 -0.178395 0.0284984
5 2863 -0.178395 0.0369493
6 2863 -0.167833 0.0306111
6 1569 0.140586 0.0707527
6 2430 0.140586 0.0770908
5 2864 0.102561 0.0770908
6 2864 0.0923511 0.086598
5 2865 -0.0495354 0.0792035
6 2865 -0.0558728 0.0792035
5 2866 -0.00939877 0.0855416
6 2866 -0.0220735 0.0876543
5 2867 -0.019961 0.0876543
6 2867 -0.0326358 0.089767
5 2868 0.130023 0.100331
6 2868 0.120306 0.111739
5 2869 0.0581998 0.110894
6 2869 0.0455251 0.117232
5 2870 -0.0389731 0.11512
6 2870 -0.047423 0.11512
5 2408 -0.0748849 0.129909
5 2871 0.0518624 0.138359
6 2871 0.0413002 0.144698
5 2872 -0.0833347 0.155261
6 2872 -0.0854472 0.153148
6 2106 -0.0178486 0.195403
5 2873 -0.00517384 0.237657
6 2873 -0.0136237 0.23977
5 2874 0.04975 0.24822
6 2874 0.0434126 0.254559
5 2875 0.0835493 0.269348
6 2875 0.0793243 0.279911
6 1275 -0.0178486 0.305264
5 1542 -0.30303 -0.281225
6 2103 0.353521 -0.263478
5 1618 -0.259936 -0.233055
5 2876 -0.252331 -0.0986868
6 2876 -0.219377 -0.103757
5 2877 0.206494 -0.0631933
6 2877 0.218746 -0.0475592
5 2878 -0.178818 -0.0581228
6 2878 -0.158538 -0.060658
5 2879 -0.171213 -0.0530523
6 2879 -0.150933 -0.0555875
5 2880 0.117771 -0.0276997
6 2880 0.138473 -0.0158686
5 2881 -0.181353 -0.0124882
6 2881 -0.167833 -0.0179813
5 2882 0.0113034 -0.00741765
6 2882 0.0189082 -0.00234716
5 2883 0.143121 0.0559637
6 2883 0.143121 0.06864
6 1601 0.0856617 0.0749781
6 2449 0.140586 0.078781
5 2884 0.127911 0.101598
6 2884 0.117771 0.112753
6 2454 0.0539749 0.144698
5 2885 -0.0444655 0.172585
6 2885 -0.0516479 0.172163
5 2886 -0.0596752 0.238502
6 2886 -0.0622102 0.237657
5 2887 0.0873518 0.248643
6 2887 0.0848168 0.258784
5 2888 0.074677 0.286672
6 2888 0.0721421 0.296813
5 2889 0.0493275 0.296813
6 2889 0.0447647 0.304419
5 2890 -0.186422 -0.0728272
6 2890 -0.162087 -0.0758695
5 2891 -0.174255 -0.0515311
6 2891 -0.152961 -0.0545734
5 2892 0.117771 -0.0271926
6 2892 0.138051 -0.0150234
5 2893 -0.19859 0.018442
6 2893 -0.19129 0.0123573
5 2894 -0.201632 0.0245266
6 2894 -0.189464 0.018442
5 2895 0.132981 0.0640765
6 2895 0.132981 0.0762458
6 2463 0.162792 0.096325
5 792 -0.00694824 0.0944996
5 2896 0.139065 0.0944996
6 2896 0.133589 0.107277
5 2897 0.0660582 0.103626
6 2897 0.0508485 0.109711
5 2898 -0.0708289 0.210107
6 2898 -0.0723499 0.208079
5 2899 0.0660582 0.289207
6 2899 0.0630163 0.298334
5 2900 -0.176688 -0.254149
6 2900 -0.171213 -0.252323
5 2901 -0.00512304 -0.188435
6 2901 0.00369852 -0.18235
5 2902 0.202945 -0.0643087
6 2902 0.218155 -0.0484888
6 2459 -0.00147277 0.00505582
5 2903 0.0496318 0.293466
6 2903 0.0459814 0.300768
7 116 -0.314965 -0.302452
7 1376 -0.299684 -0.290226
5 2904 0.363515 -0.28717
7 2904 0.31543 -0.26557
5 2905 0.344159 -0.279019
7 2905 0.297297 -0.257623
7 541 -0.252822 -0.238264
7 2076 -0.0623178 -0.220943
7 832 -0.0765801 -0.166944
5 2906 -0.0949174 -0.102756
7 2906 -0.120386 -0.0956235
7 2478 -0.126498 -0.0946046
7 2254 -0.204941 -0.0426427
5 553 -0.0623178 -0.0232843
5 2907 -0.180491 -0.011058
7 2907 -0.206979 -0.011058
5 2908 -0.193735 -0.00902023
7 2908 -0.222463 -0.0100391
7 2261 -0.242634 0.00116839
5 2909 -0.206979 0.0144136
7 2909 -0.264028 0.0103381
5 2910 -0.0327744 0.0154325
7 2910 -0.0745427 0.0235833
5 2911 -0.185585 0.0174702
7 2911 -0.216147 0.0154325
5 2912 -0.00526848 0.0582247
7 2912 -0.0610953 0.0672314
5 2913 0.145505 0.0623001
7 2913 0.0888304 0.0830768
7 560 0.0731744 0.0867528
7 2274 0.0731744 0.0908282
7 2278 -0.203922 0.0806396
7 2740 0.080713 0.112224
7 2745 -0.219203 0.0979603
7 2746 -0.0765801 0.109168
7 1913 -0.0755614 0.141771
7 1916 -0.0735239 0.159092
7 2281 -0.0236058 0.182526
7 1423 -0.0704677 0.182526
7 983 -0.003231 0.192714
7 1424 -0.0674115 0.200865
7 2753 -0.113255 0.211054
7 2754 -0.114273 0.215129
7 2290 -0.538069 0.195771
7 1923 -0.0572241 0.25079
5 2914 0.0507621 0.25079
7 2914 -0.00241596 0.265054
5 2915 -0.200866 0.271167
7 2915 -0.325152 0.255884
7 1927 -0.00119353 0.291952
7 2761 0.0293686 0.305401
7 2079 -0.0490742 0.30377
7 2762 -0.0378681 0.309884
7 1432 -0.0256432 0.31294
5 2916 -0.0134184 0.301733
7 2916 -0.0582429 0.309884
7 993 -0.00934343 0.317016
7 2765 -0.314965 -0.286151
5 2917 0.34966 -0.283909
7 2917 0.302716 -0.26288
7 1751 -0.306815 -0.273924
7 2298 -0.27014 -0.264347
7 2300 0.251861 -0.232559
7 1933 -0.253026 -0.238672
5 2918 -0.085545 -0.246007
7 2918 -0.0892125 -0.235004
5 2919 -0.0941024 -0.216664
7 2919 -0.102171 -0.207128
7 146 -0.144713 -0.113229
7 2310 0.0222374 -0.0467181
7 2316 -0.205349 -0.0418276
5 2920 0.101495 -0.0283786
7 2920 0.0904929 -0.0112617
7 2773 -0.206571 -0.0112617
5 2921 -0.160117 0.000964636
7 2921 -0.215129 0.000964636
5 2922 -0.184566 0.0168589
7 2922 -0.215129 0.0158808
7 2267 -0.161339 0.0254173
7 2776 -0.220018 0.02664
5 2923 0.168732 0.0437568
7 2923 0.117771 0.0661047
7 2328 0.0758231 0.0889943
5 2924 0.132057 0.0755453
7 2924 0.0772493 0.0959225
5 2925 0.10394 0.0767679
7 2925 0.0367035 0.0938848
5 2926 0.130835 0.0804359
7 2926 0.0752118 0.099998
7 364 0.082669 0.117115
7 2783 -0.00852839 0.124451
5 2927 -0.0390905 0.11467
7 2927 -0.0977699 0.120783
7 1529 -0.0818776 0.122005
7 2339 -0.130573 0.13362
5 2928 -0.0146408 0.133009
7 2928 -0.0757651 0.141568
7 2342 -0.00363846 0.191696
7 1482 -0.0672077 0.200254
7 2792 -0.0574278 0.249159
7 1964 -0.0525379 0.273612
7 2291 0.0489284 0.285838
5 2929 -0.248136 0.274835
7 2929 -0.365902 0.254865
7 1927 -0.000948978 0.291707
7 1967 -0.042758 0.302955
7 2351 -0.0207532 0.320072
7 1541 -0.300214 -0.289289
5 2930 -0.240067 -0.245274
7 2930 -0.248869 -0.237938
5 2931 0.261641 -0.239405
7 2931 0.219098 -0.218865
5 2932 -0.181388 -0.0750832
7 2932 -0.191901 -0.0723934
5 2933 0.20883 -0.0633459
7 2933 0.182131 -0.0401648
7 1273 0.182179 -0.0406049
7 2805 -0.185789 -0.0524889
5 2934 0.100273 -0.0340027
7 2934 0.0917154 -0.0161522
7 772 -0.00975089 -0.0185975
5 2935 -0.16085 0.00120915
7 2935 -0.215129 0.00120915
7 2814 0.0738672 0.090706
7 2372 0.081202 0.0951075
5 2936 0.141348 0.0951075
7 2936 0.0835493 0.116528
5 2937 0.0577303 0.111246
7 2937 -0.0082839 0.124451
7 2499 -0.0757651 0.140589
7 1055 -0.00241596 0.150126
7 1272 -0.131999 0.173356
7 2381 -0.0635403 0.219816
7 2382 -0.00241596 0.228619
7 1705 -0.0581613 0.244758
7 2822 -0.00241596 0.263831
7 2387 -0.0522934 0.274101
7 2825 -0.090435 0.274101
7 1430 0.0413001 0.287306
5 2938 0.0988058 0.2697
7 2938 0.0606643 0.289066
5 2939 -0.00534993 0.272634
7 2939 -0.0552274 0.281437
5 2940 0.0415935 0.299043
7 2940 -0.00534993 0.313714
7 2390 -0.0581613 0.309313
7 2102 -0.317817 -0.286648
5 2941 0.351127 -0.284887
7 2941 0.301132 -0.263056
5 2029 -0.265006 -0.272563
5 2942 0.291274 -0.253197
7 2942 0.248438 -0.232069
7 2827 -0.248869 -0.223266
7 2829 -0.184028 -0.154603
5 2943 -0.184028 -0.073616
7 2943 -0.191657 -0.0721489
7 2835 -0.0643226 0.00208949
7 2367 -0.0220735 0.00525857
5 2944 -0.184028 0.0196954
7 2944 -0.216419 0.0179348
7 2838 -0.00306138 0.0411747
7 2841 0.108195 0.0760344
7 2404 0.108195 0.0848374
7 2437 -0.104811 0.120049
5 2945 -0.0203131 0.114767
7 2945 -0.0836868 0.12181
7 2408 -0.131217 0.134134
7 2023 -0.0590415 0.245051
7 2851 -0.0572811 0.248573
7 1965 0.0307379 0.304912
7 2417 -0.0203131 0.311954
5 2946 0.0413001 0.29963
7 2946 -0.00446973 0.313715
5 2028 -0.28613 -0.284183
5 2947 -0.172058 -0.0538974
7 2947 -0.186845 -0.0517847
5 851 -0.178395 -0.0116431
5 2948 -0.0326358 -0.00741772
7 2948 -0.0664351 0.00103313
7 2862 -0.220644 0.0327238
7 2863 -0.210082 0.0348365
7 2864 0.0370752 0.0939925
5 2949 0.0687621 0.102443
7 2949 -0.00517384 0.117232
7 2870 -0.102347 0.121458
5 2950 -0.0115112 0.172163
7 2950 -0.0696038 0.179909
5 2951 -0.0115112 0.243995
7 2951 -0.0643226 0.252446
7 2108 -0.0917846 0.273573
7 2875 0.0434126 0.288362
5 796 0.0750995 0.286249
7 796 0.0239781 0.304419
7 1275 -0.0579853 0.311602
7 1618 -0.270076 -0.227985
7 2881 -0.206702 -0.0124882
5 2952 -0.0115112 0.000188114
7 2952 -0.0470004 0.0103291
5 2953 -0.188957 0.0356817
7 2953 -0.219377 0.0331464
5 2954 0.0696072 0.101598
7 2954 -0.00390633 0.11681
7 1628 -0.0748848 0.159909
5 2955 -0.0115112 0.172585
7 2955 -0.07066 0.180614
5 2956 -0.0089762 0.195403
7 2956 -0.06728 0.203008
7 2888 0.0315829 0.304419
7 2889 0.00623349 0.312024
5 2532 -0.259429 -0.234069
5 2957 0.205987 -0.0637003
7 2957 0.17861 -0.040376
5 2958 -0.0617031 0.237488
7 2958 -0.105304 0.241037
5 2959 0.108645 0.261826
7 2959 0.075184 0.282514
5 2960 0.0642331 0.0999758
7 2960 -0.00512304 0.114579
5 2961 -0.0343256 0.114579
7 2961 -0.0890805 0.12188
7 2903 0.00582789 0.308069
8 2238 -0.295609 -0.278
8 2729 -0.184322 -0.0604116
8 2275 0.0426122 0.0877716
8 2740 0.0538183 0.108556
8 2742 0.0525959 0.112224
8 2746 -0.102049 0.103055
8 2758 0.0577303 0.282904
8 1751 -0.311909 -0.278
8 2297 -0.293368 -0.274128
8 2298 -0.276253 -0.268015
5 2962 0.195627 -0.0699482
8 2962 0.158748 -0.0528313
5 2963 0.207852 -0.0626123
8 2963 0.168732 -0.0467181
8 2316 -0.193124 -0.0601671
8 2926 0.0497434 0.0959225
8 2928 -0.103882 0.135454
8 2291 0.036019 0.285545
5 2535 0.0758231 0.282171
8 1971 -0.276742 -0.267281
8 1711 -0.29728 -0.258478
5 2964 0.0562633 -0.0398714
8 2964 0.029555 -0.0363196
5 2965 0.104674 0.0760344
8 2965 0.00369647 0.0889943
8 2075 0.097086 0.103626
8 2816 0.0536228 0.109486
8 2378 -0.155227 0.125673
5 2966 0.104674 0.262364
8 2966 0.0589039 0.282024
5 2967 0.196214 -0.0700949
8 2967 0.158952 -0.0530758
8 1259 0.175089 -0.0516086
8 2023 -0.0784057 0.243291
5 2968 0.0853096 0.2697
8 2968 0.0286255 0.288362
8 706 0.17861 -0.0538974
8 2861 -0.237133 0.00707781
5 2969 -0.0136237 0.151036
8 2969 -0.100234 0.154839
8 2888 0.0173873 0.304419
5 2970 -0.317226 0.0214842
8 2970 -0.370155 -0.00954726
8 1043 0.150725 0.0635695
5 2971 -0.0434515 0.0792881
8 2971 -0.13471 0.0762458
5 2972 -0.0130321 0.304419
8 2972 -0.06728 0.312024
5 2973 -0.283384 -0.285132
9 2973 -0.328208 -0.281056
9 2238 -0.333302 -0.278
9 1245 -0.331265 -0.274943
9 548 -0.195773 -0.118038
5 2974 -0.193735 0.0174702
9 2974 -0.244672 0.0724887
9 2740 0.0110313 0.112224
9 2288 -0.122423 0.25079
9 1438 -0.341045 -0.29369
9 2297 -0.331265 -0.275351
9 2298 -0.312927 -0.268015
5 2975 -0.286033 -0.261902
9 2975 -0.334932 -0.259456
9 2306 -0.231021 -0.1592
5 2976 -0.0293107 -0.00637118
9 2976 -0.116311 0.000149528
9 2777 -0.269231 0.0411747
9 2924 0.00797512 0.0959225
9 2928 -0.147892 0.1379
9 2792 -0.119775 0.247937
9 2499 -0.147647 0.137655
9 2385 -0.119775 0.247692
9 2437 -0.178454 0.115648
5 2977 -0.0981219 -0.0369957
9 2977 0.0792868 0.0398851
9 2948 -0.118894 -0.00143172
9 2873 -0.121359 0.246108
9 2113 -0.356264 -0.306578
9 2877 0.138051 -0.050517
9 2957 0.139065 -0.0515311
5 2551 0.0903937 -0.0363196
5 1435 -0.331265 -0.325886
10 116 -0.364883 -0.369697
10 2719 0.114943 -0.105812
10 548 -0.200866 -0.178151
10 2761 -0.0305332 0.255273
10 993 -0.0704677 0.265054
10 2087 -0.377719 -0.382943
10 638 -0.347157 -0.341373
5 2978 -0.00241596 -0.142084
10 2978 -0.252683 -0.0313618
10 146 -0.200459 -0.177784
5 2979 -0.152782 0.0156362
10 2979 -0.249766 0.00422497
10 1964 -0.11733 0.216148
10 2535 -0.0273547 0.250333
10 1680 -0.0843225 0.260163
5 2980 -0.152048 0.0158808
10 2980 -0.249358 0.00463254
10 2378 -0.200459 0.0657643
10 1992 -0.144713 0.0921731
10 2381 -0.0109734 0.203922
10 1430 -0.019961 0.237657
10 2939 -0.119775 0.225929
10 2102 -0.368868 -0.35355
10 2029 -0.322218 -0.330369
5 2981 -0.150581 0.0161742
10 2981 -0.267118 -0.0327702
10 2852 -0.0115112 0.205966
5 2982 0.117349 -0.0264321
10 2982 0.0342586 -0.0595313
10 1757 -0.0799547 -0.0479817
5 2983 -0.146708 0.0813162
10 2983 -0.235666 0.00120915
10 2952 -0.105304 -0.050517
5 2984 -0.153468 0.159909
10 2984 -0.169945 0.113007
5 2985 -0.00137136 0.268925
10 2985 -0.117979 0.220755
5 2986 0.075184 0.286165
10 2986 -0.027025 0.253308
11 539 -0.305796 -0.329962
11 944 -0.265047 -0.311622
11 548 -0.161135 -0.181208
11 758 -0.240597 -0.164906
5 2987 0.236172 -0.100718
11 2987 0.206629 -0.140453
11 1937 -0.267084 -0.157774
11 2247 0.137355 -0.0925669
11 2249 0.134299 -0.091548
11 1247 0.157485 -0.0577707
11 2909 -0.292553 -0.0691331
11 2742 0.0660432 0.0510926
5 2988 0.135317 0.0989791
11 2988 0.0623758 0.0535379
11 2748 -0.171323 0.0673944
11 2280 -0.154004 0.0684133
11 1916 -0.0953249 0.0938848
11 1917 -0.0949174 0.0989791
11 1179 -0.0219757 0.108556
11 1423 -0.0918612 0.121394
11 2753 -0.135667 0.156239
11 2754 -0.136889 0.16113
5 2989 0.0976241 0.239582
11 2989 0.0342586 0.210035
11 1927 -0.0200198 0.244758
11 2762 -0.0586503 0.265054
11 1432 -0.0464255 0.266276
11 993 -0.0286995 0.273204
5 2990 -0.0941024 -0.297358
11 2990 -0.0941024 -0.343818
5 2991 -0.31415 -0.291245
11 2991 -0.33371 -0.359712
11 2298 -0.286033 -0.337705
5 1890 -0.103882 -0.104182
11 2080 -0.135667 -0.161646
11 2089 -0.206979 -0.131284
11 2962 0.165065 -0.10785
5 2992 0.12839 0.0779906
11 2992 0.0536228 0.0284984
11 2926 0.0619682 0.0347908
11 2782 -0.0928799 0.0388663
11 2927 -0.125887 0.0510926
11 2928 -0.0977699 0.0745672
11 1957 -0.0948359 0.0980418
11 1269 -0.155227 0.11467
11 1482 -0.088968 0.140589
5 2993 0.0501509 0.201477
11 2993 -0.0255943 0.157022
11 2790 -0.12711 0.18925
11 2792 -0.0786991 0.196342
11 2283 0.0342586 0.211013
11 2347 -0.0831001 0.199276
11 2085 -0.0782101 0.222261
11 1964 -0.0745426 0.223484
11 2482 0.0236964 0.243291
11 2796 -0.0806551 0.265054
11 2351 -0.0420245 0.275568
11 2799 -0.306081 -0.346508
11 1971 -0.287011 -0.337705
11 2392 0.293034 -0.335944
11 820 0.183891 -0.107361
5 2994 0.136947 0.0789687
11 2994 0.0677059 0.0320196
11 2498 -0.0960095 0.0531467
11 2499 -0.0977699 0.0760344
11 1992 -0.0948359 0.0936403
11 1213 -0.0214868 0.108312
5 2995 -0.0112179 0.172867
11 2995 -0.0919019 0.120049
11 2381 -0.084567 0.162597
11 1705 -0.0801661 0.190473
11 1491 -0.0203131 0.208079
11 2825 -0.11244 0.227152
5 2996 -0.247402 0.274101
11 2996 -0.416105 0.162597
11 2826 -0.0640293 0.265298
11 1493 -0.0414377 0.267939
11 2390 -0.0801661 0.265298
5 2997 -0.245642 -0.254957
11 2997 -0.268527 -0.320099
11 2827 -0.266473 -0.296625
11 685 -0.178747 -0.200379
5 2998 -0.118894 -0.117631
11 2998 -0.159383 -0.179252
11 2841 0.0976323 0.012653
11 2437 -0.125936 0.0513861
11 2410 -0.0284109 0.0876543
11 2411 -0.0960094 0.0961052
11 1271 -0.171119 0.090706
11 2105 -0.0924887 0.118289
11 2853 0.0391878 0.215685
5 2999 -0.0467188 0.2697
11 2999 -0.112909 0.227093
11 2968 0.026513 0.243995
11 2946 -0.024186 0.269348
11 1166 -0.266766 -0.158125
11 2982 0.084136 -0.0648131
5 3000 -0.17417 0.0179348
11 3000 -0.249796 -0.0581228
11 2869 -0.0262984 0.0559636
5 3001 0.100449 0.241882
11 3001 0.0386808 0.21315
11 2951 -0.0854472 0.199628
11 796 0.0163732 0.261319
11 1275 -0.0791098 0.267235
5 3002 0.0569324 0.111739
11 3002 -0.0282418 0.0549496
11 2955 -0.0917846 0.119345
5 1103 0.0822819 0.27146
11 2888 0.0143453 0.261826
5 1829 0.0670722 0.289207
11 2060 -0.0685475 0.256671
11 2532 -0.285285 -0.301507
5 3003 -0.0130321 0.000188114
11 3003 -0.0617031 -0.0515311
11 2971 -0.131668 0.0153997
5 1740 -0.00999022 0.194896
11 2467 -0.113416 0.225319
5 3004 0.129939 -0.0351026
11 3004 0.0934357 -0.075261
5 3005 0.186254 -0.351358
12 3005 0.257566 -0.379886
5 3006 -0.180491 -0.258641
12 3006 -0.149929 -0.321811
5 3007 -0.0847301 -0.245396
12 3007 -0.026662 -0.279019
12 832 -0.0113809 -0.212793
12 2725 0.0623758 -0.21911
12 548 -0.0816738 -0.161849
5 3008 0.102718 -0.0966423
12 3008 0.139392 -0.128635
5 3009 -0.266065 -0.0864537
12 3009 -0.215129 -0.127412
5 3010 -0.139742 -0.0752462
12 3010 -0.0959362 -0.110906
5 3011 -0.135667 -0.0742274
12 3011 -0.09288 -0.109888
12 1388 0.0986428 -0.0925669
12 2249 0.21376 -0.0701519
12 1247 0.248194 -0.0344918
12 2731 -0.144836 -0.0528313
12 2259 0.0110313 -0.0283786
5 3012 -0.113255 0.00830042
12 3012 0.16262 0.168466
5 3013 0.168936 0.0439606
12 3013 0.200517 0.0256211
12 1904 0.169954 0.0419229
12 560 0.152636 0.0459983
12 2274 0.153655 0.0500738
12 2275 0.147542 0.0510926
12 1905 0.156711 0.0541492
5 2179 0.136336 0.077583
12 2278 -0.120997 0.0205268
12 2277 -0.0307369 0.0439606
12 663 0.0711369 0.0663755
12 2279 0.0752118 0.0653567
12 2741 0.155692 0.0745264
12 2742 0.161886 0.0775015
12 59 0.0772493 0.0684133
12 2988 0.156507 0.0767679
12 2745 -0.135667 0.0376437
5 3014 0.0752118 0.108149
12 3014 0.088048 0.0792132
5 3015 0.0803055 0.113243
12 3015 0.0929379 0.0853264
5 3016 -0.10103 0.114262
12 3016 -0.0892125 0.0731
12 2747 -0.0358306 0.0745264
5 3017 -0.164192 0.123432
12 3017 -0.178454 0.0572058
12 1912 0.0733781 0.107334
12 2751 -0.0938987 0.118337
12 1179 0.0711369 0.132602
12 2281 0.0489284 0.144013
12 1958 0.00247397 0.185582
12 1181 0.0648208 0.195363
12 2755 0.122074 0.204941
12 2282 0.0281462 0.206367
12 1995 0.0202 0.206978
12 2757 0.0085864 0.223484
12 2914 0.0635983 0.235955
12 2292 0.00797512 0.244676
5 3018 0.0925304 0.267091
12 3018 0.110542 0.262364
12 2761 0.0892705 0.282171
12 2079 0.0073639 0.278503
12 2762 0.0191812 0.28645
12 1432 0.0324248 0.288487
12 2916 -0.00424974 0.28645
12 1750 0.0344623 0.290525
12 2295 0.0477059 0.299695
12 2991 -0.255471 -0.341373
12 2298 -0.210239 -0.319366
5 3019 0.338658 -0.269238
12 3019 0.400418 -0.307775
12 2766 0.372887 -0.297358
12 2300 0.353327 -0.2888
12 2918 -0.0268657 -0.279019
12 2243 -0.0121959 -0.212996
5 1669 -0.149114 -0.172649
12 2768 0.210297 -0.178763
5 3020 -0.0977699 -0.128635
12 3020 -0.0551866 -0.165925
12 1445 0.161397 -0.148197
5 3021 -0.0806551 -0.11274
12 3021 -0.0388868 -0.148604
12 1890 -0.0647628 -0.143306
5 3022 -0.100215 -0.101737
12 3022 -0.0623178 -0.140861
5 3023 -0.191901 -0.100514
12 3023 -0.144224 -0.138416
12 2089 -0.138112 -0.113963
5 3024 -0.135667 -0.0748387
12 3024 -0.0928799 -0.110295
12 2962 0.24636 -0.0864537
12 2310 0.0988058 -0.0926892
12 2324 -0.0784057 -0.034883
12 47 0.195627 0.0290852
12 2328 0.156711 0.048036
12 2924 0.156507 0.0535379
12 2926 0.154062 0.0584284
5 3025 0.0599308 0.0975528
12 3025 0.0746006 0.0682095
12 2781 0.0819355 0.0706548
12 2783 0.0709332 0.0804359
12 2784 -0.177435 0.0572058
12 2339 -0.0635403 0.0914396
12 1957 -0.00363846 0.122005
12 380 -0.0941024 0.118337
5 3026 -0.0916575 0.156239
12 3026 -0.0786176 0.120375
5 3027 -0.0843225 0.157462
12 3027 -0.0720977 0.122005
12 2342 0.0684882 0.156239
5 3028 -0.11244 0.190473
12 3028 -0.0892125 0.164798
12 1482 0.000517945 0.164064
12 2788 0.0709332 0.177024
5 3029 -0.0659852 0.20759
12 3029 -0.0537604 0.178736
12 2790 -0.0488705 0.210035
12 2791 -0.0464255 0.214926
12 2792 0.0049189 0.218594
5 3030 0.0953829 0.244269
12 3030 0.113476 0.235955
12 1964 0.0085864 0.244269
12 2291 0.106434 0.262657
5 3031 -0.00363846 0.272389
12 3031 0.0049189 0.25405
12 1927 0.0606643 0.266765
12 2535 0.0914709 0.277035
12 1690 0.0061414 0.282171
12 1680 0.0367035 0.288284
12 2797 0.0137208 0.287306
12 2351 0.035481 0.296842
12 2301 0.34966 -0.287822
12 817 -0.103638 -0.214464
12 2357 -0.087501 -0.198325
5 3032 -0.0977699 -0.127901
12 3032 -0.0566944 -0.166047
5 3033 -0.0801661 -0.111762
12 3033 -0.0390905 -0.148441
5 3034 -0.100704 -0.101492
12 3034 -0.0640293 -0.142573
12 820 0.267509 -0.0853533
12 2805 -0.132977 -0.0941563
5 3035 -0.0948359 -0.0413385
12 3035 -0.0742982 -0.0897548
5 3036 0.157485 -0.0134625
12 3036 0.200028 -0.0310684
12 2490 0.00369647 -0.036937
12 2808 -0.0268657 -0.0259333
5 3037 -0.00241596 0.0628299
12 3037 0.013134 0.0267378
12 2812 0.187412 0.0461043
12 2371 0.154551 0.045224
12 2814 0.153084 0.0496255
12 2815 0.147216 0.0510926
12 2497 0.156018 0.0525598
12 2373 -0.0244207 0.0422897
12 1522 0.0709332 0.0657643
12 1523 0.078268 0.0686986
12 2376 -0.000948978 0.0619496
12 2937 0.0712266 0.0813162
12 2817 -0.157672 0.0620963
12 1992 -0.00270939 0.118289
12 1213 0.0709332 0.131786
12 2995 -0.000948978 0.143524
5 3038 -0.11244 0.190473
12 3038 -0.088968 0.164064
5 3039 0.0591973 0.200743
12 3039 0.0712266 0.18167
12 2381 0.00198493 0.186071
12 1486 0.0650652 0.203677
12 1705 0.00433218 0.213361
12 2385 0.0049189 0.218349
5 3040 -0.0082839 0.243291
12 3040 0.000517945 0.221283
12 1491 0.0624247 0.230967
5 3041 -0.0713642 0.263831
12 3041 -0.0610953 0.238889
5 2500 -0.00534993 0.263831
12 2084 0.0113737 0.245051
12 2823 0.111715 0.260897
12 1430 0.101153 0.264418
12 2938 0.118757 0.267939
12 2939 0.00257177 0.253854
12 2389 0.00609253 0.278503
12 1538 0.0049189 0.281437
5 3042 0.000517945 0.299043
12 3042 0.0107868 0.285838
12 1754 0.0307379 0.287306
12 1493 0.036019 0.289066
12 2391 0.0377794 0.297869
5 3043 0.183891 -0.35179
12 3043 0.255773 -0.380253
5 3044 -0.0942491 -0.267281
12 3044 -0.0326358 -0.298972
5 3045 0.161006 -0.140519
12 3045 0.203255 -0.172209
5 3046 -0.0977699 -0.128194
12 3046 -0.0555207 -0.166927
12 1546 -0.0396773 -0.149322
5 3047 -0.101291 -0.101786
12 3047 -0.0643226 -0.142631
5 3048 -0.0625623 -0.0982644
12 3048 -0.0255943 -0.136997
12 2967 0.245504 -0.0877008
5 3049 -0.0872076 -0.0524889
12 3049 -0.0640293 -0.100025
5 3050 -0.0942491 -0.0401648
12 3050 -0.0748849 -0.0894614
5 3051 -0.185789 -0.0243194
12 3051 -0.152782 -0.0687255
5 1839 0.157485 -0.0137558
5 3052 0.153964 0.00208949
12 3052 0.191959 -0.0173749
5 3053 -0.0995302 0.0513861
12 3053 -0.100215 -0.00637118
5 3054 0.13108 0.068992
12 3054 0.155373 0.0454001
5 3055 0.13108 0.0742738
12 3055 0.15326 0.0496255
5 3056 0.136361 0.0760344
12 3056 0.161006 0.0549073
5 3057 -0.0467188 0.0813162
12 3057 -0.0326358 0.0425831
5 3058 -0.0255943 0.0848374
12 3058 -0.0167924 0.0443437
12 2845 0.16171 0.0707527
12 779 0.0747474 0.0672314
12 2846 -0.00623014 0.0619496
12 2437 -0.0326358 0.0749781
12 2847 -0.157623 0.0619496
12 2092 0.0772119 0.110894
12 2411 -0.00306138 0.119345
12 1700 0.0712266 0.132373
12 2105 -0.000948978 0.142937
5 3059 0.08707 0.190473
12 3059 0.102561 0.174276
12 2019 -0.000948978 0.165825
12 2099 0.0659454 0.202797
12 2851 0.00433218 0.218642
12 2852 0.113124 0.233432
12 2853 0.117349 0.235544
12 2348 0.132981 0.263855
5 3060 0.0958719 0.27146
12 3060 0.115236 0.269348
12 2854 0.00116349 0.254559
12 1586 0.0113737 0.278503
5 3061 0.0113737 0.29963
12 3061 0.0219359 0.285545
12 2029 -0.210082 -0.320099
5 704 -0.142483 -0.138406
5 3062 -0.0981219 -0.127842
12 3062 -0.0558728 -0.165871
12 1545 -0.0812223 -0.159533
5 3063 -0.0622102 -0.0982643
12 3063 -0.0284109 -0.138406
5 3064 -0.0960094 -0.0412211
12 3064 -0.0748849 -0.0898135
5 3065 0.096224 -0.0243194
12 3065 0.145749 -0.0384042
5 3066 -0.0981219 0.0475128
12 3066 -0.0981219 -0.00953041
5 3067 -0.00728631 0.0749781
12 3067 0.00327595 0.039062
5 3068 -0.00728631 0.0982179
12 3068 0.00538841 0.0623018
12 2868 0.150725 0.078781
12 2408 -0.0643226 0.0918798
12 2871 0.0645372 0.111739
12 1222 0.0620023 0.134557
5 3069 0.0539749 0.197515
12 3069 0.0670722 0.177656
12 3001 0.120306 0.235967
12 2875 0.100026 0.263855
12 1721 0.0493275 0.294278
5 3070 -0.120514 -0.118969
12 3070 -0.0799547 -0.159533
5 913 -0.226982 -0.108828
5 3071 -0.0622101 -0.0986868
12 3071 -0.0292558 -0.139251
12 2448 0.0234711 -0.00589648
12 2449 0.169484 0.0458227
5 3072 0.117771 0.078781
12 3072 0.140586 0.0559637
12 2453 0.00623349 0.0610342
12 2452 0.074677 0.0661047
5 3073 0.138051 0.0965278
12 3073 0.159142 0.0744204
12 2884 0.148191 0.0792881
5 3074 0.0645372 0.104134
12 3074 0.077212 0.0737105
5 3075 -0.0748848 0.129486
12 3075 -0.0647451 0.0914573
12 2885 -0.0347482 0.140472
5 3076 0.110166 0.261319
12 3076 0.132981 0.261826
12 1103 0.0964776 0.264869
12 2532 -0.207716 -0.282746
5 3077 -0.149919 -0.173223
12 3077 -0.105304 -0.215309
12 2461 0.0240795 -0.00589648
12 2112 0.0605828 0.231403
5 3078 -0.00390633 0.264869
12 3078 0.00521947 0.246615
5 2044 0.0478066 0.273996
12 2899 0.0788344 0.282514
5 3079 -0.0306753 0.0780712
12 3079 -0.0197244 0.0379127
5 3080 -0.0744792 0.176642
12 3080 -0.0635282 0.143785
12 2116 -0.037976 0.242356
12 2903 0.0642331 0.286165
5 1849 0.11698 -0.382943
5 3081 0.0966053 -0.270868
13 3081 0.191348 -0.286151
5 3082 0.324803 -0.264755
13 3082 0.432789 -0.28717
5 3083 0.320728 -0.263736
13 3083 0.427695 -0.285132
13 1668 -0.134648 -0.262717
13 2240 -0.116311 -0.246415
13 2724 0.327655 -0.226445
5 2596 -0.0541679 -0.165925
5 2597 -0.0531492 -0.163887
13 1671 0.245341 -0.161849
5 3084 -0.0154559 -0.127208
13 3084 0.0711369 -0.142491
13 1383 0.227004 -0.146567
5 3085 0.232098 -0.10785
13 3085 0.325821 -0.11702
5 3086 -0.210035 -0.105812
13 3086 -0.12548 -0.123133
13 1937 -0.166229 -0.118038
13 3008 0.192367 -0.113963
5 2614 -0.133629 -0.0721897
5 2617 -0.118348 -0.0630199
5 3087 0.217835 -0.062001
13 3087 0.309522 -0.0701519
5 1938 0.208667 -0.0609822
13 2248 -0.0342006 -0.0760613
5 3088 0.215798 -0.054869
13 3088 0.307484 -0.0640388
5 3089 -0.106124 -0.0538501
13 3089 -0.0246245 -0.0691331
13 2318 -0.0598728 -0.0528313
5 3090 0.216816 -0.0385672
13 3090 0.308503 -0.0487558
5 3091 0.142449 -0.0344918
13 3091 0.229041 -0.0426427
5 3092 0.139392 -0.0334729
13 3092 0.225985 -0.0426427
5 3093 0.137355 -0.0304163
13 3093 0.223948 -0.0395861
13 2320 0.183198 -0.0293975
5 3094 0.202554 -0.00596364
13 3094 0.293222 -0.0171711
5 3095 0.199498 -0.0018882
13 3095 0.290166 -0.0130957
13 2731 -0.0775989 -0.0283786
13 2258 0.286091 -0.0100391
13 2909 -0.124461 -0.0192088
13 2910 0.0487246 -0.00290706
5 3096 0.162823 0.0154325
13 3096 0.248397 0.00931928
5 3097 0.153655 0.0398851
13 3097 0.239636 0.0278626
5 3098 -0.0959362 0.0449794
13 3098 -0.0134184 0.011357
5 3099 0.164861 0.0490549
13 3099 0.251454 0.0378474
13 2272 -0.0765801 0.0358097
13 1904 0.225985 0.0500738
13 2913 0.231079 0.0510926
13 2271 0.243304 0.0541492
5 3100 0.142449 0.0653567
13 3100 0.228023 0.0541492
5 3101 -0.0134184 0.0724887
13 3101 0.0680807 0.0500738
5 3102 0.137355 0.0745264
13 3102 0.222929 0.063319
13 2736 0.0733781 0.0523153
13 2737 0.190329 0.0592435
13 1905 0.217835 0.0643378
5 3103 0.154673 0.0867528
13 3103 0.240247 0.0765642
5 3104 0.164861 0.092866
13 3104 0.250639 0.0853264
13 2741 0.218854 0.0836962
13 2743 0.226189 0.0853264
5 3105 0.140411 0.101017
13 3105 0.224966 0.0889943
5 3106 -0.0989924 0.110187
13 3106 -0.0219757 0.0877717
5 3107 -0.0847301 0.158073
13 3107 -0.0103622 0.139734
5 2578 -0.0837113 0.170299
13 2752 0.134299 0.163167
5 3108 -0.122423 0.176413
13 3108 -0.0513154 0.162352
13 983 0.13328 0.167243
5 3109 0.113924 0.182526
13 3109 0.193385 0.176413
5 3110 0.110868 0.183545
13 3110 0.190329 0.177431
5 3111 -0.112236 0.191696
13 3111 -0.0409243 0.176413
13 1424 0.0660432 0.177024
13 1919 0.0660432 0.180692
5 3112 -0.0704677 0.20596
13 3112 0.000843949 0.190677
13 2753 0.0049189 0.192714
5 3113 0.109849 0.209016
13 3113 0.188292 0.203922
5 3114 0.103736 0.212073
13 3114 0.182179 0.206978
13 2756 0.128186 0.215129
13 1995 0.0853992 0.219205
13 2989 0.173011 0.237544
5 3115 0.0925304 0.242639
13 3115 0.168936 0.239582
5 1847 0.16588 0.242639
5 3116 0.0955866 0.244676
13 3116 0.171177 0.241824
13 2757 0.0721556 0.235507
5 3117 0.0517809 0.245695
13 3117 0.126149 0.238563
13 2758 0.179734 0.263831
5 3118 0.110868 0.264035
13 3118 0.185236 0.267091
13 2349 0.122074 0.26811
13 2761 0.147542 0.287469
5 2192 -0.003231 0.297657
13 2763 0.0966053 0.297657
13 1432 0.0925304 0.297657
13 2916 0.0550408 0.296842
5 1433 -0.371607 -0.353599
5 3119 0.363107 -0.287577
13 3119 0.474353 -0.311296
5 3120 -0.283588 -0.286354
13 3120 -0.188234 -0.308362
13 1751 -0.209016 -0.305917
13 2297 -0.189456 -0.302249
5 3121 0.343547 -0.279019
13 3121 0.452349 -0.301026
5 3122 0.0966053 -0.271683
13 3122 0.190737 -0.286354
5 3123 0.0794905 -0.268015
13 3123 0.171177 -0.277796
5 3124 0.326433 -0.26557
13 3124 0.432789 -0.286354
13 2975 -0.191901 -0.285132
13 2302 -0.152782 -0.277796
13 2300 0.399537 -0.274617
13 804 -0.145447 -0.253343
5 3125 -0.114885 -0.142084
13 3125 -0.0280882 -0.160423
13 2978 0.0853992 -0.159812
5 3126 -0.0158633 -0.128635
13 3126 0.0709332 -0.143306
5 2484 0.119833 -0.11274
5 3127 -0.0892125 -0.110295
13 3127 -0.00363846 -0.128635
5 3128 -0.210239 -0.106627
13 3128 -0.125887 -0.123744
5 3129 0.0611533 -0.0944008
13 3129 0.148683 -0.110295
5 3130 -0.133222 -0.0723934
13 3130 -0.0508264 -0.0882877
13 2962 0.286091 -0.0785066
13 2310 0.151617 -0.0785066
5 3131 -0.10266 -0.0528313
13 3131 -0.0219757 -0.0675029
5 3132 0.200517 -0.0454955
13 3132 0.292203 -0.0552765
5 3133 0.135725 -0.0442728
13 3133 0.22191 -0.0497747
13 607 0.299538 -0.027156
13 1756 -0.0490742 -0.0355106
5 3134 0.16262 -0.0112617
13 3134 0.248194 -0.0161522
13 2976 0.0525959 -0.0210428
5 3135 0.155285 0.0034099
13 3135 0.239636 -0.000258011
13 2774 0.0314061 -0.00800137
5 3136 0.16262 0.0180815
13 3136 0.248194 0.0119683
5 2194 0.0269237 0.0303078
5 3137 -0.163784 0.0315305
13 3137 -0.0857488 0.011357
13 2777 -0.0977699 0.0168589
13 47 0.251861 0.0376437
5 3138 -0.174786 0.0669869
13 3138 -0.0977699 0.0449795
13 2082 0.211519 0.0547605
13 2331 -0.0796364 0.0459983
13 2328 0.215186 0.0572058
5 3139 -0.0378681 0.0767679
13 3139 0.0415935 0.0559832
5 3140 0.136947 0.0792132
13 3140 0.222521 0.0657643
5 3141 -0.0390905 0.0804359
13 3141 0.040371 0.0608737
5 3142 0.161397 0.0804359
13 3142 0.248194 0.0706548
13 2334 0.0330361 0.0608737
5 3143 0.117388 0.086549
13 3143 0.201739 0.0731
5 3144 -0.157672 0.0902169
13 3144 -0.0843225 0.0657643
5 3145 0.13328 0.0963301
13 3145 0.218854 0.0828811
5 3146 -0.105105 0.109779
13 3146 -0.0288217 0.0877717
5 3147 -0.0989924 0.109779
13 3147 -0.0214868 0.0877717
13 2083 0.0635983 0.133009
13 1957 0.0635983 0.136677
13 380 -0.0332227 0.136188
13 3027 -0.00975089 0.139122
5 3148 0.154062 0.163575
13 3148 0.240859 0.145235
5 3149 -0.12222 0.175801
13 3149 -0.0508264 0.162597
13 3029 0.00638589 0.193407
5 3150 0.110053 0.208812
13 3150 0.188292 0.203922
5 3151 -0.0684302 0.211258
13 3151 0.00369647 0.197809
13 2789 0.12839 0.213703
13 2790 0.0107868 0.224218
13 2792 0.0684882 0.23082
5 3152 0.165065 0.241824
13 3152 0.250639 0.228375
13 3030 0.170688 0.241824
5 815 0.0990503 0.244269
5 3153 0.171177 0.249159
13 3153 0.256066 0.236248
13 1924 0.0733781 0.256495
13 1964 0.0709332 0.256495
13 2493 0.0254567 0.25943
13 1278 0.173622 0.271167
5 3154 0.0489284 0.272389
13 3154 0.122278 0.268233
13 1690 0.0648208 0.293174
13 1539 0.0694662 0.296109
13 2352 -0.187256 -0.284887
13 2301 0.395136 -0.27315
5 916 -0.207794 -0.224734
5 3155 -0.00241596 -0.142573
13 3155 0.0853096 -0.161646
13 2801 0.245504 -0.161646
13 2359 0.211764 -0.132303
5 1547 -0.225397 -0.108828
13 814 0.326433 -0.117631
5 1358 0.235235 -0.104426
5 1855 -0.172586 -0.0941563
13 2394 0.172155 -0.0970906
13 2932 -0.0992369 -0.0926892
13 820 0.307117 -0.0780176
13 2805 -0.090435 -0.0721489
5 2640 0.216164 -0.054543
5 3156 -0.0302887 -0.036937
13 3156 0.0536228 -0.0560101
5 2186 0.166287 -0.0134625
13 2490 0.0518624 -0.0222654
5 3157 0.173622 -0.00172517
13 3157 0.260174 -0.0075938
13 2935 -0.0786991 -0.0296012
13 2402 0.239636 0.0305524
5 2081 0.142815 0.0584284
5 3158 -0.0376235 0.0760344
13 3158 0.0415935 0.0554941
13 2965 0.189759 0.0598956
13 2994 0.222032 0.0657643
5 3159 0.161886 0.0804359
13 3159 0.247265 0.0725132
5 3160 -0.14618 0.081903
13 3160 -0.0728312 0.0584284
13 662 0.0606643 0.0642971
5 3161 0.163353 0.0936403
13 3161 0.249025 0.086598
13 2376 0.0709332 0.0789687
5 3162 -0.0141518 0.100976
13 3162 0.0659454 0.0795556
5 3163 -0.105105 0.109779
13 3163 -0.0291151 0.0883586
5 3164 -0.0977699 0.109779
13 3164 -0.0203131 0.0883586
13 2937 0.139881 0.0936403
5 3165 -0.102171 0.112713
13 3165 -0.0255943 0.0901191
13 2498 0.0677059 0.0936403
13 2818 -0.0200198 0.109779
13 1532 0.1346 0.12357
5 3166 0.151617 0.149392
13 3166 0.238169 0.134721
13 2819 -0.00975089 0.134721
5 3167 -0.0933689 0.155261
13 3167 -0.0185527 0.135895
13 313 0.116996 0.157022
5 3168 -0.178454 0.180203
13 3168 -0.100704 0.137655
5 3169 0.110542 0.208079
13 3169 0.188292 0.203677
5 3170 -0.0684302 0.211013
13 3170 0.00345192 0.197809
5 3171 0.103207 0.21248
13 3171 0.180957 0.208079
5 3172 0.153084 0.237422
13 3172 0.236702 0.225685
5 3173 0.151617 0.241824
13 3173 0.234942 0.229206
13 3040 0.0650652 0.233021
13 2966 0.17949 0.263831
13 1430 0.157485 0.2697
5 2168 0.0386595 0.306379
13 2997 -0.152342 -0.277845
5 3174 -0.113613 -0.142279
13 3174 -0.0273547 -0.159885
13 2393 0.245504 -0.161646
5 3175 0.120517 -0.11411
13 3175 0.212057 -0.131716
13 1546 0.00433218 -0.129955
5 2540 -0.250923 -0.100025
5 3176 -0.052 -0.0718554
13 3176 0.0327916 -0.091222
5 3177 0.208536 -0.0630525
13 3177 0.300076 -0.0718554
5 3178 -0.171706 -0.0542495
13 3178 -0.0907283 -0.0718554
13 2830 0.307117 -0.0630525
5 3179 -0.103051 -0.0524889
13 3179 -0.0220736 -0.0683343
13 2831 -0.0948359 -0.0692146
5 3180 -0.180508 -0.0454465
13 3180 -0.0992369 -0.0648131
13 723 0.291274 -0.0560101
5 3181 -0.0291151 -0.0384042
13 3181 0.0539749 -0.0581228
13 2833 0.183891 -0.0366436
5 3182 0.212057 -0.0296012
13 3182 0.302716 -0.0398714
13 3051 -0.103638 -0.0472071
5 3183 0.166287 -0.0119953
13 3183 0.252546 -0.0172771
5 3184 0.173329 -0.00319231
13 3184 0.259587 -0.00847408
5 3185 0.153964 0.0390619
13 3185 0.240223 0.030259
5 3186 -0.134738 0.0566679
13 3186 -0.0596283 0.0334867
13 1569 0.2279 0.0478649
5 411 0.143402 0.0654709
5 3187 -0.159383 0.0672314
13 3187 -0.0816331 0.045224
13 3054 0.216164 0.0569613
5 3188 -0.037917 0.0760344
13 3188 0.0413001 0.0566679
5 3189 0.104674 0.0760344
13 3189 0.189172 0.0601891
5 3190 0.129319 0.0795556
13 3190 0.213817 0.0672314
5 3191 0.136361 0.0795556
13 3191 0.222619 0.0654709
13 3057 0.0324983 0.0601891
13 1762 -0.0819264 0.0601891
5 3192 -0.0185527 0.0830768
13 3192 0.0624247 0.0601891
13 3058 0.0536228 0.0654709
13 2335 0.22614 0.0848374
5 3193 -0.00799048 0.0989221
13 3193 0.0712266 0.0795556
5 3194 0.0641851 0.0989221
13 3194 0.146923 0.0813162
5 3195 0.13284 0.100683
13 3195 0.219098 0.0863045
13 2091 0.152204 0.0848374
5 3196 0.138121 0.104204
13 3196 0.222619 0.0918797
5 3197 -0.106572 0.111246
13 3197 -0.0305233 0.089767
5 3198 -0.0960095 0.114767
13 3198 -0.019961 0.0939925
5 3199 -0.104811 0.146458
13 3199 -0.0305233 0.127796
5 2679 -0.0766453 0.174628
5 3200 0.0589039 0.199276
13 3200 0.136361 0.190473
5 2438 -0.0696038 0.208079
5 3201 0.0536228 0.215121
13 3201 0.129319 0.206318
13 1706 -0.393866 0.17005
5 3202 0.108195 0.236248
13 3202 0.183891 0.236248
13 2415 0.0659454 0.255615
5 3203 0.0254567 0.30139
13 3203 0.0958719 0.297869
13 2028 -0.19107 -0.30531
5 1542 -0.30303 -0.28207
13 2442 -0.153046 -0.277845
5 3204 -0.260781 -0.235591
13 3204 -0.167833 -0.25883
5 3205 -0.150933 -0.172209
13 3205 -0.0622102 -0.193336
5 3206 -0.0537603 -0.165871
13 3206 0.0342586 -0.182773
5 3207 -0.115022 -0.142631
13 3207 -0.0284109 -0.161646
5 3208 -0.0812223 -0.113053
13 3208 0.00327595 -0.129955
5 913 -0.226982 -0.108828
13 2856 0.296907 -0.0707991
5 3209 0.214522 -0.0538974
13 3209 0.305357 -0.0623482
5 3210 0.199734 -0.0517847
13 3210 0.290148 -0.0581228
5 3211 0.130023 -0.0496719
13 3211 0.216634 -0.0560101
13 2110 0.29057 -0.0560101
5 3212 0.106786 -0.0327702
13 3212 0.190932 -0.0366436
13 2447 -0.0502396 -0.0366436
5 3213 0.206072 -0.0137558
13 3213 0.296907 -0.0243194
5 3214 0.172272 -0.00319228
13 3214 0.258883 -0.00953041
13 3066 -0.0157362 0.0137094
5 3215 -0.144596 0.0496255
13 3215 -0.0654963 0.0276181
5 3216 -0.157271 0.0559636
13 3216 -0.0791098 0.0327238
13 3067 0.0750995 0.0517382
5 3217 0.119461 0.0792035
13 3217 0.205015 0.0654709
13 2866 0.0721421 0.0610342
13 2867 0.0603123 0.0644145
5 3218 -0.0157362 0.100331
13 3218 0.0645372 0.0792035
13 2868 0.214522 0.0876543
5 3219 0.136361 0.102443
13 3219 0.220859 0.089767
13 2408 0.00116349 0.108781
5 805 0.0581998 0.134134
13 1610 0.145656 0.124416
13 1274 -0.00939877 0.153148
13 2950 0.0645372 0.155261
5 3220 -0.123471 0.176388
13 3220 -0.0516479 0.161599
5 3221 -0.180508 0.182726
13 3221 -0.102347 0.138359
13 2106 0.0645372 0.180191
5 3222 0.0603123 0.199628
13 3222 0.138051 0.190332
5 3223 0.102561 0.212304
13 3223 0.180722 0.208079
5 2200 0.106786 0.237657
5 3224 0.17016 0.24822
13 3224 0.257193 0.233432
5 3225 0.102561 0.263009
13 3225 0.176075 0.26639
13 2439 0.16171 0.269348
13 1736 0.0624247 0.292587
5 3226 -0.280216 -0.260943
13 3226 -0.186423 -0.28376
13 827 0.39408 -0.273619
13 1726 -0.0622101 -0.192491
5 3227 -0.016581 -0.13418
13 3227 0.0687621 -0.146857
13 913 -0.143328 -0.126575
5 3228 0.0620023 -0.0986868
13 3228 0.148191 -0.111363
5 2048 0.216634 -0.070799
5 3229 -0.0875596 -0.060658
13 3229 -0.00390633 -0.0819541
5 3230 0.0949566 -0.0251644
13 3230 0.17861 -0.030235
5 3231 0.165935 -0.00995293
13 3231 0.252123 -0.0150234
13 2952 0.0696072 -0.0150234
5 3232 0.0265131 0.0280759
13 3232 0.106786 0.0179348
5 3233 0.15326 0.0407522
13 3233 0.239449 0.0306112
5 3234 -0.143328 0.0483579
13 3234 -0.0647451 0.0280759
13 2883 0.229309 0.0458227
5 3235 -0.0064413 0.0610342
13 3235 0.074677 0.0432874
5 3236 0.130446 0.0661047
13 3236 0.216634 0.0534285
5 3237 0.135516 0.078781
13 3237 0.221704 0.0661047
5 3238 -0.148398 0.0813163
13 3238 -0.0748849 0.0580764
5 3239 0.15833 0.0813163
13 3239 0.244518 0.0711752
13 2453 0.0721421 0.078781
13 2434 0.244518 0.0863868
5 2053 -0.0393956 0.114275
5 3240 -0.0976994 0.129486
13 3240 -0.021651 0.109204
13 3075 0.00116355 0.109204
13 2454 0.145149 0.12188
13 1222 0.127911 0.147233
5 3241 0.115236 0.162444
13 3241 0.196354 0.154839
13 2955 0.0645372 0.157374
5 3242 0.0518625 0.21822
13 3242 0.127911 0.210614
5 3243 0.132981 0.21822
13 3243 0.215113 0.207065
5 3244 -0.470337 0.223291
13 3244 -0.394288 0.172585
5 3245 0.0949566 0.241037
13 3245 0.171005 0.238502
5 3246 0.150725 0.241037
13 3246 0.234379 0.228361
13 1829 0.139065 0.289207
5 1653 -0.0089762 0.296813
13 2889 0.120813 0.295292
13 2890 -0.10429 -0.0910811
5 3247 -0.177297 -0.060658
13 3247 -0.0951644 -0.0784048
5 3248 0.129939 -0.0332772
13 3248 0.215113 -0.0393619
5 1729 0.00826145 -0.00589648
5 3249 0.00826145 0.000188114
13 3249 0.0903937 -0.0150234
5 2685 0.00826145 0.018442
13 2114 0.0873518 0.00931502
13 2895 0.218155 0.0519073
5 3250 0.114729 0.0732035
13 3250 0.199903 0.0610342
5 3251 0.129939 0.0732035
13 3251 0.215113 0.0610342
5 3252 -0.0525773 0.0792881
13 3252 0.0265131 0.0579919
13 2971 0.0356389 0.0579919
13 2958 0.00947823 0.224102
5 2688 -0.00694824 0.237488
5 3253 0.102561 0.24053
13 3253 0.17861 0.24053
13 2959 0.184694 0.26061
5 3254 0.0812679 0.270953
13 3254 0.154274 0.270953
13 2986 0.148191 0.286165
5 3255 0.228498 -0.104467
13 3255 0.321581 -0.112377
5 3256 0.217547 -0.075261
13 3256 0.308805 -0.0825626
13 2902 0.294203 -0.0716103
5 3257 0.195645 -0.0424042
13 3257 0.28812 -0.0576157
5 3258 0.14454 0.0525158
13 3258 0.228498 0.0452143
5 3259 -0.169388 0.0744204
13 3259 -0.0927309 0.0525158
13 3079 0.0496318 0.0561666
13 574 0.0605828 0.0634681
5 3260 -0.129234 0.158388
13 3260 -0.0562276 0.140134
5 3261 0.121055 -0.224
14 3261 0.105774 -0.084416
14 3013 0.314452 0.0642971
14 2914 0.224966 0.250382
5 1977 0.134502 -0.0491634
14 2487 0.273866 -0.0479407
5 1363 0.12839 -0.0344918
5 3262 0.161397 0.0156362
14 3262 0.32032 0.0168589
5 2698 0.154062 0.0388663
5 3263 -0.0708752 0.206367
14 3263 0.100273 0.206612
5 3264 0.131079 -0.0516086
14 3264 0.273377 -0.0472071
14 2806 0.245504 -0.0237326
14 2824 0.117877 0.278503
14 2831 -0.0229538 -0.0413385
14 2833 0.241983 -0.02608
14 411 0.315919 0.0584284
5 3265 -0.194591 0.266178
14 3265 0.00125147 0.250382
14 3203 0.192693 0.306672
14 2856 0.359909 -0.0643087
14 3065 0.245504 -0.0243194
14 1206 0.328594 0.0475128
14 2438 0.100026 0.208079
14 2873 0.17016 0.235544
5 1103 0.0476375 0.277798
5 1151 0.19382 -0.070799
14 1730 0.16847 0.00272336
5 3266 0.135516 0.104134
14 3266 0.322765 0.0853264
5 2710 0.129939 -0.0484888
5 3267 0.172526 -0.0028542
14 3267 0.334357 -0.00589648
5 2714 0.160358 0.0153997
14 1759 0.184694 0.0245266
14 2112 0.224239 0.246615
14 2070 0.202945 0.313546
5 3268 0.0642331 -0.0460549
14 3268 0.209029 -0.0393619
5 3269 0.115338 -0.0460549
14 3269 0.254658 -0.0393619
5 3270 0.118988 0.0926742
14 3270 0.302822 0.0737105
6 3271 -0.0623178 -0.299396
7 3271 -0.0908425 -0.294302
7 1665 0.315634 -0.264755
6 3272 0.256547 -0.199547
7 3272 0.201535 -0.193434
6 3273 0.211723 -0.175095
7 3273 0.159767 -0.17
6 3274 -0.164192 -0.101737
7 3274 -0.195773 -0.0976612
6 3275 -0.233466 -0.0905292
7 3275 -0.259953 -0.0864537
6 3276 0.0283499 -0.084416
7 3276 -0.0307369 -0.0783028
6 3277 -0.152986 -0.0569067
7 3277 -0.187623 -0.0528313
6 3278 0.210704 -0.054869
7 3278 0.169954 -0.047737
7 776 0.166898 -0.0467181
6 1273 0.224966 -0.047737
7 2729 -0.200866 -0.0426427
6 3279 -0.170304 -0.0283786
7 3279 -0.209016 -0.0247107
6 3280 0.122074 -0.0212466
7 3280 0.0915116 -0.0151334
6 3281 -0.123442 0.00524384
7 3281 -0.18151 0.0103381
6 2522 -0.271159 0.0062627
6 3282 0.190329 0.00728156
7 3282 0.14143 0.0144136
6 3283 -0.0979736 0.018489
7 3283 -0.159098 0.0235833
6 3284 -0.0185121 0.0195079
7 3284 -0.0602803 0.0246022
7 2263 -0.0610953 0.0254173
6 3285 -0.363864 0.040904
7 3285 -0.422951 0.0437568
6 3286 0.178104 0.0561869
7 3286 0.130835 0.063319
7 2778 0.0242749 0.0653567
6 3287 -0.0307369 0.0663755
7 3287 -0.0847301 0.0724887
6 3288 0.156711 0.077583
7 3288 0.10883 0.0857339
7 2277 -0.102049 0.0877716
6 3289 -0.172342 0.0847151
7 3289 -0.23856 0.0887905
6 3290 -0.0989924 0.0847151
7 3290 -0.147892 0.0898094
6 3291 -0.026662 0.103055
7 3291 -0.0796364 0.108149
7 2740 0.0813243 0.112224
6 3292 -0.108161 0.106111
7 3292 -0.156042 0.111205
6 3293 0.143467 0.106111
7 3293 0.0945679 0.113243
7 2741 0.0741931 0.1163
7 2742 0.0762306 0.117319
6 3294 0.132261 0.113243
7 3294 0.0819355 0.120783
6 849 -0.0215683 0.115281
6 3295 0.104755 0.1163
7 3295 0.0436309 0.124451
6 3296 0.0599308 0.117319
7 3296 0.00186269 0.124451
6 3297 -0.170304 0.118337
7 3297 -0.240597 0.122413
6 3298 0.0711369 0.130564
7 3298 0.0100126 0.137696
6 80 0.123093 0.135658
7 2750 -0.129555 0.155017
7 1917 -0.0735239 0.162149
7 1179 -0.003231 0.170299
6 3299 -0.0857488 0.169281
7 3299 -0.131592 0.174375
6 3300 0.146523 0.176413
7 3300 0.106793 0.184564
7 2752 -0.003231 0.188639
7 1919 -0.0663928 0.202903
6 3301 0.0456684 0.20596
7 3301 -0.003231 0.213092
7 1958 -0.0633366 0.220224
6 3302 0.0446497 0.221243
7 3302 -0.00241596 0.228375
6 3303 0.0110313 0.224299
7 3303 -0.0368494 0.230412
6 3304 0.00186269 0.233469
7 3304 -0.0449993 0.239582
7 2287 -0.102049 0.244676
7 2757 -0.0541679 0.253846
6 3305 0.0436309 0.257922
7 3305 -0.00119353 0.266072
6 3306 -0.00424974 0.267091
7 3306 -0.0490742 0.274223
6 3307 0.113924 0.271167
7 3307 0.0770456 0.279725
6 3308 0.107811 0.274223
7 3308 0.0684882 0.283393
6 3309 0.104755 0.275242
7 3309 0.0648208 0.283393
6 3310 0.111886 0.27728
7 3310 0.0746006 0.285838
7 1926 -0.00119353 0.287061
6 3311 0.10068 0.280337
7 3311 0.062987 0.288487
6 3312 0.0426122 0.285431
7 3312 -0.00119353 0.292563
6 3313 -0.00424974 0.295619
7 3313 -0.046018 0.302751
6 3314 0.0436309 0.304789
7 3314 0.00288143 0.311921
6 3315 0.0364998 0.306827
7 3315 -0.00424974 0.313959
7 2127 -0.0818776 -0.272905
6 3316 0.338658 -0.250898
7 3316 0.282423 -0.246007
6 3317 0.33499 -0.249675
7 3317 0.278756 -0.244785
6 843 0.331323 -0.24723
7 2076 -0.0623178 -0.221555
6 2919 -0.0672077 -0.211774
6 3318 0.0330361 -0.126189
7 3318 -0.0329781 -0.121299
7 601 -0.141779 -0.110295
6 344 -0.195569 -0.111518
7 1935 0.0599308 -0.0821745
6 3319 0.106385 -0.0858424
7 3319 0.0574858 -0.0797292
6 2932 -0.157672 -0.0760613
6 3320 -0.149114 -0.0589445
7 3320 -0.182855 -0.054543
6 3321 0.210297 -0.0552765
7 3321 0.169954 -0.0479407
6 3322 0.15284 -0.0393823
7 3322 0.120036 -0.0324541
6 3323 0.154062 -0.0357144
7 3323 0.121055 -0.0293975
6 3324 0.078268 -0.0320465
7 3324 0.0483417 -0.02608
6 2934 0.122278 -0.0222654
6 3325 -0.134444 -0.00148063
7 3325 -0.185789 0.0034099
6 2523 0.0220338 -0.00148063
7 1773 0.142815 0.0554941
6 3326 0.178512 0.0559832
7 3326 0.131079 0.0628299
6 3327 -0.0158633 0.0645416
7 3327 -0.0684302 0.0706548
7 2491 0.10883 0.0743227
6 3328 -0.133222 0.0694322
7 3328 -0.199236 0.0743227
6 3329 -0.0439805 0.0706548
7 3329 -0.0949174 0.0755453
7 2779 0.0330361 0.0816585
6 3330 0.140615 0.0767679
7 3330 0.0929379 0.0841038
6 3331 -0.0989924 0.0816585
7 3331 -0.147647 0.0863045
7 2329 0.0733781 0.0902169
6 3332 0.117388 0.0841038
7 3332 0.0672657 0.0914396
6 3333 -0.0305332 0.0853264
7 3333 -0.0867675 0.0914396
6 2925 0.0929379 0.086549
6 3334 0.180957 0.0926622
7 3334 0.142815 0.100976
6 3335 -0.105105 0.109779
7 3335 -0.152986 0.115281
7 2743 0.080713 0.117115
6 3336 0.0562633 0.111002
7 3336 2.89711e-05 0.118337
7 1529 -0.0733202 0.122005
6 3337 0.129612 0.115892
7 3337 0.0770456 0.123228
6 3338 0.0599308 0.117115
7 3338 0.00125147 0.124451
6 3339 0.173622 0.128119
7 3339 0.136947 0.136188
6 3340 0.124723 0.131786
7 3340 0.0758231 0.139122
6 2928 -0.0244207 0.135454
7 380 -0.152986 0.155017
7 1916 -0.0733202 0.158684
7 2787 -0.0231982 0.183137
6 3341 0.14306 0.177024
7 3341 0.103207 0.184604
6 3342 -0.234688 0.192918
7 3342 -0.310482 0.196586
6 3343 0.045261 0.205145
7 3343 -0.00241596 0.21248
6 3344 0.0489284 0.20759
7 3344 2.89711e-05 0.214926
6 3345 -0.0121959 0.238156
7 3345 -0.0586503 0.244269
7 2125 -0.00241596 0.25894
6 2914 0.0440385 0.257718
6 3346 -0.00486096 0.267499
7 3346 -0.0493594 0.274101
6 3347 -0.00730596 0.272389
7 3347 -0.0511117 0.278299
6 3348 0.100273 0.279725
7 3348 0.0623758 0.288284
7 1929 0.0330361 0.302955
7 2795 -0.050093 0.302955
6 3349 0.00369647 0.302955
7 3349 -0.0378681 0.309068
6 3350 2.89711e-05 0.304178
7 3350 -0.042758 0.310291
6 3351 0.0159213 0.304178
7 3351 -0.0256432 0.310291
6 3352 0.042816 0.304178
7 3352 0.00125147 0.311514
6 993 0.0330361 0.309068
6 3353 0.035481 0.309068
7 3353 -0.00486096 0.316404
6 3354 -0.281143 -0.292223
7 3354 -0.317817 -0.286354
6 2352 -0.248869 -0.258478
6 3355 0.339391 -0.251143
7 3355 0.283646 -0.246741
6 3356 -0.0552274 -0.239405
7 3356 -0.088968 -0.235004
6 3357 -0.0288217 -0.226201
7 3357 -0.0625623 -0.221799
6 3358 0.0327916 -0.126434
7 3358 -0.0332227 -0.120565
6 3359 -0.229798 -0.0941563
7 3359 -0.256693 -0.0907329
6 2943 -0.159383 -0.0765504
6 3360 0.08707 -0.0692146
7 3360 0.0401265 -0.0633459
6 3361 0.230834 -0.054543
7 3361 0.188292 -0.0479407
6 3362 0.153084 -0.0398714
7 3362 0.119833 -0.0332691
6 3363 0.154551 -0.0354699
7 3363 0.121055 -0.0296012
6 3364 -0.171119 -0.0296012
7 3364 -0.209261 -0.0251997
6 3365 0.163353 -0.0281341
7 3365 0.12513 -0.0212466
6 3366 0.0357256 -0.0237326
7 3366 -0.00975089 -0.0178639
7 1768 -0.12711 -0.0163968
6 3367 -0.11244 -0.0149296
7 3367 -0.169652 -0.0075938
6 3368 0.0210557 -0.00172517
7 3368 -0.0200198 0.00414348
6 3369 0.211764 -0.000258011
7 3369 0.16482 0.00707781
6 3370 -0.174053 0.0114793
7 3370 -0.215715 0.0161742
7 2323 -0.0610953 0.0246837
6 3371 0.0371926 0.0349539
7 3371 -0.00270939 0.0408225
6 3372 0.167754 0.0584284
7 3372 0.120811 0.0657643
6 2912 -0.0112179 0.0613628
6 3373 -0.137378 0.0745672
7 3373 -0.203393 0.0789687
6 3374 -0.0229538 0.0745672
7 3374 -0.0782101 0.0804359
7 1517 0.0929379 0.0833702
7 2812 0.107608 0.0848373
6 1780 -0.0522934 0.0804359
6 3375 0.125212 0.0804359
7 3375 0.0768011 0.0877717
6 3376 -0.0977699 0.0848373
7 3376 -0.1453 0.0901191
6 3377 0.0929379 0.0863045
7 3377 0.0371926 0.0936403
7 2497 0.0768011 0.0936403
6 3378 0.11641 0.0892388
7 3378 0.0665322 0.0965746
6 3379 0.125212 0.0921731
7 3379 0.0738672 0.099509
6 3380 -0.153515 0.0965746
7 3380 -0.222463 0.100976
6 3381 0.0973389 0.0965746
7 3381 0.0401265 0.10391
7 2376 -0.0801661 0.106845
6 3382 -0.0185528 0.102443
7 3382 -0.0713642 0.108312
6 3383 0.0503954 0.10391
7 3383 -0.00388295 0.111246
6 3384 -0.100704 0.108312
7 3384 -0.149114 0.112713
6 3385 -0.105105 0.109779
7 3385 -0.152782 0.11467
6 3386 -0.0508264 0.114181
7 3386 -0.103638 0.120049
7 2498 -0.0742982 0.121516
7 2847 -0.241534 0.122984
6 3387 0.173622 0.127385
7 3387 0.136361 0.135895
6 3388 0.0709332 0.130319
7 3388 0.00931986 0.137655
6 3389 0.126679 0.134721
7 3389 0.078268 0.142057
6 3390 -0.207794 0.137655
7 3390 -0.278209 0.142057
6 3391 0.0445274 0.144991
7 3391 -0.0082839 0.152327
6 850 0.158952 0.16113
6 3392 0.0474614 0.164064
7 3392 -0.00363846 0.170911
6 3393 -0.212195 0.165531
7 3393 -0.286033 0.169688
6 3394 0.148683 0.169933
7 3394 0.108195 0.178149
6 3395 -0.0200198 0.174334
7 3395 -0.0698972 0.180203
7 2131 -0.0669632 0.200743
6 3396 -0.0214868 0.197809
7 3396 -0.0713642 0.203677
6 3397 0.0489284 0.206612
7 3397 0.00081143 0.213361
6 3398 -0.0156188 0.213948
7 3398 -0.0625623 0.219816
6 2382 0.0445274 0.221283
6 3399 -0.0156188 0.244758
7 3399 -0.0610953 0.250627
7 1491 -0.00241596 0.25943
6 2387 -0.0082839 0.266765
6 3400 -0.0112179 0.274101
7 3400 -0.0549829 0.280948
6 3401 0.085603 0.278503
7 3401 0.0448209 0.287306
7 2349 -0.000948978 0.287306
7 2389 -0.0508264 0.303444
6 3402 0.0709332 0.296109
7 3402 0.0298577 0.304912
6 2390 -0.0170858 0.303444
6 3403 -0.0854472 -0.330663
7 3403 -0.108772 -0.325479
6 2136 -0.254444 -0.260239
6 823 0.326482 -0.246154
6 3404 -0.0555207 -0.240872
7 3404 -0.0896721 -0.235591
7 685 -0.162904 -0.131716
6 1292 -0.196351 -0.110588
6 3405 0.247265 -0.0894614
7 3405 0.203959 -0.0834753
6 3406 0.210297 -0.0560101
7 3406 0.168048 -0.0496719
6 3407 0.231421 -0.0542495
7 3407 0.190932 -0.0472071
6 3408 0.0694662 -0.0524889
7 3408 0.0225227 -0.0472071
6 3409 0.155725 -0.0313618
7 3409 0.120811 -0.0251997
6 2835 -0.0220736 -0.00319231
6 3410 0.212057 0.000328873
7 3410 0.164527 0.00737126
6 3411 0.197974 0.0161742
7 3411 0.150444 0.0232166
7 2839 -0.219236 0.0320196
6 3412 -0.108332 0.0478649
7 3412 -0.173466 0.0531467
6 3413 0.17861 0.0496255
7 3413 0.130023 0.0559636
6 3414 0.17861 0.0549073
7 3414 0.130023 0.0623018
6 3415 -0.00799048 0.0654709
7 3415 -0.0608019 0.0707526
6 3416 -0.132977 0.068992
7 3416 -0.199872 0.0742738
6 3417 -0.0431981 0.0725132
7 3417 -0.0942491 0.077795
6 3418 -0.0115112 0.0725132
7 3418 -0.0643226 0.077795
7 2842 0.0324983 0.0813162
6 2913 0.136361 0.0760344
6 3419 -0.101291 0.0830768
7 3419 -0.150933 0.0876543
6 3420 0.116996 0.0848374
7 3420 0.0659454 0.0918797
6 3421 0.125798 0.0848374
7 3421 0.0747474 0.0918797
6 3422 0.182131 0.0883586
7 3422 0.143121 0.0965278
6 3423 0.124038 0.0918797
7 3423 0.0729869 0.0989221
7 779 -0.00446973 0.111246
6 3424 0.13284 0.104204
7 3424 0.0817889 0.111246
6 3425 -0.0801661 0.109486
7 3425 -0.131921 0.11512
6 3426 0.124038 0.111246
7 3426 0.0708745 0.119345
6 3427 0.129319 0.114767
7 3427 0.0817889 0.12181
7 2509 -0.00623014 0.12357
6 3428 -0.171706 0.118289
7 3428 -0.242121 0.12357
7 2410 -0.00799048 0.15174
6 3429 -0.0960095 0.15174
7 3429 -0.141779 0.156728
6 3430 0.148683 0.157022
7 3430 0.104674 0.165825
6 2950 -0.0203131 0.174628
7 2504 -0.0238339 0.183431
7 2019 -0.066083 0.201037
6 3431 -0.0238339 0.197515
7 3431 -0.0713642 0.202797
6 3432 -0.0713642 0.208079
7 3432 -0.115374 0.213361
6 3433 -0.0167924 0.245051
7 3433 -0.0625623 0.252094
7 2823 0.050102 0.285545
6 3434 0.0324983 0.310193
7 3434 -0.00799048 0.317236
6 3435 -0.0875596 -0.330663
7 3435 -0.110199 -0.325886
6 3436 0.353944 -0.265169
7 3436 0.296907 -0.260943
6 3437 -0.0558728 -0.239816
7 3437 -0.0900945 -0.235591
6 3438 -0.220644 -0.10249
7 3438 -0.249796 -0.0986868
7 2802 -0.265006 -0.0898135
6 3439 -0.157271 -0.0602355
7 3439 -0.193182 -0.0560101
6 169 0.140586 -0.0306575
6 3440 0.151148 -0.0306575
7 3440 0.120517 -0.0243194
7 2880 0.104674 -0.00953041
6 2944 -0.178395 0.0137094
6 3441 -0.16572 0.0221603
7 3441 -0.205153 0.0267378
6 3442 -0.157271 0.024273
7 3442 -0.197407 0.0284984
6 3443 0.17861 0.053851
7 3443 0.130446 0.0610342
6 2923 0.165935 0.0601891
7 1601 0.0328503 0.0813162
6 3444 0.125798 0.0855416
7 3444 0.0750995 0.0918798
6 3445 0.121573 0.0918798
7 3445 0.0696072 0.099063
6 3446 0.04975 0.104556
7 3446 -0.00517384 0.110894
6 3447 0.142698 0.106669
7 3447 0.0924216 0.114275
6 3448 -0.0326358 0.11512
7 3448 -0.0854472 0.121458
7 2869 -0.00728631 0.12357
6 3449 -0.172058 0.119345
7 3449 -0.241769 0.12357
6 3450 0.15326 0.136247
7 3450 0.110166 0.144698
7 2871 -0.00939877 0.151036
6 3451 0.151148 0.17005
7 3451 0.112701 0.177656
7 2885 -0.100234 0.178501
6 2955 -0.0220735 0.174276
6 3452 0.0434126 0.227093
7 3452 -0.00270939 0.234488
7 2886 -0.103051 0.243291
6 2108 -0.0516479 0.267235
7 1215 -0.000948978 0.290475
6 796 0.072987 0.2947
6 3453 -0.000948978 0.303151
7 3453 -0.0431981 0.309489
6 3454 -0.259936 -0.281225
7 3454 -0.29796 -0.276155
6 3455 -0.0546053 -0.030235
7 3455 -0.100234 -0.0251644
6 3456 0.150725 -0.030235
7 3456 0.117349 -0.0243194
6 3457 -0.0241859 -0.00488241
7 3457 -0.06728 0.000188114
6 2952 -0.00390633 0.00525861
6 3458 0.0163732 0.0230054
7 3458 -0.0241859 0.0280759
6 3459 -0.115444 0.0432874
7 3459 -0.181353 0.0483579
7 2883 0.0949566 0.0762457
6 3460 0.132981 0.0762457
7 3460 0.0848168 0.0838515
6 2527 0.125376 0.078781
6 3461 0.0898867 0.0813163
7 3461 0.0341179 0.088922
6 3462 0.120306 0.0813163
7 3462 0.0696072 0.088922
6 3463 0.112701 0.0838515
7 3463 0.0620023 0.0914573
7 2432 0.074677 0.0914573
6 3464 0.130446 0.088922
7 3464 0.0797469 0.0965278
6 3465 0.112701 0.0914573
7 3465 0.0620023 0.099063
6 3466 0.0974916 0.0965278
7 3466 0.0417227 0.104134
7 2513 -0.0850246 0.106669
6 3467 0.135516 0.106669
7 3467 0.0848168 0.114275
6 3468 0.0594673 0.12188
7 3468 0.00116355 0.129486
6 3469 0.15326 0.137092
7 3469 0.108645 0.146219
6 3470 -0.100234 0.149768
7 3470 -0.145863 0.154839
6 1628 -0.0241859 0.154839
6 3471 0.160865 0.154839
7 3471 0.125376 0.162444
6 3472 0.0417227 0.281601
7 3472 -0.00137136 0.289207
6 3473 0.230323 -0.0545734
7 3473 0.190778 -0.0484888
6 3474 0.151232 -0.0241503
7 3474 0.117771 -0.0175587
6 3475 0.17861 0.0519073
7 3475 0.129939 0.0598173
6 3476 -0.0586612 0.0762458
7 3476 -0.110374 0.0823304
6 3477 -0.0312837 0.088415
7 3477 -0.0829967 0.0944996
6 3478 0.181652 0.088415
7 3478 0.14089 0.096325
6 3479 -0.0464934 0.115796
7 3479 -0.0982064 0.12188
6 3480 -0.067787 0.179684
7 3480 -0.112909 0.185262
6 3481 -0.019116 0.194896
7 3481 -0.067787 0.20098
6 2959 0.111687 0.273996
6 3482 -0.000864352 0.301376
7 3482 -0.0404095 0.307461
6 3483 0.206596 -0.0570072
7 3483 0.166442 -0.0497057
6 3484 0.232148 -0.0570072
7 3484 0.191994 -0.0497057
6 3485 -0.187639 -0.0168488
7 3485 -0.227793 -0.013198
7 2893 -0.231443 0.0160081
6 3486 -0.180339 0.0269604
7 3486 -0.210758 0.0306112
7 1770 0.115338 0.0707696
6 3487 0.129939 0.0744204
7 3487 0.086135 0.0817219
6 3488 0.097086 0.096325
7 3488 0.0423312 0.103626
6 3489 0.104387 0.107277
7 3489 0.0423312 0.114579
6 3490 0.115338 0.110928
7 3490 0.0642331 0.11823
6 3491 0.0569324 0.11823
7 3491 -0.00147277 0.125531
6 3492 -0.282548 0.242356
7 3492 -0.362855 0.246006
6 3493 -0.235093 0.242356
7 3493 -0.31175 0.246006
6 3494 0.0605828 0.297117
7 3494 0.0204292 0.304419
8 116 -0.318021 -0.305509
6 1751 -0.271159 -0.281056
8 1763 -0.275234 -0.267811
6 1495 -0.253841 -0.25966
8 2730 -0.0297182 -0.0232843
6 3495 -0.167248 -0.0151334
8 3495 -0.217166 -0.0171711
6 3496 -0.18966 -0.00392592
8 3496 -0.240597 -0.0069825
8 3281 -0.216147 0.00116839
8 2259 -0.0704677 0.00728156
8 2732 -0.115292 0.0123759
8 3285 -0.450457 0.0327531
8 560 0.0487246 0.0836962
8 3289 -0.279309 0.0786019
6 3497 0.158748 0.0969414
8 3497 0.0843805 0.102443
6 3498 0.129205 0.113243
8 3498 0.0513734 0.118337
6 3499 0.130224 0.1163
8 3499 0.0487246 0.121394
6 3500 0.0466872 0.117319
8 3500 -0.0388868 0.119356
8 3296 -0.0390905 0.11956
8 1917 -0.100011 0.156035
8 2281 -0.050093 0.17845
6 3501 0.0456684 0.203922
8 3501 -0.026662 0.207997
8 3301 -0.026662 0.210035
8 2755 0.0364998 0.23245
8 3306 -0.0674115 0.270148
8 3310 0.0650652 0.287306
6 3502 0.086418 0.278299
8 3502 0.0324248 0.28645
8 1432 -0.0419431 0.309884
8 2120 -0.0378681 0.310902
6 3503 0.213964 -0.337705
8 3503 0.16751 -0.346263
6 2297 -0.251803 -0.276573
8 1711 -0.297035 -0.258234
8 1937 -0.246913 -0.104182
6 3504 -0.233466 -0.0907329
8 3504 -0.256693 -0.0919556
8 2489 -0.0293107 -0.023488
8 2774 -0.116107 0.0119683
8 3330 0.0665322 0.0804359
8 3332 0.042816 0.0877717
8 2782 -0.101437 0.102443
8 2743 0.0525959 0.11467
6 3505 -0.189456 0.112224
8 3505 -0.301721 0.106111
8 1916 -0.100215 0.152571
8 2787 -0.0513154 0.178247
8 3343 -0.0268657 0.208812
6 3506 0.0990503 0.224707
8 3506 0.0367035 0.232043
8 2792 -0.0775989 0.245695
6 3507 -0.237133 0.246714
8 3507 -0.372829 0.23571
6 3508 -0.243246 0.250382
8 3508 -0.378942 0.239378
8 1930 -0.0586503 0.299287
8 3349 -0.0537604 0.306623
6 2126 -0.279676 -0.309829
8 257 -0.174053 -0.138171
8 647 -0.141779 -0.102959
6 3509 -0.0742982 -0.0882877
8 3509 -0.128577 -0.0897548
8 2835 -0.0782101 -0.00270327
6 3510 -0.182855 0.0100121
8 3510 -0.237133 0.00707781
8 3371 -0.0141518 0.036421
8 1517 0.0659454 0.0795556
8 2814 0.0489284 0.0877717
8 3382 -0.100704 0.102443
6 3511 0.126679 0.109779
8 3511 0.0459944 0.114181
6 3512 0.0591973 0.117115
8 3512 -0.0390905 0.118582
6 3513 0.123745 0.133254
8 3513 0.0547963 0.139122
8 2131 -0.0907283 0.195755
6 3514 -0.0508264 0.265298
8 3514 -0.104086 0.267091
8 3400 -0.0733202 0.27728
8 1182 -0.0229538 0.315182
6 3515 -0.270287 -0.281366
8 3515 -0.310776 -0.277845
8 1279 -0.300495 -0.27869
8 2835 -0.0786991 -0.00319231
6 3516 -0.0167924 0.0654709
8 3516 -0.0872076 0.0654709
8 1569 0.0712266 0.0742738
8 2404 0.0853096 0.0830768
8 3420 0.0413001 0.0883586
6 3517 0.115236 0.0901191
8 3517 0.0413001 0.0936403
8 3423 0.0483417 0.0954009
6 3518 0.145163 0.105965
8 3518 0.0687621 0.110894
6 3519 -0.18931 0.111246
8 3519 -0.301681 0.105378
8 2437 -0.127696 0.114767
8 2411 -0.0995302 0.1535
8 2002 -0.037917 0.310193
6 3520 -0.271343 -0.279958
8 3520 -0.31148 -0.277845
8 2877 0.165935 -0.0454465
6 3521 -0.184733 -0.0158686
8 3521 -0.232052 -0.0200939
8 2430 0.0645372 0.0813163
6 3522 0.125798 0.0792035
8 3522 0.0518624 0.0834289
6 3523 0.119461 0.0813162
8 3523 0.0455251 0.0855416
8 3444 0.04975 0.089767
6 3524 -0.0178486 0.102443
8 3524 -0.100234 0.102443
8 3447 0.0696072 0.111739
8 3448 -0.111853 0.114767
6 3525 0.0455251 0.203853
8 3525 -0.0284109 0.208079
8 2873 -0.0791098 0.241882
8 2855 -0.259429 -0.0941234
8 3457 -0.0824897 -0.00488241
6 2541 0.0467926 0.11681
6 3526 -0.0140461 0.238502
8 3526 -0.0799547 0.241037
6 3527 -0.232052 0.243573
8 3527 -0.368516 0.233432
8 842 -0.32331 -0.294916
6 3528 -0.168171 -0.0180657
8 3528 -0.216842 -0.0200939
6 3529 -0.0251998 -0.00589648
8 3529 -0.0854302 -0.00589648
8 2512 -0.0617031 0.00627271
6 3530 -0.0130321 0.0640765
8 3530 -0.0890805 0.0640765
6 3531 0.0964776 0.0975419
8 3531 0.00521947 0.100584
6 3532 -0.174255 0.118838
8 3532 -0.289848 0.112753
6 3533 0.0843098 0.283123
8 3533 0.029555 0.292249
8 1230 -0.0251998 0.316588
6 3534 -0.0124237 0.297117
8 3534 -0.0671786 0.300768
8 3494 0.00582789 0.304419
9 116 -0.354696 -0.306528
9 1376 -0.341452 -0.293283
9 3280 0.0550408 -0.0161522
9 2259 -0.10918 0.0103381
9 3286 0.0679992 0.0672314
9 560 0.0049189 0.0877716
9 2273 0.00797512 0.0898094
6 873 0.0915116 0.0836962
6 3535 0.15773 0.0918471
9 3535 0.0415935 0.103055
9 3497 0.0415935 0.108556
9 3291 -0.152986 0.106111
9 2746 -0.145854 0.106111
6 3536 0.10068 0.105092
9 3536 -0.0419431 0.115281
9 2741 0.00247397 0.118337
6 3537 -0.0286995 0.115281
9 3537 -0.146873 0.118337
9 2756 -0.0674115 0.237544
9 3502 -0.0109734 0.289506
6 1802 0.082343 0.279318
9 2764 -0.0979736 0.310902
9 3314 -0.0521304 0.313959
9 2087 -0.367939 -0.319366
6 1438 -0.264028 -0.296135
6 3538 0.156507 0.0767679
9 3538 0.042816 0.086549
9 3332 -0.00119353 0.0914396
6 3539 0.127167 0.086549
9 3539 0.0073639 0.0951075
9 2480 0.0107868 0.112713
9 3345 -0.120997 0.243046
9 2347 -0.123442 0.250382
6 3540 0.085603 0.278503
9 3540 -0.0112179 0.29024
9 3350 -0.0977699 0.309068
6 3541 -0.279676 -0.306895
9 3541 -0.357426 -0.30396
6 3542 0.346726 -0.25261
9 3542 0.213231 -0.255544
6 3543 0.351127 -0.249675
9 3543 0.219098 -0.25261
9 3356 -0.12711 -0.239405
9 647 -0.179676 -0.100514
6 3544 0.246971 -0.091222
9 3544 0.15284 -0.0858424
6 3545 0.222032 -0.0486743
9 3545 0.129319 -0.0419253
9 2835 -0.11733 -0.000258011
9 2814 0.0049189 0.0921731
9 2815 -0.000948978 0.0921731
9 2376 -0.149114 0.104889
9 3382 -0.144713 0.105378
6 3546 0.0635983 0.121516
9 3546 -0.0801661 0.130319
6 3547 -0.0816331 0.169933
9 3547 -0.188234 0.170911
9 3401 -0.00975089 0.289066
9 2826 -0.0977699 0.309313
9 685 -0.212195 -0.136997
9 2841 0.0370752 0.0792035
6 3548 0.124038 0.0795556
9 3548 0.00785287 0.0892388
9 3420 -0.00270939 0.0918797
6 3549 -0.0185527 0.102443
9 3549 -0.14354 0.105965
6 3550 0.104674 0.111246
9 3550 -0.0410856 0.121458
6 3551 0.0624247 0.12181
9 3551 -0.0819264 0.130613
9 2851 -0.120655 0.246812
9 2852 -0.00939877 0.263009
9 2854 -0.117134 0.280263
9 2823 -0.00517384 0.288362
9 2028 -0.330492 -0.277845
9 3521 -0.275568 -0.0179813
6 2948 -0.024186 -0.00319228
9 1695 -0.0748848 0.00272336
9 3522 0.00750088 0.0876543
6 3552 -0.0305233 0.100331
9 3552 -0.155862 0.104204
9 3448 -0.155862 0.118289
6 3553 0.0603123 0.121458
9 3553 -0.0833347 0.129909
9 3454 -0.338519 -0.27869
6 3554 0.077212 -0.0429112
9 3554 -0.024186 -0.0391084
9 3457 -0.123049 -0.00234716
9 3466 -0.0419306 0.106669
6 3555 -0.115444 0.175121
9 3555 -0.201632 0.174276
6 3556 -0.0799547 0.175121
9 3556 -0.166143 0.175121
9 2902 0.126897 -0.0424042
9 3529 -0.125584 -0.0028542
9 2512 -0.100031 0.00870659
9 3531 -0.0404095 0.106669
6 2154 0.0478066 0.103626
9 3482 -0.0982064 0.307461
9 2889 -0.0495353 0.313546
6 3557 0.217547 -0.0497057
9 3557 0.126289 -0.0424042
9 3485 -0.277681 -0.0180657
9 3489 -0.0416263 0.11823
6 3558 -0.0781296 0.172991
9 3558 -0.186422 0.1736
10 1376 -0.350621 -0.356452
10 1751 -0.358771 -0.342188
6 3559 0.354346 -0.264755
10 3559 0.231079 -0.343207
10 539 -0.340433 -0.320792
6 3560 0.173011 -0.133321
10 3560 0.0574858 -0.198325
6 3561 0.21376 -0.062001
10 3561 0.121055 -0.114982
10 3278 0.117388 -0.10785
10 3496 -0.318021 -0.0752462
10 3290 -0.216147 0.0225645
10 2740 0.0122538 0.0462021
10 3498 0.0100126 0.0572058
10 1417 -0.17336 0.0510926
10 849 -0.147892 0.0521115
10 3500 -0.0816738 0.0561869
10 1265 -0.21411 0.0684133
10 1913 -0.149114 0.0731
10 2281 -0.0949174 0.118337
6 3562 -0.0368494 0.189658
10 3562 -0.158079 0.130564
10 3501 -0.0714865 0.149922
10 2753 -0.176009 0.152571
10 3301 -0.0704677 0.152979
6 3563 -0.288478 0.252827
10 3563 -0.475518 0.159907
10 3306 -0.113662 0.216148
6 3564 0.0884554 0.278299
10 3564 -0.0112179 0.235955
10 3311 0.0061414 0.239378
10 3312 -0.0633366 0.239582
10 3313 -0.10918 0.247733
10 2079 -0.11244 0.249159
10 2764 -0.104086 0.257922
6 3565 -0.27992 -0.307139
10 3565 -0.366228 -0.367048
6 702 -0.250581 -0.260679
10 599 -0.217573 -0.195879
10 548 -0.200459 -0.17754
10 601 -0.198014 -0.175095
10 2523 -0.0757651 -0.0577218
10 2774 -0.160117 -0.0479407
10 3330 0.0236964 0.0196954
6 3566 -0.172341 0.0841038
10 3566 -0.32719 0.00524384
10 2480 0.0122538 0.0466912
6 3567 0.14306 0.106111
10 3567 0.0283907 0.0510926
10 2124 -0.172586 0.0510926
10 2783 -0.0818776 0.0559832
10 1482 -0.135911 0.137655
10 3343 -0.0713642 0.15086
10 2792 -0.124176 0.190473
6 3568 -0.00852839 0.245492
10 3568 -0.119775 0.193407
10 3346 -0.113907 0.216882
10 1930 -0.109506 0.247692
10 1929 -0.0273547 0.253561
10 3349 -0.100215 0.256495
10 3352 -0.0596283 0.25943
10 993 -0.0698972 0.265298
10 2351 -0.0831001 0.267499
6 3569 0.359929 -0.267281
10 3569 0.234942 -0.346508
10 236 0.231421 -0.342987
10 3509 -0.171119 -0.146974
10 3368 -0.0766453 -0.0577707
10 2323 -0.122709 -0.0384042
10 3383 -0.0801661 0.0408225
10 2816 0.013134 0.0461043
10 3389 0.013134 0.0813162
6 1814 0.148683 0.155261
10 3395 -0.140312 0.115648
6 3570 0.147216 0.174334
10 3570 0.050102 0.128852
10 2131 -0.136498 0.137655
10 3398 -0.13151 0.158195
6 3571 -0.243001 0.250627
10 3571 -0.432731 0.159907
10 3514 -0.151559 0.216148
10 2825 -0.150581 0.219816
10 3401 -0.0157362 0.235544
10 2389 -0.11244 0.249159
10 2390 -0.119775 0.256495
10 2826 -0.103638 0.256495
10 1493 -0.0819264 0.259136
10 3515 -0.358306 -0.341226
10 3406 0.116996 -0.108828
10 3407 0.136361 -0.107067
6 2559 -0.169945 -0.0296012
10 3425 -0.203393 0.0461043
10 2437 -0.173466 0.0513861
6 3572 -0.0238339 0.134134
10 3572 -0.148821 0.0728653
10 2411 -0.144596 0.0939925
10 2950 -0.140019 0.116528
10 2504 -0.0942491 0.118289
10 3431 -0.140019 0.141176
6 3573 -0.242121 0.250333
10 3573 -0.432242 0.159663
10 1586 -0.108332 0.250333
6 3574 0.0641851 0.297869
10 3574 -0.0368607 0.254559
10 2002 -0.0833347 0.258784
6 2558 -0.284018 -0.296859
6 3575 -0.265006 -0.296859
10 3575 -0.351617 -0.356015
6 3576 -0.0748849 -0.0898135
10 3576 -0.171706 -0.147561
10 706 0.136361 -0.106715
10 1695 -0.0799547 -0.0555875
10 1601 -0.0389731 0.0137094
6 3577 0.155373 0.0770908
10 3577 0.0434126 0.0221603
10 2865 -0.178395 0.0158221
10 3444 0.00750088 0.0284984
10 2108 -0.150933 0.218642
10 3453 -0.104459 0.256671
10 1275 -0.119246 0.258784
6 3578 0.209029 -0.0555875
10 3578 0.114729 -0.109335
10 3470 -0.211772 0.0914573
10 3526 -0.125584 0.185769
6 3579 -0.0520703 0.26639
10 3579 -0.150933 0.21822
10 3480 -0.183381 0.12188
10 3482 -0.10429 0.255742
6 3580 0.0167789 -0.00224571
10 3580 -0.0817799 -0.0570072
6 3581 0.0131286 0.00505582
10 3581 -0.0854302 -0.0497057
6 3582 -0.0124237 0.0634681
10 3582 -0.132884 0.00140504
10 3492 -0.468714 0.151087
11 116 -0.331265 -0.379275
11 1376 -0.315984 -0.365622
6 2991 -0.279309 -0.288188
6 3583 -0.0521304 -0.276981
11 3583 -0.0898237 -0.333018
11 1495 -0.30926 -0.329147
6 944 -0.212072 -0.244377
6 3584 0.0487246 -0.211774
11 3584 -0.0643553 -0.328943
6 3585 -0.146873 -0.0946046
11 3585 -0.194754 -0.149623
11 3275 -0.27829 -0.144529
6 3586 -0.128536 -0.084416
11 3586 -0.176416 -0.138416
6 3587 -0.0847301 -0.0528313
11 3587 -0.155227 -0.122521
11 2730 -0.0236058 -0.0833971
6 3588 -0.069449 -0.0222654
11 3588 -0.149929 -0.0976612
11 3280 0.0833617 -0.0640388
11 560 0.0609495 0.0235833
11 2273 0.062987 0.0256211
11 2735 0.0599308 0.0266399
6 3589 -0.102049 0.0959225
11 3589 -0.175398 0.033772
11 3497 0.0990503 0.0449795
11 2740 0.0672657 0.0474247
6 3590 -0.102049 0.10713
11 3590 -0.174379 0.0459983
6 3591 -0.0806551 0.110187
11 3591 -0.156042 0.0470172
6 3592 -0.105105 0.111205
11 3592 -0.179473 0.048036
11 1265 -0.169897 0.0694322
11 2481 -0.0256432 0.0706548
11 1913 -0.0977699 0.0755453
6 3593 0.151617 0.168262
11 3593 0.0990503 0.128119
11 2281 -0.0439805 0.120783
6 3594 0.145505 0.180488
11 3594 0.0929379 0.140589
11 3501 -0.0219757 0.153794
11 3301 -0.0215683 0.157054
11 1958 -0.0843225 0.163575
11 3302 -0.0219757 0.173356
6 3595 -0.0123996 0.237544
11 3595 -0.0806551 0.18925
6 3596 0.0436309 0.251808
11 3596 -0.0214868 0.208079
11 3305 -0.0207532 0.214926
11 3306 -0.0704677 0.22328
11 2760 -0.0714865 0.231431
11 3308 0.0547963 0.240356
11 3564 0.0318136 0.243046
11 1926 -0.0200198 0.238889
11 3312 -0.0195308 0.246714
11 3313 -0.0684302 0.255273
11 3314 -0.0170858 0.267499
11 2120 -0.0409243 0.26811
11 3565 -0.332487 -0.376829
6 2990 -0.0574278 -0.2888
11 637 -0.303147 -0.352377
11 2127 -0.090435 -0.332815
6 3597 -0.0623178 -0.259456
11 3597 -0.10266 -0.31692
6 3598 -0.180899 -0.222777
11 3598 -0.234688 -0.2888
11 1669 -0.180491 -0.234189
6 1890 -0.08799 -0.101737
6 3599 -0.147892 -0.0956235
11 3599 -0.194346 -0.149419
6 3600 -0.229798 -0.0944008
11 3600 -0.273808 -0.148197
6 3601 -0.0843225 -0.0528313
11 3601 -0.156449 -0.1235
6 3602 -0.08799 -0.0491634
11 3602 -0.16085 -0.120565
6 3603 -0.163784 -0.0479407
11 3603 -0.218062 -0.105894
11 2316 -0.224908 -0.106627
6 3604 -0.0916575 -0.0442728
11 3604 -0.165007 -0.116408
6 2247 0.183402 -0.0406049
11 2322 -0.0720977 -0.050386
6 3605 -0.0121959 0.00707781
11 3605 -0.0696527 -0.0491634
11 2329 0.0599308 0.02664
11 3539 0.0635983 0.0303078
6 3606 0.132057 0.0877717
11 3606 0.0684882 0.0327531
6 3607 -0.0219757 0.0987754
11 3607 -0.0949174 0.0368286
11 1470 -0.0256432 0.0425342
11 2480 0.0679992 0.0481583
6 3608 -0.108772 0.106111
11 3608 -0.182121 0.0437568
11 3567 0.081202 0.0525598
6 3609 -0.0806551 0.109779
11 3609 -0.156449 0.0462021
11 3505 -0.293571 0.0286777
11 2339 -0.154004 0.0682095
6 3610 0.149172 0.169688
11 3610 0.0958719 0.128852
11 2787 -0.0434915 0.121516
6 2283 0.0929379 0.250382
11 3346 -0.0698972 0.224218
11 1930 -0.0669632 0.256495
11 1680 -0.0405575 0.266765
11 2126 -0.33102 -0.378786
6 3611 -0.198992 -0.239405
11 3611 -0.251803 -0.305428
11 3356 -0.0977699 -0.298092
6 3612 -0.144713 -0.188055
11 3612 -0.198992 -0.25261
6 3613 -0.0948359 -0.139638
11 3613 -0.147892 -0.200566
11 257 -0.178454 -0.199792
6 3614 -0.0948359 -0.129368
11 3614 -0.149114 -0.190989
11 3359 -0.273808 -0.148441
11 2808 -0.113662 -0.0479407
11 3372 0.109955 0.00385008
11 2814 0.0606643 0.0261509
11 3376 -0.171119 0.0217494
11 2815 0.0550408 0.0278626
11 3378 0.0533294 0.0320196
6 3615 0.123745 0.0892388
11 3615 0.0606643 0.0334867
6 2994 0.132546 0.0892388
11 1522 -0.0258877 0.0422897
11 3384 -0.174053 0.0466912
11 364 0.0687621 0.0517382
6 3616 -0.0816331 0.109779
11 3616 -0.156449 0.0466912
11 3387 0.12839 0.0889943
11 3391 -0.0273547 0.0883586
11 2850 -0.154982 0.114181
6 3617 -0.102171 0.19194
11 3617 -0.16085 0.146458
6 3618 0.0459944 0.205145
11 3618 -0.0220736 0.155261
6 2993 0.0415935 0.206612
11 2382 -0.0220736 0.174628
11 3514 -0.113907 0.22275
6 3619 0.107608 0.272634
11 3619 0.0539749 0.23977
11 2794 0.0328503 0.241882
11 448 -0.305143 -0.349677
11 2136 -0.310776 -0.330663
6 3620 -0.0625623 -0.260239
11 3620 -0.103051 -0.316578
11 2827 -0.266766 -0.297211
6 3621 -0.182268 -0.223266
11 3621 -0.235079 -0.288408
6 3622 -0.1453 -0.188055
11 3622 -0.198111 -0.251436
6 3623 -0.0748849 -0.108828
11 3623 -0.129457 -0.170449
11 2117 0.203959 -0.138406
6 3624 -0.0889679 -0.0489677
11 3624 -0.163608 -0.121504
11 2835 -0.0757651 -0.0564992
11 2838 -0.016581 -0.0150234
6 3625 -0.0185527 0.0795556
11 3625 -0.0942491 0.0144136
11 359 -0.0273547 0.0425831
11 779 -0.0220736 0.0443437
11 3424 0.0666496 0.0475128
11 3572 -0.0981219 0.0749781
11 3429 -0.166425 0.0954009
11 3430 0.0941116 0.113007
11 1700 -0.0220736 0.109486
6 3626 -0.0502396 0.172867
11 3626 -0.124176 0.116528
11 2019 -0.0896721 0.142585
6 3627 0.0465813 0.204558
11 3627 -0.0220735 0.155261
6 3628 0.050102 0.206318
11 3628 -0.0178486 0.157374
6 3629 -0.287891 0.252094
11 3629 -0.414638 0.162303
6 3630 0.0976323 0.282024
11 3630 0.0434126 0.24822
11 1965 0.0138383 0.260897
6 3631 -0.0167924 0.304912
11 3631 -0.0801661 0.266178
11 3434 -0.0267209 0.273996
6 3632 -0.250219 -0.25883
11 3632 -0.305143 -0.32855
6 3633 -0.18262 -0.222914
11 3633 -0.235432 -0.288408
6 3634 -0.127696 -0.170097
11 3634 -0.180508 -0.23383
6 806 -0.104459 -0.117279
11 3438 -0.265006 -0.15742
11 722 -0.210082 -0.132068
11 3439 -0.210082 -0.117279
11 2422 0.163823 -0.108828
6 3635 -0.169945 -0.0285448
11 3635 -0.229798 -0.0897548
6 3636 0.193397 0.0327238
11 3636 0.14454 -0.0168488
11 1601 0.0201756 0.0179348
11 2430 0.0793243 0.0221603
6 3637 -0.0178486 0.0792035
11 3637 -0.093897 0.0137094
11 3444 0.0624247 0.0284984
11 2866 -0.0960094 0.024273
11 3447 0.0797469 0.0534285
11 3448 -0.110797 0.0517382
11 3525 -0.021651 0.154839
11 2108 -0.112909 0.225826
11 2059 -0.0748848 0.225826
6 3638 0.111011 0.277798
11 3638 0.0599743 0.246615
11 2875 0.0214431 0.243573
6 3639 -0.173748 -0.253337
11 3639 -0.252331 -0.342071
6 3640 -0.0850246 -0.131645
11 3640 -0.140793 -0.194519
6 3641 -0.209237 -0.0986868
11 3641 -0.254866 -0.154462
6 3642 -0.021651 -0.0631933
11 3642 -0.0926295 -0.13418
6 3643 0.231844 -0.0555875
11 3643 0.184694 -0.109335
6 3644 -0.163608 -0.0479817
11 3644 -0.218532 -0.106715
6 3645 -0.0596752 -0.0251644
11 3645 -0.13471 -0.0971657
11 2882 -0.0373676 -0.0576157
11 3462 0.0569324 0.0255406
6 3646 0.155795 0.0939925
11 3646 0.100736 0.0452143
11 3467 0.0670722 0.0483579
6 3647 0.0518625 0.109204
11 3647 -0.021651 0.0483579
6 3648 0.127911 0.114275
11 3648 0.0630163 0.0579919
6 3649 0.127911 0.132021
11 3649 0.0605828 0.0780712
11 3556 -0.148398 0.12188
6 902 -0.105304 0.192867
6 3650 -0.285285 0.248643
11 3650 -0.412033 0.157374
11 2517 -0.0824897 0.230896
11 2890 -0.2138 -0.133673
6 3651 -0.159045 -0.060658
11 3651 -0.211772 -0.118969
11 3479 -0.125584 0.0519073
11 3480 -0.135724 0.126951
6 3652 -0.0617031 0.237488
11 3652 -0.125584 0.191245
6 3653 -0.019116 0.273996
11 3653 -0.0829967 0.231403
11 2959 0.0605828 0.242356
6 3654 0.0417227 0.283123
11 3654 -0.021651 0.243573
11 2130 -0.201632 -0.112377
6 3655 -0.0854302 -0.0570072
11 3655 -0.156003 -0.127589
6 3656 -0.0927309 -0.0497057
11 3656 -0.165129 -0.121504
6 3657 0.159142 -0.0351026
11 3657 0.111687 -0.0862134
6 3658 -0.107332 -0.0314519
11 3658 -0.187639 -0.108118
11 3580 -0.037976 -0.0570072
11 3581 -0.0416263 -0.0497057
6 3659 0.00217756 0.0269604
11 3659 -0.0562276 -0.0278011
12 116 -0.254859 -0.362565
12 3271 -0.0327744 -0.336075
12 2718 -0.0276807 -0.326905
12 1665 0.427899 -0.326701
6 3660 0.357402 -0.266792
12 3660 0.411395 -0.32283
12 3559 0.408339 -0.320792
6 3661 -0.0612991 -0.258641
12 3661 -0.0327744 -0.298377
6 3662 -0.215129 -0.253547
12 3662 -0.191698 -0.302452
12 12 0.380833 -0.299396
6 3663 -0.18151 -0.222981
12 3663 -0.15706 -0.269849
12 2722 -0.0399056 -0.252528
6 3664 -0.022587 -0.210755
12 3664 0.00593764 -0.25049
12 3272 0.301372 -0.25049
6 3665 0.0283499 -0.189359
12 3665 0.062987 -0.266792
6 3666 -0.144836 -0.187321
12 3666 -0.120386 -0.23317
6 3667 0.0273311 -0.185283
12 3667 0.0619682 -0.263736
12 19 -0.0154559 -0.220943
6 3668 0.00797512 -0.164906
12 3668 0.039556 -0.235208
6 3669 -0.0348119 -0.160831
12 3669 -0.00730596 -0.201585
6 3670 0.00695638 -0.155736
12 3670 0.037926 -0.224
12 2077 -0.0867675 -0.198325
12 2725 0.062987 -0.219925
6 3671 0.058912 -0.14351
12 3671 0.0894742 -0.17917
6 3672 0.0364998 -0.141472
12 3672 0.0697107 -0.208106
6 3673 0.0568745 -0.140453
12 3673 0.0874367 -0.176114
6 3674 -0.0949174 -0.139435
12 3674 -0.0708752 -0.181208
6 3675 0.0568745 -0.135359
12 3675 0.086418 -0.171019
6 3676 -0.0246245 -0.118038
12 3676 0.00186269 -0.158793
6 3677 -0.220222 -0.103774
12 3677 -0.201885 -0.140453
12 3274 -0.143817 -0.138416
12 3585 -0.125887 -0.13108
6 3678 -0.237541 -0.0925669
12 3678 -0.219203 -0.129246
6 3679 0.078268 -0.0895103
12 3679 0.10883 -0.128227
6 3680 0.106793 -0.0864537
12 3680 0.139392 -0.128227
12 3586 -0.10755 -0.121299
12 3276 0.0578933 -0.137397
6 3681 0.103736 -0.0701519
12 3681 0.135317 -0.110906
12 2311 0.0049189 -0.105894
6 3682 0.0334436 -0.0579256
12 3682 0.0624247 -0.104602
12 3277 -0.133629 -0.0935858
12 649 0.264086 -0.0846198
6 3683 0.169954 -0.0324541
12 3683 0.203573 -0.0630199
6 3684 0.163842 -0.0273597
12 3684 0.19746 -0.0589445
12 2730 0.0619682 -0.0609822
12 2731 -0.115292 -0.0487558
6 3685 -0.16521 0.0103381
12 3685 -0.149114 -0.036937
6 3686 0.168936 0.0103381
12 3686 0.200517 -0.0151334
12 2263 0.00695638 -0.0171711
6 3687 -0.114273 0.0429417
12 3687 -0.0965474 -0.0112617
6 3053 -0.11733 0.0470172
6 3013 0.167917 0.0592435
6 3688 0.177086 0.0735076
12 3688 0.210297 0.0422897
6 3689 0.136336 0.0765642
12 3689 0.16588 0.0449794
12 3288 0.188292 0.0459983
12 2738 0.155692 0.0582247
12 3589 -0.0877863 0.0561869
12 3497 0.189514 0.0657643
12 2742 0.158748 0.0765642
12 3591 -0.0643553 0.070451
12 3498 0.15773 0.0806396
12 3294 0.160786 0.0816585
12 849 -0.00119353 0.0765642
6 3690 0.0548371 0.115281
12 3690 0.0803055 0.0786019
6 3691 0.0538183 0.128526
12 3691 0.078268 0.0914396
12 2481 0.0709332 0.0938848
12 80 0.150598 0.106111
6 1834 0.0456684 0.146866
6 3692 -0.09288 0.147884
12 3692 -0.0775989 0.114262
12 2281 0.0487246 0.144828
12 3594 0.171992 0.160111
12 983 0.0680807 0.157054
12 3301 0.0670619 0.179469
6 3693 0.0487246 0.207997
12 3693 0.0711369 0.181507
12 1958 0.00186269 0.186601
12 3302 0.0650245 0.194752
6 3694 -0.0908425 0.222261
12 3694 -0.0786176 0.198828
6 3695 0.10068 0.22328
12 3695 0.124111 0.200865
12 2282 0.0283499 0.206978
12 2288 0.00247397 0.221039
12 2757 0.00797512 0.22328
12 3596 0.062987 0.229393
6 3696 0.0894742 0.251808
12 3696 0.111886 0.23245
6 3697 -0.0511117 0.265054
12 3697 -0.0378681 0.242639
12 3306 0.0110313 0.244676
12 2760 0.00931986 0.252094
12 3308 0.129612 0.25894
12 3564 0.110053 0.262608
12 1802 0.102718 0.262608
12 3312 0.0609495 0.26811
12 3313 0.0110313 0.276057
12 2764 0.0151063 0.287469
12 3314 0.0611533 0.288284
12 2120 0.0364998 0.289506
12 993 0.0489284 0.293174
6 3698 -0.08799 -0.330369
12 3698 -0.0572241 -0.363584
12 3565 -0.256204 -0.359712
12 1438 -0.239578 -0.347486
6 3699 0.132057 -0.275351
12 3699 0.171177 -0.321811
6 903 0.35455 -0.264347
12 1711 -0.231021 -0.31203
12 3597 -0.0329781 -0.298581
6 2175 -0.234688 -0.255789
12 2128 -0.191901 -0.302249
12 1276 -0.188234 -0.29369
6 3700 -0.199236 -0.238672
12 3700 -0.174786 -0.287577
6 3701 0.0464835 -0.210551
12 3701 0.084136 -0.296625
6 3702 0.00980889 -0.161646
12 3702 0.0415935 -0.230602
6 905 -0.0342006 -0.1592
12 3318 0.0650652 -0.188055
12 1937 -0.201681 -0.140861
6 3023 -0.165007 -0.101737
6 3022 -0.085545 -0.0992914
6 3703 -0.237133 -0.0931782
12 3703 -0.219529 -0.129368
12 834 0.10883 -0.128635
6 3704 0.0232562 -0.0662802
12 3704 0.0518624 -0.11587
6 3705 -0.00241596 -0.0626123
12 3705 0.0244787 -0.11274
6 3706 0.035481 -0.0626123
12 3706 0.0645372 -0.108828
12 2770 -0.131999 -0.0931782
6 2310 0.0697107 -0.0540539
12 2247 0.217835 -0.0711708
6 3707 0.166287 -0.0308239
12 3707 0.199294 -0.0613897
12 2489 0.0621313 -0.0618788
6 3708 0.149172 -0.0222654
12 3708 0.181161 -0.0497747
12 2773 -0.150337 -0.063835
6 3709 -0.189456 -0.00392589
12 3709 -0.173564 -0.0552765
6 3710 -0.162562 -0.00392589
12 3710 -0.145447 -0.0528313
12 3325 -0.116107 -0.0491634
12 2523 0.0477059 -0.0357144
6 1247 0.211519 -0.000258011
6 3711 0.169954 0.0168589
12 3711 0.201739 -0.0100391
12 1010 0.200028 0.0261509
12 3327 0.00593764 0.0246022
6 3712 0.0794905 0.0645416
12 3712 0.106793 0.0296965
12 3329 -0.0231982 0.0303078
12 3538 0.188292 0.045224
12 2082 0.15284 0.0462021
6 3713 0.158952 0.0963301
12 3713 0.189759 0.0657643
12 3607 -0.00119353 0.0608737
12 1470 0.0709332 0.0657643
12 2480 0.161886 0.0716329
12 2781 0.078268 0.0682095
6 3714 0.132057 0.113447
12 3714 0.161397 0.0816585
12 1529 -0.00119353 0.0767679
12 3337 0.158952 0.0833702
12 2339 -0.0640293 0.090706
6 3715 0.0538183 0.128119
12 3715 0.078268 0.0936403
12 2785 0.0690994 0.113243
6 3716 0.15773 0.162352
12 3716 0.185358 0.143524
6 3717 0.146727 0.174579
12 3717 0.173622 0.153794
12 3341 0.170688 0.155261
6 3718 -0.0366456 0.188028
12 3718 -0.0195308 0.156239
12 3343 0.0665322 0.177268
12 3344 0.0697107 0.181914
6 2381 -0.0158633 0.213703
12 3506 0.122278 0.203677
12 3345 0.0049189 0.21248
12 2283 0.114943 0.231553
12 2125 0.0635983 0.230086
6 3719 0.0892705 0.251605
12 3719 0.111275 0.232043
12 3346 0.0122538 0.244758
6 3720 0.11372 0.271167
12 3720 0.135725 0.257718
6 3721 0.107608 0.273612
12 3721 0.129612 0.25943
12 2758 0.125212 0.25943
12 3540 0.106141 0.262364
6 3018 0.0892705 0.278503
12 3348 0.121055 0.266276
12 3349 0.0183663 0.285838
6 3043 0.213231 -0.337705
6 3722 -0.215129 -0.254077
12 3722 -0.191657 -0.302493
12 3611 -0.17552 -0.287822
6 3723 -0.181388 -0.223266
12 3723 -0.157916 -0.270216
12 594 -0.140312 -0.25261
6 3724 0.00931986 -0.166047
12 3724 0.0413001 -0.237351
6 3725 0.0562633 -0.130835
12 3725 0.0888304 -0.186294
6 3046 -0.0801661 -0.124967
6 707 -0.194591 -0.111762
6 3033 -0.0640293 -0.108828
6 3726 -0.219529 -0.104426
12 3726 -0.200459 -0.141105
12 3509 -0.0508264 -0.129368
6 3727 0.166287 -0.0310684
12 3727 0.200028 -0.0618788
6 3728 -0.162317 -0.00319231
12 3728 -0.14618 -0.0530758
6 3729 -0.165251 0.0114793
12 3729 -0.148821 -0.0366436
12 2324 -0.0786991 -0.0340027
12 2323 0.00638589 -0.0178639
12 2912 0.0107868 0.0217494
6 3730 0.13548 0.0760344
12 3730 0.16482 0.0437568
12 1517 0.172155 0.0437568
6 3731 -0.0185528 0.0789687
12 3731 0.00345192 0.0378882
12 2814 0.153964 0.0461043
12 3378 0.145749 0.0554941
6 3732 0.157485 0.0921731
12 3732 0.188292 0.0613628
6 3733 0.151617 0.099509
12 3733 0.182131 0.068992
12 3384 -0.084567 0.0686986
12 3511 0.156018 0.0775015
6 3734 0.132546 0.112713
12 3734 0.162766 0.0813162
12 2498 -0.000948978 0.0760344
12 3389 0.155725 0.104204
12 1531 0.0729869 0.107725
12 2850 -0.0713642 0.136188
6 3735 0.0459944 0.184604
12 3735 0.0679992 0.155261
12 3617 -0.0889679 0.165825
12 3396 -0.00446973 0.167585
6 3736 0.104674 0.219816
12 3736 0.129319 0.195755
6 3737 0.138414 0.22275
12 3737 0.168047 0.185191
12 3399 0.00081143 0.220403
6 3738 0.0885369 0.252094
12 3738 0.109955 0.234488
12 2822 0.0624247 0.236248
12 3514 -0.037917 0.243291
12 3619 0.129319 0.259136
6 3739 0.112009 0.277035
12 3739 0.134013 0.263831
12 2349 0.0606643 0.260897
12 3402 0.0905908 0.282024
12 2390 -0.00388295 0.285838
12 2136 -0.231559 -0.311296
12 3620 -0.0332227 -0.299559
12 3404 -0.0273547 -0.279605
12 1772 -0.208674 -0.284887
12 3621 -0.157623 -0.270802
6 3740 -0.164664 -0.205661
12 3740 -0.140019 -0.251436
6 3741 0.0430605 -0.205661
12 3741 0.0793243 -0.288408
12 3622 -0.120655 -0.23383
6 3742 -0.111853 -0.154603
12 3742 -0.0875596 -0.197562
6 3743 0.0324983 -0.126434
12 3743 0.0645372 -0.189111
6 1546 -0.0643226 -0.108828
12 838 0.109075 -0.129368
6 3744 0.0272171 -0.082419
12 3744 0.0560874 -0.13418
6 3745 -0.162904 -0.0472071
12 3745 -0.1453 -0.0859402
12 2559 -0.152048 -0.0692146
6 3746 0.161006 0.00737126
12 3746 0.192693 -0.0190376
12 1569 0.171568 0.0390619
12 3418 0.00961328 0.0337802
6 3747 0.141642 0.0760344
12 3747 0.171568 0.0443437
12 3420 0.145163 0.0513861
6 3748 -0.104811 0.109486
12 3748 -0.0896721 0.0707527
6 3749 -0.0995302 0.109486
12 3749 -0.0836868 0.068992
12 3425 -0.0643226 0.0707527
6 3750 0.1346 0.109486
12 3750 0.164527 0.0760344
6 3751 -0.0942491 0.128852
12 3751 -0.0791098 0.0918798
12 3572 -0.00517384 0.0982179
6 3752 0.0536228 0.141176
12 3752 0.0772119 0.106669
12 3429 -0.0833347 0.117232
12 1079 0.0659454 0.134134
6 3753 0.153964 0.167585
12 3753 0.182131 0.144698
12 2504 0.0483417 0.144698
6 3754 0.0465813 0.18167
12 3754 0.0694662 0.15174
6 3755 -0.0731245 0.204558
12 3755 -0.0600977 0.176388
6 3756 0.0413001 0.206318
12 3756 0.0624247 0.179909
6 3757 0.13284 0.208079
12 3757 0.16171 0.17005
6 3758 0.0448209 0.222164
12 3758 0.0645372 0.197515
6 3759 0.0448209 0.227445
12 3759 0.0645372 0.201741
12 2823 0.111011 0.260897
12 1765 0.00327595 0.277798
12 2507 -0.233319 -0.313761
12 3632 -0.226982 -0.311648
6 3760 0.29902 -0.235591
12 3760 0.348451 -0.288831
6 3761 -0.024186 -0.210238
12 3761 0.00638589 -0.249675
6 3762 -0.0960094 -0.138406
12 3762 -0.0723499 -0.18235
12 3576 -0.0516479 -0.129955
12 706 0.267333 -0.0860106
6 3763 0.121573 -0.0222067
12 3763 0.150444 -0.0454465
6 3764 0.149035 -0.0222067
12 3764 0.18037 -0.0489677
12 2881 -0.150581 -0.0630525
6 3765 0.210297 0.00103313
12 3765 0.246208 -0.0327702
12 3636 0.227196 0.00525857
6 3766 0.134248 0.0770908
12 3766 0.163823 0.0432874
12 3577 0.186215 0.0458227
6 3767 0.130023 0.089767
12 3767 0.159598 0.0559636
12 3445 0.151148 0.0580764
6 3768 0.17861 0.100331
12 3768 0.209029 0.078781
12 3446 0.0750995 0.0665272
6 3769 0.174385 0.110894
12 3769 0.203959 0.088922
6 3770 0.132136 0.113007
12 3770 0.16171 0.0813162
6 3771 0.127911 0.11512
12 3771 0.157485 0.0813162
12 2869 0.0696072 0.0813163
6 3772 -0.100234 0.125683
12 3772 -0.0854472 0.089767
6 3773 0.111011 0.132021
12 3773 0.139881 0.0921731
6 3774 -0.121359 0.14681
12 3774 -0.107839 0.114275
6 3775 0.146923 0.157374
12 3775 0.174385 0.134134
12 3451 0.17861 0.147233
12 839 -0.102769 0.147233
6 3776 0.0455251 0.182726
12 3776 0.0670722 0.154839
6 3777 0.149035 0.195403
12 3777 0.175048 0.177431
6 3778 -0.0917846 0.222868
12 3778 -0.0799547 0.197938
12 2505 0.106786 0.233432
12 2059 0.00623349 0.248643
6 3779 0.096224 0.282024
12 3779 0.117771 0.268925
12 796 0.0924216 0.281601
12 3453 0.0138383 0.286249
12 2101 0.0366528 0.289207
6 3780 -0.183888 -0.222914
12 3780 -0.158538 -0.271084
6 3781 -0.0241859 -0.210238
12 3781 0.00609253 -0.249675
6 3782 -0.112909 -0.154462
12 3782 -0.0890805 -0.197562
12 3644 -0.144596 -0.0855881
12 3459 -0.0976994 -0.00995293
12 2883 0.17354 0.0356817
6 3783 -0.135724 0.0711752
12 3783 -0.120514 0.0179349
6 3784 0.15326 0.0711752
12 3784 0.18368 0.0382169
12 3460 0.1634 0.0432874
6 3785 -0.0368606 0.0838515
12 3785 -0.016581 0.0432874
12 3463 0.140586 0.0508932
12 3464 0.160865 0.0559637
6 2452 0.0493275 0.104134
6 3786 0.110166 0.132021
12 3786 0.138473 0.0939925
6 3787 0.122841 0.132021
12 3787 0.150725 0.101598
12 1771 0.17354 0.134557
6 1222 0.0391878 0.167515
12 2898 -0.0586612 0.179684
6 3788 -0.0926295 0.223291
12 3788 -0.0799547 0.197938
6 3789 0.0442577 0.225826
12 3789 0.0645372 0.200473
6 3790 -0.113416 -0.154969
12 3790 -0.0890805 -0.199387
6 3791 -0.0829967 -0.124546
12 3791 -0.0586612 -0.167139
6 3792 0.078226 -0.0941234
12 3792 0.108645 -0.133673
6 3793 -0.168171 -0.0241503
12 3793 -0.150933 -0.0682638
12 2512 0.0204292 -0.0302349
6 3794 0.0173873 0.0245266
12 3794 0.0417227 -0.0089388
6 3795 0.142107 0.0671189
12 3795 0.172526 0.0366958
6 3796 -0.016074 0.0762458
12 3796 0.00521947 0.0366958
6 3797 0.126897 0.0762458
12 3797 0.157316 0.0427804
12 2895 0.1634 0.0427804
6 2449 0.139065 0.0762458
6 3798 0.129939 0.088415
12 3798 0.160358 0.0549496
6 3799 0.148191 0.0914573
12 3799 0.17861 0.0610342
6 3800 0.154274 0.0944996
12 3800 0.184694 0.0640765
6 3801 0.160358 0.155346
12 3801 0.187736 0.137092
6 3802 0.145149 0.170557
12 3802 0.172526 0.152303
6 3803 -0.0221579 0.1736
12 3803 -0.00390633 0.140134
6 3804 0.139065 0.182726
12 3804 0.166442 0.16143
12 3481 -0.00147277 0.16569
6 3805 -0.101248 0.207065
12 3805 -0.0890805 0.183943
12 3652 -0.048927 0.209499
6 3806 -0.0890805 0.24053
12 3806 -0.0781296 0.2168
6 3078 -0.00999022 0.267911
12 3653 -0.00390633 0.2527
12 2899 0.0843098 0.28008
12 1230 0.0496318 0.293466
12 2130 -0.131668 -0.0910811
12 3483 0.243099 -0.0898641
12 3657 0.190778 -0.0576157
6 3807 -0.118283 -0.0241503
12 3807 -0.0982064 -0.0667426
6 3808 0.166442 0.0123573
12 3808 0.199295 -0.0204996
12 3582 0.00947823 0.0269604
6 3809 -0.016074 0.0780712
12 3809 0.00582789 0.0379127
6 3810 0.122638 0.0890235
12 3810 0.151841 0.0561666
6 3811 0.0423312 0.278863
12 3811 0.0605828 0.26061
12 1285 0.0131286 0.282514
13 116 -0.218185 -0.335056
13 1376 -0.202904 -0.320792
13 3583 0.00288143 -0.296339
13 1763 -0.171323 -0.294302
6 3812 0.331934 -0.247434
13 3812 0.430344 -0.286354
13 2725 0.146727 -0.195879
6 3813 -0.0246245 -0.120076
13 3813 0.0456684 -0.142491
6 1885 0.14143 -0.118038
6 758 -0.194754 -0.110906
6 3814 -0.158079 -0.0762651
13 3814 -0.0989924 -0.0931782
13 776 0.283034 -0.077284
13 1273 0.304428 -0.0721897
13 2256 0.191348 -0.0365295
6 3815 0.137355 -0.0151334
13 3815 0.200517 -0.0314352
6 3816 0.14143 -0.0141145
13 3816 0.203573 -0.0304163
13 2522 -0.183548 -0.0212466
6 3817 0.160786 0.00830042
13 3817 0.231079 -0.0100391
6 3094 0.204592 0.0103381
6 3818 -0.132611 0.0694321
13 3818 -0.0297182 0.0388663
13 2745 -0.0439805 0.0623001
6 3819 0.0955866 0.0949037
13 3819 0.195423 0.0684133
13 2740 0.223948 0.0796207
6 3820 0.0527996 0.106111
13 3820 0.148561 0.0806396
13 2742 0.22191 0.0857339
6 3821 0.13328 0.110187
13 3821 0.225985 0.0857339
13 3592 -0.0246245 0.092866
6 1416 0.0578933 0.111205
6 3822 0.103736 0.111205
13 3822 0.206629 0.0836962
6 3823 0.107811 0.113243
13 3823 0.209685 0.0857339
6 3824 0.0650245 0.122413
13 3824 0.165065 0.0963301
13 2280 0.00247397 0.109779
13 2751 -0.0342006 0.136677
13 1179 0.136336 0.143809
6 3825 -0.212072 0.166224
13 3825 -0.100215 0.136677
13 2281 0.115961 0.156035
13 3301 0.131242 0.189658
13 3694 -0.0258877 0.213948
13 2755 0.180142 0.211054
13 3697 0.0210557 0.256495
13 2388 0.0220338 0.261386
13 3308 0.180142 0.264035
13 1802 0.158748 0.269129
13 3313 0.0721556 0.287469
13 3315 0.112905 0.297657
13 1968 -0.189456 -0.305917
13 2127 0.00369647 -0.297358
13 593 -0.171119 -0.294913
13 2175 -0.171119 -0.280486
13 3700 -0.135667 -0.263124
13 3598 -0.11733 -0.246007
13 1669 -0.0612991 -0.193434
6 2484 0.124723 -0.102959
13 3600 -0.178454 -0.10785
13 3504 -0.183344 -0.104182
6 3826 0.222521 -0.0491634
13 3826 0.30076 -0.0723934
13 3708 0.211764 -0.0384042
13 3710 -0.0782101 -0.0296012
6 3827 0.169954 0.00585516
13 3827 0.239229 -0.0120768
6 2258 0.199294 0.0156362
6 3828 -0.111217 0.04987
13 3828 -0.0121959 0.0205268
13 47 0.251372 0.0378882
13 3538 0.243304 0.0535379
6 3140 0.132057 0.0902169
6 3829 -0.150337 0.0926622
13 3829 -0.0439805 0.0620963
6 3143 0.102718 0.099998
13 3567 0.232098 0.0836962
13 3335 -0.0256432 0.0914396
13 3338 0.160175 0.0914396
6 3830 -0.0953249 0.128119
13 3830 -0.0156188 0.109779
6 3831 -0.189456 0.140345
13 3831 -0.0806551 0.111002
13 2785 0.139392 0.122005
13 2340 -0.000948978 0.133254
13 2787 0.116165 0.156239
13 3342 -0.12222 0.164798
13 2820 0.00125147 0.191696
13 3506 0.180957 0.210035
6 2790 -0.0623178 0.234488
13 3719 0.168732 0.239378
6 3832 -0.288478 0.252827
13 3832 -0.176009 0.228375
13 2759 0.158952 0.268722
13 3352 0.11861 0.295619
13 2798 -0.232732 -0.349442
13 2799 -0.19107 -0.302493
6 3833 0.330589 -0.248208
13 3833 0.430344 -0.286648
13 3611 -0.135911 -0.26288
6 3834 0.255773 -0.199792
13 3834 0.354648 -0.237351
6 2676 -0.0977699 -0.0618788
13 404 0.28658 -0.0794847
13 3545 0.299783 -0.0721489
6 2641 -0.163784 -0.0472071
13 2832 0.220859 -0.0489677
13 2398 0.203255 -0.0454465
6 3835 0.139881 -0.0149296
13 3835 0.202962 -0.0308239
13 2835 0.0518624 -0.0225588
13 3368 0.0944049 -0.0222654
6 3183 0.180957 0.00267632
13 2912 0.0746006 0.0376437
6 1206 0.156018 0.0686986
13 3512 0.157485 0.0918797
6 3836 -0.0948359 0.127385
13 3836 -0.0167924 0.109486
13 1531 0.139881 0.120049
13 2379 -0.000948978 0.132373
13 1992 0.0635983 0.133254
13 3392 0.132546 0.144991
13 313 0.11641 0.156728
6 1481 0.0459944 0.18167
13 2794 0.166287 0.266765
13 3402 0.147216 0.287306
6 3837 0.213817 -0.337705
13 3837 0.284233 -0.364114
6 3838 -0.233319 -0.269042
13 3838 -0.171706 -0.29369
6 909 0.354648 -0.26376
6 3839 -0.0238339 -0.210942
13 3839 0.0401265 -0.232069
6 3840 0.00433218 -0.184533
13 3840 0.0843098 -0.212773
13 3744 0.123093 -0.114982
13 2836 0.00876839 -0.030235
6 3841 0.0800285 0.0654709
13 3841 0.168047 0.0408225
13 2841 0.241983 0.0454001
6 3842 0.0976323 0.0954009
13 3842 0.196214 0.068992
13 3518 0.232301 0.0833702
13 3550 0.206776 0.0830768
13 1079 0.130023 0.14681
13 2823 0.168047 0.266178
6 3843 0.0430605 0.280263
13 3843 0.122278 0.2697
13 3630 0.173329 0.27146
13 1036 0.120517 0.274981
6 3844 0.0342586 0.306672
13 3844 0.108899 0.298926
6 913 -0.197407 -0.110941
13 3440 0.216634 -0.0479817
13 3763 0.182835 -0.0369957
13 2880 0.198889 -0.030235
6 3845 -0.307255 0.0073713
13 3845 -0.288243 0.0115967
13 1569 0.227196 0.0475128
13 2430 0.227196 0.053851
6 3846 0.102561 0.110894
13 3846 0.206072 0.0834289
13 2869 0.138473 0.0939925
13 2871 0.132136 0.12357
6 3221 -0.214307 0.167937
6 3847 -0.239656 0.24822
13 3847 -0.120514 0.220755
6 3848 0.100449 0.275686
13 3848 0.176497 0.265122
13 2875 0.157485 0.269348
6 3849 -0.282751 -0.296437
13 3849 -0.221912 -0.321789
6 3850 0.323102 -0.245732
13 3850 0.42788 -0.286296
6 3851 0.214099 -0.0555875
13 3851 0.290148 -0.0784048
6 3248 0.150725 -0.0226292
13 2892 0.199903 -0.0302349
13 3463 0.203959 0.0601891
13 3464 0.220859 0.0644145
6 2453 -0.016581 0.101598
13 2541 0.138051 0.0939925
13 1740 0.0630163 0.179684
13 3472 0.120813 0.270953
6 3852 0.0620023 0.299348
13 3852 0.138051 0.289207
13 3793 -0.102769 -0.0429112
13 3477 0.0599743 0.0640765
13 3531 0.196861 0.0701611
6 3853 0.0903937 0.249657
13 3853 0.169484 0.237488
13 2959 0.184694 0.264869
6 3854 0.13724 -0.0314519
13 3854 0.199903 -0.0484888
6 2114 0.0167789 0.0269604
6 3079 -0.037976 0.0780712
13 3489 0.205987 0.0792881
14 3503 0.326188 -0.355311
14 3604 0.0234711 0.0366958
6 2712 -0.088968 -0.0486743
6 3855 -0.0919019 -0.0442728
14 3855 0.0240795 0.034262
6 3856 0.178023 0.0833702
14 3856 0.335284 0.0725132
6 3857 0.13284 -0.276084
14 3857 0.216634 -0.164603
6 3858 0.132136 -0.275732
14 3858 0.217547 -0.170181
6 3859 0.182835 0.0411747
14 3859 0.328172 0.0483579
6 1874 -0.19107 0.140472
14 3644 -0.0220735 -0.0391084
6 3860 -0.165129 -0.0484888
14 3860 -0.0241859 -0.0378407
6 3268 0.0678834 -0.0351026
14 2903 0.213896 0.300768
7 1495 -0.291534 -0.254566
7 3861 0.283034 -0.245396
8 3861 0.253491 -0.258641
7 3862 0.139392 -0.153699
8 3862 0.111886 -0.161849
7 3863 0.0884554 -0.109888
8 3863 0.062987 -0.11702
7 3864 -0.0307369 -0.0609822
8 3864 -0.0623178 -0.0681142
7 3865 0.174029 -0.0558879
8 3865 0.161805 -0.0609822
7 3866 -0.167248 -0.0100391
8 3866 -0.19781 -0.01819
7 3867 0.152636 0.0714699
8 3867 0.142449 0.0694321
8 3287 -0.115292 0.0653567
7 3868 -0.0643553 0.0765642
8 3868 -0.09288 0.070451
7 3869 0.0334436 0.0816585
8 3869 0.00390016 0.0765642
7 3870 0.0925304 0.0847151
8 3870 0.0690994 0.0816585
8 3288 0.085603 0.0828811
7 3871 0.0762306 0.0898094
8 3871 0.0507621 0.0867528
8 2274 0.0477059 0.0877716
8 2924 0.0507621 0.0918471
8 2745 -0.265047 0.0877716
8 2740 0.0538183 0.109168
8 3293 0.0709332 0.109779
8 2742 0.0477059 0.114262
7 3872 0.0813243 0.121394
8 3872 0.0538183 0.118337
7 3499 0.0772493 0.124451
7 3873 0.137355 0.132602
8 3873 0.129612 0.131786
7 3874 0.0752118 0.139734
8 3874 0.0513734 0.136677
8 80 0.0507621 0.140752
7 3875 0.0701181 0.162149
8 3875 0.0477059 0.159092
7 3876 0.123093 0.169281
8 3876 0.114943 0.169933
7 3877 0.0660432 0.179469
8 3877 0.0446497 0.177431
7 3878 0.0792868 0.195771
8 3878 0.0609495 0.193733
8 97 0.0892705 0.21248
8 2757 -0.0745427 0.249771
7 3879 -0.0551866 0.282374
8 3879 -0.0735239 0.278299
7 3880 0.0650245 0.283393
8 3880 0.0525959 0.283393
7 3881 0.0690994 0.283393
8 3881 0.0562633 0.283393
7 3882 0.0446497 0.28645
8 3882 0.0303874 0.285431
8 3311 0.0513734 0.288284
7 3883 0.0426122 0.300714
8 3883 0.0293686 0.300714
7 3884 -0.0429618 0.302751
8 3884 -0.0582429 0.299695
7 3885 -0.0562054 0.309884
8 3885 -0.0725052 0.305808
8 2294 -0.0572241 0.306827
8 2762 -0.0531492 0.306827
8 3314 -0.0113809 0.309884
7 3886 -0.0205496 0.320072
8 3886 -0.0368494 0.318034
7 3887 0.10394 -0.123744
8 3887 0.078268 -0.131284
7 3888 -0.249358 -0.0992914
8 3888 -0.246709 -0.103774
8 3359 -0.251803 -0.0956235
8 2932 -0.194346 -0.077284
7 3889 0.173622 -0.0564992
8 3889 0.161397 -0.0613897
8 3321 0.158952 -0.0528313
7 3890 0.114943 -0.0283786
8 3890 0.110868 -0.0324541
7 3891 0.0733781 -0.0173749
8 3891 0.0733781 -0.0210428
7 3892 0.0281462 0.0718774
8 3892 0.00186269 0.0673944
7 3893 -0.204126 0.0792132
8 3893 -0.246913 0.0694322
8 2779 0.00369647 0.0767679
7 3894 0.088048 0.0841038
8 3894 0.0660432 0.0804359
8 3330 0.0697107 0.0804359
7 3895 0.0770456 0.0951075
8 3895 0.0513734 0.0914396
7 3896 0.0746006 0.0987754
8 3896 0.0489284 0.0951075
7 3897 0.14306 0.101221
8 3897 0.134013 0.099509
7 3898 0.110053 0.106111
8 3898 0.085603 0.10391
7 3899 -0.00363846 0.111002
8 3899 -0.0366456 0.106111
8 1529 -0.109995 0.11467
7 3900 -0.277475 0.141568
8 3900 -0.324134 0.130564
7 3901 0.0733781 0.16113
8 3901 0.0477059 0.158684
7 3902 0.0648208 0.163575
8 3902 0.042816 0.16113
7 3903 0.107608 0.178247
8 3903 0.0944049 0.177268
7 3904 0.106385 0.183137
8 3904 0.0929379 0.183137
8 3345 -0.0794326 0.239378
7 3905 -0.0537604 0.25405
8 3905 -0.0745426 0.249159
8 1964 -0.0708752 0.269944
7 3906 0.0440385 0.285838
8 3906 0.0293686 0.284616
7 3907 0.042816 0.30051
8 3907 0.0293686 0.30051
8 2795 -0.0659852 0.299287
8 2761 0.0159213 0.304178
8 3350 -0.0574278 0.306623
8 3352 -0.0134184 0.310291
8 995 -0.0623178 0.312736
8 3353 -0.0195308 0.313959
8 2917 0.273377 -0.277551
8 2352 -0.292879 -0.257011
7 3908 0.289514 -0.246741
8 3908 0.259196 -0.259456
8 2942 0.222032 -0.243807
7 1772 -0.270874 -0.230602
7 2538 -0.20486 -0.0428057
7 3909 -0.200459 -0.0428057
8 3909 -0.209261 -0.0486743
7 3910 0.0914709 -0.0163968
8 3910 0.0900039 -0.0193311
7 2835 -0.0625623 0.00267632
8 2323 -0.0801661 0.0188151
7 3911 0.0313246 0.0775015
8 3911 0.00247397 0.0731
7 3912 0.0327916 0.081903
8 3912 0.00345192 0.0775015
8 1517 0.0694662 0.0804359
7 3913 0.0679992 0.0863045
8 3913 0.0430605 0.0833702
8 3375 0.0518624 0.0848373
7 3914 0.0357256 0.0892388
8 3914 0.00345192 0.0848373
8 3378 0.0415935 0.0921731
7 3915 -0.182855 0.106845
8 3915 -0.195548 0.100584
7 3916 -0.0757651 0.108312
8 3916 -0.105105 0.102443
7 3917 0.000517945 0.125918
8 3917 -0.0396773 0.120049
8 2499 -0.103638 0.134721
8 3389 0.0503954 0.139122
7 3918 -0.263539 0.144991
8 3918 -0.311949 0.133254
7 3919 -0.0742982 0.158195
8 3919 -0.100704 0.152327
7 3920 0.112009 0.159663
8 3920 0.0976323 0.158782
7 3921 0.0738672 0.16113
8 3921 0.0518624 0.158782
7 3922 0.125212 0.162597
8 3922 0.115236 0.162303
7 3923 0.122278 0.168466
8 3923 0.111715 0.167585
7 3924 0.107608 0.18167
8 3924 0.0941115 0.18167
7 3925 -0.116841 0.209546
8 3925 -0.132977 0.203677
7 3926 -0.115374 0.213948
8 3926 -0.131999 0.20759
7 3927 -0.0508264 0.278503
8 3927 -0.0696527 0.274835
8 2939 -0.0742982 0.277035
8 2291 0.0342586 0.285838
7 3928 -0.000948978 0.287306
8 3928 -0.0185528 0.284371
8 2389 -0.0669632 0.299043
8 2390 -0.0720977 0.305401
7 3929 -0.0493594 0.315182
8 3929 -0.0640293 0.312247
8 2029 -0.275568 -0.267281
7 3930 0.104674 -0.124673
8 3930 0.0782681 -0.131716
7 3509 -0.115374 -0.0841796
7 3931 -0.19283 -0.0718554
8 3931 -0.194591 -0.0771372
7 3932 -0.169945 -0.00847408
8 3932 -0.200459 -0.0163968
8 3371 -0.0136237 0.0369493
7 3933 -0.140019 0.0672314
8 3933 -0.161144 0.0601891
7 3934 -0.104811 0.086598
8 3934 -0.129457 0.0795556
7 3935 -0.23684 0.0883586
8 3935 -0.278209 0.0789687
7 3936 0.0765077 0.0883586
8 3936 0.0518624 0.0848374
7 3937 -0.0731245 0.0918797
8 3937 -0.104811 0.0848374
7 3517 0.0659454 0.0971615
7 3938 -0.222757 0.102443
8 3938 -0.268527 0.0918797
7 3939 -0.157623 0.111246
8 3939 -0.17552 0.10391
7 692 0.0941115 0.114767
8 3428 -0.289651 0.113007
7 3940 -0.131217 0.172867
8 3940 -0.150581 0.165825
8 2950 -0.0963029 0.174334
7 3941 -0.117134 0.209839
8 3941 -0.132977 0.204558
7 3942 -0.316057 0.250333
8 3942 -0.373563 0.235955
7 3943 -0.0555207 0.280263
8 3943 -0.0748849 0.276742
8 2938 0.0476375 0.290475
7 3944 -0.0467188 0.304912
8 3944 -0.0625623 0.30139
7 3945 -0.0572811 0.310193
8 3945 -0.0713642 0.306672
7 3946 0.29057 -0.248267
8 3946 0.260996 -0.260943
7 3947 0.119461 0.0644145
8 3947 0.0974916 0.0610342
7 3948 -0.104459 0.0855416
8 3948 -0.131921 0.0792035
7 3949 -0.108684 0.104556
8 3949 -0.134034 0.0982179
7 3950 0.104674 0.110894
8 3950 0.0822819 0.109204
8 3426 0.0413002 0.11512
8 3449 -0.290355 0.113007
7 1790 0.117349 0.12357
7 3951 0.072987 0.140472
8 3951 0.0493275 0.137092
7 3952 0.130023 0.144698
8 3952 0.119461 0.144698
7 3953 -0.00306138 0.148923
8 3953 -0.0326358 0.144698
8 2871 -0.0389731 0.14681
7 3954 -0.144596 0.153148
8 3954 -0.16572 0.14681
7 856 -0.0748849 0.159487
8 3430 0.0898867 0.16498
7 3955 0.119461 0.17005
8 3955 0.111687 0.170557
7 3956 -0.125584 0.176388
8 3956 -0.1453 0.169346
7 3957 0.106786 0.180614
8 3957 0.0924216 0.180191
7 3958 -0.104459 0.241882
8 3958 -0.118894 0.236248
7 3959 0.0941116 0.241882
8 3959 0.0835493 0.241882
8 1215 -0.019961 0.288362
7 3960 -0.047423 0.305264
8 3960 -0.0643226 0.301038
8 265 0.176075 -0.0530523
8 2528 -0.0368606 0.000188114
8 3443 0.111687 0.0579919
7 3961 -0.0748848 0.088922
8 3961 -0.105304 0.0838515
8 3422 0.132981 0.0944996
7 3962 -0.112909 0.104134
8 3962 -0.143328 0.0965278
7 3963 0.105096 0.104134
8 3963 0.0812679 0.100584
7 2541 -0.0089762 0.124416
7 1784 -0.161073 0.154839
7 3964 -0.100234 0.177656
8 3964 -0.121359 0.172163
8 3480 -0.134034 0.178501
8 2958 -0.119246 0.235544
7 3526 -0.0596752 0.246108
7 3965 -0.31824 0.251178
8 3965 -0.371474 0.235967
7 3966 -0.201632 -0.0424042
8 3966 -0.210758 -0.0484888
7 3967 -0.067787 0.000188114
8 3967 -0.0860386 -0.00589648
7 3968 0.0843098 0.0823304
8 3968 0.0630163 0.0792881
7 3969 -0.0738709 0.088415
8 3969 -0.10429 0.0823304
7 3970 0.0691001 0.088415
8 3970 0.0447647 0.0853727
7 1300 0.126897 0.146219
7 3971 -0.159045 0.164473
8 3971 -0.171213 0.158388
7 3972 -0.125584 0.179684
8 3972 -0.143835 0.1736
8 3481 -0.0926295 0.195403
7 3973 -0.317226 0.249657
8 3973 -0.371981 0.234446
8 3482 -0.0586612 0.304419
7 3974 -0.0525773 0.316588
8 3974 -0.064745 0.313546
7 2855 -0.264296 -0.0898641
7 3975 0.202945 -0.0825626
8 3975 0.191285 -0.0885458
7 3976 -0.158437 0.0744204
8 3976 -0.180339 0.0671189
8 3487 0.0642331 0.0780712
8 3490 0.0350305 0.114579
7 3977 0.0788344 0.11823
8 3977 0.0496318 0.114579
7 3978 0.118988 0.16934
8 3978 0.111687 0.16934
7 3979 0.0423312 0.289816
8 3979 0.0277298 0.289816
7 3980 0.15773 -0.168982
9 3980 0.086418 -0.175095
9 3863 0.0202 -0.113963
9 3864 -0.10755 -0.0650576
9 3287 -0.159098 0.0684133
9 3869 -0.0409243 0.0806396
9 2274 0.00390016 0.0908282
9 3293 0.0273311 0.114262
9 3872 0.0110313 0.122005
9 3874 0.0085864 0.140345
9 1913 -0.147892 0.138715
9 80 0.00695638 0.144828
7 3981 0.0701181 0.147884
9 3981 0.00288143 0.148903
9 1916 -0.144836 0.156035
9 1917 -0.143817 0.159092
9 3875 0.0049189 0.163167
9 3876 0.0768011 0.174334
9 3877 0.00186269 0.181507
9 1423 -0.138723 0.179469
9 2281 -0.0949174 0.181507
9 3878 0.0181625 0.198828
9 1958 -0.128536 0.219205
9 3306 -0.10918 0.273204
7 3982 -0.0898237 0.275242
9 3982 -0.139742 0.273204
9 3879 -0.115292 0.282374
7 1802 0.0415935 0.28645
9 3882 -0.0103622 0.289506
7 3983 0.0477059 0.287469
9 3983 -0.00730596 0.290729
9 3311 0.0110313 0.293174
9 3312 -0.0592616 0.294601
9 3883 -0.0103622 0.304789
9 3313 -0.103882 0.302955
9 2079 -0.106124 0.30377
7 3984 0.0293686 0.305808
9 3984 -0.0246245 0.308865
9 2762 -0.0938987 0.310902
9 2120 -0.0775989 0.313959
7 3985 -0.00424974 0.317016
9 3985 -0.0633366 0.319053
7 3986 0.088048 -0.110295
9 3986 0.0208113 -0.113963
9 1273 0.12839 -0.0418276
9 3891 0.0386595 -0.0178639
9 3285 -0.500375 0.0327531
7 3987 0.13328 0.0523153
9 3987 0.0672657 0.0523153
9 3894 0.0232562 0.0841038
7 3988 0.080713 0.0963301
9 3988 0.0110313 0.0963301
9 3896 0.0049189 0.0987754
9 3897 0.0944049 0.10391
7 3989 0.11861 0.108556
9 3989 0.0538183 0.111002
7 3990 0.0941604 0.113447
9 3990 0.0283907 0.114181
7 3991 0.0758231 0.118337
9 3991 0.0085864 0.118337
9 1529 -0.154004 0.118337
9 1916 -0.144224 0.156239
9 3901 0.0049189 0.162352
7 2347 -0.0610953 0.251605
9 3307 0.0272171 0.285545
9 3400 -0.114885 0.280948
7 3992 0.0477059 0.287061
9 3992 -0.00681692 0.29024
9 3348 0.0107868 0.293174
9 3907 -0.0109734 0.304178
9 2795 -0.10755 0.302955
9 2761 -0.0256432 0.309068
9 3349 -0.0941024 0.310291
7 3993 -0.0586503 0.310291
9 3993 -0.112236 0.309884
9 3352 -0.0537604 0.313959
9 995 -0.10266 0.316404
9 3353 -0.0635403 0.31885
9 2351 -0.0782101 0.321295
9 3911 -0.0414377 0.0760344
7 3994 0.144282 0.0965746
9 3994 0.0958719 0.0989221
9 3383 -0.0831001 0.109779
7 3995 0.103207 0.111246
9 3995 0.0377794 0.113007
7 3996 -0.00241596 0.118582
9 3996 -0.084567 0.117115
9 2498 -0.147892 0.118337
9 3917 -0.084567 0.122984
7 3997 0.0753341 0.139122
9 3997 0.00785287 0.140589
9 3390 -0.377964 0.131786
9 2529 -0.165251 0.174334
9 3924 0.0536228 0.185191
7 3998 0.100273 0.21248
9 3998 0.050102 0.216882
9 1705 -0.121242 0.243291
9 3927 -0.111217 0.278503
9 2939 -0.115374 0.27997
9 2291 -0.00623014 0.290827
7 3999 0.0621313 0.288773
9 3999 0.00961328 0.294348
9 2390 -0.11244 0.309068
7 2826 -0.0420245 0.309313
9 1493 -0.0786991 0.313714
9 3929 -0.103638 0.315182
9 1066 -0.0625623 0.318116
9 2933 0.128145 -0.0413385
7 2841 0.104674 0.077795
9 2913 0.0239897 0.0833702
7 4000 0.0923511 0.0848374
9 4000 0.0236964 0.0848374
9 3935 -0.329553 0.0804359
9 3936 0.00609253 0.0883586
7 4001 -0.219236 0.0971615
9 4001 -0.31635 0.0892388
9 3517 -0.00270939 0.0971615
9 3423 0.00433218 0.0989221
7 4002 -0.0713642 0.107725
9 4002 -0.148821 0.104204
9 779 -0.0836868 0.109486
9 2437 -0.176987 0.116528
9 3387 0.0914709 0.139122
9 2950 -0.138845 0.177268
7 4003 -0.0907283 0.273221
9 4003 -0.14354 0.27146
9 2938 0.00750088 0.2947
9 1965 -0.0238339 0.308433
9 3945 -0.111853 0.310193
9 2417 -0.0784057 0.313715
7 4004 0.00609253 0.311954
9 4004 -0.0484792 0.313715
7 4005 -0.0502396 0.315475
9 4005 -0.104811 0.315475
7 4006 0.146923 0.0770908
9 4006 0.0995195 0.0792881
7 4007 0.0624247 0.0918798
9 4007 -0.00517384 0.0918798
9 3444 0.00538841 0.0918798
9 2870 -0.178395 0.117232
9 3951 0.00623349 0.142162
9 3952 0.0814368 0.148923
9 3958 -0.159383 0.23977
7 4008 0.0856617 0.27146
9 4008 0.0370752 0.277798
9 2059 -0.112909 0.275686
9 796 -0.0220735 0.307376
9 3960 -0.104459 0.305264
9 3453 -0.0981219 0.309489
9 1275 -0.110797 0.311602
9 1721 -0.0643226 0.320053
7 3554 0.0341179 -0.0378407
7 4009 0.15326 0.0407522
9 4009 0.100736 0.0415635
7 4010 0.105096 0.078781
9 4010 0.0391878 0.078781
9 3460 0.0214431 0.0838515
9 3961 -0.150933 0.0863868
9 2432 0.00369852 0.0914573
9 3445 0.00116355 0.099063
9 3962 -0.188957 0.099063
9 3963 0.0386808 0.106669
9 1628 -0.145863 0.157374
7 4011 -0.0723499 0.180191
9 4011 -0.140793 0.177656
7 870 -0.0596752 0.281601
7 4012 -0.0419306 0.309489
9 4012 -0.0976994 0.309489
9 3968 0.0204292 0.0823304
9 3969 -0.149919 0.0853727
7 4013 0.075184 0.0914573
9 4013 0.00217756 0.0914573
7 4014 -0.311142 0.246615
9 4014 -0.41761 0.231403
7 4015 0.0417227 0.292249
9 4015 -0.0130321 0.295292
7 2889 0.00521947 0.310503
7 4016 0.148191 -0.00589648
9 4016 0.0898867 -0.00741765
9 3487 0.0204292 0.0817219
9 3490 -0.00877338 0.11823
9 3978 0.0715337 0.172991
9 3493 -0.42126 0.231403
9 3494 -0.0343256 0.308069
7 1435 -0.328208 -0.315698
10 2765 -0.366717 -0.354822
10 943 -0.336358 -0.343207
7 4017 -0.276253 -0.261698
10 4017 -0.32719 -0.327924
10 2905 0.229041 -0.34015
10 1495 -0.34349 -0.320792
7 4018 -0.248747 -0.238264
10 4018 -0.300703 -0.30449
7 4019 -0.235503 -0.23317
10 4019 -0.287459 -0.298377
7 4020 -0.218185 -0.216868
10 4020 -0.27014 -0.282075
10 3980 0.0915116 -0.243358
10 598 -0.220222 -0.198529
7 4021 -0.0348119 -0.129246
10 4021 -0.123442 -0.21911
7 4022 0.0191812 -0.12517
10 4022 -0.0297182 -0.184264
7 548 -0.144836 -0.112944
7 4023 -0.128536 -0.0966423
10 4023 -0.185585 -0.160831
10 3275 -0.30274 -0.142491
7 4024 0.20561 -0.084416
10 4024 0.151617 -0.145507
7 4025 -0.0399056 -0.0793217
10 4025 -0.11733 -0.157774
7 4026 0.209685 -0.077284
10 4026 0.155692 -0.138416
7 4027 0.184217 -0.0681142
10 4027 0.130835 -0.128635
7 4028 -0.11733 -0.0569067
10 4028 -0.182529 -0.127208
7 4029 -0.215129 0.00116839
10 4029 -0.287459 -0.0732085
10 2909 -0.341045 -0.0662802
7 2322 -0.0572241 0.0103381
10 2778 -0.0399056 0.00320611
7 4030 -0.185585 0.0694321
10 4030 -0.069449 0.130564
7 4031 0.0925304 0.0806396
10 4031 0.0283499 0.0174702
10 3870 0.0273311 0.0215456
10 3288 0.0440385 0.0229721
10 3871 0.0100126 0.0256211
7 4032 0.0813243 0.0969414
10 4032 0.0140875 0.0327531
7 4033 0.10883 0.101017
10 4033 0.042816 0.0388663
7 4034 -0.171323 0.104073
10 4034 -0.233466 0.040904
7 4035 0.137355 0.118337
10 4035 0.084136 0.0657643
7 1417 -0.0979736 0.121394
10 80 0.00797512 0.0816585
7 4036 0.0772493 0.143809
10 4036 0.0110313 0.0826773
10 2750 -0.19781 0.0898094
10 3299 -0.196791 0.112224
10 1423 -0.140557 0.117115
7 3562 -0.0867675 0.194752
10 3878 0.0171438 0.139122
10 1424 -0.136686 0.137696
10 3301 -0.0708752 0.152571
10 1958 -0.130777 0.158684
10 2288 -0.126498 0.193733
10 2757 -0.120386 0.195771
7 4037 -0.00119353 0.259959
10 4037 -0.0672077 0.201477
10 3982 -0.149929 0.221243
10 3880 0.0073639 0.233265
10 3881 0.0122538 0.233021
7 4038 -0.00119353 0.287469
10 4038 -0.0647628 0.232043
10 3983 -0.0121959 0.23571
10 3884 -0.105105 0.247937
10 2294 -0.103882 0.256495
10 1432 -0.0877863 0.259959
10 780 -0.369162 -0.353599
7 1666 -0.306815 -0.274128
7 638 -0.295813 -0.274128
10 1968 -0.339822 -0.341373
7 1495 -0.292145 -0.254566
7 4039 0.289758 -0.24723
10 4039 0.222521 -0.329147
7 548 -0.145447 -0.113963
10 3359 -0.29948 -0.146974
7 4040 -0.161339 -0.0797292
10 4040 -0.209016 -0.137397
7 4041 -0.193124 -0.0564992
10 4041 -0.244672 -0.11702
7 4042 -0.130777 -0.0528313
10 4042 -0.196791 -0.123744
7 4043 0.144282 -0.0344918
10 4043 0.0915116 -0.091548
7 4044 0.0501509 -0.0259333
10 4044 0.0085864 -0.0748387
7 4045 -0.0623178 0.0034099
10 4045 -0.118348 -0.0569067
10 2263 -0.12222 -0.0381597
7 3566 -0.237133 0.0889943
10 2329 0.00695638 0.0266399
10 3895 0.0100126 0.0307154
10 3988 0.0134763 0.0315305
10 3898 0.0445274 0.0437568
10 3899 -0.0794326 0.0413116
7 4046 0.119833 0.113447
10 4046 0.0562633 0.0525598
7 4047 0.0733781 0.115892
10 4047 0.0049189 0.0525598
10 3294 0.0151878 0.0569613
10 3900 -0.376089 0.0541492
7 4048 0.112498 0.14279
10 4048 0.0536228 0.086598
7 629 -0.160117 0.153794
10 3902 -0.000948978 0.10391
7 3395 -0.0696527 0.179469
10 3904 0.0503954 0.130319
7 4049 0.078268 0.195363
10 4049 0.0166548 0.139416
7 4050 -0.0696527 0.203922
10 4050 -0.140312 0.140589
7 4051 -0.045203 0.239378
10 4051 -0.112236 0.179469
7 4052 0.0953829 0.241824
10 4052 0.0395398 0.192234
7 4053 -0.090435 0.273612
10 4053 -0.150337 0.219816
10 3906 -0.0156188 0.234488
10 1967 -0.105105 0.247692
10 995 -0.108772 0.263831
10 3354 -0.369162 -0.353844
7 637 -0.285544 -0.277551
7 1723 -0.295813 -0.274617
10 2352 -0.339822 -0.321566
10 2942 0.183402 -0.309584
10 1772 -0.323685 -0.296625
7 1545 -0.165251 -0.13377
7 4054 -0.134444 -0.124967
10 4054 -0.189456 -0.188544
7 4055 0.104674 -0.124967
10 4055 0.040371 -0.195879
7 4056 -0.141779 -0.110295
10 4056 -0.198992 -0.17485
7 4057 -0.0317557 -0.0765504
10 4057 -0.106572 -0.15431
7 4058 0.20883 -0.0750832
10 4058 0.154551 -0.136704
7 4059 -0.12711 -0.054543
10 4059 -0.195773 -0.126189
10 2538 -0.259138 -0.105405
10 2835 -0.118552 -0.0577218
7 4060 0.109075 0.0745672
10 4060 0.0445274 0.0114793
10 1517 0.0283907 0.0202822
10 1780 -0.17552 0.0173479
7 4061 -0.14618 0.0892388
10 4061 -0.218062 0.0202822
7 4062 0.0665322 0.090706
10 4062 0.00186269 0.0276588
10 2372 0.0137208 0.0305524
7 4063 0.109075 0.100976
10 4063 0.0430605 0.0390619
10 2376 -0.152782 0.0388663
10 3916 -0.149114 0.0388663
10 3995 0.0377794 0.0496255
7 4064 -0.0816331 0.121516
10 4064 -0.156449 0.0510926
10 2378 -0.200459 0.0657643
10 3429 -0.212195 0.0901191
7 4065 0.0709332 0.159663
10 4065 0.0049189 0.099509
7 4066 0.0650652 0.164064
10 4066 -0.000948978 0.104204
7 4067 0.107608 0.164064
10 4067 0.050102 0.109486
10 3923 0.0677059 0.116528
10 3925 -0.180508 0.149979
10 1491 -0.0674115 0.201884
10 2825 -0.150581 0.218642
10 3999 0.00609253 0.23977
10 2826 -0.103051 0.255615
10 1493 -0.0831001 0.25943
7 2026 -0.300213 -0.290169
7 4068 -0.247402 -0.237351
10 4068 -0.300214 -0.30396
7 4069 -0.270287 -0.235591
10 4069 -0.323098 -0.302493
7 4070 -0.249162 -0.223266
10 4070 -0.303147 -0.290756
7 4071 -0.249162 -0.0982644
10 4071 -0.29458 -0.155308
7 4072 0.208536 -0.0753766
10 4072 0.15326 -0.136293
7 4073 -0.0608019 0.0672314
10 4073 -0.131921 -0.00107956
10 3934 -0.175227 0.0179348
10 3936 0.0107868 0.0246837
10 4001 -0.312536 0.012653
10 692 0.0272171 0.0513861
10 2437 -0.180508 0.0496255
10 2509 -0.0819264 0.0549073
7 4074 0.0747474 0.141176
10 4074 0.00750088 0.0792035
7 4075 0.0782681 0.142937
10 4075 0.0117258 0.0813162
7 4076 -0.00270939 0.148219
10 4076 -0.0748849 0.0830768
7 4077 0.00257177 0.15174
10 4077 -0.0696038 0.086598
10 3940 -0.198111 0.109486
10 3394 0.04975 0.12357
7 4078 -0.00270939 0.190473
10 4078 -0.0731245 0.127092
10 3432 -0.178747 0.1535
10 2851 -0.124176 0.188712
7 4079 0.0853096 0.273221
10 4079 0.0307379 0.224981
10 2938 0.00327595 0.23977
10 3946 0.22438 -0.328902
7 4080 -0.248106 -0.237703
10 4080 -0.300918 -0.303197
7 4081 -0.269231 -0.22714
10 4081 -0.322042 -0.294747
7 4082 -0.220644 -0.216576
10 4082 -0.273456 -0.28207
7 4083 -0.117134 -0.0834753
10 4083 -0.172058 -0.146857
10 3439 -0.243881 -0.11587
7 4084 0.0835493 -0.00741772
10 4084 0.0367035 -0.0601671
7 4085 0.130023 0.0137094
10 4085 0.0677059 -0.0489677
7 4086 -0.153046 0.113007
10 4086 -0.216419 0.0496255
10 3426 0.00116349 0.053851
10 3953 -0.0748849 0.0834289
10 2871 -0.0812223 0.0855416
7 4087 0.00327595 0.151036
10 4087 -0.0685475 0.0855416
10 856 -0.145863 0.0939925
10 3955 0.0670722 0.119345
7 4088 0.00116349 0.172163
10 4088 -0.0685475 0.108781
10 3957 0.0493275 0.126951
7 4089 -0.00939877 0.19329
10 4089 -0.0799547 0.129486
7 4090 -0.00306138 0.233432
10 4090 -0.07066 0.174276
10 4008 0.0315829 0.223291
7 4091 0.290148 -0.248267
10 4091 0.224239 -0.329395
7 4092 -0.128119 -0.0555875
10 4092 -0.193182 -0.12573
7 4093 -0.0622101 0.0711752
10 4093 -0.131921 0.00314585
7 4094 -0.107839 0.0838515
10 4094 -0.178818 0.0153996
10 3447 0.0265131 0.0519073
7 4095 -0.242191 0.137092
10 4095 -0.338519 0.0519073
10 3450 0.0508485 0.088415
7 4096 -0.0115112 0.152303
10 4096 -0.0824897 0.0863868
10 1784 -0.219377 0.0965278
10 1628 -0.146877 0.0944996
7 4097 -0.158538 0.16498
10 4097 -0.216842 0.106669
10 4011 -0.140793 0.11681
10 3480 -0.181353 0.12188
10 2958 -0.166143 0.185262
10 1537 -0.153468 0.238502
10 4012 -0.102769 0.256249
7 4098 -0.0520703 0.317095
10 4098 -0.112909 0.263855
10 3967 -0.125584 -0.060658
10 2512 -0.107332 -0.0515311
7 4099 -0.0434515 0.0336535
10 4099 -0.101248 -0.0271926
7 4100 -0.00390633 0.115796
10 4100 -0.0799547 0.0458227
10 3479 -0.174255 0.0519073
7 4101 0.117771 0.12188
10 4101 0.0569324 0.0634681
10 3971 -0.216842 0.106669
10 3972 -0.189464 0.118838
7 3480 -0.113416 0.185769
7 4102 -0.00390633 0.289207
10 4102 -0.0647451 0.235967
10 3482 -0.103682 0.253308
7 3580 -0.0233747 0.00505582
7 4103 -0.132884 0.114579
10 4103 -0.205891 0.0452143
7 4104 -0.125584 0.180293
10 4104 -0.19129 0.11823
10 2903 -0.0525773 0.256959
7 4105 -0.0525773 0.315371
10 4105 -0.114633 0.26061
11 2519 -0.332283 -0.376829
7 4106 -0.10918 -0.286151
11 4106 -0.11733 -0.346263
7 4107 -0.0867675 -0.283094
11 4107 -0.0938987 -0.343207
7 2238 -0.289496 -0.273924
11 1881 -0.28644 -0.337094
11 4017 -0.293571 -0.337094
7 4108 -0.0755614 -0.256604
11 4108 -0.0837113 -0.317735
7 4109 -0.09288 -0.253547
11 4109 -0.102049 -0.315698
7 4110 -0.265047 -0.240302
11 4110 -0.28261 -0.315698
7 4111 -0.088805 -0.234189
11 4111 -0.0989924 -0.299396
7 4112 -0.0409243 -0.203623
11 4112 -0.0647628 -0.329147
7 4113 -0.046018 -0.192415
11 4113 -0.0684302 -0.310807
7 4114 -0.0490742 -0.186302
11 4114 -0.0714865 -0.301434
7 1669 -0.16521 -0.165925
7 4115 0.0222374 -0.138416
11 4115 0.0140875 -0.199547
11 3863 0.0792868 -0.184264
7 4116 -0.212072 -0.102756
11 4116 -0.227353 -0.161849
7 4117 -0.104086 -0.0823783
11 4117 -0.120386 -0.148604
11 4025 -0.0574278 -0.164091
11 3276 -0.0480555 -0.162868
11 4027 0.180142 -0.129246
7 4118 -0.182529 -0.0538501
11 4118 -0.199236 -0.11274
11 3277 -0.205349 -0.11274
11 2310 0.00980889 -0.115186
11 3323 0.114943 -0.0854349
7 4119 0.130224 -0.025322
11 4119 0.124111 -0.0833971
7 4120 -0.0103622 -0.0171711
11 4120 -0.0244207 -0.0833971
7 4121 0.164861 0.00830042
11 4121 0.15773 -0.0577218
11 2322 -0.0725052 -0.0507936
11 2259 -0.069449 -0.0487558
11 3283 -0.185585 -0.0599633
11 3284 -0.0765801 -0.0385672
7 4122 0.13328 0.0531303
11 4122 0.124723 -0.0112617
7 4123 0.132261 0.0582247
11 4123 0.1235 -0.0075938
7 4124 0.131242 0.063319
11 4124 0.122278 0.0034099
7 4125 0.121055 0.0653567
11 4125 0.110053 0.00218728
7 4126 -0.0684302 0.070451
11 4126 -0.088805 0.00116839
11 3868 -0.085545 0.00830045
11 3288 0.0976241 0.0235833
11 2924 0.0640057 0.0317342
7 4127 0.128186 0.0959225
11 4127 0.11861 0.0376437
11 4032 0.0680807 0.0327531
7 4128 0.039556 0.104073
11 4128 0.0242749 0.0388663
11 2740 0.0680807 0.048036
7 4129 -0.149929 0.113243
11 4129 -0.174786 0.0462021
7 4130 0.0415935 0.114262
11 4130 0.0252937 0.048036
11 2742 0.062987 0.0531303
7 4131 0.0436309 0.120375
11 4131 0.0283499 0.0561869
11 3872 0.0684882 0.0572058
11 3296 -0.0158633 0.0572058
7 4132 -0.145854 0.13362
11 4132 -0.170304 0.070451
7 2481 -0.00628722 0.136677
11 80 0.0609495 0.0836962
11 4036 0.0635983 0.0841038
11 3981 0.0562633 0.0877717
7 4133 -0.159098 0.153998
11 4133 -0.182121 0.0975528
7 1830 -0.00628722 0.153998
11 1916 -0.0959362 0.0938848
11 3875 0.0562633 0.103666
7 4134 0.123093 0.164186
11 4134 0.11372 0.117115
11 3876 0.11372 0.123228
11 3877 0.0513734 0.123228
11 2281 -0.0429618 0.121394
11 3300 0.0953829 0.134232
11 983 -0.022587 0.13362
7 4135 0.086418 0.198828
11 4135 0.0731744 0.147884
7 4136 -0.069449 0.204941
11 4136 -0.0916575 0.145235
11 3301 -0.0219757 0.156239
11 98 0.0892705 0.167243
7 3302 -0.003231 0.228375
11 3304 -0.0663928 0.184564
11 2287 -0.124665 0.194141
11 4037 -0.0207532 0.20759
11 3347 -0.0725052 0.229393
11 3880 0.0501509 0.239378
11 3882 0.0281462 0.240601
11 4038 -0.0205496 0.238563
11 3883 0.0263124 0.25894
11 2079 -0.0704677 0.25894
11 3984 0.0120501 0.263016
11 2762 -0.0592616 0.265054
11 1432 -0.046018 0.26811
11 3403 -0.114273 -0.379886
7 637 -0.286033 -0.277796
7 2302 -0.253026 -0.24723
11 4039 0.289758 -0.33526
11 2918 -0.0989924 -0.298581
7 4137 -0.268918 -0.233781
11 4137 -0.287011 -0.308362
11 2300 0.251454 -0.315698
7 4138 -0.101437 -0.206883
11 4138 -0.112236 -0.270868
7 4139 -0.211461 -0.102959
11 4139 -0.227353 -0.161646
7 4140 -0.113662 -0.102959
11 4140 -0.128577 -0.170449
11 3888 -0.266473 -0.157978
7 4141 -0.040313 -0.0797292
11 4141 -0.0581613 -0.16458
7 4142 -0.10266 -0.0613897
11 4142 -0.120386 -0.132303
7 4143 0.127167 -0.023488
11 4143 0.121055 -0.0823783
11 772 -0.0229538 -0.0838862
11 2908 -0.246913 -0.0858424
11 3325 -0.210728 -0.0721489
11 2523 -0.0332227 -0.0574773
11 3286 0.122278 0.00267632
7 4144 -0.0610953 0.0669869
11 4144 -0.0818776 -0.00148063
11 3894 0.0758231 0.0217494
7 4145 0.12839 0.0963301
11 4145 0.119344 0.036421
11 3896 0.0611533 0.0339758
11 3898 0.0988058 0.045224
7 3608 -0.156449 0.111002
7 4146 0.0440385 0.120783
11 4146 0.0281462 0.0559832
11 3294 0.0694662 0.0584284
11 1529 -0.0959362 0.0531303
11 3337 0.0635983 0.0598956
11 3900 -0.317002 0.0531303
7 1336 0.111275 0.159907
7 1957 -0.0733202 0.16113
7 4147 0.0697107 0.16113
11 4147 0.0562633 0.102443
11 3901 0.0591973 0.10391
11 3902 0.0503954 0.106845
7 4148 -0.00363846 0.188028
11 4148 -0.0219757 0.128119
11 2342 -0.0219757 0.133009
7 4149 0.116165 0.197809
11 4149 0.106141 0.152327
11 4050 -0.0919019 0.144991
7 4150 0.101495 0.211258
11 4150 0.0900039 0.164064
7 4151 0.100273 0.213703
11 4151 0.0885369 0.166998
11 3302 -0.0214868 0.172867
7 4152 -0.00241596 0.23571
11 4152 -0.0214868 0.18167
11 3905 -0.0757651 0.200254
11 3307 0.0635983 0.237422
11 3400 -0.0769876 0.232043
11 2795 -0.0713642 0.257962
11 1967 -0.0640293 0.256495
11 2761 0.0122538 0.262364
7 4153 0.292448 -0.248208
11 4153 0.292448 -0.336238
11 3355 0.283646 -0.334037
11 1772 -0.287891 -0.304254
11 2919 -0.11244 -0.267281
11 2137 -0.0664351 -0.330663
7 4154 -0.0537604 -0.188055
11 4154 -0.0757651 -0.301026
7 4155 0.0195888 -0.124967
11 4155 0.0107868 -0.186587
11 3358 -0.052 -0.216224
11 146 -0.16085 -0.180719
11 4056 -0.157916 -0.177784
7 4156 0.0151878 -0.110295
11 4156 0.00638589 -0.170449
7 4157 -0.087501 -0.102959
11 4157 -0.103051 -0.17397
7 2565 -0.128577 -0.0956235
11 4057 -0.0484792 -0.159885
11 2943 -0.207794 -0.13108
11 1286 -0.0949174 -0.130265
11 3360 0.0283907 -0.13377
11 2835 -0.0772321 -0.0574773
11 3368 -0.0343962 -0.0577707
11 3373 -0.235666 -0.0075938
7 4158 0.0885369 0.0833702
11 4158 0.0768011 0.0217494
7 4159 -0.0742982 0.0863045
11 4159 -0.0963029 0.0158808
11 3375 0.0648208 0.0254173
11 3914 0.0210557 0.0232166
11 2372 0.0679992 0.0320196
7 4160 0.128145 0.0965746
11 4160 0.118757 0.0373014
11 3381 0.0254567 0.0390619
7 4161 -0.156449 0.111246
11 4161 -0.182855 0.0437568
11 3383 -0.0214868 0.0437568
7 4162 -0.0933689 0.127385
11 4162 -0.116841 0.0584284
7 4163 0.0049189 0.130319
11 4163 -0.0132716 0.0619496
7 4164 -0.166718 0.131786
11 4164 -0.18931 0.0742738
7 4165 0.0591973 0.165531
11 4165 0.0448209 0.107725
7 4166 0.11641 0.197809
11 4166 0.106434 0.1535
11 3925 -0.140019 0.155261
7 4167 -0.00241596 0.21248
11 4167 -0.0214868 0.155261
11 3998 0.0888304 0.165825
7 4168 -0.12711 0.228619
11 4168 -0.148821 0.18167
7 4169 0.085603 0.272634
11 4169 0.0729869 0.230967
11 3927 -0.0728312 0.230086
11 2939 -0.0784057 0.232727
11 2389 -0.0731245 0.257376
11 1967 -0.0678434 0.257376
7 4170 -0.0872076 -0.283127
11 4170 -0.0942491 -0.342987
7 3620 -0.0942491 -0.254957
7 1724 -0.28613 -0.253197
11 4068 -0.265006 -0.311648
7 4171 -0.0431981 -0.198618
11 4171 -0.0664351 -0.322212
7 4172 -0.052 -0.188055
11 4172 -0.0742982 -0.302493
7 4173 -0.0801661 -0.0612919
11 4173 -0.0963029 -0.132303
7 4174 -0.208674 -0.0243194
11 4174 -0.229798 -0.0895103
7 4175 -0.0203131 0.00561067
11 4175 -0.0347482 -0.0581228
11 3371 -0.0157362 -0.0158686
11 3415 -0.0801661 0.00385008
11 2404 0.0976323 0.0232166
11 3936 0.0641851 0.0249772
7 2994 0.0817889 0.0954009
11 3939 -0.184028 0.0443437
11 692 0.0817889 0.0531467
11 3427 0.0687621 0.0580764
11 2408 -0.155158 0.0686399
11 4075 0.0645372 0.0834289
11 4076 -0.0220735 0.0834289
11 4077 -0.0157362 0.0876543
7 4176 -0.157623 0.164064
11 4176 -0.180508 0.108781
11 3940 -0.155862 0.113007
7 4177 -0.0995302 0.178149
11 4177 -0.123471 0.117232
7 4178 -0.124176 0.183431
11 4178 -0.148821 0.121458
7 3618 -0.00270939 0.2116
11 3432 -0.138259 0.159487
11 3397 -0.0167924 0.158782
7 4179 0.113476 0.218642
11 4179 0.102913 0.176388
7 4180 0.00081143 0.227445
11 4180 -0.0178486 0.172163
11 3452 -0.0220736 0.18167
7 4181 0.0941115 0.24153
11 4181 0.0814368 0.195403
11 2023 -0.0812223 0.191177
7 4182 -0.319578 0.252094
11 4182 -0.368868 0.162303
7 4183 -0.0414377 0.308433
11 4183 -0.0622102 0.263009
11 4004 -0.0115112 0.267235
11 1764 -0.288243 -0.337001
7 4184 -0.115022 -0.104602
11 4184 -0.129809 -0.170097
7 722 -0.193182 -0.0729118
11 4084 0.0770456 -0.0577218
7 4185 0.163823 0.0073713
11 4185 0.157485 -0.0581228
7 4186 -0.201632 0.0221603
11 4186 -0.228038 -0.0560101
7 4187 -0.0622102 0.0707527
11 4187 -0.0812223 0.00314585
7 4188 -0.222757 0.100331
11 4188 -0.256556 0.0137094
7 4189 0.106786 0.102443
11 4189 0.0949566 0.0407522
7 4190 0.0391877 0.104556
11 4190 0.0244005 0.039062
11 2869 -0.0267209 0.0559637
7 4191 -0.167833 0.132021
11 4191 -0.191492 0.0737105
7 4192 -0.146708 0.132021
11 4192 -0.171213 0.06864
11 3951 0.0594673 0.0813163
11 3953 -0.021651 0.0838515
7 4193 -0.155158 0.172163
11 4193 -0.181353 0.109204
11 4088 -0.016581 0.111739
7 4194 -0.131921 0.174276
11 4194 -0.156003 0.114275
7 4195 0.111011 0.180614
11 4195 0.100026 0.132021
7 4196 -0.112909 0.184839
11 4196 -0.136146 0.125683
7 4197 -0.00517384 0.191177
11 4197 -0.0241859 0.132021
11 4089 -0.0292558 0.134557
7 4198 0.115236 0.197515
11 4198 0.105096 0.152303
11 2135 -0.140793 0.154839
7 3627 -0.00306138 0.210192
7 3628 0.00116349 0.212304
7 4199 0.113124 0.218642
11 4199 0.102561 0.175121
7 4200 -0.362179 0.24822
11 4200 -0.412878 0.158782
7 4201 -0.0579853 0.24822
11 4201 -0.0799547 0.195403
7 4202 0.0581998 0.290475
11 4202 0.0442577 0.248643
7 4203 -0.093897 0.292587
11 4203 -0.117134 0.246108
7 4204 -0.272611 -0.263478
11 4204 -0.28782 -0.337001
7 4205 0.0822819 -0.00741765
11 4205 0.0747474 -0.0577707
11 4010 0.0924216 0.0153996
7 4206 0.127911 0.0863868
11 4206 0.117771 0.0245266
11 2432 0.0620023 0.0280759
7 3467 0.0797469 0.111739
7 4207 0.0822819 0.12188
11 4207 0.0696072 0.058499
7 4208 -0.00390633 0.147233
11 4208 -0.0221579 0.0823304
11 4096 -0.0312837 0.088415
11 3470 -0.171213 0.0914573
7 4209 -0.153468 0.172585
11 4209 -0.177297 0.118838
11 3964 -0.123049 0.11681
11 2133 0.105603 0.152303
11 2956 -0.0900945 0.142162
11 2958 -0.128119 0.190332
7 4210 -0.00390633 0.261319
11 4210 -0.0220735 0.212304
7 2882 -0.0221579 0.00627271
11 3969 -0.0951644 0.0214842
7 4211 -0.171213 0.103626
11 4211 -0.19859 0.0306112
7 3646 0.111687 0.106669
7 4212 -0.131668 0.13405
11 4212 -0.156003 0.0671189
7 4213 -0.162087 0.152303
11 4213 -0.189464 0.0853727
7 4214 0.120813 0.185769
11 4214 0.111687 0.140134
7 4215 0.111687 0.219234
11 4215 0.100736 0.172991
7 4216 -0.00390633 0.261826
11 4216 -0.0233747 0.209499
11 4015 0.0265131 0.246615
11 1230 -0.027025 0.271562
11 2855 -0.282548 -0.148276
7 4217 -0.0452766 0.00870659
11 4217 -0.0598779 -0.0533565
7 4218 -0.110982 0.0780712
11 4218 -0.132884 0.0123573
7 4219 -0.100031 0.0817219
11 4219 -0.121933 0.0123573
11 3487 0.075184 0.0196589
7 4220 0.115338 0.198546
11 4220 0.104387 0.151087
7 483 -0.125584 0.242356
12 4017 -0.215129 -0.318754
7 3662 -0.252822 -0.247434
12 4110 -0.203922 -0.296339
12 3862 0.231079 -0.207698
12 598 -0.102049 -0.183246
7 4221 0.0752118 -0.0956235
12 4221 0.15773 -0.145751
7 834 0.0405747 -0.0884914
12 4024 0.286091 -0.12517
7 4222 -0.114273 -0.0823783
12 4222 -0.050093 -0.128635
7 3705 -0.0572241 -0.0569067
7 4223 -0.192716 -0.0558879
12 4223 -0.136686 -0.0986801
12 2521 0.264697 -0.084416
12 2729 -0.144836 -0.0864537
7 2247 0.143467 -0.0334729
7 4224 0.039556 -0.0314352
12 4224 0.0945679 -0.0609822
12 4119 0.196849 -0.0589445
7 4225 0.122074 -0.0243032
12 4225 0.187273 -0.0569067
12 3290 -0.0806551 0.0449794
7 4226 -0.003231 0.112224
12 4226 0.0792868 0.0663755
12 2740 0.162823 0.0714699
12 3293 0.171992 0.0755453
12 4132 -0.0826926 0.092866
12 4136 -0.003231 0.169281
7 3693 -0.000174789 0.216148
7 4227 -0.00221227 0.236525
12 4227 0.0650245 0.204941
12 3880 0.126149 0.259959
7 4228 0.0752118 0.28645
12 4228 0.13328 0.265054
12 4038 0.0609495 0.259959
12 3983 0.10883 0.263016
12 3883 0.101699 0.278299
12 2079 0.00797512 0.279318
7 4229 0.0324248 0.30377
12 4229 0.0915116 0.281355
12 3984 0.0874367 0.283393
7 1438 -0.29948 -0.290022
7 4230 -0.0757651 -0.257011
12 4230 -0.0146408 -0.301026
7 2243 -0.0769876 -0.166536
12 3887 0.211519 -0.192212
7 2080 -0.120997 -0.0956235
7 4231 0.040371 -0.063835
12 4231 0.119344 -0.111762
12 2139 0.266531 -0.0846198
7 4232 0.0367035 -0.0296012
12 4232 0.0917154 -0.0589445
7 1839 0.124723 0.00707781
7 4233 0.119833 0.0657643
12 4233 0.200517 0.0254173
12 3892 0.106385 0.0290852
12 2491 0.183891 0.0378882
12 3330 0.172399 0.0437568
7 4234 -0.172341 0.0853264
12 4234 -0.10755 0.0400889
7 4235 0.10883 0.0853264
12 4235 0.188292 0.0449795
7 3731 -0.0745426 0.086549
7 2082 0.0746006 0.086549
12 2328 0.156507 0.0474247
12 3988 0.161397 0.0559832
12 3899 0.078268 0.0657643
12 3990 0.173622 0.0755453
12 3385 -0.088968 0.0716329
12 4047 0.155285 0.0743227
12 2743 0.161397 0.0779906
7 4236 0.135725 0.118337
12 4236 0.202554 0.0898094
12 3337 0.15773 0.0828811
7 4237 -0.00730596 0.174579
12 4237 0.0660432 0.136677
12 1288 -0.486113 0.138715
12 4050 -0.00388295 0.168466
7 3029 -0.11244 0.211258
12 4051 0.0210557 0.206612
7 4238 -0.10266 0.244269
12 4238 -0.0464255 0.213948
12 2125 0.0635983 0.229597
12 4053 -0.0361566 0.247692
12 3906 0.106385 0.261386
12 1927 0.0599308 0.266276
12 1967 0.0146988 0.27728
12 3350 0.0146988 0.287061
12 3351 0.0330361 0.287061
12 1545 -0.102171 -0.183653
7 4239 0.0885369 -0.110295
12 4239 0.192693 -0.176317
7 4240 0.205896 -0.0838862
12 4240 0.28658 -0.124967
7 4241 0.0342586 -0.0384042
12 4241 0.0914709 -0.0692146
12 3364 -0.152986 -0.0691331
12 3910 0.151617 -0.04574
7 4242 0.131079 0.081903
12 4242 0.210297 0.0425342
12 3382 0.00345192 0.0628299
12 3383 0.0782681 0.0654709
12 4064 -0.0082839 0.0775015
7 3337 0.081202 0.121516
12 2937 0.0709332 0.0804359
12 3997 0.152204 0.102443
12 3429 -0.0801661 0.118289
7 4243 -0.125643 0.177268
12 4243 -0.0643226 0.141176
12 3925 -0.0590415 0.176388
7 4244 -0.0537604 0.253561
12 4244 0.00931986 0.22275
12 2825 -0.0361566 0.246812
7 3721 0.0679992 0.282904
12 3928 0.0606643 0.260897
12 1493 0.0357256 0.288773
12 2026 -0.240361 -0.348269
12 2102 -0.257964 -0.344747
7 4245 -0.0889679 -0.235591
12 4245 -0.0273547 -0.280486
7 4246 0.18037 -0.186294
12 4246 0.231421 -0.207421
12 2829 -0.121359 -0.206013
7 4247 0.0413001 -0.0894614
12 4247 0.109955 -0.129955
7 4248 -0.201632 -0.0419253
12 4248 -0.144713 -0.0868205
7 4249 0.125798 -0.02608
12 4249 0.185847 -0.0540539
7 3764 0.116996 -0.0172771
7 4250 -0.185789 0.00385008
12 4250 -0.117134 -0.0489677
12 3371 0.0599308 0.00585516
7 4251 0.120517 0.0654709
12 4251 0.199734 0.0267378
7 1569 0.0923511 0.0795556
12 2842 0.113124 0.0369493
7 3688 0.13108 0.0813162
7 4252 -0.14706 0.086598
12 4252 -0.0819264 0.0425831
12 3936 0.153964 0.0496255
12 3423 0.152204 0.0584285
7 2376 -0.0766453 0.107725
12 3424 0.162766 0.0707526
7 4253 0.104674 0.111246
12 4253 0.182131 0.0742738
12 2410 0.0677059 0.111246
7 1997 -0.000948978 0.260897
12 4003 -0.0368607 0.246108
7 4254 -0.052 0.276742
12 4254 0.00750088 0.250333
12 4004 0.0645372 0.288362
12 2946 0.0571435 0.289066
7 4255 0.0328503 -0.0369957
12 4255 0.0898867 -0.0686864
7 3049 -0.153046 -0.0306575
7 4256 0.0919991 -0.0158686
12 4256 0.151148 -0.0454465
7 4257 0.151148 -0.0137558
12 4257 0.218746 -0.0454465
12 2838 0.0603123 0.00525857
7 3766 0.0856617 0.0834289
12 3948 -0.0347482 0.0411747
7 3577 0.106786 0.0855416
7 3068 -0.0685475 0.106669
7 2845 0.0814368 0.110894
7 3770 0.0814368 0.121458
7 3075 -0.131921 0.134134
7 4258 -0.243881 0.140472
12 4258 -0.161496 0.0792035
12 4087 0.0812679 0.109711
12 2955 -0.00306138 0.142585
12 2135 -0.0596752 0.177656
12 3627 0.0666496 0.176388
12 3628 0.0708745 0.176388
12 2531 -0.00137136 0.253714
12 4204 -0.211772 -0.319254
7 4259 0.0873518 -0.111363
12 4259 0.252123 -0.22545
7 4260 -0.194027 -0.0555875
12 4260 -0.138259 -0.0986868
12 3554 0.0898867 -0.0682638
7 4261 0.107631 -0.0251644
12 4261 0.16847 -0.0555875
7 4262 0.150725 -0.0124882
12 4262 0.219169 -0.0454465
12 4205 0.143121 -0.0378407
12 2952 0.0189082 -0.030235
7 4263 -0.0647451 0.078781
12 4263 0.00623349 0.0356817
7 4264 -0.0900945 0.0838515
12 4264 -0.019116 0.0397381
12 2527 0.155795 0.0458227
12 2432 0.15326 0.0508932
12 3467 0.160865 0.0711752
12 3447 0.171005 0.0762457
7 4265 -0.242191 0.124416
12 4265 -0.161073 0.0635695
7 4266 -0.130654 0.134557
12 4266 -0.064745 0.0914573
12 1628 -0.00390633 0.118838
12 4097 -0.101248 0.124923
12 2958 -0.0495353 0.210107
7 4267 -0.0926295 0.273996
12 4267 -0.0373676 0.246615
12 4012 0.0143453 0.286165
12 2889 0.0670722 0.286672
7 4268 -0.289848 -0.273619
12 4268 -0.22901 -0.331423
12 3966 -0.145863 -0.0860106
7 3797 0.075184 0.0853727
12 2961 -0.016074 0.0762458
12 4101 0.189172 0.089767
7 4269 -0.00999022 0.13405
12 4269 0.0715337 0.0890235
12 3972 -0.064745 0.143176
12 3481 -0.000864352 0.164473
7 2899 0.0234711 0.304419
7 4270 0.0325969 0.304419
12 4270 0.0934356 0.28008
7 4271 -0.19494 -0.0570072
12 4271 -0.137752 -0.100208
7 4272 -0.202241 -0.0424042
12 4272 -0.146877 -0.0849965
12 4217 0.0204292 -0.0314519
7 3079 -0.0890805 0.0817219
7 4273 0.0678834 0.0853727
12 4273 0.148191 0.0452143
7 3800 0.104387 0.103626
7 4274 0.115338 0.103626
12 4274 0.191994 0.0671189
13 598 -0.0572241 -0.161849
7 4275 0.0283499 0.0724887
13 4275 0.167917 0.040904
13 2278 -0.0337931 0.0459983
13 1405 0.142449 0.12547
13 983 0.13328 0.167243
13 3562 0.0477059 0.172133
13 3879 0.0650652 0.266765
13 2916 0.0548371 0.297657
7 4276 -0.0419431 0.315997
13 4276 0.0762306 0.302751
13 993 0.107811 0.302751
13 3330 0.228634 0.0523153
13 3896 0.215186 0.0669869
7 980 -0.00730596 0.152571
13 3349 0.078268 0.295619
13 1545 -0.0566944 -0.161646
7 4277 -0.265006 -0.0882877
13 4277 -0.185789 -0.107067
13 3379 0.214697 0.0672314
13 2499 0.0641851 0.114767
7 4278 -0.0449585 0.238889
13 4278 0.0853096 0.218642
13 2829 -0.0769973 -0.182773
7 4279 0.0377794 0.0936403
13 4279 0.189172 0.0601891
13 3424 0.224966 0.0789687
7 4280 0.0430605 0.114767
13 4280 0.203959 0.078781
7 2091 -0.00446973 0.118289
13 2945 0.0581998 0.0939925
7 2498 -0.0748849 0.12181
7 4281 -0.132977 0.158782
13 4281 -0.00939877 0.138359
13 4254 0.0687621 0.260897
7 2966 0.0694662 0.282024
13 4004 0.121573 0.296813
7 2841 0.106786 0.0770908
13 2864 0.18875 0.0610342
13 2949 0.150725 0.0838515
13 3448 0.0569324 0.0939925
7 4282 -0.0748849 0.121458
13 4282 0.0670722 0.0939925
7 4283 0.00327595 0.129909
13 4283 0.16171 0.0961052
7 3847 -0.313592 0.24822
7 4284 -0.317817 0.250333
13 4284 -0.125584 0.223291
13 796 0.149035 0.286249
13 1721 0.106786 0.303151
7 2449 0.0924216 0.0838515
13 1628 0.0620023 0.134557
13 4099 0.0721421 0.00931502
13 3489 0.206596 0.0780712
13 3493 -0.118283 0.2168
7 3503 0.129205 -0.369697
14 3277 0.0195888 0.0129465
7 4285 -0.0775989 0.0796207
14 4285 0.169484 0.0975419
14 2924 0.33499 0.0716329
7 4286 -0.0390905 -0.209328
14 4286 0.244518 -0.0251644
14 2340 0.33499 0.0672314
7 411 -0.231207 -0.248267
14 2944 0.330707 0.0944996
7 4287 0.149035 0.0623018
14 4287 0.334931 0.0686399
7 4288 0.0750995 0.279911
14 4288 0.287613 0.243573
7 4289 0.150725 0.0610342
14 4289 0.335777 0.06864
14 3974 0.33499 0.105092
8 4290 -0.357752 -0.346263
9 4290 -0.394426 -0.347282
9 2483 -0.398501 -0.344226
8 4291 -0.331265 -0.318754
9 4291 -0.367939 -0.318754
8 4292 -0.322096 -0.289207
9 4292 -0.359789 -0.290226
9 3887 0.035481 -0.128227
8 548 -0.156042 -0.119057
8 4293 -0.154004 -0.11702
9 4293 -0.192716 -0.114982
8 4294 0.00797512 -0.11702
9 4294 -0.0286995 -0.113963
8 4295 -0.223278 -0.111925
9 4295 -0.257916 -0.110906
8 4296 -0.211054 -0.108869
9 4296 -0.245691 -0.10785
8 4297 0.0497434 -0.102756
9 4297 0.00797512 -0.0996989
8 4298 -0.254859 -0.0925669
9 4298 -0.288478 -0.091548
8 4299 0.0364998 -0.0884914
9 4299 -0.00424974 -0.0864537
8 4300 0.0344623 -0.0864537
9 4300 -0.00832469 -0.0833971
8 4301 0.196442 -0.0823783
9 4301 0.155692 -0.0783028
8 4302 0.171992 -0.0732085
9 4302 0.132261 -0.0691331
8 4303 0.0171438 -0.0691331
9 4303 -0.0246245 -0.0660765
8 4304 -0.184566 -0.0599633
9 4304 -0.220222 -0.0589445
8 4305 -0.193735 -0.0589445
9 4305 -0.23041 -0.0579256
8 4306 -0.100011 -0.0589445
9 4306 -0.143002 -0.0577218
9 2962 0.11861 -0.0491634
8 4307 -0.199847 -0.0518124
9 4307 -0.236522 -0.0507936
8 4308 0.173011 -0.0497747
9 4308 0.134299 -0.0456993
8 4309 0.168936 -0.0456993
9 4309 0.128186 -0.0416238
8 4310 0.0140875 -0.0406049
9 4310 -0.0236058 -0.0375484
8 4311 0.178104 -0.0375484
9 4311 0.139392 -0.0334729
8 4312 0.11698 -0.0365295
9 4312 0.0803055 -0.0334729
8 4313 0.0120501 -0.0355106
9 4313 -0.026662 -0.0324541
8 4314 0.111886 -0.0355106
9 4314 0.0762306 -0.0324541
8 4315 -0.218185 -0.0334729
9 4315 -0.256897 -0.0324541
8 4316 -0.184566 -0.0324541
9 4316 -0.228576 -0.0308239
8 4317 0.0314061 -0.0324541
9 4317 -0.003231 -0.0293975
8 4318 0.0344623 -0.0324541
9 4318 0.000843949 -0.0293975
8 4319 0.120036 -0.0314352
9 4319 0.0843805 -0.0283786
8 4320 0.105774 -0.0283786
9 4320 0.0701181 -0.0243032
8 4321 0.0945679 -0.0202277
9 4321 0.0578933 -0.0171711
8 4322 0.0904929 -0.0192088
9 4322 0.0558558 -0.0161523
9 3495 -0.255878 -0.0161523
8 4323 -0.134648 0.00728156
9 4323 -0.177435 0.00931928
8 4324 -0.228372 0.00830042
9 4324 -0.268103 0.0103381
9 2732 -0.15706 0.0144136
8 4325 -0.171323 0.0154325
9 4325 -0.207997 0.0174702
8 4326 -0.172342 0.0225645
9 4326 -0.210035 0.0246022
8 4327 -0.175398 0.0256211
9 4327 -0.213091 0.0276588
8 4328 0.12513 0.0307154
9 4328 0.0833617 0.0347908
8 4329 -0.180491 0.0317342
9 4329 -0.217166 0.0327531
8 4330 0.14143 0.0388663
9 4330 0.101699 0.0429417
8 4331 0.112905 0.048036
9 4331 0.0690994 0.0521115
8 4332 0.109849 0.0643378
9 4332 0.0670619 0.0684133
8 4333 -0.243653 0.0653567
9 4333 -0.293571 0.0663755
9 3867 0.103736 0.0735076
9 3868 -0.136686 0.0724887
8 2974 -0.200866 0.0714699
9 3870 0.0263124 0.0857339
9 2745 -0.314965 0.0887905
8 871 0.138374 0.0908282
8 4334 0.111886 0.0918471
9 4334 0.0701181 0.0959225
8 4335 0.107811 0.0938848
9 4335 0.0670619 0.0979603
8 4336 -0.198829 0.0949037
9 4336 -0.23856 0.0969414
8 4337 0.110868 0.0949037
9 4337 0.0701181 0.0989791
9 2926 0.00593764 0.0989791
8 4338 0.132261 0.0959225
9 4338 0.0925304 0.099998
8 4339 0.13328 0.0979603
9 4339 0.0945679 0.102036
8 3535 0.0843805 0.0989791
8 4340 0.128186 0.0989791
9 4340 0.0894742 0.103055
8 1801 -0.185585 0.102036
8 4341 0.0874367 0.102036
9 4341 0.0436309 0.106111
8 4342 0.105774 0.102036
9 4342 0.062987 0.106111
9 3505 -0.353677 0.10713
8 4343 -0.0368494 0.10713
9 4343 -0.0826926 0.110187
8 4344 0.0955866 0.108149
9 4344 0.0538183 0.112224
9 2740 0.0110313 0.112224
8 3293 0.0701181 0.110187
8 4345 -0.27829 0.115281
9 4345 -0.328208 0.1163
8 4346 0.0517809 0.115281
9 4346 0.00695638 0.119356
8 4347 0.0568745 0.117319
9 4347 0.0130688 0.121394
8 4348 0.127167 0.117319
9 4348 0.0884554 0.121394
9 3872 0.0110313 0.122413
8 4349 -0.284403 0.122413
9 4349 -0.33534 0.123432
8 4350 -0.0327744 0.128526
9 4350 -0.0796364 0.131583
8 4351 0.0517809 0.136677
9 4351 0.00797512 0.140752
8 4352 0.130224 0.138715
9 4352 0.0925304 0.14279
8 4353 0.123093 0.139734
9 4353 0.0853992 0.143809
8 4354 -0.0317557 0.143809
9 4354 -0.0765801 0.146866
8 4355 0.122074 0.143809
9 4355 0.0833617 0.147884
8 3981 0.0466872 0.144828
8 4356 0.0507621 0.160111
9 4356 0.00797512 0.164186
8 4357 0.119018 0.160111
9 4357 0.0813243 0.164186
8 4358 0.0945679 0.176413
9 4358 0.0548371 0.180488
8 4359 0.039556 0.183545
9 4359 -0.003231 0.18762
8 4360 -0.0908425 0.195771
9 4360 -0.133629 0.198828
8 4361 -0.0898237 0.197809
9 4361 -0.133629 0.200865
8 4362 0.0405747 0.200865
9 4362 -0.00119353 0.204941
8 4363 -0.133629 0.203922
9 4363 -0.174379 0.206978
8 4364 -0.128536 0.206978
9 4364 -0.169285 0.211054
8 4365 -0.131592 0.209016
9 4365 -0.172342 0.212073
9 3301 -0.0704677 0.213092
8 4366 0.0894742 0.214111
9 4366 0.0497434 0.218186
8 1958 -0.0857488 0.216148
8 4367 0.0385373 0.227356
9 4367 -0.003231 0.231431
8 4368 0.0364998 0.229393
9 4368 -0.00526848 0.233469
9 2755 -0.00424974 0.236525
8 4369 -0.118348 0.236525
9 4369 -0.159098 0.239582
8 4370 -0.11733 0.238563
9 4370 -0.158079 0.24162
8 4371 0.0843805 0.243658
9 4371 0.0456684 0.247733
8 4372 -0.0215683 0.256903
9 4372 -0.0647628 0.260163
9 3514 -0.143817 0.270148
8 4373 -0.103067 0.270148
9 4373 -0.142798 0.273204
8 4374 -0.0674115 0.279318
9 4374 -0.108039 0.282904
8 4375 0.0527996 0.283393
9 4375 0.0130688 0.287469
8 4376 0.0568745 0.283393
9 4376 0.0171438 0.288487
8 4377 -0.0185121 0.284412
9 4377 -0.0602803 0.288487
8 4378 0.0527996 0.285431
9 4378 0.0130688 0.289506
8 4379 -0.0623178 0.298676
9 4379 -0.104086 0.302751
8 1308 0.0222374 0.302751
8 3984 0.0151063 0.304789
8 4380 0.0130688 0.305808
9 4380 -0.026662 0.309884
9 995 -0.102049 0.317016
8 4381 -0.322707 -0.290022
9 4381 -0.359382 -0.290022
8 4382 -0.085545 -0.290022
9 4382 -0.118308 -0.287822
8 4383 -0.0953249 -0.259456
9 4383 -0.129554 -0.258234
9 3908 0.212742 -0.255789
8 4384 0.0073639 -0.116408
9 4384 -0.0293107 -0.113963
8 3986 0.0623758 -0.116408
9 707 -0.281347 -0.105812
9 1937 -0.281143 -0.102959
8 4385 0.193182 -0.0907329
9 4385 0.153655 -0.0864537
9 2932 -0.231021 -0.0760613
8 4386 -0.145447 -0.0626123
9 4386 -0.185789 -0.0613897
9 2316 -0.229798 -0.0589445
8 4387 -0.184566 -0.0601671
9 4387 -0.220018 -0.0589445
8 4388 -0.155227 -0.0577218
9 4388 -0.196791 -0.0564992
8 4389 2.89711e-05 -0.0528313
9 4389 -0.0405575 -0.0501415
8 4390 0.173622 -0.050386
9 4390 0.134502 -0.0467181
8 4391 -0.12222 -0.0418276
9 4391 -0.163784 -0.0406049
8 4392 0.0146988 -0.0406049
9 4392 -0.0229538 -0.0384042
8 4393 0.040371 -0.0381597
9 4393 0.00638589 -0.0354699
8 4394 0.132057 -0.0381597
9 4394 0.0929379 -0.0344918
8 4395 0.12839 -0.036937
9 4395 0.0894742 -0.0324541
8 4396 0.042816 -0.0357144
9 4396 0.0100126 -0.0324541
8 4397 0.0391485 -0.0344918
9 4397 0.0061414 -0.0308239
8 4398 0.0305911 -0.0332691
9 4398 -0.00241596 -0.0308239
8 4399 0.0342586 -0.0320465
9 4399 0.00125147 -0.0296012
8 4400 0.110053 -0.0320465
9 4400 0.0741931 -0.0283786
8 4401 0.105163 -0.0283786
9 4401 0.0697107 -0.0247107
8 3280 0.0904929 -0.0198201
8 4402 -0.160117 -0.0112617
9 4402 -0.203393 -0.0102347
9 2523 -0.0713642 -0.000258011
8 4403 -0.0696527 0.00707781
9 4403 -0.109995 0.00952307
8 4404 -0.228576 0.00830045
9 4404 -0.277475 0.00952307
8 4405 0.124723 0.0205268
9 4405 0.083158 0.0241947
8 4406 -0.176009 0.0254173
9 4406 -0.212684 0.02664
8 4407 -0.180899 0.0315305
9 4407 -0.217573 0.0327531
8 4408 -0.0146408 0.0376437
9 4408 -0.0525379 0.0400889
8 4409 0.140615 0.0388663
9 4409 0.101495 0.0425342
8 4410 0.11372 0.0474247
9 4410 0.0697107 0.0510926
8 4411 0.136947 0.0584284
9 4411 0.0978278 0.0620963
8 4412 -0.226131 0.0620963
9 4412 -0.27503 0.063319
8 4413 0.141837 0.0694322
9 4413 0.102718 0.0731
8 4414 -0.0928799 0.0706548
9 4414 -0.136889 0.0731
8 4415 -0.167452 0.0731
9 4415 -0.206979 0.0745264
8 4416 0.136947 0.0755453
9 4416 0.0978278 0.0792132
8 4417 0.0697107 0.0767679
9 4417 0.0281462 0.0804359
8 4418 -0.278698 0.0792132
9 4418 -0.32882 0.0804359
8 4419 0.13328 0.0816585
9 4419 0.0953829 0.0853264
8 4420 -0.281143 0.0828811
9 4420 -0.332487 0.0841038
8 866 0.042816 0.0841038
8 4421 0.139392 0.0877717
9 4421 0.100273 0.0914396
9 2965 -0.0415355 0.0926622
8 875 0.13817 0.0902169
8 4422 -0.190679 0.0975528
9 4422 -0.231021 0.099998
8 4423 0.0049189 0.101221
9 4423 -0.042758 0.104889
8 2376 -0.105105 0.102443
8 4424 0.0049189 0.104889
9 4424 -0.0415355 0.108556
8 4425 -0.171119 0.106111
9 4425 -0.213906 0.108556
8 2741 0.0464835 0.11467
8 4426 -0.293368 0.115892
9 4426 -0.344712 0.117115
8 4427 0.0574858 0.117115
9 4427 0.0134763 0.120783
8 4428 0.0477059 0.120783
9 4428 0.00369647 0.124451
8 4429 -0.28481 0.122005
9 4429 -0.336155 0.123228
9 2378 -0.198014 0.128119
8 4430 -0.158894 0.130564
9 4430 -0.199236 0.134232
9 3873 0.0917154 0.135454
8 4431 0.129612 0.135454
9 4431 0.0917154 0.139122
8 4432 0.1235 0.139122
9 4432 0.085603 0.14279
8 4433 0.129612 0.139122
9 4433 0.0917154 0.14279
8 4434 0.0501509 0.140345
9 4434 0.0073639 0.144013
8 4435 0.0538183 0.140345
9 4435 0.0110313 0.144013
8 4436 0.0966053 0.140345
9 4436 0.0577303 0.144991
8 4437 0.121055 0.144013
9 4437 0.083158 0.147681
8 4438 0.0966053 0.158684
9 4438 0.0562633 0.162352
8 4439 0.119833 0.159907
9 4439 0.0819355 0.163575
8 4440 0.0929379 0.16113
9 4440 0.0525959 0.16602
8 4441 0.114943 0.169688
9 4441 0.0770456 0.173356
8 4442 0.0941604 0.177024
9 4442 0.0538183 0.180692
9 2787 -0.0953249 0.180692
8 4443 -0.130777 0.179469
9 4443 -0.17336 0.182526
8 4444 0.0929379 0.183137
9 4444 0.0538183 0.186805
8 4445 0.0599308 0.194141
9 4445 0.0181218 0.197809
8 4446 0.111275 0.195363
9 4446 0.0733781 0.199031
8 4447 -0.090435 0.196586
9 4447 -0.134444 0.199031
8 4448 -0.133222 0.203922
9 4448 -0.174786 0.206367
9 3926 -0.172341 0.211258
8 4449 -0.128332 0.20759
9 4449 -0.169897 0.210035
8 4450 -0.118552 0.23571
9 4450 -0.158894 0.239378
8 4451 -0.103882 0.268722
9 4451 -0.143002 0.272389
8 4452 -0.0672077 0.269944
9 4452 -0.108772 0.273612
9 3881 0.0171438 0.288284
8 4453 -0.0195308 0.284616
9 4453 -0.0610953 0.288284
8 3983 0.0342586 0.285838
8 4454 -0.0183083 0.290729
9 4454 -0.0598728 0.294397
8 3313 -0.0623178 0.298065
9 857 -0.0170858 0.306623
8 4455 0.0110313 0.306623
9 4455 -0.0280882 0.310291
8 4456 -0.0378681 0.310291
9 4456 -0.0782101 0.313959
9 3353 -0.0596283 0.318116
9 2087 -0.367695 -0.318632
8 1541 -0.304614 -0.29369
8 4457 -0.118308 -0.166047
9 4457 -0.169652 -0.16458
8 4458 0.0210557 -0.16458
9 4458 -0.0156188 -0.161646
8 4459 0.112009 -0.163113
9 4459 0.0694662 -0.160179
9 257 -0.212195 -0.136704
8 4460 -0.154982 -0.117631
9 4460 -0.193124 -0.116164
8 4461 0.0635983 -0.117631
9 4461 0.0210557 -0.114697
8 4462 0.0503954 -0.102959
9 4462 0.0073639 -0.100514
9 3359 -0.28613 -0.0947431
8 4463 0.0342586 -0.0868205
9 4463 -0.0082839 -0.0838862
8 4464 0.195627 -0.0809518
9 4464 0.156018 -0.0765504
8 4465 -0.194591 -0.0780176
9 4465 -0.231265 -0.0765504
8 4466 -0.153515 -0.0750832
9 4466 -0.193124 -0.0736161
8 4467 -0.20486 -0.0648131
9 4467 -0.243001 -0.0633459
8 1305 -0.193124 -0.0604116
8 4468 -0.200459 -0.0530758
9 4468 -0.237133 -0.0516086
9 2967 0.118757 -0.0489677
9 1785 0.138414 -0.0486743
9 1259 0.13548 -0.0472071
8 1881 0.11641 -0.036937
8 4469 -0.218062 -0.0340027
9 4469 -0.256204 -0.0325355
8 4470 0.0401265 -0.0340027
9 4470 0.00638589 -0.0310684
8 4471 0.119344 -0.0340027
9 4471 0.080713 -0.0296012
8 4472 -0.184322 -0.0325355
9 4472 -0.228331 -0.0310684
8 4473 0.0357256 -0.0325355
9 4473 0.00198493 -0.0296012
8 3891 0.0738672 -0.0207983
9 3910 0.0547963 -0.0163968
9 3932 -0.245691 -0.0149296
8 4474 -0.179921 -0.00465947
9 4474 -0.226131 -0.00270327
9 2835 -0.118308 -0.000258011
8 4475 0.11641 0.00267632
9 4475 0.0768011 0.00561064
8 4476 -0.166718 0.0173479
9 4476 -0.203393 0.0188151
8 47 0.125212 0.0202822
8 4477 -0.17552 0.0246837
9 4477 -0.212195 0.0261509
8 4478 0.131079 0.0261509
9 4478 0.0914709 0.0290852
8 4479 0.120811 0.0378882
9 4479 0.078268 0.0408225
8 4480 0.141348 0.0393553
9 4480 0.10174 0.0422897
9 2151 -0.257671 0.0525598
8 4481 -0.220996 0.0540269
9 4481 -0.26794 0.0554941
8 4482 0.139881 0.0584284
9 4482 0.0988058 0.0628299
8 4483 0.141348 0.0686986
9 4483 0.103207 0.0731
8 4484 -0.0933689 0.0701657
9 4484 -0.137378 0.0731
8 4485 -0.200459 0.0716329
9 4485 -0.245935 0.0731
8 4486 0.138414 0.0745672
9 4486 0.0988058 0.0789687
9 3912 -0.0405575 0.0804359
8 4487 0.109075 0.0804359
9 4487 0.0665322 0.0848373
8 4488 -0.197525 0.0863045
9 4488 -0.240361 0.0883586
9 2146 0.100273 0.090706
8 4001 -0.265006 0.0877717
8 4489 0.11641 0.0892388
9 4489 0.0753341 0.0936403
8 878 0.138414 0.0892388
8 4490 0.110542 0.0936403
9 4490 0.0694662 0.0980418
8 4491 0.13548 0.0936403
9 4491 0.0958719 0.0980418
8 4492 0.0489284 0.0951075
9 4492 0.0049189 0.0980418
8 4493 0.107608 0.0951075
9 4493 0.0650652 0.099509
8 4494 0.128145 0.099509
9 4494 0.0900039 0.10391
9 1091 0.0885369 0.121516
8 4495 -0.284077 0.121516
9 4495 -0.335421 0.122984
8 4496 -0.178454 0.127385
9 4496 -0.218062 0.130319
8 3546 -0.0332227 0.127385
8 4497 -0.163784 0.128852
9 4497 -0.204126 0.131786
8 4498 0.129612 0.130319
9 4498 0.0914709 0.134721
9 446 0.0853096 0.142937
8 4499 0.120811 0.143524
9 4499 0.082669 0.147925
8 4500 0.0973389 0.158195
9 4500 0.0562633 0.162597
8 4501 0.119344 0.159663
9 4501 0.0817889 0.164064
8 4502 -0.132977 0.178736
9 4502 -0.174053 0.18167
8 4503 -0.0919019 0.178736
9 4503 -0.135911 0.18167
8 4504 0.0430605 0.180203
9 4504 0.000517945 0.184604
8 4505 0.0386595 0.183137
9 4505 -0.00388295 0.187539
8 4506 -0.0288217 0.184604
9 4506 -0.0733202 0.188028
9 2148 -0.134444 0.199276
8 4507 -0.0948359 0.197809
9 4507 -0.137378 0.200743
9 3925 -0.174053 0.206612
8 4508 0.084136 0.241824
9 4508 0.0445274 0.246225
8 2385 -0.0786991 0.243291
8 4509 -0.103638 0.268233
9 4509 -0.143246 0.271167
8 4510 -0.0669632 0.271167
9 4510 -0.108039 0.274101
8 4511 0.0768011 0.272634
9 4511 0.0386595 0.277035
8 4512 -0.0698972 0.274101
9 4512 -0.110973 0.278503
8 4513 0.0709332 0.27997
9 4513 0.0327916 0.284371
8 3307 0.0665322 0.281437
8 4514 0.0518624 0.282904
9 4514 0.0122538 0.287306
9 2758 0.0181218 0.287306
8 3540 0.0298577 0.285838
8 1310 0.0283907 0.296109
8 4515 0.0225227 0.301977
9 4515 -0.0185528 0.306379
8 2826 -0.0566944 0.304912
8 4516 -0.0713642 0.306379
9 4516 -0.11244 0.309313
8 4517 -0.0082839 0.309313
9 4517 -0.0478924 0.313714
8 4518 -0.303734 -0.29369
9 4518 -0.340702 -0.29369
8 4519 -0.323098 -0.29193
9 4519 -0.360066 -0.29193
9 3515 -0.347744 -0.277845
8 4520 0.261348 -0.260239
9 4520 0.215578 -0.256718
8 4521 -0.250923 -0.0965038
9 4521 -0.28613 -0.0961516
8 4522 -0.175227 -0.0929826
9 4522 -0.210434 -0.091222
8 4523 -0.127696 -0.0894614
9 4523 -0.166425 -0.0877008
8 4524 0.194453 -0.0806584
9 4524 0.155725 -0.0771372
8 4525 -0.198111 -0.0612919
9 4525 -0.235079 -0.0595313
8 4526 -0.184028 -0.0595313
9 4526 -0.220996 -0.0577707
8 4527 0.115236 -0.0366436
9 4527 0.079735 -0.0325355
8 4528 0.0413001 -0.0331224
9 4528 0.00785293 -0.0296012
8 4529 0.050102 -0.0313618
9 4529 0.0166548 -0.0278406
8 4530 0.0923511 -0.0207982
9 4530 0.0553832 -0.0172771
8 4531 -0.235079 -0.0190376
9 4531 -0.273808 -0.0172771
8 2948 -0.0801661 -0.00319231
8 4532 0.118757 -0.00319231
9 4532 0.0800285 0.000328873
8 4533 -0.0343962 -0.00143172
9 4533 -0.0731245 0.000328873
8 4534 -0.228038 0.00913185
9 4534 -0.266766 0.0108924
8 4535 -0.184028 0.0355408
9 4535 -0.222757 0.0373014
8 4536 0.118757 0.0373014
9 4536 0.0782681 0.0408225
8 4537 0.141642 0.0390619
9 4537 0.100449 0.0432874
9 3933 -0.201632 0.0623018
8 4538 0.0993927 0.0601891
9 4538 0.0562633 0.0642971
8 4539 0.139881 0.0601891
9 4539 0.100449 0.0644145
9 3516 -0.129457 0.0672314
8 4540 -0.169945 0.068992
9 4540 -0.208674 0.0707526
8 4541 -0.118894 0.0742738
9 4541 -0.162904 0.0760344
8 4542 0.139881 0.0742738
9 4542 0.0993927 0.077795
8 4543 0.00257177 0.077795
9 4543 -0.0414377 0.0813162
9 3934 -0.173466 0.0813162
8 4544 0.138121 0.0813162
9 4544 0.0993927 0.0848374
9 2404 0.0430605 0.086598
9 3937 -0.150581 0.086598
8 4545 0.116996 0.0883586
9 4545 0.0782681 0.0918797
8 4546 0.00257177 0.0901191
9 4546 -0.0420245 0.0936403
8 4547 0.111715 0.0936403
9 4547 0.0694662 0.0971615
8 4548 0.106434 0.0954009
9 4548 0.0659454 0.0989221
8 4549 -0.196351 0.100683
9 4549 -0.23684 0.102443
8 4550 0.129319 0.100683
9 4550 0.0905908 0.104204
8 4551 0.13284 0.100683
9 4551 0.0941115 0.104204
8 4002 -0.104811 0.102443
9 2816 0.00961328 0.113007
8 3995 0.0800285 0.109486
9 692 0.0272171 0.114767
8 4552 0.0976323 0.111246
9 4552 0.0553832 0.114767
8 3996 -0.0396773 0.114767
8 4553 0.0536228 0.114767
9 4553 0.00961328 0.118289
8 4554 -0.279089 0.116528
9 4554 -0.330492 0.117232
8 4555 0.00609253 0.118289
9 4555 -0.0414377 0.12181
8 4556 0.0483417 0.120049
9 4556 0.00433218 0.12357
8 3551 -0.0343962 0.127092
8 4557 0.129319 0.130613
9 4557 0.0905908 0.134134
8 4558 0.129319 0.135895
9 4558 0.0923511 0.139416
8 4559 0.0976323 0.141176
9 4559 0.0571435 0.144698
8 4560 -0.0308754 0.144698
9 4560 -0.0757651 0.147925
8 4561 0.120517 0.144698
9 4561 0.0835493 0.148219
9 2411 -0.143246 0.156728
8 4562 0.0465813 0.158782
9 4562 0.00433218 0.162303
8 4563 0.0413001 0.162303
9 4563 -0.000948978 0.165825
9 3956 -0.187549 0.171106
8 4564 -0.132977 0.179909
9 4564 -0.175227 0.18167
8 4565 -0.0291151 0.185191
9 4565 -0.0731245 0.188712
8 4566 -0.132977 0.193994
9 4566 -0.173466 0.197515
9 3941 -0.173466 0.208079
8 4567 -0.0255943 0.225685
9 4567 -0.0684302 0.229597
8 4568 -0.066083 0.278503
9 4568 -0.106572 0.282024
8 4569 -0.0185527 0.285545
9 4569 -0.0610953 0.288773
8 3999 0.050102 0.289066
8 4570 0.0219359 0.30139
9 4570 -0.0185527 0.306672
8 4571 -0.052 0.306672
9 4571 -0.0924887 0.310193
8 4004 -0.00799048 0.310193
8 4572 -0.0220736 0.315475
9 4572 -0.0625623 0.318996
8 4573 -0.0361566 0.318996
9 4573 -0.0766453 0.322517
8 4574 0.165935 -0.345452
9 4574 0.127911 -0.341226
9 3520 -0.348659 -0.27869
8 2549 -0.29458 -0.277845
8 4575 -0.117134 -0.151082
9 4575 -0.166425 -0.149322
8 4576 -0.157271 -0.119391
9 4576 -0.195295 -0.117279
8 4577 -0.245994 -0.104602
9 4577 -0.280849 -0.103546
8 4578 -0.258669 -0.0940389
9 4578 -0.29289 -0.0936163
8 4579 0.0349628 -0.0877007
9 4579 -0.00728631 -0.0855881
8 4580 0.193397 -0.0813626
9 4580 0.15326 -0.0771372
8 4581 -0.155158 -0.0750245
9 4581 -0.193182 -0.0729118
8 4582 0.157485 -0.0538974
9 4582 0.117349 -0.0496719
8 4583 -0.0389731 -0.0454465
9 4583 -0.0769973 -0.0433338
8 3554 0.0138383 -0.0412211
8 4584 0.0244005 -0.034883
9 4584 -0.0115112 -0.0327702
8 4585 -0.140371 -0.0285448
9 4585 -0.184733 -0.0264321
8 4586 -0.144596 -0.0222067
9 4586 -0.178818 -0.0200939
8 4587 -0.360066 -0.00953041
9 4587 -0.398091 -0.00953041
8 4588 -0.0347482 -0.00107956
9 4588 -0.0727724 0.00103313
8 4589 -0.17417 0.024273
9 4589 -0.212194 0.0263857
8 4590 0.0983365 0.0601891
9 4590 0.0560874 0.0644145
9 2149 -0.226982 0.0686399
8 4591 -0.169945 0.0686399
9 4591 -0.20797 0.0707527
9 3948 -0.17417 0.0813162
8 4592 -0.167833 0.0813162
9 4592 -0.20797 0.0834289
8 4593 0.108899 0.0813162
9 4593 0.0666496 0.0855416
8 4594 0.136361 0.0855416
9 4594 0.0983365 0.089767
8 4595 -0.197407 0.0876543
9 4595 -0.239656 0.089767
8 4596 0.134248 0.0939925
9 4596 0.096224 0.0982179
8 4597 0.106786 0.0961052
9 4597 0.0645372 0.100331
8 4598 -0.197407 0.100331
9 4598 -0.237544 0.102443
8 4599 0.127911 0.100331
9 4599 0.0898867 0.104556
8 4600 -0.0431981 0.106669
9 4600 -0.0872076 0.109486
8 4601 0.0814368 0.108781
9 4601 0.0370752 0.113007
9 3518 0.026513 0.11512
9 3449 -0.343589 0.114275
9 1299 0.0877742 0.121458
8 4602 0.121573 0.121458
9 4602 0.0835493 0.125683
8 4603 0.100449 0.136247
9 4603 0.0603123 0.140472
8 4604 0.127911 0.136247
9 4604 0.0898867 0.140472
8 4605 0.096224 0.140472
9 4605 0.0560874 0.144698
8 4606 0.0455251 0.157374
9 4606 0.00327595 0.161599
8 4607 0.096224 0.157374
9 4607 0.0560874 0.161599
8 4608 0.119461 0.159487
9 4608 0.0814368 0.163712
8 4609 0.0413002 0.161599
9 4609 -0.00306138 0.165825
8 4610 -0.144596 0.17005
9 4610 -0.186845 0.172163
8 4611 0.113124 0.17005
9 4611 0.0750995 0.174276
8 4612 -0.0960094 0.174276
9 4612 -0.140371 0.176388
8 4613 0.0919991 0.180614
9 4613 0.0518624 0.184839
8 4614 0.0983365 0.180614
9 4614 0.0581998 0.184839
8 4615 -0.134034 0.19329
9 4615 -0.17417 0.197515
8 4616 0.111011 0.195403
9 4616 0.072987 0.199628
8 4617 0.104674 0.201741
9 4617 0.0666496 0.205966
8 4618 -0.134034 0.203853
9 4618 -0.17417 0.208079
9 2958 -0.159383 0.23977
9 3959 0.0442577 0.246108
8 4619 0.0708745 0.279911
9 4619 0.0328503 0.284137
8 4620 0.0560874 0.282024
9 4620 0.0180631 0.286249
8 4621 0.0645372 0.282024
9 4621 0.026513 0.286249
8 796 0.0180631 0.303151
8 3453 -0.0579853 0.305264
8 1275 -0.07066 0.307376
8 4622 -0.0516479 0.307376
9 4622 -0.0917846 0.311602
8 4623 -0.0664351 0.311602
9 4623 -0.106572 0.315827
8 4624 -0.0368607 0.31794
9 4624 -0.0769973 0.322165
8 4625 0.1634 -0.344607
9 4625 0.127911 -0.342071
8 4626 0.262263 -0.260943
9 4626 0.217547 -0.257799
8 4627 -0.226982 -0.111363
9 4627 -0.258669 -0.110941
8 4628 0.0341179 -0.108828
9 4628 -0.00390633 -0.106293
8 1457 -0.130654 -0.0910811
8 4629 -0.201632 -0.0175587
9 4629 -0.245994 -0.0158686
8 4630 0.0797469 -0.0175587
9 4630 0.0455251 -0.0137558
8 4631 -0.0900945 0.0661047
9 4631 -0.133189 0.06864
8 4632 0.0366528 0.088922
9 4632 -0.0064413 0.0914573
8 2154 -0.0393956 0.109204
9 2053 -0.176283 0.11681
9 1787 -0.219377 0.129486
8 4633 -0.0368606 0.126951
9 4633 -0.0850246 0.129486
8 4634 -0.163608 0.129486
9 4634 -0.204167 0.132021
8 3556 -0.123049 0.172585
8 4635 -0.123049 0.197938
9 4635 -0.166143 0.200473
8 4636 -0.133189 0.205544
9 4636 -0.173748 0.208079
8 4637 0.0391878 0.261319
9 4637 -0.00137136 0.26639
8 4638 0.0645372 0.281601
9 4638 0.0239781 0.286672
8 4639 0.0645372 0.286672
9 4639 0.0265131 0.291742
8 4640 -0.0647451 0.301883
9 4640 -0.105304 0.306954
8 4012 -0.0571402 0.304419
9 2138 -0.314184 -0.234069
8 4641 0.157316 -0.0545734
9 4641 0.117771 -0.0515311
8 2957 0.17861 -0.0545734
8 2902 0.166442 -0.0454465
8 2153 0.0143453 -0.0424042
9 2964 -0.00694824 -0.0332772
8 4642 0.120813 -0.0363196
9 4642 0.0843098 -0.0332772
8 4643 0.0447647 -0.0332772
9 4643 0.00826145 -0.0302349
8 4644 0.111687 -0.0332772
9 4644 0.075184 -0.0302349
8 4645 0.0903937 -0.021108
9 4645 0.0569324 -0.0175587
8 4646 0.078226 -0.0180657
9 4646 0.0442577 -0.0150234
8 4647 -0.365897 -0.0089388
9 4647 -0.405442 -0.0089388
8 4648 -0.0373676 0.000188114
9 4648 -0.0769128 0.00323043
8 4649 -0.0586612 0.0306112
9 4649 -0.0982064 0.0336535
8 4650 0.126897 0.0397381
9 4650 0.0873518 0.0427804
8 4651 0.136023 0.0610342
9 4651 0.0964776 0.0640765
8 4652 -0.180339 0.0701611
9 4652 -0.219884 0.0732035
8 4653 -0.171213 0.0701611
9 4653 -0.210758 0.0732035
8 4654 0.136023 0.0853727
9 4654 0.0964776 0.088415
9 3422 0.0934356 0.0975419
8 4655 -0.186422 0.0975419
9 4655 -0.225968 0.100584
8 2156 -0.0404095 0.109711
8 4656 0.0660582 0.112753
9 4656 0.0234711 0.115796
8 4657 0.0508485 0.115796
9 4657 0.00826145 0.118838
8 4658 -0.0404095 0.124923
9 4658 -0.0860386 0.127965
8 1807 -0.177297 0.137092
8 4659 -0.101248 0.155346
9 4659 -0.146877 0.158388
8 4660 -0.137752 0.176642
9 4660 -0.180339 0.179684
8 4661 -0.131668 0.194896
9 4661 -0.174255 0.197938
8 4662 -0.149919 0.197938
9 4662 -0.189464 0.20098
8 4663 -0.414568 0.234446
9 4663 -0.472365 0.234446
8 4664 -0.0799547 0.277038
9 4664 -0.122542 0.28008
9 862 -0.143835 0.292249
9 3974 -0.107332 0.316588
8 4665 0.188344 -0.0862134
9 4665 0.148191 -0.0825626
8 4666 0.155491 -0.0570072
9 4666 0.118988 -0.0533565
8 4667 0.111687 -0.0351026
9 4667 0.075184 -0.0314519
8 2551 0.0459814 -0.0314519
8 4668 0.100736 -0.0314519
9 4668 0.0642331 -0.0278011
8 4669 0.129939 -0.013198
9 4669 0.0903937 -0.0089388
9 2970 -0.406659 -0.00954726
8 4670 0.129939 0.0269604
9 4670 0.0897854 0.0306112
8 4671 0.148191 0.0634681
9 4671 0.111687 0.0671189
8 4672 0.13724 0.0744204
9 4672 0.097086 0.0780712
8 4673 0.133589 0.0926742
9 4673 0.0934357 0.096325
8 4674 0.00582789 0.0999758
9 4674 -0.0416263 0.103626
8 4675 0.126289 0.0999758
9 4675 0.0897854 0.103626
9 863 0.0532821 0.107277
8 1809 -0.169388 0.110928
8 4676 0.0678834 0.110928
9 4676 0.0240795 0.114579
8 3489 0.00582789 0.114579
9 3977 0.00582789 0.11823
9 1793 -0.216842 0.140134
8 4677 0.118988 0.143785
9 4677 0.0788344 0.147436
8 4678 0.118988 0.158388
9 4678 0.0788344 0.162039
8 4679 0.115338 0.180293
9 4679 0.0788344 0.183943
8 4680 0.111687 0.194896
9 4680 0.075184 0.198546
8 4681 0.0423312 0.256959
9 4681 0.00217756 0.26061
8 4682 -0.103682 0.286165
9 4682 -0.143835 0.289816
9 3979 -0.0124237 0.293466
9 3534 -0.107332 0.304419
8 4683 -0.0635282 0.31172
9 4683 -0.107332 0.315371
8 4684 -0.027025 0.315371
9 4684 -0.0671786 0.319022
8 4685 -0.107142 -0.291245
10 4685 -0.151967 -0.312641
8 943 -0.290515 -0.281056
8 3559 0.268772 -0.273924
8 883 0.259603 -0.25966
10 3861 0.215798 -0.326905
8 4686 0.235154 -0.247434
10 4686 0.198072 -0.314475
8 4687 0.232098 -0.246415
10 4687 0.194404 -0.31366
8 4688 0.113924 -0.163887
10 4688 0.0762306 -0.229094
8 4689 -0.0531492 -0.160831
10 4689 -0.0916575 -0.237449
8 4690 0.0955866 -0.147585
10 4690 0.0568745 -0.211774
10 3887 0.0405747 -0.195472
10 3863 0.0232562 -0.17917
10 4295 -0.269122 -0.162868
10 4296 -0.256897 -0.159812
8 4691 0.0324248 -0.103774
10 4691 -0.00730596 -0.162868
10 4297 0.0100126 -0.165925
8 4692 -0.193735 -0.077284
10 4692 -0.239578 -0.130265
10 3864 -0.103067 -0.135359
10 4305 -0.239578 -0.111925
10 4307 -0.245691 -0.106831
8 4693 -0.20596 -0.0507936
10 4693 -0.252822 -0.105812
10 4313 -0.0308754 -0.0841796
10 2150 0.0853992 -0.0884914
8 4694 0.11698 -0.0334729
10 4694 0.0752118 -0.0864537
10 4317 -0.0113809 -0.0783028
10 2730 -0.0714865 -0.0823783
10 3495 -0.263009 -0.0803406
10 4323 -0.179473 -0.0528313
8 4695 -0.0796364 0.0195079
10 4695 -0.122423 -0.0385672
8 4696 0.12513 0.0205268
10 4696 0.0843805 -0.0395861
8 4697 0.130224 0.0266399
10 4697 0.0894742 -0.0355106
8 1323 -0.0144371 0.0378474
8 4698 -0.23041 0.0663755
10 4698 -0.277475 -0.00637118
8 4699 -0.167248 0.0735076
10 4699 -0.213091 0.0154325
8 4700 0.0660432 0.0806396
10 4700 0.0242749 0.0215456
8 4701 0.10883 0.0806396
10 4701 0.0670619 0.0235833
8 4702 -0.19781 0.0857339
10 4702 -0.244468 0.0261509
10 2745 -0.311909 0.011357
10 4335 0.0660432 0.0368286
10 2926 0.00797512 0.033772
10 4338 0.0894742 0.0439606
10 4339 0.0904929 0.0459983
10 854 0.086418 0.0500738
8 2453 -0.105105 0.102036
10 4342 0.062987 0.0459983
8 4703 0.0853992 0.104073
10 4703 0.0436309 0.0439606
10 4347 0.0151063 0.0561869
10 4348 0.0843805 0.0653567
8 4704 -0.280328 0.119356
10 4704 -0.329227 0.0449794
10 3499 0.00695638 0.0592435
8 1315 0.124111 0.121394
10 4349 -0.333302 0.0470172
8 4705 -0.0348119 0.131583
10 4705 -0.0775989 0.0673944
8 4706 0.130224 0.132602
10 4706 0.086418 0.0826773
10 4355 0.0792868 0.0918471
10 3981 0.00390016 0.0857339
10 4356 0.00797512 0.102036
8 4707 0.117999 0.165205
10 4707 0.0738672 0.117115
8 4708 -0.0959362 0.175394
10 4708 -0.140761 0.117319
10 4358 0.0513734 0.123228
10 3877 0.000843949 0.120375
10 4359 -0.00363846 0.126896
8 4709 -0.0286995 0.188639
10 4709 -0.0725052 0.129545
10 3878 0.0171438 0.138715
10 4361 -0.135667 0.140752
10 3501 -0.0708752 0.150126
10 4365 -0.178454 0.155017
10 4366 0.045261 0.162352
10 1958 -0.131592 0.159092
8 4710 -0.0256432 0.225318
10 4710 -0.0696527 0.168466
8 2553 0.101699 0.229393
10 2792 -0.123442 0.191696
8 4711 -0.0215683 0.263016
10 4711 -0.0672077 0.208812
8 4712 0.078268 0.272186
10 4712 0.0330361 0.223484
8 4713 0.0721556 0.280337
10 4713 0.0263124 0.23245
10 4376 0.0110313 0.234488
10 3882 -0.0146408 0.233265
10 3502 -0.0123996 0.236525
8 4714 0.0517809 0.288487
10 4714 0.00695638 0.239582
8 4715 0.0263124 0.289506
10 4715 -0.0195308 0.239378
10 3883 -0.0164746 0.251808
10 3314 -0.0574278 0.25894
10 2120 -0.0847301 0.260978
8 4716 -0.00832469 0.310902
10 4716 -0.0537604 0.260163
10 3886 -0.0837113 0.26811
8 4717 -0.10755 -0.291245
10 4717 -0.152048 -0.312763
8 4718 -0.0574278 -0.173872
10 4718 -0.0953249 -0.254566
8 4719 0.0208113 -0.164091
10 4719 -0.0195308 -0.216664
8 260 -0.176009 -0.139638
10 3986 0.0232562 -0.179985
8 4720 -0.223686 -0.111518
10 4720 -0.27014 -0.162868
10 707 -0.29459 -0.156755
10 1937 -0.294346 -0.155777
8 4721 0.0501509 -0.102959
10 4721 0.00980889 -0.165314
10 2932 -0.239578 -0.129857
10 4387 -0.231021 -0.111518
10 4390 0.13328 -0.105405
10 2963 0.128186 -0.102756
10 4393 -0.00221227 -0.0823783
10 4396 -0.000174789 -0.0803406
10 4397 -0.00363846 -0.0785066
10 4398 -0.0121959 -0.077284
10 3280 0.0477059 -0.0660765
10 4403 -0.11244 -0.0491634
8 2263 -0.0794326 0.0193041
10 3893 -0.29459 -0.00514854
10 4417 0.0281462 0.0168589
10 3894 0.0244787 0.0205268
8 4722 0.10883 0.0804359
10 4722 0.0672657 0.0229721
8 4723 0.13817 0.0804359
10 4723 0.0974916 0.0128644
10 3332 0.00125147 0.02664
8 4724 0.0477059 0.0877717
10 4724 0.0061414 0.02664
10 3895 0.00980889 0.0303078
8 4725 0.107608 0.0938848
10 4725 0.0648208 0.036421
8 4033 0.0843805 0.0987754
8 884 0.12839 0.0987754
10 4423 -0.0366456 0.0388663
8 4726 0.134502 0.107334
10 4726 0.0917154 0.0559832
8 4727 -0.2897 0.112224
10 4727 -0.3386 0.0351984
8 4728 0.0049189 0.113447
10 4728 -0.0366456 0.04987
10 1529 -0.154004 0.0523153
10 3498 0.00980889 0.0572058
10 4428 0.0061414 0.0584284
8 4729 0.1235 0.120783
10 4729 0.080713 0.0682095
10 2143 -0.0745426 0.0657643
10 4432 0.080713 0.0877717
10 4435 0.0110313 0.0816585
8 4730 -0.165007 0.145235
10 4730 -0.212195 0.0877717
8 4731 -0.0317557 0.145235
10 4731 -0.0742982 0.0833702
8 4732 -0.151559 0.147681
10 4732 -0.197525 0.0892388
10 3901 0.0049189 0.099998
10 4439 0.0758231 0.109779
10 4440 0.0501509 0.107334
8 4733 0.116165 0.162352
10 4733 0.0721556 0.111002
8 4734 -0.0305332 0.16602
10 4734 -0.0742982 0.106845
8 4735 0.0440385 0.177024
10 4735 0.00125147 0.11956
8 4736 0.042816 0.180692
10 4736 2.89711e-05 0.124451
8 4737 -0.0293107 0.188028
10 4737 -0.0733202 0.129341
10 4446 0.0672657 0.146458
8 4738 0.040371 0.200254
10 4738 -0.00241596 0.144991
10 3926 -0.178454 0.153794
8 4739 -0.0256432 0.232043
10 4739 -0.0696527 0.177024
10 3345 -0.124665 0.18436
10 3905 -0.119775 0.194141
8 4740 0.0697107 0.27728
10 4740 0.0239897 0.230086
10 3880 0.00785287 0.233021
10 4454 -0.0635403 0.239378
10 857 -0.0231982 0.252827
8 4741 -0.0581613 -0.173383
10 4741 -0.0963029 -0.254077
10 4458 -0.0200198 -0.217398
10 4459 0.0738672 -0.229135
8 2356 -0.193124 -0.160179
8 4742 0.0958719 -0.148441
10 4742 0.0577303 -0.212996
8 4055 0.079735 -0.132303
8 4743 -0.0801661 -0.129368
10 4743 -0.119775 -0.207128
10 2145 -0.0745427 -0.168982
10 647 -0.185789 -0.161646
10 4462 0.0107868 -0.166047
8 4744 -0.105105 -0.082419
10 4744 -0.14706 -0.14404
10 4465 -0.240067 -0.130835
8 4745 0.0181218 -0.0706817
10 4745 -0.0229538 -0.130835
10 1259 0.134013 -0.105894
8 4746 0.169221 -0.04574
10 4746 0.12839 -0.102959
10 4469 -0.265047 -0.0895103
8 4747 0.0313246 -0.0340027
10 4747 -0.0115112 -0.0771372
10 4470 -0.00241596 -0.0780176
10 4471 0.078268 -0.0853533
8 4748 -0.135911 0.00707781
10 4748 -0.179676 -0.0528313
10 4480 0.0993927 -0.0155165
10 4487 0.0677059 0.0232166
8 4749 -0.168185 0.081903
10 4749 -0.213662 0.0217494
10 3375 0.00980889 0.0254173
10 4489 0.0738672 0.0349539
10 3378 0.000517945 0.0320196
10 4492 0.00638589 0.0334867
10 4494 0.0853096 0.0478649
10 3382 -0.144713 0.0378882
8 4750 0.00638589 0.10391
10 4750 -0.0361566 0.0408225
8 3567 0.0709332 0.109779
8 2556 0.00638589 0.111246
8 4751 -0.134444 0.112713
10 4751 -0.179676 0.04987
10 3512 -0.0816331 0.0554941
10 4497 -0.209261 0.0686986
10 2499 -0.148821 0.0742738
8 4076 -0.0317557 0.144991
8 1321 -0.0361566 0.147925
8 4065 0.0474614 0.158195
10 4500 0.0536228 0.104204
8 4752 -0.0302887 0.165531
10 4752 -0.0731245 0.105965
10 3876 0.0709332 0.120049
8 4753 -0.0508264 0.177268
10 4753 -0.0948359 0.118582
10 4504 0.000517945 0.124451
8 4754 -0.0214868 0.224218
10 4754 -0.0664351 0.167937
8 3573 -0.377964 0.238889
8 3568 -0.0742982 0.247692
10 4511 0.0324983 0.223924
10 4513 0.0269237 0.231553
10 2534 0.0049189 0.240356
10 1310 -0.0167924 0.246812
10 4515 -0.0229538 0.252094
10 4516 -0.118894 0.257376
8 4755 -0.0508264 0.306379
10 4755 -0.0977699 0.256495
10 4517 -0.0537604 0.259136
10 2536 -0.086034 0.260897
10 1772 -0.323098 -0.295451
8 4756 -0.0484792 -0.1458
10 4756 -0.0875596 -0.218689
8 4757 0.0148944 -0.1458
10 4757 -0.0255943 -0.198618
8 806 -0.155862 -0.117631
8 4758 -0.0343962 -0.107067
10 4758 -0.0745426 -0.170204
10 2542 -0.000948978 -0.0813626
8 4759 0.13108 0.0284984
10 4759 0.0888304 -0.0243194
10 4538 0.0571435 0.00208949
8 4001 -0.265006 0.0883586
10 3517 -0.000948978 0.0320196
10 3423 0.00609253 0.0337802
8 4760 0.106434 0.100683
10 4760 0.0641851 0.0443437
10 4002 -0.148821 0.0390619
8 4761 0.00609253 0.102443
10 4761 -0.0361566 0.0390619
8 4762 0.0448209 0.114767
10 4762 0.00257177 0.0531467
10 4553 0.0113737 0.0531467
8 4763 0.127559 0.116528
10 4763 0.0835493 0.0654709
10 4555 -0.0361566 0.0549073
10 4556 0.00609253 0.0584285
8 131 -0.28437 0.12181
8 376 0.124038 0.12181
8 4764 -0.155862 0.125331
10 4764 -0.201632 0.0665272
8 4765 -0.324859 0.130613
10 4765 -0.37591 0.0549073
8 4766 0.118757 0.160543
10 4766 0.0747474 0.111246
8 4067 0.0941115 0.162303
8 887 0.111715 0.195755
8 4767 0.106434 0.201037
10 4767 0.0624247 0.1535
10 3941 -0.180508 0.153148
8 4768 0.0888304 0.2116
10 4768 0.0448209 0.160543
10 4567 -0.07066 0.17005
10 3958 -0.16572 0.186952
8 4079 0.0765077 0.273221
10 4568 -0.111853 0.227445
10 2966 0.013134 0.232727
10 4569 -0.0643226 0.232727
10 2291 -0.00975089 0.236248
10 4570 -0.0238339 0.252094
10 1965 -0.0273547 0.253854
10 2549 -0.341054 -0.341226
8 4769 0.220859 -0.244041
10 4769 0.182835 -0.309536
8 4770 0.0328503 -0.106715
10 4770 -0.00728631 -0.163758
8 4771 0.04975 -0.104602
10 4771 0.00961334 -0.165871
10 4579 -0.00517384 -0.148969
8 4772 -0.218532 -0.034883
10 4772 -0.265006 -0.0898135
8 4773 0.119461 -0.034883
10 4773 0.0772119 -0.0855881
8 4774 -0.216419 -0.020094
10 4774 -0.263246 -0.0806584
10 4588 -0.0769973 -0.0581228
8 4775 -0.203745 0.039062
10 4775 -0.249796 -0.0327702
8 4776 0.115236 0.0475128
10 4776 0.072987 -0.00953041
10 2149 -0.237544 0.00103313
8 4777 -0.248106 0.0686399
10 4777 -0.29458 -0.005305
8 4778 -0.119246 0.0728653
10 4778 -0.163608 0.0115967
8 4779 0.0814368 0.0749781
10 4779 0.0391877 0.0158221
10 4593 0.0666496 0.024273
8 4780 0.0391877 0.0939925
10 4780 -0.00306138 0.0327238
8 4781 0.0793243 0.0939925
10 4781 0.0370752 0.0348365
10 4597 0.0645372 0.039062
8 4782 0.00538841 0.102443
10 4782 -0.0368607 0.039062
10 4600 -0.0850246 0.0432874
10 1062 0.0117258 0.0475128
10 3518 0.026513 0.0517382
8 4783 0.096224 0.110894
10 4783 0.0539749 0.0517382
8 4784 0.0539749 0.113007
10 4784 0.0117258 0.0517382
8 4785 -0.112909 0.11512
10 4785 -0.157271 0.0517382
8 4786 0.00538841 0.117232
10 4786 -0.0368607 0.053851
8 4787 0.0476375 0.119345
10 4787 0.00538841 0.0580764
8 4788 -0.28613 0.12357
10 4788 -0.334717 0.0475128
8 4789 -0.0453105 0.12357
10 4789 -0.0875596 0.0610342
8 4790 -0.313592 0.134134
10 4790 -0.364291 0.0559636
8 4074 0.04975 0.138359
10 3952 0.0750995 0.0939925
10 3954 -0.212194 0.089767
10 4606 0.00327595 0.100331
10 4610 -0.19107 0.117232
10 4611 0.0687621 0.121458
10 4612 -0.140371 0.11512
8 4791 -0.148821 0.195403
10 4791 -0.196562 0.144698
10 4617 0.0603123 0.153148
10 4618 -0.181353 0.152303
8 4792 0.0413002 0.231319
10 4792 -0.00306138 0.176388
10 3959 0.0391877 0.191177
8 2108 -0.104459 0.267235
10 4619 0.026513 0.231319
10 4622 -0.0981219 0.256671
10 4628 -0.0064413 -0.167139
8 4793 0.0417227 -0.0327702
10 4793 -0.00137136 -0.0784048
10 3528 -0.262893 -0.0855881
8 4794 0.0898867 -0.0200939
10 4794 0.0476375 -0.0665736
8 4795 -0.280216 0.078781
10 4795 -0.32838 0.00525861
10 4632 -0.00390633 0.0280759
8 1823 -0.188957 0.099063
8 4796 0.0822819 0.101598
10 4796 0.0391878 0.0432874
10 3950 0.0391878 0.0508932
10 3447 0.0265131 0.0534285
8 4797 0.100026 0.12188
10 4797 0.0569324 0.0661047
8 4798 0.122841 0.12188
10 4798 0.0797469 0.0711752
10 1787 -0.22901 0.0732035
8 4799 0.127911 0.137092
10 4799 0.0848168 0.0863868
8 4800 0.0949566 0.142162
10 4800 0.0518625 0.088922
8 4801 0.117771 0.144698
10 4801 0.074677 0.0939925
8 4802 0.0391878 0.162444
10 4802 -0.00390633 0.104134
10 3430 0.0467926 0.109204
8 3480 -0.135724 0.177656
8 4803 -0.363869 0.230896
10 4803 -0.417103 0.152303
8 4804 -0.414568 0.233432
10 4804 -0.470337 0.154839
10 3526 -0.125584 0.187797
10 4638 0.0189082 0.233432
8 4102 -0.019116 0.289207
8 4805 0.029048 0.289207
10 4805 -0.016074 0.24053
8 4806 -0.0373676 -0.0484888
10 4806 -0.0799547 -0.10325
8 4807 -0.216842 -0.021108
10 4807 -0.262471 -0.0860106
10 4648 -0.0799547 -0.0576157
8 4808 0.114729 0.0458227
10 4808 0.0721421 -0.0119811
8 4809 0.108645 0.0823304
10 4809 0.0660582 0.0245266
10 3915 -0.242394 0.034262
10 3531 -0.0373676 0.0397381
10 3963 0.0386808 0.0427804
8 4810 0.0386808 0.115796
10 4810 -0.00390633 0.0549496
10 4657 0.00826145 0.0549496
8 4095 -0.289848 0.127965
8 4811 -0.295932 0.137092
10 4811 -0.344603 0.0598173
8 4812 0.0417227 0.143176
10 4812 -0.000864352 0.0853727
8 4813 0.0873518 0.164473
10 4813 0.0447647 0.109711
8 4814 -0.1195 0.1736
10 4814 -0.165129 0.115796
10 3533 -0.016074 0.238705
10 1230 -0.0708289 0.26426
8 4815 -0.246044 -0.104467
10 4815 -0.293499 -0.155578
8 3582 -0.0890805 0.0634681
8 4816 -0.103682 0.0817219
10 4816 -0.147486 0.0196589
10 4675 0.0824847 0.048865
10 1793 -0.224143 0.0817219
10 4677 0.075184 0.0926742
10 4678 0.075184 0.107277
10 4679 0.0715337 0.132833
8 4817 -0.136535 0.227753
10 4817 -0.183989 0.176642
8 4818 0.0350305 0.227753
10 4818 -0.00877338 0.172991
8 4819 -0.132884 0.238705
10 4819 -0.180339 0.191245
10 4681 -0.00147277 0.205848
11 883 0.290166 -0.335056
11 4687 0.259603 -0.318754
8 4820 0.173011 -0.204642
11 4820 0.199294 -0.277796
11 3862 0.13328 -0.23317
8 4115 0.0151063 -0.144529
11 3887 0.0966053 -0.199547
11 4293 -0.158079 -0.178151
11 4294 0.0061414 -0.170204
11 4297 0.0650245 -0.168982
8 4821 0.193385 -0.0905292
11 4821 0.202962 -0.148197
11 4299 0.0501509 -0.15431
11 4300 0.0477059 -0.151865
11 4303 0.0283499 -0.133321
11 4307 -0.212072 -0.10785
11 4693 -0.218185 -0.106831
11 4694 0.114943 -0.0813594
11 3890 0.10883 -0.0803406
11 4319 0.117999 -0.0803406
8 4822 0.0527996 -0.0304163
11 4822 0.0415935 -0.0732085
11 3496 -0.240801 -0.0760613
11 1323 -0.0164746 -0.0141145
11 4330 0.146523 -0.0141145
8 4823 -0.246709 0.0694321
11 4823 -0.235503 -0.0069825
8 1341 0.0711369 0.0765642
11 3870 0.0803055 0.0225645
11 4340 0.129205 0.0500738
11 854 0.131242 0.0521115
11 4341 0.0986428 0.0449794
11 4344 0.106793 0.0500738
11 3293 0.0813243 0.0521115
8 4824 -0.288478 0.112224
11 4824 -0.276253 0.0327531
8 4825 -0.280328 0.117319
11 4825 -0.27014 0.040904
11 4704 -0.271159 0.0439606
11 3499 0.0640057 0.0602624
11 4349 -0.274215 0.0459983
11 4706 0.127167 0.0877716
8 4826 0.130224 0.135658
11 4826 0.129205 0.0887905
8 4827 0.0976241 0.159092
11 4827 0.10068 0.109168
11 4356 0.058912 0.105092
8 4828 0.115961 0.163167
11 4828 0.113924 0.118337
11 4707 0.114943 0.121394
8 89 0.115961 0.168262
11 4358 0.0966053 0.127507
11 3878 0.0650245 0.14279
8 4829 0.110868 0.195771
11 4829 0.105774 0.152979
11 4361 -0.0877863 0.144828
11 4366 0.0884554 0.168262
11 2553 0.0944049 0.189006
8 4830 -0.0286995 0.235507
11 4830 -0.0256432 0.185582
8 4831 -0.373033 0.236525
11 4831 -0.363864 0.160111
8 4832 0.0853992 0.240601
11 4832 0.0833617 0.195771
11 4371 0.082343 0.199846
11 4712 0.0741931 0.230412
11 4376 0.0538183 0.240601
11 4714 0.0466872 0.246714
11 4715 0.0232562 0.246714
8 3312 -0.0185121 0.291544
11 3884 -0.0633366 0.25894
11 1308 0.0195888 0.260163
8 3984 0.0171438 0.30377
11 3984 0.0100126 0.264035
11 2294 -0.0635403 0.265054
11 995 -0.069449 0.272186
8 4833 -0.0185121 0.314978
11 4833 -0.0244207 0.273612
8 3403 -0.0977699 -0.330369
8 4834 0.105163 -0.302249
11 4834 0.106141 -0.355311
8 4835 0.0146988 -0.144529
11 4835 0.0137208 -0.199792
11 3986 0.0794905 -0.184876
8 4836 0.0318136 -0.104182
11 4836 0.0342586 -0.160179
11 4721 0.0648208 -0.170204
11 4396 0.0314061 -0.0793217
11 4399 0.0252937 -0.0762651
8 4837 0.0525959 -0.0308239
11 4837 0.0415935 -0.0736161
8 4838 -0.232243 0.0119683
11 4838 -0.2386 -0.0507283
8 4839 0.116165 0.0474247
11 4839 0.129612 -0.0119953
11 3893 -0.235911 -0.0075938
11 4420 -0.272178 0.0062627
8 4840 -0.264028 0.086549
11 4840 -0.251803 0.00830045
8 4841 -0.196791 0.0914396
11 4841 -0.201632 0.0337802
11 4033 0.0966053 0.0400889
11 3293 0.0819355 0.0523153
11 4727 -0.277475 0.0327531
11 3873 0.12839 0.0853264
11 4433 0.12839 0.0926622
8 4842 -0.337377 0.157462
11 4842 -0.328086 0.0789687
8 4843 0.0513734 0.158684
11 4843 0.0599308 0.103666
11 4440 0.0966053 0.111002
8 4844 0.107608 0.200254
11 4844 0.102718 0.158073
11 3926 -0.137378 0.159663
8 4845 -0.0219757 0.223484
11 4845 -0.0183083 0.172133
11 1706 -0.411949 0.158684
11 4452 -0.0708752 0.223484
8 4846 0.0770456 0.272389
11 4846 0.0733781 0.23082
11 3880 0.0489284 0.240356
11 3881 0.0538183 0.240601
11 3311 0.0464835 0.246714
11 2795 -0.0708752 0.257718
11 1930 -0.0635403 0.256495
11 4455 0.00931986 0.263831
11 2917 0.30565 -0.353844
8 4153 0.260174 -0.259946
8 4847 0.175089 -0.205661
11 4847 0.200028 -0.277551
8 4848 0.0151878 -0.145507
11 4848 0.0148944 -0.200379
11 4055 0.0966053 -0.20077
8 4849 -0.260605 -0.0956235
11 4849 -0.28261 -0.147561
8 4850 -0.256204 -0.0926892
11 4850 -0.278209 -0.14404
11 4465 -0.207794 -0.132303
11 1785 0.183402 -0.106627
11 4471 0.11641 -0.082419
11 3910 0.083158 -0.0650576
8 2523 -0.0332227 -0.00172517
11 3375 0.0650652 0.0246837
11 4001 -0.252683 0.00913185
8 4851 0.084136 0.099509
11 4851 0.0973389 0.0393553
8 4852 -0.185789 0.100976
11 4852 -0.19283 0.0461043
8 4853 -0.288478 0.111246
11 4853 -0.278209 0.0334867
11 3511 0.0606643 0.0531467
8 4854 -0.292879 0.115648
11 4854 -0.281143 0.036421
11 3512 -0.0258877 0.0554941
8 4162 -0.124176 0.120049
11 3918 -0.32838 0.0792035
8 4855 0.10174 0.136188
11 4855 0.106141 0.0848373
11 4499 0.126679 0.090706
11 3919 -0.0960095 0.0954009
8 3901 0.0503954 0.159663
11 4501 0.115236 0.116528
11 3876 0.112009 0.124451
8 3594 0.0900039 0.189006
8 4856 0.110542 0.194874
11 4856 0.105163 0.152571
8 4857 -0.0258877 0.225685
11 4857 -0.0220735 0.174276
11 4512 -0.0731245 0.229206
11 4513 0.0660432 0.239378
11 3307 0.0621313 0.240356
11 3928 -0.0203131 0.23977
11 2291 0.0327916 0.241824
11 3310 0.0591973 0.246225
11 2534 0.0459944 0.247692
8 4858 0.0166548 0.303444
11 4858 0.013134 0.262657
11 4755 -0.0572811 0.264418
11 4517 -0.0115112 0.267939
11 3929 -0.0698972 0.271167
8 4859 0.113476 -0.163406
11 4859 0.1346 -0.23383
11 4757 0.0138383 -0.199675
8 4860 0.0324983 -0.105307
11 4860 0.0349628 -0.161646
8 3438 -0.245642 -0.103546
8 4861 -0.259725 -0.0947431
11 4861 -0.281906 -0.146857
11 4524 0.205015 -0.138758
11 3931 -0.208674 -0.131716
8 4862 -0.19107 -0.0595313
11 4862 -0.205153 -0.112349
11 4538 0.110542 0.00267632
8 4863 -0.243881 0.0654709
11 4863 -0.231559 -0.0119953
8 4864 -0.247402 0.068992
11 4864 -0.235079 -0.00847408
11 1569 0.0835493 0.0144136
11 1517 0.0765077 0.021456
8 4865 -0.301974 0.105965
11 4865 -0.293172 0.0284984
11 3995 0.0905908 0.0513861
11 3996 -0.024186 0.0496255
11 4762 0.0581998 0.053851
11 3917 -0.0255943 0.0566679
8 4866 -0.312536 0.134134
11 4866 -0.301974 0.0549073
8 4075 0.0553832 0.139416
11 3921 0.0606643 0.104204
11 4067 0.0958719 0.113007
11 3922 0.115236 0.11512
8 2955 -0.0960095 0.174628
11 3924 0.0958719 0.133254
8 4867 0.0853096 0.24153
11 4867 0.082669 0.197809
11 2023 -0.0812223 0.195403
11 2966 0.0553832 0.23977
11 2482 0.0222881 0.243995
8 4868 0.0289774 0.287306
11 4868 0.0289774 0.24153
11 4573 -0.0414377 0.276742
8 4869 0.271558 -0.277845
11 4869 0.303245 -0.353902
8 4870 0.130023 -0.178547
11 4870 0.0793243 -0.184886
8 4871 0.0772119 -0.132068
11 4871 0.096224 -0.201787
8 4872 0.0898867 -0.020094
11 4872 0.0835493 -0.0648131
8 4873 0.117349 -0.00319228
11 4873 0.115236 -0.0517847
11 4777 -0.235432 -0.00953041
8 4874 -0.093897 0.0707527
11 4874 -0.0875596 0.00948398
11 3948 -0.128119 0.0179349
8 4875 0.0645372 0.0792035
11 4875 0.0750995 0.0200476
11 4593 0.120811 0.0232166
8 4876 -0.265006 0.0876543
11 4876 -0.254444 0.00948398
11 4780 0.0518624 0.0327238
11 4781 0.0919991 0.0348365
11 4601 0.0919991 0.0517382
11 4783 0.108195 0.0531467
11 3449 -0.279793 0.0348365
8 4877 -0.134034 0.113007
11 4877 -0.128119 0.0508932
11 4787 0.0624247 0.0580764
11 4603 0.104674 0.0855416
11 4612 -0.0926295 0.119345
11 4613 0.0941116 0.132021
8 4878 0.0856617 0.186952
11 4878 0.0877742 0.138359
8 2019 -0.0917846 0.195403
8 4879 0.0877742 0.212304
11 4879 0.0877742 0.165825
8 2517 -0.0769973 0.275686
11 4621 0.0603123 0.23977
11 3960 -0.0723499 0.261319
11 4623 -0.0727724 0.27146
8 4880 0.155795 -0.0530523
11 4880 0.1634 -0.108828
8 4881 -0.0368606 -0.0479817
11 4881 -0.0317907 -0.108828
8 4882 0.0391878 -0.0378407
11 4882 0.029048 -0.0809401
11 4793 0.0315829 -0.0758695
11 4794 0.0843098 -0.0667426
11 2528 -0.0368606 -0.0555875
8 4883 -0.0596752 0.0280759
11 4883 -0.0596752 -0.0276997
8 4884 0.115236 0.0458227
11 4884 0.122841 -0.00995293
11 3947 0.108899 0.00314585
8 4885 0.0721421 0.0737105
11 4885 0.0822819 0.0153996
11 4632 0.0493275 0.0280759
11 3962 -0.140793 0.0356817
11 865 0.0569324 0.0534285
8 4886 0.0467926 0.119345
11 4886 0.0620023 0.058499
8 4887 -0.31317 0.134557
11 4887 -0.30303 0.0559637
8 4888 0.117771 0.159909
11 4888 0.115236 0.114275
11 3430 0.0949566 0.114275
11 3957 0.0949566 0.132021
8 4889 0.107631 0.21822
11 4889 0.102561 0.176388
11 4637 0.0391877 0.21653
8 4890 -0.0723499 0.27146
11 4890 -0.0769128 0.225319
11 4638 0.0594673 0.241037
11 4639 0.0581998 0.246108
8 4891 -0.105304 0.289207
11 4891 -0.115444 0.246108
8 4892 0.142107 0.0366958
11 4892 0.145656 -0.0150234
11 4650 0.132981 -0.0150234
11 3970 0.0569324 0.0245266
11 4811 -0.283764 0.0579919
11 4814 -0.118283 0.11823
8 4893 -0.359813 0.228361
11 4893 -0.344603 0.147436
8 4894 -0.365897 0.231403
11 4894 -0.356771 0.155346
11 4663 -0.411526 0.158388
8 3638 0.0660582 0.286165
8 4895 0.0350305 -0.111769
11 4895 0.0350305 -0.16653
8 4896 -0.19859 -0.0643087
11 4896 -0.2138 -0.118462
11 4666 0.162792 -0.111769
8 4897 -0.246044 0.00505582
11 4897 -0.253345 -0.0570072
11 4677 0.118988 0.096325
8 4215 0.104387 0.2168
8 4898 -0.413959 0.231403
11 4898 -0.410309 0.154737
12 883 0.399171 -0.307547
12 4686 0.370646 -0.29532
8 2077 -0.0602803 -0.187321
8 4899 0.0650245 -0.118038
12 4899 0.174844 -0.161646
8 3678 -0.259953 -0.0946046
8 4900 -0.026662 -0.0528313
12 4900 0.0599308 -0.0907329
8 2247 0.132261 -0.0375484
8 4901 0.0049189 0.0887905
12 4901 0.125212 0.0481583
12 4341 0.190329 0.0673944
12 2746 0.000843949 0.063319
8 4902 0.0049189 0.111205
12 4902 0.130224 0.0694321
12 4824 -0.161339 0.0657643
8 4903 -0.131592 0.1163
12 4903 -0.0297182 0.077583
12 1916 -0.003231 0.117319
12 3882 0.106793 0.260978
12 4715 0.101699 0.266072
12 4379 0.0110313 0.276261
8 685 -0.173564 -0.137193
12 2538 -0.149114 -0.087065
12 4394 0.217631 -0.0721489
12 2489 0.0623758 -0.0613897
8 4904 -0.135667 0.00707781
12 4904 -0.045203 -0.0320465
8 4905 0.0049189 0.111002
12 4905 0.131079 0.0701657
8 4906 0.040371 0.223484
12 4906 0.129612 0.194141
12 3506 0.122278 0.203922
12 3311 0.122074 0.266072
12 3352 0.0591973 0.288773
8 4907 -0.00852839 0.310291
12 4907 0.0650652 0.288773
12 4153 0.401004 -0.308362
12 3909 -0.144224 -0.087065
12 3375 0.156018 0.0481583
8 4908 0.0049189 0.100976
12 4908 0.127559 0.0601891
12 2556 0.13108 0.0707526
8 2742 0.0533294 0.114181
8 4909 0.0547963 0.117115
12 4909 0.161886 0.0804359
8 4910 0.00638589 0.118582
12 4910 0.134502 0.0767679
8 4911 -0.367695 0.233021
12 4911 -0.233466 0.191696
12 4512 0.00785293 0.250333
12 4514 0.124723 0.260163
12 4858 0.0900039 0.281437
12 4755 0.0195888 0.285838
12 4521 -0.210434 -0.131716
12 4861 -0.218532 -0.129955
12 4523 -0.0502396 -0.129955
8 3371 -0.0132716 0.0373014
12 3996 0.0817889 0.0742738
8 4204 -0.277681 -0.267281
8 4912 0.0708745 0.0728653
12 4912 0.172272 0.0369493
12 2147 0.0898867 0.0855416
8 4913 -0.376966 0.237657
12 4913 -0.239656 0.195403
8 4914 0.0370752 0.260897
12 4914 0.113476 0.236248
8 2028 -0.295425 -0.27869
12 265 0.266826 -0.0880388
8 2527 0.0518625 0.0838515
8 4915 0.00369852 0.101598
12 4915 0.127911 0.0610342
8 4916 -0.159045 0.0610342
12 4916 -0.0738709 0.0245266
8 4917 0.00521947 0.115796
12 4917 0.136023 0.0732035
12 4816 -0.00877338 0.0452143
8 4918 -0.037976 0.12188
12 4918 0.086135 0.0817219
13 2247 0.258585 -0.062001
13 3886 0.0966053 0.306827
8 2798 -0.331265 -0.318143
13 3352 0.117877 0.296109
13 2540 -0.166229 -0.117631
13 1990 0.0430605 0.0936403
13 4518 -0.203393 -0.32186
13 2948 0.04975 -0.0222067
13 4785 0.0599743 0.0944996
13 2873 0.0687621 0.224981
8 2516 -0.07066 0.273573
8 4919 -0.247261 -0.103757
13 4919 -0.16572 -0.117279
13 4805 0.155795 0.27146
13 2855 -0.186423 -0.106293
14 4685 0.00390016 0.0969414
14 4717 0.00369647 0.0963301
14 4835 0.0148944 -0.265521
8 4920 -0.117134 -0.172209
14 4920 0.00980889 0.11956
14 825 0.330707 0.0926742
8 4921 -0.14706 0.195755
14 4921 0.0239781 0.159909
14 3554 0.210297 -0.0369957
8 2218 0.04975 -0.0306575
8 4922 -0.184733 0.0158221
14 4922 -0.0229538 0.0305524
8 4923 0.0366528 0.228361
14 4923 0.0642331 0.0561666
14 2551 0.239449 -0.0314519
9 1822 0.0731744 -0.303471
9 3861 0.206629 -0.254566
9 4924 0.0252937 -0.232151
10 4924 0.0242749 -0.292264
9 4925 -0.169285 -0.178151
10 4925 -0.155227 -0.266792
9 4926 -0.168267 -0.174076
10 4926 -0.155227 -0.263124
9 4719 -0.0154559 -0.160831
9 4927 -0.0215683 -0.142491
10 4927 -0.0256432 -0.19751
9 4928 -0.113255 -0.138416
10 4928 -0.103067 -0.219925
10 4299 -0.00221227 -0.151661
9 4929 -0.0786176 -0.0406049
10 4929 -0.0801661 -0.101786
9 4930 -0.00424974 -0.0324541
10 4930 -0.0134184 -0.0803406
9 4931 0.00593764 -0.0304163
10 4931 -0.003231 -0.0783028
10 4318 -0.00730596 -0.077284
9 4932 -0.200866 0.00422497
10 4932 -0.202904 -0.0589445
9 4696 0.0813243 0.0256211
9 4933 0.0925304 0.0347908
10 4933 0.0894742 -0.0222654
9 4934 0.0853992 0.0439606
10 4934 0.0833617 -0.0141145
9 4935 0.0670619 0.0561869
10 4935 0.0697107 -0.00881644
9 4936 0.0426122 0.0592435
10 4936 0.0446497 -0.00494478
9 4937 0.0558558 0.0653567
10 4937 0.0562633 0.00218728
9 4699 -0.210035 0.077583
9 4701 0.0660432 0.0857339
10 560 0.00695638 0.0235833
10 873 -0.0378681 0.0241947
10 3535 0.0436309 0.0388663
10 4340 0.086418 0.0459983
9 2453 -0.148911 0.105092
10 2746 -0.144836 0.0388663
10 4341 0.0456684 0.0419229
9 4703 0.0415935 0.109168
10 2740 0.0130688 0.0470172
10 4344 0.0548371 0.0490549
9 4938 -0.341452 0.114262
10 4938 -0.337377 0.0347908
10 4345 -0.326171 0.0398851
9 4939 0.0548371 0.1163
10 4939 0.0558558 0.0531303
9 4940 -0.331265 0.119356
10 4940 -0.329227 0.0429417
9 4941 0.0690994 0.119356
10 4941 0.0670619 0.0602624
9 4942 0.0660432 0.121394
10 4942 0.0660432 0.0596511
9 4943 0.00288143 0.122413
10 4943 0.00593764 0.0561869
9 3500 -0.0847301 0.123432
9 1031 0.086418 0.126488
9 3900 -0.377108 0.132602
9 4706 0.0925304 0.135658
9 4944 0.0925304 0.139734
10 4944 0.0874367 0.0857339
10 4351 0.0100126 0.0765642
10 4352 0.0874367 0.0887905
9 4036 0.0110313 0.144828
10 1916 -0.145854 0.0918471
9 4945 0.0568745 0.163167
10 4945 0.0538183 0.106111
9 4946 0.0538183 0.164186
10 4946 0.0507621 0.10713
9 4947 0.0772493 0.169281
10 4947 0.0721556 0.115281
9 4948 -0.191698 0.170299
10 4948 -0.196791 0.112224
9 4949 0.000843949 0.185582
10 4949 -0.000174789 0.12547
10 4359 -0.00424974 0.127507
9 4950 0.0538183 0.18762
10 4950 0.0497434 0.131583
10 4362 -0.00221227 0.144828
10 4366 0.0456684 0.163167
9 4951 -0.00119353 0.228375
10 4951 -0.00221227 0.168262
10 4367 -0.00424974 0.172337
9 2553 0.0640057 0.23245
9 4952 0.0456684 0.244676
10 4952 0.0405747 0.189658
9 4953 0.039556 0.276261
10 4953 0.0344623 0.222261
9 4954 -0.10918 0.283393
10 4954 -0.113255 0.227356
10 1802 -0.0174933 0.234488
9 4955 0.0191812 0.297657
10 4955 0.0130688 0.244676
9 4956 -0.022587 0.304789
10 4956 -0.0276807 0.25079
10 3984 -0.0297182 0.254865
10 2298 -0.321485 -0.329147
9 4957 0.185847 -0.24234
10 4957 0.194404 -0.314475
9 4958 0.0244787 -0.231336
10 4958 0.0232562 -0.291245
9 4959 -0.168674 -0.173872
10 4959 -0.154982 -0.26288
9 4960 -0.0941024 -0.143306
10 4960 -0.0867675 -0.21911
9 4961 -0.0219757 -0.142084
10 4961 -0.0256432 -0.198325
9 4962 -0.0892125 -0.13108
10 4962 -0.0826926 -0.205661
9 4963 0.0318136 -0.127412
10 4963 0.035481 -0.194657
9 548 -0.195569 -0.117631
9 4964 -0.00486096 -0.104182
10 4964 -0.00730596 -0.162868
9 2145 -0.0769876 -0.100514
9 4965 -0.244468 -0.0491634
10 4965 -0.253026 -0.105405
10 1881 0.0733781 -0.0858424
9 4966 0.0758231 -0.0320465
10 4966 0.0701181 -0.084416
10 4399 -0.00730596 -0.077284
10 4471 0.0772493 -0.084416
9 4967 0.0746006 -0.0283786
10 4967 0.0690994 -0.0813594
9 4748 -0.177231 0.00952307
9 4968 0.088048 0.036421
10 4968 0.085603 -0.0210428
9 4969 -0.206571 0.0413116
10 4969 -0.205349 -0.0283786
9 4970 0.0819355 0.0413116
10 4970 0.080713 -0.0198201
9 4971 0.0672657 0.0682095
10 4971 0.0684882 0.00585516
9 3893 -0.298258 0.0718774
9 4972 -0.216351 0.0792132
10 4972 -0.220222 0.018489
9 4973 0.037926 0.0792132
10 4973 0.0386595 0.0158808
10 4416 0.0953829 0.0205268
9 4722 0.0660432 0.0853264
9 4974 -0.315372 0.0889943
10 4974 -0.312927 0.0119683
9 3375 0.0073639 0.0902169
9 4975 0.0697107 0.0963301
10 4975 0.0697107 0.0351984
9 4976 0.0697107 0.0987754
10 4976 0.0684882 0.0388663
9 4977 0.0721556 0.099998
10 4977 0.0709332 0.0388663
9 4033 0.040371 0.103666
10 854 0.0868255 0.04987
9 4978 -0.31415 0.108556
10 4978 -0.310482 0.0303078
10 3497 0.0440385 0.0437568
9 3899 -0.0831001 0.109779
10 3989 0.0538183 0.0486474
9 4979 0.0342586 0.113447
10 4979 0.035481 0.04987
9 4727 -0.342267 0.11467
9 4980 -0.32882 0.115892
10 4980 -0.326375 0.0400889
9 4751 -0.179676 0.115892
9 4981 -0.331265 0.118337
10 4981 -0.32882 0.0413116
9 4982 0.088048 0.120783
10 4982 0.083158 0.0657643
9 2783 -0.0843225 0.123228
9 3498 0.0073639 0.123228
10 3873 0.08707 0.0804359
10 4431 0.0868255 0.0853264
10 4433 0.0868255 0.0889943
9 4983 0.00369647 0.147681
10 4983 0.00369647 0.0853264
10 4437 0.078268 0.0938848
9 4732 -0.194346 0.150126
10 4438 0.0538183 0.104889
9 4984 0.0770456 0.168466
10 4984 0.0709332 0.115892
9 3395 -0.139334 0.178247
9 4735 0.00125147 0.181914
9 4736 2.89711e-05 0.185582
9 4359 -0.00363846 0.188028
9 4985 0.0684882 0.206367
10 4985 0.0623758 0.153794
9 4986 0.0501509 0.214926
10 4986 0.0459944 0.158195
9 4987 -0.00119353 0.228375
10 4987 -0.00241596 0.168466
9 4988 0.045261 0.244269
10 4988 0.040371 0.18925
9 4989 0.045261 0.246714
10 4989 0.040371 0.192918
9 3905 -0.116107 0.251605
9 4712 0.0391485 0.276057
10 3927 -0.115374 0.22275
10 4454 -0.0640293 0.238889
10 4455 -0.0329781 0.256495
9 637 -0.328086 -0.281953
9 4990 0.0239897 -0.230602
10 4990 0.0225227 -0.289289
9 4991 -0.257671 -0.111762
10 4991 -0.269407 -0.163113
9 4992 -0.00388295 -0.104426
10 4992 -0.00681692 -0.163113
9 4993 -0.291412 -0.0926892
10 4993 -0.304614 -0.142573
10 4468 -0.245691 -0.106627
10 4393 -0.00241596 -0.0833971
9 4994 -0.00241596 -0.0310684
10 4994 -0.0112179 -0.0780176
10 129 0.0782681 -0.0859402
9 4995 -0.278209 0.0100121
10 4995 -0.281143 -0.0560101
9 4996 0.107608 0.0144136
10 4996 0.106434 -0.0454465
9 4997 0.082669 0.0246837
10 4997 0.085603 -0.0413385
9 4998 0.0650652 0.0305524
10 4998 0.0672657 -0.0344918
9 4999 0.0768011 0.0525598
10 4999 0.0753341 -0.0075938
10 3286 0.0679992 0.00561064
9 5000 0.0430605 0.0863045
10 5000 0.0445274 0.0232166
10 2814 0.00638589 0.0261509
9 4489 0.0738672 0.0980418
10 4493 0.0650652 0.0378882
9 5001 -0.237133 0.102443
10 5001 -0.243881 0.0454001
9 5002 0.0357256 0.112713
10 5002 0.0357256 0.0496255
9 5003 -0.342756 0.114181
10 5003 -0.339822 0.036421
9 4047 0.00198493 0.118582
10 3387 0.08707 0.0848373
10 4499 0.078268 0.0936403
9 4065 0.0049189 0.162597
9 5004 0.081202 0.164064
10 5004 0.0768011 0.109779
9 5005 0.0533294 0.165531
10 5005 0.0503954 0.106845
9 3940 -0.193124 0.168466
9 4707 0.079735 0.169933
9 5006 0.0547963 0.180203
10 5006 0.0518624 0.122984
9 4753 -0.0948359 0.18167
9 3904 0.0533294 0.186071
10 4505 -0.00388295 0.125918
9 5007 -0.427841 0.237422
10 5007 -0.426007 0.157054
10 4508 0.0401265 0.19194
9 5008 -0.0082839 0.265298
10 5008 -0.0112179 0.208079
10 4512 -0.115374 0.222164
10 4517 -0.0537604 0.25943
10 3929 -0.109506 0.263831
9 5009 0.0747474 -0.306014
10 5009 0.0709332 -0.36118
9 803 -0.3319 -0.277845
10 4520 0.223499 -0.328902
9 5010 0.219098 -0.254957
10 5010 0.2279 -0.327141
9 4757 -0.0220736 -0.142279
9 5011 -0.0889679 -0.131716
10 5011 -0.0819264 -0.207421
9 5012 -0.194591 -0.117631
10 5012 -0.199872 -0.177491
9 5013 -0.270287 -0.100025
10 5013 -0.281906 -0.151082
9 4465 -0.231559 -0.0771372
9 5014 -0.0238339 -0.0665737
10 5014 -0.0220736 -0.131716
9 5015 -0.256204 -0.0331224
10 5015 -0.265006 -0.0894614
9 5016 0.141642 -0.0278406
10 5016 0.139881 -0.0859402
10 4530 0.0474614 -0.0662802
9 5017 -0.261485 0.000328873
10 5017 -0.265006 -0.0648131
10 47 0.08707 -0.0419253
9 5018 0.0817889 0.0425831
10 5018 0.081202 -0.0193311
9 5019 -0.28261 0.0707526
10 5019 -0.279089 -0.0049529
9 5020 -0.33014 0.0813162
10 5020 -0.328086 0.00414348
9 5021 0.00609253 0.0936403
10 5021 0.00785293 0.0284984
9 4063 0.0395398 0.105965
9 5022 -0.353025 0.107725
10 5022 -0.351265 0.030259
9 5023 -0.213955 0.109486
10 5023 -0.216419 0.0454001
9 3426 -0.000948978 0.120049
9 5024 0.0148944 0.12181
10 5024 0.0166548 0.0566679
9 376 0.0853096 0.125331
9 4765 -0.37767 0.132373
9 3572 -0.148821 0.137655
10 446 0.0800285 0.0883586
10 4561 0.0782681 0.0936403
9 4612 -0.140019 0.178149
9 887 0.0729869 0.199276
9 4767 0.0677059 0.206318
9 5025 0.0641851 0.232727
10 5025 0.0571435 0.18167
9 5026 -0.4252 0.236248
10 5026 -0.42344 0.155261
9 5027 0.0589039 0.23977
10 5027 0.0518624 0.188712
9 2966 0.0166548 0.287306
10 4571 -0.0977699 0.257376
9 5028 0.0222881 -0.231365
10 5028 0.0189082 -0.286296
9 4771 0.00750088 -0.100377
9 3439 -0.235432 -0.0602355
10 1808 -0.245994 -0.106715
9 4772 -0.256556 -0.0327702
9 5029 -0.00939877 -0.0327702
10 5029 -0.0178486 -0.0813626
9 4794 0.0560874 -0.0179813
10 4629 -0.250219 -0.0792499
9 5030 -0.100234 0.0306111
10 5030 -0.104459 -0.0264321
10 4537 0.0983365 -0.0158686
9 5031 -0.330492 0.0813162
10 5031 -0.32838 0.00525857
9 4780 -0.00517384 0.0982179
9 1062 0.00961334 0.113007
9 5032 -0.343167 0.11512
10 5032 -0.341054 0.0369493
10 4554 -0.32838 0.0411747
10 1299 0.0835493 0.0665272
9 4787 0.00327595 0.12357
9 4074 0.00750088 0.140472
9 4075 0.0117258 0.142585
9 5033 0.0835493 0.142585
10 5033 0.0793243 0.0876543
10 4608 0.0750995 0.110894
9 2560 -0.0748849 0.17005
9 5034 -0.16572 0.174276
10 5034 -0.168678 0.114275
10 4613 0.04975 0.127796
9 5035 -0.134034 0.199628
10 5035 -0.136146 0.138359
10 1812 0.0641851 0.169346
9 5036 -0.421328 0.233432
10 5036 -0.419215 0.153148
10 2873 -0.125584 0.189065
9 5037 -0.106572 0.282024
10 5037 -0.110797 0.227093
10 4620 0.0117258 0.233432
9 2002 -0.0791098 0.313715
9 5038 -0.0727724 0.313715
10 5038 -0.0769973 0.258784
9 5039 0.0214431 -0.23052
10 5039 0.0173873 -0.285789
9 5040 -0.272611 -0.0986868
10 5040 -0.282751 -0.151927
9 5041 -0.247261 -0.0454465
10 5041 -0.254866 -0.103757
10 1045 0.100449 -0.0560101
9 5042 0.0898867 0.0331464
10 5042 0.0873518 -0.0251644
9 5043 0.0873518 0.0508932
10 5043 0.0856617 -0.00953041
10 3445 0.00369852 0.0331464
10 3449 -0.341054 0.0356817
9 3447 0.0265131 0.114275
9 5044 -0.330914 0.11681
10 5044 -0.32838 0.0407522
10 2053 -0.176283 0.0508932
9 5045 -0.00390633 0.119345
10 5045 -0.00137136 0.0534285
9 5046 0.00369852 0.124416
10 5046 0.00623349 0.058499
9 4799 0.0898867 0.139627
9 4802 -0.00390633 0.167515
9 3430 0.0493275 0.167515
9 3957 0.0518625 0.185262
9 5047 0.0721421 0.200473
10 5047 0.0670722 0.147233
9 5048 -0.434847 0.241037
10 5048 -0.432312 0.159909
9 3526 -0.123049 0.246108
10 3959 0.0391878 0.190332
9 5049 -0.120514 0.279066
10 5049 -0.125584 0.225319
9 5050 0.0163732 0.286672
10 5050 0.0113034 0.233432
9 5051 -0.0926295 0.312024
10 5051 -0.0976994 0.258784
10 2138 -0.32331 -0.294916
9 5052 0.0204292 -0.231027
10 5052 0.0167789 -0.287006
9 5053 -0.0890805 -0.136716
10 5053 -0.0829967 -0.212773
9 5054 -0.0769128 -0.0454465
10 5054 -0.0799547 -0.103757
10 2153 -0.0312837 -0.0880388
9 5055 0.0903937 0.0336535
10 5055 0.0873518 -0.0241503
9 4809 0.0660582 0.0853727
9 5056 -0.0404095 0.12188
10 5056 -0.0368606 0.0534285
9 5057 -0.341561 0.127965
10 5057 -0.340953 0.0525158
9 5058 0.0538905 0.146219
10 5058 0.0532821 0.0853727
9 3955 0.0721421 0.1736
9 5059 0.0508485 0.185769
10 5059 0.0478066 0.127965
9 5060 0.078226 0.185769
10 5060 0.0721421 0.13405
9 5061 0.0721421 0.197938
10 5061 0.0660582 0.146219
9 5062 0.0660582 0.207065
10 5062 0.0599743 0.155346
9 5063 0.0691001 0.222276
10 5063 0.0630163 0.170557
9 5064 -0.411526 0.228361
10 5064 -0.408484 0.146219
9 5065 -0.0890805 -0.137324
10 5065 -0.0817799 -0.21399
10 3557 0.126289 -0.104467
9 5066 -0.264296 -0.00589648
10 5066 -0.267946 -0.0716103
9 5067 -0.0963812 0.0306112
10 5067 -0.100031 -0.0278011
10 3487 0.0204292 0.0196589
9 4816 -0.147486 0.0853727
9 5068 0.0386808 0.103626
10 5068 0.0386808 0.0415635
10 4676 0.0240795 0.0525158
10 4680 0.0678834 0.147436
9 5069 0.0678834 0.220451
10 5069 0.0605828 0.16934
10 3494 -0.037976 0.253308
9 3583 -0.115292 -0.276981
9 5070 0.23821 -0.274943
11 5070 0.317875 -0.356045
9 5071 0.223948 -0.271887
11 5071 0.303409 -0.352377
9 5072 -0.315984 -0.269849
11 5072 -0.289496 -0.34015
9 1495 -0.334321 -0.258641
9 4109 -0.129555 -0.257623
9 5073 -0.295609 -0.252528
11 5073 -0.268103 -0.320792
9 5074 0.218854 -0.251509
11 5074 0.297093 -0.331592
11 4719 0.0208113 -0.21911
9 5075 0.0792868 -0.153699
11 5075 0.143467 -0.227057
11 707 -0.266065 -0.159812
9 4721 0.0100126 -0.101737
9 5076 -0.29459 -0.0925669
11 5076 -0.282365 -0.144529
9 5077 0.119018 -0.0487558
11 5077 0.16588 -0.10785
11 4931 0.0283499 -0.0762651
9 4694 0.0813243 -0.0293975
11 4936 0.0966053 -0.00392589
9 5078 -0.203922 0.0602624
11 5078 -0.202904 0.0256211
9 5079 0.0670619 0.0643378
11 5079 0.123093 0.000149528
9 4823 -0.297646 0.0724887
9 5080 0.0375185 0.0796207
11 5080 0.0915116 0.0164513
9 3607 -0.145854 0.101017
9 5081 -0.355714 0.110187
11 5081 -0.293368 0.0290852
11 3872 0.0690994 0.0582247
11 4351 0.0619682 0.0786019
9 5082 0.0578933 0.143809
11 5082 0.103736 0.0877716
11 4036 0.0640057 0.0847151
11 1423 -0.0916575 0.120783
9 5083 -0.428045 0.238563
11 5083 -0.369977 0.163167
9 5084 -0.00730596 0.291544
11 5084 0.0314061 0.243658
11 4955 0.0538183 0.252827
9 116 -0.354492 -0.307139
9 5085 -0.355714 -0.294913
11 5085 -0.331265 -0.366641
9 2990 -0.11733 -0.2888
9 3355 0.206629 -0.254566
9 4820 0.12839 -0.20077
9 5086 0.0684882 -0.1592
11 5086 0.13328 -0.233781
9 5087 0.0794905 -0.15431
11 5087 0.144282 -0.227668
9 4055 0.035481 -0.128635
9 3600 -0.286033 -0.0956235
9 5088 -0.29459 -0.0944008
11 5088 -0.282365 -0.146567
9 4307 -0.235911 -0.0516086
11 4965 -0.217573 -0.106627
9 4837 0.0183663 -0.027156
9 5089 -0.0708752 -0.00148063
11 5089 -0.0329781 -0.0589445
11 4405 0.140411 -0.0406049
9 5090 0.10394 0.0413116
11 5090 0.149172 -0.0161522
11 4409 0.146727 -0.0149296
9 4125 0.0562633 0.0645416
11 4973 0.0929379 0.0158808
11 4417 0.081202 0.0173479
11 4722 0.120036 0.0235833
11 4979 0.088048 0.0510926
11 3498 0.0635983 0.0596511
9 5091 0.0660432 0.1379
11 5091 0.110053 0.0828811
9 5092 -0.144224 0.158684
11 5092 -0.0953249 0.0987754
11 4438 0.100273 0.108556
9 3902 2.89711e-05 0.16602
11 2351 -0.042758 0.276057
9 5093 -0.33102 -0.279019
11 5093 -0.306081 -0.349442
9 5094 0.128145 -0.201259
11 5094 0.201495 -0.279605
9 5095 0.106141 -0.190989
11 5095 0.175089 -0.267281
11 4459 0.134013 -0.233537
11 4993 -0.278698 -0.144529
9 5096 -0.220996 -0.0589445
11 5096 -0.199872 -0.112349
11 4468 -0.212684 -0.10785
9 3373 -0.29728 0.0716329
11 5000 0.0973389 0.0232166
11 2815 0.0547963 0.0276181
9 3378 -0.00241596 0.0965746
9 5097 -0.226864 0.10391
11 5097 -0.193182 0.0475128
9 4851 0.0401265 0.10391
11 5002 0.0900039 0.0510926
11 4047 0.0606643 0.0540269
9 3337 0.00785287 0.122984
9 4855 0.0665322 0.137655
9 5098 0.0606643 0.140589
11 5098 0.10174 0.0877717
11 5005 0.0958719 0.111246
9 4134 0.078268 0.165531
9 5099 -0.169652 0.211013
11 5099 -0.134034 0.159487
11 4510 -0.0696038 0.223924
9 5100 -0.0244207 0.304912
11 5100 0.00609253 0.262657
9 4862 -0.228038 -0.0577707
11 2967 0.169221 -0.110295
9 4864 -0.296693 0.0707526
9 5101 0.0377794 0.0795556
11 5101 0.0923511 0.0161742
9 4593 0.0659454 0.086598
11 3517 0.0518624 0.0337802
11 4002 -0.0977699 0.0390619
11 2437 -0.125584 0.0517382
9 5102 0.0113737 0.12181
11 5102 0.0641851 0.0601891
9 5103 0.0606643 0.141176
11 5103 0.101153 0.0883586
11 4562 0.0553832 0.102443
9 4169 0.0377794 0.276742
11 4570 0.0184152 0.260897
9 4869 0.225084 -0.273619
11 144 0.0201756 -0.218689
9 5104 0.0687621 -0.159533
11 5104 0.132136 -0.233478
9 3641 -0.271343 -0.100377
11 4521 -0.273808 -0.147561
11 1808 -0.212194 -0.108828
9 3644 -0.243881 -0.0496719
11 2841 0.0919991 0.0158221
9 5105 0.0391877 0.104556
11 5105 0.096224 0.0411747
9 4783 0.0560874 0.113007
9 5106 0.0645372 0.138359
11 5106 0.108899 0.0834289
9 3430 0.0518624 0.165825
11 4611 0.111715 0.125331
9 5107 -0.472027 0.235544
11 5107 -0.412878 0.157374
11 3453 -0.0622101 0.263855
11 1721 -0.0284109 0.273573
9 4204 -0.31317 -0.268549
9 5108 -0.221912 -0.0581228
11 5108 -0.201632 -0.111363
9 4880 0.117771 -0.050517
9 5109 0.102561 0.0407522
11 5109 0.146923 -0.0158686
9 5110 0.0822819 0.0483579
11 5110 0.134248 -0.0137558
9 5111 0.0670722 0.0661047
11 5111 0.122841 0.00272336
11 3460 0.074677 0.0204701
9 5112 0.0645372 0.0863868
11 5112 0.120517 0.0232166
9 5113 0.0797469 0.149768
11 5113 0.120306 0.0965278
9 4888 0.077212 0.16498
9 5114 -0.00390633 0.289207
11 5114 0.0341179 0.241037
9 5115 0.078226 0.0427804
11 5115 0.132981 -0.021108
9 4892 0.0995195 0.0427804
9 5116 -0.344603 0.115796
11 5116 -0.280723 0.0336535
9 5117 0.0843098 0.127965
11 5117 0.123855 0.0762458
11 3974 -0.0738709 0.270953
9 1721 -0.064745 0.31963
11 867 -0.0343256 0.275213
9 5118 0.00217756 -0.206689
11 5118 0.0386808 -0.264492
11 3978 0.105603 0.124923
9 5119 -0.31089 -0.264755
12 5119 -0.207997 -0.316716
12 5074 0.403246 -0.302452
9 4110 -0.308852 -0.245396
9 5120 0.140411 -0.202604
12 5120 0.313597 -0.252528
9 834 -0.00424974 -0.103774
12 2546 0.250435 -0.0946046
9 5121 -0.186604 -0.0385672
12 5121 -0.0337931 -0.0874726
9 5122 0.0202 -0.0263409
12 5122 0.104755 -0.0558879
9 5123 -0.209016 0.0867528
12 5123 -0.0755614 0.0470172
9 2275 -0.000174789 0.0918471
12 5081 -0.179676 0.0608737
12 4956 0.0925304 0.27728
12 3984 0.0894742 0.282374
12 3314 0.0609495 0.288487
12 3355 0.391021 -0.305509
12 3600 -0.211461 -0.13108
12 2962 0.245749 -0.087065
9 3378 -0.00119353 0.0963301
9 5124 -0.0831001 0.118337
12 5124 0.083158 0.0743227
9 5125 -0.377719 0.131786
12 5125 -0.197525 0.081903
9 3719 -0.00730596 0.261386
12 2126 -0.254737 -0.362647
9 1545 -0.215129 -0.139638
9 5126 0.119344 -0.0501415
12 5126 0.245504 -0.0868205
9 5127 -0.206327 -0.0222654
12 5127 -0.0470367 -0.0732085
12 4492 0.154551 0.0569613
9 2556 -0.0420245 0.115648
9 2743 0.00931986 0.118582
12 2758 0.129205 0.259959
12 4519 -0.260781 -0.349677
12 4465 -0.140019 -0.11411
9 5128 0.136361 -0.0472071
12 5128 0.267333 -0.0855881
12 3545 0.257827 -0.0788978
12 5024 0.159246 0.0830768
12 4765 -0.198111 0.0830768
9 5129 0.0536228 0.18167
12 5129 0.175089 0.149392
12 2851 0.00327595 0.21653
12 4005 0.00538841 0.292587
12 4582 0.244096 -0.0877007
9 4087 -0.0812223 0.151036
12 5036 -0.226982 0.187797
9 5130 -0.000948978 0.235544
12 5130 0.127559 0.202797
12 5040 -0.188957 -0.136716
12 4880 0.244518 -0.0885458
9 5131 -0.412033 0.228361
12 5131 -0.219884 0.182726
12 4640 -0.000864352 0.283123
9 796 -0.0241859 0.309489
12 4641 0.242491 -0.0880388
12 2957 0.268651 -0.0898641
12 4663 -0.283764 0.188811
12 4015 0.102561 0.267911
12 2889 0.0660582 0.286165
9 2590 -0.0781296 0.00505582
9 3794 -0.0744792 0.0269604
9 5132 -0.256897 0.0541492
13 5132 0.0746006 0.0486474
9 1968 -0.330042 -0.279019
9 5133 -0.215129 -0.139638
13 5133 -0.0574278 -0.162868
13 4413 -0.0867675 -0.00514854
13 3541 -0.218062 -0.331836
9 5134 -0.36036 -0.292223
13 5134 -0.219236 -0.318339
9 3817 0.08707 0.0217494
9 5135 -0.171119 0.234488
13 5135 -0.0305332 0.208812
9 5136 -0.171706 0.234488
13 5136 -0.0308754 0.208079
13 5030 0.0708745 0.00948398
13 2548 -0.222926 -0.322296
9 2227 -0.233466 0.0673944
9 5137 -0.065374 0.194752
14 5137 0.0569324 0.0823304
9 5138 0.0733781 -0.303471
14 5138 0.231421 -0.260943
9 3270 -0.233466 0.0669869
9 5139 -0.237133 0.0694322
14 5139 0.320567 0.0813163
14 3345 0.171992 0.233469
14 4480 -0.019961 -0.0179813
9 5140 -0.245642 0.0725132
14 5140 0.323406 0.0890235
9 5141 -0.229798 0.100683
14 5141 0.00116355 0.0838515
9 1975 -0.256556 -0.0179813
9 5142 0.074677 -0.309113
14 5142 0.232148 -0.265101
11 116 -0.331265 -0.378867
10 5070 0.248397 -0.34932
10 5071 0.234135 -0.345245
11 3559 0.300353 -0.350339
11 2905 0.299334 -0.347282
10 5072 -0.324134 -0.331999
10 2520 -0.31904 -0.326905
11 3861 0.284053 -0.334037
10 5143 -0.306815 -0.315698
11 5143 -0.271159 -0.32283
10 4687 0.192367 -0.311622
10 5144 0.187273 -0.309584
11 5144 0.251861 -0.315698
11 1316 0.175048 -0.267811
11 4688 0.136336 -0.234189
10 5145 -0.119367 -0.206679
11 5145 -0.0513154 -0.216664
11 4022 0.0110313 -0.186098
10 4293 -0.19781 -0.174076
11 4025 -0.0572241 -0.163887
10 5146 -0.242634 -0.154717
11 5146 -0.211054 -0.156755
10 5147 -0.0317557 -0.0833971
11 5147 0.0110313 -0.0846198
10 5148 -0.129555 -0.0691331
11 5148 -0.0867675 -0.0699482
10 5149 -0.213091 -0.0324541
11 5149 -0.177231 -0.0332691
10 5150 -0.158079 0.00116839
11 5150 -0.106327 -0.000258011
11 2778 0.0120501 0.00320611
10 5151 0.0955866 0.00422497
11 5151 0.140411 0.0062627
10 5152 -0.136686 0.00830042
11 5152 -0.0857488 0.00830042
10 5153 -0.0388868 0.011357
11 5153 0.016125 0.011357
10 898 -0.0368494 0.0235833
10 5154 -0.245691 0.0256211
11 5154 -0.202904 0.0254173
10 5155 -0.243653 0.0368286
11 5155 -0.204126 0.0376437
11 2746 -0.09288 0.0388663
11 3535 0.0976241 0.0388663
10 5156 -0.237541 0.040904
11 5156 -0.198829 0.0419229
10 5157 -0.0796364 0.040904
11 5157 -0.022587 0.040904
10 5158 -0.0358306 0.0419229
11 5158 0.0242749 0.0419229
10 3590 -0.219203 0.0449794
10 4130 -0.0358306 0.048036
10 2742 0.0100126 0.0510926
10 4131 -0.0348119 0.0561869
10 5159 0.0120501 0.0592435
11 5159 0.0660432 0.0612812
10 5160 0.0151063 0.0592435
11 5160 0.0690994 0.0602624
10 5161 -0.0714865 0.0643378
11 5161 -0.0113809 0.0643378
10 5162 -0.211054 0.0673944
11 5162 -0.167248 0.0684133
11 4705 -0.0174933 0.0673944
10 5163 -0.147892 0.0745264
11 5163 -0.0979736 0.0755453
10 5164 0.0049189 0.0989791
11 5164 0.0568745 0.102036
10 5165 0.0049189 0.101017
11 5165 0.0558558 0.104073
11 890 -0.156042 0.112224
10 4148 -0.0735239 0.12547
10 5166 -0.176416 0.15196
11 5166 -0.135667 0.156035
10 5167 -0.0704677 0.168262
11 5167 -0.0215683 0.173356
10 882 -0.18151 0.175394
10 5168 -0.105105 0.179469
11 5168 -0.0582429 0.184564
10 2566 -0.123442 0.191696
11 2757 -0.0755614 0.201884
10 5169 -0.0134184 0.204941
11 5169 0.0305911 0.211258
10 5170 -0.0113809 0.211054
11 5170 0.0334436 0.217167
10 5171 -0.119367 0.227356
11 5171 -0.0765801 0.234488
10 5172 -0.0154559 0.233469
11 5172 0.0283499 0.240601
11 1802 0.0252937 0.24162
10 5173 -0.105105 0.248752
11 5173 -0.0643553 0.255884
10 5174 -0.0562054 0.25894
11 5174 -0.0154559 0.267091
10 5175 -0.0541679 0.260978
11 5175 -0.0123996 0.26811
10 5176 -0.104086 0.263016
11 5176 -0.0623178 0.271167
10 5177 -0.139334 -0.375607
11 5177 -0.113907 -0.378786
10 116 -0.365494 -0.369494
10 5178 0.234746 -0.346263
11 5178 0.30565 -0.353599
10 5179 0.231079 -0.343818
11 5179 0.30076 -0.351154
10 5180 0.228634 -0.34015
11 5180 0.298316 -0.347486
10 5181 -0.327597 -0.327924
11 5181 -0.293368 -0.336482
10 5182 0.212742 -0.325479
11 5182 0.280712 -0.331836
11 4957 0.261641 -0.320792
11 4686 0.261641 -0.320588
11 2942 0.248194 -0.315698
10 1184 -0.300703 -0.304694
11 4021 -0.0537604 -0.228891
10 4294 -0.0342006 -0.168982
10 4025 -0.11733 -0.157978
10 3275 -0.303147 -0.143306
10 5183 -0.103882 -0.134748
11 5183 -0.047648 -0.139638
10 3277 -0.238356 -0.111518
11 1881 0.11372 -0.0846198
10 5184 0.0611533 -0.0748387
11 5184 0.0990503 -0.0736161
10 5185 -0.129554 -0.0699482
11 5185 -0.087501 -0.0706817
11 2263 -0.0769876 -0.0381597
10 5186 -0.0390905 0.00952307
11 5186 0.0151878 0.0100121
11 1313 0.0171438 0.013191
10 5187 -0.150337 0.0254173
11 5187 -0.0977699 0.0254173
10 5188 0.0953829 0.0376437
11 5188 0.139392 0.040904
10 5189 -0.237133 0.0413116
11 5189 -0.199236 0.0425342
10 5190 -0.0354231 0.0413116
11 5190 0.0244787 0.0413116
10 5191 0.0892705 0.0437568
11 5191 0.13328 0.0470172
11 3989 0.106385 0.04987
11 1529 -0.105105 0.0531303
10 4146 -0.0342006 0.0559832
10 3296 -0.0757651 0.0572058
10 5192 0.0122538 0.0584284
11 5192 0.0660432 0.0596511
10 5193 0.0085864 0.0816585
11 5193 0.0599308 0.0828811
10 5194 -0.212684 0.0877717
11 5194 -0.172341 0.0902169
11 4432 0.126149 0.0908282
10 4843 0.0085864 0.101221
10 4828 0.0697107 0.113447
10 2281 -0.0941024 0.118337
10 5195 -0.180899 0.148903
11 5195 -0.140312 0.153794
10 5196 -0.0659852 0.16602
11 5196 -0.0170858 0.1714
11 881 -0.12711 0.189006
10 3927 -0.114885 0.223484
11 4038 -0.0207532 0.238156
11 2761 0.0110313 0.262608
11 4716 -0.0121959 0.267499
10 993 -0.0708752 0.265054
10 2917 0.235235 -0.346508
10 5197 0.230834 -0.343574
11 5197 0.301249 -0.350909
10 677 -0.358893 -0.342107
11 2352 -0.306081 -0.330369
10 2997 -0.304614 -0.312763
10 5198 0.183891 -0.309829
11 5198 0.248438 -0.315698
10 4137 -0.322218 -0.301026
10 5199 -0.0332227 -0.168982
11 5199 0.00609253 -0.170449
11 4057 -0.0478924 -0.160179
10 5200 -0.103638 -0.135237
11 5200 -0.0478924 -0.139638
10 5201 -0.245935 -0.107361
11 5201 -0.212195 -0.108828
10 5202 0.117877 -0.107361
11 5202 0.16482 -0.107361
10 897 -0.0156188 -0.0809518
11 4470 0.0298577 -0.0765504
10 5203 0.0606643 -0.0750832
11 5203 0.0988058 -0.0736161
11 2322 -0.0713642 -0.0501415
10 5204 -0.0376235 0.0188151
11 5204 0.0195888 0.0188151
10 4158 0.0239897 0.0202822
10 5205 -0.150581 0.0246837
11 5205 -0.0963029 0.0246837
11 4702 -0.201926 0.0261509
10 2815 0.000517945 0.0276181
10 5206 0.0401265 0.0320196
11 5206 0.0944049 0.0320196
11 3382 -0.0919019 0.0378882
10 5207 0.0547963 0.0481583
11 5207 0.107608 0.0496255
10 5208 -0.0786991 0.0496255
11 5208 -0.0185528 0.0496255
11 2556 0.0272171 0.0496255
10 5209 0.0107868 0.0510926
11 5209 0.0665322 0.0525598
10 1826 -0.235666 0.0554941
10 5210 -0.0346896 0.0554941
11 5210 0.0283907 0.0554941
10 5211 -0.0742982 0.0569613
11 5211 -0.0156188 0.0569613
10 3337 0.0122538 0.0584284
10 5212 -0.0801661 0.0686986
11 5212 -0.0200198 0.0686986
11 3873 0.129612 0.0848373
10 5213 0.00345192 0.0848373
11 5213 0.0562633 0.0877717
11 4732 -0.152342 0.0918797
10 5214 0.0753341 0.0936403
11 5214 0.116996 0.0971615
10 3940 -0.197525 0.109779
11 1814 0.10883 0.120783
10 5215 0.0166548 0.139122
11 5215 0.0648208 0.14279
10 4856 0.0665322 0.146458
10 5216 -0.17552 0.152327
11 5216 -0.134738 0.157022
10 5217 -0.165251 0.186071
11 5217 -0.125936 0.192234
10 2939 -0.121242 0.225685
11 4740 0.0648208 0.236933
10 2761 -0.0302887 0.255028
11 4755 -0.0566944 0.263831
10 4455 -0.0332227 0.256495
11 4517 -0.0112179 0.266765
11 2026 -0.316057 -0.365875
11 3569 0.305357 -0.35355
10 638 -0.340702 -0.337705
10 2136 -0.344223 -0.32186
10 5218 0.210297 -0.32186
11 5218 0.275783 -0.32855
10 1724 -0.338942 -0.320099
10 5219 -0.0995302 -0.269042
11 5219 -0.0255943 -0.281366
10 4057 -0.106572 -0.154603
10 5220 -0.00446973 -0.149322
11 5220 0.0476375 -0.153195
10 3359 -0.300213 -0.1458
10 1808 -0.245642 -0.107067
10 5221 0.0606643 -0.0753766
11 5221 0.0993927 -0.073616
10 5222 -0.259725 -0.0683343
11 5222 -0.207794 -0.0721489
10 5223 0.0483417 -0.0665737
11 5223 0.0848168 -0.0657285
10 1827 -0.0572811 -0.0155165
10 4864 -0.293172 -0.0049529
10 1569 0.0307379 0.0144136
10 5224 -0.150581 0.0249772
11 5224 -0.0960095 0.0249772
10 3936 0.0113737 0.0249772
10 5225 -0.243881 0.0267378
11 5225 -0.201632 0.0267378
10 5226 0.0923511 0.030259
11 5226 0.139881 0.0320196
11 4063 0.0958719 0.0408225
10 5227 -0.222757 0.0461043
11 5227 -0.180508 0.0475128
10 5228 -0.217476 0.0461043
11 5228 -0.17417 0.0475128
11 4494 0.129319 0.0513861
11 1819 -0.0203131 0.0496255
10 2498 -0.14706 0.0513861
10 4783 0.0553832 0.0513861
11 5024 0.0694662 0.0584285
10 5229 -0.0748849 0.0584285
11 5229 -0.0167924 0.0584285
10 5230 0.08707 0.0813162
11 5230 0.129319 0.0848374
11 446 0.125798 0.0918797
10 3919 -0.1453 0.0936403
10 4562 0.00433218 0.100683
11 4066 0.050102 0.107725
11 3923 0.108195 0.12181
11 2504 -0.0431981 0.12181
10 3876 0.0712266 0.120049
10 3618 -0.0713642 0.15174
10 1297 -0.19283 0.160543
11 1812 0.103207 0.175801
10 5231 -0.166425 0.183431
11 5231 -0.127696 0.189065
10 2347 -0.129457 0.193994
10 4868 -0.015032 0.234488
10 4858 -0.0308754 0.255615
10 2392 0.222971 -0.32855
10 2136 -0.345279 -0.322212
10 3632 -0.338942 -0.320099
10 5094 0.138473 -0.273619
11 4071 -0.267541 -0.156998
10 2422 0.117349 -0.108828
11 3528 -0.229094 -0.0877007
10 5232 -0.0305233 -0.0855881
11 5232 0.0117258 -0.0855881
10 1247 0.113124 -0.0581228
10 3000 -0.28613 -0.0560101
11 2981 -0.20797 -0.0369957
10 3371 -0.0579853 -0.0158686
11 4073 -0.0819264 -0.00143172
10 5233 0.0941116 0.00525857
11 5233 0.143402 0.00737126
11 1601 0.0159507 0.0137094
10 5234 0.00961334 0.024273
11 5234 0.0645372 0.024273
10 5235 -0.351617 0.0306111
11 5235 -0.29458 0.0284984
10 3962 -0.186845 0.0348365
11 4554 -0.269231 0.039062
10 5236 -0.229094 0.0432874
11 5236 -0.186423 0.0432874
10 3996 -0.0833347 0.0496255
10 4601 0.0370752 0.0496255
11 3518 0.0814368 0.053851
11 4786 0.026513 0.053851
11 4074 0.0603123 0.0813162
10 5237 0.00116349 0.0855416
11 5237 0.0539749 0.0876543
11 5033 0.123686 0.0918798
11 2162 -0.183888 0.099063
10 5238 0.0708745 0.100331
11 5238 0.115236 0.104204
11 3394 0.0941116 0.127796
11 530 -0.163608 0.149768
11 4617 0.102913 0.158782
10 4889 0.0624247 0.17005
10 2517 -0.123471 0.224981
10 4757 -0.0267209 -0.197562
10 5239 -0.3081 -0.146857
11 5239 -0.280723 -0.148885
10 4880 0.115236 -0.108828
10 3643 0.135516 -0.108828
11 4807 -0.226982 -0.0885458
10 5240 -0.0317907 -0.0860106
11 5240 0.0113034 -0.0860106
10 4794 0.0467926 -0.0682638
10 5241 -0.28782 -0.0555875
11 5241 -0.250303 -0.0576157
10 5110 0.0873518 -0.0150234
10 5242 0.0670722 0.0230054
11 5242 0.119461 0.024273
10 5243 -0.244726 0.0280759
11 5243 -0.201632 0.0284984
10 5244 -0.0368606 0.0382169
11 5244 0.0239781 0.0382169
11 4600 -0.0284109 0.0432874
10 5245 0.0898867 0.0432874
11 5245 0.135516 0.0458227
10 5246 0.0898867 0.0508932
11 5246 0.134248 0.053851
11 5056 0.0265131 0.0534285
10 2869 -0.0824897 0.0559637
10 5247 -0.0774198 0.0610342
11 5247 -0.016581 0.0610342
10 4212 -0.201632 0.0661047
10 3951 0.00876839 0.078781
11 856 -0.0951644 0.0965278
10 5248 -0.206702 0.126951
11 5248 -0.174255 0.131007
10 5249 0.0721421 0.134557
11 5249 0.112701 0.139627
10 5250 -0.194027 0.159909
11 5250 -0.159045 0.164473
10 5251 0.0442577 0.159909
11 5251 0.0873518 0.16498
10 900 -0.178818 0.195403
10 5252 -0.016581 0.243573
11 5252 0.0265131 0.251178
10 796 -0.0267209 0.253714
10 5253 -0.0393956 0.256249
11 5253 0.00369852 0.263855
11 4098 -0.0723499 0.27146
11 3578 0.1634 -0.109335
11 2153 0.0113034 -0.0880388
10 5254 -0.286806 -0.0849965
11 5254 -0.250303 -0.0880388
10 2971 -0.180339 0.0153997
11 3531 0.0234711 0.0397381
10 5255 0.0903937 0.0427804
11 5255 0.136023 0.0458227
11 4095 -0.277681 0.048865
10 5256 -0.162087 0.0519073
11 5256 -0.110374 0.0519073
10 5257 -0.0343256 0.0519073
11 5257 0.0265131 0.0519073
10 5258 -0.0769128 0.0610342
11 5258 -0.016074 0.0610342
10 5117 0.078226 0.0732035
11 3972 -0.146877 0.12188
11 3480 -0.140793 0.124923
11 3526 -0.0829967 0.191853
10 5259 0.00582789 -0.272402
11 5259 0.0493275 -0.276155
10 4666 0.115338 -0.111769
10 3658 -0.231443 -0.104467
10 5260 -0.19129 -0.075261
11 5260 -0.162087 -0.075261
10 5261 -0.216842 -0.0460549
11 5261 -0.180339 -0.0460549
10 5262 0.097086 -0.0168488
11 5262 0.145149 -0.0150234
11 3582 -0.0854302 0.00140504
10 5263 0.00217756 0.0233096
11 5263 0.0569324 0.0233096
10 5264 0.0934357 0.0306112
11 5264 0.136023 0.0336535
10 5265 -0.037976 0.0379127
11 5265 0.0240795 0.0379127
10 5266 -0.0343256 0.048865
11 5266 0.0277298 0.048865
10 5267 -0.0817799 0.0598173
11 5267 -0.016074 0.0598173
11 4104 -0.147486 0.12188
11 3533 0.0277298 0.246006
11 3482 -0.0635282 0.26061
11 3494 0.00582789 0.26061
11 2986 0.0167789 0.26061
12 5145 0.0660432 -0.189359
12 4025 0.0487246 -0.138416
10 5268 -0.340433 -0.0660765
12 5268 -0.194754 -0.0456993
10 3065 0.0375185 -0.0599633
12 2329 0.151617 0.0486474
12 2552 0.131242 0.0724887
12 5163 -0.00424974 0.0989791
12 4036 0.153655 0.106111
10 5269 -0.124461 0.183545
12 5269 0.0049189 0.212073
12 2566 0.0049189 0.220224
12 2288 0.00186269 0.222261
12 5170 0.11372 0.236933
10 2292 -0.11733 0.216148
10 4956 -0.0256432 0.249771
12 5176 0.016125 0.292563
12 116 -0.255471 -0.362158
10 1438 -0.350824 -0.356045
12 4084 0.142698 -0.0391084
12 2835 0.00345192 -0.036937
12 4417 0.170688 0.0393553
12 4751 -0.0354231 0.0743227
10 5124 -0.0782101 0.0510926
10 5270 0.0146988 0.0572058
12 5270 0.163842 0.0796207
12 3301 0.0672657 0.178247
12 2939 0.00345192 0.255028
12 4715 0.101495 0.266276
10 5271 -0.103882 0.262608
12 5271 0.0159213 0.291952
10 5272 0.2279 -0.325968
12 5272 0.403938 -0.304254
10 2301 0.19416 -0.31423
10 5273 -0.119775 -0.0574773
12 5273 0.00257177 -0.0366436
12 4749 -0.0801661 0.045224
10 2371 0.00785287 0.0232166
10 4908 -0.0361566 0.0378882
10 3732 0.0430605 0.0393553
12 5208 0.082669 0.0731
10 4911 -0.426374 0.156728
12 2389 0.00638589 0.278503
12 638 -0.229798 -0.328902
10 5274 0.127559 -0.101786
12 5274 0.254658 -0.0792499
10 5275 -0.222757 0.0179348
12 5275 -0.088968 0.0422897
10 5276 0.0430605 0.0232166
12 5276 0.184947 0.0454001
12 5228 -0.0900945 0.0711752
12 3425 -0.0643226 0.0707526
12 5026 -0.229094 0.189065
10 5277 -0.426961 0.157022
12 5277 -0.233319 0.191177
10 1586 -0.104811 0.248573
10 5278 -0.347392 -0.343339
12 5278 -0.235079 -0.334184
10 5279 -0.243881 -0.132068
12 5279 -0.143328 -0.113898
10 5280 -0.121359 -0.0581228
12 5280 -0.000948978 -0.0369957
12 4781 0.183891 0.0566679
12 4785 -0.0140461 0.0762457
10 5281 -0.0643226 0.237657
12 5281 0.0603123 0.265122
10 5282 0.0315829 -0.060658
12 5282 0.13724 -0.0387534
10 5283 0.0696072 0.00272336
12 5283 0.210297 0.024273
10 2895 0.0239781 0.0204701
10 5284 0.0366528 0.0356817
12 5284 0.182835 0.0580764
12 5247 0.0873518 0.0853727
10 3753 0.0569324 0.12188
10 5285 -0.422173 0.154839
12 5285 -0.22901 0.188811
10 5286 -0.427242 0.157374
12 5286 -0.235093 0.191853
10 2889 -0.0520703 0.258784
12 4098 0.00623349 0.294278
12 4648 0.0417227 -0.0363196
10 5287 -0.286806 -0.0545734
12 5287 -0.146877 -0.0332772
10 1730 -0.0829967 -0.0484888
10 5288 -0.286806 -0.0424042
12 5288 -0.130654 -0.0251644
10 4270 -0.0251998 0.2527
10 2889 -0.0525773 0.258784
10 5289 -0.0434515 0.258784
12 5289 0.078226 0.286165
13 3561 0.290166 -0.0864537
10 5290 0.120036 -0.111925
13 5290 0.289147 -0.0833971
10 3819 -0.0368494 0.0378474
10 5291 -0.114273 0.224299
13 5291 0.0709332 0.263831
13 3311 0.171992 0.272186
13 3314 0.117999 0.296638
13 1723 -0.196058 -0.306895
13 3927 0.0709332 0.262364
13 3431 0.0645372 0.178501
13 2347 0.0641851 0.232727
10 5292 -0.0625623 0.260897
13 5292 0.113476 0.297869
13 5278 -0.197407 -0.307423
13 3632 -0.186845 -0.284183
10 5293 0.199734 -0.315874
13 5293 0.439146 -0.290756
10 5294 0.0180631 0.233432
13 5294 0.17861 0.266178
10 2653 -0.00939877 0.235544
10 1736 -0.112909 0.252446
13 5244 0.196354 0.06864
13 2138 -0.168678 -0.258408
10 934 -0.152986 -0.284113
10 5295 -0.27829 -0.0487558
14 5295 0.127559 -0.0102347
10 2227 -0.244468 0.00218728
10 3270 -0.244468 0.00120915
10 5141 -0.247402 0.0355408
10 5296 -0.201632 -0.123617
14 5296 0.00980889 0.0193041
14 2153 0.016125 -0.0120768
10 5297 -0.219884 -0.0363196
14 5297 0.0143453 -0.0241503
10 5298 -0.19129 -0.0935149
14 5298 0.00961328 0.0179348
10 2691 -0.0671786 0.235054
11 5299 -0.356733 -0.389056
12 5299 -0.27829 -0.371735
11 5300 -0.0643553 -0.323849
12 5300 0.082669 -0.292223
11 5301 -0.265047 -0.29532
12 5301 -0.186604 -0.276981
11 5302 -0.114273 -0.289207
12 5302 -0.0429618 -0.270868
11 5303 -0.112236 -0.273924
12 5303 -0.0388868 -0.255585
11 5304 -0.131592 -0.172038
12 5304 -0.0521304 -0.151661
11 5305 -0.127517 -0.167963
12 5305 -0.0480555 -0.147585
11 1890 -0.144836 -0.163887
11 5306 -0.135667 -0.161849
12 5306 -0.0572241 -0.142491
12 5088 -0.220018 -0.129857
11 3705 -0.0745427 -0.136378
11 5307 -0.11733 -0.135359
12 5307 -0.0368494 -0.114982
11 4223 -0.210035 -0.118038
11 5308 -0.198829 -0.0793217
12 5308 -0.0979736 -0.054869
11 5309 -0.206979 -0.0711708
12 5309 -0.103882 -0.0467181
11 5310 -0.132611 -0.0538501
12 5310 -0.0449993 -0.0324541
12 2327 0.165065 0.0437568
11 5311 -0.0989924 0.0266399
12 5311 0.000843949 0.0510926
12 2735 0.151617 0.0490549
12 3607 -0.000174789 0.0602624
12 3590 -0.0857488 0.0684133
12 1529 -0.00832469 0.077583
11 5312 -0.0256432 0.0561869
12 5312 0.0711369 0.0806396
12 2748 -0.0831001 0.0902169
12 5162 -0.0796364 0.0918471
11 380 -0.176416 0.0959225
12 890 -0.0720977 0.134232
11 5313 -0.154004 0.1163
12 5313 -0.0704677 0.138715
12 4361 0.000843949 0.168262
11 5314 -0.0215683 0.153998
12 5314 0.0670619 0.176413
12 5166 -0.0551866 0.177431
11 1958 -0.0847301 0.164186
11 5315 -0.143817 0.184564
12 5315 -0.0713642 0.205145
11 5316 -0.0256432 0.185582
12 5316 0.0611533 0.20759
11 5317 -0.124461 0.194752
12 5317 -0.046018 0.216148
11 2292 -0.0735239 0.22328
11 4715 0.0242749 0.246714
11 5318 -0.065374 0.261997
12 5318 0.0120501 0.283393
11 5319 -0.0674115 0.264035
12 5319 0.0110313 0.285431
12 3565 -0.255471 -0.359712
12 2166 -0.254248 -0.349931
11 5320 -0.0965474 -0.348709
12 5320 -0.0317557 -0.332815
12 5074 0.403938 -0.30396
11 4686 0.265308 -0.321811
11 4230 -0.0843225 -0.318143
11 908 -0.217573 -0.27046
11 5321 -0.0464255 -0.194657
12 5321 0.0660432 -0.168982
11 5322 -0.240801 -0.165314
12 5322 -0.174786 -0.148197
12 4139 -0.161339 -0.144529
12 2943 -0.138845 -0.113229
11 5323 -0.211461 -0.118854
12 5323 -0.138723 -0.0996989
12 4468 -0.139742 -0.0884914
11 5324 -0.0342006 -0.10785
12 5324 0.0517809 -0.0864537
12 2908 -0.169897 -0.0650576
11 4904 -0.133222 -0.0540539
11 5325 -0.151559 -0.0296012
12 5325 -0.050093 -0.00514854
12 1313 0.114943 0.036421
11 5123 -0.168674 0.0229721
12 5187 0.00125147 0.04987
11 5326 0.136947 0.0315305
12 5326 0.216409 0.0510926
11 5327 -0.174786 0.0339758
12 5327 -0.0831001 0.0572058
12 3608 -0.0928799 0.0669869
12 1265 -0.0831001 0.0926622
11 5328 -0.162562 0.0914396
12 5328 -0.0782101 0.113447
12 2169 -0.0640293 0.115648
12 3593 0.178104 0.147884
11 5329 -0.141779 0.141568
12 5329 -0.0586503 0.163575
11 5330 -0.140557 0.153794
12 5330 -0.0592616 0.175394
11 5331 -0.0640293 -0.328902
12 5331 0.0835493 -0.297211
12 680 -0.187256 -0.29369
12 146 -0.0816331 -0.161646
11 707 -0.240067 -0.166047
11 5332 -0.210728 -0.119098
12 5332 -0.137378 -0.100025
11 5333 -0.0816331 -0.00172517
12 5333 0.0110313 0.0217494
11 2371 0.0621313 0.0232166
12 2372 0.161886 0.0554941
12 4851 0.188292 0.0608737
12 1522 0.0753341 0.0672314
11 5334 -0.275275 0.0466912
12 5334 -0.157916 0.0760344
12 3616 -0.0640293 0.0701657
11 1990 -0.125643 0.0510926
12 2928 -0.00388295 0.0980418
11 5335 -0.0258877 0.0892388
12 5335 0.0679992 0.112713
11 5336 -0.163784 0.090706
12 5336 -0.0784057 0.113007
12 1957 -0.00241596 0.121516
11 3029 -0.134444 0.156728
11 4911 -0.361827 0.158195
11 4244 -0.0742982 0.200743
11 3719 0.0313246 0.211013
12 4455 0.0868255 0.283393
12 3929 0.00785293 0.292587
12 3569 0.414501 -0.325381
12 1616 -0.228038 -0.332423
11 5337 0.280712 -0.332423
12 5337 0.390735 -0.305428
11 913 -0.240361 -0.165167
11 5338 -0.0484792 -0.138758
12 5338 0.0513734 -0.115186
11 5339 -0.150581 -0.0296012
12 5339 -0.0516479 -0.005305
11 5340 -0.256204 0.0144136
12 5340 -0.140019 0.0425831
12 3625 0.00433218 0.0390619
11 956 0.0553832 0.0232166
11 3749 -0.173466 0.0461043
12 296 -0.00975089 0.077795
11 1531 -0.0220736 0.0848374
11 2851 -0.0801661 0.195755
11 5341 -0.0203131 0.245051
12 5341 0.0606643 0.266178
12 5218 0.381406 -0.301507
12 722 -0.140371 -0.113053
11 5342 -0.0791098 -0.0581228
12 5342 -0.00137136 -0.0378407
11 5343 0.121573 0.00314585
12 5343 0.212057 0.0249772
12 4188 -0.140371 0.0411747
11 3948 -0.125584 0.0179348
11 915 -0.157271 0.0475128
12 364 0.163823 0.0749781
11 5344 -0.0220735 0.0686399
12 5344 0.0721421 0.0914573
11 5345 -0.178395 0.102443
12 5345 -0.100234 0.124416
11 5346 -0.140371 0.142585
12 5346 -0.0571402 0.16498
11 5347 -0.093897 0.144698
12 5347 -0.00728631 0.167937
11 2135 -0.140371 0.155261
12 4621 0.1346 0.259136
11 1765 -0.0748849 0.256671
12 3000 -0.148398 -0.0353055
12 3948 -0.0368606 0.0407522
11 3445 0.0493275 0.0331464
11 5348 0.138051 0.0331464
12 5348 0.217338 0.0531467
11 2871 -0.0292558 0.088922
12 3964 -0.0343256 0.140134
12 4612 -0.00390633 0.142162
12 3650 -0.285285 0.190332
11 5349 -0.0921225 -0.133673
12 5349 -0.00512304 -0.111769
11 5350 0.0964776 -0.0758695
12 5350 0.166442 -0.0570072
11 5351 0.114729 -0.0515311
12 5351 0.195645 -0.0314519
11 5352 -0.0373676 -0.0302349
12 5352 0.0417227 -0.00995293
12 3002 0.0721421 0.0792881
11 5286 -0.362855 0.158388
11 4640 -0.0769128 0.261826
11 4012 -0.0617031 0.264869
11 5353 -0.216842 -0.133673
12 5353 -0.143835 -0.115419
11 5354 -0.0306753 -0.111769
12 5354 0.0538905 -0.0910811
11 4816 -0.0963812 0.0233096
12 4898 -0.282548 0.187594
11 5355 -0.359204 0.154737
12 5355 -0.231443 0.187594
13 1880 -0.232447 -0.348301
11 5356 -0.34349 -0.372754
13 5356 -0.227353 -0.327924
11 5357 -0.253841 -0.344226
13 5357 -0.0857488 -0.293283
13 2520 -0.169285 -0.291245
13 5073 -0.151967 -0.278
11 5358 -0.282365 -0.315698
13 5358 -0.162317 -0.271683
11 546 -0.19781 -0.222981
13 2730 0.115236 -0.0472071
11 5359 -0.0765801 -0.0569067
13 5359 0.0527996 -0.0202277
11 2774 -0.113255 -0.047737
11 5360 -0.150948 -0.0304163
13 5360 0.0222374 0.0144136
13 2746 0.0680807 0.0796207
13 5314 0.132261 0.18762
13 3306 0.0731744 0.256903
13 3347 0.0711369 0.264035
13 3312 0.121055 0.276261
13 5318 0.0721556 0.293582
11 5361 -0.283588 -0.334037
13 5361 -0.168674 -0.291245
11 3561 0.168732 -0.116408
11 5362 -0.227353 -0.0846198
13 5362 -0.100215 -0.0393823
13 5123 -0.0103622 0.0663755
13 569 0.0672657 0.0926622
11 1802 0.0244787 0.241824
13 1432 0.0904929 0.296842
13 676 -0.216595 -0.323033
13 3635 -0.103051 -0.0472071
11 5363 -0.247402 -0.0868205
13 5363 -0.119775 -0.0413385
13 2795 0.0672657 0.289506
11 5364 -0.265006 -0.311296
13 5364 -0.14706 -0.267281
11 1259 0.183891 -0.107067
13 2389 0.0659454 0.289066
13 1182 0.108195 0.303151
13 2422 0.284233 -0.0792499
11 5365 -0.0220735 0.0432874
13 5365 0.146923 0.0813162
11 3847 -0.360066 0.157374
11 2678 -0.0368606 -0.0327702
13 5254 -0.122542 -0.0424042
13 5241 -0.0951644 -0.00995293
11 2449 0.075184 0.0214842
11 2335 0.078226 0.0549496
13 1721 0.107631 0.304419
11 5366 -0.264296 -0.159229
13 5366 -0.168171 -0.118462
11 5367 -0.249695 -0.0898641
13 5367 -0.125584 -0.0460549
13 5263 0.206596 0.0561666
11 5368 -0.0963812 0.0926742
13 5368 0.0642331 0.132833
11 1374 0.130224 -0.359509
14 2280 0.0330361 -0.0247107
11 5369 -0.101437 -0.172649
14 5369 0.238463 -0.11411
11 5370 -0.182121 -0.102959
14 5370 0.0571435 0.0742738
14 3601 0.104387 0.0890235
11 5371 -0.0713642 -0.298972
14 5371 0.173743 0.0233096
11 5372 -0.180508 0.109486
14 5372 0.00961328 0.120049
11 2219 -0.176283 0.119345
14 4192 0.0167789 0.0160081
11 2224 -0.183989 0.096325
11 1422 -0.173038 0.129182
12 2182 -0.23856 -0.345245
13 2718 -0.003231 -0.307547
12 5373 -0.23856 -0.32283
13 5373 -0.198829 -0.296339
13 5074 0.452145 -0.288188
13 5120 0.363515 -0.238264
13 3272 0.352309 -0.236226
12 5374 0.276922 -0.241321
13 5374 0.328878 -0.227057
12 2595 -0.0164746 -0.239283
13 19 0.0232562 -0.201585
12 5375 0.202554 -0.171019
13 5375 0.25451 -0.157774
12 758 -0.174379 -0.148604
12 5376 -0.186604 -0.146567
13 5376 -0.154004 -0.124152
13 4025 0.11698 -0.119057
13 549 -0.18151 -0.103774
12 5377 0.284053 -0.126189
13 5377 0.323784 -0.118038
13 5307 0.0110313 -0.0966423
12 5378 0.0252937 -0.111925
13 5378 0.0894742 -0.0935858
13 5323 -0.0949174 -0.0783028
13 3364 -0.103882 -0.0467181
12 2603 0.166898 -0.0538501
12 5379 -0.0633366 -0.0528313
13 5379 0.00980889 -0.0308239
12 5359 0.00390016 -0.0355106
12 5380 -0.129555 -0.025322
13 5380 -0.0867675 -0.00494478
12 5360 -0.050093 -0.00494478
12 927 0.0996615 0.0235833
12 5381 0.114943 0.0368286
13 5381 0.178512 0.0486474
12 5382 0.114943 0.0398851
13 5382 0.180957 0.0510926
13 2738 0.215798 0.0673944
13 4226 0.14958 0.0786019
13 3590 -0.022587 0.0877716
12 3592 -0.088805 0.0735076
12 5383 -0.0837113 0.0898094
13 5383 -0.0207532 0.108556
12 5384 0.0752118 0.092866
13 5384 0.142449 0.105092
12 5385 0.078268 0.0938848
13 5385 0.144282 0.106111
12 5386 0.0711369 0.0949037
13 5386 0.138374 0.10713
13 2785 0.135317 0.12547
13 2751 -0.0337931 0.136677
13 3026 -0.0170858 0.1379
12 5387 -0.0714865 0.134639
13 5387 -0.0103622 0.150941
12 5388 -0.0562054 0.183545
13 5388 0.00390016 0.198828
12 3113 0.129205 0.197809
12 2285 -0.0480555 0.210035
12 5389 0.112905 0.237544
13 5389 0.170973 0.242639
12 2652 -0.0602803 0.238563
13 3697 0.0202 0.255884
12 5390 0.0120501 0.287469
13 5390 0.0709332 0.296842
13 116 -0.218796 -0.33526
12 2296 -0.0268657 -0.323033
13 2175 -0.171119 -0.280241
12 824 0.376555 -0.298581
12 3598 -0.157672 -0.27046
13 2176 0.040371 -0.231336
12 5391 -0.0170858 -0.239894
13 5391 0.0195888 -0.221555
13 1669 -0.0610953 -0.192456
13 5322 -0.140557 -0.126189
13 2080 -0.0113809 -0.123133
13 2770 -0.0908425 -0.0721897
12 2310 0.0990503 -0.0931782
13 3909 -0.100011 -0.0650576
12 3090 0.260418 -0.0564992
12 5392 -0.0806551 -0.0308239
13 5392 -0.00241596 -0.00881644
12 5393 -0.162562 -0.0161522
13 5393 -0.109995 0.00585516
13 5325 0.0220338 0.0144136
12 5394 -0.0219757 -0.00392589
13 5394 0.0456684 0.0144136
13 3892 0.167754 0.0408225
13 3899 0.149172 0.0779906
12 3106 -0.085545 0.0682095
13 2781 0.15284 0.0828811
13 4751 0.0330361 0.0914396
13 2748 -0.0170858 0.109779
13 1265 -0.0207532 0.111002
12 5395 0.0746006 0.0926622
13 5395 0.141837 0.104889
12 5396 -0.0843225 0.167243
13 5396 -0.0317557 0.183137
12 2628 -0.0549829 0.177024
12 3151 -0.0574278 0.181914
12 3697 -0.0378681 0.243046
13 3906 0.163842 0.267091
13 4715 0.158748 0.272186
12 5397 -0.0302887 -0.330369
13 5397 -0.00681692 -0.311296
12 3600 -0.210728 -0.130835
12 5398 -0.0933689 -0.110295
13 5398 -0.0537604 -0.091222
12 5363 -0.169652 -0.0648131
12 926 -0.0640293 -0.0530758
12 5399 -0.0581613 -0.0472071
13 5399 0.0148944 -0.02608
12 5400 -0.157916 -0.0296012
13 5400 -0.105105 -0.0075938
13 2323 0.0606643 -0.00172517
12 5401 0.0137208 0.0276181
13 5401 0.0770456 0.0437568
12 3841 0.106141 0.0290852
13 1313 0.17949 0.0481583
12 5402 -0.0317557 0.0422897
13 5402 0.0313246 0.0598956
12 3192 -0.00975089 0.0437568
12 5403 0.00198493 0.045224
13 5403 0.0738672 0.0613628
13 1990 0.0371926 0.0921731
12 3512 0.08707 0.0804359
13 1837 0.142815 0.124451
12 5404 -0.0772321 0.114181
13 5404 -0.0156188 0.131786
12 3167 -0.0801661 0.118582
12 5405 -0.0581613 0.164064
13 5405 0.00198493 0.180203
12 5406 0.0709332 0.18167
13 5406 0.13548 0.190473
12 2790 -0.0478924 0.209546
13 2283 0.172155 0.237422
12 5407 0.00345192 0.243291
13 5407 0.0665322 0.255028
12 5408 0.0122538 0.281437
13 5408 0.0724002 0.291707
12 1754 0.0313246 0.287306
12 5409 -0.254444 -0.362353
13 5409 -0.218062 -0.334771
12 5410 -0.0255943 -0.32186
13 5410 -0.000948978 -0.302493
12 5411 0.382814 -0.300733
13 5411 0.42957 -0.286296
12 5412 -0.175227 -0.286648
13 5412 -0.134738 -0.262
13 3621 -0.117134 -0.246154
12 5413 -0.103051 -0.214464
13 5413 -0.0608019 -0.193336
12 3174 -0.0713642 -0.181012
12 3178 -0.132977 -0.0929826
13 3745 -0.0995302 -0.0648131
12 5414 0.0905908 -0.0683343
13 5414 0.139881 -0.0542495
12 5415 -0.169945 -0.0648131
13 5415 -0.120655 -0.0419253
12 3211 0.183891 -0.0648131
12 2398 0.169808 -0.0542495
12 5416 -0.0572811 -0.0472071
13 5416 0.0138383 -0.0264321
12 5417 -0.0977699 -0.0102347
13 5417 -0.015032 0.012653
12 5418 -0.120655 0.0196954
13 5418 -0.0332227 0.0437568
12 2664 0.164527 0.0443437
12 3836 -0.0784057 0.0918797
12 2408 -0.0625623 0.0918797
12 2647 0.0694662 0.0936403
12 3171 0.122278 0.202797
12 5419 0.13284 0.264418
13 5419 0.184624 0.267499
12 5420 0.413092 -0.324325
13 5420 0.459566 -0.309536
13 2029 -0.172058 -0.294747
12 5421 -0.0284109 -0.279958
13 5421 0.00327595 -0.260943
13 703 -0.0791098 -0.210238
12 3208 -0.0410856 -0.148969
12 5422 -0.131921 -0.0919262
13 5422 -0.0917846 -0.0707991
13 3644 -0.100234 -0.0644609
12 5423 -0.0558728 -0.0475592
13 5423 0.0138383 -0.0276997
12 3067 0.00538841 0.0348365
13 3948 0.0307379 0.0580764
12 5424 0.159598 0.0454001
13 5424 0.216634 0.053851
12 2430 0.17016 0.0454001
12 2867 -0.0115112 0.0475128
12 5425 -0.00306138 0.0623018
13 5425 0.0708745 0.0792035
13 2437 0.0349628 0.0918798
12 3448 -0.0115112 0.0770908
13 3429 -0.021651 0.134557
13 2411 0.0624247 0.134134
13 2885 0.0315829 0.157374
12 2873 0.00327595 0.212304
12 5426 -0.047423 0.214417
13 5426 0.0113034 0.228361
12 3848 0.121573 0.260897
13 3060 0.169808 0.273221
13 706 0.30747 -0.0792499
12 5427 0.0898867 -0.0581228
13 5427 0.130023 -0.0454465
13 3948 0.029048 0.058499
13 2432 0.214522 0.0601891
13 3072 0.203959 0.0661047
13 3467 0.222971 0.0792035
12 4283 0.0873518 0.0838515
13 5344 0.136023 0.103626
13 2871 0.130446 0.124416
12 5428 -0.232052 0.190332
13 5428 -0.1195 0.219234
12 1717 0.105096 0.241037
12 5429 0.0594673 0.263855
13 5429 0.120306 0.27146
12 5430 0.345916 -0.288831
13 5430 0.394587 -0.273619
12 2890 -0.143835 -0.112377
13 4271 -0.0951644 -0.0789118
13 1730 0.0898867 -0.0124882
12 2971 -0.0373676 0.0397381
12 5431 0.078226 0.0732035
13 5431 0.151232 0.0853727
13 3483 0.283253 -0.0825626
12 5432 0.2504 -0.0862134
13 5432 0.290553 -0.0789118
12 5433 0.13724 -0.0497057
13 5433 0.184694 -0.0387534
12 5434 -0.173038 -0.0351026
13 5434 -0.1195 -0.0119811
13 4217 0.0715337 -0.0168488
12 5435 0.184694 0.0634681
13 5435 0.236407 0.0701611
13 4918 0.160358 0.0944996
13 2112 0.123855 0.24053
12 5436 0.0690994 -0.116001
14 5436 0.144282 -0.117631
12 3262 0.198479 -0.00800137
12 5437 0.0935491 0.0867528
14 5437 0.271558 0.0961052
12 5438 0.202554 0.108149
14 5438 0.307117 0.179909
12 5439 0.0709332 -0.120076
14 5439 0.178104 -0.118038
12 2211 0.0684882 -0.115186
14 3909 -0.0317557 -0.0701519
14 3685 -0.0419306 -0.0150234
12 5440 0.176067 0.148903
14 5440 0.263784 0.24053
14 4248 -0.0329781 -0.0699482
14 1118 0.244096 0.0855416
12 2091 0.0793243 0.0728653
14 3460 0.315919 0.0584285
12 5441 -0.173038 -0.0679595
14 5441 -0.0434515 -0.0119811
12 1759 0.0642331 0.00140504
14 3652 0.108037 0.242356
13 1363 0.212741 -0.0375484
13 5442 -0.110199 0.00728156
14 5442 -0.022587 0.0327531
13 3345 0.0711369 0.22328
13 5443 -0.0415355 -0.345041
14 5443 -0.00939877 -0.320099
14 780 -0.154004 -0.285132
13 5444 -0.0672077 0.0034099
14 5444 0.0122538 0.0261509
14 780 -0.153515 -0.284887
13 5445 -0.0141518 -0.0618788
14 5445 -0.0219757 -0.0418276
13 5446 0.131079 -0.04574
14 5446 0.20883 -0.0354699
13 1861 0.125212 0.244758
14 1259 0.372956 -0.0771372
13 5447 0.291274 -0.0524889
14 5447 0.36345 -0.0524889
13 5448 -0.124176 0.223924
14 5448 0.00198493 0.249159
14 3173 0.361126 0.225826
13 5449 0.250785 0.229206
14 5449 0.387557 0.224707
13 5450 -0.121359 -0.0412211
14 5450 -0.0410856 -0.0116431
14 2048 0.373801 -0.0784048
14 2684 0.00116355 -0.030235
13 5451 0.239449 0.0661047
14 5451 0.335284 0.0672314
14 3225 0.269868 0.268925
13 1638 0.306371 -0.0789118
13 5452 0.159142 0.0926742
14 5452 0.266826 0.0975419
162 158 136
166 164 130
123 120 102
124 120 96
177 176 138
178 175 155
198 197 160
170 172 140
142 142 118
132 130 90
181 184 143
144 142 106
178 175 140
168 172 137
102 100 74
162 160 136
157 155 115
209 214 169
166 170 126
160 172 132
129 131 88
163 162 140
184 186 146
166 165 136
223 220 180
130 136 102
236 236 192
165 164 135
166 165 140
159 158 128
218 230 192
184 188 146
115 94 58
126 94 63
142 145 104
93 80 53
168 134 104
98 102 81
167 170 148
185 151 144
128 130 114
176 126 100
100 100 74
101 75 54
142 98 71
127 81 52
174 156 144
186 144 126
107 64 42
138 98 76
162 110 90
188 147 133
88 64 47
164 152 153
234 229 238
148 138 139
226 212 216
75 54 40
148 126 112
70 52 32
145 142 116
200 182 158
200 198 176
85 47 31
81 41 24
222 219 200
188 152 136
78 42 22
84 50 46
102 70 64
169 142 140
199 161 137
159 155 128
182 155 128
80 40 20
90 49 28
94 92 74
211 190 168
152 135 130
70 35 16
91 60 55
188 160 146
223 217 199
72 48 40
62 30 25
188 155 154
49 20 18
138 136 117
108 75 73
78 60 52
170 129 115
178 150 147
176 163 138
120 90 84
48 21 16
91 56 54
80 32 12
80 51 51
172 144 144
154 125 106
174 150 150
73 38 38
152 128 118
152 123 110
228 208 196
230 210 199
124 80 76
66 24 8
62 28 18
178 152 149
172 140 139
162 140 142
109 66 50
162 140 138
173 172 138
184 184 140
164 165 118
152 156 121
152 150 117
172 166 148
139 138 98
174 178 146
145 145 122
188 184 142
146 144 122
198 200 160
119 116 92
176 178 144
160 158 135
216 214 175
174 180 136
160 158 136
162 158 130
150 148 126
185 192 150
160 170 128
170 174 131
129 134 90
154 156 112
179 182 137
132 136 90
178 182 148
150 148 126
132 140 102
203 210 167
150 152 124
154 154 132
138 145 111
164 164 130
158 158 128
166 164 136
156 158 114
224 226 188
219 212 172
84 72 48
127 112 85
174 140 112
166 146 121
189 183 143
89 93 70
161 164 140
87 80 68
92 94 66
65 46 30
81 48 24
218 212 187
118 88 64
181 156 135
69 40 14
168 130 111
211 170 151
62 50 36
47 36 22
172 116 92
73 46 27
102 73 55
210 184 171
192 180 183
203 189 187
90 79 78
129 104 84
78 60 54
92 62 53
117 75 52
110 64 44
78 60 40
222 219 203
180 142 136
119 92 85
144 104 94
178 143 132
157 118 98
86 64 54
234 231 216
158 120 106
123 84 66
134 92 77
91 50 34
82 46 25
194 152 134
194 176 169
176 154 150
174 135 111
181 176 152
78 38 18
212 208 188
69 34 20
170 165 141
75 52 33
162 134 118
189 168 161
128 90 87
159 126 124
158 118 104
90 58 54
70 34 28
188 168 142
70 42 38
166 130 126
57 20 13
116 74 70
70 30 16
68 35 34
169 142 122
86 52 48
144 124 122
218 198 183
234 221 213
103 64 59
96 63 61
90 52 48
113 74 66
149 153 117
166 160 144
216 217 176
102 100 63
141 140 102
116 115 86
176 172 127
151 149 108
116 114 90
120 120 87
174 176 142
148 146 122
173 170 148
133 131 98
123 118 88
148 148 125
149 146 118
161 170 128
164 168 122
133 138 94
140 143 100
171 174 130
162 159 136
120 124 80
154 155 134
166 166 144
176 176 126
182 179 158
152 152 127
131 138 104
150 150 120
232 236 192
172 171 146
128 125 85
164 164 134
206 208 164
160 160 130
229 232 194
148 127 98
181 166 120
210 207 176
128 104 82
138 96 67
216 183 168
150 122 100
131 86 57
99 74 54
80 50 24
204 160 139
127 86 65
36 25 12
178 140 114
73 41 22
108 76 56
194 184 184
129 102 82
80 59 51
204 156 124
148 116 108
82 79 53
180 142 136
121 105 92
98 73 67
130 104 97
172 136 126
160 122 104
154 115 100
90 50 34
134 93 76
112 112 84
209 192 185
114 70 54
163 134 133
78 38 18
147 110 102
172 130 126
66 23 10
200 179 157
197 184 162
190 166 158
185 165 158
188 155 154
158 118 104
70 34 28
146 114 112
115 74 70
90 48 38
186 164 164
154 125 106
169 143 130
226 214 208
126 98 84
170 144 140
90 54 50
194 194 148
188 183 146
156 156 122
212 212 171
179 175 158
126 124 102
161 156 136
144 142 104
177 180 146
202 206 163
214 212 174
137 136 114
223 226 184
184 190 150
168 175 137
171 172 128
176 174 148
179 177 155
170 170 126
231 234 194
227 224 188
162 138 108
228 214 188
196 195 160
114 91 66
158 161 138
100 58 33
104 69 38
142 112 84
84 54 35
70 38 20
182 125 98
174 136 130
180 160 145
174 158 147
110 103 81
230 227 212
190 148 126
142 103 94
96 58 42
75 74 52
94 57 38
194 152 134
196 159 134
166 136 108
136 98 90
68 38 36
62 21 7
212 194 172
120 118 100
110 74 70
62 34 16
177 152 146
173 140 138
158 118 104
140 112 110
199 182 155
171 146 141
85 54 53
56 14 2
160 130 128
124 74 60
106 106 82
178 178 148
164 160 117
108 110 83
130 128 102
151 148 114
120 118 86
176 175 142
154 153 129
160 158 138
156 164 126
151 150 124
154 151 128
169 165 142
168 168 118
232 238 196
219 227 190
135 106 70
218 216 173
42 25 10
207 198 162
73 40 16
138 98 75
146 105 84
72 62 44
121 117 92
192 146 127
213 189 172
76 55 43
32 22 16
148 134 122
162 122 115
116 82 60
198 184 162
82 44 35
187 184 165
125 106 100
81 39 29
116 100 86
189 154 144
70 32 16
101 67 56
138 100 100
82 49 42
184 179 156
179 153 124
71 36 20
206 191 170
56 14 2
61 29 22
138 120 99
202 189 168
37 16 12
84 43 24
160 140 141
79 46 41
79 46 33
224 216 212
128 87 83
122 88 69
148 146 120
105 106 82
174 164 142
113 111 81
180 184 152
170 170 135
168 164 140
164 175 141
146 144 116
229 236 196
214 204 167
149 130 94
50 28 12
86 82 64
66 36 16
113 72 50
110 80 62
188 143 124
146 132 118
200 199 178
130 96 82
177 156 150
188 147 118
65 32 25
136 108 100
138 136 110
166 140 113
160 122 98
144 116 112
64 32 24
204 192 170
36 16 12
56 24 16
194 181 153
99 59 41
120 97 74
152 122 108
223 216 213
122 88 67
214 194 183
80 40 28
100 58 52
170 167 132
160 166 131
172 170 136
120 115 84
150 151 121
154 154 114
70 78 48
218 196 172
201 194 150
180 155 135
26 15 14
130 84 67
206 162 129
118 97 82
120 85 62
201 184 184
186 162 157
114 82 77
102 72 70
39 15 5
124 98 92
196 182 152
96 61 56
190 174 148
183 135 104
180 170 150
180 185 142
140 144 108
224 236 194
74 42 20
164 120 98
112 80 56
88 59 40
192 153 132
42 21 13
109 70 55
117 104 83
74 37 21
94 47 36
130 84 77
180 167 144
144 118 98
51 24 21
146 122 98
50 24 20
101 66 60
153 154 113
188 189 148
87 89 56
128 128 103
146 150 114
129 132 109
90 86 60
156 155 116
156 152 128
176 176 138
126 126 106
138 136 116
136 134 112
140 120 70
180 182 139
149 153 110
144 108 84
142 147 124
204 200 163
196 194 149
192 175 137
79 50 20
73 46 30
88 58 40
50 26 12
200 179 168
223 210 201
160 124 111
114 88 72
119 124 90
68 37 28
98 88 72
109 116 102
130 96 86
173 130 111
100 52 32
76 41 36
100 60 44
98 60 45
62 25 18
60 22 17
138 111 92
52 21 15
58 36 20
111 88 72
160 136 126
160 134 110
119 96 72
149 115 104
200 183 173
78 34 22
154 152 104
114 114 93
168 164 118
154 151 132
87 89 56
191 190 144
140 138 93
150 152 119
126 127 108
138 138 100
135 134 116
134 136 114
139 138 117
146 144 122
136 138 114
130 131 86
168 170 130
164 170 131
44 37 23
196 172 132
188 155 140
86 48 21
148 128 99
120 95 68
122 82 56
117 122 86
108 120 82
126 102 90
74 40 22
52 31 22
117 123 88
142 124 115
74 44 38
170 158 149
130 88 66
76 49 42
78 40 24
146 112 94
90 56 53
121 83 68
52 16 8
70 33 14
170 149 124
96 74 56
121 82 68
79 48 36
150 115 104
134 98 85
134 127 82
148 146 126
140 136 96
158 154 136
100 96 76
144 148 116
171 171 132
141 144 100
142 141 116
165 165 126
154 150 128
152 150 102
136 135 108
142 144 98
189 188 152
104 90 53
154 156 114
194 184 151
66 56 28
204 190 160
106 80 58
164 146 110
152 134 118
36 31 14
141 114 92
112 84 50
74 54 46
74 48 40
38 24 10
84 52 29
114 74 66
118 74 53
91 51 36
106 56 36
152 126 119
49 17 12
73 36 18
94 95 76
52 21 16
74 43 31
48 12 2
98 100 78
86 86 58
170 168 121
112 112 92
98 98 60
162 163 128
130 130 110
166 166 125
140 136 116
134 132 112
136 135 108
160 148 113
188 192 150
146 124 102
160 118 102
164 120 101
54 23 14
64 27 16
174 132 114
136 115 89
106 61 42
117 83 82
49 28 25
208 198 191
94 90 68
85 86 58
140 138 114
166 166 125
128 129 108
132 132 106
140 140 103
143 146 100
193 197 151
96 76 48
122 123 88
76 65 38
98 66 42
118 100 70
56 22 13
70 26 15
92 91 72
160 158 122
108 112 76
180 179 138
132 130 108
170 138 108
154 144 110
196 194 156
114 99 69
196 172 148
147 148 120
192 199 155
32 17 10
130 108 88
89 65 44
188 162 148
80 58 41
62 28 18
92 67 64
90 58 53
90 89 73
122 119 94
154 135 100
64 54 22
88 92 60
132 115 86
39 38 24
60 34 17
108 76 46
77 48 35
122 87 78
102 53 37
40 20 14
175 160 136
56 24 14
143 146 100
194 194 152
191 160 138
157 130 116
174 158 132
172 172 132
110 112 75
143 142 92
150 110 90
59 30 12
58 28 22
87 89 61
189 192 148
114 116 94
117 118 90
118 86 52
87 58 56
181 179 137
142 140 98
144 107 81
135 100 74
108 110 100
51 26 19
110 109 93
116 114 72
190 198 160
133 109 93
56 30 24
47 39 18
74 74 55
154 153 113
182 181 138
34 18 11
127 105 96
187 178 171
98 60 43
149 131 108
136 98 74
62 29 17
42 18 12
50 34 24
78 44 34
124 126 88
83 75 38
165 150 120
113 76 74
116 118 78
146 122 106
153 156 107
84 84 62
106 108 84
83 79 58
122 122 104
110 112 88
54 27 22
127 128 104
72 58 21
176 160 128
60 40 28
126 108 93
86 90 56
124 105 86
104 78 62
110 108 72
102 74 66
104 64 44
163 166 122
102 74 55
39 14 10
186 186 148
173 168 132
100 72 50
152 154 108
162 164 118
168 166 125
138 115 94
188 191 142
102 84 52
124 90 74
123 120 73
130 134 92
134 146 108
130 130 88
155 158 126
105 65 54
154 155 113
153 154 108
172 174 142
114 86 64
164 166 132
185 187 142
72 76 56
171 170 130
144 144 104
182 169 134
90 70 46
79 51 48
170 162 137
110 67 42
51 28 18
183 182 134
172 162 132
150 152 114
72 46 39
161 136 108
132 119 101
74 40 35
61 35 30
131 116 105
54 31 18
136 116 80
76 50 41
130 94 72
148 124 104
114 75 63
66 43 29
100 60 42
106 82 71
114 109 78
94 78 58
128 113 106
62 40 28
88 74 64
74 45 38
114 96 88
160 162 123
82 54 48
113 90 81
123 84 70
134 114 107
144 127 104
109 74 56
36 33 10
90 64 58
190 170 138
174 148 126
154 128 116
76 49 43
170 150 124
132 100 80
152 154 112
129 132 116
148 124 100
124 128 98
117 90 78
121 124 96
99 77 56
52 42 32
53 14 6
162 142 122
172 153 128
173 160 135
156 158 116
90 90 64
135 142 106
104 100 74
123 120 98
106 97 60
153 154 113
80 70 27
175 177 141
188 182 158
156 155 104
72 56 43
105 69 51
134 136 92
114 119 90
82 74 34
112 115 74
134 113 86
130 86 63
152 149 114
176 178 140
130 110 60
63 24 12
120 124 96
62 53 38
100 63 44
50 23 10
84 55 38
98 70 58
124 90 82
156 143 120
146 150 102
80 56 46
150 146 116
89 64 37
131 99 79
167 134 110
133 116 102
178 162 132
74 35 22
141 138 94
97 98 68
162 162 122
107 108 66
180 183 143
160 161 124
186 191 152
195 190 153
102 94 84
186 198 160
168 179 142
132 114 82
122 100 72
168 148 133
120 122 104
120 122 104
63 38 18
188 186 158
130 130 96
104 76 64
42 38 17
69 59 60
28 12 4
123 78 46
58 28 16
155 120 112
144 130 119
122 92 82
124 82 64
178 154 128
80 46 36
136 98 86
120 122 96
150 105 85
58 30 25
158 138 130
192 180 169
40 20 17
40 16 12
102 104 84
98 76 72
70 38 36
136 102 98
61 32 29
151 112 112
149 120 118
81 42 40
76 46 42
142 117 115
101 58 48
151 118 116
123 93 92
114 76 66
132 130 106
170 170 128
150 154 112
126 104 78
164 150 106
168 175 135
183 192 152
197 194 154
120 94 62
162 160 124
158 117 102
118 94 64
120 122 104
114 117 99
159 118 104
188 188 158
174 130 112
120 126 90
78 50 32
128 113 114
92 76 70
44 18 8
122 102 96
66 32 23
62 36 25
180 146 120
128 82 60
70 44 41
144 116 110
72 36 28
141 118 112
108 111 92
72 46 40
80 58 40
60 27 12
42 21 13
130 96 93
208 194 184
156 126 116
138 109 107
126 100 98
154 124 122
159 158 116
140 139 107
198 202 162
155 146 122
184 152 136
150 145 116
52 52 25
164 119 106
140 136 111
58 30 22
92 76 70
53 26 17
71 28 13
125 106 98
190 180 156
176 131 110
54 18 8
125 102 98
82 62 44
48 14 4
132 121 97
92 62 59
87 57 56
84 54 35
138 140 126
148 126 124
94 53 51
130 94 96
144 112 110
176 178 136
143 142 110
194 204 164
181 150 134
118 101 66
34 26 8
134 113 100
116 123 86
112 84 62
56 41 34
108 68 43
31 16 9
86 57 48
120 92 70
76 46 41
164 140 132
74 50 48
45 20 16
40 23 19
61 36 34
136 106 90
66 28 10
138 110 108
67 42 36
139 113 107
156 140 122
98 66 62
152 126 104
132 138 122
75 46 42
148 133 132
104 81 58
68 38 38
156 124 114
92 58 54
94 56 53
134 107 104
138 106 104
132 100 98
112 110 92
139 136 108
150 112 86
82 52 22
136 138 116
159 152 126
162 120 106
156 114 91
102 74 60
172 160 165
36 21 10
30 14 8
85 72 60
144 107 88
156 117 94
193 153 129
75 54 46
48 20 13
89 65 62
68 41 38
139 100 90
98 68 64
130 96 87
150 126 112
122 100 82
114 86 83
140 104 104
94 56 55
144 142 116
191 188 150
193 188 142
194 191 170
158 118 95
114 76 50
28 16 10
130 93 71
164 142 122
168 146 119
60 22 8
187 176 152
60 36 34
147 130 106
80 36 29
184 182 134
204 211 164
198 206 161
140 142 106
68 54 20
198 206 166
170 131 116
37 22 8
154 157 122
206 168 158
130 94 70
171 148 126
70 42 36
68 35 30
64 30 16
135 91 61
132 99 96
106 98 60
202 208 162
166 130 106
99 67 46
174 154 126
125 90 86
81 58 55
170 162 148
140 137 114
97 58 36
116 122 84
110 92 88
133 118 106
136 111 109
34 15 11
153 130 129
126 94 91
130 103 96
97 100 62
124 122 98
142 126 90
178 170 132
116 122 84
143 104 82
101 109 80
88 60 42
40 22 19
80 52 48
136 144 128
138 117 114
152 138 129
147 104 102
134 106 104
119 83 80
99 98 76
150 149 97
160 160 108
141 144 96
165 168 118
178 170 134
122 80 58
102 109 70
46 36 34
56 24 10
79 62 52
56 27 22
79 52 49
109 80 78
51 31 26
151 126 122
104 104 82
94 89 59
169 158 124
150 109 93
130 136 114
108 114 76
48 24 18
92 92 74
46 22 21
92 63 47
144 142 92
180 177 138
84 68 52
85 54 36
130 96 92
188 170 142
147 148 114
150 108 89
176 131 112
78 40 39
96 58 48
122 124 80
76 64 34
162 159 132
154 142 106
184 178 154
84 52 40
184 184 139
71 54 20
120 120 98
154 156 108
162 134 112
130 133 96
112 123 84
174 136 114
138 98 94
152 150 107
179 178 128
136 116 80
190 180 147
104 102 61
161 160 108
190 199 159
188 194 152
131 132 98
153 127 113
116 117 89
146 131 96
124 126 91
107 70 59
92 81 56
125 126 94
130 106 102
127 98 92
75 78 59
34 11 6
133 109 102
100 78 42
140 112 106
113 88 71
92 96 63
150 136 103
83 62 48
116 112 92
71 73 49
106 108 82
76 77 54
77 78 54
136 128 109
148 110 106
128 122 92
96 74 62
120 110 92
90 88 67
94 104 94
170 170 138
164 162 114
135 137 109
172 153 132
122 123 95
148 128 116
136 108 84
152 131 110
126 104 94
82 55 44
116 121 82
182 166 137
170 150 126
158 160 120
141 136 98
124 99 91
152 154 114
81 68 55
108 90 78
112 104 94
103 95 84
114 74 52
92 92 78
142 120 114
76 41 35
134 134 108
186 186 150
58 41 22
106 67 60
164 166 123
46 18 12
184 159 131
48 44 32
42 24 14
126 104 96
138 106 94
118 108 88
132 116 87
128 98 74
103 76 54
58 50 27
88 53 42
124 128 100
111 86 58
144 120 116
108 80 72
124 92 68
115 81 66
56 36 30
162 142 106
124 108 66
136 118 102
92 91 71
155 108 88
98 86 78
130 114 89
156 133 110
136 121 95
114 94 68
78 48 42
182 184 154
138 96 74
126 128 102
179 152 114
98 60 39
99 76 64
103 96 76
141 140 96
121 100 80
163 163 130
157 158 128
191 147 126
159 164 120
180 182 140
84 56 38
142 134 106
159 160 136
95 74 61
77 62 44
80 65 48
150 131 104
106 115 74
188 184 150
52 30 14
182 190 148
113 114 72
109 110 90
116 118 74
152 153 108
86 94 70
116 119 81
118 120 79
96 100 81
96 99 66
50 40 10
128 136 98
162 163 122
112 115 102
86 56 26
154 157 119
144 147 118
136 140 92
160 160 121
154 163 124
132 136 113
163 152 114
40 16 2
152 152 148
90 88 80
126 126 114
90 92 84
50 28 12
186 156 136
108 106 79
24 22 6
84 42 26
113 71 50
80 62 48
24 15 4
192 184 195
136 124 129
98 65 49
120 83 72
26 6 4
96 62 49
136 116 104
77 30 8
71 34 20
106 86 84
28 9 6
60 32 28
74 61 38
123 100 92
128 101 96
68 34 28
50 20 15
46 20 16
44 18 16
126 98 98
92 60 58
70 30 24
116 80 76
89 84 38
95 103 63
116 117 66
130 131 86
158 158 112
113 114 76
70 69 48
121 122 75
76 72 45
80 86 62
84 89 72
121 124 81
84 90 72
126 131 84
100 104 90
169 157 122
112 106 72
130 110 68
171 156 124
108 98 80
159 154 118
131 105 76
98 102 90
124 73 46
65 60 52
85 71 42
122 98 76
32 22 6
154 154 151
94 90 83
118 118 108
40 25 14
161 152 160
115 110 80
88 50 24
18 4 2
26 14 6
90 72 59
133 112 104
121 100 92
112 112 92
62 26 17
144 144 126
72 39 36
42 18 14
28 7 4
96 68 66
102 72 68
122 99 98
113 84 78
104 74 70
38 20 18
120 98 96
104 84 83
65 37 14
124 90 86
100 66 61
90 46 40
128 100 100
70 30 26
68 32 28
142 141 96
62 63 40
136 141 99
70 76 59
100 102 74
156 158 114
66 69 38
152 152 114
46 36 12
95 66 36
130 94 68
167 170 129
165 164 125
102 74 52
164 173 133
58 29 18
157 150 112
34 22 8
88 84 78
155 136 113
74 76 66
82 37 11
122 81 56
87 49 25
45 20 6
40 24 12
86 94 54
112 74 65
94 76 64
30 21 6
42 15 8
146 128 122
126 90 68
110 112 89
156 110 88
96 58 44
58 36 33
52 26 23
26 8 6
132 110 91
140 122 112
122 86 82
116 78 72
108 76 73
122 76 60
86 40 26
97 60 46
129 129 86
68 68 38
145 146 100
126 131 91
104 102 79
141 146 97
135 132 82
96 98 70
166 174 131
160 162 121
106 82 37
74 77 62
95 64 34
138 117 76
124 123 86
125 88 62
140 152 109
74 78 57
162 172 131
31 14 3
164 124 110
119 120 110
12 8 2
82 63 48
24 22 6
128 80 64
40 19 8
110 105 84
142 96 72
76 50 40
120 84 62
56 25 6
142 107 94
142 132 138
106 74 58
101 71 67
102 68 60
102 56 29
64 28 18
64 36 32
110 84 80
56 27 22
86 52 32
116 80 77
78 27 22
124 90 86
70 28 24
106 112 79
58 64 40
128 108 73
53 36 8
110 83 58
28 11 2
162 124 113
184 146 136
91 74 40
56 24 2
107 87 64
38 19 8
53 48 35
45 42 30
142 118 105
80 50 28
85 46 20
101 110 83
96 82 70
146 107 88
102 57 30
174 144 141
16 8 4
107 80 73
82 47 23
65 38 27
84 48 41
90 54 50
98 96 76
54 58 32
62 66 38
28 12 3
56 25 4
102 84 60
44 26 15
98 58 33
94 82 66
30 24 8
132 100 88
170 124 92
100 75 70
124 103 78
38 18 16
57 28 22
96 62 36
65 38 16
101 70 64
72 26 13
138 108 105
116 110 88
138 142 100
72 42 18
164 168 128
164 175 130
164 171 129
168 166 122
40 27 12
167 154 106
32 12 2
44 38 22
161 147 122
37 46 28
93 58 40
48 18 11
107 70 66
147 100 84
94 87 43
152 152 118
132 122 96
162 170 128
154 131 110
62 68 53
84 74 64
78 40 28
75 49 44
100 76 57
130 108 96
94 96 72
56 54 26
82 81 36
86 91 49
104 106 62
124 128 83
92 98 79
101 104 92
172 149 108
159 124 110
89 92 78
108 67 42
132 89 74
106 74 50
120 94 94
71 36 32
126 128 82
173 174 126
110 111 66
133 139 92
162 168 126
85 88 74
78 84 61
118 116 98
76 28 18
136 88 72
164 174 132
94 72 24
72 71 38
169 166 126
115 116 112
82 94 56
140 138 122
68 76 56
143 139 120
98 68 65
146 143 124
114 87 82
172 160 152
92 55 27
128 102 98
64 58 32
88 38 28
98 60 56
148 152 106
114 112 69
54 56 34
151 144 105
97 80 61
37 24 10
170 164 156
102 50 36
54 25 22
120 96 94
98 61 56
72 38 32
87 52 46
86 89 34
109 108 88
102 102 78
96 103 68
89 93 54
54 45 9
96 72 26
126 126 124
154 154 155
101 101 76
46 30 22
30 16 8
78 46 22
73 32 25
128 78 64
128 128 84
123 90 58
64 50 20
102 76 71
62 34 21
101 76 76
80 32 24
64 64 38
108 73 42
168 156 130
173 144 142
92 64 41
14 11 3
86 52 48
60 60 32
135 134 84
83 46 42
103 66 64
102 70 64
64 52 25
146 145 146
46 17 10
24 21 14
52 54 34
89 72 56
95 58 34
107 104 58
110 110 74
106 68 43
91 68 53
84 98 62
112 116 88
84 98 62
104 64 47
58 33 26
62 64 40
106 78 61
94 98 58
62 36 30
58 61 38
62 64 40
64 64 40
134 126 100
102 91 69
106 106 66
62 64 32
37 24 14
139 117 94
162 166 123
36 30 12
165 150 126
138 120 97
120 107 80
62 49 42
108 78 54
168 128 96
109 80 59
94 88 64
146 144 114
118 98 74
105 89 66
44 22 16
133 132 93
34 24 11
163 122 98
84 48 36
173 160 140
64 52 42
130 95 66
162 120 96
144 126 102
76 54 18
108 70 48
120 94 74
46 19 12
94 62 49
132 129 94
90 66 58
113 72 46
124 114 96
139 115 96
122 90 69
128 113 92
124 134 95
145 137 106
104 114 76
142 100 70
107 76 53
92 79 54
156 137 115
14 12 4
77 57 34
76 48 46
38 10 4
112 98 78
41 28 18
54 42 27
30 9 6
96 96 73
106 98 82
26 8 6
88 64 60
160 162 125
66 52 30
90 54 42
72 72 55
100 100 76
120 124 118
126 100 96
134 114 114
166 146 135
90 56 50
146 150 99
61 61 36
73 73 44
123 96 94
63 64 35
93 72 70
142 146 92
162 162 115
168 156 150
92 62 29
168 170 120
69 41 23
122 98 94
86 58 36
148 154 108
94 90 58
55 26 11
84 56 33
118 98 94
115 93 90
156 155 113
112 87 81
106 95 70
72 36 14
145 128 114
132 126 88
113 94 46
138 121 94
172 162 152
90 84 39
92 100 58
93 94 48
94 94 52
118 122 80
143 146 102
88 92 60
84 92 72
106 112 71
132 138 90
76 84 66
90 90 64
84 88 58
119 118 66
94 94 42
84 88 56
96 99 72
70 50 30
148 150 110
154 142 104
58 54 46
144 132 92
80 50 28
159 135 108
144 121 96
86 45 23
128 84 60
152 124 114
78 45 18
93 68 56
156 128 109
94 66 57
92 78 62
66 42 17
110 86 82
86 53 48
126 126 108
56 26 22
113 90 85
109 85 80
121 99 97
120 92 86
104 64 56
159 140 124
111 66 56
118 92 88
68 23 16
70 25 16
127 98 95
122 94 92
107 78 76
85 54 51
121 85 76
81 36 21
144 145 96
92 96 67
106 111 69
62 68 52
104 103 52
54 44 10
54 35 5
158 144 98
142 138 105
45 28 10
139 116 90
97 53 17
90 50 29
111 72 52
74 44 27
105 92 88
156 120 92
38 16 6
23 6 2
40 18 14
128 104 77
90 44 21
80 47 26
92 68 64
27 14 8
109 90 84
96 53 46
96 81 70
158 144 134
110 66 61
106 76 72
114 85 84
111 74 64
82 51 48
73 30 17
118 82 73
60 61 40
58 59 32
144 145 96
90 90 51
106 109 68
74 72 46
48 30 2
80 80 36
140 136 98
76 64 36
160 164 120
153 165 123
120 94 56
158 144 98
86 42 5
95 58 36
74 58 46
52 48 38
161 124 96
116 123 99
124 102 90
87 61 38
85 38 16
102 110 90
107 84 78
101 76 69
108 65 59
104 60 56
93 72 58
114 85 84
86 48 42
114 80 72
116 78 68
68 26 19
68 28 20
69 69 26
47 49 27
94 97 52
78 84 63
59 68 49
100 103 57
90 95 81
71 71 28
122 108 72
55 22 5
133 132 98
162 142 118
102 70 60
84 38 16
105 70 56
112 90 89
121 92 86
98 70 70
104 60 56
160 148 138
114 88 86
86 48 42
116 90 85
105 104 70
112 117 74
48 50 30
114 115 70
60 66 46
48 56 36
96 74 26
45 27 2
128 110 65
157 162 121
146 134 96
126 84 59
34 16 12
158 147 138
53 23 16
60 18 10
87 52 45
52 18 12
88 60 56
134 98 92
112 113 66
105 104 57
154 158 114
134 133 91
142 129 92
92 61 52
152 132 131
85 38 16
76 49 42
78 56 54
162 150 139
158 148 142
98 71 66
64 19 11
74 26 19
136 136 84
66 36 20
71 61 53
54 24 14
82 50 32
42 28 19
143 96 72
160 132 128
166 125 98
92 60 54
42 50 25
91 92 49
151 152 100
150 142 113
107 80 58
108 118 70
95 96 60
80 86 72
69 26 14
71 76 46
104 62 36
40 13 4
110 87 83
86 38 28
95 43 32
124 98 96
104 108 57
114 116 72
142 132 97
90 61 36
102 84 69
32 16 15
122 121 102
101 92 72
88 79 37
108 111 68
92 92 64
125 110 76
116 97 95
90 55 49
88 51 44
47 50 29
129 131 94
90 59 32
89 62 56
108 78 72
74 40 39
109 83 80
50 50 20
142 141 104
162 144 120
116 80 80
86 94 54
102 99 94
159 128 124
100 52 42
84 76 40
92 53 34
122 90 86
72 34 28
93 62 58
70 78 58
151 146 98
69 23 5
108 80 78
96 99 54
83 89 46
92 90 52
126 130 108
96 86 50
103 73 66
160 164 122
71 58 34
44 22 16
75 43 37
45 50 24
136 128 90
48 50 22
126 124 85
145 138 110
142 138 99
56 56 30
148 123 96
104 91 68
118 120 88
102 96 63
152 128 100
116 87 78
86 64 42
144 152 104
72 40 23
80 87 42
95 86 60
138 100 73
107 100 70
146 106 78
84 47 38
132 130 81
86 84 60
149 136 111
82 52 50
150 135 110
113 97 67
48 42 28
155 139 115
56 57 34
142 134 96
83 49 42
98 79 62
150 135 110
69 59 18
148 154 106
80 84 43
134 128 104
84 86 63
129 136 86
94 98 58
133 140 98
52 24 4
74 56 36
50 54 30
148 146 102
127 131 84
71 74 39
133 133 99
129 112 86
151 142 112
76 55 50
106 77 72
122 96 95
73 40 38
132 82 65
129 90 64
12 11 2
159 160 112
97 94 69
70 42 30
48 20 15
96 56 47
66 28 19
100 62 56
90 88 64
74 58 45
54 61 44
124 104 65
46 14 3
66 38 33
147 144 98
123 114 98
118 109 74
151 154 104
113 66 41
136 116 90
83 75 54
104 84 62
78 72 41
148 160 116
100 77 54
68 34 16
76 74 31
34 13 2
88 58 50
104 82 58
154 136 112
93 96 51
45 19 10
149 122 110
127 108 84
62 46 36
114 98 48
109 110 102
135 136 90
94 83 60
152 154 104
82 54 36
64 44 26
141 130 116
48 52 30
70 72 51
83 85 44
87 94 69
78 86 62
96 106 66
86 92 76
50 35 4
98 97 64
131 142 101
110 114 72
96 108 67
112 124 82
145 148 116
140 154 114
94 92 76
78 56 30
126 110 98
157 140 112
32 24 4
129 92 76
60 56 36
76 80 61
74 75 52
91 91 65
74 77 62
112 96 84
108 104 81
112 122 93
116 126 96
94 102 64
50 46 33
100 114 86
80 35 8
62 29 12
46 24 14
134 110 97
56 28 16
83 44 16
30 6 0
110 118 92
118 99 88
160 114 103
116 83 77
118 71 65
126 97 94
63 26 22
130 95 86
114 80 80
114 88 84
54 14 6
90 53 46
104 90 75
126 96 94
125 95 92
56 16 12
80 36 24
100 64 58
121 126 82
83 86 65
86 86 46
94 96 51
147 150 99
114 118 66
108 107 63
77 80 37
86 88 44
103 110 76
80 82 59
92 99 46
121 124 72
134 130 94
82 86 70
93 92 54
118 83 53
74 72 38
75 54 22
86 54 30
86 61 38
116 98 86
142 120 80
146 130 101
40 18 8
98 108 78
61 59 38
68 71 55
96 106 76
94 102 65
72 58 48
103 60 37
34 11 3
121 96 85
73 74 54
108 66 39
66 50 32
114 71 44
28 6 0
166 138 128
127 108 100
104 69 56
54 58 39
148 102 90
94 48 40
122 101 97
121 100 96
97 66 64
56 20 11
63 26 22
91 62 44
49 11 2
88 50 42
118 87 86
113 73 69
133 96 88
82 82 60
76 74 38
107 114 64
86 96 56
80 82 59
120 122 80
88 94 76
76 81 64
120 135 92
80 78 60
135 125 93
138 120 90
138 121 92
34 13 4
138 123 90
98 99 96
41 16 2
89 90 66
41 32 20
40 14 4
62 28 8
94 65 55
133 106 100
106 86 74
41 18 12
134 115 108
134 88 76
94 48 40
102 76 76
91 45 36
98 74 70
88 52 28
85 52 49
114 92 90
120 93 88
102 66 62
116 87 82
83 32 18
103 56 39
124 88 81
53 54 24
76 84 62
66 70 56
70 52 32
70 58 35
96 109 68
150 158 120
108 90 76
126 126 126
96 106 76
55 27 11
52 46 30
84 40 14
36 11 2
60 32 16
111 117 90
148 102 90
84 55 51
24 8 4
109 84 79
89 59 56
125 95 88
95 60 37
79 28 18
150 99 82
94 54 48
148 152 102
50 55 24
68 71 30
56 64 42
148 161 116
85 66 48
92 74 61
161 150 103
28 10 4
60 36 16
116 100 83
109 63 30
94 55 25
145 102 74
110 81 64
30 13 8
74 49 40
102 68 48
132 96 72
82 33 13
100 71 66
114 84 83
156 159 114
42 46 24
70 70 34
105 107 67
132 90 68
148 159 117
100 75 56
72 44 24
96 92 85
80 42 12
94 50 22
22 8 6
70 46 34
38 12 8
22 8 6
86 49 24
86 51 50
104 107 67
154 150 118
124 120 112
55 61 46
92 90 83
109 70 44
126 93 82
21 10 6
18 6 4
38 18 16
80 44 36
101 94 74
53 56 24
150 166 119
144 140 85
86 66 47
127 110 91
49 22 10
100 98 58
108 64 44
150 140 126
80 84 55
105 90 60
130 102 92
41 10 3
68 36 32
79 75 36
72 79 60
92 90 48
84 87 56
140 143 108
140 134 104
72 80 68
30 20 6
142 94 71
119 92 90
72 29 20
52 16 8
102 102 66
110 120 91
150 126 116
70 32 18
85 52 46
85 34 21
99 70 66
134 139 90
26 24 16
93 58 53
90 54 52
54 26 22
48 52 27
135 138 88
116 80 66
89 54 48
114 116 70
124 120 108
47 16 10
96 62 59
122 114 98
95 58 50
50 14 8
120 117 102
55 57 32
148 148 102
153 156 112
76 82 56
101 104 99
124 102 75
98 102 54
46 50 26
91 69 57
106 107 106
49 14 8
73 41 31
53 18 8
48 51 26
112 82 55
82 58 56
116 86 82
126 87 80
88 90 42
84 56 34
58 32 24
54 42 7
139 108 96
80 52 26
64 66 38
82 60 42
30 6 6
116 120 78
60 62 42
42 51 29
58 60 38
124 119 84
116 102 75
140 114 89
122 106 94
105 86 73
50 54 26
124 98 72
130 119 76
44 46 25
115 102 61
48 22 19
98 96 77
80 53 40
113 94 82
86 86 64
72 74 46
118 94 90
102 71 64
71 55 38
110 91 70
98 104 60
140 130 101
8 6 0
104 58 44
110 88 86
60 27 25
59 19 10
112 94 76
122 92 82
60 58 33
88 88 64
102 106 68
67 44 37
107 106 65
108 110 105
78 43 38
97 50 31
106 84 78
38 40 17
133 126 85
115 116 116
76 48 42
100 101 81
94 102 66
98 106 72
93 105 62
107 116 80
109 116 82
88 95 44
64 66 32
100 104 56
104 84 61
133 116 84
143 143 106
160 138 110
77 40 27
118 92 88
120 92 82
73 33 20
67 74 44
150 148 102
110 113 66
62 62 26
96 97 62
115 118 76
56 58 12
103 106 66
134 136 90
88 68 45
128 128 128
60 34 22
144 120 108
116 121 98
130 104 94
45 20 10
102 111 89
83 49 43
102 110 88
46 16 10
126 88 82
114 86 80
88 52 36
114 116 66
94 95 49
102 110 76
110 118 82
124 123 70
122 124 76
132 134 84
135 138 88
111 78 50
133 120 86
125 126 126
78 40 10
121 86 54
82 36 10
44 18 6
74 44 36
30 6 1
110 63 56
91 64 61
114 86 86
82 44 30
120 94 92
148 151 104
52 56 34
100 105 72
90 88 48
108 116 66
110 116 71
132 138 88
86 62 39
31 14 5
120 84 67
34 14 5
117 92 82
48 16 6
103 66 54
115 86 77
36 8 2
104 83 70
94 64 61
48 48 20
102 109 75
123 128 83
120 122 71
161 162 116
150 148 112
104 106 100
30 7 1
58 24 16
52 26 22
108 98 76
119 124 82
158 144 99
114 116 110
22 9 3
116 118 71
88 42 34
127 103 65
138 114 104
105 66 60
146 150 106
148 151 106
69 50 34
110 82 75
106 85 82
56 24 19
57 31 12
136 111 88
104 82 80
154 158 114
82 60 43
86 56 51
136 140 90
105 74 70
89 58 56
151 162 119
74 44 24
118 116 74
56 38 17
82 66 44
47 34 27
120 102 80
45 24 12
24 15 7
56 38 24
160 150 140
104 108 64
126 129 87
146 146 104
98 101 58
110 114 70
108 116 67
82 88 62
96 94 88
68 75 48
78 84 69
47 52 14
137 124 80
82 92 78
74 77 60
66 72 60
96 52 32
68 68 55
143 119 110
54 32 24
87 75 60
35 12 3
88 66 50
92 65 56
164 134 130
96 68 62
152 124 116
150 123 108
108 114 92
46 18 6
91 44 18
121 88 78
45 11 4
114 66 60
132 92 74
121 101 98
47 13 10
116 90 88
126 99 100
110 88 84
58 16 8
117 84 78
60 27 27
113 82 79
72 44 39
118 71 60
88 46 40
85 46 37
74 76 56
154 156 110
102 104 56
55 64 46
134 132 95
126 111 74
142 155 114
105 112 80
116 107 56
53 60 48
138 120 80
98 56 35
90 56 32
42 41 30
49 44 28
26 8 2
80 62 44
42 16 6
121 84 68
128 118 90
29 7 4
36 8 4
114 76 71
66 35 31
98 76 71
130 87 78
122 95 88
113 88 84
106 74 66
79 48 44
86 36 24
90 43 24
90 52 43
122 126 78
80 84 63
92 100 67
73 79 58
111 93 46
77 79 44
83 87 72
134 120 80
82 58 43
26 32 14
60 66 54
115 106 64
101 112 78
80 78 58
91 49 22
62 56 40
128 105 94
51 26 13
122 96 88
100 103 81
118 85 76
40 12 6
130 100 89
50 14 10
98 72 68
84 52 48
61 18 10
113 88 86
92 51 44
69 71 49
104 110 60
76 78 52
110 78 52
91 77 42
70 59 34
120 102 88
56 66 52
30 13 2
98 108 78
147 140 105
24 23 12
155 126 102
107 116 90
117 72 46
49 44 28
38 19 12
94 69 63
104 78 69
44 15 8
100 103 81
112 79 70
23 6 0
115 83 74
106 82 76
110 82 81
49 22 20
50 17 12
92 70 24
42 34 9
142 152 112
30 36 18
120 99 68
133 94 76
152 138 105
160 133 110
86 57 40
46 42 24
22 12 11
87 59 52
100 65 56
72 34 27
121 84 67
70 22 6
29 10 6
23 8 4
97 62 52
98 71 67
83 46 45
54 47 12
44 38 13
64 44 24
147 137 84
127 114 85
120 109 56
86 89 86
134 88 68
74 36 26
44 8 2
108 74 66
50 22 20
81 52 48
77 40 34
144 138 86
131 124 74
142 130 99
107 100 64
106 101 60
28 11 4
152 126 118
124 94 80
89 60 57
114 88 87
58 67 21
102 108 59
46 40 12
66 31 30
70 78 48
100 108 66
72 79 48
140 135 81
136 98 74
64 66 50
62 66 54
128 92 72
75 60 52
79 40 24
106 77 75
122 108 96
97 50 33
158 160 118
92 102 67
135 136 88
83 60 44
68 66 48
122 87 69
154 108 94
124 102 92
76 66 49
44 24 13
70 25 12
80 44 39
116 105 92
47 52 22
142 144 96
138 128 88
50 40 9
113 94 79
82 79 60
159 134 126
89 52 36
94 68 67
50 16 12
111 72 68
160 162 118
117 120 70
143 132 88
127 84 64
64 24 9
110 72 66
149 136 93
33 14 4
122 94 81
106 76 69
65 17 10
118 114 104
162 142 118
114 88 74
93 64 58
116 87 82
42 36 9
84 36 26
98 68 62
70 48 29
59 16 6
133 138 102
44 37 7
103 83 58
60 50 32
80 44 38
138 144 107
90 59 58
92 65 61
154 146 116
49 30 23
115 68 50
86 84 45
111 87 63
44 48 23
34 27 8
32 26 11
132 132 82
124 94 68
124 94 68
108 99 75
87 71 50
134 103 80
94 71 56
102 64 57
103 76 72
94 100 59
81 48 42
114 87 84
98 104 63
54 52 25
58 36 24
56 18 14
70 39 20
108 84 78
124 114 98
70 70 34
89 89 62
104 80 78
136 126 72
47 18 16
124 85 68
118 114 100
148 154 112
88 96 45
80 80 28
97 104 70
86 92 78
105 80 32
101 102 55
94 92 45
102 93 64
120 76 63
116 96 82
154 136 128
105 80 74
115 109 78
78 49 46
44 46 16
116 120 78
106 111 60
86 88 60
98 96 50
127 126 75
118 92 76
36 11 6
26 6 4
144 115 95
48 13 8
104 78 76
57 18 14
104 111 68
86 92 44
84 84 58
42 44 12
134 124 100
94 74 63
128 99 79
29 11 8
57 14 7
91 48 29
92 48 36
84 96 46
94 98 67
57 66 48
110 116 72
82 83 56
157 154 108
154 152 107
40 40 12
130 114 70
60 40 22
86 97 68
39 15 9
134 112 102
68 36 16
26 8 4
22 6 2
46 17 13
82 54 48
109 64 54
92 98 57
156 155 110
40 42 14
31 12 6
90 100 70
41 22 15
40 14 8
110 80 76
77 79 56
156 154 108
104 76 62
140 112 108
137 106 97
98 49 36
108 72 64
112 114 68
80 32 22
13 6 4
18 6 4
134 141 98
157 156 110
152 152 109
150 152 104
78 71 32
112 112 57
118 93 66
99 66 37
142 145 103
134 102 82
114 124 86
98 112 72
95 106 70
99 62 46
106 69 54
152 120 96
122 86 69
97 109 82
90 46 30
86 44 12
42 13 1
62 27 6
74 47 38
92 66 56
60 32 23
59 24 16
34 10 6
110 86 64
44 19 15
110 84 80
119 94 74
135 102 93
108 80 77
119 96 96
56 28 24
122 98 94
128 96 96
79 50 39
61 69 35
110 108 63
99 104 55
120 130 88
122 128 79
158 156 108
105 110 68
159 164 112
82 88 53
135 134 78
138 143 107
149 150 105
116 120 74
110 96 64
59 55 26
154 134 114
50 24 10
58 33 18
127 96 62
103 56 26
24 10 4
52 20 2
96 68 60
74 40 24
64 42 24
117 90 69
163 136 131
88 46 26
79 36 22
108 106 86
88 59 38
98 70 66
115 91 89
155 138 130
84 48 29
122 92 89
138 140 97
54 55 24
151 142 116
22 9 3
66 33 17
148 112 83
82 56 45
89 60 50
88 46 26
95 46 26
114 88 82
101 90 76
21 6 2
96 104 82
87 58 55
114 90 89
96 75 74
104 82 70
76 50 36
116 121 76
76 80 64
48 54 10
42 36 10
151 138 98
134 137 91
122 108 70
41 44 17
131 88 64
99 68 48
149 142 118
142 108 90
88 80 65
99 59 32
50 28 20
58 48 30
55 32 20
52 20 2
89 58 48
40 14 8
34 22 6
73 40 35
136 105 98
60 20 7
35 8 3
42 8 2
40 21 20
122 100 98
52 22 14
84 44 36
58 59 32
90 94 55
108 114 80
132 137 92
104 110 60
126 92 62
61 47 20
86 89 54
100 76 52
139 102 90
151 140 118
38 22 14
72 40 22
116 86 69
69 38 28
86 54 48
132 112 88
84 90 68
32 17 16
82 60 60
88 46 25
110 76 70
90 87 64
132 138 85
116 124 84
55 58 26
26 9 2
96 68 44
31 30 18
132 98 82
28 15 8
94 76 63
31 10 4
56 27 10
148 110 81
80 48 36
80 45 37
90 70 66
90 70 68
76 48 36
62 53 27
97 70 68
90 67 55
69 50 30
146 154 113
120 120 120
36 19 12
146 121 108
18 10 7
43 16 12
84 46 44
73 66 26
89 86 50
94 86 58
126 81 58
158 135 107
126 122 98
120 120 76
66 40 24
107 72 64
80 76 44
78 70 41
104 73 62
150 150 116
138 133 102
142 155 110
99 82 68
114 114 72
83 88 60
85 91 66
109 108 58
104 88 36
90 98 88
140 128 86
116 120 88
148 134 86
132 114 102
92 95 69
114 71 54
110 124 88
60 66 51
88 88 66
96 69 54
46 34 31
90 43 16
114 106 78
47 24 13
54 22 10
86 46 26
50 22 14
58 34 29
90 72 52
122 104 89
100 102 80
80 68 50
114 84 76
116 98 93
122 96 92
124 106 100
93 49 42
118 67 56
118 93 90
58 18 12
116 86 78
73 40 36
120 94 90
79 51 45
80 60 58
120 98 96
127 88 78
100 64 57
133 98 91
158 161 114
144 148 100
92 95 90
66 68 54
106 90 54
147 155 119
58 62 30
133 136 105
169 144 102
73 76 58
94 66 50
40 24 14
107 109 78
26 12 10
100 52 22
77 52 40
50 27 15
96 66 56
78 64 50
118 92 82
130 108 93
135 104 99
110 94 78
66 51 34
118 96 92
54 32 25
82 86 60
111 85 80
40 16 15
118 86 76
67 30 26
120 94 92
102 82 79
96 49 38
80 40 34
90 52 44
74 40 34
83 46 38
42 44 20
157 161 113
91 101 66
90 98 54
88 92 86
118 102 52
60 66 52
128 130 92
94 100 68
128 129 99
112 92 51
126 144 104
68 76 64
130 122 74
90 94 90
140 106 90
136 96 77
22 21 11
120 73 58
96 99 68
51 26 14
34 13 6
43 17 7
46 42 28
116 85 66
50 28 16
88 89 62
114 96 78
42 16 5
102 82 65
72 30 14
117 91 80
104 56 28
71 56 39
74 58 42
32 13 8
136 126 106
26 8 4
96 67 64
79 84 55
102 86 79
120 92 85
54 16 8
43 20 19
94 48 37
63 18 8
54 20 14
126 100 99
94 68 66
82 88 40
88 98 64
78 70 32
144 156 116
150 160 118
86 90 74
56 52 22
114 78 63
134 95 81
23 24 11
129 100 84
124 96 82
94 74 62
92 94 62
20 6 3
14 4 0
73 56 42
47 25 14
141 120 112
102 88 74
60 36 22
94 68 58
132 80 52
70 32 24
92 66 62
88 88 66
24 8 2
38 15 10
57 22 11
111 88 84
60 15 6
78 43 35
92 96 46
150 155 104
81 91 56
72 61 24
56 38 18
60 42 22
84 59 36
156 143 114
106 78 58
141 120 112
84 56 39
91 70 53
82 57 48
85 45 32
96 95 74
40 18 14
60 44 38
93 72 68
100 64 58
94 90 73
74 76 45
58 35 16
27 14 4
100 102 96
79 86 52
30 12 6
24 21 10
82 56 42
29 12 4
73 48 37
116 85 66
126 106 88
158 134 123
148 123 119
34 12 8
34 8 2
114 98 86
108 82 80
148 154 114
130 129 100
128 100 83
12 6 5
92 60 48
87 72 56
64 20 6
24 5 1
93 60 52
88 46 40
142 158 114
144 156 111
148 133 78
124 98 78
46 20 12
122 102 84
140 123 113
94 62 54
136 110 97
123 114 98
120 113 90
70 38 36
135 129 80
72 73 47
60 27 16
100 72 68
138 108 102
63 25 9
122 95 88
99 70 68
74 88 42
94 72 26
112 104 80
111 88 86
90 82 54
140 128 112
85 86 56
100 84 63
128 98 90
104 74 54
74 58 54
124 82 76
52 53 33
67 46 35
116 85 65
72 46 39
130 120 98
50 50 28
146 104 70
34 12 6
82 55 42
47 18 8
88 54 46
102 58 46
92 87 60
128 118 65
29 25 13
70 50 41
85 67 48
78 80 55
112 90 90
105 54 34
65 28 16
126 106 90
64 25 10
98 54 28
139 116 106
119 94 91
40 48 24
52 58 26
40 49 28
76 78 39
57 48 19
144 116 102
51 17 12
37 13 6
44 16 6
144 122 108
146 114 100
52 18 9
152 115 100
124 124 92
142 120 98
32 5 2
46 40 12
31 9 3
94 97 54
62 72 52
94 101 60
107 60 48
116 104 90
80 50 48
40 48 19
110 104 76
50 24 18
53 18 12
149 152 102
104 90 88
139 126 110
70 36 30
126 114 95
117 91 90
112 112 72
89 88 61
108 68 40
150 160 114
108 74 68
88 91 87
112 112 112
71 54 42
106 112 70
120 118 81
100 100 48
100 100 50
150 150 104
112 118 84
108 58 28
59 22 10
89 37 16
150 120 109
54 35 28
30 12 10
120 87 79
119 92 88
90 96 64
89 90 46
116 115 62
120 105 55
150 150 103
40 44 13
116 100 64
95 97 65
64 57 36
68 40 22
72 43 33
103 56 34
134 83 56
106 94 88
99 98 52
116 118 72
112 114 67
77 84 52
71 46 34
129 78 52
132 104 86
120 95 90
72 36 34
88 94 62
97 98 52
90 93 50
76 80 48
36 40 14
52 34 28
40 8 3
122 96 90
42 20 18
106 94 80
80 57 54
96 49 29
89 88 64
75 78 36
86 87 48
126 114 68
128 103 80
34 18 14
84 56 48
80 80 34
154 152 105
88 84 41
115 110 70
136 141 100
108 93 56
47 56 29
90 55 44
115 84 68
108 74 69
66 40 36
86 80 60
56 38 19
124 92 86
46 12 3
94 65 62
148 147 94
32 36 14
137 149 109
44 28 9
77 78 66
151 155 106
97 104 74
79 78 40
86 88 46
116 126 76
88 84 47
100 103 58
146 145 105
152 158 110
108 114 79
150 155 116
61 69 36
88 92 87
148 156 126
94 98 54
138 144 117
114 119 80
49 40 6
86 61 14
151 155 120
86 89 76
80 86 76
116 122 98
134 147 106
122 136 96
118 113 78
129 112 92
98 108 80
125 101 88
58 26 11
64 36 24
79 50 46
106 70 63
34 10 6
130 98 80
126 103 102
53 22 23
130 91 86
97 102 53
125 131 86
94 96 49
120 121 82
89 87 58
96 76 26
78 88 77
70 73 58
95 104 81
127 142 98
140 135 106
77 77 48
76 79 56
46 22 4
44 41 29
64 30 20
48 24 20
46 17 12
60 34 20
102 88 84
90 47 35
79 46 45
100 70 64
76 39 35
104 104 58
104 104 60
155 162 108
114 121 92
54 47 10
114 128 84
72 74 50
114 106 70
30 10 4
59 41 33
71 35 22
58 27 18
64 42 38
98 76 74
81 50 43
61 30 14
58 24 24
88 59 51
79 82 46
155 156 113
95 99 58
84 88 82
84 92 84
132 116 73
80 64 45
111 66 38
122 96 86
78 30 18
156 130 124
38 9 2
44 20 16
48 26 16
120 100 98
117 87 76
54 21 14
94 76 38
111 91 88
113 96 94
154 156 110
95 107 58
108 112 70
106 90 76
137 132 104
134 100 84
28 11 4
96 73 60
86 68 49
134 125 110
78 56 51
84 51 46
96 56 46
78 56 42
147 128 103
24 8 2
77 54 52
92 70 56
138 112 91
84 56 54
90 95 54
95 107 58
72 78 41
84 88 61
113 70 46
26 14 10
62 46 28
84 59 54
136 115 94
102 84 81
91 98 55
82 88 51
82 89 55
150 142 87
110 112 108
110 69 47
46 32 26
59 30 21
87 62 46
141 106 88
125 93 83
114 98 86
70 48 42
64 32 26
41 22 16
123 94 72
130 104 86
148 143 89
80 60 46
16 4 1
74 49 35
112 83 80
158 160 109
112 118 81
140 131 94
146 134 104
131 122 92
78 62 42
110 117 88
107 90 70
52 35 16
152 127 118
156 136 127
94 64 50
150 136 128
96 102 77
46 40 12
51 31 11
20 20 7
91 101 78
40 10 2
91 94 70
100 90 76
158 160 104
82 85 62
136 126 94
55 22 14
80 92 44
96 94 50
92 104 54
132 138 89
51 49 36
108 88 70
122 98 93
140 104 102
154 146 111
137 122 112
96 87 60
96 68 62
42 49 26
158 161 106
36 36 9
114 88 87
100 70 68
142 160 115
58 55 32
80 50 36
124 128 86
119 126 78
140 102 80
112 97 62
140 140 102
68 76 52
82 88 66
74 84 70
102 108 66
109 108 58
99 92 76
31 18 12
66 64 56
94 48 21
68 48 38
74 54 50
112 102 85
126 103 102
120 100 97
51 28 16
120 98 93
106 76 73
52 18 9
112 88 84
70 40 34
124 99 100
68 50 46
57 18 10
102 52 35
106 69 58
76 81 60
60 48 10
140 151 106
131 130 98
52 22 6
42 44 31
89 91 60
40 10 2
134 114 105
60 38 25
68 54 42
85 52 38
76 60 38
132 124 102
76 55 50
34 11 10
96 79 72
76 62 57
51 12 3
110 81 80
79 61 58
45 49 16
106 87 54
92 74 58
15 16 4
54 54 42
70 46 32
15 12 3
101 75 56
104 75 61
110 78 62
86 89 68
100 70 66
102 76 66
35 15 9
114 96 84
51 28 18
114 102 97
116 78 67
106 78 68
116 87 82
113 86 82
100 58 43
72 76 54
150 142 96
144 141 86
22 10 4
24 6 2
120 114 86
35 12 4
18 6 0
94 96 68
107 60 36
108 72 61
120 86 74
104 92 70
50 15 9
117 80 68
98 48 30
40 47 15
146 103 87
23 8 4
155 110 80
104 72 65
64 36 33
54 33 20
101 76 68
42 11 2
43 18 10
41 14 6
62 48 42
102 58 50
84 58 54
110 68 55
44 25 18
172 125 96
92 63 52
36 6 1
99 88 64
96 76 44
30 28 14
36 12 5
30 14 7
83 56 42
150 130 108
32 13 10
158 146 128
110 66 52
86 84 44
35 28 15
98 70 66
44 20 11
78 51 50
84 86 62
28 7 4
88 50 43
76 48 48
72 47 44
70 32 20
74 79 59
106 76 58
78 48 30
113 82 72
50 26 16
112 82 75
76 46 46
102 53 36
138 126 114
98 68 60
132 96 78
107 82 79
98 78 72
74 52 52
70 31 11
86 88 64
68 43 30
118 82 74
72 36 30
99 56 42
128 117 105
28 12 6
85 56 50
118 94 66
114 73 50
62 28 20
78 34 25
102 84 72
82 77 49
88 60 60
100 89 58
87 88 66
42 47 12
92 96 48
98 96 50
88 90 84
102 108 64
73 77 48
70 69 30
84 90 76
91 98 57
132 142 93
99 102 64
79 74 53
60 46 30
137 93 68
74 46 24
58 22 10
66 32 12
132 118 108
27 8 4
122 94 90
122 97 93
52 52 22
122 120 68
50 29 9
60 59 22
126 136 98
163 140 96
26 20 4
114 86 75
120 86 78
30 12 7
102 73 70
56 20 8
106 56 45
88 62 58
122 90 84
86 86 56
70 74 52
76 77 50
87 91 80
88 88 50
112 110 70
112 68 44
66 50 40
50 28 17
62 26 12
74 34 16
109 84 82
31 7 6
37 20 11
45 50 12
80 78 56
72 74 52
58 46 12
88 85 48
59 48 38
99 80 78
30 12 8
103 78 72
21 8 4
122 104 100
92 66 60
46 50 19
49 50 28
52 58 24
88 86 60
34 14 2
67 47 26
96 61 46
20 10 5
27 11 8
44 16 13
104 82 80
54 55 24
146 144 101
86 68 54
17 9 6
124 117 96
26 7 2
136 110 88
111 68 52
74 73 61
100 70 47
54 32 28
90 58 57
134 84 56
33 12 8
102 58 40
101 102 58
92 97 62
110 116 70
95 99 67
74 78 52
96 106 71
108 104 66
142 139 100
138 136 100
98 103 60
101 100 47
70 74 42
114 100 58
112 122 86
70 78 65
98 66 51
85 56 32
52 24 8
60 32 14
112 69 54
44 28 20
120 99 90
124 110 96
66 32 18
111 100 82
150 131 118
113 79 72
141 114 91
110 92 79
84 52 47
52 17 8
83 82 58
100 103 56
116 116 61
88 89 56
75 80 68
72 74 38
86 98 60
70 58 49
124 102 94
142 127 112
104 84 82
106 82 78
106 86 69
102 76 72
90 70 68
119 101 100
36 40 13
142 148 100
120 126 78
120 127 84
155 152 106
39 10 2
62 38 31
124 103 96
94 50 27
166 118 96
144 124 116
156 133 112
38 18 14
117 98 82
126 103 97
138 111 93
96 67 60
78 86 52
153 152 106
152 154 104
48 56 16
130 117 69
92 96 94
114 89 66
44 8 3
22 4 2
80 54 38
55 27 23
76 48 42
115 102 84
78 38 30
85 86 54
140 105 90
154 142 104
90 73 62
87 86 57
93 60 46
113 100 85
156 138 116
118 82 74
144 124 102
103 71 60
33 17 12
29 6 1
68 40 39
88 62 42
80 50 35
116 110 90
114 84 78
80 55 54
108 78 71
81 81 52
28 13 4
133 108 100
35 15 11
82 49 44
148 128 105
82 50 48
74 34 18
92 44 32
150 132 106
96 62 35
80 46 31
72 36 33
118 114 106
11 7 5
74 48 40
86 56 38
74 80 58
87 88 60
46 26 10
98 74 36
56 59 26
96 84 64
116 98 96
72 44 35
58 32 30
107 112 72
72 77 64
166 156 122
124 78 64
110 80 50
85 40 13
126 114 99
38 12 7
125 101 98
72 76 56
73 68 30
158 160 125
124 99 85
32 8 2
53 14 4
96 104 70
77 86 58
152 156 121
122 105 68
116 124 87
66 68 48
109 62 46
68 39 29
106 77 70
112 80 76
145 142 113
134 118 102
78 78 49
120 120 98
46 52 26
58 40 19
150 162 118
109 109 78
31 22 16
14 8 4
96 94 72
112 66 52
74 48 43
44 44 21
152 116 105
66 40 38
64 46 24
89 70 38
73 46 33
134 98 88
56 56 41
154 118 107
88 67 24
104 56 46
59 53 38
148 130 119
29 8 4
88 52 35
154 130 128
129 118 97
94 66 56
120 110 78
94 66 48
74 41 34
93 66 46
98 92 46
78 80 36
48 49 23
78 81 56
92 96 56
114 111 57
122 118 64
78 84 64
102 88 36
71 75 60
82 85 70
91 96 56
118 124 78
76 80 63
115 104 64
112 100 58
90 88 54
106 96 43
136 128 95
76 64 34
154 154 120
104 80 58
58 57 18
78 69 55
88 88 53
132 118 67
113 110 60
109 90 76
60 42 23
138 142 103
138 136 100
106 88 68
126 110 96
58 56 44
123 93 71
145 129 113
130 113 92
128 109 90
72 44 26
141 122 106
92 67 43
42 20 7
72 48 31
108 112 85
116 100 94
36 18 15
161 134 116
111 96 92
112 94 84
68 54 42
28 12 4
140 104 90
62 42 36
88 68 43
90 60 52
98 108 88
141 114 108
54 34 28
118 102 90
152 150 129
126 96 76
120 102 98
132 126 112
112 92 79
92 72 56
33 16 5
31 9 6
132 120 107
116 100 92
34 8 4
120 88 78
116 88 80
98 71 66
121 88 77
48 11 2
110 76 68
112 89 83
112 85 82
106 86 82
126 88 78
112 78 68
107 82 80
108 78 73
103 66 62
54 17 11
110 84 82
65 36 32
120 92 90
119 98 95
124 79 68
84 62 61
46 48 22
96 99 62
87 92 59
123 126 83
92 96 56
40 42 16
99 87 52
66 66 39
74 79 60
126 120 86
42 46 18
150 151 118
112 88 52
156 164 123
116 126 84
102 76 36
157 146 110
94 76 59
70 52 36
149 149 114
152 154 112
132 132 84
58 51 26
139 114 92
128 92 82
93 73 52
128 109 90
22 20 10
105 82 58
48 26 16
96 76 62
156 152 130
68 58 42
43 29 18
99 76 56
112 102 92
118 74 53
124 115 92
44 22 12
156 146 126
94 80 66
152 116 92
82 65 46
120 100 80
70 24 4
94 94 76
102 80 74
124 89 82
90 94 70
36 7 1
66 59 44
114 94 80
89 80 67
110 92 88
24 8 6
29 13 8
32 14 4
88 66 56
126 114 102
37 18 10
40 18 8
104 88 80
38 6 0
100 84 82
100 70 64
116 102 86
118 86 75
114 75 64
52 15 4
106 62 52
112 72 66
60 18 8
110 79 77
110 88 84
120 98 97
86 44 30
119 115 71
128 130 86
58 66 42
82 82 58
73 78 56
68 74 54
66 70 54
83 86 47
139 132 94
87 86 57
70 44 21
71 56 12
118 101 52
160 150 112
134 133 94
113 110 60
64 48 27
93 96 58
34 22 2
85 75 59
74 54 32
64 32 12
42 24 15
96 72 46
116 104 76
61 41 28
70 57 40
70 54 40
96 75 48
138 132 120
126 103 90
111 68 44
82 60 49
90 74 71
135 124 112
62 39 26
31 12 9
36 20 11
108 111 88
130 102 82
60 30 23
98 84 67
34 17 7
88 66 56
126 114 102
32 6 2
49 22 17
104 84 79
36 12 6
112 87 82
52 17 7
79 56 52
116 74 68
58 20 12
100 74 66
112 80 73
74 47 40
88 60 58
58 33 28
102 52 35
70 33 27
126 123 77
40 46 23
34 41 14
120 107 50
144 140 98
84 84 54
82 83 46
48 26 8
132 122 77
76 74 36
166 158 118
161 144 102
92 72 54
148 106 72
82 66 36
89 90 85
122 94 70
142 124 102
88 70 61
110 86 62
133 95 80
53 30 20
129 108 96
15 8 4
140 133 120
54 54 40
60 42 32
124 103 91
52 50 32
99 84 80
51 30 25
116 92 73
28 13 6
54 36 24
111 82 73
152 124 119
71 82 60
132 108 94
128 94 86
101 88 72
52 44 29
25 9 5
92 72 56
28 12 2
92 68 65
27 6 2
32 6 2
112 88 84
40 5 0
118 100 95
52 15 8
116 87 84
58 32 26
104 56 43
79 39 26
102 64 50
66 79 38
104 100 58
72 72 50
56 43 6
92 68 22
53 56 39
84 80 48
74 74 46
140 152 115
128 133 93
79 58 34
68 70 29
146 138 82
148 142 110
89 90 85
96 76 54
126 88 73
143 120 105
69 48 34
96 71 59
69 47 34
102 59 36
129 116 106
38 20 14
148 128 110
30 16 8
118 79 56
93 62 55
57 36 27
74 55 49
54 37 22
40 22 16
73 44 41
76 53 42
126 114 102
40 19 15
32 6 1
32 16 10
86 52 44
60 44 42
34 18 11
48 8 2
100 82 64
55 28 21
112 76 68
74 47 40
72 36 31
112 88 80
126 78 66
108 60 42
114 74 60
66 76 36
30 38 16
148 146 90
146 151 110
146 141 86
86 61 34
84 61 44
30 14 8
158 110 86
60 30 23
40 9 0
116 86 76
40 16 12
110 86 78
80 54 44
140 96 80
140 153 116
152 160 114
158 148 106
136 138 102
85 68 47
82 56 31
159 150 126
95 96 92
76 71 56
95 68 40
89 66 52
20 10 5
72 58 44
62 40 30
156 108 76
49 28 21
142 114 109
168 120 94
64 33 26
21 8 4
40 9 2
146 130 114
103 96 76
52 12 5
98 97 58
139 155 113
140 145 106
154 164 116
66 62 29
60 31 12
147 147 136
94 79 70
74 54 41
47 30 13
44 28 18
116 92 84
79 54 44
96 76 65
89 59 39
119 105 90
59 27 24
52 20 14
104 58 42
102 66 57
104 102 60
140 142 103
94 96 57
65 72 54
105 112 72
68 72 48
145 148 114
136 128 92
118 105 59
112 112 74
59 62 48
116 82 68
74 42 19
122 118 94
100 74 56
48 15 3
71 44 34
103 58 32
73 42 30
26 32 12
56 24 10
140 132 117
80 62 48
116 88 81
112 95 88
122 103 97
111 87 84
110 85 78
46 22 14
72 50 47
58 26 24
73 37 31
120 118 72
102 106 73
106 108 66
121 116 62
63 68 49
126 102 91
70 50 36
122 102 92
65 44 38
92 80 63
89 91 68
114 98 80
54 31 24
50 16 6
108 84 77
93 48 34
106 88 78
98 68 62
100 75 71
118 96 91
108 91 85
90 60 56
112 93 89
94 68 61
98 102 72
63 67 40
86 88 78
108 103 70
61 64 46
60 54 23
98 80 68
55 52 38
50 29 16
120 102 86
110 60 28
104 74 68
101 61 51
50 22 18
101 55 41
100 109 78
136 140 95
140 146 106
45 14 2
24 10 2
116 98 82
78 40 30
116 98 86
114 66 52
127 117 94
120 109 98
47 18 9
100 80 78
140 145 98
138 143 106
52 58 38
109 92 50
122 128 85
138 131 77
118 108 68
15 6 2
88 86 57
12 6 4
118 74 54
123 90 70
151 114 102
97 84 65
116 86 77
154 131 124
81 38 23
99 84 66
94 61 54
123 119 96
182 133 104
95 96 74
152 128 110
44 21 19
161 148 110
96 78 65
128 118 92
54 24 17
80 62 56
44 24 16
48 30 15
18 9 4
48 28 18
33 10 7
85 78 50
72 69 47
116 94 94
146 154 110
145 137 80
38 20 10
92 66 56
72 31 21
161 150 130
41 17 16
54 30 25
23 3 1
55 42 10
16 8 4
138 120 100
56 28 24
128 102 86
78 82 57
74 74 34
162 135 95
102 104 74
98 101 78
101 108 86
58 52 38
110 88 79
121 104 94
125 111 96
41 8 2
93 83 54
110 88 82
72 31 20
116 128 85
126 132 87
114 120 84
154 127 86
97 57 33
64 48 32
80 90 64
138 96 74
91 94 72
37 20 14
53 26 14
53 25 20
103 78 71
88 90 66
108 113 71
102 84 36
94 69 26
70 36 22
114 76 57
90 93 70
90 90 69
103 86 77
92 70 52
112 92 88
82 56 53
70 78 54
144 148 111
91 68 24
106 94 56
102 103 74
92 92 62
136 128 106
102 103 80
113 92 86
112 85 82
154 158 105
76 78 54
50 56 32
110 94 78
85 69 38
42 30 22
31 10 4
86 90 64
105 57 28
57 34 28
70 48 46
148 157 116
148 153 110
117 92 60
68 68 53
49 30 22
123 80 58
108 74 66
100 100 78
98 84 72
78 50 34
100 52 37
92 63 56
108 82 60
83 77 53
111 102 76
124 134 89
70 51 26
96 92 50
102 98 76
73 80 58
146 152 111
38 26 18
118 102 86
96 50 28
64 64 50
113 96 80
82 52 48
76 38 30
92 74 56
128 107 102
135 114 102
88 79 52
110 70 47
139 128 110
80 55 52
85 72 50
11 6 2
136 116 104
142 107 93
52 40 8
133 122 86
142 121 101
94 68 46
47 28 24
98 106 60
108 102 64
142 137 98
86 90 50
89 95 83
146 152 109
74 58 41
164 155 120
62 62 47
40 10 0
114 87 60
80 57 45
58 28 17
96 58 42
98 100 76
94 67 58
122 125 106
95 76 66
100 79 71
118 84 77
62 59 43
113 93 84
36 14 8
108 92 81
114 80 71
126 103 100
113 97 94
86 53 48
122 98 94
118 92 85
56 20 14
96 75 68
122 101 98
114 118 72
105 112 66
148 143 104
108 114 82
116 118 76
149 152 110
48 50 28
131 136 102
109 94 50
98 100 63
142 141 106
96 69 44
36 31 22
89 68 54
72 50 29
34 20 9
122 80 60
100 102 77
110 92 88
98 86 81
81 71 64
36 46 30
87 57 47
70 78 56
94 98 78
88 68 60
26 6 3
61 42 34
40 13 4
116 92 87
86 52 48
90 63 58
108 84 80
109 116 72
134 128 70
146 150 114
93 68 20
100 88 74
137 114 88
128 108 92
121 84 72
172 125 106
14 4 0
99 54 28
120 96 74
90 58 50
82 84 62
124 112 99
43 20 13
104 86 78
98 86 66
123 102 98
124 134 88
39 46 24
154 156 110
79 79 54
104 99 56
70 72 56
128 115 66
108 83 62
32 34 14
88 67 52
112 111 84
139 130 106
138 116 108
128 121 99
66 22 7
38 19 15
102 83 69
98 88 65
48 20 8
90 99 57
89 70 40
62 58 44
132 122 98
92 92 71
84 61 46
40 9 2
120 90 80
94 86 64
52 18 13
90 48 40
92 102 59
97 92 48
114 100 52
68 40 17
99 72 48
48 54 33
75 36 24
122 90 82
112 94 76
136 124 105
49 10 2
72 36 31
136 93 82
72 84 42
154 156 104
150 156 110
72 43 20
105 88 72
92 92 72
38 19 15
49 32 29
90 62 37
94 68 48
36 12 4
78 51 34
67 64 39
154 156 102
38 39 18
72 69 56
104 72 62
78 41 24
72 78 46
144 148 105
144 146 101
86 84 40
48 54 30
68 75 59
95 74 24
140 139 106
58 30 11
98 71 49
110 70 46
137 130 106
34 16 10
98 87 66
72 48 47
58 57 34
72 80 55
56 62 46
86 64 16
82 86 80
104 78 52
42 19 10
100 80 72
42 45 20
74 76 54
83 88 60
112 99 60
114 73 56
106 88 82
48 16 8
122 100 98
124 83 60
130 106 100
105 88 82
61 70 42
68 35 24
56 34 26
114 106 86
135 123 78
102 76 52
85 60 37
90 64 45
124 101 91
38 18 8
76 40 38
48 28 18
79 77 54
38 16 5
114 122 77
126 124 84
58 58 38
120 123 86
163 134 94
79 50 35
128 98 78
132 123 100
145 154 114
112 115 81
146 152 114
98 86 81
42 17 14
65 62 33
106 74 55
62 63 39
43 46 22
121 85 67
136 106 88
113 82 57
118 128 84
130 102 80
84 68 42
126 89 62
108 119 72
140 139 96
134 134 96
92 96 89
106 105 52
148 149 115
40 32 14
89 72 50
36 26 22
69 52 34
22 10 7
12 14 4
108 64 34
87 54 30
164 136 122
88 68 46
131 113 100
116 94 90
22 6 2
103 88 69
42 10 2
99 70 64
127 108 104
124 106 103
48 13 4
126 107 102
117 66 52
56 30 26
126 101 100
56 17 10
128 100 99
46 10 5
102 68 64
68 34 28
156 118 106
82 86 42
154 154 111
102 105 61
152 157 110
82 84 62
104 101 61
79 88 73
154 162 118
56 50 30
24 27 11
32 8 3
87 74 60
156 126 110
134 116 104
112 99 86
125 106 101
117 100 95
44 11 2
118 82 72
58 28 22
111 115 69
115 118 74
110 116 74
79 88 73
78 65 31
154 158 114
154 162 118
10 10 1
26 4 0
146 106 90
100 70 60
129 96 80
154 129 124
150 130 118
108 88 70
88 54 46
26 7 4
40 22 14
104 78 72
48 13 4
115 85 80
144 145 102
115 120 84
61 64 46
154 162 117
84 83 51
110 94 80
26 4 0
88 44 16
51 30 16
102 65 50
50 18 8
142 113 98
127 116 102
110 66 58
152 157 119
84 64 44
40 16 6
136 130 104
96 52 31
26 5 4
50 25 14
114 93 46
105 110 78
150 140 82
110 86 75
92 49 21
89 80 61
134 128 114
68 46 30
147 114 99
112 86 63
95 64 37
115 78 56
60 37 35
116 98 96
123 98 96
150 144 83
122 116 101
69 29 16
126 110 95
146 114 100
97 107 61
109 108 61
76 60 35
136 114 88
90 62 48
57 36 22
78 72 52
122 102 90
152 116 102
60 64 46
124 94 88
80 62 58
144 105 95
42 48 24
31 19 4
48 42 13
40 12 3
116 77 49
114 104 81
94 92 72
150 145 90
31 20 6
120 100 99
28 12 6
113 88 69
150 112 98
94 85 61
114 104 84
149 138 85
129 117 69
122 97 96
126 133 90
104 75 74
128 94 87
162 164 116
117 89 84
55 44 18
48 42 18
78 58 34
48 48 22
78 80 54
150 149 114
67 71 50
117 118 70
116 122 78
80 85 52
72 79 46
74 78 47
77 81 47
134 134 84
106 105 72
74 79 65
34 8 2
52 16 4
114 88 81
128 102 98
52 12 6
42 12 6
122 95 88
115 84 80
88 51 41
130 134 90
78 88 74
131 129 74
48 30 12
143 149 116
45 43 34
62 41 26
110 60 29
106 68 59
54 12 8
122 90 82
112 110 74
59 42 24
83 70 60
116 117 94
24 6 3
90 50 40
136 136 92
74 84 72
35 33 25
91 90 62
116 98 96
33 17 8
97 74 54
119 84 76
73 32 15
37 4 0
54 20 10
70 49 30
120 116 78
147 163 117
70 60 31
109 111 107
150 146 86
142 146 106
158 146 134
73 80 52
76 76 24
86 87 64
22 15 0
70 68 57
136 136 95
148 142 86
155 134 86
50 56 24
56 36 18
68 60 20
148 143 78
88 63 56
134 136 96
68 41 18
88 86 66
127 107 83
79 82 56
90 94 68
78 84 69
123 121 72
111 110 68
81 86 71
110 117 88
68 53 16
61 55 41
30 25 12
126 96 86
116 84 77
48 16 11
36 8 2
133 100 90
116 91 88
121 98 94
84 47 36
78 92 48
94 105 72
103 62 39
58 67 52
134 101 94
107 69 60
140 143 100
121 121 71
30 38 17
140 95 76
94 78 66
21 8 2
94 67 60
100 66 56
47 11 4
38 18 15
96 42 28
117 92 84
94 96 53
154 158 108
157 161 106
79 80 36
102 108 64
162 168 127
155 139 90
43 52 30
96 104 77
102 106 83
90 62 50
157 162 110
88 94 61
144 134 89
51 58 38
30 12 6
61 32 23
106 82 77
121 114 90
86 78 50
92 68 64
151 156 102
126 100 88
35 33 6
88 66 42
146 140 80
130 98 86
140 146 107
142 120 114
80 64 49
114 122 90
114 93 87
149 143 90
99 62 36
104 110 54
168 157 130
143 138 98
136 128 101
156 146 108
78 71 42
126 106 94
149 138 88
120 86 66
142 122 116
