15 3312 12505
0 0 -0.142542 -0.347601
1 0 -0.119627 -0.341861
0 1 0.00354326 -0.230889
1 1 0.0216846 -0.224193
0 2 -0.232294 -0.218453
1 2 -0.207087 -0.216731
0 3 0.275663 -0.0979138
1 3 0.234606 -0.0940872
0 4 0.256567 -0.0960005
1 4 0.21551 -0.0921739
0 5 0.258476 -0.0873906
1 5 0.218375 -0.083564
0 6 0.288075 -0.0873906
1 6 0.248928 -0.0816507
0 7 -0.0566095 -0.086434
1 7 -0.078761 -0.0893039
0 8 0.235561 -0.0854773
1 8 0.19355 -0.0816507
0 9 0.26516 -0.0826073
1 9 0.224103 -0.077824
0 10 0.233651 -0.0797374
1 10 0.19164 -0.0768674
0 11 -0.0308298 -0.0749541
1 11 -0.0556547 -0.077824
0 12 0.226013 -0.0720841
1 12 0.184956 -0.0692141
0 13 0.289985 -0.0720841
1 13 0.248928 -0.0663442
0 14 0.247019 -0.0701708
1 14 0.205007 -0.0663442
0 15 0.247974 -0.0673008
1 15 0.205007 -0.0634742
0 16 0.285211 -0.0663442
1 16 0.245109 -0.0615609
0 17 0.208827 -0.0644308
1 17 0.16777 -0.0625175
0 18 0.264205 -0.0644308
1 18 0.223149 -0.0606042
0 19 0.285211 -0.0644308
1 19 0.245109 -0.0586909
0 20 -0.0852537 -0.0634742
1 20 -0.108169 -0.0682575
0 21 -0.0165077 -0.0634742
1 21 -0.0422874 -0.0663442
0 22 -0.0203269 -0.0615609
1 22 -0.0451518 -0.0644308
0 23 -0.0251009 -0.0606042
1 23 -0.0508807 -0.0634742
0 24 0.231742 -0.0606042
1 24 0.190685 -0.0577342
0 25 -0.0852537 -0.0596476
1 25 -0.108169 -0.0653875
0 26 -0.0222365 -0.0567776
1 26 -0.0470615 -0.0596476
0 27 -0.0193721 -0.0567776
1 27 -0.044197 -0.0606042
0 28 -0.0231913 -0.0539076
1 28 -0.0489711 -0.0567776
0 29 0.224103 -0.0539076
1 29 0.183047 -0.050081
0 30 0.246064 -0.0519943
1 30 0.204052 -0.0481677
0 31 -0.0241461 -0.0510376
1 31 -0.0499259 -0.0548643
0 32 -0.0231913 -0.0491243
1 32 -0.0480163 -0.052951
0 33 0.229832 -0.0491243
1 33 0.188776 -0.0462544
0 34 -0.00982403 -0.0462544
1 34 -0.0336942 -0.0491243
0 35 0.301443 -0.044341
1 35 0.263823 -0.0376444
0 36 0.291895 -0.0414711
1 36 0.250838 -0.0366878
0 37 -0.0231913 -0.0357311
1 37 -0.0480163 -0.0395578
0 38 0.245109 -0.0357311
1 38 0.203098 -0.0319045
0 39 0.247974 -0.0357311
1 39 0.205962 -0.0319045
0 40 0.249883 -0.0328612
1 40 0.208827 -0.0290345
0 41 0.24129 -0.0319045
1 41 0.199278 -0.0280779
0 42 0.0150009 -0.0309478
1 42 -0.0060048 -0.0319045
0 43 0.287121 -0.0299912
1 43 0.247974 -0.0242513
0 44 0.24129 -0.0280779
1 44 0.199278 -0.0242513
0 45 0.233651 -0.0271212
1 45 0.192595 -0.0232946
0 46 0.247974 -0.0271212
1 46 0.206917 -0.0223379
0 47 0.246064 -0.0261646
1 47 0.205389 -0.0227206
0 48 0.262296 -0.0204246
1 48 0.222194 -0.0156413
0 49 0.244154 -0.0156413
1 49 0.204052 -0.0108581
0 50 0.240335 -0.0146847
1 50 0.200233 -0.0108581
0 51 0.233651 -0.013728
1 51 0.194504 -0.0099014
0 52 0.253702 -0.013728
1 52 0.212646 -0.0099014
0 53 0.231742 -0.0127714
1 53 0.192595 -0.00894474
0 54 0.271844 -0.00416145
1 54 0.233651 0.00062183
0 55 0.249883 -0.00129148
1 55 0.209781 0.0034918
0 56 0.253702 0.00636177
1 56 0.213601 0.0121017
0 57 0.245109 0.0121017
1 57 0.205007 0.016885
0 58 0.262296 0.0121017
1 58 0.222194 0.016885
0 59 0.256567 0.0293215
1 59 0.219138 0.0346789
0 60 -0.0289201 0.0541946
1 60 -0.0919373 0.0417581
0 61 0.0570124 0.0589779
1 61 -0.0107788 0.0494113
0 62 0.0235942 0.0704578
1 62 -0.0451518 0.0580212
0 63 0.0493739 0.0905476
1 63 -0.0155529 0.080981
0 64 -0.00791441 0.0915042
1 64 -0.0671124 0.0800244
0 65 0.0512836 0.0962875
1 65 -0.0126884 0.0857643
0 66 0.0732441 0.116377
1 66 0.0140461 0.108724
0 67 -0.00695961 0.124987
1 67 -0.0652028 0.113507
0 68 0.0331422 0.129771
1 68 -0.0308298 0.119247
0 69 0.258095 -0.0870079
1 69 0.217993 -0.083564
0 70 0.234033 -0.0847119
1 70 0.192786 -0.081268
0 71 0.264969 -0.082416
1 71 0.224867 -0.077824
0 72 -0.101676 -0.081268
1 72 -0.120696 -0.0863192
0 73 0.232888 -0.08012
1 73 0.19164 -0.076676
0 74 0.235179 -0.077824
1 74 0.193932 -0.07438
0 75 -0.0420965 -0.07438
1 75 -0.063866 -0.077824
0 76 0.226013 -0.0720841
1 76 0.185911 -0.0686401
0 77 0.290176 -0.0720841
1 77 0.250074 -0.0663442
0 78 0.247783 -0.0697881
1 78 0.205389 -0.0663442
0 79 -0.0168896 -0.0629002
1 79 -0.0420965 -0.0663442
0 80 0.212264 -0.0617522
1 80 0.171016 -0.0594562
0 81 -0.0249099 -0.0606042
1 81 -0.0501168 -0.0640482
0 82 -0.0203269 -0.0606042
1 82 -0.0466795 -0.0640482
0 83 0.276427 -0.0606042
1 83 0.235179 -0.0560122
0 84 -0.0867814 -0.0571602
1 84 -0.108551 -0.0629002
0 85 -0.0214726 -0.0560122
1 85 -0.0466795 -0.0594562
0 86 -0.0833441 -0.0548643
1 86 -0.105114 -0.0594562
0 87 -0.0478253 -0.0548643
1 87 -0.0709316 -0.0586909
0 88 -0.0226184 -0.0537163
1 88 -0.048971 -0.0571602
0 89 0.245491 -0.0525683
1 89 0.204243 -0.0479763
0 90 -0.0455338 -0.0514203
1 90 -0.069022 -0.0558209
0 91 0.240908 -0.0514203
1 91 0.19966 -0.0479763
0 92 -0.0237642 -0.0502723
1 92 -0.0501168 -0.0537163
0 93 0.22945 -0.0491243
1 93 0.188203 -0.0456803
0 94 0.290176 -0.0376444
1 94 0.25122 -0.0319045
0 95 -0.00657766 -0.0364964
1 95 -0.029875 -0.0395578
0 96 -0.0237642 -0.0353484
1 96 -0.0478253 -0.0387924
0 97 -0.0191811 -0.0353484
1 97 -0.0432422 -0.0399404
0 98 0.247783 -0.0353484
1 98 0.205389 -0.0319045
0 99 0.242054 -0.0342004
1 99 0.200806 -0.0307565
0 100 0.240908 -0.0319045
1 100 0.19966 -0.0284605
0 101 0.0151919 -0.0307565
1 101 -0.00543191 -0.0319045
0 102 0.287885 -0.0307565
1 102 0.247783 -0.0257053
0 103 0.248928 -0.0296085
1 103 0.206917 -0.0252079
0 104 0.242054 -0.0284605
1 104 0.19966 -0.0250166
0 105 -0.0134523 -0.0261646
1 105 -0.0386591 -0.0307565
0 106 0.2432 -0.0261646
1 106 0.200806 -0.0227206
0 107 0.262678 -0.0204246
1 107 0.22143 -0.0158326
0 108 0.25924 -0.0192766
1 108 0.217993 -0.0146847
0 109 0.242054 -0.0169806
1 109 0.201952 -0.0123887
0 110 0.220284 -0.0112407
1 110 0.185911 -0.00664874
0 111 0.230596 -0.0100927
1 111 0.186866 -0.00703143
0 112 0.266115 -0.0100927
1 112 0.228305 -0.00435274
0 113 0.254657 -0.00550074
1 113 0.214555 -0.000908798
0 114 0.253511 0.00368314
1 114 0.21341 0.00942309
0 115 0.267261 0.00942309
1 115 0.227159 0.015163
0 116 0.25924 0.0117191
1 116 0.219138 0.016311
0 117 0.236325 0.019755
1 117 0.196414 0.0235816
0 118 0.0312327 0.0323829
1 118 -0.0395758 0.0211326
0 119 -0.0260557 0.0599346
1 119 -0.0890729 0.047498
0 120 0.0277953 0.0714144
1 120 -0.0409507 0.0599346
0 121 -0.0340761 0.0748584
1 121 -0.0913644 0.0622306
0 122 0.0449819 0.0817464
1 122 -0.0214726 0.0714144
0 123 -0.00772344 0.0920783
1 123 -0.0673033 0.0805984
0 124 0.0518564 0.0966702
1 124 -0.0120774 0.0872567
0 125 0.073626 0.117334
1 125 0.0140462 0.109298
0 126 0.0300869 0.118482
1 126 -0.034649 0.107767
0 127 -0.0272015 0.123074
1 127 -0.0881181 0.109681
0 128 -0.00428614 0.123074
1 128 -0.064248 0.110637
0 129 0.0805006 0.124222
1 129 0.0174834 0.116186
0 130 0.0335242 0.129962
1 130 -0.0317845 0.118482
0 131 0.0117546 0.132258
1 131 -0.0489711 0.121161
0 132 0.0163377 0.132258
1 132 -0.044197 0.121161
0 133 0.0186292 0.134554
1 133 -0.0432422 0.123074
0 134 0.0507107 0.135702
1 134 -0.0111607 0.126518
0 135 0.0873753 0.135702
1 135 0.0264204 0.128584
0 136 0.0770633 0.141442
1 136 0.0126712 0.132717
0 137 -0.0524083 0.157514
1 137 -0.115426 0.141442
0 138 0.313779 -0.10285
1 138 0.28101 -0.0950439
0 139 0.257407 -0.0876967
1 139 0.216159 -0.083564
0 140 0.232659 -0.0849416
1 140 0.191411 -0.0808088
0 141 0.264282 -0.0821864
1 141 0.224409 -0.0780536
0 142 0.290405 -0.0725433
1 142 0.250532 -0.0670329
0 143 0.220284 -0.0697881
1 143 0.179037 -0.0656553
0 144 0.246408 -0.0697881
1 144 0.20516 -0.0656553
0 145 0.284906 -0.0670329
1 145 0.243658 -0.0615226
0 146 -0.0863231 -0.0642777
1 146 -0.106259 -0.0686401
0 147 0.262907 -0.0642777
1 147 0.223034 -0.060145
0 148 -0.0244516 -0.0615226
1 148 -0.0505751 -0.0642777
0 149 0.236783 -0.0615226
1 149 0.195536 -0.0573898
0 150 0.275281 -0.0615226
1 150 0.235408 -0.0560122
0 151 0.278031 -0.0615226
1 151 0.238158 -0.0573898
0 152 0.28903 -0.0422364
1 152 0.250532 -0.036726
0 153 -0.018952 -0.036726
1 153 -0.0437005 -0.0394812
0 154 0.28903 -0.036726
1 154 0.250532 -0.0312157
0 155 0.246408 -0.0353484
1 155 0.20516 -0.0312157
0 156 0.243658 -0.0270829
1 156 0.203785 -0.0229502
0 157 0.240908 -0.0174399
1 157 0.201035 -0.0133071
0 158 0.253282 -0.0160623
1 158 0.212264 -0.0123887
0 159 0.243658 -0.0146847
1 159 0.203785 -0.0105519
0 160 0.247783 -0.0146847
1 160 0.20791 -0.0105519
0 161 0.253282 -0.0105519
1 161 0.21341 -0.00641915
0 162 0.257407 -0.00779674
1 162 0.218909 -0.00366397
0 163 0.261532 -0.00641915
1 163 0.223034 -0.000908798
0 164 0.249158 -0.00228639
1 164 0.209285 0.00322397
0 165 0.246408 -0.000908798
1 165 0.206535 0.00322397
0 166 0.253282 0.00597914
1 166 0.21341 0.0114895
0 167 0.245033 0.0114895
1 167 0.20516 0.0156223
0 168 0.258782 0.0114895
1 168 0.218909 0.0164488
0 169 0.264282 0.0114895
1 169 0.223859 0.0164488
0 170 0.225784 0.0156223
1 170 0.190685 0.019755
0 171 0.231284 0.0238877
1 171 0.195077 0.0277909
0 172 0.256032 0.0293981
1 172 0.218909 0.0349084
0 173 0.239533 0.0335309
1 173 0.20241 0.0376636
0 174 0.0442944 0.0473067
1 174 -0.0258266 0.036286
0 175 0.0566687 0.0583274
1 175 -0.0104274 0.0478578
0 176 -0.0299513 0.0707257
1 176 -0.087698 0.0583274
0 177 0.0250455 0.0707257
1 177 -0.0423256 0.059705
0 178 -0.00932751 0.0913894
1 178 -0.0670742 0.0803688
0 179 0.016796 0.132717
1 179 -0.044388 0.121926
0 180 0.051169 0.135472
1 180 -0.0107024 0.125829
0 181 0.281606 -0.100921
1 181 0.243658 -0.0959622
0 182 0.288205 -0.0876967
1 182 0.250258 -0.0824068
0 183 0.232109 -0.0843905
1 183 0.190861 -0.0810843
0 184 0.243658 -0.0827374
1 184 0.20241 -0.0794312
0 185 0.265107 -0.0827374
1 185 0.223859 -0.0777781
0 186 -0.102822 -0.0810843
1 186 -0.121565 -0.0859774
0 187 0.194161 -0.0794312
1 187 0.155663 -0.076676
0 188 0.235408 -0.0777781
1 188 0.194161 -0.0744719
0 189 0.289855 -0.0728188
1 189 0.250258 -0.0678594
0 190 0.227159 -0.0711656
1 190 0.185911 -0.0678594
0 191 -0.0549749 -0.0678594
1 191 -0.0747737 -0.0711656
0 192 0.271706 -0.0629002
1 192 0.230459 -0.058602
0 193 0.284906 -0.0629002
1 193 0.245308 -0.0579408
0 194 0.232109 -0.061247
1 194 0.190861 -0.0579408
0 195 0.275006 -0.061247
1 195 0.235408 -0.0562878
0 196 -0.0764236 -0.059594
1 196 -0.0978724 -0.0645532
0 197 0.223859 -0.0579408
1 197 0.180962 -0.0546346
0 198 0.246958 -0.0529815
1 198 0.20571 -0.0496753
0 199 0.223859 -0.0513284
1 199 0.182611 -0.0480222
0 200 0.240358 -0.0513284
1 200 0.19911 -0.0480222
0 201 -0.00877752 -0.0463691
1 201 -0.0272015 -0.0477467
0 202 0.00442172 -0.0414098
1 202 -0.0153771 -0.0430629
0 203 0.289855 -0.0364505
1 203 0.250258 -0.0298381
0 204 0.235408 -0.028185
1 204 0.194161 -0.0248788
0 205 -0.0153771 -0.0265319
1 205 -0.0401257 -0.0314912
0 206 0.284906 -0.0265319
1 206 0.245308 -0.0215726
0 207 0.253557 -0.0166132
1 207 0.21396 -0.011654
0 208 0.266757 -0.0100008
1 208 0.227159 -0.0050415
0 209 0.258507 -0.0083477
1 209 0.218909 -0.00338843
0 210 0.261807 -0.00669463
1 210 0.222209 -0.0017353
0 211 0.270056 -0.00338843
1 211 0.232109 0.0015709
0 212 0.253557 0.00653023
1 212 0.21396 0.0114895
0 213 0.255207 0.00983643
1 213 0.21561 0.0147957
0 214 0.0192709 0.0280206
1 214 -0.0500251 0.0164488
0 215 0.256857 0.0296736
1 215 0.218909 0.034633
0 216 0.235408 0.0313268
1 216 0.19911 0.0362861
0 217 0.0308202 0.0329798
1 217 -0.0384758 0.0214082
0 218 0.0489691 0.0908385
1 218 -0.0153771 0.0809199
0 219 -0.0500251 0.10241
1 219 -0.116021 0.0862098
0 220 0.0308202 0.118941
1 220 -0.0340761 0.107921
0 221 0.0803174 0.123901
1 221 0.017621 0.115635
0 222 0.0192709 0.133819
1 222 -0.0434255 0.122247
0 223 0.0506191 0.135472
1 223 -0.0104274 0.125554
0 224 0.230459 -0.0843905
1 224 0.188881 -0.080423
0 225 0.264117 -0.0824068
1 225 0.222539 -0.0784393
0 226 0.192841 -0.080423
1 226 0.155223 -0.0784393
0 227 0.256197 -0.080423
1 227 0.216599 -0.0764556
0 228 -0.0487052 -0.0705044
1 228 -0.070484 -0.0744718
0 229 0.20868 -0.0645532
1 229 0.167102 -0.0625695
0 230 0.232439 -0.0625695
1 230 0.190861 -0.058602
0 231 0.283916 -0.0625695
1 231 0.244318 -0.0574118
0 232 -0.0209868 -0.0546346
1 232 -0.0467253 -0.058602
0 233 0.246298 -0.0546346
1 233 0.20472 -0.0506672
0 234 0.0186109 -0.0427322
1 234 -0.00118794 -0.0427322
0 235 0.016631 -0.0308299
1 235 -0.00547772 -0.0314912
0 236 0.238378 -0.0169438
1 236 0.198781 -0.0129764
0 237 -0.119981 -0.0129764
1 237 -0.1378 -0.0189276
0 238 0.258177 -0.00900897
1 238 0.218579 -0.0050415
0 239 0.262137 -0.00702524
1 239 0.222539 -0.00107404
0 240 0.248278 0.000909691
1 240 0.21066 0.0048771
0 241 0.21066 0.0048771
1 241 0.179312 0.00983643
0 242 0.21462 0.0048771
1 242 0.182611 0.00983643
0 243 0.068108 0.0266981
1 243 -0.00118794 0.0167795
0 244 0.234418 0.0306656
1 244 0.198781 0.034633
0 245 0.0443494 0.0465353
1 245 -0.0229667 0.0366167
0 246 -0.0328661 0.0723237
1 246 -0.0902828 0.0604214
0 247 0.0443494 0.0802586
1 247 -0.0209868 0.07034
0 248 0.0245506 0.0881935
1 248 -0.0384758 0.0776136
0 249 0.0483092 0.0901773
1 249 -0.0150471 0.0802586
0 250 -0.00910749 0.092161
1 250 -0.0685041 0.0802586
0 251 -0.00910749 0.121917
1 251 -0.0685041 0.110014
0 252 -0.00316783 0.125884
1 252 -0.0625644 0.113982
0 253 0.0423695 0.125884
1 253 -0.0209868 0.115966
0 254 0.0106914 0.131835
1 254 -0.0506851 0.119933
0 255 0.052269 0.133819
1 255 -0.00910749 0.123901
0 256 -0.052665 0.15564
1 256 -0.116021 0.13977
0 257 -0.00277181 -0.514462
1 257 0.017621 -0.502626
0 258 0.303715 -0.0931188
1 258 0.268552 -0.0859773
0 259 0.253821 -0.0883578
1 259 0.213432 -0.0835969
0 260 0.289459 -0.0883578
1 260 0.251446 -0.0831208
0 261 0.263325 -0.0835969
1 261 0.222935 -0.078836
0 262 0.194425 -0.0812164
1 262 0.156411 -0.078836
0 263 0.256197 -0.0812164
1 263 0.215808 -0.0764555
0 264 0.310842 -0.0716946
1 264 0.27758 -0.0645532
0 265 -0.0883029 -0.0645532
1 265 -0.109686 -0.0693141
0 266 0.20868 -0.0645532
1 266 0.16829 -0.0621727
0 267 0.270452 -0.0645532
1 267 0.230063 -0.0597922
0 268 0.232439 -0.0621727
1 268 0.189673 -0.0597922
0 269 0.275204 -0.0621727
1 269 0.234815 -0.0574118
0 270 -0.085927 -0.0574118
1 270 -0.10731 -0.0621727
0 271 -0.00514767 -0.0478899
1 271 -0.0289063 -0.0502703
0 272 -0.0146511 -0.0431289
1 272 -0.0384098 -0.0455094
0 273 0.018611 -0.0431289
1 273 -0.00039593 -0.0431289
0 274 -0.00039593 -0.038368
1 274 -0.0217787 -0.0407485
0 275 0.256197 -0.0169438
1 275 0.215808 -0.0121829
0 276 0.251446 -0.00980237
1 276 0.211056 -0.00504145
0 277 0.258573 -0.00980237
1 277 0.218183 -0.00504145
0 278 0.268077 -0.00504145
1 278 0.230063 -0.000280524
0 279 0.275204 -0.00266096
1 279 0.23719 0.00257608
0 280 0.018611 0.0282851
1 280 -0.0502891 0.0163828
0 281 0.0304903 0.0306656
1 281 -0.0407856 0.0187633
0 282 0.246694 0.0306656
1 282 0.211056 0.0354265
0 283 0.0257386 0.0663726
1 283 -0.0431615 0.0544703
0 284 0.0447455 0.0806554
1 284 -0.0194029 0.0711336
0 285 0.0637524 0.111602
1 285 0.00197992 0.10208
0 286 0.0827593 0.113982
1 286 0.0257386 0.106841
0 287 0.0304903 0.118743
1 287 -0.033658 0.106841
0 288 -0.00989941 0.121123
1 288 -0.069296 0.109221
0 289 0.0304903 0.135406
1 289 -0.0393601 0.122552
0 290 0.0732558 0.140167
1 290 0.00910752 0.130645
0 291 0.0803834 0.147309
1 291 0.0162351 0.137787
0 292 0.194425 -0.0831208
1 292 0.157361 -0.0802643
0 293 0.228637 -0.0831208
1 293 0.188723 -0.0802643
0 294 0.220084 -0.068838
1 294 0.18017 -0.0659814
0 295 0.231488 -0.0631249
1 295 0.188723 -0.0602683
0 296 0.274254 -0.0631249
1 296 0.234339 -0.0574118
0 297 0.285658 -0.0602683
1 297 0.244603 -0.0551265
0 298 0.231488 -0.0516986
1 298 0.188723 -0.0488421
0 299 0.282807 -0.0288461
1 299 0.242892 -0.023133
0 300 0.234339 -0.00885015
1 300 0.194425 -0.00504145
0 301 0.191574 -0.00599361
1 301 0.161163 -0.00266096
0 302 0.265701 0.022572
1 302 0.231488 0.0282851
0 303 0.0176606 0.0282851
1 303 -0.0507642 0.0168589
0 304 0.257148 0.0282851
1 304 0.218183 0.033046
0 305 0.0290648 0.0311417
1 305 -0.0393601 0.0197154
0 306 0.0262137 0.068277
1 306 -0.0422111 0.0568508
0 307 0.0347668 0.068277
1 307 -0.030807 0.0568508
0 308 -0.00799868 0.0797033
1 308 -0.0678704 0.068277
0 309 0.0376179 0.088273
1 309 -0.027956 0.0768467
0 310 0.0319158 0.102556
1 310 -0.0365091 0.0911296
0 311 0.0319158 0.119695
1 311 -0.030807 0.108269
0 312 -0.00514767 0.128265
1 312 -0.0621684 0.116362
0 313 0.302764 -0.0928331
1 313 0.265131 -0.0859773
0 314 -0.0496238 -0.0859773
1 314 -0.0701513 -0.0894052
0 315 0.206969 -0.0859773
1 315 0.169336 -0.0825495
0 316 0.227497 -0.0825495
1 316 0.186442 -0.0791216
0 317 0.210391 -0.0654101
1 317 0.169336 -0.0619822
0 318 0.230918 -0.0654101
1 318 0.189863 -0.0619822
0 319 0.244603 -0.0551265
1 319 0.203548 -0.0516986
0 320 0.230918 -0.0516986
1 320 0.189863 -0.0482707
0 321 0.244603 -0.0311314
1 321 0.203548 -0.0277035
0 322 0.0153798 0.0271426
1 322 -0.0496238 0.0168589
0 323 0.0495922 0.0545656
1 323 -0.0188326 0.0442819
0 324 0.046171 0.0819885
1 324 -0.0188326 0.0717049
0 325 0.0359073 0.0888443
1 325 -0.0290963 0.0785607
0 326 -0.0290963 0.109412
1 326 -0.0906787 0.0957001
0 327 -0.204604 -0.48536
2 327 -0.0867814 -0.458956
2 4 0.226013 -0.0701708
2 5 0.227923 -0.0606042
2 6 0.259431 -0.0577342
0 328 -0.0537451 -0.086434
2 328 -0.0527903 -0.080694
2 8 0.204052 -0.0606042
2 9 0.234606 -0.0548643
2 11 -0.0375134 -0.0673008
2 12 0.196414 -0.047211
2 13 0.259431 -0.0433844
2 15 0.214555 -0.0424277
2 16 0.254657 -0.0376444
2 17 0.177318 -0.0414711
2 18 0.232697 -0.0376444
2 19 0.255612 -0.0347745
2 20 -0.0881181 -0.0606042
2 21 -0.0251009 -0.0558209
2 22 -0.029875 -0.0539076
0 329 0.211691 -0.0615609
2 329 0.181137 -0.0386011
2 23 -0.0336942 -0.0539076
2 24 0.200233 -0.0366878
0 330 0.276618 -0.0606042
2 330 0.245109 -0.0328612
2 27 -0.0289201 -0.050081
2 28 -0.0327394 -0.047211
0 331 0.24129 -0.0519943
2 331 0.207872 -0.0271212
2 31 -0.0336942 -0.044341
2 32 -0.0336942 -0.0424277
2 33 0.197369 -0.0252079
0 332 0.21551 -0.0481677
2 332 0.184002 -0.0252079
2 34 -0.0174625 -0.0386011
0 333 0.29094 -0.0376444
2 333 0.261532 -0.00779674
2 37 -0.0317846 -0.0290345
2 38 0.210736 -0.0099014
2 39 0.213601 -0.0099014
2 40 0.216465 -0.00703143
2 41 0.207872 -0.00607477
2 44 0.207872 -0.0032048
2 47 0.210736 -0.000334827
0 334 0.260386 -0.0185113
2 334 0.227923 0.00827509
0 335 0.251793 -0.016598
2 335 0.221239 0.0101884
2 50 0.208827 0.0111451
2 51 0.203098 0.0121017
2 53 0.201188 0.0130584
0 336 0.254657 -0.0108581
2 336 0.223149 0.0159283
2 54 0.242245 0.0245383
2 55 0.218375 0.0254949
0 337 -0.0384682 0.00540511
2 337 -0.0959475 0.000239202
2 56 0.221239 0.0341048
0 338 0.255612 0.0101884
2 338 0.224103 0.0379315
0 339 0.259431 0.0121017
2 339 0.226968 0.0398448
2 58 0.229832 0.0398448
0 340 0.0312326 0.0321915
2 340 -0.0403778 0.0302782
2 60 -0.0928921 0.047498
2 61 -0.0155529 0.0589779
0 341 0.0226394 0.0666312
2 341 -0.0489711 0.0628045
0 342 0.0302778 0.0666312
2 342 -0.0422874 0.0637612
2 63 -0.0184173 0.0905476
2 66 0.0106088 0.11963
2 67 -0.0671124 0.120204
2 68 -0.0375134 0.126518
0 343 0.0503287 0.13551
2 343 -0.0155529 0.13551
0 344 0.0770633 0.14125
2 344 0.00717154 0.143738
0 345 0.283301 -0.100784
2 345 0.256949 -0.0720841
0 346 0.275281 -0.0984878
2 346 0.245109 -0.0701708
2 69 0.227159 -0.0606042
2 70 0.203098 -0.0594562
2 71 0.234033 -0.0548643
2 73 0.201952 -0.0560122
2 74 0.204243 -0.0525683
2 76 0.195077 -0.0479763
2 77 0.260386 -0.0433844
2 78 0.214555 -0.0445323
0 347 0.285593 -0.0663442
2 347 0.254657 -0.0376444
0 348 -0.0879271 -0.0651962
2 348 -0.0900277 -0.0625175
0 349 0.263823 -0.0640482
2 349 0.232888 -0.0376444
2 79 -0.0260557 -0.0548643
0 350 0.278718 -0.0617522
2 350 0.248928 -0.0330524
2 81 -0.0340761 -0.0537163
2 83 0.245491 -0.0330524
2 86 -0.0867814 -0.0525683
2 88 -0.0329303 -0.0468283
0 351 0.223722 -0.0537163
2 351 0.19164 -0.0296085
2 91 0.206535 -0.0270829
2 93 0.197369 -0.0250166
0 352 0.292468 -0.0410884
2 352 0.262678 -0.0112407
2 94 0.260157 -0.00779674
0 353 0.244345 -0.0353484
2 353 0.211118 -0.0100927
2 98 0.215701 -0.00894474
2 99 0.208827 -0.00894474
2 100 0.207681 -0.00664874
2 102 0.256949 -0.000908798
2 103 0.215701 -0.0032048
2 104 0.207681 -0.0032048
2 106 0.211118 -0.000908798
0 354 0.00258848 -0.0215726
2 354 -0.0117336 -0.013728
2 107 0.230596 0.00712714
2 108 0.227159 0.00827509
2 109 0.209972 0.00942309
0 355 0.240908 -0.0146847
2 355 0.208827 0.0117191
0 356 0.248928 -0.0146847
2 356 0.220284 0.0128671
0 357 0.231742 -0.0123887
2 357 0.198324 0.0130584
2 111 0.200233 0.0149717
2 112 0.236325 0.018607
0 358 0.230596 -0.00779674
2 358 0.195459 0.0159283
0 359 0.246637 0.000239202
2 359 0.214555 0.0266429
0 360 0.250074 0.0013872
2 360 0.219138 0.0277909
0 361 0.255803 0.00942309
2 361 0.223722 0.0369748
2 115 0.235179 0.0381228
2 116 0.227159 0.0392708
0 362 0.256949 0.0289389
2 362 0.227159 0.0576386
2 118 -0.0409507 0.0300869
0 363 0.0426903 0.0461587
2 363 -0.0289201 0.0455847
0 364 0.024358 0.0645266
2 364 -0.0470615 0.0618479
0 365 0.0232123 0.0691185
2 365 -0.048971 0.0656745
0 366 0.0289411 0.0691185
2 366 -0.0432422 0.0668225
2 122 -0.0258266 0.0803688
0 367 0.0266496 0.0874863
2 367 -0.0420965 0.0851903
2 123 -0.0684491 0.0874863
0 368 0.0782091 0.115038
2 368 0.0226394 0.121161
2 127 -0.0909825 0.114464
2 128 -0.0652028 0.118291
2 129 0.0129004 0.127666
2 131 -0.0527903 0.127857
2 135 0.0225707 0.140432
2 136 0.00717154 0.143738
0 369 0.287655 -0.0876967
2 369 0.260157 -0.0579408
2 140 0.20241 -0.060145
0 370 0.243658 -0.0821864
2 370 0.21066 -0.0573898
2 141 0.234033 -0.0546346
0 371 0.192786 -0.0780536
2 371 0.167579 -0.0560122
0 372 0.235408 -0.0780536
2 372 0.203785 -0.0532571
2 142 0.260157 -0.043614
2 143 0.188661 -0.0449916
2 145 0.254657 -0.0381036
0 373 -0.017577 -0.0642777
2 373 -0.0269265 -0.0562878
2 147 0.231284 -0.036726
0 374 0.284906 -0.0629002
2 374 0.254657 -0.0339709
2 150 0.245033 -0.0325933
2 151 0.247783 -0.0339709
0 375 -0.0780735 -0.060145
2 375 -0.0821983 -0.0571602
0 376 -0.0217018 -0.060145
2 376 -0.0299513 -0.0532571
0 377 0.223034 -0.0573898
2 377 0.19164 -0.0330524
0 378 0.223034 -0.0532571
2 378 0.191411 -0.0284605
0 379 0.229909 -0.0505019
2 379 0.196911 -0.0257053
2 152 0.260157 -0.0119295
2 155 0.21341 -0.00917433
0 380 -0.0505751 -0.0298381
2 380 -0.0558457 -0.0250166
0 381 0.240908 -0.0284605
2 381 0.20791 -0.00366397
0 382 -0.0134523 -0.0270829
2 382 -0.0244516 -0.020195
2 156 0.212035 -0.000908798
0 383 0.279406 -0.020195
2 383 0.253557 0.00983643
2 157 0.209285 0.00873432
2 158 0.22143 0.0105711
2 159 0.212035 0.0114895
2 160 0.216159 0.0114895
2 161 0.221659 0.0156223
2 164 0.217534 0.0252653
2 165 0.214785 0.0252653
0 384 0.254657 0.00184638
2 384 0.221659 0.0293981
2 166 0.221659 0.0335309
2 167 0.212264 0.0381228
2 168 0.227159 0.0390412
2 169 0.232109 0.0395923
2 170 0.199278 0.0417581
2 171 0.20241 0.0500619
0 385 0.0305452 0.0321533
2 385 -0.0423256 0.0293981
2 174 -0.0272015 0.0459291
0 386 -0.0148272 0.083124
2 386 -0.0753237 0.0783024
0 387 0.0319201 0.0858792
2 387 -0.0363676 0.0840423
0 388 0.0525439 0.0955222
2 388 -0.0153771 0.0957978
0 389 0.0731677 0.116186
2 389 0.00992138 0.120319
0 390 0.0800423 0.124452
2 390 0.0126712 0.127207
0 391 0.0305452 0.128584
2 391 -0.0382008 0.125829
0 392 0.0112963 0.132717
2 392 -0.0524083 0.128814
2 179 -0.0478253 0.129962
2 180 -0.0162021 0.135472
0 393 0.256857 -0.0876967
2 393 0.225509 -0.061247
2 182 0.260157 -0.058602
2 183 0.20076 -0.059594
2 184 0.21231 -0.0579408
2 186 -0.100182 -0.0784393
0 394 0.256857 -0.0810843
2 394 0.227159 -0.0546346
2 187 0.166662 -0.0573898
2 188 0.20406 -0.0529815
0 395 0.20901 -0.0645532
2 395 0.177662 -0.0414098
2 192 0.240358 -0.0347974
2 193 0.255207 -0.0331443
2 194 0.20076 -0.0364505
2 195 0.245308 -0.0331443
0 396 -0.0219768 -0.059594
2 396 -0.0285764 -0.0529815
2 199 0.196801 -0.0268624
2 200 0.20736 -0.0265319
0 397 0.288205 -0.0430629
2 397 0.258507 -0.013307
2 203 0.258177 -0.00702524
0 398 0.246958 -0.0347974
2 398 0.21264 -0.00900897
2 204 0.20076 -0.00338843
0 399 0.245308 -0.028185
2 399 0.21231 -0.0017353
0 400 0.248608 -0.0149602
2 400 0.21561 0.0114895
0 401 0.0374198 -0.011654
2 401 -0.0285764 -0.011654
0 402 0.230459 -0.0100008
2 402 0.19966 0.0156223
0 403 0.253557 -0.0100008
2 403 0.222209 0.0164488
2 208 0.235408 0.0181019
2 210 0.230459 0.0214082
0 404 -0.0417756 0.0048771
2 404 -0.0962225 -8.22329e-05
2 212 0.222209 0.034633
2 214 -0.0516751 0.0247144
2 215 0.225509 0.0577764
2 216 0.20736 0.0577764
0 405 0.248608 0.0329798
2 405 0.21462 0.0604214
0 406 0.0324701 0.0858792
2 406 -0.0368259 0.0845016
0 407 0.0407196 0.0858792
2 407 -0.0335261 0.0842261
2 220 -0.0382008 0.116186
0 408 -0.00382782 0.123901
2 408 -0.0650118 0.118482
2 221 0.0126713 0.127207
2 223 -0.0153771 0.135472
0 409 0.0803174 0.148697
2 409 0.00992138 0.152003
0 410 0.274016 -0.0982766
2 410 0.244318 -0.0705044
0 411 -0.0487052 -0.0883579
2 411 -0.0487052 -0.0824068
2 225 0.234418 -0.0546346
0 412 0.220559 -0.0705044
2 412 0.188881 -0.0466997
0 413 0.274016 -0.0625695
2 413 0.244318 -0.0347974
2 231 0.253821 -0.0336071
0 414 -0.0150471 -0.0566183
2 414 -0.0146511 -0.0478899
2 233 0.21462 -0.0288462
0 415 0.299755 -0.0427322
2 415 0.275006 -0.011654
0 416 -0.00910749 -0.0347974
2 416 -0.017027 -0.0264657
0 417 0.254217 -0.0169438
2 417 0.222539 0.0108283
0 418 0.246298 -0.0149601
2 418 0.21264 0.0108283
2 238 0.224519 0.0187632
0 419 0.268077 -0.0050415
2 419 0.23719 0.0235242
2 240 0.217259 0.0280206
0 420 0.0067316 0.0247144
2 420 -0.0605845 0.0207469
0 421 0.238378 0.0326493
2 421 0.21066 0.0604214
2 246 -0.0902828 0.0663726
0 422 -0.0229667 0.0762912
2 422 -0.0843431 0.07034
2 250 -0.0685041 0.0881935
0 423 0.0304902 0.117949
2 423 -0.0384758 0.115635
0 424 0.0205908 0.133819
2 424 -0.0467253 0.130513
2 255 -0.0130672 0.133819
0 425 0.0740477 0.13977
2 425 0.00607162 0.142085
0 426 0.0799874 0.147705
2 426 0.0110213 0.15035
0 427 -0.0502891 -0.0883578
2 427 -0.0574166 -0.0835969
0 428 -0.102558 -0.0812164
2 428 -0.100182 -0.078836
2 262 0.167102 -0.058602
0 429 0.220559 -0.0693141
2 429 0.189673 -0.0455094
0 430 0.263325 -0.0693141
2 430 0.230063 -0.0431289
2 267 0.239566 -0.0359875
2 268 0.199177 -0.038368
0 431 0.260949 -0.0621727
2 431 0.230063 -0.0359875
0 432 0.303715 -0.0597922
2 432 0.275204 -0.0288461
0 433 -0.0502891 -0.0550313
2 433 -0.0546449 -0.0506672
0 434 0.246694 -0.0550313
2 434 0.213432 -0.0288461
2 271 -0.00229663 -0.0374158
2 272 -0.0217787 -0.0359875
2 274 -0.00514767 -0.0288461
2 281 -0.0407856 0.0282851
0 435 0.0447455 0.0449484
2 435 -0.0265304 0.0449484
0 436 -0.0360339 0.0473289
2 436 -0.0962225 0.0405842
0 437 0.0542489 0.0520898
2 437 -0.017027 0.0520898
0 438 0.0471213 0.10446
2 438 -0.0217787 0.10446
2 286 0.0233627 0.119695
2 287 -0.0384098 0.116362
2 288 -0.069296 0.116362
0 439 0.0542489 0.133026
2 439 -0.0122753 0.133026
2 289 -0.0450622 0.131121
2 292 0.168766 -0.0602683
0 440 0.242892 -0.0831208
2 440 0.211531 -0.0574118
0 441 0.248595 -0.068838
2 441 0.214382 -0.0431289
2 295 0.200127 -0.0374158
2 297 0.254867 -0.0311314
0 442 -0.00514767 -0.0574118
2 442 -0.0137008 -0.0488421
0 443 0.245743 -0.0317027
2 443 0.211531 -0.00599361
0 444 0.214382 0.00543267
2 444 0.189673 0.0306656
0 445 0.00340546 0.022572
2 445 -0.0645442 0.0187633
2 303 -0.0507642 0.0254286
2 304 0.225311 0.0568508
0 446 0.046171 0.0454245
2 446 -0.0251049 0.0454245
0 447 0.0575751 0.0511377
2 447 -0.0137008 0.0511377
0 448 0.0518731 0.0539942
2 448 -0.0194028 0.0539942
2 311 -0.0365091 0.116839
0 449 -0.027956 0.122552
2 449 -0.0935298 0.113982
0 450 -0.0108497 0.122552
2 450 -0.0707215 0.116839
2 314 -0.0496238 -0.0791216
2 316 0.196706 -0.0585543
0 451 0.261709 -0.0825495
2 451 0.234339 -0.0551265
2 318 0.196706 -0.041415
0 452 0.261709 -0.0619822
2 452 0.230918 -0.0345592
0 453 0.220654 -0.0585543
2 453 0.189863 -0.0345592
2 320 0.196706 -0.0277035
0 454 0.234339 -0.0311314
2 454 0.202978 -0.00599361
2 323 -0.0222539 0.0545656
0 455 0.0256435 0.0648492
2 455 -0.0462026 0.0614213
0 456 0.0290648 0.099128
2 456 -0.0462026 0.0957001
0 457 -0.00514764 0.129979
2 457 -0.0650194 0.125408
0 458 0.169679 -0.242369
3 458 0.231742 -0.180186
0 459 0.291895 -0.106524
3 459 0.303352 -0.0548643
3 3 0.283301 -0.0491243
3 5 0.264205 -0.0395578
3 6 0.296669 -0.0357311
3 9 0.270889 -0.0338178
0 460 0.307172 -0.0816507
3 460 0.31672 -0.0271212
3 10 0.237471 -0.0357311
0 461 0.235561 -0.077824
3 461 0.23938 -0.0328612
3 11 -0.0174625 -0.0577342
3 13 0.295714 -0.0204246
3 14 0.250838 -0.0242513
3 16 0.29094 -0.0156413
0 462 -0.0881181 -0.0653875
3 462 -0.0728412 -0.0548643
3 18 0.268024 -0.016598
3 19 0.29094 -0.0127714
3 20 -0.0699768 -0.052951
3 21 -0.00409519 -0.044341
0 463 -0.0776152 -0.0625175
3 463 -0.0623384 -0.050081
0 464 -0.0470615 -0.0606042
3 464 -0.0327394 -0.0452977
3 23 -0.0136433 -0.0433844
0 465 -0.0212817 -0.0596476
3 465 -0.0107788 -0.0414711
0 466 -0.0871633 -0.0577342
3 466 -0.0718864 -0.047211
3 26 -0.0107788 -0.0386011
0 467 -0.0174625 -0.0548643
3 467 -0.0060048 -0.0366878
0 468 -0.0842989 -0.0539076
3 468 -0.0699768 -0.0433844
3 28 -0.0126884 -0.0366878
3 29 0.226013 -0.0099014
3 331 0.242245 -0.00703143
3 30 0.247783 -0.00664874
3 31 -0.0136433 -0.0338178
3 32 -0.0136433 -0.0319045
3 33 0.230787 -0.00511811
3 332 0.216465 -0.00607477
3 40 0.249883 0.0130584
3 43 0.289985 0.0226249
3 44 0.240335 0.0178417
3 47 0.246064 0.0207116
3 334 0.260386 0.0302782
3 335 0.251793 0.0321915
3 50 0.23938 0.0321915
3 51 0.232697 0.0331482
0 469 0.266115 -0.0099014
3 469 0.267261 0.0415668
0 470 0.257522 -0.00607477
3 470 0.257522 0.0436714
0 471 0.254657 -0.00511811
3 471 0.253702 0.0436714
3 54 0.271844 0.047498
3 55 0.248928 0.0473067
3 56 0.251793 0.0561079
3 338 0.253511 0.0599346
3 58 0.260386 0.0622306
0 472 0.26516 0.0121017
3 472 0.262678 0.0622306
0 473 0.272799 0.0187983
3 473 0.272989 0.0725624
0 474 0.236516 0.019755
3 474 0.231742 0.0666312
3 59 0.253702 0.080981
3 340 -0.000275968 0.0360181
3 60 -0.0566095 0.0522813
3 61 0.024549 0.0675878
0 475 0.024549 0.0637612
3 475 -0.00886922 0.0675878
0 476 0.0274134 0.0637612
3 476 -0.00695961 0.0675878
3 62 -0.0107788 0.0733278
3 66 0.0415445 0.132258
0 477 -0.0279653 0.124031
3 477 -0.0623384 0.123074
0 478 0.0808825 0.124031
3 478 0.0455547 0.140294
3 67 -0.0398049 0.128814
0 479 0.0121365 0.13264
3 479 -0.0231913 0.13838
3 343 0.0140461 0.14699
3 344 0.0388711 0.1556
0 480 0.0808825 0.148904
3 480 0.0417355 0.165167
3 346 0.282347 -0.0491243
3 69 0.263823 -0.0399404
3 70 0.238616 -0.0410884
3 71 0.270698 -0.0342004
3 72 -0.0813733 -0.0711656
3 73 0.237471 -0.0364964
3 74 0.239762 -0.0330524
3 77 0.295905 -0.0204246
3 78 0.25122 -0.0238686
0 481 0.286739 -0.0629002
3 481 0.291322 -0.0123887
3 80 0.214555 -0.0204246
3 81 -0.0134523 -0.0433844
3 82 -0.010015 -0.0422364
3 84 -0.0718864 -0.0468283
3 87 -0.034649 -0.0395578
3 88 -0.0123065 -0.0364964
3 90 -0.0327394 -0.0357311
3 91 0.240908 -0.00641915
3 92 -0.0134523 -0.0330524
3 94 0.294759 0.015163
3 98 0.248928 0.0117191
3 102 0.290176 0.022051
3 103 0.250074 0.017459
3 104 0.240908 0.017459
3 106 0.2432 0.020903
0 482 0.22143 -0.0227206
3 482 0.225058 0.0235816
3 107 0.262678 0.0289389
0 483 0.279864 -0.0204246
3 483 0.283301 0.0323829
3 108 0.25924 0.0300869
3 109 0.242054 0.0300869
3 355 0.239762 0.0323829
3 356 0.247783 0.0323829
0 484 0.234033 -0.0135367
3 484 0.232888 0.0335309
3 112 0.267032 0.0404188
3 113 0.253511 0.0427147
3 360 0.247783 0.0500619
3 115 0.264282 0.059705
3 116 0.257407 0.0624601
0 485 0.264969 0.0117191
3 485 0.261532 0.0610826
0 486 0.224867 0.015163
3 486 0.224103 0.0628045
3 118 0.000296922 0.0369748
3 119 -0.0546999 0.0587866
3 364 -0.00886919 0.0679705
3 365 -0.010015 0.0725624
3 366 -0.00428614 0.0737104
0 487 -0.0237642 0.0760064
3 487 -0.0512626 0.0771544
3 124 0.0181709 0.106543
0 488 0.0747718 0.111594
3 488 0.0426903 0.126901
3 126 -0.00657766 0.124222
3 128 -0.0375134 0.126518
3 129 0.0449819 0.140294
3 130 -0.00382782 0.13685
3 131 -0.0237642 0.137998
3 132 -0.0184173 0.13838
3 134 0.0140462 0.147182
3 135 0.0525439 0.153381
3 136 0.0387947 0.156136
0 489 0.275281 -0.0987174
3 489 0.283256 -0.0496753
3 369 0.296455 -0.0364505
3 140 0.238158 -0.0408588
3 370 0.247783 -0.036726
3 141 0.269781 -0.0339709
3 142 0.295905 -0.0215726
3 144 0.250532 -0.0243277
0 490 0.246408 -0.0670329
3 490 0.249158 -0.0215726
3 145 0.290405 -0.0160623
3 146 -0.0707406 -0.0537163
3 373 -0.00712762 -0.0463691
3 147 0.267032 -0.0160623
3 374 0.290405 -0.0119295
0 491 0.231284 -0.0615226
3 491 0.234033 -0.0174399
3 150 0.280781 -0.0119295
0 492 -0.0835732 -0.0546346
3 492 -0.0695949 -0.0445323
3 379 0.231284 -0.00641915
3 155 0.246408 0.0114895
3 381 0.240908 0.0169998
3 156 0.245033 0.019755
3 158 0.251907 0.0321533
3 160 0.246408 0.0321533
3 161 0.253282 0.0376636
0 493 0.251907 -0.00366397
3 493 0.250532 0.0445516
3 164 0.247783 0.0459291
3 165 0.245033 0.0473067
3 166 0.250532 0.0541946
0 494 0.265657 0.00873432
3 494 0.265107 0.0594295
3 168 0.256857 0.0610826
3 170 0.224867 0.0633786
0 495 0.236783 0.019755
3 495 0.231284 0.0665929
3 172 0.254657 0.0803688
3 385 0.000296922 0.036286
0 496 -0.0285764 0.0541946
3 496 -0.0560748 0.052817
0 497 -0.0230767 0.076236
3 497 -0.0519501 0.076236
0 498 0.0429195 0.0817464
3 498 0.0112963 0.0900119
3 386 -0.0437005 0.0845016
3 178 -0.0382008 0.0941446
0 499 0.0484192 0.0913894
3 499 0.0159711 0.100757
3 388 0.0192709 0.105716
0 500 0.0814172 0.116186
3 500 0.0497941 0.134095
0 501 0.0291703 0.117564
3 501 -0.00657766 0.124452
3 390 0.0442944 0.139605
3 179 -0.0180353 0.139146
3 180 0.0140462 0.146493
0 502 0.0869169 0.135472
3 502 0.052269 0.153656
0 503 -0.053325 0.157514
3 503 -0.0918227 0.152003
3 181 0.29178 -0.0505019
3 393 0.263457 -0.0397567
3 182 0.295795 -0.0367811
3 183 0.237058 -0.0397567
3 184 0.248608 -0.0381036
3 185 0.270056 -0.0347974
3 189 0.296455 -0.0215726
3 190 0.230459 -0.028185
0 504 0.220559 -0.0695126
3 504 0.223859 -0.0265319
0 505 -0.086323 -0.0645532
3 505 -0.069824 -0.0532571
3 395 0.21066 -0.0232256
0 506 -0.0236267 -0.0629002
3 506 -0.0120773 -0.044716
0 507 0.261807 -0.0629002
3 507 0.266757 -0.0149602
3 192 0.275996 -0.0129764
3 193 0.289855 -0.011654
3 194 0.235408 -0.0166132
3 196 -0.0615745 -0.0480222
3 197 0.225509 -0.0149602
3 199 0.225509 -0.0083477
3 200 0.242008 -0.00669463
0 508 0.228809 -0.0496753
3 508 0.230459 -0.0050415
3 398 0.246958 0.0114895
3 204 0.237058 0.0181019
0 509 0.220559 -0.0215726
3 509 0.223859 0.0247144
0 510 0.278306 -0.0199194
3 510 0.283256 0.0329798
0 511 0.238708 -0.0166132
3 511 0.238708 0.0296736
0 512 -0.119321 -0.011654
3 512 -0.106947 -0.00641915
3 401 0.0154211 -0.00228639
3 402 0.230459 0.0362861
3 208 0.266757 0.0412454
3 211 0.270056 0.0478578
3 212 0.251907 0.0561233
3 213 0.253557 0.0594295
0 513 0.245308 0.0114895
3 513 0.242008 0.0594295
0 514 0.225509 0.0164488
3 514 0.225509 0.0643888
0 515 0.068768 0.0263674
3 515 0.0390697 0.0362861
3 215 0.255207 0.0809199
3 407 0.00607162 0.0924916
0 516 0.0258705 0.0875323
3 516 -0.00657766 0.0941446
3 220 -0.00712762 0.125554
3 222 -0.017027 0.140432
3 223 0.0143212 0.147044
3 409 0.0415445 0.164402
0 517 0.216599 -0.0982766
3 517 0.223859 -0.0546346
0 518 0.256197 -0.0883579
3 518 0.262137 -0.0407485
3 225 0.270056 -0.0347974
3 227 0.262137 -0.0328136
0 519 0.289855 -0.0724881
3 519 0.296587 -0.0217047
3 228 -0.0328661 -0.0546346
0 520 0.283916 -0.0685207
3 520 0.289855 -0.0169438
3 229 0.21066 -0.022895
0 521 -0.0249466 -0.0625695
3 521 -0.0130672 -0.044716
3 230 0.234418 -0.0189276
0 522 0.262137 -0.0625695
3 522 0.266097 -0.0149601
3 413 0.279956 -0.0129764
0 523 -0.0190069 -0.0605858
3 523 -0.0051477 -0.0407485
0 524 -0.0764236 -0.058602
3 524 -0.0625644 -0.0466997
0 525 0.222539 -0.058602
3 525 0.224519 -0.0149601
0 526 0.285896 -0.0427322
3 526 0.289459 0.00924138
0 527 -0.0506851 -0.0308299
3 527 0.0442944 0.0335309
0 528 0.281936 -0.0268624
3 528 0.283916 0.0247144
0 529 0.220559 -0.0209113
3 529 0.222539 0.0247144
3 417 0.254217 0.0326493
3 237 -0.106122 -0.00669463
0 530 0.0384098 -0.0109926
3 530 0.0159711 -0.0017353
0 531 0.252237 -0.0109926
3 531 0.250258 0.0366167
0 532 0.254217 0.0048771
3 532 0.253821 0.0544703
0 533 0.256197 0.0286818
3 533 0.254217 0.0802586
3 244 0.232439 0.0802586
3 421 0.236398 0.0822423
3 246 -0.0586046 0.0723237
3 247 0.0106914 0.0881935
0 534 0.0423695 0.0862098
3 534 0.0087115 0.0941447
3 250 -0.0388058 0.0941447
0 535 0.0364299 0.113982
3 535 -0.00118794 0.119933
0 536 0.0819672 0.113982
3 536 0.0502891 0.131835
3 423 -0.00712759 0.123901
3 251 -0.0427655 0.123901
3 252 -0.0368259 0.129852
3 255 0.016631 0.145722
0 537 0.085927 0.133819
3 537 0.051873 0.15207
3 426 0.0403897 0.163575
3 256 -0.0902828 0.149689
3 427 -0.0360339 -0.0740751
0 538 0.244318 -0.0835969
3 538 0.24907 -0.038368
3 262 0.199177 -0.0407485
3 264 0.322721 -0.0145633
3 429 0.222935 -0.0264657
0 539 0.246694 -0.0693141
3 539 0.24907 -0.0240852
3 431 0.265701 -0.0145633
3 270 -0.070484 -0.0466997
0 540 0.215808 -0.0526508
3 540 0.222935 -0.00742194
0 541 0.234815 -0.0312266
3 541 0.234815 0.0140023
0 542 0.282332 -0.0288461
3 542 0.284708 0.0235242
0 543 0.00673163 -0.0121829
3 543 -0.017027 -0.00900897
0 544 0.0399937 -0.00980237
3 544 0.016631 -0.00107404
0 545 0.232439 -0.00980237
3 545 0.230459 0.0366167
0 546 0.00435578 0.0211437
3 546 -0.0217787 0.0235242
0 547 0.268077 0.0211437
3 547 0.268077 0.073514
3 435 0.0138592 0.0520898
0 548 -0.0289063 0.0544703
3 548 -0.0574166 0.0520898
0 549 -0.0312822 0.0711336
3 549 -0.0574166 0.0711336
3 285 0.0281144 0.123504
3 287 -0.00514767 0.125884
3 288 -0.0431615 0.123504
0 550 0.302764 -0.0916905
3 550 0.314168 -0.0374158
0 551 0.251446 -0.0859773
3 551 0.254867 -0.041415
0 552 0.29136 -0.0859773
3 552 0.299913 -0.0345593
3 440 0.248595 -0.0374158
0 553 0.265701 -0.0831208
3 553 0.271403 -0.0345593
3 294 0.222935 -0.0259896
3 441 0.251446 -0.023133
0 554 0.26285 -0.068838
3 554 0.268552 -0.0202764
0 555 0.211531 -0.0631249
3 555 0.211531 -0.023133
3 296 0.277105 -0.0145633
3 297 0.289079 -0.0105641
0 556 0.217233 -0.0545552
3 556 0.220084 -0.0117067
3 443 0.245743 0.0140024
0 557 -0.102083 -0.0259896
3 557 -0.0878277 -0.0174199
0 558 0.23719 -0.0174199
3 558 0.23719 0.0282851
0 559 0.0404689 -0.00885015
3 559 0.0176606 -0.000280466
0 560 0.248595 -0.00885015
3 560 0.248595 0.0397114
0 561 0.265701 -0.00313707
3 561 0.265701 0.0482811
3 444 0.215808 0.0520898
3 448 0.0205117 0.0625639
0 562 -0.00799868 0.0911296
3 562 -0.0365091 0.0939861
3 310 -0.00514767 0.108269
3 312 -0.0431615 0.128265
0 563 0.0547241 0.133978
3 563 0.0176606 0.145404
0 564 -0.0536153 0.15683
3 564 -0.0906787 0.151117
3 451 0.268552 -0.0345592
0 565 0.309607 -0.0722659
3 565 0.31987 -0.0174198
0 566 -0.0975212 -0.068838
3 566 -0.080415 -0.0585543
3 318 0.234339 -0.0208477
3 452 0.265131 -0.0139919
0 567 0.206969 -0.0551265
3 567 0.206969 -0.0139919
3 454 0.234339 0.013431
0 568 0.0666984 0.0271426
3 568 0.0359073 0.0374261
0 569 -0.0359388 0.0442819
3 569 -0.0633088 0.040854
3 455 -0.00856889 0.068277
0 570 0.0359073 0.0648492
3 570 0.00511609 0.0717049
0 571 -0.0290963 0.0717049
3 571 -0.0564663 0.0717049
0 572 -0.0393601 0.112839
3 572 -0.0735725 0.109412
0 573 -0.0119901 0.119695
3 573 -0.0427813 0.123123
3 457 -0.0393601 0.133407
0 574 -0.121536 -0.375344
4 574 -0.0833441 -0.363864
4 0 -0.106259 -0.338035
0 575 -0.236113 -0.217496
4 575 -0.207087 -0.214435
0 576 0.283301 -0.100784
4 576 0.317674 -0.0873906
4 3 0.310036 -0.0854773
0 577 -0.0470615 -0.0893039
4 577 -0.0222365 -0.0921739
4 6 0.321494 -0.0730408
4 8 0.26707 -0.0749541
4 9 0.298578 -0.0701708
0 578 0.19355 -0.0768674
4 578 0.223149 -0.0682575
0 579 -0.0422874 -0.0739974
4 579 -0.0193721 -0.0749541
4 14 0.279482 -0.0586909
4 15 0.278527 -0.0548643
4 16 0.318629 -0.052951
4 462 -0.0652028 -0.0711274
4 17 0.23938 -0.0558209
4 18 0.295905 -0.0514203
0 580 -0.0823893 -0.0634742
4 580 -0.0604287 -0.0692141
4 21 0.00736248 -0.0644308
0 581 -0.00218558 -0.0634742
4 581 0.0216846 -0.0634742
4 25 -0.0623384 -0.0663442
0 582 -0.00409519 -0.0586909
4 582 0.0188202 -0.0586909
4 466 -0.0652028 -0.0634742
4 26 0.000678838 -0.0577342
4 27 0.00354326 -0.0577342
4 467 0.00545287 -0.0548643
4 468 -0.0623384 -0.0596476
4 28 -0.000275968 -0.0558209
4 29 0.254657 -0.0433844
0 583 -0.0461067 -0.0519943
4 583 -0.0237642 -0.0548643
4 30 0.276618 -0.0405144
4 333 0.320539 -0.0213813
0 584 -0.0527903 -0.0357311
4 584 -0.0317845 -0.0376444
4 39 0.276618 -0.0232946
4 40 0.279482 -0.0213813
0 585 -0.0499259 -0.0290345
4 585 -0.0289201 -0.0319045
4 44 0.270889 -0.016598
4 46 0.277573 -0.0146847
4 47 0.274708 -0.0146847
4 48 0.291895 -0.00703143
0 586 0.280437 -0.0204246
4 586 0.308126 -0.00511811
0 587 0.2432 -0.0175547
4 587 0.269934 -0.00416145
0 588 0.248928 -0.0156413
4 588 0.276618 -0.00224814
0 589 0.229832 -0.00894474
4 589 0.256567 0.00253514
0 590 0.258476 -0.00798808
4 590 0.286166 0.00540511
4 470 0.285211 0.00731843
4 54 0.299533 0.0101884
4 55 0.277573 0.0121017
4 338 0.321494 -0.0261646
4 474 0.261532 0.0335309
0 591 0.232697 0.0235816
4 591 0.255612 0.0388881
4 60 -0.00505 0.0388881
4 342 0.054148 0.0541946
0 592 -0.0251009 0.0752411
4 592 -0.00505 0.0608912
4 64 0.0117546 0.0805984
0 593 0.0751537 0.111594
4 593 0.0952046 0.107767
4 66 0.0923402 0.112551
0 594 -0.0270105 0.122117
4 594 -0.00886919 0.109298
4 477 -0.0107788 0.110637
4 67 0.0102269 0.115421
0 595 -0.0422874 0.125944
4 595 -0.0231913 0.109681
4 68 0.0522384 0.121161
4 479 0.029323 0.124031
4 343 0.0684701 0.129771
0 596 -0.0652028 0.145077
4 596 -0.048971 0.127666
0 597 -0.00199461 -0.510616
4 597 0.0449819 -0.4911
0 598 -0.129175 -0.223619
4 598 -0.101172 -0.214986
4 345 0.317674 -0.0870079
0 599 0.303925 -0.0893039
4 599 0.338298 -0.07438
4 69 0.291322 -0.075528
4 70 0.267261 -0.07438
4 71 0.298196 -0.0697881
4 72 -0.0776152 -0.0893039
4 73 0.264969 -0.0697881
4 77 0.323403 -0.0571602
4 78 0.279864 -0.0583082
0 600 -0.0455338 -0.0663442
4 600 -0.0226184 -0.0686401
4 347 0.31882 -0.0525683
4 348 -0.0650118 -0.0709361
0 601 -0.00199461 -0.0640482
4 601 0.0209207 -0.0629002
0 602 0.208827 -0.0640482
4 602 0.239762 -0.0548643
0 603 -0.0844898 -0.0629002
4 603 -0.0615745 -0.0686401
4 481 0.31882 -0.0491243
4 80 0.2432 -0.0525683
4 82 0.0014427 -0.0606042
4 89 0.276427 -0.0410884
4 91 0.271844 -0.0410884
4 93 0.260386 -0.0387924
0 604 0.301634 -0.0468283
4 604 0.331653 -0.0298381
4 98 0.276427 -0.0227206
4 103 0.278031 -0.0174399
0 605 -0.101676 -0.0284605
4 605 -0.0823893 -0.0328612
4 104 0.270698 -0.0158326
0 606 0.246637 -0.0261646
4 606 0.275281 -0.0146847
4 483 0.307363 -0.00435274
4 109 0.269552 -0.00435274
0 607 0.252366 -0.0158326
4 607 0.28101 -0.0032048
4 356 0.276427 -0.0020568
4 484 0.260386 -0.000908798
4 111 0.256949 0.00253514
4 112 0.293613 0.00483114
4 358 0.255803 0.00597914
0 608 0.258095 -0.00664874
4 608 0.284447 0.00827509
0 609 0.261532 -0.00664874
4 609 0.28903 0.00827509
4 113 0.282156 0.00712714
4 359 0.274135 0.0128671
4 360 0.276427 0.015163
0 610 0.254657 0.0013872
4 610 0.28101 0.016311
4 114 0.279864 0.018607
0 611 0.254657 0.00597914
4 611 0.279864 0.020903
0 612 0.0461276 0.0484547
4 612 0.0724803 0.0346789
0 613 -0.0329303 0.0518987
4 613 -0.010015 0.0358269
0 614 -0.0283473 0.0541946
4 614 -0.00520274 0.0390412
4 367 0.0484192 0.0776136
4 124 0.0741989 0.0886343
0 615 -0.0340761 0.105854
4 615 -0.0134523 0.0874863
0 616 -0.0420965 0.110446
4 616 -0.0214726 0.0943742
4 128 0.0129004 0.112742
4 129 0.0999787 0.120778
4 131 0.0289411 0.124222
4 134 0.0678972 0.129962
0 617 0.0805006 0.14833
4 617 0.0988329 0.144886
0 618 -0.00245289 -0.511993
4 618 0.0442944 -0.491329
4 489 0.309654 -0.0860436
0 619 0.304154 -0.0904519
4 619 0.337152 -0.0739209
4 139 0.290405 -0.0752985
4 369 0.322028 -0.0739209
4 141 0.29728 -0.0697881
0 620 -0.101447 -0.0808088
4 620 -0.0780735 -0.0893498
4 371 0.222209 -0.0695126
0 621 -0.0437005 -0.0725433
4 621 -0.0203269 -0.0752985
4 142 0.323403 -0.0573898
0 622 0.225784 -0.0711657
4 622 0.257407 -0.0615226
4 145 0.317904 -0.0532571
0 623 0.209285 -0.0642777
4 623 0.239533 -0.0560122
4 148 -0.001078 -0.0629002
4 151 0.311029 -0.0491243
4 376 0.00167184 -0.0615226
0 624 -0.00382782 -0.060145
4 624 0.0181709 -0.0587674
0 625 -0.0863231 -0.0573898
4 625 -0.0643243 -0.0629002
4 377 0.254657 -0.0477467
0 626 0.229909 -0.0573898
4 626 0.261532 -0.0477467
0 627 0.240908 -0.0518795
4 627 0.271156 -0.0408588
0 628 0.245033 -0.0518795
4 628 0.276656 -0.0408588
4 379 0.260157 -0.0394812
0 629 0.214785 -0.0491243
4 629 0.245033 -0.0408588
0 630 -0.053325 -0.0353484
4 630 -0.0327012 -0.0381036
4 381 0.269781 -0.0160623
0 631 -0.101447 -0.0270829
4 631 -0.0821983 -0.0325933
0 632 0.234033 -0.0270829
4 632 0.262907 -0.0160623
4 156 0.272531 -0.0146847
0 633 0.284906 -0.0270829
4 633 0.317904 -0.0160623
0 634 0.239533 -0.0146847
4 634 0.267032 -0.00366397
0 635 0.229909 -0.00779674
4 635 0.256032 0.00322397
4 162 0.284906 0.00597914
4 163 0.28903 0.00873432
4 164 0.276656 0.0114895
4 384 0.280781 0.0156223
0 636 0.256032 0.00873432
4 636 0.282156 0.0238877
4 495 0.261532 0.0321533
0 637 0.271156 0.019755
4 637 0.29453 0.0376636
4 171 0.254657 0.0390412
4 174 0.0704179 0.0335309
0 638 -0.0340761 0.0748584
4 638 -0.0123065 0.0599346
4 497 -0.00245289 0.0624601
4 387 0.0539189 0.0759606
0 639 0.0401696 0.0858792
4 639 0.0635433 0.0748584
0 640 0.0442944 0.0872567
4 640 0.0662931 0.0776136
4 388 0.0731677 0.0886343
0 641 -0.0492002 0.101033
4 641 -0.0283473 0.0851903
0 642 -0.0423256 0.109298
4 642 -0.0217018 0.0941446
0 643 -0.0272015 0.123074
4 643 -0.00932751 0.109298
4 179 0.0346699 0.124452
0 644 -0.0656993 0.146493
4 644 -0.0500251 0.12886
0 645 0.0800423 0.147871
4 645 0.0979163 0.145115
0 646 0.00277182 -0.491054
4 646 0.0470442 -0.470666
0 647 0.304704 -0.0910029
4 647 0.337702 -0.0744719
0 648 -0.0483752 -0.0876967
4 648 -0.0236267 -0.0910029
4 185 0.298105 -0.0695126
4 186 -0.0784035 -0.0903416
0 649 -0.0434255 -0.0728188
4 649 -0.0203269 -0.0744719
4 189 0.322853 -0.0579408
4 190 0.258507 -0.061247
4 504 0.251907 -0.059594
4 507 0.294805 -0.0513284
4 194 0.263457 -0.0513284
4 197 0.253557 -0.0480222
0 650 0.21066 -0.0562878
4 650 0.240358 -0.0480222
4 198 0.276656 -0.0414098
4 199 0.253557 -0.0414098
0 651 0.21561 -0.0496753
4 651 0.245308 -0.0414098
4 397 0.317574 -0.0268624
0 652 0.20901 -0.0397567
4 652 0.237058 -0.0298381
0 653 -0.0450754 -0.0364505
4 653 -0.0244516 -0.0381036
4 204 0.263457 -0.0166132
4 509 0.246958 -0.0100008
4 208 0.293155 0.0048771
4 209 0.284906 0.00653023
0 654 0.276656 -0.0083477
4 654 0.304704 0.00653023
4 210 0.288205 0.0081833
4 211 0.298105 0.0114895
0 655 0.255207 0.0015709
4 655 0.281936 0.0147958
0 656 0.21396 0.0048771
4 656 0.237058 0.019755
0 657 0.270056 0.019755
4 657 0.293155 0.0379392
4 515 0.0951665 0.0183774
4 214 0.0456693 0.0131426
4 215 0.279956 0.0462047
0 658 0.0456693 0.0478578
4 658 0.0720678 0.034633
0 659 -0.0285764 0.0544702
4 659 -0.00547772 0.0395923
4 516 0.0473192 0.0776136
0 660 -0.00877752 0.0908385
4 660 0.0106914 0.0802586
0 661 0.052269 0.0957978
4 661 0.0737177 0.0875323
4 219 -0.0285764 0.0858792
0 662 -0.00877752 0.125554
4 662 0.00772152 0.115635
0 663 0.0110213 0.132166
4 663 0.0275204 0.123901
4 222 0.0374198 0.125554
4 223 0.0704179 0.12886
0 664 0.0819672 0.137125
4 664 0.100116 0.133819
0 665 -0.0401257 0.156963
4 665 -0.0219768 0.142085
4 411 -0.0249466 -0.0903416
0 666 0.242338 -0.0824068
4 666 0.275996 -0.0724881
4 225 0.297775 -0.0705044
4 226 0.222539 -0.0705044
0 667 -0.0447454 -0.0724881
4 667 -0.0209868 -0.0764556
4 519 0.323513 -0.058602
4 230 0.262137 -0.0506672
4 231 0.315594 -0.0486834
4 525 0.252237 -0.0486834
0 668 -0.0843431 -0.0566183
4 668 -0.0625644 -0.0625695
0 669 0.21462 -0.0506672
4 669 0.244318 -0.0407485
0 670 0.222539 -0.0506672
4 670 0.252237 -0.0407485
0 671 -0.0249466 -0.0466997
4 671 -0.00316783 -0.0486834
0 672 0.20868 -0.0407485
4 672 0.236398 -0.0308299
0 673 0.246298 -0.0347974
4 673 0.274016 -0.0209113
4 529 0.248278 -0.00900897
0 674 0.277976 -0.0209113
4 674 0.305694 -0.0050415
4 236 0.266097 -0.0050415
4 417 0.281936 -0.00305777
4 418 0.274016 -0.00107404
4 239 0.287875 0.00884456
4 240 0.274016 0.0147958
0 675 0.262137 0.00884456
4 675 0.287875 0.0247144
0 676 0.268077 0.0207469
4 676 0.293815 0.0366167
0 677 0.264117 0.0266981
4 677 0.289855 0.0425679
4 244 0.258177 0.0445516
0 678 0.248278 0.0326493
4 678 0.272036 0.0465353
0 679 0.068108 0.0425679
4 679 0.0917876 0.0368549
0 680 -0.034846 0.0505028
4 680 -0.0110874 0.034633
0 681 -0.0269264 0.0743075
4 681 -0.0051477 0.0604214
0 682 0.0384098 0.0862098
4 682 0.0601885 0.0762912
0 683 0.0483092 0.104063
4 683 0.0700879 0.0961284
0 684 -0.0427655 0.106047
4 684 -0.0229667 0.0901773
4 536 0.101766 0.111998
0 685 0.0760276 0.119933
4 685 0.0958265 0.115966
0 686 -0.0289063 0.121917
4 686 -0.00910749 0.108031
4 253 0.0621684 0.117949
4 424 0.0384098 0.125884
4 255 0.0700879 0.127868
4 425 0.0918667 0.135803
0 687 -0.0645443 0.147705
4 687 -0.0487052 0.129852
4 260 0.322721 -0.0740751
0 688 0.308466 -0.0883578
4 688 0.341728 -0.0716946
4 538 0.27758 -0.0740751
4 261 0.296587 -0.0716946
4 263 0.289459 -0.0693141
0 689 -0.0479132 -0.0716946
4 689 -0.0251049 -0.0745511
0 690 0.291835 -0.0716946
4 690 0.325097 -0.0574118
4 264 0.344104 -0.0550313
4 429 0.251446 -0.0597922
4 539 0.27758 -0.0574118
4 268 0.263325 -0.0526508
4 269 0.308466 -0.0502703
0 691 -0.0407856 -0.0550313
4 691 -0.0194029 -0.0550313
4 434 0.27758 -0.0431289
0 692 0.246694 -0.0336071
4 692 0.275204 -0.0217047
4 542 0.310842 -0.0121829
0 693 0.23719 -0.0169438
4 693 0.265701 -0.00504145
0 694 0.308466 -0.0169438
4 694 0.334601 0.00448046
0 695 -0.119189 -0.0121829
4 695 -0.100182 -0.0193243
4 276 0.27758 0.00448046
4 278 0.296587 0.00924138
0 696 0.213432 0.00448046
4 696 0.23719 0.0187633
0 697 0.256197 0.00448046
4 697 0.282332 0.0187633
0 698 0.225311 0.0140023
4 698 0.24907 0.0282851
0 699 0.230063 0.0235242
4 699 0.253821 0.037807
4 281 0.0566248 0.0163828
0 700 0.239566 0.033046
4 700 0.263325 0.0473289
4 548 -0.00514767 0.0401875
4 283 0.049022 0.0539942
0 701 0.0328662 0.0854164
4 701 0.0542489 0.0758945
0 702 -0.0502891 0.10208
4 702 -0.0289063 0.0854164
0 703 -0.0360339 0.109221
4 703 -0.0194028 0.0996992
4 285 0.0827593 0.106841
4 286 0.101766 0.111602
4 290 0.0922627 0.135406
0 704 0.311317 -0.103117
4 704 0.34553 -0.0859773
4 552 0.325573 -0.0716946
0 705 0.308466 -0.0859773
4 705 0.342679 -0.068838
4 293 0.259999 -0.0716946
0 706 0.285658 -0.0716946
4 706 0.31987 -0.0602683
0 707 -0.0963808 -0.068838
4 707 -0.0735725 -0.0745511
4 441 0.279956 -0.0574118
0 708 0.265701 -0.0631249
4 708 0.297062 -0.0488421
4 297 0.317019 -0.0459855
0 709 -0.0849766 -0.0574118
4 709 -0.0621684 -0.0631249
0 710 -0.0735725 -0.0574118
4 710 -0.0507642 -0.0631249
0 711 0.222935 -0.0574118
4 711 0.254297 -0.0488421
0 712 0.20868 -0.0516986
4 712 0.239566 -0.0455094
0 713 -0.116338 -0.0431289
4 713 -0.0963808 -0.0488421
0 714 0.23719 -0.0317027
4 714 0.265701 -0.0202764
0 715 0.254297 -0.0288461
4 715 0.282807 -0.0145633
0 716 -0.033658 -0.0202764
4 716 -0.0108497 -0.0288461
4 301 0.214382 0.00828922
4 561 0.294211 0.0111458
0 717 -0.0450622 0.00257608
4 717 -0.0256751 -0.000280466
4 444 0.23719 0.0197154
0 718 -0.027956 0.0568508
4 718 -0.00514767 0.0425679
0 719 0.046171 0.0825599
4 719 0.0689793 0.0739901
4 309 0.0604262 0.0768467
4 562 0.0119586 0.0797033
0 720 0.049022 0.0911296
4 720 0.0718303 0.0825599
0 721 -0.027956 0.111125
4 721 -0.0108497 0.0996992
0 722 0.0860855 0.111125
4 722 0.106043 0.108269
0 723 0.0632772 0.113982
4 723 0.0832345 0.108269
0 724 0.0404689 0.125408
4 724 0.0604262 0.116839
4 312 0.0138592 0.116362
0 725 0.00910752 0.131121
4 725 0.0262137 0.122552
0 726 0.0718303 0.142548
4 726 0.0917876 0.136835
4 314 -0.0256751 -0.0894052
0 727 -0.0975212 -0.0825495
4 727 -0.0735725 -0.0894052
0 728 0.193284 -0.0825495
4 728 0.224076 -0.0756937
4 451 0.295922 -0.0722659
4 318 0.261709 -0.0551265
4 320 0.261709 -0.041415
0 729 -0.00514764 -0.0208477
4 729 0.0222223 -0.0345592
0 730 0.275394 -0.0174198
4 730 0.302764 -0.000280466
0 731 0.258288 -0.0139919
4 731 0.285658 -0.000280466
0 732 0.00169483 -0.0105641
4 732 0.0290648 -0.0242756
0 733 0.244603 -0.0105641
4 733 0.271973 0.00314742
0 734 0.0564347 -0.00713623
4 734 0.0872259 -0.0208477
0 735 0.265131 -0.00370835
4 735 0.292501 0.0100032
0 736 0.227497 0.0168589
4 736 0.251446 0.0305704
0 737 0.265131 0.0202868
4 737 0.289079 0.0374261
4 571 -0.00856889 0.0579935
4 324 0.0701197 0.0717049
0 738 0.0735409 0.099128
4 738 0.0940684 0.0957001
0 739 -0.053045 0.102556
4 739 -0.0325176 0.0854164
0 740 0.046171 0.109412
4 740 0.0666984 0.102556
0 741 0.059856 0.112839
4 741 0.0803835 0.105984
0 742 -0.0427813 0.119695
4 742 -0.0222539 0.099128
4 573 0.00511609 0.109412
0 743 0.032486 0.119695
4 743 0.0530135 0.109412
4 457 0.0119586 0.119695
0 744 0.0564347 0.129979
4 744 0.0735409 0.126551
0 745 0.0701197 0.140262
4 745 0.0872259 0.136835
0 746 0.0803835 0.14369
4 746 0.0974897 0.140262
0 747 0.26325 -0.50258
5 747 0.317674 -0.470436
0 748 0.261341 -0.500666
5 748 0.315765 -0.46814
0 749 0.315765 -0.497796
5 749 0.369234 -0.4624
0 750 0.0465095 -0.490143
5 750 0.101888 -0.46814
0 751 -0.0260557 -0.343775
5 751 0.0207298 -0.325598
5 1 0.0403988 -0.209843
0 752 0.00545287 -0.228976
5 752 0.0436451 -0.207929
5 3 0.339635 -0.0845206
0 753 0.21742 -0.0969572
5 753 0.28101 -0.0858599
5 4 0.320539 -0.0826073
5 577 0.00258845 -0.0845206
5 5 0.321494 -0.0730408
5 6 0.351093 -0.0720841
0 754 0.306217 -0.0873906
5 754 0.368279 -0.0701708
5 9 0.328177 -0.0682575
5 10 0.295714 -0.0673008
5 461 0.297623 -0.0653875
5 578 0.252366 -0.0651962
5 11 0.019775 -0.0701708
5 579 0.00640767 -0.0673008
5 12 0.288075 -0.0596476
5 13 0.352047 -0.0567776
0 755 -0.0461067 -0.0663442
5 755 0.00354326 -0.0615609
5 462 -0.0384682 -0.0625175
5 17 0.268979 -0.052951
5 18 0.326268 -0.050081
5 21 0.0331422 -0.0577342
5 581 0.0474643 -0.0567776
5 22 0.029323 -0.0558209
5 464 0.00258848 -0.0560122
5 25 -0.0356038 -0.0567776
0 756 0.224103 -0.0577342
5 756 0.286166 -0.0452977
5 26 0.0283682 -0.0510376
0 757 -0.0470615 -0.0548643
5 757 0.00163364 -0.050081
5 467 0.0321874 -0.0491243
5 28 0.0264586 -0.0481677
5 29 0.285211 -0.0414711
5 583 0.00258848 -0.0468283
5 331 0.302398 -0.0386011
5 30 0.307172 -0.0386011
5 32 0.0264586 -0.0433844
5 33 0.289985 -0.0357311
5 332 0.274708 -0.0357311
0 758 0.209781 -0.0395578
5 758 0.268406 -0.0270829
5 584 -0.00543191 -0.0296085
5 38 0.305262 -0.0213813
0 759 -0.0327394 -0.0338178
5 759 0.0150009 -0.0271212
5 41 0.300488 -0.016598
5 585 -0.00314039 -0.0232946
0 760 -0.101485 -0.0280779
5 760 -0.0566095 -0.0242513
5 44 0.300488 -0.013728
5 46 0.306217 -0.0118147
0 761 0.221239 -0.0223379
5 761 0.278527 -0.00894474
5 587 0.300488 -0.00224814
5 50 0.297623 0.00062183
5 51 0.289985 0.00157849
5 52 0.310991 0.00157849
5 53 0.288075 0.00253514
5 336 0.3129 0.00444846
0 762 0.255612 -0.00798808
5 762 0.3129 0.00731843
0 763 0.261341 -0.00703143
5 763 0.318629 0.0101884
0 764 0.264205 -0.00703143
5 764 0.321494 0.0101884
5 470 0.31481 0.0101884
5 54 0.330087 0.0121017
0 765 0.253702 0.00157849
5 765 0.310991 0.0178417
0 766 0.269934 0.0034918
5 766 0.327222 0.019755
5 56 0.310991 0.0226249
5 338 0.3129 0.0264516
5 474 0.292468 0.0358269
5 59 0.310036 0.047498
5 340 0.0999787 0.0274082
0 767 0.0274134 0.0714144
5 767 0.0923402 0.0685445
0 768 0.0264586 0.0876776
5 768 0.0875662 0.086721
0 769 0.0770633 0.115421
5 769 0.134352 0.118291
5 594 0.029323 0.121161
5 478 0.139126 0.127857
5 68 0.0923402 0.130727
0 770 0.0770633 0.150817
5 770 0.134352 0.155218
0 771 0.263823 -0.50258
5 771 0.317674 -0.470053
0 772 0.0117546 -0.231654
5 772 0.0497941 -0.210302
0 773 0.00946306 -0.207547
5 773 0.0465095 -0.185926
5 345 0.346319 -0.0858599
0 774 0.220284 -0.0961918
5 774 0.283301 -0.0845206
5 599 0.368088 -0.07438
5 69 0.321112 -0.073232
0 775 0.306217 -0.0870079
5 775 0.369234 -0.0709361
5 70 0.297051 -0.0720841
5 71 0.327986 -0.0686401
5 73 0.295905 -0.0674921
5 74 0.298196 -0.0651962
5 76 0.287885 -0.0594562
0 776 -0.0546999 -0.0686401
5 776 -0.00657766 -0.0629002
5 600 0.00304677 -0.0615226
5 347 0.347464 -0.0514203
5 602 0.269552 -0.0525683
5 603 -0.0352218 -0.0606042
5 79 0.0312327 -0.0560122
5 81 0.0255038 -0.0548643
5 82 0.0289411 -0.0548643
0 777 0.238616 -0.0606042
5 777 0.300488 -0.0479763
5 85 0.0289411 -0.0502723
5 86 -0.0352218 -0.0514203
5 88 0.0266496 -0.0479763
5 351 0.284447 -0.0410884
5 90 0.00304677 -0.0463692
5 91 0.302779 -0.0387924
5 93 0.290176 -0.0364964
5 604 0.360526 -0.0284605
5 353 0.305071 -0.0215726
5 98 0.307363 -0.0204246
5 100 0.300488 -0.0169806
5 103 0.309654 -0.0158326
5 104 0.300488 -0.0135367
5 606 0.306217 -0.0112407
5 482 0.278718 -0.00894474
5 483 0.337152 -0.0020568
5 607 0.3108 -0.000908798
5 355 0.298196 0.000239202
5 356 0.307363 0.000239202
5 484 0.290176 0.0013872
5 357 0.287885 0.00253514
5 111 0.286739 0.00483114
0 778 0.254657 -0.0100927
5 778 0.313091 0.00483114
5 112 0.323403 0.00712714
0 779 0.255803 -0.00779674
5 779 0.311946 0.00942309
5 608 0.314237 0.0105711
5 609 0.31882 0.0105711
5 360 0.306904 0.0169998
0 780 0.252366 0.0013872
5 780 0.309654 0.017459
5 114 0.3108 0.020903
5 611 0.3108 0.023199
5 115 0.324549 0.0266429
5 485 0.319966 0.0289389
0 781 0.234033 0.0289389
5 781 0.286739 0.0461587
5 118 0.0988329 0.0277909
5 366 0.0942498 0.0656745
5 124 0.112391 0.0972442
0 782 -0.048971 0.101262
5 782 0.0106088 0.0966702
0 783 0.0495649 0.10241
5 783 0.110291 0.103558
5 125 0.130914 0.120319
5 131 0.0678972 0.133406
5 617 0.137789 0.152922
5 619 0.367401 -0.0739209
5 139 0.320653 -0.0739209
0 784 0.306904 -0.0876967
5 784 0.368776 -0.0711657
5 370 0.305529 -0.0697881
5 141 0.327528 -0.0684105
5 371 0.251907 -0.0662064
5 372 0.29728 -0.0656553
5 621 0.00579661 -0.0670329
5 142 0.352277 -0.0573898
5 622 0.287655 -0.0587674
0 785 -0.0492002 -0.0670329
5 785 -0.000527985 -0.061247
5 145 0.346777 -0.0518795
5 146 -0.0368259 -0.061247
5 374 0.346777 -0.0477467
5 148 0.0250455 -0.0560122
5 491 0.293155 -0.0491243
5 375 -0.0285764 -0.0573898
5 376 0.0291703 -0.0546346
5 624 0.0442944 -0.0518795
5 377 0.284906 -0.044716
0 786 -0.0203269 -0.0560122
5 786 0.0291703 -0.0505019
5 378 0.283531 -0.0408588
5 627 0.301405 -0.0381036
5 379 0.290405 -0.036726
5 629 0.275281 -0.036726
5 630 -0.00657766 -0.0298381
5 381 0.301405 -0.0146847
5 632 0.293155 -0.0133071
5 156 0.302779 -0.0119295
0 787 0.247783 -0.0270829
5 787 0.305529 -0.0119295
5 383 0.335778 -0.00228639
5 157 0.30003 -0.00228639
0 788 0.218909 -0.0160623
5 788 0.275006 -0.0017353
5 634 0.29728 0.000468791
5 159 0.301405 0.000468791
5 163 0.317904 0.0101119
5 493 0.309654 0.0114895
5 165 0.304154 0.0156223
5 384 0.311029 0.0183774
0 789 0.269781 0.00322397
5 789 0.327528 0.019755
0 790 0.214785 0.00460156
5 790 0.265657 0.0225101
0 791 0.268406 0.00735673
5 791 0.323403 0.0252653
5 636 0.312404 0.0266429
5 494 0.320653 0.0266429
0 792 0.264282 0.0266429
5 792 0.319279 0.0459291
0 793 0.234033 0.0280205
5 793 0.28628 0.0459291
5 172 0.309654 0.0473067
5 498 0.105066 0.0809199
5 387 0.0937915 0.0845016
0 794 -0.00932751 0.0886343
5 794 0.0489691 0.0875323
5 499 0.110291 0.0913894
0 795 -0.0244516 0.0968998
5 795 0.0346699 0.0941446
5 390 0.139164 0.128584
5 179 0.0737177 0.133819
5 646 0.0588686 -0.471217
5 647 0.367401 -0.0744719
0 796 0.306354 -0.0876967
5 796 0.369051 -0.0711656
5 184 0.306354 -0.0695126
5 185 0.327803 -0.0678594
5 190 0.288205 -0.0579408
0 797 -0.0450754 -0.0662064
5 797 0.00442172 -0.061247
5 395 0.270056 -0.0529815
5 506 0.0258705 -0.0562878
5 194 0.293155 -0.0480222
5 195 0.337702 -0.0463691
0 798 -0.0846731 -0.0562878
5 798 -0.035176 -0.0529815
5 650 0.271706 -0.044716
5 198 0.309654 -0.0397567
5 200 0.301405 -0.0381036
5 508 0.289855 -0.0364505
5 652 0.266097 -0.0268624
5 203 0.349252 -0.0182664
5 398 0.306354 -0.0199194
0 799 -0.102822 -0.028185
5 799 -0.0566247 -0.0248788
5 509 0.278306 -0.0083477
5 207 0.311304 -8.22329e-05
5 400 0.306354 0.0015709
5 402 0.287875 0.0048771
0 800 0.243658 -0.0100008
5 800 0.301405 0.0048771
5 403 0.311304 0.0048771
5 208 0.322853 0.00653023
5 209 0.314604 0.0081833
5 654 0.334403 0.0081833
5 210 0.319554 0.00983643
0 801 0.235408 -0.00338843
5 801 0.291505 0.0114895
5 211 0.327803 0.0131426
0 802 0.273356 0.0015709
5 802 0.329453 0.019755
0 803 0.250258 0.00322397
5 803 0.308004 0.0181019
5 513 0.301405 0.0280206
5 657 0.322853 0.0395923
5 515 0.135039 0.0252653
0 804 0.265107 0.0280206
5 804 0.319554 0.0462047
5 215 0.309654 0.0478578
0 805 0.240358 0.0329798
5 805 0.293155 0.051164
5 405 0.303054 0.051164
5 659 0.03412 0.0495109
0 806 0.0242206 0.0643888
5 806 0.0902168 0.0610826
0 807 0.0258705 0.0693481
5 807 0.0902168 0.0660419
0 808 0.0275204 0.0842261
5 808 0.0910417 0.0817464
5 660 0.0483092 0.0901773
5 218 0.110016 0.0924916
5 661 0.111666 0.0974509
0 809 0.0621684 0.125554
5 809 0.118265 0.130513
0 810 0.086917 0.135472
5 810 0.143289 0.140983
0 811 -0.053325 0.156963
5 811 0.00277182 0.153656
0 812 -0.00316783 -0.514859
5 812 0.0542489 -0.495021
0 813 0.303715 -0.0923254
5 813 0.367071 -0.0764556
5 518 0.317574 -0.0744718
0 814 0.287875 -0.0883579
5 814 0.351232 -0.0724881
5 666 0.305694 -0.0705044
5 225 0.327473 -0.0685207
0 815 0.311634 -0.0724881
5 815 0.37301 -0.0546346
5 412 0.281936 -0.058602
0 816 0.246298 -0.0685207
5 816 0.307674 -0.0546346
5 520 0.345292 -0.0526509
0 817 -0.0209868 -0.0645532
5 817 0.0285103 -0.058602
5 229 0.270056 -0.0526509
5 525 0.283916 -0.0466997
5 669 0.274016 -0.0387648
0 818 0.301735 -0.0486834
5 818 0.362636 -0.0317027
0 819 -0.0447454 -0.0367811
5 819 0.00277185 -0.0308299
0 820 0.244318 -0.0288462
5 820 0.303715 -0.0149601
5 674 0.335393 -0.00305777
5 236 0.297775 -0.00305777
5 417 0.311634 -0.00107404
5 531 0.309654 0.0048771
5 238 0.315594 0.00686083
5 239 0.317574 0.0108283
5 419 0.325493 0.012812
5 240 0.305694 0.0167795
5 532 0.311634 0.0207469
5 675 0.319554 0.0247144
0 821 0.00277185 0.0227306
5 821 0.0700879 0.0167795
5 420 0.0740477 0.0187632
5 677 0.317574 0.0445516
5 533 0.309654 0.0465353
5 678 0.303715 0.0505028
0 822 0.0403897 0.0445516
5 822 0.107706 0.0405842
5 680 0.0285103 0.0445516
0 823 -0.0506851 0.10208
5 823 0.0106914 0.0961284
5 683 0.107706 0.106047
0 824 0.0641483 0.111998
5 824 0.121565 0.115966
0 825 0.0740477 0.115966
5 825 0.131464 0.119933
5 253 0.0997862 0.127868
5 425 0.131464 0.143738
0 826 0.275204 -0.10026
5 826 0.339352 -0.0859774
0 827 0.218183 -0.0978797
5 827 0.279956 -0.0859774
5 427 -0.00039593 -0.0835969
5 688 0.370239 -0.0716946
0 828 0.230063 -0.0835969
5 828 0.291835 -0.0716946
5 689 -0.00039593 -0.0645532
5 264 0.372615 -0.0550313
5 429 0.282332 -0.0574118
5 539 0.308466 -0.0550313
5 430 0.325097 -0.0550313
5 265 -0.0384098 -0.0621727
5 268 0.291835 -0.0478899
5 431 0.325097 -0.0502703
5 269 0.336977 -0.0478899
0 829 0.284708 -0.0621727
5 829 0.34648 -0.0455094
5 270 -0.0360339 -0.0550313
0 830 0.20868 -0.0574118
5 830 0.270452 -0.0455094
5 540 0.275204 -0.0407485
0 831 -0.114437 -0.0431289
5 831 -0.0716718 -0.038368
5 272 0.0399937 -0.0407485
0 832 0.20868 -0.0407485
5 832 0.265701 -0.0264657
0 833 -0.0217787 -0.0359875
5 833 0.0347668 -0.0345593
0 834 -0.102558 -0.0288461
5 834 -0.0574166 -0.0240852
5 275 0.313218 -0.000280524
5 545 0.289459 0.00448046
5 276 0.308466 0.00686089
5 277 0.315594 0.00686089
5 278 0.325097 0.0116219
5 698 0.27758 0.0306656
5 546 0.07088 0.0163828
5 699 0.282332 0.0401875
0 835 0.263325 0.0259047
5 835 0.31797 0.0449484
0 836 0.256197 0.0282851
5 836 0.308466 0.0473289
5 437 0.120773 0.0497094
5 548 0.0328662 0.0497094
5 284 0.106518 0.0806554
0 837 0.0494972 0.0901773
5 837 0.11127 0.0901773
5 702 0.00910752 0.0973187
0 838 0.0304903 0.10208
5 838 0.0922627 0.0996992
5 703 0.0205117 0.108269
0 839 0.0756317 0.111602
5 839 0.132652 0.113982
0 840 -0.0312822 0.113982
5 840 0.0257386 0.111602
5 286 0.13978 0.118743
0 841 0.0803834 0.133026
5 841 0.137404 0.137787
5 550 0.365487 -0.0745511
5 705 0.371189 -0.068838
5 440 0.308466 -0.0716946
5 553 0.328424 -0.068838
0 842 -0.0479132 -0.0716946
5 842 0.000554417 -0.0659814
5 706 0.348381 -0.0574118
5 554 0.325573 -0.0545552
0 843 -0.0878277 -0.0659814
5 843 -0.0393601 -0.0631249
5 296 0.336977 -0.0488421
5 709 -0.0365091 -0.0545552
5 712 0.268552 -0.0402723
5 713 -0.0735725 -0.0374158
0 844 0.20868 -0.0402723
5 844 0.265701 -0.0259896
0 845 0.288509 -0.0345593
5 845 0.348381 -0.0174199
5 715 0.314168 -0.0145633
5 299 0.336977 -0.00885015
0 846 0.274254 -0.0117067
5 846 0.331275 0.00543267
5 561 0.322721 0.0140024
5 444 0.265701 0.022572
5 445 0.0718303 0.0168589
0 847 0.231488 0.022572
5 847 0.282807 0.0397114
0 848 0.0661283 0.0282851
5 848 0.134553 0.0254286
5 447 0.120298 0.0511377
5 307 0.100341 0.0654204
5 719 0.108894 0.0825599
5 721 0.0262137 0.111125
0 849 0.0547241 0.119695
5 849 0.111745 0.122552
5 563 0.111745 0.133978
5 728 0.254867 -0.0722659
0 850 -0.0872575 -0.0654101
5 850 -0.0393601 -0.0619822
0 851 -0.0769938 -0.0551265
5 851 -0.0290963 -0.0516986
5 319 0.306185 -0.041415
0 852 0.261709 0.00314742
5 852 0.316449 0.0202868
0 853 0.213812 0.0065753
5 853 0.265131 0.0237147
5 737 0.316449 0.040854
0 854 0.059856 0.0477098
5 854 0.128281 0.0442819
0 855 -0.0188326 0.0614213
5 855 0.0427498 0.0579935
5 455 0.0906471 0.0614213
5 325 0.0974897 0.0888443
5 738 0.131702 0.102556
5 740 0.107753 0.109412
5 572 0.0188011 0.109412
0 856 0.0530135 0.119695
5 856 0.111175 0.119695
0 857 0.0701197 0.119695
5 857 0.128281 0.123123
5 744 0.114596 0.133407
5 745 0.128281 0.14369
0 858 -0.0427813 0.153974
5 858 0.0153798 0.150546
6 578 0.220284 0.076236
6 16 0.306904 0.13685
6 18 0.278527 0.131684
6 22 0.0358157 -0.0169806
6 41 0.246064 0.14986
6 764 0.26707 0.17856
6 470 0.257522 0.176647
6 55 0.248928 0.17856
6 765 0.253511 0.181621
6 56 0.250838 0.18717
6 359 0.244345 0.178177
6 780 0.250838 0.180473
6 114 0.250838 0.1843
6 136 -0.0230767 0.260833
6 371 0.220559 0.0743075
6 623 0.222209 0.10241
6 151 0.294805 0.140432
6 188 0.258177 0.100096
6 189 0.312954 0.133819
6 798 -0.0203269 -0.0399404
6 803 0.249158 0.180933
6 213 0.25122 0.189657
6 411 0.0266496 -0.0548643
0 859 0.234418 -0.0784393
6 859 0.256197 0.0996992
6 233 0.254217 0.133819
6 531 0.253557 0.170187
6 532 0.250258 0.186718
0 860 0.246694 -0.00504145
6 860 0.244318 0.175477
6 443 0.24907 0.15207
7 753 0.0381072 -0.0410884
7 13 0.356821 0.102027
7 331 0.292849 0.109681
7 30 0.298578 0.111594
7 33 0.282347 0.106811
0 861 0.26325 -0.00894474
7 861 0.310036 0.14986
7 607 0.302398 0.14125
7 609 0.309654 0.149478
0 862 0.256949 -0.000908798
7 862 0.30003 0.156136
0 863 0.192786 -0.083564
7 863 0.258507 0.0561233
7 190 0.285896 0.0842261
0 864 -0.018677 -0.0645532
7 864 -0.00910749 -0.0328136
7 798 -0.010015 -0.0319045
7 403 0.301405 0.146493
7 209 0.304154 0.150626
7 817 -0.00989941 -0.0336071
7 233 0.297775 0.110014
7 669 0.268077 0.0981121
7 670 0.272828 0.10208
0 865 0.309654 -0.0169438
7 865 0.361131 0.123901
7 689 0.0285103 -0.0328136
7 829 0.34724 0.112839
7 434 0.301339 0.109221
7 692 0.293815 0.129852
7 275 0.303715 0.142548
0 866 0.246694 -0.0145633
7 866 0.295795 0.13977
7 282 0.282332 0.175874
7 292 0.259999 0.0568508
7 293 0.292501 0.0717049
7 708 0.325573 0.108269
0 867 -0.0701513 -0.0585543
7 867 0.0119586 -0.0259896
0 868 0.251446 -0.041415
7 868 0.302764 0.123123
0 869 0.353002 -0.364821
8 869 0.284906 0.0379392
8 578 0.184765 0.0105711
8 12 0.214555 0.0323829
8 13 0.285211 0.0436714
8 18 0.252748 0.0494113
8 22 -0.0327394 -0.0452977
8 23 -0.0384682 -0.044341
8 27 -0.0327394 -0.0405144
8 28 -0.0375134 -0.0376444
8 331 0.224103 0.0570646
8 33 0.212646 0.0551513
8 38 0.226013 0.0733278
8 336 0.234033 0.0920783
8 469 0.245109 0.0962875
8 77 0.284256 0.0455847
8 776 -0.0604287 -0.0674921
8 349 0.252366 0.0496027
8 81 -0.0386591 -0.0445323
8 82 -0.0327012 -0.0449916
8 93 0.212264 0.0553426
0 870 -0.048971 -0.0296085
8 870 -0.0632932 -0.0271212
8 357 0.211691 0.0828943
8 111 0.209781 0.0848076
8 778 0.234033 0.0943742
8 779 0.234606 0.0943742
8 609 0.240908 0.0966702
8 113 0.233651 0.0962875
8 359 0.222576 0.101262
8 780 0.228877 0.103941
8 619 0.306904 0.0266429
8 622 0.21396 0.0329798
8 145 0.278306 0.0495109
8 147 0.251907 0.0500619
8 374 0.278306 0.0528171
0 871 -0.0450754 -0.0257053
8 871 -0.0360339 -0.0478899
8 158 0.234033 0.0886343
8 634 0.218909 0.083124
8 635 0.208827 0.086721
8 384 0.231284 0.105165
8 189 0.284906 0.0445516
8 198 0.230459 0.0577764
8 200 0.223859 0.0577764
8 402 0.209285 0.0845016
8 208 0.248608 0.0941447
8 210 0.242008 0.0957978
8 211 0.250258 0.100757
0 872 0.266757 0.00983643
8 872 0.242008 0.115635
8 513 0.218909 0.112053
8 518 0.251446 0.0211437
8 224 0.222935 0.0187633
8 226 0.184921 0.00686089
8 227 0.24907 0.0306656
0 873 0.262137 -0.0685207
8 873 0.251446 0.0449484
0 874 0.277976 -0.0625695
8 874 0.270056 0.0524865
8 233 0.230459 0.056454
0 875 0.228479 -0.0506672
8 875 0.21066 0.0544702
8 820 0.226499 0.0762912
8 417 0.234418 0.0881935
8 418 0.225509 0.0875323
8 240 0.225509 0.100757
8 268 0.217233 0.0454245
0 876 0.244318 0.0116219
8 876 0.218183 0.111602
8 547 0.244318 0.119933
8 843 -0.101485 -0.0682575
8 443 0.225786 0.0768467
0 877 -0.129175 -0.426047
9 877 0.00545287 0.244569
9 10 0.187286 -0.000908798
9 12 0.180182 0.00712714
9 17 0.161086 0.014015
9 18 0.218375 0.0149717
9 463 -0.144452 -0.0118147
9 25 -0.15209 -0.0099014
9 466 -0.154 -0.00798808
9 29 0.177318 0.0245383
9 760 -0.171568 0.0114895
9 588 0.21341 0.0817464
9 470 0.205962 0.0656745
9 77 0.244154 0.00636177
9 602 0.16185 0.014015
0 878 -0.0810525 -0.0548643
9 878 -0.148271 -0.00703143
9 93 0.182474 0.0300869
9 100 0.19355 0.044628
9 870 -0.115426 0.016311
9 605 -0.170193 0.0169998
9 357 0.179228 0.0570646
9 358 0.178273 0.0608912
9 609 0.209781 0.0628045
9 863 0.144664 -0.00641915
9 143 0.174362 0.00983643
9 145 0.239533 0.0114895
9 146 -0.153236 -0.0135367
9 623 0.161163 0.0131426
9 150 0.22945 0.017459
9 151 0.231284 0.0169998
9 628 0.19966 0.0289389
9 633 0.235561 0.0455847
9 158 0.203785 0.0569498
9 384 0.203785 0.0721033
9 173 0.185911 0.0974509
9 190 0.180962 0.00686083
9 504 0.175022 0.00884456
0 879 0.278306 -0.0629002
9 879 0.232109 0.0164488
9 195 0.228809 0.0181019
9 197 0.177662 0.0214082
9 199 0.20736 0.0809199
9 508 0.181786 0.0293981
9 204 0.187286 0.0473067
9 400 0.198285 0.0583274
9 402 0.179312 0.0594295
9 403 0.20241 0.0610826
0 880 -0.0219768 0.0776136
9 880 -0.0661576 0.201137
9 227 0.21264 -0.00107404
9 859 0.189673 -0.000280524
9 873 0.216599 0.0108283
9 520 0.238378 0.0108283
9 230 0.187297 0.0187633
9 522 0.216599 0.0167795
9 413 0.228479 0.0167795
9 668 -0.150669 -0.00669463
9 233 0.20076 0.0266981
9 528 0.232439 0.0445516
9 418 0.196801 0.0584377
9 238 0.2067 0.0604214
9 239 0.21066 0.0643888
9 262 0.144532 -0.00742194
9 429 0.173042 0.00924138
9 432 0.256197 0.0187632
9 691 -0.104934 -0.000280524
0 881 0.222935 -0.0502703
9 881 0.175022 0.0266981
9 693 0.187297 0.0544703
9 278 0.216599 0.0663726
9 550 0.254297 -0.0174199
9 553 0.220084 -0.00313707
9 843 -0.153639 -0.0129764
9 295 0.185872 0.0168589
9 708 0.217233 0.0111458
0 882 0.257148 -0.0145633
9 882 0.206304 0.0568508
0 883 0.292501 -0.0756937
9 883 0.245743 0.00257608
0 884 0.289079 -0.0345592
9 884 0.240041 0.0397114
9 454 0.186442 0.0442819
10 751 -0.0967114 -0.425091
10 458 0.107617 -0.309335
10 10 0.219138 -0.0410884
10 12 0.210736 -0.0338178
10 20 -0.12822 -0.0491243
10 580 -0.125356 -0.0481677
10 22 -0.0575643 -0.0452977
10 329 0.196414 -0.0232946
10 23 -0.0623384 -0.044341
0 885 -0.0776152 -0.0596476
10 885 -0.120582 -0.0462544
10 466 -0.131084 -0.0433844
10 26 -0.0594739 -0.0395578
10 27 -0.0566095 -0.0405144
10 28 -0.0604287 -0.0366878
10 29 0.207872 -0.0156413
10 759 -0.0728412 -0.0204246
10 42 -0.0279653 -0.0271212
0 886 -0.000275968 -0.0252079
10 886 -0.0363676 -0.00550074
10 53 0.208827 0.0207116
10 762 0.233651 0.0254949
0 887 0.258476 -0.00416145
10 887 0.234606 0.0293215
0 888 -0.0222365 0.0771544
10 888 -0.0317846 0.150817
10 344 0.0675153 0.209173
10 772 -0.0599246 -0.300947
10 71 0.251907 -0.043614
10 74 0.220284 -0.0394812
10 77 0.275281 -0.0330524
10 349 0.248928 -0.0238686
10 79 -0.0546999 -0.0479763
0 889 -0.0776152 -0.0594562
10 889 -0.120009 -0.0456803
10 84 -0.130321 -0.0433844
10 86 -0.125737 -0.0410884
10 878 -0.125356 -0.0414711
10 88 -0.0604287 -0.0376444
10 89 0.230787 -0.0118147
10 91 0.226013 -0.0118147
10 92 -0.0615745 -0.0342004
10 93 0.21341 -0.0100927
10 870 -0.0913644 -0.0169806
10 106 0.224103 0.0111451
0 890 -0.0283473 -0.0238686
10 890 -0.033658 0.0539942
10 109 0.22143 0.017459
10 484 0.210736 0.019755
10 112 0.244154 0.0226249
10 358 0.206917 0.0235816
10 609 0.238426 0.0264516
10 486 0.195536 0.0390412
10 364 0.0235942 0.14986
10 367 0.0209207 0.163024
10 125 0.0621684 0.180473
0 891 0.0827921 0.127666
10 891 0.0713345 0.190805
10 136 0.0667514 0.209173
10 142 0.275281 -0.0339709
10 150 0.260157 -0.0229502
10 151 0.262907 -0.0229502
10 376 -0.0588246 -0.043614
10 625 -0.130321 -0.043614
10 157 0.220284 0.0169998
10 160 0.227159 0.019755
0 892 0.271156 -0.00917433
10 892 0.247783 0.0238877
10 636 0.231742 0.0392708
10 168 0.233651 0.0427147
10 793 0.20571 0.0544702
0 893 0.0291703 0.0693481
10 893 0.0266496 0.150626
10 177 0.0232123 0.152922
10 499 0.0438361 0.167846
0 894 0.0731677 0.138227
10 894 0.0621684 0.202974
10 184 0.230459 -0.0427322
10 185 0.251907 -0.0430629
0 895 0.263457 -0.0678594
10 895 0.248608 -0.028185
10 395 0.192841 -0.0268624
10 192 0.256857 -0.0232256
10 879 0.263457 -0.0232256
0 896 0.237058 -0.059594
10 896 0.223034 -0.0188174
10 798 -0.129221 -0.0430629
10 200 0.225509 -0.011654
10 204 0.216159 0.00873432
10 402 0.20868 0.0227306
10 800 0.222539 0.0247144
10 208 0.243658 0.0230612
10 656 0.182941 0.0227306
0 897 0.258507 0.0114895
10 897 0.232659 0.043174
10 514 0.194821 0.0386004
10 805 0.21264 0.0604214
10 405 0.220559 0.0610826
10 659 -0.035451 0.135472
0 898 0.0456693 0.082573
10 898 0.0415445 0.160958
10 859 0.220559 -0.0407485
10 228 -0.0896228 -0.0562878
10 873 0.248278 -0.0288462
10 230 0.218579 -0.0209113
10 668 -0.127901 -0.0427322
0 899 0.287875 -0.0367811
10 899 0.270056 0.000909691
0 900 -0.0289063 -0.0248788
10 900 -0.034846 0.0524865
10 238 0.235408 0.0247144
0 901 -0.0289063 0.0544702
10 901 -0.035176 0.135472
0 902 0.0245506 0.0663726
10 902 0.0242206 0.152003
10 422 -0.0328661 0.149689
10 686 -0.0395758 0.196086
0 903 0.0799874 0.133819
10 903 0.069043 0.200219
10 425 0.0641483 0.207217
10 256 -0.0665242 0.227054
10 828 0.217233 -0.0459855
10 430 0.24907 -0.0288461
0 904 -0.0550408 -0.0669337
10 904 -0.0963808 -0.0545552
10 268 0.218183 -0.0217047
10 269 0.258573 -0.0240852
10 434 0.232439 -0.0145633
10 881 0.2067 -0.0129764
0 905 -0.0241546 -0.0240852
10 905 -0.0890729 -0.0548643
10 545 0.20868 0.022572
10 278 0.246298 0.0286818
10 548 -0.034846 0.135803
0 906 -0.0507642 -0.0859773
10 906 -0.0906787 -0.068838
10 297 0.268077 -0.0240852
10 709 -0.128693 -0.0431289
10 882 0.234815 0.0187633
10 846 0.251446 0.0211437
10 316 0.213812 -0.0448428
10 319 0.230918 -0.0139919
0 907 0.0153798 0.068277
10 907 0.0119586 0.150546
0 908 -0.00218558 -0.510233
11 908 -0.0168896 -0.550795
0 909 0.00163364 -0.492056
11 909 -0.0136433 -0.530323
11 750 0.0331422 -0.526496
11 751 -0.0499259 -0.372474
11 461 0.291322 -0.0273125
11 13 0.342499 -0.0213813
11 16 0.337725 -0.016598
0 910 -0.0890729 -0.0634742
11 910 -0.0566095 -0.0261646
11 20 -0.0546999 -0.0261646
11 580 -0.0508807 -0.0261646
11 22 0.0150009 -0.0242513
11 23 0.0106088 -0.0227206
11 330 0.329132 -0.0108581
11 466 -0.0566095 -0.0204246
11 26 0.0130913 -0.0185113
11 28 0.0121365 -0.0156413
11 29 0.278527 -0.0032048
11 38 0.297623 0.014015
0 911 0.240335 -0.0299912
11 911 0.292849 0.0187983
11 587 0.29094 0.0293215
11 50 0.287121 0.0312349
11 589 0.276618 0.0369748
11 341 0.11812 0.153687
11 593 0.147413 0.179555
0 912 -0.00505 0.122117
11 912 0.0717928 0.196086
11 477 0.0539188 0.202974
11 70 0.28903 -0.0339709
11 77 0.342881 -0.0215726
11 600 -0.0134523 -0.0307565
11 349 0.318629 -0.0127714
11 603 -0.0524083 -0.0250166
11 82 0.0151919 -0.0238686
11 84 -0.0569914 -0.0204246
11 85 0.0140462 -0.0181286
0 913 -0.0856356 -0.0548643
11 913 -0.0546999 -0.0185113
11 86 -0.0524083 -0.0181286
11 88 0.0129004 -0.0158326
11 92 0.0117546 -0.0123887
11 93 0.284447 0.0013872
11 605 -0.0780735 0.00653023
0 914 0.234033 -0.0273125
11 914 0.286166 0.0216683
11 111 0.276427 0.0346789
11 112 0.310991 0.0341048
11 358 0.276427 0.0369748
11 609 0.307172 0.0388881
11 780 0.298578 0.0465414
11 486 0.261341 0.0522813
11 364 0.12003 0.15273
0 915 0.0266496 0.0645266
11 915 0.122894 0.152922
0 916 0.0289411 0.0668225
11 916 0.124804 0.154644
11 365 0.119075 0.156557
0 917 -0.00886919 0.0886343
11 917 0.0713345 0.166123
11 126 0.11579 0.198841
11 132 0.0988329 0.209173
11 136 0.157267 0.214913
11 370 0.30003 -0.0298381
11 372 0.290405 -0.0270829
11 146 -0.053325 -0.0257053
11 147 0.317674 -0.0123887
11 150 0.329132 -0.0100927
11 151 0.331424 -0.0112407
11 375 -0.0450754 -0.0229502
11 376 0.0140462 -0.0229502
11 377 0.278306 -0.00669463
11 492 -0.053325 -0.0188174
11 628 0.300488 -0.000908798
11 632 0.285593 0.020903
11 157 0.28903 0.0293981
11 635 0.276656 0.0376636
11 163 0.305529 0.036286
11 636 0.301443 0.0541946
0 918 0.261532 0.0114895
11 918 0.306217 0.0553426
11 169 0.308508 0.0564906
11 793 0.273356 0.067695
11 498 0.133397 0.165167
11 794 0.0724803 0.166698
11 393 0.312954 -0.0364505
11 182 0.339902 -0.0381036
11 185 0.319554 -0.0314912
11 190 0.281606 -0.0215726
11 895 0.317904 -0.0166132
11 507 0.316529 -0.0119295
11 198 0.301405 -0.0017353
11 200 0.294805 -8.22329e-05
11 203 0.254657 -0.0548643
11 402 0.276656 0.034633
11 897 0.301405 0.0541946
0 919 0.261807 0.0114895
11 919 0.305529 0.0555722
11 214 0.116615 0.117288
11 222 0.100116 0.209862
0 920 0.20076 -0.10026
11 920 0.251446 -0.0545552
11 518 0.311634 -0.0367811
11 666 0.299755 -0.0308299
11 225 0.319554 -0.0308299
11 227 0.311634 -0.0288462
11 228 -0.0130672 -0.0308299
11 873 0.317574 -0.0169438
11 522 0.315594 -0.0109926
11 524 -0.0450754 -0.0215726
11 233 0.301735 -0.00305777
11 418 0.296455 0.0329798
11 238 0.304704 0.0362861
11 421 0.279956 0.0743075
11 260 0.341728 -0.038368
11 828 0.285658 -0.0317027
11 429 0.275204 -0.0193243
11 881 0.275996 -0.00107404
11 698 0.263325 0.0520898
11 548 0.0601885 0.13977
11 552 0.342679 -0.0374158
0 921 0.257148 -0.0802643
11 921 0.313218 -0.0288461
11 555 0.265131 -0.0139919
11 295 0.288509 -0.0117067
11 710 -0.0431615 -0.0217047
11 847 0.270452 0.0616117
11 306 0.120773 0.15445
11 307 0.127901 0.15445
11 562 0.0732558 0.168733
11 724 0.123149 0.202535
0 922 -0.0872575 -0.0585543
11 922 -0.0536153 -0.0202764
11 851 -0.0450622 -0.0174199
11 325 0.12486 0.171113
0 923 -0.00514764 0.0922722
11 923 0.0735409 0.167685
12 909 -0.0403778 -0.44805
12 750 0.00258845 -0.449007
12 574 -0.155909 -0.324642
12 0 -0.176915 -0.295942
12 751 -0.0613835 -0.302638
0 924 -0.120582 -0.295942
12 924 -0.15209 -0.247152
0 925 0.220284 -0.0960005
12 925 0.319584 -0.0625175
12 8 0.334861 -0.0548643
12 10 0.333906 -0.0491243
12 20 0.0130913 -0.00129148
12 580 0.0150009 -0.00129148
12 23 0.0732441 -0.00607477
12 466 0.00927209 0.00444846
12 28 0.0751537 -0.000334827
12 32 0.0741989 0.00444846
12 33 0.331996 -0.0204246
12 587 0.339635 0.00540511
12 51 0.330087 0.00923174
12 53 0.327222 0.0111451
12 589 0.326268 0.0149717
0 926 -0.00886922 0.0886343
12 926 0.184536 0.149248
12 73 0.334861 -0.0491243
12 76 0.327986 -0.0410884
12 602 0.3108 -0.0319045
12 349 0.360641 -0.0376444
12 80 0.315383 -0.0307565
12 84 0.00946306 0.00483114
12 85 0.0761085 -0.00224814
0 927 -0.0180353 -0.0560122
12 927 0.0780181 -0.0032048
12 913 0.0111817 0.00636177
12 351 0.325695 -0.0238686
12 100 0.342499 -0.00607477
12 108 0.355867 0.00253514
12 355 0.336771 0.00827509
12 484 0.330278 0.00942309
12 357 0.326841 0.0105711
12 111 0.326153 0.0128671
12 112 0.356821 0.00923174
12 358 0.326841 0.015163
12 780 0.347273 0.0216683
12 618 -0.0450754 -0.466533
12 143 0.323403 -0.0381036
12 146 0.0112963 -0.00228639
12 623 0.311029 -0.0325933
12 376 0.073626 -0.00664874
12 786 0.0770633 -0.0020568
12 492 0.0140462 0.00712714
0 928 -0.0230767 -0.0505019
12 928 0.0747718 0.00368314
12 892 0.361214 0.00942309
12 171 0.322028 0.043174
12 172 0.345173 0.0450107
12 190 0.327803 -0.0414098
12 504 0.322853 -0.0381036
12 895 0.360526 -0.0408588
12 195 0.370151 -0.036726
12 896 0.339352 -0.0314912
12 798 0.0126713 0.0048771
12 651 0.316529 -0.020195
12 508 0.331103 -0.0215726
12 204 0.335778 -0.00228639
12 403 0.348152 0.0114895
12 209 0.353652 0.0114895
12 211 0.360526 0.0142447
12 217 0.237058 0.0957978
12 405 0.341277 0.0486843
12 227 0.353212 -0.0526509
12 859 0.333413 -0.0486834
12 873 0.359151 -0.0414098
12 229 0.311634 -0.0328136
12 522 0.360801 -0.0364505
12 668 0.0126713 0.0048771
12 418 0.345952 0.0081833
12 533 0.345952 0.0445516
12 678 0.341002 0.0478578
12 257 -0.0467253 -0.469233
0 929 -0.0526649 -0.228806
12 929 0.0427498 -0.161391
12 427 0.0494972 -0.0288461
12 260 0.37499 -0.0645532
12 828 0.327473 -0.0526508
12 435 0.248278 0.104063
12 441 0.348381 -0.0402723
12 297 0.37499 -0.038368
12 314 0.046171 -0.0277035
12 451 0.348381 -0.0574118
0 930 0.282237 -0.0619822
12 930 0.376891 -0.0374158
0 931 0.0290648 0.0305704
12 931 0.225786 0.0911296
13 5 0.259431 -0.0720841
13 9 0.266115 -0.0673008
13 10 0.238426 -0.0634742
13 12 0.229832 -0.0558209
13 13 0.288075 -0.0586909
13 462 -0.0928921 -0.0366878
13 17 0.212646 -0.0481677
13 18 0.266115 -0.050081
13 19 0.284256 -0.0510376
13 910 -0.0928921 -0.0338178
13 20 -0.0900277 -0.0347745
13 580 -0.0881181 -0.0347745
13 22 -0.0241461 -0.0357311
13 329 0.216465 -0.0452977
13 23 -0.0279653 -0.0347745
13 25 -0.0900277 -0.0309478
13 885 -0.0833441 -0.0319045
13 466 -0.0938469 -0.0290345
13 28 -0.0260557 -0.0280779
13 29 0.227923 -0.0386011
13 583 -0.0512626 -0.0250166
13 31 -0.0270105 -0.0252079
13 33 0.233651 -0.0338178
13 584 -0.0594739 -0.00894474
13 759 -0.0386591 -0.00779674
13 40 0.252748 -0.019468
13 585 -0.0556547 -0.00224814
13 44 0.245109 -0.0146847
13 47 0.247019 -0.0127714
13 48 0.26325 -0.00894474
13 50 0.24129 -0.00224814
13 51 0.234606 -0.000334827
13 590 0.258476 0.0034918
13 763 0.261341 0.00444846
13 54 0.269934 0.00636177
0 932 0.268979 0.00636177
13 932 0.268024 0.016885
13 57 0.246064 0.0235816
13 474 0.238426 0.0312349
13 591 0.230596 0.0346789
13 912 0.0369615 0.151774
13 67 0.0346699 0.154758
13 479 0.0551028 0.160384
13 343 0.0942498 0.160384
13 345 0.280437 -0.0854773
13 774 0.221659 -0.0794312
13 69 0.25924 -0.0720841
13 71 0.266115 -0.0674921
13 73 0.236325 -0.0640482
0 933 0.193932 -0.076676
13 933 0.194161 -0.059594
13 76 0.230596 -0.0560122
13 77 0.28903 -0.0583082
13 78 0.251793 -0.0539076
13 347 0.284447 -0.0537163
13 348 -0.0925102 -0.0353484
13 602 0.21341 -0.0479763
13 603 -0.0890729 -0.0342004
13 350 0.277573 -0.0481677
13 889 -0.0833441 -0.0307565
13 84 -0.093656 -0.0284605
13 85 -0.0251009 -0.0299912
13 927 -0.0226184 -0.0307565
13 86 -0.0890729 -0.0261646
13 878 -0.0867814 -0.0261646
13 351 0.228305 -0.0376444
13 89 0.248928 -0.0376444
13 93 0.234033 -0.0342004
13 98 0.25122 -0.0215726
13 99 0.246064 -0.0204246
13 103 0.252748 -0.016598
13 605 -0.111072 0.0015709
13 107 0.263823 -0.00894474
13 108 0.258782 -0.00779674
13 355 0.242054 -0.0020568
13 356 0.247783 -0.0032048
13 357 0.231742 0.000239202
13 111 0.231742 0.00253514
13 112 0.26516 0.00062183
13 358 0.231742 0.00483114
13 779 0.255803 0.00368314
13 609 0.261532 0.00483114
13 359 0.247783 0.0117191
13 780 0.252366 0.0128671
0 934 0.245491 0.0117191
13 934 0.246637 0.023199
13 116 0.259431 0.0216683
13 362 0.253511 0.0381228
13 123 0.0358157 0.121926
13 130 0.0793549 0.156366
13 134 0.0942498 0.160958
13 136 0.120602 0.164402
13 489 0.275281 -0.083564
13 139 0.258782 -0.0725433
13 370 0.246408 -0.0656553
13 141 0.265657 -0.0670329
13 372 0.238158 -0.0629002
13 621 -0.0505751 -0.0463692
13 144 0.25122 -0.0537163
13 146 -0.0912727 -0.0347974
13 623 0.212035 -0.0477467
13 374 0.284447 -0.0502723
13 625 -0.0931977 -0.0284605
13 377 0.228534 -0.0422364
13 627 0.245491 -0.0364964
13 628 0.247783 -0.0381036
13 928 -0.0260557 -0.0250166
0 935 0.00304677 -0.0422364
13 935 -0.010015 -0.0192766
13 633 0.282347 -0.016598
13 158 0.254657 -0.00366397
13 634 0.240908 -0.00228639
13 159 0.245033 -0.00228639
13 161 0.254657 0.00184638
13 892 0.268406 0.00184638
13 635 0.231284 0.00460156
13 163 0.261532 0.00460156
13 164 0.250532 0.00873432
13 166 0.254657 0.016311
13 791 0.268406 0.017459
13 636 0.256949 0.019755
13 918 0.260386 0.020903
13 171 0.229909 0.0349084
13 173 0.238158 0.043174
0 936 0.0222957 0.0665929
13 936 0.0759176 0.0955222
0 937 0.0277953 0.0845016
13 937 0.0782091 0.112742
13 178 0.0346699 0.121696
13 388 0.098069 0.121161
0 938 -0.00520274 0.123074
13 938 0.0374198 0.152003
0 939 0.0827921 0.128584
13 939 0.125186 0.150626
13 180 0.0937915 0.160269
13 182 0.284906 -0.0739209
13 183 0.235408 -0.0678594
13 184 0.246958 -0.0662064
13 190 0.230459 -0.0546346
13 504 0.225509 -0.0529815
13 395 0.21231 -0.0480222
13 507 0.264282 -0.0491243
13 192 0.271706 -0.0496753
13 194 0.235408 -0.0463691
13 196 -0.0813733 -0.0314912
13 798 -0.0896228 -0.0265319
13 650 0.214785 -0.0408588
13 198 0.250258 -0.0381036
13 200 0.243658 -0.0364505
13 651 0.218909 -0.0339709
13 508 0.233758 -0.0347974
13 201 -0.0148272 -0.0215726
13 204 0.238708 -0.0149602
13 511 0.240358 -0.00338843
13 402 0.232439 0.00289342
13 800 0.245308 0.0015709
13 801 0.235408 0.0081833
13 213 0.256032 0.019755
13 872 0.263457 0.019755
13 897 0.258782 0.0211326
13 919 0.261532 0.0211326
13 805 0.238708 0.0428985
13 663 0.0539189 0.160269
13 222 0.0638183 0.161922
13 811 -0.001078 0.191953
13 518 0.256197 -0.0724881
13 224 0.234418 -0.0685207
13 859 0.238378 -0.0625695
13 412 0.224519 -0.0546346
13 816 0.250258 -0.0526509
13 873 0.264117 -0.0546346
13 229 0.21264 -0.0486834
13 522 0.264117 -0.0486834
13 525 0.228479 -0.0427322
13 820 0.246958 -0.0149602
13 241 0.203928 0.0163828
13 675 0.262137 0.0187632
0 940 0.228479 0.0227306
13 940 0.228809 0.034633
13 533 0.253557 0.0379392
13 421 0.238378 0.0425679
13 902 0.0803174 0.0957978
13 681 0.0186109 0.106047
13 422 0.018611 0.106841
13 248 0.0740477 0.115966
13 254 0.0542489 0.159608
0 941 0.291835 -0.107402
13 941 0.283916 -0.0923254
13 828 0.232439 -0.0669337
13 538 0.246694 -0.0669337
13 690 0.283916 -0.058602
13 429 0.225311 -0.0526508
13 430 0.265701 -0.0550313
13 266 0.213432 -0.0478899
13 431 0.263325 -0.0478899
13 269 0.274016 -0.0486834
13 434 0.24907 -0.0407485
0 942 0.287083 -0.0359875
13 942 0.285896 -0.0248788
13 275 0.254217 -0.0050415
13 545 0.232439 0.00209997
13 277 0.258177 0.000909691
13 278 0.266097 0.0048771
13 697 0.256197 0.0147958
13 698 0.220559 0.0247144
13 282 0.244318 0.0401875
13 700 0.23719 0.0425679
0 943 0.00910752 0.130645
13 943 0.0542489 0.159211
0 944 0.279956 -0.10026
13 944 0.275204 -0.0859774
13 921 0.258573 -0.0645532
13 441 0.251446 -0.0545552
13 297 0.284708 -0.0478899
13 710 -0.0792746 -0.0288461
13 714 0.240041 -0.0174199
0 945 0.257148 -0.00885015
13 945 0.258573 0.00209997
13 444 0.203548 0.0168589
13 847 0.227687 0.033046
13 306 0.0775324 0.0968427
13 719 0.0922627 0.109221
13 725 0.0547241 0.159687
13 315 0.210391 -0.068838
13 728 0.193284 -0.0654101
0 946 0.285658 -0.0756937
13 946 0.282237 -0.0619822
13 884 0.285658 -0.023133
13 454 0.237761 -0.0174198
13 734 0.104332 0.0202868
0 947 0.189863 -0.00713623
13 947 0.179599 0.0065753
0 948 -0.0119901 0.0751328
13 948 0.032486 0.105984
13 325 0.0860855 0.116839
13 743 0.0838047 0.147118
14 9 0.286166 -0.0519943
14 10 0.257522 -0.047211
14 12 0.251793 -0.0395578
14 17 0.236516 -0.0309478
14 20 -0.0623384 -0.0118147
14 28 0.00163364 -0.00703143
14 29 0.250838 -0.0223379
14 33 0.256567 -0.0185113
14 48 0.285211 0.00444846
14 51 0.255612 0.0121017
14 53 0.253702 0.0130584
14 589 0.252748 0.0178417
14 60 0.0675153 0.114464
14 64 0.0799277 0.145077
14 66 0.153448 0.15847
14 479 0.0999787 0.181621
14 344 0.162041 0.183343
14 70 0.25924 -0.0525683
14 71 0.286739 -0.0514203
14 76 0.252366 -0.0387924
14 77 0.307172 -0.044341
0 949 0.22143 -0.0709361
14 949 0.247783 -0.0376444
14 602 0.236325 -0.0307565
14 349 0.286166 -0.0347745
14 603 -0.0615745 -0.0112407
14 84 -0.0650118 -0.00550074
14 85 0.00354326 -0.0099014
14 86 -0.0615745 -0.0032048
14 351 0.25122 -0.0215726
14 89 0.270889 -0.0223379
0 950 0.247783 -0.0525683
14 950 0.272799 -0.0223379
14 99 0.268406 -0.00550074
14 100 0.26707 -0.0032048
14 914 0.260386 0.00062183
14 108 0.280437 0.00540511
14 355 0.26325 0.0111451
14 484 0.256949 0.0128671
14 357 0.254657 0.014015
14 778 0.275281 0.014015
14 112 0.285211 0.0130584
14 358 0.253511 0.017459
14 609 0.282347 0.016885
14 780 0.273753 0.0254949
14 915 0.126713 0.120204
14 366 0.128623 0.124031
14 130 0.123849 0.177603
14 370 0.268406 -0.0505019
14 372 0.260157 -0.0463692
14 622 0.251907 -0.0394812
14 143 0.247783 -0.036726
14 623 0.235408 -0.0312157
14 147 0.286739 -0.0353484
14 150 0.295905 -0.0330524
14 625 -0.0656993 -0.00504156
14 492 -0.0615745 -0.00366397
14 378 0.250532 -0.0215726
14 629 0.242054 -0.0181286
14 380 -0.0883029 0.0048771
14 157 0.264282 0.00873432
14 158 0.275281 0.00873432
0 951 0.251907 -0.0133071
14 951 0.275281 0.0114895
14 163 0.282156 0.017459
14 636 0.278718 0.0312349
14 918 0.281392 0.0331482
14 171 0.250532 0.0459291
14 792 0.279864 0.0461587
14 496 0.0678972 0.115038
0 952 -0.0272015 0.059705
14 952 0.0713345 0.11963
14 937 0.119915 0.13685
14 391 0.12404 0.177029
14 393 0.279406 -0.0560122
14 185 0.28628 -0.0518795
14 188 0.260157 -0.0463691
14 190 0.251907 -0.0397567
14 895 0.28628 -0.0381036
14 395 0.235408 -0.0314912
14 195 0.29453 -0.0339709
14 650 0.237058 -0.0248788
14 198 0.271706 -0.0232256
14 200 0.266757 -0.0215726
14 204 0.260157 0.000468791
14 400 0.269781 0.0101119
14 402 0.253557 0.0164488
14 800 0.265657 0.0142447
14 209 0.275281 0.0142447
14 654 0.290405 0.0128671
14 872 0.287655 0.0307757
0 953 0.230459 0.0230612
14 953 0.250258 0.0462047
14 214 0.11854 0.0858792
14 405 0.266757 0.0528171
0 954 -0.0269265 0.0594295
14 954 0.068768 0.118941
14 660 0.0803174 0.145391
14 663 0.0984663 0.181759
14 222 0.110016 0.183412
14 811 0.0484192 0.215372
14 813 0.313779 -0.0656553
14 666 0.268077 -0.0506672
14 227 0.279956 -0.0496753
14 859 0.260157 -0.0466997
14 873 0.286555 -0.0381036
14 229 0.236398 -0.0308299
14 413 0.296455 -0.0347974
14 525 0.250258 -0.0268624
14 668 -0.0625644 -0.0050415
14 236 0.262137 0.00884456
14 418 0.271706 0.0114895
14 238 0.279956 0.0147957
0 955 0.258177 0.00884456
14 955 0.278306 0.0313268
14 675 0.283916 0.0306656
14 821 0.101766 0.082573
14 420 0.105726 0.0842261
14 533 0.273356 0.0478578
14 256 0.0440194 0.213168
14 259 0.275996 -0.0566183
14 904 -0.0360339 -0.0169438
14 268 0.258573 -0.0312266
14 434 0.272036 -0.0248788
0 956 0.27758 -0.0169438
14 956 0.291835 0.0048771
14 278 0.288205 0.0181019
14 698 0.242338 0.0366167
14 546 0.101766 0.0806554
14 280 0.116021 0.0854164
14 283 0.125525 0.121917
14 549 0.0566248 0.128265
14 287 0.127901 0.168733
14 553 0.284708 -0.0526508
14 555 0.23719 -0.0317027
14 714 0.26285 -0.00313707
14 846 0.289855 0.0108283
14 847 0.24907 0.0449484
14 305 0.127901 0.0877968
14 448 0.146908 0.106841
14 307 0.132652 0.121123
14 562 0.0803835 0.145404
14 318 0.254867 -0.0345592
14 735 0.285658 0.0197154
14 322 0.114596 0.0854164
14 325 0.131702 0.140262
1 957 -0.239932 -0.215583
2 957 -0.110079 -0.329425
1 958 0.256567 -0.10174
2 958 0.268979 -0.077824
1 959 0.178273 -0.0940872
2 959 0.188776 -0.0730408
1 960 0.273753 -0.080694
2 960 0.286166 -0.0548643
1 961 0.202143 -0.0787807
2 961 0.211691 -0.0567776
1 962 -0.0632932 -0.077824
2 962 -0.0451518 -0.0673008
1 963 0.268979 -0.0768674
2 963 0.28101 -0.0514203
1 964 -0.0709316 -0.0711274
2 964 -0.0527903 -0.0625175
1 965 0.192595 -0.0711274
2 965 0.203098 -0.0491243
1 12 0.186866 -0.0682575
1 966 -0.100531 -0.0663442
2 966 -0.0823893 -0.0586909
1 967 -0.0270105 -0.0653875
2 967 -0.0111607 -0.0537163
1 968 -0.0699768 -0.0634742
2 968 -0.0527903 -0.0539076
2 26 -0.0317846 -0.0491243
1 969 0.170634 -0.0596476
2 969 0.179228 -0.0395578
1 970 0.179228 -0.0596476
2 970 0.188776 -0.0386011
2 87 -0.0537451 -0.0491243
1 330 0.235561 -0.0567776
1 971 -0.044197 -0.0539076
2 971 -0.0279653 -0.0433844
1 972 0.182092 -0.0539076
2 972 0.19164 -0.0338178
1 32 -0.0499259 -0.052951
1 973 0.174454 -0.050081
2 973 0.184002 -0.0299912
1 331 0.199278 -0.0481677
2 30 0.21341 -0.0273125
1 332 0.175408 -0.0462544
1 974 -0.0126884 -0.0414711
2 974 0.00449806 -0.0290345
1 975 -0.0422874 -0.0405144
2 975 -0.0270105 -0.0299912
1 976 -0.0145981 -0.0386011
2 976 0.00163364 -0.0271212
1 977 0.251793 -0.0328612
2 977 0.261341 -0.00894474
2 103 0.216465 -0.0032048
2 45 0.201188 -0.00224814
1 47 0.202143 -0.0223379
1 978 0.205007 -0.0223379
2 978 0.213601 -0.000334827
2 48 0.229832 0.00731843
1 334 0.218375 -0.0146847
1 979 0.205962 -0.0118147
2 979 0.214555 0.0101884
1 111 0.19164 -0.00607477
1 980 0.227923 -0.00416145
2 980 0.236516 0.0187983
1 981 0.19164 -0.0032048
2 981 0.200233 0.0187983
1 982 0.219329 -0.00224814
2 982 0.227923 0.0207116
1 983 0.192595 -0.00129148
2 983 0.201188 0.0207116
1 984 0.223149 -0.00129148
2 984 0.230787 0.0216683
1 985 0.213601 0.00923174
2 985 0.221239 0.0321915
1 986 0.224103 0.0159283
2 986 0.231742 0.0388881
1 987 0.219329 0.0350615
2 987 0.226968 0.0580212
1 363 -0.0251009 0.0369748
1 364 -0.0432422 0.0541946
2 62 -0.0489711 0.0656745
1 988 -0.039423 0.0589779
2 988 -0.0432422 0.0675878
2 64 -0.0680672 0.0876776
2 65 -0.0165077 0.0943742
2 66 0.0111817 0.119247
1 368 0.024549 0.109681
1 989 -0.0900277 0.111594
2 989 -0.0925102 0.117334
1 990 -0.108169 0.117334
2 990 -0.111988 0.121161
2 133 -0.0480163 0.129771
1 991 0.0130913 0.13264
2 991 0.00736248 0.143164
1 992 0.0130913 0.142207
2 992 0.00736248 0.15273
1 993 0.255803 -0.101932
2 993 0.268406 -0.077824
1 345 0.245491 -0.0961918
2 138 0.293613 -0.0686401
1 994 -0.0673033 -0.0938959
2 994 -0.0478253 -0.0847119
1 995 0.234033 -0.0938959
2 995 0.245491 -0.0697881
1 996 0.248928 -0.081268
2 996 0.260386 -0.0571602
1 997 0.268406 -0.081268
2 997 0.279406 -0.0560122
1 998 0.274135 -0.081268
2 998 0.286739 -0.0548643
1 999 0.270698 -0.078972
2 999 0.283301 -0.0537163
2 75 -0.0455338 -0.0674921
1 371 0.156121 -0.075528
1 1000 -0.0707406 -0.0720841
2 1000 -0.0524083 -0.0629002
1 1001 0.192786 -0.0709361
2 1001 0.203098 -0.0491243
1 1002 -0.108551 -0.0686401
2 1002 -0.0890729 -0.0606042
1 1003 0.217993 -0.0663442
2 1003 0.227159 -0.0433844
1 375 -0.100531 -0.0651962
1 1004 -0.0272015 -0.0651962
2 1004 -0.0107024 -0.0546346
1 1005 -0.044388 -0.0640482
2 1005 -0.0283473 -0.0537163
1 347 0.245491 -0.0617522
2 85 -0.0317845 -0.0491243
1 1006 -0.029493 -0.0594562
2 1006 -0.0123065 -0.0491243
1 1007 0.19164 -0.0583082
2 1007 0.200806 -0.0364964
1 1008 0.245491 -0.0583082
2 1008 0.255803 -0.0342004
1 1009 -0.0432422 -0.0571602
2 1009 -0.0272015 -0.0468283
1 1010 -0.0432422 -0.0548643
2 1010 -0.0272015 -0.0445323
1 1011 0.174454 -0.0502723
2 1011 0.18362 -0.0296085
2 91 0.207681 -0.0261646
1 1012 0.175599 -0.0468283
2 1012 0.184765 -0.0261646
1 1013 -0.0317845 -0.0387924
2 1013 -0.0162021 -0.0270829
1 1014 -0.0157438 -0.0387924
2 1014 0.0014427 -0.0273125
1 1015 -0.0569914 -0.0376444
2 1015 -0.0409507 -0.0273125
2 35 0.273753 -0.0127714
1 98 0.207681 -0.0307565
1 1016 0.192786 -0.0238686
2 1016 0.200806 -0.0020568
2 106 0.208827 -0.000908798
1 1017 0.185911 -0.0169806
2 1017 0.195077 0.00483114
1 1018 0.245491 -0.0158326
2 1018 0.255803 0.00827509
1 1019 0.206535 -0.0112407
2 1019 0.214555 0.0105711
1 1020 0.184765 -0.0100927
2 1020 0.193932 0.0117191
1 1021 0.195077 -0.0100927
2 1021 0.203098 0.0117191
1 1022 0.190494 -0.00894474
2 1022 0.198515 0.0128671
1 336 0.214555 -0.00664874
1 1023 0.19164 -0.0032048
2 1023 0.200806 0.018607
1 1024 0.219138 -0.0032048
2 1024 0.227159 0.019755
2 113 0.222576 0.020903
1 1025 0.232888 0.0013872
2 1025 0.242054 0.024347
1 1026 0.209972 0.00368314
2 1026 0.217993 0.0254949
1 1027 0.214555 0.00712714
2 1027 0.22143 0.0300869
2 114 0.22143 0.0323829
1 1028 0.21341 0.0117191
2 1028 0.22143 0.0346789
1 1029 -0.048971 0.016311
2 1029 -0.0512626 0.024347
1 167 0.204243 0.016311
1 1030 0.224867 0.016311
2 1030 0.231742 0.0392708
1 1031 -0.00199461 0.0427147
2 1031 -0.00543191 0.0530467
1 1032 -0.0111607 0.0496027
2 1032 -0.014598 0.0587866
1 1033 -0.010015 0.0564906
2 1033 -0.0134523 0.0656745
2 122 -0.0260557 0.0805984
1 387 -0.0329303 0.0760064
1 367 -0.0386591 0.0771544
1 1034 -0.109697 0.0943742
2 1034 -0.113821 0.0982774
1 1035 0.0151919 0.104706
2 1035 0.0117546 0.115038
1 1036 -0.0340761 0.10815
2 1036 -0.0386591 0.116186
1 1037 0.024358 0.109298
2 1037 0.0220665 0.120778
2 134 -0.0157438 0.135702
1 1038 0.0277953 0.128814
2 1038 0.0236706 0.139605
1 344 0.0129004 0.133406
1 1039 -0.124592 0.13685
2 1039 -0.129175 0.139337
1 1040 0.0163377 0.141442
2 1040 0.0106088 0.151774
1 1041 0.0129004 0.14259
2 1041 0.00717154 0.152922
1 1042 0.254657 -0.10285
2 1042 0.268406 -0.0780536
1 1043 0.243658 -0.0959622
2 1043 0.256032 -0.0725433
1 1044 -0.0684491 -0.093207
2 1044 -0.0492002 -0.0849416
1 1045 -0.0808234 -0.0890743
2 1045 -0.0601996 -0.0808088
1 1046 0.261532 -0.0849416
2 1046 0.272531 -0.060145
2 139 0.225784 -0.060145
1 1047 0.249158 -0.0821864
2 1047 0.260157 -0.0573898
1 1048 0.273906 -0.0808088
2 1048 0.28628 -0.0560122
1 370 0.201035 -0.0794312
1 1049 -0.0643243 -0.0780536
2 1049 -0.0464504 -0.0684105
1 1050 -0.0560748 -0.076676
2 1050 -0.0382008 -0.0670329
1 1051 0.268406 -0.076676
2 1051 0.280781 -0.0518795
1 1052 -0.119321 -0.0697881
2 1052 -0.0986973 -0.0629002
1 1053 0.185911 -0.0684105
2 1053 0.195536 -0.0477467
1 1054 -0.100072 -0.0656553
2 1054 -0.0821983 -0.0573898
2 148 -0.0340761 -0.0546346
1 376 -0.0450754 -0.0642777
1 1055 0.221659 -0.0642777
2 1055 0.231284 -0.0408588
1 1056 0.179037 -0.060145
2 1056 0.187286 -0.0394812
1 1057 -0.0464504 -0.0587674
2 1057 -0.0313262 -0.0491243
2 149 0.203785 -0.0353484
1 1058 -0.0684491 -0.0560122
2 1058 -0.0500251 -0.0463691
1 1059 0.174912 -0.0505019
2 1059 0.183161 -0.0298381
1 1060 -0.0327012 -0.0491243
2 1060 -0.017577 -0.0381036
1 378 0.183161 -0.0491243
1 1061 0.203785 -0.0491243
2 1061 0.212035 -0.0270829
1 1062 -0.0134523 -0.0422364
2 1062 0.00442169 -0.0298381
1 1063 -0.0739488 -0.0381036
2 1063 -0.0574497 -0.0284605
1 1064 -0.0574497 -0.0381036
2 1064 -0.0417756 -0.028185
1 1065 0.170787 -0.0381036
2 1065 0.179312 -0.0182664
1 382 -0.0395758 -0.0312157
1 1066 0.254657 -0.0312157
2 1066 0.264282 -0.00641915
1 1067 0.19966 -0.0284605
2 1067 0.20791 -0.00641915
1 1068 0.206535 -0.0284605
2 1068 0.214785 -0.00641915
1 381 0.19966 -0.0257053
1 1069 0.192786 -0.0243277
2 1069 0.201035 -0.00228639
1 402 0.191411 -0.00641915
1 1070 0.227159 -0.00504156
2 1070 0.235408 0.0183774
2 162 0.225784 0.0183774
2 163 0.231284 0.0225101
1 1071 0.232659 0.000468791
2 1071 0.240908 0.0238877
1 1072 0.181786 0.0101119
2 1072 0.191411 0.0307757
1 168 0.218909 0.0156223
1 1073 0.223034 0.0156223
2 1073 0.231284 0.0390412
1 1074 0.236783 0.0252653
2 1074 0.245033 0.0486843
1 1075 -0.0918227 0.043174
2 1075 -0.0931977 0.0486843
1 1076 -0.0107024 0.0486843
2 1076 -0.0148272 0.0583274
1 1077 -0.00932751 0.0555722
2 1077 -0.0134523 0.0652153
1 406 -0.0327012 0.076236
1 1078 -0.0395758 0.0776136
2 1078 -0.0423256 0.0858792
2 178 -0.0684491 0.0872567
1 1079 -0.0904478 0.110676
2 1079 -0.0931977 0.116186
1 1080 -0.108322 0.116186
2 1080 -0.112447 0.120319
1 1081 -0.111072 0.118941
2 1081 -0.115196 0.123074
1 1082 -0.0492002 0.121696
2 1082 -0.053325 0.128584
1 1083 -0.0437005 0.121696
2 1083 -0.0478253 0.129962
1 1084 -0.115196 0.140983
2 1084 -0.120696 0.145115
1 1085 0.255207 -0.102575
2 1085 0.268406 -0.0777781
1 1086 0.177662 -0.0943091
2 1086 0.187561 -0.0728188
1 1087 0.233758 -0.0943091
2 1087 0.245308 -0.0695126
1 1088 -0.0681741 -0.092656
2 1088 -0.0500251 -0.0843905
1 1089 -0.0813733 -0.0876967
2 1089 -0.0615745 -0.0794312
1 1090 0.260157 -0.0843905
2 1090 0.271706 -0.059594
1 1091 -0.0648743 -0.0777781
2 1091 -0.0467253 -0.0678594
1 1092 0.156213 -0.0777781
2 1092 0.167762 -0.0579408
2 185 0.233758 -0.0546346
1 1093 0.270056 -0.076125
2 1093 0.281606 -0.0513284
1 1094 -0.069824 -0.0728188
2 1094 -0.0516751 -0.0645532
1 1095 -0.119321 -0.0695126
2 1095 -0.0995223 -0.0629002
1 1096 -0.107772 -0.0678594
2 1096 -0.0896228 -0.061247
2 189 0.261807 -0.0430629
1 373 -0.0434255 -0.0662064
1 1097 -0.0269265 -0.0662064
2 1097 -0.0104274 -0.0546346
2 196 -0.0813733 -0.0562878
1 1098 -0.0500251 -0.0645532
2 1098 -0.0335261 -0.0546346
1 396 -0.0434255 -0.0629002
1 1099 0.177662 -0.059594
2 1099 0.187561 -0.0397567
1 1100 0.222209 -0.059594
2 1100 0.232109 -0.0364505
1 1101 -0.0450754 -0.0579408
2 1101 -0.0302263 -0.0480222
1 1102 0.238708 -0.0562878
2 1102 0.248608 -0.0331443
2 197 0.190861 -0.0331443
1 1103 -0.0516751 -0.0480222
2 1103 -0.035176 -0.0381036
2 202 0.00277185 -0.0308299
1 1104 0.00112192 -0.0430629
2 1104 0.017621 -0.0298381
1 1105 -0.0665242 -0.0397567
2 1105 -0.0500251 -0.0298381
1 1106 -0.0318762 -0.0381036
2 1106 -0.017027 -0.0268624
1 399 0.20406 -0.0232256
1 1107 0.185911 -0.0166132
2 1107 0.194161 0.0048771
1 1108 0.184261 -0.011654
2 1108 0.194161 0.00983643
2 207 0.222209 0.0114895
1 400 0.20736 -0.0100008
1 403 0.21396 -0.00669463
1 1109 0.192511 -0.00338843
2 1109 0.20076 0.0181019
2 209 0.225509 0.019755
2 211 0.240358 0.0247144
1 1110 0.217259 0.00322397
2 1110 0.223859 0.0263674
2 168 0.227159 0.0395923
2 217 -0.0417756 0.0296736
1 1111 0.232109 0.0214082
2 1111 0.240358 0.0445516
1 1112 -0.0912727 0.0428985
2 1112 -0.0929226 0.0495109
2 175 -0.0153771 0.0577764
1 1113 -0.0434255 0.0544702
2 1113 -0.0467253 0.0627357
1 1114 -0.0896228 0.0610826
2 1114 -0.0896228 0.067695
1 1115 -0.0335261 0.0759606
2 1115 -0.0368259 0.0842261
1 407 -0.0302263 0.0759606
2 248 -0.0434255 0.0858792
1 1116 -0.0896228 0.110676
2 1116 -0.0929226 0.115635
1 1117 -0.107772 0.115635
2 1117 -0.111072 0.118941
1 1118 -0.0252766 0.117288
2 1118 -0.0269265 0.127207
1 135 0.0275204 0.12886
1 425 0.0110213 0.132166
1 1119 -0.124271 0.137125
2 1119 -0.129221 0.140432
1 1120 -0.116021 0.142085
2 1120 -0.123446 0.143738
1 1121 0.242338 -0.0962928
2 1121 0.254217 -0.0724881
1 1122 0.277976 -0.0962928
2 1122 0.289855 -0.0705044
1 1123 0.268077 -0.0843905
2 1123 0.279956 -0.058602
2 224 0.20076 -0.058602
1 1124 0.20076 -0.080423
2 1124 0.21066 -0.058602
1 1125 0.270056 -0.0764556
2 1125 0.281936 -0.0506672
1 1126 0.248278 -0.0744718
2 1126 0.258177 -0.0506672
1 1127 -0.0487052 -0.066537
2 1127 -0.0308862 -0.0566183
1 1128 0.20472 -0.066537
2 1128 0.21264 -0.044716
1 1129 -0.0982023 -0.0645532
2 1129 -0.0803834 -0.0566183
1 1130 -0.0427655 -0.0625695
2 1130 -0.0269264 -0.0526509
2 229 0.177002 -0.0427322
2 230 0.198781 -0.0367811
1 413 0.234418 -0.058602
1 1131 -0.0625644 -0.0566183
2 1131 -0.0467253 -0.0466997
1 1132 0.169082 -0.0546346
2 1132 0.178982 -0.0347974
1 1133 0.196801 -0.0486834
2 1133 0.2067 -0.0268624
1 1134 -0.0665242 -0.0407485
2 1134 -0.0502891 -0.0312266
1 274 -0.0190069 -0.0407485
1 1135 -0.0447454 -0.0387648
2 1135 -0.0289063 -0.0288462
1 1136 0.169082 -0.0387648
2 1136 0.178982 -0.0189276
1 1137 0.20868 -0.0367811
2 1137 0.215808 -0.0145633
1 1138 0.167102 -0.0328136
2 1138 0.177002 -0.0129764
1 398 0.20472 -0.0308299
1 203 0.248278 -0.0308299
1 1139 0.194821 -0.0288462
2 1139 0.20274 -0.00702524
1 1140 0.244318 -0.022895
2 1140 0.250258 0.000909691
1 1141 0.184921 -0.0169438
2 1141 0.194821 0.0048771
1 1142 0.242338 -0.0149601
2 1142 0.252237 0.00884456
1 1143 0.184921 -0.0129764
2 1143 0.194821 0.00884456
2 236 0.2067 0.00884456
1 417 0.21462 -0.0109926
1 1144 0.192841 -0.00702524
2 1144 0.20076 0.0147958
1 1145 0.230459 0.000909691
2 1145 0.238378 0.0247144
1 1146 0.21462 0.00686083
2 1146 0.222539 0.0286818
1 1147 -0.0506851 0.0167795
2 1147 -0.052665 0.0247144
1 1148 0.236398 0.0247144
2 1148 0.244318 0.0485191
1 1149 -0.0922627 0.0425679
2 1149 -0.0922627 0.0485191
1 1150 -0.0803834 0.0604214
2 1150 -0.0784035 0.0683563
1 1151 -0.0110874 0.0862098
2 1151 -0.0150471 0.0961284
1 1152 -0.110082 0.092161
2 1152 -0.112062 0.0961284
1 1153 -0.0962225 0.0961284
2 1153 -0.0982023 0.10208
1 1154 -0.0328661 0.108031
2 1154 -0.0388058 0.115966
1 1155 -0.0902828 0.110014
2 1155 -0.0922627 0.115966
2 252 -0.0645443 0.121917
2 256 -0.119981 0.143738
1 1156 -0.102162 0.13977
2 1156 -0.106122 0.143738
1 1157 0.27758 -0.0978797
2 1157 0.289459 -0.0716946
1 1158 0.161163 -0.0931188
2 1158 0.171062 -0.0724881
1 1159 0.189673 -0.0812164
2 1159 0.199177 -0.0597922
1 1160 0.24907 -0.0812164
2 1160 0.260949 -0.0574118
1 1161 0.246694 -0.0740751
2 1161 0.258573 -0.0502703
2 265 -0.0930546 -0.0621727
1 1162 -0.0740477 -0.0693141
2 1162 -0.0564663 -0.0602683
1 1163 -0.0479132 -0.0669337
2 1163 -0.027956 -0.0574118
1 429 0.18017 -0.0669337
1 1164 0.244318 -0.0645532
2 1164 0.253821 -0.0407485
2 264 0.289459 -0.038368
2 270 -0.0878277 -0.0545552
1 1165 -0.0716718 -0.0597922
2 1165 -0.0550408 -0.0502703
1 1166 -0.0621684 -0.0574118
2 1166 -0.0479132 -0.0478899
1 1167 -0.0526649 -0.0502703
2 1167 -0.0360339 -0.0407485
1 1168 0.18017 -0.0478899
2 1168 0.189673 -0.0264657
1 1169 0.246694 -0.038368
2 1169 0.253821 -0.0145633
1 1170 -0.0526649 -0.0359875
2 1170 -0.0479132 -0.0264657
1 1171 -0.0431615 -0.0288461
2 1171 -0.0427655 -0.0189276
1 1172 0.203928 -0.0288461
2 1172 0.211056 -0.00742194
1 1173 0.241942 -0.0217047
2 1173 0.251446 0.00209997
1 1174 0.287083 -0.0217047
2 1174 0.296587 0.00448046
1 1175 0.199177 -0.0145633
2 1175 0.206304 0.00686089
1 1176 0.241942 -0.0145633
2 1176 0.253821 0.00924138
1 1177 0.206304 -0.00980237
2 1177 0.213432 0.0116219
1 1178 0.234815 0.0187633
2 1178 0.241942 0.0425679
1 1179 0.234815 0.0259047
2 1179 0.241942 0.0497094
1 435 -0.0241546 0.0354265
1 1180 0.199177 0.0354265
2 1180 0.206304 0.0568508
2 283 -0.0479132 0.0616117
1 1181 -0.0883029 0.0592313
2 1181 -0.0883029 0.0663726
1 1182 -0.0669201 0.0687531
2 1182 -0.0669201 0.0758945
1 1183 -0.0122753 0.078275
2 1183 -0.0146511 0.0877968
1 1184 -0.0669201 0.0806554
2 1184 -0.069296 0.0877968
1 1185 -0.00989941 0.0854164
2 1185 -0.0146511 0.0949383
2 285 -0.00277181 0.111602
1 1186 -0.0787994 0.106841
2 1186 -0.0811753 0.111602
2 286 0.0233627 0.118743
1 1187 -0.0906787 0.109221
2 1187 -0.0930546 0.113982
1 1188 -0.0217787 0.113982
2 1188 -0.0265304 0.123504
2 312 -0.0645442 0.123504
1 439 -0.00752352 0.123504
2 290 0.00435578 0.140167
1 1189 -0.123941 0.137787
2 1189 -0.128693 0.140167
1 1190 -0.0764235 -0.0916905
2 1190 -0.0564663 -0.0831208
1 1191 -0.027956 -0.0916905
2 1191 -0.0108497 -0.0802643
1 1192 -0.0707215 -0.0888339
2 1192 -0.0507642 -0.0802643
2 260 0.26285 -0.0574118
1 1193 -0.0678704 -0.0774077
2 1193 -0.0479132 -0.068838
1 1194 0.222935 -0.0774077
2 1194 0.234339 -0.0545552
1 1195 0.274254 -0.0745511
2 1195 0.285658 -0.0488421
1 1196 -0.110636 -0.068838
2 1196 -0.0941 -0.0619822
1 441 0.205829 -0.0659814
1 1197 0.168766 -0.0631249
2 1197 0.177319 -0.0431289
1 1198 0.277105 -0.0631249
2 1198 0.288509 -0.0374158
1 1199 -0.0707215 -0.0602683
2 1199 -0.0536153 -0.0516986
1 1200 0.222935 -0.0574118
2 1200 0.231488 -0.0345593
2 296 0.245743 -0.0345593
1 1201 0.282807 -0.0202764
2 1201 0.297062 0.00543267
1 1202 0.217233 -0.0117067
2 1202 0.225786 0.0111458
1 1203 0.20868 0.00828922
2 1203 0.217233 0.0311417
1 1204 -0.0621684 0.0111458
2 1204 -0.0621684 0.0197154
2 305 -0.0422111 0.0282851
2 308 -0.0650194 0.0768467
1 1205 -0.0678704 0.0825599
2 1205 -0.0678704 0.088273
1 1206 -0.0422111 0.0825599
2 1206 -0.0450622 0.0911296
1 1207 -0.0992318 0.0996992
2 1207 -0.0992318 0.105412
1 1208 -0.027956 0.0996992
2 1208 -0.030807 0.108269
1 450 -0.0678704 0.111125
1 1209 -0.00514767 0.122552
2 1209 -0.0108497 0.133978
1 1210 0.0262137 0.128265
2 1210 0.0205117 0.139691
2 315 0.179599 -0.0619822
1 1211 0.251446 -0.0825495
2 1211 0.261709 -0.0585543
1 451 0.224076 -0.0791216
1 1212 0.179599 -0.0654101
2 1212 0.189863 -0.0448428
1 1213 -0.0462026 -0.0585543
2 1213 -0.0325176 -0.0482707
1 1214 0.165915 -0.0516986
2 1214 0.172757 -0.0311314
1 1215 0.241182 -0.0379871
2 1215 0.251446 -0.0139919
1 1216 0.241182 -0.0242756
2 1216 0.248024 -0.000280466
1 1217 -0.0633088 -0.0208477
2 1217 -0.0621684 -0.0117067
1 1218 -0.0256751 -0.0174198
2 1218 -0.0256751 -0.00713623
1 1219 0.193284 -0.0139919
2 1219 0.200127 0.0065753
1 1220 0.162493 -0.000280466
2 1220 0.172757 0.0202868
1 1221 0.189863 0.00314742
2 1221 0.196706 0.0237147
2 322 -0.0427813 0.0271426
1 1222 -0.0975212 0.0339983
2 1222 -0.0975212 0.040854
1 1223 -0.00172639 0.0339983
2 1223 -0.00514764 0.0442819
1 447 -0.0119901 0.040854
2 325 -0.0290963 0.0888443
1 1224 -0.0633088 0.0819885
2 1224 -0.06673 0.0888443
1 456 -0.0393601 0.0888443
1 1225 0.00169483 0.0922722
2 1225 -0.00172639 0.102556
1 1226 -0.107785 0.109412
2 1226 -0.111206 0.112839
1 1227 -0.0906787 0.119695
2 1227 -0.0975212 0.123123
1 1228 0.245109 -0.0960005
3 1228 0.293804 -0.0510376
1 1229 0.24129 -0.0950439
3 1229 0.289985 -0.050081
1 1230 0.280437 -0.0950439
3 1230 0.329132 -0.044341
1 1231 -0.0671124 -0.0940872
3 1231 -0.0279653 -0.0749541
1 1232 0.176363 -0.0940872
3 1232 0.223149 -0.0558209
1 1233 -0.0785701 -0.0902606
3 1233 -0.039423 -0.0720841
3 8 0.23938 -0.0405144
3 961 0.247974 -0.0366878
3 962 -0.0260557 -0.0577342
3 12 0.231742 -0.0290345
3 967 0.0102269 -0.0424277
3 968 -0.0329303 -0.0456803
3 15 0.249883 -0.0213813
1 465 -0.0480163 -0.0625175
3 17 0.210736 -0.0242513
3 27 -0.00791441 -0.0395578
1 1234 -0.0289201 -0.0606042
3 1234 0.00736248 -0.0376444
1 1235 -0.10435 -0.0596476
3 1235 -0.0680672 -0.044341
3 970 0.223149 -0.0204246
3 24 0.234606 -0.0175547
3 972 0.226013 -0.0146847
1 1236 -0.0461067 -0.0519943
3 1236 -0.00982403 -0.0319045
3 973 0.216465 -0.0099014
3 30 0.246064 -0.00607477
1 1237 -0.120582 -0.0328612
3 1237 -0.0871633 -0.0175547
3 977 0.294759 0.014015
3 38 0.244154 0.0111451
3 39 0.247019 0.0111451
3 41 0.240335 0.0149717
3 45 0.234033 0.016311
3 47 0.2432 0.0207116
1 482 0.185911 -0.0175547
1 1238 0.202143 -0.0127714
3 1238 0.24129 0.0302782
3 49 0.242245 0.0321915
3 52 0.251793 0.0341048
1 1239 0.184002 -0.00894474
3 1239 0.22143 0.0323829
1 1240 0.213601 -0.00703143
3 1240 0.253702 0.0369748
3 980 0.26707 0.0417581
1 471 0.21551 -0.00129148
3 984 0.26325 0.0436714
3 55 0.248928 0.047498
3 985 0.251793 0.0541946
3 986 0.262296 0.0618479
1 1241 0.237471 0.0245383
3 1241 0.273753 0.0723711
3 363 0.0111817 0.0522813
1 1242 -0.039423 0.0561079
3 1242 -0.00409519 0.0704578
1 1243 -0.0403778 0.0608912
3 1243 -0.0060048 0.0752411
1 1244 -0.0948018 0.0953309
3 1244 -0.0661576 0.107767
1 1245 0.0150009 0.103941
3 1245 0.0426903 0.127666
3 128 -0.0375134 0.125944
3 990 -0.0804797 0.126901
3 133 -0.0184173 0.140294
3 994 -0.0283473 -0.07438
1 1246 -0.121154 -0.0870079
3 1246 -0.0810525 -0.073232
3 996 0.297051 -0.0353484
3 997 0.316529 -0.0330524
1 1247 0.201952 -0.078972
3 1247 0.247783 -0.0364964
1 1248 0.269552 -0.076676
3 1248 0.316529 -0.0273125
3 371 0.199278 -0.0366878
1 1249 -0.120009 -0.0686401
3 1249 -0.0821983 -0.0537163
1 1250 -0.098239 -0.0651962
3 1250 -0.0615745 -0.0491243
3 1004 0.00946306 -0.0422364
3 85 -0.010015 -0.0387924
3 1007 0.235179 -0.0169806
3 1010 -0.00657766 -0.0342004
1 1251 0.18362 -0.0491243
3 1251 0.226013 -0.00894474
3 91 0.242054 -0.00664874
3 89 0.247783 -0.00641915
3 93 0.231742 -0.00550074
1 1252 0.171016 -0.0376444
3 1252 0.211118 0.00253514
1 1253 0.254657 -0.0330524
3 1253 0.298196 0.015163
3 100 0.242054 0.0128671
3 1016 0.232888 0.018607
1 356 0.208827 -0.0112407
1 1254 0.192786 -0.00779674
3 1254 0.230596 0.0346789
3 336 0.253511 0.0369748
3 1023 0.22945 0.0392708
3 1024 0.256949 0.0427147
3 1025 0.271844 0.0473067
1 1255 0.214555 0.00253514
3 1255 0.252366 0.0473067
1 1256 0.216847 0.00368314
3 1256 0.253511 0.0496027
3 1027 0.252366 0.0518987
3 114 0.25122 0.0541946
3 1029 -0.010015 0.0300869
3 120 -0.00657766 0.0748584
3 387 -0.00245289 0.092767
1 1257 -0.0123065 0.0863383
3 1257 0.0186292 0.104706
1 1258 -0.0948018 0.0955222
3 1258 -0.0661576 0.10815
3 1037 0.0507107 0.134554
3 1042 0.302779 -0.0548643
1 1259 0.279406 -0.0959622
3 1259 0.329132 -0.0456803
3 1045 -0.0409507 -0.0711657
3 139 0.262907 -0.0394812
3 1047 0.295905 -0.0353484
3 1049 -0.0272015 -0.0573898
3 1051 0.316529 -0.0284605
1 1260 -0.0711989 -0.0725433
3 1260 -0.0340761 -0.0532571
3 1052 -0.0821983 -0.0546346
1 1261 0.265657 -0.0697881
3 1261 0.312404 -0.0215726
1 505 -0.106947 -0.0684105
3 1053 0.229909 -0.0284605
1 1262 -0.0464504 -0.0670329
3 1262 -0.0107024 -0.0449916
1 1263 -0.0272015 -0.0656553
3 1263 0.00992138 -0.043614
3 148 -0.0134523 -0.043614
1 1264 0.168037 -0.0629002
3 1264 0.21066 -0.0243277
1 1265 -0.105572 -0.060145
3 1265 -0.0684491 -0.0449916
1 1266 -0.0299513 -0.060145
3 1266 0.00717154 -0.0381036
3 1056 0.221659 -0.020195
3 1057 -0.00932751 -0.0381036
1 374 0.245033 -0.0587674
3 149 0.238158 -0.0160623
1 1267 -0.0492002 -0.0546346
3 1267 -0.0134523 -0.0339709
1 1268 0.170787 -0.0546346
3 1268 0.21341 -0.0160623
1 1269 0.181786 -0.0546346
3 1269 0.224409 -0.0146847
1 91 0.198285 -0.0477467
1 1270 0.174912 -0.0463692
3 1270 0.216159 -0.00641915
3 153 -0.00886919 -0.0181286
3 154 0.293155 0.0164488
3 1067 0.239533 0.0142447
3 102 0.290405 0.0211326
3 1069 0.232659 0.0183774
1 1271 0.243658 -0.0160623
3 1271 0.283531 0.0321533
3 157 0.239533 0.0307757
3 402 0.229909 0.036286
1 1272 0.184536 -0.00504156
3 1272 0.222576 0.0358269
1 1273 0.21341 -0.00228639
3 1273 0.251907 0.0417964
3 1071 0.271156 0.0473067
1 1274 0.216159 0.00322397
3 1274 0.253557 0.0495109
1 166 0.21341 0.00873432
3 1072 0.216159 0.052817
1 1275 0.232659 0.0211326
3 1275 0.268406 0.0693481
3 1076 0.0250455 0.0665929
3 1077 0.0242206 0.0743074
1 1276 -0.0849481 0.0638377
3 1276 -0.053325 0.0759606
1 1277 -0.108322 0.0941446
3 1277 -0.0780735 0.103788
1 500 0.0236706 0.109298
3 1079 -0.0629494 0.123074
3 1082 -0.0230767 0.138227
3 1083 -0.017577 0.139605
3 1085 0.302779 -0.0546346
3 1088 -0.0285764 -0.0744719
3 1089 -0.0417756 -0.0711656
3 1091 -0.0269265 -0.0579408
3 1093 0.316254 -0.0265319
3 1094 -0.0335261 -0.0529815
3 1095 -0.0813733 -0.0546346
3 1096 -0.069824 -0.0529815
3 1097 0.00937142 -0.0430629
1 504 0.179312 -0.0645532
3 396 -0.00712762 -0.0414098
3 195 0.281606 -0.011654
1 1278 0.171062 -0.0381036
3 1278 0.21066 0.0015709
1 1279 0.250258 -0.0364505
3 1279 0.293155 0.0114895
3 204 0.233758 0.0164488
3 399 0.243658 0.019755
3 207 0.253557 0.0329798
3 400 0.246958 0.0329798
1 1280 0.184261 -0.0050415
3 1280 0.221659 0.036286
3 210 0.260157 0.0445516
3 240 0.248608 0.0495109
1 1281 0.21396 0.0081833
3 1281 0.251907 0.0528171
3 217 -0.000527985 0.0362861
1 1282 0.237058 0.0247144
3 1282 0.271706 0.0743074
3 1113 -0.00877752 0.0693481
1 1283 -0.0417756 0.0594295
3 1283 -0.00712762 0.0743074
1 1284 -0.0203269 0.0710012
3 1284 0.0110213 0.0891854
3 407 0.00112192 0.0924916
3 248 -0.00712762 0.0941447
1 1285 -0.0219768 0.0776136
3 1285 0.0110213 0.0941447
1 388 -0.0120773 0.0875323
1 1286 -0.0153771 0.0957978
3 1286 0.0143212 0.113982
1 1287 0.00277182 0.104063
3 1287 0.0308202 0.125554
1 1288 0.0242206 0.109023
3 1288 0.0506191 0.133819
1 1289 0.0143212 0.127207
3 1289 0.0401696 0.150626
1 1290 -0.102822 0.140432
3 1290 -0.0764236 0.15035
3 1120 -0.0912727 0.152003
1 1291 0.254217 -0.104228
3 1291 0.301735 -0.0566183
3 1121 0.291835 -0.0506672
1 1292 -0.0685041 -0.0923254
3 1292 -0.0289063 -0.0744718
3 1123 0.315594 -0.0347974
1 1293 -0.0665242 -0.0784393
3 1293 -0.0289063 -0.058602
3 226 0.198781 -0.0407485
3 1125 0.317574 -0.0268624
3 1126 0.295795 -0.0288462
1 1294 -0.118001 -0.0724881
3 1294 -0.0803834 -0.0566183
1 1295 0.21462 -0.0685207
3 1295 0.258177 -0.0248788
1 1296 0.250258 -0.0685207
3 1296 0.295795 -0.0209113
1 1297 0.178982 -0.066537
3 1297 0.222539 -0.0268624
1 1298 -0.0308862 -0.058602
3 1298 0.00607162 -0.0364505
1 1299 -0.0665242 -0.0566183
3 1299 -0.0308862 -0.0367811
1 525 0.180962 -0.0546346
1 1300 0.175022 -0.0486834
3 1300 0.216599 -0.00900897
3 1133 0.240358 -0.00702524
3 398 0.244318 0.012812
3 1139 0.234418 0.0147958
3 1143 0.222539 0.0286818
3 236 0.238378 0.0286818
1 1301 0.21264 -0.0050415
3 1301 0.250258 0.0405842
3 238 0.256197 0.0405842
1 1302 0.238378 -0.0050415
3 1302 0.277976 0.0425679
1 1303 0.159183 -0.00305777
3 1303 0.192841 0.0386004
3 1146 0.252237 0.0524865
1 1304 0.218579 0.0147958
3 1304 0.256197 0.0604214
1 533 0.218579 0.034633
1 421 0.20274 0.0366167
3 1149 -0.0566247 0.0524865
3 219 -0.0843431 0.0941447
3 1151 0.0186109 0.106047
1 536 0.0225707 0.108031
3 1155 -0.0625644 0.121917
3 253 0.00475171 0.135803
3 254 -0.0249466 0.135803
1 1305 0.0106914 0.131835
3 1305 0.0364299 0.153656
3 1156 -0.0764236 0.149689
1 1306 0.253821 -0.105021
3 1306 0.301339 -0.0574118
3 186 -0.0811753 -0.0716946
3 259 0.258573 -0.0407485
3 1159 0.234815 -0.0407485
1 1307 -0.0669201 -0.078836
3 1307 -0.0289063 -0.0597922
3 261 0.270452 -0.0359875
1 1308 0.270452 -0.0764555
3 1308 0.31797 -0.0264657
3 1161 0.294211 -0.0288461
1 1309 -0.119189 -0.0716946
3 1309 -0.0811753 -0.0574118
3 265 -0.0716718 -0.0550313
1 1310 0.213432 -0.0693141
3 1310 0.258573 -0.0264657
1 519 0.251446 -0.0693141
3 1164 0.289459 -0.0169438
3 270 -0.069296 -0.0478899
3 266 0.211056 -0.0240852
1 431 0.222935 -0.0597922
1 1311 0.18017 -0.0550313
3 1311 0.222935 -0.0145633
1 1312 0.275204 -0.0478899
3 1312 0.31797 0.00448046
1 1313 -0.0455373 -0.038368
3 1313 -0.00277181 -0.0240852
1 1314 0.20868 -0.0359875
3 1314 0.251446 0.00686089
1 541 0.194425 -0.0288461
3 1172 0.244318 0.0140023
1 1315 -0.0597925 -0.0217047
3 1315 -0.0194029 -0.00742194
1 1316 0.175418 -0.0217047
3 1316 0.213432 0.0187633
3 1176 0.282332 0.033046
3 276 0.24907 0.0401875
3 277 0.256197 0.0401875
3 301 0.194425 0.0401875
3 278 0.268077 0.0473289
1 444 0.18017 0.0116219
1 1317 0.222935 0.0140023
3 1317 0.260949 0.0592313
1 1318 -0.00277181 0.0187633
3 1318 0.0376179 0.0354265
3 1185 0.018611 0.106841
1 1319 -0.0978063 0.0973187
3 1319 -0.069296 0.109221
1 1320 0.0138592 0.10446
3 1320 0.0423696 0.125884
3 1187 -0.0621684 0.121123
1 1321 -0.10731 0.111602
3 1321 -0.0787994 0.121123
1 1322 -0.0502891 0.118743
3 1322 -0.0241546 0.135406
1 537 0.0257386 0.128265
3 1189 -0.0992318 0.148261
1 1323 -0.102558 0.140167
3 1323 -0.0764236 0.149689
1 1324 0.277105 -0.0974036
3 1324 0.325573 -0.0459855
3 1192 -0.030807 -0.0716946
1 1325 0.211531 -0.0831208
3 1325 0.257148 -0.0402723
3 293 0.234339 -0.0402723
1 440 0.202978 -0.0802643
3 1193 -0.027956 -0.0602683
1 1326 0.217233 -0.0745511
3 1326 0.26285 -0.0317027
3 1196 -0.0735725 -0.0545552
1 1327 0.242892 -0.0631249
3 1327 0.288509 -0.0174199
1 1328 -0.0564663 -0.0574118
3 1328 -0.0194028 -0.0374158
1 1329 -0.0479132 -0.0545552
3 1329 -0.00989941 -0.0359875
1 1330 0.245743 -0.0545552
3 1330 0.29136 -0.00885015
1 1331 0.26285 -0.0516986
3 1331 0.308466 -0.00313707
1 1332 -0.0906787 -0.0317027
3 1332 -0.0496238 -0.0208477
1 443 0.202978 -0.0259896
1 1333 0.185872 -0.0145633
3 1333 0.225786 0.0254286
1 561 0.228637 -0.000280466
1 1334 0.220084 0.00828922
3 1334 0.257148 0.0539942
1 1335 0.18017 0.0111458
3 1335 0.214382 0.0539942
3 302 0.268552 0.0739901
3 306 -0.00799868 0.0711336
3 309 0.00340546 0.0939861
1 1336 -0.107785 0.0911296
3 1336 -0.0764235 0.0996992
3 1207 -0.0707215 0.111125
1 1337 0.00340546 0.102556
3 1337 0.0290648 0.125408
1 1338 0.0262137 0.108269
3 1338 0.0518731 0.133978
1 1339 -0.0507642 0.119695
3 1339 -0.0251049 0.136835
1 1340 -0.102083 0.139691
3 1340 -0.0764235 0.151117
1 1341 0.159072 -0.0928331
3 1341 0.203548 -0.0551265
3 313 0.313028 -0.0379871
1 1342 0.155651 -0.0825495
3 1342 0.200127 -0.0448428
1 1343 -0.06673 -0.0791216
3 1343 -0.0290963 -0.0585543
1 1344 -0.0256751 -0.0722659
3 1344 0.0119586 -0.0488421
1 1345 0.203548 -0.0654101
3 1345 0.248024 -0.0242756
1 1346 -0.0701513 -0.0619822
3 1346 -0.0359388 -0.041415
1 452 0.220654 -0.0585543
1 1347 0.265131 -0.0448428
3 1347 0.309607 0.00314742
1 454 0.193284 -0.0277035
3 1216 0.282237 0.0237147
1 1348 -0.141997 -0.0208477
3 1348 -0.107785 -0.00713623
1 1349 -0.00856889 -0.0174198
3 1349 0.032486 -0.000280466
3 1219 0.234339 0.0271426
3 1220 0.196706 0.040854
3 1222 -0.0621684 0.0454245
3 1223 0.032486 0.0545656
1 1350 0.203548 0.0339983
3 1350 0.237761 0.0785607
1 1351 -0.0427813 0.0717049
3 1351 -0.0119901 0.0888443
3 326 -0.0598875 0.105984
1 573 -0.0701513 0.109412
1 1352 0.0153798 0.136835
3 1352 0.0393285 0.16083
1 72 -0.121536 -0.0873906
4 961 0.275663 -0.0720841
4 9 0.296669 -0.0692141
1 1353 0.156312 -0.0749541
4 1353 0.223722 -0.0686401
4 12 0.256567 -0.0625175
4 90 -0.0244516 -0.0546346
1 1354 0.197369 -0.0099014
4 1354 0.262296 -0.00129148
4 52 0.279482 -0.000334827
4 53 0.256949 0.000239202
4 981 0.256567 0.00540511
4 984 0.28903 0.00827509
4 62 0.0484191 0.0580212
1 1355 -0.0384682 0.0771544
4 1355 0.0484191 0.078111
1 345 0.242054 -0.0950439
4 1247 0.276427 -0.0720841
4 76 0.258095 -0.0617522
1 1356 -0.0466795 -0.0663442
4 1356 0.0014427 -0.0640482
4 1250 -0.0535541 -0.0651962
4 81 -0.000848828 -0.0629002
1 623 0.167579 -0.0629002
4 86 -0.0627203 -0.0594562
4 85 0.00258848 -0.0571602
4 94 0.319279 -0.0215726
1 1357 -0.0501168 -0.0261646
4 1357 0.0564347 -0.0311314
4 1021 0.260157 -0.000908798
4 336 0.282156 0.00253514
1 609 0.223722 -0.000908798
4 1025 0.299342 0.0105711
4 115 0.291322 0.0254949
4 59 0.279864 0.0450107
4 123 0.0112963 0.0803688
4 125 0.0931041 0.112742
1 477 -0.0890729 0.111594
4 1047 0.322258 -0.073232
4 140 0.265657 -0.0739209
4 370 0.275281 -0.0725433
4 505 -0.0632244 -0.0695126
4 1054 -0.0546999 -0.0642777
4 144 0.279406 -0.0587674
4 150 0.308279 -0.0477467
4 378 0.253282 -0.0422364
4 1271 0.306904 -0.00504156
4 1070 0.293155 0.00460156
4 165 0.273906 0.0128671
4 166 0.279406 0.0183774
4 1073 0.290405 0.0252653
4 1276 -0.00217789 0.0627357
1 1358 -0.0162021 0.0803688
4 1358 0.0717928 0.083124
1 593 0.0140462 0.103788
1 1359 -0.0656993 0.113431
4 1359 0.0126713 0.113982
1 1360 0.21561 -0.0827374
4 1360 0.289855 -0.0744719
4 184 0.275006 -0.0728188
4 191 -0.0269265 -0.0695126
4 196 -0.053325 -0.0645532
4 193 0.317904 -0.0480222
4 195 0.308004 -0.0480222
4 1102 0.311304 -0.0480222
4 203 0.319554 -0.0209113
1 633 0.248608 -0.0265319
1 1361 0.243658 -0.0149602
4 1361 0.306354 -0.0050415
4 240 0.276656 0.0147957
4 241 0.236398 0.0187632
1 515 -0.000527985 0.0181019
1 1362 0.189211 0.019755
4 1362 0.248278 0.0286818
4 248 0.0463293 0.0782749
1 660 -0.0681741 0.0809199
1 1363 -0.112722 0.142085
4 1363 -0.0328661 0.141754
1 1364 0.177002 -0.0943091
4 1364 0.250258 -0.0883579
1 1365 0.21462 -0.0843905
4 1365 0.287875 -0.0764556
4 227 0.289855 -0.0685207
4 192 0.303715 -0.0506672
4 233 0.277976 -0.0427322
4 1133 0.270056 -0.0407485
4 1137 0.279956 -0.0288462
4 238 0.283916 0.0048771
4 1302 0.303715 0.0048771
4 1145 0.295795 0.0108283
1 696 0.180962 0.0108283
1 675 0.222539 0.0147958
1 677 0.228479 0.0326493
4 533 0.277976 0.0445516
1 678 0.21066 0.0366167
4 1149 -0.0051477 0.0405842
4 246 -0.0110874 0.0584377
4 247 0.0661282 0.0723237
4 249 0.0720678 0.0822423
4 1151 0.0720678 0.0881935
1 683 -0.017027 0.0941447
4 252 0.0126713 0.113982
1 1366 0.016631 0.137787
4 1366 0.0978063 0.143738
4 1159 0.260949 -0.0740751
1 538 0.201552 -0.0812164
4 1307 -0.0194029 -0.0764555
4 1162 -0.0312822 -0.0669337
1 1367 -0.0978063 -0.0645532
4 1367 -0.0526649 -0.0645532
4 1164 0.315594 -0.0550313
4 266 0.239566 -0.0550313
4 1175 0.26285 -0.00599361
4 277 0.284708 0.00448046
4 1318 0.0946386 0.0187633
1 698 0.189673 0.0187633
4 1180 0.258573 0.0449484
1 1368 -0.00989941 0.0401875
4 1368 0.0827593 0.0401875
1 548 -0.0906787 0.0425679
4 1183 0.07088 0.0806554
4 1185 0.07088 0.0877968
4 1187 -0.00989941 0.109221
4 1188 0.0613765 0.116362
1 1369 -0.116813 0.140167
4 1369 -0.0360339 0.140167
4 1323 -0.0241546 0.140167
4 1325 0.277105 -0.0745511
4 299 0.311317 -0.0145633
1 1370 0.23719 -0.00599361
4 1370 0.303715 0.00448046
4 303 0.046171 0.0140024
1 1371 -0.0165518 0.0968427
4 1371 0.0689793 0.0996992
4 1208 0.0575751 0.102556
4 289 0.0404689 0.125408
4 1210 0.104142 0.133026
1 1372 0.206969 -0.0825495
4 1372 0.278816 -0.0756937
4 316 0.258288 -0.0722659
1 705 0.275394 -0.0791216
4 1212 0.251446 -0.0585543
4 1345 0.278816 -0.0585543
4 317 0.241182 -0.0551265
4 319 0.278816 -0.0448428
1 730 0.241182 -0.0105641
1 1373 -0.0188326 0.0339983
4 1373 0.0769622 0.0339983
4 447 0.0803835 0.040854
1 1374 -0.0427813 0.0545656
4 1374 0.0495922 0.0545656
4 1351 0.046171 0.0717049
1 1375 -0.104364 0.140262
4 1375 -0.0256751 0.140262
5 1231 0.00258848 -0.0847119
5 1232 0.280437 -0.0854773
5 961 0.307363 -0.0697881
5 11 0.019775 -0.0697881
5 465 0.0264586 -0.052951
5 16 0.347273 -0.0519943
5 19 0.348228 -0.0481677
1 1376 0.260386 -0.052951
5 1376 0.36255 -0.0424277
5 43 0.347273 -0.0127714
5 47 0.303352 -0.0118147
5 979 0.304307 -0.000334827
5 981 0.287121 0.00827509
1 1377 0.230787 -0.0032048
5 1377 0.327222 0.00827509
5 985 0.310036 0.0207116
5 60 0.0335242 0.0484547
5 1242 0.0942498 0.0628045
1 1378 -0.0909825 0.0618479
5 1378 0.024549 0.0704578
5 128 0.0497941 0.121696
5 133 0.073626 0.134554
5 84 -0.0395758 -0.0546346
5 623 0.268406 -0.0532571
5 80 0.272989 -0.0491243
5 1008 0.347464 -0.0479763
5 94 0.350902 -0.0204246
5 98 0.309654 -0.0204246
1 103 0.208827 -0.0273125
5 1357 0.0906471 -0.0242756
1 1379 -0.00772344 -0.0215726
5 1379 0.275281 -0.0364964
5 107 0.322258 -0.00435274
5 108 0.31882 -0.0032048
5 1019 0.306904 0.000468791
5 336 0.312404 0.00460156
5 1025 0.329132 0.0128671
5 1029 0.0862295 0.020903
1 1380 -0.0249099 0.0369748
5 1380 0.110291 0.0427147
1 1381 -0.0913644 0.0427147
5 1381 0.033295 0.0486843
5 367 0.0869169 0.0858792
5 123 0.0484192 0.0872567
5 125 0.131487 0.120204
5 130 0.0908125 0.129962
5 134 0.106662 0.13838
1 1382 0.0151919 0.127666
5 1382 0.136261 0.139337
5 344 0.134352 0.145077
1 1383 0.0181709 -0.50786
5 1383 0.054148 -0.492248
5 1044 0.00112192 -0.0843905
5 140 0.295905 -0.0711657
5 143 0.282156 -0.0560122
5 144 0.309654 -0.0560122
5 147 0.326153 -0.0491243
5 1058 0.00277182 -0.0463691
5 1268 0.271156 -0.0449916
5 152 0.349252 -0.0248788
5 1067 0.30003 -0.0174399
5 102 0.346777 -0.0146847
5 1070 0.323403 0.00735673
5 1071 0.328903 0.0128671
5 1073 0.316529 0.0280205
1 806 -0.0437005 0.0541946
5 406 0.0935166 0.0842261
1 1384 0.0140462 0.109298
5 1384 0.13206 0.120778
5 1359 0.0506191 0.123901
5 180 0.108366 0.137125
5 1084 0.00304677 0.153381
5 1085 0.352277 -0.0918295
5 181 0.339902 -0.0849416
5 1088 0.000791953 -0.0843905
5 1360 0.319554 -0.0728188
5 183 0.294805 -0.0711656
5 1091 0.00442172 -0.0678594
5 188 0.298105 -0.0645532
1 229 0.167762 -0.0629002
5 1099 0.279956 -0.0496753
5 1100 0.326153 -0.0496753
5 1281 0.311304 0.019755
5 212 0.311304 0.0230612
5 214 0.085267 0.0214082
1 680 -0.0962225 0.0362861
5 407 0.101766 0.0842261
5 248 0.085927 0.0862098
5 1286 0.110016 0.105716
5 221 0.138064 0.127207
5 222 0.0760276 0.133819
1 1385 -0.119321 0.140432
5 1385 -0.000527985 0.152003
5 224 0.293815 -0.0705044
5 227 0.319554 -0.066537
5 1129 -0.0289063 -0.0550313
5 192 0.333413 -0.0486834
5 233 0.308466 -0.0407485
5 1133 0.299755 -0.0387648
5 1140 0.341728 -0.0121829
5 1302 0.333413 0.00686083
5 1303 0.240358 0.00983643
5 1147 0.0839471 0.0207469
5 245 0.111666 0.0425679
5 1149 0.0324701 0.0485191
1 1386 -0.0388058 0.0762912
5 1386 0.0938466 0.0842261
1 1387 -0.0328661 0.0762912
5 1387 0.0997862 0.0842261
5 254 0.0661282 0.131835
5 255 0.109686 0.135803
5 1366 0.137404 0.149689
5 256 0.00277185 0.151673
5 1157 0.37404 -0.0859773
5 538 0.30609 -0.0716946
5 1307 0.00435578 -0.0693141
5 261 0.327473 -0.0693141
5 263 0.320346 -0.0669337
5 1162 -0.00514767 -0.0597922
5 1310 0.31797 -0.0597922
5 266 0.270452 -0.0526508
5 1311 0.284708 -0.0455094
5 1172 0.305615 -0.0174199
5 1175 0.294211 -0.00313707
5 1176 0.334601 -0.00266096
1 1388 -0.00277181 0.00686089
5 1388 0.135028 0.0116219
1 1389 -0.0597925 0.0140023
5 1389 0.0756317 0.0187633
5 280 0.0851352 0.0211437
5 1318 0.135028 0.0235242
5 1179 0.31987 0.0397114
5 283 0.0898869 0.0616117
5 1182 0.0518731 0.0768467
1 840 -0.0906787 0.10208
5 1322 0.0661282 0.130645
5 439 0.11127 0.135406
5 1323 0.0162351 0.15207
1 706 0.251446 -0.068838
1 1390 0.194425 -0.0145633
5 1390 0.292501 -0.00370835
5 1202 0.314168 -0.000280466
1 848 -0.00229663 0.0197154
1 1391 -0.0222539 0.0368549
5 1391 0.113645 0.0425679
1 1392 -0.116338 0.088273
5 1392 0.00910752 0.0968427
5 310 0.0946386 0.0996992
5 289 0.0803835 0.133407
5 1372 0.306185 -0.0722659
5 1212 0.282237 -0.0551265
5 318 0.292501 -0.0516986
5 297 0.34553 -0.0459855
5 447 0.121438 0.0477098
1 1393 -0.0325176 0.0545656
5 1393 0.100911 0.0614213
1 1394 -0.0633088 0.119695
5 1394 0.0632772 0.129979
6 12 0.244345 0.107002
6 13 0.311946 0.13264
6 17 0.222576 0.103558
6 51 0.232888 0.123074
6 57 0.23938 0.18717
6 1243 -0.0427655 0.123901
1 1395 -0.114853 0.0857643
6 1395 -0.129175 0.182387
6 73 0.251907 0.100757
1 1396 0.212264 0.0013872
6 1396 0.25122 0.178177
1 1397 -0.11428 0.0863383
6 1397 -0.129175 0.182769
6 1053 0.246298 0.149689
6 1264 0.222539 0.10208
6 161 0.255803 0.173585
6 1093 0.336977 0.128265
1 1398 0.248608 -0.0744719
6 1398 0.313614 0.123901
6 373 0.00736248 -0.000334827
1 1399 0.21396 -0.00338843
6 1399 0.256197 0.175477
1 1400 0.20901 0.0015709
6 1400 0.247783 0.178177
6 1110 0.257407 0.1768
6 213 0.250532 0.186443
1 1401 0.20406 0.0164488
6 1401 0.239533 0.186443
1 1402 0.171062 -0.102244
6 1402 0.237471 0.0714144
6 1295 0.275204 0.113982
6 417 0.258177 0.167543
1 1403 0.170666 -0.102641
6 1403 0.236783 0.0707257
6 268 0.245743 0.119695
6 1173 0.293155 0.170187
6 439 -0.0360339 0.242527
6 295 0.244603 0.116267
6 1390 0.23719 0.162544
1 1404 0.194425 -0.00599361
6 1404 0.234339 0.171113
1 1405 0.20868 -0.00313707
6 1405 0.24907 0.173494
6 317 0.224076 0.102556
1 1406 0.217233 -0.0139919
6 1406 0.259999 0.168257
7 1233 0.0235942 -0.0462544
7 12 0.284447 0.0840423
7 21 0.054148 -0.0175547
7 13 0.354912 0.103941
1 1407 0.254657 -0.0328612
7 1407 0.38291 0.0881935
7 39 0.295714 0.125944
1 1408 0.0169105 0.14125
7 1408 0.0495922 0.239671
7 77 0.356631 0.103558
7 81 0.0449819 -0.0158326
7 1022 0.277573 0.13551
1 1409 0.268406 -0.0821864
7 1409 0.381837 0.0874863
7 1053 0.284906 0.0842261
1 1410 -0.0437005 -0.0670329
7 1410 0.052269 -0.0182664
7 157 0.28903 0.13685
7 163 0.312404 0.150626
7 1071 0.322448 0.1556
7 167 0.286555 0.163575
7 399 0.29453 0.132717
7 206 0.339444 0.141442
7 1361 0.337702 0.145391
7 1400 0.293155 0.153656
7 1401 0.285896 0.163575
1 866 0.2067 -0.00900897
1 1411 0.20472 0.00289342
7 1411 0.289855 0.151673
1 1412 0.21462 0.0108283
7 1412 0.297775 0.163575
7 1160 0.362636 0.088273
7 269 0.334601 0.109221
7 1194 0.330134 0.0854164
7 1405 0.296587 0.144928
7 1211 0.360925 0.0854164
7 321 0.292501 0.129979
7 1406 0.305615 0.142548
1 1413 0.217233 0.0100032
7 1413 0.302764 0.16083
1 1414 -0.118049 0.0888443
7 1414 -0.0422111 0.216818
8 17 0.192786 0.0335309
8 77 0.284447 0.0450107
8 347 0.279406 0.0486843
8 1008 0.278031 0.052817
8 91 0.224867 0.0576386
8 89 0.22945 0.0587866
8 103 0.230596 0.0760064
8 1055 0.251907 0.0459291
1 1415 -0.0437005 -0.0573898
8 1415 -0.0290963 -0.0277035
8 1273 0.232888 0.0966702
8 1071 0.253702 0.100114
8 173 0.21066 0.121917
8 1092 0.184921 0.00686083
8 1398 0.283916 0.0366167
8 189 0.283916 0.0445516
8 1100 0.251907 0.051164
8 1104 0.016631 -0.044716
1 1416 -0.0929226 -0.0298381
8 1416 -0.104934 0.0825599
8 206 0.271156 0.083124
8 240 0.227159 0.104063
8 1296 0.284708 0.0425679
8 866 0.224519 0.0862098
8 1301 0.230459 0.0941447
8 421 0.211056 0.121123
8 519 0.285658 0.0368549
8 1164 0.277105 0.0482811
8 269 0.265701 0.0520898
8 1176 0.266097 0.0881935
8 278 0.24907 0.0996992
1 1417 0.20868 0.00448046
8 1417 0.225311 0.0973187
8 292 0.186442 0.0065753
8 1202 0.23719 0.088273
8 1370 0.259999 0.0968427
8 561 0.248595 0.102556
8 1334 0.23719 0.111125
1 1418 0.234339 -0.0585543
8 1418 0.265131 0.0511377
8 1406 0.237761 0.0888443
1 1419 0.206969 0.0065753
8 1419 0.224076 0.102556
8 1224 -0.131068 0.240147
9 21 -0.0795249 -0.0127714
9 22 -0.0823893 -0.0099014
9 23 -0.0881181 -0.00798808
9 465 -0.0852537 -0.00703143
9 26 -0.0842989 -0.00416145
9 28 -0.0862085 -0.00224814
9 32 -0.0862085 0.00253514
9 29 0.176745 0.0254949
9 42 -0.0501168 0.00368314
9 77 0.244345 0.00597914
9 81 -0.087698 -0.00917433
9 82 -0.0835732 -0.00917433
9 1005 -0.0821983 -0.0100927
9 1008 0.239762 0.015163
9 83 0.229832 0.0178417
9 92 -0.0871633 0.00062183
9 89 0.199278 0.0283649
9 109 0.190494 0.0553426
9 1027 0.203098 0.0742844
9 171 0.16777 0.0714144
9 1050 -0.0962225 -0.0248788
9 505 -0.152319 -0.0119295
9 1410 -0.0808234 -0.0133071
9 1054 -0.145445 -0.00917433
9 147 0.219138 0.016311
9 1057 -0.0830232 -0.00338843
9 1268 0.164142 0.020903
9 91 0.193932 0.0289389
9 402 0.179037 0.059705
9 162 0.206535 0.0610826
9 163 0.209972 0.0633786
9 396 -0.0803834 -0.00900897
9 1104 -0.0455373 -0.0145633
9 1133 0.194161 0.0296736
9 244 0.178982 0.0881935
1 1420 0.0126713 0.108031
9 1420 0.0274134 0.226393
9 1159 0.185872 -0.00599361
9 263 0.213432 -0.00266096
9 1163 -0.085927 -0.0121829
9 275 0.20472 0.056454
9 1388 0.0290648 0.159687
9 548 -0.0731238 0.188372
9 293 0.183021 -0.00713623
1 1421 0.222935 -0.0659814
9 1421 0.214382 0.00257608
9 1370 0.222935 0.0592313
9 306 -0.017027 0.20444
10 11 -0.069824 -0.060145
10 12 0.211118 -0.0330524
10 21 -0.0546999 -0.0481677
10 968 -0.0863231 -0.0449916
10 17 0.19164 -0.0271212
10 330 0.260386 -0.0223379
10 29 0.207681 -0.0146847
10 977 0.271844 -0.00224814
10 41 0.223149 0.00731843
10 1354 0.21341 0.018607
10 1247 0.229909 -0.0422364
10 81 -0.0615745 -0.0445323
10 1005 -0.0569914 -0.0456803
10 1010 -0.0546999 -0.0364964
10 98 0.230787 0.0034918
10 505 -0.127571 -0.0491243
10 1054 -0.119321 -0.0463692
10 1055 0.248928 -0.0284605
10 1057 -0.0574497 -0.0394812
10 1268 0.194161 -0.020195
10 91 0.224409 -0.0119295
10 156 0.223722 0.00942309
10 176 -0.0427655 0.13977
1 1422 -0.0808234 0.0665929
10 1422 -0.0313262 0.150626
10 136 0.0662931 0.208484
10 188 0.220559 -0.0407485
1 1423 -0.0483752 -0.0546346
10 1423 -0.0599246 -0.0347974
1 1424 0.20571 -0.0298381
10 1424 0.228809 0.0048771
10 168 0.234033 0.0427147
1 805 0.20241 0.0379392
10 1289 0.068768 0.20325
1 1425 -0.0764236 -0.0923254
10 1425 -0.0867814 -0.0697881
10 398 0.228479 0.0048771
10 239 0.238708 0.0280206
10 1163 -0.0597925 -0.0478899
10 268 0.217233 -0.023133
10 304 0.228637 0.0568508
10 1181 -0.0422111 0.142548
10 1187 -0.0407856 0.194918
10 1326 0.242892 -0.0402723
10 295 0.213812 -0.0242756
10 306 0.0245506 0.151673
1 1426 -0.0764235 0.0625639
10 1426 -0.0222539 0.151117
1 1427 -0.0194028 0.0711336
10 1427 0.0423696 0.159211
1 1428 -0.053045 0.0579935
10 1428 0.0119586 0.153974
1 1429 -0.0769938 0.0614213
10 1429 -0.0222539 0.150546
10 325 0.0290648 0.164258
11 961 0.300488 -0.0296085
11 9 0.319966 -0.0307565
11 19 0.336771 -0.013728
11 971 0.0169105 -0.0127714
11 32 0.0102269 -0.0127714
11 131 0.0908125 0.205729
11 1008 0.337152 -0.0135367
11 89 0.300488 -0.000334827
11 109 0.290176 0.0300869
1 1430 0.204243 -0.0112407
11 1430 0.288205 0.0296736
11 1024 0.305262 0.0369748
11 141 0.319279 -0.0312157
1 1431 0.231284 -0.0573898
11 1431 0.324778 -0.0119295
11 156 0.293155 0.0211326
11 1070 0.311946 0.0346789
11 163 0.307363 0.0392708
1 1432 0.278306 -0.0959622
11 1432 0.356934 -0.0545552
11 195 0.327528 -0.0105519
11 1423 0.0110213 -0.013307
11 633 0.334861 0.016311
11 168 0.301634 0.0541946
11 215 0.29728 0.0693481
11 1116 0.0433199 0.191109
11 1122 0.354083 -0.0551265
11 1425 -0.0190069 -0.0466997
11 1127 0.0106914 -0.0248788
11 1301 0.299755 0.0362861
11 239 0.308004 0.0395923
11 245 0.141914 0.13685
11 246 0.0494972 0.149689
11 263 0.299913 -0.0317027
11 1163 0.0114834 -0.0264657
11 277 0.303715 0.0366167
11 1187 0.0542489 0.20325
11 303 0.106043 0.113982
1 1433 -0.0878277 0.0625639
11 1433 0.0518731 0.151117
11 311 0.114596 0.196822
11 319 0.302764 -0.00313707
11 322 0.0974897 0.105984
1 1434 -0.19983 -0.17923
12 1434 -0.252918 -0.119152
12 961 0.343454 -0.0519943
12 9 0.359686 -0.0539076
12 17 0.310991 -0.0319045
12 48 0.0908125 -0.0135367
12 1395 0.165287 0.167846
12 71 0.360068 -0.0537163
12 1008 0.376872 -0.0395578
12 1254 0.326153 0.0147957
12 1024 0.353957 0.0111451
12 370 0.342652 -0.0518795
12 1053 0.326153 -0.0408588
12 1265 0.0126712 0.00597914
12 147 0.361214 -0.0364964
12 151 0.371525 -0.0364964
12 1268 0.313779 -0.0257053
12 806 0.176745 0.118482
12 1096 0.0257386 -0.000280524
12 200 0.341277 -0.0229502
12 1293 0.0502891 -0.0189276
12 1130 -0.0165518 0.0140024
12 230 0.332753 -0.0331443
12 233 0.345292 -0.0268624
12 1133 0.341002 -0.0232256
12 683 0.222209 0.153656
12 1307 0.0494972 -0.0193243
12 263 0.341728 -0.0526508
12 431 0.361131 -0.0367811
12 1167 -0.00856889 0.00314742
1 1435 0.205829 -0.0516986
12 1435 0.34648 -0.0264657
12 306 0.230063 0.123504
12 307 0.239566 0.121123
12 1208 0.222935 0.161591
13 1434 -0.297603 -0.157035
13 961 0.247019 -0.0663442
13 1235 -0.0890729 -0.0261646
13 90 -0.0505751 -0.0257053
1 1436 -0.0270105 -0.047211
13 1436 -0.014598 -0.0215726
13 39 0.250838 -0.0213813
13 41 0.244154 -0.0175547
13 1238 0.2432 -0.00416145
13 111 0.230787 0.00253514
13 981 0.230787 0.00540511
13 170 0.220284 0.0254949
13 364 0.0770633 0.0962875
13 62 0.0761085 0.100114
13 1247 0.246637 -0.0663442
13 74 0.238616 -0.0629002
13 347 0.284256 -0.0539076
13 80 0.216847 -0.0445323
13 83 0.275281 -0.0479763
13 109 0.2432 -0.00435274
13 1254 0.231284 0.000468791
13 120 0.0808825 0.102027
13 125 0.112391 0.140294
13 1382 0.120984 0.159427
13 344 0.120984 0.165167
13 1046 0.29094 -0.0787807
13 143 0.225784 -0.0518795
13 147 0.266115 -0.0502723
13 374 0.283531 -0.0505019
13 378 0.227159 -0.036726
13 1069 0.237471 -0.0135367
13 1071 0.269552 0.00483114
13 136 0.119915 0.164402
13 188 0.238708 -0.0629002
13 633 0.284906 -0.0215726
13 207 0.255207 -0.00338843
13 400 0.250258 -0.0017353
13 208 0.265107 -8.22329e-05
13 215 0.253282 0.0376636
1 1437 -0.0252766 0.0362861
13 1437 0.0979163 0.0776136
1 1438 -0.0252766 0.0759606
13 1438 0.0918666 0.115635
13 1289 0.121565 0.159608
13 1123 0.299755 -0.0794312
13 225 0.265107 -0.0678594
13 1133 0.242338 -0.0367811
13 866 0.248278 -0.00107404
13 239 0.261807 0.0048771
13 675 0.256197 0.0187632
13 245 0.0984663 0.0776136
13 250 0.03445 0.121917
13 252 0.0384098 0.153656
13 1305 0.117605 0.163575
13 1163 -0.0265304 -0.038368
13 1172 0.24907 -0.0193243
13 1173 0.27758 -0.0169438
13 435 0.0978063 0.0762912
13 1186 0.0281144 0.149689
13 1325 0.253821 -0.0716946
13 295 0.225786 -0.0488421
13 307 0.087511 0.0973187
13 311 0.0775324 0.145404
13 1373 0.100911 0.0751328
1 1439 -0.0872575 0.0614213
13 1439 0.0153798 0.105984
13 1351 0.0701197 0.112839
13 456 0.0838047 0.129979
14 10 0.256949 -0.0468283
14 31 -0.000275968 -0.00511811
1 1440 0.26325 -0.0376444
14 1440 0.285658 -0.0311314
14 111 0.252748 0.0149717
14 1377 0.28903 0.014015
14 69 0.280437 -0.0567776
14 1247 0.268406 -0.0502723
14 146 -0.063866 -0.0123887
14 1008 0.304307 -0.0366878
14 98 0.272799 -0.00703143
14 1024 0.279482 0.0149717
14 1025 0.289985 0.016885
14 374 0.303925 -0.0353484
14 1415 0.00373423 -0.00894474
14 151 0.298196 -0.0330524
14 1268 0.238158 -0.0243277
14 102 0.305071 -0.00894474
1 158 0.21341 -0.0119295
14 159 0.268406 0.0105711
14 1070 0.285593 0.0128671
1 1441 0.198285 0.036286
14 1441 0.255207 0.051164
14 257 -0.0764236 -0.485896
14 184 0.268406 -0.0496753
1 227 0.21561 -0.076125
14 1101 0.00304677 -0.00917433
14 195 0.29728 -0.0339709
14 215 0.273906 0.0473067
14 216 0.254217 0.0505028
14 225 0.286555 -0.0513284
14 192 0.291505 -0.0347974
14 417 0.276656 0.00983643
14 1301 0.275006 0.0147957
14 266 0.23719 -0.0312266
14 1172 0.271706 -0.0050415
14 444 0.224076 0.0271426
14 258 0.315594 -0.0669337
14 295 0.24907 -0.0336071
14 1373 0.143106 0.102556
2 1442 0.119075 -0.461443
3 1442 0.141035 -0.437527
2 1231 -0.0480163 -0.0845206
2 1232 0.186866 -0.0739974
2 1228 0.256567 -0.0730408
2 466 -0.0909825 -0.0548643
3 960 0.319584 -0.0309478
3 22 -0.00982403 -0.0433844
2 1235 -0.0871633 -0.052951
2 468 -0.0890729 -0.0519943
2 467 -0.0270105 -0.047211
2 1443 0.259431 -0.0462544
3 1443 0.295714 -0.0242513
2 1444 -0.0270105 -0.0452977
3 1444 -0.00695961 -0.0347745
2 17 0.176363 -0.0433844
2 1236 -0.029875 -0.0424277
2 1445 0.257522 -0.0395578
3 1445 0.293804 -0.016598
3 329 0.214555 -0.0204246
2 30 0.212646 -0.0271212
2 1446 -0.0165077 -0.0127714
3 1446 0.0235942 -0.00511811
2 1447 0.208827 -0.00129148
3 1447 0.24129 0.019755
2 43 0.256567 0.00062183
2 1239 0.19355 0.0111451
2 1448 0.196414 0.0130584
3 1448 0.224103 0.0341048
3 111 0.231742 0.0360181
2 1449 0.223149 0.0187983
3 1449 0.253702 0.0398448
2 113 0.222194 0.0207116
3 984 0.261341 0.0436714
3 363 0.0130913 0.053238
2 1450 -0.044197 0.0618479
3 1450 -0.00505 0.0685445
2 1451 -0.0871633 0.0637612
3 1451 -0.0546999 0.0695011
2 1452 -0.0909825 0.0675878
3 1452 -0.0594739 0.0733278
2 1453 -0.0422874 0.0857643
3 1453 -0.00695961 0.0943742
2 480 0.0102269 0.15273
2 1454 0.0667514 -0.478472
3 1454 0.0896668 -0.45666
2 1455 -0.192192 -0.457808
3 1455 -0.169277 -0.449772
2 1456 -0.0604287 -0.08012
3 1456 -0.0409507 -0.0709361
3 345 0.290176 -0.0502723
3 75 -0.0260557 -0.0571602
2 1457 -0.0375134 -0.0674921
3 1457 -0.0168896 -0.0571602
2 968 -0.0535541 -0.0548643
3 79 -0.00428614 -0.0445323
2 1264 0.176745 -0.0433844
2 1458 0.214555 -0.0422364
3 1458 0.250074 -0.0215726
3 83 0.278718 -0.0112407
2 1459 0.274135 -0.0123887
3 1459 0.305529 0.0114895
3 352 0.296669 0.0121017
3 100 0.240908 0.015163
2 1460 0.215701 -0.00664874
3 1460 0.248928 0.014015
3 158 0.25122 0.0323829
2 402 0.200806 0.015163
2 336 0.222576 0.015163
3 1028 0.252366 0.0564906
3 167 0.240908 0.059705
2 1461 0.19966 0.0415668
3 1461 0.224409 0.0638377
2 1462 -0.0317845 0.0438627
3 1462 0.00946306 0.0507507
2 119 -0.0902187 0.0530467
2 364 -0.0478253 0.0610826
3 1033 0.0255038 0.0748584
3 386 -0.0432422 0.0851903
3 408 -0.0368259 0.127207
2 1463 0.0232123 0.126518
3 1463 0.0507107 0.140294
2 503 -0.120009 0.146034
3 1041 0.0381072 0.16555
2 1464 0.0662931 -0.483064
3 1464 0.0896668 -0.461023
2 1465 0.0704179 -0.459645
3 1465 0.0910417 -0.437604
2 1466 -0.0560748 -0.0821864
3 1466 -0.0368259 -0.0725433
3 1054 -0.0615745 -0.0491243
2 1467 -0.0272015 -0.0560122
3 1467 -0.00520274 -0.0449916
3 376 -0.0107024 -0.0422364
3 378 0.224409 -0.00917433
2 1468 0.21066 -0.00917433
3 1468 0.243658 0.0114895
3 94 0.293155 0.0156223
2 102 0.256032 -0.000908798
2 483 0.254657 0.00873432
2 1469 0.192786 0.0101119
3 1469 0.220559 0.0313268
3 163 0.260157 0.0445516
2 360 0.217534 0.0280205
3 384 0.251907 0.0514395
2 1470 0.223034 0.0376636
3 1470 0.253282 0.059705
2 1275 0.239533 0.0459291
2 1471 -0.0918227 0.0514395
3 1471 -0.0560748 0.0569498
2 172 0.228534 0.0569498
2 1472 0.225784 0.0583274
3 1472 0.251907 0.0817464
2 1473 -0.0478253 0.0610826
3 1473 -0.00932751 0.0679705
2 1474 -0.0437005 0.0665929
3 1474 -0.00657766 0.0748584
2 500 0.0222957 0.120319
3 391 -0.00547772 0.135472
2 1475 0.0222957 0.125829
3 1475 0.051169 0.139605
3 1082 -0.0236267 0.138778
2 1289 0.00854646 0.138227
2 1476 0.0704179 -0.459645
3 1476 0.0918666 -0.438155
3 1101 -0.00877752 -0.0381036
2 1298 -0.0137272 -0.0480222
2 190 0.195811 -0.0480222
2 1477 0.253557 -0.0381036
3 1477 0.289855 -0.0166132
2 1478 0.179312 -0.0347974
3 1478 0.21231 -0.0166132
2 1479 -0.0285764 -0.0298381
3 1479 -0.0104274 -0.0182664
2 1480 0.21231 -0.0265319
3 1480 0.246958 -0.00669463
3 415 0.305694 0.012812
2 398 0.21231 -0.0083477
2 1481 0.256857 -0.0017353
3 1481 0.289855 0.0214082
3 403 0.251907 0.0379392
3 209 0.256857 0.0412454
2 527 0.00277182 0.0247144
2 1482 0.21396 0.0263674
3 1482 0.245308 0.0478578
2 1483 0.190861 0.0313268
3 1483 0.21462 0.0524865
3 169 0.261807 0.0610826
2 1484 0.20076 0.0428985
3 1484 0.224519 0.0643889
3 175 0.0258705 0.0660419
3 215 0.251907 0.0809199
2 1485 -0.0780735 0.0759606
3 1485 -0.0450754 0.082573
3 1116 -0.0632244 0.122247
3 1119 -0.100182 0.145722
2 1290 -0.106122 0.143738
2 1486 0.285896 -0.0764556
3 1486 0.321533 -0.0526509
2 1293 -0.0467253 -0.0685207
2 1294 -0.0982023 -0.0645532
2 518 0.224519 -0.0605858
3 224 0.236398 -0.0387648
3 1124 0.248278 -0.0387648
2 270 -0.0883029 -0.0546346
2 227 0.226499 -0.0526509
2 1296 0.260157 -0.0427322
2 1487 0.186901 -0.0407485
3 1487 0.220559 -0.0209113
2 520 0.254217 -0.0387648
2 1488 0.254217 -0.0328136
3 1488 0.289855 -0.0109926
2 1300 0.184921 -0.0288462
3 233 0.250258 -0.00900897
3 1136 0.21066 0.000909691
3 203 0.291835 0.0167795
3 1142 0.281936 0.0326493
3 418 0.244318 0.0326493
2 276 0.218579 0.0187632
3 1147 -0.0110874 0.0306656
2 1489 -0.0427655 0.0286818
3 1489 -0.00118794 0.034633
2 444 0.190861 0.0306656
2 213 0.226499 0.0366167
2 244 0.2067 0.0584377
2 1490 -0.0209868 0.104063
3 1490 0.0126713 0.113982
2 254 -0.0546449 0.125884
2 253 -0.0269264 0.125884
2 1491 -0.0467253 0.129852
3 1491 -0.017027 0.13977
2 1305 0.00475171 0.141754
3 256 -0.0906787 0.149689
2 1492 0.0661282 -0.483516
3 1492 0.0879069 -0.461298
3 1157 0.325097 -0.0478899
2 1307 -0.0479132 -0.0693141
2 1309 -0.100182 -0.0645532
2 262 0.16829 -0.0597922
2 1308 0.284708 -0.0502703
3 1166 -0.0289063 -0.038368
2 1310 0.222935 -0.0478899
2 266 0.177794 -0.0431289
3 268 0.234815 -0.0193243
2 1493 0.244318 -0.0359875
3 1493 0.279956 -0.0145633
3 434 0.246694 -0.00742194
2 1494 0.196801 -0.0264657
3 1494 0.230063 -0.00742194
2 1495 0.275204 -0.0169438
3 1495 0.308466 0.00686089
2 1496 -0.017027 -0.0145633
3 1496 0.0205117 -0.00599361
2 1497 0.258573 -0.00504145
3 1497 0.291835 0.0187633
3 1174 0.320346 0.0306656
3 1177 0.244318 0.033046
2 1498 0.222935 0.0116219
3 1498 0.253821 0.033046
2 548 -0.0930546 0.0473289
3 437 0.0257386 0.0592313
3 1180 0.232439 0.078275
2 1499 0.211056 0.0592313
3 1499 0.23719 0.0806554
3 283 -0.00989941 0.0687531
3 1182 -0.033658 0.0825599
2 1500 -0.0194029 0.0877968
3 1500 0.0162351 0.0973187
3 1183 0.0209868 0.0973187
2 1501 -0.112062 0.0949383
3 1501 -0.0787994 0.0996992
3 438 0.0138592 0.113982
2 1320 0.0114834 0.113982
3 1188 0.0062565 0.133978
2 1323 -0.10731 0.142548
2 1502 0.268552 -0.0802643
3 1502 0.302764 -0.0574118
2 1503 0.220084 -0.0459855
3 1503 0.257148 -0.0259896
2 1327 0.254297 -0.0402723
3 295 0.234339 -0.0174199
2 1504 0.214382 -0.0288461
3 1504 0.251446 -0.00885015
2 1505 0.197276 -0.0259896
3 1505 0.231488 -0.00599361
2 1506 0.288509 -0.0174199
3 1506 0.314168 0.00828922
2 1507 0.254297 -0.0117067
3 1507 0.288509 0.0111458
3 454 0.234339 0.0140024
2 1508 0.251446 0.00257608
3 1508 0.285658 0.0254286
2 1333 0.197276 0.00543267
2 1509 0.251446 0.0111458
3 1509 0.282807 0.0339983
2 1510 0.205829 0.0168589
3 1510 0.234339 0.0374261
2 1220 0.174468 0.0197154
2 561 0.23719 0.0254286
3 305 0.000554417 0.0339983
2 1511 -0.00514767 0.0282851
3 1511 0.0376179 0.0368549
2 1512 0.200127 0.0425679
3 1512 0.225311 0.0639922
2 1513 -0.00229663 0.0454245
3 1513 0.0376179 0.0539942
3 447 0.0262137 0.0597074
3 1206 -0.0108497 0.0996992
2 1336 -0.110636 0.0939861
2 310 -0.0422111 0.0996992
3 1207 -0.0621684 0.111125
2 1337 -0.00229663 0.113982
3 450 -0.0422111 0.125408
3 286 0.051873 0.133026
3 457 -0.0365091 0.133978
2 313 0.282237 -0.0619822
2 1514 -0.0872575 -0.0551265
3 1514 -0.0707215 -0.0459855
3 1213 -0.0119901 -0.0379871
2 1345 0.213812 -0.0448428
3 320 0.230918 -0.00713623
2 1347 0.275394 -0.0208477
2 1515 0.220654 -0.0139919
3 1515 0.254867 0.0065753
2 1516 0.189863 0.0305704
3 1516 0.213812 0.0511377
2 1517 -0.0256751 0.0442819
3 1517 0.0153798 0.0511377
2 571 -0.0872575 0.0648492
2 326 -0.0906787 0.099128
2 1518 -0.00514764 0.112839
3 1518 0.0290648 0.123123
2 1519 -0.0256751 0.119695
3 1519 0.00511609 0.129979
3 1227 -0.06673 0.129979
2 1520 -0.0119901 0.133407
3 1520 0.0188011 0.14369
4 1442 0.098069 -0.471967
2 1521 0.226968 -0.207929
4 1521 0.194504 -0.213669
4 346 0.3108 -0.0858599
2 1356 -0.0317846 -0.0548643
4 23 -0.00123077 -0.0625175
4 329 0.2432 -0.0519943
4 18 0.295714 -0.0519943
4 103 0.278527 -0.0175547
4 335 0.281392 -0.0032048
4 50 0.26516 -0.00129148
2 1522 0.222194 0.0293215
4 1522 0.281392 0.0159283
4 364 0.0495649 0.0518987
4 1450 0.0518564 0.0518987
4 341 0.0474643 0.0541946
4 1453 0.0484192 0.0783024
4 128 0.0126712 0.113431
4 66 0.0942498 0.112551
2 1523 0.227159 -0.207547
4 1523 0.195077 -0.213287
4 351 0.254657 -0.0433844
2 98 0.21341 -0.00894474
4 333 0.321112 -0.0215726
4 1460 0.277573 -0.0204246
2 1524 0.200806 0.0128671
4 1524 0.257407 0.000468791
4 336 0.282156 0.00184638
4 1029 0.0470442 0.0128671
4 1030 0.28903 0.0266429
4 1461 0.248608 0.0296736
2 614 -0.0925102 0.0473067
4 365 0.0484192 0.0564906
4 344 0.0952046 0.137424
2 1525 0.069043 -0.207547
4 1525 0.0374198 -0.213057
2 1526 0.201035 -0.0560122
4 1526 0.264282 -0.0697881
2 650 0.179037 -0.0353484
2 1527 0.221659 0.0114895
4 1527 0.283256 -0.0017353
4 402 0.258507 0.00322397
4 360 0.276656 0.0142447
4 385 0.0580436 0.0183774
2 1073 0.234033 0.0376636
4 1076 0.0841671 0.0473067
4 1472 0.279406 0.0459291
2 1528 -0.0244516 0.0858792
4 1528 0.0654682 0.0776136
4 178 0.0110213 0.0809199
4 390 0.0992912 0.120319
4 1120 -0.0368259 0.142085
4 196 -0.0546449 -0.0645532
4 1481 0.317904 -0.0166132
4 400 0.273356 -0.0017353
4 168 0.284906 0.0247144
4 407 0.0621684 0.0759606
2 1529 0.0661282 -0.483119
4 1529 0.0443494 -0.495021
4 410 0.309654 -0.0863742
4 224 0.264117 -0.0724881
2 1530 -0.0289063 -0.00305777
4 1530 0.0700879 -0.0169438
2 1531 0.220559 0.0147958
4 1531 0.279956 0.000909691
4 1147 0.0463293 0.012812
2 533 0.226499 0.056454
2 1532 -0.0467253 0.0624051
4 1532 0.0502891 0.0524865
2 1533 -0.0502891 -0.0812164
4 1533 -0.0241546 -0.0907383
4 1160 0.321533 -0.0724881
2 539 0.213432 -0.0431289
4 430 0.294211 -0.0574118
4 267 0.303715 -0.0502703
2 1534 0.218183 0.0592313
4 1534 0.268077 0.0473289
4 283 0.0494972 0.0520898
4 1181 -0.00514767 0.0592313
4 1320 0.0946386 0.106841
2 707 -0.0992318 -0.0659814
2 1535 -0.030807 -0.0459855
4 1535 0.00197992 -0.0550313
2 1536 0.191574 -0.0431289
4 1536 0.251446 -0.0574118
4 295 0.26285 -0.0516986
4 1504 0.279956 -0.0431289
2 1537 0.245743 0.00257608
4 1537 0.305615 -0.0117067
4 1333 0.248024 -0.00713623
4 1202 0.285658 -0.00313707
2 1370 0.245743 0.0197154
4 305 0.0575751 0.0168589
2 1183 -0.0194028 0.088273
2 726 0.00340546 0.142548
2 728 0.169336 -0.0619822
2 1538 0.244603 -0.0379871
4 1538 0.295922 -0.0516986
4 1216 0.309607 -0.0139919
2 1539 -0.0325176 0.105984
4 1539 0.0564347 0.099128
2 743 -0.0359388 0.116267
5 466 -0.039423 -0.0548643
5 1445 0.350138 -0.052951
5 329 0.272799 -0.0491243
2 1540 0.21551 -0.00894474
5 1540 0.309081 -0.0204246
5 1447 0.301443 -0.0118147
5 58 0.319584 0.0293215
5 170 0.277573 0.0312349
5 341 0.0866114 0.0628045
5 62 0.0873753 0.0656745
5 375 -0.0283473 -0.0571602
5 996 0.352047 -0.0709361
5 356 0.309654 0.00184638
5 361 0.313091 0.0266429
5 362 0.309654 0.0473067
5 1043 0.345402 -0.0863192
5 151 0.338527 -0.0463692
5 94 0.349527 -0.020195
5 160 0.304154 0.000468791
5 162 0.312404 0.00735673
5 166 0.311029 0.0225101
2 1541 0.19966 0.0417964
5 1541 0.276656 0.0307757
5 122 0.105726 0.0802586
5 1078 0.086917 0.0858792
5 1092 0.252237 -0.0685207
5 196 -0.0269264 -0.0566183
5 1102 0.341002 -0.0463691
5 193 0.347602 -0.0463691
2 1542 0.190861 -0.028185
5 1542 0.283256 -0.0397567
5 1480 0.305694 -0.0387648
5 399 0.303054 -0.013307
2 1543 0.253557 0.0015709
5 1543 0.341332 -0.0109926
5 1483 0.262137 0.0207469
2 805 0.21066 0.0610826
5 426 0.137404 0.151673
2 1544 0.268077 -0.0784393
5 1544 0.351232 -0.0923254
5 410 0.339352 -0.0843905
2 1545 0.194821 -0.0466997
5 1545 0.287875 -0.058602
2 525 0.188881 -0.0347974
2 1546 -0.0586046 -0.0129764
5 1546 0.0740477 -0.0169438
5 1489 0.0978063 0.0266981
5 405 0.297775 0.0505028
5 1137 0.311317 -0.0259896
5 1172 0.30609 -0.0193243
2 1389 -0.0597925 0.0211437
2 1547 0.173042 0.0211437
5 1547 0.241942 0.0116219
2 280 -0.0526649 0.0235242
5 281 0.0970145 0.0259047
2 1548 -0.0265304 0.0854164
5 1548 0.0993903 0.0854164
5 1184 0.0494972 0.0877968
5 1192 -0.00229663 -0.0802643
5 1502 0.351232 -0.0945471
2 550 0.282807 -0.0602683
5 260 0.354083 -0.0716946
5 1536 0.282807 -0.0545552
5 295 0.294211 -0.0488421
5 1504 0.308466 -0.0402723
5 443 0.302764 -0.0174198
5 303 0.0832345 0.022572
2 1549 -0.0479132 0.0625639
5 1549 0.0889366 0.0625639
2 1550 0.268552 -0.0791216
5 1550 0.350662 -0.0928331
2 1551 0.176178 -0.0448428
5 1551 0.268552 -0.0551265
2 1552 0.261709 -0.0242756
5 1552 0.354083 -0.0374158
6 27 0.0331422 -0.013728
6 19 0.305262 0.14125
6 1449 0.256567 0.173777
2 359 0.214555 0.0264516
2 780 0.219329 0.0274082
6 81 0.0289411 -0.0181286
6 1008 0.304154 0.140983
6 30 0.254657 0.134554
6 1024 0.260386 0.178177
2 1553 0.223722 0.0266429
6 1553 0.256949 0.179325
6 1045 0.0126712 -0.0505019
6 1527 0.257407 0.167157
2 161 0.221659 0.0183774
6 1098 0.0308202 -0.0199194
6 194 0.245308 0.118941
6 1100 0.278306 0.132166
2 1554 0.184261 -0.0298381
6 1554 0.227159 0.118941
6 1480 0.253557 0.135472
2 1401 0.21231 0.0379392
6 518 0.281936 0.104063
6 1127 0.03445 -0.0209113
6 1488 0.303715 0.141754
6 1136 0.218579 0.125884
6 1531 0.252237 0.17151
2 1555 0.222539 0.0326493
6 1555 0.250258 0.185396
2 1556 0.21066 0.0386004
6 1556 0.238378 0.185396
6 1310 0.277105 0.113982
2 1557 0.260949 -0.0431289
6 1557 0.316449 0.133407
2 1558 0.18017 -0.0193243
6 1558 0.220084 0.128265
6 1187 -0.114041 0.205233
2 1559 -0.0992318 -0.0774077
6 1559 -0.0283473 -0.0560122
2 1560 0.220084 -0.0574118
6 1560 0.278816 0.102556
2 1561 0.213812 0.0168589
6 1561 0.244603 0.171113
7 27 0.0495649 -0.0112407
7 26 0.0465095 -0.0108581
7 17 0.263823 0.0840423
7 55 0.296669 0.153687
7 79 0.054148 -0.0169806
7 1005 0.051169 -0.0146847
7 76 0.291505 0.127207
2 1562 -0.00543191 -0.00664874
7 1562 0.0746814 -0.0402723
7 1024 0.309654 0.173494
7 1045 0.0232123 -0.0456803
7 1051 0.3806 0.0941447
2 1563 -0.0546999 -0.0491243
7 1563 0.024358 -0.0204246
2 1564 0.176287 -0.043614
7 1564 0.263325 0.0830359
2 206 0.253282 0.00184638
7 1527 0.302779 0.14236
2 1565 -0.0549749 -0.0827374
7 1565 0.0291703 -0.0463691
7 1477 0.349252 0.106047
2 1566 0.21066 0.0147957
7 1566 0.289855 0.141754
2 1567 -0.0625644 -0.080423
7 1567 0.0209208 -0.044716
7 518 0.322721 0.0768467
7 1127 0.0483092 -0.0189276
7 1126 0.355984 0.0949383
7 1545 0.284708 0.0830359
7 192 0.333413 0.110014
2 1568 -0.0902828 -0.0248788
7 1568 -0.0388058 0.106047
7 238 0.303715 0.149689
2 1569 0.216599 0.0227306
7 1569 0.293815 0.151673
7 1165 0.0245506 -0.0209113
7 1161 0.356934 0.0968427
7 268 0.288509 0.0968427
7 1494 0.282807 0.108269
7 1173 0.337373 0.13977
7 1176 0.337373 0.143738
2 1405 0.218183 0.0187633
2 1570 0.257148 -0.0459855
7 1570 0.354083 0.0957001
2 1571 0.26285 -0.0431289
7 1571 0.360925 0.102556
2 829 0.254297 -0.0317027
7 1203 0.294211 0.15683
2 1406 0.224076 0.0100032
8 21 -0.0289201 -0.047211
8 26 -0.0356038 -0.0395578
8 32 -0.039423 -0.0357311
8 19 0.278527 0.053238
2 1572 0.195459 0.00444846
8 1572 0.2067 0.115966
8 336 0.234606 0.0915042
8 79 -0.0299513 -0.0477467
2 778 0.222576 0.018607
2 869 0.258782 -0.0463692
8 1564 0.194425 0.033046
8 151 0.269781 0.0541946
8 150 0.267032 0.0541946
2 1573 -0.0492002 -0.0298381
8 1573 -0.0550408 0.0116219
8 1068 0.229832 0.0761977
8 102 0.270889 0.0828943
8 1070 0.245491 0.0943742
2 1574 0.225509 -0.044716
8 1574 0.248608 0.034633
8 195 0.266757 0.0544702
8 209 0.235408 0.0968998
8 1401 0.218579 0.110014
8 1545 0.215808 0.0306656
2 1575 0.224519 -0.0466997
8 1575 0.248278 0.034633
8 520 0.277976 0.0485191
2 1576 0.289855 -0.0367811
8 1576 0.315594 0.0473289
8 192 0.262137 0.0524865
8 413 0.266097 0.0544702
8 1159 0.222935 0.0197154
8 1164 0.27758 0.0473289
2 1577 -0.0265304 -0.00980237
8 1577 -0.035451 -0.043614
2 1334 0.230063 0.0354265
2 1578 0.197276 -0.0574118
8 1578 0.220654 0.0202868
2 1579 -0.0165518 -0.0259896
8 1579 -0.0107024 0.189198
2 1580 0.251446 -0.041415
8 1580 0.275394 0.0477098
2 1581 0.00169483 0.140262
8 1581 -0.00514767 0.24824
9 467 -0.0795249 -0.00511811
9 19 0.240335 0.014015
2 1582 0.181137 -0.016598
9 1582 0.159513 0.0362861
9 38 0.196414 0.0427147
9 79 -0.0799068 -0.0123887
9 1001 0.190036 0.00322397
2 1268 0.180182 -0.0353484
9 355 0.184536 0.0541946
9 112 0.218375 0.0608912
9 115 0.217993 0.0771544
2 1583 -0.0340761 -0.043614
9 1583 -0.0863231 -0.00228639
9 142 0.243658 0.00597914
9 157 0.190036 0.0555722
9 1470 0.183021 0.0614213
9 1086 0.154563 -0.0182664
9 397 0.242054 0.0323829
9 1545 0.18017 0.00686089
2 1584 -0.0249466 0.0881935
9 1584 0.00545287 0.213956
9 267 0.224519 0.0167795
2 238 0.225311 0.0163828
2 1585 -0.0550408 0.0639922
9 1585 -0.0229667 0.207217
9 303 -0.0217787 0.171113
2 293 0.210391 -0.0585543
10 8 0.223722 -0.0456803
10 466 -0.129175 -0.0433844
10 468 -0.12822 -0.0405144
10 19 0.270889 -0.0252079
10 73 0.218909 -0.0414098
10 81 -0.0629494 -0.043614
10 85 -0.059283 -0.0399404
10 1008 0.270698 -0.0250166
10 1460 0.230596 0.00368314
10 1021 0.21066 0.019755
10 1032 -0.0393601 0.0579935
10 187 0.174362 -0.044716
10 1055 0.249158 -0.0284605
10 1068 0.229909 0.00322397
2 1586 0.20241 0.0114895
10 1586 0.21066 0.019755
10 162 0.232659 0.0238877
10 400 0.227159 0.019755
2 1425 -0.0566247 -0.0824068
10 225 0.250258 -0.0427322
10 1131 -0.111206 -0.0448428
2 238 0.228479 0.0187632
10 427 -0.0871633 -0.0701708
2 1587 0.225311 -0.0526508
10 1587 0.231488 -0.0431289
2 1588 0.246694 0.0187633
10 1588 0.252237 0.0227306
10 1370 0.248278 0.0227306
10 313 0.282807 -0.0574118
10 452 0.176178 -0.0482707
2 1589 0.00927209 -0.455704
11 1589 -0.111988 -0.525539
11 17 0.262678 -0.0135367
11 1445 0.34059 -0.0175547
11 329 0.267261 -0.0100927
11 1447 0.293804 0.0226249
11 979 0.297623 0.0312349
11 1450 0.122894 0.15273
2 92 -0.0329303 -0.0422364
11 1029 0.117165 0.117334
11 1055 0.317904 -0.0160623
11 650 0.264282 -0.00779674
11 379 0.283531 0.000468791
11 1068 0.298655 0.0156223
11 161 0.30003 0.0335309
11 171 0.271706 0.0627357
11 396 0.0159711 -0.0232256
11 1101 0.0143212 -0.0182664
2 1590 0.189211 -0.0463691
11 1590 0.275996 -0.0189276
11 395 0.264117 -0.0129764
11 1483 0.244318 0.037807
11 192 0.324503 -0.011654
11 1147 0.115625 0.117949
11 1145 0.314604 0.0395923
2 1163 -0.0265304 -0.0526508
11 267 0.323513 -0.0129764
2 1591 0.0665604 -0.477707
12 1591 -0.0451518 -0.467183
2 1592 -0.108169 -0.470053
12 1592 -0.22561 -0.443267
2 909 0.0703797 -0.45953
2 750 0.113346 -0.45666
2 1593 -0.0184173 -0.455704
12 1593 -0.128029 -0.435996
12 979 0.344409 0.00636177
2 1594 0.113728 -0.45666
12 1594 0.00258848 -0.449772
12 69 0.354912 -0.0596476
12 1268 0.314237 -0.0261646
12 93 0.332569 -0.0204246
12 98 0.348228 -0.0099014
12 362 0.345364 0.044628
12 1465 -0.0395758 -0.448624
12 139 0.354339 -0.0583082
12 151 0.371144 -0.0366878
12 378 0.324778 -0.0229502
12 1468 0.344027 -0.00894474
12 157 0.0621684 -0.0182664
12 1527 0.349527 0.00597914
12 185 0.359151 -0.0546346
12 1480 0.347602 -0.0248788
12 399 0.344302 -0.00338843
12 215 0.345402 0.0445516
12 407 0.159177 0.146034
12 431 0.348856 -0.038368
12 281 0.243658 0.100757
2 1595 0.213812 -0.0311314
12 1595 0.34553 -0.0288461
13 1591 -0.0730322 -0.500284
13 909 -0.0684491 -0.480768
13 1447 0.245109 -0.0127714
13 780 0.251793 0.0121017
13 340 0.0856566 0.0637612
13 170 0.220284 0.0254949
13 1450 0.0808825 0.0953309
13 342 0.0827921 0.0972442
13 64 0.0350519 0.120204
13 1268 0.215701 -0.0410884
2 116 0.22945 0.0392708
13 1464 -0.0739488 -0.505105
2 1596 0.0662931 -0.478931
13 1596 -0.0739488 -0.500973
13 140 0.237471 -0.0697881
13 1526 0.235408 -0.0642777
13 1053 0.229909 -0.0560122
13 1055 0.266115 -0.052951
13 151 0.276656 -0.0491243
13 379 0.232659 -0.0339709
13 1468 0.245033 -0.020195
2 1597 0.218909 0.0128671
13 1597 0.250532 -0.00228639
13 162 0.257407 0.00184638
13 1070 0.264969 0.0013872
2 1598 -0.0519501 0.0238877
13 1598 0.0717928 0.059705
2 1599 0.223034 0.0266429
13 1599 0.256032 0.0114895
13 384 0.254657 0.0142447
13 174 0.0976872 0.0771544
13 1078 0.0737177 0.117288
13 393 0.258507 -0.0728188
13 200 0.245033 -0.036726
13 204 0.238158 -0.0146847
2 1600 0.20076 0.0081833
13 1600 0.230459 -0.0050415
13 214 0.0720678 0.0594295
2 1437 -0.0269265 0.0462047
13 805 0.242008 0.0445516
13 1115 0.0819672 0.115635
13 1529 -0.0744437 -0.50494
13 420 0.0582086 0.056454
13 1145 0.268406 0.0048771
13 405 0.245308 0.0428985
13 280 0.07088 0.0592313
13 281 0.0827593 0.0616117
13 283 0.0780075 0.0961284
13 260 0.287083 -0.0740751
13 1504 0.251446 -0.0402723
13 1220 -0.0229667 -0.0288462
13 303 0.0689793 0.0597074
13 305 0.0832345 0.0625639
13 446 0.100341 0.0768467
13 1595 0.248024 -0.041415
2 1601 0.227497 0.0305704
13 1601 -0.0627203 -0.0410884
13 455 0.0769622 0.0957001
14 466 -0.0652028 -0.00511811
14 1356 -0.000275968 -0.0146847
14 468 -0.0623384 -0.0032048
2 1602 0.180182 -0.0347745
14 1602 0.23938 -0.0252079
14 170 0.240908 0.0369748
14 81 -0.000848828 -0.0135367
14 1268 0.238616 -0.0250166
14 350 0.297623 -0.0338178
14 93 0.256949 -0.0192766
14 1460 0.272989 -0.00664874
14 140 0.258782 -0.0532571
14 139 0.279864 -0.0560122
14 148 -0.001078 -0.0146847
2 1603 -0.0863231 -0.0257053
14 1603 0.0601885 0.0405842
14 379 0.256032 -0.0188174
14 162 0.279406 0.0142447
2 60 -0.0492002 0.0652153
14 136 0.160704 0.180473
14 183 0.258507 -0.0529815
14 1158 0.218579 -0.0605858
14 1130 -0.000527985 -0.0149602
14 1154 0.139384 0.167543
14 1159 0.256197 -0.0526508
14 430 0.284708 -0.0407485
14 1194 0.274254 -0.0545552
14 1200 0.287083 -0.0336071
14 1504 0.270452 -0.0240852
14 457 0.0974897 0.179683
4 32 -0.00123077 -0.0519943
3 1604 0.249883 0.0149717
4 1604 0.278527 -0.019468
4 51 0.260386 -0.000334827
4 1240 0.283301 0.00157849
4 1449 0.283301 0.00483114
3 1605 -0.0546999 0.0580212
4 1605 -0.00314039 0.044628
4 476 0.0522384 0.0513246
3 591 0.229832 0.0733278
4 1243 0.0522384 0.0589779
4 59 0.279482 0.044628
3 67 -0.039423 0.128814
4 478 0.0999787 0.120204
3 1606 0.329132 -0.0479763
4 1606 0.350138 -0.0873906
4 79 0.00602576 -0.0651962
3 1607 0.19966 -0.0376444
4 1607 0.223034 -0.0697881
3 623 0.211118 -0.0238686
3 18 0.267261 -0.0158326
3 338 0.295905 0.0117191
4 100 0.270698 -0.0192766
4 102 0.317674 -0.0146847
4 1029 0.0472734 0.0128671
4 356 0.274135 -0.0020568
4 118 0.0598768 0.019755
3 609 0.261532 0.0438627
4 55 0.277573 0.0117191
3 614 -0.0569914 0.0530467
3 612 0.0129004 0.0530467
3 1608 0.216847 0.0530467
4 1608 0.236783 0.019755
3 1450 -0.00657766 0.0679705
4 120 0.0518564 0.0587866
3 1453 -0.00886919 0.0943742
3 594 -0.0615745 0.120778
4 126 0.0497941 0.107921
4 1085 0.323403 -0.0918295
3 1609 0.327528 -0.0505019
4 1609 0.349756 -0.0893039
3 1610 0.327528 -0.0477467
4 1610 0.349756 -0.0870079
3 103 0.249158 0.0169998
4 160 0.275281 -0.00228639
3 1021 0.232659 0.0335309
4 1273 0.280781 0.00735673
4 493 0.279864 0.00942309
3 1611 -0.0601996 0.0486843
4 1611 -0.0107024 0.0349084
3 171 0.228534 0.0734809
4 498 0.0671181 0.0726543
3 367 -0.00932751 0.0941446
4 124 0.073626 0.0886343
4 136 0.0953956 0.13685
4 1096 -0.0645443 -0.0705044
4 183 0.265107 -0.0728188
3 226 0.19911 -0.0381036
3 647 0.314604 -0.0347974
3 1612 -0.0879729 -0.0166132
4 1612 -0.0823633 -0.0328136
3 1613 0.324503 -0.0149602
4 1613 0.345952 -0.0546346
3 1614 -0.0137272 -0.013307
4 1614 0.0390697 -0.0314912
4 200 0.270056 -0.0414098
3 1615 0.306354 0.0081833
4 1615 0.331103 -0.0298381
4 398 0.275006 -0.0232256
4 402 0.258177 0.00289342
3 658 0.0126713 0.0528171
3 241 0.21561 0.0528171
4 494 0.293155 0.0238877
4 1113 0.0506191 0.0528171
3 1616 0.228809 0.0726543
4 1616 0.254217 0.0386004
3 660 -0.0384758 0.0941447
4 220 0.0502891 0.108031
3 1617 0.327473 -0.0486834
4 1617 0.349252 -0.0876967
4 1297 0.252237 -0.058602
4 1139 0.264117 -0.0189276
3 239 0.260157 0.0445516
3 240 0.246298 0.0505028
3 678 0.246298 0.0822423
3 387 -0.00910749 0.092161
3 249 0.016631 0.100096
4 1157 0.34648 -0.0883578
3 688 0.320346 -0.0312266
3 1618 -0.0550408 -0.0145633
4 1618 -0.010015 -0.0307565
4 1494 0.251446 -0.0407485
4 546 0.0328662 0.00686089
3 1175 0.23719 0.0282851
4 1498 0.282332 -0.00266096
3 1619 -0.0384098 0.0925578
4 1619 0.0114834 0.078275
3 1620 -0.00989941 0.0925578
4 1620 0.0471213 0.0758945
3 1621 0.00435578 0.0925578
4 1621 0.0613765 0.0758945
3 312 -0.0360339 0.130645
3 290 0.0376179 0.15445
3 707 -0.0792746 -0.0574118
4 1502 0.322721 -0.0945471
3 1622 0.200127 -0.0402723
4 1622 0.225786 -0.0716946
3 1623 0.234339 0.0368549
4 1623 0.261709 0.00314742
4 447 0.0803835 0.0425679
4 1336 -0.030807 0.088273
3 1624 -0.00514767 0.125408
4 1624 0.0518731 0.108269
4 457 0.0148096 0.119695
3 1210 0.0518731 0.153974
4 566 -0.0735725 -0.0756937
3 1625 0.302764 -0.0585543
4 1625 0.31987 -0.096261
3 1626 0.299343 -0.0345592
4 1626 0.323292 -0.0722659
3 705 0.31987 -0.0277035
3 317 0.210391 -0.0242756
3 319 0.251446 -0.0105641
3 324 0.0119586 0.0888443
3 739 -0.0872575 0.0957001
3 1627 0.00511609 0.0957001
4 1627 0.059856 0.0785607
5 31 0.0255038 -0.0462544
5 335 0.309081 -0.00129148
3 1628 0.249883 0.050368
5 1628 0.308126 0.0178417
5 475 0.0894758 0.0599346
5 476 0.0923402 0.0599346
5 61 0.122894 0.0561079
5 591 0.285593 0.0415668
3 1629 0.231742 -0.179995
5 1629 0.208827 -0.212139
5 1246 -0.0524083 -0.081268
5 1606 0.378782 -0.0873906
5 492 -0.035451 -0.0518795
5 1007 0.293613 -0.0491243
5 100 0.302779 -0.0192766
5 1253 0.353957 -0.0213813
5 1029 0.085542 0.0211326
5 109 0.300488 -0.0020568
5 1254 0.287655 0.00322397
3 112 0.263823 0.0415668
5 1033 0.122894 0.0637612
3 1630 -0.00199461 0.0920783
5 1630 0.0942498 0.0840423
5 67 0.0474643 0.124987
5 131 0.0662931 0.132717
3 1382 0.0415445 0.150626
3 1631 0.0731677 -0.186883
5 1631 0.0495649 -0.209843
5 1610 0.3784 -0.0870079
3 1632 0.00167184 -0.0257053
5 1632 0.0381072 -0.0387924
5 89 0.307363 -0.0387924
5 1021 0.290405 0.00184638
5 385 0.0979163 0.0266429
3 1633 -0.0107024 0.0707257
5 1633 0.086917 0.0627357
3 793 0.229909 0.0776136
3 1634 -0.0409507 0.127207
5 1634 0.0470442 0.124452
3 1635 0.0429195 0.127207
5 1635 0.133397 0.115421
5 130 0.0910417 0.129962
5 1475 0.141914 0.127207
5 180 0.106166 0.138227
5 409 0.136414 0.153656
3 1636 0.0885668 -0.461298
5 1636 0.0539189 -0.492707
5 1480 0.306354 -0.0397567
5 658 0.111666 0.0428985
5 213 0.312954 0.0263674
5 175 0.124865 0.0544702
5 1616 0.284906 0.0412454
5 1276 0.0357699 0.0726543
5 391 0.0885668 0.12886
5 1617 0.3773 -0.0876967
3 1637 -0.00910749 -0.0367811
5 1637 0.0285103 -0.0486834
3 1638 0.00475171 -0.0248788
5 1638 0.0374198 -0.0381036
5 522 0.325493 -0.0486834
3 821 -0.0229667 0.0247144
3 420 -0.0190069 0.0266981
5 418 0.305694 0.000909691
3 1639 0.0384098 0.0366167
5 1639 0.135424 0.0227306
3 245 0.0126713 0.0524865
3 1640 -0.00910749 0.0683563
5 1640 0.0898868 0.0604214
3 804 0.260157 0.0802586
3 1387 0.000791953 0.092161
5 535 0.0978063 0.111998
3 814 0.296587 -0.0359875
3 834 -0.0883029 -0.0193243
3 264 0.322721 -0.0169438
5 1494 0.282332 -0.038368
5 1314 0.310842 -0.0264657
5 541 0.294211 -0.0169438
3 1388 0.0376179 0.0259047
3 1641 0.232439 0.0354265
5 1641 0.29136 0.00543267
5 1622 0.254297 -0.068838
3 1642 0.299913 -0.0202764
5 1642 0.354083 -0.0574118
3 1643 0.265701 -0.0145633
5 1643 0.325573 -0.0488421
3 1644 0.0319158 0.00257608
5 1644 0.128851 -0.0117067
3 1645 -0.0222539 0.0254286
5 1645 0.0701197 0.0168589
5 309 0.0974897 0.0854164
3 1646 -0.0165518 0.139691
5 1646 0.0775324 0.133978
3 1647 0.0404689 0.162544
5 1647 0.137404 0.151117
3 1648 0.230918 -0.041415
5 1648 0.289079 -0.0722659
3 1212 0.224076 -0.0242756
5 1517 0.114596 0.040854
3 1649 0.0188011 0.0614213
5 1649 0.114596 0.0511377
5 571 0.0290648 0.068277
5 1351 0.0838047 0.0819885
5 457 0.0495922 0.129979
6 12 0.246408 0.106543
6 480 -0.0203269 0.267529
6 77 0.311946 0.134554
6 18 0.278718 0.132258
6 1025 0.257148 0.191109
3 1650 0.0415445 0.16555
6 1650 -0.0203269 0.26772
3 1651 0.293155 0.0114895
6 1651 0.353957 0.13838
6 161 0.256949 0.171289
6 189 0.311634 0.133819
6 1477 0.305694 0.135803
6 507 0.278031 0.132717
3 1652 0.250258 0.0445516
6 1652 0.250258 0.1768
6 224 0.260949 0.0996992
6 1296 0.313218 0.133026
6 522 0.277976 0.131835
6 431 0.27758 0.133026
6 293 0.251446 0.0939861
6 1326 0.285658 0.112839
3 1653 0.245743 0.0511377
6 1653 0.246694 0.180635
3 1654 -0.0325176 -0.0722659
6 1654 -0.0931977 0.185065
6 451 0.295922 0.109412
6 452 0.275394 0.133407
3 1655 0.224076 0.0237147
6 1655 0.230918 0.153974
7 11 0.0415445 -0.0319045
7 1445 0.356631 0.105854
7 16 0.350902 0.106543
7 470 0.303352 0.151774
7 1628 0.297623 0.1556
7 1457 0.0415445 -0.0325933
7 1256 0.300488 0.156366
3 1656 -0.0627203 0.123074
7 1656 -0.0478253 0.178177
7 1466 0.0289411 -0.0479763
7 145 0.350902 0.105716
7 360 0.295905 0.156136
7 189 0.355191 0.10208
7 207 0.303054 0.142085
7 229 0.265701 0.0854164
3 1657 0.0186109 -0.0189276
7 1657 -0.00547772 -0.0381036
7 236 0.288205 0.137125
7 417 0.303715 0.141754
7 238 0.303054 0.148697
7 240 0.293815 0.15564
7 1305 0.0399937 0.271093
3 1658 0.0756317 -0.188338
7 1658 0.21066 -0.295988
3 1659 -0.0479132 -0.0217047
7 1659 0.299533 0.16995
7 542 0.337702 0.140432
7 1641 0.277976 0.137787
3 1660 0.257148 0.0397114
7 1660 0.303715 0.147309
7 1653 0.294211 0.15683
3 1661 -0.0564663 0.0711336
7 1661 0.291895 0.0848076
7 302 0.311317 0.17397
7 569 0.291835 0.109221
8 371 0.184261 0.0081833
8 19 0.278718 0.0530467
8 977 0.280437 0.0761977
3 469 0.264205 0.0417581
8 1456 -0.0650118 -0.073232
8 30 0.230787 0.0580212
8 1027 0.230787 0.107767
8 114 0.230596 0.10815
8 1467 -0.0302263 -0.0480222
8 360 0.227159 0.103788
8 190 0.21462 0.0306656
8 402 0.209285 0.0886343
3 1662 0.276656 0.0445516
8 1662 0.257407 0.099655
8 521 -0.0388058 -0.0466997
3 1576 0.323513 -0.0149601
3 1663 0.246694 0.0497094
8 1663 0.225311 0.10446
8 1192 -0.0546449 -0.066537
8 1643 0.251446 0.0454245
3 1664 0.259999 0.0597074
8 1664 0.239566 0.111602
8 452 0.251446 0.0442819
8 1510 0.213812 0.0888443
9 20 -0.153045 -0.013728
9 1235 -0.15018 -0.00703143
9 27 -0.0814345 -0.00511811
9 6 0.2432 -0.0099014
9 84 -0.154382 -0.00779674
9 92 -0.0867814 0.0013872
3 397 0.293613 0.0105711
9 1025 0.221239 0.0637612
9 1265 -0.149799 -0.00664874
9 1263 -0.0625644 -0.0109926
9 1051 0.258476 -0.0146847
9 1021 0.181786 0.0569498
9 1071 0.220284 0.0645266
9 171 0.175418 0.0806554
9 793 0.179312 0.0891854
3 1665 0.327803 -0.0480222
9 1665 0.269934 -0.0309478
9 1480 0.19911 0.0280206
9 418 0.195536 0.0569498
9 545 0.177319 0.0539942
3 1666 -0.0564663 0.0539942
9 1666 -0.0716718 0.187777
3 1667 -0.0450622 0.0739901
9 1667 -0.0597925 0.199679
10 462 -0.131084 -0.0510376
10 1236 -0.0556547 -0.0338178
10 13 0.274708 -0.0328612
10 33 0.213601 -0.0099014
3 1668 0.234606 0.0321915
10 1668 0.212646 0.0187983
3 358 0.228877 0.0379315
10 18 0.248928 -0.0242513
10 112 0.240335 0.0235816
10 1025 0.248928 0.0274082
10 1265 -0.126196 -0.0422364
10 1053 0.21231 -0.0331443
3 1669 0.278031 -0.0119295
10 1669 0.260386 -0.0215726
10 378 0.206535 -0.0146847
10 112 0.244345 0.022051
10 1076 -0.0867814 -0.0410884
10 171 0.20274 0.0485191
10 1094 -0.0846731 -0.0529815
10 507 0.248608 -0.0232256
10 1480 0.230459 -0.011654
10 508 0.21341 -0.0105519
10 399 0.225509 0.00983643
3 800 0.242008 0.0379392
3 1670 -0.0549749 0.0577764
10 1670 -0.0407857 0.129852
10 1284 0.0407807 0.160384
10 1301 0.230459 0.0280206
10 1483 0.182546 0.0235242
10 247 0.0415445 0.160269
3 1671 0.315594 -0.0359875
10 1671 0.285896 -0.0605858
10 277 0.234418 0.0247144
11 90 -0.0134523 -0.0146847
11 1444 0.0178653 -0.0146847
11 29 0.278718 -0.0032048
3 1672 0.231742 -0.00798808
11 1672 0.285211 -0.00224814
3 50 0.237471 0.0321915
11 338 0.33868 0.00540511
11 1460 0.300488 0.015163
11 1025 0.316529 0.0392708
11 148 0.00992138 -0.0229502
11 1057 0.0154211 -0.0188174
11 378 0.278031 -0.00228639
11 360 0.298196 0.0473067
11 171 0.270056 0.0624051
11 504 0.276656 -0.0199194
11 1311 0.283916 -0.00107404
11 450 0.0732558 0.199679
11 1345 0.292501 -0.0242756
12 1607 0.289855 -0.044716
12 1247 0.342881 -0.0514203
3 1673 0.208827 0.00483114
12 1673 0.342499 -0.0032048
12 140 0.333028 -0.0546346
12 385 0.237471 0.0920783
3 1674 0.0126712 0.052817
12 1674 0.248928 0.104897
12 200 0.342881 -0.0238686
12 1276 0.254657 0.175881
12 220 0.160704 0.124222
12 518 0.349252 -0.058602
12 821 0.2067 0.0842261
12 1147 0.222539 0.0881935
12 678 0.338527 0.0500619
12 1308 0.29178 -0.0629002
12 268 0.334601 -0.0336071
3 1675 0.27758 0.0401875
12 1675 0.364101 0.0081833
12 435 0.248608 0.104063
12 557 0.039253 0.024347
3 1676 -0.0621684 -0.00313707
12 1676 0.0445999 0.0254949
12 310 0.215808 0.15683
13 60 0.0207298 0.0876776
13 128 0.0374198 0.152003
13 338 0.288075 -0.0299912
13 1029 0.0724803 0.0587866
13 366 0.0818373 0.0991575
13 1630 0.0814172 0.114808
13 179 0.0635433 0.161646
13 1260 -0.0519501 -0.0408588
13 148 -0.0285764 -0.0353484
13 140 0.236783 -0.0697881
13 401 0.0882918 0.0211326
13 102 0.285593 -0.0204246
13 369 0.285593 -0.07438
13 530 0.0885668 0.0214082
13 217 0.0836172 0.0627357
13 403 0.253557 0.0015709
13 1482 0.246958 0.0114895
13 240 0.251907 0.0128671
13 660 0.0357699 0.122247
13 1487 0.222539 -0.0466997
3 1677 0.224519 -0.00900897
13 1677 0.227159 -0.0364505
13 1147 0.0700879 0.0584377
13 238 0.258507 0.00322397
13 1304 0.256857 0.019755
13 1491 0.0661282 0.161591
13 434 0.250258 -0.0387648
13 1172 0.248278 -0.0189276
13 1175 0.239566 -0.00504145
13 1675 0.274016 -0.00107404
13 1620 0.0732558 0.116362
13 1196 -0.0930546 -0.0359875
13 448 0.103192 0.0825599
3 1678 0.242892 0.0825599
13 1678 0.237761 0.040854
3 719 0.0148096 0.0911296
13 562 0.0376179 0.122552
13 1646 0.0689793 0.162544
13 1341 0.196706 -0.0791216
13 317 0.213812 -0.0482707
13 1520 0.0974897 0.157402
3 1679 0.0894758 -0.45666
14 1679 -0.0757056 -0.481533
3 1680 0.0913854 -0.438484
14 1680 -0.0709316 -0.4624
14 477 0.0649182 0.178177
14 128 0.0808825 0.17282
14 1454 -0.0753237 -0.480768
3 1681 0.0919583 -0.438292
14 1681 -0.0707406 -0.4624
14 77 0.307363 -0.0445323
3 355 0.237471 0.0323829
14 1254 0.253282 0.0156223
14 1453 0.119075 0.140294
14 1464 -0.0766986 -0.485819
14 1056 0.248928 -0.0296085
14 178 0.0800423 0.145115
14 1289 0.162813 0.178453
14 507 0.28628 -0.0339709
14 210 0.282156 0.0169998
3 198 0.246298 -0.00702524
14 678 0.266097 0.0524865
14 1315 0.0974897 0.0477098
14 1675 0.293155 0.0114895
3 1682 -0.0146511 0.140167
14 1682 0.113645 0.183016
14 306 0.125525 0.121123
14 1341 0.217233 -0.0619822
3 1683 -0.0359388 0.0957001
14 1683 0.131702 0.157402
4 1684 0.323403 -0.0912172
5 1684 0.353002 -0.0912172
4 1685 -0.0776152 -0.0893039
5 1685 -0.0527903 -0.0816507
4 755 -0.0222365 -0.0682575
5 578 0.251793 -0.0644308
4 1686 -0.0251009 -0.0663442
5 1686 0.000678838 -0.0596476
5 582 0.0445999 -0.0519943
5 14 0.310036 -0.0558209
4 1687 -0.0231913 -0.0548643
5 1687 0.00258845 -0.047211
4 1688 -0.0317846 -0.0376444
5 1688 -0.0060048 -0.0299912
4 1689 -0.0289201 -0.0376444
5 1689 -0.00218558 -0.0299912
4 1690 -0.0251009 -0.0271212
5 1690 0.00163364 -0.019468
5 338 0.352047 -0.0252079
4 1691 -0.0155529 -0.0242513
5 1691 0.0117546 -0.0169806
5 48 0.321494 -0.00511811
4 979 0.273753 -0.00224814
4 1692 0.279482 0.0130584
5 1692 0.310991 0.0159283
4 985 0.280437 0.0178417
4 1693 0.262296 0.0331482
5 1693 0.292849 0.0360181
4 1694 0.0465095 0.0570646
5 1694 0.0866114 0.0656745
4 1695 0.054148 0.0570646
5 1695 0.0942498 0.0656745
4 1696 -0.00218558 0.0628045
5 1696 0.034097 0.0714144
4 1697 0.0493739 0.105854
5 1697 0.0875662 0.113507
4 1698 0.0121365 0.112551
5 1698 0.0493739 0.121161
4 1231 -0.0226184 -0.0915999
4 1699 -0.0191811 -0.07438
5 1699 0.00602576 -0.0674921
5 600 0.00373423 -0.0617522
4 1700 -0.0249099 -0.0651962
5 1700 0.00167184 -0.0573898
5 77 0.353193 -0.0560122
4 1701 -0.0821983 -0.0319045
5 1701 -0.0558457 -0.0215726
4 1702 -0.029493 -0.0319045
5 1702 -0.00314036 -0.0238686
5 1618 0.0174834 -0.0227206
4 1703 0.321112 -0.0261646
5 1703 0.352047 -0.0250166
4 1704 -0.0134523 -0.0250166
5 1704 0.0140462 -0.0181286
4 1705 0.277573 -0.0146847
5 1705 0.308508 -0.0123887
5 1449 0.313091 0.00712714
4 1380 0.0701888 0.0335309
5 364 0.0896668 0.0599346
5 1450 0.0919583 0.0599346
4 1706 -0.00657766 0.0564906
5 1706 0.0291703 0.0665929
5 120 0.0896668 0.0665929
4 1707 -0.000848828 0.0633786
5 1707 0.0358157 0.0725624
5 64 0.0495649 0.0886343
4 783 0.0713345 0.0955222
5 594 0.0300869 0.11963
4 1708 0.0999787 0.117334
5 1708 0.141226 0.12537
5 129 0.138935 0.127666
5 134 0.106853 0.137998
4 1246 -0.0780735 -0.0890743
4 1709 0.250532 -0.0876967
5 1709 0.280781 -0.0849416
4 181 0.309654 -0.0863192
4 376 0.00442169 -0.0615226
4 492 -0.0629494 -0.060145
4 786 0.00167184 -0.0573898
4 147 0.295905 -0.0505019
5 377 0.284906 -0.0449916
5 628 0.306904 -0.0381036
5 604 0.361214 -0.0284605
4 1710 0.319279 -0.0270829
5 1710 0.350902 -0.0257053
4 1711 -0.0148272 -0.0243277
5 1711 0.0192709 -0.0149602
4 1712 -0.017577 -0.0174399
5 1712 0.0235942 -0.00607477
4 1713 0.282156 -0.00228639
5 1713 0.312404 0.000468791
4 162 0.282156 0.00460156
4 1714 0.308279 0.00460156
5 1714 0.337152 0.00597914
5 495 0.29178 0.0349084
5 171 0.284906 0.0417964
4 1715 0.0539188 0.0569498
5 1715 0.0937915 0.0652153
5 640 0.104791 0.0858792
4 1716 -0.0285764 0.0858792
5 1716 0.0112963 0.0955222
5 388 0.111666 0.0968998
4 1717 0.0704179 0.0968998
5 1717 0.108916 0.105165
5 643 0.0291703 0.118941
4 1634 0.00854646 0.114808
5 179 0.0731677 0.132717
4 1718 0.102041 0.124452
5 1718 0.140539 0.131339
5 620 -0.053325 -0.0810843
4 1719 -0.0302263 -0.0662064
5 1719 -0.00547772 -0.059594
4 1720 0.00607162 -0.0645532
5 1720 0.0324701 -0.0579408
4 506 -0.00217789 -0.0629002
5 504 0.283256 -0.0562878
5 1613 0.374 -0.0546346
4 1721 0.261807 -0.0480222
5 1721 0.291505 -0.044716
5 651 0.275006 -0.0381036
4 508 0.260157 -0.0397567
4 1722 -0.0120773 -0.0347974
5 1722 0.0143212 -0.028185
4 1723 0.0390697 -0.0347974
5 1723 0.033295 -0.0381036
4 203 0.319554 -0.0199194
5 1481 0.347602 -0.0149602
4 800 0.270056 0.0015709
5 1528 0.105066 0.0858792
4 1286 0.0704179 0.0974509
4 1724 -0.017027 0.099104
5 1724 0.0209208 0.109023
4 1725 -0.0236267 0.109023
5 1725 0.017621 0.117288
5 662 0.0456693 0.123901
4 1726 0.0951665 0.137125
5 1726 0.133114 0.143738
5 1364 0.279956 -0.0863742
4 813 0.339352 -0.0764556
5 1096 -0.0388058 -0.0625695
4 1727 0.339352 -0.0705044
5 1727 0.369051 -0.0705044
5 668 -0.0368259 -0.0546346
4 1728 0.307674 -0.0486834
5 1728 0.337373 -0.0466997
5 231 0.347272 -0.0466997
4 1729 -0.0150471 -0.0248788
5 1729 0.0126713 -0.0169438
4 1730 -0.102162 -0.0209113
5 1730 -0.0780735 -0.013307
5 203 0.349252 -0.0189276
4 1731 0.323513 -0.0149601
5 1731 0.353212 -0.0129764
4 1732 0.274016 0.00289342
5 1732 0.301735 0.0048771
4 1733 0.275996 0.00884456
5 1733 0.305694 0.0108283
4 1734 0.299755 0.0167795
5 1734 0.329453 0.0187632
4 532 0.281936 0.0187632
4 1386 0.0542489 0.0762912
5 249 0.109686 0.0901773
5 1151 0.109686 0.0961284
4 535 0.0582086 0.104063
5 686 0.0291703 0.118941
5 220 0.0879069 0.115966
5 536 0.139384 0.117949
4 254 0.0285103 0.123901
4 1735 0.103746 0.133819
5 1735 0.143014 0.140432
5 1157 0.37499 -0.0883578
4 1736 0.339352 -0.0764555
5 1736 0.367863 -0.0764555
4 1737 -0.0740477 -0.0740751
5 1737 -0.0502891 -0.0669337
4 1738 0.284708 -0.0740751
5 1738 0.315594 -0.0716946
5 260 0.353608 -0.0716946
4 689 -0.0265304 -0.0716946
4 1739 0.222935 -0.0716946
5 1739 0.251446 -0.0693141
4 1740 0.00435578 -0.0669337
5 1740 0.0304903 -0.0597922
5 690 0.353608 -0.0574118
4 1741 -0.0146511 -0.0550313
5 1741 0.0114834 -0.0478899
5 1164 0.34648 -0.0526508
4 1742 0.00435578 -0.0431289
5 1742 0.03445 -0.0347974
4 540 0.244318 -0.0431289
4 1743 0.260949 -0.0407485
5 1743 0.289459 -0.038368
4 1744 0.0114834 -0.038368
5 1744 0.0403897 -0.0308299
4 1314 0.279956 -0.0288461
4 1745 0.315594 -0.0288461
5 1745 0.34648 -0.0264657
4 1746 -0.0217787 -0.0240852
5 1746 0.0148096 -0.0145633
4 1747 -0.0146511 -0.0240852
5 1747 0.0138592 -0.0169438
4 1748 0.035242 -0.0240852
5 1748 0.0718303 -0.0145633
4 541 0.263325 -0.0193243
4 545 0.258573 0.00209997
4 1749 0.07088 0.00924138
5 1749 0.11127 0.0187633
4 1750 0.275204 0.0140023
5 1750 0.30609 0.0163828
4 1751 0.289459 0.0211437
5 1751 0.31797 0.0235242
4 1752 0.291835 0.037807
5 1752 0.320346 0.0401875
4 835 0.289459 0.0425679
5 1180 0.289459 0.0473289
5 1185 0.106518 0.0949383
4 1753 0.0494972 0.106841
5 1753 0.087511 0.113982
5 285 0.120773 0.113982
5 290 0.132652 0.142548
4 1754 -0.0735725 -0.0888339
5 1754 -0.0479132 -0.0802643
5 293 0.29136 -0.068838
4 553 0.297062 -0.0716946
5 710 -0.0251049 -0.0545552
5 441 0.311317 -0.0545552
4 1755 0.240041 -0.0545552
5 1755 0.271403 -0.0516986
4 1756 0.34553 -0.0545552
5 1756 0.37404 -0.0545552
5 711 0.285658 -0.0459855
4 833 0.0062565 -0.0431289
4 1757 0.245743 -0.0431289
5 1757 0.277105 -0.0402723
4 1758 0.328424 -0.0431289
5 1758 0.356934 -0.0431289
4 1759 0.336977 -0.0431289
5 1759 0.365487 -0.0431289
4 1760 -0.00799868 -0.0345593
5 1760 0.0205117 -0.0259896
5 714 0.297062 -0.0174199
4 845 0.31987 -0.0174199
4 1641 0.259999 0.00257608
4 1761 0.274254 0.00257608
5 1761 0.305615 0.00543267
5 305 0.0974897 0.0254286
4 1762 0.251446 0.0311417
5 1762 0.279956 0.0339983
4 1763 0.0746814 0.0339983
5 1763 0.114596 0.0425679
4 1764 0.259999 0.0454245
5 1764 0.288509 0.0482811
4 1765 0.268552 0.0482811
5 1765 0.299913 0.0511377
4 1766 -0.00514767 0.0597074
5 1766 0.0290648 0.068277
4 1767 0.046171 0.0739901
5 1767 0.0860855 0.0825599
5 562 0.049022 0.088273
5 720 0.111745 0.0911296
4 310 0.0547241 0.0911296
5 1208 0.0974897 0.111125
5 725 0.0661283 0.131121
4 1768 0.046171 0.128265
5 1768 0.0860855 0.136835
4 1769 -0.0365091 0.142548
5 1769 0.000554417 0.151117
5 314 -0.00172639 -0.0825495
4 851 -0.053045 -0.0585543
4 1770 -0.00856889 -0.0585543
5 1770 0.0188011 -0.0516986
4 1771 0.0153798 -0.0585543
5 1771 0.0427498 -0.0516986
4 1772 -0.0975212 -0.0482707
5 1772 -0.0735725 -0.0379871
4 1773 0.234339 -0.0448428
5 1773 0.265131 -0.041415
5 320 0.292501 -0.0379871
4 1774 -0.0222539 -0.0345592
5 1774 0.00169483 -0.0277035
5 732 0.0701197 -0.0139919
4 443 0.271973 -0.0208477
4 1775 0.282237 -0.0174198
5 1775 0.313028 -0.0139919
5 1333 0.278816 -0.00370835
4 1390 0.261709 -0.00713623
5 733 0.302764 0.0065753
4 1776 0.213812 0.0065753
5 1776 0.241182 0.0100032
4 853 0.234339 0.0202868
4 1777 0.0119586 0.0785607
5 1777 0.0495922 0.0888443
5 741 0.118017 0.112839
4 857 0.0906471 0.116267
4 1778 -0.029875 -0.339948
6 1778 0.203098 -0.427004
6 335 0.257522 0.16708
4 1779 0.098069 0.145077
6 1779 0.232888 0.174733
6 114 0.25122 0.185065
4 1780 -0.0162021 0.000468791
6 1780 0.0209207 -0.0525683
4 1781 0.317574 -0.0546346
6 1781 -0.0365586 0.213956
6 1616 0.22945 0.189657
6 266 0.225786 0.105412
6 1750 0.248608 0.181759
4 1654 -0.0251049 -0.0888339
4 443 0.274254 -0.0174199
4 1782 0.265131 -0.0208477
6 1782 0.329849 0.123504
7 23 0.0445999 -0.0156413
7 985 0.296669 0.16134
7 81 0.0470442 -0.0174399
7 18 0.323403 0.105854
7 481 0.349527 0.112053
7 336 0.302779 0.147182
7 493 0.299342 0.151774
7 359 0.293155 0.153381
7 114 0.297051 0.160958
7 115 0.307363 0.170141
4 1783 0.238158 -0.0312157
7 1783 0.261532 0.103558
7 381 0.291895 0.126901
7 1713 0.302779 0.141442
7 200 0.293155 0.110676
4 207 0.281606 0.0015709
7 211 0.319554 0.155309
7 244 0.275006 0.168534
7 290 0.0376179 0.27395
7 318 0.292501 0.0854164
8 81 -0.0382008 -0.0449916
8 82 -0.0352218 -0.0433844
8 607 0.233651 0.0876776
8 112 0.245109 0.0943742
8 115 0.239762 0.116186
8 162 0.235179 0.0978182
4 1564 0.240358 -0.0546346
8 650 0.194161 0.0395923
4 1784 0.304704 -0.0480222
8 1784 0.263457 0.0544702
8 1102 0.270056 0.0544702
4 1785 -0.00118794 -0.0645532
8 1785 -0.0623384 -0.0118147
8 672 0.188881 0.0544702
8 1362 0.232439 0.00924138
8 247 0.200127 -0.00713623
8 535 0.19966 -0.00228639
8 1494 0.20472 0.0505028
8 1752 0.240358 0.119933
8 297 0.275394 0.0545656
4 1786 0.23719 -0.0431289
8 1786 0.191574 0.0425679
8 745 -0.0154114 0.243099
4 466 -0.063866 -0.0629002
9 76 0.180412 0.00735673
9 93 0.183047 0.0302782
9 1701 -0.170468 0.0164488
9 1702 -0.115196 0.0101119
9 1703 0.240908 0.0321533
9 484 0.181137 0.0561079
9 1526 0.187561 -0.0017353
9 148 -0.0879729 -0.0100008
9 622 0.180962 0.0081833
9 151 0.231742 0.017459
4 1787 -0.0632244 -0.0629002
9 1787 -0.153694 -0.00779674
9 507 0.217534 0.0156223
9 1302 0.223859 0.0610826
9 1362 0.169082 0.0723237
9 1367 -0.14242 -0.0100008
9 430 0.215808 0.00924138
4 1788 0.30609 -0.00504145
9 1788 0.226499 0.0524865
4 883 0.325573 -0.0602683
9 728 0.145387 -0.0105641
9 1538 0.217233 0.0100032
9 319 0.200127 0.0237147
9 730 0.222935 0.0597074
10 9 0.252366 -0.0433844
10 578 0.174454 -0.0433844
4 878 -0.0604287 -0.0596476
4 53 0.257522 0.00062183
10 590 0.236516 0.0245383
10 602 0.192786 -0.0261646
4 1789 0.00488001 -0.0514203
10 1789 -0.0564663 -0.0379871
10 1703 0.271156 -0.00641915
10 111 0.207681 0.023199
10 1449 0.233651 0.0235816
10 1025 0.248928 0.0277909
10 359 0.225058 0.0341048
10 611 0.230787 0.0398448
10 623 0.192511 -0.0265319
10 147 0.249158 -0.0243277
10 628 0.230596 -0.0123887
10 1713 0.232659 0.0183774
10 1070 0.243658 0.0225101
10 163 0.238616 0.0266429
4 1586 0.260157 -8.22329e-05
10 1139 0.217259 0.0081833
4 399 0.272036 -0.0169438
4 1790 -0.0645442 -0.0716946
10 1790 -0.129881 -0.0486834
10 1788 0.256197 0.0147958
10 1536 0.205829 -0.0288461
10 715 0.234815 0.00924138
10 561 0.244318 0.0282851
10 1762 0.201552 0.0473289
10 718 -0.033658 0.135406
10 309 0.035242 0.163972
10 1624 0.0281144 0.192538
4 1791 0.343819 -0.0894052
10 1791 0.294211 -0.068838
4 1792 0.316449 -0.0482707
10 1792 0.268552 -0.023133
10 853 0.179599 0.0237147
4 1793 0.0803835 0.0648492
10 1793 0.0575751 0.159687
10 1627 0.0347668 0.1654
11 25 -0.0535541 -0.0227206
11 21 0.0188202 -0.0261646
11 878 -0.0527903 -0.0185113
11 27 0.0159557 -0.0185113
11 17 0.26325 -0.013728
11 53 0.277573 0.0331482
11 348 -0.0569914 -0.0273125
11 73 0.287655 -0.0284605
11 603 -0.0546999 -0.0261646
11 76 0.280781 -0.020195
4 1794 0.311946 -0.0479763
11 1794 0.331042 -0.0108581
11 91 0.295714 -0.000334827
11 1449 0.302398 0.0350615
11 359 0.294759 0.0455847
11 611 0.299533 0.0513246
11 623 0.263457 -0.013307
11 1713 0.301405 0.0307757
4 1795 0.302779 0.00735673
11 1795 0.319279 0.036286
4 1796 0.278306 -0.0562878
11 1796 0.301735 -0.0149601
11 204 0.28628 0.0211326
4 1797 0.293155 0.0230612
11 1797 0.312404 0.0541946
4 1798 0.0968164 0.117288
11 1798 0.115256 0.168993
4 1799 0.101766 0.123901
11 1799 0.159513 0.196637
11 668 -0.0546449 -0.0189276
11 1133 0.293815 -0.00107404
11 399 0.294805 0.0214082
11 402 0.277976 0.034633
11 268 0.287083 -0.00980237
11 1743 0.284708 -0.000280524
11 692 0.297775 0.0167795
11 1498 0.301735 0.0306656
11 1370 0.319554 0.034633
11 278 0.313614 0.0386004
4 1800 0.0732558 0.033046
11 1800 0.143014 0.138778
11 548 0.0542489 0.135406
11 1368 0.149283 0.13977
11 1619 0.0717928 0.167157
4 1801 0.308466 -0.0488421
11 1801 0.327473 -0.0121829
11 297 0.334601 -0.0121829
11 1766 0.0566248 0.15445
4 1802 0.0974897 0.116839
11 1802 0.160704 0.197693
11 1625 0.342679 -0.0574118
11 1626 0.340398 -0.0379871
11 318 0.285658 -0.0139919
11 730 0.31987 0.0282851
4 1803 0.00853734 0.0614213
11 1803 0.0718303 0.15683
11 457 0.0746814 0.202535
4 1804 -0.224655 -0.47962
12 1804 -0.319181 -0.422221
4 1805 -0.206514 -0.214626
12 1805 -0.263802 -0.155313
12 1606 0.38885 -0.080423
12 329 0.315765 -0.0309478
12 591 0.322448 0.0427147
12 575 -0.264375 -0.155887
12 1702 0.0449819 0.0254949
12 1703 0.3784 -0.0215726
12 1704 0.0617864 0.0283649
12 1449 0.350138 0.0111451
12 609 0.354912 0.014015
12 114 0.349183 0.0245383
4 171 0.254657 0.0392708
12 594 0.163912 0.174045
4 1806 -0.207316 -0.214435
12 1806 -0.265063 -0.155198
4 1807 0.349527 -0.0876967
12 1807 0.389246 -0.0812164
12 1526 0.334403 -0.0491243
4 146 -0.0615745 -0.0684105
12 376 0.0770633 -0.00664874
12 632 0.336007 -0.0020568
12 1070 0.357776 0.00942309
12 1608 0.293815 0.0247144
12 171 0.322853 0.0428985
4 1808 -0.226565 -0.479482
12 1808 -0.32061 -0.421624
12 505 0.0110213 -0.0017353
12 507 0.360526 -0.036726
12 650 0.312954 -0.0265319
12 207 0.348152 0.00873432
12 1529 -0.0450754 -0.46791
12 225 0.359151 -0.0546346
12 1297 0.323513 -0.0367811
12 1137 0.347272 -0.0149601
12 1157 0.388295 -0.0802643
4 1809 -0.0621684 -0.0621727
12 1809 0.0114834 0.00448046
12 539 0.347272 -0.0387648
12 269 0.370701 -0.0381036
4 1810 0.07088 -0.0193243
12 1810 0.23719 0.0520898
12 1498 0.349252 0.0048771
4 1811 0.00435578 0.111602
12 1811 0.182941 0.175477
4 1812 0.0889366 -0.0202764
12 1812 0.251446 0.0473289
12 714 0.336977 -0.00599361
12 735 0.358359 0.0140023
13 1805 -0.307914 -0.194919
13 579 -0.0499259 -0.0462544
13 1690 -0.0508807 0.00062183
13 53 0.231742 0.00062183
13 1240 0.254657 -0.00129148
4 1813 0.0503287 0.0522813
13 1813 0.0789729 0.0953309
13 341 0.0751537 0.0972442
13 1355 0.0741989 0.117334
13 1700 -0.0524083 -0.0353484
13 79 -0.0212817 -0.0386011
13 601 -0.00791441 -0.0386011
13 584 -0.059283 -0.00894474
13 1704 -0.0375134 0.00253514
13 1449 0.255612 0.00157849
4 170 0.248928 0.0300869
13 364 0.0782091 0.0955222
13 1453 0.0747718 0.117334
4 1814 0.0953956 0.10815
13 1814 0.114301 0.134554
13 131 0.0552937 0.160958
13 617 0.0780181 0.145077
13 1709 0.222209 -0.0794312
13 146 -0.0904478 -0.0339709
13 376 -0.0214726 -0.0342004
13 786 -0.0230767 -0.0298381
13 142 0.287655 -0.060145
13 150 0.277573 -0.0479763
13 628 0.250532 -0.0381036
13 630 -0.0601996 -0.00917433
13 103 0.252366 -0.0158326
13 1021 0.234033 -0.000908798
13 1795 0.272531 0.00184638
13 639 0.0924166 0.114808
13 126 0.0772925 0.145115
4 125 0.0924166 0.112053
4 811 -0.0409507 0.140983
4 1815 -0.0368259 0.14236
13 1815 -0.00382782 0.189198
13 1722 -0.0384758 -0.0083477
4 511 0.266757 -0.00338843
13 1586 0.235408 -8.22329e-05
13 656 0.20472 0.0147958
4 222 0.03412 0.123901
13 1160 0.286555 -0.0728188
13 227 0.258177 -0.066537
13 668 -0.0902828 -0.0288462
13 1730 -0.129881 0.0147958
13 236 0.240358 -0.0050415
13 1733 0.248278 0.00686083
13 655 0.256857 0.0114895
13 1616 0.228479 0.034633
13 1149 0.0209208 0.0891854
13 244 0.233758 0.0395923
13 246 0.0114834 0.10446
13 247 0.0918666 0.110676
13 1809 -0.0906787 -0.0288461
13 539 0.251446 -0.0526508
13 1314 0.254297 -0.0259896
4 1816 0.232439 0.0187633
13 1816 0.202978 0.0168589
4 254 0.0281144 0.123504
13 293 0.231488 -0.0659814
13 553 0.265701 -0.0693141
13 295 0.23719 -0.0459855
13 1801 0.275204 -0.0502703
13 1759 0.298963 -0.0502703
13 1812 0.108894 0.022572
4 1817 0.0718303 -0.0174199
13 1817 0.0917876 0.0254286
4 1818 0.248595 -0.00599361
13 1818 0.220084 -0.00599361
13 1175 0.23719 -0.00599361
13 301 0.18017 0.00543267
13 283 0.0780076 0.0973187
13 1766 0.0176606 0.105412
4 1819 0.0632772 0.0996992
13 1819 0.0851352 0.133026
13 566 -0.0935298 -0.0345593
13 1772 -0.131734 -0.0139919
13 320 0.234339 -0.0379871
4 1820 0.0735409 -0.0174198
13 1820 0.0906471 0.0237147
13 1333 0.220654 -0.00713623
13 731 0.257148 -0.00313707
4 1821 0.0256435 0.119695
13 1821 0.0530135 0.157402
14 579 -0.0241461 -0.0242513
14 462 -0.0652028 -0.0108581
14 338 0.307172 -0.0175547
14 591 0.251793 0.0455847
14 1605 0.0703797 0.120204
14 62 0.121939 0.124987
14 1698 0.0805006 0.173585
14 1703 0.306217 -0.0181286
14 359 0.269934 0.0235816
14 114 0.275663 0.0283649
14 118 0.130914 0.0897823
14 1453 0.119457 0.140294
14 594 0.0552937 0.171289
14 1526 0.256032 -0.0477467
14 632 0.260386 0.000239202
14 165 0.270698 0.023199
14 360 0.274135 0.0254949
4 1822 0.284906 0.0156223
14 1822 0.278718 0.023199
14 166 0.276427 0.0277909
14 1815 0.0484192 0.214913
4 1823 0.068768 -0.0199194
14 1823 0.133114 0.051164
14 516 0.118265 0.140432
14 667 -0.0252766 -0.0248788
14 813 0.314604 -0.0662064
4 1824 -0.0269264 -0.0705044
14 1824 -0.0285764 -0.0182664
14 226 0.216599 -0.044716
14 399 0.268406 -0.0017353
14 1147 0.117605 0.0862098
4 1825 0.000791953 0.0485191
14 1825 0.0737177 0.122247
4 1826 -0.0229667 0.141754
14 1826 0.0621684 0.211515
14 689 -0.0289063 -0.0189276
14 429 0.246694 -0.038368
14 539 0.272036 -0.0367811
14 1743 0.256197 -0.0217047
14 1498 0.275996 0.00884456
14 1816 0.222935 0.0282851
4 1682 0.0399937 0.125884
14 1323 0.0621684 0.211184
14 1801 0.294211 -0.0359875
14 1817 0.135028 0.0520898
14 1537 0.298963 -0.000280524
14 301 0.200127 0.0168589
4 1827 0.288509 0.022572
14 1827 0.282807 0.0282851
14 1765 0.261709 0.0511377
14 562 0.0838047 0.147118
14 1819 0.130277 0.15445
14 1624 0.120773 0.163972
4 1828 0.00340546 0.111125
14 1828 0.0832345 0.179683
14 851 -0.0536153 -0.00313707
4 1829 0.0564347 0.0168589
14 1829 0.128851 0.088273
14 1803 0.0769622 0.129979
14 1627 0.131702 0.139691
14 743 0.121438 0.164258
6 112 0.274708 0.17856
6 374 0.304704 0.142085
6 810 0.227159 0.183412
6 195 0.291505 0.140432
5 1830 0.0291703 0.0462047
6 1830 0.347464 0.105854
6 1544 0.301735 0.10208
6 412 0.244318 0.10446
6 402 0.235408 0.164402
6 830 0.220084 0.111125
6 698 -0.0403778 0.242656
5 1831 -0.00039593 0.149689
6 1831 0.336977 0.131121
5 1832 -0.0496238 -0.0825495
6 1832 -0.0265304 -0.0550313
7 18 0.323403 0.104897
7 19 0.349756 0.111594
7 336 0.302398 0.14699
7 1628 0.295714 0.156557
7 766 0.312404 0.167157
5 1833 0.0360067 0.0943742
7 1833 -0.0753237 0.211469
5 18 0.326841 -0.0491243
7 1704 0.034097 0.00923174
5 1834 0.00946306 -0.0135367
7 1834 0.0277953 0.0128671
7 784 0.382525 0.0886343
5 1835 0.00854646 -0.0146847
7 1835 0.0277953 0.0114895
5 1836 0.313779 0.0101119
7 1836 0.302779 0.151774
7 1100 0.321533 0.106047
7 812 -0.0461067 -0.291159
7 669 0.268406 0.099104
5 1837 0.281936 -0.0387648
7 1837 0.274016 0.10208
7 1739 0.258573 0.0544703
5 1838 0.0062565 -0.0459855
7 1838 0.0207298 -0.0108581
7 1172 0.294211 0.128265
5 1839 0.0119586 -0.0585543
7 1839 0.0393285 0.0202868
8 1445 0.283531 0.0459291
8 763 0.24129 0.0962875
8 1835 -0.0546999 -0.0133071
5 1840 0.0236706 -0.00504156
8 1840 -0.00989941 -0.0240852
8 1713 0.235179 0.0886343
8 1100 0.252237 0.0505028
5 192 0.334403 -0.0480222
8 799 -0.114041 -0.0407485
8 1310 0.248595 0.0339983
8 233 0.230063 0.0568508
5 1841 0.34553 -0.0259896
8 1841 0.274254 0.0711336
8 714 0.217233 0.0739901
5 1842 0.0974897 0.0311417
8 1842 -0.080415 0.140262
8 1770 -0.0643243 -0.0353484
5 1843 0.340398 -0.0242756
8 1843 0.268552 0.0717049
9 1686 -0.108102 -0.0288462
5 1844 0.351093 -0.0213813
9 1844 0.242245 0.0360181
5 1845 0.000678838 -0.0156413
9 1845 -0.111033 0.0254949
9 578 0.144664 -0.00669463
9 603 -0.15018 -0.0127714
9 79 -0.0808234 -0.00917433
5 1846 0.0014427 -0.0192766
9 1846 -0.109697 0.018607
9 1691 -0.0993848 0.023199
5 1847 0.0014427 -0.0146847
9 1847 -0.110842 0.0254949
9 1834 -0.101676 0.0266429
9 115 0.21551 0.0800244
5 1848 0.0291703 -0.0587674
9 1848 -0.0813733 -0.013307
9 143 0.174912 0.0101119
9 377 0.177662 0.0211326
5 1849 0.00854646 -0.0325933
9 1849 -0.103968 0.0105711
5 1850 -0.00245289 -0.0298381
9 1850 -0.115196 0.0156223
5 1851 -0.00382782 -0.0243277
9 1851 -0.116021 0.0147957
5 1852 0.00167184 -0.0146847
9 1852 -0.109697 0.0238877
9 1835 -0.102822 0.0266429
9 632 0.185911 0.0484547
9 1254 0.179037 0.0587866
9 165 0.195536 0.0707257
9 1100 0.218909 0.0164488
9 1722 -0.0973224 0.0128671
5 157 0.298105 -0.0017353
9 1092 0.145324 -0.00702524
9 1732 0.192841 0.0624051
9 265 -0.153969 -0.013307
9 829 0.238378 0.0147958
5 691 0.00673163 -0.0431289
9 1172 0.198781 0.0445516
9 715 0.206304 0.0473289
9 1761 0.196801 0.0592313
5 1853 0.31987 0.022572
9 1853 0.211531 0.0768467
5 553 0.326713 -0.068838
5 1854 0.343819 -0.0551265
9 1854 0.23719 0.0111458
9 852 0.206969 0.0751328
5 1855 0.307172 -0.0692141
10 1855 0.231742 -0.0433844
10 25 -0.127265 -0.044341
10 587 0.221239 0.0178417
10 1628 0.228877 0.0350615
10 1378 -0.0432422 0.152922
10 996 0.274708 -0.050081
10 603 -0.125737 -0.0479763
5 79 0.0335242 -0.0571602
10 1691 -0.0764695 -0.0100927
5 358 0.286739 0.00827509
5 187 0.251907 -0.0656553
5 1068 0.308279 -0.020195
10 367 0.0209208 0.163575
10 377 0.20901 -0.0199194
10 807 0.0264204 0.150626
5 1856 0.139714 0.132166
10 1856 0.0720678 0.194984
5 1857 0.37697 -0.0883579
10 1857 0.298105 -0.0695126
10 1364 0.240908 0.0496027
5 228 0.00475171 -0.0685207
5 1858 0.353212 -0.058602
10 1858 0.275996 -0.0347974
10 229 0.194425 -0.0264657
10 522 0.248278 -0.022895
5 1859 0.270056 -0.0466997
10 1859 0.191411 -0.0270829
5 1424 0.305694 -0.0189276
10 1543 0.262137 0.00686083
10 236 0.218579 0.0167795
10 1387 0.0357699 0.163575
10 1736 0.288509 -0.0602683
10 829 0.268077 -0.0248788
5 1860 0.275204 -0.00504145
10 1860 0.194425 0.00924138
10 1752 0.23719 0.0497094
10 835 0.234339 0.0511377
10 1157 0.294211 -0.0693141
5 904 -0.00514767 -0.0602683
5 1861 0.282807 -0.0374158
10 1861 0.205829 -0.0117067
5 1862 0.29136 -0.0374158
10 1862 0.213812 -0.0139919
10 1137 0.234339 -0.000280466
10 1761 0.225311 0.0211437
10 1853 0.240041 0.0397114
5 1863 0.0290648 0.119695
10 1863 -0.0393601 0.196822
5 1864 0.354083 -0.0722659
10 1864 0.275394 -0.0516986
10 553 0.251446 -0.0431289
10 850 -0.130593 -0.0488421
5 1865 -0.0359388 -0.0551265
10 1865 -0.127742 -0.0431289
5 1792 0.34724 -0.0448428
5 1866 0.313028 -0.000280466
10 1866 0.234339 0.0197154
5 1867 0.333555 0.00314742
10 1867 0.251446 0.022572
5 1868 0.0256435 0.109412
10 1868 -0.0427813 0.184825
11 11 0.00258845 -0.0386011
11 1855 0.300488 -0.0299912
11 33 0.284256 0.00157849
11 759 -0.00199461 0.0013872
5 1869 0.0169105 -0.0185113
11 1869 0.000678838 0.0101884
11 1377 0.315765 0.0360181
5 1870 0.285211 0.0417581
11 1870 0.271844 0.0628045
5 1871 0.287121 0.0455847
11 1871 0.273753 0.0675878
11 79 0.0186292 -0.0261646
5 92 0.0255038 -0.0456803
5 1872 0.285593 -0.0445323
11 1872 0.279864 -0.00664874
11 1846 -0.0157438 0.00827509
11 1704 -0.00218558 0.0101884
11 1834 -0.00657766 0.015163
11 591 0.271156 0.0624601
11 129 0.161163 0.201266
5 1873 0.134352 0.144886
11 1873 0.155663 0.215372
11 187 0.243658 -0.0298381
11 142 0.342652 -0.0229502
11 627 0.295905 0.000239202
11 1850 -0.0203269 -0.0017353
11 1851 -0.0203269 0.00597914
11 1852 -0.0148272 0.0142447
5 1874 0.000296922 -0.0105519
11 1874 -0.0153771 0.019755
11 1021 0.279406 0.0321533
5 635 0.28628 0.00873432
11 1029 0.11579 0.117564
5 1875 0.326153 0.0238877
11 1875 0.315383 0.0518987
5 1876 0.11304 0.0459291
11 1876 0.142945 0.13838
5 1877 0.132289 0.114808
11 1877 0.152913 0.185065
11 183 0.288205 -0.0331443
11 184 0.299755 -0.0298381
11 1480 0.29728 -0.00366397
11 200 0.29453 -0.000908798
5 1878 -0.00382782 -0.0232256
11 1878 -0.0209868 0.0048771
5 1879 -0.000527985 -0.0199194
11 1879 -0.017027 0.00884456
11 788 0.29178 0.0721033
11 1303 0.220559 0.0235242
11 211 0.315154 0.0390412
11 803 0.29728 0.0473067
11 807 0.11854 0.156136
5 1880 0.291835 -0.0466997
11 1880 0.285896 -0.00702524
11 236 0.287875 0.0286818
5 1881 0.287875 0.0465353
11 1881 0.275996 0.07034
5 1882 0.0067316 0.153656
11 1882 0.0374198 0.241271
11 1736 0.356934 -0.0431289
11 265 -0.0546449 -0.0268624
11 829 0.335393 -0.0129764
11 276 0.297775 0.0366167
11 1389 0.104142 0.113982
5 1883 0.0399937 0.0592313
11 1883 0.0671181 0.148697
5 1187 0.0281144 0.118743
11 1192 -0.0146511 -0.0407485
11 296 0.329453 -0.0129764
11 1504 0.301339 -0.00266096
11 1175 0.285658 0.0282851
11 1182 0.0756317 0.159211
5 1884 0.0889366 0.116839
11 1884 0.113645 0.194918
5 450 0.0518731 0.125408
11 1769 0.0285103 0.236973
11 1550 0.340398 -0.0585543
11 1792 0.336977 -0.0117067
5 1885 0.323292 0.013431
11 1885 0.311317 0.0425679
11 1649 0.144532 0.142548
11 855 0.0689793 0.148261
11 455 0.120298 0.153974
11 1393 0.131702 0.153974
12 749 0.245109 -0.472923
5 1805 -0.195056 -0.206973
5 1886 -0.189328 -0.206016
12 1886 -0.257119 -0.15627
12 759 0.0621684 0.019755
5 1887 0.0111817 -0.016598
12 1887 0.0598768 0.0302782
5 1888 0.0235942 0.00636177
12 1888 -0.0188326 0.013431
5 1889 0.277573 0.0312349
12 1889 0.310036 0.0321915
12 768 0.22143 0.141442
12 1629 0.122894 -0.222471
12 79 0.0780181 -0.0099014
12 1872 0.326841 -0.0273125
5 1890 0.291322 -0.0422364
12 1890 0.332951 -0.0252079
12 89 0.347273 -0.0252079
12 1834 0.0587311 0.0335309
12 1029 0.224103 0.0876776
12 133 0.206535 0.182769
12 143 0.323403 -0.0387924
5 376 0.0319201 -0.0546346
12 623 0.312954 -0.0314912
5 1891 0.334403 -0.0477467
12 1891 0.365797 -0.0376444
12 787 0.342881 -0.0032048
5 108 0.317904 -0.00366397
12 360 0.347464 0.022051
12 1029 0.224409 0.0886343
5 1892 0.0910417 0.0610826
12 1892 0.232888 0.121926
12 367 0.221659 0.140983
5 926 0.0497941 0.0900119
12 131 0.20241 0.183688
5 1893 0.0308202 -0.0546346
12 1893 0.0772925 -0.00641915
12 1480 0.346777 -0.0257053
12 1722 0.0605185 0.019755
12 179 0.20901 0.183412
5 1894 0.00607162 0.155309
12 1894 0.155663 0.21675
12 1545 0.325493 -0.0407485
12 816 0.347602 -0.0381036
12 525 0.327473 -0.0288462
12 231 0.37565 -0.0394812
12 1837 0.324503 -0.0215726
12 675 0.357501 0.0263674
12 829 0.37565 -0.0381036
12 541 0.337373 -0.0050415
12 1389 0.211056 0.0854164
12 283 0.230459 0.121917
12 711 0.327473 -0.0288461
12 1853 0.355984 0.0235242
12 1767 0.226499 0.13977
12 725 0.196801 0.180635
12 455 0.231488 0.122552
5 1895 0.0906471 0.116267
12 1895 0.225786 0.1654
13 771 0.184956 -0.4911
5 1896 0.0493739 -0.209843
13 1896 -0.0556547 -0.218453
13 755 -0.0518355 -0.0405144
5 1897 0.00258845 -0.0558209
13 1897 -0.0518355 -0.0347745
13 757 -0.0518355 -0.0280779
13 467 -0.0222365 -0.0309478
5 1898 0.0321874 -0.0462544
13 1898 -0.0203269 -0.0261646
13 32 -0.0260557 -0.0232946
13 759 -0.0365586 -0.00798808
13 1845 -0.0508807 0.00540511
13 470 0.257522 0.00540511
13 985 0.253702 0.0149717
5 60 0.0331422 0.0484547
5 1899 0.0360067 0.0551513
13 1899 0.024549 0.0943742
13 67 0.0350519 0.154644
13 600 -0.0512626 -0.0399404
13 79 -0.0214726 -0.0376444
13 91 0.245109 -0.0366878
5 1900 0.024358 -0.0296085
13 1900 -0.0285764 -0.0105519
13 1847 -0.0501168 0.00597914
13 1834 -0.0420965 0.00597914
13 1705 0.250838 -0.013728
5 1901 0.0335242 0.0714144
13 1901 0.0209207 0.107921
5 1902 0.0873753 0.11389
13 1902 0.0770633 0.143738
13 133 0.0617864 0.16134
13 772 -0.0546999 -0.217879
13 1848 -0.0237642 -0.0387924
13 1700 -0.053325 -0.036726
5 1903 0.033295 -0.0573898
13 1903 -0.0217018 -0.0381036
13 144 0.250532 -0.0532571
13 376 -0.0217018 -0.0339709
5 1904 0.290405 -0.043614
13 1904 0.234033 -0.0408588
13 1850 -0.0560748 -0.00917433
13 758 0.212035 -0.0243277
13 1710 0.28628 -0.0312157
13 1851 -0.0560748 -0.00228639
13 1068 0.250532 -0.0215726
13 787 0.248928 -0.0127714
13 1714 0.275006 -0.0017353
13 385 0.0862295 0.0633786
13 792 0.260386 0.0369748
13 1381 0.0209207 0.0886343
13 1892 0.0805006 0.0955222
5 1905 0.0869169 0.0624601
13 1905 0.0759176 0.0978182
5 1906 0.0869169 0.0652153
13 1906 0.0759176 0.100114
13 1715 0.0816464 0.0978182
5 1907 0.102041 0.0845016
13 1907 0.0894758 0.114464
13 640 0.0919583 0.115038
13 499 0.0953956 0.118482
5 1908 0.0869169 0.113431
13 1908 0.0759176 0.14236
13 1877 0.113728 0.135702
13 131 0.0539188 0.160269
5 1815 -0.00245289 0.149248
13 377 0.228809 -0.0414098
5 1909 -0.00547772 -0.0298381
13 1909 -0.0599246 -0.0100008
13 152 0.287885 -0.0296085
13 1878 -0.0566248 -0.0017353
13 1730 -0.13087 0.0131426
13 1303 0.178982 0.0048771
5 164 0.306354 0.0114895
5 897 0.316254 0.0280206
13 804 0.260157 0.036286
13 807 0.0786674 0.099655
13 498 0.0919583 0.110446
5 1910 0.0984663 0.113982
13 1910 0.0882918 0.143738
13 662 0.0324701 0.153656
13 1726 0.119915 0.165228
13 1544 0.286739 -0.0904519
13 225 0.264117 -0.0685207
13 1728 0.275006 -0.0480222
13 231 0.283256 -0.0496753
5 1911 -0.0051477 -0.0248788
13 1911 -0.0566247 -0.00305777
5 1912 0.0186109 -0.0248788
13 1912 -0.0328661 -0.0050415
13 1543 0.279956 -0.0169438
13 1489 0.0839471 0.0624051
5 675 0.315594 0.0266981
5 1616 0.283916 0.0405842
5 1913 0.321533 0.0405842
13 1913 0.262137 0.0306656
13 677 0.260157 0.0362861
5 246 0.0265305 0.0683563
5 681 0.0324701 0.07034
13 222 0.0641483 0.161591
5 1914 0.137404 0.13977
13 1914 0.123215 0.160269
13 1307 -0.0526649 -0.0478899
13 1162 -0.0625644 -0.0387648
13 690 0.287875 -0.0605858
13 1129 -0.0823633 -0.0308299
13 1311 0.227687 -0.0431289
13 540 0.21462 -0.0407485
13 546 0.0590006 0.0568508
13 1750 0.250258 0.012812
5 1816 0.260949 0.0211437
13 1752 0.260949 0.0306656
5 1915 0.0281144 0.0449484
13 1915 0.0138592 0.0830359
13 1883 0.0265305 0.0961284
13 284 0.0918667 0.110014
5 1491 0.0756317 0.133026
13 1831 -0.0051477 0.18738
13 554 0.265701 -0.0545552
13 711 0.228637 -0.0431289
13 715 0.256197 -0.0169438
5 1916 -0.0764235 -0.0117067
13 1916 -0.127742 0.0168589
5 1817 0.111745 -0.00885015
13 1202 0.256197 -0.00504145
13 1853 0.26285 0.0168589
5 1917 0.0347668 0.0511377
13 1917 0.0205117 0.088273
13 1182 0.035242 0.109221
13 1372 0.245743 -0.068838
13 318 0.234339 -0.0482707
5 1918 0.0290648 -0.0277035
13 1918 0.0062565 0.0111458
5 1919 0.265131 -0.0277035
13 1919 0.210391 -0.0242756
5 1820 0.111175 -0.0105641
5 1920 0.282237 0.040854
13 1920 0.228637 0.0339983
5 1678 0.292501 0.0477098
13 1895 0.0769622 0.14369
14 25 -0.0613835 -0.00798808
14 1845 -0.0231913 0.0254949
5 1921 0.054148 -0.49684
14 1921 -0.0764695 -0.486508
14 79 0.00354326 -0.0146847
14 583 -0.0237642 -0.0032048
14 92 0.000296922 -0.00435274
14 1847 -0.0203269 0.0277909
14 1834 -0.014598 0.0266429
5 1922 0.287885 0.0105711
14 1922 0.253702 0.019755
5 1923 0.327986 0.019755
14 1923 0.289985 0.0235816
14 170 0.240335 0.0360181
5 1464 0.0539188 -0.49684
14 187 0.21561 -0.0430629
14 1700 -0.0249099 -0.0135367
14 758 0.235179 -0.00894474
14 1851 -0.0285764 0.0181019
5 1924 0.0140462 -0.0174399
14 1924 -0.010015 0.022051
14 1029 0.118311 0.0863383
14 1541 0.240908 0.036286
14 1876 0.143518 0.103558
5 1925 0.0346699 0.0541946
14 1925 0.069043 0.118941
14 1907 0.133397 0.137424
14 367 0.11854 0.139605
14 926 0.0793549 0.144886
5 1926 -0.001078 0.152003
14 1926 0.0442944 0.212617
5 1927 0.136414 0.153381
14 1927 0.120984 0.163254
14 646 -0.0711989 -0.4624
14 146 -0.0632244 -0.011654
14 797 -0.0244516 -0.0174399
14 798 -0.0615745 -0.0050415
14 1909 -0.0335261 0.0114895
14 399 0.268406 0.000239202
5 1823 0.108366 -0.011654
14 801 0.257407 0.0211326
14 897 0.28101 0.0335309
5 1928 0.321203 0.0280206
14 1928 0.284906 0.0321533
5 663 0.0671181 0.133819
14 812 -0.0764236 -0.485103
5 1929 0.129485 -0.0129764
14 1929 0.153243 0.0485191
14 402 0.254217 0.0147958
14 1913 0.281936 0.0405842
14 1149 -0.0849481 0.0211326
14 1640 0.12679 0.120319
14 254 0.0978063 0.179445
14 1307 -0.0249466 -0.0248788
14 1739 0.215808 -0.0455094
14 261 0.285896 -0.0526509
14 829 0.303054 -0.0347974
5 1930 0.313218 0.0187633
14 1930 0.278306 0.0263674
14 1752 0.279956 0.0401875
14 548 0.0604262 0.111125
5 678 0.301339 0.0497094
14 1192 -0.0312822 -0.0336071
14 260 0.305615 -0.0602683
14 842 -0.027956 -0.0202764
14 1536 0.248595 -0.0345593
14 1175 0.259999 0.00828922
14 303 0.117447 0.088273
14 1917 0.0685041 0.116362
14 719 0.137404 0.133026
14 450 0.0827593 0.175874
14 1648 0.251446 -0.0516986
5 1931 0.326713 -0.0551265
14 1931 0.285658 -0.0402723
14 1792 0.305615 -0.0317027
14 319 0.271403 -0.023133
14 1649 0.145957 0.108269
14 1393 0.135123 0.119695
6 1932 -0.0289201 -0.0567776
7 1932 -0.0203269 -0.0479763
6 1933 0.0111817 -0.0242513
7 1933 0.024549 -0.0204246
6 21 0.0388711 -0.0185113
6 1934 0.0283682 -0.0118147
7 1934 0.0445999 -0.00894474
6 1935 0.00640767 -0.0099014
7 1935 0.019775 -0.00511811
6 1936 0.0130913 -0.00703143
7 1936 0.0266496 -0.0032048
6 1937 0.0331422 -0.00703143
7 1937 0.0484191 -0.00511811
6 1938 0.00640767 -0.00607477
7 1938 0.019775 -0.00129148
6 1939 0.0102269 -0.00224814
7 1939 0.024358 0.00253514
6 1940 0.0207298 -0.00129148
7 1940 0.0358157 0.0013872
7 373 0.0216846 0.00444846
6 1941 0.0255038 0.00157849
7 1941 0.0417355 0.00444846
6 1942 0.0484191 0.00444846
7 1942 0.0646508 0.00444846
6 1704 0.0188202 0.00540511
6 1943 0.0226394 0.00636177
7 1943 0.0388711 0.00923174
6 1944 0.0121365 0.00923174
7 1944 0.0283682 0.0130584
6 1945 0.0216846 0.0111451
7 1945 0.0388711 0.014015
6 1946 0.0188202 0.0149717
7 1946 0.0369615 0.0187983
6 1947 0.0350519 0.0149717
7 1947 0.0522384 0.016885
6 1948 0.0302778 0.019755
7 1948 0.0455547 0.0216683
6 1949 0.0474643 0.0207116
7 1949 0.0656056 0.0207116
6 1950 0.029323 0.0245383
7 1950 0.0474643 0.0264516
6 1951 0.0493739 0.0264516
7 1951 0.0675153 0.0264516
6 1952 0.00640767 0.0331482
7 1952 0.0277953 0.0381228
6 1953 0.223149 0.0790677
7 1953 0.258476 0.0599346
6 1954 0.259431 0.0848076
7 1954 0.299533 0.0608912
6 1955 0.251793 0.102027
7 1955 0.292849 0.0790677
6 1956 0.222194 0.102984
7 1956 0.26325 0.083851
6 1957 0.26325 0.105854
7 1957 0.305262 0.080981
6 1958 0.288075 0.105854
7 1958 0.329132 0.078111
6 1959 0.301443 0.109681
7 1959 0.343454 0.080981
6 1960 0.36446 0.110637
7 1960 0.403607 0.0742844
6 1961 0.297623 0.111594
7 1961 0.34059 0.0828943
6 1962 0.3129 0.112551
7 1962 0.354912 0.0828943
6 1963 0.286166 0.115421
7 1963 0.329132 0.0876776
6 1964 0.318629 0.118291
7 1964 0.360641 0.0876776
6 1965 0.236516 0.14986
7 1965 0.280437 0.127857
6 39 0.251793 0.150817
6 1966 0.2432 0.151774
7 1966 0.28903 0.128814
6 1967 0.305262 0.16421
7 1967 0.348228 0.133597
6 861 0.264205 0.17569
6 1968 0.272799 0.17569
7 1968 0.317674 0.147947
7 1395 -0.0718864 0.209173
6 1071 0.276618 0.183343
6 1833 -0.132039 0.1843
6 1969 0.251793 0.189083
7 1969 0.297623 0.16421
6 1970 -0.0709316 0.19291
7 1970 -0.00886919 0.212617
6 1971 0.257522 0.19578
7 1971 0.304307 0.16995
6 1972 0.259431 0.19578
7 1972 0.307172 0.16995
6 1973 -0.0671124 0.196737
7 1973 -0.00409519 0.214913
6 1974 -0.0566095 0.235959
7 1974 0.00545287 0.253179
6 1975 -0.0107788 0.235959
7 1975 0.0503287 0.245526
6 1976 0.43798 -0.230506
7 1976 0.396732 -0.272982
6 1977 -0.0226184 -0.0525683
7 1977 -0.0120774 -0.043614
6 1978 -0.0214726 -0.0456803
7 1978 -0.00886919 -0.0376444
6 1979 0.0277953 -0.0445323
7 1979 0.0426903 -0.0410884
6 1980 -0.014598 -0.0422364
7 1980 -0.00314036 -0.0353484
6 1563 0.0106088 -0.0250166
6 1981 0.054148 -0.0146847
7 1981 0.0694249 -0.0146847
6 1982 0.0312327 -0.0135367
7 1982 0.0472734 -0.0112407
6 1983 0.0289411 -0.0112407
7 1983 0.0449819 -0.00894474
6 1984 0.0346699 -0.0112407
7 1984 0.0518564 -0.00894474
6 1985 0.0277953 -0.00894474
7 1985 0.0438361 -0.00664874
6 1986 0.00717154 -0.00550074
7 1986 0.019775 -0.000908798
6 1987 0.0335242 0.00253514
7 1987 0.0484192 0.00368314
6 1988 0.0232123 0.00483114
7 1988 0.039253 0.00827509
6 1989 0.0186292 0.00597914
7 1989 0.0346699 0.00942309
6 1990 0.0770633 0.00712714
7 1990 0.0896668 0.00322397
6 1834 0.0117546 0.00827509
6 1991 0.0129004 0.0128671
7 1991 0.0289411 0.017459
6 1992 0.019775 0.015163
7 1992 0.0369615 0.018607
6 1993 0.0186292 0.019755
7 1993 0.0369615 0.023199
6 1994 0.0174834 0.023199
7 1994 0.0358157 0.0266429
6 1995 0.0472734 0.0266429
7 1995 0.0667514 0.0266429
6 1996 0.256949 0.0530467
7 1996 0.287885 0.0300869
7 1402 0.271844 0.0507507
6 1997 0.220284 0.0771544
7 1997 0.256949 0.0576386
6 1998 0.223722 0.0794504
7 1998 0.258095 0.0599346
6 1999 0.25924 0.0851903
7 1999 0.299342 0.0610826
6 2000 0.25924 0.100114
7 2000 0.300488 0.0760064
6 2001 0.302779 0.10241
7 2001 0.344027 0.0734809
6 2002 0.262678 0.105854
7 2002 0.305071 0.0817464
6 2003 0.286739 0.105854
7 2003 0.329132 0.0783024
6 2004 0.319966 0.107002
7 2004 0.361214 0.0760064
6 2005 0.364651 0.110446
7 2005 0.403607 0.0737104
6 2006 0.313091 0.112742
7 2006 0.355485 0.0828943
6 2007 0.31882 0.118482
7 2007 0.361214 0.0874863
6 19 0.305071 0.141442
6 2008 0.238616 0.14833
7 2008 0.282156 0.126518
6 2009 -0.0123065 0.171289
7 2009 0.0493739 0.183343
6 2010 0.271844 0.175881
7 2010 0.317674 0.14833
7 359 0.290176 0.15407
6 2011 0.276427 0.182769
7 2011 0.321112 0.155218
7 213 0.297051 0.164402
6 2012 -0.0707406 0.193101
7 2012 -0.00795259 0.212617
6 2013 0.253511 0.193101
7 2013 0.299342 0.167846
6 2014 -0.0673033 0.196545
7 2014 -0.00520274 0.215372
6 2015 -0.044388 0.209173
7 2015 0.0186292 0.224097
6 2016 -0.0398049 0.209173
7 2016 0.0209207 0.224097
6 2017 -0.0226184 0.257389
7 2017 0.0415445 0.268868
6 2018 -0.0226184 0.260833
7 2018 0.0415445 0.272312
6 2019 -0.0217018 -0.0463692
7 2019 -0.0107024 -0.0381036
6 753 0.0264204 -0.043614
6 2020 0.0594185 -0.0422364
7 2020 0.073626 -0.0433844
6 2021 -0.0203269 -0.0408588
7 2021 -0.00932751 -0.0325933
6 1457 0.0277953 -0.0353484
6 2022 0.0112963 -0.0243277
7 2022 0.0236706 -0.020195
6 2023 0.0291703 -0.0188174
7 2023 0.0442944 -0.0160623
6 2024 0.0374198 -0.0188174
7 2024 0.0539188 -0.0174399
6 1005 0.0374198 -0.0160623
6 2025 0.0539188 -0.0146847
7 2025 0.0701888 -0.0146847
6 2026 0.0305452 -0.0133071
7 2026 0.0470442 -0.0105519
6 2027 0.0346699 -0.0105519
7 2027 0.051169 -0.00917433
6 2028 0.0277953 -0.00917433
7 2028 0.0456693 -0.00669463
6 2029 0.00579661 -0.00779674
7 2029 0.0192709 -0.00338843
6 2030 0.0236706 -0.00641915
7 2030 0.0387947 -0.00366397
6 2031 0.00992138 -0.00228639
7 2031 0.0236706 0.00184638
6 2032 0.0209207 -0.00228639
7 2032 0.0346699 0.000468791
6 2033 0.00717154 0.00460156
7 2033 0.0222957 0.0101119
6 2034 0.0484192 0.00460156
7 2034 0.0644599 0.00483114
6 1835 0.0112963 0.00735673
6 2035 0.0126712 0.0128671
7 2035 0.0291703 0.0169998
6 2036 0.033295 0.0142447
7 2036 0.051169 0.0169998
6 2037 0.0181709 0.019755
7 2037 0.0374198 0.0238877
6 2038 0.0429195 0.0238877
7 2038 0.0621684 0.0238877
6 2039 0.257407 0.052817
7 2039 0.287655 0.0293981
7 1403 0.271156 0.0500619
6 2040 0.258782 0.0845016
7 2040 0.298655 0.0610826
6 2041 0.223034 0.103788
7 2041 0.262907 0.0845016
6 2042 0.261532 0.105165
7 2042 0.304154 0.0817464
6 2043 0.284906 0.105165
7 2043 0.326153 0.0789912
6 2044 0.348152 0.105165
7 2044 0.3839 0.0707257
6 2045 0.243658 0.106543
7 2045 0.284906 0.0845016
6 2046 0.30003 0.109298
7 2046 0.342881 0.0805984
6 2047 0.363276 0.110676
7 2047 0.401774 0.0734809
6 2048 0.313779 0.113431
7 2048 0.356401 0.083124
6 2049 0.28628 0.114808
7 2049 0.328903 0.0872567
6 2050 0.356401 0.114808
7 2050 0.393524 0.0789912
6 2051 0.319279 0.118941
7 2051 0.360526 0.0872567
6 1409 0.341277 0.121696
6 2052 0.236783 0.128584
7 2052 0.282156 0.107921
6 2053 0.246408 0.132717
7 2053 0.29178 0.110676
6 2054 0.253282 0.135472
7 2054 0.29728 0.112053
6 2055 0.243658 0.152003
7 2055 0.28903 0.128584
6 2056 0.235408 0.153381
7 2056 0.276656 0.130513
6 2057 0.235408 0.158891
7 2057 0.278031 0.135472
6 2058 0.304154 0.165779
7 2058 0.349756 0.134554
6 2059 0.293155 0.169912
7 2059 0.338527 0.140983
6 2060 0.264282 0.171289
7 2060 0.308279 0.145115
6 2061 0.254657 0.174045
7 2061 0.30003 0.149248
6 2062 0.268406 0.175422
7 2062 0.312404 0.147871
6 2063 0.264282 0.1768
7 2063 0.309654 0.150626
6 2064 0.243658 0.178177
7 2064 0.28903 0.154758
6 2065 0.275281 0.178177
7 2065 0.320653 0.150626
7 1401 0.286739 0.163254
6 2066 0.250532 0.189198
7 2066 0.29728 0.163024
6 244 0.228534 0.190576
6 2067 0.251907 0.196086
7 2067 0.298655 0.169912
6 2068 0.258782 0.196086
7 2068 0.305529 0.169912
6 2069 -0.0450754 0.208484
7 2069 0.0181709 0.223638
6 2070 -0.0368259 0.215372
7 2070 0.024358 0.229837
6 2071 -0.0423256 0.22226
7 2071 0.019775 0.236725
6 2072 0.00854646 0.226393
7 2072 0.0644599 0.233281
6 2073 -0.0574497 0.236036
7 2073 0.00602576 0.252797
6 2074 -0.0395758 0.242924
7 2074 0.0222957 0.2567
7 136 0.0415445 0.273231
6 2075 -0.0203269 0.266343
7 2075 0.0442944 0.277364
6 2076 0.0110213 -0.0496753
7 2076 0.0205908 -0.044716
6 2077 -0.0219768 -0.0463691
7 2077 -0.0120773 -0.0381036
6 2078 0.0209208 -0.0430629
7 2078 0.0308202 -0.0397567
6 2079 -0.0203269 -0.0414098
7 2079 -0.00877752 -0.0331443
6 2080 0.0159711 -0.0364505
7 2080 0.0277953 -0.0325933
6 1410 0.0357699 -0.0199194
6 2081 0.0357699 -0.0166132
7 2081 0.052269 -0.0149602
6 2082 0.0324701 -0.011654
7 2082 0.0489691 -0.0100008
6 2083 0.0473192 0.0048771
7 2083 0.0621684 0.0048771
6 2084 0.0770175 0.0081833
7 2084 0.0902168 0.0048771
6 2085 0.0225707 0.019755
7 2085 0.0407196 0.0230612
6 2086 0.0456693 0.0263674
7 2086 0.0654682 0.0263674
6 2087 0.256857 0.0528171
7 2087 0.286555 0.0296736
6 2088 0.237058 0.0710012
7 2088 0.271706 0.0495109
6 863 0.222209 0.0759606
6 2089 0.258507 0.0842261
7 2089 0.298105 0.0610826
7 73 0.291505 0.0776136
6 2090 0.303054 0.10241
7 2090 0.344302 0.0743074
6 2091 0.284906 0.105716
7 2091 0.326153 0.0792668
6 2092 0.319554 0.105716
7 2092 0.360526 0.0748584
6 2093 0.347602 0.105716
7 2093 0.3872 0.0710012
6 2094 0.299755 0.109023
7 2094 0.341002 0.0809199
6 2095 0.362451 0.110676
7 2095 0.402049 0.0743074
6 2096 0.357501 0.115635
7 2096 0.393799 0.0792668
6 2097 0.319554 0.118941
7 2097 0.360801 0.0875323
6 2098 0.352552 0.118941
7 2098 0.38885 0.082573
6 2099 0.314604 0.125554
7 2099 0.357501 0.0957978
7 1480 0.298105 0.112329
7 374 0.349252 0.112329
6 2100 0.235408 0.158616
7 2100 0.278306 0.135472
6 2101 0.303054 0.165228
7 2101 0.349527 0.134095
6 2102 0.309654 0.165228
7 2102 0.353652 0.134095
6 2103 0.298105 0.166881
7 2103 0.344302 0.137125
6 207 0.258507 0.168534
6 2104 -0.0120773 0.171841
7 2104 0.0497941 0.183688
6 2105 -0.0236267 0.173494
7 2105 0.0407196 0.186718
6 2106 0.263457 0.1768
7 2106 0.309654 0.15035
7 1750 0.294805 0.156963
6 211 0.273356 0.183412
6 2107 -0.125921 0.190025
7 2107 -0.0665242 0.216474
6 2108 0.256857 0.194984
7 2108 0.303054 0.168534
6 2109 -0.0368259 0.214821
7 2109 0.0236706 0.229148
6 2110 -0.13252 0.228046
7 2110 -0.0714739 0.254496
6 2111 -0.0104274 0.234658
7 2111 0.0489691 0.244577
6 2112 -0.0566248 0.236312
7 2112 0.00579661 0.252567
6 2113 -0.0137272 0.247883
7 2113 0.0489691 0.257802
6 2114 -0.0236267 0.261108
7 2114 0.0407196 0.27268
6 2115 -0.0203269 0.266067
7 2115 0.0440194 0.277639
6 2116 -0.0229667 -0.0466997
7 2116 -0.0130672 -0.0387648
6 1165 0.0106914 -0.0248788
6 2117 0.0304902 -0.0109926
7 2117 0.0483092 -0.00900897
6 2118 0.0918667 -0.00900897
7 2118 0.0997862 -0.0149601
6 2119 0.0661282 0.0048771
7 2119 0.0799874 0.00289342
6 2120 0.016631 0.00686083
7 2120 0.0324701 0.0108283
6 2121 0.0126713 0.012812
7 2121 0.0285103 0.0167795
6 2122 0.0443494 0.0167795
7 2122 0.0621684 0.0167795
6 2123 0.236398 0.07034
7 2123 0.270056 0.0485191
7 188 0.299755 0.0762912
6 190 0.244318 0.106047
6 2124 0.262137 0.106047
7 2124 0.303715 0.0822423
6 2125 0.319554 0.106047
7 2125 0.360801 0.0759606
6 2126 0.275996 0.113982
7 2126 0.319554 0.0881935
6 2127 0.319554 0.117949
7 2127 0.361131 0.0862098
6 2128 0.351232 0.117949
7 2128 0.38885 0.0822423
6 2129 0.244318 0.119933
7 2129 0.287083 0.0973187
6 1407 0.341332 0.121917
7 1398 0.357171 0.0941447
6 1051 0.337373 0.127868
7 1488 0.349252 0.111998
6 2130 0.349252 0.147705
7 2130 0.390499 0.112329
7 1053 0.283916 0.125884
6 1641 0.234418 0.159608
6 1566 0.244318 0.165559
6 2131 0.234418 0.169526
7 2131 0.27758 0.147309
6 1173 0.291835 0.169526
6 2132 -0.0229667 0.173494
7 2132 0.0403897 0.18738
6 2133 0.236398 0.175477
7 2133 0.279956 0.15207
6 1569 0.248278 0.175477
6 2134 0.264117 0.175477
7 2134 0.309654 0.149689
6 2135 0.275996 0.177461
7 2135 0.321203 0.15035
6 2136 0.272036 0.183412
7 2136 0.317574 0.15564
7 1555 0.298963 0.161591
6 2137 -0.1378 0.18738
7 2137 -0.0803834 0.215152
6 2138 -0.0407857 0.189363
7 2138 0.0245506 0.205233
6 2139 0.262137 0.199282
7 2139 0.310842 0.173494
6 2140 0.244318 0.201266
7 2140 0.283916 0.175477
6 2141 -0.0467253 0.207217
7 2141 0.016631 0.223087
6 2142 -0.0368259 0.215152
7 2142 0.0245506 0.229038
6 2143 -0.0249466 0.229038
7 2143 0.0364299 0.24094
6 2144 -0.0487052 0.236973
7 2144 0.0126713 0.252843
6 2145 -0.0388058 0.24094
7 2145 0.0225707 0.254826
6 2146 -0.0209868 0.264745
7 2146 0.0443494 0.276647
7 1832 -0.0165518 -0.0459855
6 2147 0.0590006 -0.0431289
7 2147 0.0732558 -0.0431289
6 2148 -0.0146511 -0.0407485
7 2148 -0.00277181 -0.0336071
6 2149 0.0328662 -0.0217047
7 2149 0.0494972 -0.0193243
6 2150 0.0542489 -0.0169438
7 2150 0.0685041 -0.0169438
6 2151 0.00673163 -0.00266096
7 2151 0.0209868 0.00209997
6 2152 0.0138592 -0.00266096
7 2152 0.0281144 0.00209997
6 2153 0.00910752 0.00448046
7 2153 0.0257386 0.00924138
6 2154 0.256197 0.0520898
7 2154 0.287083 0.0282851
6 2155 0.23719 0.0687531
7 2155 0.270452 0.0473289
6 1739 0.222935 0.073514
6 1568 -0.0883029 0.0854164
6 2156 0.256197 0.0949383
7 2156 0.294211 0.0711336
7 859 0.291835 0.0758945
6 2157 0.282332 0.10446
7 2157 0.322721 0.078275
6 2158 0.31797 0.10446
7 2158 0.359151 0.0743075
6 2159 0.298963 0.109221
7 2159 0.339352 0.0806554
6 2160 0.360735 0.109221
7 2160 0.398749 0.073514
6 2161 0.220559 0.111602
7 2161 0.263325 0.0925578
7 1295 0.320346 0.0877968
6 434 0.253821 0.133026
7 431 0.320346 0.106841
7 1296 0.355984 0.10208
6 2162 0.363111 0.137787
7 2162 0.401125 0.0996992
6 2163 -0.0122753 0.171113
7 2163 0.0502891 0.183412
6 1660 0.258573 0.173494
6 2164 0.263325 0.175874
7 2164 0.310842 0.149689
6 2165 0.227687 0.183016
7 2165 0.272828 0.161591
6 2166 -0.126317 0.190157
7 2166 -0.0669201 0.216342
6 2167 0.230063 0.190157
7 2167 0.275204 0.166352
6 2168 0.239566 0.199679
7 2168 0.288509 0.176826
6 2169 -0.114437 0.20444
7 2169 -0.0574166 0.228245
6 2170 -0.00989941 0.211581
7 2170 0.0483092 0.221103
6 2171 -0.0194029 0.218723
7 2171 0.0399937 0.230625
6 2172 -0.0431615 0.221103
7 2172 0.018611 0.235386
6 2173 0.00673163 0.223484
7 2173 0.0641483 0.231022
6 2174 -0.0265304 0.228245
7 2174 0.035242 0.240147
6 2175 -0.0550408 0.233006
7 2175 0.00910752 0.249669
6 1305 -0.0241546 0.259191
6 2176 -0.0194029 0.263952
7 2176 0.0447455 0.275854
6 2177 -0.0194028 -0.0431289
7 2177 -0.00799868 -0.0345593
6 1562 0.0604262 -0.0402723
6 2178 0.0746814 -0.0117067
7 2178 0.0860855 -0.0145633
6 2179 0.0917876 -0.00885015
7 2179 0.100341 -0.0145633
6 2180 0.0632772 0.00543267
7 2180 0.0746814 0.00257608
6 2181 0.0176606 0.00828922
7 2181 0.0328662 0.0116219
6 2182 0.0433199 0.00828922
7 2182 0.0604262 0.00828922
6 2183 0.0233627 0.0168589
7 2183 0.0404689 0.0197154
6 2184 0.348381 0.102556
7 2184 0.385444 0.068277
6 2185 0.31987 0.105412
7 2185 0.359785 0.0739901
6 2186 0.297062 0.108269
7 2186 0.339828 0.0797033
7 1310 0.31987 0.088273
6 2187 0.254297 0.133978
7 2187 0.302764 0.111125
6 2188 -0.00799868 0.136835
7 2188 0.049022 0.148261
6 2189 0.29136 0.139691
7 2189 0.334126 0.111125
6 2190 0.248595 0.153974
7 2190 0.294211 0.131121
6 2191 0.302764 0.159687
7 2191 0.344104 0.128265
6 2192 0.29136 0.168257
7 2192 0.336977 0.139691
6 1203 0.248595 0.18254
6 2193 0.271403 0.18254
7 2193 0.315594 0.15445
6 2194 -0.0564663 0.211105
7 2194 0.00910752 0.228245
6 2195 -0.0707215 0.222531
7 2195 -0.00514767 0.242527
6 2196 -0.0222539 0.222531
7 2196 0.0376179 0.233958
6 2197 -0.147699 0.228245
7 2197 -0.0878277 0.25681
6 2198 -0.0365091 0.242527
7 2198 0.0262137 0.25681
6 2199 0.0222223 -0.0174198
7 2199 0.0359073 -0.0139919
6 2200 -0.0154114 -0.0105641
7 2200 -0.00514764 -0.00370835
6 2201 0.046171 -0.0105641
7 2201 0.0632772 -0.0105641
6 2202 0.0256435 0.00314742
7 2202 0.0427498 0.0065753
6 2203 0.0769622 0.0065753
7 2203 0.0906471 0.00314742
6 2204 0.0153798 0.0100032
7 2204 0.032486 0.013431
6 1839 0.0222223 0.0168589
6 2205 0.234339 0.068277
7 2205 0.268552 0.0477098
6 2206 -0.0838362 0.0854164
7 2206 -0.0325176 0.105984
6 2207 0.343819 0.123123
7 2207 0.385444 0.088273
6 2208 0.217233 0.126551
7 2208 0.254867 0.105984
6 2209 0.220654 0.133407
7 2209 0.261709 0.112839
7 1557 0.359785 0.102556
6 2210 0.302764 0.14369
7 2210 0.348381 0.113982
6 868 0.254867 0.147118
6 2211 -0.00856889 0.171113
7 2211 0.0518731 0.18254
6 2212 -0.0872575 0.198536
7 2212 -0.0290963 0.219104
6 2213 0.237761 0.198536
7 2213 0.282237 0.174541
6 2214 -0.0496238 0.205392
7 2214 0.0153798 0.222531
6 2215 -0.155682 0.215676
7 2215 -0.0906787 0.246527
6 2216 -0.0325176 0.215676
7 2216 0.0290648 0.229387
6 2217 -0.00856889 0.229387
7 2217 0.0518731 0.239671
6 2218 -0.0231913 -0.052951
8 2218 -0.100531 -0.0686401
6 2219 -0.0203269 -0.044341
8 2219 -0.0967114 -0.0606042
6 2220 -0.0203269 -0.0405144
8 2220 -0.0970933 -0.0560122
8 1933 -0.0594739 -0.047211
6 22 0.0360067 -0.0175547
6 2221 0.0274134 -0.00894474
8 2221 -0.0386591 -0.0353484
8 1940 -0.0461067 -0.0252079
8 1944 -0.0537451 -0.0127714
8 1945 -0.0422874 -0.0127714
6 2222 0.0121365 0.0121017
8 2222 -0.0527903 -0.0099014
8 1947 -0.0279653 -0.0118147
8 1949 -0.0155529 -0.00894474
6 2223 0.0169105 0.0226249
8 2223 -0.0451518 -0.000334827
8 1950 -0.0317846 -0.00129148
8 1954 0.226968 0.00731843
8 1955 0.222194 0.0264516
8 1957 0.234606 0.0274082
6 2224 0.347273 0.105854
8 2224 0.309081 0.0101884
6 2225 0.320539 0.106811
8 2225 0.287121 0.0159283
8 1959 0.270889 0.0235816
8 1961 0.268024 0.0254949
8 1962 0.282347 0.0245383
8 1963 0.257522 0.0321915
8 1964 0.287121 0.0283649
6 77 0.310991 0.13551
8 1966 0.217993 0.0771544
6 2226 0.248928 0.157514
8 2226 0.224103 0.0800244
6 111 0.234606 0.15847
6 336 0.261341 0.171863
8 1968 0.248928 0.0934176
6 2227 0.244154 0.177603
8 2227 0.222194 0.102027
8 764 0.247974 0.0972442
8 112 0.250838 0.0962875
6 2228 -0.136813 0.188127
8 2228 -0.139678 0.202476
8 1969 0.230787 0.110637
8 698 -0.0340761 0.233281
6 2229 -0.0193721 0.258919
8 2229 -0.00791441 0.243613
8 480 -0.00695961 0.252223
8 1978 -0.0973224 -0.0615226
6 2230 0.0312327 -0.0364964
8 2230 -0.0403778 -0.0634742
8 1563 -0.0601996 -0.0477467
8 1982 -0.0352218 -0.0399404
8 1986 -0.063866 -0.0273125
6 2231 0.00717154 -0.000908798
8 2231 -0.0615745 -0.0215726
8 1987 -0.0317845 -0.0250166
8 1988 -0.0432422 -0.0192766
6 2232 0.0484192 0.00483114
8 2232 -0.0184173 -0.0252079
8 1834 -0.0546999 -0.0135367
6 2233 0.0220665 0.0117191
8 2233 -0.0432422 -0.0123887
8 1991 -0.0524083 -0.0100927
8 1992 -0.044388 -0.00894474
6 2234 0.0449819 0.018607
8 2234 -0.0191811 -0.0112407
6 2235 0.0232123 0.0254949
8 2235 -0.0384682 0.00062183
6 2236 0.0300869 0.0254949
8 2236 -0.0317845 -0.000908798
8 1995 -0.0134523 -0.0032048
8 1402 0.197369 -0.000908798
8 2002 0.235179 0.0277909
8 2003 0.254657 0.023199
8 2004 0.286739 0.016311
6 2237 0.300488 0.110446
8 2237 0.269552 0.024347
6 2238 0.238616 0.128814
8 2238 0.21341 0.0555722
6 89 0.254657 0.135702
6 2239 0.291322 0.140294
8 2239 0.267261 0.0553426
6 2240 0.245491 0.149478
8 2240 0.223722 0.0737104
6 2241 0.236325 0.15407
8 2241 0.211118 0.0805984
6 206 0.293613 0.170141
6 1070 0.268406 0.175881
8 2011 0.253511 0.100114
6 2242 0.250074 0.187361
8 2242 0.230596 0.110446
6 2243 0.260386 0.196545
8 2243 0.23938 0.116377
8 2016 -0.0368259 0.198841
6 2244 -0.0466795 0.211469
8 2244 -0.0395758 0.202974
8 2017 -0.0111607 0.242465
8 2018 -0.00886922 0.246483
8 1650 -0.00657766 0.252797
8 2021 -0.0962225 -0.0562878
8 1005 -0.0285764 -0.043614
8 2028 -0.0368259 -0.0347974
8 2029 -0.0632244 -0.0298381
6 2245 0.0222957 0.00322397
8 2245 -0.0450754 -0.0215726
8 2033 -0.0599246 -0.0166132
8 2034 -0.018952 -0.0257053
6 2246 0.0209207 0.0114895
8 2246 -0.0437005 -0.0133071
8 2037 -0.0437005 -0.00366397
6 2247 0.0470442 0.0266429
8 2247 -0.0134523 -0.00366397
8 1403 0.196911 -0.000908798
8 2042 0.234033 0.0266429
8 2043 0.254657 0.0225101
8 2045 0.21341 0.0321533
6 2248 0.282156 0.107921
8 2248 0.253511 0.0254949
8 2046 0.268406 0.0238877
8 2048 0.282156 0.0238877
8 2051 0.287655 0.0280205
8 2053 0.224409 0.0569498
8 2054 0.228534 0.0583274
8 2062 0.247783 0.0941446
8 2064 0.221659 0.101033
8 2065 0.251907 0.0955222
8 1401 0.218909 0.110676
8 213 0.229909 0.107921
8 2066 0.229909 0.110676
8 244 0.20901 0.117288
8 2070 -0.0306388 0.204581
8 2072 0.00831731 0.204581
6 2249 -0.00795259 0.230526
8 2249 -0.00314036 0.212617
8 2073 -0.0478253 0.230985
6 2250 -0.0134523 0.248434
8 2250 -0.00382782 0.231352
8 136 -0.0107024 0.247057
8 2075 -0.00657766 0.251189
8 2076 -0.0685041 -0.0724881
8 2077 -0.100182 -0.0625695
6 2251 0.0275204 -0.044716
8 2251 -0.0487052 -0.0705044
6 2252 0.00772152 -0.0149602
8 2252 -0.0625644 -0.0367811
6 2253 0.0753676 -0.0083477
8 2253 -0.00752352 -0.0431289
6 2254 0.00772152 -0.0017353
8 2254 -0.0605845 -0.022895
6 2255 0.0209208 -0.0017353
8 2255 -0.0483752 -0.0265319
8 2086 -0.0137272 -0.00338843
6 2256 0.227159 0.0710012
8 2256 0.189211 0.0015709
8 2088 0.197461 -8.22329e-05
6 2257 0.261807 0.105716
8 2257 0.233758 0.0280206
8 2091 0.253557 0.0230612
6 622 0.243658 0.107369
8 2095 0.324503 0.0114895
6 2258 0.314604 0.113982
8 2258 0.283256 0.0247144
8 2100 0.21066 0.0858792
8 2101 0.278031 0.076236
8 207 0.235408 0.0891854
8 1173 0.270056 0.0822423
8 2108 0.238708 0.115635
6 2259 -0.0450754 0.208209
8 2259 -0.0368259 0.199943
8 2109 -0.0313262 0.204352
8 2110 -0.129881 0.24094
8 2113 -0.00316783 0.231022
8 2115 -0.00712762 0.25119
6 2260 -0.0130672 -0.0407485
8 2260 -0.0902828 -0.058602
6 2261 0.0225707 0.00289342
8 2261 -0.0431615 -0.0217047
6 2262 0.0087115 0.0048771
8 2262 -0.0574166 -0.0169438
6 2263 0.0205908 0.0167795
8 2263 -0.0427655 -0.00702524
8 2123 0.196801 -0.00107404
6 2264 0.347272 0.104063
8 2264 0.307674 0.00884456
6 2265 0.285896 0.113982
8 2265 0.256197 0.0306656
6 1102 0.293815 0.13977
6 2266 0.301735 0.165559
8 2266 0.278306 0.0759606
8 2133 0.213432 0.10208
6 1663 0.246298 0.181429
8 2141 -0.0368259 0.199282
6 2267 -0.0487052 0.211184
8 2267 -0.0427655 0.20325
6 1224 -0.13384 0.227054
6 2268 -0.0566247 0.234989
8 2268 -0.0467253 0.229038
8 2145 -0.0308862 0.231022
6 2269 0.0233627 -0.0526508
8 2269 -0.0536153 -0.0774077
6 2270 -0.0241546 -0.0478899
8 2270 -0.102083 -0.0631249
8 2147 -0.0122753 -0.0764555
6 2271 0.0922627 -0.00980237
8 2271 0.0138592 -0.0478899
8 2151 -0.0597925 -0.0240852
8 2155 0.196801 -0.00266096
6 2272 0.263325 0.106841
8 2272 0.232439 0.0282851
8 2160 0.323513 0.0108283
6 2273 0.284708 0.113982
8 2273 0.256197 0.0306656
6 1164 0.30609 0.135406
6 2274 -0.00752352 0.137787
8 2274 -0.00910749 0.119933
6 2275 0.239566 0.147309
8 2275 0.215808 0.073514
8 443 0.225311 0.0758945
6 2276 0.301339 0.163972
8 2276 0.277976 0.0762912
6 2277 0.291835 0.168733
8 2277 0.265701 0.0830359
8 2164 0.241942 0.0949383
6 2278 0.270452 0.183016
8 2278 0.250258 0.100096
6 2279 -0.0407856 0.194918
8 2279 -0.033658 0.185396
6 2280 -0.0407856 0.20682
8 2280 -0.0328661 0.197298
6 2281 -0.0502891 0.211581
8 2281 -0.0407856 0.20444
8 2172 -0.0360339 0.211581
8 2173 0.00673163 0.202059
6 2282 -0.147699 0.228245
8 2282 -0.147699 0.245384
8 1305 -0.0122753 0.244908
6 2283 0.0689793 -0.000280466
8 2283 -0.00514767 -0.0345593
8 2182 -0.0222539 -0.0202764
6 2284 0.0775324 0.00828922
8 2284 0.00853734 -0.0277035
6 2285 0.222935 0.0739901
8 2285 0.185872 0.00543267
6 2286 -0.0878277 0.088273
8 2286 -0.107785 0.088273
6 2287 0.259999 0.105412
8 2287 0.234339 0.0282851
8 2186 0.265701 0.022572
6 2288 -0.0393601 0.128265
8 2288 -0.0422111 0.116839
8 2187 0.231488 0.0568508
6 2289 0.302764 0.142548
8 2289 0.27758 0.0544703
6 1576 0.351232 0.145404
8 2191 0.275204 0.0711336
6 2290 -0.0222539 0.191109
8 2290 -0.0165518 0.176826
6 2291 -0.0479132 0.208249
8 2291 -0.0393601 0.199679
8 2194 -0.0496238 0.205392
6 2292 -0.033658 0.216818
8 2292 -0.027956 0.205392
8 2196 -0.0165518 0.208249
6 2293 -0.0365091 0.233958
8 2293 -0.030807 0.222531
8 2198 -0.027956 0.231101
6 2294 0.0666984 -0.1134
8 2294 -0.0194028 -0.148822
6 2295 -0.0119901 -0.0379871
8 2295 -0.0872575 -0.0551265
6 2296 0.0153798 -0.0277035
8 2296 -0.0564663 -0.0516986
6 2297 0.032486 -0.0105641
8 2297 -0.0359388 -0.0379871
6 1415 0.0359073 -0.000280466
8 1839 -0.0393601 -0.00713623
6 2298 0.0359073 0.0237147
8 2298 -0.0256751 -0.00370835
6 292 0.224076 0.0751328
8 451 0.265131 0.0237147
6 2299 0.357504 0.109412
8 2299 0.322721 0.0111458
6 2300 -0.0427813 0.126551
8 2300 -0.0427813 0.116267
8 452 0.251446 0.0511377
6 2301 -0.0393601 0.140262
8 2301 -0.0393601 0.129979
6 2302 0.289079 0.167685
8 2302 0.265131 0.0819885
6 2303 0.289079 0.174541
8 2303 0.261709 0.0888443
6 2304 -0.053045 0.232815
8 2304 -0.0462026 0.225959
9 2219 -0.150944 -0.0123887
6 2305 0.0226394 0.00062183
9 2305 -0.0918227 0.0142447
9 1944 -0.100531 0.0264516
9 1950 -0.0766604 0.0331482
6 2306 0.282347 0.107767
9 2306 0.213601 -0.00703143
6 83 0.291895 0.140294
9 1968 0.214555 0.0589779
9 1980 -0.14407 -0.0119295
9 1563 -0.111072 -0.00641915
6 79 0.0381072 -0.0192766
9 81 -0.0879271 -0.00779674
9 1990 -0.0500251 0.00322397
9 1991 -0.100531 0.0312349
9 1992 -0.0913644 0.0300869
9 1995 -0.0604287 0.0277909
6 2307 0.252366 0.101262
9 2307 0.187821 -0.000334827
9 2003 0.216465 -0.0099014
6 2308 0.286739 0.115038
9 2308 0.220284 -0.00224814
9 1070 0.211691 0.0599346
9 2242 0.202143 0.0771544
6 82 0.033295 -0.0174399
6 2309 0.0181709 0.00597914
9 2309 -0.0931977 0.019755
9 2043 0.216847 -0.0100927
9 2248 0.21341 -0.00664874
9 2046 0.227923 -0.0108581
9 2049 0.220284 -0.0020568
6 2310 0.250532 0.154758
9 2310 0.19911 0.0462047
9 213 0.201952 0.0771544
6 2311 -0.0137272 -0.0414098
9 2311 -0.14374 -0.0109926
6 2312 0.0291703 -0.0100008
9 2312 -0.0863231 0.000468791
6 2313 0.0225707 0.00322397
9 2313 -0.0929226 0.0164488
6 2314 0.00772152 0.0048771
9 2314 -0.109422 0.0247144
6 2315 0.0209208 0.0114895
9 2315 -0.0922627 0.0247144
9 2091 0.214785 -0.00917433
6 622 0.246958 0.107369
9 2108 0.206535 0.0817464
9 1127 -0.0823633 -0.0129764
6 2316 0.0364299 -0.0149601
9 2316 -0.0797234 -0.0083477
9 2262 -0.104934 0.0235242
6 2317 0.256197 0.0524865
9 2317 0.157863 -0.0364505
6 195 0.289855 0.13977
9 2135 0.21561 0.0594295
6 2318 0.0756317 -0.00980237
9 2318 -0.0621684 -0.00980237
6 2319 0.0447455 0.0259047
9 2319 -0.0669201 0.0306656
9 2154 0.157203 -0.0367811
9 2157 0.21264 -0.00900897
9 2272 0.198781 -0.00107404
9 2273 0.218579 -0.00305777
9 2201 -0.0821256 -0.00313707
9 292 0.145957 -0.00885015
6 2320 -0.0327394 -0.0491243
10 2320 -0.14572 -0.0486834
10 1943 -0.0684491 -0.0135367
10 1944 -0.078761 -0.00664874
10 1946 -0.0673033 -0.00435274
10 1950 -0.0527903 -0.000334827
6 2321 0.220284 0.0771544
10 2321 0.174454 -0.0433844
10 2231 -0.087698 -0.0146847
6 2322 0.00717154 0.00483114
10 2322 -0.0863231 -0.00779674
10 1991 -0.0764695 -0.0032048
6 2323 0.0209207 -0.0422364
10 2323 -0.0833441 -0.0617522
10 2043 0.246408 -0.0505019
10 2044 0.28101 -0.0674921
6 772 0.251907 -0.272844
10 2077 -0.131068 -0.0502703
10 2078 -0.0843431 -0.0625695
10 2091 0.245308 -0.0496753
10 2094 0.257407 -0.0518795
6 2324 0.237058 0.12886
10 2324 0.21396 -0.011654
6 1163 0.0304902 -0.0209113
10 1127 -0.0625644 -0.0466997
10 371 0.173042 -0.0466997
10 2124 0.230459 -0.0414098
6 2325 0.297775 0.110014
10 2325 0.256857 -0.0513284
10 2126 0.243658 -0.0397567
10 443 0.217233 0.00828922
6 2326 0.0376179 -0.0145633
10 2326 -0.0678704 -0.0374158
10 2283 -0.0407856 -0.0336071
10 2284 -0.0290963 -0.0277035
10 2285 0.173042 -0.0455094
10 1310 0.244318 -0.0407485
6 2327 0.277105 0.133978
10 2327 0.24907 -0.0240852
6 2328 0.0564347 -0.0208477
10 2328 -0.0496238 -0.0516986
10 2298 -0.0462026 -0.00370835
10 292 0.174468 -0.0459855
10 1560 0.240041 -0.0488421
11 1943 0.00258848 0.00942309
11 1945 0.00488001 0.014015
6 2329 0.306217 0.16134
11 2329 0.29453 0.0307757
6 2330 0.294759 0.170907
11 2330 0.334861 0.0159283
11 1992 0.00488001 0.018607
11 1993 0.00717154 0.022051
11 2307 0.288075 -0.0280779
11 2049 0.319584 -0.0309478
11 2068 0.3129 0.0541946
11 2077 -0.0550408 -0.0288461
6 2331 0.017621 0.00653023
11 2331 -0.00217789 0.0114895
11 2091 0.313779 -0.036726
6 2332 0.0285103 -0.0367811
11 2332 -0.0137272 -0.0314912
11 371 0.242338 -0.0308299
11 2265 0.312954 -0.028185
11 1832 -0.06673 -0.0345592
11 2182 0.0233627 0.00209997
11 2285 0.241942 -0.0312266
11 292 0.245743 -0.0317027
11 1560 0.308466 -0.0374158
6 2333 0.0274134 -0.0548643
12 2333 0.0417355 -0.0232946
6 2334 0.0283682 -0.0175547
12 2334 0.0732441 -0.00224814
12 1946 0.0694249 0.0341048
12 19 0.203928 0.0806554
6 2335 0.233651 0.174733
12 2335 0.154403 0.160384
12 1975 0.160212 0.216818
12 2233 0.0701888 0.0300869
12 1992 0.069043 0.0346789
12 114 0.349756 0.024347
6 2336 0.348152 0.149248
12 2336 0.335816 -0.00224814
6 2337 -0.0478253 0.238791
12 2337 0.235561 0.179517
12 2256 0.29178 -0.0532571
6 263 0.279956 0.105412
12 2298 0.0746814 0.0311417
12 2205 0.29136 -0.0545552
12 1560 0.348856 -0.0597922
13 1943 -0.0317845 -0.000908798
13 1944 -0.0403778 0.00636177
13 1946 -0.0317846 0.00827509
6 2338 -0.0352218 -0.0261646
13 2338 -0.111072 0.00184638
13 2231 -0.0519501 0.000468791
13 2233 -0.0306388 0.00368314
13 1992 -0.0317845 0.00827509
13 2245 -0.0335261 -0.00338843
13 213 0.255207 0.0164488
13 2078 -0.0516751 -0.0463691
13 2331 -0.0340761 -0.000908798
13 863 0.193932 -0.0583082
6 40 0.245308 0.153656
6 2339 -0.0384758 0.242924
13 2339 0.0951665 0.160269
13 2263 -0.0285764 0.0081833
13 522 0.265107 -0.0496753
13 1739 0.192841 -0.0605858
6 395 0.222935 0.10208
13 2285 0.194425 -0.0621727
6 2340 0.314168 0.133978
13 2340 0.258288 -0.0174198
14 2333 -0.029875 -0.0338178
14 1943 -0.00543191 0.018607
14 1946 -0.00409519 0.0274082
14 411 -0.029493 -0.0342004
14 1992 -0.00428614 0.0277909
14 2044 0.302779 -0.0752985
14 2263 -0.00217789 0.0280206
6 2341 0.307674 0.163575
14 2341 0.305529 -0.0133071
14 2156 0.256197 -0.0526509
6 2342 0.220559 0.125884
14 2342 0.0572187 0.120594
14 2176 0.162813 0.175147
14 263 0.268077 -0.0502703
14 2187 0.265701 -0.0202764
6 1323 -0.133444 0.228245
14 292 0.225786 -0.0516986
7 2343 0.208827 -0.295942
8 2343 0.0931041 -0.330381
7 2344 0.0360067 -0.050081
8 2344 -0.0508807 -0.0787807
7 2345 0.0283682 -0.0481677
8 2345 -0.0585191 -0.0759107
8 1233 -0.064248 -0.0730408
7 2346 0.0379163 -0.0405144
8 2346 -0.048971 -0.0686401
7 2347 0.0312326 -0.0366878
8 2347 -0.0546999 -0.0653875
7 2348 -0.0107788 -0.0319045
8 2348 -0.0976662 -0.0567776
7 2349 0.0656056 -0.0299912
8 2349 -0.0184173 -0.0606042
7 2350 0.0264586 -0.0156413
8 2350 -0.0575643 -0.0424277
7 32 0.0436451 -0.00703143
8 1935 -0.064248 -0.0309478
7 2351 0.0360067 0.00157849
8 2351 -0.0466795 -0.0250166
7 2352 0.024549 0.00253514
8 2352 -0.0585191 -0.0232946
7 2353 0.0493739 0.0034918
8 2353 -0.0317846 -0.0252079
7 2354 0.0904306 0.00444846
8 2354 0.00736248 -0.0271212
7 2355 0.0369615 0.00540511
8 2355 -0.0451518 -0.0213813
7 2356 0.0713345 0.00636177
8 2356 -0.0107788 -0.0232946
8 1943 -0.0432422 -0.0175547
7 2222 0.029323 0.016885
7 2357 0.0617864 0.0178417
8 2357 -0.0193721 -0.0118147
8 1946 -0.0451518 -0.00798808
7 2358 0.0369615 0.0235816
8 2358 -0.044197 -0.0032048
7 2359 0.0627412 0.0235816
8 2359 -0.0174625 -0.00511811
7 2235 0.0426903 0.0274082
7 2360 0.256567 0.0561079
8 2360 0.184002 0.00827509
7 2361 0.345364 0.0742844
8 2361 0.272799 0.016885
7 2362 0.268024 0.100114
8 2362 0.198324 0.050368
7 2363 0.275663 0.100114
8 2363 0.206917 0.0494113
7 2364 0.321494 0.101071
8 2364 0.251793 0.0455847
8 39 0.227923 0.0733278
7 1966 0.285211 0.128814
8 1966 0.221239 0.0761977
7 1068 0.298578 0.129771
7 2241 0.280437 0.131684
7 357 0.280437 0.133597
8 1022 0.209972 0.0851903
7 2365 0.28903 0.136467
8 2365 0.221239 0.083851
7 635 0.277573 0.137424
7 102 0.341545 0.140294
7 2366 0.275663 0.153687
8 2366 0.206535 0.103788
7 2227 0.289985 0.154644
7 2367 0.299533 0.16708
8 2367 0.232697 0.113507
7 2368 0.309081 0.16995
8 2368 0.245109 0.113507
7 2369 -0.00791441 0.212043
8 2369 -0.063866 0.189657
8 1973 -0.0594739 0.191953
7 2370 0.0188202 0.22448
8 2370 -0.0356038 0.199606
7 2371 0.0235942 0.22735
8 2371 -0.0317846 0.202476
8 1975 -0.00505 0.217783
8 1974 -0.0480163 0.231176
7 2372 0.019775 0.256049
8 2372 -0.034649 0.233089
7 2373 0.0503287 0.258919
8 2373 -0.00218558 0.231176
7 2374 0.0417355 0.268486
8 2374 -0.0107788 0.242656
7 2229 0.0445999 0.269442
7 480 0.0445999 0.278052
8 1466 -0.0581372 -0.075528
8 1045 -0.0656993 -0.0725433
8 753 -0.0492002 -0.0684105
7 2375 0.0312327 -0.0376444
8 2375 -0.0546999 -0.0651962
7 2376 0.0656056 -0.0296085
8 2376 -0.0191811 -0.0606042
8 79 -0.029493 -0.0468283
8 2025 -0.0123065 -0.0456803
8 27 -0.0329303 -0.0399404
8 1983 -0.0375134 -0.0376444
8 1984 -0.0306388 -0.0376444
7 2377 0.0381072 0.00483114
8 2377 -0.044388 -0.0227206
7 2378 0.0415445 0.00483114
8 2378 -0.0409507 -0.0227206
7 2379 0.0713345 0.00597914
8 2379 -0.0111607 -0.0238686
8 1989 -0.0478253 -0.0169806
7 2380 0.0518564 0.017459
8 2380 -0.0283473 -0.0112407
7 2234 0.0610226 0.017459
7 2381 0.0495649 0.022051
8 2381 -0.0306388 -0.00550074
8 1993 -0.0432422 -0.0032048
7 2382 0.0621684 0.024347
8 2382 -0.0180353 -0.00435274
7 2236 0.0484192 0.0266429
7 2224 0.385275 0.0702665
7 2383 0.345173 0.0737104
8 2383 0.272989 0.016311
8 2005 0.326268 0.0121017
7 2384 0.293613 0.0794504
8 2384 0.22143 0.0266429
7 2385 0.393295 0.0794504
8 2385 0.315383 0.018607
7 2248 0.324549 0.0805984
7 2386 0.329132 0.0886343
8 2386 0.258095 0.0323829
8 1783 0.191411 0.0541946
7 2239 0.336007 0.112742
8 2008 0.21341 0.0760064
7 2387 0.295905 0.133406
8 2387 0.227159 0.0805984
7 2388 0.354339 0.133406
8 2388 0.284447 0.0748584
7 2389 0.28101 0.134554
8 2389 0.212264 0.0828943
8 2058 0.279864 0.0760064
7 2390 0.28903 0.13685
8 2390 0.22143 0.0840423
7 2391 0.341736 0.140294
8 2391 0.271844 0.0828943
7 2392 0.339444 0.144886
8 2392 0.269934 0.086721
7 1070 0.313091 0.14833
8 2010 0.248928 0.0932263
8 1401 0.220284 0.111594
7 2393 0.303925 0.170141
8 2393 0.236516 0.116377
8 115 0.242054 0.116186
7 2394 -0.0799068 0.216061
8 2394 -0.139487 0.202285
7 2395 0.0472734 0.216061
8 2395 -0.0111607 0.188509
7 2396 -0.0283473 0.222949
8 2396 -0.0879271 0.204581
7 2397 -0.0569914 0.229837
8 2397 -0.115426 0.213765
7 2249 0.0518564 0.240169
7 2398 0.0495649 0.245909
8 2398 -0.00543191 0.218357
7 2399 0.0346699 -0.0491243
8 2399 -0.0519501 -0.0780536
7 2400 0.0250455 -0.0477467
8 2400 -0.0615745 -0.076125
7 2401 0.0291703 -0.0477467
8 2401 -0.0588246 -0.0752985
8 1977 -0.100072 -0.0684105
7 2402 0.0731677 -0.043614
8 2402 -0.0107024 -0.0752985
7 2403 0.0319201 -0.0381036
8 2403 -0.0546999 -0.0656553
7 2404 0.0649182 -0.0298381
8 2404 -0.018952 -0.060145
7 1577 0.0470442 -0.0146847
7 2405 0.069043 -0.0146847
8 2405 -0.0134523 -0.0449916
7 2406 0.0772925 -0.0133071
8 2406 -0.00657766 -0.0433844
7 2407 0.085542 -0.0133071
8 2407 0.000296922 -0.043614
7 2408 0.0539188 -0.0119295
8 2408 -0.0285764 -0.0408588
7 2409 0.0442944 -0.00917433
8 2409 -0.0382008 -0.0381036
7 2410 0.0264204 -0.00366397
8 2410 -0.0566248 -0.0298381
7 2411 0.0401696 0.00460156
8 2411 -0.0423256 -0.0229502
7 2412 0.0195458 0.0128671
8 2412 -0.0604287 -0.0135367
7 2413 0.0360449 0.0183774
8 2413 -0.0450754 -0.00917433
7 2414 0.0635433 0.0183774
8 2414 -0.017577 -0.0105519
7 2415 0.0415445 0.0238877
8 2415 -0.0382008 -0.00366397
7 2247 0.0662931 0.0252653
7 2416 0.0484192 0.0266429
8 2416 -0.0327012 -0.000908798
8 2039 0.209285 -0.020195
8 2001 0.272531 0.0156223
7 2046 0.342652 0.0803688
8 2049 0.257407 0.0321533
8 784 0.307363 0.0277909
7 2417 0.275281 0.101033
8 2417 0.206535 0.0500619
7 1055 0.320653 0.101033
7 2418 0.392149 0.10241
8 2418 0.317674 0.0404188
7 2419 0.261532 0.103788
8 2419 0.190861 0.0544702
7 1445 0.355026 0.103788
7 147 0.322028 0.105165
7 2420 0.278031 0.131339
8 2420 0.21066 0.0803688
7 2062 0.316529 0.149248
7 2421 0.284906 0.150626
8 2421 0.217534 0.0982774
7 384 0.298655 0.158891
7 2422 0.298655 0.167157
8 2422 0.232659 0.113431
7 115 0.308279 0.169912
8 1656 -0.110842 0.162106
7 2423 -0.0464504 0.186443
8 2423 -0.106947 0.168534
8 2012 -0.0632244 0.190025
7 2424 -0.0794485 0.215372
8 2424 -0.139945 0.201596
7 2425 -0.0725738 0.218127
8 2425 -0.131695 0.204352
7 2426 -0.0574497 0.229148
8 2426 -0.115196 0.213995
7 2427 0.0525439 0.233281
8 2427 -0.00382782 0.205729
7 2428 0.0497941 0.245679
8 2428 -0.00520274 0.218127
8 2112 -0.0478253 0.230526
7 2429 0.0401696 0.26772
8 2429 -0.0120774 0.241546
8 1658 0.0935166 -0.330703
8 1567 -0.0665242 -0.0728188
7 2430 0.0258705 -0.0430629
8 2430 -0.0615745 -0.0695126
7 2431 0.0737177 -0.0430629
8 2431 -0.0104274 -0.0744719
7 2432 0.0374198 -0.0414098
8 2432 -0.0483752 -0.0695126
7 2433 0.0638183 -0.0314912
8 2433 -0.0203269 -0.061247
7 2434 0.0704179 -0.0149602
8 2434 -0.0137272 -0.044716
7 2435 0.0770175 -0.013307
8 2435 -0.00712762 -0.0430629
7 2436 0.0192709 -0.0100008
8 2436 -0.0632244 -0.0364505
8 2082 -0.0335261 -0.0397567
8 2084 0.00772152 -0.0265319
7 2437 0.0720678 0.00653023
8 2437 -0.0104274 -0.0232256
7 2033 0.0225707 0.00983643
7 2438 0.0275204 0.0114895
8 2438 -0.053325 -0.0149602
7 2439 0.0374198 0.0131426
8 2439 -0.0434255 -0.013307
7 2440 0.0291703 0.0164488
8 2440 -0.0516751 -0.0100008
7 2441 0.0638183 0.0181019
8 2441 -0.017027 -0.011654
7 2442 0.0374198 0.0230612
8 2442 -0.0434255 -0.00338843
8 2096 0.316254 0.0181019
7 2257 0.304704 0.0809199
8 2094 0.268406 0.0247144
7 2258 0.355851 0.082573
7 2443 0.263457 0.0842261
8 2443 0.194161 0.034633
7 2444 0.329453 0.0875323
8 2444 0.256857 0.0313268
8 2097 0.288205 0.0280206
7 2445 0.275006 0.10241
8 2445 0.20571 0.051164
7 189 0.355851 0.104063
7 1784 0.334403 0.110676
7 2446 0.284906 0.127207
8 2446 0.217259 0.0759606
8 76 0.223859 0.0743074
8 2056 0.20901 0.0792668
8 236 0.220559 0.0842261
8 238 0.235408 0.0957978
7 2447 0.289855 0.153656
8 2447 0.222209 0.100757
7 2448 0.298105 0.163575
8 2448 0.230459 0.110676
7 2449 0.299755 0.166881
8 2449 0.232109 0.113982
7 2108 0.306354 0.170187
7 2450 0.312954 0.171841
8 2450 0.246958 0.117288
7 2451 0.299755 0.175147
8 2451 0.232659 0.121696
7 2452 0.291505 0.1768
8 2452 0.224519 0.123901
7 2453 -0.0500251 0.186718
8 2453 -0.111072 0.168534
7 2454 0.0308202 0.20325
8 2454 -0.0252766 0.1768
7 2455 0.0242206 0.206556
8 2455 -0.0302263 0.180106
7 2456 -0.0764236 0.211515
8 2456 -0.13582 0.196637
7 2457 -0.0797234 0.214821
8 2457 -0.13912 0.201596
7 2458 -0.0285764 0.221434
8 2458 -0.0883029 0.20325
7 2459 0.0225707 0.25119
8 2459 -0.0328661 0.227054
7 2460 0.00607162 0.252843
8 2460 -0.0467253 0.229699
7 2461 0.0225707 0.256149
8 2461 -0.0318762 0.233005
7 2462 0.0245506 -0.0486834
8 2462 -0.0625644 -0.0764556
7 2463 0.03445 -0.0486834
8 2463 -0.052665 -0.0764556
7 2464 0.0839471 -0.0407485
8 2464 -0.000527985 -0.0728188
7 799 -0.0269264 -0.0189276
7 2465 0.0700879 -0.0169438
8 2465 -0.0130672 -0.0466997
7 2466 0.0760276 -0.0129764
8 2466 -0.00712759 -0.044716
7 2252 0.0205908 -0.0109926
8 2117 -0.034846 -0.0387648
7 2467 0.0186109 -0.0050415
8 2467 -0.0645443 -0.0308299
7 2151 0.0225707 0.00289342
7 2468 0.0898868 0.0048771
8 2468 0.0087115 -0.0268624
7 2469 0.0245506 0.00884456
8 2469 -0.0586046 -0.0169438
8 2122 -0.017027 -0.0129764
7 2470 0.0245506 0.0366167
8 2470 -0.0546449 0.0108283
7 2160 0.400729 0.0723237
7 2471 0.323513 0.0782749
8 2471 0.252237 0.0227306
7 2472 0.339352 0.0802586
8 2472 0.266097 0.0227306
7 2473 0.262137 0.0822423
8 2473 0.192841 0.0326493
8 1407 0.309654 0.0266981
8 1837 0.203928 0.0520898
7 2474 0.279956 0.106047
8 2474 0.213432 0.0544703
8 1488 0.277976 0.0544702
8 1053 0.216599 0.0743075
7 2266 0.347272 0.133819
8 1641 0.21066 0.0862098
7 2274 0.0502891 0.149689
8 2134 0.242338 0.0961284
8 1411 0.220559 0.100096
7 2475 0.327473 0.151673
8 2475 0.258177 0.0961284
8 1412 0.230459 0.110014
7 2476 0.0285103 0.209201
8 2476 -0.0289063 0.183412
8 2137 -0.13978 0.201266
7 2477 0.0463293 0.215152
8 2477 -0.0110874 0.18738
7 2478 -0.0724638 0.217136
8 2478 -0.13186 0.20325
7 2479 -0.0427655 0.217136
8 2479 -0.102162 0.199282
7 2267 0.0106914 0.227054
8 2173 0.0067316 0.20325
8 2143 -0.0190069 0.215152
7 2268 0.0067316 0.250859
7 2480 0.0403897 0.27268
8 2480 -0.0110874 0.246891
7 2481 0.0328662 -0.0478899
8 2481 -0.0526649 -0.0764555
7 2482 0.0257386 -0.0217047
8 2482 -0.0597925 -0.0478899
8 2150 -0.0122753 -0.0478899
7 2483 0.0851352 -0.0145633
8 2483 -0.00039593 -0.0455094
7 2484 0.0637524 -0.0121829
8 2484 -0.0194029 -0.0431289
7 2485 0.0803834 -0.00504145
8 2485 -0.00277181 -0.0359875
7 2486 0.0399937 0.00448046
8 2486 -0.0427655 -0.022895
8 2154 0.20868 -0.0209113
7 2487 0.384494 0.0687531
8 2487 0.308466 0.00924138
7 2488 0.358359 0.073514
8 2488 0.285896 0.0147958
8 2160 0.322721 0.0116219
7 2489 0.393997 0.078275
8 2489 0.31797 0.0163828
8 2159 0.265701 0.0235242
8 2129 0.218183 0.0449484
7 2490 0.251446 0.10446
8 2490 0.18017 0.0568508
7 2491 0.268077 0.10446
8 2491 0.199177 0.0544703
7 1164 0.351232 0.10446
7 2289 0.348856 0.111602
7 2492 0.360735 0.123504
8 2492 0.289855 0.0643889
7 2493 0.353608 0.133026
8 2493 0.27758 0.0758945
7 2494 0.336977 0.144928
8 2494 0.265701 0.0877968
8 282 0.215808 0.123504
7 2495 0.0399937 0.185396
8 2495 -0.017027 0.15683
7 2496 -0.0431615 0.190157
8 2496 -0.100182 0.171113
7 2497 -0.0384098 0.199679
8 2497 -0.0978063 0.180635
7 2498 0.0257386 0.20444
8 2498 -0.0312822 0.178255
7 2499 0.0281144 0.209201
8 2499 -0.0289063 0.183016
7 2500 -0.0431615 0.216342
8 2500 -0.102083 0.199679
8 2171 -0.0146511 0.20444
8 2174 -0.0194029 0.213962
7 1224 -0.0716718 0.252049
8 2176 -0.00752352 0.249669
7 2501 0.0860855 -0.0431289
8 2501 0.000554417 -0.0774077
7 2502 0.0290648 -0.0317027
8 2502 -0.0564663 -0.0602683
7 2503 0.0718303 -0.0174199
8 2503 -0.0108497 -0.0488421
7 2504 0.0632772 -0.0117067
8 2504 -0.0194028 -0.0431289
7 2505 0.049022 -0.00885015
8 2505 -0.033658 -0.0374158
7 2261 0.0404689 0.00543267
7 2506 0.0262137 0.00828922
8 2506 -0.0564663 -0.0174199
7 2507 0.288509 0.0197154
8 2507 0.20868 -0.0288461
7 2508 0.285658 0.0311417
8 2508 0.20868 -0.0202764
8 2184 0.308466 0.00828922
7 2287 0.302764 0.0825599
7 1164 0.351232 0.105412
7 2509 0.26285 0.113982
8 2509 0.191574 0.0654204
7 2510 0.279956 0.139691
8 2510 0.211531 0.088273
7 2290 0.0376179 0.205392
7 2511 0.0262137 0.211105
8 2511 -0.030807 0.185396
7 2512 -0.0792746 0.213962
8 2512 -0.139146 0.199679
7 2513 -0.030807 0.219675
8 2513 -0.0906787 0.201964
7 2514 0.0262137 0.222531
8 2514 -0.027956 0.196822
7 2515 -0.0564663 0.228245
8 2515 -0.114627 0.212248
7 2292 0.0290648 0.231101
7 2516 0.0661283 0.231101
8 2516 0.00910752 0.202535
7 2517 -0.0621684 0.239671
8 2517 -0.119189 0.225388
7 2518 -0.0963808 0.245384
8 2518 -0.153402 0.233958
7 2519 0.00910752 0.251097
8 2519 -0.0450622 0.228245
8 290 -0.0137008 0.24824
7 2520 0.0838047 -0.0448428
8 2520 -0.00172639 -0.0791216
7 2521 -0.0154114 -0.0379871
8 2521 -0.104364 -0.0619822
7 2522 -0.00856889 -0.0345592
8 2522 -0.0975212 -0.0585543
7 2523 0.0838047 -0.0139919
8 2523 -0.00172639 -0.0448428
8 2201 -0.0188326 -0.041415
7 2524 0.0769622 -0.00713623
8 2524 -0.00514764 -0.0379871
8 2200 -0.0906787 -0.0277035
7 292 0.258288 0.0545656
7 2525 0.357504 0.0717049
8 2525 0.285658 0.013431
7 2526 0.31987 0.0751328
8 2526 0.248024 0.0202868
8 2209 0.189863 0.0648492
7 2527 0.354083 0.123123
8 2527 0.282237 0.0648492
7 2528 0.275394 0.129979
8 2528 0.206969 0.0785607
7 1841 0.340398 0.129979
7 1510 0.282237 0.140262
7 2300 0.0153798 0.14369
7 2529 0.0495922 0.150546
8 2529 -0.00856889 0.119695
7 2530 0.278816 0.150546
8 2530 0.210391 0.099128
7 2301 0.0188011 0.157402
7 2531 0.0290648 0.201964
8 2531 -0.0256751 0.174541
8 2214 -0.0393601 0.198536
7 2532 0.0188011 0.236243
8 2532 -0.0359388 0.212248
8 1408 -0.00514764 0.212248
7 2304 0.00853734 0.249954
7 2533 0.0290648 0.253382
8 2533 -0.0256751 0.229387
7 2534 0.046171 0.253382
8 2534 -0.00514764 0.225959
7 2535 -0.0872575 0.25681
8 2535 -0.145419 0.246527
7 2536 -0.00886922 -0.0376444
9 2536 -0.147507 -0.0146847
7 2537 -0.00314039 -0.0347745
9 2537 -0.14407 -0.0123887
7 1265 -0.00791441 -0.0309478
7 467 0.0522384 -0.0099014
7 2538 0.0417355 -0.00416145
9 2538 -0.0913644 0.00597914
9 373 -0.111988 0.020903
9 2355 -0.0948018 0.016311
9 1704 -0.0970933 0.022051
9 1943 -0.0925102 0.020903
9 2357 -0.0652028 0.0207116
9 1946 -0.0909825 0.0293215
9 2358 -0.0890729 0.0346789
7 2539 0.284256 0.083851
9 2539 0.180182 0.00731843
9 1966 0.190494 0.0496027
9 2241 0.181328 0.0541946
9 357 0.181328 0.0564906
9 635 0.179037 0.0622306
9 1628 0.200233 0.0733278
9 1969 0.204052 0.0800244
7 2540 0.208827 -0.295942
9 2540 -0.0711989 -0.290202
9 753 -0.101676 -0.0307565
7 2541 -0.0260557 -0.0204246
9 2541 -0.171568 0.0117191
9 27 -0.0810525 -0.00550074
9 1984 -0.0799068 -0.0032048
9 1987 -0.0814345 0.0111451
7 2542 0.0908125 0.00483114
9 2542 -0.0505751 0.00322397
7 2543 0.0381072 0.014015
9 2543 -0.0902187 0.0254949
9 2236 -0.0764695 0.0335309
9 2224 0.253702 -0.0290345
9 2002 0.199278 -0.000334827
7 2544 0.391004 0.0840423
9 2544 0.258095 -0.0181286
7 2545 0.276427 0.101262
9 2545 0.176287 0.0266429
7 2546 0.322258 0.101262
9 2546 0.21742 0.0121017
7 2547 0.303925 0.149478
9 2547 0.206535 0.0622306
9 2011 0.218909 0.0652153
7 2548 0.209285 -0.295712
9 2548 -0.069824 -0.291028
7 265 -0.00520274 -0.0381036
7 1850 0.0195458 -0.00228639
7 2549 0.033295 0.0101119
9 2549 -0.0973224 0.0225101
9 2413 -0.0918227 0.0293981
9 2046 0.228305 -0.0112407
9 2063 0.209285 0.0638377
9 359 0.196223 0.0714144
9 360 0.19966 0.0734809
9 2422 0.204243 0.0805984
9 115 0.212646 0.0819377
7 2311 -0.00382782 -0.0331443
7 148 0.0440194 -0.0166132
9 2438 -0.102822 0.0263674
9 2091 0.21396 -0.0083477
9 2094 0.227159 -0.0105519
9 2444 0.220284 -0.00228639
7 2550 0.321203 0.100757
9 2550 0.216159 0.0114895
9 1784 0.228534 0.0169998
9 2100 0.178982 0.0604214
9 207 0.20406 0.0577764
9 2108 0.212035 0.0817464
9 2456 -0.0929226 0.241271
7 2551 -0.0209868 -0.0486834
9 2551 -0.166706 -0.0217047
7 1127 0.052269 -0.0189276
9 2151 -0.112062 0.0187633
9 2120 -0.0978063 0.0235242
7 578 0.258177 0.056454
7 1526 0.291835 0.0762912
9 2124 0.197461 -8.22329e-05
7 2552 0.327473 0.0881935
9 2552 0.220559 -0.0017353
9 2474 0.182941 0.0286818
9 2136 0.218909 0.0660419
7 2553 0.307674 0.167543
9 2553 0.21066 0.0802586
9 2155 0.154035 -0.0193243
9 2488 0.236398 -0.0209113
9 1564 0.161163 0.012812
7 873 0.320346 0.0996992
7 2554 0.284708 0.123504
9 2554 0.187297 0.0449484
9 2497 -0.0621684 0.216818
9 2508 0.156411 -0.0359875
9 708 0.217233 0.0197154
7 2555 0.0530135 -0.0105641
9 2555 -0.0838362 -0.00370835
7 2556 0.292501 0.0339983
9 2556 0.169336 -0.0379871
7 870 0.0216846 -0.000334827
10 1704 -0.073796 -0.0118147
10 1946 -0.0680672 -0.00416145
7 2557 0.0445999 0.0254949
10 2557 -0.0566095 -0.000334827
10 1951 -0.0365586 -0.00511811
10 1959 0.258476 -0.0510376
7 2558 0.380692 0.086721
10 2558 0.187561 -0.00338843
10 39 0.227159 0.00368314
10 2541 -0.149569 -0.0215726
10 2224 0.281392 -0.0682575
10 2002 0.230787 -0.0414711
7 1628 0.295905 0.156366
7 2559 0.301634 0.174733
10 2559 0.242245 0.0484547
10 2411 -0.0670742 -0.020195
10 2037 -0.0643243 0.000468791
7 1669 0.334403 0.112053
10 2068 0.24129 0.044628
7 2560 0.0357699 -8.22329e-05
10 2560 -0.0744437 -0.022895
7 2561 0.0374198 0.019755
10 2561 -0.0648743 -0.00338843
10 2086 -0.0447454 -0.00107404
7 2562 0.299755 0.0759606
10 2562 0.223034 -0.0449916
10 2445 0.20736 -0.013307
10 145 0.00435578 0.109221
7 151 0.337702 0.112329
10 2108 0.236783 0.0445516
10 2108 0.240908 0.0445516
7 2563 0.283256 0.1768
10 2563 0.218579 0.0604214
10 2452 0.228479 0.056454
10 1127 -0.0566247 -0.0486834
10 2252 -0.0906787 -0.0288461
10 2469 -0.0835512 -0.00980237
10 2123 0.184261 -0.0579408
7 2564 0.275996 0.129852
10 2564 0.206304 0.0163828
10 2136 0.246958 0.0280206
10 2553 0.240358 0.0425679
10 2140 0.218183 0.0592313
7 2565 0.052269 0.233005
10 2565 0.0621684 0.175147
7 850 -0.0122753 -0.038368
7 2566 0.298963 0.0711336
10 2566 0.218183 -0.0478899
10 2488 0.263457 -0.059594
7 184 0.303715 0.0806554
7 225 0.327473 0.0877968
10 2182 -0.0479132 -0.0217047
7 2567 0.0547241 0.0282851
10 2567 -0.0431615 -0.00266096
10 518 0.241942 -0.0502703
10 229 0.194425 -0.0259896
7 2568 0.31987 0.108269
10 2568 0.234339 -0.0145633
7 2328 0.0701197 -0.0208477
11 1935 -0.0203269 -0.000908798
11 1944 -0.0060048 0.0149717
11 2357 0.0302778 0.00827509
11 1946 0.00449806 0.0178417
7 2569 0.266115 0.103941
11 2569 0.0518564 0.14259
11 1994 0.00602576 0.0254949
11 114 0.299342 0.0518987
11 2411 0.00442169 0.00184638
7 187 0.257407 0.0569498
7 2570 0.301405 0.175422
11 2570 0.307363 0.0622306
7 2571 0.0423695 -0.0331443
11 2571 0.00167184 -0.0381036
7 2572 0.0390697 0.0048771
11 2572 0.00277185 0.00289342
11 2442 0.00772152 0.0214082
11 73 0.287885 -0.0284605
11 2108 0.309654 0.0555722
11 1024 0.312404 0.0583274
11 2469 -0.0122753 0.0116219
11 692 0.297062 0.0197154
7 2573 0.0898869 0.00448046
11 2573 0.0403897 -0.0050415
11 2566 0.287083 -0.0336071
7 2574 0.0547241 -0.0117067
11 2574 0.0138592 -0.0169438
11 2567 0.0262137 0.0197154
11 293 0.282237 -0.0311314
12 1944 0.058922 0.0331482
7 2575 0.0436451 0.0207116
12 2575 0.0799277 0.0321915
12 2557 0.0799277 0.0350615
12 1954 0.321494 -0.0625175
12 2541 -0.0340761 -0.152443
12 2234 0.0923402 0.0216683
12 2381 0.334126 0.00543267
12 2390 0.337152 0.00827509
12 2401 0.0407196 -0.0232256
12 2057 0.327473 0.012812
12 2570 0.357776 0.0341048
12 2089 0.319279 -0.0615226
12 2108 0.358922 0.0277909
12 1526 0.329453 -0.0480222
12 2566 0.331433 -0.0546346
7 2576 0.000554417 -0.0317027
12 2576 0.0256435 -0.000280466
7 2298 0.0575751 0.0197154
13 2222 -0.039423 0.0101884
13 1948 -0.0193721 0.00636177
13 1395 0.00717154 0.13685
13 2236 -0.0165077 0.00923174
13 2005 0.306217 -0.0912172
7 2577 0.0209207 -0.0105519
13 2577 -0.0526649 -0.0145633
13 1403 0.19911 -0.0777781
13 163 0.264282 0.000468791
13 2439 -0.0318762 0.00322397
13 2108 0.264282 0.0211326
13 2076 -0.0598875 -0.0551265
7 151 0.337373 0.110014
13 2553 0.266097 0.0187632
13 2191 0.0951665 0.14236
13 2183 -0.0265304 0.00686089
7 2578 0.271403 0.0482811
13 2578 0.197276 -0.0774077
7 2579 0.354083 0.133978
13 2579 0.0978063 0.147705
7 2580 0.282237 0.0305704
13 2580 0.200127 -0.096261
13 2212 0.197276 -0.0202764
14 2558 0.233758 -0.0083477
14 985 0.147303 0.127868
14 2236 0.0102269 0.0283649
14 1409 0.234339 -0.00713623
14 2011 0.28903 0.0169998
14 265 -0.0645443 -0.0129764
14 163 0.284906 0.0128671
14 384 0.278031 0.0266429
14 115 0.289985 0.0293215
14 2436 -0.027956 0.00543267
14 689 -0.0241546 -0.0264657
7 2581 0.38687 0.07034
14 2581 0.303715 -0.0764555
14 2483 0.00442172 -0.0182664
14 569 0.265701 -0.0217047
14 2576 -0.0878277 0.00543267
14 2508 0.215808 -0.0716946
7 1323 -0.0707215 0.253954
7 2582 0.046171 0.27395
14 2582 0.163951 0.179517
14 2524 0.0067316 -0.0129764
14 292 0.217233 -0.0459855
9 2230 -0.0948018 -0.0261646
8 25 -0.0957566 -0.0586909
8 2583 -0.0623384 -0.0328612
9 2583 -0.11428 0.00942309
8 2584 -0.0403778 -0.0232946
9 2584 -0.0902187 0.014015
9 1943 -0.0919373 0.0207116
8 1691 -0.0480163 -0.016598
9 2358 -0.0890729 0.0341048
9 2223 -0.0890729 0.0369748
8 2585 0.184956 0.0101884
9 2585 0.145809 -0.00511811
8 2586 0.31481 0.0178417
9 2586 0.258476 -0.0223379
8 93 0.212646 0.0570646
8 632 0.213601 0.0761977
8 2241 0.212646 0.0800244
9 2365 0.190685 0.0551513
8 2587 0.233651 0.120204
9 2587 0.210736 0.0857643
9 1983 -0.0856356 -0.0020568
8 2588 -0.0180353 -0.0261646
9 2588 -0.0699768 0.00731843
8 2589 -0.0455338 -0.000908798
9 2589 -0.0890729 0.0369748
8 2224 0.308508 0.0105711
9 2004 0.23938 -0.0204246
9 2010 0.214555 0.0587866
8 1969 0.232888 0.11389
8 668 -0.0973224 -0.0560122
8 1850 -0.0643243 -0.0270829
9 2034 -0.0707406 0.00827509
8 2590 -0.0601996 -0.0229502
9 2590 -0.109697 0.0183774
9 2245 -0.0945726 0.0169998
9 2247 -0.0601996 0.0280205
8 2591 -0.0574497 0.0114895
9 2591 -0.0986973 0.0514395
8 2592 0.312404 0.0225101
9 2592 0.257407 -0.0188174
8 2593 0.198285 0.0486843
9 2593 0.166112 0.0263674
9 634 0.187561 0.0544702
8 2011 0.251907 0.101033
8 115 0.245033 0.113431
8 2594 0.224409 0.125829
9 2594 0.196911 0.0941446
9 2021 -0.151659 -0.00702524
8 2313 -0.0434255 -0.0215726
9 2438 -0.0978724 0.0230612
9 2439 -0.0904478 0.0252653
8 2595 -0.018677 -0.0050415
9 2595 -0.0681741 0.0280206
9 2086 -0.0599246 0.0280206
8 2596 -0.0582747 0.0114895
9 2596 -0.0995223 0.051164
9 2096 0.258177 -0.022895
8 2597 0.21396 0.0561233
9 2597 0.182611 0.0296736
9 2266 0.240908 0.036286
8 528 0.271706 0.082573
9 418 0.195811 0.0577764
8 1302 0.258507 0.0974509
9 872 0.21231 0.0809199
8 2598 0.232109 0.122247
9 2598 0.20241 0.0900119
8 2599 0.223859 0.125554
9 2599 0.195811 0.0941447
9 1192 -0.112062 -0.0248788
9 2467 -0.116813 0.0116219
8 2600 -0.0487052 -0.0288462
9 2600 -0.0982023 0.0108283
9 2468 -0.0506851 0.00289342
8 2601 -0.0487052 -0.0169438
9 2601 -0.0982023 0.0227306
8 2602 -0.0150471 -0.00305777
9 2602 -0.0625644 0.0286818
8 2603 -0.0586046 0.0108283
9 2603 -0.0982023 0.0505028
9 2160 0.266097 -0.0308299
9 2276 0.240358 0.0362861
8 2553 0.238378 0.113982
9 173 0.182611 0.0941447
8 2604 0.232439 0.121917
9 2604 0.20076 0.0901773
9 2452 0.192049 0.0949383
8 2605 -0.033658 -0.038368
9 2605 -0.0835512 -0.00266096
9 2159 0.224519 -0.0109926
8 522 0.251446 0.0497094
8 545 0.20868 0.078275
9 2494 0.225311 0.0520898
8 2606 -0.107785 -0.0716946
9 2606 -0.164806 -0.0202764
8 2607 -0.0878277 -0.0545552
9 2607 -0.139146 -0.00885015
9 2283 -0.0621684 -0.00266096
8 2608 0.00910752 -0.0259896
9 2608 -0.0479132 0.00257608
9 2506 -0.104934 0.022572
8 2609 -0.0564663 0.0111458
9 2609 -0.0992318 0.0511377
8 2610 0.257148 0.0311417
9 2610 0.220559 -0.00266096
9 2187 0.201552 0.0259047
8 2611 0.23719 0.0568508
9 2611 0.202978 0.0254286
9 714 0.188723 0.0454245
9 1416 -0.0838362 0.116267
9 2512 -0.0906787 0.239671
8 2612 -0.053045 -0.0722659
9 2612 -0.111206 -0.0311314
8 2613 0.0119586 -0.0448428
9 2613 -0.053045 -0.0139919
9 2298 -0.0701513 0.0305704
8 2614 0.289079 0.0271426
9 2614 0.244318 -0.0121829
8 553 0.258288 0.0305704
8 2615 0.193284 0.0339983
9 2615 0.162493 0.013431
8 319 0.230918 0.0545656
10 2583 -0.0913644 -0.0238686
10 1943 -0.069022 -0.0127714
10 632 0.21551 0.0101884
10 2241 0.211118 0.016311
10 357 0.211118 0.019755
10 111 0.20791 0.0225101
10 112 0.247783 0.024347
8 2616 -0.0512626 -0.077824
10 2616 -0.087698 -0.0697881
8 1054 -0.0890729 -0.0583082
10 2233 -0.0661576 -0.00779674
8 8 0.22945 0.022051
10 2003 0.247974 -0.050081
10 2240 0.224409 0.00460156
8 892 0.252366 0.0955222
10 162 0.235179 0.0277909
8 2562 0.229909 0.0225101
10 2046 0.25924 -0.0514203
10 2593 0.197461 -0.013307
8 1863 0.195536 0.0679705
10 2420 0.21066 0.0164488
10 634 0.218909 0.0181019
10 384 0.233758 0.034633
10 213 0.231284 0.0390412
8 2617 0.239533 0.116186
10 2617 0.244345 0.0427147
8 2618 -0.00657766 0.152003
10 2618 -0.0560748 0.189198
8 2619 -0.0516751 -0.0777781
10 2619 -0.0879729 -0.0695126
10 2432 -0.0846731 -0.061247
8 2620 0.251907 0.0957978
10 2620 0.248608 0.0230612
10 872 0.242008 0.0445516
10 2251 -0.0803834 -0.0645532
10 2467 -0.0930546 -0.0217047
10 2469 -0.0843431 -0.00900897
10 2601 -0.0744437 -0.0109926
10 820 0.227687 0.00686089
10 2604 0.234418 0.0524865
10 2485 -0.0388058 -0.0328136
8 2621 -0.0407856 -0.00742194
10 2621 -0.0645443 -0.00305777
10 227 0.244318 -0.0427322
10 2164 0.242338 0.0227306
10 421 0.253702 0.0245383
8 2622 -0.0265304 0.175874
10 2622 0.214382 -0.0117067
8 2623 -0.0621684 -0.023133
10 2623 -0.0878277 -0.0145633
8 2624 -0.0393601 -0.00599361
10 2624 -0.0621684 -0.00266096
10 2610 0.251446 -0.0431289
10 2522 -0.128312 -0.0448428
10 1415 -0.0621684 -0.0202764
8 2625 -0.053045 -0.0242756
10 2625 -0.0838362 -0.0139919
8 2626 0.224076 0.0305704
10 2626 0.220654 -0.0379871
10 2615 0.193284 -0.0277035
8 2627 0.31987 0.040854
10 2627 0.0494972 0.163972
11 2344 -0.0168896 -0.0468283
11 357 0.279864 0.0323829
11 2231 -0.0162021 0.00873432
8 16 0.279864 0.0496027
11 2043 0.315383 -0.0376444
8 245 -0.0368259 0.180933
11 2021 -0.0550408 -0.0193243
11 1574 0.312404 -0.0257053
8 1055 0.251907 0.0462047
11 2100 0.345952 -0.0083477
8 1301 0.232109 0.0941447
11 2620 0.316254 0.034633
8 2628 0.21561 0.125554
11 2628 0.281606 0.0743074
11 2254 -0.017027 0.00686089
11 1100 0.317904 -0.011654
8 238 0.236398 0.0941447
8 2573 0.00910752 -0.0264657
11 1545 0.279956 -0.0209113
8 2629 -0.116813 0.211581
11 2629 0.118311 0.157514
11 2176 0.158413 0.211239
8 2574 -0.027956 -0.0402723
11 2506 -0.0108497 0.0111458
8 2567 -0.0222539 -0.000280466
11 1643 0.31797 -0.0169438
8 2630 -0.0290963 -0.041415
11 2630 0.0119586 -0.0174198
11 1415 0.0256435 -0.0105641
11 2298 0.0256435 0.0168589
8 2631 -0.165457 -0.312205
12 2631 -0.2533 -0.119917
12 25 0.0117546 0.00253514
12 2223 0.0722893 0.0398448
12 115 0.36255 0.0245383
8 2632 -0.124592 0.199989
12 2632 0.220654 0.126551
8 2633 -0.0615745 -0.0174399
12 2633 0.0497941 0.0321533
8 2634 0.188661 0.00184638
12 2634 0.293613 -0.0537163
12 2562 0.336771 -0.0539076
8 2401 -0.0582747 -0.076125
8 2635 0.316254 0.0412454
12 2635 0.172544 0.123074
12 189 0.211531 0.0854164
8 2636 0.228809 0.0759606
12 2636 0.345292 -0.00702524
12 872 0.360526 0.0266429
8 2637 -0.0942426 -0.0645532
12 2637 0.0114834 -0.00266096
12 2077 0.0119586 -0.00313707
12 2254 0.0471213 0.0282851
12 1575 0.355026 -0.0491243
8 2638 -0.0633088 0.188253
12 2638 0.230918 0.123123
13 2227 0.247974 0.0121017
8 2639 0.18362 0.00827509
13 2639 0.192786 -0.0629002
8 2640 0.325695 0.0117191
13 2640 0.306217 -0.0915999
8 2641 0.198515 0.0496027
13 2641 0.218909 -0.0347974
13 103 0.252366 -0.0192766
13 1656 0.0236706 0.092767
13 2633 -0.0505751 0.00460156
13 2591 -0.0352218 0.0254949
8 2642 0.324778 0.0114895
13 2642 0.305529 -0.0918295
8 2643 0.279406 0.0721033
13 2643 0.286555 -0.0248788
8 2644 0.227159 0.0803688
13 2644 0.251907 -0.0160623
13 402 0.232109 0.0048771
13 2617 0.264969 0.022051
13 2095 0.304704 -0.0910029
13 1574 0.25924 -0.0629002
13 2620 0.270056 0.0015709
13 2254 -0.0526649 -0.000280524
13 2601 -0.0388058 0.000909691
13 1575 0.258507 -0.0629002
13 875 0.232439 -0.0367811
13 820 0.246298 -0.0149601
8 282 0.216599 0.123901
13 2452 0.252237 0.0366167
8 651 -0.00316783 0.211184
13 2262 -0.0455373 0.00209997
13 268 0.234815 -0.0455094
13 714 0.234339 -0.00713623
13 443 0.248024 -0.0174198
14 1943 -0.0060048 0.0187983
14 1691 -0.0107788 0.0207116
14 1986 -0.0283473 0.017459
8 2645 -0.0604287 -0.0238686
14 2645 -0.0237642 0.019755
14 2231 -0.0244516 0.019755
14 609 0.282347 0.014015
14 2633 -0.0230767 0.0252653
8 602 0.192786 0.0335309
14 384 0.278031 0.0238877
14 2066 0.278031 0.0307757
14 2021 -0.0621684 -0.00504145
14 2255 -0.0130672 0.0108283
14 2313 -0.00712759 0.0147958
14 2468 0.0277953 0.00597914
14 2601 -0.0110874 0.0207469
14 1494 0.250258 -0.0209113
8 2646 0.20868 0.116362
14 2646 0.28903 0.014015
8 2647 -0.0963808 -0.0574118
14 2647 -0.0621684 -0.00599361
14 2623 -0.0251049 0.0197154
14 2624 0.000791953 0.0266981
14 2522 -0.0633088 -0.00713623
14 2630 0.00169483 -0.00713623
14 1839 0.000554417 0.0254286
8 2648 0.248024 0.0305704
14 2648 0.279956 -0.0502703
9 2649 0.169679 -0.300725
10 2649 0.176745 -0.306274
9 905 -0.112943 -0.0213813
9 2650 -0.111033 -0.0185113
10 2650 -0.0862085 -0.0539076
9 2651 -0.147316 -0.0146847
10 2651 -0.1223 -0.0502723
9 2652 -0.064248 -0.0146847
10 2652 -0.039423 -0.0491243
9 2653 0.173499 -0.0146847
10 2653 0.205007 -0.0567776
9 2654 -0.110079 -0.00416145
10 2654 -0.0862085 -0.0376444
9 42 -0.0508807 0.0034918
9 2655 -0.114853 0.00923174
10 2655 -0.0909825 -0.0242513
10 1987 -0.0575643 -0.0223379
9 2656 -0.0967114 0.0130584
10 2656 -0.0730322 -0.0204246
9 2657 -0.0900277 0.014015
10 2657 -0.0661576 -0.0192766
9 2658 -0.114853 0.0159283
10 2658 -0.0919373 -0.016598
9 2659 -0.0948018 0.0159283
10 2659 -0.0709316 -0.0175547
9 2660 -0.109124 0.0187983
10 2660 -0.0852537 -0.0146847
9 2661 -0.0995758 0.0226249
10 2661 -0.0757056 -0.0099014
9 2662 -0.0747508 0.0226249
10 2662 -0.0512626 -0.0112407
9 2663 -0.0776152 0.0245383
10 2663 -0.0537451 -0.00894474
9 2664 -0.0900277 0.0254949
10 2664 -0.0661576 -0.00798808
9 2665 -0.10244 0.0274082
10 2665 -0.0785701 -0.00607477
9 1951 -0.0604287 0.0274082
9 2666 0.166815 0.0274082
10 2666 0.197369 -0.0123887
9 2667 -0.0938469 0.0321915
10 2667 -0.0699768 -0.00129148
9 2668 0.242245 0.0321915
10 2668 0.271844 -0.00607477
9 2557 -0.0804797 0.0331482
9 2669 0.136261 0.0331482
10 2669 0.164462 -0.0050415
10 2358 -0.0652028 0.00062183
9 2670 0.159177 0.0350615
10 2670 0.188203 -0.0032048
9 2671 0.202143 0.047498
10 2671 0.231742 0.00827509
9 2672 0.200233 0.0494113
10 2672 0.230596 0.0105711
9 2673 0.228877 0.0513246
10 2673 0.257522 0.014015
9 2674 0.159177 0.0541946
10 2674 0.184956 0.0216683
9 2241 0.181137 0.0541946
9 2675 0.203098 0.0561079
10 2675 0.231742 0.0187983
9 111 0.179228 0.0589779
9 2676 0.202143 0.0589779
10 2676 0.231742 0.0207116
9 1449 0.204052 0.0608912
9 590 0.206917 0.0618479
9 2677 0.224103 0.0628045
10 2677 0.253511 0.024347
9 2678 0.19355 0.0714144
10 2678 0.222194 0.0341048
9 2679 0.192595 0.0828943
10 2679 0.221239 0.0455847
9 2680 0.178273 0.0876776
10 2680 0.205007 0.053238
9 2681 -0.0556547 0.20726
10 2681 -0.0203269 0.158891
9 2682 -0.0174625 0.20726
10 2682 0.0226394 0.153687
9 2683 -0.0165077 0.213956
10 2683 0.0220665 0.163254
9 2684 -0.0890729 0.235003
10 2684 -0.0518355 0.183343
9 344 0.0321874 0.253179
9 2685 0.291322 -0.310866
10 2685 0.297051 -0.315458
9 2686 -0.0707406 -0.290202
10 2686 -0.0604287 -0.300534
9 2687 0.232888 -0.0192766
10 2687 0.264205 -0.0596476
9 2688 -0.110842 -0.0181286
10 2688 -0.0856356 -0.0537163
9 968 -0.110842 -0.0100927
10 2043 0.247783 -0.0502723
9 10 0.188203 0.000239202
9 2689 -0.0661576 0.00597914
10 2689 -0.0432422 -0.0261646
10 2355 -0.0707406 -0.0169806
10 1704 -0.0730322 -0.0112407
9 2690 -0.063866 0.0277909
10 2690 -0.0398049 -0.00550074
9 2691 -0.0684491 0.0289389
10 2691 -0.044388 -0.00435274
9 2692 -0.109697 0.0312349
10 2692 -0.0867814 -0.0020568
10 2236 -0.0524083 0.000239202
9 2693 0.201952 0.0450107
10 2693 0.231284 0.00597914
9 2694 0.185911 0.0484547
10 2694 0.216847 0.00942309
9 2695 0.203098 0.0564906
10 2695 0.231742 0.018607
9 892 0.219138 0.0610826
10 2547 0.236325 0.024347
9 2696 0.193932 0.0714144
10 2696 0.222576 0.0335309
9 486 0.168725 0.0725624
9 2697 0.200806 0.0725624
10 2697 0.22945 0.0346789
9 2617 0.215701 0.0805984
9 2698 0.207681 0.0817464
10 2698 0.236325 0.0450107
10 588 0.242054 0.0450107
9 2699 0.192786 0.0828943
10 2699 0.221659 0.0459291
9 2700 0.177891 0.0840423
10 2700 0.205389 0.0496027
9 659 -0.0730322 0.188509
9 2701 -0.0856356 0.201137
10 2701 -0.0505751 0.153381
9 177 -0.0168896 0.206877
9 2702 0.0232123 0.229837
10 2702 0.0587311 0.183917
9 2703 -0.0925102 0.240169
10 2703 -0.0558457 0.189657
9 2704 -0.0643243 -0.0160623
10 2704 -0.0395758 -0.0505019
9 2705 0.243658 -0.0105519
10 2705 0.274135 -0.0502723
10 1563 -0.087698 -0.0408588
9 1057 -0.0821983 -0.00504156
9 2706 -0.0601996 -0.00228639
10 2706 -0.0382008 -0.0325933
9 1247 0.198285 -0.000908798
10 2542 -0.0285764 -0.0270829
10 1001 0.22143 -0.0387924
9 2707 -0.0670742 0.00597914
10 2707 -0.0437005 -0.0270829
9 2708 -0.0711989 0.00735673
10 2708 -0.0478253 -0.0250166
10 1702 -0.0918227 -0.0243277
9 2709 -0.0821983 0.0128671
10 2709 -0.0581372 -0.0215726
10 1850 -0.0918227 -0.0174399
9 2710 0.239533 0.0156223
10 2710 0.269781 -0.0243277
10 2309 -0.0684491 -0.0146847
9 1268 0.163912 0.019755
10 2549 -0.0739488 -0.0105519
10 2439 -0.0670742 -0.00779674
9 2711 -0.0684491 0.0280205
10 2711 -0.0450754 -0.00504156
10 2247 -0.0368259 -0.00504156
9 91 0.194161 0.0280205
9 2712 -0.0753237 0.0293981
10 2712 -0.0512626 -0.0032048
9 2713 0.158413 0.036286
10 2713 0.187286 -0.00228639
10 2266 0.270056 -0.0017353
9 1070 0.214785 0.059705
10 2011 0.247783 0.0280205
9 2714 0.192786 0.0707257
10 2714 0.221659 0.0335309
9 213 0.20241 0.076236
9 2715 0.192786 0.0817464
10 2715 0.222209 0.0445516
9 2716 0.21066 0.0858792
10 2716 0.240908 0.0486843
9 2717 0.185911 0.0968998
10 2717 0.21341 0.0610826
9 2718 0.192786 0.0968998
10 2718 0.220284 0.0610826
9 2719 0.00442169 0.211239
10 2719 0.0423695 0.160269
9 2720 0.0277953 0.219505
10 2720 0.0635433 0.174045
9 2721 0.0264204 0.226393
10 2721 0.0621684 0.180933
9 2722 -0.0629494 0.231903
10 2722 -0.0285764 0.185065
9 2723 -0.0890729 0.234658
10 2723 -0.0519501 0.183688
9 2078 -0.107772 -0.028185
10 1050 0.063696 -0.272025
9 2724 0.238708 -0.0215726
10 2724 0.269781 -0.0615226
9 2725 0.233758 -0.0199194
10 2725 0.264282 -0.060145
10 1848 -0.0566248 -0.0480222
10 1367 -0.118001 -0.044716
9 2726 0.243658 -0.0100008
10 2726 0.273906 -0.0505019
10 2316 -0.0566248 -0.0397567
10 1990 -0.0285764 -0.0265319
9 2727 -0.0665242 0.00653023
10 2727 -0.0434255 -0.0265319
9 2728 -0.114371 0.00983643
10 2728 -0.0912727 -0.0232256
9 895 0.217259 0.0114895
10 1851 -0.0929226 -0.0182664
9 2729 0.238708 0.0147957
10 2729 0.270056 -0.0248788
9 2730 0.258507 0.0147957
10 2730 0.288205 -0.0248788
9 2731 -0.111072 0.0181019
10 2731 -0.0879729 -0.0149602
10 195 0.260157 -0.0232256
9 2732 -0.0764236 0.0230612
10 2732 -0.0516751 -0.011654
10 2314 -0.086323 -0.0083477
9 2733 -0.0912727 0.0247144
10 2733 -0.0681741 -0.0083477
9 2734 -0.0747737 0.0280206
10 2734 -0.0516751 -0.0050415
10 2595 -0.0450754 -0.0050415
9 2735 0.240358 0.0329798
10 2735 0.270056 -0.00669463
9 2736 -0.0681741 0.034633
10 2736 -0.0450754 0.0015709
9 238 0.20736 0.0610826
9 2737 0.19911 0.0743074
10 2737 0.228809 0.0362861
9 2738 0.20406 0.0792668
10 2738 0.232109 0.0428985
9 405 0.192511 0.0957978
10 173 0.21396 0.0610826
9 422 -0.069824 0.199943
9 902 -0.0153771 0.206556
9 2739 -0.0219768 0.208209
10 2739 0.016631 0.15564
9 2740 -0.0830232 0.257802
10 2740 -0.0467253 0.209862
10 1192 -0.0883029 -0.0597922
9 2741 0.153243 -0.0189276
10 2741 0.182941 -0.058602
9 2742 -0.169478 -0.0129764
10 2742 -0.145324 -0.0478899
10 1263 -0.0407857 -0.0407485
10 2159 0.256197 -0.0526509
10 2157 0.244318 -0.0506672
10 504 0.20472 -0.0308299
9 2743 -0.0724638 0.0108283
10 2743 -0.0487052 -0.022895
9 2744 -0.116021 0.0147958
10 2744 -0.0922627 -0.0189276
10 2315 -0.0685041 -0.00900897
10 2602 -0.0388058 -0.0050415
10 2474 0.21264 -0.0109926
9 2745 0.238378 0.0326493
10 2745 0.268077 -0.00702524
10 528 0.263325 0.00448046
9 2746 0.177002 0.0524865
10 2746 0.2067 0.0147958
10 1788 0.256197 0.0140023
9 236 0.188881 0.0544702
9 1588 0.222539 0.0604214
9 2747 0.198781 0.0723237
10 2747 0.228479 0.034633
9 2748 0.2067 0.0802586
10 2748 0.236398 0.0425679
9 2749 0.180962 0.0941447
10 2749 0.20868 0.0584377
9 805 0.184921 0.0961284
9 2750 0.0186109 0.185396
10 2750 0.0542489 0.137787
9 306 -0.0150471 0.205233
9 2751 0.0285103 0.252843
10 2751 0.0632772 0.208249
9 2752 -0.112062 -0.0264657
10 2752 -0.085927 -0.0645532
9 2753 0.232439 -0.0217047
10 2753 0.263325 -0.0621727
9 850 -0.154827 -0.0145633
10 1104 -0.0241546 -0.0431289
9 518 0.211056 -0.00980237
9 2754 -0.0764236 -0.00504145
10 2754 -0.0526649 -0.038368
9 2755 0.199177 -0.00266096
10 2755 0.230063 -0.0431289
9 2756 0.241942 -0.00266096
10 2756 0.272828 -0.0431289
9 2757 -0.114437 0.00209997
10 2757 -0.0906787 -0.0312266
9 2758 -0.100182 0.00924138
10 2758 -0.0764236 -0.0240852
9 2759 -0.171458 0.0116219
10 2759 -0.150075 -0.0217047
9 2327 0.218183 0.0163828
9 269 0.227687 0.0163828
9 2760 0.246694 0.0211437
10 2760 0.279956 -0.0217047
9 2761 0.173042 0.0282851
10 2761 0.203928 -0.0121829
9 2762 0.182546 0.0282851
10 2762 0.213432 -0.0121829
9 2624 -0.085927 0.0306656
9 2763 0.16829 0.033046
10 2763 0.199177 -0.00742194
9 2764 0.158787 0.0354265
10 2764 0.188723 -0.00313707
9 545 0.18017 0.0592313
9 561 0.215808 0.0639922
9 1752 0.20868 0.0854164
9 2765 0.184921 0.0949383
10 2765 0.213432 0.0592313
9 2766 0.018611 0.185396
10 2766 0.0542489 0.137787
9 2767 0.00910752 0.194918
10 2767 0.049022 0.142548
9 2768 -0.0716718 0.197298
10 2768 -0.0360339 0.147309
9 2769 0.225786 -0.0117067
10 2769 0.256197 -0.0526508
9 2770 -0.133444 -0.00885015
10 2770 -0.107785 -0.0459855
9 2771 -0.0650194 -0.00313707
10 2771 -0.0393601 -0.0402723
10 708 0.248595 -0.0288461
10 1854 0.268552 -0.0288461
9 2623 -0.110636 0.0168589
9 2772 0.228637 0.0168589
10 2772 0.259999 -0.023133
9 2773 0.160212 0.022572
10 2773 0.189863 -0.0174198
9 2622 0.183021 0.0282851
10 884 0.268552 0.00257608
9 2774 0.234339 0.0425679
10 2774 0.26285 0.00543267
9 2775 0.197276 0.0482811
10 2775 0.228637 0.00828922
9 2776 0.205829 0.0482811
10 2776 0.23719 0.00828922
9 2777 0.197276 0.0597074
10 2777 0.225786 0.022572
9 2778 0.200127 0.0739901
10 2778 0.228637 0.0368549
9 2779 0.0233627 0.136835
10 2779 0.0632772 0.0819885
9 2780 0.0376179 0.159687
10 2780 0.0717928 0.114808
9 2781 0.0148096 0.216818
10 2781 0.0518731 0.168257
10 2612 -0.0872575 -0.0654101
9 2782 0.251446 -0.0174198
10 2782 0.277105 -0.0516986
9 2783 -0.159104 -0.0139919
10 2783 -0.135155 -0.0482707
9 2784 -0.107785 -0.0139919
10 2784 -0.0838362 -0.0482707
9 2522 -0.152261 -0.0105641
9 2785 0.210391 -0.0105641
10 2785 0.241182 -0.0516986
9 1864 0.244603 -0.0105641
9 2786 0.220654 -0.00370835
10 2786 0.251446 -0.0448428
9 2787 0.213812 0.00314742
10 2787 0.244603 -0.0379871
9 2788 0.248024 0.00314742
10 2788 0.278816 -0.0379871
10 1538 0.248024 -0.0311314
9 2789 0.237761 0.0168589
10 2789 0.268552 -0.0242756
9 2790 -0.0872575 0.0271426
10 2790 -0.0633088 -0.00713623
9 1862 0.183021 0.0271426
9 2791 0.213812 0.0648492
10 2791 0.241182 0.0305704
9 2792 0.186442 0.0922722
10 2792 0.213812 0.0579935
9 1032 -0.0769938 0.112839
11 2649 0.209781 -0.263415
9 2793 -0.105305 -0.0319045
11 2793 -0.010015 -0.0422364
11 1665 0.363505 -0.0567776
11 2046 0.326268 -0.0386011
11 32 0.0111817 -0.0108581
11 2657 0.00488001 0.00253514
11 2658 -0.0203269 0.00636177
11 2659 0.000296922 0.00483114
9 2794 -0.0948018 0.0187983
11 2794 0.000678838 0.00731843
9 2795 -0.111988 0.0207116
11 2795 -0.0174625 0.00923174
11 1845 -0.0155529 0.0149717
11 2664 0.00545287 0.014015
11 2666 0.267261 0.0013872
9 2796 -0.0671124 0.0283649
11 2796 0.0283682 0.0159283
9 2797 -0.110079 0.0302782
11 2797 -0.0145981 0.019755
9 2798 -0.0995758 0.0312349
11 2798 -0.00505 0.019755
9 2799 0.162041 0.0321915
11 2799 0.261532 0.00712714
11 2557 0.0150009 0.0207116
9 2800 0.245109 0.0341048
11 2800 0.33868 0.00923174
11 2671 0.300488 0.0216683
11 2674 0.249158 0.0390412
11 2676 0.300488 0.0331482
11 1070 0.308126 0.0350615
9 2801 0.207872 0.0819377
11 2801 0.305262 0.0561079
11 2046 0.325695 -0.0387924
11 42 0.0398259 -0.00416145
11 2689 0.0274134 -0.00416145
11 12 0.28101 -0.0204246
9 2802 -0.118863 0.00827509
11 2802 -0.0237642 -0.0020568
9 2803 -0.0970933 0.0128671
11 2803 -0.00245289 0.00184638
11 870 -0.0203269 0.00597914
9 1872 0.177891 0.022051
11 1691 -0.00428614 0.0117191
11 1847 -0.0157438 0.014015
11 2690 0.0321874 0.0149717
9 2804 -0.0764695 0.0289389
11 2804 0.019775 0.016885
11 2692 -0.014598 0.019755
11 2589 0.00640767 0.0254949
11 2695 0.300488 0.0300869
9 2805 0.204243 0.0622306
11 2805 0.301634 0.0358269
11 2547 0.305071 0.0369748
11 588 0.310991 0.0561079
9 169 0.211118 0.0828943
9 2570 0.209972 0.0863383
11 2705 0.34059 -0.0386011
11 1563 -0.0162021 -0.0174399
9 2806 0.191411 -0.00504156
11 2806 0.29178 -0.0325933
9 2807 -0.119321 0.00873432
11 2807 -0.0244516 -0.00228639
11 1702 -0.0203269 -0.000908798
9 2808 0.161163 0.0142447
11 2808 0.262907 -0.0133071
11 2549 -0.00245289 0.0114895
9 2809 0.249158 0.0225101
11 2809 0.346777 -0.00779674
11 2439 0.00442169 0.0142447
11 2247 0.033295 0.0169998
11 2712 0.0181709 0.019755
9 2810 -0.0821983 0.0321533
11 2810 0.0126712 0.0211326
9 2811 -0.0766986 0.0321533
11 2811 0.0186292 0.020903
9 2812 0.235408 0.0445516
11 2812 0.334403 0.0156223
9 399 0.194161 0.0486843
9 2813 0.168037 0.0721033
11 2813 0.261807 0.0528171
11 384 0.303054 0.0462047
11 2715 0.290405 0.0569498
9 2814 0.00717154 0.242924
11 2814 0.353652 -0.0119295
11 2548 -0.0162021 -0.255762
9 2815 -0.112722 -0.0232256
11 2815 -0.0130672 -0.0387648
11 1990 0.0401696 -0.00366397
9 2816 -0.0714739 0.0081833
11 2816 0.0225707 -0.0017353
11 2729 0.337152 -0.0133071
11 2731 -0.017027 0.0081833
11 2438 -0.00712762 0.0147957
11 2593 0.266757 -8.22329e-05
11 2595 0.0258705 0.0164488
9 2817 -0.0912727 0.0296736
11 2817 0.00442172 0.0181019
11 1302 0.319554 0.0362861
11 2738 0.301405 0.0544702
11 199 0.304704 0.0561233
11 872 0.309654 0.0544702
9 2818 0.192511 0.082573
11 2818 0.291505 0.0577764
9 228 -0.110082 -0.0189276
11 2742 -0.0735725 -0.023133
11 1127 0.0146511 -0.0268624
11 2600 -0.00277181 -0.000280524
11 2743 0.0225707 -0.00107404
9 1880 0.186901 0.0187632
11 2601 -0.00316783 0.0108283
9 2819 -0.0764236 0.0326493
11 2819 0.0186109 0.0207469
11 2745 0.336053 0.0048771
9 2820 0.188881 0.0465353
11 2820 0.287083 0.0211437
11 2746 0.275204 0.0282851
11 236 0.287083 0.0282851
11 1732 0.291835 0.0366167
9 239 0.21066 0.0643889
11 2747 0.295795 0.0465353
9 2821 0.20868 0.0862098
11 2821 0.307674 0.0604214
9 2822 -0.10731 -0.00742194
11 2822 -0.0108497 -0.0202764
11 2755 0.298963 -0.0312266
11 2756 0.339352 -0.0312266
11 2327 0.31797 -0.0121829
9 2823 0.161163 0.0235242
11 2823 0.263325 -0.00504145
11 2761 0.275204 -0.000280524
11 2624 0.0106914 0.0187632
11 2319 0.0281144 0.0187633
11 882 0.303715 0.0306656
11 545 0.27758 0.0354265
11 1761 0.294211 0.033046
9 2824 0.199177 0.073514
11 2824 0.296587 0.0473289
9 2825 0.203928 0.078275
11 2825 0.301339 0.0520898
9 2826 0.211056 0.078275
11 2826 0.308466 0.0520898
11 2766 0.149283 0.140167
9 2827 0.00673163 0.216342
11 2827 0.13978 0.171113
9 260 0.245743 -0.0117067
9 922 -0.15055 -0.00885015
9 2828 0.174468 0.0140024
11 2828 0.277105 -0.0145633
9 2829 0.174468 0.0282851
11 2829 0.277105 -0.000280466
9 2567 -0.0678704 0.0311417
11 2776 0.303715 0.0211437
11 2777 0.294211 0.0339983
11 2778 0.297062 0.0482811
11 1853 0.308466 0.0511377
9 2830 -0.0878277 0.279663
11 2830 0.049022 0.236814
11 2522 -0.0564663 -0.0208477
11 728 0.244603 -0.0345592
11 2786 0.31987 -0.0317027
9 2831 -0.0496238 0.00314742
11 2831 0.0393285 -0.00370835
9 2832 0.206969 0.0477098
11 2832 0.306185 0.0202868
9 2833 0.206969 0.0579935
11 2833 0.306185 0.0305704
11 2791 0.309607 0.040854
12 25 0.0121365 0.0034918
9 2834 -0.0948018 0.0207116
12 2834 0.0646508 0.0264516
12 1943 0.0675153 0.0264516
9 2835 0.178273 0.0216683
12 2835 0.327222 -0.0271212
12 2672 0.346319 -0.00129148
12 2675 0.349183 0.00540511
12 171 0.3108 0.0323829
9 2836 0.154976 -0.0181286
12 2836 0.292849 -0.052951
12 2355 0.0644599 0.022051
9 2837 -0.0948018 0.018607
12 2837 0.0649182 0.0238877
12 109 0.338298 0.00597914
9 2838 0.212264 0.0851903
12 2838 0.359686 0.0312349
12 2305 0.0678972 0.019755
12 377 0.326153 -0.0270829
12 2549 0.0621684 0.0289389
12 1852 0.0507107 0.0323829
12 157 0.337152 0.00597914
12 400 0.345402 0.00735673
12 2108 0.355485 0.0289389
12 2716 0.360068 0.0312349
12 2731 0.0489691 0.0280206
9 650 0.162813 0.019755
12 2438 0.0621684 0.0293981
12 2314 0.052269 0.0329798
12 2733 0.0676681 0.0307757
12 2438 0.0580436 0.0335309
12 2593 0.316254 -0.0199194
12 634 0.335393 0.0048771
12 199 0.354202 0.0280206
9 2839 0.21066 0.0858792
12 2839 0.357501 0.0329798
9 2840 0.189211 0.0974509
12 2840 0.336053 0.051164
12 2272 0.342652 -0.0513284
12 2601 0.0621684 0.0296736
12 881 0.325493 -0.022895
12 2747 0.347602 0.0214082
9 2841 0.188881 0.0961284
12 2841 0.337373 0.0485191
12 1163 0.0731677 -0.00779674
12 262 0.287083 -0.0431289
12 269 0.369051 -0.0387648
12 230 0.333413 -0.0308299
12 2262 0.0542489 0.0306656
12 2624 0.0740477 0.034633
12 1761 0.344104 0.00924138
12 2825 0.351232 0.0259047
12 1159 0.328424 -0.0516986
9 930 0.240041 0.0168589
9 2842 0.205829 0.0397114
12 2842 0.34648 -0.00742194
9 2843 -0.00514767 0.216818
12 2843 0.234339 0.140262
9 2844 0.206969 0.0854164
12 2844 0.354083 0.0339983
9 2845 -0.179779 -0.299768
13 2845 -0.154955 -0.224193
13 2585 0.19355 -0.0577342
13 2657 -0.0308298 -0.00798808
13 2659 -0.0356038 -0.00511811
13 2834 -0.034649 -0.000334827
9 1268 0.164905 0.0207116
13 2665 -0.0422874 0.00731843
13 1951 -0.00314039 0.00636177
13 2797 -0.0499259 0.0111451
9 2846 -0.0585191 0.203433
13 2846 0.0176606 0.15683
13 2583 -0.0546999 -0.00894474
13 2355 -0.0352218 -0.00435274
13 2804 -0.0165077 0.00636177
9 1946 -0.093656 0.0323829
13 2695 0.253511 -0.00435274
9 2847 0.0186292 0.236725
13 2847 0.103798 0.150817
9 2848 -0.170193 -0.0133071
13 2848 -0.107785 -0.0288461
9 2849 -0.0670742 0.0225101
13 2849 -0.00932751 0.00322397
13 2439 -0.0313262 0.00460156
13 2711 -0.00886919 0.00368314
9 628 0.198285 0.0280205
9 628 0.201035 0.0280205
13 2810 -0.0230767 0.0101119
13 2811 -0.0168896 0.00942309
13 2718 0.246408 0.043174
13 2313 -0.0335261 -0.00669463
13 2438 -0.0382008 0.00184638
13 2314 -0.0483752 0.0048771
13 199 0.260157 0.0214082
13 2600 -0.0384098 -0.00980237
13 873 0.263457 -0.0546346
13 432 0.30003 -0.0491243
9 2850 -0.0665242 0.0306656
13 2850 -0.00712759 0.00686083
9 2851 0.159183 0.034633
13 2851 0.21066 -0.0248788
13 2820 0.239566 -0.0169438
9 1733 0.196801 0.0663726
9 697 0.20472 0.0743075
9 2553 0.21462 0.0782749
9 690 0.244318 0.00448046
9 690 0.239566 0.00924138
13 2759 -0.112062 -0.000280524
9 2852 0.23719 0.0306656
13 2852 0.282332 -0.0312266
13 2764 0.211056 -0.0240852
9 2853 0.177794 0.0520898
13 2853 0.230063 -0.00504145
13 1370 0.272828 -0.00504145
13 2826 0.263325 0.0187633
9 1403 0.157361 -0.0345593
13 1854 0.282807 -0.0602683
13 2772 0.274254 -0.0488421
13 2506 -0.0450622 0.00257608
9 2854 0.234339 0.0339983
13 2854 0.279956 -0.0288461
13 545 0.228637 -0.00313707
13 730 0.271403 -0.000280466
9 2855 0.0062565 0.211105
13 2855 0.0940684 0.109412
13 2789 0.282237 -0.0482707
13 2833 0.258288 -0.00370835
13 1470 0.234339 0.00314742
9 2856 0.196706 0.0717049
13 2856 0.248024 0.013431
14 2656 -0.010015 0.0117191
14 2657 -0.00409519 0.0121017
14 2659 -0.00886922 0.0149717
14 1944 -0.0136433 0.0254949
14 2557 0.00640767 0.0283649
14 2358 -0.00123077 0.0302782
14 1844 0.307172 -0.013728
14 2674 0.225784 0.0266429
14 357 0.253282 0.0128671
14 2676 0.275663 0.0111451
14 2846 0.0803174 0.133819
14 2803 -0.0107024 0.0114895
14 2543 -0.00314039 0.0235816
14 2804 0.00831729 0.0264516
14 2589 -0.00123077 0.0331482
14 2695 0.275281 0.00942309
9 2857 -0.331059 -0.233721
14 2857 -0.293401 -0.13905
9 667 -0.113821 -0.0229502
14 1722 -0.0104274 0.0114895
14 1850 -0.0285764 0.0183774
14 2309 -0.00657766 0.0169998
14 377 0.251907 -0.0257053
14 508 0.256857 -0.0199194
14 2715 0.268406 0.034633
14 2108 0.280781 0.0321533
9 2858 0.0346699 0.237414
14 2858 0.164142 0.16555
14 2726 0.305071 -0.0594562
9 1909 -0.119321 0.0081833
14 2816 0.0112963 0.00735673
14 2314 -0.0219768 0.0247144
9 2859 0.21561 0.0792668
14 2859 0.28903 0.0280205
14 199 0.281606 0.0329798
14 2840 0.263457 0.0544702
14 2157 0.278306 -0.0562878
14 2851 0.234418 -0.00900897
14 418 0.270056 0.0108283
14 2747 0.272036 0.0247144
14 2553 0.288205 0.0280206
14 263 0.279956 -0.0506672
14 2757 -0.0289063 0.00448046
9 2860 -0.0906787 0.00209997
14 2860 -0.00277181 -0.00266096
14 690 0.303715 -0.0427322
14 2151 -0.0241546 0.0187633
14 2853 0.251446 0.00924138
14 545 0.253821 0.0163828
14 1761 0.270452 0.0116219
14 561 0.285896 0.0167795
14 2608 0.0281144 0.00448046
9 2861 -0.0849766 0.0168589
14 2861 0.000554417 0.0140024
14 2567 0.0176606 0.0254286
14 884 0.30609 -0.0121829
14 2778 0.274254 0.0254286
9 2862 -0.0165518 0.205392
14 2862 0.126 0.122552
14 728 0.217233 -0.0482707
14 2786 0.285658 -0.0516986
14 2789 0.302764 -0.0345592
9 2863 -0.0598875 0.040854
14 2863 0.0290648 0.0305704
14 2833 0.278816 0.0100032
9 2864 -0.0393601 0.16083
14 2864 0.100911 0.0819885
10 2865 -0.167367 -0.311248
11 2865 -0.118672 -0.265329
10 2866 0.187821 -0.0711274
11 2866 0.253702 -0.0548643
11 427 -0.0165077 -0.0462544
10 2867 0.299533 -0.0701708
11 2867 0.361901 -0.0560122
10 2868 0.218375 -0.0625175
11 2868 0.28903 -0.0505019
10 2869 0.285211 -0.0606042
11 2869 0.34861 -0.0468283
11 2650 -0.0136433 -0.0309478
11 2003 0.315765 -0.0376444
10 2870 -0.0365586 -0.0319045
11 2870 0.0312326 -0.00798808
10 2871 0.289985 -0.0242513
11 2871 0.354912 -0.0118147
10 1794 0.26325 -0.0223379
11 759 -0.00123077 0.00253514
10 2872 -0.0661576 -0.019468
11 2872 0.00545287 0.00253514
10 2873 0.280437 -0.0185113
11 2873 0.347273 -0.00703143
11 2659 0.000678838 0.00540511
10 1869 -0.0709316 -0.0118147
10 2874 -0.0508807 -0.0118147
11 2874 0.0207298 0.0101884
10 2797 -0.0862085 -0.00224814
10 2671 0.230787 0.0101884
10 2875 0.227923 0.0111451
11 2875 0.297623 0.0226249
11 1668 0.282347 0.0312349
11 484 0.279482 0.0321915
11 1025 0.31672 0.0388881
10 2801 0.236516 0.044628
11 2679 0.291895 0.0570646
10 2876 0.228877 0.0551513
11 2876 0.296669 0.0685445
10 2877 -0.034649 0.13551
11 2877 0.0610226 0.141442
10 1450 0.0264586 0.150817
10 2878 -0.044197 0.153687
11 2878 0.0484192 0.162106
10 1877 0.0617864 0.180473
11 2684 0.0455547 0.189083
10 2879 -0.0184173 0.18717
11 2879 0.0722893 0.194823
10 2880 0.0713345 0.190997
11 2880 0.161086 0.196737
10 2881 0.0426903 0.200563
11 2881 0.130914 0.208025
10 2882 0.0694249 0.205346
11 2882 0.159559 0.211469
11 344 0.157267 0.214913
11 2323 -0.0123065 -0.0376444
11 8 0.293613 -0.0330524
10 2883 -0.0546999 -0.0445323
11 2883 0.0174834 -0.0227206
10 2884 -0.0867814 -0.0376444
11 2884 -0.0148272 -0.0146847
10 2885 -0.063866 -0.0284605
11 2885 0.00831729 -0.00703143
10 2802 -0.0948018 -0.0250166
10 1846 -0.0879271 -0.0146847
10 2886 0.228305 -0.0146847
11 2886 0.298196 -0.0032048
11 2712 0.019775 0.017459
11 2670 0.256949 0.0105711
10 2887 -0.0569914 -0.000908798
11 2887 0.0151919 0.020903
10 2888 0.228305 0.0117191
11 2888 0.298196 0.023199
11 1354 0.283301 0.0312349
10 2889 0.228305 0.019755
11 2889 0.297051 0.0312349
11 112 0.316529 0.0358269
11 2677 0.319966 0.0369748
11 588 0.3108 0.0564906
10 2890 0.206535 0.0541946
11 2890 0.274135 0.0679705
10 2891 -0.0398049 0.132258
11 2891 0.0552937 0.138227
10 2892 -0.0501168 0.152922
11 2892 0.0429195 0.160269
11 1378 0.0470442 0.161646
10 2893 0.0530022 0.156366
11 2893 0.14199 0.162297
11 2683 0.116019 0.167846
10 2894 0.0426903 0.164402
11 2894 0.136261 0.168037
10 2895 -0.0180353 0.187361
11 2895 0.0724803 0.195397
10 2896 -0.0386591 0.196545
11 2896 0.0552937 0.203433
10 2897 0.069043 0.201137
11 2897 0.159559 0.206877
10 2898 -0.0835732 -0.0615226
11 2898 -0.0120774 -0.0381036
11 2724 0.335778 -0.0491243
11 11 0.00258848 -0.0376444
11 2725 0.331424 -0.0468283
10 2899 0.184536 -0.0587674
11 2899 0.250532 -0.0422364
11 2726 0.34059 -0.0376444
11 2542 0.0403988 -0.00435274
10 2900 -0.0478253 -0.0243277
11 2900 0.0222957 -0.00228639
11 151 0.330278 -0.0119295
10 2901 0.209285 -0.0188174
11 2901 0.279406 -0.00641915
11 2309 0.00277182 0.00653023
10 2902 0.196911 -0.0119295
11 2902 0.267032 0.000468791
10 2903 0.229909 -0.0119295
11 2903 0.30003 -0.000908798
11 1703 0.338298 0.00597914
10 2904 -0.0519501 -0.00504156
11 2904 0.0195458 0.0169998
10 2810 -0.0574497 -0.000908798
10 2674 0.183161 0.0225101
11 111 0.276656 0.0349084
11 1070 0.311029 0.0349084
10 163 0.236783 0.0238877
11 892 0.316529 0.0349084
10 2905 0.20516 0.0541946
11 2905 0.273906 0.0679705
11 659 0.0607934 0.140983
10 2906 -0.0327012 0.139605
11 2906 0.0635433 0.145115
11 1422 0.0607934 0.157514
10 2907 0.0264204 0.153381
11 2907 0.122665 0.156136
11 367 0.114415 0.167157
10 2908 0.0360449 0.164402
11 2908 0.129539 0.168534
10 2909 0.0580436 0.183688
11 2909 0.145809 0.190805
10 2910 0.0429195 0.193331
11 2910 0.135039 0.198841
10 126 0.0209207 0.194708
10 2911 0.0717928 0.194708
11 2911 0.161163 0.200219
11 894 0.151538 0.209862
10 2912 0.180962 -0.0777781
11 2912 0.245308 -0.059594
10 2913 0.218909 -0.0629002
11 2913 0.288205 -0.0496753
11 2432 -0.0120773 -0.0381036
10 2914 -0.0384758 -0.0513284
11 2914 0.0319201 -0.0284605
11 2325 0.324778 -0.0394812
11 1848 0.0159711 -0.0265319
10 524 -0.117671 -0.0463691
10 2915 -0.152319 -0.0430629
11 2915 -0.0811753 -0.0169438
10 2916 -0.0384758 -0.0331443
11 2916 0.0291703 -0.00917433
10 2917 -0.0896228 -0.0314912
11 2917 -0.018677 -0.0083477
10 2918 -0.0582747 -0.0215726
11 2918 0.0126713 0.0015709
10 2919 0.194161 -0.0199194
11 2919 0.265107 -0.00669463
11 1851 -0.0203269 0.0048771
10 2920 0.21561 -0.0166132
11 2920 0.286555 -0.0050415
10 2331 -0.0731238 -0.0100008
11 2733 0.00277182 0.0131426
10 2438 -0.0780735 -0.00669463
11 2558 0.256857 0.00983643
10 2921 -0.0417756 -0.0017353
11 2921 0.0291703 0.019755
11 1139 0.286555 0.0214082
10 2922 0.182611 0.0230612
11 2922 0.248278 0.0386004
10 199 0.237058 0.0445516
11 405 0.288205 0.0743074
10 2923 -0.0467253 0.143738
11 2923 0.0456693 0.152003
10 2924 0.0324701 0.153656
11 2924 0.128165 0.156963
11 2719 0.133114 0.165228
11 2565 0.151538 0.181621
10 2925 0.0588686 0.185065
11 2925 0.147963 0.191678
10 2926 0.0423695 0.194984
11 2926 0.133114 0.201596
10 477 -0.0401257 0.196637
10 2927 0.0423695 0.199943
11 2927 0.133444 0.205233
10 2928 0.0621684 0.20325
11 2928 0.151263 0.209862
10 2929 0.180962 -0.0764556
11 2929 0.246298 -0.058602
10 2930 -0.0388058 -0.0526509
11 2930 0.0304902 -0.0288462
10 2931 0.274016 -0.0506672
11 2931 0.341002 -0.0381036
10 2932 0.220559 -0.0486834
11 2932 0.287875 -0.0347974
10 2933 -0.0566247 -0.044716
11 2933 0.016631 -0.022895
10 2934 -0.163539 -0.0427322
11 2934 -0.0954305 -0.0145633
10 2935 -0.052665 -0.0407485
11 2935 0.0146511 -0.0169438
11 1858 0.342652 -0.0232256
10 296 0.262137 -0.0248788
11 2560 -0.00316783 -0.00107404
10 2936 -0.0586046 -0.0189276
11 2936 0.0126713 0.00289342
10 1879 -0.0883029 -0.0149601
10 2937 0.196801 -0.0149601
11 2937 0.266097 -0.00107404
11 2469 -0.0130672 0.012812
11 2315 0.00277185 0.012812
11 2602 0.0324701 0.0167795
11 2621 0.0067316 0.0187632
10 2938 0.186901 -0.00305777
11 2938 0.258177 0.00884456
11 2748 0.305694 0.0544702
10 2939 0.220559 0.0445516
11 2939 0.289855 0.056454
11 1670 0.0542489 0.135803
11 176 0.0502891 0.147705
10 2940 -0.0209868 0.151673
11 2940 0.0720678 0.157624
11 306 0.121565 0.153656
10 2941 0.0542489 0.15564
11 2941 0.143014 0.161922
10 2942 0.0265305 0.163575
11 2942 0.121565 0.167543
10 2943 0.0502891 0.163575
11 2943 0.143344 0.167543
10 2944 0.0582086 0.185396
11 2944 0.147303 0.191347
10 2945 -0.0190069 0.189363
11 2945 0.0720678 0.196637
10 1187 -0.0388058 0.195315
10 2946 0.182546 -0.0812164
11 2946 0.246298 -0.0625695
10 2947 -0.0906787 -0.0693141
11 2947 -0.0194029 -0.0455094
10 2948 -0.0978063 -0.0574118
11 2948 -0.0269264 -0.0328136
10 2949 -0.0384098 -0.0526508
11 2949 0.0304903 -0.0288461
11 518 0.310842 -0.038368
10 260 0.275204 -0.0502703
10 710 -0.116813 -0.0455094
11 859 0.291835 -0.0288461
10 2574 -0.0574166 -0.038368
10 2950 -0.0645442 -0.0312266
11 2950 0.00673163 -0.00980237
10 2573 -0.0265304 -0.0288461
11 2760 0.34648 -0.00980237
10 2572 -0.069296 -0.0193243
10 2254 -0.0883029 -0.0169438
10 2951 0.196801 -0.0145633
11 2951 0.268077 -0.00266096
11 2763 0.270452 0.00448046
10 2952 0.265701 -0.00742194
11 2952 0.332225 0.00448046
10 1303 0.154035 0.00686089
10 236 0.218183 0.0163828
10 545 0.20868 0.0235242
10 2953 0.234815 0.0235242
11 2953 0.303715 0.0354265
10 2824 0.227687 0.0354265
10 2825 0.232439 0.0401875
10 2826 0.239566 0.0401875
10 2954 0.20868 0.0568508
11 2954 0.27758 0.0687531
11 2140 0.287083 0.0711336
10 2955 0.0613765 0.0758945
11 2955 0.156411 0.078275
10 246 -0.0431615 0.142548
10 306 0.0233627 0.15207
11 1427 0.135028 0.163972
11 309 0.127901 0.168733
10 2956 -0.0455373 0.190157
11 2956 0.052269 0.195315
10 2957 0.0423696 0.192538
11 2957 0.135028 0.197298
10 2958 0.0281144 0.197298
11 2958 0.120773 0.202059
10 2959 0.0637524 0.20682
11 2959 0.151659 0.213962
10 2960 -0.0574166 0.233006
11 2960 0.0364299 0.24094
10 920 0.185872 -0.0716946
10 2961 0.279956 -0.0716946
11 2961 0.344104 -0.0574118
10 2962 0.265701 -0.0631249
11 2962 0.331275 -0.0488421
11 2770 -0.0365091 -0.023133
10 2963 -0.153402 -0.0431289
11 2963 -0.080415 -0.0174198
10 2822 -0.0821256 -0.0431289
10 2964 -0.0422111 -0.0317027
11 2964 0.0262137 -0.00885015
11 2252 -0.0194028 -0.00599361
10 2965 0.251446 -0.023133
11 2965 0.317019 -0.00885015
11 1415 0.00910752 0.00257608
10 2966 0.279956 -0.0202764
11 2966 0.348381 -0.00885015
10 2967 0.191574 -0.0174199
11 2967 0.259999 -0.00313707
11 2623 -0.0165518 0.00828922
11 2622 0.285658 -0.000280466
10 2968 -0.0707215 -0.00885015
11 2968 0.000554417 0.0140024
10 2567 -0.0422111 -0.00313707
10 2969 -0.027956 -0.000280466
11 2969 0.0404689 0.022572
11 884 0.336977 0.0140024
11 1866 0.305615 0.0311417
10 1885 0.245743 0.0282851
10 2970 0.197276 0.0397114
11 2970 0.265701 0.0539942
10 2971 0.202978 0.0482811
11 2971 0.271403 0.0625639
10 2972 0.23719 0.0511377
11 2972 0.305615 0.0625639
10 2973 0.220084 0.0597074
11 2973 0.285658 0.0739901
10 2974 0.0176606 0.116839
11 2974 0.114596 0.119695
10 2975 0.0433199 0.159687
11 2975 0.134553 0.1654
11 1627 0.126 0.171113
10 2976 0.0319158 0.191109
11 2976 0.123149 0.196822
10 2977 -0.0621684 0.231101
11 2977 0.0328662 0.237766
10 2978 0.183021 -0.068838
11 2978 0.248024 -0.0516986
11 2612 -0.0154114 -0.041415
10 2979 0.275394 -0.0619822
11 2979 0.340398 -0.0482707
10 1832 -0.138576 -0.0585543
10 2980 -0.145419 -0.0482707
11 2980 -0.0735725 -0.0242756
11 2788 0.343819 -0.0242756
10 2981 0.282237 -0.0242756
11 2981 0.34724 -0.0105641
10 2982 -0.100942 -0.0208477
11 2982 -0.0290963 0.00314742
10 2983 0.155651 0.0065753
11 2983 0.220654 0.0237147
10 2984 0.224076 0.0202868
11 2984 0.292501 0.0339983
11 2792 0.282237 0.0717049
10 2985 0.059856 0.184825
11 2985 0.148808 0.191681
10 2986 0.0666984 0.198536
11 2986 0.159072 0.201964
10 2987 0.059856 0.20882
11 2987 0.148808 0.215676
12 759 0.0617864 0.019755
12 2872 0.0684701 0.0187983
10 2835 0.209781 -0.0185113
12 2659 0.063696 0.0216683
12 91 0.343454 -0.0242513
12 2358 0.0732441 0.0369748
10 2988 0.223149 0.019755
12 2988 0.341545 0.00731843
12 364 0.228877 0.122117
10 2989 -0.000275968 0.197693
12 2989 0.199278 0.18143
10 2990 -0.0867814 -0.00894474
12 2990 0.0493739 0.0331482
12 1460 0.34861 -0.0100927
10 2991 0.231742 0.00597914
12 2991 0.349183 -0.00798808
12 2695 0.349756 0.00597914
12 2889 0.346319 0.00712714
10 1954 0.218909 -0.0615226
12 2724 0.368088 -0.0709361
12 2899 0.312954 -0.0695126
12 1850 0.0442944 0.0252653
12 2903 0.347464 -0.0250166
12 2037 0.073626 0.0369748
12 1068 0.346777 -0.00917433
12 1021 0.330278 0.0101119
12 163 0.356401 0.00873432
12 2011 0.363505 0.0105711
10 2992 0.228534 0.0555722
12 2992 0.349527 0.0417964
12 659 0.172712 0.118941
10 2993 0.0704179 0.190576
12 2993 0.262678 0.164402
12 2911 0.264969 0.167846
12 894 0.25924 0.175881
12 2091 0.352277 -0.0587674
10 1053 0.20571 -0.0314912
10 2994 -0.0731238 -0.0215726
12 2994 0.0601885 0.0187632
12 1851 0.0440194 0.0247144
12 2735 0.377025 -0.0215726
10 2995 -0.0368259 -0.0050415
12 2995 0.0918666 0.0313268
12 2558 0.309654 -0.0100008
12 1424 0.347602 -0.0083477
12 2715 0.342652 0.0313268
10 2996 0.0192709 0.115635
12 2996 0.223859 0.0891854
10 2997 0.0258705 0.193331
12 2997 0.232109 0.166881
12 2928 0.258782 0.175422
12 2931 0.37565 -0.0629002
12 188 0.334403 -0.0496753
12 2936 0.0753676 0.0181019
12 2745 0.37565 -0.0215726
12 2602 0.0918667 0.0306656
12 2621 0.0720678 0.034633
12 2746 0.325493 0.00686083
10 2998 -0.0586046 0.233005
12 2998 0.159513 0.218127
12 2610 0.359151 -0.0546346
10 1297 0.206304 -0.0288461
10 539 0.232439 -0.0264657
12 297 0.37499 -0.0387648
12 2951 0.315594 -0.0209113
10 2999 0.218183 0.00686089
12 2999 0.336977 -0.00504145
12 1483 0.294211 0.0254286
12 2826 0.357171 0.0247144
12 1762 0.321533 0.0405842
12 904 0.03445 -0.00702524
12 2782 0.376891 -0.0631249
12 1865 0.0119586 0.00543267
10 3000 0.279956 -0.0345593
12 3000 0.382118 -0.0478899
10 431 0.234339 -0.0259896
12 2965 0.360735 -0.0359875
12 2772 0.367863 -0.038368
10 3001 0.197276 -0.0145633
12 3001 0.315594 -0.0217047
10 3002 0.265701 -0.00599361
12 3002 0.37499 -0.0217047
12 1866 0.351232 0.00448046
12 2975 0.240041 0.133978
12 2786 0.358359 -0.0550313
10 3003 -0.06673 -0.0379871
12 3003 0.0689793 -0.000280466
10 3004 0.258288 -0.0242756
12 3004 0.362636 -0.0345593
12 2789 0.37461 -0.0379871
10 3005 0.265131 -0.00713623
12 3005 0.371189 -0.0202764
10 3006 0.237761 0.0374261
12 3006 0.356934 0.022572
12 2985 0.251446 0.16083
12 2986 0.26285 0.171113
10 3007 -0.0701513 0.219104
12 3007 0.148808 0.205392
10 910 -0.131084 -0.0481677
10 584 -0.0948018 -0.0252079
10 3008 -0.0623384 -0.0223379
13 3008 -0.0279653 -0.0108581
13 2874 -0.0155529 -0.00224814
13 977 0.288075 -0.0261646
13 2557 -0.0203269 0.0101884
13 2671 0.25122 -0.0135367
13 887 0.256567 0.00731843
13 2682 0.0759176 0.099655
10 1907 0.0379163 0.163254
13 2880 0.122894 0.147947
13 2882 0.122894 0.16134
10 3009 -0.150944 -0.0433844
13 3009 -0.114041 -0.0169438
10 3010 -0.0821983 -0.0376444
13 3010 -0.0478253 -0.0257053
13 2709 -0.0231913 -0.0108581
13 2657 -0.0317845 -0.00664874
13 628 0.248928 -0.0376444
13 1704 -0.0375134 -0.000334827
13 2662 -0.0157438 -0.0020568
13 2887 -0.0214726 0.00942309
13 2889 0.250838 -0.0032048
10 3011 0.0656056 0.178177
13 3011 0.11621 0.13838
13 2896 0.0209207 0.15407
10 3012 0.0621684 0.203433
13 3012 0.116019 0.15981
13 2247 -0.00382782 0.00597914
13 1068 0.250258 -0.0199194
10 3013 0.194161 0.00735673
13 3013 0.217534 -0.0105519
10 1254 0.20791 0.019755
13 486 0.220284 0.0252653
13 2905 0.231742 0.0381228
13 2907 0.0786674 0.100757
13 2908 0.0882918 0.114808
13 2721 0.11304 0.139605
13 2993 0.122665 0.147871
13 686 0.0192709 0.155309
13 894 0.11579 0.158891
13 2123 0.20076 -0.0784393
13 1053 0.224409 -0.0546346
10 605 -0.149019 -0.0215726
13 2919 0.21561 -0.0397567
13 2595 -0.0104274 0.00322397
10 402 0.20736 0.0247144
13 2737 0.251907 0.0131426
13 2715 0.246958 0.0230612
10 171 0.20406 0.0495109
10 435 0.0473192 0.135472
10 943 -0.00217789 0.196637
13 2740 0.0143212 0.168534
13 1367 -0.0811753 -0.0288461
13 1858 0.288205 -0.059594
13 2937 0.218579 -0.0347974
13 881 0.226499 -0.0367811
13 2621 -0.0289063 0.00884456
10 3014 0.194821 0.00884456
13 3014 0.218579 -0.00900897
10 675 0.232439 0.0425679
13 548 0.0209868 0.0877968
13 256 -0.00382782 0.188372
13 2950 -0.0289063 -0.0217047
13 561 0.265701 0.00448046
13 2955 0.105726 0.0187632
10 1182 -0.0194029 0.15207
13 309 0.087511 0.113982
13 1187 0.018611 0.15445
13 904 -0.0621684 -0.038368
13 292 0.194425 -0.0631249
13 2326 -0.033658 -0.0288461
10 2183 -0.0621684 -0.00313707
13 2776 0.257148 -0.0145633
10 545 0.205829 0.0168589
13 2970 0.222935 0.0254286
10 1812 0.0632772 0.0825599
10 3015 -0.033658 0.136835
13 3015 0.0222223 0.0888443
13 1181 0.0119586 0.105412
13 2975 0.0946386 0.111125
10 3016 -0.0536153 0.231101
13 3016 0.00910752 0.191109
13 2522 -0.0906787 -0.0277035
10 3017 -0.0427813 -0.041415
13 3017 -0.0119901 -0.0242756
10 443 0.227497 0.0065753
10 2340 0.237761 0.0065753
10 1470 0.210391 0.0237147
10 2855 0.0427498 0.157402
10 3018 -0.0633088 0.229387
13 3018 -0.00172639 0.195108
14 584 -0.0317846 0.0111451
14 759 -0.0107788 0.0121017
14 2874 0.0111817 0.016885
10 3019 0.232697 0.00827509
14 3019 0.274708 -0.00224814
10 1922 0.208827 0.0264516
14 2876 0.273753 0.047498
10 3020 0.0407807 0.191953
14 3020 0.138171 0.16708
10 3021 0.0417355 0.196737
14 3021 0.139126 0.17282
14 2688 -0.0249099 -0.0181286
14 79 0.00545287 -0.0175547
14 2583 -0.0289201 0.0111451
14 2709 0.00449806 0.00827509
14 2355 -0.00886919 0.015163
14 2671 0.274135 -0.0020568
10 357 0.208827 0.020903
14 2617 0.288075 0.0312349
14 588 0.286166 0.0331482
14 891 0.163951 0.166123
10 3022 0.0530022 0.191953
14 3022 0.146764 0.170907
10 3023 0.0403988 0.193101
14 3023 0.137789 0.167846
14 136 0.16185 0.183917
14 2900 0.0121365 0.00636177
10 3024 -0.0588246 -0.0215726
14 3024 0.00373423 0.00827509
14 2904 0.0106088 0.024347
14 2037 -0.000848828 0.0300869
14 2108 0.285593 0.0323829
14 894 0.157267 0.178177
10 3025 0.069043 0.204352
14 3025 0.163912 0.179555
14 2728 -0.0285764 0.0114895
14 192 0.29178 -0.0339709
14 605 -0.0846731 0.0214082
14 2731 -0.0252766 0.019755
14 2595 0.0159711 0.0230612
10 3026 0.194161 0.0081833
14 3026 0.238708 0.00322397
14 634 0.263457 0.0081833
14 2737 0.273356 0.0247144
10 1930 0.232109 0.0395923
14 435 0.143014 0.104063
14 2928 0.157038 0.178177
10 3027 0.0654682 0.209862
14 3027 0.161163 0.183412
14 2934 -0.104142 0.00884456
10 3028 0.232439 -0.0248788
14 3028 0.273356 -0.0364505
14 2744 -0.0289063 0.0167795
14 2474 0.256197 -0.0209113
14 2745 0.301735 -0.0169438
10 3029 0.232439 -0.00107404
14 3029 0.274016 -0.0109926
14 398 0.270056 -0.0050415
14 2452 0.274016 0.0465353
14 1670 0.0601885 0.111998
14 2750 0.149283 0.106047
10 3030 0.0205908 0.161591
14 3030 0.119585 0.135803
14 1187 0.0654682 0.178453
10 2176 0.068108 0.201266
14 425 0.159183 0.183412
14 2998 0.052269 0.216474
14 2948 -0.0368259 -0.0189276
14 2077 -0.0645442 -0.0121829
10 3031 -0.152451 -0.0431289
14 3031 -0.0906787 0.00314742
14 1297 0.248278 -0.0347974
14 430 0.285896 -0.0387648
14 297 0.301735 -0.0347974
10 3032 0.192049 -0.0193243
14 3032 0.236398 -0.0248788
14 2951 0.241942 -0.0217047
14 2469 -0.0209868 0.0247144
10 2851 0.187297 -0.00266096
14 2999 0.260949 -0.000280524
14 2824 0.272828 0.0235242
10 1649 0.0494972 0.140167
14 1182 0.0799874 0.133819
10 3033 0.0542489 0.15445
14 3033 0.146908 0.128265
10 3034 0.018611 0.161591
14 3034 0.118397 0.135406
14 2957 0.13978 0.166352
10 3035 0.0447455 0.197298
14 3035 0.13978 0.175874
10 3036 -0.0621684 0.230625
14 3036 0.0483092 0.213168
14 2962 0.294211 -0.0693141
14 1560 0.275204 -0.0574118
10 3037 0.222935 -0.0402723
14 3037 0.260949 -0.0478899
14 2964 0.0138592 0.00209997
10 2608 -0.027956 -0.0259896
14 431 0.272828 -0.0359875
14 2965 0.285658 -0.0317027
10 3038 -0.0678704 -0.0174199
14 3038 -0.00514767 0.0140024
14 2967 0.234339 -0.0202764
14 2969 0.0290648 0.0311417
14 2775 0.271403 -0.00313707
14 2776 0.27758 -0.00266096
10 3039 0.194425 0.0111458
14 3039 0.240041 0.00543267
10 3040 0.254297 0.0168589
14 3040 0.291835 0.00686089
14 2970 0.242892 0.0368549
10 3041 0.0518731 0.179683
14 3041 0.145957 0.15683
14 2751 0.157361 0.185396
14 2980 -0.080415 -0.00713623
14 3003 -0.00514764 -0.00713623
14 3005 0.299913 -0.0174199
10 3042 0.271973 -0.000280466
14 3042 0.305615 -0.0117067
10 3043 0.261709 0.00314742
14 3043 0.297062 -0.00599361
10 3044 0.217233 0.0065753
14 3044 0.261709 -0.00370835
14 2984 0.268552 0.0100032
10 2833 0.237761 0.0202868
14 1470 0.254867 0.0168589
14 835 0.278816 0.040854
14 3018 0.0495922 0.20882
12 910 0.00927209 -0.00129148
11 25 -0.0546999 -0.0213813
11 3045 -0.0508807 -0.0204246
12 3045 0.0150009 0.00444846
11 2659 0.000678838 0.0034918
11 2991 0.302398 0.0159283
11 3046 0.295714 0.0226249
12 3046 0.344409 -0.00224814
11 3047 0.322448 0.0264516
12 3047 0.36446 0.00062183
12 1377 0.181328 0.135702
11 3048 0.319584 0.0369748
12 3048 0.36446 0.0101884
12 1025 0.36255 0.0130584
12 2801 0.354912 0.0293215
12 588 0.361595 0.0274082
12 365 0.227923 0.125944
11 3049 0.132442 0.199606
12 3049 0.238426 0.168993
11 2989 0.0904306 0.205346
11 3050 0.159177 0.20726
12 3050 0.262678 0.173585
11 3051 0.204243 -0.531279
12 3051 0.154403 -0.470053
11 3052 0.254657 -0.527835
12 3052 0.198515 -0.471584
11 3053 -0.111988 -0.525539
12 3053 -0.12822 -0.43657
11 1805 -0.276979 -0.23969
12 203 0.292849 -0.0644308
12 2869 0.377827 -0.0692141
12 2726 0.375918 -0.0625175
12 73 0.331424 -0.0479763
12 603 0.0106088 -0.000908798
11 1268 0.266115 -0.00779674
11 3054 0.00831731 -0.00664874
12 3054 0.0713345 0.00923174
11 3055 0.00831731 0.000239202
12 3055 0.0713345 0.0159283
12 1703 0.379737 -0.0213813
12 1691 0.0598768 0.0300869
11 3056 0.0335242 0.017459
12 3056 0.0952046 0.0302782
12 112 0.360641 0.0101884
12 2547 0.353193 0.0117191
12 2570 0.357776 0.0346789
11 362 0.297051 0.0691185
11 3057 0.0564395 0.137998
12 3057 0.166112 0.117288
11 3058 0.0518564 0.147182
12 3058 0.160704 0.128814
12 1802 0.262296 0.165167
11 3059 0.13206 0.199989
12 3059 0.238616 0.168994
11 894 0.154976 0.209173
11 3060 -0.017577 -0.550566
12 3060 -0.0455338 -0.466992
11 3061 -0.112447 -0.525769
12 3061 -0.128946 -0.436226
12 2548 -0.0217018 -0.197904
11 3062 0.330278 -0.0477467
12 3062 0.367324 -0.0701708
11 3063 0.275281 -0.043614
12 3063 0.319966 -0.0617522
12 182 0.376109 -0.0629002
12 1574 0.355485 -0.0491243
11 376 0.016796 -0.0229502
11 3064 -0.0794485 -0.0146847
12 3064 -0.0153771 0.0147957
11 3065 0.00854646 -0.00779674
12 3065 0.0720678 0.0081833
12 1990 0.0953956 0.0117191
12 2900 0.0827921 0.0130584
12 1702 0.0438361 0.019755
11 2735 0.337152 0.00460156
11 3066 0.0209207 0.0101119
12 3066 0.0841671 0.0238877
12 2247 0.0953956 0.0300869
11 3067 0.29178 0.0321533
12 3067 0.341277 0.00735673
12 635 0.326153 0.0156223
12 2674 0.294805 0.0247144
11 114 0.298655 0.0514395
11 3068 0.313779 0.0514395
12 3068 0.361901 0.0238877
12 919 0.355026 0.0293981
12 788 0.341736 0.0484547
11 3069 0.051169 0.14236
12 3069 0.159513 0.123901
12 2906 0.174912 0.123074
12 2907 0.228809 0.125554
12 1422 0.169412 0.13685
11 3070 0.108916 0.185065
12 3070 0.217259 0.156963
11 3071 0.12129 0.198841
12 3071 0.232659 0.165779
11 3072 0.344302 -0.0562878
12 3072 0.37565 -0.0777781
11 3073 0.331103 -0.0480222
12 3073 0.367401 -0.0711657
11 2256 0.250258 -0.0414098
11 505 -0.0549749 -0.0265319
11 3074 -0.0797234 -0.0149602
12 3074 -0.0150471 0.0147958
12 2100 0.3839 -0.0353484
12 377 0.327803 -0.028185
11 3075 -0.0104274 -0.0050415
12 3075 0.052269 0.0147957
12 2920 0.333028 -0.0270829
11 1722 -0.00217789 0.0015709
11 2314 -0.0137272 0.0147957
12 2438 0.0572187 0.0329798
11 3076 0.278306 0.0280206
12 3076 0.327803 0.00653023
12 1430 0.336053 0.00653023
11 533 0.296455 0.0693481
11 678 0.284906 0.0743074
12 1883 0.179312 0.125554
11 2997 0.121565 0.19829
12 2926 0.240908 0.169912
11 3077 0.161163 0.201596
12 3077 0.262907 0.168534
12 2928 0.256857 0.1768
12 2946 0.281936 -0.0705044
11 3078 0.331433 -0.0486834
12 3078 0.367401 -0.0711656
12 2815 0.0463293 -0.0169438
11 2931 0.341332 -0.0387648
12 518 0.352552 -0.0579408
11 3079 0.345292 -0.00900897
12 3079 0.3839 -0.0364505
12 2573 0.0951665 0.0114895
12 1311 0.331433 -0.022895
11 541 0.287875 0.0187632
11 3080 0.319554 0.0266981
12 3080 0.362451 0.0015709
11 2746 0.275996 0.0286818
12 278 0.359151 0.0131426
11 435 0.141364 0.137787
11 3081 0.111666 0.191347
12 3081 0.222539 0.161591
11 3082 0.0324701 0.238957
12 3082 0.156213 0.216474
11 3083 0.0257386 -0.0336071
12 3083 0.0827593 -0.0169438
11 1096 -0.0360339 -0.0240852
11 1545 0.279956 -0.0217047
12 2934 -0.033658 0.0187633
11 229 0.263325 -0.0145633
11 431 0.303715 -0.0145633
11 3084 0.353608 -0.0145633
12 3084 0.38885 -0.0407485
11 3085 0.0257386 -0.00980237
12 3085 0.0799874 0.00884456
11 3086 0.00197992 0.00448046
12 3086 0.0661282 0.0207469
11 3087 0.00435578 0.0116219
12 3087 0.068108 0.0286818
11 2842 0.298963 0.0163828
11 3088 0.31797 0.033046
12 3088 0.363111 0.00686083
11 3089 0.313218 0.0401875
12 3089 0.359151 0.0147958
12 2824 0.34648 0.0211437
12 698 0.313218 0.033046
12 2140 0.336977 0.0473289
11 1810 0.137404 0.0806554
11 3090 0.0993903 0.111602
12 3090 0.206304 0.0854164
12 309 0.234418 0.137787
11 3091 0.158787 0.20682
12 3091 0.262137 0.173494
11 3092 0.151659 0.209201
12 3092 0.256197 0.175477
12 2977 0.155223 0.215152
11 3093 0.0376179 0.240147
12 3093 0.159183 0.217136
12 1625 0.372615 -0.078836
11 3094 0.0262137 -0.0317027
12 3094 0.0832345 -0.0145633
11 3095 0.0148096 -0.0145633
12 3095 0.07088 0.00448046
11 3096 0.111745 0.159687
12 3096 0.222935 0.128265
12 1627 0.234339 0.139691
11 3097 0.157361 0.205392
12 3097 0.260949 0.171113
12 2830 0.16829 0.213962
11 3098 0.248024 -0.0654101
12 3098 0.282237 -0.0722659
11 3099 0.31987 -0.0311314
12 3099 0.359785 -0.0545552
11 2077 -0.0564663 -0.0277035
11 2576 -0.0393601 -0.0242756
11 3003 0.00511609 -0.0174198
12 1415 0.0838047 0.0065753
11 3100 0.268552 -0.00370835
12 3100 0.317019 -0.023133
11 3101 0.326713 0.0065753
12 3101 0.371189 -0.0208477
11 3102 0.285658 0.0168589
12 3102 0.336977 -0.00713623
11 3103 0.295922 0.0168589
12 3103 0.343819 -0.00713623
11 3104 0.31987 0.0271426
12 3104 0.360925 0.00314742
11 3105 0.141966 0.14369
12 3105 0.248024 0.109412
12 1393 0.241182 0.119695
12 2987 0.254867 0.181397
11 3106 -0.0174625 -0.556153
13 3106 -0.073796 -0.506406
13 909 -0.069022 -0.481533
11 3107 -0.256164 -0.529366
13 3107 -0.298748 -0.47388
11 3108 -0.250435 -0.529366
13 3108 -0.292447 -0.474837
11 3109 0.321494 -0.272025
13 3109 0.268406 -0.246578
11 1896 -0.0165077 -0.254806
11 3110 -0.263802 -0.240456
13 3110 -0.295311 -0.195493
13 427 -0.0558457 -0.0583082
11 3111 0.024549 -0.0366878
13 3111 -0.0155529 -0.0481677
11 3112 0.279482 -0.00703143
13 3112 0.229832 -0.0414711
11 3113 0.00354326 0.0101884
13 3113 -0.0317846 -0.000334827
13 2330 0.285211 -0.0204246
11 1951 0.0331422 0.0178417
13 1871 0.231742 0.0379315
11 1814 0.151538 0.18143
11 2882 0.159177 0.211086
11 909 -0.0134523 -0.530131
11 3114 -0.320518 -0.528983
13 3114 -0.359283 -0.471967
13 2344 -0.0566248 -0.0579408
11 3115 0.275281 -0.0445323
13 3115 0.221239 -0.0787807
11 2709 0.0140462 -0.000908798
13 3055 -0.0283473 -0.0100927
13 870 -0.0558457 -0.0020568
11 2874 0.0209207 0.00942309
13 112 0.269552 0.0013872
13 2547 0.25924 0.00253514
13 2677 0.272989 0.00253514
11 3116 0.15383 0.185065
13 3116 0.116019 0.137998
11 3117 0.112582 0.190805
13 3117 0.0747718 0.139146
13 2896 0.0195458 0.154758
11 3012 0.152684 0.209173
11 3118 -0.0134523 -0.529902
13 3118 -0.0684491 -0.480309
11 3119 -0.321434 -0.528524
13 3119 -0.359932 -0.472043
13 1055 0.265657 -0.0532571
13 3064 -0.113821 -0.0160623
13 3065 -0.0285764 -0.0199194
13 2809 0.296455 -0.0397567
11 758 0.260157 0.00735673
13 3066 -0.0162021 -0.00228639
13 2674 0.20791 0.0156223
11 486 0.261532 0.052817
11 3120 0.305529 0.0624601
13 3120 0.262907 0.0307757
11 2718 0.28903 0.0748584
11 3121 0.0676681 0.147871
13 3121 0.0275204 0.0974509
11 3122 0.159788 0.197464
13 3122 0.12404 0.150626
11 131 0.0882918 0.204352
13 505 -0.0922627 -0.0347974
11 3123 -0.0945726 -0.0149602
13 3123 -0.127571 -0.013307
13 3074 -0.114371 -0.0166132
11 231 0.336053 -0.013307
11 3124 0.0407196 -0.00338843
13 3124 0.00488001 -0.0100927
11 2313 0.00277182 0.00322397
13 2438 -0.0434255 0.0048771
11 3125 0.0209208 0.0164488
13 3125 -0.0153771 0.0048771
11 3126 0.322853 0.0280206
13 3126 0.273906 -0.00779674
11 208 0.311304 0.034633
11 3127 0.246958 0.0379392
13 3127 0.20571 0.0164488
11 1482 0.291505 0.0428985
11 1149 0.0605185 0.140432
13 2924 0.085927 0.0981121
11 3128 0.128165 0.168534
13 3128 0.0885668 0.113982
11 663 0.0885668 0.204903
11 1289 0.157863 0.211515
11 3129 -0.321929 -0.528745
13 3129 -0.361527 -0.4732
11 859 0.289855 -0.0288462
13 1545 0.228479 -0.0566183
11 540 0.264117 -0.00702524
13 2560 -0.0388058 -0.00900897
13 2315 -0.0328661 0.00289342
13 2602 -0.00382782 0.00653023
13 2624 -0.0249466 0.00884456
11 2850 0.0285103 0.0187632
11 675 0.301735 0.0524865
11 2452 0.295795 0.0683563
13 1881 0.234418 0.0386004
13 2942 0.0819672 0.113982
11 3130 0.127505 0.167543
13 3130 0.0879069 0.113982
11 3131 0.151263 0.181429
13 3131 0.113645 0.133819
11 2579 0.135424 0.199282
11 3132 -0.0122753 -0.0312266
13 3132 -0.0502891 -0.0407485
13 2756 0.285896 -0.066537
13 2574 -0.0241546 -0.0288461
13 1743 0.234815 -0.0359875
11 2759 -0.0787994 0.00209997
13 3086 -0.033658 -0.00504145
11 3133 0.303715 0.00924138
13 3133 0.253821 -0.0264657
11 3134 0.263325 0.0211437
13 3134 0.218183 -0.00742194
11 1370 0.320346 0.0282851
13 698 0.220559 0.0235242
11 1917 0.0613765 0.140167
11 3135 0.11127 0.15683
13 3135 0.07088 0.10208
11 1187 0.0542489 0.202059
11 3136 0.130277 0.20682
13 3136 0.0946386 0.159687
13 2786 0.265701 -0.068838
11 566 -0.0564663 -0.0259896
11 3137 -0.0963808 -0.0145633
13 3137 -0.130593 -0.0145633
13 2965 0.265701 -0.0459855
11 3138 0.268552 -0.00313707
13 3138 0.220084 -0.0374158
13 2968 -0.0360339 0.00209997
13 692 0.248595 -0.0174199
13 2777 0.248595 0.00257608
13 2778 0.251446 0.0140024
11 3139 0.0518731 0.133978
13 3139 0.0119586 0.0825599
11 3015 0.0632772 0.142548
13 855 0.0290648 0.0957001
13 3096 0.0701197 0.102556
11 3140 0.134553 0.176826
13 3140 0.0946386 0.122552
13 1116 0.0062565 0.139691
11 3141 0.0518731 0.196822
13 3141 0.0162351 0.147309
11 3142 0.134553 0.199679
13 3142 0.0974897 0.148261
13 3099 0.265131 -0.068838
11 3143 -0.00856889 -0.0277035
13 3143 -0.0462026 -0.0379871
13 1345 0.241182 -0.0585543
13 2630 -0.0256751 -0.0277035
11 3144 0.316449 -0.0105641
13 3144 0.265131 -0.0482707
11 1595 0.299343 -0.00370835
11 1470 0.278816 0.0339983
11 1820 0.138545 0.0819885
13 923 0.0359073 0.119695
11 3145 0.0427498 0.191681
13 3145 0.00511609 0.140262
11 743 0.121438 0.201964
14 2705 0.304307 -0.0596476
14 3111 0.0106088 -0.0273125
11 1356 0.0111817 -0.0232946
14 3045 -0.0585191 -0.00703143
11 3146 -0.0107788 -0.0146847
14 3146 -0.0203269 -0.00416145
11 1602 0.266115 -0.00798808
14 1672 0.258095 -0.0238686
14 91 0.268024 -0.0213813
14 2794 -0.00886922 0.016885
14 2330 0.305262 -0.00894474
14 2804 0.0102269 0.0235816
14 1951 0.0235942 0.0245383
11 3147 0.262296 0.0187983
14 3147 0.238426 0.00157849
14 3047 0.293804 0.0034918
14 979 0.272799 0.0101884
14 2679 0.268979 0.0350615
11 3148 0.0627412 0.15847
14 3148 0.0694249 0.134554
11 3149 0.0474643 0.162297
14 3149 0.0551028 0.139337
11 1907 0.130532 0.16708
11 3150 0.109527 0.185257
14 3150 0.116019 0.156366
11 3151 0.162996 0.199606
14 3151 0.16586 0.168993
11 3021 0.132442 0.203433
14 3050 0.163951 0.17569
14 2323 -0.0244516 -0.0243277
14 88 0.0014427 -0.00664874
14 1935 -0.0283473 0.0117191
14 3055 -0.00199461 0.00942309
11 3152 -0.0776152 0.0013872
14 3152 -0.0842989 0.019755
14 2657 -0.00428614 0.0128671
14 2887 0.00602576 0.0289389
14 2547 0.279864 0.015163
14 1025 0.290176 0.017459
11 170 0.261532 0.0530467
11 3153 0.313091 0.0541946
14 3153 0.287885 0.0312349
11 3154 0.291322 0.0576386
14 3154 0.269552 0.0358269
11 3155 0.302779 0.0668225
14 3155 0.279406 0.0459291
14 2878 0.0552937 0.139146
11 3156 0.129769 0.167846
14 3156 0.133206 0.13685
14 3116 0.156312 0.157514
11 66 0.150392 0.187361
14 1802 0.163912 0.165779
11 3022 0.142372 0.199989
14 2896 0.0656056 0.178177
14 2897 0.164142 0.175881
14 3063 0.245033 -0.0615226
11 3157 0.345402 -0.0422364
14 3157 0.308508 -0.0629002
14 372 0.260386 -0.0468283
14 376 0.00488001 -0.0146847
14 2884 -0.0244516 -0.00366397
14 2729 0.304154 -0.0353484
14 3065 -0.00245289 0.00184638
14 2807 -0.0340761 0.0101119
14 2900 0.0117546 0.00597914
14 3066 0.0112963 0.0169998
14 2712 0.00854646 0.0266429
11 3158 0.261532 0.019755
14 3158 0.238158 0.00184638
11 3159 0.00579661 0.0252653
14 3159 -0.00245289 0.0335309
14 803 0.273906 0.0252653
14 2715 0.268406 0.0349084
11 3160 0.0470442 0.13685
14 3160 0.052269 0.113982
14 245 0.143289 0.103788
11 3161 0.051169 0.147871
14 3161 0.0566687 0.127207
14 807 0.122665 0.124452
11 3162 0.0374198 0.175422
14 3162 0.0440194 0.160269
11 3163 0.151538 0.180933
14 3163 0.153448 0.153687
11 3164 0.150163 0.187821
14 3164 0.152913 0.158891
11 3165 0.146039 0.191953
14 3165 0.150163 0.163024
11 3166 0.163912 0.196086
14 3166 0.166662 0.165779
14 3071 0.128165 0.165779
14 2911 0.165287 0.169912
14 2176 0.164142 0.179325
14 1873 0.161163 0.183688
14 3073 0.29453 -0.0684105
11 3167 0.0225707 -0.0397567
14 3167 0.0087115 -0.0288462
14 2332 -0.0236267 -0.0199194
14 1848 0.00442169 -0.0174399
14 1858 0.308004 -0.044716
14 3123 -0.102822 0.0081833
14 1423 0.000296922 -0.00366397
14 377 0.251907 -0.0265319
14 2309 -0.00712762 0.0164488
11 3168 0.337702 0.0114895
14 3168 0.306354 -0.011654
14 2438 -0.0153771 0.0247144
14 2921 0.0192709 0.0247144
11 2737 0.296455 0.0478578
11 3169 0.308004 0.0495109
14 3169 0.283256 0.0263674
14 872 0.284906 0.0313268
14 2941 0.146314 0.12886
14 2719 0.136414 0.133819
11 3170 0.0357699 0.170187
14 3170 0.0423695 0.153656
14 2928 0.156213 0.178453
11 256 0.0291703 0.237965
14 3078 0.294805 -0.0678594
14 1425 -0.0308862 -0.0328136
14 2931 0.304704 -0.059594
11 2745 0.333413 0.0048771
14 2315 -0.0051477 0.0227306
14 2850 0.0186109 0.0247144
11 3171 0.262137 0.0207469
14 3171 0.238378 0.00289342
14 276 0.272036 0.0147958
14 421 0.260157 0.0524865
11 2840 0.283916 0.0743075
11 3172 0.0582086 0.15564
14 3172 0.0641483 0.131835
11 3173 0.0423695 0.163575
14 3173 0.0483092 0.145722
11 3174 0.113645 0.167543
14 3174 0.117605 0.13977
14 2942 0.125525 0.137787
14 3130 0.131464 0.137787
14 2943 0.145324 0.13977
14 3131 0.152913 0.153656
11 3175 0.0720678 0.197298
14 3175 0.0803174 0.173494
11 425 0.153243 0.215152
14 3083 0.0114834 -0.0217047
11 553 0.31797 -0.0312266
11 2524 0.018611 -0.0217047
14 2574 0.00197992 -0.00742194
11 3176 0.0399937 -0.00504145
14 3176 0.0265305 0.0048771
14 2823 0.23719 -0.0240852
14 2761 0.24907 -0.0193243
11 3177 0.0114834 0.00209997
14 3177 0.000791953 0.0108283
14 2182 0.0126713 0.0108283
14 3087 -0.00514767 0.0211437
14 882 0.27758 0.00924138
14 698 0.241942 0.0354265
11 1752 0.303715 0.0616117
14 548 0.0590006 0.111602
14 3135 0.116021 0.125884
11 3034 0.113645 0.166352
11 3178 0.120773 0.168733
14 3178 0.125525 0.137787
11 3179 0.120773 0.194918
14 3179 0.127901 0.161591
14 3091 0.163539 0.173494
11 3180 0.0304903 0.223484
14 3180 0.0447455 0.197298
14 920 0.220559 -0.061247
11 3181 -0.0992318 -0.0516986
14 3181 -0.10731 -0.0336071
11 3182 0.0205117 -0.0431289
14 3182 0.0062565 -0.0317027
11 3031 -0.0821256 -0.0174199
14 3095 0.00340546 -0.00599361
14 2966 0.314168 -0.0317027
11 3005 0.331275 0.00543267
11 3183 0.257148 0.0111458
14 3183 0.234339 -0.00885015
11 3039 0.26285 0.022572
14 730 0.29136 0.00828922
11 3184 0.279956 0.0368549
14 3184 0.257148 0.0168589
11 3185 0.0547241 0.0625639
14 3185 0.0518731 0.0482811
14 2973 0.265701 0.0520898
14 3015 0.0689793 0.116839
14 2975 0.137404 0.133978
11 3186 0.0347668 0.176826
14 3186 0.0423696 0.159211
11 457 0.0889366 0.205392
11 3187 0.137404 0.205392
14 3187 0.143106 0.176826
11 2751 0.151659 0.216818
11 3188 0.0518731 0.219675
14 3188 0.0637524 0.192538
11 3189 0.0188011 -0.0448428
14 3189 0.00511609 -0.0345592
14 3143 -0.0188326 -0.0174198
14 2576 -0.0496238 -0.00713623
11 3190 0.336977 -0.0242756
14 3190 0.302764 -0.0482707
14 555 0.237761 -0.0311314
11 3191 0.275394 -0.000280466
14 3191 0.248024 -0.0174198
11 3192 0.00511609 0.00314742
14 3192 -0.00514764 0.013431
14 3103 0.268552 -0.00370835
11 3193 0.306185 0.0477098
14 3193 0.282237 0.0237147
11 835 0.302764 0.0614213
11 3194 0.135123 0.164258
14 3194 0.138545 0.133407
11 743 0.114596 0.195108
14 2986 0.162493 0.171113
12 3195 -0.359283 -0.273939
13 3195 -0.403204 -0.324642
13 1805 -0.307723 -0.195493
13 2869 0.290176 -0.08012
13 925 0.223722 -0.078972
13 979 0.247974 -0.0032048
12 2222 0.0598768 0.0369748
13 2358 -0.0279653 0.0111451
12 792 0.353002 0.0417581
13 1802 0.124804 0.150817
12 909 -0.0398049 -0.448624
12 140 0.334861 -0.0548643
12 3196 0.34059 -0.0307565
13 3196 0.2432 -0.0433844
12 3197 0.0484192 -0.00894474
13 3197 -0.0516751 -0.0397567
13 787 0.246408 -0.0133071
12 3198 0.0747718 0.000239202
13 3198 -0.0260557 -0.0273125
13 25 -0.087698 -0.0298381
12 3199 0.349756 0.00827509
13 3199 0.254657 -0.000908798
12 3200 0.361214 0.0128671
13 3200 0.268406 0.00597914
12 1900 0.0713345 0.016311
13 759 -0.0363676 -0.00779674
12 3201 0.0839379 0.0312349
13 3201 -0.0157438 0.00597914
12 2887 0.0793549 0.0358269
12 3202 0.0598768 0.0369748
13 3202 -0.0398049 0.0105711
12 3203 0.18362 0.144886
13 3203 0.0346699 0.11963
12 3204 0.223722 0.160958
13 3204 0.0751537 0.139337
12 1382 0.240908 0.170141
13 894 0.119075 0.16134
12 3205 -0.0464504 -0.472043
13 3205 -0.0747737 -0.505932
13 1575 0.258782 -0.0629002
13 1893 -0.0219768 -0.0347974
12 3206 0.0745427 0.00322397
13 3206 -0.0252766 -0.0248788
12 3207 0.0745427 0.0156223
13 3207 -0.0230767 -0.0105519
12 486 0.309654 0.0321533
13 2438 -0.0423256 0.00597914
12 3121 0.179037 0.125829
12 1078 0.225784 0.140983
13 2928 0.116615 0.160269
13 3078 0.274016 -0.0843905
13 2931 0.285896 -0.0744718
12 3208 0.0489691 -0.0100008
13 3208 -0.0506851 -0.0407485
13 2601 -0.0368259 0.00322397
12 2439 0.068768 0.0296736
12 244 0.326153 0.0462047
12 3209 0.21066 0.0875323
13 3209 0.0588686 0.0577764
12 1305 0.261807 0.178453
12 944 0.367071 -0.0724881
12 3210 0.0799874 -0.022895
13 3210 -0.017027 -0.0506672
12 3132 0.0483092 -0.0109926
12 2764 0.307674 -0.0109926
12 3211 0.0879069 -0.0050415
13 3211 -0.00752352 -0.0312266
13 541 0.238378 -0.0169438
12 3212 0.052269 0.000909691
13 3212 -0.0393601 -0.0259896
12 945 0.353212 0.0108283
12 2601 0.0621684 0.0286818
12 1881 0.325493 0.0445516
12 805 0.331433 0.0485191
12 420 0.21066 0.0862098
12 3213 0.232439 0.169526
13 3213 0.0879069 0.151673
12 3133 0.351232 -0.0145633
12 884 0.377366 -0.0145633
12 3214 0.0423696 -0.0121829
13 3214 -0.0574166 -0.0431289
12 1175 0.334601 0.00448046
12 545 0.327473 0.0116219
12 3215 0.265701 0.0140023
13 3215 0.18017 0.00448046
12 2183 0.0732558 0.033046
12 280 0.222935 0.0877968
12 1819 0.234815 0.15445
12 3216 0.239566 0.163972
13 3216 0.0922627 0.144928
12 3217 0.244318 0.178255
13 3217 0.0946386 0.159211
12 3218 0.356934 -0.0488421
13 3218 0.261709 -0.0619822
12 711 0.328424 -0.0288461
12 3219 0.325573 -0.0202764
13 3219 0.225786 -0.0345593
12 1820 0.240041 0.0539942
13 931 0.0701197 0.0614213
12 3220 0.240041 0.1654
13 3220 0.0917876 0.145404
12 3136 0.240041 0.176826
12 3221 0.323292 -0.0208477
13 3221 0.227497 -0.0345592
12 1175 0.330134 0.00314742
13 1888 -0.118049 -0.0208477
12 3222 0.0666984 0.0202868
13 3222 -0.0325176 -0.00713623
12 3223 0.354083 0.0202868
13 3223 0.261709 0.013431
12 3224 0.0632772 0.0305704
13 3224 -0.0359388 0.00314742
12 3225 0.313028 0.0339983
13 3225 0.224076 0.0271426
12 1895 0.224076 0.164258
12 3226 0.0847018 -0.52267
14 3226 0.0579672 -0.532236
12 3227 0.374008 -0.0768674
14 3227 0.305071 -0.07438
14 925 0.245491 -0.0617522
14 8 0.260386 -0.0539076
12 3228 0.0827921 -0.019468
14 3228 0.0102269 -0.0271212
12 3229 0.315765 -0.0185113
14 3229 0.24129 -0.016598
14 98 0.274708 -0.00703143
14 108 0.282347 0.00636177
12 3230 0.0503287 0.00444846
14 3230 -0.0231913 -0.0032048
14 2675 0.273753 0.00827509
12 979 0.346319 0.00731843
12 2676 0.350138 0.00827509
14 3055 -0.00123077 0.00923174
12 3231 0.363505 0.0226249
14 3231 0.289985 0.0264516
12 3232 0.0847018 0.0235816
14 3232 0.0117546 0.017459
12 2804 0.083747 0.0302782
14 792 0.280437 0.0465414
12 3233 0.176363 0.118291
14 3233 0.0713345 0.114464
12 366 0.177318 0.123074
12 3148 0.170634 0.137424
12 3234 0.232697 0.177603
14 3234 0.133397 0.177603
14 2337 0.136261 0.179517
14 2989 0.0971142 0.180473
12 3235 0.392149 -0.0399404
14 3235 0.319279 -0.0353484
14 3196 0.264969 -0.0284605
14 2903 0.272989 -0.0227206
12 3236 0.0782091 -0.0100927
14 3236 0.00602576 -0.0169806
12 583 0.0495649 0.00483114
14 2390 0.263823 0.0117191
14 3199 0.276427 0.0117191
14 1990 0.0277953 0.00597914
12 3237 0.294759 0.024347
14 3237 0.226013 0.0266429
12 3153 0.361214 0.0266429
14 2108 0.283301 0.0335309
12 3238 0.0793549 0.0323829
14 3238 0.00831731 0.0266429
14 3202 -0.0134523 0.0300869
12 1876 0.248928 0.104706
14 1892 0.127477 0.11963
14 3204 0.12003 0.160384
14 1395 0.0564395 0.164402
12 3175 0.18362 0.175881
12 3239 0.390774 -0.0808088
14 3239 0.322258 -0.076676
12 3240 0.390774 -0.0394812
14 3240 0.319554 -0.0347974
12 3241 0.339902 -0.0312157
14 3241 0.264282 -0.0298381
14 1480 0.272531 -0.0229502
12 2483 0.0772925 -0.0105519
14 1068 0.272531 -0.00641915
12 3242 0.0470442 -0.00641915
14 3242 -0.0269265 -0.0149602
14 1893 0.00607162 -0.013307
14 146 -0.0629494 -0.0119295
12 3243 0.335778 0.00322397
14 3243 0.261532 0.00597914
12 1675 0.366026 0.00735673
12 3065 0.0717928 0.00873432
12 2468 0.0951665 0.0114895
12 3244 -0.0148272 0.0156223
14 3244 -0.087698 0.00460156
12 2803 0.0621684 0.0183774
12 3245 0.0662931 0.019755
14 3245 -0.00520274 0.0128671
12 2737 0.346777 0.0211326
12 3246 0.0896668 0.0293981
14 3246 0.016796 0.0225101
12 2715 0.342652 0.0321533
14 2438 -0.0148272 0.0252653
12 3155 0.352277 0.0417964
12 245 0.247783 0.105165
12 807 0.228534 0.125829
14 594 0.0555688 0.170187
12 344 0.261532 0.18231
12 3247 0.37895 -0.0711656
14 3247 0.308279 -0.0684105
14 2899 0.256949 -0.0674921
12 183 0.332753 -0.0546346
14 896 0.263457 -0.0298381
12 3248 0.0803174 -0.0215726
14 3248 0.00992138 -0.0284605
12 667 0.0456693 -0.0166132
12 3249 0.0885668 -0.0050415
14 3249 0.017621 -0.011654
12 3250 0.052269 0.00322397
14 3250 -0.0203269 -0.0050415
14 3064 -0.086323 0.0048771
14 2936 0.00277182 0.0114895
14 2601 -0.0104274 0.0214082
14 3057 0.0607934 0.113431
14 659 0.0713345 0.115038
12 3251 0.232109 0.122247
14 3251 0.126515 0.120594
12 178 0.184261 0.148697
12 3252 0.162813 0.173494
14 3252 0.0542489 0.169526
12 3253 0.237058 0.178453
14 3253 0.138064 0.178453
12 3254 0.246958 0.178453
14 3254 0.149613 0.178453
12 3027 0.261807 0.181759
14 2946 0.21462 -0.0705044
12 666 0.343312 -0.0526509
12 3255 0.38093 -0.0486834
14 3255 0.307674 -0.044716
14 230 0.258177 -0.0288462
12 3256 0.339352 -0.022895
14 3256 0.264117 -0.0209113
12 3257 0.0740477 -0.00900897
14 3257 0.000791953 -0.0169438
12 265 0.0106914 -0.00305777
12 956 0.363111 0.000909691
14 945 0.279956 0.0140023
12 3258 0.0740477 0.0207469
14 3258 0.00197992 0.0140023
12 3259 0.2067 0.0465353
14 3259 0.106716 0.0428985
12 3260 0.256197 0.0505028
14 3260 0.151659 0.0482811
14 435 0.143344 0.10208
12 719 0.236398 0.133819
12 3261 0.135424 0.161591
14 3261 0.039253 0.157514
12 1154 0.240358 0.167543
14 3092 0.156411 0.175874
12 3262 0.236398 0.177461
14 3262 0.137404 0.177461
12 254 0.198781 0.181429
12 1323 0.167102 0.213168
12 3263 0.289459 -0.0597922
14 3263 0.220559 -0.0597922
12 2648 0.353608 -0.0526508
12 3037 0.334601 -0.0502703
12 3182 0.0780076 -0.0240852
12 1743 0.332225 -0.0240852
14 2842 0.270452 -0.00504145
12 3264 0.0685041 -0.000280524
14 3264 -0.00514767 -0.00742194
12 2574 0.0756317 -0.000280524
14 1175 0.260949 0.00686089
12 3265 0.0661282 0.0211437
14 3265 -0.00752352 0.0140023
12 3087 0.0661282 0.0282851
14 2183 -0.00039593 0.0259047
12 3266 0.156411 0.123504
14 3266 0.0562287 0.119933
12 3135 0.222935 0.128265
12 3267 0.184921 0.147309
14 3267 0.0803834 0.144928
12 3041 0.241942 0.15683
12 450 0.184921 0.178255
12 3268 0.158787 0.216342
14 3268 0.051873 0.213962
12 3269 0.37404 -0.0802643
14 3269 0.305615 -0.0774077
14 1157 0.31987 -0.0774077
12 2508 0.282807 -0.0716946
12 3270 0.37404 -0.0716946
14 3270 0.302764 -0.068838
14 451 0.271973 -0.0551265
14 3218 0.282807 -0.0459855
12 842 0.0433199 -0.0117067
12 2775 0.34553 -0.00599361
12 3271 0.0917876 0.00257608
14 3271 0.0256435 -0.00370835
12 3272 -0.033658 0.0197154
14 3272 -0.104934 0.00828922
12 1839 0.0661283 0.0311417
14 2298 0.00169483 0.0237147
12 2567 0.0917876 0.0311417
12 2970 0.314168 0.0339983
12 1670 0.165915 0.116839
14 1975 0.049022 0.213962
12 3273 0.299343 -0.0722659
14 3273 0.230918 -0.0722659
12 728 0.289079 -0.0482707
12 3274 0.364347 -0.041415
14 3274 0.292501 -0.0379871
12 3275 0.354083 -0.0139919
14 3275 0.277105 -0.0117067
12 3276 0.354083 -0.00713623
14 3276 0.282237 -0.00370835
12 3003 0.0666984 -0.000280466
12 2630 0.0769622 -0.000280466
14 3104 0.289079 0.0065753
14 3224 -0.00856889 0.0237147
14 3225 0.244603 0.0374261
12 2864 0.210391 0.0854164
12 3277 0.241182 0.147118
14 3277 0.138545 0.147118
14 3106 -0.0757056 -0.486317
14 10 0.260386 -0.047211
13 3045 -0.0862085 -0.0299912
13 3230 -0.0508807 -0.0252079
13 3278 0.246064 -0.0032048
14 3278 0.268024 0.0101884
13 2876 0.253702 0.0379315
14 67 0.0789729 0.17569
13 3279 0.234033 -0.0858599
14 3279 0.256567 -0.0682575
14 144 0.273753 -0.0376444
13 3280 0.301634 -0.0479763
14 3280 0.321112 -0.0342004
13 3281 0.22945 -0.0422364
14 3281 0.252366 -0.0261646
14 628 0.270698 -0.0227206
13 629 0.219138 -0.0330524
13 3282 -0.0478253 -0.0261646
14 3282 -0.0203269 -0.00435274
14 1436 0.0121365 -0.00224814
13 3283 -0.113134 -0.0158326
14 3283 -0.0867814 0.00597914
14 2671 0.272799 -0.000334827
13 3024 -0.0237642 -0.0112407
13 108 0.260386 -0.00664874
13 3238 -0.0191811 0.00712714
14 591 0.25122 0.0450107
13 952 0.024358 0.0932263
13 1892 0.0827921 0.0955222
13 3284 0.00488001 0.147182
14 3284 0.0564395 0.172437
13 3285 -0.0546999 -0.218567
14 3285 -0.0546999 -0.207547
13 3286 0.275281 -0.083564
14 3286 0.294759 -0.0674921
13 3287 -0.0162021 -0.0491243
14 3287 0.00937142 -0.028185
14 1904 0.257407 -0.0243277
13 3288 -0.00795259 -0.0394812
14 3288 0.0186292 -0.0192766
14 1700 -0.0258266 -0.0146847
14 3010 -0.0203269 -0.00504156
13 1423 -0.0258266 -0.0243277
13 3289 -0.0107024 -0.020195
14 3289 0.0129004 -0.0020568
14 787 0.268406 0.000468791
13 3245 -0.0327012 -0.00641915
13 3290 -0.0162021 0.00460156
14 3290 0.0112963 0.0238877
13 2712 -0.018952 0.00735673
13 801 0.235408 0.00873432
14 486 0.242008 0.0362861
14 3120 0.283301 0.0415668
13 3291 0.0154211 0.0872567
14 3291 0.0621684 0.11389
14 1381 0.0676681 0.114808
13 3292 0.0910417 0.110676
14 3292 0.135497 0.133406
13 1395 0.00579661 0.138227
13 3293 0.0745427 0.139605
14 3293 0.119915 0.161646
13 3165 0.107541 0.143738
14 3122 0.165287 0.168994
13 3025 0.122665 0.161646
14 1160 0.305529 -0.0587674
13 3167 -0.017027 -0.0496753
13 896 0.240358 -0.0463691
13 1130 -0.0269265 -0.0364505
13 3294 -0.0137272 -0.011654
14 3294 0.0126713 0.0081833
13 3295 0.00442172 -0.0100008
14 3295 0.0275204 0.00653023
13 3296 -0.0236267 0.00983643
14 3296 0.00277182 0.0280206
13 3169 0.261807 0.0147957
14 3127 0.225509 0.0263674
14 805 0.260157 0.0528171
14 3128 0.133114 0.137125
13 2911 0.123215 0.152003
14 3078 0.293815 -0.0685207
13 1158 0.196801 -0.0784393
14 1220 0.00277185 -0.00900897
13 3297 -0.0586046 -0.0109926
14 3297 -0.0328661 0.00884456
13 3176 0.00475171 -0.0109926
13 3177 -0.0249466 -0.00900897
13 2182 -0.0130672 -0.00900897
13 1301 0.252237 0.000909691
13 2469 -0.0487052 0.0048771
14 250 0.0799874 0.145722
13 3253 0.0938466 0.159608
14 222 0.107706 0.181429
13 3270 0.287083 -0.0812164
13 3298 0.289459 -0.0597922
14 3298 0.308466 -0.0455094
13 3299 -0.0194029 -0.0526508
14 3299 0.00673163 -0.0312266
14 3214 -0.0289063 -0.0193243
13 3264 -0.033658 -0.0288461
13 3300 -0.00039593 -0.0240852
14 3300 0.0257386 -0.00504145
14 2968 -0.00989941 0.0211437
13 276 0.24907 0.00209997
13 3301 -0.133444 0.0116219
14 3301 -0.102558 0.0354265
13 3302 0.0162351 0.0116219
14 3302 0.059856 0.040854
14 700 0.258573 0.0520898
14 307 0.133444 0.121917
13 1624 0.0756317 0.142548
13 3179 0.0851352 0.142548
13 2957 0.0970145 0.147309
13 3303 0.120773 0.15683
14 3303 0.163143 0.175477
13 1157 0.302764 -0.0916905
13 3304 0.211531 -0.068838
14 3304 0.234339 -0.0516986
14 1854 0.303715 -0.0455094
13 3305 0.29136 -0.0602683
14 3305 0.311317 -0.0459855
13 842 -0.0564663 -0.0431289
13 2966 0.297062 -0.0431289
14 3212 -0.0108497 -0.00313707
13 2576 -0.116338 -0.0174199
13 3306 -0.0365091 0.00257608
14 3306 -0.00799868 0.022572
13 945 0.259999 0.00257608
13 3185 0.00910752 0.0197154
14 1920 0.251446 0.0454245
13 3307 0.0860855 0.142548
14 3307 0.128851 0.162544
14 311 0.120298 0.1654
13 3091 0.123149 0.15683
13 3308 0.114596 0.1654
14 3308 0.156411 0.183016
13 3309 0.285658 -0.0928331
14 3309 0.302764 -0.0791216
13 3274 0.271973 -0.0516986
14 2856 0.268552 0.0237147
13 835 0.258288 0.0305704
14 1373 0.145387 0.099128
13 3310 0.0974897 0.0854164
14 3310 0.141966 0.109412
14 3096 0.114596 0.126551
14 1439 0.0632772 0.131121
13 3311 0.0906471 0.129979
14 3311 0.138545 0.153974
156 148 140
144 137 129
141 137 128
86 86 100
46 40 50
150 133 178
133 138 182
75 68 70
176 152 184
217 202 248
186 162 203
50 80 140
153 170 215
124 134 178
148 165 210
147 166 212
68 48 78
96 73 105
180 146 179
171 138 164
152 178 220
10 40 94
95 127 170
24 60 112
161 182 223
104 128 170
12 40 65
27 58 86
124 140 160
181 146 172
128 86 106
8 28 53
6 25 48
115 74 97
110 99 102
174 136 115
192 173 172
25 64 112
136 118 104
131 117 104
132 117 103
130 111 97
144 130 126
76 51 28
126 110 91
190 166 164
139 119 102
100 76 54
114 99 84
202 196 200
74 66 73
134 126 132
118 119 118
132 128 132
176 168 170
144 131 128
117 104 108
76 63 70
144 126 122
86 67 52
89 70 63
144 136 131
95 81 75
110 80 82
212 166 180
186 162 166
114 138 151
148 132 105
204 173 178
158 144 186
189 158 190
205 190 244
100 83 75
192 162 203
114 108 152
38 41 66
158 175 221
124 135 181
148 165 210
8 38 91
85 69 103
28 66 119
92 126 166
113 70 96
56 77 118
12 40 65
48 70 110
114 106 114
126 146 166
114 74 92
52 52 76
180 144 168
20 44 71
128 86 110
74 55 40
72 96 146
25 64 112
73 100 150
122 106 90
188 168 163
160 142 132
144 130 126
84 62 40
102 79 57
122 106 86
43 62 124
118 100 80
124 109 92
151 138 128
46 28 30
92 72 70
92 84 84
46 44 48
153 150 150
70 60 66
152 137 130
146 130 128
61 51 53
172 129 156
93 72 59
94 73 68
213 193 180
102 68 64
208 161 174
190 166 170
104 127 140
147 94 104
216 172 197
204 182 169
80 103 111
205 173 178
144 124 102
206 182 178
226 210 199
72 71 52
88 62 38
180 183 160
144 114 95
57 36 20
130 118 154
197 160 193
189 174 236
124 136 184
114 121 166
143 160 205
54 32 64
136 160 199
152 124 158
36 74 128
132 150 190
91 48 75
86 46 72
197 180 182
71 94 143
88 71 56
122 106 91
96 72 49
64 44 45
44 38 34
209 205 208
218 218 221
198 201 203
24 20 28
136 136 142
182 171 165
170 156 150
64 51 58
60 48 56
146 130 128
166 150 144
39 22 16
114 92 68
76 58 44
57 34 14
164 128 142
160 152 148
214 201 194
77 61 54
196 146 158
211 188 181
81 79 62
68 73 96
126 131 171
198 158 192
147 164 208
156 142 209
124 106 93
54 30 22
114 108 152
118 128 175
160 180 226
73 60 66
74 38 72
173 135 160
165 185 228
91 48 75
100 120 161
93 84 116
89 58 78
192 146 171
172 138 161
126 106 98
148 132 118
81 62 41
208 187 187
53 78 140
152 132 112
44 36 30
43 41 44
15 12 20
95 94 100
198 194 196
97 84 88
114 98 100
225 202 218
86 67 52
96 68 44
175 130 156
115 86 88
227 180 224
139 87 96
71 92 100
225 206 200
81 79 62
206 159 195
112 97 165
82 62 44
76 81 130
35 27 38
130 100 132
164 183 227
168 125 148
14 34 48
79 58 79
112 86 58
152 134 124
54 32 34
71 80 116
10 7 13
136 136 142
70 56 55
145 116 84
142 112 90
141 92 104
89 63 43
172 128 146
200 184 166
130 96 90
151 102 122
122 94 96
186 135 146
124 91 71
198 182 162
124 66 75
158 136 112
88 84 74
143 102 90
149 144 134
34 26 30
78 69 96
90 96 131
84 68 134
43 26 14
85 92 139
84 82 96
121 142 180
112 86 118
61 32 72
152 172 218
70 30 59
50 70 111
130 103 89
28 36 60
112 86 58
52 60 87
66 58 50
208 214 215
14 12 17
202 201 206
58 42 42
224 202 218
210 151 184
30 14 8
68 56 54
111 78 72
186 144 162
147 118 86
140 92 98
132 88 72
218 196 202
156 167 150
76 69 48
46 30 17
212 164 199
110 118 164
150 168 216
69 31 63
194 146 168
82 62 89
171 156 141
206 203 206
116 86 57
20 9 9
222 202 216
28 16 12
198 146 176
75 60 56
203 190 187
127 88 88
221 215 216
239 242 246
124 74 78
209 193 164
28 20 30
47 40 46
40 20 36
215 164 200
114 100 134
144 160 208
80 70 92
76 57 84
106 82 53
216 190 208
209 206 206
99 60 56
226 226 229
142 97 89
234 228 222
59 43 46
90 70 108
118 75 102
176 140 161
126 76 92
80 57 40
130 120 108
21 14 11
123 124 125
76 73 88
117 103 100
121 104 99
178 132 156
89 78 74
136 117 116
68 65 48
181 184 162
96 100 120
76 74 89
67 48 76
136 154 192
180 148 180
92 50 76
177 140 164
192 169 168
170 150 144
74 96 152
104 96 102
186 184 188
94 84 87
128 114 110
118 102 98
33 21 20
134 120 119
76 58 49
171 126 144
104 91 88
96 82 78
82 62 60
142 93 111
116 99 84
99 100 140
138 157 198
62 36 26
136 124 168
27 54 110
172 134 160
89 110 148
78 117 159
75 68 98
164 122 146
96 66 90
63 90 158
126 113 93
40 69 136
34 22 13
137 132 136
182 135 160
184 136 138
192 169 174
190 169 172
81 102 116
83 109 114
214 176 191
152 134 106
126 115 150
74 77 125
106 75 108
98 137 176
203 186 188
124 106 92
100 72 47
204 200 204
216 196 215
85 78 81
188 190 192
62 64 88
38 20 4
193 170 176
207 192 192
215 192 184
89 78 50
58 56 72
64 48 50
119 118 163
62 27 60
65 87 126
176 137 118
68 94 156
42 32 28
184 176 179
204 206 210
190 154 179
62 40 20
238 219 224
150 100 106
230 206 202
162 172 156
69 61 34
122 108 104
120 101 90
109 116 162
54 43 90
140 108 136
61 58 72
98 82 80
82 62 84
187 134 154
190 174 158
197 186 183
138 108 104
66 64 59
133 150 193
151 166 212
51 49 82
107 82 55
153 123 95
216 180 204
183 131 148
190 180 175
204 197 197
188 140 164
130 89 68
120 109 175
179 143 170
104 106 142
192 166 176
80 68 66
230 220 228
222 206 170
132 126 114
129 114 97
138 124 128
88 88 132
130 150 186
86 103 140
60 61 92
105 140 176
52 70 110
14 42 66
66 87 128
58 60 63
21 20 23
135 132 131
129 114 106
48 32 24
76 67 72
108 98 95
109 98 96
217 168 196
106 124 128
142 122 96
71 56 24
168 136 162
74 42 36
34 20 8
158 152 158
162 148 141
46 27 23
233 208 212
158 177 190
61 63 78
132 148 192
152 172 216
46 64 102
185 180 175
180 168 162
70 60 66
81 60 56
236 210 214
104 67 66
114 84 88
132 112 90
153 102 112
94 64 38
166 138 112
106 115 161
143 166 207
58 92 150
148 123 150
138 94 116
70 42 34
38 26 14
48 30 31
70 75 100
62 48 58
38 20 18
133 88 94
142 92 112
50 44 53
78 70 98
106 115 156
43 28 62
77 110 171
132 108 135
98 133 172
104 128 170
94 92 122
196 183 182
108 114 148
154 140 122
72 46 36
218 201 214
203 208 211
178 172 176
57 44 34
186 166 168
194 176 163
134 110 85
86 60 38
136 152 192
132 147 189
142 100 114
186 158 170
165 155 140
210 216 230
222 208 221
181 180 182
208 156 186
28 16 14
100 79 74
211 194 184
25 20 27
103 107 142
113 128 170
172 160 224
52 44 84
87 61 92
99 77 106
46 88 162
74 52 52
224 212 226
211 216 214
201 206 212
203 153 168
50 50 42
141 104 84
72 77 104
70 74 88
201 144 174
147 90 106
181 159 143
204 194 191
232 220 218
211 170 148
142 86 74
158 150 141
150 145 136
86 90 110
56 39 36
60 31 29
35 40 71
112 135 172
156 130 156
78 66 84
50 46 62
66 92 149
70 96 164
51 34 20
50 36 36
188 187 188
147 144 144
7 6 10
90 72 55
240 224 230
170 188 198
204 161 182
210 173 154
210 178 148
120 113 103
154 150 144
56 49 53
66 74 114
146 120 148
93 66 98
149 175 214
119 73 66
44 83 152
98 75 54
36 28 25
30 27 30
136 136 142
155 150 150
141 132 134
151 117 124
190 170 158
93 72 68
199 126 132
185 104 115
88 74 45
143 136 126
54 49 56
108 91 84
27 30 56
144 157 201
101 78 111
84 73 102
52 74 112
107 124 163
154 122 144
116 78 96
123 78 97
48 72 126
35 74 142
190 162 162
116 93 74
54 43 46
118 114 113
140 126 126
39 22 18
212 191 178
171 156 152
192 174 176
217 166 211
186 102 116
206 164 184
201 174 139
95 82 52
192 185 177
50 42 46
49 38 40
24 30 59
187 140 166
112 67 87
121 73 74
67 92 150
20 12 12
152 148 148
138 110 82
32 18 14
152 115 123
93 72 68
200 144 162
181 158 161
124 102 73
146 125 98
50 56 52
157 115 99
132 152 191
31 30 53
52 71 108
121 78 98
186 136 160
74 98 137
138 88 92
110 92 76
75 56 38
188 179 173
35 19 16
18 5 0
32 16 6
157 148 138
184 162 146
238 226 233
210 198 200
142 117 117
175 88 110
62 78 86
180 138 154
215 190 158
150 130 105
32 29 43
112 128 168
58 86 144
102 82 64
52 30 32
106 79 49
64 72 108
124 96 70
192 188 188
50 32 34
86 68 50
44 24 6
160 138 143
230 179 224
220 177 163
40 29 24
162 137 108
43 37 83
64 67 84
194 152 181
54 73 112
98 123 168
84 80 111
194 143 168
173 144 116
212 193 196
194 186 176
134 150 186
48 67 123
95 70 63
102 62 58
122 94 97
127 82 78
163 124 86
185 144 160
120 64 70
166 144 116
192 191 158
114 102 100
104 84 64
63 71 102
19 11 8
12 7 5
218 225 230
221 224 227
227 220 220
196 202 206
24 10 10
30 20 21
81 58 38
176 122 155
140 112 108
185 130 156
198 154 142
124 74 78
58 54 52
188 190 162
106 103 81
136 128 118
194 184 176
151 144 136
160 154 148
160 155 148
194 186 177
63 58 66
136 126 118
74 86 125
62 51 80
118 114 130
116 67 67
7 42 95
30 70 140
64 33 28
140 138 138
141 140 147
168 168 175
138 129 134
128 116 118
114 94 86
152 103 122
52 66 76
156 142 106
132 124 114
146 138 129
132 128 118
60 52 61
144 130 116
89 72 74
118 134 174
136 137 138
147 144 143
31 20 22
92 68 44
236 184 232
134 104 111
125 113 102
42 28 30
12 36 59
94 71 49
52 35 25
153 144 146
137 108 84
182 170 166
28 12 5
86 62 39
176 117 132
176 110 117
125 113 102
78 93 138
48 64 102
56 96 170
217 218 222
156 144 140
72 56 56
32 20 24
36 20 11
55 32 16
106 95 93
76 59 54
124 85 92
48 44 48
99 74 48
136 99 78
146 140 131
46 38 38
66 66 103
86 85 100
123 136 178
52 84 140
112 62 60
64 92 150
102 78 48
208 178 198
184 140 161
230 176 222
186 142 164
106 130 144
46 47 63
55 50 58
200 155 188
184 140 162
204 147 173
163 142 118
135 86 87
38 54 92
51 92 166
17 4 2
38 25 16
101 70 74
234 234 240
148 164 174
131 92 78
26 50 60
31 28 44
93 113 147
124 75 73
82 58 40
10 8 12
46 29 16
150 95 113
195 129 156
106 128 162
110 136 180
215 218 222
156 125 94
152 140 133
193 178 174
170 110 131
50 66 72
162 100 96
176 150 193
208 205 206
87 94 100
170 168 174
77 58 42
58 86 136
130 97 90
206 208 210
82 111 162
211 196 208
94 93 114
71 108 182
42 82 147
182 171 169
76 80 131
64 34 70
141 107 134
58 46 54
142 122 119
74 100 144
68 37 74
224 200 204
196 150 181
26 24 19
117 132 182
98 80 60
111 137 182
42 72 135
117 117 123
230 206 211
111 137 182
174 182 192
76 92 89
18 17 19
96 84 86
89 107 100
74 68 112
122 147 188
121 108 108
106 72 70
130 114 96
146 155 166
94 75 72
74 64 63
28 56 64
86 68 68
96 106 132
42 36 43
206 200 200
128 121 112
198 192 184
138 166 208
147 131 114
212 182 177
58 78 119
203 180 180
104 96 96
86 76 76
196 142 158
182 170 165
177 164 161
162 134 108
74 77 130
71 94 138
215 162 184
152 144 136
64 57 66
202 148 168
18 48 80
7 24 50
152 136 120
158 115 139
208 181 200
164 154 152
58 30 26
69 53 64
150 130 114
161 154 152
116 82 85
204 178 166
48 56 52
128 104 80
142 126 108
164 150 137
174 144 128
41 44 66
20 19 22
50 38 92
123 94 62
137 106 96
110 112 157
116 78 98
199 200 202
86 62 52
118 97 77
74 50 42
157 144 146
43 30 22
130 124 115
138 121 104
69 64 72
166 140 118
152 170 216
48 57 89
140 121 138
38 32 48
146 162 205
88 104 139
149 124 152
62 65 96
88 67 106
135 151 194
10 21 46
66 52 82
110 74 98
148 130 119
69 90 140
68 72 96
94 75 61
110 88 69
199 193 196
54 52 56
168 153 156
20 18 30
135 120 124
182 182 188
152 144 149
165 148 140
104 82 64
97 75 71
220 170 198
216 170 158
170 172 156
160 144 108
132 118 98
55 40 40
73 72 84
141 148 189
44 36 50
164 138 118
80 56 58
36 27 44
146 162 205
150 172 213
102 106 150
154 122 150
94 131 170
56 48 70
172 188 234
180 144 168
6 28 52
6 22 44
117 84 110
122 68 88
74 102 156
68 68 88
20 50 96
188 162 162
82 48 36
42 24 12
199 193 196
46 29 20
59 51 58
30 16 19
170 156 160
12 8 20
182 176 179
139 127 122
128 122 126
80 67 73
226 194 215
165 148 140
112 101 92
140 129 124
120 103 88
162 77 86
151 168 184
152 97 108
152 121 92
119 88 58
218 184 162
74 58 32
164 150 110
144 128 104
82 88 106
76 62 63
68 62 64
52 54 76
127 132 172
136 112 93
32 32 50
56 81 142
134 117 136
80 78 88
158 176 220
93 110 144
77 61 104
129 149 193
8 28 52
58 68 104
117 84 110
86 79 86
106 70 90
156 136 119
56 78 134
17 43 88
126 78 80
164 140 126
140 121 108
98 78 54
192 164 166
34 32 35
186 183 186
142 110 86
180 164 156
36 22 16
116 94 78
142 132 126
126 108 95
163 116 136
202 150 175
214 171 156
159 82 85
159 144 117
222 198 194
154 122 106
126 112 93
60 57 65
65 65 76
80 66 67
50 49 60
91 98 128
28 33 56
48 26 14
140 118 130
32 28 48
80 78 88
155 175 217
157 123 150
47 86 138
123 142 187
192 152 184
5 24 43
105 62 86
56 80 122
117 90 63
65 90 152
68 96 154
94 60 46
49 31 20
175 162 166
68 66 72
102 81 79
118 96 80
70 57 54
236 219 216
181 155 162
214 162 189
230 197 177
133 83 86
214 182 158
162 134 114
54 60 78
37 26 19
26 17 27
128 140 184
142 120 134
38 34 80
63 98 152
124 140 184
101 117 154
88 129 170
27 54 116
197 148 181
126 96 120
52 73 127
74 102 155
146 97 102
207 186 196
180 146 118
207 180 190
167 152 136
96 64 48
38 25 16
52 30 19
172 165 170
200 200 203
164 158 163
226 202 218
40 25 20
114 92 78
145 122 118
192 164 170
168 82 98
204 185 150
146 92 103
207 156 181
140 94 83
38 25 16
118 99 79
204 160 196
141 148 189
39 34 80
94 78 79
55 87 142
40 26 60
98 86 93
42 70 131
68 96 140
171 119 139
204 190 194
71 113 174
146 137 192
106 82 56
164 148 131
122 92 59
110 90 86
32 20 14
228 225 231
106 84 83
36 22 18
64 38 20
226 212 208
126 83 82
98 52 55
196 153 159
173 144 150
176 82 91
170 118 136
123 64 72
221 188 166
126 112 106
164 134 164
56 42 48
28 29 46
152 138 202
153 128 132
106 126 160
119 92 128
86 76 94
94 90 108
204 158 185
110 82 51
16 11 6
30 16 26
202 154 184
203 160 169
214 196 209
228 213 175
182 166 156
46 47 42
80 62 42
136 145 183
102 110 156
28 50 72
207 150 182
207 196 198
181 168 156
227 227 234
224 214 226
42 18 16
118 90 62
62 40 46
189 167 150
140 123 112
210 166 184
154 100 117
218 192 167
140 92 98
90 94 113
85 90 107
70 48 26
54 38 36
63 57 68
64 56 55
59 52 70
50 70 110
19 34 60
36 75 146
40 28 28
55 36 26
158 158 160
40 22 13
98 85 82
106 80 76
216 191 164
162 178 193
113 98 90
138 152 194
125 110 125
92 88 90
98 114 152
184 144 166
119 75 70
164 138 130
128 124 126
52 48 51
144 141 147
168 142 146
216 191 164
52 36 22
45 31 40
60 68 97
32 64 116
138 102 130
133 102 136
48 64 104
54 53 83
15 34 58
181 144 175
76 67 98
129 78 99
52 37 23
98 76 68
187 184 180
84 81 86
96 76 74
246 224 234
166 73 82
125 78 80
186 173 172
96 73 64
142 136 142
34 18 10
72 50 45
103 68 64
174 154 157
108 68 70
176 140 156
144 116 89
60 80 86
145 95 86
134 118 96
59 44 44
29 30 52
68 72 84
103 114 156
117 124 166
126 128 173
46 50 80
61 72 120
109 69 91
198 202 198
14 6 8
132 103 74
178 166 164
162 163 144
136 117 94
34 29 48
134 116 122
80 76 84
100 111 153
101 100 132
108 60 58
49 68 106
212 196 201
218 220 228
162 130 100
201 192 185
144 86 101
214 198 162
88 101 113
225 202 176
184 152 140
142 86 82
33 22 16
99 102 134
56 58 107
44 26 56
72 105 170
14 28 40
184 136 158
62 46 53
178 196 222
54 30 21
212 214 216
156 124 92
172 72 88
182 142 157
153 120 86
168 146 122
149 102 92
148 122 100
93 76 55
31 28 50
148 102 122
112 132 173
91 82 88
102 56 56
121 116 122
216 210 209
22 13 12
140 98 103
112 106 84
60 31 28
159 153 160
159 118 136
20 51 100
156 138 158
122 96 96
162 146 127
125 117 152
46 28 15
59 40 28
135 94 84
51 48 56
86 79 104
90 81 60
95 111 149
180 172 164
146 104 96
12 6 8
115 82 84
114 121 156
178 123 142
68 54 52
146 94 90
94 84 95
21 19 20
226 206 198
92 60 76
149 116 126
84 64 54
64 86 94
124 118 110
120 142 158
176 152 127
149 114 128
199 181 187
210 157 184
187 145 169
71 46 44
164 120 134
225 172 219
208 198 197
201 184 158
232 185 222
182 177 174
232 185 222
36 34 84
162 161 163
192 184 182
68 58 66
157 134 112
167 142 117
150 136 132
212 212 217
90 81 78
159 132 140
74 71 64
84 66 81
18 52 102
185 178 179
164 159 162
214 216 219
211 164 180
14 36 66
193 190 198
152 149 148
59 32 78
86 76 80
90 113 127
46 42 94
230 207 216
25 41 63
108 90 69
88 77 78
144 118 116
115 85 80
200 193 190
147 122 120
103 91 93
93 50 83
44 27 18
236 233 240
126 119 108
73 58 81
135 119 112
160 124 136
194 179 180
234 230 240
181 146 151
88 62 40
142 136 126
69 74 118
11 28 50
106 108 139
68 78 112
120 104 85
76 58 54
136 136 134
102 90 87
212 194 188
230 203 200
172 130 149
124 118 110
205 198 189
56 48 55
58 80 130
152 169 210
156 114 99
96 78 54
49 28 22
182 137 158
103 76 49
137 130 122
186 180 171
124 107 98
18 50 100
138 122 112
62 41 30
94 83 82
105 78 64
67 50 36
104 93 90
72 50 45
103 78 52
196 190 182
44 27 54
190 144 174
67 96 146
106 66 85
80 62 44
140 128 123
146 117 90
42 20 14
198 157 160
101 87 71
114 138 178
178 134 155
186 135 160
114 78 74
227 202 197
164 156 148
55 24 62
88 58 83
108 58 54
70 94 150
78 56 36
22 14 14
39 21 10
104 69 69
170 78 95
148 128 102
102 116 156
80 50 72
100 61 84
112 69 56
192 189 185
151 134 116
28 20 14
198 200 199
144 84 96
43 22 18
160 149 138
52 67 106
214 202 206
129 102 78
190 136 152
185 134 158
120 61 70
87 82 74
133 126 115
183 180 180
133 126 115
45 37 42
158 150 140
198 158 199
28 18 19
190 179 178
152 144 136
232 205 226
201 200 200
74 58 56
63 47 50
34 16 6
26 38 54
94 109 152
166 150 128
108 83 118
204 196 189
110 95 80
50 25 20
164 121 141
165 151 136
143 125 105
142 163 204
220 218 226
114 84 58
200 188 188
70 58 55
140 121 100
192 150 186
172 128 144
116 114 119
110 88 119
142 138 144
42 34 41
124 141 188
129 90 76
109 94 90
142 128 170
224 226 234
168 156 192
88 94 122
172 134 173
89 74 70
217 221 230
59 54 62
166 169 180
202 203 199
40 34 81
118 142 192
107 80 59
77 121 195
83 94 142
83 96 142
86 74 91
152 173 204
222 170 212
75 82 113
50 36 81
96 101 89
115 72 70
43 70 104
164 148 152
200 196 192
118 116 122
110 124 168
10 6 6
170 164 158
122 118 168
123 116 106
164 159 151
160 155 148
166 162 154
73 70 100
156 148 140
204 200 206
226 198 218
106 102 102
22 5 4
155 150 152
171 133 164
195 196 207
110 92 68
88 63 53
70 50 30
64 40 28
133 106 78
82 61 40
44 28 14
188 170 158
46 83 152
94 80 76
90 103 121
118 70 64
111 87 64
52 34 16
119 139 178
188 136 150
137 84 102
194 176 179
40 20 14
194 192 191
127 78 84
140 119 95
108 120 158
224 217 222
21 11 16
126 118 108
166 140 148
138 130 120
109 98 100
106 94 90
118 94 67
167 186 198
147 140 131
22 36 52
108 92 90
142 88 100
108 97 94
200 196 198
109 122 164
166 134 160
226 223 226
200 165 186
223 198 198
98 82 56
188 148 182
206 196 197
74 62 34
130 114 122
188 184 182
36 23 28
134 80 78
120 92 72
186 149 157
102 96 98
167 160 151
90 95 109
34 34 40
180 184 205
47 36 41
39 30 33
201 202 198
56 36 18
113 96 94
158 135 134
128 122 129
90 52 82
141 120 110
76 68 63
92 76 106
128 101 84
152 121 128
14 8 8
62 100 174
178 133 155
32 18 6
126 118 110
201 194 186
201 194 186
221 204 205
221 201 210
114 98 91
96 80 71
36 34 49
36 36 58
72 94 148
22 50 110
16 43 108
34 64 127
54 46 43
66 60 62
130 113 108
99 78 74
228 202 210
147 98 107
200 177 168
30 33 58
44 42 61
30 68 136
72 98 162
184 163 158
16 46 102
128 110 88
202 184 172
219 190 196
68 65 56
60 56 62
190 172 172
25 58 120
20 51 116
30 20 18
30 20 16
78 58 54
230 176 224
135 103 110
46 54 51
106 84 74
22 52 103
104 119 156
14 36 82
74 67 68
226 182 176
198 159 143
174 178 156
119 112 111
74 34 62
34 64 128
80 80 109
141 110 82
219 220 224
200 194 190
87 73 74
88 70 48
46 36 32
66 66 80
100 108 141
118 98 77
73 100 158
24 51 116
29 34 64
90 56 78
144 138 154
196 182 186
38 64 126
23 52 112
226 222 231
218 150 189
101 88 84
202 202 198
20 12 10
147 94 104
83 73 76
86 56 89
96 86 82
106 70 96
72 52 68
64 54 70
84 126 171
220 222 224
26 9 8
170 122 138
64 40 20
38 16 5
226 214 212
125 76 87
226 215 212
138 104 83
77 107 172
50 60 102
175 145 112
198 146 172
64 98 166
186 180 168
110 80 52
202 144 164
150 144 136
120 100 76
46 51 80
109 94 112
139 144 172
126 82 84
128 88 120
40 83 154
198 147 176
70 96 138
46 32 18
16 34 60
119 138 176
50 36 26
174 134 156
105 76 54
124 80 104
29 20 22
122 139 180
192 180 176
95 84 89
52 72 74
178 138 153
71 34 65
76 94 98
134 99 96
210 202 194
186 180 170
188 181 172
78 57 40
202 194 187
48 68 106
221 210 221
183 126 124
202 191 182
74 60 56
176 190 199
150 120 98
130 102 72
232 224 238
32 23 20
212 208 206
232 224 236
180 148 138
205 205 206
216 194 210
36 26 41
170 150 144
147 110 94
206 204 202
186 140 124
197 143 172
136 121 110
92 82 86
114 102 98
212 158 178
66 102 176
70 107 182
98 96 100
172 128 151
65 86 138
72 115 188
48 79 141
198 188 195
226 197 218
197 196 200
82 64 50
66 101 176
12 46 117
64 100 174
55 88 148
31 58 114
48 81 150
54 88 158
72 104 178
215 218 220
54 38 88
142 164 206
31 52 54
70 48 30
118 127 176
180 134 166
55 37 30
196 146 170
94 76 108
209 164 177
102 108 147
65 88 131
21 14 12
14 11 12
154 94 101
66 114 171
122 102 82
77 55 33
64 54 90
188 190 164
16 54 134
175 161 160
156 134 136
104 124 136
55 86 157
12 44 110
111 124 168
70 49 30
140 104 88
170 152 148
144 88 102
207 210 214
188 182 174
30 60 127
51 66 105
38 16 14
104 98 131
84 46 76
80 70 68
98 136 180
143 114 92
136 80 88
136 128 118
40 47 80
24 42 70
85 62 58
14 48 94
240 216 224
146 91 103
12 42 92
104 108 142
134 122 121
122 107 104
189 176 176
159 106 118
62 81 135
187 166 155
37 64 125
87 148 207
24 13 12
62 78 82
184 170 162
58 68 106
80 62 57
72 84 121
140 92 95
106 82 62
129 122 113
115 108 108
138 128 128
4 32 90
77 52 44
162 135 110
116 84 78
182 170 164
213 206 202
194 192 196
47 38 81
122 108 99
106 132 182
141 162 188
73 110 184
72 108 174
30 53 76
72 112 185
4 45 115
18 60 118
95 166 226
66 98 150
89 154 215
72 112 187
24 72 141
66 116 196
28 72 144
56 102 174
15 36 87
8 48 122
25 65 134
108 161 240
88 61 68
80 80 94
188 164 210
146 119 160
138 164 214
170 134 176
144 119 166
64 44 19
136 108 166
104 88 120
182 177 254
134 154 203
181 166 168
132 124 109
106 94 83
83 84 88
156 157 161
116 106 102
145 139 136
168 162 159
118 100 101
126 100 100
110 134 144
137 132 124
52 56 75
138 165 206
49 52 70
107 124 162
157 134 172
20 53 81
141 162 188
1 32 57
6 31 64
72 112 185
72 109 167
90 160 220
8 60 126
144 119 99
10 54 132
66 116 194
61 112 194
12 65 147
10 46 107
180 155 120
84 58 45
98 70 74
78 78 94
125 105 152
58 66 84
139 166 216
175 139 183
116 129 157
73 53 27
104 88 120
127 146 193
203 185 194
160 152 146
83 84 88
176 180 184
116 106 102
97 95 96
108 92 92
146 130 124
114 90 82
58 76 63
190 198 176
146 174 214
158 136 166
62 88 132
76 102 148
56 104 167
5 52 102
153 132 170
10 38 64
2 30 53
14 36 58
52 90 164
62 92 138
6 46 117
16 50 106
66 112 193
66 98 153
10 54 132
19 64 137
64 116 196
71 96 154
180 155 120
73 74 89
158 126 166
132 160 208
186 148 192
92 77 61
146 172 218
148 122 163
56 38 18
107 92 123
142 139 214
115 98 86
120 138 186
113 98 132
167 142 173
117 98 124
136 129 114
57 37 34
134 124 128
80 65 50
160 152 141
12 10 12
187 191 194
16 18 26
162 166 180
117 110 112
24 26 30
80 81 86
24 18 15
176 172 172
147 130 122
176 162 168
108 72 72
158 126 92
135 111 110
82 60 58
72 70 50
42 42 56
152 183 224
29 32 56
65 92 134
48 70 120
83 133 176
5 28 49
64 100 160
142 120 104
72 121 201
25 55 110
182 156 120
174 154 124
66 68 82
62 68 88
191 154 198
70 86 111
128 112 88
156 128 171
48 31 14
138 119 102
127 146 193
66 40 45
30 34 82
134 124 128
98 85 72
148 130 121
139 128 118
160 152 146
219 156 193
150 154 168
180 92 108
184 182 182
167 148 154
174 140 122
94 114 125
135 111 110
100 125 122
200 206 180
72 70 50
146 179 220
18 38 58
126 102 73
69 111 184
29 72 142
10 54 130
42 80 148
182 157 122
134 162 210
110 124 152
76 89 144
102 116 160
60 36 42
140 166 222
127 101 106
74 56 50
214 153 188
61 46 48
78 82 94
28 28 32
200 210 218
227 183 220
198 144 170
34 20 8
36 19 8
167 153 146
180 162 170
190 151 170
120 70 78
153 116 127
88 90 72
152 130 158
110 132 174
76 116 178
133 96 134
20 61 138
64 108 179
66 115 190
174 144 108
178 151 111
216 170 210
194 156 197
50 64 86
166 136 178
70 52 34
206 150 186
103 73 50
160 152 146
98 104 117
132 106 78
179 90 106
54 37 26
40 21 8
186 140 160
112 92 96
150 106 120
122 94 90
126 95 62
186 140 164
152 118 120
65 69 58
94 119 162
176 150 114
125 100 72
63 100 164
20 60 129
73 119 198
66 116 194
139 120 90
54 68 94
138 110 147
88 77 106
191 191 192
86 54 96
106 87 60
192 182 190
170 164 156
203 217 226
230 230 236
234 240 250
169 116 137
232 213 182
56 39 43
78 125 198
103 151 217
46 69 112
70 142 206
144 120 100
19 60 130
182 154 113
226 218 214
158 122 154
130 100 72
113 82 52
190 147 178
169 170 164
144 102 92
40 21 12
182 170 165
172 110 102
184 154 168
118 140 150
56 58 76
119 148 196
54 83 128
12 38 70
6 52 134
10 64 146
124 107 88
110 124 152
121 106 88
142 136 140
245 201 238
94 113 111
43 90 166
12 55 132
68 100 152
22 70 140
28 62 122
6 56 136
7 45 122
166 140 182
89 84 122
116 78 112
154 144 134
36 24 24
92 86 92
164 154 152
192 186 184
92 158 222
22 70 140
16 49 110
145 122 179
158 178 192
114 140 138
40 38 54
52 82 143
127 114 116
1 42 117
20 58 113
139 120 95
140 166 216
109 93 126
146 132 124
112 136 180
93 165 226
70 114 192
62 114 193
120 103 81
93 84 166
122 111 99
210 208 210
152 128 125
46 35 42
136 164 207
130 104 73
130 156 208
80 72 153
192 190 188
212 188 199
138 131 120
171 166 158
197 208 216
203 194 196
150 129 124
208 208 210
231 214 182
54 66 106
168 140 112
63 42 26
214 201 188
130 156 206
189 158 178
184 146 171
166 158 150
162 152 148
194 164 183
200 142 169
136 114 90
116 148 200
79 116 178
39 60 78
23 53 122
69 50 32
209 167 194
242 215 239
183 180 172
26 18 12
160 134 132
92 160 214
166 136 192
206 174 221
182 172 248
54 115 177
112 94 71
116 137 182
66 87 113
96 165 224
74 118 195
20 66 132
100 150 190
176 149 113
170 150 132
30 54 114
110 120 154
80 51 45
68 112 193
33 36 62
110 91 123
140 112 156
89 136 191
186 156 188
112 106 157
170 162 165
116 99 81
16 58 124
62 84 142
46 34 33
64 104 156
109 91 86
153 126 128
108 77 75
34 82 156
72 58 51
168 178 196
153 138 132
110 78 59
156 149 141
50 40 43
54 44 42
26 37 66
22 32 70
61 90 136
56 66 110
60 90 151
20 68 126
14 54 126
65 100 157
164 139 124
88 156 219
73 112 176
28 62 128
66 120 200
85 112 168
66 42 28
80 85 109
113 88 115
182 156 191
65 66 120
144 142 142
134 110 90
138 134 136
159 154 152
98 92 88
122 103 98
166 143 150
110 82 80
128 151 148
50 70 62
24 32 66
53 65 108
84 148 210
90 165 225
64 100 160
22 63 136
80 120 192
67 95 154
68 75 96
190 166 210
149 132 114
184 178 248
94 80 57
168 148 144
196 195 202
144 142 142
129 115 98
32 22 12
113 105 101
244 200 236
74 56 52
152 118 104
215 173 192
106 128 140
49 42 50
134 123 118
65 54 52
150 130 151
30 33 63
50 66 110
146 127 166
83 82 112
180 155 125
99 148 194
95 126 162
66 104 176
88 158 220
41 92 176
48 98 174
35 66 126
70 118 196
10 52 128
180 148 180
88 78 96
118 80 80
33 18 22
146 141 146
106 100 102
226 216 214
240 194 232
242 162 186
210 166 186
86 98 102
106 128 140
52 70 63
78 71 84
166 144 174
28 35 60
58 67 100
154 128 170
80 78 116
53 86 150
73 112 176
68 115 196
17 68 136
8 54 132
30 59 116
62 117 198
138 112 155
144 137 216
194 153 182
208 196 197
193 193 193
114 110 114
132 128 130
43 30 26
93 72 52
39 24 12
200 176 155
141 104 118
164 123 143
240 194 232
238 192 228
144 106 96
195 136 158
140 113 112
87 61 62
146 135 130
36 30 40
128 106 112
148 110 148
105 94 132
43 82 152
158 133 116
63 110 189
55 113 198
192 155 199
164 134 172
181 144 186
116 110 146
17 11 14
189 182 182
81 64 59
242 168 193
192 148 140
198 206 182
37 31 42
62 88 138
180 153 132
49 71 121
56 64 99
88 158 220
140 124 101
37 53 80
111 96 82
124 90 70
187 140 160
155 116 130
153 140 134
25 20 16
226 166 202
206 174 182
155 68 80
198 146 174
186 177 176
191 148 138
120 100 84
60 86 142
172 123 158
50 74 124
5 27 46
64 112 190
158 130 96
176 150 112
90 64 38
200 196 208
199 194 194
238 192 230
136 93 80
116 85 83
206 165 183
154 123 84
140 79 86
160 100 91
136 102 106
118 100 82
129 158 200
97 126 172
170 146 126
52 67 99
27 39 60
142 104 140
172 128 150
50 27 28
192 188 186
58 42 48
202 151 178
118 92 90
82 53 68
75 92 88
230 218 189
92 114 152
110 131 172
78 108 155
156 179 226
148 142 132
43 96 174
158 138 128
20 67 136
78 51 50
194 157 190
71 70 122
48 48 58
163 156 147
10 58 126
90 100 150
116 106 102
143 136 210
203 206 207
201 168 187
30 67 98
79 69 72
66 108 185
128 94 105
92 69 50
10 38 91
68 116 196
161 132 176
62 40 23
35 17 18
112 130 141
208 158 196
17 44 110
140 114 146
138 106 104
86 64 47
59 96 169
84 152 208
146 126 118
63 98 136
56 98 170
100 123 168
66 92 148
168 142 106
169 128 138
151 122 92
160 141 116
68 72 68
14 56 131
88 165 220
70 42 44
160 143 122
70 52 38
72 100 150
18 68 152
8 48 124
100 160 238
71 43 44
136 110 140
50 28 12
56 88 153
86 148 226
112 85 119
110 88 66
42 23 10
10 40 90
22 70 138
47 78 139
74 134 214
79 58 44
10 33 48
94 86 92
116 152 206
182 151 123
86 146 226
140 128 208
97 86 120
32 30 48
116 89 66
88 96 139
144 116 159
46 36 45
192 182 178
204 172 189
46 36 45
19 18 24
72 120 199
136 104 128
9 50 124
80 127 204
56 102 178
118 130 172
126 99 100
73 50 28
134 106 112
83 118 158
132 128 120
188 144 148
54 93 167
128 109 87
89 78 86
104 86 68
76 94 130
94 86 82
106 80 59
70 50 24
118 85 110
62 42 20
148 134 130
102 84 62
14 48 120
50 38 31
70 97 141
86 90 138
190 185 174
77 92 140
54 68 106
180 146 176
88 74 90
20 52 108
16 62 145
11 53 110
96 166 222
70 110 188
92 160 218
29 68 144
34 76 153
28 64 138
22 59 130
11 56 126
74 112 198
124 79 108
16 62 148
204 186 185
128 91 69
108 67 64
132 120 102
117 102 78
42 26 12
129 100 76
48 48 42
186 187 188
56 43 40
137 122 128
87 74 84
104 80 55
210 162 178
75 64 64
134 105 112
248 204 242
126 120 106
148 142 132
108 125 150
77 92 140
39 68 122
68 96 160
32 62 132
20 68 156
104 92 73
212 192 192
54 52 46
165 153 156
86 78 78
170 164 164
87 74 84
132 108 86
136 136 132
55 61 70
248 195 239
154 116 153
122 126 173
58 58 79
36 61 109
66 90 144
89 116 182
180 144 175
40 72 142
79 112 186
107 68 62
170 159 162
70 56 66
46 27 16
64 42 22
50 29 16
114 89 90
126 146 158
102 124 138
180 136 128
245 200 238
74 85 111
86 105 132
122 126 173
40 66 116
18 64 145
170 135 168
88 85 102
18 58 133
26 60 134
6 51 118
78 114 187
208 192 198
12 42 111
44 30 34
134 126 130
198 192 189
134 78 78
150 126 95
119 130 160
76 111 178
60 99 176
212 200 208
39 16 20
143 134 134
201 197 200
105 80 54
186 160 178
162 170 151
35 30 46
36 47 64
90 126 171
136 160 206
47 44 103
66 106 181
17 40 94
44 98 182
137 113 132
189 146 180
109 84 118
192 142 164
110 69 66
48 26 13
186 160 178
202 202 210
242 238 249
96 69 106
86 118 170
99 90 94
76 42 83
216 160 192
189 180 172
112 86 58
208 202 195
229 231 238
50 38 40
229 234 234
150 113 98
170 125 143
73 74 102
100 120 160
77 111 186
114 77 112
102 89 164
54 60 112
114 136 188
164 127 158
54 98 169
208 218 226
37 22 17
103 85 76
88 156 218
6 41 115
26 55 121
12 60 146
13 56 141
149 98 110
147 126 106
158 150 148
62 97 166
24 56 110
88 120 192
201 202 206
190 154 198
54 89 157
134 92 128
142 104 112
78 116 195
32 63 138
164 148 132
59 33 24
116 96 105
37 33 54
64 90 144
69 110 187
80 64 74
18 50 124
220 196 199
57 38 26
78 110 168
213 154 184
62 48 49
157 148 153
218 220 224
174 146 154
97 120 164
204 155 186
170 125 113
148 136 137
206 199 192
18 12 10
76 132 188
74 66 98
120 102 82
90 154 212
69 52 36
58 40 28
62 41 18
35 20 9
158 145 140
220 216 224
53 36 30
164 156 150
168 130 140
63 49 58
110 123 147
64 95 160
20 41 102
135 88 94
203 185 196
42 19 22
204 202 205
104 74 75
112 100 102
140 134 128
86 108 113
196 189 186
74 104 158
65 114 184
83 72 72
56 74 131
222 190 216
166 158 152
172 152 133
69 45 22
74 72 86
137 118 100
53 58 92
80 68 68
98 165 221
122 86 84
28 62 134
106 80 57
108 88 71
80 62 58
204 190 194
222 187 187
123 145 144
68 50 48
78 82 70
99 144 191
30 52 94
72 100 146
78 70 95
72 108 187
106 80 57
212 211 214
79 56 34
194 173 168
156 156 150
96 68 56
123 100 101
222 187 187
216 167 174
29 58 65
31 30 56
164 140 116
69 92 144
85 76 116
152 99 125
98 70 92
80 114 187
94 70 46
90 69 64
76 64 64
209 204 208
74 76 87
173 124 139
43 68 71
156 133 102
72 73 86
156 118 156
64 76 108
60 56 74
63 99 168
86 115 182
204 148 176
111 126 172
19 46 112
142 112 82
200 183 172
192 182 182
58 66 75
162 118 129
98 71 74
103 128 123
150 127 97
144 106 148
118 119 166
198 153 186
104 146 192
178 150 120
59 94 128
86 124 196
166 118 147
123 80 78
56 40 49
139 100 104
87 60 44
170 156 156
120 88 83
60 66 76
214 185 176
124 106 84
68 58 62
79 66 65
148 110 150
72 104 156
134 94 123
208 192 198
78 78 80
48 30 16
222 212 204
171 96 112
160 118 130
130 104 103
178 188 167
162 125 109
166 144 112
42 50 74
68 81 111
44 56 90
204 163 192
98 71 78
210 154 186
2 39 106
66 80 116
44 28 29
112 86 64
38 20 14
38 20 8
234 229 243
104 72 72
210 204 202
152 108 100
184 153 118
50 52 70
112 116 138
94 87 111
38 70 135
136 106 71
218 217 222
59 72 80
34 66 76
198 200 170
210 208 212
138 113 97
68 105 178
103 90 73
62 44 32
104 133 134
12 35 82
34 61 121
232 215 232
184 164 161
157 124 106
206 183 190
109 128 176
153 103 131
206 194 196
80 119 188
131 94 128
201 190 195
224 228 238
158 121 106
31 63 117
68 74 101
63 89 142
66 76 78
104 124 120
59 36 26
46 24 20
76 60 58
170 127 110
118 102 104
186 156 136
139 128 108
130 90 99
170 130 142
57 52 58
130 94 99
80 107 164
64 79 78
52 30 24
198 198 174
124 146 194
220 197 207
152 121 124
72 78 94
207 150 178
103 74 56
161 130 132
100 73 80
138 98 86
96 84 124
88 158 212
45 28 26
27 14 8
186 143 158
114 92 73
194 191 183
196 168 178
47 68 114
94 72 53
50 34 14
54 44 40
135 92 102
34 56 62
133 126 114
193 186 176
168 162 156
62 86 132
18 52 102
26 53 108
185 172 170
196 186 180
130 90 98
157 150 140
168 162 155
73 78 100
66 58 71
52 68 112
68 95 142
27 61 130
182 180 182
207 200 200
96 68 54
231 190 214
185 163 154
147 129 103
70 75 98
51 66 106
16 34 80
28 10 10
35 56 63
48 54 76
89 60 78
66 55 39
163 116 135
140 110 92
88 98 146
82 87 110
44 54 85
89 156 210
52 104 157
19 11 13
206 209 211
209 180 205
29 58 68
124 158 162
136 102 88
58 78 143
41 61 98
196 189 184
27 60 70
124 106 84
176 167 238
110 74 104
210 200 204
188 148 165
128 109 96
38 26 13
212 210 214
129 121 112
247 240 232
230 222 214
113 104 90
210 204 196
140 140 158
66 56 91
84 138 196
224 218 211
57 49 62
79 94 102
174 136 149
199 192 184
220 213 207
37 20 15
178 162 160
62 84 86
158 137 116
142 132 134
75 104 172
45 28 16
135 106 76
199 186 187
204 196 190
184 170 172
125 143 153
68 88 135
224 201 210
44 27 22
200 196 190
98 78 74
173 142 102
116 84 110
181 165 154
202 198 200
171 104 116
184 126 146
70 108 174
170 139 167
244 192 240
66 90 138
55 29 22
208 178 182
190 172 170
234 194 218
56 59 52
40 82 154
186 172 169
82 66 76
38 18 8
186 173 174
49 44 56
60 37 28
23 63 142
124 92 64
205 192 186
202 198 186
166 182 190
132 154 169
79 74 88
94 90 78
169 149 134
101 81 62
226 227 230
46 54 51
53 34 26
236 232 242
80 80 74
130 85 97
208 176 170
134 118 115
72 108 170
174 163 164
211 206 204
148 92 92
134 104 75
174 144 119
112 68 66
203 202 208
188 166 145
210 206 184
54 52 50
149 92 93
174 142 107
50 40 99
195 148 175
88 154 206
224 226 230
107 75 68
142 134 126
112 130 171
66 83 124
107 124 150
162 158 161
186 189 192
72 98 160
6 42 113
183 118 139
144 102 113
167 160 151
14 28 52
74 96 149
62 80 122
186 152 176
164 140 112
146 128 123
50 76 138
120 66 73
29 22 38
126 98 62
175 150 148
82 74 70
37 36 87
190 142 166
161 129 128
180 134 161
81 134 187
217 223 229
2 30 82
24 8 10
164 158 151
124 111 101
141 141 166
123 72 96
4 19 48
172 158 152
18 54 121
134 122 120
152 130 128
88 77 76
23 54 109
126 98 70
25 54 118
72 49 28
78 70 78
111 134 180
26 34 58
152 128 124
51 60 95
78 132 180
38 61 124
60 46 46
160 138 118
146 128 119
64 88 135
80 66 66
238 185 229
70 54 52
64 70 64
105 116 164
112 94 127
70 106 168
74 115 182
220 210 208
214 210 206
187 174 143
106 82 83
162 136 102
74 110 176
80 136 189
94 64 44
208 144 168
126 90 76
151 126 97
32 29 45
116 86 56
162 132 102
81 72 74
50 32 76
214 204 213
200 194 191
214 212 218
198 194 198
71 68 82
80 66 66
62 57 92
66 89 135
54 66 102
230 182 215
152 144 134
92 96 114
152 142 137
133 108 140
132 115 103
71 100 163
183 167 160
114 84 80
168 124 136
70 98 154
126 120 130
68 104 176
47 72 129
114 128 174
163 135 115
116 88 56
94 94 110
218 206 196
24 53 66
46 26 44
104 124 170
8 40 94
206 197 188
194 192 168
155 134 108
214 213 215
216 214 220
