15 4395 14383
0 0 0.111547 0.0569901
1 0 0.120381 -0.0357991
0 1 -0.112232 -0.398119
1 1 -0.0827875 -0.457769
0 2 -0.394901 -0.267772
1 2 -0.383123 -0.387073
0 3 -0.545068 0.134314
1 3 -0.518568 0.0569901
0 4 -1.01913 -0.530675
1 4 -0.966127 -0.612418
0 5 -0.430234 -0.0601011
1 5 -0.412568 -0.1551
0 6 -0.303622 -0.179401
1 6 -0.297733 -0.307539
0 7 -0.680514 -0.952645
1 7 -0.633402 -1.0123
0 8 -0.515624 -0.641138
1 8 -0.483235 -0.720672
0 9 -0.135788 -0.415793
1 9 -0.106343 -0.473234
0 10 -0.542124 -0.833344
1 10 -0.500901 -0.897413
0 11 -0.0327316 -0.320795
1 11 -0.00917586 -0.391491
0 12 -0.745292 -0.694161
1 12 -0.707014 -0.782531
0 13 -0.406679 -0.0490548
1 13 -0.389012 -0.144053
0 14 -0.674625 -0.616836
1 14 -0.639291 -0.702998
0 15 -0.615736 -0.236842
1 15 -0.589235 -0.331841
0 16 -0.73057 -0.499745
1 16 -0.692292 -0.579279
0 17 -0.0945653 -0.205913
1 17 -0.079843 -0.296493
0 18 -0.512679 -0.718463
1 18 -0.477346 -0.789159
0 19 -0.436123 -0.619046
1 19 -0.409623 -0.707416
0 20 -0.530346 -0.740555
1 20 -0.492068 -0.811252
0 21 -0.662847 -0.930552
1 21 -0.615736 -0.990202
0 22 -0.577458 -0.744974
1 22 -0.53918 -0.81567
0 23 -0.56568 -0.797996
1 23 -0.524457 -0.864274
0 24 -0.724681 -0.371608
1 24 -0.692292 -0.466606
0 25 -0.0474538 -0.30533
1 25 -0.0238981 -0.376026
0 26 -0.754125 -0.48428
1 26 -0.715847 -0.568232
0 27 -0.509735 -0.711835
1 27 -0.474401 -0.784741
0 28 -0.079843 -0.316376
1 28 -0.0562873 -0.387073
0 29 -0.762959 -0.420212
1 29 -0.727625 -0.510791
0 30 -0.447901 0.145361
1 30 -0.42729 0.0636179
0 31 -0.621625 -0.241261
1 31 -0.595124 -0.336259
0 32 -0.627513 -0.210331
1 32 -0.601013 -0.307539
0 33 -0.521513 -0.0490548
1 33 -0.500901 -0.144053
0 34 -0.760014 -0.497536
1 34 -0.721736 -0.583697
0 35 -0.48029 -0.742764
1 35 -0.45379 -0.839972
0 36 -0.259455 -0.404747
1 36 -0.230011 -0.468815
0 37 -0.206455 -0.139635
1 37 -0.191733 -0.230215
0 38 -0.312456 0.0172232
1 38 -0.3154 -0.130798
0 39 -0.556846 -0.314167
1 39 -0.536235 -0.422421
0 40 -0.559791 -0.784741
1 40 -0.521513 -0.853228
0 41 -0.530346 -0.557186
1 41 -0.497957 -0.63451
0 42 -0.733514 -0.300911
1 42 -0.709958 -0.422421
0 43 -0.45379 0.101175
1 43 -0.433179 0.015014
0 44 -0.244733 -0.0446362
1 44 -0.230011 -0.133007
0 45 -0.141677 -0.287656
1 45 -0.121066 -0.369398
0 46 -0.191733 -0.236842
1 46 -0.174066 -0.323004
0 47 -0.686403 -0.216959
1 47 -0.656958 -0.311957
0 48 -0.545068 -0.740555
1 48 -0.50679 -0.811252
0 49 -0.277122 -0.488699
1 49 -0.253566 -0.57486
0 50 -0.659903 -0.420212
1 50 -0.61868 -0.482071
0 51 -0.241789 -0.508582
1 51 -0.221177 -0.601371
0 52 -0.624569 -0.81567
1 52 -0.583346 -0.884158
0 53 -0.527402 -0.320795
1 53 -0.50679 -0.426839
0 54 -0.309511 -0.822298
1 54 -0.277122 -0.888576
0 55 -0.636347 -0.163937
1 55 -0.609847 -0.261144
0 56 -1.00146 -0.54614
1 56 -0.94846 -0.625673
0 57 -0.559791 -0.716253
1 57 -0.524457 -0.791368
0 58 -0.639291 -0.21254
1 58 -0.612791 -0.309748
0 59 -0.162288 -0.148472
1 59 -0.147566 -0.239052
0 60 -0.174066 -0.161727
1 60 -0.159344 -0.254517
0 61 -0.241789 -0.0446362
1 61 -0.227066 -0.133007
0 62 -0.595124 -0.400328
1 62 -0.562735 -0.479862
0 63 -0.344845 -0.239052
1 63 -0.336011 -0.362771
0 64 -0.559791 -0.477652
1 64 -0.521513 -0.535093
0 65 -0.259455 -0.254517
1 65 -0.238844 -0.338469
0 66 -0.174066 -0.245679
1 66 -0.156399 -0.331841
0 67 -0.606902 0.0857105
1 67 -0.574513 0.015014
0 68 -0.444957 -0.440095
1 68 -0.418456 -0.521838
0 69 -0.598069 -0.775903
1 69 -0.556846 -0.844391
0 70 -0.0415649 -0.186029
1 70 -0.0238981 -0.267772
0 71 -0.518568 -0.45556
1 71 -0.483235 -0.517419
0 72 -0.627513 -0.161727
1 72 -0.601013 -0.256726
0 73 -0.389012 -0.199285
1 73 -0.380178 -0.325213
0 74 -0.73057 -0.422421
1 74 -0.689347 -0.493117
0 75 -0.933738 -0.57486
1 75 -0.883682 -0.652185
0 76 -0.191733 0.0172232
1 76 -0.174066 -0.0578918
0 77 0.132159 -0.0114972
1 77 0.140992 -0.110914
0 78 -0.100454 -0.462188
1 78 -0.0710096 -0.526256
0 79 -0.165232 -0.398119
1 79 -0.138732 -0.464397
0 80 -0.574513 -0.740555
1 80 -0.536235 -0.811252
0 81 0.161603 -0.87532
1 81 0.185159 -0.941598
0 82 -0.415512 -0.121961
1 82 -0.397845 -0.219168
0 83 -0.789459 -1.0609
1 83 -0.733514 -1.1095
0 84 0.0497135 -0.0976586
1 84 0.0614913 -0.194866
0 85 -0.630458 -0.888576
1 85 -0.586291 -0.950436
0 86 0.149825 -0.0490548
1 86 0.161603 -0.141844
0 87 -0.659903 -0.0623104
1 87 -0.627513 -0.141844
0 88 -0.227066 -0.431258
1 88 -0.197622 -0.493117
0 89 -0.412568 -0.583697
1 89 -0.383123 -0.663231
0 90 -0.265344 -0.314167
1 90 -0.241789 -0.389282
0 91 -0.627513 -0.884158
1 91 -0.583346 -0.946017
0 92 -0.274178 -0.247889
1 92 -0.256511 -0.340678
0 93 -0.294789 -0.104286
1 93 -0.280067 -0.199285
0 94 -0.654014 -0.647766
1 94 -0.61868 -0.731718
0 95 -0.268289 -0.179401
1 95 -0.253566 -0.276609
0 96 -0.471457 -0.331841
1 96 -0.447901 -0.42463
0 97 -0.70407 -0.519629
1 97 -0.665791 -0.594744
0 98 0.202826 -0.413584
1 98 0.252882 -0.415793
0 99 -0.824793 -1.08741
1 99 -0.765903 -1.1316
0 100 -0.695236 -0.413584
1 100 -0.654014 -0.479862
0 101 -0.456735 -0.689742
1 101 -0.421401 -0.758229
0 102 -0.3154 -0.760439
1 102 -0.285956 -0.844391
0 103 -0.486179 -0.758229
1 103 -0.447901 -0.822298
0 104 -0.562735 -0.0755659
1 104 -0.53918 -0.168355
0 105 -0.512679 -0.342887
1 105 -0.492068 -0.446723
0 106 -0.241789 -0.216959
1 106 -0.227066 -0.316376
0 107 -1.01324 -0.539512
1 107 -0.960238 -0.621255
0 108 -0.64518 -0.21475
1 108 -0.61868 -0.311957
0 109 -0.75707 -0.687533
1 109 -0.718792 -0.775903
0 110 -0.456735 0.0923383
1 110 -0.436123 0.00617691
0 111 -0.780626 -0.510791
1 111 -0.739403 -0.590325
0 112 -0.17701 -1.01009
1 112 -0.135788 -1.07195
0 113 -0.035676 -0.285446
1 113 -0.0121203 -0.356143
0 114 -0.439068 -0.285446
1 114 -0.412568 -0.362771
0 115 -0.609847 0.00175838
1 115 -0.580402 -0.0799845
0 116 -0.64518 -0.0114972
1 116 -0.612791 -0.0888215
0 117 0.00849095 -0.435676
1 117 0.0349911 -0.508582
0 118 -0.662847 -0.0711474
1 118 -0.630458 -0.150681
0 119 -0.742348 -0.358352
1 119 -0.709958 -0.45556
0 120 0.132159 0.0680364
1 120 0.140992 -0.0269621
0 121 -0.571569 0.0724549
1 121 -0.545068 -0.0114972
0 122 -0.603958 -0.616836
1 122 -0.568624 -0.69637
0 123 -0.963182 -0.559395
1 123 -0.913127 -0.638929
0 124 -0.527402 -0.508582
1 124 -0.497957 -0.592534
0 125 -0.712903 -0.471025
1 125 -0.674625 -0.548349
0 126 -0.0503983 -0.362771
1 126 -0.0268426 -0.435676
0 127 -0.659903 -0.418002
1 127 -0.61868 -0.479862
0 128 -0.306567 0.0304788
1 128 -0.309511 -0.115333
0 129 -0.792403 -0.513001
1 129 -0.751181 -0.592534
0 130 -0.203511 -0.0556826
1 130 -0.188788 -0.144053
0 131 -0.518568 -0.482071
1 131 -0.489124 -0.566023
0 132 -0.548013 -0.283237
1 132 -0.518568 -0.360561
0 133 -0.259455 -0.199285
1 133 -0.244733 -0.296493
0 134 -0.271233 -0.208122
1 134 -0.253566 -0.298702
0 135 -0.274178 -0.108705
1 135 -0.259455 -0.203703
0 136 -0.583346 0.105594
1 136 -0.553902 0.0304788
0 137 -0.774737 -0.501954
1 137 -0.733514 -0.583697
0 138 -0.574513 0.0326881
1 138 -0.548013 -0.051264
0 139 -0.338956 -0.919506
1 139 -0.297733 -0.974737
0 140 -0.118121 -0.250098
1 140 -0.100454 -0.336259
0 141 -0.61868 -0.159518
1 141 -0.59218 -0.254517
0 142 -0.530346 -0.811252
1 142 -0.492068 -0.879739
0 143 -0.524457 -0.548349
1 143 -0.492068 -0.627883
0 144 -0.503846 -0.616836
1 144 -0.471457 -0.694161
0 145 -0.126954 -0.409165
1 145 -0.0975098 -0.466606
0 146 -0.495013 -0.258935
1 146 -0.465568 -0.331841
0 147 -0.609847 -0.307539
1 147 -0.59218 -0.429049
0 148 -0.583346 -0.753811
1 148 -0.545068 -0.826717
0 149 -0.253566 -0.349515
1 149 -0.227066 -0.418002
0 150 -0.439068 0.105594
1 150 -0.418456 0.0216418
0 151 -0.765903 -0.435676
1 151 -0.73057 -0.526256
0 152 -0.751181 -0.404747
1 152 -0.715847 -0.495327
0 153 -0.483235 -0.508582
1 153 -0.45379 -0.590325
0 154 -0.568624 -0.731718
1 154 -0.530346 -0.802415
0 155 0.182214 0.023851
1 155 0.191048 -0.0733567
0 156 -0.542124 0.134314
1 156 -0.515624 0.0569901
0 157 -0.789459 -0.513001
1 157 -0.748237 -0.592534
0 158 -0.609847 -0.241261
1 158 -0.583346 -0.336259
0 159 -0.683458 -0.186029
1 159 -0.651069 -0.269981
0 160 -0.159344 -0.402537
1 160 -0.132843 -0.468815
0 161 -0.459679 -0.0225436
1 161 -0.439068 -0.113123
0 162 -0.0562873 -0.572651
1 162 -0.0238981 -0.630092
0 163 -0.615736 -0.00486941
1 163 -0.589235 -0.0932401
0 164 -0.50679 -0.433467
1 164 -0.471457 -0.497536
0 165 -0.795348 -0.513001
1 165 -0.754125 -0.592534
0 166 -0.59218 -0.223587
1 166 -0.568624 -0.323004
0 167 -0.489124 -0.409165
1 167 -0.456735 -0.475443
0 168 -0.548013 -0.0203343
1 168 -0.524457 -0.110914
0 169 0.0556024 -0.159518
1 169 0.0673803 -0.252307
0 170 0.15277 0.0128047
1 170 0.161603 -0.084403
0 171 -0.877793 -0.57486
1 171 -0.830682 -0.652185
0 172 -0.686403 -0.170564
1 172 -0.654014 -0.254517
0 173 -0.67168 -0.130798
1 173 -0.642236 -0.223587
0 174 -0.512679 -0.265563
1 174 -0.483235 -0.338469
0 175 -0.916071 -0.579279
1 175 -0.866015 -0.656603
0 176 -0.256511 -0.230215
1 176 -0.241789 -0.327422
0 177 -0.56568 -0.800205
1 177 -0.524457 -0.866483
0 178 -0.718792 -0.475443
1 178 -0.680514 -0.552768
0 179 -0.477346 -0.559395
1 179 -0.444957 -0.63451
0 180 -0.347789 -0.753811
1 180 -0.3154 -0.824507
0 181 -0.359567 -0.236842
1 181 -0.350734 -0.358352
0 182 -0.303622 -0.60579
1 182 -0.271233 -0.672068
0 183 -0.377234 -0.444513
1 183 -0.356623 -0.541721
0 184 -0.571569 -0.577069
1 184 -0.53918 -0.658812
0 185 -0.633402 -0.833344
1 185 -0.59218 -0.901832
0 186 -0.656958 -0.950436
1 186 -0.609847 -1.00788
0 187 -0.665791 -0.0799845
1 187 -0.633402 -0.159518
0 188 0.0997694 -0.406956
1 188 0.146881 -0.413584
0 189 -0.391956 -0.444513
1 189 -0.371345 -0.54393
0 190 -0.739403 -0.448932
1 190 -0.698181 -0.521838
0 191 -0.606902 0.0746642
1 191 -0.577458 -0.00266015
0 192 -0.742348 -0.537303
1 192 -0.701125 -0.612418
0 193 -0.303622 -0.186029
1 193 -0.285956 -0.2744
0 194 -0.659903 -0.583697
1 194 -0.624569 -0.667649
0 195 -0.70407 -0.521838
1 195 -0.665791 -0.596953
0 196 -0.397845 -0.250098
1 196 -0.383123 -0.358352
0 197 -0.415512 -0.570442
1 197 -0.386067 -0.649975
0 198 -0.606902 -0.236842
1 198 -0.580402 -0.331841
0 199 -0.0621762 -0.265563
1 199 -0.0415649 -0.340678
0 200 -0.424345 -0.0490548
1 200 -0.406679 -0.144053
0 201 -0.159344 -0.488699
1 201 -0.126954 -0.541721
0 202 -0.477346 -0.72509
1 202 -0.450846 -0.822298
0 203 -0.48029 -0.550558
1 203 -0.447901 -0.625673
0 204 -0.238844 -0.210331
1 204 -0.224122 -0.309748
0 205 -0.751181 -0.477652
2 205 -0.789459 -0.541721
0 206 -1.03679 -0.96811
2 206 -1.06329 -1.0123
0 207 -1.10157 -1.03881
2 207 -1.11924 -1.07636
2 3 -0.580402 0.0658271
0 208 -0.0857319 -0.342887
2 208 -0.135788 -0.391491
0 209 -0.83657 -0.775903
2 209 -0.877793 -0.831135
0 210 -0.930793 -0.90625
2 210 -0.963182 -0.952645
0 211 -0.179955 -0.351724
2 211 -0.212344 -0.3937
0 212 -0.15051 -0.219168
2 212 -0.2359 -0.292074
2 16 -0.760014 -0.557186
0 213 -0.877793 -0.870902
2 213 -0.910182 -0.917297
0 214 0.00849095 -0.146262
2 214 -0.0975098 -0.225796
0 215 -0.227066 0.0393159
2 215 -0.2889 -0.0269621
0 216 -0.695236 -0.687533
2 216 -0.742348 -0.744974
2 30 -0.497957 0.0724549
0 217 -0.15051 -0.199285
2 217 -0.232955 -0.269981
0 218 -0.651069 -0.645557
2 218 -0.698181 -0.702998
0 219 0.00849095 -0.526256
2 219 -0.035676 -0.568232
0 220 -0.283011 -0.762648
2 220 -0.333067 -0.806833
0 221 -0.365456 0.0105954
2 221 -0.527402 -0.126379
0 222 -0.680514 -0.0910308
2 222 -0.709958 -0.159518
2 33 -0.586291 -0.130798
2 37 -0.2889 -0.21475
0 223 -0.42729 -0.592534
2 223 -0.495013 -0.654394
0 224 -0.403734 -0.54614
2 224 -0.465568 -0.60579
0 225 -0.0857319 -0.281028
2 225 -0.15051 -0.338469
0 226 -0.545068 0.048153
2 226 -0.59218 -0.0269621
0 227 -0.698181 -0.45556
2 227 -0.707014 -0.499745
0 228 -0.612791 -0.181611
2 228 -0.677569 -0.265563
0 229 -0.695236 -0.702998
2 229 -0.739403 -0.758229
2 41 -0.577458 -0.612418
2 43 -0.509735 0.0260603
0 230 -0.877793 -0.577069
2 230 -0.892515 -0.630092
2 44 -0.318345 -0.117542
0 231 -0.977905 -0.950436
2 231 -1.00735 -0.994621
0 232 -0.444957 -0.645557
2 232 -0.518568 -0.709625
0 233 -0.760014 -0.188239
2 233 -0.883682 -0.320795
0 234 -0.562735 -0.579279
2 234 -0.606902 -0.63451
2 47 -0.739403 -0.296493
0 235 -0.536235 -0.0291714
2 235 -0.598069 -0.110914
0 236 0.108603 0.0459437
2 236 0.00849095 -0.0291714
0 237 -0.963182 -0.93718
2 237 -0.992627 -0.981365
0 238 -0.536235 -0.15289
2 238 -0.609847 -0.239052
0 239 -1.16341 -1.08299
2 239 -1.17813 -1.11834
0 240 -0.718792 -0.957063
2 240 -0.724681 -0.981365
0 241 -0.391956 -0.413584
2 241 -0.486179 -0.495327
0 242 -0.662847 -0.87753
2 242 -0.677569 -0.908459
0 243 -0.848348 -0.844391
2 243 -0.883682 -0.892995
0 244 -0.474401 -0.0976586
2 244 -0.548013 -0.181611
0 245 -0.362512 -0.210331
2 245 -0.492068 -0.318585
0 246 -0.662847 -0.102077
2 246 -0.695236 -0.170564
0 247 -0.615736 0.0569901
2 247 -0.642236 -0.00928797
0 248 -0.727625 -0.753811
2 248 -0.765903 -0.804624
0 249 0.188103 0.0591993
2 249 0.0762137 -0.0203343
0 250 -0.0621762 -0.272191
2 250 -0.126954 -0.329632
2 65 -0.327178 -0.320795
0 251 -0.707014 -0.698579
2 251 -0.751181 -0.753811
0 252 -0.0445094 -0.205913
2 252 -0.135788 -0.278818
0 253 -0.542124 -0.336259
2 253 -0.633402 -0.426839
0 254 -0.966127 -0.559395
2 254 -0.97496 -0.614627
0 255 -1.15457 -1.0852
2 255 -1.16929 -1.12055
0 256 -0.736459 -0.740555
2 256 -0.777681 -0.793578
0 257 -0.892515 -0.890785
2 257 -0.924904 -0.93718
0 258 -0.471457 -0.296493
2 258 -0.542124 -0.371608
0 259 -0.00623138 -0.767066
2 259 -0.100454 -0.828926
0 260 -0.727625 -0.738346
2 260 -0.768848 -0.791368
0 261 -0.394901 -0.314167
2 261 -0.50679 -0.409165
0 262 -0.568624 -0.0777752
2 262 -0.621625 -0.1551
0 263 -1.04563 -0.976947
2 263 -1.06918 -1.01892
2 77 0.0202688 -0.0932401
0 264 -0.474401 -0.353934
2 264 -0.550957 -0.431258
0 265 -0.121066 -0.197076
2 265 -0.203511 -0.267772
0 266 -0.141677 -0.172774
2 266 -0.227066 -0.245679
0 267 -0.695236 -0.464397
2 267 -0.70407 -0.508582
0 268 -0.106343 -0.411374
2 268 -0.138732 -0.451141
0 269 -0.854237 -0.859856
2 269 -0.886626 -0.90625
0 270 -0.0975098 -0.371608
2 270 -0.135788 -0.413584
0 271 -0.0975098 -0.186029
2 271 -0.17701 -0.254517
2 90 -0.321289 -0.371608
0 272 -0.683458 -0.168355
2 272 -0.718792 -0.239052
0 273 0.394216 -0.994621
2 273 0.323549 -1.04543
0 274 -0.389012 -0.201494
2 274 -0.515624 -0.309748
0 275 -0.789459 -0.736137
2 275 -0.833626 -0.793578
0 276 -0.977905 -0.946017
2 276 -1.0044 -0.987993
0 277 -0.715847 -0.473234
2 277 -0.73057 -0.521838
0 278 0.0997694 -0.126379
2 278 -0.00917586 -0.205913
0 279 -0.474401 -0.0998679
2 279 -0.548013 -0.18382
0 280 -0.256511 -0.148472
2 280 -0.347789 -0.230215
0 281 -0.898404 -0.879739
2 281 -0.933738 -0.928343
0 282 -0.483235 -0.349515
2 282 -0.562735 -0.429049
0 283 -0.456735 -0.0932401
2 283 -0.533291 -0.177192
0 284 -0.556846 -0.429049
2 284 -0.577458 -0.475443
0 285 -0.0180092 -0.307539
2 285 -0.0768985 -0.360561
0 286 -0.0621762 -0.504164
2 286 -0.103399 -0.54614
0 287 -0.527402 -0.0402177
2 287 -0.589235 -0.121961
0 288 -0.0739541 -0.172774
2 288 -0.132843 -0.228005
0 289 -0.477346 -0.128588
2 289 -0.553902 -0.21475
0 290 -0.503846 0.00175838
2 290 -0.559791 -0.0755659
0 291 -0.0180092 -0.267772
2 291 -0.079843 -0.323004
0 292 -0.380178 -0.468815
2 292 -0.462623 -0.541721
2 106 -0.336011 -0.298702
0 293 -0.818904 -0.802415
2 293 -0.860126 -0.855437
0 294 -0.860126 -0.866483
2 294 -0.892515 -0.912878
0 295 -0.624569 -0.130798
2 295 -0.677569 -0.210331
0 296 0.411883 -0.42463
2 296 0.497272 -0.402537
0 297 -0.992627 -0.928343
2 297 -1.02207 -0.974737
0 298 -0.489124 -0.130798
2 298 -0.562735 -0.21475
0 299 -0.574513 -0.579279
2 299 -0.621625 -0.63672
0 300 -0.995572 0.317683
2 300 -1.13985 0.11664
2 118 -0.689347 -0.137425
0 301 -0.580402 0.0216418
2 301 -0.624569 -0.0534733
0 302 -0.606902 -0.607999
2 302 -0.654014 -0.66544
0 303 -0.824793 -0.828926
2 303 -0.863071 -0.879739
0 304 -0.972016 -0.892995
2 304 -1.00146 -0.941598
0 305 -0.562735 0.0857105
2 305 -0.601013 0.015014
0 306 -0.786515 -1.04764
2 306 -0.780626 -1.06311
0 307 -0.980849 -0.959273
2 307 -1.0044 -1.00125
0 308 0.523772 -0.771485
2 308 0.326493 -0.87753
0 309 -0.0592317 -0.563814
2 309 -0.0945653 -0.601371
0 310 -0.636347 -0.0888215
2 310 -0.674625 -0.159518
0 311 -0.939627 -0.928343
2 311 -0.969071 -0.972528
0 312 -0.103399 -0.371608
2 312 -0.144621 -0.415793
0 313 0.0349911 -0.146262
2 313 -0.0680651 -0.223587
0 314 -0.904293 -0.873111
2 314 -0.936682 -0.921715
2 130 -0.280067 -0.128588
0 315 0.0143798 -0.163937
2 315 -0.0886764 -0.241261
0 316 -0.509735 -0.345096
2 316 -0.595124 -0.429049
0 317 -0.0621762 -0.2744
2 317 -0.12401 -0.329632
0 318 -0.462623 -0.126379
2 318 -0.53918 -0.210331
0 319 -0.0297871 -0.1551
2 319 -0.106343 -0.219168
0 320 -0.515624 -0.508582
2 320 -0.571569 -0.570442
0 321 -0.674625 -0.0888215
2 321 -0.70407 -0.157309
2 136 -0.61868 0.0348974
0 322 -0.639291 -0.453351
2 322 -0.67168 -0.508582
0 323 0.111547 -0.0357991
2 323 0.00260199 -0.115333
0 324 -0.845404 -0.0578918
2 324 -0.977905 -0.210331
2 140 -0.200566 -0.318585
0 325 0.00260199 -0.172774
2 325 -0.0945653 -0.247889
0 326 -0.854237 -0.857646
2 326 -0.886626 -0.904041
0 327 0.0673803 -0.0821937
2 327 -0.0386205 -0.161727
0 328 -0.598069 0.0128047
2 328 -0.639291 -0.0601011
2 141 -0.674625 -0.239052
0 329 -0.3419 -0.121961
2 329 -0.486179 -0.241261
0 330 -0.274178 -0.0733567
2 330 -0.347789 -0.150681
0 331 -0.665791 -0.464397
2 331 -0.698181 -0.521838
0 332 -0.833626 -0.566023
2 332 -0.851293 -0.619046
0 333 0.108603 -0.104286
2 333 -0.000342423 -0.18382
0 334 -0.854237 -0.568232
2 334 -0.871904 -0.621255
2 146 -0.574513 -0.342887
0 335 -0.916071 -0.554977
2 335 -0.933738 -0.612418
2 149 -0.297733 -0.400328
0 336 -0.238844 -0.12417
2 336 -0.312456 -0.194866
0 337 -0.294789 -0.177192
2 337 -0.380178 -0.256726
0 338 -0.627513 -0.429049
2 338 -0.665791 -0.488699
2 152 -0.798292 -0.477652
2 155 0.0703248 -0.0556826
0 339 -0.698181 -0.453351
2 339 -0.707014 -0.497536
0 340 -0.518568 -0.0667289
2 340 -0.583346 -0.148472
0 341 -0.0592317 -0.170564
2 341 -0.115177 -0.223587
0 342 -0.760014 -1.0145
2 342 -0.75707 -1.03218
0 343 -0.680514 -0.493117
2 343 -0.709958 -0.548349
0 344 -1.17224 -1.10287
2 344 -1.18402 -1.13601
0 345 -0.574513 -0.442304
2 345 -0.595124 -0.488699
0 346 -0.512679 -0.530675
2 346 -0.562735 -0.588116
0 347 -0.277122 -0.0446362
2 347 -0.350734 -0.119751
0 348 -0.854237 -0.806833
2 348 -0.898404 -0.862065
0 349 -0.901349 -0.552768
2 349 -0.916071 -0.607999
2 162 -0.0916209 -0.610208
0 350 -0.509735 -0.194866
2 350 -0.580402 -0.276609
0 351 -0.50679 -0.39591
2 351 -0.556846 -0.457769
0 352 0.0261577 -0.627883
2 352 -0.0150648 -0.667649
0 353 -0.818904 -0.824507
2 353 -0.854237 -0.873111
0 354 -0.589235 0.101175
2 354 -0.624569 0.0304788
0 355 -0.833626 -0.835554
2 355 -0.86896 -0.884158
0 356 0.114492 -0.0976586
2 356 0.00554647 -0.177192
0 357 -0.112232 -0.126379
2 357 -0.174066 -0.186029
0 358 -0.2889 -0.24347
2 358 -0.377234 -0.323004
2 171 -0.892515 -0.627883
0 359 -0.580402 0.0194325
2 359 -0.624569 -0.0556826
0 360 -0.303622 -1.14485
2 360 -0.3154 -1.15369
0 361 -0.615736 0.0591993
2 361 -0.642236 -0.00707871
0 362 -0.624569 0.0459437
2 362 -0.648125 -0.018125
2 173 -0.698181 -0.194866
0 363 -1.10746 -1.02776
2 363 -1.12513 -1.06753
0 364 -0.0651206 -0.345096
2 364 -0.115177 -0.3937
0 365 -0.447901 -0.347306
2 365 -0.518568 -0.420212
0 366 0.123325 -0.0866123
2 366 0.0202688 -0.161727
0 367 -0.486179 -0.188239
2 367 -0.559791 -0.269981
0 368 -0.0621762 -0.563814
2 368 -0.0975098 -0.601371
0 369 -0.977905 0.244778
2 369 -1.11924 0.0525715
2 189 -0.48029 -0.521838
0 370 -0.913127 -0.870902
2 370 -0.942571 -0.917297
2 190 -0.75707 -0.501954
0 371 -0.103399 -0.186029
2 371 -0.182899 -0.254517
2 192 -0.765903 -0.590325
0 372 -1.11629 -1.03881
2 372 -1.13396 -1.07636
0 373 -0.680514 -0.504164
2 373 -0.662847 -0.530675
0 374 0.00554647 -0.415793
2 374 -0.0533428 -0.466606
0 375 -0.765903 -1.05427
2 375 -0.765903 -1.07195
0 376 -0.0621762 -0.263354
2 376 -0.129899 -0.323004
0 377 -0.0592317 -0.186029
2 377 -0.153455 -0.261144
0 378 -1.08979 -1.0145
2 378 -1.11335 -1.05648
0 379 -0.92196 -0.8466
2 379 -0.954349 -0.897413
0 380 -0.3419 -0.946017
2 380 -0.359567 -0.970319
2 199 -0.129899 -0.325213
0 381 -0.297733 -0.477652
2 381 -0.371345 -0.541721
0 382 -0.559791 -0.258935
2 382 -0.630458 -0.340678
0 383 -0.59218 -0.203703
2 383 -0.656958 -0.285446
2 203 -0.530346 -0.607999
0 384 -0.503846 -0.559395
2 384 -0.545068 -0.610208
0 385 -0.707014 -0.652185
3 385 -0.804181 -0.683114
0 386 -0.244733 -0.323004
3 386 -0.336011 -0.349515
3 0 -0.0768985 0.0105954
3 1 -0.185844 -0.411374
3 2 -0.601013 -0.345096
3 209 -0.92196 -0.797996
3 210 -1.00146 -0.912878
0 387 -1.18696 -1.11392
3 387 -1.21935 -1.08962
3 12 -0.839515 -0.722881
3 213 -0.94846 -0.879739
3 18 -0.59218 -0.729509
0 388 -0.188788 -0.0799845
3 388 -0.327178 -0.126379
3 30 -0.545068 0.0923383
0 389 -0.126954 -0.0910308
3 389 -0.238844 -0.12417
3 37 -0.356623 -0.190448
3 41 -0.621625 -0.583697
3 231 -1.03974 -0.950436
0 390 -0.206455 -0.289865
3 390 -0.333067 -0.327422
0 391 -0.153455 -0.128588
3 391 -0.294789 -0.172774
0 392 0.0114354 -0.402537
3 392 -0.103399 -0.42463
0 393 -1.06035 -0.999039
3 393 -1.11629 -0.994621
0 394 -0.924904 -0.853228
3 394 -0.998516 -0.866483
0 395 -0.000342423 -0.552768
3 395 -0.079843 -0.559395
0 396 -0.256511 -0.0777752
3 396 -0.40079 -0.130798
3 237 -1.02502 -0.939389
0 397 -0.780626 -0.508582
3 397 -0.83657 -0.541721
0 398 -0.162288 -0.128588
3 398 -0.306567 -0.174983
3 55 -0.739403 -0.225796
0 399 -0.459679 0.185128
3 399 -0.548013 0.134314
3 243 -0.92196 -0.855437
3 245 -0.586291 -0.294283
0 400 -0.285956 -0.451141
3 400 -0.397845 -0.482071
3 58 -0.748237 -0.2744
3 61 -0.383123 -0.0954493
0 401 0.0320467 -0.48649
3 401 -0.0710096 -0.501954
3 63 -0.56568 -0.318585
3 249 -0.0180092 0.0105954
0 402 -1.18991 -1.12276
3 402 -1.21935 -1.09846
3 66 -0.318345 -0.289865
3 257 -0.960238 -0.897413
3 260 -0.81007 -0.758229
3 262 -0.67168 -0.137425
0 403 0.0173243 -0.437886
3 403 -0.0945653 -0.457769
0 404 -0.774737 -0.1551
3 404 -0.992627 -0.269981
3 79 -0.253566 -0.418002
0 405 0.394216 -0.802415
3 405 0.0791581 -0.864274
0 406 -0.548013 -0.15289
3 406 -0.680514 -0.219168
3 269 -0.924904 -0.868693
3 270 -0.179955 -0.387073
0 407 -0.542124 -0.205913
3 407 -0.67168 -0.267772
3 276 -1.03974 -0.946017
0 408 -0.542124 -0.552768
3 408 -0.639291 -0.583697
0 409 -0.0032869 -0.435676
3 409 -0.115177 -0.45556
0 410 -0.586291 -0.603581
3 410 -0.677569 -0.630092
3 281 -0.969071 -0.888576
0 411 -0.318345 0.187337
3 411 -0.415512 0.145361
0 412 -0.880737 -0.81567
3 412 -0.960238 -0.833344
0 413 -0.942571 -0.917297
3 413 -1.00735 -0.921715
0 414 -0.718792 -0.729509
3 414 -0.801237 -0.749392
0 415 -0.156399 -0.448932
3 415 -0.244733 -0.466606
3 286 -0.144621 -0.51521
0 416 -0.391956 -0.00707871
3 416 -0.524457 -0.0667289
0 417 -0.748237 -0.526256
3 417 -0.807126 -0.557186
0 418 -0.642236 -0.581488
3 418 -0.742348 -0.616836
0 419 -0.550957 -0.168355
3 419 -0.680514 -0.232424
3 105 -0.665791 -0.404747
3 106 -0.412568 -0.2744
3 293 -0.898404 -0.81788
0 420 -0.447901 0.149779
3 420 -0.545068 0.0967568
3 111 -0.83657 -0.54393
3 299 -0.665791 -0.607999
0 421 -0.562735 -0.599162
3 421 -0.648125 -0.623464
3 117 -0.103399 -0.45556
0 422 -0.636347 0.00396765
3 422 -0.698181 -0.0490548
0 423 -0.904293 -0.87532
3 423 -0.97496 -0.884158
0 424 -0.818904 -0.833344
3 424 -0.892515 -0.844391
0 425 -0.601013 -0.616836
3 425 -0.692292 -0.643347
0 426 -0.203511 -0.0578918
3 426 -0.344845 -0.106496
0 427 0.0379356 -0.144053
3 427 -0.15051 -0.194866
0 428 -0.936682 -0.928343
3 428 -1.00146 -0.930552
0 429 -0.789459 -0.749392
3 429 -0.877793 -0.771485
0 430 -1.02502 -0.987993
3 430 -1.08096 -0.983574
3 314 -0.97496 -0.881948
3 130 -0.344845 -0.104286
0 431 -1.01618 -0.987993
3 431 -1.07213 -0.983574
0 432 -0.992627 -0.934971
3 432 -1.05741 -0.93718
0 433 -0.312456 -1.09625
3 433 -0.350734 -1.05869
0 434 -0.989683 -0.952645
3 434 -1.05152 -0.952645
3 145 -0.209399 -0.42463
0 435 -1.08685 -1.04764
3 435 -1.13102 -1.03439
0 436 0.0850471 -0.0645196
3 436 -0.115177 -0.117542
3 152 -0.842459 -0.45556
0 437 -0.892515 -0.81567
3 437 -0.966127 -0.831135
0 438 -0.0121203 -0.404747
3 438 -0.12401 -0.426839
0 439 -0.866015 -0.837763
3 439 -0.942571 -0.851019
3 157 -0.845404 -0.54614
3 344 -1.20757 -1.08299
3 346 -0.606902 -0.559395
3 348 -0.933738 -0.824507
0 440 -1.07507 -0.999039
3 440 -1.12807 -0.994621
3 165 -0.851293 -0.54614
0 441 -0.745292 -0.691951
3 441 -0.839515 -0.720672
0 442 -0.530346 -0.320795
3 442 -0.683458 -0.384863
0 443 -0.919015 -0.897413
3 443 -0.986738 -0.904041
0 444 -0.624569 -0.190448
3 444 -0.742348 -0.254517
0 445 -1.04857 -0.990202
3 445 -1.10452 -0.985784
3 360 -0.338956 -1.10287
0 446 -0.972016 -0.948226
3 446 -1.03385 -0.948226
0 447 -0.121066 -0.411374
3 447 -0.194677 -0.42463
3 187 -0.73057 -0.133007
0 448 -0.70407 -0.69637
3 448 -0.792403 -0.720672
0 449 -0.447901 0.143151
3 449 -0.545068 0.090129
0 450 -0.792403 -0.751602
3 450 -0.880737 -0.773694
0 451 -0.715847 -0.429049
3 451 -0.751181 -0.457769
3 372 -1.16046 -1.02776
0 452 0.158659 -0.0357991
3 452 -0.0474538 -0.0866123
0 453 -0.877793 -0.548349
3 453 -0.919015 -0.579279
0 454 -0.845404 -0.800205
3 454 -0.927849 -0.81788
4 205 -0.866015 -0.508582
4 206 -1.12807 -0.943808
4 207 -1.18402 -1.00346
4 209 -0.966127 -0.780322
4 210 -1.03679 -0.890785
4 14 -0.824793 -0.63672
4 212 -0.386067 -0.247889
4 17 -0.347789 -0.234633
4 217 -0.383123 -0.228005
0 455 -0.17701 -0.119751
4 455 -0.403734 -0.150681
0 456 -0.924904 -0.895204
4 456 -1.03385 -0.881948
0 457 -0.880737 -0.851019
4 457 -0.995572 -0.844391
4 34 -0.851293 -0.521838
0 458 -1.03679 -0.979156
4 458 -1.12807 -0.952645
4 231 -1.07507 -0.928343
0 459 -0.913127 -0.579279
4 459 -0.969071 -0.596953
4 46 -0.412568 -0.265563
4 394 -1.03974 -0.848809
0 460 -0.75707 -0.744974
4 460 -0.886626 -0.749392
4 234 -0.70407 -0.592534
4 48 -0.662847 -0.733927
4 397 -0.871904 -0.532884
4 239 -1.22524 -1.0366
0 461 -0.659903 -0.216959
4 461 -0.827737 -0.2744
4 56 -1.04268 -0.570442
4 243 -0.966127 -0.837763
4 58 -0.804181 -0.267772
4 248 -0.848348 -0.753811
0 462 -0.212344 -0.0380084
4 462 -0.424345 -0.0689382
4 251 -0.842459 -0.707416
4 252 -0.303622 -0.232424
4 254 -1.01913 -0.581488
4 256 -0.866015 -0.744974
4 257 -0.998516 -0.87753
4 74 -0.789459 -0.444513
0 463 -0.818904 -0.541721
4 463 -0.904293 -0.563814
4 266 -0.383123 -0.203703
4 276 -1.07507 -0.923924
4 408 -0.689347 -0.570442
4 97 -0.795348 -0.537303
0 464 -0.854237 -0.813461
4 464 -0.97496 -0.811252
4 281 -1.00735 -0.868693
0 465 -0.601013 -0.205913
4 465 -0.789459 -0.263354
4 413 -1.04563 -0.899622
4 414 -0.845404 -0.733927
0 466 -0.40079 -0.278818
4 466 -0.70407 -0.340678
0 467 0.0114354 -0.623464
4 467 -0.109288 -0.607999
4 293 -0.942571 -0.800205
0 468 -0.365456 -0.367189
4 468 -0.64518 -0.415793
4 420 -0.601013 0.103385
0 469 -0.586291 -0.601371
4 469 -0.724681 -0.614627
0 470 -0.64518 -0.674277
4 470 -0.771792 -0.680905
4 421 -0.698181 -0.610208
0 471 0.39716 -1.03439
4 471 0.196937 -1.02113
4 302 -0.748237 -0.621255
4 303 -0.939627 -0.822298
4 425 -0.739403 -0.627883
4 123 -1.01618 -0.581488
0 472 0.367716 -0.963691
4 472 0.173381 -0.950436
4 124 -0.683458 -0.530675
0 473 -0.913127 -0.888576
4 473 -1.02207 -0.87532
4 428 -1.03679 -0.908459
4 431 -1.10452 -0.959273
0 474 -0.471457 0.125477
4 474 -0.627513 0.0768734
4 143 -0.665791 -0.561605
4 434 -1.08685 -0.930552
0 475 -0.0150648 -0.599162
4 475 -0.129899 -0.583697
0 476 -0.0621762 -0.541721
4 476 -0.185844 -0.532884
4 157 -0.877793 -0.537303
0 477 -0.603958 -0.603581
4 477 -0.745292 -0.619046
0 478 -0.227066 -0.159518
4 478 -0.477346 -0.199285
0 479 -0.624569 -0.232424
4 479 -0.792403 -0.285446
0 480 -0.612791 -0.647766
4 480 -0.742348 -0.656603
0 481 -0.609847 -0.610208
4 481 -0.751181 -0.623464
4 352 -0.0975098 -0.612418
4 441 -0.886626 -0.705207
4 353 -0.933738 -0.81788
4 443 -1.02502 -0.884158
0 482 -0.182899 -0.146262
4 482 -0.421401 -0.179401
4 171 -0.942571 -0.592534
0 483 -1.00146 -0.548349
4 483 -1.04268 -0.572651
0 484 -0.0121203 -0.557186
4 484 -0.129899 -0.54393
0 485 0.264659 -0.921715
4 485 0.0791581 -0.90625
0 486 -0.824793 -0.568232
4 486 -0.889571 -0.583697
4 448 -0.839515 -0.705207
0 487 -0.833626 -0.826717
4 487 -0.951405 -0.822298
4 192 -0.827737 -0.554977
4 372 -1.18991 -1.00125
4 195 -0.795348 -0.539512
5 4 -1.06624 -0.601371
5 17 -0.436123 -0.267772
5 216 -0.86896 -0.731718
5 388 -0.477346 -0.146262
5 30 -0.659903 0.0503623
5 455 -0.477346 -0.186029
5 218 -0.827737 -0.691951
0 488 -0.0533428 -0.247889
5 488 -0.277122 -0.276609
5 43 -0.677569 0.00396765
5 231 -1.09863 -0.961482
5 392 -0.230011 -0.42463
5 234 -0.745292 -0.627883
5 395 -0.159344 -0.552768
0 489 -0.194677 -0.285446
5 489 -0.468512 -0.340678
5 243 -0.992627 -0.870902
5 244 -0.745292 -0.199285
5 260 -0.889571 -0.775903
5 82 -0.712903 -0.219168
0 490 -0.789459 -0.793578
5 490 -0.942571 -0.824507
0 491 -0.265344 0.0614086
5 491 -0.515624 -0.00928797
0 492 -0.17701 -0.0866123
5 492 -0.465568 -0.150681
5 408 -0.73057 -0.603581
5 94 -0.830682 -0.694161
5 410 -0.765903 -0.649975
5 281 -1.03679 -0.901832
5 413 -1.07213 -0.932761
5 414 -0.880737 -0.767066
5 293 -0.97496 -0.835554
0 493 -0.412568 0.165244
5 493 -0.630458 0.0746642
0 494 -0.0503983 -0.51521
5 494 -0.224122 -0.524047
5 302 -0.789459 -0.656603
5 423 -1.04268 -0.897413
5 425 -0.780626 -0.663231
5 426 -0.500901 -0.128588
5 130 -0.500901 -0.126379
5 326 -0.989683 -0.879739
0 495 -0.474401 -0.0954493
5 495 -0.745292 -0.197076
5 439 -1.01324 -0.866483
5 477 -0.786515 -0.652185
5 344 -1.24585 -1.0852
5 478 -0.556846 -0.236842
5 481 -0.792403 -0.658812
0 496 -0.389012 0.200592
5 496 -0.595124 0.11664
5 353 -0.963182 -0.851019
0 497 -0.409623 0.0614086
5 497 -0.64518 -0.0291714
0 498 -0.83657 -0.828926
5 498 -0.983794 -0.857646
0 499 -0.724681 -0.471025
5 499 -0.848348 -0.535093
0 500 -0.17701 -0.0888215
5 500 -0.465568 -0.15289
5 184 -0.75707 -0.625673
5 449 -0.659903 0.048153
5 452 -0.274178 -0.0888215
0 501 -0.550957 -0.00486941
6 501 -0.680514 -0.0777752
6 210 -1.01029 -0.921715
0 502 0.338271 -0.950436
6 502 0.114492 -0.93718
6 27 -0.633402 -0.729509
6 218 -0.795348 -0.689742
6 457 -0.97496 -0.87532
6 229 -0.824793 -0.740555
6 460 -0.880737 -0.782531
0 503 -0.586291 -0.172774
6 503 -0.718792 -0.236842
6 461 -0.777681 -0.267772
6 260 -0.848348 -0.771485
6 263 -1.09274 -0.979156
6 270 -0.265344 -0.406956
6 94 -0.798292 -0.691951
0 504 -0.771792 -0.448932
6 504 -0.898404 -0.506373
6 281 -0.986738 -0.899622
6 414 -0.842459 -0.764857
0 505 -0.598069 -0.0932401
6 505 -0.73057 -0.161727
0 506 0.329438 -0.957063
6 506 0.105658 -0.943808
6 423 -0.989683 -0.895204
6 314 -0.989683 -0.892995
0 507 -1.13985 -1.07857
6 507 -1.14574 -1.05206
6 432 -1.05741 -0.946017
6 439 -0.963182 -0.864274
6 477 -0.75707 -0.649975
6 348 -0.963182 -0.839972
6 443 -1.00146 -0.915087
0 508 -0.586291 -0.174983
6 508 -0.718792 -0.239052
6 368 -0.188788 -0.541721
0 509 -0.977905 -0.899622
7 509 -1.10746 -0.904041
0 510 0.249937 -0.908459
7 510 -0.121066 -0.857646
7 218 -0.86896 -0.680905
0 511 -1.08979 -0.338469
7 511 0.161603 -0.269981
7 458 -1.15163 -0.96811
7 231 -1.10452 -0.946017
0 512 -1.69341 -0.30533
7 512 -1.69047 -0.497536
7 256 -0.930793 -0.767066
7 403 -0.294789 -0.422421
0 513 -1.05741 -1.02555
7 513 -1.15457 -1.00346
7 410 -0.81007 -0.63672
7 414 -0.913127 -0.75602
7 299 -0.807126 -0.614627
0 514 -1.72874 -0.30312
7 514 -1.72874 -0.501954
7 421 -0.780626 -0.630092
7 118 -0.851293 -0.15289
7 302 -0.833626 -0.643347
7 425 -0.821848 -0.649975
0 515 0.270548 -0.917297
7 515 -0.103399 -0.864274
7 431 -1.12513 -0.974737
0 516 -0.70407 -0.139635
7 516 -0.89546 -0.223587
7 439 -1.03385 -0.853228
0 517 -0.924904 -0.881948
7 517 -1.07802 -0.890785
0 518 0.279382 -0.919506
7 518 -0.0945653 -0.866483
7 481 -0.83657 -0.645557
7 498 -1.0044 -0.844391
0 519 -0.550957 -0.15289
7 519 -0.748237 -0.205913
0 520 -0.188788 -0.051264
8 520 -0.486179 -0.148472
8 218 -0.854237 -0.654394
0 521 -1.12513 -0.336259
8 521 0.517883 -0.221378
0 522 0.0585469 -0.404747
8 522 -0.271233 -0.329632
0 523 0.090936 -0.406956
8 523 -0.247678 -0.327422
0 524 -1.46374 -0.318585
8 524 0.123325 -0.276609
8 85 -0.892515 -0.694161
8 98 -0.0857319 -0.30533
0 525 -1.06918 -0.340678
8 525 0.461939 -0.230215
0 526 0.217548 -0.413584
8 526 -0.126954 -0.309748
0 527 -1.3548 -0.323004
8 527 0.355938 -0.24347
0 528 0.188103 -0.411374
8 528 -0.0945653 -0.30533
0 529 0.146881 -0.409165
8 529 -0.171121 -0.316376
0 530 -0.760014 -0.351724
8 530 -1.01324 -0.42463
0 531 -0.121066 -1.06974
8 531 -0.306567 -1.0366
0 532 -1.71402 -0.30533
8 532 -0.232955 -0.325213
0 533 -0.786515 -0.159518
8 533 -1.02796 -0.265563
0 534 0.193992 -0.411374
8 534 -0.0916209 -0.30533
0 535 0.0497135 -0.404747
8 535 -0.283011 -0.331841
0 536 -1.48141 -0.316376
8 536 -0.0327316 -0.296493
0 537 -0.562735 -0.135216
8 537 -0.845404 -0.194866
9 520 -0.562735 -0.141844
0 538 -0.171121 0.00838618
9 538 -0.447901 -0.0601011
0 539 -0.465568 -0.18382
9 539 -0.83657 -0.245679
0 540 0.314715 -0.952645
9 540 -0.159344 -0.941598
0 541 -0.300678 -0.0578918
9 541 -0.64518 -0.144053
0 542 -0.200566 -0.042427
9 542 -0.574513 -0.135216
9 402 -1.3018 -1.07415
0 543 -0.53918 0.0967568
9 543 -0.848348 0.0216418
9 269 -1.11924 -0.904041
9 276 -1.18402 -0.948226
0 544 -0.436123 -0.252307
9 544 -0.760014 -0.285446
9 294 -1.12218 -0.910669
0 545 0.320604 -0.923924
9 545 -0.171121 -0.892995
9 425 -0.916071 -0.658812
9 307 -1.20168 -0.981365
9 434 -1.1958 -0.954854
0 546 -0.2889 -0.0380084
9 546 -0.648125 -0.137425
0 547 -0.218233 -0.0689382
9 547 -0.583346 -0.163937
0 548 -0.374289 -0.157309
9 548 -0.70407 -0.210331
0 549 -0.0916209 -0.163937
10 549 -0.415512 -0.349515
10 218 -0.936682 -0.760439
10 234 -0.89546 -0.731718
10 503 -0.945516 -0.351724
0 550 -0.212344 -0.444513
10 550 -0.503846 -0.548349
10 406 -0.883682 -0.33405
0 551 -0.389012 -0.181611
10 551 -0.724681 -0.36498
0 552 0.394216 -1.02555
10 552 -0.0621762 -1.17357
10 299 -0.910182 -0.733927
10 121 -0.877793 -0.102077
10 302 -0.936682 -0.762648
0 553 -0.40079 0.167453
10 553 -0.742348 0.0304788
0 554 -0.877793 -0.802415
10 554 -1.14574 -0.950436
10 495 -0.83657 -0.263354
0 555 -0.556846 -0.39591
10 555 -0.568624 -0.468815
10 481 -0.939627 -0.764857
0 556 -0.877793 -0.81567
10 556 -1.14574 -0.961482
0 557 -0.297733 -0.199285
10 557 -0.624569 -0.384863
10 484 -0.330123 -0.630092
0 558 -0.215288 -0.208122
10 558 -0.615736 -0.387073
10 519 -0.886626 -0.33405
11 218 -0.901349 -0.809042
11 503 -0.860126 -0.351724
11 461 -0.907238 -0.380445
11 256 -0.963182 -0.899622
11 260 -0.951405 -0.892995
11 490 -1.0044 -0.952645
11 87 -0.89546 -0.250098
11 94 -0.866015 -0.769276
11 413 -1.17224 -1.12276
11 108 -0.892515 -0.378235
0 559 -0.739403 -0.749392
11 559 -0.960238 -0.904041
0 560 -0.2359 0.081292
11 560 -0.421401 -0.0777752
11 314 -1.09274 -1.02113
11 434 -1.14868 -1.0852
11 439 -1.06624 -0.990202
11 477 -0.863071 -0.767066
11 481 -0.866015 -0.771485
0 561 -0.892515 -0.873111
11 561 -1.07802 -1.01892
11 443 -1.09863 -1.04102
11 498 -1.03679 -0.979156
0 562 -0.633402 -0.236842
11 562 -0.907238 -0.413584
12 206 -1.04268 -1.06974
0 563 -0.165232 -1.02776
12 563 -0.188788 -1.07857
12 216 -0.789459 -0.813461
12 218 -0.754125 -0.771485
12 229 -0.78357 -0.824507
12 234 -0.674625 -0.698579
12 395 -0.0651206 -0.583697
0 564 -0.439068 -0.475443
12 564 -0.550957 -0.57486
0 565 -0.15051 -1.0123
12 565 -0.17701 -1.06532
12 256 -0.815959 -0.862065
12 257 -0.924904 -0.99683
0 566 -0.659903 -0.493117
12 566 -0.518568 -0.433467
12 490 -0.854237 -0.910669
12 90 -0.380178 -0.384863
12 94 -0.75707 -0.773694
12 96 -0.64518 -0.422421
12 410 -0.692292 -0.722881
12 464 -0.919015 -0.93718
12 414 -0.798292 -0.848809
12 428 -1.03679 -1.10508
12 554 -0.913127 -0.901832
12 439 -0.919015 -0.954854
12 531 -0.138732 -1.10508
12 344 -1.12218 -1.17578
12 348 -0.919015 -0.930552
0 567 -0.442012 -0.654394
12 567 -0.536235 -0.767066
12 561 -0.939627 -0.990202
12 355 -0.877793 -0.941598
12 184 -0.686403 -0.698579
12 378 -1.07802 -1.1095
0 568 -0.409623 -0.102077
13 568 -0.56568 -0.239052
0 569 -0.303622 -0.674277
13 569 -0.294789 -0.698579
13 5 -0.571569 -0.197076
13 387 -1.06624 -1.1316
13 212 -0.318345 -0.314167
13 18 -0.509735 -0.773694
13 20 -0.521513 -0.793578
13 217 -0.312456 -0.292074
13 218 -0.668736 -0.729509
13 458 -0.972016 -1.02776
13 226 -0.530346 -0.0578918
0 570 -0.079843 -0.228005
13 570 -0.256511 -0.316376
13 234 -0.59218 -0.663231
13 239 -1.05152 -1.10729
0 571 0.464883 -1.1802
13 571 0.405994 -1.24869
13 248 -0.718792 -0.824507
13 251 -0.718792 -0.782531
13 263 -0.977905 -1.02555
13 266 -0.3154 -0.267772
13 276 -0.92196 -0.99683
13 408 -0.577458 -0.638929
13 94 -0.674625 -0.733927
0 572 -0.179955 -0.256726
13 572 -0.318345 -0.345096
13 279 -0.609847 -0.241261
0 573 -0.89546 -0.820089
13 573 -0.871904 -0.899622
0 574 -0.141677 -0.230215
13 574 -0.306567 -0.323004
13 289 -0.615736 -0.269981
13 418 -0.680514 -0.678696
13 106 -0.442012 -0.338469
13 293 -0.807126 -0.87532
13 299 -0.603958 -0.66544
13 545 0.261715 -0.970319
13 425 -0.621625 -0.698579
0 575 -0.571569 -0.216959
13 575 -0.556846 -0.314167
13 124 -0.577458 -0.601371
0 576 -0.627513 -0.66544
13 576 -0.627513 -0.738346
13 507 -1.03679 -1.10287
13 434 -0.933738 -1.00346
13 477 -0.630458 -0.689742
13 518 0.223437 -0.963691
0 577 0.391271 -0.999039
13 577 0.332382 -1.05206
0 578 0.429549 -1.10287
13 578 0.376549 -1.16253
0 579 0.458994 -1.12939
13 579 0.403049 -1.19345
13 184 -0.601013 -0.661022
0 580 -0.559791 -0.607999
13 580 -0.583346 -0.687533
13 378 -1.00735 -1.05648
0 581 -0.00623138 -0.561605
13 581 -0.000342423 -0.581488
14 387 -0.954349 -1.06532
14 509 -0.742348 -0.842181
14 230 -0.718792 -0.619046
14 391 -0.115177 -0.203703
0 582 -0.209399 -0.360561
14 582 -0.103399 -0.400328
14 402 -0.957294 -1.07195
14 254 -0.762959 -0.596953
14 78 0.0349911 -0.508582
0 583 -0.079843 -0.258935
14 583 -0.0209537 -0.309748
14 269 -0.698181 -0.873111
0 584 -0.321289 0.0857105
14 584 -0.386067 -0.331841
0 585 -1.18696 -1.11613
14 585 -0.954349 -1.06753
14 418 -0.53918 -0.641138
14 559 -0.603958 -0.773694
14 123 -0.760014 -0.596953
0 586 -0.271233 -0.800205
14 586 -0.135788 -0.87753
14 532 -1.68163 -0.362771
0 587 -0.212344 -0.621255
14 587 -0.0533428 -0.705207
0 588 -0.813015 -0.740555
14 588 -0.677569 -0.780322
0 589 -0.748237 -0.471025
14 589 -0.606902 -0.524047
14 373 -0.568624 -0.557186
14 374 0.0850471 -0.459978
14 377 0.0349911 -0.21475
2 1 -0.144621 -0.440095
1 590 -0.274178 0.105594
2 590 -0.3419 0.118849
1 591 -0.182899 -0.0932401
2 591 -0.268289 -0.0777752
2 174 -0.545068 -0.323004
1 592 0.0879915 -0.168355
2 592 -0.0297871 -0.150681
2 45 -0.212344 -0.351724
1 593 -0.079843 -0.353934
2 593 -0.17701 -0.336259
1 594 -0.159344 -0.172774
2 594 -0.250622 -0.157309
1 595 -1.69047 -0.371608
2 595 -1.68458 -0.358352
1 596 0.00260199 -0.585907
2 596 -0.0680651 -0.566023
1 597 -0.141677 -0.0733567
2 597 -0.212344 -0.0578918
1 598 -0.0857319 -0.205913
2 598 -0.165232 -0.190448
1 599 -1.44607 -0.376026
2 599 -1.4078 -0.362771
1 600 -0.106343 -0.163937
2 600 -0.182899 -0.148472
1 262 -0.542124 -0.168355
2 14 -0.727625 -0.678696
1 219 0.0379356 -0.588116
1 601 -0.179955 -0.12417
2 601 -0.265344 -0.108705
1 602 -0.633402 -0.477652
2 602 -0.683458 -0.459978
1 319 0.00554647 -0.236842
1 603 -0.709958 -0.561605
2 603 -0.774737 -0.541721
1 604 -0.465568 -0.258935
2 604 -0.562735 -0.24347
1 605 0.0585469 -0.550558
2 605 -0.0180092 -0.530675
1 606 -0.648125 -0.170564
2 606 -0.709958 -0.157309
1 607 -0.568624 -0.630092
2 607 -0.654014 -0.607999
1 608 -1.64924 -0.371608
2 608 -1.66985 -0.358352
1 270 -0.0680651 -0.431258
1 211 -0.15051 -0.411374
1 609 -0.815959 -0.272191
2 609 -0.966127 -0.256726
1 610 -0.0562873 -0.389282
2 610 -0.132843 -0.371608
1 611 -0.450846 -0.1551
2 611 -0.542124 -0.141844
1 612 -0.633402 -0.314167
2 612 -0.718792 -0.298702
2 147 -0.712903 -0.411374
1 613 -0.291844 -0.239052
2 613 -0.403734 -0.223587
1 614 -0.0592317 -0.451141
2 614 -0.12401 -0.433467
2 32 -0.686403 -0.292074
2 2 -0.512679 -0.369398
1 615 -0.171121 -0.166146
2 615 -0.2624 -0.150681
1 616 0.15277 -0.0954493
2 616 0.0320467 -0.0777752
1 617 -0.860126 -0.972528
2 617 -0.945516 -0.934971
2 53 -0.612791 -0.409165
1 618 -1.64041 -0.371608
2 618 -1.62274 -0.358352
1 619 -0.171121 -0.135216
2 619 -0.259455 -0.119751
1 620 -0.303622 -0.36498
2 620 -0.439068 -0.347306
1 621 -0.648125 -0.194866
2 621 -0.709958 -0.181611
1 333 0.117436 -0.201494
1 622 -0.0415649 -0.413584
2 622 -0.115177 -0.39591
1 623 -0.159344 -0.208122
2 623 -0.253566 -0.192657
1 624 -0.0445094 -0.362771
2 624 -0.126954 -0.345096
1 625 -0.556846 -0.0114972
2 625 -0.61868 -0.000450882
1 626 -0.536235 -0.130798
2 626 -0.612791 -0.117542
1 627 -0.147566 -0.21475
2 627 -0.241789 -0.199285
1 235 -0.521513 -0.12417
1 628 -0.70407 -0.780322
2 628 -0.792403 -0.753811
2 0 0.00849095 -0.018125
1 629 0.129214 -0.0291714
2 629 0.0173243 -0.0114972
1 630 0.0556024 -0.554977
2 630 -0.0209537 -0.535093
1 631 -0.271233 0.121059
2 631 -0.336011 0.134314
2 19 -0.509735 -0.683114
1 632 -0.2889 -0.508582
2 632 -0.371345 -0.488699
1 633 -1.46963 -0.376026
2 633 -1.42546 -0.362771
1 634 -0.59218 -0.738346
2 634 -0.67168 -0.714044
1 635 0.090936 -0.230215
2 635 -0.0238981 -0.21254
1 636 -0.100454 -0.172774
2 636 -0.17701 -0.157309
1 637 -0.153455 -0.349515
2 637 -0.247678 -0.331841
1 638 -0.171121 -0.234633
2 638 -0.268289 -0.219168
1 639 -0.194677 -0.563814
2 639 -0.247678 -0.54393
1 640 -0.241789 0.0680364
2 640 -0.312456 0.081292
1 641 -0.162288 -0.380445
2 641 -0.250622 -0.362771
1 642 -0.957294 -1.06974
2 642 -1.03974 -1.02776
1 643 -0.45379 -0.541721
2 643 -0.53918 -0.521838
1 644 0.0114354 -0.409165
2 644 -0.0651206 -0.391491
1 353 -0.768848 -0.904041
1 645 -0.830682 -0.934971
2 645 -0.916071 -0.899622
2 58 -0.698181 -0.294283
1 646 -0.536235 -0.42463
2 646 -0.64518 -0.406956
1 647 -0.397845 -0.482071
2 647 -0.515624 -0.462188
1 248 -0.686403 -0.833344
1 648 -0.444957 -0.283237
2 648 -0.542124 -0.267772
2 120 0.0261577 -0.00928797
1 649 -0.627513 -0.353934
2 649 -0.709958 -0.338469
1 252 -0.0327316 -0.296493
1 650 0.108603 -0.857646
2 650 -0.0621762 -0.831135
1 651 -0.627513 -0.413584
2 651 -0.75707 -0.39591
1 652 -1.32241 -0.378235
2 652 -1.31652 -0.36498
1 653 -0.191733 -0.0866123
2 653 -0.277122 -0.0711474
1 302 -0.571569 -0.689742
1 654 -0.656958 -0.314167
2 654 -0.739403 -0.298702
1 655 -0.179955 -0.431258
2 655 -0.250622 -0.413584
2 51 -0.333067 -0.579279
1 656 -0.15051 -0.358352
2 656 -0.241789 -0.340678
1 657 -0.0592317 -0.411374
2 657 -0.132843 -0.3937
1 658 0.12627 -0.0313806
2 658 0.0143798 -0.0137065
1 659 -0.17701 -0.621255
2 659 -0.285956 -0.599162
1 660 -0.512679 0.015014
2 660 -0.577458 0.0260603
1 661 -0.61868 -0.336259
2 661 -0.701125 -0.320795
1 662 0.450161 -0.420212
2 662 0.485494 -0.402537
1 663 0.494328 -0.919506
2 663 0.273493 -0.892995
1 664 -0.0592317 -0.404747
2 664 -0.132843 -0.387073
1 665 0.264659 -0.415793
2 665 0.261715 -0.398119
1 383 -0.56568 -0.300911
2 56 -1.0044 -0.603581
1 666 -0.112232 -0.12417
2 666 -0.185844 -0.108705
1 667 -0.656958 -0.398119
2 667 -0.789459 -0.380445
1 668 -0.774737 -0.316376
2 668 -0.910182 -0.300911
1 669 -0.191733 -0.387073
2 669 -0.274178 -0.369398
1 670 -0.321289 0.0658271
2 670 -0.397845 0.0790827
2 63 -0.471457 -0.345096
1 671 -1.34007 -0.378235
2 671 -1.29885 -0.36498
1 672 0.0556024 -0.199285
2 672 -0.0592317 -0.181611
2 96 -0.545068 -0.406956
1 673 -0.568624 -0.471025
2 673 -0.642236 -0.453351
1 674 -0.550957 -0.203703
2 674 -0.633402 -0.190448
1 675 -0.951405 -1.03439
2 675 -1.03385 -0.99683
1 676 -1.34891 -0.378235
2 676 -1.30768 -0.36498
1 677 -0.471457 -0.289865
2 677 -0.562735 -0.2744
1 678 -0.745292 -0.630092
2 678 -0.81007 -0.607999
2 181 -0.486179 -0.340678
1 679 -1.70813 -0.371608
2 679 -1.70519 -0.358352
1 680 0.326493 -1.00788
2 680 0.235215 -0.987993
1 681 0.0291022 -0.289865
2 681 -0.079843 -0.272191
1 682 -0.265344 0.112222
2 682 -0.330123 0.125477
1 683 0.0202688 -0.504164
2 683 -0.0621762 -0.48428
1 684 -0.571569 -0.18382
2 684 -0.648125 -0.170564
1 685 -0.259455 -0.607999
2 685 -0.368401 -0.585907
1 686 -0.253566 0.103385
2 686 -0.321289 0.11664
1 687 -0.48029 -0.641138
2 687 -0.556846 -0.619046
1 688 -1.43135 -0.376026
2 688 -1.35185 -0.362771
1 293 -0.774737 -0.886367
1 281 -0.848348 -0.963691
1 689 -0.250622 -0.203703
2 689 -0.347789 -0.188239
1 690 -0.0945653 -0.585907
2 690 -0.15051 -0.566023
1 691 -0.0386205 -0.411374
2 691 -0.112232 -0.3937
1 692 -0.845404 -0.90625
2 692 -0.930793 -0.873111
1 693 -0.509735 -0.63451
2 693 -0.59218 -0.612418
1 694 -0.171121 -0.137425
2 694 -0.259455 -0.121961
1 695 -0.462623 -0.150681
2 695 -0.550957 -0.137425
1 3 -0.518568 0.0547808
1 696 -0.521513 -0.265563
2 696 -0.612791 -0.250098
1 697 -0.556846 -0.177192
2 697 -0.636347 -0.163937
1 698 -0.497957 -0.749392
2 698 -0.574513 -0.72509
1 699 0.108603 -0.859856
2 699 -0.0621762 -0.833344
2 15 -0.674625 -0.316376
1 700 -0.215288 -0.404747
2 700 -0.285956 -0.387073
1 701 -0.0651206 -0.316376
2 701 -0.168177 -0.298702
1 702 -0.447901 -0.287656
2 702 -0.545068 -0.272191
1 245 -0.353678 -0.336259
1 703 -0.609847 -0.0821937
2 703 -0.668736 -0.0711474
1 704 -1.62569 -0.371608
2 704 -1.61391 -0.358352
1 705 -0.75707 -0.391491
2 705 -0.886626 -0.373817
1 706 -0.271233 -0.444513
2 706 -0.333067 -0.426839
1 707 -0.0238981 -0.418002
2 707 -0.103399 -0.400328
1 708 0.0556024 -0.263354
2 708 -0.0592317 -0.245679
1 709 -0.530346 0.0569901
2 709 -0.589235 0.0680364
1 710 -1.45196 -0.376026
2 710 -1.41074 -0.362771
1 711 -0.174066 -0.234633
2 711 -0.274178 -0.219168
1 712 0.0673803 -0.261144
2 712 -0.0445094 -0.24347
1 713 -0.153455 -0.21475
2 713 -0.247678 -0.199285
1 714 -0.656958 -0.349515
2 714 -0.739403 -0.33405
1 715 -0.265344 -0.351724
2 715 -0.365456 -0.33405
1 716 -0.303622 -0.316376
2 716 -0.444957 -0.298702
1 367 -0.462623 -0.285446
1 717 -0.171121 -0.387073
2 717 -0.265344 -0.369398
1 718 -0.651069 -0.236842
2 718 -0.715847 -0.223587
1 719 -0.527402 -0.444513
2 719 -0.636347 -0.426839
1 720 0.173381 -0.0291714
2 720 0.0585469 -0.0114972
1 356 0.123325 -0.194866
1 721 -0.583346 -0.190448
2 721 -0.659903 -0.177192
1 313 0.0467691 -0.241261
1 722 0.102714 -0.411374
2 722 0.0232133 -0.3937
1 316 -0.489124 -0.446723
1 723 -1.29591 -0.389282
2 723 -1.39307 -0.373817
1 724 -0.53918 -0.532884
2 724 -0.586291 -0.513001
1 725 0.391271 -0.418002
2 725 0.394216 -0.400328
1 296 0.467827 -0.420212
1 241 -0.371345 -0.51521
1 726 -0.689347 -0.398119
2 726 -0.821848 -0.380445
1 727 -0.15051 -0.172774
2 727 -0.241789 -0.157309
1 728 -0.162288 -0.382654
2 728 -0.247678 -0.36498
1 729 -0.253566 -0.256726
2 729 -0.356623 -0.241261
1 730 -0.659903 -0.331841
2 730 -0.742348 -0.316376
1 731 -0.297733 0.112222
2 731 -0.368401 0.125477
1 732 0.176325 -0.0291714
2 732 0.0614913 -0.0114972
1 228 -0.595124 -0.281028
1 733 -0.135788 -0.541721
2 733 -0.200566 -0.521838
1 734 0.117436 -0.21254
2 734 -0.000342423 -0.194866
1 735 -0.271233 -0.00707871
2 735 -0.439068 0.00838618
1 736 -0.751181 -0.63672
2 736 -0.813015 -0.614627
1 737 -0.450846 -0.468815
2 737 -0.521513 -0.451141
1 738 -0.598069 -0.331841
2 738 -0.683458 -0.316376
1 739 -0.112232 -0.102077
2 739 -0.185844 -0.0866123
1 740 -0.989683 -1.09183
2 740 -1.07213 -1.04764
1 741 -0.12401 -0.221378
2 741 -0.212344 -0.205913
1 742 -0.241789 0.0569901
2 742 -0.312456 0.0702457
1 743 -0.524457 -0.267772
2 743 -0.61868 -0.252307
2 52 -0.651069 -0.855437
1 744 -0.792403 -0.647766
2 744 -0.857182 -0.625673
1 745 -0.256511 -0.24347
2 745 -0.356623 -0.228005
2 105 -0.598069 -0.429049
1 746 -0.589235 -0.475443
2 746 -0.654014 -0.457769
1 747 -0.536235 -0.00486941
2 747 -0.601013 0.00617691
1 748 -0.624569 -0.488699
2 748 -0.67168 -0.471025
1 749 -0.668736 -0.336259
2 749 -0.751181 -0.320795
1 750 -0.709958 -0.851019
2 750 -0.795348 -0.822298
1 751 0.285271 -0.415793
2 751 0.282326 -0.398119
1 752 -0.951405 -1.04102
2 752 -1.03385 -0.999039
1 753 -0.656958 -0.554977
2 753 -0.727625 -0.535093
1 754 0.0349911 -0.473234
2 754 -0.0474538 -0.45556
1 755 -0.568624 -0.141844
2 755 -0.639291 -0.128588
1 756 -0.191733 -0.0888215
2 756 -0.277122 -0.0733567
1 379 -0.86896 -0.930552
1 757 0.04088 -0.21254
2 757 -0.0739541 -0.194866
1 758 0.56205 -0.422421
2 758 0.564995 -0.404747
1 759 -0.0886764 -0.577069
2 759 -0.147566 -0.557186
1 760 -0.135788 -0.21475
2 760 -0.230011 -0.199285
1 761 -0.265344 -0.269981
2 761 -0.368401 -0.254517
2 122 -0.648125 -0.672068
1 762 -0.659903 -0.462188
2 762 -0.715847 -0.444513
1 763 0.208715 -0.895204
2 763 0.0261577 -0.868693
1 764 -0.727625 -0.552768
2 764 -0.801237 -0.532884
1 765 -0.621625 -0.773694
2 765 -0.701125 -0.747183
1 766 -0.639291 -0.685324
2 766 -0.721736 -0.661022
1 767 -1.57563 -0.373817
2 767 -1.58152 -0.360561
1 768 0.50905 -0.422421
2 768 0.544384 -0.404747
1 769 -0.391956 -0.539512
2 769 -0.503846 -0.519629
1 770 -0.804181 -0.864274
2 770 -0.889571 -0.833344
1 771 0.0556024 -0.581488
2 771 -0.0180092 -0.561605
1 772 -0.524457 -0.528466
2 772 -0.574513 -0.508582
1 773 -0.106343 -0.166146
2 773 -0.182899 -0.150681
1 774 -0.0533428 -0.269981
2 774 -0.162288 -0.252307
1 775 -0.447901 -0.258935
2 775 -0.545068 -0.24347
1 776 0.161603 -0.0291714
2 776 0.0467691 -0.0114972
1 777 -0.115177 -0.121961
2 777 -0.188788 -0.106496
1 778 -1.07507 -1.16915
2 778 -1.16046 -1.12497
1 779 0.435438 -0.420212
2 779 0.476661 -0.402537
1 331 -0.627513 -0.541721
1 780 -0.347789 -0.497536
2 780 -0.465568 -0.477652
1 781 -0.256511 0.0724549
2 781 -0.321289 0.0857105
1 782 -0.871904 -0.979156
2 782 -0.957294 -0.941598
1 783 -0.371345 -0.236842
2 783 -0.518568 -0.221378
2 92 -0.359567 -0.323004
1 784 -0.209399 -0.0910308
2 784 -0.294789 -0.0755659
1 785 0.0821026 -0.239052
2 785 -0.0327316 -0.221378
1 786 -0.521513 -0.415793
2 786 -0.580402 -0.398119
1 366 0.138047 -0.179401
2 98 0.238159 -0.398119
1 787 0.294104 -0.415793
2 787 0.29116 -0.398119
1 788 0.129214 -0.126379
2 788 0.00849095 -0.108705
1 789 0.491383 -0.422421
2 789 0.517883 -0.404747
1 790 -0.318345 -0.541721
2 790 -0.430234 -0.521838
1 791 -0.141677 -0.115333
2 791 -0.224122 -0.0998679
1 792 -0.559791 -0.54614
2 792 -0.598069 -0.526256
1 793 -0.545068 -0.00707871
2 793 -0.609847 0.00396765
1 794 -0.913127 -0.0578918
2 794 -1.07213 -0.0468455
1 795 -0.633402 -0.300911
2 795 -0.718792 -0.285446
1 291 0.00260199 -0.340678
1 796 -1.72874 -0.369398
2 796 -1.7258 -0.356143
1 797 -0.2889 0.015014
2 797 -0.468512 0.0304788
1 798 -0.639291 -0.166146
2 798 -0.701125 -0.15289
1 799 -0.218233 -0.0866123
2 799 -0.309511 -0.0711474
1 800 -0.536235 -0.415793
2 800 -0.595124 -0.398119
1 801 -0.500901 -0.658812
2 801 -0.580402 -0.63672
1 802 -0.318345 0.107803
2 802 -0.389012 0.121059
2 135 -0.356623 -0.188239
1 803 -0.609847 -0.0601011
2 803 -0.668736 -0.0490548
1 804 -0.621625 -0.311957
2 804 -0.707014 -0.296493
1 805 0.0614913 -0.228005
2 805 -0.0533428 -0.210331
3 594 -0.3154 -0.133007
3 595 -1.67574 -0.349515
1 806 0.193992 -0.0380084
3 806 -0.0180092 0.0128047
1 807 -0.206455 -0.042427
3 807 -0.344845 -0.00486941
3 598 -0.224122 -0.163937
1 269 -0.804181 -0.941598
1 808 -0.477346 -0.426839
3 808 -0.642236 -0.384863
3 14 -0.771792 -0.647766
1 451 -0.674625 -0.499745
3 601 -0.338956 -0.084403
3 75 -0.969071 -0.601371
3 16 -0.795348 -0.532884
1 809 -0.330123 0.127687
3 809 -0.447901 0.160826
3 607 -0.70407 -0.579279
1 810 0.0232133 -0.493117
3 810 -0.112232 -0.444513
1 213 -0.827737 -0.952645
1 811 -0.126954 -0.261144
3 811 -0.297733 -0.219168
1 237 -0.907238 -1.02113
3 612 -0.768848 -0.278818
1 812 -0.112232 -0.228005
3 812 -0.265344 -0.186029
3 614 -0.165232 -0.404747
3 617 -0.983794 -0.897413
1 813 -0.109288 -0.133007
3 813 -0.232955 -0.0932401
1 814 -0.333067 0.103385
3 814 -0.45379 0.136524
1 815 0.143936 -0.0269621
3 815 -0.0562873 0.0216418
3 619 -0.321289 -0.0954493
1 260 -0.686403 -0.820089
1 816 -0.191733 -0.0623104
3 816 -0.333067 -0.0247528
3 629 -0.0680651 0.0194325
3 630 -0.0710096 -0.504164
1 817 -0.866015 -0.658812
3 817 -0.94846 -0.607999
1 231 -0.92196 -1.03439
3 70 -0.215288 -0.223587
1 818 -0.515624 -0.638929
3 818 -0.642236 -0.588116
1 394 -0.874849 -0.939389
1 439 -0.815959 -0.921715
1 0 0.120381 -0.0380084
3 632 -0.42729 -0.462188
1 434 -0.933738 -1.0366
1 819 -0.630458 -0.676486
3 819 -0.75707 -0.623464
3 635 -0.112232 -0.18382
1 820 -0.751181 -0.864274
3 820 -0.877793 -0.797996
1 821 -0.677569 -0.81788
3 821 -0.798292 -0.75602
1 822 -0.380178 -0.267772
3 822 -0.527402 -0.230215
3 643 -0.589235 -0.495327
3 644 -0.121066 -0.362771
3 353 -0.892515 -0.835554
1 385 -0.668736 -0.740555
1 823 -0.277122 -0.170564
3 823 -0.439068 -0.133007
1 824 -0.185844 -0.159518
3 824 -0.347789 -0.119751
3 120 -0.0592317 0.0216418
1 825 -1.58446 -0.373817
3 825 -1.57858 -0.349515
1 209 -0.792403 -0.864274
1 826 -1.08096 -1.17357
3 826 -1.18991 -1.07636
1 827 0.158659 -0.413584
3 827 0.0232133 -0.36498
1 828 0.0438246 -0.48649
3 828 -0.0945653 -0.437886
3 656 -0.306567 -0.314167
1 829 -0.283011 -0.168355
3 829 -0.447901 -0.130798
1 830 -0.465568 -0.596953
3 830 -0.595124 -0.548349
1 831 -0.656958 -0.241261
3 831 -0.760014 -0.210331
1 832 0.182214 -0.0313806
3 832 -0.0327316 0.0194325
1 833 -0.174066 -0.311957
3 833 -0.338956 -0.269981
1 834 -0.789459 -0.616836
3 834 -0.883682 -0.568232
1 835 0.149825 -0.141844
3 835 -0.0680651 -0.0932401
1 836 -0.17701 -0.135216
3 836 -0.327178 -0.0954493
1 837 -0.312456 0.048153
3 837 -0.442012 0.081292
1 838 -1.31357 -0.378235
3 838 -1.38719 -0.349515
1 839 0.17927 -0.0402177
3 839 -0.035676 0.0105954
1 840 -0.297733 -0.340678
3 840 -0.489124 -0.298702
1 841 -0.0180092 -0.422421
3 841 -0.15051 -0.376026
3 670 -0.447901 0.0989661
1 842 -0.842459 -0.972528
3 842 -0.963182 -0.897413
1 410 -0.550957 -0.683114
3 672 -0.147566 -0.15289
3 673 -0.677569 -0.429049
3 674 -0.683458 -0.170564
1 843 -1.71991 -0.371608
3 843 -1.71697 -0.349515
1 844 -0.268289 -0.161727
3 844 -0.433179 -0.12417
3 686 -0.365456 0.138733
3 293 -0.901349 -0.81788
1 845 -0.92196 -1.0366
3 845 -1.03974 -0.952645
3 55 -0.739403 -0.228005
1 444 -0.601013 -0.289865
1 846 -0.798292 -0.623464
3 846 -0.892515 -0.57486
1 847 -0.312456 0.0459437
3 847 -0.442012 0.0790827
3 183 -0.53918 -0.493117
1 395 0.0291022 -0.610208
3 693 -0.636347 -0.583697
3 694 -0.321289 -0.0976586
1 848 -1.56385 -0.373817
3 848 -1.55796 -0.349515
3 697 -0.686403 -0.146262
1 849 -1.31357 -0.380445
3 849 -1.35185 -0.351724
1 850 0.0497135 -0.488699
3 850 -0.0857319 -0.440095
1 851 -0.798292 -0.391491
3 851 -1.00146 -0.353934
1 852 -0.227066 0.0790827
3 852 -0.338956 0.114431
1 445 -0.986738 -1.07195
3 140 -0.268289 -0.292074
3 715 -0.433179 -0.309748
1 853 -1.59919 -0.373817
3 853 -1.62274 -0.349515
3 719 -0.709958 -0.402537
1 854 -0.659903 -0.773694
3 854 -0.786515 -0.714044
3 313 -0.153455 -0.194866
3 726 -0.907238 -0.358352
3 727 -0.303622 -0.133007
1 443 -0.866015 -0.981365
3 729 -0.42729 -0.216959
1 855 -0.609847 -0.488699
3 855 -0.701125 -0.446723
1 856 -0.232955 -0.517419
3 856 -0.3154 -0.471025
1 346 -0.48029 -0.607999
1 857 -0.521513 -0.676486
3 857 -0.639291 -0.623464
1 858 -0.197622 -0.051264
3 858 -0.336011 -0.0137065
3 742 -0.362512 0.0923383
3 743 -0.677569 -0.232424
1 859 -0.215288 0.0503623
3 859 -0.330123 0.0857105
3 59 -0.309511 -0.197076
1 860 -0.786515 -0.391491
3 860 -0.992627 -0.353934
1 861 -0.188788 -0.594744
3 861 -0.333067 -0.54393
1 862 -0.159344 -0.272191
3 862 -0.330123 -0.230215
3 175 -0.94846 -0.60579
3 752 -1.06918 -0.957063
1 863 -0.200566 -0.084403
3 863 -0.344845 -0.0468455
1 864 -0.0857319 -0.552768
3 864 -0.179955 -0.504164
1 437 -0.839515 -0.899622
1 865 -0.56568 -0.714044
3 865 -0.683458 -0.658812
1 866 0.0320467 -0.526256
3 866 -0.0975098 -0.477652
1 867 -0.751181 -0.577069
3 867 -0.851293 -0.530675
1 868 0.0379356 -0.680905
3 868 -0.0680651 -0.630092
1 869 -0.745292 -0.632301
3 869 -0.83657 -0.583697
1 870 0.0762137 -0.24347
3 870 -0.12401 -0.197076
1 871 -0.365456 0.123268
3 871 -0.48029 0.154198
1 872 -1.5668 -0.373817
3 872 -1.56091 -0.349515
1 873 -0.247678 -0.12417
3 873 -0.403734 -0.0866123
1 874 -0.606902 -0.66544
3 874 -0.739403 -0.612418
3 770 -0.930793 -0.797996
1 875 -0.760014 -0.300911
3 875 -0.998516 -0.265563
3 777 -0.238844 -0.0821937
1 876 -0.792403 -0.921715
3 876 -0.913127 -0.851019
1 877 -0.910182 -0.985784
3 877 -1.03385 -0.908459
1 878 -0.194677 -0.0578918
3 878 -0.333067 -0.0203343
1 249 0.193992 -0.0402177
1 446 -0.916071 -1.02997
3 780 -0.545068 -0.451141
1 879 -0.112232 -0.104286
3 879 -0.230011 -0.0645196
1 880 -0.191733 -0.0468455
3 880 -0.327178 -0.00928797
1 881 -0.197622 -0.0490548
3 881 -0.336011 -0.0114972
3 92 -0.42729 -0.298702
1 882 0.188103 -0.413584
3 882 0.04088 -0.36498
3 169 -0.132843 -0.205913
1 883 -0.17701 -0.0556826
3 883 -0.306567 -0.018125
3 366 -0.0710096 -0.130798
1 884 -0.171121 -0.265563
3 884 -0.347789 -0.223587
3 9 -0.212344 -0.431258
3 788 -0.0827875 -0.0777752
1 885 -1.61096 -0.373817
3 885 -1.60802 -0.349515
1 886 -0.742348 -0.588116
3 886 -0.839515 -0.541721
1 887 -0.250622 -0.256726
3 887 -0.424345 -0.216959
1 888 -0.2624 -1.16253
3 888 -0.344845 -1.07857
1 889 -0.371345 -0.625673
3 889 -0.521513 -0.57486
3 791 -0.277122 -0.0755659
1 890 -1.02796 -1.10067
3 890 -1.14279 -1.01009
1 891 0.00260199 -0.596953
3 891 -0.118121 -0.54614
1 892 0.0791581 -0.252307
3 892 -0.121066 -0.205913
1 386 -0.221177 -0.3937
3 291 -0.135788 -0.296493
3 17 -0.259455 -0.252307
1 893 -0.639291 -0.705207
3 893 -0.774737 -0.649975
3 799 -0.368401 -0.0490548
1 894 -1.32241 -0.380445
3 894 -1.36657 -0.351724
1 895 -0.771792 -0.360561
3 895 -0.989683 -0.323004
3 802 -0.439068 0.140942
1 896 -0.197622 -0.0468455
3 896 -0.336011 -0.00928797
1 897 -0.636347 -0.15289
3 897 -0.73057 -0.12417
3 805 -0.141677 -0.181611
4 4 -1.05741 -0.559395
4 590 -0.447901 0.151988
4 591 -0.397845 -0.0402177
1 898 -0.792403 -0.292074
4 898 -1.14574 -0.267772
1 899 -0.250622 -0.0556826
4 899 -0.474401 -0.00707871
4 594 -0.389012 -0.117542
4 597 -0.318345 -0.018125
1 900 -0.129899 -0.186029
4 900 -0.350734 -0.128588
4 269 -0.963182 -0.848809
1 901 -0.78357 -0.87753
4 901 -0.957294 -0.793578
4 130 -0.424345 -0.0910308
1 902 -0.412568 -0.157309
4 902 -0.642236 -0.117542
1 903 -0.871904 -0.63672
4 903 -0.980849 -0.579279
1 904 -0.0209537 -0.621255
4 904 -0.162288 -0.548349
1 905 -0.559791 -0.269981
4 905 -0.774737 -0.234633
4 601 -0.412568 -0.0711474
4 75 -0.995572 -0.592534
1 906 -0.218233 0.00838618
4 906 -0.412568 0.0591993
4 16 -0.833626 -0.524047
4 809 -0.512679 0.169663
1 907 -0.615736 -0.729509
4 907 -0.792403 -0.658812
4 812 -0.336011 -0.170564
1 420 -0.42729 0.0702457
4 613 -0.559791 -0.190448
1 908 -0.0297871 -0.621255
4 908 -0.174066 -0.548349
1 458 -0.97496 -1.06311
1 909 -0.42729 0.0614086
4 909 -0.603958 0.0945476
1 910 -0.241789 -0.0888215
4 910 -0.462623 -0.0402177
4 631 -0.442012 0.167453
4 93 -0.527402 -0.150681
1 911 -0.386067 -0.415793
4 911 -0.689347 -0.367189
1 257 -0.842459 -0.974737
1 254 -0.916071 -0.638929
4 639 -0.306567 -0.497536
4 641 -0.389012 -0.323004
1 912 -0.571569 -0.2744
4 912 -0.78357 -0.239052
1 913 -1.01324 -1.0852
4 913 -1.16046 -0.972528
1 914 -0.206455 0.00617691
4 914 -0.394901 0.0569901
1 915 -0.854237 -0.959273
4 915 -1.01618 -0.864274
4 824 -0.421401 -0.106496
1 460 -0.712903 -0.828926
4 653 -0.409623 -0.0335899
4 145 -0.247678 -0.402537
1 916 -0.880737 -0.96811
4 916 -1.04268 -0.870902
1 917 -0.433179 0.0172232
4 917 -0.61868 0.0503623
4 830 -0.64518 -0.535093
1 918 -0.188788 -0.0490548
4 918 -0.391956 0.00396765
1 919 -0.656958 -0.771485
4 919 -0.830682 -0.698579
1 920 -0.612791 -0.506373
4 920 -0.748237 -0.45556
1 921 -0.391956 -0.199285
4 921 -0.633402 -0.157309
4 675 -1.10746 -0.928343
4 34 -0.857182 -0.528466
4 678 -0.86896 -0.570442
1 922 -0.135788 -0.292074
4 922 -0.383123 -0.234633
4 682 -0.436123 0.158616
4 844 -0.512679 -0.113123
4 688 -1.49908 -0.36498
4 692 -1.01029 -0.81788
4 395 -0.12401 -0.537303
4 850 -0.144621 -0.420212
1 923 -0.933738 -1.0145
4 923 -1.08979 -0.910669
1 481 -0.574513 -0.691951
4 60 -0.421401 -0.199285
4 854 -0.833626 -0.700788
4 356 -0.188788 -0.121961
4 201 -0.274178 -0.475443
1 924 -0.241789 -0.0578918
4 924 -0.462623 -0.00928797
1 475 0.0173243 -0.658812
4 729 -0.515624 -0.205913
4 346 -0.659903 -0.54614
4 30 -0.603958 0.0967568
4 737 -0.692292 -0.418002
1 925 -0.777681 -0.612418
4 925 -0.901349 -0.554977
4 859 -0.389012 0.101175
1 926 -1.02207 -1.09404
4 926 -1.16635 -0.976947
1 927 -0.277122 0.0326881
4 927 -0.48029 0.0790827
1 928 0.0438246 -0.541721
4 928 -0.138732 -0.471025
4 155 -0.141677 0.00838618
1 929 -0.827737 -0.888576
4 929 -0.992627 -0.802415
1 930 -0.0209537 -0.632301
4 930 -0.165232 -0.559395
4 873 -0.483235 -0.0755659
1 931 -0.462623 0.0105954
4 931 -0.642236 0.0415251
4 777 -0.300678 -0.0645196
4 18 -0.633402 -0.711835
1 932 -0.2359 0.0591993
4 932 -0.418456 0.107803
1 933 -0.368401 0.123268
4 933 -0.53918 0.160826
4 446 -1.06624 -0.923924
1 243 -0.801237 -0.928343
1 934 -0.774737 -0.899622
4 934 -0.936682 -0.811252
1 413 -0.886626 -1.00125
4 883 -0.371345 -0.00266015
1 935 -0.274178 -0.239052
4 935 -0.527402 -0.190448
4 796 -1.73169 -0.369398
1 936 -0.2624 -0.201494
4 936 -0.509735 -0.15289
4 802 -0.497957 0.149779
5 37 -0.518568 -0.210331
5 269 -0.989683 -0.881948
5 906 -0.477346 0.0216418
5 16 -0.863071 -0.561605
5 812 -0.415512 -0.199285
5 420 -0.656958 0.0569901
5 814 -0.574513 0.101175
5 627 -0.462623 -0.190448
5 817 -0.983794 -0.63672
1 937 -0.786515 -0.643347
5 937 -0.92196 -0.621255
1 938 -0.456735 -0.228005
5 938 -0.75707 -0.230215
1 939 -1.04857 -1.12055
5 939 -1.20757 -1.03218
5 257 -1.02502 -0.910669
5 820 -0.957294 -0.81567
5 638 -0.500901 -0.21254
5 642 -1.12513 -0.990202
5 123 -1.03091 -0.621255
5 914 -0.459679 0.0216418
5 248 -0.880737 -0.78695
1 940 0.314715 -0.976947
5 940 0.0349911 -0.917297
1 941 -1.03679 -1.1095
5 941 -1.19874 -1.02334
5 918 -0.459679 -0.0313806
5 837 -0.574513 0.0459437
1 942 -1.11335 -1.19345
5 942 -1.25174 -1.08962
5 842 -1.02502 -0.908459
5 678 -0.889571 -0.607999
5 922 -0.468512 -0.265563
5 682 -0.497957 0.118849
1 495 -0.45379 -0.192657
1 943 -0.742348 -0.387073
5 943 -1.13396 -0.400328
1 944 -0.67168 -0.813461
5 944 -0.871904 -0.769276
1 490 -0.745292 -0.87532
1 945 0.550272 -0.422421
5 945 0.544384 -0.318585
1 946 -0.147566 -0.216959
5 946 -0.462623 -0.192657
1 947 -0.966127 -1.04102
5 947 -1.14279 -0.9659
5 850 -0.206455 -0.442304
5 701 -0.409623 -0.283237
1 948 -0.285956 0.105594
5 948 -0.521513 0.110012
5 711 -0.503846 -0.21254
1 949 -0.238844 0.0216418
5 949 -0.503846 0.0326881
5 475 -0.168177 -0.607999
5 59 -0.48029 -0.21475
1 950 0.264659 -0.96811
5 950 -0.00623138 -0.908459
1 951 -0.442012 0.0459437
5 951 -0.67168 0.0326881
5 758 0.56205 -0.318585
1 952 0.241104 -0.959273
5 952 -0.0297871 -0.899622
1 953 -0.860126 -0.230215
5 953 -1.31063 -0.269981
1 954 -0.17701 -0.300911
5 954 -0.495013 -0.276609
5 878 -0.474401 -0.0402177
5 446 -1.08979 -0.957063
1 955 -0.17701 -0.0932401
5 955 -0.462623 -0.0733567
1 956 -0.2624 0.105594
5 956 -0.495013 0.112222
5 934 -0.972016 -0.8466
1 957 -0.874849 -0.661022
5 957 -0.992627 -0.638929
1 958 -0.350734 0.127687
5 958 -0.583346 0.123268
1 959 0.270548 -0.970319
5 959 -0.0032869 -0.910669
1 960 -0.64518 -0.579279
5 960 -0.807126 -0.559395
1 961 -0.656958 -0.54393
5 961 -0.818904 -0.528466
6 590 -0.518568 0.123268
6 601 -0.500901 -0.0976586
6 16 -0.824793 -0.563814
6 231 -1.03679 -0.957063
6 939 -1.13691 -1.02776
6 257 -0.969071 -0.90625
1 962 -0.533291 -0.042427
6 962 -0.677569 -0.0402177
1 963 -0.863071 -0.389282
6 963 -1.24291 -0.444513
1 964 -0.904293 -0.389282
6 964 -1.29296 -0.451141
1 965 -0.450846 -0.234633
6 965 -0.75707 -0.24347
6 941 -1.12807 -1.01892
6 838 0.273493 -0.276609
6 942 -1.17518 -1.08299
6 671 0.500217 -0.252307
6 921 -0.718792 -0.203703
6 676 0.405994 -0.263354
1 966 -0.447901 -0.115333
6 966 -0.486179 -0.104286
1 967 -0.857182 -0.389282
6 967 -1.23996 -0.444513
1 218 -0.612791 -0.7273
6 688 0.29116 -0.2744
1 968 0.0526579 -0.510791
6 968 -0.185844 -0.437886
6 849 0.514939 -0.252307
1 969 -0.433179 -0.0711474
6 969 -0.474401 -0.0601011
1 970 -1.11629 -1.19345
6 970 -1.17813 -1.08299
1 971 -0.194677 -0.0556826
6 971 -0.489124 -0.0291714
1 972 -1.10157 -1.18462
6 972 -1.16635 -1.07636
1 973 -0.141677 -0.453351
6 973 -0.330123 -0.398119
1 974 -1.3018 -0.378235
6 974 0.520828 -0.250098
6 930 -0.17701 -0.552768
6 869 -0.842459 -0.610208
1 975 -0.447901 -0.119751
6 975 -0.486179 -0.108705
1 976 -0.129899 -0.373817
6 976 -0.371345 -0.331841
7 599 0.503161 -0.228005
7 618 -1.62569 -0.488699
7 623 -0.59218 -0.161727
7 633 0.0379356 -0.285446
1 977 -0.0710096 -1.14485
7 977 -0.253566 -1.05206
7 942 -1.23702 -1.06974
7 671 0.108603 -0.276609
1 978 -0.954349 -1.03439
7 978 -1.13691 -0.946017
7 161 -0.568624 -0.0932401
7 843 -1.71108 -0.499745
1 979 -1.54619 -0.373817
7 979 -0.0562873 -0.296493
7 688 0.0850471 -0.278818
7 281 -1.05152 -0.888576
7 849 0.261715 -0.258935
7 705 -1.23113 -0.440095
1 980 -1.48435 -0.376026
7 980 -0.0474538 -0.296493
1 981 -0.583346 -0.247889
7 981 -0.833626 -0.188239
7 970 -1.23996 -1.06974
1 982 -0.0680651 -1.14706
7 982 -0.250622 -1.05427
1 983 -0.079843 -1.14043
7 983 -0.265344 -1.04764
7 860 -1.24585 -0.442304
7 758 0.564995 -0.221378
1 984 -0.930793 -1.0145
7 984 -1.12218 -0.930552
1 985 -0.280067 -0.705207
7 985 -0.527402 -0.638929
7 872 -0.12401 -0.30533
1 509 -0.919015 -0.981365
1 986 -1.43724 -0.376026
7 986 0.129214 -0.2744
7 782 -1.07507 -0.901832
7 98 -0.0975098 -0.30312
1 987 -1.38424 -0.376026
7 987 0.282326 -0.254517
1 988 -0.0386205 -0.559395
7 988 -0.274178 -0.475443
1 989 -0.439068 -0.0402177
8 989 -0.615736 -0.0114972
8 642 -1.08096 -0.932761
1 990 -0.524457 -0.252307
8 990 -0.801237 -0.219168
1 991 -0.468512 -0.084403
8 991 -0.633402 -0.0534733
1 992 -0.436123 -0.376026
8 992 -0.683458 -0.33405
1 993 -0.45379 -0.197076
8 993 -0.754125 -0.157309
1 994 -0.430234 -0.285446
8 994 -0.742348 -0.252307
8 410 -0.833626 -0.647766
1 995 -0.412568 0.110012
8 995 -0.574513 0.125477
1 996 -0.271233 -0.519629
8 996 -0.580402 -0.495327
8 184 -0.827737 -0.625673
8 481 -0.857182 -0.656603
1 997 -1.02796 -1.12939
8 997 -1.18402 -1.02555
1 998 -0.530346 -0.190448
8 998 -0.815959 -0.148472
8 760 -0.471457 -0.18382
1 999 -0.45379 -0.194866
8 999 -0.754125 -0.1551
8 868 -0.224122 -0.590325
1 1000 -0.0121203 -0.610208
8 1000 -0.277122 -0.517419
1 1001 -0.527402 -0.252307
8 1001 -0.804181 -0.219168
1 1002 -0.456735 -0.199285
8 1002 -0.754125 -0.159518
9 604 -0.857182 -0.223587
1 1003 -0.621625 -0.369398
9 1003 -0.954349 -0.307539
1 1004 -0.568624 -0.588116
9 1004 -1.01618 -0.568232
9 645 -1.13102 -0.873111
9 915 -1.14279 -0.892995
9 648 -0.83657 -0.247889
9 941 -1.26646 -1.0145
9 191 -0.813015 0.0857105
9 666 -0.436123 -0.119751
9 978 -1.21346 -0.952645
9 281 -1.13691 -0.897413
1 1005 -0.550957 -0.00486941
9 1005 -0.78357 0.0790827
1 1006 -0.115177 -0.15289
9 1006 -0.436123 -0.148472
9 150 -0.760014 0.081292
9 739 -0.42729 -0.0954493
1 1007 -0.518568 -0.362771
9 1007 -0.792403 -0.307539
9 929 -1.11629 -0.822298
1 1008 -0.174066 -0.389282
9 1008 -0.874849 -0.446723
1 1009 -0.386067 -0.234633
9 1009 -0.786515 -0.203703
1 1010 -0.144621 -0.0402177
9 1010 -0.450846 -0.0247528
9 782 -1.15752 -0.910669
1 1011 -0.112232 -0.126379
9 1011 -0.436123 -0.121961
1 1012 -0.824793 -0.391491
10 1012 -1.58446 -0.554977
10 619 -0.562735 -0.256726
10 235 -0.898404 -0.21475
10 36 -0.530346 -0.528466
1 1013 -0.324234 0.103385
10 1013 -0.771792 0.015014
1 1014 -0.283011 -0.128588
10 1014 -0.627513 -0.236842
10 648 -0.833626 -0.369398
10 966 -0.70407 -0.205913
1 1015 -0.112232 -1.10067
10 1015 -0.474401 -1.07195
10 281 -1.15163 -1.0123
10 694 -0.562735 -0.258935
10 475 -0.327178 -0.672068
10 729 -0.630458 -0.367189
1 1016 -0.447901 -0.117542
10 1016 -0.70407 -0.208122
10 952 -0.230011 -1.00567
10 975 -0.70407 -0.210331
1 1017 -0.0474538 -0.252307
10 1017 -0.40079 -0.360561
1 1018 -0.291844 -0.720672
10 1018 -0.627513 -0.771485
11 617 -1.09568 -1.03218
11 458 -1.18402 -1.1095
1 1019 0.0143798 -0.614627
11 1019 -0.238844 -0.632301
1 1020 0.426605 -0.420212
11 1020 0.53555 -0.258935
1 1021 0.00554647 -0.835554
11 1021 -0.0121203 -1.09183
1 1022 -0.468512 -0.0446362
11 1022 -0.742348 -0.0777752
1 1023 -0.12401 -0.0866123
11 1023 -0.368401 -0.174983
11 978 -1.16929 -1.0852
11 293 -1.03091 -0.957063
11 923 -1.15457 -1.06974
1 1024 0.0556024 -0.683114
11 1024 -0.194677 -0.69637
11 752 -1.16341 -1.08962
11 926 -1.20757 -1.12718
11 764 -0.983794 -0.647766
1 1025 -0.0621762 -0.225796
11 1025 -0.327178 -0.329632
11 67 -0.833626 -0.0667289
1 1026 -0.553902 -0.236842
11 1026 -0.842459 -0.296493
1 1027 -0.81007 -0.917297
11 1027 -1.06035 -0.985784
1 1028 -0.0680651 -0.241261
11 1028 -0.333067 -0.345096
1 1029 -0.515624 -0.0357991
12 1029 -0.630458 -0.0799845
12 16 -0.789459 -0.632301
12 458 -1.04268 -1.07857
12 939 -1.09274 -1.12718
12 157 -0.824793 -0.645557
12 434 -1.0044 -1.05206
12 820 -0.86896 -0.901832
1 1030 -0.721736 -0.596953
12 1030 -0.81007 -0.649975
12 978 -1.02796 -1.05427
12 34 -0.807126 -0.63672
12 293 -0.886626 -0.921715
12 184 -0.689347 -0.700788
1 1031 -0.450846 0.0989661
12 1031 -0.627513 0.0591993
1 1032 -1.08391 -1.16694
12 1032 -1.10452 -1.1559
12 122 -0.707014 -0.736137
1 234 -0.527402 -0.658812
1 1033 -0.462623 -0.448932
12 1033 -0.559791 -0.471025
1 1034 0.441327 -1.14706
12 1034 0.276437 -1.1559
1 1035 0.0467691 -0.791368
12 1035 -0.144621 -0.789159
12 114 -0.489124 -0.371608
1 1036 -0.0857319 -0.773694
12 1036 -0.250622 -0.767066
13 594 -0.321289 -0.174983
13 807 -0.344845 -0.042427
13 130 -0.359567 -0.15289
13 16 -0.712903 -0.594744
13 420 -0.530346 0.0415251
13 909 -0.533291 0.0326881
1 1037 -0.465568 0.0636179
13 1037 -0.562735 0.0304788
13 818 -0.583346 -0.645557
13 157 -0.751181 -0.607999
13 965 -0.609847 -0.278818
1 1038 -0.350734 0.0636179
13 1038 -0.468512 0.0459437
13 34 -0.733514 -0.599162
1 1039 0.04088 -0.535093
13 1039 -0.0297871 -0.510791
13 995 -0.486179 0.0923383
13 846 -0.792403 -0.638929
13 481 -0.633402 -0.694161
1 1040 -0.294789 -0.402537
13 1040 -0.371345 -0.398119
13 854 -0.709958 -0.773694
1 1041 -0.589235 -0.557186
13 1041 -0.598069 -0.559395
13 728 -0.283011 -0.376026
13 729 -0.450846 -0.283237
1 1042 -0.818904 -0.647766
13 1042 -0.807126 -0.661022
13 741 -0.280067 -0.219168
13 192 -0.701125 -0.619046
13 59 -0.324234 -0.245679
1 1043 -0.321289 0.125477
13 1043 -0.433179 0.11664
1 1044 -0.135788 -0.216959
13 1044 -0.297733 -0.216959
1 212 -0.135788 -0.307539
13 951 -0.536235 0.0172232
13 195 -0.67168 -0.603581
13 871 -0.468512 0.107803
13 770 -0.839515 -0.862065
13 774 -0.250622 -0.269981
1 1045 -0.568624 -0.621255
13 1045 -0.642236 -0.63451
1 1046 -0.789459 -0.921715
13 1046 -0.813015 -0.90625
13 880 -0.327178 -0.0446362
1 1047 -0.179955 -0.201494
13 1047 -0.350734 -0.210331
13 958 -0.456735 0.114431
13 886 -0.745292 -0.603581
1 1048 -0.126954 -0.287656
13 1048 -0.303622 -0.292074
14 806 0.15277 -0.0313806
1 1049 -0.324234 -0.596953
14 1049 -0.274178 -0.566023
14 610 0.00849095 -0.367189
1 1050 -0.886626 -0.948226
14 1050 -0.768848 -0.870902
1 1051 -0.103399 -0.285446
14 1051 -0.0945653 -0.281028
14 617 -0.748237 -0.895204
14 333 0.0791581 -0.194866
14 631 -0.191733 0.140942
14 939 -0.910182 -1.01892
14 151 -0.633402 -0.48649
14 832 0.143936 -0.0247528
1 1052 -0.194677 -0.57486
14 1052 -0.0651206 -0.537303
1 1053 -0.59218 -0.0269621
14 1053 -0.450846 -0.00486941
14 445 -0.860126 -0.979156
1 1054 -0.89546 -0.141844
14 1054 -0.983794 -0.150681
14 948 -0.212344 0.121059
1 1055 -0.283011 -0.583697
14 1055 -0.209399 -0.550558
14 949 -0.179955 0.0371066
14 356 0.0850471 -0.188239
14 971 -0.147566 -0.0402177
14 973 -0.0503983 -0.42463
1 1056 -0.200566 -0.0601011
14 1056 -0.153455 -0.0446362
14 865 -0.486179 -0.667649
1 1057 -0.601013 -0.744974
14 1057 -0.518568 -0.69637
1 1058 0.0997694 -0.221378
14 1058 0.0644358 -0.21475
14 90 -0.138732 -0.360561
1 1059 -0.707014 -0.839972
14 1059 -0.612791 -0.780322
14 776 0.123325 -0.0225436
14 777 -0.0445094 -0.102077
1 1060 -0.203511 -0.0534733
14 1060 -0.156399 -0.0380084
14 878 -0.147566 -0.042427
14 249 0.15277 -0.0335899
14 880 -0.141677 -0.0313806
1 1061 0.0732692 -0.18382
14 1061 0.0526579 -0.174983
1 1062 -0.0857319 -0.2744
14 1062 -0.079843 -0.261144
1 1063 -0.203511 -0.0556826
14 1063 -0.156399 -0.0402177
3 1 -0.182899 -0.411374
2 1064 -0.153455 -0.446723
3 1064 -0.185844 -0.418002
2 1065 -0.73057 -0.57486
3 1065 -0.762959 -0.548349
2 1066 -1.19285 -1.14264
3 1066 -1.21641 -1.09183
2 861 -0.277122 -0.572651
2 1067 -0.972016 -0.371608
3 1067 -1.03385 -0.353934
3 45 -0.274178 -0.325213
2 1068 -0.135788 -0.705207
3 1068 -0.197622 -0.672068
2 1069 -0.406679 0.127687
3 1069 -0.45379 0.14757
3 265 -0.277122 -0.241261
3 219 -0.079843 -0.537303
3 597 -0.259455 -0.0335899
3 591 -0.327178 -0.0534733
2 1070 -0.377234 -0.444513
3 1070 -0.421401 -0.418002
2 1071 -1.02207 -0.590325
3 1071 -1.03974 -0.566023
3 333 -0.0886764 -0.15289
2 183 -0.465568 -0.519629
2 1072 -1.06035 -1.01892
3 1072 -1.09274 -0.974737
2 874 -0.692292 -0.641138
3 233 -0.97496 -0.30312
2 1073 -0.238844 -0.607999
3 1073 -0.297733 -0.577069
3 662 0.488439 -0.367189
2 394 -0.960238 -0.904041
2 1074 -0.159344 -0.197076
3 1074 -0.215288 -0.170564
2 1075 -0.0886764 -0.376026
3 1075 -0.144621 -0.347306
2 1076 -0.197622 -0.645557
3 1076 -0.256511 -0.614627
2 1077 -0.536235 0.0724549
3 1077 -0.586291 0.090129
3 63 -0.56568 -0.320795
3 348 -0.939627 -0.826717
2 1078 0.450161 -0.402537
3 1078 0.458994 -0.367189
2 1079 -0.966127 -0.930552
3 1079 -1.0044 -0.890785
3 218 -0.742348 -0.672068
3 665 0.199881 -0.36498
3 745 -0.430234 -0.203703
3 707 -0.156399 -0.371608
2 1080 -1.71402 -0.356143
3 1080 -1.71108 -0.349515
3 590 -0.389012 0.140942
2 1081 -0.742348 -0.345096
3 1081 -0.792403 -0.325213
2 1082 -0.227066 -0.0976586
3 1082 -0.280067 -0.0733567
3 782 -0.995572 -0.901832
2 1083 -0.807126 -0.490908
3 1083 -0.851293 -0.468815
3 646 -0.715847 -0.384863
2 1084 -0.224122 -0.00486941
3 1084 -0.271233 0.0194325
2 1085 -1.18696 -0.367189
3 1085 -1.29885 -0.351724
2 1086 -0.0327316 -0.524047
3 1086 -0.0827875 -0.493117
2 1087 -1.01324 -0.371608
3 1087 -1.10452 -0.353934
2 1088 -0.0680651 -0.254517
3 1088 -0.15051 -0.225796
3 605 -0.0710096 -0.499745
2 1089 -0.442012 -0.292074
3 1089 -0.545068 -0.267772
2 1090 -0.238844 0.00838618
3 1090 -0.285956 0.0326881
2 410 -0.633402 -0.658812
2 1091 -0.680514 -0.398119
3 1091 -0.754125 -0.376026
2 1092 0.438383 -0.402537
3 1092 0.426605 -0.367189
3 43 -0.559791 0.0437345
3 282 -0.627513 -0.404747
2 1093 -1.0044 -0.371608
3 1093 -1.09274 -0.353934
2 1094 -0.768848 -0.596953
3 1094 -0.801237 -0.570442
3 649 -0.760014 -0.318585
2 1095 -0.0710096 -0.63672
3 1095 -0.112232 -0.603581
3 709 -0.624569 0.0835012
2 1096 -0.368401 -0.475443
3 1096 -0.412568 -0.448932
2 1097 -1.06035 -0.369398
3 1097 -1.12513 -0.353934
2 1098 -0.165232 -0.676486
3 1098 -0.224122 -0.645557
2 1099 -1.16635 -1.10729
3 1099 -1.19285 -1.05869
2 1100 -0.774737 -0.446723
3 1100 -0.821848 -0.42463
2 1101 -0.762959 -0.51521
3 1101 -0.789459 -0.490908
2 1102 -0.394901 0.114431
3 1102 -0.444957 0.134314
2 1103 -0.424345 -0.490908
3 1103 -0.477346 -0.464397
2 1104 -1.04268 -0.108705
3 1104 -1.14574 -0.0976586
2 1105 -0.386067 0.00396765
3 1105 -0.442012 0.0260603
2 1106 -0.356623 0.0702457
3 1106 -0.412568 0.0923383
2 385 -0.75707 -0.714044
2 1107 -0.271233 -0.188239
3 1107 -0.338956 -0.163937
3 632 -0.424345 -0.462188
2 1108 -0.733514 -0.778113
3 1108 -0.774737 -0.744974
2 402 -1.1958 -1.14927
2 1109 -0.689347 -0.400328
3 1109 -0.765903 -0.378235
3 141 -0.721736 -0.219168
2 1110 -0.754125 -0.347306
3 1110 -0.804181 -0.327422
3 796 -1.73169 -0.349515
2 1111 -0.212344 -0.172774
3 1111 -0.277122 -0.146262
2 816 -0.274178 -0.0490548
2 1112 -0.595124 -0.402537
3 1112 -0.659903 -0.380445
2 1113 -0.0121203 -0.199285
3 1113 -0.100454 -0.168355
2 1114 -0.992627 -0.371608
3 1114 -1.06918 -0.353934
2 1115 -0.135788 -0.398119
3 1115 -0.182899 -0.369398
2 1116 -0.232955 -0.0932401
3 1116 -0.2889 -0.0689382
2 1117 -0.283011 -0.0468455
3 1117 -0.3419 -0.0225436
2 1118 0.252882 -0.398119
3 1118 0.193992 -0.36498
2 1119 -0.344845 -0.0402177
3 1119 -0.403734 -0.018125
3 368 -0.135788 -0.570442
2 1120 0.444272 -0.402537
3 1120 0.435438 -0.367189
3 753 -0.765903 -0.510791
2 894 -1.31946 -0.36498
2 1121 -0.624569 -0.349515
3 1121 -0.654014 -0.329632
3 600 -0.238844 -0.121961
2 420 -0.497957 0.0790827
3 217 -0.300678 -0.24347
2 1122 -0.265344 -0.121961
3 1122 -0.327178 -0.0976586
2 1123 -0.833626 -0.791368
3 1123 -0.877793 -0.758229
2 439 -0.901349 -0.888576
2 1124 -0.336011 -0.433467
3 1124 -0.377234 -0.406956
3 682 -0.377234 0.14757
2 1125 -0.880737 -0.824507
3 1125 -0.92196 -0.789159
2 1126 -0.415512 -0.373817
3 1126 -0.483235 -0.349515
2 1127 -0.0268426 -0.782531
3 1127 -0.0886764 -0.747183
2 1128 -0.409623 0.0724549
3 1128 -0.459679 0.0923383
2 1129 -0.309511 -0.561605
3 1129 -0.362512 -0.532884
2 1130 -1.02207 -0.588116
3 1130 -1.03974 -0.563814
2 1131 -0.380178 -0.0777752
3 1131 -0.442012 -0.0556826
2 1132 -0.509735 -0.418002
3 1132 -0.59218 -0.3937
3 337 -0.450846 -0.232424
2 880 -0.271233 -0.0335899
2 1133 -0.336011 -0.042427
3 1133 -0.391956 -0.0203343
2 1134 -1.14868 -0.367189
3 1134 -1.25763 -0.351724
2 1135 -0.371345 0.0172232
3 1135 -0.433179 0.0393159
2 1136 -1.21346 -0.367189
3 1136 -1.31652 -0.351724
3 645 -0.957294 -0.862065
2 1137 -0.362512 0.0724549
3 1137 -0.415512 0.0945476
2 817 -0.924904 -0.63451
2 1138 -0.336011 -0.0159158
3 1138 -0.394901 0.00617691
2 1139 -1.11629 -0.369398
3 1139 -1.18107 -0.353934
2 1140 -0.250622 -0.54393
3 1140 -0.280067 -0.51521
2 386 -0.285956 -0.376026
2 1141 -0.736459 -0.457769
3 1141 -0.760014 -0.435676
2 1142 0.117436 -0.39591
3 1142 0.0821026 -0.36498
2 1143 -1.10452 -1.04764
3 1143 -1.13396 -1.00125
3 230 -0.916071 -0.603581
2 1144 -0.274178 -0.367189
3 1144 -0.327178 -0.340678
2 1145 -0.624569 -0.579279
3 1145 -0.674625 -0.552768
3 644 -0.118121 -0.362771
2 1146 -0.980849 -0.371608
3 1146 -1.04563 -0.353934
2 896 -0.280067 -0.0335899
2 1147 -0.500901 0.11664
3 1147 -0.545068 0.134314
3 736 -0.842459 -0.588116
3 363 -1.15457 -1.02113
2 820 -0.83657 -0.833344
2 1148 -0.439068 -0.349515
3 1148 -0.533291 -0.325213
2 1149 -0.56568 -0.24347
3 1149 -0.630458 -0.223587
2 1150 -0.377234 -0.113123
3 1150 -0.442012 -0.0910308
2 1151 -0.409623 -0.186029
3 1151 -0.474401 -0.163937
2 1152 -0.386067 -0.0689382
3 1152 -0.447901 -0.0468455
3 636 -0.230011 -0.130798
2 75 -0.945516 -0.627883
2 1153 -0.842459 -0.601371
3 1153 -0.871904 -0.57486
2 1154 -0.406679 -0.0711474
3 1154 -0.465568 -0.0490548
2 1155 -0.56568 -0.402537
3 1155 -0.701125 -0.378235
2 1156 -0.247678 -0.084403
3 1156 -0.303622 -0.0601011
3 19 -0.568624 -0.652185
2 1157 -0.680514 -0.459978
3 1157 -0.701125 -0.437886
3 325 -0.17701 -0.219168
2 434 -1.01618 -0.994621
2 1158 -0.780626 -0.389282
3 1158 -0.863071 -0.369398
2 1159 -0.421401 -0.358352
3 1159 -0.500901 -0.33405
2 1160 -0.839515 -0.795787
3 1160 -0.880737 -0.762648
2 1161 -0.601013 -0.236842
3 1161 -0.662847 -0.216959
2 1162 -0.886626 -0.892995
3 1162 -0.924904 -0.855437
2 871 -0.433179 0.134314
2 237 -0.989683 -0.981365
2 1163 -0.106343 -0.596953
3 1163 -0.144621 -0.566023
3 284 -0.612791 -0.451141
2 445 -1.07213 -1.02997
2 1164 -1.19285 -1.14043
3 1164 -1.21641 -1.08962
2 1165 -0.61868 -0.63451
3 1165 -0.665791 -0.60579
3 609 -1.06329 -0.241261
3 51 -0.406679 -0.550558
2 152 -0.798292 -0.479862
3 285 -0.129899 -0.331841
2 1166 -0.0886764 -0.30312
3 1166 -0.141677 -0.2744
2 1167 -0.0474538 -0.391491
3 1167 -0.0975098 -0.362771
2 1168 -1.16046 -0.367189
3 1168 -1.28118 -0.351724
2 1169 0.0968249 -0.87532
3 1169 0.0291022 -0.837763
3 669 -0.327178 -0.342887
2 1170 -0.0238981 -0.497536
3 1170 -0.0768985 -0.466606
2 1171 -0.380178 -0.0733567
3 1171 -0.442012 -0.051264
2 1172 -0.73057 -0.247889
3 1172 -0.771792 -0.230215
2 1173 -0.0327316 -0.391491
3 1173 -0.0857319 -0.362771
3 631 -0.383123 0.156407
2 1174 -0.880737 -0.623464
3 1174 -0.904293 -0.596953
2 1175 -0.615736 -0.250098
3 1175 -0.677569 -0.230215
2 1176 0.273493 -0.398119
3 1176 0.211659 -0.36498
2 1177 -0.218233 -0.228005
3 1177 -0.2889 -0.201494
2 1178 -0.191733 -0.314167
3 1178 -0.2624 -0.287656
2 1179 -0.374289 -0.115333
3 1179 -0.439068 -0.0932401
2 1180 -0.377234 -0.115333
3 1180 -0.442012 -0.0932401
3 334 -0.898404 -0.594744
3 751 0.220492 -0.36498
2 1181 -1.47552 -0.360561
3 1181 -1.39602 -0.351724
3 207 -1.15163 -1.02776
2 1182 -0.371345 -0.108705
3 1182 -0.433179 -0.0866123
2 1183 -0.509735 0.0172232
3 1183 -0.559791 0.0348974
3 708 -0.141677 -0.216959
2 1184 -0.439068 -0.342887
3 1184 -0.536235 -0.318585
2 1185 -0.206455 -0.232424
3 1185 -0.280067 -0.205913
3 332 -0.877793 -0.592534
3 296 0.50905 -0.367189
2 1186 -0.12401 -0.585907
3 1186 -0.162288 -0.554977
2 1187 -0.0739541 -0.406956
3 1187 -0.129899 -0.378235
2 1188 -0.353678 0.136524
3 1188 -0.40079 0.158616
3 639 -0.277122 -0.51521
2 436 -0.0268426 -0.148472
3 798 -0.733514 -0.137425
2 835 0.0291022 -0.126379
2 845 -1.0044 -0.994621
2 1189 -1.06918 -1.05427
3 1189 -1.09863 -1.00788
3 263 -1.10452 -0.974737
2 1190 -0.377234 -0.391491
3 1190 -0.42729 -0.367189
2 1191 -0.306567 0.0746642
3 1191 -0.356623 0.0967568
2 1192 -0.524457 -0.230215
3 1192 -0.624569 -0.208122
2 1193 -0.67168 -0.316376
3 1193 -0.724681 -0.296493
3 722 -0.0327316 -0.362771
2 1194 0.285271 -0.398119
3 1194 0.226381 -0.36498
2 1195 -1.19874 -0.367189
3 1195 -1.31063 -0.351724
2 1196 -0.380178 -0.042427
3 1196 -0.442012 -0.0203343
3 338 -0.70407 -0.464397
2 883 -0.250622 -0.042427
2 1197 -0.380178 -0.0755659
3 1197 -0.442012 -0.0534733
2 413 -0.972016 -0.963691
2 1198 -1.18991 -0.367189
3 1198 -1.3018 -0.351724
2 1199 -0.380178 -0.0291714
3 1199 -0.442012 -0.00707871
3 744 -0.883682 -0.599162
2 1200 -0.73057 -0.252307
3 1200 -0.771792 -0.234633
2 406 -0.61868 -0.239052
2 1201 -0.583346 -0.453351
3 1201 -0.621625 -0.429049
2 1202 -0.285956 -0.384863
3 1202 -0.333067 -0.358352
3 234 -0.654014 -0.60579
2 1203 -0.683458 -0.722881
3 1203 -0.724681 -0.691951
2 1204 -0.89546 -0.627883
3 1204 -0.919015 -0.601371
2 454 -0.886626 -0.853228
2 1205 -0.386067 0.00175838
3 1205 -0.442012 0.023851
2 1206 0.411883 -0.402537
3 1206 0.39716 -0.367189
2 1207 -0.168177 -0.188239
3 1207 -0.224122 -0.161727
2 1208 -0.59218 -0.504164
3 1208 -0.609847 -0.479862
2 1209 -0.359567 -0.325213
3 1209 -0.42729 -0.300911
3 637 -0.312456 -0.30533
3 235 -0.648125 -0.0932401
2 1210 -0.259455 -0.0777752
3 1210 -0.318345 -0.0534733
2 1211 -0.294789 -0.57486
3 1211 -0.353678 -0.54614
2 1212 -0.365456 -0.283237
3 1212 -0.439068 -0.258935
2 1213 -0.412568 -0.0998679
3 1213 -0.474401 -0.0777752
2 1214 -0.424345 0.0194325
3 1214 -0.48029 0.0393159
2 1215 -0.509735 0.0194325
3 1215 -0.559791 0.0371066
2 1216 -0.174066 -0.468815
3 1216 -0.212344 -0.440095
3 620 -0.533291 -0.323004
2 1217 -0.75707 -0.462188
3 1217 -0.780626 -0.440095
2 1218 -0.742348 -0.267772
3 1218 -0.777681 -0.250098
2 1219 -0.371345 -0.448932
3 1219 -0.415512 -0.422421
2 1220 -0.412568 -0.402537
3 1220 -0.459679 -0.378235
3 634 -0.715847 -0.683114
2 1221 -0.839515 -0.614627
3 1221 -0.866015 -0.588116
2 1222 -0.665791 -0.718463
3 1222 -0.707014 -0.687533
3 756 -0.336011 -0.0490548
2 1223 -0.103399 -0.356143
3 1223 -0.159344 -0.327422
3 779 0.479605 -0.367189
2 1224 -0.500901 0.0724549
3 1224 -0.548013 0.090129
2 1225 -0.224122 -0.269981
3 1225 -0.294789 -0.24347
2 1226 0.0497135 -0.411374
3 1226 0.0114354 -0.380445
2 1227 -0.698181 -0.451141
3 1227 -0.718792 -0.429049
2 1228 -0.983794 -0.371608
3 1228 -1.04857 -0.353934
2 1229 0.432494 -0.402537
3 1229 0.417772 -0.367189
3 657 -0.179955 -0.36498
2 1230 -0.259455 -0.398119
3 1230 -0.303622 -0.371608
2 876 -0.874849 -0.888576
2 1231 -1.07507 -0.369398
3 1231 -1.14279 -0.353934
2 1232 -0.259455 0.0525715
3 1232 -0.303622 0.0768734
2 1233 -0.374289 -0.150681
3 1233 -0.439068 -0.128588
2 1234 -0.636347 -0.691951
3 1234 -0.674625 -0.661022
3 264 -0.615736 -0.406956
2 1235 -1.58152 -0.358352
3 1235 -1.59624 -0.349515
2 1236 -0.444957 -0.300911
3 1236 -0.545068 -0.276609
2 1237 -0.606902 -0.115333
3 1237 -0.656958 -0.0976586
4 1066 -1.24291 -1.06311
4 861 -0.394901 -0.524047
4 333 -0.194677 -0.130798
2 898 -0.939627 -0.278818
4 106 -0.500901 -0.261144
4 183 -0.624569 -0.479862
4 1073 -0.359567 -0.557186
2 934 -0.857182 -0.866483
4 1074 -0.280067 -0.15289
4 63 -0.674625 -0.311957
2 1238 -0.907238 -0.287656
4 1238 -1.10746 -0.2744
4 1078 0.450161 -0.329632
4 745 -0.512679 -0.192657
4 270 -0.227066 -0.36498
2 1239 -0.297733 0.0304788
4 1239 -0.415512 0.0658271
2 1240 -0.306567 0.0658271
4 1240 -0.418456 0.101175
2 60 -0.2624 -0.239052
4 1082 -0.344845 -0.0578918
2 1241 -0.898404 -0.373817
4 1241 -1.07213 -0.356143
2 124 -0.580402 -0.570442
2 1242 -0.318345 -0.0777752
4 1242 -0.450846 -0.042427
4 1084 -0.324234 0.0348974
4 223 -0.61868 -0.607999
4 216 -0.833626 -0.698579
4 1089 -0.662847 -0.258935
4 1090 -0.344845 0.048153
2 74 -0.742348 -0.475443
2 910 -0.327178 -0.0755659
2 1243 -0.380178 -0.0402177
4 1243 -0.512679 -0.00928797
2 462 -0.285956 -0.106496
4 1094 -0.830682 -0.559395
4 709 -0.67168 0.0857105
2 1244 0.149825 -0.39591
4 1244 0.0526579 -0.336259
4 1096 -0.459679 -0.433467
4 1097 -1.22818 -0.358352
2 924 -0.324234 -0.0446362
2 1245 0.0968249 -0.3937
4 1245 0.0114354 -0.336259
4 1099 -1.21935 -1.02997
2 1246 -1.16929 -0.367189
4 1246 -1.34891 -0.360561
2 1247 -0.383123 -0.0291714
4 1247 -0.515624 0.00175838
4 1105 -0.512679 0.0348974
4 385 -0.854237 -0.669859
4 1111 -0.347789 -0.130798
4 816 -0.403734 -0.0114972
4 281 -1.01029 -0.868693
2 1248 0.0467691 -0.3937
4 1248 -0.0562873 -0.338469
2 1249 -0.50679 -0.683114
4 1249 -0.603958 -0.63451
2 1250 -1.22818 -0.367189
4 1250 -1.40191 -0.362771
4 1116 -0.353678 -0.0534733
4 754 -0.168177 -0.402537
4 1120 0.441327 -0.329632
2 1251 0.0556024 -0.3937
4 1251 -0.0768985 -0.338469
4 758 0.56205 -0.327422
4 594 -0.391956 -0.117542
2 1252 -0.371345 -0.157309
4 1252 -0.518568 -0.12417
2 1253 -0.412568 -0.316376
4 1253 -0.562735 -0.281028
2 1254 -0.81007 -0.60579
4 1254 -0.86896 -0.568232
2 925 -0.839515 -0.590325
4 337 -0.533291 -0.221378
4 1134 -1.34007 -0.360561
2 1255 0.199881 -0.39591
4 1255 0.117436 -0.33405
4 1139 -1.3018 -0.360561
2 1256 0.193992 -0.39591
4 1256 0.102714 -0.33405
2 1257 -0.371345 -0.1551
4 1257 -0.518568 -0.121961
2 1258 -0.377234 -0.186029
4 1258 -0.527402 -0.15289
4 644 -0.17701 -0.340678
2 830 -0.548013 -0.577069
4 896 -0.403734 0.00396765
4 736 -0.86896 -0.577069
4 820 -0.92196 -0.780322
2 1259 -0.394901 -0.223587
4 1259 -0.553902 -0.190448
4 1154 -0.545068 -0.0402177
4 611 -0.67168 -0.117542
2 1260 0.385383 -0.400328
4 1260 0.385383 -0.329632
2 844 -0.365456 -0.146262
4 871 -0.536235 0.160826
4 1165 -0.715847 -0.592534
4 609 -1.17224 -0.247889
2 1261 -1.11335 -0.369398
4 1261 -1.28707 -0.360561
4 1166 -0.203511 -0.254517
2 1262 -0.238844 -0.126379
4 1262 -0.365456 -0.0866123
2 933 -0.436123 0.134314
4 1175 -0.748237 -0.225796
4 1178 -0.344845 -0.269981
4 618 -1.60802 -0.367189
4 1179 -0.515624 -0.0821937
2 1263 -0.2359 -0.159518
4 1263 -0.374289 -0.119751
4 1181 -1.53146 -0.36498
4 1182 -0.509735 -0.0755659
2 1264 -0.247678 -0.119751
4 1264 -0.377234 -0.0799845
4 1184 -0.64518 -0.309748
2 1265 -0.215288 -0.252307
4 1265 -0.365456 -0.210331
2 1266 -1.36657 -0.362771
4 1266 -1.45491 -0.362771
4 332 -0.904293 -0.581488
4 296 0.520828 -0.327422
4 671 -1.43724 -0.362771
4 835 -0.17701 -0.0711474
2 1267 -0.727625 -0.667649
4 1267 -0.821848 -0.625673
2 486 -0.842459 -0.621255
4 845 -1.07507 -0.930552
2 1268 -1.11924 -1.0609
4 1268 -1.17813 -0.990202
2 1269 -0.394901 0.0194325
4 1269 -0.518568 0.0503623
2 1270 -0.78357 -0.811252
4 1270 -0.860126 -0.758229
2 1271 -0.253566 -0.594744
4 1271 -0.371345 -0.54393
4 1191 -0.418456 0.110012
2 1272 -0.0975098 -0.347306
4 1272 -0.218233 -0.298702
2 1273 -0.129899 -0.406956
4 1273 -0.224122 -0.358352
2 1274 -0.689347 -0.389282
4 1274 -0.777681 -0.362771
2 1275 0.164548 -0.39591
4 1275 0.0703248 -0.336259
4 1195 -1.41369 -0.362771
4 1196 -0.512679 -0.0114972
4 47 -0.845404 -0.2744
2 688 -1.43724 -0.362771
2 1276 -0.633402 -0.459978
4 1276 -0.715847 -0.426839
2 1277 0.0732692 -0.3937
4 1277 -0.0827875 -0.338469
2 1278 -0.883682 -0.373817
4 1278 -1.06035 -0.356143
2 1279 -0.386067 -0.223587
4 1279 -0.542124 -0.190448
2 1280 -0.424345 -0.422421
4 1280 -0.524457 -0.384863
2 1281 -0.274178 -0.0468455
4 1281 -0.403734 -0.00928797
2 1282 -1.47846 -0.360561
4 1282 -1.53441 -0.36498
2 1283 -0.303622 -0.493117
4 1283 -0.362512 -0.446723
2 1284 -0.318345 0.023851
4 1284 -0.439068 0.0591993
2 929 -0.910182 -0.855437
4 1213 -0.550957 -0.0689382
2 1285 -0.524457 -0.174983
4 1285 -0.654014 -0.148472
2 1286 0.0526579 -0.0821937
4 1286 -0.159344 -0.0247528
4 1214 -0.545068 0.048153
2 1287 -1.34007 -0.362771
4 1287 -1.45196 -0.362771
2 1288 -0.919015 -0.919506
4 1288 -0.992627 -0.859856
2 1289 0.338271 -0.400328
4 1289 0.361827 -0.331841
2 1290 -1.04857 -0.371608
4 1290 -1.25174 -0.360561
2 1291 -0.739403 -0.48428
4 1291 -0.789459 -0.453351
4 1225 -0.374289 -0.228005
2 854 -0.742348 -0.747183
2 918 -0.268289 -0.0335899
2 1292 -0.430234 -0.0357991
4 1292 -0.559791 -0.00707871
4 778 -1.21346 -1.04764
2 1293 -0.403734 0.114431
4 1293 -0.515624 0.143151
4 1231 -1.24291 -0.358352
2 1294 -0.871904 -0.373817
4 1294 -1.04563 -0.356143
2 1295 0.341215 -0.400328
4 1295 0.31766 -0.331841
4 1233 -0.518568 -0.117542
2 1296 -0.353678 -0.307539
4 1296 -0.512679 -0.269981
4 1235 -1.56091 -0.36498
5 266 -0.465568 -0.236842
5 616 -0.291844 -0.0556826
5 591 -0.471457 -0.0755659
2 1297 -0.86896 -0.844391
5 1297 -0.986738 -0.824507
5 233 -1.16929 -0.362771
5 63 -0.774737 -0.353934
5 665 0.0497135 -0.345096
5 1240 -0.48029 0.0636179
2 1298 -0.312456 -0.278818
5 1298 -0.527402 -0.2744
2 1299 -0.471457 -0.453351
5 1299 -0.73057 -0.453351
2 1300 -0.368401 -0.190448
5 1300 -0.595124 -0.194866
2 812 -0.203511 -0.210331
5 276 -1.09863 -0.954854
5 1243 -0.583346 -0.0490548
5 279 -0.748237 -0.201494
5 802 -0.559791 0.110012
5 1245 -0.0886764 -0.351724
2 1301 0.53555 -0.404747
5 1301 0.506106 -0.320795
2 914 -0.283011 0.0216418
5 1107 -0.489124 -0.18382
5 44 -0.530346 -0.119751
5 1248 -0.118121 -0.353934
2 1302 -0.389012 -0.113123
5 1302 -0.609847 -0.121961
5 1117 -0.48029 -0.0468455
2 1303 -0.212344 -0.444513
5 1303 -0.356623 -0.420212
5 212 -0.468512 -0.281028
2 1304 0.226381 -0.398119
5 1304 0.0173243 -0.347306
5 1251 -0.129899 -0.353934
5 376 -0.330123 -0.300911
5 682 -0.497957 0.121059
2 1305 -0.174066 -0.338469
5 1305 -0.397845 -0.320795
5 1128 -0.595124 0.0591993
5 1131 -0.589235 -0.0866123
5 337 -0.609847 -0.258935
5 880 -0.465568 -0.0313806
5 1255 0.0320467 -0.345096
5 1137 -0.545068 0.0636179
5 1256 -0.0386205 -0.349515
5 1142 -0.0621762 -0.351724
5 1143 -1.18402 -1.01009
5 644 -0.230011 -0.360561
2 1306 -0.989683 -0.950436
5 1306 -1.08979 -0.921715
5 289 -0.75707 -0.232424
5 720 -0.268289 0.0128047
2 1307 -0.374289 -0.225796
5 1307 -0.609847 -0.230215
2 1308 -0.489124 -0.318585
5 1308 -0.801237 -0.331841
5 1151 -0.639291 -0.194866
5 1153 -0.927849 -0.603581
2 1309 -0.386067 -0.387073
5 1309 -0.518568 -0.378235
2 1310 -0.386067 -0.42463
5 1310 -0.527402 -0.413584
5 760 -0.447901 -0.190448
5 704 -1.61391 -0.433467
5 434 -1.11041 -0.961482
5 729 -0.595124 -0.24347
2 1311 -0.256511 -0.0799845
5 1311 -0.45379 -0.0755659
2 1312 -0.380178 -0.0711474
5 1312 -0.586291 -0.0799845
2 1313 -0.818904 -0.570442
5 1313 -0.910182 -0.57486
2 1314 -0.389012 0.0614086
5 1314 -0.571569 0.0503623
5 799 -0.512679 -0.0733567
5 655 -0.397845 -0.3937
2 1315 -0.256511 -0.121961
5 1315 -0.468512 -0.117542
5 285 -0.256511 -0.331841
5 1167 -0.203511 -0.358352
2 1316 -0.518568 -0.402537
5 1316 -0.701125 -0.404747
2 1317 -1.14868 -1.10067
5 1317 -1.21935 -1.05648
2 1318 -0.727625 -1.04543
5 1318 -0.748237 -0.992412
5 751 0.0732692 -0.342887
5 1182 -0.580402 -0.115333
5 613 -0.639291 -0.230215
5 717 -0.442012 -0.353934
2 1319 -0.942571 -0.901832
5 1319 -1.05152 -0.87753
2 1320 0.311771 -0.398119
5 1320 0.270548 -0.331841
5 1269 -0.586291 0.00838618
5 263 -1.15752 -0.983574
5 199 -0.330123 -0.30312
5 1191 -0.48029 0.0724549
5 373 -0.762959 -0.528466
2 1321 0.350049 -0.400328
5 1321 0.341215 -0.329632
5 1196 -0.583346 -0.051264
5 883 -0.439068 -0.0380084
2 1322 -0.12401 -0.345096
5 1322 -0.309511 -0.320795
2 1323 -0.615736 -0.632301
5 1323 -0.754125 -0.623464
2 1324 -0.433179 0.0724549
5 1324 -0.606902 0.0569901
5 234 -0.745292 -0.625673
5 454 -1.00146 -0.833344
2 1325 0.541439 -0.404747
5 1325 0.50905 -0.320795
2 1326 0.270548 -0.398119
5 1326 0.0556024 -0.345096
2 1327 -0.365456 0.132105
5 1327 -0.536235 0.123268
2 17 -0.182899 -0.281028
2 1328 -0.403734 -0.245679
5 1328 -0.656958 -0.252307
5 349 -0.969071 -0.612418
2 1329 -0.259455 -0.117542
5 1329 -0.468512 -0.113123
5 1219 -0.509735 -0.435676
2 1330 -0.362512 -0.188239
5 1330 -0.589235 -0.192657
5 1220 -0.562735 -0.39591
2 1331 -0.892515 -0.294283
5 1331 -1.17518 -0.338469
2 1332 -0.227066 -0.269981
5 1332 -0.456735 -0.258935
5 617 -1.04857 -0.908459
2 1333 -0.294789 0.0702457
5 1333 -0.462623 0.0702457
2 1334 -1.03091 -0.192657
5 1334 -1.32535 -0.256726
5 1232 -0.415512 0.0569901
5 1233 -0.595124 -0.157309
2 1335 -0.421401 -0.258935
5 1335 -0.636347 -0.263354
6 1065 -0.780626 -0.572651
6 648 -0.748237 -0.285446
6 1070 -0.500901 -0.420212
6 1071 -1.0044 -0.610208
6 122 -0.751181 -0.658812
2 1336 -0.512679 -0.563814
6 1336 -0.695236 -0.552768
2 1337 -1.06918 -0.369398
6 1337 -1.36952 -0.459978
6 1080 -1.70813 -0.497536
6 782 -1.0044 -0.910669
6 1241 -1.14279 -0.435676
6 276 -1.03679 -0.950436
2 1338 0.364771 -0.400328
6 1338 0.426605 -0.261144
6 802 -0.571569 0.118849
6 1099 -1.16046 -1.05648
6 914 -0.48029 0.0371066
6 1107 -0.509735 -0.172774
6 796 -1.7258 -0.499745
6 816 -0.489124 -0.0335899
6 1248 -0.132843 -0.323004
6 302 -0.760014 -0.654394
2 1339 -1.08685 -0.369398
6 1339 -1.36657 -0.459978
6 894 0.461939 -0.256726
2 1340 -0.94846 -0.923924
6 1340 -0.998516 -0.895204
2 1341 -1.57563 -0.360561
6 1341 -0.0710096 -0.316376
6 217 -0.48029 -0.247889
2 1342 -0.285956 -0.0269621
6 1342 -0.497957 -0.0137065
6 880 -0.48029 -0.018125
6 767 -0.0503983 -0.314167
6 1143 -1.11924 -1.00788
6 289 -0.762959 -0.236842
6 1259 -0.651069 -0.228005
6 1310 -0.512679 -0.402537
2 1343 -1.52852 -0.360561
6 1343 0.0821026 -0.298702
6 434 -1.04857 -0.957063
2 1344 -0.380178 -0.1551
6 1344 -0.61868 -0.157309
2 1345 -0.459679 0.0967568
6 1345 -0.518568 0.0923383
6 205 -0.86896 -0.552768
2 1346 -0.933738 -0.373817
6 1346 -1.18402 -0.440095
6 1167 -0.188788 -0.329632
6 1168 -1.4343 -0.466606
2 1347 -1.09568 -0.369398
6 1347 -1.37835 -0.459978
6 1173 -0.174066 -0.327422
2 1348 -0.754125 -0.325213
6 1348 -0.889571 -0.360561
6 618 -1.60508 -0.48649
2 1349 -0.106343 -0.362771
6 1349 -0.2889 -0.314167
6 613 -0.654014 -0.228005
2 1350 -1.01324 -0.954854
6 1350 -1.04563 -0.923924
2 1351 -0.913127 -0.373817
6 1351 -1.15752 -0.435676
2 1352 -0.786515 -1.07857
6 1352 -1.14868 -1.05648
6 1320 0.479605 -0.254517
2 1353 -1.04268 -0.992412
6 1353 -1.07213 -0.957063
6 1272 -0.285956 -0.298702
6 1198 -1.47257 -0.471025
2 1354 -1.65808 -0.358352
6 1354 -1.64924 -0.490908
6 372 -1.13985 -1.03218
2 1355 -1.50496 -0.360561
6 1355 0.0968249 -0.296493
6 599 -1.56974 -0.482071
6 1277 -0.109288 -0.320795
2 972 -1.17813 -1.1316
2 1356 -1.11335 -1.09183
6 1356 -1.11629 -1.04102
2 671 -1.29296 -0.36498
6 595 -1.67869 -0.495327
6 17 -0.459679 -0.254517
6 620 -0.780626 -0.360561
6 190 -0.786515 -0.508582
6 1288 -0.969071 -0.890785
6 1290 -1.34302 -0.457769
6 652 0.464883 -0.256726
6 1295 0.411883 -0.263354
7 348 -1.03679 -0.831135
7 1093 -1.39013 -0.459978
7 1102 -0.656958 0.11664
7 1339 -1.4873 -0.471025
2 1357 -0.000342423 -0.3937
7 1357 -0.185844 -0.314167
7 314 -1.06035 -0.884158
7 1143 -1.18402 -0.994621
2 984 -1.01618 -0.972528
7 1310 -0.568624 -0.39591
7 1261 -1.53441 -0.477652
7 768 0.553217 -0.223587
7 789 0.532606 -0.225796
7 722 -0.174066 -0.311957
7 372 -1.20463 -1.01892
7 1288 -1.03974 -0.879739
7 1228 -1.37541 -0.457769
7 1231 -1.46669 -0.468815
7 1294 -1.21052 -0.437886
2 1358 -0.0238981 -0.672068
8 1358 -0.218233 -0.60579
8 1241 -1.28707 -0.468815
8 1087 -1.39307 -0.48428
8 1338 0.347104 -0.245679
2 1359 -1.69635 -0.358352
8 1359 -1.69635 -0.526256
8 1093 -1.38424 -0.482071
8 1244 -0.0739541 -0.30312
8 608 -1.66397 -0.521838
2 1360 -0.303622 -0.526256
8 1360 -0.497957 -0.506373
8 1339 -1.52558 -0.501954
8 1131 -0.492068 -0.113123
8 1139 -1.54619 -0.504164
8 1146 -1.36363 -0.479862
8 1312 -0.492068 -0.106496
8 1261 -1.54324 -0.504164
8 1167 -0.285956 -0.331841
8 1347 -1.52852 -0.501954
8 1171 -0.492068 -0.108705
8 1179 -0.483235 -0.148472
2 1361 -0.574513 -0.144053
8 1361 -0.651069 -0.130798
2 1362 -0.380178 -0.835554
8 1362 -0.580402 -0.568232
8 759 -0.338956 -0.497536
8 1353 -1.14574 -0.952645
8 722 -0.265344 -0.329632
8 1197 -0.492068 -0.110914
2 1363 -1.03385 -0.371608
8 1363 -1.41074 -0.48649
8 1278 -1.25468 -0.464397
8 1325 0.50905 -0.223587
2 521 0.464883 -0.402537
8 1228 -1.36657 -0.479862
2 1364 -0.380178 -0.833344
8 1364 -0.580402 -0.566023
8 1231 -1.5138 -0.499745
8 1294 -1.21935 -0.459978
2 1365 -0.986738 -0.928343
8 1365 -1.10452 -0.897413
2 1366 -0.654014 -0.258935
9 1366 -0.942571 -0.234633
9 1105 -0.689347 0.0415251
9 783 -0.721736 -0.192657
9 598 -0.421401 -0.168355
9 692 -1.13396 -0.842181
9 439 -1.11924 -0.862065
9 682 -0.680514 0.14757
2 1367 -0.612791 -0.561605
9 1367 -0.998516 -0.579279
9 1310 -0.654014 -0.400328
2 1368 -0.221177 -0.426839
9 1368 -0.521513 -0.373817
2 1369 -0.206455 -0.0203343
9 1369 -0.462623 -0.000450882
9 1165 -0.898404 -0.621255
9 299 -0.901349 -0.623464
9 344 -1.29591 -1.06753
9 296 0.503161 -0.201494
9 1353 -1.21641 -0.952645
9 1194 0.202826 -0.245679
9 406 -0.883682 -0.21254
9 696 -0.871904 -0.223587
9 1205 -0.689347 0.0393159
9 1207 -0.421401 -0.166146
9 1214 -0.712903 0.0569901
2 1370 -0.324234 -0.433467
9 1370 -0.571569 -0.402537
10 1358 -0.291844 -0.707416
10 122 -0.924904 -0.767066
10 329 -0.695236 -0.340678
2 1371 -0.0710096 -0.623464
10 1371 -0.333067 -0.663231
10 642 -1.21935 -1.09625
10 283 -0.695236 -0.281028
10 300 -1.44019 -0.150681
2 1372 -0.957294 -0.923924
10 1372 -1.16635 -1.00567
2 1373 -1.27824 -0.36498
10 1373 0.0556024 -0.329632
10 1135 -0.686403 -0.113123
10 386 -0.674625 -0.466606
2 1374 -0.253566 -0.48649
10 1374 -0.50679 -0.548349
10 206 -1.2488 -1.0852
2 1375 0.191048 -0.9659
10 1375 -0.232955 -1.01009
10 1350 -1.21052 -1.03439
2 1376 -0.0327316 -0.63451
10 1376 -0.303622 -0.672068
10 1353 -1.23113 -1.06753
10 1269 -0.707014 -0.110914
2 1377 -0.0297871 -0.658812
10 1377 -0.297733 -0.691951
10 1356 -1.27235 -1.15148
2 1378 -1.31063 -0.36498
10 1378 0.0850471 -0.325213
10 304 -1.19874 -1.02113
2 1379 -1.07213 -1.02776
10 1379 -1.25468 -1.09846
10 1230 -0.662847 -0.48649
11 648 -0.742348 -0.367189
11 1072 -1.18402 -1.10729
11 348 -1.06624 -0.9659
11 276 -1.13396 -1.07857
11 642 -1.15752 -1.11392
11 608 -1.66691 -0.557186
2 1380 -0.138732 -1.12276
11 1380 -0.250622 -1.18241
11 281 -1.08391 -1.02555
2 1381 -0.141677 -1.12055
11 1381 -0.253566 -1.1802
11 1144 -0.562735 -0.457769
2 1382 -1.17813 -1.12939
11 1382 -1.25763 -1.20229
11 820 -1.01618 -0.93718
11 206 -1.18696 -1.10287
2 1383 -0.338956 -0.621255
11 1383 -0.50679 -0.733927
11 445 -1.19285 -1.11834
2 1384 -0.165232 -0.45556
11 1384 -0.368401 -0.519629
11 251 -0.945516 -0.859856
2 1385 -0.833626 -0.831135
11 1385 -1.01324 -0.934971
11 1350 -1.14574 -1.04985
11 269 -1.03679 -1.00125
2 1386 -0.916071 -0.904041
11 1386 -1.07213 -1.00346
11 595 -1.68458 -0.559395
2 1387 0.355938 -1.14043
11 1387 0.0850471 -1.23985
2 1388 0.34416 -1.12276
11 1388 0.0791581 -1.2288
11 854 -0.939627 -0.853228
2 1389 -0.15051 -1.11392
11 1389 -0.265344 -1.17357
2 1390 -1.16635 -1.11613
11 1390 -1.24585 -1.18904
12 1337 -1.4608 -0.513001
12 1080 -1.71402 -0.548349
12 782 -0.963182 -1.00567
12 1241 -0.977905 -0.448932
12 608 -1.66102 -0.541721
12 1301 0.514939 -0.247889
2 1391 -1.65513 -0.358352
12 1391 -1.6463 -0.539512
12 796 -1.72874 -0.550558
12 1304 0.135103 -0.298702
12 692 -0.94846 -0.946017
12 1357 -0.112232 -0.331841
12 682 -0.477346 0.103385
12 1134 -1.49319 -0.517419
12 314 -0.94846 -0.987993
12 1139 -1.45196 -0.513001
12 1146 -1.34596 -0.497536
2 1392 -0.580402 -0.733927
12 1392 -0.624569 -0.813461
2 1393 0.138047 -0.39591
12 1393 -0.0032869 -0.316376
12 984 -1.01029 -1.0366
2 1394 -0.883682 -0.36498
12 1394 -0.871904 -0.426839
12 740 -1.06624 -1.12497
12 1346 -1.33418 -0.497536
12 98 0.164548 -0.294283
12 768 0.541439 -0.24347
12 1167 -0.100454 -0.329632
12 251 -0.801237 -0.824507
12 631 -0.483235 0.110012
2 1395 -1.49613 -0.360561
12 1395 0.146881 -0.296493
12 1181 0.0320467 -0.311957
12 1266 0.34416 -0.269981
12 722 -0.0975098 -0.329632
12 210 -0.966127 -1.0145
12 1354 -1.63158 -0.537303
2 1396 -1.55502 -0.360561
12 1396 -1.58152 -0.530675
12 698 -0.630458 -0.8466
12 1282 0.193992 -0.289865
2 1397 -1.12513 -1.08741
12 1397 -1.08685 -1.13822
2 1398 -0.601013 -0.283237
12 1398 -0.633402 -0.336259
12 854 -0.792403 -0.81567
12 350 -0.615736 -0.331841
12 1229 0.408938 -0.261144
2 1399 -1.68752 -0.358352
12 1399 -1.69341 -0.54614
12 1295 0.379494 -0.265563
13 861 -0.294789 -0.583697
2 1400 -1.08391 -1.03881
13 1400 -0.989683 -1.04543
13 208 -0.132843 -0.382654
13 1075 -0.109288 -0.369398
13 348 -0.845404 -0.886367
13 60 -0.359567 -0.267772
2 886 -0.807126 -0.568232
13 782 -0.886626 -0.957063
2 1401 -0.0562873 -0.475443
13 1401 -0.0710096 -0.466606
13 642 -0.945516 -1.03218
13 1243 -0.447901 -0.0733567
2 1402 -0.75707 -0.711835
13 1402 -0.733514 -0.744974
13 462 -0.356623 -0.128588
13 1247 -0.450846 -0.0623104
2 1403 -1.11041 -1.08078
13 1403 -1.0044 -1.08078
13 402 -1.06329 -1.13822
2 1404 -0.2624 -0.349515
13 1404 -0.318345 -0.369398
2 1405 -0.238844 -0.201494
13 1405 -0.3154 -0.221378
13 754 -0.0651206 -0.446723
13 715 -0.456735 -0.373817
13 1117 -0.3419 -0.0645196
13 1303 -0.197622 -0.440095
13 294 -0.827737 -0.928343
13 615 -0.333067 -0.170564
13 1340 -0.880737 -0.941598
13 1252 -0.45379 -0.194866
13 439 -0.842459 -0.908459
13 1131 -0.450846 -0.113123
2 1406 -0.571569 -0.535093
13 1406 -0.580402 -0.57486
13 314 -0.871904 -0.939389
2 1407 -1.07802 -1.0609
13 1407 -0.977905 -1.06311
13 1143 -1.0044 -1.05206
13 14 -0.709958 -0.714044
13 1382 -1.05446 -1.12276
13 41 -0.559791 -0.63672
2 1408 -0.386067 0.0172232
13 1408 -0.444957 -0.0137065
13 1152 -0.456735 -0.104286
2 1409 -0.250622 -0.159518
13 1409 -0.321289 -0.177192
13 1153 -0.774737 -0.63672
2 1410 -0.386067 -0.146262
13 1410 -0.489124 -0.190448
13 1310 -0.377234 -0.437886
2 1411 -0.135788 -0.566023
13 1411 -0.0975098 -0.548349
13 1344 -0.462623 -0.192657
13 1312 -0.450846 -0.106496
13 740 -0.980849 -1.05427
2 1412 -0.692292 -0.510791
13 1412 -0.659903 -0.54614
13 653 -0.3419 -0.0888215
2 1413 -0.665791 -0.539512
13 1413 -0.615736 -0.566023
2 1414 -0.665791 -0.318585
13 1414 -0.683458 -0.373817
13 285 -0.0945653 -0.351724
13 105 -0.665791 -0.48649
2 1415 -0.241789 -0.221378
13 1415 -0.324234 -0.24347
2 1416 -0.391956 0.0724549
13 1416 -0.442012 0.0437345
2 1417 -0.0945653 -0.749392
13 1417 -0.112232 -0.749392
2 1418 -0.115177 -0.30312
13 1418 -0.121066 -0.292074
13 1353 -0.957294 -1.00346
13 1193 -0.692292 -0.373817
13 694 -0.327178 -0.139635
13 1196 -0.447901 -0.0755659
13 47 -0.751181 -0.360561
13 1197 -0.450846 -0.110914
13 1386 -0.854237 -0.923924
13 372 -1.02796 -1.07857
2 1419 -0.397845 -0.563814
13 1419 -0.412568 -0.583697
2 1420 -0.232955 -0.00266015
13 1420 -0.253566 -0.00266015
2 1421 -0.344845 -0.510791
13 1421 -0.359567 -0.526256
2 1422 -0.418456 -0.276609
13 1422 -0.530346 -0.327422
13 1211 -0.309511 -0.585907
13 1328 -0.503846 -0.292074
13 1219 -0.359567 -0.459978
13 1330 -0.447901 -0.225796
13 1288 -0.851293 -0.934971
2 59 -0.241789 -0.223587
2 1423 -0.227066 -0.000450882
13 1423 -0.244733 0.00175838
2 1424 0.335327 -1.10729
13 1424 0.34416 -1.09625
13 686 -0.344845 0.105594
14 1069 -0.2624 0.123268
14 257 -0.733514 -0.899622
14 1075 0.0526579 -0.371608
2 1425 0.0614913 -0.0203343
14 1425 0.135103 -0.0380084
14 1090 -0.0916209 0.0172232
14 1096 -0.218233 -0.468815
14 277 -0.53918 -0.506373
14 254 -0.762959 -0.594744
2 1426 -0.709958 -0.179401
14 1426 -0.53918 -0.188239
2 1427 -0.191733 -0.117542
14 1427 -0.0474538 -0.113123
14 1405 -0.12401 -0.210331
14 1116 -0.100454 -0.0932401
2 1428 -0.536235 -0.588116
14 1428 -0.383123 -0.579279
14 212 -0.138732 -0.307539
14 692 -0.739403 -0.842181
14 1253 -0.306567 -0.33405
2 1429 -0.418456 -0.442304
14 1429 -0.277122 -0.440095
2 1430 -0.483235 -0.0578918
14 1430 -0.459679 -0.137425
2 1431 -0.833626 -0.780322
14 1431 -0.654014 -0.758229
14 1138 -0.209399 -0.0247528
2 1432 -0.0032869 -0.121961
14 1432 0.0850471 -0.135216
2 1433 -0.777681 -0.508582
14 1433 -0.609847 -0.506373
14 1311 -0.12401 -0.0799845
2 1434 -0.415512 -0.442304
14 1434 -0.274178 -0.440095
2 1435 -0.0415649 -0.619046
14 1435 0.12627 -0.612418
14 666 -0.0415649 -0.104286
2 1436 -0.45379 0.123268
14 1436 -0.306567 0.11664
2 948 -0.356623 0.121059
2 1437 -0.224122 -0.508582
14 1437 -0.0621762 -0.497536
2 1438 -0.356623 -0.278818
14 1438 -0.259455 -0.298702
2 1439 -0.89546 -0.901832
14 1439 -0.721736 -0.868693
14 267 -0.509735 -0.490908
14 263 -0.854237 -0.961482
2 1440 -0.0268426 -0.482071
14 1440 0.117436 -0.479862
2 1441 -0.474401 -0.0667289
14 1441 -0.45379 -0.146262
2 1442 -0.73057 -0.276609
14 1442 -0.568624 -0.285446
2 1443 -0.692292 -0.245679
14 1443 -0.545068 -0.263354
2 1444 -0.736459 -0.258935
14 1444 -0.571569 -0.269981
2 1445 -0.386067 0.0128047
14 1445 -0.256511 0.00175838
14 1207 -0.0032869 -0.170564
2 1446 -0.312456 -1.10508
14 1446 -0.118121 -1.08299
2 1447 -0.377234 0.127687
14 1447 -0.232955 0.125477
2 1448 -0.409623 -0.563814
14 1448 -0.274178 -0.561605
2 1449 0.0732692 -0.0137065
14 1449 0.149825 -0.0291714
14 1233 -0.259455 -0.166146
14 1296 -0.253566 -0.325213
2 1450 0.0379356 -0.126379
14 1450 0.108603 -0.146262
4 270 -0.227066 -0.367189
3 1451 -0.630458 -0.166146
4 1451 -0.75707 -0.161727
3 1452 -1.54324 -0.349515
4 1452 -1.55208 -0.36498
3 1453 -0.495013 -0.519629
4 1453 -0.571569 -0.504164
3 1454 -0.960238 -0.826717
4 1454 -1.00146 -0.809042
4 233 -1.08096 -0.30533
4 398 -0.383123 -0.159518
4 213 -0.986738 -0.859856
4 1116 -0.356623 -0.0534733
4 1207 -0.2889 -0.144053
4 1134 -1.36069 -0.360561
3 1455 -0.344845 0.0371066
4 1455 -0.409623 0.0503623
4 400 -0.456735 -0.464397
3 1456 -1.09274 -0.963691
4 1456 -1.12807 -0.941598
4 851 -1.08979 -0.356143
3 1457 -0.495013 -0.389282
4 1457 -0.553902 -0.376026
4 715 -0.509735 -0.296493
4 811 -0.380178 -0.203703
3 1458 -0.851293 -0.479862
4 1458 -0.898404 -0.473234
3 1459 -0.294789 -0.199285
4 1459 -0.374289 -0.18382
3 1460 -0.927849 -0.356143
4 1460 -1.01913 -0.356143
4 1070 -0.471457 -0.402537
3 1461 -0.857182 -0.585907
4 1461 -0.886626 -0.57486
3 487 -0.913127 -0.842181
4 808 -0.718792 -0.376026
3 1462 -0.919015 -0.342887
4 1462 -1.01913 -0.342887
3 1239 -0.350734 0.0525715
3 900 -0.280067 -0.144053
3 1463 -0.197622 -0.442304
4 1463 -0.232955 -0.420212
3 1464 -0.724681 -0.300911
4 1464 -0.78357 -0.296493
4 722 -0.0651206 -0.338469
3 1465 -0.497957 -0.263354
4 1465 -0.574513 -0.252307
3 1466 -0.559791 -0.548349
4 1466 -0.615736 -0.532884
3 1467 -0.910182 -0.577069
4 1467 -0.933738 -0.568232
4 1105 -0.509735 0.0348974
3 1468 -0.430234 -0.398119
4 1468 -0.48029 -0.382654
3 1469 -0.406679 -0.298702
4 1469 -0.471457 -0.285446
3 1470 -0.2624 0.0105954
4 1470 -0.3154 0.0260603
3 1471 -0.465568 -0.0159158
4 1471 -0.530346 -0.00707871
4 1066 -1.23996 -1.06311
3 1472 -0.780626 -0.552768
4 1472 -0.813015 -0.541721
3 1473 -0.241789 -0.680905
4 1473 -0.294789 -0.654394
3 1474 -0.265344 -0.0247528
4 1474 -0.324234 -0.00928797
3 1475 -0.0768985 0.00175838
4 1475 -0.182899 0.023851
3 1476 -0.61868 0.0835012
4 1476 -0.662847 0.0857105
3 1279 -0.456735 -0.201494
3 1477 -0.910182 -0.340678
4 1477 -1.01029 -0.340678
4 366 -0.17701 -0.108705
4 451 -0.774737 -0.448932
3 1478 -0.745292 -0.161727
4 1478 -0.786515 -0.159518
3 1479 0.447216 -0.367189
4 1479 0.426605 -0.329632
4 105 -0.745292 -0.39591
4 707 -0.218233 -0.349515
4 819 -0.807126 -0.610208
3 1480 -0.336011 -0.278818
4 1480 -0.412568 -0.263354
4 807 -0.412568 0.00838618
3 1292 -0.489124 -0.0159158
3 1481 -1.64041 -0.349515
4 1481 -1.65513 -0.367189
3 1482 -0.403734 0.140942
4 1482 -0.462623 0.151988
4 51 -0.489124 -0.532884
3 1483 -0.589235 -0.219168
4 1483 -0.712903 -0.21254
3 1484 -0.916071 -0.784741
4 1484 -0.960238 -0.769276
4 662 0.488439 -0.327422
3 1485 -0.406679 0.0105954
4 1485 -0.48029 0.0216418
3 1486 -0.439068 -0.130798
4 1486 -0.518568 -0.119751
3 1277 -0.0621762 -0.362771
4 881 -0.403734 0.00175838
3 1487 -0.48029 -0.519629
4 1487 -0.550957 -0.504164
4 1206 0.326493 -0.331841
3 1488 -1.01324 -0.899622
4 1488 -1.05152 -0.879739
4 665 0.140992 -0.33405
3 1489 -1.66691 -0.349515
4 1489 -1.66985 -0.367189
3 1490 -0.171121 -0.265563
4 1490 -0.241789 -0.245679
3 1491 -0.818904 -0.435676
4 1491 -0.86896 -0.429049
3 1492 -0.179955 -0.316376
4 1492 -0.244733 -0.296493
4 1102 -0.50679 0.143151
4 828 -0.156399 -0.413584
3 1493 -0.244733 -0.00707871
4 1493 -0.2889 0.00838618
3 1494 -0.712903 -0.292074
4 1494 -0.771792 -0.287656
3 1495 -0.580402 -0.519629
4 1495 -0.654014 -0.506373
4 1064 -0.224122 -0.39591
3 1496 -0.957294 -0.603581
4 1496 -0.983794 -0.594744
4 12 -0.889571 -0.707416
3 1497 -0.079843 -0.457769
4 1497 -0.138732 -0.433467
4 260 -0.854237 -0.740555
4 1 -0.230011 -0.389282
4 837 -0.50679 0.090129
3 1498 -0.830682 -0.482071
4 1498 -0.874849 -0.475443
3 1499 0.167492 -0.36498
4 1499 0.0173243 -0.336259
4 890 -1.17224 -0.985784
3 1500 -0.232955 -0.157309
4 1500 -0.297733 -0.139635
3 256 -0.821848 -0.762648
3 936 -0.430234 -0.163937
3 1501 -0.238844 -0.269981
4 1501 -0.324234 -0.252307
3 1502 -0.344845 -0.513001
4 1502 -0.403734 -0.493117
3 1503 -0.630458 0.0680364
4 1503 -0.677569 0.0702457
3 1504 -0.306567 -0.263354
4 1504 -0.389012 -0.247889
4 1106 -0.477346 0.103385
3 1238 -1.00146 -0.269981
4 1138 -0.465568 0.0172232
3 460 -0.842459 -0.767066
3 1505 -0.447901 -0.201494
4 1505 -0.530346 -0.190448
3 1249 -0.556846 -0.652185
3 47 -0.789459 -0.276609
4 117 -0.165232 -0.431258
4 643 -0.668736 -0.482071
3 1506 -0.0975098 -0.475443
4 1506 -0.156399 -0.451141
3 1507 -0.241789 -0.722881
4 1507 -0.362512 -0.698579
3 1508 -0.745292 -0.163937
4 1508 -0.786515 -0.161727
3 1509 -0.318345 0.0989661
4 1509 -0.368401 0.112222
3 1510 -0.0710096 -0.362771
4 1510 -0.0916209 -0.338469
3 1511 -0.733514 -0.426839
4 1511 -0.75707 -0.418002
3 1512 -0.503846 -0.0888215
4 1512 -0.577458 -0.0799845
3 1513 -0.439068 -0.166146
4 1513 -0.518568 -0.1551
3 1514 -0.521513 -0.0357991
4 1514 -0.595124 -0.0291714
4 59 -0.389012 -0.181611
3 1515 -0.536235 -0.645557
4 1515 -0.583346 -0.627883
4 1120 0.408938 -0.329632
3 1516 -0.601013 -0.342887
4 1516 -0.70407 -0.33405
3 1517 -0.179955 -0.532884
4 1517 -0.221177 -0.510791
3 1518 -0.486179 -0.289865
4 1518 -0.56568 -0.278818
3 1519 -0.338956 0.048153
4 1519 -0.40079 0.0614086
4 237 -1.06035 -0.917297
3 905 -0.709958 -0.239052
3 1520 -0.406679 -0.256726
4 1520 -0.495013 -0.24347
4 453 -0.945516 -0.570442
3 1521 -0.78357 -0.48649
4 1521 -0.81007 -0.477652
3 1522 -1.16341 -1.05206
4 1522 -1.18696 -1.02555
3 1252 -0.439068 -0.135216
3 1523 -1.63452 -0.349515
4 1523 -1.6463 -0.367189
3 1524 -0.468512 -0.21254
4 1524 -0.553902 -0.201494
3 1525 -0.798292 -0.497536
4 1525 -0.827737 -0.488699
4 447 -0.232955 -0.402537
3 1526 -1.01618 -0.923924
4 1526 -1.05152 -0.901832
3 1527 -0.942571 -0.579279
4 1527 -0.969071 -0.570442
3 1528 -0.603958 -0.345096
4 1528 -0.707014 -0.336259
3 1529 -0.0121203 -0.892995
4 1529 -0.17701 -0.862065
4 885 -1.57269 -0.36498
3 1530 -0.442012 0.0371066
4 1530 -0.509735 0.0459437
3 1531 0.188103 -0.36498
4 1531 0.129214 -0.33405
3 1532 -0.78357 -0.371608
4 1532 -0.874849 -0.367189
3 1533 -0.92196 -0.314167
4 1533 -1.02207 -0.314167
3 925 -0.86896 -0.563814
3 1534 -0.327178 -0.0556826
4 1534 -0.397845 -0.042427
3 1535 -0.42729 -0.18382
4 1535 -0.50679 -0.172774
3 1536 -0.877793 -0.356143
4 1536 -0.977905 -0.353934
3 1537 -0.0945653 -0.170564
4 1537 -0.200566 -0.148472
3 901 -0.913127 -0.811252
3 476 -0.147566 -0.554977
3 1538 -0.833626 -0.780322
4 1538 -0.877793 -0.762648
3 675 -1.07507 -0.950436
3 1539 -0.698181 -0.429049
4 1539 -0.724681 -0.420212
3 1540 -0.303622 -0.599162
4 1540 -0.365456 -0.577069
3 1541 -0.394901 0.00838618
4 1541 -0.465568 0.0194325
3 1542 -0.159344 -0.265563
4 1542 -0.212344 -0.245679
4 1172 -0.818904 -0.228005
3 1543 -0.877793 -0.358352
4 1543 -0.97496 -0.356143
3 1544 -0.3419 -0.431258
4 1544 -0.377234 -0.413584
4 435 -1.16046 -1.00788
3 1545 -0.848348 -0.554977
4 1545 -0.883682 -0.54614
4 847 -0.50679 0.0879198
3 478 -0.391956 -0.21254
3 1546 -0.280067 0.0194325
4 1546 -0.336011 0.0348974
4 1214 -0.548013 0.048153
3 1547 -0.497957 -0.265563
4 1547 -0.574513 -0.254517
4 391 -0.371345 -0.157309
3 1548 -0.739403 -0.60579
4 1548 -0.789459 -0.592534
3 1253 -0.483235 -0.292074
3 1549 -1.15752 -0.353934
4 1549 -1.27235 -0.360561
4 418 -0.792403 -0.603581
3 1550 -0.64518 -0.411374
4 1550 -0.760014 -0.402537
4 857 -0.686403 -0.607999
3 1551 -0.188788 -0.285446
4 1551 -0.259455 -0.265563
3 1552 -0.515624 -0.382654
4 1552 -0.615736 -0.371608
3 1553 -0.391956 -0.00928797
4 1553 -0.462623 0.00175838
3 1554 -0.280067 0.0216418
4 1554 -0.336011 0.0371066
3 1555 -1.00735 -0.353934
4 1555 -1.10746 -0.356143
4 263 -1.13691 -0.952645
4 402 -1.24291 -1.06974
3 1245 0.158659 -0.36498
3 1267 -0.771792 -0.638929
3 1556 -0.280067 0.0260603
4 1556 -0.336011 0.0415251
3 737 -0.624569 -0.429049
3 1557 -0.665791 -0.54614
4 1557 -0.718792 -0.532884
3 1558 -0.2889 -0.174983
4 1558 -0.365456 -0.159518
3 1559 -0.533291 -0.0357991
4 1559 -0.598069 -0.0291714
3 1560 -0.50679 -0.413584
4 1560 -0.559791 -0.400328
3 1561 -0.0327316 0.0216418
4 1561 -0.144621 0.0459437
3 1562 -0.256511 -0.415793
4 1562 -0.306567 -0.39591
3 1563 -0.662847 -0.404747
4 1563 -0.742348 -0.39591
3 1564 -0.598069 -0.429049
4 1564 -0.686403 -0.418002
4 891 -0.156399 -0.524047
3 1565 -0.866015 -0.345096
4 1565 -0.963182 -0.342887
3 1566 -0.718792 -0.526256
4 1566 -0.754125 -0.51521
3 1567 -0.129899 -0.329632
4 1567 -0.191733 -0.307539
3 729 -0.430234 -0.216959
3 130 -0.347789 -0.104286
3 758 0.56205 -0.369398
3 1568 -0.553902 -0.236842
4 1568 -0.674625 -0.228005
3 1569 -0.577458 -0.157309
4 1569 -0.709958 -0.150681
3 1570 -0.386067 0.0989661
4 1570 -0.447901 0.110012
3 1571 0.497272 -0.369398
4 1571 0.488439 -0.329632
3 1572 -1.02796 -0.566023
4 1572 -1.04563 -0.559395
4 1103 -0.533291 -0.448932
3 1573 -0.533291 -0.210331
4 1573 -0.648125 -0.201494
3 1574 0.388327 -0.367189
4 1574 0.311771 -0.331841
3 1575 -0.412568 0.151988
4 1575 -0.474401 0.163035
3 1246 -1.2488 -0.351724
3 1576 -0.0121203 -0.895204
4 1576 -0.17701 -0.864274
3 1577 -0.530346 -0.267772
4 1577 -0.639291 -0.258935
3 1578 -0.589235 0.103385
4 1578 -0.639291 0.107803
3 1579 -0.630458 -0.519629
4 1579 -0.683458 -0.506373
3 1580 -0.698181 -0.51521
4 1580 -0.733514 -0.504164
3 1581 -0.595124 -0.577069
4 1581 -0.642236 -0.561605
3 1582 0.0114354 -0.890785
4 1582 -0.159344 -0.859856
3 1583 -1.18696 -0.0645196
4 1583 -1.3018 -0.0777752
3 1584 -0.374289 0.107803
4 1584 -0.433179 0.118849
3 1585 -0.277122 -0.323004
4 1585 -0.347789 -0.30533
3 1586 -1.11041 -1.00346
4 1586 -1.14279 -0.979156
4 858 -0.403734 -0.000450882
4 296 0.50905 -0.327422
3 464 -0.933738 -0.828926
3 1587 -1.08391 -0.957063
4 1587 -1.11924 -0.934971
3 1588 -0.939627 -0.848809
4 1588 -0.977905 -0.828926
3 1589 -0.530346 -0.272191
4 1589 -0.639291 -0.263354
3 1590 -1.64924 -0.349515
5 1590 -1.66102 -0.435676
5 404 -1.18402 -0.33405
3 1591 -0.277122 -0.528466
5 1591 -0.333067 -0.530675
5 428 -1.06329 -0.941598
5 213 -1.01324 -0.892995
5 861 -0.450846 -0.552768
5 1073 -0.418456 -0.583697
5 1456 -1.15163 -0.974737
5 854 -0.871904 -0.733927
5 1235 -1.58446 -0.431258
5 1459 -0.45379 -0.216959
5 1070 -0.515624 -0.433467
5 1098 -0.350734 -0.647766
5 249 -0.253566 0.00838618
5 1096 -0.503846 -0.462188
5 636 -0.359567 -0.141844
5 900 -0.424345 -0.159518
3 123 -0.995572 -0.588116
3 1592 -0.450846 -0.780322
5 1592 -0.577458 -0.78695
5 1110 -0.89546 -0.369398
3 1593 -0.259455 -0.612418
5 1593 -0.383123 -0.616836
5 1084 -0.386067 0.00396765
3 1594 -0.147566 -0.285446
5 1594 -0.277122 -0.289865
5 1066 -1.25174 -1.09183
3 1595 -0.347789 -0.084403
5 1595 -0.497957 -0.106496
3 1596 -0.424345 -0.205913
5 1596 -0.59218 -0.232424
3 1597 -0.271233 -0.585907
5 1597 -0.389012 -0.590325
5 745 -0.59218 -0.230215
3 1598 -0.698181 -0.63451
5 1598 -0.789459 -0.654394
3 1599 -0.615736 -0.57486
5 1599 -0.707014 -0.594744
3 1600 -0.813015 -0.683114
5 1600 -0.901349 -0.705207
5 1480 -0.486179 -0.296493
3 1601 -0.221177 -0.689742
5 1601 -0.338956 -0.689742
5 629 -0.283011 0.015014
5 825 -1.54324 -0.429049
5 421 -0.733514 -0.641138
3 1602 -0.241789 -0.0910308
5 1602 -0.368401 -0.104286
5 1482 -0.521513 0.112222
5 1483 -0.824793 -0.261144
5 41 -0.712903 -0.603581
5 1485 -0.550957 -0.018125
5 207 -1.20168 -1.03439
5 823 -0.595124 -0.161727
5 881 -0.474401 -0.0335899
5 782 -1.06035 -0.915087
5 1496 -0.980849 -0.632301
3 1603 -0.271233 -0.210331
5 1603 -0.430234 -0.225796
5 1135 -0.568624 0.00838618
5 777 -0.365456 -0.0932401
3 1604 -1.04857 -0.223587
5 1604 -1.24585 -0.294283
5 1188 -0.521513 0.127687
3 302 -0.701125 -0.63672
5 256 -0.901349 -0.780322
5 1503 -0.721736 0.023851
5 816 -0.474401 -0.0468455
5 430 -1.13396 -0.992412
5 824 -0.495013 -0.141844
3 1605 -0.813015 -0.342887
5 1605 -0.916071 -0.384863
5 873 -0.550957 -0.113123
3 955 -0.321289 -0.0534733
3 1606 -1.02502 -0.915087
5 1606 -1.09274 -0.928343
3 1607 -0.383123 0.110012
5 1607 -0.50679 0.0835012
3 1608 -0.50679 -0.415793
5 1608 -0.615736 -0.437886
3 1609 -1.61391 -0.349515
5 1609 -1.62274 -0.433467
5 1511 -0.774737 -0.45556
5 1512 -0.64518 -0.121961
5 59 -0.468512 -0.21475
3 1610 -0.147566 -0.287656
5 1610 -0.277122 -0.292074
3 1611 -0.321289 0.0371066
5 1611 -0.450846 0.0172232
5 1519 -0.468512 0.0260603
3 1612 -0.103399 -0.57486
5 1612 -0.191733 -0.570442
5 1252 -0.595124 -0.163937
3 1613 -0.274178 -0.181611
5 1613 -0.424345 -0.197076
5 756 -0.48029 -0.0711474
3 1614 -0.156399 -0.689742
5 1614 -0.283011 -0.687533
5 1524 -0.651069 -0.24347
3 1615 -0.268289 -0.526256
5 1615 -0.324234 -0.528466
5 815 -0.277122 0.0172232
5 396 -0.533291 -0.1551
5 791 -0.412568 -0.0910308
3 1616 -0.86896 -0.338469
5 1616 -1.04268 -0.389282
5 885 -1.56091 -0.429049
3 1617 -1.02796 -0.57486
5 1617 -1.05741 -0.610208
3 1333 -0.338956 0.0923383
5 325 -0.371345 -0.230215
3 1232 -0.303622 0.0746642
3 1618 -1.68163 -0.349515
5 1618 -1.69047 -0.437886
3 1619 -0.203511 -0.51521
5 1619 -0.285956 -0.51521
3 1620 -0.898404 -0.349515
5 1620 -1.07802 -0.402537
5 796 -1.73169 -0.440095
3 1621 -0.403734 0.143151
5 1621 -0.524457 0.114431
3 1622 -0.556846 -0.216959
5 1622 -0.798292 -0.256726
3 1623 -0.751181 -0.45556
5 1623 -0.792403 -0.48428
5 896 -0.474401 -0.0313806
5 435 -1.17813 -1.03881
3 1624 -0.256511 -0.0711474
5 1624 -0.383123 -0.084403
3 627 -0.306567 -0.172774
3 1625 -1.20463 -1.08078
5 1625 -1.24291 -1.08299
5 1068 -0.324234 -0.672068
3 1626 -0.821848 -0.548349
5 1626 -0.886626 -0.577069
3 1627 -0.824793 -0.51521
5 1627 -0.89546 -0.54614
5 609 -1.26057 -0.311957
3 1628 -0.383123 0.138733
5 1628 -0.497957 0.112222
5 809 -0.571569 0.127687
3 1629 -0.851293 -0.722881
5 1629 -0.933738 -0.742764
5 1556 -0.394901 0.0105954
3 1319 -0.980849 -0.862065
3 1630 -0.129899 -0.581488
5 1630 -0.209399 -0.577069
5 9 -0.2889 -0.433467
5 1111 -0.421401 -0.161727
5 770 -1.00735 -0.81788
5 1183 -0.680514 -0.00486941
3 1631 -0.250622 -0.0357991
5 1631 -0.371345 -0.0490548
3 1632 -0.141677 -0.331841
5 1632 -0.268289 -0.33405
5 1185 -0.439068 -0.221378
3 1633 -0.474401 -0.228005
5 1633 -0.633402 -0.256726
3 1634 -0.939627 -0.323004
5 1634 -1.12807 -0.380445
5 1190 -0.518568 -0.384863
5 1140 -0.336011 -0.517419
3 1635 -0.365456 -0.513001
5 1635 -0.483235 -0.524047
5 399 -0.651069 0.0945476
3 1636 -0.512679 -0.188239
5 1636 -0.674625 -0.221378
5 348 -1.01029 -0.842181
3 1637 -0.250622 -0.656603
5 1637 -0.368401 -0.658812
5 826 -1.22818 -1.07857
3 1638 -0.327178 -0.508582
5 1638 -0.368401 -0.513001
3 1639 -0.436123 0.0393159
5 1639 -0.571569 0.00838618
5 1588 -1.01029 -0.864274
3 1640 -0.545068 -0.24347
5 1640 -0.768848 -0.281028
6 1196 -0.601013 -0.0468455
6 1456 -1.08685 -0.970319
6 854 -0.833626 -0.731718
6 249 -0.3154 0.0326881
6 1136 -1.50496 -0.475443
6 1204 -0.907238 -0.632301
6 1465 -0.654014 -0.289865
6 70 -0.439068 -0.221378
6 1471 -0.612791 -0.0446362
6 1066 -1.17224 -1.0852
6 1217 -0.774737 -0.471025
6 1279 -0.64518 -0.228005
6 1131 -0.603958 -0.0821937
6 817 -0.930793 -0.641138
6 1480 -0.500901 -0.285446
6 591 -0.486179 -0.0623104
6 843 -1.6993 -0.497536
6 1482 -0.533291 0.121059
6 682 -0.50679 0.132105
3 1641 -0.939627 -0.325213
6 1641 -1.13985 -0.406956
6 727 -0.474401 -0.139635
6 1485 -0.56568 -0.0114972
6 1206 0.385383 -0.265563
3 1336 -0.574513 -0.537303
6 1490 -0.327178 -0.250098
6 1492 -0.312456 -0.298702
6 1171 -0.603958 -0.0777752
3 1168 -1.18991 -0.351724
3 1642 -0.188788 -0.272191
6 1642 -0.391956 -0.263354
6 1499 0.0467691 -0.30312
6 256 -0.860126 -0.778113
6 1501 -0.433179 -0.267772
3 1643 -0.40079 -0.166146
6 1643 -0.580402 -0.186029
6 1106 -0.553902 0.0702457
6 694 -0.486179 -0.106496
3 1644 -0.297733 -0.384863
6 1644 -0.386067 -0.373817
6 430 -1.06918 -0.987993
3 1645 -0.356623 0.0879198
6 1645 -0.492068 0.0746642
3 1646 -0.960238 -0.347306
6 1646 -1.13691 -0.426839
3 1647 0.0526579 -0.895204
6 1647 -0.406679 -0.870902
3 688 0.302937 -0.36498
6 1510 -0.118121 -0.320795
6 1164 -1.17224 -1.08299
6 1608 -0.598069 -0.429049
3 1648 0.176325 -0.36498
6 1648 0.105658 -0.296493
6 59 -0.486179 -0.203703
3 432 -1.05741 -0.939389
3 613 -0.471457 -0.199285
3 1649 0.329438 -0.367189
6 1649 0.229326 -0.283237
6 1151 -0.624569 -0.190448
6 756 -0.495013 -0.0601011
6 1534 -0.486179 -0.0645196
6 1536 -1.07213 -0.426839
6 675 -1.06918 -0.957063
3 1650 0.0614913 -0.892995
6 1650 -0.394901 -0.868693
6 1543 -1.06918 -0.429049
3 1651 -0.203511 -0.325213
6 1651 -0.330123 -0.309748
6 896 -0.489124 -0.0203343
6 435 -1.10746 -1.03218
3 1652 -0.336011 -0.21475
6 1652 -0.527402 -0.225796
6 1233 -0.609847 -0.15289
6 478 -0.577458 -0.230215
6 1546 -0.40079 0.0194325
3 767 0.105658 -0.36498
3 1653 -1.09863 -0.970319
6 1653 -1.08979 -0.974737
3 1654 -0.518568 -0.413584
6 1654 -0.727625 -0.440095
3 1655 -0.344845 -1.08078
6 1655 -0.294789 -1.07636
3 1656 -1.13691 -0.351724
6 1656 -1.31946 -0.453351
6 1197 -0.603958 -0.0799845
6 1551 -0.3419 -0.272191
6 1553 -0.550957 -0.0291714
3 1657 -0.280067 0.023851
6 1657 -0.40079 0.023851
3 281 -0.977905 -0.892995
6 1176 0.0644358 -0.300911
6 1319 -1.00146 -0.87532
3 1658 -1.33418 -0.351724
6 1658 -1.52263 -0.477652
6 30 -0.662847 0.0525715
3 1659 -0.203511 -0.521838
6 1659 -0.2359 -0.513001
3 1660 -1.18107 -0.351724
6 1660 -1.41369 -0.464397
3 1661 -0.442012 0.0304788
6 1661 -0.59218 0.00396765
6 130 -0.521513 -0.117542
6 313 -0.397845 -0.188239
6 1139 -1.40485 -0.464397
6 693 -0.70407 -0.599162
6 1572 -0.992627 -0.610208
3 1662 -0.421401 -0.166146
6 1662 -0.598069 -0.188239
3 1663 -1.17224 -0.351724
6 1663 -1.39602 -0.462188
3 1664 0.29116 -0.36498
6 1664 0.196937 -0.285446
3 1665 -0.442012 0.090129
6 1665 -0.583346 0.0636179
3 1666 -0.465568 -0.0623104
6 1666 -0.639291 -0.0932401
6 1128 -0.603958 0.0636179
3 1667 -0.489124 -0.230215
6 1667 -0.668736 -0.258935
3 1668 -1.11041 -0.981365
6 1668 -1.09863 -0.985784
7 594 -0.577458 -0.126379
3 1669 -1.11335 -0.353934
7 1669 -1.44313 -0.466606
7 1591 -0.356623 -0.495327
7 1130 -1.05446 -0.601371
7 428 -1.07213 -0.926134
7 398 -0.577458 -0.168355
7 213 -1.03091 -0.879739
7 1196 -0.686403 -0.0357991
7 871 -0.677569 0.132105
3 1670 -0.751181 -1.00346
7 1670 -1.16635 -1.00346
7 1105 -0.677569 0.0105954
7 1087 -1.42841 -0.464397
7 1173 -0.215288 -0.316376
3 1671 0.226381 -0.974737
7 1671 0.0114354 -0.928343
7 842 -1.03974 -0.895204
7 1186 -0.285956 -0.51521
7 682 -0.580402 0.145361
7 1071 -1.05446 -0.603581
7 814 -0.662847 0.118849
7 665 0.0232133 -0.287656
3 1672 -0.436123 0.0790827
7 1672 -0.662847 0.0636179
7 1171 -0.692292 -0.0667289
7 837 -0.665791 0.0658271
7 1169 -0.179955 -0.795787
7 430 -1.13691 -0.974737
7 1505 -0.73057 -0.216959
7 1645 -0.574513 0.0879198
7 1522 -1.1958 -1.03439
7 1205 -0.677569 0.00838618
7 368 -0.2624 -0.528466
7 1150 -0.701125 -0.106496
7 1615 -0.350734 -0.493117
7 1154 -0.715847 -0.0689382
3 768 0.547328 -0.369398
7 1531 -0.0150648 -0.292074
3 1673 -1.02502 -0.93718
7 1673 -1.09274 -0.932761
7 1137 -0.636347 0.0835012
7 1180 -0.701125 -0.108705
3 1674 -1.08685 -0.353934
7 1674 -1.3548 -0.45556
7 388 -0.589235 -0.121961
7 877 -1.11041 -0.910669
7 1656 -1.45196 -0.466606
7 1152 -0.698181 -0.0645196
3 1675 -0.132843 -0.563814
7 1675 -0.2624 -0.521838
7 846 -0.960238 -0.603581
7 1571 0.503161 -0.230215
7 1097 -1.45785 -0.468815
7 1575 -0.621625 0.143151
7 1635 -0.542124 -0.504164
3 599 0.491383 -0.367189
7 1668 -1.16635 -0.974737
8 1458 -0.966127 -0.528466
8 722 -0.221177 -0.323004
3 1676 -1.2223 -0.351724
8 1676 -1.5403 -0.504164
3 1677 -0.00623138 -0.362771
8 1677 -0.191733 -0.318585
8 281 -1.06624 -0.897413
3 1678 0.361827 -0.367189
8 1678 0.314715 -0.250098
3 1679 0.532606 -0.367189
8 1679 0.529661 -0.219168
8 825 0.00849095 -0.289865
8 231 -1.11335 -0.952645
3 1680 0.382438 -0.367189
8 1680 0.326493 -0.247889
8 662 0.500217 -0.223587
8 1672 -0.695236 0.0569901
8 1499 -0.0121203 -0.294283
8 430 -1.14279 -0.981365
8 1647 -0.174066 -0.884158
8 1229 0.388327 -0.239052
8 1120 0.403049 -0.236842
3 1681 -1.02502 -0.353934
8 1681 -1.33418 -0.475443
8 882 -0.15051 -0.314167
3 1682 -1.48435 -0.349515
8 1682 0.155714 -0.269981
8 796 -1.71991 -0.530675
3 1358 -0.0651206 -0.641138
8 435 -1.15163 -1.00125
8 1211 -0.542124 -0.548349
8 847 -0.701125 0.0547808
8 767 -0.109288 -0.307539
8 1078 0.48255 -0.225796
8 402 -1.23407 -1.07415
8 1245 -0.0150648 -0.294283
8 281 -1.07213 -0.901832
8 838 -0.0032869 -0.292074
3 1683 -0.0710096 -0.60579
8 1683 -0.230011 -0.568232
8 414 -0.930793 -0.767066
3 1684 -1.05446 -0.963691
8 1684 -1.12807 -0.96811
3 1685 -0.265344 -0.954854
8 1685 -0.409623 -0.658812
8 599 0.50905 -0.221378
3 1686 -1.07213 -0.199285
8 1686 -1.45785 -0.320795
3 1687 -0.321289 -0.583697
8 1687 -0.50679 -0.599162
8 1668 -1.16929 -0.979156
9 851 -1.34596 -0.471025
9 1136 0.29116 -0.232424
9 779 0.485494 -0.203703
9 1173 -0.312456 -0.320795
9 751 0.167492 -0.250098
9 1479 0.444272 -0.210331
9 843 -1.71402 -0.526256
9 1092 0.429549 -0.21254
9 1224 -0.683458 0.0923383
9 662 0.473716 -0.205913
9 814 -0.768848 0.118849
9 1489 -1.66691 -0.519629
9 1102 -0.762959 0.11664
3 1688 -0.168177 -0.778113
9 1688 -0.421401 -0.72509
9 1644 -0.562735 -0.362771
9 430 -1.21052 -0.981365
9 1510 -0.344845 -0.325213
9 1226 -0.2359 -0.325213
3 1689 -1.07802 -0.353934
9 1689 -1.4343 -0.48428
9 1531 -0.0680651 -0.285446
9 1673 -1.17224 -0.939389
9 1674 -1.44607 -0.48649
3 1690 -1.51085 -0.349515
9 1690 -0.0268426 -0.278818
9 1625 -1.29591 -1.06532
9 1093 -1.38424 -0.477652
3 1691 -1.16929 -0.115333
9 1691 -1.26352 -0.201494
3 1692 -1.42841 -0.349515
9 1692 0.0879915 -0.261144
9 263 -1.23702 -0.976947
9 1176 -0.0562873 -0.283237
9 1319 -1.15163 -0.87753
9 838 0.102714 -0.258935
3 1693 -0.97496 -0.853228
9 1693 -1.14868 -0.868693
9 1080 -1.69635 -0.524047
9 1571 0.479605 -0.205913
9 1097 -1.53441 -0.499745
9 1142 -0.203511 -0.30533
3 1694 -0.954349 -0.866483
9 1694 -1.12513 -0.87753
9 464 -1.11629 -0.844391
10 395 -0.3154 -0.625673
10 876 -1.02502 -0.952645
10 1184 -1.06329 -0.497536
10 434 -1.21052 -1.06974
10 1105 -0.801237 -0.0998679
3 554 -0.954349 -0.822298
10 231 -1.19874 -1.06753
10 1224 -0.851293 -0.042427
3 1695 -0.0651206 -0.638929
10 1695 -0.291844 -0.705207
3 1696 -0.545068 0.0989661
10 1696 -0.848348 -0.0335899
10 1672 -0.780626 -0.042427
10 423 -1.15752 -1.00788
10 782 -1.17224 -1.02334
10 936 -0.830682 -0.298702
3 1697 -0.126954 -0.733927
10 1697 -0.436123 -0.828926
10 430 -1.22818 -1.09846
10 617 -1.16046 -1.01892
3 1698 -0.215288 -0.477652
10 1698 -0.444957 -0.552768
3 1699 -1.01618 -0.908459
10 1699 -1.19285 -1.03218
3 1700 -0.500901 -0.186029
10 1700 -0.913127 -0.33405
10 1205 -0.801237 -0.102077
10 1673 -1.18991 -1.05648
3 1701 -0.294789 -0.579279
10 1701 -0.583346 -0.678696
10 901 -1.11629 -0.939389
10 675 -1.23113 -1.06974
3 1702 -0.462623 0.160826
10 1702 -0.777681 0.0415251
10 293 -1.10157 -0.946017
3 1703 0.173381 -0.923924
10 1703 -0.162288 -1.02334
10 420 -0.848348 -0.0357991
3 1704 -0.165232 -0.54393
10 1704 -0.386067 -0.614627
3 1705 -0.274178 -0.473234
10 1705 -0.495013 -0.552768
3 1706 -0.336011 -0.48649
10 1706 -0.583346 -0.579279
3 1707 -0.121066 -0.568232
10 1707 -0.350734 -0.63672
10 348 -1.13396 -0.952645
3 1708 -0.424345 -0.234633
10 1708 -0.821848 -0.369398
3 1380 -0.174066 -1.08741
11 210 -1.11041 -1.04764
11 1471 -0.739403 -0.137425
11 1066 -1.26646 -1.21113
11 406 -0.789459 -0.331841
11 1679 0.526717 -0.258935
3 1709 -0.126954 -0.75602
11 1709 -0.359567 -0.837763
11 157 -0.954349 -0.680905
11 645 -1.07802 -1.00125
11 231 -1.13396 -1.08299
11 845 -1.13396 -1.0852
11 1071 -1.08685 -0.709625
3 1710 -0.380178 -0.0556826
11 1710 -0.674625 -0.170564
11 1485 -0.692292 -0.102077
11 814 -0.701125 0.0348974
11 1498 -0.986738 -0.63451
11 1188 -0.648125 0.0702457
11 1504 -0.61868 -0.382654
11 816 -0.609847 -0.121961
11 430 -1.16635 -1.11613
3 1711 -0.553902 0.0503623
11 1711 -0.795348 -0.0755659
11 631 -0.627513 0.0724549
11 59 -0.615736 -0.311957
3 1712 -0.430234 -0.0137065
11 1712 -0.715847 -0.133007
11 637 -0.59218 -0.415793
11 1333 -0.583346 0.0128047
11 901 -1.04857 -0.952645
11 413 -1.11335 -1.05648
11 435 -1.20463 -1.16032
11 1152 -0.739403 -0.172774
11 859 -0.574513 0.0105954
11 1627 -0.957294 -0.656603
11 1553 -0.677569 -0.119751
11 809 -0.698181 0.0614086
3 1389 -0.185844 -1.07857
3 1713 -0.333067 -0.0269621
11 1713 -0.609847 -0.12417
3 1381 -0.17701 -1.0852
11 420 -0.777681 -0.0225436
11 1693 -1.09568 -0.994621
11 1147 -0.762959 0.0216418
3 1714 -0.300678 -0.133007
11 1714 -0.595124 -0.236842
11 399 -0.771792 0.0194325
11 833 -0.627513 -0.387073
3 1715 -0.433179 -0.0137065
11 1715 -0.718792 -0.133007
11 1191 -0.606902 0.0128047
12 1196 -0.568624 -0.0998679
12 1456 -1.04268 -1.06753
12 61 -0.515624 -0.170564
12 487 -0.892515 -0.943808
12 1096 -0.439068 -0.510791
12 1182 -0.56568 -0.170564
12 1110 -0.848348 -0.448932
12 1466 -0.595124 -0.63451
12 245 -0.804181 -0.440095
12 434 -1.0044 -1.05427
12 276 -0.995572 -1.04764
12 1066 -1.12807 -1.18462
12 1131 -0.571569 -0.137425
12 45 -0.389012 -0.39591
12 842 -0.927849 -0.99683
12 591 -0.447901 -0.113123
12 1485 -0.533291 -0.0601011
3 1716 -0.383123 -0.0203343
12 1716 -0.509735 -0.0888215
12 431 -1.01618 -1.08078
12 1171 -0.571569 -0.133007
12 837 -0.556846 0.0105954
12 1498 -0.848348 -0.596953
12 816 -0.450846 -0.0821937
12 314 -0.945516 -0.985784
12 1505 -0.595124 -0.298702
12 617 -0.951405 -0.999039
12 1645 -0.459679 0.0371066
12 1164 -1.12807 -1.18241
12 1512 -0.627513 -0.181611
3 490 -0.86896 -0.811252
3 1717 -0.356623 0.090129
12 1717 -0.459679 0.0393159
12 1518 -0.612791 -0.391491
12 1699 -0.983794 -1.0145
12 448 -0.798292 -0.822298
12 1151 -0.615736 -0.261144
3 1718 -0.815959 -0.508582
12 1718 -0.830682 -0.619046
12 601 -0.465568 -0.150681
12 1177 -0.421401 -0.269981
12 1252 -0.577458 -0.223587
12 1205 -0.562735 -0.051264
12 1526 -0.977905 -1.02555
12 396 -0.545068 -0.21475
12 1101 -0.760014 -0.581488
12 1673 -0.983794 -1.03881
12 1534 -0.447901 -0.115333
3 1719 -0.839515 -0.762648
12 1719 -0.83657 -0.866483
12 413 -0.969071 -1.02334
12 1541 -0.518568 -0.0601011
12 130 -0.48029 -0.174983
12 1153 -0.845404 -0.676486
3 1720 -0.807126 -0.519629
12 1720 -0.801237 -0.621255
12 1651 -0.274178 -0.371608
12 1545 -0.827737 -0.656603
12 847 -0.556846 0.00838618
12 877 -1.00146 -1.01671
12 1546 -0.359567 -0.0159158
3 1721 -0.456735 -0.0490548
12 1721 -0.583346 -0.133007
12 818 -0.668736 -0.680905
3 1722 -0.500901 -0.201494
12 1722 -0.636347 -0.30312
12 1627 -0.821848 -0.621255
12 263 -1.05152 -1.07857
3 1723 -0.200566 -0.314167
12 1723 -0.274178 -0.360561
12 281 -0.94846 -0.99683
3 1724 -0.792403 -0.661022
12 1724 -0.807126 -0.767066
12 130 -0.483235 -0.174983
3 1725 -1.02207 -0.904041
12 1725 -0.983794 -1.00788
3 1726 -0.854237 -0.804624
12 1726 -0.839515 -0.904041
12 858 -0.450846 -0.0711474
12 1694 -0.930793 -0.970319
12 446 -0.986738 -1.04764
12 1715 -0.559791 -0.0910308
3 1727 -0.927849 -0.603581
12 1727 -0.877793 -0.702998
3 20 -0.606902 -0.751602
13 394 -0.89546 -0.926134
13 269 -0.821848 -0.921715
13 61 -0.391956 -0.146262
13 249 -0.0975098 -0.0203343
13 1096 -0.353678 -0.48649
13 410 -0.609847 -0.685324
3 1728 -1.14279 -1.03439
13 1728 -1.00735 -1.08078
13 1466 -0.509735 -0.603581
13 245 -0.651069 -0.39591
13 799 -0.374289 -0.0954493
13 554 -0.857182 -0.881948
13 1475 -0.138732 -0.0291714
3 1729 -0.283011 -0.110914
13 1729 -0.274178 -0.146262
13 1133 -0.394901 -0.0667289
13 629 -0.129899 -0.00928797
13 842 -0.854237 -0.950436
3 1730 -0.621625 0.0415251
13 1730 -0.595124 -0.0225436
13 591 -0.330123 -0.0932401
13 231 -0.92196 -1.00346
3 1731 -0.548013 -0.720672
13 1731 -0.465568 -0.760439
13 421 -0.580402 -0.676486
13 120 -0.12401 -0.00707871
13 632 -0.371345 -0.504164
13 1695 0.0261577 -0.652185
13 1485 -0.415512 -0.0380084
13 207 -1.01618 -1.07636
13 1102 -0.439068 0.090129
13 1135 -0.436123 -0.00928797
3 1732 -0.212344 -0.51521
13 1732 -0.132843 -0.532884
3 1733 -0.0621762 -0.641138
13 1733 0.0291022 -0.654394
13 1138 -0.40079 -0.0402177
13 1645 -0.347789 0.0547808
3 1734 -0.842459 -0.714044
13 1734 -0.762959 -0.775903
13 346 -0.550957 -0.614627
3 1735 -0.0827875 -0.446723
13 1735 -0.0327316 -0.471025
13 1514 -0.530346 -0.0998679
13 490 -0.78357 -0.870902
13 237 -0.910182 -0.992412
13 1612 -0.0209537 -0.590325
13 1700 -0.518568 -0.256726
13 1151 -0.492068 -0.230215
3 1736 -0.500901 -0.54614
13 1736 -0.450846 -0.596953
3 1737 -0.079843 -0.539512
13 1737 -0.00623138 -0.557186
13 368 -0.0474538 -0.583697
3 1738 -0.736459 -0.353934
13 1738 -0.683458 -0.422421
13 1616 -0.89546 -0.453351
13 1673 -0.910182 -0.990202
3 1739 -0.848348 -0.347306
13 1739 -0.871904 -0.459978
13 454 -0.83657 -0.879739
3 1740 -0.135788 -0.572651
13 1740 -0.0474538 -0.585907
13 675 -0.954349 -1.00346
13 1619 -0.12401 -0.532884
3 507 -1.17813 -1.05648
13 1541 -0.40079 -0.0380084
3 1741 -0.571569 -0.736137
13 1741 -0.489124 -0.778113
13 1234 -0.601013 -0.714044
13 896 -0.336011 -0.0468455
13 435 -0.995572 -1.08078
3 951 -0.550957 0.0746642
13 1233 -0.45379 -0.188239
13 753 -0.659903 -0.557186
13 877 -0.927849 -0.96811
3 1742 -1.06329 -0.970319
13 1742 -0.939627 -1.02113
13 1625 -1.05741 -1.12497
13 1553 -0.397845 -0.0556826
13 1556 -0.256511 0.00396765
3 580 -0.654014 -0.63451
3 1743 -0.848348 -0.358352
13 1743 -0.874849 -0.471025
13 1630 -0.0415649 -0.594744
3 1744 -0.527402 0.00396765
13 1744 -0.518568 -0.0534733
13 1659 -0.12401 -0.539512
3 1745 -0.73057 -0.698579
13 1745 -0.651069 -0.751602
13 414 -0.718792 -0.806833
13 1183 -0.550957 -0.0269621
13 1661 -0.444957 -0.0203343
13 1693 -0.874849 -0.912878
13 1082 -0.268289 -0.104286
13 1726 -0.762959 -0.859856
13 1185 -0.285956 -0.252307
3 1746 -0.0857319 -0.585907
13 1746 -0.000342423 -0.599162
3 1747 -0.0827875 -0.537303
13 1747 -0.00917586 -0.554977
13 432 -0.942571 -0.992412
3 1748 -0.880737 -0.771485
13 1748 -0.795348 -0.833344
3 1749 -0.483235 -0.289865
13 1749 -0.492068 -0.358352
13 1636 -0.533291 -0.261144
3 1750 -1.18991 -1.07857
13 1750 -1.04563 -1.12276
13 1122 -0.333067 -0.141844
13 829 -0.465568 -0.192657
13 1666 -0.483235 -0.12417
13 464 -0.833626 -0.886367
3 1751 -0.701125 -0.572651
13 1751 -0.64518 -0.63672
14 1065 -0.550957 -0.566023
14 385 -0.595124 -0.702998
14 213 -0.721736 -0.884158
14 1207 -0.0327316 -0.18382
14 1455 -0.156399 0.015014
3 1752 -0.421401 -0.667649
14 1752 -0.227066 -0.691951
14 1459 -0.106343 -0.230215
14 389 -0.0474538 -0.146262
14 1467 -0.686403 -0.592534
14 1470 -0.0651206 0.00175838
14 1594 0.0467691 -0.309748
14 554 -0.721736 -0.822298
14 406 -0.495013 -0.261144
3 1753 -0.0886764 -0.464397
14 1753 0.108603 -0.488699
14 1173 0.111547 -0.329632
14 105 -0.483235 -0.453351
14 893 -0.568624 -0.674277
3 1754 -0.2359 -0.0247528
14 1754 -0.0386205 -0.0313806
14 814 -0.265344 0.112222
3 277 -0.751181 -0.488699
14 600 -0.0474538 -0.144053
14 590 -0.197622 0.121059
14 936 -0.253566 -0.208122
3 1755 -0.59218 0.101175
14 1755 -0.397845 0.0724549
14 694 -0.135788 -0.128588
3 1756 -0.798292 -0.66544
14 1756 -0.589235 -0.687533
14 1506 0.0997694 -0.497536
14 1735 0.114492 -0.471025
14 1610 0.0467691 -0.314167
14 1712 -0.241789 -0.0402177
3 610 -0.185844 -0.347306
14 453 -0.695236 -0.594744
14 1537 0.102714 -0.177192
14 675 -0.830682 -0.943808
3 1757 -0.774737 -0.641138
14 1757 -0.56568 -0.661022
14 1542 0.0349911 -0.289865
3 1758 -0.677569 -0.398119
14 1758 -0.495013 -0.446723
14 1621 -0.212344 0.123268
3 1759 -0.436123 -0.656603
14 1759 -0.241789 -0.680905
3 1760 -0.736459 -0.482071
14 1760 -0.533291 -0.508582
3 588 -0.898404 -0.769276
14 818 -0.442012 -0.612418
14 1629 -0.639291 -0.742764
14 1557 -0.465568 -0.572651
3 1761 -0.53918 0.136524
14 1761 -0.344845 0.110012
3 1431 -0.86896 -0.740555
3 1762 -0.253566 -0.0357991
14 1762 -0.0592317 -0.0468455
14 1563 -0.48029 -0.453351
3 1763 -0.156399 -0.327422
14 1763 0.0379356 -0.347306
3 1764 -0.50679 -0.607999
14 1764 -0.312456 -0.632301
3 1765 -0.81007 -1.04985
14 1765 -0.577458 -1.02113
3 1766 -0.556846 0.129896
14 1766 -0.359567 0.103385
14 450 -0.662847 -0.78695
14 1724 -0.583346 -0.683114
14 802 -0.247678 0.118849
14 1190 -0.232955 -0.389282
14 1748 -0.662847 -0.784741
3 1767 -0.144621 -0.415793
14 1767 0.0497135 -0.440095
14 1128 -0.277122 0.0636179
3 1768 -1.1958 -1.08299
14 1768 -0.936682 -1.06311
4 1769 -0.2359 -0.342887
5 1769 -0.2889 -0.367189
4 1770 -0.350734 -0.473234
5 1770 -0.374289 -0.497536
4 1771 -0.486179 -0.444513
5 1771 -0.542124 -0.475443
5 597 -0.380178 -0.0490548
4 1772 0.12627 -0.932761
5 1772 0.0644358 -0.952645
4 1773 -0.280067 -0.177192
5 1773 -0.380178 -0.208122
4 1774 -0.642236 -0.521838
5 1774 -0.70407 -0.557186
5 715 -0.583346 -0.331841
4 1775 -0.206455 -0.325213
5 1775 -0.271233 -0.349515
5 12 -0.927849 -0.742764
5 631 -0.500901 0.127687
5 1116 -0.421401 -0.0866123
4 1776 -0.545068 -0.051264
5 1776 -0.621625 -0.0932401
4 1777 -0.854237 -0.371608
5 1777 -0.930793 -0.418002
5 1516 -0.798292 -0.378235
4 1778 -0.848348 -0.298702
5 1778 -0.89546 -0.345096
4 1779 0.04088 -0.336259
5 1779 0.0762137 -0.342887
4 1780 -0.689347 -0.382654
5 1780 -0.777681 -0.42463
4 1781 0.255826 -0.331841
5 1781 0.294104 -0.331841
4 1782 -1.29002 -0.106496
5 1782 -1.37835 -0.181611
4 1783 0.161603 -0.948226
5 1783 0.0997694 -0.96811
4 1784 -0.577458 -0.418002
5 1784 -0.624569 -0.451141
4 1634 -1.04268 -0.325213
5 1249 -0.64518 -0.66544
4 1785 0.108603 -0.897413
5 1785 0.0467691 -0.917297
5 707 -0.280067 -0.373817
4 1786 -0.512679 0.154198
5 1786 -0.571569 0.112222
4 41 -0.67168 -0.570442
5 828 -0.221177 -0.435676
4 1787 -0.81007 -0.367189
5 1787 -0.845404 -0.409165
4 1788 -0.291844 -0.115333
5 1788 -0.356623 -0.144053
4 1789 -0.683458 -0.42463
5 1789 -0.765903 -0.464397
5 1560 -0.606902 -0.433467
5 692 -1.03974 -0.853228
4 1790 -0.521513 -0.378235
5 1790 -0.571569 -0.411374
4 1791 -0.674625 -0.172774
5 1791 -0.792403 -0.221378
5 47 -0.892515 -0.320795
5 117 -0.227066 -0.453351
4 952 0.0291022 -0.879739
5 1491 -0.913127 -0.471025
4 1792 -0.377234 -0.426839
5 1792 -0.406679 -0.453351
4 1793 0.244048 -0.331841
5 1793 0.282326 -0.331841
4 1794 -0.668736 -0.250098
5 1794 -0.777681 -0.296493
4 489 -0.40079 -0.309748
4 1795 -0.789459 -0.429049
5 1795 -0.81007 -0.466606
4 1796 -0.500901 0.103385
5 1796 -0.56568 0.0614086
4 655 -0.347789 -0.36498
5 1263 -0.447901 -0.15289
4 1797 -0.365456 -0.473234
5 1797 -0.389012 -0.497536
5 485 0.0202688 -0.926134
4 1798 -0.792403 -0.3937
5 1798 -0.866015 -0.437886
4 1799 -0.277122 -0.0910308
5 1799 -0.338956 -0.119751
5 1533 -1.10452 -0.369398
4 1800 -1.69047 -0.369398
5 1800 -1.69341 -0.437886
4 1801 -0.61868 -0.769276
5 1801 -0.651069 -0.797996
5 1475 -0.291844 -0.00707871
5 332 -0.924904 -0.619046
4 1802 -0.768848 -0.420212
5 1802 -0.789459 -0.457769
4 1803 -0.639291 -0.0357991
5 1803 -0.698181 -0.0799845
4 1804 -0.268289 -0.192657
5 1804 -0.368401 -0.223587
4 1805 -0.0238981 -0.855437
5 1805 -0.0857319 -0.87532
4 1806 -0.871904 -0.453351
5 1806 -0.913127 -0.495327
4 1312 -0.515624 -0.0402177
4 1807 0.267604 -0.331841
5 1807 0.302937 -0.331841
4 1635 -0.424345 -0.495327
4 1808 -0.386067 -0.287656
5 1808 -0.459679 -0.318585
4 1809 -0.583346 -0.579279
5 1809 -0.627513 -0.610208
4 1810 -0.883682 -0.747183
5 1810 -0.919015 -0.782531
5 206 -1.15163 -0.976947
4 1309 -0.474401 -0.347306
4 1811 0.155714 -0.33405
5 1811 0.199881 -0.336259
4 1812 -0.271233 -0.694161
5 1812 -0.324234 -0.718463
4 1813 -0.668736 -0.784741
5 1813 -0.695236 -0.813461
5 1166 -0.265344 -0.278818
4 1814 -0.780626 -0.287656
5 1814 -0.833626 -0.331841
4 1308 -0.698181 -0.285446
5 1559 -0.662847 -0.0733567
4 1815 -0.651069 -0.570442
5 1815 -0.692292 -0.603581
4 1816 -0.2624 -0.649975
5 1816 -0.324234 -0.674277
5 1179 -0.59218 -0.121961
4 1817 -0.500901 0.0879198
5 1817 -0.56568 0.0459437
4 1117 -0.409623 -0.0114972
4 1818 -0.515624 -0.0468455
5 1818 -0.586291 -0.0866123
5 479 -0.842459 -0.329632
4 1819 -0.659903 -0.0799845
5 1819 -0.721736 -0.12417
4 1820 -0.665791 -0.219168
5 1820 -0.774737 -0.265563
4 1821 -1.16635 -0.223587
5 1821 -1.25468 -0.287656
4 454 -0.969071 -0.797996
4 1822 -0.898404 -0.369398
5 1822 -0.977905 -0.418002
5 847 -0.571569 0.0459437
4 1823 -0.621625 -0.104286
5 1823 -0.698181 -0.148472
4 1824 -0.436123 -0.2744
5 1824 -0.503846 -0.307539
4 1825 -0.815959 -0.870902
5 1825 -0.892515 -0.904041
4 1826 -0.503846 -0.261144
5 1826 -0.589235 -0.298702
4 1827 -0.412568 -0.596953
5 1827 -0.503846 -0.627883
4 1828 -0.636347 -0.192657
5 1828 -0.709958 -0.234633
4 1829 -0.103399 -0.616836
5 1829 -0.144621 -0.63672
4 1830 -0.627513 -0.0335899
5 1830 -0.689347 -0.0777752
4 1831 -0.126954 -0.532884
5 1831 -0.171121 -0.552768
4 1832 -0.609847 -0.389282
5 1832 -0.698181 -0.429049
4 1833 -0.126954 -0.599162
5 1833 -0.168177 -0.619046
4 1834 0.191048 -0.987993
5 1834 0.12627 -1.00788
4 430 -1.11335 -0.961482
4 1835 -1.13102 -0.250098
5 1835 -1.2223 -0.311957
5 470 -0.807126 -0.714044
4 1836 0.12627 -0.939389
5 1836 0.0644358 -0.959273
4 1837 -0.774737 -0.477652
5 1837 -0.81007 -0.51521
4 1611 -0.386067 0.0525715
5 1466 -0.659903 -0.566023
4 951 -0.612791 0.0790827
4 1838 0.252882 -1.16253
5 1838 0.191048 -1.18462
4 1839 -0.707014 -0.864274
5 1839 -0.727625 -0.892995
5 1084 -0.383123 0.00396765
4 1624 -0.318345 -0.0534733
4 1840 -0.138732 -0.429049
5 1840 -0.200566 -0.451141
4 1841 -0.818904 -0.367189
5 1841 -0.863071 -0.409165
5 926 -1.18696 -1.01009
4 1842 -1.18696 -0.208122
5 1842 -1.27235 -0.2744
4 1843 -0.792403 -0.36498
5 1843 -0.815959 -0.404747
4 1844 -0.977905 -0.373817
5 1844 -1.05446 -0.42463
4 1845 -0.430234 -0.601371
5 1845 -0.524457 -0.632301
4 1846 -0.212344 -0.283237
5 1846 -0.277122 -0.307539
4 1847 -1.11924 -0.296493
5 1847 -1.20168 -0.356143
5 1470 -0.371345 -0.00486941
4 1848 -0.330123 -0.464397
5 1848 -0.353678 -0.488699
4 1849 -0.801237 0.0128047
5 1849 -0.939627 -0.0490548
5 1272 -0.283011 -0.323004
4 1850 -0.827737 -0.881948
5 1850 -0.904293 -0.915087
4 1851 -0.2624 -0.265563
5 1851 -0.333067 -0.292074
4 955 -0.391956 -0.0380084
4 1852 -0.362512 -0.228005
5 1852 -0.450846 -0.261144
4 1853 -0.356623 -0.0932401
5 1853 -0.42729 -0.126379
4 1854 -0.789459 -0.446723
5 1854 -0.807126 -0.48428
4 1855 -0.960238 -0.36498
5 1855 -1.03974 -0.415793
5 467 -0.15051 -0.627883
5 859 -0.450846 0.0658271
5 1258 -0.606902 -0.192657
4 325 -0.274178 -0.199285
4 1856 -0.456735 -0.0578918
5 1856 -0.530346 -0.0954493
4 1857 -0.936682 -0.577069
5 1857 -0.960238 -0.616836
5 890 -1.19285 -1.01892
4 1858 -0.424345 0.0680364
5 1858 -0.489124 0.0304788
4 1859 -0.695236 0.0216418
5 1859 -0.739403 -0.0247528
4 1860 0.0349911 -0.888576
5 1860 -0.0268426 -0.908459
4 1861 -1.04563 -0.879739
5 1861 -1.07213 -0.912878
4 37 -0.439068 -0.174983
5 1213 -0.627513 -0.110914
4 1862 -0.707014 -0.862065
5 1862 -0.727625 -0.890785
4 1863 -0.0238981 -0.862065
5 1863 -0.0827875 -0.881948
4 1864 -0.468512 0.101175
5 1864 -0.536235 0.0614086
5 643 -0.739403 -0.519629
4 1865 -0.221177 -0.517419
5 1865 -0.2624 -0.539512
4 1329 -0.394901 -0.0777752
4 1866 -0.238844 -0.239052
5 1866 -0.312456 -0.265563
4 1867 -0.586291 -0.252307
5 1867 -0.659903 -0.292074
4 1868 -0.368401 -0.0468455
5 1868 -0.439068 -0.0799845
4 1593 -0.324234 -0.590325
4 199 -0.259455 -0.276609
5 898 -1.23407 -0.329632
4 704 -1.6198 -0.367189
4 1869 -0.839515 -0.645557
5 1869 -0.877793 -0.680905
4 1870 -0.515624 -0.084403
5 1870 -0.59218 -0.12417
4 1871 -0.64518 -0.81788
5 1871 -0.67168 -0.8466
5 924 -0.527402 -0.0468455
4 1872 -0.777681 -0.426839
5 1872 -0.798292 -0.464397
4 1873 -0.589235 -0.594744
5 1873 -0.633402 -0.625673
5 1206 0.358882 -0.329632
4 1619 -0.244733 -0.493117
4 1874 -1.02796 -0.351724
5 1874 -1.10746 -0.404747
5 1542 -0.265344 -0.269981
4 1875 -0.913127 -0.583697
5 1875 -0.933738 -0.621255
4 1876 -0.603958 -0.0623104
5 1876 -0.677569 -0.106496
4 1612 -0.147566 -0.550558
4 44 -0.450846 -0.0821937
4 1877 -0.651069 -0.201494
5 1877 -0.760014 -0.247889
4 1878 0.0644358 -0.895204
5 1878 0.00554647 -0.915087
4 1879 -0.447901 -0.0114972
5 1879 -0.518568 -0.0490548
4 1880 -0.636347 -0.81567
5 1880 -0.662847 -0.844391
4 1881 -0.807126 -0.294283
5 1881 -0.857182 -0.338469
4 1882 -0.813015 -0.488699
5 1882 -0.833626 -0.526256
4 1883 -0.765903 -0.524047
5 1883 -0.792403 -0.559395
4 812 -0.338956 -0.168355
4 1884 -0.777681 -0.448932
5 1884 -0.795348 -0.48649
4 1885 -0.668736 -0.0821937
5 1885 -0.736459 -0.128588
4 1886 -0.418456 0.0989661
5 1886 -0.48029 0.0614086
4 1887 -0.70407 0.0194325
5 1887 -0.745292 -0.0269621
4 1888 -0.518568 -0.760439
5 1888 -0.577458 -0.789159
4 1889 -0.642236 -0.0689382
5 1889 -0.70407 -0.113123
4 1890 -0.368401 -0.157309
5 1890 -0.444957 -0.190448
4 1891 -0.318345 0.0282696
5 1891 -0.374289 -0.00266015
4 1892 0.117436 -0.901832
5 1892 0.0556024 -0.921715
4 1893 -0.524457 0.143151
5 1893 -0.59218 0.0989661
4 1894 -0.403734 0.11664
5 1894 -0.465568 0.0790827
5 1259 -0.633402 -0.230215
4 1895 -0.518568 -0.753811
5 1895 -0.577458 -0.782531
4 941 -1.18107 -0.992412
4 1896 -0.380178 -0.566023
5 1896 -0.436123 -0.592534
4 1897 -0.668736 -0.78695
5 1897 -0.695236 -0.81567
4 404 -1.09863 -0.2744
4 1898 0.193992 -0.972528
5 1898 0.132159 -0.992412
4 1899 -0.801237 -0.376026
5 1899 -0.874849 -0.420212
4 1900 -0.430234 -0.513001
5 1900 -0.486179 -0.541721
4 1901 -0.00623138 -0.862065
5 1901 -0.0680651 -0.881948
4 1902 -0.450846 -0.0446362
5 1902 -0.518568 -0.0821937
5 1288 -1.02207 -0.892995
4 1903 -0.324234 -0.00707871
5 1903 -0.386067 -0.0380084
5 1469 -0.533291 -0.318585
5 1586 -1.16341 -1.01009
4 1904 -0.56568 -0.349515
5 1904 -0.627513 -0.384863
4 1905 -0.642236 -0.0711474
5 1905 -0.707014 -0.115333
4 1906 -0.59218 -0.42463
5 1906 -0.659903 -0.459978
4 1907 -0.827737 -0.309748
5 1907 -0.874849 -0.353934
4 439 -0.983794 -0.833344
4 1908 -0.777681 -0.294283
5 1908 -0.830682 -0.338469
4 493 -0.574513 0.118849
4 388 -0.40079 -0.110914
4 1909 0.102714 -0.910669
5 1909 0.0438246 -0.930552
5 902 -0.709958 -0.161727
4 1910 -0.212344 -0.51521
5 1910 -0.253566 -0.537303
4 1911 -0.686403 -0.203703
5 1911 -0.801237 -0.252307
4 1912 -0.280067 -0.0777752
5 1912 -0.338956 -0.106496
5 461 -0.877793 -0.320795
4 1913 -0.380178 -0.468815
5 1913 -0.40079 -0.493117
4 1914 0.211659 -0.33405
5 1914 0.25877 -0.33405
4 1915 -0.515624 -0.042427
5 1915 -0.586291 -0.0821937
5 1244 0.0850471 -0.342887
4 1232 -0.359567 0.090129
4 1916 -0.268289 -0.289865
5 1916 -0.336011 -0.316376
4 1626 -0.860126 -0.539512
4 1917 -0.589235 0.0636179
5 1917 -0.648125 0.0194325
5 1534 -0.471457 -0.0777752
4 1918 -0.424345 0.151988
5 1918 -0.483235 0.114431
4 1919 -0.807126 -0.864274
5 1919 -0.883682 -0.897413
4 1920 -0.86896 -0.477652
5 1920 -0.901349 -0.517419
4 1921 -0.656958 -0.108705
5 1921 -0.718792 -0.15289
4 1922 -0.615736 -0.400328
5 1922 -0.70407 -0.440095
4 1923 -0.433179 -0.57486
5 1923 -0.521513 -0.60579
4 1924 -0.606902 0.134314
5 1924 -0.662847 0.0879198
4 1925 -0.813015 -0.311957
5 1925 -0.857182 -0.356143
4 1926 -0.966127 -0.848809
5 1926 -0.992627 -0.881948
4 1927 -0.589235 -0.387073
5 1927 -0.64518 -0.422421
4 1928 -0.648125 -0.177192
5 1928 -0.73057 -0.221378
5 239 -1.23996 -1.06753
4 1622 -0.683458 -0.208122
4 1929 -0.739403 -0.647766
5 1929 -0.777681 -0.680905
4 1930 -0.265344 -1.01009
5 1930 -0.297733 -1.03218
5 1531 0.158659 -0.338469
4 1931 -0.356623 0.110012
5 1931 -0.412568 0.0768734
5 1550 -0.786515 -0.440095
5 251 -0.880737 -0.742764
4 1932 0.15277 -0.33405
5 1932 0.196937 -0.336259
4 1933 -0.686403 -0.199285
5 1933 -0.804181 -0.247889
4 1934 -1.46669 -0.362771
5 1934 -1.44607 -0.422421
4 1935 -0.556846 -0.353934
5 1935 -0.598069 -0.387073
4 1512 -0.574513 -0.0799845
4 1936 -0.450846 0.154198
5 1936 -0.509735 0.114431
4 1937 -0.194677 -0.707416
6 1937 -0.250622 -0.707416
6 1770 -0.347789 -0.479862
6 745 -0.609847 -0.228005
6 715 -0.59218 -0.327422
6 824 -0.509735 -0.133007
6 12 -0.889571 -0.742764
4 1938 -0.40079 0.107803
6 1938 -0.474401 0.0857105
6 1116 -0.433179 -0.0711474
6 425 -0.748237 -0.658812
6 796 -1.72874 -0.499745
4 1939 -0.459679 -0.084403
6 1939 -0.553902 -0.115333
6 1238 -1.20757 -0.36498
4 1940 -0.927849 -0.351724
6 1940 -1.01324 -0.420212
6 293 -0.927849 -0.831135
6 1249 -0.615736 -0.656603
4 1941 -0.212344 -0.720672
6 1941 -0.259455 -0.720672
6 1785 0.0614913 -0.884158
6 1477 -1.10452 -0.418002
6 828 -0.209399 -0.409165
6 1518 -0.651069 -0.316376
6 469 -0.736459 -0.645557
6 487 -0.933738 -0.853228
6 1243 -0.598069 -0.0468455
6 1105 -0.59218 -0.00266015
4 1942 0.255826 -1.17357
6 1942 0.214604 -1.16694
4 1943 -0.636347 -0.00486941
6 1943 -0.701125 -0.0534733
6 594 -0.483235 -0.139635
4 1944 -0.503846 0.0503623
6 1944 -0.586291 0.0128047
4 1131 -0.515624 -0.0446362
4 1945 -0.406679 -0.0932401
6 1945 -0.503846 -0.117542
6 143 -0.683458 -0.590325
6 1805 -0.0680651 -0.8466
4 1946 -0.338956 0.00175838
6 1946 -0.403734 -0.0137065
6 850 -0.200566 -0.415793
4 1947 -0.232955 -0.720672
6 1947 -0.271233 -0.720672
4 1948 -0.892515 -0.550558
6 1948 -0.874849 -0.594744
6 1166 -0.268289 -0.254517
6 1179 -0.606902 -0.119751
4 1949 -1.08391 -0.30533
6 1949 -1.18107 -0.391491
6 1818 -0.603958 -0.084403
4 1950 -0.580402 -0.051264
6 1950 -0.662847 -0.0954493
6 1822 -0.983794 -0.433467
6 1829 -0.118121 -0.60579
4 1951 -0.112232 -0.583697
6 1951 -0.129899 -0.572651
6 1831 -0.15051 -0.524047
4 1952 -1.5933 -0.367189
6 1952 -1.6198 -0.488699
4 1953 0.0497135 -0.888576
6 1953 0.00554647 -0.87753
4 1954 -0.86896 -0.356143
6 1954 -0.89546 -0.413584
4 1955 0.255826 -1.17578
6 1955 0.214604 -1.16915
6 234 -0.718792 -0.623464
6 1466 -0.642236 -0.561605
6 1541 -0.553902 -0.0137065
6 1624 -0.391956 -0.0667289
6 899 -0.568624 -0.0402177
6 1844 -1.05741 -0.444513
6 1498 -0.880737 -0.524047
4 1956 -1.09568 -0.948226
6 1956 -1.05446 -0.974737
4 1957 -0.651069 -0.0777752
6 1957 -0.721736 -0.128588
6 1165 -0.73057 -0.623464
4 1651 -0.268289 -0.30312
4 1958 -0.303622 -0.508582
6 1958 -0.291844 -0.508582
6 859 -0.462623 0.081292
4 1959 -0.939627 -0.369398
6 1959 -1.02796 -0.437886
6 936 -0.601013 -0.188239
6 1097 -1.33418 -0.45556
6 1860 -0.00623138 -0.87753
6 1861 -1.01618 -0.910669
4 1960 -1.04563 -0.90625
6 1960 -1.01324 -0.934971
6 816 -0.489124 -0.0357991
4 1961 -0.0886764 -0.773694
6 1961 -0.138732 -0.767066
4 1962 -1.39602 -0.362771
6 1962 -1.4873 -0.473234
4 1963 -0.309511 -0.477652
6 1963 -0.297733 -0.479862
4 1964 -0.639291 -0.117542
6 1964 -0.718792 -0.166146
6 1589 -0.774737 -0.311957
4 1656 -1.25174 -0.358352
4 1965 -1.16341 -0.358352
6 1965 -1.27235 -0.448932
4 1966 -0.639291 -0.0137065
6 1966 -0.70407 -0.0623104
6 394 -1.01324 -0.881948
6 266 -0.486179 -0.225796
4 1967 -0.197622 -0.526256
6 1967 -0.215288 -0.519629
4 1968 -0.106343 -0.614627
6 1968 -0.118121 -0.603581
4 1969 -0.403734 -0.252307
6 1969 -0.497957 -0.2744
6 1870 -0.606902 -0.121961
4 1970 -0.418456 -0.336259
6 1970 -0.471457 -0.356143
4 1971 -0.447901 0.0304788
6 1971 -0.548013 -0.000450882
4 1972 -0.3154 -0.656603
6 1972 -0.350734 -0.661022
4 1973 -0.206455 -0.740555
6 1973 -0.247678 -0.738346
4 1974 -1.54619 -0.36498
6 1974 -1.5933 -0.48428
6 1876 -0.683458 -0.108705
4 1975 -0.939627 -0.367189
6 1975 -1.02796 -0.435676
6 1565 -1.05446 -0.415793
6 237 -1.02796 -0.943808
4 205 -0.886626 -0.506373
4 1976 -0.509735 -0.119751
6 1976 -0.603958 -0.1551
4 1977 -0.615736 -0.0313806
6 1977 -0.686403 -0.0799845
4 1978 -0.48029 -0.221378
6 1978 -0.571569 -0.252307
6 904 -0.17701 -0.541721
4 1979 -0.303622 -0.510791
6 1979 -0.291844 -0.510791
6 1526 -1.01913 -0.930552
6 248 -0.839515 -0.782531
4 1980 -0.689347 -0.398119
6 1980 -0.789459 -0.444513
4 1981 -0.50679 -0.221378
6 1981 -0.598069 -0.254517
6 1901 -0.0533428 -0.853228
6 1535 -0.609847 -0.208122
4 1982 -0.50679 -0.323004
6 1982 -0.53918 -0.349515
6 455 -0.497957 -0.174983
4 1983 -0.336011 0.0437345
6 1983 -0.403734 0.0304788
4 1984 -0.330123 -0.577069
6 1984 -0.380178 -0.585907
6 421 -0.707014 -0.638929
6 1269 -0.601013 0.0105954
6 1586 -1.09568 -1.00567
4 1985 -0.515624 0.105594
6 1985 -0.595124 0.0658271
4 1986 -0.409623 -0.179401
6 1986 -0.50679 -0.203703
4 1987 -0.430234 -0.0380084
6 1987 -0.530346 -0.0667289
4 1988 -1.06035 -0.294283
6 1988 -1.15163 -0.378235
4 1989 -0.56568 -0.261144
6 1989 -0.598069 -0.294283
6 1626 -0.845404 -0.581488
4 1990 -0.430234 -0.197076
6 1990 -0.53918 -0.223587
6 1918 -0.486179 0.123268
4 1991 -1.11924 -0.356143
6 1991 -1.1958 -0.440095
4 1992 -0.224122 -0.309748
6 1992 -0.2889 -0.311957
6 1928 -0.733514 -0.225796
4 1993 -1.24291 -1.05427
6 1993 -1.17518 -1.07415
4 1994 0.202826 -1.02997
6 1994 0.158659 -1.01892
6 251 -0.842459 -0.740555
4 1995 -0.624569 -0.285446
6 1995 -0.748237 -0.331841
7 921 -0.81007 -0.194866
4 1996 -0.321289 -0.289865
7 1996 -0.512679 -0.289865
7 263 -1.16046 -0.96811
4 1997 -0.2889 -0.621255
7 1997 -0.433179 -0.614627
4 1998 -1.01618 -0.824507
7 1998 -1.06035 -0.848809
7 1585 -0.521513 -0.307539
4 1999 -0.886626 -0.382654
7 1999 -1.07507 -0.437886
4 2000 -0.206455 -0.519629
7 2000 -0.297733 -0.501954
7 901 -1.01618 -0.81788
7 60 -0.630458 -0.21254
4 2001 -0.851293 -0.409165
7 2001 -0.939627 -0.453351
7 918 -0.56568 -0.00486941
4 2002 -0.321289 -0.592534
7 2002 -0.462623 -0.588116
4 2003 -0.230011 -0.678696
7 2003 -0.380178 -0.667649
7 293 -1.00146 -0.822298
4 2004 -0.0032869 -0.8466
7 2004 -0.165232 -0.824507
4 768 0.550272 -0.327422
7 117 -0.312456 -0.413584
7 130 -0.615736 -0.104286
7 1793 0.211659 -0.263354
7 1263 -0.562735 -0.126379
7 1797 -0.403734 -0.466606
7 1944 -0.668736 0.0260603
7 1131 -0.692292 -0.0689382
7 59 -0.583346 -0.190448
4 2005 -0.259455 -0.649975
7 2005 -0.406679 -0.641138
4 2006 -0.409623 0.048153
7 2006 -0.574513 0.0371066
4 2007 -0.530346 -0.0821937
7 2007 -0.712903 -0.108705
7 1807 0.235215 -0.261144
7 1808 -0.562735 -0.294283
4 2008 -0.3419 0.0393159
7 2008 -0.486179 0.0371066
4 2009 -0.627513 -0.362771
7 2009 -0.863071 -0.39591
7 883 -0.53918 -0.00928797
7 1816 -0.409623 -0.641138
7 1179 -0.698181 -0.106496
7 1817 -0.659903 0.0636179
7 1818 -0.692292 -0.0711474
7 1822 -1.08979 -0.426839
7 1830 -0.786515 -0.0733567
7 1833 -0.218233 -0.57486
7 234 -0.792403 -0.612418
7 1956 -1.12218 -0.963691
7 1851 -0.436123 -0.258935
7 1852 -0.577458 -0.234633
4 2010 0.511995 -0.327422
7 2010 0.514939 -0.228005
4 2011 -0.977905 -0.789159
7 2011 -1.03091 -0.813461
7 1856 -0.639291 -0.0755659
7 1858 -0.589235 0.0547808
7 1861 -1.08685 -0.899622
7 1960 -1.08096 -0.923924
4 2012 -0.209399 -0.526256
7 2012 -0.297733 -0.508582
4 2013 -0.406679 -0.0335899
7 2013 -0.583346 -0.0446362
7 408 -0.780626 -0.590325
7 1279 -0.742348 -0.216959
4 2014 -0.48029 0.149779
7 2014 -0.630458 0.127687
7 1252 -0.707014 -0.148472
7 1329 -0.577458 -0.0866123
4 2015 -0.689347 -0.30533
7 2015 -0.936682 -0.347306
7 394 -1.08096 -0.870902
7 1545 -0.927849 -0.581488
7 1867 -0.760014 -0.281028
4 2016 -0.274178 -0.647766
7 2016 -0.418456 -0.638929
7 1593 -0.465568 -0.585907
7 199 -0.433179 -0.269981
7 459 -0.983794 -0.632301
7 1969 -0.59218 -0.261144
7 1281 -0.577458 -0.0203343
7 1455 -0.574513 0.0393159
4 2017 -0.2889 -0.623464
7 2017 -0.433179 -0.616836
4 2018 -0.209399 -0.269981
7 2018 -0.371345 -0.256726
7 1975 -1.13396 -0.429049
4 2019 -1.07213 -0.921715
7 2019 -1.10452 -0.939389
4 2020 -0.786515 -0.654394
7 2020 -0.86896 -0.678696
7 1486 -0.70407 -0.144053
4 2021 -0.559791 -0.1551
7 2021 -0.751181 -0.18382
7 1890 -0.562735 -0.163937
4 2022 -1.20168 -0.230215
7 2022 -1.40485 -0.327422
4 2023 -0.459679 -0.524047
7 2023 -0.586291 -0.530675
4 2024 -0.459679 -0.181611
7 2024 -0.67168 -0.199285
4 2025 -0.377234 -0.042427
7 2025 -0.550957 -0.0490548
7 1982 -0.615736 -0.338469
4 2026 -0.394901 -0.0799845
7 2026 -0.577458 -0.0888215
7 1269 -0.686403 0.023851
7 1233 -0.70407 -0.141844
7 1456 -1.15457 -0.959273
4 2027 0.0143798 -0.853228
7 2027 -0.141677 -0.828926
7 1910 -0.303622 -0.497536
7 1986 -0.603958 -0.190448
4 2028 0.288215 -0.331841
7 2028 0.255826 -0.258935
7 296 0.511995 -0.228005
7 1990 -0.639291 -0.210331
4 2029 0.273493 -0.331841
7 2029 0.241104 -0.261144
4 2030 -0.527402 -0.192657
7 2030 -0.721736 -0.216959
7 1927 -0.701125 -0.409165
7 453 -0.97496 -0.607999
4 2031 -0.898404 -0.579279
7 2031 -0.930793 -0.612418
8 4 -1.04563 -0.614627
8 1247 -0.73057 -0.0335899
8 263 -1.16635 -0.974737
8 824 -0.665791 -0.128588
8 1998 -1.07507 -0.857646
8 1938 -0.583346 0.0967568
8 1501 -0.595124 -0.263354
4 1681 -1.15163 -0.358352
8 796 -1.72874 -0.530675
8 820 -1.00146 -0.813461
8 1485 -0.695236 -0.00707871
8 1182 -0.736459 -0.110914
8 1530 -0.712903 0.0128047
8 1575 -0.654014 0.138733
8 1560 -0.701125 -0.426839
8 487 -1.01913 -0.853228
8 130 -0.665791 -0.113123
4 435 -1.13102 -0.983574
4 2032 -0.524457 -0.431258
8 2032 -0.67168 -0.453351
8 1796 -0.692292 0.0724549
8 1944 -0.707014 0.0172232
4 2033 -0.48029 0.103385
8 2033 -0.67168 0.0768734
4 2034 -0.913127 -0.360561
8 2034 -1.04857 -0.437886
8 59 -0.636347 -0.199285
8 1482 -0.639291 0.129896
8 1808 -0.612791 -0.30312
8 206 -1.16046 -0.9659
8 1309 -0.595124 -0.360561
8 17 -0.627513 -0.250098
8 1179 -0.745292 -0.119751
8 1282 0.0968249 -0.278818
4 2035 -1.23113 -1.05427
8 2035 -1.22818 -1.06532
8 1611 -0.580402 0.0437345
8 1541 -0.680514 -0.00707871
8 899 -0.698181 -0.0357991
4 2036 -1.11924 -0.358352
8 2036 -1.26941 -0.466606
8 2011 -1.04857 -0.824507
8 1553 -0.680514 -0.0247528
8 1856 -0.686403 -0.084403
8 1960 -1.09274 -0.930552
8 816 -0.61868 -0.0269621
8 2014 -0.656958 0.123268
8 464 -1.04563 -0.844391
4 2037 -0.495013 0.169663
8 2037 -0.665791 0.140942
8 1178 -0.598069 -0.283237
4 2038 0.0585469 -0.892995
8 2038 -0.17701 -0.87532
8 1106 -0.668736 0.0768734
4 2039 -0.695236 -0.577069
8 2039 -0.81007 -0.607999
8 1281 -0.61868 -0.0247528
8 1612 -0.256511 -0.535093
8 2019 -1.11335 -0.946017
4 2040 -1.13985 -0.992412
8 2040 -1.16046 -1.01009
4 2041 -0.556846 -0.356143
8 2041 -0.698181 -0.384863
8 914 -0.59218 0.0459437
4 2042 -1.01618 -0.835554
8 2042 -1.07802 -0.868693
8 1288 -1.05152 -0.888576
4 2043 -1.5138 -0.36498
8 2043 -0.000342423 -0.292074
4 2044 -0.391956 0.103385
8 2044 -0.571569 0.0945476
4 2045 -0.877793 -0.356143
8 2045 -0.989683 -0.42463
4 2046 -0.518568 0.158616
8 2046 -0.686403 0.125477
8 1916 -0.477346 -0.285446
4 1365 -1.05446 -0.866483
4 2047 -1.47846 -0.36498
8 2047 0.0320467 -0.287656
4 2048 -0.465568 -0.00707871
8 2048 -0.680514 -0.0335899
8 1280 -0.674625 -0.409165
8 1936 -0.627513 0.134314
9 908 -0.353678 -0.528466
9 210 -1.15752 -0.917297
9 631 -0.695236 0.158616
9 1938 -0.659903 0.105594
9 60 -0.771792 -0.216959
9 293 -1.08685 -0.831135
9 802 -0.751181 0.129896
9 1117 -0.70407 -0.0203343
4 1479 0.394216 -0.329632
4 2049 -0.383123 0.0989661
9 2049 -0.639291 0.0989661
4 2050 -1.11629 -0.307539
9 2050 -1.09568 -0.380445
4 2051 -0.503846 0.0326881
9 2051 -0.786515 0.0105954
9 1120 0.458994 -0.208122
4 2052 -0.109288 -0.60579
9 2052 -0.297733 -0.581488
9 1956 -1.1958 -0.970319
9 2010 0.497272 -0.203703
9 467 -0.297733 -0.583697
9 859 -0.64518 0.101175
9 1258 -0.851293 -0.18382
9 936 -0.833626 -0.181611
9 1856 -0.765903 -0.0755659
9 1253 -0.86896 -0.316376
9 890 -1.26057 -1.00567
9 1960 -1.16046 -0.930552
9 408 -0.874849 -0.599162
9 1252 -0.83657 -0.15289
4 2053 -0.86896 -0.501954
9 2053 -1.01324 -0.548349
9 1967 -0.383123 -0.508582
4 2054 0.04088 -0.857646
9 2054 -0.238844 -0.851019
9 2019 -1.18107 -0.946017
9 758 0.564995 -0.194866
9 2041 -0.768848 -0.380445
4 2055 -0.562735 0.14757
9 2055 -0.792403 0.11664
9 1486 -0.833626 -0.148472
4 2056 -0.50679 0.0967568
9 2056 -0.774737 0.0746642
9 1978 -0.801237 -0.245679
9 1066 -1.30474 -1.07415
9 1288 -1.11924 -0.886367
9 1233 -0.833626 -0.146262
9 439 -1.11924 -0.864274
4 2057 -0.877793 -0.475443
9 2057 -1.03974 -0.526256
9 216 -0.998516 -0.731718
9 1920 -1.01913 -0.526256
10 745 -0.842459 -0.345096
10 263 -1.25468 -1.09183
10 210 -1.17224 -1.03218
10 631 -0.70407 0.0569901
10 1066 -1.31946 -1.18904
10 1939 -0.777681 -0.221378
10 820 -1.08391 -0.926134
10 157 -1.01324 -0.678696
4 2058 -0.203511 -1.06311
10 2058 -0.336011 -1.17578
10 1575 -0.739403 0.0459437
10 469 -0.913127 -0.75602
10 1243 -0.81007 -0.146262
10 462 -0.733514 -0.197076
10 130 -0.745292 -0.223587
4 2059 -0.206455 -1.06311
10 2059 -0.338956 -1.17578
10 1792 -0.536235 -0.524047
4 2060 -0.129899 -0.51521
10 2060 -0.324234 -0.610208
10 1635 -0.642236 -0.623464
10 1818 -0.821848 -0.188239
10 458 -1.24585 -1.09183
10 1471 -0.824793 -0.146262
10 2049 -0.64518 -0.00486941
10 276 -1.20168 -1.06311
10 470 -0.942571 -0.820089
10 1611 -0.659903 -0.0556826
10 809 -0.771792 0.0459437
10 899 -0.780626 -0.139635
4 2061 -1.23996 -1.06532
10 2061 -1.31946 -1.19125
10 414 -1.01324 -0.87753
10 1956 -1.21346 -1.0852
10 1651 -0.530346 -0.413584
10 256 -1.03091 -0.888576
10 859 -0.651069 -0.00266015
10 1191 -0.689347 -0.000450882
10 891 -0.338956 -0.616836
10 1861 -1.18402 -1.02334
4 2062 -0.636347 -0.63451
10 2062 -0.807126 -0.762648
10 935 -0.854237 -0.342887
10 924 -0.765903 -0.139635
10 1196 -0.81007 -0.148472
10 2056 -0.78357 -0.0313806
10 460 -1.05446 -0.895204
10 653 -0.715847 -0.157309
4 2063 -0.568624 0.121059
10 2063 -0.824793 -0.0137065
10 1978 -0.798292 -0.367189
10 1066 -1.32241 -1.18904
10 1288 -1.13396 -1.00125
10 1269 -0.807126 -0.084403
10 1985 -0.795348 -0.0247528
10 2046 -0.771792 0.0348974
4 2064 -0.182899 -0.404747
10 2064 -0.380178 -0.495327
10 1280 -0.73057 -0.510791
10 16 -0.983794 -0.66544
10 1929 -0.919015 -0.78695
4 2065 -0.347789 -0.462188
10 2065 -0.515624 -0.561605
10 1936 -0.712903 0.0415251
11 745 -0.748237 -0.342887
11 1247 -0.73057 -0.128588
11 257 -1.06918 -1.02997
4 2066 -0.53918 -0.519629
11 2066 -0.736459 -0.674277
11 1585 -0.548013 -0.426839
11 213 -1.06035 -1.0145
11 1257 -0.745292 -0.265563
11 682 -0.61868 0.0636179
11 1182 -0.73057 -0.21254
11 1530 -0.715847 -0.0777752
11 254 -1.06035 -0.729509
11 1790 -0.67168 -0.504164
11 435 -1.17813 -1.13601
11 2032 -0.677569 -0.561605
11 594 -0.609847 -0.239052
4 2067 -0.306567 -0.508582
11 2067 -0.368401 -0.592534
11 1944 -0.709958 -0.0711474
11 1131 -0.733514 -0.179401
11 1945 -0.633402 -0.216959
11 1512 -0.795348 -0.225796
4 2068 -0.545068 0.101175
11 2068 -0.733514 -0.018125
11 1810 -0.980849 -0.899622
11 1513 -0.748237 -0.300911
11 1817 -0.701125 -0.0291714
11 1818 -0.733514 -0.181611
4 2069 -0.598069 -0.0998679
11 2069 -0.804181 -0.245679
11 933 -0.718792 0.048153
11 431 -1.15752 -1.11171
4 2070 -1.16929 -1.01009
11 2070 -1.21052 -1.16253
11 372 -1.23407 -1.15811
4 2071 -0.268289 -0.166146
11 2071 -0.545068 -0.296493
11 398 -0.609847 -0.285446
4 2072 -0.297733 -0.506373
11 2072 -0.359567 -0.588116
11 1958 -0.365456 -0.592534
11 859 -0.571569 0.0105954
11 936 -0.736459 -0.296493
11 441 -0.998516 -0.866483
11 1861 -1.11924 -1.03881
11 1960 -1.11335 -1.0609
4 2073 -0.403734 -0.110914
11 2073 -0.627513 -0.234633
11 2014 -0.665791 0.0459437
11 1252 -0.745292 -0.267772
11 2037 -0.683458 0.0636179
11 1178 -0.574513 -0.400328
11 266 -0.61868 -0.336259
11 1869 -0.954349 -0.802415
11 1106 -0.674625 -0.00707871
11 1870 -0.739403 -0.223587
11 44 -0.677569 -0.21254
4 2074 -0.444957 0.151988
11 2074 -0.621625 0.0569901
11 2019 -1.13396 -1.07636
11 2040 -1.18696 -1.14485
11 1976 -0.73057 -0.258935
4 2075 -0.377234 0.11664
11 2075 -0.545068 0.0348974
11 1977 -0.815959 -0.174983
11 1484 -1.05152 -0.928343
11 1269 -0.721736 -0.0733567
4 2076 0.453105 -0.329632
11 2076 0.500217 -0.263354
4 2077 -0.930793 -0.826717
11 2077 -1.01029 -0.979156
11 1985 -0.712903 -0.0114972
11 2027 -0.153455 -0.974737
4 2078 -1.33124 0.00838618
11 2078 -1.63746 -0.296493
11 16 -0.92196 -0.667649
12 1073 -0.353678 -0.641138
12 745 -0.574513 -0.298702
12 921 -0.686403 -0.272191
12 428 -0.960238 -1.02997
12 715 -0.550957 -0.400328
12 12 -0.851293 -0.831135
12 1938 -0.442012 0.0525715
12 918 -0.439068 -0.0623104
12 1082 -0.386067 -0.119751
12 2002 -0.312456 -0.676486
12 2003 -0.218233 -0.762648
12 1530 -0.562735 -0.0357991
4 2079 -0.67168 0.0459437
12 2079 -0.695236 -0.051264
12 254 -0.939627 -0.69637
12 41 -0.64518 -0.672068
4 2080 -0.250622 -0.236842
12 2080 -0.285956 -0.30312
4 2081 -0.824793 -0.630092
12 2081 -0.795348 -0.749392
12 692 -0.94846 -0.943808
4 45 -0.389012 -0.325213
12 1790 -0.521513 -0.466606
12 1943 -0.674625 -0.104286
12 594 -0.442012 -0.197076
4 2082 -0.2624 -0.422421
12 2082 -0.247678 -0.479862
12 2033 -0.527402 0.0326881
12 59 -0.442012 -0.267772
12 1946 -0.374289 -0.051264
12 1312 -0.571569 -0.130798
12 2007 -0.583346 -0.177192
12 1482 -0.503846 0.090129
12 1635 -0.421401 -0.581488
12 1559 -0.651069 -0.130798
12 1819 -0.701125 -0.188239
4 2083 -0.347789 -0.0976586
12 2083 -0.389012 -0.163937
12 1471 -0.580402 -0.0954493
12 933 -0.577458 0.0879198
4 2084 -0.303622 -0.0733567
12 2084 -0.330123 -0.126379
12 1953 0.0938805 -0.972528
12 2035 -1.11924 -1.17578
12 470 -0.724681 -0.784741
12 1267 -0.789459 -0.742764
12 398 -0.439068 -0.24347
12 1611 -0.42729 -0.00486941
12 420 -0.636347 0.0172232
4 94 -0.792403 -0.661022
12 217 -0.433179 -0.316376
12 477 -0.715847 -0.729509
12 809 -0.556846 0.0989661
4 2085 -0.344845 -0.130798
12 2085 -0.389012 -0.201494
12 917 -0.656958 -0.042427
12 934 -0.880737 -0.932761
12 1258 -0.589235 -0.256726
4 2086 -0.153455 -0.722881
12 2086 -0.132843 -0.802415
12 1856 -0.512679 -0.141844
4 2087 -0.798292 -0.601371
12 2087 -0.771792 -0.718463
12 1860 0.0791581 -0.972528
12 1861 -0.97496 -1.00567
12 1960 -0.969071 -1.02776
12 1961 -0.0592317 -0.855437
12 408 -0.662847 -0.674277
12 613 -0.61868 -0.300911
12 2014 -0.521513 0.0835012
12 1522 -1.08685 -1.14927
4 2088 -0.224122 -0.663231
12 2088 -0.206455 -0.740555
4 2089 -0.695236 -0.616836
12 2089 -0.654014 -0.714044
12 1329 -0.444957 -0.15289
4 2090 -0.147566 -0.442304
12 2090 -0.141677 -0.499745
4 2091 -0.244733 -0.294283
12 2091 -0.259455 -0.356143
12 1593 -0.3154 -0.674277
12 199 -0.2889 -0.345096
4 2092 -0.518568 -0.157309
12 2092 -0.577458 -0.258935
12 1556 -0.362512 -0.00486941
4 2093 -0.318345 0.0702457
12 2093 -0.333067 0.0348974
12 1876 -0.662847 -0.168355
4 2094 -0.762959 -0.568232
12 2094 -0.742348 -0.683114
12 2017 -0.280067 -0.707416
12 1878 0.111547 -0.979156
4 2095 -0.359567 0.0326881
12 2095 -0.394901 -0.0225436
12 237 -0.980849 -1.03881
4 2096 -0.686403 -0.471025
12 2096 -0.61868 -0.54614
4 2097 -0.391956 -0.181611
12 2097 -0.444957 -0.267772
12 1976 -0.568624 -0.216959
12 900 -0.394901 -0.199285
12 1520 -0.53918 -0.342887
12 2075 -0.403734 0.0702457
12 1891 -0.338956 -0.0137065
12 1892 0.167492 -0.987993
12 1259 -0.615736 -0.300911
12 1977 -0.668736 -0.135216
12 778 -1.11041 -1.17357
4 2098 -0.230011 -0.700788
12 2098 -0.209399 -0.780322
12 248 -0.795348 -0.864274
12 1981 -0.559791 -0.325213
12 123 -0.936682 -0.69637
12 481 -0.718792 -0.731718
12 2042 -0.951405 -0.961482
12 1288 -0.924904 -0.981365
4 2099 -0.830682 -0.488699
12 2099 -0.774737 -0.590325
4 2100 -0.61868 0.048153
12 2100 -0.656958 -0.0446362
12 1233 -0.577458 -0.216959
4 2101 -0.860126 -0.667649
12 2101 -0.824793 -0.789159
12 2044 -0.42729 0.0503623
4 2102 0.00260199 -0.866483
12 2102 0.04088 -0.950436
12 171 -0.86896 -0.700788
12 388 -0.456735 -0.192657
12 1916 -0.285956 -0.353934
12 1467 -0.871904 -0.680905
4 2103 -0.886626 -0.466606
12 2103 -0.860126 -0.590325
4 2104 -0.59218 -0.420212
12 2104 -0.580402 -0.513001
4 2105 -0.297733 -0.0534733
12 2105 -0.327178 -0.104286
12 1992 -0.232955 -0.369398
4 740 -1.15457 -0.99683
12 1514 -0.639291 -0.126379
4 2106 -0.386067 -0.1551
12 2106 -0.439068 -0.236842
4 2107 -0.321289 0.0746642
12 2107 -0.333067 0.0393159
4 2108 -0.374289 0.121059
12 2108 -0.40079 0.0768734
13 1073 -0.256511 -0.616836
13 923 -0.936682 -0.985784
13 1771 -0.389012 -0.506373
4 2109 -0.654014 -0.837763
13 2109 -0.512679 -0.890785
13 1540 -0.259455 -0.63672
13 428 -0.886626 -0.981365
13 353 -0.795348 -0.890785
13 1457 -0.462623 -0.442304
13 1066 -1.06329 -1.1316
4 2110 -0.860126 -0.323004
13 2110 -0.762959 -0.411374
4 2111 -0.132843 -0.444513
13 2111 -0.0238981 -0.48649
4 2112 -0.818904 -0.272191
13 2112 -0.727625 -0.358352
13 918 -0.324234 -0.0446362
13 1778 -0.751181 -0.384863
4 2113 -0.624569 -0.568232
13 2113 -0.515624 -0.63451
13 2002 -0.215288 -0.652185
4 2114 -0.677569 -0.873111
13 2114 -0.533291 -0.926134
13 820 -0.789459 -0.855437
13 916 -0.89546 -0.946017
13 1588 -0.839515 -0.904041
4 2115 -0.218233 -0.30312
13 2115 -0.12401 -0.345096
13 1249 -0.489124 -0.698579
4 2116 -0.86896 -0.338469
13 2116 -0.771792 -0.426839
4 2117 -0.633402 -0.709625
13 2117 -0.509735 -0.771485
13 707 -0.121066 -0.3937
4 2118 -0.291844 -0.347306
13 2118 -0.179955 -0.382654
13 2080 -0.171121 -0.285446
13 1790 -0.42729 -0.440095
13 1105 -0.444957 -0.0269621
4 2119 -0.306567 -0.495327
13 2119 -0.17701 -0.528466
13 117 -0.0592317 -0.475443
4 877 -1.07507 -0.890785
13 435 -0.969071 -1.05427
4 2120 -0.536235 -0.687533
13 2120 -0.430234 -0.758229
4 2121 -0.589235 -0.477652
13 2121 -0.512679 -0.561605
4 2122 -0.2889 0.00617691
13 2122 -0.197622 -0.0203343
13 655 -0.244733 -0.411374
13 1797 -0.232955 -0.504164
4 1751 -0.754125 -0.561605
13 1799 -0.191733 -0.126379
4 2123 -0.860126 -0.314167
13 2123 -0.762959 -0.402537
13 332 -0.768848 -0.652185
13 906 -0.3419 0.0128047
4 2124 -0.662847 -0.179401
13 2124 -0.603958 -0.265563
13 850 -0.0386205 -0.464397
13 206 -0.972016 -1.01892
13 1812 -0.15051 -0.751602
13 1515 -0.468512 -0.689742
4 2125 -0.347789 -0.490908
13 2125 -0.212344 -0.519629
13 1813 -0.536235 -0.844391
4 2126 -0.333067 -0.488699
13 2126 -0.203511 -0.521838
13 479 -0.701125 -0.369398
13 1819 -0.589235 -0.157309
13 847 -0.442012 0.0304788
4 1659 -0.244733 -0.499745
4 2127 -0.733514 -0.54614
13 2127 -0.627513 -0.621255
13 1270 -0.73057 -0.831135
13 1830 -0.562735 -0.108705
13 1831 -0.000342423 -0.570442
4 2128 -0.639291 -0.0159158
13 2128 -0.568624 -0.0888215
13 430 -0.954349 -1.03439
4 2129 -0.230011 -0.510791
13 2129 -0.109288 -0.550558
13 48 -0.536235 -0.795787
4 2130 -0.291844 -0.466606
13 2130 -0.17701 -0.508582
4 2131 -0.845404 -0.747183
13 2131 -0.715847 -0.81788
4 2132 -0.701125 -0.700788
13 2132 -0.601013 -0.784741
4 2133 -0.777681 -0.581488
13 2133 -0.668736 -0.658812
13 1084 -0.241789 0.00175838
13 899 -0.406679 -0.0667289
13 281 -0.866015 -0.943808
4 2134 -0.727625 -0.541721
13 2134 -0.621625 -0.616836
4 2135 -0.733514 -0.857646
13 2135 -0.589235 -0.912878
13 2061 -1.06329 -1.1338
13 1848 -0.203511 -0.497536
13 223 -0.518568 -0.683114
13 1272 -0.12401 -0.342887
13 2085 -0.274178 -0.181611
13 955 -0.324234 -0.0888215
13 256 -0.736459 -0.81788
4 2136 -0.291844 -0.276609
13 2136 -0.206455 -0.325213
13 1487 -0.459679 -0.577069
13 1861 -0.898404 -0.954854
13 1960 -0.89546 -0.979156
13 2012 -0.0857319 -0.563814
4 2137 -0.330123 -0.462188
13 2137 -0.203511 -0.495327
4 2138 -0.927849 -0.738346
13 2138 -0.795348 -0.813461
13 1522 -1.02207 -1.09846
13 1966 -0.568624 -0.0866123
13 1865 -0.0975098 -0.554977
13 927 -0.415512 0.023851
4 2139 -0.362512 -0.619046
13 2139 -0.247678 -0.674277
4 2140 -0.344845 -1.12055
13 2140 -0.174066 -1.15811
13 1453 -0.489124 -0.583697
13 1866 -0.156399 -0.285446
4 2141 -0.78357 -0.700788
13 2141 -0.656958 -0.769276
4 2142 -0.312456 -0.504164
13 2142 -0.182899 -0.537303
13 1868 -0.297733 -0.0932401
4 2143 -0.515624 -0.499745
13 2143 -0.42729 -0.572651
4 1419 -0.497957 -0.508582
13 1593 -0.218233 -0.649975
13 1873 -0.477346 -0.658812
4 435 -1.16046 -1.01009
13 1881 -0.712903 -0.378235
4 2144 -0.807126 -0.714044
13 2144 -0.680514 -0.784741
4 2145 -0.765903 -0.570442
13 2145 -0.656958 -0.647766
4 2146 -0.533291 -0.705207
13 2146 -0.42729 -0.778113
13 1500 -0.221177 -0.18382
13 837 -0.442012 0.0326881
13 1888 -0.409623 -0.833344
13 460 -0.75707 -0.824507
4 2147 -0.854237 -0.285446
13 2147 -0.760014 -0.373817
4 2148 -0.344845 -0.205913
13 2148 -0.280067 -0.265563
4 2149 -0.574513 -0.482071
13 2149 -0.48029 -0.552768
13 1894 -0.330123 0.0746642
4 2150 -0.81007 -0.269981
13 2150 -0.718792 -0.356143
13 914 -0.324234 0.0128047
13 778 -1.03974 -1.11613
13 2025 -0.306567 -0.0932401
4 2151 -0.224122 -0.239052
13 2151 -0.144621 -0.285446
4 2152 -0.318345 -0.619046
13 2152 -0.209399 -0.678696
4 2153 -0.601013 -0.731718
13 2153 -0.477346 -0.793578
4 2154 -0.686403 -0.54614
13 2154 -0.577458 -0.616836
4 2155 -0.612791 -0.758229
13 2155 -0.483235 -0.81567
4 2156 -0.930793 -0.749392
13 2156 -0.801237 -0.826717
13 1983 -0.256511 0.00838618
4 402 -1.23996 -1.06974
13 1469 -0.386067 -0.345096
13 1269 -0.450846 -0.00928797
4 2157 -0.754125 -0.979156
13 2157 -0.59218 -1.02334
13 2101 -0.742348 -0.747183
13 1905 -0.571569 -0.146262
13 1460 -0.954349 -0.477652
4 2158 -0.206455 -0.384863
13 2158 -0.109288 -0.433467
13 145 -0.132843 -0.437886
4 2159 -0.374289 -1.00788
13 2159 -0.212344 -1.04543
13 1918 -0.347789 0.110012
4 2160 -0.45379 0.127687
13 2160 -0.386067 0.0790827
13 641 -0.300678 -0.378235
4 2161 -0.132843 -0.459978
13 2161 -0.0238981 -0.501954
13 1925 -0.712903 -0.3937
13 740 -0.989683 -1.06753
4 2162 -0.344845 -1.12497
13 2162 -0.174066 -1.16253
14 597 -0.0651206 -0.0534733
4 2163 -0.621625 0.0415251
14 2163 -0.371345 0.00175838
14 2110 -0.603958 -0.36498
14 1939 -0.206455 -0.128588
4 2164 -0.250622 -0.276609
14 2164 0.0114354 -0.329632
14 1788 -0.035676 -0.1551
14 1789 -0.218233 -0.66544
4 2165 -0.403734 -0.797996
14 2165 -0.162288 -0.833344
14 47 -0.59218 -0.316376
4 2166 -0.550957 -0.307539
14 2166 -0.300678 -0.351724
4 600 -0.300678 -0.104286
14 1263 -0.109288 -0.168355
4 2167 -0.821848 -0.239052
14 2167 -0.568624 -0.283237
14 1225 -0.112232 -0.281028
4 2168 -0.898404 -0.488699
14 2168 -0.642236 -0.517419
4 2169 -0.415512 -0.764857
14 2169 -0.174066 -0.800205
4 2170 -0.347789 -1.1095
14 2170 -0.121066 -1.11613
4 2171 -0.132843 -0.738346
14 2171 0.191048 -0.853228
14 398 -0.12401 -0.208122
14 1838 0.50905 -1.2288
14 2133 -0.524457 -0.621255
4 2172 -0.377234 -0.895204
14 2172 -0.141677 -0.921715
4 2173 -0.294789 -0.108705
14 2173 -0.0386205 -0.148472
4 2174 -0.2889 -0.263354
14 2174 -0.0180092 -0.320795
4 2175 -0.362512 -0.12417
14 2175 -0.106343 -0.168355
14 932 -0.165232 0.0746642
14 391 -0.112232 -0.205913
14 2073 -0.141677 -0.159518
4 2176 -0.259455 -0.658812
14 2176 -0.0032869 -0.716253
4 2177 -0.303622 -0.0269621
14 2177 -0.0445094 -0.0645196
4 2178 -0.509735 -0.557186
14 2178 -0.259455 -0.603581
14 1869 -0.583346 -0.680905
4 2179 -0.807126 -0.473234
14 2179 -0.56568 -0.495327
14 2094 -0.509735 -0.607999
4 2180 -0.512679 -0.431258
14 2180 -0.253566 -0.48649
4 2181 -0.892515 -0.700788
14 2181 -0.633402 -0.733927
4 2182 -0.845404 -0.667649
14 2182 -0.465568 -0.842181
4 2183 -0.42729 -0.760439
14 2183 -0.182899 -0.797996
14 1291 -0.550957 -0.475443
4 2184 -0.627513 -0.572651
14 2184 -0.383123 -0.60579
4 949 -0.42729 0.0680364
14 1889 -0.391956 -0.113123
14 1890 -0.109288 -0.205913
14 2148 -0.079843 -0.258935
4 2185 -0.397845 -0.806833
14 2185 -0.156399 -0.842181
4 2186 -0.350734 -0.873111
14 2186 -0.112232 -0.90625
14 729 -0.253566 -0.261144
14 2024 -0.212344 -0.225796
4 2187 -0.412568 0.0105954
14 2187 -0.159344 -0.0269621
4 2188 -0.374289 -0.899622
14 2188 -0.138732 -0.926134
14 455 -0.135788 -0.203703
14 1905 -0.391956 -0.115333
4 2189 -0.221177 -0.66544
14 2189 0.0349911 -0.722881
4 2190 -0.303622 0.0547808
14 2190 -0.0503983 0.0260603
14 678 -0.61868 -0.588116
14 1915 -0.259455 -0.0866123
14 2078 -1.00735 -0.0888215
4 2191 -0.630458 -0.793578
14 2191 -0.391956 -0.806833
14 1926 -0.701125 -0.873111
4 2192 -0.209399 -1.0609
14 2192 0.0232133 -1.08741
4 2193 -0.291844 -0.950436
14 2193 -0.0592317 -0.976947
14 2108 -0.12401 0.0945476
6 1073 -0.409623 -0.566023
5 2194 -0.15051 -0.81788
6 2194 -0.141677 -0.791368
6 1183 -0.686403 -0.00707871
6 1627 -0.857182 -0.550558
5 2195 0.132159 -1.00346
6 2195 0.15277 -0.972528
6 1166 -0.268289 -0.252307
5 2196 -0.40079 0.0503623
6 2196 -0.403734 0.0680364
5 2197 -0.285956 -0.711835
6 2197 -0.277122 -0.689742
6 1840 -0.194677 -0.422421
5 2198 -0.294789 -0.446723
6 2198 -0.2624 -0.420212
5 2199 -0.45379 -0.550558
6 2199 -0.444957 -0.535093
6 123 -0.97496 -0.627883
5 968 -0.191733 -0.466606
5 2200 -0.586291 -0.0402177
6 2200 -0.601013 -0.0357991
6 1593 -0.374289 -0.599162
5 1498 -0.913127 -0.517419
6 9 -0.2624 -0.406956
5 2201 -0.194677 -0.477652
6 2201 -0.188788 -0.448932
6 642 -1.06035 -0.985784
5 2202 -1.3548 -0.418002
6 2202 -1.34302 -0.45556
5 2203 0.23227 -0.33405
6 2203 0.341215 -0.269981
5 1518 -0.639291 -0.318585
6 1929 -0.745292 -0.676486
5 2204 -0.350734 -0.645557
6 2204 -0.3419 -0.625673
6 1608 -0.601013 -0.431258
6 1096 -0.486179 -0.448932
5 1080 -1.70224 -0.437886
5 2205 -0.285956 -0.524047
6 2205 -0.2624 -0.497536
5 2206 -0.327178 -0.263354
6 2206 -0.3419 -0.241261
5 2207 -0.318345 -0.247889
6 2207 -0.333067 -0.225796
5 2208 -0.724681 -0.128588
6 2208 -0.73057 -0.133007
5 2209 -0.418456 -0.336259
6 2209 -0.42729 -0.320795
5 2210 -0.636347 -0.367189
6 2210 -0.651069 -0.36498
6 1142 -0.035676 -0.311957
5 2211 -1.3283 -0.418002
6 2211 -1.31063 -0.453351
6 914 -0.471457 0.0348974
6 898 -1.24291 -0.36498
5 1962 -1.4608 -0.42463
6 285 -0.259455 -0.30533
6 1635 -0.474401 -0.510791
5 2212 -1.31357 -0.415793
6 2212 -1.29591 -0.451141
5 2213 -0.424345 0.0282696
6 2213 -0.42729 0.0437345
6 1560 -0.595124 -0.426839
5 2214 -0.291844 -0.239052
6 2214 -0.291844 -0.21475
5 2215 -0.418456 -0.128588
6 2215 -0.430234 -0.113123
6 597 -0.389012 -0.0291714
5 1971 -0.530346 -0.00928797
5 2216 -0.103399 -0.831135
6 2216 -0.0916209 -0.802415
6 946 -0.48029 -0.179401
6 1817 -0.580402 0.0503623
5 2217 -0.312456 -0.254517
6 2217 -0.327178 -0.232424
5 2218 -0.919015 -0.459978
6 2218 -0.89546 -0.468815
5 2219 -0.833626 -0.459978
6 2219 -0.792403 -0.462188
6 861 -0.444957 -0.537303
5 2220 -0.712903 -0.307539
6 2220 -0.715847 -0.309748
5 2221 -0.347789 -0.30533
6 2221 -0.356623 -0.285446
5 2222 -0.786515 -0.179401
6 2222 -0.78357 -0.188239
6 30 -0.665791 0.048153
6 420 -0.662847 0.0547808
5 2223 -0.97496 -0.398119
6 2223 -0.939627 -0.411374
5 2224 -0.318345 -0.269981
6 2224 -0.330123 -0.247889
5 2225 -0.933738 -0.451141
6 2225 -0.910182 -0.462188
5 2226 -0.662847 -0.495327
6 2226 -0.648125 -0.490908
5 2227 -1.66397 -0.435676
6 2227 -1.66397 -0.493117
5 967 -1.28118 -0.413584
5 796 -1.71697 -0.437886
5 675 -1.13102 -0.959273
6 1868 -0.45379 -0.0645196
5 293 -0.97496 -0.833344
6 353 -0.916071 -0.848809
5 1348 -0.907238 -0.349515
5 2228 -1.08685 -0.90625
6 2228 -1.03091 -0.90625
6 1137 -0.556846 0.0702457
5 1320 0.367716 -0.327422
5 2229 -0.571569 -0.36498
6 2229 -0.571569 -0.358352
6 1188 -0.533291 0.136524
5 2230 -0.459679 -0.119751
6 2230 -0.477346 -0.106496
5 2231 -0.960238 -0.406956
6 2231 -0.963182 -0.422421
5 2232 -0.291844 -0.186029
6 2232 -0.285956 -0.161727
6 885 -1.5138 -0.475443
5 2233 0.123325 -0.340678
6 2233 0.220492 -0.283237
6 1860 -0.00917586 -0.87753
5 2234 -0.0857319 -0.864274
6 2234 -0.0739541 -0.835554
6 1098 -0.3419 -0.627883
5 2235 -1.01324 -0.826717
6 2235 -0.966127 -0.826717
5 1657 -0.394901 0.00617691
5 1350 -1.10157 -0.923924
5 2236 -0.456735 -0.289865
6 2236 -0.477346 -0.276609
5 2237 -1.06329 -0.904041
6 2237 -1.00735 -0.901832
5 2238 -0.633402 -0.411374
6 2238 -0.627513 -0.406956
5 2239 -1.17813 -1.00346
6 2239 -1.11041 -1.00125
5 2240 -0.813015 -0.435676
6 2240 -0.815959 -0.442304
5 2241 -0.954349 -0.398119
6 2241 -0.927849 -0.411374
5 2242 -0.73057 -0.563814
6 2242 -0.709958 -0.561605
5 2243 -0.662847 -0.418002
6 2243 -0.662847 -0.415793
6 1832 -0.712903 -0.431258
5 2244 -0.521513 -0.261144
6 2244 -0.533291 -0.252307
6 1899 -0.839515 -0.426839
6 1491 -0.886626 -0.479862
5 2245 -0.656958 -0.36498
6 2245 -0.674625 -0.36498
5 2246 -0.910182 -0.795787
6 2246 -0.877793 -0.795787
5 2247 -0.815959 -0.435676
6 2247 -0.818904 -0.442304
6 1853 -0.442012 -0.110914
6 1891 -0.377234 0.0172232
5 2248 -0.371345 -0.607999
6 2248 -0.359567 -0.588116
5 2249 -0.677569 0.00175838
6 2249 -0.683458 -0.000450882
5 2250 0.0202688 -0.928343
6 2250 0.0379356 -0.897413
5 2251 -0.277122 -0.464397
6 2251 -0.241789 -0.435676
5 2252 -0.424345 -0.232424
6 2252 -0.45379 -0.216959
5 2253 -0.185844 -0.490908
6 2253 -0.17701 -0.462188
6 1328 -0.674625 -0.252307
6 1592 -0.562735 -0.775903
6 117 -0.224122 -0.426839
5 2254 -0.462623 0.0790827
6 2254 -0.474401 0.0923383
5 2255 -0.871904 -0.674277
6 2255 -0.839515 -0.674277
6 1613 -0.444957 -0.181611
6 485 0.0379356 -0.895204
6 957 -0.936682 -0.643347
6 1628 -0.50679 0.123268
5 2256 -0.898404 -0.459978
6 2256 -0.874849 -0.468815
5 1546 -0.394901 0.00175838
5 2257 -0.318345 -0.316376
6 2257 -0.321289 -0.294283
6 1924 -0.668736 0.0857105
6 489 -0.471457 -0.327422
5 2258 -0.966127 -0.398119
6 2258 -0.954349 -0.413584
5 2259 -0.821848 -0.619046
6 2259 -0.795348 -0.619046
5 2260 -0.718792 -0.190448
6 2260 -0.721736 -0.194866
5 2261 -0.786515 -0.276609
6 2261 -0.833626 -0.285446
6 392 -0.230011 -0.398119
5 2262 -0.253566 -0.753811
6 2262 -0.241789 -0.729509
5 2263 -0.842459 -0.638929
6 2263 -0.813015 -0.638929
5 2264 -1.03091 -0.886367
6 2264 -0.977905 -0.884158
5 2265 0.0261577 -0.921715
6 2265 0.04088 -0.890785
5 1543 -1.06035 -0.406956
5 2266 -0.665791 -0.340678
6 2266 -0.683458 -0.340678
6 1824 -0.512679 -0.296493
6 1819 -0.727625 -0.128588
5 2267 -0.662847 -0.340678
6 2267 -0.680514 -0.340678
5 2268 -0.571569 0.0525715
6 2268 -0.586291 0.0569901
5 2269 -0.2889 -0.21475
6 2269 -0.2889 -0.190448
6 682 -0.50679 0.129896
5 2270 -0.56568 -0.199285
6 2270 -0.580402 -0.192657
6 1331 -1.17813 -0.369398
5 2271 -0.383123 -0.614627
6 2271 -0.374289 -0.596953
6 1304 0.04088 -0.30312
5 1977 -0.680514 -0.0777752
5 1991 -1.18402 -0.409165
5 2272 -0.630458 -0.411374
6 2272 -0.624569 -0.406956
5 2273 -0.268289 -0.490908
6 2273 -0.253566 -0.464397
5 2274 -0.503846 0.129896
6 2274 -0.515624 0.140942
5 2275 -0.933738 -0.75602
6 2275 -0.89546 -0.75602
5 2276 -0.67168 0.00838618
6 2276 -0.677569 0.00617691
5 2277 0.358882 -0.327422
6 2277 0.48255 -0.254517
5 2278 -0.350734 -0.294283
6 2278 -0.362512 -0.2744
5 2279 -0.892515 -0.415793
6 2279 -0.863071 -0.42463
5 2280 -0.0886764 -0.837763
6 2280 -0.0768985 -0.809042
5 963 -1.24585 -0.411374
5 1553 -0.533291 -0.0380084
5 2281 -1.27824 -0.30312
6 2281 -1.28413 -0.340678
5 2282 -0.630458 0.0989661
6 2282 -0.639291 0.0989661
5 2283 -0.477346 -0.541721
6 2283 -0.468512 -0.528466
5 432 -1.12807 -0.950436
5 2284 -0.321289 -0.298702
6 2284 -0.330123 -0.276609
6 1084 -0.389012 0.023851
5 2285 -0.100454 -0.831135
6 2285 -0.0886764 -0.802415
5 2286 -0.533291 -0.281028
6 2286 -0.524457 -0.272191
5 2287 -0.945516 -0.60579
6 2287 -0.898404 -0.610208
5 2288 -0.61868 -0.342887
6 2288 -0.603958 -0.338469
5 2289 -1.29591 -0.415793
6 2289 -1.2753 -0.448932
5 506 0.0879915 -0.974737
5 2290 -0.327178 -0.323004
6 2290 -0.327178 -0.300911
5 2291 -0.418456 -0.33405
6 2291 -0.42729 -0.318585
5 2292 -0.939627 -0.508582
6 2292 -0.907238 -0.517419
6 399 -0.656958 0.0923383
5 2293 -0.609847 -0.501954
6 2293 -0.601013 -0.495327
5 2294 -1.41957 -0.422421
6 2294 -1.42546 -0.466606
5 2295 -0.56568 0.125477
6 2295 -0.571569 0.129896
5 2296 -0.40079 0.00617691
6 2296 -0.406679 0.023851
6 707 -0.280067 -0.349515
5 2297 -0.486179 -0.594744
6 2297 -0.465568 -0.579279
5 2298 -0.562735 0.0614086
6 2298 -0.574513 0.0680364
5 2299 -0.701125 -0.577069
6 2299 -0.677569 -0.572651
5 2300 -0.294789 -0.700788
6 2300 -0.285956 -0.678696
6 1603 -0.45379 -0.210331
5 1565 -1.04563 -0.3937
5 2301 -0.892515 -0.793578
6 2301 -0.854237 -0.791368
5 2302 -0.371345 -0.0556826
6 2302 -0.380178 -0.0357991
5 2303 -0.462623 -0.119751
6 2303 -0.48029 -0.106496
5 1663 -1.39896 -0.420212
5 2304 -0.59218 -0.256726
6 2304 -0.609847 -0.252307
6 1888 -0.562735 -0.778113
5 2305 -0.42729 -0.554977
6 2305 -0.415512 -0.537303
5 2306 -1.03091 -0.623464
6 2306 -0.97496 -0.630092
5 2307 -0.945516 -0.409165
6 2307 -0.94846 -0.42463
6 809 -0.583346 0.132105
5 1965 -1.26057 -0.413584
5 2308 -0.986738 -0.81788
6 2308 -0.942571 -0.81788
5 613 -0.636347 -0.230215
6 1629 -0.89546 -0.742764
6 1920 -0.86896 -0.524047
5 2309 -1.17813 -1.03218
6 2309 -1.11041 -1.02776
5 2310 -0.871904 -0.537303
6 2310 -0.827737 -0.539512
5 2311 -0.595124 -0.307539
6 2311 -0.612791 -0.30312
5 2312 -0.559791 0.101175
6 2312 -0.571569 0.107803
5 1967 -0.238844 -0.548349
5 2313 -0.886626 -0.353934
6 2313 -0.86896 -0.362771
5 2314 -0.701125 -0.331841
6 2314 -0.721736 -0.33405
5 1988 -1.14868 -0.349515
5 1818 -0.589235 -0.0888215
6 1324 -0.61868 0.0591993
5 2315 -0.712903 -0.0578918
6 2315 -0.715847 -0.0623104
5 2316 -0.0768985 -0.862065
6 2316 -0.0651206 -0.833344
6 1926 -0.939627 -0.87753
5 2317 -0.586291 -0.314167
6 2317 -0.601013 -0.309748
5 2318 -0.406679 -0.0291714
6 2318 -0.415512 -0.0114972
5 2319 -0.515624 -0.493117
6 2319 -0.50679 -0.482071
6 1320 0.376549 -0.265563
5 2320 -0.430234 -0.0821937
6 2320 -0.444957 -0.0667289
6 428 -1.0044 -0.93718
6 1820 -0.821848 -0.2744
5 2321 -0.701125 -0.349515
6 2321 -0.724681 -0.351724
5 2322 -0.765903 -0.678696
6 2322 -0.733514 -0.674277
6 1823 -0.701125 -0.150681
5 2323 -0.442012 -0.559395
6 2323 -0.433179 -0.54393
6 1598 -0.760014 -0.652185
5 2324 0.143936 -0.338469
6 2324 0.241104 -0.281028
6 837 -0.586291 0.0503623
6 1316 -0.698181 -0.404747
5 2325 -0.0327316 -0.901832
6 2325 -0.0150648 -0.870902
5 2326 -0.436123 -0.349515
6 2326 -0.439068 -0.33405
6 1811 0.302937 -0.2744
5 2327 -0.291844 -0.453351
6 2327 -0.2624 -0.426839
6 1876 -0.689347 -0.108705
6 954 -0.512679 -0.265563
5 2328 -0.689347 -0.568232
6 2328 -0.668736 -0.563814
5 2329 -1.06035 -0.87532
6 2329 -1.00735 -0.87532
5 618 -1.62863 -0.433467
6 1869 -0.845404 -0.680905
5 2330 -0.919015 -0.387073
6 2330 -0.898404 -0.398119
5 2331 -0.42729 -0.342887
6 2331 -0.430234 -0.327422
5 394 -1.06624 -0.881948
5 2332 -1.49024 -0.426839
6 2332 -1.46374 -0.471025
5 2333 -0.721736 -0.402537
6 2333 -0.748237 -0.406956
5 2334 -0.736459 -0.194866
6 2334 -0.742348 -0.199285
5 2335 -1.25468 -0.413584
6 2335 -1.25174 -0.446723
5 2336 -0.439068 0.105594
6 2336 -0.444957 0.121059
5 2337 -1.24291 -0.323004
6 2337 -1.25174 -0.358352
5 2338 -0.553902 -0.418002
6 2338 -0.545068 -0.409165
7 1627 -0.92196 -0.541721
5 2339 -0.64518 -0.292074
7 2339 -0.748237 -0.281028
5 2006 -0.477346 0.0128047
7 2199 -0.530346 -0.524047
7 1918 -0.562735 0.138733
7 123 -1.02796 -0.619046
7 968 -0.271233 -0.42463
7 2200 -0.689347 -0.0247528
7 1771 -0.612791 -0.45556
5 921 -0.707014 -0.201494
7 1068 -0.409623 -0.638929
7 1634 -1.24585 -0.400328
7 59 -0.598069 -0.190448
7 2206 -0.436123 -0.228005
5 2340 -0.2359 -0.537303
7 2340 -0.285956 -0.497536
7 2207 -0.430234 -0.21254
5 2341 -0.768848 -0.311957
7 2341 -0.930793 -0.309748
7 266 -0.586291 -0.21254
7 898 -1.35185 -0.358352
5 2342 -0.606902 -0.550558
7 2342 -0.70407 -0.535093
5 2343 -0.969071 -0.429049
7 2343 -1.07802 -0.437886
7 491 -0.61868 0.0128047
7 2213 -0.503846 0.0569901
7 881 -0.577458 -0.00707871
5 2344 -0.913127 -0.435676
7 2344 -0.966127 -0.437886
5 2345 -0.695236 -0.0490548
7 2345 -0.780626 -0.042427
5 2346 -0.548013 0.0105954
7 2346 -0.648125 0.0304788
7 2218 -0.969071 -0.462188
5 2347 -0.739403 -0.30533
7 2347 -0.857182 -0.300911
7 16 -0.889571 -0.554977
7 420 -0.736459 0.0658271
7 1315 -0.577458 -0.0932401
5 2348 -1.06035 -0.921715
7 2348 -1.07213 -0.90625
7 2224 -0.424345 -0.234633
7 1594 -0.374289 -0.252307
7 1936 -0.598069 0.138733
7 1904 -0.698181 -0.371608
5 2349 -0.562735 0.114431
7 2349 -0.648125 0.132105
7 675 -1.13691 -0.943808
7 44 -0.636347 -0.0998679
7 212 -0.586291 -0.256726
5 2350 -1.00735 -0.402537
7 2350 -1.11629 -0.413584
7 2229 -0.656958 -0.347306
7 1188 -0.609847 0.149779
5 2351 -0.397845 -0.318585
7 2351 -0.509735 -0.289865
7 234 -0.792403 -0.614627
5 2352 -0.580402 -0.323004
7 2352 -0.683458 -0.307539
5 2353 -0.733514 -0.60579
7 2353 -0.78357 -0.592534
5 2354 -0.589235 -0.325213
7 2354 -0.695236 -0.309748
5 2355 -0.736459 -0.652185
7 2355 -0.780626 -0.63672
7 500 -0.577458 -0.128588
5 2356 -1.15752 -0.371608
7 2356 -1.26941 -0.3937
7 2240 -0.910182 -0.433467
7 701 -0.533291 -0.254517
7 2244 -0.648125 -0.241261
7 2245 -0.774737 -0.353934
5 2357 -0.648125 -0.30312
7 2357 -0.754125 -0.292074
5 2358 -0.774737 -0.144053
7 2358 -0.851293 -0.144053
7 1607 -0.595124 0.105594
7 1626 -0.910182 -0.570442
5 2359 -0.612791 -0.320795
7 2359 -0.727625 -0.307539
5 2360 -0.291844 -0.21254
7 2360 -0.368401 -0.174983
7 2253 -0.2624 -0.448932
5 2361 -0.324234 -0.519629
7 2361 -0.347789 -0.482071
5 2362 -1.06918 -0.928343
7 2362 -1.08096 -0.912878
7 896 -0.577458 -0.00486941
5 421 -0.739403 -0.645557
7 455 -0.589235 -0.161727
7 802 -0.64518 0.127687
7 1190 -0.574513 -0.362771
5 1999 -0.966127 -0.429049
5 2363 -0.916071 -0.400328
7 2363 -0.972016 -0.404747
7 1819 -0.813015 -0.119751
7 1928 -0.824793 -0.216959
5 2364 -0.468512 -0.119751
7 2364 -0.577458 -0.0954493
5 2365 -0.42729 -0.501954
7 2365 -0.439068 -0.471025
5 1996 -0.40079 -0.318585
5 1852 -0.462623 -0.258935
5 984 -1.11041 -0.946017
5 2366 0.143936 -1.02113
7 2366 0.0556024 -0.976947
5 403 -0.209399 -0.462188
7 2282 -0.712903 0.110012
5 2367 -0.468512 -0.278818
7 2367 -0.586291 -0.254517
5 2368 -0.680514 -0.360561
7 2368 -0.804181 -0.351724
5 1808 -0.456735 -0.318585
5 2369 -0.182899 -0.501954
7 2369 -0.256511 -0.459978
7 1305 -0.509735 -0.292074
7 478 -0.680514 -0.219168
5 2014 -0.542124 0.107803
7 17 -0.562735 -0.241261
7 1314 -0.665791 0.0680364
5 2370 -0.421401 -0.561605
7 2370 -0.489124 -0.532884
5 1102 -0.568624 0.0989661
5 2371 -0.362512 -0.300911
7 2371 -0.459679 -0.269981
5 2372 -0.409623 0.0172232
7 2372 -0.495013 0.048153
7 1879 -0.624569 -0.0269621
5 372 -1.21346 -1.03881
7 1330 -0.701125 -0.177192
7 2304 -0.70407 -0.241261
7 2306 -1.02796 -0.621255
7 922 -0.583346 -0.241261
7 2308 -1.01618 -0.806833
7 1920 -0.936682 -0.51521
5 2373 -0.465568 -0.0711474
7 2373 -0.571569 -0.0446362
7 2310 -0.886626 -0.530675
5 2374 -0.742348 -0.30312
7 2374 -0.860126 -0.298702
7 2312 -0.648125 0.118849
7 1967 -0.2889 -0.508582
5 2375 0.414827 -0.325213
7 2375 0.432494 -0.236842
7 2314 -0.821848 -0.323004
7 1482 -0.609847 0.134314
7 1625 -1.22818 -1.0609
7 82 -0.813015 -0.21254
7 2319 -0.589235 -0.471025
5 2376 -0.692292 -0.0578918
7 2376 -0.777681 -0.051264
5 2377 -0.777681 -0.353934
7 2377 -0.924904 -0.351724
7 1820 -0.945516 -0.263354
7 2321 -0.833626 -0.342887
5 1867 -0.656958 -0.292074
7 682 -0.583346 0.145361
7 2330 -0.97496 -0.391491
7 880 -0.568624 -0.00486941
5 2378 -0.595124 -0.263354
7 2378 -0.707014 -0.247889
5 2379 0.182214 -1.10729
7 2379 0.0938805 -1.06532
7 2337 -1.36069 -0.351724
7 337 -0.721736 -0.245679
5 2380 -0.995572 -0.879739
7 2380 -1.01324 -0.864274
5 1541 -0.536235 -0.0203343
8 496 -0.701125 0.125477
5 2381 -0.577458 -0.00707871
8 2381 -0.715847 0.00175838
5 2382 -1.00146 -0.87753
8 2382 -1.03385 -0.873111
5 2383 -0.403734 -0.234633
8 2383 -0.61868 -0.216959
8 1518 -0.795348 -0.320795
8 1608 -0.70407 -0.431258
5 2384 -0.686403 -0.448932
8 2384 -0.786515 -0.448932
8 2207 -0.483235 -0.219168
8 1635 -0.595124 -0.510791
8 782 -1.08685 -0.908459
8 1560 -0.698181 -0.426839
8 745 -0.760014 -0.228005
8 2218 -0.989683 -0.475443
8 1851 -0.483235 -0.265563
8 420 -0.760014 0.0569901
8 2224 -0.474401 -0.241261
8 1850 -0.78357 -0.864274
5 2385 -0.598069 -0.194866
8 2385 -0.762959 -0.192657
8 1240 -0.606902 0.0857105
8 814 -0.692292 0.112222
8 1066 -1.23407 -1.07195
8 638 -0.67168 -0.201494
8 1834 -0.0180092 -0.99683
8 1188 -0.639291 0.145361
5 1530 -0.577458 0.00396765
8 2353 -0.807126 -0.603581
8 2354 -0.745292 -0.323004
8 1657 -0.509735 0.0371066
8 1915 -0.736459 -0.0755659
5 2386 -0.603958 -0.210331
8 2386 -0.765903 -0.208122
8 494 -0.300678 -0.495327
8 1833 -0.238844 -0.585907
5 2387 0.0997694 -0.970319
8 2387 -0.0445094 -0.957063
5 2045 -0.910182 -0.406956
8 1310 -0.615736 -0.400328
8 1858 -0.624569 0.0503623
5 2388 -1.03385 -0.855437
8 2388 -1.06918 -0.853228
5 1808 -0.439068 -0.316376
5 2389 -0.830682 -0.203703
8 2389 -1.10452 -0.230215
8 799 -0.665791 -0.0578918
5 2390 -0.627513 -0.451141
8 2390 -0.721736 -0.446723
5 2391 -1.3548 -0.216959
8 2391 -1.52558 -0.287656
8 376 -0.48029 -0.2744
8 455 -0.64518 -0.170564
8 802 -0.674625 0.123268
8 2363 -0.995572 -0.418002
5 2392 -0.100454 -0.862065
8 2392 -0.238844 -0.842181
8 1928 -0.86896 -0.230215
5 2393 -0.70407 -0.201494
8 2393 -0.854237 -0.208122
8 2270 -0.727625 -0.192657
5 2394 -0.598069 -0.342887
8 2394 -0.683458 -0.336259
5 2395 -0.203511 -0.570442
8 2395 -0.277122 -0.539512
5 1280 -0.595124 -0.418002
8 1334 -1.49319 -0.323004
8 2274 -0.61868 0.149779
8 1783 -0.0445094 -0.954854
8 1220 -0.651069 -0.384863
8 1595 -0.654014 -0.0910308
8 2283 -0.589235 -0.528466
8 2285 -0.238844 -0.811252
5 2396 -0.898404 -0.457769
8 2396 -0.969071 -0.471025
8 902 -0.848348 -0.168355
8 2293 -0.721736 -0.497536
5 2041 -0.609847 -0.391491
8 655 -0.489124 -0.369398
8 2373 -0.612791 -0.051264
8 2312 -0.677569 0.114431
5 2397 -0.548013 -0.216959
8 2397 -0.721736 -0.210331
5 2398 -0.683458 -0.146262
8 2398 -0.824793 -0.150681
8 1818 -0.736459 -0.0799845
5 899 -0.571569 -0.0446362
5 2399 -0.78357 -0.981365
8 2399 -0.762959 -0.943808
5 2400 -0.571569 0.0591993
8 2400 -0.698181 0.0702457
8 2323 -0.559791 -0.54393
8 1598 -0.857182 -0.654394
5 2401 -0.707014 -0.150681
8 2401 -0.842459 -0.157309
5 1668 -1.16341 -0.990202
8 446 -1.10746 -0.948226
5 2402 -0.512679 -0.426839
8 2402 -0.574513 -0.409165
8 439 -1.04857 -0.862065
5 537 -0.70407 -0.188239
9 1541 -0.760014 -0.000450882
9 2200 -0.81007 -0.0269621
9 1196 -0.807126 -0.0380084
9 816 -0.698181 -0.0203343
5 2403 -0.489124 -0.360561
9 2403 -0.651069 -0.340678
9 1639 -0.786515 0.023851
5 604 -0.606902 -0.230215
9 2207 -0.562735 -0.210331
9 266 -0.727625 -0.21475
9 2217 -0.542124 -0.216959
9 1851 -0.562735 -0.258935
9 1303 -0.518568 -0.389282
9 1485 -0.774737 -0.000450882
9 1886 -0.683458 0.090129
9 1936 -0.70407 0.140942
9 2385 -0.842459 -0.186029
9 1137 -0.745292 0.0835012
9 1860 -0.238844 -0.881948
9 234 -0.886626 -0.623464
9 2352 -0.813015 -0.314167
9 2353 -0.877793 -0.601371
5 2404 0.564995 -0.318585
9 2404 0.564995 -0.192657
5 2405 -0.574513 -0.21475
9 2405 -0.827737 -0.203703
9 2237 -1.16046 -0.899622
9 1297 -1.10157 -0.824507
5 2406 -0.709958 -0.159518
9 2406 -0.927849 -0.161727
9 2244 -0.768848 -0.245679
5 2407 -0.621625 0.101175
9 2407 -0.807126 0.110012
9 1858 -0.701125 0.0569901
5 2408 -0.627513 -0.157309
9 2408 -0.860126 -0.150681
5 2409 -0.548013 -0.12417
9 2409 -0.786515 -0.108705
9 799 -0.745292 -0.051264
5 2410 -0.447901 -0.411374
9 2410 -0.583346 -0.387073
9 2257 -0.530346 -0.281028
9 1313 -1.00146 -0.579279
9 2393 -0.933738 -0.203703
5 2411 -0.695236 -0.561605
9 2411 -0.877793 -0.559395
9 1610 -0.495013 -0.252307
9 820 -1.07213 -0.813461
5 406 -0.630458 -0.216959
9 1553 -0.760014 -0.018125
5 2412 -0.606902 -0.258935
9 2412 -0.854237 -0.252307
9 1596 -0.842459 -0.223587
9 902 -0.927849 -0.163937
9 1314 -0.777681 0.0658271
9 941 -1.26646 -1.0123
5 2413 0.267604 -0.33405
9 2413 0.282326 -0.234633
5 2414 0.193992 -1.19787
9 2414 -0.0445094 -1.20008
5 2415 0.090936 -0.976947
9 2415 -0.138732 -0.957063
9 2306 -1.08685 -0.630092
9 922 -0.727625 -0.245679
5 2416 -0.174066 -0.566023
9 2416 -0.324234 -0.524047
9 2397 -0.804181 -0.203703
9 1269 -0.798292 0.0216418
9 2398 -0.904293 -0.146262
5 2417 -0.383123 -0.477652
9 2417 -0.489124 -0.446723
9 477 -0.924904 -0.649975
9 1909 -0.182899 -0.908459
5 2418 -0.774737 -0.440095
9 2418 -1.03679 -0.451141
9 302 -0.927849 -0.654394
9 1598 -0.927849 -0.652185
9 1316 -0.919015 -0.406956
9 954 -0.727625 -0.258935
9 537 -0.924904 -0.190448
5 2419 0.556161 -0.318585
9 2419 0.553217 -0.194866
9 293 -1.08685 -0.833344
9 1633 -0.880737 -0.252307
5 2420 -0.259455 -0.541721
9 2420 -0.40079 -0.504164
9 1135 -0.78357 0.023851
9 2338 -0.721736 -0.404747
10 1073 -0.612791 -0.678696
10 231 -1.19874 -1.06974
10 2199 -0.64518 -0.645557
10 123 -1.11041 -0.72509
10 496 -0.789459 0.0348974
10 921 -0.939627 -0.318585
10 325 -0.665791 -0.33405
10 1639 -0.792403 -0.0821937
10 2206 -0.562735 -0.347306
10 94 -0.97496 -0.804624
5 2421 -0.271233 -0.526256
10 2421 -0.418456 -0.592534
10 2208 -0.933738 -0.239052
10 1559 -0.880737 -0.177192
10 881 -0.698181 -0.115333
10 859 -0.654014 -0.00266015
10 1599 -0.860126 -0.69637
10 946 -0.707014 -0.287656
10 2345 -0.898404 -0.15289
10 715 -0.815959 -0.442304
10 861 -0.642236 -0.647766
10 2221 -0.568624 -0.389282
10 1790 -0.748237 -0.506373
10 353 -1.08391 -0.959273
10 1459 -0.701125 -0.314167
10 1252 -0.83657 -0.269981
10 213 -1.12513 -1.00125
5 2422 -0.394901 -0.261144
10 2422 -0.668736 -0.362771
10 2353 -0.886626 -0.709625
5 1105 -0.580402 -0.00707871
10 1915 -0.818904 -0.181611
5 2423 0.0732692 -0.963691
10 2423 -0.141677 -1.07857
5 2424 -1.06624 -0.884158
10 2424 -1.18107 -0.99683
5 2425 -0.751181 -0.236842
10 2425 -0.972016 -0.356143
5 1191 -0.483235 0.0724549
10 2244 -0.768848 -0.367189
5 2426 -0.515624 -0.495327
10 2426 -0.701125 -0.590325
10 2407 -0.815959 0.015014
10 1107 -0.733514 -0.281028
10 1628 -0.695236 0.0415251
10 349 -1.06624 -0.716253
10 1924 -0.851293 -0.00266015
5 2427 -0.430234 -0.554977
10 2427 -0.612791 -0.645557
10 948 -0.721736 0.0348974
10 455 -0.718792 -0.281028
10 2264 -1.14574 -0.99683
5 2428 -0.268289 -0.287656
10 2428 -0.486179 -0.362771
10 2392 -0.492068 -1.04985
10 627 -0.707014 -0.285446
10 1819 -0.933738 -0.234633
10 906 -0.692292 -0.0556826
10 682 -0.695236 0.048153
5 2429 -0.274178 -1.05206
10 2429 -0.397845 -1.12718
10 1977 -0.898404 -0.18382
10 2272 -0.821848 -0.51521
10 43 -0.871904 -0.0932401
10 1553 -0.762959 -0.128588
10 2282 -0.824793 0.0105954
5 2430 -0.942571 -0.433467
10 2430 -1.17813 -0.581488
5 2431 -0.580402 0.0459437
10 2431 -0.792403 -0.042427
5 2432 -0.50679 -0.232424
10 2432 -0.765903 -0.338469
10 506 -0.12401 -1.08962
10 2290 -0.533291 -0.402537
10 1128 -0.795348 -0.0269621
10 184 -0.910182 -0.731718
5 2433 -0.397845 0.0547808
10 2433 -0.577458 -0.00266015
10 478 -0.813015 -0.347306
10 2293 -0.804181 -0.607999
10 2298 -0.774737 -0.0225436
10 1889 -0.916071 -0.221378
5 2434 -0.459679 -0.411374
10 2434 -0.606902 -0.48649
5 2435 -1.07507 -0.943808
10 2435 -1.18107 -1.05206
10 2306 -1.11041 -0.7273
5 2436 -0.92196 -0.782531
10 2436 -1.05446 -0.892995
10 2398 -0.907238 -0.256726
5 2437 -0.294789 -0.239052
10 2437 -0.486179 -0.30533
10 426 -0.742348 -0.223587
5 2438 -0.0651206 -0.884158
10 2438 -0.268289 -0.985784
10 1818 -0.818904 -0.186029
10 2376 -0.89546 -0.161727
10 2400 -0.78357 -0.0269621
5 2439 -0.386067 0.0547808
10 2439 -0.559791 -0.000450882
10 408 -0.883682 -0.707416
10 682 -0.695236 0.0503623
5 2440 -0.406679 -0.327422
10 2440 -0.639291 -0.422421
10 1856 -0.768848 -0.190448
5 2441 -0.698181 -0.0556826
10 2441 -0.901349 -0.159518
5 2442 -0.383123 0.0680364
10 2442 -0.556846 0.015014
5 2443 -0.883682 -0.532884
10 2443 -1.00146 -0.63672
10 537 -0.939627 -0.30533
10 1135 -0.789459 -0.0821937
5 2444 -0.969071 -0.780322
10 2444 -1.08979 -0.890785
11 1073 -0.518568 -0.683114
11 231 -1.13691 -1.0852
11 2199 -0.553902 -0.649975
5 2445 -0.724681 -0.400328
11 2445 -0.913127 -0.548349
11 1480 -0.627513 -0.39591
11 1196 -0.724681 -0.139635
11 263 -1.19285 -1.1095
5 2446 -0.50679 -0.378235
11 2446 -0.586291 -0.457769
11 41 -0.789459 -0.709625
5 2447 -0.768848 -0.1551
11 2447 -0.892515 -0.263354
11 1096 -0.580402 -0.54614
5 2448 -0.64518 -0.537303
11 2448 -0.777681 -0.663231
5 2449 -0.951405 -0.413584
11 2449 -1.11041 -0.568232
11 410 -0.839515 -0.760439
11 2341 -0.986738 -0.468815
11 285 -0.365456 -0.404747
5 2450 -0.668736 -0.510791
11 2450 -0.815959 -0.643347
11 881 -0.609847 -0.106496
11 1599 -0.786515 -0.700788
11 1971 -0.668736 -0.0866123
11 1892 -0.0268426 -1.04102
5 2451 -0.0886764 -0.839972
11 2451 -0.179955 -0.952645
5 2452 -0.436123 -0.281028
11 2452 -0.59218 -0.382654
5 2453 -1.06329 -0.939389
11 2453 -1.10157 -1.0609
11 1776 -0.774737 -0.192657
11 2385 -0.751181 -0.300911
5 2454 -0.497957 -0.579279
11 2454 -0.580402 -0.672068
11 2228 -1.13396 -1.03439
11 1834 0.0467691 -1.14264
11 2229 -0.686403 -0.464397
5 2455 -0.586291 -0.519629
11 2455 -0.701125 -0.632301
11 1860 -0.109288 -1.02334
11 37 -0.668736 -0.309748
11 1915 -0.733514 -0.174983
11 2355 -0.804181 -0.758229
11 2237 -1.11041 -1.02997
11 701 -0.56568 -0.382654
11 2425 -0.889571 -0.353934
5 2456 -0.447901 -0.0269621
11 2456 -0.580402 -0.0954493
11 1179 -0.739403 -0.219168
11 2357 -0.792403 -0.418002
11 1607 -0.633402 0.0194325
5 1385 -0.954349 -0.813461
11 2388 -1.08979 -0.983574
11 2359 -0.765903 -0.437886
11 2249 -0.801237 -0.0866123
5 2457 -0.751181 -0.239052
11 2457 -0.889571 -0.356143
5 2458 -0.601013 -0.121961
11 2458 -0.748237 -0.219168
5 2459 -0.748237 -0.325213
11 2459 -0.972016 -0.48428
11 423 -1.08979 -1.02113
11 896 -0.609847 -0.104286
11 2259 -0.904293 -0.738346
11 2392 -0.191733 -0.976947
11 627 -0.609847 -0.281028
11 1819 -0.854237 -0.228005
11 2267 -0.824793 -0.466606
11 2393 -0.851293 -0.314167
5 2460 -0.736459 -0.163937
11 2460 -0.86896 -0.272191
5 2461 -0.630458 -0.0645196
11 2461 -0.768848 -0.157309
11 279 -0.883682 -0.314167
11 1610 -0.394901 -0.367189
5 2462 -0.642236 -0.119751
11 2462 -0.786515 -0.221378
11 2278 -0.477346 -0.378235
5 2463 -0.612791 -0.0976586
11 2463 -0.762959 -0.194866
11 1553 -0.674625 -0.119751
11 1307 -0.771792 -0.342887
11 1258 -0.760014 -0.298702
11 2284 -0.447901 -0.380445
11 2287 -0.992627 -0.716253
5 2464 -1.01029 -0.612418
11 2464 -1.03974 -0.720672
5 2465 -0.191733 -0.539512
11 2465 -0.268289 -0.612418
5 2466 0.114492 -1.01009
11 2466 0.0349911 -1.14264
11 506 0.00554647 -1.10287
11 184 -0.833626 -0.736137
11 902 -0.851293 -0.269981
11 478 -0.715847 -0.345096
11 1259 -0.789459 -0.342887
11 2295 -0.689347 0.0591993
5 2467 -1.07213 -0.90625
11 2467 -1.11924 -1.03218
11 941 -1.22524 -1.14927
11 2415 0.00849095 -1.10729
11 1330 -0.742348 -0.296493
11 2308 -1.04857 -0.943808
5 1269 -0.583346 0.00838618
5 2468 -0.336011 -0.307539
11 2468 -0.459679 -0.389282
11 243 -1.03091 -0.985784
5 2469 -0.851293 -0.528466
11 2469 -0.913127 -0.63451
11 2437 -0.394901 -0.300911
11 2316 -0.171121 -0.979156
11 426 -0.651069 -0.219168
11 82 -0.854237 -0.331841
5 2470 -0.748237 -0.203703
11 2470 -0.883682 -0.316376
11 428 -1.10157 -1.06311
11 2376 -0.818904 -0.15289
11 2400 -0.70407 -0.0159158
11 408 -0.81007 -0.711835
5 2471 0.388327 -0.327422
11 2471 0.441327 -0.272191
11 2401 -0.845404 -0.256726
11 1875 -0.983794 -0.731718
5 2472 -0.333067 -0.501954
11 2472 -0.344845 -0.541721
11 1856 -0.677569 -0.18382
11 1876 -0.818904 -0.208122
11 613 -0.798292 -0.345096
11 425 -0.851293 -0.773694
5 2473 -0.598069 -0.24347
11 2473 -0.75707 -0.356143
11 394 -1.11629 -1.01009
5 2474 -0.762959 -0.146262
11 2474 -0.886626 -0.252307
11 1852 -0.612791 -0.36498
11 2338 -0.648125 -0.510791
12 1183 -0.659903 -0.0534733
12 2339 -0.61868 -0.362771
12 968 -0.118121 -0.501954
12 1593 -0.3154 -0.676486
5 2475 -0.280067 -0.464397
12 2475 -0.206455 -0.497536
12 1068 -0.250622 -0.733927
12 1929 -0.70407 -0.75602
12 1608 -0.556846 -0.495327
5 2476 -0.271233 -0.694161
12 2476 -0.191733 -0.751602
5 2477 -0.271233 -0.702998
12 2477 -0.191733 -0.762648
12 2448 -0.601013 -0.619046
12 2449 -0.930793 -0.521838
12 2210 -0.609847 -0.444513
12 266 -0.442012 -0.292074
5 2478 -0.751181 -0.493117
12 2478 -0.718792 -0.585907
5 2479 -0.680514 -0.614627
12 2479 -0.615736 -0.685324
5 2480 -0.833626 -0.517419
12 2480 -0.751181 -0.577069
12 491 -0.497957 -0.0446362
5 2481 -0.436123 -0.347306
12 2481 -0.377234 -0.384863
12 2450 -0.633402 -0.599162
12 597 -0.344845 -0.0689382
12 883 -0.412568 -0.0667289
12 1599 -0.639291 -0.663231
12 1971 -0.512679 -0.0468455
5 2482 -0.83657 -0.539512
12 2482 -0.762959 -0.607999
12 1817 -0.550957 0.0105954
5 2483 -0.727625 -0.685324
12 2483 -0.668736 -0.771485
5 2484 -0.212344 -0.435676
12 2484 -0.144621 -0.473234
12 1851 -0.2889 -0.33405
12 2222 -0.75707 -0.247889
12 30 -0.639291 0.00838618
12 1303 -0.2889 -0.45556
12 1780 -0.760014 -0.524047
12 1936 -0.489124 0.0945476
12 2349 -0.545068 0.0879198
5 2485 -0.768848 -0.139635
12 2485 -0.739403 -0.203703
5 2486 -0.751181 -0.499745
12 2486 -0.715847 -0.590325
12 1272 -0.227066 -0.356143
12 1825 -0.83657 -1.02113
12 1605 -0.86896 -0.468815
12 2422 -0.371345 -0.318585
12 1816 -0.250622 -0.736137
5 2487 -0.50679 0.0326881
12 2487 -0.486179 0.00396765
12 37 -0.497957 -0.267772
5 2488 -0.698181 -0.51521
12 2488 -0.659903 -0.601371
12 2354 -0.559791 -0.3937
12 2405 -0.556846 -0.278818
12 2355 -0.665791 -0.72509
5 2489 -0.368401 -0.0623104
12 2489 -0.333067 -0.0821937
5 2490 -0.707014 -0.435676
12 2490 -0.689347 -0.532884
12 2242 -0.668736 -0.63672
5 2491 -0.707014 -0.234633
12 2491 -0.689347 -0.309748
5 464 -1.01029 -0.848809
12 1899 -0.845404 -0.517419
12 2426 -0.456735 -0.552768
5 2492 -0.380178 -0.051264
12 2492 -0.344845 -0.0711474
5 2493 -0.765903 -0.146262
12 2493 -0.739403 -0.21254
5 2494 -0.795348 -0.1551
12 2494 -0.760014 -0.219168
12 1837 -0.739403 -0.581488
5 2495 -0.774737 -0.413584
12 2495 -0.760014 -0.513001
12 2388 -0.939627 -0.943808
12 2409 -0.530346 -0.174983
12 1808 -0.412568 -0.380445
12 2359 -0.589235 -0.3937
12 430 -1.02502 -1.08078
5 2496 -0.907238 -0.360561
12 2496 -0.860126 -0.442304
12 2254 -0.439068 0.0614086
5 2497 -0.350734 -0.179401
12 2497 -0.344845 -0.236842
12 485 0.129214 -0.992412
12 349 -0.880737 -0.685324
12 2259 -0.748237 -0.691951
5 2498 -0.0503983 -0.890785
12 2498 0.0556024 -0.957063
12 2261 -0.804181 -0.384863
12 802 -0.542124 0.0835012
12 421 -0.659903 -0.709625
12 1928 -0.712903 -0.296493
12 2364 -0.444957 -0.161727
5 2499 -0.830682 -0.418002
12 2499 -0.801237 -0.510791
5 2500 -0.966127 -0.446723
12 2500 -0.939627 -0.554977
5 2501 -0.751181 -0.194866
12 2501 -0.727625 -0.265563
5 2502 -0.268289 -0.351724
12 2502 -0.209399 -0.387073
12 2276 -0.651069 -0.0380084
5 2503 -0.698181 -0.0578918
12 2503 -0.677569 -0.113123
5 1082 -0.415512 -0.0888215
12 2283 -0.415512 -0.601371
5 2504 -0.659903 -0.632301
12 2504 -0.595124 -0.705207
5 2505 -0.433179 -0.223587
12 2505 -0.406679 -0.2744
12 2412 -0.583346 -0.325213
12 1084 -0.347789 -0.00928797
12 1191 -0.459679 0.0503623
12 2287 -0.863071 -0.680905
12 244 -0.721736 -0.269981
5 1727 -0.966127 -0.630092
5 2506 -0.689347 -0.000450882
12 2506 -0.67168 -0.051264
12 399 -0.633402 0.0569901
12 902 -0.689347 -0.228005
5 2507 -0.78357 -0.506373
12 2507 -0.745292 -0.596953
5 2508 -0.742348 -0.225796
12 2508 -0.718792 -0.298702
5 2509 -0.839515 -0.8466
12 2509 -0.78357 -0.957063
12 2299 -0.636347 -0.647766
12 1102 -0.550957 0.0702457
5 2085 -0.418456 -0.161727
12 2302 -0.336011 -0.0755659
12 373 -0.715847 -0.612418
12 1629 -0.851293 -0.824507
12 2373 -0.442012 -0.106496
5 2510 -0.615736 -0.535093
12 2510 -0.56568 -0.610208
5 2511 -0.721736 -0.541721
12 2511 -0.674625 -0.625673
5 2512 -1.01324 -0.433467
12 2512 -0.995572 -0.550558
12 817 -0.892515 -0.709625
5 2513 -0.486179 -0.645557
12 2513 -0.450846 -0.747183
12 2314 -0.683458 -0.415793
12 1482 -0.500901 0.090129
12 1818 -0.571569 -0.139635
12 1324 -0.589235 0.0194325
12 2398 -0.665791 -0.210331
12 499 -0.771792 -0.601371
5 2514 -0.927849 -0.437886
12 2514 -0.904293 -0.54393
12 2376 -0.67168 -0.113123
12 1820 -0.792403 -0.371608
5 2515 -0.70407 -0.554977
12 2515 -0.654014 -0.63672
12 958 -0.562735 0.0967568
12 1921 -0.698181 -0.219168
12 2443 -0.81007 -0.60579
12 537 -0.689347 -0.258935
5 2516 -0.801237 -0.789159
12 2516 -0.742348 -0.888576
12 880 -0.442012 -0.0623104
5 2517 -0.61868 -0.548349
12 2517 -0.571569 -0.627883
5 2518 -1.21641 -1.04322
12 2518 -1.09863 -1.13601
12 2474 -0.736459 -0.21254
5 2519 -0.715847 -0.0866123
12 2519 -0.695236 -0.146262
5 2520 -0.851293 -0.431258
12 2520 -0.824793 -0.528466
12 2378 -0.571569 -0.329632
12 1852 -0.430234 -0.323004
12 1135 -0.553902 -0.0313806
5 2521 -0.477346 0.0172232
12 2521 -0.456735 -0.0114972
13 1917 -0.518568 -0.000450882
5 2522 -0.368401 -0.133007
13 2522 -0.221177 -0.146262
5 2523 -0.689347 -0.778113
13 2523 -0.530346 -0.809042
13 1498 -0.762959 -0.557186
13 1839 -0.562735 -0.917297
13 1908 -0.689347 -0.378235
13 816 -0.333067 -0.0623104
13 1518 -0.495013 -0.358352
5 2524 -0.391956 -0.941598
13 2524 -0.218233 -0.970319
5 2525 0.173381 -1.07636
13 2525 0.379494 -1.11613
13 2207 -0.162288 -0.269981
5 2526 -1.09568 -0.3937
13 2526 -0.942571 -0.468815
5 2527 -0.727625 -0.809042
13 2527 -0.56568 -0.842181
5 2145 -0.81007 -0.607999
13 1116 -0.277122 -0.102077
13 12 -0.765903 -0.78695
13 491 -0.380178 -0.0247528
5 34 -0.883682 -0.566023
13 2213 -0.280067 0.023851
13 2344 -0.760014 -0.495327
13 946 -0.3154 -0.219168
13 1817 -0.436123 0.0326881
13 2346 -0.415512 -0.00486941
13 2219 -0.683458 -0.508582
5 2528 -0.851293 -0.590325
13 2528 -0.701125 -0.621255
13 1786 -0.442012 0.105594
5 2529 -0.61868 -0.371608
13 2529 -0.468512 -0.415793
5 2530 0.0320467 -0.923924
13 2530 0.226381 -0.963691
5 2531 -0.241789 -1.07857
13 2531 -0.0592317 -1.10287
13 814 -0.447901 0.0923383
13 213 -0.842459 -0.934971
13 2455 -0.442012 -0.552768
13 1870 -0.45379 -0.15289
5 1193 -0.833626 -0.33405
13 2487 -0.371345 0.0216418
13 2423 0.273493 -1.00567
5 2532 -0.886626 -0.404747
13 2532 -0.736459 -0.459978
5 2533 -0.0180092 -0.884158
13 2533 0.17927 -0.928343
5 2534 -0.830682 -0.733927
13 2534 -0.668736 -0.771485
5 2535 -0.586291 -0.758229
13 2535 -0.424345 -0.797996
13 1899 -0.724681 -0.475443
5 2536 -0.56568 -0.563814
13 2536 -0.406679 -0.610208
13 1179 -0.45379 -0.150681
13 2245 -0.50679 -0.411374
5 2537 -0.42729 -0.30312
13 2537 -0.274178 -0.33405
5 2538 -0.232955 -1.0852
13 2538 -0.0503983 -1.1095
5 2539 0.0556024 -0.934971
13 2539 0.255826 -0.976947
5 1751 -0.795348 -0.603581
13 1329 -0.327178 -0.133007
13 1901 0.117436 -0.919506
13 2458 -0.462623 -0.150681
5 2540 -0.406679 -0.201494
13 2540 -0.253566 -0.225796
13 1613 -0.274178 -0.221378
13 485 0.214604 -0.9659
13 952 0.158659 -0.93718
13 948 -0.391956 0.105594
13 896 -0.336011 -0.0446362
13 455 -0.333067 -0.21254
5 2541 -0.380178 -0.300911
13 2541 -0.224122 -0.329632
13 2363 -0.768848 -0.451141
5 2542 -0.232955 -0.720672
13 2542 -0.0268426 -0.784741
13 906 -0.3419 0.0105954
13 682 -0.368401 0.11664
13 2411 -0.545068 -0.601371
5 2543 -0.42729 -0.159518
13 2543 -0.280067 -0.181611
13 1996 -0.244733 -0.349515
13 1852 -0.312456 -0.289865
5 2544 -0.707014 -0.0269621
13 2544 -0.577458 -0.051264
5 2545 -0.356623 -0.621255
13 2545 -0.191733 -0.647766
5 2546 -0.424345 -0.084403
13 2546 -0.280067 -0.0998679
5 2547 -0.577458 -0.283237
13 2547 -0.439068 -0.316376
5 2548 -0.721736 -0.789159
13 2548 -0.562735 -0.820089
13 1519 -0.333067 0.0172232
5 2549 -0.874849 -0.192657
13 2549 -0.75707 -0.223587
13 1512 -0.509735 -0.15289
13 2295 -0.439068 0.118849
5 2550 0.0997694 -0.961482
13 2550 0.302937 -1.00346
5 2551 -0.442012 -0.1551
13 2551 -0.294789 -0.177192
5 2552 -0.745292 -0.930552
13 2552 -0.577458 -0.954854
13 2372 -0.274178 0.0105954
5 2553 -0.854237 -0.596953
13 2553 -0.70407 -0.627883
5 2554 -0.804181 -0.1551
13 2554 -0.67168 -0.197076
13 2302 -0.227066 -0.0645196
13 1335 -0.495013 -0.300911
13 2305 -0.268289 -0.583697
5 2555 -0.695236 -0.804624
13 2555 -0.536235 -0.833344
5 2556 -1.04857 -0.3937
13 2556 -0.89546 -0.464397
5 2557 -0.103399 -0.837763
13 2557 0.0762137 -0.873111
13 2311 -0.447901 -0.347306
5 2558 -0.665791 -0.404747
13 2558 -0.518568 -0.440095
5 2559 -0.474401 -0.186029
13 2559 -0.327178 -0.21254
13 1324 -0.48029 0.0415251
5 2560 -0.936682 -0.497536
13 2560 -0.786515 -0.539512
5 2561 -0.471457 -0.616836
13 2561 -0.309511 -0.658812
13 1788 -0.209399 -0.159518
13 82 -0.574513 -0.258935
13 2320 -0.285956 -0.0976586
13 2322 -0.609847 -0.714044
13 900 -0.277122 -0.181611
5 2562 -0.709958 -0.661022
13 2562 -0.550957 -0.705207
5 2563 -0.754125 -0.199285
13 2563 -0.61868 -0.239052
13 1534 -0.330123 -0.0954493
13 954 -0.350734 -0.307539
5 2564 -0.75707 -0.130798
13 2564 -0.630458 -0.166146
5 2565 -0.733514 -0.0998679
13 2565 -0.601013 -0.128588
5 2566 -0.0180092 -0.904041
13 2566 0.173381 -0.943808
5 2567 -0.727625 -0.959273
13 2567 -0.559791 -0.981365
13 1930 -0.118121 -1.05869
5 2132 -0.765903 -0.738346
5 2568 -0.945516 -0.45556
13 2568 -0.792403 -0.513001
5 2569 -0.0445094 -0.870902
13 2569 0.140992 -0.908459
5 2570 -0.203511 -0.530675
14 2570 0.0879915 -0.548349
14 2523 -0.403734 -0.762648
14 1232 -0.109288 0.0658271
14 2342 -0.283011 -0.568232
14 1556 -0.0857319 0.015014
5 2571 -0.356623 -0.281028
14 2571 -0.00917586 -0.307539
14 861 -0.141677 -0.570442
5 1763 -0.283011 -0.325213
14 2349 -0.250622 0.125477
14 823 -0.259455 -0.174983
14 1348 -0.601013 -0.345096
5 2572 0.111547 -0.340678
14 2572 0.299993 -0.325213
14 1252 -0.259455 -0.177192
14 2233 0.314715 -0.327422
14 1105 -0.256511 -0.00707871
5 2573 -0.147566 -0.632301
14 2573 0.140992 -0.652185
5 2574 -1.43135 -0.0446362
14 2574 -1.01618 -0.0601011
5 2575 -0.654014 -0.625673
14 2575 -0.374289 -0.616836
5 2576 0.0585469 -0.934971
14 2576 0.382438 -0.983574
14 2539 0.379494 -0.983574
14 1751 -0.495013 -0.596953
14 636 -0.035676 -0.15289
5 2577 -1.36657 -0.166146
14 2577 -0.954349 -0.190448
5 1762 -0.374289 -0.0446362
14 1131 -0.259455 -0.0932401
14 1546 -0.0827875 0.00396765
5 1557 -0.765903 -0.577069
5 2578 -0.312456 -0.72509
14 2578 -0.000342423 -0.749392
14 1190 -0.230011 -0.389282
5 2579 -0.350734 -0.265563
14 2579 0.0114354 -0.296493
14 1867 -0.327178 -0.307539
14 2274 -0.191733 0.143151
14 1220 -0.265344 -0.402537
5 2580 -1.42252 -0.0667289
14 2580 -1.00735 -0.0821937
14 1084 -0.0710096 0.00617691
5 2581 -0.424345 -0.928343
14 2581 -0.17701 -0.904041
14 2290 -0.0032869 -0.345096
14 1332 -0.115177 -0.281028
14 2546 -0.100454 -0.0910308
5 2582 -0.639291 0.0967568
14 2582 -0.338956 0.110012
14 2372 -0.100454 0.0216418
5 2583 -1.42841 -0.051264
14 2583 -1.01324 -0.0667289
14 1140 -0.0710096 -0.519629
14 2510 -0.300678 -0.548349
5 2584 -0.174066 -0.510791
14 2584 0.132159 -0.535093
14 1818 -0.259455 -0.0954493
5 2585 -0.350734 -0.267772
14 2585 0.00849095 -0.298702
14 1818 -0.256511 -0.0932401
14 899 -0.250622 -0.0468455
14 2400 -0.256511 0.0658271
5 2586 -1.4343 -0.0357991
14 2586 -1.01913 -0.051264
5 1754 -0.330123 -0.0357991
5 2587 -0.394901 0.00396765
14 2587 -0.0827875 0.00617691
14 1135 -0.247678 0.00838618
5 2588 -0.377234 -0.621255
14 2588 -0.0651206 -0.643347
5 2589 -0.138732 -0.625673
14 2589 0.149825 -0.645557
14 337 -0.268289 -0.276609
14 2521 -0.156399 0.0194325
7 745 -0.707014 -0.216959
6 2005 -0.3154 -0.652185
6 2590 -0.215288 -0.378235
7 2590 -0.2889 -0.36498
6 2591 -0.159344 -0.508582
7 2591 -0.238844 -0.495327
6 2592 -0.100454 -0.806833
7 2592 -0.200566 -0.795787
6 2593 -0.436123 -0.146262
7 2593 -0.542124 -0.130798
6 2594 0.211659 -1.10508
7 2594 0.102714 -1.10067
7 237 -1.09568 -0.932761
6 2595 -0.347789 -0.159518
7 2595 -0.436123 -0.144053
7 2194 -0.241789 -0.780322
6 2368 -0.698181 -0.362771
6 2596 -0.795348 -0.429049
7 2596 -0.901349 -0.420212
6 2597 -0.182899 -0.760439
7 2597 -0.280067 -0.749392
7 1926 -1.01029 -0.868693
6 2598 -0.518568 -0.714044
7 2598 -0.654014 -0.702998
6 2599 -0.642236 -0.753811
7 2599 -0.712903 -0.744974
6 2006 -0.492068 0.023851
6 2600 -0.533291 -0.307539
7 2600 -0.61868 -0.296493
6 2601 -0.50679 -0.687533
7 2601 -0.636347 -0.676486
7 2337 -1.36069 -0.353934
6 2602 -0.112232 -0.592534
7 2602 -0.188788 -0.579279
7 1645 -0.571569 0.0879198
7 260 -0.92196 -0.762648
7 434 -1.11629 -0.946017
6 2603 -0.492068 0.0348974
7 2603 -0.574513 0.048153
6 2604 -0.654014 -0.793578
7 2604 -0.721736 -0.784741
6 2605 -0.450846 -0.501954
7 2605 -0.503846 -0.493117
6 2606 -0.456735 -0.731718
7 2606 -0.601013 -0.720672
6 2607 -0.615736 -0.192657
7 2607 -0.709958 -0.181611
7 854 -0.907238 -0.722881
6 2608 -0.462623 0.0326881
7 2608 -0.545068 0.0459437
6 2609 -0.636347 -0.870902
7 2609 -0.698181 -0.862065
6 2610 0.191048 -1.03881
7 2610 0.0821026 -1.03218
7 289 -0.851293 -0.228005
6 2611 -1.08979 -0.406956
7 2611 -1.1958 -0.400328
6 1672 -0.580402 0.0525715
7 1929 -0.818904 -0.667649
7 1316 -0.78357 -0.39591
6 2030 -0.624569 -0.228005
6 2014 -0.550957 0.11664
6 2612 -0.153455 -0.762648
7 2612 -0.250622 -0.751602
6 2613 -0.980849 -0.420212
7 2613 -1.08096 -0.413584
7 1165 -0.804181 -0.614627
7 1116 -0.518568 -0.0578918
6 2614 -0.447901 -0.338469
7 2614 -0.533291 -0.327422
7 1534 -0.577458 -0.051264
6 2615 0.211659 -1.1559
7 2615 0.102714 -1.15148
6 2616 -0.406679 -0.21475
7 2616 -0.518568 -0.199285
6 2617 -0.518568 0.0415251
7 2617 -0.598069 0.0547808
6 2618 -0.542124 -0.621255
7 2618 -0.656958 -0.610208
6 2619 0.0762137 -0.912878
7 2619 -0.0268426 -0.904041
7 2245 -0.777681 -0.353934
6 2620 -1.05152 -0.406956
7 2620 -1.15457 -0.400328
6 2621 -0.17701 -0.771485
7 2621 -0.277122 -0.760439
6 2351 -0.412568 -0.30312
7 1976 -0.698181 -0.144053
6 2359 -0.627513 -0.318585
6 2622 -0.651069 -0.804624
7 2622 -0.718792 -0.795787
6 2623 -0.500901 -0.709625
7 2623 -0.633402 -0.698579
6 2624 -0.536235 -0.594744
7 2624 -0.64518 -0.583697
6 2371 -0.368401 -0.283237
6 2369 -0.171121 -0.473234
7 205 -0.936682 -0.54614
6 2625 -0.3154 -0.0645196
7 2625 -0.386067 -0.051264
6 2626 -0.674625 -0.879739
7 2626 -0.736459 -0.870902
7 946 -0.577458 -0.166146
6 2627 -1.27235 -0.318585
7 2627 -1.3813 -0.314167
6 2628 -0.665791 -0.444513
7 2628 -0.754125 -0.435676
6 2629 -0.135788 -0.524047
7 2629 -0.212344 -0.510791
6 2630 -0.636347 -0.283237
7 2630 -0.736459 -0.272191
6 1975 -1.03091 -0.435676
6 2631 -0.347789 -0.596953
7 2631 -0.433179 -0.585907
6 2632 -0.509735 -0.669859
7 2632 -0.633402 -0.658812
6 2633 -0.656958 -0.919506
7 2633 -0.712903 -0.910669
7 2209 -0.518568 -0.307539
6 2634 -0.989683 -0.453351
7 2634 -1.08685 -0.446723
6 2635 -0.188788 -0.51521
7 2635 -0.265344 -0.501954
6 1594 -0.283011 -0.267772
6 2636 -1.2753 -0.345096
7 2636 -1.38424 -0.340678
6 2637 -0.492068 0.0857105
7 2637 -0.571569 0.0989661
7 1491 -0.960238 -0.473234
7 2256 -0.945516 -0.462188
6 2638 -0.430234 -0.0888215
7 2638 -0.518568 -0.0755659
6 2639 -0.489124 -0.762648
7 2639 -0.636347 -0.751602
6 2640 -0.886626 -0.219168
7 2640 -1.01913 -0.208122
7 591 -0.577458 -0.0490548
6 2304 -0.606902 -0.252307
6 2024 -0.56568 -0.21254
6 2641 -0.542124 -0.601371
7 2641 -0.651069 -0.590325
6 2642 -0.92196 -0.179401
7 2642 -1.05741 -0.168355
6 2643 -0.3154 -0.495327
7 2643 -0.374289 -0.48428
7 248 -0.910182 -0.773694
6 2644 -0.521513 -0.616836
7 2644 -0.633402 -0.60579
6 2645 -0.848348 -0.782531
7 2645 -0.919015 -0.773694
6 2646 -0.103399 -0.813461
7 2646 -0.203511 -0.802415
6 2647 -0.689347 -0.934971
7 2647 -0.748237 -0.926134
7 809 -0.662847 0.143151
7 2290 -0.415512 -0.287656
6 2648 -0.695236 -0.0468455
7 2648 -0.777681 -0.0380084
6 2649 -0.521513 -0.590325
7 2649 -0.627513 -0.579279
6 2650 -0.718792 -0.163937
7 2650 -0.807126 -0.1551
6 2651 -0.50679 -0.641138
7 2651 -0.624569 -0.630092
6 2652 0.0762137 -0.897413
7 2652 -0.0268426 -0.888576
6 2653 -0.3154 -0.0623104
7 2653 -0.386067 -0.0490548
7 2280 -0.17701 -0.797996
6 398 -0.48029 -0.181611
6 2654 -0.471457 -0.205913
7 2654 -0.568624 -0.192657
6 2655 -0.377234 -0.63672
7 2655 -0.459679 -0.625673
6 2656 -0.48029 -0.0357991
7 2656 -0.568624 -0.0225436
6 2657 -1.17813 -0.3937
7 2657 -1.28707 -0.387073
6 2658 -1.11335 -1.03439
7 2658 -1.17813 -1.02113
6 2659 -0.144621 -0.506373
7 2659 -0.227066 -0.493117
6 2660 -0.492068 -0.731718
7 2660 -0.630458 -0.720672
6 2661 -0.898404 -0.39591
7 2661 -0.97496 -0.389282
7 143 -0.75707 -0.581488
6 2662 -0.500901 -0.627883
7 2662 -0.612791 -0.616836
7 1942 0.105658 -1.16253
6 1615 -0.2889 -0.504164
6 2663 -0.386067 -0.254517
7 2663 -0.492068 -0.239052
6 2664 -0.659903 -0.413584
7 2664 -0.745292 -0.404747
6 2665 -0.860126 -0.201494
7 2665 -0.989683 -0.190448
6 2666 -0.639291 -0.457769
7 2666 -0.707014 -0.448932
6 1996 -0.415512 -0.30312
6 2667 -0.621625 -0.0137065
7 2667 -0.707014 -0.00266015
6 1252 -0.612791 -0.159518
6 2668 -0.880737 -0.493117
7 2668 -0.951405 -0.48428
7 2247 -0.913127 -0.433467
7 1490 -0.421401 -0.234633
7 1164 -1.23407 -1.06974
7 1166 -0.356623 -0.239052
6 2669 -0.574513 -0.554977
7 2669 -0.674625 -0.54393
6 2670 -0.601013 -0.113123
7 2670 -0.692292 -0.102077
7 2244 -0.624569 -0.241261
6 2671 -0.40079 0.0857105
7 2671 -0.468512 0.0989661
6 2672 -0.880737 -0.780322
7 2672 -0.954349 -0.771485
6 2673 0.00554647 -0.307539
7 2673 -0.0297871 -0.294283
7 2285 -0.188788 -0.791368
6 2674 -0.218233 -0.731718
7 2674 -0.3154 -0.720672
7 1536 -1.17518 -0.420212
6 2675 -0.285956 -1.10287
7 2675 -0.3419 -1.09404
6 2676 -0.0886764 -0.833344
7 2676 -0.185844 -0.822298
7 1344 -0.712903 -0.146262
7 1870 -0.698181 -0.110914
6 2677 -0.621625 -0.254517
7 2677 -0.718792 -0.24347
6 2678 -0.562735 -0.371608
7 2678 -0.64518 -0.360561
7 1961 -0.2359 -0.75602
6 2679 -0.303622 -0.698579
7 2679 -0.389012 -0.687533
6 2367 -0.486179 -0.267772
6 2680 -0.751181 -0.203703
7 2680 -0.839515 -0.194866
7 613 -0.751181 -0.216959
6 2681 -0.300678 -0.126379
7 2681 -0.374289 -0.113123
6 2682 -0.153455 -0.497536
7 2682 -0.2359 -0.48428
6 2683 -0.545068 -0.568232
7 2683 -0.648125 -0.557186
6 2684 -0.321289 -0.683114
7 2684 -0.406679 -0.672068
6 2685 -0.336011 -0.239052
7 2685 -0.433179 -0.223587
7 1269 -0.683458 0.0216418
7 2217 -0.418456 -0.216959
6 2686 -1.26352 -0.325213
7 2686 -1.37246 -0.320795
6 2687 -0.300678 -0.254517
7 2687 -0.391956 -0.239052
6 2688 -0.344845 -0.192657
7 2688 -0.436123 -0.177192
6 2689 0.173381 -1.02776
7 2689 0.0673803 -1.02113
6 2690 -1.13985 -0.382654
7 2690 -1.24585 -0.376026
7 27 -0.70407 -0.720672
6 2691 -0.365456 -0.263354
7 2691 -0.456735 -0.250098
6 2692 -0.42729 -0.528466
7 2692 -0.509735 -0.517419
7 2267 -0.78357 -0.329632
7 1666 -0.73057 -0.0821937
6 2693 -0.880737 -0.897413
7 2693 -0.986738 -0.888576
7 1073 -0.497957 -0.554977
6 2352 -0.589235 -0.318585
6 2694 -0.692292 -0.422421
7 2694 -0.780626 -0.413584
6 2695 -0.736459 -0.0601011
7 2695 -0.81007 -0.0534733
7 2299 -0.754125 -0.563814
7 1151 -0.718792 -0.179401
6 2696 -0.421401 0.0746642
7 2696 -0.495013 0.0879198
6 2697 -0.0268426 -0.837763
7 2697 -0.126954 -0.826717
6 2698 -0.727625 -1.04764
7 2698 -0.771792 -1.0366
6 2699 -0.495013 -0.661022
7 2699 -0.612791 -0.649975
6 2700 -0.648125 -0.216959
7 2700 -0.745292 -0.205913
6 2701 -0.300678 -0.12417
7 2701 -0.374289 -0.110914
6 2702 -0.801237 -0.822298
7 2702 -0.901349 -0.813461
6 2703 -0.580402 -0.311957
7 2703 -0.67168 -0.300911
6 2704 -0.518568 -0.63672
7 2704 -0.636347 -0.625673
6 2705 -0.889571 -0.378235
7 2705 -0.966127 -0.371608
7 976 -0.442012 -0.320795
6 2706 -0.285956 -1.10067
7 2706 -0.3419 -1.09183
7 2257 -0.409623 -0.281028
6 2707 -0.503846 -0.69637
7 2707 -0.636347 -0.685324
7 2242 -0.786515 -0.552768
6 2708 -1.01913 -0.422421
7 2708 -1.12218 -0.415793
6 2709 -0.789459 -0.462188
7 2709 -0.880737 -0.453351
6 2710 -0.818904 -0.307539
7 2710 -0.942571 -0.296493
7 461 -0.86896 -0.258935
6 1179 -0.606902 -0.117542
6 2711 -0.536235 -0.0623104
7 2711 -0.627513 -0.0490548
6 2712 -0.215288 -0.733927
7 2712 -0.312456 -0.722881
6 2713 -0.15051 -0.499745
7 2713 -0.232955 -0.48649
6 2714 -0.383123 -0.234633
7 2714 -0.492068 -0.219168
7 460 -0.954349 -0.773694
7 1066 -1.23407 -1.07195
6 2715 -0.698181 -0.835554
7 2715 -0.760014 -0.826717
6 2716 -0.518568 -0.603581
7 2716 -0.627513 -0.592534
6 2717 0.0556024 -0.901832
7 2717 -0.0503983 -0.892995
6 2718 0.214604 -1.11613
7 2718 0.105658 -1.11171
6 2719 -0.762959 -0.764857
7 2719 -0.857182 -0.75602
6 2720 -0.197622 -0.535093
7 2720 -0.277122 -0.521838
6 2721 -0.336011 -0.3937
7 2721 -0.409623 -0.382654
6 2722 -0.244733 -0.283237
7 2722 -0.330123 -0.267772
6 2723 -0.500901 -0.2744
7 2723 -0.598069 -0.261144
6 2724 -0.471457 -0.764857
7 2724 -0.621625 -0.753811
6 2341 -0.807126 -0.320795
6 2725 -0.297733 -0.495327
7 2725 -0.359567 -0.48428
6 2026 -0.486179 -0.102077
6 2726 -0.280067 -0.146262
7 2726 -0.344845 -0.133007
6 2727 0.0879915 -0.932761
7 2727 -0.0150648 -0.923924
6 2728 -0.78357 -0.358352
7 2728 -0.901349 -0.347306
6 1150 -0.609847 -0.117542
7 2232 -0.359567 -0.148472
6 2729 -0.70407 -0.923924
7 2729 -0.762959 -0.915087
7 2278 -0.45379 -0.261144
6 2730 -0.512679 -0.630092
7 2730 -0.630458 -0.619046
6 2731 -0.548013 -0.0402177
7 2731 -0.639291 -0.0269621
7 899 -0.665791 -0.0269621
7 1259 -0.748237 -0.216959
6 2732 -0.350734 -0.298702
7 2732 -0.442012 -0.285446
6 2733 -0.983794 -0.0954493
7 2733 -1.12513 -0.084403
6 2734 -0.174066 -0.519629
7 2734 -0.253566 -0.506373
6 519 -0.651069 -0.216959
6 2735 -0.280067 -0.488699
7 2735 -0.347789 -0.477652
6 2736 -0.601013 0.105594
7 2736 -0.677569 0.118849
7 861 -0.530346 -0.526256
6 2737 -0.283011 -1.1095
7 2737 -0.338956 -1.10067
6 2738 -1.08685 -0.400328
7 2738 -1.18991 -0.3937
6 2739 -0.135788 -0.51521
7 2739 -0.212344 -0.501954
6 2740 -0.627513 -0.851019
7 2740 -0.689347 -0.842181
6 2741 -0.474401 -0.508582
7 2741 -0.559791 -0.497536
6 2742 -0.709958 -0.577069
7 2742 -0.786515 -0.568232
6 2743 0.0673803 -0.904041
7 2743 -0.035676 -0.895204
6 2027 -0.0386205 -0.839972
6 2744 -0.904293 -0.524047
7 2744 -0.97496 -0.51521
6 2745 -0.306567 -0.632301
7 2745 -0.394901 -0.621255
7 1535 -0.689347 -0.197076
6 2746 -0.144621 -0.495327
7 2746 -0.227066 -0.482071
7 1946 -0.483235 -0.000450882
6 2747 -0.188788 -0.729509
7 2747 -0.283011 -0.718463
6 2748 -0.312456 -1.02997
7 2748 -0.371345 -1.02113
6 1593 -0.377234 -0.596953
7 2328 -0.745292 -0.554977
6 2749 -0.995572 -0.923924
7 2749 -1.06624 -0.915087
6 2750 -0.771792 -0.24347
7 2750 -0.860126 -0.234633
6 2751 -0.48029 -0.753811
7 2751 -0.624569 -0.742764
6 2752 -0.280067 -0.954854
7 2752 -0.353678 -0.946017
6 2753 -0.347789 -0.307539
7 2753 -0.439068 -0.294283
6 2754 0.214604 -1.11392
7 2754 0.105658 -1.1095
6 2755 -0.798292 -0.457769
7 2755 -0.892515 -0.448932
6 2756 -0.365456 0.0636179
7 2756 -0.433179 0.0768734
6 2757 -0.238844 -0.300911
7 2757 -0.330123 -0.287656
6 2758 -0.291844 -0.130798
7 2758 -0.362512 -0.117542
6 2759 -0.436123 0.0945476
7 2759 -0.509735 0.107803
6 2760 -0.218233 -0.705207
7 2760 -0.309511 -0.694161
7 2252 -0.562735 -0.201494
6 2761 -0.356623 -0.219168
7 2761 -0.456735 -0.203703
6 2762 -0.285956 -0.263354
7 2762 -0.377234 -0.247889
6 2763 -0.615736 -0.446723
7 2763 -0.692292 -0.437886
6 2764 -0.751181 -0.289865
7 2764 -0.839515 -0.281028
6 2765 -0.612791 -0.831135
7 2765 -0.677569 -0.822298
6 1505 -0.630458 -0.228005
6 2766 -0.377234 -0.888576
7 2766 -0.450846 -0.879739
6 2767 -0.297733 -0.117542
7 2767 -0.368401 -0.104286
6 2768 -1.26352 -0.336259
7 2768 -1.37246 -0.331841
6 2769 -0.81007 -0.760439
7 2769 -0.877793 -0.751602
7 2216 -0.191733 -0.791368
6 1180 -0.609847 -0.119751
6 814 -0.583346 0.107803
6 2770 -0.553902 -0.54393
7 2770 -0.651069 -0.532884
6 2771 -0.683458 -0.915087
7 2771 -0.742348 -0.90625
6 2772 -0.303622 -0.672068
7 2772 -0.394901 -0.661022
7 1987 -0.621625 -0.0534733
6 2773 -0.59218 -0.0733567
7 2773 -0.680514 -0.0623104
6 2774 -0.309511 -0.638929
7 2774 -0.40079 -0.627883
7 1342 -0.583346 -0.000450882
7 1665 -0.665791 0.0746642
6 1329 -0.486179 -0.0998679
8 2005 -0.45379 -0.654394
8 2590 -0.312456 -0.369398
6 2775 -0.356623 -0.186029
8 2775 -0.489124 -0.177192
8 941 -1.19874 -1.0123
8 2592 -0.253566 -0.81567
8 237 -1.10452 -0.939389
8 2319 -0.624569 -0.482071
8 2006 -0.612791 0.0326881
8 1901 -0.203511 -0.864274
8 1645 -0.606902 0.0835012
6 2776 -0.344845 -0.197076
8 2776 -0.477346 -0.188239
8 2230 -0.615736 -0.0998679
8 1982 -0.642236 -0.347306
8 1641 -1.3018 -0.420212
8 2199 -0.571569 -0.535093
8 715 -0.739403 -0.327422
6 2777 -0.97496 -0.444513
8 2777 -1.12807 -0.453351
6 2778 -0.583346 0.0128047
8 2778 -0.70407 0.0172232
6 2779 -0.960238 -0.890785
8 2779 -1.04268 -0.888576
8 694 -0.624569 -0.0998679
8 293 -1.01618 -0.831135
8 1316 -0.821848 -0.406956
8 2030 -0.774737 -0.228005
8 1627 -0.933738 -0.552768
6 2780 -0.627513 -0.369398
8 2780 -0.774737 -0.371608
8 2612 -0.300678 -0.769276
8 1534 -0.621625 -0.0578918
6 2781 -0.648125 -0.532884
8 2781 -0.792403 -0.537303
8 2619 -0.079843 -0.930552
8 59 -0.639291 -0.199285
6 2393 -0.718792 -0.205913
8 2620 -1.20757 -0.418002
8 1480 -0.64518 -0.283237
6 2782 -0.624569 0.00617691
8 2782 -0.742348 0.00838618
8 2621 -0.324234 -0.778113
6 2783 -0.59218 0.105594
8 2783 -0.70407 0.110012
6 1796 -0.577458 0.0680364
8 2308 -1.03091 -0.81788
6 2784 -0.727625 -0.239052
8 2784 -0.863071 -0.241261
6 2785 -1.06035 -0.404747
8 2785 -1.21641 -0.415793
8 946 -0.627513 -0.174983
6 2786 -0.306567 -0.245679
8 2786 -0.442012 -0.236842
6 2787 -0.291844 -0.161727
8 2787 -0.391956 -0.150681
8 2266 -0.842459 -0.342887
8 2634 -1.13102 -0.462188
8 1594 -0.418456 -0.258935
8 2637 -0.603958 0.0967568
8 2256 -0.969071 -0.473234
8 1805 -0.215288 -0.857646
8 591 -0.621625 -0.0556826
8 2304 -0.75707 -0.252307
8 620 -0.97496 -0.367189
8 1840 -0.324234 -0.415793
8 809 -0.686403 0.136524
6 2788 -0.736459 -0.1551
8 2788 -0.857182 -0.157309
6 1530 -0.59218 0.00838618
8 2290 -0.456735 -0.294283
8 2288 -0.698181 -0.338469
6 2789 -0.0592317 -0.837763
8 2789 -0.212344 -0.848809
6 2790 -0.633402 -0.208122
8 2790 -0.777681 -0.208122
8 2334 -0.86896 -0.201494
6 2791 -0.86896 -0.446723
8 2791 -1.01618 -0.453351
8 1860 -0.156399 -0.890785
8 2316 -0.218233 -0.844391
8 2664 -0.780626 -0.415793
8 423 -1.07213 -0.892995
8 1996 -0.56568 -0.298702
6 2792 -1.18402 -0.402537
8 2792 -1.34302 -0.415793
8 1822 -1.13985 -0.442304
6 2793 -0.035676 -0.833344
8 2793 -0.185844 -0.844391
6 2794 -0.550957 -0.21254
8 2794 -0.707014 -0.210331
6 2795 -0.615736 0.105594
8 2795 -0.718792 0.107803
6 2796 -0.677569 0.00838618
8 2796 -0.780626 0.00838618
8 1490 -0.471457 -0.241261
6 2797 -1.22524 -0.347306
8 2797 -1.38719 -0.362771
8 2244 -0.674625 -0.250098
8 1984 -0.512679 -0.585907
8 2672 -0.969071 -0.780322
6 435 -1.08096 -1.00788
6 2798 -0.874849 -0.429049
8 2798 -1.02207 -0.435676
8 1536 -1.23113 -0.437886
8 2213 -0.524457 0.0525715
6 2799 -0.674625 -0.508582
8 2799 -0.830682 -0.513001
8 2677 -0.771792 -0.254517
6 2800 -0.86896 -0.444513
8 2800 -1.01618 -0.451141
8 285 -0.389012 -0.296493
6 2801 -0.474401 -0.48649
8 2801 -0.56568 -0.48428
8 2685 -0.483235 -0.230215
8 2217 -0.465568 -0.223587
8 2687 -0.433179 -0.245679
6 2802 -0.777681 -0.278818
8 2802 -0.913127 -0.283237
6 2803 -0.568624 -0.400328
8 2803 -0.680514 -0.400328
8 1096 -0.583346 -0.446723
6 2804 -0.197622 -0.420212
8 2804 -0.327178 -0.413584
8 2267 -0.839515 -0.342887
6 2805 -0.59218 -0.318585
8 2805 -0.733514 -0.318585
8 210 -1.09274 -0.919506
8 2694 -0.818904 -0.42463
6 2806 -0.595124 -0.0733567
8 2806 -0.727625 -0.0711474
6 2807 -0.374289 -0.579279
8 2807 -0.500901 -0.579279
6 2808 -0.701125 -0.513001
8 2808 -0.851293 -0.517419
8 256 -0.94846 -0.778113
6 2809 -0.860126 -0.448932
8 2809 -1.05741 -0.457769
8 1985 -0.709958 0.0702457
6 2810 -0.556846 -0.265563
8 2810 -0.695236 -0.263354
6 376 -0.338956 -0.281028
6 999 -0.612791 -0.157309
6 2811 -1.00735 -0.895204
8 2811 -1.08979 -0.892995
6 2812 -1.03385 -0.411374
8 2812 -1.18696 -0.422421
8 976 -0.459679 -0.325213
8 1986 -0.654014 -0.199285
8 2242 -0.813015 -0.563814
8 2298 -0.689347 0.0724549
8 2710 -1.02207 -0.314167
6 2813 -0.577458 0.105594
8 2813 -0.686403 0.110012
8 1945 -0.648125 -0.110914
8 460 -0.972016 -0.782531
6 2814 -1.01029 -0.415793
8 2814 -1.16341 -0.42463
8 1990 -0.698181 -0.221378
8 1331 -1.33713 -0.382654
6 2815 -0.321289 -0.130798
8 2815 -0.430234 -0.119751
6 2816 -0.627513 -0.228005
8 2816 -0.777681 -0.228005
6 2817 -0.412568 -0.566023
8 2817 -0.53918 -0.566023
8 1651 -0.459679 -0.30312
8 2026 -0.624569 -0.0954493
8 2727 -0.0710096 -0.952645
6 2207 -0.336011 -0.228005
8 2307 -1.09863 -0.433467
6 2818 -0.182899 -0.437886
8 2818 -0.309511 -0.431258
6 2819 -0.327178 -0.241261
8 2819 -0.471457 -0.232424
8 2278 -0.500901 -0.267772
8 2221 -0.495013 -0.278818
6 2820 0.102714 -0.926134
8 2820 -0.0474538 -0.943808
6 2821 -0.174066 -0.552768
8 2821 -0.271233 -0.548349
8 2329 -1.08685 -0.873111
6 2040 -1.08979 -1.01671
8 2739 -0.230011 -0.508582
8 966 -0.624569 -0.0976586
8 2279 -1.06035 -0.433467
8 2741 -0.595124 -0.508582
6 2822 -0.344845 -0.285446
8 2822 -0.483235 -0.278818
6 2823 -0.56568 0.0172232
8 2823 -0.683458 0.0216418
8 2027 -0.188788 -0.851019
6 2824 -0.957294 -0.426839
8 2824 -1.10746 -0.435676
8 1946 -0.515624 -0.00266015
6 2825 -0.571569 -0.371608
8 2825 -0.683458 -0.371608
8 2750 -0.898404 -0.247889
6 2826 -0.651069 -0.585907
8 2826 -0.762959 -0.588116
8 2276 -0.78357 0.00617691
6 464 -0.957294 -0.844391
8 1471 -0.739403 -0.042427
8 2228 -1.11041 -0.904041
6 2354 -0.598069 -0.323004
8 1966 -0.815959 -0.0645196
8 2761 -0.503846 -0.210331
6 638 -0.521513 -0.203703
8 975 -0.624569 -0.102077
8 314 -1.07213 -0.890785
6 2827 -1.01618 -0.451141
8 2827 -1.16046 -0.459978
6 2828 -0.294789 -0.18382
8 2828 -0.403734 -0.172774
6 2829 -0.586291 0.0525715
8 2829 -0.701125 0.0569901
8 1197 -0.736459 -0.0777752
8 1939 -0.692292 -0.110914
6 2830 -0.530346 0.136524
8 2830 -0.636347 0.145361
6 2224 -0.330123 -0.250098
6 2831 -0.0445094 -0.857646
8 2831 -0.191733 -0.868693
9 2590 -0.383123 -0.362771
9 2775 -0.568624 -0.168355
9 231 -1.18107 -0.952645
9 2194 -0.374289 -0.791368
9 1477 -1.3548 -0.429049
9 2284 -0.550957 -0.261144
9 816 -0.695236 -0.018125
9 2776 -0.556846 -0.179401
9 434 -1.1958 -0.952645
9 1982 -0.715847 -0.342887
9 1983 -0.586291 0.0503623
9 1641 -1.39013 -0.418002
9 1943 -0.886626 -0.0490548
9 17 -0.709958 -0.24347
9 1498 -1.03679 -0.526256
6 1909 0.0614913 -0.901832
9 1627 -1.00146 -0.550558
9 2275 -1.06035 -0.75602
9 2781 -0.874849 -0.532884
9 2620 -1.29591 -0.415793
6 2832 -0.0768985 -0.844391
9 2832 -0.303622 -0.8466
9 2359 -0.863071 -0.314167
9 1796 -0.768848 0.081292
9 802 -0.751181 0.132105
9 2628 -0.851293 -0.442304
9 1166 -0.474401 -0.234633
6 2833 -0.601013 0.121059
9 2833 -0.774737 0.132105
9 2266 -0.924904 -0.338469
9 2201 -0.394901 -0.435676
6 2834 -0.497957 -0.0159158
9 2834 -0.70407 -0.000450882
9 1482 -0.712903 0.136524
9 2637 -0.680514 0.103385
9 1918 -0.662847 0.140942
6 2835 -0.383123 -0.482071
9 2835 -0.503846 -0.471025
9 1131 -0.815959 -0.0733567
9 896 -0.695236 -0.00486941
6 2836 -1.12218 -0.389282
9 2836 -1.36363 -0.400328
9 620 -1.06624 -0.362771
6 2837 -0.347789 -0.477652
9 2837 -0.468512 -0.468815
9 16 -0.969071 -0.563814
6 2838 -0.141677 -0.577069
9 2838 -0.321289 -0.566023
6 2839 -0.724681 -0.223587
9 2839 -0.939627 -0.221378
9 2288 -0.768848 -0.33405
9 2789 -0.294789 -0.839972
9 1560 -0.771792 -0.422421
9 2652 -0.168177 -0.904041
6 2840 -0.601013 -0.121961
9 2840 -0.818904 -0.113123
9 1928 -0.945516 -0.223587
9 2791 -1.09568 -0.451141
9 2656 -0.686403 -0.0203343
9 508 -0.942571 -0.236842
9 70 -0.70407 -0.208122
9 2658 -1.25174 -1.02776
9 2664 -0.857182 -0.411374
9 1661 -0.792403 0.015014
9 2287 -1.02796 -0.610208
9 1996 -0.648125 -0.292074
9 2793 -0.268289 -0.835554
9 1166 -0.474401 -0.236842
6 1009 -0.548013 -0.21254
9 1565 -1.29885 -0.42463
9 2670 -0.815959 -0.104286
9 2210 -0.889571 -0.362771
6 1207 -0.265344 -0.186029
9 2798 -1.10157 -0.433467
9 2285 -0.321289 -0.802415
6 2841 -0.468512 -0.685324
9 2841 -0.61868 -0.678696
6 2842 -0.601013 -0.402537
9 2842 -0.789459 -0.398119
9 2800 -1.09568 -0.448932
6 2843 -0.609847 -0.261144
9 2843 -0.839515 -0.254517
6 2844 -0.147566 -0.581488
9 2844 -0.318345 -0.570442
9 1876 -0.892515 -0.104286
6 2845 -0.603958 0.121059
9 2845 -0.777681 0.132105
9 613 -0.886626 -0.223587
9 2682 -0.344845 -0.48428
9 2683 -0.792403 -0.568232
9 2688 -0.556846 -0.174983
9 1096 -0.654014 -0.442304
9 1546 -0.583346 0.0393159
9 1179 -0.824793 -0.110914
9 218 -0.960238 -0.689742
6 2846 -0.232955 -0.409165
9 2846 -0.442012 -0.39591
6 2847 -0.998516 -0.881948
9 2847 -1.15163 -0.879739
6 2408 -0.64518 -0.157309
9 2697 -0.259455 -0.839972
6 2848 -0.848348 -0.265563
9 2848 -1.15752 -0.267772
6 2849 -0.297733 -0.128588
9 2849 -0.471457 -0.108705
9 2704 -0.801237 -0.638929
9 2812 -1.2753 -0.420212
6 2850 -0.686403 -0.146262
9 2850 -0.89546 -0.141844
6 2851 0.00849095 -0.862065
9 2851 -0.232955 -0.866483
9 2242 -0.886626 -0.561605
9 2708 -1.26057 -0.431258
9 2298 -0.765903 0.081292
6 2852 -0.612791 -0.444513
9 2852 -0.789459 -0.440095
9 461 -0.989683 -0.267772
9 1945 -0.727625 -0.104286
9 2716 -0.780626 -0.603581
9 1950 -0.871904 -0.0888215
6 2853 -0.285956 -0.245679
9 2853 -0.486179 -0.228005
6 2854 -0.954349 -0.422421
9 2854 -1.19285 -0.429049
9 2728 -1.06918 -0.360561
9 2221 -0.571569 -0.272191
9 1259 -0.883682 -0.223587
6 2855 -0.542124 -0.453351
9 2855 -0.733514 -0.448932
6 2856 -0.377234 -0.0689382
9 2856 -0.686403 -0.0446362
6 2857 0.143936 -0.976947
9 2857 -0.106343 -0.990202
6 1102 -0.577458 0.103385
6 2858 -0.338956 -0.194866
9 2858 -0.548013 -0.177192
6 2859 -0.995572 -0.910669
9 2859 -1.14574 -0.908459
9 2743 -0.17701 -0.910669
6 2860 -0.951405 -0.632301
9 2860 -1.06918 -0.632301
9 2824 -1.19285 -0.433467
6 1194 0.191048 -0.287656
6 2861 0.202826 -1.10508
9 2861 -0.0533428 -1.12718
6 2862 -0.333067 -0.199285
9 2862 -0.53918 -0.181611
6 2863 -0.904293 -0.767066
9 2863 -1.06918 -0.767066
9 1940 -1.25468 -0.429049
6 2864 0.196937 -1.10729
9 2864 -0.0592317 -1.12939
9 1349 -0.495013 -0.298702
6 2865 -0.285956 -0.261144
9 2865 -0.500901 -0.24347
9 1128 -0.792403 0.0746642
9 2276 -0.857182 0.0128047
9 1471 -0.815959 -0.0357991
6 2866 -0.0680651 -0.833344
9 2866 -0.303622 -0.835554
9 2312 -0.754125 0.121059
9 1975 -1.27235 -0.444513
6 2867 -0.59218 0.00617691
9 2867 -0.792403 0.0172232
6 2868 -0.742348 -0.228005
9 2868 -0.951405 -0.225796
6 2869 -0.798292 -0.689742
9 2869 -0.963182 -0.689742
9 2228 -1.18107 -0.904041
9 2354 -0.824793 -0.318585
6 2870 -0.444957 -0.289865
9 2870 -0.680514 -0.278818
9 1953 -0.227066 -0.881948
6 2871 -1.10746 -0.389282
9 2871 -1.3548 -0.400328
6 2872 0.211659 -1.15369
9 2872 -0.0445094 -1.1802
9 2216 -0.324234 -0.802415
6 2873 -0.492068 0.121059
9 2873 -0.668736 0.138733
9 1939 -0.768848 -0.104286
9 2831 -0.274178 -0.859856
10 2595 -0.553902 -0.254517
10 2596 -1.04857 -0.563814
10 1070 -0.677569 -0.517419
6 2874 -0.919015 -0.446723
10 2874 -1.15752 -0.579279
10 1477 -1.36363 -0.563814
10 1644 -0.56568 -0.468815
6 2875 -0.188788 -0.497536
10 2875 -0.374289 -0.599162
10 2295 -0.762959 0.0437345
10 2284 -0.548013 -0.380445
6 2876 -0.609847 -0.54393
10 2876 -0.830682 -0.66544
6 2877 -0.574513 -0.404747
10 2877 -0.765903 -0.508582
6 2878 -0.668736 -0.0733567
10 2878 -0.874849 -0.174983
10 2607 -0.842459 -0.30312
10 854 -1.00735 -0.842181
10 2777 -1.21935 -0.581488
10 1938 -0.668736 0.00175838
10 289 -0.977905 -0.349515
6 2879 -0.751181 -0.285446
10 2879 -0.966127 -0.400328
6 2880 -0.421401 0.0768734
10 2880 -0.606902 -0.00266015
10 2611 -1.34596 -0.550558
10 1272 -0.492068 -0.398119
10 1498 -1.05152 -0.630092
10 1316 -0.904293 -0.517419
10 1654 -0.983794 -0.57486
6 2881 -0.754125 -0.208122
10 2881 -0.966127 -0.318585
10 2613 -1.2223 -0.554977
6 2882 -0.75707 -0.263354
10 2882 -0.97496 -0.378235
10 2617 -0.721736 -0.0490548
6 2883 -0.842459 -0.234633
10 2883 -1.14279 -0.380445
10 2238 -0.824793 -0.51521
10 1480 -0.724681 -0.39591
10 837 -0.786515 -0.042427
10 2782 -0.821848 -0.0888215
10 428 -1.16635 -1.04764
10 1976 -0.827737 -0.263354
10 2359 -0.863071 -0.437886
6 2884 -0.886626 -0.532884
10 2884 -1.06035 -0.641138
10 2624 -0.786515 -0.729509
6 2885 -0.851293 -0.236842
10 2885 -1.15163 -0.382654
10 2308 -1.11629 -0.930552
10 802 -0.762959 0.0326881
6 1205 -0.59218 -0.00486941
10 2631 -0.545068 -0.707416
6 2886 -0.188788 -0.539512
10 2886 -0.356623 -0.63451
6 2887 -0.530346 -0.466606
10 2887 -0.724681 -0.572651
6 2888 -1.03091 -0.418002
10 2888 -1.28118 -0.557186
10 2640 -1.19874 -0.369398
10 591 -0.701125 -0.159518
10 954 -0.736459 -0.376026
10 2641 -0.795348 -0.738346
10 1960 -1.17518 -1.04543
10 2788 -0.951405 -0.265563
10 869 -0.989683 -0.707416
10 2839 -0.942571 -0.336259
10 1530 -0.798292 -0.0866123
10 2648 -0.892515 -0.146262
10 1560 -0.777681 -0.528466
10 2840 -0.821848 -0.228005
6 123 -0.972016 -0.627883
10 2334 -0.954349 -0.309748
6 2889 -0.533291 -0.464397
10 2889 -0.724681 -0.570442
10 2791 -1.10157 -0.57486
6 550 -0.336011 -0.45556
6 2890 -0.656958 -0.121961
10 2890 -0.874849 -0.228005
10 1345 -0.712903 0.00617691
6 2891 -0.848348 -0.694161
10 2891 -1.02502 -0.804624
10 2326 -0.648125 -0.440095
10 2662 -0.75707 -0.767066
10 972 -1.31357 -1.18241
10 1996 -0.642236 -0.413584
10 1822 -1.23113 -0.570442
10 368 -0.356623 -0.63672
6 2892 -0.980849 -0.853228
10 2892 -1.15163 -0.9659
10 1891 -0.562735 -0.0623104
10 2796 -0.86896 -0.0866123
10 2210 -0.886626 -0.48649
10 2798 -1.10746 -0.557186
10 2842 -0.795348 -0.508582
6 2893 -0.238844 -0.506373
10 2893 -0.409623 -0.601371
10 2677 -0.851293 -0.369398
6 2894 -0.92196 -0.842181
10 2894 -1.08979 -0.952645
10 2678 -0.762959 -0.477652
6 2895 -0.374289 0.0658271
10 2895 -0.550957 -0.00928797
10 285 -0.462623 -0.404747
10 2367 -0.718792 -0.380445
6 2896 -0.59218 -0.307539
10 2896 -0.818904 -0.422421
10 2680 -0.963182 -0.314167
10 2682 -0.3419 -0.599162
10 2249 -0.874849 -0.0954493
10 2217 -0.542124 -0.33405
6 2441 -0.70407 -0.0601011
6 2897 -0.683458 -0.00266015
10 2897 -0.874849 -0.0976586
10 1666 -0.860126 -0.199285
10 1151 -0.851293 -0.300911
10 1188 -0.724681 0.0525715
10 2408 -0.866015 -0.265563
6 2898 -0.500901 -0.36498
10 2898 -0.67168 -0.457769
10 376 -0.553902 -0.384863
6 2899 -0.933738 -0.148472
10 2899 -1.25468 -0.300911
6 2900 -0.739403 -0.168355
10 2900 -0.94846 -0.276609
6 2901 -0.648125 -0.477652
10 2901 -0.877793 -0.601371
10 1643 -0.81007 -0.296493
10 2706 -0.412568 -1.19566
10 1084 -0.577458 -0.0578918
10 2291 -0.64518 -0.426839
6 2902 -0.486179 -0.451141
10 2902 -0.659903 -0.548349
10 2298 -0.771792 -0.0225436
10 1608 -0.780626 -0.530675
10 2852 -0.792403 -0.54614
10 1586 -1.25468 -1.11613
10 1179 -0.827737 -0.223587
10 648 -0.960238 -0.398119
10 921 -0.939627 -0.316376
10 2853 -0.486179 -0.340678
6 2903 -0.303622 -0.504164
10 2903 -0.447901 -0.588116
10 2207 -0.559791 -0.331841
6 2904 -0.500901 -0.625673
10 2904 -0.75707 -0.764857
6 2905 -0.877793 -0.630092
10 2905 -1.03974 -0.733927
6 2906 -0.42729 -0.497536
10 2906 -0.559791 -0.577069
10 2040 -1.2488 -1.12718
10 2739 -0.306567 -0.610208
6 2907 -0.580402 -0.504164
10 2907 -0.78357 -0.616836
6 2908 -0.294789 -0.508582
10 2908 -0.439068 -0.592534
10 2858 -0.548013 -0.292074
10 2860 -1.08979 -0.729509
10 2824 -1.19874 -0.561605
6 2909 -0.709958 -0.603581
10 2909 -0.889571 -0.711835
6 2910 -0.56568 -0.510791
10 2910 -0.774737 -0.625673
6 2911 -0.495013 0.121059
10 2911 -0.683458 0.0393159
6 2376 -0.698181 -0.0623104
6 1269 -0.603958 0.0105954
10 1204 -1.04857 -0.729509
6 556 -0.97496 -0.848809
6 1889 -0.712903 -0.117542
6 2912 -0.680514 0.0525715
10 2912 -0.860126 -0.0380084
10 2867 -0.798292 -0.0888215
10 2756 -0.536235 -0.00928797
10 2314 -0.960238 -0.457769
10 2354 -0.824793 -0.437886
6 2913 -0.147566 -0.537303
10 2913 -0.321289 -0.63451
6 2914 -0.883682 -0.899622
10 2914 -1.12807 -1.04543
10 2306 -1.11335 -0.7273
10 2331 -0.642236 -0.433467
6 2915 -0.839515 -0.554977
10 2915 -0.992627 -0.654394
6 2916 -0.86896 -0.526256
10 2916 -1.03385 -0.630092
10 2243 -0.863071 -0.526256
10 1667 -0.89546 -0.373817
6 2917 -1.12807 -1.0366
10 2917 -1.28118 -1.14485
10 372 -1.29591 -1.14264
6 2918 -0.418456 0.0260603
10 2918 -0.609847 -0.0578918
6 2919 -0.253566 -0.683114
11 2919 -0.359567 -0.811252
6 2920 0.090936 -0.904041
11 2920 -0.00623138 -1.05869
11 2775 -0.471457 -0.281028
6 2466 0.132159 -0.979156
11 2595 -0.459679 -0.250098
11 1070 -0.598069 -0.517419
11 2300 -0.394901 -0.806833
11 1336 -0.818904 -0.678696
11 1901 -0.153455 -0.99683
6 2921 -0.801237 -0.539512
11 2921 -0.898404 -0.643347
11 2601 -0.668736 -0.859856
11 217 -0.609847 -0.358352
11 1645 -0.606902 -0.000450882
11 2876 -0.736459 -0.672068
11 2230 -0.598069 -0.199285
11 2603 -0.609847 -0.0446362
11 1983 -0.509735 -0.042427
6 2922 -0.718792 -0.00928797
11 2922 -0.827737 -0.0888215
11 2777 -1.13396 -0.588116
6 2923 -0.250622 -0.234633
11 2923 -0.336011 -0.311957
6 2924 -0.889571 -0.278818
11 2924 -1.07507 -0.426839
11 289 -0.898404 -0.349515
11 2222 -0.904293 -0.287656
6 2447 -0.768848 -0.163937
11 694 -0.612791 -0.203703
11 1316 -0.821848 -0.519629
6 2925 -0.3419 -0.294283
11 2925 -0.45379 -0.39591
11 2780 -0.760014 -0.488699
11 2613 -1.13691 -0.559395
11 1165 -0.83657 -0.738346
11 1534 -0.609847 -0.1551
6 2071 -0.418456 -0.192657
6 2463 -0.630458 -0.0954493
6 1385 -0.910182 -0.811252
11 1196 -0.727625 -0.139635
11 2617 -0.636347 -0.0380084
11 1853 -0.562735 -0.203703
6 2926 -0.739403 -0.519629
11 2926 -0.874849 -0.652185
11 2245 -0.815959 -0.490908
6 2927 -0.75707 -0.495327
11 2927 -0.898404 -0.630092
11 837 -0.707014 -0.0313806
11 2782 -0.748237 -0.0799845
6 2357 -0.659903 -0.30312
11 1976 -0.736459 -0.258935
6 2474 -0.765903 -0.1551
11 2623 -0.668736 -0.890785
11 2624 -0.677569 -0.740555
11 130 -0.651069 -0.216959
11 946 -0.609847 -0.283237
6 2928 -0.633402 0.0790827
11 2928 -0.751181 0.00175838
11 1551 -0.459679 -0.376026
11 2631 -0.450846 -0.711835
11 313 -0.548013 -0.309748
11 2266 -0.827737 -0.466606
11 2887 -0.639291 -0.57486
11 1482 -0.64518 0.0503623
6 595 -1.68458 -0.495327
11 2638 -0.550957 -0.179401
11 591 -0.609847 -0.15289
6 2929 -0.654014 -0.592534
11 2929 -0.768848 -0.714044
11 2641 -0.686403 -0.749392
11 1840 -0.297733 -0.528466
11 782 -1.10452 -1.0366
6 2930 -0.336011 -0.477652
11 2930 -0.409623 -0.559395
11 234 -0.821848 -0.736137
6 2931 0.564995 -0.245679
11 2931 0.564995 -0.254517
11 1560 -0.701125 -0.530675
6 2932 -0.265344 -0.331841
11 2932 -0.371345 -0.433467
11 2840 -0.73057 -0.221378
11 2791 -1.01324 -0.579279
11 2208 -0.857182 -0.232424
6 2933 0.0320467 -0.890785
11 2933 -0.0651206 -1.03881
6 2934 -0.265344 -0.674277
11 2934 -0.371345 -0.800205
6 2935 -0.129899 -0.599162
11 2935 -0.212344 -0.700788
6 2936 -0.291844 -0.482071
11 2936 -0.3419 -0.541721
11 2664 -0.777681 -0.526256
6 2937 -0.574513 -0.552768
11 2937 -0.707014 -0.687533
6 2938 -0.147566 -0.539512
11 2938 -0.230011 -0.63672
11 2296 -0.515624 -0.051264
6 2939 -0.833626 -0.342887
11 2939 -1.00735 -0.488699
11 2793 -0.135788 -0.976947
11 2668 -0.989683 -0.603581
11 2669 -0.707014 -0.689742
11 1565 -1.2223 -0.563814
6 2940 -0.232955 -0.311957
11 2940 -0.333067 -0.406956
11 2210 -0.789459 -0.488699
11 1543 -1.23702 -0.579279
11 1536 -1.23996 -0.577069
11 2842 -0.712903 -0.508582
11 2799 -0.813015 -0.643347
11 1344 -0.751181 -0.261144
11 2895 -0.471457 0.00175838
11 2843 -0.742348 -0.373817
11 1080 -1.71108 -0.563814
11 1183 -0.804181 -0.0910308
11 2680 -0.880737 -0.309748
11 2683 -0.680514 -0.707416
11 2685 -0.456735 -0.342887
11 1353 -1.17224 -1.0852
6 2941 -0.830682 -0.451141
11 2941 -0.963182 -0.577069
11 2217 -0.442012 -0.331841
11 2688 -0.459679 -0.287656
11 2804 -0.300678 -0.526256
6 243 -0.930793 -0.862065
11 2806 -0.724681 -0.168355
11 2898 -0.598069 -0.457769
11 1817 -0.701125 -0.0313806
6 2942 -0.495013 0.127687
11 2942 -0.606902 0.0614086
11 2702 -0.939627 -0.976947
11 2703 -0.70407 -0.422421
11 2850 -0.815959 -0.247889
11 1105 -0.718792 -0.0910308
6 2943 -0.712903 -0.60579
11 2943 -0.818904 -0.720672
11 2263 -0.92196 -0.758229
6 413 -1.07507 -0.994621
11 2257 -0.433179 -0.39591
11 2707 -0.668736 -0.873111
11 1084 -0.495013 -0.0468455
11 796 -1.72874 -0.566023
6 2944 -0.156399 -0.581488
11 2944 -0.238844 -0.680905
6 2945 -0.863071 -0.532884
11 2945 -0.963182 -0.638929
11 2205 -0.347789 -0.592534
6 2445 -0.751181 -0.404747
11 2813 -0.695236 0.0304788
6 2946 -0.230011 -0.510791
11 2946 -0.3154 -0.60579
11 2711 -0.662847 -0.1551
6 2947 -0.268289 -0.672068
11 2947 -0.374289 -0.797996
6 2948 -0.497957 -0.0976586
11 2948 -0.624569 -0.192657
6 2949 -0.215288 -0.714044
11 2949 -0.321289 -0.844391
6 2950 -0.739403 -0.199285
11 2950 -0.86896 -0.30533
6 2951 -0.50679 -0.601371
11 2951 -0.64518 -0.744974
6 2952 -0.889571 -0.90625
11 2952 -1.03679 -1.07195
6 2953 -0.436123 -0.497536
11 2953 -0.503846 -0.57486
6 2954 -0.209399 -0.42463
11 2954 -0.312456 -0.530675
6 2955 -0.798292 -0.738346
11 2955 -0.898404 -0.855437
11 2815 -0.424345 -0.21254
11 2206 -0.462623 -0.345096
11 1150 -0.739403 -0.216959
11 2818 -0.283011 -0.54393
6 2956 -0.397845 -0.166146
11 2956 -0.550957 -0.287656
11 2221 -0.471457 -0.389282
11 2730 -0.659903 -0.784741
11 1659 -0.321289 -0.607999
6 2957 -0.686403 -0.00928797
11 2957 -0.804181 -0.0932401
6 559 -0.857182 -0.782531
6 2958 -0.73057 -0.135216
11 2958 -0.857182 -0.234633
6 2959 -0.459679 -0.440095
11 2959 -0.533291 -0.519629
6 2960 -0.866015 -0.718463
11 2960 -0.972016 -0.839972
6 2472 -0.247678 -0.440095
11 2207 -0.45379 -0.329632
11 2746 -0.2359 -0.596953
11 2909 -0.813015 -0.716253
6 2961 -0.774737 -0.714044
11 2961 -0.871904 -0.826717
6 2962 -0.75707 -0.115333
11 2962 -0.871904 -0.205913
6 2963 -0.162288 -0.479862
11 2963 -0.256511 -0.583697
6 2964 -0.0680651 -0.813461
11 2964 -0.171121 -0.954854
11 930 -0.259455 -0.649975
11 2749 -1.09274 -1.04764
11 2863 -1.01029 -0.890785
11 2246 -0.97496 -0.912878
6 2965 -0.821848 -0.833344
11 2965 -0.954349 -0.983574
6 2966 -0.813015 -0.813461
11 2966 -0.945516 -0.961482
6 2967 0.553217 -0.247889
11 2967 0.553217 -0.256726
6 2968 -0.462623 -0.612418
11 2968 -0.550957 -0.714044
11 2756 -0.459679 0.00175838
11 2868 -0.874849 -0.338469
6 2969 -0.2359 -0.276609
11 2969 -0.321289 -0.356143
6 2970 -0.765903 -0.557186
11 2970 -0.883682 -0.678696
6 2971 0.547328 -0.247889
11 2971 0.547328 -0.256726
11 1966 -0.827737 -0.1551
6 2972 -0.70407 -0.656603
11 2972 -0.807126 -0.771485
11 638 -0.654014 -0.311957
11 975 -0.612791 -0.205913
6 2973 -0.854237 -0.870902
11 2973 -0.998516 -1.03218
11 2914 -1.02796 -1.06311
11 2277 0.479605 -0.265563
6 2974 -0.521513 -0.614627
11 2974 -0.665791 -0.764857
6 2975 0.0320467 -0.892995
11 2975 -0.0651206 -1.04102
11 2828 -0.394901 -0.267772
6 2976 -0.439068 -0.700788
11 2976 -0.524457 -0.804624
6 2977 -0.754125 -0.084403
11 2977 -0.860126 -0.168355
11 2873 -0.601013 0.0525715
6 461 -0.774737 -0.267772
6 2978 -0.492068 0.0326881
11 2978 -0.609847 -0.0468455
6 2979 -0.483235 -0.649975
11 2979 -0.624569 -0.802415
6 2980 -0.748237 -0.0755659
11 2980 -0.857182 -0.159518
11 1987 -0.656958 -0.159518
11 2773 -0.718792 -0.168355
6 184 -0.727625 -0.621255
11 1342 -0.61868 -0.0998679
6 2981 -0.147566 -0.760439
12 2981 -0.0710096 -0.8466
6 2982 -0.0032869 -0.857646
12 2982 0.0879915 -0.954854
12 2920 0.188103 -1.00346
12 231 -0.992627 -1.05206
12 2594 0.320604 -1.21555
6 2983 -0.692292 -0.8466
12 2983 -0.642236 -0.917297
12 2194 -0.0621762 -0.884158
12 2596 -0.760014 -0.521838
12 2597 -0.106343 -0.851019
12 1926 -0.89546 -0.9659
12 1644 -0.336011 -0.429049
6 2984 -0.651069 -0.769276
12 2984 -0.601013 -0.844391
6 2985 -0.686403 -0.811252
12 2985 -0.636347 -0.892995
12 2599 -0.59218 -0.828926
6 2986 -0.447901 -0.769276
12 2986 -0.371345 -0.921715
6 2987 -0.377234 -0.042427
12 2987 -0.333067 -0.084403
12 217 -0.433179 -0.314167
6 2988 -0.845404 -0.269981
12 2988 -0.818904 -0.369398
6 2989 0.20577 -1.08078
12 2989 0.311771 -1.18462
12 1937 -0.179955 -0.793578
12 1657 -0.359567 -0.0137065
12 2604 -0.603958 -0.868693
6 2990 -0.0827875 -0.804624
12 2990 0.00260199 -0.899622
12 394 -0.972016 -0.976947
12 2924 -0.866015 -0.376026
12 2609 -0.583346 -0.943808
12 289 -0.733514 -0.30533
12 2880 -0.386067 0.048153
12 1272 -0.230011 -0.356143
12 2447 -0.742348 -0.223587
12 2779 -0.916071 -0.981365
6 2991 -0.633402 -0.731718
12 2991 -0.583346 -0.806833
12 2030 -0.586291 -0.298702
12 1065 -0.742348 -0.638929
12 2881 -0.724681 -0.2744
12 1589 -0.742348 -0.404747
6 2992 -0.807126 -0.210331
12 2992 -0.780626 -0.272191
12 2275 -0.854237 -0.844391
12 1196 -0.568624 -0.0976586
6 2993 -0.45379 -0.141844
12 2993 -0.409623 -0.197076
6 2994 -0.727625 -0.0203343
12 2994 -0.70407 -0.0645196
12 2782 -0.595124 -0.0402177
12 2357 -0.621625 -0.376026
6 2995 -0.574513 -0.740555
12 2995 -0.521513 -0.81788
6 2996 0.135103 -0.948226
12 2996 0.241104 -1.05869
6 2997 -0.556846 0.0172232
12 2997 -0.524457 -0.0269621
12 1796 -0.548013 0.0304788
6 2998 -0.665791 -0.12417
12 2998 -0.633402 -0.18382
12 2784 -0.695236 -0.309748
6 2502 -0.268289 -0.327422
12 1166 -0.212344 -0.30533
12 1243 -0.56568 -0.0976586
12 2887 -0.483235 -0.535093
12 2201 -0.12401 -0.513001
12 1594 -0.227066 -0.323004
12 1918 -0.450846 0.0923383
12 1491 -0.854237 -0.557186
12 1805 0.0173243 -0.941598
12 756 -0.456735 -0.108705
6 2999 -0.656958 -0.645557
12 2999 -0.609847 -0.7273
12 2638 -0.386067 -0.139635
6 3000 -0.686403 -0.599162
12 3000 -0.642236 -0.672068
6 3001 -0.715847 -0.974737
12 3001 -0.662847 -1.04322
12 2320 -0.403734 -0.113123
6 3002 -0.686403 -0.917297
12 3002 -0.633402 -0.990202
6 3003 -0.807126 -0.360561
12 3003 -0.774737 -0.459978
6 3004 -0.830682 -0.42463
12 3004 -0.798292 -0.510791
12 2647 -0.636347 -1.00788
6 3005 -0.871904 -0.420212
12 3005 -0.842459 -0.506373
12 809 -0.556846 0.101175
6 842 -0.972016 -0.90625
6 3006 0.0762137 -0.919506
12 3006 0.173381 -1.02113
6 3007 -0.718792 -0.994621
12 3007 -0.665791 -1.06311
6 3008 -0.627513 -0.853228
12 3008 -0.574513 -0.926134
6 3009 -0.477346 -0.566023
12 3009 -0.42729 -0.632301
12 869 -0.804181 -0.676486
12 1951 -0.0710096 -0.619046
12 2789 0.0261577 -0.932761
12 1823 -0.674625 -0.21254
12 2932 -0.206455 -0.391491
6 3010 -0.754125 -0.769276
12 3010 -0.707014 -0.868693
6 3011 0.00554647 -0.862065
12 3011 0.0968249 -0.959273
12 2273 -0.197622 -0.517419
6 3012 -0.232955 -0.362771
12 3012 -0.174066 -0.418002
6 3013 -0.218233 -0.733927
12 3013 -0.144621 -0.822298
6 3014 -0.680514 -0.970319
12 3014 -0.624569 -1.04102
12 2840 -0.56568 -0.179401
12 2889 -0.486179 -0.532884
6 3015 -0.244733 -0.683114
12 3015 -0.174066 -0.767066
12 1345 -0.486179 0.0591993
12 2658 -1.06918 -1.1338
12 2933 0.123325 -0.985784
6 3016 -0.995572 -0.431258
12 3016 -0.972016 -0.524047
6 3017 -0.624569 -0.0490548
12 3017 -0.595124 -0.0998679
12 2663 -0.333067 -0.318585
6 3018 -0.424345 -0.610208
12 3018 -0.368401 -0.680905
6 2104 -0.621625 -0.448932
12 1954 -0.866015 -0.490908
12 2796 -0.651069 -0.0357991
12 1166 -0.212344 -0.307539
12 1956 -1.01029 -1.06974
12 1984 -0.321289 -0.661022
6 3019 -0.709958 -0.943808
12 3019 -0.656958 -1.0145
6 3020 -0.409623 -0.541721
12 3020 -0.353678 -0.612418
6 3021 -0.545068 -0.113123
12 3021 -0.50679 -0.168355
6 3022 -0.0474538 -0.826717
12 3022 0.0379356 -0.919506
12 1344 -0.583346 -0.219168
6 3023 -0.12401 -0.81788
12 3023 -0.0445094 -0.908459
6 3024 -0.330123 0.0459437
12 3024 -0.271233 -0.0114972
6 3025 -0.389012 -0.0269621
12 3025 -0.347789 -0.0645196
6 3026 -0.2624 -0.389282
12 3026 -0.206455 -0.444513
12 2683 -0.492068 -0.661022
6 3027 -0.780626 -0.157309
12 3027 -0.754125 -0.21475
6 3028 -0.3154 -0.493117
12 3028 -0.265344 -0.539512
12 2691 -0.312456 -0.325213
6 3029 -0.845404 -0.859856
12 3029 -0.798292 -0.974737
12 1666 -0.606902 -0.150681
6 3030 0.04088 -0.895204
12 3030 0.135103 -0.994621
12 824 -0.468512 -0.190448
6 3031 -0.857182 -0.873111
12 3031 -0.81007 -0.990202
12 2846 -0.171121 -0.473234
12 2847 -0.957294 -0.976947
12 1188 -0.503846 0.107803
6 3032 -0.886626 -0.345096
12 3032 -0.860126 -0.420212
6 3033 -0.633402 -0.881948
12 3033 -0.580402 -0.954854
12 2809 -0.827737 -0.537303
12 2898 -0.456735 -0.420212
6 3034 -0.45379 -0.435676
12 3034 -0.409623 -0.479862
12 2702 -0.754125 -0.932761
6 3035 -0.380178 -0.572651
12 3035 -0.321289 -0.647766
12 435 -1.06329 -1.12939
12 2200 -0.568624 -0.0866123
6 3036 -0.830682 -0.437886
12 3036 -0.798292 -0.524047
12 1785 0.155714 -0.981365
6 3037 -0.727625 -0.018125
12 3037 -0.70407 -0.0623104
12 2234 0.0114354 -0.930552
12 2945 -0.827737 -0.603581
12 1586 -1.05152 -1.10067
12 2710 -0.789459 -0.404747
6 3038 -0.689347 -0.842181
12 3038 -0.639291 -0.917297
12 2325 0.0732692 -0.9659
12 2947 -0.200566 -0.753811
6 3039 -0.939627 -0.795787
12 3039 -0.898404 -0.884158
6 3040 -0.683458 -0.917297
12 3040 -0.630458 -0.990202
12 648 -0.715847 -0.356143
6 3041 -0.662847 -0.705207
12 3041 -0.615736 -0.780322
6 3042 -0.860126 -0.714044
12 3042 -0.818904 -0.797996
6 3043 -0.689347 -0.557186
12 3043 -0.64518 -0.641138
6 2509 -0.830682 -0.844391
12 2727 0.188103 -1.0366
12 1150 -0.574513 -0.174983
12 1099 -1.11629 -1.15148
6 3044 -0.774737 -0.791368
12 3044 -0.727625 -0.897413
12 2278 -0.309511 -0.336259
12 2221 -0.303622 -0.345096
6 3045 -0.530346 -0.559395
12 3045 -0.477346 -0.647766
12 2957 -0.659903 -0.0556826
12 2329 -0.966127 -0.96811
12 2743 0.164548 -1.00567
6 3046 -0.789459 -0.722881
12 3046 -0.745292 -0.802415
12 2272 -0.583346 -0.475443
6 3047 -0.954349 -0.619046
12 3047 -0.919015 -0.687533
6 3048 -0.760014 -0.497536
12 3048 -0.721736 -0.588116
12 507 -1.10157 -1.15148
6 3049 -0.695236 -0.862065
12 3049 -0.64518 -0.934971
12 2749 -0.951405 -1.0145
12 392 -0.174066 -0.448932
6 918 -0.477346 -0.018125
6 3050 -0.283011 -0.431258
12 3050 -0.230011 -0.479862
12 2965 -0.774737 -0.943808
12 1924 -0.64518 0.0503623
6 3051 -0.866015 -0.707416
12 3051 -0.824793 -0.791368
12 1966 -0.677569 -0.115333
12 2870 -0.394901 -0.356143
6 3052 -0.477346 -0.753811
12 3052 -0.406679 -0.890785
6 3053 -0.683458 -0.791368
12 3053 -0.633402 -0.866483
6 3054 -1.08096 -1.00125
12 3054 -1.03679 -1.09846
12 2306 -0.939627 -0.698579
6 3055 -1.09568 -1.00125
12 3055 -1.05152 -1.09846
6 3056 -0.550957 -0.318585
12 3056 -0.509735 -0.376026
12 1180 -0.574513 -0.177192
6 3057 -0.771792 -0.789159
12 3057 -0.724681 -0.892995
12 2229 -0.530346 -0.42463
6 3058 -0.748237 -0.700788
12 3058 -0.70407 -0.775903
6 2443 -0.845404 -0.539512
12 2978 -0.456735 -0.00707871
6 2095 -0.433179 0.015014
12 2773 -0.559791 -0.126379
6 3059 -0.807126 -0.457769
12 3059 -0.771792 -0.539512
6 3060 -0.200566 -0.490908
12 3060 -0.144621 -0.54393
6 3061 -0.680514 -0.979156
12 3061 -0.624569 -1.04985
12 2918 -0.380178 -0.00928797
6 1856 -0.550957 -0.084403
13 2981 0.0232133 -0.824507
13 1071 -0.910182 -0.63451
6 3062 0.364771 -0.267772
13 3062 0.429549 -0.285446
13 2194 0.0349911 -0.857646
6 1153 -0.883682 -0.60579
13 2597 -0.00917586 -0.824507
13 1070 -0.368401 -0.45556
6 3063 -0.877793 -0.33405
13 3063 -0.751181 -0.362771
13 2875 -0.0386205 -0.54393
6 3064 -0.280067 -1.12497
13 3064 -0.174066 -1.16032
13 2601 -0.300678 -0.767066
13 2602 0.0349911 -0.641138
6 3065 -0.386067 -0.0976586
13 3065 -0.174066 -0.148472
13 260 -0.727625 -0.813461
13 2877 -0.436123 -0.442304
13 502 0.299993 -1.0123
13 2253 -0.0150648 -0.513001
13 715 -0.436123 -0.369398
6 1082 -0.42729 -0.0733567
13 2607 -0.45379 -0.230215
13 2608 -0.3154 0.0105954
13 2195 0.338271 -1.04764
13 1938 -0.330123 0.0680364
13 17 -0.283011 -0.300911
6 3066 -0.863071 -0.356143
13 3066 -0.736459 -0.387073
6 3067 -0.751181 -0.402537
13 3067 -0.574513 -0.457769
6 3068 -0.439068 0.105594
13 3068 -0.300678 0.090129
6 3069 -0.283011 -1.11171
13 3069 -0.17701 -1.14706
13 2925 -0.17701 -0.338469
6 3070 0.347104 -0.269981
13 3070 0.414827 -0.287656
13 2613 -0.827737 -0.466606
13 597 -0.238844 -0.0556826
6 2423 0.0879915 -0.930552
13 2283 -0.318345 -0.57486
13 2463 -0.477346 -0.12417
13 2275 -0.771792 -0.800205
13 1853 -0.285956 -0.141844
13 2274 -0.374289 0.127687
13 1480 -0.338956 -0.327422
13 2832 0.0968249 -0.910669
13 2357 -0.503846 -0.342887
6 3071 -0.42729 -0.177192
13 3071 -0.230011 -0.228005
13 2321 -0.550957 -0.402537
13 2359 -0.465568 -0.362771
6 3072 -0.674625 -0.881948
13 3072 -0.562735 -0.919506
13 2474 -0.630458 -0.179401
13 2622 -0.533291 -0.844391
13 1796 -0.433179 0.0503623
13 2308 -0.821848 -0.862065
13 802 -0.433179 0.105594
13 2369 -0.0121203 -0.521838
6 2538 -0.179955 -1.0609
6 1234 -0.721736 -0.676486
13 1819 -0.586291 -0.1551
13 2266 -0.518568 -0.387073
13 2637 -0.347789 0.0680364
6 3073 -0.442012 -0.201494
13 3073 -0.250622 -0.250098
13 1249 -0.486179 -0.698579
6 3074 -0.283011 -0.223587
13 3074 -0.129899 -0.261144
6 3075 -0.562735 -0.532884
13 3075 -0.403734 -0.583697
6 3076 -0.318345 -0.0534733
13 3076 -0.179955 -0.0777752
6 3077 -0.0592317 -0.81788
13 3077 0.117436 -0.886367
13 2643 -0.200566 -0.526256
6 3078 -0.0533428 -0.822298
13 3078 0.123325 -0.890785
6 2123 -0.889571 -0.371608
6 3079 -0.274178 -0.228005
13 3079 -0.12401 -0.263354
13 1979 -0.171121 -0.54393
6 1612 -0.168177 -0.54393
6 3080 -0.3419 -0.813461
13 3080 -0.00623138 -0.961482
13 2932 -0.100454 -0.378235
13 2651 -0.318345 -0.709625
6 3081 -0.736459 -0.241261
13 3081 -0.586291 -0.276609
6 3082 -0.356623 -0.451141
13 3082 -0.2359 -0.482071
13 3013 -0.0474538 -0.795787
13 2280 0.0997694 -0.87753
6 3083 -0.403734 -0.205913
13 3083 -0.209399 -0.256726
13 2654 -0.300678 -0.247889
13 1345 -0.374289 0.0746642
13 1860 0.164548 -0.946017
6 2162 -0.280067 -1.12718
13 2659 0.00849095 -0.554977
13 2891 -0.721736 -0.736137
13 2660 -0.271233 -0.820089
13 2934 -0.100454 -0.731718
6 3084 -0.168177 -0.524047
13 3084 -0.0209537 -0.570442
13 859 -0.318345 0.0636179
13 2935 0.0143798 -0.645557
13 1137 -0.412568 0.0525715
6 3085 -0.403734 -0.0998679
13 3085 -0.244733 -0.133007
13 1615 -0.165232 -0.539512
13 2664 -0.515624 -0.453351
6 3086 -0.17701 -1.0609
13 3086 -0.0474538 -1.1095
13 1822 -0.827737 -0.482071
13 2296 -0.2624 0.00175838
13 1941 -0.0975098 -0.778113
13 1891 -0.232955 -0.00486941
6 3087 -0.845404 -0.541721
13 3087 -0.736459 -0.570442
6 3088 -0.394901 -0.018125
13 3088 -0.244733 -0.0446362
13 1166 -0.109288 -0.294283
6 3089 -0.771792 -0.347306
13 3089 -0.59218 -0.400328
6 3090 -0.471457 -0.236842
13 3090 -0.291844 -0.283237
13 2313 -0.742348 -0.3937
13 2210 -0.489124 -0.411374
13 3019 -0.606902 -0.976947
13 2285 0.0850471 -0.868693
13 2676 0.0879915 -0.901832
13 1973 -0.0886764 -0.795787
13 2318 -0.2624 -0.0380084
13 2224 -0.159344 -0.292074
13 3025 -0.238844 -0.0534733
13 1961 0.0320467 -0.831135
13 2896 -0.433179 -0.349515
13 2682 0.00260199 -0.54614
13 2683 -0.371345 -0.627883
6 3091 -0.436123 0.103385
13 3091 -0.297733 0.0879198
13 2249 -0.548013 -0.018125
6 1741 -0.612791 -0.738346
13 1888 -0.409623 -0.835554
6 3092 -0.383123 0.090129
13 3092 -0.247678 0.0746642
6 3093 -0.765903 -0.482071
13 3093 -0.662847 -0.506373
13 2805 -0.433179 -0.360561
13 3030 0.223437 -0.96811
13 2694 -0.548013 -0.462188
13 2299 -0.548013 -0.612418
13 2808 -0.542124 -0.563814
13 2696 -0.280067 0.0569901
13 1603 -0.271233 -0.256726
6 1813 -0.654014 -0.804624
13 1876 -0.536235 -0.135216
6 3094 -0.42729 -0.57486
13 3094 -0.280067 -0.621255
13 2697 0.149825 -0.90625
6 3095 -0.845404 -0.616836
13 3095 -0.739403 -0.645557
6 3096 -0.377234 -0.258935
13 3096 -0.194677 -0.307539
6 3097 -0.383123 -0.256726
13 3097 -0.200566 -0.30533
13 2942 -0.356623 0.114431
13 2901 -0.509735 -0.517419
13 2257 -0.162288 -0.336259
13 2707 -0.294789 -0.778113
13 2291 -0.265344 -0.362771
13 1785 0.255826 -0.961482
13 2234 0.102714 -0.904041
6 3098 -0.294789 -1.07857
13 3098 -0.188788 -1.11392
13 2944 -0.0121203 -0.627883
13 2945 -0.745292 -0.566023
13 2710 -0.630458 -0.362771
6 3099 -1.45196 -0.0910308
13 3099 -1.29885 -0.12417
6 3100 -0.877793 -0.404747
13 3100 -0.751181 -0.437886
13 1990 -0.368401 -0.265563
6 577 0.143936 -0.974737
13 1968 0.0261577 -0.649975
13 2196 -0.2624 0.0503623
6 1630 -0.182899 -0.550558
13 2341 -0.621625 -0.376026
13 2954 -0.0445094 -0.475443
6 3101 -0.489124 -0.731718
13 3101 -0.268289 -0.820089
6 3102 -0.218233 -0.459978
13 3102 -0.0975098 -0.493117
6 3103 -0.748237 -0.45556
13 3103 -0.577458 -0.508582
13 1651 -0.174066 -0.351724
6 2118 -0.3154 -0.347306
13 2278 -0.194677 -0.318585
6 3104 -0.871904 -0.2744
13 3104 -0.680514 -0.329632
6 3105 -0.377234 -0.24347
13 3105 -0.191733 -0.292074
6 3106 -0.283011 -1.11392
13 3106 -0.17701 -1.14927
13 1958 -0.171121 -0.541721
13 2958 -0.589235 -0.161727
13 1628 -0.362512 0.107803
13 2248 -0.203511 -0.638929
6 3107 -0.121066 -0.599162
13 3107 0.0261577 -0.647766
6 3108 -0.389012 -0.561605
13 3108 -0.2359 -0.610208
13 2908 -0.174066 -0.541721
6 3109 -0.577458 0.112222
13 3109 -0.439068 0.0989661
13 2824 -0.801237 -0.475443
13 3046 -0.668736 -0.762648
13 2746 0.0114354 -0.54393
13 1624 -0.244733 -0.0932401
13 2333 -0.571569 -0.462188
6 3110 -0.374289 -0.258935
13 3110 -0.191733 -0.307539
6 3111 -0.179955 -0.51521
13 3111 -0.0327316 -0.561605
13 506 0.288215 -1.01671
13 1204 -0.804181 -0.661022
6 3112 -0.777681 -0.342887
13 3112 -0.598069 -0.39591
6 3113 -0.709958 -0.15289
13 3113 -0.562735 -0.181611
6 3114 -0.303622 -1.05648
13 3114 -0.194677 -1.09404
6 206 -1.08685 -0.972528
6 3115 -0.174066 -1.06311
13 3115 -0.0445094 -1.11171
13 2966 -0.656958 -0.87532
13 590 -0.377234 0.110012
13 1471 -0.456735 -0.0711474
13 2756 -0.227066 0.0459437
6 3116 -0.338956 -0.789159
13 3116 0.00849095 -0.941598
13 1924 -0.53918 0.0746642
6 3117 -0.954349 -0.426839
13 3117 -0.798292 -0.475443
13 2314 -0.553902 -0.380445
13 2239 -0.998516 -1.04764
6 632 -0.512679 -0.464397
6 3118 -0.0886764 -0.824507
13 3118 0.0879915 -0.892995
6 3119 -1.43135 -0.139635
13 3119 -1.2753 -0.177192
13 3052 -0.250622 -0.8466
13 1953 0.185159 -0.948226
6 3120 0.132159 -0.292074
13 3120 0.196937 -0.30533
13 2974 -0.336011 -0.680905
6 1219 -0.492068 -0.42463
6 3121 -0.368401 -0.373817
13 3121 -0.232955 -0.409165
13 1992 -0.126954 -0.356143
6 3122 -0.409623 0.090129
13 3122 -0.271233 0.0746642
13 2226 -0.512679 -0.530675
6 2139 -0.391956 -0.627883
6 3123 -0.701125 -0.33405
13 3123 -0.536235 -0.380445
6 3124 -0.648125 -0.309748
13 3124 -0.492068 -0.349515
6 3125 -0.283011 -0.281028
13 3125 -0.118121 -0.325213
6 3126 -0.695236 -0.835554
13 3126 -0.583346 -0.873111
6 2140 -0.280067 -1.12276
13 2772 -0.144621 -0.7273
6 3127 -1.4343 -0.135216
13 3127 -1.2753 -0.174983
6 3128 -0.630458 -0.276609
13 3128 -0.462623 -0.320795
13 399 -0.524457 0.081292
6 3129 -1.39307 -0.228005
13 3129 -1.23113 -0.2744
13 2831 0.132159 -0.926134
14 1071 -0.798292 -0.577069
14 2884 -0.642236 -0.51521
14 1594 0.0467691 -0.311957
14 30 -0.356623 0.0614086
6 3130 -0.839515 -0.594744
14 3130 -0.612791 -0.579279
14 809 -0.256511 0.136524
14 2330 -0.612791 -0.382654
14 2287 -0.668736 -0.590325
14 1996 -0.0592317 -0.342887
6 2171 -0.106343 -0.791368
14 1310 -0.2359 -0.418002
6 3131 -0.677569 0.0746642
14 3131 -0.377234 0.0923383
14 999 -0.259455 -0.170564
6 3132 0.182214 -1.07636
14 3132 0.48255 -1.16032
6 3133 -0.992627 -0.621255
14 3133 -0.751181 -0.599162
14 3099 -1.02207 -0.042427
14 1535 -0.259455 -0.223587
6 2586 -1.44902 -0.0976586
6 3134 -0.436123 0.048153
14 3134 -0.126954 0.0371066
14 590 -0.194677 0.121059
6 3135 -1.45491 -0.0866123
14 3135 -1.02502 -0.0357991
14 2756 -0.0710096 0.0459437
6 3136 -0.436123 0.0879198
14 3136 -0.12401 0.0768734
6 1762 -0.383123 -0.0225436
14 2293 -0.297733 -0.51521
6 3137 -0.556846 -0.0733567
14 3137 -0.209399 -0.0866123
14 2913 0.120381 -0.585907
6 3138 -1.45491 -0.084403
14 3138 -1.02502 -0.0335899
14 30 -0.356623 0.0658271
8 1852 -0.639291 -0.24347
7 3139 -0.642236 -0.499745
8 3139 -0.683458 -0.510791
7 3140 -1.01913 -0.437886
8 3140 -1.06918 -0.453351
8 2657 -1.34007 -0.406956
7 3141 -0.721736 -0.0866123
8 3141 -0.768848 -0.0976586
7 3142 0.347104 -0.247889
8 3142 0.429549 -0.234633
7 1171 -0.45379 -0.104286
8 2607 -0.760014 -0.192657
8 2741 -0.598069 -0.508582
7 1938 -0.550957 0.0989661
7 3143 -0.683458 -0.3937
8 3143 -0.715847 -0.404747
8 2009 -0.933738 -0.411374
7 3144 -1.28118 -0.36498
8 3144 -1.33124 -0.384863
7 3145 -0.553902 -0.188239
8 3145 -0.627513 -0.197076
7 3146 -0.503846 -0.267772
8 3146 -0.56568 -0.276609
7 3147 -0.654014 -0.000450882
8 3147 -0.695236 -0.00928797
7 3148 -0.424345 -0.261144
8 3148 -0.471457 -0.267772
7 3149 0.176325 -0.267772
8 3149 0.241104 -0.258935
7 3150 -0.845404 -0.232424
8 3150 -0.886626 -0.245679
8 2681 -0.397845 -0.115333
7 3151 -0.442012 -0.146262
8 3151 -0.483235 -0.150681
8 1585 -0.568624 -0.316376
8 1976 -0.745292 -0.1551
8 1536 -1.22818 -0.437886
7 3152 -0.527402 -0.320795
8 3152 -0.568624 -0.329632
8 2656 -0.609847 -0.0291714
8 1997 -0.477346 -0.627883
7 3153 -0.527402 -0.232424
8 3153 -0.595124 -0.241261
7 3154 -0.377234 -0.197076
8 3154 -0.406679 -0.201494
7 2784 -0.818904 -0.228005
7 3155 -0.83657 -0.431258
8 3155 -0.901349 -0.446723
7 820 -0.986738 -0.804624
8 2640 -1.11041 -0.225796
7 3156 -0.483235 -0.18382
8 3156 -0.562735 -0.190448
7 3157 -0.818904 -0.422421
8 3157 -0.863071 -0.435676
8 1166 -0.394901 -0.24347
8 2664 -0.78357 -0.415793
8 289 -0.892515 -0.241261
8 2596 -0.966127 -0.435676
8 234 -0.815959 -0.625673
7 3158 -0.45379 -0.137425
8 3158 -0.495013 -0.141844
7 2045 -0.966127 -0.411374
7 3159 -0.707014 -0.39591
8 3159 -0.742348 -0.406956
7 3160 -0.995572 -0.265563
8 3160 -1.07507 -0.283237
8 511 0.226381 -0.261144
7 3161 -0.877793 -0.78695
8 3161 -0.927849 -0.802415
7 1796 -0.659903 0.081292
7 3162 -0.969071 -0.225796
8 3162 -1.05446 -0.24347
7 3163 0.249937 -0.258935
8 3163 0.31766 -0.247889
8 2245 -0.833626 -0.367189
7 3164 -0.383123 -0.0932401
8 3164 -0.409623 -0.0954493
7 3165 -1.37246 -0.33405
8 3165 -1.42252 -0.356143
7 3166 -0.583346 -0.21254
8 3166 -0.642236 -0.221378
8 2744 -0.992627 -0.526256
7 2781 -0.742348 -0.524047
7 3167 -0.603958 -0.541721
8 3167 -0.654014 -0.554977
7 1002 -0.70407 -0.148472
7 2798 -0.972016 -0.420212
7 2801 -0.542124 -0.475443
7 530 -0.983794 -0.411374
8 2625 -0.406679 -0.0534733
7 1096 -0.559791 -0.437886
7 3168 -0.839515 -0.197076
8 3168 -0.877793 -0.210331
7 3169 -0.353678 -0.318585
8 3169 -0.394901 -0.325213
7 3170 -0.751181 -0.113123
8 3170 -0.792403 -0.12417
7 992 -0.659903 -0.325213
7 3171 -0.42729 -0.117542
8 3171 -0.462623 -0.121961
7 3172 -0.442012 -0.0689382
8 3172 -0.474401 -0.0733567
7 3173 -0.548013 -0.733927
8 3173 -0.580402 -0.747183
7 3174 -0.303622 -0.700788
8 3174 -0.350734 -0.716253
7 3175 -1.0044 -0.144053
8 3175 -1.09568 -0.161727
7 2812 -1.13691 -0.404747
8 2653 -0.406679 -0.051264
7 3176 -0.612791 -0.104286
8 3176 -0.662847 -0.113123
7 3177 -0.630458 -0.30533
8 3177 -0.662847 -0.314167
7 3178 -0.294789 -0.325213
8 3178 -0.318345 -0.329632
7 3179 -0.89546 -0.265563
8 3179 -0.933738 -0.278818
8 1190 -0.598069 -0.371608
7 3180 -0.324234 -0.687533
8 3180 -0.371345 -0.702998
8 2649 -0.692292 -0.594744
7 1179 -0.442012 -0.144053
8 1342 -0.624569 -0.00707871
8 2691 -0.503846 -0.256726
7 3181 -0.465568 -0.0976586
8 3181 -0.550957 -0.102077
7 3182 -0.736459 0.0282696
8 3182 -0.768848 0.0172232
7 3183 -0.83657 -0.2744
8 3183 -0.877793 -0.287656
7 3184 -0.877793 -0.283237
8 3184 -0.919015 -0.296493
8 2342 -0.754125 -0.548349
7 3185 -0.380178 -0.632301
8 3185 -0.421401 -0.645557
7 3186 -0.833626 -0.1551
8 3186 -0.871904 -0.168355
7 3187 -0.736459 -0.508582
8 3187 -0.786515 -0.521838
7 3188 -0.542124 -0.528466
8 3188 -0.580402 -0.539512
8 2764 -0.880737 -0.294283
7 3189 0.143936 -0.272191
8 3189 0.208715 -0.263354
7 3190 -0.350734 -0.126379
8 3190 -0.365456 -0.128588
7 3191 -0.880737 -0.625673
8 3191 -0.904293 -0.63672
8 478 -0.736459 -0.230215
7 3192 -1.16341 -0.992412
8 3192 -1.16929 -0.99683
7 3193 -0.910182 -0.771485
8 3193 -0.94846 -0.784741
7 3194 -0.306567 -0.285446
8 3194 -0.327178 -0.289865
7 3195 0.273493 -0.256726
8 3195 0.335327 -0.245679
7 3196 -0.627513 -0.526256
8 3196 -0.662847 -0.537303
7 3197 -0.371345 -0.230215
8 3197 -0.409623 -0.234633
7 3198 -0.377234 -0.298702
8 3198 -0.418456 -0.30533
7 3199 -0.97496 -0.404747
8 3199 -0.998516 -0.418002
7 3200 -0.356623 -0.347306
8 3200 -0.397845 -0.353934
8 2591 -0.268289 -0.504164
7 3201 -0.353678 -0.21475
8 3201 -0.380178 -0.219168
7 2298 -0.656958 0.081292
7 3202 -0.497957 0.00396765
8 3202 -0.533291 0.00175838
7 3203 -0.380178 -0.234633
8 3203 -0.421401 -0.239052
7 3204 -0.798292 -0.446723
8 3204 -0.830682 -0.457769
8 199 -0.48029 -0.276609
7 3205 0.193992 -0.265563
8 3205 0.25877 -0.256726
7 3206 -0.754125 -0.0269621
8 3206 -0.789459 -0.0380084
7 3207 -0.801237 -0.113123
8 3207 -0.83657 -0.126379
8 461 -0.910182 -0.272191
7 3208 -1.00146 -0.201494
8 3208 -1.08685 -0.219168
7 3209 -0.989683 -0.194866
8 3209 -1.07507 -0.21254
7 3210 -1.03091 -0.415793
8 3210 -1.07507 -0.431258
7 2037 -0.636347 0.145361
8 2733 -1.2223 -0.104286
7 3211 -0.383123 -0.630092
8 3211 -0.424345 -0.643347
7 3212 -0.827737 -0.236842
8 3212 -0.874849 -0.250098
7 3213 -0.327178 -0.21254
8 3213 -0.344845 -0.21475
7 3214 0.090936 -1.10508
8 3214 0.0379356 -1.15369
7 2293 -0.686403 -0.48649
7 3215 -0.327178 -0.718463
8 3215 -0.374289 -0.736137
7 3216 -0.338956 -0.261144
8 3216 -0.368401 -0.265563
8 922 -0.642236 -0.250098
7 3217 -0.377234 -0.296493
8 3217 -0.418456 -0.30312
7 3218 -0.462623 -0.247889
8 3218 -0.515624 -0.254517
7 3219 -0.324234 -0.186029
8 3219 -0.338956 -0.188239
7 3220 -0.654014 -0.106496
8 3220 -0.707014 -0.115333
7 3221 -0.674625 -0.362771
8 3221 -0.718792 -0.373817
7 3222 -0.933738 -0.524047
8 3222 -0.94846 -0.535093
7 3223 -0.3154 -0.69637
8 3223 -0.362512 -0.711835
7 3224 -1.07802 -0.18382
8 3224 -1.16635 -0.203703
8 2713 -0.265344 -0.495327
7 3225 0.170436 -0.269981
8 3225 0.23227 -0.261144
7 3226 -0.81007 -0.267772
8 3226 -0.857182 -0.281028
8 2636 -1.43724 -0.362771
7 2822 -0.436123 -0.272191
7 3227 -0.977905 -0.254517
8 3227 -1.06329 -0.272191
7 3228 -1.14279 -0.402537
8 3228 -1.19874 -0.420212
7 3229 -1.3018 -0.380445
8 3229 -1.3548 -0.400328
7 2383 -0.548013 -0.208122
7 3230 -0.951405 -0.256726
8 3230 -1.03385 -0.2744
7 3231 0.226381 -0.261144
8 3231 0.302937 -0.250098
7 3232 -1.01618 -0.800205
8 3232 -1.03385 -0.809042
7 2389 -1.01618 -0.21254
8 2337 -1.41369 -0.373817
7 3233 -0.718792 -0.177192
8 3233 -0.768848 -0.188239
7 3234 -0.854237 -0.135216
8 3234 -0.877793 -0.148472
7 1916 -0.433179 -0.278818
7 3235 -0.512679 -0.148472
8 3235 -0.59218 -0.1551
8 2013 -0.627513 -0.051264
8 2709 -0.939627 -0.468815
7 3236 -0.751181 -0.356143
8 3236 -0.804181 -0.369398
8 2595 -0.477346 -0.148472
7 3237 -0.627513 -0.577069
8 3237 -0.692292 -0.592534
7 3238 -0.377234 -0.102077
8 3238 -0.40079 -0.104286
7 3239 -0.807126 -0.245679
8 3239 -0.857182 -0.258935
8 880 -0.609847 -0.0114972
7 3240 -0.309511 -0.501954
8 3240 -0.330123 -0.508582
7 3241 -0.241789 -0.495327
8 3241 -0.271233 -0.504164
7 1612 -0.230011 -0.526256
7 3242 -0.336011 -0.170564
8 3242 -0.353678 -0.172774
7 3243 -1.02796 -0.12417
8 3243 -1.11924 -0.141844
7 3244 -0.833626 -0.15289
8 3244 -0.866015 -0.166146
8 2028 0.323549 -0.247889
7 3245 -0.957294 -0.225796
8 3245 -1.04268 -0.24347
7 3246 -0.350734 -0.320795
8 3246 -0.391956 -0.327422
7 3247 -0.972016 -0.261144
8 3247 -1.05741 -0.278818
7 3248 -1.03974 -0.119751
8 3248 -1.13102 -0.137425
7 2034 -0.995572 -0.422421
7 3249 0.391271 -0.241261
8 3249 0.470772 -0.228005
7 3250 -0.630458 -0.358352
8 3250 -0.654014 -0.367189
7 3251 -1.06329 -0.413584
8 3251 -1.10746 -0.429049
8 1314 -0.701125 0.0591993
7 3252 -0.256511 -1.04985
8 3252 -0.277122 -1.06974
8 2007 -0.754125 -0.119751
7 3253 0.138047 -0.272191
8 3253 0.202826 -0.263354
7 3254 -0.380178 -0.0114972
8 3254 -0.389012 -0.0137065
7 1553 -0.639291 -0.0159158
7 3255 -0.477346 -0.0114972
8 3255 -0.568624 -0.0137065
7 3256 -0.745292 -0.110914
8 3256 -0.789459 -0.121961
7 3257 -0.792403 -0.689742
8 3257 -0.830682 -0.702998
7 2400 -0.665791 0.0790827
7 3258 -0.969071 -0.208122
8 3258 -1.05446 -0.225796
7 3259 -0.442012 -0.108705
8 3259 -0.48029 -0.113123
7 3260 -0.804181 -0.468815
9 3260 -0.951405 -0.479862
7 3261 -0.194677 -0.592534
9 3261 -0.291844 -0.594744
7 3262 -0.285956 -0.406956
9 3262 -0.403734 -0.406956
9 3139 -0.760014 -0.506373
9 3140 -1.15457 -0.451141
9 161 -0.695236 -0.0932401
7 2852 -0.686403 -0.433467
7 2276 -0.754125 0.0172232
7 941 -1.19285 -1.00567
9 2194 -0.377234 -0.791368
7 2201 -0.277122 -0.435676
7 3263 -0.430234 -0.466606
9 3263 -0.489124 -0.466606
7 2408 -0.733514 -0.146262
7 3264 -1.13102 -0.442304
9 3264 -1.26352 -0.457769
9 1867 -0.883682 -0.287656
7 3265 0.461939 -0.234633
9 3265 0.470772 -0.205913
7 3266 -0.433179 -0.18382
9 3266 -0.556846 -0.181611
9 410 -0.904293 -0.645557
7 3267 -1.03679 -0.422421
9 3267 -1.16929 -0.435676
9 2370 -0.601013 -0.537303
7 3268 -0.919015 -0.281028
9 3268 -1.08979 -0.292074
7 3269 -0.280067 -0.7273
9 3269 -0.409623 -0.736137
7 3270 -0.247678 -0.747183
9 3270 -0.377234 -0.75602
7 3271 -0.356623 -0.186029
9 3271 -0.459679 -0.181611
9 1585 -0.648125 -0.309748
9 2592 -0.336011 -0.806833
9 2686 -1.51674 -0.342887
7 1541 -0.639291 -0.000450882
7 3272 -0.327178 -0.21475
9 3272 -0.415512 -0.210331
9 3152 -0.64518 -0.323004
9 1315 -0.70407 -0.0932401
9 2714 -0.642236 -0.219168
7 3273 -0.374289 -0.137425
9 3273 -0.477346 -0.133007
7 3274 -0.533291 -0.179401
9 3274 -0.698181 -0.179401
9 2603 -0.689347 0.0503623
9 2678 -0.75707 -0.36498
7 3275 -0.798292 -0.356143
9 3275 -0.942571 -0.36498
9 3155 -0.989683 -0.442304
7 3276 -0.153455 -0.842181
9 3276 -0.285956 -0.855437
9 701 -0.680514 -0.256726
7 3277 -0.353678 -0.497536
9 3277 -0.42729 -0.497536
7 3278 -0.898404 -0.649975
9 3278 -0.992627 -0.658812
9 2218 -1.06329 -0.473234
7 3279 -0.397845 0.00396765
9 3279 -0.489124 0.0105954
9 3157 -0.939627 -0.431258
7 1627 -0.924904 -0.541721
7 3280 -0.430234 -0.21475
9 3280 -0.562735 -0.21254
7 3281 -0.659903 -0.369398
9 3281 -0.75707 -0.373817
7 3282 -0.2889 -0.711835
9 3282 -0.415512 -0.720672
7 3283 0.0261577 -0.972528
9 3283 -0.115177 -0.992412
7 3284 -0.813015 -0.121961
9 3284 -0.924904 -0.128588
7 3285 -0.0268426 -0.912878
9 3285 -0.168177 -0.930552
7 3286 -0.992627 -0.459978
9 3286 -1.08391 -0.471025
7 3287 -0.659903 -0.316376
9 3287 -0.754125 -0.320795
9 2694 -0.89546 -0.422421
9 1105 -0.795348 0.00838618
9 2245 -0.916071 -0.362771
7 3288 -0.977905 -0.190448
9 3288 -1.16341 -0.201494
9 1820 -1.12218 -0.2744
9 1171 -0.815959 -0.0689382
9 1927 -0.807126 -0.415793
7 3289 -0.397845 -0.230215
9 3289 -0.521513 -0.228005
9 1615 -0.421401 -0.493117
9 2359 -0.866015 -0.314167
7 2841 -0.536235 -0.674277
9 2669 -0.813015 -0.552768
7 598 -0.333067 -0.172774
9 530 -1.08391 -0.422421
7 3290 -0.939627 -0.413584
9 3290 -1.05741 -0.42463
7 3291 -0.715847 -0.0402177
9 3291 -0.842459 -0.042427
9 3170 -0.871904 -0.117542
9 992 -0.754125 -0.329632
7 3292 -0.633402 0.0105954
9 3292 -0.751181 0.0105954
7 3293 -0.447901 -0.170564
9 3293 -0.571569 -0.168355
7 3294 -0.368401 -0.146262
9 3294 -0.468512 -0.141844
7 3295 -0.951405 -0.714044
9 3295 -1.03974 -0.722881
7 3296 -0.533291 -0.66544
9 3296 -0.609847 -0.669859
9 2278 -0.580402 -0.261144
7 3297 -0.701125 0.0194325
9 3297 -0.813015 0.0172232
9 3177 -0.736459 -0.309748
9 2010 0.488439 -0.203703
9 3179 -1.01324 -0.2744
7 3298 0.0703248 -1.00346
9 3298 -0.0739541 -1.02555
7 3299 -0.709958 -0.39591
9 3299 -0.818904 -0.402537
7 3300 -0.403734 -0.468815
9 3300 -0.471457 -0.468815
9 2649 -0.777681 -0.590325
7 3301 -0.601013 -0.610208
9 3301 -0.75707 -0.621255
7 3302 -0.0768985 -0.851019
9 3302 -0.212344 -0.864274
7 3303 -0.412568 0.0636179
9 3303 -0.500901 0.0702457
9 2691 -0.589235 -0.250098
9 2342 -0.833626 -0.54393
7 3304 -0.48029 0.105594
9 3304 -0.577458 0.114431
9 1131 -0.815959 -0.0711474
7 3305 -0.612791 -0.731718
9 3305 -0.815959 -0.751602
9 3190 -0.433179 -0.121961
9 478 -0.815959 -0.223587
9 3192 -1.23996 -0.999039
9 1071 -1.11041 -0.612418
7 3306 -0.362512 -0.490908
9 3306 -0.436123 -0.490908
9 2641 -0.807126 -0.601371
9 2629 -0.309511 -0.510791
7 3307 -0.715847 -0.36498
9 3307 -0.830682 -0.371608
9 2627 -1.52558 -0.336259
9 1329 -0.70407 -0.0866123
7 3308 -0.621625 -0.789159
9 3308 -0.830682 -0.811252
7 3309 -0.951405 -0.230215
9 3309 -1.13102 -0.241261
7 3310 -0.397845 -0.232424
9 3310 -0.521513 -0.230215
7 3311 -0.527402 0.123268
9 3311 -0.624569 0.127687
7 3312 -0.542124 -0.647766
9 3312 -0.624569 -0.652185
9 3202 -0.609847 0.00838618
7 3313 -0.851293 -0.48428
9 3313 -0.986738 -0.495327
7 2858 -0.42729 -0.179401
9 3203 -0.500901 -0.232424
7 3314 -0.297733 -0.711835
9 3314 -0.424345 -0.720672
9 199 -0.559791 -0.269981
7 3315 -0.241789 -0.468815
9 3315 -0.353678 -0.468815
9 1591 -0.430234 -0.495327
7 3316 -1.0044 -0.453351
9 3316 -1.12807 -0.466606
7 3317 -0.760014 0.00617691
9 3317 -0.863071 0.00175838
9 3210 -1.16046 -0.429049
7 3318 -0.860126 -0.471025
9 3318 -0.998516 -0.482071
7 3319 -0.718792 0.107803
9 3319 -0.818904 0.105594
9 1344 -0.842459 -0.150681
9 2364 -0.70407 -0.0954493
9 3213 -0.415512 -0.208122
7 3320 -1.15163 -0.985784
9 3320 -1.22818 -0.992412
7 191 -0.712903 0.0879198
7 3321 -0.224122 -0.499745
9 3321 -0.318345 -0.499745
7 1546 -0.477346 0.0348974
9 3216 -0.444957 -0.258935
9 922 -0.727625 -0.24347
7 3322 -0.680514 -0.0269621
9 3322 -0.801237 -0.0291714
9 3218 -0.59218 -0.247889
7 3323 -0.75707 -0.216959
9 3323 -0.89546 -0.223587
7 3324 -0.580402 0.138733
9 3324 -0.677569 0.140942
7 3325 -0.468512 -0.265563
9 3325 -0.595124 -0.265563
9 2312 -0.754125 0.118849
9 1165 -0.898404 -0.623464
9 281 -1.13396 -0.897413
7 3326 -0.327178 -0.402537
9 3326 -0.447901 -0.402537
7 1983 -0.48029 0.0459437
7 3327 -0.924904 -0.261144
9 3327 -1.09863 -0.272191
7 3328 -0.218233 -0.519629
9 3328 -0.309511 -0.519629
7 3329 -0.380178 -0.329632
9 3329 -0.495013 -0.329632
7 3330 -0.294789 -0.398119
9 3330 -0.415512 -0.398119
9 846 -1.03091 -0.612418
7 2194 -0.238844 -0.780322
7 3331 -0.424345 -0.263354
9 3331 -0.550957 -0.263354
7 3332 -0.701125 -0.0667289
9 3332 -0.824793 -0.0711474
7 3333 -0.624569 -0.398119
9 3333 -0.727625 -0.402537
7 3334 -0.760014 0.00838618
9 3334 -0.863071 0.00396765
7 3335 -0.406679 -0.459978
9 3335 -0.474401 -0.459978
9 1817 -0.771792 0.0636179
7 3336 -0.571569 0.0547808
9 3336 -0.686403 0.0569901
9 515 -0.232955 -0.87753
7 3337 -0.462623 -0.135216
9 3337 -0.583346 -0.133007
7 3338 -0.297733 -0.325213
9 3338 -0.391956 -0.323004
7 1313 -0.927849 -0.570442
9 682 -0.686403 0.14757
7 2775 -0.444957 -0.170564
7 3339 -0.409623 -0.108705
9 3339 -0.515624 -0.104286
7 3340 -0.701125 -0.110914
9 3340 -0.827737 -0.115333
7 3341 -1.38719 -0.309748
9 3341 -1.53146 -0.331841
7 3342 -1.01029 -0.793578
9 3342 -1.09863 -0.802415
7 3343 -0.374289 -0.48649
9 3343 -0.444957 -0.48649
7 3344 -1.04857 -0.444513
9 3344 -1.18107 -0.457769
9 59 -0.733514 -0.192657
7 3345 -0.512679 -0.380445
9 3345 -0.603958 -0.382654
7 1860 -0.106343 -0.868693
7 3346 -0.927849 -0.526256
9 3346 -1.00735 -0.535093
9 2034 -1.13691 -0.435676
7 3347 -1.03974 -0.820089
9 3347 -1.12218 -0.828926
7 3348 -0.630458 0.0105954
9 3348 -0.748237 0.0105954
9 1956 -1.19874 -0.970319
7 631 -0.59218 0.154198
7 3349 -0.748237 -0.239052
9 3349 -0.886626 -0.245679
7 3350 -0.662847 0.132105
9 3350 -0.762959 0.132105
9 3257 -0.907238 -0.700788
10 2597 -0.40079 -0.888576
7 3351 -1.17813 -0.042427
10 3351 -1.37835 -0.21254
10 3260 -0.945516 -0.610208
10 2200 -0.813015 -0.137425
7 1644 -0.462623 -0.360561
7 3352 -0.733514 -0.477652
10 3352 -0.833626 -0.588116
10 3262 -0.40079 -0.524047
10 2852 -0.789459 -0.54393
10 1171 -0.571569 -0.21254
10 2607 -0.842459 -0.30533
10 2741 -0.67168 -0.616836
10 941 -1.28413 -1.12939
10 2590 -0.389012 -0.468815
10 2009 -1.01618 -0.54393
10 59 -0.715847 -0.314167
10 2605 -0.577458 -0.581488
7 3353 -0.450846 -0.110914
10 3353 -0.568624 -0.219168
10 2006 -0.695236 -0.0689382
7 3354 -0.250622 -0.539512
10 3354 -0.347789 -0.647766
10 2716 -0.768848 -0.738346
10 3147 -0.777681 -0.110914
10 143 -0.860126 -0.698579
10 2670 -0.818904 -0.219168
10 1645 -0.689347 -0.0137065
7 3355 -0.333067 -0.411374
10 3355 -0.447901 -0.528466
7 3356 -1.02207 -0.24347
10 3356 -1.19285 -0.400328
10 1851 -0.559791 -0.378235
7 1707 -0.253566 -0.528466
7 3357 -0.509735 0.118849
10 3357 -0.615736 0.0260603
10 1541 -0.762959 -0.110914
10 1536 -1.32535 -0.570442
7 3358 -0.412568 -0.0755659
10 3358 -0.524457 -0.177192
10 2660 -0.804181 -0.899622
10 899 -0.789459 -0.139635
7 3359 -0.365456 -0.932761
10 3359 -0.459679 -1.05427
7 869 -0.901349 -0.601371
7 3360 -0.792403 -0.00266015
10 3360 -0.89546 -0.102077
10 2656 -0.692292 -0.133007
10 2674 -0.436123 -0.857646
10 3274 -0.683458 -0.314167
7 554 -1.04563 -0.826717
7 3361 -0.633402 -0.190448
10 3361 -0.765903 -0.314167
10 2602 -0.2889 -0.691951
7 3362 -0.786515 -0.0556826
10 3362 -0.904293 -0.166146
10 1627 -1.01913 -0.652185
7 3363 -0.386067 -0.188239
10 3363 -0.497957 -0.294283
7 1498 -0.951405 -0.51521
7 3364 -0.424345 0.0768734
10 3364 -0.524457 -0.0114972
10 1986 -0.736459 -0.314167
10 3285 -0.15051 -1.06753
7 3365 -0.430234 -0.0291714
10 3365 -0.53918 -0.128588
10 2694 -0.901349 -0.537303
10 2750 -0.986738 -0.358352
7 3366 -0.48029 0.0415251
10 3366 -0.59218 -0.0578918
10 1796 -0.777681 -0.0225436
10 3162 -1.14279 -0.382654
10 2652 -0.15051 -1.04102
10 3164 -0.489124 -0.190448
7 3367 -0.389012 -0.0623104
10 3367 -0.495013 -0.159518
7 1559 -0.762959 -0.0667289
7 3368 -0.751181 0.0614086
10 3368 -0.860126 -0.0402177
7 3369 0.0143798 -0.921715
10 3369 -0.109288 -1.07857
7 3370 -0.815959 -0.0645196
10 3370 -0.92196 -0.168355
10 3166 -0.718792 -0.338469
7 2782 -0.707014 0.0172232
10 2700 -0.880737 -0.33405
10 3167 -0.727625 -0.672068
7 3371 -0.892515 -0.643347
10 3371 -1.00146 -0.767066
10 1490 -0.548013 -0.353934
10 2026 -0.70407 -0.203703
7 1608 -0.674625 -0.418002
7 3372 -0.695236 -0.362771
10 3372 -0.818904 -0.48649
10 3292 -0.754125 -0.0976586
10 3171 -0.542124 -0.223587
7 3373 -0.359567 -1.04764
10 3373 -0.433179 -1.15369
10 2707 -0.801237 -0.855437
10 2598 -0.824793 -0.87753
7 3374 -0.951405 -0.331841
10 3374 -1.11335 -0.48428
7 3375 -1.00735 -0.415793
10 3375 -1.14279 -0.552768
7 3376 -0.61868 -0.528466
10 3376 -0.742348 -0.658812
10 3174 -0.421401 -0.833344
7 2441 -0.78357 -0.0490548
7 3377 -0.939627 -0.698579
10 3377 -1.03679 -0.81567
7 3378 -1.02502 -0.170564
10 3378 -1.20463 -0.329632
10 2653 -0.489124 -0.144053
10 3177 -0.742348 -0.418002
7 3379 -0.939627 -0.709625
10 3379 -1.04563 -0.833344
10 1929 -0.919015 -0.784741
10 3180 -0.442012 -0.820089
7 1204 -0.963182 -0.623464
10 3301 -0.742348 -0.758229
10 2285 -0.309511 -0.932761
7 3380 -1.06035 -0.166146
10 3380 -1.24585 -0.329632
10 1186 -0.383123 -0.623464
7 952 -0.112232 -0.862065
10 2658 -1.26941 -1.14485
7 3381 -0.447901 -0.281028
10 3381 -0.568624 -0.398119
10 2717 -0.174066 -1.04543
10 3186 -0.957294 -0.2744
7 353 -0.986738 -0.837763
10 2019 -1.19874 -1.06311
7 2912 -0.751181 0.0636179
10 3188 -0.654014 -0.647766
7 3382 -0.677569 0.0172232
10 3382 -0.798292 -0.0910308
7 1929 -0.818904 -0.669859
10 3305 -0.789459 -0.912878
7 3383 -0.780626 -0.0446362
10 3383 -0.898404 -0.1551
7 3384 -0.842459 -0.572651
10 3384 -0.957294 -0.698579
10 3194 -0.403734 -0.384863
7 3385 -0.969071 -0.747183
10 3385 -1.07507 -0.873111
10 1870 -0.827737 -0.230215
10 2280 -0.297733 -0.939389
7 2880 -0.497957 0.0923383
7 2442 -0.45379 0.105594
7 121 -0.762959 0.00396765
10 1910 -0.40079 -0.603581
10 1259 -0.883682 -0.345096
7 348 -1.03091 -0.826717
7 3386 -0.548013 0.048153
10 3386 -0.665791 -0.0556826
10 2770 -0.78357 -0.669859
10 613 -0.886626 -0.345096
10 3201 -0.462623 -0.320795
7 3387 -0.989683 -0.174983
10 3387 -1.16635 -0.331841
10 3311 -0.636347 0.0282696
7 3388 -1.00735 -0.868693
10 3388 -1.10452 -0.990202
7 3389 -0.795348 -0.00928797
10 3389 -0.898404 -0.108705
7 3390 -0.462623 0.0945476
10 3390 -0.56568 0.00396765
7 2913 -0.224122 -0.526256
7 3391 -0.468512 0.090129
10 3391 -0.574513 -0.00266015
7 3392 -0.924904 -0.579279
10 3392 -1.01913 -0.689742
7 3393 -0.916071 -0.81788
10 3393 -1.04857 -0.9659
7 3394 -0.589235 -0.0866123
10 3394 -0.712903 -0.199285
7 2894 -0.992627 -0.831135
7 3395 -0.839515 -0.314167
10 3395 -0.969071 -0.442304
10 2645 -1.01913 -0.895204
10 1344 -0.842459 -0.267772
10 2685 -0.559791 -0.342887
7 2902 -0.559791 -0.440095
7 3396 -0.0651206 -0.879739
10 3396 -0.185844 -1.02776
7 3397 -0.397845 -0.0291714
10 3397 -0.500901 -0.12417
7 3398 -0.474401 -0.731718
10 3398 -0.56568 -0.842181
10 2688 -0.556846 -0.289865
7 3399 -0.792403 -0.00486941
10 3399 -0.89546 -0.104286
10 1665 -0.78357 -0.0291714
7 3400 -0.3154 -0.252307
10 3400 -0.412568 -0.349515
7 3401 -0.874849 -0.208122
10 3401 -0.992627 -0.325213
10 3322 -0.807126 -0.141844
10 500 -0.70407 -0.245679
10 3219 -0.418456 -0.278818
10 3323 -0.892515 -0.345096
7 2915 -0.898404 -0.54393
10 425 -0.924904 -0.769276
10 983 -0.353678 -1.16915
7 3402 -0.736459 0.101175
10 3402 -0.839515 0.00617691
10 3325 -0.59218 -0.384863
10 2312 -0.762959 0.0172232
7 2249 -0.760014 0.0105954
10 205 -1.03385 -0.658812
7 3403 -0.303622 -0.272191
10 3403 -0.40079 -0.369398
7 2893 -0.312456 -0.493117
10 2749 -1.16046 -1.0366
10 1983 -0.59218 -0.0534733
7 1699 -1.09568 -0.908459
7 1243 -0.686403 -0.0335899
7 1070 -0.574513 -0.409165
7 3404 -0.845404 -0.230215
10 3404 -0.972016 -0.353934
7 1480 -0.595124 -0.272191
7 1889 -0.795348 -0.106496
7 3405 -1.01029 -0.137425
10 3405 -1.18991 -0.296493
7 3406 -0.45379 -0.139635
10 3406 -0.571569 -0.250098
7 3407 -0.795348 0.0128047
10 3407 -0.898404 -0.0866123
7 1704 -0.2889 -0.506373
10 3336 -0.689347 -0.0490548
7 3408 -0.56568 -0.371608
10 3408 -0.668736 -0.479862
7 3409 -1.11335 -0.442304
10 3409 -1.25468 -0.585907
10 880 -0.689347 -0.113123
10 3240 -0.406679 -0.607999
7 36 -0.433179 -0.42463
10 2775 -0.56568 -0.283237
10 1137 -0.754125 -0.0203343
7 2439 -0.456735 0.090129
7 3410 -0.824793 -0.557186
10 3410 -0.942571 -0.685324
7 3411 -0.444957 -0.172774
10 3411 -0.56568 -0.285446
10 3242 -0.433179 -0.265563
7 3412 -0.53918 0.123268
10 3412 -0.651069 0.0282696
10 3244 -0.957294 -0.272191
10 212 -0.718792 -0.382654
7 3413 -0.957294 -0.859856
10 3413 -1.09568 -1.0145
7 3414 -0.707014 -0.289865
10 3414 -0.842459 -0.420212
10 1967 -0.386067 -0.616836
10 2730 -0.777681 -0.771485
7 3415 -1.10157 -0.018125
10 3415 -1.29885 -0.18382
7 2398 -0.780626 -0.137425
10 3347 -1.13985 -0.943808
7 3416 -0.780626 -0.54614
10 3416 -0.901349 -0.674277
10 3252 -0.344845 -1.17136
7 3417 -0.977905 -0.851019
10 3417 -1.10746 -0.999039
7 3418 -1.54913 -0.115333
10 3418 -1.71697 -0.276609
10 2736 -0.789459 0.0194325
7 3419 -0.406679 -0.108705
10 3419 -0.518568 -0.21254
7 3420 -0.356623 -0.21254
10 3420 -0.465568 -0.318585
11 1644 -0.483235 -0.466606
11 2852 -0.712903 -0.54393
11 1944 -0.707014 -0.0711474
11 1171 -0.48029 -0.205913
11 2741 -0.583346 -0.621255
11 3143 -0.712903 -0.510791
7 3421 -0.330123 -0.325213
11 3421 -0.347789 -0.433467
7 3422 -0.374289 -0.283237
11 3422 -0.394901 -0.39591
11 2605 -0.518568 -0.579279
7 2449 -1.05741 -0.420212
11 3353 -0.477346 -0.21475
7 3423 -0.518568 0.123268
11 3423 -0.550957 0.0437345
7 3424 -0.668736 -0.767066
11 3424 -0.707014 -0.979156
7 3425 -0.73057 -0.672068
11 3425 -0.75707 -0.806833
7 3426 -0.489124 -0.658812
11 3426 -0.503846 -0.773694
11 2006 -0.609847 -0.0578918
7 3427 0.0556024 -1.01671
11 3427 0.0614913 -1.18904
11 1671 0.0143798 -1.09625
11 3148 -0.447901 -0.378235
11 2626 -0.754125 -0.990202
11 3271 -0.377234 -0.283237
11 3151 -0.468512 -0.252307
11 1645 -0.609847 -0.000450882
11 1130 -1.08685 -0.707416
11 1541 -0.677569 -0.102077
11 60 -0.665791 -0.338469
11 2660 -0.665791 -0.919506
7 3428 -1.13396 -0.0755659
11 3428 -1.21641 -0.241261
11 3272 -0.344845 -0.30533
11 899 -0.70407 -0.130798
11 1997 -0.450846 -0.749392
7 3429 -0.106343 -0.8466
11 3429 -0.109288 -1.00567
11 3274 -0.568624 -0.314167
7 3430 -0.771792 -1.03881
11 3430 -0.780626 -1.13822
11 3153 -0.559791 -0.36498
7 3431 -0.468512 -0.256726
11 3431 -0.495013 -0.376026
7 2962 -0.830682 -0.104286
11 2213 -0.533291 -0.0313806
11 3361 -0.668736 -0.311957
7 218 -0.871904 -0.683114
11 3156 -0.515624 -0.318585
11 3362 -0.827737 -0.157309
7 3432 -0.377234 -0.674277
11 3432 -0.391956 -0.813461
11 2662 -0.642236 -0.778113
11 1166 -0.377234 -0.347306
7 3433 -0.474401 0.048153
11 3433 -0.503846 -0.0380084
11 3158 -0.48029 -0.24347
11 3160 -1.05741 -0.426839
7 3434 -0.483235 -0.269981
11 3434 -0.509735 -0.387073
7 3435 -0.48029 -0.48649
11 3435 -0.495013 -0.572651
7 3436 -0.450846 -0.568232
11 3436 -0.468512 -0.694161
11 883 -0.571569 -0.106496
11 2694 -0.815959 -0.539512
11 3366 -0.509735 -0.0446362
11 1796 -0.698181 -0.00928797
11 3162 -1.03091 -0.384863
11 2698 -0.780626 -1.13601
7 2074 -0.586291 0.138733
11 2633 -0.727625 -1.02555
11 3164 -0.406679 -0.18382
11 3367 -0.412568 -0.15289
7 3437 -0.330123 -0.327422
11 3437 -0.347789 -0.435676
11 1820 -1.0044 -0.42463
7 3438 -0.97496 -0.835554
11 3438 -1.0044 -0.96811
11 2354 -0.73057 -0.437886
11 2751 -0.659903 -0.950436
11 2708 -1.18107 -0.568232
11 2700 -0.786515 -0.331841
7 2976 -0.509735 -0.689742
11 2798 -1.01913 -0.561605
11 530 -1.03091 -0.550558
7 3439 -0.474401 -0.137425
11 3439 -0.500901 -0.236842
11 2737 -0.338956 -1.21334
7 3440 -0.509735 -0.488699
11 3440 -0.524457 -0.57486
7 1565 -1.16046 -0.406956
7 3441 -0.500901 -0.497536
11 3441 -0.515624 -0.583697
7 3442 -1.08979 -0.159518
11 3442 -1.16341 -0.323004
7 3443 -0.442012 -0.0247528
11 3443 -0.468512 -0.115333
7 3444 -0.586291 -0.577069
11 3444 -0.612791 -0.722881
11 2598 -0.689347 -0.895204
7 3445 -0.518568 -0.711835
11 3445 -0.533291 -0.826717
7 3446 -0.459679 -0.102077
11 3446 -0.486179 -0.201494
11 3174 -0.3154 -0.842181
7 3447 -0.665791 0.0724549
11 3447 -0.70407 -0.018125
11 2647 -0.762959 -1.04102
7 3448 -0.739403 0.0591993
11 3448 -0.780626 -0.0313806
11 2687 -0.412568 -0.351724
7 3449 -0.601013 -0.358352
11 3449 -0.627513 -0.466606
7 3450 -0.64518 -0.0159158
11 3450 -0.683458 -0.117542
7 3451 -0.668736 -0.521838
11 3451 -0.698181 -0.658812
7 3452 -0.327178 -0.342887
11 3452 -0.344845 -0.45556
7 3453 -0.518568 -0.490908
11 3453 -0.533291 -0.577069
7 3454 -0.980849 -0.442304
11 3454 -1.02796 -0.585907
11 1179 -0.468512 -0.250098
7 1390 -1.21052 -1.04102
11 2606 -0.633402 -0.915087
11 1186 -0.297733 -0.623464
11 952 -0.115177 -1.02113
7 2631 -0.433179 -0.583697
7 3455 -0.362512 -0.0689382
11 3455 -0.383123 -0.148472
7 3456 -0.70407 -0.638929
11 3456 -0.739403 -0.806833
11 3381 -0.471457 -0.39591
11 2717 -0.0503983 -1.05648
7 3457 -0.344845 -0.420212
11 3457 -0.359567 -0.51521
11 3304 -0.509735 0.0282696
7 3458 -0.450846 -0.842181
11 3458 -0.462623 -0.972528
11 3382 -0.715847 -0.0799845
7 3459 -0.768848 -1.02997
11 3459 -0.777681 -1.12497
11 1645 -0.606902 -0.00266015
7 859 -0.542124 0.0967568
11 2641 -0.683458 -0.749392
11 837 -0.707014 -0.0291714
11 3198 -0.397845 -0.411374
7 3460 -0.244733 -1.05648
11 3460 -0.244733 -1.18462
11 2017 -0.450846 -0.751602
7 3461 -0.318345 -0.181611
11 3461 -0.336011 -0.267772
11 3387 -1.05446 -0.33405
7 3462 -0.768848 -0.963691
11 3462 -0.78357 -1.07636
7 3463 -0.188788 -0.81567
11 3463 -0.194677 -0.970319
11 2712 -0.324234 -0.868693
11 199 -0.456735 -0.384863
11 3391 -0.497957 0.0105954
7 3464 -1.05741 -0.603581
11 3464 -1.08979 -0.709625
11 2232 -0.380178 -0.24347
11 3208 -1.06624 -0.358352
11 3209 -1.05446 -0.356143
11 1279 -0.78357 -0.342887
11 3211 -0.397845 -0.762648
7 3465 -0.89546 -0.267772
11 3465 -0.939627 -0.389282
11 3213 -0.344845 -0.30312
7 1023 -0.347789 -0.0932401
11 1546 -0.50679 -0.0556826
7 3466 -0.742348 -0.744974
11 3466 -0.771792 -0.901832
7 3467 -0.465568 -0.135216
11 3467 -0.492068 -0.241261
11 3219 -0.3419 -0.272191
7 3468 -0.998516 -0.897413
11 3468 -1.03974 -1.07415
11 3221 -0.707014 -0.48428
7 3469 -0.73057 -0.0910308
11 3469 -0.771792 -0.203703
7 3470 -0.518568 0.0923383
11 3470 -0.550957 0.00838618
11 2345 -0.821848 -0.141844
7 2071 -0.509735 -0.159518
11 3223 -0.327178 -0.837763
11 3227 -1.03974 -0.415793
11 877 -1.14279 -1.04764
7 3471 -0.892515 -0.250098
11 3471 -0.933738 -0.360561
7 3472 -0.636347 -0.488699
11 3472 -0.662847 -0.612418
11 3232 -1.04857 -0.934971
7 3473 -0.48029 0.0857105
11 3473 -0.509735 0.00396765
11 2761 -0.483235 -0.320795
11 3234 -0.907238 -0.2744
11 1822 -1.14574 -0.577069
7 3474 -0.998516 -0.899622
11 3474 -1.03974 -1.07636
11 3336 -0.606902 -0.0380084
11 3235 -0.548013 -0.285446
11 1969 -0.624569 -0.387073
11 3409 -1.16929 -0.592534
7 3475 -0.559791 -0.194866
11 3475 -0.59218 -0.316376
11 2689 0.0732692 -1.18904
11 3338 -0.312456 -0.422421
7 3476 -0.963182 -0.219168
11 3476 -1.02502 -0.376026
7 3477 -0.194677 -0.800205
11 3477 -0.200566 -0.952645
7 2952 -0.995572 -0.895204
11 2358 -0.892515 -0.247889
7 3478 -0.886626 -0.234633
11 3478 -0.927849 -0.345096
11 3410 -0.854237 -0.672068
11 3341 -1.46963 -0.473234
7 3479 -0.748237 -0.994621
11 3479 -0.760014 -1.10508
7 3480 -0.765903 -0.879739
11 3480 -0.78357 -0.99683
7 3481 -0.312456 -0.347306
11 3481 -0.327178 -0.446723
11 1819 -0.854237 -0.225796
11 3414 -0.745292 -0.420212
11 3247 -1.03385 -0.422421
11 1635 -0.559791 -0.603581
7 3482 -0.374289 -0.30312
11 3482 -0.394901 -0.413584
11 3251 -1.11629 -0.557186
7 1382 -1.22524 -1.05869
7 3483 -0.0415649 -0.296493
11 3483 -0.0474538 -0.338469
7 3484 -0.347789 -0.168355
11 3484 -0.365456 -0.24347
11 2256 -0.986738 -0.594744
7 3485 -1.02502 -0.820089
11 3485 -1.05741 -0.954854
7 3486 -1.08685 -0.884158
11 3486 -1.11924 -1.02113
11 414 -0.942571 -0.886367
7 3487 -0.983794 -0.63451
11 3487 -1.01324 -0.744974
7 3488 -0.421401 0.0459437
11 3488 -0.447901 -0.0335899
11 3259 -0.468512 -0.210331
7 3489 -0.365456 -0.649975
11 3489 -0.380178 -0.782531
12 2597 -0.103399 -0.853228
12 3261 -0.0474538 -0.667649
12 3352 -0.612791 -0.559395
12 3262 -0.129899 -0.48428
12 2752 -0.206455 -1.0366
12 3139 -0.509735 -0.585907
12 161 -0.436123 -0.159518
7 3490 -0.336011 -1.11613
12 3490 -0.209399 -1.18904
7 3011 -0.0945653 -0.853228
7 3491 -0.206455 -0.778113
12 3491 -0.0238981 -0.881948
12 2408 -0.609847 -0.219168
12 982 -0.103399 -1.14043
12 3266 -0.291844 -0.252307
7 1937 -0.347789 -0.694161
12 117 -0.159344 -0.490908
7 1303 -0.418456 -0.387073
12 2369 -0.103399 -0.537303
12 3145 -0.391956 -0.2744
12 3149 0.246993 -0.283237
12 2626 -0.621625 -0.954854
12 1102 -0.550957 0.0680364
12 2699 -0.436123 -0.771485
12 3271 -0.230011 -0.24347
12 2592 -0.0150648 -0.901832
12 1707 -0.109288 -0.601371
12 2679 -0.2359 -0.778113
12 60 -0.486179 -0.294283
12 3428 -0.977905 -0.190448
7 3492 -0.568624 -0.256726
12 3492 -0.421401 -0.338469
7 3023 -0.218233 -0.809042
12 3359 -0.221177 -1.02113
12 2656 -0.442012 -0.0821937
12 3273 -0.250622 -0.192657
12 1116 -0.391956 -0.117542
12 2603 -0.456735 -0.00486941
12 3430 -0.67168 -1.1095
12 3154 -0.238844 -0.261144
12 2747 -0.103399 -0.822298
12 3276 0.0349911 -0.948226
12 1879 -0.497957 -0.0888215
12 820 -0.871904 -0.904041
12 2213 -0.383123 0.00617691
7 3493 -0.942571 -0.254517
12 3493 -0.792403 -0.360561
12 3361 -0.495013 -0.267772
12 3280 -0.283011 -0.287656
12 2662 -0.444957 -0.729509
12 2664 -0.621625 -0.48649
12 260 -0.807126 -0.857646
7 3494 -0.241789 -0.51521
12 3494 -0.0975098 -0.588116
12 2352 -0.550957 -0.389282
7 3495 -0.171121 -0.820089
12 3495 0.0114354 -0.923924
12 3283 0.23227 -1.0852
12 3434 -0.338956 -0.345096
12 511 0.23227 -0.285446
7 3496 -0.368401 -0.336259
12 3496 -0.224122 -0.409165
7 3497 -0.115177 -0.833344
12 3497 0.0762137 -0.939389
12 2698 -0.67168 -1.10729
12 2622 -0.601013 -0.879739
7 601 -0.598069 -0.084403
7 3498 -0.247678 -1.05427
12 3498 -0.100454 -1.14043
12 2199 -0.391956 -0.607999
7 3499 -0.527402 -0.577069
12 3499 -0.403734 -0.652185
7 3022 -0.15051 -0.813461
12 3289 -0.256511 -0.298702
7 3500 -0.492068 0.114431
12 3500 -0.383123 0.0724549
7 3501 -0.336011 -1.11392
12 3501 -0.209399 -1.18683
7 3502 -0.707014 -0.886367
12 3502 -0.59218 -0.96811
12 2737 -0.212344 -1.17357
12 3440 -0.412568 -0.54393
12 1608 -0.556846 -0.493117
7 3503 -1.23113 0.015014
12 3503 -1.08391 -0.0954493
12 3174 -0.135788 -0.797996
12 3175 -0.851293 -0.252307
7 3504 -0.715847 0.0459437
12 3504 -0.609847 -0.00707871
12 1263 -0.430234 -0.194866
12 3378 -0.871904 -0.281028
7 3505 -0.48029 -0.813461
12 3505 -0.338956 -0.904041
12 2244 -0.486179 -0.320795
12 3379 -0.830682 -0.797996
7 3506 -0.353678 -1.06311
12 3506 -0.224122 -1.14043
12 2671 -0.359567 0.0569901
7 3507 -0.748237 -0.769276
12 3507 -0.630458 -0.855437
12 3301 -0.436123 -0.720672
12 2008 -0.368401 -0.0114972
7 2086 -0.303622 -0.702998
7 1177 -0.56568 -0.192657
7 3508 -0.492068 -0.610208
12 3508 -0.362512 -0.687533
7 3509 -0.197622 -0.820089
12 3509 -0.0150648 -0.923924
7 1785 -0.0386205 -0.87532
12 3381 -0.303622 -0.356143
7 2107 -0.444957 0.081292
12 1920 -0.833626 -0.596953
7 3510 -0.512679 -0.174983
12 3510 -0.344845 -0.261144
12 814 -0.559791 0.0724549
12 3304 -0.371345 0.0636179
12 2722 -0.188788 -0.33405
7 3057 -0.866015 -0.778113
12 3190 -0.232955 -0.177192
12 2207 -0.280067 -0.285446
7 3511 -0.951405 -0.528466
12 3511 -0.851293 -0.607999
7 565 -0.324234 -0.976947
12 3306 -0.244733 -0.552768
12 2012 -0.159344 -0.579279
7 3512 -0.0150648 -0.899622
12 3512 0.185159 -1.00788
12 2739 -0.0680651 -0.572651
7 3513 -0.297733 -0.311957
12 3513 -0.165232 -0.373817
7 2493 -0.845404 -0.144053
12 1910 -0.165232 -0.568232
12 3200 -0.206455 -0.422421
7 563 -0.359567 -0.96811
12 3390 -0.353678 0.0525715
7 3514 -0.70407 -0.281028
12 3514 -0.559791 -0.369398
12 3314 -0.126954 -0.811252
7 1608 -0.674625 -0.420212
7 3515 0.320604 -0.250098
12 3515 0.39716 -0.263354
7 3516 -1.16341 0.0282696
12 3516 -1.01324 -0.0777752
12 3315 -0.0916209 -0.54393
7 1030 -0.910182 -0.572651
7 1805 -0.162288 -0.839972
12 2005 -0.247678 -0.736137
7 3517 -0.966127 -0.358352
12 3517 -0.860126 -0.440095
12 2666 -0.601013 -0.517419
12 510 0.0644358 -0.961482
7 3518 -1.15752 0.023851
12 3518 -1.0044 -0.084403
12 3320 -1.03974 -1.09404
12 2688 -0.294789 -0.245679
7 1589 -0.860126 -0.323004
7 3519 -0.291844 -0.760439
12 3519 -0.115177 -0.864274
7 3520 -1.15163 -0.983574
12 3520 -1.03974 -1.09183
12 2676 -0.000342423 -0.928343
7 3034 -0.509735 -0.42463
12 3223 -0.147566 -0.793578
12 2774 -0.247678 -0.718463
7 3521 -1.13985 0.0128047
12 3521 -0.983794 -0.0954493
7 3522 -0.168177 -0.837763
12 3522 0.0143798 -0.941598
7 3523 -1.12807 0.00396765
12 3523 -0.972016 -0.104286
7 3524 -0.827737 -0.230215
12 3524 -0.70407 -0.311957
12 2713 -0.0827875 -0.561605
12 2893 -0.200566 -0.548349
12 2735 -0.230011 -0.537303
12 1983 -0.362512 -0.00266015
12 2701 -0.250622 -0.163937
7 3525 -1.04857 -0.0667289
12 3525 -0.892515 -0.174983
12 1070 -0.45379 -0.479862
12 2753 -0.2889 -0.371608
12 2194 -0.0592317 -0.884158
12 3230 -0.798292 -0.367189
12 3231 0.302937 -0.276609
12 3473 -0.365456 0.0393159
7 3526 -1.14279 -0.0667289
12 3526 -0.986738 -0.181611
7 3527 -0.86896 -0.581488
12 3527 -0.768848 -0.656603
12 1969 -0.450846 -0.340678
12 515 0.0879915 -0.970319
12 3237 -0.468512 -0.683114
12 3238 -0.253566 -0.1551
12 2734 -0.112232 -0.577069
12 880 -0.444957 -0.0623104
7 3528 -0.751181 -0.353934
12 3528 -0.612791 -0.444513
7 3529 -0.397845 -0.468815
12 3529 -0.2889 -0.526256
12 3241 -0.0916209 -0.570442
12 1612 -0.0857319 -0.599162
12 3340 -0.574513 -0.181611
12 1180 -0.574513 -0.179401
12 2704 -0.462623 -0.744974
7 3530 -0.515624 -0.0578918
12 3530 -0.389012 -0.117542
7 3531 -1.43135 -0.2744
12 3531 -1.35185 -0.362771
12 3414 -0.56568 -0.378235
7 3532 -0.627513 -0.550558
12 3532 -0.477346 -0.649975
7 3533 -0.0710096 -0.866483
12 3533 0.123325 -0.972528
12 1967 -0.15051 -0.579279
7 3534 -0.374289 -0.698579
12 3534 -0.203511 -0.802415
7 3535 -0.3154 -0.444513
12 3535 -0.194677 -0.504164
12 2621 -0.0592317 -0.892995
12 896 -0.45379 -0.0623104
12 2711 -0.500901 -0.113123
7 3536 -1.14868 0.0194325
12 3536 -0.995572 -0.0888215
12 1890 -0.421401 -0.236842
12 2746 -0.0739541 -0.557186
7 3537 -0.966127 -0.42463
12 3537 -0.842459 -0.521838
12 2616 -0.353678 -0.285446
7 3538 -0.45379 0.0835012
12 3538 -0.3419 0.0415251
7 3539 -1.04563 -0.0711474
12 3539 -0.889571 -0.179401
7 3540 -1.06035 -0.146262
12 3540 -0.901349 -0.263354
7 3541 -1.2223 0.0128047
12 3541 -1.06918 -0.102077
7 3542 -0.232955 -0.568232
12 3542 -0.0886764 -0.641138
7 3543 -1.22524 0.00838618
12 3543 -1.08096 -0.0998679
12 2721 -0.3154 -0.429049
7 3544 -0.754125 -0.228005
12 3544 -0.61868 -0.311957
12 3420 -0.221177 -0.2744
7 2476 -0.353678 -0.656603
13 2368 -0.530346 -0.411374
13 2752 -0.144621 -1.00346
13 123 -0.874849 -0.654394
7 577 0.0379356 -0.96811
13 2771 -0.577458 -0.952645
13 3145 -0.250622 -0.252307
13 1671 0.302937 -1.0123
13 3148 -0.165232 -0.318585
13 1976 -0.447901 -0.190448
13 1851 -0.17701 -0.316376
13 2656 -0.324234 -0.0645196
7 3545 -0.851293 -0.1551
13 3545 -0.633402 -0.190448
7 3546 -0.751181 -0.957063
13 3546 -0.595124 -1.00125
7 995 -0.695236 0.11664
7 1868 -0.542124 -0.0490548
13 3156 -0.168177 -0.252307
13 1627 -0.745292 -0.581488
7 1785 -0.0297871 -0.879739
13 2755 -0.680514 -0.495327
7 3547 -0.733514 -0.961482
13 3547 -0.577458 -1.00567
13 3159 -0.483235 -0.444513
7 3089 -0.857182 -0.342887
7 686 -0.559791 0.134314
7 2157 -0.739403 -0.981365
13 2700 -0.486179 -0.256726
7 3548 -0.674625 -0.711835
13 3548 -0.330123 -0.806833
13 2737 -0.17701 -1.14485
7 3549 -1.18107 -0.0269621
13 3549 -0.827737 -0.0888215
13 3292 -0.394901 -0.0269621
7 3550 -0.0621762 -0.886367
13 3550 0.226381 -0.96811
13 3297 -0.474401 -0.0137065
13 1190 -0.374289 -0.404747
13 1342 -0.344845 -0.0402177
13 3301 -0.309511 -0.685324
7 3551 -0.444957 0.0989661
13 3551 -0.238844 0.0680364
13 1151 -0.462623 -0.228005
7 3552 -0.727625 -0.939389
13 3552 -0.571569 -0.983574
13 1177 -0.2889 -0.250098
7 3098 -0.350734 -1.06974
7 1518 -0.748237 -0.30533
13 970 -1.06918 -1.1316
7 3553 -0.156399 -0.828926
13 3553 0.120381 -0.90625
7 3554 -0.94846 -0.51521
13 3554 -0.760014 -0.557186
13 2717 0.235215 -0.974737
7 2411 -0.754125 -0.552768
7 3555 -0.321289 -0.457769
13 3555 -0.103399 -0.510791
13 455 -0.330123 -0.21254
13 478 -0.409623 -0.2744
13 3306 -0.179955 -0.537303
13 1870 -0.450846 -0.1551
13 2641 -0.359567 -0.66544
13 2015 -0.639291 -0.413584
7 3556 -0.374289 -0.250098
13 3556 -0.118121 -0.307539
7 1953 -0.0945653 -0.868693
7 1839 -0.733514 -0.870902
7 3557 -0.344845 -1.0852
13 3557 -0.182899 -1.12939
13 1627 -0.742348 -0.581488
7 213 -1.02796 -0.879739
13 2037 -0.430234 0.121059
7 3558 -0.362512 -0.69637
13 3558 -0.106343 -0.764857
7 3559 -0.754125 -0.78695
13 3559 -0.571569 -0.835554
13 191 -0.500901 0.0614086
13 3470 -0.297733 0.0591993
7 2925 -0.433179 -0.281028
13 2306 -0.874849 -0.656603
7 2546 -0.521513 -0.0556826
7 2539 -0.0327316 -0.895204
13 3331 -0.165232 -0.320795
13 3332 -0.462623 -0.106496
7 740 -1.16341 -0.994621
13 3233 -0.462623 -0.225796
7 3560 -0.633402 -0.700788
13 3560 -0.285956 -0.795787
13 3236 -0.489124 -0.413584
7 3561 -0.230011 -0.809042
13 3561 0.0320467 -0.881948
13 403 -0.0415649 -0.48428
13 2680 -0.606902 -0.236842
7 3562 -0.919015 -0.607999
13 3562 -0.75707 -0.645557
7 2234 -0.174066 -0.826717
13 1316 -0.556846 -0.444513
7 3563 0.0614913 -0.983574
13 3563 0.352993 -1.06753
7 3564 -0.907238 -0.535093
13 3564 -0.736459 -0.572651
13 2361 -0.165232 -0.528466
7 740 -1.16929 -1.00788
7 3565 -0.724681 -0.939389
13 3565 -0.56568 -0.983574
13 459 -0.830682 -0.667649
13 2616 -0.215288 -0.265563
13 3544 -0.492068 -0.281028
14 2200 -0.259455 -0.0446362
14 3354 0.090936 -0.599162
7 3099 -1.56091 -0.0910308
7 3566 -1.64041 -0.490908
14 3566 -1.63746 -0.360561
14 2342 -0.297733 -0.570442
7 3567 -0.556846 -0.406956
14 3567 -0.221177 -0.433467
14 837 -0.253566 0.0525715
14 809 -0.265344 0.136524
14 2712 0.0968249 -0.795787
14 3392 -0.633402 -0.572651
14 2760 0.0997694 -0.767066
7 3568 -0.677569 0.0128047
14 3568 -0.256511 -0.00486941
14 1143 -0.886626 -0.994621
7 3569 -0.774737 -0.285446
14 3569 -0.338956 -0.309748
7 3570 -1.56091 -0.0932401
14 3570 -1.02207 -0.0446362
14 3412 -0.15051 0.103385
7 30 -0.736459 0.0636179
7 3571 -1.52558 -0.172774
14 3571 -0.986738 -0.144053
8 1071 -1.04563 -0.612418
8 3572 -0.462623 -0.60579
9 3572 -0.53918 -0.599162
8 3573 -0.42729 -0.680905
9 3573 -0.50679 -0.674277
8 3574 -0.877793 -0.599162
9 3574 -0.945516 -0.596953
8 3575 -1.08685 -0.223587
9 3575 -1.18402 -0.219168
9 2319 -0.698181 -0.477652
8 3576 -0.394901 -0.709625
9 3576 -0.474401 -0.702998
9 745 -0.839515 -0.223587
8 3269 -0.330123 -0.742764
9 3150 -0.966127 -0.241261
8 3577 -0.333067 -0.387073
9 3577 -0.403734 -0.380445
9 1360 -0.559791 -0.501954
8 3578 -0.542124 -0.702998
9 3578 -0.609847 -0.698579
8 3579 -1.03091 -0.250098
9 3579 -1.12513 -0.245679
8 3580 -0.765903 -0.994621
9 3580 -0.824793 -0.992412
8 3317 -0.789459 -0.00486941
8 3581 -0.371345 -0.323004
9 3581 -0.447901 -0.316376
8 3582 -0.492068 -0.577069
9 3582 -0.568624 -0.570442
9 1131 -0.568624 -0.106496
8 3583 -0.129899 -0.895204
9 3583 -0.215288 -0.886367
8 3584 -0.627513 -0.135216
9 3584 -0.707014 -0.128588
8 3585 -0.736459 -0.762648
9 3585 -0.833626 -0.758229
8 3586 -0.748237 -0.917297
9 3586 -0.81007 -0.915087
8 3587 -0.698181 -0.508582
9 3587 -0.774737 -0.504164
9 1966 -0.892515 -0.0578918
9 3143 -0.789459 -0.400328
8 3282 -0.338956 -0.7273
8 3300 -0.406679 -0.475443
8 3588 -0.907238 -0.411374
9 3588 -0.97496 -0.409165
9 2279 -1.14279 -0.431258
8 3589 -1.60213 -0.130798
9 3589 -1.69635 -0.128588
8 3277 -0.362512 -0.504164
9 3167 -0.73057 -0.550558
8 2856 -0.59218 -0.0534733
8 3590 -1.40191 -0.48428
9 3590 -1.45491 -0.48649
8 3591 -0.751181 -0.771485
9 3591 -0.851293 -0.767066
8 3592 -0.851293 -0.57486
9 3592 -0.924904 -0.572651
9 536 -0.0886764 -0.287656
8 3593 -0.972016 -0.422421
9 3593 -1.06329 -0.418002
8 1918 -0.586291 0.132105
8 3594 -0.436123 -0.632301
9 3594 -0.512679 -0.625673
9 2625 -0.48029 -0.0446362
8 3595 -1.60508 -0.513001
9 3595 -1.65513 -0.517419
8 3596 -0.733514 -0.557186
9 3596 -0.815959 -0.552768
8 3597 -1.09863 -0.468815
9 3597 -1.18696 -0.466606
8 3598 -0.70407 -0.63451
9 3598 -0.792403 -0.630092
8 3599 -0.45379 -0.614627
9 3599 -0.530346 -0.607999
8 3600 -0.701125 -0.645557
9 3600 -0.789459 -0.641138
8 3601 -0.751181 -0.96811
9 3601 -0.81007 -0.9659
8 3602 -0.654014 -0.69637
9 3602 -0.733514 -0.691951
8 3603 -0.559791 -0.263354
9 3603 -0.642236 -0.256726
9 1856 -0.765903 -0.0777752
8 3604 -1.24585 -0.444513
9 3604 -1.33418 -0.444513
8 3605 -0.533291 0.11664
9 3605 -0.606902 0.125477
9 3145 -0.712903 -0.190448
8 3606 -0.447901 0.0857105
9 3606 -0.521513 0.0945476
8 3607 -0.471457 0.0282696
9 3607 -0.548013 0.0371066
8 3608 -0.530346 -0.839972
9 3608 -0.601013 -0.835554
8 3609 -0.695236 -0.66544
9 3609 -0.78357 -0.661022
8 3610 -0.598069 -0.0910308
9 3610 -0.692292 -0.0821937
9 3158 -0.571569 -0.135216
8 3291 -0.762959 -0.0490548
8 3346 -0.939627 -0.537303
8 3611 -0.686403 -0.561605
9 3611 -0.768848 -0.557186
8 3612 -0.497957 -0.0711474
9 3612 -0.574513 -0.0645196
8 2743 -0.0916209 -0.919506
9 2809 -1.13985 -0.45556
8 3613 -0.762959 0.0525715
9 3613 -0.83657 0.0591993
8 846 -0.963182 -0.614627
9 3234 -0.951405 -0.144053
8 3614 -0.754125 -1.04543
9 3614 -0.81007 -1.04322
9 1480 -0.724681 -0.276609
9 2710 -1.11629 -0.309748
9 1361 -0.721736 -0.12417
9 2283 -0.662847 -0.524047
8 3615 -0.771792 0.0525715
9 3615 -0.845404 0.0591993
8 3616 -0.977905 -0.362771
9 3616 -1.06918 -0.358352
8 3617 -0.333067 -1.13601
9 3617 -0.394901 -1.12939
8 3618 -1.04857 -0.431258
9 3618 -1.13396 -0.429049
8 3619 -0.804181 -0.0799845
9 3619 -0.880737 -0.0733567
8 3620 -0.283011 -0.530675
9 3620 -0.353678 -0.524047
8 3273 -0.40079 -0.141844
8 3621 -1.06624 -0.468815
9 3621 -1.15163 -0.466606
9 2803 -0.751181 -0.39591
8 3622 -0.627513 0.101175
9 3622 -0.707014 0.110012
9 3154 -0.483235 -0.194866
8 3623 -0.718792 -0.742764
9 3623 -0.813015 -0.738346
8 3624 -0.583346 -0.0313806
9 3624 -0.677569 -0.0225436
9 1916 -0.556846 -0.278818
8 3625 -0.960238 -0.446723
9 3625 -1.03974 -0.444513
8 3626 -0.754125 -0.384863
9 3626 -0.821848 -0.380445
9 3168 -0.957294 -0.205913
9 3204 -0.892515 -0.45556
8 3627 -0.556846 -0.773694
9 3627 -0.627513 -0.769276
8 3628 -0.495013 0.101175
9 3628 -0.568624 0.110012
8 3629 -0.421401 0.0702457
9 3629 -0.492068 0.0790827
8 3630 -0.542124 -0.084403
9 3630 -0.627513 -0.0755659
9 2830 -0.709958 0.154198
8 3631 -0.969071 -0.499745
9 3631 -1.03974 -0.497536
8 3632 -0.739403 -0.307539
9 3632 -0.818904 -0.30312
8 3633 -1.20463 -0.1551
9 3633 -1.30474 -0.150681
8 3634 -0.792403 -0.0755659
9 3634 -0.86896 -0.0689382
8 3635 -0.736459 -0.113123
9 3635 -0.815959 -0.106496
8 3636 -0.898404 -0.356143
9 3636 -0.983794 -0.351724
8 3637 -0.336011 -1.12276
9 3637 -0.397845 -1.11613
9 2337 -1.50496 -0.373817
8 3324 -0.598069 0.132105
8 3638 -0.509735 -0.669859
9 3638 -0.577458 -0.66544
8 538 -0.377234 -0.0689382
8 1196 -0.727625 -0.0446362
8 3639 -0.727625 -0.694161
9 3639 -0.818904 -0.689742
8 3640 -0.927849 -0.338469
9 3640 -1.01618 -0.33405
8 3641 -0.350734 -0.499745
9 3641 -0.418456 -0.493117
8 3642 -0.421401 -0.459978
9 3642 -0.492068 -0.453351
8 2201 -0.318345 -0.442304
8 3643 -0.447901 -0.638929
9 3643 -0.524457 -0.632301
9 1171 -0.568624 -0.102077
8 3644 -0.548013 -0.497536
9 3644 -0.603958 -0.493117
8 3645 -0.715847 0.00617691
9 3645 -0.792403 0.0128047
8 3646 -0.786515 -0.722881
9 3646 -0.877793 -0.718463
8 2054 -0.156399 -0.859856
8 1179 -0.745292 -0.117542
9 3238 -0.474401 -0.0954493
8 3647 -0.680514 -0.596953
9 3647 -0.762959 -0.592534
8 3343 -0.380178 -0.493117
8 293 -1.01618 -0.833344
8 3648 -0.365456 -0.738346
9 3648 -0.444957 -0.731718
8 3649 -0.892515 -0.391491
9 3649 -0.960238 -0.389282
8 1477 -1.26646 -0.429049
8 3650 -0.874849 -0.170564
9 3650 -0.951405 -0.166146
8 3651 -0.430234 -0.0777752
9 3651 -0.503846 -0.0689382
9 899 -0.777681 -0.0291714
8 3652 -1.2488 -0.418002
9 3652 -1.33713 -0.418002
9 3153 -0.680514 -0.234633
9 2814 -1.2488 -0.422421
8 3653 -1.03679 -0.431258
9 3653 -1.11335 -0.429049
8 3654 0.0762137 -0.281028
9 3654 0.0232133 -0.272191
8 3304 -0.503846 0.105594
8 3655 -1.60213 -0.133007
9 3655 -1.69635 -0.130798
8 3656 -0.336011 -1.12497
9 3656 -0.397845 -1.11834
8 3657 -0.748237 -0.93718
9 3657 -0.813015 -0.934971
9 522 -0.327178 -0.323004
8 3658 -1.07213 -0.917297
9 3658 -1.13985 -0.917297
9 2796 -0.854237 0.015014
8 3659 -0.515624 -0.497536
9 3659 -0.577458 -0.493117
8 3660 -0.707014 -0.764857
9 3660 -0.804181 -0.760439
8 3661 -1.51969 -0.294283
9 3661 -1.61391 -0.294283
8 3662 -0.642236 -0.519629
9 3662 -0.712903 -0.51521
8 3663 -0.168177 -0.853228
9 3663 -0.250622 -0.844391
8 3664 -0.748237 -0.146262
9 3664 -0.827737 -0.139635
8 3665 -1.06035 -0.890785
9 3665 -1.12807 -0.890785
8 3666 -0.162288 -0.886367
9 3666 -0.244733 -0.87753
8 3667 -1.08096 -0.300911
9 3667 -1.17518 -0.296493
8 3668 -0.904293 -0.380445
9 3668 -0.972016 -0.378235
8 3669 -0.524457 0.0923383
9 3669 -0.598069 0.101175
8 1625 -1.22818 -1.06311
8 3670 -0.665791 -0.566023
9 3670 -0.745292 -0.561605
8 3671 -0.930793 -0.559395
9 3671 -0.998516 -0.557186
9 2402 -0.624569 -0.404747
8 3672 -0.707014 -0.621255
9 3672 -0.792403 -0.616836
8 2694 -0.818904 -0.426839
8 2216 -0.244733 -0.811252
8 3673 -0.751181 -1.04764
9 3673 -0.807126 -1.04543
8 3674 0.411883 -0.234633
9 3674 0.350049 -0.223587
8 3322 -0.724681 -0.0357991
8 3675 -1.55796 -0.506373
9 3675 -1.60802 -0.510791
9 1334 -1.58741 -0.323004
8 3676 -0.365456 -0.736137
9 3676 -0.444957 -0.729509
8 1694 -1.05741 -0.87753
8 3677 -0.689347 -0.398119
9 3677 -0.762959 -0.3937
9 2636 -1.52852 -0.362771
8 3678 -0.786515 0.0326881
9 3678 -0.860126 0.0393159
8 3679 -1.60508 -0.117542
9 3679 -1.6993 -0.117542
8 2628 -0.780626 -0.446723
8 3680 -0.59218 -0.720672
9 3680 -0.662847 -0.716253
8 2244 -0.683458 -0.252307
8 3681 -0.138732 -0.897413
9 3681 -0.224122 -0.888576
8 3682 -1.47257 -0.338469
9 3682 -1.5668 -0.338469
9 3162 -1.14868 -0.239052
9 3174 -0.430234 -0.709625
8 3683 -1.42841 -0.367189
9 3683 -1.51969 -0.367189
9 1681 -1.39013 -0.477652
8 3684 -0.500901 -0.718463
9 3684 -0.56568 -0.714044
9 2815 -0.50679 -0.110914
8 3685 -0.762959 -0.926134
9 3685 -0.827737 -0.923924
8 3332 -0.748237 -0.0777752
8 1927 -0.754125 -0.418002
8 2641 -0.721736 -0.60579
9 3146 -0.648125 -0.269981
9 2005 -0.533291 -0.647766
8 3686 -0.724681 -0.0380084
9 3686 -0.804181 -0.0313806
8 3687 -0.324234 -0.740555
9 3687 -0.40079 -0.733927
8 3688 -0.712903 -0.0645196
9 3688 -0.786515 -0.0578918
8 3689 -0.106343 -0.917297
9 3689 -0.191733 -0.908459
9 3247 -1.15457 -0.2744
8 3690 -0.94846 -0.559395
9 3690 -1.01618 -0.557186
9 3230 -1.12807 -0.269981
8 3691 -0.530346 -0.250098
9 3691 -0.609847 -0.24347
8 3692 -1.15457 -0.429049
9 3692 -1.24291 -0.426839
8 3693 -1.5138 -0.300911
9 3693 -1.60802 -0.300911
8 3694 -0.462623 -0.084403
9 3694 -0.53918 -0.0755659
8 3695 -0.603958 -0.0534733
9 3695 -0.689347 -0.0446362
8 3696 -0.474401 -0.594744
9 3696 -0.550957 -0.588116
8 3697 -0.409623 -0.418002
9 3697 -0.483235 -0.411374
8 3698 -1.26352 -0.404747
9 3698 -1.3548 -0.402537
8 3699 -0.656958 -0.54393
9 3699 -0.736459 -0.539512
8 3700 -0.889571 -0.39591
9 3700 -0.957294 -0.3937
8 3701 -0.515624 0.112222
9 3701 -0.589235 0.121059
8 3702 -0.462623 0.0989661
9 3702 -0.536235 0.107803
8 3703 -0.474401 -0.596953
9 3703 -0.550957 -0.590325
8 3704 -1.12218 -0.921715
9 3704 -1.19285 -0.921715
8 3705 -0.318345 -0.510791
9 3705 -0.389012 -0.504164
8 3706 -0.583346 -0.784741
9 3706 -0.654014 -0.780322
8 3707 -1.14574 -0.462188
9 3707 -1.23113 -0.459978
8 3708 -0.442012 0.0702457
9 3708 -0.515624 0.0790827
8 3289 -0.444957 -0.234633
8 3709 -0.333067 -0.501954
9 3709 -0.403734 -0.495327
8 3337 -0.50679 -0.139635
8 3710 -0.712903 -0.806833
9 3710 -0.81007 -0.802415
8 425 -0.845404 -0.661022
8 3711 -0.748237 -0.444513
9 3711 -0.824793 -0.440095
9 3236 -0.889571 -0.36498
8 3712 -0.545068 0.136524
9 3712 -0.61868 0.145361
8 3713 -0.409623 -0.0932401
9 3713 -0.483235 -0.084403
8 3714 -0.48029 0.0923383
9 3714 -0.553902 0.101175
8 3715 -0.377234 -0.126379
9 3715 -0.450846 -0.117542
8 3716 -0.489124 0.0879198
9 3716 -0.56568 0.0967568
8 3717 -0.648125 -0.269981
9 3717 -0.736459 -0.263354
8 3718 -1.02502 -0.272191
9 3718 -1.11924 -0.267772
8 3719 -1.08391 -0.932761
9 3719 -1.15163 -0.932761
8 3720 -0.715847 -0.921715
9 3720 -0.777681 -0.919506
8 542 -0.497957 -0.141844
8 3721 -1.0044 -0.276609
9 3721 -1.09568 -0.272191
8 3722 -0.698181 -0.616836
9 3722 -0.78357 -0.612418
8 3723 -1.60508 -0.119751
9 3723 -1.6993 -0.119751
9 2270 -0.807126 -0.186029
8 3724 -0.509735 0.0879198
9 3724 -0.586291 0.0967568
8 3725 -0.595124 -0.159518
9 3725 -0.686403 -0.150681
8 3726 -1.19874 -0.159518
9 3726 -1.29885 -0.1551
9 130 -0.745292 -0.106496
8 1820 -1.02796 -0.278818
8 3727 -0.465568 0.081292
9 3727 -0.53918 0.090129
8 3728 -0.368401 -0.493117
9 3728 -0.436123 -0.48649
8 3729 0.0202688 -0.289865
9 3729 -0.0445094 -0.281028
8 3730 -1.03679 -0.296493
9 3730 -1.13396 -0.292074
9 1197 -0.568624 -0.104286
9 1635 -0.668736 -0.506373
8 3731 -1.17813 -0.420212
9 3731 -1.26646 -0.418002
9 1976 -0.827737 -0.148472
8 3732 -0.73057 -0.970319
9 3732 -0.792403 -0.96811
8 3733 -1.04563 -0.329632
9 3733 -1.13985 -0.325213
8 3305 -0.715847 -0.75602
8 3734 -0.627513 -0.177192
9 3734 -0.709958 -0.170564
8 3735 -0.986738 -0.325213
9 3735 -1.07802 -0.320795
8 3736 -0.636347 -0.596953
9 3736 -0.712903 -0.592534
8 3737 -1.08391 -0.457769
9 3737 -1.16635 -0.45556
8 3738 -0.562735 -0.33405
9 3738 -0.639291 -0.327422
8 3739 -1.59624 -0.148472
9 3739 -1.69047 -0.146262
8 1368 -0.450846 -0.380445
8 3740 -0.762959 -0.495327
9 3740 -0.83657 -0.490908
8 3741 -0.542124 0.121059
9 3741 -0.61868 0.129896
8 3742 -0.333067 -0.764857
9 3742 -0.415512 -0.758229
9 3209 -1.17224 -0.208122
8 3302 -0.129899 -0.873111
8 3743 -0.386067 -0.442304
9 3743 -0.456735 -0.435676
9 2396 -1.04268 -0.468815
8 3744 -1.02502 -0.468815
9 3744 -1.11041 -0.466606
9 3169 -0.471457 -0.318585
8 1297 -1.03091 -0.824507
9 3208 -1.18107 -0.21475
8 3314 -0.344845 -0.7273
8 3344 -1.09863 -0.459978
8 3203 -0.424345 -0.239052
8 3745 -0.459679 -0.084403
9 3745 -0.536235 -0.0755659
8 3267 -1.08685 -0.437886
8 3746 -1.08096 -0.298702
9 3746 -1.17518 -0.294283
8 3747 -0.972016 -0.294283
9 3747 -1.06329 -0.289865
8 3748 -0.350734 -1.08741
9 3748 -0.412568 -1.08078
8 3749 -0.762959 -1.00346
9 3749 -0.821848 -1.00125
8 3750 -0.977905 -0.488699
9 3750 -1.05152 -0.48649
8 3751 -0.330123 -1.13822
9 3751 -0.391956 -1.1316
8 3752 -0.559791 -0.283237
9 3752 -0.64518 -0.276609
8 3753 -0.386067 -0.471025
9 3753 -0.456735 -0.464397
8 547 -0.509735 -0.170564
8 954 -0.642236 -0.265563
8 3754 -0.227066 -0.839972
9 3754 -0.312456 -0.831135
8 3755 -0.701125 -0.831135
9 3755 -0.801237 -0.826717
8 3756 -0.56568 0.121059
9 3756 -0.642236 0.129896
9 2389 -1.20463 -0.225796
8 3757 -0.933738 -0.594744
9 3757 -1.00146 -0.592534
8 3758 -1.21346 -0.144053
9 3758 -1.31652 -0.139635
9 1990 -0.780626 -0.21475
8 3759 -1.42252 -0.378235
9 3759 -1.51085 -0.378235
8 2652 -0.0827875 -0.912878
9 3211 -0.500901 -0.63672
8 3760 -0.919015 -0.261144
9 3760 -0.995572 -0.256726
8 3761 -0.668736 -0.652185
9 3761 -0.754125 -0.647766
8 1313 -0.933738 -0.581488
8 3762 -1.07213 -0.199285
9 3762 -1.16929 -0.194866
8 3763 -1.25468 -0.406956
9 3763 -1.34596 -0.404747
8 60 -0.686403 -0.223587
8 3301 -0.67168 -0.625673
8 3764 -0.474401 0.105594
9 3764 -0.545068 0.114431
8 3765 -0.521513 -0.0932401
9 3765 -0.598069 -0.0866123
9 2009 -1.02207 -0.406956
8 3766 -0.521513 0.0503623
9 3766 -0.603958 0.0591993
8 3767 -1.31946 -0.389282
9 3767 -1.4078 -0.389282
9 2798 -1.10452 -0.433467
8 3768 -1.13396 -0.225796
9 3768 -1.23407 -0.221378
8 3769 -1.25468 -0.106496
9 3769 -1.35774 -0.102077
9 638 -0.754125 -0.194866
8 3770 -0.754125 -1.04322
9 3770 -0.81007 -1.04102
8 3771 -0.568624 0.132105
9 3771 -0.64518 0.140942
9 1280 -0.751181 -0.404747
9 715 -0.818904 -0.323004
8 2688 -0.48029 -0.181611
8 3772 -0.330123 -1.14043
9 3772 -0.391956 -1.1338
9 285 -0.465568 -0.289865
8 3773 -0.409623 0.00396765
9 3773 -0.48029 0.0128047
8 3774 -0.913127 -0.54614
9 3774 -0.980849 -0.54393
9 642 -1.14868 -0.932761
9 2741 -0.67168 -0.504164
8 3775 -0.442012 -0.0777752
9 3775 -0.518568 -0.0689382
8 3776 -0.89546 -0.267772
9 3776 -0.97496 -0.263354
8 3777 -0.450846 0.0790827
9 3777 -0.524457 0.0879198
8 3778 -0.306567 -0.744974
9 3778 -0.386067 -0.738346
8 3779 -0.503846 -0.72509
9 3779 -0.571569 -0.720672
8 3780 -1.46374 -0.345096
9 3780 -1.55502 -0.345096
8 3781 -0.689347 -0.69637
9 3781 -0.780626 -0.691951
8 3782 -1.40485 -0.380445
9 3782 -1.49613 -0.380445
9 2634 -1.21641 -0.459978
8 3783 -1.45196 -0.353934
9 3783 -1.54324 -0.353934
8 3784 -0.886626 -0.60579
9 3784 -0.954349 -0.603581
8 3785 -0.866015 -0.367189
9 3785 -0.94846 -0.362771
8 3285 -0.0827875 -0.939389
9 3144 -1.41957 -0.384863
8 3786 -0.483235 -0.110914
9 3786 -0.559791 -0.104286
8 2338 -0.648125 -0.409165
8 3787 -0.433179 -0.442304
9 3787 -0.503846 -0.435676
8 3788 -1.17518 -0.192657
9 3788 -1.2753 -0.188239
8 3789 -1.12807 -0.431258
9 3789 -1.21346 -0.429049
8 3790 -0.53918 0.112222
9 3790 -0.612791 0.121059
8 3791 -0.709958 -0.535093
9 3791 -0.789459 -0.530675
8 3792 -1.59624 -0.513001
9 3792 -1.65219 -0.517419
8 3793 -1.14574 -0.429049
9 3793 -1.23113 -0.426839
8 3794 -0.880737 -0.234633
9 3794 -0.960238 -0.230215
8 3795 -0.733514 -0.625673
9 3795 -0.818904 -0.621255
8 3796 -0.500901 -0.0225436
9 3796 -0.577458 -0.0137065
8 3797 -0.515624 0.101175
9 3797 -0.589235 0.110012
8 3798 -0.462623 -0.667649
9 3798 -0.53918 -0.661022
9 2764 -0.957294 -0.289865
8 3799 -0.910182 -0.625673
9 3799 -0.980849 -0.623464
8 3800 -0.942571 -0.601371
9 3800 -1.00735 -0.599162
8 3801 -0.727625 -0.499745
9 3801 -0.801237 -0.495327
8 3802 -0.718792 -0.674277
10 3802 -0.792403 -0.820089
8 3803 -0.500901 -0.104286
10 3803 -0.580402 -0.208122
8 3804 -0.465568 -0.0269621
10 3804 -0.545068 -0.126379
8 3403 -0.321289 -0.2744
8 3370 -0.833626 -0.0711474
10 3582 -0.56568 -0.687533
8 854 -0.927849 -0.733927
10 3585 -0.807126 -0.926134
8 3805 -1.19285 -0.45556
10 3805 -1.29002 -0.583697
10 3178 -0.397845 -0.426839
8 549 -0.336011 -0.254517
8 906 -0.609847 0.0437345
10 3300 -0.483235 -0.559395
10 3157 -0.945516 -0.548349
8 3806 -0.497957 -0.0291714
10 3806 -0.577458 -0.130798
10 2681 -0.477346 -0.21475
10 2625 -0.486179 -0.150681
10 3213 -0.424345 -0.307539
10 3596 -0.81007 -0.680905
10 2787 -0.471457 -0.250098
8 3807 -0.338956 -0.225796
10 3807 -0.418456 -0.318585
8 3808 -0.442012 -0.0866123
10 3808 -0.521513 -0.188239
10 3600 -0.774737 -0.782531
8 3809 -0.344845 -0.186029
10 3809 -0.424345 -0.278818
10 3607 -0.550957 -0.0689382
8 3810 -0.866015 -0.36498
10 3810 -0.94846 -0.488699
10 802 -0.760014 0.0304788
10 3346 -1.02502 -0.63672
10 3612 -0.577458 -0.174983
10 2045 -1.07802 -0.541721
10 2037 -0.751181 0.048153
8 2295 -0.677569 0.136524
10 3273 -0.48029 -0.241261
8 3811 -0.603958 -0.700788
10 3811 -0.674625 -0.813461
8 3812 -0.394901 -0.179401
10 3812 -0.474401 -0.278818
8 3813 -0.3154 -0.30312
10 3813 -0.394901 -0.398119
10 3631 -1.05741 -0.603581
10 3219 -0.418456 -0.281028
10 996 -0.656958 -0.599162
8 3814 -0.698181 0.101175
10 3814 -0.78357 0.00617691
8 3815 -0.721736 -0.524047
10 3815 -0.798292 -0.641138
8 3372 -0.739403 -0.376026
10 3238 -0.48029 -0.201494
8 3816 -0.492068 -0.0534733
10 3816 -0.571569 -0.15289
8 3817 -0.389012 -0.110914
10 3817 -0.468512 -0.210331
10 2267 -0.92196 -0.462188
8 3818 -0.818904 -0.0203343
10 3818 -0.907238 -0.117542
8 3819 -0.471457 -0.418002
10 3819 -0.548013 -0.51521
8 3419 -0.439068 -0.110914
8 3820 -0.571569 -0.440095
10 3820 -0.648125 -0.530675
8 3821 -0.815959 -0.0269621
10 3821 -0.904293 -0.128588
8 3822 -0.492068 -0.0601011
10 3822 -0.571569 -0.163937
8 3823 -0.81007 -0.0137065
10 3823 -0.898404 -0.110914
8 3824 -0.424345 -0.12417
10 3824 -0.503846 -0.223587
8 1701 -0.509735 -0.568232
8 3825 0.29116 -0.252307
10 3825 0.193992 -0.309748
8 3367 -0.415512 -0.0623104
8 3826 -0.733514 -0.738346
10 3826 -0.804181 -0.897413
10 3662 -0.718792 -0.621255
8 3827 -0.683458 -0.327422
10 3827 -0.762959 -0.42463
10 3665 -1.14279 -1.00125
10 1625 -1.31652 -1.18241
10 3671 -1.01618 -0.658812
10 2288 -0.777681 -0.435676
8 3260 -0.866015 -0.482071
8 3828 -0.568624 -0.459978
10 3828 -0.64518 -0.550558
8 3829 -0.347789 -0.466606
10 3829 -0.42729 -0.566023
8 3830 -0.40079 -0.102077
10 3830 -0.48029 -0.199285
10 2815 -0.509735 -0.219168
8 1628 -0.609847 0.134314
8 3831 -0.365456 -0.126379
10 3831 -0.444957 -0.219168
8 3194 -0.324234 -0.289865
8 2903 -0.371345 -0.499745
8 3832 -0.668736 -0.532884
10 3832 -0.745292 -0.647766
10 3690 -1.03385 -0.661022
8 2617 -0.639291 0.0503623
8 3358 -0.444957 -0.0777752
8 3833 -0.344845 -0.216959
10 3833 -0.424345 -0.309748
8 3834 0.288215 -0.252307
10 3834 0.191048 -0.309748
10 3694 -0.542124 -0.186029
8 3835 -0.333067 -0.230215
10 3835 -0.412568 -0.325213
8 3836 -0.577458 -0.420212
10 3836 -0.654014 -0.513001
10 281 -1.15457 -1.01671
8 3837 -0.680514 0.110012
10 3837 -0.765903 0.0172232
10 3710 -0.78357 -0.981365
10 3236 -0.883682 -0.48649
8 1891 -0.483235 0.0348974
10 542 -0.577458 -0.247889
8 1015 -0.403734 -0.972528
10 3721 -1.09274 -0.409165
8 3838 -0.300678 -0.3937
10 3838 -0.380178 -0.48428
10 3228 -1.29296 -0.548349
10 3246 -0.468512 -0.433467
10 2786 -0.521513 -0.345096
10 1635 -0.67168 -0.619046
8 3839 -0.503846 -0.0137065
10 3839 -0.583346 -0.113123
8 3840 -0.503846 -0.0159158
10 3840 -0.583346 -0.115333
8 3841 -1.13985 -0.106496
10 3841 -1.23996 -0.239052
10 620 -1.06035 -0.499745
8 3842 -0.715847 -0.314167
10 3842 -0.795348 -0.42463
8 2897 -0.786515 -0.000450882
8 3843 -0.495013 -0.0711474
10 3843 -0.574513 -0.174983
8 3844 -0.391956 -0.479862
10 3844 -0.468512 -0.566023
8 3311 -0.553902 0.121059
8 3845 -0.56568 -0.802415
10 3845 -0.639291 -0.908459
8 3846 -0.662847 -0.524047
10 3846 -0.739403 -0.63672
8 3847 -0.383123 -0.1551
10 3847 -0.462623 -0.252307
8 3848 -0.721736 -0.78695
10 3848 -0.792403 -0.954854
8 3849 -0.45379 -0.0733567
10 3849 -0.533291 -0.170564
8 3850 -0.648125 0.00838618
10 3850 -0.73057 -0.0954493
10 3745 -0.53918 -0.186029
10 3267 -1.17813 -0.563814
8 157 -0.927849 -0.581488
8 682 -0.609847 0.140942
8 3851 -0.701125 -0.519629
10 3851 -0.777681 -0.63451
10 3750 -1.06624 -0.594744
8 3852 -1.17224 -0.459978
10 3852 -1.26941 -0.585907
10 2256 -1.05446 -0.588116
8 3853 -0.324234 -0.265563
10 3853 -0.403734 -0.360561
10 3765 -0.601013 -0.199285
8 3854 -0.391956 -0.148472
10 3854 -0.471457 -0.247889
8 558 -0.536235 -0.276609
8 2749 -1.07802 -0.923924
10 3242 -0.433179 -0.267772
8 3855 -0.913127 -0.356143
10 3855 -0.998516 -0.473234
8 3856 -0.936682 -0.581488
10 3856 -1.02207 -0.678696
10 530 -1.10157 -0.54393
8 2912 -0.771792 0.0547808
10 1312 -0.571569 -0.210331
8 3857 -0.786515 -0.782531
10 3857 -0.854237 -0.954854
8 1224 -0.762959 0.0503623
8 3858 -0.327178 -0.261144
10 3858 -0.406679 -0.356143
8 3859 -0.347789 -0.501954
10 3859 -0.42729 -0.596953
8 861 -0.56568 -0.539512
10 3786 -0.562735 -0.21475
8 3860 -0.509735 -0.139635
10 3860 -0.589235 -0.245679
8 1017 -0.321289 -0.265563
10 2790 -0.860126 -0.323004
10 3791 -0.786515 -0.654394
8 3861 -0.59218 -0.48649
10 3861 -0.668736 -0.590325
8 3862 -0.742348 -0.0755659
10 3862 -0.827737 -0.181611
10 3800 -1.02796 -0.698579
11 1490 -0.447901 -0.351724
11 3573 -0.424345 -0.778113
11 2319 -0.615736 -0.590325
11 237 -1.12513 -1.06974
8 3863 -0.421401 -0.252307
11 3863 -0.397845 -0.360561
11 549 -0.333067 -0.342887
8 313 -0.589235 -0.181611
11 3300 -0.418456 -0.557186
11 3171 -0.45379 -0.216959
11 1918 -0.589235 0.0503623
8 3864 -1.26941 0.00175838
11 3864 -1.25468 -0.137425
11 2625 -0.406679 -0.139635
11 3597 -1.11335 -0.596953
11 3808 -0.433179 -0.181611
8 3865 -0.486179 -0.773694
11 3865 -0.48029 -0.87753
8 3866 -1.1958 -0.146262
11 3866 -1.17813 -0.289865
11 802 -0.689347 0.048153
8 3867 -0.854237 -0.462188
11 3867 -0.863071 -0.572651
11 3197 -0.391956 -0.338469
8 3868 -1.26057 -0.00266015
11 3868 -1.24291 -0.144053
11 3620 -0.271233 -0.632301
8 3869 -0.707014 -0.265563
11 3869 -0.692292 -0.378235
11 3273 -0.394901 -0.234633
8 3271 -0.386067 -0.188239
8 3870 -0.359567 -1.06532
11 3870 -0.359567 -1.16253
8 3871 -0.45379 0.090129
11 3871 -0.462623 0.015014
8 3872 -0.444957 -0.868693
11 3872 -0.442012 -0.970319
8 3873 -0.318345 -0.413584
11 3873 -0.306567 -0.513001
11 3632 -0.727625 -0.420212
11 3815 -0.70407 -0.645557
8 3874 -0.371345 -0.228005
11 3874 -0.359567 -0.325213
8 3875 -0.377234 -0.225796
11 3875 -0.365456 -0.323004
11 3642 -0.430234 -0.54393
11 3224 -1.14868 -0.347306
8 1084 -0.495013 0.0393159
8 3876 -0.786515 0.00175838
11 3876 -0.801237 -0.0821937
11 3238 -0.397845 -0.192657
11 3202 -0.530346 -0.0888215
11 2048 -0.677569 -0.130798
11 3817 -0.386067 -0.199285
8 3877 -0.353678 -1.07857
11 3877 -0.353678 -1.17578
11 3819 -0.456735 -0.521838
11 3651 -0.42729 -0.166146
11 3419 -0.430234 -0.205913
11 3820 -0.580402 -0.530675
11 3194 -0.321289 -0.380445
11 3824 -0.418456 -0.216959
8 3878 -0.362512 -0.353934
11 3878 -0.347789 -0.453351
8 3879 -1.12513 -0.250098
11 3879 -1.10746 -0.391491
8 3880 -1.24291 -0.0114972
11 3880 -1.22524 -0.15289
8 3881 -0.430234 0.0636179
11 3881 -0.439068 -0.0114972
8 3882 -1.25174 -0.00707871
11 3882 -1.23407 -0.148472
11 3188 -0.562735 -0.652185
8 3883 -0.374289 -0.999039
11 3883 -0.374289 -1.09625
8 3884 -0.677569 -0.530675
11 3884 -0.662847 -0.647766
11 2402 -0.583346 -0.499745
11 1982 -0.64518 -0.444513
8 3885 -0.391956 -0.994621
11 3885 -0.391956 -1.09183
8 3886 -0.739403 -0.309748
11 3886 -0.727625 -0.422421
11 3183 -0.880737 -0.398119
8 1983 -0.509735 0.0437345
11 3830 -0.397845 -0.190448
8 3887 -0.371345 -0.289865
11 3887 -0.350734 -0.39591
8 3888 -1.18991 -0.444513
11 3888 -1.20168 -0.581488
8 3889 -0.612791 -0.468815
11 3889 -0.61868 -0.566023
11 2595 -0.462623 -0.250098
8 3890 -0.439068 -0.928343
11 3890 -0.42729 -1.03881
11 3358 -0.439068 -0.168355
8 1028 -0.336011 -0.256726
8 3891 -0.545068 -0.599162
11 3891 -0.542124 -0.700788
11 3702 -0.471457 0.023851
11 3705 -0.306567 -0.612418
11 3216 -0.356623 -0.362771
8 3892 -0.674625 -0.510791
11 3892 -0.662847 -0.625673
11 3718 -1.0044 -0.409165
11 1891 -0.48029 -0.051264
11 1288 -1.06918 -1.01671
11 542 -0.483235 -0.24347
8 3893 -0.609847 -0.418002
11 3893 -0.606902 -0.519629
8 2217 -0.462623 -0.223587
8 3894 -0.391956 -0.992412
11 3894 -0.391956 -1.08962
8 3895 -1.12807 -0.110914
11 3895 -1.10746 -0.250098
8 3896 -0.471457 -0.658812
11 3896 -0.474401 -0.753811
8 3897 -0.559791 -0.760439
11 3897 -0.550957 -0.870902
8 3898 -0.477346 0.0857105
11 3898 -0.483235 0.00617691
8 3899 -0.633402 -0.530675
11 3899 -0.624569 -0.641138
8 1384 -0.365456 -0.433467
11 3734 -0.609847 -0.287656
8 3900 -1.15163 -0.0888215
11 3900 -1.13102 -0.228005
8 3901 -0.406679 -0.172774
11 3901 -0.397845 -0.267772
8 3902 -0.56568 -0.610208
11 3902 -0.568624 -0.709625
11 3177 -0.659903 -0.415793
8 3903 -1.32535 -0.018125
11 3903 -1.31946 -0.157309
11 3743 -0.377234 -0.539512
8 3904 -0.333067 -0.371608
11 3904 -0.324234 -0.466606
11 3849 -0.447901 -0.166146
11 3203 -0.403734 -0.345096
8 3905 -0.333067 -0.369398
11 3905 -0.324234 -0.464397
8 3906 -0.515624 -0.773694
11 3906 -0.518568 -0.873111
8 3907 -1.20168 -0.0335899
11 3907 -1.16929 -0.18382
11 3748 -0.350734 -1.18462
11 3756 -0.574513 0.0437345
11 1096 -0.583346 -0.54614
8 3482 -0.415512 -0.307539
8 3908 -0.818904 -0.559395
11 3908 -0.813015 -0.680905
11 3760 -0.936682 -0.362771
8 3909 -1.33418 -0.00928797
11 3909 -1.3283 -0.148472
8 3910 -1.19285 -0.0556826
11 3910 -1.17518 -0.194866
11 3766 -0.524457 -0.0335899
8 3911 -1.16046 -0.0799845
11 3911 -1.14279 -0.216959
8 3912 -1.02502 -0.431258
11 3912 -1.03091 -0.557186
8 3913 -0.515624 -0.616836
11 3913 -0.515624 -0.716253
8 3914 -1.33418 -0.00707871
11 3914 -1.33124 -0.144053
8 3915 -1.26352 -0.0799845
11 3915 -1.2488 -0.223587
11 3775 -0.436123 -0.168355
8 3916 -0.542124 0.114431
11 3916 -0.550957 0.0371066
8 3917 -0.447901 -0.0821937
11 3917 -0.442012 -0.174983
8 3918 -0.901349 -0.205913
11 3918 -0.919015 -0.30312
8 3919 -0.380178 -0.190448
11 3919 -0.371345 -0.285446
8 3920 -1.05152 -0.908459
11 3920 -1.03385 -1.06974
11 2290 -0.436123 -0.402537
8 3921 -0.415512 -0.908459
11 3921 -0.415512 -1.00567
8 613 -0.81007 -0.230215
8 3922 -1.08685 -0.216959
11 3922 -1.06624 -0.356143
8 3923 -0.465568 -0.300911
11 3923 -0.444957 -0.409165
8 3924 -0.353678 -0.987993
11 3924 -0.338956 -1.09625
11 3252 -0.2624 -1.17578
8 3925 -1.27824 -0.0556826
11 3925 -1.26646 -0.197076
8 3926 -1.25468 -0.00486941
11 3926 -1.23702 -0.146262
8 3927 -0.571569 -0.581488
11 3927 -0.574513 -0.680905
8 2909 -0.807126 -0.60579
8 3928 -0.815959 -0.110914
11 3928 -0.821848 -0.208122
12 1490 -0.274178 -0.309748
12 3166 -0.439068 -0.292074
8 3261 -0.218233 -0.603581
8 2194 -0.294789 -0.797996
12 1783 0.214604 -1.04102
8 3929 -0.2889 -0.771485
12 3929 -0.0621762 -0.855437
12 2637 -0.459679 0.0525715
8 3930 -0.294789 -0.466606
12 3930 -0.103399 -0.535093
12 2383 -0.389012 -0.294283
8 3047 -1.0044 -0.621255
12 17 -0.412568 -0.325213
12 3610 -0.336011 -0.172774
12 3810 -0.662847 -0.446723
12 3620 -0.121066 -0.592534
8 3931 -0.277122 -0.475443
12 3931 -0.0945653 -0.541721
12 2791 -0.83657 -0.537303
8 2597 -0.333067 -0.767066
12 2800 -0.83657 -0.535093
8 3932 -0.200566 -0.835554
12 3932 0.0349911 -0.919506
12 3219 -0.203511 -0.236842
8 3359 -0.391956 -0.946017
12 3324 -0.462623 0.0923383
12 3232 -0.901349 -0.899622
12 3815 -0.536235 -0.603581
12 760 -0.2889 -0.245679
8 1971 -0.67168 0.00396765
8 3933 -0.833626 -0.479862
12 3933 -0.630458 -0.566023
12 2780 -0.586291 -0.446723
8 1943 -0.813015 -0.0556826
8 1259 -0.804181 -0.230215
8 3934 -0.212344 -0.826717
12 3934 0.0232133 -0.910669
8 3935 -0.259455 -0.822298
12 3935 -0.0238981 -0.908459
8 3936 -0.477346 -0.190448
12 3936 -0.291844 -0.254517
12 3663 0.0703248 -0.93718
12 3672 -0.465568 -0.718463
12 1982 -0.497957 -0.406956
8 3937 -1.21935 -0.139635
12 3937 -0.977905 -0.228005
12 3148 -0.277122 -0.336259
12 2812 -1.00735 -0.510791
8 3938 -0.179955 -0.8466
12 3938 0.0585469 -0.930552
8 2302 -0.497957 -0.0225436
12 3829 -0.185844 -0.528466
12 3162 -0.815959 -0.33405
8 2671 -0.486179 0.0967568
8 3939 -0.556846 -0.252307
12 3939 -0.333067 -0.329632
8 3511 -0.972016 -0.537303
12 3146 -0.350734 -0.351724
8 2663 -0.553902 -0.24347
8 3940 -0.250622 -0.519629
12 3940 -0.079843 -0.583697
12 3695 -0.436123 -0.108705
12 2819 -0.271233 -0.300911
8 3941 -0.580402 0.138733
12 3941 -0.444957 0.0989661
8 2275 -0.989683 -0.758229
12 3702 -0.336011 0.0591993
8 3942 -0.42729 0.0614086
12 3942 -0.303622 0.0216418
12 3716 -0.353678 0.0459437
8 434 -1.12513 -0.950436
8 2592 -0.250622 -0.81567
8 3943 -0.48029 -0.495327
12 3943 -0.389012 -0.541721
8 396 -0.721736 -0.15289
8 1910 -0.324234 -0.506373
8 3944 -1.32241 -0.0313806
12 3944 -1.07507 -0.117542
8 3539 -1.13985 -0.0932401
8 3945 -0.866015 -0.329632
12 3945 -0.712903 -0.39591
12 2217 -0.274178 -0.289865
12 3844 -0.268289 -0.532884
12 1822 -0.957294 -0.530675
12 3741 -0.409623 0.081292
8 3414 -0.762959 -0.30312
12 1297 -0.901349 -0.915087
12 3851 -0.518568 -0.596953
12 1990 -0.497957 -0.292074
8 3946 -0.586291 -0.192657
12 3946 -0.368401 -0.265563
8 3947 -0.221177 -0.820089
12 3947 0.0173243 -0.90625
8 1967 -0.309511 -0.517419
8 3948 -0.359567 -0.504164
12 3948 -0.2359 -0.557186
8 3529 -0.397845 -0.477652
12 2664 -0.61868 -0.48649
8 3949 -0.283011 -0.537303
12 3949 -0.121066 -0.599162
12 3854 -0.241789 -0.201494
8 3950 -0.680514 -0.446723
12 3950 -0.527402 -0.513001
8 3951 -1.20757 -0.159518
12 3951 -0.969071 -0.247889
8 3952 -1.01029 -0.433467
12 3952 -0.842459 -0.513001
12 285 -0.200566 -0.362771
12 3855 -0.742348 -0.429049
8 3953 -0.686403 -0.530675
12 3953 -0.512679 -0.60579
12 3916 -0.409623 0.0746642
12 2392 -0.0032869 -0.928343
12 3776 -0.727625 -0.336259
12 3923 -0.280067 -0.367189
8 1878 -0.135788 -0.892995
12 3791 -0.515624 -0.616836
12 3795 -0.489124 -0.72509
8 3954 -0.553902 -0.228005
12 3954 -0.318345 -0.307539
12 976 -0.2624 -0.39591
8 1737 -0.244733 -0.508582
13 313 -0.200566 -0.241261
13 2006 -0.3419 -0.000450882
13 2397 -0.406679 -0.252307
8 682 -0.606902 0.140942
13 2813 -0.439068 0.0879198
13 2791 -0.712903 -0.493117
8 3955 -1.44019 -0.33405
13 3955 -1.11924 -0.362771
13 2597 -0.00917586 -0.826717
13 2800 -0.712903 -0.490908
13 3324 -0.353678 0.105594
13 2777 -0.815959 -0.493117
8 3554 -0.963182 -0.528466
13 3153 -0.232955 -0.296493
13 2386 -0.450846 -0.247889
13 3658 -0.877793 -0.9659
8 2602 -0.212344 -0.590325
13 1982 -0.40079 -0.382654
8 3956 -1.16929 -0.429049
13 3956 -0.857182 -0.466606
13 3165 -1.09863 -0.387073
13 1608 -0.465568 -0.466606
8 2299 -0.777681 -0.57486
13 281 -0.86896 -0.950436
8 1979 -0.359567 -0.506373
8 1038 -0.715847 0.0680364
8 1403 -1.18696 -1.02555
8 1556 -0.509735 0.0393159
8 2239 -1.18402 -0.994621
13 3843 -0.221177 -0.113123
8 2541 -0.56568 -0.2744
8 3957 -0.777681 -0.563814
13 3957 -0.515624 -0.60579
13 682 -0.371345 0.11664
8 1901 -0.209399 -0.859856
8 1785 -0.0886764 -0.899622
13 1967 -0.0739541 -0.563814
8 2944 -0.253566 -0.579279
8 490 -0.986738 -0.826717
8 3958 -0.81007 -0.338469
13 3958 -0.500901 -0.380445
13 613 -0.495013 -0.269981
13 1220 -0.415512 -0.420212
13 3928 -0.548013 -0.137425
13 2794 -0.386067 -0.254517
8 3959 -0.439068 0.0768734
14 3959 -0.100454 0.0790827
14 3645 -0.256511 -0.00266015
14 532 0.132159 -0.329632
8 3960 -0.969071 -0.809042
14 3960 -0.418456 -0.848809
14 2795 -0.2889 0.110012
8 1735 -0.271233 -0.459978
14 2046 -0.256511 0.121059
8 1173 -0.241789 -0.325213
14 3909 -1.02502 -0.0380084
8 3961 -1.20168 -1.03218
14 3961 -0.913127 -1.02555
8 3962 -0.562735 -0.307539
14 3962 -0.306567 -0.314167
8 3963 -0.545068 -0.526256
14 3963 -0.165232 -0.539512
14 847 -0.253566 0.048153
9 3964 -0.951405 -0.163937
10 3964 -0.960238 -0.2744
10 3270 -0.365456 -0.884158
9 2199 -0.64518 -0.530675
10 3684 -0.571569 -0.820089
9 3965 -0.527402 -0.862065
10 3965 -0.527402 -0.974737
10 3584 -0.707014 -0.24347
10 1006 -0.444957 -0.247889
9 1490 -0.550957 -0.234633
10 3663 -0.2359 -0.976947
9 3966 -0.550957 -0.21475
10 3966 -0.548013 -0.33405
10 2590 -0.389012 -0.466606
10 2417 -0.495013 -0.550558
9 3967 -0.556846 -0.621255
10 3967 -0.550957 -0.742764
10 1615 -0.430234 -0.592534
9 3968 -1.00146 -0.261144
10 3968 -1.01324 -0.371608
9 2648 -0.880737 -0.0446362
9 3969 -0.536235 -0.853228
10 3969 -0.536235 -0.9659
10 3573 -0.497957 -0.797996
9 3970 -0.483235 -0.667649
10 3970 -0.474401 -0.791368
9 3971 -0.403734 -0.453351
10 3971 -0.409623 -0.557186
9 3972 -1.0044 -0.791368
10 3972 -1.0044 -0.921715
10 3575 -1.17813 -0.360561
10 2831 -0.259455 -0.990202
10 3210 -1.16929 -0.554977
9 3973 -0.59218 -0.800205
10 3973 -0.580402 -0.926134
9 2392 -0.492068 -0.939389
9 3974 -0.515624 -0.886367
10 3974 -0.515624 -0.99683
10 3343 -0.459679 -0.577069
9 3975 -0.574513 -0.0225436
10 3975 -0.577458 -0.133007
9 1891 -0.556846 0.0415251
9 2707 -0.821848 -0.700788
9 3861 -0.665791 -0.479862
9 3976 -0.442012 -0.265563
10 3976 -0.444957 -0.376026
9 3977 -0.774737 -0.367189
10 3977 -0.777681 -0.482071
10 1480 -0.721736 -0.39591
9 3373 -0.424345 -1.05427
9 3978 -0.577458 -0.57486
10 3978 -0.574513 -0.691951
9 3979 -0.285956 -0.824507
10 3979 -0.271233 -0.957063
9 325 -0.677569 -0.201494
9 1371 -0.330123 -0.554977
9 2750 -0.977905 -0.245679
9 3980 -0.347789 -0.809042
10 3980 -0.330123 -0.943808
9 3981 -1.00735 -0.3937
10 3981 -1.02796 -0.497536
10 3653 -1.12218 -0.552768
9 3982 -0.2889 -0.824507
10 3982 -0.274178 -0.957063
9 3983 -0.383123 -0.30533
10 3983 -0.389012 -0.409165
10 3169 -0.471457 -0.433467
9 2602 -0.285956 -0.581488
9 3984 -1.18991 -0.21254
10 3984 -1.18402 -0.353934
9 3985 -0.365456 -0.426839
10 3985 -0.374289 -0.526256
9 3986 -0.415512 -0.177192
10 3986 -0.424345 -0.276609
9 3987 -0.795348 -0.367189
10 3987 -0.795348 -0.48428
10 3611 -0.760014 -0.685324
9 2739 -0.303622 -0.499745
9 3367 -0.489124 -0.0556826
9 3988 -1.07802 -0.400328
10 3988 -1.08685 -0.521838
9 3989 -0.59218 -0.0490548
10 3989 -0.595124 -0.159518
9 1073 -0.615736 -0.561605
10 2050 -1.13396 -0.473234
10 3577 -0.409623 -0.48428
10 1131 -0.818904 -0.18382
9 3990 -0.686403 0.0525715
10 3990 -0.692292 -0.0534733
9 3991 -0.462623 -0.979156
10 3991 -0.468512 -1.08299
10 2055 -0.804181 0.0194325
10 3714 -0.562735 0.00175838
9 3822 -0.568624 -0.0534733
9 3992 -0.433179 -0.349515
10 3992 -0.436123 -0.457769
9 3993 -0.651069 -0.561605
10 3993 -0.656958 -0.669859
10 3771 -0.654014 0.0415251
9 3994 -0.383123 -0.760439
10 3994 -0.368401 -0.890785
9 983 -0.353678 -1.06311
9 694 -0.562735 -0.144053
9 3995 -0.530346 0.103385
10 3995 -0.53918 0.00396765
10 3318 -1.00146 -0.60579
9 3847 -0.456735 -0.146262
9 3996 -0.403734 -0.378235
10 3996 -0.409623 -0.482071
10 3669 -0.606902 -0.000450882
9 3194 -0.397845 -0.281028
10 3741 -0.627513 0.0304788
9 3839 -0.580402 -0.00486941
9 3997 -0.989683 -0.236842
10 3997 -1.00146 -0.347306
9 1272 -0.495013 -0.281028
9 996 -0.654014 -0.488699
9 2877 -0.760014 -0.398119
9 3998 0.42366 -0.21254
10 3998 0.379494 -0.283237
10 1349 -0.492068 -0.415793
9 1084 -0.571569 0.0459437
9 420 -0.83657 0.0614086
10 515 -0.218233 -1.01009
10 3203 -0.500901 -0.347306
9 3999 -0.553902 -0.831135
10 3999 -0.559791 -0.93718
9 2045 -1.07213 -0.418002
9 4000 -0.556846 -0.21475
10 4000 -0.553902 -0.33405
10 739 -0.436123 -0.194866
9 4001 -1.50791 -0.495327
10 4001 -1.63158 -0.561605
10 2854 -1.20463 -0.554977
9 4002 -0.577458 -0.800205
10 4002 -0.583346 -0.90625
9 4003 -0.556846 -0.177192
10 4003 -0.556846 -0.292074
10 2798 -1.11335 -0.557186
9 4004 -0.489124 0.015014
10 4004 -0.497957 -0.084403
9 4005 -0.580402 -0.429049
10 4005 -0.595124 -0.521838
9 4006 -0.556846 -0.216959
10 4006 -0.553902 -0.336259
9 4007 -0.309511 -0.552768
10 4007 -0.3154 -0.656603
9 3164 -0.483235 -0.0866123
9 3809 -0.415512 -0.179401
10 2793 -0.253566 -0.96811
9 4008 -0.477346 -0.952645
10 4008 -0.486179 -1.05427
9 4009 -0.456735 -0.987993
10 4009 -0.465568 -1.08741
9 4010 -0.574513 -0.676486
10 4010 -0.580402 -0.782531
9 4011 -0.550957 0.0923383
10 4011 -0.559791 -0.00707871
9 4012 -0.866015 -0.559395
10 4012 -0.86896 -0.678696
9 4013 -0.986738 -0.767066
10 4013 -0.986738 -0.897413
9 4014 -0.748237 -0.51521
10 4014 -0.748237 -0.632301
10 3289 -0.521513 -0.342887
10 1303 -0.530346 -0.48428
9 553 -0.733514 0.129896
10 3703 -0.548013 -0.707416
9 627 -0.709958 -0.166146
9 3171 -0.53918 -0.113123
9 924 -0.762959 -0.0291714
9 4015 -0.56568 -0.81567
10 4015 -0.56568 -0.928343
10 3785 -0.945516 -0.488699
10 1368 -0.524457 -0.482071
9 4016 -0.548013 -0.292074
10 4016 -0.548013 -0.406956
9 4017 -0.406679 -0.999039
10 4017 -0.409623 -1.10508
9 386 -0.665791 -0.36498
9 3814 -0.774737 0.107803
10 1856 -0.765903 -0.190448
9 4018 -0.442012 -0.694161
10 4018 -0.430234 -0.822298
9 4019 -0.580402 -0.499745
10 4019 -0.601013 -0.585907
9 3840 -0.580402 -0.00707871
9 4020 -1.18696 -0.453351
10 4020 -1.1958 -0.581488
9 4021 -0.500901 0.0326881
10 4021 -0.503846 -0.0777752
10 2418 -1.04268 -0.572651
10 3667 -1.21641 -0.389282
9 4022 -0.550957 -0.835554
10 4022 -0.550957 -0.948226
9 4023 -0.695236 -0.00707871
10 4023 -0.698181 -0.117542
10 3766 -0.609847 -0.0446362
9 4024 -0.81007 -0.314167
10 4024 -0.81007 -0.433467
10 3768 -1.22818 -0.36498
9 4025 -0.969071 -0.294283
10 4025 -0.977905 -0.406956
9 3838 -0.371345 -0.384863
9 3414 -0.848348 -0.294283
9 4026 -0.280067 -0.831135
10 4026 -0.265344 -0.963691
10 536 -0.115177 -0.351724
9 3816 -0.568624 -0.0446362
9 3843 -0.571569 -0.0645196
10 3315 -0.353678 -0.583697
9 4027 -0.615736 -0.820089
10 4027 -0.627513 -0.921715
9 4028 -0.639291 -0.501954
10 4028 -0.642236 -0.612418
10 2370 -0.624569 -0.621255
9 4029 -0.492068 -0.121961
10 4029 -0.495013 -0.230215
9 4030 -0.580402 0.0547808
10 4030 -0.586291 -0.0490548
9 4031 -0.598069 -0.731718
10 4031 -0.606902 -0.835554
9 1611 -0.654014 0.0503623
10 3339 -0.518568 -0.21475
9 3844 -0.456735 -0.471025
9 4032 -0.17701 -0.921715
10 4032 -0.165232 -1.05206
9 4033 -0.442012 -0.409165
10 4033 -0.442012 -0.521838
9 4034 -0.698181 -0.7273
10 4034 -0.695236 -0.8466
11 2319 -0.612791 -0.592534
9 930 -0.344845 -0.541721
11 2620 -1.21641 -0.552768
9 1186 -0.383123 -0.51521
9 1671 -0.132843 -0.946017
9 3875 -0.450846 -0.219168
11 3605 -0.53918 0.0393159
9 4035 -1.3813 -0.0645196
11 4035 -1.26646 -0.210331
11 17 -0.598069 -0.369398
9 4036 -0.318345 -0.824507
11 4036 -0.188788 -0.9659
11 2682 -0.244733 -0.601371
9 4037 -0.642236 -0.510791
11 4037 -0.553902 -0.627883
11 3266 -0.459679 -0.294283
11 2283 -0.574513 -0.641138
9 4038 -0.521513 -0.0998679
11 4038 -0.436123 -0.201494
11 3750 -0.998516 -0.596953
11 3972 -0.913127 -0.93718
11 2812 -1.1958 -0.554977
11 3575 -1.06918 -0.362771
11 2845 -0.718792 0.0503623
11 3157 -0.860126 -0.550558
9 4039 -1.34596 -0.0954493
11 4039 -1.22818 -0.24347
11 2716 -0.659903 -0.749392
9 4040 -0.256511 -0.868693
11 4040 -0.121066 -1.0123
11 2592 -0.203511 -0.950436
9 4041 -0.424345 -0.194866
11 4041 -0.350734 -0.289865
11 3976 -0.353678 -0.371608
9 4042 -0.577458 0.0923383
11 4042 -0.50679 0.00396765
9 2828 -0.468512 -0.172774
9 4043 -0.156399 -0.915087
11 4043 -0.0121203 -1.06311
11 1371 -0.247678 -0.661022
11 3600 -0.656958 -0.795787
11 2652 -0.0238981 -1.05206
9 3446 -0.577458 -0.0954493
11 2835 -0.450846 -0.559395
9 3409 -1.24585 -0.457769
9 4044 -0.792403 -0.694161
11 4044 -0.64518 -0.859856
11 3298 0.0791581 -1.17799
11 3302 -0.0768985 -1.00788
11 3754 -0.179955 -0.974737
11 3984 -1.07507 -0.356143
11 1233 -0.745292 -0.256726
9 4045 -0.70407 -0.437886
11 4045 -0.630458 -0.54393
9 4046 -0.471457 -0.203703
11 4046 -0.383123 -0.309748
11 1940 -1.17518 -0.563814
11 3701 -0.524457 0.0371066
9 1188 -0.712903 0.154198
11 2858 -0.450846 -0.289865
9 4047 -1.2223 -0.126379
11 4047 -1.10157 -0.272191
11 2776 -0.459679 -0.292074
11 2809 -1.05741 -0.588116
9 3927 -0.642236 -0.57486
11 3643 -0.418456 -0.760439
9 3445 -0.601013 -0.718463
11 3311 -0.556846 0.0415251
11 3822 -0.48029 -0.157309
11 3771 -0.577458 0.0547808
9 2450 -0.916071 -0.508582
11 694 -0.468512 -0.254517
9 3440 -0.568624 -0.490908
9 4048 -0.933738 -0.513001
11 4048 -0.839515 -0.645557
11 2844 -0.232955 -0.678696
11 3996 -0.324234 -0.479862
11 3669 -0.527402 0.0128047
9 4049 -1.18991 -0.210331
11 4049 -1.07507 -0.353934
9 3470 -0.624569 0.0989661
11 3604 -1.25763 -0.583697
9 4050 -0.571569 0.129896
11 4050 -0.503846 0.0437345
9 4051 -0.559791 -0.0623104
11 4051 -0.477346 -0.161727
9 3874 -0.444957 -0.221378
9 4052 -0.495013 -0.897413
11 4052 -0.430234 -1.00567
11 3797 -0.521513 0.023851
9 4053 -0.701125 -0.378235
11 4053 -0.621625 -0.48649
9 4054 -1.1958 -0.203703
11 4054 -1.07802 -0.349515
11 515 -0.0945653 -1.02334
11 2410 -0.50679 -0.490908
9 4055 -0.919015 -0.440095
11 4055 -0.839515 -0.559395
9 3873 -0.418456 -0.389282
9 4056 -0.680514 -0.00486941
11 4056 -0.601013 -0.102077
9 4057 -1.21346 -0.197076
11 4057 -1.10157 -0.338469
9 4058 -0.568624 -0.493117
11 4058 -0.524457 -0.577069
11 4003 -0.459679 -0.289865
11 2054 -0.103399 -0.994621
9 3909 -1.43724 -0.00707871
9 4059 -1.25468 -0.446723
11 4059 -1.17224 -0.583697
11 3691 -0.50679 -0.362771
9 4060 -1.20168 -0.197076
11 4060 -1.08391 -0.342887
9 3454 -1.11041 -0.45556
11 3285 -0.0238981 -1.07857
11 2846 -0.338956 -0.51521
11 3310 -0.424345 -0.342887
9 682 -0.683458 0.14757
9 3887 -0.450846 -0.281028
11 3305 -0.64518 -0.934971
9 4061 -0.760014 -0.36498
11 4061 -0.677569 -0.477652
9 1918 -0.651069 0.132105
9 4062 -0.333067 -0.828926
11 4062 -0.200566 -0.972528
11 3289 -0.424345 -0.340678
9 4063 -0.75707 -0.63672
11 4063 -0.630458 -0.78695
9 4064 -1.23113 -0.130798
11 4064 -1.11335 -0.2744
9 4065 -0.383123 -0.749392
11 4065 -0.280067 -0.873111
9 4066 -1.03679 -0.539512
11 4066 -0.992627 -0.645557
9 4067 -0.206455 -0.890785
11 4067 -0.0739541 -1.03218
9 4068 -0.698181 -0.349515
11 4068 -0.624569 -0.453351
9 809 -0.760014 0.145361
11 1967 -0.297733 -0.616836
11 1329 -0.612791 -0.194866
9 3917 -0.524457 -0.0755659
9 2960 -1.03091 -0.718463
9 4069 -0.495013 -0.0225436
11 4069 -0.424345 -0.113123
9 4070 -1.20757 -0.188239
11 4070 -1.09568 -0.329632
9 4071 -0.512679 -0.638929
11 4071 -0.406679 -0.767066
11 2411 -0.795348 -0.683114
9 4072 -0.983794 -0.373817
11 4072 -0.924904 -0.479862
11 4019 -0.53918 -0.583697
9 4073 -1.26352 -0.192657
11 4073 -1.14868 -0.338469
9 2357 -0.883682 -0.298702
9 2940 -0.430234 -0.294283
9 3914 -1.44019 -0.00266015
9 4074 -1.13102 -0.429049
11 4074 -1.05446 -0.554977
9 3216 -0.444957 -0.256726
9 4075 -1.39013 -0.0689382
11 4075 -1.27824 -0.21254
9 2938 -0.318345 -0.528466
9 4076 -1.29885 -0.141844
11 4076 -1.18107 -0.289865
9 4077 -1.19874 -0.15289
11 4077 -1.07802 -0.298702
11 715 -0.727625 -0.442304
9 4078 -0.297733 -0.839972
11 4078 -0.165232 -0.983574
11 3291 -0.762959 -0.144053
9 3477 -0.333067 -0.809042
9 3197 -0.489124 -0.225796
9 4079 -0.42729 -0.720672
11 4079 -0.306567 -0.857646
9 3428 -1.33713 -0.0932401
9 4080 -0.468512 -0.376026
11 4080 -0.368401 -0.493117
9 4081 -0.780626 -0.643347
11 4081 -0.648125 -0.797996
9 2689 -0.079843 -1.03439
11 3730 -1.01618 -0.437886
9 4082 -0.562735 0.090129
11 4082 -0.492068 0.00175838
12 2620 -1.03091 -0.506373
12 2834 -0.462623 -0.0601011
12 1627 -0.821848 -0.619046
12 2389 -0.863071 -0.323004
12 2865 -0.227066 -0.320795
9 3498 -0.333067 -1.06974
12 1477 -1.08685 -0.524047
12 2812 -1.01029 -0.510791
12 1891 -0.336011 -0.0137065
12 2857 0.246993 -1.08299
12 3652 -1.06918 -0.510791
12 1269 -0.568624 -0.0335899
12 2716 -0.462623 -0.702998
12 745 -0.571569 -0.298702
9 4083 -1.25763 -0.0866123
12 4083 -0.913127 -0.177192
12 406 -0.612791 -0.287656
9 4084 -0.609847 -0.0821937
12 4084 -0.362512 -0.146262
12 3978 -0.312456 -0.656603
9 982 -0.336011 -1.06974
12 2652 0.170436 -0.99683
12 2835 -0.312456 -0.530675
12 2708 -0.995572 -0.521838
9 2306 -1.08979 -0.630092
12 1233 -0.577458 -0.21475
12 2669 -0.524457 -0.643347
12 1940 -0.989683 -0.519629
12 2010 0.506106 -0.247889
9 4085 -0.827737 -0.87532
12 4085 -0.648125 -0.950436
9 2662 -0.771792 -0.627883
9 4086 -1.21935 -0.459978
12 4086 -0.960238 -0.550558
12 936 -0.56568 -0.254517
9 3047 -1.06918 -0.621255
12 3311 -0.418456 0.081292
12 1007 -0.53918 -0.380445
9 4087 -1.51674 -0.356143
12 4087 -1.25468 -0.448932
9 4088 -0.745292 -0.526256
12 4088 -0.495013 -0.60579
9 507 -1.28118 -1.04543
9 2008 -0.59218 0.0459437
9 4089 -1.25468 -0.179401
12 4089 -0.907238 -0.276609
9 3939 -0.64518 -0.24347
9 4090 -1.31652 -0.437886
12 4090 -1.04563 -0.532884
9 4091 -0.589235 -0.276609
12 4091 -0.321289 -0.351724
12 2877 -0.530346 -0.468815
12 1918 -0.45379 0.0923383
9 4092 -0.889571 -0.506373
12 4092 -0.61868 -0.592534
12 2854 -0.936682 -0.51521
9 4093 -0.424345 -0.979156
12 4093 -0.188788 -1.05427
12 2054 0.0821026 -0.941598
12 3209 -0.833626 -0.30312
9 4094 -0.786515 0.0614086
12 4094 -0.56568 0.0105954
9 692 -1.14868 -0.851019
9 3494 -0.344845 -0.51521
9 4095 -1.08979 -0.87753
12 4095 -0.89546 -0.96811
12 2867 -0.562735 -0.0380084
12 3665 -0.933738 -0.983574
9 3359 -0.456735 -0.946017
12 1316 -0.680514 -0.482071
9 3054 -1.2223 -0.99683
9 2945 -1.01029 -0.535093
9 1512 -0.86896 -0.117542
12 4014 -0.495013 -0.594744
9 4096 -0.121066 -0.948226
12 4096 0.226381 -1.04102
9 2609 -0.768848 -0.870902
9 4097 -0.81007 -0.323004
12 4097 -0.548013 -0.400328
9 4098 0.323549 -0.228005
12 4098 0.394216 -0.263354
12 3793 -0.977905 -0.513001
12 386 -0.459679 -0.426839
12 1856 -0.509735 -0.141844
9 4099 -0.910182 -0.48649
12 4099 -0.633402 -0.57486
9 4100 -0.330123 -1.06974
12 4100 -0.0975098 -1.14043
9 3006 -0.168177 -0.928343
9 4101 -0.942571 -0.33405
12 4101 -0.709958 -0.404747
12 1010 -0.259455 -0.0755659
9 2752 -0.442012 -0.961482
9 4102 -0.338956 -0.548349
12 4102 -0.100454 -0.619046
9 3716 -0.556846 0.0945476
9 4103 -0.474401 0.0459437
13 4103 -0.191733 0.00175838
13 2865 -0.121066 -0.307539
9 4104 -1.19874 -0.930552
13 4104 -0.933738 -0.979156
13 1976 -0.444957 -0.190448
9 1771 -0.721736 -0.459978
13 2840 -0.444957 -0.15289
9 4105 -0.871904 -0.559395
13 4105 -0.530346 -0.603581
9 1740 -0.356623 -0.528466
13 425 -0.624569 -0.698579
9 3125 -0.495013 -0.261144
13 3790 -0.300678 0.0835012
9 4106 -1.01324 -0.778113
13 4106 -0.727625 -0.820089
13 3714 -0.256511 0.0614086
13 3311 -0.309511 0.090129
13 2741 -0.327178 -0.554977
13 908 -0.0445094 -0.585907
9 3549 -1.3813 -0.051264
9 2901 -0.827737 -0.477652
9 2569 -0.280067 -0.839972
9 4107 -0.338956 -0.813461
13 4107 0.0673803 -0.879739
9 1876 -0.889571 -0.104286
13 3607 -0.227066 -0.00928797
9 459 -1.04563 -0.641138
9 3551 -0.536235 0.110012
13 1596 -0.447901 -0.269981
9 3111 -0.338956 -0.504164
13 3739 -1.29002 -0.144053
13 1368 -0.206455 -0.42463
9 4108 -0.83657 -0.1551
13 4108 -0.45379 -0.197076
13 1319 -0.877793 -0.923924
9 478 -0.807126 -0.225796
9 4109 -0.86896 -0.2744
13 4109 -0.45379 -0.323004
13 2398 -0.542124 -0.179401
9 1330 -0.83657 -0.181611
9 402 -1.29885 -1.08078
9 906 -0.689347 0.0525715
9 4110 -0.627513 0.134314
13 4110 -0.309511 0.0967568
9 4111 -1.05152 -0.431258
14 4111 -0.59218 -0.422421
14 2417 -0.132843 -0.459978
14 3266 -0.129899 -0.168355
14 2419 0.500217 -0.320795
14 1886 -0.371345 -0.000450882
14 2739 0.140992 -0.517419
14 2870 -0.389012 -0.320795
9 4112 -0.642236 -0.210331
14 4112 -0.221177 -0.223587
14 515 0.320604 -0.946017
14 296 0.450161 -0.325213
14 70 -0.45379 -0.2744
9 2572 -0.135788 -0.296493
14 3751 -0.118121 -1.12939
14 3153 -0.424345 -0.292074
9 4113 0.305882 -0.230215
14 4113 0.373605 -0.325213
10 3643 -0.518568 -0.753811
10 4114 -0.230011 -0.981365
11 4114 -0.115177 -0.990202
10 3455 -0.459679 -0.157309
10 4115 -0.368401 -0.57486
11 4115 -0.268289 -0.577069
11 3802 -0.668736 -0.835554
11 3978 -0.477346 -0.69637
10 902 -0.933738 -0.2744
10 4040 -0.241789 -0.999039
11 1996 -0.542124 -0.413584
10 3864 -1.36952 -0.144053
10 4116 -0.615736 -0.800205
11 4116 -0.542124 -0.802415
10 2466 -0.0975098 -1.12939
10 4117 -1.31357 -0.54393
11 4117 -1.22818 -0.550558
10 4118 -1.03385 -0.398119
11 4118 -0.960238 -0.39591
10 4119 -0.50679 -0.557186
11 4119 -0.442012 -0.554977
10 1852 -0.715847 -0.36498
11 1939 -0.686403 -0.21475
11 386 -0.601013 -0.464397
11 2707 -0.67168 -0.873111
11 1560 -0.698181 -0.528466
10 4120 -0.821848 -0.939389
11 4120 -0.674625 -0.963691
11 2877 -0.683458 -0.508582
11 1654 -0.880737 -0.581488
10 4039 -1.34007 -0.245679
11 1224 -0.780626 -0.0291714
11 3260 -0.845404 -0.616836
10 4121 -0.721736 -0.590325
11 4121 -0.633402 -0.592534
10 4122 -0.415512 -0.8466
11 4122 -0.306567 -0.855437
10 1610 -0.492068 -0.369398
10 2623 -0.804181 -0.870902
10 701 -0.67168 -0.382654
10 2601 -0.798292 -0.842181
10 218 -0.97496 -0.802415
10 4123 0.273493 -0.298702
11 4123 0.302937 -0.289865
11 1695 -0.200566 -0.707416
10 3702 -0.548013 0.0105954
11 2598 -0.689347 -0.897413
10 2592 -0.321289 -0.939389
11 2295 -0.686403 0.0591993
11 3854 -0.389012 -0.241261
11 2037 -0.674625 0.0636179
11 3968 -0.939627 -0.369398
11 3836 -0.583346 -0.510791
11 1358 -0.200566 -0.709625
10 3597 -1.20168 -0.590325
11 157 -0.951405 -0.680905
10 4124 0.31766 -0.292074
11 4124 0.347104 -0.283237
11 2314 -0.866015 -0.459978
10 2445 -1.01913 -0.541721
10 4125 -0.247678 -0.970319
11 4125 -0.126954 -0.981365
10 4126 -1.16635 -0.351724
11 4126 -1.05446 -0.353934
10 4127 -0.771792 -0.948226
11 4127 -0.624569 -0.972528
10 4076 -1.29296 -0.289865
11 2200 -0.727625 -0.128588
10 4128 -0.40079 -0.851019
11 4128 -0.297733 -0.857646
11 3228 -1.20757 -0.554977
10 4129 -1.06329 -0.709625
11 4129 -1.00735 -0.711835
10 594 -0.70407 -0.24347
11 1184 -0.954349 -0.504164
10 4130 -0.707014 -0.316376
11 4130 -0.609847 -0.314167
10 4131 -0.774737 -0.663231
11 4131 -0.674625 -0.669859
10 1834 -0.0857319 -1.12939
10 4132 -0.497957 -0.360561
11 4132 -0.397845 -0.358352
10 816 -0.698181 -0.130798
10 4133 -1.03385 -0.63672
11 4133 -0.966127 -0.638929
10 1546 -0.589235 -0.0667289
10 4134 0.158659 -0.314167
11 4134 0.193992 -0.30533
11 3804 -0.459679 -0.117542
10 4135 0.464883 -0.272191
11 4135 0.494328 -0.263354
10 17 -0.70407 -0.369398
10 4136 -0.639291 -0.39591
11 4136 -0.533291 -0.39591
11 1701 -0.489124 -0.683114
10 2947 -0.477346 -0.791368
10 4137 -0.848348 -0.992412
11 4137 -0.695236 -1.02113
10 2461 -0.851293 -0.166146
10 4138 -0.598069 -0.0645196
11 4138 -0.515624 -0.0534733
11 2026 -0.612791 -0.197076
10 4139 -0.126954 -1.0852
11 4139 -0.000342423 -1.09625
10 4140 -0.824793 -0.495327
11 4140 -0.745292 -0.495327
10 4141 -0.580402 -0.247889
11 4141 -0.486179 -0.24347
10 4142 -0.489124 -0.141844
11 4142 -0.409623 -0.133007
10 2267 -0.92196 -0.464397
10 2316 -0.291844 -0.96811
10 4143 -0.910182 -0.822298
11 4143 -0.821848 -0.831135
10 2217 -0.53918 -0.33405
10 4144 -0.789459 -0.327422
11 4144 -0.692292 -0.325213
10 4145 0.132159 -0.318585
11 4145 0.161603 -0.309748
10 4146 0.37066 -0.285446
11 4146 0.403049 -0.276609
10 4147 -0.798292 -0.844391
11 4147 -0.668736 -0.862065
10 2207 -0.556846 -0.331841
10 4148 -0.318345 -0.950436
11 4148 -0.200566 -0.961482
11 205 -0.972016 -0.661022
10 4149 -0.689347 -0.133007
11 4149 -0.601013 -0.12417
10 3916 -0.627513 0.023851
10 1025 -0.406679 -0.33405
11 2874 -1.06918 -0.585907
10 3224 -1.26057 -0.345096
10 3917 -0.530346 -0.181611
10 1178 -0.674625 -0.400328
10 4150 -0.839515 -0.345096
11 4150 -0.745292 -0.342887
10 3909 -1.43724 -0.1551
10 4151 -0.686403 -0.349515
11 4151 -0.574513 -0.349515
11 2421 -0.333067 -0.592534
10 4152 -0.206455 -0.992412
11 4152 -0.0857319 -1.00346
10 4153 -0.78357 -1.00125
11 4153 -0.624569 -1.02997
11 2880 -0.527402 0.0105954
11 2798 -1.02207 -0.561605
10 4154 -1.33418 -0.541721
11 4154 -1.30768 -0.537303
10 4155 -1.34302 -0.245679
11 4155 -1.23113 -0.24347
11 2060 -0.230011 -0.612418
11 1378 0.111547 -0.316376
10 2935 -0.303622 -0.698579
10 4156 -0.75707 0.0525715
11 4156 -0.683458 0.0680364
10 1196 -0.813015 -0.148472
10 4157 -1.3018 -0.296493
11 4157 -1.19285 -0.296493
11 2440 -0.53918 -0.422421
10 2683 -0.78357 -0.698579
10 4158 -0.842459 -0.323004
11 4158 -0.724681 -0.323004
10 1179 -0.562735 -0.254517
10 4159 -0.474401 -0.418002
11 4159 -0.377234 -0.418002
11 3971 -0.321289 -0.557186
11 2590 -0.303622 -0.466606
10 4160 -0.786515 -0.890785
11 4160 -0.651069 -0.910669
11 1628 -0.61868 0.0569901
11 682 -0.61868 0.0658271
10 2895 -0.548013 -0.0114972
10 4161 -0.995572 -0.504164
11 4161 -0.930793 -0.504164
10 2920 -0.132843 -1.04764
10 1693 -1.16635 -0.983574
10 4060 -1.1958 -0.340678
10 4162 -0.94846 -0.2744
11 4162 -0.86896 -0.269981
11 1530 -0.715847 -0.0755659
10 4163 -0.406679 -0.353934
11 4163 -0.327178 -0.349515
10 2914 -1.12513 -1.04322
11 3386 -0.583346 -0.0446362
10 2863 -1.08096 -0.881948
10 4164 0.299993 -0.294283
11 4164 0.332382 -0.285446
11 1986 -0.627513 -0.311957
10 3701 -0.601013 0.023851
10 4165 -0.627513 -0.592534
11 4165 -0.550957 -0.592534
10 2963 -0.353678 -0.581488
10 3432 -0.48029 -0.809042
10 3302 -0.200566 -0.99683
10 2956 -0.67168 -0.289865
10 3427 -0.0710096 -1.17578
10 4166 -1.4343 -0.157309
11 4166 -1.32535 -0.150681
11 729 -0.521513 -0.367189
10 4167 -1.16929 -0.435676
11 4167 -1.06329 -0.440095
10 4168 -0.215288 -1.00125
11 4168 -0.0945653 -1.0123
10 4169 -0.327178 -0.917297
11 4169 -0.215288 -0.926134
10 2716 -0.771792 -0.738346
10 3353 -0.568624 -0.221378
10 4170 0.123325 -0.318585
11 4170 0.15277 -0.309748
11 2831 -0.138732 -1.00346
11 3714 -0.486179 0.015014
10 4171 -0.830682 -0.256726
11 4171 -0.739403 -0.252307
11 2045 -1.00735 -0.54393
10 4172 -1.04857 -0.451141
11 4172 -0.942571 -0.45556
10 4173 -0.409623 -0.517419
11 4173 -0.306567 -0.519629
11 500 -0.609847 -0.241261
11 3389 -0.833626 -0.0976586
10 4174 -1.16046 -0.577069
11 4174 -1.07507 -0.583697
10 1940 -1.26352 -0.557186
10 2598 -0.824793 -0.87532
10 4175 0.355938 -0.287656
11 4175 0.382438 -0.278818
10 2809 -1.14574 -0.581488
10 4176 -1.32241 -0.517419
11 4176 -1.31946 -0.508582
10 1627 -1.01913 -0.654394
10 4177 -0.774737 -0.987993
11 4177 -0.624569 -1.0145
10 4178 -0.468512 -0.568232
11 4178 -0.397845 -0.566023
10 4179 -1.06918 -0.722881
11 4179 -1.01324 -0.72509
10 4180 -1.08391 -0.722881
11 4180 -1.02796 -0.72509
10 1713 -0.698181 -0.133007
10 3438 -1.07213 -0.959273
10 4045 -0.709958 -0.54393
10 4181 -0.842459 -0.3937
11 4181 -0.745292 -0.3937
10 1166 -0.471457 -0.349515
10 4182 -0.492068 -0.133007
11 4182 -0.412568 -0.12417
10 3208 -1.17813 -0.356143
11 3834 0.220492 -0.300911
11 1702 -0.707014 0.0569901
11 2430 -1.08685 -0.588116
11 1705 -0.430234 -0.550558
11 36 -0.447901 -0.528466
10 4183 -0.668736 0.0547808
11 4183 -0.59218 0.0702457
10 3922 -1.17813 -0.353934
10 4184 -1.23113 -0.552768
11 4184 -1.15163 -0.557186
10 4073 -1.26057 -0.336259
10 3366 -0.59218 -0.0556826
10 3259 -0.556846 -0.216959
10 4185 -0.777681 -0.0313806
11 4185 -0.698181 -0.018125
11 954 -0.633402 -0.376026
10 4186 -0.533291 -0.718463
11 4186 -0.439068 -0.722881
10 3691 -0.603958 -0.36498
10 59 -0.712903 -0.314167
11 2907 -0.695236 -0.621255
10 4187 -0.42729 -0.479862
11 4187 -0.327178 -0.479862
10 4054 -1.18991 -0.347306
10 1918 -0.665791 0.0348974
10 4188 -1.01913 -0.418002
11 4188 -0.939627 -0.418002
10 4189 -1.23996 -0.336259
11 4189 -1.12513 -0.338469
10 2812 -1.28413 -0.548349
11 2331 -0.548013 -0.433467
10 4190 -0.542124 -0.294283
11 4190 -0.447901 -0.289865
10 2746 -0.3154 -0.594744
10 3929 -0.356623 -0.892995
10 4191 -0.574513 -0.588116
12 4191 -0.403734 -0.552768
10 4192 -0.636347 -0.318585
12 4192 -0.3154 -0.269981
12 648 -0.568624 -0.325213
10 434 -1.21052 -1.06753
12 2006 -0.456735 -0.018125
12 2624 -0.483235 -0.691951
10 4193 -0.913127 -0.48649
12 4193 -0.636347 -0.444513
10 2194 -0.362512 -0.921715
10 1916 -0.553902 -0.39591
12 2055 -0.595124 0.0724549
12 3363 -0.250622 -0.250098
12 701 -0.383123 -0.338469
12 2824 -0.927849 -0.521838
12 946 -0.439068 -0.241261
12 2295 -0.542124 0.0989661
10 2676 -0.303622 -0.9659
10 3510 -0.665791 -0.309748
10 4194 -1.44902 -0.144053
12 4194 -1.10157 -0.0777752
10 1534 -0.701125 -0.163937
10 4195 -0.81007 -0.972528
12 4195 -0.389012 -0.939389
12 3364 -0.318345 0.0371066
10 4196 -0.768848 -0.722881
12 4196 -0.468512 -0.685324
10 3672 -0.780626 -0.75602
10 3937 -1.31652 -0.283237
10 4197 0.308826 -0.294283
12 4197 0.408938 -0.263354
10 4198 -0.924904 -0.141844
12 4198 -0.727625 -0.0954493
10 4199 -0.845404 -0.749392
12 4199 -0.601013 -0.714044
12 2700 -0.609847 -0.287656
10 1707 -0.350734 -0.638929
12 2208 -0.701125 -0.192657
12 3850 -0.486179 -0.0446362
10 4200 0.326493 -0.292074
12 4200 0.417772 -0.261144
10 591 -0.701125 -0.161727
12 2461 -0.612791 -0.117542
12 4139 0.202826 -1.04543
12 2613 -0.954349 -0.51521
10 2620 -1.30474 -0.54614
10 4201 -0.574513 -0.581488
12 4201 -0.403734 -0.54614
12 2858 -0.2889 -0.247889
12 1889 -0.683458 -0.174983
10 4202 -0.954349 -0.353934
12 4202 -0.698181 -0.309748
10 4203 -0.633402 -0.276609
12 4203 -0.300678 -0.225796
12 4144 -0.515624 -0.281028
10 4204 -1.22818 -0.269981
12 4204 -0.892515 -0.21475
10 4205 -1.18696 -0.351724
12 4205 -0.860126 -0.300911
10 41 -0.866015 -0.707416
12 4146 0.461939 -0.254517
10 2739 -0.309511 -0.610208
12 1128 -0.580402 0.023851
10 4206 -1.23407 -1.06974
12 4206 -1.03091 -1.05427
12 3667 -0.892515 -0.340678
12 3224 -0.930793 -0.294283
12 2788 -0.715847 -0.219168
12 4151 -0.383123 -0.30312
10 4207 -0.966127 -0.320795
12 4207 -0.724681 -0.276609
10 1892 -0.153455 -1.02776
12 3242 -0.212344 -0.223587
12 3403 -0.17701 -0.329632
10 3231 0.208715 -0.307539
10 3793 -1.23996 -0.552768
10 398 -0.707014 -0.289865
10 3175 -1.18402 -0.30533
12 2935 -0.0592317 -0.661022
12 4157 -0.966127 -0.241261
12 2662 -0.442012 -0.729509
12 627 -0.439068 -0.239052
12 3242 -0.209399 -0.225796
10 3232 -1.12513 -0.932761
12 4060 -0.866015 -0.289865
10 4208 -0.61868 -0.0402177
12 4208 -0.389012 0.0105954
10 4209 -0.548013 -0.577069
12 4209 -0.374289 -0.541721
10 2299 -0.860126 -0.683114
10 4210 0.223437 -0.30533
12 4210 0.314715 -0.2744
12 2640 -0.866015 -0.318585
12 861 -0.389012 -0.610208
12 3432 -0.215288 -0.771485
10 4211 -0.807126 -0.992412
12 4211 -0.386067 -0.959273
12 2956 -0.344845 -0.239052
10 4212 -0.662847 0.0348974
12 4212 -0.444957 0.0879198
10 4213 -0.692292 -0.0689382
12 4213 -0.45379 -0.018125
10 4214 0.249937 -0.300911
12 4214 0.341215 -0.269981
12 682 -0.48029 0.101175
10 3521 -1.33713 -0.159518
12 3267 -0.910182 -0.524047
10 4215 -0.709958 -0.391491
12 4215 -0.430234 -0.347306
12 2045 -0.860126 -0.504164
10 4216 -0.586291 -0.490908
12 4216 -0.368401 -0.453351
10 2392 -0.306567 -0.9659
10 4217 -1.21641 -0.272191
12 4217 -0.874849 -0.216959
12 1186 -0.15051 -0.585907
12 4175 0.450161 -0.256726
12 2913 -0.079843 -0.596953
12 3824 -0.265344 -0.179401
12 3210 -0.901349 -0.51521
10 350 -0.877793 -0.376026
10 4218 -0.777681 -0.742764
12 4218 -0.468512 -0.705207
10 4219 -1.56385 -0.459978
12 4219 -1.29002 -0.415793
10 4220 -0.633402 -0.0357991
12 4220 -0.403734 0.015014
10 760 -0.548013 -0.289865
10 4221 -1.31652 -0.172774
12 4221 -0.966127 -0.108705
10 3003 -1.05741 -0.501954
12 1705 -0.268289 -0.51521
10 396 -0.798292 -0.261144
10 4222 -0.768848 -0.446723
12 4222 -0.530346 -0.406956
12 300 -1.09568 -0.084403
10 4087 -1.53146 -0.490908
10 3716 -0.571569 -0.00486941
10 4223 -0.86896 -0.437886
12 4223 -0.601013 -0.39591
10 648 -0.966127 -0.398119
10 3620 -0.356623 -0.630092
10 4224 -0.945516 -0.203703
12 4224 -0.733514 -0.157309
10 4225 -0.533291 -0.0114972
12 4225 -0.324234 0.0371066
10 4226 -0.654014 -0.504164
12 4226 -0.447901 -0.466606
12 954 -0.465568 -0.331841
12 212 -0.442012 -0.338469
10 4227 0.241104 -0.30312
13 4227 0.332382 -0.294283
13 1672 -0.436123 0.0304788
13 1891 -0.2359 -0.00266015
10 3077 -0.283011 -0.948226
13 2670 -0.442012 -0.144053
13 4123 0.352993 -0.292074
13 1639 -0.439068 -0.00707871
10 4228 -0.598069 -0.0114972
13 4228 -0.271233 0.0503623
13 975 -0.327178 -0.141844
10 4229 -0.306567 -0.667649
13 4229 0.0143798 -0.616836
13 901 -0.821848 -0.870902
10 3062 0.335327 -0.289865
13 4134 0.255826 -0.300911
10 4230 0.202826 -0.307539
13 4230 0.299993 -0.296493
10 4231 -0.109288 -1.1095
13 4231 0.308826 -1.04102
13 2461 -0.486179 -0.0888215
13 1698 -0.118121 -0.499745
10 3148 -0.548013 -0.378235
10 1220 -0.73057 -0.48428
10 1746 -0.321289 -0.649975
10 2278 -0.574513 -0.380445
10 4232 -1.57269 -0.482071
13 4232 -1.14868 -0.373817
13 2895 -0.2359 0.0459437
10 1471 -0.821848 -0.146262
10 4233 -1.20757 -0.563814
13 4233 -0.815959 -0.477652
13 3232 -0.830682 -0.864274
10 4234 -0.86896 -0.475443
13 4234 -0.468512 -0.400328
13 1977 -0.545068 -0.104286
10 4235 -1.43135 -0.159518
13 4235 -0.877793 -0.0380084
13 4164 0.39716 -0.287656
13 1345 -0.374289 0.0768734
10 4236 0.108603 -0.320795
13 4236 0.214604 -0.30533
13 4213 -0.338956 -0.000450882
13 2428 -0.109288 -0.30533
13 4214 0.338271 -0.292074
13 4169 0.0673803 -0.855437
13 3267 -0.780626 -0.477652
13 2045 -0.762959 -0.464397
10 782 -1.16929 -1.02334
13 4178 -0.203511 -0.517419
10 4237 -1.51085 -0.513001
13 4237 -1.10157 -0.402537
13 1713 -0.333067 -0.0645196
10 1661 -0.798292 -0.0932401
13 3620 -0.0474538 -0.579279
10 4238 -1.05741 -0.711835
13 4238 -0.827737 -0.645557
14 4227 0.355938 -0.325213
10 2572 0.176325 -0.311957
14 4192 -0.397845 -0.223587
10 4239 -1.22524 -0.504164
14 4239 -0.692292 -0.345096
14 1910 0.0291022 -0.541721
10 4240 -1.09568 -0.592534
14 4240 -0.642236 -0.453351
14 2706 -0.121066 -1.11171
10 2419 0.550272 -0.261144
14 1066 -0.957294 -1.06974
10 4241 -0.430234 -1.15369
14 4241 -0.129899 -1.07415
10 4242 -0.424345 -1.16915
14 4242 -0.126954 -1.08741
10 4243 -1.21052 -0.501954
14 4243 -0.674625 -0.345096
14 329 -0.0268426 -0.256726
14 2059 0.0261577 -1.09183
10 4244 -0.418456 -1.1802
14 4244 -0.12401 -1.09846
10 1754 -0.450846 -0.177192
14 1379 -0.860126 -0.974737
12 2818 -0.115177 -0.501954
11 2194 -0.247678 -0.932761
11 3522 -0.171121 -0.990202
11 4245 -0.336011 -0.828926
12 4245 -0.159344 -0.784741
12 4152 0.105658 -0.952645
12 3802 -0.450846 -0.784741
11 4246 -0.2889 -0.873111
12 4246 -0.109288 -0.826717
11 4247 -0.659903 -0.9659
12 4247 -0.406679 -0.908459
12 4146 0.464883 -0.254517
11 4248 -0.636347 -1.00125
12 4248 -0.374289 -0.941598
11 511 0.170436 -0.307539
11 2739 -0.218233 -0.612418
12 3197 -0.230011 -0.298702
11 4249 -0.807126 -0.0380084
12 4249 -0.677569 -0.000450882
11 4250 -0.78357 -1.05648
12 4250 -0.659903 -1.02334
11 1514 -0.798292 -0.168355
11 4251 -1.26646 -0.581488
12 4251 -1.08096 -0.537303
11 4252 -0.300678 -0.466606
12 4252 -0.153455 -0.429049
12 4120 -0.421401 -0.90625
12 4140 -0.571569 -0.453351
11 3932 -0.153455 -0.96811
11 1954 -1.01618 -0.528466
11 3532 -0.659903 -0.694161
12 1316 -0.662847 -0.479862
11 4200 0.355938 -0.283237
11 4253 -0.486179 -0.859856
12 4253 -0.344845 -0.822298
12 591 -0.447901 -0.110914
12 3160 -0.845404 -0.376026
11 4254 -0.983794 -0.537303
12 4254 -0.807126 -0.495327
12 2623 -0.439068 -0.837763
12 1705 -0.306567 -0.517419
11 1984 -0.489124 -0.702998
11 4255 -1.51674 -0.473234
12 4255 -1.31946 -0.42463
11 3935 -0.212344 -0.957063
11 4256 -0.689347 -0.367189
12 4256 -0.509735 -0.323004
11 1534 -0.609847 -0.157309
12 1939 -0.524457 -0.172774
11 4257 -0.530346 -0.837763
12 4257 -0.394901 -0.802415
11 2624 -0.677569 -0.738346
12 500 -0.442012 -0.199285
11 4195 -0.654014 -0.999039
12 2048 -0.518568 -0.0888215
11 4097 -0.718792 -0.442304
11 2085 -0.559791 -0.24347
11 1266 0.282326 -0.292074
12 2451 0.00554647 -0.904041
12 2463 -0.598069 -0.15289
11 4258 -0.533291 -0.63672
12 4258 -0.374289 -0.596953
11 3524 -0.86896 -0.353934
11 4259 -0.518568 -0.444513
12 4259 -0.371345 -0.406956
11 395 -0.218233 -0.623464
11 3301 -0.630458 -0.767066
11 2030 -0.762959 -0.342887
12 3926 -0.998516 -0.0866123
11 4260 -0.64518 -0.084403
12 4260 -0.486179 -0.042427
12 4073 -0.927849 -0.285446
12 1480 -0.456735 -0.353934
12 2876 -0.562735 -0.630092
11 1398 -0.801237 -0.378235
11 4261 -1.04563 -0.722881
12 4261 -0.924904 -0.691951
11 4262 -1.13102 -0.588116
12 4262 -0.945516 -0.54393
11 2244 -0.668736 -0.36498
12 414 -0.798292 -0.851019
11 3036 -0.957294 -0.563814
12 2415 0.208715 -1.05206
11 3390 -0.489124 0.015014
11 4263 -1.22818 -0.232424
12 4263 -0.992627 -0.174983
12 82 -0.689347 -0.289865
11 3224 -1.15163 -0.347306
11 2752 -0.356623 -1.07857
12 4170 0.211659 -0.287656
11 4264 -0.550957 0.0105954
12 4264 -0.40079 0.0503623
11 1936 -0.633402 0.0547808
12 3221 -0.559791 -0.446723
11 4265 -0.668736 -1.09625
12 4265 -0.365456 -1.02997
11 2389 -1.08391 -0.376026
11 3005 -0.989683 -0.54393
11 4266 -0.686403 -1.08299
12 4266 -0.397845 -1.01892
11 4267 0.229326 -0.298702
12 4267 0.29116 -0.276609
11 1924 -0.78357 0.0105954
12 2633 -0.601013 -0.992412
11 4268 -1.22524 -0.581488
12 4268 -1.03974 -0.537303
12 3223 -0.15051 -0.793578
12 4134 0.255826 -0.283237
11 4269 -0.762959 -0.839972
12 4269 -0.621625 -0.804624
11 2254 -0.586291 0.0216418
11 3014 -0.745292 -1.07415
12 2452 -0.409623 -0.338469
11 2484 -0.3154 -0.51521
11 4270 -1.19285 -0.585907
12 4270 -1.0044 -0.541721
11 4271 -1.21641 -0.590325
12 4271 -1.02796 -0.54614
11 4201 -0.515624 -0.577069
11 396 -0.686403 -0.252307
11 4272 -1.31357 -0.561605
12 4272 -1.12218 -0.51521
11 4273 -1.08096 -0.378235
12 4273 -0.860126 -0.325213
12 4061 -0.530346 -0.440095
11 4274 -0.568624 0.0636179
12 4274 -0.436123 0.101175
12 1840 -0.129899 -0.48649
11 4275 -0.919015 -0.957063
12 4275 -0.742348 -0.915087
11 4276 -0.774737 -0.93718
12 4276 -0.639291 -0.901832
11 4277 -0.880737 -0.269981
12 4277 -0.727625 -0.230215
11 4278 -1.30474 -0.548349
12 4278 -1.11335 -0.501954
11 4279 -0.321289 -0.382654
12 4279 -0.17701 -0.345096
11 4280 -1.22818 -0.150681
12 4280 -0.989683 -0.0910308
11 4281 0.217548 -0.300911
12 4281 0.276437 -0.278818
11 4282 -0.548013 0.0591993
12 4282 -0.415512 0.0967568
12 2037 -0.533291 0.103385
11 1956 -1.15163 -1.10287
11 2604 -0.742348 -0.904041
11 4283 -0.665791 -0.00707871
12 4283 -0.521513 0.0326881
12 2462 -0.624569 -0.179401
11 4284 -0.754125 -0.422421
12 4284 -0.574513 -0.378235
12 1144 -0.424345 -0.422421
11 2824 -1.11041 -0.566023
12 2067 -0.238844 -0.557186
11 1593 -0.483235 -0.716253
11 4285 -0.409623 -0.753811
12 4285 -0.238844 -0.711835
11 4286 -0.980849 -0.705207
12 4286 -0.854237 -0.672068
11 2477 -0.368401 -0.806833
11 4287 -1.01324 -0.7273
12 4287 -0.907238 -0.698579
11 3543 -1.31652 -0.159518
12 2815 -0.271233 -0.172774
12 2448 -0.601013 -0.621255
12 3234 -0.771792 -0.236842
11 4288 0.373605 -0.281028
12 4288 0.435438 -0.258935
11 4289 -0.709958 -0.541721
12 4289 -0.562735 -0.504164
11 3017 -0.754125 -0.141844
11 4290 -0.789459 -1.0852
12 4290 -0.668736 -1.05206
11 4291 -1.31357 -0.54614
12 4291 -1.12218 -0.499745
11 2055 -0.718792 0.0348974
11 3529 -0.412568 -0.559395
11 3262 -0.297733 -0.526256
11 4292 -0.709958 -0.663231
12 4292 -0.533291 -0.621255
11 4214 0.279382 -0.292074
11 4293 -0.92196 -0.881948
12 4293 -0.780626 -0.8466
12 1985 -0.562735 0.0304788
11 4223 -0.771792 -0.437886
11 4294 -0.860126 -0.371608
12 4294 -0.689347 -0.329632
12 4155 -0.995572 -0.186029
11 4295 -0.336011 -0.276609
12 4295 -0.200566 -0.241261
11 3210 -1.07802 -0.557186
11 1635 -0.580402 -0.621255
11 4296 -0.497957 -0.831135
12 4296 -0.356623 -0.793578
11 1977 -0.818904 -0.174983
12 2446 -0.439068 -0.420212
11 4297 0.146881 -0.311957
12 4297 0.211659 -0.289865
12 3909 -1.09274 -0.0888215
11 4298 -0.807126 -0.205913
12 4298 -0.648125 -0.163937
11 4299 -0.765903 -1.07195
12 4299 -0.642236 -1.03881
12 2641 -0.489124 -0.702998
13 2818 -0.0209537 -0.488699
13 1709 -0.0827875 -0.767066
13 1654 -0.553902 -0.495327
11 491 -0.654014 -0.084403
13 648 -0.447901 -0.294283
13 4146 0.453105 -0.283237
13 3197 -0.129899 -0.285446
11 2564 -0.880737 -0.239052
11 2597 -0.2889 -0.899622
13 4168 0.191048 -0.934971
13 2437 -0.138732 -0.250098
11 4300 -0.951405 -0.559395
13 4300 -0.624569 -0.471025
13 941 -1.01618 -1.06753
13 1852 -0.297733 -0.296493
11 4301 -1.33418 -0.557186
13 4301 -0.998516 -0.451141
11 4228 -0.518568 0.00175838
11 4302 -1.65513 -0.254517
13 4302 -1.29591 -0.128588
13 4151 -0.247678 -0.281028
11 1593 -0.483235 -0.718463
11 2368 -0.848348 -0.493117
13 3177 -0.409623 -0.351724
11 4303 -0.951405 -0.570442
13 4303 -0.627513 -0.482071
13 2708 -0.860126 -0.471025
13 4052 -0.2359 -0.932761
11 1901 -0.159344 -0.994621
11 4304 0.338271 -0.285446
13 4304 0.400105 -0.287656
13 2868 -0.586291 -0.261144
13 4260 -0.368401 -0.0247528
11 1234 -0.821848 -0.78695
11 4305 -0.742348 -0.504164
13 4305 -0.497957 -0.435676
11 368 -0.271233 -0.63672
13 4170 0.246993 -0.300911
11 4123 0.299993 -0.289865
13 3005 -0.748237 -0.464397
13 4145 0.23227 -0.30312
13 4065 -0.00623138 -0.802415
13 2965 -0.659903 -0.892995
13 4134 0.25877 -0.300911
11 3159 -0.739403 -0.51521
13 4270 -0.86896 -0.48649
13 2973 -0.692292 -0.93718
13 3381 -0.194677 -0.336259
13 3815 -0.42729 -0.570442
13 1186 -0.0739541 -0.570442
11 4306 -0.42729 -0.96811
13 4306 0.0673803 -0.848809
11 4307 -0.963182 -0.720672
13 4307 -0.765903 -0.647766
11 2122 -0.42729 -0.0645196
13 4281 0.276437 -0.298702
11 4308 -0.659903 -0.731718
13 4308 -0.344845 -0.649975
11 4309 -1.64924 -0.267772
13 4309 -1.29002 -0.141844
11 1151 -0.786515 -0.30312
11 4310 -0.780626 -0.731718
13 4310 -0.553902 -0.661022
13 1543 -0.907238 -0.477652
13 2017 -0.182899 -0.683114
11 4311 -1.12513 -1.0852
13 4311 -0.913127 -1.00346
11 4312 -0.680514 -0.579279
13 4312 -0.436123 -0.510791
11 2321 -0.877793 -0.48649
11 4313 -0.874849 -0.837763
13 4313 -0.654014 -0.762648
11 4314 -0.601013 -0.800205
13 4314 -0.2889 -0.718463
11 4315 -1.65513 -0.256726
13 4315 -1.29591 -0.130798
13 2948 -0.344845 -0.130798
13 3473 -0.265344 0.0525715
11 4316 0.429549 -0.272191
13 4316 0.473716 -0.281028
11 4234 -0.75707 -0.475443
11 4317 -0.986738 -0.537303
13 4317 -0.736459 -0.457769
11 4318 -1.18402 -0.181611
13 4318 -0.748237 -0.0777752
13 2466 0.320604 -1.05869
11 4319 -1.01618 -0.519629
13 4319 -0.768848 -0.437886
11 2534 -0.889571 -0.8466
11 4320 -1.19285 -1.14264
13 4320 -0.983794 -1.0609
11 2875 -0.283011 -0.599162
13 2446 -0.356623 -0.398119
11 4321 -0.892515 -0.281028
13 4321 -0.627513 -0.205913
11 346 -0.786515 -0.687533
13 3642 -0.238844 -0.493117
14 2045 -0.609847 -0.418002
14 3483 -1.62569 -0.360561
14 926 -0.877793 -0.985784
11 4322 -0.403734 -0.508582
14 4322 -0.035676 -0.440095
11 4323 -1.11924 -0.482071
14 4323 -0.654014 -0.345096
14 877 -0.801237 -0.908459
14 1695 0.138047 -0.645557
11 4324 -0.977905 -0.705207
14 4324 -0.651069 -0.581488
14 1967 0.0438246 -0.552768
14 2410 -0.168177 -0.415793
11 4325 -1.41663 -0.526256
14 4325 -0.830682 -0.356143
11 4326 -0.256511 -1.17799
14 4326 0.0232133 -1.0852
11 4327 -1.4343 -0.519629
14 4327 -0.845404 -0.347306
11 4328 -0.97496 -0.54614
14 4328 -0.627513 -0.42463
11 3566 -0.0327316 -0.336259
14 2641 -0.318345 -0.645557
14 954 -0.153455 -0.289865
12 965 -0.727625 -0.314167
12 4329 -0.356623 -0.21475
13 4329 -0.203511 -0.194866
12 4330 -1.16341 -0.504164
13 4330 -1.01618 -0.444513
13 1490 -0.159344 -0.294283
12 850 -0.138732 -0.477652
13 2492 -0.238844 -0.0578918
13 2854 -0.81007 -0.466606
12 4331 0.326493 -0.272191
13 4331 0.31766 -0.294283
13 1295 0.373605 -0.289865
13 4272 -0.97496 -0.457769
13 3802 -0.309511 -0.747183
12 4332 -1.23113 -0.477652
13 4332 -1.07802 -0.415793
12 4333 0.485494 -0.252307
13 4333 0.497272 -0.278818
12 2455 -0.545068 -0.583697
12 1543 -1.04857 -0.532884
13 1396 -1.60213 -0.471025
13 4265 -0.156399 -0.972528
13 2364 -0.324234 -0.141844
13 1301 0.520828 -0.276609
13 2091 -0.153455 -0.340678
13 4286 -0.786515 -0.632301
13 2422 -0.241789 -0.296493
12 3197 -0.232955 -0.298702
13 1825 -0.718792 -0.96811
12 4334 -1.30768 -0.402537
13 4334 -1.14868 -0.338469
12 4335 -0.450846 -0.616836
13 4335 -0.362512 -0.590325
12 4336 -0.845404 -1.02997
13 4336 -0.727625 -0.976947
13 2988 -0.651069 -0.325213
12 4337 0.102714 -0.30312
13 4337 0.111547 -0.314167
13 3381 -0.194677 -0.338469
13 796 -1.72874 -0.482071
13 2398 -0.545068 -0.179401
12 3297 -0.583346 -0.0357991
12 2601 -0.447901 -0.806833
13 3021 -0.386067 -0.146262
12 2530 0.138047 -0.990202
12 1310 -0.45379 -0.459978
12 4338 -0.848348 -1.03218
13 4338 -0.73057 -0.979156
13 3036 -0.677569 -0.482071
12 4339 -0.860126 -0.431258
13 4339 -0.762959 -0.391491
13 4144 -0.389012 -0.254517
12 1469 -0.489124 -0.369398
13 1259 -0.489124 -0.269981
12 1249 -0.568624 -0.729509
12 2794 -0.512679 -0.281028
12 4340 -0.424345 -0.296493
13 4340 -0.297733 -0.2744
13 260 -0.727625 -0.81567
13 1718 -0.751181 -0.579279
12 1480 -0.456735 -0.351724
13 4291 -0.97496 -0.442304
13 917 -0.548013 -0.0159158
13 537 -0.580402 -0.228005
12 4341 -0.724681 -0.133007
13 4341 -0.630458 -0.104286
13 3851 -0.412568 -0.566023
13 2099 -0.707014 -0.554977
12 4342 -0.73057 -0.336259
13 4342 -0.612791 -0.300911
13 2476 -0.0975098 -0.7273
13 613 -0.492068 -0.269981
12 3563 0.267604 -1.09625
12 4343 -0.866015 -0.48649
13 4343 -0.768848 -0.444513
13 1391 -1.64924 -0.475443
12 4344 -0.447901 -0.809042
13 4344 -0.300678 -0.769276
13 2511 -0.56568 -0.588116
12 2154 -0.665791 -0.652185
13 1398 -0.515624 -0.30533
13 2490 -0.553902 -0.493117
12 4345 -0.40079 -0.314167
13 4345 -0.268289 -0.292074
12 2654 -0.42729 -0.269981
12 4346 -0.394901 -0.400328
13 4346 -0.291844 -0.378235
13 355 -0.801237 -0.897413
12 4347 -0.159344 -0.778113
13 4347 -0.0651206 -0.753811
13 4251 -0.942571 -0.482071
12 1615 -0.232955 -0.552768
13 768 0.544384 -0.2744
12 4227 0.335327 -0.272191
12 4348 -0.636347 -0.859856
13 4348 -0.568624 -0.826717
12 4349 -0.318345 0.0393159
13 4349 -0.227066 0.048153
12 4350 -0.433179 -0.194866
13 4350 -0.3154 -0.174983
12 4351 -0.459679 -0.448932
13 4351 -0.377234 -0.426839
12 459 -0.892515 -0.707416
12 4313 -0.73057 -0.800205
12 4109 -0.583346 -0.353934
12 4352 -1.24585 -0.442304
13 4352 -1.09274 -0.380445
13 2640 -0.689347 -0.272191
12 4353 -0.863071 -0.934971
13 4353 -0.789459 -0.890785
13 4267 0.297049 -0.296493
12 2896 -0.553902 -0.378235
12 4354 -0.468512 -0.362771
13 4354 -0.356623 -0.338469
12 4355 -0.324234 -1.01671
13 4355 -0.106343 -0.959273
13 1191 -0.347789 0.0658271
12 2226 -0.612791 -0.563814
13 4261 -0.860126 -0.649975
12 4356 -0.624569 -0.33405
13 4356 -0.503846 -0.30312
12 741 -0.40079 -0.239052
13 2666 -0.524457 -0.488699
12 2138 -0.877793 -0.857646
12 2152 -0.303622 -0.705207
12 4357 0.15277 -0.296493
13 4357 0.223437 -0.30312
12 4358 -0.848348 -1.03439
13 4358 -0.73057 -0.981365
12 4359 -0.45379 -0.157309
13 4359 -0.333067 -0.137425
12 4360 -0.265344 -0.371608
13 4360 -0.162288 -0.356143
12 4361 -0.745292 -0.645557
13 4361 -0.674625 -0.610208
12 1901 0.0261577 -0.946017
13 3695 -0.318345 -0.0910308
12 4362 -0.598069 -0.256726
13 4362 -0.471457 -0.228005
13 3000 -0.559791 -0.638929
13 1101 -0.692292 -0.54614
13 4203 -0.147566 -0.208122
12 4363 -0.42729 -0.267772
13 4363 -0.303622 -0.245679
13 3941 -0.336011 0.112222
13 2784 -0.574513 -0.276609
12 4364 -0.839515 -1.02334
13 4364 -0.721736 -0.970319
12 4365 -0.609847 -0.649975
13 4365 -0.521513 -0.616836
12 4366 0.42366 -0.258935
13 4366 0.420716 -0.285446
12 4367 -0.73057 -0.168355
13 4367 -0.627513 -0.137425
12 4368 -0.3419 -0.245679
13 4368 -0.191733 -0.225796
12 2563 -0.73057 -0.272191
12 1654 -0.686403 -0.535093
12 4369 -0.571569 -0.541721
13 4369 -0.474401 -0.510791
12 4370 -1.5933 -0.532884
13 4370 -1.61391 -0.473234
12 4371 0.556161 -0.24347
13 4371 0.559106 -0.2744
13 2494 -0.659903 -0.186029
12 4372 -0.748237 -0.45556
13 4372 -0.598069 -0.413584
12 3066 -0.833626 -0.426839
12 4373 -0.141677 -0.535093
13 4373 -0.079843 -0.526256
13 3531 -1.18991 -0.296493
14 2044 -0.138732 0.0835012
12 4243 -0.945516 -0.444513
14 263 -0.857182 -0.9659
14 1605 -0.612791 -0.380445
12 4374 0.294104 -1.19125
14 4374 0.488439 -1.15811
14 1070 -0.230011 -0.431258
12 1467 -0.898404 -0.689742
14 171 -0.692292 -0.603581
14 1611 -0.141677 0.0282696
14 2008 -0.0916209 0.015014
14 12 -0.627513 -0.738346
12 1173 -0.12401 -0.33405
12 4375 -1.23996 -0.453351
14 4375 -0.842459 -0.331841
14 4354 -0.168177 -0.323004
14 741 -0.0945653 -0.210331
14 4360 -0.000342423 -0.351724
12 4113 0.173381 -0.294283
12 4376 -1.08685 -0.526256
14 4376 -0.724681 -0.420212
12 4377 -1.13102 -0.51521
14 4377 -0.75707 -0.404747
14 566 -0.277122 -0.380445
14 3055 -0.866015 -0.985784
14 4287 -0.701125 -0.599162
12 4378 -1.36363 -0.351724
14 4378 -0.939627 -0.21475
14 3531 -0.930793 -0.228005
13 4379 -0.138732 -0.018125
14 4379 0.0997694 -0.0313806
14 1312 -0.259455 -0.084403
14 18 -0.389012 -0.742764
14 1778 -0.59218 -0.340678
14 2525 0.491383 -1.11613
13 532 -1.70813 -0.482071
14 418 -0.53918 -0.638929
13 151 -0.780626 -0.532884
13 4380 -0.771792 -0.464397
14 4380 -0.621625 -0.418002
13 4381 -0.771792 -0.473234
14 4381 -0.627513 -0.426839
14 2128 -0.386067 -0.0578918
13 3392 -0.75707 -0.619046
13 4382 -0.471457 -0.426839
14 4382 -0.309511 -0.402537
14 1661 -0.256511 -0.000450882
13 4383 -0.924904 -0.448932
14 4383 -0.712903 -0.398119
13 4384 -0.185844 -0.2744
14 4384 0.0143798 -0.276609
14 1918 -0.171121 0.123268
14 1870 -0.259455 -0.133007
13 4385 -0.662847 -0.519629
14 4385 -0.550957 -0.477652
13 4386 -0.874849 -0.042427
14 4386 -0.556846 -0.00266015
13 4387 -0.527402 -0.912878
14 4387 -0.439068 -0.87753
14 2559 -0.132843 -0.203703
13 4388 -0.115177 -0.740555
14 4388 0.0261577 -0.733927
14 4313 -0.527402 -0.722881
13 4389 -0.188788 -0.444513
14 4389 -0.0533428 -0.437886
13 4390 -0.648125 -0.448932
14 4390 -0.515624 -0.409165
13 4391 -1.26057 -0.208122
14 4391 -0.989683 -0.135216
14 2981 0.15277 -0.822298
13 4392 -0.0150648 -0.844391
14 4392 0.12627 -0.839972
14 575 -0.359567 -0.287656
13 4393 -0.70407 -0.453351
14 4393 -0.542124 -0.413584
13 4394 -0.185844 -0.0689382
14 4394 -0.0297871 -0.0667289
116 126 82
222 221 174
216 214 164
222 215 202
222 216 169
214 209 152
216 214 164
222 216 169
221 218 170
222 221 173
221 218 172
222 222 176
222 216 169
213 208 152
222 216 169
216 212 168
222 216 169
222 224 177
221 218 170
219 216 168
220 217 172
222 216 169
220 216 172
222 218 172
222 217 170
218 222 175
222 216 169
220 218 170
212 212 166
222 216 169
222 214 199
216 214 168
216 212 166
213 207 155
222 216 169
220 218 169
220 219 170
220 222 172
208 204 144
220 216 170
220 216 170
220 216 171
220 214 168
208 202 162
212 208 152
222 222 172
192 189 154
216 212 166
222 218 172
220 219 172
222 216 169
219 218 170
222 216 169
220 216 172
220 218 170
214 210 163
222 216 169
221 217 171
216 212 166
216 218 171
218 220 173
211 210 154
221 217 170
215 212 160
220 216 170
218 215 165
176 174 134
212 206 174
219 217 167
221 217 170
214 218 172
220 218 170
215 211 164
214 210 159
222 216 169
222 216 169
211 212 164
108 110 88
222 222 174
222 220 173
222 218 172
222 224 178
214 209 155
222 216 169
148 150 102
222 216 169
108 116 84
214 210 163
220 220 174
220 218 169
166 166 127
222 216 169
219 217 164
212 210 156
222 216 169
216 215 162
219 216 170
222 216 169
220 222 174
222 216 169
222 217 170
219 218 166
220 218 169
221 218 170
212 209 162
220 217 170
218 216 167
222 216 169
216 212 166
222 216 169
212 206 168
222 216 169
222 220 174
218 222 176
215 212 164
214 210 162
214 210 161
224 224 176
214 210 162
221 216 170
130 141 110
187 184 138
220 216 169
222 216 169
220 216 170
222 216 169
222 222 174
222 217 170
205 202 141
222 216 169
214 214 166
222 218 172
218 214 170
218 216 166
218 216 165
214 211 159
206 199 165
222 216 169
211 208 156
220 218 170
223 224 177
215 211 164
220 217 172
220 218 171
222 218 171
221 220 172
218 214 167
220 214 168
222 217 172
220 219 171
206 200 162
222 216 169
223 217 169
220 218 169
222 218 170
86 84 60
224 216 202
222 216 169
216 214 168
214 210 162
220 220 172
211 206 150
222 221 174
213 210 160
221 218 170
222 216 169
216 213 167
220 218 169
212 208 156
218 225 182
68 60 46
222 216 169
215 211 164
214 210 162
217 213 166
222 216 169
218 216 166
222 218 172
222 216 169
220 218 170
219 217 169
216 214 162
220 219 172
220 218 172
220 216 172
222 216 169
222 216 169
214 209 161
222 224 176
220 217 170
222 216 169
214 209 172
222 216 169
217 214 160
222 216 169
222 216 169
214 212 162
220 218 169
216 212 168
166 170 125
212 208 152
222 221 174
219 217 168
220 218 170
218 216 166
198 194 142
198 194 142
198 194 142
200 200 150
198 194 142
198 194 142
198 196 144
84 88 64
198 194 142
178 182 134
175 172 114
198 194 142
160 157 126
198 194 142
200 200 150
197 196 143
188 182 123
193 188 134
198 196 143
200 197 146
199 200 148
184 180 126
198 194 142
193 189 140
198 194 142
198 194 142
198 194 142
198 194 142
194 190 140
198 194 144
192 187 136
68 66 44
198 194 142
192 188 140
198 194 142
198 194 142
198 196 144
198 194 142
198 194 142
190 186 132
192 189 135
192 186 134
180 176 123
198 194 142
88 78 60
148 152 104
198 194 142
202 203 152
198 194 142
198 194 142
198 194 142
198 194 142
198 194 142
195 192 143
200 198 150
198 194 142
196 192 142
192 188 136
198 194 142
199 194 142
100 101 80
153 152 110
198 194 142
200 198 148
198 194 142
200 200 150
144 147 106
191 187 139
199 200 150
192 188 134
198 194 142
198 194 142
198 194 142
157 164 122
190 186 130
188 186 132
198 194 142
198 193 140
190 185 131
200 194 142
198 199 150
200 198 150
193 188 139
198 202 151
190 186 132
190 186 132
196 200 156
198 196 145
198 194 142
198 194 142
190 186 134
200 199 151
198 194 142
191 187 133
199 194 144
205 195 184
190 188 136
198 194 142
198 194 142
198 194 142
192 186 153
198 194 142
198 194 142
196 197 149
200 199 149
194 188 135
198 194 142
200 198 148
161 166 122
198 194 142
166 172 126
198 194 143
150 154 106
190 186 132
202 205 156
200 195 144
194 188 135
198 194 142
164 166 120
190 187 136
152 158 109
198 194 142
172 172 118
192 188 139
192 189 135
189 184 126
198 194 142
198 194 142
138 138 90
198 194 142
198 194 142
188 186 134
190 186 133
198 194 142
198 194 142
193 188 134
202 204 154
198 194 142
198 194 142
198 194 142
199 194 144
199 194 142
187 182 123
198 194 142
198 194 142
192 190 138
199 195 146
202 202 153
198 194 142
184 178 146
198 194 142
134 134 89
200 201 152
195 192 138
192 188 138
198 197 145
179 174 122
188 183 132
198 194 142
199 200 149
196 192 142
150 150 108
194 191 140
198 197 148
202 192 180
198 194 142
142 146 113
198 194 142
198 194 142
199 200 150
198 194 142
146 148 102
200 201 150
198 194 142
198 194 142
197 196 145
197 196 144
196 192 144
192 189 138
200 196 144
186 183 132
179 177 127
186 183 132
178 176 122
184 184 134
183 182 132
184 182 131
190 190 138
186 183 132
186 183 132
190 189 139
177 173 118
186 183 132
181 181 129
196 185 174
188 186 134
190 190 141
186 183 132
189 190 138
182 179 128
190 190 139
181 178 125
184 181 130
187 184 135
190 190 138
186 183 132
192 182 168
186 183 132
186 183 132
186 183 132
188 188 138
180 175 116
186 183 132
186 183 132
182 178 127
194 183 169
186 183 133
181 178 125
186 183 132
186 183 132
186 183 132
180 178 124
96 103 70
186 183 132
186 183 132
186 183 132
186 183 132
186 183 132
188 186 134
186 183 132
186 183 132
124 119 90
186 183 132
190 190 138
186 183 132
186 183 132
186 183 132
185 182 132
186 183 132
182 180 130
186 183 132
186 183 132
190 189 137
186 183 132
194 182 167
186 183 132
186 183 132
66 71 46
186 183 132
186 183 132
182 180 128
185 182 131
185 182 131
185 182 131
185 182 131
185 182 131
183 180 128
180 178 122
185 182 131
185 182 131
182 178 126
182 179 124
189 190 138
186 183 131
185 182 131
185 182 131
188 190 140
188 190 142
185 182 131
194 184 168
190 190 140
188 188 137
185 182 131
182 182 132
183 180 130
185 182 131
185 182 131
184 183 132
185 182 131
189 188 138
188 190 140
185 182 131
185 182 131
84 90 54
184 184 130
187 182 129
176 172 136
182 181 128
194 184 171
190 188 138
184 182 127
195 184 172
146 146 94
187 182 129
187 182 129
183 182 130
182 178 124
184 186 136
184 180 128
186 182 130
184 178 126
186 188 140
186 182 130
184 181 130
188 184 132
185 188 139
186 188 139
187 182 132
188 184 132
187 182 132
186 188 138
187 182 130
188 184 132
186 186 138
186 182 126
186 184 134
189 189 141
190 188 138
188 189 140
185 185 137
188 189 140
186 186 138
184 187 138
146 150 115
186 188 138
192 184 134
188 188 138
185 183 134
188 184 134
152 154 118
190 189 138
184 183 136
188 182 128
184 184 134
190 184 130
187 188 141
186 182 124
190 188 136
196 185 169
187 183 130
186 187 140
187 182 124
174 168 116
189 183 128
140 138 100
188 187 134
187 183 129
186 188 139
185 174 160
192 186 134
193 188 136
192 186 134
188 185 130
194 190 139
190 186 134
184 178 138
190 186 134
187 183 132
186 187 138
190 187 137
187 188 138
189 186 136
190 188 137
184 180 126
186 185 134
186 188 138
186 188 138
184 184 132
188 184 134
188 190 139
186 184 132
188 184 134
187 189 138
188 190 138
186 190 140
188 184 134
190 189 138
189 188 136
188 190 138
188 184 147
184 181 130
186 186 134
185 186 134
184 181 130
184 181 130
200 190 172
188 184 128
205 210 160
151 151 107
196 196 144
200 196 146
200 201 148
190 190 136
146 146 110
200 196 147
202 203 152
192 190 137
201 196 144
201 196 144
194 192 142
202 201 151
194 190 138
200 196 144
200 196 146
195 191 143
202 201 150
192 186 130
195 192 142
191 187 128
201 200 150
194 195 142
80 86 48
201 196 144
200 196 146
194 194 140
198 196 144
193 190 138
200 201 150
196 196 146
198 199 148
191 188 135
194 189 139
194 196 144
201 196 144
82 76 49
200 202 151
200 192 174
198 197 144
200 196 147
201 196 144
146 156 111
200 202 152
199 198 145
196 196 142
200 200 148
199 190 168
201 200 147
201 196 144
200 196 144
200 201 150
201 196 144
202 197 145
200 196 144
196 193 142
199 196 146
201 202 150
201 196 146
200 196 147
188 184 126
195 192 142
200 198 146
200 199 146
200 200 148
83 76 52
198 197 146
176 172 118
198 194 146
200 200 152
200 200 150
200 200 147
201 202 153
195 196 144
198 195 145
195 192 142
200 198 149
201 192 172
200 196 147
168 170 118
200 196 144
192 188 136
201 196 144
200 196 147
196 193 142
201 196 144
200 196 146
200 200 152
148 154 100
200 191 172
200 202 148
193 189 136
200 198 148
200 190 170
200 196 144
200 196 147
192 190 134
200 199 148
199 200 148
201 196 144
200 196 144
193 193 140
193 188 132
194 191 144
193 189 135
200 194 143
201 202 150
199 198 146
198 200 146
196 194 142
194 190 141
200 196 146
200 195 146
198 197 145
200 200 149
197 200 150
202 194 178
200 196 147
198 196 142
143 152 112
196 197 144
198 194 144
198 196 143
196 194 141
201 200 148
195 191 144
200 196 144
94 84 58
193 188 137
202 202 152
200 196 146
200 195 144
200 200 150
198 195 145
195 196 144
199 198 145
192 189 132
198 193 144
202 192 175
70 58 32
200 198 149
158 165 120
183 178 115
201 196 144
199 196 143
198 193 144
146 146 102
201 196 144
196 197 144
198 188 167
195 192 144
201 196 144
192 188 132
201 196 144
188 185 131
201 196 144
198 194 146
201 196 144
200 202 151
201 196 144
201 196 144
202 201 150
194 190 141
186 184 125
156 163 114
148 148 102
200 200 148
196 197 146
193 190 131
201 196 144
198 200 149
201 196 144
201 196 144
201 196 144
200 196 146
199 198 150
199 197 144
201 196 144
201 202 152
201 196 146
200 201 150
197 198 148
194 191 140
76 62 36
192 193 144
201 196 144
201 200 151
201 199 146
198 189 168
201 196 144
193 189 136
188 184 125
145 155 109
201 196 148
201 202 152
173 174 130
178 180 140
198 196 144
148 144 100
201 196 145
190 188 134
193 190 141
196 192 142
199 196 146
165 160 98
194 190 138
186 182 124
201 196 146
200 195 144
201 192 175
194 190 142
195 192 142
194 198 147
76 58 39
178 174 114
187 185 132
196 186 171
188 188 136
134 134 96
130 129 88
186 186 134
194 185 170
99 102 89
178 176 118
189 184 133
188 184 134
189 184 133
189 184 133
189 184 133
181 178 124
182 179 124
182 181 127
188 185 134
189 184 133
191 192 140
190 190 139
182 178 123
188 185 134
184 180 130
69 52 40
170 166 116
189 184 133
100 102 71
180 178 124
191 182 161
188 185 135
98 83 70
188 186 132
192 192 140
189 184 133
189 186 135
182 178 124
189 184 133
189 184 133
190 181 160
188 185 134
190 186 136
190 190 139
188 185 135
190 180 159
188 185 134
189 184 133
189 184 133
188 187 134
188 184 134
179 176 117
189 180 158
188 185 135
190 188 138
158 155 112
178 175 118
188 188 136
188 184 134
190 190 138
189 184 133
190 190 140
189 184 133
188 193 142
196 184 172
188 185 134
181 177 120
189 184 133
186 182 132
189 184 133
189 184 133
178 174 116
130 128 84
178 175 118
178 174 116
190 193 142
179 176 120
184 182 129
188 185 134
189 184 133
184 182 127
189 188 138
189 187 134
189 184 133
190 191 138
187 192 142
189 184 133
190 186 136
188 184 134
177 174 116
184 182 130
184 180 130
178 174 113
184 184 132
188 183 132
186 183 128
188 183 132
190 190 138
186 182 132
182 175 134
188 183 132
191 190 139
196 186 168
178 174 114
188 186 134
184 181 130
188 183 132
182 176 136
188 183 132
188 183 132
180 174 134
180 178 122
188 183 132
188 183 132
186 184 128
186 186 134
188 183 132
178 174 114
188 183 132
188 183 132
189 180 154
191 190 140
188 183 132
190 189 138
177 174 130
192 182 164
195 184 171
188 183 132
184 180 124
184 180 128
190 184 130
185 183 130
190 184 130
190 191 138
190 184 130
190 184 130
189 184 134
190 184 130
190 190 141
186 184 130
190 184 130
194 184 168
172 164 122
189 190 138
194 184 165
190 192 140
186 182 133
134 133 92
184 182 128
194 184 170
190 184 130
196 186 170
188 190 137
190 184 130
190 184 130
174 170 118
188 184 132
188 184 132
186 184 132
184 181 126
188 184 132
186 186 137
184 182 126
189 184 131
172 172 120
189 184 131
184 184 133
188 189 139
184 180 126
186 185 133
188 188 136
191 186 134
188 187 136
188 188 138
188 183 130
187 187 135
188 188 136
191 186 134
190 186 134
188 190 142
191 192 144
186 186 135
192 184 146
191 186 135
172 168 116
192 188 136
190 185 130
192 188 136
198 186 172
192 187 134
194 186 132
189 185 132
190 186 130
188 188 136
190 187 134
190 186 132
193 188 138
192 187 135
191 183 150
190 188 136
192 188 138
192 189 137
190 184 128
172 174 126
190 188 134
192 188 135
132 128 112
189 185 130
190 188 136
188 183 127
188 190 138
192 188 135
188 190 138
192 194 142
188 190 139
179 174 117
184 183 128
188 190 139
188 190 139
190 186 134
193 187 134
187 188 138
183 178 122
192 187 134
198 186 172
192 187 134
191 187 134
188 191 138
188 190 140
188 188 137
194 184 166
194 186 168
190 190 140
186 184 136
190 186 134
190 186 134
194 186 172
186 186 134
190 186 134
190 186 134
186 186 132
190 190 138
188 187 134
187 182 131
190 190 136
190 190 139
185 184 134
186 184 136
188 188 135
178 176 115
188 184 133
138 150 108
187 182 131
179 176 114
161 165 110
189 190 137
178 176 115
168 168 115
166 162 106
166 162 106
168 164 111
167 168 112
172 164 148
167 166 110
166 162 106
166 162 106
167 166 110
156 158 111
170 170 115
168 166 112
172 162 146
169 170 114
166 162 106
166 163 109
166 162 108
156 150 93
166 162 106
149 144 84
168 164 110
169 168 116
168 164 111
168 170 116
162 160 106
138 134 74
168 164 110
167 170 114
168 164 111
166 162 106
168 168 112
166 165 109
168 163 110
167 166 113
166 162 106
166 162 106
166 162 106
172 163 146
167 164 108
162 160 108
150 145 86
170 159 137
158 155 98
166 162 106
166 162 106
166 162 108
160 160 104
168 164 108
124 128 80
168 164 111
168 168 114
143 136 80
154 148 87
169 172 116
156 152 91
168 169 116
166 162 108
158 156 96
166 162 106
167 166 108
166 162 106
168 166 110
167 168 113
172 162 142
166 166 110
166 162 106
158 153 94
166 164 104
155 150 90
168 164 110
136 131 71
168 164 110
170 158 139
154 148 86
168 163 110
166 166 110
166 162 106
169 170 117
166 162 106
152 154 102
166 162 106
168 164 111
174 164 150
166 164 108
162 159 106
159 154 96
159 156 98
158 154 94
166 162 106
158 154 96
167 163 108
150 139 82
166 162 106
166 164 110
166 165 109
166 162 106
162 160 107
166 162 106
168 168 112
166 162 106
166 162 106
138 138 94
169 170 112
168 164 110
168 168 114
168 168 116
158 154 94
162 158 107
170 170 116
166 162 106
161 158 106
170 172 117
162 160 102
161 159 108
159 154 96
159 154 96
168 164 110
158 154 94
145 142 88
166 164 109
162 161 104
168 168 114
169 169 115
172 161 146
166 162 106
168 166 111
169 158 134
162 158 105
164 160 109
169 172 116
168 164 110
157 152 92
158 152 93
168 164 110
155 150 90
162 159 108
166 162 106
168 168 111
166 162 106
166 162 106
150 145 86
168 170 116
164 166 112
166 162 106
165 164 109
156 150 90
166 165 112
162 158 100
160 154 98
139 135 80
144 142 88
168 167 113
166 162 106
162 160 107
166 166 110
168 165 109
166 162 106
166 162 106
169 168 112
174 161 144
139 132 94
169 171 116
166 162 106
168 164 111
168 170 113
168 168 112
168 163 110
166 156 131
159 154 94
166 162 106
168 163 110
164 162 107
162 160 108
162 159 104
147 138 97
170 158 138
166 162 107
158 154 94
157 153 94
170 172 118
170 171 118
166 162 107
157 152 96
170 170 115
164 162 106
168 164 110
170 170 115
160 156 100
162 160 108
164 160 106
118 123 77
169 172 120
161 157 100
161 158 99
160 156 98
169 170 116
166 161 106
159 156 98
157 154 96
159 156 97
152 149 100
168 162 109
164 160 106
164 160 106
158 150 112
164 160 106
168 166 110
168 168 112
170 169 116
168 164 110
169 172 117
164 160 106
171 172 116
166 162 107
160 156 98
164 162 110
154 149 86
166 162 108
166 166 110
151 142 102
162 159 104
140 134 89
168 162 109
164 160 106
168 172 116
167 162 108
164 160 106
162 159 102
174 163 148
166 162 107
168 172 116
162 160 105
166 162 104
160 158 104
166 162 104
163 160 104
168 170 116
162 159 103
165 164 108
167 170 116
164 163 107
166 162 104
160 158 100
162 160 104
162 162 106
164 162 104
158 154 93
162 160 103
166 162 104
172 162 142
162 158 102
166 162 108
166 162 104
166 162 104
166 162 104
167 172 115
168 170 114
163 163 109
166 162 104
174 162 146
166 168 114
168 172 116
172 162 147
162 158 103
160 158 100
162 158 104
162 159 104
137 132 91
172 162 140
163 160 105
164 160 105
166 161 102
166 161 106
168 170 116
166 161 106
166 161 104
162 158 107
159 153 108
166 166 114
160 156 100
172 162 146
166 161 106
166 161 106
165 162 104
114 118 78
166 161 104
166 161 106
166 161 104
166 161 104
166 161 106
165 166 114
166 161 104
166 166 111
166 166 113
171 164 108
168 166 111
168 162 109
170 164 106
172 164 108
170 164 106
170 164 106
168 163 110
170 164 108
170 166 110
168 162 123
169 166 109
168 168 113
171 166 108
121 126 80
169 166 109
166 168 115
169 168 116
168 168 114
170 170 116
171 166 108
166 166 110
166 166 112
170 164 108
166 165 107
166 166 112
170 164 108
170 164 108
170 170 116
166 168 116
166 166 112
170 164 108
170 164 110
169 164 108
127 131 82
170 165 110
156 155 106
170 165 110
170 164 108
166 162 108
170 164 110
168 164 108
168 168 114
168 164 108
168 164 108
166 165 110
160 160 104
168 164 108
168 164 108
146 142 88
159 158 99
162 160 104
169 170 114
168 164 108
168 164 108
170 164 111
163 162 106
173 163 144
168 168 112
170 168 112
164 164 107
128 126 72
164 163 108
164 162 106
102 106 66
164 169 114
81 84 48
163 160 106
164 164 108
166 164 109
165 164 106
161 158 103
164 160 104
167 170 120
164 160 104
166 164 107
167 169 112
174 166 150
166 166 109
166 162 105
164 160 104
165 166 112
160 158 102
163 161 108
163 160 111
162 160 110
153 148 86
166 166 109
172 164 146
166 164 108
100 104 83
97 102 58
154 152 98
154 152 96
154 152 96
152 150 95
141 133 89
152 150 95
156 154 98
152 150 95
148 144 87
154 151 96
152 150 95
154 151 96
156 156 100
153 150 98
152 149 95
153 150 95
152 150 95
156 154 98
154 152 99
135 130 68
152 148 91
152 150 95
156 157 100
145 140 76
107 110 73
166 156 138
154 152 96
154 152 98
106 110 65
152 150 95
155 152 97
166 154 140
151 149 92
152 150 95
142 136 78
150 146 88
155 152 97
152 150 95
155 152 97
150 150 96
152 150 95
156 156 100
143 137 76
152 150 95
152 149 94
152 150 95
158 158 104
152 150 95
160 164 110
150 148 90
148 146 92
156 154 98
166 155 137
152 152 96
152 148 92
158 158 102
157 157 100
154 152 97
162 150 130
158 160 104
153 150 94
154 150 98
150 146 90
154 153 98
154 152 95
154 152 96
156 156 100
153 152 99
130 122 85
152 150 95
152 150 95
152 150 95
155 152 97
151 150 94
152 150 95
152 150 95
152 150 95
154 151 96
158 160 104
142 134 96
158 162 106
154 150 96
154 150 96
148 144 84
148 146 90
154 152 96
156 159 104
152 150 95
152 150 94
157 156 100
144 138 80
153 153 96
154 151 96
156 155 100
152 150 95
129 124 66
152 149 96
152 150 95
155 151 96
153 151 94
153 154 98
155 152 97
147 142 82
127 122 64
154 152 96
121 118 60
152 150 95
147 144 85
155 154 98
155 153 98
71 60 38
158 158 100
153 150 94
153 150 94
154 151 96
152 150 95
108 114 63
152 150 96
154 152 98
164 152 135
158 162 106
152 150 95
152 150 96
160 164 108
166 154 141
158 160 104
151 150 94
167 155 139
152 150 95
152 150 95
152 150 95
158 158 104
154 152 101
164 152 136
154 154 100
152 150 95
152 150 95
152 150 95
152 150 94
156 152 94
154 154 98
155 152 95
154 152 96
154 154 98
150 146 92
152 150 96
154 154 97
154 150 93
154 150 93
154 150 93
153 154 98
148 144 84
150 148 90
152 149 94
155 151 96
154 150 93
164 152 135
156 152 95
156 152 94
156 154 98
140 132 92
157 158 100
150 146 90
156 156 98
154 154 98
155 152 95
154 150 93
156 152 94
155 154 97
156 152 96
166 154 140
153 151 96
154 150 93
140 128 72
154 150 93
154 150 93
154 150 93
166 155 142
154 150 93
158 158 101
146 141 77
155 154 99
153 151 96
155 151 96
154 152 96
152 151 96
154 153 97
152 152 96
141 134 97
152 150 97
154 150 94
152 152 95
150 145 88
154 154 100
162 150 130
155 151 95
156 156 100
154 160 105
158 162 107
156 155 102
154 153 98
151 150 94
154 150 94
156 152 94
153 152 97
155 151 95
150 142 104
155 151 95
152 152 96
155 151 95
148 139 100
150 148 91
155 151 95
158 162 108
164 152 134
152 147 91
153 152 95
154 150 94
157 153 98
156 152 96
156 160 106
166 153 134
156 152 96
157 153 98
155 156 100
160 154 96
158 158 102
155 160 106
158 162 108
154 161 107
160 154 98
154 156 102
156 156 102
158 152 96
156 154 98
159 154 98
159 156 102
157 156 100
158 154 100
152 153 100
159 155 100
152 154 102
158 154 98
158 154 98
159 158 104
168 156 136
157 157 100
159 158 103
159 154 98
155 152 97
160 158 100
169 156 141
154 157 104
158 157 102
157 156 99
160 156 99
158 158 102
158 154 98
158 158 101
154 149 92
128 124 76
154 149 90
152 147 88
153 150 93
154 149 90
152 148 88
166 154 134
158 154 98
158 154 98
158 154 98
153 148 90
157 154 100
142 140 94
158 154 98
158 154 98
158 154 98
158 154 98
156 152 98
150 146 86
127 127 77
155 152 96
157 158 105
159 159 105
156 152 98
158 160 106
155 154 99
158 159 104
157 154 100
156 154 98
157 159 103
156 153 98
156 152 98
156 153 99
152 151 98
156 152 98
157 157 102
158 158 104
156 152 98
156 154 100
156 152 98
156 152 98
156 155 99
154 156 100
136 110 63
166 156 138
152 149 94
152 150 94
153 152 94
156 155 98
152 150 96
166 156 139
145 142 80
158 158 102
156 154 99
152 150 94
167 156 140
155 156 99
152 149 94
158 158 102
154 154 100
152 150 94
156 158 102
148 144 87
153 149 92
158 158 100
156 154 102
153 149 94
152 149 95
158 162 106
153 149 94
160 164 108
155 154 102
157 160 106
154 149 90
157 159 103
168 155 140
155 151 96
148 143 84
152 148 91
152 150 97
154 154 98
153 153 96
159 164 108
152 149 94
153 149 92
167 155 139
154 154 97
154 150 93
149 144 86
154 150 92
153 149 92
153 150 91
158 156 102
148 146 88
158 158 102
153 149 92
158 164 106
153 152 96
153 149 92
153 149 92
159 163 107
154 154 98
153 149 92
152 148 94
153 149 92
154 154 98
167 156 138
154 152 99
157 156 104
153 150 96
152 150 96
153 150 94
156 156 102
150 148 94
153 149 92
151 149 92
153 152 96
154 152 97
156 158 102
158 156 102
158 158 102
154 150 94
158 157 102
155 159 104
152 149 94
156 158 102
153 149 92
154 159 102
153 149 92
158 158 103
155 151 96
152 150 96
154 150 95
154 150 94
152 150 94
152 152 96
152 150 94
154 153 97
152 152 102
153 149 92
150 150 94
150 148 91
152 146 86
153 149 92
154 150 94
154 150 96
153 149 92
164 153 132
147 148 98
158 159 102
153 149 92
153 149 92
158 158 103
166 154 140
156 156 100
122 122 78
152 148 94
150 145 87
153 149 92
155 153 100
153 149 92
153 149 92
153 149 92
154 151 95
153 149 92
158 156 104
154 151 96
156 158 101
152 148 90
153 149 92
152 149 94
153 149 92
153 149 92
153 149 92
157 156 106
166 154 138
150 150 100
154 150 95
157 156 104
148 144 86
130 125 66
156 159 103
168 155 140
166 154 138
154 150 95
152 152 96
153 149 92
156 160 104
153 149 94
152 152 94
156 160 104
152 149 92
146 141 78
154 151 95
158 156 104
152 148 91
153 150 96
152 149 94
158 158 102
156 156 100
154 150 96
150 146 85
152 153 96
158 163 107
156 154 100
102 106 65
166 155 137
166 156 144
153 149 92
153 149 92
156 155 101
154 150 92
152 152 96
168 156 141
152 150 96
153 149 92
154 150 95
154 154 98
153 149 92
155 154 99
164 152 134
158 162 107
155 152 97
156 152 95
154 151 95
166 154 142
152 154 98
166 153 137
152 146 91
154 150 92
153 153 99
152 158 102
153 150 96
164 152 132
152 148 91
136 132 74
152 153 97
152 148 93
154 150 95
156 153 100
154 154 99
154 150 94
158 158 104
154 150 92
152 158 102
152 148 93
155 152 99
153 154 98
153 150 94
152 148 93
154 155 100
156 151 95
152 153 98
154 152 96
155 150 94
155 152 97
154 154 100
156 156 102
154 151 96
156 154 97
144 136 97
152 152 97
153 152 98
154 150 94
154 150 94
153 148 92
156 153 98
154 150 95
153 154 98
153 149 93
153 150 96
156 152 98
124 120 84
153 152 96
166 154 137
151 148 95
152 148 90
154 149 92
152 150 96
153 150 95
153 150 92
102 104 68
152 148 93
154 158 104
154 150 95
110 108 62
157 154 98
154 150 96
155 151 96
154 154 100
154 150 95
156 156 99
155 155 100
153 156 102
156 156 100
165 152 132
156 152 96
142 133 96
158 154 98
160 164 110
154 150 96
154 154 100
150 144 83
170 156 143
156 152 98
156 156 98
157 154 98
154 152 98
154 150 96
154 150 96
156 150 96
156 152 98
156 152 98
154 150 93
151 146 88
154 149 92
155 156 104
158 164 109
158 164 108
156 150 94
154 150 96
158 152 96
170 157 142
158 152 94
157 151 94
160 152 95
168 155 142
154 156 101
157 151 94
157 151 94
158 154 98
157 151 94
152 152 100
168 155 139
158 152 94
168 156 142
150 152 99
158 150 111
103 95 77
158 154 100
148 140 106
156 156 101
156 152 97
156 156 104
110 104 86
168 156 140
156 152 97
157 156 100
156 156 100
157 157 103
158 153 97
158 153 97
168 156 139
158 158 102
159 156 101
157 154 98
156 156 101
168 155 138
159 156 102
156 152 96
154 150 93
156 156 101
155 150 92
166 155 141
155 146 130
160 164 108
156 152 96
158 156 102
160 148 123
106 108 70
156 152 96
154 155 100
154 151 93
152 148 86
152 147 90
157 158 105
156 152 96
154 155 102
156 152 96
155 156 104
98 101 62
156 152 96
163 152 132
156 152 96
144 136 98
156 152 96
154 150 94
154 155 102
156 152 96
166 154 134
156 152 96
158 160 106
156 152 96
156 152 96
151 147 86
153 150 93
164 153 132
164 154 137
152 150 95
156 152 98
156 158 104
156 152 98
154 152 96
153 150 97
159 160 104
155 152 97
153 151 96
159 158 102
156 157 100
152 152 97
152 150 95
95 97 55
155 151 96
156 154 100
156 156 100
156 156 100
154 151 96
158 157 103
157 158 102
157 157 100
154 151 96
154 151 96
154 151 96
154 151 96
154 151 96
128 126 95
156 156 100
154 151 96
154 155 100
156 156 100
154 151 96
156 157 100
152 152 97
154 151 96
154 151 96
151 151 97
156 152 97
150 148 90
152 150 93
156 152 98
155 154 96
156 156 100
152 151 94
154 151 96
152 150 95
154 151 96
154 151 96
158 158 103
156 156 100
166 156 140
156 158 104
156 156 100
150 149 104
158 158 100
156 156 98
156 155 101
152 150 98
150 148 93
154 154 99
157 157 102
156 157 102
156 156 100
150 151 95
104 103 63
152 149 90
157 158 100
148 144 87
153 152 98
150 148 93
154 152 98
150 148 93
150 148 92
154 154 98
152 150 94
154 154 99
155 156 100
146 140 77
156 156 100
156 156 101
150 146 106
151 149 94
155 157 100
156 156 100
152 154 98
155 159 104
103 100 76
152 152 94
151 150 95
153 151 96
140 137 84
152 152 98
154 149 92
157 162 106
150 150 94
152 152 96
148 146 90
150 147 90
155 152 98
152 150 96
154 150 92
154 149 92
154 149 92
164 152 134
149 147 88
152 148 91
156 156 100
149 147 90
154 150 91
154 150 91
154 150 96
149 148 93
154 152 99
156 150 94
148 147 90
154 150 91
154 150 91
154 150 91
154 150 91
154 150 94
153 150 95
155 150 94
149 144 83
157 161 106
154 156 100
154 150 91
150 148 92
154 150 91
156 150 94
154 150 91
154 150 91
156 150 94
154 150 91
154 150 92
154 152 96
154 150 92
154 150 91
154 150 91
150 150 94
132 126 91
156 157 101
152 153 97
152 150 94
153 152 98
166 154 138
154 150 91
154 150 91
152 152 96
156 150 94
154 150 91
156 152 99
154 150 96
153 152 98
154 150 91
154 150 91
156 156 100
154 150 95
154 150 95
165 152 135
147 144 84
154 152 97
150 150 93
156 150 94
151 153 98
167 153 138
154 150 91
163 153 130
157 162 104
150 148 93
154 149 92
154 155 98
154 151 94
166 154 137
152 150 94
94 95 53
156 157 102
152 150 96
154 150 91
154 150 96
154 149 92
150 150 100
152 150 94
154 150 91
154 150 91
154 150 92
168 153 138
142 134 98
154 152 95
165 152 135
154 150 91
152 151 96
154 150 91
148 143 84
154 151 96
155 152 97
152 150 94
154 150 91
155 150 93
154 150 91
154 150 91
154 150 91
154 151 96
167 154 138
154 150 92
154 150 94
154 151 96
156 158 100
154 150 96
132 130 72
154 150 96
152 150 94
154 150 94
154 150 91
152 150 96
156 162 108
156 156 100
152 150 94
152 151 96
154 150 91
154 150 91
156 150 94
153 151 96
154 150 91
156 150 94
156 152 98
154 149 92
102 100 82
154 150 93
152 150 94
156 152 97
154 152 99
156 152 96
156 152 94
156 152 94
156 152 94
152 148 92
164 154 134
155 152 94
156 152 94
168 154 140
158 152 96
154 151 96
156 152 96
156 152 94
156 152 97
156 152 94
155 151 96
156 152 95
157 154 100
155 151 96
152 147 90
152 154 98
156 152 94
158 152 97
156 152 95
154 152 96
158 160 106
156 152 98
156 152 98
154 154 98
154 151 96
154 152 94
164 150 128
150 146 90
156 152 95
158 162 106
156 152 95
156 152 97
157 153 98
155 159 104
156 152 94
152 146 114
159 152 92
157 154 95
159 152 92
160 156 102
159 156 100
154 156 102
159 152 92
160 156 101
159 152 92
160 156 102
157 158 103
160 156 101
158 154 99
154 155 100
159 152 92
158 156 98
160 157 104
159 152 92
168 155 139
160 156 102
157 152 96
157 155 99
159 162 110
160 156 100
161 158 104
110 104 84
161 158 104
162 158 106
158 155 100
158 153 95
160 156 101
152 160 106
153 156 102
157 157 105
158 156 102
156 152 96
158 153 95
159 164 109
156 155 100
156 155 98
156 154 99
155 157 102
160 154 95
159 156 100
158 154 98
157 154 96
156 152 96
157 157 101
160 154 95
169 158 138
157 152 96
167 153 134
157 154 96
160 154 95
160 154 95
152 149 90
156 158 102
106 102 81
156 152 98
162 158 102
167 156 136
160 154 95
160 154 95
159 154 98
156 153 96
160 156 102
158 153 94
158 152 96
158 153 94
155 156 102
156 153 98
158 153 94
156 153 96
158 153 94
152 148 90
158 155 99
158 156 100
157 152 96
160 156 102
158 155 99
158 155 100
158 156 100
158 153 94
156 156 100
156 158 104
158 153 94
154 152 98
158 153 94
158 156 100
107 114 70
155 155 98
159 155 100
160 156 102
154 154 100
154 156 100
154 156 100
158 153 94
158 153 94
158 153 94
156 154 100
158 153 94
158 153 94
153 155 100
156 153 100
158 153 94
168 157 138
158 153 94
151 146 84
158 153 94
158 156 101
151 146 86
156 153 100
156 154 99
158 152 96
158 154 98
150 146 87
157 160 104
158 152 96
158 153 94
158 155 102
158 157 102
156 153 97
158 153 94
154 152 94
141 136 96
158 153 94
160 156 101
158 153 94
158 154 96
158 153 94
158 153 94
154 154 100
158 153 94
158 153 94
158 153 94
158 153 96
158 153 94
157 154 98
158 153 94
164 155 136
149 145 84
156 153 96
152 152 98
154 160 102
156 152 97
156 152 94
156 152 94
152 151 94
156 158 102
156 156 100
156 152 97
156 158 101
156 152 94
154 152 94
152 152 94
153 153 96
156 157 102
154 158 100
150 146 88
96 101 60
156 157 102
150 145 87
153 152 100
152 153 96
150 146 86
152 150 94
156 152 94
156 156 103
156 158 102
152 146 86
156 152 94
156 152 94
156 156 100
156 152 94
156 152 97
158 160 104
156 152 96
150 147 90
156 152 94
150 150 95
155 152 93
157 156 102
157 156 102
156 155 102
156 159 102
156 152 94
156 152 94
156 158 101
154 156 100
153 153 96
98 106 60
154 156 99
156 158 106
153 151 92
154 157 100
155 154 100
156 156 96
114 114 70
155 156 102
152 152 97
168 156 140
157 158 107
156 158 101
119 118 72
156 157 107
108 104 56
154 154 100
155 157 100
152 152 100
150 152 98
150 152 98
155 151 96
154 158 102
153 149 92
156 151 94
152 152 99
156 152 96
156 151 94
157 153 97
156 152 96
152 152 98
168 155 138
156 151 94
156 152 97
156 152 97
156 150 94
166 154 136
156 151 94
154 158 102
157 152 96
152 152 98
156 150 94
156 152 96
154 158 102
154 150 94
166 154 136
156 152 96
154 156 102
157 152 96
152 151 98
156 151 94
156 152 96
157 152 98
152 147 88
156 151 94
159 154 99
156 151 94
150 152 100
158 156 100
154 152 96
156 152 97
156 151 94
156 151 94
150 150 97
158 152 96
167 154 138
154 152 97
156 152 96
156 152 94
156 152 96
156 150 94
152 150 98
156 152 97
156 151 94
151 154 100
156 151 94
141 136 81
156 152 97
156 150 95
156 152 96
154 156 102
152 147 88
156 152 98
152 152 96
154 148 108
158 152 97
156 151 94
152 152 100
156 152 96
158 152 96
156 152 96
154 150 94
158 152 95
156 151 94
156 151 94
166 154 130
156 151 94
157 152 96
156 151 95
168 156 140
156 151 94
156 158 104
151 151 98
152 152 100
154 154 101
158 154 98
158 152 99
152 152 98
156 150 94
153 147 88
152 152 100
156 152 96
152 152 96
152 150 92
158 154 98
152 150 96
154 150 94
155 158 104
157 151 96
154 150 94
154 152 96
156 151 94
158 152 95
154 148 90
164 152 136
152 156 102
156 151 94
156 152 94
158 153 96
152 146 88
156 151 94
158 152 97
156 152 96
158 151 94
152 152 100
156 152 96
156 151 94
156 151 94
158 152 98
153 148 91
152 152 100
152 152 101
154 150 96
156 151 94
156 152 96
154 158 104
154 158 102
156 151 94
152 151 98
154 154 100
151 150 94
159 154 99
156 152 96
152 150 98
151 146 86
155 158 104
157 152 96
156 151 94
156 152 97
124 120 70
153 150 95
158 153 98
151 151 97
151 152 99
170 156 141
151 150 98
156 152 96
150 152 100
156 151 94
156 152 95
156 151 94
155 156 103
156 151 94
153 152 98
152 152 100
150 150 98
154 152 100
156 151 94
158 155 98
156 152 96
153 153 99
154 151 96
154 158 102
156 151 94
166 155 138
150 148 96
152 147 88
163 152 134
152 152 99
154 151 94
152 150 96
156 151 94
158 154 98
156 151 94
154 152 96
152 147 89
158 154 98
156 151 94
156 152 96
156 151 94
152 152 98
156 151 93
154 152 98
156 152 96
154 150 96
158 152 94
168 156 138
158 152 94
159 154 96
158 152 94
168 156 136
169 156 140
160 156 102
158 153 96
156 153 98
152 146 87
158 154 98
155 156 100
158 154 98
158 152 94
159 154 96
153 156 103
158 154 97
169 156 140
167 156 136
160 155 98
158 152 94
158 152 94
158 152 94
158 154 98
160 156 100
158 154 96
153 152 100
160 154 101
152 149 96
156 152 98
158 152 94
158 152 94
160 156 100
158 152 94
158 152 93
168 156 140
160 152 94
152 147 88
159 155 100
156 154 98
153 153 100
156 153 96
150 153 98
152 152 98
154 152 95
168 156 136
158 152 94
160 154 97
158 152 94
158 152 94
151 146 87
168 155 138
168 154 140
154 156 104
154 154 98
170 155 140
156 148 122
156 152 96
158 154 98
154 152 96
152 152 100
160 156 100
160 155 101
157 154 98
158 154 98
160 156 100
154 153 100
170 155 140
154 152 98
158 152 96
161 156 101
154 149 89
160 154 98
155 155 101
158 152 96
154 152 95
158 153 96
158 154 98
139 136 84
152 155 101
156 152 96
158 152 96
158 152 96
152 156 102
158 154 98
158 152 96
152 157 102
156 154 98
156 156 100
169 156 137
158 154 98
158 152 96
158 154 98
158 154 98
152 155 102
168 154 140
159 154 96
154 153 100
159 154 96
160 154 96
160 154 98
159 155 100
164 154 136
158 154 98
160 156 100
159 155 100
159 154 96
159 155 100
152 152 98
160 155 98
160 154 96
160 154 98
159 154 98
159 154 96
159 154 96
154 152 98
159 154 96
109 108 90
160 154 100
166 157 117
160 154 98
159 154 98
160 154 100
159 154 96
159 155 98
153 152 97
159 154 98
159 154 96
158 155 99
158 153 96
154 152 98
159 154 96
160 154 96
167 154 138
168 156 135
154 154 101
159 154 96
159 154 96
159 154 96
159 154 96
168 158 136
152 153 98
154 157 104
158 152 96
160 151 110
152 150 91
159 155 98
155 154 98
158 152 96
158 152 96
167 155 138
158 152 96
152 152 96
158 162 108
154 154 100
153 156 102
153 153 98
150 152 98
154 153 98
159 154 97
151 152 100
159 154 97
154 152 96
158 152 96
164 152 136
158 152 96
152 154 98
158 152 96
152 152 99
154 153 98
157 154 99
154 153 99
159 154 98
158 154 98
158 152 96
157 154 100
152 152 99
158 152 96
156 152 96
160 152 110
157 152 96
156 154 98
158 152 96
158 152 96
156 152 94
152 154 100
154 156 101
158 152 96
158 152 96
159 164 109
157 154 98
122 118 80
158 152 96
159 164 108
158 152 96
158 152 96
158 154 98
153 156 102
156 154 98
156 151 95
166 155 135
158 154 97
156 151 94
152 152 100
158 160 104
158 152 96
158 152 96
158 152 96
156 155 100
152 147 88
160 156 100
153 158 102
158 158 104
158 152 96
156 153 98
156 154 101
148 138 100
158 154 100
154 158 102
166 154 131
155 150 94
158 152 96
158 152 96
158 152 96
158 152 96
158 154 94
158 152 95
157 152 94
154 158 102
158 152 96
157 152 96
156 155 100
158 152 96
158 159 104
150 153 99
152 153 100
158 152 96
150 152 97
158 152 96
150 144 87
154 153 100
158 152 96
154 154 98
155 152 99
159 161 105
154 156 102
137 129 96
147 144 86
150 152 100
155 150 94
152 151 98
158 152 96
156 158 104
158 152 96
158 154 96
158 152 96
155 154 98
154 152 98
158 152 96
148 140 100
158 152 96
158 152 96
158 152 96
158 152 96
158 152 96
158 152 96
158 152 96
158 155 100
158 152 96
158 152 96
158 152 96
158 152 96
151 151 99
158 152 96
156 154 98
158 152 96
158 152 96
158 152 96
156 154 98
158 152 96
158 152 96
158 152 96
151 152 100
158 152 96
88 91 58
158 154 98
154 154 100
150 148 90
158 153 96
156 152 96
112 107 90
152 152 98
156 162 106
152 149 90
155 152 94
152 151 94
152 150 92
154 152 94
149 144 83
156 158 102
156 158 104
151 148 91
154 155 98
156 154 98
152 152 98
152 150 93
152 154 98
152 149 91
153 154 101
156 152 96
140 137 76
158 153 96
154 152 96
102 98 80
165 154 136
156 152 96
152 152 96
156 152 96
125 123 82
104 104 65
151 152 96
154 152 99
156 152 96
153 152 97
154 155 100
156 152 96
158 156 99
98 100 61
152 152 98
155 155 102
152 152 99
166 154 140
120 118 76
154 156 103
158 152 97
154 152 96
152 152 96
152 154 99
152 154 98
156 152 96
156 156 101
155 152 97
98 110 66
153 152 98
104 99 78
158 154 98
157 152 100
152 152 94
156 152 96
154 152 96
154 153 98
157 154 99
152 148 92
164 154 136
152 158 100
152 148 92
110 110 92
154 153 100
160 150 129
150 148 90
154 153 100
160 154 96
160 154 96
158 154 102
160 165 112
160 154 99
162 155 100
160 155 98
160 156 100
170 158 138
159 154 99
153 160 107
163 158 102
158 154 97
160 156 100
162 157 102
154 150 94
160 154 96
160 156 100
160 153 96
158 154 100
161 156 98
162 158 102
160 154 96
162 156 101
153 161 109
156 151 96
162 158 100
162 156 97
160 154 96
160 155 97
155 151 98
160 154 100
158 154 97
158 154 98
160 154 96
154 154 100
161 156 100
158 154 102
162 156 102
156 154 100
162 158 102
154 154 98
162 157 102
171 158 140
164 158 104
162 156 102
156 154 100
162 157 102
160 154 96
160 153 96
154 160 108
154 150 90
160 154 96
160 154 96
160 154 96
119 118 82
153 161 110
160 154 96
154 150 94
156 154 99
161 154 98
158 155 103
154 150 93
169 156 135
156 152 98
160 154 96
116 120 82
135 128 92
160 154 100
161 156 96
160 155 96
160 153 96
156 154 98
162 158 101
156 152 97
154 157 103
154 154 98
155 152 98
157 154 100
159 154 98
154 152 96
158 153 101
162 155 100
160 154 96
154 154 100
160 154 99
152 159 107
163 158 103
162 157 102
162 154 97
161 154 99
162 157 102
152 160 108
160 154 96
160 154 99
162 156 100
158 154 98
162 156 100
160 154 96
156 151 95
162 158 102
154 154 101
154 154 101
152 150 90
161 156 99
160 156 100
162 156 101
140 139 91
162 158 102
160 155 98
160 165 110
160 154 100
162 154 96
152 152 98
154 160 108
130 128 78
166 156 132
160 155 101
160 154 96
160 155 97
158 153 96
160 154 98
153 152 100
155 152 100
158 154 99
160 154 98
160 164 112
160 154 99
159 154 98
163 158 102
154 153 98
154 153 100
156 152 94
156 151 94
156 151 93
159 154 98
162 156 100
154 154 102
156 156 100
160 154 98
168 156 138
159 154 96
162 155 100
154 152 98
155 158 105
164 158 102
154 156 103
160 154 98
162 157 102
162 155 98
158 154 99
160 154 99
127 124 72
170 158 140
160 156 101
156 151 92
160 154 98
160 154 98
170 158 140
154 156 105
160 156 100
158 156 102
160 154 98
155 156 104
168 157 141
153 143 127
160 154 98
155 154 100
163 156 102
160 154 98
164 158 102
159 155 100
168 156 140
159 154 98
160 154 98
154 154 100
154 154 100
160 154 98
170 158 140
160 154 98
110 105 88
160 154 98
154 154 100
139 132 97
162 156 100
170 156 143
160 156 99
156 154 98
164 158 104
154 154 100
159 156 101
156 154 102
160 156 100
160 156 99
160 155 100
170 158 140
157 155 100
170 158 142
162 157 102
154 150 97
160 157 102
164 158 103
162 157 102
160 154 98
156 154 100
160 154 98
162 156 101
160 154 98
160 154 98
170 158 140
163 158 101
170 156 142
154 149 91
161 156 98
160 155 99
154 154 98
156 154 99
162 157 102
76 70 54
158 152 94
158 154 102
166 158 118
162 156 99
162 156 96
157 152 96
169 157 140
154 150 92
168 156 135
156 151 94
172 159 140
156 158 106
162 156 97
161 156 98
162 156 100
156 154 100
162 156 100
161 155 98
161 156 98
161 156 98
162 156 100
161 156 98
161 156 98
160 156 100
166 158 120
158 152 93
161 156 98
161 156 98
169 157 136
162 156 100
161 156 98
168 159 119
104 104 84
108 104 84
161 156 98
161 156 98
162 157 100
162 156 100
154 154 103
154 148 90
160 156 100
167 158 120
156 154 99
161 156 98
166 154 139
101 104 62
162 157 100
162 158 101
160 156 102
164 155 118
162 156 100
161 156 98
161 156 98
160 156 102
126 114 98
161 156 98
162 156 100
166 158 118
161 156 98
161 156 98
163 158 101
158 154 96
156 152 95
156 155 100
157 155 104
158 149 132
160 154 98
160 154 98
158 156 100
158 162 106
160 156 100
153 153 100
160 154 98
159 154 97
156 155 102
167 154 132
158 153 97
158 155 99
158 156 100
156 155 100
160 154 98
156 152 97
158 154 98
158 155 99
160 154 99
148 144 88
160 154 98
157 154 98
156 152 96
170 157 140
170 158 137
160 154 98
164 156 116
160 154 98
157 156 100
157 154 98
160 154 98
154 149 91
160 154 98
156 155 101
156 155 98
160 154 98
154 154 100
153 150 95
160 154 98
153 153 100
160 154 98
162 156 102
160 154 98
157 152 96
160 154 98
158 154 97
167 155 138
162 157 102
160 154 98
107 104 84
160 154 98
159 154 97
162 156 100
152 152 100
162 156 100
160 154 98
160 154 98
156 155 101
158 156 104
124 124 92
154 151 94
160 154 98
160 154 98
160 154 98
102 100 78
156 154 102
152 153 101
154 156 102
158 156 100
162 156 101
154 154 101
157 158 106
154 154 100
154 157 104
154 155 100
158 155 101
111 104 85
152 153 101
160 154 98
162 152 114
170 156 138
157 155 100
155 155 102
160 154 98
156 155 102
155 156 102
155 152 96
160 154 98
156 159 104
155 155 101
162 158 104
158 166 110
160 152 112
160 154 98
162 152 114
152 154 102
160 154 98
162 152 114
156 157 104
163 154 115
160 156 100
158 152 95
158 153 96
160 154 98
160 154 98
155 154 100
154 150 94
162 158 102
159 156 100
156 157 104
154 154 104
152 154 100
160 152 113
160 154 98
168 158 141
158 152 95
160 156 100
163 154 115
154 154 104
162 152 114
162 158 101
158 154 100
158 154 98
158 154 98
154 153 98
132 130 78
154 157 104
165 154 134
158 154 98
155 156 103
158 154 98
156 156 102
158 156 101
154 154 100
156 155 101
158 154 98
154 152 96
155 156 102
158 154 98
156 158 102
158 154 98
158 154 98
156 152 98
155 153 96
160 151 110
160 157 101
157 156 103
156 154 100
159 155 99
159 155 98
162 155 98
164 158 101
158 156 102
156 155 101
162 156 101
165 160 104
162 155 98
158 154 98
160 156 101
153 154 102
164 158 105
162 155 98
162 155 98
162 155 98
163 156 100
164 159 106
162 155 98
162 155 98
162 155 98
162 155 98
159 156 100
162 155 98
162 155 98
162 155 98
162 155 98
158 154 98
162 155 98
162 155 98
162 155 98
165 160 105
162 155 98
110 104 86
170 158 143
170 158 142
161 156 100
162 155 98
160 156 104
162 155 98
162 158 104
171 158 142
162 155 98
171 158 142
164 158 103
156 154 102
162 155 98
159 156 105
154 154 100
162 155 98
110 105 85
162 155 98
172 160 140
162 155 98
163 157 102
162 156 100
172 158 143
170 158 143
163 160 106
162 155 98
164 158 105
165 160 105
158 155 103
162 157 106
162 158 102
156 154 102
162 156 101
162 155 98
164 158 104
155 154 99
158 154 100
160 156 100
162 157 102
172 160 142
162 155 98
162 155 98
155 154 99
163 157 102
166 160 105
160 156 102
162 156 100
162 155 98
144 150 100
165 160 106
156 154 102
162 155 98
162 155 98
162 156 100
162 155 98
164 158 104
162 155 98
154 154 102
166 161 106
162 155 98
155 154 104
164 158 106
164 157 102
46 46 28
162 155 98
162 155 98
162 155 98
162 155 98
151 159 110
162 155 98
155 154 99
162 156 102
172 158 142
162 158 105
162 155 98
152 154 102
162 158 104
163 158 100
162 156 102
162 155 98
168 156 134
156 154 102
152 148 98
152 154 100
162 155 98
166 160 104
162 155 98
164 158 106
164 159 104
129 127 80
160 154 100
157 154 98
162 156 101
162 155 98
162 156 101
168 158 141
170 158 142
160 154 100
162 155 98
156 155 101
162 155 98
162 155 98
170 158 142
155 154 100
162 155 98
162 155 98
110 104 84
158 154 98
170 158 144
156 150 94
130 120 103
164 160 104
164 159 104
162 155 98
162 155 98
164 159 104
162 155 98
162 158 106
68 64 47
165 160 105
164 160 104
170 158 143
156 155 100
150 154 102
164 159 106
164 156 98
162 155 98
164 159 104
166 160 105
164 160 104
162 155 98
162 155 98
164 158 104
166 160 106
162 155 98
110 106 85
154 154 99
156 154 98
162 155 98
164 160 105
164 158 105
164 158 105
156 155 100
162 155 98
162 155 98
156 154 102
164 160 106
156 154 98
156 155 100
162 155 98
170 156 140
162 155 98
166 160 106
164 156 102
164 158 104
162 155 98
163 157 102
162 157 100
172 159 144
165 162 108
171 159 142
162 156 102
164 158 102
162 158 106
162 155 98
170 156 142
156 154 102
168 157 138
162 155 98
162 160 104
164 159 104
170 158 142
156 154 102
162 156 102
162 158 102
162 155 98
163 157 102
163 158 101
162 155 98
162 157 100
164 160 103
158 154 98
164 159 104
162 155 98
119 113 93
162 155 98
162 155 98
162 155 98
164 159 102
162 155 98
170 160 140
110 106 85
159 155 99
162 155 98
162 155 98
162 155 98
164 156 98
164 158 102
129 127 75
164 156 98
150 146 96
156 153 98
158 153 96
154 150 94
163 158 100
164 156 98
155 150 92
96 98 53
166 155 138
164 156 98
162 157 100
156 150 94
168 160 120
160 156 100
163 156 100
168 160 121
162 158 100
168 160 121
160 154 98
110 115 77
164 156 98
162 157 100
162 157 100
157 156 100
155 150 92
154 150 90
164 156 98
156 153 99
111 116 74
155 152 97
164 157 98
109 103 86
158 156 104
169 161 122
168 160 122
160 156 104
164 158 102
164 160 102
156 154 100
162 157 100
164 156 98
156 150 92
164 156 98
160 154 95
166 158 122
164 156 98
164 156 98
156 153 98
156 150 92
164 158 100
164 156 98
164 156 98
156 152 98
157 156 100
165 160 102
164 156 98
158 155 102
156 152 97
164 156 118
159 156 100
164 158 103
162 155 97
165 156 120
164 158 104
156 155 100
169 156 140
158 157 100
156 156 104
155 153 98
156 152 96
162 154 116
157 155 102
156 156 100
162 158 102
166 158 120
167 156 138
165 157 119
157 156 100
162 155 97
156 156 102
163 158 102
108 110 62
162 155 97
162 155 97
158 156 99
161 157 102
162 155 97
162 156 98
156 156 102
160 156 104
158 156 100
162 157 102
168 156 139
162 155 97
158 154 102
154 151 94
160 156 99
166 158 118
157 156 101
157 156 101
160 156 101
163 155 117
162 155 97
165 157 119
149 146 92
158 154 102
162 155 97
160 156 100
165 156 120
158 154 102
72 74 52
156 153 96
163 158 102
154 151 94
162 155 97
158 156 100
164 158 102
159 156 100
157 156 102
148 145 92
166 157 120
162 156 100
160 155 102
156 156 102
154 155 102
156 156 102
156 156 102
162 155 97
157 158 102
156 156 103
158 154 98
160 155 100
156 158 104
160 158 104
157 157 105
170 158 144
168 156 138
159 156 102
163 155 116
162 157 102
158 154 99
156 158 104
154 154 100
153 155 102
161 156 100
161 156 100
162 155 97
162 156 100
160 157 102
160 156 100
160 154 97
160 154 97
160 156 102
163 152 130
156 152 94
156 150 94
160 157 103
158 156 101
165 161 106
161 158 102
164 160 104
163 158 104
165 160 105
161 157 101
158 156 100
156 154 100
162 157 100
162 157 100
162 157 102
170 161 121
158 154 98
164 158 100
163 156 100
156 154 102
158 156 102
163 158 101
157 156 104
157 154 100
164 158 104
158 157 103
157 152 94
164 158 100
163 158 100
150 145 92
172 160 140
158 154 100
158 155 99
162 157 100
157 154 100
170 158 142
157 155 100
164 158 101
159 164 110
164 158 104
163 158 102
162 157 100
164 158 100
165 159 104
160 152 114
163 156 100
164 158 103
156 156 102
158 156 100
158 156 100
163 156 100
108 106 86
162 157 100
162 157 100
162 157 100
163 158 102
164 160 104
156 154 98
158 156 100
163 156 100
162 157 100
120 115 76
162 156 102
170 160 122
164 158 102
164 160 104
156 155 104
162 157 100
162 157 100
162 156 100
172 160 140
162 157 100
153 154 102
158 155 99
162 157 100
159 154 98
154 154 101
161 156 100
160 156 101
162 158 102
154 155 100
156 152 96
128 120 102
154 156 103
162 156 100
162 156 100
158 154 98
165 160 105
162 156 100
163 157 102
169 156 141
158 154 100
158 154 98
164 157 101
164 158 103
162 156 100
166 156 118
164 158 102
160 157 100
162 156 100
164 158 102
162 157 100
155 154 101
162 156 100
166 160 106
156 154 102
162 156 100
154 155 104
162 157 101
160 154 110
162 158 102
159 156 100
162 156 100
164 158 102
162 156 100
162 158 102
165 160 104
166 160 105
153 154 101
156 156 102
158 156 101
162 156 100
107 103 86
160 156 102
160 156 101
161 156 100
161 156 100
162 158 101
160 156 101
162 158 104
161 156 100
161 158 104
161 156 100
154 155 100
170 157 140
161 156 100
154 158 104
162 158 104
154 162 109
161 156 100
156 155 101
163 158 104
155 156 102
148 142 103
159 155 100
159 156 101
159 155 100
157 158 104
160 158 104
158 156 100
168 156 142
156 152 96
159 154 98
152 160 106
154 154 101
156 155 100
162 158 101
163 157 100
162 157 102
160 157 100
163 157 100
163 157 100
158 156 103
158 164 109
158 165 108
154 156 102
163 158 102
163 157 100
157 156 102
163 157 100
164 158 102
163 157 100
160 156 101
163 157 100
160 164 110
159 164 109
163 158 104
163 157 100
137 132 88
156 157 104
163 157 100
160 156 98
156 150 92
163 157 100
163 158 102
158 163 109
158 164 108
163 157 100
156 156 102
163 158 100
163 158 102
163 158 102
153 154 102
163 157 100
163 157 100
163 158 102
168 156 142
164 160 104
162 158 102
105 103 60
163 157 100
163 157 100
164 160 105
126 124 79
157 164 109
162 157 100
163 158 100
163 157 100
154 156 104
154 155 100
160 164 110
162 158 103
163 157 100
158 156 102
163 157 100
158 165 108
163 157 100
163 157 100
158 156 102
163 157 100
163 157 100
163 158 102
156 151 92
163 152 137
163 157 100
170 157 136
158 156 102
158 156 101
163 156 100
162 158 102
160 154 98
160 156 103
160 156 98
162 157 100
160 154 94
162 158 102
162 158 102
157 164 111
160 154 96
162 157 100
158 164 108
160 156 103
162 158 104
158 155 99
161 157 102
163 158 102
162 157 100
161 157 102
107 104 82
160 158 102
154 162 108
161 158 102
168 156 141
150 144 111
120 121 83
161 158 102
160 156 102
160 156 102
162 158 102
163 158 101
108 106 84
160 154 98
162 158 101
162 157 100
160 155 97
162 154 132
162 159 103
156 162 108
166 154 134
157 158 104
120 122 84
154 158 102
162 156 100
160 156 100
159 156 99
154 152 96
110 119 68
161 156 98
160 156 100
158 154 100
157 152 96
156 156 100
156 156 100
158 154 100
157 156 101
156 156 102
153 155 102
160 156 100
160 157 102
170 157 136
162 156 99
162 156 99
154 156 102
158 156 102
162 156 99
161 156 99
160 156 102
157 156 100
158 157 101
159 157 102
142 138 85
162 156 99
162 156 99
158 154 98
165 155 138
160 158 104
160 157 102
125 127 88
162 156 99
162 156 99
162 156 99
162 156 99
162 156 99
162 158 104
112 104 86
162 156 99
162 156 99
161 156 101
162 156 99
156 156 102
158 153 95
140 143 95
168 156 140
170 158 141
162 156 101
156 156 100
162 156 99
162 156 99
158 164 108
162 156 100
162 156 99
162 156 99
161 157 103
162 156 99
162 158 104
154 151 94
158 157 100
159 165 110
158 153 95
162 156 99
160 155 99
160 155 99
158 156 102
160 155 99
158 163 108
158 154 98
158 159 103
160 155 99
157 154 98
160 156 102
158 155 98
160 155 99
158 154 98
160 155 99
157 154 97
159 156 102
156 163 108
160 155 99
158 154 100
160 155 99
160 155 99
160 157 101
155 156 100
157 153 99
156 152 96
158 154 100
154 156 100
158 154 100
156 152 95
152 149 90
159 155 99
119 123 87
160 156 100
160 164 108
160 156 100
154 154 101
159 155 99
126 126 89
159 155 99
160 156 100
155 154 98
158 155 100
160 156 102
159 155 99
155 155 101
154 154 98
156 156 101
154 156 101
159 156 98
164 154 130
154 152 96
156 155 101
162 156 100
159 155 99
156 154 99
157 156 104
158 155 102
68 82 39
159 155 99
154 152 94
146 146 94
159 155 99
158 156 102
156 153 97
159 155 99
158 154 98
158 162 109
156 153 98
152 150 93
157 154 98
159 155 99
160 165 110
160 154 98
154 156 102
156 160 102
158 154 100
155 152 94
157 152 96
158 155 100
69 74 44
155 152 96
154 150 96
155 154 98
154 151 96
151 151 102
154 151 94
154 154 100
152 152 96
156 158 101
152 155 98
154 152 98
156 155 101
156 158 100
154 152 96
105 98 53
