ply
format ascii 1.0
element vertex 2947
property float x
property float y
property float z
property uchar red
property uchar green
property uchar blue
end_header
-0 -0 -0 0 255 0
0.0125525 0.000545482 0.00305767 0 255 0
0.0193971 -0.00073482 0.00332279 0 255 0
0.0234005 -0.00202162 0.00114034 0 255 0
0.00553298 0.000592891 -0.00165722 0 255 0
-0.00192013 -0.0027448 -0.000760836 0 255 0
-0.0202938 -0.00928674 0.0216927 0 255 0
-0.0386514 -0.0108226 0.0240478 0 255 0
-0.0416299 -0.0115734 0.0245885 0 255 0
-0.10348 -0.057804 0.0667479 0 255 0
-0.105807 -0.0579595 0.0678518 0 255 0
-0.103967 -0.0544548 0.0708103 0 255 0
-0.0954876 -0.0469397 0.0528385 0 255 0
-0.0928221 -0.0419565 0.0436249 0 255 0
-0.0861827 -0.0367632 0.0402306 0 255 0
-0.042552 -0.0175856 0.0260425 0 255 0
-0.0309015 -0.0138255 0.0216604 0 255 0
-0.0270258 -0.0100507 0.0165358 0 255 0
0.0146092 0.0272891 0.116162 198 158 116
-0.0189274 0.0312859 0.111523 201 167 126
-0.0221289 0.0334501 0.110565 207 172 131
-0.021313 0.0324059 0.111698 211 178 135
0.031048 0.0307414 0.111435 198 158 115
0.0108532 0.0341631 0.107741 200 164 122
0.032819 0.00664806 0.118906 57 34 22
-0.00600671 0.0293445 0.114803 206 170 128
-0.0205199 0.0349919 0.107227 199 161 118
0.0390608 0.0330645 0.10797 189 150 112
0.0319041 0.0051402 0.118338 78 59 52
0.0170355 0.0273764 0.115497 201 162 120
-0.0226524 0.0318619 0.111567 209 176 134
-0.0198734 0.041002 0.0994186 201 163 120
-0.0193941 0.0314942 0.112271 202 166 126
-0.03641 0.028942 0.111321 208 171 126
0.0327542 0.004919 0.117832 87 72 67
0.0250456 0.0306705 0.111894 194 154 112
0.0390191 0.0333675 0.11137 192 152 110
0.0357604 0.03671 0.0980598 196 157 115
0.0248795 0.0366612 0.108723 200 162 119
0.0117944 0.0357589 0.108676 214 181 138
0.0489428 0.0356413 0.102797 198 164 126
0.0210004 0.0284575 0.113836 202 164 121
0.00974261 0.0357422 0.106879 215 181 140
0.0420182 0.0310876 0.112241 194 158 118
-0.0182379 0.041764 0.098228 200 161 118
0.0440005 0.0333936 0.107087 192 152 110
-0.0229455 0.0301812 0.114707 199 161 118
0.0340437 0.0302521 0.114738 195 155 112
0.0162105 0.0367116 0.105925 212 176 133
-0.0100372 0.0298318 0.115037 204 166 123
0.0292515 0.0348914 0.104671 200 162 120
0.0264104 0.031516 0.110546 206 170 130
-0.0286349 0.0276695 0.113107 199 158 114
0.0157836 0.0381989 0.100847 206 169 126
0.0307239 0.0390707 0.103174 206 173 132
-0.0330729 0.0276535 0.107181 209 173 128
0.0246997 0.0264297 0.113824 200 159 116
-0.0201065 0.0400022 0.100951 201 163 120
0.0133081 0.0299481 0.1141 216 188 148
0.05167 0.0284986 0.116221 184 147 110
0.0466932 0.0402956 0.0989603 188 149 109
0.0512157 -0.00182759 0.117 183 148 110
-0.0183038 0.0349383 0.108392 206 168 125
0.0381627 0.0295428 0.112064 196 157 116
0.0565391 0.024646 0.115993 188 152 114
0.00224829 0.0341761 0.109565 210 176 134
0.0336684 0.0420163 0.0962212 196 158 116
0.0337953 0.041296 0.096248 204 168 126
0.029349 0.018509 0.13043 203 184 167
0.0368621 0.025369 0.118203 190 150 108
0.035623 0.018181 0.128213 146 146 140
0.0370793 0.0110433 0.122523 120 95 70
0.0257592 0.0200484 0.125934 195 156 114
0.0315857 0.0256099 0.118738 189 147 102
0.00548451 0.0274029 0.117671 200 166 126
0.023701 0.0310601 0.110907 208 174 133
0.0516302 0.0165251 0.133321 193 156 119
-0.036042 0.021178 0.130196 202 166 122
0.0110167 0.00244461 0.158888 192 156 120
0.0162088 0.0268986 0.117241 204 166 124
0.0391281 0.00282479 0.119493 76 54 46
0.0386414 0.0063608 0.117883 50 30 22
0.0247025 0.0312554 0.111249 205 168 125
-0.0389414 0.0145396 0.139152 200 168 124
-0.00923857 0.0144083 0.13557 190 149 107
0.0238565 0.00565941 0.149115 184 147 108
-0.004537 0.0294832 0.114728 201 163 120
0.0235596 0.0227018 0.127548 204 171 132
0.0404733 0.0245357 0.12251 194 158 120
-0.0444559 0.0101295 0.143208 186 150 109
0.0597452 0.0184782 0.126577 181 144 106
-0.00678936 0.028717 0.115882 205 168 126
-0.0544502 0.00764813 0.165553 188 154 114
0.0275202 0.0379913 0.102513 207 172 129
-0.0276195 0.0206152 0.13099 198 158 114
0.0585267 -0.00975947 0.169914 178 142 106
0.0246855 0.0303023 0.111719 194 152 110
-0.0282486 0.0164522 0.135288 203 168 126
0.0422812 -0.00649951 0.165447 75 93 106
0.0320019 0.00691496 0.119076 66 42 28
0.0570178 -0.00760452 0.166072 180 142 106
-0.036932 0.0322461 0.11162 198 158 113
-0.0170165 0.0343104 0.109794 203 164 120
0.0341581 0.00283126 0.117189 84 64 58
0.043785 0.0253136 0.120647 188 151 112
-0.0123152 0.00851566 0.160012 192 154 114
0.0186168 0.0094992 0.143515 190 154 118
0.0180892 0.0287497 0.115403 198 158 114
0.0272796 0.0302402 0.111388 196 155 113
0.0317758 -0.030521 0.150381 188 184 180
-0.0253575 0.0011163 0.160652 196 162 124
-0.0243634 0.0186659 0.134222 198 162 118
0.0147709 0.0246224 0.120159 202 164 124
-0.0210238 0.0308669 0.112543 200 164 120
-0.0100465 0.0153988 0.136532 191 151 110
0.0175756 0.0266196 0.11607 202 162 122
0.018516 0.0263315 0.120705 199 158 118
0.0341861 0.0367181 0.102775 204 164 121
0.053795 0.00977413 0.122924 188 150 110
-0.0309846 0.0187523 0.147336 199 166 122
0.0328546 0.0165861 0.127613 59 50 46
0.0328712 0.0295138 0.114274 190 147 104
0.0414209 0.0200304 0.126245 186 148 108
0.011999 0.0269647 0.118288 208 175 134
0.0371089 0.00288956 0.119898 85 65 57
0.0327016 0.0291108 0.116324 187 146 102
0.0183339 0.00822561 0.143758 192 156 119
0.0280463 0.0183207 0.13051 194 152 109
0.0472938 0.0173227 0.132274 180 138 102
0.0140701 -0.0748795 0.212421 200 195 190
0.0550985 0.0138111 0.13233 180 146 108
0.017998 -0.0222684 0.161384 179 148 112
0.0373423 0.00839998 0.121184 50 29 19
-0.0175367 0.0412331 0.0986884 199 160 115
0.0370297 0.0234099 0.125172 192 156 114
0.035587 0.0255861 0.11909 184 144 100
0.0392463 0.0275812 0.115923 196 157 116
0.0319606 0.00453885 0.118505 84 64 58
0.00424857 0.0419675 0.0950842 197 158 113
-0.0512344 0.0194942 0.133449 212 171 120
0.0201017 0.0389959 0.0999115 205 166 120
0.0334839 -0.00452475 0.165186 22 32 49
0.0337179 0.0383311 0.101881 194 156 112
0.0315282 -0.0114334 0.162979 124 102 83
0.0273898 0.0245116 0.120619 198 162 120
0.033853 0.0323637 0.111287 188 148 106
0.0516071 0.0194571 0.127478 180 142 105
0.0185055 0.0380796 0.100455 210 173 128
0.0146626 0.0248556 0.117375 198 154 114
0.0187694 0.0172344 0.132824 191 153 110
0.0526875 0.0222631 0.122488 184 147 110
0.0394805 0.0289199 0.113677 192 156 115
0.0154761 0.0272728 0.116531 202 160 117
0.0021116 0.0434246 0.0966212 210 176 130
-0.0336501 0.0312746 0.114437 211 174 128
0.023659 0.0274346 0.119872 198 157 114
0.028653 0.0306229 0.111273 190 149 106
0.0188702 -0.0357563 0.144675 188 182 175
0.0248845 -0.0234441 0.150183 229 178 129
0.0343513 0.0233814 0.122173 186 147 104
-0.0209243 -0.0780334 0.227728 206 198 194
0.0210361 0.0115221 0.137149 186 146 104
0.021237 -0.0389469 0.145388 202 195 188
-0.0528782 0.0228767 0.126364 206 165 114
0.0365197 0.0139746 0.123949 106 76 45
0.0258008 -0.0105321 0.173976 182 154 122
0.0296284 -0.00682017 0.167877 67 57 53
0.0329092 0.00551668 0.11867 74 56 46
0.0480426 0.0157181 0.133685 186 150 109
0.0470273 0.0189259 0.127758 182 144 104
0.025827 -0.0329952 0.146911 108 30 44
-0.00136184 -0.0994892 0.203708 197 194 190
0.0278441 -0.00830649 0.17185 192 162 125
-0.0230751 0.0310538 0.11326 205 169 127
-0.0180697 0.00213799 0.157934 206 168 124
-0.00212861 0.00493918 0.151648 203 164 120
0.0531036 -0.00895864 0.164885 178 142 106
0.0326286 -0.00871403 0.169738 26 34 50
0.0325733 0.00280976 0.120465 79 60 52
0.0210482 -0.000608803 0.158562 185 148 111
-0.00847976 0.0282286 0.116817 207 170 127
0.0219485 -0.0422709 0.140255 201 196 192
-0.0164411 0.0204823 0.128731 204 166 123
-0.0133957 0.00524806 0.152038 207 170 127
0.016103 0.0123247 0.141361 189 148 107
-0.0245167 0.020237 0.126924 202 162 116
0.017485 0.0184934 0.130514 196 157 115
-0.0357995 0.0223495 0.129908 209 172 127
-0.0327109 0.0329315 0.113485 206 168 124
-0.0314771 0.0064864 0.150102 197 156 112
-0.040422 0.0294887 0.113962 206 168 120
-0.0262526 0.00533407 0.155609 200 160 115
0.00962145 0.026571 0.119973 210 178 136
0.00653421 0.0140965 0.13778 200 163 120
0.0320607 0.00795881 0.120933 64 39 23
-0.0282676 0.013485 0.145473 200 156 110
-0.0345525 0.0185007 0.135642 208 168 124
0.00270723 0.00619726 0.152989 200 162 121
-0.0580723 0.0233337 0.131231 210 170 120
0.0259163 0.00678319 0.142321 192 158 117
0.0152951 0.0177141 0.132251 196 158 116
0.0229983 -0.0294387 0.144066 134 40 58
0.0603764 -0.00104483 0.158194 184 151 112
-0.050829 0.00992765 0.143776 198 156 109
0.00331403 0.0173049 0.134285 198 158 114
0.0243965 0.0168924 0.133384 198 160 118
-0.0262593 0.00382328 0.161847 200 162 120
0.0448426 0.0172734 0.133267 176 136 98
0.015731 -0.0291175 0.150824 183 154 120
0.000744899 0.00926463 0.144835 204 164 120
0.00894494 0.0298112 0.115165 213 181 140
0.0250746 -0.0154674 0.165771 160 126 92
-0.0462988 0.0154411 0.134886 209 168 116
0.0326142 -0.0134079 0.161345 139 63 30
-0.046911 0.0144229 0.13558 207 166 114
0.0565323 -0.0057739 0.166984 175 140 103
0.048638 0.0170452 0.130396 178 139 98
0.0556599 -0.0231992 0.168225 176 142 106
-0.0293446 0.0162346 0.140122 208 170 122
0.0466895 0.0175676 0.130394 178 138 97
0.01618 0.0294309 0.112333 210 179 138
0.0292305 -0.0364432 0.137677 198 193 189
-0.024592 0.0237973 0.123972 210 172 128
-0.0175325 0.00769651 0.152642 201 160 116
-0.0130728 -0.000382862 0.160751 197 157 114
-0.00198273 0.00709699 0.146817 206 166 122
0.0259162 0.0276504 0.115707 193 153 111
0.0224037 -0.0356389 0.1486 126 34 54
-0.0230505 -0.0829882 0.22408 195 190 182
0.0186672 -0.00592439 0.179952 184 146 108
0.0155665 -0.0340867 0.144458 174 170 163
0.0277769 -0.0331518 0.146042 178 176 167
0.0320152 -0.0146477 0.156043 204 102 40
0.0248274 0.0033753 0.152666 184 145 102
0.0299777 -0.0141025 0.165598 128 99 76
-0.0246339 -0.0804894 0.228379 206 199 192
0.0373952 -0.0213071 0.143932 178 146 110
0.0316596 -0.0148484 0.157353 180 82 34
0.0185655 0.0241059 0.123375 198 164 120
0.032889 0.0240521 0.120603 184 144 98
-0.0163958 -0.0841454 0.219759 206 202 198
-0.0087221 0.0176494 0.132903 208 171 126
0.0495015 -0.00977936 0.166626 181 146 108
-0.0348193 0.000343143 0.159837 199 166 124
0.0275896 -0.0357099 0.148173 154 124 128
0.0331336 0.0201366 0.127805 232 240 246
0.0152014 0.00891275 0.146186 196 162 120
0.00198176 0.0276783 0.116877 214 180 137
-0.00912557 0.0149042 0.182715 208 168 122
-0.0691571 -0.00308284 0.152027 189 144 100
-0.0112396 0.0278286 0.118395 210 174 132
-0.0238759 0.0121128 0.145831 200 157 114
0.00284019 0.0260496 0.115807 203 168 124
0.0469497 -0.0129726 0.166368 182 147 110
0.0180676 -0.0282212 0.147507 90 30 27
-0.0183872 0.0323966 0.11078 193 156 112
0.0301743 0.0233924 0.120623 194 154 109
-0.00012952 -0.0989637 0.203483 200 196 192
-0.00157258 -0.0969762 0.204931 193 188 186
0.0145893 -0.0338495 0.146514 194 194 187
0.0345572 0.0257771 0.11779 189 149 104
0.0242253 -0.0255068 0.147974 140 103 75
0.0372173 0.00938384 0.121185 62 38 25
0.0223076 -0.00561718 0.169442 194 162 126
0.0219757 0.0326026 0.109508 208 175 135
-0.025202 -0.0779246 0.229694 204 197 194
0.034317 0.00335152 0.117692 84 62 54
0.0312887 0.019912 0.124678 196 176 158
0.0319126 -0.0167467 0.154968 150 72 26
-0.0173463 0.0323158 0.110641 207 169 126
-0.0249883 -0.0553136 0.0977931 199 196 194
0.0516899 -0.021142 0.128435 170 167 165
0.019791 0.0162052 0.130966 198 160 116
-0.0245474 0.0319498 0.112364 209 176 133
0.0740797 -0.0294362 0.15093 168 160 150
0.00420943 0.0365118 0.104752 193 155 112
0.0162997 -0.0341139 0.14486 178 174 168
-0.0615 0.00923817 0.146725 195 152 104
0.0173476 0.00295484 0.158043 192 153 112
-0.0418163 0.0288702 0.118097 208 173 126
-0.0263847 0.0308905 0.113333 204 167 124
0.0099148 0.0333707 0.107616 200 160 118
0.0533362 -0.00586263 0.166063 189 154 117
0.016271 0.0135542 0.13629 195 157 116
-0.0159947 0.032659 0.111719 210 174 134
-0.01691 0.030069 0.114333 204 164 122
-0.0196473 0.0331371 0.110363 201 162 120
-0.018217 0.0330659 0.109379 201 160 116
0.0369139 0.0193481 0.124358 190 146 103
0.00599388 0.0103849 0.144161 200 161 118
0.016492 0.0121086 0.141411 189 148 104
-0.0329304 0.0280604 0.119462 206 164 120
-0.0396102 0.0259754 0.122349 204 168 124
0.000239141 0.00314031 0.153103 188 147 108
0.036662 0.00490708 0.120613 74 54 47
-0.0216327 0.0319575 0.110999 214 181 137
-0.0267976 0.0138075 0.138448 194 150 104
-0.0135824 0.0166106 0.134975 199 156 112
-0.024944 0.0311821 0.113225 210 174 130
-0.0312702 0.0329843 0.110521 210 170 126
-0.0234023 0.0221614 0.126133 200 158 112
0.0292988 0.0154285 0.134838 196 152 112
-0.0134496 0.0155101 0.13558 200 158 113
0.0397983 0.0221817 0.122392 194 157 114
0.0197947 0.0103043 0.140008 191 152 112
-0.0299126 0.0281319 0.118069 206 164 120
-0.008541 0.0277635 0.117699 217 178 132
0.0116554 0.00600305 0.148428 197 162 125
-0.0284881 0.038361 0.105154 206 166 124
-0.0128148 0.0145545 0.136453 196 152 108
0.0336613 0.0241408 0.120499 186 144 98
-0.0311405 0.031968 0.111525 206 167 122
0.00617239 0.0333759 0.108848 206 165 118
-0.0265946 0.0334091 0.110169 206 166 122
-0.0167616 0.0411527 0.0984961 205 164 122
0.0278117 0.0202051 0.12826 196 152 110
0.0285036 0.014744 0.136494 193 150 109
0.0231645 0.0312657 0.11171 211 180 136
0.0204374 0.0242839 0.12191 204 166 122
0.0149138 0.0333152 0.108159 204 165 119
-0.0341124 0.0124429 0.14189 195 154 112
0.00754591 0.0248433 0.122533 202 164 120
-0.0388246 0.0316701 0.111766 207 166 120
0.0190472 0.0249478 0.121501 202 162 118
-0.0217804 0.0349523 0.107188 208 168 125
0.0217056 0.01632 0.137542 199 161 118
-0.0347964 0.0332425 0.110577 200 157 112
0.0097525 0.0290759 0.116134 215 184 143
0.0162461 0.00849152 0.14471 194 160 122
-0.0247792 0.0337941 0.109048 208 170 126
0.0377004 0.0277187 0.1151 200 162 118
0.0291841 0.0374951 0.10318 202 162 117
0.0251044 0.0188288 0.132828 204 162 119
0.0275194 0.0232611 0.12359 206 169 125
0.0553498 0.0194102 0.126872 195 155 115
0.0210295 0.0333155 0.108563 203 166 123
0.023631 0.0155691 0.133412 206 168 125
0.0427919 0.0261257 0.117542 194 154 113
0.0244631 0.0345229 0.107641 204 166 122
0.0281363 -0.0162043 0.157381 120 46 24
0.00864782 0.0376694 0.102086 188 146 104
0.0263488 0.0368933 0.104803 200 162 118
0.00841655 0.0373632 0.102903 192 151 108
0.0179473 0.0386514 0.100611 202 162 118
0.0168297 0.037876 0.101744 208 171 127
-0.0516009 0.0232526 0.128555 209 172 126
0.033026 0.00357478 0.117778 96 78 72
0.0300036 0.0294362 0.113045 192 150 108
0.0381176 0.0249342 0.12227 189 148 107
-0.0157404 -0.0793765 0.221561 195 188 182
0.0503666 0.0246272 0.124688 198 160 120
0.0491252 0.0205429 0.127897 196 158 118
0.00843673 0.0361091 0.104812 191 158 120
0.0155057 0.0146153 0.137862 204 170 129
0.0511755 0.0250996 0.12102 196 156 116
0.0591013 0.0208021 0.127545 191 151 112
-0.0120398 0.0319952 0.11178 186 152 114
0.0117739 0.038653 0.101253 176 136 96
-0.0463425 0.0213196 0.127927 205 166 122
0.0109856 0.0126866 0.140054 198 158 118
0.0225491 0.0408433 0.09858 178 141 100
0.0501567 0.0249706 0.122208 196 157 116
0.0327149 0.0368881 0.104656 192 154 112
-0.0144794 0.0194005 0.131533 201 162 124
0.0298492 0.0371525 0.101485 191 152 110
0.0513526 0.00921985 0.127242 186 148 110
0.0407163 0.0189677 0.128383 191 153 112
0.0694748 -0.0107875 0.169628 178 141 105
0.0355029 0.0292428 0.114589 196 156 113
0.0462254 0.0321475 0.112437 186 149 108
0.051803 0.0216264 0.123506 190 153 114
0.0273157 0.0292248 0.114192 196 155 112
0.0493463 0.0264819 0.120905 187 148 108
0.0436018 0.0310476 0.110979 192 155 114
0.0287579 -0.0419766 0.095822 200 193 190
0.0619087 0.0202515 0.127476 184 146 106
0.0607858 0.019961 0.126826 184 145 106
-0.0109842 -0.0947849 0.205158 198 192 189
-0.0194961 -0.0999111 0.213203 198 192 188
0.0272093 0.0388434 0.100182 207 170 127
0.0648532 0.0143981 0.132264 184 150 109
0.03637 0.0165951 0.12957 154 152 144
-0.0232165 -0.084866 0.221802 196 189 183
0.0399403 -0.0708522 0.204328 202 194 188
0.0474168 0.0163601 0.132087 182 146 108
0.0624746 -0.0211123 0.184166 170 134 98
0.0343513 0.0252166 0.11929 180 140 98
0.0156666 -0.0739204 0.214037 194 187 180
0.0333902 -0.0313017 0.149676 186 184 180
0.0311087 0.0134921 0.134555 192 152 115
0.00713977 0.00527238 0.150166 194 160 121
-0.0553944 0.0171882 0.138524 200 158 111
0.0257007 0.0240697 0.125711 198 164 124
0.0284192 0.0266623 0.11745 194 154 112
-0.0228796 0.030566 0.113814 204 166 122
0.0298411 -0.033841 0.146233 184 176 168
0.0336295 -0.0328523 0.151654 190 187 183
0.0220498 -0.0826528 0.20433 200 192 188
-0.0126183 -0.0784423 0.221476 193 184 178
0.0308397 -0.00760465 0.164977 28 36 52
0.0220796 -0.0700815 0.212712 189 182 172
0.0375417 0.0213013 0.123583 192 158 118
0.0384283 0.0272921 0.115074 192 155 113
0.0462618 -0.00238072 0.15939 186 154 116
0.0223271 -0.00991708 0.172441 184 154 118
0.01938 -0.0205201 0.158333 142 131 118
-0.0392361 0.0104204 0.144002 193 155 112
0.0310401 0.0324241 0.114743 191 150 108
-0.063503 0.0155158 0.141971 194 150 100
0.0305546 0.0136723 0.131719 190 148 109
0.0282807 -0.0147848 0.159429 134 110 82
0.0228034 0.0142042 0.135816 186 145 104
0.0392677 -0.0300343 0.153245 179 176 172
0.0241873 0.0269541 0.116708 196 156 114
0.0138654 0.00478793 0.153291 195 161 124
0.0318422 0.0317464 0.111523 191 150 108
0.0529271 0.0266127 0.134135 186 152 114
0.0175915 0.0021837 0.158361 186 148 110
0.0122619 0.0285298 0.115201 204 172 128
0.0538625 0.0222668 0.126758 186 150 112
0.00170044 -0.0755939 0.219828 206 198 191
-0.0512364 -0.0138633 0.145479 193 160 123
-0.054048 0.0178443 0.141625 200 159 113
0.0601128 0.0240793 0.126113 182 146 108
0.0254379 -0.0211321 0.14818 118 52 24
0.0123572 0.00551764 0.153442 194 160 122
0.0326209 0.0241566 0.12135 178 137 94
0.0351564 0.0270652 0.117223 187 148 105
0.0558487 -0.00471557 0.164576 185 151 114
0.0429347 0.0295768 0.113549 186 154 116
-0.0398559 -0.0437944 0.209887 186 152 118
-0.0303016 0.0160974 0.135401 206 172 130
0.0297079 0.0256565 0.119453 188 148 104
0.0145636 0.0190944 0.129201 198 160 120
-0.0186737 0.0338705 0.109303 206 164 120
-0.022962 0.0319066 0.110796 210 176 132
-0.0372305 0.006876 0.148919 192 155 110
0.0661279 -0.0780166 0.188723 192 183 175
0.0405751 0.0280897 0.115132 190 156 118
0.0226982 0.00446605 0.152309 184 146 104
0.0250543 0.030637 0.111438 191 152 109
-0.0360116 0.0310711 0.11288 204 165 121
0.0384295 0.00749787 0.119149 54 33 18
0.00764537 0.0102558 0.142141 194 157 118
0.0386265 -0.0316108 0.153477 182 180 178
-0.02278 -0.0646614 0.237748 196 188 180
0.0362143 -0.0308152 0.152932 174 172 168
-0.0457207 -0.0754643 0.243337 203 195 188
0.0359873 -0.0249549 0.147461 174 142 108
-0.0217332 0.0171991 0.134683 210 171 126
0.0270786 -0.0299217 0.147011 66 106 138
0.0256667 0.0244984 0.128467 200 166 124
0.0315359 -0.0324013 0.150435 190 188 183
0.0481077 0.0177903 0.130932 179 140 100
0.0286508 0.0192577 0.129131 192 152 109
-0.0119214 0.0163192 0.134536 196 158 117
0.0339131 0.00718154 0.119199 58 38 24
0.0313259 -0.00527875 0.165447 22 34 52
0.0103095 0.00566765 0.147791 198 164 126
0.0336691 0.0229215 0.124499 188 150 106
0.0354822 0.0272175 0.114426 188 152 110
-0.0202304 0.0332838 0.108991 207 171 128
-0.0223592 0.0283287 0.115546 207 169 126
-0.0182621 0.0181285 0.132427 206 169 125
-0.0225855 0.0344107 0.107809 204 168 127
0.0270279 0.0300198 0.112042 194 154 114
0.0331809 0.017972 0.12803 72 73 76
0.0384457 0.0204312 0.124381 185 148 108
0.000204797 0.0180459 0.132964 204 170 129
0.0276894 -0.0336974 0.145797 177 177 168
-0.019951 -0.101183 0.217813 208 203 198
0.0123073 0.00798437 0.144939 194 161 122
0.0471961 -0.012753 0.162948 184 148 113
-0.0475177 0.0217823 0.126543 208 174 129
-0.010175 0.0206784 0.127364 203 164 124
0.0264818 0.0159438 0.135342 188 151 109
-0.0187977 0.0327516 0.110965 198 156 112
0.00241792 0.0217183 0.126582 196 160 118
0.0213755 0.0257786 0.118114 198 160 118
0.000878585 0.024655 0.122718 211 178 138
0.0145535 0.0312254 0.110373 208 178 138
-0.00675101 0.0294166 0.114909 209 172 128
0.0225063 0.0118045 0.130483 184 144 103
0.034671 0.0127692 0.122748 116 86 56
0.0602159 -0.0106728 0.165586 174 138 102
-0.00774098 0.0148383 0.137149 194 153 111
0.0108203 0.0111889 0.142496 192 153 114
0.0351768 0.021876 0.124759 192 156 116
-0.0470482 -0.0635869 0.248116 200 194 190
0.00939749 0.0192846 0.132476 197 161 121
-0.0507911 0.0201646 0.12928 204 166 121
-0.0382738 0.0104796 0.143178 196 158 112
0.0581028 -0.0151621 0.179363 182 146 110
0.00535871 0.0148544 0.135951 194 158 119
-0.00143159 0.00873392 0.151041 200 161 118
0.021518 0.016818 0.133236 198 161 120
0.0102306 0.0291378 0.115616 214 182 141
0.0299031 0.0137398 0.133152 189 148 109
0.0341572 0.0034842 0.117103 89 68 60
-0.00176238 -0.0773661 0.220638 192 186 178
0.0216714 -0.0286953 0.144925 168 60 94
0.0116261 0.0112341 0.141417 190 149 108
-0.00107348 -0.0821504 0.215143 200 193 190
0.027103 -0.0310368 0.147268 104 106 112
0.0274705 0.0231287 0.122224 197 162 120
0.013526 0.0305829 0.115171 212 182 140
-0.00750497 0.00538046 0.150352 201 165 124
0.0672992 -0.085599 0.182038 200 192 188
-0.00554401 0.0312058 0.113588 200 162 119
0.0272579 0.0271677 0.1175 194 156 112
-0.00680793 0.0309631 0.113278 202 168 124
0.0268024 0.025263 0.120392 198 163 120
0.0101059 0.00311665 0.154303 195 158 118
-0.00207342 0.0250394 0.13012 209 176 134
0.02766 0.0245482 0.120498 196 162 119
0.00925357 0.0300585 0.115806 212 180 138
0.021897 -0.0191299 0.159461 139 72 32
0.0240348 0.0215844 0.131678 198 158 114
0.0391655 -0.0807819 0.1991 206 200 196
-0.0181118 0.0341326 0.109894 199 160 117
0.0276925 0.0220539 0.124357 190 152 107
0.0162961 0.0101151 0.145773 192 158 118
-0.0362764 -0.0628808 0.24516 202 196 192
-0.0026302 0.0311289 0.112374 203 164 122
-0.0257979 0.031045 0.11345 206 168 126
0.0663441 -0.0106597 0.169418 178 141 105
0.0173184 0.0259838 0.116807 196 156 112
-0.0242428 0.0105179 0.147102 200 162 118
0.0200692 0.0209169 0.128633 192 154 112
0.0359802 0.00607794 0.120244 66 42 31
0.0333462 0.0212316 0.125416 192 155 112
0.0206491 -0.00805217 0.177729 180 144 108
-0.02568 -0.0674364 0.236991 199 193 188
0.0374019 0.0199879 0.126835 185 146 103
0.0276464 0.0200504 0.12842 196 155 112
0.037069 -0.0235464 0.147582 186 155 119
0.00205598 -0.0450089 0.105476 202 198 194
0.0483167 -0.0214577 0.130916 168 140 111
0.0184174 0.0112303 0.14028 194 156 115
-0.00672724 0.0405165 0.0999025 175 140 100
-0.0218449 0.00962992 0.148903 201 164 122
0.0173215 0.0123416 0.139675 190 148 110
0.00109339 0.0170342 0.133611 194 156 115
-0.00669674 0.0302032 0.114846 206 170 128
0.0109221 0.0288602 0.114954 214 183 142
0.0459708 -0.0143034 0.164986 187 152 116
0.0287303 -0.0675816 0.211232 203 197 194
-0.0346913 -0.0542466 0.235893 180 168 156
0.00883285 0.0336441 0.10745 198 160 117
0.000579384 0.0124829 0.139667 196 162 122
-0.0150236 0.0343525 0.111113 196 154 113
0.0231828 -0.0510875 0.118331 205 200 196
0.0210766 0.0195496 0.129242 197 158 116
-0.0059907 0.0200698 0.131803 199 162 122
0.00807897 0.0235783 0.123019 202 164 123
-0.00870349 0.0350663 0.109107 190 153 110
0.037009 0.0260653 0.116022 188 146 105
0.0130915 0.00788477 0.148016 195 163 126
0.0301422 0.0225154 0.123672 193 153 110
-0.016006 0.0388894 0.108008 207 168 126
0.0194933 -0.088678 0.201005 204 200 199
-0.0160796 0.0334944 0.110966 200 160 116
-0.00257733 0.0153154 0.136326 198 156 114
-0.0112225 0.0215227 0.127953 203 166 125
-0.02527 -0.0565425 0.0881552 186 180 178
0.0132737 0.0102118 0.14328 195 160 122
0.0130603 0.0111041 0.141911 189 149 110
-0.0238147 0.0309395 0.113271 206 170 128
-0.00979301 0.00824944 0.152405 196 156 116
0.0257789 0.0128886 0.140273 189 148 106
0.0197106 0.0198015 0.142104 194 154 109
0.0175482 0.00417627 0.14723 189 153 116
0.0108954 0.00849604 0.14495 196 162 124
0.00917082 0.0108051 0.142243 192 154 114
0.011001 0.0092208 0.143316 200 166 129
0.00620963 0.0332966 0.108683 201 162 118
-0.0122468 0.0362425 0.105068 200 160 116
0.00378604 0.00675429 0.148849 193 158 120
0.0186938 0.0291274 0.114203 198 155 112
0.0175679 0.024416 0.121328 198 160 114
0.0588069 -0.00774689 0.1672 185 148 111
0.0329584 0.0271523 0.115369 200 160 117
0.0278719 0.0313735 0.111483 200 160 118
0.0280344 0.0294757 0.114066 199 158 116
0.0533938 0.0183233 0.12915 186 146 108
0.0381809 0.030149 0.112608 198 160 117
0.0315748 0.028621 0.115139 199 159 116
0.0501368 0.0185689 0.128051 187 146 107
0.0451755 0.0295592 0.114374 202 168 126
0.0301734 0.0439644 0.105367 208 170 126
0.0249078 0.0336634 0.108279 203 166 123
0.00633936 -0.0849661 0.20871 202 197 194
0.0369794 -0.0307005 0.153964 179 176 173
0.0339775 0.0380705 0.101178 188 150 108
0.034894 0.0120145 0.122647 120 94 66
0.0437084 0.0203915 0.125136 194 154 114
0.0312435 -0.0146637 0.155548 192 96 42
-0.0109175 0.0346501 0.107592 174 137 97
0.00770108 0.0360769 0.104596 192 160 120
0.0391257 0.0244479 0.121933 192 156 118
0.0149549 0.0372506 0.102701 189 154 114
0.0119822 0.0101901 0.142953 194 157 118
0.00771422 0.0376359 0.102672 174 135 94
0.0144211 0.0372896 0.102773 188 154 113
0.0501032 0.0233074 0.120835 195 155 116
0.0397866 0.0213984 0.122926 201 165 124
0.0416976 0.0313065 0.111203 194 154 113
0.0318216 0.0368935 0.103683 192 152 110
0.0372134 0.0330088 0.109197 186 148 106
0.0229788 0.03621 0.104316 184 146 108
-0.016259 -0.07846 0.226716 204 198 194
0.0546634 0.0123553 0.126132 190 154 113
0.0341573 0.0137124 0.122825 135 116 82
0.0359126 -0.0313756 0.150921 174 170 166
0.0324181 -0.0269938 0.14702 186 152 118
0.0358416 -0.0329636 0.149505 192 188 179
0.0331915 -0.00806979 0.1597 24 34 52
0.0277098 -0.036959 0.146707 196 190 186
0.0288663 0.0228327 0.123162 200 164 120
0.0335039 0.00563867 0.117459 76 56 47
0.0339705 -0.0336774 0.148284 184 178 172
0.0377042 -0.00676252 0.16482 22 28 44
0.0453417 -0.0339483 0.105125 190 181 172
0.0640485 -0.020493 0.184705 172 134 98
0.0204853 -0.0267177 0.150731 128 58 28
0.0313303 -0.0235272 0.145453 136 86 43
0.0544608 0.0135578 0.130217 184 146 106
0.0356113 0.00465314 0.117351 67 47 39
0.0100597 -0.0280922 0.0792454 186 181 172
0.0327944 0.025437 0.118201 190 150 108
0.0284645 -0.0337081 0.145962 184 175 170
0.0182224 -0.0285593 0.14675 124 37 48
-0.0266802 -0.0681072 0.237179 194 188 183
0.0473528 -0.0747094 0.198227 200 194 190
0.0438111 -0.018909 0.115164 172 138 102
0.0220551 -0.0266954 0.1481 98 34 24
0.0205109 0.00545616 0.166444 189 150 110
0.0365954 0.00933236 0.123095 61 39 26
0.065505 -0.0738952 0.189326 192 184 179
0.0433903 -0.0360707 0.103938 183 174 168
0.0372652 -0.0372554 0.151416 189 182 174
0.0333327 -0.0265233 0.148183 186 152 118
0.0220674 -0.0350531 0.147138 122 30 50
0.0466196 -0.0179081 0.109508 170 136 99
0.0131186 -0.00887731 0.179832 182 148 116
0.0442404 0.0272089 0.116299 192 154 116
0.00745691 -0.0523605 0.105159 201 197 194
0.0550504 0.0208828 0.122975 188 151 112
0.020652 -0.100244 0.192802 188 184 180
0.0552661 -0.0302304 0.109751 195 186 180
0.0126619 -0.101767 0.195682 200 195 193
0.0572554 -0.010629 0.169716 174 137 100
0.0487226 0.0210982 0.127048 193 154 116
0.0442241 0.0260938 0.118055 187 148 110
0.0234049 -0.0243025 0.148558 124 70 38
-0.0607722 -0.0660992 0.25784 186 182 180
-0.0495367 -0.077381 0.244787 198 190 183
0.035394 -0.0346631 0.152054 184 178 171
0.013256 -0.000310446 0.169692 194 158 124
0.0641772 -0.0363858 0.142592 194 188 182
0.0491803 0.00703997 0.123437 192 156 116
-0.0413594 -0.0883465 0.234135 199 192 188
-0.0678985 -0.0632096 0.27056 172 143 111
-0.0146906 -0.0849008 0.212562 201 196 192
0.037432 0.012271 0.125738 118 90 64
0.056984 0.0186775 0.12458 183 146 106
-0.0431993 -0.0835585 0.233285 197 189 182
0.000395462 0.0385268 0.101723 194 153 112
0.0347574 -0.0274729 0.151101 182 152 122
0.00543778 0.0352268 0.106207 205 171 130
0.0449132 -0.0296241 0.145019 188 186 182
0.0362038 -0.0358888 0.148261 187 180 172
0.0602071 0.0213202 0.124911 179 140 100
0.0171015 0.0273385 0.116397 200 159 116
-0.0165536 0.0309864 0.11423 202 163 120
-0.0082439 0.0311196 0.11281 211 174 129
-0.0187172 0.0391208 0.105599 200 161 117
0.0417845 0.0304024 0.105705 184 144 104
0.0255 -0.0363594 0.144326 186 168 166
0.037216 0.00479435 0.119722 63 43 33
0.0132885 0.0280749 0.116374 204 170 126
0.0372771 0.0110794 0.123967 112 86 58
0.00945295 0.0083811 0.146074 198 164 126
0.0268146 0.0249945 0.118796 194 158 115
0.0318721 0.0268684 0.11707 188 150 108
0.0351102 0.0294521 0.115249 184 145 104
0.0378315 0.0178522 0.127739 208 194 176
0.0580225 -0.00856657 0.167373 172 138 100
0.0138206 -0.00865067 0.17895 185 152 116
-0.0385154 0.0314442 0.112365 208 169 122
0.035534 0.00296698 0.117161 72 52 42
0.0253336 0.0200637 0.126122 192 152 108
0.0347646 0.0119803 0.122568 113 86 54
0.0483424 0.0255503 0.132683 186 152 112
0.0253351 0.0316317 0.111305 196 160 120
0.0523399 0.0155357 0.133632 186 150 109
0.0273242 -0.0369832 0.143191 198 192 187
0.0272051 0.0154898 0.131695 188 150 106
0.0388786 0.0206072 0.124346 180 144 103
0.00649614 0.0189735 0.129176 205 171 128
0.0130239 0.00766558 0.148266 194 159 120
0.0120276 0.00730859 0.146702 193 158 120
0.0116892 0.0112142 0.142062 188 149 108
0.021966 0.0263654 0.116554 194 153 109
0.0139593 0.0168148 0.131346 192 155 113
-0.0401948 0.0206884 0.131395 212 175 129
-0.0213281 0.0224254 0.122164 216 178 134
0.025886 0.0210569 0.126199 189 149 106
0.0392568 0.021693 0.124139 190 156 116
0.00704441 0.0107416 0.142063 194 158 117
0.0159373 0.0305565 0.113121 208 176 135
0.0283691 0.0241432 0.121774 198 162 119
0.049256 -0.0858291 0.187101 198 189 180
-0.0026381 0.0198082 0.127818 204 169 128
0.0186758 0.0240825 0.120242 200 162 118
0.00235297 0.0189574 0.133055 206 172 131
0.0115626 0.00618738 0.14835 197 163 124
0.0193613 0.0257554 0.120595 197 157 114
0.000938157 0.0116467 0.139687 202 166 126
0.00284015 0.0214096 0.128012 200 162 121
-0.0493879 0.0316024 0.116979 214 178 131
0.0251349 -0.0277139 0.146037 87 18 28
0.0200172 -0.0189889 0.160681 249 160 79
0.0281622 0.0212357 0.123901 188 148 102
0.0179085 -0.0229557 0.154405 180 141 100
0.0134012 0.0103066 0.141927 190 154 112
0.0298023 0.0137512 0.132024 184 144 102
0.00858905 0.0377994 0.104944 194 159 114
-0.0111662 0.0147891 0.134651 198 158 114
-0.0209398 0.0168585 0.13205 211 177 132
-0.0101491 0.0199292 0.127336 206 168 125
0.0288665 -0.00422508 0.166555 180 148 109
0.0453396 -0.00130805 0.157788 191 160 120
0.0226243 0.0129032 0.139162 182 142 98
0.0145164 0.0113542 0.13956 182 142 100
-0.00358228 0.0294586 0.11473 202 160 116
0.00586388 0.0362782 0.100562 194 154 110
-0.0112227 -0.0251675 0.170123 186 152 118
0.0133578 0.0296197 0.115449 210 178 132
0.0185173 0.00892129 0.143277 192 156 116
0.0400729 -0.0905785 0.187587 204 198 194
-0.00732003 -0.0181567 0.181247 202 172 136
0.0299757 -0.005131 0.164992 32 34 42
0.000351754 -0.00589487 0.188789 190 153 111
0.0241354 0.0185593 0.130188 196 156 112
-0.0328543 0.0026093 0.159754 199 163 121
0.026078 0.0311647 0.109566 200 165 120
-0.00410731 0.0160697 0.136168 197 158 117
0.0199291 0.0124821 0.138377 186 146 104
0.023045 0.0368641 0.112348 198 160 116
0.00604285 0.0370565 0.103257 190 150 106
0.0197704 0.0154159 0.133484 198 162 120
0.0217387 0.0134035 0.138664 186 146 104
-0.00837671 0.0395881 0.0988526 180 144 104
0.0175462 0.0110623 0.140697 190 152 110
0.00205351 0.0106115 0.144518 198 161 120
-0.013488 0.0133231 0.136226 194 150 107
0.0284687 0.0208268 0.126382 188 148 102
-0.0115301 0.0200268 0.131724 201 160 116
0.0180202 0.0138072 0.139711 192 152 111
0.0390865 0.0250716 0.120326 178 138 100
0.0262127 0.0166305 0.133749 196 158 114
0.0300664 0.0217554 0.125114 188 148 102
0.0263071 -0.0759336 0.20564 203 198 194
0.0419159 0.0183693 0.124753 189 150 110
-0.0172612 -0.0103268 0.176965 192 158 120
-0.00510221 0.0151926 0.136076 192 150 110
0.034396 0.0235397 0.122328 190 150 107
-0.00551393 -0.032997 0.17516 142 90 61
0.0353783 0.0173266 0.1283 159 156 148
-0.0350633 -0.0096641 0.178642 193 160 124
0.0150499 0.036038 0.0975523 206 168 124
0.00907205 0.037389 0.102191 190 148 105
0.0393196 0.0297512 0.113575 196 159 118
0.0116707 0.043423 0.0944698 184 141 100
0.0166149 0.028492 0.113749 198 156 111
0.019696 0.0262204 0.113142 202 160 116
0.0143367 0.0345797 0.106499 194 154 110
0.0166091 -0.0141137 0.175286 74 70 72
0.0427885 -0.0694312 0.199927 198 190 183
0.0226075 -0.0357607 0.142906 172 60 93
0.0442962 0.0170741 0.133147 178 138 100
0.0169096 -0.00858687 0.175154 172 134 96
0.032869 0.0389375 0.101189 192 158 118
0.027952 0.0205408 0.126517 190 152 105
0.0435996 -0.013824 0.103428 169 133 96
-0.0215915 0.0311713 0.113152 192 156 116
0.0180327 0.0396817 0.0990665 168 130 89
0.0457507 0.0282409 0.114668 180 142 104
0.0224917 0.0437816 0.0930912 164 126 84
0.0285475 0.0364083 0.104687 183 144 102
0.0399461 0.031823 0.112548 188 147 106
-0.0106278 0.0341109 0.109904 182 148 105
0.0249783 0.0372903 0.102649 190 157 115
0.0160071 0.00982332 0.131273 192 155 118
0.0327698 0.0343579 0.106815 188 152 111
-0.00280999 0.0364733 0.109653 176 140 100
0.033304 0.0389047 0.103242 180 141 99
0.0474425 0.0245473 0.119278 191 154 114
0.056388 0.0165654 0.120835 191 157 116
-0.00436527 0.0311946 0.111039 186 148 108
0.0273142 -0.0225769 0.147423 81 88 100
-0.0251695 -0.0977124 0.209268 204 196 192
0.000399629 -0.0278338 0.171782 106 46 20
0.0190495 -0.0253495 0.148896 223 133 67
0.0473474 -0.0328671 0.107839 190 182 174
0.00343976 -0.034025 0.174015 182 153 122
0.0379528 0.0237699 0.125877 192 156 115
-0.00992935 -0.0331895 0.169851 180 146 114
0.0497564 0.0196104 0.131383 178 139 101
0.0347194 0.0205725 0.127078 191 176 159
-0.00599692 -0.0964687 0.198615 202 197 194
0.0458657 -0.0187584 0.117147 170 138 100
-0.0458839 -0.0225179 0.148945 58 62 66
0.00982173 0.0366648 0.101542 195 159 112
0.011227 -0.0792085 0.209213 202 196 194
0.0359031 0.0085989 0.123397 51 30 17
-0.00906798 -0.020832 0.174161 186 151 116
0.0550142 0.0207074 0.127252 174 138 98
-0.00168949 -0.0818681 0.210357 199 193 188
0.0632282 0.0139618 0.132773 182 147 108
0.0561618 0.0142754 0.130331 180 146 106
-0.0223608 -0.00981584 0.180233 188 154 114
0.0411504 -0.026005 0.14851 171 142 108
0.0255235 -0.0830275 0.197704 202 196 192
0.0323173 -0.023222 0.144869 182 144 105
0.0270097 0.0361748 0.103716 195 154 112
0.000540489 0.0384492 0.101022 189 148 108
0.0511884 0.0238957 0.123338 186 147 108
0.0137195 -0.0261406 0.159699 179 148 116
0.029792 0.028845 0.114711 189 147 105
0.0516667 0.0201429 0.127768 176 137 99
0.0356435 -0.0769755 0.1941 200 195 190
0.0642566 0.0116081 0.128004 180 144 104
0.00412997 0.00639785 0.14874 196 161 124
0.0425621 0.0312265 0.111999 187 149 108
0.039726 -0.0275307 0.146164 174 167 162
0.0470337 -0.0799877 0.191002 202 196 190
0.0251123 -0.0767995 0.201754 200 195 190
0.0336326 0.0376853 0.102573 188 149 105
0.0343822 0.0514902 0.1175 188 150 108
0.0618647 0.0148225 0.134285 178 143 104
0.0322014 0.0410296 0.098559 197 162 120
0.0331072 0.0307718 0.111721 190 150 107
-0.0489927 -0.0319048 0.160026 182 147 112
0.0369462 0.0536417 0.119504 191 153 112
0.0381712 -0.0323758 0.111711 195 187 180
0.0412902 0.0345078 0.106992 199 166 126
0.0524761 -0.0727875 0.19255 198 191 186
0.0446758 0.0249062 0.117768 184 147 108
0.0441716 0.0235994 0.111409 186 149 110
-0.0456415 -0.0166882 0.149397 88 75 66
-0.026827 0.0122031 0.140613 203 158 110
-0.0271399 0.0166756 0.134981 214 179 130
-0.0269311 0.0284073 0.117026 202 162 119
-0.0322905 0.0160703 0.135386 209 172 124
-0.0368693 0.0133202 0.14318 203 161 112
-0.04885 -0.0288537 0.148733 188 152 112
-0.0458516 -0.0290286 0.150955 81 84 85
-0.053201 -0.00582876 0.16584 191 154 114
-0.0474363 -0.0189158 0.147404 22 14 8
-0.0485077 -0.029991 0.153448 123 108 90
-0.0436237 -0.0220877 0.147056 16 13 12
-0.00999214 0.0320959 0.110871 206 170 127
-0.0410956 0.0332931 0.110385 212 170 126
-0.0303666 0.0349379 0.107777 202 160 116
-0.0346912 0.0282083 0.119451 207 164 119
-0.0308457 0.0336766 0.108099 200 156 112
-0.0288435 0.032561 0.113444 214 172 128
-0.0357564 0.0353467 0.107237 201 159 114
-0.0463786 0.0353755 0.107941 208 170 126
0.0831078 -0.0562662 0.184114 193 186 176
-0.0393588 -0.0189309 0.154671 57 45 36
0.0802131 -0.0506626 0.197644 194 186 178
0.0806201 -0.0389118 0.203978 180 176 172
0.0814969 -0.0577849 0.180725 184 176 167
0.0823148 -0.0532327 0.190641 186 178 168
0.035815 -0.000560343 0.123412 112 82 56
0.0654546 -0.00779414 0.173004 179 145 107
-0.0560369 0.0151658 0.136743 202 158 110
-0.0572602 0.0183481 0.130994 208 169 120
0.0778537 -0.0426259 0.204158 182 175 166
0.0341082 0.00528828 0.119429 69 49 36
-0.0183433 -0.0965478 0.205982 194 189 182
0.0311664 0.00631772 0.121739 56 31 16
0.0327259 0.00376527 0.118427 90 72 62
0.0557227 -0.0063906 0.168197 174 138 100
-0.0626445 0.0213388 0.133264 206 162 118
0.0810616 -0.0561033 0.191029 194 186 178
-0.0410987 -0.0131787 0.163175 24 17 14
0.0585688 -0.0323054 0.137465 178 170 160
0.0314183 0.00650207 0.119054 56 34 20
-0.0565008 0.0102818 0.145286 199 158 112
0.0594931 -0.0253692 0.14091 174 170 165
-0.00569626 0.0415467 0.100715 180 145 105
0.0256145 0.0155399 0.135068 193 154 112
0.0605041 -0.0349446 0.135077 193 184 178
0.0627148 -0.0294823 0.135805 182 174 167
0.0240235 0.0178371 0.1312 194 154 109
0.105822 -0.0371908 0.245767 170 170 168
0.0333141 0.00291278 0.119459 86 66 60
0.0435418 -0.0304784 0.110593 195 186 180
0.0338298 0.00305804 0.11887 84 64 58
0.0348309 0.000991867 0.118194 87 64 54
0.0203868 0.0165376 0.129304 198 160 119
0.0339733 0.00130393 0.122898 78 57 46
0.000491656 0.0372414 0.106663 177 138 98
0.000563219 0.0362409 0.104252 180 144 104
0.0247894 0.0304752 0.111965 185 144 102
-0.00364617 0.0350705 0.105156 185 146 106
-0.00240202 0.0360549 0.107995 191 154 112
-0.00805935 0.0345534 0.108066 192 154 112
0.0109339 0.0339205 0.1072 190 151 111
-0.00103415 0.0354924 0.1057 188 152 111
-0.000763261 0.0384656 0.107165 182 146 106
-0.0528325 -0.00718455 0.16745 200 164 121
-0.00911665 0.0341658 0.107554 190 151 109
0.000915013 0.0371177 0.104466 176 140 100
-0.00871454 0.0310626 0.112625 206 170 126
0.0140775 0.0351578 0.10751 185 148 108
-0.00577426 0.0360958 0.106338 181 142 104
-0.00629958 0.0360279 0.106342 182 144 105
0.00490783 0.0403712 0.100827 154 122 84
-0.00820577 0.0339201 0.111392 206 170 128
0.00665879 0.0389775 0.102692 165 129 89
0.0108305 0.0376935 0.103482 178 142 102
-0.00102967 0.0367081 0.105033 184 147 108
0.056693 0.0198498 0.1391 178 138 95
0.00964688 0.0378931 0.103259 169 132 92
0.019804 0.0334065 0.109476 194 158 115
0.0192863 0.0359124 0.107006 186 150 109
0.010632 0.0388068 0.102549 172 136 96
0.0183603 0.0335476 0.108753 192 156 114
0.00926913 0.0381605 0.102858 165 128 88
0.0125725 0.0379784 0.102739 168 132 94
0.0572702 0.0333351 0.142337 180 144 102
0.0030457 0.0363392 0.105069 183 147 107
0.0117238 0.038517 0.102382 172 136 96
0.000462719 0.0341662 0.101735 186 150 110
0.00858205 0.0350803 0.106685 200 168 126
0.0583693 0.072791 0.154659 188 156 116
0.0141739 0.0388479 0.102677 174 138 98
0.00504707 0.0398753 0.101036 156 124 85
0.0125049 0.0355968 0.105962 204 172 132
0.0394853 0.0243929 0.12317 191 158 114
0.0180642 0.0366486 0.106375 197 166 126
-0.00492772 0.0360483 0.106867 190 152 112
0.00689667 0.0375354 0.103828 175 138 98
0.00432957 0.0391892 0.10118 154 118 80
0.0541253 0.0224337 0.136257 190 152 108
-0.00292111 0.0352581 0.104217 184 145 105
0.0187557 0.0363274 0.108011 186 149 108
0.0281169 0.0330044 0.111721 198 164 122
0.0208422 0.0342294 0.108818 194 158 116
-0.0521865 0.0206942 0.129134 216 175 128
0.00971833 0.0353803 0.108116 200 168 127
-0.010757 0.0358389 0.109843 168 133 92
-0.0572971 0.0224543 0.146776 206 171 124
-0.0358119 0.0425593 0.114166 184 148 107
0.0142778 -0.00549802 0.0784216 184 150 110
-0.0431975 0.0327292 0.110592 198 162 120
-0.0340878 -0.0163897 0.195384 149 124 92
-0.0354342 -0.0163332 0.177041 152 125 92
0.0190158 0.0347365 0.110144 198 158 118
-0.000905802 0.0342782 0.093816 176 141 102
0.0214254 0.0314514 0.11383 208 178 134
0.00503507 0.0319733 0.10019 200 168 126
0.021848 0.0347364 0.113753 203 170 128
0.0174249 0.0373031 0.108878 202 168 127
-0.00784112 0.014449 0.0675741 200 166 124
-0.052506 0.0193539 0.131604 212 172 128
-0.0463663 0.0305116 0.114663 214 174 131
-0.0495758 0.0243066 0.123637 208 170 124
0.0478177 0.017183 0.136586 206 185 122
0.0430013 0.0188295 0.134325 217 195 140
0.00732982 0.0343975 0.105606 192 160 120
-0.0316874 -0.0167807 0.18394 194 161 124
0.0483999 0.01849 0.1376 216 195 128
0.0331054 0.0251478 0.127323 200 166 118
0.0365288 0.0168117 0.132707 50 44 38
-0.0287186 -0.013163 0.175962 208 179 140
0.02932 0.0225162 0.1275 195 152 104
0.0297006 0.0228892 0.123829 200 163 116
-0.0452793 0.0302427 0.118175 202 166 122
0.087664 -0.092777 0.178228 192 184 182
-0.0422093 0.0312689 0.109681 203 168 126
0.0697138 -0.0989828 0.176895 198 191 188
0.0612978 -0.0933469 0.186304 198 194 190
-0.0503573 0.0252083 0.122358 206 168 125
0.0800086 -0.0914612 0.176566 198 190 187
0.075948 -0.0912461 0.173671 193 186 184
0.0626757 -0.0965591 0.170439 198 192 189
0.0666369 -0.0960583 0.170747 196 192 188
0.0649541 -0.0977435 0.171083 201 196 192
0.0668147 -0.0921376 0.169129 198 194 190
0.0772464 -0.0902746 0.17131 201 194 192
0.0742543 -0.0891923 0.170588 198 192 189
0.0666055 -0.0971365 0.172521 198 194 190
0.0689792 -0.0965635 0.171561 200 195 192
0.0856016 -0.0842382 0.173185 191 183 180
-0.043438 0.0312332 0.113792 202 168 126
-0.0460473 0.0306409 0.114362 204 168 128
0.0842706 -0.0876815 0.171111 190 182 179
0.0667321 -0.0940692 0.170937 194 190 186
0.0318846 0.0152321 0.129219 114 124 128
0.0320405 0.0198309 0.131626 208 202 201
0.0726414 0.0329704 0.146215 104 83 35
0.0320809 0.0105197 0.128432 144 118 60
0.048173 0.0240157 0.135295 136 145 148
0.270684 -0.0185467 0.269287 170 176 183
0.37302 -0.0139813 0.320789 164 167 169
0.0886821 0.0297173 0.149999 188 152 112
-0.00947801 -0.0400004 0.0924724 118 106 98
0.0349048 0.0167313 0.131592 104 118 130
0.222478 0.062864 0.26562 196 164 126
0.0333855 0.013474 0.134111 108 76 46
0.0572537 -0.03252 0.122256 119 130 140
0.0623658 0.0342534 0.149421 200 160 122
0.0605424 0.0281693 0.139993 178 172 124
0.0477483 0.0158183 0.134298 188 156 110
0.0359429 0.00774379 0.121852 66 38 30
0.0260681 0.0161734 0.122458 198 156 116
0.0815338 -0.0329143 0.14709 142 152 162
0.0358777 0.00726155 0.132851 141 108 76
0.0296618 0.00825434 0.123924 197 178 159
0.0344516 0.0119843 0.136619 118 84 55
0.0978526 0.0288288 0.148835 70 48 40
-0.0297902 -0.00453948 0.0857665 214 174 124
0.119785 0.0460395 0.180105 112 82 52
-0.00580574 0.0506112 0.104105 222 184 140
0.033106 0.0102189 0.14001 186 148 110
0.0532557 0.0389941 0.140296 200 158 114
0.051942 0.0139606 0.120928 98 66 48
-0.00284654 -0.0394164 0.0949844 116 108 100
0.0355239 0.0159711 0.124965 187 174 96
1.7592 0.00364149 0.972889 174 176 180
0.00959923 0.0115574 0.113291 190 148 105
0.0356648 0.0229868 0.130567 203 202 192
0.0270236 0.00393232 0.120138 56 32 18
0.0347979 0.0128299 0.135489 110 76 48
-0.00105743 -0.0386893 0.0949861 117 108 100
-0.0301667 -0.0392593 0.0787337 122 130 134
0.0318084 0.022981 0.122395 187 145 103
0.0731498 0.0320153 0.148214 118 86 56
0.336142 0.173441 0.382095 200 166 128
0.0201279 0.00829607 0.115556 191 148 106
0.0308339 0.00760566 0.125225 196 180 160
0.462294 0.246894 0.495507 192 155 119
0.375022 -0.0222795 0.314347 176 178 182
0.0218405 -0.0289334 0.104252 156 122 88
-0.00729554 -0.015927 0.0949005 188 152 112
0.147027 -0.0102074 0.162842 166 134 104
-0.0324665 -0.0347702 0.0791712 152 118 82
-0.00302429 -0.0134205 0.098166 194 158 118
0.097845 -0.0195695 0.147494 168 134 102
0.022264 0.0210881 0.11972 200 166 124
0.0565393 0.0260708 0.140395 38 30 34
0.0103859 -0.00817372 0.10381 194 158 117
0.0857646 -0.0253028 0.137708 158 128 98
-0.0351884 -0.041534 0.078737 112 118 122
0.0296252 0.004275 0.115832 86 62 56
0.0105749 -0.0376183 0.0994996 120 114 108
0.626827 -0.0326988 0.368368 172 175 180
0.902523 0.0319783 0.597185 173 176 178
0.0328882 0.0884514 0.137613 216 178 136
0.147296 -0.0164285 0.174896 164 134 106
0.0198544 -0.0348021 0.105577 150 119 90
0.00526382 -0.0325556 0.0982783 148 114 80
0.16632 0.080626 0.222256 194 160 123
0.00445605 -0.0372567 0.0993572 150 118 90
0.0158964 0.0286418 0.115993 203 157 112
0.0126715 -0.0376233 0.100864 120 109 98
0.0517843 0.0213106 0.142845 108 76 48
0.100347 -0.0290657 0.157097 148 159 170
-0.0361652 -0.0348993 0.0779594 153 115 74
0.0353543 -0.0278566 0.112709 155 122 88
0.105967 0.0363935 0.175128 175 142 106
0.0185413 0.0697135 0.128656 206 163 118
0.140778 0.0560197 0.198054 191 156 118
-0.0330874 -0.0334101 0.0787337 152 113 70
0.124106 -0.0158309 0.173202 172 141 111
-0.0339667 -0.0240813 0.0816333 179 136 94
0.0855125 0.0273107 0.159917 174 140 104
-0.0058585 -0.0293026 0.0824626 10 8 9
-0.0112814 -0.021402 0.0917672 184 146 109
-0.00156516 -0.0393486 0.0945306 106 118 126
0.174809 0.0740673 0.224025 192 154 114
0.0860206 0.0274453 0.149925 188 154 116
0.09156 0.036674 0.167183 121 88 59
0.300902 -0.019181 0.253232 170 174 181
0.14586 -0.0287998 0.166945 151 156 162
0.498052 -0.036276 0.326758 182 186 190
0.0603339 0.0185587 0.140938 187 152 114
0.0290109 0.0105598 0.137709 190 154 116
0.0498251 0.0224542 0.121189 188 144 102
0.0792007 -0.027337 0.134328 160 132 105
-0.0350281 -0.0292614 0.0780786 164 121 78
0.106414 0.000265902 0.15316 173 138 103
0.0249654 -0.0350196 0.105225 137 104 80
2.49738 1.42035 2.17226 193 154 118
0.143985 0.0658554 0.202086 186 150 110
0.054267 0.0305589 0.143939 182 174 164
0.0493291 0.0363349 0.147799 196 156 111
0.00293171 -0.0407788 0.094011 116 128 137
0.0347074 0.0129114 0.138957 191 154 116
0.0828478 -0.0285264 0.148337 166 142 112
0.0650774 -0.0294781 0.126926 158 125 96
-0.0358526 -0.0332642 0.076261 146 102 56
0.150496 -0.00425917 0.162073 160 124 90
0.0666248 0.0327082 0.152594 186 147 106
-0.0414045 -0.0329867 0.0763706 152 110 68
0.0118582 -0.0377392 0.0996253 110 124 136
-0.034756 -0.0292559 0.0776567 161 120 78
0.184009 -0.000804574 0.203481 171 139 108
0.09654 0.000329744 0.151694 176 140 104
-0.0352037 -0.0405735 0.0801553 78 82 82
0.102145 0.0526977 0.17631 190 146 104
0.451817 0.00100161 0.351302 169 177 184
-0.0252226 -0.039602 0.0821235 91 98 102
0.0742766 -0.033134 0.142684 148 158 170
-0.0157708 0.0336567 0.1107 211 168 123
0.000605025 -0.02146 0.0978286 178 144 106
-0.0362281 -0.0267728 0.0782705 172 129 86
0.0994471 0.00781713 0.158474 184 150 114
-0.0381823 -0.0290362 0.0781619 170 128 85
0.18478 0.0478174 0.238615 193 160 122
0.0420064 0.0260297 0.136892 200 164 130
-0.0339967 -0.0388298 0.0798068 70 70 68
-0.0276586 -0.0404045 0.085096 136 98 64
-0.0166289 -0.03624 0.0786708 125 132 140
0.601937 0.285878 0.508866 192 158 122
-0.0159362 -0.032108 0.0820988 142 110 82
0.0323892 -0.0372649 0.109449 120 134 143
0.120974 -0.0186158 0.16936 173 142 112
-0.00621714 -0.0140024 0.0975017 193 154 112
0.0347282 0.0237955 0.126578 196 153 111
0.0321055 0.0070468 0.141111 185 148 108
-0.0211879 -0.0373252 0.077534 119 124 130
0.0343842 -0.0332254 0.113788 158 132 102
0.14596 0.0743031 0.209021 194 159 122
0.0396958 -0.0275704 0.117218 157 122 90
0.179542 -0.0376806 0.173049 170 174 179
0.0504187 -0.0278707 0.120914 159 128 97
0.346409 0.0263228 0.297934 178 145 113
0.00583794 -0.0273079 0.0975851 163 128 92
0.135128 0.0529978 0.19219 157 124 90
0.121689 0.0555716 0.194462 194 158 120
-0.00664763 -0.015262 0.0943307 182 142 102
0.0285668 0.0862426 0.134106 222 185 143
-0.0302883 -0.0298487 0.0785494 162 124 86
-0.0258805 0.0154001 0.089097 212 168 116
0.180312 0.0188104 0.201495 180 142 107
0.172684 0.057351 0.21852 184 150 113
-0.0255441 -0.0175991 0.0866597 188 145 102
0.21655 -0.0183779 0.215307 157 168 180
0.0871481 -0.0297525 0.14821 141 153 164
0.00533076 -0.0398436 0.0950627 110 122 130
0.138494 -0.0140848 0.169274 174 143 113
0.0226624 0.00705109 0.11477 193 153 110
-0.0249131 0.027181 0.0947774 220 184 137
-0.0226741 -0.0438859 0.0851181 102 114 122
0.656729 0.192381 0.511512 186 152 116
-0.0382087 -0.04133 0.0785553 94 98 102
0.314043 0.100047 0.320071 194 162 125
-0.0330092 -0.0310389 0.0807361 162 126 91
0.0137838 -0.0276177 0.102277 159 122 86
0.00796278 -0.0296494 0.0950323 155 121 88
0.0771863 0.0304564 0.156392 114 84 56
-0.0195965 -0.021933 0.0872185 182 142 104
0.0217618 -0.00551082 0.115892 110 78 58
0.0145126 -0.0200782 0.106405 175 141 104
0.0215408 0.139313 0.131098 214 176 132
0.0059537 -0.0278479 0.0973322 166 132 97
0.781202 -0.000951673 0.526405 182 186 192
-0.0293498 -0.0341059 0.0795743 152 117 78
-0.0250213 -0.007934 0.0888266 196 154 107
-0.0171353 0.00820782 0.093811 206 161 116
-0.0275162 -0.0405012 0.0860407 138 102 70
0.0752543 0.0245718 0.151239 161 127 94
0.107439 0.230966 0.207933 204 162 118
-0.0288146 -0.010229 0.0867867 206 176 132
0.026756 0.00983152 0.117115 196 156 112
0.00658756 -0.0410525 0.0974957 114 126 136
-0.0344536 -0.0119132 0.082057 199 159 112
0.0873037 0.214577 0.194365 212 173 131
0.291341 -0.00168118 0.268714 154 153 152
-0.0293429 -0.0332527 0.0804177 168 137 104
-0.001195 -0.0385826 0.0936774 100 113 120
-0.025306 -0.0330051 0.081958 160 131 101
0.152552 0.0545334 0.175169 121 88 62
-0.0422038 -0.030377 0.0758763 165 125 82
0.0273345 0.00463713 0.122165 164 136 112
-0.0142937 0.0157179 0.100117 205 167 121
0.197637 0.0738884 0.239135 190 156 119
-0.0151428 -0.0322941 0.0863503 154 120 88
0.0492753 0.0381528 0.140643 198 154 110
-0.0174074 0.0315874 0.111861 217 180 137
-0.0380935 -0.032374 0.0776432 158 120 80
-0.0340906 -0.0393541 0.0789121 88 91 94
0.0139715 -0.0113496 0.108485 183 142 102
0.00457663 -0.0211271 0.0999628 181 146 109
0.105076 -0.0323753 0.144411 143 146 151
-0.0361301 -0.0395256 0.0803464 142 104 68
-0.0253951 -0.0344941 0.0817123 156 122 89
0.109543 0.0504392 0.184259 195 158 120
0.0513359 0.00960825 0.121052 139 104 86
0.0671177 0.176576 0.168672 207 164 121
0.0878531 0.00437002 0.148032 183 146 108
0.0453215 0.00821415 0.140622 194 160 122
0.0306973 -0.0308585 0.109171 152 120 90
-0.0203383 -0.0227974 0.0867206 174 136 97
-0.0114546 -0.0217079 0.0931218 180 141 103
0.34388 0.00305241 0.298417 150 162 174
0.00781619 -0.0172577 0.100876 179 142 104
0.096854 0.0221778 0.169256 186 152 114
0.0977461 0.0352364 0.160695 178 146 109
0.503502 0.275855 0.511104 198 162 126
0.00469665 0.0517685 0.120101 220 183 143
0.00982989 0.0664357 0.122279 208 166 124
0.0518849 -0.0371382 0.118795 140 148 152
-0.0309607 0.0248554 0.0916751 218 178 132
-0.0287863 -0.0110841 0.0874538 199 158 110
0.148485 0.0650763 0.20482 190 152 112
0.281723 -0.00992771 0.248604 158 169 180
0.00490225 0.0791128 0.129531 204 161 116
-0.0345073 -0.0227317 0.0800949 179 137 94
-0.0333278 -0.0320286 0.0783244 154 116 76
-0.0289786 -0.0398304 0.0775969 128 134 144
-0.0114926 -0.020915 0.0919913 183 144 107
0.151292 0.0582757 0.199331 166 134 98
-0.0286147 -0.0213124 0.08306 177 134 92
-0.0259138 -0.0340243 0.0787776 10 8 9
0.0896876 0.0261458 0.16037 190 156 118
0.0195366 0.0146236 0.119398 194 152 110
-0.030949 -0.00552488 0.0860112 200 157 106
-0.00237634 -0.0277786 0.0830698 14 14 14
-0.0183507 -0.0268843 0.0861013 175 140 106
-0.0118982 -0.00841864 0.0948641 188 147 106
0.000769688 -0.00712394 0.0988652 193 150 108
0.208504 0.0923008 0.249268 195 161 124
-0.0187995 -0.0132987 0.0864486 185 142 100
-0.0248243 -0.033723 0.0800482 143 106 70
-0.00706285 0.0221717 0.101944 220 185 140
0.167501 -0.0282421 0.187521 150 154 160
-0.0313936 -0.0340134 0.0779915 138 90 45
0.0923915 -0.00105606 0.152134 186 152 116
-0.00986087 -0.0410944 0.0912434 105 117 126
-0.0352022 -0.011405 0.0819624 198 154 104
-0.0217541 -0.0359643 0.0840632 142 102 70
0.214587 -0.0259572 0.215212 166 170 178
0.0249805 0.0203768 0.125363 196 153 109
0.289193 0.00531006 0.266946 169 137 106
1.29657 0.337694 0.818131 188 148 113
0.135904 0.00864968 0.181695 179 142 106
-0.0141411 0.0341075 0.0974689 202 160 111
-0.0293122 -0.0206756 0.0829537 186 144 102
0.101652 -0.00151931 0.15922 176 141 106
1.35486 -0.0192562 0.703788 180 185 190
-0.00162469 -0.0278856 0.0858485 144 109 76
-0.00746263 -0.0100693 0.0969262 188 148 106
0.0448316 -0.0380865 0.11317 129 136 142
-0.0242267 -0.0244413 0.0844833 172 130 94
0.00676172 -0.0276471 0.098384 168 130 94
0.0878152 -0.0294594 0.152541 146 150 158
0.0849686 -0.0101563 0.147158 172 137 102
-0.022147 -0.0344311 0.0839964 156 123 90
0.0379521 0.148305 0.157659 218 178 138
0.105017 0.0271037 0.168953 190 158 120
0.135085 0.0423583 0.163343 104 74 46
0.0299717 0.0197098 0.128825 193 186 168
-0.0290214 -0.0185279 0.0864535 191 148 106
-0.00521354 -0.0113973 0.0970472 186 143 101
-0.00948963 0.0140972 0.0992744 206 165 119
-0.004568 -0.0090443 0.100214 195 154 111
0.0486324 -0.0241477 0.12256 172 139 105
0.00799842 0.00958777 0.141545 192 154 116
0.158012 -0.0146873 0.172305 160 129 100
0.222027 0.0777073 0.259383 192 159 122
-0.0254132 -0.0286705 0.081952 166 131 96
0.0246473 0.0553045 0.130537 208 168 123
0.360298 0.114099 0.354555 192 160 122
0.00116815 0.00669805 0.106089 195 152 110
0.0752345 0.192036 0.176575 208 164 122
0.208379 0.0785371 0.268857 185 151 115
-0.0307957 -0.0345604 0.0788384 139 90 48
0.00258185 0.0223823 0.112498 210 176 134
0.108431 -0.0131209 0.159484 170 136 104
0.333403 0.157446 0.367136 196 160 124
0.0158248 0.0335767 0.119697 208 175 132
0.00645826 -0.0286784 0.102763 164 127 91
0.0799546 0.00852957 0.139619 184 150 111
0.0308937 0.0312797 0.128071 206 172 132
0.0861553 0.0145095 0.154611 186 153 116
-0.0338312 -0.0177783 0.0816458 188 144 100
0.0835599 0.0237953 0.153136 193 158 119
-0.0123239 -0.0331694 0.0888922 161 130 96
-0.0295875 0.0127196 0.0885895 216 172 123
0.538013 -0.0390306 0.363492 181 185 191
-0.0323538 -0.0407572 0.0831441 137 100 72
-0.0120136 0.0384051 0.101181 207 166 121
1.67035 0.472763 1.07487 190 156 119
-0.0191873 -0.0339562 0.0786807 11 10 10
0.187582 0.0449817 0.227548 182 145 108
0.0388382 -0.00635167 0.117483 180 144 106
0.15175 -0.0296941 0.183065 157 162 166
0.066524 0.177387 0.177902 214 172 129
0.00968276 -0.0187971 0.10161 176 140 103
0.0252063 -0.0366447 0.107178 116 128 138
0.106787 0.0206858 0.172004 190 157 120
0.191532 -0.0214216 0.172792 142 146 150
0.112242 -0.00244516 0.147126 170 135 98
-0.0167279 -0.0300481 0.0851842 166 135 103
-0.0261488 -0.0367434 0.0838287 158 126 96
-0.0328284 -0.00636136 0.0834921 210 168 116
0.1226 0.00232432 0.151945 172 138 101
0.0548985 0.000833904 0.13602 189 152 115
0.0961709 0.0389245 0.172277 180 144 107
-0.0256162 -0.0421682 0.0822967 98 106 111
0.0651366 0.186671 0.177613 215 172 132
0.000599297 -0.000728496 0.106753 194 153 110
-0.01211 0.0469814 0.100359 214 175 128
0.0380901 -0.0352127 0.114653 118 128 138
0.000524143 -0.0221813 0.0972554 180 148 110
0.0187767 0.0649232 0.124009 206 164 120
0.0115914 -0.0397413 0.099945 114 127 136
5.76974 -0.0856361 3.0243 181 184 188
0.481893 0.0835508 0.376972 178 142 106
-0.0369997 -0.00825058 0.0823083 218 174 123
0.013854 0.0288194 0.115283 207 164 120
0.101507 -0.00476669 0.156898 172 136 100
0.0134534 -0.00599126 0.105717 194 158 118
-0.015654 0.0226813 0.100766 208 166 120
0.744583 0.365683 0.629069 194 160 124
0.0555932 0.00214276 0.149348 192 160 122
0.0648432 -0.0345995 0.124089 134 144 149
0.0517178 0.00181419 0.145287 188 152 116
-0.0149011 0.0024576 0.0970413 196 152 108
-0.0325352 -0.00869865 0.0837988 198 152 104
0.00113023 -0.00318818 0.104406 191 149 106
0.0618599 -0.00926234 0.134723 172 136 100
0.238371 0.0833858 0.280929 190 158 122
0.283301 0.103912 0.300434 188 156 120
0.0484807 -0.0298814 0.123468 167 136 106
0.0592378 -0.0337352 0.11743 124 136 144
0.267615 0.0825897 0.289549 195 162 125
-0.0238481 -0.0288424 0.0843174 172 137 104
-0.00977495 -0.0318303 0.0859834 142 106 74
-0.00677978 0.0317704 0.104502 208 164 117
-0.0112103 -0.0316921 0.0828928 76 77 72
0.116655 -0.0111289 0.159554 166 134 102
0.0415355 0.0325405 0.138835 202 160 116
-0.0329203 -0.0256874 0.0818482 182 142 104
-0.031407 0.00081021 0.0880134 207 160 108
0.0496504 -0.0318188 0.117309 148 122 100
0.218652 0.124925 0.264724 191 154 116
-0.0353806 -0.0344525 0.078228 148 109 67
0.0698779 0.0199708 0.14557 187 152 114
-0.0323022 -0.00931695 0.0838717 200 156 108
0.0792373 0.0382144 0.165812 190 155 117
0.144789 0.000189432 0.154707 164 129 94
0.0866402 -0.0338035 0.138244 150 155 162
0.037219 0.0109377 0.138295 110 80 52
0.035095 0.097501 0.139711 214 172 132
-0.0310109 -0.042556 0.0838809 98 109 114
-0.0354731 -0.0303207 0.0771705 153 110 68
0.17715 0.452109 0.285342 214 172 130
0.0938097 0.00955065 0.159653 188 156 118
0.223133 -0.0227455 0.22551 169 176 183
0.151636 -0.00632038 0.164286 164 128 94
0.147955 0.0509661 0.174223 193 156 116
0.00331581 0.00722293 0.140197 197 162 124
0.037767 -0.018843 0.115701 170 135 98
0.386226 -0.0178492 0.315783 178 184 192
-0.0313597 -0.0397945 0.083486 140 104 72
0.0804998 -0.0118301 0.146524 174 138 103
-0.0122837 -0.0416459 0.0898645 107 119 128
-0.0331426 -0.0236998 0.0825172 176 132 91
0.00182052 0.0150112 0.108561 202 160 114
0.0124167 0.0907926 0.131883 210 170 127
0.0184675 -0.0376399 0.106293 116 120 124
0.00842103 -0.0332957 0.0966009 142 109 77
0.252744 0.0948411 0.275332 189 155 118
0.246739 0.0988345 0.290834 191 157 120
-0.0303476 -0.0418635 0.0786473 117 122 126
0.0134162 -0.0121335 0.106286 184 146 106
0.813934 0.0357565 0.542132 174 182 188
-0.0054739 -0.0120877 0.0953328 191 148 108
0.0474052 -0.0297491 0.116911 155 124 94
-0.016402 -0.0128768 0.090359 189 146 105
0.00888321 0.00185298 0.110201 191 148 106
0.0215072 0.0293348 0.112132 200 156 112
0.09161 0.217016 0.199017 223 183 142
-0.000658289 0.0133919 0.10457 200 156 112
0.035833 -0.0338985 0.109202 126 106 94
0.0136126 -0.0330091 0.0987016 144 110 79
-0.0100211 0.0115762 0.100541 216 184 144
0.328343 0.187776 0.35708 196 165 128
0.0144919 0.0662003 0.122898 210 169 126
0.074681 0.0165413 0.153884 195 162 124
0.0808819 -0.0187134 0.141625 170 138 104
-0.0178175 -0.0344726 0.080784 84 87 89
-0.0354788 -0.0133127 0.0824522 206 165 120
0.0404032 -0.0313708 0.123078 167 136 106
-0.0297059 -0.0337613 0.0777245 134 82 38
0.00426698 0.0577452 0.119392 212 172 129
-0.0285982 -0.0420018 0.0811314 105 112 118
0.0609445 -0.00534556 0.133102 180 142 106
0.0311508 -0.0103273 0.114504 177 142 104
0.00550863 0.0235452 0.110854 216 184 143
0.108633 0.0432199 0.177361 126 92 60
-0.0274718 0.02786 0.0932367 220 183 137
0.0704031 -0.0174342 0.142544 168 132 96
0.0308883 0.0235977 0.121173 192 149 107
0.294024 0.116205 0.32035 183 149 112
0.11641 -0.0164434 0.173526 166 136 104
0.0334274 0.00142289 0.112963 188 151 110
0.225895 0.0717006 0.271328 189 156 118
-0.0165092 -0.0415466 0.0886157 97 109 118
0.0172273 0.0639263 0.128547 212 176 134
-0.0278232 0.0239466 0.0965907 207 165 120
2.0725 0.0132622 0.999661 180 184 188
-0.0302392 -0.0320522 0.0775519 147 103 58
-0.0291392 -0.0194366 0.0847743 182 139 96
0.264067 0.0307276 0.252128 178 142 106
-0.0154074 0.0456164 0.106727 208 167 124
-0.0306014 -0.00992368 0.0850921 200 158 112
0.0998961 -0.000133473 0.156775 185 151 115
-0.00043926 -0.0138582 0.0965226 184 145 106
0.730428 0.00385401 0.40536 174 178 182
0.183947 0.452143 0.286042 214 171 130
0.168967 0.0845721 0.223191 194 160 122
0.0349175 -0.00741145 0.123094 183 148 110
0.0826528 -0.00178523 0.152917 186 154 118
0.0162644 0.0332977 0.119126 208 174 132
-0.0113913 -0.0196675 0.0920775 183 144 107
-0.0325086 -0.0320016 0.0795065 159 122 86
0.0235899 0.067632 0.134699 207 168 128
-0.0147079 -0.0218673 0.0860005 178 139 103
-0.0198593 0.0347646 0.0945207 220 182 135
0.00554953 -0.0354503 0.0979532 148 116 88
0.0315054 0.0733395 0.133664 210 172 131
0.0784857 0.00416657 0.145654 196 166 133
-0.0303622 -0.00763252 0.0846042 198 152 106
-0.0185966 0.0140457 0.0969611 220 184 139
0.0124724 -0.0352062 0.101991 152 121 92
0.0359194 0.0702428 0.135954 214 174 132
-0.0289856 -0.0345043 0.0794704 146 105 67
-0.0348571 -0.0105301 0.0818679 200 155 106
0.000404532 0.0663652 0.10986 211 168 126
0.000627901 0.0101273 0.10664 200 157 113
-0.0187761 -0.0304911 0.087614 170 137 100
-0.0309457 -0.0135525 0.0837608 200 161 118
0.0253594 0.0219696 0.122492 204 168 126
-0.0287128 -0.0256728 0.0853941 183 144 106
1.90422 0.0406113 1.02714 186 190 195
4.17556 0.0885472 2.00616 181 186 190
-0.0340303 -0.0301582 0.0798952 166 124 87
0.0951239 0.013574 0.154265 190 160 122
0.0943525 -0.00671146 0.150827 170 136 100
0.0163085 -0.0392654 0.103002 122 134 144
0.00819978 -0.00148061 0.105077 198 159 116
-0.00267368 -0.0367012 0.0932812 136 100 64
-0.0172674 -0.0263524 0.0850721 170 136 102
0.138093 0.0507792 0.214033 189 155 118
0.127026 0.0363262 0.162253 186 148 110
0.00383711 0.0659384 0.113716 211 169 127
0.026565 -0.0309721 0.105901 152 121 90
-0.000743368 -0.0171474 0.0974085 180 140 100
1.18383 0.687593 1.15089 196 154 118
-0.0149571 0.0346054 0.105225 212 171 127
0.0118694 0.0425361 0.121737 206 164 120
-0.0274408 -0.034997 0.0805956 144 106 73
-0.0131617 0.00862589 0.0982866 214 177 133
4.74169 1.39039 2.79256 188 156 118
0.0501007 -0.0268829 0.129886 169 134 101
-0.0127574 0.0352309 0.109109 214 170 126
0.0971715 -0.0319217 0.160455 153 164 176
-0.0291476 -0.0418295 0.0782961 114 118 126
-0.0132436 -0.033673 0.0791238 11 12 12
0.0878004 0.00205568 0.149269 180 144 107
-0.00614461 -0.0424787 0.0898679 102 114 124
0.0746105 -0.0280717 0.136692 161 129 99
-0.00320122 -0.0293191 0.0942908 162 128 92
0.0625249 -0.0188423 0.128108 166 131 96
-0.0178795 -0.0312377 0.0864153 167 136 102
0.17832 -0.0394702 0.182167 174 178 183
-0.0361798 -0.0424594 0.0784738 114 120 126
-0.0106072 -0.0410453 0.0907731 104 116 124
-0.0204084 -0.0266837 0.0846523 165 130 94
-0.00290847 0.00418889 0.106716 195 152 110
-0.0211922 -0.014997 0.0900628 198 160 118
0.00100387 0.0157837 0.107845 200 156 112
-0.0347128 -0.0307326 0.0796368 170 130 94
-0.0214718 -0.0157426 0.0883351 188 142 101
0.0387136 -0.0277861 0.115567 158 123 90
-0.0320669 0.0257892 0.0924572 214 176 128
-0.0194834 -0.0398632 0.0832258 101 108 114
-0.00405413 0.0307258 0.11331 214 174 130
0.0751009 -0.024724 0.13193 167 136 105
0.0134582 0.0520534 0.123254 212 173 130
-0.0230855 -0.0083851 0.0907484 200 159 115
0.00946102 0.0122441 0.114255 202 164 121
-0.00154757 -0.0314548 0.0962881 158 122 88
0.0224614 0.00220448 0.109676 190 148 106
0.175958 0.0915638 0.237963 196 163 126
-0.0174859 0.0335441 0.109818 209 166 124
0.0271139 0.00775812 0.141175 188 151 112
0.00869946 0.0184388 0.11493 206 165 122
-0.00676485 -0.0281821 0.0900137 160 128 94
-0.0344006 -0.0094386 0.0827419 199 154 105
0.148191 0.0761944 0.212633 197 161 124
-0.038283 -0.0409942 0.0784905 95 100 102
-0.0171039 0.041551 0.0963462 214 174 128
-0.00999182 -0.00225739 0.0997925 196 152 110
0.374761 0.1075 0.357049 190 155 120
0.0271595 0.0816753 0.133096 214 172 129
0.00779529 0.0232934 0.113655 202 156 112
0.0322943 -0.0372615 0.106076 120 133 142
-0.0375202 -0.0146187 0.0803477 204 167 122
-0.0357335 -0.0278673 0.0779697 169 128 84
-0.0302489 -0.0279966 0.0815045 167 126 90
0.019158 0.0505811 0.128807 213 177 131
-0.0329619 -0.0410834 0.0769062 131 137 146
0.0144988 -0.031427 0.0990465 153 120 88
0.00785844 0.0528267 0.124117 209 168 127
0.0373055 0.0297389 0.111191 197 154 109
-0.00182648 -0.0357696 0.093082 138 100 68
-0.0372474 -0.0175254 0.0798114 196 155 110
0.0972853 0.0472027 0.170089 190 148 107
-0.0405751 -0.0206551 0.0788363 192 150 104
0.756866 0.0401741 0.507042 162 172 182
0.0844516 0.171361 0.187132 224 187 149
0.270142 0.129951 0.335404 194 160 123
0.0145659 0.0200361 0.118412 204 166 123
5.14564 0.0367674 2.43335 182 186 192
0.123858 -0.0191586 0.162955 162 131 100
-0.0336008 -0.0146158 0.0821084 196 156 111
0.081319 -0.0292944 0.142101 141 136 138
-0.000872436 0.0395991 0.109568 208 164 119
0.157345 0.0407448 0.197863 188 154 116
-0.0147589 -0.0195516 0.0952857 192 156 116
0.0179052 -0.0148337 0.106488 178 140 102
0.0433757 0.169567 0.176624 218 178 138
0.0409468 -0.00451634 0.122635 182 146 109
0.00682118 -0.0105357 0.103723 185 144 102
0.0112425 0.0962147 0.132653 208 165 124
-0.0300624 0.00354995 0.0861826 216 164 108
-0.0177998 -0.0217453 0.0880367 186 147 110
-0.0389385 -0.0306565 0.077047 162 120 77
0.0561319 0.000214431 0.138471 188 152 115
-0.0215064 -0.00429796 0.0844579 203 166 120
0.218553 0.113321 0.292733 196 164 126
0.087134 0.056232 0.157537 200 159 114
-0.0374406 -0.0365243 0.0775319 138 87 46
0.162742 0.0599518 0.222554 187 154 116
-0.00799664 -0.0348377 0.0921689 150 116 82
0.0693098 -0.016981 0.144428 165 128 94
-0.0118956 0.0507369 0.105186 212 172 129
-0.00619571 -0.030543 0.0894341 160 127 96
-0.00690588 -0.0322224 0.0904228 154 123 90
-0.0177098 0.0349321 0.107028 214 172 129
-0.0319268 -0.0236203 0.0825217 180 136 96
0.0137015 0.00372136 0.110244 191 149 106
-0.0104684 -0.010703 0.0938145 193 152 112
0.0159928 0.00710868 0.111546 196 155 111
0.0593325 0.021012 0.13297 126 114 109
0.0486955 0.0226191 0.135644 40 38 38
0.0334328 -0.0337436 0.109152 150 116 84
0.0449968 0.00995853 0.120345 84 58 49
0.0598946 0.0246153 0.142769 134 104 71
0.0328902 -0.0344606 0.108663 127 114 104
0.142215 0.0609242 0.207247 185 148 112
0.0309518 0.0149051 0.134538 186 145 102
0.0731664 0.0241232 0.139186 54 30 20
0.0641702 0.0236393 0.136258 62 48 46
0.0948671 -0.00141364 0.151636 172 138 102
0.0097894 0.00339213 0.110705 188 144 102
0.299641 -0.00842073 0.260949 151 160 168
0.0677995 0.0198565 0.134114 65 41 34
3.54717 0.0982807 1.87334 176 178 180
0.0287074 -0.0335679 0.104863 135 99 72
-0.0133597 -0.0170449 0.0929578 182 140 100
-0.0128104 -0.0176509 0.0933934 183 143 103
0.0463321 -0.0304209 0.117686 155 122 94
0.0676803 0.0229432 0.135951 58 33 20
0.042538 0.00898875 0.139771 126 94 64
0.0369974 0.0117368 0.13666 110 80 52
0.0298852 -0.0286371 0.109418 156 122 90
4.39524 0.0510658 2.22904 180 182 185
0.0707053 0.016966 0.13666 72 50 46
0.0361666 0.0087482 0.136403 111 80 53
0.0628013 -0.0315173 0.125616 118 127 135
0.155874 0.0733607 0.216428 194 159 122
-0.00988338 -0.0198764 0.092064 180 142 106
0.0587281 0.0185531 0.128971 64 35 25
0.357053 -0.00558581 0.285897 162 170 178
0.171619 -0.0281117 0.179884 158 160 162
0.0291299 0.0242108 0.119935 192 149 106
-0.0102194 -0.0162972 0.0946228 180 141 101
0.0262287 0.0150011 0.122179 184 144 109
0.0539506 -0.0296419 0.123164 152 120 89
0.0622399 0.0229735 0.147579 114 84 56
-0.000454695 -0.0216622 0.0984502 173 134 98
0.103484 -0.000266552 0.154497 174 140 104
0.111276 0.0535849 0.187567 193 158 121
-0.00740493 -0.0156886 0.0957024 191 154 116
0.117725 0.00761297 0.171683 184 154 116
0.0608302 0.0203908 0.133415 56 32 18
0.366276 -0.00234264 0.296413 162 170 176
0.138769 -0.0177846 0.172108 162 130 101
0.961806 0.0357447 0.608562 178 182 189
-0.00592884 -0.013358 0.0973378 187 146 106
0.285301 -0.0167377 0.246973 159 162 168
0.0734772 -0.0319626 0.131635 140 148 155
0.27395 0.101776 0.300278 186 152 116
0.0306052 0.0133483 0.121372 194 156 112
0.0942774 -0.0121033 0.151927 166 129 96
-0.0102159 -0.0180282 0.0933053 182 143 106
0.382151 -0.00388442 0.301442 167 173 180
0.0944205 -0.00150277 0.157802 186 153 116
0.128028 -0.0209045 0.165561 167 138 111
0.0233529 -0.0293203 0.106599 162 128 96
0.104322 0.00709416 0.164332 181 144 107
-0.0303745 0.0258832 0.0931375 214 174 128
0.168368 -0.00887135 0.170056 168 135 104
0.0337766 0.0233345 0.12308 196 155 114
0.0487493 -0.0308305 0.120539 156 124 94
0.013094 -0.032285 0.0989114 142 110 79
0.114848 -0.0168938 0.173758 168 136 104
0.0163103 0.0294712 0.113184 215 181 136
-0.00227168 -0.00592489 0.102166 193 152 110
0.166133 -0.013772 0.170723 160 128 98
-0.00977634 -0.00978733 0.0977901 198 158 114
0.207862 0.101367 0.251915 194 162 124
0.0469599 0.00384544 0.147579 192 158 120
0.00842459 -6.53447e-05 0.107447 192 152 109
-0.0195311 0.00843529 0.0966916 207 162 110
0.0527622 -0.0343858 0.120875 122 131 138
0.590915 -0.0367246 0.364181 174 176 180
0.0129976 -0.0374366 0.0975657 108 118 128
-0.0126397 -0.0312513 0.0856511 154 120 88
0.0799832 0.00770825 0.145339 188 154 118
0.103414 0.0467116 0.177966 194 160 120
0.118265 0.00255347 0.148253 166 130 94
0.023298 -0.0282496 0.106765 157 122 89
0.0381779 -0.030605 0.113489 156 124 93
0.0266649 -0.0293047 0.106511 155 123 92
0.162134 -0.014048 0.176753 162 133 102
0.0818583 -0.0280925 0.136466 138 134 132
0.0286513 0.0129536 0.139886 194 156 118
-0.0119716 -0.0307096 0.0871147 164 132 99
0.00522843 0.0524346 0.118921 220 178 135
0.0549102 -0.0136474 0.131434 173 138 102
0.0257428 -0.0323632 0.105307 148 117 88
0.000379057 -0.0293324 0.0948241 164 130 96
0.0210706 -0.0272218 0.106773 164 130 94
0.0166868 0.0292997 0.114349 204 160 110
0.106697 -0.0107953 0.171345 172 136 102
0.00677545 -0.02284 0.101597 173 136 100
0.166393 -0.0273381 0.178615 156 158 161
0.0217718 -0.0299807 0.102964 153 121 90
-0.000587831 -0.0193346 0.100396 189 154 117
0.091416 0.0319148 0.161032 116 84 56
-0.00925816 -0.0203336 0.0929394 180 141 103
0.0222924 -0.0295122 0.105332 158 126 94
0.00847579 0.00520977 0.112687 196 158 116
0.329068 -0.0238293 0.258359 176 178 182
0.0230494 -0.0272926 0.107108 162 128 93
-0.000269617 0.104574 0.120779 206 166 124
0.000232609 -0.0314777 0.0925211 151 117 84
-0.0111135 -0.0147508 0.0945308 185 144 104
0.823079 0.0332283 0.538146 157 160 166
0.314698 0.152185 0.329091 196 166 129
0.273834 -0.0125204 0.248111 156 165 173
0.0364234 0.0099768 0.136724 110 78 50
0.129328 0.0713872 0.203003 192 152 113
0.0423465 -0.0342475 0.11464 117 126 134
0.0313993 0.0848804 0.13907 212 172 130
0.00392414 -0.0325881 0.0942377 141 106 72
0.0776902 0.00106614 0.149779 191 161 123
0.0492581 -0.00310962 0.130536 184 148 112
0.0624633 0.178395 0.177805 217 178 138
0.0798744 0.00547425 0.143232 191 162 126
0.309928 0.109667 0.31418 190 158 120
0.481857 -0.0109461 0.344265 180 182 188
0.0781791 -0.029299 0.133217 132 139 147
-0.0106878 -0.00678879 0.0970672 190 147 105
0.131823 -0.0301448 0.15964 143 146 148
0.0231973 0.0217426 0.123674 202 168 126
0.0252494 0.0209238 0.123997 195 156 110
0.00412164 0.0222283 0.123968 202 163 120
0.0421983 -0.038425 0.10929 128 136 143
0.397375 0.14492 0.372984 190 157 120
0.160039 0.0361951 0.205661 190 158 120
0.0199311 -0.0311577 0.103517 154 122 92
0.119593 -0.0120357 0.173118 169 136 104
0.078529 0.00307345 0.148809 188 156 118
0.0791329 0.00233825 0.150429 190 158 120
0.113264 -0.00982898 0.163961 174 141 108
0.0235885 -0.0376361 0.102419 116 126 136
-0.00169546 -0.0181965 0.098597 184 145 106
0.1823 -0.0349475 0.178661 163 166 168
0.000837878 -0.0145396 0.0999919 178 136 98
-0.018385 -0.0108511 0.089923 188 150 106
-0.0249088 -0.00858797 0.0893436 200 156 108
0.115969 0.0306073 0.181236 186 153 115
0.0483007 0.00102862 0.130929 193 160 122
0.251221 0.116978 0.281925 196 163 126
0.122321 -0.000599407 0.152106 168 133 96
0.0759002 0.0102382 0.146469 186 150 114
0.158931 0.0736702 0.221053 191 158 120
-0.0215293 -0.00439596 0.0920937 196 150 104
0.0852926 -0.00761511 0.149229 182 146 110
0.867049 -0.00759866 0.524297 182 184 188
-0.0169907 0.0385309 0.102693 204 164 121
-0.0164207 -0.012976 0.0923339 193 154 113
0.132767 -0.0154966 0.168745 170 138 107
0.0414275 -0.02795 0.115942 158 124 92
-0.00713246 -0.0097475 0.097898 192 152 109
0.0186413 -0.0327912 0.102928 150 118 88
0.274533 -0.0366064 0.222971 174 177 181
-0.00332774 -0.00866272 0.100017 194 152 110
0.0348628 -0.0244326 0.115012 164 128 93
0.0559912 -0.0181573 0.12776 174 138 103
-0.00172585 0.0264596 0.110152 207 166 118
0.165028 -0.0232052 0.182488 155 162 172
-0.00589503 0.00503839 0.10423 200 158 114
0.0473018 -0.0128557 0.125481 180 144 108
0.0635693 -0.0234838 0.129589 163 128 94
-0.0142455 0.0349262 0.107089 214 172 128
-0.0230632 -0.0192941 0.0860719 183 140 100
0.0213085 -0.0337713 0.102368 138 104 75
-0.0217186 0.000481292 0.0932265 208 164 110
0.0115262 -0.0333208 0.0983099 144 110 80
0.150453 -0.0113335 0.171173 178 144 112
0.0072291 -0.037114 0.0950249 102 112 120
-0.0285772 0.0206369 0.094186 212 172 125
0.0111078 -0.0167391 0.10556 178 140 102
-0.0166894 0.0120133 0.0992425 208 163 114
0.0442429 0.00537804 0.148343 187 152 116
-0.0328809 -0.0049112 0.0881828 206 162 106
-0.0113977 -0.00659026 0.0979354 190 148 106
0.000115031 0.0989148 0.117465 206 162 120
0.0207043 -0.0364131 0.101736 113 122 133
0.0331336 -0.015661 0.116719 180 143 106
-0.00599415 -0.0312075 0.090945 164 130 97
0.0136104 0.0465809 0.123887 212 168 126
-0.020635 -0.013943 0.090512 190 152 108
0.36225 -0.0245406 0.271553 180 183 187
0.160328 0.335669 0.244419 214 176 134
-0.0129809 -0.0161844 0.0912189 186 146 106
-0.0280461 0.0252762 0.0969075 207 167 124
-0.025953 0.0270207 0.0971191 212 172 127
0.0134717 -0.0282264 0.100589 157 123 87
0.0890102 -0.01342 0.146529 169 134 100
0.421128 0.199804 0.403915 190 156 119
0.0402418 -0.0363119 0.113659 128 137 146
0.0270031 -0.0074724 0.11769 195 163 124
0.241006 0.132699 0.27842 196 162 125
0.208657 0.0395646 0.222255 183 147 111
0.0724617 -0.0293254 0.131602 136 132 131
-0.0120089 -0.0081392 0.095478 191 148 106
0.0608877 0.00466342 0.147315 188 154 117
0.495794 0.246002 0.454132 196 165 128
-0.0199839 0.00409443 0.0953587 206 162 108
-0.00756011 -0.0235499 0.0916965 174 137 101
0.0772271 0.0131156 0.153518 193 159 122
0.273548 0.0760344 0.280888 183 147 109
0.0166994 -0.0234891 0.106679 168 134 97
0.0393889 -0.0216576 0.118216 168 132 96
0.0241813 -0.0281864 0.106254 158 124 92
0.0748766 0.0117822 0.146581 192 160 122
0.0978655 0.00854704 0.140854 183 149 112
-0.026233 -0.000947636 0.090555 206 162 106
-0.0106044 -0.00804759 0.0971802 194 152 110
-0.0239037 0.00658571 0.0959479 207 160 112
0.0192842 0.026634 0.119495 202 157 111
0.198992 0.0641349 0.240634 190 156 119
0.142242 0.0389654 0.197729 190 156 120
-0.0232009 0.00202616 0.0926583 210 164 110
0.0202496 0.0322445 0.123021 216 186 144
-0.00038926 -0.017272 0.0998639 186 147 108
0.0307306 -0.0334694 0.107306 144 114 83
0.0497574 0.00206769 0.149523 191 157 120
-0.0181901 -0.0118723 0.090437 190 148 104
-0.0212571 -0.0137853 0.0890472 187 146 103
0.00846553 0.0444203 0.120159 216 180 135
0.02519 0.0365072 0.13068 201 159 114
0.00648523 -0.024748 0.0998564 173 138 102
-0.0212317 -0.0175322 0.0889696 184 143 103
0.28061 -0.0331966 0.226972 180 182 186
0.0058115 -0.0294946 0.0954312 152 118 86
0.0288393 0.0274096 0.113995 196 153 109
0.0462787 -0.0216621 0.121009 164 128 92
0.0147207 -0.0278375 0.102326 160 124 90
0.0295134 0.0656641 0.136437 210 168 125
-0.00390108 -0.0305484 0.0891381 158 126 94
0.0859183 -0.00969649 0.144967 170 134 99
0.00663433 -0.0177661 0.10336 188 152 114
0.0263011 -0.00137328 0.11643 79 58 52
0.0305355 0.0047976 0.12499 77 51 30
0.0352354 0.00831385 0.134358 114 82 54
0.0296493 0.00210278 0.123496 48 26 14
0.0262681 0.00701732 0.128586 112 80 52
0.0257624 -0.00251358 0.111544 138 106 76
0.0297586 0.0119801 0.127751 49 34 25
0.0258467 -0.00383986 0.111635 184 145 104
0.0465792 0.00459825 0.148631 187 151 112
0.0310845 0.0229591 0.122768 188 147 103
0.0225961 -0.00464375 0.11706 126 100 78
0.0210656 -0.00245298 0.114567 66 46 39
0.0306013 0.0268469 0.118785 199 160 116
0.0257964 0.0311496 0.119116 198 156 110
0.177708 -0.0205971 0.185089 154 160 168
0.0310036 0.0232026 0.131753 197 156 110
0.0316575 0.0300655 0.120547 199 159 114
0.125325 0.00442053 0.15404 170 135 98
-0.00923904 0.0280512 0.115307 204 159 114
0.106781 0.0099423 0.147171 180 142 105
0.06052 -0.00358587 0.155401 188 152 115
-0.00595516 0.028173 0.113541 206 164 118
0.0242927 0.0227737 0.122638 200 166 124
0.0507159 -0.000461564 0.150302 191 155 117
0.0324362 0.00721204 0.131929 113 83 54
0.0343649 0.011793 0.134445 112 82 52
0.0232149 -0.00193787 0.115801 78 58 50
0.0363438 0.0216616 0.12513 194 156 113
0.0336159 0.0173112 0.122722 184 144 102
0.129718 0.00571218 0.154403 164 130 93
0.0295694 0.0102125 0.129563 110 78 49
0.0150094 0.0256205 0.118188 196 154 107
0.0861206 0.00393049 0.149407 182 146 108
0.123432 0.00506303 0.150105 166 130 94
0.119011 0.00319277 0.156344 167 133 97
0.0246854 0.0370524 0.109978 208 170 122
0.129365 0.00348077 0.152291 171 137 100
0.0309433 0.0100377 0.137235 192 156 116
0.0766898 0.00352835 0.15019 186 154 117
0.0322472 0.0277857 0.118692 196 156 112
0.147305 -0.00213488 0.164453 173 140 106
0.158373 -0.000391141 0.157133 162 128 93
0.0264721 0.00382582 0.11828 56 30 18
0.0265059 0.00160368 0.116847 73 50 44
0.0324258 0.018907 0.132946 216 219 224
0.0793445 -0.000450431 0.150243 182 146 109
0.0224559 0.0348193 0.110757 209 173 128
0.0987635 0.00346609 0.146949 176 140 104
0.0768813 0.00364495 0.149579 189 157 119
0.0199193 0.0282619 0.116886 204 162 117
0.0718296 0.00127073 0.149201 188 156 118
0.0235811 0.0199001 0.125247 200 157 110
0.107752 -0.00036082 0.155393 179 144 110
0.0230517 0.0321007 0.109459 204 168 123
0.0434866 0.0243193 0.120754 192 154 110
0.0145625 0.0295121 0.111871 214 183 142
0.0443647 0.0275673 0.121111 190 147 104
0.103885 -0.0526269 0.175557 190 190 192
0.0521402 0.0252966 0.120893 194 154 110
0.154993 -0.00298369 0.160995 159 124 88
0.0247551 0.0126229 0.12322 103 111 112
0.0546234 0.0263694 0.144909 137 111 86
0.0421673 0.0120727 0.13419 122 93 59
0.0303683 0.0148384 0.122762 207 188 156
0.164481 0.0647702 0.204432 133 102 69
0.0655613 0.0197014 0.131476 63 38 32
0.0913874 0.0257928 0.144242 74 52 46
0.0199082 0.0141143 0.122832 194 183 162
0.0960528 0.0355725 0.170105 112 80 51
0.0346402 0.0047506 0.120732 76 53 46
0.0347324 0.00443099 0.119643 82 60 57
0.0242102 0.0188174 0.130688 198 156 110
0.0761092 0.0191576 0.133286 84 62 56
-0.00693352 -0.0198521 0.0936621 184 145 107
0.0329635 0.0101436 0.126627 160 134 81
0.0311242 0.0130778 0.125725 184 183 112
0.022114 -0.0286604 0.108643 160 126 91
-0.0135596 -0.0179621 0.0935122 186 147 108
0.0268944 0.0207418 0.130615 201 159 114
0.0585412 -0.0299603 0.123097 154 122 94
0.0487611 0.00674654 0.145857 190 158 120
0.0228162 0.0155547 0.123028 200 178 160
0.214875 -0.0125323 0.223184 146 156 164
0.0183434 -0.0243799 0.107782 170 134 98
0.062383 0.0106867 0.128134 148 114 86
0.0313441 0.0197636 0.130782 230 224 219
0.106681 -0.0226808 0.15504 160 130 98
0.140408 0.0611673 0.205138 190 152 114
0.0832202 0.0202251 0.160828 193 159 122
0.028853 0.0145707 0.135136 192 147 108
0.146756 -0.00692681 0.157978 160 125 90
0.0343794 0.0119669 0.140008 192 156 118
0.710538 0.0112377 0.49227 176 178 180
0.0449644 -0.0339035 0.10916 116 126 136
-0.0196143 -0.0221393 0.0865902 177 138 102
0.47633 0.00477454 0.354442 173 176 182
0.0769126 0.00900204 0.14086 184 147 108
-0.00362253 -0.000357418 0.106215 194 156 113
-0.0081886 -0.00869088 0.0986675 196 154 112
0.123038 -0.0149282 0.171268 171 138 106
0.0726936 0.0239523 0.155608 111 80 52
0.0767587 0.00247783 0.149731 192 158 122
0.482332 0.190739 0.432148 184 150 113
0.0336566 0.00435484 0.130985 188 154 116
0.0895245 -0.0063876 0.161782 178 141 105
0.0748643 0.00117231 0.150519 192 160 122
0.101598 -0.00167404 0.154335 178 142 106
0.0287667 0.0137035 0.136035 192 147 108
0.0978638 0.000591461 0.158509 186 153 116
-0.0157407 -0.0199341 0.0868353 180 140 104
-0.0107616 -0.0110108 0.097927 192 152 110
-0.0358377 0.0350616 0.113159 208 164 119
0.0792185 0.0236151 0.148872 189 154 116
-0.0193509 0.0352263 0.107363 212 170 128
0.0357948 0.128996 0.155984 206 160 116
0.041593 0.025801 0.138045 201 158 116
-0.0207577 -0.0143785 0.08966 190 148 108
0.0233768 -0.0301956 0.102511 150 118 87
0.101547 0.00931263 0.13593 182 148 112
0.360229 0.173381 0.340929 193 160 123
1.44776 0.338871 0.911267 227 158 112
0.806409 0.369466 0.634371 192 158 120
0.105417 0.0522476 0.183259 196 162 122
0.100583 -0.0252799 0.150538 148 133 115
0.0879944 0.000474677 0.150494 184 149 112
0.021311 -0.0237151 0.109595 174 138 102
0.00845131 -0.0303887 0.0939841 146 110 78
-0.00642299 0.0133799 0.109633 212 178 132
0.0444131 -0.0322528 0.116605 152 122 92
0.00376848 -0.0304846 0.0936655 150 114 82
0.0228215 -0.0277408 0.10403 158 124 90
0.0775855 0.0408706 0.161908 189 146 105
0.138941 -0.00689746 0.160457 164 130 95
0.0180364 0.0268651 0.116833 204 160 114
0.0294072 -0.0310124 0.104798 152 120 92
-0.0137123 -0.0209201 0.0888137 182 144 108
0.163127 0.0101079 0.19641 180 142 106
-0.037795 0.0177568 0.091173 210 170 126
0.0328389 0.0233818 0.119801 192 148 106
0.0122954 -0.0325176 0.0981624 142 108 77
0.179981 0.0765889 0.230968 192 156 120
0.356948 -0.00959257 0.289085 160 162 166
0.0321991 0.0380625 0.128929 200 156 110
0.098004 0.00378539 0.158337 182 148 110
0.104361 0.0441006 0.17022 112 81 53
0.0261156 -0.0233583 0.109782 166 129 93
0.00352323 0.0380171 0.121183 205 164 120
0.0122319 0.00258578 0.11331 197 156 112
0.107893 0.00875338 0.140278 174 134 98
-0.00671691 -0.0134929 0.0963534 186 144 103
0.0819588 -0.034435 0.131294 151 154 156
0.0733392 -0.0280449 0.130853 154 126 98
-0.00508938 0.0453717 0.119154 213 176 135
0.160276 0.024444 0.201549 180 144 108
0.0815902 0.0176616 0.138701 122 90 68
0.0725353 0.0153664 0.137788 82 62 53
0.100125 -0.00103338 0.15404 176 139 103
0.0746955 0.0339604 0.159555 190 151 110
0.00947256 -0.0311678 0.0946885 140 104 72
0.033626 0.0105882 0.120477 196 164 130
2.38195 0.178406 1.43255 156 159 162
0.253641 0.000124791 0.233508 164 131 102
0.0584828 0.0160758 0.135333 54 30 20
0.590051 0.287283 0.491493 204 170 133
-0.043914 0.0346651 0.111535 214 174 133
0.0130873 0.0268058 0.119249 214 180 138
-0.0114464 -0.0142634 0.088719 183 140 102
0.112866 -0.0250385 0.156512 139 148 156
0.257347 0.0108051 0.245803 176 144 110
-0.0113168 0.044712 0.113855 216 177 134
-0.0421157 0.0369063 0.0989367 206 162 118
-0.00819901 -0.0216076 0.0922258 176 138 101
0.0179711 -0.0356502 0.09599 100 107 116
0.00876913 -0.0169681 0.103374 190 153 116
0.0317633 0.0185618 0.134858 204 162 119
0.0171468 -0.0287486 0.100882 153 118 85
0.24696 0.0497344 0.252471 184 151 114
-0.00419846 0.0299632 0.115278 206 164 120
0.0157915 0.00985497 0.117351 195 158 116
-0.0114543 0.025607 0.109218 208 166 122
-0.0183207 0.028627 0.105896 202 160 117
0.035963 0.00223644 0.11792 87 62 56
-0.0065237 0.0321856 0.113024 214 176 133
0.217913 0.0624114 0.247882 189 154 116
0.240975 -0.00219872 0.235113 168 136 106
0.0256885 -0.0359877 0.103753 115 124 136
-0.0100181 -0.0121351 0.0920927 186 144 102
-0.00884691 -0.0160597 0.0939966 180 140 100
-0.0267152 -0.00199274 0.0890659 206 160 106
0.131798 0.0105809 0.181373 187 154 116
0.128688 0.0132154 0.184122 186 152 114
-0.0160759 0.035362 0.108289 211 169 127
0.018113 0.0323427 0.108206 202 160 108
0.0275415 -0.00631227 0.11675 189 152 111
-0.0333865 0.00200298 0.089945 216 172 117
0.00816701 -0.0143369 0.107146 189 148 110
0.083914 0.0248061 0.157181 189 154 116
0.0573955 -0.034133 0.121922 132 138 144
0.182744 0.000675927 0.206023 167 132 99
-0.00579982 0.047506 0.113382 212 172 130
0.0533921 0.000818473 0.152848 190 156 118
0.0690269 0.0111065 0.134601 184 147 107
-0.0308577 0.0175138 0.0978635 206 162 120
0.133936 -0.0109621 0.174338 170 136 103
0.0424341 -0.0276528 0.118475 160 126 92
0.00917238 -0.0282235 0.0993317 154 118 82
0.133444 -0.00387543 0.153851 168 132 97
-0.0160685 0.0403851 0.0991988 216 178 134
0.59144 -0.0307538 0.405666 184 186 189
-0.00473284 -0.0300645 0.0872883 156 121 90
0.0105999 -0.00253314 0.105445 186 144 102
-0.0336366 0.0571937 0.102172 214 174 132
0.00261749 0.048856 0.118415 218 184 142
0.0466974 -0.00786407 0.129737 182 144 106
0.0393373 0.001614 0.117969 186 142 100
0.00706227 0.0221581 0.115688 214 177 132
0.00954801 -0.0148037 0.103801 182 144 104
-0.0424687 0.0385313 0.0975026 208 165 122
0.0806974 -0.0296267 0.137241 137 144 150
0.00459371 -0.0291329 0.0956125 154 120 84
0.127872 -0.00868365 0.171171 166 133 99
0.0357212 0.00862014 0.142147 177 141 103
0.0659533 -0.0356236 0.121978 132 136 140
0.0314563 0.0125755 0.142853 195 160 122
-0.0315947 0.0599923 0.10721 208 168 126
0.00867545 0.0234738 0.1249 202 164 120
0.0323834 0.0130512 0.136792 184 150 108
0.0346221 -0.0323645 0.108795 150 119 90
0.308682 0.00012075 0.262738 152 161 169
0.00738944 0.00452502 0.107976 196 154 112
0.0255186 -0.032638 0.104541 143 112 83
0.028652 -0.0383449 0.0992922 112 119 126
0.145028 -0.0351681 0.166229 164 166 168
0.180585 0.00928965 0.201848 170 130 95
0.103087 -0.00148765 0.156962 180 143 107
-0.0163107 -0.0108475 0.092456 189 147 105
0.0706265 0.0111441 0.136335 193 157 117
0.00959695 -0.0221403 0.104599 178 142 106
0.311826 0.105711 0.315627 190 156 119
0.00592174 -0.0261716 0.0975494 166 130 94
0.021184 -0.0226654 0.106667 164 128 92
0.125717 -0.000810119 0.170423 176 136 101
-0.000675292 0.0266937 0.118714 214 178 134
0.0787708 0.00227645 0.151461 191 159 122
-0.0176599 0.034716 0.106221 212 172 128
0.101754 -0.0299491 0.143848 151 155 160
-0.0167546 -0.00837748 0.0948014 193 150 108
-0.0413944 0.0168487 0.0901476 208 166 122
0.017522 -0.0389531 0.0981977 114 121 131
0.207462 0.105141 0.255117 198 164 127
-0.00679529 0.0349079 0.107656 204 161 116
-0.0205035 -0.0277939 0.0862529 178 144 108
-0.0190996 -0.0205212 0.0857326 182 144 107
0.037065 0.00660549 0.134893 162 128 92
-0.00382114 0.0243646 0.110168 207 166 121
0.0115171 0.0345235 0.12457 204 165 122
0.0637242 -0.0345591 0.121215 138 144 150
-0.00300962 -0.0311409 0.0921335 155 120 87
0.0285442 -0.00418463 0.116298 185 143 101
0.0958053 0.00301815 0.148616 183 145 109
0.0374622 -0.0312772 0.110286 146 115 86
0.0701085 -0.00834054 0.140428 172 134 98
-0.0117073 -0.0221125 0.0892108 178 142 106
0.0151101 0.00734196 0.113081 195 156 111
-0.00854826 -0.0291078 0.0869593 162 130 98
-0.00926632 -0.00797177 0.0994168 191 148 105
0.0895691 -0.00705796 0.157401 173 133 98
0.105732 -0.011754 0.158735 174 140 106
-0.0300026 -0.00991268 0.0876956 200 162 116
-0.0312815 0.0624113 0.104199 212 171 130
5.82536e-05 -0.0312073 0.0940585 150 116 82
-0.00224538 -0.0356373 0.0889554 96 103 108
0.0486668 -0.0185051 0.12631 169 133 97
-0.0219379 0.0341899 0.113109 215 180 140
0.0588088 -0.0310806 0.123836 138 128 118
-0.00516522 0.0310355 0.112893 206 164 120
0.0843202 0.0146425 0.148042 194 162 124
-0.00137137 0.010565 0.110399 198 160 114
0.16795 0.0670733 0.221548 191 156 120
0.0412951 0.0695766 0.147097 216 180 138
0.0529855 -0.0299908 0.118933 157 128 98
0.0632645 -0.013273 0.135568 178 142 106
-0.0316728 -0.00608894 0.0880544 206 159 105
0.03446 0.0400824 0.134362 205 168 123
0.0286416 0.044314 0.130628 210 172 130
9.3815 -0.189833 5.02815 193 192 197
0.0302879 -0.0351443 0.103222 113 122 131
-0.0160265 -0.0150357 0.0924406 188 148 108
-0.0214321 -0.0144599 0.0891794 190 148 107
0.139877 0.0466324 0.197824 190 156 119
0.0330945 -0.0225398 0.111599 166 129 93
0.453429 -0.00716501 0.341861 179 182 186
0.0822734 0.00592667 0.135433 182 146 110
0.0243463 -0.0370251 0.100676 114 123 132
0.120177 -0.00197204 0.147956 172 136 100
0.230048 0.0940857 0.259795 193 160 122
0.118676 0.00402916 0.169491 178 141 105
-0.0172005 -0.000110806 0.095105 199 153 107
-0.0199417 0.0343431 0.104683 210 172 130
-0.0085208 0.00183879 0.103359 200 158 115
-0.0498393 0.0464187 0.110196 204 160 120
0.0332364 -0.0291434 0.108911 160 127 94
0.147518 -0.0220353 0.178504 152 158 166
0.00747822 0.00181093 0.109215 190 146 103
0.00286711 0.0380696 0.0998936 211 164 111
-0.0528069 -0.00835386 0.0858692 212 170 121
0.0266019 0.0614361 0.137462 211 176 134
0.0919255 0.000463525 0.152361 188 153 116
-0.00880588 -0.0380579 0.0868196 95 100 106
0.0996648 -0.0156866 0.168639 168 133 100
-0.0100402 -0.00582725 0.10033 192 152 109
0.2526 -0.0088574 0.233204 153 162 169
0.0099114 0.0246887 0.120366 199 160 114
0.0330791 0.109838 0.143737 210 166 124
0.0410917 -0.0266037 0.117769 156 122 88
-0.0139928 0.0697116 0.122353 216 175 136
-0.0136055 -0.0240311 0.0870439 170 134 98
-0.0150649 0.0386499 0.0999251 222 188 142
-0.0174862 0.0313412 0.11291 210 172 130
0.0893612 0.0260425 0.152117 193 156 116
-0.0143622 0.0265559 0.109046 212 173 130
0.0026403 -0.0308677 0.0922939 146 111 79
-0.00818975 -0.0206522 0.0908678 178 142 106
0.00237014 -4.1273e-05 0.104432 196 154 112
0.21965 0.0370313 0.231733 189 157 119
0.0066057 -0.0379234 0.0875961 102 106 112
0.143424 -0.00380419 0.178912 174 140 105
-0.0241778 0.0391233 0.105191 204 166 123
0.0497674 0.0063193 0.148107 190 156 119
0.0871302 0.00838128 0.13987 184 148 111
0.0119668 -0.0413548 0.0963283 113 120 129
0.0364174 -0.0270897 0.114035 156 122 88
0.144489 -0.0432519 0.160373 170 172 174
0.00915161 -0.0313334 0.0969881 144 109 77
-0.00382566 -0.0317607 0.0923362 154 119 86
-0.0320318 0.0230782 0.0973246 202 162 118
0.00112369 0.0231956 0.123668 205 168 123
0.0542728 0.107169 0.16049 208 170 128
-0.014441 -0.00914625 0.0951831 188 146 104
-0.00823266 0.0444847 0.11524 207 167 123
0.401403 0.115592 0.350852 190 154 118
-0.0264466 -0.000251638 0.0924235 208 164 112
0.068559 -0.0208388 0.132957 162 126 92
0.0170356 0.0374982 0.127916 206 170 128
0.0300889 0.0100926 0.123873 148 130 59
0.0273736 -0.00130836 0.115915 82 58 52
0.0321768 0.00994268 0.120411 196 166 136
0.0331602 0.00415242 0.116576 93 72 66
0.133443 -0.0464998 0.168303 173 171 172
0.038978 0.00763426 0.139074 136 104 71
0.0287876 0.00640879 0.11442 130 95 68
0.0283309 0.00322919 0.118814 68 44 34
0.157846 -0.0125076 0.165749 155 122 89
0.0296872 0.0133565 0.12058 192 153 109
0.197822 -0.010114 0.181905 143 133 123
0.17466 -0.0188341 0.183192 152 156 162
0.00844226 0.0243967 0.118399 212 181 138
0.0355532 0.00938067 0.139093 118 85 57
0.136417 -0.0066618 0.161863 166 132 96
0.0901961 0.00795832 0.145365 189 162 125
0.01387 0.0246856 0.121631 199 158 114
0.0928335 0.00179987 0.143279 178 141 105
0.124797 -0.0054206 0.159976 170 134 99
0.109928 -0.0015275 0.158485 178 143 106
0.0341308 0.0129529 0.131496 108 76 48
-0.018059 0.0351438 0.112975 220 183 142
0.0875727 -0.000296492 0.153199 185 152 114
-0.0418461 0.0320938 0.112342 211 172 130
0.0687818 0.00474558 0.152426 196 163 125
0.149477 -0.0409529 0.168697 179 177 178
-0.0226325 0.0321139 0.11419 211 174 133
0.149032 -0.0452068 0.173623 184 182 183
0.129886 -0.00831799 0.163723 166 131 98
0.133319 -0.0114405 0.162211 165 130 94
0.106826 -0.0506292 0.181701 190 190 190
-0.0324268 0.0310921 0.116737 218 180 139
0.0805064 0.00103814 0.153518 178 144 106
-0.0226128 0.0301549 0.114327 209 167 125
0.148377 -0.00292519 0.159851 164 129 94
0.0923325 0.0122106 0.137626 180 144 106
0.123899 -0.00312552 0.159479 164 128 92
-0.0293376 0.0393702 0.109978 206 165 123
0.0322519 0.0101116 0.132542 112 82 53
0.147568 -0.0293788 0.18482 170 172 174
0.0401302 0.00636502 0.143479 193 160 122
0.147072 -0.000843063 0.15315 166 133 96
0.0286983 0.000501735 0.120978 58 36 28
0.0930753 0.00247579 0.14913 182 144 108
0.0306643 0.00856186 0.123258 239 222 209
0.170606 -0.00679956 0.162175 162 129 96
0.0307584 0.021774 0.123449 193 151 108
0.164958 -0.0230233 0.179146 158 162 164
0.0324818 0.0129236 0.132354 103 72 46
0.125465 -0.00535026 0.161031 168 134 98
0.0270709 0.00429577 0.119684 58 30 18
0.0320687 0.010111 0.141342 187 148 109
0.0303715 0.000587414 0.11914 73 50 44
0.150261 -0.0169434 0.168261 154 128 106
0.135633 -0.0118183 0.160301 160 128 92
-0.0105915 0.0369878 0.105443 214 172 124
0.112572 0.00782612 0.14349 175 138 102
0.131022 -0.00407805 0.15654 165 132 96
0.00200816 0.0243632 0.121289 210 175 128
-0.00918435 0.0371299 0.104753 210 168 122
0.162709 -0.0183203 0.170017 144 149 152
-0.0124186 0.0359834 0.107553 217 175 129
-0.0126824 0.0339738 0.108807 210 166 117
-0.00447496 0.0298683 0.113803 214 170 120
-0.00225256 0.0274748 0.116878 220 184 137
0.0426069 0.00586495 0.145564 194 160 122
-0.0163929 0.0316187 0.111693 216 180 136
0.0300088 0.00226717 0.117843 83 62 58
0.0311438 0.00700299 0.117779 68 40 24
0.107347 -0.000858006 0.153159 176 140 104
0.0292643 0.00555536 0.12249 156 132 110
0.0296543 -0.00256909 0.11889 91 61 38
0.0963546 -0.00150243 0.153199 170 134 98
0.109013 0.009457 0.139326 173 136 100
0.113627 -0.0151237 0.174068 175 143 108
0.0343818 0.0129408 0.133776 110 77 50
0.0910529 -0.00185988 0.153289 186 151 114
0.0172409 0.0276712 0.115443 203 159 114
0.210917 -0.0158569 0.179401 156 157 160
0.0294427 -0.00161221 0.126197 192 156 116
0.0232791 0.0291021 0.111746 197 154 109
0.094577 0.0062684 0.142335 174 139 101
0.102932 -0.00454556 0.153117 170 133 97
0.0267823 0.00732089 0.100664 186 143 102
0.113445 0.0114269 0.137156 180 144 108
0.113246 -0.013736 0.171908 174 139 105
0.107308 0.00276849 0.153997 175 138 102
0.0958662 0.00296574 0.143657 180 142 106
0.0143087 0.0243867 0.120105 203 160 114
0.214127 -0.0175052 0.180491 158 159 160
-0.00608051 0.0312784 0.111619 209 172 126
0.0429696 0.0260986 0.114622 189 148 104
0.154556 -0.0484695 0.178127 167 164 163
0.0332796 0.0134451 0.129115 125 114 78
0.0370649 0.0127005 0.13847 114 82 54
0.0335684 0.0109317 0.128804 135 110 46
0.0333634 0.0116289 0.12955 112 78 42
0.0364834 0.012972 0.134036 106 76 48
0.0356019 0.0127006 0.136609 106 76 47
0.156132 -0.0470196 0.177217 176 173 170
0.0334274 0.010966 0.119158 186 144 102
0.0349409 0.0136128 0.135021 106 74 44
-0.0225255 0.0380343 0.103735 202 162 119
0.0366966 0.010585 0.128736 199 178 154
0.0270325 0.0217295 0.122448 198 161 116
0.0735684 0.00935068 0.137522 195 161 122
0.142493 -0.051909 0.187368 178 173 172
0.0339871 0.0152674 0.133307 198 214 222
0.0242544 0.0260228 0.11705 197 156 110
-0.0358509 0.0346841 0.113558 207 164 121
0.0363387 0.00710091 0.13076 186 150 114
0.153684 -0.0491254 0.176902 174 171 171
0.0141913 0.0288931 0.119679 206 173 128
0.0247676 0.0130033 0.139359 192 152 110
0.078278 -0.0087874 0.158714 179 141 105
0.0295933 0.0256263 0.121181 198 162 118
-0.0203696 0.0343317 0.111295 215 179 139
0.0247999 0.0212439 0.125629 194 152 105
0.0222047 0.0224019 0.123452 202 167 124
-0.0124139 0.0350408 0.105644 208 168 124
0.0487945 0.00711847 0.142281 188 150 110
0.0265907 0.0159212 0.134422 193 153 110
0.0337129 0.0127305 0.139777 190 152 110
0.0385524 0.00378521 0.120911 83 60 56
0.0834124 0.00898325 0.139611 184 146 108
0.126724 -0.0161254 0.174646 170 137 103
0.146599 -0.0509192 0.18448 176 172 171
0.161857 -0.0451982 0.185222 182 179 178
0.0355483 0.0140123 0.125662 206 200 115
0.0491395 0.00810595 0.145133 198 165 126
0.146986 -0.0514247 0.186457 180 177 174
0.118841 -0.0186226 0.183462 172 138 104
0.123165 -0.0550926 0.202843 195 192 194
0.02768 0.0192038 0.126529 200 162 122
0.148374 -0.0532007 0.188078 190 186 188
-0.0383629 0.0362736 0.109942 202 158 116
-0.00440112 0.0188425 0.133467 203 166 126
0.132847 -0.0124489 0.163136 170 136 100
0.0777332 0.00819691 0.139992 183 145 106
0.0015187 0.0183421 0.134933 198 156 116
0.164162 -0.0233501 0.173818 160 160 163
0.157874 -0.0447419 0.173773 178 176 174
-0.0354389 0.0352002 0.116089 212 170 128
0.160415 -0.0255767 0.177196 162 161 160
0.151083 -0.0281009 0.187338 166 168 169
0.088991 0.00190072 0.145114 180 142 106
0.0097424 0.0198955 0.131925 200 160 114
0.00931318 0.0230534 0.120968 199 158 111
0.0930943 -0.00802011 0.162431 172 134 98
-0.0109144 0.0260949 0.124786 198 154 110
0.0209121 0.0203942 0.127665 198 156 108
0.0964165 -0.00937089 0.164252 168 128 92
0.0247369 0.0213051 0.129592 197 154 108
0.0599246 0.0071076 0.14314 190 155 116
0.0197345 0.0288651 0.11604 203 160 113
0.0299855 0.0103456 0.14264 188 148 108
0.0748868 0.00234803 0.151489 190 156 118
0.0162641 0.0185584 0.139411 201 164 122
0.136847 -0.0606053 0.18125 178 176 176
0.104691 -0.012758 0.165362 167 132 96
0.0375817 0.00941832 0.120167 70 40 26
0.152909 -0.0594033 0.190435 179 176 177
0.157814 -0.0271496 0.183209 170 168 169
-0.00554322 0.0308527 0.114642 209 170 126
0.0117926 0.0262061 0.117396 212 176 132
-0.00533323 0.0284352 0.115132 209 168 124
0.106293 -0.00803949 0.161762 164 124 89
-0.0049787 0.030119 0.114306 209 170 125
0.00662046 0.0245451 0.121918 201 164 116
0.0723296 -0.000294753 0.16338 188 150 114
0.118346 -0.00689436 0.16202 169 132 96
0.017625 0.0284734 0.11673 200 156 110
-0.0325579 0.0332162 0.118141 216 180 138
0.06742 0.00188424 0.146058 193 162 124
0.0157433 0.0240788 0.122412 200 162 116
0.00502414 0.0142626 0.141764 196 160 121
0.0281934 0.0240309 0.121414 198 164 119
0.125396 -0.0603516 0.187549 194 192 194
-0.0154479 0.0347844 0.107725 206 166 122
0.0698114 -0.00353336 0.157486 184 148 110
0.00559104 0.0202667 0.130246 206 170 128
0.0841006 0.00645419 0.137675 186 152 114
0.0186409 0.0263946 0.116251 196 152 106
0.0648105 0.00423604 0.153638 194 160 122
0.0117021 0.0224223 0.12474 203 167 124
-0.038736 0.035458 0.112352 206 166 123
-0.0039693 0.0279749 0.117355 210 176 134
0.100039 0.000733658 0.144125 169 133 97
0.138552 -0.0338612 0.195078 185 181 181
-0.00874763 0.0219757 0.130133 206 166 124
0.034898 0.00912983 0.129408 156 124 88
0.0385896 0.00964918 0.142408 139 105 72
0.0386338 0.00151009 0.129347 189 152 113
0.0425781 0.00778916 0.143902 189 156 118
0.0286308 0.00892051 0.144393 190 154 116
0.0431661 0.00854813 0.142064 178 146 107
0.140094 -0.0117452 0.168719 169 134 100
0.0382944 0.00906728 0.132812 132 99 70
0.0335004 0.0187079 0.124482 188 144 99
0.0741248 0.00305694 0.14973 188 154 116
0.0328291 0.00997465 0.141087 184 146 105
0.0942582 0.00111074 0.148073 177 140 104
0.0181565 0.0324721 0.107066 206 164 109
0.153713 -0.0172415 0.172615 148 138 124
0.122686 -0.0125166 0.17277 168 134 100
0.139575 -0.0535942 0.18017 188 184 186
0.165065 -0.0413065 0.177468 176 174 172
0.0359116 0.00901206 0.134015 110 81 54
0.166268 -0.0192585 0.178844 150 152 156
-0.0172685 0.0338408 0.108971 208 168 122
0.038831 0.00857856 0.140615 120 88 58
0.0308532 0.0259144 0.117876 193 154 108
-0.00867907 0.0310215 0.112943 214 174 127
0.158157 -0.0275414 0.177612 152 149 147
0.0362328 0.0280882 0.111441 193 155 110
0.134037 -0.0430919 0.187064 186 184 184
0.0761481 0.000121319 0.152233 182 146 109
-0.00312236 0.029602 0.114018 203 160 110
0.0221466 0.0295745 0.109619 206 168 120
0.108134 -0.00786448 0.159159 164 126 90
0.0100257 0.0241483 0.121457 200 158 110
0.00585498 0.0263152 0.118367 206 168 122
0.0438394 0.024112 0.117093 190 150 108
0.0912288 0.00111633 0.148602 178 142 106
0.113606 -0.0091927 0.16086 174 139 102
-0.00865908 0.032481 0.109322 220 180 133
0.0988363 -0.0141837 0.174411 172 134 98
0.15532 -0.04107 0.178353 184 181 180
-0.00849775 0.0297372 0.11569 208 167 119
0.0414726 0.0264216 0.113978 188 146 103
0.104335 -0.016743 0.177065 174 140 104
0.000146605 0.0295976 0.114488 213 174 124
-0.00373915 0.0337048 0.10642 218 178 129
0.112025 -0.01801 0.179823 168 134 98
0.0437814 0.00732218 0.141849 192 160 122
0.0919302 -0.00779825 0.158368 170 131 96
0.0711739 0.00349394 0.14997 193 162 124
0.117336 -0.00468783 0.157909 163 127 90
0.0418675 -0.000243635 0.12991 189 155 114
0.165228 -0.0289998 0.181472 172 170 167
0.0951063 -0.00719678 0.161593 170 132 96
0.0350692 0.0035992 0.126311 48 26 20
0.0367202 0.00557923 0.131941 188 153 116
0.0338927 0.0110758 0.122156 188 144 102
0.0356648 0.000452234 0.120908 78 56 50
0.0365315 0.00950431 0.140154 117 84 56
0.0374128 0.00746689 0.136832 122 90 60
0.0364142 0.00582168 0.124054 58 36 26
0.172295 -0.0465623 0.166994 175 172 171
-0.00827769 0.0286116 0.116107 203 162 117
0.0214632 0.0243358 0.117838 204 162 118
0.0412459 0.00811211 0.139764 172 138 102
0.0188747 -0.0220155 0.0891579 155 119 85
0.167485 -0.0441093 0.166993 167 164 162
0.00385035 0.0269874 0.118207 206 168 124
0.0977916 -0.0158062 0.171989 171 135 99
0.0378638 0.00754019 0.118017 92 58 35
0.107077 -0.0124247 0.169683 168 132 96
0.150482 -0.00760999 0.157269 160 126 90
0.0331217 0.00211115 0.125331 46 27 18
0.0878287 0.00106207 0.147581 180 144 108
0.006586 0.0355302 0.103226 216 180 128
0.00222028 0.0274781 0.117032 217 184 138
0.0183061 0.0195076 0.128055 200 159 110
0.136229 -0.0093535 0.160044 162 126 91
0.0196938 0.0308313 0.106124 208 167 114
0.041661 0.00635941 0.143743 196 164 125
0.12081 0.000821329 0.142716 173 137 101
0.106156 -0.00795807 0.163681 168 129 94
0.020367 0.0257755 0.116763 197 154 108
0.0278484 0.00999386 0.142998 192 156 118
0.00888174 0.0253368 0.120016 213 178 133
0.0906908 0.00554352 0.143238 176 141 104
0.00679127 0.0355049 0.101772 214 172 117
0.106308 -0.00680396 0.158244 168 128 93
0.160396 -0.0420062 0.17425 180 178 176
0.114057 -0.000214608 0.145683 172 136 100
0.122699 0.000992253 0.14529 174 138 102
-0.00559419 0.0327459 0.109314 210 174 130
0.10378 0.000263966 0.146418 171 134 98
0.0660463 0.00140328 0.152175 186 152 114
0.112981 0.000209964 0.14924 174 138 102
0.0369907 0.0105033 0.117966 191 150 108
0.00443504 0.0271664 0.121054 207 171 126
0.10631 0.00400192 0.141878 174 138 102
-0.0182465 0.0360301 0.106541 209 168 127
-0.00773343 0.0382325 0.104259 212 172 130
0.0285247 0.0197346 0.131027 194 152 107
0.161449 -0.0447839 0.171879 178 176 172
0.153213 -0.0168277 0.168084 150 132 118
0.111431 0.00687954 0.139989 178 142 106
0.136139 -0.040476 0.185899 184 181 180
0.101731 -0.00963037 0.171241 172 133 98
0.127684 -0.00619516 0.156153 175 141 106
0.164935 -0.0470447 0.168503 175 172 172
0.096382 0.00193816 0.147057 178 141 104
-0.0159935 0.0379336 0.101594 202 162 118
0.00386755 0.0359639 0.102947 204 160 108
-0.000959511 0.0268286 0.117493 216 183 138
0.0186302 0.0341833 0.104443 209 163 108
-0.0109266 0.0426582 0.0983287 216 180 136
0.0367449 0.0139801 0.123535 180 136 95
0.0324013 0.00528288 0.131173 144 108 72
0.166317 -0.0215768 0.182241 146 146 146
0.0357531 0.00654132 0.132333 153 119 82
0.172153 -0.0232283 0.18397 153 152 148
0.0276141 0.022312 0.121654 196 160 115
0.123315 -0.0326791 0.189933 170 168 164
0.119331 -0.0528978 0.173591 188 180 176
0.0407803 0.0182895 0.125506 190 148 106
0.0336781 0.0100562 0.133369 112 82 53
0.0315408 0.00332277 0.126811 190 153 116
0.139889 -0.0275361 0.18222 167 167 165
0.029074 0.00420687 0.121188 46 23 14
0.120681 -0.0256803 0.193677 146 150 150
0.125895 -0.0505881 0.176006 190 184 180
0.0384418 0.0101943 0.13968 110 80 50
0.0346066 0.00648566 0.136744 122 89 58
0.0302911 0.0111858 0.133195 111 79 48
0.0189159 0.0186278 0.129829 196 152 104
0.0340546 0.0180852 0.123939 184 140 98
0.0966869 -0.0585427 0.177427 181 176 174
0.117154 -0.0283078 0.193999 163 166 170
0.0233714 0.0164537 0.128819 196 154 106
0.0423274 0.0102469 0.144916 160 126 89
0.115439 -0.0517057 0.175488 188 182 178
0.0561718 0.0209324 0.125882 182 144 106
0.176075 -0.0252129 0.182 150 146 142
0.0179918 0.031233 0.117028 199 162 114
0.0440452 0.0181523 0.127624 182 142 100
0.121851 -0.046425 0.179163 184 180 176
0.0869922 -0.00827108 0.160599 175 138 102
0.127747 -0.0507135 0.181367 177 170 168
0.146809 -0.0268414 0.187866 158 158 156
0.0976242 0.00349479 0.148689 175 138 102
0.0517107 0.000390589 0.152512 186 150 110
0.0756771 -0.0068592 0.145972 174 137 101
0.0268722 0.0229434 0.122256 196 160 115
0.122653 -0.0344177 0.19287 161 158 153
0.145633 -0.0272788 0.189108 166 166 164
0.111263 -0.0550572 0.176451 190 186 184
-0.00657604 0.028463 0.117969 216 178 132
0.138026 -0.0208022 0.206767 168 134 97
0.0607943 -0.00952728 0.157433 178 139 102
0.015851 0.0284019 0.117684 192 150 102
0.0324145 -0.000497643 0.122642 78 57 46
0.14658 -0.030051 0.185849 160 156 152
0.0363742 0.00815871 0.142723 194 158 118
0.0565675 0.00221089 0.143932 188 154 114
0.0275058 0.0147306 0.130846 206 210 212
0.117099 -0.049071 0.176062 176 170 166
0.105332 -0.0176748 0.168803 166 132 96
0.0905044 0.00576517 0.145166 172 136 98
0.0532794 0.018506 0.124843 152 118 86
0.172148 -0.0277751 0.178017 170 165 162
0.0381009 0.0037329 0.143765 187 152 113
0.0692159 0.0165433 0.128591 130 100 78
0.0348248 0.0118714 0.133832 111 80 52
0.170393 0.00733765 0.175284 170 135 98
0.068623 -0.0136203 0.16245 178 142 106
0.0106345 0.0257397 0.111854 196 157 109
0.153344 -0.0210454 0.196285 154 158 158
0.114368 -0.0314809 0.172807 174 173 170
0.100791 -0.00608546 0.154537 168 132 96
0.0184862 0.0213757 0.122879 203 166 120
0.0375564 0.00283781 0.13034 184 148 108
0.0424131 0.00897358 0.144559 180 146 106
0.112429 -0.0416552 0.180756 188 184 181
0.105303 -0.0521546 0.175836 190 186 182
0.0353442 0.0283829 0.126864 196 162 116
0.0171963 0.019333 0.130612 197 153 104
0.0341303 0.00804364 0.128206 178 154 130
0.0894209 0.00716483 0.154959 186 158 120
0.1564 -0.0516059 0.178924 181 175 176
0.0959798 0.000519443 0.161157 184 150 114
0.0418005 0.00530067 0.137422 186 150 108
0.106558 -0.0167854 0.183186 174 140 102
0.0435652 0.00889075 0.13685 182 146 106
0.130267 -0.0203243 0.178558 170 138 104
0.121516 -0.0281077 0.192755 153 156 157
0.0312672 0.0088819 0.127738 164 140 83
0.118589 -0.0523166 0.178698 196 190 186
0.1116 -0.0374736 0.182516 185 181 178
0.209549 -0.0296161 0.191824 174 168 165
0.15087 -0.0296588 0.186287 160 156 152
0.107528 -0.0671656 0.179533 178 174 172
0.148051 -0.0178511 0.17939 165 139 115
0.138169 -0.0209473 0.185532 156 139 120
0.038358 0.0109388 0.133005 120 90 57
-0.00504001 0.0265327 0.117219 215 176 130
0.0533326 0.0173063 0.124277 123 90 64
0.102624 -0.00171055 0.152725 178 143 108
0.0310752 0.000366722 0.125455 188 151 112
0.122567 -0.0201912 0.18529 168 133 98
0.0447258 0.00591978 0.141864 192 156 116
0.106649 -0.00722185 0.157034 162 126 90
0.0199854 0.0220349 0.126642 203 166 118
0.112833 0.00144596 0.149506 169 134 98
0.114561 -0.0290224 0.189851 166 167 170
0.156781 -0.0394029 0.176565 179 174 170
0.00441817 0.0341465 0.111306 206 164 113
0.180387 -0.00101816 0.186925 167 133 98
0.0741795 -0.0013876 0.145016 178 140 102
0.0928851 -0.00462279 0.157211 172 134 98
0.027605 0.0261212 0.11977 198 162 117
0.0996279 0.000788616 0.173531 188 154 116
0.114243 -0.0019019 0.15652 166 130 94
0.194471 -0.0130729 0.183354 138 136 138
0.0152474 0.0234554 0.126046 202 165 119
0.131043 -0.0221448 0.186232 158 139 118
0.136687 -0.0328977 0.181319 178 174 172
0.0823512 0.00427678 0.146888 178 142 104
0.0857219 -0.0166145 0.167492 172 134 98
0.0924133 0.000519345 0.14136 169 135 98
0.0646084 0.00286535 0.147753 196 162 124
0.167901 -0.0299693 0.181492 171 166 162
0.0185865 0.0252753 0.122681 196 156 108
0.122546 -0.059729 0.17116 189 184 182
0.137043 -0.0329665 0.194606 177 173 169
0.014165 0.0311938 0.115613 214 184 140
0.145637 -0.0105695 0.167603 163 128 93
0.0839479 0.00635082 0.166315 185 150 112
0.0179314 0.0260109 0.120259 196 154 106
0.139844 -0.0330482 0.18 164 160 156
0.0267108 0.00241722 0.11896 55 33 22
-0.00991234 -0.0506677 0.095966 190 186 186
0.13668 -0.0303719 0.177035 164 160 156
0.168569 -0.0229708 0.183451 153 152 152
0.141776 -0.0386602 0.177529 174 168 164
0.0560559 0.00553195 0.144452 188 153 113
0.0675632 -0.00439526 0.154094 182 146 108
0.0122539 0.0193072 0.126696 204 166 120
0.152312 -0.0286984 0.180896 158 154 151
-0.0195125 0.0336292 0.106535 210 168 122
-0.00847862 0.041214 0.108195 206 164 118
0.101307 -0.0047671 0.160863 165 127 91
0.111492 -0.0496906 0.178447 188 184 180
0.0300884 0.00689938 0.122939 121 106 97
0.152878 -0.0482243 0.174718 180 176 172
0.150339 -0.0472947 0.176201 172 167 164
0.0297808 0.00146154 0.11746 84 64 58
0.0289002 0.00301767 0.12064 52 30 18
0.0370147 0.0077969 0.139821 139 105 72
0.108032 -0.0734701 0.175704 176 173 170
0.036688 0.00855014 0.139882 120 86 58
0.0295924 0.00601015 0.120496 55 31 19
0.0293659 0.00586779 0.119208 56 29 17
0.035788 0.00841157 0.14082 165 128 89
0.13422 -0.0554908 0.179196 194 188 186
0.127806 -0.0313003 0.194006 162 162 157
0.133674 -0.058051 0.180188 180 174 173
0.029985 0.0192797 0.124925 192 165 142
0.0287041 0.0228886 0.12285 200 162 116
0.0290055 -0.000644729 0.120454 70 50 38
0.110541 -0.0720977 0.174064 194 189 193
0.0240892 0.0224579 0.120795 204 170 124
0.125618 -0.028352 0.194578 159 160 162
0.175454 -0.0202762 0.179673 156 154 155
0.172412 -0.0432605 0.171557 170 165 162
0.0312697 -0.000729516 0.121284 80 56 48
0.0797055 0.0126746 0.132868 192 158 118
0.159022 -0.0491907 0.174502 179 173 173
0.173032 -0.0241878 0.179544 168 164 162
0.103393 -0.0736205 0.168425 190 186 184
0.169555 -0.0442561 0.176867 183 178 174
0.107933 -0.0735611 0.173664 196 191 189
0.158572 -0.0463081 0.170199 174 168 166
0.126524 -0.0716446 0.173648 190 185 182
0.0723591 0.00946527 0.136206 196 162 124
0.142536 -0.0475922 0.173916 186 181 178
0.121787 -0.0675278 0.167443 184 178 178
0.109496 -0.0655014 0.178122 195 191 190
0.127636 -0.0586659 0.174558 188 183 182
0.0512464 0.021297 0.125948 188 146 104
0.113138 -0.0724614 0.165971 191 186 190
0.162757 -0.0276882 0.184675 162 156 154
0.102495 -0.00738627 0.171204 176 136 100
0.173659 -0.0481879 0.16935 164 159 158
0.170434 -0.0453554 0.172856 172 166 163
0.108572 -0.0742746 0.17553 177 172 170
0.101914 0.0020413 0.156461 184 148 112
0.133508 0.00204061 0.155225 169 133 97
0.180073 -0.0418711 0.166373 166 160 158
0.158965 -0.0453337 0.173159 180 176 170
0.10944 -0.0674375 0.178966 195 190 188
0.1036 -0.0106477 0.175855 178 142 106
0.106431 -0.0764129 0.172491 189 184 182
0.165536 -0.0603338 0.173416 190 184 186
0.120067 -0.0247624 0.19452 162 146 128
0.176667 -0.0281134 0.168914 168 164 160
0.189992 -0.0194926 0.176078 153 152 150
0.169516 -0.0291192 0.178839 161 156 152
0.124844 -0.0241376 0.194419 164 150 134
0.0580434 0.00381994 0.148295 190 151 112
0.038362 0.00688209 0.138797 171 137 98
0.0444979 0.00576735 0.14662 188 152 113
0.111043 -0.0156827 0.174487 177 142 106
0.120717 -0.0725443 0.1717 176 171 164
0.151983 -0.0474567 0.171535 178 172 169
0.114139 -0.0737629 0.172878 184 178 172
0.136671 -0.0496172 0.18262 190 185 182
0.02885 0.00809389 0.127015 170 146 90
0.120487 -0.0725833 0.174418 197 193 188
0.130262 -0.0616507 0.171291 192 188 188
0.107165 -0.0751569 0.174347 183 178 174
0.113445 -0.0671276 0.179326 198 194 192
0.164894 -0.0495446 0.171666 177 173 172
0.0311549 0.00924617 0.124181 206 178 148
0.0434161 0.0211163 0.123638 188 146 103
0.164932 -0.0270914 0.182309 158 152 148
0.10387 -0.0736856 0.170543 182 176 171
0.0188637 0.0198625 0.123917 204 164 116
0.149297 -0.0244427 0.190665 160 160 160
0.0329253 0.00441453 0.116527 84 58 50
0.0263234 0.0221002 0.120621 200 164 119
0.132291 -0.0662223 0.171914 194 190 190
0.0587882 0.00447827 0.14728 190 152 112
0.193394 -0.0216669 0.175282 158 152 149
0.0391943 0.0212677 0.121856 194 156 112
0.142383 -0.0517584 0.179578 188 182 182
0.0664627 0.00412959 0.142338 190 156 118
0.12552 -0.0422961 0.185392 176 172 168
0.152759 -0.0321385 0.184763 178 174 170
0.176959 -0.0122799 0.172979 152 126 98
0.126227 -0.0387503 0.188146 176 172 168
0.185287 -0.0219233 0.177511 162 160 156
0.188327 -0.00712803 0.170804 157 124 88
0.109532 -0.00126596 0.161837 177 140 104
0.113197 -0.072817 0.170699 182 176 170
0.164346 -0.0254938 0.192354 169 169 167
0.149219 -0.049316 0.177644 177 172 170
0.0912143 -0.00918842 0.168687 176 136 102
0.108348 -0.0677439 0.179698 179 174 172
0.0929113 -0.0158725 0.175894 178 142 106
0.0130604 0.0264213 0.115121 196 154 106
0.0267802 0.0230107 0.119715 202 164 120
0.132986 -0.0656122 0.173623 190 185 184
0.172168 -0.0173457 0.187786 143 145 144
0.118306 -0.0700337 0.171939 191 188 189
0.0886921 -0.00625964 0.160054 174 136 100
0.0202647 0.0235402 0.120756 204 167 122
0.115194 -0.0751835 0.17261 194 190 192
0.187951 -0.0352092 0.173256 171 166 162
0.0299853 0.0195072 0.126216 211 202 188
0.165381 -0.0171725 0.187994 158 148 138
0.093034 -0.0227472 0.170599 174 140 103
0.128784 -0.0621361 0.174677 179 174 172
0.110327 -0.0522987 0.18452 194 189 186
0.0438567 0.00502558 0.117529 138 108 83
0.157474 -0.0468323 0.171158 177 172 170
0.207675 -0.0259912 0.187249 169 164 160
0.00466088 0.0280949 0.113144 212 180 136
0.0635393 0.00480397 0.150638 190 153 114
0.113695 -0.0596593 0.183728 197 192 190
0.0177058 0.022257 0.120924 203 166 120
0.0705323 0.00434701 0.15177 196 162 124
0.106833 -0.0705713 0.17819 195 191 189
0.11066 -0.0151225 0.169904 172 137 101
0.152283 -0.0611334 0.164277 188 184 184
0.174072 -0.0422304 0.172939 164 158 155
0.140259 -0.0515765 0.173938 189 183 183
-0.0153127 0.0320841 0.109628 214 179 138
0.0277794 0.00223297 0.119082 64 42 30
0.12141 -0.00373013 0.153988 165 129 93
0.133317 -0.0500213 0.170982 188 182 182
0.00309541 0.0297664 0.11279 204 168 121
0.210742 -0.00548395 0.18616 156 122 85
0.155736 -0.0451074 0.174863 184 179 176
-0.00434054 0.0265758 0.117045 215 180 136
0.00262671 0.0267696 0.11534 214 182 138
0.194213 -0.0224085 0.18039 148 144 140
-0.00567395 0.0274356 0.112647 203 163 118
0.208652 -0.0134055 0.179095 150 150 152
0.0175393 0.0260821 0.117821 194 151 105
0.020654 0.024555 0.11987 200 158 113
0.0985616 -0.0149324 0.17748 174 138 102
0.094262 -0.0105531 0.167125 170 130 94
0.0577865 -0.00439223 0.14883 186 150 112
0.13209 0.00198992 0.152866 171 135 99
0.174109 -0.0190165 0.180457 156 156 157
0.195821 -0.0221517 0.173422 164 157 154
0.138665 -0.0506395 0.177621 179 172 170
0.134403 -0.0499963 0.173519 172 166 163
0.109719 -0.0634664 0.183761 186 182 178
0.236972 -0.024724 0.18698 174 167 164
0.104751 -0.0775101 0.174034 193 186 187
0.263521 -0.0616603 0.189824 172 166 164
0.159507 -0.0244267 0.195091 162 162 161
-0.0435584 0.0398877 0.0962947 202 160 116
0.153661 -0.0481574 0.174079 177 172 168
0.0287567 0.0283507 0.108936 194 150 106
-0.045889 0.0382054 0.0950229 208 166 124
-0.046646 0.0386191 0.0966192 202 161 118
0.0325566 0.00739777 0.130495 112 82 54
0.0641816 0.0137088 0.126458 186 147 107
0.18684 -0.0418979 0.162772 168 162 161
0.182425 -0.038981 0.162374 170 164 159
0.0401319 0.00641657 0.14661 194 160 123
0.032027 -0.000811162 0.123338 96 68 44
0.148634 -0.0716931 0.182149 180 175 172
0.14746 -0.0118865 0.148219 156 122 88
0.168715 -0.0280422 0.179555 159 154 150
0.0168892 0.027934 0.108681 207 178 134
0.0288162 0.0284697 0.111123 194 150 106
0.131834 -0.0512959 0.181955 190 185 180
0.185383 -0.0451351 0.177481 164 160 156
-0.0443831 0.0406076 0.0974116 208 166 124
-0.0367296 0.0441262 0.0943496 200 158 116
-0.0428122 0.0419609 0.0979821 206 164 122
-0.0187267 0.0349563 0.0981896 206 164 119
0.0282923 -0.000117034 0.121986 58 36 23
0.184482 -0.0355083 0.158406 168 164 160
0.0254931 0.0222421 0.109848 192 153 108
-0.0468626 0.0386501 0.0973127 206 167 124
0.180797 -0.0472069 0.173613 164 160 156
0.135187 -0.0339196 0.200204 169 165 162
0.173972 -0.0662425 0.174857 186 182 182
0.151429 -0.0774715 0.181081 185 180 178
0.195336 -0.0646511 0.170073 176 168 167
0.00917937 0.0264061 0.113277 204 170 123
-0.0418088 0.0403482 0.0926064 202 161 120
0.130233 -0.00366713 0.143756 168 134 97
0.09916 -0.0163811 0.178173 171 136 100
0.140948 -0.0692879 0.171568 190 186 184
0.14367 -0.0293362 0.193694 174 174 172
0.019364 0.0185021 0.122434 192 150 100
0.185109 -0.0603779 0.168669 172 165 164
0.0302908 0.0178288 0.123126 176 147 118
0.134224 -0.0259754 0.202341 151 154 152
0.119077 -0.0736904 0.184492 178 174 170
0.033747 0.0119083 0.119413 186 142 102
0.193657 -0.0584592 0.162894 175 168 164
0.0269048 0.00384758 0.124668 148 116 80
0.0718197 0.0154711 0.13137 187 148 108
0.0587578 0.0102724 0.121057 184 142 100
0.174059 -0.0770769 0.188767 190 186 186
0.118626 0.0134301 0.143927 170 136 98
0.0108832 0.0281815 0.109196 203 172 129
-0.0443417 0.041123 0.0948076 204 162 118
0.118254 -0.00586818 0.136573 167 133 96
-0.0437728 0.0365877 0.0970853 202 160 117
0.0695626 -0.00725465 0.162144 181 143 106
0.171173 -0.0608196 0.175591 184 180 180
0.154855 -0.0646135 0.153184 179 172 172
0.150223 -0.0466982 0.155558 176 171 168
0.0293483 0.0306004 0.10854 196 155 109
0.0219421 0.0233719 0.111843 192 152 108
0.152577 -0.0383892 0.162524 175 170 166
0.204837 -0.0607859 0.165676 176 168 168
-0.0168306 0.0373139 0.0990067 215 178 134
0.12893 -0.00432159 0.153607 164 130 94
0.0655029 0.016454 0.125381 195 157 118
0.167661 -0.0395078 0.179556 178 172 168
0.174816 -0.0360953 0.160807 168 163 159
0.183191 -0.0668357 0.173585 172 164 162
-0.0468214 0.0374276 0.0960092 202 162 119
0.137629 -0.0287044 0.202698 160 161 160
-0.0313443 0.0453395 0.0926858 209 172 130
0.00978696 0.0255998 0.115874 208 175 129
-0.0182135 0.0364497 0.0987034 214 174 130
-0.042845 0.0397753 0.0998437 200 160 118
-0.0341792 0.0432606 0.0928373 196 152 112
0.10168 0.00628786 0.135145 170 133 96
0.166682 -0.0536259 0.162576 164 158 156
0.1343 -0.0309073 0.193723 176 175 172
-0.0438975 0.0376585 0.0942204 202 158 116
0.0155464 0.0225441 0.121509 204 165 118
-0.0351247 0.0426452 0.0927217 198 154 114
-0.00329772 0.0285306 0.113066 208 165 114
0.141658 -0.064678 0.180395 190 184 184
-0.0435265 0.0371618 0.0995365 206 162 120
-0.0390864 0.0437341 0.0902962 206 164 123
0.0121692 0.034856 0.109181 202 161 110
0.0495296 0.00744058 0.143466 182 146 106
0.0467642 0.0203926 0.124806 195 153 111
0.0510374 0.00472429 0.147054 186 152 113
0.0469589 0.0171278 0.121585 181 139 99
0.0605558 0.0199445 0.125416 190 147 106
-0.0169942 0.0375016 0.0976394 214 178 134
0.174296 -0.0298258 0.181143 162 156 152
-0.0467909 0.0380529 0.0987935 210 172 130
0.137919 -0.0508452 0.185051 194 188 185
0.029682 0.00710601 0.128757 112 82 54
0.0184792 0.0210934 0.129971 195 152 104
0.0112876 0.0303465 0.114062 212 180 136
-0.0155395 0.0400836 0.0945415 206 166 122
0.0986692 -0.00666537 0.169809 179 142 106
0.149834 -0.0666597 0.150592 182 176 176
0.127537 -0.0794131 0.191794 196 193 187
0.138144 -0.0700276 0.167895 184 178 178
0.149856 -0.0423435 0.148707 168 162 161
-0.0416165 0.0385806 0.0988408 200 156 114
0.0614014 0.0144103 0.117346 184 145 104
-0.0255399 0.0390809 0.0933406 196 153 110
0.179915 -0.0451254 0.170851 175 170 167
0.126775 -0.0337299 0.199988 180 178 174
0.00353082 0.0317073 0.0991342 212 174 120
0.17923 -0.0675559 0.162161 165 159 159
0.193787 -0.0276862 0.174029 158 151 148
0.187904 -0.0521273 0.15796 177 172 169
0.158307 -0.0511484 0.18715 172 165 162
0.170039 -0.0467471 0.188582 172 167 162
0.00499645 0.0244546 0.11825 214 176 130
0.199423 -0.0581554 0.172224 178 172 170
0.0501476 0.0205808 0.114316 194 153 111
-0.00872372 0.0346842 0.112573 217 178 130
-0.0444047 0.0383583 0.0992199 205 164 122
0.12141 -0.0106624 0.160555 168 135 100
0.0534838 0.021444 0.11662 192 152 110
0.215753 -0.0370083 0.172281 170 164 159
0.137836 -0.0471355 0.193043 187 183 180
0.13062 -0.0808868 0.193274 186 182 177
0.188798 -0.0425444 0.16136 170 164 162
0.0209064 0.0235608 0.120324 202 166 119
0.0263809 0.0241579 0.127886 204 164 116
0.0271782 0.0209115 0.123848 193 150 105
0.0455062 0.00751942 0.141103 197 163 122
0.152732 -0.0101539 0.149394 156 120 85
0.131977 -0.0261729 0.173456 166 166 164
0.145652 -0.0318271 0.17503 176 172 168
0.183637 -0.0243356 0.197597 168 166 164
-0.0182318 0.0389124 0.0946013 204 164 120
0.184648 -0.0404918 0.162678 165 158 156
0.192849 -0.0151312 0.195975 150 150 148
0.0346416 0.00188581 0.127223 110 78 53
0.191227 -0.059044 0.16132 154 146 144
0.186532 -0.0467123 0.160406 174 168 166
-0.0444119 0.0392034 0.0965133 206 168 126
-0.0453735 0.0397655 0.0985271 210 173 132
0.00895034 0.0236618 0.118381 200 160 113
0.157265 -0.0558029 0.180762 185 181 181
0.139808 -6.38768e-05 0.148426 163 126 90
0.0114878 0.0299983 0.103257 206 163 114
0.0933091 -0.0180377 0.165021 174 140 103
0.184641 -0.0301679 0.177537 170 166 162
-0.0328733 0.050191 0.0907826 206 164 122
0.0147568 0.0270597 0.111425 200 156 110
0.1591 -0.027569 0.201161 172 172 170
0.122567 -0.0555509 0.187936 179 175 170
0.054294 0.0176708 0.119665 184 144 102
0.0168238 0.0303792 0.105425 204 172 126
0.146004 -0.0407187 0.195468 190 186 182
0.138963 -0.0474283 0.189422 188 184 180
0.0514425 0.0113391 0.154715 192 158 120
0.169369 -0.052833 0.17604 182 178 178
0.0307525 0.0213913 0.113132 188 146 103
0.00580497 0.0324802 0.100358 214 176 122
0.145368 -0.0198195 0.184445 158 149 136
0.0312832 0.0207968 0.117017 186 148 106
0.14056 -0.0318735 0.192224 162 158 154
-0.019975 0.0388165 0.0955048 203 160 118
-0.0390717 0.0461641 0.0989168 198 155 112
0.183782 -0.0247074 0.184776 154 150 146
-0.0365636 0.042501 0.0929944 200 158 116
-0.0314519 0.0452699 0.0888782 206 170 131
0.0704175 0.00346687 0.141302 192 162 124
0.158031 -0.0172518 0.151895 150 150 152
-0.0417957 0.0406472 0.0984818 204 163 122
0.1496 -0.0362109 0.181809 184 178 174
0.177111 -0.02288 0.159827 166 158 155
0.106272 -0.00200902 0.133391 170 135 98
0.00428639 0.0288016 0.114474 214 181 134
0.0322477 0.00117579 0.112482 182 144 102
0.200469 -0.0592522 0.162462 175 166 166
0.146335 -0.031449 0.194042 170 166 162
0.121305 -0.0522533 0.183285 190 184 181
0.0310359 0.0239668 0.110342 196 157 113
-0.0318947 0.0458726 0.0948176 199 156 115
0.122343 -0.0756549 0.156268 192 188 188
0.0880912 -0.00662351 0.158629 176 138 102
0.14473 0.00190705 0.154517 162 126 90
0.109224 -0.0725 0.177767 180 174 170
0.105226 -0.0721869 0.172759 184 176 172
0.105442 -0.0679332 0.173715 196 188 186
0.103472 -0.0750162 0.172318 201 195 194
0.0980185 -0.0736591 0.171663 186 176 173
0.103526 -0.0700059 0.165293 188 179 173
0.103526 -0.0744219 0.176631 202 195 192
0.103949 -0.0732027 0.170786 182 173 168
0.0570321 0.00426899 0.134823 198 160 118
0.0989393 -0.0742399 0.16349 196 186 184
0.109458 -0.069045 0.171602 198 192 188
0.0988817 -0.0741533 0.171789 198 190 188
0.102422 -0.0747716 0.173617 202 194 190
0.103155 -0.0677267 0.164801 200 194 191
0.103225 -0.0726258 0.17328 194 188 183
-0.0519725 0.0220059 0.125064 165 134 98
0.0417247 0.0298744 0.112224 202 164 122
0.0449031 0.0272778 0.11564 196 156 116
0.104918 -0.0687899 0.174523 176 168 164
0.103595 -0.0741112 0.17271 191 184 179
0.105798 -0.0716124 0.169295 178 167 161
0.099017 -0.0669915 0.167151 173 164 157
-0.0503128 0.0260708 0.122185 196 158 118
-0.0495816 0.0218543 0.123862 204 171 129
0.0575725 0.0109226 0.132201 194 156 115
0.0359526 0.0269377 0.105317 196 160 120
-0.0385351 0.0416253 0.116999 174 141 108
0.0981964 -0.0705104 0.169903 192 184 180
0.0556015 0.020229 0.127139 186 146 106
0.0570153 0.0120352 0.133787 194 158 118
0.0528626 0.0178073 0.124199 188 147 106
0.0536674 0.0219624 0.124233 194 155 114
0.0415693 0.0282005 0.109717 187 150 111
