ply
format ascii 1.0
element vertex 3096
property float x
property float y
property float z
property uchar red
property uchar green
property uchar blue
end_header
-0 -0 -0 0 255 0
0.0208553 -0.00330463 -0.00614722 0 255 0
-0.0279186 -0.0074536 0.00801335 0 255 0
-0.0233002 -0.0173453 -0.000929708 0 255 0
-0.00948146 -0.00284778 -0.00549688 0 255 0
0.0303531 -0.00496774 -0.0131578 0 255 0
0.0379652 -0.00581464 -0.0155681 0 255 0
0.0281092 -0.00767755 -0.0196193 0 255 0
0.00287543 -0.00936721 0.000253235 0 255 0
0.0656915 -0.00555194 0.16287 91 58 42
0.0645017 0.0127814 0.166091 144 96 94
0.0689475 -0.0163764 0.158579 64 44 38
-0.058581 0.0237855 0.137636 120 27 12
0.0697145 -0.0202926 0.158123 15 9 9
0.010965 0.0154694 0.143152 139 102 92
-0.0203742 0.00850216 0.17649 179 128 106
0.0640514 -0.0254119 0.164555 154 152 101
0.0479814 0.00195496 0.174038 144 119 100
-0.0223907 -0.0075251 0.176186 125 76 54
0.0530225 -0.0361803 0.14704 122 86 64
-0.0200499 0.0113732 0.176915 130 74 46
-0.00485951 -0.0165241 0.173435 86 44 29
0.0549972 -0.00734306 0.177963 96 62 37
-0.0555053 -0.00210425 0.121541 122 13 12
0.0626729 -0.0168289 0.173933 78 62 39
-0.0551629 0.00246014 0.126784 127 14 16
0.077287 -0.00472486 0.167664 95 55 34
-0.0331089 -0.0137157 0.156614 131 80 57
0.0731255 0.00251705 0.166102 130 90 72
0.0610282 -0.0135945 0.168462 110 101 72
-0.0650051 0.00630105 0.123257 130 24 18
0.065514 -0.0207076 0.158554 141 110 96
-0.00674994 -0.0378379 0.164429 42 17 10
0.0491751 0.00743613 0.172253 98 83 67
0.0538042 -0.00721328 0.181568 65 39 18
-0.0523349 -0.020582 0.159677 60 27 21
-0.0510298 -0.0232212 0.157798 52 18 12
-0.0577375 0.0109313 0.130823 60 33 40
-0.0586409 -0.00152095 0.119579 76 17 40
-0.0375017 -0.0289751 0.158885 138 116 78
0.0579575 -0.0191065 0.171843 146 113 92
-0.0240096 -0.0272303 0.185937 140 96 70
0.072436 -0.0553657 0.151968 130 8 9
0.0906752 -0.00468071 0.178603 98 78 58
0.0711669 -0.0588011 0.151956 125 48 30
0.0533093 -0.0425445 0.146103 151 125 112
-0.0529358 -0.00321041 0.129358 132 94 37
-0.0611432 -0.00779819 0.122508 142 16 18
-0.0618307 -0.00662606 0.121717 142 14 16
-0.0507263 -0.0169082 0.159255 58 20 14
0.0648042 0.0118747 0.164695 155 116 112
0.0769639 -0.00557035 0.165141 116 72 50
0.000487235 -0.0329166 0.171806 60 34 13
-0.032152 -0.0237333 0.166937 126 87 55
0.0772715 0.0016283 0.168947 159 126 110
0.0668555 -0.0156158 0.161251 146 92 66
-0.050426 -0.0104838 0.162445 56 20 14
-0.0270984 0.00661957 0.174823 98 50 33
0.0588611 -0.0156438 0.16824 104 84 60
-0.000881828 0.0110479 0.175239 108 72 45
0.0651961 -0.0327625 0.165918 154 152 103
0.0503166 -0.00402432 0.179007 120 88 66
0.0497202 -0.0066558 0.180222 108 74 44
-0.0467305 -0.0201945 0.160151 168 120 95
-0.0504088 -0.0116674 0.162755 48 13 6
-0.0148578 0.00995511 0.17545 149 95 72
0.0497599 0.0122188 0.176819 90 62 43
0.00658768 0.0240823 0.153681 104 69 62
-0.0402116 -0.0146955 0.155134 143 99 76
-0.0125595 -0.00757544 0.170031 188 142 118
-0.0582367 0.00774183 0.127107 36 34 46
-0.0535913 -0.0197198 0.159734 81 38 23
0.0466373 -0.00531881 0.181246 151 142 114
0.0159163 0.00951609 0.139975 142 26 22
-0.0559205 -0.002697 0.122093 124 13 12
-0.0570536 0.00704681 0.128974 24 20 35
0.0734701 -0.000441712 0.16891 146 110 92
0.0579684 -0.00720396 0.173987 124 89 68
-0.00107495 -0.0301349 0.171228 107 62 42
0.0683152 -0.0134375 0.158674 168 124 97
-0.000930532 -0.0276123 0.170994 50 20 12
-0.0450987 -0.0214133 0.158839 160 112 88
0.0193512 0.0213413 0.150665 156 24 25
-0.0564364 0.0142442 0.132252 125 16 16
-0.0614827 0.0117009 0.129756 88 58 60
-0.058428 -0.000205475 0.125091 114 12 13
-0.0125868 -0.0171546 0.16243 118 77 56
-0.0434473 -0.000931086 0.139059 184 138 115
-0.0446486 0.0174965 0.165708 126 83 65
0.0214969 0.0126574 0.14371 116 50 44
-0.0601282 0.00347025 0.124488 120 13 12
0.0619374 0.00531898 0.163728 133 87 68
-0.068925 0.00449674 0.123815 157 104 34
-0.0527856 -0.013136 0.161723 70 33 20
-0.0534805 -0.00186563 0.132928 140 99 37
-0.0526405 -0.0259324 0.160195 64 30 19
-0.046813 0.0136755 0.168403 134 84 66
-0.0386284 0.00793592 0.167376 134 84 66
0.022287 0.0208545 0.14828 124 72 65
-0.0163549 -0.0414507 0.168774 164 104 82
-0.0465218 -0.0288584 0.153314 176 113 88
0.0697989 0.0110359 0.164789 170 149 142
-0.057653 -0.000361475 0.125829 106 9 8
-0.0566916 0.000832888 0.124825 102 9 10
-0.065598 0.0245732 0.142191 132 58 24
-0.00348308 -0.0230631 0.16939 108 62 46
-0.0454293 -0.0305318 0.151863 154 94 77
-0.0242098 0.0125309 0.176403 92 46 33
-0.0590405 -0.0145048 0.121185 102 94 92
-0.0257883 0.00715655 0.172798 87 38 25
-0.0567692 0.0102453 0.130178 113 56 60
-0.0377761 -0.00997113 0.15455 137 84 58
-0.00425604 -0.0221149 0.170499 44 12 6
0.0123779 0.00689846 0.143305 74 22 17
0.0552779 0.0151465 0.172696 138 102 88
-0.0354582 0.0100088 0.166523 152 103 84
-8.03333e-05 -0.0235581 0.169546 44 17 7
-0.0297828 0.0057682 0.167821 148 104 88
-0.0395185 0.000895744 0.165308 143 95 78
-0.0224781 -0.0130922 0.152997 128 80 57
-0.0351435 0.0078963 0.166177 155 108 92
-0.0100378 0.00550315 0.18053 188 138 115
-0.0542288 -0.000339412 0.128265 114 19 15
-0.00248647 -0.0322672 0.170092 41 12 6
0.0632008 0.0175971 0.168627 155 126 114
-0.0628896 -0.00755984 0.12342 146 16 19
0.0664086 -0.0539589 0.153872 118 18 12
0.0757216 0.00264097 0.166851 142 108 94
0.0618094 -0.0458277 0.147721 110 34 18
0.0508661 -0.0362354 0.153246 158 155 104
-0.0255568 -0.00192425 0.17223 79 30 16
0.076211 0.0048558 0.165551 92 48 26
-0.052027 0.0259305 0.144877 142 120 108
0.0841725 -0.0293584 0.175092 164 93 76
-0.0603546 0.0127202 0.129442 108 35 38
-0.0108224 -0.0301834 0.16988 165 116 90
-0.0579314 -0.00654744 0.124379 142 77 78
0.0740775 -0.0575513 0.1527 129 9 8
0.065407 0.0180727 0.171643 152 124 114
-0.0513417 0.0244897 0.154067 145 126 113
0.060121 0.00897578 0.165774 170 146 138
0.0661653 -0.0621775 0.153132 158 153 100
0.0603036 0.00303157 0.165764 144 100 80
-0.0459825 0.00891638 0.165923 158 112 92
-0.0523964 -0.000410056 0.131095 152 109 50
0.0625769 -0.0346324 0.142597 167 142 134
-0.039192 0.0126197 0.167354 102 52 34
0.0538574 -0.000271391 0.17247 158 126 114
-0.054012 -0.0346818 0.157717 46 21 10
0.0528053 0.00218601 0.167389 144 76 51
-0.0464602 0.0265812 0.147124 163 142 133
-0.0345748 0.0037115 0.169113 154 110 94
-0.0511782 -0.011152 0.162468 56 20 14
0.0535452 -0.00159597 0.174398 130 100 80
-0.0595038 0.0282518 0.137107 126 11 16
0.0607695 0.00100145 0.17067 96 52 28
-0.0189951 -0.0398353 0.171873 104 68 42
0.0548853 -0.0573913 0.159072 140 124 100
0.0650222 0.0231219 0.173659 164 142 135
-0.0154857 -0.048596 0.161792 154 150 98
-0.0731768 -0.000168563 0.129706 164 146 127
-0.0550782 0.0179509 0.138003 154 110 98
0.000122942 0.0082065 0.179887 98 56 35
-0.0589232 0.0212867 0.135255 110 26 11
-0.0183634 0.0080126 0.174183 190 142 118
0.0691495 -0.0345904 0.140566 141 118 110
0.0134799 0.00490571 0.14534 121 28 20
-0.0395948 -0.0222164 0.159617 156 114 94
0.010503 0.0258728 0.153499 118 43 40
-0.0563396 -0.0125339 0.121507 160 145 126
0.0842792 -0.0285335 0.178273 138 90 72
0.0682559 -0.0578932 0.148491 143 106 72
-0.0280067 -0.0112532 0.150195 128 82 64
-0.0235177 0.00778208 0.175937 120 66 48
-0.0575793 -0.004658 0.122422 135 82 83
0.0493017 0.0101151 0.174112 114 92 76
-0.0522493 0.0206455 0.142665 150 128 117
-0.0623707 -0.0052525 0.121764 134 16 20
-0.0547229 0.00511403 0.128667 126 14 16
-0.00989555 0.00832689 0.177447 181 132 108
-0.0183641 0.00183647 0.175469 196 152 130
0.0100533 0.0225169 0.151369 138 34 31
-0.0661743 0.00277179 0.125688 110 10 11
-0.0250344 -0.0090633 0.154003 80 38 22
-0.0158927 -0.017528 0.16023 92 44 21
0.081728 -0.00728623 0.169423 78 52 34
0.0802314 -0.0439879 0.152615 123 99 91
0.0600266 -0.00880107 0.175582 107 82 60
0.0563368 -0.0183149 0.173682 119 78 53
-0.0128016 -0.0460983 0.166679 56 26 14
-0.0527217 0.01742 0.140688 158 138 126
-0.0294082 -0.0146364 0.151186 156 99 66
0.0700969 -0.0182633 0.160512 44 30 24
0.0533183 -0.0408966 0.142413 140 114 103
-0.0638975 0.00820089 0.121588 122 22 12
-0.0506699 0.0147715 0.167697 145 98 74
6.23608e-05 0.00609507 0.177176 107 61 46
-0.0406263 -0.0124042 0.158102 126 78 52
0.0702049 -0.0521237 0.148545 122 7 8
0.0721569 -0.0547322 0.153039 124 8 10
0.079313 -0.0141479 0.166459 72 51 56
-0.037661 -0.0133601 0.153737 117 74 46
0.0674189 -0.0127698 0.160152 130 76 55
0.00991633 0.0139436 0.143111 154 28 26
-0.0567674 -0.012014 0.122686 160 146 127
-0.0591366 0.0142384 0.130995 68 23 33
-0.0371308 0.00569952 0.166259 144 98 80
0.0602941 -0.00729117 0.165835 120 94 76
0.0665272 -0.0600365 0.151699 158 152 103
-0.0525858 -0.00598899 0.127477 158 142 122
0.0643942 -0.0318983 0.16981 160 157 105
-0.0067822 -0.017643 0.170335 101 63 52
0.0492914 -0.00734089 0.181234 136 116 88
-0.00277087 -0.0274416 0.169104 83 42 28
-0.0583862 0.019337 0.137325 142 66 32
-0.00231565 0.0112894 0.176807 132 89 70
0.00980846 0.00488928 0.14164 74 20 15
-0.00259186 0.00273184 0.17525 144 105 86
0.0575772 -0.0390675 0.135313 144 113 100
0.0648992 -0.0160145 0.160461 144 94 72
0.0656508 -0.0356365 0.139242 153 128 120
0.0672252 -0.0416963 0.138619 128 82 68
0.0666926 -0.0348916 0.142047 150 126 118
-0.00131087 -0.0201614 0.170443 114 67 46
-0.0187201 -0.0160194 0.155117 116 76 57
0.0643679 0.00237102 0.165858 118 85 65
-0.0389397 -0.000967418 0.165053 138 92 74
0.0654074 -0.0250788 0.158396 106 90 74
0.0634381 -0.0397905 0.138483 160 134 124
0.0634964 -0.021795 0.16302 154 146 108
0.0153469 0.00392172 0.14797 110 38 26
-0.0622883 0.00303507 0.126336 118 10 12
0.0662897 -0.0434419 0.137251 116 38 27
-0.00210687 -0.0192891 0.171346 86 46 32
0.0148819 0.00876453 0.140941 137 23 20
0.0695427 -0.0239407 0.157808 120 76 60
0.00575927 0.0149367 0.153272 124 44 34
-0.0427476 -0.0044869 0.14189 177 131 108
-0.0362684 -0.0183977 0.159276 134 94 78
-0.0558741 -0.00439259 0.120853 136 78 80
-0.0454308 -0.0137839 0.159059 158 112 92
-0.0508852 -0.0036524 0.136292 152 113 67
0.0544734 -0.0156177 0.172217 140 113 91
-0.0258021 0.00293918 0.176816 87 38 26
-0.00830755 0.00325689 0.177362 175 128 110
-0.00540941 -0.0191316 0.169927 100 58 44
-0.0506941 0.0137414 0.137671 160 139 124
0.0224396 0.0154334 0.143877 120 88 80
-0.0424043 -0.00265769 0.14021 182 138 116
-0.0423775 -0.0397128 0.157894 99 90 51
0.0488371 -0.0394598 0.154808 157 152 107
-0.0534509 0.00395811 0.130154 120 24 16
-0.0536627 0.0219219 0.142062 144 124 111
-0.0143069 -0.0322703 0.174042 124 74 53
0.0687347 -0.00837332 0.165918 140 90 65
0.00615902 0.0107631 0.143003 137 44 41
-0.0363606 -0.0118646 0.152879 137 86 64
-0.00881783 -0.0461621 0.167644 55 32 18
0.0642975 -0.0287942 0.163396 157 154 102
-0.0685146 0.00637315 0.122233 164 111 42
0.0657913 -0.0415526 0.134735 110 47 30
-0.0475439 -0.0199631 0.16176 165 116 94
0.0271582 -0.0446744 0.28199 105 104 64
0.0210919 0.0225649 0.150955 146 36 32
-0.0675082 0.00614876 0.123612 154 98 34
-0.0313128 0.0147983 0.169522 92 48 32
-0.0567678 -0.00289791 0.118696 124 19 21
-0.058382 -0.0103226 0.122876 118 18 13
0.0926915 -0.0527363 0.163826 28 26 17
-0.0056175 0.00322554 0.178797 168 126 111
0.0858099 0.000897274 0.17139 136 116 96
-0.0565495 0.00352972 0.123022 126 14 16
0.0187437 0.00802113 0.143501 140 28 23
-0.0428647 -0.0397517 0.155521 104 92 57
-0.0257863 0.00238459 0.176713 86 38 26
-0.050224 0.00949427 0.136226 130 102 77
0.000394315 -0.0311017 0.175949 74 42 28
-0.00210466 -0.0299428 0.169269 84 46 34
0.00753406 0.0162316 0.144666 154 26 25
0.0920579 -0.0543393 0.164466 32 30 20
0.0554509 -0.0476546 0.150327 106 67 36
-0.0133624 -0.0465105 0.167363 53 25 14
-0.00369271 -0.0389586 0.167563 54 30 16
0.00609039 0.00989812 0.143234 148 26 21
0.0577644 -0.0459737 0.273345 112 113 73
-0.0379376 0.00562898 0.165303 144 96 78
-0.0640085 0.000199574 0.128048 78 15 36
0.0583127 0.0011701 0.170965 108 69 48
0.0609667 -0.0109004 0.183318 91 68 50
-0.00369098 -0.0359804 0.167654 38 18 10
0.0628239 -0.0202345 0.161826 130 118 84
-0.0431239 0.0105629 0.165129 126 77 59
0.0864781 0.00571441 0.174557 126 96 78
-0.0499398 -0.0139153 0.160985 42 12 6
0.0708218 -0.0540622 0.149615 125 8 8
-0.0495834 -0.0296045 0.15229 52 26 22
-0.031987 -0.0146805 0.155214 124 74 44
-0.0536232 -0.00874046 0.123419 160 144 122
0.0528033 -0.0567442 0.27626 122 122 79
-0.0435229 -0.00712584 0.167154 136 88 65
0.0482814 -0.0398799 0.142296 98 84 70
0.0712392 -0.0438082 0.141154 132 72 65
0.0837527 -0.000914901 0.172946 157 132 116
-0.0231229 0.00392207 0.178092 144 93 74
-0.0299044 0.0113672 0.166086 106 61 38
-0.0542395 0.0151744 0.136454 130 50 49
-0.00637047 -0.0306332 0.172215 122 74 54
0.0784618 -0.0461288 0.146927 75 55 46
0.0524058 -0.0591552 0.277787 124 124 81
-0.0581315 -0.00442756 0.121265 138 64 66
-0.0486897 -0.0156948 0.161296 162 115 92
0.0656019 -0.0213935 0.164166 130 100 86
-0.00518603 -0.0265244 0.170162 114 68 53
0.0276639 -0.0542512 0.275973 125 124 79
0.0679773 -0.00777628 0.167373 142 89 62
-0.0535966 0.0135261 0.135873 137 60 56
-0.0536563 -0.00828634 0.123722 159 144 123
0.0113258 0.0259354 0.153355 118 44 42
-0.0380054 0.00942507 0.166901 135 84 70
0.0637868 -0.0245041 0.156815 80 66 52
-0.052903 -0.03873 0.158126 64 34 20
-0.0522171 0.00605761 0.133303 142 118 98
0.00738839 0.00643698 0.14161 130 24 17
0.0480787 -0.0400673 0.152229 118 102 65
0.064781 -0.0426367 0.141117 140 106 84
-0.0219722 -0.0157974 0.153449 161 113 92
-0.0587207 0.000996497 0.124098 107 10 12
0.00784448 0.00717339 0.14359 133 28 21
-0.0595927 0.0227622 0.137525 97 9 9
-0.00862856 -0.0330363 0.168498 70 26 11
-0.0170115 0.00769649 0.178205 192 144 123
0.050553 -0.035336 0.152874 158 155 104
-0.0408617 -0.012164 0.15608 122 78 59
-0.0280672 0.00811736 0.168788 119 71 54
0.0230286 0.00644013 0.141748 138 30 21
0.0714558 -0.0515065 0.14758 124 10 10
0.0547364 -0.058165 0.261303 127 126 82
-0.0193924 0.00433768 0.180579 189 143 120
-0.0100233 -0.0111835 0.171687 162 120 105
-0.0390311 -0.0298159 0.155533 137 105 72
-0.0561221 -0.00465229 0.119612 153 123 121
0.0568438 -0.0389624 0.288517 94 96 58
0.068922 -0.0350328 0.138627 76 60 50
0.0604159 -0.04477 0.276456 114 114 74
-0.0590744 -0.00410045 0.118964 102 11 20
-0.00640017 -0.0368685 0.166498 32 10 4
-0.0549994 -0.0105422 0.125124 160 146 126
-0.0680548 0.00392471 0.123491 142 71 28
-0.0505812 0.0071675 0.131245 142 115 94
-0.0486443 -0.0312198 0.15395 42 16 13
0.0686388 -0.0344687 0.145227 150 127 119
-0.048593 0.0243902 0.143867 146 124 112
0.0585499 -0.0559538 0.267705 121 120 77
-0.0592654 0.00404665 0.124326 116 12 15
0.0563208 -0.057061 0.172624 102 69 32
-0.0157402 0.0069381 0.175676 172 122 102
-0.00650619 -0.0260983 0.170932 150 108 86
-0.0505288 0.00621199 0.131094 130 104 80
-0.0434587 -0.00144436 0.140637 178 134 110
-0.0547179 -0.00034742 0.123523 99 13 12
-0.0456815 -0.0209199 0.16038 160 112 88
-0.0603175 -0.0134811 0.122691 94 88 98
0.0155999 0.0111625 0.141016 112 55 47
0.0549502 -8.98672e-05 0.1719 134 98 79
-0.00365753 -0.0400005 0.166758 56 30 17
-0.00504005 -0.0340949 0.16775 66 32 22
0.0499743 -0.0442893 0.155126 90 81 60
0.0021974 -0.0100949 0.183022 146 120 90
-0.0530498 -0.000724485 0.129951 145 102 42
0.058503 0.00859154 0.176418 151 124 117
0.00926855 0.0115194 0.145537 148 23 22
-0.0609631 0.00414865 0.122053 120 10 12
-0.0120208 -0.0485581 0.169322 61 36 18
0.0568291 0.0161895 0.172213 139 104 92
-0.0250923 -0.00242159 0.180365 88 40 23
-0.0472517 -0.00246312 0.137497 140 16 21
-0.0594494 0.00699016 0.122877 102 57 61
-0.0153213 -0.038835 0.170033 182 120 98
0.0527476 -0.0563734 0.167992 133 112 70
0.057288 -0.0435533 0.143993 103 34 18
-0.0519028 -0.0234009 0.1595 54 23 14
0.0851682 0.00391143 0.171569 118 82 59
0.0177249 0.0196933 0.150273 148 71 72
0.0609186 0.0210656 0.187985 165 142 133
0.00484806 -0.00603166 0.190575 144 119 91
-0.0618567 -0.00741591 0.122936 139 14 18
0.0498898 -0.0437284 0.273174 110 108 69
-0.0546693 0.0288972 0.138865 132 10 16
0.0482035 -0.0374126 0.153772 158 154 105
-0.0575757 -0.0029933 0.1169 101 12 22
-0.0639309 0.0275996 0.141655 120 14 19
-0.0471322 -0.0178756 0.161527 172 124 102
-0.0194132 -0.00629666 0.175775 169 118 96
-0.0187651 -0.0152957 0.15582 108 65 48
-0.0466035 -0.0104023 0.16439 138 94 74
0.0148014 -0.000380724 0.150064 162 149 129
0.0489 -0.0360293 0.150402 160 157 108
0.0184857 0.00652714 0.145186 136 28 22
-0.0301633 0.0160127 0.169356 80 38 27
0.0624622 -0.0357508 0.142328 162 136 128
0.0814083 0.00298575 0.172796 134 97 82
-0.0175961 -0.0332801 0.178405 130 106 62
-0.00990635 -0.00776488 0.173137 180 136 120
-0.00922125 -0.0433161 0.163759 48 20 8
-0.0611172 0.00658417 0.121577 124 16 20
0.0632552 -0.0584003 0.157844 159 150 106
0.0497757 -0.000272533 0.170566 160 138 122
0.0366114 -0.047849 0.270729 118 118 78
-0.0556012 -0.00108532 0.124977 98 16 13
0.0259646 -0.0539509 0.278474 123 122 79
-0.000912886 0.015348 0.156798 156 132 120
-0.0108935 -0.0319328 0.170568 154 100 78
-0.0501478 0.00783674 0.135047 130 103 76
-0.0508313 0.00802342 0.133215 156 130 113
0.0856033 0.00282134 0.17162 106 73 52
0.0521447 -0.0438621 0.190652 156 153 105
-0.0675283 0.00866321 0.118329 151 100 37
0.0360638 -0.0515219 0.270438 126 126 80
-0.0567259 0.0290551 0.14118 134 12 18
-0.00364172 -0.00187777 0.176748 145 104 84
-0.0460617 -0.00618565 0.140789 164 132 110
0.0575806 -0.0407584 0.267409 108 110 70
0.0235857 -0.0429817 0.268346 106 106 64
-0.0685633 0.00301099 0.123272 154 108 65
0.051057 -0.0356643 0.174851 160 157 107
-0.0463635 -0.00717956 0.141963 163 132 108
0.0609321 -0.0443324 0.145663 110 34 20
0.00233978 -0.0352419 0.175684 134 132 86
0.0473065 -0.0426002 0.164765 157 154 104
0.00204606 -0.00474201 0.184453 158 119 97
0.0601241 -0.0383694 0.281717 95 96 57
-0.0200036 -0.0426316 0.173988 101 89 56
-0.0695232 0.0281245 0.146992 171 102 43
-0.0426179 0.0235184 0.158379 161 138 128
0.0505864 -0.0443592 0.182894 156 154 104
-0.0674826 0.0120093 0.12173 160 138 120
-0.0496505 -0.0429315 0.160935 109 92 60
0.065478 0.0231848 0.17743 164 144 138
-0.0401294 -0.0427867 0.163077 150 145 94
-0.0107658 -0.0491091 0.162008 110 99 60
0.0173271 -0.0069815 0.205453 148 138 117
-0.0413904 -0.0424746 0.159618 152 147 96
-0.0387934 -0.0421678 0.167429 150 147 96
-0.0255832 -0.037369 0.176553 150 146 96
0.0358885 0.0247286 0.158141 161 142 132
-0.00506944 0.0318199 0.160961 166 144 139
0.0522186 0.0077434 0.169002 98 56 58
0.0758509 0.013168 0.166705 182 160 154
0.0554647 -0.0358943 0.143449 154 125 112
0.0716268 -0.0214309 0.157532 19 11 9
0.0745852 -0.0135506 0.159285 76 48 47
0.0496833 -0.0100447 0.174677 100 66 30
0.0499277 -0.0114841 0.175553 110 92 60
0.063294 -0.00170032 0.170065 144 120 107
-0.012862 -0.0180738 0.16231 152 106 86
0.00108884 0.00761441 0.176151 109 62 37
-0.0511165 0.00239242 0.132155 148 116 70
0.0637954 -0.0394128 0.138887 165 139 130
0.05186 -0.0537542 0.165598 148 136 90
-0.0608586 0.0238287 0.13847 84 12 12
0.000865069 0.0122368 0.153798 159 136 122
0.0708467 -0.0308653 0.155694 160 135 124
-0.0365838 -0.0109805 0.152561 146 88 68
-0.0354475 -0.0152116 0.156283 90 50 25
0.0516949 -0.0168938 0.17259 164 150 126
0.064946 -0.00296566 0.167135 128 102 84
-0.0142424 -0.0321872 0.171853 154 102 70
0.0142077 0.0107399 0.142949 122 20 14
0.0541702 -0.0347975 0.146262 98 60 29
0.0522801 -0.0182505 0.171912 164 151 128
-0.0584563 -0.00353754 0.122619 124 14 16
0.0700951 -0.00430175 0.163069 128 100 84
-0.03599 -0.0126217 0.153294 128 76 52
0.0728752 -0.0200213 0.160806 14 9 10
0.0692275 -0.0282397 0.16022 152 126 113
0.0665982 -0.0269188 0.156854 138 116 101
0.0468993 -0.0485742 0.159609 149 146 93
-0.0267475 -0.0119478 0.148998 111 62 42
-0.0545962 0.0231215 0.145735 142 121 107
0.0690691 -0.00519863 0.165465 142 112 98
0.0766028 -0.00416339 0.161125 121 96 68
0.0544719 -0.038591 0.144537 157 130 118
-0.0259382 -0.010606 0.151683 77 30 16
0.00759365 0.0145281 0.141641 162 28 28
0.0657631 0.0130269 0.165481 122 41 46
-0.0200868 -0.0103488 0.154881 176 118 100
0.0745844 0.0148589 0.17003 179 156 148
0.00177553 0.00966217 0.171553 115 70 44
0.0580081 -0.0586586 0.172549 138 118 98
0.0604311 -0.00964398 0.164218 119 98 74
0.0489209 0.00928321 0.177169 100 77 54
-0.0402354 -0.0335033 0.152464 154 99 75
0.0626801 0.0100466 0.165185 183 158 150
-0.0531821 -0.00225345 0.13466 145 105 40
0.0652874 -0.018503 0.155924 164 134 122
0.0846056 -0.0161252 0.174586 93 68 62
0.0631696 -0.0563761 0.160574 158 140 111
0.058733 -0.0299287 0.173229 98 29 12
0.0759079 -0.0132745 0.15995 100 74 73
-0.0620675 0.0190877 0.135443 134 84 54
-0.0138187 -0.0207226 0.164073 156 108 86
0.0632695 0.011687 0.165245 183 156 150
-0.0547929 -0.0215129 0.163263 47 16 10
-0.00346573 -0.0156291 0.172016 124 84 64
0.0615464 -0.0164378 0.183418 166 134 114
0.00758751 0.0230742 0.1529 154 34 32
-0.0627512 0.0219714 0.138136 110 48 35
0.0806136 -0.0380827 0.145098 170 148 137
0.0521754 -0.025713 0.166919 158 146 100
0.0565442 0.00686123 0.165132 180 153 144
0.0749405 -0.0302508 0.16022 124 108 96
0.0504017 -0.0277925 0.168776 156 154 102
0.0743756 -0.00898928 0.164927 128 102 87
-0.0551291 0.0163089 0.141794 163 139 127
0.0749341 -0.0404523 0.140865 174 156 150
0.0721306 -0.0179464 0.159695 28 21 24
0.0730895 -0.0315949 0.151394 147 124 112
0.046153 -0.0029005 0.180664 146 136 107
0.0512322 0.00822871 0.174508 92 82 68
0.0231318 0.00196395 0.155434 147 110 88
0.0303607 0.0133818 0.156952 155 138 121
0.0749388 -0.0216466 0.156836 117 62 38
-0.00945363 -0.0419769 0.165507 84 42 30
-0.0659078 0.00057383 0.129655 126 9 14
-0.00226774 -0.0222697 0.168772 135 86 64
0.0462592 0.000486662 0.181465 136 126 95
0.00515445 0.00911484 0.177061 125 80 52
-0.0590718 -0.00547209 0.121575 139 48 50
0.0657953 -0.01701 0.155838 160 128 116
-0.0438148 -0.0396382 0.155698 35 18 7
0.0648374 0.00407614 0.160707 101 56 30
0.0744015 0.00732092 0.163619 136 93 70
-0.0579928 0.00594481 0.17704 160 109 82
0.0714488 -0.00593569 0.165038 183 154 134
-0.06234 0.00805574 0.126987 85 65 64
0.0507029 -0.0412058 0.144643 155 130 114
-0.0651352 0.00197391 0.129817 112 5 5
-0.0301358 -0.0103827 0.150761 190 132 106
0.0527493 -0.057191 0.166027 127 88 52
0.0743753 0.00783345 0.161875 142 101 84
0.0619534 -0.0314738 0.170303 81 24 12
0.0547226 -0.0298664 0.172831 158 156 102
0.0521653 -0.0359255 0.155971 158 155 102
0.0681839 0.00734229 0.161862 168 136 124
-0.00364101 -0.0228586 0.170582 78 34 18
-0.0575788 -0.004743 0.121212 158 142 144
-0.0394237 -0.0273821 0.161533 98 62 28
0.0182367 0.00923973 0.142346 144 29 22
-0.0368718 -0.00908463 0.152975 120 65 43
0.0611023 0.00948628 0.164534 195 172 165
0.0646598 -0.0147308 0.187775 108 87 56
-0.0599183 -0.0147612 0.121508 152 140 122
0.0705265 -0.0439715 0.139195 128 83 57
-0.0300768 0.0147715 0.167502 83 42 28
0.0690021 -0.0353032 0.139942 134 114 103
0.0563876 -0.0262038 0.173014 174 144 124
-0.0341418 -0.0177266 0.159744 126 84 62
-0.00805495 -0.0171455 0.173842 120 77 60
-0.0537337 0.00390622 0.163621 162 108 84
-0.000480034 -0.0193988 0.169622 96 54 24
0.0696599 -0.0467507 0.146636 121 9 10
-0.0162342 -0.0107599 0.165448 136 86 68
0.014386 0.0204289 0.151329 148 42 38
0.0530879 -0.0339376 0.149072 160 154 102
0.0679391 0.000478469 0.163763 126 86 64
0.0644035 0.0118372 0.161264 152 94 84
-0.00838919 0.00481113 0.176135 172 124 102
-0.0462782 -0.024094 0.157146 126 68 42
0.0537145 -0.0282599 0.175058 156 151 100
-0.0061907 -0.0401439 0.167266 48 19 8
-0.0676655 0.00819686 0.12532 150 98 39
-0.0194549 -0.0280735 0.176927 170 122 90
-0.042515 -0.00217319 0.142076 170 124 100
0.0664925 -0.0619653 0.151517 155 151 98
0.0840967 -0.0317136 0.173142 69 28 16
0.0477571 -0.0467663 0.155792 151 144 96
0.0774805 -0.0492438 0.151293 108 69 46
0.0537436 -0.0188121 0.170316 138 105 82
-0.0674789 0.00378064 0.12439 136 36 14
-0.0432353 0.015221 0.165118 107 58 36
-0.0561239 -0.0120558 0.125077 162 148 126
0.00577668 0.0078744 0.161695 126 70 42
0.0621233 -0.0157443 0.162093 166 154 132
-0.0551603 0.0105736 0.134735 126 18 21
-0.0410895 -0.0255422 0.157987 110 64 40
-0.0522694 -0.0217075 0.160618 39 12 9
-0.0652578 0.00233933 0.127529 114 7 10
0.0737177 -0.0043434 0.168544 90 72 58
0.0648338 -0.0352579 0.141031 158 132 122
0.0192108 0.00984127 0.142801 142 32 26
0.0770712 -0.0203709 0.160463 124 74 48
0.0797884 -0.0480517 0.150489 129 86 62
0.0631645 -0.0538764 0.152839 114 52 33
-0.0527945 0.00949493 0.171187 158 112 88
0.0789979 0.0161313 0.170941 178 156 151
0.0643542 0.0104057 0.166346 181 157 150
0.0632563 0.00427848 0.162508 142 96 76
-0.0550453 0.00717707 0.131516 130 14 16
0.0664096 -0.0154222 0.158725 164 104 74
0.0832382 0.0121941 0.173649 181 160 155
0.0467893 -0.0508066 0.161377 150 146 93
0.0130304 0.0215144 0.154279 156 28 24
0.0237876 0.0195742 0.14929 144 80 77
0.0012122 -0.0269856 0.171096 116 74 46
-0.046588 -0.018721 0.159849 174 126 102
0.0595035 0.0118322 0.165245 182 158 150
-0.0366598 0.0116041 0.166781 112 62 41
-0.0224677 -0.00613972 0.173624 130 78 56
0.0826371 -0.0287911 0.175036 152 74 52
0.0630349 0.00274538 0.167649 104 58 33
0.00651476 0.0228768 0.153654 146 106 90
0.0459091 0.007395 0.184252 134 120 95
0.0460298 0.0087535 0.179661 134 116 94
-0.0570829 0.00500837 0.127006 94 74 79
0.0670711 -0.023165 0.182779 60 82 61
0.0656693 -0.000226817 0.170173 149 120 109
-0.00384364 -0.0146854 0.173526 146 108 88
0.0814166 -0.000580825 0.16703 152 123 110
-0.0179671 -0.0416425 0.172324 160 102 80
-0.0428759 0.0025929 0.164174 150 102 85
-0.0608603 -0.0025111 0.123353 84 12 24
0.0494148 -0.00267153 0.175411 148 116 96
0.0748991 -0.019463 0.155336 134 87 66
0.0628802 -0.032016 0.150372 138 106 88
0.00808639 0.0159273 0.145836 163 29 28
-0.0688266 0.00571961 0.120972 177 124 52
-0.0528585 -0.0355598 0.161456 62 35 27
0.052983 -0.0186376 0.170282 158 138 110
0.0504217 -0.0359264 0.155439 158 155 103
-0.0411979 -0.0257664 0.162796 113 70 44
-0.0200951 0.00791098 0.175372 179 128 106
0.0820081 -0.0247318 0.174163 138 60 35
-0.0555385 0.0115229 0.136037 102 41 44
0.0594389 -0.0421498 0.140927 132 92 66
0.0780071 -0.0366057 0.141971 170 148 139
0.0678742 -0.0222768 0.158318 173 142 130
-0.0560607 0.0112003 0.133576 114 28 31
-0.0359436 0.00872283 0.165961 155 108 90
-0.0569027 -0.0104408 0.122901 120 23 15
0.0751018 -0.0515935 0.151411 112 16 9
0.066021 -0.0559889 0.153177 140 92 68
-0.0173461 -0.0350741 0.168943 151 144 92
0.08208 -0.00327268 0.168589 126 86 65
-0.0545835 0.00189726 0.127266 122 14 17
0.0476909 0.0104423 0.178566 125 104 86
0.047342 0.00437454 0.193119 135 124 96
0.0479153 -0.0127284 0.174956 158 150 126
0.0864873 0.000157862 0.170542 144 122 104
0.000754792 -0.0303408 0.170513 134 88 64
-0.057419 -0.0147089 0.122775 162 150 126
-0.0484154 -0.0289371 0.153904 41 12 5
-0.0455519 -0.0116541 0.159698 136 90 70
0.0473518 -0.0407831 0.160667 153 150 98
-0.014879 -0.0306788 0.167513 158 107 76
0.00659755 0.00224217 0.159757 150 111 83
0.0634286 -0.0210227 0.154712 160 128 112
-0.0402773 -0.00219107 0.164599 145 96 78
0.0606799 0.00506238 0.161964 144 102 86
-0.0534681 0.0127611 0.136129 166 129 116
0.00815438 0.00149031 0.14463 134 101 78
-0.0506447 0.00259337 0.133504 159 141 120
0.0498895 -0.0064919 0.186442 152 142 116
-0.0599718 0.000250283 0.124097 114 10 12
0.0795565 -0.0216888 0.157327 134 74 45
0.0241606 0.00786727 0.145819 142 30 24
0.0660424 0.0157713 0.16729 160 136 130
-0.0537476 0.00273902 0.133253 144 98 40
0.00985696 0.00217732 0.183153 118 88 53
0.0526096 -0.00448663 0.181749 108 76 47
-0.041066 -0.000360107 0.168269 147 98 82
0.070295 -0.0329499 0.145262 127 84 65
-0.0505663 0.00562808 0.134961 128 104 80
0.0241252 0.0170579 0.149335 138 122 119
-0.00539266 -0.0462498 0.168978 60 36 18
0.0608087 -0.0520606 0.154487 118 37 25
0.0634319 0.00545049 0.16616 150 100 81
-0.0482621 0.00139069 0.135198 152 122 95
-0.0361367 0.0168684 0.165235 86 49 37
-0.0583893 0.00822753 0.127231 30 26 42
-0.0228748 -0.0251012 0.183482 134 89 60
-0.0432291 -0.0146449 0.158177 146 98 80
0.0723825 -0.0540383 0.151741 127 7 8
0.0819679 -0.0335523 0.147585 160 136 120
-0.00598723 -0.0368145 0.164536 52 24 14
-0.0480353 -0.0242311 0.156721 94 42 24
0.0678589 0.00242438 0.163105 154 122 106
0.0509068 -0.0397551 0.144816 108 93 82
-0.0529614 0.0128439 0.170511 172 124 101
0.0473064 0.0099172 0.179767 126 108 89
0.0204695 0.0211348 0.150206 157 26 24
-0.00528592 -0.0222395 0.170028 61 23 14
-0.0489193 -0.0327755 0.151308 40 20 14
-0.0609244 -0.00358917 0.123719 76 13 26
0.00886505 0.0190956 0.147617 158 28 24
0.0512081 -0.0252049 0.166147 156 150 99
0.0600121 -0.0144713 0.165119 72 56 32
0.0493456 0.00984939 0.182401 106 82 62
0.0499644 -0.0577286 0.166388 152 148 96
0.061849 -0.0582848 0.174245 116 86 62
6.48643e-05 0.00435345 0.176475 127 79 62
-0.065326 0.00578658 0.122144 134 28 12
-0.0312216 0.00402784 0.167107 152 109 92
0.0493103 -0.011338 0.185889 156 147 123
-0.0434426 0.00921143 0.166436 130 78 61
-0.051994 0.0229706 0.14642 144 124 112
0.0507085 0.0129513 0.174583 92 61 40
-0.0516494 -0.0276982 0.158152 57 26 16
0.0780221 -0.0182212 0.158344 100 39 16
0.0311214 0.0158284 0.158741 130 116 104
0.0800026 0.00150182 0.160887 134 104 88
-0.00854487 -0.0480304 0.165511 52 30 14
0.0739512 -0.0518703 0.150231 121 12 10
0.0709771 -0.0066743 0.164383 185 157 136
-0.0554515 -0.00744475 0.122909 125 50 41
-0.00929283 -0.0388145 0.165573 156 98 78
-0.0114814 0.0129107 0.174653 152 98 68
0.0790689 -0.0254523 0.169119 165 75 46
-0.00354989 -0.00632963 0.174573 165 122 106
0.053999 -0.0308048 0.143671 162 158 104
0.0749264 -0.0187719 0.158685 25 18 16
-0.0599749 0.00502916 0.126948 94 48 52
0.0131668 0.00806999 0.144091 137 27 22
0.0610559 0.00192973 0.166767 101 54 28
-0.0141838 0.00251441 0.177231 160 108 86
0.0791136 -0.0471927 0.14959 142 104 84
0.063009 -0.0327077 0.152682 134 112 82
-0.0554283 0.00370488 0.129451 124 12 14
-0.00200795 -0.0380785 0.16956 43 25 13
0.0780437 -0.0474541 0.148822 134 92 66
-0.065254 0.000757799 0.126857 123 8 10
0.0567967 0.00127742 0.176711 174 141 130
-0.00388388 0.00379616 0.174599 160 122 103
-0.0522717 0.00200062 0.129639 148 102 42
-0.0391065 -0.00224609 0.1657 140 93 74
-0.0392189 -0.0362356 0.163782 152 146 93
0.0572739 -0.00661357 0.175788 138 100 80
0.0145489 0.0215466 0.153922 158 24 22
-0.0426344 -0.00202993 0.154349 196 152 130
0.0756569 -0.000924221 0.167171 180 152 137
0.0466394 0.00153047 0.188373 135 125 96
-0.02099 -0.0141907 0.149833 130 80 57
-0.0603787 -0.00457311 0.122678 124 14 20
-0.00354447 -0.0391568 0.165782 62 34 20
-0.0434378 -0.0023279 0.138804 167 120 94
-0.0558219 0.00749902 0.131113 130 15 18
0.045088 -0.00218981 0.187553 145 136 106
0.052531 -0.0339222 0.151088 160 155 104
-0.0503335 0.00418024 0.12989 160 140 122
-0.050751 -0.0138069 0.158195 81 33 21
0.0179861 0.00155065 0.149886 165 136 114
-0.059618 0.0036974 0.127985 128 16 17
-0.0583107 -0.00125498 0.12249 122 14 18
0.0464164 0.010772 0.18397 140 124 104
-0.0466148 -0.00146006 0.135694 144 14 20
-0.037132 -0.0339842 0.159174 152 146 92
-0.0415628 0.0113179 0.175833 120 70 50
0.0902244 -0.0326028 0.171563 120 68 41
0.0512935 -0.00423563 0.184037 114 78 50
-0.0596678 -0.0123879 0.119544 64 25 38
-0.0537978 -0.0355361 0.156011 128 82 52
-0.0571656 -0.000219812 0.127684 94 13 10
-0.00234807 -0.0417456 0.168554 57 39 18
-0.00119416 0.00229813 0.178537 126 80 62
-0.0393485 -0.0190157 0.160859 114 70 50
0.0627745 -0.00165616 0.172235 124 102 84
-0.0386879 0.00817608 0.170253 142 92 75
-0.000666741 -0.0369181 0.173461 72 51 18
0.033174 -0.0593084 0.27747 136 134 85
-0.0558822 0.0293218 0.139546 134 10 13
-0.0336479 0.00105622 0.168017 156 117 106
0.0628143 -0.0488021 0.148941 126 8 8
0.0746186 -0.0219468 0.157999 91 42 27
0.0643922 -0.0504214 0.15243 126 8 8
0.0677626 -0.0525343 0.298136 117 116 73
-0.0032774 -0.00494737 0.175739 164 119 102
-0.0500504 -0.0257002 0.156703 57 27 22
-0.0589698 0.00559105 0.128572 76 68 79
0.0558584 0.00265197 0.166312 177 150 140
-0.0602031 0.0122609 0.135295 108 35 39
-0.0218281 -0.010251 0.160127 118 62 45
-0.0550671 0.0301959 0.140913 132 12 16
0.0521979 0.0139445 0.178342 112 84 64
-0.0157685 0.0123166 0.171807 146 93 62
-0.0539718 0.00987206 0.134334 128 24 25
0.0774336 -0.0294135 0.145357 143 142 95
-0.0351184 0.00235925 0.163254 149 102 85
-0.0426374 0.018388 0.160309 144 116 108
0.0430238 0.0118263 0.184089 151 134 116
-0.0680432 0.00292737 0.125265 117 14 10
-0.0283744 0.000958535 0.167792 143 98 84
0.0535881 -0.0422024 0.179707 156 152 100
0.0422513 -0.0387095 0.287211 84 84 46
-0.0038179 -0.00111656 0.175112 145 108 87
0.0234256 0.0251579 0.15912 146 34 32
0.067472 -0.0631453 0.152616 155 151 96
0.0599195 -0.0375541 0.13933 170 142 134
-0.0501484 -0.00478253 0.132673 156 142 118
0.0390177 -0.00377189 0.188655 154 142 118
-0.0628746 -0.0107599 0.123817 130 10 12
-0.0527086 0.0100975 0.133725 162 142 128
0.0508855 -0.00154752 0.167652 168 140 126
0.0423692 -0.0619314 0.276238 136 134 84
0.0618525 -0.0481029 0.149678 125 6 7
-0.0530406 0.0324069 0.135763 162 136 128
0.0605321 -0.0399117 0.277269 102 103 63
-0.0400962 0.0218018 0.155443 165 140 130
0.0754804 -0.0353388 0.300588 120 118 86
0.0431096 -0.00546796 0.180854 153 143 116
0.078469 -0.0520905 0.153531 22 14 9
0.0382471 0.0117073 0.175516 154 138 120
0.0924323 -0.00331218 0.176311 104 84 68
0.0661592 0.0272728 0.17492 166 144 136
0.0688167 -0.00998482 0.164278 181 148 125
0.0620402 0.0142461 0.169932 180 154 146
0.0145575 0.00484734 0.146802 104 40 27
-0.0532897 0.0174788 0.144071 158 136 120
-0.0556093 0.00534827 0.128435 114 26 26
-0.0111254 -0.0148603 0.161728 150 107 90
-0.0250994 -0.0117256 0.149842 124 76 49
-0.0596343 0.0235754 0.139206 120 17 13
-0.0589193 0.0187395 0.139163 146 96 36
0.0118679 0.0151772 0.143838 121 106 101
-0.0261505 0.0113952 0.16847 88 43 27
0.0520282 0.00849893 0.172422 103 76 69
0.0632019 -0.0294304 0.163898 154 152 99
0.0295107 0.0111349 0.154303 154 135 120
0.0630019 0.0137246 0.164955 116 64 64
-0.00205477 0.00920886 0.17624 140 103 84
0.0638423 -0.0179246 0.157884 162 138 120
-0.0564121 -0.00343597 0.120305 120 12 12
-0.0246923 -0.0146407 0.153 144 96 72
-0.0562158 -0.00399137 0.122594 119 13 11
0.0198343 0.0151921 0.144272 137 116 109
0.0554574 -0.0581349 0.171348 124 101 76
0.0475305 0.00448548 0.174358 126 108 84
0.0303606 0.0115822 0.154519 151 134 118
-0.054607 0.00473506 0.178657 172 126 102
0.0114733 0.00467175 0.143813 80 22 16
-0.0594944 0.000226139 0.125171 96 7 7
-0.0257746 0.0114422 0.171754 69 28 16
0.0662919 0.00696059 0.163089 166 128 114
-0.0589583 0.00893259 0.129063 68 60 74
-0.0371392 -0.0161557 0.156966 89 48 24
0.0906957 -0.0545891 0.163594 94 83 68
-0.0237575 -0.013807 0.148373 140 90 68
0.0575246 -0.0204614 0.172609 154 122 104
-0.0627861 0.0231055 0.136829 106 19 16
0.0003899 0.00994895 0.155852 100 60 30
0.0117026 0.0239692 0.15261 148 42 39
-0.0466134 -0.0234651 0.159386 148 94 68
0.0752743 0.00553693 0.163978 128 80 58
-0.047092 -0.0352863 0.149849 46 16 4
0.081907 0.013645 0.173185 178 156 148
0.0771562 -0.0345625 0.143422 158 138 128
-0.0499004 0.0247127 0.144679 144 123 109
0.0611329 -0.0332695 0.142435 147 116 100
-0.059641 -0.00703619 0.121234 127 16 16
-0.0558702 0.009515 0.13269 124 14 15
0.0528079 -0.033849 0.150006 150 146 96
-0.0269966 0.00816555 0.16823 106 58 42
-0.00089653 -0.0309285 0.168658 108 60 36
0.0508977 -0.0191235 0.171845 156 144 120
-0.0591428 -0.0174548 0.123525 162 148 122
-0.0292691 0.010372 0.163573 110 64 42
-0.0251457 0.0106983 0.167626 72 28 16
-0.0532644 -0.00512364 0.126027 162 146 126
0.0669971 -0.049753 0.147652 124 6 6
-0.043057 -0.0375667 0.15485 96 62 42
-0.0533628 0.0156281 0.142907 160 138 122
0.0637411 -0.0189374 0.156514 162 138 122
0.0694734 -0.0410056 0.139916 128 102 95
-0.0373835 0.00493944 0.16836 150 102 80
-0.0123481 0.00212301 0.172488 208 165 139
-0.0534998 0.0224147 0.144708 146 124 110
-0.0169757 -0.0123327 0.155982 140 90 73
-0.0584455 -0.0112587 0.122929 117 44 34
-0.0530772 0.0181175 0.144413 158 136 120
-0.0556598 0.00171746 0.127492 122 14 14
-0.045874 -0.0233314 0.155881 144 90 64
-0.0239248 -0.0106809 0.152433 116 66 36
-0.0647081 0.00169175 0.131096 100 6 10
0.049685 0.00120979 0.172044 168 141 128
-0.0283955 -0.0239837 0.182521 77 41 18
-0.0507431 0.00384232 0.133973 160 142 122
-0.0159467 -0.0151311 0.157116 128 73 58
0.0697553 -0.0582437 0.151517 126 7 8
0.0569988 -0.00335187 0.170894 138 114 98
-0.0428278 -0.000263365 0.138714 166 131 106
0.0618397 -0.041677 0.140133 164 136 124
0.0575785 -0.0317597 0.14677 128 100 58
0.00769096 0.00837245 0.147981 118 24 18
-0.0396862 -0.0370925 0.159496 148 144 91
-0.056322 0.00632444 0.127173 70 50 52
-0.02698 0.0105088 0.166066 96 48 31
-0.062671 0.00425955 0.127691 120 13 14
-0.0586714 -0.0153941 0.121264 163 148 125
0.0575947 0.00675282 0.16417 180 152 142
-0.0103117 -0.0349576 0.173261 100 53 33
0.0234475 0.00277044 0.15352 134 45 30
-0.0639936 -0.00941296 0.125823 132 15 16
-0.0425789 2.92992e-05 0.1448 168 121 97
-0.0577716 -0.0137015 0.123527 162 148 125
-0.0278858 -0.0119798 0.148939 144 95 74
0.0189447 0.0115424 0.142931 94 48 37
0.0558438 -0.0342076 0.142875 120 74 50
-0.0210103 0.00740804 0.176555 180 127 100
-0.0121028 0.0126477 0.173131 147 94 60
-0.0653763 0.0089214 0.128884 104 40 41
0.0473085 -0.0134572 0.169284 156 146 124
-0.0589917 -0.0138359 0.121553 162 148 125
-0.00432542 -0.0350148 0.169211 67 30 16
0.0637969 -0.0562578 0.154575 156 138 106
0.000151852 -0.0275988 0.170254 58 28 16
0.0867639 0.0037058 0.172719 98 63 34
-0.0329008 -0.00119798 0.165991 146 104 90
-0.0614149 0.015922 0.13166 108 28 30
-0.0344411 -0.0230273 0.161801 132 96 68
0.0649628 0.0162861 0.168329 152 128 124
-0.0257278 -0.0146105 0.150711 150 100 78
-0.0453367 -0.0253375 0.155216 168 112 86
-0.00500443 -0.0201762 0.167518 59 22 16
0.0665239 -0.0421493 0.142013 150 114 98
0.0160108 0.0167419 0.147407 148 26 24
0.0658714 -0.0212224 0.154957 161 130 118
-0.0301494 0.008666 0.163784 123 76 54
-0.0546594 0.0145117 0.136143 138 62 56
-0.0334592 0.00998422 0.167244 126 76 50
0.0904771 -0.0572489 0.167805 92 85 64
0.0667949 -0.0235511 0.155071 148 103 80
0.061283 -0.0325008 0.142984 138 100 77
-0.0371133 0.0148755 0.168641 100 56 33
0.0641184 -0.00367783 0.165355 132 104 88
0.0647192 -0.0413959 0.139635 142 106 87
-0.0553655 -0.0187361 0.160609 58 24 17
0.048697 0.00860599 0.171684 112 91 70
-0.046059 -0.00338942 0.139648 128 44 38
0.00989653 0.00665902 0.142551 42 14 11
-0.0472066 0.000380482 0.138333 130 26 17
-0.0568056 -0.00112861 0.120602 115 11 15
-0.0676461 0.00298661 0.126899 116 10 10
0.0651961 -0.0194307 0.158655 164 132 119
0.0630305 -0.0322693 0.164934 151 146 95
-0.00656018 0.0039516 0.172221 167 121 102
0.0695966 -0.0183164 0.160615 14 10 9
0.0589341 -0.00298757 0.167946 132 108 91
-0.0263506 -0.0141422 0.150807 140 91 69
-0.0612089 0.00767084 0.131155 52 48 58
0.0627916 -0.0564951 0.155072 156 142 108
0.0551096 -0.0475159 0.150632 108 71 40
0.0619815 -0.0197278 0.161332 99 95 61
-0.0610019 0.0199337 0.138024 121 67 30
0.00890303 0.0227071 0.153089 146 26 25
0.0564696 -0.0137253 0.180748 130 103 78
-0.0288324 -0.0223031 0.178584 95 60 27
0.0716844 0.0096406 0.168216 176 150 143
0.0770156 -0.03269 0.144465 150 122 106
0.0690726 -0.019462 0.156839 12 6 5
-0.00527197 -0.0388324 0.166006 74 42 28
-0.0339487 -0.0224426 0.164148 117 78 52
-0.0343049 -0.0271386 0.165621 134 98 63
-0.045132 -0.0341445 0.15286 162 102 84
0.0880169 -0.0559264 0.164879 43 30 19
-0.0604549 0.000909068 0.126812 84 5 8
0.0534259 -0.036345 0.143704 128 90 62
-0.0577652 2.18661e-05 0.126049 84 6 5
-0.0179008 0.00114396 0.172417 200 155 134
-0.0078168 -0.019567 0.166179 138 97 74
0.0578377 -0.0422836 0.141542 110 59 31
-0.0545669 0.00959477 0.133035 120 22 22
-0.0616652 0.0140711 0.132433 97 34 36
-0.0160493 -0.0325403 0.168205 127 84 48
-0.0616882 0.017778 0.136805 134 52 47
0.0698847 -0.0607823 0.152067 145 128 84
0.0804257 -0.00223891 0.170144 156 128 109
-0.0555437 0.00396993 0.127868 120 12 14
-0.015267 -0.00571235 0.173812 178 128 108
-0.0444142 0.00216015 0.170306 148 101 84
-0.0606489 -0.0109796 0.122683 121 18 13
-0.0529926 0.0257976 0.141194 128 78 68
0.0665748 -0.0519875 0.149079 122 8 8
0.0768426 -0.0389513 0.140677 174 152 144
0.0573273 0.00834032 0.167817 180 153 142
-0.0525714 -0.00311153 0.135028 148 114 66
0.0623905 0.00396378 0.163552 130 84 56
-0.0530897 -0.0156012 0.16232 39 10 6
0.0789582 -0.0500575 0.153969 66 44 26
0.0564211 -0.0458678 0.147949 118 41 24
0.0118179 0.0129557 0.1435 152 22 22
-0.0535949 -0.00560455 0.128138 162 146 125
0.0450848 0.00512421 0.193189 137 123 96
-0.0541797 0.00165725 0.134963 144 102 40
-0.0570958 0.0302648 0.13692 111 20 20
0.0612584 -0.0255549 0.167765 56 36 23
0.00737713 0.0149593 0.147889 161 28 26
0.0318949 0.0187768 0.161731 150 133 120
-0.00443176 -0.0158318 0.172769 96 54 34
-0.0537866 -0.0347164 0.156205 48 23 12
-0.00742435 -0.0311458 0.169162 122 72 56
0.0557267 -0.041435 0.141042 104 56 30
0.0652537 0.00602739 0.163889 165 126 110
-0.0604724 -0.00996262 0.125054 120 14 12
0.0578126 -0.0499161 0.151354 115 37 20
0.0681765 0.00401214 0.164383 104 58 32
-0.043113 0.0168845 0.164999 100 52 30
-0.0538444 -0.00967214 0.127896 162 148 124
0.0620127 -0.041598 0.139047 158 125 110
0.0640811 -0.0538224 0.153304 120 18 14
-0.054402 -0.00215098 0.125734 94 34 20
-0.0196602 -0.00971882 0.18034 157 108 84
-0.0617625 -0.00944232 0.125 124 13 12
0.085123 0.008417 0.170487 164 119 104
-0.0473862 -0.0316683 0.151029 164 107 86
0.0619098 -0.0438592 0.143619 130 82 57
-0.0544168 -0.00899236 0.127032 162 146 125
-0.0651849 0.00998104 0.128327 111 28 30
-0.0492161 0.022634 0.151118 144 124 110
0.0245771 -0.0294393 0.133049 120 118 74
-0.0302109 -0.0226815 0.178911 98 64 30
0.0813496 -0.0307016 0.148622 84 77 47
0.0459155 -0.00967646 0.183763 152 141 116
0.02354 0.00962537 0.148908 146 28 22
0.0886159 -0.00658114 0.177916 138 117 92
-0.0184394 -0.0305939 0.174077 128 83 44
0.067058 -0.0525283 0.152661 124 8 8
0.0744543 -0.0191347 0.159123 52 33 27
0.0621423 0.0192631 0.167115 144 112 98
-0.0537674 0.00857201 0.154145 128 97 70
-0.0407968 -0.00561775 0.158523 138 90 64
0.0668359 -0.0484193 0.149343 124 8 8
0.0584712 -0.0474007 0.146933 120 8 6
0.0883151 -0.031269 0.169931 144 110 68
0.0529833 -0.0592474 0.163145 97 70 34
-0.0507313 0.0155662 0.157626 120 76 46
0.021047 0.00647284 0.146816 142 30 22
0.0600394 -0.00155687 0.169442 143 121 106
0.0599792 -0.0500255 0.153854 118 8 6
-0.00405244 -0.0131941 0.18387 153 115 94
-0.0275981 0.00346034 0.169812 131 85 69
0.062257 -0.052186 0.1518 122 16 13
0.0391919 -0.0108038 0.179865 152 141 118
0.0520007 -0.000804853 0.169417 134 103 84
0.0433663 0.00328121 0.192645 138 125 98
0.0334493 0.0165311 0.162735 138 118 104
-0.0510603 0.0303446 0.142581 158 134 124
-0.00387279 -0.048717 0.174201 95 84 50
0.0624737 -0.061002 0.154613 154 149 94
-0.0283941 -0.0450334 0.168441 150 145 92
-0.0564934 0.0433114 0.155154 163 142 132
0.019279 0.0406015 0.163507 166 142 138
-0.0523603 0.0448093 0.148954 164 142 134
-0.0615482 -0.00461078 0.122222 86 24 42
0.0741264 -0.00821157 0.16868 130 100 85
0.00340882 0.012801 0.151134 148 118 108
0.0694666 0.00671816 0.163949 133 86 64
-0.0568273 0.00811133 0.130288 110 46 48
0.0657848 0.0107656 0.164273 164 127 114
0.0605629 -0.0169839 0.159848 160 149 129
0.000719016 -0.0223048 0.171621 123 105 80
0.0776948 -0.0174399 0.161514 116 66 44
-0.0589803 0.0169374 0.131996 125 30 26
-0.061824 0.0259953 0.140481 88 10 10
0.0686125 -0.0584597 0.152408 156 109 84
-0.0572606 0.00915583 0.130102 99 60 64
0.0753238 0.00863808 0.165252 166 138 128
0.0735494 -0.0172291 0.159167 20 14 18
-0.0264606 -0.0142935 0.149366 138 89 66
0.0639538 -0.0209201 0.158198 135 117 89
-0.00153876 -0.0231134 0.17105 82 42 25
-0.0377972 -0.0153416 0.15446 92 50 24
0.000770556 -0.0237275 0.171284 66 38 17
-0.0540103 -0.00509137 0.12429 162 148 128
0.0729179 -0.0151633 0.159417 82 56 59
-0.0447616 -0.0231759 0.162269 148 100 81
-0.0534912 0.00670485 0.130558 146 80 70
0.0778086 -0.0346112 0.143054 166 134 124
-0.0616327 -0.0160537 0.122968 98 91 93
-0.056779 -0.016888 0.121993 162 148 126
-0.0476158 -0.0181563 0.159391 172 124 102
-0.0389968 0.0125563 0.164788 96 46 26
0.0696801 -0.0231765 0.156746 148 52 32
-0.0362273 -0.00914414 0.154455 170 107 87
0.0572713 -0.0251225 0.170821 134 95 74
-0.0356604 0.0100055 0.16202 136 86 66
0.0531979 -0.0358924 0.145284 134 98 78
-0.0569763 -0.012283 0.126003 162 148 125
-0.0509821 -0.02011 0.15944 88 46 34
0.0634147 -0.0379116 0.139016 168 142 134
0.02642 0.011816 0.149598 156 82 74
0.000413635 -0.0270284 0.170671 89 51 28
-0.0482687 0.0133665 0.169982 132 83 64
-0.00248116 0.00853181 0.177237 143 102 84
-0.0237733 -0.010324 0.152108 106 60 30
0.0485535 0.00101656 0.171738 161 136 118
-0.0407671 0.00852728 0.166831 128 76 58
-0.0484263 -0.0217991 0.159849 155 102 78
0.0620343 -0.0128393 0.161668 142 109 82
0.064921 0.00210102 0.164807 137 105 87
-0.030191 0.0125275 0.168777 80 40 24
-0.0517621 0.000500596 0.131251 145 102 44
-0.0627252 -0.00124018 0.125437 120 12 13
0.0616004 -0.00601827 0.164502 142 113 95
-0.0338255 0.0129859 0.166698 108 58 34
-0.00637234 -0.0466946 0.168421 54 33 14
0.0751055 -0.00915693 0.164129 112 64 38
-0.0196639 -0.0210357 0.170856 118 78 48
-0.0190973 -0.0218535 0.172228 118 75 45
-0.0129093 0.0122864 0.172616 129 75 44
0.0534882 -0.0208133 0.169405 111 78 48
-0.00203132 -0.0200904 0.168945 84 40 21
0.0567566 -0.0400782 0.141523 130 90 72
-0.0226671 -0.00238634 0.176647 155 102 78
0.0892148 -0.00372047 0.178354 138 116 92
-0.0639326 0.00830913 0.127957 116 60 58
0.0745688 -0.0163154 0.159286 94 60 54
-0.00999911 -0.0341888 0.166403 70 30 18
-0.0403185 0.00391472 0.165038 140 92 74
-0.0195004 -0.0157072 0.149451 129 85 61
0.0563837 0.0151625 0.169219 166 136 127
-0.0629186 -0.00187492 0.125372 86 12 24
-0.0305079 -0.00724842 0.154762 146 100 88
0.053254 -0.0140667 0.173383 153 121 98
0.0109588 0.00921887 0.141927 136 26 22
-0.0491385 -0.0200735 0.157713 144 93 71
-0.0199362 -0.0148682 0.152013 100 51 31
-0.0252263 0.00695171 0.172269 86 35 22
-0.0153207 -0.0196895 0.163898 128 84 58
-0.0355306 0.000927697 0.166704 149 106 92
0.0790416 -0.0178474 0.158989 169 98 66
0.0163578 0.00330256 0.148242 104 32 18
-0.00642697 -0.019993 0.167228 86 46 34
0.00792151 0.00695487 0.143834 74 18 14
0.0596014 0.0145273 0.167241 178 154 144
-0.0578847 0.0270606 0.141293 130 10 12
-0.0324381 -0.00199517 0.165646 144 102 86
-0.0312251 -0.00975307 0.153626 124 71 54
-0.0262149 -0.015518 0.151708 156 106 82
-0.00735116 -0.0161189 0.170908 82 38 28
0.0173982 0.0174054 0.146276 157 82 78
-0.0143564 0.0123588 0.172669 138 84 54
0.0588307 -0.014412 0.180825 131 92 68
-0.0566759 -0.00948793 0.126018 150 122 100
0.0217586 0.020946 0.148945 148 25 22
-0.0239841 0.00875897 0.17423 98 46 29
-0.0403898 0.00282904 0.164973 143 95 78
-0.0522396 0.0142415 0.13784 160 138 122
-0.0471907 -0.0221048 0.160254 151 101 76
0.0689676 0.00763725 0.165068 164 128 112
0.0608458 0.00989558 0.165633 197 173 166
-0.0474473 0.00941313 0.167056 154 104 86
0.0647519 0.0103697 0.164237 182 156 149
0.0687841 -0.0293222 0.162765 126 108 92
0.0240052 0.011484 0.144977 158 28 28
-0.0632587 0.0173597 0.135283 124 16 17
0.0876146 0.00191724 0.174012 89 60 34
0.0459011 -0.0483624 0.157792 143 140 88
-0.0294347 -0.0237776 0.181192 87 47 20
-0.0316597 0.00189117 0.166391 146 103 88
-0.0244391 -0.0278277 0.182904 135 95 66
-0.0320844 0.00244623 0.164554 148 106 92
0.0194501 0.0120968 0.143665 108 39 30
0.0240367 0.0163297 0.148959 146 74 72
0.0531036 -0.00447976 0.174963 87 59 34
-0.0222764 0.00387746 0.174925 171 120 94
0.0548534 -0.0480244 0.150211 128 98 70
-0.0494612 -0.0245437 0.159137 112 58 38
-0.0337412 0.00875746 0.16405 156 110 90
0.00912905 0.0147571 0.144032 148 38 34
0.0653698 -0.0311084 0.159845 140 123 88
-0.0864625 0.00571695 0.149114 138 60 25
-0.0544264 -0.00748026 0.122793 164 149 127
0.0570682 -0.0446634 0.146364 122 44 30
0.0729429 -0.0203576 0.158353 15 9 12
-0.000152997 -0.0201977 0.17027 98 63 32
0.0485677 -0.0149182 0.1726 156 146 124
-0.060871 0.0104764 0.130223 22 17 32
-0.0587866 0.0150453 0.135697 109 18 18
0.0595253 -0.0552441 0.152298 152 134 104
0.0239342 0.0107087 0.144801 154 28 28
-0.040925 0.0153675 0.166996 116 70 44
-0.0172125 -0.00311194 0.172884 184 138 114
-0.0208052 -0.0190855 0.162057 114 74 53
0.0563189 -0.0498238 0.152164 151 130 106
-0.0569391 -0.0111582 0.124247 144 106 86
-0.0266488 -0.0039173 0.1635 124 78 62
-0.0639726 0.0212289 0.136556 146 108 70
0.0473789 -0.0123774 0.178573 154 145 124
-0.0209801 -0.00449784 0.174638 164 114 90
0.069395 -0.0394619 0.135349 86 68 59
-0.0414484 -0.0368964 0.154489 108 70 42
0.0830354 -0.0283652 0.176935 101 54 38
0.0604422 -0.00324406 0.16957 112 93 78
-0.040316 -0.0277358 0.158942 81 44 20
-0.0416197 0.01538 0.165018 104 56 34
0.059678 -0.046625 0.146837 125 8 8
-0.0422403 0.0121283 0.165146 117 68 46
-0.0409341 -0.0192115 0.161933 137 93 74
-0.039394 0.00795749 0.167022 134 84 66
-0.0298741 -0.00892139 0.150618 148 92 74
-0.0511827 0.0237407 0.142077 140 118 103
-0.00646468 -0.018391 0.166863 56 17 10
0.0149635 0.0171763 0.145012 148 73 68
0.0548904 -0.0449846 0.148721 134 98 78
0.0668163 -0.0574786 0.152438 154 136 104
0.0786929 -0.0017136 0.167745 162 135 116
0.0647215 -0.0358588 0.142005 166 140 131
0.066418 -0.0306101 0.163943 102 98 67
-0.0444637 -0.0398734 0.155838 44 25 8
-0.0497573 0.0206469 0.153495 148 126 110
-0.0578699 -0.010393 0.123706 120 44 35
0.0632227 -0.0506889 0.153311 122 6 6
0.0546573 -0.0409369 0.14368 133 97 79
0.0621584 -0.052423 0.15417 122 16 11
-0.0513634 0.0196312 0.149405 156 134 119
0.0880583 -0.00253349 0.177425 132 114 92
0.00195572 -0.0181373 0.182565 150 142 116
0.0835936 0.00626673 0.170981 172 150 141
-0.0024799 -0.000552547 0.178621 148 104 84
-0.00782792 -0.0179865 0.166768 132 92 74
-0.0637887 0.0159292 0.134092 90 21 25
-0.0492947 0.0111094 0.171099 151 102 82
0.0853316 0.014552 0.177162 182 156 138
0.0152566 0.0265818 0.156182 48 16 14
-0.0627636 0.0109146 0.131759 63 57 68
-0.0262703 -0.00165435 0.170312 86 38 25
-0.0389586 -0.017417 0.155981 96 52 28
-0.0620959 -0.00868883 0.125832 126 14 14
-0.00947078 -0.0288996 0.171438 151 109 86
0.063716 -0.0577688 0.156125 156 143 104
0.0543325 -0.0416289 0.142788 140 101 80
0.00588778 0.0172632 0.148603 153 52 40
-0.0595237 0.0117307 0.129612 84 50 54
0.0261017 0.0167425 0.14607 146 92 80
0.0460912 -0.0132927 0.173596 154 144 122
0.044799 -0.0445766 0.158733 144 141 90
0.0590094 -0.0435961 0.142487 118 63 38
0.0797323 0.00109672 0.17293 133 96 79
-0.00149462 -0.0376907 0.169743 48 30 11
0.0229805 0.00540408 0.152322 138 31 22
-0.0382606 0.0182771 0.168399 128 94 82
0.0225299 0.00951504 0.145389 146 26 22
-0.0372216 -0.000361237 0.164444 144 96 80
-0.0513262 0.0186904 0.165309 133 95 72
0.0523155 -0.05812 0.16516 126 94 66
-0.0198656 -0.0324296 0.169171 147 141 89
0.0234628 0.00756729 0.147434 140 30 24
-0.0445603 0.0226987 0.152215 160 138 125
-0.0276346 0.00436132 0.170067 121 75 57
0.0604933 -0.0568935 0.154746 153 142 96
0.086928 0.00266335 0.172684 93 59 30
0.0617795 -0.0508324 0.151981 122 10 8
-0.0443202 0.022205 0.154185 158 136 122
-0.00658315 0.0131629 0.161412 139 87 60
-0.00644025 -0.023849 0.166867 132 88 70
-0.00386251 -0.00311018 0.178416 157 114 92
0.0561097 -0.0464825 0.149614 110 36 17
-0.051387 0.00855446 0.136395 161 141 124
-0.0426889 0.0230168 0.145585 160 139 127
0.0437195 -0.0538214 0.158647 142 137 87
0.0422237 -0.0102426 0.181803 152 142 118
0.022804 -0.0443147 0.151277 140 136 88
-0.045895 -0.0412956 0.152445 76 60 30
-0.0362729 -0.0387556 0.164265 149 144 93
0.0376627 -0.00700461 0.187979 155 144 120
0.000609229 -0.0482175 0.174172 148 144 90
0.0453108 -0.0557602 0.162662 143 140 86
-0.0654509 0.0186622 0.128673 132 42 38
0.0562357 0.025569 0.171376 169 149 141
-0.020512 0.0203811 0.176862 168 140 130
0.0385321 -0.011434 0.168774 154 142 120
0.00857982 0.00699821 0.142496 67 18 12
0.0494069 -0.0121799 0.169201 124 108 81
0.0573658 -0.0227782 0.17215 157 123 102
-0.0368052 -0.0148179 0.163312 132 81 52
0.0232486 0.020401 0.147098 155 27 26
-0.0577393 0.0203208 0.138322 145 94 36
-0.055896 0.0176077 0.138694 150 121 94
0.0544955 -0.0146113 0.173409 135 104 76
-0.0311203 0.0122072 0.164668 106 60 46
-0.0540825 -0.0068076 0.122401 161 147 127
-0.0689151 0.00646862 0.121676 162 110 39
-0.0472584 -0.00475099 0.140814 146 83 70
0.0735558 0.0168647 0.170955 177 150 144
-0.0409734 -0.0385426 0.163273 152 146 91
0.0485263 -0.00894157 0.182262 152 142 116
0.0717149 -0.0155145 0.158924 56 40 44
-0.00602068 -0.0290222 0.169204 110 64 47
-0.022164 0.00994768 0.170868 103 50 28
-0.0548293 0.00579796 0.129332 124 14 14
0.0652668 -0.0246124 0.154007 95 84 67
-0.0149442 -0.0128877 0.156503 136 85 68
-0.0516788 0.0139799 0.138243 162 139 123
-0.0222245 -0.0156893 0.149949 153 104 80
0.0633503 -0.0150994 0.16118 62 48 27
-0.0574195 0.0235496 0.145909 130 75 67
0.0586897 -0.0096207 0.181149 85 64 52
0.0702364 0.0179705 0.171481 105 86 83
-0.0575934 -0.0139926 0.124068 162 149 126
0.0529247 -0.0396033 0.141885 158 130 119
0.0644172 -0.0265302 0.155493 114 111 82
0.0683171 -0.0157858 0.161523 158 116 94
0.0686643 0.00881771 0.163903 182 158 149
0.0570017 -0.0285468 0.171435 150 116 85
0.0795218 -0.00233594 0.170338 151 124 106
0.0178037 0.0238272 0.155496 149 40 38
-0.0393123 -0.0265868 0.155754 78 38 20
0.0647239 -0.0227252 0.153794 154 126 112
0.0488237 -0.0567173 0.16747 144 141 90
-0.0454853 -0.0359211 0.15028 100 62 45
-0.0483422 -0.000597807 0.135297 146 54 37
-0.0440351 -0.00559707 0.140809 160 136 112
-0.0251346 -0.00842204 0.151739 104 56 35
-0.0210145 -0.0213468 0.168773 126 84 56
0.0112237 0.0223509 0.154685 145 28 28
-0.033808 0.00243491 0.164447 153 112 98
-0.0368504 -0.0259975 0.162222 132 96 68
0.0509736 -0.00749679 0.174716 104 68 44
-0.0396258 -0.0211908 0.157019 152 108 89
-0.00926014 -0.0172896 0.167203 146 108 88
-0.0317362 0.0120703 0.16997 110 63 41
-0.04553 -0.027332 0.15673 126 66 46
-0.0167833 -0.0182966 0.163194 88 44 22
0.0569471 -0.00762011 0.178274 138 104 85
0.0144964 0.00933119 0.14567 141 26 22
-0.0590313 -0.0117919 0.124342 141 87 72
-0.0506421 0.0123929 0.138564 162 138 122
0.0749057 -0.00516726 0.170896 147 118 104
-0.0492529 0.0198897 0.153883 154 130 116
-0.0199235 -0.0135188 0.153828 82 30 16
0.0126807 0.00920497 0.142407 140 26 20
0.070372 -0.036185 0.151739 156 132 123
0.0638821 0.0042265 0.160404 120 74 48
-0.0483154 0.0101868 0.165835 170 122 100
-0.0535293 -0.0290583 0.158787 56 26 16
-0.0671659 0.00834766 0.123077 148 97 40
-0.0577025 0.0232057 0.143495 142 84 60
0.0489918 0.0120036 0.179343 120 100 84
0.0653723 -0.0553813 0.154197 140 81 63
0.0859118 -0.0349495 0.152332 154 138 124
-0.0353735 -0.0245648 0.167732 128 86 62
0.0620385 -0.0134587 0.161565 112 92 68
0.0667863 0.007375 0.162589 168 130 112
-0.0364375 -0.00759501 0.153878 130 74 54
-0.0551216 0.013027 0.132201 82 54 56
-0.00346809 -0.0173252 0.171641 93 49 26
-0.0240976 -0.000537164 0.175021 130 78 57
0.0593543 -0.0056637 0.166242 128 101 82
-0.0220402 0.012373 0.171398 104 54 27
0.0641896 0.0172116 0.169596 178 152 146
-0.0524556 -0.0177609 0.160604 72 32 20
-0.0191541 -0.00803244 0.171057 148 96 76
-0.00525982 0.0113415 0.167007 128 78 52
-0.0312888 -0.0102218 0.14838 163 106 84
-0.0618933 0.00424234 0.127874 101 10 12
0.0593726 -0.013314 0.184479 134 96 72
0.0180873 0.0154758 0.143239 106 67 56
-0.0219018 -0.0137956 0.155453 116 66 40
-0.0493264 -0.0134809 0.161318 97 58 44
-0.0506955 0.0222456 0.153895 147 126 111
-0.00298048 -0.0447481 0.170618 48 32 10
-0.0445642 0.00255449 0.164641 171 124 104
-0.0596735 0.0047715 0.130288 104 40 40
-0.0592225 -0.00617882 0.124476 134 80 78
-0.0263864 0.0126347 0.170175 89 46 31
-0.00527938 -0.0145882 0.1722 134 92 76
-0.000907347 0.010659 0.157323 110 70 42
0.0219293 0.0118339 0.145319 154 24 24
-0.00503818 -0.0185009 0.171112 74 32 22
-0.0257635 0.0081832 0.171619 90 43 28
-0.0601091 -0.0149162 0.121276 162 148 126
-0.042791 -0.0283612 0.158772 85 44 33
0.0802793 0.00078217 0.170887 146 112 96
-0.0620312 -0.0106458 0.128203 118 18 14
-0.0496946 0.024262 0.143228 141 122 108
0.0212565 0.0228641 0.14918 120 32 26
-0.0269018 -0.0062393 0.157606 130 84 68
-0.0484695 -0.0377958 0.151887 71 40 23
-0.0503194 0.0124961 0.136527 162 140 122
-0.0476944 -0.0391217 0.153255 50 28 15
0.0742233 0.0122363 0.165743 180 158 150
-0.0483756 0.000210074 0.135841 138 34 21
0.079051 -0.0326658 0.146896 162 136 120
-0.0288993 0.00721389 0.168753 130 82 68
-0.02598 -0.00541087 0.176894 54 16 7
-0.000541711 -0.0148569 0.186548 144 124 96
-0.0375919 0.0114112 0.158862 111 60 38
-0.0210702 -0.0121709 0.152795 82 28 13
-0.0519085 0.0291917 0.140077 122 24 24
-0.0594871 -0.0063059 0.12259 126 24 26
-0.0554979 0.0141955 0.133253 89 28 26
-0.0517023 -0.00320517 0.134218 153 124 84
-0.0394294 -0.0169693 0.16093 104 60 36
-0.0581683 0.0234966 0.139157 132 45 20
-0.0564412 -0.00664746 0.1229 118 18 18
-0.0226445 0.00416937 0.171911 146 94 72
-0.0604021 -0.000148166 0.12704 113 10 13
-0.0478375 0.0190956 0.153699 152 128 114
-0.0246036 0.0142316 0.174816 124 90 80
-0.0580017 -0.00774314 0.126315 118 35 26
-0.0412063 0.000767979 0.159149 160 112 94
0.0794777 -0.00341665 0.167843 131 106 85
0.0593218 -0.0401122 0.140441 164 135 124
0.0175297 0.00578233 0.148594 131 27 20
-0.037085 -0.0310373 0.160138 146 142 89
0.055293 -0.0423802 0.143847 118 70 45
-0.0607076 0.00506826 0.127359 111 34 36
0.0680661 -0.0362878 0.149062 154 126 115
-0.0499054 -0.00375839 0.138499 134 36 20
-0.00257411 -0.00292275 0.178053 161 114 94
0.0593148 -0.0084513 0.166147 104 80 52
0.0652597 -0.029871 0.163163 156 152 98
-0.00249339 0.0022318 0.177873 136 90 74
-0.0295131 0.00266342 0.172937 142 97 81
0.0478946 -0.013371 0.169352 157 146 123
-0.0174642 -0.0237134 0.173003 176 127 98
-0.0081205 0.0059788 0.172945 168 120 96
-0.051085 0.0056373 0.132314 162 144 126
-0.00988333 -0.0118763 0.172142 160 120 105
0.0583443 0.000918418 0.166292 100 57 30
0.0475379 0.0119461 0.178329 131 112 95
-0.0609028 0.015274 0.132908 60 27 33
-0.00671629 -0.0319833 0.171974 86 37 24
-0.0267862 -0.00397933 0.17372 70 28 16
-0.0497917 0.0264076 0.141751 142 120 106
-0.0487823 -0.021275 0.161366 159 108 82
-0.0198214 -0.0296348 0.174757 134 94 61
0.0571809 -0.00169627 0.172044 116 82 61
0.0280694 0.0177837 0.153448 150 130 117
-0.0510737 0.0197056 0.150345 157 135 120
-0.0258552 0.000494301 0.177037 87 36 20
-0.0516812 -0.00139844 0.135879 156 112 50
-0.0397101 -0.00669054 0.156888 119 70 44
-0.0471758 0.0197371 0.149297 152 128 114
-0.0514661 0.0119478 0.161535 146 98 70
-0.0482985 0.0284947 0.150424 162 142 130
-0.0536919 -0.0379295 0.155232 124 82 57
-0.0165737 -0.0473774 0.167412 66 44 17
-0.0509039 0.0152494 0.143739 160 138 122
-0.0274591 -0.0021802 0.176645 84 36 24
-0.0338149 0.010894 0.166824 128 78 49
-0.0460447 0.0186219 0.163981 125 89 72
0.0217663 0.00837721 0.147152 144 28 22
-0.0625572 -0.0122744 0.122954 31 25 51
-0.0355047 -0.0293984 0.172518 128 114 70
-0.0433455 0.00788657 0.161184 136 84 66
0.0634085 -0.0526555 0.153119 122 18 12
-0.0573959 0.00800566 0.167088 126 82 52
-0.0552236 0.0300506 0.140337 132 11 14
-0.00390541 -0.00275756 0.176079 142 100 79
-0.0407452 -0.04089 0.167012 150 146 91
-0.000848938 -0.0012971 0.17874 175 129 108
-0.0236226 -0.0301019 0.185313 126 98 64
0.0544818 -0.0584637 0.158362 149 137 105
0.0367019 0.00523787 0.183633 145 130 106
0.0179749 0.026561 0.152751 126 84 82
-0.0524781 -0.0383536 0.152121 62 30 14
-0.0211578 -0.0396191 0.175763 160 127 89
0.0337083 0.0207599 0.16156 152 133 120
-0.050087 -0.0422618 0.16116 50 30 15
0.0441322 -0.0507798 0.160326 142 139 87
-0.0528834 -0.0100832 0.139931 160 147 126
-0.0227279 -0.033825 0.175393 148 142 90
0.0485484 0.0162145 0.177417 154 134 122
0.00190365 -0.00705571 0.180643 149 114 85
-0.0542782 0.0341126 0.135886 162 135 128
0.0665386 0.0270643 0.171925 166 142 134
0.0283178 -0.00685967 0.198693 153 141 118
0.0117718 -0.00695708 0.195783 148 138 116
-0.0412161 0.0247082 0.17572 162 136 126
0.0756211 -0.0296924 0.16213 131 108 95
0.0680586 -0.0373199 0.141203 122 95 84
0.062854 -0.0297945 0.167383 159 155 102
0.0808342 -0.0243227 0.17716 93 38 30
0.0580448 -0.0404896 0.139937 138 96 73
0.0781571 0.00688556 0.16496 180 160 156
0.0518343 -0.0106663 0.170823 140 113 97
0.0703394 -0.0181936 0.158926 13 10 10
0.0765704 -0.0278829 0.166576 136 30 17
-0.0373177 -0.030059 0.160383 132 111 69
0.0556999 -0.0335931 0.17637 156 154 100
0.0586421 -0.0313621 0.149929 160 158 104
0.0748287 -0.0182279 0.162226 14 11 16
-0.00102041 0.00881381 0.187749 126 86 64
0.0195044 0.0110061 0.142816 78 30 18
0.0603949 -0.0154151 0.160193 162 153 130
0.0645923 -0.0335966 0.142235 166 140 130
-0.0545787 -0.00445554 0.122464 126 56 41
-0.048608 -0.032503 0.152926 76 33 23
-0.0145465 -0.0210219 0.165718 146 98 76
0.00466902 0.012473 0.149881 158 134 120
0.0593531 -0.0141023 0.15962 142 131 104
0.0717665 -0.0284961 0.159184 140 66 44
-0.0460861 -0.00948903 0.166104 135 88 68
0.0824609 0.00655032 0.169951 179 154 148
0.00639806 0.023093 0.149896 146 103 91
-0.0614287 0.00926159 0.125147 80 66 68
0.0638818 -0.0062949 0.163438 26 14 9
0.0818465 1.27209e-05 0.169828 142 108 90
-0.0247816 0.0103604 0.180548 87 38 22
0.00288444 0.00732757 0.180329 146 98 73
0.0532732 -0.0325079 0.157783 156 152 100
0.0654495 -0.0387798 0.135124 163 136 124
0.0595634 -0.0151985 0.15948 164 154 130
-0.047648 0.00449598 0.166452 174 126 105
0.0603019 -0.018759 0.180296 151 114 96
0.00492407 0.0115268 0.147677 162 135 124
-0.0486965 -0.0165319 0.16534 169 122 100
0.0674572 -0.00736945 0.161022 128 94 74
0.0784021 0.00975552 0.167471 179 160 152
-0.0383721 -0.0356259 0.15725 151 146 91
-0.0589709 -0.0160591 0.11888 132 121 108
0.0160322 0.0153641 0.144643 142 32 30
0.0702399 -0.0325131 0.142682 134 96 80
-0.0250356 -0.02059 0.164999 106 68 34
0.0570579 -0.0144333 0.178095 143 114 83
0.0574695 -0.0555178 0.169315 110 79 50
0.0803289 -0.0213282 0.165485 140 90 66
0.00882101 0.00248435 0.148598 132 33 20
-0.0309 -0.0220987 0.174772 90 52 18
-0.00381124 -0.02362 0.171946 76 35 22
0.0476147 -0.00977276 0.173998 153 142 119
0.0663865 -0.0430368 0.139243 120 72 43
0.066536 -0.01657 0.196567 108 78 52
0.00197572 0.012872 0.152572 164 137 124
-0.0567188 0.0273915 0.141394 132 12 15
0.0479503 0.00366768 0.168528 96 79 61
0.052544 0.00833302 0.170253 102 33 36
0.0587452 -0.00625843 0.173959 110 74 52
0.000825505 0.00317401 0.17782 174 128 106
-0.010579 -0.0386532 0.163551 172 102 80
0.0658441 -0.0132145 0.189748 107 93 60
0.0541236 -0.0333314 0.149715 108 51 20
-0.0591807 0.0159776 0.141831 98 13 8
0.0655483 -0.0152251 0.160911 188 119 81
0.0231645 0.0154371 0.148169 156 126 124
0.0242423 0.00933442 0.143976 148 26 22
0.0636485 -0.00967926 0.160553 168 100 64
-0.0351427 -0.0260244 0.161411 120 82 55
0.0810681 -0.00149022 0.165268 156 137 124
0.0164778 0.0031101 0.142214 108 46 28
-0.0426397 0.000373511 0.168743 148 100 82
0.0598764 -0.00856308 0.179391 140 112 94
-0.0177504 0.00596861 0.174935 202 157 133
0.00689688 -0.00234504 0.188366 147 120 92
-0.055741 -0.0109968 0.130504 163 148 126
0.0574125 -0.0262976 0.169703 158 122 102
0.0799232 -0.0057742 0.168379 82 60 44
0.0832046 -0.0252339 0.163882 100 74 67
0.0673765 0.0136955 0.168939 122 34 40
-0.0156261 -0.011142 0.162335 118 67 47
0.065311 -0.0272021 0.155746 88 84 70
0.0713815 -0.0619489 0.150329 96 54 19
0.0818011 0.0130571 0.178798 178 158 152
-0.0464341 -0.0164888 0.160069 173 126 104
0.0588761 -0.0315988 0.147403 160 157 103
-0.0653683 0.00664558 0.118045 156 106 42
-0.0451978 0.0173408 0.163033 117 72 50
0.068286 -0.0228037 0.161259 160 128 116
0.0480135 0.00358859 0.172274 128 104 84
0.0311829 0.0133526 0.156395 141 124 110
0.0677372 -0.025632 0.155034 130 64 52
0.0095999 0.0187378 0.143894 150 36 30
-0.0341356 0.00105249 0.166174 156 116 105
0.0727687 -0.0560785 0.151931 130 8 8
0.0628411 -0.00571486 0.166065 158 132 119
0.0473203 -0.00709154 0.181196 152 142 116
-0.0366593 -0.0314243 0.158181 148 144 89
0.0879428 -0.00364526 0.176673 130 108 88
0.0705887 -0.0059073 0.165958 154 122 101
-0.0197506 -0.0305865 0.188296 171 122 90
0.0492272 -0.0353431 0.156453 156 154 100
-0.0695345 0.00470321 0.121699 166 112 44
-0.0515844 -0.0170145 0.154291 56 24 14
-0.0609636 -0.00568316 0.118959 130 8 10
0.0553068 0.0147387 0.168437 154 119 101
0.047931 -0.00220228 0.193319 140 132 102
-0.0675766 0.00809688 0.119407 164 113 44
-0.0299919 -0.0223328 0.163721 130 88 64
0.0805757 0.0128558 0.168971 178 157 150
0.0783315 0.00490558 0.167739 98 53 28
0.072748 -0.0572982 0.155552 129 6 8
0.00418423 0.0138486 0.152835 103 78 67
0.0132164 0.020283 0.146455 158 26 26
-0.0618629 0.0212888 0.139913 90 25 14
-0.0202943 -0.013983 0.151068 107 58 38
0.0520938 -0.0219192 0.157202 139 106 88
-0.0379534 -0.0348741 0.160256 151 146 91
-0.0424749 -0.039974 0.160715 150 144 92
-0.000466669 -0.0383585 0.162519 64 54 20
-0.0606788 0.0151557 0.130439 117 24 28
0.0819989 -0.0308431 0.171303 136 109 96
0.0620035 -0.0363636 0.172795 138 64 32
0.0613678 -0.0396887 0.138216 168 141 130
-0.0510344 -0.0207797 0.16034 44 12 8
-0.0663108 0.0073013 0.12269 149 100 34
0.071368 -0.00522647 0.167814 145 114 92
0.0654941 -0.0265566 0.159482 77 80 64
-0.0308154 -0.02288 0.174375 95 58 22
-0.0387544 0.0107241 0.166445 120 68 48
-0.0490428 -0.00695695 0.171469 170 122 98
-0.0227071 -0.00118349 0.177968 148 95 76
0.069866 -0.0170275 0.162002 68 50 39
0.0770534 -0.0722057 0.172127 156 151 96
-0.0566293 -0.0247667 0.16871 64 26 18
-0.057106 -0.00163403 0.123097 116 11 14
-0.0498331 -0.0178601 0.160579 148 99 76
0.00780323 0.0152711 0.14371 163 29 28
-0.0477274 -0.0402393 0.157819 50 29 16
0.0630863 -0.0269959 0.165223 156 154 102
-0.0258946 0.00843598 0.168962 85 39 26
0.0635485 -0.0423667 0.140857 161 132 121
0.0489083 0.0021179 0.169201 167 142 128
-0.0428489 0.0120079 0.16435 120 70 50
0.0637916 -0.0313106 0.145389 144 114 102
-0.0546566 -0.0112304 0.127126 162 148 125
0.000113357 -0.0135585 0.18362 142 115 86
-0.0513387 -0.00721697 0.119605 162 148 126
-0.0399281 0.00158696 0.168736 140 92 76
-0.0173658 -0.0017839 0.170656 196 152 129
0.000728753 -0.0208925 0.191322 150 136 110
-0.0104794 0.00277875 0.190154 179 132 109
-0.0501818 -0.0402335 0.161142 57 34 20
0.0632947 -0.0334322 0.141727 166 140 130
-0.0253102 0.0136888 0.168628 130 100 94
-0.0159293 -0.000343455 0.161437 194 149 125
-0.0478565 0.0036758 0.167451 176 129 106
-0.00347526 -0.0171447 0.183128 112 70 51
0.0458422 0.0027128 0.185727 134 122 95
-0.0618064 0.0218519 0.139787 101 38 32
0.0439284 0.00975183 0.169929 132 113 94
0.00519028 -0.00488033 0.181176 144 116 86
0.0727 -0.0285774 0.143787 63 28 20
0.0621401 -0.0335548 0.140251 168 140 131
0.0689424 0.00235776 0.160511 124 80 56
-0.0488815 0.0236296 0.143596 142 124 110
-0.0638007 0.0127144 0.136961 106 74 76
-0.0548844 -0.0118972 0.116652 150 124 102
-0.0491294 -0.0219943 0.166477 161 112 86
0.0794604 0.0151706 0.171392 176 154 148
-0.0410067 -0.0386602 0.160824 150 146 94
0.0561487 -0.0343093 0.184239 155 152 100
0.0673866 -0.0313196 0.143398 136 100 82
0.0645557 -0.0141549 0.197241 164 131 104
0.0708081 -0.0132272 0.162997 175 132 110
-0.05189 0.0293883 0.144661 140 116 106
-0.0604166 0.0264644 0.136552 107 10 12
0.0544254 -0.0169576 0.173401 152 122 98
-0.0603813 0.0193275 0.134233 154 132 120
-0.000401954 -0.0391136 0.172694 106 98 59
0.00398418 0.0123895 0.150498 162 138 122
-0.0494902 0.00361799 0.157719 168 118 94
-0.0106266 0.00793933 0.165489 192 146 118
0.0745988 -0.0397435 0.13842 164 142 136
-0.00957569 -0.0373835 0.174429 114 62 49
-0.0617259 0.0306623 0.142213 129 14 16
-0.0554574 0.00743606 0.129821 126 14 17
-0.0574841 0.00625281 0.127771 20 16 26
-0.0528457 0.00511301 0.157713 155 104 78
0.0652842 0.0170651 0.163949 175 152 146
0.0764314 -0.0336263 0.163754 145 120 110
0.0778074 -0.0243898 0.169841 152 57 34
-0.0333824 0.00159381 0.169201 152 113 101
0.0784106 -0.0232227 0.164117 122 70 46
0.00265636 -0.0279812 0.163043 80 60 24
-0.0567274 -0.0102781 0.126739 163 147 126
-0.0478868 0.00280565 0.167553 188 142 118
-0.0531598 -0.00250299 0.125678 130 87 32
0.0590256 -0.00141281 0.169749 141 113 96
-0.0419167 -0.000489056 0.165975 147 99 82
0.0714822 -0.0459697 0.14528 119 59 38
0.0771236 0.00768733 0.166385 176 157 151
0.057355 0.0053064 0.164471 178 150 140
0.0893768 -0.0107852 0.185679 143 100 77
0.0187847 0.0130773 0.143007 93 86 70
0.0487273 -0.0514377 0.161539 150 144 90
-0.0497356 -0.0245796 0.157463 40 12 6
0.00827359 0.000794855 0.188657 144 113 82
-0.0302665 0.0105583 0.163136 150 102 82
-0.0169793 -0.0350509 0.166632 154 124 84
0.0478772 -0.00998733 0.195743 154 144 119
-0.0361816 -0.0160895 0.157749 102 61 37
-0.0629519 0.0290487 0.142305 126 12 12
-0.0655391 0.00582171 0.121485 146 74 24
0.0575583 0.0164369 0.171613 121 78 58
0.075413 -0.0602898 0.156547 129 10 10
-0.0549645 -0.0372481 0.160076 122 80 56
0.0549005 0.00455199 0.161633 178 150 142
-0.0551671 -0.0114927 0.127085 162 148 124
0.0857749 -0.00254996 0.176077 134 94 75
-0.0309849 -0.024987 0.170251 130 93 64
0.0664773 -0.0567067 0.158359 137 92 66
-0.0347805 -0.00124897 0.164766 152 112 100
-0.0469822 0.0259952 0.145969 156 136 126
0.00331295 -0.00807243 0.180838 146 118 88
-0.000466425 -0.0374345 0.170429 148 142 95
-0.0313635 0.00541854 0.1683 151 108 92
-0.0516572 0.0228479 0.151289 144 124 110
-0.0585266 -0.0342872 0.169873 70 38 27
0.0510895 -0.0381032 0.16789 152 150 98
-0.0505926 0.010536 0.162964 169 122 98
0.066502 -0.000710032 0.167124 132 104 90
0.0610557 -0.0538326 0.142891 156 138 109
-0.0432813 -0.00280773 0.159492 194 150 129
0.00232382 0.0165398 0.143007 158 132 116
-0.0527825 0.0108238 0.133855 167 140 125
0.0499579 -0.0589801 0.179893 143 141 88
0.0838897 -0.025002 0.174292 128 76 50
-0.0649596 0.0140601 0.13216 124 16 20
-0.0334331 0.00412176 0.172053 154 114 104
0.0579264 -0.0574792 0.164061 140 120 106
0.0297205 0.00260212 0.177187 162 145 122
-0.0531388 -0.0132805 0.12424 162 148 126
0.0713258 -0.054764 0.147392 126 7 7
-0.0258291 -0.00100423 0.177187 83 33 16
-0.061352 0.016015 0.12918 126 16 16
-0.0639031 0.0154351 0.133518 121 16 19
-0.0532925 -0.00488756 0.138541 160 144 124
0.0439746 0.0111788 0.170088 141 121 104
-0.0650502 -0.000241383 0.121075 152 52 44
-0.0692751 0.00769877 0.119119 149 100 39
0.0440584 -0.0459242 0.156434 148 144 90
0.00258429 -0.00956658 0.184066 144 116 87
0.0357248 0.0195754 0.169214 154 136 124
0.0497655 0.0140624 0.170804 153 130 120
-0.0551133 -0.00826007 0.159029 158 144 122
-0.0220903 -0.0334483 0.18911 146 135 85
0.0365861 0.00242858 0.190611 150 137 112
0.0373228 0.00413553 0.171778 142 128 102
0.0778062 -0.0564389 0.153034 15 11 10
0.0524269 0.01822 0.171453 170 150 140
-0.0185297 -0.0577741 0.190084 150 144 93
-0.05913 -0.0377518 0.160511 68 36 17
0.0778652 -0.0565033 0.14676 155 150 98
-0.0566832 -0.0392958 0.157273 70 38 18
-0.0203277 -0.0396212 0.16333 148 145 91
-0.0218284 -0.0389715 0.161472 150 146 92
-0.0427748 0.0293676 0.154865 164 140 132
-0.00477847 -0.0490452 0.160946 148 146 94
0.0715019 0.00530832 0.13406 102 67 46
-0.0257029 -0.040459 0.166846 148 145 93
-0.0444601 -0.0435479 0.135833 149 144 90
-0.0791271 -0.0708684 0.203177 146 142 86
-0.0468074 0.0522024 0.197339 164 144 136
0.0546155 0.0367283 0.178214 166 147 138
0.0214571 0.0408363 0.164861 167 143 139
0.0583483 0.0363802 0.175646 164 146 138
-0.0541704 0.00519198 0.130582 146 78 72
-0.0138708 -0.0356356 0.164053 176 114 89
-0.0392608 -0.021664 0.160242 151 110 92
-0.0565107 0.0189939 0.142148 153 122 100
-0.0534725 -0.0304968 0.156767 44 18 10
-0.00931015 -0.0421649 0.164803 98 57 38
-0.042514 -0.00455897 0.140316 176 142 116
-0.028255 -0.0117575 0.149234 98 51 32
-0.00497997 -0.0302653 0.170555 96 48 33
-0.0362259 -0.0271318 0.163032 136 101 72
-0.0407286 -0.0345424 0.15466 152 98 76
-0.000735622 -0.0314986 0.171872 72 38 18
-0.0509161 -0.00370361 0.136009 144 109 74
-0.034209 -0.00752029 0.154617 170 111 92
-0.00521483 -0.0468593 0.171313 45 30 13
-0.0421532 -0.00383009 0.140588 179 138 114
-0.0246038 -0.0139835 0.151591 144 96 76
-0.0322209 0.0151494 0.166978 80 36 24
-0.0347804 0.0144758 0.168097 112 62 41
-0.0016364 -0.0360353 0.17475 64 38 15
-0.0511331 0.000464317 0.130835 153 110 52
-0.0457121 0.000145858 0.137263 137 47 42
-0.0384611 0.00277831 0.165392 142 94 77
-0.0343988 -0.000802283 0.166342 149 110 100
0.000586998 -0.0306999 0.171805 99 61 32
-0.0446371 -0.0220857 0.159327 138 88 66
-0.0186239 -0.0140538 0.155524 120 72 52
-0.0112895 -0.0338278 0.167082 116 62 43
-0.0114066 -0.0324963 0.164943 112 60 38
-0.122625 -0.0383779 0.23408 124 118 74
-0.0337713 -0.00914119 0.151327 180 119 100
-0.121291 -0.0364819 0.234934 146 138 104
-0.124038 -0.0374658 0.243174 146 136 106
-0.0428501 -0.023654 0.159101 146 98 77
-0.0484051 -0.0217968 0.156093 105 50 29
-0.0356951 0.00876659 0.166172 154 106 90
-0.050822 0.0119404 0.135978 157 132 117
-0.0267004 -0.0297231 0.179355 136 133 84
-0.0122127 -0.0250534 0.168413 170 125 102
-0.056424 -0.0265756 0.155062 76 41 24
-0.0559566 0.00251855 0.125936 126 14 17
-0.0163669 -0.021695 0.166951 170 124 96
-0.0331255 -0.0181878 0.158286 126 84 57
-0.0520411 0.00937023 0.133931 158 133 118
-0.0522853 0.0101693 0.133341 160 138 123
-0.0501835 -0.0259366 0.155644 38 15 8
-0.0426355 0.00410336 0.164663 144 96 80
-0.036641 0.0169362 0.163814 56 20 10
-0.0551487 -0.0216669 0.154456 118 68 48
-0.0168386 -0.0465515 0.16966 59 32 16
-0.0547492 -0.0229476 0.154592 99 54 38
-0.119644 -0.0369563 0.239167 140 132 98
-0.0373865 -0.0443704 0.169539 150 146 93
-0.0309063 -0.0398995 0.162967 152 148 94
-0.0202686 -0.0355029 0.169453 152 146 97
-0.0710262 -0.0304678 0.159208 143 137 87
-0.0319358 -0.0438363 0.16149 151 146 95
-0.0301332 -0.0296298 0.175616 140 136 84
-0.022557 -0.0502404 0.163553 151 146 94
-0.0329853 -0.0466464 0.155894 150 146 94
-0.120581 -0.0656667 0.229122 151 144 92
-0.0363885 -0.0124051 0.152657 124 76 50
-0.0399659 -0.0229633 0.159606 151 108 86
-0.0173441 -0.0439656 0.171655 118 72 56
-0.0462531 0.0134502 0.168024 135 86 72
-0.0468804 -0.0234916 0.158059 154 98 70
-0.0559074 0.00513766 0.127413 124 14 14
-0.0525778 -0.00310784 0.131467 154 138 118
-0.0447719 0.000169329 0.139857 146 76 66
-0.0174894 -0.0153275 0.153511 120 78 57
-0.0298953 -0.0108391 0.149548 123 67 53
-0.0523001 0.0130867 0.13576 159 138 124
-0.0455839 -0.0321406 0.152407 144 88 72
-0.046648 -0.0242018 0.157515 165 109 82
-0.0365541 0.00561508 0.167583 146 100 84
-0.038177 0.00285408 0.170271 144 98 82
-0.0167313 -0.0345991 0.172422 144 90 64
-0.0389517 -0.00967538 0.153783 120 70 52
-0.0110001 -0.0469333 0.166895 46 22 12
-0.0348447 0.00932388 0.166934 150 103 87
-0.0511798 0.0267807 0.14421 141 118 108
-0.0356848 -0.00819102 0.15327 162 102 84
-0.00389325 -0.0459575 0.172017 66 48 23
-0.00700876 -0.0395996 0.166702 56 28 17
-0.0528763 0.0124418 0.135049 142 96 84
-0.163844 -0.0502961 0.301905 125 119 75
-0.0452498 0.0235716 0.151172 154 134 124
-0.000912782 -0.0333151 0.171975 82 52 27
-0.0518067 0.0101628 0.133577 159 138 123
-0.0361021 -0.0333246 0.161674 146 142 91
-0.0400675 -0.02388 0.159622 126 85 62
-0.0519441 0.00450307 0.130428 146 118 86
-0.0358496 0.00796931 0.167392 152 106 90
-0.0505846 0.0106874 0.135841 156 132 116
-0.0197006 -0.0223675 0.178567 155 109 82
-0.0441702 -0.0208158 0.158769 142 98 74
-0.0393438 0.00565088 0.167453 142 94 78
-0.0412836 0.0118186 0.171438 115 66 47
-0.05413 -0.0364786 0.15818 64 32 18
-0.0361909 0.0117143 0.16865 124 74 51
-0.0425456 0.0160215 0.170051 110 64 44
-0.0457146 -0.0275911 0.151751 172 103 82
-0.0392014 -0.0401818 0.163029 150 146 97
-0.139142 -0.104294 0.265919 151 144 96
-0.0130974 -0.0482435 0.168484 52 28 12
-0.00537073 -0.0491738 0.169162 152 148 100
-0.00634585 -0.0482171 0.164889 106 96 61
-0.0308387 -0.0360418 0.163304 148 144 94
-0.0353521 -0.0395764 0.162235 150 146 98
-0.0337423 -0.0387797 0.162756 151 146 98
-0.0197828 -0.0478484 0.169846 150 146 96
-0.0494648 -0.0409651 0.149351 110 100 62
-0.0301665 -0.0419989 0.171055 150 144 94
-0.0349637 -0.0461958 0.163803 150 145 96
-0.144377 -0.101738 0.288138 150 142 94
-0.128594 -0.0954434 0.255817 148 140 90
-0.0580905 -0.0723367 0.177827 147 142 90
-0.0411102 -0.00108385 0.137318 162 127 98
-0.0574606 0.0248317 0.141942 123 14 14
-0.03145 -0.016621 0.157003 162 108 80
-0.0255226 -0.0188102 0.155645 105 68 30
-0.0472152 -0.00894702 0.166826 99 53 31
-0.0442463 -0.0271124 0.153293 135 74 52
-0.0460366 -0.0169301 0.147018 64 25 18
-0.0195416 -0.0232152 0.171322 174 122 93
-0.0464694 0.00382849 0.165277 170 122 102
-0.050861 0.00966936 0.168022 176 126 104
-0.047407 -0.00337237 0.134433 132 12 14
-0.0513471 -0.0041039 0.147083 119 18 14
-0.037256 0.0115699 0.156452 106 58 38
-0.0202452 -0.0134882 0.156494 164 112 100
-0.0643742 -0.0129226 0.139641 162 147 125
-0.059302 -0.00145569 0.160126 136 16 20
-0.0472984 -0.00970267 0.166973 94 48 26
-0.0367938 0.00979535 0.167182 157 108 88
-0.0343057 -0.0265833 0.168706 124 88 54
-0.0379658 -0.00338396 0.141742 175 125 101
-0.0527792 0.0143842 0.138475 158 136 118
-0.0166057 -0.0184115 0.160952 97 54 26
-0.0538464 -0.000124725 0.137704 152 107 44
-0.0351611 -0.00144815 0.168508 140 100 86
-0.0542653 0.00207553 0.147874 169 132 116
-0.0596198 0.00745538 0.134048 104 28 32
-0.0278449 -0.000314916 0.165164 134 88 74
-0.0593969 0.0179491 0.150015 158 134 118
-0.0568051 0.00810259 0.142055 161 141 123
-0.0448257 -0.0207683 0.141528 48 16 10
-0.057445 0.0140099 0.143619 158 137 120
-0.0374275 0.00334457 0.178216 148 108 92
-0.0392228 -0.0123738 0.155563 106 60 32
-0.0621686 0.020146 0.155168 156 134 118
-0.0580032 0.0280386 0.143136 132 12 14
-0.051358 0.0208094 0.154995 150 128 112
-0.0455782 -0.00848124 0.156229 135 90 70
-0.0290363 -0.00145142 0.170199 130 85 70
-0.0535599 0.0241971 0.140294 132 109 95
-0.0521254 0.0247006 0.123872 77 14 14
-0.0325189 -0.0194411 0.174939 138 89 58
-0.038796 -0.00422061 0.156463 158 110 88
-0.0444659 -0.00416798 0.175525 136 89 74
-0.0337527 0.00605571 0.176341 143 98 82
-0.0511095 -0.00822498 0.152625 156 142 119
-0.0467126 -0.00692043 0.156572 159 116 91
-0.0590613 0.0303277 0.139964 127 12 16
-0.0422512 0.0192027 0.15281 142 114 102
-0.0569129 0.0137583 0.131152 108 26 26
-0.0496855 -0.006135 0.169526 168 119 96
-0.0592737 -0.00658258 0.150612 160 144 122
-0.0546411 0.0116414 0.135651 162 137 120
-0.0292537 -0.0304358 0.175255 138 133 83
-0.0449762 0.00969453 0.142938 114 73 44
-0.053187 0.00624884 0.147886 158 138 120
-0.0272069 -0.0335953 0.196144 140 130 82
-0.0429884 0.0245093 0.194607 158 130 121
-0.0469404 0.0296364 0.163614 160 138 129
-0.0368846 0.0268381 0.187584 162 136 127
-0.0498955 0.0134034 0.16984 148 102 81
-0.0391118 -0.013148 0.156213 92 49 24
-0.0328692 0.00247479 0.170607 144 102 86
-0.0327531 -0.00975947 0.152818 157 96 75
-0.0335491 -0.0151763 0.161675 154 100 72
-0.0225147 -0.0124582 0.165525 152 99 83
-0.035031 -0.0269301 0.143714 93 54 24
-0.0548726 -0.0108702 0.129172 162 146 126
-0.0174543 -0.0262069 0.16791 169 120 90
-0.0449228 -0.0183324 0.155564 166 120 97
-0.0518149 0.0127399 0.17078 170 122 99
-0.0205539 -0.02241 0.175343 170 119 88
-0.0494864 0.00514575 0.156364 166 118 92
-0.055387 0.0216288 0.132588 124 11 11
-0.0490837 0.0279637 0.143851 146 124 112
-0.0468169 0.0227796 0.141658 143 121 107
-0.0382691 0.0168781 0.0976255 86 18 12
-0.031547 -0.0237269 0.166773 125 85 56
-0.0509667 0.0203534 0.141482 154 132 118
-0.0513101 0.00025615 0.174349 185 140 116
-0.0584487 0.0114015 0.139584 118 19 16
-0.0452192 0.0196126 0.117975 121 48 22
-0.0375128 -0.0320814 0.161667 146 142 92
-0.0474946 -0.0289278 0.147614 38 10 4
-0.0690808 0.00222934 0.208968 162 113 90
-0.0326434 -0.00540927 0.138266 99 53 28
-0.0472967 0.0241034 0.144051 146 124 110
-0.0314319 -0.0138045 0.155437 129 76 52
-0.0310959 -0.0254729 0.169561 130 110 72
-0.00344491 -0.0407275 0.167386 52 33 17
-0.0170241 -0.0159039 0.153981 112 64 48
-0.0492788 -0.00192862 0.136751 137 14 14
-0.0190303 -0.0191525 0.156287 96 54 36
-0.0510969 0.00419915 0.162333 162 116 88
-0.0391363 -0.0111125 0.152661 139 90 63
-0.0459683 -0.0261671 0.14911 152 90 71
-0.023406 -0.0236224 0.176278 120 74 48
-0.0545578 -0.00458553 0.131994 161 145 124
-0.0442756 -0.0335871 0.151992 180 122 102
-0.0365719 -0.00494631 0.139421 175 125 102
-0.0485586 0.00386173 0.15415 162 116 90
-0.0518018 -0.00263355 0.116674 103 20 14
-0.0343162 0.022068 0.0990735 119 20 21
-0.0275205 0.00901504 0.140591 126 75 51
-0.046728 0.000404976 0.128804 152 98 42
-0.0588189 0.0105492 0.191587 168 120 100
-0.0401921 -0.00327102 0.149586 182 133 112
-0.0482019 0.0172772 0.178682 96 46 26
-0.00353779 -0.0346559 0.159463 30 14 6
-0.0541455 0.00353857 0.130132 123 62 19
-0.000414224 -0.0381606 0.175385 146 142 92
-0.036108 0.018696 0.101609 129 10 13
-0.0474285 -0.0288787 0.154152 174 105 80
-0.0604213 0.0295776 0.188858 156 134 121
-0.046039 0.00434258 0.16358 172 124 102
-0.0360928 0.0140375 0.167898 128 76 54
-0.061747 0.029665 0.189182 154 132 118
-0.0151191 -0.0465873 0.168044 54 25 14
-0.0467973 -0.000541755 0.160383 172 126 102
-0.0456672 -0.00185747 0.108006 86 16 8
-0.0133174 -0.029629 0.161953 165 111 82
-0.0265253 0.0148615 0.113385 152 126 114
-0.0734033 0.0338842 0.212563 149 127 114
-0.0535423 0.025318 0.128413 130 10 12
-0.0710148 0.0218682 0.197475 155 128 114
-0.0586063 0.0306298 0.180082 158 137 125
-0.0426258 -0.00737038 0.120102 161 145 124
-0.0403503 0.0174026 0.169646 88 48 32
-0.0361139 -0.037463 0.160123 149 144 94
-0.0530421 -0.0432081 0.160099 105 91 54
-0.0551992 -0.0447779 0.162915 149 144 90
-0.0333761 -0.0619896 0.143667 146 140 86
-0.0497397 -0.000851498 0.138113 148 58 33
-0.0549602 0.0274535 0.14264 124 17 20
-0.0248927 -0.0113996 0.149953 123 74 50
-0.0549874 0.00343663 0.126832 111 7 10
-0.0328289 0.0013379 0.169975 145 104 89
-0.0616071 0.0235593 0.144869 124 14 12
-0.00156803 -0.0439009 0.17897 103 96 57
-0.0337836 0.0145378 0.166422 81 34 22
-0.0522012 -0.00326165 0.134903 150 120 76
-0.0538787 -0.00195044 0.129987 138 92 33
-0.0379607 -0.0168859 0.156492 94 50 30
-0.034111 -0.0258048 0.170922 122 84 53
-0.0443657 -0.0378951 0.152936 130 90 62
-0.0250015 -0.0230218 0.180773 110 66 40
-0.0314184 -0.00849855 0.150548 176 118 96
-0.050616 0.00385131 0.136589 162 143 124
-0.0554919 0.00650121 0.130096 126 14 15
-0.0362355 -0.00775401 0.152325 154 95 74
-0.0465492 -0.00379642 0.140516 143 75 66
-0.04237 -0.0152207 0.157059 132 86 64
-0.0594523 0.0258223 0.148063 116 14 8
-0.0414519 -0.036427 0.157271 152 112 76
-0.0571121 0.004173 0.132275 120 13 14
-0.0416015 0.0149043 0.165191 98 53 32
-0.0507477 0.00753936 0.136185 162 140 124
-0.0504109 0.0218357 0.15012 143 121 108
-0.0360155 0.00128851 0.164127 145 100 84
-0.0507856 -0.0337022 0.154888 70 34 26
-0.0522837 0.0211919 0.160125 150 128 114
-0.0358728 -0.0296052 0.180794 128 122 75
-0.0507769 0.0211982 0.159743 148 123 110
-0.038812 -0.0216459 0.154801 157 114 96
0.00146258 -0.0310844 0.175601 126 100 66
-0.0547608 -0.00592254 0.124849 163 147 128
-0.0537676 0.013953 0.13254 121 22 18
-0.0465859 -0.00297396 0.140263 138 64 57
-0.0220868 -0.0134581 0.149007 130 80 58
-0.0317846 0.00823416 0.165205 146 102 84
-0.0288201 0.00400821 0.163941 144 100 85
-0.0339207 -0.022836 0.174208 126 81 54
-0.0349246 0.00862392 0.168416 158 112 96
-0.0506989 0.00745297 0.172353 170 123 101
-0.036309 -0.0299231 0.175246 132 122 74
-0.0505079 -0.00406198 0.141269 126 12 12
-0.0560853 -0.00375611 0.125389 142 86 73
-0.038716 0.0176889 0.171739 72 31 21
-0.052971 0.0232587 0.162158 145 123 108
-0.0228311 -0.0340283 0.177243 144 142 90
-0.0532769 0.0251395 0.148536 140 118 104
-0.0521268 0.0087279 0.145157 159 136 120
-0.0412686 -0.0367985 0.15273 86 60 38
-0.0401911 -0.0027308 0.139955 172 125 102
-0.00295344 -0.0380918 0.167113 38 22 12
-0.0430344 0.0173192 0.16737 95 52 31
-0.0554074 0.0124073 0.130956 79 51 54
-0.0549942 0.00182837 0.13251 132 64 27
-0.0358015 -0.0309638 0.190664 126 122 73
-0.0370698 -0.0308857 0.1901 126 122 74
-0.0379705 -0.0319082 0.184308 134 132 81
-0.0444066 0.0240326 0.156219 162 139 128
-0.0477363 -0.0418241 0.155511 58 36 14
-0.0241565 -0.046345 0.176168 148 145 94
0.00530279 -0.0507075 0.185997 146 142 92
-0.0478284 -0.0503704 0.152391 150 144 92
-0.0327806 -0.0438349 0.145177 148 144 92
-0.0739318 -0.0428628 0.158966 152 144 94
0.0593096 -0.0163691 0.180108 108 71 46
0.0116348 0.0138582 0.143885 154 22 22
-0.0553215 0.00143427 0.12654 115 15 16
0.0507221 -0.0128388 0.175211 90 70 34
0.061818 -0.0109682 0.164188 112 84 67
-0.0484823 0.0264897 0.1434 145 124 114
0.0759102 -0.012785 0.161843 70 45 42
-0.0651021 0.00509579 0.122434 128 16 11
0.00955779 0.0189485 0.148422 154 24 24
-0.0423183 -0.0322013 0.154479 165 109 93
-0.056493 -0.00319818 0.122122 140 92 92
0.00169113 0.00864366 0.176929 117 70 49
-0.00691224 -0.0156737 0.170794 118 78 63
-0.0649088 0.0056223 0.122569 132 18 14
0.0683381 -0.0569173 0.152076 152 134 108
-0.0431185 -0.0299083 0.154321 172 102 86
0.0134718 0.00203864 0.146656 168 152 136
-0.0414892 -0.0272776 0.156841 90 47 33
0.0198221 0.0194835 0.146801 140 96 90
-0.0181252 -0.0405288 0.173613 66 36 21
0.0597467 0.0107041 0.165907 185 165 158
0.014385 0.0226324 0.153393 142 66 64
0.0498295 0.000881555 0.171601 152 129 112
0.049558 0.000632188 0.173687 153 130 114
0.0111387 0.00403422 0.14365 130 28 22
-0.0222397 0.00524714 0.175538 160 110 90
-0.0466801 -0.0162414 0.160779 175 128 106
-0.0462287 0.0160577 0.168301 118 72 51
-0.0450866 -0.030335 0.154294 122 61 46
-0.0419234 -0.037335 0.155914 93 65 39
-0.0215539 -0.0283134 0.186906 110 69 40
0.0133619 0.0223324 0.151747 150 62 60
-0.0254449 -0.0121689 0.149802 133 84 63
0.0464625 -0.0502911 0.162992 160 157 107
-0.0271668 0.00804104 0.170569 114 66 54
-0.0467537 -0.0365763 0.15157 58 34 26
-0.0587881 -0.00623338 0.12361 132 17 22
-0.052519 0.0142274 0.137365 160 140 127
-0.0357011 -0.00993263 0.151658 134 78 60
-0.0476341 -0.0145704 0.16028 168 121 98
-0.052509 0.00855315 0.131987 140 76 70
0.0628139 -0.0331991 0.142264 158 134 128
-0.0499006 -0.0388332 0.15729 56 29 13
-0.0346678 0.00626588 0.169316 146 101 87
-0.0257623 0.00594398 0.175668 88 38 28
-0.0170364 -0.0222655 0.170301 189 142 116
-0.0602916 0.00971634 0.12909 20 18 34
0.0176553 0.0210021 0.153357 139 113 108
-0.0291635 0.0142568 0.170875 72 33 20
-0.0314498 0.00699225 0.167851 153 114 102
-0.035522 -0.0174093 0.15898 132 94 78
0.0513387 0.00608041 0.171052 98 18 12
-0.0525795 -0.0214839 0.159524 53 21 16
-0.0498917 -0.0250403 0.158936 54 25 16
0.0607552 -0.0513968 0.154324 152 135 115
-0.0482062 -0.0322212 0.153502 51 19 10
-0.0125537 -0.000822538 0.173386 174 120 98
0.00698146 0.00351089 0.145901 134 30 22
-0.0492511 -0.0171423 0.160741 132 78 58
-0.016343 -0.0236604 0.1688 197 148 122
-0.0586055 -0.00708827 0.123022 132 16 21
0.0240556 0.0143628 0.145786 148 22 23
-0.0405036 0.0147138 0.166452 98 50 30
-0.0625908 0.00393595 0.126696 112 8 11
-0.0569246 0.0279638 0.139179 134 12 16
-0.0503502 -0.0110035 0.164279 45 14 8
-0.0163937 -0.0225756 0.168376 198 152 128
-0.0297804 0.00467894 0.16766 146 102 90
0.020918 0.00139352 0.153735 160 144 125
-0.0327371 0.00286517 0.16492 156 116 108
-0.0513258 -0.00361693 0.134998 156 136 110
-0.036095 -0.000920208 0.166289 140 96 84
0.00341217 0.0172334 0.155677 128 106 94
-0.00848359 -0.00482515 0.171 180 138 121
0.083185 0.036968 0.170788 160 142 132
0.0564588 -0.00758274 0.178529 127 95 72
-0.0240423 -0.0109532 0.151034 120 72 48
-0.0212655 -0.012329 0.154568 106 58 35
-0.0562615 0.0195263 0.14122 145 108 80
-0.0330132 -0.0131071 0.153333 124 77 54
0.048826 -0.0565866 0.165867 157 154 100
-0.0607145 -0.00713334 0.123482 139 18 20
0.0114296 0.0042905 0.142931 126 38 24
0.0575999 -0.00359152 0.170938 130 110 93
-0.0551774 0.0126164 0.133787 75 53 60
0.00891042 0.0228875 0.153068 154 26 26
0.0550724 -0.0330854 0.173213 166 163 110
-0.0509459 -0.0203144 0.158027 48 16 10
0.0538237 -0.0555192 0.168572 140 110 64
0.000896144 -0.0235331 0.169693 80 42 24
-0.0288728 0.0148966 0.167949 71 30 20
0.0504577 0.0127313 0.175632 82 48 27
-0.0357191 0.00564127 0.166023 150 103 86
-0.013568 -0.0463179 0.168324 72 43 29
-0.0457774 -0.0267785 0.153268 164 101 78
-0.0582732 -0.00180753 0.121027 121 15 18
-0.0575497 0.015184 0.132856 128 15 18
-0.0184818 -0.00458056 0.17461 188 142 118
-0.047294 0.0132239 0.167642 148 100 83
-0.0296694 0.0110318 0.167503 118 72 48
0.0519359 -0.0128856 0.168886 166 138 114
-0.0622597 0.0170322 0.133045 126 20 23
-0.0597993 0.0140977 0.131336 86 32 42
-0.0198862 -0.0121868 0.155104 130 77 62
-0.057598 0.0319602 0.138461 122 25 27
-0.0597197 -0.00645267 0.120357 139 16 22
-0.0498067 0.0154632 0.16825 122 71 46
-0.0606183 0.0254563 0.138032 69 6 8
0.0697397 0.00413782 0.163844 92 50 28
-0.0608882 0.0239873 0.140469 90 11 10
-0.0151996 -0.0139501 0.159781 154 104 90
-0.00634971 -0.0366028 0.165919 44 20 12
-0.0620722 0.00976653 0.129008 60 46 52
0.011876 0.00513969 0.145502 48 20 8
-0.0382091 -0.00334205 0.16597 138 92 76
-0.0497979 0.00963002 0.16843 188 141 116
-0.00335764 -0.0244461 0.169302 51 16 10
0.055322 -0.0395437 0.140734 148 120 110
-0.0617386 -0.00382328 0.122233 32 18 54
-0.0594272 0.000691712 0.12429 118 12 16
-0.0491982 -0.0139665 0.162076 69 29 18
-0.0426266 -0.0272354 0.156123 87 42 32
-0.0379671 0.00685485 0.166712 144 97 79
0.0122308 0.0107038 0.138648 150 24 24
-0.0316429 -0.00989865 0.152217 186 128 104
-0.0041354 -0.0164788 0.171617 80 34 24
0.0238922 0.0223232 0.150185 129 35 33
-0.0213606 0.00393433 0.17888 175 124 100
-0.0378399 -0.0282358 0.157783 136 108 75
-0.040958 0.00524689 0.167888 141 93 76
-0.0316097 -0.00722417 0.154397 160 108 90
-0.0491756 0.0279841 0.144416 147 126 115
-0.00681633 -0.0455739 0.167218 50 26 12
-0.0511957 -0.0177609 0.159346 48 16 11
-0.0346217 0.00911505 0.165563 158 110 94
0.0582871 0.0158667 0.170215 166 140 132
-0.0672703 0.00788352 0.123026 156 106 46
-0.0483966 0.00971119 0.167417 168 121 100
0.0189569 0.0161362 0.145252 126 94 80
-0.0294026 -0.0136552 0.148894 162 106 76
0.0588767 0.0052032 0.165437 166 138 130
0.00530601 0.0166787 0.152415 140 80 66
-0.0401946 -0.0285327 0.156563 110 70 45
-0.0333576 0.00886528 0.16647 162 116 101
-0.0069353 0.00265132 0.172942 177 132 116
-0.0488128 -0.0146376 0.159908 125 77 60
0.0497486 0.0112217 0.176713 80 50 26
-0.00751125 -0.0415874 0.164894 38 14 7
-0.0518228 0.00787903 0.132919 130 102 78
-0.0549522 0.0259205 0.140997 136 14 18
-0.0456959 -0.0274972 0.152817 172 106 84
-0.0572229 0.0220062 0.142812 140 60 40
-0.0628006 0.00136757 0.128217 122 8 12
-0.0641566 0.00507369 0.123932 129 15 20
-0.057188 0.0195033 0.140187 150 101 44
-0.0544658 0.0262838 0.146911 139 118 106
-0.0587222 0.000240396 0.126022 117 9 12
-0.0374207 0.00607199 0.169281 148 100 84
-0.0370176 0.00328572 0.167602 145 98 81
0.0511658 -0.042823 0.146771 149 124 109
-0.0524767 0.0295953 0.141916 132 18 22
-0.0634348 0.00101286 0.127272 126 9 12
0.0608219 -0.0547626 0.156655 158 140 114
-0.0598082 0.0293803 0.138691 130 12 18
-0.0549993 -0.0118368 0.124894 160 147 124
0.0189843 0.0200353 0.145846 154 26 26
-0.0640974 0.00178836 0.129092 116 6 8
0.0227284 0.00567476 0.15037 138 29 22
0.0231397 0.00926243 0.143985 142 27 24
-0.0551507 -0.0097661 0.125641 160 148 127
0.0109859 0.00740526 0.143045 62 23 18
-0.0353475 0.00964495 0.165777 152 104 85
-0.0201154 -0.0162946 0.151822 150 106 88
-0.0535073 0.0039618 0.130905 124 17 20
-0.0350146 -0.00265207 0.164996 150 110 100
-0.0554921 0.000419857 0.126784 111 16 14
-0.0465767 0.0246138 0.148337 152 132 122
0.0157078 0.00791296 0.146729 130 24 19
-0.0225946 -0.0298395 0.170017 146 142 92
-0.0382374 0.00899704 0.163524 130 80 66
-0.0517003 0.00123384 0.12726 155 110 54
-0.0552401 0.0306922 0.138211 136 14 16
-0.0184973 -0.00108729 0.174133 196 150 126
-0.065712 0.0132173 0.134441 128 17 20
-0.0294597 -0.000498148 0.167951 149 104 90
-0.0426601 -0.039879 0.154374 145 137 88
0.0276011 0.0295375 0.1625 156 130 123
-0.0674219 -0.00031806 0.123292 164 142 125
-0.0127409 -0.038902 0.165634 180 108 83
0.0729007 0.0144942 0.167308 129 126 117
-0.0161018 0.0100356 0.176498 161 108 86
-0.0562077 0.000584967 0.126123 106 14 12
0.0719877 -0.0130264 0.159196 104 80 72
-0.0364521 -0.0186475 0.158693 138 98 80
-0.0664371 0.00790499 0.123526 128 56 27
-0.0331937 0.00206906 0.166654 151 112 99
-0.022692 0.0129986 0.173506 134 84 60
-0.0477107 -0.0161648 0.160805 169 122 99
-0.00594254 0.0121911 0.168844 112 63 36
-0.0151717 0.0043835 0.173155 165 114 94
0.0111314 0.0152855 0.144729 136 66 64
0.0630935 -0.0505607 0.154622 118 8 7
0.0640095 -0.0513802 0.153492 118 11 8
-0.007374 0.00355836 0.176072 176 130 112
-0.017366 -0.012634 0.155305 136 86 70
-0.0457981 -0.039007 0.152675 52 34 18
0.0634542 -0.0526715 0.153803 123 38 26
-0.0523865 -0.0341828 0.156421 50 18 10
-0.0562352 0.00556855 0.126819 104 40 40
-0.0557385 -0.0121987 0.125114 164 148 126
-0.0612962 0.0180393 0.133141 126 18 16
-0.0229363 0.00100056 0.176538 152 101 80
-0.0569159 -0.0123108 0.123136 162 148 125
-0.0565887 -0.0119452 0.1254 164 150 128
-0.0548376 -0.018719 0.160811 106 60 45
-0.0611666 0.00716486 0.12533 104 42 41
0.0476276 0.0117521 0.176428 122 102 83
-0.0615379 0.00725471 0.128214 82 30 33
-0.057558 0.015603 0.133173 116 15 17
0.0684307 -0.0636372 0.151416 154 148 96
0.0208982 0.0111542 0.144204 148 28 24
-0.0557358 -0.0208782 0.159217 36 10 6
-0.0557944 -0.000179928 0.12526 95 12 10
-0.0584866 -0.0170361 0.120317 162 150 129
-0.0633231 -0.00811122 0.123565 136 14 16
-0.054956 -0.0274093 0.156351 73 38 24
-0.0563768 -0.0297809 0.155354 86 48 32
-0.0533146 -0.00421061 0.125031 159 144 124
-0.0499693 -0.00534205 0.137031 158 141 118
-0.0551319 -0.000939969 0.126233 86 14 8
-0.0667769 0.00105599 0.129314 126 12 14
-0.0211157 -0.0298759 0.172483 147 134 90
-0.0669069 0.0229772 0.136419 159 106 47
-0.010457 -0.0358221 0.10273 152 148 95
-0.0703655 0.0244028 0.1355 160 131 114
-0.0128117 -0.0354185 0.101344 154 148 100
0.0755029 -0.00497757 0.167911 154 114 94
-0.0596647 -0.016264 0.120584 96 94 96
-0.0683957 0.00691043 0.121221 170 116 52
-0.0318232 0.000658074 0.165769 146 104 88
-0.0387421 -0.0210959 0.158803 154 112 94
-0.0619818 0.0040682 0.124993 122 13 16
-0.0594218 -0.0108607 0.121946 120 22 16
0.0516468 -0.0560822 0.1653 160 148 113
-0.0587599 -0.0168782 0.120275 163 149 128
-0.0677297 0.0102125 0.132951 124 54 36
-0.0705223 0.00436161 0.120343 164 134 98
-0.0719279 0.00934916 0.122152 150 102 44
-0.072832 0.00998409 0.121583 141 60 31
0.0231401 0.00981403 0.144172 141 25 22
-0.0743285 0.00769927 0.118241 127 12 10
-0.0702253 -0.011218 0.123883 162 148 127
-0.0699331 -0.0118094 0.118593 162 147 127
-0.000735968 0.00506127 0.176153 114 68 50
-0.0626016 -0.00554314 0.121371 138 10 12
-0.0332211 -0.0213733 0.163525 132 89 66
0.0462902 0.0134967 0.177035 145 126 112
-0.0110551 0.0178195 0.150537 166 140 130
0.0737926 -0.0082498 0.167425 154 122 106
-0.0601097 0.0174773 0.132125 124 20 21
-0.0408373 -0.0312011 0.153163 167 110 90
0.0586414 -0.00612916 0.166309 121 96 76
-0.0583336 0.0225971 0.143621 138 59 32
-0.0426177 -0.00916697 0.158567 134 88 68
-0.0251897 -0.00834889 0.150055 110 66 49
-0.0542989 -0.00451876 0.121991 152 114 96
-0.0226552 -0.0244593 0.18597 139 95 67
0.0714389 0.0120287 0.170088 161 142 136
-0.0417322 0.00523132 0.165211 143 96 80
-0.0610798 0.017671 0.131979 130 18 24
-0.0534211 -0.0202502 0.161833 62 28 18
-0.0344579 -0.026812 0.168448 131 96 70
-0.0581939 0.0196072 0.136357 154 92 29
0.0709587 -0.0182806 0.160371 17 12 12
-0.0557726 -0.0148488 0.121628 160 148 128
0.0774162 0.0168704 0.172026 156 142 135
-0.0411319 -0.0350732 0.155785 158 106 78
-0.0442098 -0.00944829 0.159075 134 88 70
0.0778224 -0.00515077 0.171262 108 72 54
0.0116832 0.0242019 0.152966 148 27 27
-0.0402838 -0.0376911 0.163498 150 146 96
-0.0474343 -0.0217904 0.160171 134 80 56
-0.0463936 -0.00488628 0.138242 150 70 60
0.0711033 -0.0206859 0.160788 44 31 26
0.0028808 0.0137359 0.15116 128 105 92
-0.0562189 0.00523036 0.127017 114 32 33
-0.0353902 -0.016572 0.159588 128 88 73
0.0587216 0.0157348 0.185577 142 112 100
0.0105312 0.00569608 0.143332 52 18 12
0.0780825 -0.0231215 0.162877 131 60 38
0.062314 -0.00307546 0.167871 108 86 72
0.0836399 0.00551174 0.171697 93 54 32
0.00956571 0.0120532 0.14274 160 25 26
-0.00191222 -0.0309298 0.1707 58 24 15
0.0706689 0.019337 0.180865 168 146 140
-0.0256006 -0.013958 0.150996 156 108 86
-0.0577294 0.00505413 0.126585 104 40 44
0.0781408 0.010309 0.17026 152 119 108
-0.0387802 -0.0292451 0.156385 128 104 68
-0.0657824 0.00266111 0.125782 112 8 10
-0.0573575 -0.0144036 0.119761 161 147 127
-0.0508448 -0.0302812 0.153987 45 22 13
0.0566906 -0.0476201 0.299279 110 110 68
-0.031498 -0.024175 0.179171 96 63 32
-0.0571284 -0.0130223 0.121396 160 144 127
-0.0651348 0.0143208 0.134791 126 16 20
-0.0170548 -0.0212407 0.16991 148 103 76
-0.00679316 -0.0193724 0.168878 141 102 86
0.0610185 -0.0376744 0.139391 158 133 126
-0.0563741 0.00246101 0.125852 124 14 16
-0.0460113 -0.00500905 0.163764 178 128 106
0.0652539 0.0112242 0.173896 178 152 146
0.0814074 -0.0232523 0.163058 79 41 24
-0.0528288 -0.0335903 0.156547 70 38 26
-0.00542257 -0.00985698 0.173401 159 122 103
0.0598645 -0.0521025 0.297259 115 116 74
0.0699384 -0.0136663 0.159177 122 90 74
0.069607 -0.00795234 0.166507 150 98 75
-0.00231668 0.000401366 0.176936 125 80 63
-0.0470574 -0.0286079 0.153012 151 89 70
-0.0598929 -0.0147954 0.118811 23 29 69
-0.0598921 -0.0152154 0.120345 28 30 58
0.0248291 0.000326864 0.153969 156 140 120
-0.0104805 -0.0256612 0.163292 168 122 102
0.0617989 -0.012858 0.160808 125 98 81
-0.0521055 -0.00604698 0.123177 157 143 124
-0.0457862 -0.00805719 0.152658 113 66 48
-0.055289 -0.00883078 0.125944 159 144 126
0.0705154 0.0256106 0.184027 165 144 136
-0.0141791 4.12346e-05 0.174737 173 124 106
-0.0602559 0.00316893 0.122489 118 10 12
-0.0353752 0.00357403 0.168073 146 100 85
-0.0530956 -0.0396804 0.156549 62 34 16
-0.062323 -0.00994745 0.123389 78 14 36
0.00337147 0.0185438 0.154633 152 126 112
0.00534505 0.0188053 0.152615 150 120 103
-0.00222084 -0.000395324 0.177777 132 85 69
0.0572644 -0.0515689 0.156287 158 139 116
-0.0517349 0.0172659 0.161626 123 78 49
0.0223113 0.00424657 0.15485 131 27 19
-0.00377301 -0.00431402 0.1753 146 104 86
-0.0659187 0.0131277 0.125327 148 34 34
0.0682267 0.023307 0.178988 163 138 132
0.104458 -0.00469974 0.197981 128 99 81
0.00375582 -0.00792192 0.199579 150 116 88
-0.0659283 0.012408 0.119638 161 136 124
0.0653621 -0.0367305 0.292844 90 92 56
-0.0236347 0.0187024 0.171779 163 136 129
0.0711305 0.0269014 0.175618 158 138 132
0.0609063 0.0293944 0.189204 165 146 138
-0.0515053 0.0139836 0.137731 160 138 123
0.0532587 -0.0524341 0.163702 104 66 32
-0.059362 -0.0165555 0.120053 162 148 126
0.0127477 0.008803 0.141187 124 25 22
-0.0519007 -0.0269371 0.158843 38 14 8
-0.0612183 0.00540625 0.125237 121 17 18
-0.0533571 -0.0377607 0.157756 72 38 21
-0.0548608 0.00666582 0.129167 125 15 16
-0.0472046 -0.0267816 0.15347 159 96 74
-0.0524278 -0.00151639 0.126574 136 94 34
-0.0594441 -0.0145502 0.120907 96 90 98
-0.0574979 -0.00636307 0.123369 121 16 14
-0.0633993 0.00288068 0.12635 108 8 8
-0.0528824 -0.00502744 0.129039 160 144 126
-0.0245466 0.0052478 0.17576 118 66 50
0.015942 0.0169806 0.144617 140 76 71
-0.0391163 -0.0108617 0.153924 126 78 56
-0.0596673 0.0156705 0.131579 110 33 36
0.0164484 0.00421327 0.148424 100 28 18
-0.0547774 -0.0070133 0.120328 119 29 23
-0.0242584 0.0103233 0.173853 86 35 21
-0.0564277 -0.0125055 0.123029 161 146 126
-0.0589058 -0.0131879 0.123075 162 147 130
-0.0601278 0.00822912 0.128171 52 44 56
-0.0591339 -0.00824668 0.123691 118 14 10
-0.0482909 -0.0277565 0.153626 103 58 43
-0.123626 -0.101756 0.252886 150 142 92
-0.0441361 -0.0441805 0.153874 148 144 94
-0.128791 -0.0945724 0.269703 149 142 92
-0.117841 -0.0913142 0.260462 150 143 92
-0.0494964 -0.0524708 0.156144 148 144 94
-0.0983309 -0.0564991 0.166652 150 143 94
-0.0884757 -0.0842665 0.152203 150 143 92
0.066762 -0.0609527 0.149242 154 151 102
-0.0709552 0.00481843 0.118603 162 141 122
-0.0606004 -0.0113834 0.12362 86 44 44
-0.0182499 -0.00725306 0.174492 174 124 104
-0.000804253 0.0070279 0.179176 118 74 59
-0.0521301 -0.00387736 0.132957 157 140 122
-0.066086 0.00912132 0.12314 144 66 31
-0.0234575 -0.0117398 0.151318 126 77 54
-0.056341 -0.0108583 0.124159 160 145 125
-0.0642472 -0.00734753 0.123421 140 14 16
-0.0641727 -0.0173648 0.119651 149 138 122
-0.0824723 -0.0354697 0.126033 151 146 98
-0.0667558 -0.0386109 0.120591 150 145 97
-0.0764916 -0.0398499 0.137674 149 142 93
-0.08316 -0.0380172 0.1265 150 145 94
-0.084206 -0.042021 0.143042 148 142 94
-0.0312714 -0.0140937 0.15277 126 72 46
-0.01292 0.0119096 0.174291 126 72 47
-0.0533549 -0.000560028 0.125779 100 16 8
-0.0448824 -0.00691495 0.145007 168 126 100
-0.0615188 -0.00674517 0.121963 138 14 18
-0.0603386 0.00437117 0.125871 119 12 14
-0.0511554 -0.0280202 0.155008 56 25 16
-0.0586594 -0.0171256 0.121495 160 148 122
-0.0616402 -0.004839 0.122293 121 12 19
-0.0570108 -0.0122522 0.123002 161 148 128
0.0633878 0.0137024 0.163769 118 50 53
0.0168923 0.0234651 0.156746 157 24 23
0.0696995 0.00650292 0.164304 143 92 68
-0.0575569 -0.0119023 0.124128 162 146 124
-0.000738339 -0.0217254 0.169168 102 62 43
0.0792001 -0.0172525 0.158711 166 102 73
0.0666778 -0.0593743 0.15064 152 146 96
0.0723326 -0.0155386 0.159267 68 52 55
0.063992 -0.0224601 0.154763 144 118 100
0.0681515 -0.0453323 0.144262 120 44 28
-0.0455029 -0.00209718 0.13858 122 24 22
0.0783991 -0.0307157 0.168373 142 106 91
0.00967347 0.0244038 0.154237 148 33 32
0.0810902 -0.0362876 0.146071 170 150 142
-0.0591532 0.0233313 0.142616 122 12 11
-0.0396463 -0.0290903 0.154602 112 70 46
0.0719259 -0.054818 0.151834 129 8 10
0.0857519 -0.0357321 0.149222 148 130 115
-0.0530378 0.0130949 0.137292 160 138 122
-0.0506503 0.00126168 0.130663 147 105 48
0.062872 0.00277719 0.164506 102 58 34
0.0538023 -0.0330338 0.148396 150 140 92
0.0458611 0.00295274 0.184971 135 122 95
-0.027305 0.00865266 0.17222 100 52 39
0.062839 -0.0357387 0.141784 165 140 133
0.0457638 0.00129234 0.179168 134 124 94
-0.0398294 0.00157567 0.161956 147 99 82
-0.0439136 9.80215e-05 0.139271 162 128 106
0.0703381 -0.034395 0.141074 137 120 112
-0.0572121 0.00848559 0.131344 113 60 58
-0.0580582 0.0112894 0.132905 119 18 20
0.0187279 0.0229907 0.153518 156 25 22
-0.0115155 -0.0159046 0.161474 156 113 96
-0.0567745 -0.0142086 0.122745 161 148 125
-0.042794 -0.00432433 0.141637 164 130 106
-0.0462395 -0.0346439 0.151404 166 110 92
0.0825022 -0.0401604 0.145244 170 147 139
0.0777516 0.00662776 0.163361 184 163 156
-0.0517195 0.0153175 0.143739 159 136 121
0.0145081 0.00541657 0.147991 94 24 13
0.0500669 -0.0421889 0.147925 146 126 110
0.0553599 0.0145369 0.172219 174 148 138
0.0554668 -0.0435785 0.146732 138 100 82
0.0777524 -0.0383786 0.143337 173 150 144
0.06985 -0.0648884 0.151547 152 146 93
-0.0469147 -0.0389344 0.153373 47 26 12
0.0123134 0.0101078 0.143455 142 25 21
-0.0572314 0.00891157 0.176418 157 107 81
0.0789271 -0.0336624 0.14586 174 153 146
0.0201772 0.0108154 0.144891 133 24 16
0.0911702 -0.0546882 0.163168 96 83 68
-0.0495 0.00762981 0.16831 176 128 106
-0.059477 -0.00053882 0.12767 104 10 11
0.0715741 -0.0626055 0.151451 128 92 56
-0.0544929 0.0269008 0.141238 130 14 16
-0.00508919 0.00744999 0.171835 160 114 95
-0.0270991 -0.0222949 0.179469 76 42 18
-0.0250896 -0.0148345 0.151405 154 106 84
-0.0257744 0.0136396 0.17043 107 74 64
0.0157221 0.00604573 0.147686 106 32 21
-0.00314415 0.0113521 0.162352 118 72 44
0.0579513 -0.0405071 0.140103 163 125 106
0.061375 -0.0425027 0.140998 126 82 60
0.0641341 -0.055195 0.152898 159 139 108
0.0109926 0.0101854 0.142755 144 25 22
0.0734031 0.0173501 0.168357 180 156 150
-0.0483401 -4.38318e-05 0.133278 157 98 47
0.0630822 -0.0173556 0.160878 148 130 111
-0.034381 -0.0113884 0.155167 162 102 84
0.0275885 0.0144249 0.150567 122 54 51
0.0193501 0.00292878 0.152459 126 31 19
0.0738072 0.00338723 0.166336 141 106 90
-0.0581537 0.00606964 0.127557 73 62 71
-0.0277519 0.0156873 0.168725 86 54 47
0.0797324 -0.0461757 0.152528 154 122 106
-0.01237 -0.0134894 0.167796 125 81 62
-0.0041476 -0.0219707 0.169751 94 52 38
-0.0481893 0.000496357 0.138873 140 16 20
0.000433961 0.0167529 0.153992 138 112 102
-0.0215186 0.00947448 0.174936 144 91 66
0.0228841 0.0112382 0.146335 159 27 24
-0.057814 0.0171703 0.138663 148 94 46
0.0134806 0.00418449 0.149508 113 40 25
0.0623094 -0.0350634 0.145059 170 144 135
-0.0487924 -0.0057976 0.140227 158 134 113
-0.0329418 -0.00395652 0.165972 143 102 89
0.0669308 -0.0385072 0.142103 160 136 126
-0.0112422 -0.0141076 0.162725 151 108 90
0.0191002 0.00297051 0.154309 123 34 21
0.0775555 0.015128 0.168389 179 158 152
-0.0521807 -0.00485597 0.132475 160 144 123
-0.0512692 0.0288192 0.142254 138 115 105
0.0630158 -0.0390238 0.140903 166 140 132
0.0723255 -0.0585244 0.149127 128 42 25
0.00369445 0.0172608 0.15432 157 129 118
-0.0176848 -0.0369878 0.169604 171 105 80
-0.0130846 -0.00766791 0.172426 188 141 118
0.0484061 -0.0586494 0.164356 150 145 92
-0.0376041 -0.0018649 0.164905 141 94 78
0.052944 -0.058542 0.167004 120 90 58
-0.0636567 0.0212065 0.135937 138 89 38
0.0460517 -0.0549615 0.162355 146 144 92
0.0781317 0.00421974 0.165009 94 48 23
-0.00545062 0.00903635 0.172913 160 113 92
0.0682773 -0.036475 0.153312 152 126 118
0.0744875 -0.0182029 0.158083 31 16 14
0.0718431 -0.0625841 0.149273 116 61 32
0.0780392 -0.0490385 0.153359 63 38 22
-0.0153423 -0.00617467 0.173415 178 129 107
0.00912909 0.0102631 0.147734 138 23 18
-0.0331256 0.00674374 0.167671 156 114 98
-0.0142998 0.00470316 0.177134 178 128 105
-0.0539133 0.00139325 0.130651 134 64 28
-0.0615126 0.0131543 0.131431 114 22 23
0.0219295 0.00911299 0.141919 146 26 22
-0.064914 0.0101144 0.125017 126 14 16
0.0803378 -0.0396652 0.14544 172 151 142
0.0730489 -0.0565961 0.151882 125 36 22
0.0857498 -0.0293761 0.16448 148 145 96
-0.00652413 -0.0230663 0.166863 138 94 75
0.0649719 -0.0508823 0.152741 125 8 8
-0.0184327 -0.0321841 0.169173 146 141 90
0.0608459 -0.0585992 0.154064 154 148 97
-0.00802696 -0.000495619 0.17749 176 133 116
0.0660511 -0.0502616 0.151823 125 8 8
0.0452788 -0.0110905 0.183307 152 142 120
0.0112598 0.0280039 0.156974 70 38 37
-0.00515066 -0.00794029 0.175767 160 119 100
0.038028 -0.00324581 0.185927 154 140 116
-0.0141793 -0.00136444 0.175859 185 136 114
0.0555191 -0.0601578 0.168539 158 140 122
-0.0404532 0.0184814 0.15977 142 112 104
0.00324002 0.0202284 0.155434 152 125 112
-0.0194673 -0.0345124 0.172474 146 144 92
-0.0552165 0.030822 0.1397 132 13 14
-0.0556007 -0.0147578 0.129477 162 148 126
-0.0256533 0.0176203 0.172668 161 132 125
-0.0197274 -0.0290914 0.177255 167 120 86
0.0743972 -0.0564768 0.151547 68 9 10
0.0602688 0.0219676 0.170376 174 151 144
-0.0514935 0.0312102 0.140894 160 138 130
0.0531251 -0.0594762 0.161887 99 74 34
0.0457337 -0.0617417 0.162029 150 146 94
-0.0460462 -0.0423664 0.155471 144 134 88
0.0722222 0.023545 0.16893 170 150 144
0.00311987 -0.0589883 0.177742 147 144 94
0.0491448 -0.0671104 0.168246 150 146 94
0.0575553 -0.066125 0.147982 151 146 94
-0.0111559 0.023919 0.148681 166 142 132
0.0490971 -0.0685271 0.16801 148 146 92
-0.036775 -0.0114982 0.15293 137 80 55
0.0621721 -0.00968784 0.161249 134 106 80
0.0617796 0.0114995 0.16323 190 163 158
0.0581896 0.005959 0.163895 179 150 141
-0.0555796 0.012512 0.13209 81 53 56
-0.000703031 -0.026035 0.168517 108 63 42
-0.0523104 0.021074 0.143543 152 132 118
0.0707463 -0.0633668 0.150942 129 104 60
0.0776398 -0.0375853 0.143325 172 152 148
0.0604073 -0.0329834 0.142135 166 136 126
0.0644262 0.0137508 0.164507 121 28 36
-0.0169249 0.00866186 0.17409 180 128 106
-0.0188425 0.0121085 0.176105 134 82 56
0.0698385 -0.00866688 0.165586 180 144 123
0.0661489 0.00304648 0.160566 146 113 100
-0.0535759 -0.00185416 0.132571 138 96 34
-0.0424874 -0.0283906 0.15651 132 76 59
0.064579 -0.0183564 0.159396 155 129 112
0.000769602 -0.0260966 0.169043 108 66 43
0.0826933 -0.030288 0.17317 103 56 42
0.0630246 0.00275125 0.161463 113 72 54
0.0589732 -0.03141 0.150196 132 100 64
-0.00220578 -0.0229373 0.167968 46 16 11
0.0508313 -0.0367283 0.146055 123 94 66
0.0698996 -0.0106405 0.161038 186 156 138
-0.0317925 -0.000491523 0.164439 144 102 86
-0.0450064 -0.0216405 0.159408 139 92 70
0.0154247 0.00749309 0.147982 128 28 20
-0.0547617 0.00424727 0.130229 122 21 16
-0.0580879 -0.013779 0.121725 163 148 126
0.0698475 -0.0367767 0.152017 146 120 112
-0.057359 -0.0134796 0.126453 160 147 124
0.0841261 -0.0410894 0.145175 146 114 98
-0.0468829 -0.00489379 0.137575 152 75 66
-0.0570737 0.032704 0.136972 121 58 55
-0.0215985 0.00346584 0.177434 180 130 107
0.0617291 -0.0544116 0.153761 159 140 110
0.00764855 0.00644882 0.145284 76 19 14
-0.056244 -0.000446726 0.127991 102 16 11
-0.0339846 -0.00185523 0.165304 147 106 95
0.085755 -0.0365121 0.150243 158 140 127
0.0838781 -0.0301456 0.172858 74 31 18
-0.0495715 0.0256779 0.144911 144 122 110
0.0779253 -0.0369826 0.14367 181 161 157
0.0737361 -0.038801 0.140244 164 146 138
-0.00797119 -0.04686 0.167673 58 34 19
-0.0141479 0.0100826 0.175448 156 102 80
0.0791768 0.00812954 0.164039 181 157 148
-0.0122713 -0.00193151 0.173351 196 151 126
-0.0234788 -0.0137322 0.150234 142 90 68
-0.0511884 0.0054131 0.132336 156 138 120
0.0664906 -0.0493251 0.148554 126 7 8
0.0668973 -0.0518878 0.151732 125 8 8
0.0741695 0.0135817 0.166308 185 157 154
-0.0581117 -0.00133167 0.123777 114 11 13
0.0757821 -0.0386755 0.139935 172 150 144
-0.0124286 -0.00463329 0.17368 190 146 122
-0.000320245 -0.0278112 0.168351 34 12 5
0.0652576 -0.0263378 0.155749 117 110 93
0.0920107 -0.0490762 0.158817 126 99 72
0.0576919 -0.0316841 0.146486 136 102 60
-0.0299358 -0.0122188 0.150076 100 46 24
0.0134212 0.0108792 0.142694 142 24 22
0.0642902 0.00938417 0.162793 181 157 151
0.0510506 -0.0223792 0.166565 156 137 102
-0.0374814 -0.00736545 0.15398 147 92 72
-0.0422666 -0.0342925 0.155627 148 92 70
-0.0491441 0.0289654 0.142878 154 132 120
-0.0214317 -0.00364308 0.176232 164 112 88
-0.0446404 0.0175569 0.164773 100 54 32
-0.0517552 0.0199427 0.153343 158 136 120
0.0736136 -0.0616854 0.152793 116 62 34
0.0827358 -0.0289733 0.173322 100 48 34
-0.00981685 0.00564512 0.176595 178 128 106
-0.0531339 -0.00570981 0.12516 162 148 128
-0.00515317 0.00457314 0.174999 160 118 100
0.059118 -0.0412433 0.138947 138 98 82
0.0556822 -0.0405092 0.141021 134 95 75
0.069218 -0.0383177 0.141062 129 106 95
-0.0456797 0.0246074 0.149872 160 140 128
-0.0274361 0.00407094 0.173001 104 52 38
0.0441575 -0.00697724 0.185895 152 141 118
-0.0369954 0.0138735 0.169016 132 82 57
0.0653665 -0.0628913 0.15038 152 148 95
-0.0284981 -0.000601883 0.169157 135 90 76
-0.0397653 0.0177802 0.161587 122 84 68
0.0461139 -0.0522192 0.162782 143 140 88
0.0667049 -0.0652189 0.152076 154 148 94
0.00252311 -0.00111294 0.180001 162 122 100
0.0856744 -0.0293323 0.163412 146 135 94
0.0191533 0.0259075 0.154597 138 90 89
0.0134445 0.026664 0.152304 58 28 26
0.0277492 0.0197918 0.152371 152 112 99
0.0870657 -0.0309734 0.163539 140 119 74
-0.00512729 -0.00731363 0.176247 162 120 100
-0.0625569 0.018614 0.130005 129 50 20
-0.0269886 0.0171453 0.16973 128 101 93
-0.0198074 -0.0309265 0.173793 132 110 68
0.085554 0.00604116 0.168977 168 148 140
0.0491187 0.013414 0.176649 130 109 94
-0.0487504 -0.0398409 0.155581 70 44 26
0.0440876 -0.00198936 0.186872 146 134 108
0.044603 0.00224932 0.188329 138 127 98
0.0442636 -0.00447525 0.180447 152 141 115
0.0345117 -0.0585883 0.172903 140 136 86
-0.0287012 0.0186623 0.170858 154 124 115
-0.052162 -0.0119278 0.138385 160 146 126
0.0709079 0.0222903 0.171251 164 138 130
-0.026184 -0.0397289 0.166706 150 145 92
-0.0420166 0.0254406 0.161455 164 140 130
-0.0183333 -0.045133 0.166928 67 42 18
-0.034064 -0.0485504 0.165776 149 144 92
0.0147218 0.0404095 0.172239 168 140 137
-0.00425106 -0.0294492 0.0857304 150 145 94
-0.059139 0.0229656 0.138225 133 11 14
-0.0566569 -0.00241738 0.123645 116 12 12
-0.0573504 0.0227381 0.144331 136 86 76
-0.0216418 -0.0181762 0.148796 109 70 34
-0.0670127 0.00886725 0.128362 127 14 15
-0.0177611 -0.0129319 0.154918 156 105 92
0.0462582 -0.0448505 0.160545 145 142 90
0.0719502 -0.0598646 0.153357 128 42 27
-0.0288694 -0.0172978 0.153536 129 84 52
0.0205863 0.0188897 0.148519 89 71 64
0.0702656 -0.0363584 0.154954 125 98 90
0.0573964 0.00912808 0.171306 144 118 112
-0.0447275 -0.0280554 0.153222 166 92 68
-0.0734931 0.00835347 0.122814 156 108 42
0.0874042 -0.040589 0.149721 144 112 96
-0.0568192 0.00697368 0.177715 161 112 83
-0.0674868 0.00384669 0.123044 139 54 20
-0.0178714 0.00487393 0.173093 202 160 138
-0.0583893 -0.00700643 0.12253 125 16 19
-0.0739053 0.00620905 0.120894 159 100 42
-0.0570874 0.0102179 0.130586 102 47 49
-0.0572494 -0.0157945 0.122298 162 148 126
0.0718112 -0.00883115 0.162096 150 124 108
-0.0123404 -0.00632872 0.170018 194 150 126
-0.0573976 -0.0151686 0.122403 162 148 125
0.0638983 -0.0429611 0.143253 149 110 92
-0.0506821 0.00115769 0.135489 150 106 54
0.0286397 0.0110739 0.154657 154 84 74
0.0669891 -0.0260179 0.156612 154 128 113
-0.0538932 -0.00625405 0.123987 162 148 128
0.0878469 -0.0389306 0.151902 158 140 130
-0.0484267 -0.0206704 0.158985 155 103 76
-0.0678017 0.00629288 0.1237 154 80 34
-0.0229493 0.00339088 0.172845 143 90 70
-0.0584477 0.0263983 0.136977 118 8 12
-0.0221773 -0.0173193 0.151361 159 110 84
0.0554922 -0.0540304 0.166781 107 80 54
-0.0724954 0.0083535 0.122842 154 104 44
-0.0559853 -0.00168747 0.123887 103 14 12
-0.0529148 -0.00347063 0.131499 160 144 120
-0.0399219 0.0123019 0.169687 116 66 47
0.0754414 -0.0159227 0.161478 84 58 55
0.0639641 -0.0312341 0.159663 158 156 103
-0.00521769 -0.00889527 0.172829 162 121 102
-0.0247021 -0.0171543 0.149283 111 73 42
-0.0668544 0.00641129 0.123049 144 60 27
-0.0476105 0.0189712 0.165689 124 87 68
-0.0658657 0.00731852 0.123379 134 55 28
-0.0391988 -0.000741739 0.166328 142 94 77
-0.0684113 0.0050113 0.126544 140 52 22
-0.0462396 0.0133037 0.166816 132 82 64
-0.0463773 -0.0286086 0.153398 174 109 85
-0.0619772 -0.0098318 0.123808 126 14 12
0.0046424 0.0140586 0.153536 124 92 84
0.0723593 -0.0502826 0.151168 122 11 10
-0.0198689 1.22291e-05 0.174139 183 134 108
-0.0296458 0.00537201 0.167747 148 102 85
0.0713201 -0.00486869 0.165074 100 77 65
-0.0538895 0.0111497 0.136427 162 140 122
0.0663748 -0.0600004 0.153267 156 150 98
0.0623161 -0.0524976 0.153967 117 16 11
-0.0485972 0.024829 0.143341 145 124 111
-0.0698678 0.00576173 0.120818 163 108 40
-0.0625421 -0.0084275 0.122679 140 16 17
0.0141131 0.00807943 0.146742 130 24 20
0.0711518 0.004839 0.162592 127 80 56
0.0251491 0.0136935 0.145576 156 28 28
0.0652766 -0.0598586 0.15295 154 150 98
-0.058325 0.00778836 0.128767 21 18 34
0.0839828 -0.0364081 0.147269 133 126 114
-0.0319047 -0.0049118 0.173919 138 94 78
-0.00548026 0.0117715 0.173997 126 74 50
0.064303 -0.054035 0.152983 116 42 24
0.074642 -0.0520748 0.149135 56 20 11
-0.0321379 0.00467122 0.166572 154 112 98
0.0111654 0.00827179 0.143793 119 29 22
-0.0578503 0.00266716 0.126438 126 14 16
-0.0481377 -0.00886026 0.159354 66 26 14
0.021312 0.0152481 0.143751 128 90 88
-0.00258989 0.0119595 0.155493 123 78 53
0.0610672 -0.00443798 0.166633 131 104 87
-0.0579575 0.0143519 0.132574 128 14 15
-0.0521238 -0.0383515 0.158412 60 30 20
0.079192 0.00432662 0.165975 94 48 24
-0.0583655 -0.007567 0.125528 119 16 13
-0.0323066 -0.0195572 0.158452 128 88 63
-0.0430729 0.00647352 0.164354 144 93 75
-0.0523483 0.00985576 0.136078 162 141 124
-0.0191321 0.00155684 0.173856 192 144 122
-0.0532901 -0.00645031 0.139587 160 146 124
0.0599391 -0.0516217 0.154871 128 81 58
0.0561417 -0.0452532 0.149395 116 61 41
0.044306 -0.0315684 0.171948 130 128 80
-0.00853746 -0.0212708 0.16253 160 122 102
0.0824451 -0.0265222 0.152247 135 129 88
-0.0548374 -0.0154089 0.124587 162 149 126
-0.00869403 0.0141461 0.165936 144 92 62
0.0860943 -0.0341651 0.148703 160 140 124
0.0645436 0.0206385 0.169403 152 116 105
-0.0265059 0.0171099 0.170228 140 111 104
0.0744706 -0.0568756 0.14797 12 10 6
0.066993 -0.064364 0.148867 154 150 96
-0.0583169 0.036422 0.140012 163 134 128
0.0808396 -0.024814 0.150166 117 106 78
-0.0630051 0.0320135 0.143248 130 15 18
-0.0543782 0.0319379 0.138869 140 72 68
-0.0394992 -0.0430093 0.164637 151 146 95
-0.0747947 0.010015 0.119012 127 16 20
-0.0673216 -0.00375006 0.124191 152 61 61
-0.0590652 -0.0477489 0.170806 150 144 92
0.0723335 -0.0645756 0.148368 167 110 76
-0.0735276 -0.00599506 0.125576 164 148 127
-0.0587273 0.0433191 0.149952 164 140 131
-0.00894135 -0.0565869 0.184227 150 148 98
0.100399 -0.00416171 0.177318 150 140 119
0.0770871 0.0280046 0.179079 169 149 141
-0.0589788 0.0547278 0.185197 164 144 134
-0.0338054 0.0268333 0.167893 166 140 132
0.0731593 0.0414364 0.184657 162 142 133
-0.0175526 -0.0191447 0.161943 93 55 24
-0.0162762 -0.0173573 0.159706 85 39 18
0.0131497 0.00121899 0.147619 166 150 132
-0.0635578 0.00877776 0.127498 119 22 22
-0.0190076 -0.0130358 0.159183 119 67 54
-0.0550766 0.00545411 0.125387 87 58 59
0.00619416 0.0208351 0.149897 154 109 92
-0.0507731 0.00273156 0.136268 158 138 118
-0.0627408 0.00867719 0.127174 92 49 52
-0.0662143 0.00455922 0.124179 131 16 12
0.0144941 0.024299 0.155278 142 36 31
-0.06045 0.0210542 0.139564 126 58 22
0.00736379 0.0245006 0.152344 98 28 24
-0.0559268 -4.35115e-05 0.133044 121 25 18
-0.039424 -0.0126013 0.152437 108 64 40
0.00354852 0.0118756 0.155019 162 139 124
-0.0570163 -0.0170161 0.121548 162 149 126
0.057978 0.0116206 0.158387 182 157 150
-0.0433703 -0.0316251 0.149313 113 56 39
-0.0467044 -0.0348616 0.150919 120 72 56
0.00477349 0.0104712 0.153325 162 136 122
-0.0159067 -0.0146482 0.158054 154 100 84
-0.0334579 -0.00484643 0.159592 144 104 96
-0.0471706 -0.00436448 0.138551 133 16 16
-0.0396079 0.00426347 0.168266 145 96 80
0.00723595 0.0224248 0.154688 146 40 34
-0.0603124 0.01229 0.127371 113 22 26
-0.0630287 0.00655534 0.12371 128 15 18
-0.0577585 -0.011615 0.118392 118 28 17
-0.0645086 0.000185025 0.127326 123 8 16
-0.0489066 -0.0371057 0.153336 87 52 36
-0.0536663 0.0300404 0.140494 130 16 17
0.0169501 0.00778886 0.149051 138 28 23
-0.0335942 -0.00805051 0.151898 172 111 91
-0.0277751 -0.00964629 0.148944 78 27 12
-0.0644981 0.00779845 0.127237 124 14 15
-0.0358386 -0.0204253 0.164012 137 96 76
0.0241287 0.00361793 0.157989 140 32 24
-0.033426 -0.0046108 0.16639 144 102 90
-0.011902 -0.0357855 0.16453 168 101 80
-0.0332739 0.00745471 0.166666 163 119 103
-0.0593334 0.0308776 0.139585 120 15 18
0.0455114 0.00908601 0.17595 130 113 90
0.0465992 0.000923058 0.1696 142 116 98
0.0238043 0.00981259 0.143347 150 26 24
-0.0481736 0.00536188 0.169417 172 124 104
-0.0588852 0.0143492 0.131465 32 16 30
-0.0349255 -0.0220838 0.166947 136 97 71
0.000682983 0.0134523 0.154623 138 113 100
-0.0390096 0.00334789 0.164667 144 95 79
-0.0180248 -0.0114665 0.162987 158 108 92
0.048797 0.011855 0.17461 109 86 66
-0.0205348 -0.0135812 0.161806 83 32 18
-0.0459837 -0.00524006 0.13848 162 136 113
-0.0238705 0.00263807 0.166222 91 38 24
-0.0316278 -0.0183687 0.163412 124 79 50
0.0644127 -0.000179363 0.16841 146 120 108
-0.0676096 0.00723369 0.123291 157 106 40
-0.058888 0.0310474 0.141647 86 4 8
-0.0604954 0.0113346 0.127796 83 72 76
-0.0543298 -0.00162406 0.131976 141 94 34
-0.0556218 -0.0376561 0.16075 94 54 34
-0.0425348 -0.00110029 0.159436 185 139 117
-0.035236 0.0101751 0.158094 124 74 54
-0.0576285 -0.000811566 0.124209 112 10 12
-0.0667401 0.00399695 0.118468 156 102 34
0.0755892 -0.0118447 0.16083 108 73 65
-0.0515972 0.0283741 0.140917 128 67 60
-0.0201542 -0.0140446 0.15904 98 46 30
-0.0333225 -0.00319721 0.166746 145 104 91
-0.0566206 0.0132902 0.130803 129 14 17
-0.0317271 -0.0191939 0.164008 104 66 32
-0.0715738 0.0100853 0.124412 164 140 124
0.000700987 -0.0202233 0.169799 101 68 41
-0.0558967 0.0279271 0.139798 134 12 14
-0.0453943 0.00560923 0.1689 154 109 90
-0.0502009 0.0292783 0.141828 146 124 112
-0.0333167 0.00399599 0.164008 158 116 102
-0.0475032 0.0010476 0.130338 160 133 105
-0.0538923 -0.00601409 0.137701 160 144 124
-0.0516467 0.00731837 0.133847 161 140 124
-0.0492108 0.0217777 0.150776 144 124 112
-0.0566045 -0.000124251 0.139285 146 102 41
-0.0505983 -0.00981661 0.122767 161 148 126
-0.0445203 0.0222674 0.158301 159 134 124
0.00493044 0.0191584 0.157437 153 126 110
-0.0531456 -0.012057 0.155735 74 42 26
0.0192463 0.00414399 0.146448 134 28 20
0.0390944 0.0203552 0.182108 142 125 114
-0.0400915 -0.0401783 0.160869 150 145 92
-0.0366841 0.0158521 0.16059 76 37 26
0.0357693 0.010241 0.172865 152 138 121
0.0539602 0.0183134 0.165347 174 150 142
-0.0569837 -0.0133581 0.160734 108 66 42
-0.0350341 0.0170503 0.159419 144 112 105
0.0407381 0.0235668 0.187237 153 135 121
-0.0683332 0.0188872 0.136136 127 22 24
-0.0517282 0.0325164 0.15111 163 141 131
-0.0688761 0.0207004 0.137629 142 58 54
-0.0211098 0.0178886 0.16408 168 141 131
0.0143971 0.0295809 0.143865 164 134 132
-0.0524035 -0.0421914 0.154584 148 142 94
-0.0689101 0.0179238 0.135272 134 28 26
-0.0454503 0.030196 0.190005 164 141 132
0.0451639 0.0252854 0.187307 162 144 134
-0.0328843 -0.0379904 0.154789 148 146 94
-0.0694243 0.0199918 0.136219 143 76 70
0.0771455 0.0280824 0.171222 168 148 142
-0.0547382 0.0363345 0.146958 164 140 131
-0.0815429 0.0298337 0.1545 156 134 118
-0.0683393 0.0404491 0.137538 164 142 132
0.0609962 0.00235508 0.110748 158 145 128
-0.0563835 -0.0153232 0.122581 161 148 125
-0.0631174 0.00476231 0.120249 123 12 14
-0.055973 -0.0161052 0.121513 162 148 126
-0.04967 -0.0329311 0.152364 86 42 33
-0.0564649 -0.00624707 0.125096 164 144 126
-0.0633821 0.00198665 0.125877 103 4 6
-0.0506691 -0.0274129 0.15649 40 12 7
-0.0518995 -0.00436497 0.118675 164 142 123
-0.0610425 0.0150787 0.13102 29 16 28
-0.0542774 -0.00282017 0.121593 106 30 18
-0.0598885 -0.02988 0.168328 41 16 8
-0.0478744 -0.0324808 0.157063 115 60 45
-0.045701 -0.0322556 0.150344 158 102 85
-0.0470366 -0.0404119 0.158121 49 26 13
-0.0587428 0.00224104 0.140649 146 98 42
-0.0638882 0.007669 0.12588 115 23 23
-0.0562657 -0.0270777 0.145884 124 119 78
-0.0596861 0.00182264 0.137769 126 58 18
-0.067076 0.0201612 0.141229 146 95 74
-0.0620396 0.0159086 0.133618 54 27 33
-0.0575881 -0.0208257 0.164452 56 20 13
-0.061568 -0.0221744 0.164154 94 54 30
-0.0733319 0.00842469 0.140941 102 42 41
-0.0612342 0.0144491 0.131096 46 28 38
-0.0587373 -0.000928793 0.12962 88 12 8
-0.0550948 -0.0321069 0.156971 52 24 16
-0.0651783 -0.0260999 0.169593 153 135 110
-0.0558802 0.0284441 0.127366 132 12 12
-0.0684276 -0.0657392 0.155756 151 144 92
-0.0424418 -0.0556012 0.172753 148 142 89
-0.0646977 -0.0814885 0.170201 150 143 88
-0.0728199 -0.0433082 0.168499 150 144 93
-0.0210996 -0.0558614 0.159989 148 142 90
-0.0827524 -0.0791464 0.151763 152 146 92
-0.175156 0.118134 0.312767 168 145 138
0.0526051 -0.0531436 0.16302 123 96 70
0.046541 -0.0402675 0.145982 142 140 90
0.0507637 -0.0426611 0.20721 118 117 72
0.0620725 -0.0571194 0.13443 152 148 95
0.0444148 -0.0382263 0.180125 115 114 71
0.0455775 -0.0388069 0.210497 116 114 73
0.0633051 -0.0658845 0.182374 152 142 96
-0.0494587 0.0116258 0.102157 132 26 26
-0.0428265 -0.0429383 0.152924 151 146 92
0.066752 -0.0892641 0.204984 149 144 89
0.0534862 -0.0537622 0.119657 150 146 94
0.0524791 -0.053363 0.118883 150 146 93
-0.064795 0.0138559 0.124844 140 27 22
-0.0728491 -0.0299549 0.124273 150 144 94
-0.0560079 -0.0263755 0.164422 52 24 16
-0.0623145 0.00802105 0.12367 110 29 26
-0.0507156 0.00405781 0.127601 150 114 80
-0.0633685 0.0215711 0.139477 143 111 92
-0.0593255 0.00436614 0.129865 122 11 12
-0.0531271 0.0103175 0.121782 94 52 55
-0.0629177 -0.0104503 0.125173 118 16 12
-0.0546953 -0.026846 0.161465 48 19 13
-0.067749 0.015419 0.139827 100 34 36
-0.0632468 0.00449426 0.131508 116 12 14
-0.0513017 -0.00361813 0.124307 162 146 128
-0.0644609 -0.00200626 0.125953 71 12 23
-0.0603081 -0.0310052 0.156176 76 50 27
-0.0666092 -0.0270813 0.178339 68 30 17
-0.0782854 0.000854242 0.143086 66 16 36
-0.0664652 0.0136594 0.139996 106 74 78
-0.0851629 -0.0281534 0.158882 138 130 94
-0.054062 -0.0256704 0.150831 81 46 28
-0.0600554 0.00193194 0.123837 76 4 4
-0.0680534 0.00455467 0.125705 118 10 12
-0.0782756 -0.0274761 0.156186 148 138 104
-0.0698838 -0.00427851 0.132042 128 10 14
-0.0662927 0.0142549 0.137631 92 40 42
-0.0376645 -0.0402475 0.16467 151 146 96
-0.0864727 -0.0293342 0.161894 120 116 70
-0.0527562 -0.0442157 0.159568 150 144 92
-0.060192 -0.0330105 0.157899 78 43 26
-0.0806365 0.0332898 0.159798 162 100 43
-0.0666454 -0.0339217 0.156427 148 142 92
-0.0707844 -0.0336427 0.165078 144 138 88
-0.0687451 -0.0352398 0.162257 149 143 93
-0.0783812 -0.0234231 0.177788 160 148 123
-0.0588034 -0.0504211 0.175701 151 145 95
-0.0295659 -0.0487089 0.142187 150 144 92
0.00552039 -0.0539309 0.184715 146 143 92
-0.0610001 0.0403174 0.133732 166 138 130
-0.0296172 -0.0516826 0.155482 150 144 92
-0.0319327 -0.0550388 0.158633 148 143 90
-0.0551317 -0.0305713 0.159261 76 44 34
-0.0598542 -0.0141573 0.120575 163 149 128
-0.0555065 0.0020519 0.131226 131 53 22
-0.0546075 -0.00198514 0.129244 130 81 30
-0.0580502 -0.0281122 0.15454 100 78 50
-0.0657247 -0.0247549 0.135996 156 144 118
-0.0665916 -0.0240723 0.127384 155 143 113
-0.0556304 -0.0273741 0.154442 76 43 28
-0.0573841 -0.0259762 0.15521 118 97 74
-0.0614391 0.00451306 0.129843 121 14 14
-0.0653793 -0.0250198 0.138186 154 142 114
-0.0875848 -0.0292678 0.15177 126 122 78
-0.0575262 -0.0255775 0.149555 158 148 122
-0.0568622 -0.00950739 0.122741 118 40 30
-0.0667699 0.0116045 0.135953 49 42 52
-0.0836775 -0.0277869 0.142703 127 120 75
-0.0567025 -0.0264627 0.15946 68 32 18
-0.0669765 0.0124283 0.136331 52 40 49
-0.0542634 -0.0265092 0.156005 70 34 24
-0.0557028 -0.0261593 0.134605 126 122 75
-0.0639084 -0.0261041 0.132693 126 122 77
-0.055547 -0.02386 0.131405 158 146 117
-0.0586522 -0.0219605 0.123286 160 147 124
-0.0548457 -0.0182737 0.156234 100 54 31
-0.0555584 -0.024551 0.138603 154 144 115
-0.0555039 -0.0242991 0.136443 159 146 118
-0.0562621 -0.0254329 0.13556 122 118 72
-0.0488977 -0.0401661 0.152642 66 41 21
-0.0809313 -0.0284846 0.144714 126 122 74
-0.0658704 -0.0283614 0.140089 132 127 77
-0.0606856 -0.0215214 0.130071 162 148 124
-0.0628149 -0.0270413 0.135016 128 123 74
-0.0586337 -0.0252585 0.134229 118 112 67
-0.065668 -0.0253046 0.140561 152 140 110
-0.0568323 -0.014976 0.129683 163 148 126
-0.0880462 -0.0294325 0.148603 128 122 76
-0.0544668 -0.012064 0.148887 160 146 124
-0.0804048 -0.0307055 0.157532 127 123 76
-0.0588855 -0.0227238 0.140885 162 150 124
-0.0650261 -0.0259029 0.139548 128 120 76
-0.0871732 -0.0310525 0.15029 139 134 84
-0.0794603 -0.0290333 0.145615 128 124 74
-0.0188384 -0.0541368 0.170965 148 144 91
-0.0586591 -0.046606 0.152786 149 144 90
-0.0582262 -0.037457 0.119737 151 144 92
-0.00653869 -0.0582176 0.177544 147 144 92
