ply
format ascii 1.0
element vertex 7502
property float x
property float y
property float z
property uchar red
property uchar green
property uchar blue
end_header
-0 -0 -0 0 255 0
0.144819 -0.0265291 -0.035852 0 255 0
-0.190887 -0.052391 0.0532246 0 255 0
-0.179726 -0.127105 0.00219304 0 255 0
-0.0499481 -0.0125961 -0.039161 0 255 0
0.201274 -0.0340146 -0.0829914 0 255 0
0.256121 -0.0416712 -0.0964503 0 255 0
0.187008 -0.0532277 -0.125429 0 255 0
0.0194541 -0.0635158 0.0020491 0 255 0
0.317148 -0.0655644 1.14253 157 142 118
0.00840024 0.0861413 1.00377 157 132 120
0.459513 -0.189643 1.06363 158 112 98
0.484205 -0.0458234 1.0861 127 92 70
-0.162294 0.0751337 1.1186 60 21 10
0.444549 -0.130874 1.02196 42 28 22
0.414909 0.0899592 1.07034 120 52 56
0.40993 -0.160742 1.09839 150 146 95
0.459696 -0.0145323 1.07778 150 118 96
-0.220781 0.0909658 1.08788 81 36 22
0.381718 0.0717267 1.07551 183 156 148
0.448561 -0.125801 1.02773 63 51 45
0.455957 -0.358421 0.982531 129 8 9
0.462042 -0.219609 0.921626 156 138 130
-0.0838551 0.0510785 1.13639 196 152 127
0.322038 0.0276692 1.11575 126 90 72
0.339659 -0.118337 1.10427 160 133 106
0.33121 -0.154156 1.07862 108 85 54
0.426282 -0.0279471 1.07009 154 128 116
0.417334 -0.113441 1.05076 162 132 116
0.0602097 0.0411606 0.942926 64 21 16
0.00392561 0.0943309 1.00274 102 76 68
0.521717 -0.191053 1.11423 98 40 30
0.513068 -0.129377 1.02806 174 104 72
0.327545 -0.133801 1.12488 136 131 96
-0.351618 -0.0352397 0.819092 162 146 127
0.356779 -0.131704 1.1048 150 118 92
0.121772 0.0802518 0.940548 90 50 42
0.300967 0.0159721 1.15616 132 120 93
0.448737 -0.0617011 1.06502 190 161 140
-0.258233 -0.229246 1.02553 144 120 74
0.0907976 0.146753 1.00443 159 26 23
-0.300736 0.000469783 0.91914 166 130 106
0.436846 -0.107865 1.02159 76 60 50
0.318209 -0.267339 0.984562 116 88 62
-0.379762 0.126006 0.934381 146 114 80
0.42205 -0.258523 0.906409 170 144 134
-0.21688 0.0997565 1.09807 96 50 37
0.430881 -0.0406654 1.05749 118 86 66
0.488432 -0.021367 1.08709 150 114 96
0.435371 -0.118312 1.0248 150 122 108
-0.273263 -0.154659 1.04749 158 112 93
0.430561 -0.24227 0.914929 158 131 120
0.351845 -0.253935 0.932411 160 132 120
0.321035 -0.2496 0.985153 128 110 68
0.432835 -0.296228 0.945727 124 42 30
-0.0951744 -0.0723492 1.06472 131 84 66
0.323671 0.0364562 1.11175 111 33 30
0.10346 0.0802264 0.930224 80 72 58
-0.149791 0.0651373 1.15201 122 70 47
0.335079 -0.246681 0.978252 132 102 74
0.330474 -0.123008 1.1044 158 146 124
0.461893 -0.0655392 1.0561 182 154 136
0.3361 -0.0620716 1.15035 51 30 16
0.41537 -0.0808442 1.02449 177 107 72
0.463094 -0.0789626 1.03562 131 96 80
0.398708 -0.0681451 1.0422 136 108 86
0.527273 -0.202882 1.11613 108 80 70
0.497264 0.064201 1.07557 182 162 156
-0.389782 0.140543 0.904882 140 54 22
-0.148824 -0.0354142 1.1544 136 86 64
0.479463 -0.0843715 1.04205 70 44 40
-0.367038 0.0812395 0.88034 87 33 37
0.512908 -0.113561 1.05537 126 67 38
0.330624 -0.379539 1.08849 128 110 66
0.496431 -0.0509356 1.0739 127 82 62
-0.159273 0.0933675 1.10528 147 116 107
0.439467 -0.0792228 1.03792 180 135 114
-0.0907257 -0.245972 1.0779 184 118 94
-0.138503 0.0441822 1.14058 178 127 100
-0.134309 0.0752575 1.15903 134 78 51
0.388815 -0.168516 1.13129 104 74 58
0.0964622 0.0189845 0.965497 100 44 26
0.368232 -0.0521965 1.16537 143 112 90
0.387924 0.0861774 1.08672 180 154 146
0.312297 -0.266771 1.00969 146 142 93
-0.371299 0.0428789 1.15467 158 110 81
0.438867 -0.355632 0.974201 126 8 8
-0.262201 -0.222998 1.02603 144 115 76
0.450292 -0.102233 1.03021 94 76 70
-0.187054 -0.0810016 0.982448 142 90 68
0.138626 0.123118 0.965541 133 118 115
0.458325 -0.0970228 1.03099 132 106 102
0.455593 -0.370397 0.988575 128 7 9
-0.130232 -0.0632623 1.02498 144 88 71
0.316451 0.0588068 1.13596 114 91 70
0.574399 -0.0160933 1.14807 130 112 92
0.127235 0.101651 0.939884 132 115 110
0.510731 0.0747248 1.08761 180 158 151
0.47526 -0.0938008 1.0382 70 42 41
0.327198 0.0585013 1.12331 116 84 74
-0.364124 0.0814855 0.882125 96 26 26
0.0711319 0.0303569 0.931841 78 22 18
-0.0767892 -0.080204 1.05506 134 86 70
0.356645 -0.234806 0.947873 156 126 112
0.173138 0.0830784 0.967974 156 84 76
0.407851 -0.150407 1.10753 60 63 34
0.335752 -0.0693745 1.12862 108 88 77
0.34217 -0.259034 0.938948 158 132 120
-0.0984856 -0.263894 1.10185 178 110 82
0.399001 -0.0571123 1.04735 150 115 96
-0.112225 -0.0601202 1.03915 125 76 56
0.423964 -0.079508 1.05865 172 98 61
0.396367 -0.0916305 1.03195 161 147 126
-0.0717865 0.0629299 1.13728 178 126 100
-0.0310702 0.0655855 1.14259 147 99 76
-0.0415533 -0.209739 1.11369 82 39 30
0.446925 -0.11251 1.02469 84 79 82
-0.26496 -0.2196 1.0136 142 90 70
0.438981 0.0380119 1.06364 132 84 61
-0.170814 -0.0533904 1.00221 106 60 38
-0.101516 0.066329 1.15597 160 106 83
-0.241999 -0.159093 1.06802 132 96 70
-0.405794 0.164862 0.935973 108 38 12
-0.247925 -0.202927 1.01679 150 144 90
0.324959 -0.169972 1.0801 140 136 90
0.43043 -0.0937619 1.03989 159 102 73
0.459522 -0.0847465 1.03035 104 61 47
0.314008 -0.148127 1.07887 121 119 76
0.478205 -0.041278 1.08792 116 90 78
0.498909 -0.0984658 1.04183 132 92 82
-0.0888084 -0.0804935 1.05698 118 71 50
0.309642 0.0209115 1.12491 140 116 94
0.489234 -0.0638537 1.05981 110 64 44
-0.35193 0.136229 0.942985 154 132 118
-0.37018 0.0437885 0.852418 104 37 40
0.388013 -0.0310485 1.07767 131 106 87
-0.229835 -0.0489843 0.992501 160 102 80
-0.345027 0.084555 0.898003 162 140 126
0.37615 0.0583652 1.1106 180 153 144
0.499778 -0.186256 1.09086 135 60 54
0.441268 -0.13915 1.00788 40 15 12
0.0795455 0.169509 1.00283 62 31 30
0.0715295 0.0923642 0.951118 138 64 56
0.416622 -0.160335 1.06336 152 149 98
0.466311 -0.217299 0.92973 150 131 122
0.0354714 0.016696 1.03864 156 115 92
-0.375013 0.110953 0.923569 152 118 86
-0.0699533 -0.132075 1.0675 167 128 110
0.408811 -0.0235055 1.08754 75 59 48
0.507171 -0.0268834 1.08256 116 88 68
0.394509 -0.0865489 1.05398 109 96 65
-0.285367 -0.165811 1.03362 142 92 68
0.090478 0.0245827 0.967456 128 57 43
-0.0823338 0.0634954 1.12819 193 146 120
0.125872 0.152855 1.02354 147 30 24
0.324113 -0.113123 1.11807 158 148 126
0.0935534 0.154561 1.01274 154 30 30
0.411268 0.0211404 1.05344 104 60 28
0.454069 -0.0435028 1.08012 148 120 102
-0.369504 0.00582608 0.839457 120 16 17
-0.0242957 -0.176135 1.10969 68 28 18
0.492295 0.0443177 1.06195 182 162 159
-0.208477 -0.0433141 1.0293 140 97 84
0.488934 0.0353835 1.06826 122 76 54
0.33916 -0.258742 0.951619 158 132 120
0.0155614 0.0793784 1.0091 158 132 118
-0.0781524 -0.259967 1.0707 172 100 76
0.110254 0.0867819 0.944892 90 85 72
-0.298491 -0.00552438 0.91009 144 86 71
-0.153199 0.0920458 1.12375 148 114 100
-0.389013 0.162384 0.932416 136 74 28
0.526358 0.0475652 1.08435 164 133 120
0.365945 -0.163439 1.11469 140 107 90
-0.269614 -0.20731 1.0067 146 90 71
0.442843 -0.22295 0.962552 146 117 104
-0.053613 -0.2899 1.08586 79 42 28
0.446076 -0.222467 0.953745 148 122 115
0.459058 -0.148983 1.02069 152 52 24
0.423366 0.11222 1.09455 176 152 146
0.42011 -0.253297 0.899635 170 144 135
0.149991 0.0158275 1.00087 158 94 75
0.440037 -0.382036 0.980279 156 133 102
-0.334898 0.0843655 0.916881 160 139 122
0.0119441 0.0795562 1.00496 159 132 119
0.524767 -0.208185 0.959416 141 114 80
0.32579 -0.289581 0.964256 155 130 110
-0.386587 0.102507 0.872107 123 14 15
-0.161964 -0.0460027 1.17217 113 62 44
-0.0896511 -0.0736717 1.07015 137 88 71
-0.167543 -0.0647569 0.983128 87 40 19
0.351436 -0.250069 0.918324 162 130 120
0.00214345 0.0321848 1.16696 148 100 80
-0.0255335 -0.160395 1.10599 60 22 12
-0.388358 0.132101 0.923164 144 94 38
0.53674 -0.178705 1.12575 94 50 34
0.521558 -0.233615 0.938259 170 149 140
0.365155 0.0396276 1.07601 179 152 143
0.510832 0.0501449 1.07662 180 160 152
-0.17302 -0.0804137 0.994281 128 79 56
-0.0526589 -0.199307 1.10294 122 75 55
0.432435 -0.203305 1.04903 133 117 102
-0.118643 0.0240719 1.14265 202 158 134
-0.225023 -0.0391446 1.03792 139 98 84
-0.0114838 -0.154486 1.10404 72 35 23
-0.339148 0.0730733 1.11679 181 132 110
0.405149 -0.0325956 1.08267 83 63 53
0.445615 -0.237414 0.914147 136 115 106
-0.329382 -0.0228017 0.89449 139 58 28
-0.0735912 -0.138566 1.06596 174 131 114
0.365238 -0.354626 1.08857 126 98 70
-0.401351 0.105103 0.889935 122 14 18
0.0837983 0.0944463 0.945162 110 85 74
-0.140846 0.0670403 1.14432 136 84 56
-0.370779 0.0556563 0.866661 124 14 14
0.422223 -0.0536364 1.04751 156 110 80
0.479415 0.115352 1.11087 179 159 154
0.358744 -0.222683 0.956137 130 105 66
0.469836 0.0174239 1.07841 133 96 78
0.427958 0.112956 1.08659 178 151 145
0.0800992 0.0778575 0.940404 148 23 22
0.412937 0.0336339 1.04587 151 108 88
-0.0162822 -0.191264 1.12335 64 30 16
0.437575 -0.027086 1.06556 151 121 106
0.434982 -0.0640398 1.04681 180 132 105
-0.389173 0.141666 0.952101 124 50 40
0.48315 -0.0952325 1.03757 87 62 62
-0.0813933 -0.274927 1.08337 113 62 46
-0.277536 -0.183816 1.00648 130 76 56
-0.16484 -0.0915792 0.988069 144 92 70
-0.0716673 0.0835395 1.13417 145 92 64
-0.280116 -0.208995 1.00794 162 98 78
-0.39006 0.11118 0.900073 114 29 8
-0.298706 -0.187381 1.01441 158 88 65
-0.355408 0.136968 0.944291 156 134 118
-0.104081 -0.25409 1.10163 171 100 76
-0.371086 0.0383307 0.844939 112 54 56
0.441958 -0.391795 0.979147 154 149 100
0.0713305 0.0775538 0.939811 156 24 24
0.405931 -0.082862 1.04457 162 113 86
0.550142 -0.217481 0.979936 138 101 76
-0.287061 -0.0362479 0.924331 161 132 106
0.108274 0.0610897 0.93452 144 28 23
-0.272382 0.0396309 1.07527 134 83 64
-0.233607 0.0961533 1.10191 82 34 19
-0.32987 0.026927 0.877079 160 142 122
-0.332237 -0.208317 1.00674 48 20 12
0.330954 -0.118489 1.11228 159 148 125
0.100468 0.159557 1.00337 138 44 40
-0.295146 -0.0124953 0.90151 145 78 64
-0.41238 0.162807 0.918525 99 39 31
-0.138464 0.0362634 1.13383 178 125 99
-0.294361 0.0738119 1.06169 138 89 71
0.440483 -0.224427 0.918792 150 127 118
0.509932 0.0602074 1.08064 180 160 154
0.584311 -0.363194 1.06748 94 82 62
-0.0297246 0.05389 1.13861 158 114 96
-0.057107 -0.270619 1.07874 88 50 38
-0.285939 -0.00230021 0.928439 166 118 92
0.445033 0.039242 1.05643 138 88 64
-0.284596 -0.191226 1.00397 148 84 66
-0.290507 0.0991336 1.07619 107 58 36
-0.26664 0.0620798 1.08356 125 76 56
0.379328 -0.0230538 1.10067 136 110 94
0.315428 -0.027038 1.1487 113 81 51
0.44689 -0.0699669 1.03828 191 163 144
0.384653 -0.370597 1.11015 128 102 74
-0.0302409 -0.214349 1.11325 50 18 10
0.130203 0.0863014 0.941908 123 54 47
-0.396726 0.143252 0.906405 118 20 11
0.349694 -0.216956 0.957179 154 152 100
-0.378358 0.106745 0.89153 118 16 10
0.452955 -0.222759 0.921881 153 132 124
0.383678 -0.207671 1.12582 122 88 56
-0.133401 -0.171252 1.14383 170 122 91
-0.320984 0.0977312 1.07918 114 65 36
-0.195852 -0.0514359 0.995545 154 102 86
0.300105 -0.00348831 1.18765 138 128 100
-0.387639 0.0878314 0.863014 72 16 24
-0.0882976 -0.146067 1.08064 176 130 108
-0.321198 0.172493 0.946005 148 126 112
-0.273093 -0.248811 1.04541 146 120 78
0.373344 -0.200276 0.964291 129 108 64
-0.360886 0.0330061 0.855124 124 16 17
-0.0889062 -0.261712 1.1048 176 104 82
0.416453 -0.241517 0.910116 169 143 134
-0.194016 0.0954793 1.11407 60 26 19
0.435643 -0.18943 1.05566 107 100 84
-0.305794 -0.00348855 0.914946 130 16 15
0.485756 0.00181019 1.09247 171 138 124
0.364218 -0.377953 1.11332 141 122 102
0.360051 -0.264227 0.934812 156 127 116
-0.360979 0.153023 0.944449 138 118 105
-0.323643 -0.112839 1.0417 150 102 80
0.440494 -0.170558 1.02695 143 70 58
-0.249185 -0.1784 1.04225 112 80 51
-0.358157 0.129115 0.934826 156 136 119
-0.209774 -0.00199138 1.08597 146 103 90
0.157202 0.122034 0.981152 159 89 84
-0.0253885 -0.133515 1.11421 76 40 27
0.058579 0.171138 1.00553 104 78 73
-0.19249 -0.0871025 0.994005 110 59 36
-0.21294 -0.0428523 1.00864 142 98 86
-0.124177 0.0578363 1.14096 184 132 110
-0.282756 0.0852657 1.08073 116 66 44
-0.111208 -0.0740346 1.05073 132 81 64
0.334498 -0.142126 1.08473 152 128 97
0.413958 -0.0152995 1.0963 124 100 84
-0.293055 -0.182245 1.00617 149 83 60
-0.0784355 -0.224962 1.09939 87 36 24
-0.0772396 -0.234165 1.0897 152 89 68
-0.0744582 -0.101033 1.06677 152 110 90
0.297891 -0.300144 1.01708 145 142 92
0.194625 0.0916546 1.00393 113 98 88
0.398897 -0.0241027 1.08547 124 102 84
0.0184011 0.0793133 1.01484 158 132 122
-0.288239 3.96678e-05 0.912764 160 117 90
0.0889606 -0.205671 1.68482 140 132 110
0.400393 -0.0408318 1.07498 152 124 110
-0.06462 -0.196987 1.10596 150 102 78
0.326923 -0.342029 1.06369 124 105 62
0.447826 -0.0475172 1.07446 148 120 100
-0.119261 -0.0709984 1.01585 152 100 82
-0.0815451 0.0627984 1.13603 194 146 121
0.325255 -0.125396 1.12077 156 148 124
0.371191 0.062384 1.08773 182 155 146
0.360678 -0.186961 1.08547 135 92 62
-0.0652041 -0.287849 1.0808 59 24 12
0.101343 0.0354882 0.973001 103 34 23
-0.309422 -0.17675 1.01759 116 58 39
-0.2529 0.0808221 1.10239 92 43 23
0.307395 -0.326674 1.03812 145 140 90
-0.156164 -0.043672 1.16828 129 80 59
0.390799 -0.0166259 1.10776 112 94 76
0.31206 0.0298698 1.1289 128 104 82
0.51708 -0.107551 1.06874 110 61 42
-0.122396 -0.0961918 1.02261 150 101 83
0.427664 0.0350968 1.05051 132 84 58
-0.0248839 -0.280199 1.09828 44 24 12
-0.0575126 -0.306424 1.09054 69 40 18
-0.165951 -0.0963843 0.991517 150 100 78
0.0280067 0.075431 0.984936 166 129 116
0.285725 -0.351908 1.6177 122 120 75
-0.247446 -0.171552 1.0473 104 70 40
-0.379153 0.0653304 0.857346 96 42 43
-0.245358 -0.102539 1.01595 90 48 24
-0.390531 0.109058 0.883951 124 18 16
-0.00827859 0.0227737 1.15736 142 94 77
0.139325 0.0946742 0.942851 144 71 67
-0.0909389 0.035974 1.14225 174 122 100
-0.295291 -0.15741 1.0401 138 87 64
0.395219 -0.146581 1.15109 96 70 56
-0.0710157 -0.307789 1.09978 53 26 14
-0.250259 -0.210177 1.03263 150 144 91
-0.130955 -0.0832022 1.01452 171 115 100
-0.0875305 -0.0933979 1.04023 124 78 59
-0.240551 0.0437924 1.10885 158 110 92
0.423726 -0.373129 1.00633 157 142 109
-0.296633 -0.00278728 0.922677 162 124 100
-0.235619 -0.0894672 1.01993 118 70 44
-0.348276 0.11686 0.921568 158 136 122
0.0679556 0.158982 0.999787 144 36 35
0.430101 -0.288356 0.935052 129 75 52
0.359482 -0.238135 0.938581 160 118 109
-0.0430505 0.0631334 1.13603 158 110 87
0.0736808 0.157762 0.996645 138 43 42
-0.0612748 0.0664006 1.12938 157 104 80
0.363295 -0.208814 1.10393 154 150 99
0.407792 -0.0628367 1.04887 166 106 76
-0.176349 0.0748582 1.08614 92 50 33
-0.341048 -0.0117297 0.87503 149 108 44
-0.108983 -0.174679 1.12435 174 126 96
-0.205237 -0.0348734 1.01378 140 98 86
-0.089807 -0.0629493 1.12885 167 118 98
-0.0100554 -0.114101 1.13769 155 140 114
-0.254653 0.0467567 1.08882 142 92 74
-0.287589 -0.184861 1.00879 142 80 59
0.516759 0.00634981 1.11334 136 98 80
-0.304369 -0.215135 0.990972 162 108 88
-0.164374 -0.0526909 1.15008 80 37 18
0.412289 -0.177877 1.06325 156 154 102
-0.32462 -0.0201636 0.900517 140 34 22
-0.0166303 -0.15456 1.10335 56 22 14
0.0954774 0.0133762 0.954071 88 46 27
-0.374134 0.0724038 0.856826 122 14 14
-0.292317 -0.194854 0.992049 172 98 76
-0.269052 -0.20325 1.00737 148 95 78
-0.230295 0.0715163 1.08595 104 54 30
0.429491 -0.133157 1.02102 160 132 120
-0.335942 0.00240898 0.873332 149 106 44
-0.3541 0.0614401 0.882992 142 87 78
0.457855 -0.156491 1.01636 172 74 44
-0.247534 -0.0325657 1.07404 135 88 74
-0.0810149 -0.053102 1.13255 186 140 116
-0.0131364 -0.121805 1.1351 124 100 75
0.497806 -0.0319524 1.11168 86 52 38
0.415486 -0.206052 1.04645 156 155 102
-0.395574 0.169315 0.930398 122 18 8
0.50267 0.0932618 1.09575 178 158 152
-0.0892566 -0.195067 1.11563 164 114 85
-0.230483 -0.0321101 1.06855 140 100 90
-0.0798512 -0.0017958 1.13068 197 152 128
-0.401961 0.135193 0.917546 138 77 30
-0.353334 0.113574 0.915066 158 136 121
-0.301113 0.00288484 1.08726 186 140 116
-0.350255 -0.0158153 0.872114 144 106 51
-0.0199092 -0.134462 1.11893 74 35 21
0.113019 0.142092 1.01612 160 26 23
0.417932 -0.00943165 1.08939 132 105 92
-0.118687 0.0593781 1.14515 185 134 110
0.335623 -0.225369 0.973617 154 150 102
-0.336412 -0.0225063 0.888386 142 96 34
0.317143 0.0457455 1.13348 107 84 66
-0.295509 -0.176738 1.00559 146 82 58
-0.345121 -0.108291 1.05052 61 22 12
0.42291 -0.202946 1.04203 148 137 96
-0.177181 0.0998992 1.10387 116 86 80
-0.297944 -0.209029 0.989116 113 62 48
-0.356637 -0.11576 1.04877 38 10 5
-0.0856609 -0.223122 1.08944 108 53 34
-0.048209 -0.212472 1.11131 88 38 26
-0.351288 -0.0286207 0.820886 162 146 128
0.481105 0.00258584 1.09511 158 122 106
0.44318 -0.160197 1.01512 146 82 65
-0.0973988 -0.295542 1.10736 124 79 62
-0.0530823 -0.272246 1.08558 66 34 25
0.0670637 0.136115 0.985659 149 54 52
0.0956043 0.0254204 0.962728 98 45 31
-0.288436 -0.051797 1.0561 120 72 48
-0.33685 -0.0851297 1.06224 114 68 52
-0.290421 -0.235883 1.01351 128 80 57
0.163303 -0.309057 1.6302 118 116 73
0.429862 -0.374062 0.999004 154 137 107
-0.0740457 0.0469673 1.13094 192 144 118
-0.0415797 -0.281812 1.09155 58 29 15
-0.23722 -0.0432164 1.03104 117 70 48
-0.381116 0.210017 0.92775 118 14 16
-0.296966 -0.204494 1.01173 174 102 80
-0.299231 -0.0848091 1.04427 140 94 74
0.417934 0.0664049 1.06815 182 160 152
-0.320363 0.0735522 1.09408 162 116 96
0.400214 -0.0759923 1.07791 84 82 54
-0.237441 -0.0978162 1.02211 86 44 22
0.263652 -0.266477 1.65921 107 105 64
-0.323767 0.170183 0.947579 144 124 110
-0.364884 0.101544 0.911426 146 99 88
-0.309458 -0.0967346 1.04511 150 104 84
-0.271211 -0.256551 1.04983 150 145 94
0.525518 0.06579 1.09335 184 158 146
-0.358748 -0.00812725 0.861369 140 92 36
-0.0146533 0.0587583 1.135 142 102 82
0.387677 0.110342 1.10861 174 146 136
-0.356725 0.128945 0.943942 157 134 120
0.412259 -0.0766182 1.03509 184 116 85
-0.33334 0.00642152 0.874651 145 104 46
-0.373673 0.105208 0.909056 120 32 16
0.407407 -0.213264 0.926482 148 110 95
0.485838 0.111784 1.1006 178 158 152
0.372064 -0.210944 1.11575 125 112 64
-0.0843425 -0.195487 1.11003 162 114 86
-0.250727 -0.097554 1.00858 90 48 24
0.354253 -0.154354 1.09461 97 65 49
-0.312648 0.177441 0.972448 160 138 126
-0.061935 -0.103624 1.12213 114 70 54
-0.116797 -0.23841 1.1152 168 120 88
-0.193688 0.0551159 1.08479 120 74 52
-0.123865 -0.0724666 1.00551 165 112 96
0.154443 0.0255799 0.993692 138 34 26
-0.156106 0.00158743 1.16102 153 101 80
0.36326 -0.198586 1.11466 153 149 96
-0.311811 -0.202948 0.990962 111 62 44
0.526989 0.103596 1.13201 173 153 146
-0.0776124 -0.196005 1.10502 160 110 84
-0.25888 0.0471691 1.09285 138 88 70
0.464666 -0.277197 0.904829 176 150 142
-0.177906 0.0949709 1.09529 91 61 52
-0.318018 -0.00935434 0.886684 151 61 40
-0.0161407 -0.200938 1.1136 118 70 50
0.418627 -0.145269 1.02078 161 132 116
-0.186703 -0.0606512 1.00334 156 104 90
-0.259362 0.0364911 1.09055 146 94 76
-0.207514 0.102685 1.1072 88 44 32
-0.244896 0.0337835 1.09311 150 102 82
-0.0166623 -0.220782 1.11213 70 33 19
-0.211616 0.077738 1.09087 139 91 68
-0.101313 -0.0773567 1.054 102 52 28
0.0588153 0.130163 0.969188 148 72 68
-0.0144875 -0.179091 1.11319 50 18 11
-0.0875806 -0.20785 1.10426 158 104 76
0.0123346 -0.170317 1.12033 127 102 64
-0.11509 -0.26118 1.10949 176 112 85
-0.242781 -0.0954319 1.02207 90 49 24
0.434829 -0.38914 0.986479 157 148 100
-0.243665 -0.0926674 1.01184 94 53 28
-0.386866 0.137813 0.909545 139 57 22
0.439739 -0.198055 0.947343 148 122 111
0.0720707 0.114462 0.952436 132 116 112
0.52121 -0.225395 0.94638 173 150 144
0.473563 -0.0726226 1.04447 172 136 110
0.539502 -0.19997 1.11812 76 30 19
-0.10189 -0.17661 1.13148 169 122 92
-0.259201 -0.197829 1.01429 141 113 76
-0.169598 0.0694771 1.09574 78 34 22
-0.0676521 -0.264651 1.08116 142 84 66
0.500318 -0.31986 0.972573 69 46 34
-0.35009 -0.228257 1.04283 45 17 11
-0.0459651 -0.258162 1.08384 36 12 6
0.510973 -0.243041 0.932341 171 150 142
-0.39762 0.15661 0.919044 112 14 10
0.104004 0.0315517 0.972835 104 26 18
-0.293344 -0.213031 1.00214 150 90 72
-0.00168495 -0.121795 1.13325 156 146 122
0.271198 -0.250926 1.66412 102 102 62
-0.107064 -0.0601358 1.12728 156 108 90
0.118845 0.115973 0.959339 139 93 86
0.448687 0.0205182 1.06797 116 73 50
-0.307394 -0.0775562 1.04145 137 92 72
-0.244315 -0.159073 1.05645 132 93 70
0.0598021 0.0448171 0.945946 68 20 12
-0.274966 0.0502438 1.08149 127 75 54
-0.358237 0.183992 0.929444 128 14 16
0.369791 -0.272133 0.920312 113 66 39
-0.306802 0.0706885 1.10093 141 91 72
-0.335603 0.0443081 1.13965 174 126 104
-0.0793611 -0.305144 1.09309 48 24 11
-0.159068 -0.0256272 1.14314 108 54 37
0.475397 0.00292303 1.09965 168 128 108
0.45108 -0.38792 0.983894 125 88 54
0.320759 -0.370662 1.07422 125 108 63
-0.247182 -0.19326 1.04268 124 102 62
0.438809 -0.145131 1.00464 144 82 66
-0.148501 0.0151246 1.13967 159 107 86
0.404914 -0.179559 1.07234 156 154 101
0.351755 -0.234889 0.954051 134 94 72
-0.342774 0.0753334 0.903064 162 142 124
0.138822 0.160937 1.02254 147 32 32
-0.386375 0.212559 0.913782 116 18 20
-0.0152962 -0.231583 1.12887 88 54 30
-0.303712 0.0175371 1.08957 178 130 108
-0.0483484 -0.294211 1.08844 78 46 28
-0.267879 0.0112038 1.08833 143 95 78
-0.0263799 0.0577116 1.14822 152 111 93
0.450887 -0.261293 0.891838 98 80 73
-0.299891 -0.256539 1.00343 44 26 12
-0.213154 0.0864368 1.09091 66 24 16
0.393943 0.0711282 1.07371 190 167 159
-0.352513 0.187295 0.928414 123 20 21
-0.272767 0.060766 1.0773 124 72 53
-0.171884 -0.178237 1.22921 124 86 55
0.456177 -0.0557298 1.05815 160 132 116
-0.114475 -0.274433 1.1155 151 94 74
-0.235673 -0.191123 1.08452 145 122 80
-0.31294 -0.00242415 0.904817 136 13 17
-0.190944 -0.15764 1.1706 98 62 30
0.475367 -0.0692782 1.05193 154 121 95
-0.303834 -0.0355294 0.926235 160 142 120
0.339608 -0.343142 1.07366 119 82 47
0.440059 -0.35939 0.976325 124 8 8
-0.0917998 -0.296284 1.08912 92 58 44
-0.33688 -0.118462 1.05227 109 64 48
-0.302123 -0.0960188 1.05148 146 100 80
0.408161 -0.153993 1.10688 68 66 33
0.343639 -0.352124 1.07769 96 60 28
0.335552 -0.217815 0.965371 154 151 102
0.511319 -0.21804 0.942252 172 152 142
-0.167376 0.0315744 1.14547 86 36 22
-0.316023 -0.0916226 1.04199 152 106 85
0.114559 0.0593664 0.931722 144 30 23
0.194462 0.0796741 1.01119 152 136 118
0.0954589 0.0994169 0.944693 117 101 88
-0.044844 0.0207704 1.15666 172 129 112
0.117512 0.0900642 0.942806 83 71 53
0.464973 -0.0513958 1.08218 162 136 118
0.497887 -0.210427 0.940631 153 121 104
0.347157 -0.0141806 1.12717 96 61 34
-0.282214 -0.243896 1.00025 146 103 78
0.362073 0.104485 1.14488 157 125 116
-0.063299 -0.304084 1.08141 58 32 16
-0.165363 0.0543162 1.13812 84 35 21
-0.263214 -0.193982 1.01243 130 86 62
-0.370921 0.0744912 0.866558 116 22 22
0.401875 -0.202429 1.0589 156 154 100
0.444166 -0.369248 0.98306 124 10 8
0.430618 0.00311515 1.08302 142 112 99
0.377133 -0.205842 0.942179 160 154 104
0.341982 -0.336276 1.61684 122 120 76
-0.0301292 -0.302477 1.12141 56 38 18
0.412164 0.0148009 1.0807 118 76 53
0.308751 -0.286588 1.03769 146 144 92
-0.0153955 -0.108578 1.12968 138 109 79
0.300519 -0.0460638 1.18067 152 142 117
-0.372962 0.0568562 0.862941 108 32 34
0.127762 0.0878625 0.948922 115 52 46
0.286238 -0.358022 1.6131 124 121 76
-0.330467 0.0527598 1.10899 180 132 109
-0.350081 -0.0905927 1.05793 110 64 48
-0.321679 -0.181994 1.00698 79 42 32
0.498267 0.110512 1.11032 176 156 150
-0.0232546 0.0723135 1.06348 116 70 41
-0.343633 -0.0920481 1.05808 88 42 28
0.154778 0.143565 0.984274 121 29 26
-0.0339674 -0.290856 1.09598 46 28 10
0.403042 -0.0878607 1.04104 146 111 82
-0.334054 0.0927372 1.09858 148 97 70
-0.0418789 -0.190797 1.10487 119 72 54
-0.0504511 -0.226688 1.07529 30 10 5
-0.296532 -0.206967 1.00184 178 106 84
0.30797 -0.273315 1.04307 148 146 95
-0.00539912 0.00581457 1.16836 160 114 95
-0.112317 -0.238956 1.09752 172 111 86
-0.049294 -0.244275 1.08163 96 54 40
-0.327308 -0.239521 1.00846 58 31 18
0.067849 0.07343 0.946313 155 26 25
0.155724 0.0346237 0.974104 138 32 24
-0.236231 -0.117942 1.05202 114 71 50
-0.275407 -0.235903 1.01118 148 92 64
-0.390855 0.22251 0.930366 148 100 92
-0.268117 -0.185773 1.02498 46 15 6
0.325747 -0.0319601 1.14566 104 72 37
-0.033421 -0.151395 1.10613 54 15 8
-0.309642 -0.179301 0.996348 128 72 50
-0.352415 -0.0480313 0.826928 163 148 127
-0.161294 0.0568422 1.10848 82 34 20
-0.0471099 0.0553728 1.13461 162 114 92
-0.0344006 -0.23063 1.09139 34 12 7
0.412724 -0.202811 0.929138 138 96 80
0.564635 -0.0339883 1.15103 98 70 52
-0.34067 0.071578 0.882458 162 141 126
0.379887 0.0706095 1.08575 182 157 150
0.0756866 0.0668219 0.927521 150 26 25
0.4061 0.114843 1.12 188 158 148
0.424812 -0.164346 1.01017 82 80 68
-0.168809 0.05812 1.12396 79 34 20
-0.302924 -0.200992 1.00011 184 116 93
-0.311199 -0.243465 0.998753 49 27 18
0.0928556 0.163271 1.00937 113 19 18
-0.273832 -0.201563 1.01014 149 94 77
0.394231 -0.0949392 1.19319 124 95 68
0.450688 -0.369993 0.988902 124 6 8
0.0925655 0.118483 0.959684 130 54 50
-0.27778 -0.19729 1.00926 151 95 77
0.438945 0.0195064 1.06035 132 95 78
0.249162 -0.323233 1.59718 126 124 76
0.46842 -0.256595 0.901253 161 146 139
-0.0134989 -0.0137157 1.15824 163 115 95
0.371434 -0.382542 1.11435 136 116 98
0.152152 0.135784 0.991261 154 26 28
0.299923 -0.00969543 1.2128 142 132 104
-0.314016 -0.0235884 0.899093 134 14 16
-0.148065 -0.0294014 1.15532 144 93 70
-0.208718 -0.16013 1.14041 115 78 52
-0.043033 0.0674393 1.1377 150 100 77
-0.313394 0.0378613 1.09846 170 122 101
0.144741 0.137016 0.974298 153 26 24
0.307816 0.0393888 1.14096 114 98 72
-0.31194 -0.188454 1.00215 172 107 85
-0.0228364 -0.231748 1.1009 40 16 5
-0.0801543 -0.247071 1.09461 162 98 76
0.0604836 0.0705362 0.965898 153 26 24
-0.0120704 -0.205568 1.10615 70 31 16
-0.264245 -0.16965 1.04133 122 81 55
-0.210749 0.0396153 1.08571 152 110 93
0.436883 -0.365757 0.991179 124 14 12
0.44027 0.0148521 1.06955 158 126 110
0.546823 -0.178174 1.11877 96 58 45
-0.136022 -0.140697 1.11442 140 96 64
-0.370466 0.0696825 0.871557 121 16 16
-0.260273 0.00183246 1.09059 141 92 75
-0.293663 -0.173302 1.0201 52 14 5
-0.185708 0.0539597 1.10213 113 66 48
-0.0722407 0.0457828 1.13862 185 137 111
-0.267624 0.0675495 1.08943 122 73 56
0.316688 0.0272935 1.11637 110 90 72
-0.0331398 -0.182495 1.11262 69 31 20
0.355697 -0.229152 0.940661 126 89 66
-0.133281 -0.00259938 1.13943 184 134 108
-0.177271 0.0707226 1.10416 88 43 29
-0.24032 -0.104936 1.02653 102 62 35
-0.0483177 -0.306152 1.09831 38 20 5
-0.0242041 -0.216535 1.10803 67 29 18
-0.019887 -0.126372 1.11378 72 37 20
-0.0922448 0.00739343 1.13918 182 133 108
0.427178 0.0888452 1.07969 121 31 36
0.340175 -0.364686 1.0775 129 101 73
-0.301667 0.114578 1.05775 122 83 65
-0.0514255 -0.218896 1.10528 74 29 16
0.0857912 0.154751 1.01117 156 29 27
-0.328544 -0.209382 1.01207 98 56 44
-0.000559227 -0.177186 1.11697 88 48 26
0.076892 0.137403 0.989704 159 26 24
0.112525 -0.234129 1.65439 90 88 50
-0.334024 -0.158179 1.03524 48 20 14
0.518538 -0.242087 0.932293 171 148 140
0.377513 0.0254674 1.06494 168 137 122
-0.0244135 -0.127112 1.12595 66 28 15
-0.240579 -0.181673 1.06722 132 97 67
-0.260045 0.0613791 1.09421 130 80 62
-0.226972 0.0711254 1.08695 106 56 30
-0.0344135 0.0621537 1.14822 158 110 88
-0.0692311 -0.212101 1.09968 137 88 62
-0.149219 -0.0907572 0.977649 141 91 68
-0.0567812 -0.293565 1.08458 40 18 8
0.413099 0.0659752 1.07369 183 159 152
-0.0660772 -0.211055 1.102 118 70 48
-0.364456 -0.227189 1.03672 62 33 25
-0.0840152 0.0554591 1.13005 197 150 126
-0.232174 -0.156145 1.05526 132 95 68
-0.0320801 -0.216854 1.10384 102 56 44
0.00457241 -0.0851353 1.2189 145 127 100
-0.301768 0.169836 0.982729 161 141 131
0.425122 -0.151646 1.00525 159 129 116
0.390779 -0.108399 1.18833 150 120 98
0.527859 0.0194388 1.12643 130 92 76
-0.386638 0.126792 0.889801 139 82 32
0.340576 0.0940261 1.12985 135 104 91
0.394914 0.107257 1.10678 181 156 150
-0.304795 0.086021 1.09053 129 79 61
-0.398146 0.170542 0.923743 98 8 8
-0.0507229 -0.260171 1.086 82 44 36
-0.139736 -0.0777389 1.02194 124 69 55
-0.221484 0.0667226 1.08629 111 62 34
-0.0246958 0.0632535 1.13549 152 106 86
0.456241 0.0204264 1.07691 104 60 35
-0.0345933 0.0538203 1.13852 160 115 95
-0.366851 0.0683607 0.876307 122 16 14
0.511855 -0.231452 0.936735 142 82 75
-0.319076 -0.0667344 1.05061 99 58 44
-0.317765 0.194901 0.938253 164 142 130
0.307989 -0.284661 1.61107 118 116 74
-0.124836 -0.0298912 1.15349 188 142 118
-0.312578 -0.163923 1.02679 133 78 54
-0.348218 -0.0435675 0.82985 162 146 126
0.107282 0.105383 0.950626 148 30 26
0.302515 0.0450737 1.22598 132 119 94
0.418922 0.0384773 1.0714 166 129 114
-0.140356 0.0131629 1.15073 180 128 102
0.0880957 0.0808954 0.939571 112 47 40
-0.29697 0.0884176 1.09483 118 68 46
0.434375 -0.257473 0.914566 167 142 132
-0.10314 -0.290374 1.10472 177 118 92
0.0740124 0.0470093 0.966066 117 28 22
0.0653211 0.0612015 0.943829 134 24 20
0.375653 0.0227796 1.08722 170 138 124
0.41902 -0.0234853 1.09717 130 103 87
0.312224 -0.247446 1.02773 150 146 94
0.36834 -0.262385 0.908446 118 69 46
0.350148 -0.238401 0.984306 107 74 46
0.121012 0.141236 1.01146 151 56 50
-0.189321 -0.0932171 0.993532 126 75 52
0.55217 0.0707824 1.12778 184 158 140
-0.148575 -0.0744042 1.01813 130 77 59
-0.0418679 0.0500969 1.13957 162 114 93
0.341183 -0.226606 1.69362 92 94 55
-0.364145 0.130839 0.935628 157 136 120
0.0732277 0.0344974 0.945699 76 20 15
0.341293 -0.309566 1.65262 116 116 74
0.381914 -0.357038 1.04936 158 142 117
0.563599 -0.00856261 1.11891 143 124 102
-0.223354 -0.103207 1.02762 166 118 86
-0.30162 -0.0362714 0.929854 158 142 118
-0.304363 -0.247387 1.00542 70 40 24
0.401548 -0.214092 0.921598 152 121 106
-0.207399 -0.0172111 1.05706 145 102 86
-0.250553 -0.138137 1.04601 142 102 82
0.149109 0.0935036 0.950189 166 82 82
0.0427502 0.12623 0.975858 156 30 26
-0.104175 -0.220946 1.12925 88 41 20
0.4336 -0.37969 0.993991 152 135 102
0.493102 -0.0392496 1.08322 116 72 48
0.307333 -0.329778 1.03436 145 140 90
-0.31221 0.0447421 1.0897 167 119 98
-0.274785 -0.167623 1.04361 118 72 50
-0.0840796 -0.0310889 1.1296 194 149 124
-0.341078 0.191355 0.928135 131 65 58
0.465577 0.0322332 1.08583 108 64 36
0.502801 -0.0760376 1.06476 145 90 65
-0.20512 0.0299458 1.101 147 104 88
0.41154 -0.202569 0.985928 142 114 92
-0.29886 -0.00741005 0.899496 126 20 17
0.449614 -0.00254794 1.09476 137 96 74
0.319995 -0.357931 1.0718 134 113 70
0.445624 -0.31231 0.943361 124 10 10
0.459736 0.0190816 1.06617 121 80 56
0.132798 0.0920713 0.93997 132 48 46
-0.0425038 -0.229904 1.08997 29 9 4
-0.340518 0.146492 0.955874 142 121 107
-0.251269 -0.178895 1.06326 111 77 48
-0.0303258 -0.237749 1.0874 31 14 7
0.337705 -0.16045 1.07939 146 115 90
-0.250381 0.0984277 1.09399 114 66 43
0.060415 0.0610888 0.953176 129 24 18
0.0813483 0.114394 0.954839 91 76 70
-0.0774754 -0.255211 1.08885 166 98 76
-0.0818952 0.00796393 1.1337 202 157 132
0.0742128 0.0866999 0.950366 148 22 19
-0.0917922 0.0652225 1.14013 168 115 92
0.42339 -0.0189863 1.08429 126 100 82
-0.0244333 0.0603354 1.14466 154 112 95
0.361891 -0.214179 1.12096 154 152 99
-0.360801 -0.00942743 0.876761 144 101 40
-0.0464503 -0.197926 1.1115 108 64 46
-0.29076 -0.031127 0.926523 160 130 104
0.416375 -0.0624422 1.02425 172 106 74
-0.382682 0.211581 0.919589 117 34 32
-0.230554 -0.0922977 1.01428 112 67 42
-0.35042 -0.239819 1.02601 58 31 17
0.508236 0.107463 1.11503 176 155 150
0.37473 -0.0364843 1.06202 129 102 84
-0.0903744 0.0409323 1.13625 170 117 96
-0.171946 0.0348494 1.11454 91 42 28
-0.181895 0.0712554 1.09925 102 54 36
-0.117938 0.0799673 1.14772 119 66 36
-0.042727 -0.302444 1.09238 42 27 12
0.140825 -0.303754 1.639 112 112 66
-0.411789 0.124076 0.919257 144 106 73
0.418873 -0.359622 0.990336 136 102 76
0.386539 -0.349331 1.00713 158 142 112
0.579099 -0.0236572 1.13966 84 68 54
0.433077 -0.308509 0.94809 124 8 8
-0.0570864 -0.256813 1.08625 90 55 44
0.318307 -0.164041 1.07881 136 133 86
0.51649 0.0487171 1.07331 179 152 142
0.309431 -0.172564 1.07011 136 135 87
-0.268878 0.072284 1.09603 118 70 52
-0.109436 -0.0666393 1.0842 133 82 64
-0.274283 0.0680189 1.08283 122 72 52
0.390994 -0.0493977 1.0955 102 80 55
-0.0665475 0.0837752 1.1341 140 89 62
0.409394 -0.149253 1.00786 149 119 104
-0.163656 0.0174693 1.1511 121 68 52
-0.359302 -0.00221255 0.878858 150 104 46
-0.119735 -0.0435035 1.13242 184 138 114
-0.365782 0.054334 0.866678 124 17 20
-0.371861 0.0621571 0.854509 110 32 33
0.415356 -0.151086 1.00422 158 132 116
0.451969 -0.259771 0.906255 114 92 84
0.351985 -0.262003 0.936842 160 130 119
-0.332211 0.132116 1.01356 152 129 115
0.442714 -0.00245965 1.0851 132 96 78
-0.187285 0.0440813 1.09845 130 84 70
0.556744 0.0854018 1.15604 125 100 90
-0.250601 -0.215901 1.01987 149 145 91
0.387064 0.0283229 1.06058 172 133 113
0.419428 -0.107689 1.05098 170 126 106
-0.219148 0.052459 1.09129 155 108 92
-0.284582 0.0751054 1.0877 122 72 52
0.205752 -0.335457 1.63774 130 127 79
0.311877 -0.318987 1.60287 118 118 74
-0.296669 -0.188679 0.99913 168 93 71
-0.232956 -0.20257 1.05159 148 142 89
0.117754 0.0527995 0.947487 142 28 22
0.46264 -0.0687734 1.03835 169 140 125
-0.194673 0.0511138 1.06212 142 94 76
0.443479 -0.25562 0.918477 146 118 108
-0.305709 -0.201196 0.996421 152 90 72
-0.22657 -0.145166 1.0681 130 92 63
-0.295514 0.00533828 0.905475 158 127 102
-0.0607044 -0.0966755 1.09114 142 102 87
0.377266 -0.0124667 1.10297 142 116 100
-0.0545803 0.082471 1.15565 120 70 42
-0.124797 -0.256073 1.08818 162 116 80
0.430101 0.0280846 1.03458 98 54 28
-0.315598 -0.202404 1.00857 106 51 37
0.336075 -0.279729 1.65163 113 114 73
-0.302041 -0.144345 1.04618 148 100 76
-0.0213812 -0.260045 1.10826 46 30 14
-0.28675 -0.00870814 0.898493 162 130 106
-0.112471 0.0688775 1.15255 156 101 72
-0.204304 0.0597906 1.08255 126 76 54
-0.100507 0.0368996 1.14125 158 103 82
-0.264743 0.046197 1.0962 136 86 66
0.0502485 0.0622549 0.958149 119 22 15
0.372741 -0.206309 1.12252 154 146 98
0.412487 -0.364513 1.01937 156 140 110
0.399899 -0.194247 1.07198 158 154 102
-0.276665 0.0731961 1.08844 120 69 48
-0.327043 -0.111755 1.03981 107 66 51
-0.378788 0.106564 0.90685 130 42 18
-0.0730537 -0.208619 1.10283 148 96 72
0.154626 0.03039 0.984433 138 32 26
-0.310818 -0.0724801 1.05252 138 94 74
0.365937 -0.314252 0.981579 110 42 21
-0.083005 -0.209753 1.11857 151 98 71
-0.356614 0.196005 0.948632 132 58 52
0.545002 -0.195316 1.12967 89 46 32
-0.0833334 -0.0383872 1.13252 194 149 124
-0.0442911 -0.225208 1.10152 56 18 10
-0.129042 -0.015342 1.13715 189 141 116
0.23905 -0.301946 1.62244 126 124 79
-0.303154 -0.0528747 0.986317 157 130 106
-0.111647 0.0654686 1.16042 165 110 88
0.383679 -0.368494 1.07451 152 130 110
-0.0221618 -0.0364868 1.14901 169 124 106
-0.27584 0.0448648 1.08638 130 78 58
0.231314 -0.252071 1.66989 100 100 58
-0.19679 -0.0754723 0.986034 129 74 55
-0.295339 -0.103152 1.03833 158 111 90
-0.212246 -0.0424933 1.02973 140 98 86
0.45613 -0.0767114 1.0342 164 128 111
0.319285 -0.346393 1.0626 130 112 67
-0.361548 0.144798 0.930578 150 128 114
-0.138413 -0.0715644 1.01174 145 88 72
-0.0916024 0.0264768 1.14092 173 122 98
0.319814 -0.291614 1.0249 123 118 87
-0.259752 -0.156356 1.04884 147 104 82
0.337557 -0.00315654 1.11853 142 107 90
-0.124489 -0.0490733 1.14489 184 136 112
0.388348 0.105779 1.11037 177 148 141
-0.0339068 0.031462 1.14307 156 114 96
-0.221774 -0.150867 1.08842 123 80 56
-0.310125 0.192172 0.967532 163 142 130
0.464971 0.00395265 1.09667 144 104 82
-0.33045 0.0548988 0.892011 162 140 124
-0.0295283 -0.23313 1.11258 41 16 8
0.461976 -0.280845 0.91419 181 154 146
0.0995186 0.131118 0.996023 162 26 26
-0.146617 0.0106084 1.14591 165 114 92
-0.267131 0.0213566 1.08601 142 94 77
0.515007 0.0200833 1.10942 135 96 80
-0.0376655 -0.284859 1.08979 52 28 14
-0.0540126 0.027376 1.14609 171 124 105
-0.360642 0.201246 0.920322 128 12 14
-0.27638 0.0858418 1.09028 104 56 35
0.402281 -0.0955145 1.08534 118 104 80
-0.0235317 -0.223235 1.10492 111 66 47
0.126557 0.02102 1.0037 134 28 20
0.312778 -0.308619 1.62851 118 117 73
0.436035 -0.397652 0.987602 158 150 97
0.0225254 -0.000269427 1.1488 163 122 100
0.548343 -0.230315 0.968723 144 131 122
-0.331417 -0.0155139 0.889259 154 98 50
-0.342385 -0.128092 1.03307 68 31 20
-0.347276 -0.239309 1.01154 61 29 14
0.534519 -0.147194 1.03418 156 96 62
-0.0626251 -0.0390362 1.13295 178 134 116
-0.268301 -0.190737 1.02524 78 42 24
0.402714 -0.343167 0.993839 122 18 12
0.438998 -0.371475 0.99046 126 43 26
-0.232026 -0.130221 1.05284 133 92 68
0.451533 -0.413101 0.990277 155 148 96
0.101151 0.125994 0.999653 148 30 27
-0.00777636 -0.232816 1.12702 119 96 63
0.141004 0.0645467 0.932267 154 28 26
-0.0336243 -0.167473 1.10407 107 62 46
-0.0579765 -0.191015 1.10087 151 107 84
-0.0784028 -0.0677854 1.10441 164 116 96
-0.0712492 -0.0604333 1.13357 178 134 116
-0.319574 -0.0543456 1.05407 114 71 47
-0.378099 0.0258902 0.842417 121 11 12
-0.243223 -0.117453 1.03751 110 69 50
0.409756 -0.229606 0.927333 172 144 134
-0.369779 0.189707 0.920543 131 12 14
-0.0367171 -0.250389 1.08944 66 34 23
-0.335137 -0.0945258 1.05742 122 75 58
-0.371947 0.012932 0.844955 121 13 16
-0.279146 -0.149052 1.04134 140 94 72
-0.161608 -0.00210147 1.11026 86 36 22
0.106514 0.088287 0.936694 94 88 73
0.952913 -0.201623 1.67557 126 125 78
-0.319406 -0.170266 1.00917 32 12 8
-0.0254032 -0.247977 1.07636 41 22 10
-0.0241345 -0.0506096 1.15885 172 130 112
0.295873 -0.327425 1.03735 144 140 90
0.234795 -0.262375 1.65585 109 108 65
-0.242247 0.0262405 1.09221 150 102 84
0.496565 -0.123682 1.02376 127 68 42
0.184316 -0.224021 1.69694 80 80 40
0.148186 -0.301461 1.58314 118 116 72
0.209589 -0.26785 1.66798 108 107 66
0.132821 0.0397869 0.988636 142 30 23
-0.365669 -0.215479 1.03905 54 25 14
-0.292757 0.0839522 1.08675 122 72 52
0.536084 -0.262806 0.948316 168 148 139
-0.0621279 -0.109682 1.11871 118 74 58
0.291185 -2.90566e-05 1.20238 139 130 101
0.431508 -0.298198 0.939997 126 40 30
-0.183003 -0.176683 1.23485 92 54 24
-0.360646 0.0702204 0.868278 116 23 24
0.259696 -0.321176 1.63234 124 121 74
0.135499 0.148285 1.0003 120 36 30
0.196094 -0.251929 1.67959 96 97 57
0.132919 0.0418867 0.96307 144 30 24
0.442191 0.0495166 1.06745 164 128 116
-0.158847 -0.0122527 1.13849 123 70 50
0.47269 -0.27269 0.905862 151 128 120
-0.327345 -0.16157 1.02632 34 11 8
0.378907 -0.323332 0.99045 121 26 16
0.360807 -0.271091 0.923434 106 58 30
-0.351545 -0.0261842 0.846382 160 146 124
-0.329721 0.136687 1.08109 147 120 109
-0.161927 0.00824888 1.1512 128 76 58
0.117239 0.0326485 0.977586 132 30 20
0.309143 -0.0411326 1.18108 152 142 116
-0.354743 -0.17518 1.03847 64 32 18
0.557543 0.0119721 1.1472 144 118 103
-0.0232916 -0.168689 1.09973 84 40 28
-0.315169 -0.170229 1.01314 38 11 4
-0.361511 -0.0631375 0.832795 162 147 123
-0.346675 -0.00182198 0.87091 152 108 48
0.19271 -0.301784 1.62621 118 117 74
0.314575 -0.298852 1.61199 117 116 72
-0.0946906 -0.0398339 1.13929 188 141 120
0.378218 -0.286812 0.930619 118 19 10
0.167469 -0.241175 1.67089 92 91 50
-0.195593 -0.0446757 1.04077 136 92 78
0.405559 -0.262313 0.905809 170 143 134
-0.0980678 -0.0582673 1.12304 170 121 104
-0.284257 -0.257676 1.02676 76 54 28
0.345823 -0.201648 1.14867 149 144 94
-0.110211 0.0813332 1.14487 137 83 52
-0.350261 0.00778402 0.854957 148 101 46
-0.176934 0.0167503 1.12729 102 52 37
0.136234 0.0194958 1.02072 135 30 20
0.0369378 0.166064 1.04196 150 70 62
0.106653 -0.205285 1.68989 139 132 107
-0.144193 0.00746525 1.16442 179 128 102
-0.360875 -0.233958 1.02462 70 36 25
-0.316252 -0.082057 1.04998 114 71 54
-0.168024 0.025273 1.14076 88 36 24
-0.129472 -0.258862 1.14617 126 66 38
0.39674 0.0112341 1.10512 103 60 34
0.271915 -0.00362488 1.2162 143 132 104
0.189278 -0.240335 1.66199 92 93 54
0.151541 0.17342 1.04776 152 112 106
0.291739 -0.261959 1.64443 110 108 68
0.00304516 -0.107445 1.23019 148 140 114
0.316049 -0.290901 1.56271 116 116 74
-0.269129 0.0153346 1.06751 146 98 80
-0.330007 0.12604 1.06256 154 125 113
-0.000317172 0.0180527 1.16619 164 120 100
-0.0344025 -0.071545 1.16761 168 129 112
-0.376649 0.196355 0.921718 130 10 14
-0.309757 0.0213343 1.10115 171 123 101
-0.169372 -0.0195564 1.09831 79 32 20
-0.249868 0.0734836 1.09015 116 66 42
-0.220175 0.0258649 1.06533 156 112 96
-0.351527 -0.0978239 1.05307 36 8 5
-0.356166 -0.0170626 0.853616 139 94 33
-0.0135379 0.0978486 0.993959 158 132 118
0.581666 -0.0675629 1.17637 119 97 68
-0.292782 0.0614684 1.08356 130 80 61
-0.248417 0.0803631 1.10452 93 46 22
0.481839 -0.392978 1.01906 120 15 10
-0.314628 -0.00188776 0.893601 142 12 14
-0.25364 -0.0205694 1.07205 138 92 73
0.405277 -0.319277 0.976618 126 8 8
0.411535 -0.332207 0.96619 122 12 10
-0.330004 0.178071 0.920363 140 116 102
-0.329224 0.110485 1.03174 144 102 80
-0.241335 -0.00217308 1.09276 146 102 88
-0.0294821 -0.0565979 1.14711 166 126 108
0.362401 0.0198646 1.07362 177 150 141
0.393995 -0.336662 0.991372 121 14 11
0.420909 -0.329947 0.975343 125 8 8
0.556542 -0.085862 1.13817 155 124 102
0.360684 -0.311767 1.60248 124 123 77
0.39919 -0.319841 0.98696 126 6 8
0.310361 -0.258956 1.64157 110 110 68
0.351566 0.0974015 1.11983 149 120 106
-0.37726 0.191039 0.923207 132 12 14
-0.37312 0.179957 0.910518 130 12 14
0.282712 -0.233312 1.62147 96 96 56
-0.114419 -0.00856662 1.13964 186 142 120
-0.246931 0.0271448 1.0856 147 98 81
0.288272 -0.302228 1.58183 117 116 73
-0.327942 0.195511 0.943919 162 140 128
-0.0499275 -0.135336 1.08686 134 94 72
-0.251212 0.0667744 1.09463 132 82 63
0.368888 0.0247614 1.0773 178 148 141
-0.0168002 -0.251135 1.10504 42 26 12
0.85824 -0.218327 1.55541 138 135 89
0.279049 0.00763282 1.26108 142 131 104
-0.360664 -0.0107085 0.831922 104 39 18
0.373037 -0.012422 1.10689 118 84 64
-0.296411 0.0499639 1.10231 132 80 62
0.402275 -0.310526 0.978751 126 8 8
0.123105 -0.319168 1.61813 120 118 73
-0.250837 -0.249298 1.0702 150 145 93
-0.343928 0.0660705 0.896681 162 142 124
0.41848 -0.297762 0.934907 136 53 38
-0.338146 0.0561491 0.875338 161 142 123
-0.2429 -0.217061 1.02626 148 144 90
-0.0275833 -0.0486381 1.13862 166 124 106
0.101332 -0.269729 1.71447 110 108 66
0.138986 0.040954 0.990243 142 32 23
0.148968 0.0522259 0.940276 142 30 22
-0.359134 -0.106372 1.04862 101 53 35
0.274533 3.55445e-05 1.21981 143 132 104
0.151257 0.0430092 0.968218 142 32 26
0.255795 -0.358959 1.60461 132 130 80
0.293823 -0.337581 1.06185 144 140 90
0.383828 -0.308861 0.954057 124 6 6
0.284209 0.00673033 1.2274 140 130 102
0.206905 -0.344672 1.75435 124 122 75
-0.128482 -0.230564 1.12395 156 143 96
0.307901 -0.220281 1.65666 88 88 48
-0.170408 0.0266319 1.10538 92 41 27
0.33424 -0.308193 1.59389 117 116 75
0.00394735 -0.246233 1.12682 145 142 90
0.552383 -0.210098 0.975601 144 138 92
0.391946 -0.282434 0.925894 114 66 36
-0.292991 0.0339031 1.09908 146 98 79
0.215018 -0.236897 1.648 91 92 50
0.295053 0.0976041 1.18312 150 132 119
0.375198 -0.303151 0.952052 120 6 6
0.298029 -0.243506 1.61232 105 104 65
0.298435 -0.231549 1.67463 92 92 52
0.158911 -0.324011 1.5774 124 122 78
0.344921 -0.211764 1.14872 150 147 96
0.373355 -0.385262 1.09568 135 116 100
0.326535 -0.229594 1.63957 96 96 58
0.194232 -0.227471 1.68645 82 83 44
0.262083 0.0173797 1.23265 142 130 106
-0.0261318 -0.306584 1.10732 80 68 38
-0.330471 0.0985956 0.997058 132 102 80
0.0422498 -0.0337365 1.23585 150 136 112
0.211024 -0.328337 1.64856 127 125 77
0.00278341 -0.293284 1.16311 146 144 94
0.262959 0.0574433 1.20148 146 130 107
0.299118 -0.364718 1.6173 124 124 78
-0.0339418 -0.0304613 1.14223 150 110 92
-0.133202 -0.204402 1.11951 144 139 89
-0.307163 0.19705 0.995092 164 142 132
0.428248 0.15854 1.13836 170 148 140
-0.13813 -0.18989 1.12565 140 116 70
-0.231871 -0.242294 1.05943 148 146 94
1.03153 -0.155011 1.82178 154 143 120
0.146241 -0.0657378 1.27315 147 137 112
0.00164794 -0.0766185 1.20157 144 118 90
-0.35462 -0.0891387 0.918411 160 146 123
0.217443 -0.346201 1.65406 132 130 80
-0.00904997 -0.0615529 1.17754 160 122 98
0.25084 -0.0872473 1.48006 154 142 120
-0.338751 0.213177 0.97639 164 142 131
0.478479 -0.357309 0.946022 14 12 10
0.256269 0.0280604 1.22877 142 129 104
0.275143 0.038692 1.22625 139 126 101
-0.227603 -0.217489 1.03372 150 146 91
-0.36224 -0.20007 0.993696 76 39 22
0.275778 0.026052 1.23068 139 126 100
-0.315401 -0.250209 0.948241 62 34 18
-0.255491 -0.276529 1.06063 150 146 92
0.138072 -0.321108 1.32238 140 138 87
0.136399 -0.159986 1.44866 140 132 107
-0.327749 0.203084 0.912213 163 140 131
0.207244 -0.0836778 1.42155 148 138 114
0.17488 -0.0671033 1.29307 146 136 110
0.0693557 0.192651 1.00833 120 88 84
0.161253 -0.054235 1.26833 148 138 114
0.268175 -0.035343 1.23847 154 144 120
-0.34111 0.213698 0.916836 162 138 126
-0.683993 -0.308437 1.35822 150 144 92
0.546028 0.0755775 1.08471 128 94 76
0.0232703 -0.343313 1.1621 146 142 92
0.198112 -0.109132 1.24686 142 134 108
0.0468798 -0.0971752 1.26878 145 138 112
0.253678 -0.124631 1.47934 144 136 113
-0.28529 0.172843 1.16989 163 138 128
-0.248521 -0.245488 0.868051 149 144 92
-0.384248 -0.25181 1.01959 98 79 48
-0.485041 -0.378449 1.17163 149 142 90
0.0587747 0.247632 1.03266 168 144 138
0.205095 -0.10831 1.43186 144 136 112
0.120417 -0.0547741 1.29204 148 138 113
0.395718 0.301796 1.25708 164 146 138
-0.16914 0.178935 1.28562 166 143 132
0.0546065 -0.523794 1.53949 146 144 91
0.0816341 0.257995 1.03706 169 144 140
0.40583 0.304329 1.26303 166 148 138
-0.180927 0.225768 1.23965 168 148 140
1.01793 0.953992 3.82138 166 148 140
0.426186 -0.0360558 1.05492 91 58 42
0.348345 -0.0705711 1.12824 44 27 13
0.386084 -0.0432501 1.08169 112 90 66
0.0818245 0.0919632 0.944209 136 65 61
0.435285 -0.0900754 1.03281 156 97 70
0.417352 0.082813 1.07206 144 96 94
-0.396308 0.0380575 0.83302 111 58 60
0.448135 -0.106604 1.0304 64 44 38
0.493672 -0.0542356 1.08703 137 102 78
0.322115 -0.258833 0.983022 136 110 93
0.416589 -0.0501335 1.06318 142 100 78
-0.386063 0.156683 0.906814 120 27 12
0.501571 -0.0286417 1.08113 102 58 40
-0.360388 0.0524189 0.866017 130 15 16
0.453074 -0.132026 1.02739 15 9 9
0.311967 -0.138425 1.07632 133 131 83
-0.3856 0.153593 0.933033 142 35 23
-0.0626165 -0.254706 1.08113 170 102 81
0.118665 0.0949706 0.943959 98 84 68
0.316221 -0.075861 1.13371 126 109 81
0.367797 -0.220172 1.11115 160 156 104
0.431504 -0.126657 1.01729 128 99 82
0.323196 -0.250275 0.997762 122 108 66
0.308508 0.0113487 1.10586 152 130 110
-0.355257 0.0506174 0.870788 129 18 17
0.0718876 0.101453 0.939662 139 102 92
0.080126 0.100249 0.936454 116 100 92
-0.13245 0.0559519 1.14965 179 128 106
0.463879 -0.360607 0.986421 130 8 8
0.415995 -0.164926 1.06741 154 152 101
0.31116 0.0129429 1.12654 144 119 100
0.336181 0.0367668 1.10068 126 18 19
0.137053 0.126771 0.96509 128 110 103
0.438763 -0.0321033 1.06148 132 102 88
0.470977 -0.0943604 1.03863 118 83 74
-0.0977752 -0.23765 1.0914 170 104 81
0.0601328 0.111146 0.957327 156 52 50
-0.146239 -0.0488318 1.1508 125 76 54
0.32453 0.0173257 1.10986 158 132 118
-0.248967 -0.134634 1.05876 146 106 88
0.503426 -0.128909 1.02028 128 70 43
0.0802055 0.147407 1.00001 146 30 28
-0.255233 -0.0909686 1.01195 113 72 48
0.500282 -0.00740623 1.09033 171 145 131
-0.0487066 0.059124 1.12965 164 116 92
0.346405 -0.236824 0.96174 122 86 64
0.357203 -0.226278 0.950054 98 56 28
-0.194402 -0.103678 0.994896 193 140 100
-0.32405 -0.13623 1.04957 118 65 48
-0.0983088 -0.278153 1.09255 172 111 86
-0.129139 0.052498 1.14217 181 130 108
-0.192237 -0.118234 1.0309 134 87 56
0.481767 -0.184729 1.06661 131 60 52
0.34832 -0.249001 0.94087 131 104 92
0.0599749 0.158084 1.00334 150 34 33
-0.430889 0.0488612 0.820186 134 54 26
0.309522 -0.262212 1.03029 158 154 104
-0.130265 0.0744617 1.15199 130 74 46
-0.0152658 -0.175077 1.11505 98 57 39
-0.11851 -0.249627 1.12203 167 100 71
-0.0317719 -0.106982 1.12921 86 44 29
-0.0784167 -0.252453 1.07959 180 108 84
0.336156 -0.232929 0.976562 162 155 110
0.328223 -0.0511953 1.15581 123 74 45
0.356384 -0.0473369 1.15104 96 62 37
-0.0823926 0.0265251 1.13165 188 138 114
-0.369459 -0.0140609 0.809083 122 13 12
0.406181 -0.109047 1.12722 78 62 39
0.0670141 0.0925754 0.933096 158 72 68
0.514276 -0.148656 1.02538 78 48 30
-0.365865 0.016017 0.840346 127 14 16
-0.32559 0.0850989 1.10049 166 116 96
0.499538 -0.0306402 1.08358 95 55 34
-0.412747 0.167847 0.924409 108 22 19
0.419591 -0.13903 1.02919 142 110 96
-0.384908 -0.0743838 0.817525 118 24 18
-0.268396 0.0465735 1.09382 132 82 64
0.464032 -0.370421 0.991433 130 7 8
-0.388484 -0.026592 0.802085 128 16 18
-0.217348 -0.0897522 1.02793 131 80 57
0.388492 -0.041766 1.07841 118 94 74
-0.0808767 0.00224368 1.13133 200 152 126
0.474143 0.0161037 1.07642 130 90 72
0.0866478 0.0628939 0.932632 139 23 21
0.331744 -0.107885 1.12247 163 153 127
0.333015 0.0593027 1.1155 90 87 72
0.437134 0.00219809 1.08205 135 108 92
0.320902 -0.0567023 1.17971 152 141 115
-0.0811259 0.035153 1.14277 194 144 120
0.396415 -0.088345 1.09397 110 101 72
-0.430599 0.0412481 0.816183 130 24 18
0.425741 -0.134618 1.02946 141 110 96
-0.0441892 -0.247666 1.07783 42 17 10
0.350366 -0.145579 1.0921 146 118 98
0.413809 -0.08087 1.04416 150 104 86
-0.257859 -0.206845 1.00968 145 98 72
-0.0877843 -0.216466 1.11912 140 87 65
-0.328233 -0.0850951 1.05546 52 16 10
-0.0871592 -0.171325 1.10068 172 126 94
-0.0825382 0.0196873 1.13261 196 144 120
-0.376797 0.164743 0.951227 136 40 28
0.406323 -0.207933 0.941321 125 87 68
0.483994 -0.221037 0.932563 162 143 135
0.384864 0.0801496 1.09822 165 138 130
-0.0301461 -0.178801 1.11135 88 44 30
0.415804 -0.241766 0.916425 171 146 136
0.0536755 0.146121 0.999289 150 27 24
0.418436 -0.032299 1.07491 66 50 43
0.58613 -0.305302 1.0795 172 146 136
-0.0862547 -0.0930812 1.04725 125 78 56
0.351791 -0.119424 1.1086 113 76 52
-0.105407 -0.272888 1.09827 169 108 85
-0.404792 0.0407458 0.829034 116 25 26
0.311524 -0.289792 1.60215 118 116 74
-0.29095 -0.248474 1.01032 132 88 63
-0.342904 -0.134607 1.04663 60 27 21
0.352339 -0.21277 0.964895 155 144 98
-0.334537 -0.151972 1.03476 52 18 12
-0.372137 0.0273979 0.846762 128 14 16
-0.0252143 -0.2007 1.10973 78 38 29
-0.381168 0.0721222 0.863569 60 33 40
-0.264289 -0.154103 1.03951 156 112 93
-0.388132 -0.0101212 0.791495 76 17 40
-0.245529 -0.189024 1.04044 138 116 78
0.438287 -0.087776 1.02924 127 72 52
0.394027 -0.0539824 1.06091 126 99 82
0.319915 -0.254177 0.994981 130 111 70
0.376187 -0.123681 1.11355 146 113 92
0.45774 -0.226702 0.92112 146 124 116
-0.156447 -0.17712 1.21269 140 96 70
-0.236472 -0.184847 1.04275 140 121 78
0.320645 -0.259824 0.991045 124 94 66
-0.364482 0.176468 0.929403 134 12 14
-0.00394412 0.0878626 1.00529 138 114 102
0.426571 -0.00568414 1.07965 121 95 80
0.122906 0.116712 0.951582 132 71 64
-0.0749987 -0.0878461 1.08791 128 84 64
0.458559 -0.0152068 1.07848 134 104 82
0.470856 -0.360286 0.988388 130 8 9
-0.27286 -0.145037 1.04018 138 92 69
0.58241 -0.0301663 1.14395 98 78 58
-0.415853 -0.0208619 0.827275 26 23 58
0.307253 -0.248493 1.02721 158 155 102
-0.20098 -0.0483329 1.03154 160 110 92
0.115348 0.0816702 0.931249 88 85 70
0.462939 -0.383109 0.98926 125 48 30
0.348328 -0.278154 0.954816 151 125 112
-0.346258 0.0887446 0.899567 162 141 128
0.110566 0.1103 0.951607 142 26 25
-0.401276 0.00622245 0.830326 109 8 12
-0.0270958 -0.195219 1.10723 95 47 34
-0.350689 -0.0213739 0.856082 132 94 37
-0.405935 -0.0519543 0.813765 142 16 18
-0.115007 -0.0527703 1.11784 178 128 106
-0.409951 -0.044227 0.80678 142 14 16
0.409289 -0.226386 1.08937 130 112 69
-0.332398 -0.110596 1.04381 58 20 14
-0.350208 0.078431 0.887605 143 82 76
-0.0499532 -0.211081 1.09982 87 41 25
0.321569 0.000516959 1.11243 158 136 120
-0.293161 -0.235093 0.999043 158 105 84
-0.327083 -0.155762 1.03552 50 16 9
-0.345155 0.0762729 0.895418 162 140 126
0.0885984 0.166653 0.991136 108 42 44
0.4211 0.0770766 1.06939 155 116 112
0.346513 -0.0662987 1.142 80 62 46
-0.442953 0.0249039 0.824097 132 36 18
0.498747 -0.0363106 1.0697 116 72 50
-0.096716 -0.222523 1.10333 112 58 39
0.495097 -0.143961 1.01797 136 80 60
-0.147943 0.0288532 1.15524 160 108 84
0.441752 -0.102134 1.02734 116 84 62
-0.387069 0.00606532 0.832526 110 10 11
0.39793 -0.0198085 1.08817 110 90 73
0.381658 -0.223683 1.12431 160 156 105
0.332848 -0.3018 0.990716 142 118 100
0.598611 -0.328825 1.10732 133 100 80
-0.185435 0.075064 1.09492 105 60 38
-0.279817 -0.233784 1.00937 114 68 50
-0.386239 -0.0872588 0.812835 160 148 126
0.426642 -0.112907 1.03913 147 113 98
0.136191 0.0868414 0.933594 106 45 40
-0.299393 -0.0376609 0.939852 164 131 107
0.00309676 -0.21389 1.12105 60 34 13
-0.210497 -0.155103 1.0933 126 87 55
0.319535 -0.300136 0.972564 136 115 94
0.315872 -0.275505 1.01432 133 122 88
-0.166695 0.0834507 1.10892 100 64 50
-0.0460374 -0.222072 1.10427 66 25 17
0.13835 0.101038 0.937965 124 106 100
0.501011 0.0104529 1.09458 159 126 110
0.432754 -0.101224 1.04318 146 92 66
-0.3302 -0.0684574 1.06391 56 20 14
-0.159016 0.0307276 1.1436 103 50 32
0.392818 -0.260031 0.914223 162 136 128
-0.231341 -0.166862 1.06658 140 100 73
0.296639 -0.000136737 1.20539 136 127 97
-0.454407 0.027953 0.827065 154 97 36
-0.314995 -0.0265967 0.915784 136 15 16
0.38422 -0.219828 1.11813 130 110 66
0.348217 -0.0399164 1.1635 68 42 18
-0.160081 0.0450162 1.14 94 42 28
-0.239907 -0.21559 1.03635 150 146 94
-0.30635 -0.180621 1.00277 170 108 82
-0.404268 -0.0413442 0.807754 138 11 14
0.367527 -0.222816 1.12945 160 157 104
0.393351 -0.0435517 1.07425 126 100 84
-0.330201 -0.182272 1.00895 46 18 12
-0.140702 0.0732617 1.15061 111 60 34
-0.236454 0.0469647 1.08697 150 102 86
-0.00592291 -0.175114 1.11793 78 43 31
-0.0674836 -0.237308 1.08198 164 100 78
0.414519 -0.162243 1.00897 76 68 52
-0.161053 -0.0836328 1.00414 130 81 58
0.00274687 -0.215827 1.11551 64 36 12
-0.176283 0.0435679 1.13904 98 50 33
0.00741825 -0.128454 1.11715 131 106 84
-0.23082 0.0391337 1.09629 152 106 89
0.382692 -0.101828 1.09404 104 84 60
0.33573 -0.0399227 1.14463 96 68 36
-0.233085 -0.0404562 1.04091 113 64 46
0.404154 0.113131 1.09825 160 130 117
0.415234 -0.100864 1.04354 146 102 82
-0.00577253 0.0723486 1.14387 108 72 45
-0.0875512 -0.277912 1.085 146 92 72
-0.111743 -0.256093 1.11688 174 110 84
0.375044 -0.125389 1.12932 124 84 64
-0.0735628 -0.278719 1.07852 168 110 88
-0.430131 0.0452356 0.817554 126 39 19
0.42737 -0.116875 1.06438 144 112 99
0.422492 -0.212367 1.07473 154 152 103
0.376017 0.0365494 1.06291 164 138 128
0.490358 -0.00189353 1.08226 158 130 112
0.0480214 0.163657 1.01875 96 60 52
-0.147143 -0.0951912 0.989599 148 98 76
-0.0725659 -0.243357 1.07433 174 104 81
0.323165 -0.0259238 1.15089 120 88 66
-0.282865 -0.224527 1.00363 177 120 98
-0.306096 -0.131998 1.04911 168 120 95
-0.295638 -0.163145 1.03628 140 84 60
-0.24734 -0.175561 1.06625 106 72 38
0.314709 -0.269354 1.08009 157 154 101
-0.229245 -0.160501 1.06858 134 94 68
0.513094 -0.151015 1.04438 128 74 50
-0.0280506 -0.274741 1.09259 52 30 16
-0.328768 -0.0758511 1.06229 48 13 6
-0.267876 -0.228917 1.01095 159 105 81
0.0669828 0.113961 0.9546 144 77 72
-0.0965641 0.0652873 1.14315 149 95 72
0.398203 -0.257205 0.911073 164 138 129
0.397432 -0.257299 0.901031 168 141 131
0.0431583 0.157909 1.00737 104 69 62
-0.0371373 0.0640193 1.10948 152 102 80
0.436129 0.113063 1.08671 162 138 132
-0.263962 -0.0961902 1.0183 143 99 76
-0.224105 -0.0717601 1.00349 184 123 102
-0.393363 -0.0455527 0.808823 133 19 22
-0.254619 -0.14569 1.04672 154 112 92
-0.357779 0.182729 0.936286 134 14 16
-0.0821863 -0.0492606 1.11246 188 142 118
-0.317628 0.0899323 1.11049 148 99 79
-0.386129 0.0509681 0.842357 36 34 46
-0.309231 -0.0603532 1.08186 117 68 47
0.145306 0.0874537 0.944552 126 53 46
-0.351062 -0.128923 1.04674 81 38 23
-0.363003 -0.0096982 0.851016 88 10 8
-0.259058 -0.172289 1.04292 114 75 48
-0.300667 -0.169163 1.01152 82 33 16
0.300428 -0.0339863 1.16704 151 142 114
-0.435836 0.0164395 0.840192 108 8 8
-0.248521 -0.159799 1.06033 116 75 48
-0.317808 -0.116792 1.05054 166 117 95
0.432531 -0.233561 0.90761 152 130 120
0.452795 -0.020648 1.08627 109 78 56
0.316116 -0.259074 1.00754 157 152 106
-0.312368 -0.0848652 1.05749 149 104 79
0.333028 -0.0251779 1.13568 102 73 42
0.104473 0.0628851 0.922145 142 26 22
-0.349856 -0.169065 1.042 66 30 20
-0.227215 -0.0128306 1.0802 152 113 102
-0.270517 -0.0834017 1.0207 146 100 82
0.334223 0.0501258 1.1133 93 25 24
-0.4422 0.0454042 0.817708 157 106 45
0.453706 -0.00235494 1.09038 100 56 31
0.336428 -0.223006 0.995461 160 157 108
0.489897 -0.128069 1.02951 34 20 17
0.308941 0.0230041 1.16112 116 100 75
0.0871335 0.10985 0.947977 106 92 84
-0.36973 -0.0178495 0.807031 124 13 12
-0.178027 -0.063901 0.996277 134 83 72
0.261377 -0.346531 1.59674 128 126 78
0.466065 -0.00251825 1.09639 148 110 88
0.319608 -0.0590265 1.15425 111 74 42
0.307758 -0.283037 1.04431 156 154 102
0.438306 -0.0811764 1.0272 104 56 39
-0.0181264 -0.241631 1.11076 40 20 8
0.474634 -0.00285971 1.08892 146 110 92
0.0753683 0.114742 0.947531 136 120 111
0.4177 0.0767869 1.07466 144 100 99
0.375863 -0.046644 1.12804 124 89 68
0.0791423 0.0693999 0.933574 146 23 22
0.336224 -0.0413484 1.15932 116 74 40
-0.351614 -0.0679561 0.835213 162 148 124
-0.35452 -0.000382288 0.850361 120 26 20
-0.00703654 -0.197003 1.11975 107 62 42
-0.256278 0.0426552 1.09959 142 92 75
0.434796 -0.1327 1.02233 130 102 85
-0.00543197 -0.148655 1.11941 66 33 22
0.443581 -0.0873817 1.02901 168 124 97
-0.280361 -0.0915327 1.0297 152 106 86
-0.00609483 -0.17945 1.11581 50 20 12
-0.295673 -0.14012 1.04171 160 112 88
0.126561 0.140128 0.987 156 24 25
0.342212 -0.155147 1.08571 150 125 95
0.399646 0.107858 1.10497 167 142 134
-0.372332 0.0938265 0.872153 125 16 16
-0.385996 -0.00146174 0.826194 114 12 13
-0.0825688 -0.112093 1.06398 118 77 56
-0.286327 -0.00605069 0.916182 184 138 115
0.203649 -0.245493 1.64373 99 100 60
-0.292392 0.114773 1.08513 126 83 65
-0.00162525 -0.220754 1.11686 56 32 13
0.318463 -0.244848 1.02962 160 156 106
-0.149987 -0.0257255 1.15702 130 78 57
0.140815 0.0831885 0.943744 116 50 44
-0.161205 -0.121434 1.01635 130 90 56
0.473742 -0.00288603 1.09907 144 108 90
-0.401587 0.0398588 0.832265 104 40 42
0.395171 0.112131 1.10901 156 128 119
0.375912 -0.239142 1.1049 160 156 104
0.00928648 0.0286331 1.16842 171 124 102
-0.376993 0.0198678 0.839722 128 14 16
0.313483 -0.293586 1.00201 146 123 93
-0.345103 -0.17502 1.02399 70 34 22
-0.397139 0.0228566 0.822088 120 13 12
0.372381 0.0285704 1.06881 164 136 126
0.436045 -0.165851 1.01339 146 118 105
-0.168066 0.0929067 1.1015 130 98 90
0.563425 -0.0350348 1.12903 140 116 90
-0.18668 0.103085 1.09471 80 40 28
0.40283 0.0345394 1.06399 133 87 68
-0.277039 -0.212111 0.99959 172 112 90
0.422744 -0.301542 0.962265 122 39 26
-0.448848 0.0572542 0.813388 152 104 39
-0.456359 0.0292197 0.820215 157 104 34
-0.371129 0.0200635 0.840793 128 14 16
0.396767 0.0315136 1.06808 150 114 98
-0.0969577 -0.296 1.08968 114 70 54
-0.345663 -0.0857871 1.05935 70 33 20
-0.243679 -0.127568 1.04638 140 100 86
0.480664 -0.00445986 1.07772 165 132 115
-0.267829 0.0851842 1.09372 105 56 38
-0.372626 0.0698118 0.869524 112 37 38
-0.259752 -0.0489788 1.02777 118 70 48
-0.179139 0.0901862 1.10001 92 56 46
0.492086 -0.201647 0.967804 80 74 51
-0.342154 -0.173379 1.03075 65 30 20
-0.353914 -0.0125005 0.879443 140 99 37
0.338112 -0.229449 1.01705 158 156 104
-0.000999804 -0.204383 1.11627 90 52 36
-0.34477 -0.169618 1.04959 64 30 19
0.458129 0.114756 1.10022 162 140 134
0.457665 0.0156043 1.08188 143 108 93
0.471819 -0.3463 0.982271 128 8 10
0.375512 -0.261362 0.918964 122 76 51
-0.305153 0.0894081 1.09897 134 84 66
0.118698 0.123938 0.961512 156 29 29
-0.252775 0.0521148 1.09472 134 84 66
0.337084 0.0369245 1.0952 124 27 24
0.145935 0.136811 0.971011 124 72 65
-0.106833 -0.269653 1.10191 164 104 82
-0.317542 -0.177244 1.01625 30 9 4
-0.338015 0.0825366 0.895597 162 138 124
-0.318354 -0.164863 1.01913 32 10 8
-0.322664 -0.0597089 1.08357 88 46 36
-0.305289 -0.188994 1.00598 176 113 88
-0.0715618 -0.193267 1.11694 168 120 95
0.453221 0.0715272 1.06917 170 149 142
-0.380836 -0.00248177 0.83097 106 9 8
-0.383042 0.0697458 0.858906 48 40 48
-0.377127 0.00540072 0.830891 102 9 10
-0.380751 -0.0188203 0.78326 122 14 16
-0.431108 0.161302 0.934063 132 58 24
0.370208 -0.03183 1.12983 120 94 78
-0.0228708 -0.149909 1.10661 108 62 46
-0.0322538 -0.204537 1.10542 56 16 7
0.483429 -0.00314766 1.09355 157 124 105
0.0636151 0.0528771 0.931967 99 20 13
0.335762 -0.286881 0.966151 150 126 110
-0.411528 -0.0167766 0.82282 24 22 58
-0.104964 0.0593472 1.1363 179 128 105
0.477262 -0.348959 0.983909 128 8 8
0.343397 -0.270532 0.93629 154 127 114
-0.298219 -0.200016 0.996677 154 94 77
0.22025 -0.243775 1.65458 99 100 59
-0.0662896 -0.24558 1.0808 171 103 82
-0.157377 0.0821002 1.149 92 46 33
-0.391404 -0.0961165 0.803131 102 94 92
0.376066 -0.23035 1.0818 160 156 106
0.468013 -0.262517 0.922707 152 130 119
-0.167981 0.0470026 1.12663 87 38 25
-0.374877 0.0676191 0.859555 113 56 60
-0.248003 -0.0650474 1.01396 137 84 58
0.449745 -0.0396619 1.07433 124 96 82
-0.355095 -0.0759551 0.867765 160 148 125
-0.30909 -0.10123 1.04244 158 112 90
0.49081 0.0138906 1.09465 150 114 100
-0.0278617 -0.144246 1.1146 44 12 6
-0.402533 0.0131134 0.843849 90 3 5
0.0810967 0.0452991 0.940659 74 22 17
0.35572 0.0977133 1.11062 138 102 88
-0.337969 0.0630923 0.897993 130 104 78
0.33925 0.0890182 1.12477 118 86 67
0.424604 -0.0698322 1.04176 160 86 52
0.415911 -0.193014 1.04532 114 104 62
-0.457975 0.0300589 0.80851 161 108 38
-0.333421 0.0852002 1.09453 179 130 108
0.365291 -0.00257443 1.10328 94 52 26
-0.232221 0.0657866 1.09056 152 103 84
-0.00063504 -0.15368 1.10834 44 17 7
0.445805 -0.093385 1.03224 175 134 110
0.382988 -0.273905 0.916902 112 68 42
0.333466 0.0854929 1.12855 91 56 38
0.354668 -0.220271 1.00501 160 155 106
0.131165 0.0523417 0.947905 140 29 24
0.413677 -0.245508 0.912314 170 145 136
-0.0788927 -0.208383 1.10826 192 138 108
-0.00417738 -0.244435 1.12869 95 82 46
-0.387667 0.0688102 0.85956 60 53 64
-0.272627 -0.13939 1.03939 126 81 60
-0.194456 0.0379809 1.09645 148 104 88
-0.258751 0.00610297 1.08211 143 95 78
-0.373604 0.0411716 0.849749 91 79 83
-0.396016 0.0438215 0.833373 56 41 48
-0.243133 -0.193221 1.02418 140 132 82
-0.147745 -0.0858289 1.0058 128 80 57
-0.155869 -0.086827 0.995968 138 89 68
0.102754 0.0880638 0.938559 86 56 43
-0.230108 0.0518995 1.08774 155 108 92
-0.10772 0.0165651 1.12951 192 146 123
-0.329227 -0.131709 1.04929 64 24 14
-0.0654691 0.0362099 1.17815 188 138 115
-0.358271 -0.00225777 0.84735 114 19 15
-0.0162787 -0.210012 1.111 41 12 6
0.455207 -0.218201 0.938479 155 132 122
0.362212 -0.00601738 1.1195 96 53 28
0.41062 0.113961 1.09438 155 126 114
-0.38536 0.0296226 0.825957 110 24 28
-0.415313 -0.0499724 0.815042 146 16 19
-0.377719 -0.0156284 0.810741 122 14 14
0.432178 -0.351407 1.00166 118 18 12
-0.0956363 -0.25738 1.09385 182 116 89
0.489011 0.0168845 1.07521 142 108 94
0.402523 -0.29851 0.962677 110 34 18
0.311042 -0.240726 1.61942 104 104 64
0.331702 -0.236362 0.999668 158 155 104
0.358745 -0.245303 0.905004 151 122 112
-0.0350932 -0.223285 1.12174 78 35 24
0.0357481 0.150258 1.01015 144 112 100
0.483319 0.0233514 1.07542 128 90 72
-0.362397 0.084621 0.904637 112 37 40
0.124948 0.0314534 0.978919 126 31 22
-0.167166 -0.0123223 1.12612 79 30 16
-0.25064 0.0462206 1.09312 142 94 78
-0.0176255 -0.0893097 1.16348 148 112 88
-0.362095 -0.039789 0.799828 128 20 19
-0.0632746 -0.284508 1.08667 104 63 46
0.331335 -0.228815 1.62183 98 100 60
0.361697 -0.0208735 1.12294 118 84 66
0.34768 0.0955807 1.1174 118 82 65
0.494367 0.0313603 1.07305 92 48 26
-0.0393553 -0.201914 1.11016 108 59 44
-0.342145 0.17041 0.952206 142 120 108
0.543739 -0.189442 1.12819 164 93 76
0.416609 -0.212676 0.930196 144 107 90
-0.398477 0.0839039 0.854509 108 35 38
0.323309 -0.287908 1.59444 116 116 74
-0.0708063 -0.196993 1.11092 165 116 90
-0.382921 -0.0432865 0.82222 142 77 78
-0.061362 0.0450037 1.14409 179 130 105
0.481474 -0.374412 0.992802 129 9 8
0.0274207 0.129392 1.0098 150 122 106
-0.344778 0.00536084 0.855441 154 110 52
0.424716 0.117317 1.11325 152 124 114
-0.29286 0.0312551 1.08618 158 110 93
-0.337118 0.160872 1.01139 145 126 113
-0.245339 0.0618317 1.10476 138 87 72
-0.0455419 -0.274114 1.07694 65 33 22
0.389652 0.0583513 1.07207 170 146 138
-0.396052 0.179745 0.916418 63 2 2
0.349667 -0.186747 1.11116 160 156 107
0.430432 -0.404708 0.99669 158 153 100
-0.353656 -0.0217255 0.829521 158 142 120
-0.32809 0.151997 0.984582 144 124 112
0.390893 0.0197408 1.07273 144 100 80
-0.301026 0.0585382 1.08622 158 112 92
-0.347115 -0.00290753 0.867988 152 109 50
0.137995 0.14253 0.962852 138 26 22
0.408299 -0.226479 0.931177 167 142 134
0.215438 -0.258517 1.63447 110 110 70
0.303877 -0.285041 1.63671 114 114 72
0.144185 0.041065 0.960935 140 30 22
-0.353782 -0.0618258 0.836437 161 146 124
-0.255808 0.0826566 1.09311 102 52 34
-0.0381595 -0.0758333 1.13368 160 124 106
0.349529 -0.00162463 1.11705 158 126 114
0.316896 -0.265698 1.06285 158 156 104
-0.352286 -0.225732 1.02964 46 21 10
0.342983 0.0142879 1.08713 144 76 51
-0.305532 0.174753 0.966934 163 142 133
-0.226296 0.0245693 1.10694 154 110 94
-0.335135 -0.0727583 1.06414 56 20 14
0.34738 -0.0102379 1.1313 130 100 80
-0.392197 0.186114 0.903404 126 11 16
-0.228419 -0.186982 1.08676 138 120 76
0.330981 -0.270483 1.54591 114 114 73
0.028029 0.131792 1.00547 148 122 106
0.37854 0.0019016 1.11759 96 55 33
-0.260658 0.097346 1.10963 110 61 39
0.23517 -0.322446 1.6293 134 132 84
-0.0340322 -0.0452946 1.13392 152 112 92
0.395041 0.00653889 1.1086 96 52 28
-0.123751 -0.258801 1.12024 104 68 42
0.527169 -0.173145 1.02528 120 108 80
0.357299 -0.373876 1.03665 140 124 100
0.422163 0.149872 1.12601 164 142 135
0.0281981 -0.07346 1.22505 150 142 120
0.284591 -0.0302254 1.28623 153 142 118
0.0251057 -0.109016 1.13294 148 139 114
-0.101492 -0.317881 1.06012 154 150 98
-0.0214042 0.123804 1.00882 160 133 118
-0.399307 0.144994 0.902456 114 58 52
0.417352 -0.229834 0.924612 162 138 129
-0.365318 0.118831 0.915588 154 110 98
-0.366268 0.151876 0.939667 140 97 84
0.419914 -0.232179 0.914784 160 135 126
0.0634934 0.0971911 0.94116 151 72 68
0.000781641 0.0529886 1.1584 98 56 35
0.346049 -0.239846 0.973849 120 89 66
-0.391261 0.140975 0.898479 110 26 11
0.0482316 0.0331806 0.934257 132 26 20
-0.0837011 -0.145206 1.0772 174 126 102
0.382339 -0.0678019 1.17395 78 56 36
0.360184 0.0742905 1.10946 128 100 98
-0.119537 0.0527797 1.13524 190 142 118
-0.367666 0.112136 0.920478 144 80 74
0.453688 -0.227114 0.922205 141 118 110
0.421173 -0.131331 1.05391 134 105 92
-0.359795 -0.0269042 0.815668 159 140 120
0.465105 -0.255799 0.899872 121 102 97
0.0879538 0.0323786 0.955094 121 28 20
-0.258564 -0.144595 1.04316 156 114 94
0.0686088 0.169686 1.00592 118 43 40
-0.375865 -0.0834564 0.809894 160 145 126
0.54119 -0.183077 1.14163 138 90 72
-0.0933694 0.0590567 1.14379 150 98 76
0.398458 -0.0667373 1.07269 114 90 68
0.448876 -0.380763 0.976216 143 106 72
0.357698 -0.246866 0.931937 133 86 76
-0.184603 -0.0736327 0.987987 128 82 64
-0.152138 0.0509315 1.1424 120 66 48
-0.381996 -0.0310407 0.81157 135 82 83
-0.39035 -0.0873073 0.804594 150 137 122
0.314121 0.0645457 1.10943 114 92 76
-0.345909 0.136356 0.945435 150 128 117
0.365182 -0.210695 1.15185 158 156 105
-0.4159 -0.035502 0.812591 134 16 20
0.452002 -0.25922 0.901053 156 130 122
0.0362141 0.0852889 0.979744 128 60 53
0.415353 -0.165914 1.02384 94 86 66
-0.085058 -0.133524 1.07147 172 126 102
-0.363961 0.0335876 0.8544 126 14 16
-0.405546 -0.0241591 0.810825 81 15 34
-0.063667 0.0545731 1.15175 181 132 108
-0.118785 0.0123481 1.14064 196 152 130
-0.337671 -0.00248363 0.878413 150 111 50
0.065511 0.148486 0.993639 138 34 31
-0.385243 -0.0098996 0.803492 121 14 18
-0.437762 0.017904 0.831611 110 10 11
-0.165002 -0.0591692 1.01254 80 38 22
-0.358002 0.176947 0.927708 133 14 16
0.35748 -0.247189 0.948375 142 111 100
0.450291 -0.383866 0.98579 130 100 72
-0.104404 -0.114262 1.0502 92 44 21
-0.348556 -0.0183734 0.881746 150 120 77
0.51775 -0.0468958 1.07191 78 52 34
0.51887 -0.28485 0.986428 123 99 91
0.382635 -0.0562939 1.11862 107 82 60
0.364768 -0.118106 1.12129 119 78 53
-0.0837133 -0.29958 1.08815 56 26 14
-0.193983 -0.0957597 0.995312 156 99 66
0.454007 -0.11839 1.03799 44 30 24
-0.256372 -0.157557 1.04979 131 89 68
0.352501 -0.270281 0.941876 140 114 103
-0.297212 -0.117886 1.04675 172 126 104
-0.291488 -0.190251 1.00281 174 100 77
0.455329 0.0034188 1.08998 114 70 49
0.33523 -0.233326 0.98847 160 156 107
-0.42741 0.0540642 0.814524 122 22 12
-0.0711914 -0.294995 1.08481 52 25 12
-0.328694 0.095767 1.08945 145 98 74
9.87412e-05 0.0397259 1.14223 107 61 46
0.381837 -0.186899 1.12409 128 74 58
-0.234023 -0.0605931 1.01373 162 103 86
-0.265304 -0.0806022 1.03151 126 78 52
-0.35909 0.0343146 0.86296 122 14 14
0.457001 -0.33953 0.967929 122 7 8
0.469032 -0.356004 0.995289 124 8 10
-0.365479 0.163494 0.926553 128 14 14
-0.313814 -0.222119 1.00383 106 63 50
0.505491 -0.0908204 1.05959 72 51 56
-0.247166 -0.0872646 1.00861 117 74 46
0.437094 -0.082839 1.03598 130 76 55
-0.111066 0.0439419 1.13904 196 150 128
-0.0768282 -0.281585 1.08409 121 77 58
0.0560006 0.0323108 0.934006 99 18 14
0.064606 0.0919939 0.943206 154 28 26
-0.0413264 -0.28488 1.08556 36 15 8
-0.230732 0.0880094 1.09127 110 58 36
-0.374001 0.128481 0.93266 140 92 48
-0.378377 -0.0798178 0.81729 160 146 127
-0.0421307 -0.109915 1.10759 98 57 46
-0.13568 -0.040315 1.15409 142 92 72
-0.391451 0.0937543 0.866845 68 23 33
0.131932 0.151559 1.00447 152 40 38
-0.241755 0.0373784 1.08398 144 98 80
0.450327 -0.233884 0.919248 109 88 78
0.357195 -0.210916 0.967743 160 156 105
0.386945 -0.0469645 1.06377 120 94 76
0.436544 -0.394 0.995326 158 152 103
-0.34974 -0.0397077 0.846645 158 142 122
0.414244 -0.20538 1.09172 160 157 105
0.14605 -0.288044 1.65228 112 110 67
-0.215536 -0.153637 1.06895 120 76 52
-0.278717 -0.00903037 0.924791 174 127 105
0.126895 0.0930527 0.938635 80 66 49
-0.0440634 -0.114447 1.11111 101 63 52
-0.0949613 -0.215564 1.11007 162 104 79
-0.0332975 -0.196395 1.10279 74 31 20
-0.354157 0.0449174 0.870823 128 22 20
-0.0180548 -0.178361 1.10349 83 42 28
-0.158075 0.0537974 1.14729 92 40 28
-0.362252 0.0910651 0.882107 102 37 42
0.277092 -0.358673 1.61004 127 124 82
-0.182681 -0.0472147 1.00211 150 102 85
-0.387414 0.127767 0.91244 142 66 32
-0.0148808 0.0739433 1.14999 132 89 70
0.4412 -0.136725 1.02447 122 92 78
-0.22092 -0.00137603 1.07859 151 114 104
0.064623 0.0327409 0.936264 74 20 15
-0.0164175 0.0182761 1.13845 144 105 86
0.382399 -0.259405 0.898691 144 113 100
-0.0677229 -0.291937 1.08371 65 32 22
-0.118326 -0.0372904 1.13578 182 133 111
0.421237 -0.103998 1.03987 144 94 72
0.433074 -0.235201 0.917986 153 128 120
0.265146 -0.295355 1.63242 126 125 79
0.444178 -0.275613 0.915356 128 82 68
0.438659 -0.229653 0.933684 150 126 118
-0.00852651 -0.131181 1.11144 114 67 46
-0.123092 -0.104895 1.01894 116 76 57
0.416743 0.0151028 1.07077 118 85 65
-0.253276 -0.00624332 1.07376 138 92 74
0.423662 -0.162658 1.02527 106 90 74
0.414463 -0.259967 0.905265 160 134 124
0.409645 -0.140819 1.0511 154 146 108
0.100266 0.0258402 0.971631 110 38 26
-0.414859 0.0195965 0.842394 118 10 12
0.438827 -0.287657 0.908123 116 38 27
-0.0136183 -0.124946 1.11682 86 46 32
-0.449502 0.0556466 0.800567 163 112 40
0.379099 -0.176611 1.11525 126 72 61
0.0976879 0.0579815 0.927993 137 23 20
0.451592 -0.15552 1.02413 120 76 60
0.37279 -0.136649 1.12391 162 134 117
0.037273 0.0983697 1.006 124 44 34
-0.347418 0.0259094 0.863163 152 120 90
0.362716 -0.207582 0.954847 159 156 104
-0.283138 -0.0294963 0.939286 177 131 108
-0.395505 -0.0924756 0.803101 96 90 98
-0.371395 0.143265 0.946685 144 110 86
-0.237476 -0.11996 1.04293 134 94 78
-0.374222 -0.029306 0.809399 136 78 80
-0.296397 -0.0896115 1.03854 158 112 92
-0.0427086 -0.235544 1.09465 29 8 4
-0.371627 0.0496358 0.848139 110 102 107
-0.336869 -0.0241502 0.901432 152 113 67
-0.0805864 -0.0155942 1.12794 198 150 128
0.352963 -0.101086 1.11461 140 113 91
-0.166599 0.0192053 1.14046 87 38 26
-0.0536822 0.0212077 1.14533 175 128 110
-0.0351519 -0.12427 1.10862 100 58 44
-0.398779 -0.041054 0.80992 136 16 20
-0.335853 0.0907444 0.910952 160 139 124
0.147397 0.102363 0.94807 120 88 80
0.506703 0.0767915 1.09092 154 119 108
-0.281387 -0.0174369 0.929941 182 138 116
-0.276137 -0.257842 1.02935 99 90 51
0.320596 -0.258466 1.01516 157 152 107
-0.355187 0.0260697 0.863836 120 24 16
-0.149407 -0.00183407 1.15465 140 87 68
-0.386595 0.0478127 0.842477 52 46 58
-0.35536 0.144801 0.9418 144 124 111
-0.185894 -0.0894333 0.985242 164 110 80
-0.0930032 -0.207533 1.12368 124 74 53
0.43947 -0.0539292 1.06002 140 90 65
0.0405217 0.0722009 0.948992 137 44 41
-0.239031 -0.0774764 1.00433 137 86 64
0.32771 -0.359547 1.61598 128 126 83
-0.0577152 -0.299993 1.0944 55 32 18
0.415432 -0.186222 1.05507 157 154 102
0.051738 0.118448 0.965237 154 25 24
0.165682 -0.314041 1.60496 123 122 77
0.436209 -0.275597 0.892898 110 47 30
-0.308316 -0.129033 1.04815 165 116 94
-0.0422845 -0.245349 1.08703 40 18 10
0.15427 -0.263909 1.64848 105 104 64
0.137884 0.148175 0.987992 146 36 32
-0.449635 0.0400276 0.824647 154 98 34
-0.203647 0.0959901 1.10079 92 48 32
-0.380245 -0.0190892 0.79626 124 19 21
-0.323251 -0.141321 1.03384 82 30 16
-0.386751 -0.0684373 0.814172 118 18 13
0.596475 -0.340001 1.05249 28 26 17
-0.0358344 0.0214951 1.15968 168 126 111
-0.350675 0.0963907 0.901143 144 102 90
-0.23662 -0.176244 1.07026 136 100 70
0.539704 0.00478159 1.07651 136 116 96
-0.155991 -0.0378803 1.14614 100 48 30
0.321702 -0.0527247 1.15506 115 77 44
-0.317001 -0.151688 1.02419 80 35 20
-0.235368 -0.0483943 1.03101 144 90 74
0.115638 0.0472577 0.975872 106 23 14
-0.378844 0.0232486 0.824832 126 14 16
0.122521 0.0530681 0.945073 140 28 23
-0.27897 -0.257068 1.00947 104 92 57
0.219924 -0.277683 1.65383 114 114 74
-0.166512 0.0156351 1.13986 86 38 26
-0.195499 0.0487089 1.09064 146 101 84
-0.0413137 -0.216422 1.11457 81 38 28
-0.140757 0.0524805 1.14878 168 116 93
0.414408 -0.174865 1.02258 74 69 48
-0.334006 0.0634695 0.90776 130 102 77
0.25701 -0.283369 1.62821 126 124 78
0.00216687 -0.201077 1.13731 74 42 28
-0.013704 -0.194643 1.10493 84 46 34
0.0493263 0.108059 0.956822 154 26 25
-0.0334482 -0.176881 1.11094 110 62 47
0.59253 -0.35036 1.05689 32 30 20
0.361715 -0.311076 0.98185 106 67 36
-0.0871905 -0.301596 1.08864 53 25 14
-0.0241544 -0.253477 1.0939 54 30 16
0.0400638 0.0664516 0.950437 148 26 21
-0.399044 -0.0369643 0.810553 136 16 20
0.369245 0.0356767 1.07602 172 145 136
-0.0707838 -0.0673936 1.12096 152 107 86
-0.0127719 -0.288229 1.14088 62 46 24
0.343957 -0.273953 1.62566 112 113 73
-0.247716 0.0368296 1.0796 144 96 78
-0.423926 0.00102355 0.847975 78 15 36
0.378092 0.00781683 1.10628 108 69 48
0.386449 -0.0693259 1.16124 91 68 50
-0.0241731 -0.234177 1.09528 38 18 10
0.327832 -0.346907 1.61641 126 124 80
0.405671 -0.130845 1.04433 130 118 84
-0.280742 0.0688395 1.07621 126 77 59
0.550806 0.0360575 1.11061 126 96 78
-0.32423 -0.0903672 1.04554 42 12 6
0.463644 -0.353975 0.979553 125 8 8
-0.324481 -0.19327 0.99659 52 26 22
-0.209991 -0.0956607 1.01699 124 74 44
0.211799 -0.2877 1.65082 119 117 77
-0.032033 -0.247671 1.08897 46 22 12
-0.358622 -0.0584447 0.825389 160 144 122
0.307468 -0.337023 1.6284 122 122 79
-0.281949 -0.0460167 1.0825 136 88 65
0.321302 -0.26407 0.944521 98 84 70
0.469251 -0.28877 0.929067 132 72 65
0.527295 -0.0065603 1.08742 157 132 116
-0.150065 0.0255607 1.15641 144 93 74
-0.19499 0.0744333 1.08414 106 61 38
-0.359609 0.140504 0.944542 152 131 119
-0.359023 0.10024 0.90354 130 50 49
-0.0413956 -0.199235 1.12192 122 74 54
0.514341 -0.301972 0.961739 75 55 46
0.147873 0.105494 0.953756 94 67 58
0.311505 -0.351653 1.64966 124 124 81
-0.38599 -0.0296548 0.804799 138 64 66
-0.31608 -0.101861 1.04737 162 115 92
-0.123309 0.019029 1.1529 192 145 124
0.422352 -0.1381 1.05634 130 100 86
-0.0337708 -0.172076 1.1094 114 68 53
0.379972 0.108725 1.12004 146 110 98
0.164711 -0.322974 1.64281 125 124 79
0.434196 -0.05005 1.06829 142 89 62
-0.355107 0.0894797 0.900067 137 60 56
-0.356079 -0.0549056 0.821049 159 144 123
0.073947 0.170216 1.00485 118 44 42
-0.247351 0.0615868 1.08809 135 84 70
0.413868 -0.159168 1.01685 80 66 52
-0.341762 -0.249052 1.01982 64 34 20
-0.345882 0.0401212 0.882741 142 118 98
0.0485495 0.0434693 0.940491 130 24 17
0.315514 -0.262701 0.999615 118 102 65
0.423028 -0.279017 0.923185 140 106 84
-0.144979 -0.103178 1.00888 161 113 92
0.381658 -0.252912 0.913594 142 103 88
0.00311416 0.0887507 1.0053 136 112 102
-0.392359 0.0062191 0.829886 107 10 12
0.0517063 0.0483782 0.952707 133 28 21
-0.393584 0.150165 0.908334 97 9 9
-0.0562744 -0.214878 1.10032 70 26 11
-0.110313 0.0492237 1.14532 192 144 123
0.330081 -0.230732 0.999184 158 155 104
-0.267383 -0.0793172 1.02122 122 78 59
-0.182662 0.0531177 1.0999 119 71 54
0.151826 0.0432227 0.937378 138 30 21
-0.33294 0.0740066 0.906458 156 130 116
0.469187 -0.338338 0.968392 124 10 10
0.329363 -0.350059 1.57118 127 126 82
-0.124875 0.0280199 1.1634 189 143 120
-0.0652239 -0.0726763 1.11906 162 120 105
-0.255657 -0.194523 1.01808 137 105 72
-0.376039 -0.0309609 0.803501 153 123 121
0.352085 -0.250884 1.61194 110 111 71
-0.057155 0.0842315 1.13449 139 86 62
0.454178 -0.231066 0.912805 76 60 50
-0.39545 -0.0274766 0.796447 102 11 20
-0.0419767 -0.239657 1.08603 32 10 4
-0.365954 -0.0701449 0.831274 160 146 126
-0.452859 0.0251911 0.823035 142 71 28
-0.299331 0.118148 1.07298 139 102 86
-0.389969 0.118714 0.90273 134 50 26
-0.337696 0.0476485 0.876677 142 115 94
-0.317219 -0.20297 1.00451 42 16 13
0.449902 -0.226147 0.951195 150 127 119
-0.321183 0.160551 0.949795 146 124 112
-0.172223 0.0985587 1.1156 122 92 85
0.414404 -0.118591 1.05926 122 101 79
0.321616 -0.232745 1.00084 158 156 106
0.350386 -0.33498 1.60052 121 120 77
-0.39613 0.0265399 0.831836 116 12 15
0.362727 -0.368109 1.11279 102 69 32
-0.10179 0.0455861 1.14157 172 122 102
-0.042824 -0.16896 1.10669 150 108 86
-0.337346 0.0412843 0.875634 130 104 80
-0.288193 -0.00929344 0.932315 178 134 110
-0.366436 -0.00257677 0.827622 99 13 12
-0.296784 -0.135384 1.04093 160 112 88
-0.399768 -0.0894273 0.813143 94 88 98
0.103058 0.0747418 0.934863 112 55 47
0.35598 -0.000453846 1.11267 134 98 79
-0.0245478 -0.259135 1.08465 56 30 17
0.281095 -0.232739 1.67063 93 94 57
-0.0329504 -0.222309 1.09595 66 32 22
-0.158978 0.0296607 1.15422 104 50 34
0.343628 -0.14876 1.10576 158 140 112
0.32724 -0.28993 1.01643 90 81 60
0.0141286 -0.0647251 1.17683 146 120 90
-0.35096 -0.0048049 0.859478 145 102 42
0.370795 0.05433 1.11779 151 124 117
0.0602651 0.0762041 0.959054 148 23 22
-0.407454 0.0274783 0.816019 120 10 12
-0.0783015 -0.315749 1.10281 61 36 18
0.36674 0.10431 1.10904 139 104 92
-0.161964 -0.0159068 1.16034 88 40 23
-0.313691 -0.0162941 0.912673 140 16 21
-0.346131 0.175253 0.946807 137 115 104
-0.397309 0.0469804 0.822306 102 57 61
0.353598 -0.0101603 1.12371 96 56 31
-0.0997363 -0.252683 1.10805 182 120 98
0.34206 -0.365536 1.09009 133 112 70
0.378131 -0.287411 0.950517 103 34 18
-0.131429 -0.00783802 1.1433 170 120 96
-0.337559 -0.15197 1.03915 54 23 14
0.534757 0.0237006 1.07596 118 82 59
0.115777 0.129818 0.98556 148 71 72
0.376974 0.130155 1.16839 165 142 133
0.0306258 -0.0380833 1.21493 144 119 91
-0.409794 -0.0493641 0.814216 139 14 18
0.297289 -0.260718 1.62609 110 108 69
-0.364214 0.193237 0.927666 132 10 16
0.315867 -0.245021 1.00818 158 154 105
-0.386778 -0.0204439 0.785779 101 12 22
-0.421836 0.181521 0.935335 120 14 19
-0.307696 -0.116359 1.05523 172 124 102
-0.126189 -0.040759 1.1441 169 118 96
-0.123331 -0.100097 1.02287 108 65 48
-0.302336 -0.0675035 1.06691 138 94 74
0.0970535 -0.00187567 0.988693 162 149 129
0.321134 -0.2365 0.988261 160 157 108
0.120779 0.0431993 0.955363 136 28 22
-0.196631 0.10448 1.10403 80 38 27
0.411448 -0.235562 0.937184 162 136 128
0.512335 0.01806 1.0862 134 97 82
-0.113721 -0.213141 1.14678 130 106 62
0.146286 -0.242086 1.62802 96 96 57
-0.0643883 -0.0503304 1.12743 180 136 120
0.140389 0.047184 0.970625 138 28 20
-0.0604491 -0.282682 1.07073 48 20 8
-0.409619 0.0443828 0.817189 124 16 20
0.291144 -0.24786 1.64209 104 105 65
-0.25057 0.0236418 1.09141 142 96 78
0.412192 -0.380629 1.02944 159 150 106
0.319318 -0.00197877 1.09368 160 138 122
0.477191 -0.363271 0.988163 124 8 9
0.387841 0.00828258 1.10178 97 54 28
0.301866 -0.350392 1.57262 126 126 84
0.218849 -0.286013 1.6173 118 118 78
-0.297702 -0.250372 0.996966 60 38 20
-0.368519 -0.00726666 0.828368 98 16 13
0.154254 -0.320522 1.65419 123 122 79
0.396237 -0.258734 1.62807 125 125 82
0.381604 -0.19765 1.11896 136 108 68
-0.00639304 0.101211 1.0281 156 132 120
0.194794 -0.256343 1.6612 106 104 67
-0.0712337 -0.206063 1.10524 154 100 78
0.258882 -0.323619 1.60557 128 127 82
-0.331911 0.0517352 0.893111 130 103 76
-0.338826 0.0532667 0.888465 156 130 113
0.308519 -0.310289 1.5569 120 118 76
0.537846 0.0168695 1.07689 106 73 52
0.331495 -0.278837 1.21206 156 153 105
-0.451577 0.0579989 0.792484 151 100 37
0.215604 -0.308022 1.61609 126 126 80
-0.375525 0.192001 0.93495 134 12 18
-0.0235467 -0.0116787 1.15054 145 104 84
-0.304903 -0.0407719 0.931586 164 132 110
0.344271 -0.24392 1.59687 108 110 70
0.141254 -0.257385 1.60664 106 106 64
-0.456044 0.0190883 0.821215 154 108 65
0.32847 -0.229411 1.12501 160 157 107
0.378182 -0.240174 1.61458 116 117 76
-0.306541 -0.047305 0.939384 163 132 108
0.401333 -0.291982 0.959266 110 34 20
0.0144957 -0.226815 1.13477 134 132 86
0.308022 -0.277263 1.07253 157 154 104
0.0131962 -0.0301296 1.19356 158 119 97
-0.129617 -0.273546 1.12053 101 89 56
-0.456322 0.183684 0.966783 171 102 43
-0.279035 0.15389 1.03746 161 138 128
0.323736 -0.283845 1.17073 156 154 104
-0.450867 0.0792296 0.814827 160 138 120
-0.32166 -0.277465 1.04398 109 92 60
0.40664 0.143815 1.106 164 144 138
-0.261039 -0.2777 1.06265 150 145 94
-0.0706659 -0.317606 1.0476 110 99 60
0.109459 -0.0442658 1.295 148 138 117
-0.270185 -0.276082 1.04195 152 147 96
-0.249948 -0.270465 1.07212 150 147 96
-0.164981 -0.239162 1.13395 150 146 96
0.231492 0.160262 1.02161 161 142 132
-0.0334767 0.208175 1.05022 166 144 139
0.420285 0.0946787 1.07418 124 61 65
0.34016 0.0502766 1.10197 98 56 58
0.494556 0.0857878 1.0891 182 160 154
0.463182 0.0697659 1.07187 182 160 154
0.361754 -0.233957 0.935187 154 125 112
0.409339 -0.10959 1.20214 116 88 64
0.466018 -0.139406 1.0253 19 11 9
0.519955 -0.151386 1.02005 129 78 56
0.397008 0.0858444 1.08905 180 155 148
0.485045 -0.0882342 1.03649 76 48 47
0.500625 -0.0385548 1.08245 136 88 64
0.323513 -0.0655838 1.13901 100 66 30
0.322377 -0.142262 1.08121 138 134 86
0.324161 -0.074373 1.13842 110 92 60
0.426922 -0.0810281 1.03097 176 106 70
0.405418 -0.0918026 1.03393 135 109 91
0.408989 -0.0110428 1.09734 144 120 107
-0.0840069 -0.118408 1.0617 152 106 86
0.00693825 0.0499268 1.15561 109 62 37
-0.336937 0.0159072 0.87139 148 116 70
0.415282 -0.256028 0.90296 165 139 130
0.337186 -0.349484 1.07683 148 136 90
0.00611404 0.0799376 1.00579 159 136 122
0.114181 0.0692957 0.915894 81 19 14
0.458493 -0.199799 1.00765 160 135 124
-0.24021 -0.0720436 1.00149 146 88 68
-0.232548 -0.0994664 1.02482 90 50 25
0.528111 0.0539456 1.08749 182 160 152
0.335408 -0.10942 1.1183 164 150 126
0.423457 -0.0193457 1.09073 128 102 84
-0.347044 0.124367 0.943586 160 138 125
-0.0933729 -0.211227 1.12607 154 102 70
0.0934388 0.069989 0.934218 122 20 14
0.353556 -0.226906 0.954045 98 60 29
0.340252 -0.118934 1.11987 164 151 128
-0.383655 -0.022968 0.805572 124 14 16
0.459906 -0.0279616 1.07065 128 100 84
-0.280497 -0.096163 1.05185 142 96 76
-0.235881 -0.0827874 1.00506 128 76 52
0.32024 -0.32627 1.05647 150 144 94
0.468048 -0.129064 1.03282 14 9 10
0.451169 -0.183886 1.04443 152 126 113
0.433252 -0.175022 1.0204 138 116 101
0.301731 -0.312654 1.02615 149 146 93
-0.174843 -0.0783127 0.976206 111 62 42
0.539639 0.0966288 1.14308 181 156 152
0.50573 -0.0132693 1.10159 168 140 120
-0.359166 0.152315 0.958375 142 121 107
0.449499 -0.0339984 1.07784 142 112 98
0.542745 0.0695648 1.1141 180 158 148
0.503943 -0.027021 1.06077 121 96 68
0.349164 -0.247385 0.925389 157 130 118
0.469341 -0.340072 0.983302 125 8 9
-0.170527 -0.0694111 0.995405 77 30 16
0.546739 0.0942786 1.14802 180 158 150
0.0506406 0.0971495 0.939654 162 28 28
0.425992 0.084256 1.07008 122 41 46
0.415402 -0.177299 1.05436 161 158 106
0.352743 -0.343489 1.06972 106 80 50
-0.131171 -0.0678201 1.01353 176 118 100
-0.384443 0.11567 0.9031 152 94 33
-0.212533 -0.0611277 0.994977 180 120 96
0.480056 0.0952729 1.09226 179 156 148
0.0114708 0.0630765 1.12132 115 70 44
-0.16655 -0.166856 1.21076 114 74 44
0.376585 -0.380406 1.12011 138 118 98
0.0865981 0.0195451 0.960254 132 38 28
0.390043 -0.0624077 1.06031 119 98 74
0.318713 0.0604018 1.15609 100 77 54
-0.263852 -0.220055 0.999805 154 99 75
0.511403 -0.259172 0.931201 174 150 142
0.406677 0.0650101 1.07007 183 158 150
-0.34887 -0.0146352 0.883923 145 105 40
0.427837 -0.120931 1.02181 164 134 122
0.315646 0.0550287 1.14786 108 85 62
0.558372 -0.106048 1.15365 93 68 62
0.40771 -0.363887 1.03612 158 140 111
0.381757 -0.194559 1.12669 98 29 12
0.49792 -0.0867583 1.0498 100 74 73
-0.408734 0.12578 0.891685 134 84 54
-0.0902527 -0.135603 1.07289 156 108 86
0.412264 0.0761179 1.0778 183 156 150
-0.36266 -0.142441 1.07963 47 16 10
-0.022796 -0.102454 1.12533 124 84 64
0.400919 -0.107189 1.19661 166 134 114
-0.0809857 -0.0250009 1.12632 200 154 130
0.0495431 0.149974 0.993996 154 34 32
-0.413445 0.145099 0.909903 110 48 35
0.52323 -0.246644 0.941358 170 148 137
-0.0601101 -0.212029 1.09661 127 78 54
0.339626 -0.167341 1.08671 158 146 100
0.366988 0.0443857 1.06962 180 153 144
0.485627 -0.19602 1.03866 124 108 96
0.182571 0.0786442 1.00356 158 38 34
0.328468 -0.181147 1.10016 156 154 102
0.488325 -0.0587352 1.08371 128 102 87
-0.363386 0.107875 0.934679 163 139 127
0.48683 -0.262331 0.914601 174 156 150
0.46878 -0.116673 1.03856 28 21 24
-0.244447 -0.0442832 1.02045 112 64 42
-0.331297 0.0782921 1.09497 185 137 114
0.472702 -0.204261 0.979095 147 124 112
-0.312473 -0.0676611 1.06856 100 58 44
0.303216 -0.0189524 1.18848 146 136 107
0.333377 0.053517 1.13696 92 82 68
0.136009 0.115928 0.955364 123 104 98
-0.205882 -0.144272 1.11503 115 76 44
0.302747 0.0233787 1.16771 126 116 88
0.188097 0.0790028 1.00977 152 77 71
0.150509 0.0126705 1.00982 147 110 88
0.198618 0.0873591 1.02612 155 138 121
0.489056 -0.141039 1.02387 117 62 38
-0.0615594 -0.274303 1.08069 84 42 30
-0.0904118 -0.0992195 1.04104 147 98 76
-0.149296 -0.055728 1.16624 124 73 50
-0.0148512 -0.145817 1.1034 135 86 64
0.301781 0.00316239 1.18582 136 126 95
-0.33435 0.0140564 0.876887 161 140 117
0.0337323 0.0600648 1.16555 125 80 52
-0.391844 -0.0363396 0.806542 139 48 50
0.427545 -0.110454 1.01276 160 128 116
-0.302705 0.00117237 1.09975 188 143 120
-0.287856 -0.260756 1.02245 35 18 7
0.422425 0.026529 1.04776 101 56 30
0.484053 0.0474491 1.06575 136 93 70
-0.380948 0.0389071 1.16013 160 109 82
0.464954 -0.0387896 1.07505 183 154 134
-0.410557 0.0534366 0.836566 85 65 64
-0.151848 0.0588961 1.15282 102 50 25
0.332083 -0.269861 0.94787 155 130 114
-0.197114 -0.0680082 0.987482 190 132 106
0.447269 -0.24313 0.908153 88 69 58
0.343145 -0.371932 1.07998 127 88 52
0.489446 0.0519022 1.0662 142 101 84
0.402324 -0.204487 1.10679 81 24 12
0.356602 -0.194705 1.12687 158 156 102
0.337025 -0.232121 1.00709 158 155 102
0.444333 0.0477758 1.05616 168 136 124
-0.0238189 -0.149772 1.11606 78 34 18
-0.382775 -0.0314849 0.805457 158 142 144
-0.2915 -0.168585 1.02043 92 44 31
-0.258444 -0.179538 1.05854 98 62 28
0.119814 0.0605277 0.932849 144 29 22
-0.241645 -0.0595993 1.00286 120 65 43
0.396971 0.061616 1.06911 195 172 165
0.429591 -0.0975187 1.24942 108 87 56
-0.393447 -0.0969063 0.798565 152 140 122
0.455095 -0.283442 0.897472 128 83 57
-0.19644 0.0966526 1.09441 83 42 28
0.44873 -0.229234 0.909314 134 114 103
-0.276462 -0.0219344 0.926484 172 125 100
0.361452 -0.168445 1.11019 174 144 124
-0.341429 -0.103838 1.04341 80 38 24
-0.223297 -0.115718 1.04471 126 84 62
-0.0527829 -0.112157 1.13603 120 77 60
0.464939 -0.39286 0.98151 108 58 27
-0.353939 0.0256988 1.07651 162 108 84
-0.00318665 -0.126755 1.10885 96 54 24
0.437212 -0.0147226 1.07683 104 74 54
0.480095 -0.114935 1.02601 16 10 11
0.360418 -0.105225 1.13098 138 107 79
0.453661 -0.304372 0.954595 121 9 10
-0.106254 -0.0704394 1.08295 136 86 68
0.094334 0.133463 0.988879 148 42 38
-0.368756 -0.0204849 0.808935 124 14 14
0.33214 -0.273519 0.960974 140 120 103
0.346483 -0.221277 0.972248 160 154 102
0.442637 0.00310469 1.06791 126 86 64
0.0973401 0.0858065 0.938857 102 83 68
0.422617 0.0779221 1.05894 152 94 84
-0.0551326 0.0314511 1.152 172 124 102
-0.303495 -0.157925 1.03041 126 68 42
0.349672 -0.184197 1.14079 156 151 100
-0.0403535 -0.262667 1.09299 48 19 8
-0.446517 0.0544373 0.827073 150 98 39
-0.126568 -0.182084 1.1495 170 122 90
0.450409 -0.29437 0.935375 114 40 24
-0.280796 -0.0141865 0.937973 170 124 100
0.439911 -0.276514 0.930711 146 113 99
0.315897 -0.289379 0.968424 151 130 109
0.431729 -0.401464 0.982801 155 151 98
0.5448 -0.205634 1.12344 69 28 16
0.311489 -0.304872 1.01575 151 144 96
0.502497 -0.318802 0.980625 108 69 46
0.348398 -0.121734 1.10284 138 105 82
-0.445398 0.0251137 0.821087 136 36 14
-0.283922 0.0997758 1.08232 107 58 36
-0.326715 0.0156804 0.897643 142 118 90
-0.372268 -0.0797958 0.82948 162 148 126
0.0378196 0.0513767 1.05564 126 70 42
0.404364 -0.1025 1.05568 166 154 132
-0.36242 0.0696249 0.885623 126 18 21
0.482916 0.0493783 1.07557 148 106 84
-0.269639 -0.167661 1.03664 110 64 40
0.130446 0.117594 0.961127 130 108 102
-0.344085 -0.142938 1.05536 39 12 9
0.480741 -0.0284249 1.10089 90 72 58
0.0781291 0.154622 0.988145 157 30 32
0.416962 -0.226658 0.906234 158 132 122
0.343427 -0.217678 0.952451 161 156 105
0.12615 0.0648285 0.938132 142 32 26
0.494576 -0.13113 1.02971 124 74 48
-0.295735 0.00565112 1.10267 178 130 108
0.517106 -0.310785 0.974877 129 86 62
0.410879 -0.350183 0.99408 114 52 33
-0.35014 0.0630442 1.13373 158 112 88
0.513947 0.104727 1.11387 178 156 151
0.330326 -0.269489 1.60943 112 112 68
0.416697 0.0670992 1.07457 181 157 150
-0.173691 -0.154292 1.205 108 70 36
0.411946 0.0276281 1.05903 142 96 76
-0.361456 0.0473784 0.864291 130 14 16
0.430908 -0.100062 1.02863 164 104 74
0.540786 0.0788755 1.13017 181 160 155
-0.0913503 -0.0591794 1.13504 170 121 100
0.304957 -0.330948 1.05169 150 146 93
-0.336641 0.154917 0.95675 144 124 112
0.0855185 0.140438 1.00879 156 28 24
0.155908 0.128012 0.976373 144 80 77
0.00783766 -0.175719 1.11685 116 74 46
0.013026 -0.178684 1.12482 96 63 34
0.512464 0.0111805 1.09998 153 120 105
-0.306141 -0.122967 1.04909 174 126 102
0.38778 0.0767393 1.07848 182 158 150
-0.241185 0.076141 1.09534 112 62 41
-0.147665 -0.0404283 1.13935 130 78 56
0.434773 -0.317242 0.958329 126 8 9
0.536256 -0.186902 1.13719 152 74 52
0.412768 -0.265725 0.908399 166 140 132
0.41068 0.0177376 1.09362 104 58 33
0.0430306 0.149469 1.00488 146 106 90
0.300884 0.0485803 1.20975 134 120 95
0.302369 0.0576885 1.18189 134 116 94
-0.378918 0.0330467 0.842963 94 74 79
0.445637 -0.153519 1.21586 60 82 61
0.422001 -0.00156413 1.09392 149 120 109
-0.0253332 -0.096198 1.13387 146 108 88
0.537166 -0.00341162 1.10324 152 123 110
-0.117619 -0.272395 1.12651 160 102 80
-0.278941 0.0166122 1.06683 150 102 85
-0.400623 -0.0163469 0.8125 84 12 24
0.319983 -0.0175206 1.13717 148 116 96
0.143841 0.111471 0.960265 74 60 53
0.494156 -0.127865 1.02512 134 87 66
-0.33891 0.145679 0.989962 146 126 113
0.405691 -0.206545 0.969749 138 106 88
0.0534202 0.1039 0.951275 163 29 28
-0.45497 0.0379856 0.799898 177 124 52
-0.222843 -0.17079 1.10406 126 86 60
-0.299092 -0.225914 0.99903 162 108 90
-0.348925 -0.234788 1.06417 62 35 27
0.345017 -0.121494 1.10984 158 138 110
0.328283 -0.233523 1.01103 158 155 103
-0.147513 -0.0788833 1.01081 112 62 35
-0.271489 -0.169974 1.07234 113 70 44
-0.132317 0.0517048 1.15046 179 128 106
0.185278 0.0865641 1.00779 152 65 62
0.449621 -0.197714 1.73884 150 140 118
0.538578 -0.162198 1.14506 138 60 35
-0.36518 0.0760898 0.894701 102 41 44
0.386185 -0.272944 0.913591 132 92 66
0.506786 -0.237453 0.922024 170 148 139
0.13564 0.0802869 0.943371 102 84 68
0.441787 -0.144877 1.03069 173 142 130
-0.269689 -0.181627 1.03068 50 17 8
-0.369761 0.0740954 0.881281 114 28 31
-0.234975 0.057186 1.08532 155 108 90
-0.377273 -0.0692492 0.814942 120 23 15
0.486844 -0.333743 0.980794 112 16 9
0.428608 -0.362983 0.993723 140 92 68
0.237743 -0.289974 1.63728 121 119 76
0.505866 -0.13875 1.02338 126 82 60
0.362744 -0.079402 1.15594 102 81 48
-0.113577 -0.229338 1.10558 151 144 92
0.54179 -0.0211775 1.11408 126 86 65
-0.356923 0.0125258 0.832714 122 14 17
0.501085 -0.122345 1.02351 94 42 19
0.309091 0.0674679 1.15433 125 104 86
0.29774 0.026818 1.21714 135 124 96
0.312197 -0.0831311 1.14148 158 150 126
0.563917 0.00105587 1.1137 144 122 104
0.00493669 -0.198207 1.11345 134 88 64
-0.186532 -0.0700983 0.988937 152 98 82
-0.358153 -0.197531 1.04037 62 28 16
-0.317279 0.104657 1.1058 117 69 46
-0.138441 -0.0192194 1.1346 161 109 84
-0.377708 -0.0968062 0.808576 162 150 126
-0.319236 -0.191052 1.01469 41 12 5
0.416311 -0.236281 0.906922 162 136 128
-0.299512 -0.0766157 1.04925 136 90 70
0.308258 -0.265173 1.04509 153 150 98
-0.0971602 -0.200608 1.09445 158 107 76
0.0429077 0.0143364 1.03604 150 111 83
0.412331 -0.136565 1.0051 160 128 112
-0.26513 -0.01448 1.08203 145 96 78
0.395855 0.0329423 1.05756 144 102 86
0.0540352 0.00960175 0.9448 134 101 78
-0.0177453 -0.262078 1.09658 50 30 15
-0.21706 -0.0462197 1.00574 143 97 84
-0.331883 0.0172304 0.875746 159 141 120
0.443596 0.0325362 1.04639 100 54 28
0.313881 -0.0416059 1.17726 152 142 116
0.321558 -0.318438 1.03476 148 144 93
0.517843 -0.141116 1.02475 134 74 45
0.0723884 -0.269916 1.44359 128 126 79
-0.373283 0.094255 0.890009 98 18 20
0.158434 0.0512871 0.953352 142 30 24
0.431254 0.102934 1.09434 160 136 130
-0.353135 0.0181203 0.876015 144 98 40
0.332493 -0.0289218 1.15183 108 76 47
0.450563 -0.395332 0.983937 148 138 90
-0.0530892 0.0670215 1.12676 152 98 72
-0.27183 -0.00230013 1.11281 147 98 82
0.455323 -0.213206 0.940506 127 84 65
0.191878 -0.250957 1.59596 106 105 66
-0.3316 0.0371774 0.885894 128 104 80
-0.255192 -0.211124 1.01546 142 110 73
0.157198 0.110929 0.971207 138 122 119
-0.0351051 -0.30198 1.10345 60 36 18
0.395161 -0.33769 1.00308 118 37 25
0.402836 0.0343085 1.05688 150 100 81
-0.315718 0.00907428 0.885001 152 122 95
-0.237846 0.110905 1.08602 86 49 37
-0.383017 0.0542713 0.834961 30 26 42
-0.149527 -0.163846 1.1966 134 89 60
-0.284112 -0.0961965 1.03864 146 98 80
0.470174 -0.350869 0.985657 127 7 8
0.532296 -0.217643 0.958338 160 136 120
-0.0386918 -0.239083 1.06601 52 24 14
-0.313662 -0.157751 1.0226 94 42 24
0.43939 0.015461 1.05393 154 122 106
0.331854 -0.258212 0.941589 108 93 82
-0.351893 0.0854734 1.13143 172 124 101
-0.0346517 -0.14541 1.11222 61 23 14
0.257904 -0.25482 1.65647 101 101 60
-0.319233 -0.213738 0.986518 40 20 14
-0.361532 0.0533353 1.14915 151 100 78
-0.400316 -0.0233329 0.813481 76 13 26
0.0578086 0.123731 0.957016 158 28 24
0.332722 -0.16384 1.0797 156 150 99
0.390685 -0.0942143 1.07547 72 56 32
0.327345 0.0657735 1.21181 106 82 62
0.32496 -0.375179 1.08169 152 148 96
0.400824 -0.377957 1.12968 116 86 62
0.000221661 0.0285112 1.15757 127 79 62
0.149454 0.0821208 0.953513 162 26 24
0.571822 -0.365148 1.08548 18 15 6
-0.204854 0.0262639 1.09453 152 109 92
0.385575 -0.315758 1.64388 126 124 78
-0.384533 0.204119 0.90303 126 17 20
0.428029 -0.107276 1.03466 162 114 92
0.324198 -0.0745102 1.22402 156 147 123
-0.0235095 -0.239076 1.09452 32 14 8
-0.0514648 -0.11437 1.10244 134 92 75
0.366514 -0.369963 1.10829 122 94 64
0.509434 0.0696882 1.0779 182 161 155
-0.286293 0.0607016 1.09562 130 78 61
-0.341363 0.150979 0.961137 144 124 112
-0.335499 -0.180111 1.02729 57 26 16
0.507038 -0.118463 1.02983 100 39 16
0.202542 0.102926 1.03283 130 116 104
0.525981 0.0102294 1.05871 134 104 88
-0.055849 -0.313413 1.08188 52 30 14
0.48057 -0.336985 0.976195 121 12 10
0.458912 -0.043106 1.06119 185 157 136
0.129579 0.00966833 1.00945 170 148 128
-0.363535 -0.0486639 0.806812 125 50 41
0.427333 -0.247688 0.919486 164 138 128
-0.0607882 -0.252916 1.08051 156 98 78
-0.330526 0.0121065 0.890851 158 138 115
-0.0756382 0.0843547 1.14364 152 98 68
-0.35993 0.162685 0.946177 138 113 100
0.475892 0.117565 1.13265 153 130 124
-0.278498 -0.245052 1.01283 98 64 44
0.522415 -0.16771 1.1183 165 75 46
-0.0232872 -0.0412845 1.14058 165 122 106
0.351887 -0.200222 0.934448 162 158 104
0.485347 -0.121716 1.02829 25 18 16
-0.393793 0.0332832 0.833846 94 48 52
0.0864658 0.0525806 0.939829 137 27 22
0.398363 0.0126567 1.08894 101 54 28
0.48115 -0.308102 0.964926 120 47 30
-0.0931955 0.0163972 1.16049 160 108 86
0.512864 -0.305287 0.969239 142 104 84
0.407333 -0.211404 0.986714 134 112 82
-0.36555 0.0245921 0.853957 124 12 14
-0.0132251 -0.248056 1.10642 43 25 13
0.506656 -0.30759 0.965579 134 92 66
-0.392343 0.168835 0.935101 124 14 11
0.111517 0.00916487 0.992274 104 74 53
-0.43061 0.00512613 0.837279 123 8 10
0.359284 0.00765638 1.12047 174 141 130
-0.0257385 0.0246865 1.14217 160 122 103
-0.348651 0.0136196 0.86659 148 102 42
-0.256624 -0.0146903 1.0862 140 93 74
-0.254039 -0.23392 1.05622 152 146 93
-0.0195823 -0.0279757 1.14312 162 116 99
0.3734 -0.0433177 1.14818 138 100 80
-0.347397 0.0790363 1.11798 167 120 97
0.0953522 0.140506 1.005 158 24 22
-0.280251 -0.013336 1.01447 196 152 130
0.491621 -0.00618194 1.08758 180 152 137
0.0811089 0.120434 0.941537 92 71 64
0.298137 0.00975215 1.2061 135 125 96
-0.137189 -0.0930053 0.981771 130 80 57
0.100782 -0.278035 1.6617 120 119 73
-0.0123432 0.00836423 1.16112 128 80 62
-0.398567 -0.0300534 0.810044 124 14 20
-0.0229251 -0.255697 1.08249 62 34 20
-0.284591 -0.0152445 0.910496 167 120 94
0.342804 -0.221166 0.985351 160 155 104
-0.328546 0.0273973 0.848457 160 140 122
-0.333528 -0.090818 1.03814 81 33 21
-0.100333 0.081749 1.13129 146 91 62
0.117878 0.0100295 0.977439 165 136 114
-0.391908 0.0246481 0.841789 128 16 17
-0.385027 -0.00817999 0.809184 122 14 18
-0.306008 -0.00950113 0.89184 144 14 20
-0.243505 -0.222852 1.04385 152 146 92
0.587036 -0.212355 1.11741 120 68 41
0.323203 -0.0273428 1.16345 114 78 50
-0.367681 0.0634075 0.859371 123 15 18
-0.394177 -0.0817907 0.790243 64 25 38
-0.354613 -0.234435 1.02686 128 82 52
-0.343997 0.141884 0.976093 146 126 114
0.365586 -0.180391 1.10484 145 108 81
-0.332623 0.0370337 0.87958 132 110 88
-0.37571 -0.00130094 0.839794 94 13 10
-0.0151922 -0.272756 1.10057 57 39 18
-0.00827564 0.0148758 1.16786 126 80 62
-0.257984 -0.124666 1.05426 114 70 50
-0.325379 -0.228309 1.00039 62 32 24
0.370226 0.0112292 1.07814 162 129 115
-0.126822 -0.150474 1.14449 172 122 94
0.405269 -0.0106366 1.10999 124 102 84
-0.251132 0.0527657 1.10358 142 92 75
-0.375965 0.0871763 0.875801 126 18 20
-0.0643619 0.00582768 1.16089 180 132 110
-0.00436963 -0.241522 1.13317 72 51 18
0.189491 -0.349697 1.62274 136 134 85
-0.369333 0.193725 0.922346 134 10 13
0.352213 0.011414 1.08275 176 148 139
-0.221069 0.00682165 1.10222 156 117 106
0.407894 -0.316155 0.965711 126 8 8
0.488465 -0.143363 1.03465 91 42 27
0.336386 -0.391671 1.09559 155 151 97
0.157246 0.10189 0.962868 140 122 120
0.418218 -0.326714 0.98883 126 8 8
0.356727 -0.262866 0.913596 130 94 73
0.103567 -0.240313 1.68533 96 94 54
-0.0216172 -0.0324252 1.14808 164 119 102
-0.395159 0.0207033 0.842745 122 14 16
-0.326663 -0.167692 1.02281 57 27 22
-0.387671 0.0370989 0.845777 76 68 79
0.419559 -0.291498 0.937645 132 87 58
0.357177 0.0168154 1.06477 177 150 140
-0.395781 0.0807859 0.889494 108 35 39
-0.142674 -0.0672004 1.04714 118 62 45
0.348489 -0.344924 1.07776 112 83 52
-0.365758 0.201055 0.937913 132 12 16
0.328782 0.0877232 1.12696 112 84 64
-0.103504 0.0806374 1.12522 146 93 62
-0.307912 0.169756 0.975268 159 139 130
0.501269 -0.190237 0.940886 143 142 95
-0.0590711 -0.039866 1.1501 180 136 120
-0.230514 0.0154366 1.07029 149 102 85
-0.282149 0.121933 1.06033 144 116 108
0.285472 0.0789172 1.2235 151 134 116
-0.450156 0.0191791 0.829166 117 14 10
-0.186308 0.0062924 1.09988 143 98 84
0.340871 -0.26968 1.14584 156 152 100
0.146369 -0.226755 1.57742 88 88 48
0.241052 -0.227888 1.66939 84 84 46
-0.261185 0.0732513 1.05745 121 71 54
0.293236 0.00589452 1.22237 138 128 98
0.47785 -0.324355 0.973952 119 9 8
0.431929 -0.404285 0.976449 155 151 96
0.3897 -0.243522 0.904234 170 142 134
-0.33093 -0.0314432 0.87607 156 142 118
0.0850569 -0.276118 1.48677 124 124 76
0.212408 -0.195679 1.65689 136 128 106
-0.413905 -0.0708025 0.8155 130 10 12
0.305207 -0.2835 1.04814 150 148 96
0.363335 -0.317252 1.59223 124 122 78
0.232188 -0.327194 1.68912 129 126 80
-0.345751 0.0665043 0.877979 162 142 128
0.333366 -0.0100076 1.09892 168 140 126
0.423602 -0.267452 1.63391 133 132 84
0.244905 -0.366723 1.62375 136 134 84
0.40164 -0.311632 0.970457 125 6 7
-0.347179 0.212609 0.88878 162 136 128
0.234473 -0.19127 1.6202 136 127 105
-0.263247 0.143243 1.02024 165 140 130
0.281261 -0.0357262 1.18183 153 143 116
0.395655 -0.174126 1.72428 150 140 119
0.510087 -0.338572 0.997858 22 14 9
0.213928 -0.224711 1.67403 82 83 44
0.249089 0.0761531 1.14469 154 138 120
0.202889 -0.199528 1.67694 136 129 106
0.600218 -0.0218314 1.14766 104 84 68
0.356337 -0.228552 1.6095 103 103 64
0.151899 -0.181957 1.60282 141 132 108
0.301106 0.130528 1.07267 165 145 136
0.425052 0.174985 1.12092 166 144 136
-0.816876 -0.462663 1.5744 150 143 90
0.40922 0.287677 1.24416 166 148 138
0.447449 -0.0650071 1.06817 181 148 125
0.403549 0.0925229 1.10526 180 154 146
0.0954255 0.0316214 0.962223 104 40 27
-0.349947 0.114756 0.946134 158 136 120
-0.367161 0.0352731 0.847758 114 26 26
-0.0519707 -0.099266 1.11162 138 98 84
-0.0727558 -0.0970947 1.05838 150 107 90
-0.164708 -0.0768417 0.983377 124 76 49
-0.393133 0.154879 0.917293 120 17 13
-0.387939 0.123527 0.916054 146 96 36
0.0779793 0.0990175 0.938662 121 106 101
-0.171102 0.0745645 1.1023 88 43 27
0.405964 -0.171579 1.0835 124 114 68
0.338953 0.0553203 1.12454 103 76 69
0.410884 -0.191206 1.0654 154 152 99
0.192966 0.072532 1.00889 154 135 120
-0.413636 0.140717 0.902322 140 102 76
0.409943 0.0888541 1.07318 116 64 64
0.44612 -0.255046 0.916816 152 124 112
-0.0127334 0.0602433 1.14525 140 103 84
0.415413 -0.116652 1.02734 162 138 120
-0.372597 -0.0226816 0.794676 120 12 12
-0.161811 -0.0958489 1.00277 144 96 72
0.518305 0.0585549 1.07767 166 140 130
-0.36928 -0.0261496 0.806203 119 13 11
0.129808 0.0992308 0.944386 137 116 109
0.360106 -0.376646 1.11192 124 101 76
0.30928 0.029028 1.13438 126 108 84
0.198494 0.0754632 1.01012 151 134 118
0.0751305 0.0304862 0.941928 80 22 16
-0.37425 0.0822608 0.871558 108 30 29
0.426342 -0.0574074 1.04711 162 113 83
-0.391196 0.00165478 0.823751 96 7 7
-0.168569 0.0748482 1.1233 69 28 16
0.431875 0.0450492 1.06386 166 128 114
-0.387657 0.0589393 0.848981 68 60 74
-0.24334 -0.105736 1.02859 89 48 24
0.586314 -0.352305 1.05724 94 83 68
-0.155905 -0.0904807 0.973932 140 90 68
0.37424 -0.133069 1.12292 154 122 104
0.399145 0.0678926 1.07121 203 180 172
-0.412953 0.151919 0.899796 106 19 16
-0.0691473 -0.0817456 1.0808 150 104 86
0.00254262 0.0650403 1.02019 100 60 30
0.0765781 0.156632 0.998036 148 42 39
-0.387093 0.00611528 0.843494 100 8 8
-0.305584 -0.153713 1.04466 148 94 68
0.474667 -0.190361 1.06499 137 79 62
0.489314 0.035759 1.06598 128 80 58
-0.308636 -0.231032 0.982693 46 16 4
0.530869 0.0878076 1.12239 178 156 148
0.501617 -0.224638 0.932439 158 138 128
-0.327195 0.162345 0.948801 144 123 109
0.398436 -0.216733 0.928414 147 116 100
-0.406733 -0.0308398 0.797881 76 16 32
-0.105937 -0.220858 1.09089 150 122 82
-0.393726 -0.046411 0.800359 127 16 16
-0.346361 0.0460835 1.12396 170 125 98
-0.367764 0.0625848 0.873424 124 14 15
0.344343 -0.22081 0.978476 150 146 96
-0.381579 0.0525525 0.861699 78 61 68
-0.176642 0.0535082 1.1009 106 58 42
-0.00575149 -0.201966 1.10131 108 60 36
0.331235 -0.124402 1.11831 156 144 120
-0.390326 -0.115056 0.815263 162 148 122
-0.191645 0.0679154 1.07102 110 64 42
-0.371184 0.0491861 1.16385 158 110 84
0.387639 0.0697201 1.07612 183 158 149
-0.164431 0.0700354 1.09636 72 28 16
-0.350931 -0.0337493 0.830445 162 146 126
0.436894 -0.324684 0.963877 124 6 6
-0.281975 -0.245811 1.01469 96 62 42
0.414891 -0.123346 1.01882 162 138 122
0.452208 -0.266607 0.910683 128 102 95
-0.243991 0.0323846 1.09934 150 102 80
-0.0811672 0.0138253 1.12987 208 165 139
-0.111148 -0.0806667 1.02205 140 90 73
-0.339748 0.0170035 0.868808 140 105 60
-0.385606 -0.0741862 0.811293 117 44 34
-0.34845 0.118905 0.94807 158 136 120
-0.366981 0.0113086 0.840548 122 14 14
-0.30063 -0.15275 1.0217 144 90 64
-0.15673 -0.069905 0.999192 116 66 36
-0.427748 0.0107198 0.86661 100 6 10
0.321681 0.00804492 1.11007 168 141 128
-0.185143 -0.156213 1.1911 77 41 18
-0.302248 -0.0100483 0.899512 129 14 14
-0.388269 -0.00428228 0.806328 118 10 14
0.440868 -0.255097 0.924734 160 135 122
0.470965 -0.373826 0.991621 126 8 8
0.306361 -0.293819 1.04008 144 141 90
-0.330478 0.0164205 0.889125 159 140 122
-0.173918 -0.0475492 1.01619 128 82 64
-0.334025 0.0253038 0.881971 160 142 122
-0.10497 -0.0988116 1.03115 128 73 58
-0.167076 -0.0490023 1.14458 100 74 55
0.45354 -0.378776 0.985559 126 7 8
0.370781 -0.0220295 1.11157 138 114 98
-0.408487 0.0192395 0.816105 116 9 12
-0.281602 -0.00171229 0.912282 166 131 106
0.402608 -0.271112 0.912233 164 136 124
0.467425 -0.0556497 1.06739 134 108 94
0.374355 -0.20595 0.952744 128 100 58
-0.331507 0.187945 0.942725 144 121 108
0.271772 -0.347257 1.60126 120 118 72
0.0503511 0.0547115 0.969072 118 24 18
0.332658 -0.247441 0.976579 126 96 66
0.0915939 0.106443 0.958448 102 66 60
-0.259799 -0.24264 1.0444 148 144 91
-0.176591 0.0687869 1.08694 96 48 31
-0.413203 0.0280829 0.841895 120 13 14
0.534539 -0.256478 0.943197 170 147 138
-0.390365 -0.102273 0.805837 163 148 125
0.425974 0.0124365 1.0688 156 128 114
-0.406459 0.180437 0.935295 92 6 6
0.375146 0.0438003 1.06929 180 152 142
-0.125815 -0.149742 1.16105 106 63 34
-0.0675044 -0.228514 1.13249 100 53 33
0.153495 0.0180625 1.00407 134 45 30
-0.356609 -0.00409509 0.860233 148 98 40
-0.42185 -0.0619818 0.82947 132 15 16
-0.27953 0.000226943 0.950752 168 121 97
-0.300031 -0.147818 1.04142 150 98 75
-0.380022 -0.0901152 0.813437 162 148 125
-0.182883 -0.0784862 0.976883 144 95 74
0.124074 0.075356 0.935784 94 48 37
-0.0624982 -0.0730234 1.15333 166 124 108
-0.094927 -0.104763 1.04774 144 95 70
-0.0509872 -0.229041 1.06706 30 10 4
0.364164 -0.222897 0.931676 120 74 50
-0.135971 0.0484129 1.14725 180 127 100
-0.0782466 0.0826056 1.12642 147 94 60
-0.430936 0.0587952 0.849524 104 40 41
0.462245 -0.208648 0.955922 131 92 74
0.308082 -0.0876666 1.10237 156 146 124
-0.388101 -0.0910685 0.800453 162 148 125
-0.0280778 -0.228358 1.10467 67 30 16
0.414389 -0.364736 1.00332 156 138 106
0.000890655 -0.180115 1.11316 58 28 16
0.565036 0.0241302 1.12669 98 63 34
-0.0491285 0.0669112 1.12921 155 104 80
-0.215257 -0.00770464 1.08637 146 104 90
-0.404285 0.104751 0.86667 108 28 30
-0.225453 -0.150595 1.05936 132 96 68
0.422658 0.105695 1.09523 152 128 124
0.436879 -0.0036501 1.08284 120 89 72
-0.168659 -0.0956881 0.988122 150 100 78
-0.29628 -0.165169 1.01526 168 112 86
-0.0326049 -0.131613 1.09456 59 22 16
0.433155 -0.274245 0.924795 150 114 98
0.104781 0.109387 0.964897 148 26 24
-0.109467 -0.194968 1.13835 170 121 90
0.428645 -0.138096 1.00813 161 130 118
-0.288224 -0.0262427 0.920449 162 132 104
-0.234313 -0.0295565 1.05947 140 96 82
-0.197297 0.056779 1.07198 123 76 54
0.305819 -0.0581529 1.18664 151 141 116
-0.359516 0.0954185 0.895414 138 62 56
-0.219017 0.0655286 1.09451 126 76 50
-0.13705 -0.0980997 0.994977 136 85 66
0.585838 -0.370334 1.08639 92 85 64
-0.352813 0.181781 0.957148 137 108 96
0.434549 -0.153262 1.00885 148 103 80
0.519569 -0.209637 0.9601 140 114 90
0.398763 -0.211151 0.929388 138 100 77
0.158715 0.097632 0.967502 161 72 70
-0.215322 0.0532997 1.10793 152 104 88
-0.242682 0.0973862 1.10286 100 56 33
0.417683 -0.0239768 1.07804 132 104 88
-0.324995 0.0968514 1.07384 128 78 50
0.421587 -0.269444 0.909694 142 106 87
-0.362498 -0.122538 1.05198 58 24 17
-0.217251 0.000995853 1.08307 148 108 96
-0.309807 0.164648 0.973873 154 132 120
0.31505 0.0556275 1.1075 112 91 70
-0.159948 -0.0711539 0.992933 118 69 40
-0.30173 -0.0221608 0.915778 128 44 38
0.0648199 0.0435009 0.933954 42 14 11
-0.309711 0.00261962 0.908365 130 26 17
-0.379397 -0.00766428 0.804466 115 11 15
0.423988 -0.126429 1.03173 164 132 119
-0.393114 -0.0919828 0.785746 151 138 120
0.352402 -0.302799 0.976534 128 92 66
0.409767 -0.209648 1.07217 151 146 95
-0.0428282 0.0259328 1.12551 167 121 102
-0.359895 -0.0174852 0.844359 128 92 52
0.452492 -0.119109 1.04427 14 10 9
0.383446 -0.0194843 1.09268 132 108 91
-0.0449235 0.0463247 1.15491 164 117 94
-0.173869 -0.0926091 0.992918 140 91 69
-0.403045 0.0504983 0.863591 52 48 58
0.407673 -0.366127 1.00559 156 142 108
0.358808 -0.309137 0.980738 108 71 40
0.403272 -0.128337 1.04972 99 95 61
-0.401163 0.131053 0.907556 121 67 30
0.0582544 0.148421 1.00198 146 26 25
0.366707 -0.0891453 1.17369 130 103 78
-0.188107 -0.145355 1.16606 95 60 27
0.46604 0.0624382 1.09367 176 150 143
0.500552 -0.212384 0.938902 150 122 106
0.449212 -0.12659 1.02001 12 6 5
-0.0342755 -0.253304 1.0844 74 42 28
-0.221955 -0.14655 1.07364 117 78 52
-0.228287 -0.000718632 1.07768 149 107 92
-0.224425 -0.177387 1.08374 134 98 63
-0.295799 -0.223607 1.00209 162 102 84
0.569556 -0.361508 1.06736 43 30 19
-0.398612 0.0060236 0.836208 84 5 8
0.348225 -0.236789 0.936664 128 90 62
-0.379878 0.00030906 0.829667 84 6 5
0.526251 -0.198815 0.97004 82 77 49
-0.116913 0.00757384 1.12666 200 155 134
-0.0510735 -0.127787 1.08641 138 97 74
0.376846 -0.275273 0.922105 110 59 31
-0.359252 0.0631338 0.875881 120 22 22
-0.405939 0.0925818 0.871694 97 34 36
-0.104689 -0.21227 1.09905 127 84 48
0.254611 -0.345686 1.5994 132 129 78
-0.133176 -0.115351 0.981937 142 100 80
0.453672 -0.393739 0.986752 145 128 84
-0.332475 0.0173125 0.884711 160 142 124
0.522163 -0.014636 1.10471 156 128 109
-0.366139 0.0261668 0.842935 120 12 14
-0.368766 0.199824 0.918202 129 13 14
-0.0997835 -0.0370539 1.13629 178 128 108
-0.282726 0.104839 1.11967 106 58 38
-0.290113 0.0142666 1.11276 148 101 84
-0.399879 -0.0723723 0.809058 121 18 13
-0.38465 0.151016 0.962815 132 78 67
-0.368658 0.205357 0.920364 128 14 16
0.432719 -0.337273 0.96863 122 8 8
-0.403487 0.0761393 0.863032 60 46 53
-0.336493 0.186382 0.944602 140 118 105
0.499686 -0.253213 0.91479 174 152 144
0.373202 0.0541099 1.09255 180 153 142
-0.345963 -0.0204128 0.888709 148 114 66
-0.40431 0.0603375 0.864876 61 54 68
0.405893 0.0254824 1.06396 130 84 56
-0.277767 -0.0527369 1.0488 122 74 52
-0.347675 -0.101971 1.06325 39 10 6
0.30974 -0.353371 1.06002 144 140 86
0.512509 -0.324893 0.999294 66 44 26
0.203604 -0.298051 1.66885 115 114 71
0.367462 -0.298422 0.963406 118 41 24
-0.286879 0.101594 1.1063 104 56 34
0.0769372 0.0856463 0.945896 152 22 22
-0.353169 -0.0368677 0.844508 162 146 125
-0.356617 0.010945 0.88841 144 102 40
-0.375467 0.198945 0.900207 111 20 20
0.21319 -0.365945 1.59862 136 134 84
-0.310922 0.125111 1.0266 151 122 112
-0.105941 -0.0906342 1.01781 142 88 72
-0.119942 -9.21364e-05 1.14113 198 154 132
0.398338 -0.166096 1.09087 56 36 23
0.262023 -0.340584 1.56571 123 122 74
-0.372861 0.000946701 0.826797 93 8 7
-0.361188 -0.060271 0.815801 162 147 124
0.0482967 0.097812 0.968579 161 28 26
-0.028921 -0.103212 1.12833 96 54 34
-0.354593 -0.229101 1.02861 48 23 12
-0.0484528 -0.203274 1.10517 122 72 56
0.363402 -0.269865 0.919658 104 56 30
0.424501 0.0387661 1.0663 165 126 110
-0.398056 -0.0654808 0.823666 120 14 12
0.37618 -0.324179 0.984446 115 37 20
0.443461 0.0258994 1.0693 104 58 32
-0.185501 -0.00101536 1.10704 137 91 76
-0.28187 0.11045 1.07892 100 52 30
-0.167474 -0.0297015 1.14773 64 20 10
-0.354572 -0.0636734 0.842392 162 148 124
-0.312015 0.0534819 1.09733 166 118 98
0.404074 -0.270743 0.905916 158 125 110
0.416206 -0.348926 0.994893 120 18 14
0.114482 -0.301013 1.67272 117 116 72
-0.36197 -0.0143835 0.835227 94 34 20
-0.187769 -0.0371357 1.04944 136 92 78
0.400579 -0.199426 0.938994 144 126 94
-0.40235 -0.100054 0.791162 36 34 58
-0.128438 -0.0630964 1.17749 157 108 84
-0.409371 -0.0625743 0.828021 124 13 12
0.551885 0.0539957 1.10537 164 119 104
-0.310699 -0.207467 0.990454 164 107 86
0.402938 -0.285201 0.934613 130 82 57
0.392997 -0.330888 0.988553 120 12 8
-0.357149 -0.0590887 0.834692 162 146 125
-0.429516 0.0657389 0.845507 111 28 30
-0.322507 0.148323 0.990522 144 124 110
0.160852 -0.192499 0.870601 120 118 74
-0.197026 -0.147692 1.16723 98 64 30
-0.363136 -0.0644246 0.819032 164 148 125
0.52852 -0.199488 0.965751 84 77 47
0.153939 0.062787 0.97392 146 28 22
0.573873 -0.0429459 1.15204 138 117 92
-0.4091 -0.0704604 0.836427 118 16 12
-0.12078 -0.20015 1.13844 128 83 44
-0.2672 -0.195133 1.01128 139 88 69
-0.317974 0.0164286 1.08376 180 134 110
0.435789 -0.341012 0.991923 124 8 8
0.201214 -0.343269 1.69546 126 124 76
0.272624 -0.381835 1.62674 134 130 82
-0.374131 0.0874829 0.860934 124 16 15
-0.332923 -0.0416159 0.905795 160 144 123
0.483553 -0.124415 1.03352 52 33 27
0.404318 0.124742 1.08738 144 112 98
-0.352102 0.0561947 1.00959 128 97 70
-0.267195 -0.0367157 1.0385 138 90 64
0.145726 -0.274323 1.6538 104 104 62
0.434519 -0.314486 0.970775 124 8 8
0.932751 -0.198985 1.66118 121 120 74
0.380575 -0.308209 0.956188 120 8 6
0.5727 -0.203195 1.10177 144 110 68
0.212089 -0.351645 1.47612 137 135 85
0.344512 -0.384763 1.0605 97 70 34
-0.331941 0.101905 1.03157 120 76 46
0.300309 -0.339117 1.62067 120 119 76
0.137571 0.0427933 0.964829 142 30 22
0.390772 -0.0102262 1.10282 143 121 106
0.390107 -0.325027 1.00048 118 8 6
-0.0263078 -0.0857598 1.19844 153 115 94
0.890377 -0.219885 1.60962 133 131 82
-0.180372 0.0226978 1.11001 131 85 69
0.404841 -0.338716 0.986791 122 16 13
-0.153508 -0.183776 1.18616 134 90 58
-0.303583 0.136768 1.0065 148 123 110
0.338511 -0.00527378 1.10278 134 103 84
-0.315751 -0.0430152 0.940996 157 144 120
0.218305 0.107703 1.06217 138 118 104
-0.337563 0.200097 0.941863 158 134 124
-0.414716 -0.0931244 0.794495 17 20 57
0.179484 -0.351149 1.54897 137 134 84
-0.0250823 -0.317403 1.13614 95 84 50
0.406006 -0.395959 1.00453 154 149 94
0.596483 -0.00999466 1.13447 55 28 10
-0.312946 0.201215 1.16513 163 140 130
-0.185518 -0.294081 1.10106 150 145 92
-0.370096 0.28373 1.01629 163 142 132
0.125958 0.265001 1.06836 166 142 138
-0.343666 0.293916 0.977383 164 142 134
-0.327145 -0.368727 1.16175 150 145 90
-0.406408 -0.0304325 0.807139 86 24 42
0.480892 -0.053543 1.0944 130 100 85
0.168912 0.075861 0.970844 136 63 56
0.0223298 0.0837341 0.991341 148 118 108
0.451868 0.0431918 1.06654 133 86 64
-0.374329 0.0533954 0.85822 110 46 48
0.427741 0.0696395 1.06807 164 127 114
-0.117803 -0.0875004 1.00386 152 102 88
0.394258 -0.110633 1.04069 160 149 129
0.00486646 -0.14471 1.11898 123 105 80
0.504696 -0.113442 1.04991 116 66 44
-0.388124 0.111401 0.868599 125 30 26
-0.405796 0.170591 0.921924 88 10 10
0.446272 -0.380623 0.992109 156 109 84
-0.377232 0.0602819 0.857077 99 60 64
0.489173 0.0555497 1.07336 166 138 128
0.477685 -0.112071 1.03381 20 14 18
-0.174908 -0.0936576 0.984189 138 89 66
0.41604 -0.13613 1.02915 135 117 89
-0.0101626 -0.150717 1.11786 82 42 25
-0.247688 -0.100393 1.01257 92 50 24
0.0050719 -0.154699 1.11816 66 38 17
-0.35667 -0.0336019 0.820845 162 148 128
0.471913 -0.0983284 1.02993 82 56 59
-0.292712 -0.151398 1.06129 148 100 81
-0.352507 0.0441324 0.860361 146 80 70
0.505721 -0.224968 0.929946 166 134 124
-0.406861 -0.105884 0.811939 98 91 93
-0.375388 -0.111554 0.806576 162 148 126
-0.311433 -0.118654 1.04309 172 124 102
-0.256046 0.0823596 1.08041 96 46 26
0.375626 -0.0392305 1.09551 114 80 60
0.452886 -0.150695 1.01885 148 52 32
-0.237509 -0.0598696 1.0127 170 107 87
0.372047 -0.163123 1.10965 134 95 74
-0.233349 0.0655085 1.06025 136 86 66
0.347091 -0.233951 0.947789 134 98 78
-0.376015 -0.0810314 0.831568 162 148 125
-0.333236 -0.131447 1.04273 88 46 34
0.413264 -0.246906 0.906055 168 142 134
0.17311 0.0770683 0.980475 156 82 74
0.00274957 -0.176228 1.11421 89 51 28
-0.314902 0.0873208 1.10904 132 83 64
-0.0161864 0.055657 1.15639 143 102 84
-0.156006 -0.0676878 0.998239 106 60 30
0.316128 0.00648462 1.11806 161 136 118
-0.267547 0.0558992 1.09329 128 76 58
-0.317802 -0.143122 1.04816 155 102 78
0.403546 -0.0836966 1.05176 142 109 82
0.422417 0.013265 1.07241 137 105 87
-0.0128217 -0.225526 1.12507 80 45 23
-0.197286 0.0819079 1.10295 80 40 24
-0.384873 0.0380345 0.847939 66 18 26
0.314119 0.0714108 1.16248 118 96 78
-0.34118 0.00327437 0.865098 145 102 44
-0.412845 -0.00790552 0.825978 120 12 13
0.400669 -0.0394022 1.07008 142 113 95
-0.221071 0.0849839 1.08987 108 58 34
0.41765 -0.134702 1.01531 142 120 94
-0.0414928 -0.304444 1.09954 54 33 14
0.488035 -0.0596271 1.06751 112 64 38
-0.128398 -0.137206 1.11599 118 78 48
-0.124648 -0.142487 1.12454 118 75 45
-0.0843174 0.0802432 1.1275 129 75 44
0.347789 -0.135309 1.10149 111 78 48
-0.318318 0.0994771 1.08355 115 66 41
-0.0132384 -0.131089 1.10372 84 40 21
0.36981 -0.260477 0.920659 130 90 72
-0.148037 -0.0152827 1.15371 155 102 78
0.576729 -0.0244203 1.15307 138 116 92
-0.28067 -0.165564 1.0355 122 74 54
-0.421273 0.0547259 0.843162 116 60 58
0.484555 -0.106253 1.03507 94 60 54
-0.0652913 -0.222388 1.08672 70 30 18
-0.263495 0.0256611 1.07878 140 92 74
-0.128029 -0.103048 0.981362 129 85 61
0.366923 0.0983274 1.10113 166 136 127
-0.417347 -0.0128675 0.830912 86 12 24
-0.200559 -0.0472251 1.01622 146 100 88
0.346383 -0.0915413 1.1277 153 121 98
0.0714091 0.0610606 0.937426 136 26 22
0.580945 -0.332625 1.03382 90 78 64
-0.32054 -0.130753 1.03 144 93 71
-0.13188 -0.0973043 1.00106 100 51 31
-0.165659 0.0453678 1.12806 86 35 22
-0.100206 -0.128662 1.07233 128 84 58
-0.248047 -0.0706729 1.01797 146 88 67
-0.231457 0.00626424 1.08757 149 106 92
-0.0586322 0.0657672 1.16506 164 112 89
-0.0719532 -0.0886905 1.05681 146 100 81
0.512875 -0.115996 1.03169 169 98 66
0.107088 0.0219685 0.974842 104 32 18
-0.0419157 -0.130458 1.09298 86 46 34
0.0519557 0.0454335 0.94476 74 18 14
0.388044 0.0939487 1.08888 178 154 144
-0.379804 0.177545 0.927119 130 10 12
-0.212769 -0.0132132 1.08491 144 102 86
-0.204659 -0.0638356 1.00727 124 71 54
-0.172021 -0.101735 0.995621 156 106 82
-0.0479919 -0.105142 1.11635 82 38 28
0.114162 0.11385 0.960167 157 82 78
-0.0938548 0.0809707 1.12862 138 84 54
0.381857 -0.0935575 1.17349 131 92 68
-0.372768 -0.0623566 0.829723 150 122 100
0.142627 0.137023 0.976071 148 25 22
-0.417569 0.132989 0.911394 144 111 89
-0.156555 0.0572393 1.13737 98 46 29
-0.265306 0.0184609 1.08173 143 95 78
-0.30872 -0.144459 1.04851 151 101 76
0.448567 0.0491616 1.07365 164 128 112
0.396123 0.0639502 1.07837 197 173 166
-0.309827 0.0615692 1.09092 154 104 86
0.42108 0.0670857 1.06798 182 156 149
0.446902 -0.19046 1.05744 126 108 92
0.157658 0.0756545 0.952328 158 28 28
0.566926 0.0120103 1.12603 89 60 34
0.298986 -0.31448 1.02744 143 140 88
-0.191696 -0.154655 1.18036 87 47 20
-0.206998 0.0124384 1.08796 146 103 88
-0.159087 -0.180947 1.19108 135 95 66
-0.209937 0.0161156 1.07693 148 106 92
0.127671 0.0790593 0.943374 108 39 30
0.157384 0.106614 0.975218 146 74 72
-0.345555 0.142478 0.941625 148 127 112
-0.317104 -0.0750733 1.04564 100 56 40
0.345359 -0.0292205 1.13773 87 59 34
-0.145383 0.0253867 1.14175 171 120 94
0.357263 -0.312285 0.978051 128 98 70
-0.321886 -0.159322 1.03686 112 58 38
-0.220704 0.0573275 1.07312 156 110 90
0.170484 0.0904143 0.972444 146 72 64
0.059562 0.097528 0.949685 148 38 34
0.424944 -0.202099 1.03901 140 123 88
0.452336 -0.0283891 1.08399 144 114 101
0.168613 -0.246825 1.62853 96 96 56
-0.363014 -0.0500103 0.81752 164 149 127
0.371852 -0.290609 0.953479 122 44 30
0.47377 -0.132317 1.02861 15 9 12
-0.000905225 -0.131692 1.11168 98 63 32
0.31632 -0.0973031 1.12539 156 146 124
-0.400758 0.0689283 0.857344 22 17 32
-0.320231 0.00281757 0.867668 154 106 48
0.36565 -0.0372053 1.12183 125 87 67
0.387087 -0.358591 0.990027 152 134 104
0.157007 0.0698908 0.950172 154 28 28
-0.267422 0.10054 1.09152 116 70 44
-0.112422 -0.0202235 1.12945 184 138 114
-0.136037 -0.124735 1.06047 114 74 53
0.36658 -0.323705 0.990123 151 130 106
-0.375962 -0.0736559 0.820398 144 106 86
-0.174418 -0.0255189 1.07035 124 78 62
-0.420045 0.139377 0.896636 146 108 70
-0.136919 -0.0292458 1.1399 164 114 90
0.452122 -0.256936 0.881819 86 68 59
-0.0320528 -0.0618548 1.13906 164 124 107
-0.271394 -0.2414 1.01222 108 70 42
0.536776 -0.183316 1.14377 101 54 38
0.39283 -0.0212435 1.10206 112 93 78
-0.263206 -0.18036 1.03814 81 44 20
-0.272096 0.100656 1.07902 104 56 34
0.388607 -0.303158 0.955935 125 8 8
-0.295461 0.146113 0.98146 151 130 117
-0.267709 -0.125481 1.05943 137 93 74
-0.256307 0.0519224 1.08799 134 84 66
-0.195975 -0.0584665 0.988444 148 92 74
-0.336124 0.155866 0.933046 140 118 103
-0.042229 -0.120076 1.0908 56 17 10
0.0977828 0.113104 0.954491 148 73 68
0.358598 -0.294194 0.973928 134 98 78
0.433873 -0.372552 0.989525 154 136 104
0.510774 -0.011447 1.08877 162 135 116
0.421655 -0.233438 0.925078 166 140 131
0.0479247 0.104531 0.973468 156 30 28
0.431319 -0.198737 1.06505 102 98 67
-0.291609 -0.261625 1.02202 44 25 8
-0.326502 0.135569 1.00673 148 126 110
-0.392216 0.188997 0.932961 113 8 10
-0.38209 -0.0685608 0.816903 120 44 35
0.411127 -0.329254 0.996917 122 6 6
0.356746 -0.267287 0.938143 133 97 79
0.404348 -0.341053 1.0034 122 16 11
-0.336712 0.128699 0.979438 156 134 119
0.102195 -0.299601 1.69315 118 116 69
0.570192 -0.0167078 1.14881 132 114 92
0.0128253 -0.117956 1.18946 150 142 116
0.54165 0.0400755 1.10802 172 150 141
-0.0161019 -0.00352304 1.16529 148 104 84
-0.0510929 -0.117386 1.09022 132 92 74
-0.419243 0.104667 0.881298 90 21 25
-0.321494 0.0725822 1.11597 151 102 82
0.552456 0.0936049 1.14713 182 156 138
0.0999066 0.173633 1.02318 48 16 14
-0.171629 -0.0107164 1.11277 86 38 25
-0.255707 -0.11431 1.02373 96 52 28
-0.409418 -0.0573052 0.829773 126 14 14
-0.0617754 -0.188432 1.11929 151 109 86
0.414182 -0.375517 1.01539 156 143 104
0.354337 -0.271206 0.931232 140 101 80
0.0386284 0.113036 0.975637 153 52 40
-0.392037 0.0772051 0.853638 84 50 54
0.171163 0.109364 0.958138 146 92 80
0.299971 -0.0865251 1.12961 154 144 122
0.291935 -0.290009 1.03406 144 141 90
0.384639 -0.283841 0.928654 118 63 38
0.516692 0.00669203 1.12076 133 96 79
-0.00956313 -0.245643 1.10817 48 30 11
0.150518 0.0351443 0.997916 138 31 22
-0.249865 0.11943 1.09987 128 94 82
0.147792 0.062086 0.954031 146 26 22
-0.243412 -0.00227634 1.07545 144 96 80
0.339836 -0.376805 1.07239 126 94 66
-0.130387 -0.212769 1.10825 147 141 89
0.153829 0.0493071 0.966871 140 30 24
-0.292409 0.149084 0.998478 160 138 125
-0.307238 0.123799 1.0453 146 116 105
-0.180559 0.0285665 1.11123 121 75 57
0.393128 -0.369043 1.00527 153 142 96
0.563407 0.0167471 1.11917 93 59 30
-0.312294 0.15305 0.98263 148 127 114
0.401846 -0.330122 0.988252 122 10 8
-0.290572 0.14554 1.0108 158 136 122
-0.0431217 0.0860871 1.05705 139 87 60
-0.0419938 -0.155622 1.09061 132 88 70
-0.0251198 -0.020165 1.1633 157 114 92
0.366296 -0.303794 0.978618 110 36 17
-0.338138 0.0562516 0.8975 161 141 124
-0.280304 0.151069 0.955959 160 139 127
0.284741 -0.349853 1.03276 142 137 87
0.149223 -0.289407 0.989261 140 136 88
-0.299855 -0.26874 0.996248 76 60 30
-0.236713 -0.252931 1.07294 149 144 93
0.140185 -0.488726 1.50258 140 136 87
0.00408515 -0.313844 1.13522 148 144 90
0.294801 -0.362073 1.0578 143 140 86
-0.430633 0.122738 0.846596 132 42 38
0.365951 0.165832 1.11537 169 149 141
-0.133817 0.132998 1.15394 168 140 130
0.251086 -0.0745523 1.09977 154 142 120
0.199176 -0.470277 1.48003 140 138 88
0.0562602 0.0457749 0.93491 67 18 12
0.321968 -0.0793961 1.10266 124 108 81
0.373331 -0.148201 1.12031 157 123 102
-0.384387 0.14322 0.901623 148 54 24
-0.240992 -0.0968805 1.06963 132 81 52
0.152217 0.133395 0.962874 155 27 26
-0.38003 0.133753 0.910305 145 94 36
-0.368004 0.115937 0.913017 150 121 94
0.39577 -0.0963512 1.03862 132 118 95
0.35477 -0.0950473 1.12891 135 104 76
-0.203745 0.0800448 1.07822 106 60 46
-0.354844 -0.0446632 0.804139 161 147 127
-0.455339 0.0425964 0.804007 162 110 39
-0.311328 -0.0311826 0.927538 146 83 70
-0.12448 -0.0592557 1.06209 128 76 52
0.478764 0.109508 1.1128 177 150 144
-0.267808 -0.251902 1.06813 152 146 91
0.466752 -0.101101 1.03448 56 40 44
-0.0392532 -0.189428 1.10561 110 64 47
-0.144978 0.0651386 1.11777 103 50 28
-0.361767 0.0382859 0.853343 124 14 14
0.425061 -0.160359 1.00305 95 84 67
-0.416087 0.119871 0.906102 124 28 26
-0.0978975 -0.0843531 1.02562 136 85 68
-0.340661 0.0921613 0.911076 162 139 123
-0.145799 -0.10284 0.983984 153 104 80
0.41258 -0.0984338 1.04978 62 48 27
0.3818 -0.0625921 1.17845 85 64 52
0.457072 0.116819 1.11588 105 86 83
-0.380425 -0.0923447 0.819731 162 149 126
0.345198 -0.25823 0.925384 158 130 119
0.419417 -0.172615 1.01231 114 111 82
0.444694 -0.102861 1.05146 158 116 94
0.447247 0.0571864 1.06768 182 158 149
0.370876 -0.185611 1.11543 150 116 85
0.515973 -0.0154571 1.10523 151 124 106
0.116526 0.155778 1.01732 149 40 38
-0.257511 -0.174081 1.02092 78 38 20
0.421433 -0.147819 1.00114 154 126 112
0.317593 -0.368567 1.08919 144 141 90
-0.298092 -0.235388 0.985646 100 62 45
-0.318524 -0.00389518 0.891504 146 54 37
-0.28962 -0.0367419 0.926319 160 136 112
-0.16491 -0.0551796 0.995745 104 56 35
-0.137373 -0.139426 1.10388 126 84 56
0.0736323 0.145796 1.01015 145 28 28
-0.221325 0.0160757 1.07678 153 112 98
-0.2415 -0.169992 1.06322 132 96 68
0.331936 -0.0487655 1.13768 104 68 44
-0.259587 -0.138726 1.0292 152 108 89
-0.0605124 -0.112929 1.09357 146 108 88
-0.206154 0.0787841 1.10614 110 63 41
-0.298365 -0.178957 1.02745 126 66 46
-0.109769 -0.11953 1.06801 88 44 22
0.267426 -0.283544 1.6511 120 118 72
0.371194 -0.0497248 1.16356 138 104 85
0.0950642 0.0609299 0.955977 141 26 22
-0.389975 -0.0778008 0.82155 141 87 72
-0.333435 0.0815912 0.912321 162 138 122
-0.305517 0.0107563 1.09905 186 139 117
0.137447 0.106058 0.95445 112 96 94
-0.352939 -0.0540344 0.843301 162 148 126
0.48707 -0.0336547 1.11132 147 118 104
-0.130948 -0.0885512 1.01027 82 30 16
0.0831392 0.0602088 0.934094 140 26 20
0.457886 -0.235437 0.987324 156 132 123
0.41634 0.0273206 1.04552 120 74 48
0.239791 -0.259244 1.68576 104 102 62
-0.350671 -0.190087 1.04072 56 26 16
-0.44401 0.0552071 0.813569 148 97 40
-0.379331 0.152569 0.943203 142 84 60
0.315938 0.0772235 1.15202 120 100 84
0.513864 -0.207511 0.954858 160 143 121
0.425292 -0.360342 1.00353 140 81 63
0.55807 -0.227091 0.989559 154 138 124
-0.231061 -0.160266 1.09626 128 86 62
0.404047 -0.0876918 1.0523 112 92 68
0.434979 0.0478907 1.05894 168 130 112
-0.239064 -0.0497264 1.00975 130 74 54
-0.0226062 -0.113055 1.12157 93 49 26
-0.157495 -0.00337128 1.14421 130 78 57
-0.337719 0.164072 0.91636 135 111 98
0.38666 -0.0370107 1.08304 128 101 82
-0.144203 0.0810414 1.12149 104 54 27
0.417983 0.111959 1.1043 178 152 146
-0.340625 -0.115354 1.04426 72 32 20
-0.125225 -0.0523915 1.11875 148 96 76
-0.0344103 0.0742289 1.09282 128 78 52
-0.205307 -0.0669655 0.973823 163 106 84
0.386061 -0.0865407 1.19954 134 96 72
0.136253 -0.269239 1.6255 108 106 67
0.118542 0.10123 0.939034 106 67 56
-0.14355 -0.0903266 1.01918 116 66 40
0.18751 -0.294096 1.61569 116 115 72
-0.323057 -0.0881659 1.05691 97 58 44
-0.332651 0.146008 1.00984 147 126 111
-0.388459 0.148223 0.932406 120 14 10
-0.0193019 -0.291684 1.11368 48 32 10
-0.291849 0.0168557 1.07838 171 124 104
-0.393665 0.0315183 0.859518 104 40 40
-0.390548 -0.040683 0.820998 134 80 78
-0.173061 0.0829063 1.11484 89 46 31
-0.0344545 -0.0951891 1.12538 134 92 76
-0.00595449 0.069786 1.03071 110 70 42
0.143648 0.0773354 0.952177 154 24 24
-0.0328641 -0.120741 1.11821 74 32 22
-0.168527 0.0536399 1.12279 90 43 28
-0.397425 -0.0985737 0.801993 162 148 126
-0.280138 -0.185596 1.04011 85 44 33
0.221157 -0.250544 1.64668 101 102 60
0.52017 0.00497416 1.1075 146 112 96
-0.409408 -0.0701616 0.84626 118 18 14
0.139135 0.149766 0.976625 120 32 26
-0.176334 -0.040805 1.03327 130 84 68
-0.317721 -0.24761 0.996099 71 40 23
-0.356992 0.00900966 0.844608 124 23 22
-0.331464 0.0822989 0.89932 162 140 122
-0.311406 -0.254866 1.00145 50 28 15
0.483196 0.0793808 1.07908 180 158 150
-0.318305 0.00141738 0.893902 138 34 21
0.514131 -0.212535 0.955432 162 136 120
-0.18916 0.0474409 1.10453 130 82 68
-0.171045 -0.035715 1.16107 54 16 7
-0.00341927 -0.0964982 1.21467 144 124 96
-0.246466 0.0748795 1.04163 111 60 38
-0.138176 -0.079732 1.00225 82 28 13
-0.393189 -0.0417035 0.810239 126 24 26
-0.367505 0.0936768 0.882257 89 28 26
-0.340505 -0.0210735 0.884032 153 124 84
-0.333336 0.0681151 0.903662 162 142 124
0.142757 -0.292148 1.64493 110 109 65
-0.25828 -0.111011 1.05446 104 60 36
-0.370603 -0.0436209 0.807855 118 18 18
-0.14812 0.0273877 1.12466 146 94 72
-0.398874 -0.000921958 0.838972 113 10 13
-0.314375 0.125628 1.00979 152 128 114
-0.160847 0.0931551 1.14307 124 90 80
-0.383022 -0.051053 0.834228 118 35 26
-0.269294 0.0051263 1.04063 160 112 94
-0.0375105 -0.186187 1.11698 104 56 42
0.516813 -0.0224124 1.0915 131 106 85
0.25163 -0.241178 1.66936 93 92 53
0.386684 -0.261417 0.915431 164 135 124
0.11481 0.0377484 0.973436 131 27 20
-0.242777 -0.203047 1.04884 146 142 89
0.360436 -0.276154 0.937619 118 70 45
-0.271887 0.00752522 1.08338 148 98 82
0.443068 -0.236205 0.970308 154 126 115
-0.32856 -0.0246738 0.91191 134 36 20
0.26687 -0.242656 1.66622 96 95 54
-0.016712 -0.01893 1.16173 161 114 94
0.386372 -0.0551493 1.08233 104 80 52
0.424608 -0.194334 1.06161 156 152 98
-0.0162589 0.0146758 1.16188 136 90 74
-0.192667 0.0175357 1.12945 142 97 81
0.178576 -0.259695 1.63176 108 106 66
0.312125 -0.0871476 1.10365 157 146 123
0.126462 -0.307987 1.63118 118 116 72
-0.114557 -0.155293 1.13215 176 127 98
0.131051 -0.293928 1.70844 116 114 72
0.153836 -0.272529 1.65374 106 104 62
-0.053069 0.039163 1.13072 168 120 96
-0.336865 0.03718 0.87251 162 144 126
-0.0645594 -0.077489 1.12527 160 120 105
0.380197 0.00583615 1.08372 100 57 30
0.309657 0.0778289 1.1615 131 112 95
-0.401415 0.10068 0.875926 60 27 33
0.20078 -0.301835 1.61669 118 118 72
-0.0437741 -0.208665 1.12324 86 37 24
-0.1751 -0.0258689 1.13593 70 28 16
-0.329624 0.17448 0.937775 142 120 106
-0.319379 -0.139175 1.05697 159 108 82
-0.129122 -0.193059 1.14023 134 94 61
0.372421 -0.0111442 1.12058 116 82 61
0.183517 0.11599 1.00343 150 130 117
0.166199 -0.279197 1.65591 108 106 66
-0.168952 0.00338117 1.15715 87 36 20
-0.340392 -0.00915022 0.895068 156 112 50
-0.260387 -0.0437571 1.02892 119 70 44
-0.309855 0.129646 0.980604 152 128 114
-0.337268 0.0784158 1.05859 146 98 70
-0.35362 -0.250021 1.02134 124 82 57
-0.108119 -0.309202 1.09369 66 44 17
0.17653 -0.231621 1.61089 91 90 50
-0.180793 -0.0144932 1.15959 84 36 24
0.242633 -0.216358 1.66762 78 78 40
-0.2214 0.0714248 1.09237 128 78 49
0.149603 -0.30669 1.64403 114 113 70
0.142542 0.0546998 0.963861 144 28 22
-0.412502 -0.0808541 0.810953 31 25 51
-0.231968 -0.191851 1.12773 128 114 70
-0.283638 0.0517055 1.05493 136 84 66
0.220993 -0.312433 1.67652 120 118 74
0.265935 -0.221476 1.63089 88 88 48
0.412439 -0.342274 0.995807 122 18 12
0.306485 -0.319185 1.63074 120 118 75
-0.363791 0.197898 0.9241 132 11 14
0.282955 0.0120058 1.21144 140 129 101
0.878397 -0.208172 1.59531 106 95 60
0.183662 -0.323933 1.64521 122 122 76
-0.024942 -0.0173345 1.14329 142 100 79
0.908638 -0.20839 1.61096 130 128 82
-0.2663 -0.267112 1.09219 150 146 91
-0.00551129 -0.00835976 1.16725 175 129 108
-0.153846 -0.195981 1.20826 126 98 64
0.241056 -0.222111 1.66944 82 82 44
-0.240307 -0.229584 1.05304 150 146 94
0.354435 -0.379762 1.02985 149 137 105
0.239093 0.0342235 1.1961 145 130 106
0.117743 0.173632 1.00115 126 84 82
-0.343995 -0.251259 0.997607 62 30 14
-0.137859 -0.258268 1.147 160 127 89
-0.327707 -0.276361 1.05497 50 30 15
0.287443 -0.330405 1.04387 142 139 87
-0.348016 -0.0662519 0.920992 160 147 126
-0.115916 -0.290301 1.08381 58 28 15
-0.148315 -0.220641 1.14548 148 142 90
0.0124619 -0.0459204 1.17917 149 114 85
0.160888 -0.105085 1.14521 141 134 109
0.4334 0.176009 1.11989 166 142 134
-0.217609 -0.258557 1.18125 150 146 94
0.184228 -0.0443641 1.29226 153 141 118
0.490431 -0.192602 1.05158 131 108 95
0.443021 -0.242988 0.919288 122 95 84
0.407619 -0.193228 1.08553 159 155 102
0.522711 -0.157304 1.14567 93 38 30
0.378097 -0.263778 0.911612 138 96 73
0.507993 0.0447512 1.07219 180 160 156
0.336733 -0.06928 1.10964 140 113 97
0.457279 -0.118295 1.03326 13 10 10
0.496189 -0.180717 1.07953 136 30 17
0.460091 -0.209097 0.923271 126 88 69
-0.243875 -0.196516 1.0488 132 111 69
0.360599 -0.21746 1.14174 156 154 100
0.381736 -0.204171 0.976023 160 158 104
0.485951 -0.118396 1.05361 14 11 16
-0.0065586 0.0572142 1.21835 126 86 64
0.127812 0.0721137 0.935619 78 30 18
0.393934 -0.100428 1.04505 162 153 130
0.420761 -0.218895 0.926645 166 140 130
-0.360401 -0.0294106 0.808768 126 56 41
-0.316883 -0.211374 0.99681 76 33 23
-0.0948064 -0.137139 1.08136 146 98 76
0.030592 0.0816349 0.980824 158 134 120
0.386236 -0.091772 1.03872 142 131 104
0.46594 -0.185039 1.03359 140 66 44
-0.301131 -0.0619923 1.08566 135 88 68
0.536051 0.0424467 1.10484 179 154 148
0.0418735 0.151038 0.980322 146 103 91
-0.405159 0.0610758 0.825374 80 66 68
0.415358 -0.0411108 1.06268 26 14 9
0.53112 7.61907e-05 1.10209 142 108 90
-0.16116 0.0674113 1.1745 87 38 22
0.0188087 0.0476448 1.17207 146 98 73
0.346336 -0.211332 1.02574 156 152 100
0.432277 -0.256144 0.892724 163 136 124
0.388444 -0.0989977 1.04016 164 154 130
-0.311243 0.0293847 1.08743 174 126 105
0.390479 -0.121462 1.16744 151 114 96
0.327245 -0.100245 1.08926 164 148 124
0.0322779 0.0754831 0.966911 162 135 124
-0.31827 -0.108052 1.08101 169 122 100
0.438816 -0.0479442 1.0475 128 94 74
0.509356 0.0633793 1.08801 179 160 152
-0.252073 -0.234461 1.03317 151 146 91
-0.39362 -0.10696 0.793476 132 121 108
0.10502 0.100621 0.947192 142 32 30
0.45735 -0.211755 0.929181 134 96 80
-0.163371 -0.134422 1.07749 106 68 34
0.369844 -0.0935443 1.15433 143 114 83
0.371346 -0.358711 1.09399 110 79 50
0.520904 -0.138336 1.07321 140 90 66
0.16223 -0.264278 1.63991 104 102 62
0.0577906 0.016277 0.972746 132 33 20
-0.201404 -0.143951 1.13993 90 52 18
-0.0247033 -0.153761 1.11958 76 35 22
0.309202 -0.0634459 1.12979 153 142 119
0.43193 -0.280073 0.906093 120 72 43
0.429207 -0.106876 1.26794 108 78 52
0.0129608 0.0841993 0.997882 164 137 124
-0.409745 0.159179 0.925949 83 14 10
-0.372005 0.179602 0.927205 132 12 15
0.311916 0.0238659 1.09616 96 79 61
0.341596 0.0541783 1.10674 102 33 36
0.386646 -0.040962 1.14601 110 74 52
0.00520277 0.0208172 1.16777 174 128 106
0.38179 -0.0771244 1.18483 98 70 54
-0.0688129 -0.251951 1.06627 172 102 80
0.425488 -0.0853846 1.22611 107 93 60
0.352381 -0.217016 0.97476 108 51 20
-0.388613 0.104901 0.93127 98 13 8
0.429186 -0.0994558 1.05391 188 119 81
0.151563 0.10099 0.969229 156 126 124
0.158958 0.0613569 0.94403 148 26 22
0.414118 -0.0629804 1.04463 168 100 64
-0.229626 -0.170106 1.05533 120 82 55
0.535558 -0.00937913 1.09293 156 137 124
0.108028 0.020394 0.932018 108 46 28
-0.278361 0.00245731 1.10182 148 100 82
0.388068 -0.0554909 1.1626 140 112 94
-0.115888 0.0390971 1.14268 202 157 133
0.0318319 -0.201198 1.63991 152 142 118
0.0448169 -0.015189 1.22193 147 120 92
-0.36744 -0.0724805 0.860447 163 148 126
0.373384 -0.170911 1.10367 158 122 102
0.518691 -0.0374839 1.09281 82 60 44
0.539384 -0.163622 1.06251 100 74 67
0.437868 0.0890076 1.09785 122 34 40
-0.101989 -0.0727579 1.06045 118 67 47
0.423385 -0.176289 1.00959 88 84 70
0.461463 -0.400562 0.971977 96 54 19
0.529988 0.0845962 1.1584 178 158 152
-0.30382 -0.107891 1.04772 173 126 104
0.415782 0.0803741 1.10659 180 156 148
0.383436 -0.205811 0.960033 160 157 103
-0.431979 0.0439074 0.780043 156 106 42
0.254947 -0.300774 1.62988 126 124 76
-0.295234 0.113273 1.06495 117 72 50
0.443555 -0.14814 1.04753 160 128 116
0.312053 0.0233308 1.11953 128 104 84
0.203579 0.0871681 1.02084 141 124 110
0.440444 -0.166691 1.00815 130 64 52
0.06291 0.122741 0.942504 150 36 30
0.120677 -0.204528 1.69663 140 131 108
-0.222889 0.00689247 1.08532 156 116 105
0.472874 -0.364265 0.987439 130 8 8
-0.324881 -0.0998713 1.04789 84 44 34
0.408501 -0.0371479 1.0795 158 132 119
0.310172 -0.0464678 1.18926 152 142 116
-0.240503 -0.205905 1.03819 148 144 89
0.569454 -0.0236155 1.14406 130 108 88
0.458661 -0.0383859 1.07837 154 122 101
-0.128051 -0.198492 1.22225 171 122 90
0.320124 -0.229819 1.01736 156 154 100
-0.459505 0.03151 0.804339 166 112 44
-0.338066 -0.111508 1.0115 56 24 14
-0.403014 -0.0375593 0.786487 130 8 10
0.359664 0.0958468 1.09526 154 119 101
0.309997 -0.0142266 1.2501 140 132 102
-0.446404 0.0534737 0.788734 164 113 44
-0.195829 -0.145875 1.06969 130 88 64
0.523256 0.0834845 1.09728 178 157 150
0.494872 0.0299277 1.05868 98 53 28
0.4703 -0.370488 1.00574 129 6 8
-0.0098884 -0.250553 1.09865 51 32 18
0.0274 0.0905708 0.999422 103 78 67
0.0865326 0.13276 0.958529 158 26 26
-0.4062 0.139748 0.918564 90 25 14
-0.132851 -0.0915704 0.989609 107 58 38
0.339134 -0.14269 1.02337 139 106 88
-0.247964 -0.227953 1.04776 151 146 91
-0.277461 -0.26125 1.05061 150 144 92
-0.00290172 -0.249915 1.05903 64 54 20
-0.403735 0.100446 0.868259 117 24 28
0.40907 -0.116001 1.13366 88 66 36
0.530439 -0.199557 1.10825 136 109 96
0.402524 -0.236121 1.12177 138 64 32
0.400691 -0.259462 0.902639 168 141 130
0.0394469 0.106545 1.01504 140 52 42
-0.330978 -0.134712 1.04016 44 12 8
-0.438138 0.0480935 0.810636 149 100 34
0.371625 -0.270736 1.58591 123 122 76
0.463495 -0.0339472 1.08988 145 114 92
0.425508 -0.172552 1.0362 77 80 64
-0.200873 -0.149056 1.13746 95 58 22
-0.252997 0.0700265 1.08672 120 68 48
-0.32009 -0.0453923 1.11941 170 122 98
-0.146681 -0.00738083 1.15373 148 95 76
-0.361459 -0.222075 1.03109 95 60 46
0.453967 -0.110653 1.05269 68 50 39
0.494932 -0.46385 1.10571 156 151 96
-0.369923 -0.161803 1.10251 64 26 18
-0.376541 -0.0107787 0.811737 116 11 14
-0.326076 -0.116869 1.0511 148 99 76
0.0511575 0.100062 0.941554 163 29 28
-0.312096 -0.263239 1.03269 50 29 16
0.409429 -0.17521 1.07232 156 154 102
-0.168873 0.0550447 1.10219 85 39 26
0.408454 -0.272156 0.904425 161 132 121
0.318063 0.0137808 1.10025 167 142 128
-0.279883 0.0784466 1.07359 120 70 50
0.41545 -0.203948 0.946957 144 114 102
-0.360563 -0.0740761 0.838811 162 148 125
0.000831461 -0.0880346 1.19262 142 115 86
-0.339209 -0.047674 0.790399 162 148 126
-0.261244 0.0106113 1.10404 140 92 76
-0.113163 -0.0116099 1.11277 196 152 129
0.00483599 -0.135387 1.24012 150 136 110
-0.0679281 0.0180537 1.23391 179 132 109
-0.327963 -0.263047 1.05381 57 34 20
0.412179 -0.21768 0.923016 166 140 130
-0.165038 0.0892884 1.09979 130 100 94
-0.104018 -0.0022245 1.05481 194 149 125
-0.312545 0.0240235 1.09376 176 129 106
0.247887 -0.25741 1.63891 104 103 62
-0.0224722 -0.111346 1.18966 112 70 51
0.297066 0.0175903 1.20335 134 122 95
0.328317 -0.217936 1.70437 82 82 42
-0.405814 0.143439 0.917697 101 38 32
0.285728 0.0634317 1.10514 132 113 94
0.0338037 -0.0316894 1.17729 144 116 86
0.473439 -0.186153 0.93652 63 28 20
0.405034 -0.218752 0.914272 168 140 131
0.44871 0.0153432 1.04469 124 80 56
-0.320545 0.154924 0.941536 142 124 110
-0.419578 0.0836005 0.900642 106 74 76
-0.362964 -0.0786705 0.771612 150 124 102
-0.285958 -0.0148043 1.0994 180 132 109
-0.320985 -0.143716 1.08812 161 112 86
0.515102 0.0978925 1.11098 176 154 148
0.433791 -0.214123 1.70058 102 104 64
-0.267862 -0.252656 1.05129 150 146 94
0.362858 -0.221694 1.19053 155 152 100
0.438891 -0.204031 0.934081 136 100 82
0.41649 -0.0913079 1.27244 164 131 104
-0.34946 -0.251794 1.04262 90 49 32
0.460108 -0.0859611 1.0592 175 132 110
-0.339987 0.192504 0.94767 140 116 106
-0.400755 0.175084 0.906197 107 10 12
0.353153 -0.110021 1.12509 152 122 98
-0.400679 0.127786 0.891109 154 132 120
-0.00245015 -0.254889 1.12664 106 98 59
0.151524 -0.239856 1.7341 84 84 46
0.0261076 0.0810777 0.984733 162 138 122
-0.323965 0.0236978 1.03255 168 118 94
-0.069289 0.0518201 1.07983 192 146 118
0.193538 -0.28048 1.63456 114 112 72
0.485323 -0.258646 0.900715 164 142 136
-0.062126 -0.243097 1.1345 114 62 49
-0.278693 -0.025697 1.07476 182 134 110
-0.404623 0.200927 0.932028 129 14 16
-0.365374 0.0489905 0.855305 126 14 17
0.183437 -0.24735 1.67336 93 92 52
-0.378958 0.0412203 0.842312 20 16 26
-0.345951 0.0334842 1.03254 155 104 78
0.424789 0.11104 1.06672 175 152 146
0.416473 -0.313879 1.77475 126 125 80
0.495527 -0.217868 1.06181 145 120 110
0.504038 -0.158022 1.10032 152 57 34
-0.217807 0.0104203 1.10427 152 113 101
0.441645 -0.257708 1.79526 118 118 72
0.508597 -0.15066 1.06462 122 70 46
0.0174295 -0.182402 1.06303 80 60 24
-0.37429 -0.0678051 0.836387 163 147 126
-0.312746 0.0183411 1.09444 188 142 118
-0.351014 -0.0164769 0.829947 130 87 32
0.383544 -0.00917515 1.10297 141 113 96
0.328556 -0.318484 1.78083 116 116 72
-0.273814 -0.00317634 1.08444 147 99 82
0.464081 -0.298519 0.943347 119 59 38
0.501085 0.0497755 1.08103 176 157 151
0.37325 0.0345365 1.07027 178 150 140
0.577245 -0.0696714 1.19928 143 100 77
0.123261 0.0860023 0.938451 93 86 70
0.315814 -0.333333 1.04685 150 144 90
-0.325609 -0.160943 1.03133 40 12 6
0.0537365 0.00517751 1.22366 144 113 82
-0.197674 0.0689802 1.06564 150 102 82
-0.110546 -0.228476 1.08641 154 124 84
0.20364 -0.205039 1.6835 135 128 102
0.280553 -0.305035 1.66527 123 122 77
0.3094 -0.0645151 1.26475 154 144 119
0.296297 -0.338226 1.49133 125 124 78
-0.236727 -0.105283 1.03257 102 61 37
-0.412746 0.190395 0.932837 126 12 12
0.189707 -0.22862 1.69126 81 82 43
-0.432795 0.038438 0.80221 146 74 24
0.373997 0.106802 1.11499 121 78 58
-0.380569 0.174961 0.912973 130 10 12
0.487005 -0.389421 1.01111 129 10 10
-0.35978 -0.243548 1.04831 122 80 56
0.357544 0.0296487 1.0526 178 150 142
-0.363943 -0.075809 0.838573 162 148 124
0.555619 -0.0165261 1.14061 134 94 75
-0.201996 -0.162963 1.11066 130 93 64
0.429906 -0.366756 1.02418 137 92 66
-0.227676 -0.00804049 1.07888 152 112 100
-0.307841 0.170295 0.956313 156 136 126
0.0216131 -0.0524368 1.17525 146 118 88
-0.0028948 -0.243496 1.10877 148 142 95
-0.20464 0.0353787 1.09839 151 108 92
0.288506 -0.304454 1.02477 147 144 90
-0.338214 0.149567 0.990433 144 124 110
-0.382112 -0.223906 1.10963 70 38 27
0.331287 -0.24705 1.08858 152 150 98
-0.33068 0.0688734 1.06521 169 122 98
0.432211 -0.00461296 1.08617 132 104 90
0.412942 -0.249837 1.64473 128 126 82
0.396364 -0.349517 0.92771 156 138 109
0.385267 -0.251897 1.61208 118 118 72
0.350373 -0.194 1.66669 138 130 108
-0.283185 -0.0183548 1.04377 194 150 129
0.288693 -0.211184 1.65071 80 82 41
0.0152592 0.108404 0.93721 158 132 116
0.196086 -0.285058 1.6205 115 113 72
0.260286 -0.480074 1.43724 140 136 84
-0.351216 0.0719307 0.890722 167 140 125
0.360546 -0.191095 1.6543 140 132 110
0.322227 -0.38033 1.16009 143 141 88
-0.279352 -0.00705844 1.14178 144 96 79
0.542613 -0.161749 1.12745 128 76 50
-0.42762 0.0925345 0.869902 124 16 20
0.13712 -0.323837 1.6123 124 122 78
0.097693 -0.1825 1.58882 142 134 110
-0.217981 0.026897 1.12205 154 114 104
0.359062 -0.259571 1.55814 116 116 72
-0.269538 0.0226468 1.14037 144 96 78
0.376495 -0.373221 1.06627 140 120 106
-0.370514 -0.201601 1.05245 83 46 33
0.193142 0.016921 1.15115 162 145 122
-0.324035 0.00944185 1.13274 192 146 123
-0.353748 -0.0880824 0.825904 162 148 126
0.462071 -0.354856 0.955007 126 7 7
-0.168726 -0.00637278 1.1579 83 33 16
-0.408484 0.10619 0.860439 126 16 16
-0.420466 0.101534 0.878425 121 16 19
-0.350568 -0.0321385 0.911489 160 144 124
0.286017 0.0727092 1.10612 141 121 104
-0.429775 -0.00159001 0.799948 152 52 44
0.393898 -0.202137 1.62028 94 96 52
-0.457685 0.0508502 0.786933 149 100 39
0.356835 -0.231773 1.13093 156 152 98
0.286227 -0.298296 1.01614 148 144 90
0.0168699 -0.0621005 1.19536 144 116 87
0.477723 -0.262827 1.84336 126 124 81
0.332827 -0.200776 1.70937 138 128 108
0.232465 0.127366 1.10088 154 136 124
-0.222689 -0.201443 1.10465 142 138 87
0.323537 0.0914226 1.11031 153 130 120
-0.360862 -0.0540707 1.04149 158 144 122
-0.589155 -0.289236 1.38288 152 146 96
-0.143198 -0.217021 1.22728 146 135 85
0.237732 0.0157872 1.23817 150 137 112
0.276788 -0.120968 1.21357 154 144 122
0.202318 -0.502313 1.51325 140 138 88
0.264048 -0.022174 1.2586 152 142 117
0.300336 -0.0503384 1.38814 154 144 120
0.406258 -0.524421 1.68575 140 138 84
0.379938 -0.45895 1.56984 142 138 88
0.242739 0.026904 1.117 142 128 102
0.364483 -0.458391 1.43954 141 138 87
0.470644 -0.48751 1.31251 158 152 100
0.503084 -0.365016 0.989673 15 11 10
0.340735 0.118413 1.11418 170 150 140
0.287222 -0.0532976 1.55818 154 144 120
-0.212595 -0.249924 1.06993 150 146 92
-0.119714 -0.373917 1.23047 150 144 93
-0.386814 -0.247028 1.05058 68 36 17
0.503924 -0.365782 0.949992 155 150 98
0.265642 -0.138472 1.49489 144 136 112
-0.370976 -0.257259 1.0299 70 38 18
0.163833 -0.465776 1.40266 140 136 87
-0.132438 -0.258422 1.06551 148 145 91
0.104676 -0.435012 1.35745 141 138 87
-0.142309 -0.254328 1.05399 150 146 92
0.161376 -0.471305 1.36801 142 138 89
0.296277 -0.349346 1.1063 143 141 88
-0.2796 0.191931 1.01216 164 140 132
0.334219 -0.159626 1.58315 146 138 115
0.211461 -0.500701 1.39045 142 138 88
-0.030946 -0.31938 1.04825 148 146 94
0.170535 -0.126381 1.29888 143 136 111
-0.138392 -0.293965 1.11846 149 146 94
0.46816 0.0347486 0.877826 102 67 46
-0.167412 -0.263757 1.08793 148 145 93
-0.291988 -0.286147 0.892761 149 144 90
-0.473182 0.209933 0.973148 150 23 19
-0.512007 -0.458784 1.31566 146 142 86
-0.00379359 -0.507903 1.47878 148 144 90
-0.302343 0.337117 1.27445 164 144 136
0.354172 0.238152 1.15548 166 147 138
0.834466 0.702606 2.11518 164 146 137
0.139655 0.265712 1.07265 167 143 139
0.378559 0.236011 1.13939 164 146 138
-0.184625 -0.156014 1.1842 72 30 16
-0.204607 0.0214507 1.08532 148 106 90
-0.0917113 -0.14615 1.08169 170 122 98
-0.285488 -0.151136 1.04225 148 101 80
-0.0844684 0.0449793 1.13959 180 130 110
-0.357698 0.0343206 0.862134 146 78 72
-0.256808 -0.140846 1.04768 151 110 92
-0.284464 -0.180941 1.0053 140 80 60
0.00813937 -0.138711 1.12065 134 110 88
-0.0958116 -0.126975 1.07078 144 100 76
-0.371985 0.12507 0.935235 153 122 100
-0.153878 0.0482567 1.15613 143 92 74
-0.0211794 -0.104734 1.135 108 68 49
-0.169146 0.0724809 1.1165 76 33 22
-0.256153 -0.182815 1.04118 112 80 44
-0.262984 -0.181969 1.03344 96 57 32
-0.364177 0.0423639 0.85828 126 16 18
-0.336722 -0.0786316 1.06638 73 30 19
-0.21844 -0.0474211 1.03698 160 107 90
-0.297554 -0.0525291 1.05523 138 92 72
-0.350085 -0.199101 1.02602 44 18 10
-0.239991 0.0423536 1.09225 151 104 86
-0.224181 -0.0645108 0.995935 180 122 101
-0.00479175 -0.131907 1.11952 98 62 38
-0.31011 0.105389 1.1011 104 57 32
-0.145308 -0.103132 0.979329 162 112 90
-0.133799 0.0496541 1.13845 181 131 108
-0.171025 0.0674051 1.11353 76 31 19
-0.280204 -0.0298588 0.92462 176 142 116
-0.245129 0.0552392 1.09686 148 99 80
-0.185946 -0.0769929 0.980906 98 51 32
-0.149199 0.0564883 1.14301 144 90 70
-0.117912 0.0387546 1.14818 197 152 128
-0.167169 -0.0446121 1.16038 94 50 30
-0.0328573 -0.197055 1.11324 96 48 33
0.0157253 -0.169083 1.1175 115 93 56
-0.0343095 -0.189939 1.10121 104 57 38
-0.0846796 0.0816762 1.12997 112 60 30
-0.268865 0.0395797 1.0873 138 89 72
-0.154281 0.0522551 1.15971 135 84 66
-0.349394 -0.157 1.04692 46 18 10
-0.237422 -0.177059 1.06773 136 101 72
-0.266924 -0.225094 1.01289 152 98 76
-0.290917 -0.0116865 0.927987 169 134 109
-0.350312 -0.139042 1.04757 38 12 6
-0.209566 0.0930996 1.0975 70 26 18
-0.0161639 -0.123999 1.12243 59 30 16
-0.109038 -0.098567 1.02411 148 94 82
-0.326974 -0.135479 1.04235 101 57 42
-0.335635 -0.0242862 0.896152 144 109 74
-0.200668 -0.0659858 1.00116 172 118 102
-0.122861 -0.105944 1.00954 128 86 66
-0.201459 -0.163672 1.1473 162 151 122
-0.142849 0.0461093 1.1496 176 124 102
-0.231125 -0.0203909 1.08125 145 106 96
-0.154487 0.0250854 1.1556 152 100 79
-0.264471 -0.0988066 1.02527 114 72 46
-0.115214 -0.10976 1.02042 84 46 28
-0.287397 -0.154463 1.04064 143 94 72
-0.159234 0.04776 1.13714 116 66 48
-0.224707 -0.0490279 1.01454 170 111 92
-0.336452 0.0909165 0.909509 160 138 122
-0.331375 -0.133474 1.03624 68 28 15
-0.271161 -0.185525 1.01568 124 76 56
-0.277834 -0.0250649 0.926212 179 138 114
-0.287156 -0.262704 1.02987 99 84 52
-0.161861 -0.0915228 0.995614 144 96 76
-0.357817 0.0197831 0.863773 132 54 26
-0.150794 0.0869267 1.11735 88 40 21
-0.331723 0.178816 0.941536 142 118 107
-0.312262 -0.121022 1.04533 166 119 95
-0.211042 0.0995074 1.09258 80 36 24
-0.0664434 -0.252735 1.07079 162 102 79
-0.0105809 -0.00858829 1.15843 170 124 105
-0.0255435 -0.045826 1.14357 167 124 107
-0.364309 -0.160866 1.02763 58 24 13
-0.265843 0.0501337 1.08578 130 80 64
-0.308806 -0.144677 1.04085 146 94 70
-0.191534 -0.0558002 0.997855 167 111 92
-0.227595 0.0949774 1.09873 112 62 41
-0.0577432 -0.113992 1.08186 144 104 86
-0.335249 0.09674 0.911255 160 137 122
-0.196516 0.104092 1.10311 78 40 29
-0.337726 0.00309072 0.864055 153 110 52
-0.0333621 -0.0973435 1.1303 106 65 45
-0.30144 0.00106598 0.904682 137 47 42
-0.202467 0.0718073 1.08982 113 66 44
-0.251872 0.0185534 1.08208 142 94 77
-0.139109 -0.0182831 1.15301 164 116 95
-0.288539 -0.261178 1.01968 62 45 18
-0.225297 -0.00484903 1.08827 149 110 100
-0.302996 -0.163672 1.02253 130 78 52
-0.296072 0.104004 1.08798 104 56 32
-0.292566 -0.144088 1.04363 138 88 66
-0.259198 -0.145803 1.04481 152 108 90
-0.242035 -0.027654 1.0742 136 93 80
-0.27913 -0.0116196 0.930408 178 132 107
-0.333956 -0.13788 1.03442 54 18 12
-0.122453 -0.091888 1.02052 120 72 52
-0.0739573 -0.220122 1.09106 116 62 43
-0.0748916 -0.212013 1.07874 112 60 38
-0.305624 -0.0894087 1.05604 152 106 84
-0.319979 -0.119881 1.04483 162 112 88
-0.770628 -0.239289 1.46832 124 118 74
-0.278251 -0.0178117 0.929758 179 134 109
-0.25155 -0.00938314 1.08024 140 94 79
-0.264895 -0.148311 1.03792 160 114 95
-0.221981 -0.0597655 0.994129 180 119 100
-0.356659 -0.0666689 0.829207 161 146 124
-0.379731 0.0742548 0.850987 122 66 72
-0.278593 -0.259621 1.03027 152 145 94
-0.153465 0.039513 1.1498 152 99 78
-0.762525 -0.227478 1.47417 146 138 104
-0.777411 -0.232814 1.52109 146 136 106
-0.280863 -0.15436 1.04201 146 98 77
-0.317419 -0.142389 1.02325 105 50 29
-0.233686 0.0576772 1.08673 154 106 90
-0.239333 0.00141171 1.0815 144 99 86
-0.32271 0.103036 1.10494 116 66 41
-0.0128491 -0.126094 1.1106 80 44 24
-0.335261 0.0787931 0.896703 157 132 117
-0.320034 -0.100624 1.04597 146 98 74
-0.247067 0.0945339 1.09847 112 62 34
-0.247337 -0.0890201 1.0088 87 46 23
-0.21832 0.0886191 1.09357 106 59 40
-0.285024 -0.207186 1.00638 176 115 94
-0.259612 0.100419 1.09569 118 68 45
-0.0410218 -0.10592 1.10927 64 22 12
-0.180543 0.0535845 1.11367 110 62 46
-0.174389 -0.192507 1.16671 136 133 84
-0.080204 -0.162301 1.09764 170 125 102
-0.0941065 0.0220904 1.14338 192 144 121
-0.0548959 -0.236783 1.08743 94 53 44
-0.0496039 -0.11918 1.08835 104 67 54
-0.369402 -0.173221 1.0142 76 41 24
-0.375944 -0.173086 1.00952 96 76 53
-0.261753 0.0680217 1.11406 132 81 64
-0.375024 0.0296506 0.840614 126 14 14
-0.36973 0.0165857 0.831851 126 14 17
-0.298794 -0.135548 1.04902 154 108 84
-0.247557 -0.0613213 1.00066 154 98 77
-0.225426 -0.0958683 1.02397 138 87 57
-0.130541 0.0867875 1.1405 173 121 97
-0.107367 -0.141379 1.09213 170 124 96
-0.217371 -0.11866 1.03689 126 84 57
-0.0829068 -0.29169 1.07953 55 26 16
-0.112155 -0.261459 1.11048 178 112 84
-0.167527 0.107973 1.12319 148 119 112
-0.199221 0.0581922 1.08249 140 94 76
-0.268387 0.0282173 1.09139 144 95 78
-0.0117432 0.000798262 1.15835 150 106 90
-0.343436 0.0618471 0.883607 158 133 118
-0.345104 0.0671211 0.879869 160 138 123
-0.325468 -0.18299 1.00198 46 18 12
-0.237451 0.0113411 1.08207 146 100 86
-0.0126581 -0.0827229 1.18553 147 114 86
-0.370721 0.0775601 0.868071 114 33 38
-0.062066 -0.130491 1.06463 162 124 105
-0.328439 -0.168879 1.01891 38 15 8
-0.194922 -0.168766 1.18355 150 138 106
-0.279066 0.0271722 1.07682 144 96 80
-0.0811173 -0.180223 1.10254 166 120 90
-0.332212 0.188207 0.938496 142 119 109
-0.18559 0.000511095 1.10643 134 88 74
-0.24014 0.111195 1.07258 56 20 10
-0.270968 -0.00585441 0.93647 170 122 100
-0.739161 -0.243338 1.46349 126 120 77
0.147353 0.0740142 0.943893 151 26 25
-0.377238 -0.180838 1.01539 74 47 30
-0.077576 0.00943569 1.14437 186 139 116
-0.361245 -0.141266 1.01076 118 68 48
-0.358503 0.0692402 0.878285 144 64 61
-0.37236 -0.145784 0.977816 158 145 124
-0.358629 -0.149626 1.01165 99 54 38
-0.37145 -0.183143 1.03403 71 36 22
-0.751795 -0.230249 1.49987 140 132 98
-0.124292 0.115162 1.13771 166 138 128
-0.24436 -0.288288 1.10541 150 146 93
-0.2026 -0.260371 1.0669 152 148 94
-0.250253 -0.259169 1.06038 150 145 94
-0.1329 -0.230927 1.10588 152 146 97
-0.462962 -0.197723 1.03678 143 137 87
-0.209368 -0.2858 1.05617 151 146 95
-0.812641 -0.567567 1.6522 150 144 94
-0.196954 -0.192602 1.14607 140 136 84
0.158759 -0.376105 1.2365 140 138 88
-0.175988 -0.232695 1.11878 152 146 96
-0.736461 -0.478712 1.46678 150 144 92
-0.830902 -0.586727 1.71681 150 144 95
-0.825917 -0.558144 1.71268 150 143 94
-0.867093 -0.610798 1.85924 148 142 91
-0.758359 -0.410407 1.43866 151 144 92
-0.0915682 -0.136572 1.07696 170 125 102
-0.170029 0.0767857 1.11922 68 28 16
-0.35818 -0.0434067 0.809432 160 144 124
-0.239201 -0.0808778 1.00183 124 76 50
-0.0236939 -0.154482 1.11819 54 21 12
-0.278751 -0.170625 1.01934 112 66 46
-0.257521 -0.206367 1.00905 142 105 78
-0.227959 -0.152911 1.07018 118 75 48
-0.315481 0.071653 1.09688 156 109 93
-0.145258 -0.0335931 1.15341 140 88 66
-0.354237 0.171159 0.944479 134 112 102
-0.310986 -0.232358 0.997203 123 80 66
-0.260862 -0.149327 1.0424 151 108 86
-0.198545 -0.0631537 0.990385 127 76 60
-0.151367 -0.0123705 1.16493 144 92 70
-0.285371 -0.0177875 0.915421 169 136 114
-0.299939 0.0874812 1.09097 135 86 72
-0.305457 -0.152121 1.02995 154 98 70
-0.292269 -0.24328 1.00584 106 69 46
-0.372454 0.0335352 0.847547 124 14 14
-0.295739 -0.223799 1.00254 170 114 98
-0.29487 -0.0376906 0.928923 164 132 110
-0.284584 -0.223233 1.00289 144 90 72
-0.348245 -0.0207643 0.870194 154 138 118
-0.296874 0.00118094 0.925489 146 76 66
-0.301093 -0.237713 0.996734 100 65 48
-0.115953 -0.099931 1.01026 120 78 57
-0.197728 -0.0707087 0.985544 123 67 53
-0.103651 -0.284176 1.10582 122 72 52
-0.347135 0.086584 0.900096 159 138 124
-0.298265 -0.208824 0.99656 144 88 72
-0.0510701 -0.192454 1.11432 130 84 64
-0.166731 0.036344 1.166 113 62 50
-0.340043 -0.165525 1.03595 49 20 13
-0.233527 -0.172568 1.07417 134 98 68
-0.300019 0.114065 1.08071 112 66 48
-0.251648 -0.157984 1.0476 115 76 50
-0.273144 -0.0761536 1.02435 134 88 66
-0.0802389 -0.284508 1.07787 100 62 46
-0.101116 -0.0625699 1.06948 138 88 74
-0.301833 -0.075044 1.04054 146 101 82
-0.264339 0.1017 1.0945 104 56 34
-0.334714 0.161685 0.939615 140 119 106
-0.356645 0.0994224 0.906704 145 80 72
-0.260045 -0.224195 1.02071 152 124 84
-0.149915 0.0160423 1.16032 156 104 86
-0.349859 -0.211841 1.01887 44 21 12
-0.304079 -0.15678 1.02678 165 109 82
-0.296396 -0.23552 0.99851 95 58 40
-0.237632 0.0368715 1.09155 146 100 84
-0.147333 -0.0843944 1.01361 121 73 54
-0.0335226 -0.147091 1.10805 110 69 54
-0.0245985 -0.117751 1.13429 74 36 20
-0.156529 -0.00410701 1.16194 130 80 60
-0.388653 0.199001 0.910527 96 10 10
-0.247527 0.0189561 1.10633 144 98 82
-0.291249 0.100606 1.09891 110 62 46
-0.324203 -0.178716 1.0123 57 24 17
-0.108682 -0.224083 1.12164 144 90 64
-0.257274 -0.136419 1.04698 151 109 92
-0.333882 0.0113607 0.857611 143 104 46
-0.255787 -0.0628549 1.00856 120 70 52
-0.330139 -0.0616897 1.0627 48 15 6
-0.352925 0.161493 0.949431 138 116 103
-0.329329 -0.17382 1.01474 36 15 10
-0.300282 -0.125911 1.04379 162 114 92
-0.226754 0.0611067 1.08781 150 103 87
-0.154616 -0.0199032 1.15851 115 64 46
-0.319522 -0.234712 0.995466 96 58 42
-0.0956957 0.0822728 1.13344 124 71 43
-0.0926784 0.0568931 1.15552 174 124 104
-0.338076 0.176235 0.951748 141 118 108
-0.23474 -0.0533411 1.00676 162 102 84
-0.144616 0.0868484 1.13654 144 95 69
-0.95103 -0.280255 1.75279 122 117 74
-0.351142 0.0823598 0.89587 142 96 84
-0.914617 -0.283669 1.69875 125 119 75
-0.297674 0.154966 0.993983 154 134 124
-0.344327 0.0670141 0.885853 159 138 123
-0.235464 -0.215633 1.0535 146 142 91
-0.105332 -0.213722 1.12216 140 100 66
-0.261482 -0.155276 1.04236 126 85 62
-0.0830242 -0.0458036 1.12411 178 131 109
-0.289636 -0.152758 1.03527 130 80 56
-0.345963 0.0295185 0.867089 146 118 86
-0.257173 -0.120225 1.01917 122 78 60
-0.255312 0.00155261 1.08955 139 92 76
-0.233117 0.0522595 1.08917 152 106 90
-0.334892 0.070562 0.898866 156 132 116
-0.325472 -0.204627 1.01308 104 62 50
-0.34542 0.0518463 0.879311 158 137 122
-0.254763 -0.110883 1.02074 112 70 51
-0.127093 -0.143862 1.15378 155 109 82
-0.38829 0.0648907 0.85422 32 26 42
-0.288044 -0.13482 1.03525 142 98 74
-0.255647 0.0371183 1.08985 142 94 78
-0.311802 -0.0619479 1.07457 100 53 38
-0.341392 -0.0848483 1.05525 42 12 6
-0.100534 -0.133592 1.08198 152 105 80
0.144039 0.0409345 0.968841 138 28 22
-0.0988089 -0.0494983 1.11929 160 112 93
-0.339625 0.0129435 0.855274 145 104 50
-0.345088 0.172774 0.950178 140 118 104
-0.362495 -0.0459034 0.807956 160 144 126
-0.348188 -0.111727 1.04412 82 42 33
-0.126318 -0.0263736 1.14492 170 122 100
-0.267253 0.076665 1.11113 115 66 47
-0.350909 -0.235305 1.02629 64 32 18
-0.284222 0.0541772 1.08112 132 83 66
-0.293899 0.0699557 1.08365 143 94 78
-0.235096 0.0765354 1.09653 124 74 51
-0.317911 0.162415 0.982003 146 126 114
-0.090882 0.0829405 1.13811 121 69 42
-0.275721 0.104203 1.10358 110 64 44
-0.158629 0.100351 1.10645 150 120 112
-0.27415 -0.26981 1.05242 150 145 96
-0.299389 -0.179439 0.993124 172 103 82
-0.92757 -0.257808 1.70298 130 120 88
-0.919305 -0.273175 1.73165 122 118 75
-0.254936 -0.25942 1.05981 150 146 97
-0.938433 -0.233934 1.75294 160 146 122
-0.889007 -0.242133 1.6891 158 144 124
-0.237337 0.112896 1.10559 116 68 52
-0.217743 -0.222256 1.09531 144 140 90
-0.0395235 -0.0799139 1.13442 156 118 101
-0.201276 -0.233189 1.06412 148 144 94
-0.238767 -0.237649 1.06173 148 144 94
-0.220031 -0.250793 1.06 151 146 98
-0.916321 -0.299712 1.72868 133 128 84
-0.323447 -0.266025 0.976174 110 100 62
0.223447 -0.634563 1.49726 150 146 96
-0.114189 -0.0957657 1.02337 150 100 86
-0.242301 -0.0642254 1.01142 158 100 78
-0.100997 -0.0825868 1.04642 136 86 66
-0.183742 -0.0985642 0.966062 148 94 68
-0.0679528 -0.0873767 1.11929 156 113 98
-0.28195 -0.0251484 0.924028 166 129 104
-0.358702 0.0393061 1.16061 172 122 100
-0.178641 -0.0785484 0.982465 96 46 27
-0.170468 -0.0939017 0.976229 150 103 80
-0.289186 -0.0772431 1.03314 137 90 74
-0.229946 -0.164818 1.07293 132 91 62
-0.36453 0.141687 0.943012 154 134 121
-0.297624 -0.161194 1.03489 130 77 55
-0.0504086 -0.221199 1.09965 58 21 12
0.100356 0.00541062 0.967113 160 144 124
-0.0309706 -0.272176 1.09558 50 25 14
-0.118471 0.0559601 1.14086 188 139 116
-0.0360709 -0.266046 1.09425 43 19 8
-0.313468 0.17748 0.95066 156 136 124
-0.251843 -0.133996 1.04714 144 103 86
-0.355089 0.0367432 0.864396 146 80 72
-0.0621046 -0.0745593 1.13657 160 120 104
-0.365998 0.0340554 0.850853 126 12 16
-0.377567 0.119727 0.935355 153 120 90
-0.193136 -0.133904 1.13974 110 72 36
-0.0967218 -0.221158 1.09957 104 50 30
-0.201796 -0.150317 1.14288 91 56 20
-0.109247 -0.080213 1.01513 150 96 81
-0.313992 -0.221184 0.998739 110 62 50
-0.334959 -0.151007 1.03866 54 21 12
-0.0323488 -0.108384 1.12559 80 34 22
-0.307967 -0.141127 1.05071 153 105 82
-0.188973 -0.158886 1.18296 74 36 16
-0.0897992 -0.12357 1.07629 151 106 85
-0.365373 0.062357 0.866855 128 14 16
-0.333857 -0.107484 1.03412 70 28 17
-0.356382 0.0392825 0.859064 124 36 33
-0.2321 -0.159337 1.07848 120 82 54
-0.325911 0.163784 0.969792 145 124 109
-0.162538 -0.0563466 0.991542 98 52 30
-0.354829 0.137801 0.938256 155 135 120
-0.127309 0.0465287 1.14864 190 144 118
-0.0137033 -0.170111 1.10799 128 79 56
-0.179479 -0.157336 1.20977 94 51 28
-0.321072 -0.211953 1.00348 100 60 48
-0.347512 0.112724 0.933013 158 136 121
-0.0810162 -0.0199489 1.1308 192 147 123
-0.0761358 -0.10754 1.05354 166 126 107
-0.351469 -0.046905 0.812322 162 146 127
-0.0735607 0.032756 1.15302 193 147 124
-0.043053 -0.118597 1.1237 66 23 14
-0.351076 -0.0468103 0.819386 160 147 126
-0.165715 -0.173231 1.21209 132 88 58
-0.269336 -0.244453 1.04223 150 137 88
-0.0937336 -0.0739441 1.08307 124 75 54
-0.28396 0.0648858 1.08387 128 76 58
-0.333289 0.00154242 0.871636 153 109 49
-0.39387 0.113825 0.880874 125 22 16
-0.374921 0.0061074 0.83738 112 15 16
-0.342464 0.0995315 0.917419 159 138 122
-0.341329 0.0681206 1.13212 178 130 108
-0.0319066 -0.228057 1.10204 40 12 6
-0.355382 0.199017 0.922611 129 16 20
-0.288934 -0.161672 1.03556 107 58 34
-0.326834 0.165498 0.949366 144 123 109
-0.0603909 -0.217643 1.08394 82 44 30
-0.32834 -0.116563 1.04606 120 74 57
-0.0156557 -0.106296 1.14047 138 108 80
-0.101629 -0.128571 1.07545 130 86 62
-0.36736 0.0163863 0.845951 123 14 16
-0.265632 -0.13891 1.04408 146 103 84
-0.0771882 -0.264334 1.08222 160 94 72
-0.351571 0.108415 0.938281 158 137 122
-0.294772 -0.0863 1.03884 139 93 74
-0.350378 0.121052 0.954381 158 136 121
-0.160229 0.061173 1.13916 92 42 26
-0.032916 -0.134795 1.10449 69 29 20
-0.111576 -0.186036 1.1327 168 119 88
-0.298014 -0.199796 0.998098 178 108 87
-0.0763824 -0.0894008 1.12409 147 101 86
-0.333964 0.0960509 1.09748 154 101 75
-0.35037 -0.136304 1.06169 50 17 8
-0.14925 -0.0119235 1.13986 144 93 74
-0.171475 0.0920117 1.1195 116 85 72
-0.159817 -0.0971293 0.981898 150 101 79
-0.115747 -0.222201 1.11575 152 139 94
-0.329637 -0.00670319 0.876447 160 114 54
-0.176533 -0.11192 0.973708 120 82 48
-0.34356 0.00337278 0.86171 149 106 48
-0.241173 0.0979455 1.09445 104 54 30
-0.0128237 -0.247567 1.13446 82 69 42
-0.187552 -0.149177 1.16635 93 56 26
-0.354494 0.193762 0.919462 128 14 17
-0.110245 -0.0399261 1.12984 176 128 106
-0.373479 0.0925036 0.879654 104 34 38
-0.315908 0.0547452 1.10944 155 106 86
-0.358872 0.0865674 0.894178 142 80 74
-0.210799 0.0630398 1.08863 134 87 65
-0.27807 0.00937086 1.08689 147 100 82
-0.340805 0.160193 0.939536 140 118 106
-0.0891286 -0.0874032 1.05729 116 68 47
-0.316319 -0.25204 1.00468 57 32 18
-0.0878978 0.0771774 1.13123 118 66 36
-0.306089 -0.134819 1.04774 160 112 90
-0.327708 -0.0696888 1.05173 62 24 14
-0.293293 -0.0825329 1.03782 140 93 76
-0.3261 -0.250901 1.00938 64 36 22
-0.378153 0.210042 0.932297 128 11 16
-0.292922 0.0556601 1.07965 134 84 64
-0.338697 0.0229133 0.872576 160 140 120
-0.354226 -0.215676 1.01397 66 36 28
-0.305168 -0.205176 0.991422 122 68 56
-0.360148 0.105972 0.910535 162 136 121
-0.36369 0.0017006 0.844809 118 21 18
-0.161094 -0.00352433 1.14033 115 62 48
-0.061562 -0.113801 1.06748 150 112 93
-0.388614 0.121316 0.892099 142 84 26
-0.383963 0.0558611 0.851111 34 26 39
-0.361601 0.0362346 1.15178 168 120 96
0.00175463 -0.154151 1.1024 70 37 18
-0.332458 0.059705 0.897868 158 134 116
-0.120846 -0.0196479 1.13927 190 144 119
-0.352602 -0.00714423 0.834694 119 57 20
-0.333427 0.155805 0.95161 142 122 109
-0.358915 0.0961236 0.894225 144 78 70
-0.0343818 -0.128185 1.12884 43 14 9
-0.112074 0.0108525 1.14681 184 138 115
-0.327184 0.0801324 0.892346 160 138 124
-0.3345 -0.0707969 1.06246 66 32 25
-0.362256 0.0663184 0.87277 126 17 19
-0.292011 -0.11019 1.05216 156 111 88
-0.104432 -0.198904 1.1315 171 122 91
-0.316951 0.167932 0.965524 148 128 115
-0.0786067 -0.0786395 1.08782 143 98 81
-0.257055 -0.0487061 1.03042 132 82 60
-0.339491 -0.187032 1.0195 38 14 5
-0.230204 -0.148141 1.04888 134 96 68
-0.110713 -0.0184183 1.13138 179 132 111
-0.364915 0.163441 0.964895 137 116 103
-0.0457198 -0.0877667 1.11633 153 115 98
-0.284362 -0.0158409 0.930531 166 122 98
-0.330584 0.1876 0.95074 146 125 113
-0.0598536 -0.000155706 1.15925 178 133 114
-0.28268 0.0236543 1.07533 148 100 84
-0.0330365 -0.160202 1.11356 82 44 32
0.0673759 -0.250315 1.11818 143 140 89
-0.032594 -0.173524 1.1138 88 46 31
-0.319832 0.168276 0.949151 147 126 114
-0.179997 -0.00850296 1.13738 107 60 45
-0.335762 0.185714 0.947264 144 120 110
-0.375934 0.0393387 0.840566 98 51 56
-0.361545 -0.0395534 0.80225 142 88 69
-0.26989 -0.0327764 1.06458 138 91 68
-0.25665 -0.0100617 1.08332 141 94 76
-0.252286 -0.214009 1.00843 143 130 82
0.120146 -0.295495 1.68735 117 116 73
-0.180743 -0.0379594 1.06867 124 79 63
-0.0654102 -0.0892576 1.15043 156 115 98
-0.366128 -0.0189017 0.82583 113 64 48
-0.407939 0.124625 0.899273 146 112 92
-0.0599304 0.00989823 1.17938 176 132 114
-0.33535 0.174907 0.951421 142 121 109
-0.127699 0.0269932 1.1499 197 151 126
-0.172686 -0.0222309 1.15655 74 28 16
-0.283994 0.0373068 1.08033 140 92 76
-0.168711 -0.0542157 0.975045 116 69 51
-0.245005 0.0843091 1.11543 132 80 53
-0.342855 0.129651 0.943872 156 136 120
-0.222665 -0.0270951 1.07283 143 104 92
-0.0641474 -0.189291 1.10707 153 108 85
-0.0611844 -0.172432 1.11152 156 114 93
-0.353428 -0.0471284 0.835149 160 146 125
-0.273728 0.023129 1.07613 146 98 81
-0.492955 -0.242178 1.16974 150 142 93
-0.379941 0.085966 0.869398 124 18 21
-0.304169 -0.116759 1.04249 171 124 100
-0.159608 0.00113318 1.13358 116 63 49
0.0538579 -0.261355 1.26103 143 140 90
-0.0535623 -0.0789411 1.14356 156 118 102
-0.092855 -0.0212167 1.13996 186 142 118
0.00394162 -0.11694 1.12905 153 144 119
-0.281945 -0.0407003 1.02315 155 108 87
-0.343853 0.186035 0.938449 144 110 100
-0.329646 0.126338 1.04321 156 129 116
-0.143561 -0.240705 1.1113 150 144 96
-0.109976 -0.193339 1.14189 169 120 90
-0.064519 -0.0440968 1.14414 178 134 118
-0.353519 0.0560971 0.878961 144 85 74
-0.371847 0.0339876 0.831184 100 34 37
-0.0478144 -0.180985 1.09483 141 100 78
-0.326439 0.148521 1.03082 146 124 112
-0.619051 -0.527923 1.31144 150 143 90
-0.315175 0.126375 1.05584 146 118 106
-0.305667 0.170489 0.985445 162 141 130
-0.0629943 -0.0207364 1.14152 176 132 113
0.147551 -0.338375 1.68504 125 122 79
-0.0897755 -0.317427 1.09502 50 24 12
-0.0891086 -0.354183 1.07412 150 145 94
-0.365272 -0.12369 0.994632 113 66 38
-0.376156 -0.107132 0.890805 161 148 124
-0.238237 -0.271525 1.07432 148 145 93
-0.382783 -0.267507 1.05521 63 40 14
-0.312033 0.205975 0.991452 162 142 130
-0.276159 -0.278288 1.0604 150 144 90
0.196358 -0.516641 1.50862 146 142 93
0.195354 -0.537381 1.53156 147 144 94
-0.168219 -0.275081 1.07483 148 144 94
0.194097 -0.496071 1.68619 142 139 90
0.120001 -0.312151 1.02789 140 138 86
-0.351134 0.253984 1.01112 162 142 132
-0.291994 -0.3435 1.15014 150 144 92
0.176593 -0.592502 1.74994 146 142 92
-0.276626 0.309326 1.08368 163 143 135
-0.297371 0.324579 1.08094 163 143 136
0.184997 -0.524486 1.50741 147 144 94
-0.288271 0.330088 1.09774 162 143 136
-0.120624 -0.119448 1.08339 106 64 36
-0.197891 -0.136855 1.1273 100 64 26
-0.354493 0.041755 0.870573 162 142 124
-0.364085 -0.2236 1.04935 55 29 24
-0.15931 -0.0539892 1.00804 100 52 32
-0.26742 -0.00726692 0.896972 162 127 98
-0.382802 0.131615 0.949307 154 132 117
-0.417465 0.147759 0.92004 148 112 100
-0.0826047 0.0357453 1.13369 210 168 144
-0.129775 -0.130352 1.10759 101 59 30
-0.195685 0.0744554 1.09833 120 72 47
-0.0212487 -0.188989 1.11394 114 68 50
-0.111244 -0.125512 1.08439 102 60 32
-0.386035 0.166336 0.947775 123 14 14
-0.237112 -0.0590192 1.01746 174 112 90
-0.342061 0.156217 0.978098 142 120 106
0.0203586 -0.162509 1.11541 116 114 68
0.00234014 -0.176286 1.13072 89 56 29
-0.111268 -0.0677097 1.05695 122 73 52
-0.207196 -0.0873507 0.987803 146 88 55
-0.167101 -0.0587539 1.15413 118 72 53
-0.222124 -0.0464204 1.08901 136 92 77
-0.207343 -0.108756 1.03233 162 108 80
-0.0775279 -0.127602 1.05553 170 130 113
-0.33428 0.0881637 0.915703 158 137 119
-0.047593 -0.116512 1.14939 76 32 20
-0.147254 -0.163174 1.19202 173 122 94
-0.169822 -0.123557 1.02778 105 68 30
-0.0796246 -0.142954 1.0683 178 134 117
-0.324336 -0.0588472 1.1275 99 53 31
-0.210041 0.0823877 1.08676 103 58 40
-0.265756 -0.251793 1.05344 150 144 92
-0.29652 -0.179201 1.01955 135 74 52
-0.371775 0.0211687 1.16796 152 103 78
-0.305922 -0.111379 0.973039 64 25 18
-0.199297 -0.12347 1.04993 98 64 28
-0.0856319 -0.152199 1.07903 176 130 110
-0.165417 -0.0182562 1.16548 128 76 56
-0.343464 0.153342 0.991378 142 120 106
-0.301319 0.00710493 0.926155 156 138 115
0.00377974 -0.145135 1.10991 167 148 126
-0.134894 -0.153886 1.14644 174 122 93
-0.277893 -0.0229013 0.940247 162 120 95
-0.317557 0.0270499 1.11308 170 122 102
-0.397949 0.155941 0.908164 113 14 11
-0.395104 0.14295 0.910292 158 78 34
-0.184817 0.070773 1.09122 91 42 25
-0.362197 0.0533858 0.879691 148 108 96
-0.145716 0.028375 1.16653 178 128 106
-0.348396 0.066627 1.13418 176 126 104
-0.0287936 -0.120283 1.09414 68 30 20
0.0115534 -0.149614 1.09599 115 87 58
-0.256971 -0.174457 1.04583 96 60 25
-0.356641 0.0697955 1.11768 170 122 97
-0.148202 0.0387702 1.15156 172 120 98
-0.307971 -0.0221557 0.877119 132 12 14
0.00752431 -0.129037 1.12013 159 148 124
-0.290233 -0.233571 0.998247 152 96 76
-0.135079 -0.0868141 1.06152 148 100 82
-0.333638 0.0649776 0.904075 160 139 121
-0.178403 -0.0475479 1.00824 130 88 73
-0.382262 0.063854 0.858737 88 62 63
-0.342103 -0.0266015 0.975493 119 18 14
-0.356957 0.0760555 1.13797 186 139 115
-0.240606 -0.145109 1.04514 131 92 68
-0.247008 0.0767084 1.03251 106 58 38
-0.134431 -0.0884168 1.03128 164 112 100
-0.165503 -0.112358 1.01536 161 108 83
-0.119387 -0.0344082 1.17447 174 126 104
-0.337513 -0.153327 1.06119 92 38 20
-0.379763 0.155542 0.946864 127 78 66
-0.342776 -0.0363132 1.07866 160 137 111
-0.433993 -0.0855513 0.935489 162 147 125
-0.0269522 -0.138008 1.11449 118 65 44
-0.131667 -0.107129 1.00677 110 74 46
-0.267144 0.0853543 1.1119 96 48 27
-0.341615 0.0999531 0.891792 156 136 119
-0.256551 0.00419837 0.8622 161 124 98
0.078461 -0.226785 1.65349 104 102 56
-0.408785 -0.00824049 1.08828 136 16 20
-0.106034 0.045852 1.13312 162 108 86
-0.21611 -0.027212 1.06801 140 100 86
-0.220033 -0.0566655 0.990577 181 120 100
-0.32482 -0.0639313 1.12829 94 48 26
-0.0691488 0.0342447 1.10387 198 154 128
-0.0393282 -0.0652396 1.15819 169 128 110
-0.239285 0.0640692 1.08931 157 108 88
-0.235365 -0.177015 1.13456 124 88 54
-0.136422 -0.089481 0.993698 100 50 30
-0.16137 0.0886789 1.14022 102 59 42
-0.232776 -0.178276 1.14564 118 84 50
-0.250106 -0.0221378 0.933027 175 125 101
0.134866 -0.271823 1.49359 113 111 70
-0.0637616 -0.22823 1.0848 70 33 22
-0.294329 -0.0158918 0.917212 156 139 116
-0.272944 -0.25881 1.03981 148 144 92
-0.345963 0.0944295 0.908523 158 136 118
-0.136514 -0.0850003 1.00759 82 32 16
-0.272744 -0.0936031 1.01553 116 70 47
-0.367106 -0.0782625 0.838132 162 146 123
-0.0359693 -0.110868 1.11885 84 38 25
-0.0171094 -0.15495 1.08098 60 22 12
-0.232704 -0.0335513 1.12333 137 96 82
-0.23375 -0.184317 0.996254 128 98 68
-0.39379 0.0961646 0.876251 123 14 17
-0.361467 0.145964 0.959957 152 130 116
-0.165686 -0.0393004 1.14717 87 40 21
-0.00617417 -0.149393 1.09606 38 12 6
-0.111665 -0.121033 1.06456 97 54 26
-0.130007 -0.102954 1.20117 136 94 73
0.113905 -0.256516 1.43686 116 114 72
-0.355761 -0.00054775 0.908652 152 107 44
0.108772 -0.290163 1.51694 119 116 74
-0.206567 0.0316796 1.05588 151 109 95
-0.287384 0.0741511 1.06921 127 76 58
-0.23976 -0.00855273 1.12956 140 100 86
-0.363699 0.0145474 0.985 169 132 116
-0.36083 0.0677021 1.14775 190 142 118
-0.109756 0.032114 1.14336 172 122 100
-0.395061 0.0495963 0.886644 104 28 32
-0.163325 0.0230726 1.01685 140 95 78
-0.108004 -0.0116332 1.086 190 144 122
-0.0253595 -0.112315 1.16972 94 61 36
0.039121 -0.231585 1.60579 118 116 69
-0.187968 -0.00132458 1.09864 134 88 74
-0.401021 0.121057 1.00481 158 134 118
0.0882953 -0.232193 1.67559 95 94 52
-0.39058 0.175419 0.956078 126 12 12
-0.378278 0.0542291 0.942394 161 141 123
-0.142544 -0.0902902 0.995817 110 60 34
-0.214759 0.0571977 1.07227 150 104 86
-0.281722 -0.26097 1.02779 150 140 94
-0.294762 -0.136163 0.930547 48 16 10
0.0225825 -0.137499 1.08219 157 146 123
-0.362628 -0.0552908 0.815242 160 147 126
-0.384082 0.0937516 0.955471 158 137 120
0.0639986 -0.240123 1.59307 120 118 70
-0.203688 -0.131959 1.11249 100 64 28
-0.3109 0.00338608 0.87437 146 50 26
-0.0937183 -0.188368 1.14273 162 117 90
-0.358544 0.103196 0.838337 118 16 7
-0.0744229 -0.0796781 1.05222 131 82 65
-0.259328 0.0165091 1.08669 140 90 74
-0.258288 0.0240817 1.20324 148 108 92
-0.261507 -0.0812213 1.03042 106 60 32
-0.424006 0.137074 1.04705 156 134 118
-0.253009 0.0558673 1.09977 146 96 80
-0.392387 0.188806 0.96057 132 12 14
0.0776013 -0.285072 1.62124 124 122 74
-0.340721 0.0157602 1.1736 184 138 116
-0.342924 0.122375 0.926652 156 132 116
-0.344061 0.1391 1.03124 150 128 112
-0.0109514 -0.0923322 1.03755 125 88 66
-0.0611834 -0.0972077 1.0916 121 77 62
-0.297954 -0.0550709 1.02166 135 90 70
-0.188635 -0.00888498 1.10775 130 85 70
0.147298 -0.306445 1.54244 120 117 75
0.0179863 -0.0740453 1.15556 146 138 113
-0.357116 0.161002 0.931603 132 109 95
-0.39266 0.186574 0.901706 82 14 14
-0.329439 0.15744 0.792895 77 14 14
-0.240854 0.0119131 1.14801 144 103 88
-0.144318 -0.112316 0.987203 152 104 81
-0.20229 0.108099 1.05505 92 45 31
-0.0603624 -0.18364 1.11537 146 104 81
-0.34807 -0.186184 1.02131 37 14 8
-0.347016 0.0144455 0.854323 144 98 42
0.132718 -0.330686 1.65651 120 118 76
-0.225122 -0.129422 1.18117 138 89 58
-0.0449264 0.056955 1.15258 160 114 92
-0.0393488 -0.124086 1.08829 60 22 13
-0.361766 -0.0679409 0.826337 162 147 126
-0.279734 -0.0175137 1.04424 185 138 115
0.073958 -0.197337 1.60026 141 130 108
-0.259919 -0.0273087 1.03949 158 110 88
-0.140018 -0.22621 1.15121 146 140 90
-0.193966 0.0469514 1.10615 135 88 74
-0.30851 -0.0264749 1.19245 136 89 74
-0.231271 0.0418812 1.18399 143 98 82
0.0657375 -0.27 1.3821 136 133 83
-0.352637 0.00729323 0.849313 145 96 40
-0.349493 0.0348702 0.889026 161 142 125
-0.330888 0.153792 0.991428 144 122 108
0.136236 -0.286413 1.49301 116 114 72
-0.0759909 0.0423047 1.14699 194 148 122
-0.145907 0.00765469 1.01582 104 55 42
-0.37049 0.0685301 1.10402 133 86 60
-0.0102153 -0.233753 1.11588 81 62 28
-0.14631 0.00129994 1.1613 178 127 102
-0.308259 -0.151307 1.01798 102 46 22
-0.360706 0.189652 0.922243 127 14 14
-0.343016 -0.0538898 1.01694 156 142 119
0.022932 -0.365318 1.78165 142 139 87
0.0871103 -0.271838 1.46571 126 124 73
-0.104861 -0.19331 1.10171 170 120 89
-0.102323 -0.0278425 1.09798 174 126 104
-0.327385 -0.0452827 1.05876 161 132 106
-0.314987 -0.0452134 1.04577 159 116 91
-0.00617662 -0.00229741 1.07826 147 100 82
-0.38906 0.199703 0.921466 127 12 16
0.0381696 -0.274327 1.56418 135 133 84
-0.231 -0.205076 1.06535 144 142 89
0.0352006 -0.342479 1.7124 139 136 85
-0.357383 -0.0687741 0.974292 160 146 126
0.0268074 -0.263754 1.61742 134 132 82
-0.282156 0.127866 1.01421 142 114 102
-0.0616812 -0.0112272 1.14104 173 128 112
-0.378178 0.0914117 0.869611 108 26 26
-0.342804 -0.0398513 1.14964 168 119 96
-0.403174 -0.0430664 1.01436 160 144 122
-0.36031 0.0767437 0.894023 162 137 120
-0.334477 0.106276 1.02256 128 92 65
0.0514339 -0.355585 1.43716 142 139 91
-0.194798 0.116215 1.11571 84 52 42
0.121666 -0.30689 1.5125 119 116 74
-0.203134 -0.203391 1.1832 138 133 83
0.0478038 -0.262955 1.33872 138 137 84
0.0399755 -0.209889 1.71908 146 134 112
-0.293965 0.0634822 0.935906 114 73 44
-0.355794 0.0421943 0.983666 158 138 120
-0.185996 0.11336 1.1043 117 90 81
-0.196824 -0.227835 1.34924 140 130 82
-0.166494 0.1336 1.28744 163 134 124
-0.00293958 -0.153525 1.49116 154 143 120
0.0806958 -0.340329 1.37001 140 138 88
-0.114036 0.0959088 1.16652 173 121 94
-0.301225 0.169107 1.32783 158 130 121
-0.307608 -0.301132 1.12343 150 144 92
-0.16746 -0.198919 1.08124 144 139 86
-0.297745 -0.285071 1.06821 150 144 92
-0.317663 -0.28596 1.05813 148 142 88
0.107717 -0.322372 1.28691 140 136 87
0.147265 -0.290742 1.12908 138 136 84
-0.5901 -0.456099 1.61396 150 144 92
0.0688274 -0.0968636 1.23135 144 135 111
-0.164683 -0.15194 0.507608 149 142 92
-0.176074 -0.274528 0.867307 148 144 88
0.0605974 -0.0752072 1.16273 145 138 113
-0.22209 -0.296839 0.919727 149 142 90
0.107821 -0.405292 1.53683 140 136 87
-0.314017 0.197428 1.08629 160 138 129
-0.254117 0.18214 1.26385 162 136 127
-0.168448 0.244549 0.996222 162 140 132
-0.148323 0.244173 1.19019 163 143 135
-0.236202 -0.158193 1.08002 126 88 60
-0.277689 -0.0580531 1.03657 132 78 53
-0.173071 -0.0623901 0.986171 96 50 28
-0.356035 0.150403 0.955324 144 124 109
-0.307403 0.172572 0.923689 148 126 112
-0.252846 -0.192531 1.08828 132 100 64
-0.170335 -0.0950532 0.991513 152 102 78
-0.237747 -0.120327 1.04664 114 72 47
-0.252864 -0.198042 1.06712 131 114 72
-0.0881552 -0.102322 1.02684 116 74 57
-0.259682 -0.235609 1.07588 149 143 92
-0.340236 -0.134891 1.04869 60 18 8
-0.072908 -0.0853343 1.11796 152 110 96
-0.276232 -0.0610986 1.02468 128 75 52
-0.167162 -0.0235709 1.16184 122 68 44
-0.384748 0.143274 0.956459 154 132 118
-0.18113 -0.149774 1.18444 66 23 7
-0.358183 -0.0683598 0.849246 162 146 126
-0.264522 -0.250269 1.06143 150 144 91
-0.200789 0.0774549 1.0858 134 83 61
-0.239054 -0.11933 1.08726 126 80 50
-0.218146 -0.178336 1.18902 142 134 95
-0.38881 0.133944 0.893905 158 99 33
-0.401332 0.170325 0.918885 118 10 10
-0.333546 -0.00489586 0.865251 153 108 45
-0.311076 0.00295818 0.898914 130 16 18
-0.212803 -0.0634446 1.01068 176 118 98
-0.280898 -0.0861547 1.03985 88 44 21
-0.338596 0.019146 0.898626 162 143 124
0.0652027 -0.229007 1.68063 107 104 59
-0.120808 -0.0710305 1.00918 148 100 84
-0.100655 -0.192636 1.11426 168 118 92
-0.139315 -0.0508731 1.14056 146 96 76
-0.267275 -0.24287 1.06317 150 145 92
-0.330652 0.0191548 0.874761 160 143 123
-0.19405 0.0970964 1.09547 52 20 14
-0.388564 0.0515012 1.18014 150 100 76
-0.320682 -0.224918 0.998623 170 112 92
-0.361284 0.13801 0.976789 155 132 118
-0.348419 0.0938487 1.12452 165 114 90
-0.20477 -0.164138 1.13084 138 120 88
-0.266378 -0.17353 1.07164 92 56 24
-0.342131 -0.0170466 0.86987 152 116 68
-0.34661 0.125479 0.951075 156 133 118
-0.264029 -0.174814 1.03925 76 37 12
-0.345394 0.147781 0.925927 142 120 106
-0.191701 0.102382 1.11828 64 36 30
-0.312214 -0.133528 1.04889 158 110 88
0.0549466 -0.217125 1.57778 108 106 59
-0.103406 -0.0705304 1.04341 90 41 23
-0.383893 0.118522 0.941678 156 136 118
-0.268887 -0.247841 1.01669 142 130 83
0.00642265 -0.209902 1.10553 147 142 89
-0.284459 -0.0655049 1.03782 112 64 42
0.0380391 -0.224645 1.66008 110 108 61
-0.26333 -0.24174 1.07146 150 145 92
-0.382515 -0.0195413 0.916167 148 126 96
-0.205871 -0.129516 1.09356 100 63 26
-0.339885 -0.239357 1.01991 66 32 18
-0.36131 -0.0742059 0.84182 162 146 125
-0.12053 -0.119083 1.04468 84 44 20
-0.0861783 -0.213155 1.10615 162 108 82
-0.249002 -0.189455 1.00841 101 79 39
-0.107342 -0.0714034 1.07551 111 62 36
-0.218392 -0.0519351 0.99 177 116 97
-0.120413 0.0411037 1.18763 163 111 90
-0.322235 0.00180638 0.966628 158 138 117
-0.255757 -0.0044539 1.07939 139 92 74
-0.292013 -0.0124653 1.08193 180 134 112
-0.34665 -0.152182 1.02058 53 20 12
-0.347479 0.181876 0.937876 134 111 96
-0.356397 0.172211 0.971187 138 116 100
-0.196859 0.0781571 1.06098 116 70 48
-0.376072 0.214853 0.908872 126 35 34
-0.101176 0.0578578 1.14196 146 90 67
-0.235728 -0.21331 1.02929 148 142 92
0.108083 -0.251575 1.63582 103 102 60
-0.166657 -0.0307434 1.15952 116 64 41
-0.139283 -0.184057 1.16809 169 120 88
-0.381828 0.060857 0.852461 109 94 99
-0.269741 -0.244 1.02447 132 123 75
-0.249848 -0.0889273 0.99469 94 54 25
-0.344062 0.0282162 1.13621 185 138 117
-0.143667 -0.0667728 0.997904 126 74 59
-0.251565 -0.208497 1.08811 146 142 88
-0.176055 0.0461105 1.08935 110 62 47
0.142464 0.0855176 0.956787 160 26 27
-0.24238 -0.0617713 1.00157 174 114 95
-0.364144 0.190012 0.920789 130 11 12
-0.123265 0.0374618 1.14315 202 156 133
-0.294339 -0.0122586 0.915586 158 139 116
-0.355554 0.0788699 0.839782 86 45 50
-0.297978 -0.0388441 0.990847 160 129 104
-0.373883 0.0441823 0.833135 102 86 90
-0.302869 0.0304221 1.09601 148 100 80
-0.114101 0.0619156 1.14233 180 128 105
-0.363327 -0.0402753 0.860667 162 146 126
-0.335658 -0.251032 1.02205 46 22 10
-0.0733141 -0.123291 1.12996 142 102 82
-0.244087 -0.201855 1.0504 143 140 88
-0.200476 -0.0154685 1.12353 134 90 74
-0.112491 0.0068371 1.14824 171 122 102
0.141548 0.0895502 0.94624 161 26 26
-0.355615 0.139721 0.906948 153 130 116
-0.071735 -0.225921 1.07455 130 73 53
0.0786254 -0.253207 1.67432 114 112 68
-0.0762677 0.0302652 1.14404 191 144 120
0.0149777 -0.0720769 1.20928 144 136 114
-0.195149 0.0443684 1.09429 136 91 76
-0.362331 -0.0253229 0.830802 162 146 127
-0.290219 -0.241023 0.990382 140 86 64
-0.273664 -0.0183484 1.07642 142 94 74
-0.180698 0.0357578 1.07635 134 90 73
-0.141266 -0.0136136 1.16404 184 136 113
-0.34043 -0.00880138 0.875649 156 108 46
-0.251291 0.109578 1.08426 50 19 10
-0.354326 -0.00161987 0.837407 144 94 36
-0.178828 0.00133771 1.13396 90 40 28
-0.358026 -0.232623 1.03117 66 34 18
-0.328168 -0.196038 1.02027 170 108 88
-0.346343 0.0194644 1.07163 163 114 88
-0.312109 0.12085 1.07221 114 70 48
0.121954 -0.316638 1.61485 118 116 70
0.107909 -0.269126 1.68859 108 106 63
-0.0898318 -0.195254 1.09372 166 114 88
-0.102827 -0.00579727 1.1025 176 128 108
-0.228774 -0.0564287 0.974274 174 113 92
-0.142914 -0.0493898 1.00058 126 90 72
-0.311551 -0.252418 1.004 40 22 11
-0.377685 0.123885 0.937667 156 134 119
-0.114083 -0.204103 1.11525 118 74 40
-0.227979 -0.103221 1.01365 118 70 40
-0.363993 -0.0555735 0.855398 162 148 126
-0.331831 0.0349791 1.0031 129 91 62
-0.368395 -0.0494136 0.871677 162 146 126
-0.343191 0.0369016 0.874244 160 142 122
-0.0708279 -0.136175 1.07572 161 122 105
-0.398145 0.187806 0.923924 130 10 12
-0.205069 -0.152643 1.12696 119 80 51
0.107299 -0.251309 1.70228 98 96 56
-0.111153 -0.0640001 1.09287 133 82 64
-0.375282 -0.0610258 0.846688 163 148 127
0.0157757 -0.147097 1.11936 156 146 124
-0.0323946 -0.071427 1.11437 162 124 106
-0.216362 0.0454407 1.08212 150 106 90
-0.0302461 -0.139585 1.04012 82 40 29
-0.194159 0.00913497 1.08857 143 98 82
-0.395045 0.18054 0.921136 130 10 12
0.105225 -0.320991 1.63972 120 117 72
-0.117566 -0.203215 1.10437 122 82 48
-0.379843 0.0701034 0.874854 124 14 14
0.0951105 -0.241256 1.67388 95 94 54
-0.279571 -0.261345 1.04477 150 144 92
-0.234846 -0.185332 1.11378 128 102 62
-0.307812 0.127164 1.05001 141 111 100
-0.349359 0.119635 1.12833 140 90 65
-0.0306706 -0.135429 1.04278 71 33 24
-0.0883452 -0.011951 1.11854 200 153 131
-0.395377 0.17909 0.907067 86 6 9
-0.37672 -0.019873 0.851491 164 146 128
-0.338082 -0.0801127 1.0339 81 34 20
0.0240105 -0.109491 1.21635 147 138 114
-0.119054 -0.197045 1.13238 170 122 90
-0.288243 0.120238 1.07208 122 82 66
-0.348832 0.028366 0.787572 122 14 14
-0.356832 0.200118 0.903524 131 12 16
-0.341509 -0.0606078 0.981253 159 142 122
-0.387483 0.0528628 0.846993 22 18 31
-0.0422998 -0.0395455 1.1862 161 118 101
-0.423134 0.0622599 1.22024 161 112 88
-0.305196 0.140465 1.14064 142 114 104
0.0274658 -0.0674035 1.30331 146 136 112
0.0464483 -0.268569 1.59739 132 130 81
-0.351509 0.204548 0.946238 141 112 101
-0.393791 0.198005 0.906047 94 20 16
-0.334655 0.195959 0.933432 148 124 111
0.0380255 -0.315261 1.44285 143 140 88
-0.345901 0.0427239 0.994349 126 104 78
-0.361702 -0.0715187 1.01718 160 144 122
0.031407 -0.312947 1.51574 142 138 88
0.0636865 -0.189491 1.6499 142 134 110
-0.337704 -0.27875 1.0556 56 36 14
0.0442978 -0.310195 1.29232 144 142 90
-0.224241 -0.236969 1.20421 148 142 90
-0.0595896 0.0989046 1.05931 162 128 116
-0.126658 -0.23999 1.05231 150 138 86
-0.296658 0.0789811 0.877566 158 134 118
0.200757 -0.475676 1.41823 141 138 87
-0.367467 -0.251063 1.02411 64 30 14
-0.340361 0.0926193 0.974582 158 134 118
-0.291594 0.0908478 0.893792 156 133 117
-0.359983 0.221971 0.923548 160 133 126
-0.227004 -0.242774 1.23148 148 142 90
-0.239614 -0.239055 1.27538 148 142 90
0.0590173 -0.330734 1.38751 142 139 89
0.0439853 -0.101609 1.33635 143 136 111
-0.184678 -0.234582 1.12294 149 143 91
-0.420637 0.280153 1.07972 163 141 130
0.0563303 -0.370651 1.45652 142 140 88
-0.302564 0.222026 0.768896 162 138 130
0.099205 -0.432767 1.21269 145 142 91
-0.359377 0.269764 1.23537 161 138 128
-0.447003 0.344253 1.35717 160 140 132
-0.322903 0.0870583 1.10166 148 102 81
-0.2615 -0.086316 1.03709 92 49 24
-0.228248 0.0185413 1.15652 144 102 86
-0.15446 -0.062703 0.998888 103 56 32
-0.245806 -0.183609 1.04709 130 99 71
-0.214408 -0.0637624 1.0011 157 96 75
-0.371434 0.161043 0.937298 129 61 50
-0.227811 -0.100142 1.08218 154 100 72
-0.0546336 -0.0917935 1.08755 148 107 92
-0.152875 -0.0818222 1.10293 152 99 83
0.126287 0.119064 0.965401 86 67 60
-0.129909 -0.134467 1.0885 158 110 81
-0.230862 -0.176774 0.946336 93 54 24
-0.332047 0.0314761 0.885217 160 142 124
-0.251526 -0.0244556 1.09022 134 90 75
-0.358597 -0.0712634 0.846299 162 146 126
-0.252976 -0.234763 1.04976 152 146 94
0.130861 0.125253 0.944663 85 66 61
-0.11998 -0.173384 1.12135 169 120 90
-0.299983 -0.120607 1.03259 166 120 97
-0.338625 0.0836473 1.11539 170 122 99
-0.133035 -0.144441 1.13815 170 119 88
-0.148899 0.0327272 1.31707 177 128 107
-0.331823 0.0352171 1.04129 166 118 92
-0.41534 0.159811 0.964114 124 11 11
-0.323178 0.184224 0.946595 146 124 112
-0.361732 -0.0306811 0.811662 156 132 112
-0.329945 0.158705 0.978772 143 121 107
-0.305764 0.129962 0.739474 86 18 12
-0.21401 -0.156873 1.11417 125 85 56
-0.241718 -0.0107521 0.972093 164 116 98
-0.133671 0.0163915 1.1139 178 128 102
-0.0444809 -0.247403 1.08289 94 54 37
-0.368886 0.119798 0.870828 146 94 35
-0.366692 0.144871 0.99393 154 132 118
-0.347748 0.00317623 1.16821 185 140 116
-0.1724 0.0443043 1.1124 94 45 32
-0.392763 0.0769328 0.93302 118 19 16
-0.125938 -0.0575493 1.11599 126 77 58
-0.275838 -0.021917 0.892563 158 140 116
-0.377815 0.117574 0.895688 142 94 37
-0.325432 0.139017 0.829721 121 48 22
-0.250802 -0.211392 1.07228 146 142 92
-0.31472 -0.190269 0.975486 38 10 4
-0.498511 0.0202621 1.47045 162 113 90
-0.0830304 -0.0710525 1.16522 156 112 94
-0.073863 -0.113379 1.01944 170 128 112
-0.213141 -0.0355621 0.905971 99 53 28
-0.35173 0.175504 1.03483 146 124 110
-0.205616 -0.0901539 1.01755 129 76 52
-0.210993 -0.168489 1.13213 130 110 72
-0.113108 -0.104339 1.01518 112 64 48
-0.327924 -0.0123581 0.907458 137 14 14
0.0782603 -0.205804 1.69156 137 130 102
-0.0222657 -0.132806 1.04909 70 30 19
0.130174 0.13421 0.967216 140 107 102
-0.103073 0.0555914 1.12513 159 106 84
-0.127385 -0.12592 1.03371 96 54 36
-0.034222 0.0366687 1.03157 164 116 93
-0.0485266 -0.0796629 1.05339 153 114 98
-0.349524 0.0299721 1.09634 162 116 88
-0.272691 -0.216752 1.60727 132 90 64
-0.262744 -0.073018 1.0167 139 90 63
-0.0269362 -0.112077 1.08797 84 39 23
-0.30105 -0.171189 0.977242 152 90 71
-0.218759 -0.162142 1.11419 120 78 52
-0.0558498 -0.058491 1.11158 165 124 108
0.10125 -0.223876 1.36181 114 111 69
-0.14825 -0.0247077 1.16688 157 106 84
-0.162381 -0.156846 1.18641 120 74 48
-0.357822 -0.0300771 0.866854 161 145 124
-0.174509 0.0638346 1.06888 94 44 27
-0.327813 -0.0969215 1.05522 163 116 94
-0.290059 -0.218768 0.995633 180 122 102
0.121111 -0.256486 1.71687 100 98 57
-0.241532 -0.0324359 0.919883 175 125 102
-0.158905 -0.0297684 1.14771 120 68 48
-0.324173 0.0264359 1.02346 162 116 90
-0.144263 -0.0265714 1.19481 181 133 108
-0.346209 -0.0173757 0.778375 103 20 14
-0.315101 0.186942 0.823204 119 20 21
-0.177434 0.058184 0.914815 126 75 51
-0.0403007 -0.13613 1.098 72 33 22
-0.310874 0.00290448 0.855242 152 98 42
-0.130497 -0.106224 1.01472 106 66 43
-0.0481602 -0.125044 1.0883 95 54 40
0.0752329 -0.215969 1.72609 106 104 64
-0.304509 0.105198 1.09828 104 55 32
0.0937458 -0.294265 1.59463 119 118 72
-0.438848 0.0806515 1.38048 168 120 100
-0.27 -0.0210278 0.996728 182 133 112
-0.0245489 -0.054856 1.07354 166 126 108
-0.355127 0.126218 1.2701 96 46 26
-0.208554 0.0417823 1.18324 129 83 68
0.109866 -0.322567 1.67704 120 117 72
-0.200984 -0.127907 1.04002 108 72 38
0.0571408 -0.261369 1.52523 134 132 82
-0.126636 0.0185274 1.0085 116 63 48
-0.354366 0.0230973 0.853404 123 62 19
-0.278237 0.138982 0.74774 129 10 13
0.0961631 -0.261822 1.56947 114 112 68
-0.011804 -0.0944688 1.0637 128 89 64
-0.310278 -0.188674 1.00906 174 105 80
-0.281017 -0.258049 1.62848 138 132 82
-0.509524 0.241745 1.49968 156 134 121
-0.323351 -0.261287 1.35175 150 144 92
-0.0250638 -0.0323292 1.14221 172 126 106
-0.320349 0.0316159 1.11689 172 124 102
-0.23625 0.0921955 1.09799 128 76 54
0.0228724 -0.253848 1.66491 129 127 79
-0.221001 -0.192874 1.36068 100 70 36
0.106766 -0.276585 1.68505 113 110 68
-0.318063 -0.13129 1.04142 161 112 88
-0.512306 0.239311 1.4845 154 132 118
-0.215177 0.0700081 0.785688 112 66 40
-0.144157 0.0917299 1.16881 166 114 91
-0.30868 -0.00304601 1.05525 172 126 102
-0.28947 -0.219203 1.21517 144 138 87
-0.0332596 -0.114487 0.958761 138 101 82
-0.303372 -0.0125631 0.718135 86 16 8
-0.0282475 -0.0471745 1.03989 152 113 94
-0.167061 -0.221461 1.30137 134 106 67
-0.341105 0.023344 0.934229 160 142 122
-0.0901473 -0.195027 1.07241 165 111 82
-0.153895 0.0891751 0.698966 152 126 114
0.046473 -0.305117 1.75135 134 131 80
-0.0280857 -0.16722 1.02339 102 56 41
-0.643748 0.289021 1.75591 149 127 114
-0.240238 -0.241337 1.02822 150 144 94
-0.0467347 -0.16847 1.0666 136 94 76
-0.173924 0.0288948 1.1373 88 39 26
-0.383678 -0.197184 1.06101 53 22 10
-0.075691 -0.167207 1.13622 160 118 99
-0.360838 0.170044 0.860875 130 10 12
-0.177717 -0.254437 1.29646 148 142 92
-0.378753 -0.0629787 1.07966 158 141 122
-0.550698 0.169108 1.47462 155 128 114
-0.48696 0.24631 1.41272 158 137 125
0.0696508 -0.221796 1.37798 126 124 75
-0.168123 -0.189187 1.20384 129 106 68
-0.0427479 -0.0333345 1.07014 167 126 108
0.0920128 -0.182806 1.58109 140 131 107
-0.225345 0.141576 1.44386 166 130 120
0.0696407 -0.288626 1.53131 136 132 82
-0.00994026 -0.151407 1.53186 154 143 120
-0.281214 -0.048797 0.793616 161 145 124
-0.268684 0.0234529 0.830423 154 134 115
-0.263641 0.113997 1.10805 88 48 32
-0.235639 -0.244258 1.04588 149 144 94
-0.188307 -0.33013 1.3728 106 60 42
-0.353795 -0.284985 1.062 105 91 54
0.0498884 -0.175357 1.49711 148 137 114
-0.460068 -0.0817045 1.06905 162 146 124
0.076533 -0.382215 1.73285 141 138 88
-0.287589 -0.2819 1.26955 151 145 95
0.159135 -0.48534 1.57451 140 136 87
-0.330772 -0.327773 1.29501 150 146 94
0.169604 -0.382837 1.37743 140 138 88
-0.295617 -0.459789 1.60492 149 144 90
0.134987 -0.400273 1.50493 140 138 86
0.0107887 -0.109258 1.66825 146 136 112
0.187643 -0.485222 1.59045 140 136 86
0.0592961 -0.385705 1.32162 142 139 88
0.175437 -0.459382 1.5419 140 136 88
-0.368347 -0.295361 1.08091 149 144 90
0.172541 -0.432854 1.54918 140 138 88
-0.268977 0.2039 1.1764 163 139 132
-0.327309 -0.00546818 0.908963 148 58 33
-0.361814 0.180962 0.938396 124 17 20
-0.104218 -0.113674 1.06282 118 72 48
-0.322935 0.05203 1.1055 168 120 98
-0.151868 -0.0432968 1.1638 132 82 61
-0.163082 -0.0746052 0.98328 123 74 50
-0.366616 0.0227474 0.844601 111 7 10
-0.368405 -0.0329581 0.820408 143 89 74
-0.213505 0.00887458 1.10589 145 104 89
-0.0747211 -0.101994 1.1043 148 106 90
-0.405049 0.155164 0.951743 124 14 12
-0.168694 -0.0966012 0.967809 156 110 86
-0.0810378 -0.129993 1.06027 176 133 114
-0.286621 0.00158297 1.08489 162 115 95
0.0949259 -0.214878 1.64588 85 86 46
-0.22039 0.0950423 1.0856 81 34 22
-0.35885 -0.0219201 0.886045 146 124 94
-0.343677 -0.0213641 0.888357 150 120 76
-0.355375 -0.0127659 0.857528 138 92 33
-0.247776 -0.110117 1.02216 94 50 30
-0.221119 -0.167245 1.10918 122 84 53
-0.289146 -0.247025 0.99796 130 90 62
-0.161477 -0.148691 1.16916 110 66 40
-0.0150595 -0.149418 1.15361 76 36 22
-0.207391 -0.0554025 0.991887 176 118 96
-0.33326 0.0254874 0.899375 162 143 124
-0.366434 0.0429509 0.858938 126 14 15
-0.237145 -0.0506269 0.997393 154 95 74
-0.305957 -0.0248331 0.923838 143 75 66
-0.276404 -0.0991904 1.02524 132 86 64
-0.390636 0.169947 0.97207 116 14 8
0.0193059 -0.157107 1.14261 126 114 77
-0.159798 0.0917129 1.1156 134 104 94
-0.269783 -0.237118 1.02483 152 112 76
-0.376401 0.027628 0.871749 120 13 14
-0.0830769 -0.0134889 1.14742 192 148 123
-0.153709 0.0769292 1.1227 88 39 20
-0.272019 0.0977211 1.07989 98 53 32
-0.334296 0.049804 0.897083 162 140 124
-0.330945 0.143584 0.985025 143 121 108
-0.23484 0.00858248 1.07044 145 100 84
-0.330553 -0.219416 1.00921 70 34 26
-0.225806 0.0494638 1.08089 160 114 97
-0.34192 0.138876 1.04659 150 128 114
-0.231513 -0.191051 1.16816 128 122 75
-0.332373 0.139043 1.04495 148 123 110
-0.253358 -0.141227 1.01135 157 114 96
-0.142381 0.00586586 1.19176 186 138 114
-0.040682 -0.155309 1.10348 103 61 49
-0.361873 -0.0390513 0.82524 163 147 128
-0.354835 0.0922332 0.874466 121 22 18
-0.306378 -0.0194203 0.922626 138 64 57
-0.0473235 -0.0827607 1.13922 156 118 102
-0.144634 -0.0881186 0.976843 130 80 58
-0.207372 0.0539048 1.07793 146 102 84
-0.187951 0.0262827 1.06957 144 100 85
-0.219651 -0.147823 1.12925 126 81 54
-0.22754 0.0563964 1.09731 158 112 96
0.0778516 -0.267676 1.6268 118 118 72
-0.117452 -0.0237741 1.16825 180 134 114
-0.329667 0.0487633 1.12044 170 123 101
-0.234884 -0.193548 1.13492 132 122 74
-0.0413241 -0.130813 1.11197 74 38 28
-0.134989 0.0720527 1.07286 142 90 62
-0.17548 0.0647912 1.09334 84 37 22
0.0134491 -0.152327 1.1306 143 129 104
-0.0792234 -0.0758962 1.06907 143 95 80
-0.182036 0.0417657 1.18542 89 39 26
-0.331808 -0.0265518 0.928357 126 12 12
-0.370404 -0.0247308 0.8283 142 86 73
0.106806 -0.308078 1.68803 119 117 73
-0.252129 0.115455 1.11813 72 31 21
-0.346324 0.152372 1.05947 145 123 108
-0.147451 -0.219922 1.14683 144 142 90
-0.350032 0.165414 0.975259 140 118 104
-0.342345 0.0575128 0.953147 159 136 120
-0.26918 -0.24003 0.997375 86 60 38
-0.264486 -0.0178476 0.921248 172 125 102
0.119788 -0.314042 1.64752 118 116 72
0.0791162 -0.259934 1.68084 112 110 68
-0.166112 0.0230145 1.20139 145 92 73
-0.280821 0.113286 1.09171 95 52 31
-0.365898 0.08209 0.864549 79 51 54
-0.362387 0.0121611 0.873258 132 64 27
-0.23017 -0.199042 1.22721 126 122 73
-0.0517481 -0.169158 1.11272 142 102 84
-0.238352 -0.198564 1.22371 126 122 74
-0.244595 -0.205553 1.18869 134 132 81
0.118964 -0.312066 1.46319 130 129 82
0.135639 -0.328977 1.52548 134 131 86
-0.640722 -0.539082 1.40259 150 143 91
-0.291018 0.157727 1.02328 162 139 128
-0.310584 -0.272199 1.01306 58 36 14
0.164019 -0.517813 1.61035 140 137 85
-0.155849 -0.299313 1.13909 148 145 94
-0.311276 -0.327979 0.993281 150 144 92
-0.214394 -0.286757 0.951015 148 144 92
0.199408 -0.513085 1.54888 140 136 88
-0.477638 -0.27727 1.02817 152 144 94
-0.185308 -0.323726 0.861832 147 141 89
0.330809 -0.377452 1.08321 163 158 107
0.00088479 0.0725737 1.00102 159 138 124
0.324328 -0.0661125 1.14214 90 60 26
0.343066 -0.0838343 1.21059 158 150 130
0.458976 0.0702694 1.06505 164 144 138
0.383685 -0.10558 1.16358 108 71 46
0.425459 0.0932259 1.10166 156 132 126
0.102252 0.150385 1.00845 142 64 62
-0.369855 0.0438441 0.853575 93 48 53
0.0763543 0.0912355 0.945984 154 22 22
0.34893 -0.0876489 1.21892 158 151 130
-0.185832 -0.0695719 0.985957 136 80 59
0.546947 0.0506746 1.11695 129 92 74
0.417186 -0.0864679 1.22947 91 58 28
0.387972 -0.0727194 1.19079 106 82 58
0.304013 0.00323128 1.18494 134 124 93
0.00644985 0.0517473 1.179 102 58 42
0.446158 -0.206553 1.16727 124 102 66
0.417661 -0.0810278 1.0164 174 105 78
0.388021 -0.0963783 1.01808 82 64 47
0.331734 -0.095717 1.1257 160 150 127
-0.367317 0.00955142 0.841165 115 15 16
0.455368 -0.0631121 1.07624 162 91 64
0.0681505 0.104848 0.94954 154 28 24
-0.185158 -0.0803223 0.994679 125 78 54
0.0430254 0.0410966 1.12629 119 82 58
0.379307 -0.376013 1.12117 150 116 91
-0.410426 0.144104 0.905303 135 85 44
0.429664 0.0431598 1.05189 126 84 65
0.394052 -0.103082 1.0935 122 110 88
0.366689 0.0563148 1.1191 114 86 84
-0.00997519 0.0568246 1.13787 146 109 91
-0.381661 0.157908 0.893014 127 52 24
0.502762 0.110636 1.13015 126 112 89
0.0625192 0.124786 0.974077 154 24 24
0.464874 -0.0482349 1.03654 127 100 82
0.407362 -0.15771 1.01488 80 62 43
0.462378 -0.181554 1.04662 129 101 88
0.426314 -0.173137 1.00758 75 62 47
-0.375079 -0.0218238 0.809796 140 92 92
0.180022 0.0844087 0.971505 148 25 26
-0.349547 -0.14273 1.04408 68 30 22
0.418744 -0.136822 1.0373 123 93 81
0.437242 -0.126401 1.18071 68 48 34
0.0321831 0.0745966 1.02601 162 138 125
0.437835 -0.165311 1.0135 115 84 72
-0.0451606 -0.101871 1.11473 118 78 63
0.489186 -0.212006 1.03929 140 110 100
0.448447 -0.0299643 1.0681 106 80 68
0.574762 -0.0229464 1.1485 124 101 78
-0.376229 -0.0991683 0.810252 160 147 128
0.337887 -0.0846367 1.12986 91 67 36
0.444887 -0.370679 0.990254 152 134 108
0.298917 0.0182185 1.14902 107 96 72
0.462427 0.00384728 1.08604 112 76 55
0.0724551 0.00769068 1.2776 152 138 116
0.0111628 0.0784436 1.2065 94 58 33
-0.400954 0.139598 0.912427 93 30 22
0.0115296 0.0874623 1.01415 156 136 121
0.090867 0.0326667 0.944197 108 25 16
0.397474 -0.0918508 1.01974 125 94 80
0.0699605 0.0288121 1.2872 146 112 85
0.124178 0.115132 0.944923 124 81 72
0.308516 0.0245545 1.17007 108 96 70
0.138979 0.0941154 0.938655 87 74 58
0.375506 -0.2644 0.916546 100 54 31
-0.00474783 0.0262624 1.15519 121 74 62
0.327676 -0.0206033 1.15806 110 74 50
-0.221965 -0.107446 1.03194 128 82 63
0.308969 0.0223916 1.14541 128 106 86
0.41066 -0.228814 0.92237 161 137 131
0.402895 -0.198325 0.93543 130 98 87
-0.387039 0.0562054 0.846512 70 64 74
0.428391 -0.193434 1.05434 70 64 42
0.306713 -0.342337 1.04654 163 158 108
0.0081865 0.068452 1.15972 100 60 36
-0.118263 -0.263247 1.13029 66 36 21
0.371939 -0.0526336 1.16502 112 84 60
0.306618 -0.0307396 1.13308 145 126 100
0.497854 -0.115609 1.03333 38 22 18
-0.0868278 -0.098977 1.04227 152 105 84
0.0235683 0.0392362 1.15243 161 118 99
0.387385 0.0694908 1.07394 185 165 158
0.313001 0.0161091 1.19471 127 114 86
0.527855 -0.112992 1.10505 17 12 13
0.0401782 0.140711 1.02854 141 112 97
-0.344242 0.148474 0.968464 143 124 111
0.30041 -0.0205591 1.17318 144 134 106
-0.130897 -0.177732 1.18932 153 106 77
-0.00546047 0.0767561 1.00332 157 136 122
0.495286 0.0928122 1.07722 172 152 146
0.470836 -0.171749 1.03977 126 80 63
0.091687 0.0290877 0.946561 118 26 20
0.412272 -0.213533 0.934762 156 130 122
0.428237 -0.182686 1.10565 155 153 105
-0.247955 -0.102312 1.02303 111 68 45
-0.377176 0.150636 0.930372 145 56 36
-0.259387 -0.239691 1.038 152 146 98
0.321333 0.00440777 1.12477 153 130 114
0.308463 0.0398328 1.13267 120 98 76
-0.367557 0.0352536 0.859906 128 16 16
0.475263 -0.0875177 1.05385 140 112 100
0.540412 -0.00592163 1.11327 150 124 106
0.00907652 0.0473304 1.15543 128 79 60
0.0556802 0.0289144 1.21462 146 111 82
-0.144984 0.0345408 1.1433 160 110 90
-0.379724 -0.0137307 0.803199 124 16 18
0.513235 -0.118944 1.03966 94 54 40
-0.290495 -0.208996 0.997354 139 86 73
-0.339571 0.0733984 0.888179 159 135 122
-0.292899 -0.176242 1.00332 170 96 74
-0.305266 -0.105927 1.05152 175 128 106
-0.45425 0.0636454 0.800197 129 81 36
0.537138 -0.00864165 1.09879 143 118 97
0.188779 0.0696458 0.995305 135 27 20
0.313551 0.0720084 1.14931 86 64 40
-0.301672 0.104779 1.09756 118 72 51
0.0568772 0.0358724 1.20902 144 106 78
0.401284 -0.373453 1.12695 128 110 98
-0.295089 -0.197993 1.00882 122 61 46
-0.316427 0.0769902 1.0926 166 120 102
-0.29661 -0.061146 1.04775 139 94 76
0.04198 0.0695687 0.934151 136 22 20
-0.376736 0.141128 0.943529 146 98 52
-0.274304 -0.243496 1.01888 93 65 39
-0.0726508 -0.0959548 1.06788 142 102 86
0.499478 0.103509 1.09673 168 149 144
0.52046 -7.08187e-05 1.08213 162 138 123
-0.395954 0.0866433 0.864681 116 71 76
0.433159 -0.151998 1.03407 115 86 74
0.356347 -0.215016 0.9619 156 153 106
0.375971 0.0444786 1.07323 159 132 124
0.353585 -0.175397 1.10994 153 149 106
-0.10889 -0.183172 1.12265 170 119 90
0.46231 0.0276175 1.01844 96 56 38
0.149064 0.126512 0.954478 90 75 68
-0.384917 0.134967 0.934812 155 102 44
-0.167684 -0.0797142 0.986764 133 84 63
0.319346 -0.0866561 1.18066 159 151 130
0.494722 -0.182088 1.65727 128 125 90
0.0726718 0.0286529 1.26208 140 106 78
0.353439 -0.0401563 1.15437 94 64 42
0.468254 -0.393886 1.1147 132 114 86
0.48395 -0.0547216 1.05714 152 118 100
-0.370292 0.118367 0.902473 152 98 52
0.0795714 0.167267 0.982698 172 103 104
0.0430747 0.0212478 0.969736 148 74 62
0.0876058 0.0604888 0.922618 130 19 16
0.408696 -0.351446 0.965965 154 134 112
0.39691 -0.215328 0.929214 155 130 124
-0.389318 -0.0413041 0.818491 132 17 22
0.428907 -0.20363 0.941653 122 78 57
0.380566 -0.091179 1.02972 120 104 82
0.422787 -0.18404 1.05159 124 114 83
0.0891778 0.0190181 0.967462 137 62 48
-0.221508 -0.0288301 1.05929 141 98 87
0.196364 0.0781092 0.988171 158 82 74
0.439959 -0.196856 0.941424 101 68 53
0.42108 -0.00161851 1.08245 119 92 82
0.0392047 0.0456088 1.21274 158 117 96
0.396367 -0.0319919 1.07465 116 90 77
0.352633 -0.237135 0.964511 138 112 100
0.424347 -0.106658 1.01431 104 74 58
0.394522 -0.21338 0.919014 157 132 126
-0.243929 -0.183267 1.06634 136 108 76
0.560564 -0.011966 1.13796 138 112 91
0.384736 -0.081731 1.03771 109 84 64
0.375249 -0.128097 1.02398 144 138 106
0.534623 0.0517909 1.09235 138 104 90
0.48026 -0.132132 1.03576 86 38 28
0.472582 -0.21914 1.78832 112 113 72
0.410088 -0.364432 1.00557 148 130 104
-0.392647 0.137347 0.9054 120 50 16
0.42897 -0.174241 1.02598 64 56 40
0.0416663 0.151221 1.03586 138 110 96
0.391653 -0.0984758 1.04465 89 69 47
0.139823 0.108694 0.936139 114 98 92
0.0424493 0.147731 1.03888 140 112 96
-0.165914 -0.160322 1.19821 122 77 49
-0.345712 0.191091 0.918546 134 16 19
0.38302 -0.0569269 1.06057 102 78 62
-0.320052 -0.115797 1.0448 144 89 70
-0.311464 -0.0950207 1.04763 168 121 98
0.357067 -0.165487 1.13844 148 146 100
-0.288265 -0.167192 1.0202 70 30 20
0.397664 0.086072 1.12308 160 136 126
0.494458 -0.144781 1.04801 158 66 42
0.339926 -0.0230809 1.13794 89 59 28
0.313554 0.0263405 1.14018 126 105 85
-0.0736996 0.032969 1.12783 192 146 124
0.469602 -0.396972 0.985246 128 102 66
0.375708 0.0209015 1.07116 141 104 88
0.0898437 0.132125 0.954575 92 72 66
-0.229074 -0.117289 1.06158 134 92 76
0.367665 -0.20197 0.955367 154 151 103
0.0439512 0.154158 1.01436 134 104 93
0.131299 0.137802 0.973831 146 55 53
0.129151 0.0612299 0.943348 135 28 23
0.0419277 0.0298377 1.1961 150 113 88
0.190926 0.0899488 1.01769 146 24 22
0.0889437 0.00706468 0.962189 168 152 134
-0.0615568 0.0564334 1.10957 170 122 101
-0.037223 0.0740059 1.11584 142 91 70
-0.239775 0.029695 1.09769 142 96 80
-0.226606 -0.14731 1.07263 136 96 71
-0.378972 0.145728 0.92085 143 62 30
0.303478 -0.313132 1.05251 164 160 112
-0.0284489 0.0436159 1.1094 156 114 98
0.454248 -0.0759311 1.03211 142 102 86
0.303431 -0.0498335 1.19029 153 143 117
0.423435 0.0134991 1.08964 134 106 94
0.329185 -0.0208706 1.13935 118 90 62
-0.111355 -0.144772 1.11102 189 142 116
0.442526 -0.0756077 1.02112 92 54 38
0.325232 -0.0351083 1.14889 111 68 39
-0.398945 0.0636218 0.853504 20 18 34
0.388593 -0.0754979 1.05443 102 79 56
0.457056 -0.150383 1.02572 106 68 54
0.304685 0.0641839 1.15258 106 87 65
0.395322 -0.0762073 1.03834 118 90 76
0.448165 -0.213622 0.94001 130 100 88
0.469917 -0.186919 1.67268 123 122 86
-0.361907 -0.0400824 0.812761 154 128 114
0.115495 0.13778 1.00331 139 113 108
-0.33577 0.00808539 0.86603 154 110 56
-0.0575939 0.0778927 1.09812 126 74 50
0.426733 -0.200318 1.73016 92 94 58
-0.382009 -0.0170052 0.810727 120 16 20
0.314733 0.0315994 1.14458 123 101 80
0.44806 0.051003 1.06763 156 116 102
0.42098 -0.149933 1.07036 148 140 110
0.404955 0.02652 1.03131 93 54 31
0.0365509 0.0385439 1.16988 153 112 90
0.454002 -0.180439 0.96309 82 32 21
0.315139 -0.358582 1.06309 161 158 106
-0.239557 -0.0535428 1.00323 136 88 69
-0.406726 0.111872 0.88178 131 20 20
0.497727 -0.0767049 1.04847 32 10 10
-0.318708 -0.02514 0.913768 124 12 12
0.429339 -0.0852843 1.0317 166 98 70
0.440581 -0.112764 1.04015 102 72 58
-0.0556996 0.0555012 1.13085 168 120 100
-0.167629 0.0794256 1.11312 84 38 22
0.502321 -0.178128 1.00831 133 108 82
-0.379899 -0.0237093 0.803872 142 78 80
0.416759 -0.346744 0.996784 148 120 95
0.42244 -0.165773 1.04776 86 69 52
0.301555 0.032975 1.22538 133 122 94
0.0580315 0.140461 0.978491 154 24 24
0.119738 0.107838 0.919861 129 112 100
0.130812 0.0289143 0.995123 112 40 28
-0.327253 0.186647 0.947962 144 121 112
0.284804 -0.0168706 1.32871 153 142 119
0.0887587 0.156676 0.994318 140 30 30
0.418473 -0.288532 0.943312 114 28 20
-0.391351 0.105059 0.872665 76 23 33
0.422191 0.0663788 1.06702 159 136 130
-0.299304 -0.083967 1.04801 152 107 88
0.477027 -0.126872 1.05126 15 9 8
0.412064 -0.0706063 1.14022 100 90 64
0.396557 -0.314034 0.935043 116 9 9
0.427318 -0.196522 0.934034 137 106 94
0.405043 0.0166561 1.09212 96 56 36
-0.389354 -0.0446879 0.818598 132 18 22
0.37369 -0.218049 0.94088 102 70 51
0.378807 0.0245804 1.06067 147 110 97
0.565445 -0.00679868 1.11775 132 110 90
0.4103 -0.180865 0.911283 146 126 118
0.083427 0.113817 0.949859 104 90 84
0.123385 0.12912 0.962771 147 25 22
0.402155 -0.121175 1.33986 162 154 134
0.39394 -0.0576063 1.03694 118 90 78
-0.389654 0.124245 0.890716 126 42 18
-0.329593 -0.0142855 0.879598 146 102 43
0.504505 0.0114966 1.07109 138 106 91
0.422922 -0.151166 1.05504 112 83 70
0.415464 -0.182319 1.0941 157 154 106
0.190365 0.0780314 0.989151 140 25 24
0.499008 -0.139426 1.0654 84 28 16
0.11681 0.0465437 0.952469 128 28 23
-0.295043 0.15932 0.971574 160 138 130
-0.363402 0.141573 0.937291 150 132 120
0.44957 0.0123244 1.05888 119 80 60
0.575062 -0.0159212 1.16417 126 98 77
0.116634 0.0510548 0.952008 130 26 22
0.399403 -0.11327 1.07119 161 150 128
0.357937 -0.211283 0.951149 155 152 106
0.545479 0.00929915 1.1305 148 124 108
0.464225 -0.158286 1.03483 106 50 40
0.396002 -0.335027 1.00619 152 135 115
-0.386943 0.0865435 0.883042 96 50 56
0.394734 -0.283251 0.947622 106 16 12
0.0476478 0.105217 1.0222 108 50 44
0.420026 -0.394864 1.14383 144 126 114
0.349328 -0.0789772 1.12038 152 122 102
0.0340807 0.0636579 1.11654 112 76 44
0.385111 -0.24077 1.60098 122 122 80
0.312814 0.0630889 1.19325 122 105 86
0.420995 -0.108965 1.01625 112 80 64
0.302217 -0.0794538 1.14502 157 149 127
-0.290374 0.144221 1.00322 155 132 122
-0.0818894 -0.00498787 1.13095 174 120 98
0.592505 0.00432721 1.1672 136 102 86
0.389831 -0.197263 0.943019 125 94 83
-0.321881 -0.111765 1.05042 132 78 58
0.415369 -0.198689 0.942936 136 104 92
0.458337 -0.209206 1.70558 112 113 74
-0.388526 -0.047453 0.814819 132 16 21
0.310396 -0.364592 1.08457 157 154 105
0.428064 -0.344995 0.982558 120 34 24
-0.390953 0.191537 0.925149 71 3 4
0.466526 -0.196848 1.2341 109 52 30
0.392878 -0.109626 1.02359 118 89 76
-0.328589 0.00127957 0.873143 160 116 60
-0.312887 0.16461 0.937603 147 126 118
0.30612 -0.0706694 1.17524 158 148 126
0.310303 0.0595819 1.19626 123 107 88
-0.334519 0.189805 0.934425 140 114 108
0.396586 -0.322998 0.948366 111 10 8
0.354832 -0.0301372 1.14867 108 78 58
0.557619 -0.207391 1.71941 146 144 98
0.458924 -0.376597 0.970629 105 32 15
-0.318135 -0.044338 0.941372 166 121 98
-0.283729 0.0390622 1.0696 143 97 82
-0.414649 -0.0616372 0.82045 124 12 16
-0.414099 0.0251362 0.837804 112 8 11
-0.38184 0.039929 0.838245 116 91 95
0.186776 0.0934837 0.978656 151 25 26
-0.194615 0.0307999 1.09474 146 102 90
0.526149 -0.172315 1.05159 110 66 46
0.306433 0.0498524 1.21278 131 118 92
0.105168 0.128132 0.984153 48 38 34
0.394555 -0.261822 0.905251 132 100 86
0.294986 -0.0827097 1.17393 158 150 128
0.117707 0.0440632 0.978882 72 18 8
-0.196604 -0.0246258 1.09008 144 98 84
-0.339332 -0.0239119 0.891883 156 136 110
0.501796 -0.125175 1.07241 15 9 6
0.579981 -0.430273 1.12483 118 26 16
0.410392 -0.191049 1.69973 108 106 73
-0.336482 0.139239 0.99207 146 125 113
0.447276 -0.197246 0.944892 71 42 28
0.214522 -0.320395 1.60122 138 136 89
0.358676 0.0125899 1.08739 143 112 100
-0.235942 -0.00576977 1.08616 140 96 84
0.484953 -0.43952 1.0224 156 154 102
-0.337584 0.185094 0.924257 139 115 106
0.0753759 -0.0116772 1.16442 151 140 120
0.160594 0.0505942 0.983936 134 26 20
0.124435 0.0504797 0.951281 135 26 24
0.254821 -0.104255 1.56388 146 138 118
-0.319979 0.145035 0.945218 144 124 114
0.100465 -0.0129462 1.22551 152 140 120
0.124751 0.0453738 0.952188 134 27 22
0.0164959 0.130262 0.99639 148 122 108
0.618982 -0.263789 1.80486 164 162 112
0.138051 0.0477254 0.924976 134 26 20
-0.108017 -0.599798 1.49894 153 150 100
0.017181 0.1353 0.999747 146 120 108
-0.313492 0.13841 0.95012 146 126 114
-0.108562 -0.607425 1.49596 156 152 102
-0.413594 -0.106898 0.802548 36 42 64
0.428982 -0.406974 1.09201 158 156 106
0.0812971 0.260394 1.03164 162 138 134
0.238251 0.0062504 1.14155 142 130 104
0.0368361 0.26297 1.07184 164 140 136
0.277518 -0.0875259 1.43062 154 144 122
-0.21094 -0.341611 1.73005 152 148 99
0.361492 0.14996 1.04088 158 139 132
-0.108889 -0.602379 1.54122 154 150 102
0.130406 -0.0381859 1.30178 150 140 120
0.0796888 0.299015 1.11121 164 141 136
-0.253871 -0.311141 1.15836 149 146 96
0.527618 -0.241195 1.57601 164 162 114
0.666225 -0.514387 1.1751 156 152 103
-0.193277 -0.366773 1.61045 154 150 100
0.286732 0.113667 1.10333 148 130 119
0.0467838 0.271311 1.04247 163 140 136
0.223859 -0.0896972 1.50194 145 137 116
0.255552 -0.145345 1.35717 144 136 118
0.312129 -0.560503 1.57295 152 150 102
0.260983 -0.0517205 1.39502 154 144 124
0.302815 -0.0996834 1.44761 156 146 124
0.272945 -0.0755544 1.43419 154 144 124
0.277122 -0.418541 1.04649 160 156 104
0.259115 -0.569343 1.67132 154 150 102
0.217175 -0.534931 1.53427 154 150 103
-0.0365181 -0.411627 1.2275 156 152 102
0.382293 -0.474767 1.42756 148 146 97
-0.116982 -0.368691 1.26439 156 154 104
0.571056 0.255178 1.14582 160 142 132
0.360248 -0.049115 1.14561 127 95 72
-0.410141 0.171383 0.927116 76 8 10
-0.157766 -0.0718296 0.992063 120 72 48
0.445914 -0.385336 0.98372 148 130 98
0.53304 -0.216846 1.10802 158 135 126
0.317954 -0.368485 1.08005 157 154 100
-0.401136 -0.0469476 0.816574 139 18 20
0.0755011 0.0283833 0.938277 126 38 24
0.422942 -0.034212 1.06053 86 64 53
0.374565 -0.0233848 1.11184 130 110 93
-0.363639 0.0833534 0.881776 75 53 60
0.389314 -0.0690379 1.06661 106 89 62
0.0585712 0.14991 1.00258 154 26 26
0.439461 -0.0271673 1.08582 140 111 96
0.438126 -0.196133 1.15255 119 98 59
0.392981 -0.0522271 1.11064 96 76 50
0.420099 -0.160561 1.0081 102 86 72
-0.381708 0.159457 0.943513 138 46 21
0.349805 -0.360864 1.09604 140 110 64
-0.349646 0.125627 0.937271 158 138 126
-0.18936 0.0976609 1.09983 71 30 20
0.113427 0.112832 0.943311 152 24 26
-0.0888561 -0.303177 1.10134 72 43 29
0.314341 -0.149044 1.10256 140 138 90
0.372153 -0.165097 1.1052 116 88 69
-0.372157 0.168112 0.933232 132 12 14
0.315114 0.0213532 1.09992 156 130 115
0.53697 -0.138868 1.03943 144 76 44
0.435377 -0.236848 0.921397 162 138 128
0.0143796 0.0388648 1.14555 166 118 96
-0.249315 -0.231443 1.05949 150 147 94
0.108673 0.108066 0.951815 156 72 70
-0.32653 0.101284 1.10138 122 71 46
0.374451 -0.0418804 1.12029 102 65 44
0.422874 -0.208904 1.00729 133 104 90
-0.399371 0.16798 0.909176 69 6 8
0.0614013 0.0899062 0.946707 162 24 24
0.451974 0.0266569 1.05973 92 50 28
-0.0995954 -0.0913736 1.04698 154 104 90
-0.0416064 -0.239334 1.08538 44 20 12
-0.390098 0.129524 0.896607 126 60 14
-0.409357 0.0645811 0.850707 60 46 52
0.479903 -0.22105 1.06356 140 110 99
-0.250673 -0.0218727 1.08754 138 92 76
-0.0221004 -0.159095 1.10542 51 16 10
0.471873 -0.00384859 1.07782 163 130 111
0.305422 -0.0323134 1.1985 152 142 116
-0.0272317 -0.107689 1.12136 80 34 24
0.1568 0.146198 0.983238 129 35 33
0.0175473 0.0447328 1.16533 163 114 92
-0.376724 0.158457 0.923554 152 82 34
0.0900403 0.0800651 0.932336 138 17 16
0.453212 -0.162653 1.02764 108 53 42
-0.267256 0.0343112 1.09472 141 93 76
0.442537 -0.372913 1.01045 158 139 110
0.37426 -0.21184 1.11403 165 162 114
-0.323571 0.184387 0.949987 147 126 115
0.334194 0.062331 1.07574 83 71 64
0.315579 0.0717688 1.08372 121 99 80
0.0504825 0.0262607 0.938421 136 32 24
-0.22706 0.0597818 1.08441 158 110 94
-0.444207 0.0523208 0.812516 156 106 46
0.471069 -0.112539 1.03732 16 12 12
0.382562 0.0337827 1.0752 166 138 130
0.0351013 0.109559 0.999801 140 80 66
-0.0453 0.0177155 1.1276 177 132 116
0.452372 -0.388996 1.00179 156 138 108
0.0420266 0.0637649 0.930615 143 24 22
-0.337288 0.176454 0.920517 138 118 106
0.318486 0.0357473 1.1383 115 92 75
-0.31581 0.148729 1.00977 148 126 116
0.436472 -0.396136 1.00542 159 154 104
0.156126 0.0465905 0.945881 138 30 24
-0.36204 0.171148 0.928993 136 14 18
-0.377566 0.145164 0.942945 140 60 40
0.29081 -0.0137432 1.07968 142 118 96
0.357245 -0.0222972 1.13575 94 58 32
0.425799 0.035909 1.05307 146 100 80
0.0666089 0.0661197 0.943473 137 24 19
-0.358224 0.173034 0.965713 139 118 106
-0.404385 0.147024 0.903996 126 78 70
-0.387514 0.00178072 0.832004 117 9 12
0.46193 -0.122495 1.05377 59 36 24
-0.405035 0.18618 0.907696 132 12 16
-0.245342 0.0397903 1.10818 148 100 84
-0.242874 0.0216597 1.0985 145 98 81
0.333984 -0.279077 0.95729 149 124 109
-0.345262 0.194849 0.933259 132 18 22
0.439906 -0.364384 0.998033 144 96 71
0.395862 -0.356192 1.01935 158 140 114
0.0419384 0.0351574 0.935539 137 28 21
0.0489498 0.106854 0.93752 157 27 28
0.0423555 0.0722191 0.968952 144 27 24
0.299841 -0.0157786 1.2076 144 135 106
0.292336 0.0491428 1.196 138 123 98
0.420687 -0.130651 1.12937 62 77 55
-0.38207 0.214269 0.93495 99 14 17
-0.0258226 0.0190551 1.13052 160 122 104
0.410448 -0.0945062 1.10264 124 111 82
0.0451809 0.0944141 0.981181 124 83 74
0.0749873 0.0724672 0.94605 152 25 24
0.44769 0.133527 1.1296 124 84 72
0.445089 -0.154285 1.0228 127 96 82
-0.364118 -0.0643335 0.830397 160 148 127
0.0905384 0.120338 0.948188 51 30 22
0.516366 0.0165689 1.09961 144 110 93
0.401856 -0.221034 1.11859 106 52 24
-0.131934 -0.106925 0.997187 150 106 88
-0.420419 0.163999 0.916431 122 16 12
0.416071 -0.189091 1.66409 137 131 106
0.293512 0.0653682 1.13104 124 106 86
-0.370891 0.186334 0.905225 133 14 16
-0.379381 0.191556 0.907605 84 4 8
-0.41584 0.181391 0.924186 128 44 13
0.336996 -0.0199783 1.12191 92 58 28
0.148067 0.0512508 0.932709 138 28 22
0.391834 -0.0682304 1.14221 94 72 43
0.581592 -0.198081 1.14653 106 49 38
0.457452 -0.137366 1.0263 14 8 8
0.103146 0.0519872 0.960927 130 24 19
0.516443 0.0106425 1.09942 150 114 95
0.488442 -0.319834 0.979102 121 10 8
0.144014 0.0348415 1.0062 136 29 22
-0.364217 0.202846 0.911517 136 14 16
-0.36816 0.197391 0.919638 136 13 15
0.574679 -0.178368 1.14899 147 80 60
-0.193093 -0.00323152 1.09872 149 104 90
-0.38466 0.192472 0.901838 112 13 17
0.568004 0.00995539 1.15 138 106 91
0.382782 -0.0132384 1.10272 136 115 98
-0.279976 -0.261771 1.01285 145 137 88
0.107658 0.000774082 0.983157 164 150 130
0.179943 0.192693 1.05966 156 130 123
-0.261067 -0.271028 1.02855 150 146 93
0.547541 -0.0755727 1.08246 171 139 120
-0.284122 -0.262769 0.925922 150 145 94
0.0947866 0.262954 1.05088 166 142 138
0.292535 -0.0358249 1.33878 156 145 122
0.416217 0.132341 1.1976 152 126 116
-0.0297006 0.100522 1.07175 160 134 122
0.231336 -0.496944 1.47954 146 142 94
0.288522 -0.0727877 1.31889 154 145 121
-0.470839 0.135951 0.860421 157 135 120
0.144142 -0.3542 0.960977 148 145 94
0.359659 0.184338 1.14352 164 144 137
-0.117077 -0.584889 1.47514 154 150 100
-0.117022 -0.324825 1.09134 154 151 102
0.249848 -0.308122 1.04892 148 145 94
0.48709 -0.435085 0.986365 132 84 46
-0.326574 0.263316 0.985935 164 142 136
0.512598 -0.414764 0.998414 116 70 39
0.251365 -0.343519 1.07756 146 144 90
-0.057471 -0.38165 1.07486 154 150 98
-0.0190114 0.182954 1.06056 166 142 134
0.246391 -0.318723 1.06981 146 144 92
-0.319794 0.180066 0.947654 146 126 114
-0.226318 -0.105639 1.0468 164 116 90
-0.403034 0.146539 0.911133 97 16 12
0.35564 -0.249477 0.932272 154 126 118
-0.291644 -0.147904 1.046 136 88 65
-0.397383 0.170681 0.928608 110 34 16
-0.359823 0.0234974 0.849847 108 6 8
-0.105568 0.0656187 1.1534 161 108 86
-0.370614 0.00400925 0.831863 106 14 12
-0.213205 0.0932687 1.09857 78 34 20
0.43722 0.046619 1.07386 131 89 68
-0.297483 -0.251031 0.998525 44 26 12
-0.077486 0.0604034 1.14374 192 142 116
-0.231325 -0.0704496 1.01534 172 113 90
0.056803 0.108365 0.955772 154 80 76
0.467794 -0.084813 1.03439 104 80 72
-0.239214 -0.122211 1.04066 138 98 80
-0.438663 0.05189 0.815348 128 56 27
-0.351185 0.190762 0.933366 128 41 38
-0.367008 0.0267134 0.853768 118 12 12
-0.312873 -0.140181 1.05023 150 97 74
0.320575 -0.0501617 1.1757 136 109 82
-0.148653 0.0849851 1.13386 134 84 60
0.348863 -0.227828 0.961569 94 51 24
-0.312954 -0.105984 1.05367 169 122 99
-0.359301 0.102976 0.930549 143 81 70
-0.403905 0.0338325 0.832103 122 16 18
0.427071 -0.368201 0.992283 155 137 108
-0.138035 0.0532959 1.14262 176 124 100
-0.393785 0.0382348 0.846741 93 46 51
-0.3494 -0.0256558 0.851932 158 142 121
-0.181038 -0.0936705 0.996614 140 90 65
0.310236 -0.292139 1.04625 150 148 98
-0.208555 0.0313497 1.0796 154 113 100
-0.37176 -0.0811394 0.81943 162 148 126
-0.123748 0.0637578 1.14113 184 134 110
-0.16759 0.0202115 1.15372 95 44 30
-0.375657 -0.085016 0.808299 161 148 127
-0.43301 0.0530864 0.833282 131 44 22
-0.407691 0.117758 0.891215 128 18 16
-0.350768 -0.151013 1.04349 66 29 20
-0.273221 -0.0360543 0.970701 177 131 108
-0.317174 -0.00678779 0.874622 158 92 50
-0.300462 -0.189711 1.00507 171 102 78
-0.0884131 0.0493546 1.13747 166 114 92
-0.357449 0.196573 0.923522 132 14 16
-0.0542238 0.0780898 1.12336 132 81 56
-0.2263 0.07418 1.08637 130 81 59
-0.0390363 0.0798022 1.10454 112 63 36
-0.395894 0.0365297 0.843285 104 36 37
-0.374414 0.0525516 0.860435 72 15 26
-0.353302 -0.0458313 0.80694 161 146 126
-0.375929 -0.0344179 0.81599 139 82 79
-0.398175 0.032311 0.849575 122 16 18
-0.0993826 0.0286304 1.1309 165 114 94
0.0731957 0.100257 0.948597 136 66 64
-0.158459 -0.00103663 1.1569 120 68 50
-0.349339 0.0354712 0.862406 142 82 72
-0.356472 -0.0123679 0.853317 134 92 30
-0.291917 0.103752 1.09035 102 54 34
-0.358009 0.0135247 0.857725 134 52 28
0.416584 -0.334226 0.998579 118 11 8
-0.365705 -0.000553639 0.840275 105 15 13
-0.412846 0.0206167 0.86147 116 8 12
-0.157874 0.017265 1.14997 124 71 51
-0.0947974 -0.0524396 1.13214 169 122 102
-0.30856 -0.16366 1.01993 86 42 28
-0.0484783 0.0232983 1.15093 176 130 112
-0.0877489 -0.0268572 1.13866 190 146 123
-0.113884 -0.0827664 1.01869 136 86 70
-0.383808 0.0486326 0.847528 22 18 32
-0.347141 0.0146898 0.869131 146 102 46
-0.360386 -0.0515554 0.815043 158 146 126
-0.194091 0.00546216 1.10235 146 100 86
-0.185675 0.0291936 1.11095 138 92 78
0.0164734 0.10957 1.01489 138 113 102
-0.278685 -0.14304 1.0416 134 88 66
-0.372498 0.214889 0.921109 110 22 22
-0.194097 0.013681 1.10301 145 100 86
0.355248 -0.324488 0.992011 125 97 73
0.423939 -0.380856 1.00156 154 149 100
-0.265298 -0.0251255 0.951493 175 128 104
0.231366 -0.331028 1.61133 134 132 84
-0.35623 0.208581 0.934993 124 19 20
-0.225324 0.112254 1.0973 98 50 31
-0.493771 -0.174864 0.889133 134 130 80
-0.31819 0.215068 0.969922 164 141 132
0.486255 -0.465886 1.00699 154 149 96
-0.495144 -0.178326 0.884332 139 134 85
-0.285243 0.20689 0.985311 162 141 132
-0.207324 -0.384041 1.01196 149 144 94
0.422123 -0.882322 1.99492 150 146 94
-0.0968332 -0.208585 1.12601 128 76 46
0.308694 -0.316948 1.04437 152 147 96
-0.371474 0.0365679 0.837264 104 40 40
-0.36827 -0.0805691 0.826448 164 148 126
0.0643761 0.0373332 0.931265 24 12 4
-0.404028 0.118574 0.876959 126 18 16
-0.15031 0.00664393 1.15415 152 101 80
-0.37619 -0.0813656 0.813724 162 148 125
0.434615 -0.406316 0.988169 154 149 95
-0.373815 -0.0788853 0.828191 164 150 128
0.379734 -0.232347 0.935375 102 74 68
-0.378991 0.119099 0.921799 146 92 60
-0.307535 -0.0133633 0.906447 136 18 20
-0.361589 0.0700081 0.876324 126 20 20
-0.21962 -0.01833 1.07068 144 104 92
-0.148073 -0.0928539 0.975888 149 99 77
-0.405346 0.0468032 0.83013 104 42 41
0.0676849 0.159234 1.0014 147 36 34
-0.329421 -0.094306 1.05033 114 68 54
-0.314425 0.176874 0.967068 152 131 122
-0.234501 -0.14718 1.07186 134 95 70
-0.167468 0.0158407 1.14156 88 38 24
-0.406049 0.0476111 0.845565 82 30 33
-0.15896 0.038934 1.14369 114 62 46
-0.379562 0.102616 0.877554 116 15 17
0.363851 -0.249328 0.935711 152 126 116
0.477979 -0.198217 1.08193 146 117 106
0.355374 -0.0316713 1.13576 134 99 80
0.444743 -0.41309 0.983847 154 148 96
0.137619 0.0732558 0.94577 148 28 24
-0.295599 -0.0115406 0.904051 138 55 46
-0.364883 -0.136188 1.04215 36 10 6
-0.368703 -0.00134057 0.827375 95 12 10
0.34198 -0.223089 0.972765 143 142 95
-0.315131 -0.0921678 1.04756 156 108 86
-0.283909 0.0685108 1.07926 129 78 60
-0.386744 -0.112608 0.795577 162 150 129
-0.236316 -0.0134857 1.08278 142 100 90
-0.302385 -0.020016 0.911449 134 40 35
-0.418107 -0.0535649 0.815711 136 14 16
-0.215871 -0.0550491 1.0126 174 115 96
0.492561 -0.338828 0.980908 67 11 10
-0.150673 0.018746 1.15256 155 104 82
-0.359917 -0.179408 1.02425 73 38 24
-0.369307 -0.194277 1.01764 86 48 32
-0.335174 0.168363 0.948678 140 120 107
-0.352427 -0.027916 0.826149 159 144 124
-0.276254 0.0334582 1.08532 141 94 76
-0.328771 -0.035066 0.901883 158 141 118
-0.364255 -0.00633691 0.833637 86 14 8
0.322235 -0.263942 0.956961 102 94 74
-0.0820937 0.0574078 1.14119 182 132 109
-0.168387 0.0013341 1.12909 85 34 20
0.121971 0.0410932 0.9781 126 32 23
-0.440031 0.00675755 0.851844 126 12 14
-0.215831 -0.00400591 1.08461 146 106 92
-0.350208 0.193615 0.928718 123 26 24
0.414011 -0.319856 1.01741 118 7 7
-0.0959582 0.0104063 1.14762 186 139 118
-0.342716 0.0450468 0.871909 130 104 76
0.0281094 0.108439 1.00314 151 96 84
-0.295889 -0.12863 1.04743 158 114 90
0.0300224 0.152489 1.02257 150 70 65
-0.0873447 0.00334875 1.14463 186 137 114
0.502925 -0.341312 0.98553 60 16 11
-0.440299 0.15082 0.897091 159 106 47
-0.462923 0.160097 0.890804 160 131 114
0.316196 -0.440232 0.915914 152 148 96
0.20798 -0.493338 1.19748 149 144 93
-0.0945219 0.183547 0.981137 166 146 136
-0.193885 0.24316 1.20123 165 146 138
0.490013 -0.0324547 1.0898 154 114 94
-0.390529 0.0977396 0.880961 74 16 22
-0.394471 -0.107461 0.798203 96 94 96
-0.452049 0.0453992 0.801387 170 116 52
-0.208627 0.00437953 1.0855 146 104 88
-0.283157 -0.0334781 0.927899 170 138 114
-0.259564 -0.189183 1.04964 125 93 60
-0.411073 -0.0470829 0.824078 136 14 16
-0.279731 -0.242703 1.01964 94 62 46
-0.254065 -0.138305 1.04074 154 112 94
-0.306152 -0.102088 1.0435 172 126 104
-0.351564 0.110806 0.924715 158 138 124
-0.409555 0.0267272 0.825984 122 13 16
-0.18468 0.0481088 1.10381 134 86 74
-0.392797 -0.0717599 0.80612 120 22 16
-0.453357 0.0520957 0.805407 152 100 38
-0.307953 -0.00668987 0.903265 141 16 22
-0.253723 0.02796 1.08734 143 95 78
-0.306714 -0.0323713 0.924917 156 112 92
-0.329811 -0.223423 1.04405 113 72 58
-0.349018 0.0550222 0.879705 162 130 115
-0.365082 -0.021092 0.836904 163 144 122
-0.400379 -0.0902705 0.800073 93 86 96
-0.462397 0.0358431 0.802349 160 106 36
-0.196513 0.100512 1.11318 62 24 18
-0.205628 0.0560171 1.09852 148 104 88
0.100857 0.142265 1.00531 148 72 70
-0.446345 0.0671288 0.876298 124 54 36
-0.120349 0.00668861 1.14515 196 150 127
0.12773 0.150951 0.997898 151 23 23
-0.204277 -0.0608181 1.0127 182 124 106
0.0686124 0.0443203 0.9381 24 9 5
-0.475059 0.0614247 0.807008 150 102 44
-0.368101 -0.0667547 0.822951 164 148 126
-0.378146 -0.017657 0.816685 122 13 14
-0.00363513 0.0398728 1.15462 110 66 47
-0.340712 0.0281338 0.87254 153 116 92
-0.481045 0.0655979 0.803288 141 60 31
-0.392715 -0.0532304 0.806585 133 16 17
-0.330767 0.167918 0.926325 141 120 106
0.0289508 0.114962 1.01585 156 126 114
-0.294103 -0.105695 1.06863 162 115 92
-0.0168563 0.0623167 1.14985 153 113 96
-0.357011 -0.150404 1.03491 77 36 21
-0.166554 0.111097 1.11778 142 112 104
-0.417554 -0.0204186 0.77906 123 20 28
-0.352229 -0.245605 1.02706 112 72 52
-0.357902 -0.186938 1.04498 65 32 18
-0.182232 0.00667728 1.12691 130 84 69
-0.381805 0.217775 0.900632 122 24 26
-0.356543 -0.0952958 1.03899 140 88 69
-0.42449 -0.0668519 0.802038 132 17 16
-0.491207 0.050511 0.781736 127 12 10
0.0970737 0.251209 1.01992 166 139 134
-0.429181 -0.0927985 0.74261 164 149 128
-0.463438 -0.0740484 0.818037 162 148 127
-0.462164 -0.0781002 0.784247 162 147 127
-0.125076 0.139854 1.18107 166 140 130
-0.0121541 -0.416581 1.17598 153 150 99
0.133199 0.125889 0.960594 129 112 104
0.47628 -0.0318791 1.08565 136 110 94
-0.404956 -0.0305546 0.803214 128 7 12
0.34002 -0.151118 1.08883 131 106 80
-0.162595 -0.146392 1.19283 83 42 20
0.417412 -0.179318 1.06453 152 150 99
-0.286534 -0.0729717 1.03167 138 91 74
-0.316889 0.102804 1.08676 109 61 32
0.00694354 0.0798959 1.00382 160 138 122
-0.336155 0.0868473 1.0897 184 135 112
-0.454859 0.0378565 0.793838 158 104 36
-0.381946 0.0354306 0.846888 91 55 56
-0.258424 -0.0851688 1.01836 114 72 52
0.377009 -0.0582871 1.17073 117 84 62
-0.243336 -0.198576 1.02554 148 142 94
-0.41743 0.0129723 0.828039 110 4 8
-0.2298 -0.0675604 1.00122 174 114 96
0.449294 -0.209014 0.933284 134 96 79
0.427978 -0.227987 0.917574 138 114 102
-0.415343 0.163897 0.92414 132 64 57
-0.27456 -0.223911 1.02688 156 101 78
0.40391 -0.220103 0.937092 164 138 130
0.381254 -0.180455 1.12189 139 99 78
0.503093 0.108636 1.11043 172 150 145
-0.322183 -0.153229 1.02501 53 14 8
-0.416694 -0.0626218 0.811122 136 12 14
-0.175216 -0.16294 1.20214 93 52 24
-0.377747 -0.108788 0.801874 164 150 128
0.469159 0.0127829 1.07501 130 90 70
0.517533 0.00945517 1.11047 140 107 91
0.552358 0.0962309 1.1545 175 152 146
0.097183 0.0594777 0.935506 138 24 21
0.366679 -0.270263 0.919884 90 42 19
0.391504 -0.271802 0.912989 110 67 40
0.36676 -0.226901 0.943813 108 68 44
0.414529 -0.168928 1.08264 155 153 103
-0.391581 -0.0452734 0.813876 128 16 20
0.461319 -0.235811 0.939666 140 120 108
0.398362 -0.250863 1.60925 129 128 83
-0.132685 -0.102416 0.990662 144 98 79
0.051007 0.0213165 0.94035 136 32 22
0.0763256 0.0583521 0.924219 127 25 20
-0.310183 -0.00462101 0.873727 138 26 15
0.114117 0.143435 0.997629 158 24 24
-0.467598 0.0304838 0.808053 167 126 71
-0.340393 0.130461 0.958345 154 134 120
0.366015 -0.237408 0.957785 158 132 122
0.372442 -0.197531 1.10913 159 154 108
-0.388188 -0.114466 0.809216 162 148 128
0.0921854 0.0617876 0.920477 140 22 20
-0.393147 0.00777994 0.831908 104 8 10
0.0798674 0.131494 0.975209 138 118 111
-0.313428 0.165435 0.970037 147 126 116
0.460249 -0.289934 0.950917 122 76 46
0.0790214 0.124481 0.961977 117 100 92
-0.345622 -0.0368052 0.921031 158 143 121
-0.454667 0.0516661 0.79288 146 94 38
-0.343581 -0.156805 1.04671 56 21 13
-0.270245 -0.148036 1.03409 162 115 94
0.445944 -0.305915 0.95338 128 6 8
-0.396243 -0.000586024 0.819378 113 15 22
-0.365789 -0.0492937 0.813447 130 57 46
0.518956 0.0241968 1.11324 146 114 98
-0.379702 0.0212771 0.822205 128 14 18
-0.404754 0.0588155 0.854893 67 60 68
-0.288296 -0.218959 0.99192 154 100 79
-0.384243 -0.0918396 0.800778 162 149 130
0.301249 -0.0953139 1.14638 160 150 128
-0.343529 0.010753 0.878984 150 108 55
0.381088 0.0716308 1.09943 168 142 132
0.468979 0.0496517 1.05069 126 82 60
-0.367617 0.142909 0.943638 153 127 114
0.389277 -0.265424 0.920932 150 119 106
0.357865 -0.115224 1.10634 106 68 44
-0.216472 -0.0988288 1.03867 136 85 56
-0.415006 -0.0371575 0.804409 138 10 12
-0.390669 0.057362 0.840825 20 18 31
0.0811008 0.00594748 0.959391 162 147 127
-0.384675 -0.0235084 0.801287 120 16 18
0.448754 -0.290731 0.942477 134 84 58
-0.464991 0.0377165 0.795212 158 105 36
-0.0960737 0.0595589 1.15014 155 102 81
0.440215 -0.0132044 1.08795 102 74 52
-0.384607 0.191272 0.92315 106 8 8
0.119194 0.143336 1.0055 156 26 24
0.331636 0.0646056 1.10641 98 94 78
0.0839157 0.0584155 0.924165 132 22 18
-0.325228 -0.0217279 0.913635 133 42 24
-0.201777 -0.035775 1.05434 142 100 85
0.466793 -0.308268 0.965451 122 7 8
0.356944 -0.256034 0.970848 150 124 110
0.0467255 0.0478118 0.954656 134 25 19
0.0553174 0.11538 0.964753 156 28 24
0.371961 -0.0301291 1.10747 122 98 82
0.134367 0.135918 0.961542 146 26 26
-0.0975355 -0.236504 1.11052 172 107 84
0.554345 0.0196123 1.13856 144 114 98
-0.0911042 0.0607207 1.14807 151 96 74
-0.389026 0.0344974 0.839455 104 40 42
0.157079 0.0901675 0.950516 154 23 22
0.442447 -0.299351 0.945508 126 6 8
-0.372235 -0.000869773 0.81763 99 10 10
-0.383428 -0.000357499 0.825397 112 10 12
-0.0141021 0.0324171 1.14691 144 106 86
0.047238 0.114445 0.960147 154 24 24
-0.228698 -0.0539738 0.996834 168 108 89
-0.382475 0.221037 0.918083 124 40 41
0.153485 0.0840963 0.946059 154 22 23
0.368289 -0.252028 0.902254 128 84 66
-0.167363 -0.0328008 1.15512 51 15 8
-0.377727 -0.0501173 0.815131 123 15 14
-0.277974 -0.0874953 1.02402 149 103 84
-0.213795 0.000634817 1.08686 149 110 96
0.115944 0.087415 0.929531 89 86 73
-0.349209 0.0189367 0.859917 131 77 30
0.0688197 0.0664034 0.924974 140 23 20
0.116323 0.132708 0.97904 155 26 25
-0.18595 0.0993682 1.10173 71 30 21
-0.399847 0.0717671 0.859506 20 18 30
-0.308061 0.110515 1.08013 125 78 54
0.437864 -0.217005 0.928963 148 125 112
0.429973 -0.309023 0.972073 120 6 8
-0.225844 0.00914591 1.07533 152 108 96
-0.450392 0.0189486 0.797842 153 118 82
-0.339298 0.00201644 0.860085 152 110 56
-0.329324 0.123155 1.00766 158 135 122
0.0472003 0.109493 0.959758 156 27 26
-0.366915 -0.241997 1.04543 93 54 33
0.138434 0.0154001 1.20027 168 152 135
0.294674 -0.0254448 1.22611 151 141 116
0.0536217 0.0700169 0.924942 156 27 24
-0.375214 -0.219172 1.04412 82 46 29
-0.230654 -0.207007 1.02595 148 144 92
-0.408161 -0.0655158 0.820957 129 12 14
0.342954 0.0954659 1.11342 110 73 52
0.431021 0.139202 1.12745 156 130 122
0.249545 -0.0334551 1.24581 155 144 122
-0.432416 -0.106154 0.759066 163 148 128
0.282295 -0.034461 1.22116 154 144 119
0.279816 -0.169646 1.41545 138 132 108
-0.291859 -0.275244 1.00706 150 147 95
-0.409907 -0.239466 1.02808 152 146 97
0.258559 -0.0981141 1.35726 153 144 122
-0.371699 -0.247311 1.03488 75 42 22
0.145398 -0.0120882 1.25949 162 149 130
0.401805 0.171752 1.14866 164 144 138
-0.151754 -0.178946 0.508482 154 148 98
-0.214307 -0.235557 1.04299 152 148 96
-0.739223 -0.566376 1.70595 150 143 92
-0.219617 -0.237668 1.0523 152 147 96
0.245047 -0.0753154 1.28725 154 144 120
-0.148884 -0.182447 0.519117 154 149 100
-0.150273 -0.174617 0.50417 152 148 98
-0.0633469 0.113622 1.05483 164 137 126
-0.543725 0.0254803 0.942502 164 146 127
-0.488162 -0.0759623 0.870583 164 148 128
-0.501809 0.13861 0.859162 162 140 125
-0.232357 -0.32233 1.04622 152 148 97
0.463702 0.280428 1.22863 160 141 132
0.56483 -0.384894 1.02995 159 154 104
-0.14886 -0.407111 1.15457 152 147 96
-0.560043 -0.432582 1.01717 150 144 92
0.060951 0.0262597 0.954208 132 31 20
-0.267434 -0.203832 1.0023 167 110 90
0.335896 0.00977244 1.13218 160 134 120
0.380619 -0.0397408 1.07717 121 96 76
-0.279393 -0.0598792 1.03947 134 88 68
-0.455426 0.0613669 0.812258 152 100 36
-0.361383 -0.0300069 0.811379 152 114 96
0.442584 0.0733717 1.05967 161 142 136
-0.374572 0.155302 0.936634 128 35 28
-0.479325 0.0575753 0.794098 146 84 37
-0.384931 0.129344 0.901553 154 92 29
0.454634 -0.117895 1.0283 17 12 12
-0.371504 -0.0986002 0.810812 160 148 128
0.497294 0.108084 1.10136 156 142 135
-0.268953 -0.228802 1.018 158 106 78
-0.289806 -0.0617492 1.04274 134 88 70
-0.113236 -0.250295 1.11053 174 108 84
-0.390239 0.160137 0.917657 122 29 14
0.332012 -0.0953664 1.13843 160 150 130
0.0383345 0.0841112 0.963096 128 58 52
0.0765318 0.158897 1.00218 148 27 27
0.0965779 0.131881 0.973934 132 61 60
-0.45644 0.0530099 0.811936 164 112 42
0.010466 0.0769911 0.995717 157 136 122
0.0516165 0.0225132 0.949967 136 30 22
-0.33401 0.0478869 0.886373 118 88 62
0.455589 -0.133365 1.03107 44 31 26
-0.351578 0.147311 0.945044 142 122 110
-0.354087 0.129459 0.934943 156 138 126
-0.373727 0.0346349 0.84437 114 32 33
-0.231688 -0.108148 1.04417 128 88 73
0.357959 0.0949014 1.14315 142 112 100
0.0688154 0.0376763 0.94288 52 18 12
0.05721 0.0493868 0.932198 116 24 16
0.497034 -0.148481 1.03809 131 60 38
-0.135714 0.0362782 1.20314 175 124 102
-0.18558 0.0431578 1.07682 140 95 80
0.514296 0.0319256 1.06123 93 54 32
0.429655 0.116437 1.10916 168 146 140
-0.168807 -0.0914549 0.994056 156 108 86
-0.139358 0.0505214 1.1774 174 123 102
0.0335932 0.0763253 1.0194 162 136 122
-0.37153 0.183866 0.928939 136 12 16
-0.473726 0.0495878 0.795648 160 110 48
-0.384259 0.0989282 0.900865 124 17 20
-0.340797 0.0904913 1.12404 175 126 102
-0.471123 0.0718791 0.805733 156 124 95
0.345333 0.0648817 1.12495 86 61 56
-0.254896 0.100055 1.10189 108 59 36
-0.0444044 -0.12599 1.10241 141 102 86
-0.406897 0.114751 0.88099 130 19 22
-0.374473 0.0162096 0.835573 124 14 16
0.404155 0.0684295 1.0841 178 152 146
0.0489497 0.094463 0.949144 141 28 26
0.398163 -0.271173 1.63464 128 128 85
0.125338 0.0222973 1.00372 151 91 75
-0.468156 0.0583352 0.798048 152 106 52
0.516879 -0.14911 1.03669 79 41 24
-0.410649 0.0465228 0.804179 128 15 20
0.15158 0.0697487 0.958988 147 26 22
-0.401677 0.0465928 0.815609 118 23 28
-0.335787 0.0591403 0.952515 96 58 24
0.43963 -0.0515069 1.05477 150 98 75
0.541486 -0.358187 1.03538 18 16 12
0.0760454 0.168032 0.991475 120 54 54
-0.0149434 0.00288126 1.14853 125 80 63
-0.308068 -0.186955 1.00172 151 89 70
-0.399047 -0.0983754 0.792427 23 29 69
-0.397735 -0.100927 0.799098 28 30 58
0.325204 -0.26983 1.13767 160 158 108
-0.0687424 -0.16738 1.06854 168 122 102
0.400958 -0.0833047 1.0418 125 98 81
-0.346685 -0.0402076 0.819246 157 143 124
0.023172 0.0921879 1.00244 124 100 88
0.357482 -0.183505 1.0986 136 110 76
0.0536648 0.129716 0.990407 152 26 24
-0.286472 0.16376 0.989284 162 138 132
-0.302211 -0.0533671 1.00591 113 66 48
0.424945 0.153554 1.12023 165 144 136
0.141016 0.0669452 0.952272 144 26 22
0.334472 -0.0123875 1.12975 131 104 83
-0.0920759 0.000511475 1.1373 173 124 106
0.112732 0.0704174 0.929908 114 20 16
-0.413124 -0.0659616 0.817899 78 14 36
0.349631 -0.219244 1.66414 90 92 54
0.0350216 0.123965 1.00271 150 120 103
0.431346 -0.221059 1.64317 122 123 83
0.373686 -0.336298 1.01994 158 139 116
-0.427639 0.0835169 0.861134 128 14 18
0.290072 -0.490294 1.56162 140 138 88
-0.377351 0.206852 0.932322 134 14 18
0.291714 0.0359268 1.23055 136 123 97
0.371381 -0.189765 1.62482 112 111 78
0.415351 0.14117 1.09934 163 138 132
0.615384 -0.032262 1.17578 128 99 81
0.336451 -0.518028 1.48723 148 144 94
0.265547 -0.519051 1.57264 144 142 92
0.25516 -0.502719 1.56274 142 139 90
0.356683 -0.418942 1.09847 160 156 106
0.327826 -0.516707 1.47994 150 146 96
0.343237 -0.208561 1.59468 90 92 56
0.28414 0.113477 1.12067 150 131 120
0.269796 -0.484342 1.48732 143 140 90
0.370619 -0.428988 1.1208 158 155 104
-0.0572068 -0.358634 1.11552 152 150 100
-0.0484103 -0.393205 1.19145 152 149 99
0.246093 -0.104923 1.45998 148 140 116
0.432788 0.16314 1.07761 158 138 132
0.365839 0.176507 1.15095 165 146 138
0.402091 0.083725 1.06758 168 139 133
0.12251 0.0949479 0.943537 85 51 37
-0.340841 0.0923567 0.911206 160 138 123
-0.362889 0.0821931 0.880374 118 24 27
0.340386 -0.37195 1.08901 156 146 110
0.0834703 0.0582736 0.929223 124 25 22
0.445306 0.0391171 1.06507 97 54 30
-0.0990746 -0.110843 1.04596 118 72 48
0.473439 -0.0617188 1.06213 139 112 99
0.130455 0.0786387 0.93146 122 16 14
-0.158069 0.0750659 1.13421 83 33 18
-0.210617 -0.073321 0.991627 112 59 38
-0.145491 -0.0295675 1.15139 136 86 64
-0.31405 -0.137534 1.03877 129 75 51
-0.339646 -0.160076 1.04277 48 20 14
0.418877 -0.0701954 1.05372 150 98 76
0.346354 -0.302744 0.990133 114 80 56
-0.308035 -0.120128 1.04211 168 119 96
-0.123725 0.0415452 1.13274 188 142 120
-0.2645 0.00721482 1.09281 140 93 77
-0.332657 0.045998 0.891433 126 100 74
-0.334083 0.0321189 0.886787 138 104 84
-0.231048 -0.0827258 1.02793 86 43 22
-0.346371 0.0573322 0.884891 158 138 123
-0.431773 0.0125202 0.856366 117 11 15
-0.0880951 -0.187915 1.11092 168 120 96
0.46954 -0.111798 1.03378 12 8 12
-0.204112 0.106079 1.11057 79 38 26
-0.348013 -0.0104265 0.852169 136 94 36
-0.305479 -0.0352157 0.921403 162 131 108
-0.145631 -0.0245305 1.15271 138 86 65
-0.239733 -0.0510815 1.00362 151 95 79
-0.337449 -0.174891 1.03538 38 14 8
0.149101 0.0936008 0.944996 144 26 23
-0.43155 0.00826028 0.855789 118 14 18
0.0239511 0.0680067 0.937803 124 46 30
0.380616 -0.368555 1.04979 140 121 106
-0.310645 -0.262528 1.00354 60 38 21
-0.38194 0.036679 0.843528 113 24 28
0.342186 -0.248635 0.953675 150 125 113
0.347337 -0.136874 1.1032 143 114 92
-0.265035 0.0241706 1.10268 142 95 79
-0.297644 -0.106731 1.04635 170 125 103
-0.290631 -0.0540865 1.03322 133 87 70
-0.36873 -0.0554278 0.81443 142 86 74
-0.403118 0.0701136 0.864077 22 16 32
-0.384019 0.196788 0.921112 116 6 8
-0.24731 -0.0502098 0.998139 112 62 40
-0.247035 -0.0455904 1.01124 136 82 62
0.489094 -0.340714 0.976665 60 13 11
-0.0509753 0.0802999 1.10723 115 64 40
-0.254487 0.0131587 1.08426 140 92 76
-0.357584 0.192554 0.916823 132 12 14
0.223424 -0.341633 1.63743 136 134 87
0.0346677 0.226587 0.992202 162 137 133
0.251493 -0.4426 1.21937 143 140 92
0.416529 -0.419388 1.005 154 150 98
-0.209235 0.125465 1.10946 122 82 70
0.268661 -0.377787 1.07503 144 142 92
-0.601922 -0.247892 1.02584 148 142 93
0.0777152 0.193366 0.97964 118 88 84
-0.333959 -0.600015 1.23115 148 142 92
-0.175672 0.120077 1.07922 156 129 122
0.205429 -0.419505 1.21266 142 139 89
-0.0929148 -0.608193 1.47851 150 146 96
-0.561867 -0.749366 1.53251 150 145 94
-0.363606 -0.613131 1.24104 150 144 94
-0.0785717 -0.603248 1.46433 150 146 97
-0.33896 -0.587902 1.22988 148 144 92
-0.248756 -0.31865 0.995821 148 143 92
-0.364751 0.0432266 0.856652 125 15 16
0.0754042 0.0409086 0.950417 86 22 11
-0.408169 0.0266705 0.819338 112 10 12
-0.322143 0.183478 0.950239 148 125 116
-0.347712 0.082649 0.890107 162 138 123
-0.137795 0.0344059 1.14857 180 130 108
0.345056 -0.082057 1.1244 140 111 90
-0.228134 0.0459239 1.07922 150 105 88
-0.296657 -0.1726 1.0213 111 58 40
-0.308821 -0.174165 1.00474 159 96 74
-0.326441 0.176344 0.948919 143 121 110
-0.176089 0.100532 1.10849 98 65 57
-0.29104 -0.146127 1.0364 134 84 64
-0.214243 0.00569699 1.08254 145 104 91
-0.384874 0.131404 0.918992 144 92 35
-0.349406 -0.0100898 0.841811 136 94 34
-0.395435 -0.0968541 0.802808 96 90 98
-0.38271 -0.0428697 0.819283 121 16 14
-0.420125 0.0183543 0.836717 108 8 8
-0.35163 -0.033727 0.855753 160 144 126
-0.367427 0.162399 0.953655 137 115 102
-0.159396 0.0342411 1.14155 118 66 50
0.104653 0.111885 0.950502 140 76 71
-0.122795 0.0335138 1.14427 194 148 127
-0.329952 0.160534 0.949805 141 120 108
-0.395417 0.103071 0.870874 110 33 36
-0.316517 0.180871 0.957342 151 128 117
-0.305477 0.164832 0.967683 151 128 118
-0.357925 0.0939838 0.901804 136 86 79
-0.365964 -0.0472226 0.801318 119 29 23
-0.182796 0.0992652 1.10867 70 37 28
-0.338515 -0.0715878 1.04994 60 23 12
-0.375437 -0.0830299 0.817439 161 146 126
0.118185 0.0985515 0.941312 82 50 38
-0.13459 0.00193292 1.14616 175 126 102
-0.391507 -0.0877678 0.816527 162 147 130
-0.246123 0.0127897 1.08593 142 94 78
-0.280226 -0.00110551 0.933124 167 130 110
-0.152553 0.0867334 1.13185 94 44 26
-0.398966 0.0532018 0.849083 52 44 56
0.368752 -0.314207 0.982406 136 74 62
-0.175922 0.0127886 1.12692 102 52 40
0.397563 -0.356969 1.00991 152 134 106
-0.202021 -0.014618 1.09523 141 98 84
-0.393025 -0.055282 0.820586 118 14 10
-0.31572 -0.180436 1.0053 103 58 43
-0.369976 0.185899 0.923435 133 12 14
-0.343274 0.0638516 0.891173 158 137 121
-0.732151 -0.607613 1.51871 150 142 92
0.30504 -0.206536 1.12122 139 137 92
-0.00740003 0.116718 0.989888 155 128 116
-0.755596 -0.560147 1.60552 149 142 92
-0.698481 -0.546047 1.56614 150 143 92
-0.355132 -0.703366 1.53223 148 144 92
-0.471118 -0.578568 1.13323 150 144 94
-0.301206 -0.703001 1.49776 148 144 94
-0.289672 -0.629423 1.25247 149 144 94
0.106827 0.249995 1.0267 163 136 132
-0.581332 -0.562359 1.04556 151 144 92
-0.279353 -0.640049 1.25277 151 145 95
-0.842807 -1.29671 3.20343 148 143 93
-0.561688 -0.534113 0.973165 150 143 92
-0.626453 -0.601055 1.10636 151 142 90
-0.10574 -0.778652 1.58427 150 146 97
-0.272132 0.0471851 1.07894 135 86 69
-0.0966785 -0.106306 1.04491 134 88 64
-0.29536 -0.0447158 0.928164 164 133 110
-0.328882 -0.0661354 1.07591 89 54 44
-0.471241 0.0302553 0.788313 162 141 122
-0.358158 -0.125307 1.05715 77 36 24
-0.401622 -0.0754722 0.819175 86 44 44
-0.219763 -0.0197372 1.07045 142 102 91
-0.308883 -0.106613 1.04984 170 123 100
-0.360558 -0.228515 1.03546 61 30 13
-0.118572 -0.0469319 1.13343 174 124 104
-0.372253 0.17948 0.934292 131 11 14
-0.335654 0.0786514 0.899118 160 136 122
-0.292737 -0.00820503 0.915374 144 92 76
-0.00506509 0.0458275 1.16142 118 74 59
-0.158347 0.0488703 1.13913 99 46 31
-0.256448 0.0577703 1.09577 136 86 70
-0.134918 -0.0481198 1.16332 132 82 60
-0.361889 0.0593263 0.868656 128 14 15
-0.253322 -0.0248858 1.07858 118 71 50
-0.0456137 0.0347581 1.13812 166 120 102
0.0757561 0.0616971 0.925155 125 24 20
-0.24121 -0.215673 1.06044 145 140 92
-0.336248 0.156815 0.936922 140 119 105
-0.262635 0.00938113 1.07819 142 95 79
-0.439265 0.0590878 0.818595 144 66 31
-0.298995 0.15598 0.984748 151 130 120
-0.298425 -0.121149 1.0521 164 118 96
-0.225277 -0.113018 1.03105 114 71 47
-0.193907 0.0158726 1.09578 144 100 86
-0.271258 0.021899 1.07454 144 97 81
-0.33698 0.15535 0.958264 140 121 108
-0.319965 -0.0351655 0.920822 166 132 110
-0.347444 0.00546973 0.855256 148 104 44
-0.375363 -0.0722371 0.826123 160 145 125
0.507868 -0.174579 1.10401 134 92 76
-0.280601 -0.0350001 0.957489 176 135 112
-0.118368 -0.0203529 1.13302 188 142 119
-0.349244 0.0218838 0.867364 145 98 42
-0.227202 -0.00028067 1.08586 148 110 100
-0.426313 -0.0493555 0.819012 140 14 16
-0.369118 -0.0721168 0.826689 160 144 126
-0.342694 0.0334236 0.86687 130 102 76
0.220578 -0.353376 1.6359 139 137 90
-0.427336 -0.0417554 0.821245 142 14 18
-0.394895 0.192937 0.907663 108 13 16
-0.397462 -0.241771 0.95591 150 144 96
-0.392101 -0.237159 0.982113 148 142 95
-0.27435 0.190625 0.968722 162 140 132
-0.426214 -0.11531 0.794681 149 138 122
-0.416895 -0.22922 0.909798 148 142 93
-0.0754734 -0.660556 1.40661 150 146 96
-0.289354 -0.684605 1.47986 148 144 92
-0.286748 -0.676369 1.42904 150 145 92
-0.356199 -0.275949 0.97817 150 144 95
-0.535784 -0.230828 0.821258 151 146 98
-0.440825 -0.25357 0.797101 150 145 97
-0.376995 -0.289926 0.712377 150 144 96
-0.561039 -0.652806 1.49055 150 144 92
-0.496129 -0.258215 0.895685 149 142 93
-0.596316 -0.716694 1.6355 150 144 94
-0.0716345 -0.636521 1.38682 152 146 96
-0.539491 -0.246938 0.823247 150 145 94
-0.540972 -0.270317 0.922628 148 142 94
-0.539187 -0.483502 0.951053 151 144 94
-0.568667 -0.780499 2.03705 148 142 92
-1.12369 -2.754 7.22728 150 145 96
-0.123785 -0.365333 1.10491 152 147 96
-0.106881 -0.646803 1.4758 150 146 95
-0.578153 -0.758548 2.10423 146 142 92
-0.52559 -0.644225 1.4693 150 144 93
-0.518169 -0.48806 0.950241 152 146 94
-0.148403 -0.353321 1.04504 152 147 96
0.0645732 0.0969627 0.933636 156 56 52
0.0758838 0.100687 0.931468 129 68 62
-0.450519 0.0453542 0.799042 169 116 48
0.517483 -0.112111 1.03962 124 64 44
-0.179791 -0.148846 1.17867 83 44 26
-0.151038 -0.169873 1.19814 140 95 71
-0.345093 0.141235 0.954795 142 121 110
0.0179953 0.0576318 1.14066 122 76 50
-0.418171 0.160075 0.921918 127 66 38
-0.34802 -0.159288 1.05002 60 26 16
-0.370823 -0.0941444 0.802936 161 146 127
0.0145254 0.0638825 1.15684 116 72 47
-0.265376 -0.0536825 1.02452 120 72 52
-0.291487 -0.185745 1.00248 170 96 70
-0.00336208 0.0856329 0.996692 133 110 96
-0.202741 -0.162232 1.15177 130 104 78
-0.354408 0.0429141 0.854915 128 16 18
-0.365345 0.175613 0.932735 130 14 15
0.461442 -0.053198 1.07661 164 125 104
0.561055 -0.358358 1.05366 20 20 15
-0.362893 0.1695 0.929486 130 14 16
-0.247332 -0.182021 1.04534 127 97 66
-0.315355 -0.12418 1.04711 164 115 92
-0.152707 -0.108968 0.982781 140 94 64
-0.361312 0.0403825 0.864555 124 16 17
-0.416264 -0.0539701 0.809925 138 15 18
-0.392841 -0.0743657 0.818149 118 40 26
0.0709932 0.136099 0.978223 152 27 28
0.298307 -0.0111563 1.20847 140 130 102
0.34143 -0.224698 0.985263 163 160 113
-0.362698 0.102483 0.899308 112 29 30
-0.387845 -0.0328621 0.79396 129 17 22
0.51561 -0.156761 1.06121 148 84 58
0.450509 -0.110827 1.01974 10 8 9
0.413704 -0.202708 1.11521 126 89 58
-0.338259 -0.221363 1.00221 100 59 40
-0.273793 0.0809316 1.08782 117 67 50
-0.371216 0.0549942 0.844627 44 38 48
-0.381748 -0.113664 0.804755 162 148 130
-0.177874 0.0823868 1.10753 101 58 40
0.482939 -0.0203619 1.08566 88 65 56
-0.389582 -0.0411161 0.797953 130 18 22
-0.376703 -0.110502 0.813361 162 148 128
-0.124245 -0.15729 1.12388 173 124 96
-0.351821 0.0137988 0.849041 122 22 16
-0.313603 -0.231413 0.990563 64 34 26
0.191655 0.0894176 0.993254 108 43 34
0.411508 -0.123384 1.03914 131 104 88
0.486921 -0.135279 1.01912 142 76 50
-0.429783 0.0226615 0.828045 108 9 14
-0.223112 -0.0791336 1.00817 138 84 62
-0.382052 -0.106996 0.796731 162 147 127
0.45349 0.0136975 1.07922 126 90 72
-0.369994 0.165732 0.925373 122 12 9
-0.22287 -0.00817597 1.08772 148 111 102
-0.330232 0.0187946 0.866169 150 116 94
-0.0922732 -0.191495 1.10532 173 122 97
0.353128 -0.213155 1.1279 161 158 108
-0.108832 0.0663839 1.15895 182 132 108
-0.389641 0.0401927 0.838737 75 18 24
0.482202 -0.101416 1.03497 60 46 50
-0.29044 0.0851733 1.08214 129 81 64
0.411863 0.112376 1.11597 176 150 145
0.493633 -0.298796 0.968992 109 44 30
-0.369847 0.0167102 0.841772 124 14 14
-0.31743 -0.075581 1.05403 69 30 23
-0.114091 -0.268183 1.1051 133 82 63
0.413031 0.0470544 1.05455 164 133 122
-0.417263 0.00610701 0.851419 66 17 40
0.395978 -0.0854436 1.11024 116 106 77
-0.40014 -0.0450053 0.80362 136 16 20
-0.407707 0.0200937 0.836989 110 8 12
-0.396598 0.0776044 0.86766 62 54 65
-0.253705 -0.0127566 1.07966 137 90 75
0.349864 -0.18035 1.13503 150 148 100
0.305659 -0.0334293 1.15072 149 139 114
-0.38928 0.177349 0.915978 120 10 13
-0.365377 0.204339 0.916368 132 14 18
-0.360486 0.0791273 0.885752 118 27 30
0.411501 0.0279337 1.04816 116 72 50
0.49961 -0.20909 0.951737 137 108 92
-0.0625767 0.0813659 1.11759 130 78 54
0.0406617 0.112425 1.02475 126 52 44
0.39297 -0.0678647 1.08073 108 92 64
-0.31978 -0.0664329 1.07141 61 20 5
-0.397276 0.107421 0.868638 122 20 21
-0.408809 -0.0451268 0.809729 138 14 18
0.128366 0.0574382 0.92449 138 26 20
-0.419925 0.0365281 0.815457 124 14 17
-0.400736 0.0283723 0.835022 119 12 14
-0.332763 -0.0770591 1.04676 68 24 14
-0.340622 -0.0612336 0.827991 159 144 124
-0.399088 0.0348478 0.820782 123 18 20
-0.347733 -0.0956119 1.03991 93 49 32
-0.338642 -0.230134 1.00605 79 44 25
0.512703 -0.313066 0.982116 100 62 42
0.499639 -0.249403 0.937902 178 161 158
-0.31513 -0.192039 0.995189 36 10 6
0.333941 0.0890796 1.16008 92 64 49
-0.384661 0.0991066 0.8791 112 30 34
0.279415 -0.0265487 1.27944 152 141 118
-0.23604 -0.0307282 1.08072 116 70 57
-0.333579 -0.182303 1.01216 56 25 16
-0.352399 -0.182488 1.02932 68 32 19
-0.437874 0.0136423 0.822123 112 10 10
0.526154 -0.32643 1.01276 54 19 8
0.399953 -0.275702 0.916102 114 54 38
-0.147018 -0.2311 1.15346 148 145 94
-0.249696 -0.0372745 1.02946 102 54 31
-0.333574 -0.252674 1.02155 67 37 22
-0.407449 -0.0586941 0.819523 126 12 14
-0.337551 -0.0392064 0.925678 155 140 120
0.392322 0.00936717 1.10114 100 61 38
0.390183 -0.249584 1.60868 120 120 78
0.144286 0.0289658 0.983676 134 26 20
-0.3295 -0.245365 1.01508 80 44 28
0.357525 -0.222021 1.15868 160 158 108
-0.054851 0.0878926 1.10678 132 82 60
-0.361852 -0.132609 1.03734 74 32 18
-0.422275 -0.0760016 0.823216 63 50 70
-0.256253 -0.280702 0.988489 150 146 94
0.260446 -0.0660497 1.19375 154 143 120
-0.309416 -0.336199 1.1698 149 144 93
-0.236579 -0.279618 1.08225 150 147 96
-0.028168 0.115549 1.02461 160 134 122
0.350409 0.191033 1.16906 164 144 137
-0.831783 -0.626302 1.75157 148 142 90
-0.179526 0.129969 1.04995 164 138 130
-0.281403 -0.343175 1.08687 148 144 93
-0.712688 -0.456776 1.55537 151 144 96
-0.385176 -0.112578 0.799197 160 148 122
-0.404901 -0.0313938 0.804239 121 12 19
-0.373757 -0.080249 0.807815 161 148 128
0.413454 0.0893059 1.07094 118 50 53
0.110595 0.152908 1.02277 157 24 23
-0.377498 -0.0779737 0.815379 162 146 124
-0.00484495 -0.142314 1.10538 102 62 43
0.515783 -0.112382 1.03526 166 102 73
0.442328 -0.292979 0.933953 120 44 28
0.510175 -0.199964 1.0979 142 106 91
-0.398066 -0.101646 0.792642 93 88 96
0.0636626 0.159056 1.00613 148 33 32
0.526538 -0.234873 0.948043 170 150 142
-0.26012 -0.191285 1.01397 112 70 46
0.466782 -0.354821 0.983884 129 8 10
0.556827 -0.231734 0.96937 148 130 115
-0.347961 0.0864444 0.901412 160 138 122
-0.331389 0.00863952 0.856626 147 105 48
0.349929 -0.213959 0.962236 150 140 92
-0.180099 0.0568202 1.1314 100 52 39
-0.403294 0.138809 0.911849 109 46 22
0.408197 -0.231024 0.918208 165 140 133
-0.28091 0.0695355 1.08659 124 74 54
-0.262205 0.0102379 1.06408 147 99 82
-0.287227 0.000834246 0.912609 162 128 106
0.456709 -0.222324 0.914041 137 120 112
-0.375651 0.0561091 0.863225 113 60 58
-0.381246 0.0747343 0.873303 119 18 20
-0.37215 -0.0931357 0.806048 161 148 125
-0.279944 -0.0282494 0.928047 164 130 106
-0.303669 -0.227497 0.994046 166 110 92
-0.262453 -0.185348 1.04747 109 74 40
0.535791 -0.260239 0.942827 170 147 139
0.506553 0.042882 1.06767 184 163 156
-0.339673 0.100981 0.944067 159 136 121
0.0955038 0.0352282 0.962949 94 24 13
0.325626 -0.273063 0.958101 146 126 110
0.361221 0.0948024 1.1277 174 148 138
-0.150058 -0.168368 1.1957 158 110 81
0.504762 -0.248343 0.929453 173 150 144
0.452819 -0.419222 0.980144 152 146 93
-0.308206 -0.255932 1.00701 47 26 12
0.081412 0.0657686 0.932926 142 25 21
0.512608 -0.21791 0.946784 174 153 146
0.132427 0.0703407 0.942387 133 24 16
0.592129 -0.354931 1.06112 96 83 68
-0.39064 -0.00311335 0.839315 104 10 11
0.464089 -0.404489 0.980003 128 92 56
-0.357881 0.177279 0.927702 130 14 16
-0.0337431 0.0485199 1.12538 160 114 95
-0.179023 -0.146606 1.17917 76 42 18
-0.163406 -0.0970742 0.98957 154 106 84
0.103404 0.0393219 0.960923 106 32 21
-0.0204038 0.0740421 1.06114 118 72 44
0.377014 -0.262273 0.90778 163 125 106
0.398547 -0.274549 0.912177 126 82 60
0.416282 -0.357106 0.990208 159 139 108
0.0730689 0.0661691 0.930634 144 25 22
0.479271 0.113307 1.10351 180 156 150
-0.316429 -0.000132189 0.874327 157 98 47
0.410727 -0.112952 1.04825 148 130 111
-0.225313 -0.0748388 1.01703 162 102 84
0.180386 0.0938291 0.980532 122 54 51
0.480813 0.0217848 1.08698 141 106 90
-0.419704 -0.0587647 0.827236 133 14 15
-0.182617 0.102823 1.10657 86 54 47
0.51751 -0.298979 0.989629 154 122 106
-0.0810244 -0.0883888 1.09798 125 81 62
-0.0271993 -0.144 1.10963 94 52 38
-0.315715 0.0034758 0.91092 140 16 20
-0.308626 -0.193753 0.993061 153 94 75
0.00346662 0.10915 1.00481 138 112 102
-0.142145 0.0619523 1.14885 144 91 66
-0.380101 0.113427 0.911656 148 94 46
0.0887664 0.0272034 0.973086 113 40 25
0.404869 -0.226859 0.940118 170 144 135
-0.319911 -0.0379496 0.920202 158 134 113
-0.21665 -0.0260167 1.08932 143 102 89
-0.0732773 -0.0923467 1.06374 151 108 90
0.604105 -0.327191 1.02955 87 70 52
0.506384 0.0987911 1.10382 179 158 152
-0.342248 -0.0317198 0.870151 160 144 123
-0.336403 0.189721 0.933753 138 115 105
0.468955 -0.37814 0.964912 128 42 25
0.0247137 0.11253 1.0068 157 129 118
-0.116013 -0.242741 1.11019 171 105 80
-0.0861436 -0.0503445 1.12905 188 141 118
-0.247547 -0.0122747 1.08271 141 94 78
-0.463207 0.070066 0.844891 146 106 72
-0.2939 -0.16956 1.00568 52 10 2
0.344081 -0.380016 1.08417 120 90 58
0.299486 -0.356584 1.05324 146 144 92
0.508914 0.0271941 1.07827 94 48 23
-0.036189 0.0589103 1.13269 160 113 92
0.443852 -0.236675 0.995861 152 126 118
0.484775 -0.118345 1.03001 31 16 14
0.465676 -0.404198 0.965306 116 61 32
0.506468 -0.317488 0.994739 63 38 22
-0.10117 -0.0408231 1.13707 178 129 107
0.0605108 0.0668024 0.961734 138 23 18
-0.0946534 0.0305335 1.16238 178 128 105
-0.331741 0.14375 1.05065 148 122 109
-0.35342 0.00938728 0.857761 134 64 28
-0.404501 0.0868345 0.864602 114 22 23
0.143891 0.0592526 0.922245 146 26 22
-0.427065 0.0673137 0.82293 126 14 16
0.521722 -0.257004 0.943875 172 151 142
0.473703 -0.365895 0.983311 125 36 22
-0.271341 0.114028 1.07051 100 56 40
0.556393 -0.190672 1.06957 148 145 96
-0.365494 -0.218504 1.02589 75 44 28
-0.0425606 -0.15109 1.09026 138 94 75
0.421829 -0.329333 0.989734 125 8 8
-0.120913 -0.211244 1.10742 146 141 90
-0.370208 -0.105603 0.86073 161 148 124
0.394856 -0.378997 0.997108 154 148 97
-0.0533601 -0.00360389 1.16372 176 133 116
-0.0342859 -0.0521228 1.15055 160 119 100
-0.0937048 -0.00928916 1.15341 185 136 114
0.360518 -0.389874 1.09355 158 140 122
-0.266203 0.121496 1.04966 142 112 104
0.0216665 0.131923 1.01446 152 125 112
-0.127789 -0.226043 1.1286 146 144 92
-0.362532 0.203087 0.917476 132 13 14
-0.364749 -0.096865 0.850417 162 148 126
-0.169282 0.115537 1.1341 161 132 125
0.482415 -0.365105 0.98117 68 9 10
-0.315473 -0.271229 1.02294 54 32 14
0.393388 0.143423 1.11623 174 151 144
-0.337714 0.205409 0.924564 160 138 130
0.345152 -0.385541 1.04957 99 74 34
0.297332 -0.400316 1.05033 150 146 94
-0.278701 -0.279631 1.02968 150 144 92
-0.302899 -0.278735 1.02161 144 134 88
0.101831 -0.451245 1.33037 146 143 90
0.471685 0.153856 1.10783 170 150 144
0.0201693 -0.385686 1.15973 147 144 94
0.319302 -0.43542 1.09134 150 146 94
0.373402 -0.426908 0.955833 151 146 94
-0.0720006 0.156168 0.970289 166 142 132
0.318967 -0.444531 1.08959 148 146 92
0.401552 0.247231 1.25657 166 147 138
-0.292026 -0.390453 1.03981 148 142 90
-0.241053 -0.0755796 1.00279 137 80 55
0.404695 -0.0632394 1.0508 134 106 80
0.402514 0.0745585 1.06605 190 163 158
0.37939 0.038543 1.0706 179 150 141
-0.364698 0.0827678 0.867802 81 53 56
-0.00453018 -0.17039 1.10061 108 63 42
-0.343441 0.138849 0.942398 152 132 118
0.393417 -0.213673 0.922608 166 136 126
0.419724 0.0892268 1.07482 121 28 36
-0.12443 0.0790854 1.15407 134 82 56
0.454202 -0.0566442 1.07941 180 144 123
0.430799 0.0195255 1.04774 146 113 100
-0.279061 -0.186784 1.02674 132 76 59
0.420133 -0.119428 1.03764 155 129 112
0.00506894 -0.170772 1.10394 108 66 43
0.536376 -0.196782 1.12668 103 56 42
0.41074 0.0176092 1.054 113 72 54
0.383929 -0.203753 0.975773 132 100 64
-0.0143368 -0.149966 1.09729 46 16 11
0.331471 -0.238162 0.948355 123 94 66
0.455083 -0.0694815 1.04996 186 156 138
-0.20888 -0.00340092 1.07796 144 102 86
-0.296198 -0.142283 1.04709 139 92 70
0.101891 0.0487665 0.966012 128 28 20
-0.359285 0.0283377 0.855788 122 21 16
-0.381674 -0.0905973 0.801343 163 148 126
0.453828 -0.238274 0.986875 146 120 112
-0.376896 -0.0886267 0.83216 160 147 124
0.545605 -0.265563 0.941113 146 114 98
-0.374451 0.215499 0.899023 121 58 55
-0.142591 0.0224024 1.16278 180 130 107
0.400951 -0.352089 0.996442 159 140 110
0.0513509 0.0420205 0.948486 76 19 14
-0.223481 -0.0123634 1.0841 147 106 95
0.556213 -0.236257 0.974947 158 140 127
0.544 -0.195826 1.12453 74 31 18
-0.325242 0.169001 0.9509 144 122 110
0.505958 -0.239192 0.931798 181 161 157
-0.0518771 -0.306477 1.09448 58 34 19
-0.0934949 0.0657597 1.14928 156 102 80
0.5153 0.0525553 1.07131 181 157 148
-0.0809178 -0.0129555 1.13481 196 151 126
-0.335505 0.0359442 0.869077 156 138 120
0.431802 -0.319209 0.962575 126 7 8
0.434318 -0.335575 0.983097 125 8 8
0.482932 0.0880861 1.08685 185 157 154
-0.381577 -0.00849842 0.814192 114 11 13
-0.0819749 -0.0306575 1.13705 190 146 122
-0.00199572 -0.181963 1.09932 34 12 5
0.424516 -0.171167 1.01286 117 110 93
0.595623 -0.317202 1.02942 126 99 72
0.375795 -0.20545 0.951414 136 102 60
-0.195589 -0.0801992 0.983125 100 46 24
0.0891372 0.0709005 0.931373 142 24 22
0.419165 0.0608529 1.06379 181 157 151
0.332247 -0.145757 1.08471 156 137 102
-0.245786 -0.0484361 1.00972 147 92 72
-0.277579 -0.225626 1.02101 148 92 70
-0.141381 -0.0242132 1.15476 164 112 88
-0.293991 0.115323 1.08165 100 54 32
-0.340411 0.131277 1.00694 158 136 120
0.47706 -0.398282 0.98855 116 62 34
0.536706 -0.188287 1.12786 100 48 34
-0.0651046 0.0366449 1.15647 178 128 106
-0.348323 -0.0372506 0.822669 162 148 128
-0.0343746 0.0296095 1.14544 160 118 100
0.385051 -0.26688 0.90093 138 98 82
0.362855 -0.262281 0.91467 134 95 75
-0.180859 0.0266999 1.13535 104 52 38
-0.243687 0.0909558 1.10895 132 82 57
-0.18748 -0.0041819 1.10881 135 90 76
-0.26146 0.116724 1.06008 122 84 68
0.300021 -0.338678 1.05667 143 140 88
0.43269 -0.421393 0.983902 154 148 94
0.0156273 -0.00766727 1.17768 162 122 100
0.555821 -0.190331 1.06248 146 135 94
0.125715 0.168917 1.01034 138 90 89
0.181864 0.128873 0.995149 152 112 99
0.56471 -0.200913 1.06308 140 119 74
-0.0341898 -0.0482075 1.15307 162 120 100
-0.411397 0.122982 0.855339 129 50 20
-0.130229 -0.20294 1.13722 132 110 68
0.556511 0.0389394 1.10389 168 148 140
0.320153 0.0873544 1.15601 130 109 94
-0.320681 -0.262429 1.02155 70 44 26
0.0851138 -0.00751687 1.26553 149 138 116
-0.342553 -0.0784191 0.909413 160 146 126
0.461856 0.144941 1.12048 164 138 130
-0.1717 -0.260723 1.09112 150 145 92
-0.276336 0.167095 1.05935 164 140 130
-0.119899 -0.2957 1.0911 67 42 18
-0.22359 -0.318888 1.08564 149 144 92
0.0956761 0.263994 1.12798 168 140 137
-0.0220415 -0.191381 0.558275 150 145 94
0.135717 -0.481612 1.3917 146 142 93
-0.389251 0.151874 0.909877 133 11 14
-0.37178 -0.0154627 0.812994 116 12 12
-0.377857 0.150325 0.950493 136 86 76
-0.140489 -0.118815 0.971482 109 70 34
-0.115533 -0.0847254 1.01238 156 105 92
0.466942 -0.387582 0.993717 128 42 27
-0.188589 -0.113485 1.00489 129 84 52
0.135048 0.12299 0.967834 89 71 64
0.457028 -0.236098 1.00747 125 98 90
0.37482 0.0595472 1.12213 144 118 112
-0.293791 -0.184687 1.00601 166 92 68
-0.486658 0.0561978 0.813207 156 108 42
0.56812 -0.263304 0.973551 144 112 96
-0.117884 0.0319183 1.13593 202 160 138
-0.383411 -0.0457446 0.806076 125 16 19
-0.489609 0.0420161 0.800938 159 100 42
-0.37484 0.0675169 0.858413 102 47 49
-0.375921 -0.103859 0.804698 162 148 126
0.468274 -0.0576294 1.05893 150 124 108
-0.0810896 -0.0417064 1.11371 194 150 126
-0.376705 -0.0996252 0.804927 162 148 125
0.415259 -0.278102 0.928205 149 110 92
-0.332317 0.00789903 0.889698 150 106 54
0.436165 -0.169204 1.01974 154 128 113
-0.353275 -0.0409374 0.814789 162 148 128
0.571189 -0.252705 0.988374 158 140 130
-0.151376 0.0220986 1.13527 143 90 70
-0.384305 0.174392 0.900948 118 8 12
-0.144245 -0.113418 0.988943 159 110 84
0.360733 -0.350974 1.08333 107 80 54
-0.346801 -0.0226052 0.863184 160 144 120
-0.26371 0.0809963 1.11721 116 66 47
0.491733 -0.103788 1.05434 84 58 55
0.416345 -0.203119 1.03917 158 156 103
-0.0345233 -0.0585456 1.13227 162 121 102
-0.160714 -0.112339 0.975488 111 73 42
-0.25845 -0.00499088 1.09391 142 94 77
-0.451964 0.0337943 0.836161 140 52 22
-0.304844 -0.188423 1.00765 174 109 85
-0.408101 -0.064513 0.81617 126 14 12
0.469768 -0.325632 0.980001 122 11 10
-0.13106 -0.000141543 1.1431 183 134 108
-0.195174 0.0351792 1.10159 148 102 85
0.465334 -0.0318411 1.07956 100 77 65
-0.353917 0.0737811 0.896792 162 140 122
0.404854 -0.340196 0.998205 117 16 11
-0.461663 0.0389058 0.798732 163 108 40
-0.411806 -0.0552034 0.808738 140 16 17
0.093035 0.0525446 0.955288 130 24 20
0.464495 0.0315463 1.06403 127 80 56
0.164811 0.0890731 0.9478 156 28 28
0.423714 -0.387472 0.990525 154 150 98
-0.383286 0.0518328 0.847232 21 18 34
0.545222 -0.23594 0.956063 133 126 114
-0.210695 -0.0325417 1.14386 138 94 78
-0.0364691 0.0770049 1.14113 126 74 50
0.417632 -0.350014 0.991496 116 42 24
0.48461 -0.337191 0.966873 56 20 11
-0.211637 0.0306104 1.09438 154 112 98
0.0739886 0.053807 0.935694 119 29 22
-0.0163405 0.0780411 1.01543 123 78 53
0.398335 -0.0290732 1.089 131 104 87
-0.380928 0.095052 0.872097 128 14 15
0.517311 0.0282504 1.08779 94 48 24
-0.383586 -0.0495033 0.826234 119 16 13
-0.211775 -0.128539 1.0387 128 88 63
-0.284227 0.0426318 1.08196 144 93 75
-0.343505 0.0652044 0.89397 162 141 124
-0.126167 0.0100042 1.14098 192 144 122
-0.350347 -0.042301 0.918164 160 146 124
0.389528 -0.334638 1.00431 128 81 58
0.365083 -0.293253 0.968465 116 61 41
0.288617 -0.205881 1.1208 130 128 80
-0.0554481 -0.139088 1.06162 160 122 102
0.536539 -0.172332 0.991566 135 129 88
-0.359615 -0.101182 0.818778 162 149 126
-0.0570382 0.0925337 1.08678 144 92 62
0.559895 -0.221729 0.967496 160 140 124
0.421868 0.134974 1.11122 152 116 105
-0.174758 0.11237 1.11845 140 111 104
0.483259 -0.367997 0.958478 12 10 6
0.434541 -0.41607 0.962782 154 150 96
-0.382824 0.239649 0.919088 163 134 128
0.526173 -0.161208 0.977934 117 106 78
-0.356869 0.210468 0.911893 140 72 68
-0.391119 -0.316033 1.12657 150 144 92
0.468761 -0.417129 0.959037 167 110 76
-0.487521 -0.0392408 0.832304 164 148 127
-0.0590634 -0.370706 1.20368 150 148 98
0.656976 -0.0272743 1.16619 150 140 119
0.505004 0.18386 1.17967 169 149 141
-0.222994 0.176565 1.10422 166 140 132
-0.440688 0.0270779 0.782783 156 102 34
-0.537406 -0.407661 1.05208 149 142 88
-0.453273 0.269474 0.911803 164 142 132
-0.241065 -0.125638 1.05158 136 96 75
-0.371865 -0.101003 0.808808 161 148 125
-0.28658 -0.0325759 0.935434 156 139 116
0.389527 -0.136774 1.13274 74 42 24
-0.221473 -0.166853 1.05064 130 90 61
-0.347453 -0.104743 0.752894 162 148 123
-0.102271 -0.0930805 1.03714 97 46 27
-0.373747 0.171526 0.946817 124 19 17
0.310295 -0.308417 1.00558 137 137 84
0.352873 -0.345818 1.0681 126 102 78
0.000683939 0.0215136 1.16816 178 130 111
-0.41885 0.0315876 0.796763 123 12 14
0.468886 -0.370825 1.00045 122 9 9
-0.111749 -0.106945 1.01846 80 39 24
-0.197876 0.00477343 1.05746 142 100 84
0.327962 -0.262365 0.919348 162 135 122
-0.447273 0.0367279 0.903148 120 17 18
0.342644 -0.338436 1.08584 123 90 62
-0.241905 -0.188848 1.04843 130 99 61
0.501972 -0.218559 1.08767 139 112 98
-0.36924 -0.106183 0.801965 162 148 126
-0.33497 -0.056908 0.816005 163 148 127
0.418147 -0.12727 1.03445 160 143 123
-0.10066 -0.083395 1.03685 88 38 21
-0.187215 -0.0974007 0.964428 159 104 74
-0.323598 -0.214799 0.995227 86 42 33
-0.22074 -0.160175 1.12954 113 71 46
-0.136338 -0.0634547 1.04039 152 100 85
0.409983 -0.0436357 1.05205 172 104 74
-0.311934 -0.134277 1.02642 159 109 84
-0.0803302 -0.0598686 1.02138 141 93 76
-0.375632 -0.0411575 0.830035 164 144 126
-0.358552 0.0325173 1.11787 158 110 84
0.378044 -0.251437 0.868916 163 136 126
0.0117099 0.0646311 1.1001 110 40 24
-0.00884206 0.0387251 1.19999 140 72 53
-0.160434 -0.0572332 1.05518 110 59 42
-0.315525 -0.00255249 0.886688 137 11 14
0.393014 -0.341331 1.01837 119 18 10
-0.364441 0.13148 0.946505 154 132 118
-0.191754 -0.160844 1.15762 159 143 116
-0.162388 -0.072249 0.982483 120 70 42
-0.0149439 0.07286 1.08372 102 57 27
-0.415957 0.012928 0.827161 103 4 6
-0.312879 0.157907 0.962839 144 122 109
0.466003 0.120715 1.12932 172 150 146
0.329352 -0.277822 1.05245 127 107 78
-0.186034 -0.11101 0.982554 120 78 45
-0.329496 -0.178564 1.02056 40 12 7
-0.354931 -0.138391 1.11987 161 112 88
0.393291 -0.358976 1.04004 156 140 112
-0.322046 -0.145013 1.06168 150 98 72
-0.409215 -0.0865502 0.816238 163 148 125
-0.34901 -0.0287521 0.793498 164 142 123
-0.168376 -0.116356 0.997557 110 70 36
-0.297532 0.0147838 0.836475 160 142 122
0.393212 -0.116483 1.19228 111 84 62
0.369617 -0.356961 1.07426 146 130 110
0.363624 -0.352798 1.07205 128 109 91
-0.298896 0.0773496 1.08061 131 80 61
-0.180518 -0.102536 0.971091 162 110 86
-0.230175 -0.059439 0.987922 176 114 92
-0.333549 0.138773 0.978838 150 128 112
0.334629 -0.200079 1.09673 120 118 74
-0.260913 -0.132189 1.04135 152 108 90
-0.400344 0.0988164 0.86022 29 16 28
-0.362944 -0.0184765 0.809793 106 30 18
0.358777 -0.374266 1.14134 135 114 93
-0.383661 -0.192828 1.08531 41 16 8
0.337419 -0.337275 1.06248 104 64 28
0.417177 -0.203439 1.0345 150 146 96
0.31102 -0.274245 0.967438 140 136 89
-0.311658 -0.211668 1.0251 115 60 45
-0.326571 0.00802733 0.908341 129 14 10
-0.298589 -0.210745 0.984138 158 102 85
0.498403 -0.327067 0.984374 11 11 10
-0.135771 -0.0589539 1.00721 158 101 82
-0.235347 -0.0458182 1.00588 166 106 88
-0.337273 0.0343505 1.14326 173 125 104
0.000764457 0.0331209 1.10025 112 64 42
-0.0479337 -0.121993 1.07286 130 88 70
-0.30355 -0.072372 1.05883 126 80 62
-0.159141 -0.0761254 1.01885 104 56 32
-0.306605 -0.263512 1.03295 49 26 13
-0.185957 -0.164408 1.23782 114 66 34
0.299794 -0.281654 1.03965 140 138 88
-0.06444 -0.111756 1.06027 152 114 95
-0.348774 -0.0833559 1.13463 142 96 76
-0.342605 -0.047311 0.761538 114 16 12
0.392496 -0.207245 0.972836 150 135 96
-0.384881 0.0147003 0.922436 146 98 42
-0.423664 -0.0792954 0.836534 106 40 24
-0.403495 0.094774 0.939816 88 36 39
-0.418677 0.0501296 0.826233 115 23 23
-0.250702 -0.148014 1.18933 100 56 30
0.409204 -0.292466 0.926955 123 6 6
0.0254497 0.127263 1.01856 156 72 67
0.0529853 0.123883 0.907677 156 24 24
0.0516257 0.0928864 0.911016 160 26 26
-0.402427 0.21054 1.04846 136 112 99
0.0585444 0.118276 0.923036 143 101 94
-0.193737 -0.177351 1.18047 137 130 91
-0.363513 -0.123981 1.11589 163 115 92
-0.212212 0.0376131 1.26524 88 36 24
-0.298683 0.0256023 1.0877 152 103 84
0.431615 -0.276731 0.933821 130 86 66
-0.362031 0.103926 0.944514 158 136 118
-0.369469 -0.177658 0.95877 124 119 78
0.0520288 0.119999 0.912065 158 24 25
-0.391169 0.0119365 0.90378 126 58 18
-0.428612 0.204955 1.00661 130 10 12
-0.440585 0.132411 0.92751 146 95 74
-0.657086 -0.253513 1.46401 127 120 78
-0.406944 0.1043 0.87714 54 27 33
-0.352333 0.18199 0.962785 138 115 101
-0.37157 -0.135016 1.06578 56 20 13
-0.394985 -0.143312 1.05946 94 54 30
0.339501 -0.217958 1.29612 114 112 70
-0.316497 0.168597 0.92277 141 120 104
-0.473519 0.0543533 0.913814 102 42 41
-0.339378 0.151516 0.976875 142 122 106
0.373241 -0.309739 1.04828 122 70 50
0.361941 -0.174041 1.09587 157 126 96
-0.327315 -0.125074 1.15808 128 88 62
-0.448644 -0.00478006 0.83656 22 22 64
-1.10084 -0.284783 1.70313 127 122 77
0.141876 -0.217471 1.62129 82 82 42
-0.401141 0.0945856 0.859998 46 28 38
-0.135859 -0.0406803 1.00924 55 20 10
0.118412 0.166304 1.03017 145 30 27
-0.365999 0.00119427 0.946136 154 106 47
0.322094 -0.39287 1.13341 140 136 84
0.0215759 0.124731 0.985804 154 124 111
-0.33675 -0.0671526 0.776079 162 146 124
-0.270257 0.1399 0.867127 143 121 108
-0.297172 0.12891 1.03483 142 112 100
0.4606 -0.313042 0.945058 104 32 20
-0.193728 -0.14319 1.02803 100 54 32
0.283482 -0.29785 0.957752 139 136 86
0.383955 -0.349875 1.03637 155 139 114
-0.199979 -0.190913 1.0179 140 136 82
-0.387999 -0.00603738 0.855523 88 12 8
-0.359849 -0.209697 1.0264 52 24 16
-0.296574 0.139768 1.03442 146 118 106
-0.322593 0.135307 1.00742 150 128 112
-0.293411 0.14347 0.990494 150 127 113
-0.354146 -0.0527491 1.06302 158 142 124
-0.0449072 -0.0236357 1.07171 171 128 111
-0.017856 0.10752 1.05283 158 134 126
-0.233577 -0.209383 1.06956 146 142 89
-0.352837 0.205539 0.90577 122 14 13
-0.366252 0.0620689 0.998018 158 138 120
0.343285 -0.432097 1.19538 144 140 92
-0.421551 -0.169214 1.10021 153 135 110
0.546786 -0.375023 1.07945 32 30 24
-0.277846 -0.0612253 0.8644 158 144 124
0.490268 -0.505165 1.18553 148 146 92
0.103761 -0.191978 1.70322 138 128 106
-0.630253 -0.186776 1.27358 158 146 122
-0.415812 -0.0835334 1.09365 158 144 126
-0.185494 -0.275993 0.589247 151 145 92
0.595931 -0.549284 1.35469 136 114 71
-0.404517 -0.083926 0.77476 16 20 52
-0.369889 0.187744 0.841759 132 12 12
-0.644304 -0.00676556 1.08905 42 18 50
-0.442752 -0.426648 1.01155 151 144 92
-0.324405 -0.130737 0.879113 161 149 125
-0.428864 0.238981 0.944891 122 20 18
0.256889 -0.42684 1.21668 138 134 84
-0.430341 0.301654 1.11615 163 140 130
-3.85005 -2.44452 6.55401 151 144 92
-0.327479 0.232062 1.06233 162 140 130
0.352421 -0.404664 1.02215 144 141 89
0.2231 -0.564711 1.51574 141 138 88
-0.450716 0.302649 1.16003 163 140 131
-0.302498 -0.118957 0.831783 160 148 124
0.195286 -0.568155 1.5513 143 140 89
0.340727 -0.471072 1.2845 144 140 89
0.233993 -0.34348 1.04188 139 136 86
0.170835 -0.527837 1.54602 142 138 90
0.176062 -0.546328 1.70316 140 137 87
0.240852 -0.415167 1.24518 139 136 85
0.354021 -0.405685 0.989743 146 143 89
0.232208 -0.331375 0.759903 143 138 88
0.221542 -0.166239 1.95533 140 130 106
-0.41473 -0.525357 1.09758 150 143 88
-0.243024 0.274906 0.859304 162 142 132
0.033162 0.286864 1.1298 164 139 136
0.199672 -1.86052 4.25052 144 140 90
-0.109845 0.215438 1.08215 165 142 134
0.103021 -0.642649 1.50783 142 138 88
0.342087 -0.417131 1.02077 146 142 90
0.339956 -0.362712 0.754612 146 142 89
-1.0502 -0.769759 2.5313 148 142 88
-0.200261 -0.342175 0.949381 146 140 90
-0.533479 -0.512302 0.982338 152 146 92
-0.0845371 0.25111 1.21093 163 138 133
-0.413155 0.351777 1.08371 163 140 132
-0.954806 0.660001 1.73866 168 145 138
-0.326027 0.0289465 0.800599 119 16 10
0.526151 -0.205473 1.11588 64 24 14
-0.361519 -0.200989 1.06063 30 12 7
0.458093 -0.215818 1.06009 146 112 98
-0.129078 -0.135693 1.11775 136 89 57
0.484284 -0.220142 1.09402 146 110 96
-0.187327 -0.159306 1.16809 115 84 58
0.456531 -0.25653 0.887147 59 45 44
-0.187931 -0.0429213 0.897879 149 94 75
-0.135965 -0.145404 1.10295 144 98 70
-0.201857 -0.154305 1.14617 92 56 23
-0.206192 -0.170964 1.16262 159 147 122
-0.339715 0.139606 1.00401 152 130 114
-0.41712 -0.0130424 0.837344 120 14 17
-0.0974997 -0.104939 0.980982 72 28 10
0.443195 -0.241626 0.903739 108 82 70
0.476284 -0.201307 1.07457 156 128 120
-0.11125 -0.127683 1.15716 174 130 110
-0.348617 0.0609446 1.12759 182 136 112
-0.305211 -0.0201735 0.97751 158 138 114
-0.166434 0.0654277 1.19116 118 62 38
-0.351752 0.174264 1.05957 146 124 110
-0.202233 -0.161061 1.05718 110 68 41
-0.189063 -0.0462661 0.955817 164 109 90
-0.00157334 0.0361142 1.20336 170 118 98
-0.385062 0.0729848 1.23085 174 126 104
-0.27664 -0.0666839 0.976229 136 90 72
-0.211395 -0.153473 1.11406 132 89 64
-0.348998 -0.0431955 0.84522 162 146 126
-0.357851 -0.187234 1.06815 35 13 7
-0.426951 0.0488151 0.869823 58 42 47
-0.219516 -0.184515 1.14488 124 120 72
0.547516 -0.127254 1.04801 148 128 115
-0.349259 -0.0509583 0.841121 162 148 126
-0.071234 0.00582599 1.06224 200 152 124
0.447206 -0.315044 0.956313 126 8 9
-0.168799 -0.132878 1.14066 92 56 32
-0.124745 -0.0815543 0.922785 126 76 55
-0.41037 -0.0215052 0.884739 114 24 14
-0.392585 0.12852 0.865225 154 134 118
-0.14173 -0.0935526 0.957551 143 93 71
0.0496803 0.11256 0.928549 158 26 24
-0.396741 0.038756 0.779328 124 12 13
-0.142504 -0.132008 1.12371 117 76 50
-0.316945 -0.0438115 1.00326 158 140 118
-0.351763 -0.252148 1.64981 127 123 76
0.0491451 0.0829053 0.926804 161 26 22
-0.34099 -0.0385058 0.771129 128 70 60
-0.3155 0.0553464 0.847709 160 140 124
-0.22008 -0.186176 1.13089 124 120 72
-0.223856 -0.07425 0.916032 116 68 42
-0.192581 -0.156616 1.09338 124 92 62
0.332949 0.00804205 1.10873 171 141 126
0.309275 -0.190301 1.10003 111 109 68
-0.417278 0.0206006 0.882305 119 12 14
0.0625744 0.134475 0.975707 132 83 78
-0.331752 0.129131 1.0425 154 126 114
-0.218877 -0.202854 0.942161 150 144 90
-0.330068 -0.0241246 1.13461 178 128 102
-0.304246 -0.126619 1.07104 154 110 86
0.508109 0.00891124 1.1017 142 108 93
-0.354634 0.0286197 1.14457 158 109 86
-0.0921453 -0.00847476 1.03195 194 148 126
-0.379633 -0.0498997 0.803924 117 13 12
-0.241019 0.00401847 0.799129 158 137 115
-0.234794 -0.192095 1.099 134 120 76
-0.351208 -0.181414 1.04183 42 18 8
-0.219879 -0.194043 1.26621 124 120 74
-0.312531 -0.00545469 1.0871 180 133 110
-0.371103 -0.0349891 1.24821 158 112 86
-0.293053 -0.689819 1.5351 148 142 90
0.191548 -0.353479 1.65509 135 133 84
0.0625793 0.190831 1.05831 96 68 66
-1.3872 -0.339113 2.13398 126 121 74
-0.423638 -0.11475 1.07815 160 147 123
-0.317611 -0.0718702 0.981262 114 64 46
-0.92698 -0.27626 1.92646 154 144 114
-0.163846 -0.480875 1.45026 148 142 90
-0.169281 -0.468392 1.47261 148 142 91
-0.158349 -0.225132 1.1635 146 140 90
0.10655 0.00412797 1.27058 152 136 116
-0.304377 0.185526 0.886407 154 130 117
-0.389498 -0.227006 1.05191 88 54 40
0.0936877 -0.344938 1.69527 133 131 82
-0.261107 -0.230729 1.28292 142 140 88
-0.207298 -0.234713 1.20602 146 142 90
-0.299516 -0.674197 1.93556 145 139 88
0.109312 -0.0511431 0.840523 145 136 113
-0.380069 -0.0949642 0.88528 162 147 126
-0.360116 0.0751978 0.711976 150 81 72
-0.199738 -0.278502 1.03561 150 146 94
-0.528752 -0.166217 1.20078 162 150 126
-1.13214 -0.345508 2.00941 136 130 80
-0.189894 -0.462127 1.44882 147 142 92
-0.215229 -0.546232 1.54772 145 139 88
0.11265 -0.457568 1.58524 138 136 84
0.131323 -0.372424 1.29548 140 136 86
-0.480779 -0.127476 1.06973 160 148 126
-0.121668 -0.401796 1.13753 145 139 88
-0.110777 -0.360054 1.15399 150 144 92
-0.364397 0.243891 1.10192 162 140 130
-0.433443 -0.661123 1.84993 146 141 88
0.225443 -0.2954 1.02408 139 136 88
-0.324401 0.0759067 0.672042 132 26 26
0.0328842 -0.257525 0.742372 146 142 90
-0.226559 -1.31615 4.45107 145 142 91
0.0133228 -0.499853 1.36518 146 142 92
0.103862 -0.148093 2.08196 140 131 108
0.28197 -0.808808 2.13629 144 139 86
-0.418362 -0.40434 1.02926 150 143 90
-0.59117 -0.335088 1.29342 150 144 92
-0.514931 -0.444462 1.19622 149 143 88
0.067244 -0.516569 1.44511 146 142 92
0.0484523 0.300262 1.35384 162 134 131
0.301188 -0.667074 1.79913 142 139 87
-0.319132 0.246282 1.36191 162 140 132
0.0444539 0.503982 1.9462 165 140 136
0.0622271 -0.427377 1.51764 142 138 89
-0.0954156 0.212898 1.2354 164 138 129
0.0534474 0.243891 0.926604 165 140 136
-0.157275 0.189746 0.763605 160 140 130
-0.292206 0.248253 1.197 162 140 130
0.493472 0.0937323 1.08865 179 158 151
0.318793 -0.0777089 1.16688 154 142 120
0.160146 0.0822741 0.965367 158 26 24
0.402257 -0.153101 1.11314 31 46 30
0.542503 -0.127442 1.06998 178 126 102
-0.290063 -0.198219 0.997498 170 100 76
-0.322149 -0.00137757 0.918303 137 14 15
0.477576 -0.213717 1.08113 152 122 112
0.381013 -0.0432722 1.09301 104 72 52
-0.219625 -0.1014 1.03838 152 100 68
-0.249582 -0.0665224 1.02917 160 100 80
-0.235725 -0.18999 1.05995 134 104 66
-0.12679 -0.0753343 1.00713 168 114 100
-0.391141 0.100079 0.904061 104 19 16
-0.277746 0.0633083 1.08114 124 72 52
0.0565748 0.092058 0.947678 162 25 24
-0.39232 0.149448 0.936695 122 12 12
0.499061 -0.207262 1.11288 152 128 118
-0.416894 -0.0445619 0.811492 135 14 16
0.0760192 0.134054 0.996103 132 114 106
0.435932 -0.261616 0.913919 164 138 126
-0.373126 -0.0976448 0.792629 162 148 124
0.325558 0.0814169 1.15542 103 78 60
-0.334174 -0.0142066 0.879085 148 105 36
-0.396942 0.0305823 0.811994 118 16 18
-0.418516 -0.0193656 0.840689 77 11 28
0.432142 -0.0476163 1.06814 160 117 93
-0.351044 -0.00858419 0.816537 88 10 5
-0.13904 -0.132387 1.07544 84 44 21
-0.335275 0.0746617 1.10551 184 137 113
0.530199 0.0526301 1.08617 180 152 144
-0.127979 -0.106859 1.0077 115 74 52
0.398239 -0.15407 1.12453 28 18 10
0.306499 0.0702371 1.1502 130 110 89
-0.238025 -0.121487 1.01715 140 97 80
0.449413 0.0374617 1.04988 130 82 58
0.140828 0.06483 0.924612 152 26 22
0.4624 0.0254796 1.07682 104 62 36
-0.00150727 0.0974945 1.01553 122 98 93
-0.413992 0.0366042 0.862746 104 24 26
-0.0622497 0.0260651 1.1591 175 127 106
0.282046 -0.15536 1.0601 96 96 56
-0.166143 -0.0226203 1.04143 128 82 68
-0.420169 -0.0172572 0.830429 72 16 36
-0.280846 -0.0261855 1.07182 178 128 104
0.406166 -0.0144737 1.11667 110 91 77
-0.390995 -0.0463103 0.828288 116 14 12
-0.349906 0.0776505 0.878517 140 82 74
-0.300683 0.0327114 1.08985 160 112 94
-0.404567 0.141259 0.884335 136 88 72
0.377008 0.00349256 1.09963 98 56 30
-0.305821 0.0684426 1.12342 128 78 58
0.137685 0.170945 1.05095 149 26 28
-0.270141 -0.0200642 0.962379 174 127 104
-0.368113 -0.190298 1.01112 70 36 18
-0.113971 -0.210798 1.0956 144 141 90
-0.214703 -0.254876 1.04464 151 147 94
0.413 0.0513847 1.08375 163 128 115
0.287687 -0.156153 1.04453 100 100 58
-0.370814 -0.200439 1.03528 62 31 14
-0.183644 -0.178653 1.18573 139 132 96
-0.387176 -0.115541 0.787722 164 148 126
0.457776 0.0204058 1.07888 126 86 66
-0.344782 0.194084 0.936168 127 63 56
-0.415476 0.0773864 0.869221 62 52 64
-0.283039 -0.0444752 1.06008 120 72 49
-0.378977 -0.200814 1.03386 69 36 20
-0.401113 -0.200423 0.996919 142 136 89
-0.375587 -0.0617888 0.797272 116 16 14
-0.322052 0.11779 1.02762 158 124 111
0.0319403 0.138707 0.994764 153 109 98
-0.0969357 -0.186026 1.12838 165 116 88
-0.227425 -0.190368 1.12814 131 122 76
-0.435483 -0.0131608 0.834235 22 20 54
0.136667 0.156047 1.02341 116 28 24
0.206966 0.0673468 1.02253 152 135 118
-0.364643 0.0671472 1.11026 134 86 66
-0.157086 -0.189865 1.16404 130 120 73
-0.362334 0.0730601 0.899363 141 78 69
-0.408938 0.138252 0.863125 138 88 31
0.543651 0.111288 1.13531 170 146 137
0.27967 -0.163317 1.07726 100 102 62
-0.35646 -0.203174 0.932834 143 136 90
-0.142163 -0.232622 1.1047 148 143 91
0.503956 -0.351453 0.969681 17 17 12
0.225202 0.0989251 1.0725 122 104 92
-0.171289 -0.198502 1.15331 131 128 78
-0.34907 0.0943546 0.979146 159 136 120
-0.211765 -0.195561 1.13103 130 127 78
-0.323559 0.196409 0.905896 162 139 128
-0.177107 -0.229808 1.16785 146 142 89
-0.376476 -0.0871548 0.971641 162 147 126
-0.241533 -0.255326 1.06575 150 145 90
-0.396493 0.253026 1.00837 160 134 126
-0.234057 -0.240532 1.19722 148 143 90
-0.427322 0.091304 0.823174 140 27 22
-0.353763 -0.215825 0.93344 110 98 60
-0.425175 -0.187076 0.851222 142 136 86
-0.393254 -0.211229 0.878397 150 144 94
-0.332013 -0.261983 0.953884 148 142 94
-0.177184 -0.274858 1.05772 148 144 92
0.244668 0.147168 1.0693 162 142 131
-0.186618 -0.289102 1.01786 149 144 90
0.442851 0.172102 1.14639 164 143 136
-0.460181 0.224505 0.947454 148 62 58
-0.431807 -0.261965 0.943836 151 145 95
0.329031 0.174907 1.16076 166 145 136
-0.363833 -0.253826 0.878759 150 144 94
-0.452836 -0.262523 0.956329 150 144 92
-0.334491 0.26618 0.929226 162 140 132
-0.578945 0.276589 1.02325 167 144 132
-0.47905 -0.197043 0.81791 150 144 94
-0.339689 0.0684043 1.11599 176 128 106
-0.362174 -0.171156 1.0673 52 24 16
-0.219829 0.0327418 1.05655 152 106 90
-0.21057 -0.0789968 0.972576 105 52 28
0.313315 -0.132812 1.08372 142 131 111
-0.295344 0.0345841 1.05898 172 124 103
-0.408823 0.0524439 0.812647 110 29 26
0.0587408 0.125678 0.967402 134 113 108
0.405186 -0.133697 1.08832 54 66 43
0.15708 0.0430831 0.976293 135 30 22
-0.333815 0.0265831 0.840568 150 114 80
-0.249087 -0.195672 1.10499 130 110 67
-0.413512 0.140867 0.91178 143 111 92
-0.320703 0.0100682 0.880761 154 121 83
-0.190535 0.0721047 1.15771 80 34 19
-0.271682 0.0803871 1.09164 118 67 45
0.17147 -0.28478 1.70757 108 106 64
-0.0684092 0.0225595 1.10691 196 152 126
0.363281 -0.0878072 1.16567 162 129 105
-0.388756 0.0284729 0.852416 122 11 12
-0.20639 0.0712639 1.13311 95 46 26
-0.350109 0.0677747 0.803171 94 52 55
-0.288423 -0.00423213 0.869304 126 14 13
-0.201027 -0.168941 1.17397 158 146 124
-0.00193764 0.01282 1.16618 174 128 107
-0.31982 -0.15547 1.04864 132 74 50
-0.414528 -0.0688694 0.825137 118 16 12
0.407358 -0.121888 1.12379 92 94 76
0.167548 -0.319414 1.62488 119 118 74
-0.166058 -0.170094 1.12528 152 143 112
-0.279979 -0.0740587 1.04598 128 76 50
-0.3542 -0.174407 1.04945 48 19 13
-0.243568 0.0639338 1.06021 136 86 68
-0.325008 0.0124586 0.908058 156 109 92
0.413267 -0.211964 0.923967 166 140 132
-0.059808 0.0649314 1.14919 164 113 90
-0.319257 0.188507 0.943738 152 130 118
0.166175 -0.269472 1.70716 104 104 64
0.354902 -0.103576 1.13033 134 97 69
-0.356043 0.0569101 1.11473 158 108 84
-0.182354 -0.0116192 1.0559 140 98 81
-0.390798 0.193058 0.909874 86 4 9
-0.120044 -0.0144462 1.15778 182 135 112
-0.326159 0.0758303 0.895787 160 138 120
-0.119235 -0.0145777 1.22701 186 138 116
-0.357638 0.14432 1.04913 154 130 114
-0.341209 0.135991 0.963864 156 133 118
-0.311823 -0.0536469 1.06125 137 90 70
-0.232385 0.0167367 1.09747 150 110 98
-0.1932 -0.186334 1.12325 124 120 74
-0.441283 0.100487 0.912649 100 34 36
-0.327499 0.0524355 0.864608 161 141 123
-0.323471 0.079861 1.05225 190 144 118
-0.413787 0.0292717 0.861935 116 12 14
-0.33789 -0.0239271 0.81953 162 146 128
-0.28454 -0.0241189 0.990392 170 122 98
-0.169106 -0.0659864 0.968886 71 26 9
-0.162711 0.103484 1.15167 151 120 112
-0.179888 -0.179944 1.16877 120 118 70
-0.141622 -0.00578801 1.05749 84 34 18
-0.358724 0.192007 0.957482 133 105 90
-0.422202 -0.0133581 0.826535 71 12 23
-0.384031 0.188989 0.90433 121 10 14
-0.0565561 0.0603342 1.04915 195 148 124
-0.390786 -0.201564 1.01551 76 50 27
-0.319101 -0.00108685 0.909137 135 13 16
-0.427262 -0.174625 1.14919 68 30 17
-0.309619 0.157034 0.979847 146 124 110
-0.507273 0.00532093 0.929614 66 16 36
0.455257 -0.309984 0.957141 122 12 12
-0.317068 0.14114 0.997408 146 122 108
-0.326205 0.122172 0.932274 156 134 119
-0.213753 -0.189805 1.14899 124 120 72
-0.357541 -0.0924803 1.06435 52 17 9
-0.43306 0.0890293 0.914044 106 74 78
-0.344172 -0.0777416 1.06018 67 23 14
-0.241452 0.109041 1.07049 56 21 14
-0.547391 -0.182004 1.02486 138 130 94
0.112583 -0.376283 1.88827 125 122 74
-0.353693 -0.167933 0.987854 81 46 28
-0.394375 0.0125081 0.81445 76 4 4
-0.283667 -0.0227923 1.06355 178 128 104
-0.445101 0.0295863 0.823816 118 10 12
-0.504598 -0.178027 1.01039 148 138 104
-0.455847 -0.0281775 0.863271 128 10 14
0.286022 -0.14881 1.12953 118 113 84
-0.325071 0.0564581 0.907302 160 138 120
-0.257663 0.119413 1.07244 118 79 62
-0.432324 0.0929741 0.899332 92 40 42
-0.277915 0.125603 1.03198 140 111 98
-0.295116 0.137832 0.981525 146 122 108
-0.160232 0.0320893 1.05555 106 58 41
-0.555056 -0.189405 1.04295 120 116 70
-0.271371 0.125071 1.03458 141 110 100
0.106283 0.183365 1.02833 86 46 46
0.137783 -0.347254 1.81604 119 118 73
0.286146 -0.154093 1.13835 78 78 40
-0.252794 -0.213702 1.26748 134 130 81
-0.341954 -0.28741 1.03818 150 144 92
0.100694 0.177969 0.993902 50 16 15
0.252603 0.015524 1.21763 146 133 108
0.148447 -0.352484 1.66372 133 131 83
-0.390124 -0.214572 1.0268 78 43 26
-0.336848 0.0990957 0.964335 158 135 120
-0.178413 -0.223346 1.1952 143 140 88
0.116251 -0.371858 1.7261 140 136 88
-3.1069 -0.674987 4.24573 142 136 90
-0.519575 0.215268 1.03237 162 100 43
0.213589 -0.384631 1.57281 140 136 88
-0.431059 -0.220237 1.01538 148 142 92
-0.33174 0.218275 0.957184 163 141 130
-0.176641 -0.189284 1.02947 138 134 82
-0.769621 -0.657768 1.61893 152 145 92
-0.455954 -0.21769 1.06747 144 138 88
0.203532 -0.401645 1.49344 140 136 86
0.233987 -0.0111069 1.30134 154 140 117
0.22662 -0.649936 1.85724 142 138 86
-0.205982 -0.461912 1.48698 149 143 92
-4.79798 -1.04274 6.98125 136 132 83
0.208793 -0.404703 1.60546 138 136 84
0.134788 -0.126905 1.3369 140 132 109
-0.443457 -0.228289 1.05067 149 143 93
0.127171 -0.315355 1.31262 140 136 88
-0.501689 -0.150797 1.14271 160 148 123
0.0568991 0.24436 0.998308 165 138 134
-0.219907 -0.760015 1.70991 146 140 89
-0.250406 -0.722146 1.66549 146 140 89
0.225274 -0.504983 1.45685 140 137 88
0.296057 -0.462694 1.36562 140 137 87
-0.600758 -0.273559 1.14715 150 144 93
0.0741158 -0.43133 1.41883 142 138 90
0.236084 -0.50913 1.4889 142 138 88
-0.655099 -0.260325 1.16241 150 144 92
-0.389162 0.381518 1.06362 165 144 136
-0.194512 -0.319524 0.935693 150 144 92
0.187189 -0.457594 1.42666 138 135 86
0.251387 -0.466702 1.41503 140 136 86
-0.639309 -0.251054 1.14099 150 144 92
-0.743186 -0.585435 1.50022 150 144 90
0.0368919 -0.348776 1.1969 146 143 92
-0.399468 0.264122 0.876684 166 138 130
-0.193345 -0.337421 1.01763 150 144 92
-0.208 -0.358844 1.03664 148 143 90
-3.15741 -1.91903 4.50045 153 146 92
-0.782402 0.461423 1.41486 166 144 134
0.409512 -0.128647 1.03373 118 98 70
0.496346 -0.0493671 1.09702 112 72 49
0.102116 0.158556 1.01271 141 34 30
-0.359788 -0.199574 1.04043 76 44 34
0.483064 -0.21656 1.07137 139 109 97
0.631456 -0.331659 1.18419 156 124 110
-0.354895 0.157772 0.967307 138 116 101
-0.0524495 -0.100507 1.09279 114 70 58
0.42731 -0.162957 1.00186 89 80 61
0.310715 -0.155093 1.08274 100 101 60
-0.386006 0.139904 0.922614 145 90 40
0.488588 0.116267 1.12118 178 156 150
-0.395019 -0.0934725 0.796147 163 149 128
0.526133 -0.215307 1.12359 113 87 74
-0.365524 0.0134765 0.864272 131 53 22
-0.303681 -0.149691 1.04826 146 94 69
0.414597 0.00292226 1.14043 152 126 114
0.416478 -0.253467 0.919486 168 142 134
0.446426 -0.317814 0.954798 124 8 8
-0.0568752 0.0431304 1.16762 166 118 96
0.304572 -0.14371 1.10097 147 137 114
-0.310397 0.0570242 1.09176 158 108 94
0.522588 -0.141441 1.01902 155 88 54
0.413539 -0.0664214 1.04235 176 108 78
0.498971 -0.20961 1.08272 154 132 121
0.155649 0.118702 0.973384 149 76 75
-0.359832 -0.0131048 0.851822 130 81 30
0.416246 -0.283656 0.919841 125 49 36
0.407574 -0.0485644 1.0457 162 106 78
0.473419 -0.136213 1.01865 68 32 21
-0.126541 -0.183326 1.10561 152 117 80
0.530603 -0.148145 1.00885 152 106 78
-0.379296 -0.183695 1.01087 100 78 50
-0.431176 -0.162534 0.892905 156 144 118
-0.0704695 0.0666098 1.14359 178 126 98
-0.076772 -0.190372 1.09684 160 112 88
-0.437943 -0.158439 0.83839 155 143 113
0.531313 -0.154597 0.987102 120 102 75
-0.363544 -0.178942 1.01024 76 43 28
-0.193296 -0.189015 1.15788 125 121 74
0.312545 -0.179646 1.07838 123 122 78
-0.374881 -0.169757 1.01489 118 97 74
-0.404582 0.0296596 0.855047 121 14 14
-0.428665 -0.164176 0.906776 154 142 114
-0.569584 -0.190788 0.98788 126 122 78
-0.142672 -0.122088 1.02107 121 78 51
-0.176164 -0.192054 1.20737 126 118 72
0.650059 -0.154681 1.23646 145 127 92
-0.303161 -0.154988 1.03607 142 88 64
0.391847 -0.20386 1.12069 82 31 14
-0.18471 -0.190435 1.1987 123 118 72
-0.376384 -0.167408 0.979378 158 148 122
0.532591 -0.171056 0.984365 124 110 82
-0.375216 -0.0627633 0.810237 118 40 30
-0.330181 0.0643411 0.884741 160 139 124
-0.438811 0.0762045 0.893335 49 42 52
-0.545973 -0.181693 0.931905 127 120 75
0.0851675 0.0650635 0.940891 140 24 20
-0.0426915 0.0120361 1.14998 168 126 109
-0.190359 -0.191117 1.18164 123 120 72
0.1416 0.0635654 0.96033 145 26 22
-0.052068 0.0497975 1.14907 164 116 94
-0.167531 -0.0256502 1.09975 71 26 14
-0.167094 -0.0353719 1.09741 60 20 11
-0.0518856 0.037075 1.14653 164 118 95
-0.370049 -0.17275 1.04163 68 32 18
-0.440079 0.0815987 0.895639 52 40 49
-0.354554 -0.173242 1.02028 70 34 24
-0.0320734 0.0315109 1.15271 155 116 97
-0.36602 -0.171935 0.885263 126 122 75
0.29808 -0.122049 1.14685 151 142 120
0.294619 -0.143539 1.09241 144 136 114
-0.419763 -0.17157 0.872285 126 122 77
0.19698 0.122625 1.02253 148 130 116
-0.365395 -0.156984 0.865099 158 146 117
-0.386701 -0.14482 0.813417 160 147 124
-0.123068 -0.268407 1.10345 102 60 46
-0.358449 -0.11943 1.02183 100 54 31
-0.364705 -0.1612 0.910604 154 144 115
0.563049 -0.105184 1.09735 152 106 79
-0.364574 -0.159643 0.896963 159 146 118
-0.114471 -0.301403 1.1069 60 30 16
-0.369585 -0.167115 0.891264 122 118 72
-0.319655 -0.262667 0.999223 66 41 21
-0.35394 -0.0715822 1.03877 110 66 43
-0.528081 -0.186216 0.945102 126 122 74
-0.431559 -0.185966 0.918644 132 127 77
-0.22307 -0.26519 1.10211 150 146 94
-0.399164 -0.141624 0.856171 162 148 124
-0.412325 -0.177615 0.887046 128 123 74
-0.38521 -0.166007 0.882598 118 112 67
0.21425 0.145882 1.05895 151 133 122
-0.430252 -0.165929 0.921711 152 140 110
-0.374147 -0.0986189 0.854223 163 148 126
-0.572935 -0.191997 0.967869 128 122 76
-0.35677 -0.0790159 0.975789 160 146 124
0.258612 -0.0154475 1.30882 152 140 116
-0.522961 -0.200052 1.02557 127 123 76
-0.17754 -0.235575 1.21089 146 142 90
-0.386189 -0.149089 0.924692 162 150 124
-0.426188 -0.169903 0.915386 128 120 76
-0.209914 -0.201333 1.105 140 136 83
-0.567078 -0.202475 0.978592 139 134 84
-0.518499 -0.189785 0.951037 128 124 74
-0.178319 -0.255209 1.13309 150 146 93
-0.161856 -0.277834 1.11084 150 146 94
0.650876 -0.106062 1.20152 152 140 118
-0.382953 -0.304489 0.9989 149 144 90
-0.384006 -0.247082 0.790599 151 144 92
-0.291315 0.255185 1.24327 162 141 131
0.241718 0.183899 1.05907 165 146 136
0.413658 -0.125829 1.03355 158 138 118
0.305122 0.0196665 1.18491 130 119 92
-0.448979 0.0562198 0.800854 156 106 46
0.406092 -0.092251 1.05155 103 78 56
-0.426271 -0.029654 0.833497 124 9 12
-0.382033 0.00587141 0.852907 102 11 10
0.433301 -0.0917315 1.04001 163 101 72
-0.249016 -0.136 1.0918 136 96 74
-0.268036 -0.0954625 1.01106 141 95 72
0.390518 -0.130373 1.13486 74 38 20
0.371001 -0.139621 1.12058 160 129 112
-0.25094 -0.194395 1.0949 131 104 68
0.443166 -0.276056 0.930048 122 82 60
0.0940737 0.0919817 0.95443 97 56 42
-0.233416 -0.0470497 1.01145 165 106 86
0.576074 -0.364307 1.07257 93 86 66
0.178165 0.111163 0.959462 147 128 116
-0.122978 -0.0959194 0.980339 102 56 33
0.468826 -0.260808 0.89407 140 120 111
0.391175 0.0301553 1.05047 158 113 92
-0.350923 0.0770464 1.11419 166 120 96
-0.418706 0.0354013 0.82694 123 13 13
-0.377202 -0.217379 1.03785 75 40 22
0.458829 -0.206968 0.949747 127 82 60
0.498718 -0.0474207 1.07992 137 89 68
0.0686968 0.0529337 0.924741 100 24 19
-0.338161 0.18978 0.926316 134 94 83
0.108557 0.0604752 0.943713 142 26 23
-0.125722 -0.166873 1.14448 174 124 92
-0.0233475 0.062982 1.14702 157 114 96
-0.348847 0.145905 1.00338 148 126 112
0.536835 -0.151776 1.03752 144 90 59
0.495597 -0.104747 1.03928 106 66 49
0.322873 -0.0941328 1.11307 156 146 124
-0.144796 -0.184126 1.19707 154 109 80
-0.356467 -0.0330891 0.879368 162 144 126
-0.364798 0.0352137 1.14518 164 114 87
-0.385048 -0.0295117 0.824705 82 16 16
-0.371711 0.134462 1.06896 159 136 122
-0.342496 -0.0215288 0.82833 144 118 80
-0.0831341 -0.112265 1.10725 171 128 110
0.316925 0.0134731 1.11218 156 130 116
0.189032 0.108284 0.988857 148 130 117
0.465983 0.0130409 1.08579 149 107 87
0.383634 -0.0296477 1.13132 130 101 86
-0.375176 -0.0146609 0.809649 116 12 13
-0.166153 -0.0472171 1.0408 102 58 34
-0.180928 -0.187509 1.21348 122 118 72
-0.0397235 0.0844563 1.14468 123 73 49
0.357106 -0.011311 1.09694 87 48 23
-0.353359 0.0487672 0.904755 160 142 124
-0.363505 0.213001 0.963227 122 17 15
0.564551 -0.0859094 1.14858 102 66 48
0.194072 -0.0332329 1.19693 156 144 122
-0.405587 0.112745 0.840347 84 10 11
-0.375563 -0.0919527 1.01075 161 146 124
-0.255079 -0.253814 1.21327 150 145 92
0.604509 -0.029631 1.15302 72 40 20
0.270706 -0.127695 1.07966 148 139 118
-0.299654 -0.270002 1.02467 84 70 38
-0.217198 0.124775 1.12537 100 58 42
-0.437444 -0.129576 0.788623 162 149 124
0.214155 0.0543072 1.06208 152 136 118
-0.321535 0.208586 1.0906 162 140 129
-0.354974 -0.243659 0.864734 152 146 96
-0.109905 -0.320763 1.00859 150 146 94
-0.14564 -0.299815 1.09431 150 146 94
-0.141297 -0.321402 1.09529 150 145 94
-0.146385 -0.296919 1.07748 150 146 94
0.681811 -0.0889422 1.26686 152 141 118
