ply
format ascii 1.0
element vertex 12214
property float x
property float y
property float z
property uchar red
property uchar green
property uchar blue
end_header
-0.435208 0.0874002 0.152461 0 255 0
-0.425367 0.0894716 0.152182 0 255 0
-0.420121 0.0889474 0.150413 0 255 0
-0.41726 0.0886632 0.147977 0 255 0
-0.430129 0.0874646 0.150801 0 255 0
-0.437004 0.085476 0.153397 0 255 0
-0.442681 0.0778142 0.172938 0 255 0
-0.454988 0.0744508 0.178637 0 255 0
-0.457294 0.0736626 0.179871 0 255 0
-0.487858 0.0337605 0.220263 0 255 0
-0.487478 0.0359118 0.218206 0 255 0
-0.485035 0.039265 0.213697 0 255 0
-0.484708 0.0428489 0.207741 0 255 0
-0.485997 0.0457121 0.202491 0 255 0
-0.483063 0.0490723 0.199146 0 255 0
-0.456911 0.0692039 0.180533 0 255 0
-0.450119 0.0732372 0.174754 0 255 0
-0.449238 0.076458 0.170568 0 255 0
-0.394044 0.0689403 0.284153 113 113 118
-0.382161 0.101174 0.238072 116 101 84
-0.379661 0.0746947 0.278982 47 80 115
-0.390213 0.068888 0.284893 64 59 55
-0.361775 0.0293397 0.300557 194 188 184
-0.377175 -0.00395367 0.284506 198 194 192
-0.350076 0.00690928 0.266669 201 195 193
-0.378483 0.065233 0.252777 84 20 28
-0.373475 0.101103 0.241492 120 88 62
-0.319017 0.0466423 0.269402 192 182 174
-0.347654 0.0195678 0.279556 192 186 180
-0.420348 -0.00802235 0.320333 184 176 174
-0.327937 0.0570435 0.297731 178 172 167
-0.422436 -0.00312667 0.315463 178 170 164
-0.381327 0.0623816 0.252009 148 52 73
-0.376378 0.0659831 0.254127 110 74 49
-0.351725 0.00776871 0.268681 207 203 200
-0.374837 0.0218856 0.308579 190 185 182
-0.380194 0.058358 0.253969 168 140 144
-0.382794 0.0671405 0.258784 209 148 92
-0.346002 0.0360653 0.290342 194 187 182
-0.420099 -0.00711948 0.319924 186 182 179
-0.382478 0.0744254 0.279453 188 156 124
-0.37437 0.0646016 0.254053 180 148 126
-0.335231 0.0401749 0.284389 194 187 182
-0.379005 0.0703609 0.2546 116 48 16
-0.333616 0.0259536 0.268586 196 190 183
-0.368941 0.0807862 0.260996 74 28 8
-0.377938 0.062206 0.251938 107 38 53
-0.372685 0.0822761 0.268112 27 33 45
-0.377679 0.0718133 0.254662 194 138 94
-0.380346 0.0685217 0.254879 184 121 72
-0.373769 0.0617787 0.254539 196 192 186
-0.346149 0.0441202 0.297268 190 184 178
-0.379524 0.080674 0.278237 182 144 107
-0.381575 0.0730521 0.279754 182 151 120
-0.376769 0.0672395 0.255884 75 40 20
-0.348825 0.0338551 0.291651 188 182 174
-0.406061 0.0027073 0.311391 192 186 183
-0.391775 -0.00137417 0.301718 190 186 182
-0.368738 0.0992088 0.24465 118 89 60
-0.381613 0.0656022 0.249585 134 30 52
-0.377242 0.0679589 0.255313 63 24 13
-0.335128 0.0390196 0.282984 190 182 176
-0.374578 0.0673093 0.251778 231 180 130
-0.333289 0.0280461 0.270371 195 188 184
-0.376339 0.0734333 0.261271 19 30 34
-0.353024 0.00807616 0.268525 204 200 196
-0.373629 0.0684536 0.251787 168 120 77
-0.376447 0.0667069 0.256367 101 54 28
-0.327562 0.052188 0.294243 194 186 179
-0.381974 0.0720408 0.270379 193 108 50
-0.363392 0.0973844 0.245683 190 152 116
-0.350383 0.00778534 0.266651 198 191 188
-0.331843 0.0290869 0.268143 196 190 184
-0.395669 0.0611472 0.280337 176 146 118
-0.3793 0.0713782 0.259573 161 118 85
-0.365059 0.0974753 0.247298 186 152 115
-0.433946 -0.0061355 0.322356 188 180 178
-0.404535 0.00723281 0.319992 194 188 184
-0.381263 -0.00362117 0.286194 204 200 198
-0.394026 0.0604744 0.280892 118 58 32
-0.347071 0.0342885 0.29045 193 186 180
-0.380072 0.0671663 0.255291 141 82 47
-0.423277 -0.00964753 0.322496 194 188 186
-0.406552 -0.0153477 0.302245 190 186 182
-0.350572 0.00631526 0.268974 202 196 193
-0.35992 0.0162089 0.287317 208 204 200
-0.379595 0.0693601 0.254503 200 140 96
-0.393352 -0.00540889 0.293276 188 184 180
-0.377822 0.0730629 0.263555 30 76 110
-0.38131 0.0707172 0.266042 238 170 92
-0.402309 0.124995 0.214257 198 161 122
-0.380239 0.0603491 0.253397 122 34 53
-0.364173 0.0273821 0.30144 194 189 184
-0.366969 0.103798 0.237694 188 150 113
-0.381842 0.0722761 0.265772 248 148 70
-0.364461 0.0956641 0.247498 187 154 116
-0.377242 0.0653255 0.253598 46 52 68
-0.333608 0.0281486 0.272012 190 184 179
-0.420984 -0.0197953 0.313725 189 182 180
-0.374209 0.0218701 0.307176 200 196 194
-0.379883 0.0598298 0.254089 130 40 61
-0.373288 0.0993248 0.239325 117 88 61
-0.38074 0.0697512 0.265357 174 144 112
-0.423372 0.077529 0.280342 188 154 114
-0.38209 0.0662203 0.257552 232 134 64
-0.391644 -0.00694679 0.299047 193 188 184
-0.349793 0.00823402 0.265696 204 198 194
-0.404256 -0.00530386 0.311662 202 198 196
-0.379983 0.103932 0.239721 177 156 131
-0.381942 0.0682081 0.256544 160 120 106
-0.365768 0.104297 0.237302 185 148 111
-0.366 0.103256 0.238858 191 156 119
-0.433332 -0.0113001 0.328604 188 180 176
-0.360134 0.00499516 0.272865 205 202 198
-0.375503 0.0665663 0.25382 222 165 118
-0.312954 0.0646875 0.284457 176 173 169
-0.346949 0.032451 0.288696 196 187 183
-0.377533 0.0711943 0.24689 166 106 60
-0.365905 0.102345 0.240313 189 154 116
-0.352321 0.00686273 0.267784 198 194 190
-0.346153 0.039362 0.29524 192 185 180
-0.373801 0.0653316 0.254315 211 152 108
-0.417229 -0.00570339 0.320205 187 178 174
-0.380521 0.0736384 0.278562 136 126 126
-0.376559 0.0620014 0.25042 188 182 178
-0.367562 0.104104 0.239145 176 137 100
-0.436018 -0.0129134 0.328192 192 185 182
-0.38096 0.0746849 0.278449 98 99 120
-0.399346 -0.000967432 0.312683 184 179 174
-0.385911 -0.00532244 0.287033 196 192 188
-0.343675 0.0655475 0.2808 176 142 107
-0.411374 0.126798 0.215126 195 155 111
-0.354322 0.00645001 0.270749 204 201 197
-0.364503 0.00102907 0.275746 194 188 183
-0.362398 0.0290117 0.301085 196 191 188
-0.376686 0.0654137 0.253255 129 100 87
-0.360251 0.0147343 0.286928 202 196 192
-0.378829 0.0717828 0.254784 226 168 120
-0.391489 0.120872 0.2178 200 162 120
-0.36471 0.10225 0.240188 192 157 120
-0.381936 0.104051 0.240748 203 186 170
-0.38163 0.0732364 0.269459 180 78 35
-0.376487 -0.00317337 0.285266 205 201 198
-0.381597 0.0693912 0.257824 197 145 102
-0.380319 0.0662284 0.253615 110 52 42
-0.36308 0.0248611 0.298251 200 196 195
-0.361743 0.0202317 0.292703 188 182 176
-0.37097 -0.000655135 0.281314 204 201 198
-0.350277 0.0845757 0.261248 186 154 116
-0.362992 0.0998958 0.243278 186 151 114
-0.416789 -0.0171722 0.308955 198 192 190
-0.362132 0.0281106 0.300309 196 191 186
-0.345624 0.00748156 0.270728 204 198 196
-0.382021 0.110649 0.230128 195 159 118
-0.368888 0.085217 0.26278 24 26 34
-0.314899 0.0510878 0.278541 186 178 170
-0.425896 -0.0217375 0.316778 196 190 188
-0.366642 0.100382 0.240795 185 150 112
-0.333528 0.0263428 0.267291 196 189 186
-0.389574 0.00422131 0.304629 186 181 176
-0.379314 0.00151023 0.276399 201 197 195
-0.382884 0.0700322 0.283731 182 149 117
-0.371755 0.0748327 0.257057 167 102 50
-0.421089 -0.0155002 0.310775 188 181 178
-0.3769 0.0748671 0.277523 71 52 34
-0.420322 -0.00300126 0.319331 184 176 174
-0.375965 0.0090336 0.29733 188 184 178
-0.34593 0.0344663 0.289535 191 184 178
-0.393765 0.00177333 0.302019 201 196 194
-0.375847 0.0720582 0.248824 188 142 98
-0.434629 -0.0200198 0.316762 187 179 176
-0.379698 0.0220014 0.312628 200 193 190
-0.371876 0.0747884 0.257595 164 86 28
-0.349239 0.0333164 0.292055 190 184 178
-0.41265 0.0692254 0.290544 192 160 124
-0.33111 0.0586992 0.297102 178 176 174
-0.377037 0.0746763 0.278167 46 26 15
-0.395568 0.00323575 0.300721 200 198 196
-0.380734 0.0599517 0.254276 173 172 166
-0.389668 0.125851 0.215533 194 154 114
-0.34386 0.0434603 0.297292 198 191 188
-0.369678 0.10262 0.239976 190 152 114
-0.347337 0.0359857 0.292612 205 200 196
-0.389841 0.120295 0.218929 196 158 116
-0.326128 0.0541679 0.293733 188 181 175
-0.36786 0.104714 0.237858 184 144 108
-0.345805 0.0405988 0.295048 194 186 178
-0.369072 0.0981605 0.233677 189 152 114
-0.346811 0.0362203 0.291085 196 188 182
-0.362367 0.0811743 0.266658 147 114 86
-0.389647 0.0719115 0.283024 162 142 128
-0.342197 0.0361122 0.287125 192 184 181
-0.381834 0.067958 0.257942 150 111 90
-0.377589 0.0611112 0.251302 116 46 62
-0.390593 0.125969 0.214635 196 156 117
-0.403877 0.0152901 0.328656 192 184 176
-0.377443 0.0747444 0.269632 140 114 88
-0.382297 0.10931 0.231101 188 150 108
-0.383677 0.110966 0.230379 198 162 120
-0.31111 0.0713799 0.285682 168 132 96
-0.391239 0.123532 0.212563 196 156 116
-0.373091 0.0671396 0.251241 176 167 156
-0.344589 0.0385936 0.291759 199 192 189
-0.34858 0.00923115 0.266808 206 201 198
-0.37634 0.0603846 0.250777 198 193 188
-0.34987 0.0106774 0.270744 197 190 186
-0.423868 0.0878715 0.265364 196 158 114
-0.393754 -3.58435e-05 0.308016 204 201 200
-0.346782 0.0468924 0.297109 180 174 166
-0.372469 0.102293 0.241172 180 140 104
-0.377733 0.075926 0.276378 84 58 39
-0.365069 0.026394 0.303316 194 190 186
-0.363492 0.00674515 0.282035 193 188 182
-0.388587 0.112035 0.229043 198 158 116
-0.388949 -0.000382339 0.289759 202 200 198
-0.315943 0.0557092 0.279003 188 182 174
-0.36886 0.0229859 0.302031 198 195 194
-0.40443 -0.00744012 0.30591 197 193 191
-0.373472 0.0734358 0.261752 122 50 18
-0.36228 0.000783843 0.274103 206 202 200
-0.364886 0.0983767 0.24117 186 149 110
-0.3589 0.0156043 0.286854 192 184 178
-0.392028 0.123157 0.212537 197 157 116
-0.419312 -0.00717924 0.322697 188 180 176
-0.360679 0.0949037 0.250282 186 151 114
-0.446592 0.0547946 0.308274 180 148 112
-0.420849 -0.00504291 0.312933 191 184 181
-0.328468 0.0506944 0.2891 196 188 184
-0.367255 0.100337 0.240586 184 149 112
-0.347569 0.0273565 0.285005 192 186 182
-0.391063 0.119737 0.219315 208 172 130
-0.398667 0.000511029 0.307834 198 195 195
-0.367752 0.0999081 0.243201 180 144 106
-0.376327 0.107011 0.234638 195 158 120
-0.347697 0.0114169 0.267875 205 199 196
-0.416318 0.0638833 0.294899 148 119 87
-0.382023 0.108711 0.233175 190 152 112
-0.401599 0.123179 0.216971 200 162 120
-0.358011 0.0347079 0.301367 200 196 192
-0.362941 0.102482 0.234399 183 149 112
-0.339413 0.0842166 0.258183 178 140 104
-0.375469 0.071322 0.247851 182 150 114
-0.363485 0.00451404 0.279714 190 185 180
-0.375831 0.0681922 0.252005 232 178 130
-0.312781 0.0673865 0.2901 171 136 104
-0.345596 0.0327424 0.287825 201 194 189
-0.324049 0.0528797 0.262203 190 182 175
-0.388766 0.1185 0.219658 194 154 112
-0.358418 0.0183221 0.288617 200 195 192
-0.390181 0.118725 0.219945 208 172 130
-0.37327 0.0717651 0.247993 186 154 117
-0.3779 0.0714077 0.248831 192 135 91
-0.366956 0.100647 0.235801 186 150 114
-0.347916 0.0407474 0.295751 198 194 190
-0.400631 0.117414 0.22288 204 162 120
-0.382109 0.0836487 0.272331 178 136 96
-0.369604 0.104253 0.236815 184 144 108
-0.370781 0.107872 0.232762 183 145 107
-0.346179 0.0423835 0.294756 190 182 174
-0.387811 0.121026 0.218582 201 162 122
-0.373493 0.0662198 0.252515 188 164 142
-0.363867 0.0980458 0.244199 188 154 116
-0.395306 0.090138 0.263608 196 160 124
-0.33394 0.0362135 0.283092 202 195 192
-0.394538 0.0716694 0.285731 206 197 192
-0.434478 -0.0121216 0.325451 184 177 174
-0.382174 0.0670181 0.256882 236 134 76
-0.366333 0.0969556 0.240499 189 152 115
-0.384175 0.11472 0.225509 189 150 112
-0.336471 0.0400437 0.284414 202 196 192
-0.36328 0.100082 0.240395 186 150 113
-0.312562 0.0655274 0.28461 174 170 168
-0.423702 -0.00266439 0.313651 192 187 183
-0.369597 0.0990375 0.242604 131 101 70
-0.384644 0.0667847 0.282747 120 92 70
-0.385729 0.0708017 0.283717 185 150 118
-0.387162 0.118941 0.21922 190 150 108
-0.376448 0.0670402 0.253417 128 71 38
-0.359019 0.0339256 0.301675 198 193 190
-0.389798 0.126322 0.212966 198 160 121
-0.365254 0.102008 0.240579 188 152 116
-0.419269 0.0702569 0.289435 120 93 66
-0.376692 0.00845695 0.297141 192 187 184
-0.380481 0.0718437 0.278377 180 152 122
-0.371406 0.000461137 0.276268 202 200 197
-0.379495 0.0673599 0.254372 100 60 38
-0.404099 0.123168 0.215832 199 162 119
-0.37957 0.0782642 0.280568 177 141 107
-0.420649 0.0865789 0.267546 192 156 114
-0.423139 -0.00996331 0.321073 198 191 190
-0.378895 0.0738094 0.266553 160 78 42
-0.375007 0.102556 0.240744 184 146 104
-0.3869 0.00893953 0.304067 202 198 194
-0.379979 0.0703375 0.256768 218 158 109
-0.382687 0.0622603 0.252996 175 128 134
-0.374565 -0.00157523 0.285373 203 200 198
-0.423796 0.0638532 0.278564 46 34 24
-0.372514 -0.00211615 0.283457 206 203 200
-0.340642 0.0455842 0.291191 199 192 189
-0.355344 0.00436328 0.271798 196 191 188
-0.378943 0.0738122 0.267579 140 61 26
-0.38034 0.0730967 0.266377 190 87 42
-0.336069 0.0241212 0.267829 200 194 190
-0.418016 -0.0086234 0.307768 194 189 188
-0.375976 0.0675911 0.255797 134 64 32
-0.377247 0.106019 0.235248 194 158 117
-0.379429 0.0747463 0.277154 34 66 92
-0.369823 0.104752 0.238818 184 146 108
-0.379068 0.0714569 0.255272 215 154 107
-0.415445 0.0946026 0.256091 194 154 110
-0.393115 0.0572768 0.278711 146 84 58
-0.372888 0.00570705 0.272048 206 203 200
-0.321047 0.0430436 0.275442 198 191 186
-0.336166 0.0519454 0.304972 190 188 186
-0.441992 -0.00856003 0.323704 185 178 173
-0.33723 0.0383401 0.283931 194 187 181
-0.369854 0.0656054 0.251957 182 180 179
-0.410311 -0.0137111 0.300268 192 187 182
-0.385619 0.0726127 0.282159 189 156 122
-0.332587 0.0614838 0.297929 179 148 114
-0.365634 0.023737 0.299773 202 198 197
-0.401503 0.0675782 0.287304 185 154 118
-0.404887 -0.00231972 0.310588 201 196 194
-0.408415 0.12372 0.218115 197 158 114
-0.418505 -0.0121641 0.313144 195 190 188
-0.352764 0.0841914 0.26356 176 140 104
-0.385973 0.111352 0.227925 194 154 112
-0.380022 0.0620996 0.250501 130 26 50
-0.349847 0.0111401 0.268285 198 192 188
-0.411028 0.126307 0.215931 198 158 115
-0.365321 0.103497 0.236559 193 159 122
-0.431128 -0.0125023 0.321686 194 187 184
-0.418145 -0.00631274 0.313889 196 191 188
-0.35545 0.0241239 0.274439 200 195 196
-0.359009 0.0243275 0.293182 202 197 194
-0.383462 0.114829 0.228038 192 152 110
-0.363894 0.0176681 0.292083 201 198 195
-0.388263 -0.00395549 0.295163 201 198 197
-0.381288 0.0648107 0.25053 146 41 64
-0.376161 0.0649497 0.25926 87 28 27
-0.430542 -0.00731786 0.322599 178 172 168
-0.378711 0.0734145 0.264467 154 73 38
-0.423205 -0.00956025 0.32858 196 188 182
-0.333816 0.0831116 0.261227 172 134 98
-0.403156 -0.00829612 0.294138 202 198 194
-0.379416 0.07321 0.264555 181 83 40
-0.421054 -0.0162888 0.314377 188 181 178
-0.389412 0.117354 0.219074 196 157 115
-0.377397 0.0166898 0.306108 203 198 196
-0.360579 0.0997781 0.243038 188 153 116
-0.360436 0.0979786 0.240686 184 148 109
-0.339498 0.0401819 0.286683 200 194 190
-0.366062 0.0811347 0.262334 94 75 56
-0.370794 0.0703316 0.250571 186 156 120
-0.364382 0.0840511 0.263903 129 92 82
-0.330253 0.0275536 0.271156 198 192 188
-0.392058 0.121574 0.219129 197 158 116
-0.353483 0.0720951 0.275256 189 156 122
-0.347992 0.0296933 0.287071 202 196 192
-0.381463 0.111539 0.229429 198 162 122
-0.380422 0.0631107 0.250564 140 27 54
-0.382188 0.072667 0.269099 189 91 37
-0.425838 0.0687067 0.28168 12 7 8
-0.384219 0.0611726 0.252358 186 144 153
-0.344165 0.00777911 0.266882 197 190 186
-0.360818 0.0943881 0.248164 190 156 118
-0.319108 0.0474981 0.276466 199 192 186
-0.363044 0.096095 0.247912 182 148 110
-0.383003 0.0644985 0.255175 98 28 32
-0.371413 0.10302 0.238995 180 139 102
-0.342399 0.0368882 0.289522 200 196 190
-0.353837 0.0345369 0.29841 200 195 192
-0.377199 0.0860825 0.262763 192 163 131
-0.404436 -0.0053723 0.304385 200 196 194
-0.429866 0.0640551 0.273018 52 47 44
-0.374828 0.104957 0.236883 193 154 116
-0.378392 0.118043 0.219586 198 164 126
-0.351846 0.011193 0.266204 190 184 179
-0.374373 0.0668485 0.252884 222 166 120
-0.379754 0.00752744 0.299218 190 186 182
-0.37703 0.0772186 0.27793 169 136 104
-0.329086 0.039125 0.277047 198 190 187
-0.359801 0.0220736 0.292591 200 196 192
-0.385514 0.114386 0.228199 190 154 112
-0.380712 0.113465 0.227953 194 158 118
-0.391948 0.0784374 0.281806 185 148 111
-0.391419 0.125574 0.210768 197 160 122
-0.320821 0.0617877 0.283622 178 176 172
-0.372369 0.0780585 0.268128 126 106 86
-0.381487 0.121467 0.214246 194 156 120
-0.378145 0.105723 0.236198 194 160 118
-0.424369 -0.00944467 0.316345 193 188 186
-0.328711 0.0473615 0.289467 193 184 180
-0.353843 0.00534626 0.268214 202 198 196
-0.367886 0.102551 0.240763 189 154 115
-0.345629 0.0277291 0.283962 202 195 192
-0.346103 0.0101143 0.263096 197 190 186
-0.389722 0.0713532 0.281717 156 136 118
-0.38063 0.107324 0.23537 192 154 112
-0.379015 0.0727516 0.26286 100 67 64
-0.352712 0.0700901 0.277716 175 141 104
-0.348152 0.0462041 0.293789 194 188 182
-0.387906 0.0716732 0.282334 186 151 118
-0.380168 0.071114 0.257209 212 148 99
-0.318476 0.0532093 0.279984 191 184 179
-0.374268 0.0674417 0.252719 232 180 132
-0.388739 0.119498 0.219095 194 154 112
-0.35524 0.00596937 0.270898 210 207 202
-0.34422 0.0220182 0.276359 184 174 167
-0.344661 0.0415958 0.280522 201 194 191
-0.389788 0.126129 0.211773 197 160 122
-0.348968 0.0105341 0.300824 204 202 198
-0.401674 8.14074e-05 0.31125 186 180 176
-0.442238 -0.00991281 0.327112 174 166 162
-0.38768 -0.00616454 0.287603 198 194 191
-0.427365 0.0895764 0.267155 191 152 108
-0.362635 0.0273578 0.301442 194 188 184
-0.403922 0.125339 0.215148 196 156 114
-0.404342 0.122672 0.219462 206 170 126
-0.375506 0.0731565 0.261205 30 32 38
-0.402562 0.126555 0.213813 194 152 112
-0.429079 -0.00738551 0.322412 182 176 171
-0.381525 0.0728068 0.267022 224 121 54
-0.377208 0.0726476 0.253145 136 64 20
-0.379864 0.0734106 0.267565 181 88 48
-0.402131 0.123444 0.218648 203 164 122
-0.370632 0.00131419 0.276169 203 200 198
-0.354367 0.00794592 0.268668 208 204 202
-0.338853 0.0225096 0.273346 204 197 194
-0.380886 0.115539 0.223599 192 152 110
-0.407886 -0.00285638 0.321452 202 195 192
-0.373661 0.0755839 0.260581 149 62 26
-0.403627 -0.00839651 0.299812 198 194 192
-0.358417 0.0263495 0.294537 200 196 193
-0.361306 0.0316478 0.297713 196 190 186
-0.33859 0.0197687 0.271242 201 194 192
-0.419407 0.125964 0.214631 203 166 121
-0.385806 0.111864 0.231765 195 155 112
-0.341988 0.0485156 0.295942 195 188 185
-0.400068 0.123283 0.217494 194 151 108
-0.395698 0.0803302 0.270268 192 158 120
-0.368007 0.0997599 0.24378 167 134 98
-0.422459 -0.016135 0.314114 197 189 186
-0.335804 0.0230886 0.266886 196 188 186
-0.343906 0.0405418 0.288195 200 194 190
-0.419 -0.00816167 0.320991 194 188 186
-0.338119 0.0388701 0.285716 202 195 190
-0.401537 0.125084 0.215692 194 156 116
-0.391997 0.115294 0.226209 200 162 120
-0.386214 0.00413164 0.300434 197 194 193
-0.346335 0.0200347 0.276685 202 196 192
-0.424263 0.125379 0.218987 199 165 120
-0.344146 0.0244957 0.281775 202 198 194
-0.354076 0.0164561 0.282478 202 200 196
-0.424474 0.0909881 0.260675 188 148 105
-0.319208 0.0726632 0.273981 174 138 104
-0.417355 -0.00933906 0.307229 196 190 189
-0.390194 0.0772111 0.276672 186 154 119
-0.380194 0.119051 0.220006 198 160 120
-0.379607 0.0646357 0.252082 140 36 62
-0.429216 0.0890106 0.266338 186 148 105
-0.35961 0.0965246 0.243061 187 154 114
-0.390494 0.126766 0.213843 196 158 118
-0.373165 0.0192769 0.302645 199 196 194
-0.360948 0.0924584 0.246026 192 157 120
-0.394316 0.120397 0.217686 196 158 114
-0.425286 -0.00526793 0.318423 188 182 178
-0.378017 0.0700639 0.25341 103 71 55
-0.337759 0.0244541 0.2682 200 194 190
-0.329504 0.0452093 0.28199 201 194 189
-0.380324 0.119218 0.220977 193 155 116
-0.411808 0.126386 0.212528 196 156 112
-0.37936 0.118901 0.220248 197 162 123
-0.350521 0.032719 0.29351 191 185 179
-0.403163 0.124375 0.215003 202 164 124
-0.373457 -2.8842e-06 0.279382 202 198 195
-0.39538 0.050776 0.309242 183 152 117
-0.316641 0.0565043 0.280944 182 174 165
-0.398519 0.0534577 0.308681 175 142 109
-0.343735 0.0569983 0.288682 184 182 179
-0.404555 0.124703 0.214819 200 162 122
-0.364255 0.10514 0.233373 184 148 111
-0.372351 0.0250203 0.308344 200 196 192
-0.342169 0.0706738 0.280105 178 142 106
-0.378932 0.017112 0.303242 202 198 195
-0.36323 0.0239478 0.297267 202 198 198
-0.352696 0.0173121 0.282065 203 198 194
-0.356583 0.0740546 0.226742 186 180 172
-0.413932 0.00100186 0.3087 185 177 172
-0.399052 0.123716 0.215685 192 149 108
-0.348383 0.0213348 0.279149 198 194 191
-0.391981 0.125977 0.209594 195 158 120
-0.387697 0.119524 0.217515 196 156 116
-0.380968 0.0725408 0.265524 243 141 72
-0.413514 -0.00745714 0.323923 182 174 168
-0.329122 0.0476407 0.290224 184 176 170
-0.424855 0.126042 0.219185 202 168 122
-0.400663 0.124352 0.216784 197 155 114
-0.337557 0.0497437 0.305692 191 187 180
-0.391687 0.118567 0.22072 204 170 128
-0.321327 0.0422349 0.273491 194 186 182
-0.367792 0.10868 0.230629 186 149 112
-0.367112 0.10607 0.23839 182 144 106
-0.337751 0.0335186 0.257786 182 172 166
-0.37665 0.116953 0.225687 194 156 114
-0.422648 -0.0129304 0.315711 197 190 188
-0.393044 0.000228481 0.299257 197 192 190
-0.39934 0.0599868 0.295743 180 148 114
-0.356068 0.0948293 0.24477 187 153 115
-0.382151 0.115546 0.222866 192 153 113
-0.379673 0.0689002 0.280659 176 146 112
-0.392 0.118527 0.224408 206 173 132
-0.3496 0.021306 0.280821 203 198 194
-0.317445 0.0671412 0.28426 168 158 147
-0.431784 -0.0134967 0.325537 195 188 186
-0.409384 -0.0137719 0.300756 191 186 182
-0.379811 0.0650888 0.252811 116 24 40
-0.359756 0.101773 0.236295 185 150 112
-0.397391 -0.00244206 0.307557 201 198 198
-0.336177 0.0195443 0.260106 199 191 188
-0.380275 0.0700255 0.263743 86 118 138
-0.381691 0.0758473 0.279345 186 152 123
-0.343034 0.0385346 0.290444 201 194 191
-0.33381 0.0276651 0.264794 194 188 184
-0.343996 0.0877341 0.261023 182 147 110
-0.350303 0.00824573 0.288543 203 200 197
-0.35348 0.020651 0.269459 198 192 188
-0.37561 0.0756438 0.264058 136 113 89
-0.376475 0.106377 0.234097 195 157 119
-0.441984 0.0128901 0.372454 149 134 118
-0.369867 0.00423966 0.275376 206 202 201
-0.347191 0.0318844 0.28795 190 181 177
-0.407424 -0.00838729 0.314866 199 194 192
-0.353169 0.0305634 0.2934 200 196 192
-0.42659 0.127774 0.222593 201 167 122
-0.381537 0.0732771 0.267203 212 106 48
-0.366533 0.027237 0.30439 196 191 188
-0.364755 0.108594 0.228828 190 152 114
-0.34051 0.0265344 0.272834 202 196 193
-0.381221 0.0730691 0.264964 204 99 50
-0.355741 0.0745949 0.268403 184 152 116
-0.376073 -0.00226218 0.28628 202 199 196
-0.372558 0.112457 0.228279 184 147 110
-0.36957 0.00550802 0.291825 202 200 200
-0.348684 0.0323131 0.290386 202 196 193
-0.374874 0.0204667 0.308102 196 192 188
-0.408635 -0.00372496 0.317319 184 175 172
-0.376231 0.0740035 0.259324 108 43 22
-0.361744 0.103588 0.236105 194 160 122
-0.381706 0.121293 0.217234 188 149 109
-0.367235 0.0127048 0.290967 196 191 186
-0.352682 0.0709432 0.275437 174 138 102
-0.379089 0.0638324 0.252468 138 64 78
-0.41515 0.0618296 0.290576 183 151 113
-0.391607 0.0809304 0.270321 182 148 111
-0.37802 0.0737512 0.263879 58 90 110
-0.328561 0.0465219 0.283542 196 188 186
-0.36964 0.0890985 0.226925 183 148 110
-0.37698 0.0641492 0.253055 44 104 153
-0.405056 0.124844 0.214314 196 154 114
-0.361444 0.102135 0.239691 184 150 112
-0.371961 0.107117 0.235341 186 148 110
-0.3359 0.0225232 0.262707 196 190 186
-0.410248 0.122537 0.218757 201 162 118
-0.393478 0.127229 0.209757 188 152 114
-0.431758 0.0561003 0.274163 94 85 80
-0.432856 -0.00694965 0.327458 192 184 182
-0.378291 0.0191597 0.309472 200 196 194
-0.439616 0.0855784 0.27508 190 150 108
-0.391995 0.120161 0.215497 198 160 119
-0.363347 0.101253 0.235058 182 148 110
-0.403641 0.123267 0.223328 197 154 110
-0.417807 -0.0139042 0.304317 199 194 191
-0.388245 0.00805056 0.308765 202 198 195
-0.43098 0.0125028 0.362557 180 172 164
-0.372376 0.000355937 0.283302 204 202 200
-0.383591 0.111782 0.228396 196 157 116
-0.36874 0.110051 0.22662 188 152 114
-0.365981 0.0239068 0.303669 202 199 198
-0.389352 0.121499 0.218233 200 161 120
-0.411648 -0.00383385 0.309851 199 194 192
-0.381551 0.115476 0.226279 190 150 110
-0.376164 0.106991 0.232908 194 158 120
-0.339344 0.084365 0.254267 178 142 105
-0.346927 0.0132409 0.270091 202 196 193
-0.36382 0.0255581 0.301748 202 198 198
-0.394502 0.0623286 0.280314 200 176 152
-0.361675 0.014562 0.287066 198 192 188
-0.381245 0.0666514 0.25512 125 60 28
-0.380633 -0.00274376 0.284753 204 200 196
-0.370603 0.0787819 0.263291 91 50 40
-0.375181 0.0635619 0.253103 94 96 96
-0.380386 0.0710017 0.259394 72 59 46
-0.382612 0.0679558 0.25809 104 65 39
-0.380569 0.10103 0.238942 144 144 134
-0.362039 0.0166402 0.289991 188 182 176
-0.418808 0.0719247 0.287547 184 152 118
-0.383426 0.0849302 0.262627 187 150 112
-0.376529 0.00823538 0.296159 196 194 190
-0.417182 0.0193458 0.347113 185 178 170
-0.370164 0.100046 0.242878 123 94 68
-0.377816 0.075667 0.276885 70 44 30
-0.350652 0.00671119 0.266294 198 191 188
-0.431701 0.0745898 0.284925 56 48 42
-0.363633 0.00171736 0.275391 196 190 184
-0.405294 -0.00490973 0.314995 195 190 186
-0.378575 -0.00333531 0.286121 202 198 196
-0.364677 0.00264533 0.277138 196 192 185
-0.36235 0.0154982 0.288863 190 184 180
-0.424924 0.0722173 0.282771 18 16 18
-0.346495 0.0375049 0.292135 196 190 182
-0.349043 0.0222004 0.281781 204 197 196
-0.38311 0.0832829 0.266686 181 140 100
-0.350996 0.010924 0.265925 204 198 196
-0.390687 0.120793 0.218745 200 163 121
-0.350253 0.00675631 0.265698 201 196 192
-0.408047 -0.00379898 0.316828 189 182 177
-0.334774 0.0385266 0.281937 201 194 192
-0.356396 0.0067452 0.270361 206 204 202
-0.428591 0.0685358 0.278788 19 7 9
-0.375952 -0.00288462 0.284794 207 201 199
-0.35791 0.0132647 0.29131 198 191 184
-0.349818 0.0048588 0.266323 198 193 188
-0.350068 0.0076538 0.269183 202 196 193
-0.34708 0.0358008 0.290356 196 188 184
-0.365635 0.00133947 0.278062 206 202 200
-0.365306 0.102921 0.239547 188 154 116
-0.380235 0.0762881 0.278801 174 139 102
-0.376661 0.00730778 0.295277 197 194 191
-0.375128 0.0102169 0.297122 206 200 196
-0.360953 0.0278641 0.298989 182 176 169
-0.349447 0.0119226 0.271462 194 188 181
-0.334865 0.0249365 0.267653 171 162 158
-0.379243 0.06846 0.255587 235 184 137
-0.375154 0.0811154 0.270393 190 158 127
-0.379592 0.0883474 0.259347 182 145 106
-0.40704 -0.00513638 0.318167 200 194 191
-0.419403 0.0635235 0.277137 182 146 110
-0.380709 0.0657447 0.257302 123 52 22
-0.335364 0.025016 0.269195 202 194 192
-0.401665 -0.00189402 0.320146 202 198 194
-0.431533 0.0657702 0.274553 74 65 57
-0.373709 0.0654392 0.253089 191 165 146
-0.344134 0.0494452 0.295118 192 186 182
-0.361101 0.0978248 0.243415 184 146 106
-0.362007 0.101169 0.24192 183 147 109
-0.347819 0.0224211 0.281153 194 188 183
-0.366417 0.104067 0.237463 186 150 112
-0.361093 0.0170813 0.288901 202 198 196
-0.330527 0.0459063 0.283355 200 192 188
-0.358443 0.0280181 0.296505 202 197 193
-0.378422 0.0644841 0.252165 110 56 55
-0.344898 0.0229883 0.278155 202 199 195
-0.387449 0.0742637 0.280455 182 148 112
-0.376591 0.0043297 0.295366 195 192 188
-0.370898 0.0763072 0.256286 188 124 54
-0.381538 0.061927 0.253544 143 97 104
-0.372657 0.0777017 0.256918 237 136 66
-0.378187 0.0584408 0.252041 200 198 194
-0.389229 0.120609 0.218848 194 156 114
-0.374684 -0.00289396 0.284779 206 202 199
-0.432783 0.0248003 0.353148 168 138 107
-0.335213 0.0215387 0.265148 184 175 170
-0.347026 0.0303483 0.287387 194 186 180
-0.36684 0.0809165 0.262002 62 30 11
-0.377687 0.0610916 0.25299 136 45 64
-0.359746 0.0909868 0.25019 189 154 116
-0.35173 0.00500696 0.264462 198 192 188
-0.390644 0.120608 0.218148 202 164 121
-0.363038 0.0162414 0.290625 206 202 198
-0.359158 0.0362365 0.306436 192 186 180
-0.344989 0.0340066 0.286964 202 196 191
-0.332035 0.0459479 0.285238 181 173 167
-0.384059 0.0613447 0.253771 135 26 54
-0.373588 0.0103334 0.296589 206 202 198
-0.391254 0.0677495 0.282982 152 136 109
-0.432964 0.0581549 0.272553 60 64 64
-0.376575 0.0209764 0.30305 198 192 188
-0.355882 0.0173845 0.285485 208 202 196
-0.382265 0.0655839 0.252865 108 20 28
-0.369516 0.100401 0.238849 192 156 119
-0.42167 0.0754897 0.281962 46 28 16
-0.379042 0.122265 0.216675 192 156 119
-0.344431 0.0364882 0.289775 207 198 194
-0.431826 0.0697907 0.278625 185 156 124
-0.360743 0.0312037 0.301145 182 177 166
-0.394944 -0.00559771 0.321631 192 187 181
-0.404829 0.00568851 0.320053 194 186 180
-0.349709 0.00616663 0.26894 195 188 185
-0.411489 0.122603 0.218478 197 156 114
-0.376689 0.00566018 0.297398 192 190 186
-0.380222 0.122818 0.215964 192 154 116
-0.381511 0.0836237 0.266704 190 154 116
-0.349001 0.0115025 0.271334 198 192 188
-0.356311 0.00554803 0.274503 204 200 197
-0.391228 0.072553 0.283223 174 156 142
-0.406858 0.123632 0.215894 198 160 118
-0.350128 0.0175753 0.277206 204 198 195
-0.415696 0.0700577 0.290159 180 150 114
-0.381521 0.0967581 0.236242 116 89 52
-0.379406 0.119365 0.219444 192 154 116
-0.374276 0.0103593 0.295024 187 182 177
-0.361779 0.101416 0.23963 182 148 109
-0.372005 0.10043 0.241588 118 90 62
-0.386885 0.106582 0.237406 200 164 121
-0.34768 0.00938247 0.266242 210 204 201
-0.358334 0.00676684 0.273903 206 201 198
-0.378722 0.00992283 0.300117 204 200 198
-0.363924 0.084529 0.263227 190 156 122
-0.348354 0.0205075 0.279067 190 184 174
-0.37523 0.0828782 0.271556 191 160 129
-0.433962 0.0501671 0.219806 187 181 175
-0.377955 0.072297 0.258614 129 68 36
-0.353339 0.00246604 0.273799 205 199 196
-0.377296 0.0725667 0.251884 157 98 49
-0.419701 0.0596127 0.273794 182 148 111
-0.370212 0.104049 0.238556 183 144 108
-0.382908 0.0754061 0.279903 188 153 119
-0.348865 0.0169362 0.276806 197 191 187
-0.343532 0.0370023 0.288922 204 197 192
-0.36552 0.0988589 0.244952 191 155 118
-0.391904 0.121252 0.218598 196 158 116
-0.358472 0.030328 0.296779 192 186 179
-0.373464 0.074581 0.258656 143 64 20
-0.405061 0.0706589 0.286712 196 170 134
-0.423044 0.0703863 0.284582 45 8 6
-0.336232 0.0388151 0.283275 192 183 178
-0.330779 0.0292939 0.2695 195 188 184
-0.400461 0.0733089 0.281659 195 168 133
-0.369918 -0.000677589 0.281404 205 202 199
-0.345897 0.0296866 0.285817 203 196 193
-0.362124 0.0222529 0.295475 202 198 194
-0.370723 0.0272465 0.303263 200 195 190
-0.358358 0.0166793 0.286385 208 204 200
-0.376863 0.0748109 0.263573 176 141 112
-0.373064 0.0798846 0.269926 193 162 133
-0.45139 0.00387225 0.376857 169 165 160
-0.379763 0.0656462 0.253532 96 23 28
-0.366865 0.100757 0.233863 186 151 112
-0.392138 0.0695707 0.284623 138 138 141
-0.381033 0.0637604 0.255423 126 23 48
-0.387917 0.119586 0.219015 196 155 114
-0.376571 0.00578961 0.295974 199 196 193
-0.369412 0.101877 0.240795 189 154 116
-0.396753 0.115482 0.225099 196 160 117
-0.383326 0.0909447 0.232473 88 69 65
-0.349174 0.0104157 0.270092 202 194 190
-0.335269 0.0602744 0.288977 174 172 166
-0.362478 0.00492008 0.282494 196 190 184
-0.391729 0.120712 0.218542 204 168 126
-0.388963 -0.00866326 0.29983 204 200 198
-0.346555 0.0210339 0.277363 200 194 188
-0.429868 0.0468692 0.209991 188 180 176
-0.384429 0.104223 0.238948 192 152 108
-0.386861 0.121736 0.216347 197 158 120
-0.352173 0.0066035 0.26554 206 199 197
-0.387584 0.121428 0.219912 198 159 119
-0.38953 0.118485 0.221508 196 156 114
-0.359565 0.00352807 0.272377 205 199 194
-0.436781 0.0497112 0.222291 184 180 176
-0.380373 0.11822 0.218241 192 158 119
-0.403978 0.0250755 0.339789 192 184 177
-0.376804 0.0716483 0.251758 174 112 66
-0.364014 0.00302699 0.278243 194 188 182
-0.364185 0.0994348 0.244189 188 152 114
-0.368641 0.0830854 0.265763 23 32 49
-0.350009 0.0211935 0.282259 204 198 195
-0.350315 0.0154432 0.277268 204 198 196
-0.418372 0.0676051 0.28866 122 98 72
-0.379975 0.118007 0.220025 201 168 128
-0.377762 0.0711911 0.254021 62 100 131
-0.377776 -0.0023607 0.28662 204 200 198
-0.422254 0.0599997 0.273031 74 58 38
-0.381182 0.121333 0.215083 188 149 112
-0.328696 0.0515712 0.285752 198 190 186
-0.38511 0.120646 0.216324 190 151 113
-0.403063 -0.00525635 0.316044 202 198 196
-0.353242 0.0313676 0.295875 190 184 176
-0.394881 0.0601645 0.279685 126 60 32
-0.410894 0.0631355 0.196049 203 200 196
-0.382066 0.0647145 0.290316 124 96 74
-0.361463 0.0320145 0.3029 204 197 194
-0.358555 0.10249 0.235463 186 149 108
-0.380391 -0.00789457 0.285556 204 198 196
-0.34588 0.0117316 0.266765 202 196 194
-0.425967 0.0755062 0.28174 50 50 50
-0.39933 0.122654 0.215839 190 146 107
-0.372667 0.0732256 0.259185 166 92 34
-0.382717 0.0603827 0.25443 196 193 190
-0.376171 -0.000844312 0.295572 200 198 192
-0.396455 0.0691569 0.28591 187 152 119
-0.424493 0.0704748 0.282215 42 8 5
-0.363549 0.100196 0.245591 189 153 115
-0.447812 0.074091 0.288363 182 140 98
-0.372071 0.0822493 0.267266 26 36 52
-0.367395 0.0093121 0.291043 204 200 198
-0.36726 0.101905 0.240191 195 160 122
-0.359627 0.0272253 0.296529 204 198 195
-0.352072 0.00435537 0.265941 206 199 198
-0.342431 0.024335 0.27712 205 198 196
-0.417336 0.0672122 0.287699 127 102 76
-0.373218 0.0744203 0.260758 132 55 18
-0.448408 0.0478527 0.330559 176 144 108
-0.320794 0.0681161 0.279186 174 154 134
-0.348151 0.012763 0.271155 200 194 192
-0.377266 0.0728306 0.254062 97 42 14
-0.396558 -0.00293581 0.293793 202 200 198
-0.3768 0.000453403 0.289359 202 200 196
-0.369488 0.103463 0.239254 184 144 108
-0.381392 -0.00816173 0.293871 204 202 200
-0.381118 0.0697189 0.260702 104 79 60
-0.363376 0.0152548 0.288549 204 198 192
-0.357418 0.0188042 0.287797 204 200 198
-0.385576 0.0640196 0.282748 138 107 79
-0.359961 0.0201103 0.291548 202 198 194
-0.355527 0.0062255 0.272484 204 202 198
-0.376755 0.00180305 0.291475 202 198 196
-0.367641 0.104214 0.238238 178 140 104
-0.334993 0.0195473 0.266719 198 191 186
-0.391912 0.00344434 0.307855 204 198 194
-0.392885 0.0803844 0.269184 186 150 113
-0.344354 0.0258414 0.278749 204 198 194
-0.390491 0.118103 0.222236 194 155 112
-0.38182 0.120809 0.215809 190 151 112
-0.422314 0.0668438 0.281527 52 40 28
-0.445869 0.0128446 0.372281 159 147 134
-0.348182 0.0177559 0.276401 196 190 186
-0.334399 0.0217968 0.265389 198 191 186
-0.406825 -0.0105904 0.307912 197 192 190
-0.431019 0.0952728 0.257214 194 156 113
-0.376726 0.0137996 0.294379 205 200 197
-0.389363 0.124389 0.213554 194 156 116
-0.389937 0.113869 0.227326 199 163 122
-0.349204 0.00216283 0.279218 206 202 198
-0.33496 0.0297456 0.272144 198 192 187
-0.386626 0.11473 0.22642 204 170 131
-0.35639 0.0944964 0.248045 186 150 112
-0.433462 0.035062 0.249692 194 187 184
-0.370761 0.100389 0.241921 126 94 69
-0.407775 0.0808573 0.27151 191 155 119
-0.327861 0.0494363 0.282775 197 190 185
-0.381273 0.115463 0.225145 188 149 109
-0.392261 0.124411 0.213067 192 153 112
-0.401904 0.0952271 0.252455 196 157 116
-0.412846 0.0656632 0.293698 182 151 116
-0.347104 0.0286573 0.285829 191 185 179
-0.363717 0.0132653 0.290592 188 184 181
-0.360544 0.02257 0.293649 204 198 194
-0.346834 0.0274327 0.283679 202 195 188
-0.360156 0.092861 0.248678 188 153 114
-0.383765 0.0152858 0.302612 202 198 195
-0.379843 0.0739046 0.268797 160 76 38
-0.333494 0.0476243 0.289302 197 190 185
-0.362447 0.0208381 0.293245 188 182 178
-0.387073 0.00491247 0.313234 205 200 198
-0.387205 0.0675624 0.284862 120 94 71
-0.367353 0.104957 0.236887 184 146 108
-0.351587 0.00290782 0.266511 209 202 200
-0.40476 -0.00459284 0.317469 196 192 187
-0.402631 0.117969 0.221779 204 164 122
-0.346948 0.0147267 0.273972 204 198 196
-0.371519 0.106221 0.233335 189 154 116
-0.363004 0.0131324 0.288088 204 198 195
-0.380175 0.0880934 0.258936 184 146 106
-0.417473 0.0689771 0.288979 120 94 68
-0.367769 0.0125303 0.288213 204 200 200
-0.342934 0.0294168 0.282818 202 195 192
-0.403973 0.0789085 0.27621 186 154 116
-0.377566 0.0705544 0.250618 207 164 128
-0.381235 0.0690686 0.266472 174 142 112
-0.341932 0.0386628 0.290773 200 194 189
-0.348938 0.0116539 0.270141 205 198 197
-0.346518 0.0248589 0.282072 200 194 188
-0.421179 -0.00778793 0.31588 193 186 183
-0.340408 0.0246544 0.276841 202 196 193
-0.367391 0.109018 0.233057 184 146 109
-0.372444 -0.00194379 0.282246 196 190 186
-0.377026 0.0132883 0.302531 198 194 192
-0.361243 0.0242354 0.296043 180 175 168
-0.402166 0.118077 0.221536 204 164 121
-0.383858 0.0123626 0.304594 203 198 196
-0.386444 0.113327 0.227381 192 153 111
-0.367671 0.105555 0.235834 182 145 108
-0.357001 0.00405393 0.272118 195 188 182
-0.347838 0.00844112 0.263539 204 198 196
-0.33203 0.036176 0.276856 198 190 186
-0.37447 0.0759226 0.273598 126 102 82
-0.362204 0.00268827 0.280632 200 194 190
-0.384172 0.114695 0.224567 188 150 110
-0.381561 0.118965 0.218238 200 162 124
-0.400365 -0.00274645 0.309982 198 194 192
-0.331928 0.0357993 0.275104 200 191 188
-0.35976 0.0932277 0.247084 188 153 114
-0.385323 0.0998123 0.24523 198 162 122
-0.387226 0.118413 0.220273 198 156 116
-0.403723 -0.00937319 0.313274 202 198 197
-0.360381 0.0165963 0.288526 202 197 194
-0.345406 0.0223027 0.277568 220 212 209
-0.336355 0.0214547 0.261012 200 192 190
-0.409321 0.0657104 0.292095 193 163 127
-0.432131 0.0341885 0.246486 192 188 184
-0.345138 0.0311369 0.285572 200 194 190
-0.407759 0.0677183 0.285285 192 163 126
-0.401408 -0.00461158 0.313006 201 197 195
-0.355406 0.0963648 0.245987 186 151 112
-0.368033 0.101596 0.240691 190 155 118
-0.38297 -0.00758815 0.290118 195 189 184
-0.357151 0.0929322 0.249348 190 156 118
-0.402692 0.123992 0.214731 191 154 112
-0.357368 0.0177708 0.284783 209 204 199
-0.359512 0.00815864 0.283347 208 203 200
-0.426851 0.0679009 0.279744 10 4 4
-0.430545 0.0581204 0.272828 62 66 70
-0.390128 0.120552 0.217138 200 162 122
-0.336747 0.0248255 0.270266 196 190 187
-0.425259 0.0831046 0.274724 186 148 104
-0.38327 0.11181 0.229785 194 155 115
-0.3499 0.0217032 0.282799 204 198 196
-0.399364 0.0637526 0.294414 189 159 125
-0.411849 0.0662173 0.292831 184 154 118
-0.372756 0.0720207 0.256394 184 156 118
-0.380346 0.121662 0.216846 190 152 112
-0.354375 0.00441599 0.268208 206 200 198
-0.403178 0.114542 0.228191 208 174 130
-0.357898 0.102652 0.235338 184 148 106
-0.342031 0.0377603 0.287767 204 198 193
-0.362711 0.103621 0.238417 194 160 122
-0.389287 0.119542 0.220076 195 157 114
-0.381197 0.115042 0.225564 188 148 108
-0.34839 0.00962516 0.266109 212 206 204
-0.359019 0.100742 0.238466 190 151 111
-0.358801 0.00499773 0.275477 206 202 199
-0.38595 -0.00506371 0.292486 202 200 197
-0.336051 0.0187246 0.258731 199 192 190
-0.450213 0.0733351 0.28907 185 144 100
-0.387012 0.11923 0.218257 190 150 110
-0.336932 0.0393856 0.285785 204 197 192
-0.363573 0.00056272 0.2776 190 184 178
-0.360195 0.00767531 0.278809 204 200 197
-0.379125 0.00620506 0.29705 200 197 194
-0.367312 0.103745 0.238711 178 140 102
-0.409933 0.122887 0.218328 198 159 115
-0.355507 0.030814 0.299791 204 199 195
-0.358278 0.0154982 0.282465 204 198 196
-0.407571 0.11221 0.231501 208 175 133
-0.35765 0.0171058 0.286022 206 200 196
-0.336418 0.0239789 0.260603 199 193 188
-0.394584 0.0906595 0.258845 197 165 130
-0.398072 0.0945126 0.253966 195 161 124
-0.336649 0.0249639 0.271741 195 188 178
-0.378811 0.103594 0.235642 189 150 111
-0.381082 0.120711 0.21606 190 152 113
-0.364422 0.0148286 0.289273 207 200 195
-0.401585 0.0679331 0.287506 180 148 113
-0.379712 0.120075 0.216567 192 157 118
-0.375121 0.0234984 0.310737 198 194 188
-0.353981 0.093604 0.246095 190 158 120
-0.342824 0.0361895 0.287797 188 180 172
-0.376779 0.0693216 0.25194 126 120 110
-0.358928 0.00367861 0.270686 208 202 202
-0.36254 0.0125694 0.286441 186 180 174
-0.382569 0.111464 0.230291 192 156 115
-0.362349 0.0243761 0.294497 196 191 186
-0.41341 0.12524 0.219838 192 152 108
-0.417943 0.0659227 0.289353 126 100 76
-0.423815 0.110029 0.235047 200 164 122
-0.360242 0.0851762 0.262222 192 158 122
-0.41014 0.123299 0.217074 196 154 111
-0.371716 0.0783265 0.267419 126 105 83
-0.388588 -0.00490031 0.299792 204 200 200
-0.349665 0.0317418 0.290871 204 198 194
-0.372488 0.00222528 0.280817 208 204 202
-0.399069 0.0940024 0.255288 200 164 126
-0.363757 0.00837695 0.289273 206 202 200
-0.382904 0.0890809 0.234913 90 66 57
-0.346337 0.0264795 0.28178 204 198 193
-0.337589 0.0215623 0.26847 201 194 192
-0.377637 0.112936 0.227474 192 158 121
-0.441024 0.0937753 0.263397 198 163 118
-0.388629 0.120298 0.218917 198 160 118
-0.378472 0.112828 0.229243 188 155 118
-0.348682 0.0161863 0.27356 198 192 188
-0.371444 0.101951 0.241153 182 145 109
-0.347928 0.0781177 0.268057 178 143 107
-0.391337 0.118518 0.222401 206 172 130
-0.384678 0.0695739 0.282833 189 156 122
-0.377772 0.00450242 0.30166 200 198 194
-0.35387 0.018474 0.2837 211 206 200
-0.393793 -0.00486666 0.320223 192 187 182
-0.361298 0.00766406 0.281282 206 200 196
-0.371391 0.10471 0.236855 181 143 106
-0.386277 0.00652929 0.3039 205 200 198
-0.383374 -0.00688652 0.296024 204 201 198
-0.393305 0.120087 0.218933 200 163 122
-0.449884 0.0859874 0.277763 190 148 101
-0.343023 0.00849393 0.269544 206 202 199
-0.368671 0.0200925 0.300509 203 200 198
-0.35387 0.0178003 0.283029 193 186 179
-0.411029 0.122372 0.219685 200 161 118
-0.358343 0.103413 0.238248 186 149 108
-0.379228 0.117209 0.220188 200 167 128
-0.381744 0.065137 0.25922 184 138 92
-0.403976 0.0951363 0.25328 194 153 111
-0.382845 0.112675 0.228653 196 158 119
-0.362856 0.00276279 0.280615 192 186 180
-0.386706 0.121974 0.214956 195 156 118
-0.347404 0.0147625 0.271298 203 197 194
-0.370148 0.10311 0.241875 184 144 108
-0.333229 0.0686105 0.278845 174 139 102
-0.341994 0.0246452 0.276895 204 197 194
-0.376868 0.113891 0.225674 190 156 119
-0.337112 0.0207234 0.263253 192 186 180
-0.425181 0.0842827 0.272512 188 150 106
-0.380447 0.118385 0.220837 198 164 124
-0.40029 0.107572 0.23636 197 159 118
-0.387242 0.115143 0.225716 198 164 124
-0.382345 0.0980586 0.246958 189 150 111
-0.389632 0.123757 0.215142 198 159 119
-0.351668 0.00554279 0.265617 205 198 196
-0.36405 0.00477369 0.271522 194 188 180
-0.401101 0.122881 0.217768 192 150 107
-0.361438 0.102796 0.231999 182 145 104
-0.407989 0.12239 0.218639 204 168 126
-0.385961 0.111531 0.229595 194 154 112
-0.359635 0.0954244 0.248518 190 154 116
-0.39529 0.1146 0.225585 201 163 122
-0.38783 0.111127 0.232108 193 151 109
-0.379404 0.11475 0.227331 190 151 112
-0.381488 0.0895769 0.233137 82 58 51
-0.401437 0.0663632 0.28672 186 158 122
-0.377386 0.109872 0.230835 184 146 109
-0.407131 0.121243 0.219294 202 166 124
-0.341608 0.0285729 0.279508 200 194 190
-0.426518 0.0636167 0.273998 32 32 32
-0.385203 0.00462395 0.313402 204 200 196
-0.40224 0.12299 0.217072 202 164 123
-0.389399 0.118199 0.220701 195 155 112
-0.358846 0.00152722 0.277731 212 208 205
-0.377116 0.00520632 0.294916 194 190 186
-0.376341 0.108053 0.234512 190 155 117
-0.335266 0.0584797 0.293007 179 176 174
-0.409572 0.121656 0.219151 206 170 128
-0.324543 0.0516975 0.277368 194 187 182
-0.408812 0.121383 0.219431 202 167 125
-0.361752 0.0371517 0.301652 190 184 178
-0.367939 0.0859221 0.260822 187 154 118
-0.355182 0.0913119 0.251588 192 158 120
-0.392921 0.0642512 0.280816 200 176 136
-0.391982 0.0632226 0.280009 117 98 92
-0.391089 0.00185463 0.305393 196 192 186
-0.365338 0.102507 0.240091 185 151 114
-0.372968 0.0852311 0.265562 163 130 94
-0.371571 0.0813334 0.262585 26 36 54
-0.372719 0.0762894 0.259113 221 118 48
-0.38484 0.0765468 0.279481 178 143 109
-0.378157 0.0717051 0.250819 94 71 52
-0.334329 0.0580526 0.29318 179 178 173
-0.350536 0.0953176 0.249787 176 142 104
-0.375845 0.0764511 0.274895 122 97 74
-0.382235 0.110591 0.23067 190 154 114
-0.38847 0.0663826 0.285933 122 92 68
-0.361996 0.0180003 0.290444 190 184 176
-0.367219 0.0997876 0.241875 184 150 112
-0.346106 0.0399609 0.289869 201 192 186
-0.377792 0.0997764 0.239446 110 82 58
-0.37847 0.10232 0.239273 165 135 108
-0.380149 0.063201 0.251984 136 40 62
-0.378981 0.0726703 0.258714 90 38 20
-0.364888 0.0129103 0.288886 204 200 198
-0.376124 0.0757346 0.274342 118 94 72
-0.381547 0.0651134 0.252874 153 38 67
-0.36777 0.101214 0.238859 188 152 116
-0.377412 0.008359 0.297724 195 189 182
-0.364237 0.103205 0.238562 189 156 118
-0.384931 0.0908677 0.257232 191 157 118
-0.39156 0.0571006 0.277299 154 102 76
-0.375087 0.00980544 0.295989 194 189 184
-0.390571 0.00829353 0.31026 196 191 184
-0.377769 0.0729494 0.25426 104 63 36
-0.384072 0.112177 0.229528 187 148 106
-0.373985 0.0760093 0.262228 134 102 80
-0.361061 0.0126536 0.280653 202 196 192
-0.351819 0.0196382 0.281998 208 200 196
-0.371856 0.106553 0.236926 182 144 108
-0.363826 0.0115052 0.286382 204 198 195
-0.429703 0.0884555 0.270233 196 158 114
-0.379958 0.072663 0.264387 220 126 60
-0.359406 0.0939232 0.248041 184 150 112
-0.361776 0.0194549 0.291818 192 185 178
-0.366793 0.0104725 0.285994 205 202 200
-0.357035 0.0167754 0.284817 195 188 180
-0.42845 0.0888461 0.26559 194 156 112
-0.366384 0.104665 0.237163 176 140 102
-0.389458 0.120637 0.218344 194 156 114
-0.403039 0.0675809 0.284852 186 152 117
-0.35315 0.0963976 0.246264 175 141 103
-0.367508 0.105999 0.235343 176 140 102
-0.383903 0.0627469 0.252803 165 72 92
-0.38299 0.0652753 0.256121 174 140 104
-0.380525 0.0732788 0.267694 174 80 36
-0.368332 0.103053 0.240372 178 140 104
-0.375995 0.10594 0.236621 180 142 104
-0.353687 0.0951264 0.248584 184 150 112
-0.378073 0.114507 0.226009 186 152 112
-0.39309 0.0894051 0.260095 194 160 125
-0.375775 0.103895 0.238877 190 152 114
-0.393362 0.108637 0.233745 195 154 113
-0.352063 0.0969095 0.247596 178 144 107
-0.361668 0.107201 0.232753 176 139 100
-0.358177 0.103793 0.237099 172 138 100
-0.356927 0.0300367 0.297235 198 192 186
-0.346006 0.0345958 0.286193 200 193 188
-0.3832 0.112175 0.228998 191 152 112
-0.379459 0.0705362 0.25672 222 170 120
-0.381899 0.0639368 0.252344 188 74 112
-0.363959 0.0194472 0.294013 204 200 196
-0.376811 0.0668826 0.254793 97 42 15
-0.358557 0.104883 0.238271 186 154 115
-0.358345 0.0118729 0.283706 206 200 197
-0.413009 0.0750462 0.285227 191 158 120
-0.351142 0.0385716 0.290531 201 196 190
-0.392452 0.121828 0.219704 188 150 108
-0.404285 0.12146 0.218245 188 148 104
-0.33608 0.0518537 0.288082 196 188 182
-0.360388 0.0126907 0.284568 204 198 195
-0.360717 0.02145 0.285065 205 200 196
-0.404595 0.0933367 0.256316 197 158 116
-0.384616 0.115494 0.225317 202 168 128
-0.419558 0.0983462 0.253022 202 166 124
-0.375879 0.0745768 0.263172 157 131 103
-0.36668 0.0112851 0.287728 204 201 200
-0.368167 0.100105 0.240268 180 145 108
-0.37841 0.116538 0.223353 190 151 112
-0.377741 0.0863219 0.266086 184 150 112
-0.38059 0.0700567 0.25639 206 143 94
-0.376318 0.0162619 0.302002 197 192 187
-0.404044 0.0676639 0.289823 196 168 130
-0.392172 0.0726007 0.283731 161 144 128
-0.352002 0.0846254 0.262748 174 139 102
-0.375536 0.10504 0.236444 186 148 110
-0.356478 0.10505 0.239192 190 156 118
-0.371942 0.105055 0.237441 185 148 111
-0.385949 0.120478 0.218129 187 148 110
-0.370721 0.0206421 0.300901 203 198 197
-0.386333 0.119207 0.217129 184 145 108
-0.379555 0.107806 0.234374 185 150 112
-0.364023 0.102926 0.239769 190 157 120
-0.366507 0.103647 0.240209 180 144 108
-0.406893 -0.00554348 0.316403 208 202 198
-0.364973 0.104589 0.236414 182 148 110
-0.379878 0.0729568 0.277001 136 104 80
-0.379552 0.114165 0.226785 186 148 110
-0.352774 0.0193844 0.282382 207 202 196
-0.383445 0.0940918 0.259537 188 152 114
-0.371383 0.104506 0.238694 181 143 106
-0.358476 0.101271 0.242407 180 146 108
-0.365593 0.105091 0.236067 175 138 101
-0.344788 0.0288734 0.283318 202 195 190
-0.342804 0.0350148 0.287987 202 194 189
-0.364813 0.0304499 0.30434 203 199 195
-0.431739 0.0891983 0.272667 195 156 112
-0.364349 0.0976655 0.246843 186 152 114
-0.386322 0.00975922 0.295379 194 186 181
-0.369251 0.106131 0.236054 185 148 110
-0.371238 0.0122984 0.288792 204 200 198
-0.369145 0.100318 0.24202 180 148 110
-0.381342 0.0722034 0.269936 246 150 64
-0.37484 0.0660264 0.253187 210 152 108
-0.349993 0.0210433 0.280921 206 200 198
-0.432653 0.0725547 0.28767 184 148 109
-0.378233 0.0580561 0.250333 200 195 190
-0.37782 0.115622 0.222817 191 154 116
-0.390097 0.119615 0.218099 194 156 114
-0.372286 0.0214818 0.303333 201 198 195
-0.364044 0.106977 0.234714 177 140 103
-0.365656 0.102983 0.23549 188 154 117
-0.427136 0.0811007 0.281255 183 144 100
-0.379134 0.0762747 0.277795 162 128 94
-0.39172 0.115481 0.226027 199 161 118
-0.381452 0.121724 0.218752 182 143 103
-0.378049 0.110927 0.230864 182 146 108
-0.366634 0.108392 0.234166 184 149 112
-0.333675 0.0531337 0.289037 192 184 176
-0.367261 0.101837 0.240996 187 152 115
-0.377385 0.0630481 0.252718 122 106 96
-0.381038 0.0688386 0.260749 44 64 80
-0.380706 0.068405 0.256615 113 72 52
-0.361239 0.0157958 0.288651 201 196 191
-0.377167 0.0742052 0.277514 92 40 19
-0.393 0.000973255 0.309333 190 184 179
-0.393394 0.00377988 0.306784 207 202 198
-0.378805 0.0610354 0.250993 134 60 76
-0.38044 0.0736477 0.274291 78 40 19
-0.376223 0.0590023 0.251376 198 194 187
-0.380429 0.0577812 0.250855 148 118 122
-0.373877 0.0679824 0.251335 196 151 106
-0.344951 0.0387778 0.293454 195 188 180
-0.35925 0.030096 0.300515 204 199 194
-0.364623 0.10079 0.241859 178 144 106
-0.364459 0.0278042 0.299201 198 194 190
-0.377238 0.00857089 0.29951 206 202 198
-0.376337 0.0631561 0.252952 150 162 172
-0.37304 0.0600872 0.253098 188 181 174
-0.366941 0.103585 0.240873 179 142 104
-0.381476 0.058414 0.251466 196 194 190
-0.379534 0.0699706 0.254764 138 74 32
-0.360716 0.0288386 0.299787 186 180 172
-0.375416 0.075078 0.277315 118 94 76
-0.378267 0.0709274 0.252175 80 105 132
-0.42019 0.0642248 0.278957 190 156 118
-0.378349 0.105059 0.235215 180 142 104
-0.349268 0.0529097 0.288362 180 174 168
-0.380696 0.0640066 0.252745 146 44 80
-0.348707 0.0383926 0.291229 200 194 188
-0.393988 -0.000175177 0.312186 196 190 184
-0.416296 0.0682556 0.29051 124 98 73
-0.344424 0.0372394 0.289905 202 196 190
-0.384672 0.105649 0.236439 186 146 103
-0.343952 0.0498685 0.298789 185 178 172
-0.383471 0.0632731 0.251596 124 40 56
-0.389739 0.112006 0.228003 187 148 105
-0.345652 0.0238247 0.279806 199 192 187
-0.378617 0.0699204 0.254567 149 86 46
-0.374854 0.0693563 0.252199 180 128 84
-0.347146 0.0330629 0.289219 195 186 180
-0.362139 0.0262207 0.298252 202 200 196
-0.363122 0.0700135 0.263188 174 140 102
-0.342869 0.0498427 0.302817 196 193 185
-0.377217 0.078672 0.27797 174 136 100
-0.363258 0.0972141 0.246642 184 148 110
-0.367313 0.0977961 0.244737 180 146 107
-0.347501 0.0260636 0.284032 192 186 181
-0.355676 0.098382 0.248434 179 144 106
-0.379782 0.0719097 0.264023 225 133 64
-0.365883 0.0283712 0.302091 200 195 190
-0.372558 0.0758331 0.259964 216 120 54
-0.380498 0.0673289 0.255941 87 32 3
-0.347778 0.0240658 0.282408 198 190 185
-0.360157 0.068564 0.270179 177 143 106
-0.372459 0.0721951 0.259102 158 94 38
-0.36194 0.0963901 0.248916 182 148 109
-0.382951 0.112322 0.233695 188 150 108
-0.388372 0.00746561 0.305063 201 196 193
-0.377178 0.0717467 0.253468 28 47 61
-0.344438 0.0190786 0.283284 220 214 208
-0.350538 0.0182285 0.278236 203 198 194
-0.377114 0.104425 0.237417 184 144 106
-0.363902 0.0145076 0.288471 188 182 178
-0.361204 0.0940217 0.243872 180 146 107
-0.335414 0.0374137 0.28246 198 191 186
-0.383341 0.113361 0.229219 188 148 108
-0.380459 0.0609778 0.253423 123 49 64
-0.379103 0.0672225 0.254812 62 37 20
-0.355078 0.0961253 0.248643 182 148 111
-0.371916 0.073642 0.258103 170 103 46
-0.379674 0.0593801 0.250665 148 93 107
-0.378741 0.0699149 0.253522 160 92 52
-0.35857 0.0216857 0.291048 202 196 192
-0.375271 0.0167219 0.303299 202 198 194
-0.392781 0.0041822 0.304795 192 186 180
-0.380371 0.00761071 0.298691 202 198 194
-0.346544 0.0314773 0.287497 196 188 182
-0.380716 0.0777182 0.277818 175 140 104
-0.380025 0.0589304 0.251688 156 48 79
-0.361148 0.0695684 0.26912 176 144 106
-0.36556 0.0438582 0.295392 186 180 171
-0.364841 0.0151704 0.290779 204 201 197
-0.401951 -0.00169764 0.317398 204 198 194
-0.358585 0.106996 0.243631 176 138 100
-0.371679 0.0770108 0.258245 254 182 113
-0.379728 0.0720708 0.258951 94 39 19
-0.3679 0.00802805 0.299672 190 185 180
-0.365922 0.103495 0.237697 186 152 114
-0.367801 0.0290005 0.30514 198 193 188
-0.355353 0.050857 0.271495 198 192 184
-0.368904 0.0270667 0.305471 204 198 194
-0.366641 0.0218367 0.298433 201 198 196
-0.380839 0.110582 0.229783 191 156 118
-0.383016 0.113377 0.237804 187 148 105
-0.387565 0.00207122 0.308507 192 188 182
-0.365558 0.0966257 0.246401 186 152 112
-0.382553 0.112586 0.227574 190 152 112
-0.37249 0.106782 0.238495 182 144 106
-0.343111 0.0151389 0.295002 203 198 193
-0.377795 0.0707412 0.250172 212 160 118
-0.384969 0.111586 0.226789 190 151 111
-0.380352 0.109581 0.232281 188 150 111
-0.38105 0.109848 0.232538 186 148 109
-0.368976 0.00846749 0.28673 204 200 198
-0.356672 0.00679075 0.288494 202 198 194
-0.403966 -0.000127365 0.314778 206 200 197
-0.357797 0.0287896 0.281955 202 196 192
-0.380415 0.0239005 0.273663 203 200 197
-0.376657 0.0775522 0.277077 180 146 116
-0.369498 0.105146 0.23805 174 136 98
-0.348975 0.0264184 0.286599 200 194 191
-0.362895 0.0964197 0.246391 185 150 112
-0.370594 0.0157442 0.285487 193 188 182
-0.364448 0.0960615 0.239642 184 150 112
-0.377747 0.0735061 0.26239 6 62 100
-0.36457 0.00995774 0.286587 208 204 203
-0.365461 0.065197 0.252764 180 178 174
-0.327738 0.039557 0.274864 198 189 183
-0.369627 0.104666 0.238373 174 136 98
-0.374124 0.013912 0.284925 204 200 198
-0.355436 0.0981276 0.259295 186 151 112
-0.388058 0.11324 0.227742 190 152 110
-0.384892 0.129899 0.244413 196 156 114
-0.381109 0.0735842 0.279566 181 151 118
-0.361482 0.0786326 0.259714 180 145 108
-0.391769 0.114701 0.227325 195 157 114
-0.369265 0.104304 0.242032 175 136 98
-0.383333 0.0635594 0.252455 106 22 38
-0.373879 0.0208581 0.29874 201 198 195
-0.398313 0.118601 0.225552 201 164 120
-0.363907 0.0396558 0.278935 200 195 190
-0.378011 0.0593352 0.250415 142 118 118
-0.361715 0.0283611 0.300051 194 188 182
-0.381385 0.0738548 0.268049 168 76 36
-0.332424 0.0418451 0.281939 188 178 172
-0.380104 0.0688042 0.256103 141 74 41
-0.333028 0.0415382 0.281017 188 178 172
-0.379721 0.0697343 0.263125 69 55 41
-0.359135 0.0972959 0.249005 182 149 110
-0.380448 0.0615953 0.251471 137 31 54
-0.381609 0.0645859 0.24859 136 58 73
-0.382069 0.0607443 0.255939 158 106 114
-0.36312 0.0150236 0.287494 183 177 171
-0.377002 0.0606821 0.247279 190 184 176
-0.328566 0.0678834 0.271614 167 162 156
-0.37198 0.0635823 0.252795 184 182 178
-0.377114 0.0724231 0.277757 178 79 33
-0.3338 0.0393459 0.282804 192 184 176
-0.375952 0.0763768 0.263735 128 106 84
-0.348714 0.018711 0.277494 196 190 184
-0.359512 0.0282666 0.297625 200 195 192
-0.381091 0.0704458 0.256872 178 114 68
-0.355885 0.098714 0.252028 180 146 106
-0.365571 0.103391 0.240344 180 145 107
-0.318869 0.0538724 0.277518 188 180 174
-0.347997 0.0201857 0.277244 200 194 188
-0.382599 0.108588 0.233209 188 150 110
-0.385334 0.076723 0.276911 182 146 112
-0.347906 0.0188973 0.277517 198 192 186
-0.338103 0.0387357 0.306251 198 192 186
-0.381783 0.0651981 0.253288 123 24 40
-0.381377 0.0729553 0.26257 221 126 60
-0.37063 0.0785934 0.25728 173 78 24
-0.348905 0.0356437 0.293414 201 196 191
-0.376424 0.0721833 0.248999 202 148 101
-0.379915 0.0666263 0.253708 98 30 22
-0.328939 0.0490677 0.317241 186 184 181
-0.363028 0.0135863 0.288685 199 193 188
-0.34626 0.0247145 0.33131 190 184 175
-0.328223 0.0573195 0.291603 182 176 172
-0.334594 0.0413014 0.284825 200 192 188
-0.376404 0.073384 0.260527 26 26 32
-0.377787 0.0708507 0.248692 214 154 106
-0.353753 0.0312309 0.295024 200 194 190
-0.346167 0.0351187 0.329451 195 190 187
-0.371796 0.0938102 0.234646 181 148 108
-0.364456 0.0747708 0.26561 168 134 99
-0.383558 0.0750002 0.280546 185 151 116
-0.365094 0.102033 0.240049 186 150 114
-0.3827 0.0654689 0.254151 119 48 40
-0.383167 0.108433 0.233483 188 149 110
-0.379146 0.0697161 0.255552 142 76 38
-0.381878 0.110165 0.230852 188 152 113
-0.379241 0.00900746 0.300576 204 200 196
-0.37343 0.0770218 0.270461 126 102 82
-0.345474 0.0342798 0.288726 200 192 186
-0.381885 0.10782 0.234568 184 145 106
-0.37855 0.0677061 0.255249 42 32 26
-0.346603 0.0368136 0.29184 193 188 178
-0.337376 0.0650537 0.295844 178 144 107
-0.37104 0.0945202 0.233501 186 152 114
-0.331851 0.0271218 0.31111 190 182 176
-0.363117 0.0300597 0.302872 201 195 193
-0.369115 0.10287 0.239717 180 142 104
-0.381181 0.100955 0.23051 177 138 99
-0.347969 0.090955 0.260857 175 141 102
-0.381136 0.0579644 0.254853 198 193 189
-0.377576 0.0719878 0.259365 156 103 59
-0.336018 0.0277022 0.351898 197 192 187
-0.38747 0.107837 0.227868 194 157 116
-0.357812 0.0950786 0.249989 186 152 114
-0.364981 0.0650513 0.249167 190 182 176
-0.343642 0.0442482 0.298377 195 189 183
-0.312372 0.065095 0.291874 162 159 154
-0.353289 0.0891722 0.25036 179 145 108
-0.34391 0.0347111 0.287908 200 194 190
-0.352049 0.0217505 0.282319 200 194 192
-0.410446 0.115663 0.210725 189 147 104
-0.380504 0.110087 0.231224 179 142 104
-0.369432 0.0222788 0.306986 201 198 195
-0.371708 0.0975885 0.238725 179 146 108
-0.361821 0.0218846 0.293575 186 178 172
-0.351973 0.059652 0.281318 179 178 175
-0.369865 0.0620562 0.251855 191 185 179
-0.315858 0.0630211 0.301029 170 140 108
-0.378873 0.0753482 0.277721 120 92 69
-0.365929 0.013788 0.289234 196 192 189
-0.392908 0.0633315 0.227567 198 194 190
-0.378177 0.0734781 0.2647 132 74 56
-0.348827 0.0615486 0.282237 176 166 154
-0.365336 0.0928728 0.237386 182 148 109
-0.374054 0.0744515 0.256946 147 70 24
-0.378648 0.0718922 0.258766 152 101 63
-0.3749 0.0752202 0.262594 134 112 88
-0.326166 0.0706361 0.276887 166 131 96
-0.354349 0.0744556 0.273575 176 142 108
-0.362798 0.118568 0.250289 188 156 118
-0.342483 0.0653816 0.291045 181 148 110
-0.385897 0.109973 0.231 191 154 112
-0.346332 0.0305655 0.286477 195 188 182
-0.387822 0.110464 0.230207 186 146 104
-0.378192 0.0734989 0.248552 170 126 84
-0.310486 0.00113284 0.317029 186 178 170
-0.352194 0.0306355 0.292505 200 195 190
-0.381696 0.068164 0.256004 152 112 94
-0.378353 -0.00425612 0.283911 202 198 196
-0.331282 0.0391085 0.280466 192 184 179
-0.379744 0.0603138 0.249944 178 129 138
-0.34898 0.0197947 0.279564 198 192 187
-0.375962 0.00878316 0.3001 200 197 194
-0.326941 0.0224689 0.257817 191 183 180
-0.388647 0.00295482 0.314095 201 196 190
-0.379409 -0.00517431 0.284412 204 200 197
-0.407584 -0.00886941 0.298779 202 198 194
-0.317554 0.0475673 0.269213 184 174 166
-0.390082 0.00401001 0.310059 200 194 188
-0.379475 -0.00525674 0.286403 202 197 194
-0.316024 0.0479287 0.273504 196 188 180
-0.360684 0.00441935 0.273648 214 211 208
-0.378469 -0.00400044 0.285132 202 198 193
-0.393294 -0.0104304 0.29058 198 194 189
-0.374232 0.063579 0.254543 50 62 69
-0.350344 0.00942273 0.266619 203 198 195
-0.373825 0.0686614 0.252275 151 97 51
-0.314735 0.043628 0.27162 194 186 179
-0.368333 0.0257711 0.304515 194 189 182
-0.374453 0.013945 0.300833 208 203 201
-0.305375 0.0474919 0.272339 182 174 165
-0.332614 0.0368422 0.278481 190 183 178
-0.323492 0.0309319 0.258816 195 188 185
-0.337634 0.0145378 0.25615 204 196 194
-0.328405 0.0200896 0.252475 200 194 190
-0.318896 0.0460356 0.2759 196 190 185
-0.407392 -0.0107163 0.298872 204 198 196
-0.335013 0.022963 0.266266 186 177 172
-0.315187 0.0486748 0.271027 201 193 186
-0.322625 0.0334363 0.259555 174 162 154
-0.347304 0.0219427 0.27961 204 198 195
-0.378359 0.0624449 0.252204 80 20 28
-0.364977 0.000576247 0.274168 198 194 190
-0.366459 0.00146374 0.279191 206 203 202
-0.377666 0.00400243 0.290431 202 200 196
-0.361599 0.00371893 0.275112 206 204 201
-0.331664 0.0308942 0.274203 192 184 179
-0.350411 0.0197394 0.281765 207 202 198
-0.338609 0.0134723 0.256512 192 186 183
-0.406415 -0.00451538 0.310464 201 194 192
-0.38023 0.0693246 0.265142 170 152 128
-0.329276 0.050312 0.287502 198 190 186
-0.375175 0.0182261 0.305867 200 195 192
-0.326385 0.0218338 0.251774 202 194 190
-0.39633 0.00276173 0.302452 207 204 202
-0.321322 0.0367132 0.258692 193 185 178
-0.321338 0.0442538 0.269455 199 190 186
-0.376596 0.0722122 0.24644 180 142 105
-0.350268 0.0161462 0.28813 213 208 204
-0.327176 0.0823782 0.26661 171 135 98
-0.342832 0.0230371 0.27657 206 201 194
-0.379129 -0.0069232 0.282814 204 201 198
-0.324795 0.0314855 0.261508 196 188 182
-0.316691 0.04666 0.274061 194 186 178
-0.35231 0.02017 0.283193 206 202 198
-0.33547 0.0220991 0.265195 188 180 175
-0.368767 0.0739219 0.258842 182 149 111
-0.332528 0.0308719 0.274533 190 181 176
-0.327343 0.0205218 0.251535 200 194 188
-0.32101 0.0443686 0.271038 198 189 185
-0.377756 0.0743594 0.279038 23 26 35
-0.317302 0.0447156 0.27018 190 182 174
-0.355098 0.0305332 0.296752 198 194 187
-0.331137 0.0371759 0.278533 198 191 186
-0.333972 0.0187203 0.259402 200 194 190
-0.408022 -0.0143337 0.299293 202 196 192
-0.319483 0.0414137 0.267778 186 177 169
-0.332945 0.0307861 0.272039 200 192 188
-0.331791 0.0432689 0.290457 198 190 187
-0.340667 0.0247815 0.273711 208 202 197
-0.349204 0.0293571 0.292899 202 198 195
-0.32916 0.0413621 0.279741 187 178 172
-0.319497 0.0426781 0.266655 193 185 178
-0.389215 0.0778516 0.27417 198 166 131
-0.386824 -0.00520666 0.29109 206 204 202
-0.396247 0.000554425 0.309692 202 197 193
-0.348038 0.0301403 0.289841 206 200 197
-0.327038 0.0405456 0.274312 200 192 189
-0.318162 0.0426672 0.268044 190 182 176
-0.338065 0.0259667 0.273672 204 199 196
-0.324989 0.0464181 0.282673 200 193 188
-0.361332 0.00450305 0.276988 208 206 203
-0.392873 0.00281745 0.306769 198 191 188
-0.363559 -0.000299676 0.273399 212 208 204
-0.340448 0.0200813 0.271731 201 196 192
-0.388739 0.00760774 0.300665 214 209 206
-0.325042 0.0435088 0.280024 200 194 188
-0.379445 -0.00626306 0.28557 206 202 200
-0.352694 0.00981384 0.271315 202 198 196
-0.390197 -0.00857174 0.29407 212 208 205
-0.304262 0.0478257 0.271927 186 178 168
-0.33408 0.0320296 0.274606 196 189 184
-0.408084 -0.00270543 0.300016 202 195 192
-0.32079 0.036158 0.263405 190 181 176
-0.374264 0.019753 0.305213 204 200 198
-0.376068 0.0733086 0.247868 174 142 106
-0.361415 0.0221979 0.294259 194 189 184
-0.346518 0.0220184 0.278068 203 198 193
-0.374446 0.00417716 0.289229 208 206 204
-0.336747 0.0184152 0.2616 192 184 180
-0.332346 0.0299545 0.26893 198 192 188
-0.374124 -6.18017e-05 0.2835 211 208 206
-0.377936 0.0133932 0.307864 204 200 198
-0.421376 -0.011793 0.303975 202 195 192
-0.334326 0.0279757 0.26915 200 193 187
-0.375536 0.0100023 0.302364 204 199 196
-0.322979 0.0298474 0.25602 196 188 184
-0.363094 0.00513977 0.275716 202 200 197
-0.336549 0.018544 0.260595 196 188 186
-0.349386 0.00877287 0.264939 196 190 184
-0.333702 0.0262893 0.270055 179 171 162
-0.363446 0.00530112 0.277126 208 203 200
-0.328568 0.0421074 0.278198 190 182 174
-0.371149 9.71634e-05 0.282017 209 206 204
-0.404004 -0.0125951 0.297366 199 194 190
-0.32124 0.0358201 0.262306 188 178 172
-0.347547 0.0139829 0.271435 207 202 198
-0.371515 0.0741042 0.256522 179 144 106
-0.323496 0.0512529 0.28425 197 190 185
-0.335223 0.0269615 0.270198 202 196 192
-0.327316 0.0460902 0.280358 198 191 186
-0.322493 0.0524077 0.290414 198 191 186
-0.349506 0.01173 0.273719 202 199 195
-0.318118 0.043833 0.266398 197 190 183
-0.360497 0.00790559 0.27232 206 204 200
-0.322655 0.0341124 0.255928 197 189 184
-0.380166 -0.00340381 0.289312 208 206 203
-0.346336 0.0256651 0.282455 202 196 192
-0.426456 0.00513201 0.298161 202 196 193
-0.319231 0.0495019 0.275878 198 190 184
-0.371929 -0.00166825 0.280791 198 196 192
-0.332619 0.0292135 0.273389 189 182 176
-0.39673 -0.00951492 0.291165 204 199 197
-0.304373 0.0496888 0.273539 196 189 182
-0.32535 0.0458227 0.273484 198 190 184
-0.31872 0.0425525 0.26823 194 186 180
-0.326965 0.0375954 0.277876 201 194 189
-0.369656 0.00908881 0.291332 206 203 202
-0.324968 0.0336987 0.26133 200 190 188
-0.372366 0.0644644 0.254675 181 182 180
-0.336241 0.0196584 0.261236 200 192 190
-0.37742 -0.000164116 0.289697 201 198 194
-0.37531 0.0746967 0.262795 138 108 82
-0.320567 0.0371124 0.262824 194 186 180
-0.343933 0.0230534 0.276592 205 198 192
-0.359703 0.0260997 0.295714 204 200 196
-0.338938 0.0242284 0.273127 182 175 166
-0.311047 0.0503265 0.27 196 188 182
-0.318232 0.0488262 0.280742 196 188 184
-0.33593 0.0196326 0.262223 199 191 188
-0.359825 0.00658466 0.278133 206 204 202
-0.366578 0.00314989 0.27733 210 207 206
-0.323176 0.0604394 0.290755 178 178 174
-0.346515 0.0268836 0.283353 200 194 188
-0.320296 0.0432232 0.268241 186 178 170
-0.336726 0.0155927 0.255723 200 191 187
-0.351703 0.0163266 0.273702 206 202 198
-0.369735 0.101287 0.241692 179 146 106
-0.322255 0.0295718 0.258345 194 188 182
-0.364043 0.00384277 0.276758 203 198 195
-0.363809 -0.000286632 0.272 210 208 205
-0.333662 0.0178197 0.255422 203 196 194
-0.347409 0.0107096 0.266921 204 200 197
-0.37354 -0.00252239 0.28412 212 208 206
-0.327599 0.0479954 0.276409 198 191 186
-0.35384 0.0176661 0.282412 200 194 190
-0.396528 -0.0109547 0.295149 201 196 192
-0.375754 0.00287064 0.287193 210 208 206
-0.313101 0.0474546 0.270303 188 180 172
-0.365203 0.0116398 0.286959 206 203 202
-0.32394 0.0418163 0.278795 194 186 178
-0.407273 -0.00308924 0.303444 202 196 193
-0.349506 0.0112863 0.270667 200 194 188
-0.331957 0.0340112 0.277015 192 184 178
-0.342036 0.0175761 0.268713 200 193 190
-0.33125 0.039608 0.28204 189 181 174
-0.332883 0.0338781 0.274522 192 185 178
-0.351886 0.0169179 0.277226 204 200 196
-0.317414 0.0435024 0.266118 194 188 180
-0.370541 0.0236905 0.308258 190 186 180
-0.325991 0.0488455 0.281661 196 188 184
-0.334904 0.0170447 0.256191 208 202 199
-0.329173 0.0227187 0.257363 199 192 190
-0.354666 0.00762165 0.272315 204 202 198
-0.345266 0.0299102 0.290477 199 191 187
-0.337613 0.025447 0.272818 204 197 194
-0.33506 0.0163513 0.254921 195 186 182
-0.327552 0.0347304 0.272969 196 188 184
-0.318854 0.05495 0.279689 193 186 181
-0.376654 0.0665248 0.253566 121 76 44
-0.335739 0.0324641 0.276537 201 194 191
-0.400771 0.000798169 0.308767 205 200 198
-0.336093 0.0146117 0.258913 206 198 194
-0.351134 0.031014 0.295699 206 201 197
-0.339144 0.0231411 0.271287 204 198 194
-0.298181 0.0627765 0.288539 188 182 176
-0.3823 0.00445951 0.305023 194 188 183
-0.32528 0.0286702 0.264515 196 191 187
-0.315679 0.0581963 0.281091 187 180 172
-0.398569 -0.012249 0.296881 201 196 192
-0.371497 0.0774522 0.268558 124 100 78
-0.396676 -0.00749512 0.28613 204 199 196
-0.37915 -0.00290472 0.292568 210 206 206
-0.327939 0.0209438 0.251617 200 195 190
-0.326869 0.0293559 0.256301 192 186 182
-0.377025 0.0686988 0.253953 90 113 136
-0.327908 0.0489704 0.285719 196 188 184
-0.341621 0.0170454 0.267982 201 194 192
-0.337882 0.0312092 0.279558 202 195 192
-0.403286 -0.0103872 0.297761 209 204 201
-0.355478 0.0751223 0.266973 180 146 110
-0.37611 0.0670041 0.255251 136 68 38
-0.372695 -0.00817315 0.28625 207 203 201
-0.32725 0.0321914 0.270503 198 192 188
-0.336122 0.0167727 0.258187 200 194 190
-0.337133 0.023715 0.270302 201 194 192
-0.382469 0.0577372 0.250336 199 195 189
-0.321548 0.0539031 0.281523 197 190 185
-0.332058 0.0177645 0.25375 190 180 174
-0.338494 0.0317503 0.280165 202 196 192
-0.381504 0.0621372 0.250896 139 28 54
-0.319946 0.0397502 0.264581 190 181 175
-0.343945 0.00960146 0.261995 203 198 196
-0.40915 -0.00265822 0.30863 207 202 200
-0.354684 0.027853 0.307096 206 202 198
-0.330519 0.0309923 0.271676 202 195 192
-0.350417 0.00818246 0.267972 202 196 192
-0.389915 0.00331617 0.307941 204 198 194
-0.348074 0.0217215 0.280319 196 192 186
-0.321706 0.0345362 0.261056 188 181 176
-0.364936 0.000712496 0.276942 192 188 184
-0.378663 -0.00533193 0.286281 202 198 195
-0.362613 0.012852 0.286696 190 184 179
-0.391217 -0.0088451 0.29247 190 186 182
-0.350716 0.00907284 0.268465 194 188 185
-0.362619 0.00355382 0.275121 206 205 202
-0.337857 0.0153687 0.258592 190 185 180
-0.325177 0.022361 0.250957 197 189 186
-0.377725 0.0729775 0.255324 103 52 20
-0.331086 0.0394462 0.280024 195 188 182
-0.372535 0.0659762 0.251759 177 176 175
-0.332102 0.0296293 0.271239 199 191 188
-0.33438 0.0273273 0.271038 193 188 183
-0.332563 0.0376201 0.279075 192 184 180
-0.376106 0.0681591 0.254156 71 90 102
-0.390997 0.000430243 0.30545 196 190 186
-0.378449 0.0626906 0.252484 103 24 42
-0.378701 -0.00664708 0.282137 199 194 192
-0.377483 0.0614982 0.251631 105 50 59
-0.351657 0.0065285 0.265175 201 196 194
-0.377693 0.0726213 0.257543 127 76 44
-0.335055 0.0278967 0.272563 202 196 192
-0.357965 0.0306952 0.301299 204 200 198
-0.322678 0.0323999 0.260768 190 180 172
-0.336233 0.0142039 0.257886 195 187 181
-0.334608 0.0166061 0.257158 204 198 196
-0.34049 0.0137963 0.260581 204 198 197
-0.316889 0.0489779 0.270115 198 190 184
-0.320044 0.0473758 0.272678 198 190 184
-0.325545 0.0217592 0.250728 198 190 186
-0.318464 0.0456635 0.268342 198 190 184
-0.380976 0.0650813 0.252757 152 29 59
-0.336539 0.0159636 0.259452 194 186 184
-0.389289 0.0050622 0.305759 206 202 198
-0.324838 0.0216256 0.250333 198 190 186
-0.367463 0.000205106 0.277884 194 188 185
-0.317909 0.0563319 0.278763 186 178 170
-0.380697 -0.00571097 0.287243 198 194 190
-0.332193 0.0284715 0.266767 184 176 170
-0.352192 0.0181065 0.282148 196 192 186
-0.36686 0.062155 0.253226 192 186 182
-0.376785 0.0751136 0.276462 114 84 62
-0.331876 0.0395382 0.280821 186 179 172
-0.325509 0.0319243 0.263079 202 193 186
-0.386929 -0.00742863 0.290498 192 187 182
-0.317722 0.0510404 0.275687 184 175 167
-0.325948 0.0211266 0.251543 197 189 186
-0.306495 0.0658013 0.276174 185 180 174
-0.322336 0.032326 0.262755 200 190 186
-0.325454 0.0205242 0.249767 195 186 182
-0.335103 0.0166142 0.258776 198 191 188
-0.332513 0.0176647 0.259795 198 192 188
-0.370929 -0.00208052 0.281227 200 196 193
-0.32346 0.0257783 0.253166 194 187 182
-0.340171 0.0123351 0.257147 196 188 186
-0.331327 0.0436547 0.278189 198 190 184
-0.378254 -0.00763452 0.281987 201 196 194
-0.39175 -0.00486206 0.300573 194 189 182
-0.31704 0.0492464 0.275346 187 178 169
-0.357173 0.00537232 0.272335 210 208 205
-0.383136 0.0579973 0.255104 195 190 186
-0.335167 0.0171523 0.258411 197 190 188
-0.335367 0.0194847 0.263891 191 183 176
-0.331089 0.0369848 0.276374 202 194 192
-0.330715 0.0185141 0.252813 190 180 174
-0.406274 -0.00356576 0.310347 194 190 186
-0.38243 0.0647497 0.254878 102 34 35
-0.321715 0.0419373 0.271664 198 191 186
-0.336485 0.0168103 0.256477 206 200 196
-0.322035 0.0334853 0.262736 198 191 186
-0.393578 -0.00938467 0.293667 194 188 184
-0.327902 0.0485182 0.284225 198 190 186
-0.38844 0.00476802 0.307734 206 202 198
-0.369719 0.0782711 0.267857 125 98 76
-0.388884 -0.0074118 0.295999 206 204 201
-0.332372 0.0355476 0.277692 192 184 180
-0.383672 0.061192 0.252879 174 149 150
-0.334607 0.0257627 0.268717 180 173 166
-0.333202 0.0833944 0.26467 176 140 104
-0.381389 -0.00392633 0.287862 208 206 203
-0.322098 0.0432026 0.268548 196 187 183
-0.313038 0.04836 0.274667 195 188 182
-0.394022 -0.00848676 0.294781 206 202 200
-0.375058 0.0671411 0.253267 231 178 130
-0.332674 0.0272443 0.267686 194 188 182
-0.341332 0.0114636 0.260349 199 192 189
-0.380808 0.057101 0.251077 199 194 190
-0.327104 0.0201591 0.250849 192 183 178
-0.373862 -0.00306604 0.282517 195 192 190
-0.375604 -0.00292204 0.2828 200 197 194
-0.341495 0.0154132 0.259577 203 198 196
-0.338685 0.014662 0.258983 206 199 194
-0.37992 0.0588991 0.253439 166 98 112
-0.3625 0.00311956 0.276536 208 204 202
-0.315771 0.0614629 0.28101 160 152 144
-0.392172 0.00428517 0.308111 210 204 201
-0.379997 -0.00224072 0.289902 209 206 206
-0.323174 0.0315938 0.260254 196 190 184
-0.336466 0.0176376 0.261595 190 182 179
-0.373082 -0.00160845 0.280556 197 194 192
-0.367552 0.000612056 0.279254 206 204 202
-0.334617 0.0254728 0.271495 190 182 174
-0.331104 0.0169859 0.256561 202 196 193
-0.362949 0.0114665 0.285072 196 190 186
-0.374631 0.0185968 0.305778 201 196 194
-0.4039 -0.0124378 0.29885 192 186 182
-0.333359 0.0327252 0.274503 191 182 176
-0.320046 0.0457782 0.271881 193 185 178
-0.313587 0.0661316 0.285908 170 169 166
-0.348259 0.0147122 0.27217 207 202 198
-0.377983 -0.00113462 0.288296 196 194 188
-0.382121 0.0611185 0.253438 192 195 188
-0.354713 0.00621469 0.268499 194 189 183
-0.321258 0.0334259 0.259896 176 166 158
-0.3307 0.0181063 0.253255 189 179 175
-0.332282 0.0183534 0.25462 198 192 188
-0.335344 0.0264248 0.273185 202 198 194
-0.341512 0.0241142 0.274631 201 193 186
-0.327312 0.0200355 0.251049 188 178 172
-0.388982 -0.00182302 0.298011 208 204 204
-0.374842 -0.00334772 0.282118 203 200 196
-0.324663 0.0399128 0.275385 200 192 189
-0.33189 0.0273996 0.268519 182 174 166
-0.321901 0.0418991 0.267899 198 189 185
-0.402619 -0.0122491 0.298124 191 186 183
-0.355411 0.0223353 0.288336 204 200 198
-0.360046 0.00282513 0.273462 199 193 187
-0.31736 0.0602761 0.284204 168 160 152
-0.368342 0.0644603 0.256005 180 180 178
-0.406635 -0.00360337 0.311663 202 196 192
-0.319935 0.0450714 0.271145 199 190 186
-0.314594 0.0871243 0.27212 176 140 102
-0.387449 0.00306721 0.306283 200 196 192
-0.363336 0.0684246 0.249603 174 169 164
-0.392843 0.00722822 0.307071 206 202 198
-0.332973 0.0281631 0.268647 198 191 186
-0.325708 0.0453713 0.276295 198 190 184
-0.322914 0.0408332 0.270767 200 192 188
-0.366935 0.000986949 0.278788 206 206 203
-0.390741 0.0032262 0.306301 188 181 178
-0.334328 0.0273399 0.269857 185 177 169
-0.377961 0.0695385 0.25251 48 106 149
-0.377037 -0.000669219 0.28908 205 202 200
-0.337464 0.0129945 0.257766 190 182 178
-0.352158 0.0157953 0.279574 206 202 200
-0.375077 0.00296292 0.289796 202 199 198
-0.377404 -0.00466755 0.280872 202 198 195
-0.351513 0.034635 0.299365 202 199 195
-0.333147 0.016997 0.253912 202 194 192
-0.333707 0.0251832 0.266802 202 196 192
-0.362583 0.0687802 0.248953 172 171 167
-0.32609 0.029964 0.266256 202 194 186
-0.348055 0.0297203 0.288102 206 201 198
-0.332481 0.017787 0.256172 201 194 192
-0.317894 0.0516818 0.277566 196 188 182
-0.324553 0.0399165 0.279922 202 195 192
-0.323391 0.0265353 0.253002 197 190 186
-0.333749 0.0233324 0.26523 202 194 192
-0.317058 0.0721066 0.272975 168 137 98
-0.342387 0.0258626 0.278969 203 198 194
-0.369351 0.0233722 0.305082 204 202 200
-0.345442 0.0223341 0.278926 204 199 196
-0.324322 0.0292896 0.258751 196 190 186
-0.30276 0.0669986 0.280255 178 176 173
-0.315214 0.0592629 0.285419 188 182 174
-0.315263 0.0737439 0.266437 164 142 112
-0.304063 0.0679607 0.278398 172 172 168
-0.336671 0.0135416 0.256418 200 192 190
-0.334217 0.0145146 0.257551 192 183 178
-0.31263 0.0645183 0.281957 178 174 170
-0.338027 0.0891592 0.262709 176 141 102
-0.326491 0.0310105 0.263183 178 168 161
-0.315766 0.0465303 0.267566 194 186 180
-0.381347 0.00637294 0.301349 192 187 183
-0.362432 0.016385 0.289254 186 180 176
-0.348653 0.0162071 0.275191 197 192 186
-0.359978 0.00233166 0.274751 192 186 178
-0.387777 -0.0100767 0.287626 204 200 197
-0.323284 0.042793 0.271011 197 190 185
-0.364177 0.00468015 0.280137 196 194 190
-0.322425 0.0324692 0.264495 196 191 185
-0.402914 -0.0134276 0.297694 200 194 192
-0.308035 0.062549 0.274343 188 180 176
-0.374627 0.00224365 0.287778 205 202 201
-0.378578 -0.00535036 0.282778 200 196 194
-0.335802 0.0184772 0.25975 202 196 193
-0.377142 0.0782859 0.278737 176 136 100
-0.377358 0.015318 0.30444 206 202 200
-0.319598 0.0410291 0.267375 188 178 172
-0.336111 0.0259633 0.269833 198 190 184
-0.322701 0.0456873 0.280801 197 190 185
-0.318909 0.0411552 0.266344 196 186 180
-0.389817 -0.00826013 0.294905 206 203 200
-0.378668 0.0159305 0.301849 203 199 197
-0.319529 0.0471556 0.277272 198 190 186
-0.321729 0.0405831 0.269638 196 188 184
-0.332047 0.0266916 0.267431 197 192 187
-0.316479 0.0579918 0.290076 170 163 156
-0.320128 0.0479601 0.273594 193 186 181
-0.33585 0.0138972 0.255992 200 191 189
-0.363029 0.00767767 0.280674 207 204 202
-0.321832 0.0319236 0.259967 184 176 170
-0.375212 0.00614879 0.293233 208 204 204
-0.322938 0.0364736 0.26582 198 190 186
-0.328557 0.023216 0.257441 198 191 188
-0.324516 0.0252428 0.255408 198 192 188
-0.383042 0.0742167 0.27987 190 158 124
-0.334495 0.0399702 0.283061 196 190 182
-0.373738 0.0630146 0.253496 185 182 179
-0.371674 0.0781412 0.262955 90 74 58
-0.383395 0.0599007 0.252964 182 182 177
-0.372381 0.063286 0.253805 185 185 183
-0.360622 0.0296862 0.300219 188 184 178
-0.37775 0.0665742 0.254612 68 31 26
-0.311816 0.0500279 0.270758 197 190 184
-0.336078 0.0289967 0.272599 200 196 192
-0.317326 0.044802 0.268162 198 190 186
-0.331569 0.0437708 0.28166 200 194 190
-0.366081 0.0255006 0.304362 201 197 194
-0.325081 0.0413341 0.275172 198 192 188
-0.336157 0.0266731 0.271301 199 195 190
-0.350502 0.0100462 0.269376 196 193 189
-0.362236 0.0253811 0.299704 203 202 201
-0.361657 0.0259267 0.297002 198 194 190
-0.326792 0.0421982 0.28408 198 192 188
-0.353571 0.00485703 0.271143 196 192 186
-0.369948 0.0633337 0.253398 192 189 188
-0.39218 0.000810586 0.307907 206 200 198
-0.370499 0.0642935 0.255629 180 182 182
-0.380596 0.0561632 0.253591 200 197 193
-0.352729 0.0254097 0.288657 202 200 198
-0.380273 0.0708424 0.257333 210 148 98
-0.267972 0.262889 0.382999 173 140 101
-0.339766 0.0128862 0.262591 204 201 198
-0.392111 -0.00309871 0.301319 193 189 184
-0.376697 0.0124573 0.301131 201 198 195
-0.350346 0.0310965 0.291417 204 200 196
-0.376513 0.0750204 0.263636 136 111 86
-0.373418 0.0201841 0.307558 206 202 200
-0.379933 0.0698649 0.25524 146 86 49
-0.341656 0.0201165 0.271485 201 196 194
-0.374299 0.0565223 0.251124 198 193 188
-0.376874 0.0647943 0.252908 92 72 83
-0.377138 0.0728824 0.25957 52 32 32
-0.379095 0.0583225 0.250763 199 197 194
-0.324418 0.0456414 0.281151 200 194 190
-0.341515 0.0229446 0.274567 194 188 183
-0.334059 0.0276664 0.267349 194 188 184
-0.346121 0.0237026 0.28047 207 203 199
-0.354928 0.00673852 0.274027 205 204 202
-0.348894 0.0234909 0.28271 202 198 197
-0.379759 0.0703317 0.257097 198 132 82
-0.331992 0.0372957 0.278903 190 184 180
-0.342188 0.0193844 0.270992 200 196 194
-0.3476 0.0186095 0.275762 204 200 197
-0.331458 0.0401841 0.280345 198 190 186
-0.316586 0.0459609 0.268182 198 190 186
-0.344827 0.0243508 0.278809 204 200 196
-0.347236 0.0353044 0.292381 200 196 191
-0.378505 0.0635761 0.252417 109 48 58
-0.360602 0.0211292 0.293425 203 199 196
-0.326979 0.0382973 0.275383 202 195 192
-0.332762 0.0301537 0.273551 189 184 178
-0.352412 0.0342936 0.295283 204 200 196
-0.353394 0.0195578 0.284089 201 198 196
-0.375086 0.0574092 0.251214 199 196 191
-0.366788 0.0636747 0.254938 182 182 180
-0.344779 0.0726432 0.24678 173 172 169
-0.381772 0.0132671 0.307116 203 199 197
-0.342812 0.0290081 0.275971 206 201 198
-0.368137 0.0650963 0.25297 182 182 181
-0.355657 0.00480545 0.26948 208 204 201
-0.361074 0.0209738 0.294372 190 184 179
-0.362918 0.0668064 0.248731 182 180 176
-0.382669 -0.00576649 0.284721 208 204 202
-0.375823 0.0785357 0.270262 192 160 127
-0.370345 0.0194949 0.299801 202 202 200
-0.363165 0.00470801 0.280436 194 192 186
-0.380107 0.0578613 0.250158 200 196 192
-0.304276 0.0668812 0.28034 178 178 176
-0.353972 0.0665344 0.24763 186 178 174
-0.326981 0.0903924 0.264369 187 152 115
-0.434226 0.0331613 0.246265 194 191 192
-0.429599 0.0333306 0.252681 196 193 194
-0.421005 0.0348802 0.248813 181 176 176
-0.376397 0.0742089 0.275542 121 73 58
-0.434913 0.0311161 0.244247 192 187 188
-0.39937 0.0455832 0.245918 188 188 188
-0.327723 0.0518799 0.294968 181 178 174
-0.325062 0.0524257 0.292126 191 187 188
-0.326983 0.054872 0.29769 177 175 174
-0.324285 0.0418022 0.280061 184 178 176
-0.381392 0.0658828 0.252347 99 26 32
-0.31445 0.0606968 0.288942 183 184 188
-0.327693 0.0565768 0.29651 178 178 178
-0.316272 0.044133 0.273535 186 182 178
-0.330135 0.0572318 0.302888 173 176 182
-0.377298 0.106472 0.234584 196 157 116
-0.360732 0.0265573 0.298079 188 184 180
-0.348056 0.0241873 0.281148 193 188 185
-0.359849 0.0236122 0.294355 202 198 196
-0.329398 0.0383857 0.278257 200 196 193
-0.34712 0.0254215 0.283793 196 193 190
-0.360289 0.0218291 0.293113 203 200 199
-0.328565 0.0385435 0.277117 199 194 193
-0.324281 0.0422195 0.277799 198 192 188
-0.340494 0.0288306 0.280273 201 198 198
-0.356583 0.0231004 0.291291 202 199 199
-0.365319 0.014386 0.291337 200 197 196
-0.365413 0.0270629 0.30189 187 181 178
-0.362502 0.0193405 0.29377 200 198 199
-0.363285 0.0266323 0.299853 200 198 195
-0.3304 0.0493684 0.286916 196 190 186
-0.361199 0.02499 0.296391 188 182 177
-0.377045 0.0611413 0.249502 182 182 185
-0.372636 0.104086 0.234283 180 140 101
-0.368664 0.0118926 0.292166 196 191 190
-0.347393 0.0297333 0.286363 195 190 186
-0.339992 0.162258 0.292992 200 156 112
-0.361011 0.0180965 0.290881 200 196 194
-0.377394 0.0614816 0.250495 173 170 163
-0.333838 0.03982 0.281915 195 190 186
-0.376206 0.0684652 0.253142 141 147 146
-0.336105 0.0324857 0.281804 201 198 196
-0.361014 0.0232597 0.295487 186 180 174
-0.336651 0.0292697 0.275584 200 198 196
-0.331593 0.0540028 0.292438 187 182 180
-0.336493 0.0337052 0.279032 202 198 198
-0.35295 0.0283518 0.294532 202 198 196
-0.322301 0.0485922 0.281922 200 194 192
-0.381959 0.0655918 0.256178 136 66 32
-0.394068 0.115367 0.226283 202 164 122
-0.370564 0.103395 0.239259 186 146 106
-0.330478 0.0414092 0.282536 200 194 188
-0.378809 0.0728319 0.254284 166 104 58
-0.380096 0.0574486 0.253246 200 198 195
-0.376776 0.1051 0.23652 192 150 110
-0.387902 0.111474 0.231105 198 158 114
-0.344565 0.0301201 0.285406 206 201 200
-0.330225 0.041244 0.279639 192 186 181
-0.385507 0.110099 0.230558 200 164 120
-0.356235 0.10647 0.234111 198 164 122
-0.32832 0.0393858 0.276612 205 199 196
-0.384087 0.108653 0.23315 192 153 112
-0.380522 0.107333 0.23409 194 156 116
-0.396671 0.11926 0.223688 206 166 124
-0.37804 0.0564194 0.250679 203 199 196
-0.364569 0.107373 0.230868 190 150 110
-0.384013 0.109203 0.231123 200 160 119
-0.380319 0.106434 0.234328 198 164 122
-0.368952 0.0774421 0.256735 178 140 108
-0.377409 0.0698822 0.252682 16 72 114
-0.359613 0.106879 0.232845 196 158 116
-0.383146 0.112636 0.22925 198 158 116
-0.375088 0.105973 0.235669 194 154 114
-0.334234 0.0368314 0.278256 204 198 194
-0.383258 0.0756416 0.277543 192 158 128
-0.379725 0.0710021 0.265684 246 168 76
-0.386557 0.110374 0.230625 195 155 114
-0.377866 0.0708805 0.25173 72 98 124
-0.382088 0.0730089 0.268436 220 118 55
-0.38113 0.108186 0.233208 192 152 112
-0.387092 0.110106 0.23088 192 152 110
-0.364257 0.101047 0.236347 188 151 112
-0.361087 0.102808 0.238513 189 154 114
-0.364276 0.105844 0.234974 188 148 108
-0.382189 0.0629536 0.252287 152 28 56
-0.362131 0.101988 0.239281 187 151 113
-0.364193 0.100207 0.237268 190 154 115
-0.370361 0.10579 0.236371 196 158 119
-0.362264 0.109176 0.233868 194 155 116
-0.369584 0.107112 0.231313 194 157 118
-0.362135 0.105876 0.232659 192 154 112
-0.363307 0.10575 0.234843 189 150 110
-0.39046 0.11669 0.224997 190 153 111
-0.375807 0.106521 0.236652 197 160 120
-0.368188 0.105029 0.236669 188 148 110
-0.353407 0.107896 0.237237 195 158 118
-0.377117 0.0533103 0.253344 202 198 195
-0.363824 0.104115 0.237752 196 160 122
-0.384768 0.0602463 0.252631 122 86 90
-0.331025 0.0422837 0.282029 195 188 182
-0.374661 0.0148354 0.303809 197 192 189
-0.372588 0.00575083 0.300995 200 196 195
-0.33849 0.0402562 0.279609 188 181 176
-0.365714 0.105962 0.234153 184 146 106
-0.3736 0.0111345 0.29997 198 196 193
-0.383692 0.110836 0.23024 198 162 121
-0.363541 0.00511292 0.280877 190 186 182
-0.362106 0.100283 0.241222 188 152 116
-0.364252 0.0651583 0.223535 190 182 176
-0.356485 0.084794 0.229712 164 126 90
-0.358766 0.10157 0.238774 184 149 110
-0.365055 0.104707 0.234911 181 142 104
-0.371328 0.102568 0.239632 182 142 104
-0.36233 0.0645724 0.223341 193 185 178
-0.377177 0.0103389 0.303683 199 196 193
-0.365298 0.100968 0.239207 182 146 108
-0.373795 0.0738084 0.247565 172 137 100
-0.3912 0.11613 0.22433 196 158 114
-0.365044 0.101095 0.240661 182 144 107
-0.34861 0.0951676 0.246791 192 158 120
-0.34798 0.0228595 0.2854 202 198 196
-0.363314 0.107 0.233768 184 145 106
-0.381188 0.1137 0.2279 190 151 110
-0.364188 0.0248232 0.302343 201 198 197
-0.380852 0.113974 0.226405 191 152 111
-0.355998 0.0281928 0.298439 200 196 194
-0.366286 0.0691765 0.231824 190 182 178
-0.375336 0.00686248 0.296798 198 196 192
-0.376497 0.107318 0.232249 192 155 116
-0.385595 0.0560056 0.236256 198 195 192
-0.357257 0.00791775 0.276033 200 198 195
-0.352809 0.101512 0.237708 181 145 105
-0.337293 0.0372931 0.286588 189 183 177
-0.32247 0.0632758 0.286472 174 173 170
-0.36426 0.0647859 0.226294 180 170 162
-0.34775 0.0323396 0.289727 198 193 190
-0.348853 0.0223545 0.283044 203 199 196
-0.363633 0.0152373 0.291141 201 198 196
-0.319668 0.0588995 0.290534 188 184 179
-0.364958 0.0575213 0.220275 192 183 178
-0.358298 0.102481 0.238624 184 148 110
-0.383377 0.100879 0.236923 124 111 98
-0.420534 -0.0175191 0.340758 184 176 170
-0.376892 0.0740652 0.276581 89 38 18
-0.420133 -0.00286234 0.354385 187 180 173
-0.393559 0.0680946 0.283061 128 113 85
-0.364094 0.00187463 0.277485 196 190 182
-0.37685 -0.0033012 0.28626 206 202 198
-0.347651 0.0353524 0.29186 199 192 188
-0.378358 0.0659577 0.253624 62 25 13
-0.344035 0.0540041 0.302996 180 176 172
-0.426316 0.107964 0.238826 202 164 120
-0.362142 0.0142713 0.288214 184 177 169
-0.374012 0.0752434 0.261131 130 54 24
-0.327278 0.0632191 0.272568 190 184 178
-0.383456 0.0752563 0.279972 183 148 114
-0.32659 0.0590032 0.299923 174 169 164
-0.427298 0.11996 0.218947 192 153 109
-0.375704 0.0647584 0.252641 165 115 76
-0.335042 0.0280346 0.268815 180 170 165
-0.392377 0.0557637 0.279598 175 138 107
-0.377531 -0.00372995 0.286782 202 196 192
-0.377419 0.0729816 0.255188 84 50 31
-0.431426 0.0725764 0.284742 52 44 42
-0.371469 0.0742782 0.257434 176 126 78
-0.426745 0.121474 0.221105 194 156 112
-0.366345 0.103169 0.239228 188 153 115
-0.361996 0.012566 0.2863 198 192 186
-0.38011 0.0729762 0.264315 234 136 72
-0.36972 0.0809681 0.261696 104 62 38
-0.36682 0.0968095 0.242517 190 154 114
-0.376029 0.100569 0.240376 116 86 60
-0.382642 0.0710492 0.265843 218 153 88
-0.37751 0.072919 0.260744 58 40 40
-0.382964 0.0843747 0.260883 186 152 115
-0.397187 0.0671163 0.288864 190 158 124
-0.371647 0.103616 0.240585 182 143 106
-0.388754 0.0152153 0.320564 194 186 180
-0.379364 0.060573 0.250501 141 94 103
-0.350399 0.00854413 0.268781 196 188 185
-0.385661 0.0744929 0.280563 184 148 114
-0.337238 0.0337942 0.268534 184 176 171
-0.382507 0.108217 0.233121 190 150 108
-0.418326 0.00193791 0.349251 189 182 174
-0.374375 0.0829335 0.268966 194 164 130
-0.367531 0.0803107 0.259827 119 66 34
-0.368609 0.0259163 0.303897 184 178 172
-0.38222 0.0666953 0.257906 240 136 74
-0.40106 0.123362 0.216334 194 154 111
-0.37962 0.0699119 0.255179 138 76 36
-0.42373 0.0885555 0.264085 188 150 106
-0.410935 0.0664543 0.293508 188 158 120
-0.329704 0.0429793 0.278934 200 193 187
-0.380078 0.073116 0.264853 173 74 28
-0.384785 0.104743 0.239409 194 154 108
-0.382463 0.0651279 0.254065 125 36 46
-0.320993 0.0600486 0.277271 190 182 176
-0.371261 0.104405 0.237616 182 143 106
-0.381136 -0.0129868 0.299809 200 196 194
-0.368884 0.0817122 0.259014 24 14 13
-0.38067 0.0607188 0.251775 142 28 56
-0.388293 -0.0150551 0.303212 204 200 196
-0.370688 0.101518 0.240892 188 154 117
-0.450634 0.0429445 0.345307 175 143 111
-0.377921 0.0700537 0.252653 55 72 97
-0.37854 0.0593259 0.250654 199 194 190
-0.334533 0.0273394 0.268854 181 172 165
-0.406425 -0.00389896 0.31695 194 187 182
-0.398428 0.0753049 0.27975 186 152 115
-0.360885 0.0288067 0.299367 186 180 170
-0.331654 0.0394659 0.271619 199 192 187
-0.420837 0.0708435 0.293098 94 76 60
-0.423404 0.0649108 0.278434 96 80 61
-0.37751 0.0824678 0.270047 188 156 124
-0.334495 0.0300329 0.269308 193 186 180
-0.367205 0.0992461 0.2452 168 134 99
-0.391327 0.00287543 0.306781 189 182 176
-0.33849 0.0261567 0.273182 203 196 193
-0.344724 0.0352836 0.297011 204 198 191
-0.336267 0.0257937 0.270869 189 180 170
-0.392628 0.0793957 0.277962 182 144 108
-0.43219 0.0092774 0.342286 182 174 166
-0.366031 0.0988773 0.243051 189 152 114
-0.365124 0.10349 0.238754 193 158 120
-0.389605 0.119645 0.219237 196 156 114
-0.379635 0.0722865 0.26694 244 144 76
-0.42318 -0.00452246 0.360524 194 186 180
-0.330612 0.0527852 0.291556 180 172 164
-0.384896 0.0627066 0.251126 134 30 60
-0.346493 0.0305007 0.286274 198 190 184
-0.362126 0.0159822 0.28951 187 179 172
-0.354229 0.0513654 0.284823 197 190 184
-0.389795 0.0786205 0.277646 184 150 112
-0.372983 0.0324073 0.314189 201 194 192
-0.382616 0.0724611 0.269875 184 123 79
-0.347181 0.0485067 0.296697 184 178 166
-0.333698 0.0271293 0.267971 198 190 182
-0.422347 0.00523 0.33663 188 181 174
-0.368395 0.103757 0.229989 185 148 112
-0.397674 0.0117283 0.332814 202 196 191
-0.348127 0.0591859 0.295121 184 152 120
-0.367081 0.103426 0.240425 188 148 112
-0.338053 0.0377198 0.284788 196 188 182
-0.374986 0.017753 0.306093 197 190 186
-0.382688 0.111376 0.229452 193 157 116
-0.402555 0.124775 0.214161 196 159 116
-0.369368 0.0571241 0.260702 200 193 190
-0.405299 -0.0135598 0.319224 194 188 184
-0.374987 0.0300464 0.315024 191 186 180
-0.41946 0.0741043 0.285762 187 150 112
-0.332786 0.0385619 0.279173 188 180 174
-0.368325 0.0982837 0.243119 176 141 104
-0.384191 0.0736196 0.281189 188 155 121
-0.346155 0.034029 0.289479 197 189 182
-0.339592 0.0265537 0.265201 201 194 192
-0.425245 0.121793 0.221559 201 165 122
-0.370963 0.102057 0.241329 186 150 112
-0.377932 0.0822323 0.274057 182 146 109
-0.372559 0.074486 0.274708 148 122 98
-0.346793 0.0238354 0.281884 198 191 183
-0.335653 0.0259396 0.269139 202 192 186
-0.387779 0.0180763 0.316733 192 186 178
-0.36133 0.0277947 0.297634 184 176 168
-0.433101 0.116153 0.229383 186 145 104
-0.367762 0.100552 0.244443 184 150 112
-0.376655 0.0742534 0.26941 181 153 118
-0.353822 0.0956167 0.246551 186 150 112
-0.394636 -0.00501486 0.322245 200 195 191
-0.319565 0.061162 0.279917 180 174 164
-0.346304 0.0600637 0.293917 180 150 116
-0.41672 0.00612545 0.325618 197 190 187
-0.354946 0.0678778 0.279755 180 146 112
-0.393168 0.0109301 0.321432 200 196 192
-0.425557 0.12157 0.221348 201 165 122
-0.339163 0.0247594 0.268635 200 192 189
-0.361671 0.00302821 0.275216 208 202 198
-0.382605 0.067899 0.259658 180 120 70
-0.377442 0.0597268 0.251466 94 40 51
-0.364672 0.0981042 0.248932 188 152 114
-0.366832 0.0747315 0.262585 144 116 89
-0.364973 0.00884204 0.28362 205 200 196
-0.347933 0.0222863 0.2775 210 204 198
-0.381095 0.00719832 0.301617 197 192 187
-0.363135 0.0057584 0.279481 204 196 193
-0.370695 0.104925 0.23629 180 142 104
-0.374779 0.061264 0.282476 182 154 120
-0.346563 0.0322713 0.287823 201 192 186
-0.380204 0.117017 0.217807 198 164 126
-0.332674 0.053551 0.293825 188 180 173
-0.401204 0.00211919 0.334485 200 194 190
-0.427241 0.121246 0.222563 192 153 111
-0.345379 0.00866812 0.267646 208 200 198
-0.338028 0.0381539 0.280819 200 192 188
-0.336298 0.0515757 0.297309 192 184 179
-0.376347 0.0247227 0.311645 196 190 186
-0.377807 0.0742234 0.277247 89 42 24
-0.33177 0.0219871 0.271502 178 169 163
-0.373998 0.105634 0.236042 192 153 115
-0.419278 -0.01308 0.348635 187 180 174
-0.346958 0.0191258 0.277073 205 198 193
-0.365962 0.0712538 0.261745 180 150 116
-0.328907 0.0383905 0.292355 200 192 188
-0.381782 0.072467 0.265641 236 134 61
-0.38853 -0.0128892 0.301344 204 200 196
-0.363019 0.00369686 0.280738 193 186 180
-0.372005 0.0329879 0.315149 198 194 190
-0.373968 0.0619966 0.257241 174 177 184
-0.3857 0.0625924 0.259713 180 150 116
-0.362326 0.0197423 0.292074 194 187 182
-0.419145 -0.00763056 0.343878 186 178 173
-0.353194 0.00752241 0.270386 208 201 198
-0.424836 0.120324 0.220802 202 165 122
-0.420488 -0.00831575 0.339176 196 188 186
-0.380995 0.120538 0.215285 194 157 116
-0.376132 0.0728647 0.26947 110 65 62
-0.380401 0.073491 0.267674 174 80 36
-0.377863 0.0674456 0.255996 24 35 42
-0.393965 0.0172748 0.32014 203 198 191
-0.329494 0.0500372 0.287091 196 189 184
-0.383144 0.0640021 0.256087 102 30 37
-0.348362 0.0303704 0.289135 203 196 192
-0.375941 2.77603e-05 0.285181 206 202 198
-0.346648 0.0085196 0.270963 202 194 192
-0.341903 0.0232088 0.274123 198 188 182
-0.364321 0.106711 0.23272 186 148 111
-0.364377 0.0661885 0.253961 182 178 176
-0.329623 0.0685317 0.280895 174 137 101
-0.375912 -0.00961918 0.294714 204 199 195
-0.41657 -0.000522465 0.315714 204 197 194
-0.346837 0.0635847 0.285926 175 143 110
-0.362886 0.00604856 0.279924 204 196 194
-0.379323 0.0714969 0.257529 189 130 76
-0.333969 0.0290568 0.274641 202 194 191
-0.332208 0.0360153 0.278333 184 174 168
-0.447521 0.0107131 0.354193 178 173 169
-0.411374 0.120851 0.214746 196 155 112
-0.34917 0.0241391 0.283618 204 198 195
-0.344988 0.024853 0.279903 200 194 190
-0.379964 0.107649 0.233131 188 150 110
-0.408771 0.122547 0.215923 199 161 117
-0.32896 0.0260715 0.270709 196 188 180
-0.378682 0.107915 0.235459 194 158 120
-0.4225 0.0923244 0.260877 188 146 106
-0.381255 0.115416 0.221154 190 150 110
-0.388156 0.122002 0.215232 198 159 119
-0.351634 0.0683772 0.281665 178 144 108
-0.359867 0.0311027 0.300079 205 198 193
-0.336425 0.0280907 0.273111 200 192 190
-0.3435 0.0429987 0.278218 204 196 192
-0.400124 -0.00665781 0.341708 204 198 194
-0.362723 0.0369641 0.297756 185 177 170
-0.363103 0.054222 0.271773 202 194 190
-0.36173 0.0176886 0.290932 188 180 172
-0.355664 0.0499758 0.281658 204 197 191
-0.348085 0.00523923 0.274469 208 200 198
-0.389023 0.124053 0.215375 198 160 118
-0.381316 0.117334 0.21549 193 158 118
-0.347886 0.0632961 0.245506 196 189 183
-0.409681 -0.00900801 0.33271 200 193 190
-0.359479 0.07534 0.27229 152 126 98
-0.362788 0.105584 0.23384 181 144 106
-0.4281 -0.00724566 0.361318 190 182 176
-0.335577 0.0178495 0.263363 188 180 174
-0.385614 -0.013866 0.302069 202 198 195
-0.352107 0.0650157 0.281321 188 158 122
-0.372318 0.0326851 0.323691 189 184 178
-0.366375 0.0296273 0.305913 202 196 192
-0.379188 0.0706909 0.256569 224 164 115
-0.461853 0.00393937 0.381754 166 166 162
-0.342496 0.0415463 0.292533 200 192 189
-0.378676 0.116258 0.220802 196 157 117
-0.394489 0.11713 0.224288 207 172 129
-0.4156 -0.00649066 0.328747 198 192 188
-0.388558 -0.00582582 0.293686 202 198 194
-0.331378 0.0143791 0.271984 200 194 190
-0.388987 0.119212 0.219483 198 158 115
-0.42413 0.121099 0.220225 193 157 114
-0.366695 0.106613 0.23164 179 142 106
-0.378918 0.110652 0.226953 188 150 112
-0.371359 0.102697 0.241243 184 146 108
-0.347753 0.0340046 0.291094 196 188 180
-0.432256 -0.0132808 0.357374 194 187 184
-0.375357 -0.00019369 0.287568 204 200 196
-0.384421 0.0750567 0.279621 186 151 118
-0.424138 0.00386923 0.339054 188 180 171
-0.379268 -0.00510747 0.289334 207 202 200
-0.355671 0.0180864 0.284759 198 192 187
-0.438192 0.00920732 0.344055 188 180 176
-0.40793 0.121559 0.219216 202 168 125
-0.338364 0.0241673 0.26843 200 192 190
-0.346595 0.0349735 0.290198 190 182 174
-0.429335 0.122118 0.221245 199 162 119
-0.388653 0.123799 0.215874 196 158 118
-0.36588 0.0997732 0.242849 191 154 116
-0.39081 0.112689 0.223195 201 167 126
-0.386844 0.114907 0.226466 200 168 126
-0.35627 0.0309504 0.26873 203 196 191
-0.409991 0.124233 0.219408 195 153 110
-0.409074 0.0056131 0.344423 198 193 188
-0.401788 0.124226 0.21394 194 156 115
-0.350118 0.0324652 0.297303 206 200 196
-0.370509 0.102972 0.239744 182 142 105
-0.378151 -0.00677654 0.295556 206 202 200
-0.409953 3.9574e-05 0.319577 201 194 191
-0.416553 -0.0192706 0.337374 198 193 190
-0.374252 0.0169874 0.302514 203 198 194
-0.401633 -0.00766847 0.30802 200 196 194
-0.361818 0.0271695 0.295206 189 182 175
-0.317768 0.0621545 0.29225 178 174 170
-0.336698 0.0281279 0.266569 177 167 158
-0.412957 0.120512 0.219132 205 168 123
-0.384331 0.120772 0.215619 193 154 116
-0.338077 0.0366674 0.283487 200 191 188
-0.380526 0.113382 0.223879 193 154 114
-0.420815 -0.00951646 0.368611 190 183 176
-0.330406 0.0189531 0.267916 200 192 189
-0.340383 0.0927097 0.256397 187 153 115
-0.369041 0.0250216 0.305075 204 198 193
-0.356955 0.0704546 0.273869 178 144 109
-0.382115 0.112566 0.223598 195 156 116
-0.36943 0.104378 0.237759 182 144 107
-0.392415 0.119241 0.21863 206 170 126
-0.334403 0.031998 0.274304 196 188 182
-0.381699 0.11078 0.226244 197 162 124
-0.381228 0.110139 0.223204 196 162 124
-0.348456 0.0132631 0.273426 201 194 188
-0.359981 0.00933194 0.281426 205 198 195
-0.404311 0.00379576 0.31851 200 194 190
-0.357056 0.00369342 0.280454 202 195 192
-0.380255 -0.00148004 0.290646 200 195 192
-0.397095 0.116947 0.213906 200 159 116
-0.388904 -0.006899 0.320902 198 194 190
-0.414407 -0.0111473 0.335733 200 193 190
-0.404077 0.123425 0.214256 202 166 124
-0.372654 0.0726164 0.262454 124 52 18
-0.377655 -0.00176206 0.290998 201 196 192
-0.369294 0.0723902 0.284437 184 152 116
-0.37681 0.108964 0.233337 188 151 112
-0.340737 0.0237337 0.275613 206 198 196
-0.369427 0.108631 0.227368 183 145 107
-0.345465 0.0745756 0.288371 187 153 118
-0.374975 0.075679 0.275246 119 92 70
-0.422794 -0.025231 0.343273 200 192 190
-0.329216 0.0466029 0.292631 200 192 186
-0.406752 -0.00106162 0.315871 202 197 193
-0.42755 0.120823 0.22232 196 157 114
-0.376459 0.0642022 0.251835 72 104 128
-0.35848 0.00580501 0.275311 201 194 191
-0.373043 0.0641434 0.253707 188 184 180
-0.403518 0.00103228 0.330136 199 192 186
-0.379561 0.119809 0.216059 198 164 125
-0.365173 0.104771 0.231728 188 152 114
-0.337298 0.0246051 0.271966 196 188 180
-0.383937 0.119739 0.216083 190 150 109
-0.383541 0.0194406 0.328 200 194 190
-0.428903 0.122937 0.222357 200 164 122
-0.317987 0.0583289 0.284548 193 186 180
-0.405763 0.123933 0.214811 200 162 119
-0.389633 -0.0111336 0.310201 195 189 184
-0.337418 0.0198697 0.261293 185 177 170
-0.405386 -0.00263271 0.361689 202 196 190
-0.347536 0.0214588 0.280511 195 189 183
-0.362638 0.0299744 0.302462 201 196 194
-0.358306 0.00301795 0.272834 204 198 194
-0.37965 0.115549 0.220347 196 158 118
-0.382332 0.113328 0.223272 194 153 112
-0.377969 0.105768 0.235852 198 162 121
-0.394628 0.116571 0.215901 210 172 128
-0.422457 -0.022595 0.335267 202 194 192
-0.427066 0.123916 0.223746 199 162 118
-0.373056 0.122681 0.221604 194 159 121
-0.332504 0.0307408 0.271204 194 186 182
-0.366492 0.0250647 0.303713 204 200 196
-0.361127 0.0309489 0.302169 203 196 191
-0.389385 0.117015 0.222965 204 164 121
-0.364023 0.10782 0.224719 194 158 117
-0.42311 0.119679 0.219942 200 162 118
-0.371774 0.113693 0.232355 186 149 112
-0.341303 0.0658397 0.290719 181 148 112
-0.425782 0.123626 0.223191 200 164 121
-0.367235 0.098214 0.231805 188 150 110
-0.363915 0.030369 0.303533 198 192 188
-0.394206 0.120496 0.214154 200 161 120
-0.379908 0.0170427 0.316433 202 197 194
-0.363407 0.0754307 0.266603 146 120 92
-0.33458 0.0401115 0.283179 196 188 180
-0.383277 0.06277 0.253296 133 34 56
-0.331914 0.0676491 0.2998 176 140 104
-0.410081 0.116748 0.216218 194 150 108
-0.387814 0.11894 0.219103 191 149 107
-0.374295 0.0744877 0.259783 122 50 18
-0.34106 0.0504068 0.308186 189 185 180
-0.363452 0.0349229 0.295095 178 170 162
-0.36938 0.103044 0.237771 178 139 102
-0.372073 0.0309439 0.312728 198 192 187
-0.375064 0.105263 0.236275 185 146 108
-0.36491 0.102727 0.240062 188 154 116
-0.386911 0.110986 0.231204 190 147 104
-0.376601 0.104506 0.237788 186 148 108
-0.378074 0.0692867 0.252305 70 108 138
-0.372381 0.0300664 0.31141 200 194 190
-0.330724 0.0594594 0.295184 162 156 150
-0.369574 0.103796 0.23905 179 140 102
-0.41316 0.00472755 0.338977 197 190 184
-0.347343 0.0413724 0.282533 197 188 182
-0.330959 0.0394476 0.278388 196 188 182
-0.382767 0.0641356 0.25032 188 59 100
-0.344511 0.0374174 0.290394 198 190 184
-0.376535 0.105132 0.237629 184 144 106
-0.37934 0.0271521 0.316275 202 196 190
-0.373485 0.0285153 0.311504 200 194 188
-0.398078 0.00871401 0.295587 200 194 188
-0.378551 0.074413 0.276825 52 18 6
-0.412743 0.00681937 0.335059 188 178 172
-0.408575 0.00977293 0.333512 204 198 192
-0.381638 0.0747729 0.279373 184 152 126
-0.381773 0.0743727 0.280073 186 154 120
-0.346627 0.0573492 0.296563 171 158 144
-0.329929 0.0593312 0.300634 163 150 138
-0.386239 0.0612362 0.256425 183 182 180
-0.360083 0.0244676 0.29444 202 196 190
-0.365841 0.0260678 0.301657 200 195 190
-0.382456 0.108942 0.232255 184 146 104
-0.376842 0.0757441 0.26567 130 104 76
-0.364811 0.101004 0.241693 178 144 106
-0.364386 0.101268 0.238815 180 146 108
-0.364063 0.0990212 0.24841 185 150 112
-0.386654 0.0764644 0.287739 188 154 118
-0.361167 0.0737028 0.271069 163 134 101
-0.380991 0.0683675 0.265933 179 148 112
-0.370014 0.104156 0.239405 178 140 102
-0.388956 0.0244153 0.317565 204 196 190
-0.374188 0.0735935 0.258766 127 56 20
-0.372618 0.104957 0.237463 189 152 113
-0.367694 0.10481 0.237206 183 145 108
-0.374656 0.0724241 0.259497 100 46 22
-0.334203 0.0620533 0.289594 170 154 141
-0.381489 0.0709471 0.280845 180 148 113
-0.35727 0.0688234 0.277742 180 146 112
-0.375617 0.105533 0.238318 186 146 108
-0.367663 0.103048 0.241097 185 147 109
-0.386799 0.111228 0.230839 190 148 104
-0.332077 0.0569535 0.301975 176 172 168
-0.379888 0.110424 0.231779 186 148 109
-0.371598 0.0333517 0.314149 200 194 189
-0.381575 0.110266 0.230965 196 157 116
-0.372139 0.109204 0.234268 192 155 116
-0.362716 0.0416261 0.313752 182 178 172
-0.3689 0.101645 0.245743 140 110 80
-0.37975 0.114786 0.223424 188 148 107
-0.332995 0.0379728 0.27616 194 186 178
-0.369319 0.105042 0.237378 184 146 108
-0.38323 0.111135 0.22985 188 152 109
-0.350863 0.0667117 0.280355 177 146 111
-0.383682 0.0707984 0.263178 176 144 112
-0.345347 0.0324462 0.286144 200 192 186
-0.358109 0.103597 0.240324 176 142 104
-0.413284 -3.6779e-05 0.338973 198 190 187
-0.346952 0.0277652 0.283538 198 190 181
-0.352413 0.0962761 0.248383 178 144 106
-0.381956 0.115383 0.230288 192 151 110
-0.381475 0.0334088 0.309601 200 193 190
-0.323437 0.0671169 0.283875 168 137 103
-0.35618 0.0748662 0.270119 178 144 110
-0.374405 0.106483 0.236869 180 142 104
-0.387128 0.113396 0.229093 188 148 106
-0.377654 0.0753785 0.276852 64 43 25
-0.360635 0.0265678 0.297145 200 192 184
-0.376706 0.0733904 0.250401 150 81 32
-0.368768 0.105289 0.236318 180 142 105
-0.382247 0.107896 0.232955 180 140 100
-0.340116 0.0728042 0.279149 168 133 96
-0.357493 0.0925061 0.252702 187 152 114
-0.364172 0.107154 0.238384 175 138 101
-0.371821 0.0338468 0.314544 196 191 186
-0.378633 0.108199 0.233931 186 149 110
-0.370654 0.103549 0.242198 180 138 102
-0.375779 0.103973 0.236813 190 152 114
-0.357435 0.0309903 0.307489 199 192 186
-0.339112 0.0517392 0.290674 192 184 178
-0.345743 0.0378676 0.291575 200 191 182
-0.330983 0.0395325 0.273083 198 190 184
-0.368545 0.0415392 0.307759 199 193 188
-0.353091 0.0966305 0.249344 183 150 112
-0.349697 0.0293273 0.268759 199 192 186
-0.360009 0.0732352 0.268617 183 152 116
-0.36947 0.100642 0.240795 186 152 112
-0.328855 0.0456241 0.278533 196 188 181
-0.360449 0.103064 0.23858 180 147 108
-0.354659 0.093769 0.251718 183 149 111
-0.326834 0.0543491 0.279256 194 185 179
-0.392559 0.116297 0.223615 194 154 111
-0.328752 0.0574222 0.285249 170 162 153
-0.368705 0.104111 0.242454 178 138 101
-0.36944 0.107713 0.232576 184 147 110
-0.362597 0.110044 0.230532 187 150 111
-0.38113 0.113005 0.222752 190 151 113
-0.361056 0.0169008 0.288852 202 196 188
-0.371241 0.100289 0.241984 115 87 57
-0.376047 0.0717731 0.247599 178 135 96
-0.355629 0.0260725 0.312191 186 180 172
-0.378371 0.0722178 0.258223 120 68 33
-0.38367 0.0677675 0.261082 174 144 109
-0.36531 0.0270905 0.301905 191 186 176
-0.373702 0.0329653 0.316356 194 190 183
-0.375566 0.023796 0.309806 199 192 186
-0.368663 0.0999288 0.240522 180 146 108
-0.381957 0.0607765 0.253282 199 193 187
-0.381859 0.0688155 0.256276 74 100 122
-0.338377 0.0353895 0.305296 194 186 177
-0.373443 0.0256644 0.309452 204 198 192
-0.380956 0.0688814 0.255024 124 70 38
-0.376771 0.0685328 0.252651 102 111 124
-0.380736 0.0588703 0.250849 187 124 139
-0.37302 0.0746761 0.257413 157 78 27
-0.350081 0.033089 0.292619 190 182 175
-0.346023 0.0180562 0.284783 214 208 202
-0.377823 0.0635666 0.252489 110 66 44
-0.355247 0.0306247 0.296545 194 186 178
-0.330967 0.040531 0.278313 198 188 182
-0.360063 0.0291602 0.301697 186 179 170
-0.354388 0.0185868 0.283258 214 208 201
-0.347316 0.0268927 0.283921 191 183 176
-0.342305 0.0478923 0.308479 207 200 193
-0.43121 0.00383705 0.313867 196 190 186
-0.366565 0.0998284 0.244393 180 146 106
-0.349417 0.0144169 0.329009 202 198 194
-0.376754 0.00662273 0.295009 198 194 190
-0.346901 0.0233958 0.278376 202 195 190
-0.360072 0.022153 0.29823 186 180 170
-0.367525 0.0263405 0.303069 188 182 174
-0.386144 0.110831 0.230893 188 148 105
-0.380383 0.0733334 0.271277 163 70 28
-0.328105 0.0590181 0.289859 182 175 172
-0.417318 0.0031271 0.30273 198 192 188
-0.378373 0.0761253 0.27898 150 117 84
-0.381722 0.0623821 0.252669 130 44 60
-0.373766 0.0113173 0.294567 203 198 192
-0.36625 0.0144934 0.289552 197 193 188
-0.382319 0.110005 0.231022 192 154 112
-0.377889 0.0726317 0.257471 144 84 50
-0.360651 0.018311 0.290967 203 197 191
-0.350941 0.0284271 0.2964 200 194 188
-0.376329 0.0710538 0.248101 166 118 77
-0.379058 0.0632355 0.251614 64 17 22
-0.357129 0.0332585 0.301298 200 194 188
-0.361153 0.0139724 0.286316 204 197 192
-0.345194 0.0286324 0.302598 202 196 188
-0.372788 0.0215833 0.336353 200 194 190
-0.364336 0.00904713 0.284478 204 198 194
-0.382204 0.111019 0.230179 194 158 116
-0.343681 0.0402681 0.302936 198 191 184
-0.343518 0.0406606 0.307327 198 191 186
-0.381384 0.0765441 0.279812 182 147 112
-0.373682 0.0480685 0.296949 190 188 186
-0.374977 0.0743302 0.263758 156 122 94
-0.339492 0.0265979 0.276742 201 192 188
-0.375286 0.0757043 0.265599 138 114 90
-0.357719 0.0299218 0.297543 196 186 179
-0.353594 0.0195838 0.283902 200 196 189
-0.345897 0.0259701 0.282388 200 192 186
-0.350692 0.0200639 0.28094 228 222 216
-0.34072 0.0247074 0.27709 201 194 188
-0.359258 0.0170428 0.287457 202 198 192
-0.383158 0.0621019 0.25273 158 112 120
-0.405568 -0.00205967 0.301514 204 200 196
-0.449074 0.0152452 0.338229 178 174 170
-0.350249 0.0203293 0.28256 204 198 192
-0.38256 0.111786 0.227326 193 157 116
-0.375184 0.104098 0.238154 190 152 113
-0.3771 0.107812 0.234446 190 152 113
-0.328314 0.0154488 0.29134 202 194 188
-0.345956 0.0291512 0.289144 192 185 177
-0.357371 0.015421 0.28511 202 196 192
-0.37334 0.0350137 0.317219 200 196 190
-0.379002 0.0758127 0.277314 148 108 66
-0.370261 0.102373 0.239889 182 145 106
-0.368802 0.0573988 0.253017 198 191 184
-0.348347 0.0203592 0.278959 193 184 175
-0.373255 0.0679013 0.250845 182 151 119
-0.37724 0.0302852 0.316884 200 194 190
-0.38035 0.0760498 0.279884 179 144 107
-0.38955 0.112756 0.225816 203 166 124
-0.383015 0.0232625 0.266294 204 200 196
-0.356691 0.035913 0.315278 192 186 178
-0.372202 0.0240937 0.306934 192 186 180
-0.370204 0.0263072 0.3052 200 194 186
-0.354013 0.0348842 0.321912 189 182 174
-0.38477 0.109378 0.230151 194 156 112
-0.352459 0.0685636 0.274701 178 144 108
-0.336862 0.073392 0.273078 173 137 100
-0.368192 0.0719445 0.244457 172 139 104
-0.355099 0.0273846 0.291748 202 196 192
-0.325194 0.035201 0.277327 195 186 180
-0.34508 0.031867 0.286038 198 190 184
-0.383621 0.110171 0.231532 193 156 112
-0.381716 0.064385 0.253205 136 24 55
-0.376314 0.0582584 0.252526 196 193 188
-0.360284 0.0275515 0.297139 202 196 188
-0.370369 0.105915 0.233885 187 150 112
-0.347532 0.0278687 0.291168 204 198 192
-0.319621 0.0477309 0.271158 195 186 176
-0.380614 0.0683475 0.256405 119 76 48
-0.403797 0.0132074 0.326722 200 192 184
-0.377149 0.0716152 0.2521 114 84 56
-0.376066 0.0752266 0.275233 120 96 76
-0.390743 0.0159958 0.31938 205 198 193
-0.378376 0.0725682 0.253797 162 101 54
-0.381544 0.109679 0.231688 182 142 102
-0.334008 0.0320017 0.271611 194 186 178
-0.336369 0.0271757 0.266426 178 168 158
-0.445363 -0.011259 0.329063 184 178 170
-0.383915 0.061566 0.26621 175 144 112
-0.380963 0.0594768 0.249854 156 54 81
-0.320276 0.0642523 0.280928 168 162 156
-0.374626 0.0661939 0.252157 208 152 105
-0.334619 0.0284124 0.265339 194 186 178
-0.346934 0.0205958 0.278986 190 182 174
-0.375973 0.0698626 0.252061 198 135 83
-0.375886 0.0790382 0.273842 187 156 124
-0.377378 0.0727126 0.253814 126 62 26
-0.377226 0.0581806 0.25247 196 193 188
-0.333407 0.0294757 0.27253 185 177 170
-0.43045 0.0114639 0.329796 196 188 184
-0.372478 0.0996918 0.238459 144 113 78
-0.360061 0.0317769 0.300344 202 195 191
-0.383352 0.0655366 0.254464 172 118 85
-0.368586 0.101628 0.241173 184 149 110
-0.344329 0.040378 0.292193 199 192 185
-0.340366 0.0350462 0.288606 200 192 187
-0.409435 0.000203356 0.312736 205 198 195
-0.376561 0.0731452 0.254488 118 48 12
-0.374468 0.0635369 0.253948 76 74 71
-0.379023 0.0715894 0.259118 128 80 46
-0.381541 0.0574057 0.25214 199 193 187
-0.331768 0.0295366 0.269665 196 187 182
-0.371705 0.0751441 0.270339 132 107 85
-0.378739 0.060018 0.2498 172 131 137
-0.383187 0.110251 0.231638 194 156 112
-0.334261 0.0279966 0.268795 200 192 184
-0.335523 0.0249737 0.268841 196 190 184
-0.373987 0.0742845 0.258931 130 57 22
-0.369012 0.0757426 0.257813 155 124 91
-0.395856 0.0121108 0.332273 204 198 192
-0.319154 0.0449533 0.26782 197 188 181
-0.421413 0.0101763 0.323003 198 190 187
-0.340937 0.0416646 0.296023 196 189 184
-0.319996 0.0295426 0.268005 196 187 178
-0.358471 0.0290845 0.297293 202 196 190
-0.322912 0.034993 0.26195 194 185 180
-0.37448 0.050801 0.287034 192 192 188
-0.416445 0.0117483 0.331493 201 194 188
-0.380059 0.111054 0.229977 195 158 121
-0.321609 0.0431093 0.266069 196 186 180
-0.385294 0.110307 0.230573 194 156 112
-0.323747 0.0471752 0.268201 179 170 160
-0.380486 0.0765514 0.281137 182 148 112
-0.330129 0.0413775 0.287501 198 190 182
-0.334139 0.0270452 0.271231 198 189 182
-0.361717 0.0973431 0.242742 180 146 107
-0.379659 0.106829 0.235465 192 156 114
-0.383416 0.0677534 0.264587 182 152 118
-0.419544 -0.000943722 0.317996 203 195 192
-0.391153 0.0074294 0.3024 206 200 196
-0.447614 0.008665 0.3326 188 182 180
-0.328655 0.0532658 0.297743 176 168 160
-0.372822 0.0738633 0.257188 159 85 27
-0.455372 0.0156042 0.342864 173 171 168
-0.415054 0.00171437 0.309968 202 196 190
-0.362764 0.0969737 0.242664 188 154 114
-0.431941 -0.00906043 0.324464 194 188 184
-0.333302 0.0829642 0.263773 174 136 99
-0.381721 0.0672671 0.256982 230 134 80
-0.373537 0.0710579 0.250184 176 144 108
-0.37887 0.0702253 0.253647 122 51 18
-0.354109 0.0306007 0.30073 204 197 191
-0.380865 0.0687273 0.266527 180 148 113
-0.428431 0.116878 0.225361 189 147 105
-0.333953 0.0272308 0.268673 184 176 166
-0.326673 0.0452756 0.263074 192 184 176
-0.323406 0.0640286 0.290808 164 150 134
-0.367012 0.103633 0.239181 178 142 104
-0.381712 0.0693236 0.268566 172 139 110
-0.37945 0.0239574 0.316134 204 197 194
-0.327877 0.0806925 0.266861 172 136 98
-0.393817 0.11366 0.226485 198 160 116
-0.384287 0.109724 0.231459 188 151 108
-0.358802 0.0365739 0.312328 200 196 192
-0.380164 0.109839 0.230346 188 149 110
-0.424777 -0.00477874 0.320116 202 194 186
-0.351815 0.0918658 0.254541 188 154 115
-0.339151 0.0156 0.261222 200 192 189
-0.347894 0.0726161 0.269446 168 134 97
-0.342796 0.0408157 0.294792 200 193 188
-0.381121 0.0667831 0.252894 143 88 62
-0.322083 0.0690576 0.293605 174 140 103
-0.383244 0.11299 0.230677 190 149 108
-0.33947 0.067998 0.285267 174 140 103
-0.386512 0.112696 0.225112 190 149 108
-0.386172 0.0637893 0.257268 174 145 112
-0.315015 0.069061 0.288422 168 133 96
-0.349986 0.0229881 0.282072 204 197 194
-0.385197 0.0618282 0.251723 134 30 52
-0.409973 0.0127046 0.312808 206 198 195
-0.349167 0.0259869 0.282846 202 196 192
-0.329633 0.0438051 0.288732 194 186 178
-0.385463 0.0616829 0.259394 173 164 154
-0.324345 0.0435083 0.264627 196 186 180
-0.332045 0.0396543 0.280803 188 178 172
-0.378438 0.0736876 0.278924 90 80 78
-0.404393 0.0113404 0.322336 200 194 186
-0.378641 0.0741572 0.276583 47 24 14
-0.383848 0.0591715 0.250916 188 182 175
-0.389652 0.0137396 0.316197 192 186 180
-0.379452 0.0734313 0.276556 69 48 46
-0.379907 0.0584929 0.250711 178 137 145
-0.377129 0.00508045 0.294069 202 198 193
-0.406704 -0.0117958 0.301921 202 197 194
-0.374662 0.0720621 0.247123 178 145 109
-0.378663 0.0687056 0.255954 229 178 129
-0.374816 0.022914 0.308203 202 196 191
-0.405802 0.0143053 0.329101 206 199 193
-0.387703 0.0190434 0.320382 206 198 194
-0.392968 -0.00663515 0.294284 196 191 187
-0.332012 0.0423089 0.281617 192 184 178
-0.315377 0.0601685 0.283092 182 176 168
-0.332095 0.0418523 0.2824 187 178 171
-0.396088 0.013577 0.324213 198 190 183
-0.319016 0.0496795 0.273484 188 180 170
-0.347118 0.0231386 0.281003 202 196 188
-0.381678 0.0570588 0.250663 202 195 188
-0.361695 0.0185618 0.291427 194 188 181
-0.332776 0.0376659 0.278597 190 182 176
-0.363275 0.0102627 0.283758 192 186 182
-0.36138 0.0174919 0.289388 206 202 196
-0.333843 0.0309386 0.273007 190 184 176
-0.397493 0.0130594 0.32503 201 194 186
-0.368485 0.0270395 0.304357 204 200 196
-0.373482 0.0779061 0.274463 182 154 122
-0.379909 0.0652493 0.251667 123 24 44
-0.378015 -0.00238953 0.288123 202 198 192
-0.369658 0.101811 0.241306 186 150 109
-0.391721 0.0181143 0.318288 210 202 197
-0.348701 0.0225722 0.281996 203 196 193
-0.373889 0.0250368 0.308514 205 200 196
-0.406261 0.000466363 0.310357 194 186 179
-0.405136 0.0108475 0.327931 196 189 182
-0.400907 0.0127333 0.324494 201 194 187
-0.372166 0.104323 0.237368 182 144 104
-0.346296 0.0307577 0.284592 204 196 192
-0.375794 0.0111939 0.300202 198 193 189
-0.348649 0.0184159 0.277857 198 192 186
-0.33262 0.0301916 0.272255 192 186 180
-0.402026 0.00210706 0.30928 208 202 197
-0.420638 0.00795771 0.335372 198 191 186
-0.412726 -0.0108376 0.299634 208 202 200
-0.413305 -0.0121374 0.301764 206 200 198
-0.381312 0.0703296 0.278384 190 158 124
-0.370843 0.0756706 0.257147 187 122 60
-0.36093 0.0250412 0.296972 192 186 180
-0.363062 0.0142333 0.288769 193 187 182
-0.347131 0.0299532 0.286037 198 191 184
-0.378506 0.0619461 0.251374 108 30 44
-0.369092 0.00852248 0.286447 207 203 200
-0.377326 0.00645327 0.29566 197 194 190
-0.335247 0.0262769 0.271597 205 197 194
-0.329932 0.0728582 0.276119 176 140 104
-0.384123 0.020751 0.318111 206 199 196
-0.391426 0.00950008 0.304949 204 198 194
-0.416703 -0.0111543 0.301973 204 199 196
-0.334709 0.033911 0.278547 200 192 190
-0.340253 0.0242412 0.276 206 200 196
-0.3192 0.0435856 0.266917 194 185 179
-0.386718 0.0624335 0.255016 188 186 183
-0.379072 0.0750439 0.278881 58 72 97
-0.378407 0.0672102 0.254724 69 58 55
-0.40081 0.0159452 0.327471 210 202 198
-0.32261 0.0657316 0.264957 178 170 162
-0.313756 0.05561 0.277624 194 186 178
-0.418772 -0.0047608 0.316769 200 195 192
-0.345319 0.0359829 0.290201 204 198 190
-0.328752 0.044806 0.28727 194 186 180
-0.360897 0.0190077 0.291571 202 198 192
-0.38404 0.00521901 0.297739 205 201 198
-0.346084 0.0234641 0.282036 200 194 188
-0.322386 0.0591254 0.287932 185 180 175
-0.381875 0.0077165 0.298873 196 191 187
-0.382102 0.0548548 0.246454 201 196 192
-0.348694 0.0349603 0.292346 204 200 194
-0.407295 0.00692909 0.31744 206 200 196
-0.317927 0.0651321 0.270093 163 156 148
-0.367416 0.00787519 0.286706 207 203 200
-0.339877 0.0301544 0.279945 201 194 191
-0.317783 0.0544676 0.278536 186 178 170
-0.317217 0.0626818 0.288492 177 175 170
-0.34944 0.0187421 0.279231 201 194 191
-0.31686 0.0618705 0.271165 188 181 174
-0.388246 0.0115779 0.312457 203 198 194
-0.385456 0.00677218 0.300412 196 190 184
-0.333021 0.0324892 0.274899 190 180 172
-0.363206 0.00911852 0.282887 194 188 182
-0.318375 0.0477478 0.274595 194 186 177
-0.320697 0.0481058 0.273573 197 190 182
-0.379787 0.00727705 0.296308 205 200 196
-0.382066 0.00650595 0.298918 204 201 197
-0.391423 0.00426164 0.305766 206 198 194
-0.380621 0.0712972 0.280478 188 156 124
-0.39456 -0.00756198 0.291788 205 200 196
-0.386864 0.010816 0.308844 204 200 196
-0.342431 0.0282296 0.281582 204 197 194
-0.385364 0.0176643 0.315675 205 200 196
-0.38215 0.0142312 0.310635 202 197 193
-0.337092 0.0269507 0.271912 203 195 192
-0.380992 0.0641477 0.251254 134 40 58
-0.317519 0.0523669 0.276963 184 176 166
-0.353088 0.0898221 0.255406 184 151 112
-0.342445 0.025788 0.279008 203 198 194
-0.369924 0.0127641 0.293537 201 198 194
-0.316587 0.0541828 0.273361 192 184 176
-0.372308 0.076863 0.266054 129 103 80
-0.427075 -0.00225174 0.318609 202 194 191
-0.338947 0.037266 0.285483 198 190 184
-0.373523 0.0656411 0.251307 180 180 176
-0.376055 0.00595668 0.293535 204 200 196
-0.353691 0.0332951 0.29438 209 204 198
-0.334871 0.0710443 0.277932 178 146 108
-0.37214 0.102647 0.241982 176 136 98
-0.385224 0.0635302 0.256727 183 154 120
-0.352015 0.0310334 0.28584 204 200 196
-0.375993 0.0743784 0.267188 160 126 92
-0.390721 -0.00272801 0.296763 209 204 202
-0.343272 0.0727187 0.275863 172 136 99
-0.371551 0.0769536 0.262837 139 63 30
-0.37014 0.103011 0.238856 178 139 98
-0.352276 0.0721191 0.261822 176 142 106
-0.364575 0.0245284 0.299516 202 198 194
-0.422324 0.0314363 0.245719 204 198 195
-0.371482 0.103173 0.239496 178 138 97
-0.377951 0.0600718 0.243583 198 193 189
-0.312875 0.0674702 0.280741 172 170 165
-0.334693 0.0327841 0.279808 202 196 192
-0.376503 0.00722493 0.293096 208 204 200
-0.321542 0.0449897 0.275278 194 186 178
-0.39242 -0.0090524 0.293026 198 192 188
-0.404585 0.011819 0.325185 194 186 179
-0.347001 0.0223228 0.280107 196 190 184
-0.380043 0.0593581 0.253789 126 34 54
-0.362486 0.0138654 0.287497 190 184 176
-0.379698 0.0696167 0.253904 184 122 77
-0.389911 0.0155387 0.31701 195 190 182
-0.401961 0.0129544 0.323178 202 194 189
-0.349647 0.00882935 0.267494 205 198 195
-0.384456 0.0607012 0.252656 166 104 114
-0.374079 0.0208175 0.306119 202 198 196
-0.36308 0.000704273 0.274534 199 193 187
-0.374887 0.0241275 0.308997 202 198 192
-0.374862 0.0251377 0.309906 200 196 191
-0.386174 0.0598624 0.252291 174 170 163
-0.378504 -0.00450533 0.284396 202 198 194
-0.345441 0.0335413 0.289358 200 194 188
-0.373759 0.0243553 0.308337 200 194 190
-0.349018 0.00828997 0.265939 202 197 192
-0.342581 0.0230803 0.276833 206 199 194
-0.376971 0.0619284 0.250966 178 176 167
-0.405505 -0.0037524 0.310273 206 202 198
-0.373163 0.0760752 0.258981 204 102 40
-0.314784 0.061008 0.282613 167 160 152
-0.380016 0.072125 0.277998 186 150 116
-0.347853 0.0243076 0.282226 191 185 179
-0.335764 0.0223311 0.265059 184 175 170
-0.349918 0.0208384 0.281157 205 201 197
-0.333872 0.0260335 0.266551 198 190 188
-0.368613 0.026973 0.305804 206 201 197
-0.40642 -0.00791426 0.30664 202 195 192
-0.380181 0.00847377 0.299393 208 202 198
-0.390024 -0.00961434 0.292833 206 202 200
-0.38891 0.0093953 0.310305 203 198 194
-0.375526 0.0192194 0.306637 197 192 188
-0.36191 0.00368971 0.277565 204 200 196
-0.438435 0.0406669 0.255653 187 178 172
-0.406728 0.00771356 0.322206 202 194 190
-0.335784 0.0396311 0.284368 197 190 181
-0.375415 0.0168799 0.303676 200 195 191
-0.373832 0.0280592 0.313598 198 192 188
-0.350245 0.0103024 0.269533 198 192 188
-0.434941 0.0426673 0.252087 190 181 175
-0.372373 0.0759591 0.266584 128 99 76
-0.34556 0.0216608 0.277194 188 182 170
-0.319289 0.0600567 0.283382 165 158 149
-0.436533 0.0407222 0.25599 186 179 173
-0.390057 0.0169015 0.321081 206 199 192
-0.374278 0.00989132 0.295667 188 182 176
-0.347437 0.0248615 0.283008 198 191 184
-0.37153 0.0720394 0.248324 178 146 110
-0.362022 0.0206586 0.293707 198 193 188
-0.372908 0.0758172 0.260335 180 82 34
-0.372943 0.027597 0.311955 202 197 194
-0.318413 0.0505484 0.27477 186 176 168
-0.343593 0.0334617 0.288603 204 197 194
-0.377737 0.00930684 0.29667 192 186 181
-0.43694 0.042777 0.257382 184 176 172
-0.336541 0.0286672 0.274465 199 194 190
-0.34942 0.0132017 0.27173 202 196 192
-0.353102 0.00627256 0.26849 200 195 190
-0.393897 0.00662766 0.305557 208 201 198
-0.438651 0.039942 0.255731 194 188 184
-0.335315 0.0239232 0.266463 178 169 162
-0.328058 0.0455222 0.281481 198 192 186
-0.314696 0.0574569 0.27811 190 184 176
-0.350377 0.0168332 0.278003 202 197 193
-0.376954 0.00333437 0.292514 200 195 192
-0.380781 0.00939553 0.300652 205 202 199
-0.353504 0.0126393 0.276628 200 196 192
-0.363758 0.0626383 0.255042 180 173 166
-0.316998 0.0547208 0.27834 189 182 171
-0.389374 0.0212094 0.320752 195 188 182
-0.437564 0.042274 0.255022 192 184 180
-0.335522 0.0215112 0.263844 197 189 186
-0.362929 0.00916802 0.283656 190 186 180
-0.347792 0.0246165 0.283271 200 194 188
-0.386004 0.0154719 0.312452 206 202 198
-0.334969 0.034372 0.279722 201 194 191
-0.334812 0.0192458 0.260116 200 192 188
-0.399518 0.0150513 0.328211 204 196 194
-0.431123 0.0430715 0.25369 204 196 192
-0.320243 0.0408588 0.266135 196 188 182
-0.325913 0.0390365 0.278795 200 192 190
-0.378543 0.00513397 0.294469 206 202 198
-0.347658 0.0187391 0.279104 200 192 186
-0.379161 0.0243559 0.312971 205 200 196
-0.395037 -0.00670259 0.298424 204 200 197
-0.439096 0.0343964 0.250402 196 190 184
-0.333474 0.0246949 0.264575 200 192 189
-0.328569 0.0410042 0.277442 200 193 188
-0.337759 0.0213151 0.27148 202 195 192
-0.340891 0.0173805 0.265928 202 196 192
-0.437446 0.040668 0.255837 184 176 171
-0.376736 0.00560444 0.292238 208 203 200
-0.357951 0.00609055 0.272543 206 202 198
-0.327967 0.0478017 0.285645 200 193 187
-0.396836 0.001746 0.308741 180 173 167
-0.407474 -0.00895145 0.305552 200 193 190
-0.379373 0.0004396 0.291282 207 202 200
-0.399755 -0.00638394 0.304161 203 198 196
-0.342946 0.0340969 0.28601 198 191 188
-0.334196 0.0281502 0.274186 202 194 192
-0.397877 0.000266067 0.312595 208 202 196
-0.390652 0.00562014 0.308225 198 193 189
-0.357623 0.0223581 0.291282 204 200 196
-0.373766 0.0138287 0.299766 205 201 198
-0.343734 0.0227998 0.27685 206 198 190
-0.351742 0.0689202 0.245098 190 186 176
-0.350102 0.0167088 0.274705 202 196 193
-0.353259 0.00783122 0.270658 206 202 198
-0.378669 -0.00275686 0.287275 204 200 195
-0.359609 0.0148703 0.286817 204 200 195
-0.337233 0.0167021 0.260983 195 187 184
-0.334163 0.0823905 0.264047 174 138 100
-0.341667 0.0174168 0.266354 198 192 189
-0.373751 -0.00134161 0.283226 210 206 202
-0.396326 -0.00494612 0.30075 206 202 200
-0.372238 0.0224252 0.306058 204 200 198
-0.388361 0.0152487 0.317537 205 200 196
-0.388064 -0.00303458 0.295339 204 200 198
-0.354329 0.0174568 0.283657 190 183 174
-0.37635 0.0599188 0.252377 154 124 128
-0.394265 -0.00212719 0.302553 209 205 202
-0.311382 0.0660909 0.281397 174 172 168
-0.329546 0.0390841 0.276 198 190 188
-0.376937 0.0766189 0.275315 109 83 62
-0.33025 0.0823534 0.263059 168 131 94
-0.397899 -0.00964128 0.296399 206 201 198
-0.440362 0.0406693 0.255214 190 182 177
-0.375187 0.0788779 0.278043 188 154 118
-0.395108 -0.00294368 0.301762 208 203 200
-0.347448 0.0266088 0.284725 197 192 186
-0.373824 0.0221033 0.308313 204 201 197
-0.333424 0.0337546 0.277196 198 192 187
-0.366279 0.00105825 0.27792 204 200 196
-0.348772 0.0124002 0.270305 206 200 196
-0.367036 0.00232712 0.280273 207 202 200
-0.367786 0.0333218 0.310616 198 194 190
-0.377797 0.00518992 0.293588 200 196 194
-0.337505 0.0271125 0.274029 204 198 194
-0.384824 -0.00427308 0.29109 206 202 200
-0.398709 0.0161088 0.327223 208 200 197
-0.37527 0.000559134 0.286099 204 200 198
-0.336926 0.0367123 0.282767 202 196 192
-0.398859 -0.00550849 0.303455 205 200 198
-0.375857 0.017442 0.316638 206 200 197
-0.385998 0.0517485 0.26118 201 197 192
-0.388693 0.00892039 0.308796 206 201 197
-0.329122 0.0332977 0.271992 198 190 186
-0.334779 0.0329041 0.277864 204 197 194
-0.316133 0.0587039 0.279666 193 185 178
-0.402046 0.01453 0.327551 207 200 194
-0.329386 0.0378806 0.277105 191 183 180
-0.37092 0.00501266 0.286622 207 203 202
-0.319991 0.0579401 0.286572 190 183 178
-0.355296 0.0311287 0.295004 198 194 188
-0.374998 0.0195743 0.303084 206 202 198
-0.347457 0.0114193 0.26681 202 195 192
-0.401536 0.00175327 0.312341 206 202 198
-0.400065 0.00480273 0.309799 207 202 198
-0.433102 0.0420943 0.253397 196 188 182
-0.351316 0.0443438 0.236067 196 188 185
-0.400518 0.0014348 0.310283 210 204 198
-0.404617 -0.00910559 0.303508 207 202 200
-0.375666 0.0111799 0.294515 212 208 203
-0.370422 -0.00282591 0.278971 198 194 188
-0.409087 -0.0116107 0.304483 203 198 196
-0.359239 0.0165492 0.288828 204 200 197
-0.37921 0.0727985 0.278513 124 112 96
-0.331091 0.0274759 0.264248 200 192 188
-0.352617 0.0574203 0.243182 196 187 182
-0.329319 0.0366788 0.274576 200 192 189
-0.360051 0.0232888 0.293704 206 202 197
-0.320758 0.05166 0.276609 195 188 182
-0.330545 0.0421188 0.281386 202 196 192
-0.383949 0.0643345 0.255062 90 30 27
-0.363443 0.00118636 0.275862 209 203 202
-0.380378 0.0749775 0.278794 90 78 90
-0.358979 0.0290909 0.298089 202 197 194
-0.349014 0.0570203 0.241172 185 176 172
-0.391463 -0.00202536 0.303609 193 188 184
-0.332688 0.0401775 0.281304 193 184 180
-0.347848 0.0682564 0.24726 168 161 154
-0.348042 0.057708 0.238657 199 190 184
-0.404625 0.0119559 0.331083 200 192 186
-0.363453 0.00304858 0.277716 200 196 193
-0.362458 0.0285835 0.302314 203 200 196
-0.359585 0.034241 0.229679 203 195 192
-0.371782 0.0774537 0.257996 248 162 98
-0.363948 0.000637306 0.275289 210 204 202
-0.376529 0.00677742 0.295751 200 196 192
-0.379878 0.0713992 0.264872 248 164 78
-0.361377 0.0324034 0.231162 202 194 194
-0.377236 0.00770398 0.297857 193 188 186
-0.386173 0.0597039 0.254678 194 194 187
-0.332785 0.0363047 0.281833 200 194 190
-0.379588 0.0670917 0.254278 140 103 75
-0.349644 0.0118788 0.271393 191 186 182
-0.336733 0.0354171 0.281894 201 195 192
-0.334537 0.039487 0.282141 193 186 180
-0.376921 0.0297409 0.316293 198 193 190
-0.348269 0.0334548 0.2908 200 195 190
-0.358514 0.0292392 0.298833 192 186 180
-0.423828 0.0438217 0.253878 202 196 190
-0.378299 0.0212391 0.311625 190 184 178
-0.360183 0.0103703 0.282273 204 200 198
-0.362898 0.0103945 0.284785 190 185 182
-0.349568 0.0111218 0.270801 194 189 185
-0.377514 -0.0021168 0.288254 202 198 194
-0.360584 0.0165874 0.288375 202 198 197
-0.328326 0.0402646 0.274256 198 192 188
-0.418008 0.0255384 0.274612 200 194 191
-0.370105 0.035159 0.314195 202 197 194
-0.361707 0.00786725 0.28074 205 201 198
-0.381297 0.0654301 0.252808 144 34 63
-0.380819 0.0672353 0.255765 96 39 12
-0.339183 0.035545 0.283251 198 192 189
-0.436865 0.039489 0.262146 195 187 184
-0.390394 0.0184408 0.323321 204 197 194
-0.393628 -0.00243614 0.305586 205 201 200
-0.335707 0.037479 0.282153 200 196 190
-0.34881 0.0588289 0.240299 196 190 182
-0.38792 0.011826 0.313154 202 198 194
-0.367478 6.97316e-05 0.279756 208 204 201
-0.337815 0.0220943 0.268924 202 196 193
-0.380376 0.0199967 0.313938 193 188 180
-0.34735 0.032207 0.289815 203 197 194
-0.315874 0.0551746 0.276158 193 184 180
-0.373099 0.0744368 0.258441 150 72 26
-0.354872 0.0475262 0.234199 200 192 188
-0.383807 0.0198321 0.316378 198 194 186
-0.366869 0.0675983 0.253844 172 162 148
-0.361927 0.0047784 0.278381 206 202 199
-0.359831 0.0166948 0.287557 205 202 200
-0.432907 0.0423277 0.25998 195 187 184
-0.424284 0.0407509 0.225922 199 196 194
-0.340299 0.0378471 0.287567 205 200 194
-0.34761 0.0691084 0.249466 182 180 175
-0.348085 0.0571011 0.240315 193 184 179
-0.348469 0.0564131 0.242551 186 177 172
-0.330893 0.0291272 0.268112 198 192 186
-0.364433 0.0741877 0.234254 170 167 165
-0.401336 0.0087762 0.323274 204 199 195
-0.329133 0.0371864 0.275807 200 193 190
-0.333147 0.0817826 0.262597 173 136 100
-0.377051 0.0218156 0.310189 198 192 186
-0.351604 0.0144097 0.276708 202 199 196
-0.436244 0.0404504 0.260694 196 188 186
-0.347597 0.0569616 0.245212 198 192 185
-0.336851 0.084055 0.261751 181 144 108
-0.37237 0.0201101 0.305469 204 201 198
-0.342468 0.0237982 0.275441 214 208 202
-0.343661 0.0221237 0.27545 196 188 184
-0.349993 0.00892551 0.268795 199 194 188
-0.366335 0.0678953 0.253209 174 163 152
-0.350157 0.0249768 0.285397 204 200 198
-0.367 0.0286424 0.305987 202 198 194
-0.38372 0.00950688 0.306651 202 198 194
-0.330393 0.0469611 0.281941 200 193 188
-0.367017 0.0557149 0.254906 200 193 190
-0.357706 0.00360418 0.272569 208 206 201
-0.348161 0.0667588 0.251087 174 168 158
-0.361007 0.0118288 0.283779 203 200 197
-0.347244 0.0700608 0.249752 176 175 172
-0.394997 0.0029217 0.311961 206 202 198
-0.341467 0.0698103 0.245488 168 160 150
-0.337318 0.0908999 0.254948 182 145 106
-0.396837 -0.00365306 0.308337 204 200 198
-0.353322 0.0421798 0.236142 196 190 186
-0.33978 0.0904632 0.256205 176 140 102
-0.341997 0.0172026 0.267677 202 196 194
-0.385296 0.0597525 0.253066 178 174 168
-0.383983 0.00805799 0.30472 204 200 196
-0.377951 0.0520079 0.260416 201 195 192
-0.336571 0.0865966 0.255116 178 141 104
-0.339815 0.0215369 0.270615 204 198 195
-0.328692 0.0417988 0.2789 191 181 174
-0.347027 0.0179621 0.274537 202 196 193
-0.359382 0.00864502 0.278577 202 199 196
-0.361869 0.0109444 0.285447 200 196 192
-0.342226 0.0222741 0.273943 204 198 196
-0.334744 0.0850532 0.254397 179 142 106
-0.431171 0.0375035 0.254533 197 189 186
-0.373368 0.0760659 0.261271 138 60 34
-0.355576 0.0354392 0.230034 189 180 173
-0.378056 0.0201424 0.313491 202 196 192
-0.348037 0.0581176 0.239013 185 176 170
-0.396312 -0.0111794 0.296551 204 200 196
-0.366654 0.00125347 0.279371 202 199 196
-0.311673 0.0576983 0.284563 186 184 182
-0.425442 0.0334039 0.254882 196 192 194
-0.324649 0.0599635 0.298709 167 170 174
-0.377713 0.0669585 0.254652 59 20 23
-0.37615 0.0778721 0.276597 178 147 114
-0.328415 0.0464696 0.287175 196 191 190
-0.376307 0.0592762 0.251282 183 184 184
-0.37655 0.0691368 0.25232 152 157 156
-0.363312 0.0230058 0.295688 202 198 196
-0.355994 0.0181491 0.285737 204 202 200
-0.362965 0.014616 0.289213 202 196 193
-0.375777 0.0101022 0.298325 197 193 190
-0.368342 0.0127077 0.292582 204 200 197
-0.363203 0.0106955 0.287388 202 200 199
-0.378746 0.0293125 0.318408 200 194 191
-0.373588 0.00917167 0.29449 200 198 198
-0.358699 0.0854006 0.23009 173 135 99
-0.377545 0.0133487 0.302009 198 194 192
-0.374214 0.027135 0.311915 197 190 186
-0.382449 0.0737417 0.280616 189 156 123
-0.37399 0.0314024 0.31532 188 182 177
-0.398347 0.0818501 0.269532 184 150 112
-0.359766 0.0103346 0.281036 200 196 194
-0.380152 0.0583448 0.255488 182 180 178
-0.377861 0.0752915 0.277439 59 46 44
-0.379046 0.105979 0.235258 194 157 114
-0.356469 0.0159892 0.284186 200 196 195
-0.361095 0.0851942 0.225202 168 130 94
-0.372078 0.105866 0.233718 192 153 113
-0.357826 0.016152 0.285528 188 182 174
-0.357226 0.0134169 0.282347 200 196 195
-0.340072 0.0354028 0.285579 201 196 194
-0.353327 0.0905894 0.254883 180 144 107
-0.362095 0.0165688 0.289899 190 184 176
-0.364848 0.0284326 0.301825 204 198 194
-0.363677 0.0121759 0.287553 198 196 194
-0.381871 0.0659566 0.255844 121 54 22
-0.34592 0.0296713 0.285586 202 196 192
-0.370692 0.030452 0.31115 200 196 192
-0.360215 0.0118525 0.283036 199 196 194
-0.362907 0.0201252 0.293509 202 198 194
-0.364471 0.0294912 0.303108 202 197 194
-0.328992 0.0350917 0.273949 199 194 192
-0.339555 0.0286712 0.278232 201 196 195
-0.330604 0.0310042 0.270085 197 192 191
-0.365135 0.0124387 0.288613 202 199 198
-0.360548 0.0283929 0.298683 200 194 188
-0.345878 0.0394527 0.293599 198 191 184
-0.370838 0.102321 0.239564 189 148 108
-0.372299 0.0647785 0.255687 194 158 138
-0.366531 0.104643 0.237556 190 150 110
-0.358872 0.0195482 0.288493 204 201 199
-0.333292 0.0293299 0.272324 192 186 182
-0.382849 0.110161 0.230756 200 162 118
-0.378206 0.10731 0.233874 198 162 120
-0.381508 0.0652541 0.253784 142 34 54
-0.392952 0.116963 0.224526 202 162 117
-0.361623 0.0210176 0.292784 200 193 189
-0.366071 0.105716 0.235106 195 155 115
-0.333905 0.0322674 0.274035 193 186 180
-0.37832 0.109563 0.231406 194 154 113
-0.368459 0.0233322 0.302961 202 198 195
-0.382373 0.0731972 0.281666 198 164 131
-0.372033 0.011668 0.293893 208 204 201
-0.375345 0.0743486 0.261115 120 46 24
-0.394603 0.116095 0.226278 200 162 118
-0.37439 0.107108 0.232806 198 158 118
-0.388891 0.0161254 0.321448 190 182 175
-0.379206 0.0718748 0.264822 234 142 68
-0.370829 0.102054 0.240836 190 152 111
-0.349923 0.0328657 0.290082 204 200 194
-0.38474 0.0640674 0.255905 180 148 114
-0.365886 0.104221 0.236553 192 154 115
-0.360714 0.0277357 0.297729 200 194 188
-0.380558 0.10793 0.235783 189 148 107
-0.367697 0.105346 0.235495 189 149 110
-0.385054 0.0184501 0.315689 195 188 182
-0.370778 0.109177 0.23499 198 160 120
-0.375228 0.00976005 0.297267 208 202 198
-0.370621 0.105769 0.237231 196 158 118
-0.371166 0.109715 0.232065 196 156 116
-0.363298 0.107218 0.234828 191 151 112
-0.33861 0.0842718 0.260807 181 143 105
-0.363644 0.104153 0.23627 196 160 120
-0.36311 0.0310001 0.305727 204 199 195
-0.367348 0.107027 0.235923 194 157 118
-0.365723 0.105097 0.236143 183 143 104
-0.399332 0.118785 0.222675 178 141 100
-0.371678 0.10949 0.233135 196 157 116
-0.38189 0.0647752 0.263449 180 150 112
-0.389994 0.11688 0.224705 192 154 112
-0.383048 0.00600528 0.301703 190 182 178
-0.364616 0.102641 0.238677 198 164 124
-0.392898 0.116801 0.22299 191 152 110
-0.384199 0.0596454 0.253896 174 159 158
-0.381126 0.0595634 0.254399 178 176 169
-0.402238 0.00800495 0.328719 198 190 188
-0.383061 0.0596033 0.253322 178 174 166
-0.372466 0.0777556 0.261991 130 96 72
-0.333936 0.0820519 0.263476 169 131 94
-0.348162 0.0234604 0.281253 194 188 183
-0.379414 0.0765383 0.279018 170 133 97
-0.394139 0.0114954 0.321643 196 190 186
-0.326252 0.04037 0.279324 196 188 184
-0.346384 0.0317249 0.286783 198 192 186
-0.343831 0.03752 0.289228 199 194 189
-0.368115 0.0973521 0.235324 186 148 110
-0.360879 0.0489936 0.23011 196 189 184
-0.382992 0.0532284 0.251696 196 191 186
-0.356319 0.0164144 0.285384 183 176 168
-0.336565 0.084719 0.259929 178 141 104
-0.379415 0.0207695 0.312554 189 182 174
-0.337806 0.0372924 0.282432 194 188 184
-0.329969 0.0426322 0.279746 192 184 180
-0.348977 0.0285339 0.28569 200 194 190
-0.38076 0.0609149 0.250334 142 30 56
-0.364893 0.00276385 0.277904 198 192 188
-0.333937 0.0394714 0.279304 198 190 186
-0.348144 0.0169935 0.276275 195 188 185
-0.374927 0.105968 0.238332 184 145 105
-0.353421 0.0123578 0.278073 198 194 190
-0.378756 0.0622633 0.251369 94 17 32
-0.374625 0.0597889 0.246624 196 190 185
-0.370837 0.0740792 0.254661 184 154 118
-0.384874 0.111099 0.230836 196 156 113
-0.365525 0.032362 0.309263 196 193 188
-0.389714 0.0781992 0.273453 190 160 126
-0.377724 0.114729 0.227122 186 149 108
-0.3699 0.10703 0.233337 190 153 114
-0.368865 0.0278506 0.307849 196 191 187
-0.395205 0.0145312 0.330059 198 192 187
-0.39786 0.0532558 0.217791 200 195 190
-0.372821 0.11053 0.232298 187 148 108
-0.379904 0.113597 0.226547 192 155 114
-0.337715 0.0228347 0.267379 198 192 188
-0.387214 0.0566557 0.21362 200 193 190
-0.361313 0.107107 0.233951 184 146 106
-0.372034 0.0150999 0.286519 182 178 174
-0.384146 0.0164191 0.308773 200 194 190
-0.366987 0.00874863 0.288691 199 196 194
-0.362276 0.106763 0.233697 184 145 106
-0.363406 0.0060348 0.281169 186 180 175
-0.384403 0.00854947 0.299841 198 192 189
-0.388108 0.00335246 0.307475 198 192 188
-0.360468 0.00384773 0.275151 203 198 196
-0.348213 0.0352188 0.290194 194 188 182
-0.368728 0.0715315 0.248718 184 152 116
-0.357399 0.102835 0.236436 184 150 109
-0.35648 0.0200565 0.286605 200 195 192
-0.391072 0.00892697 0.316182 202 196 192
-0.389773 0.0195049 0.317698 184 176 169
-0.3688 0.0802181 0.260453 142 62 22
-0.379209 0.10114 0.241027 154 152 144
-0.3358 0.0400709 0.280255 188 179 172
-0.346631 0.0367986 0.292572 191 183 174
-0.376723 0.101699 0.239794 182 142 104
-0.360402 0.030506 0.299466 202 196 188
-0.383516 0.106266 0.237566 184 146 102
-0.335766 0.0300928 0.268635 188 178 170
-0.348617 0.0193414 0.277842 198 190 182
-0.37908 0.0735371 0.268068 156 68 33
-0.422338 0.090911 0.264415 190 150 107
-0.387213 0.109673 0.233388 188 149 106
-0.342629 0.0739949 0.273419 170 134 98
-0.381054 0.104457 0.23774 194 158 117
-0.334071 0.0253084 0.26722 181 172 164
-0.349589 0.0188275 0.279105 203 197 191
-0.43734 0.00196997 0.343161 199 192 185
-0.382307 0.104818 0.237794 192 156 114
-0.378225 0.0745607 0.268744 158 118 92
-0.42793 0.112885 0.230369 199 162 117
-0.379214 0.0720995 0.264315 220 122 60
-0.376404 0.0855931 0.265152 193 163 128
-0.434746 0.0195555 0.359605 172 140 111
-0.378509 0.0776749 0.277309 170 130 94
-0.337338 0.0476641 0.311986 196 190 182
-0.368778 0.0268928 0.30602 203 197 192
-0.345295 0.039103 0.292937 196 188 180
-0.42177 -0.00678275 0.326242 204 198 194
-0.374009 0.073598 0.261617 120 52 22
-0.454177 0.0544718 0.309474 180 145 106
-0.366197 0.101569 0.239466 189 153 114
-0.331672 0.0400738 0.281496 184 175 166
-0.414063 0.0659849 0.29027 169 138 107
-0.396063 0.108527 0.2342 197 156 113
-0.3364 0.0292372 0.271849 201 192 188
-0.384685 0.110515 0.229888 194 154 112
-0.385398 0.0604907 0.253749 190 189 184
-0.352656 0.0832837 0.262283 176 140 104
-0.381552 0.0653444 0.284823 138 106 78
-0.375111 0.105581 0.23808 184 146 108
-0.415989 0.0938669 0.260604 193 154 114
-0.376335 0.0802193 0.274746 182 149 114
-0.392232 0.0611564 0.275137 124 64 40
-0.359683 0.0251363 0.296577 203 196 191
-0.437628 0.0682728 0.296238 186 150 112
-0.377729 0.081263 0.278557 176 139 99
-0.449271 0.0727569 0.290565 188 148 102
-0.389073 0.108156 0.234418 194 154 112
-0.389032 0.00714046 0.312418 206 200 195
-0.422829 0.0854205 0.269981 192 154 110
-0.367125 0.104181 0.229295 178 143 105
-0.449557 0.0761922 0.28113 193 150 104
-0.374449 0.0612282 0.251772 184 176 168
-0.361809 0.0259975 0.295957 193 186 180
-0.446421 0.00301533 0.36061 182 174 172
-0.383209 0.0185732 0.319527 202 196 190
-0.372015 0.0809675 0.267271 28 36 52
-0.392235 -0.0150222 0.297362 202 198 192
-0.409211 0.0701547 0.290455 197 168 132
-0.3864 0.107441 0.235253 185 145 100
-0.38579 0.0622337 0.277504 176 143 108
-0.382302 0.109979 0.230572 192 155 113
-0.361657 0.0755956 0.263978 178 144 110
-0.385895 0.0584234 0.252762 183 178 170
-0.350818 0.0302917 0.290635 202 194 190
-0.34183 0.0733126 0.273148 168 133 96
-0.387847 0.0726638 0.280985 189 154 119
-0.433033 0.0676559 0.273747 190 155 117
-0.450632 0.0763399 0.280846 192 148 102
-0.349423 0.0153959 0.273839 200 192 184
-0.338559 0.0251364 0.275143 207 198 194
-0.391816 -0.00279217 0.299876 196 190 182
-0.383412 0.0666171 0.280544 124 95 70
-0.388431 0.112947 0.232155 191 150 108
-0.431266 0.0689127 0.276535 190 158 120
-0.382888 0.0740933 0.280692 186 154 118
-0.382587 0.0963168 0.248949 191 154 113
-0.448801 0.0805859 0.275531 194 152 103
-0.355557 0.0287352 0.292296 206 199 194
-0.32928 0.0415082 0.275255 200 192 184
-0.383086 0.0622601 0.280323 174 142 108
-0.373654 0.0765687 0.26462 128 102 80
-0.38792 0.107003 0.236197 198 161 120
-0.385025 0.0683177 0.289074 179 146 114
-0.387462 0.0974607 0.248425 186 145 104
-0.365848 0.0277508 0.303273 202 194 186
-0.449839 0.0475976 0.321207 179 146 111
-0.393568 0.00144096 0.307409 204 201 196
-0.38267 0.102534 0.24099 244 250 252
-0.412143 0.0877943 0.263282 197 158 118
-0.345787 0.0373406 0.287324 202 194 185
-0.446121 0.0843906 0.270475 200 159 110
-0.363555 0.0296244 0.303104 198 194 190
-0.418397 -0.0103989 0.328469 196 189 182
-0.447355 0.0164626 0.363901 144 125 107
-0.327464 0.0456769 0.285506 194 186 179
-0.361058 0.0726174 0.27038 173 143 108
-0.434826 0.0253565 0.350566 173 142 107
-0.390199 0.0507646 0.274958 198 192 187
-0.334348 0.0345274 0.274015 188 178 168
-0.382726 0.109376 0.234436 180 139 98
-0.328209 0.0478207 0.285536 196 188 181
-0.380549 0.0729849 0.266853 204 100 52
-0.364837 0.0770862 0.263757 136 111 87
-0.332897 0.0300705 0.270372 197 189 182
-0.375405 0.104172 0.23612 192 154 116
-0.366213 0.0651414 0.255178 179 176 172
-0.349353 0.0832458 0.260551 170 133 97
-0.346709 0.0104411 0.269064 206 198 194
-0.344105 0.0413371 0.296943 198 190 180
-0.375399 0.0168471 0.30394 200 194 188
-0.353315 0.0829742 0.26298 176 142 105
-0.400276 0.058782 0.302012 182 148 114
-0.361204 0.0861981 0.262355 185 152 114
-0.38878 0.0887032 0.262828 195 161 124
-0.415149 0.0608044 0.271749 187 153 117
-0.365875 0.10423 0.237509 178 144 106
-0.3603 0.0780923 0.262116 184 150 114
-0.459552 -0.0185653 0.349601 188 183 179
-0.391912 0.101895 0.242604 192 155 114
-0.421451 0.0795617 0.276732 194 161 118
-0.392667 0.108192 0.234919 194 154 112
-0.367016 0.110772 0.241319 186 152 114
-0.386203 0.0799489 0.269051 188 154 118
-0.409743 0.0495865 0.312763 181 148 113
-0.359233 0.010385 0.279649 206 198 194
-0.360604 0.104179 0.232606 189 154 113
-0.407235 0.0456087 0.315401 181 147 112
-0.361242 0.0828566 0.262942 192 160 124
-0.367611 0.107757 0.235392 186 150 112
-0.372447 0.0231713 0.311542 206 198 191
-0.348501 0.0223997 0.280053 198 190 184
-0.444755 0.0509669 0.30511 180 151 116
-0.363328 0.109956 0.233655 182 146 108
-0.346454 0.0381225 0.293094 192 184 175
-0.378635 0.0703998 0.254951 118 52 24
-0.397495 0.0875333 0.263671 188 150 113
-0.346295 0.063505 0.286234 172 140 106
-0.447552 0.0792209 0.275276 194 152 103
-0.391764 0.0746227 0.291007 187 152 114
-0.461511 0.0485041 0.325454 180 147 108
-0.437356 0.0175986 0.357347 182 176 171
-0.448542 0.0685949 0.292991 190 150 108
-0.361191 0.0638759 0.255795 189 185 180
-0.384568 0.106774 0.236613 178 137 94
-0.390366 0.0912147 0.257566 194 160 122
-0.384192 0.109327 0.232834 187 148 105
-0.449817 0.0423443 0.325076 174 142 109
-0.353959 0.0862733 0.261529 185 151 114
-0.450845 0.0767468 0.277269 195 150 103
-0.379604 0.112332 0.228557 186 154 116
-0.448875 0.0787661 0.27888 191 148 100
-0.330453 0.0390016 0.276957 196 188 181
-0.409126 0.0432049 0.314859 186 152 118
-0.44748 0.0489854 0.311955 180 150 114
-0.386605 0.0956656 0.252429 184 144 103
-0.39563 0.100306 0.245497 198 160 120
-0.322491 0.0517377 0.281576 194 186 178
-0.353538 0.0264638 0.289036 204 198 193
-0.335527 0.0732964 0.276194 171 135 98
-0.309321 -0.0318879 0.390343 207 201 196
-0.373601 0.106514 0.235544 182 146 108
-0.409017 0.0634844 0.29735 186 156 118
-0.33266 0.0305145 0.272389 192 183 175
-0.356543 0.0749827 0.271592 180 146 111
-0.350166 0.0270162 0.286956 204 197 192
-0.380779 0.110866 0.230213 190 156 118
-0.371108 0.0283151 0.343597 200 194 190
-0.358189 0.082326 0.264022 182 148 112
-0.381589 0.0690374 0.263897 176 144 111
-0.43147 0.00421039 0.336429 189 181 174
-0.377635 0.0594367 0.250613 190 160 163
-0.320527 0.0630432 0.27882 180 174 168
-0.448667 -0.00179665 0.349472 192 186 182
-0.37407 0.0662439 0.253129 210 154 108
-0.369936 0.0801153 0.260372 149 67 25
-0.367707 0.0843127 0.262637 23 27 40
-0.40075 0.0171587 0.339237 202 194 190
-0.428063 0.113631 0.230414 200 161 116
-0.46923 0.00931273 0.359526 166 166 162
-0.428586 0.113895 0.227436 194 152 108
-0.427714 0.114735 0.229193 199 158 114
-0.383449 0.108025 0.234393 182 143 102
-0.332311 0.041996 0.282067 182 173 165
-0.375572 0.00625961 0.302468 191 183 176
-0.375507 0.0654502 0.253274 150 90 53
-0.376621 0.0646987 0.253259 66 96 118
-0.387762 0.02171 0.327156 194 186 178
-0.405468 -0.00412906 0.310959 200 194 191
-0.38267 0.0901706 0.228256 80 59 52
-0.374581 0.0799049 0.273181 191 158 124
-0.346921 0.022307 0.280147 198 192 182
-0.376019 0.0633054 0.250808 191 184 180
-0.376606 0.0616038 0.251486 201 200 190
-0.43174 0.011242 0.350738 186 179 171
-0.454106 0.0571406 0.291886 182 146 106
-0.41403 0.0615344 0.301669 190 156 119
-0.346846 0.0191334 0.278812 202 194 186
-0.44333 0.00546979 0.3333 198 190 184
-0.387681 0.106153 0.237484 198 162 120
-0.425055 0.112182 0.22966 200 162 119
-0.38378 0.0641858 0.256002 94 48 34
-0.416487 -0.0201322 0.312263 202 198 194
-0.431192 0.0200018 0.350625 186 178 170
-0.333935 0.0435412 0.278149 192 184 176
-0.366751 0.0835055 0.266596 22 26 40
-0.380233 0.064184 0.251134 124 42 60
-0.421242 0.087253 0.266597 196 157 111
-0.346987 0.0225142 0.280139 201 193 186
-0.368682 0.0832081 0.267309 22 30 47
-0.346148 0.0335852 0.298738 204 197 192
-0.440169 0.102412 0.239788 207 168 122
-0.381131 0.072515 0.272109 190 98 44
-0.37197 0.0157191 0.325838 196 188 181
-0.418293 0.012107 0.33382 190 183 174
-0.42725 0.112424 0.229138 206 169 124
-0.421582 0.0920218 0.263506 196 154 109
-0.417627 0.0736958 0.283441 187 153 116
-0.344571 0.0369044 0.292449 199 190 183
-0.330632 0.0487391 0.289952 190 182 172
-0.381331 0.0689131 0.29075 180 146 112
-0.448042 -0.0149828 0.333789 182 176 170
-0.372695 0.0785351 0.256684 216 105 43
-0.381202 0.0890938 0.235386 89 66 56
-0.383518 0.0917045 0.23306 85 66 58
-0.332663 0.0392036 0.279548 187 178 171
-0.383693 0.0629084 0.253319 156 66 88
-0.382224 0.0919409 0.230801 70 50 42
-0.369585 0.0420081 0.323298 185 185 180
-0.421542 0.0894525 0.267547 190 149 104
-0.415719 0.0618205 0.302432 182 153 118
-0.380785 0.0623545 0.253119 139 40 60
-0.448844 0.0736811 0.277022 195 154 107
-0.413708 0.0667088 0.293318 166 138 106
-0.417025 -0.00466114 0.318185 195 188 182
-0.394267 0.000582977 0.305635 206 201 198
-0.376406 0.0131738 0.330489 194 188 180
-0.309174 0.0416496 0.28887 196 188 179
-0.448882 0.075089 0.276715 192 148 100
-0.381502 0.0569075 0.289158 176 148 111
-0.383494 0.0926148 0.23281 78 58 50
-0.34601 0.0216707 0.278586 216 208 202
-0.443183 0.0521356 0.301816 184 152 118
-0.382716 0.0613139 0.252755 188 192 186
-0.426755 0.0690708 0.275864 11 6 6
-0.465241 0.00997068 0.352109 164 162 157
-0.381149 0.0855321 0.264007 188 154 116
-0.42166 0.0701744 0.286222 110 61 54
-0.46793 0.0188406 0.362218 156 158 155
-0.337546 0.0666325 0.282546 173 140 102
-0.379829 0.0900919 0.230365 78 54 46
-0.370345 0.0675558 0.249895 172 164 154
-0.347505 0.0210565 0.274872 200 194 187
-0.359803 0.00464661 0.288961 199 190 183
-0.397273 0.0949696 0.253564 196 163 124
-0.423771 0.0911863 0.258891 192 152 106
-0.380774 0.0655725 0.251757 107 18 34
-0.38641 0.104022 0.240409 196 154 112
-0.427052 0.105441 0.24248 206 172 126
-0.343575 0.0390147 0.290757 201 194 187
-0.377453 0.0698355 0.252358 34 80 120
-0.380547 0.0604469 0.250235 144 36 64
-0.417188 -0.0132403 0.314176 200 194 191
-0.393244 0.0776558 0.285584 184 146 106
-0.441448 0.0909985 0.255003 207 171 126
-0.383196 0.0911376 0.233382 84 64 58
-0.325931 0.064325 0.298995 170 138 102
-0.389546 0.00452901 0.308523 204 199 195
-0.330403 0.0707587 0.278543 178 142 106
-0.380671 0.0670043 0.255445 124 68 34
-0.375687 0.0821933 0.269326 190 160 126
-0.40732 0.0162803 0.321395 204 198 192
-0.380793 0.0899893 0.225916 193 160 120
-0.396488 -0.0119809 0.295713 204 200 196
-0.35516 0.0774317 0.274287 183 148 114
-0.399565 0.0766338 0.277962 190 155 114
-0.394447 0.0719387 0.28783 185 156 118
-0.434553 -0.00810145 0.322688 190 182 178
-0.430703 0.061737 0.266085 61 64 67
-0.423491 0.112413 0.230161 200 164 120
-0.386011 0.0912037 0.235286 187 150 108
-0.381014 0.062112 0.252962 144 66 82
-0.344329 0.0294306 0.286451 206 198 192
-0.426115 0.109919 0.239799 202 164 120
-0.385037 0.0904825 0.230694 82 62 54
-0.395714 0.090429 0.259078 195 160 122
-0.427845 0.11206 0.22921 207 170 125
-0.385233 0.0903571 0.233727 76 52 37
-0.432871 0.103896 0.238856 210 172 128
-0.381927 0.0680906 0.287962 186 156 120
-0.393594 0.115839 0.225681 193 152 108
-0.447842 0.0699879 0.288998 186 144 100
-0.320304 0.0582544 0.27866 192 184 176
-0.431109 0.115788 0.227256 190 150 107
-0.354522 0.0666168 0.274395 184 154 118
-0.400903 0.0968151 0.252285 194 156 114
-0.338256 0.0256974 0.272255 208 200 193
-0.388324 0.0219373 0.319445 202 196 192
-0.464179 0.0336213 0.337206 151 140 128
-0.432395 -0.00723656 0.321456 188 180 174
-0.442704 0.0614676 0.2924 191 159 121
-0.415462 0.0091836 0.333346 204 197 190
-0.356322 0.0770473 0.275232 174 140 106
-0.420355 0.0818156 0.276403 193 157 116
-0.431546 0.0153791 0.351966 190 180 172
-0.441336 0.0876059 0.262891 202 164 120
-0.432977 -0.00227257 0.334449 193 185 182
-0.362163 0.0767766 0.266014 160 128 98
-0.432979 0.103288 0.240668 212 176 131
-0.416986 -0.0142317 0.300164 201 195 190
-0.359213 0.0813104 0.268682 180 144 110
-0.347174 0.0176845 0.278073 200 192 184
-0.433614 0.0402168 0.316814 174 142 108
-0.443494 0.0707681 0.279105 192 154 114
-0.383526 0.112032 0.231365 190 150 108
-0.478609 0.0388162 0.385894 186 152 109
-0.414975 0.0639233 0.297492 157 128 94
-0.427083 0.103994 0.237102 204 166 122
-0.433502 0.0720207 0.282941 186 153 113
-0.422605 0.0840798 0.268749 190 150 106
-0.378234 0.0897985 0.229211 190 156 117
-0.36906 0.083134 0.265429 23 31 47
-0.447628 0.0716609 0.280618 184 140 95
-0.428222 0.0775948 0.278351 174 144 107
-0.378918 0.065379 0.253269 92 20 30
-0.456745 0.0532945 0.295094 180 148 110
-0.391468 0.0857683 0.26556 194 158 120
-0.405888 -0.0056292 0.311882 198 192 188
-0.388729 0.0070897 0.318889 190 184 176
-0.389031 0.0271124 0.330948 202 195 190
-0.427093 0.0903255 0.263052 193 152 106
-0.342227 0.0378469 0.26853 202 194 188
-0.406939 0.115268 0.22753 200 157 112
-0.384544 0.0660543 0.292086 124 96 72
-0.375549 0.0688874 0.252213 227 176 128
-0.379863 0.0910723 0.233383 74 54 46
-0.437529 0.108011 0.231403 198 158 116
-0.360478 0.0766958 0.267835 173 140 108
-0.329792 0.0514344 0.290987 188 180 170
-0.342929 0.0731348 0.28612 177 143 107
-0.402812 0.108928 0.235659 212 178 138
-0.456577 0.0150013 0.355524 168 168 166
-0.378914 0.0662441 0.251228 70 36 11
-0.359079 0.0167502 0.284782 193 186 177
-0.459478 0.0124877 0.356279 172 174 171
-0.333801 0.0477165 0.282833 182 174 165
-0.333461 0.0476192 0.282009 190 182 173
-0.392845 0.116133 0.224519 193 152 108
-0.451082 -0.024657 0.32633 194 190 186
-0.435445 0.112669 0.224612 198 160 118
-0.450274 0.0785986 0.271483 200 158 110
-0.406149 0.0141382 0.404192 174 143 108
-0.427754 0.107597 0.236336 204 167 122
-0.439773 0.0342963 0.323778 177 144 111
-0.400832 0.0726676 0.28393 200 170 134
-0.414311 0.116021 0.225263 196 159 116
-0.412167 0.118895 0.220221 206 170 124
-0.467608 0.0181519 0.3591 158 160 156
-0.420344 0.117616 0.223363 203 164 120
-0.332407 0.0704095 0.292806 171 134 98
-0.379388 0.0785496 0.288788 194 160 126
-0.398121 0.106815 0.236249 204 164 122
-0.350393 0.0296897 0.272464 206 198 192
-0.432147 0.100277 0.250585 210 174 130
-0.429821 0.112158 0.226463 202 162 119
-0.416669 -0.0138168 0.313662 202 197 194
-0.451194 0.00955862 0.360545 167 165 160
-0.356787 0.0859419 0.262038 184 150 112
-0.337933 0.0273393 0.266713 201 192 184
-0.381368 0.0970022 0.247119 192 158 116
-0.377079 0.0617115 0.253046 112 39 52
-0.396171 0.10737 0.236271 202 162 119
-0.44694 0.0833813 0.279515 200 162 114
-0.369284 0.0204754 0.310449 202 196 192
-0.386703 0.0923243 0.262813 193 159 122
-0.430434 -0.00688727 0.3205 194 188 182
-0.335778 0.04198 0.285088 200 193 185
-0.427254 0.114547 0.228509 206 166 122
-0.366638 0.103014 0.239984 182 148 108
-0.42409 0.0530189 0.222739 200 194 190
-0.435971 0.0882689 0.260573 196 162 118
-0.361838 -0.00169734 0.28873 207 200 198
-0.364836 0.0172079 0.309327 200 196 192
-0.453047 0.0467485 0.316565 174 142 106
-0.378066 0.062401 0.252025 100 34 46
-0.361476 0.0147071 0.288315 194 186 178
-0.442914 0.0915994 0.253907 206 168 122
-0.466307 0.0276267 0.345449 163 165 163
-0.40054 0.0096549 0.331211 201 194 188
-0.329767 0.0302762 0.2715 196 188 180
-0.363103 0.0836786 0.256902 188 156 118
-0.429612 0.115555 0.223783 190 151 108
-0.380814 -0.00485833 0.288805 209 206 202
-0.379954 0.107611 0.233935 184 146 108
-0.421616 0.00869965 0.328282 198 191 184
-0.416355 0.116148 0.225777 200 164 121
-0.455991 0.0510696 0.300813 176 144 106
-0.448901 0.0700992 0.282743 186 145 100
-0.414919 0.113757 0.228078 198 157 113
-0.405741 -0.00761865 0.308439 202 196 192
-0.407913 0.105999 0.241169 214 180 138
-0.332508 0.0344162 0.274711 196 187 180
-0.37731 0.0740103 0.263309 66 75 86
-0.372303 0.0834094 0.267594 32 32 36
-0.364219 0.0107132 0.288314 206 202 198
-0.442956 0.0703266 0.287894 190 153 112
-0.38079 0.108678 0.233163 184 146 107
-0.421998 0.113576 0.228224 196 160 116
-0.376138 0.0679174 0.255566 120 64 41
-0.313883 0.0367375 0.284952 196 188 180
-0.410007 -0.0094653 0.314315 203 198 195
-0.401444 0.0138722 0.402641 182 154 120
-0.381771 0.0876536 0.266411 184 145 102
-0.390597 0.0932102 0.264378 192 155 116
-0.359796 0.0191001 0.290109 206 200 194
-0.335381 0.0345595 0.271979 188 179 170
-0.432437 0.0788177 0.278725 183 146 107
-0.362421 0.00710928 0.279736 208 201 196
-0.398112 0.046626 0.319598 180 148 114
-0.450823 0.0693976 0.277938 189 150 104
-0.443009 0.0948085 0.255305 208 174 128
-0.383547 0.0898557 0.23076 82 59 50
-0.468266 0.011746 0.348404 160 158 154
-0.475243 0.0176619 0.370389 160 162 160
-0.398622 0.0956828 0.252306 191 156 117
-0.442747 0.085657 0.262176 197 160 114
-0.335355 0.0212218 0.280494 206 198 193
-0.349375 0.031734 0.276904 204 197 192
-0.457985 0.0571272 0.305135 186 150 107
-0.420675 0.102406 0.24691 206 166 123
-0.430895 0.110778 0.235304 206 169 126
-0.415824 0.118777 0.216638 198 159 114
-0.427773 0.103507 0.239352 202 164 120
-0.426694 0.117771 0.219902 202 166 122
-0.42765 0.101669 0.237902 201 163 120
-0.352348 0.0311636 0.291732 204 196 192
-0.422431 0.109418 0.233866 206 166 122
-0.33963 0.0651829 0.286003 172 138 104
-0.41626 0.0568625 0.289452 184 150 113
-0.44406 0.0722014 0.280792 184 144 102
-0.323581 0.0403945 0.282872 188 180 170
-0.444815 0.0750715 0.283049 188 148 106
-0.384674 -0.0139662 0.291684 207 202 198
-0.452858 -0.0138812 0.337845 193 188 184
-0.380438 0.056728 0.250706 202 196 191
-0.321226 0.0447615 0.276225 198 190 181
-0.398375 0.0449337 0.330115 174 142 108
-0.336389 0.0267494 0.267151 193 184 176
-0.427299 0.113745 0.227398 206 169 124
-0.384466 0.0598955 0.252907 173 148 150
-0.379318 0.0736635 0.27761 48 44 44
-0.386466 0.104293 0.239772 190 150 108
-0.379422 0.0663091 0.253775 100 28 28
-0.362384 0.0153265 0.288428 190 182 176
-0.377169 0.0605344 0.251768 116 52 60
-0.381967 0.0624553 0.252742 124 37 56
-0.332394 0.0416471 0.281443 186 178 170
-0.427402 0.115066 0.228215 194 154 111
-0.407289 0.0212076 0.349065 194 186 180
-0.375289 0.0779068 0.2648 126 102 78
-0.388821 0.071448 0.28419 166 144 120
-0.374395 0.081395 0.273064 184 153 120
-0.373162 0.038999 0.321514 190 187 182
-0.381669 0.0602725 0.253497 190 186 180
-0.384285 0.108594 0.23417 177 136 94
-0.361048 0.0192982 0.291239 202 194 188
-0.333345 0.0322212 0.274211 184 176 168
-0.42617 0.112237 0.22946 210 175 133
-0.365039 0.0278383 0.303372 202 196 190
-0.376362 0.0799143 0.276519 184 151 117
-0.385062 0.109782 0.232189 187 149 106
-0.427849 0.115721 0.225956 194 154 112
-0.366535 0.00173553 0.281277 204 198 194
-0.338633 0.0212496 0.259745 182 174 168
-0.371736 0.0801399 0.262721 21 32 48
-0.33801 0.0875477 0.25805 183 148 111
-0.456109 0.0493592 0.310639 175 142 106
-0.358627 0.0810776 0.259858 174 138 102
-0.409889 0.105552 0.239108 214 181 140
-0.332598 0.0231042 0.265347 198 190 186
-0.353442 0.0796706 0.270375 176 140 104
-0.383556 0.113209 0.228258 188 150 110
-0.355218 0.00538184 0.260596 204 196 194
-0.38234 0.0173483 0.314567 204 200 196
-0.395041 0.107945 0.232329 194 154 114
-0.332807 0.0273312 0.268596 188 180 172
-0.405565 0.0958587 0.253944 194 156 116
-0.39784 0.0620503 0.281251 180 146 112
-0.371796 0.082884 0.265279 21 32 50
-0.43856 0.0371562 0.256297 192 185 182
-0.336927 0.0275738 0.261454 195 186 182
-0.382769 0.0969912 0.241086 186 150 112
-0.347977 0.0909034 0.253635 187 154 116
-0.449109 0.0740823 0.275022 192 155 111
-0.347066 0.0871763 0.260406 178 142 106
-0.344365 0.0179237 0.257317 202 194 190
-0.350205 0.0338653 0.294548 204 197 190
-0.335405 0.0197755 0.268011 200 192 187
-0.384497 0.0639695 0.257515 178 146 116
-0.36219 0.0679025 0.260498 174 142 108
-0.388047 0.108696 0.235505 190 152 109
-0.380277 0.0581944 0.251025 164 92 110
-0.370662 0.0787927 0.266313 89 72 67
-0.359845 0.0665009 0.244923 178 172 162
-0.420674 0.094148 0.256637 210 171 126
-0.377034 0.0641291 0.252759 66 106 138
-0.367318 0.083033 0.262778 28 36 50
-0.352392 0.0858571 0.260883 178 143 106
-0.373125 0.081643 0.270484 184 152 116
-0.379324 0.0804093 0.278485 184 148 107
-0.331421 0.0400177 0.285647 201 193 188
-0.352556 0.0855626 0.262594 179 144 107
-0.332913 0.0442444 0.285799 202 194 188
-0.375144 0.0775944 0.278303 184 152 116
-0.358036 0.0815626 0.267571 183 148 112
-0.379343 0.104509 0.236981 185 148 108
-0.358702 0.0821962 0.26245 180 145 108
-0.322403 0.0519875 0.27846 198 190 184
-0.355094 0.030648 0.295696 202 196 192
-0.337763 0.0846499 0.262124 172 137 100
-0.318345 0.0556158 0.280984 196 188 182
-0.360129 0.0791324 0.261417 184 148 113
-0.332277 0.0788375 0.270612 176 140 104
-0.35855 0.0688884 0.241398 188 182 176
-0.352689 0.0896351 0.256897 186 152 113
-0.425681 0.106865 0.23993 198 156 112
-0.407785 0.102953 0.243947 211 178 138
-0.401407 0.110026 0.232472 208 178 138
-0.346532 0.0846473 0.261374 174 138 101
-0.343576 0.0845969 0.261929 174 138 101
-0.371437 0.0782307 0.257603 230 136 60
-0.349914 0.0822175 0.260868 174 138 102
-0.330159 0.0770028 0.270046 176 141 104
-0.346055 0.0860254 0.260268 185 150 113
-0.347825 0.0781712 0.27106 182 146 110
-0.333013 0.0836867 0.260638 177 142 106
-0.354062 0.0259782 0.284951 204 198 194
-0.352888 0.0820006 0.263445 174 138 102
-0.342361 0.090579 0.256758 181 146 106
-0.33019 0.0395276 0.281629 198 190 182
-0.382582 0.0911853 0.23124 89 68 60
-0.371974 0.0810291 0.269741 64 57 55
-0.381848 0.0644992 0.252036 168 60 94
-0.351544 0.0458714 0.237475 198 191 185
-0.373325 0.0793555 0.272292 190 157 122
-0.37696 0.0632588 0.252765 104 106 112
-0.388224 0.105203 0.237959 197 162 120
-0.372669 0.0806427 0.269482 188 156 126
-0.332832 0.0403804 0.281259 190 181 174
-0.40096 0.109292 0.23618 212 182 140
-0.333414 0.0255905 0.265792 200 192 188
-0.33318 0.0420448 0.284107 199 194 188
-0.349181 0.0554306 0.244162 184 174 168
-0.377567 0.0621561 0.251087 188 166 166
-0.380692 0.10339 0.240236 229 238 239
-0.415293 0.107331 0.239052 200 162 119
-0.389944 0.108392 0.234765 194 156 112
-0.339277 0.0788448 0.255566 176 140 104
-0.416287 0.107021 0.23906 202 168 124
-0.33407 0.0356419 0.277841 202 194 189
-0.391276 0.0869283 0.263848 195 158 118
-0.408226 0.102711 0.250086 209 176 134
-0.388668 0.106359 0.236696 196 162 119
-0.403887 0.108326 0.237501 212 180 138
-0.343829 0.0827875 0.26167 176 140 104
-0.379315 0.0713495 0.26347 139 72 32
-0.388363 0.103338 0.245506 198 158 114
-0.34729 0.0810594 0.266757 176 140 104
-0.333378 0.0428701 0.284127 200 194 188
-0.425592 0.108067 0.239175 199 160 117
-0.387393 0.104329 0.239413 190 152 107
-0.363049 0.0656868 0.25397 180 178 177
-0.389693 0.0932137 0.256498 192 158 118
-0.371617 0.0817732 0.265679 22 34 50
-0.429972 0.104677 0.243177 206 168 126
-0.344508 0.0828879 0.262259 178 141 105
-0.397323 0.106224 0.23624 196 156 112
-0.354087 0.0437379 0.236387 200 191 187
-0.391953 0.102403 0.244025 192 154 112
-0.342382 0.0721902 0.248957 172 168 164
-0.374274 0.0800771 0.275778 192 158 124
-0.376187 0.0608319 0.250418 195 188 184
-0.389715 0.017571 0.321764 204 196 191
-0.370011 0.0132721 0.29322 204 202 198
-0.344266 0.082663 0.247222 180 144 108
-0.352899 0.0893708 0.249507 184 151 112
-0.368816 0.0298236 0.308335 202 199 195
-0.352584 0.0867104 0.258376 182 148 110
-0.360295 0.077668 0.263294 187 152 116
-0.356186 0.0334157 0.298049 203 197 194
-0.364837 0.0405249 0.242199 200 192 188
-0.406482 0.111222 0.231807 198 160 117
-0.324108 0.0572631 0.294265 184 184 186
-0.376374 0.0765628 0.275638 108 78 58
-0.380369 0.103168 0.239086 204 187 170
-0.380219 0.0952473 0.233718 62 36 24
-0.378939 0.0608288 0.25262 130 44 56
-0.377874 0.0605188 0.25139 140 40 62
-0.382674 0.108986 0.232041 188 146 105
-0.38549 0.104976 0.238722 193 153 110
-0.384509 0.0993771 0.247814 192 154 113
-0.386571 0.0729573 0.281152 188 153 118
-0.363613 0.0167616 0.290563 204 200 199
-0.333439 0.0338205 0.277715 202 196 194
-0.373774 0.0271086 0.311811 201 194 192
-0.363893 0.0140118 0.288523 197 192 190
-0.34305 0.0416904 0.293544 200 194 192
-0.354029 0.0952069 0.249455 190 154 114
-0.356619 0.0306373 0.296764 194 188 182
-0.382948 0.0352856 0.329118 192 190 189
-0.349763 0.0341746 0.293874 204 198 196
-0.357594 0.0207434 0.289155 204 200 199
-0.344371 0.0404084 0.292915 202 196 192
-0.363651 0.0227489 0.297049 198 194 192
-0.364131 0.0282434 0.303 204 198 193
-0.327038 0.0515314 0.286658 195 190 188
-0.339732 0.0258992 0.276498 203 199 198
-0.358279 0.0170448 0.286797 205 202 202
-0.343596 0.0263708 0.280022 204 198 198
-0.364328 0.0150568 0.289768 204 198 198
-0.372746 0.0706264 0.249277 176 144 108
-0.393638 0.0913748 0.256848 196 162 124
-0.399168 0.0711269 0.286407 184 147 113
-0.37326 0.0819747 0.269283 186 153 122
-0.310724 0.0497093 0.331054 187 185 184
-0.374191 0.0816619 0.269704 188 154 120
-0.350105 0.0325812 0.291859 203 197 195
-0.358012 0.0222447 0.287907 204 200 197
-0.368259 0.0133592 0.293313 204 200 197
-0.349196 0.0335786 0.292459 190 184 178
-0.399638 0.0841683 0.266843 190 152 116
-0.307692 0.0555604 0.325478 176 176 176
-0.345503 0.0414972 0.294308 199 192 188
-0.313438 0.0476495 0.328907 197 192 186
-0.33852 0.0434819 0.290261 200 194 192
-0.395851 0.104965 0.239481 198 160 114
-0.37435 0.0635536 0.254103 90 99 105
-0.392147 0.0669587 0.282958 208 186 146
-0.392916 0.070892 0.286451 222 236 246
-0.351001 0.0841974 0.262414 185 148 111
-0.384974 0.101923 0.242063 200 182 164
-0.391332 0.0710266 0.285419 214 228 243
-0.378283 0.104941 0.236212 191 150 110
-0.386692 0.0609231 0.277387 184 150 118
-0.395324 0.0613113 0.281392 180 147 116
-0.386241 0.109111 0.231908 200 160 117
-0.375794 0.0785381 0.268518 188 157 124
-0.372988 0.0643761 0.25449 179 180 185
-0.391368 0.111844 0.230448 200 160 118
-0.39696 0.054978 0.284228 185 154 119
-0.392558 0.0842818 0.265847 197 162 125
-0.372439 0.0271182 0.312625 206 200 198
-0.367777 0.103724 0.232465 194 154 116
-0.366675 0.0651639 0.21704 189 181 174
-0.38968 0.100698 0.24564 200 160 119
-0.376318 0.073787 0.263335 37 64 84
-0.338029 0.0279925 0.271565 204 200 198
-0.389841 0.0875356 0.261819 193 156 116
-0.390378 0.110354 0.232243 199 158 116
-0.373615 0.106609 0.235502 192 151 112
-0.390218 0.100024 0.247687 198 160 118
-0.388013 0.103376 0.240815 196 154 108
-0.366799 0.104608 0.237186 186 146 108
-0.373673 0.0371133 0.321424 190 184 178
-0.381904 0.0885796 0.258262 189 148 106
-0.397092 0.0390974 0.32993 174 144 108
-0.371959 0.0221916 0.307828 204 199 196
-0.395119 0.064753 0.287185 188 156 123
-0.383314 0.112201 0.229028 198 160 117
-0.369528 0.104416 0.23708 187 146 107
-0.399075 0.069518 0.287667 194 161 128
-0.345405 0.0381742 0.290655 206 200 194
-0.381572 0.0773268 0.278709 186 148 114
-0.378205 0.0253593 0.314088 204 198 194
-0.356407 0.0296439 0.296754 204 200 196
-0.377607 0.112604 0.228819 202 168 126
-0.392378 0.121978 0.226349 208 170 126
-0.40519 0.0537079 0.215879 206 201 198
-0.394556 0.113301 0.22887 203 166 123
-0.371356 0.0174429 0.300239 202 197 194
-0.38439 0.0602255 0.252896 176 148 152
-0.367891 0.0643267 0.255956 179 176 173
-0.37738 0.0598109 0.251557 116 49 65
-0.390023 0.118022 0.221924 188 150 108
-0.385866 0.060628 0.258176 184 184 184
-0.381514 0.0976076 0.235876 120 94 66
-0.331052 0.0421634 0.281024 205 198 194
-0.359376 0.031706 0.301124 203 196 193
-0.372525 0.103981 0.238195 188 146 108
-0.385015 0.0620629 0.256361 179 157 148
-0.389626 0.0647763 0.279441 146 116 94
-0.375208 0.10507 0.236437 194 154 114
-0.3853 0.0584838 0.255437 196 192 188
-0.369263 0.105011 0.236466 190 150 112
-0.386234 0.0617811 0.278747 178 145 113
-0.362611 0.0754973 0.224774 178 174 170
-0.358331 0.0846132 0.261893 190 155 116
-0.343315 0.0233431 0.276285 200 194 188
-0.363661 0.0697138 0.222721 197 189 184
-0.383442 0.0580877 0.255824 188 182 178
-0.379815 0.107691 0.235299 192 156 118
-0.369627 0.070487 0.226785 180 172 163
-0.370028 0.0742283 0.227946 174 160 146
-0.371743 0.105987 0.236615 200 162 122
-0.388754 0.0550619 0.278079 186 155 123
-0.362564 0.0769036 0.226408 171 136 100
-0.363404 0.0733211 0.22376 188 184 178
-0.371679 0.0667963 0.225333 183 174 167
-0.380392 0.0595022 0.254869 185 187 178
-0.371765 0.108234 0.232078 195 155 116
-0.361824 0.109108 0.232716 194 154 112
-0.393215 0.0460518 0.304432 180 148 115
-0.352108 0.085096 0.261214 182 144 107
-0.381202 0.11356 0.227221 194 154 113
-0.389938 0.0807889 0.271219 195 160 126
-0.357575 0.0842823 0.264377 194 160 120
-0.364673 0.0659552 0.249943 184 181 178
-0.363919 0.0220231 0.298308 204 200 196
-0.390989 0.116738 0.224091 192 152 110
-0.365409 0.108933 0.233054 192 156 116
-0.385184 0.114348 0.226826 186 148 106
-0.397228 0.11509 0.226436 184 146 108
-0.384006 0.01867 0.320368 204 198 194
-0.365992 0.100244 0.234235 190 154 113
-0.360545 0.103481 0.231842 195 154 112
-0.382219 0.0988177 0.236229 135 116 82
-0.369422 0.0637789 0.253723 174 170 166
-0.373405 0.0668256 0.251874 186 152 118
-0.369653 0.0625977 0.252579 192 188 179
-0.37165 0.0810381 0.2626 24 34 52
-0.375898 0.0586688 0.25203 196 190 186
-0.38699 0.10514 0.238242 200 164 120
-0.383151 0.092715 0.231879 76 56 47
-0.371252 0.061866 0.252038 184 178 172
-0.367292 0.0824486 0.265327 22 28 44
-0.37323 0.0642045 0.217559 190 181 172
-0.402602 0.0693174 0.290119 184 151 115
-0.341438 0.0745285 0.273518 172 134 98
-0.381312 0.0655177 0.25728 128 58 28
-0.375245 0.0695636 0.250806 136 86 43
-0.365359 0.101015 0.237278 184 146 106
-0.385551 0.107755 0.233894 190 150 108
-0.375866 0.0612608 0.25152 184 175 170
-0.383744 0.0639596 0.254694 124 37 48
-0.39021 0.0249951 0.331598 194 188 183
-0.344856 0.0305208 0.283712 200 194 190
-0.38626 0.0653399 0.283826 123 96 74
-0.373531 0.0752357 0.226287 172 138 102
-0.380798 0.0657957 0.254979 98 34 24
-0.380861 0.0896883 0.271125 189 150 110
-0.333684 0.0335443 0.273061 192 184 179
-0.374733 0.0623903 0.216978 183 174 168
-0.367615 0.0594143 0.25356 189 182 174
-0.398246 0.0562724 0.288763 178 148 114
-0.372498 0.0672604 0.25257 186 152 118
-0.380141 0.0594473 0.253717 122 30 50
-0.372911 0.0764875 0.221559 170 136 99
-0.381535 0.0774562 0.281832 182 148 116
-0.377711 0.110604 0.230117 192 154 116
-0.399094 0.0458317 0.224763 201 197 194
-0.367413 0.106919 0.232278 188 151 112
-0.363164 0.00802065 0.283954 188 184 180
-0.365151 0.0680795 0.219029 195 186 180
-0.408263 0.0454483 0.317569 172 138 102
-0.368161 0.00581596 0.28782 200 195 193
-0.351313 0.0817907 0.264295 174 137 100
-0.371168 0.106184 0.23669 193 154 116
-0.377093 0.109709 0.23145 187 148 110
-0.379947 0.0677693 0.255179 124 70 38
-0.415931 0.0333613 0.277207 204 196 189
-0.410675 0.0221228 0.354321 186 182 180
-0.369115 0.0611603 0.254615 184 178 171
-0.349983 0.0635137 0.240985 194 188 182
-0.37025 0.0955341 0.232961 192 156 116
-0.399957 0.0536963 0.307198 178 146 110
-0.399788 0.00821624 0.330207 199 192 188
-0.378906 0.0980604 0.237623 118 90 64
-0.365359 0.10542 0.232895 183 146 106
-0.401665 0.011041 0.331697 197 189 182
-0.370641 0.0666208 0.254365 182 152 122
-0.345878 0.0354532 0.29015 194 188 181
-0.364389 0.0663492 0.247471 188 186 182
-0.36938 0.0604405 0.251383 187 180 172
-0.363143 0.107853 0.232619 179 140 100
-0.385009 0.0604567 0.251924 162 137 138
-0.384899 0.101841 0.242282 204 186 168
-0.334264 0.0429212 0.273833 189 180 170
-0.38283 0.0623745 0.252922 148 99 106
-0.3819 0.0975401 0.23577 118 92 54
-0.377007 0.0750052 0.275013 120 88 66
-0.347468 0.0312431 0.287634 194 184 176
-0.3827 0.0654965 0.253899 101 26 24
-0.389835 0.059079 0.276825 132 76 51
-0.390219 0.0715282 0.282628 214 211 212
-0.381197 0.0668382 0.255139 134 72 44
-0.371526 0.101967 0.242175 158 123 88
-0.371638 0.0803929 0.26266 24 32 50
-0.374506 0.0777032 0.273743 177 149 116
-0.42321 0.0582975 0.273592 110 91 75
-0.37369 0.0686066 0.25159 164 116 78
-0.386754 0.0621584 0.25889 178 148 112
-0.37621 0.0734196 0.261094 26 27 32
-0.381079 0.0973159 0.234821 114 86 60
-0.364867 0.0251954 0.306283 193 186 176
-0.384374 0.0607902 0.253325 124 41 63
-0.396208 0.0929411 0.254915 190 152 110
-0.392387 0.0683961 0.282983 74 60 47
-0.35727 0.0207275 0.288185 204 197 191
-0.374936 0.106139 0.23649 176 138 100
-0.385731 0.0982247 0.247639 184 144 102
-0.398773 0.0987445 0.247017 196 158 116
-0.372969 0.0802788 0.268083 188 154 118
-0.385593 0.0629276 0.254273 145 92 90
-0.36477 0.100652 0.239268 174 141 102
-0.390253 0.0607174 0.276968 122 62 38
-0.381816 0.0901755 0.231037 70 50 42
-0.391119 0.106141 0.23925 202 166 124
-0.365733 0.0995002 0.245085 180 147 108
-0.342394 0.0243353 0.280676 201 193 186
-0.346108 0.035043 0.289723 190 181 171
-0.334185 0.0368494 0.280618 192 184 177
-0.334045 0.0325628 0.26439 196 186 178
-0.364827 0.105168 0.237672 172 138 98
-0.344278 0.0327372 0.285268 200 191 184
-0.333586 0.0355283 0.269853 194 186 176
-0.384776 0.0631241 0.255858 159 90 94
-0.379725 0.0608325 0.24992 124 58 72
-0.385502 0.075966 0.27809 184 148 110
-0.396035 0.103904 0.238348 201 165 121
-0.330964 0.0496707 0.28881 175 166 156
-0.377906 0.0828023 0.271453 187 155 120
-0.399455 0.0923803 0.257053 200 163 120
-0.390863 0.0922008 0.259907 192 158 121
-0.381907 0.0685572 0.261008 117 116 118
-0.382598 0.110973 0.23057 186 151 110
-0.378649 0.0995431 0.239526 106 77 48
-0.386744 0.101349 0.24358 194 154 112
-0.368339 0.105628 0.236046 178 140 102
-0.383826 0.064201 0.26009 174 144 109
-0.392062 0.0887365 0.258751 194 160 122
-0.352218 0.0824394 0.261404 166 132 94
-0.366503 0.07542 0.260432 156 128 96
-0.379026 0.106512 0.234452 188 154 113
-0.336595 0.0122037 0.265841 202 194 189
-0.357738 0.0855984 0.263027 180 148 110
-0.348912 0.0849171 0.26196 180 147 109
-0.386704 0.0934972 0.254001 184 148 106
-0.330497 0.0376414 0.277306 196 187 178
-0.364059 0.1029 0.234743 183 151 111
-0.345251 0.0810884 0.269113 168 133 96
-0.362411 0.0832082 0.264036 184 152 114
-0.399888 0.0862865 0.264051 192 152 108
-0.386644 0.0964858 0.24962 178 138 95
-0.377847 0.11395 0.224749 184 150 110
-0.403937 0.106611 0.239019 202 168 124
-0.396861 0.108185 0.233456 195 154 109
-0.339292 0.0231285 0.266512 198 189 184
-0.401531 0.0887414 0.263879 196 158 114
-0.334189 0.0348044 0.276948 196 188 180
-0.345772 0.0337024 0.28905 196 188 178
-0.335714 0.0341978 0.269117 192 182 173
-0.39691 0.0987188 0.248213 191 154 112
-0.350723 0.0930345 0.249675 182 149 110
-0.3734 0.0779376 0.273047 182 152 122
-0.380471 0.112068 0.228686 184 150 112
-0.371464 0.10625 0.235239 183 148 108
-0.382646 0.0679662 0.261367 184 146 105
-0.395335 0.0358029 0.332092 177 165 152
-0.395629 0.0568342 0.281102 180 150 116
-0.378582 0.0723357 0.257289 184 128 84
-0.388133 0.0297109 0.329683 192 186 180
-0.332742 0.0463413 0.282453 190 181 171
-0.370775 0.077711 0.256929 230 140 49
-0.332899 0.0447934 0.28292 175 166 156
-0.36789 0.084807 0.262781 30 24 30
-0.383628 0.105543 0.237332 182 144 100
-0.392692 0.0654963 0.282021 177 147 101
-0.344598 0.0355886 0.288601 190 182 172
-0.370206 0.102512 0.24172 172 136 96
-0.347771 0.0220618 0.277944 209 201 192
-0.389088 0.100818 0.243617 186 147 104
-0.331054 0.0390879 0.280395 190 181 172
-0.375488 0.0672139 0.255682 128 68 36
-0.336907 0.0243135 0.271277 192 183 176
-0.367792 0.02665 0.305318 206 198 192
-0.384595 0.0709431 0.283149 183 150 112
-0.351694 0.0836205 0.258323 164 129 92
-0.380329 0.0780663 0.279942 177 142 106
-0.328021 0.0427755 0.276248 183 174 163
-0.361302 0.0299748 0.299449 188 180 171
-0.326633 0.0435217 0.27907 194 186 176
-0.377155 0.0735403 0.262165 21 44 62
-0.347013 0.0241144 0.279458 202 194 188
-0.328976 0.0486581 0.289891 186 178 168
-0.354274 0.0941428 0.248623 180 148 109
-0.381576 0.0742099 0.27765 137 118 114
-0.385248 0.103 0.241775 190 152 109
-0.376188 0.0316632 0.316566 202 197 192
-0.389134 0.072449 0.286757 180 144 106
-0.379001 0.065651 0.253113 92 25 24
-0.381006 0.074227 0.276725 82 106 152
-0.381841 0.104091 0.239829 194 176 154
-0.33306 0.03386 0.274124 190 182 174
-0.375912 0.0624127 0.252327 184 180 172
-0.373746 0.0802779 0.270316 188 158 122
-0.394714 0.105585 0.238056 194 155 112
-0.345515 0.0837814 0.263146 162 128 90
-0.361749 0.106842 0.237071 172 138 98
-0.389053 0.0999607 0.245133 190 152 110
-0.329201 0.0439439 0.276973 197 189 180
-0.337643 0.0390494 0.287565 200 192 184
-0.372787 0.0748379 0.256986 152 78 23
-0.394228 0.0834155 0.267313 193 157 118
-0.37148 0.0811644 0.265768 22 31 47
-0.377748 0.102208 0.239411 178 142 101
-0.373218 0.076978 0.266441 120 95 71
-0.379909 0.0759117 0.276928 160 124 88
-0.367863 0.0253831 0.305284 187 179 172
-0.386292 0.0984726 0.24787 184 146 104
-0.338559 0.0358761 0.281547 199 191 184
-0.35586 0.0211624 0.290341 206 199 194
-0.375642 0.0270163 0.311843 198 192 186
-0.322848 0.0539735 0.285131 190 182 174
-0.330829 0.0674865 0.284027 166 132 96
-0.339392 0.023195 0.270997 200 190 184
-0.42053 0.0437318 0.213297 210 205 201
-0.36537 0.0315731 0.304347 204 198 192
-0.35778 0.0854395 0.258862 179 146 108
-0.335366 0.0327633 0.289669 200 192 186
-0.35943 0.0220473 0.280355 206 199 194
-0.380042 0.113332 0.22743 184 150 110
-0.351448 0.00330763 0.268243 208 200 197
-0.371645 0.0744961 0.257028 166 112 59
-0.37772 0.0590451 0.251076 186 168 166
-0.378447 0.0640859 0.25159 103 74 70
-0.375212 0.0795966 0.271543 194 160 123
-0.382576 0.104666 0.23927 185 148 105
-0.373402 0.0818734 0.268548 92 73 65
-0.387963 0.0632241 0.276515 184 153 120
-0.377303 0.0606325 0.251627 124 63 74
-0.379647 0.0925901 0.232792 63 43 33
-0.383089 0.0662245 0.261548 181 151 116
-0.378648 0.0103297 0.295336 193 186 179
-0.347668 0.024214 0.281185 199 191 184
-0.379342 0.0972467 0.236218 112 86 58
-0.376962 -0.0055122 0.283849 214 208 204
-0.383972 0.0667682 0.289189 132 105 82
-0.378685 0.102378 0.239481 208 194 176
-0.382266 0.0820185 0.272646 182 143 102
-0.351304 0.0836027 0.262767 172 138 100
-0.391191 0.00343094 0.304877 202 198 192
-0.381054 0.0777096 0.28119 185 152 116
-0.374579 0.0642991 0.253737 126 98 78
-0.366676 0.0125381 0.295344 206 202 197
-0.381377 0.0910377 0.230999 72 52 42
-0.352895 0.0184642 0.28098 196 189 182
-0.369929 0.0794007 0.259148 163 78 32
-0.388878 0.0655687 0.282166 128 98 71
-0.388583 0.102496 0.240978 192 152 108
-0.368927 0.0129466 0.291224 195 187 180
-0.379812 0.00421884 0.297301 212 207 204
-0.381652 0.0976336 0.235758 113 86 54
-0.3837 0.0821534 0.285305 196 162 124
-0.370618 0.109501 0.241343 186 152 112
-0.386694 0.0602905 0.253972 194 191 186
-0.36431 0.0268355 0.300572 208 202 198
-0.360289 0.019265 0.290279 206 201 196
-0.36626 0.102306 0.24058 186 150 109
-0.376538 0.0587489 0.24985 198 192 187
-0.337017 0.0145782 0.260192 203 194 189
-0.350485 0.0129767 0.274104 206 198 196
-0.377807 0.00518146 0.293342 207 202 195
-0.354929 0.0859576 0.26244 178 145 107
-0.346956 0.0261623 0.283121 201 194 185
-0.384728 0.0612116 0.27459 186 155 122
-0.375 0.0112465 0.297278 207 203 198
-0.385378 0.0991041 0.244388 188 150 106
-0.348851 0.0178962 0.27631 200 192 185
-0.379096 0.10471 0.236826 180 144 103
-0.39165 0.0068228 0.307091 207 200 194
-0.349186 0.0321432 0.293247 204 198 192
-0.332848 0.072545 0.267741 169 135 98
-0.388267 0.103321 0.240988 189 149 106
-0.378983 0.105594 0.23667 190 156 116
-0.397145 0.0927049 0.25617 194 158 117
-0.399686 0.109585 0.234121 208 176 135
-0.387773 0.106101 0.237472 198 162 119
-0.346029 0.023437 0.269681 204 196 192
-0.387568 -0.00643701 0.29396 214 210 205
-0.37995 0.0856959 0.265973 184 150 110
-0.34382 0.0221866 0.275271 198 189 180
-0.381796 0.0720007 0.279431 184 152 116
-0.346239 0.0153189 0.274169 202 196 190
-0.35948 0.0175023 0.290901 208 202 197
-0.386432 0.0876918 0.26134 184 147 106
-0.374423 -0.0048163 0.28059 212 208 204
-0.350468 0.0828623 0.264588 170 136 99
-0.394883 0.106192 0.238579 197 157 114
-0.378602 0.0655464 0.252949 87 18 28
-0.379539 0.0787567 0.278619 170 132 93
-0.381272 0.101799 0.240243 43 37 30
-0.380195 0.071241 0.264843 249 160 79
-0.387139 0.103796 0.23886 188 148 102
-0.382425 0.0680572 0.261074 180 141 100
-0.383124 0.0649149 0.255012 111 43 30
-0.392458 0.0931275 0.254607 190 154 112
-0.127993 -0.0910418 0.603426 202 197 192
-0.386709 0.075518 0.288935 198 164 126
-0.383174 0.0980928 0.244013 184 144 102
-0.389955 0.056059 0.277691 186 154 122
-0.369363 0.0804917 0.262779 139 80 37
-0.387405 0.077041 0.288829 194 160 120
-0.382289 0.0932231 0.255547 188 153 111
-0.407768 0.114323 0.230163 194 159 114
-0.389001 0.0582561 0.27606 158 120 92
-0.381804 0.101468 0.241176 80 74 74
-0.412576 0.0936369 0.254719 198 158 114
-0.393065 0.0936926 0.254155 185 144 102
-0.387413 0.0647609 0.280763 146 112 84
-0.420501 0.094043 0.255003 211 177 132
-0.414144 0.0978353 0.249412 206 168 125
-0.373526 0.083313 0.268833 180 148 109
-0.363639 0.0877997 0.259057 191 160 120
-0.386645 0.0963412 0.25077 182 142 98
-0.392513 0.0941208 0.2524 182 142 100
-0.349109 0.0846561 0.260948 181 146 109
-0.35345 0.0816399 0.262413 171 135 98
-0.389074 0.106322 0.236944 194 160 116
-0.410626 0.112923 0.227413 194 154 110
-0.388237 0.092701 0.254494 192 156 116
-0.395715 0.0964858 0.248491 200 164 122
-0.372378 0.0751072 0.256189 167 104 49
-0.389849 0.0565213 0.278022 158 117 88
-0.38105 0.0773937 0.280089 184 147 112
-0.35003 0.0173347 0.277446 204 198 194
-0.364702 0.0142346 0.288768 190 184 178
-0.376067 0.0123353 0.300333 202 195 191
-0.379127 0.077655 0.279107 173 134 96
-0.381401 0.0702209 0.265783 208 154 94
-0.373142 0.0827913 0.267151 32 34 42
-0.372654 0.0798949 0.265399 53 54 56
-0.388266 0.101089 0.244305 196 156 112
-0.366859 0.0133191 0.290292 192 186 179
-0.377309 0.0633816 0.252534 120 126 128
-0.382185 0.00680225 0.303858 208 204 200
-0.36278 0.01762 0.289484 192 186 179
-0.358125 0.0150373 0.283063 205 201 197
-0.360496 0.0810361 0.264256 181 145 109
-0.373876 0.0259105 0.309065 208 202 197
-0.354364 0.0240217 0.287507 205 201 197
-0.385748 0.0952404 0.250934 189 151 109
-0.347277 0.00880661 0.267969 208 203 198
-0.36454 0.082624 0.244621 172 137 100
-0.361163 0.0216714 0.291164 202 198 194
-0.350021 0.0833407 0.263265 174 139 102
-0.36491 0.0134088 0.289891 192 186 180
-0.380716 0.018285 0.309212 207 201 199
-0.384584 0.0973388 0.247321 184 142 100
-0.365203 0.0786849 0.249114 184 150 114
-0.390338 0.0980625 0.247483 198 162 120
-0.387553 0.0965902 0.250508 186 146 104
-0.392265 0.0579094 0.277543 146 84 58
-0.384745 0.0731924 0.280843 188 154 117
-0.381174 0.0694892 0.278943 187 154 116
-0.332338 0.140018 0.316613 198 166 128
-0.33742 0.0631911 0.280588 161 147 134
-0.392221 0.0804495 0.269283 182 142 102
-0.34428 0.0432692 0.297239 198 192 186
-0.343519 0.0395084 0.294904 195 190 186
-0.390346 0.0740446 0.28154 180 145 108
-0.389849 0.0944329 0.253079 190 152 110
-0.393201 0.0548312 0.279259 176 146 112
-0.389722 0.0926971 0.25499 196 162 124
-0.341879 0.0258853 0.278042 202 197 194
-0.389544 0.0575283 0.275879 159 122 90
-0.389401 0.0609935 0.285929 95 43 20
-0.377605 0.0656621 0.256522 77 28 30
-0.386324 0.10341 0.240414 188 148 102
-0.373513 0.105311 0.234236 190 151 112
-0.323567 0.0706216 0.296039 172 138 102
-0.39013 0.0964059 0.25194 192 152 111
-0.319775 0.0644654 0.296084 166 140 110
-0.380351 0.108157 0.234097 178 138 100
-0.385796 0.0997433 0.245987 196 158 114
-0.385544 0.104353 0.239218 188 148 102
-0.382033 0.0725794 0.279998 184 150 115
-0.382985 0.0700156 0.282291 188 155 120
-0.363235 0.0282731 0.299536 200 194 188
-0.333793 0.0536314 0.292545 182 178 172
-0.394363 0.053708 0.27983 177 144 110
-0.345554 0.0462456 0.297645 194 188 181
-0.358139 0.0268514 0.294079 203 198 194
-0.37645 0.103322 0.236373 189 150 110
-0.401899 0.0697087 0.28721 182 146 110
-0.396561 0.0744455 0.279399 190 158 120
-0.34629 0.0450016 0.298386 190 182 176
-0.328701 0.0602973 0.29287 172 172 172
-0.374325 0.0822474 0.269292 186 151 118
-0.349617 0.0423366 0.298808 200 194 189
-0.380448 0.0582669 0.253876 173 156 156
-0.378713 0.0621994 0.251979 99 24 39
-0.376151 0.0593375 0.250705 198 194 189
-0.377445 0.0617184 0.251812 132 76 87
-0.376244 0.0607245 0.250873 176 168 163
-0.379422 0.079862 0.277252 184 148 109
-0.383168 0.106388 0.236524 190 150 107
-0.392002 0.0814082 0.257842 192 155 116
-0.376272 0.0613638 0.250788 194 190 185
-0.39404 0.0571936 0.280087 142 90 61
-0.380794 0.058028 0.250779 160 105 117
-0.373311 0.0677827 0.24449 174 165 152
-0.384984 0.0591551 0.252229 202 198 192
-0.391519 0.0691814 0.284072 56 56 58
-0.348816 0.0233648 0.282474 204 200 196
-0.375424 0.0788233 0.220396 173 138 102
-0.400033 0.0599506 0.280806 184 150 116
-0.382609 0.0686645 0.263887 184 150 114
-0.376113 0.013922 0.300656 201 194 192
-0.36523 0.0745328 0.220459 179 175 170
-0.380368 0.0940548 0.236464 60 38 28
-0.385499 0.0730764 0.280001 194 160 124
-0.390499 0.0578288 0.276763 141 84 58
-0.372062 0.0647919 0.253483 179 180 182
-0.376771 0.0534291 0.235448 204 198 192
-0.404639 0.114032 0.223174 206 168 124
-0.3732 0.0642823 0.240881 194 188 180
-0.374253 0.0640541 0.24195 182 176 170
-0.408055 0.114155 0.22791 190 148 105
-0.395591 0.0570207 0.27975 186 152 120
-0.362353 0.0632649 0.258677 184 184 182
-0.382916 0.061662 0.252706 181 188 186
-0.41121 0.0726856 0.290008 200 167 130
-0.36923 0.0265141 0.300707 205 199 194
-0.389966 0.0971354 0.249191 194 157 118
-0.382292 0.111991 0.229417 196 159 118
-0.40862 0.119262 0.222108 184 141 100
-0.398843 0.108099 0.234254 198 156 111
-0.396482 0.106787 0.233016 202 160 116
-0.360726 0.0939481 0.228321 188 156 117
-0.402889 0.112601 0.229786 194 154 110
-0.361634 0.0296092 0.298588 188 182 174
-0.378172 0.0658304 0.253961 74 21 24
-0.380677 0.063132 0.251963 142 37 59
-0.379247 0.073971 0.277738 74 70 72
-0.373237 0.0235287 0.307998 192 186 178
-0.378552 0.0696219 0.255053 191 134 92
-0.378627 0.068049 0.254467 44 26 22
-0.350238 0.142887 0.275279 186 151 112
-0.347031 0.0333664 0.288087 198 190 183
-0.394313 0.0282229 0.338646 202 196 190
-0.377985 0.0739537 0.262955 52 91 110
-0.378913 0.0721172 0.257972 160 100 65
-0.362789 0.0274564 0.298999 208 202 198
-0.384411 0.0612852 0.278022 182 150 116
-0.427261 0.0660577 0.276935 24 18 14
-0.380098 0.0589811 0.251148 172 60 93
-0.383533 0.0761108 0.278001 190 154 120
-0.361162 0.0724064 0.2272 184 178 172
-0.361927 0.102579 0.238419 184 150 110
-0.395056 0.0621987 0.282646 184 150 116
-0.369199 0.0236375 0.301973 203 197 192
-0.372507 0.102426 0.242065 178 138 100
-0.340193 0.0378829 0.284862 188 180 172
-0.379591 0.0782332 0.278115 172 134 96
-0.373928 0.064498 0.25439 187 162 144
-0.391065 0.118442 0.222115 192 158 118
-0.414582 0.0698744 0.293965 194 160 120
-0.371793 0.0789638 0.2649 78 66 60
-0.386581 0.103177 0.240826 190 152 105
-0.376715 0.0795267 0.218237 169 133 96
-0.361146 0.0879488 0.262673 194 162 124
-0.373569 0.0670649 0.251216 181 148 111
-0.413028 0.0702293 0.293865 193 160 122
-0.402538 0.117122 0.22375 168 130 89
-0.420294 0.0598604 0.276718 185 148 110
-0.377143 0.111622 0.228672 180 142 104
-0.389237 0.0347374 0.334176 188 186 181
-0.393136 0.115866 0.225458 183 144 102
-0.382347 0.113657 0.228561 188 147 106
-0.421804 0.0601471 0.274425 69 50 32
-0.384693 0.0594656 0.254792 192 186 183
-0.382446 0.113542 0.230193 189 150 108
-0.419227 0.0599092 0.278028 184 147 110
-0.390458 0.0772983 0.292378 190 153 112
-0.388739 0.0658483 0.284276 125 98 73
-0.376412 0.105482 0.235894 190 150 110
-0.384476 0.0897712 0.272331 200 166 128
-0.374421 0.108265 0.233702 192 154 115
-0.396339 0.116123 0.224768 190 157 115
-0.393009 0.0934074 0.246337 192 155 118
-0.363178 0.0645606 0.254261 184 182 178
-0.389296 0.114802 0.226004 188 152 111
-0.390252 0.118422 0.223535 180 141 99
-0.374337 0.108889 0.23152 191 154 114
-0.358658 0.0782228 0.261914 184 149 112
-0.366482 0.10388 0.230182 191 157 116
-0.391528 0.0997136 0.245346 194 156 114
-0.369245 0.0665249 0.228238 196 187 181
-0.372226 0.0689947 0.247492 174 142 104
-0.418298 0.0592844 0.27805 186 151 114
-0.36291 0.0279376 0.296937 206 198 192
-0.376367 0.108179 0.233622 190 152 113
-0.377591 0.0697792 0.253298 81 88 100
-0.390374 0.0614986 0.278149 106 46 20
-0.382482 0.0663651 0.256932 223 133 67
-0.386881 0.0570268 0.278832 182 153 122
-0.379773 0.10692 0.238299 192 156 115
-0.369282 0.10509 0.239533 178 139 101
-0.381499 0.104044 0.239718 191 176 159
-0.380521 0.00633742 0.29669 202 197 194
-0.371153 0.0756177 0.227636 170 138 100
-0.407619 0.113789 0.227264 195 159 112
-0.367906 0.0223357 0.299936 202 196 194
-0.380127 0.0951665 0.236086 51 30 17
-0.366516 0.106704 0.235377 174 138 98
-0.376193 0.0179805 0.305239 199 193 188
-0.358341 0.102434 0.237256 182 147 108
-0.364193 0.101848 0.237028 180 146 106
-0.366218 0.0685804 0.251632 171 142 108
-0.359007 0.0208786 0.289236 202 196 192
-0.373936 0.0697423 0.251055 182 144 105
-0.370642 0.10876 0.233513 186 147 108
-0.383699 0.0647899 0.266167 179 148 116
-0.389009 0.110046 0.232138 189 147 105
-0.3688 0.105835 0.236466 176 137 99
-0.353115 0.0269817 0.284474 200 195 190
-0.358454 0.100891 0.233353 180 144 104
-0.367612 0.106252 0.236448 172 135 96
-0.397118 0.0888608 0.261784 196 161 124
-0.35141 0.0347548 0.296293 194 188 183
-0.380539 0.113555 0.227471 187 149 108
-0.367657 0.0672975 0.250121 174 167 162
-0.345067 0.0261325 0.279354 202 196 190
-0.38241 0.115129 0.226147 184 145 102
-0.358857 0.0253527 0.293175 200 195 190
-0.387511 0.127767 0.234516 188 150 108
-0.359086 0.10288 0.238731 178 143 104
-0.387446 0.11201 0.2294 190 150 107
-0.385392 0.129682 0.23556 191 153 112
-0.383037 0.116026 0.224255 199 166 126
-0.341512 0.0323789 0.279646 198 191 186
-0.376839 0.108845 0.230957 184 147 108
-0.378633 0.107964 0.22623 186 149 110
-0.382382 0.0827 0.278651 183 145 110
-0.350258 0.0077767 0.267405 197 190 183
-0.363726 0.0014927 0.274859 202 195 187
-0.367119 -0.00908337 0.261586 188 180 171
-0.378478 0.0646115 0.245618 190 184 180
-0.378112 0.0662655 0.254193 60 22 16
-0.349657 0.00791346 0.269151 191 184 177
-0.349384 0.00537493 0.271146 210 202 198
-0.364795 -0.0131311 0.267393 200 192 184
-0.356324 0.0110909 0.26041 196 190 184
-0.37877 -0.00539884 0.282315 202 197 193
-0.34977 0.00274269 0.272411 196 189 181
-0.361186 0.00254363 0.27878 206 200 195
-0.378422 0.10386 0.240709 166 140 116
-0.330366 0.0363988 0.281443 184 176 166
-0.394113 -0.0229012 0.281917 198 192 185
-0.333591 0.0417836 0.282586 196 186 178
-0.382099 0.0995549 0.236402 151 138 106
-0.36169 0.000123144 0.276439 208 200 193
-0.349352 0.0103578 0.268351 198 192 184
-0.348157 0.00122838 0.272641 208 200 194
-0.38288 0.0903276 0.23543 75 54 43
-0.35893 0.0823217 0.270001 183 150 111
-0.367799 -0.00774217 0.261499 206 198 192
-0.367787 -0.012505 0.265836 190 182 174
-0.348876 0.00117106 0.264671 200 192 188
-0.386754 0.119489 0.222277 182 142 102
-0.382056 0.0990568 0.234578 101 73 46
-0.352051 0.00370023 0.270965 204 197 190
-0.377513 -0.00439551 0.28944 207 199 196
-0.333452 0.0244257 0.269184 163 153 144
-0.365199 -0.0133183 0.266304 184 175 166
-0.348858 0.00299848 0.265584 202 195 190
-0.38212 0.104606 0.238455 186 150 106
-0.381074 0.0780867 0.272669 168 130 90
-0.361934 5.3387e-05 0.274284 209 201 198
-0.33097 0.0437003 0.283952 189 180 170
-0.374243 0.00211616 0.274738 198 190 184
-0.368649 -0.0026574 0.283893 210 204 198
-0.354062 -0.00207032 0.25333 204 196 190
-0.391251 0.120449 0.219148 196 160 119
-0.362679 0.00206885 0.278815 203 196 188
-0.381976 0.093848 0.230231 49 30 16
-0.436634 0.043571 0.206564 202 194 188
-0.379902 -0.0130818 0.276296 202 198 194
-0.383024 0.0648767 0.253356 102 20 33
-0.341024 0.00490376 0.271471 212 203 196
-0.381476 0.061999 0.247499 142 30 58
-0.373907 0.0662112 0.249002 176 174 168
-0.378404 0.0914989 0.231503 70 50 40
-0.380106 0.0959302 0.234743 52 32 18
-0.380303 -0.0172013 0.271371 199 192 186
-0.36974 -0.0109087 0.264218 188 180 172
-0.389015 0.118485 0.222414 187 148 108
-0.363404 0.0105071 0.261741 196 188 181
-0.351088 -0.00258001 0.255401 206 198 194
-0.367505 0.0132951 0.29152 202 196 192
-0.382267 0.0841895 0.276471 186 149 107
-0.441045 0.0408635 0.21154 189 182 178
-0.363959 0.0014129 0.27817 196 189 182
-0.342761 0.00932669 0.255774 196 188 185
-0.332906 0.05296 0.294131 183 176 167
-0.36208 -0.0141857 0.268249 215 208 200
-0.386623 0.00311941 0.311579 204 200 196
-0.383331 0.09182 0.268616 194 160 118
-0.353447 -0.00357776 0.256508 206 198 193
-0.369397 0.0658059 0.256079 175 166 152
-0.441543 0.0404861 0.21261 201 193 190
-0.350888 0.00553076 0.265161 193 186 180
-0.375183 0.0975414 0.238554 109 80 53
-0.360721 0.0247998 0.295684 201 194 186
-0.333012 0.0423349 0.27911 196 187 178
-0.349261 0.0214634 0.28174 206 199 194
-0.346177 0.00519495 0.271399 203 196 190
-0.380432 0.0962603 0.250061 187 153 114
-0.36062 0.0210332 0.291848 201 195 190
-0.362055 -0.00245579 0.275374 208 200 197
-0.36252 0.100961 0.241348 174 140 101
-0.358138 0.0117248 0.26177 213 206 200
-0.363121 0.0805379 0.229888 168 133 95
-0.364551 -0.00544997 0.270387 200 192 187
-0.383272 -0.0177933 0.270763 196 190 183
-0.378061 0.0615147 0.250559 112 44 52
-0.409123 0.119401 0.227263 191 148 104
-0.373513 -0.0040957 0.283527 201 194 191
-0.367713 0.102695 0.239867 180 144 107
-0.360244 0.000489843 0.285465 193 186 178
-0.39209 0.119031 0.218697 195 158 118
-0.385035 0.0916555 0.234742 64 36 18
-0.387095 0.0881007 0.259907 187 152 112
-0.442347 0.0407542 0.212368 200 192 190
-0.391012 0.0701043 0.282404 216 220 222
-0.390405 -0.00871509 0.267414 208 202 198
-0.390295 0.111705 0.227943 186 146 104
-0.390325 0.118435 0.221233 195 160 121
-0.361153 0.0723504 0.270578 178 148 110
-0.368982 -0.00271981 0.285152 204 200 194
-0.332397 0.0347284 0.276938 180 170 162
-0.351557 0.00267673 0.26082 204 197 192
-0.368559 0.00157915 0.263227 209 201 198
-0.364117 0.00129395 0.272706 205 198 193
-0.365606 0.0938379 0.24173 184 150 110
-0.373147 0.0880025 0.258176 176 141 99
-0.397609 -0.0116253 0.299659 212 206 203
-0.36805 0.0991867 0.243806 152 119 81
-0.328737 0.0514207 0.288942 191 183 174
-0.379525 -0.0171148 0.273021 200 193 186
-0.351408 0.00227735 0.268877 206 198 196
-0.381967 0.120763 0.22348 181 142 101
-0.367569 0.0991297 0.241202 176 143 102
-0.356535 0.00526957 0.27141 211 204 199
-0.372418 -0.00407186 0.277921 210 205 201
-0.387611 0.0820167 0.270961 184 150 112
-0.347421 0.00793741 0.267028 208 202 194
-0.377957 -0.0172105 0.278442 206 202 196
-0.362607 -0.0051267 0.275269 202 195 188
-0.389946 0.119753 0.219526 188 150 110
-0.351516 0.0133384 0.268406 194 186 179
-0.378577 0.115874 0.224681 182 144 102
-0.356664 0.00259201 0.278586 204 197 192
-0.360945 -0.0150469 0.26742 203 194 188
-0.374847 0.100309 0.243692 105 74 48
-0.368972 -0.0146531 0.265191 194 184 178
-0.37299 0.108211 0.235449 188 150 110
-0.366057 -0.00205406 0.27538 208 203 199
-0.364579 -0.0110839 0.26675 206 199 193
-0.37721 0.115938 0.224833 185 147 106
-0.363771 0.0862862 0.262367 180 146 109
-0.386643 0.0960254 0.24675 188 150 108
-0.374741 -0.0210574 0.279516 208 202 198
-0.348217 -0.00132651 0.262928 206 198 196
-0.373548 0.11485 0.232435 187 152 115
-0.379633 0.0593868 0.25394 136 34 57
-0.361976 0.0274727 0.298618 204 197 189
-0.393721 -0.0274389 0.281522 196 188 182
-0.374096 0.0668874 0.249972 169 158 142
-0.385661 0.0911077 0.254667 186 151 107
-0.374851 0.0699629 0.248447 178 150 114
-0.391403 0.110519 0.232159 194 153 110
-0.384434 0.0956136 0.249482 192 156 115
-0.363067 -0.00920743 0.271004 205 198 192
-0.344648 0.0758822 0.273863 173 139 102
-0.387897 0.119352 0.220451 186 148 108
-0.387764 0.121952 0.222045 194 154 114
-0.393024 0.125367 0.222434 186 148 106
-0.325848 0.0427719 0.28776 194 184 176
-0.407212 0.119583 0.220749 184 140 96
-0.376845 -0.0121653 0.283937 208 203 199
-0.388901 0.119855 0.225357 196 161 120
-0.392022 0.120513 0.219143 188 150 108
-0.442324 -0.020345 0.327679 202 195 192
-0.36524 0.10168 0.24367 178 144 106
-0.38962 0.119203 0.220589 199 162 122
-0.404422 0.10952 0.231107 197 156 112
-0.37028 0.0734202 0.25138 170 136 100
-0.386511 0.121076 0.220313 188 150 108
-0.341339 0.0383972 0.289842 197 190 181
-0.43676 0.0506512 0.211726 206 198 195
-0.396863 -0.0295855 0.289544 190 184 178
-0.379327 -0.01518 0.274575 209 204 200
-0.347278 0.012649 0.26581 202 195 190
-0.35253 0.00520111 0.275211 206 198 196
-0.401566 -0.0153456 0.306557 208 203 200
-0.391042 0.106838 0.236441 195 156 113
-0.388381 0.119775 0.221519 188 150 110
-0.378279 0.117673 0.229705 180 140 101
-0.378757 0.082274 0.268496 193 162 130
-0.382592 0.117853 0.22059 179 142 101
-0.441068 0.0402907 0.211836 187 180 174
-0.349492 0.0746953 0.246177 160 126 89
-0.366868 -0.00215028 0.275774 210 204 200
-0.350273 0.011855 0.269162 193 186 179
-0.381148 0.115544 0.226148 181 140 100
-0.389008 0.11825 0.221708 186 146 104
-0.340156 0.083081 0.26674 167 132 94
-0.36565 -0.0140564 0.262941 195 186 178
-0.347853 0.0773207 0.24853 166 132 94
-0.345284 0.0127702 0.272112 203 196 190
-0.358897 0.0639672 0.266255 169 166 162
-0.341343 0.00745186 0.24953 199 190 188
-0.362588 -0.00843465 0.268031 209 201 198
-0.376351 0.108825 0.23294 186 148 110
-0.362055 0.00922814 0.271095 209 201 198
-0.369551 -0.000454584 0.2841 208 204 200
-0.348185 0.0146224 0.252342 203 195 192
-0.373102 -0.0147177 0.266738 200 194 186
-0.33431 0.026243 0.271737 195 186 176
-0.400504 -0.0223228 0.282374 187 181 175
-0.347311 0.0115889 0.252897 202 194 191
-0.333152 0.0392356 0.290035 195 188 179
-0.357157 0.00262419 0.27326 197 188 181
-0.357586 0.00463053 0.276469 206 198 194
-0.39311 -0.0376237 0.295289 192 186 180
-0.387963 0.118081 0.219927 181 142 100
-0.367867 0.00210448 0.279267 208 202 198
-0.395653 0.115351 0.217126 197 161 119
-0.340455 0.0338712 0.282852 198 190 184
-0.357889 0.00453307 0.269484 204 197 192
-0.380153 0.0655385 0.27853 184 152 116
-0.391528 0.11901 0.234659 194 154 112
-0.386294 0.108443 0.233961 186 148 104
-0.386652 0.120699 0.219251 188 150 108
-0.376239 0.0892436 0.233208 179 147 104
-0.386187 0.117469 0.218147 188 150 108
-0.370428 -0.00141875 0.273043 208 202 198
-0.399008 0.12092 0.221725 194 156 112
-0.441087 0.0415437 0.212163 190 182 180
-0.377246 0.0624342 0.246452 192 185 178
-0.382819 0.0974375 0.236855 232 228 142
-0.331459 0.0366877 0.277735 194 186 179
-0.380456 0.0613023 0.253634 119 44 61
-0.362808 0.0121581 0.285749 194 186 178
-0.361742 0.0208718 0.293099 190 183 176
-0.390594 0.00189051 0.306106 203 198 194
-0.384943 0.107229 0.235573 180 140 97
-0.391652 0.00143063 0.301553 206 200 194
-0.388486 0.0976591 0.245824 189 152 109
-0.38109 0.00758081 0.301521 207 200 197
-0.391582 0.00187374 0.303444 199 193 185
-0.390014 -0.00224532 0.300402 213 208 204
-0.392274 0.00244976 0.301295 198 192 184
-0.379813 0.101428 0.237521 174 142 111
-0.380974 0.0988456 0.236247 104 75 46
-0.384047 0.0984855 0.246932 185 146 104
-0.385946 0.0985451 0.247313 186 148 106
-0.370451 0.0739508 0.249422 168 134 97
-0.332936 0.0784394 0.270706 172 138 100
-0.339964 0.0188956 0.2737 200 194 190
-0.379931 -0.000450055 0.29334 210 205 202
-0.399045 0.105015 0.239244 194 154 110
-0.387594 0.101292 0.245728 190 152 108
-0.338903 0.0368912 0.280096 200 192 187
-0.408174 0.107698 0.233838 204 165 121
-0.409144 0.112431 0.229635 202 170 128
-0.383842 0.0654226 0.266461 178 147 114
-0.329014 0.0463991 0.281691 198 190 183
-0.381525 0.00529489 0.303425 198 194 190
-0.387477 0.0604921 0.251582 194 192 188
-0.383927 0.063806 0.252449 108 22 39
-0.377104 0.0672112 0.255638 68 34 17
-0.333413 0.0361186 0.279428 198 192 186
-0.381178 0.100214 0.242021 88 84 80
-0.369043 0.0586015 0.25548 194 188 180
-0.349813 0.0238193 0.281905 206 200 195
-0.343934 0.0336771 0.287106 202 194 189
-0.326651 0.0384364 0.274989 196 188 182
-0.384189 0.0639525 0.253481 118 24 43
-0.388841 0.100211 0.245231 196 158 114
-0.349057 0.0324837 0.291485 200 194 189
-0.357893 0.0219631 0.288254 204 198 194
-0.376085 0.0667597 0.253381 191 134 86
-0.392463 0.110588 0.232218 191 150 107
-0.346564 0.0210818 0.277944 188 182 170
-0.356541 0.0305121 0.293931 204 198 193
-0.364565 0.0224962 0.297292 204 200 196
-0.409887 0.063637 0.288916 194 160 124
-0.35455 0.0276549 0.291452 200 196 190
-0.353043 0.0817564 0.260107 170 133 97
-0.35185 0.025701 0.28819 203 198 192
-0.38083 0.0909536 0.232886 72 51 40
-0.356229 0.0245862 0.2915 205 200 195
-0.393874 0.0994679 0.245612 193 153 110
-0.382622 0.0680382 0.259005 172 110 46
-0.370846 0.0680911 0.250897 174 142 106
-0.387048 0.106634 0.23708 197 162 116
-0.37102 0.0206674 0.301729 202 200 196
-0.34071 0.0347525 0.285223 198 192 187
-0.426687 0.0862986 0.270727 203 164 119
-0.348953 0.0276537 0.286694 201 196 191
-0.335926 0.155389 0.285619 190 152 110
-0.37856 0.0912573 0.231164 135 106 80
-0.318662 0.0644434 0.292936 161 160 158
-0.326732 0.0520709 0.292053 190 186 184
-0.383109 0.0980314 0.252231 188 148 106
-0.388284 0.0978341 0.250049 188 152 110
-0.388487 0.106509 0.246208 201 166 123
-0.389767 0.111095 0.232161 197 154 108
-0.34551 0.030299 0.285531 198 194 190
-0.334494 0.0356128 0.280736 195 190 187
-0.379105 0.0956812 0.233858 56 32 20
-0.378275 0.0916595 0.230846 93 71 54
-0.387521 0.107232 0.236334 196 156 112
-0.388756 0.105311 0.241077 198 162 118
-0.391814 0.109404 0.234017 192 152 108
-0.374388 0.0800088 0.271032 191 159 124
-0.37048 0.0813163 0.265694 18 30 48
-0.338986 0.0354465 0.282784 198 192 190
-0.389308 0.112507 0.232566 190 148 104
-0.379237 0.0710203 0.255983 218 150 102
-0.376762 0.0766197 0.275794 110 83 66
-0.368702 0.103408 0.231555 192 153 112
-0.367784 0.0634714 0.2519 188 186 180
-0.393477 0.110099 0.232687 198 156 113
-0.400012 0.113516 0.22956 198 158 114
-0.384907 0.108857 0.231399 196 158 114
-0.399048 0.11696 0.2332 206 172 128
-0.395884 0.112197 0.235624 210 178 137
-0.385122 0.111065 0.230666 192 152 110
-0.381712 0.0658033 0.254359 98 30 22
-0.385897 0.107546 0.235909 184 144 101
-0.397656 0.11329 0.229021 190 154 112
-0.38464 0.0548613 0.248 204 198 192
-0.384614 0.0949309 0.252401 196 160 119
-0.38917 0.113228 0.228255 194 158 117
-0.403113 0.112728 0.230836 181 144 104
-0.400811 0.11853 0.223093 180 142 102
-0.37489 0.109737 0.23187 185 146 106
-0.369673 0.104489 0.238614 179 139 100
-0.366402 0.102534 0.241001 186 150 112
-0.3861 0.0607123 0.25553 178 178 176
-0.347413 0.0212338 0.280449 196 190 183
-0.345072 0.0410859 0.287003 196 190 183
-0.411478 0.115756 0.227142 190 149 107
-0.34667 0.0234803 0.280071 199 192 186
-0.385026 0.0580986 0.255332 186 182 176
-0.3718 0.0966481 0.233149 184 147 108
-0.396122 0.0597832 0.254171 178 176 172
-0.365047 0.0315053 0.304759 196 192 186
-0.391062 0.0570768 0.255366 182 178 169
-0.3771 0.111561 0.228724 181 144 106
-0.369777 0.106362 0.228511 184 148 107
-0.333831 0.0267578 0.272268 198 191 185
-0.378113 0.112799 0.227915 184 148 110
-0.403355 0.11859 0.222698 194 154 112
-0.379921 0.0631385 0.25013 84 20 28
-0.381649 0.100314 0.23728 184 180 143
-0.393773 0.066197 0.283218 192 165 124
-0.386487 0.0620853 0.254251 184 184 180
-0.377804 0.00825724 0.294898 201 196 192
-0.380271 0.0582316 0.254046 160 146 140
-0.329162 0.0442302 0.286176 191 183 174
-0.381185 0.0881224 0.234949 126 97 72
-0.381176 0.0609263 0.253844 192 192 186
-0.379435 0.0952961 0.250604 182 144 104
-0.37416 0.069179 0.249624 171 142 107
-0.362972 0.0132185 0.286244 191 186 178
-0.372048 0.0650676 0.254605 182 173 158
-0.317029 0.0480545 0.271433 193 186 176
-0.424089 0.0640352 0.275475 57 45 36
-0.384915 0.0590217 0.254073 180 176 166
-0.33302 0.0219141 0.272154 201 194 189
-0.360099 0.0320525 0.298061 204 200 194
-0.380814 0.0957963 0.252347 192 157 118
-0.323258 0.0278343 0.269983 197 188 182
-0.386201 0.103052 0.243256 188 148 104
-0.339014 0.0694492 0.252275 178 172 167
-0.3822 0.0889377 0.234347 86 62 50
-0.334122 0.0275147 0.272506 202 193 188
-0.315469 0.0515318 0.284023 194 186 178
-0.340918 0.0250098 0.27145 184 174 164
-0.316859 0.0612901 0.287656 180 176 172
-0.382291 0.0653701 0.255738 137 68 37
-0.399755 0.106096 0.23831 210 177 135
-0.345741 0.0325992 0.286961 201 194 188
-0.348854 0.0365059 0.292752 204 198 192
-0.400881 0.106526 0.238081 202 170 128
-0.379479 0.0659795 0.28334 178 145 111
-0.319291 0.0468176 0.268796 184 176 167
-0.380343 0.0973463 0.246065 182 145 104
-0.379284 0.0969893 0.248407 187 150 110
-0.324629 0.0513124 0.289144 194 186 180
-0.374209 0.11033 0.237061 174 137 96
-0.389575 0.109312 0.23409 188 148 106
-0.384172 0.0580962 0.256202 196 192 186
-0.334133 0.0352764 0.281119 202 194 190
-0.315845 0.0500712 0.277362 186 178 168
-0.339597 0.0216212 0.26852 200 192 188
-0.344108 0.0209116 0.276661 202 194 188
-0.344165 0.0284284 0.301617 204 198 192
-0.399098 0.104167 0.239768 199 160 118
-0.339132 0.082217 0.254997 170 136 98
-0.345513 0.021656 0.277235 193 185 174
-0.372882 0.102753 0.241318 171 132 93
-0.322314 0.0440734 0.278444 195 187 178
-0.34653 0.0380101 0.293102 195 188 178
-0.335857 0.0911019 0.259663 180 146 106
-0.363025 0.08582 0.260496 180 147 108
-0.336366 0.0825715 0.265889 172 138 101
-0.332653 0.0420752 0.271959 200 191 186
-0.335559 0.0717296 0.255358 171 164 158
-0.39088 0.106837 0.235438 190 152 108
-0.380237 0.00187302 0.289305 208 203 200
-0.340127 0.0244247 0.274605 204 196 191
-0.400664 0.105599 0.239086 210 180 138
-0.395518 0.108972 0.23285 188 148 106
-0.378826 0.0942801 0.234466 58 39 25
-0.340645 0.0851718 0.268949 179 145 107
-0.32137 0.0259258 0.276456 197 190 184
-0.357174 0.0841984 0.264239 184 150 112
-0.363209 0.0851115 0.264328 180 146 108
-0.315722 0.0614398 0.294978 172 168 164
-0.342946 0.0854024 0.261528 170 135 96
-0.316116 0.0574664 0.290754 182 175 166
-0.379837 0.0715019 0.268786 252 172 84
-0.383931 0.100992 0.244144 196 174 149
-0.383766 0.089102 0.237601 182 146 106
-0.385103 0.0594083 0.252175 191 188 181
-0.374663 0.0123828 0.297802 206 202 198
-0.385907 0.0601141 0.256962 184 182 175
-0.382476 0.0925778 0.232973 69 49 36
-0.359904 0.0329011 0.30143 204 198 194
-0.384111 0.0671307 0.288726 132 105 80
-0.379853 0.0570546 0.245043 198 194 187
-0.33182 0.0152373 0.262245 200 191 187
-0.381262 0.0701803 0.273625 180 148 116
-0.379226 0.0620772 0.251306 122 27 47
-0.36406 0.00938228 0.281007 196 190 184
-0.381353 0.10009 0.242464 188 191 196
-0.373452 0.0680837 0.250637 178 142 105
-0.372727 0.0641493 0.252142 182 180 176
-0.381263 0.0586475 0.250812 208 178 181
-0.383675 0.0929835 0.235752 56 31 16
-0.38311 0.0913257 0.232749 90 72 62
-0.322402 0.0586113 0.285741 168 161 153
-0.380541 0.0884927 0.235779 86 62 48
-0.339569 0.0258094 0.273011 206 199 194
-0.339085 0.035057 0.282254 202 196 190
-0.350898 0.0851107 0.265811 174 138 100
-0.414068 0.11417 0.229574 186 146 105
-0.420389 0.0634022 0.276388 188 156 123
-0.348703 0.0204682 0.280644 208 202 194
-0.399231 0.108464 0.235446 194 154 110
-0.427184 0.087937 0.266675 204 164 119
-0.373675 0.0606699 0.249728 194 188 182
-0.367287 0.0607838 0.239188 190 182 174
-0.318563 0.0482531 0.275523 194 186 178
-0.365182 0.0257676 0.300697 204 200 196
-0.381039 0.00605989 0.302428 194 190 186
-0.340837 0.0199991 0.269888 202 196 190
-0.359061 0.0232109 0.291936 204 200 196
-0.418032 0.113623 0.230085 188 152 112
-0.337205 0.0917572 0.259248 182 148 108
-0.385576 0.0601749 0.256102 191 190 184
-0.381114 0.0661249 0.252637 105 31 30
-0.379437 0.0925276 0.233268 76 54 42
-0.365532 0.0644566 0.246959 179 172 165
-0.375869 0.0561126 0.247853 194 188 180
-0.399021 0.106591 0.237909 202 164 120
-0.373475 0.0123804 0.297096 203 200 197
-0.381732 0.0655745 0.251402 163 44 80
-0.35404 0.0661667 0.239858 178 170 160
-0.381997 0.0699638 0.274607 180 150 112
-0.380478 0.057234 0.249968 200 194 190
-0.384101 0.0932376 0.23386 56 34 20
-0.376169 0.0709717 0.247884 175 132 91
-0.390564 0.0611523 0.276212 120 60 34
-0.378625 0.0660232 0.283516 176 142 108
-0.381258 0.0970739 0.236411 111 82 48
-0.365493 0.0616246 0.244848 181 173 166
-0.405259 0.112322 0.230169 210 176 134
-0.40537 0.115073 0.228041 194 158 118
-0.404389 0.106335 0.239235 209 174 131
-0.44198 0.084709 0.274549 199 158 112
-0.35321 0.0715589 0.242729 174 170 165
-0.419705 0.115293 0.23022 180 145 105
-0.373485 0.0860212 0.242907 185 152 114
-0.387269 0.105728 0.248862 202 168 124
-0.3369 0.0834171 0.26357 176 140 103
-0.40382 0.112587 0.230883 193 153 112
-0.3856 0.098879 0.247327 193 154 112
-0.352882 0.0644262 0.237455 193 184 178
-0.376878 0.0660546 0.247376 181 178 173
-0.426542 0.0747078 0.284485 20 21 22
-0.365995 0.0309431 0.307144 200 198 194
-0.372681 0.0590506 0.249647 200 194 188
-0.378217 0.0574784 0.249153 198 193 188
-0.376263 0.0603355 0.251203 184 180 171
-0.351624 0.0689174 0.237874 182 174 167
-0.373774 0.0614315 0.249797 194 188 182
-0.327575 0.0512505 0.294632 176 174 170
-0.329116 0.0439488 0.287884 178 174 170
-0.379303 0.095808 0.234151 63 36 21
-0.326942 0.0667248 0.279012 170 140 106
-0.326339 0.055861 0.297462 178 178 180
-0.374757 0.0913737 0.232494 182 143 101
-0.327321 0.0557043 0.298049 172 171 168
-0.332003 0.0466624 0.292517 192 188 185
-0.375997 0.0655122 0.24903 176 161 142
-0.380334 0.065973 0.25512 86 21 19
-0.38389 0.0824164 0.266962 184 144 104
-0.38044 0.068151 0.252239 46 54 60
-0.379715 0.0783768 0.278855 172 133 96
-0.385077 0.104588 0.240177 190 149 103
-0.311182 0.173516 0.357603 194 149 104
-0.383414 0.104109 0.240848 192 152 110
-0.384163 0.100143 0.245636 197 158 116
-0.388033 0.103376 0.241931 190 149 104
-0.387744 0.100994 0.244855 192 151 106
-0.315368 0.0582085 0.281862 182 176 170
-0.371981 0.0835718 0.266105 18 33 52
-0.383942 0.103599 0.24233 193 154 112
-0.391603 0.10542 0.246432 202 166 122
-0.384505 0.105768 0.23666 179 139 96
-0.3749 0.0907932 0.226512 184 150 111
-0.378284 0.0915634 0.234685 76 54 46
-0.377903 0.0913885 0.230779 172 137 100
-0.376542 0.0915953 0.229418 181 146 104
-0.288807 0.0649498 0.311467 170 170 168
-0.394139 0.10635 0.236127 197 158 112
-0.382707 0.103268 0.241958 234 238 241
-0.386982 0.107724 0.234825 180 141 96
-0.390572 0.110839 0.230955 190 148 104
-0.371783 0.079789 0.267315 62 54 54
-0.386898 0.107417 0.235914 180 142 98
-0.398695 0.106301 0.237276 202 162 118
-0.376345 0.0917491 0.223975 184 148 108
-0.38642 0.10605 0.238948 196 160 115
-0.37969 0.0952619 0.234225 60 36 21
-0.380271 0.0714804 0.264487 244 156 73
-0.379834 0.07041 0.262853 22 38 58
-0.369763 0.0818478 0.263199 23 34 56
-0.385161 0.0609841 0.255556 182 185 183
-0.378486 0.0617785 0.220406 191 182 175
-0.401307 0.117473 0.222153 193 153 110
-0.384573 0.0555972 0.253829 200 198 194
-0.377458 0.108663 0.233965 193 154 113
-0.384224 0.101472 0.242752 236 244 246
-0.378771 0.111969 0.227758 196 162 120
-0.40908 0.114944 0.227468 184 144 100
-0.373052 0.0667524 0.222633 195 186 180
-0.428555 0.0800412 0.277549 185 145 102
-0.381093 0.0894762 0.232221 87 64 54
-0.364149 0.0177323 0.288689 206 201 197
-0.327851 0.0622009 0.284788 180 177 174
-0.361353 0.026909 0.297599 186 178 170
-0.391249 0.117942 0.221241 189 157 116
-0.391406 0.114646 0.226977 184 148 106
-0.372825 0.0754064 0.266348 128 100 76
-0.394722 0.116204 0.225583 182 145 104
-0.381989 0.0706394 0.267585 224 146 73
-0.379077 0.110531 0.23078 183 146 106
-0.392993 0.115521 0.228615 188 152 111
-0.375922 0.11056 0.234663 181 142 102
-0.366437 0.0722528 0.246926 181 150 111
-0.376576 0.070972 0.253328 84 98 103
-0.369885 0.0782894 0.257552 188 98 28
-0.365988 0.102735 0.240401 180 144 106
-0.333572 0.0383833 0.281863 195 189 183
-0.376679 0.0623622 0.251614 182 178 169
-0.383739 0.106804 0.237214 184 142 99
-0.371049 0.0235213 0.306938 199 194 190
-0.332624 0.0300998 0.271957 188 181 174
-0.368569 0.0711335 0.23489 172 168 164
-0.402597 0.118102 0.223153 194 154 113
-0.370736 0.101464 0.242352 147 113 76
-0.371972 0.0780184 0.260712 134 54 20
-0.372461 0.106221 0.227746 186 148 108
-0.385726 0.107183 0.235675 188 146 104
-0.42865 0.0857261 0.281261 192 152 108
-0.382004 0.113584 0.228211 184 146 104
-0.381463 0.0656314 0.259585 186 120 69
-0.394277 0.115983 0.225788 194 154 111
-0.402841 0.116876 0.225421 194 154 112
-0.402014 0.11768 0.224476 187 146 104
-0.389902 0.116924 0.221029 192 154 112
-0.393178 0.118611 0.219227 197 160 118
-0.393664 0.119075 0.219628 198 162 120
-0.368873 0.0745486 0.24886 166 131 94
-0.400129 0.0744277 0.281937 192 160 124
-0.399895 0.118048 0.219069 194 155 115
-0.379432 0.066432 0.2777 172 142 109
-0.376506 0.0685652 0.233534 182 177 172
-0.37739 0.11163 0.231532 176 138 99
-0.414161 0.111816 0.232516 191 152 110
-0.376251 0.0882136 0.236564 188 152 111
-0.34274 0.0249767 0.274552 202 196 190
-0.344895 0.0333358 0.284592 194 188 182
-0.363169 0.00938173 0.283576 186 180 175
-0.406088 0.114618 0.229444 205 172 128
-0.385828 0.062677 0.263407 176 146 116
-0.377836 -0.00564601 0.284244 208 202 198
-0.377911 -0.00362871 0.28576 214 210 205
-0.391923 -0.00913632 0.295171 212 207 203
-0.405865 -0.0185147 0.307681 208 200 196
-0.330898 0.0421867 0.28114 204 198 192
-0.376835 0.0606211 0.250665 196 190 186
-0.382972 0.0616574 0.253154 171 127 132
-0.38006 0.070158 0.264386 73 96 126
-0.405202 -0.0163627 0.304361 204 199 195
-0.319139 0.0641058 0.283659 164 162 156
-0.379253 0.103082 0.239043 196 186 174
-0.332775 0.0424679 0.28199 190 182 176
-0.380599 0.068081 0.255672 175 109 70
-0.385636 0.105744 0.238069 191 154 108
-0.359009 0.0491003 0.310087 187 187 185
-0.3498 0.00581167 0.268865 198 193 185
-0.381722 0.0703135 0.259229 68 48 37
-0.322519 0.048126 0.268682 191 183 174
-0.327946 0.0419047 0.281485 202 196 190
-0.348095 0.00737392 0.268596 212 206 201
-0.335529 0.029068 0.269529 194 187 180
-0.379521 0.104708 0.242127 228 232 237
-0.384386 0.0616292 0.255389 184 164 166
-0.37968 0.0687693 0.255302 148 92 48
-0.376703 0.067551 0.252382 162 106 69
-0.423554 0.0642158 0.276093 70 56 41
-0.332127 0.0288821 0.271967 193 186 180
-0.378109 -0.0046428 0.290636 212 208 206
-0.335864 0.0136823 0.259787 193 186 181
-0.319313 0.0479532 0.272333 188 180 171
-0.4118 -0.0180969 0.308459 198 190 186
-0.382904 0.0884411 0.234409 82 60 48
-0.361135 0.0151934 0.288623 217 213 206
-0.357449 0.0473785 0.30923 190 189 187
-0.404299 -0.0166163 0.304415 208 202 199
-0.39963 -0.0140543 0.301019 200 194 190
-0.335226 0.0125966 0.259822 186 178 172
-0.380954 0.0703996 0.271915 184 114 72
-0.33396 0.0144669 0.259376 208 200 196
-0.358979 0.0459201 0.306669 205 202 196
-0.376834 -0.0058048 0.286704 203 198 194
-0.376113 0.0655725 0.25665 111 30 36
-0.37087 0.0907381 0.256607 186 152 112
-0.326037 0.0423234 0.278302 191 183 174
-0.34793 0.0355597 0.291483 200 196 189
-0.388919 0.0648236 0.282609 160 132 107
-0.377328 0.0702606 0.247762 192 146 100
-0.38492 0.104741 0.239962 186 146 99
-0.345898 0.026672 0.268511 190 182 172
-0.368541 -0.00328711 0.282392 198 193 186
-0.379516 0.0892168 0.232715 86 62 50
-0.378019 0.0970941 0.245081 114 85 49
-0.320891 0.0450184 0.273771 184 174 166
-0.38033 0.0581648 0.255044 192 190 184
-0.322205 0.0323379 0.261418 178 168 160
-0.380915 0.0694172 0.259989 52 70 91
-0.327523 0.0390756 0.278127 199 191 188
-0.377182 0.0721611 0.248277 200 146 101
-0.389221 -0.00791153 0.301811 210 206 202
-0.329637 0.0452068 0.273922 200 192 186
-0.323283 0.0424301 0.2744 197 189 186
-0.350178 0.00722029 0.268867 214 210 204
-0.384505 0.0632873 0.252014 115 20 40
-0.363939 0.00376842 0.276101 208 204 201
-0.379263 0.0979134 0.245234 134 100 64
-0.359476 0.04636 0.310331 198 196 192
-0.322646 0.0291587 0.263571 198 191 188
-0.350503 0.0103831 0.268499 204 198 194
-0.384435 0.089793 0.23207 78 56 44
-0.367304 -0.000947511 0.281419 213 210 206
-0.363186 0.00530976 0.278723 210 206 201
-0.330665 0.0258494 0.267275 198 190 188
-0.379635 0.0614938 0.251097 146 32 59
-0.362635 -0.000555802 0.275258 204 198 192
-0.362699 0.00266877 0.279766 194 190 184
-0.367488 0.0582328 0.297083 182 152 119
-0.355469 0.0035607 0.272272 194 188 181
-0.372574 0.0882108 0.255836 186 152 113
-0.364283 0.029085 0.301177 205 200 194
-0.37945 0.097399 0.244921 134 103 66
-0.381512 0.0907135 0.232945 80 59 48
-0.374 0.0657541 0.253143 214 161 118
-0.381664 0.0980223 0.239673 202 196 112
-0.400544 0.111222 0.232095 198 162 120
-0.333922 0.0279594 0.268802 203 195 188
-0.331466 0.0379953 0.27991 192 185 179
-0.413058 0.1129 0.233289 177 138 98
-0.382253 0.0712449 0.268063 232 143 64
-0.413553 0.112104 0.231267 180 144 104
-0.337245 0.0251318 0.267238 204 197 191
-0.38246 0.105526 0.23821 184 148 104
-0.381489 0.0991567 0.242697 216 224 226
-0.383358 0.0690193 0.25675 30 103 150
-0.358739 0.048767 0.303468 196 194 192
-0.381095 0.104767 0.239358 189 150 107
-0.375951 0.0722432 0.248847 202 150 102
-0.328811 0.0304897 0.265046 200 192 186
-0.345984 0.0405458 0.293732 198 191 183
-0.313443 0.028353 0.27184 201 192 190
-0.340875 0.0223339 0.276394 188 180 170
-0.334692 0.0117215 0.259673 190 182 178
-0.341919 0.0224493 0.272752 207 199 196
-0.336613 0.0192434 0.262489 187 180 175
-0.377013 0.0957008 0.24802 182 146 106
-0.328554 0.0580234 0.289102 189 185 178
-0.319248 0.0502759 0.273646 188 180 170
-0.384435 0.0917812 0.233665 58 37 24
-0.379942 0.0965509 0.235394 81 54 32
-0.364312 -0.0056868 0.285691 201 195 189
-0.336821 0.03849 0.283494 198 190 184
-0.392993 0.110864 0.231724 185 144 102
-0.390197 -0.00853823 0.301422 206 201 196
-0.335472 0.0200032 0.265544 196 190 186
-0.316715 0.0502734 0.271449 192 186 178
-0.394542 -0.0137769 0.299995 202 195 190
-0.393966 -0.00978851 0.296992 216 211 208
-0.325707 0.0444089 0.276469 201 193 186
-0.328376 0.0556864 0.287209 192 186 182
-0.374848 -0.00276904 0.285146 212 208 205
-0.381707 0.100545 0.239723 46 40 36
-0.419873 0.0700073 0.288125 149 86 68
-0.402883 -0.0151803 0.302929 204 195 192
-0.38889 0.10012 0.244131 196 158 114
-0.383844 0.0690122 0.283935 193 163 128
-0.374318 -0.00244865 0.289264 214 210 207
-0.319355 0.0436854 0.269413 188 180 174
-0.357171 0.0444829 0.309169 181 176 170
-0.336221 0.0167883 0.261529 192 184 181
-0.376883 0.0918499 0.254338 185 151 110
-0.326365 0.0299814 0.267883 198 192 188
-0.361145 0.0307498 0.300641 191 184 179
-0.357244 0.0373783 0.308212 204 199 195
-0.317196 0.0294172 0.266647 182 171 164
-0.337433 0.0233417 0.269452 201 194 191
-0.33276 0.0344885 0.27281 200 192 188
-0.370454 0.101597 0.242477 194 172 112
-0.358199 0.0417966 0.306445 204 198 194
-0.345971 0.0380841 0.292273 198 192 186
-0.344737 0.00854265 0.265911 200 192 186
-0.377758 -0.00921258 0.29407 216 212 208
-0.379596 0.0721722 0.254949 202 147 97
-0.353447 0.0474114 0.314934 187 187 185
-0.320503 0.0603066 0.277501 190 182 177
-0.390071 0.0630902 0.277129 103 48 22
-0.321677 0.0633235 0.287422 172 171 168
-0.421737 0.0636492 0.275134 36 24 16
-0.379791 0.0650129 0.253233 207 81 120
-0.360832 0.0522322 0.310634 188 156 124
-0.385444 0.0943029 0.23529 230 212 190
-0.376684 -0.00259046 0.291486 209 206 201
-0.348338 0.0401061 0.292764 196 192 184
-0.362399 0.0254076 0.297752 206 203 198
-0.38222 0.0892185 0.233659 82 60 48
-0.352664 0.00842136 0.268853 209 204 200
-0.36266 0.0367516 0.304614 204 201 197
-0.327395 0.026138 0.264242 198 190 188
-0.426591 0.0798425 0.281185 191 149 104
-0.319549 0.0615682 0.283172 188 185 178
-0.366278 0.0128623 0.291016 198 194 188
-0.316655 0.061342 0.281623 168 162 152
-0.344064 0.0843631 0.265622 173 136 99
-0.34807 0.00363407 0.267178 198 193 189
-0.316212 0.0551687 0.275901 194 188 180
-0.336202 0.0275097 0.274288 204 198 194
-0.32945 0.0294389 0.2677 202 195 190
-0.351194 0.0849517 0.259209 182 148 110
-0.347536 0.0371467 0.29166 199 194 186
-0.375574 0.000789759 0.287083 212 208 206
-0.382744 0.064645 0.254991 88 25 22
-0.374021 0.0909277 0.257769 186 150 110
-0.334429 0.0316915 0.269361 202 194 190
-0.378658 0.097848 0.244803 110 81 48
-0.325614 0.042917 0.277196 188 178 170
-0.36718 0.0873448 0.258905 189 156 116
-0.391375 -0.00773759 0.298847 202 197 192
-0.376766 0.000529095 0.290982 205 201 196
-0.398617 -0.0146501 0.29934 212 206 205
-0.380413 0.0702168 0.269431 224 158 87
-0.416176 0.110785 0.23294 185 146 106
-0.34385 0.0892879 0.255007 174 138 96
-0.324272 0.0301302 0.263578 196 186 180
-0.356589 0.0836579 0.262088 174 139 100
-0.331855 0.0328464 0.274983 194 188 178
-0.378035 0.0932373 0.253085 188 152 110
-0.414806 0.111481 0.234625 191 154 112
-0.34917 0.0115627 0.272488 198 194 188
-0.345741 0.0174996 0.277688 205 200 196
-0.358096 0.00185444 0.273263 204 198 192
-0.375979 0.0921166 0.254384 188 154 114
-0.336106 0.0422774 0.283177 202 196 192
-0.39206 0.107063 0.237852 191 152 108
-0.383464 0.00111256 0.303431 211 207 204
-0.335735 0.0105524 0.258159 192 184 180
-0.338435 0.0795354 0.265464 174 140 104
-0.407241 0.110799 0.232274 191 154 113
-0.334594 0.0103626 0.25812 200 192 188
-0.322257 0.044221 0.275364 186 177 169
-0.348414 0.0124642 0.260235 186 178 172
-0.350803 0.0260305 0.266696 205 200 196
-0.327205 0.0313223 0.266945 200 192 188
-0.331871 0.0469183 0.282589 196 190 184
-0.331427 0.0164269 0.258871 204 196 192
-0.352611 0.0850742 0.256883 181 148 110
-0.329671 0.0318371 0.269156 197 189 186
-0.329627 0.037825 0.269936 198 190 188
-0.347765 0.0883046 0.252955 182 148 107
-0.378688 0.106277 0.238218 188 153 108
-0.384096 -0.00704124 0.291569 215 212 208
-0.377839 0.00113845 0.29098 204 202 196
-0.317361 0.0671481 0.285637 165 152 134
-0.367536 0.000239816 0.280636 214 212 208
-0.368215 0.089047 0.258273 185 152 112
-0.340338 0.0114582 0.260937 194 186 182
-0.397055 0.106891 0.235127 196 156 111
-0.340791 0.0237702 0.272837 202 196 188
-0.367425 0.0091378 0.278716 209 206 204
-0.405065 0.111633 0.231084 190 151 111
-0.325361 0.0441071 0.284052 198 190 184
-0.369877 -0.00226332 0.281261 200 196 189
-0.326782 0.0317207 0.26855 200 192 189
-0.359451 0.00752993 0.277758 208 204 202
-0.414289 0.111298 0.232619 188 152 111
-0.334115 0.0193837 0.265036 190 182 174
-0.318041 0.0434475 0.277372 185 177 168
-0.366895 0.0205142 0.298491 204 200 196
-0.414079 0.113521 0.23382 182 146 106
-0.326147 0.0406081 0.271339 200 193 188
-0.369817 -0.00530871 0.28544 206 202 198
-0.403554 0.110761 0.232566 194 154 112
-0.376148 0.00324029 0.293637 212 207 204
-0.388258 0.0992638 0.248428 192 155 112
-0.363583 0.0862369 0.26199 181 146 107
-0.361923 0.0877915 0.258249 178 144 102
-0.336528 0.0335551 0.274553 202 197 192
-0.348218 0.0919527 0.254634 180 146 100
-0.371523 0.00150896 0.288433 212 208 205
-0.386168 0.102952 0.242101 190 150 104
-0.346894 0.010586 0.269526 208 204 200
-0.342985 0.0103282 0.264795 207 203 198
-0.32705 0.0274813 0.265105 201 193 190
-0.362624 0.0316627 0.30325 209 205 200
-0.382465 0.0890858 0.237898 186 150 108
-0.34193 0.0134807 0.265413 204 200 196
-0.353938 0.0328384 0.29711 205 200 196
-0.381914 0.104226 0.239757 196 178 158
-0.365112 0.0870968 0.260154 190 157 118
-0.329607 0.0467847 0.286809 197 190 183
-0.324669 0.0275881 0.259662 197 189 186
-0.33241 0.0784221 0.268545 174 140 104
-0.343903 0.0108204 0.261713 193 186 182
-0.327226 0.0362013 0.268948 200 192 189
-0.378258 0.0662731 0.253183 94 26 29
-0.336221 0.0820839 0.26125 172 138 100
-0.352123 0.0129508 0.270406 206 202 198
-0.328957 0.0190805 0.253256 204 196 193
-0.345783 0.0256864 0.269515 199 192 184
-0.378843 0.0719622 0.261173 87 34 12
-0.413345 0.112801 0.231403 176 140 100
-0.334218 0.0488743 0.280509 199 192 186
-0.372729 -0.00119541 0.287017 210 206 203
-0.327526 0.043823 0.28029 201 194 188
-0.402834 0.112967 0.230727 185 148 108
-0.365128 0.050484 0.284928 198 194 190
-0.366376 0.0588463 0.295916 182 152 120
-0.37767 0.103307 0.239642 203 186 164
-0.375967 0.065811 0.25433 149 94 70
-0.31501 0.0654132 0.275881 180 177 172
-0.332764 0.0294562 0.272085 199 192 184
-0.395577 -0.011054 0.296766 204 198 194
-0.331232 0.0695747 0.278644 169 137 99
-0.346643 0.00688827 0.267938 196 190 182
-0.331488 0.0152016 0.256531 193 183 179
-0.323985 0.0350965 0.263183 196 188 186
-0.33953 0.0105982 0.262235 188 180 174
-0.338626 0.0839167 0.261968 176 141 103
-0.412785 0.067926 0.291958 201 171 133
-0.323747 0.0324536 0.266197 196 188 186
-0.341227 0.0791227 0.26518 175 141 104
-0.397279 0.106494 0.238439 196 152 109
-0.341393 0.0190121 0.272577 204 198 194
-0.376536 0.0719488 0.249597 190 134 90
-0.323539 0.0343285 0.269418 196 188 186
-0.384188 0.0663026 0.288039 130 105 86
-0.320494 0.0295704 0.270268 201 193 190
-0.347642 0.0143993 0.280262 206 203 198
-0.342465 0.00908626 0.264263 195 189 184
-0.330275 0.0160356 0.254959 197 188 186
-0.344846 0.0890989 0.254714 174 138 96
-0.330333 0.0308971 0.268217 200 192 190
-0.362966 0.00850918 0.278079 208 205 201
-0.329588 0.0895167 0.268045 182 148 106
-0.417637 0.111122 0.23413 181 142 104
-0.316665 0.0593514 0.289546 188 182 176
-0.362876 0.0311003 0.303391 208 204 200
-0.417934 0.111128 0.234429 182 144 105
-0.347423 0.00946253 0.268824 207 202 198
-0.4071 -0.0144794 0.305377 213 207 204
-0.367766 0.0903583 0.25603 187 154 113
-0.326905 0.0434376 0.265532 199 190 185
-0.411655 0.11586 0.228102 154 122 84
-0.378779 0.0947579 0.249481 189 151 110
-0.341094 0.0319061 0.282643 204 200 196
-0.364642 0.0466464 0.290632 202 198 194
-0.350719 0.039632 0.297128 203 199 194
-0.336009 0.00998111 0.259005 194 186 182
-0.378243 0.0947384 0.251547 187 150 108
-0.343881 0.0198839 0.271198 204 199 195
-0.34664 0.0172411 0.272716 206 199 196
-0.345076 0.0123334 0.268778 206 201 197
-0.330255 0.0575911 0.285088 170 163 154
-0.358453 0.0325114 0.304294 206 201 197
-0.337104 0.0101584 0.260531 198 190 186
-0.324847 0.0271211 0.262566 197 189 186
-0.409793 0.114994 0.229008 165 129 89
-0.318254 0.0499477 0.272019 198 190 183
-0.35808 0.0159706 0.287661 214 210 204
-0.388804 0.0681953 0.28441 136 112 88
-0.428314 0.0815631 0.275686 202 162 116
-0.366289 0.0592293 0.294414 188 158 125
-0.328835 0.035175 0.27278 204 196 193
-0.322072 0.0379324 0.2651 194 186 182
-0.336349 0.048307 0.285472 200 194 188
-0.3765 0.0710172 0.248893 216 156 110
-0.345649 0.0367489 0.299371 204 200 196
-0.340363 0.0132802 0.262262 208 201 198
-0.341778 0.0305456 0.280664 202 198 194
-0.319443 0.0547697 0.275025 191 184 176
-0.325853 0.0193905 0.252737 199 191 186
-0.383142 0.065416 0.252793 104 24 30
-0.367049 0.0577524 0.299043 188 156 126
-0.380003 0.0968185 0.242673 149 120 78
-0.378723 0.103243 0.239091 184 148 103
-0.383645 0.0644722 0.254321 90 24 26
-0.375058 0.068436 0.251557 220 160 110
-0.382114 0.0995629 0.237971 194 188 118
-0.350025 0.00660471 0.26631 202 196 192
-0.380312 -0.00769609 0.291893 214 214 210
-0.404627 0.0415664 0.222178 198 195 190
-0.381022 0.100267 0.242037 112 110 108
-0.377585 0.0648048 0.25369 138 32 58
-0.406303 0.114703 0.228825 178 142 102
-0.376866 0.0906653 0.232674 110 85 66
-0.370579 0.0900759 0.257492 190 156 117
-0.381972 0.0656334 0.256314 126 58 21
-0.384336 0.0925927 0.23526 57 33 20
-0.38164 0.0900425 0.232754 82 60 50
-0.376641 0.0600513 0.25048 190 186 180
-0.384694 0.062518 0.255535 190 154 165
-0.33418 0.0368678 0.278516 198 192 188
-0.381364 0.0665382 0.256058 115 46 19
-0.380849 0.0667826 0.255136 122 68 36
-0.340266 0.0226644 0.275486 185 178 168
-0.332046 0.0815767 0.264672 174 140 102
-0.38262 0.0962282 0.234003 126 98 66
-0.381038 0.104083 0.239536 216 206 200
-0.383803 0.100116 0.245088 198 156 112
-0.372736 0.0916531 0.256834 190 156 116
-0.373054 0.100719 0.241798 112 82 48
-0.41446 0.112411 0.232472 184 147 108
-0.362048 0.106032 0.244078 178 138 95
-0.370411 -0.00243673 0.283701 213 210 208
-0.407239 0.114709 0.228932 169 132 92
-0.381976 0.0959947 0.237777 216 192 163
-0.376275 0.0925436 0.254707 188 154 114
-0.338401 0.0268069 0.270903 206 200 196
-0.348033 0.00794741 0.267815 210 206 200
-0.380661 0.101759 0.239726 169 164 156
-0.389572 -0.00848029 0.304851 195 190 183
-0.368198 0.0875893 0.259583 189 154 116
-0.397839 0.112463 0.23104 194 158 115
-0.382559 0.108585 0.23448 185 148 105
-0.399159 0.114279 0.22939 186 150 109
-0.37694 0.0924393 0.253133 190 156 116
-0.406793 0.115539 0.228248 172 136 96
-0.379158 -0.00626738 0.287114 213 210 206
-0.381398 0.0884834 0.236852 100 70 44
-0.380888 0.0968693 0.236362 177 151 122
-0.379139 0.0686221 0.26498 66 94 116
-0.399083 0.112406 0.230829 192 156 114
-0.40764 0.114872 0.228733 165 128 88
-0.377456 0.0724725 0.246518 197 148 103
-0.330419 0.0420608 0.276058 198 192 187
-0.377014 0.096913 0.250256 191 157 116
-0.405237 0.115163 0.227922 168 132 94
-0.381101 0.104372 0.239918 186 166 146
-0.331936 0.0495496 0.285075 197 191 186
-0.362659 0.116155 0.246962 180 144 102
-0.382831 0.0898064 0.233387 80 58 48
-0.381499 0.0882328 0.236035 90 63 42
-0.366856 0.0865852 0.259984 192 158 120
-0.381334 0.0935752 0.251893 194 158 118
-0.389749 0.107585 0.237637 196 157 113
-0.360459 0.0374182 0.306548 192 186 181
-0.371743 0.0910279 0.261429 188 154 112
-0.411445 0.112653 0.231598 183 147 107
-0.384701 0.0998736 0.245143 202 162 118
-0.350193 0.0327925 0.290344 200 196 194
-0.369979 0.088598 0.261725 189 154 116
-0.378696 0.0958694 0.233907 58 34 20
-0.317107 0.0573177 0.290637 190 184 176
-0.372047 0.0894421 0.254181 193 160 120
-0.37783 0.0962615 0.247353 178 142 102
-0.350483 0.038105 0.288594 203 198 193
-0.363293 0.00781586 0.282084 198 194 187
-0.360703 0.081536 0.26231 180 144 107
-0.383346 0.0970199 0.251715 190 149 108
-0.371176 0.00458554 0.302511 210 208 205
-0.343897 0.0830912 0.263836 174 138 102
-0.39132 -0.0173867 0.307726 210 208 206
-0.347391 0.0222911 0.280292 202 197 190
-0.381986 0.104097 0.242324 216 204 192
-0.388041 0.104032 0.238789 188 150 102
-0.373689 0.0993665 0.235849 178 144 102
-0.375927 0.0976713 0.23422 124 94 64
-0.361545 0.00228698 0.27651 212 210 206
-0.348328 0.00407766 0.268883 202 196 192
-0.406005 0.115465 0.227871 172 136 96
-0.372034 0.0876964 0.256999 192 158 120
-0.36956 0.0798951 0.257546 185 117 60
-0.356774 0.0354381 0.301047 206 201 198
-0.341206 0.0790851 0.264088 179 145 108
-0.406928 0.112309 0.231434 200 168 126
-0.330661 0.0803635 0.264169 177 143 106
-0.364219 0.145147 0.257443 188 156 116
-0.323045 0.0415988 0.268713 202 194 190
-0.404184 0.11602 0.227578 174 138 98
-0.356068 0.0254549 0.291753 206 204 200
-0.384035 0.0637815 0.256697 183 154 122
-0.391594 -0.0139978 0.301485 211 206 204
-0.411334 0.11567 0.228412 156 124 85
-0.404254 0.113278 0.230167 204 172 132
-0.375767 0.0928734 0.25331 191 157 116
-0.379079 0.107773 0.236334 191 158 114
-0.403623 0.0717705 0.284641 207 180 145
-0.379065 0.0874209 0.235161 188 156 112
-0.372973 0.0656752 0.288063 178 146 113
-0.400267 0.114704 0.229251 197 166 126
-0.398493 0.104729 0.232172 196 154 110
-0.378429 0.0956864 0.250799 186 148 107
-0.35758 0.00154132 0.274962 208 205 201
-0.378407 0.096443 0.250508 194 160 119
-0.375961 0.0940355 0.252054 190 154 114
-0.400143 0.110129 0.237661 210 180 138
-0.325905 0.0262612 0.264448 199 192 190
-0.383905 0.107097 0.235405 183 146 104
-0.40907 0.114073 0.229921 175 138 98
-0.376678 0.090249 0.247503 186 150 110
-0.339934 0.0381095 0.286601 202 197 190
-0.392066 0.108241 0.236154 193 152 108
-0.339401 0.0289046 0.276312 204 200 196
-0.362387 0.00699976 0.282422 202 199 193
-0.348102 0.0084147 0.268999 210 206 202
-0.331612 0.0544888 0.287121 197 191 186
-0.326681 0.0372468 0.271472 198 192 188
-0.397384 0.109841 0.237577 200 158 116
-0.40823 0.110803 0.233894 196 160 118
-0.379759 0.0967219 0.249296 191 155 114
-0.378071 0.0954204 0.248907 189 151 110
-0.384852 0.0604522 0.255794 192 192 188
-0.372562 0.0885434 0.250257 190 156 115
-0.361881 0.0854861 0.261676 189 155 115
-0.411745 0.11506 0.228633 154 118 80
-0.364961 0.107745 0.242664 190 152 108
-0.416048 0.110873 0.231843 184 145 105
-0.361264 0.0161174 0.286978 220 218 212
-0.430924 0.0306995 0.24686 200 194 191
-0.383181 0.0920152 0.235413 62 41 28
-0.3916 0.00101613 0.306986 206 202 198
-0.399299 0.114558 0.230347 186 149 108
-0.391181 0.113151 0.230852 198 164 122
-0.383345 0.10728 0.235445 184 148 106
-0.397334 0.11323 0.230373 194 158 116
-0.382107 0.0908289 0.235895 60 38 28
-0.384669 0.0686357 0.283307 190 158 124
-0.377864 0.0701615 0.250102 170 120 76
-0.381599 0.0974651 0.251671 190 152 110
-0.312335 0.0550575 0.283855 184 180 176
-0.370487 0.0878742 0.260006 189 156 119
-0.335256 0.03736 0.286824 188 182 178
-0.37215 0.0905755 0.258137 184 149 111
-0.370373 0.0908967 0.256244 186 152 113
-0.34702 0.0243755 0.283661 197 192 189
-0.369987 0.0902562 0.257125 192 160 120
-0.3836 0.0932345 0.236876 106 86 68
-0.384071 0.0634966 0.254696 138 36 57
-0.381784 0.0638999 0.25241 164 50 87
-0.376117 0.0905225 0.228193 190 156 114
-0.382535 0.0926185 0.233248 76 56 48
-0.378091 0.0918751 0.233107 78 56 48
-0.370409 0.0902194 0.256155 194 160 121
-0.382887 0.0644999 0.252719 103 24 31
-0.379915 0.104887 0.237819 192 156 112
-0.346705 0.0330962 0.288569 198 192 186
-0.344444 0.0318171 0.285474 201 198 196
-0.318743 0.0556072 0.283139 190 186 183
-0.327787 0.0398219 0.27621 204 200 198
-0.337369 0.033289 0.282823 204 200 200
-0.38311 0.0907853 0.234194 74 52 42
-0.361467 0.0273432 0.29775 193 186 182
-0.382092 0.100081 0.238074 196 178 123
-0.380561 0.0963408 0.234108 66 39 20
-0.316977 0.0471881 0.272723 193 186 181
-0.386114 0.110603 0.231513 186 146 102
-0.349728 0.0858365 0.261181 185 150 113
-0.378565 0.0929576 0.233063 78 57 47
-0.38705 0.106877 0.236751 196 160 116
-0.3333 0.0376995 0.284451 200 196 192
-0.381799 0.0999383 0.239146 64 54 29
-0.385718 0.110247 0.233314 186 148 104
-0.360493 0.0306472 0.297472 200 194 191
-0.380832 0.068261 0.257376 104 100 104
-0.323343 0.0436141 0.276341 190 184 178
-0.37947 0.0629238 0.252094 137 34 55
-0.383733 0.0641449 0.251566 102 26 42
-0.34757 0.0330315 0.289063 198 194 188
-0.361465 0.0214208 0.293858 194 188 182
-0.341277 0.0281262 0.2799 202 198 196
-0.384347 0.10909 0.233297 191 154 110
-0.381544 0.0988645 0.240532 150 144 90
-0.350483 0.0358701 0.294929 202 198 194
-0.395641 0.112911 0.2288 190 158 117
-0.400829 0.106539 0.240306 210 175 130
-0.356579 0.0344398 0.298816 203 198 195
-0.383188 0.0685547 0.281336 191 158 124
-0.383621 0.108929 0.23347 184 144 102
-0.380556 0.0672646 0.256001 74 33 12
-0.382941 0.0638354 0.255688 100 27 32
-0.37836 0.0928059 0.254134 194 160 120
-0.382441 0.108881 0.23391 185 146 104
-0.368865 0.0864655 0.260975 184 150 112
-0.354043 0.0323398 0.295871 205 200 194
-0.377387 0.0934227 0.25262 187 150 110
-0.35746 0.0313486 0.296788 200 196 190
-0.379206 0.093915 0.252564 188 150 110
-0.38457 0.109014 0.232188 195 156 114
-0.377945 0.0917105 0.231157 130 102 76
-0.380862 0.100027 0.242851 132 134 134
-0.333943 0.0340209 0.276915 202 197 194
-0.362342 0.0191977 0.291235 196 190 184
-0.379237 0.0603064 0.252381 126 24 48
-0.402487 0.107381 0.237828 204 171 127
-0.326775 0.0222718 0.258768 196 192 190
-0.401099 0.109922 0.235045 207 176 136
-0.381275 0.0883012 0.226997 194 161 119
-0.380787 0.101754 0.238894 240 234 214
-0.382776 0.0915562 0.233576 79 60 53
-0.384286 0.101897 0.243123 216 200 188
-0.380443 0.101755 0.240633 70 64 58
-0.374765 0.0692788 0.251903 178 129 81
-0.362019 0.0863949 0.260583 186 150 110
-0.38124 0.0939356 0.234143 63 40 28
-0.376947 0.0953464 0.233252 72 43 24
-0.375618 0.0680981 0.254606 103 102 104
-0.382886 0.0650297 0.257647 188 144 103
-0.382532 0.104082 0.241033 204 188 174
-0.383675 0.100781 0.244556 194 170 144
-0.378514 0.0707719 0.257128 217 154 102
-0.382706 0.0901505 0.234735 78 56 46
-0.361272 0.0334786 0.298994 206 200 196
-0.380647 0.1053 0.23924 196 160 118
-0.382602 0.0689798 0.266927 186 152 118
-0.387805 0.107485 0.236831 200 162 118
-0.37385 0.0923107 0.253512 199 166 126
-0.371197 0.0895926 0.259569 190 156 116
-0.328433 0.069637 0.278395 178 142 103
-0.381795 0.0705327 0.257121 168 106 54
-0.368056 0.08707 0.264343 184 148 106
-0.33771 0.0394629 0.27862 204 198 196
-0.380168 0.0920946 0.232306 74 52 42
-0.363564 0.0864751 0.260712 189 154 114
-0.372174 0.0953407 0.252699 194 159 118
-0.382658 0.0907653 0.235077 72 50 40
-0.377524 0.0940239 0.252069 189 150 110
-0.38247 0.100362 0.24571 196 160 123
-0.374064 0.0927976 0.253703 198 166 124
-0.380606 0.0999649 0.243457 194 202 208
-0.350907 0.0218001 0.278747 209 206 204
-0.406056 0.112437 0.231875 200 168 127
-0.379161 0.0934814 0.232491 71 46 34
-0.395123 0.106027 0.240595 204 164 119
-0.380577 0.0903215 0.232122 82 59 48
-0.394091 0.111324 0.236152 196 155 113
-0.366261 0.0886731 0.257588 193 159 118
-0.367271 0.0854698 0.261657 180 144 106
-0.376307 0.0947249 0.249172 188 150 110
-0.377862 0.0631919 0.253472 134 43 54
-0.378563 0.0879196 0.24084 195 160 118
-0.365415 0.0879813 0.259033 198 164 124
-0.353666 0.0879848 0.256196 188 153 112
-0.374141 0.0910985 0.250649 192 158 117
-0.383567 0.0994244 0.245695 196 156 112
-0.429758 0.0795596 0.286966 184 144 101
-0.381927 0.0963339 0.251166 198 162 123
-0.378416 0.0935688 0.253304 188 150 110
-0.378545 0.0887001 0.23803 120 92 66
-0.338665 0.058498 0.286033 180 177 172
-0.382377 0.100746 0.238001 210 198 170
-0.337029 0.0543246 0.28511 183 176 168
-0.368702 0.084353 0.261897 35 37 47
-0.338512 0.0591098 0.286472 174 172 168
-0.369316 0.0838721 0.258087 178 141 110
-0.378648 0.0992577 0.239297 112 80 44
-0.337702 0.0566316 0.286065 194 189 182
-0.328849 0.0568554 0.294301 186 185 180
-0.338576 0.0560863 0.28486 182 176 170
-0.373669 0.0956554 0.233738 130 98 70
-0.372649 0.080278 0.254177 189 134 82
-0.384144 0.110849 0.233513 192 155 116
-0.385431 0.0627486 0.255081 166 114 116
-0.386414 0.108348 0.234488 192 153 110
-0.347241 0.0650514 0.271397 174 174 174
-0.350345 0.0858211 0.259039 187 153 112
-0.376742 0.0980316 0.246752 118 88 54
-0.383776 0.0993465 0.242631 232 246 247
-0.371424 0.0984303 0.239699 66 40 21
-0.388248 0.110831 0.234438 190 150 110
-0.378973 0.0885532 0.234367 145 115 87
-0.38318 0.06228 0.25352 128 30 52
-0.335398 0.0576294 0.28469 200 198 190
-0.377022 0.0970333 0.247223 156 121 85
-0.379635 0.108205 0.235173 179 142 101
-0.34315 0.0623822 0.283192 173 162 148
-0.373136 0.0901383 0.250201 192 160 118
-0.368959 0.100929 0.241071 192 156 113
-0.380783 0.11135 0.233337 192 156 116
-0.362757 0.0879925 0.258755 196 162 122
-0.373028 0.0901798 0.255465 191 154 115
-0.379165 0.108575 0.233629 183 145 104
-0.379458 0.0910001 0.234943 82 60 53
-0.376955 0.0595167 0.25715 155 50 78
-0.374994 0.108253 0.241859 195 160 118
-0.367447 0.0808859 0.258141 185 148 110
-0.374783 0.0947377 0.234798 63 38 28
-0.359696 0.0872603 0.250862 188 152 112
-0.3801 0.0619551 0.25165 145 30 58
-0.385211 0.105309 0.237768 191 150 107
-0.377804 0.0935815 0.234625 73 52 42
-0.383345 0.11069 0.234437 192 154 114
-0.384053 0.101148 0.244067 191 164 138
-0.33935 0.0440476 0.269886 202 194 188
-0.390486 0.111821 0.233399 184 144 104
-0.389536 0.110165 0.234448 194 154 114
-0.370378 0.0859024 0.256486 192 158 120
-0.338868 0.0622922 0.286979 166 156 138
-0.392082 0.113341 0.233028 188 154 116
-0.357736 0.0957998 0.245607 162 132 96
-0.38318 0.0913139 0.2343 72 51 41
-0.321873 0.0611999 0.283172 190 188 182
-0.358323 0.044569 0.298058 201 196 193
-0.382047 0.100892 0.246378 194 162 128
-0.318412 0.0592361 0.284735 190 184 178
-0.39116 0.108059 0.237141 192 153 110
-0.379269 0.0877273 0.238041 192 156 116
-0.39636 0.113581 0.229762 178 142 104
-0.337743 0.0371935 0.299669 202 197 193
-0.336361 0.0794918 0.264144 180 144 106
-0.338845 0.0550561 0.287149 188 184 178
-0.354928 0.0965502 0.247296 148 120 87
-0.367727 0.0571184 0.294444 188 157 124
-0.368615 0.0862946 0.262528 181 148 110
-0.36705 0.105068 0.244746 183 142 100
-0.375073 0.0896706 0.249158 192 160 118
-0.409054 0.112722 0.226792 164 130 94
-0.327846 0.0722771 0.28123 176 142 103
-0.322004 0.0600206 0.28729 192 189 186
-0.38062 0.0635517 0.251062 131 39 60
-0.40768 0.114021 0.226283 157 121 85
-0.384819 0.0933737 0.236063 106 90 77
-0.408957 0.112334 0.222923 156 120 84
-0.348077 0.0304227 0.28856 207 200 197
-0.399124 0.115102 0.230828 170 136 98
-0.391952 0.112137 0.23363 180 146 104
-0.373073 0.0935227 0.251875 196 163 122
-0.369521 0.089381 0.256244 195 162 121
-0.380147 0.110454 0.234097 184 146 104
-0.390544 0.10152 0.240754 198 158 112
-0.342836 0.0512323 0.276721 191 184 178
-0.369733 0.090441 0.256293 194 162 120
-0.378319 0.0957755 0.252301 186 149 108
-0.367245 0.0856108 0.260552 185 150 112
-0.383407 0.0659504 0.26449 182 152 118
-0.39591 0.112167 0.232891 192 162 124
-0.381647 0.096439 0.248907 191 156 116
-0.340147 0.028143 0.281841 202 198 194
-0.378537 0.0888348 0.236328 92 68 57
-0.381069 0.0978248 0.240863 184 178 101
-0.368692 0.0811308 0.259632 120 72 37
-0.381248 0.0638381 0.258364 88 22 28
-0.356478 0.0991484 0.249107 124 94 68
-0.379685 0.0672507 0.252429 58 24 14
-0.374829 0.0989703 0.237129 180 145 105
-0.35724 0.0485316 0.284489 192 186 178
-0.383376 0.0937114 0.237029 100 85 74
-0.376672 0.0945445 0.232809 62 36 22
-0.357503 0.067829 0.263764 174 143 106
-0.36315 0.0933084 0.242549 183 148 106
-0.335894 0.0527259 0.283981 192 184 178
-0.360703 0.102205 0.24735 182 146 104
-0.378794 0.0945085 0.253758 188 152 112
-0.36212 0.0990791 0.244641 122 92 63
-0.38238 0.064344 0.252617 122 30 48
-0.386101 0.110399 0.23709 190 150 108
-0.343108 0.0536795 0.277273 176 168 159
-0.375573 0.0839866 0.250892 181 146 109
-0.368211 0.0985675 0.23921 178 148 110
-0.355491 0.0942687 0.247659 181 146 104
-0.353232 0.0457651 0.286064 196 190 182
-0.379597 0.0961214 0.236915 62 38 24
-0.348097 0.0831433 0.264103 171 134 98
-0.341178 0.0500274 0.277078 184 176 169
-0.345263 0.0435494 0.297372 195 190 180
-0.394656 0.114249 0.229152 190 153 112
-0.376406 0.0920275 0.257125 189 153 112
-0.358182 0.0986223 0.250259 61 38 24
-0.357731 0.0774711 0.248639 170 136 98
-0.375789 0.0859939 0.253379 178 146 107
-0.356678 0.0965122 0.247905 133 105 75
-0.357823 0.0485438 0.284452 194 188 182
-0.35516 0.0458924 0.285931 190 185 178
-0.371886 0.0620947 0.280308 186 156 126
-0.380322 0.0934825 0.237733 58 37 24
-0.396645 0.113267 0.231965 194 158 114
-0.37159 0.105949 0.238427 186 150 108
-0.370641 0.0645238 0.284455 178 147 114
-0.380959 0.070116 0.269917 198 152 105
-0.354042 0.0673066 0.268192 174 144 106
-0.371099 0.0955642 0.241344 62 42 32
-0.380867 0.0697037 0.272002 186 155 124
-0.367755 0.0627936 0.286464 182 151 118
-0.384227 0.0598672 0.256539 188 188 186
-0.358116 0.0382786 0.286853 197 192 189
-0.32903 0.0718323 0.280191 177 144 106
-0.376733 0.0605697 0.272518 181 150 120
-0.343524 0.0564174 0.275293 193 187 182
-0.398757 0.10513 0.240849 197 156 112
-0.365903 0.0962342 0.240267 125 96 70
-0.379653 0.0898278 0.242204 184 150 110
-0.383606 0.087773 0.237422 189 155 116
-0.355685 0.0918639 0.248351 188 154 112
-0.337757 0.0773018 0.269235 171 136 99
-0.376921 0.0879902 0.244279 190 156 114
-0.364204 0.0893501 0.248644 188 152 109
-0.363773 0.0812888 0.263615 176 142 106
-0.381755 0.0932206 0.240424 183 150 113
-0.385409 0.100314 0.245743 198 160 118
-0.375725 0.090775 0.245372 182 146 108
-0.361923 0.0884449 0.265353 186 152 113
-0.340837 0.0062127 0.30664 206 201 198
-0.341858 0.0619682 0.274167 180 178 174
-0.359424 0.101131 0.24503 178 146 108
-0.350965 0.0631235 0.274377 157 156 154
-0.381543 0.0630774 0.262527 179 148 117
-0.369328 0.0913375 0.26512 189 153 111
-0.311285 0.0308509 0.289369 200 192 188
-0.364965 0.0993887 0.243001 176 145 109
-0.367472 0.0880599 0.251396 192 158 117
-0.35085 0.0984852 0.251347 128 100 73
-0.380648 0.0694545 0.256683 209 144 97
-0.378125 0.071658 0.248419 209 154 108
-0.379308 0.0965614 0.236672 70 42 21
-0.381982 0.0976212 0.235999 178 158 100
-0.38106 0.0998221 0.239446 114 104 60
-0.358196 -0.00390776 0.282815 194 191 184
-0.379821 0.10018 0.242841 72 66 65
-0.379937 0.0608612 0.250173 150 38 66
-0.371628 0.100677 0.241885 180 158 104
-0.382132 0.0936585 0.232565 58 34 23
-0.381425 0.0983673 0.238293 208 200 104
-0.380713 0.0661504 0.261268 205 144 86
-0.350997 0.0409881 0.288663 196 190 182
-0.379908 0.101814 0.240792 68 62 55
-0.334189 0.0292306 0.267896 202 198 192
-0.364364 0.0857259 0.262779 182 146 107
-0.375467 0.0987685 0.237434 148 114 68
-0.380537 0.0692178 0.261872 84 68 58
-0.333581 0.00971567 0.26261 192 184 180
-0.331763 0.0386715 0.278738 198 192 187
-0.380378 0.0940553 0.242839 128 96 61
-0.380963 0.0945026 0.241076 113 88 58
-0.359556 -0.00136535 0.283363 198 194 189
-0.386302 0.0664201 0.256418 178 148 108
-0.363386 0.0586581 0.282787 180 173 162
-0.385881 0.0924433 0.235083 114 89 67
-0.329136 0.0408068 0.28394 188 181 174
-0.333057 0.0476189 0.289559 196 192 188
-0.367914 0.0908177 0.264102 186 148 106
-0.330263 0.0395053 0.255367 200 192 188
-0.384118 0.0613174 0.247526 152 32 60
-0.322622 0.033513 0.25646 196 188 186
-0.342442 0.0241423 0.276287 206 203 200
-0.374021 0.0656826 0.283727 188 155 120
-0.363183 0.0619179 0.293404 184 154 119
-0.383337 0.0659257 0.288033 130 103 80
-0.379301 0.101714 0.242014 46 40 38
-0.38074 0.100892 0.240087 56 52 44
-0.377592 -0.0247678 0.320257 210 204 202
-0.369193 0.0727209 0.255436 174 138 102
-0.378115 0.093121 0.253438 191 154 113
-0.334458 0.0238563 0.267409 182 173 166
-0.375598 0.0949201 0.245631 134 104 68
-0.37811 0.0674815 0.267289 188 155 119
-0.366193 0.0562293 0.260031 202 198 191
-0.373505 0.0920201 0.244689 64 38 19
-0.415388 0.0628615 0.285892 192 158 121
-0.364789 0.0151092 0.283616 204 199 196
-0.37456 0.100109 0.239863 182 160 102
-0.37831 0.0718947 0.250249 168 118 74
-0.343526 0.0374125 0.289662 202 198 194
-0.382941 0.104884 0.243782 183 141 92
-0.355813 0.0510874 0.293346 198 195 189
-0.377876 0.0991016 0.242322 220 216 126
-0.383469 -0.00910882 0.290386 214 210 206
-0.379974 0.0706397 0.263466 68 58 72
-0.376726 -0.0240427 0.321599 210 204 204
-0.382888 0.0930134 0.240533 154 120 83
-0.343663 0.0714206 0.270521 176 143 106
-0.365232 0.102712 0.246158 189 164 108
-0.323819 0.0332456 0.26216 198 192 188
-0.383833 0.0905499 0.232191 86 66 54
-0.374091 -0.0379448 0.328081 210 205 201
-0.334804 0.0401447 0.277622 194 186 182
-0.383765 0.100537 0.244323 182 159 134
-0.359424 0.041408 0.309574 184 180 174
-0.375529 0.0970366 0.247571 114 84 48
-0.432365 0.0745219 0.281461 51 48 50
-0.384881 0.100606 0.243889 196 156 108
-0.377874 0.0117773 0.299834 206 202 198
-0.372028 0.0915596 0.255402 188 152 114
-0.348092 0.0268052 0.279126 207 203 198
-0.372407 0.0586292 0.274274 180 180 174
-0.375681 0.069632 0.257156 183 136 102
-0.389013 0.0969054 0.250379 194 153 110
-0.32885 0.0425942 0.276973 196 188 182
-0.367875 -0.0279788 0.317203 212 207 203
-0.382452 0.0979108 0.24183 110 80 54
-0.381992 0.0986231 0.244276 186 147 105
-0.346582 0.0237266 0.281248 199 195 190
-0.360302 0.037506 0.305837 185 180 174
-0.385336 0.100362 0.242106 228 234 238
-0.379644 0.0981152 0.236791 176 154 100
-0.382247 0.0906467 0.234909 72 50 38
-0.380715 0.0958302 0.236579 72 43 19
-0.382818 0.0924389 0.239471 180 144 103
-0.349859 0.0434654 0.283009 202 198 194
-0.374524 0.0957461 0.246842 118 88 57
-0.38218 0.0972013 0.240128 166 150 80
-0.376436 0.0681765 0.253369 118 112 110
-0.376226 0.0638269 0.266536 178 146 110
-0.411185 0.0648733 0.301449 186 153 115
-0.381636 0.067589 0.264236 182 150 116
-0.377353 -0.0322641 0.320971 198 192 188
-0.38329 0.0629613 0.261524 180 152 117
-0.378124 0.00829251 0.299774 213 211 208
-0.35289 0.0465855 0.291257 196 190 185
-0.409937 0.0652001 0.307401 149 124 92
-0.370908 0.0553839 0.29825 183 154 120
-0.343963 0.0489917 0.300154 198 194 189
-0.41719 0.0644722 0.304319 30 20 11
-0.380583 0.0640697 0.262724 178 148 113
-0.398716 0.106732 0.239047 212 175 130
-0.366556 0.0973892 0.256875 181 144 103
-0.379582 0.0964647 0.243255 121 92 55
-0.379714 0.0677473 0.255614 124 68 30
-0.367709 0.00539229 0.272788 204 202 200
-0.377033 0.0723763 0.253937 167 120 79
-0.385585 0.0898058 0.230598 81 58 48
-0.414745 0.0655419 0.295516 152 125 92
-0.335943 0.027915 0.245774 190 182 179
-0.379061 0.0979422 0.246177 170 134 96
-0.333948 0.0219563 0.266833 188 179 174
-0.384547 0.0914709 0.23485 56 34 21
-0.378361 0.0709927 0.254407 208 154 107
-0.372005 -0.0330211 0.327869 214 209 206
-0.376756 -0.0347765 0.32868 206 200 196
-0.378427 -0.00394034 0.287544 205 202 198
-0.354929 0.0341108 0.294987 204 200 197
-0.388138 0.0560925 0.21575 171 162 154
-0.38456 0.0649221 0.262449 186 156 120
-0.356645 0.0438027 0.281777 196 192 187
-0.380892 0.0922826 0.237346 56 34 22
-0.378806 0.0884765 0.234808 138 108 77
-0.356779 0.0371395 0.301296 204 200 196
-0.35056 0.0484659 0.305881 194 194 191
-0.385928 0.104294 0.240789 192 150 102
-0.383919 0.0856819 0.230557 186 153 110
-0.364137 0.0885477 0.257159 192 159 117
-0.422756 0.0635326 0.271388 40 24 11
-0.368688 -0.0368453 0.327901 214 210 207
-0.369281 0.0729037 0.251006 176 140 104
-0.37256 0.0899313 0.24423 191 158 112
-0.383829 0.100631 0.245111 196 158 112
-0.34987 0.0393044 0.262788 194 188 180
-0.377442 0.0897719 0.248422 186 152 112
-0.422302 0.112043 0.228261 168 136 99
-0.381845 0.0980061 0.24514 184 144 100
-0.321616 -0.0005673 0.276586 188 180 176
-0.356791 0.0202335 0.304532 203 202 200
-0.385237 0.0866769 0.228029 192 159 113
-0.377667 0.0928421 0.24105 56 34 20
-0.344248 0.0368601 0.294651 196 190 184
-0.397729 0.113757 0.232361 198 158 118
-0.352943 0.0519045 0.288881 198 195 188
-0.378801 0.0698755 0.253471 181 128 90
-0.321239 0.0347721 0.26163 190 182 178
-0.380202 0.092235 0.23955 57 33 18
-0.381521 0.0598889 0.283682 190 160 126
-0.379946 0.0868442 0.240512 188 154 112
-0.376019 0.0945231 0.251555 184 145 104
-0.351533 0.0627132 0.267703 182 182 180
-0.353952 0.0462377 0.305891 179 175 169
-0.415505 0.112012 0.225419 176 141 102
-0.37872 0.0671952 0.279103 181 148 113
-0.345823 0.0370552 0.292216 198 192 187
-0.351683 0.036496 0.293543 200 196 192
-0.374227 0.0926913 0.254604 194 159 119
-0.381968 0.0615281 0.252509 140 88 100
-0.38223 0.0904667 0.236278 66 44 32
-0.381994 0.0878074 0.239769 190 156 115
-0.390135 0.00023462 0.281145 210 208 204
-0.36799 0.0862596 0.260828 189 156 116
-0.35683 0.0474842 0.314902 188 190 188
-0.376053 0.103392 0.259806 202 166 121
-0.356083 0.0569056 0.298079 184 154 118
-0.40115 0.0795391 0.217306 174 138 101
-0.385267 0.0649658 0.254125 172 107 68
-0.391441 0.065795 0.251577 189 159 124
-0.418387 0.114312 0.227078 166 132 96
-0.323778 0.0703093 0.281337 168 135 98
-0.383669 0.0941676 0.232156 57 34 20
-0.328152 0.0382494 0.257816 194 187 179
-0.303306 0.0682448 0.285229 172 171 168
-0.338517 0.0211785 0.26933 203 198 195
-0.40187 0.108202 0.24188 203 168 124
-0.369007 0.05964 0.291633 182 151 118
-0.381115 0.0888693 0.237908 92 60 36
-0.430408 0.060537 0.267783 62 66 71
-0.419117 0.109021 0.234008 184 144 104
-0.383202 0.0652717 0.251795 194 81 114
-0.321567 0.0106262 0.270763 200 194 190
-0.323278 0.0325042 0.268688 200 193 190
-0.3835 0.065304 0.285073 172 141 111
-0.373749 0.095006 0.250522 190 154 114
-0.37465 0.00338304 0.301428 210 206 204
-0.384127 0.06633 0.260751 180 150 112
-0.363773 0.0209385 0.294576 205 202 200
-0.378061 0.0992881 0.247857 184 144 102
-0.416179 0.111285 0.232635 184 146 104
-0.338823 0.0361006 0.276806 204 200 196
-0.381714 0.0673935 0.280782 191 157 122
-0.373579 0.0798877 0.242563 182 146 110
-0.343866 0.0220381 0.271364 204 199 196
-0.370012 0.0610705 0.296561 181 151 116
-0.394842 0.111367 0.234239 208 178 134
-0.358473 0.0506994 0.287111 192 188 182
-0.437621 0.0758455 0.276215 186 142 102
-0.366579 0.0189095 0.296364 202 200 198
-0.374909 -0.0246441 0.314083 208 202 200
-0.37016 0.0914806 0.255853 184 148 108
-0.409507 0.110621 0.228493 200 168 126
-0.394906 0.11393 0.234304 203 170 128
-0.379365 0.0947099 0.25094 188 150 108
-0.404964 0.108198 0.236503 206 174 130
-0.44867 0.0701447 0.186076 203 198 194
-0.325615 0.030902 0.255807 189 182 177
-0.369235 0.0905713 0.261668 186 149 107
-0.403969 0.060156 0.301212 190 155 118
-0.408548 0.0624444 0.296604 194 160 123
-0.383273 0.0928592 0.235039 54 32 20
-0.380159 0.0976422 0.242349 113 84 54
-0.355516 0.0452502 0.308015 179 175 169
-0.355853 0.0283508 0.298318 203 200 198
-0.3579 0.0311525 0.298781 206 203 199
-0.408905 0.109553 0.239412 202 164 120
-0.370277 0.0950767 0.250903 188 152 112
-0.37746 0.0978852 0.247726 172 138 100
-0.429497 0.0903415 0.210152 202 166 122
-0.344867 0.0867049 0.262297 184 150 111
-0.335636 0.0436146 0.253508 200 191 187
-0.352123 0.0204785 0.281671 208 206 202
-0.36334 0.0869475 0.259555 184 147 108
-0.376905 0.0727313 0.25249 188 155 111
-0.399865 0.115274 0.231585 202 168 127
-0.359155 -0.00789948 0.291654 206 204 200
-0.404364 0.0975819 0.224835 198 162 114
-0.369972 0.0609112 0.280118 180 149 114
-0.350869 0.0460759 0.282444 203 199 194
-0.365718 0.042209 0.274116 205 202 197
-0.373171 0.0925628 0.259068 189 154 114
-0.400028 0.0956059 0.232231 201 162 117
-0.403611 0.107884 0.235915 214 182 140
-0.329749 0.0366122 0.252122 198 190 186
-0.339163 0.0321942 0.259803 187 178 171
-0.366396 0.0860736 0.258211 186 150 110
-0.405038 0.10873 0.22917 192 150 108
-0.38341 0.105444 0.239484 189 151 104
-0.372689 -0.0192108 0.303609 214 210 208
-0.425233 0.0984475 0.218044 195 158 115
-0.365253 0.061186 0.2846 184 154 118
-0.386923 0.0627466 0.274459 186 154 121
-0.349434 0.0418783 0.283888 204 200 195
-0.344328 0.0458888 0.303129 202 198 194
-0.336316 0.0167186 0.260017 198 192 188
-0.381601 0.0922658 0.251399 193 158 117
-0.381422 -0.0285443 0.319344 208 202 198
-0.361106 0.0300477 0.263428 206 200 197
-0.41453 0.11321 0.238082 188 148 108
-0.364818 0.0404468 0.235742 199 192 190
-0.385186 0.0887621 0.23353 71 49 37
-0.369455 0.0314247 0.273056 203 201 198
-0.388328 0.0877767 0.244401 191 155 114
-0.352865 0.0322995 0.290953 204 200 198
-0.382117 0.0574712 0.254847 198 194 190
-0.379036 0.103262 0.240843 106 114 120
-0.380294 0.0684807 0.264393 194 150 105
-0.379873 0.0997691 0.243653 82 85 87
-0.380135 0.0683948 0.262994 108 77 53
-0.383341 0.0618489 0.252185 152 90 100
-0.38134 0.0978731 0.238207 225 220 134
-0.381721 0.096451 0.238435 176 145 93
-0.380444 0.0699467 0.262125 10 37 48
-0.384014 0.0625297 0.252081 110 22 35
-0.321153 0.0402767 0.277868 197 194 194
-0.380514 0.101444 0.241845 98 104 102
-0.381375 0.0998654 0.244701 227 248 253
-0.379478 0.0957237 0.237755 72 47 32
-0.380103 0.0705461 0.261671 12 24 34
-0.382182 0.0968976 0.238377 136 118 44
-0.364831 0.0882848 0.259177 194 161 120
-0.379631 0.0961892 0.242986 115 85 54
-0.382394 0.0677145 0.25602 229 132 64
-0.381852 0.0985554 0.238918 225 224 139
-0.381818 0.0994824 0.243816 222 245 249
-0.38068 0.096068 0.234012 70 40 19
-0.36922 0.0881917 0.259799 190 158 118
-0.380972 0.0593621 0.252371 178 124 127
-0.379501 0.0598827 0.249655 169 131 142
-0.381103 0.0992255 0.240569 168 162 100
-0.380825 0.0975255 0.23683 176 148 92
-0.381948 0.0672401 0.256997 240 139 83
-0.381091 0.0608012 0.251515 96 20 36
-0.359026 0.0301892 0.298475 194 191 184
-0.384269 0.0617356 0.254032 158 116 101
-0.37947 0.0596023 0.250753 164 54 83
-0.381456 0.0589092 0.253805 188 168 149
-0.36127 0.0270191 0.297961 190 185 181
-0.382941 0.101656 0.243658 228 238 246
-0.385478 0.104709 0.240494 190 150 102
-0.33027 0.0419672 0.282761 196 191 186
-0.38216 0.0914635 0.230471 90 68 59
-0.38124 0.069087 0.255382 145 90 54
-0.35881 0.0374297 0.305526 200 197 193
-0.377459 0.0697797 0.250531 174 127 86
-0.383001 0.100037 0.24496 181 154 128
-0.325874 0.0274833 0.264332 198 194 192
-0.362091 0.0350258 0.304819 202 199 196
-0.371904 0.0904708 0.257531 184 148 109
-0.371777 0.0897194 0.257712 184 150 111
-0.359534 0.0360959 0.303271 200 198 195
-0.322772 0.0436789 0.276074 192 186 179
-0.398918 0.106134 0.238721 208 174 128
-0.390892 0.0987187 0.247134 200 160 115
-0.344289 0.0264053 0.281411 204 200 198
-0.382439 0.0670132 0.257275 244 143 78
-0.360375 0.0346276 0.303968 190 183 176
-0.344799 0.028732 0.285026 205 202 200
-0.357268 0.0384395 0.303346 200 197 194
-0.393789 0.0995051 0.246413 196 154 108
-0.349767 0.0252063 0.284973 202 200 198
-0.381321 0.0582184 0.250351 140 82 96
-0.401715 0.108243 0.236503 212 180 136
-0.380831 0.103166 0.240829 228 242 248
-0.353082 0.0469046 0.306271 204 203 198
-0.325914 0.0264394 0.264136 200 196 194
-0.386231 0.109679 0.234697 194 157 112
-0.366593 0.0890685 0.258676 194 158 118
-0.367255 0.0296542 0.301959 204 200 197
-0.360783 0.0184924 0.291059 202 198 194
-0.378762 0.0966067 0.250225 194 156 113
-0.359616 0.0184968 0.289048 204 201 200
-0.350269 0.033676 0.290901 195 190 185
-0.36427 0.0274952 0.298755 204 200 200
-0.331506 0.035282 0.277312 195 190 185
-0.31898 0.0281702 0.259686 192 186 183
-0.327391 0.0253481 0.264945 192 186 186
-0.333973 0.0428048 0.285814 199 196 193
-0.35484 0.038687 0.301777 201 199 196
-0.391808 0.0634995 0.278623 86 66 56
-0.381654 0.0640595 0.252132 227 111 154
-0.383055 0.0937601 0.237207 98 82 74
-0.381563 0.101927 0.240678 57 58 58
-0.382692 0.102563 0.243166 228 238 246
-0.381465 0.0996873 0.23788 210 204 118
-0.365172 0.087209 0.259282 191 158 119
-0.359321 0.0348937 0.302442 202 198 194
-0.379391 0.0692753 0.256469 139 82 49
-0.36261 0.0204956 0.293593 202 198 196
-0.377492 0.063777 0.248887 180 164 142
-0.385093 0.0608034 0.254258 179 162 143
-0.388784 0.060311 0.27592 136 76 47
-0.383755 0.100664 0.243706 220 230 238
-0.317792 0.0376225 0.266459 186 180 176
-0.383474 0.0910512 0.233695 72 50 41
-0.377582 0.072317 0.250946 178 141 106
-0.383837 0.0605237 0.253837 160 118 104
-0.323386 0.0428183 0.276191 196 191 188
-0.38044 0.0662886 0.257151 119 52 17
-0.378149 0.069111 0.253815 225 178 142
-0.350608 0.0285157 0.289285 200 198 194
-0.387096 0.10765 0.235523 192 154 110
-0.384063 0.0623945 0.25378 90 22 34
-0.349785 0.0296937 0.290323 200 198 194
-0.380181 0.0607811 0.253959 130 48 64
-0.381522 0.0663977 0.257853 240 135 62
-0.317607 0.0405885 0.276361 196 192 189
-0.383625 0.0622814 0.255571 145 50 60
-0.363885 0.0202268 0.294215 205 200 198
-0.345447 0.0285611 0.285992 200 196 191
-0.391694 0.100424 0.245868 194 152 106
-0.335346 0.0367344 0.282564 202 198 196
-0.39385 0.110566 0.232294 191 150 103
-0.419743 0.11039 0.233634 200 160 112
-0.384278 0.0944053 0.252122 191 156 115
-0.393813 0.10618 0.239872 196 154 108
-0.399981 0.112128 0.229566 201 160 114
-0.324045 0.0461459 0.281117 198 194 190
-0.376097 0.0681708 0.252792 217 174 134
-0.360865 0.0308792 0.302358 200 195 190
-0.326588 0.0463965 0.282184 196 192 188
-0.3808 0.0704618 0.279182 194 160 124
-0.36603 0.0885827 0.258528 186 152 112
-0.343936 0.0311453 0.285154 202 199 196
-0.376662 0.0703597 0.24908 210 151 102
-0.381363 0.0993532 0.240725 110 100 60
-0.381375 0.101859 0.235663 206 186 166
-0.381149 0.089912 0.23838 64 36 18
-0.381216 0.0653952 0.259617 196 104 39
-0.379452 0.103883 0.238445 210 192 172
-0.378852 0.0984077 0.245641 120 88 54
-0.39915 0.107664 0.237769 203 163 117
-0.395075 0.10724 0.23753 192 149 103
-0.32226 0.0454054 0.274623 198 193 188
-0.333648 0.0200876 0.26574 188 182 176
-0.37882 0.0714573 0.251983 42 94 130
-0.381861 0.0899255 0.235752 74 52 42
-0.323373 0.0277762 0.262103 196 192 190
-0.330083 0.032823 0.271939 197 194 191
-0.380834 0.0902317 0.230949 116 90 70
-0.332468 0.0213873 0.264734 200 195 192
-0.333464 0.0184393 0.267302 200 198 196
-0.372102 0.0917292 0.257019 191 154 116
-0.368821 0.0907003 0.256867 190 156 118
-0.349407 0.0361638 0.293911 204 200 198
-0.340869 0.0326136 0.283436 202 198 196
-0.398315 0.105671 0.239281 198 152 106
-0.324369 0.0279072 0.262929 196 192 191
-0.328583 0.0419762 0.274447 200 196 194
-0.360554 0.0234277 0.294432 206 202 198
-0.381103 0.0930335 0.239368 120 90 61
-0.365189 0.0204588 0.295564 204 200 198
-0.378938 0.0706305 0.269643 226 148 62
-0.427307 0.0820154 0.274871 202 164 122
-0.38051 0.0955491 0.233884 64 36 22
-0.382153 0.100517 0.24633 193 156 110
-0.42584 0.0827011 0.271712 202 162 120
-0.342606 0.035196 0.286794 199 196 194
-0.340621 0.0244233 0.276544 200 198 197
-0.414719 0.111159 0.233472 200 164 121
-0.384416 0.0939105 0.235484 138 121 108
-0.381543 0.0952027 0.239641 224 210 185
-0.375849 0.0711816 0.248219 166 114 74
-0.384337 0.0614913 0.252598 128 30 51
-0.361171 0.0358978 0.303442 190 184 178
-0.349056 0.0476732 0.294389 192 188 182
-0.379719 0.0692518 0.255628 130 67 31
-0.326291 0.0656803 0.280306 175 174 172
-0.381291 0.0916894 0.236585 64 42 29
-0.353114 0.0492122 0.291948 194 190 185
-0.370999 0.0906721 0.260725 187 150 109
-0.352979 0.0528982 0.293272 186 185 181
-0.380716 0.0660775 0.254625 99 34 18
-0.356715 0.0281227 0.305099 195 189 184
-0.367814 0.103315 0.24478 206 185 122
-0.386372 0.0661988 0.281993 136 109 84
-0.380141 0.0977222 0.243749 110 82 50
-0.377406 0.0685835 0.251838 128 152 160
-0.383518 0.0918892 0.236653 56 34 22
-0.350198 0.0391654 0.288839 198 193 187
-0.337801 0.0642658 0.281857 168 154 136
-0.377541 0.0976786 0.248818 194 156 115
-0.339662 0.0497596 0.281178 204 198 192
-0.351276 0.0477604 0.293453 187 182 175
-0.376969 0.0710544 0.252434 50 95 126
-0.372495 0.103907 0.243978 217 195 140
-0.378118 0.0957722 0.243595 123 95 64
-0.374808 0.0707175 0.254383 60 96 124
-0.374739 0.0970473 0.251592 188 150 108
-0.36952 0.0898231 0.262136 189 155 116
-0.353909 0.0533166 0.293824 184 184 180
-0.36169 0.0853697 0.263276 192 158 118
-0.328758 0.0412253 0.286827 202 196 191
-0.40893 0.110902 0.22981 192 160 120
-0.34351 0.0687975 0.271078 180 145 108
-0.305766 0.0626737 0.292076 178 174 170
-0.377301 0.0901881 0.239149 83 60 48
-0.357558 0.0329255 0.30729 189 184 178
-0.380485 0.0668468 0.255457 114 60 26
-0.371619 0.0893987 0.239922 196 162 118
-0.336023 0.0535376 0.282872 198 194 190
-0.383578 0.0693219 0.268616 185 153 120
-0.418457 0.0673502 0.279609 184 154 120
-0.373972 0.0939457 0.240942 72 50 40
-0.423297 0.0632963 0.273796 61 56 51
-0.333769 0.0575154 0.282686 181 176 169
-0.365447 0.0211439 0.297115 205 201 199
-0.365847 0.0636193 0.2893 184 154 120
-0.346253 0.0423084 0.29527 192 187 180
-0.381023 0.0664899 0.26 248 150 69
-0.353802 0.0368354 0.286913 206 202 202
-0.376118 0.0607214 0.288416 184 152 118
-0.348041 0.0408305 0.295915 202 200 196
-0.335371 0.0303989 0.292319 205 202 199
-0.375308 0.0930435 0.241598 69 46 34
-0.373691 0.0914853 0.254945 193 158 118
-0.379334 0.0901556 0.233901 84 61 51
-0.41327 0.0660064 0.291929 194 161 124
-0.346007 0.0623167 0.276605 178 182 184
-0.367275 0.104367 0.245501 216 195 128
-0.383048 0.107307 0.240633 200 166 118
-0.380329 0.060842 0.25229 127 25 50
-0.349032 0.0315312 0.296611 193 188 182
-0.339256 0.0598185 0.280229 188 188 186
-0.35489 0.0486525 0.30568 194 194 194
-0.432485 0.0759419 0.280443 183 144 104
-0.354103 0.0496772 0.295778 176 172 165
-0.315333 0.0644841 0.280807 188 186 182
-0.386082 0.10019 0.245143 202 163 119
-0.380734 0.092967 0.23705 57 35 22
-0.41324 0.0663917 0.290282 196 163 126
-0.369504 0.0222532 0.296563 208 204 202
-0.356594 0.057147 0.291613 176 166 154
-0.351811 0.049954 0.306382 187 187 186
-0.377738 0.101495 0.243839 50 44 38
-0.383134 0.0926712 0.236758 63 36 19
-0.383437 0.0931167 0.230632 63 39 27
-0.327046 0.0707947 0.28175 184 151 113
-0.446295 0.0588858 0.201091 196 190 186
-0.36564 0.0920244 0.254632 197 162 122
-0.35429 0.019731 0.301746 204 200 196
-0.377245 0.0963714 0.247182 153 120 82
-0.405081 0.0656435 0.289773 198 162 127
-0.325101 0.0592836 0.278739 194 189 184
-0.334816 0.0563625 0.284668 196 192 186
-0.354089 0.0865804 0.261489 189 152 113
-0.3681 0.0433582 0.280346 200 198 195
-0.413438 0.0693109 0.285512 208 179 140
-0.38077 0.091708 0.239004 57 34 22
-0.382369 0.0657361 0.251707 116 22 44
-0.38059 0.0663095 0.276933 180 148 112
-0.434024 0.0747163 0.279123 190 156 116
-0.362365 0.0268956 0.295937 187 184 176
-0.409215 0.0648015 0.291883 197 163 126
-0.373882 0.0694831 0.251415 189 151 108
-0.337421 0.0718023 0.263277 176 142 104
-0.388432 0.0695271 0.269663 188 155 120
-0.427333 0.109408 0.229361 133 100 64
-0.349919 0.0366967 0.294416 208 206 202
-0.384302 0.100475 0.246068 202 164 118
-0.358399 0.0436614 0.299511 200 198 193
-0.385599 0.104791 0.241324 195 152 104
-0.386085 0.105294 0.238685 200 163 116
-0.382412 0.0894204 0.236659 68 44 31
-0.377992 0.0967381 0.250241 197 161 120
-0.347028 0.0303066 0.312638 206 202 198
-0.349571 0.049163 0.27699 202 198 196
-0.330871 0.0507357 0.28975 181 174 166
-0.380353 0.0577335 0.24888 200 196 192
-0.380865 0.0713328 0.273493 176 117 78
-0.383813 0.0717303 0.266853 212 115 56
-0.376926 0.0108701 0.298048 202 196 192
-0.377081 0.0719175 0.252422 30 54 71
-0.379253 0.0890401 0.234635 81 58 46
-0.340642 0.0473073 0.304942 192 187 182
-0.375928 0.07024 0.263054 184 118 66
-0.379039 0.0710179 0.249707 194 148 108
-0.333186 0.0454631 0.283719 187 180 173
-0.344807 0.0450327 0.296965 201 196 191
-0.380769 0.0666138 0.255598 101 44 14
-0.380226 0.0689539 0.259134 70 114 146
-0.384563 0.0632206 0.252861 115 16 36
-0.318728 0.0393609 0.286727 196 188 180
-0.375884 0.0138843 0.292125 205 200 198
-0.368791 0.0894131 0.251073 190 156 113
-0.332835 0.050187 0.28534 196 191 185
-0.369573 0.0883927 0.258345 190 156 117
-0.360695 0.0364387 0.304446 188 182 174
-0.317216 0.0616898 0.277317 189 182 177
-0.328809 0.0538299 0.288021 198 193 189
-0.35844 0.090776 0.255209 192 158 114
-0.418117 0.111368 0.233814 162 126 86
-0.311683 0.0603262 0.289534 192 188 182
-0.384837 0.00933487 0.297148 214 208 204
-0.368358 0.0982601 0.241853 56 32 20
-0.324336 0.0536273 0.293507 196 191 187
-0.364941 0.0563982 0.301427 182 151 117
-0.360744 0.0396339 0.306639 186 180 174
-0.380608 0.0956687 0.242417 112 82 50
-0.386097 0.104502 0.237601 192 152 106
-0.386342 0.0936746 0.236343 150 124 92
-0.313038 0.0604724 0.283881 192 185 179
-0.370016 0.0660865 0.289545 184 151 118
-0.316329 0.0653298 0.281739 180 178 174
-0.356209 0.0393516 0.313949 186 179 172
-0.353957 0.039214 0.309593 202 198 194
-0.322133 0.0655524 0.290901 177 146 111
-0.361698 0.0847664 0.263225 187 153 114
-0.381308 0.0715405 0.255392 194 136 86
-0.400177 0.105156 0.24051 194 153 112
-0.374063 0.0924876 0.253076 200 166 125
-0.384344 0.0692876 0.268274 185 152 118
-0.389433 0.100615 0.244457 196 155 110
-0.353579 0.0839226 0.266322 180 143 104
-0.370563 0.0914928 0.253885 186 150 110
-0.377683 0.0956393 0.248616 188 150 108
-0.415874 0.109921 0.229622 162 126 86
-0.383857 0.0893714 0.235078 72 48 36
-0.377866 0.0937293 0.248621 191 154 112
-0.362965 0.0869423 0.260365 187 152 112
-0.37391 0.0677388 0.290434 188 155 122
-0.384063 0.0887124 0.235602 70 42 26
-0.373042 0.0934582 0.252822 192 158 118
-0.370556 0.060448 0.287148 186 156 122
-0.386788 0.0995672 0.252542 199 165 124
-0.363383 0.0877551 0.260185 198 164 125
-0.344387 0.0466562 0.312044 202 200 195
-0.36173 0.0889725 0.257072 194 162 119
-0.376081 0.0623916 0.290862 190 158 124
-0.393554 0.101314 0.246418 200 162 119
-0.391691 0.0981072 0.24805 202 164 123
-0.414974 0.114126 0.230539 156 122 84
-0.38788 0.0861906 0.231035 194 159 116
-0.385253 0.090201 0.234405 61 38 26
-0.344355 0.0499021 0.307266 194 192 190
-0.37778 0.0940154 0.252146 183 144 103
-0.389888 0.104787 0.247249 206 171 128
-0.365132 0.0892466 0.255386 192 158 115
-0.308856 0.0644763 0.283163 182 179 174
-0.380823 0.0563368 0.251113 200 197 191
-0.364478 0.0853892 0.261749 188 152 113
-0.394542 0.102082 0.245953 204 168 126
-0.327647 0.0540266 0.291277 196 191 188
-0.333962 0.0868546 0.271928 190 153 114
-0.362591 0.0594538 0.293001 184 154 120
-0.381597 0.0648286 0.250243 157 54 82
-0.387445 0.0911632 0.228984 75 56 46
-0.371811 0.0637903 0.296834 177 143 112
-0.383455 0.0634361 0.251565 130 46 60
-0.381383 0.0619324 0.250396 139 29 53
-0.315365 0.0627405 0.286792 178 175 169
-0.335658 0.022615 0.26886 201 196 192
-0.390529 0.0618328 0.27574 110 48 23
-0.415778 0.112111 0.228214 182 144 104
-0.335472 0.0214386 0.264803 187 178 174
-0.32099 0.0658657 0.289688 170 144 110
-0.363524 0.0640285 0.297307 186 154 122
-0.3718 0.0914184 0.256147 186 150 112
-0.338683 0.031594 0.305807 200 196 190
-0.366234 0.0100165 0.28103 199 196 194
-0.320231 0.0232922 0.257126 192 184 182
-0.312265 0.0360099 0.260688 190 182 178
-0.382121 0.0877635 0.232616 131 98 68
-0.377145 0.0898741 0.250984 184 148 109
-0.352715 0.0432709 0.319825 191 190 186
-0.359975 0.0497369 0.312723 163 148 132
-0.345608 0.027596 0.278896 201 196 192
-0.375606 0.0620889 0.282689 180 150 117
-0.334692 0.0239131 0.271277 196 191 188
-0.330592 0.0834657 0.268142 176 142 104
-0.383006 0.0945969 0.252234 194 159 119
-0.382279 0.0621358 0.250612 126 26 48
-0.385062 0.103 0.237859 184 162 140
-0.347288 0.0825235 0.272574 178 142 104
-0.409604 0.114315 0.234534 194 160 118
-0.348552 0.0401842 0.301618 198 194 190
-0.333588 0.0331723 0.271465 200 194 190
-0.359996 0.0289109 0.302558 198 192 188
-0.372039 0.00979432 0.287428 203 200 199
-0.416294 0.110063 0.230139 190 150 108
-0.393974 0.110342 0.234434 192 150 107
-0.334138 0.0171582 0.25881 198 191 188
-0.350106 0.0358057 0.298907 194 190 186
-0.36622 0.0248996 0.299034 202 198 195
-0.351641 0.0164371 0.27843 200 196 192
-0.380623 0.0881313 0.235293 126 98 72
-0.381588 0.0869041 0.235706 186 150 107
-0.406924 0.111973 0.231804 202 168 126
-0.37018 0.0138262 0.292992 202 198 195
-0.32584 0.0415509 0.276846 200 194 190
-0.364989 0.0855449 0.257396 186 152 112
-0.382854 0.0654907 0.253624 106 38 24
-0.374803 0.0665426 0.285471 174 142 110
-0.338818 0.0201942 0.267587 198 194 190
-0.395296 0.115439 0.241071 197 158 116
-0.344984 0.0134497 0.264442 200 196 192
-0.348926 0.016008 0.273734 197 192 188
-0.326733 0.0236041 0.257403 198 190 187
-0.351787 0.0120079 0.272623 204 200 197
-0.374987 0.00675219 0.292013 200 196 194
-0.370336 0.0882054 0.253065 187 153 112
-0.337607 0.083838 0.260031 176 142 104
-0.381314 0.0887063 0.233305 78 56 46
-0.375101 0.0104522 0.275858 202 199 198
-0.339631 0.0219529 0.272496 200 195 192
-0.369756 0.0577949 0.286681 181 150 118
-0.38077 0.0703798 0.255441 218 156 106
-0.366437 0.0561686 0.301576 178 148 116
-0.349018 0.0172731 0.275813 199 194 189
-0.376421 0.0110423 0.297702 198 194 190
-0.322802 0.0378417 0.274269 194 188 184
-0.355086 0.0830603 0.265561 176 142 103
-0.327975 0.043043 0.284909 196 190 186
-0.381196 0.0984222 0.240437 195 188 119
-0.312357 0.0465408 0.276741 190 186 184
-0.312568 0.0450613 0.276102 178 176 174
-0.325917 0.0414028 0.283624 198 196 196
-0.318292 0.0430209 0.278288 186 182 182
-0.344 0.0361633 0.296528 198 196 196
-0.310786 0.0455019 0.278363 200 197 198
-0.304097 0.0459019 0.270402 191 189 192
-0.314081 0.0427078 0.278068 196 195 198
-0.379528 0.0698418 0.251921 143 121 110
-0.303996 0.046219 0.271115 192 188 190
-0.311333 0.0432474 0.274722 184 180 178
-0.381979 0.0578114 0.251805 186 168 148
-0.381103 0.06883 0.252097 221 174 140
-0.312293 0.0600161 0.293216 185 188 188
-0.394672 0.0655269 0.28161 146 122 90
-0.381844 0.0616243 0.251414 120 25 46
-0.381642 0.0998676 0.239496 126 112 69
-0.312467 0.0446381 0.276966 186 182 178
-0.379998 0.0965172 0.250058 194 158 118
-0.328833 0.0404962 0.281274 190 186 181
-0.430429 0.0579366 0.270228 53 60 66
-0.382391 0.0977427 0.23728 228 228 142
-0.382013 0.0622338 0.252232 148 82 96
-0.389704 0.0594268 0.275574 146 84 56
-0.385083 0.0640398 0.252241 108 18 33
-0.323485 0.0418892 0.279963 188 184 179
-0.37897 0.0720187 0.254922 214 152 104
-0.381426 0.100091 0.234817 186 146 102
-0.42906 0.05805 0.268123 62 70 76
-0.372002 0.0921043 0.254728 190 157 119
-0.407368 0.111212 0.229031 212 176 126
-0.311005 0.0461894 0.276575 192 189 186
-0.434184 0.0588706 0.270652 45 46 48
-0.381716 0.0605208 0.250271 130 24 50
-0.317102 0.0443655 0.276335 192 188 185
-0.318769 0.0303555 0.261656 194 188 187
-0.381558 0.0588993 0.251483 174 176 165
-0.375309 0.0188535 0.30465 198 196 193
-0.376917 0.0594104 0.249809 166 165 164
-0.382411 0.0960659 0.239505 152 130 63
-0.38243 0.0663504 0.257211 247 140 64
-0.38193 0.106956 0.236731 185 147 104
-0.362784 0.0440408 0.312607 195 195 196
-0.377205 0.093479 0.253046 196 156 116
-0.378628 0.0117066 0.300887 200 197 196
-0.382419 0.0946228 0.234398 59 34 20
-0.31801 0.0486021 0.277718 202 196 194
-0.344931 0.0305062 0.283946 202 200 198
-0.345844 0.0265362 0.283611 200 198 194
-0.384637 0.10866 0.236261 190 155 110
-0.359706 0.0406906 0.308652 184 180 175
-0.357393 0.0437625 0.311356 185 182 178
-0.375683 0.0139935 0.301005 200 197 196
-0.382887 0.0933137 0.235563 51 27 15
-0.380934 0.0596181 0.251087 100 29 39
-0.357014 0.0390455 0.306601 198 196 194
-0.342408 0.0331756 0.28557 200 198 196
-0.377007 0.0909846 0.232329 92 70 54
-0.362747 0.0435116 0.31193 192 193 192
-0.330356 0.0291164 0.269367 198 196 192
-0.379198 0.00982668 0.299729 200 198 197
-0.377111 0.00938408 0.296226 194 190 186
-0.31648 0.0333619 0.262959 196 191 188
-0.384757 0.062461 0.254534 174 74 89
-0.378314 0.0910563 0.231373 87 67 56
-0.34275 0.0325002 0.285858 198 196 194
-0.401447 0.105267 0.239127 212 178 134
-0.364306 0.0229833 0.298031 202 200 198
-0.3349 0.0407288 0.286858 198 196 194
-0.322452 0.0436293 0.279618 204 198 196
-0.351537 0.0224291 0.285602 204 200 200
-0.380035 0.0958203 0.253853 197 160 118
-0.350465 0.0279355 0.289581 201 198 197
-0.33097 0.0334686 0.276847 191 187 181
-0.377377 0.0974549 0.24587 114 84 53
-0.343971 0.0294863 0.284813 200 198 198
-0.336164 0.03229 0.280329 202 198 198
-0.382456 0.0959345 0.238011 176 147 95
-0.382671 0.0629271 0.254186 100 18 33
-0.381295 0.0652328 0.258194 176 87 30
-0.361581 0.023432 0.295041 190 184 178
-0.381888 0.0986995 0.236283 150 115 74
-0.364947 0.0889434 0.25891 193 158 120
-0.318956 0.0443525 0.275584 198 192 188
-0.331875 0.038461 0.279202 193 188 185
-0.385461 0.107466 0.235655 188 150 106
-0.380004 0.0606852 0.2509 154 38 64
-0.378283 0.0710489 0.252044 14 96 144
-0.378173 0.0708726 0.254163 202 149 110
-0.382446 0.103507 0.242699 226 222 219
-0.382523 0.0995279 0.245821 192 148 103
-0.359306 0.0421324 0.309553 195 190 186
-0.35879 0.040993 0.30723 202 198 194
-0.332382 0.0355327 0.283116 200 198 196
-0.397503 0.108409 0.234559 194 152 106
-0.380025 0.090351 0.229307 135 104 78
-0.381972 0.105592 0.23872 191 150 108
-0.394583 0.105414 0.22561 192 152 108
-0.377379 0.0720731 0.252586 38 72 96
-0.417212 0.0453478 0.224068 199 196 195
-0.391619 0.0629036 0.276918 117 60 34
-0.361886 0.0356612 0.305826 202 198 196
-0.354614 0.0457368 0.306287 189 186 182
-0.380467 0.0884419 0.23323 90 68 49
-0.325378 0.0252624 0.262849 198 196 193
-0.384392 0.0986193 0.246871 194 152 108
-0.386005 0.108833 0.233449 192 154 110
-0.385728 0.103128 0.241616 192 150 104
-0.362166 0.0378187 0.307686 200 197 194
-0.381508 0.100792 0.241461 106 106 105
-0.311339 0.0480743 0.27001 184 177 172
-0.360596 0.0166454 0.287184 205 202 202
-0.402725 0.106026 0.239897 211 175 129
-0.368176 0.013952 0.293625 204 201 200
-0.379793 0.087687 0.23809 190 156 114
-0.360094 0.0396434 0.307902 182 178 172
-0.376735 0.0937335 0.252466 190 152 112
-0.381449 0.0885209 0.231347 154 122 96
-0.3607 0.0404996 0.310067 197 194 192
-0.384021 0.0933303 0.236324 54 36 24
-0.351932 0.0331245 0.292492 192 188 182
-0.420413 0.0814443 0.273516 204 169 130
-0.38125 0.0588162 0.255268 177 177 174
-0.349071 0.0317053 0.29295 202 200 198
-0.383534 0.094053 0.236099 106 92 80
-0.380018 0.0618196 0.251774 149 32 57
-0.318104 0.0318749 0.260554 200 194 191
-0.367501 0.0913052 0.255972 188 153 115
-0.379906 0.0955283 0.232325 72 40 26
-0.359037 0.0424363 0.307298 200 196 193
-0.384172 0.0600945 0.254291 181 164 144
-0.35877 0.0359077 0.302396 202 196 194
-0.383092 0.0901016 0.234893 68 45 34
-0.381357 0.0621804 0.249532 138 32 54
-0.379736 0.0880915 0.235966 128 101 78
-0.372482 0.0245086 0.305028 201 196 193
-0.329351 0.0430922 0.280398 203 200 197
-0.345368 0.0317 0.285774 202 200 197
-0.356299 0.0430115 0.308098 200 196 192
-0.378363 0.0962273 0.243869 114 82 54
-0.358027 0.0475187 0.309012 186 188 188
-0.362737 0.0227279 0.293751 192 188 184
-0.345732 0.028214 0.28697 195 190 187
-0.359644 0.0381086 0.307235 184 180 174
-0.382469 0.0688617 0.257585 16 98 151
-0.382116 0.0947129 0.235586 62 36 20
-0.373071 0.0950138 0.252631 193 154 114
-0.333333 0.0230518 0.267134 201 198 194
-0.347778 0.0342319 0.288946 198 194 190
-0.348844 0.0373716 0.294636 202 198 196
-0.356733 0.0384337 0.303507 201 197 194
-0.361072 0.0439787 0.311559 196 192 188
-0.383989 0.108823 0.234514 190 150 107
-0.428349 0.0566742 0.271121 74 78 80
-0.318851 0.0274792 0.255721 200 196 193
-0.375951 0.096467 0.247809 126 92 60
-0.424747 0.0585871 0.269132 129 110 94
-0.361716 0.0143371 0.28733 200 196 192
-0.381149 0.0682616 0.280199 186 152 116
-0.350753 0.0403032 0.298369 201 197 195
-0.40367 0.111845 0.232239 197 156 113
-0.355577 0.0435902 0.30522 198 194 190
-0.380965 0.0971807 0.232963 175 138 98
-0.426697 0.0758724 0.280473 26 25 26
-0.357213 0.0421829 0.313315 180 178 172
-0.380464 0.0607386 0.253549 136 54 70
-0.384896 0.060336 0.246559 168 40 76
-0.424809 0.0708847 0.279214 32 9 5
-0.379914 0.0927765 0.239834 62 38 24
-0.382499 0.0932665 0.239675 120 92 62
-0.373675 0.0682641 0.251744 193 148 103
-0.349577 0.0489105 0.298396 199 195 192
-0.384461 0.0617361 0.251758 148 102 112
-0.393003 0.0629596 0.281074 228 212 192
-0.431013 0.0691614 0.276344 31 30 30
-0.346648 0.0486105 0.297125 196 192 188
-0.366547 0.06457 0.292775 188 158 124
-0.377729 0.0689145 0.274289 184 148 114
-0.382264 0.0589337 0.248537 181 121 137
-0.318 0.064037 0.284689 170 169 165
-0.381339 0.0603132 0.250928 126 25 51
-0.333377 0.0580757 0.287164 193 192 192
-0.360509 0.0329743 0.302661 189 185 180
-0.381322 0.0723399 0.270549 186 84 40
-0.427794 0.0654432 0.265992 36 27 17
-0.368194 0.0931006 0.250101 194 158 116
-0.381322 0.0704351 0.271101 198 133 96
-0.37491 0.0595662 0.253741 128 74 84
-0.344389 0.0438678 0.299074 195 189 182
-0.346684 0.0494195 0.300693 182 178 174
-0.425963 0.0671035 0.273803 12 7 4
-0.376242 0.0105749 0.296001 210 207 205
-0.369454 0.0910861 0.252798 195 160 122
-0.324321 0.0731357 0.265715 174 142 106
-0.328865 0.0827445 0.267029 179 142 103
-0.376534 0.0930808 0.231907 139 111 84
-0.367432 0.0918497 0.252437 192 158 118
-0.331559 0.0689333 0.280177 180 146 108
-0.368192 0.0904009 0.253591 196 162 122
-0.345692 0.0394592 0.295451 194 190 186
-0.349377 0.0533606 0.305573 178 181 184
-0.334208 0.0419657 0.284776 206 202 198
-0.327945 0.0467926 0.284076 201 196 193
-0.377844 0.0618001 0.250126 194 193 188
-0.426123 0.112996 0.232748 144 114 78
-0.36445 0.0670001 0.260758 240 188 140
-0.377635 0.07344 0.253028 188 126 66
-0.383477 0.0624853 0.253356 126 21 43
-0.315746 0.0629956 0.28072 194 192 187
-0.373754 0.104362 0.239563 200 158 116
-0.39331 0.0605485 0.274485 152 90 65
-0.382332 0.090085 0.23898 198 164 122
-0.36576 0.0402872 0.308118 197 196 194
-0.38549 0.0620781 0.251357 122 18 40
-0.390504 0.0650745 0.279079 149 123 100
-0.315404 0.0607333 0.280741 197 191 186
-0.388103 0.0631396 0.294229 172 140 113
-0.381251 0.0713381 0.247905 160 118 84
-0.342784 0.0722175 0.268693 184 150 111
-0.316163 0.0580155 0.280315 192 186 180
-0.432423 0.0584557 0.26757 62 66 70
-0.38013 0.0913808 0.23909 66 38 27
-0.353818 0.0444142 0.305619 198 196 192
-0.377376 0.095203 0.251497 194 157 116
-0.389214 0.0644064 0.247204 102 20 34
-0.345857 0.0821905 0.258261 186 148 111
-0.374038 0.0934045 0.247173 202 168 126
-0.349667 0.0840696 0.260142 184 146 107
-0.381232 0.0613574 0.250039 150 32 60
-0.359702 0.0343866 0.299494 205 201 198
-0.352073 0.0496979 0.26955 202 199 195
-0.424739 0.0696551 0.280998 26 13 10
-0.319183 0.0598428 0.285012 174 168 162
-0.331805 0.0317165 0.27149 204 200 197
-0.378955 0.0540069 0.291778 186 155 122
-0.384246 0.0712745 0.272741 192 158 124
-0.380728 0.062686 0.254544 132 42 60
-0.372739 0.0969785 0.252978 194 156 114
-0.311615 0.0579934 0.285697 192 186 181
-0.373217 0.00888513 0.302157 204 202 199
-0.344883 0.0501685 0.299423 184 181 175
-0.365497 0.0416147 0.308427 199 198 197
-0.367574 0.0905363 0.252942 202 168 127
-0.428718 0.0614126 0.265624 15 12 13
-0.427346 0.0634689 0.259897 32 24 18
-0.422978 0.110025 0.233808 154 121 82
-0.367439 0.0923457 0.251224 191 154 115
-0.344023 0.0499651 0.272084 206 201 198
-0.426968 0.0617074 0.269737 57 51 38
-0.374331 0.0903063 0.244573 198 164 124
-0.32712 0.0688966 0.27431 174 162 149
-0.322249 0.0691585 0.2849 180 146 107
-0.387577 0.103803 0.236816 196 152 108
-0.350805 0.0542621 0.298174 178 180 176
-0.369692 0.0942087 0.249579 206 173 133
-0.349874 0.0238791 0.280072 204 200 197
-0.326829 0.049276 0.288793 201 196 193
-0.321572 0.0797164 0.269108 187 151 113
-0.419395 0.0686973 0.288885 122 96 69
-0.379455 0.0611423 0.254394 143 50 71
-0.353435 0.0249336 0.288498 206 205 203
-0.326086 0.0578585 0.286912 177 171 166
-0.379498 0.0899741 0.235883 83 60 51
-0.382897 0.0663229 0.288917 128 101 82
-0.418952 0.11051 0.23269 169 133 95
-0.426636 0.112388 0.230455 144 114 77
-0.357745 0.058311 0.297884 185 154 120
-0.313753 0.0616512 0.282612 174 166 158
-0.42394 0.0635034 0.270134 26 21 20
-0.375512 0.0924231 0.245748 202 169 128
-0.404366 0.102812 0.237989 198 158 116
-0.36407 0.0652724 0.283911 186 156 119
-0.3654 0.0593764 0.297851 186 156 122
-0.422644 0.0882774 0.269987 198 162 122
-0.417442 0.110811 0.235405 167 130 92
-0.413423 0.112755 0.233708 164 128 89
-0.428861 0.0613131 0.267643 23 22 26
-0.394068 0.0664229 0.274759 130 104 82
-0.349689 0.0515748 0.304376 186 189 190
-0.386796 0.069389 0.282173 194 160 126
-0.371546 0.101244 0.240222 178 141 100
-0.363169 0.0581024 0.301252 182 151 118
-0.354218 0.0895464 0.251863 198 164 124
-0.428071 0.111079 0.229764 136 106 70
-0.338977 0.0826367 0.256748 178 140 102
-0.352229 0.0314654 0.298387 204 200 196
-0.339345 0.0473153 0.305976 194 190 184
-0.383913 0.093715 0.234104 57 34 21
-0.370184 0.0121712 0.292965 227 225 222
-0.382546 0.0889595 0.233339 90 67 58
-0.353358 0.0359086 0.291136 205 203 198
-0.381311 0.0641876 0.250808 132 35 56
-0.384639 0.0633657 0.253379 152 42 70
-0.389129 0.0586858 0.275536 170 135 104
-0.315107 0.0653527 0.286045 176 174 171
-0.375448 0.069769 0.253073 110 92 85
-0.37958 0.0943798 0.231541 68 42 32
-0.304439 0.0576206 0.266419 189 181 174
-0.375358 0.0195498 0.305791 202 197 194
-0.305403 0.0719665 0.275951 162 160 158
-0.315208 0.0451487 0.279645 201 194 189
-0.33911 0.0448332 0.304571 196 192 188
-0.317386 0.0449704 0.275074 193 184 178
-0.348256 0.0413751 0.292853 195 190 184
-0.356846 0.0344631 0.301631 203 198 195
-0.383487 0.0906782 0.229614 78 56 44
-0.302875 0.0687068 0.273111 181 176 173
-0.385334 0.0926424 0.234518 58 36 22
-0.384376 0.0943735 0.237618 218 197 171
-0.313719 0.0644786 0.286857 174 172 168
-0.357747 0.0562314 0.299865 178 150 120
-0.345993 0.038855 0.290701 204 200 196
-0.38703 0.0894224 0.230525 80 59 50
-0.317967 0.0692554 0.283133 178 146 110
-0.343876 0.0204082 0.27398 206 202 200
-0.292394 0.0661831 0.276109 186 178 172
-0.337178 0.0379214 0.283394 204 199 196
-0.377181 0.0999553 0.23878 121 86 54
-0.361516 0.0392562 0.305563 192 186 180
-0.301826 0.0702467 0.275529 172 169 164
-0.363709 0.0894182 0.255292 194 158 118
-0.34545 0.0200587 0.272581 203 199 196
-0.365623 0.088076 0.258382 198 165 124
-0.364272 0.0885415 0.258521 196 163 122
-0.374926 0.100047 0.238386 172 134 94
-0.376547 0.09109 0.247429 194 160 120
-0.31758 0.0611941 0.281788 177 169 162
-0.377974 0.0965768 0.232906 126 96 66
-0.320154 0.0565345 0.284927 194 189 185
-0.371471 0.100217 0.238578 179 144 104
-0.361676 0.06087 0.298323 184 152 119
-0.319819 0.0575404 0.282733 196 192 188
-0.35964 0.0907316 0.253041 193 156 112
-0.381849 0.104214 0.238109 198 162 118
-0.413489 0.1119 0.232061 166 131 92
-0.303025 0.058436 0.267861 188 180 173
-0.324319 0.0663279 0.284139 172 164 152
-0.385215 0.091841 0.236396 162 132 98
-0.380669 0.0692043 0.255381 132 63 27
-0.384127 0.0924583 0.229631 72 48 36
-0.335913 0.0486329 0.282751 190 182 176
-0.363384 0.0507003 0.30691 182 176 165
-0.400695 0.110143 0.231922 199 168 128
-0.321487 0.0591978 0.285567 167 162 155
-0.377755 0.0693253 0.266859 66 87 106
-0.302044 0.0604946 0.268089 194 186 179
-0.356922 0.0343729 0.302794 206 201 198
-0.375351 0.103188 0.238607 192 151 108
-0.325573 0.0672283 0.28345 176 146 110
-0.331871 0.0568049 0.287104 171 166 160
-0.350483 0.0871093 0.25715 187 150 112
-0.370698 0.0656846 0.288744 185 153 120
-0.293129 0.0671708 0.276602 172 162 154
-0.344282 0.0422605 0.298796 198 193 188
-0.374871 0.0894021 0.235526 200 166 123
-0.377028 0.0647941 0.28629 187 154 122
-0.403959 0.104819 0.240635 205 172 131
-0.38553 0.0919073 0.232377 60 39 27
-0.318237 0.0603076 0.286229 200 197 190
-0.343963 0.0280471 0.278476 205 201 198
-0.360118 0.0885605 0.254883 187 148 107
-0.332664 0.0315278 0.265144 204 199 195
-0.436657 0.0808339 0.273013 188 146 104
-0.323748 0.0423755 0.258787 200 192 188
-0.329102 0.0709314 0.278766 177 144 104
-0.361609 0.0514527 0.298323 188 190 190
-0.399473 0.107605 0.233199 196 154 112
-0.317389 0.073507 0.272251 180 147 110
-0.354676 0.0881661 0.257873 196 161 122
-0.360404 0.0886125 0.250821 192 156 117
-0.324755 0.0465979 0.269459 188 180 173
-0.337785 0.0248903 0.271505 192 186 178
-0.335175 0.0257235 0.269437 196 190 186
-0.322167 0.0454436 0.274665 192 184 179
-0.33312 0.0298044 0.271364 190 186 182
-0.303176 0.050566 0.263449 191 184 179
-0.38583 0.0909207 0.232489 63 40 31
-0.349552 0.0104085 0.268895 196 192 188
-0.331353 0.0419357 0.283726 193 188 182
-0.348834 0.0161417 0.274981 192 188 183
-0.376506 0.00760067 0.296491 199 194 191
-0.317672 0.0654261 0.286896 168 167 163
-0.392985 0.0625995 0.27695 122 62 38
-0.391582 0.00164888 0.302553 198 194 190
-0.297416 0.0709564 0.275087 174 170 166
-0.256552 0.0745549 0.300131 164 160 152
-0.365435 0.053361 0.305667 176 146 116
-0.348344 0.0214393 0.277178 189 185 175
-0.306855 0.0512701 0.263932 186 177 172
-0.330804 0.045044 0.28573 183 176 168
-0.360094 0.0162114 0.286826 204 202 197
-0.302869 0.0643754 0.272187 174 166 160
-0.382917 0.0675522 0.257171 241 146 68
-0.303871 0.0611742 0.269076 180 172 163
-0.360893 0.0236466 0.296268 182 176 170
-0.393071 0.000824901 0.300427 194 188 182
-0.305328 0.0684384 0.275148 176 174 170
-0.327563 0.0219483 0.258236 193 186 184
-0.319229 0.0507956 0.27618 190 185 180
-0.316089 0.0458499 0.269955 196 188 184
-0.300834 0.0676841 0.273973 180 174 168
-0.381708 0.0975871 0.242359 114 82 53
-0.381306 0.0953025 0.241814 116 83 55
-0.381262 0.0599977 0.250848 122 34 57
-0.317689 0.0566859 0.281836 194 187 184
-0.34858 0.0236051 0.279811 195 191 186
-0.392142 0.0016807 0.304129 192 185 179
-0.302603 0.0630859 0.27156 167 159 152
-0.318759 0.0449478 0.272025 196 189 184
-0.337916 0.016563 0.258239 198 192 189
-0.33623 0.0182736 0.260882 188 182 178
-0.31805 0.0560351 0.279252 184 177 170
-0.315841 0.0585584 0.28085 188 181 174
-0.334385 0.0222034 0.264218 200 193 190
-0.334888 0.0173615 0.257671 196 192 188
-0.358039 0.0388405 0.306686 195 192 190
-0.321989 0.0315983 0.257397 194 186 184
-0.314626 0.0560171 0.276791 190 182 178
-0.364419 0.0279647 0.300083 195 191 187
-0.33594 0.0158951 0.25814 201 196 192
-0.318377 0.0484848 0.275829 194 189 183
-0.379869 0.0928376 0.230211 72 46 33
-0.315932 0.0545375 0.277473 192 185 180
-0.318603 0.0547145 0.279349 194 188 184
-0.301324 0.0642234 0.27091 184 176 169
-0.375579 0.0944884 0.253763 187 150 108
-0.421484 0.0706362 0.286602 109 58 48
-0.307841 0.0520035 0.264903 190 182 174
-0.38176 0.0584251 0.250833 192 189 184
-0.376547 0.00570487 0.294607 198 196 192
-0.323379 0.0344513 0.281388 198 194 190
-0.332762 0.0626165 0.279234 178 178 175
-0.302869 0.0462729 0.269686 190 182 178
-0.379075 0.0666154 0.252558 96 28 25
-0.335558 0.0204391 0.256687 198 194 190
-0.327222 0.0229037 0.256282 201 194 192
-0.319039 0.0536007 0.279407 192 184 182
-0.40303 0.109356 0.228512 200 162 119
-0.30422 0.0645615 0.274886 185 178 173
-0.357959 0.0369049 0.304131 198 194 190
-0.329811 0.0234394 0.256434 198 192 189
-0.308112 0.0655562 0.276526 188 184 178
-0.313788 0.0653089 0.283875 169 167 164
-0.310921 0.0787247 0.274709 173 138 102
-0.343372 0.0317179 0.285755 200 196 192
-0.313515 0.0538777 0.275242 196 188 184
-0.334392 0.0164843 0.25891 198 194 190
-0.330483 0.0498035 0.287195 194 189 185
-0.311607 0.0612822 0.281313 188 182 178
-0.334289 0.02469 0.268842 192 184 178
-0.310958 0.0485127 0.264032 198 191 186
-0.317383 0.040123 0.265492 197 190 185
-0.321942 0.0905966 0.270364 188 154 116
-0.382447 0.00869092 0.290012 202 198 198
-0.379182 0.0564585 0.251379 200 194 190
-0.33454 0.021058 0.261877 194 190 186
-0.35186 0.0138657 0.274889 197 194 192
-0.38005 0.00799707 0.298286 189 183 177
-0.347051 0.01479 0.273215 202 199 195
-0.320933 0.0483293 0.277354 193 185 182
-0.348927 0.0422844 0.304862 198 194 190
-0.321167 0.053032 0.278352 200 192 188
-0.32747 0.0445932 0.279199 196 192 188
-0.338615 0.0166643 0.260542 202 196 193
-0.416281 0.111203 0.234546 188 149 108
-0.304557 0.0642547 0.27592 190 182 178
-0.32744 0.0315445 0.266798 196 192 188
-0.312691 0.057297 0.278259 192 184 180
-0.351478 0.0293378 0.297731 199 196 194
-0.365955 0.0138049 0.290741 204 202 198
-0.306549 0.0534947 0.266693 194 186 181
-0.3208 0.0483225 0.274659 198 191 186
-0.346674 0.0134174 0.269202 199 195 192
-0.322425 0.0729961 0.274491 168 134 97
-0.382767 0.0635038 0.262957 178 148 116
-0.372339 0.0664646 0.291331 174 141 110
-0.373523 0.0952198 0.253014 188 148 109
-0.318265 0.040033 0.263055 196 188 186
-0.315597 0.0556618 0.277127 198 190 186
-0.338917 0.0247641 0.272201 188 180 172
-0.326803 0.0405409 0.275246 196 192 188
-0.362592 0.0117331 0.282507 202 200 197
-0.305596 0.0601656 0.267343 182 174 167
-0.307276 0.0627496 0.274956 185 179 174
-0.337722 0.0196586 0.264397 200 194 191
-0.332875 0.0172074 0.25774 200 195 192
-0.336599 0.0729532 0.271686 174 139 102
-0.328146 0.0215578 0.259974 198 192 190
-0.365899 0.0197492 0.298824 198 196 194
-0.320946 0.0283811 0.25636 191 183 180
-0.322162 0.0422663 0.274259 200 194 190
-0.322531 0.0512162 0.279927 192 186 182
-0.320055 0.0656958 0.280757 175 174 170
-0.399744 0.0530142 0.311423 184 150 114
-0.302426 0.0549276 0.263715 194 186 178
-0.308282 0.0638229 0.278926 163 156 149
-0.349918 0.0166688 0.276288 205 201 198
-0.318706 0.0597001 0.280749 182 174 168
-0.379766 0.00614352 0.296311 202 200 197
-0.324599 0.0458307 0.274288 196 190 184
-0.307859 0.0530006 0.265213 194 186 181
-0.357996 0.0344101 0.30057 198 194 192
-0.345833 0.0140694 0.281649 200 196 194
-0.376039 0.0634456 0.290495 186 155 124
-0.377955 0.00697795 0.297258 200 196 192
-0.373114 0.07355 0.260114 124 54 17
-0.318153 0.0720093 0.273364 170 139 104
-0.316268 0.051998 0.276665 188 180 170
-0.342659 0.0251255 0.278245 202 198 194
-0.344458 0.0311566 0.284551 200 198 192
-0.307258 0.0550293 0.265035 190 182 176
-0.307872 0.0710612 0.275354 170 169 166
-0.40859 0.107504 0.236294 212 178 134
-0.32212 0.0256542 0.254855 190 182 179
-0.378777 0.0069103 0.297213 200 198 194
-0.338015 0.0585801 0.273458 192 186 182
-0.335391 0.0229474 0.264916 197 189 186
-0.334262 0.0213818 0.266188 184 177 172
-0.31698 0.0801135 0.270273 178 144 107
-0.334979 0.0188898 0.257923 194 190 186
-0.334913 0.0864068 0.258242 178 142 105
-0.375427 0.0727243 0.249075 178 137 100
-0.33547 0.0190689 0.26429 194 187 184
-0.326306 0.044535 0.28081 200 196 192
-0.305257 0.0619913 0.273386 182 176 172
-0.364341 0.0141333 0.287313 198 195 193
-0.387461 0.0674922 0.252864 162 122 92
-0.381731 0.0716286 0.260485 82 50 62
-0.377953 0.101976 0.243159 114 124 128
-0.3682 0.0820525 0.261742 106 66 42
-0.369636 0.0795151 0.264297 18 33 55
-0.346868 0.0329466 0.291241 188 184 186
-0.384315 0.0674033 0.263924 158 118 80
-0.375121 0.0753455 0.265875 131 86 54
-0.380778 0.0707935 0.272993 66 46 50
-0.205396 0.0803505 0.309591 166 171 174
-0.378484 0.105081 0.245001 208 202 201
-0.264589 0.0522201 0.275034 180 181 188
-0.400411 0.0584758 0.276054 102 47 23
-0.382234 0.0892531 0.232146 89 66 64
-0.236952 0.0690002 0.317655 167 169 168
-0.370877 0.0850035 0.26349 30 46 74
-0.29805 0.0444989 0.279666 186 188 191
-0.378804 0.0727279 0.278747 116 89 66
-0.376486 0.0718253 0.276614 117 99 90
-0.250675 0.0557646 0.280552 178 180 184
-0.378656 0.0739384 0.272677 162 60 24
-0.379484 0.0713121 0.27584 52 49 50
-0.397864 0.0660746 0.259086 248 174 76
-0.240555 0.0619832 0.268577 174 178 181
-0.362051 0.0868603 0.272068 16 35 59
-0.213981 0.0773339 0.306447 166 168 172
-0.374524 0.101638 0.242892 104 83 35
-0.378749 0.0726799 0.27746 66 73 76
-0.379174 0.0786159 0.264008 12 32 52
-0.371548 0.0808399 0.265761 10 30 50
-0.386283 0.0670537 0.256233 248 145 38
-0.346997 0.0334613 0.290669 188 186 186
-0.381175 0.0714303 0.250802 23 99 129
-0.382522 0.071895 0.261122 10 54 85
-0.386104 0.0598276 0.251482 100 36 38
-0.379886 0.0625048 0.249606 136 50 53
-0.378123 0.0713592 0.272608 187 98 44
-0.379865 0.097142 0.241478 144 118 60
-0.291174 0.0576034 0.312101 158 158 158
-0.372104 0.105861 0.243582 136 145 148
-0.390625 0.0685599 0.263172 250 143 54
-0.136421 0.0984539 0.310238 170 176 183
-0.312164 0.0433228 0.293797 160 156 160
-0.166999 0.0892283 0.300013 164 167 169
-0.373964 0.0953904 0.240745 188 152 112
-0.371546 0.0709309 0.281472 180 146 110
-0.438804 0.0696877 0.272075 14 14 18
-0.322236 0.0541769 0.320635 167 168 172
-0.382404 0.0696409 0.24928 76 100 117
-0.388463 0.0609705 0.249689 130 51 70
-0.372684 0.0797396 0.271024 192 158 123
-0.386234 0.0617353 0.252998 138 55 39
-0.388333 0.0676184 0.249958 226 171 120
-0.376268 0.102868 0.244139 104 118 130
-0.394097 0.0625169 0.24556 178 114 98
-0.276492 0.0494623 0.270572 180 181 188
-0.381294 0.0709411 0.269269 236 134 56
-0.382229 0.0689236 0.262275 15 54 78
-0.351186 0.0927361 0.265072 196 164 126
-0.37679 0.0999642 0.245996 108 76 46
-0.388219 0.0596754 0.250406 140 42 64
-0.27773 0.0521222 0.271177 189 189 194
-0.383842 0.0706215 0.253114 213 146 96
-0.338232 0.0662627 0.269007 180 149 113
-0.393715 0.0613183 0.247667 199 105 141
-0.385116 0.0669142 0.256277 254 158 76
0.00766442 0.156108 0.263835 119 130 140
-0.385992 0.0634232 0.256761 96 68 56
-0.375012 0.104953 0.247773 200 160 122
-0.31622 0.0708248 0.27962 180 144 110
-0.380775 0.0919692 0.232326 96 72 68
-0.369897 0.0864463 0.267438 176 142 114
-0.314596 0.0725402 0.279249 178 143 108
-0.374416 0.102789 0.242473 178 172 124
-0.292913 0.0477819 0.284113 186 186 189
-0.355333 0.109184 0.245978 188 156 110
-0.326693 0.0805766 0.299915 156 124 93
-0.380418 0.103665 0.245884 202 160 118
-0.367315 0.0678644 0.283374 178 144 108
-0.378198 0.0957221 0.235668 66 38 30
-0.383836 0.0637067 0.249138 139 70 76
-0.365716 0.114181 0.242681 198 156 116
-0.379043 0.0708131 0.269539 211 129 62
-0.370819 0.0795462 0.261664 153 66 33
-0.460496 0.0718138 0.261492 194 155 116
0.197965 0.183571 0.334219 142 152 162
-0.390501 0.0677859 0.265394 212 105 48
-0.382083 0.0717131 0.267698 241 129 50
-0.383396 0.0948304 0.238216 197 178 159
-0.375501 0.0921596 0.237712 70 48 40
-0.381255 0.0720884 0.251403 196 148 107
-0.358455 0.144362 0.223741 214 174 124
-0.340588 0.034063 0.291446 185 182 185
-0.373589 0.0953963 0.248434 112 82 52
-0.424627 0.113805 0.230941 222 184 140
-0.287592 0.0784586 0.289763 174 138 102
-0.386998 0.104476 0.242596 200 158 114
-0.39263 0.0609479 0.249653 80 18 26
-0.371586 0.0799286 0.259498 167 76 27
-0.269078 0.0513978 0.279167 182 181 184
-0.347288 0.0370993 0.282749 198 196 202
-0.379055 0.0702249 0.260239 88 39 14
-0.32349 0.0370338 0.284001 186 186 192
-0.301108 0.0502404 0.330896 182 176 181
-0.402196 0.0585833 0.266795 163 104 72
-0.384576 0.0885922 0.233452 78 54 51
-0.370407 0.099599 0.232296 98 66 48
-0.38429 0.0695718 0.266082 226 126 58
-0.258326 0.0776864 0.279025 162 174 180
-0.375245 0.0690599 0.277082 165 131 98
-0.347776 0.0348495 0.291876 192 190 194
-0.3061 0.0549806 0.306699 182 182 184
-0.369749 0.0828346 0.266806 16 43 72
-0.366808 0.108714 0.240958 187 174 96
-0.374326 0.0776483 0.25923 160 61 24
-0.227043 0.0658674 0.273539 174 176 180
-0.393697 0.0702106 0.271049 90 70 74
-0.370271 0.116754 0.240076 190 148 105
-0.37588 0.108111 0.243758 203 202 192
-0.307053 0.0472003 0.298994 187 184 187
-0.383249 0.069854 0.249058 73 109 118
-0.289572 0.047157 0.281298 178 178 182
-0.381927 0.0754921 0.267331 188 158 122
-0.386425 0.0587276 0.248294 116 19 36
-0.328785 0.0412014 0.277612 182 183 184
-0.384286 0.091961 0.236385 56 32 18
-0.348628 0.0330497 0.295022 196 195 202
-0.23408 0.0643928 0.265765 182 186 190
-0.343975 0.0314984 0.289212 192 191 196
-0.382962 0.0704764 0.254069 215 147 95
-0.373921 0.0759589 0.259378 190 85 41
-0.425195 0.0575199 0.293881 190 154 116
-0.319146 0.0369374 0.282024 190 192 198
-0.266674 0.0674207 0.304686 180 187 195
-0.378773 0.0847566 0.268349 188 150 113
-0.381013 0.0703405 0.260306 15 26 40
-0.380262 0.108298 0.238477 187 145 103
-0.384251 0.0688886 0.262521 116 104 91
-0.380543 0.0686753 0.254291 128 64 30
-0.36844 0.080678 0.261345 182 86 40
-0.252839 0.0706592 0.296021 172 174 180
-0.17843 0.0917742 0.326244 158 170 182
-0.330235 0.0378086 0.303121 192 188 192
-0.37421 0.100835 0.243909 118 86 56
-0.283575 0.0417485 0.280107 188 190 194
-0.392519 0.0879901 0.260713 200 166 128
-0.356665 0.065591 0.29453 162 116 85
-0.38413 0.0682935 0.268867 132 100 70
-0.349981 0.120119 0.240916 191 148 106
-0.394199 0.0642248 0.282284 131 100 75
-0.327709 0.0360998 0.280806 193 192 199
-0.382371 0.0943087 0.238913 196 180 160
-0.390041 0.08254 0.265291 188 150 111
-0.37586 0.0816552 0.267453 172 139 112
-0.397396 0.0857953 0.261592 192 155 119
-0.388636 0.0635145 0.248377 152 38 67
-0.3909 0.0627801 0.253569 184 96 28
-0.144782 0.0877046 0.300685 176 178 182
-0.308344 0.0548589 0.284412 188 189 190
-0.0925899 0.161927 0.239092 156 122 88
-0.380932 0.0697698 0.260715 49 39 32
-0.392244 0.0639485 0.247284 143 40 54
-0.272784 0.149352 0.230789 188 152 112
-0.387576 0.0572095 0.249914 178 146 114
-0.381598 0.0699832 0.260687 12 30 47
-0.406319 0.0555471 0.266014 154 86 58
-0.211575 0.110789 0.254863 166 134 104
-0.361064 0.0796617 0.26473 144 58 22
-0.371922 0.0782602 0.260434 154 58 24
-0.367352 0.0722001 0.280253 144 112 82
-0.369813 0.0773932 0.263543 100 47 37
-0.316546 0.0502946 0.323381 186 185 190
-0.387242 0.0655437 0.256749 222 120 25
-0.381515 0.0951008 0.236791 56 38 32
-0.32835 0.0408532 0.278934 184 183 184
-0.27119 0.150976 0.235155 194 158 118
-0.186283 0.116943 0.262401 168 134 102
-0.294577 0.076652 0.292404 178 142 106
-0.401027 0.0606947 0.271673 133 66 38
-0.377817 0.11293 0.239909 200 166 124
-0.379712 0.0995447 0.242581 38 30 34
-0.322736 0.122018 0.233437 194 158 117
-0.0855605 0.13849 0.266616 158 128 98
-0.351576 0.0289238 0.285794 194 192 198
-0.382424 0.0930334 0.232826 86 62 56
-0.344123 0.0365647 0.282883 186 182 186
0.501383 0.302811 0.253595 120 114 108
-0.386259 0.0840851 0.263176 187 150 112
-0.359198 0.0694217 0.286274 182 148 114
-0.172626 0.0735882 0.265266 172 175 180
-0.389247 0.0576161 0.295101 178 142 108
-0.326023 0.0442497 0.288762 192 192 195
-0.20299 0.0823087 0.289929 173 176 178
-0.379721 0.0720816 0.253659 220 156 107
-0.437984 0.0582334 0.277787 128 99 70
-0.428418 0.103941 0.237769 216 178 136
-0.372246 0.0799865 0.278592 178 146 114
-0.387823 0.0663805 0.252752 188 124 81
-0.208437 0.103279 0.266262 164 134 106
-0.310606 0.0620941 0.311766 168 158 147
0.125908 0.20527 0.256993 150 119 90
0.151839 0.243163 0.244936 148 114 80
-0.392805 0.061259 0.245462 176 144 111
-0.380891 0.0954729 0.253287 194 160 123
-0.230215 0.0698513 0.294793 186 188 191
-0.385422 0.085071 0.270322 188 150 109
-0.380411 0.0762659 0.259524 33 59 92
-0.398662 0.107778 0.236035 203 157 112
0.583726 0.321024 0.262959 120 109 98
-0.384168 0.0783372 0.272492 181 144 107
-0.358053 0.10971 0.250621 108 76 48
0.0434412 0.152938 0.31294 148 159 170
-0.441899 0.0517948 0.259169 82 78 76
-0.296442 0.0652854 0.314147 164 155 148
-0.150748 0.137385 0.245777 155 122 88
-0.363177 0.0988616 0.251978 175 142 106
-0.317199 0.0533754 0.321818 173 174 176
-0.395388 0.0801958 0.266039 187 147 105
-0.375356 0.0940543 0.250903 191 156 118
-0.385898 0.0930095 0.234287 68 38 22
-0.371932 0.0949278 0.248806 142 110 80
-0.382875 0.0595213 0.277703 180 146 112
-0.367246 0.0827259 0.271485 57 50 42
-0.378543 0.055896 0.309049 182 146 114
-0.183819 0.114371 0.280326 172 141 111
-0.241678 0.0719184 0.315303 178 185 192
-0.470916 0.0702495 0.259038 194 151 112
-0.3897 0.081879 0.266079 182 140 100
-0.186972 0.214549 0.212359 179 136 94
-0.390207 0.0644629 0.249988 110 31 22
-0.352959 0.104643 0.251741 174 140 104
-0.260206 0.126358 0.200443 10 8 9
-0.380134 0.0574921 0.298674 172 136 102
-0.241295 0.156532 0.22678 184 146 109
-0.377563 0.085772 0.264215 188 155 120
-0.37561 0.0943906 0.253575 192 154 114
-0.299037 0.0552025 0.316969 188 188 188
-0.368373 0.0975843 0.242353 188 154 116
-0.370576 0.0990956 0.250031 121 88 59
-0.383553 0.0690979 0.263403 212 118 43
-0.17615 0.0901376 0.278707 170 174 181
-0.0949307 0.113901 0.27417 151 156 162
-0.367291 0.0647493 0.285543 187 156 120
-0.390063 0.0819028 0.268471 183 140 98
-0.202491 0.0704853 0.26511 182 186 190
-0.357732 0.105006 0.246076 187 152 114
-0.345283 0.0310649 0.289032 188 186 190
-0.287074 0.0623434 0.3155 175 182 190
-0.303137 0.0394771 0.2741 182 184 190
-0.311886 0.0453136 0.274972 184 184 186
-0.313925 0.0437441 0.320394 195 192 198
-0.369449 0.0707449 0.272445 140 106 78
-0.363422 0.111644 0.234471 188 144 102
-0.106969 0.130966 0.262435 160 132 105
-0.437134 0.0544261 0.262011 50 61 73
-0.386872 0.0763732 0.273314 182 140 102
-0.280975 0.108545 0.251908 173 138 103
-0.371136 0.081126 0.263924 16 44 72
-0.330458 0.0680415 0.278145 175 139 104
0.296481 0.245335 0.256821 137 104 80
-0.386361 0.059329 0.249779 134 62 64
-0.180936 0.115108 0.255722 158 128 98
-0.406766 0.0821715 0.260749 193 154 118
-0.375757 0.0787503 0.272027 188 152 118
-0.390999 0.0567479 0.246779 124 45 42
-0.220578 0.0760554 0.301588 177 180 183
-0.38041 0.0948211 0.25062 186 150 110
-0.292439 0.0498905 0.302256 193 192 199
-0.369797 0.108987 0.248163 182 174 164
-0.383155 0.0880199 0.233894 87 64 60
-0.348483 0.0681842 0.289137 182 146 111
-0.381156 0.107081 0.249613 196 156 111
1.54671 0.557439 0.227702 116 128 137
-0.374584 0.0995601 0.249436 191 154 116
-0.238617 0.0692414 0.296637 186 188 196
0.115015 0.178412 0.323161 166 142 112
-0.0262444 0.152855 0.265768 158 125 96
-0.0142318 0.261754 0.170462 146 102 56
-0.208503 0.117401 0.253178 160 124 90
-0.427748 0.0581634 0.292659 193 159 122
-0.435194 0.0698451 0.273504 12 10 13
-0.376239 0.101531 0.2479 186 147 106
0.854276 0.394672 0.263107 110 124 136
-0.381974 0.0823026 0.270572 185 148 110
-0.242221 0.101951 0.270894 171 139 108
-0.296778 0.105182 0.251582 176 140 104
-0.380032 0.0773427 0.277276 176 138 101
-0.383035 0.0975082 0.248821 190 146 104
-0.36056 0.0876861 0.261408 184 148 112
-0.150232 0.0963599 0.299345 169 177 184
-0.430239 0.0609356 0.287424 156 124 92
-0.365029 0.0707779 0.276225 136 104 75
-0.327535 0.0475684 0.264563 188 191 197
-0.192916 0.12124 0.245955 159 125 92
-0.373055 0.0771711 0.257457 246 142 54
0.188203 0.184581 0.328478 148 158 170
-0.427165 0.103835 0.236717 211 168 123
-0.241336 0.143878 0.232706 178 144 106
-0.181321 0.212437 0.198627 172 129 86
-0.302248 0.108654 0.255706 184 150 114
-0.36244 0.0656538 0.287169 189 156 122
-0.311897 0.0414196 0.272232 188 189 192
-0.298103 0.0502679 0.324223 188 188 193
-0.0710553 0.266721 0.192094 170 128 85
-0.346683 0.0943712 0.264877 193 160 122
-0.358671 0.0743205 0.281991 128 97 70
-0.379857 0.1046 0.245125 200 164 130
-0.163836 0.15124 0.183798 125 132 140
-0.389244 0.0876544 0.254696 192 158 122
-0.400602 0.0597897 0.270505 148 86 64
0.297198 0.225541 0.265992 120 134 143
-0.136013 0.123906 0.286467 173 142 112
-0.397778 0.0561113 0.268452 180 144 110
-0.283605 0.145987 0.234949 193 154 112
-0.379902 0.107075 0.240432 196 153 111
-0.312222 0.0482913 0.327929 182 177 180
-0.363417 0.0860336 0.263409 188 150 116
-0.391996 0.0625959 0.249352 104 22 32
-0.0943911 0.176703 0.173567 119 124 130
-0.293954 0.058276 0.319241 180 186 192
-0.397243 0.0593925 0.246888 136 42 60
0.126548 0.198964 0.272045 158 132 102
-0.384718 0.0950787 0.251652 194 159 122
-0.0339535 0.170267 0.263945 157 122 90
-0.329289 0.0439135 0.29948 192 192 198
-0.367259 0.0789782 0.259855 245 136 58
-0.136946 0.0914654 0.258628 170 174 179
-0.28598 0.0562193 0.289914 190 192 198
-0.086801 0.147944 0.258286 159 128 97
-0.435342 0.0579801 0.285425 182 145 108
-0.280425 0.0887521 0.269514 178 145 113
-0.335188 0.0382128 0.301533 186 182 186
-0.137662 0.16536 0.231703 163 128 92
-0.371278 0.0962245 0.250852 157 124 90
-0.378366 0.0959958 0.253051 194 158 120
-0.234416 0.0599179 0.272789 184 188 192
-0.438043 0.069684 0.272282 16 17 20
-0.325103 0.0375167 0.279553 192 194 200
-0.292523 0.139889 0.228324 182 142 102
-0.267091 0.0717232 0.313099 162 174 182
-0.428628 0.105078 0.237275 222 185 143
-0.370734 0.0811088 0.266925 14 32 51
-0.335628 0.0394034 0.295008 196 194 201
-0.274269 0.0613919 0.318004 178 182 190
-0.403305 0.126713 0.225903 212 168 116
-0.304663 0.0976918 0.258404 180 142 107
-0.363568 0.0940798 0.255071 184 150 113
-0.279233 0.164782 0.223548 188 145 102
-0.371849 0.0770106 0.256676 251 172 59
-0.317833 0.0361748 0.285607 188 188 192
-0.429431 0.0602011 0.291569 182 145 108
-0.302786 0.049422 0.300656 192 192 196
-0.308017 0.0521817 0.281424 194 194 198
-0.138522 0.105481 0.287645 157 168 180
0.0168154 0.150637 0.301294 141 153 164
-0.297017 0.0397913 0.292404 196 197 204
-0.371791 0.0790245 0.258614 206 89 34
-0.362607 0.0867516 0.261457 186 150 114
4.82884 1.42553 0.264049 110 122 130
-0.30406 0.0456237 0.31885 196 194 200
-0.221081 0.104316 0.262376 174 143 113
-0.341136 0.0726488 0.28619 187 152 118
-0.359682 0.0872544 0.260156 188 150 114
-0.349234 0.117983 0.239062 193 153 110
-0.382555 0.0579859 0.301023 183 148 114
-0.371107 0.0877339 0.267697 186 153 118
-0.417602 0.120759 0.230182 220 184 137
-0.371543 0.0900913 0.261375 186 152 116
-0.364043 0.0830128 0.257844 186 152 116
-0.444051 0.071362 0.263928 190 148 108
-0.399506 0.0605026 0.291945 182 146 112
-0.274369 0.064906 0.299386 163 164 165
-0.354344 0.0923678 0.263892 194 162 125
-0.396766 0.0806224 0.263706 192 154 118
-0.395083 0.0757743 0.26962 190 154 116
-0.457979 0.0724831 0.263797 192 151 112
-0.0610836 0.243242 0.200563 162 126 91
-0.401392 0.0596858 0.292354 180 146 110
-0.344007 0.0566598 0.309482 180 144 108
-0.112987 0.165374 0.239778 159 122 86
-0.0930159 0.173154 0.222115 155 121 88
-0.377045 0.108945 0.234882 188 146 103
-0.385655 0.0715267 0.271928 43 48 59
-0.359775 0.10592 0.250791 114 84 56
-0.248105 0.16226 0.220448 182 142 104
-0.383632 0.086708 0.234485 110 78 58
-0.213467 0.146843 0.243633 175 141 104
-0.125266 0.168517 0.231107 166 132 97
-0.382037 0.0690735 0.260962 59 45 45
-0.218231 0.0738293 0.283765 182 186 192
-0.357351 0.132354 0.226174 196 154 107
-0.383316 0.126781 0.228975 206 161 116
-0.339012 0.0311782 0.299762 190 187 186
-0.354567 0.105615 0.249068 161 127 94
-0.427765 0.0599724 0.287491 171 139 106
-0.377123 0.0593208 0.303681 180 145 111
-0.353674 0.135645 0.224563 206 176 132
-0.255626 0.0669824 0.308682 166 168 168
-0.308608 0.0637289 0.30761 169 162 156
-0.361723 0.111035 0.238041 196 156 112
1.74882 0.587364 0.276885 114 126 136
-0.331194 0.158701 0.218388 199 159 112
-0.281444 0.0574761 0.291314 188 191 197
-0.226847 0.0917034 0.281068 154 153 152
-0.265391 0.0581045 0.298545 190 190 195
0.0808816 0.284832 0.185306 168 137 104
-0.386846 0.067252 0.249409 50 110 128
-0.362484 0.073352 0.278908 124 96 70
2.68079 0.935063 0.257611 100 113 120
0.119338 0.292132 0.189026 160 131 101
-0.382896 0.0811704 0.267496 188 154 118
-0.380214 0.072672 0.259552 46 45 56
-0.392041 0.0611885 0.250248 69 18 30
-0.382453 0.0752468 0.273875 169 139 112
-0.385711 0.0875995 0.237636 121 88 62
-0.381912 0.093509 0.238195 164 136 112
-0.389986 0.0704707 0.256827 28 48 64
-0.393795 0.122276 0.233849 205 167 121
-0.422883 0.0591489 0.290658 189 153 115
-0.295342 0.0732763 0.304838 177 142 106
-0.0776126 0.12113 0.262593 148 152 156
-0.369509 0.0932212 0.255855 190 156 119
0.104261 0.26631 0.205425 154 120 88
-0.389355 0.103632 0.243371 198 154 110
-0.303678 0.0470896 0.274367 178 178 182
-0.319784 0.0733446 0.284481 182 148 111
-0.286937 0.131724 0.24162 183 142 102
-0.23786 0.142629 0.234929 181 146 109
-0.37939 0.0575662 0.300144 173 138 104
-0.0607053 0.12407 0.26752 143 146 151
-0.38796 0.0568165 0.251526 182 150 116
-0.44419 0.0701796 0.265626 180 138 96
-0.323374 0.039097 0.277626 193 195 202
-0.459424 0.0712452 0.263689 202 170 130
0.20946 0.317032 0.18186 156 122 89
-0.375227 0.0695887 0.268725 142 108 77
-0.446885 0.0711038 0.266771 185 142 102
-0.37412 0.0991808 0.252917 195 158 120
-0.362486 0.100528 0.233213 139 104 86
-0.310367 0.106122 0.249718 183 146 108
-0.399411 0.0783322 0.265348 190 154 112
-0.387469 0.0648677 0.251216 126 68 49
-0.311367 0.0493933 0.280198 186 187 190
-0.0280131 0.168346 0.248995 152 120 90
-0.242021 0.163922 0.219402 174 136 97
-0.362284 0.0727635 0.282309 144 114 84
-0.158453 0.195816 0.234057 180 141 103
-0.228495 0.0897285 0.282014 150 162 174
-0.191405 0.0916665 0.303909 159 171 182
-0.248001 0.144533 0.234538 179 142 104
-0.336568 0.105092 0.257593 186 152 114
-0.277436 0.065109 0.271976 184 188 196
-0.391647 0.0997585 0.248936 195 158 117
-0.233528 0.0759501 0.298821 174 177 179
-0.373858 0.0956479 0.244239 178 146 109
-0.471082 0.0687004 0.25845 197 158 120
-0.434659 0.0613454 0.281733 122 94 66
-0.379715 0.0770734 0.273723 182 148 116
-0.386668 0.113684 0.23882 199 154 109
-0.401042 0.0850131 0.258246 198 162 126
-0.424472 0.104896 0.237119 220 183 143
-0.325122 0.0366215 0.28242 192 192 198
-0.220362 0.0609985 0.267541 184 189 194
-0.42958 0.104626 0.235878 208 166 124
0.336358 0.218953 0.283728 140 148 152
-0.382758 0.070826 0.279192 180 146 110
-0.376964 0.0752098 0.257328 222 108 43
-0.346624 0.138794 0.225999 199 158 110
-0.376529 0.0956489 0.25176 190 152 112
-0.250837 0.0676071 0.295284 185 188 195
-0.388939 0.071062 0.270168 96 80 68
-0.187209 0.0959884 0.280189 158 169 180
-0.309497 0.0410509 0.296718 198 197 204
-0.472446 0.0770252 0.251124 202 166 129
-0.230002 0.196285 0.208346 179 137 94
1.48527 0.72721 0.016756 128 134 144
-0.256569 0.150266 0.227017 183 144 107
-0.419607 0.0556329 0.282071 181 145 109
-0.372908 0.0944695 0.249839 166 134 98
-0.256624 0.173416 0.215023 177 134 92
-0.338035 0.0396105 0.275462 194 194 201
-0.031427 0.225574 0.178304 10 8 9
-0.349946 0.104216 0.251328 190 156 118
-0.377919 0.108403 0.240244 194 152 110
-0.225348 0.0742656 0.300911 172 174 178
-0.356809 0.145202 0.224725 200 157 106
-0.344045 0.0489016 0.329855 171 146 124
-0.284739 0.117554 0.202662 14 14 14
-0.440763 0.0760768 0.259922 196 156 115
-0.128577 0.202678 0.214067 175 140 106
-0.458049 0.0703093 0.264333 196 158 118
-0.348325 0.124097 0.229364 188 147 106
-0.324542 0.130041 0.231007 193 150 108
-0.378535 0.0932413 0.254599 195 161 124
-0.316746 0.0448766 0.291005 194 194 200
-0.338065 0.130362 0.219185 185 142 100
-0.0664007 0.209983 0.187397 143 106 70
-0.402039 0.115337 0.231929 220 185 140
-0.456218 0.0735283 0.265059 191 152 113
-0.0687435 0.115189 0.293579 150 154 160
0.088104 0.289588 0.168331 138 90 45
-0.465941 0.0646562 0.268281 186 148 112
-0.364505 0.0703924 0.279443 126 96 68
-0.3637 0.0867128 0.28042 182 148 112
-0.364055 0.0888062 0.261971 188 156 118
-0.293205 0.106047 0.254283 186 152 116
-0.380622 0.0685712 0.260772 86 36 9
-0.337917 0.155773 0.218686 198 154 104
0.839553 0.525908 0.172881 142 102 70
-0.109038 0.103673 0.293257 166 170 178
-0.386508 0.104093 0.241353 196 153 109
-0.394744 0.112261 0.231498 210 176 135
-0.458312 0.0747535 0.264177 200 162 123
-0.194288 0.103479 0.289259 169 137 106
-0.370641 0.0761573 0.250508 188 148 113
-0.370839 0.0798394 0.271593 188 158 122
-0.326944 0.0498735 0.31425 184 184 190
-0.39294 0.0948106 0.254117 193 154 115
-0.296942 0.101542 0.261021 179 142 106
-0.413674 0.121482 0.2297 202 160 111
-0.266347 0.0628325 0.257504 178 182 187
-0.245508 0.183464 0.215121 186 144 102
-0.290479 0.103698 0.257042 176 141 106
-0.455194 0.0603278 0.275023 182 144 108
-0.18525 0.0693515 0.26972 180 185 190
-0.266985 0.123287 0.206933 144 109 76
-0.331496 0.127682 0.23141 188 148 106
-0.269759 0.0681349 0.300851 177 186 195
-0.341686 0.0457383 0.322563 185 186 194
0.280831 0.207886 0.263685 129 136 142
-0.205048 0.18416 0.214869 172 130 94
-0.117559 0.170511 0.234109 168 130 94
0.0962465 0.168435 0.325015 146 150 158
-0.254227 0.112121 0.258853 172 137 102
0.50485 0.422622 0.185761 156 123 90
-0.388166 0.0814887 0.266301 185 143 103
-0.346923 0.101814 0.252472 190 158 120
-0.381395 0.088087 0.23647 104 74 46
-0.365015 0.115079 0.246779 193 186 168
-0.403432 0.0807161 0.261756 195 160 122
-0.4583 0.0725428 0.263207 194 154 115
-0.21558 0.207308 0.227346 191 148 106
-0.30691 0.137662 0.232076 186 143 101
-0.438223 0.0552031 0.260139 49 62 74
-0.379939 0.0800593 0.270531 183 149 113
-0.27439 0.052843 0.284857 190 192 198
-0.253682 0.0634925 0.291939 186 190 196
-0.392194 0.118275 0.231215 206 165 119
-0.285753 0.0545109 0.263761 172 174 174
-0.334607 0.124464 0.234603 195 154 111
-0.150474 0.137891 0.257453 172 139 105
-0.290818 0.0485916 0.276502 184 185 188
-0.366906 0.0813075 0.274833 190 158 122
-0.30232 0.0413126 0.296946 196 195 200
-0.44279 0.0731191 0.265616 186 145 106
-0.368121 0.0698637 0.27514 129 98 69
-0.438762 0.0576306 0.282693 191 154 118
-0.223681 0.0536911 0.282256 188 189 196
-0.360172 0.0491775 0.312991 180 142 104
-0.163901 0.115089 0.265918 160 129 100
-0.212004 0.122154 0.246954 166 132 97
-0.364638 0.0927846 0.259162 192 159 122
-0.388311 0.0627209 0.256732 102 88 78
-0.387418 0.0649407 0.250113 158 44 66
-0.341029 0.0781171 0.284472 174 136 100
-0.124441 0.210086 0.202257 166 131 96
-0.439514 0.0563955 0.263848 38 47 54
-0.439991 0.0722847 0.265719 190 150 112
-0.456997 0.0728006 0.264852 190 150 112
-0.414404 0.105495 0.239521 208 168 123
-0.36282 0.0877111 0.262352 192 160 122
-0.390958 0.0563 0.306625 174 138 103
-0.27606 0.069941 0.276959 178 182 188
-0.439871 0.0546042 0.26519 192 160 124
-0.337117 0.0693941 0.294619 182 143 106
-0.363731 0.122564 0.237122 195 152 110
-0.443702 0.0734351 0.269415 186 144 104
-0.361715 0.0957179 0.2661 185 151 115
-0.288158 0.0802166 0.295119 186 150 114
0.146863 0.307843 0.169479 139 90 48
-0.354521 0.0268663 0.281078 185 182 187
-0.401061 0.108087 0.237035 210 176 134
-0.203794 0.117144 0.269323 170 136 104
-0.388698 0.0874067 0.259758 196 160 124
-0.400726 0.108939 0.238232 208 175 132
0.24227 0.293519 0.275632 164 127 91
-0.316133 0.11083 0.245113 184 150 111
-0.383486 0.0864397 0.261361 190 156 119
-0.472911 0.0696463 0.266969 189 149 113
-0.389714 0.107429 0.241073 206 172 132
-0.323496 0.109344 0.25378 186 153 116
-0.303327 0.162842 0.215874 188 144 100
-0.342638 0.0345512 0.295869 197 194 200
-0.440691 0.0573012 0.265589 36 28 20
-0.363628 0.0981421 0.245569 193 158 119
-0.309482 0.0415179 0.28082 192 194 202
0.0278354 0.225305 0.217299 161 130 96
-0.402167 0.128785 0.226646 216 172 123
-0.311573 0.0410386 0.273308 186 186 191
-0.117193 0.0776246 0.289068 181 185 191
-0.418838 0.116525 0.231267 207 166 121
-0.237312 0.0511866 0.278989 182 182 190
-0.441963 0.0727419 0.262881 188 148 111
-0.373421 0.0761397 0.253314 190 156 119
-0.179353 0.15667 0.187246 11 10 10
-0.259016 0.117035 0.242695 168 134 97
-0.339796 0.0961974 0.261587 182 145 108
-0.299508 0.119187 0.240249 180 144 106
-0.383018 0.0579056 0.305154 183 148 114
-0.266389 0.0787243 0.299813 180 144 107
-0.241483 0.142534 0.235021 176 140 103
0.504293 0.28882 0.278684 116 128 138
-0.339834 0.0999971 0.255117 190 157 120
-0.380921 0.0714612 0.264185 252 166 72
-0.397794 0.0766995 0.266608 190 151 110
-0.247218 0.117033 0.249079 170 135 98
-0.0737357 0.210546 0.206395 166 135 103
-0.357527 0.146557 0.221021 210 168 116
-0.456408 0.0745218 0.261895 194 154 114
-0.251741 0.117451 0.249103 172 138 101
-0.302182 0.117589 0.253702 189 152 115
-0.371892 0.0981604 0.251033 180 144 107
-0.349217 0.0307075 0.291501 194 194 201
-0.356108 0.118379 0.238656 194 153 110
-0.386386 0.0659598 0.256277 252 151 50
-0.422972 0.118962 0.230473 214 175 128
0.259617 0.221004 0.280837 118 128 138
-0.234176 0.145513 0.231724 180 148 110
-0.423297 0.105986 0.235958 206 164 120
0.8162 0.362068 0.264744 114 127 136
-0.180488 0.05996 0.287457 181 184 188
-0.442463 0.0730274 0.266668 190 148 107
-0.279112 0.0506879 0.292241 194 194 200
-0.331926 0.0831874 0.259836 178 142 106
-0.338805 0.165535 0.220884 218 174 123
-0.399502 0.108334 0.236052 207 164 120
-0.465512 0.0752497 0.259037 198 160 120
-0.281734 0.103849 0.256513 172 136 100
-0.316095 0.12661 0.235373 194 158 118
-0.317312 0.053122 0.317637 182 185 194
-0.316569 0.0707475 0.286971 178 142 106
-0.458629 0.0711472 0.26477 201 163 125
-0.412961 0.111969 0.232358 208 166 120
-0.313124 0.0481355 0.3288 172 168 172
-0.383495 0.0697619 0.258832 26 28 32
-0.303712 0.0695712 0.293179 182 149 117
-0.400197 0.0822082 0.25349 194 160 124
-0.345491 0.0973739 0.255655 192 160 122
0.118933 0.17295 0.270272 134 144 149
-0.284908 0.126204 0.269213 188 152 116
-0.379535 0.0779576 0.273372 184 150 116
-0.372933 0.0626516 0.308121 177 140 105
-0.362942 0.13244 0.233617 196 152 108
-0.442198 0.0709949 0.268037 186 142 102
-0.471714 0.0703336 0.258826 199 160 124
-0.442954 0.0736761 0.269589 179 135 94
-0.354464 0.143753 0.221231 198 152 104
-0.303813 0.0711589 0.289073 176 141 107
-0.354472 0.116469 0.23557 191 149 106
-0.240612 0.127116 0.258143 172 136 100
-0.367979 0.0902712 0.261471 190 158 122
-0.380255 0.0722409 0.252788 236 175 129
-0.368689 0.0908941 0.259141 188 156 120
-0.00344534 0.165393 0.275364 167 136 106
0.0292442 0.158903 0.249115 124 136 144
-0.403783 0.0907966 0.251601 202 166 130
-0.357286 0.0913321 0.262121 195 162 125
-0.444131 0.0705274 0.264742 192 150 109
-0.110549 0.211597 0.211101 172 137 104
-0.2311 0.082276 0.317472 160 150 147
-0.461168 0.0741645 0.262715 200 163 124
-0.113738 0.1774 0.204391 142 106 74
-0.409303 0.11638 0.233285 208 164 117
-0.349815 0.0491558 0.321332 166 154 148
-0.263879 0.0729074 0.304783 168 178 186
-0.213921 0.114945 0.26375 166 134 102
-0.339471 0.0311104 0.28297 198 197 205
-0.286111 0.049933 0.262852 186 188 192
-0.431081 0.0589236 0.285333 178 144 108
-0.30234 0.0688642 0.316165 177 141 105
-0.453138 0.0813462 0.254439 204 162 122
-0.0967317 0.256025 0.209688 182 142 104
-0.427565 0.0681861 0.212198 158 116 72
-0.446283 0.0768035 0.259745 192 150 112
-0.312583 0.0662212 0.313539 178 144 108
-0.391421 0.125409 0.226659 207 160 108
-0.335037 0.0478122 0.330536 177 180 188
0.0420274 0.172448 0.259493 148 122 100
-0.398657 0.0896063 0.250905 191 154 116
-0.469138 0.0724226 0.26479 206 170 132
-0.228941 0.0553035 0.278843 189 192 200
-0.35312 0.105097 0.247115 187 152 114
-0.347835 0.147475 0.22128 200 156 108
-0.36737 0.105246 0.254024 190 155 117
-0.225862 0.118835 0.246596 164 129 94
0.118989 0.164378 0.28957 150 155 162
-0.310464 0.070709 0.29362 177 142 106
-0.393728 0.0933496 0.258197 199 165 128
-0.448348 0.0693007 0.269864 181 137 98
-0.290754 0.0733228 0.304347 179 141 104
-0.431472 0.103286 0.237401 214 172 132
-0.180743 0.088186 0.299415 180 188 196
-0.221965 0.0641023 0.267975 182 187 192
-0.386548 0.0576136 0.29541 180 144 110
-0.330677 0.0336398 0.278741 186 186 192
-0.314049 0.106622 0.256446 188 156 118
-0.383184 0.0688438 0.245787 188 149 112
-0.382751 0.0662044 0.257311 224 119 30
-0.108235 0.105879 0.29989 169 176 183
-0.203904 0.116047 0.255266 164 128 94
-0.381538 0.0890296 0.238714 193 156 116
-0.443172 0.0708885 0.269457 180 139 96
-0.218756 0.132535 0.245342 170 135 98
-0.175079 0.0853423 0.291333 178 184 192
-0.45088 0.0811061 0.253181 206 166 124
-0.447255 0.0661238 0.269419 194 160 124
-0.245754 0.113933 0.261695 174 138 103
-0.16363 0.22784 0.215087 176 132 91
-0.381095 0.11829 0.237267 202 160 114
1.49083 0.541414 0.355617 116 120 124
0.0675489 0.208918 0.229188 142 109 77
-0.37482 0.0894291 0.255414 189 155 118
-0.372932 0.0915465 0.261301 191 157 120
-0.282546 0.133347 0.238793 184 146 106
-0.193228 0.0876029 0.290565 174 182 188
-0.304027 0.138709 0.229303 191 148 108
-0.0626174 0.151545 0.253068 155 124 94
-0.323439 0.136836 0.225309 189 146 105
-0.345776 0.122328 0.240375 191 148 106
-0.371815 0.052037 0.307701 174 139 105
-0.393646 0.110521 0.232701 200 156 112
-0.470995 0.0737095 0.255851 198 160 121
-0.385248 0.115803 0.233766 200 156 112
-0.456806 0.0747773 0.262104 198 159 120
0.0868162 0.185755 0.249539 126 106 94
0.0427617 0.197734 0.231699 144 110 79
-0.382242 0.123963 0.233844 216 184 144
-0.402413 0.0866027 0.253668 196 165 128
-0.424491 0.107836 0.236311 210 169 126
-0.381054 0.0806599 0.268184 190 158 122
-0.337097 0.107987 0.254641 195 162 124
-0.17344 0.127254 0.265788 170 138 104
-0.0924028 0.185551 0.186948 84 87 89
-0.378267 0.110764 0.237215 190 148 105
-0.359529 0.0283181 0.278969 194 190 196
-0.302863 0.0658046 0.305083 160 152 148
-0.364367 0.0645777 0.284884 184 149 115
-0.317816 0.16693 0.219737 206 165 120
0.402822 0.273405 0.336726 167 136 106
-0.442091 0.0717606 0.264014 192 152 112
-0.00621153 0.246278 0.173194 134 82 38
-0.436947 0.0602684 0.28441 189 153 117
-0.28397 0.116243 0.250279 180 142 106
-0.455276 0.0750541 0.26235 198 157 118
-0.342107 0.0604848 0.29655 178 142 106
-0.275611 0.128028 0.242377 177 142 104
-0.389835 0.117044 0.236894 216 184 143
-0.451882 0.0851637 0.250058 210 168 126
-0.370555 0.098052 0.250669 126 92 60
-0.343696 0.0638976 0.302961 180 143 108
-0.266327 0.0545166 0.270251 187 190 194
-0.3305 0.057559 0.308069 168 152 140
-0.417586 0.124668 0.229827 220 183 137
-0.453961 0.0789111 0.252081 204 160 118
-0.311373 0.047768 0.278328 185 186 188
-0.140928 0.142572 0.280077 168 132 96
-0.356129 0.0289001 0.290139 195 194 201
-0.367899 0.0544988 0.314217 184 148 114
-0.383053 0.107482 0.237348 192 149 107
-0.387562 0.102485 0.245096 202 160 116
-0.374162 0.0899383 0.26063 183 149 112
-0.260499 0.0940833 0.267802 166 136 104
-0.345452 0.109316 0.23324 188 151 110
-0.359366 0.0919094 0.263721 189 156 118
-0.425527 0.103126 0.23791 212 176 134
-0.383927 0.0833492 0.264101 186 154 116
-0.423795 0.112375 0.231546 207 165 120
-0.232348 0.0655771 0.260219 180 184 188
-0.339689 0.0565314 0.310212 185 148 114
-0.456421 0.0616769 0.27093 194 160 124
-0.106718 0.212569 0.182743 147 103 58
-0.214593 0.0745266 0.292597 183 188 195
-0.313232 0.0567175 0.307551 180 184 192
-0.274036 0.168545 0.220835 182 139 96
-0.308565 0.0907839 0.261866 178 142 106
-0.422081 0.12011 0.2361 208 167 124
-0.427395 0.0607797 0.288797 162 130 96
-0.338676 0.150519 0.222885 200 158 112
-0.293505 0.10458 0.255223 185 151 115
-0.388152 0.0961877 0.250684 194 151 110
-0.316311 0.0552417 0.262892 188 191 198
-0.45951 0.0731383 0.261852 202 163 124
-0.246202 0.0737225 0.316909 162 170 178
-0.440961 0.0789342 0.255269 198 160 118
-0.325252 0.0660628 0.282931 178 146 114
-0.294558 0.136112 0.22894 184 145 106
-0.239103 0.0748442 0.254715 174 178 182
-0.318471 0.0277831 0.295705 198 196 204
-0.38465 0.0944149 0.251983 194 160 122
-0.392648 0.0655095 0.263408 130 101 72
-0.274379 0.129525 0.252855 183 148 110
-0.463333 0.0691912 0.268776 188 150 110
-0.395358 0.0586185 0.293069 182 146 114
-0.283166 0.111479 0.260995 186 154 118
-0.401534 0.10791 0.237524 208 174 132
-0.445024 0.0686736 0.277114 194 160 123
-0.273422 0.144848 0.226676 183 144 107
-0.320251 0.0452397 0.257244 191 192 200
0.117439 0.321838 0.181062 159 122 86
-0.424879 0.101936 0.239262 207 168 128
-0.442998 0.0723476 0.270232 184 140 98
-0.449424 0.0641627 0.274014 184 148 112
-0.269639 0.146638 0.214426 178 139 103
-0.47371 0.0686184 0.265611 189 151 113
-0.450957 0.0814942 0.252272 208 168 126
-0.456985 0.0734436 0.264668 191 150 112
-0.419003 0.121733 0.228493 220 182 135
-0.45985 0.0829321 0.251676 204 165 124
0.17315 0.232394 0.242441 148 116 88
-0.420003 0.106695 0.238368 210 172 131
-0.445966 0.0719373 0.269232 184 140 101
-0.30181 0.112396 0.252911 196 166 133
-0.344606 0.150768 0.221933 198 152 106
-0.390398 0.128253 0.232803 220 184 139
0.262986 0.250366 0.257923 152 121 92
-0.430045 0.0588136 0.289667 188 154 116
-0.418596 0.104187 0.238524 214 174 132
-0.336685 0.158432 0.218394 200 155 106
-0.430265 0.111811 0.232099 211 168 126
-0.376514 0.117598 0.236295 200 157 113
-0.0726765 0.210157 0.21995 170 137 100
-0.315171 0.160568 0.220057 200 161 118
-0.349849 0.0742632 0.283547 160 126 94
-0.460748 0.0694653 0.264083 194 158 119
-0.381957 0.0847743 0.264361 192 158 121
-0.38859 0.104442 0.238828 204 168 126
-0.4029 0.0811725 0.262723 192 157 120
-0.0214836 0.283422 0.223637 183 144 106
-0.299902 0.0490877 0.269384 190 192 198
-0.238565 0.0679472 0.270119 186 190 195
-0.230928 0.0657639 0.265967 181 186 190
-0.376527 0.0827643 0.272138 189 158 122
-0.111548 0.226358 0.199635 166 124 87
-0.37807 0.0820907 0.267762 188 154 119
-0.370999 0.0877992 0.263831 187 156 123
-0.326316 0.10505 0.249755 190 160 122
-0.46612 0.0636987 0.266265 187 149 112
-0.259637 0.111757 0.257609 170 136 100
1.64371 0.562432 0.32204 122 134 144
-0.459748 0.0717576 0.259736 198 159 120
-0.392714 0.0768648 0.268326 192 158 122
-0.336703 0.124916 0.235378 198 159 116
1.44362 0.625055 0.244581 136 100 64
-0.198964 0.1709 0.21095 170 136 102
-0.357573 0.0999386 0.263581 189 155 118
-0.37178 0.0913906 0.238907 186 148 110
-0.427417 0.112184 0.233839 211 169 127
-0.438583 0.0583003 0.283761 191 154 118
-0.43483 0.0604285 0.288163 191 154 118
-0.0475769 0.165906 0.241495 152 121 90
-0.25409 0.14954 0.232639 180 140 100
-0.438809 0.060093 0.282342 188 154 120
-0.423661 0.109113 0.233955 212 171 127
-0.410588 0.10849 0.238969 206 164 120
-0.358706 0.0537423 0.314144 178 142 108
-0.460537 0.0728592 0.261818 204 167 129
-0.304003 0.0583102 0.284774 188 192 198
-0.468888 0.0749285 0.255465 204 166 128
-0.39484 0.11313 0.230894 214 177 133
-0.378563 0.0743324 0.251296 188 156 118
-0.30304 0.0627081 0.31797 166 154 146
0.146409 0.214404 0.314913 169 134 101
-0.424293 0.106519 0.235608 214 170 126
-0.0982027 0.118082 0.256043 138 144 148
0.170472 0.172473 0.348247 153 164 176
-0.254464 0.0706767 0.303668 178 186 194
-0.221076 0.136024 0.190339 11 12 12
-0.310451 0.10394 0.250573 180 144 107
4.20534 1.23642 0.151516 102 114 124
-0.072011 0.139391 0.274564 161 129 99
-0.0586849 0.196928 0.231434 162 128 92
-0.21427 0.122325 0.251052 166 131 96
0.0546178 0.258381 0.211188 167 136 102
0.0994012 0.124354 0.303304 174 178 183
-0.326946 0.0470997 0.302498 194 194 200
-0.278269 0.0545541 0.266566 174 176 176
-0.299906 0.0744699 0.296121 184 150 113
-0.307051 0.0461194 0.291369 196 195 202
-0.291045 0.0452341 0.274239 193 196 202
-0.18215 0.181799 0.211418 165 130 94
-0.352204 0.130113 0.241418 195 152 110
-0.393213 0.0794205 0.269926 190 151 110
-0.454842 0.0804053 0.250754 212 176 136
-0.289434 0.158358 0.228838 198 160 118
-0.380344 0.120432 0.237114 200 156 112
-0.0756605 0.24282 0.196859 170 130 94
-0.289964 0.157226 0.224884 188 142 101
-0.0611104 0.162527 0.257679 158 123 90
-0.405139 0.100929 0.243899 200 159 116
5.66999 1.98601 -0.105468 101 108 114
-0.416859 0.104327 0.236824 214 174 130
-0.46805 0.0722847 0.259844 197 156 116
-0.124598 0.133542 0.258965 167 136 105
-0.416608 0.107994 0.238251 212 173 130
-0.44133 0.0721105 0.259631 194 156 116
-0.328207 0.149785 0.230176 200 159 115
-0.454203 0.069825 0.266409 188 144 105
-0.360822 0.124025 0.242861 202 164 121
-0.4498 0.0749974 0.260499 191 150 112
-0.358196 0.0582384 0.320047 184 148 114
-0.380457 0.0563421 0.30161 177 140 106
0.197455 0.276128 0.247378 158 122 88
-0.358761 0.10811 0.232615 190 148 106
-0.385346 0.094508 0.255151 196 163 126
-0.428395 0.103656 0.236413 209 166 124
-0.466969 0.0718054 0.254062 207 173 135
-0.382778 0.114935 0.240061 206 165 122
-0.280688 0.0614365 0.330116 176 182 192
-0.109016 0.188881 0.217889 160 128 94
-0.34836 0.150245 0.22012 199 154 105
-0.46152 0.0754807 0.254723 201 162 124
-0.340764 0.0753619 0.282536 188 154 117
-0.379026 0.0524696 0.297516 178 143 108
-0.331727 0.0393075 0.300767 196 194 200
-0.337354 0.0717033 0.288734 179 140 104
-0.389821 0.0814259 0.270042 188 147 106
-0.383612 0.0958578 0.25284 197 161 124
-0.317012 0.0702988 0.288601 182 146 110
-0.452937 0.0812575 0.254085 202 163 122
-0.439152 0.0525099 0.261762 188 156 124
-0.422527 0.120373 0.228924 214 174 128
-0.342761 0.134593 0.236749 196 152 110
-0.362798 0.0849484 0.260732 190 155 120
-0.430851 0.100994 0.236361 214 172 129
-0.376111 0.0547243 0.303219 182 147 113
-0.39908 0.107456 0.236511 202 156 112
0.232711 0.211514 0.245709 120 133 142
-0.321689 0.164911 0.215549 204 167 122
-0.365491 0.0514817 0.308842 182 146 112
-0.135846 0.216709 0.205529 167 126 90
-0.414047 0.105739 0.240133 213 177 131
0.0243772 0.198129 0.232063 153 120 88
-0.322996 0.043264 0.304441 194 194 200
-0.364635 0.0444034 0.311111 171 173 180
-0.371793 0.0876114 0.267968 186 153 118
-0.424071 0.103546 0.238363 209 168 127
-0.45358 0.0806643 0.252478 216 185 150
-0.378391 0.115167 0.229655 197 154 109
0.164089 0.239166 0.225506 138 100 68
-0.304647 0.169222 0.213064 196 155 110
-0.455587 0.0812896 0.250947 208 166 124
-0.376281 0.100284 0.248862 190 148 107
-0.288314 0.0543205 0.289372 190 190 193
-0.247952 0.206392 0.209558 192 150 104
-0.462497 0.0656241 0.267371 194 156 119
-0.347395 0.0369155 0.292296 194 193 196
-0.394285 0.0539322 0.300019 179 144 111
-0.43813 0.0605585 0.288388 186 152 114
-0.470214 0.0710662 0.263081 204 174 138
-0.269588 0.076586 0.270813 162 172 182
-0.40895 0.055513 0.300948 182 145 108
-0.470413 0.0684644 0.259825 194 153 114
-0.386304 0.089147 0.263303 194 160 123
-0.383412 0.11207 0.240592 204 166 123
-0.348558 0.0308776 0.284178 194 194 201
-0.350157 0.054605 0.322014 176 140 106
-0.211605 0.0639458 0.268628 182 186 192
-0.361709 0.0925753 0.257487 192 159 122
-0.25989 0.0625423 0.29554 188 192 198
-0.303942 0.050008 0.32449 192 188 192
-0.184899 0.111081 0.268074 162 131 100
-0.309637 0.166682 0.217479 196 156 111
0.0953868 0.173608 0.304241 141 136 138
-0.205879 0.0810561 0.299055 160 162 166
-0.415319 0.111433 0.234196 208 164 119
-0.333025 0.0668986 0.299565 181 145 109
-0.350495 0.0959272 0.252934 188 154 116
-0.392308 0.0979345 0.252923 202 166 130
-0.168967 0.201733 0.244768 192 156 116
-0.451747 0.0808631 0.252199 205 168 125
-0.373183 0.0507683 0.310456 178 142 108
-0.326638 0.0626147 0.295268 180 143 106
-0.390858 0.0664883 0.243307 184 146 108
-0.471988 0.0704847 0.264462 202 168 132
-0.277398 0.128284 0.236737 178 140 102
-0.335737 0.0452446 0.327285 188 189 197
-0.310108 0.115025 0.244099 182 146 109
-0.29656 0.134102 0.237295 185 144 102
-0.36039 0.0981139 0.272054 192 156 122
-0.404082 0.0539762 0.292242 174 138 102
-0.38265 0.136959 0.224311 216 164 108
-0.251448 0.15867 0.221386 186 147 110
-0.301209 0.116478 0.255769 188 152 115
-0.383181 0.116415 0.218183 203 166 120
-0.468903 0.071918 0.259214 196 154 114
-0.389073 0.0906404 0.26096 196 164 126
-0.399383 0.0940679 0.240239 200 159 114
-0.461348 0.0675386 0.269633 190 151 114
-0.349331 0.0413533 0.301508 198 194 201
-0.455815 0.0732834 0.259113 200 158 120
-0.367928 0.0943529 0.257611 187 154 116
-0.291787 0.0605238 0.324932 170 176 186
0.620383 0.407873 0.238378 150 116 82
-0.427423 0.0578264 0.285865 190 154 116
-0.470885 0.0720827 0.261557 202 169 133
-0.160066 0.13747 0.280707 165 128 94
-0.35467 0.0526096 0.314785 179 143 108
-0.43031 0.110885 0.232217 212 172 129
-0.0766422 0.191128 0.214064 160 127 96
0.0358149 0.225293 0.218494 154 123 90
-0.356039 0.0508608 0.321861 180 144 110
-0.366421 0.0922518 0.267381 196 165 130
-0.429211 0.104905 0.234843 214 172 129
-0.180153 0.215892 0.214101 180 136 96
-0.350143 0.119197 0.237751 191 149 106
-0.376018 0.0794714 0.272517 189 155 120
-0.327559 0.132117 0.228222 193 152 112
-0.353087 0.11987 0.238014 196 155 111
-0.325452 0.038704 0.28836 194 192 193
-0.388678 0.0706802 0.264232 244 140 60
-0.386969 0.059578 0.249281 76 12 18
-0.388756 0.0649748 0.254279 250 143 58
-0.384411 0.0730953 0.268196 166 80 40
-0.366974 0.0867415 0.264251 73 63 64
-0.389011 0.0700537 0.264256 234 126 50
-0.384992 0.0687961 0.253024 173 122 87
-0.382891 0.0685624 0.263108 176 103 52
-0.36274 0.0825191 0.271618 34 47 60
-0.383382 0.0704039 0.246859 212 154 111
-0.313484 0.0458077 0.278392 196 196 203
-0.379784 0.0699444 0.251995 106 96 93
-0.385478 0.0667589 0.259922 142 66 26
-0.384576 0.0723451 0.263104 130 85 56
-0.402749 0.0582117 0.271158 142 74 46
-0.375196 0.0667068 0.279157 181 145 109
-0.378959 0.0992685 0.248082 190 148 108
-0.438242 0.0529135 0.261376 95 92 87
-0.38482 0.0691338 0.247414 220 165 126
-0.380094 0.068211 0.263295 190 106 44
-0.381583 0.0952998 0.236598 126 114 109
-0.38001 0.100538 0.240354 153 150 117
-0.379586 0.0702121 0.251069 79 99 118
-0.3491 0.0328099 0.291048 186 185 188
-0.378349 0.100958 0.242191 40 38 38
-0.368999 0.0873981 0.265809 170 139 108
-0.384667 0.068744 0.264166 232 143 57
-0.319077 0.038185 0.286645 188 186 192
-0.376708 0.0724683 0.280077 173 141 106
-0.383132 0.0719226 0.267655 226 114 46
-0.378437 0.0683173 0.266142 178 144 108
-0.381661 0.0917944 0.233275 94 74 72
-0.432874 0.0729922 0.269146 136 112 86
-0.379346 0.0722128 0.247316 204 150 106
0.104893 0.192458 0.25338 150 116 84
-0.297915 0.0448166 0.281846 188 190 194
-0.376868 0.095749 0.23237 84 58 49
-0.375483 0.0996972 0.243882 134 104 71
-0.388461 0.0648901 0.252313 84 36 14
-0.381676 0.0712829 0.273057 58 44 55
-0.38896 0.0635812 0.246946 154 68 74
0.126773 0.195146 0.253333 127 114 104
-0.389191 0.0653358 0.252438 60 28 8
-0.381134 0.0742868 0.267718 176 90 42
-0.374316 0.0958669 0.254657 185 148 112
-0.364056 0.0705875 0.281501 161 129 97
-0.260818 0.0569398 0.279781 180 182 185
-0.383305 0.101164 0.245795 202 162 120
-0.377815 0.101245 0.24721 186 145 102
-0.382544 0.0925762 0.236583 54 30 20
-0.384441 0.0696166 0.251365 213 150 106
-0.383513 0.0942533 0.237029 62 48 46
-0.332524 0.0347173 0.298514 194 193 195
-0.383889 0.0730059 0.267012 184 73 32
-0.360251 0.0696001 0.285368 180 146 110
-0.37741 0.0715131 0.27766 180 148 110
-0.384003 0.0678695 0.262324 192 110 48
-0.297907 0.103507 0.251921 172 138 102
-0.385627 0.0680667 0.252541 200 148 106
-0.38961 0.0659677 0.251902 164 110 74
-0.364235 0.112257 0.237907 188 144 102
-0.364468 0.0808812 0.270071 40 47 56
-0.156886 0.101255 0.289378 151 160 168
-0.380716 0.0927673 0.235146 65 41 34
-0.304878 0.0612924 0.311634 161 166 172
-0.383859 0.0688857 0.260736 16 42 56
-0.378528 0.0805502 0.270334 184 150 114
-0.386429 0.0611571 0.246782 176 141 106
-0.387539 0.0643793 0.256043 199 100 28
-0.209818 0.0705616 0.279486 176 178 180
-0.389318 0.0645533 0.252947 132 56 16
-0.372875 0.109505 0.24567 210 201 197
-0.318319 0.0370983 0.284369 194 196 202
0.0168974 0.174288 0.238054 135 99 72
-0.293206 0.14183 0.229505 182 140 100
-0.366951 0.0844314 0.264063 22 44 75
-0.284677 0.144357 0.230481 183 143 103
-0.00602665 0.164638 0.261257 155 122 94
-0.364751 0.0894493 0.272738 184 150 114
-0.384347 0.0671182 0.251953 184 138 104
-0.381219 0.0942568 0.23635 58 33 20
-0.365452 0.0986316 0.249003 126 94 64
-0.365924 0.0795014 0.268768 68 54 46
-0.384979 0.0667124 0.249488 84 114 134
-0.388584 0.0956671 0.251354 188 146 107
-0.383918 0.0692507 0.25778 26 44 61
-0.0931442 0.156118 0.246698 156 122 90
-0.214967 0.0656165 0.274501 180 182 185
-0.382986 0.0703398 0.255732 191 148 112
-0.375484 0.0926286 0.236575 72 50 46
-0.385485 0.0673128 0.249918 14 123 156
-0.380894 0.08881 0.236382 76 54 45
-0.368556 0.0826316 0.263495 18 43 72
-0.383914 0.0692218 0.265665 206 130 62
0.0357505 0.162587 0.271172 118 127 135
-0.3819 0.0941056 0.25291 194 159 122
-0.271358 0.144053 0.225805 180 142 106
-0.338605 0.037566 0.297328 190 188 191
-0.376064 0.100634 0.247858 188 148 108
-0.369291 0.0849948 0.262835 93 80 72
-0.372056 0.0780896 0.258107 237 114 52
-0.385002 0.0776386 0.272996 181 138 100
-0.382107 0.0940061 0.23419 64 35 25
-0.248958 0.0597522 0.271018 188 190 193
-0.43634 0.0700364 0.275305 31 34 41
-0.173608 0.095589 0.283992 162 170 178
-0.0904189 0.111368 0.27817 158 160 162
-0.382461 0.109386 0.237303 192 149 106
-0.395704 0.0568741 0.271679 162 117 88
-0.295707 0.138788 0.230831 180 141 101
-0.377345 0.105729 0.240109 184 144 109
-0.0129155 0.16036 0.268389 152 120 89
-0.381124 0.071266 0.259094 121 43 18
-0.389637 0.0643622 0.2481 164 42 72
-0.367197 0.101847 0.247986 114 84 56
-0.0971937 0.120678 0.254901 150 154 161
-0.350501 0.0703222 0.289347 186 154 120
-0.260511 0.0555388 0.276953 190 192 196
-0.34477 0.0565332 0.309954 178 142 108
-0.390031 0.0587035 0.296436 174 136 102
-0.303897 0.0555171 0.316057 184 186 194
-0.393174 0.0924476 0.252673 194 158 121
-0.389318 0.0594796 0.295027 174 136 102
-0.38613 0.0645794 0.256997 200 106 22
-0.229035 0.149116 0.235825 173 134 98
-0.286133 0.106487 0.253205 174 140 104
-0.361404 0.0843919 0.271773 18 36 50
-0.346433 0.0351768 0.297186 196 195 200
-0.352534 0.0500295 0.321524 178 142 106
-0.378866 0.097372 0.252646 193 158 121
-0.296438 0.137037 0.231227 191 154 116
-0.388897 0.0600233 0.246544 152 82 76
-0.390053 0.0761043 0.276529 181 145 110
-0.433347 0.05719 0.288282 186 148 110
-0.439788 0.053635 0.259494 62 72 84
-0.397257 0.0537449 0.302363 183 147 112
-0.305832 0.0625726 0.315518 161 150 136
-0.307907 0.100977 0.257874 184 154 116
-0.379281 0.0957124 0.236847 56 32 18
-0.391691 0.0804624 0.267753 185 142 102
-0.157318 0.0996774 0.291365 162 170 176
-0.177878 0.110782 0.272606 162 130 101
-0.397599 0.0558129 0.298535 174 135 100
-0.327489 0.0505372 0.310942 190 189 194
-0.369194 0.0779634 0.265937 32 48 53
-0.211532 0.0812819 0.283351 178 182 189
-0.251228 0.0584315 0.275728 186 188 194
-0.311499 0.131846 0.232521 187 146 106
-0.397812 0.0591417 0.2932 184 149 114
-0.319554 0.0426678 0.278832 184 182 182
-0.136366 0.100368 0.287689 159 162 168
-0.367853 0.084471 0.26303 82 76 72
0.0409964 0.157356 0.277176 140 148 155
-0.365749 0.0924397 0.26164 186 152 116
-0.375225 0.104045 0.238184 194 156 112
-0.244594 0.0596126 0.281235 188 190 196
-0.441574 0.071558 0.268443 178 136 94
-0.383046 0.07186 0.26957 177 72 34
-0.223206 0.11647 0.265013 166 129 96
-0.375515 0.088266 0.26156 184 152 116
-0.285633 0.140834 0.228427 182 143 106
-0.381953 0.0920432 0.234002 82 60 55
-0.351378 0.0894439 0.262481 192 160 122
-0.380036 0.106775 0.244334 196 156 112
-0.348902 0.0564671 0.305972 182 146 110
-0.171419 0.0950949 0.286443 167 173 180
-0.427302 0.0583905 0.287299 188 154 116
-0.290504 0.105101 0.2588 186 153 116
-0.373254 0.0707158 0.276101 130 101 74
-0.126615 0.12134 0.279071 167 138 111
-0.0770882 0.163549 0.245627 162 128 96
-0.307826 0.103979 0.2574 181 144 107
-0.32038 0.0433336 0.294957 193 192 198
-0.426895 0.114179 0.229448 214 174 128
-0.375962 0.0889581 0.261784 183 150 114
-0.130802 0.129368 0.264827 168 135 104
-0.377531 0.10948 0.238876 196 155 114
0.0333312 0.171783 0.270745 156 124 94
-0.431409 0.0615074 0.28911 186 152 115
-0.370448 0.0793886 0.259556 198 86 39
0.0355971 0.197994 0.233589 142 110 79
-0.264599 0.0928132 0.26789 168 136 104
-0.398361 0.10915 0.23424 215 181 136
-0.341906 0.122909 0.235827 193 152 110
-0.137604 0.121626 0.264951 160 128 98
-0.332321 0.129086 0.234091 198 158 114
-0.382946 0.0938573 0.254296 194 162 124
-0.458393 0.0691179 0.268334 189 150 112
-0.358595 0.0950831 0.254156 192 158 120
-0.35824 0.113372 0.23564 192 152 109
-0.10597 0.117418 0.251859 142 145 150
-0.258785 0.0555704 0.27307 178 178 177
-0.395913 0.117447 0.231876 207 162 110
-0.371105 0.0793288 0.25769 230 114 50
0.217493 0.201682 0.283516 122 131 138
-0.20949 0.068695 0.262717 174 176 180
1.2377 0.496048 0.245855 108 118 128
-0.39168 0.062985 0.248119 121 32 55
-0.336239 0.0347387 0.290829 194 192 193
-0.389412 0.0601161 0.247127 143 30 52
-0.0587542 0.204355 0.203164 154 120 88
-0.321023 0.107137 0.248901 188 154 118
-0.37449 0.0989106 0.251449 194 160 120
-0.265985 0.114385 0.245905 166 130 94
-0.124486 0.151861 0.243097 157 122 89
-0.0545607 0.156001 0.252807 156 124 93
-0.375782 0.0855272 0.264215 186 152 121
-0.106517 0.152853 0.240406 155 123 92
-0.388645 0.0649352 0.248974 127 20 44
-0.399219 0.0886007 0.256187 194 164 126
-0.433741 0.0597871 0.287808 192 156 120
-0.0861234 0.133213 0.267137 138 134 132
-0.292039 0.11601 0.238469 186 152 115
-0.262632 0.0596421 0.281594 180 182 186
-0.379066 0.0987617 0.251273 194 156 118
-0.0242358 0.218987 0.208925 164 132 99
-0.388116 0.0645132 0.245835 178 143 110
-0.424804 0.104975 0.236368 220 178 135
-0.253977 0.118405 0.255404 173 138 102
0.000639551 0.175335 0.242604 148 117 88
-0.0716178 0.187953 0.229337 164 130 96
-0.433999 0.0589542 0.2872 188 152 115
-0.108249 0.161374 0.2467 164 130 94
-0.39812 0.108683 0.234828 204 160 110
-0.275288 0.0969787 0.267407 172 136 102
-0.383325 0.0766421 0.277189 180 138 100
-0.367456 0.070541 0.273863 150 118 88
-0.192567 0.154717 0.240193 173 136 100
-0.160241 0.0990057 0.268139 156 158 161
-0.100905 0.156803 0.234591 153 121 90
-0.244226 0.147384 0.239736 189 154 117
-0.370335 0.0971373 0.246637 116 84 56
-0.309852 0.0738119 0.290074 186 152 115
-0.256811 0.149185 0.227939 180 141 103
-0.0751541 0.164711 0.242861 158 126 94
-0.360006 0.0704056 0.279284 172 138 105
-0.366777 0.112899 0.240217 196 158 116
-0.161927 0.0881883 0.275907 176 178 182
-0.392684 0.102506 0.243985 196 156 112
-0.121083 0.155966 0.244627 162 128 93
-0.0319046 0.19456 0.219988 151 117 84
-0.308343 0.135892 0.230504 185 144 104
-0.200158 0.0858757 0.286416 157 160 166
-0.386547 0.0903939 0.255715 196 166 129
-0.153282 0.101093 0.28957 156 165 173
-0.244029 0.0600222 0.274869 186 188 194
-0.388401 0.095121 0.251878 192 152 113
0.152276 0.194292 0.267357 117 126 134
-0.435336 0.0706109 0.268181 32 32 35
-0.395774 0.0553972 0.250613 177 143 107
-0.4296 0.101452 0.238304 212 172 130
0.0180699 0.201728 0.223355 141 106 72
-0.316319 0.102817 0.253754 191 161 123
-0.31229 0.111385 0.248593 184 148 112
-0.313565 0.108638 0.248519 191 162 126
-0.363545 0.0918162 0.260196 190 158 120
-0.15537 0.088906 0.28645 180 182 188
-0.43249 0.0737912 0.267142 202 170 132
-0.407503 0.0578396 0.288061 184 146 110
-0.11042 0.12652 0.26035 132 139 147
-0.447189 0.0697784 0.269873 180 137 99
-0.441054 0.0722259 0.267557 182 140 98
-0.310521 0.0697165 0.295146 176 138 102
-0.348229 0.125165 0.23227 190 147 105
-0.0784006 0.11785 0.273973 143 146 148
-0.458437 0.0713999 0.266769 191 152 114
-0.389888 0.104029 0.240166 202 168 126
-0.386643 0.104676 0.240317 195 156 110
-0.368046 0.0819286 0.263227 25 50 82
-0.32832 0.0704738 0.290676 177 140 104
-0.378808 0.0571123 0.301032 175 140 106
-0.376905 0.0841868 0.264925 183 148 115
-0.406949 0.0999712 0.242755 202 163 120
0.276322 0.206917 0.249033 128 136 143
-0.430757 0.0582014 0.285471 190 156 120
-0.45557 0.0752648 0.261606 193 154 115
-0.366512 0.0902383 0.260518 190 157 120
-0.338645 0.0975831 0.258832 190 158 120
-0.460005 0.0705728 0.265722 192 153 116
-0.0176892 0.17888 0.242001 154 122 92
-0.3209 0.050243 0.307519 191 190 196
-0.374004 0.0756879 0.260449 147 60 26
-0.432565 0.0584332 0.290455 182 146 108
-0.244685 0.102237 0.270156 169 136 104
-0.322077 0.102362 0.251649 188 156 118
-0.319785 0.102244 0.252932 190 158 120
-0.376598 0.0540157 0.303686 181 146 112
-0.235933 0.109747 0.266541 174 141 108
-0.348129 0.0330262 0.299859 198 195 201
-0.430308 0.057869 0.290535 191 156 118
-0.231269 0.0603746 0.282619 190 192 197
0.598705 0.306845 0.251611 116 126 136
-0.343616 0.057306 0.306145 179 142 106
-0.26608 0.141413 0.235047 184 145 106
-0.382854 0.0873894 0.233898 114 84 63
-0.381878 0.0884267 0.233343 81 58 52
-0.117269 0.0972449 0.266526 163 166 168
-0.303789 0.128187 0.23353 178 136 98
-0.427925 0.0587819 0.289628 192 158 120
-0.303786 0.0518268 0.301616 192 193 198
-0.306742 0.0424442 0.281875 194 196 202
-0.250812 0.0573886 0.27663 188 190 196
-0.34461 0.129351 0.224869 188 150 106
-0.284299 0.0729915 0.307201 176 140 103
-0.35523 0.132528 0.227081 200 156 108
-0.352018 0.0981459 0.254959 186 153 115
-0.331161 0.107681 0.246476 193 160 122
-0.383983 0.0911845 0.254752 196 163 126
-0.342524 0.100901 0.247241 186 150 114
-0.378389 0.0953115 0.255055 191 158 120
-0.367714 0.126109 0.229106 196 150 104
-0.25993 0.112744 0.260324 182 146 110
-0.455083 0.0679511 0.272906 184 144 109
-0.187102 0.0762543 0.278531 182 184 188
-0.427974 0.109457 0.232351 204 164 121
-0.347269 0.0256397 0.28102 198 197 204
-0.325079 0.135049 0.228865 193 154 113
-0.336196 0.0680916 0.294527 180 140 104
-0.180151 0.114367 0.271876 170 138 107
-0.127018 0.14055 0.250595 158 124 92
-0.289946 0.0709285 0.298099 159 152 140
-0.371657 0.0691909 0.278442 175 143 109
-0.267511 0.0518241 0.27498 186 187 194
-0.333937 0.126237 0.232614 192 152 109
-0.435942 0.0606352 0.284748 189 155 120
0.0784889 0.201873 0.245511 150 118 88
-0.122246 0.0877176 0.272519 174 177 181
-0.338523 0.122057 0.233373 194 152 110
-0.15708 0.143027 0.251478 164 128 93
-0.363226 0.0539168 0.308792 172 137 103
-0.233002 0.119212 0.252149 174 138 103
-0.407892 0.108702 0.235809 207 166 118
-0.444915 0.0706786 0.268953 176 131 91
-0.084063 0.119692 0.287037 155 162 172
-0.376044 0.117024 0.2365 200 158 114
-0.458122 0.0687334 0.267588 184 144 107
-0.276408 0.115069 0.248424 180 144 108
-0.441693 0.0683716 0.273328 184 148 110
-0.15661 0.130514 0.259511 163 128 94
-0.368331 0.0899455 0.262838 189 159 124
-0.347299 0.0319616 0.300342 201 198 203
-0.441108 0.0764183 0.26153 190 150 109
-0.359043 0.0710077 0.276937 181 147 110
-0.435404 0.061325 0.284738 190 156 120
-0.384934 0.110275 0.231868 198 155 112
-0.42662 0.105443 0.234347 214 172 128
-0.288526 0.151826 0.219986 183 140 100
-0.362868 0.0914647 0.259636 189 156 118
-0.367386 0.0927368 0.255968 184 149 112
0.107998 0.204247 0.240419 138 104 75
-0.381437 0.122434 0.229918 208 164 110
-0.314071 0.0476597 0.294421 196 196 199
-0.45896 0.068954 0.268827 190 150 114
0.0985098 0.21393 0.234267 144 110 80
-0.327802 0.0517243 0.317912 179 180 186
-0.205297 0.109606 0.262438 178 144 112
1.55907 0.607881 0.233813 102 112 120
-0.419663 0.115704 0.230521 212 172 125
-0.346087 0.033729 0.299011 195 194 199
-0.39003 0.0949595 0.252213 189 149 110
-0.372916 0.0499633 0.311633 178 142 108
-0.442636 0.0715561 0.268316 178 135 94
-0.275356 0.12959 0.23919 178 140 102
-0.398655 0.116081 0.233152 208 163 114
-0.432619 0.075318 0.264701 194 158 120
-0.36302 0.0949688 0.254764 187 152 116
-0.370955 0.136073 0.228941 206 162 106
-0.347037 0.126476 0.234067 190 148 106
-0.459027 0.0819667 0.250268 203 160 118
-0.432438 0.0590677 0.29421 192 156 118
-0.426881 0.0578075 0.292496 190 154 116
-0.451081 0.0837488 0.251399 213 177 137
-0.434042 0.0990002 0.239281 210 172 131
0.514396 0.299008 0.250881 113 122 133
-0.452804 0.0714657 0.266537 188 148 109
-0.266556 0.121698 0.245084 180 143 106
0.0883499 0.24717 0.221033 164 130 97
-0.416116 0.104846 0.23856 212 168 126
-0.321909 0.139643 0.227923 190 152 108
-0.378995 0.105941 0.244743 202 162 122
-0.340981 0.0574594 0.309758 178 142 106
-0.375623 0.0685235 0.266513 184 150 112
-0.45861 0.065728 0.272605 186 144 109
-0.388233 0.0574698 0.302443 178 142 108
-0.152672 0.0875974 0.276508 180 183 187
-0.353157 0.0497033 0.321737 176 139 104
-0.330135 0.0342758 0.2854 198 197 204
-0.310409 0.134659 0.225043 186 146 106
-0.423457 0.11441 0.232248 207 167 124
-0.423968 0.113479 0.23163 212 172 127
-0.295839 0.051464 0.29775 190 190 196
-0.449534 0.0688572 0.270338 180 139 102
-0.128321 0.158914 0.234189 157 123 87
-0.366394 0.079354 0.262781 172 72 36
-0.240526 0.111592 0.258202 169 134 100
-0.386518 0.0890913 0.256927 190 156 119
-0.244376 0.0593326 0.27022 184 186 189
-0.364482 0.051978 0.310461 180 144 110
0.598336 0.291842 0.299059 128 137 146
-0.309196 0.118211 0.245028 195 163 124
-0.394738 0.090757 0.252077 196 162 125
-0.459902 0.0740251 0.258919 192 154 114
-0.306777 0.0487818 0.272516 194 194 200
-0.348223 0.08831 0.252083 183 147 111
-0.0905423 0.133153 0.263545 136 132 131
-0.344541 0.126884 0.230803 191 148 106
-0.344583 0.0987097 0.252304 188 154 117
-0.441407 0.0793356 0.257639 196 156 116
-0.390765 0.0883014 0.25576 196 165 128
-0.325864 0.0410287 0.300461 198 196 202
-0.386862 0.120643 0.23145 206 162 108
-0.229801 0.152557 0.223735 174 137 101
-0.371895 0.0879562 0.265364 186 154 121
-0.339365 0.103327 0.252784 193 159 122
-0.351674 0.0912634 0.260042 183 147 109
-0.182803 0.148593 0.244839 168 134 97
-0.205611 0.130052 0.249952 168 132 96
-0.257219 0.0604606 0.276341 188 190 196
-0.106909 0.157663 0.242038 158 124 92
-0.39692 0.057334 0.296413 178 140 106
-0.347807 0.099959 0.246682 192 160 122
-0.287654 0.117995 0.244364 183 149 112
-0.381411 0.125546 0.228438 206 162 106
-0.344432 0.125436 0.232589 194 152 110
-0.392974 0.121801 0.233383 207 160 112
-0.391763 0.109147 0.23877 202 157 111
-0.357468 0.094688 0.259546 190 156 119
-0.35198 0.0967795 0.256257 190 156 120
-0.385103 0.123101 0.229697 210 164 110
-0.40162 0.104684 0.238746 216 186 144
-0.458102 0.0661542 0.270305 189 149 114
-0.392332 0.079487 0.267468 190 150 108
-0.276375 0.137094 0.235997 186 147 108
0.0439974 0.179366 0.246262 144 114 83
-0.221423 0.114898 0.243666 154 120 88
-0.356645 0.0937165 0.254891 191 157 120
-0.444934 0.0667429 0.271054 184 148 110
-0.336701 0.132286 0.225954 190 148 104
-0.442446 0.0725328 0.269075 180 137 96
-0.327124 0.138011 0.225303 187 146 103
-0.417307 0.105554 0.237655 216 180 135
-0.401852 0.104038 0.241988 201 159 114
-0.195822 0.149219 0.23526 173 138 102
-0.294132 0.149577 0.225911 184 143 103
-0.448266 0.0832869 0.252692 208 168 125
-0.14105 0.0875662 0.271157 180 182 186
-0.120209 0.16523 0.224898 152 118 86
-0.386232 0.110777 0.232868 196 153 109
-0.195593 0.13004 0.251521 164 128 92
-0.455346 0.0749003 0.260426 193 152 114
-0.3944 0.057042 0.295907 174 137 102
-0.451929 0.0836664 0.252069 210 175 135
-0.329375 0.0516962 0.305914 188 190 194
-0.119045 0.1617 0.238786 160 124 90
-0.421158 0.101937 0.239577 210 168 125
-0.112533 0.175428 0.211195 158 126 94
-0.457421 0.0743367 0.263718 194 154 117
-0.276085 0.105589 0.252457 170 134 99
-0.438267 0.0593504 0.286579 188 152 116
-0.265283 0.135367 0.238931 188 152 114
-0.378052 0.0988851 0.244823 104 72 44
-0.378854 0.093642 0.23857 52 28 15
-0.374776 0.0707714 0.275398 132 101 71
-0.383694 0.0910392 0.236839 52 28 16
-0.379627 0.103006 0.241368 69 74 84
-0.381535 0.0915872 0.238147 50 23 12
-0.382392 0.0890877 0.234057 79 58 52
-0.382456 0.057639 0.250758 175 164 148
-0.436484 0.0684469 0.270444 28 26 26
-0.380653 0.0713204 0.260115 102 44 24
-0.377898 0.100323 0.243873 84 78 74
-0.38296 0.0702625 0.252721 201 140 94
-0.382476 0.0693215 0.246765 214 148 100
-0.386371 0.0639167 0.248349 180 80 106
-0.389947 0.0668071 0.254556 66 78 64
-0.39724 0.0637486 0.275843 192 167 141
-0.383485 0.089264 0.232721 83 58 54
-0.378843 0.0700507 0.271855 130 100 68
-0.384517 0.0729235 0.279755 190 158 121
-0.368739 0.0829979 0.262326 50 53 64
-0.358758 0.0886759 0.263859 185 151 114
-0.382833 0.0704515 0.248737 164 115 82
-0.378216 0.096796 0.244469 112 80 52
-0.389086 0.0647627 0.249131 151 46 77
-0.283439 0.0561598 0.295038 194 192 196
-0.376463 0.0919862 0.231471 138 106 76
-0.26185 0.0608542 0.280603 192 192 193
-0.380152 0.0988201 0.242295 49 34 25
-0.374251 0.100576 0.245642 106 76 46
-0.38052 0.0882571 0.235555 92 64 42
-0.378857 0.0955779 0.234458 68 39 30
-0.323204 0.0417438 0.30489 196 195 198
-0.30162 0.0477814 0.296386 195 194 198
-0.383923 0.0699423 0.25431 208 138 84
-0.438347 0.0681032 0.271561 58 64 70
-0.375791 0.0910851 0.231525 184 145 104
-0.382195 0.0701773 0.250139 4 100 139
-0.367752 0.0840667 0.262852 70 62 63
-0.399771 0.0583019 0.278146 169 134 102
-0.271858 0.0616703 0.301381 186 183 182
-0.360032 0.0950431 0.254711 187 151 112
-0.379458 0.109052 0.239259 188 147 103
-0.37761 0.0689761 0.248812 182 149 114
-0.370262 0.0838982 0.263549 15 40 64
-0.329435 0.0416279 0.307464 194 190 192
-0.276564 0.0602693 0.298751 188 184 183
-0.381946 0.0874861 0.235725 126 100 78
-0.356503 0.0937061 0.257862 192 156 118
-0.435269 0.0682519 0.276268 30 32 36
-0.38612 0.0670556 0.252119 176 122 80
-0.367527 0.0813953 0.270847 74 66 56
-0.360391 0.0713429 0.283797 174 142 108
-0.381043 0.090738 0.234724 66 46 39
-0.400552 0.0541147 0.269328 180 148 115
-0.385534 0.0816303 0.266865 190 152 112
-0.381014 0.075121 0.279135 184 150 113
-0.380507 0.0739494 0.271036 163 68 32
-0.383688 0.110122 0.235824 199 160 116
-0.389401 0.111596 0.236873 198 156 110
-0.357498 0.0907562 0.260357 192 158 120
-0.382301 0.0938181 0.232124 80 54 44
-0.30585 0.0456109 0.28951 196 194 198
-0.125714 0.112437 0.27562 154 160 168
-0.379612 0.107477 0.245524 197 156 110
-0.384037 0.0806648 0.268278 188 152 117
-0.452472 0.0639777 0.275175 184 146 110
-0.309975 0.0539177 0.283467 188 186 184
-0.382987 0.112713 0.237182 199 159 114
-0.251295 0.118922 0.250057 170 135 98
-0.420499 0.101234 0.238813 204 159 114
-0.435426 0.0664835 0.272697 9 8 8
-0.356891 0.09162 0.258636 190 152 115
-0.28353 0.117703 0.24669 180 142 105
-0.333253 0.0951407 0.261238 188 152 115
-0.342334 0.0708161 0.290026 176 141 105
-0.457446 0.0719685 0.265002 194 156 117
-0.416946 0.103255 0.237738 206 164 118
-0.342377 0.0695181 0.292863 182 149 114
-0.456669 0.0683564 0.272805 196 158 122
-0.319973 0.0390819 0.293706 196 195 200
-0.295361 0.0559091 0.269574 190 190 191
-0.427222 0.0733189 0.269637 199 164 126
-0.346471 0.0697069 0.289892 183 150 114
-0.382748 0.108216 0.235284 188 147 104
-0.38727 0.106234 0.239811 200 166 124
-0.331275 0.0680114 0.296109 181 148 112
-0.351833 0.0930925 0.256494 191 155 117
-0.389465 0.0599524 0.247787 115 25 38
-0.369725 0.0804292 0.264886 15 33 54
-0.373322 0.0970719 0.245705 113 83 54
-0.381948 0.0705465 0.271359 166 70 36
-0.372345 0.100553 0.247276 112 82 52
-0.391849 0.054811 0.246708 182 164 148
-0.375586 0.0795287 0.273903 185 151 116
-0.376526 0.0783444 0.273517 186 150 116
-0.371838 0.0795048 0.258116 206 102 47
-0.382669 0.0893937 0.23477 78 58 50
-0.436628 0.0701943 0.272906 49 56 62
-0.374808 0.108264 0.239839 194 156 113
-0.440646 0.052946 0.262526 193 156 118
-0.379788 0.0778599 0.27454 180 147 113
-0.384155 0.0669773 0.257626 235 134 36
-0.378732 0.103842 0.237856 184 144 102
-0.368895 0.0829505 0.262814 24 42 68
-0.38377 0.070158 0.263147 254 174 80
-0.382153 0.0792238 0.272168 178 146 108
-0.2454 0.121228 0.249496 164 130 93
-0.377518 0.0986231 0.24428 110 78 49
-0.325345 0.0408227 0.298743 196 195 198
-0.369214 0.0941866 0.254818 196 164 125
-0.378316 0.077621 0.273957 180 146 114
-0.382494 0.0642985 0.259217 152 120 90
-0.385555 0.0669002 0.254364 223 134 76
-0.3855 0.084587 0.26245 182 142 104
-0.303271 0.0496297 0.274944 193 192 196
-0.397304 0.10624 0.237988 196 154 107
-0.440325 0.0513394 0.263079 192 158 122
-0.298257 0.0472931 0.264472 190 190 194
-0.441316 0.051571 0.261342 192 156 120
-0.30773 0.106898 0.251996 182 146 108
-0.251387 0.120445 0.24732 166 130 94
-0.259635 0.115756 0.253296 167 133 97
-0.392533 0.116409 0.230608 208 170 122
-0.371014 0.087928 0.261087 186 154 119
-0.326203 0.051454 0.315119 182 182 185
-0.252144 0.117001 0.246732 171 137 100
-0.357857 0.0913031 0.258744 188 154 116
-0.42859 0.074158 0.268096 195 161 122
-0.390749 0.0802277 0.268909 188 147 106
-0.457573 0.0741021 0.264908 198 158 118
-0.361029 0.0933116 0.25724 193 160 122
-0.395271 0.0557275 0.269741 184 151 117
-0.374801 0.098424 0.249896 192 156 116
-0.450495 0.0630383 0.281865 187 148 111
-0.319247 0.104082 0.254065 186 154 117
-0.382622 0.111186 0.235574 196 156 112
-0.2991 0.0492679 0.291739 194 194 197
-0.427178 0.0764893 0.264329 203 171 132
-0.208512 0.119989 0.256656 173 140 106
-0.281398 0.0477372 0.275999 190 190 194
-0.298617 0.0513168 0.269631 194 193 196
-0.386882 0.059067 0.248508 97 17 34
-0.387089 0.0632333 0.247559 176 126 106
-0.388698 0.0578225 0.247377 122 23 42
-0.326157 0.0520444 0.317112 178 178 180
-0.381091 0.0712335 0.27232 161 65 32
-0.205851 0.121555 0.245813 162 128 93
-0.382362 0.0930893 0.235844 56 30 18
-0.382762 0.0913026 0.234426 73 50 44
-0.378407 0.103929 0.245917 216 219 224
-0.318582 0.0384653 0.282133 198 198 202
-0.381073 0.0713564 0.248589 194 134 88
-0.440476 0.0584479 0.265936 24 23 24
-0.310696 0.0470708 0.2958 195 195 197
-0.289742 0.0589867 0.271086 192 192 196
-0.336415 0.0606445 0.308123 182 147 112
-0.379966 0.0701097 0.251374 64 98 124
-0.321745 0.099003 0.252221 182 146 109
-0.252765 0.0686912 0.285566 188 188 192
-0.383407 0.0725349 0.267955 186 74 34
-0.394681 0.113854 0.231445 209 173 128
-0.275113 0.0528825 0.276169 192 192 193
-0.386441 0.0827655 0.235695 192 156 117
-0.373592 0.0760269 0.246283 184 150 115
-0.356958 0.0928717 0.256268 193 158 121
-0.39007 0.0788903 0.268107 184 145 106
-0.293166 0.10971 0.248061 176 140 104
-0.312487 0.0455852 0.29321 196 196 198
-0.324194 0.102193 0.252555 189 157 119
-0.381475 0.0725021 0.249184 186 150 115
-0.394433 0.108729 0.23621 204 162 117
-0.329463 0.0991252 0.252964 188 156 118
-0.388094 0.103174 0.241507 200 157 110
-0.383492 0.0690156 0.245543 179 134 95
-0.318482 0.0358324 0.277104 196 196 200
-0.32913 0.0386469 0.294218 198 198 200
-0.282991 0.106483 0.252901 179 144 110
-0.393773 0.112262 0.230355 204 168 123
-0.370859 0.111011 0.235168 192 154 110
-0.40048 0.108401 0.233426 214 183 142
-0.372532 0.0777182 0.255708 202 145 89
-0.357894 0.0933602 0.256217 192 158 120
-0.370751 0.113476 0.235339 190 147 104
-0.26085 0.0583287 0.273225 190 190 192
-0.362357 0.113831 0.233836 194 154 110
-0.209168 0.117911 0.250306 159 124 88
-0.253599 0.0647844 0.31577 192 191 191
-0.247399 0.06481 0.316734 164 162 160
-0.396234 0.0698677 0.285445 184 178 172
-0.230873 0.0639218 0.307388 194 191 193
-0.252273 0.0634144 0.316358 181 180 179
-0.299587 0.0629639 0.288928 192 192 192
-0.306269 0.0559611 0.285703 197 195 195
-0.218073 0.0707133 0.299612 184 182 182
-0.263882 0.0492154 0.304597 200 197 199
-0.295708 0.064663 0.286864 186 190 192
-0.298819 0.0645588 0.288612 184 188 193
-0.295575 0.0505153 0.269002 184 182 180
-0.308318 0.0552541 0.286076 189 186 183
-0.303536 0.0527586 0.278367 194 191 193
-0.307542 0.0524829 0.280249 194 192 192
-0.308397 0.0574694 0.28977 194 191 192
-0.291162 0.0636733 0.281525 190 188 189
-0.267714 0.0601921 0.316346 174 170 168
-0.412827 0.0768934 0.269684 196 158 118
-0.308269 0.0632288 0.2961 168 175 177
-0.378909 0.0998539 0.243801 112 117 115
-0.37471 0.0760958 0.278918 66 64 62
-0.391291 0.0615031 0.248578 160 66 92
-0.391212 0.0619569 0.252098 118 42 27
-0.386488 0.0653683 0.252665 95 48 22
-0.376723 0.104532 0.241156 103 111 112
-0.381377 0.0732229 0.275652 70 72 75
-0.39044 0.0630113 0.252646 122 56 38
-0.382421 0.0632025 0.257487 110 94 84
-0.377243 0.101231 0.246455 137 111 86
-0.372538 0.0740751 0.279992 40 54 62
-0.27717 0.0658364 0.303143 170 174 176
-0.324912 0.0516644 0.316266 183 182 184
-0.381639 0.0701643 0.272234 118 76 58
-0.380626 0.0713512 0.258434 73 46 38
-0.36207 0.10424 0.246162 122 93 59
-0.379503 0.102735 0.238435 207 188 156
-0.386049 0.0588017 0.250915 141 30 48
-0.38379 0.0646812 0.258956 124 85 55
-0.380079 0.0915548 0.247142 133 102 69
-0.382664 0.092913 0.233711 63 38 32
-0.390408 0.0618008 0.251532 157 68 85
-0.386127 0.0623944 0.248047 153 98 81
-0.391986 0.0620628 0.249452 108 24 34
-0.36825 0.0865223 0.262553 184 151 116
-0.27679 0.0525827 0.272816 180 180 182
-0.383972 0.0631861 0.256938 90 74 67
-0.370932 0.0723772 0.276765 129 97 68
-0.382463 0.0712528 0.26047 69 48 54
-0.372283 0.0809441 0.264223 12 36 58
-0.372012 0.0772922 0.261621 152 60 28
-0.382691 0.0895649 0.234924 74 52 46
-0.381673 0.0750338 0.278995 182 148 112
-0.386464 0.0678272 0.256497 93 70 37
-0.379216 0.0625376 0.254902 166 93 52
-0.385074 0.0678835 0.253079 182 126 90
-0.388675 0.0681118 0.254264 24 86 120
-0.378682 0.106647 0.242477 194 183 162
-0.430048 0.0602859 0.281796 118 90 62
-0.360966 0.0694935 0.282768 157 124 92
-0.366113 0.0995837 0.251389 112 80 51
-0.389119 0.0669192 0.254771 106 106 92
-0.381017 0.0637939 0.25072 132 40 58
-0.383256 0.0915254 0.233767 76 53 46
-0.388084 0.0559421 0.299162 182 146 110
-0.383389 0.0914177 0.232803 82 60 57
-0.321553 0.0352481 0.283635 188 186 189
-0.385364 0.0606071 0.253035 185 140 92
-0.356488 0.0889954 0.264561 188 152 116
-0.468286 0.0727404 0.265623 189 149 112
-0.372588 0.0782957 0.273771 184 152 116
-0.440396 0.056233 0.266234 135 104 75
-0.387029 0.101941 0.24479 198 156 110
-0.389996 0.0635617 0.253146 140 70 25
-0.364941 0.0716806 0.282103 169 138 104
-0.334218 0.036336 0.300248 193 189 188
-0.385182 0.0887863 0.231822 84 62 56
-0.386611 0.0683079 0.256085 7 74 110
-0.238225 0.0746126 0.295517 163 164 166
-0.384369 0.0656071 0.258361 203 107 28
-0.382652 0.0723005 0.2625 146 89 44
-0.27903 0.137493 0.22679 184 145 107
-0.366975 0.0849075 0.273089 185 148 110
-0.381318 0.0962489 0.239323 160 134 81
-0.383576 0.0979742 0.23912 184 183 112
-0.390888 0.066843 0.253039 20 112 160
-0.0346512 0.17852 0.256871 160 126 91
-0.292029 0.140289 0.230381 186 147 108
-0.383012 0.067386 0.276145 176 140 104
-0.388504 0.0660954 0.256054 224 121 32
-0.370789 0.0698047 0.280165 179 146 110
-0.38638 0.102902 0.24407 201 159 114
-0.0945611 0.136672 0.255623 154 122 94
-0.457281 0.073122 0.265951 188 150 110
-0.373595 0.0785262 0.259629 150 60 23
-0.361493 0.0854211 0.262559 192 157 120
-0.370803 0.0796037 0.26235 110 47 26
-0.432216 0.0591132 0.285847 178 144 108
-0.392923 0.0603838 0.249182 98 20 28
-0.371052 0.0833596 0.262998 18 38 64
-0.358129 0.0976996 0.252399 190 158 120
-0.368331 0.0716901 0.275226 121 94 66
-0.376492 0.0800648 0.268136 196 153 120
-0.379777 0.105989 0.241397 200 178 160
-0.383556 0.0600259 0.252202 108 30 37
-0.386083 0.0639233 0.248585 174 78 104
-0.306646 0.0733644 0.289156 174 137 101
-0.091203 0.119816 0.307798 146 156 164
-0.16516 0.151017 0.247488 170 134 98
-0.34335 0.0595321 0.308541 179 143 107
-0.460589 0.0853946 0.24981 211 172 134
-0.121639 0.130265 0.260008 156 124 93
-0.375409 0.0918975 0.232932 148 114 86
-0.381487 0.103621 0.243797 230 224 219
-0.430787 0.0596428 0.280712 120 92 64
-0.271397 0.0533692 0.2775 192 192 197
-0.432421 0.0585975 0.284998 179 144 109
-0.365171 0.0812095 0.26754 25 38 54
-0.319742 0.0553385 0.303856 186 188 192
-0.123204 0.124589 0.277485 160 130 98
-0.368762 0.0994721 0.256197 190 152 114
-0.327579 0.0445836 0.310692 191 186 183
-0.436575 0.0573773 0.272457 124 97 68
-0.346134 0.103273 0.254437 193 159 122
-0.337968 0.0375588 0.283719 189 186 188
-0.361948 0.054738 0.312458 175 139 103
-0.370421 0.0679562 0.281174 180 146 110
-0.382954 0.0986267 0.246651 192 147 108
-0.26153 0.0650394 0.31191 168 165 166
-0.395111 0.0797847 0.266835 180 140 98
-0.249585 0.0737235 0.276682 176 178 180
-0.152711 0.121247 0.229607 116 126 136
-0.24971 0.161171 0.218526 177 138 102
-0.435903 0.0525703 0.262039 189 152 112
-0.31932 0.0523488 0.314488 186 188 190
-0.388022 0.0797682 0.269747 182 144 106
-0.369554 0.082993 0.25975 188 152 116
-0.180467 0.0917019 0.288152 173 176 182
-0.322994 0.109179 0.246244 184 147 108
-0.370274 0.112459 0.237535 194 156 113
-0.34286 0.123165 0.233281 196 154 112
-0.362999 0.0735596 0.276658 126 96 68
-0.439957 0.0544146 0.266181 196 160 120
-0.255181 0.0963777 0.264209 171 138 106
-0.380765 0.0719645 0.258475 40 20 17
-0.361729 0.101591 0.2509 111 80 52
-0.326566 0.100422 0.251785 192 158 122
-0.394259 0.0551499 0.30581 180 144 110
-0.459643 0.0861319 0.250079 214 176 134
-0.372658 0.0894893 0.259889 184 150 113
-0.361821 0.0729451 0.285722 182 148 113
-0.321759 0.0578965 0.319325 164 146 132
-0.304827 0.0960465 0.259975 178 141 105
-0.348663 0.0326848 0.291854 193 188 189
-0.327385 0.0991725 0.252685 192 160 122
-0.28314 0.106675 0.254219 178 142 106
-0.382745 0.0979317 0.24725 192 147 108
-0.26023 0.0728957 0.296839 172 180 188
-0.252447 0.0751382 0.296255 164 172 177
-0.370203 0.0832365 0.266304 24 45 72
-0.362225 0.0831842 0.270921 24 40 54
-0.333714 0.045692 0.30686 192 188 186
-0.340143 0.0570931 0.30704 188 152 115
-0.458069 0.0735747 0.26398 196 154 116
-0.394362 0.0997069 0.243616 198 156 110
-0.289505 0.106971 0.258533 186 153 116
-0.294485 0.139569 0.217046 180 140 104
-0.330583 0.128619 0.234597 192 152 110
-0.395204 0.0922941 0.246915 193 150 110
-0.443436 0.0979346 0.239599 208 164 119
-0.369415 0.0968632 0.242922 189 154 116
-0.339775 0.0445189 0.324203 194 190 191
-0.18782 0.118358 0.25163 160 127 94
-0.470077 0.0814089 0.253456 205 168 126
-0.429197 0.0576853 0.286146 188 152 116
-0.310815 0.0573306 0.322639 170 174 182
-0.332697 0.132541 0.225475 190 148 108
-0.158951 0.137838 0.229348 150 118 87
-0.272404 0.0573781 0.277876 181 182 184
-0.295248 0.11581 0.237994 182 148 112
-0.374103 0.0702513 0.279024 178 142 106
-0.37872 0.076821 0.272846 183 150 118
-0.389962 0.0891158 0.251573 193 160 123
-0.321805 0.0521821 0.305589 180 180 178
-0.280129 0.0491393 0.283796 192 193 196
-0.364713 0.0684038 0.28191 170 138 102
-0.379937 0.0705895 0.247844 227 158 112
-0.387993 0.0868736 0.25482 192 158 120
-0.372785 0.0849794 0.27113 187 154 118
-0.458829 0.0834108 0.251699 205 162 120
-0.377336 0.0992825 0.252768 196 162 122
-0.123027 0.122355 0.273946 148 133 115
-0.302613 0.105266 0.252905 184 149 112
-0.383751 0.048958 0.310928 178 142 106
-0.158948 0.15254 0.250206 174 138 102
-0.052319 0.184666 0.217932 146 110 78
-0.398085 0.108081 0.237995 212 178 132
-0.366253 0.0708226 0.279427 140 108 79
-0.301393 0.0715793 0.291282 180 144 108
0.105094 0.188221 0.269168 152 122 92
-0.092502 0.174218 0.220612 150 114 82
-0.150602 0.146496 0.2347 158 124 90
-0.39471 0.0614843 0.249573 140 38 60
-0.381193 0.0996463 0.248632 189 146 105
-0.359998 0.0708051 0.282496 134 102 72
-0.225734 0.111868 0.253974 164 130 95
-0.297502 0.0553703 0.297053 193 194 198
-0.397083 0.106577 0.236029 204 160 114
-0.377337 0.108664 0.243666 196 154 110
-0.362279 0.0885475 0.270103 26 36 50
-0.0312805 0.169561 0.236113 152 120 92
-0.388676 0.0579008 0.2937 175 138 102
-0.273032 0.145596 0.220308 182 144 108
-0.299841 0.0963059 0.260992 180 142 106
-0.388274 0.105376 0.242389 204 166 122
-0.382289 0.107521 0.235897 192 148 106
0.0767216 0.210878 0.232232 142 108 77
-0.366106 0.0990572 0.258272 192 156 120
-0.363724 0.0930208 0.255097 186 152 114
-0.390519 0.0596429 0.299936 179 144 108
-0.371338 0.0767469 0.256065 190 153 112
-0.397621 0.0593471 0.293001 184 148 113
-0.159188 0.0948635 0.288915 160 162 166
-0.284574 0.0618919 0.299724 190 188 194
-0.40533 0.100034 0.237818 200 156 110
-0.354925 0.0306998 0.294894 178 172 174
-0.304612 0.104456 0.255467 182 148 110
-0.455526 0.0757623 0.262774 192 152 113
-0.379394 0.0956059 0.246027 112 81 53
-0.19437 0.138642 0.243449 166 129 93
-0.41735 0.103402 0.239188 205 164 120
-0.364133 0.109716 0.239099 197 156 112
-0.28086 0.118602 0.241287 174 134 98
-0.442019 0.067381 0.279563 182 148 112
-0.4429 0.069935 0.269348 186 148 108
-0.379823 0.0574172 0.310036 180 146 111
-0.326698 0.124336 0.229745 186 144 103
0.0184943 0.143246 0.26547 151 154 156
-0.296622 0.0430597 0.292662 196 197 200
-0.387078 0.0693643 0.269511 128 50 32
-0.102131 0.132843 0.260415 154 126 98
-0.350087 0.0514583 0.314607 164 144 132
-0.369256 0.0698475 0.270506 179 142 104
-0.380494 0.0711416 0.27492 38 50 64
-0.327488 0.0564122 0.318763 162 148 135
-0.38883 0.0588333 0.249627 153 39 62
-0.427139 0.103403 0.238407 213 176 135
-0.455593 0.0735793 0.266298 190 151 114
-0.402341 0.0574422 0.294023 186 150 115
-0.313928 0.10065 0.262581 180 144 108
-0.338536 0.0605962 0.306826 180 142 106
-0.43765 0.0680809 0.278285 187 152 120
-0.378239 0.0896228 0.234466 122 90 68
-0.373795 0.0922776 0.236762 82 62 53
-0.292479 0.104408 0.252714 176 139 103
-0.370872 0.102375 0.250846 190 151 110
-0.439518 0.056667 0.268418 125 96 68
-0.347157 0.0321081 0.293944 190 184 185
-0.457981 0.0710592 0.265047 194 154 117
-0.0254498 0.189242 0.219441 140 104 72
-0.381466 0.097362 0.234911 196 164 130
-0.211809 0.0814805 0.293549 156 159 162
-0.45733 0.0738889 0.264366 195 156 118
-0.314426 0.0368465 0.300784 200 196 200
-0.224907 0.0978763 0.272231 164 131 102
-0.368936 0.0988791 0.240239 54 30 20
-0.391011 0.0881407 0.253044 204 170 133
-0.40201 0.104347 0.238042 214 180 138
-0.335407 0.12425 0.219277 183 140 102
-0.453331 0.0839369 0.25228 210 168 126
-0.346633 0.0331831 0.295049 200 196 202
-0.357188 0.0698298 0.281461 185 151 115
-0.439848 0.0718294 0.275494 188 150 112
-0.108306 0.122817 0.277655 139 148 156
-0.440736 0.070101 0.275053 192 158 120
-0.256879 0.0956357 0.27196 176 144 110
-0.379847 0.0595809 0.254734 177 144 106
-0.309763 0.0627656 0.310613 160 148 138
-0.382857 0.0851424 0.26268 185 148 112
-0.326978 0.0517927 0.318192 186 184 188
-0.257703 0.145142 0.224951 176 138 101
0.213356 0.231504 0.21367 100 107 116
-0.456213 0.0736402 0.266842 188 150 112
-0.404392 0.0601508 0.287101 185 148 112
-0.411112 0.0576159 0.28649 184 146 108
-0.279723 0.0607878 0.297344 187 188 188
-0.291749 0.124033 0.23496 190 153 116
-0.378493 0.103579 0.247098 204 162 119
-0.14845 0.148685 0.230682 153 118 85
-0.449519 0.0636898 0.279598 181 144 108
-0.343998 0.0886733 0.257007 184 151 114
-0.456662 0.080787 0.257954 198 156 116
-0.414807 0.105302 0.23849 206 164 120
-0.377654 0.106308 0.239454 195 158 116
-0.431537 0.0578773 0.279078 179 147 114
-0.416133 0.106285 0.236412 208 166 122
-0.423281 0.106814 0.235097 202 160 117
-0.381477 0.0905137 0.231497 87 62 56
-0.321899 0.0627356 0.303048 182 148 115
-0.357971 0.0715658 0.280522 158 123 92
-0.317486 0.0528923 0.321074 182 181 184
-0.419982 0.103915 0.236649 214 176 133
-0.35227 0.0935518 0.25958 189 154 116
-0.20164 0.102146 0.282428 168 136 106
0.179843 0.208948 0.242435 115 124 136
-0.338966 0.123535 0.224211 186 144 102
-0.304284 0.133995 0.22806 180 140 100
-0.387972 0.119412 0.225682 206 160 106
-0.307012 0.100122 0.260011 187 154 116
-0.459268 0.0727311 0.264283 198 166 128
-0.257743 0.0761613 0.307303 160 169 177
-0.457123 0.0718093 0.264797 194 156 118
-0.304664 0.103044 0.263795 186 152 114
-0.428096 0.105084 0.235271 211 169 127
-0.398136 0.111957 0.23057 202 160 108
-0.360928 0.0671516 0.284928 188 156 120
-0.329755 0.110346 0.240412 189 152 111
-0.437427 0.0709945 0.27089 22 26 31
-0.440953 0.0709707 0.269204 179 138 96
-0.335467 0.0405446 0.302613 188 186 183
-0.420569 0.0553019 0.294356 184 148 112
-0.402149 0.118155 0.228675 216 172 117
-0.435964 0.0714981 0.268478 40 39 39
-0.290938 0.128058 0.24208 189 148 110
-0.318267 0.0978992 0.246141 178 140 104
-0.386357 0.0507491 0.307542 179 144 108
-0.363245 0.0985796 0.247876 189 154 116
0.0771233 0.166906 0.268727 132 138 144
-0.2418 0.102875 0.273583 167 132 99
-0.451803 0.0746088 0.262654 186 147 107
-0.350292 0.0939776 0.257095 190 156 118
-0.385471 0.05021 0.307582 182 147 110
-0.330505 0.110887 0.243025 184 147 107
-0.421819 0.110514 0.233477 206 162 120
-0.455977 0.0711251 0.267032 193 154 116
-0.248689 0.100396 0.264381 170 136 103
-0.0733654 0.155317 0.261287 160 126 92
-0.108786 0.169263 0.235002 154 118 82
-0.238452 0.0658419 0.270567 184 186 189
-0.0697328 0.196066 0.203874 156 121 90
-0.454737 0.0751656 0.262365 198 158 119
-0.358915 0.109705 0.231995 186 144 102
-0.441986 0.0541583 0.260348 40 46 54
-0.425943 0.10293 0.23615 218 184 142
-0.344839 0.0972026 0.259008 189 155 118
-0.361941 0.0917207 0.257664 191 157 120
-0.286667 0.117126 0.252906 182 144 106
-0.377827 0.0909498 0.23108 186 142 100
-0.400138 0.105695 0.237775 214 177 132
-0.294048 0.126238 0.235471 182 144 104
-0.468212 0.0719849 0.265165 188 148 108
-0.348064 0.0630633 0.297892 178 140 104
-0.0985506 0.126955 0.267337 137 144 150
-0.437327 0.0635256 0.284616 181 146 113
-0.106669 0.172326 0.226849 154 120 84
-0.440421 0.0548456 0.266466 191 158 120
-0.250702 0.103294 0.264004 166 133 99
-0.430253 0.0607452 0.284673 125 96 69
-0.392832 0.0561966 0.30254 178 140 104
0.0481981 0.153306 0.25715 132 136 140
-0.404888 0.100342 0.242071 202 164 120
-0.44771 0.0695254 0.27004 180 138 99
-0.0510592 0.155219 0.242002 150 119 90
-0.20133 0.0972655 0.278886 152 161 169
-0.446625 0.0732708 0.265226 184 142 102
-0.374568 0.108997 0.234493 196 154 112
-0.286908 0.0634809 0.325139 169 174 180
-0.46876 0.0821398 0.253557 208 170 128
-0.0586334 0.158264 0.236883 143 112 83
-0.319604 0.0360646 0.292029 196 194 200
-0.4389 0.055201 0.266927 196 162 123
-0.350023 0.0683898 0.291251 178 146 110
0.3424 0.238171 0.215796 112 119 126
-0.442994 0.0732795 0.266379 180 141 102
-0.3912 0.0543046 0.311619 182 146 112
-0.385379 0.0704613 0.255612 138 64 22
-0.468229 0.0732845 0.266812 185 148 112
-0.446306 0.0653922 0.280387 180 142 108
-0.339633 0.0355714 0.297198 192 188 188
-0.423164 0.0797161 0.263018 199 164 127
-0.0931505 0.104616 0.272678 164 166 168
-0.28247 0.0985562 0.262946 170 130 95
-0.286501 0.105019 0.255145 180 143 107
-0.456905 0.0797524 0.256265 198 158 118
-0.343233 0.127629 0.227821 189 147 105
-0.378583 0.0494971 0.307679 175 139 103
-0.330754 0.11007 0.243752 193 157 117
-0.387769 0.056117 0.301191 180 146 110
-0.197734 0.151228 0.244698 178 142 106
-0.466763 0.0785351 0.258637 199 160 123
-0.353535 0.0948079 0.263754 190 156 119
-0.171714 0.156076 0.230325 166 130 94
-0.231807 0.130195 0.237407 164 128 92
-0.283977 0.101063 0.258357 176 136 101
-0.413201 0.101727 0.239521 214 178 134
-0.323517 0.100735 0.252891 191 159 122
-0.366214 0.071279 0.278319 128 96 68
-0.429658 0.104279 0.234003 212 172 128
-0.459085 0.0834203 0.252043 204 160 119
-0.186407 0.102193 0.253609 151 155 160
-0.453478 0.0822754 0.251792 213 174 134
-0.436185 0.06063 0.280989 150 119 90
-0.454587 0.0739257 0.265534 188 152 114
-0.465821 0.0757966 0.260452 196 158 118
-0.355621 0.123211 0.230848 193 150 108
-0.387847 0.0588643 0.295268 176 138 102
2.23167 0.710584 0.247813 114 121 131
-0.383689 0.0945712 0.255182 198 164 127
-0.420269 0.107323 0.233669 204 161 116
-0.0545888 0.234393 0.216512 178 144 108
-0.281211 0.148883 0.216308 182 144 107
-0.406201 0.0576142 0.295773 182 144 107
-0.410212 0.106037 0.235631 207 166 121
-0.454252 0.0663161 0.274511 183 143 108
-0.410347 0.102763 0.24023 204 165 122
-0.346599 0.0695295 0.281414 177 137 102
-0.138122 0.115677 0.242943 138 144 150
-0.455176 0.0671133 0.273175 180 140 105
0.084805 0.241243 0.22334 155 120 87
-0.346716 0.0588993 0.307372 180 144 108
-0.388204 0.0843811 0.230858 185 143 101
-0.457522 0.072123 0.268802 194 154 116
-0.298844 0.107579 0.2492 183 145 109
-0.112119 0.140006 0.240226 146 115 86
-0.469146 0.0811077 0.254193 208 172 131
-0.456585 0.0707179 0.268296 196 156 119
-0.447819 0.0685503 0.275191 189 153 118
-0.278965 0.11054 0.254484 172 134 98
-0.25537 0.149369 0.219984 178 142 106
-0.375199 0.106693 0.236313 195 156 111
-0.115328 0.186344 0.207444 162 130 98
-0.459317 0.0754674 0.261361 194 156 118
-0.350088 0.120368 0.234094 191 148 105
-0.344577 0.0326299 0.298047 200 198 202
-0.433261 0.0987181 0.238271 212 176 134
-0.303296 0.0966292 0.256775 173 133 98
-0.470075 0.0749822 0.264016 202 172 138
-0.455942 0.0730511 0.265045 184 146 108
-0.389971 0.049614 0.308301 176 140 105
-0.447083 0.071362 0.267967 182 140 100
-0.358385 0.0689992 0.278819 186 152 116
-0.218533 0.114608 0.267774 174 140 106
-0.362975 0.130082 0.226017 200 162 116
0.0690015 0.229955 0.22893 150 116 82
0.832799 0.453567 0.18373 96 103 108
-0.381342 0.0989551 0.246632 188 146 108
-0.219925 0.125544 0.256064 169 133 97
-0.457705 0.0743371 0.265676 193 154 114
-0.468411 0.0763182 0.264652 196 160 124
-0.440048 0.0800252 0.257972 192 154 113
-0.388121 0.0968379 0.250534 192 149 108
-0.429058 0.105298 0.23981 215 180 140
-0.423156 0.059967 0.294906 186 152 116
-0.0746512 0.138587 0.258758 138 128 118
-0.450968 0.0645473 0.271934 190 156 120
-0.418112 0.10426 0.236543 206 164 120
-0.395632 0.0547453 0.309769 173 135 100
-0.455719 0.0704452 0.269828 186 146 108
-0.430594 0.0626835 0.286984 122 94 66
-0.359279 0.0948284 0.242393 194 162 124
-0.389412 0.108928 0.238172 198 160 114
-0.373112 0.0940886 0.254649 191 156 120
-0.450095 0.074746 0.263894 195 156 118
-0.419885 0.0991885 0.241375 216 180 138
-0.130259 0.130357 0.247401 157 128 98
-0.237448 0.121209 0.258861 178 142 106
-0.378201 0.126339 0.226871 206 159 105
-0.403476 0.101014 0.24073 205 168 123
-0.437528 0.06038 0.28633 184 151 117
-0.410357 0.100929 0.238867 210 172 130
-0.452514 0.0795393 0.258767 206 168 130
-0.39682 0.0533061 0.297239 182 147 112
-0.261408 0.0518012 0.271453 193 192 197
-0.344485 0.0530466 0.319435 174 136 96
0.15412 0.204218 0.233693 113 122 131
-0.449225 0.0634733 0.279716 184 148 112
-0.316814 0.0631673 0.307145 184 151 117
-0.321475 0.132718 0.2284 188 148 108
-0.329257 0.135338 0.22517 190 148 107
-0.361581 0.0967773 0.254554 190 156 119
-0.392108 0.0515124 0.305343 182 148 112
-0.204134 0.133456 0.241642 166 129 93
-0.301659 0.0438692 0.287092 196 196 196
-0.21246 0.0817337 0.279387 179 182 186
-0.451248 0.0817114 0.254612 206 164 122
-0.315348 0.109189 0.24083 182 146 110
0.180518 0.206985 0.228588 114 123 132
-0.458577 0.0755031 0.262057 197 159 121
-0.454998 0.0806374 0.255756 200 159 118
-0.260523 0.111369 0.245001 172 136 100
-0.375542 0.0922892 0.254761 193 160 122
-0.354084 0.0647647 0.289732 182 146 109
-0.309941 0.0976594 0.255096 178 141 105
-0.468575 0.0816523 0.252676 202 164 124
-0.453416 0.0764552 0.261582 189 148 110
-0.383691 0.115536 0.229497 199 153 107
-0.427026 0.0576325 0.288105 188 152 114
-0.336409 0.0677069 0.290012 183 145 109
-0.463121 0.0777269 0.261075 193 152 113
-0.333862 0.0516317 0.322826 176 176 182
-0.379631 0.112516 0.235458 200 158 115
-0.145174 0.138129 0.238607 160 127 94
-0.368822 0.109298 0.236217 190 146 103
-0.459172 0.0794808 0.258806 198 160 121
-0.457567 0.0715843 0.269016 192 153 113
-0.429053 0.0535773 0.284876 188 152 116
-0.450547 0.0721458 0.265171 183 142 103
-0.445466 0.0683607 0.270208 192 157 120
-0.413164 0.11324 0.227502 211 164 111
-0.305591 0.0410421 0.27912 195 196 200
-0.395696 0.134329 0.233628 212 170 121
-0.431497 0.0612657 0.288071 182 148 113
-0.333206 0.0549756 0.317368 166 153 143
-0.274548 0.0607226 0.306844 190 192 196
-0.293521 0.107442 0.254795 188 153 116
-0.288413 0.0899636 0.264144 168 133 100
-0.356145 0.119995 0.235263 192 152 109
-0.246329 0.0607997 0.28342 190 192 195
-0.251263 0.086251 0.265847 153 162 169
-0.451576 0.070251 0.272671 188 146 110
-0.442449 0.0717415 0.272283 180 138 98
-0.40387 0.102561 0.239212 199 160 114
-0.449198 0.0706274 0.268544 189 147 110
-0.458953 0.0685343 0.267828 188 148 111
-0.462035 0.0827004 0.253744 204 165 124
-0.381125 0.054201 0.296944 181 145 109
-0.437514 0.06145 0.285021 188 154 122
-0.153782 0.135433 0.252282 156 122 88
-0.230935 0.158626 0.215114 170 134 98
-0.443077 0.0719557 0.26915 178 135 94
-0.428533 0.108611 0.229937 222 188 142
-0.464633 0.076753 0.25907 204 170 133
-0.42837 0.101269 0.23788 210 172 130
-0.373421 0.0938054 0.241242 193 156 116
-0.0452275 0.190958 0.216671 146 111 79
-0.453108 0.0735866 0.265192 195 160 122
-0.274051 0.140296 0.221656 178 142 106
-0.465664 0.0780133 0.256434 200 162 124
-0.278609 0.0617074 0.305956 184 182 186
-0.366987 0.112161 0.233575 196 154 112
-0.469757 0.0762534 0.258728 194 160 122
-0.435187 0.0752875 0.266056 192 154 118
-0.332805 0.0911705 0.257327 189 157 119
0.143796 0.215536 0.180721 102 106 112
-0.255942 0.103226 0.263913 174 140 105
-0.402356 0.0542688 0.301653 174 136 101
-0.358984 0.0963253 0.253239 190 156 119
-0.452278 0.077178 0.261533 189 150 111
-0.307521 0.112724 0.244377 184 148 111
-0.372442 0.0493172 0.307315 182 144 108
-0.16686 0.133422 0.246436 156 122 88
-0.119832 0.0897891 0.259902 170 172 174
0.0250185 0.203575 0.230024 144 109 77
0.155648 0.263324 0.226302 154 119 86
-0.396299 0.0592494 0.292275 188 152 117
-0.412168 0.0979657 0.241778 205 168 123
-0.404048 0.0499358 0.299389 182 147 112
-0.469827 0.0738307 0.262246 192 154 118
-0.461654 0.0739098 0.265921 196 162 124
-0.351206 0.122956 0.230531 188 146 104
-0.384649 0.0513128 0.307672 182 148 111
-0.451082 0.0654953 0.27749 192 157 122
-0.368178 0.0836105 0.254187 190 154 118
-0.390086 0.118528 0.22969 208 164 112
-0.23997 0.108946 0.250728 162 126 92
-0.410157 0.101896 0.240564 206 170 128
-0.386564 0.057647 0.251028 143 112 107
-0.383194 0.0962713 0.238229 148 130 59
-0.386191 0.0874983 0.23209 82 58 52
-0.308179 0.0435778 0.295564 182 179 178
-0.381731 0.0968576 0.235425 196 166 136
-0.383245 0.059788 0.253668 177 140 104
-0.398773 0.062243 0.273071 182 164 152
-0.378138 0.0944026 0.232597 93 72 66
-0.381181 0.099372 0.236693 192 152 108
-0.382939 0.0691991 0.264913 228 147 72
-0.382733 0.0686244 0.263043 166 108 69
-0.385145 0.0596768 0.248966 110 20 36
-0.374091 0.0801368 0.271839 190 156 120
-0.374047 0.0778418 0.256065 237 138 59
-0.366692 0.0828663 0.263193 27 42 66
-0.379787 0.0605154 0.256406 179 144 108
-0.38078 0.0690159 0.250766 34 86 114
-0.38053 0.0709688 0.245878 188 136 92
-0.385749 0.0643679 0.247888 162 84 74
-0.374727 0.0690992 0.267616 181 144 106
-0.384899 0.0699762 0.247459 215 150 106
-0.322232 0.0561035 0.320409 164 170 177
-0.304201 0.0490673 0.301788 186 182 181
-0.201125 0.0729588 0.263377 173 171 172
-0.369452 0.0965931 0.248621 136 104 71
-0.390506 0.0628105 0.248507 153 44 66
-0.327015 0.0451483 0.288977 185 181 180
-0.373754 0.0846536 0.264526 161 139 122
-0.358022 0.0703008 0.287238 179 147 112
-0.387697 0.057802 0.247152 172 119 118
-0.382571 0.06862 0.25938 123 76 34
-0.318932 0.0483621 0.316054 189 186 186
-0.449522 0.0638417 0.284454 184 147 111
-0.443369 0.071796 0.270769 180 137 96
-0.398962 0.05719 0.273827 134 72 48
-0.383377 0.0951123 0.231763 130 95 68
-0.298976 0.0491463 0.294756 195 194 196
-0.363909 0.0785569 0.265523 115 52 36
-0.383515 0.0918604 0.234703 68 44 34
-0.378943 0.070186 0.251482 124 131 123
-0.281436 0.055474 0.293566 188 186 184
-0.182712 0.113746 0.256738 155 122 89
-0.368164 0.0894711 0.270243 189 155 118
-0.382995 0.0997216 0.236444 192 153 109
-0.0502423 0.141095 0.274768 143 133 123
-0.391144 0.0618296 0.241248 170 136 101
-0.40511 0.10236 0.238226 212 181 138
-0.304418 0.0504734 0.304906 195 194 194
-0.458353 0.0716592 0.267004 196 154 118
-0.373248 0.0970698 0.249102 118 85 57
-0.23722 0.108999 0.254147 166 132 96
-0.399278 0.0591553 0.270372 144 84 61
-0.336629 0.0696576 0.294182 180 140 104
-0.372608 0.0716949 0.273776 130 102 72
-0.395863 0.0540708 0.279089 183 149 114
-0.3973 0.0623861 0.276773 208 190 171
-0.376806 0.0722752 0.273773 180 80 36
-0.311461 0.108965 0.246649 189 162 125
-0.400155 0.103235 0.239627 199 158 114
-0.290675 0.111121 0.247229 178 141 105
-0.241384 0.111246 0.256708 170 134 99
-0.269115 0.109404 0.257018 178 143 106
-0.431711 0.0614734 0.291765 190 156 121
-0.378992 0.0985536 0.243045 108 76 48
-0.377849 0.0800754 0.275257 182 146 110
-0.429862 0.102696 0.238007 220 183 142
-0.382447 0.0722167 0.271375 182 78 36
-0.347379 0.0871833 0.258887 188 152 114
-0.376492 0.0707241 0.276872 174 140 106
-0.377402 0.0695283 0.279687 181 146 110
-0.346441 0.0898653 0.262639 190 154 116
-0.456374 0.0760292 0.266067 194 153 116
-0.371702 0.076905 0.266933 118 86 59
-0.45771 0.0744122 0.266484 204 169 130
-0.311905 0.100742 0.253042 185 152 114
-0.382758 0.0943277 0.231533 87 56 36
-0.369726 0.0792843 0.273076 173 139 107
-0.330317 0.102261 0.256423 196 163 125
-0.389579 0.0603401 0.245432 178 145 111
-0.317316 0.0438027 0.296319 194 193 194
-0.3765 0.0691446 0.26583 184 140 96
-0.167657 0.0837617 0.262314 179 177 178
-0.315235 0.0652588 0.307115 174 142 106
-0.432855 0.0996794 0.239158 211 174 133
-0.452671 0.0724381 0.270389 189 147 108
-0.348663 0.0520376 0.321052 176 138 100
-0.191051 0.075377 0.262816 184 182 183
-0.331486 0.0685509 0.294554 175 140 103
-0.380751 0.107419 0.236229 190 150 108
-0.355238 0.0899265 0.260036 183 146 108
-0.247021 0.105251 0.256673 166 131 98
-0.310721 0.0516781 0.312388 192 190 192
-0.317528 0.0519093 0.316702 194 195 196
-0.39088 0.0959864 0.248896 192 152 110
-0.221421 0.108793 0.257879 165 130 94
-0.254268 0.0606503 0.277071 190 190 190
-0.319743 0.100365 0.254427 178 144 106
-0.453833 0.0758523 0.266465 191 152 113
-0.300734 0.0502955 0.302766 194 192 192
-0.444352 0.070469 0.27445 192 155 119
-0.29204 0.0522783 0.291176 197 194 197
-0.380353 0.0809858 0.26955 192 158 122
-0.360334 0.0910136 0.259652 192 157 120
-0.3061 0.0528089 0.303481 185 183 182
-0.450934 0.0667893 0.278645 188 151 115
-0.341997 0.0577297 0.308322 180 143 109
-0.389963 0.0985015 0.248939 199 162 120
-0.33766 0.0897349 0.263808 188 152 116
-0.432621 0.0984406 0.239156 209 167 125
-0.439633 0.0592746 0.267079 22 20 17
-0.321915 0.0432937 0.30178 195 194 196
-0.351326 0.090682 0.262483 188 150 112
-0.194318 0.123888 0.253991 164 129 94
-0.303943 0.116717 0.241207 180 144 106
-0.339034 0.0901025 0.263997 186 150 114
-0.245859 0.11236 0.256038 164 128 92
-0.43929 0.102866 0.237561 206 165 123
-0.443089 0.0706708 0.272748 190 153 115
-0.377907 0.0972463 0.244708 112 82 53
-0.377393 0.0754282 0.273638 153 74 40
-0.335701 0.0358802 0.29746 194 190 190
-0.184182 0.0927455 0.278791 170 172 174
-0.382032 0.0686012 0.247594 178 128 90
-0.372047 0.0778815 0.25575 189 144 90
-0.310581 0.0430942 0.295691 192 190 190
-0.359566 0.0870937 0.262311 184 148 111
-0.36948 0.0861286 0.270637 182 145 108
-0.291981 0.0474155 0.283911 188 185 186
-0.380581 0.0799595 0.271073 182 148 112
-0.334186 0.0348497 0.297891 193 189 188
-0.388232 0.0975905 0.247599 194 156 112
-0.204653 0.124161 0.246534 166 133 96
-0.382421 0.0897789 0.236077 58 36 28
-0.299085 0.107401 0.250448 182 144 108
-0.359278 0.090166 0.260335 193 159 121
-0.322517 0.0549068 0.324522 170 174 179
-0.381073 0.096154 0.237975 239 222 209
-0.166589 0.12296 0.250218 162 129 96
-0.382343 0.106153 0.238886 193 151 108
-0.149608 0.106239 0.271446 158 162 164
-0.380266 0.0981986 0.243918 103 72 46
-0.387041 0.0687598 0.255411 20 70 96
-0.345907 0.0580976 0.307668 184 150 114
-0.242839 0.110487 0.257148 168 134 98
-0.385486 0.0804475 0.271294 186 150 112
-0.384867 0.0922705 0.23559 58 30 18
-0.381216 0.0902773 0.234517 73 50 44
-0.398745 0.060603 0.27092 134 70 44
-0.189097 0.107598 0.261062 154 128 106
-0.325591 0.0419165 0.304384 195 192 194
-0.221799 0.108028 0.25484 160 128 92
-0.424273 0.107642 0.232784 214 172 124
-0.386783 0.0659115 0.251967 140 76 40
-0.278376 0.116826 0.242172 175 138 102
-0.362484 0.0871829 0.262887 186 152 115
-0.393258 0.0951776 0.248021 197 158 116
-0.354534 0.0921216 0.257492 190 154 116
-0.296632 0.0465516 0.285393 194 194 196
-0.234309 0.114039 0.252101 165 132 96
-0.320059 0.0399095 0.293289 196 194 196
-0.320308 0.0616348 0.316829 178 142 104
-0.409955 0.100858 0.241028 210 175 128
-0.423039 0.108345 0.232126 210 168 122
-0.439358 0.0776672 0.262408 195 154 115
-0.360301 0.0919098 0.260003 190 156 119
-0.457333 0.0708257 0.269734 198 157 118
-0.45357 0.0756635 0.262322 200 158 119
-0.432548 0.0721593 0.271379 28 28 34
-0.160171 0.110995 0.261489 144 149 152
-0.42521 0.106481 0.234319 217 175 129
-0.455929 0.0702311 0.273983 190 148 112
-0.456325 0.0772446 0.261514 202 163 125
-0.341706 0.0604776 0.304361 178 144 108
-0.352401 0.0921076 0.257238 192 156 118
-0.425091 0.104905 0.235052 210 166 117
-0.417202 0.103652 0.237083 214 170 120
-0.351124 0.0538941 0.313047 180 142 105
-0.414948 0.102123 0.23867 220 184 137
-0.328893 0.0580919 0.310091 166 155 144
-0.457229 0.0707099 0.268007 196 155 116
-0.424953 0.0603796 0.291038 196 165 130
-0.402014 0.0544818 0.266366 179 147 112
-0.465976 0.077889 0.256858 196 162 124
-0.46033 0.0847235 0.248808 214 176 134
-0.430902 0.078801 0.264833 194 156 118
-0.42747 0.102172 0.237244 216 180 136
-0.38359 0.090632 0.233453 83 62 58
-0.382909 0.0944952 0.233545 68 40 24
-0.381509 0.0708334 0.24937 102 82 68
-0.381239 0.0979161 0.241807 61 42 22
-0.360888 0.0707177 0.280429 141 110 80
-0.37996 0.0702208 0.267307 218 138 64
-0.382618 0.066814 0.253092 134 76 38
-0.381979 0.0693447 0.266837 148 100 62
-0.379072 0.0716293 0.261811 96 35 16
-0.438766 0.0557306 0.258954 48 58 67
-0.433559 0.0717571 0.274582 19 18 23
-0.382501 0.0684761 0.246531 187 142 102
-0.285016 0.10582 0.250718 176 140 104
-0.383843 0.0926989 0.237121 156 132 110
-0.382835 0.0699826 0.248546 208 143 100
-0.4578 0.0845378 0.2522 200 159 116
-0.368371 0.0879715 0.262238 188 154 118
-0.38335 0.0868201 0.233951 91 61 38
-0.440314 0.0566539 0.264138 36 38 42
-0.300191 0.102081 0.252096 170 134 98
-0.286668 0.116617 0.239041 173 136 100
-0.381808 0.0712773 0.245822 197 146 106
-0.39241 0.0566805 0.274607 162 119 88
-0.268184 0.0935109 0.267743 175 143 108
-0.381005 0.100197 0.236949 189 154 108
-0.377481 0.0989405 0.245021 110 77 50
-0.438749 0.0526963 0.263239 191 156 122
-0.366455 0.0939954 0.254376 186 154 116
-0.307186 0.100308 0.252788 186 151 114
-0.380299 0.0696925 0.266793 214 144 76
-0.369767 0.0897447 0.258338 194 161 124
-0.398171 0.106916 0.235152 203 159 114
-0.386066 0.0597531 0.246231 172 158 146
-0.382341 0.0871514 0.239336 192 156 116
-0.393214 0.109836 0.231788 197 154 109
-0.438999 0.0579959 0.260818 52 60 68
-0.455554 0.0748092 0.266251 191 150 113
-0.304794 0.109702 0.244 174 139 101
-0.439193 0.0557886 0.259672 48 57 66
-0.290737 0.101233 0.251001 170 133 97
-0.389605 0.0949609 0.221857 186 143 102
-0.280676 0.120154 0.236542 180 144 108
-0.269064 0.0951 0.265845 174 139 105
-0.312985 0.0440978 0.296684 198 195 196
-0.285407 0.109041 0.251709 175 138 102
-0.457937 0.0729133 0.266461 198 165 126
-0.301728 0.106999 0.244435 180 142 106
-0.378964 0.110841 0.232182 188 146 103
-0.399678 0.103608 0.238609 203 160 114
-0.424239 0.0787044 0.265303 202 172 134
-0.349443 0.0919317 0.257624 185 147 109
-0.357261 0.0922545 0.257163 190 156 118
-0.445245 0.0708323 0.273897 186 144 108
-0.443667 0.0635634 0.282759 194 162 126
-0.385667 0.111381 0.231725 196 153 108
-0.419307 0.104189 0.23585 209 172 126
-0.373105 0.112587 0.230707 189 148 104
-0.385596 0.0816765 0.267277 185 147 109
-0.455881 0.0729415 0.2672 193 154 116
-0.454505 0.0739223 0.267226 196 157 120
-0.306111 0.0529234 0.280278 198 196 196
-0.275792 0.061051 0.263676 182 180 179
-0.311119 0.0520365 0.284199 198 194 196
-0.220687 0.0587023 0.289028 184 180 181
-0.38679 0.108675 0.232473 206 164 122
-0.315391 0.0508026 0.287342 198 196 197
-0.375531 0.0704818 0.251773 210 163 118
-0.394079 0.11515 0.220496 200 158 112
-0.299293 0.0524873 0.266517 184 181 180
-0.381535 0.0982364 0.240983 125 114 78
-0.371404 0.0854728 0.264141 20 33 54
-0.434381 0.0681808 0.279152 37 36 38
-0.379776 0.0700745 0.253711 169 106 58
-0.38087 0.0947755 0.242348 114 84 54
-0.3934 0.0675135 0.286762 182 162 136
-0.377155 0.0727287 0.269967 250 147 58
-0.375265 0.0982997 0.247538 114 82 54
-0.3826 0.0956719 0.240051 135 110 46
-0.382216 0.0963458 0.24083 112 78 42
-0.389199 0.0578234 0.249835 167 87 100
-0.388405 0.0597822 0.248228 101 16 31
-0.307342 0.0573874 0.305974 191 190 188
-0.378123 0.097953 0.243962 106 76 48
-0.383814 0.0673946 0.259648 98 44 12
-0.370864 0.0770645 0.263966 62 46 44
-0.389303 0.0645067 0.254792 217 116 36
-0.325485 0.0474994 0.313823 190 185 182
-0.325402 0.0546251 0.319144 168 170 170
-0.378043 0.0734656 0.255145 178 102 43
-0.382597 0.0706443 0.249641 16 83 122
-0.348884 0.072619 0.286722 168 136 102
-0.377449 0.0954364 0.245158 110 79 50
-0.31822 0.0341982 0.306406 201 197 195
-0.375967 0.0986829 0.246663 106 76 47
-0.218577 0.0700703 0.257304 176 173 170
-0.381841 0.0700412 0.246049 194 144 104
-0.366596 0.0812629 0.265889 18 38 66
-0.389275 0.0937944 0.232224 186 144 102
-0.306481 0.0440899 0.323055 183 179 174
-0.397352 0.0607676 0.278531 96 48 24
-0.374054 0.0901706 0.25652 184 149 111
-0.368064 0.0811226 0.260706 173 80 34
-0.378592 0.0958505 0.241173 130 100 66
-0.324123 0.0437531 0.315731 196 193 192
-0.381796 0.0738233 0.27984 190 157 124
-0.374617 0.0790561 0.280412 172 137 104
-0.382719 0.0700209 0.250521 50 98 130
-0.364018 0.0838037 0.264158 42 40 51
-0.379015 0.0982293 0.245047 106 74 44
-0.386813 0.0898747 0.230466 90 67 60
-0.367911 0.0829428 0.262252 69 64 67
-0.293732 0.0731812 0.300646 176 140 104
-0.433826 0.10624 0.233551 202 162 119
-0.378962 0.0964989 0.239763 199 178 154
-0.284902 0.117329 0.258584 186 154 116
-0.389288 0.0691779 0.260741 253 176 86
-0.3887 0.10375 0.238034 198 161 116
-0.367854 0.0554346 0.302775 176 143 107
-0.325957 0.0493933 0.315942 177 173 169
-0.259132 0.0743385 0.31625 153 158 160
-0.424609 0.0621957 0.297403 185 148 116
-0.324918 0.0489528 0.310027 194 192 192
-0.261096 0.0612211 0.303682 192 190 189
-0.32708 0.0341418 0.299151 188 184 180
-0.328493 0.108376 0.243802 195 161 122
-0.240438 0.0614906 0.26664 178 173 172
-0.379798 0.0996882 0.244275 198 214 222
-0.298104 0.0538257 0.311965 196 194 194
-0.254694 0.077352 0.318494 178 143 106
-0.46041 0.0756285 0.263651 188 154 116
-0.350392 0.0709969 0.289958 180 149 114
-0.377403 0.0737233 0.259496 125 51 23
-0.300794 0.053663 0.340457 180 182 186
-0.37712 0.0707757 0.270293 129 97 63
-0.469688 0.072275 0.267689 181 142 106
-0.328082 0.051081 0.314939 180 180 179
-0.389883 0.108529 0.235672 197 156 110
-0.455812 0.0716253 0.274628 185 144 108
-0.444667 0.0958847 0.238796 207 164 121
-0.363254 0.0706702 0.285296 176 142 108
-0.37886 0.0931132 0.244873 114 82 54
-0.379964 0.0710592 0.270989 203 110 53
-0.310927 0.0469812 0.297913 190 188 186
-0.225624 0.0672797 0.256545 174 171 171
-0.39999 0.107063 0.238808 206 173 128
-0.315059 0.0412902 0.285678 186 183 182
-0.38859 0.0945918 0.24875 192 152 110
-0.323606 0.0900249 0.256889 179 141 105
-0.451787 0.0708294 0.278784 184 143 108
-0.383424 0.109703 0.238129 198 162 118
-0.348269 0.0726431 0.288659 162 132 100
-0.367491 0.0706981 0.275781 128 98 70
-0.375862 0.0733531 0.272511 218 109 50
-0.433252 0.100149 0.236344 215 179 139
-0.390291 0.102495 0.240462 194 152 105
-0.460094 0.0720841 0.271168 188 150 112
-0.403272 0.0563581 0.300059 186 150 114
-0.33972 0.0587842 0.307092 178 144 110
-0.326464 0.0309292 0.302989 198 197 198
-0.391727 0.103851 0.239768 202 167 124
-0.287644 0.0658095 0.321039 160 162 166
-0.332253 0.0391842 0.290729 199 197 199
-0.270938 0.0635676 0.282291 181 178 178
-0.293486 0.0527008 0.334871 190 190 189
-0.381127 0.0720479 0.279456 181 147 111
-0.454269 0.0690106 0.276079 184 144 109
-0.294715 0.0499343 0.339766 176 172 170
-0.270559 0.0725006 0.315148 166 153 140
-0.383356 0.0712904 0.252941 212 150 102
-0.459641 0.0745932 0.263221 196 160 122
-0.427639 0.103531 0.232227 208 168 124
-0.295103 0.0668619 0.311781 160 148 138
-0.35172 0.0835175 0.257608 186 148 112
-0.460736 0.075313 0.263672 190 154 116
-0.329902 0.0524854 0.307834 185 186 189
-0.360117 0.097546 0.249164 188 150 110
-0.457924 0.0735895 0.266386 200 167 129
-0.284086 0.051796 0.288628 195 192 192
-0.387384 0.0978779 0.245662 193 153 110
-0.387305 0.0904525 0.235688 52 26 13
-0.376035 0.0986358 0.249624 190 152 110
-0.338692 0.0903577 0.263153 180 144 108
-0.434393 0.0721496 0.269553 38 36 39
-0.339962 0.0745386 0.28994 184 152 114
-0.381988 0.0905184 0.232309 83 60 56
-0.454473 0.072274 0.2671 192 154 117
-0.309428 0.113319 0.245478 184 146 108
-0.225979 0.101081 0.271636 170 137 103
-0.375425 0.0717143 0.272723 210 144 80
-0.372269 0.0860336 0.261436 182 148 112
-0.330386 0.0479401 0.311821 190 186 183
-0.234339 0.0635045 0.26397 176 172 171
-0.180246 0.0754018 0.269733 182 179 178
-0.382468 0.0981489 0.237701 206 200 115
-0.367557 0.0695593 0.276482 137 104 76
-0.357893 0.0715865 0.287718 180 146 110
-0.231317 0.0630952 0.266055 180 177 174
-0.233919 0.0958573 0.281705 172 138 104
-0.367682 0.0812916 0.279421 182 150 116
-0.383771 0.0677389 0.2586 193 112 28
-0.384318 0.0636255 0.255618 175 102 47
-0.449255 0.0844535 0.253475 210 176 134
-0.256635 0.0543541 0.283305 195 192 194
-0.387126 0.101743 0.240599 200 162 122
-0.289794 0.0669926 0.316651 168 160 151
-0.229481 0.0614862 0.266974 190 186 188
-0.447132 0.0964459 0.236978 202 158 116
-0.319742 0.0538789 0.316432 180 182 188
-0.376553 0.0523333 0.318581 178 144 108
-0.310777 0.0508476 0.322384 178 176 172
-0.311226 0.0498766 0.320259 193 190 189
-0.413787 0.0600795 0.306264 192 155 120
-0.396277 0.0566921 0.308541 180 144 108
-0.273243 0.0561989 0.292047 190 188 190
-0.259535 0.0697557 0.320463 171 176 181
-0.317504 0.042633 0.274448 196 196 199
-0.464685 0.078705 0.259982 198 162 126
-0.361913 0.0862158 0.262151 184 148 111
-0.402535 0.0937123 0.245878 196 156 114
-0.316759 0.041684 0.336924 196 192 192
-0.327273 0.0372074 0.307413 200 198 197
-0.240232 0.102632 0.255518 170 136 100
-0.26314 0.0640378 0.314653 171 170 169
-0.338347 0.0715582 0.299777 186 156 122
-0.256327 0.0678913 0.316426 182 185 190
-0.359968 0.089037 0.260323 194 159 122
-0.443119 0.0745019 0.267873 188 149 109
-0.306314 0.0517734 0.274488 196 194 195
-0.460019 0.0712303 0.270828 191 151 115
-0.454492 0.0743102 0.266475 185 146 108
-0.318324 0.110385 0.2462 183 145 106
-0.371108 0.0512554 0.319738 178 144 109
-0.218222 0.0727214 0.254054 178 176 174
-0.154838 0.102517 0.270281 162 161 160
-0.459866 0.0773116 0.264332 191 154 116
-0.287187 0.0490634 0.349619 168 166 164
-0.305278 0.10612 0.247587 180 142 106
-0.404251 0.0962753 0.24555 200 160 114
-0.467171 0.0747838 0.262767 188 146 111
-0.407541 0.0986021 0.238305 199 158 111
-0.381946 0.073836 0.280655 190 157 120
-0.38409 0.069069 0.258419 42 40 37
-0.423651 0.0955992 0.242937 198 154 110
-0.393125 0.101003 0.242351 198 156 108
-0.286921 0.0972049 0.263005 168 128 92
-0.457854 0.07788 0.26274 190 152 113
-0.388596 0.102877 0.243624 197 154 108
-0.331944 0.0546477 0.305848 177 181 186
-0.346453 0.100933 0.249048 190 155 116
-0.469605 0.0727892 0.264105 190 160 125
-0.329001 0.073179 0.301864 180 148 112
-0.446096 0.0667255 0.281593 186 149 114
-0.466561 0.073381 0.262861 190 152 115
-0.395029 0.10922 0.235711 203 160 113
-0.394001 0.0586907 0.312733 187 150 114
-0.449916 0.0711286 0.276336 182 140 106
-0.322084 0.102048 0.254876 190 156 118
-0.394532 0.0979438 0.251045 201 164 122
-0.380941 0.0883984 0.237146 176 142 108
-0.453918 0.0697754 0.275449 188 148 112
-0.457507 0.0765399 0.261654 192 154 116
-0.339694 0.0581673 0.314682 176 142 106
-0.260954 0.0528003 0.258291 178 176 176
-0.275062 0.0960831 0.262588 167 132 96
-0.353215 0.0845575 0.26064 190 154 117
-0.362835 0.0844514 0.258895 187 153 116
-0.457148 0.0731362 0.267174 198 164 126
-0.459293 0.0843462 0.253209 204 163 120
-0.385204 0.0935802 0.232244 70 40 26
-0.45538 0.0770047 0.261067 198 162 124
-0.459252 0.0695914 0.271959 187 148 112
-0.336307 0.0239618 0.30013 197 195 198
-0.229188 0.0558434 0.266183 179 176 177
-0.420531 0.101586 0.236816 209 170 126
-0.363337 0.0551504 0.32891 180 147 113
-0.404757 0.102814 0.236451 212 176 132
-0.42112 0.0990463 0.236477 209 168 124
-0.28294 0.0561444 0.330882 194 194 193
-0.442962 0.0685188 0.276741 184 149 114
-0.271518 0.101971 0.260269 164 124 89
-0.409599 0.0952629 0.245476 205 169 127
-0.442489 0.0679979 0.279682 186 150 114
-0.420376 0.100978 0.236353 209 170 125
-0.407109 0.101047 0.240362 201 164 116
-0.393257 0.0593099 0.311277 184 148 110
-0.318128 0.0994894 0.266205 188 150 114
-0.338928 0.0480527 0.351978 172 138 103
-0.266317 0.103018 0.256533 169 132 96
-0.396189 0.108797 0.236608 200 156 110
-0.338714 0.0976227 0.249441 193 162 124
-0.441587 0.0651999 0.284349 190 157 121
-0.314908 0.0514031 0.303649 194 192 192
-0.397839 0.103666 0.240021 200 162 116
-0.455942 0.080996 0.257365 196 155 114
-0.460264 0.0728358 0.266927 195 162 124
-0.463202 0.0755673 0.261607 192 153 116
-0.386198 0.107024 0.237878 198 164 119
-0.333342 0.0261118 0.295081 200 198 200
-0.270207 0.0510607 0.265766 194 192 194
-0.429862 0.102199 0.233768 206 166 122
-0.325323 0.0523975 0.321236 186 186 192
-0.461188 0.0693323 0.277232 185 147 110
-0.316756 0.0519443 0.332554 181 184 188
-0.306517 0.0484621 0.308287 194 193 194
-0.335845 0.0918931 0.256826 184 148 110
-0.454098 0.0672264 0.275483 184 143 108
-0.329383 0.0464345 0.31242 196 192 188
-0.324857 0.0481875 0.320799 178 176 174
-0.457162 0.0759666 0.261648 196 158 120
-0.408801 0.0952056 0.244539 206 170 128
-0.461165 0.0750615 0.263838 191 156 118
-0.455456 0.0756729 0.263791 190 151 112
-0.31074 0.110847 0.243001 186 152 114
-0.466278 0.0752755 0.264477 192 152 116
-0.418265 0.0582116 0.30469 186 150 115
-0.397633 0.105721 0.235238 196 152 106
-0.270944 0.0738361 0.309211 163 152 146
-0.467841 0.0753587 0.263087 188 150 114
-0.380105 0.0559148 0.318374 178 144 110
-0.334112 0.100691 0.257908 194 160 122
-0.461684 0.0720598 0.265304 198 166 128
-0.450316 0.0663462 0.280544 191 156 119
-0.404104 0.098958 0.240759 203 167 124
-0.465141 0.0734393 0.264669 188 150 114
-0.460478 0.0783476 0.25941 190 151 112
-0.446955 0.0957015 0.238348 206 166 123
-0.301455 0.0534769 0.314103 194 193 194
-0.417296 0.101113 0.238703 210 176 134
-0.447058 0.0670171 0.2791 181 146 110
-0.282454 0.111445 0.246507 169 133 97
-0.469352 0.073676 0.264578 194 161 125
-0.470405 0.0753124 0.261438 192 163 130
-0.191269 0.0844235 0.290952 185 181 181
-0.273924 0.0686069 0.32284 161 170 178
-0.470196 0.0720651 0.263126 192 162 128
-0.454992 0.0674393 0.277675 181 140 104
-0.449711 0.0715631 0.269997 190 150 112
-0.459658 0.0734423 0.265088 198 166 128
-0.358652 0.0906051 0.255421 189 152 112
-0.380521 0.0746825 0.269305 138 74 46
-0.379314 0.073697 0.277413 52 62 72
-0.428813 0.0724666 0.272019 182 148 118
-0.381391 0.0945052 0.239961 156 124 88
-0.398881 0.0569049 0.271012 150 84 56
-0.386948 0.0838703 0.264401 184 143 105
-0.379738 0.0886803 0.238026 189 152 113
-0.436034 0.0702249 0.271963 22 22 28
-0.196761 0.112659 0.266216 169 134 100
-0.358689 0.07144 0.282472 131 100 71
-0.382784 0.0724886 0.279383 184 150 114
-0.436517 0.0632003 0.286823 190 156 124
-0.361731 0.0700913 0.28505 177 143 107
-0.359439 0.0692996 0.287444 183 150 114
-0.378062 0.0683795 0.25012 181 140 104
-0.318904 0.0489915 0.329801 190 188 192
-0.395933 0.0691965 0.286529 178 171 158
-0.317208 0.0340437 0.284819 188 185 182
-0.375678 0.0959293 0.242553 132 99 70
-0.380309 0.104005 0.238778 188 144 99
-0.359787 0.0868204 0.264595 184 147 110
-0.323203 0.0498042 0.316604 176 170 167
-0.370931 0.0696702 0.281138 182 148 114
-0.324471 0.102166 0.253275 188 154 116
-0.386064 0.0613579 0.246224 174 139 102
-0.458888 0.0855384 0.250804 209 169 126
-0.459923 0.0844747 0.252018 214 180 139
-0.37806 0.0556504 0.310929 182 148 112
-0.456747 0.0726764 0.266198 192 152 114
-0.431193 0.0635393 0.288799 178 147 118
-0.377849 0.0683203 0.264314 179 116 68
-0.428806 0.0613604 0.292064 198 164 130
-0.36043 0.0711544 0.284618 178 146 112
-0.338118 0.0571808 0.310687 182 147 111
-0.304445 0.104199 0.247968 177 140 104
-0.429014 0.0726845 0.271978 138 108 80
-0.328933 0.0401227 0.306731 186 180 177
-0.382573 0.0858683 0.262601 181 142 103
-0.453402 0.0771169 0.263893 190 150 110
-0.396923 0.113538 0.230207 206 164 109
-0.446542 0.067438 0.277861 192 156 120
-0.398849 0.0563781 0.304212 183 146 110
-0.32991 0.0511866 0.337451 171 164 158
-0.19313 0.105283 0.263426 148 138 124
-0.233207 0.103838 0.270863 168 134 100
-0.242986 0.0604495 0.260847 188 184 186
-0.387173 0.0610538 0.250805 135 46 62
-0.361294 0.0860585 0.260114 185 151 114
-0.45841 0.074616 0.263 199 160 122
-0.174295 0.081472 0.262256 176 174 172
-0.37286 0.069879 0.281204 182 148 114
-0.457213 0.0723068 0.266928 194 156 118
-0.443914 0.0665225 0.281743 182 144 108
-0.457928 0.0768128 0.262906 196 156 118
-0.341392 0.0911074 0.263357 183 148 110
-0.377764 0.0952405 0.243682 110 81 54
-0.443067 0.0737445 0.271253 183 139 100
-0.465672 0.0747925 0.261217 191 152 114
-0.291464 0.0423658 0.273942 195 194 195
-0.121211 0.116347 0.276662 150 152 156
-0.452454 0.0756838 0.267722 192 154 116
-0.429415 0.103276 0.235451 208 168 122
-0.360645 0.112663 0.233214 189 146 104
-0.348704 0.0680076 0.292368 180 146 110
-0.382568 0.110764 0.235599 193 154 108
-0.323214 0.0522583 0.315848 186 188 189
-0.457986 0.0694518 0.274228 194 156 118
-0.400693 0.0545237 0.305114 180 143 106
-0.421606 0.10298 0.236765 214 174 127
-0.341829 0.0567655 0.31435 174 140 104
-0.255722 0.069311 0.287121 186 184 186
-0.166021 0.0982057 0.269583 152 149 147
-0.364259 0.0871525 0.262442 188 156 118
-0.377236 0.115439 0.23051 193 155 110
-0.244302 0.0691641 0.270552 186 184 184
-0.321933 0.099684 0.254579 182 146 109
-0.461786 0.0846996 0.249885 216 181 142
-0.41701 0.103113 0.23666 203 160 110
-0.4282 0.0632995 0.290905 162 131 104
-0.454794 0.069317 0.274795 190 149 112
-0.381468 0.054154 0.307777 182 148 112
-0.356529 0.060578 0.298749 180 148 112
-0.365521 0.081065 0.25795 176 140 106
-0.393066 0.111733 0.231048 206 168 120
-0.443375 0.0714881 0.270316 179 137 97
-0.282117 0.0992219 0.254892 164 126 90
-0.401366 0.0985502 0.244202 208 172 126
-0.403734 0.102013 0.239754 200 158 110
-0.45934 0.0726154 0.266634 196 163 125
-0.440302 0.0578391 0.265668 24 21 20
-0.361052 0.0963058 0.257775 188 152 116
-0.443595 0.0704867 0.273768 193 156 120
-0.456086 0.0695501 0.27211 188 146 110
-0.408544 0.102493 0.238186 206 168 122
-0.460332 0.0748742 0.26342 197 160 122
-0.368261 0.113714 0.233216 190 150 108
-0.396161 0.0695146 0.287015 188 158 122
-0.381984 0.0879329 0.261135 186 147 108
-0.366171 0.0843844 0.26351 58 54 58
-0.300306 0.106224 0.250577 178 142 106
-0.260658 0.10312 0.258458 174 139 102
-0.422127 0.104472 0.234592 220 180 133
-0.278479 0.0928682 0.271982 172 134 98
-0.454002 0.0715265 0.27027 186 146 108
-0.196172 0.0785584 0.263659 184 181 180
-0.458587 0.0762989 0.262777 198 159 120
-0.453853 0.0810356 0.255933 196 151 109
-0.465687 0.0739077 0.263252 192 153 117
-0.42098 0.101836 0.238392 208 167 119
-0.370985 0.115525 0.231524 188 146 103
-0.324536 0.0619597 0.317921 178 144 108
-0.394809 0.112108 0.229747 205 166 117
-0.339009 0.0633349 0.301091 180 148 112
-0.463554 0.0766044 0.259577 192 154 114
-0.279344 0.0894428 0.270904 174 140 104
-0.413655 0.104243 0.236851 213 174 124
-0.3333 0.0533075 0.324345 176 169 167
-0.390014 0.0949819 0.247617 188 145 102
-0.41815 0.107288 0.232362 218 178 129
-0.458986 0.0692273 0.271792 189 150 112
-0.252593 0.0932812 0.276801 168 134 98
-0.455975 0.0862227 0.250404 204 162 120
-0.35752 0.0460451 0.335195 173 140 103
-0.38411 0.0811208 0.269836 188 152 116
-0.331398 0.0463231 0.314322 196 192 192
-0.29942 0.0964746 0.257175 170 131 96
-0.464446 0.076848 0.258643 199 165 128
-0.3283 0.101623 0.253786 193 162 124
-0.25055 0.110632 0.256913 163 127 90
-0.376753 0.0879272 0.237781 189 155 114
-0.331744 0.046551 0.321153 170 166 162
-0.142782 0.0996875 0.274267 172 170 167
-0.456931 0.0765147 0.260922 200 162 124
-0.459977 0.0736083 0.264123 197 163 125
-0.39337 0.0515788 0.315694 182 147 112
-0.300137 0.0959181 0.258243 170 132 96
-0.468248 0.0778633 0.256913 197 162 124
-0.455332 0.0751514 0.26248 195 154 115
-0.382296 0.0729256 0.262111 122 92 70
-0.38203 0.0983961 0.24061 110 100 62
-0.346514 0.0329108 0.293601 193 189 186
-0.380943 0.0773128 0.273426 182 148 116
-0.386797 0.0574295 0.249599 176 162 146
-0.297525 0.0452209 0.283068 186 184 182
-0.369268 0.080461 0.264347 21 38 67
-0.378644 0.0709138 0.272451 210 124 74
-0.38187 0.0983291 0.236635 177 144 97
-0.326728 0.0531853 0.316503 176 178 180
-0.379625 0.0714358 0.27189 190 89 44
-0.386954 0.0575969 0.248017 131 48 62
-0.38379 0.0727984 0.264449 148 85 50
-0.381036 0.0712951 0.260477 106 40 21
-0.3613 0.0680924 0.285685 185 155 120
-0.309383 0.0524207 0.302353 184 180 178
-0.382263 0.0691433 0.249396 102 100 96
-0.319122 0.0323922 0.281745 190 188 188
-0.384274 0.0959171 0.235119 188 144 102
-0.385602 0.0871128 0.231991 78 56 50
-0.38436 0.0709036 0.255139 140 78 45
-0.380526 0.0686589 0.262635 89 69 58
-0.433761 0.0540854 0.264863 129 114 104
-0.382573 0.0919036 0.235168 58 36 26
-0.331957 0.0565055 0.313299 168 156 142
-0.386631 0.0598714 0.247894 152 34 60
-0.385531 0.0596765 0.247597 158 88 91
-0.383319 0.0991131 0.244902 165 139 120
-0.200285 0.0743685 0.244862 175 172 171
-0.456908 0.0722058 0.267522 190 150 114
-0.37384 0.0850706 0.26426 172 141 108
-0.332466 0.0466834 0.322498 192 191 190
-0.421009 0.10079 0.23838 203 162 117
-0.385357 0.0823576 0.264908 190 154 116
-0.36984 0.0926818 0.253661 188 153 116
-0.438945 0.0543393 0.266733 198 161 124
-0.461237 0.0859908 0.250265 210 174 136
-0.390136 0.061236 0.249643 106 20 33
-0.394447 0.10503 0.235852 204 162 118
-0.456369 0.0735772 0.267724 180 144 105
-0.456872 0.072441 0.268962 188 148 112
-0.384508 0.0967187 0.23809 205 206 123
-0.430347 0.0617301 0.292194 193 158 122
-0.202713 0.0761823 0.246391 167 164 162
-0.410382 0.102359 0.238386 206 168 124
-0.434964 0.0561098 0.260271 70 79 84
-0.344325 0.0712331 0.289944 187 154 119
-0.397523 0.0988495 0.24342 198 156 109
-0.439177 0.0729881 0.272302 180 142 102
-0.294969 0.087669 0.26561 171 135 99
-0.426534 0.075953 0.269081 202 171 133
-0.382428 0.0939215 0.230942 92 58 35
-0.281081 0.093762 0.263879 168 132 96
-0.355441 0.0697748 0.286248 180 148 114
-0.392039 0.0791611 0.268529 191 149 111
-0.443007 0.0738545 0.270052 176 136 96
-0.441701 0.0734984 0.27016 180 136 98
-0.456596 0.073755 0.267472 186 149 111
-0.338806 0.0597462 0.310871 174 140 104
-0.442837 0.0663088 0.281353 187 152 116
-0.358712 0.0885603 0.259641 183 146 110
-0.20784 0.115167 0.249227 160 126 90
-0.386747 0.0849873 0.260838 188 148 111
-0.39238 0.0800502 0.26667 184 140 102
-0.343407 0.0403721 0.323014 180 173 170
-0.309389 0.05512 0.311099 192 190 190
-0.313153 0.10228 0.248294 180 144 108
-0.319836 0.0501792 0.317591 176 173 166
-0.409505 0.112099 0.229216 216 180 128
-0.438911 0.0842074 0.256489 208 175 137
-0.453514 0.0821138 0.256266 198 156 114
-0.43877 0.0560527 0.262867 44 50 58
-0.328522 0.0533188 0.325443 168 176 180
-0.411834 0.102662 0.237871 217 184 138
-0.311291 0.0490841 0.297168 193 191 192
-0.39562 0.0995736 0.242692 200 159 110
-0.429447 0.0845222 0.25727 200 158 118
-0.236512 0.106914 0.252923 162 126 91
-0.397305 0.111411 0.228811 208 167 114
-0.262592 0.114289 0.240251 173 137 101
-0.283941 0.09816 0.259313 168 129 94
-0.376364 0.0784263 0.273016 185 151 118
-0.395457 0.106118 0.235473 197 154 108
-0.339759 0.0672513 0.294977 178 142 106
-0.331555 0.056632 0.314101 163 150 134
-0.405556 0.102364 0.238881 213 178 133
-0.454364 0.0743848 0.267049 186 148 112
-0.310382 0.107602 0.245143 176 141 104
-0.409306 0.112475 0.228195 214 172 117
-0.430836 0.0842536 0.258398 208 170 131
-0.286598 0.0993033 0.254305 168 128 93
-0.458428 0.073978 0.266987 198 164 127
-0.333974 0.0486627 0.320838 188 188 192
-0.459499 0.0758908 0.262837 190 154 117
-0.213253 0.0759995 0.254659 180 178 176
-0.336318 0.0335218 0.309278 202 197 198
-0.27695 0.109435 0.243451 172 136 100
-0.261202 0.114409 0.242464 174 138 102
-0.419715 0.105405 0.23426 210 174 130
-0.432426 0.0626049 0.290251 194 160 125
-0.453481 0.0775747 0.262238 196 158 120
-0.292672 0.106212 0.245332 171 134 98
-0.343213 0.0576456 0.307927 176 142 105
-0.437787 0.0553672 0.267216 62 50 37
-0.318294 0.051107 0.306236 194 191 192
-0.343483 0.0521514 0.318511 171 157 146
-0.340309 0.0957915 0.254046 186 152 114
-0.436479 0.0555356 0.263132 46 54 61
-0.276395 0.109592 0.247115 174 138 102
-0.409067 0.0992064 0.241517 205 166 121
-0.382509 0.096394 0.231549 191 150 108
-0.460949 0.0831433 0.253593 195 156 116
-0.458145 0.0726678 0.266642 196 162 124
-0.408964 0.102824 0.24042 207 171 126
-0.439231 0.054611 0.266505 200 162 122
-0.288714 0.11134 0.241484 174 138 102
-0.430468 0.105068 0.23434 209 168 127
-0.421784 0.110202 0.232075 212 172 130
-0.45386 0.0707827 0.27545 186 146 109
-0.339884 0.0330931 0.308326 198 194 194
-0.437162 0.0547344 0.263869 46 52 60
-0.440749 0.0672604 0.281218 188 154 118
-0.384603 0.102613 0.244117 194 152 107
-0.399789 0.098834 0.242455 204 167 122
-0.292614 0.0473983 0.277119 198 196 197
-0.440771 0.0572797 0.261976 36 40 46
-0.214707 0.0734248 0.251496 178 176 172
-0.352978 0.0291114 0.310315 202 196 197
-0.46327 0.0811664 0.255077 195 155 117
-0.437455 0.0840371 0.255507 200 160 118
-0.204156 0.104144 0.257694 150 132 118
-0.303776 0.0560415 0.31233 192 192 190
-0.343823 0.0540794 0.316494 180 145 110
-0.278592 0.117186 0.240276 178 142 106
-0.241474 0.0718464 0.269827 184 181 180
-0.331585 0.0465814 0.320186 174 169 167
-0.286114 0.0953148 0.266714 172 133 98
-0.252062 0.107482 0.250663 175 141 106
-0.213975 0.0718339 0.24693 175 172 172
-0.302355 0.105559 0.24711 178 141 104
-0.432247 0.0781216 0.268193 192 156 118
-0.448221 0.0847172 0.254332 203 164 120
-0.429316 0.107669 0.231127 202 162 118
-0.440033 0.0779636 0.266284 188 147 108
-0.439967 0.0577047 0.265678 27 24 25
-0.412005 0.111683 0.229426 204 160 108
-0.33469 0.0524968 0.318206 176 180 182
-0.414701 0.1011 0.238312 216 183 138
-0.452526 0.0790568 0.261407 198 162 123
-0.457326 0.0844687 0.252761 200 161 119
-0.397842 0.114634 0.228353 209 163 108
-0.424961 0.114029 0.229229 216 180 136
-0.369075 0.0797604 0.26551 22 36 56
-0.313572 0.047113 0.27869 201 198 199
-0.280232 0.0584043 0.256558 186 182 177
-0.302031 0.050004 0.271375 200 196 196
-0.342735 0.0363664 0.291757 204 201 200
-0.421413 0.073072 0.277501 196 156 116
-0.301336 0.0428709 0.269202 198 196 197
-0.292957 0.0566389 0.260815 194 190 190
-0.283947 0.0495466 0.261058 196 192 194
-0.378333 0.0585868 0.247885 180 184 184
-0.328323 0.0413945 0.284593 198 194 194
-0.334713 0.0335625 0.283071 204 201 202
-0.329102 0.0352119 0.279316 198 194 194
-0.314469 0.0470668 0.279244 199 196 196
-0.303737 0.0594726 0.282643 196 192 194
-0.432983 0.0856682 0.263441 194 154 114
-0.309921 0.0415927 0.270012 198 194 195
-0.330191 0.0320509 0.2775 192 186 186
-0.382612 0.0575307 0.2512 180 169 157
-0.381211 0.0566959 0.249309 180 181 184
-0.382302 0.0570809 0.250277 178 179 182
-0.299401 0.0489732 0.267686 192 188 188
-0.375082 0.101941 0.237776 180 136 95
-0.377525 0.0101245 0.29772 194 188 187
-0.378101 0.00927614 0.297885 200 196 194
-0.382993 0.0728021 0.272143 132 74 42
-0.435117 0.0716441 0.266492 58 40 24
-0.383696 0.0342305 0.337579 172 168 166
-0.301917 0.0518824 0.264175 178 172 168
-0.42158 0.0551956 0.296214 188 152 122
-0.372906 0.00827515 0.299341 182 174 172
-0.388569 0.0381518 0.334983 175 143 110
-0.373876 0.0189257 0.307759 196 190 186
-0.377659 0.0934222 0.243218 144 108 72
-0.283564 0.0792142 0.281586 172 135 99
-0.347929 0.0349138 0.291319 198 194 190
-0.378166 0.00865445 0.296867 184 178 176
-0.376908 0.00887024 0.295882 198 192 193
-0.338718 0.0496301 0.30925 187 184 182
-0.35788 0.0407217 0.341123 182 180 180
-0.162349 0.104772 0.271209 146 146 146
-0.458061 0.0716488 0.26391 190 152 112
-0.336998 0.0512999 0.307236 186 186 185
-0.439864 0.0669785 0.272172 32 32 34
-0.33141 0.0449729 0.285629 186 184 180
-0.332373 0.0267161 0.271337 180 176 172
-0.148302 0.105014 0.272455 153 152 148
-0.384167 0.106921 0.238664 196 160 115
-0.344671 0.0207712 0.282125 195 194 191
-0.379293 0.00913748 0.298147 204 200 198
-0.372273 0.00642821 0.301636 193 188 186
-0.347676 0.0232075 0.280788 198 193 190
-0.235861 0.0802199 0.282426 170 168 164
-0.367974 0.00789496 0.302733 201 198 194
-0.350042 0.0865964 0.260122 186 150 112
-0.386891 0.0384784 0.334286 180 148 118
-0.257639 0.0592371 0.261873 188 180 176
-0.370092 0.106741 0.23927 190 148 106
-0.378917 0.0084444 0.298018 182 175 172
-0.306203 0.0613395 0.290128 164 162 160
-0.385275 0.0756023 0.274718 168 135 97
-0.375442 0.097756 0.24538 112 82 53
-0.334902 0.0420047 0.302834 196 191 187
-0.365809 0.00352727 0.304375 190 184 183
-0.214 0.0897034 0.27296 167 167 165
-0.383878 0.0918824 0.235922 46 23 14
-0.442304 0.0681743 0.271664 186 149 112
-0.283188 0.0724176 0.286715 172 174 178
-0.37619 0.0171831 0.303296 190 185 182
-0.43818 0.0683268 0.269825 14 12 18
-0.28521 0.0697109 0.285648 178 178 180
-0.376081 0.0100207 0.295343 185 177 175
-0.235345 0.0871283 0.288408 146 150 150
-0.245721 0.0626092 0.263915 190 184 180
-0.387078 0.0698894 0.273709 178 144 111
-0.381559 0.0360796 0.345618 160 144 134
-0.368531 0.0990377 0.249842 110 80 50
-0.38038 0.0658428 0.279957 174 140 105
-0.36731 0.0798856 0.257187 179 139 105
-0.373608 0.0949438 0.247469 122 89 58
-0.350671 0.0355805 0.292518 201 198 196
-0.378804 0.0979182 0.245817 111 79 48
-0.443047 0.069885 0.266985 182 146 106
-0.313005 0.0634251 0.307104 161 154 140
-0.370369 0.00635361 0.303759 182 175 172
-0.390372 0.0359723 0.336415 160 146 134
-0.390465 0.101507 0.245587 196 152 104
-0.364668 0.0139612 0.289039 184 179 176
-0.340189 0.0529691 0.310574 176 182 185
-0.3748 0.0339355 0.356772 171 170 173
-0.371459 0.034594 0.35056 180 178 181
-0.368465 0.0614454 0.285236 178 143 110
-0.335264 0.0305553 0.295538 197 193 191
-0.381094 0.102768 0.237868 184 140 98
-0.291555 0.0559157 0.257845 184 178 175
-0.380769 0.0572433 0.251023 180 181 188
-0.426334 0.0559619 0.292506 188 153 122
-0.3527 0.019143 0.28251 202 200 198
-0.371094 0.0684953 0.28377 174 141 106
-0.286685 0.0503223 0.267569 181 176 174
-0.269874 0.0788532 0.278875 163 166 170
-0.369275 0.0404154 0.324765 186 184 186
-0.374671 0.0688336 0.274217 156 126 96
-0.438888 0.0666557 0.272705 38 38 42
-0.460411 0.070341 0.265455 192 152 114
-0.382211 0.0364457 0.336891 170 170 170
-0.456356 0.0679231 0.273161 194 154 116
-0.3565 0.0477968 0.316329 167 166 166
-0.385075 0.032163 0.334683 172 168 165
-0.352368 0.0327656 0.292787 191 185 182
-0.318036 0.0363095 0.265603 188 186 182
-0.363282 0.0231792 0.312759 188 182 178
-0.361539 0.00468571 0.313653 200 194 195
-0.357327 0.0344927 0.293935 198 196 194
-0.386643 0.100723 0.243961 196 154 106
-0.391605 0.0754779 0.27091 174 134 98
-0.38178 0.0705107 0.275832 187 153 116
-0.374954 0.105659 0.236785 186 144 102
-0.367381 0.0130106 0.291668 194 190 187
-0.349736 0.0845117 0.26349 182 147 107
-0.349133 0.0455146 0.316151 191 190 190
-0.321879 0.0562951 0.298583 184 183 178
-0.398688 0.0437937 0.323576 178 144 114
-0.390316 0.0353047 0.338605 163 146 136
-0.297779 0.0535674 0.261367 178 172 169
-0.326894 0.060264 0.298828 161 164 165
-0.440656 0.0648864 0.261894 63 40 45
-0.316641 0.0345388 0.263837 196 192 191
-0.459821 0.0704698 0.264658 194 156 118
-0.378569 0.00948453 0.298664 202 198 200
-0.312296 0.0463959 0.267335 196 192 190
-0.356714 0.0854691 0.25877 180 142 104
-0.440856 0.066391 0.273256 196 158 122
-0.261651 0.0596622 0.264491 188 182 178
-0.286155 0.0639383 0.26071 177 172 168
-0.347662 0.0369882 0.290979 198 192 188
-0.358775 0.110461 0.236287 182 144 106
-0.14266 0.103808 0.269091 150 146 142
-0.327575 0.0233687 0.272743 195 192 191
-0.394123 0.11232 0.237637 199 162 114
-0.391563 0.0396881 0.336537 175 142 112
-0.458614 0.0719373 0.2625 190 149 110
-0.366076 0.107453 0.240461 182 142 100
-0.24884 0.0658925 0.268379 184 180 176
-0.37735 0.0833636 0.264081 172 136 102
-0.38043 0.0632258 0.278893 185 155 121
-0.320953 0.0603341 0.30163 165 168 166
-0.304837 0.0947212 0.259751 175 138 102
-0.37489 0.0672805 0.273167 156 125 92
-0.261681 0.0609776 0.263486 177 170 168
-0.453004 0.0778358 0.262709 200 160 120
-0.230783 0.0868878 0.270359 158 158 156
-0.396388 0.062098 0.270252 174 140 106
-0.29491 0.108958 0.249001 175 138 102
-0.356755 0.0913792 0.255168 186 150 110
-0.338339 0.0509221 0.310731 185 186 186
-0.43734 0.067522 0.274126 40 40 45
-0.337872 -0.0114741 0.346499 186 178 174
-0.468964 0.0724038 0.262708 182 144 109
-0.436591 0.0720236 0.267811 26 23 19
-0.325856 0.0929717 0.2481 174 137 101
-0.365315 0.0113894 0.294364 184 179 176
-0.416719 0.0515116 0.303916 186 152 122
-0.385214 0.071637 0.272801 32 50 58
-0.455117 0.078473 0.2572 202 158 116
-0.345473 0.0214335 0.277593 186 182 176
-0.390095 0.0423879 0.32597 174 140 105
-0.370511 0.0251352 0.304471 192 184 182
-0.35873 0.0461925 0.318008 180 181 184
-0.368965 0.0776838 0.256887 183 138 100
-0.439869 0.0564047 0.264611 39 43 46
-0.381118 0.0404504 0.334861 182 149 115
-0.38468 0.10728 0.239313 196 160 115
-0.308022 0.0886368 0.269898 172 136 99
-0.298767 0.0627202 0.272178 186 182 178
-0.381176 0.0635164 0.259657 176 142 108
-0.337588 0.046804 0.303926 191 186 183
-0.374423 0.0697062 0.282258 179 146 110
-0.390186 0.0511782 0.305278 180 144 109
-0.357914 0.0341175 0.305566 188 184 178
-0.459504 0.0863925 0.251801 205 165 122
-0.261453 0.0746523 0.277083 161 158 153
-0.231845 0.0861861 0.271663 166 166 164
-0.351817 0.0393533 0.278177 200 198 196
-0.267375 0.0557725 0.265435 190 186 184
-0.45887 0.0674561 0.268369 194 154 116
-0.375156 0.06536 0.279229 185 154 120
-0.415948 0.103843 0.24131 216 178 132
-0.191851 0.0982088 0.304692 168 134 97
-0.338353 0.0872987 0.259634 178 139 102
-0.436588 0.0632748 0.283977 195 160 126
-0.404289 0.0468342 0.317735 176 138 107
-0.340935 0.0852742 0.265144 174 136 100
-0.337375 0.0235183 0.272655 201 200 200
-0.381209 0.0768315 0.27308 178 144 112
-0.396151 0.109243 0.238065 192 150 102
-0.372586 0.00984549 0.301064 195 190 188
-0.377819 0.00652923 0.294098 196 189 190
-0.405479 0.0495755 0.306204 180 144 112
-0.383155 0.087508 0.235209 78 57 46
-0.233308 0.0836005 0.267747 160 156 152
-0.377207 0.00828476 0.295643 192 187 186
-0.404005 0.0456042 0.31871 177 142 110
-0.456455 0.0728487 0.265612 194 154 116
-0.364829 0.0133634 0.292125 203 199 198
-0.342124 0.0395353 0.297546 189 186 182
-0.37236 0.0409239 0.324212 176 174 172
-0.331317 0.0333603 0.275848 193 189 188
-0.397349 0.0737048 0.268766 180 144 110
-0.426619 0.0973961 0.243264 214 171 125
-0.351938 0.00921017 0.287321 199 198 200
-0.438779 0.058517 0.288941 201 169 137
-0.341037 0.0843485 0.260402 178 138 102
-0.37182 0.0337058 0.347981 182 181 184
-0.340612 0.0243906 0.274496 196 196 192
-0.296421 0.0819594 0.275156 174 140 103
-0.431155 0.0593937 0.285898 198 163 134
-0.34808 0.0964774 0.25006 188 154 114
-0.367004 0.0148109 0.279308 200 198 199
-0.382087 0.100267 0.244792 206 210 212
-0.461947 0.0716595 0.262831 202 168 130
-0.383867 0.0334959 0.333983 192 191 192
-0.376079 0.0694096 0.27526 170 139 104
-0.258881 0.0624356 0.265186 176 170 166
-0.388698 0.0335402 0.338588 176 176 178
-0.351121 0.0685671 0.286082 176 140 104
-0.404585 0.0390749 0.322597 176 142 112
-0.388211 0.0947235 0.24767 188 146 102
-0.360878 0.0439441 0.317786 188 187 189
-0.347549 0.0857799 0.261976 185 150 114
-0.276355 0.0904439 0.264148 166 132 96
-0.317303 0.104844 0.244491 172 136 98
-0.410617 0.0462846 0.314969 176 140 109
-0.460815 0.0744194 0.261069 198 160 122
-0.378626 0.0337465 0.352899 173 172 175
-0.37681 0.0157947 0.306044 202 197 196
-0.361963 0.107727 0.235705 152 118 86
-0.391379 0.0420313 0.326784 176 140 108
-0.364273 0.0890245 0.262683 185 150 114
-0.347802 0.0465469 0.304223 194 192 189
-0.30863 0.0500051 0.269256 196 192 188
-0.341927 0.0874314 0.26278 187 150 113
-0.453019 0.0783277 0.262711 201 161 122
-0.350733 0.0189642 0.281347 185 181 175
-0.156129 0.0990802 0.264172 170 165 162
-0.34459 0.109813 0.235809 130 100 78
-0.335047 0.0244899 0.266815 199 198 197
-0.460783 0.0702285 0.266126 192 153 116
-0.382697 0.0735523 0.26586 145 86 45
-0.361526 0.0111524 0.283966 200 198 198
-0.382687 0.0740733 0.260448 122 84 61
-0.264812 0.0807454 0.288105 162 148 132
-0.341995 0.0856434 0.265553 178 140 104
-0.148451 0.143105 0.268381 170 135 98
-0.344667 0.071592 0.289914 184 152 115
-0.267679 0.0685003 0.284604 186 182 178
-0.372883 0.0106943 0.294259 180 174 170
-0.327105 0.0854829 0.262737 178 142 106
-0.402409 0.10584 0.234201 196 157 109
-0.17409 0.101949 0.290083 154 158 158
-0.370651 0.052597 0.303385 179 146 111
-0.273983 0.0707331 0.285024 180 178 174
-0.26238 0.0790622 0.265025 174 173 170
-0.459257 0.0648365 0.270734 188 146 108
-0.316335 0.0548842 0.300224 184 181 178
-0.303512 0.0962379 0.249213 168 132 96
-0.374005 0.0676593 0.272457 153 122 90
-0.345071 0.0357816 0.287012 202 198 194
-0.357558 0.0427953 0.311486 184 177 172
-0.458288 0.0745308 0.265102 193 154 114
-0.395396 0.102048 0.239722 203 166 120
-0.288377 0.0606195 0.259251 188 183 179
-0.389924 0.0739446 0.274034 186 150 115
-0.301594 0.0495772 0.260908 194 189 186
-0.369094 0.0893427 0.257213 192 158 120
-0.320252 0.0559452 0.298223 166 163 160
-0.351157 0.0877571 0.26182 185 149 112
-0.406237 0.0471641 0.311803 178 142 112
-0.3296 0.0644331 0.293743 178 146 112
-0.351978 0.0310374 0.287754 199 196 196
-0.410885 0.0531312 0.299225 188 153 120
-0.386907 0.0376069 0.327093 180 178 182
-0.369295 0.00554806 0.300876 200 196 198
-0.365352 0.0507216 0.311633 178 144 108
-0.309438 0.0604876 0.290493 164 164 159
-0.296962 0.0821845 0.273732 172 138 102
-0.437937 0.0590121 0.288005 202 169 138
-0.391925 0.0430607 0.325876 178 144 111
-0.457487 0.0663749 0.269441 189 148 111
-0.372906 0.0925338 0.241587 184 148 108
-0.369124 0.0452938 0.327038 176 142 107
-0.348735 0.0859029 0.263406 182 146 108
-0.369909 0.011246 0.291084 200 197 199
-0.439298 0.0591854 0.287488 196 163 129
-0.391168 0.0593638 0.27022 180 148 114
-0.300939 0.0494459 0.261556 190 185 182
-0.260986 0.0687061 0.271853 188 184 181
-0.275933 0.0575026 0.265881 190 186 182
-0.37464 0.114297 0.242402 196 162 116
-0.39185 0.101677 0.246479 197 153 104
-0.376721 0.096153 0.241025 178 154 130
-0.335321 0.0475517 0.310162 197 194 192
-0.459436 0.0695157 0.26535 194 153 114
-0.353067 0.0274332 0.38806 188 185 187
-0.302591 0.11029 0.256516 186 158 120
-0.312109 0.0383926 0.269193 191 188 184
-0.450519 0.0713169 0.265373 191 148 110
-0.426917 0.0571314 0.286899 195 161 130
-0.316262 0.0805942 0.263721 174 140 103
-0.37987 0.0689035 0.278459 176 141 106
-0.437422 0.0591016 0.28606 201 170 137
-0.342338 0.0631766 0.280394 174 143 108
-0.193186 0.0676414 0.262942 181 175 176
-0.383718 0.00933433 0.2966 203 198 196
-0.357018 0.0386633 0.314513 200 196 194
-0.291348 0.105806 0.260613 184 150 114
-0.435612 0.0810032 0.261511 204 166 124
-0.366102 0.0956055 0.246962 186 150 108
-0.27568 0.0666998 0.2812 184 179 176
-0.26451 0.0922085 0.279239 174 140 102
-0.384427 0.039041 0.330318 165 151 139
-0.362929 0.0836586 0.262511 188 152 111
-0.259712 0.0814758 0.28395 158 162 166
-0.364239 0.0991353 0.246745 182 146 106
-0.377576 0.0410982 0.356295 186 154 123
-0.231634 0.094727 0.271228 170 138 104
-0.410067 0.0546074 0.299588 190 154 122
-0.377438 0.00390541 0.292036 192 184 183
-0.314994 0.0596174 0.29535 177 182 186
-0.235398 0.084697 0.286738 153 156 157
-0.379656 0.0961959 0.24115 164 140 83
-0.254818 0.0595605 0.267337 196 190 186
-0.457402 0.0770773 0.262905 194 154 114
-0.440754 0.0713613 0.267982 182 144 103
-0.288596 0.0526696 0.271159 194 190 186
-0.297259 0.0538614 0.260763 182 176 174
-0.260169 0.0726591 0.274548 185 181 178
-0.438281 0.0626948 0.286616 193 158 125
-0.0505517 0.111656 0.277168 174 168 165
-0.453378 0.0722122 0.266253 198 160 123
-0.446303 0.0721099 0.264373 192 152 110
-0.31617 0.0383263 0.266454 196 192 189
-0.274025 0.0691934 0.283995 178 174 170
-0.459623 0.0709107 0.263667 202 166 128
-0.273457 0.0726356 0.288145 163 164 165
-0.226675 0.0849572 0.267712 160 156 152
-0.388376 0.0617134 0.25597 176 143 106
-0.287401 0.0439126 0.26267 178 174 172
-0.369488 0.0523814 0.303213 179 146 110
-0.30634 0.0152371 0.284502 198 197 198
-0.397127 0.0474375 0.316964 182 148 117
-0.23277 0.0960254 0.26315 165 139 115
-0.212593 0.0966499 0.278221 156 139 120
-0.384834 0.0463402 0.324491 180 145 112
-0.370776 0.0996353 0.244601 120 90 57
-0.374851 0.0149677 0.279834 200 198 198
-0.414859 0.102633 0.240335 215 176 130
-0.341809 0.0362076 0.288137 193 188 185
-0.340504 0.0223234 0.276749 186 181 174
-0.462276 0.0681802 0.265914 194 154 116
-0.34947 0.0920679 0.259465 181 144 106
-0.361866 0.106837 0.235192 123 90 64
-0.286799 0.105277 0.251315 178 143 108
-0.366002 0.0693516 0.288532 174 140 106
-0.303084 0.0463695 0.259856 182 176 174
-0.274476 0.0715368 0.285519 179 178 176
-0.380917 0.0890955 0.238414 188 151 112
-0.264943 0.0878281 0.271767 168 133 98
-0.28458 0.069124 0.264819 172 168 163
-0.400022 0.0977469 0.245327 201 158 112
-0.357552 0.0385391 0.282033 197 196 193
-0.366728 0.0945916 0.248413 192 156 116
-0.27966 0.100981 0.254065 162 126 90
-0.457387 0.0763578 0.258529 200 162 122
-0.373731 0.00434984 0.296184 196 191 191
-0.453566 0.0641793 0.27583 192 154 118
-0.372887 0.0385568 0.31762 172 166 162
-0.354258 0.057887 0.285624 166 165 162
-0.451256 0.0631707 0.281498 187 150 112
-0.345018 0.0621918 0.294351 175 141 108
-0.365271 0.0650739 0.285464 174 143 109
-0.364443 0.0116479 0.317762 200 194 194
-0.335012 0.064397 0.294243 175 140 106
-0.324354 0.0290723 0.265969 190 186 182
-0.393148 0.102823 0.242328 203 166 118
-0.438302 0.0717362 0.26829 26 22 20
-0.455526 0.0723437 0.268771 195 154 117
-0.387728 0.0404505 0.321704 164 146 132
-0.289561 0.106337 0.244024 169 134 98
-0.364792 0.0935924 0.255222 183 146 108
-0.392174 0.0247084 0.264057 203 201 204
-0.381661 0.0411777 0.332633 174 142 108
-0.248722 0.0819762 0.283846 166 167 170
-0.326935 0.0572725 0.2876 170 166 162
-0.46054 0.0706013 0.267663 192 150 114
-0.4664 0.0744306 0.26239 193 153 117
-0.224119 0.0768936 0.256115 179 174 170
-0.407787 0.111496 0.235714 206 164 113
-0.347714 0.019569 0.278997 198 194 194
-0.117694 0.137798 0.280343 167 133 98
-0.459676 0.0755846 0.25994 196 156 116
-0.377503 0.0699799 0.276289 178 144 110
-0.327532 0.0976195 0.248212 178 140 102
-0.379493 0.0407597 0.344977 178 142 110
-0.311387 0.0958091 0.252908 172 134 98
-0.384474 0.110286 0.237688 198 162 117
-0.378016 0.0839508 0.261787 168 132 96
-0.374846 0.00694653 0.300179 200 194 194
-0.323128 0.0395586 0.296379 198 198 196
-0.278907 0.107736 0.272677 188 154 116
-0.45663 0.0715444 0.260722 198 160 122
-0.461583 0.0708675 0.258936 202 168 130
-0.285677 0.103399 0.24949 166 130 94
-0.373698 0.0698759 0.273933 130 99 70
-0.361978 0.0578892 0.293382 176 143 108
-0.44346 0.0742973 0.264528 190 152 110
-0.377645 0.00906122 0.29695 187 180 176
-0.299238 0.0517488 0.261412 194 190 186
-0.362593 0.0421231 0.312954 170 166 163
-0.0924967 0.127439 0.271166 138 136 138
-0.397463 0.102943 0.242701 202 165 119
-0.399932 0.0496217 0.308483 183 148 115
-0.375227 0.0696607 0.274448 162 130 96
-0.384043 0.0467315 0.31758 182 149 115
-0.252875 0.0879426 0.271513 158 139 118
-0.220993 0.083094 0.271406 178 174 172
-0.340106 0.023583 0.276003 196 194 192
-0.309275 0.0555823 0.284763 195 192 190
-0.37125 0.0686152 0.282624 176 142 106
-0.30932 0.0539437 0.274305 194 190 188
-0.390544 0.0531669 0.305985 182 148 114
-0.324675 0.0732076 0.26759 176 144 110
-0.439906 0.078275 0.258036 206 167 126
-0.315922 0.105206 0.249575 178 142 104
-0.328235 0.0272388 0.267313 200 198 196
-0.303562 0.0866936 0.265198 172 134 98
-0.30569 0.104371 0.242629 169 135 98
-0.469931 0.0754163 0.260974 190 162 128
-0.33734 0.099122 0.252423 196 162 124
-0.203596 0.0886628 0.260533 171 166 162
-0.392475 0.107133 0.241043 196 156 108
-0.315641 0.0552909 0.299846 185 182 181
-0.255875 0.0533479 0.257922 189 184 182
-0.241899 0.0787399 0.277113 177 173 169
-0.39809 0.111289 0.237107 214 184 140
-0.379655 0.0385637 0.337766 158 142 130
-0.458455 0.0699966 0.264913 194 154 116
-0.344186 0.0298607 0.267768 192 190 188
-0.290423 0.0713907 0.269189 182 180 177
-0.361 0.0691542 0.289854 178 144 109
-0.381672 0.0474447 0.316994 182 148 114
-0.363971 0.008229 0.281934 188 184 184
-0.210789 0.109962 0.259098 163 128 93
-0.387097 0.0426824 0.327328 175 140 106
-0.304103 0.108316 0.267886 185 150 112
-0.384825 0.0208385 0.327459 190 182 176
-0.393616 0.107689 0.239426 196 154 106
-0.37523 0.0682631 0.281993 181 148 113
-0.216963 0.083678 0.269499 164 160 156
-0.38682 0.0899396 0.234396 55 33 22
-0.424179 0.0465271 0.219159 190 186 186
-0.224153 0.0856616 0.267054 164 160 156
-0.36617 0.00985736 0.286915 198 198 199
-0.426177 0.0583761 0.290733 202 167 135
-0.200769 0.0959438 0.263361 153 152 152
-0.394743 0.0481029 0.303498 182 146 111
-0.21699 0.0781162 0.26552 174 168 164
-0.457545 0.0711816 0.264662 194 153 114
-0.317545 0.0355275 0.263636 196 194 191
-0.359283 0.0338923 0.307508 197 193 191
-0.331702 0.093375 0.256624 182 146 108
-0.306936 0.0535179 0.266109 195 191 188
-0.384329 0.0646485 0.27659 175 141 107
-0.397441 0.100553 0.244158 204 166 120
-0.193023 0.0919018 0.269863 158 154 151
-0.379507 0.0447006 0.318228 178 144 109
-0.42896 0.105501 0.235678 210 168 122
-0.419416 0.114458 0.23621 206 164 118
-0.36027 0.0933244 0.255235 190 156 116
-0.357249 0.0443609 0.302912 196 192 190
-0.284816 0.102027 0.258848 165 127 91
-0.265169 0.060812 0.268223 188 184 180
-0.385538 0.033237 0.334323 173 168 166
-0.385174 0.0928389 0.23656 121 106 97
-0.380597 0.0989331 0.245082 172 140 109
-0.362104 0.0273126 0.299654 199 196 195
-0.232304 0.0676068 0.253856 180 176 172
-0.405695 0.0484681 0.318621 180 144 112
-0.33153 0.0271579 0.270931 198 194 191
-0.384873 0.0309646 0.33751 193 188 185
-0.235207 0.0679579 0.255725 172 167 164
-0.331513 0.0275499 0.270019 196 192 190
-0.380325 0.0318086 0.338077 196 192 190
-0.386669 0.0887003 0.232118 84 64 58
-0.367636 0.0377157 0.327298 194 189 186
-0.45866 0.0851005 0.253501 198 158 116
-0.346618 0.0219173 0.278313 200 199 198
-0.386759 0.08963 0.234688 52 30 18
-0.376665 0.0224034 0.308404 200 192 190
-0.330621 0.0248874 0.272196 198 194 194
-0.410697 0.0494871 0.312095 182 146 116
-0.31838 0.0331692 0.260255 178 173 167
-0.402462 0.0486979 0.308258 182 148 116
-0.382432 0.03013 0.335609 192 186 184
-0.360097 0.016201 0.287162 202 200 198
-0.289065 0.0388018 0.258526 176 173 170
-0.389416 0.0595394 0.250169 154 116 99
-0.327306 0.0258908 0.272688 180 175 172
-0.390272 0.0626804 0.275525 123 64 34
-0.370042 0.0402284 0.325923 178 178 176
-0.358749 0.0462734 0.313193 170 170 168
-0.435458 0.054239 0.26399 71 76 82
-0.382426 0.0701916 0.271918 116 71 49
-0.330213 0.0265543 0.269414 196 194 191
-0.380569 0.0751783 0.277193 38 84 123
-0.390012 0.0608649 0.250351 105 24 26
-0.371754 0.0437655 0.324434 172 158 146
-0.386042 0.0922174 0.23478 55 31 19
-0.30463 0.0384797 0.254929 193 190 188
-0.386528 0.0921093 0.233874 56 29 17
-0.373026 0.10601 0.235926 192 150 108
-0.37812 0.0688319 0.264394 132 100 86
-0.384746 0.0304298 0.333939 181 174 172
-0.382559 0.0724129 0.276229 66 76 84
-0.35456 0.018054 0.282425 188 184 180
-0.341787 0.0454287 0.300209 199 194 190
-0.303261 0.05138 0.265046 184 178 174
-0.316707 0.0328731 0.261418 176 170 166
-0.344966 0.021616 0.282582 190 188 188
-0.36919 0.0420791 0.325933 178 178 180
-0.255849 0.0576373 0.25985 194 188 186
-0.362733 0.0145326 0.288179 180 176 172
-0.309032 0.0417205 0.273182 192 188 186
-0.347554 0.0177577 0.277815 190 188 186
-0.255721 0.0781982 0.277651 162 162 157
-0.31895 0.0322054 0.262044 183 178 172
-0.335226 0.0252672 0.271841 186 182 176
-0.256068 0.0552339 0.26055 180 174 173
-0.335773 0.0243568 0.271236 196 195 196
-0.374041 0.0841752 0.262374 16 35 55
-0.383046 0.0650872 0.249025 174 92 76
-0.390139 0.0617411 0.250348 96 20 30
-0.384674 0.10274 0.239359 192 165 142
-0.318288 0.0349447 0.264275 190 186 182
-0.301005 0.0526121 0.26256 189 184 180
-0.383591 0.0346314 0.341219 175 174 176
-0.316874 0.047883 0.274351 189 184 182
-0.386226 0.105519 0.238438 200 162 116
-0.378821 0.0816122 0.267194 190 154 118
-0.361164 0.0283548 0.298608 187 182 178
-0.308656 0.0388258 0.269696 193 189 187
-0.370947 0.0785856 0.256288 188 140 94
-0.39913 0.0440052 0.316623 180 146 115
-0.385547 0.0402691 0.33129 179 146 116
-0.456846 0.0749259 0.266359 194 155 118
-0.374215 0.0797594 0.267555 108 92 74
-0.375219 0.0415857 0.325132 171 174 180
-0.386733 0.0867848 0.234166 70 50 38
-0.327684 0.0283404 0.272848 200 198 198
-0.286991 0.040318 0.256879 194 189 193
-0.397139 0.0380663 0.328243 176 144 113
-0.363535 0.0134391 0.287572 196 194 192
-0.38432 0.068921 0.262574 150 111 80
-0.390857 0.104212 0.237576 204 170 124
-0.324267 0.0468043 0.289917 184 181 177
-0.257852 0.0805377 0.27895 159 160 162
-0.381986 0.0728147 0.277215 112 106 101
-0.38094 0.0721012 0.278479 178 142 108
-0.379288 0.0314642 0.337628 175 170 168
-0.305772 0.0523195 0.281567 192 187 184
-0.347937 0.0211348 0.279727 198 197 192
-0.34964 0.018777 0.279132 198 198 198
-0.382961 0.0641067 0.253559 104 18 33
-0.333359 0.0229302 0.268222 178 176 170
-0.358798 0.0164483 0.286989 205 202 200
-0.364049 0.0267723 0.298746 202 198 198
-0.328279 0.0221359 0.268185 200 198 198
-0.192075 0.100424 0.259029 156 154 155
-0.312984 0.0299971 0.264724 200 198 199
-0.204578 0.0763329 0.248267 170 165 162
-0.334988 0.0235983 0.269037 200 199 197
-0.33013 0.0276364 0.268588 194 188 182
-0.382445 0.0245568 0.324805 192 184 181
-0.349642 0.0860629 0.262565 186 150 112
-0.384492 0.0871267 0.234419 80 56 48
-0.366469 0.0852401 0.261483 184 148 112
-0.332896 0.108579 0.237022 192 158 118
-0.365738 0.0285024 0.303224 198 196 193
-0.350406 0.017227 0.276128 196 194 192
-0.341984 0.0325287 0.292649 198 193 190
-0.305293 0.0509283 0.281236 190 186 182
-0.33039 0.0290585 0.268494 199 198 199
-0.33145 0.0246939 0.267623 198 197 196
-0.333869 0.0208591 0.266401 184 180 176
-0.367783 0.00336111 0.306364 200 194 196
-0.359206 0.0434213 0.30749 196 192 190
-0.395242 0.0680245 0.287355 191 162 123
-0.330856 0.0285282 0.269386 202 200 200
-0.353157 0.0877113 0.260338 186 151 113
-0.457891 0.0854889 0.254244 199 157 116
-0.223536 0.0678501 0.252593 179 173 173
-0.378392 0.0359707 0.329567 190 188 190
-0.313584 0.0400347 0.273584 196 194 194
-0.197246 0.0955873 0.258586 168 164 162
-0.365255 0.0704814 0.282107 180 146 112
-0.310207 0.032225 0.265403 198 196 194
-0.379538 0.0461586 0.32038 182 152 118
-0.34061 0.021856 0.27405 201 201 201
-0.367396 0.082675 0.260585 189 154 114
-0.400568 0.0534507 0.305665 184 148 116
-0.385509 0.0350369 0.33594 166 165 161
-0.297027 0.0385904 0.252983 190 186 184
-0.206257 0.0746238 0.253788 183 178 174
-0.358203 0.0125887 0.287726 201 200 200
-0.317636 0.0477924 0.275353 200 196 195
-0.290357 0.0388296 0.256694 196 191 189
-0.224568 0.070843 0.249041 174 168 166
-0.31172 0.0411134 0.275557 199 198 196
-0.268296 0.0426332 0.254195 190 185 182
-0.436161 0.0635478 0.283268 195 162 126
-0.383685 0.0323464 0.330954 174 170 166
-0.34027 0.103784 0.240481 196 162 124
-0.246675 0.066375 0.25483 186 181 178
-0.276953 0.0458535 0.249897 184 178 178
-0.383504 0.0992244 0.23753 185 165 107
-0.28622 0.0455352 0.261326 195 191 190
-0.266383 0.0540088 0.256265 188 183 182
-0.355514 0.0173178 0.283898 187 182 176
-0.3659 0.0846732 0.26138 188 150 114
-0.319537 0.0314024 0.263356 183 178 171
-0.364356 0.0126958 0.289241 200 198 200
-0.370052 0.042776 0.326801 172 172 175
-0.379127 0.0194448 0.308154 200 194 193
-0.369741 0.00885223 0.298689 190 184 181
-0.363983 0.1094 0.237173 188 146 104
-0.365204 0.0426786 0.326691 178 179 182
-0.287541 0.0407145 0.249508 191 186 190
-0.21088 0.0894176 0.264728 162 156 154
-0.327123 0.0300177 0.270697 198 196 196
-0.402075 0.042993 0.321984 180 147 116
-0.379009 0.00632284 0.299381 198 194 196
-0.320895 0.0308134 0.264263 192 187 182
-0.295911 0.0950568 0.263212 176 136 100
-0.203887 0.0718346 0.245358 164 159 158
-0.39783 0.0487638 0.315855 176 141 110
-0.206772 0.0738626 0.249664 172 166 163
-0.288453 0.0381992 0.258233 177 172 170
-0.394141 0.041686 0.324909 175 140 109
-0.301351 0.103721 0.251762 184 148 112
-0.375792 0.0166422 0.303185 194 188 185
-0.381712 0.036445 0.33468 176 175 178
-0.387852 0.0479352 0.312576 181 147 112
-0.303412 0.046805 0.262564 197 193 192
-0.259832 0.112539 0.245814 169 133 97
-0.194244 0.0796081 0.242122 166 160 158
-0.224022 0.0715516 0.251805 180 176 170
-0.37385 0.069386 0.270888 128 98 71
-0.286092 0.0438592 0.261803 195 190 188
-0.293089 0.0922656 0.266683 178 142 106
-0.463117 0.0821691 0.256621 193 153 114
-0.380509 0.0682937 0.264793 165 128 90
-0.292315 0.0363576 0.255668 189 184 182
-0.383424 0.0718535 0.274413 49 64 78
-0.216049 0.0584308 0.249017 190 184 186
-0.396634 0.0441492 0.324303 178 144 114
-0.281816 0.069969 0.280867 186 184 182
-0.363776 0.0395778 0.31089 194 190 190
-0.317268 0.0300789 0.267698 199 194 189
-0.349342 0.0496705 0.292784 196 192 190
-0.437451 0.0804332 0.261794 200 162 124
-0.265022 0.0827157 0.279957 162 146 128
-0.282394 0.0670979 0.281547 176 170 168
-0.196608 0.0927632 0.247017 168 164 160
-0.168686 0.105576 0.253194 153 152 150
-0.203345 0.0897371 0.257821 161 156 152
-0.258812 0.0842971 0.279449 164 150 134
-0.372117 0.0860168 0.260431 184 150 113
-0.389576 0.060316 0.25003 130 37 48
-0.352097 0.0953874 0.251363 190 151 112
-0.356588 0.0390387 0.310191 184 180 173
-0.36591 0.0941783 0.252029 188 152 113
-0.456737 0.0763777 0.264912 196 158 122
-0.333701 0.097614 0.244566 184 145 108
-0.328952 0.0280399 0.273828 194 192 190
-0.362459 0.0605532 0.291834 180 151 117
-0.385096 0.0441063 0.322373 177 142 110
-0.326909 0.0234873 0.267197 199 197 198
-0.285 0.089311 0.263828 177 142 106
-0.38434 0.0727729 0.275205 24 100 149
-0.276186 0.0412558 0.253268 176 171 164
-0.234944 0.0682653 0.251143 178 172 169
-0.38355 0.0385065 0.339562 176 142 110
-0.351843 0.0824715 0.25945 180 140 104
-0.336064 0.0242491 0.271909 198 198 198
-0.283458 0.0394019 0.255127 184 178 172
-0.337046 0.0252498 0.273469 200 198 194
-0.396311 0.039326 0.328201 176 144 113
-0.378106 0.0108423 0.298755 200 194 194
-0.441779 0.0569214 0.261286 37 39 44
-0.250559 0.0632371 0.263429 190 185 182
-0.377721 0.0392321 0.326637 182 183 182
-0.370977 0.0908215 0.253743 184 148 109
-0.341079 0.0215369 0.277259 192 188 186
-0.459504 0.0873447 0.251678 205 168 126
-0.345289 0.0400905 0.296872 201 197 194
-0.359468 0.06208 0.292122 176 144 110
-0.370152 0.0258555 0.305522 201 196 191
-0.333206 0.0530596 0.297351 184 180 179
-0.385362 0.0933947 0.239816 170 146 90
-0.299606 0.0358859 0.260263 200 194 190
-0.275308 0.0410625 0.255656 197 193 188
-0.264742 0.0518998 0.252609 192 188 188
-0.290803 0.0373825 0.257253 183 178 174
-0.281241 0.0446003 0.261611 198 194 192
-0.216515 0.0686928 0.248869 177 173 172
-0.327852 0.0290851 0.267875 192 190 188
-0.383886 0.0948934 0.237558 206 178 148
-0.372212 0.10745 0.236619 188 146 103
-0.344444 0.0240668 0.279367 201 200 200
-0.323801 0.0272298 0.269855 196 191 188
-0.385247 0.0370363 0.336667 167 156 148
-0.208622 0.0905895 0.262184 158 152 148
-0.299507 0.0510604 0.260585 196 191 188
-0.296007 0.0384215 0.254676 182 176 171
-0.39489 0.100812 0.24027 204 164 116
-0.380798 0.0595017 0.252277 154 106 106
-0.322001 0.0305723 0.264475 184 180 172
-0.225912 0.0897294 0.273029 160 160 160
-0.383996 0.0916945 0.23125 84 58 50
-0.388901 0.104417 0.237074 200 164 119
-0.26207 0.0481578 0.252328 194 190 190
-0.351617 0.0961189 0.250548 190 152 112
-0.362913 0.041953 0.318238 190 188 190
-0.458548 0.0871658 0.25206 201 162 120
-0.164035 0.104122 0.251377 158 152 149
-0.376626 0.106674 0.235965 194 156 112
-0.244779 0.0623218 0.259479 188 182 182
-0.447087 0.0851563 0.254699 204 162 118
-0.345182 0.0975972 0.245551 190 156 118
-0.451281 0.0861571 0.253517 204 164 120
-0.263292 0.0678874 0.26841 176 172 168
-0.332986 0.0234062 0.268786 179 176 171
-0.351852 0.013112 0.279148 203 202 204
-0.309799 0.0487636 0.268969 186 182 178
-0.32885 0.0423708 0.289849 200 198 196
-0.225794 0.0827758 0.265646 178 174 170
-0.190654 0.109631 0.253387 152 126 98
-0.356747 0.0166642 0.284905 187 182 176
-0.321965 0.0397261 0.272361 200 198 198
-0.275369 0.0749404 0.286235 170 171 176
-0.260957 0.0711587 0.271324 176 172 168
-0.404825 0.0491566 0.307605 177 142 110
-0.441171 0.0689516 0.27578 185 148 112
-0.385128 0.0328814 0.338625 185 184 186
-0.435305 0.0703913 0.276285 43 46 51
-0.362527 0.00989988 0.284592 190 185 183
-0.389288 0.0265639 0.323699 195 187 184
-0.290574 0.102415 0.254851 177 140 104
-0.389071 0.0474525 0.308268 178 145 111
-0.381395 0.0661837 0.250314 144 66 62
-0.390986 0.0441913 0.32138 176 143 110
-0.334186 0.0339244 0.286954 202 200 202
-0.381098 0.0732422 0.252077 190 134 87
-0.285555 0.0401958 0.253475 182 176 170
-0.325446 0.028286 0.27111 196 194 194
-0.203612 0.0920187 0.272636 169 169 167
-0.331902 0.0219928 0.268248 183 180 176
-0.322052 0.027922 0.268721 198 193 190
-0.457073 0.072182 0.271936 189 149 110
-0.399913 0.0533467 0.307349 184 150 118
-0.447569 0.074434 0.26782 183 143 106
-0.455291 0.0778651 0.263924 197 159 121
-0.23619 0.0658257 0.256991 177 172 170
-0.357856 0.0121574 0.292204 199 196 194
-0.378829 0.0351485 0.339039 180 179 182
-0.385699 0.0788095 0.267913 190 156 120
-0.45405 0.0788744 0.261911 195 156 117
-0.367814 0.0174955 0.283397 206 203 201
-0.310289 0.0909658 0.262163 176 136 102
-0.287002 0.0434335 0.262564 179 174 172
-0.305678 0.0854103 0.267361 178 142 106
-0.365548 0.0112608 0.283253 192 187 185
-0.401724 0.105237 0.235574 196 154 106
-0.347624 0.0174085 0.277022 194 193 190
-0.388647 0.105322 0.236454 202 164 120
-0.260115 0.0487147 0.253875 190 185 184
-0.192971 0.102483 0.26813 143 145 144
-0.278862 0.0430814 0.254125 191 188 189
-0.356116 0.0263682 0.293296 201 198 198
-0.316189 0.0930896 0.255533 174 136 100
-0.391037 0.0552554 0.30352 180 148 114
-0.379533 0.0525501 0.304949 180 147 112
-0.455869 0.089078 0.253096 205 164 123
-0.309325 0.0471552 0.263611 198 194 192
-0.3746 0.0884935 0.257879 186 150 114
-0.365061 0.0109417 0.291644 196 196 198
-0.394264 0.104246 0.238227 204 167 122
-0.276344 0.0756424 0.281408 168 172 177
-0.442803 0.0646091 0.283653 192 158 120
-0.282203 0.0383394 0.254626 194 190 192
-0.315502 0.059763 0.299058 182 186 190
-0.437104 0.0560151 0.262895 52 58 64
-0.38434 0.102902 0.240345 211 202 188
-0.369361 0.00870666 0.30579 197 192 189
-0.203254 0.100884 0.269372 158 148 138
-0.307791 0.0795452 0.261918 174 140 103
-0.368576 0.0376202 0.323968 185 180 176
-0.314266 0.0605267 0.297921 176 181 185
-0.324572 0.0815999 0.263742 180 144 108
-0.462355 0.0867654 0.253151 202 164 126
-0.342181 0.0212759 0.275401 196 196 197
-0.264786 0.0511354 0.255852 179 174 172
-0.292597 0.081449 0.273918 172 138 102
-0.339062 0.0395328 0.290867 198 198 194
-0.38967 0.0516196 0.306694 181 147 112
-0.327665 0.0632446 0.29267 166 156 146
-0.282434 0.0566582 0.26835 194 189 186
-0.36863 0.0177034 0.270453 202 200 202
-0.373581 0.0943929 0.230288 138 108 83
-0.227154 0.0699054 0.249998 177 172 170
-0.377345 0.0726416 0.250773 180 145 108
-0.409273 0.104829 0.235602 212 180 136
-0.315288 0.0295708 0.269388 202 198 194
-0.404953 0.0495067 0.313875 184 150 118
-0.34582 0.0973384 0.252592 190 153 114
-0.343143 0.0218607 0.277096 188 184 179
-0.278885 0.0508247 0.266339 197 192 190
-0.376218 0.0390562 0.325133 184 183 184
-0.396526 0.102614 0.238562 203 166 120
-0.338099 0.098501 0.252542 196 162 124
-0.382661 0.0326794 0.333631 192 190 190
-0.289252 0.0409528 0.261189 195 191 189
-0.287053 0.0898477 0.25996 172 137 101
-0.239165 0.0559134 0.242764 188 184 184
-0.393291 0.0248551 0.310349 197 189 186
-0.337237 0.0283116 0.282813 200 198 200
-0.282079 0.0458911 0.274174 198 194 193
-0.357945 0.0606825 0.296942 180 150 116
-0.331992 0.0265327 0.276111 204 204 204
-0.250229 0.0623201 0.254645 189 183 183
-0.386567 0.0540877 0.307013 184 151 118
-0.275845 0.0801542 0.278932 162 150 136
-0.328414 0.0629352 0.296933 181 154 121
-0.42622 0.103843 0.236465 214 179 138
-0.438039 0.068495 0.276587 64 55 50
-0.316289 0.0374312 0.290891 200 198 199
-0.348878 0.0869196 0.26201 184 146 110
-0.356902 0.015275 0.292125 198 194 192
-0.366514 0.0109806 0.294942 188 181 178
-0.380002 0.0140368 0.304226 198 192 192
-0.333203 0.0208349 0.265873 196 196 194
-0.457383 0.078405 0.261213 194 154 114
-0.332797 0.023221 0.276498 184 180 176
-0.376768 0.0355477 0.325115 176 172 168
-0.368457 0.0838794 0.261478 182 142 108
-0.338412 0.0412131 0.284019 199 198 197
-0.315779 0.0318355 0.269483 200 198 198
-0.388122 0.088849 0.233657 64 42 30
-0.3877 0.0779093 0.26961 194 158 124
-0.278267 0.103313 0.245916 165 129 93
-0.260328 0.0626831 0.253266 188 182 182
-0.410654 0.105847 0.235766 204 168 121
-0.386563 0.035219 0.33351 172 172 170
-0.312184 0.0385737 0.2727 201 198 198
-0.454825 0.0787956 0.263688 198 160 122
-0.446502 0.0758775 0.269309 196 157 119
-0.348047 0.0291592 0.290683 201 200 199
-0.362933 0.0837542 0.258385 188 152 114
-0.226485 0.0712972 0.254028 184 179 176
-0.46002 0.0856662 0.254871 208 173 134
-0.415964 0.101475 0.239384 215 180 136
-0.410361 0.103395 0.237337 214 182 138
-0.273397 0.0783695 0.282815 164 167 174
-0.402226 0.0476119 0.307804 184 149 117
-0.359543 0.0459719 0.33498 176 142 110
-0.417922 0.102073 0.23665 203 163 118
-0.316742 0.0400694 0.279614 199 197 198
-0.383589 0.034364 0.334422 186 186 189
-0.337832 0.0384337 0.289929 200 200 196
-0.453343 0.0821395 0.257753 196 152 112
-0.384621 0.028147 0.336062 194 187 183
-0.459537 0.0748125 0.264615 196 160 123
-0.381587 0.0659334 0.248994 236 184 136
-0.331273 0.0294813 0.27194 198 196 196
-0.332186 0.0230646 0.26592 200 198 198
-0.397252 0.105847 0.236805 194 151 105
-0.366812 0.0124027 0.290756 201 197 198
-0.39408 0.10521 0.237651 200 158 113
-0.320683 0.029843 0.266212 184 180 170
-0.376567 0.00530942 0.304518 192 186 184
-0.336408 0.0220111 0.269014 200 200 200
-0.331533 0.0430043 0.292196 198 197 196
-0.453936 0.0790979 0.263152 199 160 122
-0.309155 0.0448975 0.265969 198 194 192
-0.360135 0.0460166 0.327568 169 155 143
-0.297144 0.0551595 0.260994 196 191 188
-0.458551 0.0748465 0.266101 200 166 128
-0.348935 0.0449793 0.31247 190 186 182
-0.286274 0.0664827 0.275566 190 184 184
-0.298381 0.0873904 0.268229 174 138 102
-0.452514 0.0785851 0.262448 200 162 124
-0.407981 0.0530584 0.298583 184 150 118
-0.307447 0.0904817 0.26011 170 130 94
-0.302516 0.0405956 0.267937 199 195 194
-0.352341 0.0885318 0.250859 186 150 112
-0.263767 0.111778 0.243889 171 135 99
-0.375861 0.0406075 0.326362 178 178 182
-0.193713 0.10136 0.260203 156 156 157
-0.352992 0.0700264 0.283327 185 152 114
-0.250293 0.0628044 0.258428 179 172 170
-0.2578 0.0628023 0.255385 172 166 163
-0.283408 0.0470389 0.266497 186 182 178
-0.362808 0.013632 0.286982 192 188 185
-0.317327 0.0348054 0.262673 202 197 195
-0.361063 0.0254705 0.29689 188 184 180
-0.376228 0.0211229 0.307206 197 192 189
-0.334098 0.0258746 0.271063 184 179 173
-0.38123 0.0581734 0.251275 182 184 186
-0.347419 0.0294401 0.28745 200 196 194
-0.333121 0.025702 0.270529 184 180 176
-0.361118 0.031384 0.298234 203 199 197
-0.315134 0.0458283 0.272331 199 194 190
-0.33349 0.0225713 0.267648 186 183 177
-0.375555 0.011122 0.29659 204 200 200
-0.383554 0.0649126 0.254045 82 20 14
-0.381346 0.0590585 0.252489 166 110 116
-0.332713 0.0251106 0.27017 180 176 172
-0.349598 0.0209025 0.281011 206 205 206
-0.347434 0.0187634 0.279108 198 196 194
-0.332139 0.0962321 0.245704 181 144 104
-0.347759 0.035452 0.29282 204 203 203
-0.361796 0.023495 0.295498 194 190 186
-0.331744 0.0266205 0.270212 186 181 175
-0.356848 0.0160492 0.28391 202 200 201
-0.330111 0.0257415 0.267832 200 198 196
-0.346493 0.0309453 0.288327 198 194 192
-0.361133 0.0339981 0.304889 204 202 200
-0.336463 0.0256284 0.274749 202 202 203
-0.375943 0.0227312 0.308199 196 191 187
-0.334801 0.0256992 0.272742 207 203 200
-0.335554 0.0246601 0.27282 186 182 175
-0.339633 0.0365622 0.28673 202 198 196
-0.348187 0.0159356 0.275869 201 198 196
-0.309151 0.0416288 0.26221 199 194 192
-0.360864 0.0336845 0.303426 194 190 185
-0.378695 0.0173505 0.305281 201 196 194
-0.3332 0.0290533 0.273762 205 203 203
-0.367438 0.0205211 0.297795 202 198 198
-0.359551 0.0126373 0.282336 199 198 200
-0.32891 0.0969176 0.245558 186 148 110
-0.34638 0.0290928 0.285347 204 200 198
-0.314504 0.0524416 0.278973 194 188 184
-0.378887 0.0587965 0.248644 174 174 174
-0.343908 0.0344696 0.289129 203 200 200
-0.343502 0.0224251 0.277737 202 200 198
-0.35205 0.0178999 0.282265 194 192 188
-0.385205 0.00535487 0.301289 198 194 192
-0.385956 0.00506815 0.304994 202 198 196
-0.372714 0.0246567 0.306705 199 194 190
-0.299162 0.0532032 0.266646 188 182 177
-0.359949 0.0358504 0.305132 187 182 176
-0.347937 0.0154929 0.274927 200 198 196
-0.350099 0.0254872 0.285843 202 202 200
-0.372455 0.0265616 0.306723 204 200 196
-0.336672 0.0216382 0.270122 200 200 199
-0.383816 0.00508987 0.304993 204 200 198
-0.337478 0.0211855 0.271107 200 199 199
-0.305308 0.0507723 0.268623 202 196 192
-0.366088 0.0130351 0.289676 199 195 194
-0.347319 0.0411057 0.297602 199 198 196
-0.31257 0.038917 0.264823 203 198 196
-0.285879 0.0620859 0.259787 190 184 178
-0.330493 0.0325405 0.277117 197 194 190
-0.309755 0.0444186 0.267889 204 200 198
-0.362371 0.011925 0.285835 197 193 192
-0.283636 0.0688573 0.26408 188 182 178
-0.327659 0.0383381 0.278438 200 196 196
-0.318139 0.0534665 0.280169 199 194 192
-0.357701 0.0146411 0.283667 202 200 201
-0.324907 0.0272621 0.266145 202 200 197
-0.282319 0.0644851 0.259166 192 186 181
-0.337635 0.0221862 0.274167 202 202 201
-0.357259 0.017546 0.286537 204 204 204
-0.381049 0.0151426 0.305972 202 197 196
-0.332 0.0341508 0.275497 204 200 198
-0.307021 0.0455547 0.266941 201 196 194
-0.378018 0.0623597 0.249302 186 170 154
-0.359751 0.0225542 0.292545 203 202 201
-0.31618 0.0348687 0.262191 200 195 192
-0.333241 0.0241357 0.269124 173 168 162
-0.331738 0.0255211 0.2689 198 196 194
-0.349793 0.0179131 0.278839 203 201 200
-0.349465 0.0170774 0.277989 206 204 204
-0.345289 0.0227324 0.279533 208 205 204
-0.326064 0.0295033 0.267354 200 197 194
-0.36428 0.0134094 0.289131 202 198 196
-0.319628 0.0319747 0.263867 203 198 197
-0.377788 0.00668426 0.295046 196 190 188
-0.331683 0.0261095 0.269959 198 194 192
-0.376222 0.0202096 0.30647 199 192 189
-0.348106 0.0202161 0.279284 195 188 183
-0.365027 0.0122773 0.288649 200 198 198
-0.374788 0.0121122 0.2978 202 198 197
-0.374799 0.00942825 0.294327 197 194 194
-0.331964 0.0282845 0.271746 202 197 194
-0.331984 0.0236912 0.267572 200 196 195
-0.371843 0.0273977 0.30893 202 198 194
-0.376704 0.0118915 0.298368 199 194 192
-0.331977 0.032278 0.275616 194 188 185
-0.347676 0.0187073 0.277908 200 198 194
-0.395561 0.0706732 0.28529 220 234 241
-0.357386 0.0156938 0.283388 202 200 199
-0.360571 0.0244683 0.295389 202 198 196
-0.367698 0.0122517 0.291694 188 183 180
-0.342676 0.0234341 0.27784 206 204 204
-0.356304 0.0167798 0.284521 190 184 177
-0.336124 0.0226573 0.27087 201 198 196
-0.301861 0.0486225 0.262239 180 174 170
-0.360188 0.0104609 0.282454 202 200 199
-0.362107 0.0173825 0.290436 194 190 186
-0.35891 0.0408146 0.308352 198 192 188
-0.326118 0.0431791 0.28083 203 200 198
-0.361931 0.0305058 0.303234 202 200 195
-0.32736 0.0287438 0.266722 192 186 179
-0.301666 0.0504838 0.263587 176 170 166
-0.378135 0.0183622 0.306866 198 193 190
-0.303929 0.0375468 0.254876 176 168 164
-0.306505 0.0355625 0.253665 193 186 187
-0.310333 0.0400238 0.26233 194 188 186
-0.302644 0.0448125 0.259263 176 168 165
-0.339711 0.0264862 0.276511 200 198 196
-0.344131 0.0962216 0.246931 194 162 124
-0.367662 0.0188608 0.29712 200 196 194
-0.37772 0.00763367 0.296058 193 188 186
-0.302707 0.0476289 0.261155 178 170 166
-0.376847 0.00765872 0.295318 196 191 189
-0.333422 0.0230669 0.270995 197 194 192
-0.379952 0.0137989 0.306987 198 192 190
-0.350374 0.0347192 0.292926 196 193 192
-0.371051 0.0238667 0.305463 198 193 190
-0.300657 0.053888 0.266548 178 171 165
-0.317911 0.0337879 0.263984 188 182 179
-0.362729 0.0189917 0.292422 202 198 196
-0.336271 0.0254664 0.272994 202 198 192
-0.296418 0.0529367 0.259924 196 188 185
-0.35618 0.0420651 0.312574 180 172 167
-0.380782 0.0740378 0.269643 155 62 32
-0.438181 0.0704858 0.275892 28 22 18
-0.434732 0.0548888 0.270384 45 42 40
-0.247721 0.0858418 0.265352 162 162 161
-0.284574 0.0742733 0.287904 162 168 174
-0.376994 0.0695893 0.265596 30 59 88
-0.260126 0.0656018 0.24696 177 172 168
-0.319438 0.0614522 0.302135 165 170 172
-0.380747 0.0721467 0.266444 251 176 100
-0.39234 0.108625 0.227792 194 150 106
-0.389385 0.031702 0.328755 180 172 168
-0.390945 0.0323029 0.325448 182 175 170
-0.40663 0.0475308 0.313937 174 137 104
-0.385086 0.0677467 0.257929 112 76 34
-0.435577 0.0695649 0.278378 30 30 33
-0.404483 0.0542219 0.3038 192 158 124
-0.380636 0.0692377 0.270043 141 112 87
-0.373495 0.0640055 0.283683 186 156 124
-0.298519 0.0592032 0.288992 187 183 181
-0.339444 0.0600071 0.288224 170 176 178
-0.358829 0.102518 0.232516 186 147 107
-0.392346 0.0298399 0.329573 194 186 183
-0.345811 0.0681619 0.291852 182 149 113
-0.227432 0.0764456 0.231783 168 162 161
-0.376647 0.0669661 0.257929 109 52 26
-0.377868 0.0725876 0.278426 98 90 78
-0.330186 0.0516458 0.309535 190 188 188
-0.232534 0.0782453 0.232634 170 164 159
-0.434569 0.0552225 0.265082 55 61 68
-0.401972 0.0460028 0.319084 178 142 108
-0.30244 0.0563089 0.286469 186 184 178
-0.38159 0.0610131 0.278869 176 146 112
-0.386553 0.0858821 0.234585 96 68 44
-0.287086 0.0724038 0.26566 167 164 158
-0.458375 0.0867085 0.253996 202 164 122
-0.259823 0.0453826 0.252771 180 175 172
-0.436003 0.0708891 0.277928 38 36 40
-0.423397 0.0566041 0.294166 202 167 134
-0.339633 0.0341363 0.292324 200 196 194
-0.387704 0.0704364 0.266859 166 70 28
-0.34254 0.0727657 0.291709 177 148 112
-0.460047 0.0858594 0.255855 211 176 137
-0.38655 0.0600787 0.275795 174 142 109
-0.27245 0.0961799 0.230999 156 122 88
-0.393885 0.0385836 0.329197 178 144 114
-0.241331 0.0849716 0.250779 159 154 150
-0.269499 0.0744239 0.285439 174 178 180
-0.456112 0.0744687 0.267146 190 148 110
-0.361187 0.0203613 0.292175 194 190 186
-0.402382 0.105843 0.229574 207 178 134
-0.435966 0.0543706 0.268449 82 68 58
-0.456794 0.087287 0.255925 200 158 116
-0.455515 0.0788335 0.266421 194 154 116
-0.393874 0.0314234 0.326296 180 172 168
-0.391947 0.108564 0.229315 194 150 106
-0.279503 0.0597337 0.256927 190 185 180
-0.300641 0.0599563 0.289719 180 178 174
-0.223293 0.0730368 0.244222 164 160 156
-0.456431 0.0707418 0.272712 188 148 108
-0.446718 0.108399 0.230075 200 158 116
-0.384359 0.0703851 0.272832 111 91 76
-0.432174 0.105107 0.22908 206 164 119
-0.336006 0.0643418 0.288196 174 141 104
-0.436239 0.0562265 0.26773 47 52 57
-0.387932 0.036045 0.331779 172 168 169
-0.308611 0.0584289 0.288754 192 190 190
-0.230623 0.081839 0.229316 168 164 160
-0.394703 0.103172 0.228485 192 153 108
-0.273759 0.0364245 0.278311 196 193 192
-0.379096 0.0386308 0.32382 188 185 186
-0.388028 0.0520921 0.306495 182 148 114
-0.429162 0.0737903 0.273827 56 45 38
-0.425958 0.0556645 0.296214 192 153 121
-0.358971 0.04028 0.307201 199 194 191
-0.230129 0.0706029 0.241631 164 160 156
-0.271318 0.0737875 0.272549 169 165 162
-0.237795 0.0533911 0.242138 186 182 182
-0.257582 0.0410503 0.250774 185 180 178
-0.215582 0.0578719 0.234034 176 168 167
-0.328749 0.0843232 0.265727 177 139 103
-0.407681 0.102944 0.233864 204 170 123
-0.394394 0.0402388 0.325014 178 144 110
-0.351251 0.0678642 0.283518 178 142 106
-0.375838 0.06386 0.281017 186 157 124
-0.292369 0.0998508 0.231507 168 134 97
-0.31448 0.082783 0.262188 171 136 100
-0.40721 0.048802 0.313875 182 146 114
-0.380233 0.0734518 0.275201 35 37 46
-0.272605 0.0467999 0.245582 190 186 184
-0.264541 0.0791365 0.266429 174 174 172
-0.367036 0.0261856 0.290711 200 196 192
-0.426713 0.0553073 0.289654 200 164 130
-0.376311 0.0435042 0.321077 166 154 142
-0.343308 0.0475353 0.302056 189 184 180
-0.371637 0.0749558 0.257301 182 124 72
-0.422565 0.0554388 0.296582 193 156 122
-0.397765 0.098213 0.237668 192 150 100
-0.388599 0.0362209 0.331929 166 162 160
-0.22657 0.0601582 0.235498 172 165 164
-0.388665 0.0996497 0.236333 176 147 118
-0.272073 0.080103 0.275144 151 154 152
-0.289471 0.0708877 0.283986 172 177 180
-0.404026 0.0480472 0.30914 180 145 113
-0.288567 0.0402037 0.259597 178 174 170
-0.440389 0.0769406 0.273666 190 149 108
-0.284901 0.077033 0.282 166 155 142
-0.374953 0.0405995 0.321858 181 178 177
-0.437492 0.0580937 0.272854 193 162 130
-0.366083 0.0841717 0.260245 188 154 115
-0.339931 0.0382984 0.295094 200 196 194
-0.430712 0.0607268 0.292413 204 169 134
-0.386326 0.0959256 0.232659 186 142 102
-0.218721 0.0632724 0.229075 175 168 164
-0.436788 0.0571496 0.291441 188 150 114
-0.350934 0.105175 0.23491 187 148 108
-0.364385 0.0991566 0.229347 184 142 100
-0.376137 0.0390541 0.326978 184 182 182
-0.296962 0.0576455 0.289533 188 184 180
-0.230508 0.0437996 0.253045 190 186 186
-0.385726 0.0357677 0.326883 189 188 190
-0.302863 0.11243 0.23568 170 136 98
-0.407204 0.104799 0.230935 203 172 129
-0.388593 0.0405906 0.330932 181 146 112
-0.358799 0.0617957 0.295114 174 144 109
-0.411494 0.0766849 0.278562 188 148 112
-0.445266 0.074634 0.264797 184 141 100
-0.449966 0.0884538 0.251668 209 166 122
-0.385106 0.0677649 0.248719 20 95 133
-0.373314 0.0232212 0.305711 199 194 192
-0.43656 0.0679502 0.28452 194 158 122
-0.439765 0.0750674 0.272187 178 136 96
-0.36774 0.0828717 0.258311 186 154 116
-0.419154 0.0530015 0.309321 189 148 115
-0.432558 0.0731127 0.277783 15 17 22
-0.367308 0.0410603 0.322337 190 188 190
-0.305698 0.0961661 0.228155 167 133 96
-0.381208 0.064897 0.275251 183 150 117
-0.346369 0.0855209 0.255422 181 143 106
-0.332725 0.0608849 0.296735 166 156 148
-0.359173 0.0681699 0.277207 177 141 105
-0.378859 0.0757357 0.259251 44 42 44
-0.371313 0.0661121 0.285045 177 144 110
-0.433421 0.0710049 0.270858 26 24 30
-0.23976 0.0575579 0.243929 184 180 180
-0.377734 0.0700225 0.271131 130 100 70
-0.264701 0.052993 0.228663 179 172 172
-0.439768 0.0734876 0.275399 182 142 104
-0.353242 0.0845079 0.262422 180 144 106
-0.267981 0.0670234 0.233154 176 171 168
-0.382737 0.0700539 0.256824 193 124 70
-0.421544 0.0569237 0.30919 197 160 124
-0.345091 0.0653591 0.287461 186 154 117
-0.382958 0.0633443 0.278522 184 150 118
-0.390506 0.0415694 0.335383 186 152 118
-0.391873 0.110615 0.227633 196 155 109
-0.39766 0.103031 0.230459 192 152 108
-0.264193 0.0739893 0.238897 175 170 166
-0.404815 0.0478698 0.312782 178 141 108
-0.204492 0.0628548 0.228826 176 168 168
-0.430818 0.107079 0.229464 215 178 134
-0.290417 0.0989216 0.239604 164 130 94
-0.3758 0.0685447 0.27088 128 97 67
-0.358381 0.0449062 0.322391 184 184 188
-0.425228 0.0590571 0.302224 202 166 132
-0.440152 0.0750108 0.272616 178 136 96
-0.378142 0.04291 0.321952 170 154 138
-0.357812 0.105056 0.23176 195 157 118
-0.277999 0.0433029 0.300631 196 196 192
-0.243636 0.0748147 0.249624 178 172 168
-0.299072 0.0462238 0.256069 193 189 188
-0.37643 0.0854771 0.258991 187 154 116
-0.458498 0.0886734 0.253715 211 172 130
-0.380935 0.0736731 0.275131 40 38 40
-0.240005 0.0796988 0.23337 168 163 159
-0.297082 0.0623175 0.293541 177 176 173
-0.451995 0.0831574 0.256781 198 158 116
-0.39654 0.03999 0.333513 186 152 119
-0.226868 0.0542185 0.239409 172 164 162
-0.284997 0.0673287 0.285253 164 164 162
-0.438066 0.0588727 0.291662 195 158 122
-0.268274 0.0783976 0.274682 160 161 160
-0.443075 0.110705 0.228352 209 172 130
-0.406754 0.102259 0.235427 208 175 129
-0.371358 0.0407645 0.319967 191 190 189
-0.431775 0.106286 0.229462 214 174 130
-0.292601 0.066035 0.284283 170 170 164
-0.439565 0.0754342 0.271708 180 137 96
-0.445021 0.108516 0.228696 196 152 112
-0.322258 0.103186 0.231359 170 133 96
-0.315959 0.0577964 0.304058 182 182 182
-0.248519 0.063425 0.234879 164 158 156
-0.273901 0.0763721 0.267887 176 175 172
-0.367029 0.0391748 0.32331 196 192 188
-0.33381 0.048629 0.307833 188 184 182
-0.401206 0.100581 0.237976 204 165 118
-0.452539 0.0787297 0.266286 202 160 122
-0.298753 0.0715679 0.280377 170 173 176
-0.44568 0.107893 0.228723 198 154 114
-0.281265 0.0726962 0.28576 162 162 166
-0.433679 0.0778428 0.267693 190 152 114
-0.417738 0.102091 0.235797 208 165 114
-0.456656 0.0873409 0.255666 200 158 114
-0.385964 0.0673967 0.255239 65 88 102
-0.453689 0.0796793 0.265255 200 161 122
-0.455676 0.0745361 0.27106 200 166 126
-0.405911 0.050026 0.303164 184 150 116
-0.390789 0.0313181 0.329123 181 173 170
-0.370253 0.0692452 0.269847 183 148 112
-0.268804 0.0502889 0.252989 190 184 184
-0.302084 0.0567921 0.285699 190 186 182
-0.403915 0.0463922 0.319734 178 140 106
-0.449009 0.108102 0.22788 206 164 123
-0.406242 0.110321 0.23136 202 161 110
-0.405806 0.0435939 0.314459 178 143 110
-0.3744 0.104669 0.235017 195 153 111
-0.442492 0.0686647 0.278811 191 154 118
-0.366098 0.0922104 0.24858 186 152 113
-0.377121 0.0479194 0.319996 180 146 112
-0.374925 0.10223 0.232359 181 139 99
-0.445795 0.0744176 0.26205 182 140 98
-0.433223 0.0816509 0.266215 200 162 120
-0.362034 0.107014 0.233049 190 147 106
-0.378498 0.0366638 0.319983 183 176 173
-0.369367 0.0389216 0.319751 165 158 155
-0.431137 0.107345 0.228633 214 178 134
-0.236193 0.0841215 0.250573 162 156 152
-0.378986 0.0352288 0.324485 181 174 172
-0.27222 0.0608467 0.258459 194 188 185
-0.439996 0.0780468 0.267926 184 141 100
-0.423437 0.0557246 0.296993 193 155 122
-0.379141 0.0562976 0.285474 176 146 112
-0.397264 0.0995694 0.243116 195 152 104
-0.40613 0.106204 0.23435 212 180 136
-0.430555 0.109991 0.226633 206 166 122
-0.317282 0.0907148 0.256857 179 142 106
-0.269475 0.0507998 0.22761 182 176 176
-0.277247 0.0362871 0.263615 196 193 187
-0.329943 0.0499204 0.304128 196 192 190
-0.276774 0.0460049 0.243087 184 178 178
-0.271456 0.0706833 0.22801 168 162 161
-0.342565 0.0261772 0.302743 202 198 196
-0.335184 0.0605204 0.284599 178 183 186
-0.33969 0.0792971 0.25974 182 146 110
-0.362273 0.103377 0.226647 184 145 104
-0.438248 0.107283 0.227383 196 153 110
-0.440883 0.0758204 0.27067 188 148 106
-0.232572 0.0722863 0.239618 175 170 167
-0.280929 0.072538 0.273318 180 178 174
-0.414435 0.107159 0.225825 212 174 120
-0.350047 0.0685176 0.281852 178 142 106
-0.236176 0.0534608 0.230593 165 159 159
-0.459981 0.0875394 0.254071 210 176 136
-0.216102 0.0897243 0.24107 158 151 148
-0.228082 0.0679294 0.226635 177 172 169
-0.25054 0.0634043 0.256559 172 165 162
-0.236263 0.0689181 0.256346 172 167 162
-0.459916 0.0714986 0.270906 190 152 114
-0.298106 0.052898 0.26834 193 188 187
-0.410172 0.100304 0.237619 214 176 130
-0.209171 0.0640684 0.235698 178 172 170
-0.373152 0.106184 0.227012 194 153 111
-0.422411 0.105536 0.236757 217 178 130
-0.318793 0.0494156 0.290448 196 195 194
-0.417189 0.0504388 0.30906 191 154 120
-0.365029 0.0438351 0.330871 174 162 150
-0.296721 0.0918919 0.245723 168 135 100
-0.369834 0.107387 0.228131 192 152 110
-0.355851 0.066248 0.282828 179 143 107
-0.37599 0.0778097 0.258222 152 66 28
-0.270468 0.0635628 0.265075 187 183 180
-0.369262 0.0623806 0.286583 179 149 115
-0.274442 0.0354315 0.263915 186 182 177
-0.380606 0.0356062 0.320949 192 184 183
-0.326843 0.048939 0.316868 182 178 174
-0.374513 0.0368622 0.322661 176 170 166
-0.225965 0.0762213 0.230102 170 164 162
-0.392929 0.0327258 0.318617 196 190 186
-0.303914 0.0614089 0.289338 178 175 174
-0.344752 0.0835577 0.257657 179 141 104
-0.397001 0.102487 0.236464 202 166 119
-0.391211 0.10352 0.240814 204 164 116
-0.391308 0.101335 0.237569 193 150 105
-0.392217 0.0385204 0.324611 167 154 143
-0.266345 0.0986669 0.231048 156 120 85
-0.283451 0.0803183 0.252261 166 166 164
-0.26757 0.0780038 0.250894 176 172 168
-0.418013 0.0523298 0.308729 189 150 116
-0.320052 0.0530016 0.295082 192 192 190
-0.220222 0.0901192 0.26329 168 166 164
-0.373599 0.0896869 0.261525 184 147 110
-0.456938 0.071339 0.274436 192 151 112
-0.432585 0.108487 0.226991 204 164 120
-0.426635 0.0585657 0.303156 196 158 124
-0.413004 0.0484868 0.313279 186 150 116
-0.388976 0.0421006 0.326389 180 144 111
-0.229921 0.0773033 0.232291 165 158 156
-0.317311 0.0422688 0.268423 196 191 188
-0.41066 0.0479191 0.315782 189 154 118
-0.356173 0.0322112 0.307204 191 186 183
-0.208573 0.100393 0.261547 150 150 148
-0.445103 0.0757147 0.271166 185 144 106
-0.389022 0.0431744 0.314641 184 150 115
-0.455014 0.0789882 0.265731 196 158 120
-0.383598 0.088216 0.237121 110 78 53
-0.223577 0.0623707 0.228068 154 146 144
-0.228735 0.0722943 0.229434 174 168 166
-0.407096 0.100364 0.236982 200 160 113
-0.252594 0.0596526 0.251324 185 181 181
-0.280826 0.104732 0.233713 163 126 90
-0.407631 0.106842 0.227003 206 163 114
-0.323407 0.0809216 0.252972 174 140 103
-0.272016 0.064689 0.27803 194 190 188
-0.432621 0.0617294 0.288777 198 163 128
-0.402216 0.0592081 0.296599 185 152 116
-0.38838 0.0971448 0.232825 194 152 110
-0.392871 0.0491643 0.299362 178 143 108
-0.374667 0.0318186 0.366528 176 148 120
-0.42902 0.0602961 0.289179 196 160 128
-0.397458 0.0474775 0.31306 182 148 114
-0.224669 0.0859019 0.245747 170 166 162
-0.316955 0.0605235 0.301369 172 178 181
-0.368556 0.0633907 0.268987 184 154 117
-0.444841 0.11413 0.227746 206 164 122
-0.347984 0.083056 0.263178 176 139 102
-0.403628 0.104566 0.231724 200 156 110
-0.303322 0.0564237 0.263873 193 188 186
-0.442932 0.0685674 0.285075 186 148 111
-0.245274 0.0830572 0.270394 172 172 170
-0.286524 0.0549005 0.262854 179 175 170
-0.43491 0.0741811 0.272349 178 148 112
-0.320679 0.084981 0.26541 175 138 102
-0.346945 0.0845166 0.257474 179 140 104
-0.270475 0.0744981 0.286184 174 177 180
-0.45519 0.0789971 0.265926 194 154 116
-0.320549 0.0756987 0.262258 172 138 102
-0.349575 0.081171 0.260094 180 144 108
-0.368689 0.104263 0.2298 184 144 102
-0.438596 0.0689599 0.277191 190 156 124
-0.387477 0.0367208 0.311672 193 186 183
-0.375603 0.0554102 0.287713 174 142 106
-0.38161 0.0407873 0.324192 174 172 175
-0.452917 0.0792816 0.264685 200 162 124
-0.344063 0.0575987 0.280986 182 186 189
-0.402918 0.108059 0.227609 204 172 126
-0.391775 0.0544998 0.315749 180 144 112
-0.260462 0.0700623 0.266617 190 186 182
-0.269616 0.0636617 0.262191 188 184 180
-0.242411 0.0639597 0.245242 182 178 178
-0.351794 0.0388876 0.33315 180 173 170
-0.390125 0.10307 0.229659 188 146 103
-0.412641 0.107951 0.226262 214 176 122
-0.43436 0.0588975 0.295667 198 164 128
-0.265756 0.0876617 0.259577 158 149 136
-0.389008 0.102464 0.232207 186 148 106
-0.459438 0.0876262 0.25153 205 166 126
-0.441498 0.0715886 0.27825 194 160 123
-0.311648 0.060279 0.287951 186 184 184
-0.400995 0.0559223 0.30113 184 148 114
-0.412074 0.0535957 0.314777 190 150 118
-0.269473 0.0763929 0.265103 162 158 154
-0.437774 0.0729189 0.27378 176 138 98
-0.377513 0.0378873 0.341432 168 153 142
-0.443255 0.0674754 0.281913 190 151 116
-0.36987 0.0449722 0.327344 176 143 108
-0.433812 0.107903 0.227823 203 160 118
-0.306679 0.0585224 0.286095 184 182 179
-0.371004 0.0755238 0.25494 183 144 106
-0.355308 0.0459583 0.306361 162 160 156
-0.458321 0.0872345 0.251765 206 165 124
-0.436905 0.0702344 0.276992 28 26 28
-0.400993 0.0472281 0.304715 180 145 112
-0.222225 0.0905138 0.252771 154 150 146
-0.446684 0.107436 0.22909 200 158 116
-0.44372 0.1111 0.225949 206 170 131
-0.324277 0.0542001 0.303624 188 187 184
-0.287597 0.0770534 0.284515 171 137 102
-0.350491 0.0947349 0.241155 192 162 124
-0.261509 0.0931315 0.231143 150 150 152
-0.420222 0.0963577 0.236778 204 163 113
-0.261741 0.0747145 0.255151 184 178 174
-0.37421 0.0680721 0.275263 168 137 104
-0.375868 0.0126174 0.299403 201 196 196
-0.239412 0.0913182 0.233055 166 158 155
-0.379341 0.0303192 0.35682 179 177 178
-0.31804 0.0973236 0.228429 170 135 98
-0.454653 0.074266 0.271631 194 154 116
-0.418131 0.0489256 0.30961 186 148 113
-0.411616 0.103619 0.235573 214 181 134
-0.388214 0.0880049 0.227298 182 144 102
-0.328116 0.0533109 0.308148 184 184 185
-0.212786 0.0635218 0.226996 175 166 166
-0.321394 0.0539461 0.271882 194 190 188
-0.261511 0.0778045 0.266096 170 166 162
-0.289005 0.0575343 0.259787 190 184 181
-0.354083 0.0726735 0.287239 159 127 98
-0.390327 0.105373 0.22792 196 157 113
-0.434507 0.0542856 0.268863 74 67 60
-0.4432 0.110712 0.229816 199 156 115
-0.401556 0.0457827 0.315235 185 150 118
-0.309318 0.042506 0.274864 198 196 194
-0.439593 0.0742859 0.276921 180 138 100
-0.388789 0.0416424 0.322505 177 142 109
-0.295453 0.0401755 0.236549 192 188 188
-0.38403 0.049671 0.313874 180 144 109
-0.455203 0.0783482 0.266419 198 159 120
-0.435962 0.063898 0.288136 190 154 118
-0.432296 0.0834128 0.268832 203 164 124
-0.329784 0.0893531 0.250199 176 138 102
-0.336258 0.0679868 0.291808 180 146 110
-0.364409 0.0483326 0.303649 184 186 188
-0.388285 0.063083 0.270989 185 153 121
-0.27346 0.107369 0.237922 162 126 90
-0.318923 0.0318581 0.261824 194 190 183
-0.347066 0.0205781 0.278984 189 184 178
-0.333248 0.0242652 0.269193 164 160 153
-0.345045 0.0214211 0.279433 201 200 196
-0.348786 0.0198256 0.280014 186 182 174
-0.345821 0.0207674 0.278775 186 180 174
-0.319803 0.0315354 0.262495 192 188 182
-0.331489 0.0286886 0.272372 197 194 190
-0.347938 0.0202642 0.279604 183 180 170
-0.378057 0.00704466 0.29488 193 188 186
-0.349703 0.0172194 0.277993 201 200 199
-0.37721 0.00935945 0.296419 192 184 182
-0.377764 0.00589631 0.294058 190 184 184
-0.320569 0.0322705 0.264462 200 198 196
-0.373031 0.105009 0.235286 199 157 116
-0.35136 0.019344 0.282356 204 202 198
-0.374878 0.00968141 0.294265 196 193 192
-0.401262 0.0708504 0.286292 195 158 124
-0.302365 0.0539963 0.26513 183 177 172
-0.320448 0.0301999 0.26437 192 190 186
-0.358513 0.0300372 0.296624 197 193 188
-0.309622 0.0470848 0.266965 200 195 192
-0.34987 0.0205934 0.281677 202 201 200
-0.321041 0.0291458 0.262031 198 195 194
-0.380588 0.0731722 0.265356 180 76 28
-0.381196 0.0731975 0.268967 220 115 52
-0.317884 0.0303113 0.260004 198 194 192
-0.382034 0.0641498 0.255426 112 26 36
-0.319 0.0941131 0.246778 180 143 104
-0.357399 0.0159878 0.285234 194 190 186
-0.310665 0.050061 0.265656 184 178 173
-0.353517 0.0186412 0.283314 208 205 202
-0.348157 0.0183441 0.278044 199 196 193
-0.341221 0.0198972 0.272189 198 196 196
-0.290977 0.0570455 0.255908 188 182 174
-0.341019 0.0386253 0.290049 198 196 194
-0.333036 0.0260104 0.270738 180 176 170
-0.380091 0.109481 0.229255 193 152 108
-0.331974 0.0254042 0.26993 200 196 192
-0.332188 0.0239275 0.271861 199 198 195
-0.38236 0.064371 0.254558 98 21 32
-0.37894 0.00546785 0.294511 202 195 195
-0.337408 0.0932227 0.243226 188 153 114
-0.389324 0.0574166 0.303221 180 146 112
-0.316425 0.0407279 0.265921 204 200 198
-0.382511 0.00856851 0.299188 200 196 192
-0.300211 0.0504483 0.259793 197 191 188
-0.382441 0.0682781 0.28294 191 158 124
-0.375657 0.0679511 0.247595 178 144 106
-0.315735 0.0356004 0.26126 202 198 195
-0.362648 0.0131996 0.286919 190 186 184
-0.42346 0.063085 0.273036 72 68 66
-0.290016 0.0539604 0.254665 194 188 186
-0.4122 0.0743729 0.283911 202 170 134
-0.372757 0.0672103 0.252078 184 144 105
-0.363276 0.0202973 0.293881 202 200 198
-0.376905 0.00648422 0.292853 202 197 196
-0.33756 0.022412 0.272846 204 203 202
-0.320654 0.0329059 0.264798 200 198 198
-0.345677 0.0196858 0.277556 200 199 198
-0.37834 0.00681045 0.295385 198 193 192
-0.359979 0.0247796 0.294409 198 196 194
-0.330905 0.0279441 0.269405 204 201 196
-0.318045 0.0360022 0.264961 193 188 186
-0.29632 0.0567354 0.261539 194 188 185
-0.343718 0.0183589 0.273513 200 199 198
-0.337154 0.0972648 0.240267 184 144 104
-0.356576 0.0187666 0.286507 204 203 204
-0.379359 0.0724337 0.279165 182 144 108
-0.342005 0.0389418 0.290412 202 201 197
-0.380136 0.0654073 0.252163 206 76 118
-0.339681 0.0233901 0.274774 188 182 176
-0.33338 0.0253741 0.272137 184 180 174
-0.283995 0.0675736 0.257489 189 184 178
-0.287001 0.0629264 0.259159 184 178 172
-0.31978 0.0312494 0.26098 188 182 180
-0.331943 0.0270899 0.271173 197 191 186
-0.305407 0.0403966 0.254504 180 174 170
-0.307039 0.0379954 0.253142 186 180 174
-0.319103 0.0313122 0.260554 200 194 192
-0.375114 0.0103957 0.295948 211 204 202
-0.33204 0.0270581 0.269233 186 180 174
-0.332245 0.0287215 0.270817 199 196 193
-0.363852 0.0433838 0.311756 196 191 188
-0.33327 0.0213187 0.266401 199 196 192
-0.384486 0.0617114 0.25507 170 118 118
-0.333418 0.0265233 0.270256 176 170 164
-0.345717 0.0205066 0.278135 202 198 194
-0.333401 0.0211975 0.26701 188 184 178
-0.371647 0.0249684 0.308248 204 200 196
-0.334267 0.0223616 0.268276 198 196 192
-0.373112 0.0692125 0.249808 182 148 112
-0.358163 0.0152706 0.287398 191 185 178
-0.331614 0.0245251 0.267462 199 196 193
-0.375763 0.105646 0.234736 190 148 106
-0.362488 0.0106543 0.284538 201 196 193
-0.357369 0.0155421 0.285942 197 194 192
-0.374827 0.0694616 0.250906 182 148 110
-0.328978 0.0267897 0.267603 199 196 193
-0.371932 0.0817726 0.267186 15 29 46
-0.320639 0.0297018 0.260821 196 192 190
-0.337508 0.0244433 0.272417 194 190 184
-0.346052 0.0212372 0.27789 188 182 176
-0.365429 0.0181232 0.291706 201 197 195
-0.364636 0.0361009 0.30872 204 200 196
-0.314252 0.0518706 0.273025 199 193 190
-0.367538 0.0238807 0.30097 205 200 198
-0.318409 0.0334192 0.263054 186 182 178
-0.382215 0.0661725 0.251793 104 26 27
-0.383345 0.0626523 0.255484 164 60 81
-0.305357 0.0390703 0.253711 172 166 160
-0.377585 0.0705569 0.252611 42 92 128
-0.336276 0.024056 0.271661 198 194 192
-0.306675 0.0400043 0.251937 190 184 179
-0.320608 0.0296548 0.262359 194 190 188
-0.379551 0.0138849 0.304368 198 194 190
-0.356047 0.0430573 0.307194 192 188 186
-0.401081 0.0685647 0.287259 184 148 111
-0.3208 0.0305562 0.263422 190 186 180
-0.348123 0.0273911 0.286298 200 196 194
-0.337754 0.0348924 0.283616 196 193 192
-0.383894 0.111381 0.22993 195 155 112
-0.327445 0.0287984 0.267938 195 188 184
-0.363253 0.0236666 0.295766 202 200 197
-0.37775 0.109957 0.22823 184 144 102
-0.378495 0.015088 0.302404 200 194 192
-0.306945 0.0454075 0.262009 194 188 186
-0.300918 0.0611439 0.269055 188 182 176
-0.371573 0.0134418 0.295411 196 192 190
-0.311719 0.0358962 0.258493 194 188 186
-0.308528 0.0374237 0.257123 192 186 184
-0.312203 0.0376818 0.25768 194 188 186
-0.337277 0.0246848 0.274477 201 198 194
-0.304007 0.053317 0.263698 184 178 172
-0.359613 0.030699 0.299112 208 204 202
-0.423038 0.0600728 0.270386 138 114 92
-0.361156 0.0302357 0.299953 190 184 180
-0.347329 0.0197806 0.278192 200 200 198
-0.377192 0.02128 0.306382 198 192 188
-0.30119 0.054636 0.263084 198 192 190
-0.318163 0.0444495 0.270469 196 190 188
-0.303728 0.054669 0.264925 184 178 174
-0.331898 0.0396175 0.279308 201 198 195
-0.376534 0.0173997 0.30213 200 194 192
-0.335036 0.026357 0.272036 202 200 197
-0.32914 0.0272774 0.268481 200 196 194
-0.302909 0.0599085 0.269025 182 176 170
-0.350017 0.0330834 0.292382 197 192 190
-0.351662 0.0854051 0.262763 184 146 108
-0.320004 0.0473976 0.273934 200 198 196
-0.359902 0.0144444 0.285364 198 197 196
-0.318096 0.0428134 0.269955 193 187 184
-0.343188 0.0226184 0.275964 190 184 177
-0.333996 0.0273611 0.27357 205 204 204
-0.379261 0.00859599 0.297935 186 179 176
-0.380651 0.00839788 0.29794 186 180 178
-0.37932 0.00825084 0.296856 204 198 198
-0.315124 0.0355381 0.259621 202 200 199
-0.379918 0.0103324 0.299065 200 196 195
-0.303417 0.0555517 0.265688 187 180 178
-0.385738 0.110696 0.231323 198 158 114
-0.318388 0.0413494 0.26771 200 194 190
-0.317079 0.0495949 0.275086 196 190 187
-0.289407 0.0667668 0.258425 196 190 185
-0.410156 0.0747071 0.28231 205 175 138
-0.305105 0.0486251 0.259876 184 178 175
-0.362655 0.00928974 0.288201 208 206 206
-0.420371 0.083696 0.27302 192 154 117
-0.360645 0.0467272 0.313705 186 186 191
-0.418926 0.0733673 0.281885 193 155 118
-0.358562 0.0163037 0.285581 185 181 173
-0.320509 0.0429864 0.27225 202 199 196
-0.388314 0.0615233 0.276174 126 76 46
-0.31868 0.0391269 0.266687 196 190 186
-0.352813 0.0459861 0.302976 198 196 192
-0.335113 0.0331917 0.278011 204 203 202
-0.33881 0.0249459 0.27224 189 186 179
-0.303021 0.0588043 0.267342 193 186 184
-0.317464 0.0444876 0.269312 196 190 188
-0.433719 0.0855885 0.269707 180 140 102
-0.375557 0.00946623 0.29454 200 196 196
-0.356007 0.0319119 0.29711 206 202 200
-0.384646 0.110397 0.230427 204 168 123
-0.36408 0.0235379 0.296074 200 198 195
-0.361067 0.0121277 0.28396 200 199 198
-0.378546 0.0187104 0.306355 202 198 194
-0.317426 0.0412908 0.26915 195 189 186
-0.351116 0.0200124 0.281958 205 203 204
-0.30852 0.0440754 0.257931 200 196 194
-0.351532 0.0281557 0.288667 204 202 200
-0.367681 0.0101626 0.286624 202 200 200
-0.392493 0.112492 0.229435 206 172 128
-0.279191 0.0741381 0.262763 188 182 179
-0.358109 0.0316565 0.297675 205 201 199
-0.36594 0.0792252 0.227037 176 138 102
-0.336809 0.023708 0.27096 201 200 200
-0.388919 0.109551 0.23338 198 158 115
-0.304938 0.0460432 0.25784 190 183 180
-0.325613 0.0371736 0.272323 200 197 197
-0.347106 0.0354393 0.289921 196 192 188
-0.358465 0.033127 0.300162 204 200 196
-0.33582 0.0263034 0.272135 204 202 199
-0.317854 0.0414126 0.26716 199 193 191
-0.337666 0.0246749 0.271936 201 200 196
-0.397314 0.109948 0.232599 214 185 144
-0.411485 0.0740753 0.28281 202 171 134
-0.333589 0.0255228 0.269654 180 173 168
-0.36241 0.0153768 0.288589 191 186 184
-0.360066 0.040169 0.307667 192 186 180
-0.400552 0.0691832 0.288499 194 158 122
-0.358715 0.0170315 0.287779 208 204 202
-0.332372 0.0365755 0.278052 195 189 186
-0.316557 0.045974 0.269532 202 196 194
-0.319706 0.0443865 0.272042 199 194 192
-0.337942 0.0252614 0.271761 180 176 168
-0.323247 0.0425605 0.27936 192 186 181
-0.360331 0.0172248 0.288493 208 204 203
-0.372074 0.0280539 0.305386 205 200 196
-0.315788 0.0473918 0.270488 188 182 176
-0.304751 0.0492752 0.263151 200 194 192
-0.369472 0.0204171 0.299251 208 203 201
-0.328796 0.0383996 0.276306 198 194 192
-0.328973 0.0313684 0.266522 200 196 196
-0.31827 0.0375936 0.26435 198 192 190
-0.29957 0.0526818 0.259322 199 192 190
-0.354292 0.017781 0.28226 193 190 186
-0.40018 0.0738876 0.282755 200 173 138
-0.375969 0.0175646 0.303351 200 193 190
-0.338246 0.0217941 0.270541 200 198 196
-0.3748 0.0706932 0.247008 183 150 111
-0.318497 0.0379337 0.264654 200 194 192
-0.32666 0.0395902 0.275647 202 198 196
-0.359586 0.0179757 0.290406 207 202 200
-0.338693 0.0236972 0.274529 189 184 176
-0.31291 0.0521034 0.271436 200 194 192
-0.359764 0.0335536 0.310499 202 198 194
-0.347893 0.0181231 0.277088 196 194 189
-0.305423 0.0486472 0.262193 192 186 184
-0.339462 0.0377089 0.285775 186 181 176
-0.318816 0.0346517 0.263002 190 186 182
-0.317397 0.0463364 0.270864 194 189 184
-0.32815 0.029619 0.268043 199 196 194
-0.349866 0.0147329 0.276153 201 198 197
-0.318951 0.0367525 0.26397 190 185 180
-0.32834 0.0268467 0.26518 195 192 190
-0.36322 0.00719881 0.282086 190 184 181
-0.357823 0.015717 0.284622 196 193 190
-0.309167 0.048799 0.264374 194 188 186
-0.335453 0.0401585 0.283768 198 194 190
-0.357725 0.0451526 0.30702 174 170 164
-0.373046 0.0213232 0.304258 196 192 188
-0.311207 0.0517749 0.26168 188 180 174
-0.306211 0.0524625 0.264421 202 196 190
-0.319166 0.0326026 0.261477 192 185 180
-0.310383 0.0459159 0.277684 198 193 188
-0.381197 0.0708292 0.271914 174 107 70
-0.355432 0.0457358 0.308642 200 198 194
-0.309323 0.0402555 0.251819 184 176 172
-0.370223 0.0602636 0.294291 188 158 122
-0.390677 0.0053197 0.30944 194 186 180
-0.369362 0.104497 0.237863 190 148 107
-0.31657 0.0467039 0.271629 192 184 178
-0.319008 0.0304704 0.260198 198 191 188
-0.370531 0.099918 0.227056 194 153 110
-0.303286 0.0677677 0.274095 174 168 163
-0.320011 0.0320899 0.262111 192 184 179
-0.317246 0.0509125 0.274346 198 192 188
-0.326974 0.0374008 0.255365 202 196 192
-0.306538 0.0537059 0.258701 189 180 174
-0.306198 0.0428831 0.254358 196 188 186
-0.357946 0.104151 0.238455 190 150 108
-0.328109 0.0417243 0.27942 194 186 181
-0.297788 0.069906 0.274474 185 181 178
-0.291501 0.0786383 0.264603 168 168 164
-0.302825 0.0714453 0.277196 164 158 155
-0.364119 0.107636 0.236462 189 146 105
-0.293702 0.0710378 0.268172 190 182 176
-0.297078 0.0694704 0.273131 192 188 184
-0.352243 0.101694 0.238173 194 152 109
-0.361253 0.022429 0.294836 188 182 176
-0.36789 0.107218 0.237274 200 160 118
-0.31053 0.0379269 0.251642 201 195 194
-0.375068 0.0669258 0.286199 182 148 116
-0.319248 0.0601284 0.28415 174 168 162
-0.309118 0.0545419 0.256242 190 180 174
-0.387322 0.0628805 0.276616 194 158 126
-0.359084 0.103217 0.237254 198 160 116
-0.391564 0.00672976 0.301846 207 199 196
-0.367102 0.0808405 0.258982 189 152 112
-0.353782 0.0274901 0.29361 204 202 200
-0.312074 0.0376844 0.253891 186 176 173
-0.321427 0.0740212 0.273197 182 146 106
-0.380725 0.072159 0.26593 252 177 98
-0.393675 0.0644662 0.20883 200 192 188
-0.369955 0.097229 0.225377 199 156 114
-0.299012 0.0729262 0.273361 178 176 172
-0.366185 0.0607386 0.294133 190 156 122
-0.38531 0.0611618 0.253264 181 186 185
-0.343974 0.0217806 0.27915 208 206 202
-0.313228 0.0576175 0.283523 192 186 180
-0.371419 0.059776 0.291713 187 157 122
-0.312553 0.0419604 0.246825 188 179 173
-0.37745 0.0724334 0.246142 188 142 102
-0.377133 0.11163 0.229861 194 152 111
-0.336639 0.0600742 0.274889 172 167 162
-0.354235 0.0521611 0.304192 187 188 188
-0.345475 0.0683998 0.270857 180 146 108
-0.374159 0.0624852 0.254992 180 182 184
-0.36298 0.103312 0.238382 204 170 129
-0.370039 0.060841 0.291738 187 157 122
-0.314442 0.0493947 0.270187 201 196 190
-0.32149 0.0406669 0.265722 193 186 181
-0.294107 0.0676023 0.269921 188 180 177
-0.36514 0.105987 0.23029 194 152 110
-0.306557 0.045138 0.256632 184 176 174
-0.309495 0.0382382 0.254878 202 195 192
-0.322473 0.0413447 0.273214 205 199 196
-0.421372 0.119893 0.222302 113 80 44
-0.308408 0.0661943 0.288899 182 180 178
-0.390759 0.0109147 0.312587 194 187 182
-0.314655 0.0339492 0.261575 206 200 197
-0.368825 0.10302 0.239117 194 154 111
-0.387984 0.0639537 0.278168 184 152 121
-0.331887 0.0371349 0.280421 204 200 196
-0.363859 0.0519046 0.30589 187 154 120
-0.310678 0.0394054 0.250549 182 173 168
-0.368317 0.103503 0.239305 194 152 110
-0.368724 0.106903 0.23608 200 160 118
-0.318479 0.0569731 0.279897 202 196 192
-0.297971 0.0789707 0.26244 166 150 132
-0.348143 0.0274573 0.281687 200 195 190
-0.320052 0.0426929 0.268076 196 188 186
-0.31 0.0753266 0.277407 187 152 113
-0.336928 0.0942125 0.243275 188 150 109
-0.362743 0.0197695 0.290938 193 188 183
-0.321133 0.0523327 0.279489 200 195 192
-0.323486 0.0695296 0.269281 182 180 178
-0.398439 0.112081 0.230358 186 148 108
-0.307925 0.0553452 0.255057 187 178 172
-0.360582 0.0259577 0.296565 204 201 197
-0.344847 0.0983777 0.24111 194 156 114
-0.314568 0.0825632 0.26214 181 143 105
-0.394342 0.0643291 0.207899 187 180 175
-0.378046 0.111339 0.23074 194 153 112
-0.367135 0.102373 0.239517 198 160 118
-0.351837 0.0498775 0.305375 192 192 192
-0.304188 0.0720605 0.280172 173 159 143
-0.333143 0.0292156 0.265381 193 185 178
-0.361274 0.00808567 0.285828 194 189 186
-0.321609 0.0287354 0.256427 202 196 193
-0.389789 0.111959 0.229855 192 153 112
-0.327074 0.0849061 0.267555 189 150 110
-0.360893 0.0942282 0.239959 198 160 118
-0.341666 0.090594 0.252333 190 152 112
-0.415019 0.11531 0.228826 140 110 74
-0.318646 0.0555149 0.277117 199 192 185
-0.365949 0.106556 0.229635 196 154 112
-0.368926 0.102265 0.238664 201 164 122
-0.398982 0.0663373 0.290783 198 168 133
-0.355475 0.0487081 0.309032 190 190 190
-0.316031 0.0382739 0.246176 196 186 184
-0.301493 0.0591866 0.269558 189 181 174
-0.341202 0.0243994 0.272712 192 186 180
-0.392396 0.114636 0.225478 197 159 117
-0.369641 0.0930952 0.224361 196 155 114
-0.364732 0.0144325 0.289512 207 202 200
-0.305506 0.0635645 0.281199 176 170 164
-0.301167 0.077098 0.268898 176 140 103
-0.299378 0.0738303 0.278217 173 156 135
-0.364245 0.0552563 0.299046 190 156 122
-0.299194 0.0824351 0.261654 175 139 104
-0.286828 0.075049 0.268062 176 171 167
-0.386973 0.115104 0.225673 202 169 127
-0.377662 0.107263 0.230108 202 162 120
-0.364131 0.07833 0.259799 191 152 114
-0.366731 0.0973718 0.23378 196 156 114
-0.310965 0.0587328 0.275331 202 195 192
-0.288589 0.0771851 0.274601 172 156 140
-0.348177 0.0774008 0.269508 184 146 108
-0.369236 0.054932 0.296275 190 157 124
-0.366805 0.0988102 0.229574 200 158 116
-0.385401 0.0714747 0.21232 194 184 182
-0.354315 0.073298 0.260644 186 146 110
-0.358852 0.104569 0.240103 204 170 129
-0.361762 0.104847 0.238331 204 166 124
-0.323958 0.0372926 0.254573 204 196 194
-0.34008 0.0870064 0.264631 196 158 120
-0.289797 0.0759918 0.268988 176 174 169
-0.349647 0.0766362 0.267251 188 150 112
-0.318704 0.0543375 0.27657 196 188 182
-0.409265 0.0610986 0.289028 188 152 116
-0.356521 0.0184291 0.283671 206 204 201
-0.356442 0.0746368 0.259161 181 142 104
-0.358928 0.0986852 0.232197 203 170 129
-0.367753 0.0967033 0.226788 203 168 127
-0.36281 0.0833854 0.261996 196 162 123
-0.407201 0.0634383 0.294318 189 154 117
-0.278695 0.070891 0.273857 174 166 159
-0.293258 0.0842698 0.268709 182 147 110
-0.342792 0.0916885 0.250508 193 154 114
-0.41372 0.116164 0.22587 142 109 72
-0.366745 0.107327 0.234488 200 160 117
-0.31671 0.0285409 0.260157 203 196 194
-0.395159 0.116066 0.225772 188 152 110
-0.374801 0.067961 0.281485 182 150 116
-0.412313 0.116047 0.226318 144 111 74
-0.400633 0.0596572 0.209761 202 196 192
-0.305485 0.064346 0.279187 170 163 157
-0.3197 0.0291075 0.260897 204 198 196
-0.376956 0.108859 0.232463 198 157 116
-0.375919 0.00712278 0.300457 192 184 180
-0.31156 0.0838175 0.255657 182 146 109
-0.379676 0.112047 0.227752 200 163 122
-0.397551 0.0663408 0.288243 200 170 137
-0.33429 0.0223093 0.266851 188 183 176
-0.37368 0.1037 0.238158 194 152 110
-0.368643 0.103487 0.227259 202 165 121
-0.338409 0.0532804 0.274016 203 198 195
-0.383869 0.114899 0.226296 192 150 108
-0.303069 0.0773807 0.27579 184 148 110
-0.390849 0.118594 0.229375 190 154 112
-0.316037 0.036151 0.255964 184 177 172
-0.370672 0.106762 0.228261 201 162 120
-0.411294 0.117645 0.226925 145 110 73
-0.358507 0.100567 0.236955 196 154 112
-0.306667 0.0431652 0.250298 198 192 188
-0.323401 0.0611434 0.264576 200 194 190
-0.351962 0.0519712 0.305863 186 186 188
-0.289779 0.0770877 0.276984 176 141 105
-0.287808 0.0737806 0.279327 178 176 172
-0.374437 0.109928 0.230871 192 153 111
-0.409678 0.0609702 0.284292 186 150 114
-0.435719 0.0847577 0.270521 182 142 101
-0.303391 0.0756767 0.269403 172 152 132
-0.319301 0.0358204 0.256051 190 180 173
-0.380995 0.00187973 0.309444 194 184 182
-0.328494 0.0468818 0.287439 204 198 195
-0.321829 0.0681929 0.280345 177 163 144
-0.338415 0.0613847 0.276361 190 190 190
-0.326762 0.0905348 0.249957 184 146 106
-0.304418 0.0640961 0.258699 198 190 186
-0.314372 0.0845565 0.260503 178 139 101
-0.369395 0.0979979 0.229888 196 158 115
-0.406009 0.0613059 0.293546 188 152 116
-0.314146 0.0380693 0.252313 198 190 188
-0.39204 0.0647422 0.293887 196 164 130
-0.38533 0.107715 0.233698 193 154 112
-0.350453 0.0880628 0.251956 191 155 113
-0.322881 0.075139 0.271402 184 146 106
-0.411755 0.115735 0.226457 153 117 80
-0.401665 0.0649935 0.285305 198 168 134
-0.382784 0.0662779 0.260169 186 154 118
-0.281907 0.0776903 0.275086 170 170 165
-0.381033 0.106755 0.228288 195 156 114
-0.311017 0.0379473 0.252853 202 194 190
-0.313109 0.0436595 0.246728 200 194 191
-0.366847 0.0979428 0.227767 196 154 112
-0.317489 0.0364975 0.261738 203 196 194
-0.347704 0.0157684 0.27682 200 196 192
-0.399908 0.0616713 0.208652 204 196 193
-0.399885 0.111508 0.231803 188 151 111
-0.334136 0.0448772 0.290853 203 198 196
-0.306765 0.0839157 0.268632 187 150 112
-0.382729 0.0681773 0.258376 97 68 28
-0.371787 0.0759895 0.255919 196 140 77
-0.332258 0.0397775 0.282487 195 189 183
-0.364003 0.0523255 0.306074 185 152 119
-0.347933 0.0214062 0.279007 204 200 196
-0.384688 0.0631529 0.25145 120 24 44
-0.380118 0.0650859 0.250661 148 33 58
-0.31308 0.046944 0.272042 183 178 169
-0.385989 0.0631197 0.254625 154 94 96
-0.30763 0.0390028 0.254135 194 188 183
-0.312392 0.0475873 0.26616 196 188 186
-0.381242 0.0689127 0.261336 114 120 120
-0.361162 0.0397696 0.310897 198 196 192
-0.378157 0.0944867 0.230548 194 156 116
-0.318687 0.0424959 0.280265 190 184 178
-0.302791 0.0716838 0.279623 170 170 168
-0.334689 0.082862 0.263191 180 143 104
-0.37283 0.0767008 0.271038 122 92 66
-0.382345 0.112675 0.228577 200 161 118
-0.314345 0.0429691 0.2678 198 191 188
-0.338294 0.066883 0.275126 174 148 114
-0.313289 0.0486778 0.268128 185 178 172
-0.32866 0.0430014 0.279399 200 194 190
-0.302269 0.0724025 0.279203 174 167 162
-0.335365 0.0959784 0.246782 190 156 116
-0.298024 0.0721749 0.275659 172 170 167
-0.413607 0.117488 0.225148 155 121 83
-0.315997 0.0361885 0.260002 196 190 187
-0.412763 0.117847 0.224879 158 124 86
-0.328085 0.0506922 0.290435 197 192 189
-0.30131 0.0494845 0.267697 198 192 188
-0.335881 0.0945178 0.247001 187 148 108
-0.316209 0.0430655 0.269848 198 190 187
-0.381153 0.0703578 0.272696 182 148 118
-0.377273 0.105774 0.229775 197 158 116
-0.334759 0.0783389 0.270624 183 148 110
-0.379723 0.0563777 0.252495 200 196 192
-0.335957 0.0819181 0.25979 174 136 97
-0.353073 0.0925316 0.242004 189 154 115
-0.332967 0.0830735 0.259059 177 137 100
-0.396686 0.113043 0.229338 203 164 121
-0.432572 0.0432812 0.227743 198 192 189
-0.341633 0.0827805 0.250222 175 135 98
-0.328144 0.044523 0.282941 201 196 193
-0.297369 0.0717948 0.27226 176 174 170
-0.315618 0.0523492 0.267969 196 190 185
-0.30769 0.0718327 0.278862 168 148 127
-0.329491 0.0750723 0.269012 178 142 104
-0.412787 0.116845 0.225739 163 127 90
-0.301968 0.0712775 0.273964 174 172 168
-0.380307 0.112671 0.228243 202 164 122
-0.376815 0.110996 0.229943 196 156 116
-0.310898 0.049731 0.269016 194 186 181
-0.3384 0.0227937 0.270752 199 196 194
-0.305889 0.0420926 0.255179 176 168 164
-0.330115 0.0782369 0.267189 182 146 108
-0.372672 0.0158049 0.286054 221 218 214
-0.321192 0.029459 0.265571 199 194 188
-0.380942 0.11263 0.229296 201 164 122
-0.359025 0.0388681 0.302498 198 196 191
-0.326903 0.0539874 0.300269 192 190 184
-0.37877 0.0733201 0.276803 121 67 45
-0.385228 0.0612578 0.25136 168 102 112
-0.344333 0.0407476 0.297484 188 182 175
-0.413251 0.117632 0.22717 147 114 78
-0.359571 0.0326916 0.304097 185 178 172
-0.299864 0.0359087 0.257771 191 184 179
-0.303786 0.0648061 0.277296 176 168 162
-0.299447 0.0383969 0.254607 178 167 161
-0.411843 0.11576 0.228062 160 126 88
-0.298918 0.0538712 0.264539 192 183 177
-0.320246 0.0408454 0.266039 192 184 176
-0.287305 0.0700255 0.271299 173 164 156
-0.382759 0.110569 0.229521 194 159 118
-0.346126 0.0444727 0.311128 198 194 190
-0.382042 0.0944277 0.229753 68 42 23
-0.403594 0.120598 0.216572 165 133 93
-0.328883 0.0595875 0.290664 182 180 178
-0.375882 0.062655 0.251786 188 188 184
-0.376428 0.066811 0.254582 145 93 66
-0.357306 0.0998238 0.24006 188 149 108
-0.372884 0.0734356 0.255106 188 156 114
-0.338384 0.0644311 0.28112 170 156 137
-0.414449 0.114764 0.224389 153 119 82
-0.355654 0.0736553 0.261337 178 138 102
-0.325296 0.0532482 0.296772 186 180 175
-0.300949 0.0682982 0.271964 192 184 178
-0.306632 0.0415723 0.254423 173 164 157
-0.382069 0.111788 0.229372 194 158 117
-0.361327 0.0991608 0.234073 190 150 108
-0.379013 0.0944738 0.23167 68 40 25
-0.414031 0.120785 0.222514 131 98 62
-0.381143 0.0730653 0.261485 197 92 39
-0.318321 0.0567945 0.251504 194 186 180
-0.283834 0.077088 0.274871 166 164 160
-0.329126 0.0541912 0.292183 190 184 180
-0.352817 0.0969845 0.248372 192 157 117
-0.404781 0.117447 0.220611 168 131 92
-0.312974 0.0567141 0.260978 190 182 176
-0.341052 0.0953579 0.246607 190 155 116
-0.383007 0.114038 0.225067 190 151 108
-0.341822 0.0403878 0.297442 200 196 192
-0.415513 0.116156 0.224516 136 102 65
-0.351685 0.0964727 0.245896 191 154 114
-0.381028 0.0662311 0.265041 181 150 117
-0.403816 0.115011 0.222417 172 136 94
-0.308303 0.0664827 0.28385 179 176 172
-0.371596 0.101267 0.226231 198 162 120
-0.344863 0.0427579 0.318155 196 192 188
-0.374757 0.108581 0.236939 194 156 116
-0.378309 0.108612 0.231399 186 147 107
-0.330314 0.0828962 0.251174 170 132 96
-0.404831 0.121803 0.216389 162 130 92
-0.300006 0.0691839 0.275475 180 176 172
-0.412846 0.121135 0.221779 138 104 68
-0.368316 0.0997299 0.238529 190 152 112
-0.339975 0.095976 0.24528 190 154 115
-0.358573 0.0518905 0.291712 192 190 189
-0.301426 0.0592985 0.265404 190 182 176
-0.36044 0.0998595 0.23935 194 156 115
-0.386124 0.109788 0.224045 196 160 120
-0.297825 0.0691104 0.270889 186 180 172
-0.410802 0.121463 0.218117 143 107 70
-0.305955 0.0384482 0.256683 192 184 180
-0.364279 0.106987 0.236492 186 146 106
-0.360704 0.10159 0.242805 192 156 116
-0.370111 0.100096 0.237217 196 158 118
-0.364726 0.0550657 0.306961 178 148 116
-0.386233 0.115817 0.22387 195 158 117
-0.321589 0.081077 0.257167 174 138 102
-0.315735 0.0804416 0.255455 168 134 97
-0.330288 0.0508977 0.286631 191 186 182
-0.345441 0.0756881 0.279298 182 147 110
-0.293525 0.069112 0.27076 169 162 153
-0.413519 0.118404 0.224074 142 111 73
-0.339483 0.0311648 0.288039 203 198 194
-0.327547 0.0584771 0.293443 184 182 178
-0.360545 0.100627 0.240787 194 158 118
-0.367076 0.104739 0.23452 188 147 106
-0.326518 0.0831989 0.254848 176 138 102
-0.389838 0.117807 0.221191 184 146 103
-0.318197 0.0384413 0.266718 191 184 179
-0.324607 0.0298751 0.304595 200 195 192
-0.417448 0.116488 0.227265 136 106 68
-0.36677 0.108123 0.234741 194 155 114
-0.377647 0.109102 0.233583 184 145 105
-0.403932 0.115685 0.219096 174 137 98
-0.403364 0.116502 0.225947 174 136 98
-0.336417 0.0479226 0.289897 199 194 190
-0.40392 0.117096 0.223488 168 130 91
-0.391246 0.113606 0.226404 191 154 114
-0.396387 0.113579 0.226657 189 152 112
-0.350627 0.0943903 0.247641 193 160 120
-0.415666 0.118956 0.222507 129 98 61
-0.374666 0.109549 0.226135 190 150 108
-0.402436 0.116157 0.222865 173 136 97
-0.406133 0.121674 0.217551 156 124 86
-0.371708 0.107572 0.235135 190 148 108
-0.326413 0.0671078 0.271196 179 176 171
-0.372406 0.0182477 0.310103 196 190 186
-0.404507 0.117488 0.225235 170 131 93
-0.376646 0.111626 0.227498 186 148 108
-0.401355 0.116728 0.225288 180 144 104
-0.304001 0.0564987 0.264924 190 182 174
-0.380753 0.111491 0.226383 187 150 111
-0.379486 0.064423 0.281292 182 152 122
-0.421976 0.116385 0.224328 108 78 44
-0.404836 0.117488 0.222514 170 134 94
-0.350578 0.0342328 0.302134 201 198 194
