ply
format ascii 1.0
element vertex 3420
property float x
property float y
property float z
property uchar red
property uchar green
property uchar blue
end_header
-0.0169084 -0.00135659 0.00302697 0 255 0
-0.0166786 8.19082e-06 0.00259058 0 255 0
-0.0147815 0.000192987 0.00228919 0 255 0
-0.0131179 0.000285305 0.00205358 0 255 0
-0.0111493 0.000410388 0.00205494 0 255 0
-0.00922699 0.000654515 0.00218962 0 255 0
-0.00738049 0.000788148 0.00260021 0 255 0
-0.00587221 0.000674867 0.00328454 0 255 0
-0.00411188 0.000672143 0.00439279 0 255 0
-0.00359495 0.000608007 0.00473092 0 255 0
-0.00432124 0.00184887 0.00459158 0 255 0
-0.00584754 0.00212569 0.00436238 0 255 0
-0.00778796 0.00186856 0.00352277 0 255 0
-0.0096274 0.00171281 0.0025097 0 255 0
-0.0121502 0.00169251 0.00157505 0 255 0
-0.0194708 -0.00643128 0.0186705 123 120 102
-0.0192586 -0.00642324 0.0188245 124 120 96
-0.00830271 -0.00485625 0.0195027 132 130 90
-0.0187691 -0.00574719 0.0190829 162 160 136
-0.0161233 -0.0050754 0.0213066 166 170 126
-0.0156534 -0.00469738 0.0211322 160 172 132
-0.0159641 -0.00461806 0.0212024 129 131 88
-0.00994741 -0.00274545 0.0219866 223 220 180
-0.0132617 -0.00296724 0.0220362 130 136 102
-0.0145472 -0.00289804 0.0206507 236 236 192
-0.0162082 -0.00292849 0.020317 165 164 135
-0.016161 -0.00287113 0.0203441 159 158 128
-0.013261 -0.00261795 0.0222944 218 230 192
-0.0103651 -0.00192439 0.022095 115 94 58
-0.0104683 -0.00176984 0.0216985 126 94 63
-0.0102906 -0.00129948 0.021348 168 134 104
-0.0107918 -0.000791118 0.0206673 185 151 144
-0.0141126 -0.00115753 0.0204901 128 130 114
-0.0149908 -0.00110404 0.0217936 100 100 74
-0.0113822 -0.000440023 0.0229271 101 75 54
-0.0113648 1.93093e-05 0.0209446 127 81 52
-0.0115036 5.78399e-05 0.0210962 174 156 144
-0.0114022 0.000392925 0.0210973 138 98 76
-0.0113028 0.000628027 0.021053 162 110 90
-0.0171599 0.000105685 0.0199863 88 64 47
-0.0170247 0.000141032 0.0201676 164 152 153
-0.0170853 0.000147412 0.0199236 234 229 238
-0.0169791 0.000200767 0.0201768 148 138 139
-0.0171397 0.000199873 0.0202176 226 212 216
-0.0170618 0.000223954 0.020146 75 54 40
-0.0129514 0.0010224 0.0194985 148 126 112
-0.0129179 0.00109199 0.0194154 70 52 32
-0.0116847 0.00120628 0.0186399 145 142 116
-0.0172526 0.000909688 0.0202571 85 47 31
-0.017136 0.000937199 0.0201995 81 41 24
-0.0130722 0.00153061 0.0196649 84 50 46
-0.0122641 0.00198934 0.0208136 102 70 64
-0.0130748 0.00177014 0.0198403 169 142 140
-0.0117582 0.00192743 0.018074 94 92 74
-0.0159517 0.00161413 0.0196576 152 135 130
-0.0124675 0.00279918 0.0215154 72 48 40
-0.0160153 0.00201092 0.019999 62 30 25
-0.0134847 0.00240534 0.0201253 188 155 154
-0.0158818 0.0020529 0.0200218 49 20 18
-0.011469 0.00229843 0.0179515 138 136 117
-0.0126315 0.00282913 0.0213831 108 75 73
-0.0164285 0.00209441 0.020281 170 129 115
-0.0133016 0.0025642 0.0203635 178 150 147
-0.0159223 0.00250819 0.0204736 120 90 84
-0.0159009 0.00250164 0.0202673 48 21 16
-0.0139366 0.00286831 0.0203009 91 56 54
-0.015957 0.00310094 0.0208061 174 150 150
-0.0136198 0.00349655 0.021014 73 38 38
-0.0112414 0.00337693 0.0184233 228 208 196
-0.0131935 0.0040293 0.0219221 124 80 76
-0.0137024 0.00410486 0.0216635 178 152 149
-0.0159327 0.0037327 0.0211836 172 140 139
-0.0159282 0.0038443 0.0213052 162 140 142
-0.0197656 -0.00697768 0.0185832 164 165 118
-0.00786486 -0.00502549 0.0193596 139 138 98
-0.0191911 -0.00593574 0.0187539 119 116 92
-0.015472 -0.00522381 0.0209332 185 192 150
-0.0157922 -0.0052001 0.021374 160 170 128
-0.0161243 -0.00496706 0.0209831 170 174 131
-0.0161115 -0.00488753 0.0210384 129 134 90
-0.0159913 -0.0045356 0.020802 154 156 112
-0.0159573 -0.00440727 0.0203699 179 182 137
-0.015917 -0.00440691 0.0208756 132 136 90
-0.0153788 -0.00416948 0.0208218 178 182 148
-0.0132546 -0.00327145 0.0217776 132 140 102
-0.0165174 -0.0032433 0.0201436 154 154 132
-0.0132362 -0.00297962 0.0221182 138 145 111
-0.0162102 -0.00292277 0.0202578 158 158 128
-0.0161725 -0.00287705 0.0202794 166 164 136
-0.0152202 -0.00256162 0.0214175 224 226 188
-0.0184243 -0.00267088 0.021466 219 212 172
-0.0183332 -0.00259292 0.0212852 84 72 48
-0.0103089 -0.0013045 0.0213155 174 140 112
-0.0138909 -0.00100783 0.0217026 87 80 68
-0.0130659 -0.000824815 0.0225547 65 46 30
-0.0113642 -0.000267684 0.0227203 81 48 24
-0.0114201 -0.000169745 0.0208243 218 212 187
-0.0115014 -2.18987e-05 0.02186 118 88 64
-0.0115383 4.89343e-05 0.0216958 181 156 135
-0.0116355 0.000269919 0.0212042 69 40 14
-0.0115768 0.000423573 0.0210831 211 170 151
-0.0125692 0.000330156 0.0201276 62 50 36
-0.0126023 0.00034841 0.0197978 47 36 22
-0.0113692 0.00059458 0.0208606 172 116 92
-0.0119655 0.000552671 0.0205963 73 46 27
-0.0117822 0.000637321 0.0204661 102 73 55
-0.011835 0.000656869 0.0204901 210 184 171
-0.0170865 0.000145746 0.0200674 192 180 183
-0.017135 0.000181498 0.0200021 203 189 187
-0.0170535 0.000189831 0.0200148 90 79 78
-0.0172124 0.000171612 0.0198772 129 104 84
-0.0169967 0.000264697 0.0198745 78 60 54
-0.0169001 0.000331474 0.0199918 92 62 53
-0.0172992 0.000370849 0.0197262 117 75 52
-0.0128992 0.00108202 0.0194425 78 60 40
-0.0117062 0.00117506 0.018802 222 219 203
-0.0141561 0.0010192 0.0194745 119 92 85
-0.0140918 0.000943499 0.0185571 144 104 94
-0.0129233 0.00130445 0.0194064 178 143 132
-0.0178509 0.000935155 0.0216715 157 118 98
-0.0173265 0.000850557 0.0201269 158 120 106
-0.017189 0.000921762 0.0203533 134 92 77
-0.0171284 0.000954642 0.0203845 91 50 34
-0.0166007 0.00101863 0.0194624 194 152 134
-0.0121229 0.00191284 0.0208131 194 176 169
-0.0159517 0.00127424 0.0193859 176 154 150
-0.0179504 0.00158386 0.0224668 78 38 18
-0.0170577 0.00166833 0.0207373 69 34 20
-0.012397 0.00275141 0.0215248 189 168 161
-0.0156491 0.00191403 0.01911 128 90 87
-0.0134598 0.00242318 0.0202437 159 126 124
-0.016415 0.00208977 0.0203132 158 118 104
-0.0126355 0.00296889 0.0215426 90 58 54
-0.0160081 0.00240816 0.0204267 70 34 28
-0.0159062 0.00247378 0.020173 70 42 38
-0.0133977 0.0029597 0.0206766 166 130 126
-0.0160115 0.00281083 0.0205119 57 20 13
-0.0132111 0.0034418 0.0214601 116 74 70
-0.0171524 0.00308425 0.0222266 70 30 16
-0.013664 0.00345152 0.0208473 68 35 34
-0.0158806 0.00312974 0.0207729 86 52 48
-0.0159415 0.00326019 0.0210676 144 124 122
-0.011273 0.00335169 0.018354 218 198 183
-0.0112418 0.00337248 0.0183434 234 221 213
-0.0136187 0.00409426 0.0216727 96 63 61
-0.0137915 0.00403331 0.0214581 90 52 48
-0.00786501 -0.00503272 0.0193195 141 140 102
-0.00829707 -0.00485666 0.0195186 151 149 108
-0.0162985 -0.00615776 0.0213982 174 176 142
-0.0187267 -0.0056904 0.0188803 148 146 122
-0.018595 -0.00572437 0.0191626 173 170 148
-0.0185641 -0.00577714 0.0193909 133 131 98
-0.0189609 -0.00558018 0.0189737 123 118 88
-0.0161236 -0.00506243 0.0212751 164 168 122
-0.0161265 -0.00477052 0.020504 133 138 94
-0.0159978 -0.0045221 0.0206553 140 143 100
-0.0159088 -0.00452798 0.0210437 171 174 130
-0.0172109 -0.00401893 0.0197359 162 159 136
-0.0168435 -0.00359657 0.0199752 166 166 144
-0.0132787 -0.00295174 0.0219172 131 138 104
-0.0145164 -0.00295039 0.0208871 232 236 192
-0.010292 -0.0021275 0.0224307 128 125 85
-0.0159505 -0.00266077 0.0204824 160 160 130
-0.0152053 -0.0026074 0.0216667 229 232 194
-0.0108511 -0.000685825 0.0208401 216 183 168
-0.0115323 1.70986e-05 0.0216841 150 122 100
-0.0113731 1.44677e-05 0.020945 131 86 57
-0.0116578 0.000259729 0.0210799 80 50 24
-0.0116019 0.00040799 0.0209909 204 160 139
-0.0116773 0.000497226 0.0208021 127 86 65
-0.0125135 0.0003868 0.0200655 36 25 12
-0.0117127 0.000584702 0.02093 178 140 114
-0.0117045 0.000648615 0.0207135 108 76 56
-0.0170901 0.000144346 0.0200183 194 184 184
-0.0172215 0.000169563 0.019898 129 102 82
-0.0170127 0.000276062 0.0201366 80 59 51
-0.0127014 0.00104386 0.0189385 82 79 53
-0.0141936 0.00100165 0.0191963 130 104 97
-0.0173148 0.000861984 0.0201072 154 115 100
-0.0172418 0.000892276 0.0200701 90 50 34
-0.0171769 0.000891412 0.019971 134 93 76
-0.0120518 0.00196061 0.0210568 209 192 185
-0.016009 0.00120602 0.0194479 114 70 54
-0.014453 0.0015077 0.0188427 147 110 102
-0.0153791 0.00159745 0.0194871 172 130 126
-0.0177942 0.00210151 0.0225983 190 166 158
-0.0123895 0.0027519 0.0215363 185 165 158
-0.0135078 0.0023745 0.0199627 188 155 154
-0.0164198 0.00208477 0.020285 158 118 104
-0.01601 0.00242206 0.020523 70 34 28
-0.012589 0.0032446 0.0216715 146 114 112
-0.0131881 0.00344684 0.0214963 115 74 70
-0.0158733 0.00284613 0.0204777 90 48 38
-0.0134765 0.00330979 0.021 186 164 164
-0.0110147 0.00325802 0.0178275 226 214 208
-0.0109855 0.00334884 0.0179288 126 98 84
-0.0136914 0.00407622 0.0216675 170 144 140
-0.0137823 0.00416412 0.0216474 90 54 50
-0.0192628 -0.0064094 0.0188133 126 124 102
-0.0183079 -0.00555355 0.0194257 214 212 174
-0.0185038 -0.00544941 0.0192454 137 136 114
-0.0159284 -0.00451958 0.0209431 171 172 128
-0.0152946 -0.00252754 0.0207587 231 234 194
-0.0101801 -0.00182354 0.022076 227 224 188
-0.0101856 -0.00143438 0.0215518 228 214 188
-0.0116102 -0.00160529 0.023307 196 195 160
-0.0180405 -0.00221002 0.0205992 114 91 66
-0.0110257 -0.000400601 0.0233653 104 69 38
-0.0114345 -0.000118166 0.0220493 142 112 84
-0.0118017 0.000111232 0.02071 84 54 35
-0.0116489 0.000283364 0.0212709 70 38 20
-0.0113128 0.000582769 0.021053 182 125 98
-0.0126886 0.00106127 0.0190214 110 103 81
-0.0117257 0.00116603 0.0187467 230 227 212
-0.0132452 0.00109847 0.0193213 190 148 126
-0.0172598 0.000923981 0.0202435 96 58 42
-0.0178966 0.00123152 0.0225759 94 57 38
-0.016598 0.00102758 0.0197386 194 152 134
-0.0181289 0.00158314 0.0228383 166 136 108
-0.0141503 0.00166687 0.0191566 68 38 36
-0.0179391 0.00191152 0.022425 62 34 16
-0.0135122 0.00237415 0.0199737 173 140 138
-0.0126275 0.00322217 0.0215286 140 112 110
-0.0126944 0.0032853 0.0215616 171 146 141
-0.0134423 0.00345619 0.0210667 85 54 53
-0.0137098 0.00402152 0.021528 160 130 128
-0.0195331 -0.00636502 0.0186602 106 106 82
-0.0192384 -0.00594661 0.018744 130 128 102
-0.0185262 -0.00569679 0.0192053 120 118 86
-0.0184692 -0.00540369 0.0192054 154 153 129
-0.0155928 -0.00437897 0.0204051 156 164 126
-0.0176473 -0.00408959 0.0194295 151 150 124
-0.0173469 -0.00365693 0.0193973 169 165 142
-0.014856 -0.00330952 0.0207096 168 168 118
-0.0145428 -0.0029766 0.0208161 232 238 196
-0.0106921 -0.00218961 0.0226717 219 227 190
-0.0103174 -0.00168341 0.0216501 135 106 70
-0.0113704 -0.000207178 0.0224732 73 40 16
-0.0113626 0.000431344 0.0212387 138 98 75
-0.0126179 0.000333603 0.0200355 72 62 44
-0.012259 0.000561521 0.0199795 121 117 92
-0.0110821 0.00082898 0.0213865 192 146 127
-0.0118103 0.000871645 0.0199033 213 189 172
-0.0170456 0.000226697 0.0199428 76 55 43
-0.0128253 0.00106056 0.0190197 148 134 122
-0.0130185 0.00112168 0.0195028 116 82 60
-0.0157148 0.000778896 0.0192689 82 44 35
-0.0141873 0.00107423 0.0193055 125 106 100
-0.0144922 0.00101359 0.0189043 116 100 86
-0.0129507 0.00128613 0.0193 189 154 144
-0.0171137 0.00103778 0.0209069 70 32 16
-0.0133489 0.00150516 0.0195379 101 67 56
-0.0132105 0.0017778 0.0198274 82 49 42
-0.0181377 0.0015776 0.0228461 179 153 124
-0.0179279 0.00161034 0.0223363 71 36 20
-0.0177489 0.00178681 0.022506 56 14 2
-0.0158696 0.00165443 0.0196742 61 29 22
-0.0158552 0.0021073 0.0201737 37 16 12
-0.0135444 0.00334059 0.0208915 160 140 141
-0.0158698 0.00317132 0.0208129 79 46 41
-0.011204 0.00336393 0.0183888 224 216 212
-0.0110391 0.00343855 0.0183298 122 88 69
-0.0192802 -0.0064342 0.0188396 148 146 120
-0.0192788 -0.00600067 0.0187708 105 106 82
-0.0187915 -0.00540699 0.0189058 113 111 81
-0.0153922 -0.00427043 0.0211298 180 184 152
-0.0168572 -0.00405129 0.0202758 170 170 135
-0.0135471 -0.00245353 0.0207401 164 175 141
-0.016011 -0.00271473 0.0205691 146 144 116
-0.0153425 -0.00255528 0.0206652 229 236 196
-0.0113389 -0.000587814 0.0236189 149 130 94
-0.0117407 0.000236272 0.0209273 66 36 16
-0.0116676 0.000523864 0.0208743 113 72 50
-0.011896 0.000530452 0.0208502 110 80 62
-0.0113208 0.000776277 0.020596 188 143 124
-0.0119004 0.00100706 0.0187711 200 199 178
-0.0138548 0.000886172 0.0191109 130 96 82
-0.0126689 0.00116655 0.019701 177 156 150
-0.0175224 0.000537228 0.0199754 188 147 118
-0.0122393 0.00164131 0.0200915 136 108 100
-0.0159737 0.00156476 0.0196023 144 116 112
-0.0178788 0.00208536 0.0227102 204 192 170
-0.0158325 0.00211283 0.0201426 36 16 12
-0.0131903 0.00253495 0.0203391 56 24 16
-0.0113177 0.00336417 0.018505 152 122 108
-0.0111953 0.00336084 0.0184095 223 216 213
-0.011021 0.00345856 0.018381 122 88 67
-0.0112322 0.00348828 0.0184632 214 194 183
-0.0186313 -0.00588299 0.019435 172 170 136
-0.0183443 -0.0030891 0.0214945 154 154 114
-0.0140058 -0.00222422 0.0210366 70 78 48
-0.0101287 -0.00145292 0.0217939 218 196 172
-0.018535 -0.00253297 0.0215013 201 194 150
-0.0118042 0.000669534 0.0208133 180 155 135
-0.0133713 0.000914276 0.0194483 130 84 67
-0.0129964 0.00100747 0.0193587 118 97 82
-0.0130516 0.00110448 0.0193958 120 85 62
-0.0125174 0.00127928 0.0196971 201 184 184
-0.0125134 0.00264073 0.0210145 186 162 157
-0.013148 0.00249642 0.0204334 114 82 77
-0.0125999 0.00278659 0.0212363 102 72 70
-0.0155406 0.00213382 0.0198073 39 15 5
-0.0125141 0.00310914 0.0216798 124 98 92
-0.0136062 0.00295033 0.020371 96 61 56
-0.0108372 0.00329469 0.0179932 183 135 104
-0.013604 -0.00347449 0.020162 140 144 108
-0.0153445 -0.00266439 0.0212593 224 236 194
-0.0114809 -0.000226771 0.0221942 74 42 20
-0.0112196 -5.96881e-05 0.0212992 164 120 98
-0.0116874 0.000205494 0.0212079 88 59 40
-0.0116458 0.000326891 0.0207703 192 153 132
-0.0123099 0.000387281 0.0201011 42 21 13
-0.0120763 0.000415725 0.0200363 109 70 55
-0.0122017 0.000528619 0.0200999 117 104 83
-0.0171379 0.000995306 0.0204062 74 37 21
-0.0153677 0.00160895 0.0198573 130 84 77
-0.0157873 0.00208848 0.0200944 51 24 21
-0.0158305 0.00247824 0.0201933 50 24 20
-0.0160137 0.00299333 0.0203544 101 66 60
-0.0191624 -0.00631231 0.0189067 87 89 56
-0.0191465 -0.00595524 0.0187519 128 128 103
-0.0185737 -0.0056874 0.0191541 129 132 109
-0.0171908 -0.00400272 0.0197734 126 126 106
-0.0168416 -0.00358416 0.0199893 138 136 116
-0.0165253 -0.00324679 0.0201457 136 134 112
-0.0103072 -0.00119015 0.0211974 144 108 84
-0.0112026 -0.000402402 0.0228901 79 50 20
-0.0118497 0.000588059 0.0207654 88 58 40
-0.0117652 0.000735062 0.0205338 223 210 201
-0.0164451 0.000997429 0.0194035 173 130 111
-0.0163926 0.00100155 0.0193949 100 52 32
-0.0125955 0.00169629 0.0203008 76 41 36
-0.0159987 0.00120126 0.0193859 100 60 44
-0.0160098 0.00130478 0.0194679 62 25 18
-0.0178158 0.0021558 0.0228392 160 136 126
-0.0170726 0.00304672 0.0219582 149 115 104
-0.0193515 -0.0063942 0.0187626 154 151 132
-0.0189805 -0.00625145 0.0190716 140 138 93
-0.0177292 -0.00501423 0.0197564 150 152 119
-0.0174114 -0.00469434 0.0199911 138 138 100
-0.0168879 -0.00363778 0.019939 134 136 114
-0.0168436 -0.00358915 0.0199792 139 138 117
-0.0164667 -0.00318734 0.0201784 136 138 114
-0.0176307 -0.00267671 0.0216292 168 170 130
-0.0114717 -0.000588915 0.0228074 148 128 99
-0.0114294 -0.000120452 0.0220982 120 95 68
-0.0139994 0.000565691 0.0187238 126 102 90
-0.0126952 0.00110045 0.0194055 142 124 115
-0.0157843 0.000788262 0.0193396 74 44 38
-0.016556 0.000849477 0.0195311 130 88 66
-0.0179442 0.00163334 0.0222218 70 33 14
-0.0207115 -0.00786325 0.0182848 134 127 82
-0.0192583 -0.00649672 0.0188876 140 136 96
-0.0193617 -0.00640307 0.0187923 158 154 136
-0.0161999 -0.00291482 0.0202677 136 135 108
-0.0183319 -0.00260022 0.0212999 66 56 28
-0.0101777 -0.00142975 0.0215916 204 190 160
-0.0138822 0.000680208 0.0186183 74 54 46
-0.013016 0.00103306 0.0194948 38 24 10
-0.0130038 0.00112804 0.0194675 84 52 29
-0.0140796 0.000943911 0.0185986 114 74 66
-0.0165528 0.000856368 0.0195642 118 74 53
-0.0159582 0.00124618 0.0193724 152 126 119
-0.0196612 -0.00668453 0.0185076 98 100 78
-0.0195312 -0.00636015 0.0186044 86 86 58
-0.0185327 -0.00571528 0.0191945 98 98 60
-0.0173401 -0.00366714 0.019418 140 136 116
-0.0168618 -0.00360907 0.0199997 134 132 112
-0.0164869 0.000976645 0.0193539 174 132 114
-0.0131791 0.00216476 0.0202241 117 83 82
-0.0191091 -0.00592849 0.0187023 140 138 114
-0.0183463 -0.00261033 0.0213587 76 65 38
-0.0196753 -0.00672676 0.0184796 92 91 72
-0.0183745 -0.00565327 0.0194507 108 112 76
-0.0182932 -0.00552698 0.019361 180 179 138
-0.0165163 -0.00324375 0.0202679 132 130 108
-0.01029 -0.00181369 0.0219789 170 138 108
-0.0184129 -0.00263792 0.0212327 154 144 110
-0.0105497 -0.00154246 0.02174 196 194 156
-0.0117361 0.000806171 0.020469 89 65 44
-0.0116536 0.000208019 0.0212452 60 34 17
-0.0117066 0.000569738 0.0208073 150 110 90
-0.00837151 -0.00481407 0.0194865 189 192 148
-0.0188678 -0.0058736 0.0189224 114 116 94
-0.0102985 -0.00128403 0.0213092 144 107 81
-0.010313 -0.00118944 0.0211613 135 100 74
-0.0136297 -0.001348 0.0204999 108 110 100
-0.00828995 -0.00484349 0.0195091 116 114 72
-0.0107162 -0.00213612 0.0224854 190 198 160
-0.0197171 -0.00659202 0.018487 74 74 55
-0.0185921 -0.00581818 0.0192261 154 153 113
-0.011499 0.000759229 0.0214488 127 105 96
-0.0206703 -0.00773147 0.0181498 83 75 38
-0.0183784 -0.0056685 0.0194485 116 118 78
-0.0197701 -0.00697619 0.0185797 153 156 107
-0.0192394 -0.00632167 0.0187759 122 122 104
-0.0131296 0.00175847 0.0199703 54 27 22
-0.0164998 -0.00321445 0.0201304 127 128 104
-0.00990773 -0.00272669 0.0219725 110 108 72
-0.0102729 -0.00205968 0.0223063 186 186 148
-0.0155342 -0.00450545 0.0210837 134 146 108
-0.0197054 -0.00663318 0.0184002 72 76 56
-0.00822704 -0.00484231 0.0194888 171 170 130
-0.00785769 -0.00505136 0.0194043 156 158 116
-0.0196282 -0.00355295 0.0216893 156 155 104
-0.0180515 -0.00535768 0.0196033 134 136 92
-0.0162941 -0.00316371 0.0203728 114 119 90
-0.0128762 0.000195579 0.0205484 62 53 38
-0.0117929 0.000573087 0.0212347 100 63 44
-0.0117257 0.000656447 0.020882 131 99 79
-0.0115833 -6.42078e-05 0.0209317 133 116 102
-0.0192596 -0.00649425 0.0188944 141 138 94
-0.0185467 -0.00572334 0.019231 97 98 68
-0.0168294 -0.00408325 0.0204156 162 162 122
-0.0178511 -0.00282847 0.0216876 180 183 143
-0.0175229 -0.0025938 0.0217319 160 161 124
-0.0117425 -0.00153808 0.0228265 186 191 152
-0.0123484 -0.00164419 0.0243833 195 190 153
-0.0134018 -0.00143444 0.021884 102 94 84
-0.0121656 -0.00132001 0.022631 186 198 160
-0.0121426 -0.00134252 0.0229867 168 179 142
-0.011563 -0.000554376 0.0223208 122 100 72
-0.011395 -0.000189834 0.0222665 63 38 18
-0.0174302 -6.64836e-05 0.0201644 104 76 64
-0.0170248 0.000186314 0.0199788 69 59 60
-0.0141777 0.000530495 0.0192121 28 12 4
-0.0175357 0.000299006 0.0199821 123 78 46
-0.0140956 0.000858787 0.0185329 155 120 112
-0.0126354 0.00111551 0.0195776 144 130 119
-0.0158048 0.000755701 0.0194533 122 92 82
-0.0172317 0.000684399 0.0202699 124 82 64
-0.0173014 0.000861301 0.0200913 136 98 86
-0.0165645 0.00102378 0.019158 150 105 85
-0.0159542 0.00128422 0.0194531 158 138 130
-0.011956 0.00198006 0.0213894 192 180 169
-0.0131564 0.00181959 0.0198009 40 20 17
-0.0142274 0.0017075 0.0193949 40 16 12
-0.0117218 0.0019469 0.0180477 102 104 84
-0.0132735 0.00256543 0.0202987 98 76 72
-0.0134872 0.00300525 0.0204987 70 38 36
-0.0127384 0.00343365 0.0220509 136 102 98
-0.0127831 0.00353444 0.0221743 61 32 29
-0.0142655 0.00355332 0.0207221 151 112 112
-0.01388 0.00460921 0.0219962 149 120 118
-0.0136754 0.00481595 0.0227488 81 42 40
-0.0150151 0.00522931 0.0223652 101 58 48
-0.0142728 0.00542455 0.0225675 123 93 92
-0.0149109 0.00532431 0.0221085 114 76 66
-0.0179386 -0.0044271 0.0191541 132 130 106
-0.016826 -0.0040864 0.0204234 170 170 128
-0.0156969 -0.00398156 0.0208437 150 154 112
-0.0184887 -0.00251243 0.0212174 164 150 106
-0.0118549 -0.00150089 0.0225768 168 175 135
-0.0119121 -0.00143364 0.0225796 183 192 152
-0.0106321 -0.000953167 0.0215283 197 194 154
-0.0106805 -0.000667743 0.021129 158 117 102
-0.0115601 0.000410425 0.021172 174 130 112
-0.0117522 0.000580781 0.0211895 78 50 32
-0.0170244 0.000131559 0.0201552 128 113 114
-0.0160025 0.00118351 0.0193467 128 82 60
-0.0131363 0.00173755 0.0198251 70 44 41
-0.0159537 0.00155782 0.01956 144 116 110
-0.0158853 0.00160424 0.0197637 72 36 28
-0.0159505 0.00161699 0.0197525 141 118 112
-0.0131057 0.00216218 0.0202229 72 46 40
-0.0179547 0.00189949 0.0224515 80 58 40
-0.0178361 0.00194233 0.0224436 60 27 12
-0.0127267 0.00345739 0.0221694 130 96 93
-0.0109869 0.00328836 0.0179006 208 194 184
-0.0170256 0.00371403 0.0223333 156 126 116
-0.0138721 0.00465354 0.0222001 138 109 107
-0.0139146 0.00471936 0.0221432 126 100 98
-0.0143043 0.00534535 0.0226382 154 124 122
-0.0171005 -0.00436828 0.0201957 159 158 116
-0.0108876 -0.00210734 0.0233477 198 202 162
-0.0130486 -0.00154976 0.0226121 155 146 122
-0.0104295 -0.000872329 0.0211626 184 152 136
-0.0168875 0.000320947 0.0202303 58 30 22
-0.0141373 0.000793194 0.0185225 53 26 17
-0.0159184 0.000736703 0.0193014 71 28 13
-0.0180307 0.00104368 0.022204 190 180 156
-0.0165419 0.00103091 0.0194096 176 131 110
-0.0160207 0.00127293 0.0195327 54 18 8
-0.0130694 0.00174744 0.0198011 125 102 98
-0.0179311 0.0018913 0.0222982 82 62 44
-0.0163517 0.00193175 0.0202031 48 14 4
-0.0125786 0.00287621 0.0216111 92 62 59
-0.0132965 0.00299715 0.0208985 87 57 56
-0.0177303 0.0029204 0.0230912 84 54 35
-0.0136875 0.00408051 0.0216975 148 126 124
-0.0135995 0.00470772 0.0224504 94 53 51
-0.0140593 0.00475776 0.022155 130 94 96
-0.0159597 -0.00267093 0.0205285 143 142 110
-0.0118616 -0.00146476 0.0229352 194 204 164
-0.0104431 -0.00083142 0.0211539 181 150 134
-0.0117845 -0.000810628 0.0219825 118 101 66
-0.011951 0.00060094 0.0203917 134 113 100
-0.0172226 0.000163427 0.0197883 112 84 62
-0.0170555 0.000224116 0.0201131 56 41 34
-0.0173206 0.000382048 0.0200653 108 68 43
-0.0180434 0.000793013 0.021868 120 92 70
-0.0159491 0.00124908 0.0193239 164 140 132
-0.0129709 0.00173267 0.0199564 74 50 48
-0.0131411 0.00178019 0.0199497 45 20 16
-0.0122286 0.00203068 0.0210092 61 36 34
-0.0179133 0.00157216 0.0222178 66 28 10
-0.0131634 0.00217429 0.0202472 138 110 108
-0.0131159 0.00216909 0.0201365 67 42 36
-0.017805 0.00206028 0.0224116 156 140 122
-0.0176873 0.0027917 0.0226218 152 126 104
-0.0136111 0.00326938 0.0206933 75 46 42
-0.0134849 0.00333145 0.0210535 148 133 132
-0.017802 0.00324991 0.0233559 104 81 58
-0.013445 0.00349415 0.0211859 68 38 38
-0.017015 0.00364677 0.0220982 156 124 114
-0.013125 0.00417441 0.0223749 92 58 54
-0.0136381 0.00471038 0.0224153 94 56 53
-0.0143819 0.00518012 0.0221701 138 106 104
-0.0142729 0.00535191 0.0223939 132 100 98
-0.0196775 -0.00674345 0.018596 112 110 92
-0.0103505 -0.00123401 0.0211334 150 112 86
-0.0109757 0.000114773 0.0212146 159 152 126
-0.0112761 0.000279444 0.020948 162 120 106
-0.0116505 0.000394766 0.0209035 156 114 91
-0.0174 -4.6288e-05 0.0201424 102 74 60
-0.0169984 0.00014565 0.0197251 172 160 165
-0.0142226 0.000532397 0.018925 36 21 10
-0.0142205 0.000759269 0.0182616 30 14 8
-0.0178586 0.000957306 0.0217198 156 117 94
-0.0119718 0.00171668 0.0213641 75 54 46
-0.0130966 0.00155993 0.0199301 48 20 13
-0.013085 0.00174723 0.0199227 89 65 62
-0.0122758 0.00203019 0.0209507 68 41 38
-0.0128035 0.00207126 0.0203278 98 68 64
-0.017086 0.00302886 0.0219975 130 96 87
-0.0112709 0.00340589 0.0186909 150 126 112
-0.0175592 0.00344471 0.0226433 122 100 82
-0.0139078 0.00467709 0.0221741 114 86 83
-0.0141161 0.0046946 0.0221702 140 104 104
-0.0141232 0.00519631 0.0225551 94 56 55
-0.0184564 -0.00268689 0.0213204 191 188 150
-0.0116616 0.000374699 0.02077 158 118 95
-0.0113923 0.000454357 0.0210987 114 76 50
-0.0179375 0.000978962 0.0220589 130 93 71
-0.0180984 0.00156795 0.0223936 168 146 119
-0.0177587 0.00173885 0.0222359 60 22 8
-0.0180361 0.00179041 0.0226175 187 176 152
-0.0133483 0.00219436 0.0200012 60 36 34
-0.0178317 0.00326902 0.0234646 147 130 106
-0.0158805 0.00459947 0.0206281 80 36 29
-0.0195306 -0.00346559 0.0212291 184 182 134
-0.0153324 -0.00259573 0.0210059 204 211 164
-0.0102889 -0.00208935 0.0223389 140 142 106
-0.0105286 -0.0018327 0.0220583 68 54 20
-0.0107129 -0.000649897 0.0212122 170 131 116
-0.0109476 0.00011841 0.0211483 154 157 122
-0.011171 0.00014834 0.0211715 206 168 158
-0.0114055 0.000456698 0.0210876 130 94 70
-0.0118523 0.00089174 0.0197341 171 148 126
-0.0127237 0.00171573 0.0202478 70 42 36
-0.0132407 0.00177736 0.0198712 68 35 30
-0.0179243 0.00161861 0.0222314 64 30 16
-0.0142787 0.00532933 0.0224803 132 99 96
-0.0103176 -0.00125797 0.0214085 166 130 106
-0.017836 0.00114812 0.0209745 99 67 46
-0.0181028 0.0015092 0.0224104 174 154 126
-0.0132012 0.00295962 0.0210834 125 90 86
-0.0135155 0.0033276 0.0210895 81 58 55
-0.0197714 0.00263245 0.0145117 170 162 148
-0.0171036 -0.00330712 0.0196216 140 137 114
-0.0116618 0.000480157 0.0207739 97 58 36
-0.0151265 0.00019159 0.0167272 116 122 84
-0.0126544 0.00114461 0.0189293 133 118 106
-0.0131818 0.0021479 0.0200824 136 111 109
-0.0124322 0.00293626 0.0218281 34 15 11
-0.0134815 0.0032853 0.0208734 153 130 129
-0.0142818 0.00534944 0.0226126 126 94 91
-0.0145802 0.00530737 0.02229 130 103 96
-0.0185424 -0.00572538 0.0192272 97 100 62
-0.0182931 -0.00481814 0.0190388 124 122 98
-0.0102287 -0.00192048 0.0220839 142 126 90
-0.0184389 -0.00267716 0.0214522 178 170 132
-0.0131668 0.00109154 0.0195079 143 104 82
-0.0178374 0.00221959 0.0228133 88 60 42
-0.0124407 0.00294991 0.0218 40 22 19
-0.0126183 0.00298188 0.0216578 80 52 48
-0.0134902 0.00328196 0.0208949 138 117 114
-0.0110997 0.00332284 0.0179564 152 138 129
-0.0141282 0.00353016 0.0207535 147 104 102
-0.0137144 0.00409459 0.0216366 134 106 104
-0.0143658 0.00516239 0.0221516 119 83 80
-0.0192563 -0.00639633 0.0187744 99 98 76
-0.0195716 -0.00353469 0.0216436 150 149 97
-0.0187739 -0.00329975 0.0216451 160 160 108
-0.0178784 -0.00287018 0.0215628 165 168 118
-0.0105468 -0.00157484 0.0218316 178 170 134
-0.01142 0.000383011 0.0210065 122 80 58
-0.0170622 0.000208181 0.0201538 46 36 34
-0.0129834 0.00103414 0.019296 79 62 52
-0.0131237 0.00176908 0.0199893 56 27 22
-0.0130983 0.00214967 0.0202101 79 52 49
-0.0131853 0.00214772 0.0201093 109 80 78
-0.013056 0.00222231 0.0204468 51 31 26
-0.0138944 0.00466348 0.0219979 151 126 122
-0.0196799 -0.00659443 0.0185073 104 104 82
-0.0189439 -0.00556005 0.018916 94 89 59
-0.0104843 -0.00159714 0.0220807 169 158 124
-0.0107246 -0.000660526 0.0209711 150 109 93
-0.0133086 0.00219587 0.0199899 48 24 18
-0.0114891 0.00227734 0.0178532 92 92 74
-0.0132917 0.00301313 0.0208531 46 22 21
-0.0112454 0.00339644 0.0181172 92 63 47
-0.0105032 -0.00155202 0.0219099 180 177 138
-0.0129259 0.00104088 0.0191758 84 68 52
-0.0142513 0.00533632 0.0225118 130 96 92
-0.0101839 -0.00145132 0.021716 188 170 142
-0.0109967 0.000106303 0.0210163 147 148 114
-0.0165634 0.00101102 0.0194978 176 131 112
-0.0137129 0.00478248 0.0225032 78 40 39
-0.0146496 0.00479301 0.0208311 96 58 48
-0.0183928 -0.00566042 0.0194028 122 124 80
-0.0130452 -0.00137431 0.0204563 162 159 132
-0.0115602 -0.000918006 0.0226099 154 142 106
-0.018231 -0.000384406 0.0164414 184 178 154
-0.0140784 0.000830688 0.0189631 84 52 40
-0.0104304 -0.00194603 0.0223367 71 54 20
-0.0192028 -0.00629951 0.0187873 120 120 98
-0.0109307 0.000129514 0.0214538 130 133 96
-0.0141643 0.00526903 0.0226823 138 98 94
-0.0195207 -0.00673299 0.0187387 152 150 107
-0.0194801 -0.00350601 0.021587 179 178 128
-0.0102264 -0.00192725 0.0222509 136 116 80
-0.010148 -0.0018311 0.0222248 190 180 147
-0.0195637 -0.00350707 0.0215424 161 160 108
-0.0106793 -0.00218363 0.0225816 190 199 159
-0.0102774 -0.00205923 0.022325 188 194 152
-0.0106721 -0.00167189 0.0222307 131 132 98
-0.0101956 -0.00195222 0.0223213 146 131 96
-0.0106659 -0.00166996 0.0222764 124 126 91
-0.0160527 -0.00311297 0.0205751 125 126 94
-0.0159439 0.00239198 0.0201974 133 109 102
-0.0103646 -0.00193968 0.0222514 100 78 42
-0.0159548 0.00237237 0.0202204 140 112 106
-0.0154409 0.0053704 0.0226327 113 88 71
-0.0185576 -0.00573472 0.0192458 92 96 63
-0.0195127 -0.00649258 0.0188863 116 112 92
-0.019733 -0.00660526 0.0184706 71 73 49
-0.0192737 -0.0064377 0.0188355 106 108 82
-0.0195226 -0.00636468 0.0186503 76 77 54
-0.019501 -0.00635467 0.0186416 77 78 54
-0.0151361 0.00529061 0.0228139 148 110 106
-0.0132206 0.000713519 0.0233703 96 74 62
-0.0197197 0.00264942 0.014374 120 110 92
-0.0196403 -0.00666457 0.0184709 90 88 67
-0.0167259 -0.00196155 0.0194642 141 136 98
-0.0154998 0.00605167 0.0265189 124 99 91
-0.01584 0.00199583 0.0243366 46 18 12
-0.0177733 0.000798668 0.0324717 98 60 39
-0.00985172 -0.00272011 0.0221867 141 140 96
-0.0125888 -0.000633391 0.031498 121 100 80
-0.0132434 -0.00155824 0.02107 157 158 128
-0.0154092 0.00101182 0.0177286 191 147 126
-0.0114396 -0.00020347 0.0224637 84 56 38
-0.0129854 0.000968941 0.0207693 95 74 61
-0.012934 0.00104869 0.0192009 77 62 44
-0.0129345 0.00104374 0.0192414 80 65 48
-0.0154438 0.000834536 0.0162673 150 131 104
-0.0114859 -0.000910347 0.0227104 188 184 150
-0.0112402 -0.000371032 0.0213985 182 190 148
-0.0195048 -0.00673257 0.0187446 113 114 72
-0.0196887 -0.00661948 0.0185938 109 110 90
-0.0149757 -0.00438243 0.0213459 152 153 108
-0.010836 -0.00333153 0.0196651 86 94 70
-0.0165356 -0.00375472 0.0205365 118 120 79
-0.0160338 -0.00309144 0.0206022 96 99 66
-0.0106868 -0.00215802 0.0225789 128 136 98
-0.0103089 -0.00201753 0.02234 162 163 122
-0.0129144 -0.00184314 0.0202811 112 115 102
-0.0103137 -0.00167431 0.0216977 86 56 26
-0.0106992 -0.00164486 0.0220795 154 157 119
-0.0117944 -0.00150791 0.0225575 154 163 124
-0.0180124 -0.00187815 0.0205461 163 152 114
-0.0142573 -0.000825115 0.0215818 152 152 148
-0.014067 -0.000588344 0.0216666 90 88 80
-0.0142914 -0.000532384 0.0216309 126 126 114
-0.0115668 -9.63835e-06 0.021513 50 28 12
-0.0115483 6.84152e-05 0.0204017 186 156 136
-0.0109354 0.000148496 0.021591 108 106 79
-0.0178127 -0.000196786 0.0199854 84 42 26
-0.0113443 0.000662772 0.0208149 113 71 50
-0.0122481 0.000572842 0.019862 24 15 4
-0.0171143 0.000142597 0.0204119 192 184 195
-0.0169763 0.000172714 0.0200288 136 124 129
-0.0113789 0.000837041 0.0208513 98 65 49
-0.0126961 0.00114993 0.0191889 136 116 104
-0.0130675 0.00177429 0.0198194 106 86 84
-0.0130225 0.00181246 0.0198336 28 9 6
-0.0127369 0.00207108 0.0204041 60 32 28
-0.0144195 0.00242536 0.019855 123 100 92
-0.0126145 0.00344648 0.0222922 68 34 28
-0.0128011 0.00352075 0.0219804 50 20 15
-0.013549 0.00328127 0.0208783 46 20 16
-0.0134797 0.00351656 0.0211995 44 18 16
-0.0148249 0.00514158 0.0221645 70 30 24
-0.0145298 0.00521828 0.0222777 116 80 76
-0.0206737 -0.00774138 0.0181599 89 84 38
-0.02002 -0.00723561 0.0184565 116 117 66
-0.019629 -0.00685901 0.0189222 158 158 112
-0.0195129 -0.00673355 0.0187536 113 114 76
-0.0195041 -0.00646845 0.0187536 70 69 48
-0.00834882 -0.00480542 0.0193635 121 122 75
-0.0108354 -0.00333177 0.0196461 80 86 62
-0.0111595 -0.00312438 0.0197501 84 89 72
-0.0165227 -0.00374049 0.0204312 121 124 81
-0.0117502 -0.00270222 0.0199621 84 90 72
-0.0159624 -0.00316858 0.0208219 126 131 84
-0.0120763 -0.00248839 0.0204864 100 104 90
-0.0101631 -0.0018307 0.0222012 169 157 122
-0.0105417 -0.0017024 0.0225432 112 106 72
-0.0184742 -0.00250927 0.0212346 130 110 68
-0.010186 -0.00142416 0.0216251 171 156 124
-0.0130484 -0.0016258 0.023581 108 98 80
-0.0136307 -0.00133622 0.0205376 98 102 90
-0.0181904 -0.00166326 0.0200814 124 73 46
-0.0117417 -0.000830526 0.0224255 85 71 42
-0.0142598 -0.000815651 0.0212867 154 154 151
-0.01395 -0.000773994 0.0216515 94 90 83
-0.0143129 -0.000516713 0.0216265 118 118 108
-0.0171806 7.92095e-05 0.020263 40 25 14
-0.0170825 0.000135338 0.0203211 161 152 160
-0.0173146 0.000383504 0.0200171 88 50 24
-0.0170376 0.000938294 0.0197646 62 26 17
-0.0125858 0.00164511 0.0199275 72 39 36
-0.0122286 0.00200257 0.0207839 42 18 14
-0.0131814 0.00215612 0.0200867 96 68 66
-0.0132793 0.00250699 0.0202979 122 99 98
-0.0133968 0.00297705 0.0207252 104 74 70
-0.013319 0.003007 0.0208822 38 20 18
-0.0134856 0.00328803 0.0209073 120 98 96
-0.0135312 0.00344511 0.021045 104 84 83
-0.0129988 0.00407139 0.022493 124 90 86
-0.0129968 0.00397212 0.0218287 100 66 61
-0.0144993 0.00360872 0.020592 90 46 40
-0.0148142 0.00510614 0.022105 70 30 26
-0.0145021 0.00523591 0.0224035 68 32 28
-0.0117381 -0.00271406 0.0199344 70 76 59
-0.0165116 -0.00259839 0.0198466 100 102 74
-0.0152873 -0.0024758 0.020431 156 158 114
-0.016493 -0.00252055 0.0198331 66 69 38
-0.0103342 -0.00202234 0.022201 152 152 114
-0.0183065 -0.00259022 0.0212479 46 36 12
-0.0102692 -0.00168689 0.0219129 95 66 36
-0.0102839 -0.00128395 0.0213355 130 94 68
-0.0121156 -0.00136535 0.0231738 164 173 133
-0.0139523 -0.000782214 0.0216502 88 84 78
-0.0113509 1.98861e-05 0.0209074 82 37 11
-0.0116807 0.000427226 0.0208699 122 81 56
-0.0118462 0.00057198 0.0206274 45 20 6
-0.0172002 8.27486e-05 0.0203706 40 24 12
-0.0128687 0.00107741 0.0193671 30 21 6
-0.0124867 0.00128161 0.0194989 146 128 122
-0.0178369 0.000935183 0.0216053 126 90 68
-0.0164613 0.000987984 0.0194156 156 110 88
-0.0142806 0.00130126 0.0191394 96 58 44
-0.0131155 0.00174066 0.0199159 52 26 23
-0.0177591 0.00200504 0.0222552 132 110 91
-0.0129839 0.00410113 0.0226271 122 86 82
-0.014868 0.00505809 0.0221979 116 78 72
-0.0150716 0.00512938 0.0221852 122 76 60
-0.0149945 0.00518717 0.0221851 86 40 26
-0.0149306 0.00534776 0.0222374 97 60 46
-0.0195044 -0.00673297 0.0187367 129 129 86
-0.0195522 -0.00639017 0.0186642 68 68 38
-0.0165254 -0.00377154 0.0205342 145 146 100
-0.0159609 -0.00317581 0.0208645 141 146 97
-0.0164972 -0.0025859 0.019707 96 98 70
-0.0129141 -0.00186324 0.020228 74 77 62
-0.0103219 -0.00165498 0.0216659 95 64 34
-0.0184611 -0.00249181 0.0211911 138 117 76
-0.0106771 -0.00164224 0.0220777 124 123 86
-0.0102786 -0.00127549 0.0213409 125 88 62
-0.0118653 -0.00149261 0.0225809 140 152 109
-0.0121244 -0.00136589 0.0232039 162 172 131
-0.0108011 -0.00068335 0.0210866 164 124 110
-0.0141913 -0.000758911 0.0211594 119 120 110
-0.0140685 -0.000277164 0.0218216 12 8 2
-0.0115331 4.47579e-05 0.0217596 82 63 48
-0.011256 0.000262736 0.0208646 128 80 64
-0.0116079 0.000245021 0.0212344 40 19 8
-0.0116576 0.000416492 0.0208852 142 96 72
-0.0174383 -7.16189e-05 0.0203221 76 50 40
-0.0117358 0.000593639 0.02093 120 84 62
-0.0117083 0.000690577 0.0206017 56 25 6
-0.011411 0.000731209 0.0205349 142 107 94
-0.0170765 0.000136726 0.0201748 142 132 138
-0.0114222 0.000851183 0.0205597 106 74 58
-0.0165021 0.000842966 0.0192703 102 56 29
-0.0170142 0.000936178 0.0196571 64 28 18
-0.0127561 0.0020819 0.0204503 64 36 32
-0.0123382 0.0023581 0.0212092 110 84 80
-0.0135956 0.0033065 0.0208574 56 27 22
-0.0130214 0.00402721 0.0222126 116 80 77
-0.0146669 0.00440807 0.0217125 78 27 22
-0.0147881 0.00510196 0.0220839 70 28 24
-0.0165399 -0.00674506 0.0218546 106 112 79
-0.0115171 -0.00289663 0.0198494 58 64 40
-0.010419 -0.00191789 0.0222615 53 36 8
-0.0130636 -0.00145115 0.0234023 28 11 2
-0.0104677 -0.000829188 0.0211933 162 124 113
-0.0106816 -0.00077466 0.0207728 184 146 136
-0.0117389 -0.000811281 0.0221487 91 74 40
-0.0114413 -0.000511683 0.022702 107 87 64
-0.0116588 0.000220394 0.0209545 38 19 8
-0.0125685 0.000354898 0.0203115 53 48 35
-0.0116792 0.000743442 0.0217369 142 118 105
-0.017239 0.000148753 0.0197837 80 50 28
-0.0173615 0.000383128 0.0202186 85 46 20
-0.0127157 0.00108958 0.0191951 96 82 70
-0.0132893 0.00110945 0.0193471 146 107 88
-0.0165179 0.000845686 0.0193073 102 57 30
-0.0141856 0.00119104 0.019024 174 144 141
-0.0129847 0.00179806 0.0198895 16 8 4
-0.0144981 0.00522911 0.0223254 90 54 50
-0.019285 -0.00643082 0.0188392 98 96 76
-0.0195237 -0.00636842 0.0186798 54 58 32
-0.0187953 -0.00541772 0.0189156 62 66 38
-0.0130932 -0.00148369 0.0235635 28 12 3
-0.0173571 -0.00122604 0.0215657 102 84 60
-0.0116064 0.00019322 0.0212915 44 26 15
-0.0114428 0.000451962 0.0208212 98 58 33
-0.0143493 0.00199872 0.0194896 100 75 70
-0.0132941 0.00295177 0.0206486 38 18 16
-0.0135881 0.003352 0.0211229 57 28 22
-0.0147749 0.00445427 0.0217644 101 70 64
-0.0150479 0.00505472 0.022106 72 26 13
-0.0143851 0.00532002 0.0226227 138 108 105
-0.0190606 -0.00586512 0.018677 116 110 88
-0.018167 -0.0021899 0.0221845 72 42 18
-0.0114906 -0.000913701 0.0225876 164 171 129
-0.017758 -0.00116194 0.020259 167 154 106
-0.0114954 -0.000213693 0.0219951 32 12 2
-0.0180001 0.00102213 0.0220257 161 147 122
-0.0143895 0.00199451 0.0195461 48 18 11
-0.0151762 0.00515798 0.0222232 147 100 84
-0.0200365 -0.0033227 0.0211794 94 87 43
-0.0145403 -0.000573251 0.0205153 62 68 53
-0.0173305 -0.000101066 0.0213505 84 74 64
-0.0123478 0.00199053 0.0205716 75 49 44
-0.0195704 -0.00637853 0.0186225 56 54 26
-0.0183767 -0.00566404 0.0194448 86 91 49
-0.0171059 -0.00436451 0.0201991 104 106 62
-0.0111752 -0.00310935 0.0197703 92 98 79
-0.0121305 -0.00241573 0.0200477 101 104 92
-0.0150645 0.00515563 0.0222336 136 88 72
-0.0142041 -0.00097671 0.0212001 115 116 112
-0.0131744 0.00214652 0.0201082 98 68 65
-0.0144286 0.00241772 0.0198986 114 87 82
-0.0146166 0.00369495 0.02085 128 102 98
-0.0192705 -0.00650068 0.0189057 114 112 69
-0.0192384 -0.00596948 0.0187389 54 56 34
-0.0112012 0.00338401 0.0183844 170 164 156
-0.0131086 0.00415973 0.0222787 54 25 22
-0.0146514 0.00378657 0.0209144 120 96 94
-0.0144702 0.00522877 0.0223484 72 38 32
-0.0142477 0.00534722 0.0225301 87 52 46
-0.0193421 -0.00638703 0.0187079 109 108 88
-0.0191041 -0.00592717 0.0187481 102 102 78
-0.0171469 -0.00436453 0.0202171 89 93 54
-0.010965 0.00342203 0.0181107 78 46 22
-0.0105666 -0.00167796 0.0220063 64 50 20
-0.0195228 -0.00638823 0.0186355 64 64 38
-0.0140586 -0.000237661 0.0216647 14 11 3
-0.0144947 0.00526438 0.0223223 86 52 48
-0.0195513 -0.00636896 0.018612 60 60 32
-0.014562 0.00521232 0.0223184 103 66 64
-0.0142692 0.00531181 0.0225961 102 70 64
-0.0178411 0.00061386 0.0210495 95 58 34
-0.0189612 -0.00623025 0.0190448 107 104 58
-0.0187906 -0.00544708 0.0189057 62 64 40
-0.0195648 -0.00639864 0.0187123 62 64 32
-0.0131348 0.00182821 0.0197862 30 9 6
-0.013012 0.00180676 0.0198392 26 8 6
-0.0115842 8.69823e-05 0.0199528 69 41 23
-0.017994 0.000760936 0.0215883 86 58 36
-0.0127489 -0.00588189 0.0219365 148 154 108
-0.0118567 0.000503564 0.0204688 55 26 11
-0.0180054 0.000753447 0.0216639 84 56 33
-0.0146348 0.00378222 0.0209463 118 98 94
-0.0137056 0.00403274 0.0214869 115 93 90
-0.0106077 -0.00146849 0.0213856 156 155 113
-0.0146314 0.0036918 0.0209524 112 87 81
-0.0179133 0.000574649 0.0215525 72 36 14
-0.0109646 0.00334683 0.0182578 145 128 114
-0.0180002 0.00101446 0.0220228 138 121 94
-0.0110995 0.00318031 0.0178286 172 162 152
-0.0206513 -0.00779726 0.0181472 90 84 39
-0.0106088 -0.00774143 0.0219375 92 100 58
-0.0199964 -0.00721547 0.0184182 93 94 48
-0.0183259 -0.00555376 0.0193361 88 92 60
-0.0114605 -0.00291697 0.0198771 84 92 72
-0.016227 -0.00345789 0.0205583 106 112 71
-0.0145943 -0.00325633 0.0210095 132 138 90
-0.0117194 -0.00274339 0.020164 76 84 66
-0.0161887 -0.00290457 0.0202401 84 88 58
-0.0192081 -0.00344446 0.0216272 119 118 66
-0.0187677 -0.00329235 0.0216294 94 94 42
-0.0159375 -0.0026466 0.0204421 84 88 56
-0.0165256 -0.00260498 0.0198805 96 99 72
-0.0166262 -0.00191344 0.0218792 148 150 110
-0.0179821 -0.0018557 0.0203839 154 142 104
-0.0138151 -0.00111186 0.0217532 58 54 46
-0.0178249 -0.00136539 0.0198588 144 132 92
-0.0116535 -0.000683703 0.0231058 80 50 28
-0.0113751 -0.00049896 0.0229391 159 135 108
-0.0114526 -0.000466898 0.0225167 144 121 96
-0.0116867 0.000470735 0.0208545 128 84 60
-0.0117832 0.000745019 0.0203706 152 124 114
-0.0114474 0.00108998 0.0214323 93 68 56
-0.0127028 0.00106545 0.018913 92 78 62
-0.017861 0.000846974 0.0211111 66 42 17
-0.0130483 0.00172533 0.0197466 110 86 82
-0.0142691 0.00165704 0.0192736 86 53 48
-0.0112885 0.001835 0.0179866 126 126 108
-0.0143144 0.00197122 0.0194814 113 90 85
-0.0143437 0.00204635 0.019554 109 85 80
-0.0145551 0.00320976 0.0205705 104 64 56
-0.014485 0.00360827 0.0204701 111 66 56
-0.0146458 0.00382476 0.0209668 118 92 88
-0.0146743 0.00432805 0.0214038 68 23 16
-0.0148074 0.00433208 0.0213841 70 25 16
-0.0138764 0.00460031 0.0219723 127 98 95
-0.0139139 0.0047279 0.0220952 122 94 92
-0.0148713 0.00502832 0.0220556 121 85 76
-0.0149943 0.00522126 0.0222504 81 36 21
-0.0190311 -0.00626919 0.0190116 144 145 96
-0.0185787 -0.00569655 0.0191492 92 96 67
-0.016282 -0.00350809 0.0207903 106 111 69
-0.0120949 -0.00243594 0.0200266 62 68 52
-0.0104127 -0.00192313 0.0223199 54 35 5
-0.0113924 -0.000504466 0.0230256 139 116 90
-0.0113625 2.19486e-05 0.0210186 97 53 17
-0.0178031 -0.000367359 0.0196076 90 50 29
-0.0117333 0.000561898 0.0207841 111 72 52
-0.0170894 0.000153263 0.019927 105 92 88
-0.0146419 0.000650755 0.0190329 38 16 6
-0.014823 0.000718326 0.0191014 23 6 2
-0.0146541 0.000778306 0.0195155 40 18 14
-0.0179778 0.0006278 0.0214843 128 104 77
-0.0168149 0.000766451 0.0195299 90 44 21
-0.0129954 0.00111879 0.0193902 80 47 26
-0.0130217 0.00181072 0.0199436 27 14 8
-0.0145373 0.00318662 0.0204411 96 53 46
-0.0113055 0.00327991 0.0184395 96 81 70
-0.0110213 0.00324727 0.0177004 158 144 134
-0.0142422 0.00353092 0.0205351 110 66 61
-0.0146244 0.00367469 0.0208282 106 76 72
-0.0137106 0.00407117 0.0215629 114 85 84
-0.0147304 0.0043338 0.0213755 111 74 64
-0.0135572 0.00507473 0.0229812 82 51 48
-0.019281 -0.00641603 0.0188395 60 61 40
-0.0189886 -0.00623524 0.0189124 144 145 96
-0.0189411 -0.0062086 0.0190031 90 90 51
-0.0165275 -0.00375111 0.0205328 106 109 68
-0.010421 -0.00192048 0.0222868 48 30 2
-0.01055 -0.00161015 0.0219852 140 136 98
-0.0166119 -0.00191579 0.0218481 160 164 120
-0.0119233 -0.00146156 0.0227423 153 165 123
-0.017744 -0.000374282 0.019409 95 58 36
-0.0123168 0.000522133 0.0197156 52 48 38
-0.0176539 0.000190021 0.0199022 161 124 96
-0.0179947 0.000807855 0.0214845 87 61 38
-0.0144074 0.0023975 0.0198021 101 76 69
-0.0141321 0.00353891 0.0207937 108 65 59
-0.0142632 0.00354523 0.020702 104 60 56
-0.0113337 0.00334287 0.0183097 93 72 58
-0.0137049 0.00404265 0.0215115 114 85 84
-0.0129673 0.00471961 0.0237185 86 48 42
-0.0158703 0.00443976 0.0217623 116 78 68
-0.0144425 0.00521046 0.0222859 68 28 20
-0.0192873 -0.0060056 0.0188507 47 49 27
-0.0183614 -0.00566268 0.0194303 94 97 52
-0.011479 -0.00290889 0.0198631 78 84 63
-0.0117473 -0.00269322 0.0198991 59 68 49
-0.0185028 -0.00316937 0.0220998 100 103 57
-0.0128951 -0.00186664 0.0202946 90 95 81
-0.0143408 -0.0018868 0.0198567 71 71 28
-0.0178957 -0.00181969 0.0200937 122 108 72
-0.0178191 -0.000216873 0.0196336 162 142 118
-0.0140686 0.000822847 0.0183381 102 70 60
-0.0168041 0.000752677 0.0194539 84 38 16
-0.0129423 0.00129127 0.0192261 105 70 56
-0.014471 0.00280086 0.0201053 121 92 86
-0.0127275 0.00340562 0.0218952 98 70 70
-0.0142566 0.00353626 0.0206676 104 60 56
-0.0112207 0.00330214 0.0180253 160 148 138
-0.0146471 0.00373031 0.0208913 114 88 86
-0.0129502 0.004676 0.0235169 86 48 42
-0.0158648 0.00451146 0.02185 116 90 85
-0.0195171 -0.00673846 0.0187458 105 104 70
-0.0167994 -0.00774299 0.0226802 112 117 74
-0.0192648 -0.00640542 0.0188049 48 50 30
-0.0189711 -0.00623465 0.019046 114 115 70
-0.0114995 -0.00291137 0.0199276 60 66 46
-0.0117885 -0.00265641 0.0197866 48 56 36
-0.0208065 -0.00322076 0.0219161 96 74 26
-0.0183963 -0.00248864 0.0210428 128 110 65
-0.0105951 -0.00159811 0.0220081 157 162 121
-0.0116809 0.000396128 0.0209155 126 84 59
-0.0130931 0.00219327 0.0202633 34 16 12
-0.0128919 0.00404262 0.0224392 53 23 16
-0.0148271 0.00433066 0.0212634 60 18 10
-0.0147548 0.0043844 0.0212985 87 52 45
-0.0149199 0.00454348 0.0216999 52 18 12
-0.0139221 0.00466868 0.0220437 88 60 56
-0.0180333 -0.00533273 0.0194832 112 113 66
-0.0195639 -0.00347638 0.0214946 105 104 57
-0.010273 -0.00209134 0.0224131 154 158 114
-0.0184459 -0.00268962 0.0212472 134 133 91
-0.017932 -0.0017698 0.0233087 142 129 92
-0.0125681 0.00126752 0.0189887 152 132 131
-0.0145812 0.00130076 0.018846 85 38 16
-0.0144544 0.00243946 0.0200086 76 49 42
-0.0135208 0.00336696 0.0208214 78 56 54
-0.0112345 0.00330691 0.0181735 162 150 139
-0.011045 0.00326393 0.017873 158 148 142
-0.0146221 0.00371428 0.0206962 98 71 66
-0.0148803 0.00442941 0.0216433 64 19 11
-0.0146915 0.00502025 0.0216954 74 26 19
-0.00777612 -0.00514987 0.0198072 136 136 84
-0.0115758 2.07709e-05 0.0220604 66 36 20
-0.017075 -7.18576e-05 0.0201247 71 61 53
-0.0118747 0.000498048 0.0207168 54 24 14
-0.0174686 0.000114161 0.0204987 82 50 32
-0.0170758 0.000270187 0.0202421 42 28 19
-0.0165774 0.000996991 0.0193366 143 96 72
-0.0143298 0.00542988 0.0228145 92 60 54
-0.0195985 -0.00656161 0.0180989 42 50 25
-0.0181575 -0.00543287 0.0198267 91 92 49
-0.0176157 -0.00113324 0.0197057 151 152 100
-0.0156735 -0.00590639 0.0218866 108 118 70
-0.0120831 -0.00244697 0.0200668 80 86 72
-0.0149395 0.00505718 0.0220106 69 26 14
-0.0160874 -0.00290786 0.0203757 71 76 46
-0.0116341 0.000466647 0.0207285 104 62 36
-0.0119217 0.000574042 0.0206001 40 13 4
-0.014328 0.00197449 0.0194801 110 87 83
-0.0146637 0.00432571 0.0214095 86 38 28
-0.0148053 0.00431704 0.0213524 95 43 32
-0.013924 0.00474563 0.0222051 124 98 96
-0.0199981 -0.00722145 0.0184299 104 108 57
-0.0173678 -0.004654 0.0198976 114 116 72
-0.0184312 -0.00267172 0.021401 142 132 97
-0.0180922 -0.00184742 0.0204592 90 61 36
-0.0126267 0.00115562 0.0186877 102 84 69
-0.0130062 0.00178624 0.0198621 32 16 15
-0.0111386 0.00215326 0.0177409 122 121 102
-0.0196092 0.00258736 0.0142293 101 92 72
-0.0206291 -0.00774397 0.0181106 88 79 37
-0.0173899 -0.00467439 0.0199461 108 111 68
-0.0159521 -0.00266039 0.0203608 92 92 64
-0.0101585 -0.001964 0.0226405 125 110 76
-0.0135239 0.00342455 0.0210501 116 97 95
-0.0148954 0.00447562 0.0219504 90 55 49
-0.0144833 0.00524897 0.0223753 88 51 44
-0.0197316 -0.00660423 0.0184733 47 50 29
-0.0178176 0.000622485 0.0209734 90 59 32
-0.0144869 0.0028117 0.0201343 108 78 72
-0.0137125 0.00402305 0.0214794 74 40 39
-0.0159096 0.00453912 0.0219666 109 83 80
-0.0079692 -0.00480948 0.0192336 50 50 20
-0.0105798 -0.0015782 0.0218717 142 141 104
-0.0136944 0.00398055 0.0213769 116 80 80
-0.0197993 -0.00698676 0.0185866 86 94 54
-0.0141499 0.00117675 0.0187911 159 128 124
-0.00990611 -0.00264592 0.0222858 84 76 40
-0.0158965 0.00387377 0.0213589 122 90 86
-0.0144705 0.00524846 0.0223465 72 34 28
-0.0142797 0.00543978 0.0225165 93 62 58
-0.0114959 -0.00289256 0.019856 70 78 58
-0.0197501 -0.00697382 0.018574 96 99 54
-0.0186238 -0.00590433 0.0191822 92 90 52
-0.0144706 0.00279445 0.0201137 103 73 66
-0.012111 0.00216811 0.0233208 44 22 16
-0.0192433 -0.00597533 0.0187398 45 50 24
-0.0102172 -0.00202323 0.0222022 126 124 85
-0.0192615 -0.00600558 0.0186452 56 56 30
-0.0144809 0.00282102 0.0201444 116 87 78
-0.010552 -0.00775449 0.0220436 80 87 42
-0.0169431 0.00124351 0.025633 146 106 78
-0.0156816 0.00614058 0.0268843 84 47 38
-0.0187622 -0.00552618 0.0188873 86 84 60
-0.0129763 -0.00147076 0.0219229 113 97 67
-0.0196424 -0.00666417 0.018487 56 57 34
-0.0142907 0.00542916 0.022747 83 49 42
-0.00994793 -0.00275934 0.0222713 69 59 18
-0.0244783 -0.00353536 0.0486276 134 128 104
-0.018843 -0.00585312 0.018852 84 86 63
-0.0117346 0.000741321 0.0204523 52 24 4
-0.0159909 -0.00647508 0.0222378 127 131 84
-0.0121805 -0.00208793 0.0242329 71 74 39
-0.012274 -0.00201949 0.0242513 133 133 99
-0.0128794 -0.00161046 0.0240126 151 142 112
-0.0131008 0.00174308 0.0200047 76 55 50
-0.0146219 0.00367474 0.0207929 122 96 95
-0.0133154 0.00468495 0.0228616 73 40 38
-0.0150494 0.00515729 0.0222232 132 82 65
-0.010332 -0.00116819 0.0211799 129 90 64
-0.0140998 -0.000245506 0.0218441 12 11 2
-0.00784765 -0.00497152 0.0191736 159 160 112
-0.0117557 0.000571015 0.0205274 70 42 30
-0.0135641 0.00329814 0.0208782 48 20 15
-0.0145222 0.00315733 0.0203149 96 56 47
-0.0127984 0.00400269 0.022664 66 28 19
-0.0145645 0.00520431 0.0222646 100 62 56
-0.0121278 -0.0024644 0.0201651 54 61 44
-0.0144388 0.00237983 0.0197708 66 38 33
-0.0159834 0.00305268 0.0140888 123 114 98
-0.018109 -0.0017885 0.0239017 118 109 74
-0.0114479 0.000395079 0.0205235 113 66 41
-0.0179707 0.000915934 0.0217271 136 116 90
-0.0197985 0.00264201 0.014623 83 75 54
-0.0183436 0.00217443 0.0245033 104 84 62
-0.0122359 -0.00172593 0.022411 78 72 41
-0.0111324 -0.000544152 0.0217256 148 160 116
-0.0115242 -0.000171918 0.0211581 34 13 2
-0.0139009 0.000788906 0.0181877 88 58 50
-0.0180291 0.00077462 0.0216019 104 82 58
-0.0185301 -0.00317292 0.0221826 93 96 51
-0.0118961 0.000529762 0.0202801 45 19 10
-0.0179729 0.000784904 0.0213761 127 108 84
-0.0121418 0.00164596 0.0204525 62 46 36
-0.020917 -0.00329832 0.0222156 114 98 48
-0.0180524 -0.0018651 0.0207701 152 154 104
-0.0173049 0.000118294 0.0199031 82 54 36
-0.0118038 0.00204921 0.0216182 141 130 116
-0.0192807 -0.00639416 0.0187902 48 52 30
-0.0184389 -0.00536051 0.0191703 70 72 51
-0.0180405 -0.00534108 0.0195838 83 85 44
-0.0155157 -0.00447812 0.0210209 96 106 66
-0.0117904 -0.0026539 0.0199128 86 92 76
-0.0104136 -0.00197364 0.0225333 50 35 4
-0.0112116 -0.00184889 0.0225112 131 142 101
-0.0171787 -0.00233839 0.0219328 110 114 72
-0.0112864 -0.00183177 0.0225385 96 108 67
-0.0113129 -0.00177498 0.022418 112 124 82
-0.0114913 -0.00170423 0.0225767 140 154 114
-0.0180813 -0.00187531 0.0204506 78 56 30
-0.0130601 -0.00175601 0.0248564 126 110 98
-0.0106127 -0.000598131 0.0209208 129 92 76
-0.0148112 -0.000787277 0.0209839 60 56 36
-0.014674 -0.000503897 0.020469 74 77 62
-0.0179741 -0.000739892 0.0220441 112 96 84
-0.018075 -0.000767449 0.023024 108 104 81
-0.0109664 0.000128057 0.0219567 94 102 64
-0.0114153 0.000504802 0.021217 80 35 8
-0.0172949 0.000174619 0.0200889 62 29 12
-0.0118574 0.000624521 0.0205096 46 24 14
-0.0118845 0.000658602 0.020427 134 110 97
-0.0119863 0.00068051 0.0204455 56 28 16
-0.0173167 0.000408293 0.0200411 83 44 16
-0.0148417 0.00072346 0.0192815 30 6 0
-0.0129293 0.001031 0.0193758 118 99 88
-0.0135063 0.00237181 0.0199248 116 83 77
-0.0141186 0.00353112 0.0207066 118 71 65
-0.0145998 0.00374719 0.0209754 63 26 22
-0.0136952 0.00397989 0.0215212 114 80 80
-0.0147028 0.00386559 0.0209475 54 14 6
-0.0130132 0.00482647 0.0242436 90 53 46
-0.0132822 0.00471202 0.0231776 126 96 94
-0.0158421 0.0045276 0.0219899 56 16 12
-0.0148398 0.00519579 0.0221653 80 36 24
-0.0142839 0.00544071 0.022543 100 64 58
-0.0192308 -0.00632098 0.0188007 83 86 65
-0.0189705 -0.00623055 0.0190482 86 86 46
-0.0186608 -0.00593248 0.0192418 108 107 63
-0.0183035 -0.0056003 0.0192918 77 80 37
-0.0180692 -0.00535778 0.0196337 86 88 44
-0.0153988 -0.00421137 0.0210419 103 110 76
-0.017211 -0.00402361 0.0197913 80 82 59
-0.0159475 -0.00315799 0.0208376 92 99 46
-0.0179317 -0.00290846 0.0217899 121 124 72
-0.0101084 -0.00192929 0.0223906 134 130 94
-0.0129186 -0.00185033 0.020301 82 86 70
-0.0141305 -0.0017685 0.0188237 93 92 54
-0.0102829 -0.00171419 0.0218982 118 83 53
-0.0105468 -0.00165942 0.0219369 75 54 22
-0.0128403 -0.00187148 0.0251905 86 54 30
-0.0130442 -0.00177055 0.0248493 116 98 86
-0.0125909 -0.00156717 0.0245054 146 130 101
-0.014668 -0.00051352 0.0204346 68 71 55
-0.0109819 0.000113759 0.0223696 94 102 65
-0.0118421 0.000618723 0.0204784 34 11 3
-0.0172853 0.000382679 0.019907 108 66 39
-0.0123169 0.000811071 0.0232415 66 50 32
-0.0176818 0.000378332 0.0199969 114 71 44
-0.0148408 0.000715928 0.0192703 28 6 0
-0.0140717 0.00128299 0.0188674 104 69 56
-0.0153759 0.00156969 0.0192307 148 102 90
-0.0132542 0.00249314 0.0202323 122 101 97
-0.0132788 0.00255642 0.0203305 121 100 96
-0.0124946 0.00280202 0.0216866 97 66 64
-0.0127517 0.00397371 0.0226962 56 20 11
-0.0145783 0.00373332 0.0208663 63 26 22
-0.0147158 0.00385475 0.0209186 49 11 2
-0.0138771 0.00460318 0.0219928 118 87 86
-0.0142282 0.00528913 0.0227253 113 73 69
-0.0144828 0.00539925 0.0224032 133 96 88
-0.019121 -0.00593894 0.0187338 82 82 60
-0.0186671 -0.00593665 0.0192503 76 74 38
-0.013776 -0.00408029 0.0190174 107 114 64
-0.0155538 -0.00451923 0.0211294 86 96 56
-0.0172089 -0.00402258 0.0197717 80 82 59
-0.0114876 -0.00288245 0.0198252 88 94 76
-0.0117678 -0.00264972 0.0198509 76 81 64
-0.0115398 -0.00171178 0.022681 120 135 92
-0.0128086 -0.00171898 0.0246426 138 120 90
-0.0125629 -0.00153609 0.0242276 138 121 92
-0.0179354 -0.00179025 0.0233622 138 123 90
-0.0116729 -0.000780919 0.0233621 41 16 2
-0.0114014 0.00116171 0.021699 106 86 74
-0.0153733 0.00156126 0.0192354 134 88 76
-0.0155524 0.00198074 0.0195791 94 48 40
-0.0127363 0.00343424 0.0220196 102 76 76
-0.0134997 0.00330131 0.0209317 98 74 70
-0.0130679 0.00406697 0.0223081 85 52 49
-0.0146491 0.00379009 0.0209416 114 92 90
-0.0159813 0.00388827 0.021613 120 93 88
-0.0146675 0.00431116 0.0212281 102 66 62
-0.0159415 0.00458211 0.0221221 116 87 82
-0.0149925 0.00505395 0.0220459 83 32 18
-0.0152867 0.00527153 0.022308 103 56 39
-0.0144414 0.00540036 0.0223702 124 88 81
-0.0125458 -0.00216192 0.0203075 66 70 56
-0.0180992 -0.00225592 0.02083 70 52 32
-0.0115371 -0.001674 0.0225827 96 109 68
-0.0129615 -0.00168052 0.0240968 108 90 76
-0.0114999 0.00013043 0.0211111 55 27 11
-0.0126053 0.00035827 0.0200403 52 46 30
-0.011398 0.000533626 0.0209693 84 40 14
-0.0153964 0.00157136 0.0192551 148 102 90
-0.0131603 0.00179591 0.0197509 24 8 4
-0.0143654 0.00199523 0.0195862 109 84 79
-0.0129856 0.00402852 0.0222596 89 59 56
-0.015894 0.00380762 0.0212926 125 95 88
-0.014835 0.00433017 0.0213852 79 28 18
-0.015129 0.00517015 0.0222562 150 99 82
-0.0143059 0.00515323 0.0220652 94 54 48
-0.0185652 -0.00572298 0.019301 50 55 24
-0.0184 -0.00567178 0.0194888 68 71 30
-0.0107176 -0.00216475 0.0225574 148 161 116
-0.0181475 -0.0022872 0.0209422 85 66 48
-0.0130942 -0.00179569 0.0250439 92 74 61
-0.0182181 -0.00205177 0.0230483 161 150 103
-0.0130803 -0.00151442 0.0246418 28 10 4
-0.0177653 -0.000707841 0.0213516 116 100 83
-0.0113791 2.24516e-05 0.021305 109 63 30
-0.0116473 0.000522975 0.0207272 94 55 25
-0.017954 0.000171189 0.0207278 145 102 74
-0.0117842 0.000685432 0.0202007 110 81 64
-0.0114678 0.00113528 0.0215234 74 49 40
-0.0175364 0.000799534 0.0204111 102 68 48
-0.0158936 0.0031401 0.0206904 100 71 66
-0.0132579 0.00468963 0.0228894 114 84 83
-0.0192421 -0.00598917 0.0186554 42 46 24
-0.0186745 -0.00592852 0.0192463 70 70 34
-0.0185765 -0.00582072 0.0192339 105 107 67
-0.0103317 -0.00124508 0.0212299 132 90 68
-0.0123297 -0.00171634 0.0248784 148 159 117
-0.0113981 -0.000819408 0.0211938 100 75 56
-0.0116405 0.00054807 0.0206424 80 42 12
-0.0178004 0.000328534 0.020164 94 50 22
-0.0129499 0.00104867 0.0194068 70 46 34
-0.0140061 0.00103698 0.0188363 38 12 8
-0.0129527 0.00177242 0.0197082 22 8 6
-0.0138781 0.00458678 0.0218078 86 51 50
-0.0167878 -0.00402975 0.0202268 104 107 67
-0.0114224 0.000468015 0.0209352 109 70 44
-0.0114376 0.000878581 0.0216221 126 93 82
-0.0133484 0.00301962 0.0211761 38 18 16
-0.0107539 -0.00218218 0.0225462 150 166 119
-0.0184414 -0.00263931 0.0211278 144 140 85
-0.0180307 -0.00224058 0.0206009 86 66 47
-0.0113454 -0.000953011 0.0211119 127 110 91
-0.0180212 -0.00049138 0.0195379 100 98 58
-0.0178357 0.000276896 0.0200598 108 64 44
-0.0161728 -0.00287471 0.0203269 80 84 55
-0.0116752 0.00102497 0.0203008 130 102 92
-0.0130497 0.00150868 0.0195743 41 10 3
-0.0133194 0.00469831 0.022816 68 36 32
-0.0207204 -0.00776793 0.0182145 79 75 36
-0.0117856 -0.00267416 0.0199567 72 79 60
-0.0114168 0.000355775 0.0209606 142 94 71
-0.0158537 0.00452996 0.0220378 72 29 20
-0.0117887 0.000715841 0.0203254 150 126 116
-0.0142912 0.00165182 0.019313 85 52 46
-0.014833 0.00434135 0.0214224 85 34 21
-0.0133541 0.00477441 0.0232512 99 70 66
-0.0141335 -0.000289478 0.0220206 26 24 16
-0.0130463 0.00403112 0.0221581 90 54 52
-0.0192071 -0.00594137 0.0186392 48 52 27
-0.014281 0.00535323 0.0226456 89 54 48
-0.014614 -0.000810402 0.0209494 124 120 108
-0.0147934 0.0044066 0.0214979 95 58 50
-0.0150046 0.00453015 0.0216034 50 14 8
-0.0197281 -0.00689294 0.0185328 55 57 32
-0.0189575 -0.00619941 0.0191053 148 148 102
-0.0102879 -0.0020613 0.022354 153 156 112
-0.0142397 -0.00100998 0.0214151 101 104 99
-0.0118151 0.000624372 0.0204176 91 69 57
-0.0142336 -0.000972338 0.0212489 106 107 106
-0.0150733 0.0023868 0.0198925 49 14 8
-0.0149453 0.00451388 0.0215436 53 18 8
-0.0188481 -0.00546859 0.0190254 48 51 26
-0.0131709 0.00484358 0.0236854 82 58 56
-0.0135648 0.0050044 0.023018 116 86 82
-0.0146638 0.00531969 0.0225891 126 87 80
-0.0180598 -0.00188355 0.020392 84 56 34
-0.0198185 -0.00670141 0.0185381 42 51 29
-0.01934 -0.00644091 0.0188749 58 60 38
-0.0197624 -0.00664303 0.0184663 44 46 25
-0.0196627 -0.00657727 0.0184968 98 96 77
-0.0197086 -0.00680968 0.0185517 86 86 64
-0.0162297 -0.00292395 0.0203148 72 74 46
-0.0148327 0.00455567 0.0215064 59 19 10
-0.0153239 0.00531377 0.0224339 97 50 31
-0.0143319 -0.000899275 0.0213174 115 116 116
-0.0154095 -0.00425494 0.0210402 107 116 80
-0.0154111 -0.00421744 0.0211132 109 116 82
-0.0175822 -0.00263607 0.0219646 115 118 76
-0.0170838 -0.00232834 0.0215765 134 136 90
-0.0159169 0.0037876 0.021324 126 88 82
-0.0102757 -0.00172803 0.0220177 111 78 50
-0.0130724 0.0014986 0.0195781 74 44 36
-0.0142492 0.0035337 0.0206534 110 63 56
-0.0129742 0.00403234 0.022246 91 64 61
-0.0137164 0.00400268 0.0216359 114 86 86
-0.0117818 0.000522132 0.0208708 34 14 5
-0.0136938 0.00404299 0.0213675 94 64 61
-0.0159079 0.00246258 0.0204472 30 7 1
-0.0128147 0.00402122 0.0229083 58 24 16
-0.0129342 0.00410421 0.0226992 52 26 22
-0.0143878 -0.000467622 0.0215657 114 116 110
-0.014687 0.00371098 0.0208765 88 42 34
-0.0119278 0.000903534 0.0186557 69 50 34
-0.0158363 0.00306397 0.0203937 110 82 75
-0.013534 0.00345323 0.0209771 106 85 82
-0.0129593 0.00416645 0.0229187 56 24 19
-0.0116074 9.13385e-05 0.0225704 57 31 12
-0.0178914 0.000841061 0.0214494 136 111 88
-0.0132747 0.00253259 0.0202185 104 82 80
-0.0178814 0.00192868 0.0222605 82 60 43
-0.0135494 0.00503934 0.0228808 86 56 51
-0.0135757 0.00508504 0.0232336 105 74 70
-0.0137066 0.00512012 0.0232097 89 58 56
-0.0126274 -0.0019026 0.0245089 151 162 119
-0.0117538 0.000715225 0.0206522 74 44 24
-0.0183043 -0.00261366 0.0208493 118 116 74
-0.0122862 -0.00199623 0.024462 56 38 17
-0.0130256 -0.00183131 0.0258063 82 66 44
-0.0179051 0.00189763 0.0222596 120 102 80
-0.0171424 -7.72195e-05 0.0202393 24 15 7
-0.0120331 0.000737115 0.019552 56 38 24
-0.011107 0.00316581 0.0179625 160 150 140
-0.0167757 -0.0077091 0.022656 104 108 64
-0.00876698 -0.00470606 0.0196156 146 146 104
-0.00921279 -0.00459216 0.0197521 98 101 58
-0.0163554 -0.00549609 0.0213786 110 114 70
-0.0154154 -0.00544122 0.021567 108 116 67
-0.00979743 -0.00403017 0.0195349 82 88 62
-0.0121487 -0.0026119 0.0158512 96 94 88
-0.0163027 -0.00316846 0.0203727 68 75 48
-0.0125253 -0.00211437 0.0201379 78 84 69
-0.015491 -0.00225105 0.0206234 47 52 14
-0.0188592 -0.00217087 0.0219735 137 124 80
-0.0136325 -0.00132605 0.0204755 82 92 78
-0.0150334 -0.000571974 0.0197621 66 72 60
-0.017831 -0.000376822 0.0197251 96 52 32
-0.0118444 0.000666982 0.0202913 143 119 110
-0.0139464 0.000631881 0.0186492 54 32 24
-0.0120932 0.000731755 0.0191896 87 75 60
-0.0118105 0.000817651 0.020341 35 12 3
-0.0119272 0.00097606 0.0191315 88 66 50
-0.0116747 0.00102598 0.0202988 92 65 56
-0.0117453 0.00111251 0.0201369 164 134 130
-0.0117049 0.00111685 0.0202384 96 68 62
-0.0116418 0.00112876 0.020191 152 124 116
-0.0129821 0.00107867 0.0195784 150 123 108
-0.0149417 0.000923277 0.0158776 108 114 92
-0.0141559 0.00106483 0.0191071 46 18 6
-0.0146656 0.00128131 0.0188059 91 44 18
-0.015914 0.00158947 0.0196725 45 11 4
-0.0164484 0.0020778 0.0202363 132 92 74
-0.013274 0.00249972 0.0203134 121 101 98
-0.0127351 0.00345767 0.0220305 126 99 100
-0.0135391 0.00347837 0.0210394 110 88 84
-0.0145957 0.00389609 0.0209963 58 16 8
-0.0130543 0.00470642 0.0237616 117 84 78
-0.0132828 0.00467376 0.0227371 60 27 27
-0.0147963 0.00450462 0.0216281 113 82 79
-0.0135463 0.0050776 0.0228508 72 44 39
-0.0147767 0.00520243 0.0222224 118 71 60
-0.0146291 0.00536584 0.0230345 88 46 40
-0.0148701 0.00523576 0.0222184 85 46 37
-0.0196717 -0.00659385 0.0184928 74 76 56
-0.00836033 -0.00480377 0.0195022 154 156 110
-0.00871665 -0.00475372 0.0196838 102 104 56
-0.0108894 -0.00314799 0.0198171 55 64 46
-0.0102633 -0.00207739 0.0223217 134 132 95
-0.0182507 -0.00223798 0.0213901 126 111 74
-0.0125024 -0.00187266 0.0242945 142 155 114
-0.0150262 -0.000569599 0.0197346 53 60 48
-0.0176456 -0.00044065 0.0201138 138 120 80
-0.0178653 -0.000395883 0.0197672 98 56 35
-0.0174077 -0.000119692 0.0194035 90 56 32
-0.0123502 0.000525655 0.0196281 49 44 28
-0.0141286 0.000791317 0.0184008 26 8 2
-0.0127008 0.00110469 0.0189295 80 62 44
-0.0141415 0.00105688 0.019113 42 16 6
-0.0129503 0.00129066 0.0192656 121 84 68
-0.0155461 0.00123167 0.0157753 128 118 90
-0.013096 0.0018051 0.0196772 29 7 4
-0.0158632 0.00203948 0.019949 36 8 4
-0.0135077 0.00237507 0.0199176 114 76 71
-0.0133282 0.0029401 0.0206983 66 35 31
-0.013519 0.00344601 0.0209481 98 76 71
-0.0159892 0.00389764 0.0215963 122 95 88
-0.0146582 0.00380968 0.0209699 113 88 84
-0.0130152 0.00481876 0.0241866 106 74 66
-0.013178 0.00465572 0.0229807 79 48 44
-0.0149516 0.00504806 0.0220037 86 36 24
-0.0152843 0.00526856 0.0222872 90 43 24
-0.0148013 0.00517654 0.0219286 90 52 43
-0.0199694 -0.00720315 0.0183922 122 126 78
-0.019273 -0.0063439 0.0188162 80 84 63
-0.0165525 -0.00678592 0.0220379 92 100 67
-0.0111798 -0.00310821 0.0197699 73 79 58
-0.0207526 -0.00321694 0.0217513 111 93 46
-0.0129088 -0.00185166 0.0202788 83 87 72
-0.0181477 -0.00220247 0.0211959 134 120 80
-0.012944 -0.00159697 0.0244268 82 58 43
-0.0146895 -0.000248166 0.0169797 101 112 78
-0.0184176 0.000203721 0.0152092 80 78 58
-0.0113905 0.000538359 0.0209093 91 49 22
-0.0123668 0.000528926 0.0197284 62 56 40
-0.0118636 0.000653637 0.0204028 128 105 94
-0.0119748 0.000683531 0.0204053 51 26 13
-0.0116795 0.00102837 0.020297 122 96 88
-0.0150727 0.00130396 0.0155335 100 103 81
-0.0159437 0.00158063 0.0195888 118 85 76
-0.0158488 0.00203564 0.0199024 40 12 6
-0.0159248 0.00312278 0.0207943 130 100 89
-0.0158626 0.00317688 0.0208997 50 14 10
-0.0137297 0.00407394 0.0215539 98 72 68
-0.013148 0.00463201 0.0229247 84 52 48
-0.0159697 0.00463164 0.0223804 61 18 10
-0.0149012 0.00521426 0.022276 92 51 44
-0.0184826 -0.00539293 0.0191609 69 71 49
-0.0137764 -0.00408639 0.0190254 104 110 60
-0.0171917 -0.00401751 0.0196883 76 78 52
-0.010274 -0.00169929 0.0218111 110 78 52
-0.0121221 -0.00185859 0.023984 70 59 34
-0.0130272 -0.00174076 0.0247906 120 102 88
-0.0136536 -0.00135685 0.0205572 56 66 52
-0.015016 -0.000985872 0.0210075 30 13 2
-0.014155 -0.000293088 0.0220755 24 23 12
-0.0178083 -0.000277792 0.0197074 155 126 102
-0.0148097 0.000158448 0.0166832 107 116 90
-0.0113734 0.000394285 0.0207327 117 72 46
-0.0123423 0.000524292 0.0195776 49 44 28
-0.0118887 0.000704709 0.0195845 38 19 12
-0.0139135 0.000819194 0.0185034 94 69 63
-0.011658 0.00102512 0.0202207 104 78 69
-0.0142864 0.00103633 0.0191087 44 15 8
-0.0150654 0.00130301 0.0155198 100 103 81
-0.0159289 0.00158073 0.0195513 112 79 70
-0.01613 0.00208216 0.0201243 23 6 0
-0.0146663 0.00378535 0.0209574 106 82 76
-0.0129692 0.00403499 0.0223591 110 82 81
-0.0129603 0.00411433 0.022646 49 22 20
-0.0148805 0.00452147 0.0214694 50 17 12
-0.0206626 -0.00318496 0.0216443 92 70 24
-0.0105285 -0.00203182 0.0230525 42 34 9
-0.0126257 -0.00192102 0.0247432 142 152 112
-0.018109 -0.000518533 0.0198701 152 138 105
-0.0178255 -0.000278239 0.0197058 160 133 110
-0.0176752 -0.000242544 0.0198538 86 57 40
-0.0121463 0.000740602 0.0193094 46 42 24
-0.0118035 0.00117126 0.0199902 72 34 27
-0.0145338 0.00130047 0.0187348 70 22 6
-0.0132151 0.00179825 0.019809 29 10 6
-0.0159531 0.00209518 0.0202395 23 8 4
-0.0146433 0.00372375 0.0208705 97 62 52
-0.0137676 0.0040595 0.0216831 98 71 67
-0.0133617 0.00471379 0.022928 83 46 45
-0.0203427 -0.00343314 0.0218477 54 47 12
-0.0181205 -0.00223483 0.0208586 64 44 24
-0.0180399 -0.00214818 0.0210435 147 137 84
-0.0126317 -0.00158138 0.0245354 127 114 85
-0.0142119 -0.000972822 0.0211709 86 89 86
-0.0116438 0.00037786 0.020926 134 88 68
-0.0118309 0.00118688 0.019918 74 36 26
-0.0150595 0.00240118 0.0198722 44 8 2
-0.0159931 0.00387829 0.0215478 108 74 66
-0.013218 0.00424483 0.0227162 50 22 20
-0.0135743 0.00509459 0.0230224 81 52 48
-0.0140612 0.00524047 0.0228434 77 40 34
-0.0184442 -0.00261741 0.021189 144 138 86
-0.0181979 -0.00215333 0.0212324 131 124 74
-0.0126517 -0.001589 0.0247235 142 130 99
-0.0178468 -0.000574537 0.0193202 107 100 64
-0.0181677 -0.000493661 0.0198531 106 101 60
-0.0117094 0.00108596 0.0205208 152 126 118
-0.0126938 0.00114824 0.0187123 124 94 80
-0.0159792 0.00321174 0.0209378 89 60 57
-0.0137544 0.00511455 0.0229902 114 88 87
-0.0158892 -0.0046775 0.0164249 58 67 21
-0.0138778 -0.0040959 0.0192272 102 108 59
-0.0105386 -0.00200974 0.0225734 46 40 12
-0.0075858 -0.00497232 0.0189879 70 78 48
-0.0078779 -0.00492099 0.0191247 100 108 66
-0.0160848 -0.00291308 0.0203949 72 79 48
-0.017628 -0.00114224 0.0191715 136 98 74
-0.0148353 -0.000515712 0.0202058 62 66 54
-0.01776 -0.000615484 0.0197233 128 92 72
-0.0141179 0.000322564 0.0194112 75 60 52
-0.0115953 0.000510796 0.0205219 79 40 24
-0.013703 0.00407975 0.0215075 106 77 75
-0.0154426 0.0031072 0.0143342 122 108 96
-0.0153241 0.00529026 0.0223796 97 50 33
-0.00778729 -0.00500193 0.0191225 158 160 118
-0.0162835 -0.00621938 0.0217528 92 102 67
-0.0164607 -0.00555462 0.0215958 135 136 88
-0.0129459 -0.00161444 0.0243994 83 60 44
-0.0177444 -0.000617653 0.0197358 122 87 69
-0.0111499 0.000196371 0.0206871 154 108 94
-0.0121171 0.000734284 0.0192213 76 66 49
-0.0118366 0.000805793 0.0204138 44 24 13
-0.0142897 0.00164869 0.019309 80 44 39
-0.0160945 0.00314894 0.0142613 116 105 92
-0.0185432 -0.00571536 0.0192359 47 52 22
-0.00921173 -0.00460104 0.0197155 142 144 96
-0.0183991 -0.0026547 0.021326 138 128 88
-0.0104125 -0.00195497 0.0223279 50 40 9
-0.0130169 -0.00176435 0.0246873 113 94 79
-0.0116408 0.00109938 0.0203163 159 134 126
-0.0129558 0.00129357 0.0192731 89 52 36
-0.0131433 0.00482678 0.023513 94 68 67
-0.014873 0.00452975 0.0215167 50 16 12
-0.0141748 0.00524453 0.0225074 111 72 68
-0.00778581 -0.00491928 0.0188762 160 162 118
-0.00871637 -0.00475515 0.0196449 117 120 70
-0.0185617 -0.00269973 0.0215544 143 132 88
-0.014309 0.00130771 0.0190239 64 24 9
-0.0141543 0.00524655 0.022527 110 72 66
-0.0180618 -0.00216718 0.0210502 149 136 93
-0.015048 -0.0010023 0.02095 33 14 4
-0.0126563 0.00114446 0.0187106 122 94 81
-0.0144283 0.0023879 0.0198632 106 76 69
-0.0178937 -0.000271875 0.019833 162 142 118
-0.0126281 0.00113029 0.0186929 114 88 74
-0.0144421 0.0023982 0.0198725 93 64 58
-0.0104358 -0.00216261 0.0228516 42 36 9
-0.0160059 0.00383475 0.0214928 84 36 26
-0.0129889 0.00473216 0.0240283 98 68 62
-0.0127804 0.0011053 0.018985 70 48 29
-0.0146855 0.00130465 0.0195449 59 16 6
-0.0106836 -0.00213296 0.0225025 133 138 102
-0.0104355 -0.00198788 0.0224096 44 37 7
-0.0136601 -0.0018609 0.0229398 103 83 58
-0.0121026 0.00072879 0.0192027 60 50 32
-0.0130389 0.0046952 0.0237701 80 44 38
-0.0106625 -0.00214272 0.0224863 138 144 107
-0.013331 0.0047318 0.0230014 90 59 58
-0.0143753 0.00200127 0.0195889 92 65 61
-0.019194 -0.000657091 0.0174916 154 146 116
-0.0146435 0.000683872 0.0187166 49 30 23
-0.0154069 0.0054506 0.0227101 115 68 50
-0.0192581 -0.0064828 0.018883 86 84 45
-0.0192516 -0.00597832 0.0187594 44 48 23
-0.014988 -0.000976736 0.0209787 34 27 8
-0.0122911 -0.00129185 0.0224445 87 71 50
-0.00984644 -0.00262839 0.0221675 94 100 59
-0.0129267 0.00399131 0.0223152 114 87 84
-0.0167997 -0.00773288 0.0226996 98 104 63
-0.0196439 -0.00649042 0.0184544 54 52 25
-0.0134876 0.00300828 0.0206883 56 18 14
-0.0117076 0.000765885 0.0203638 70 39 20
-0.0186482 -0.00591378 0.0192249 70 70 34
-0.0164663 -0.00319242 0.0201188 89 89 62
-0.0128842 0.00406672 0.0224658 47 18 16
-0.0146983 -0.000855486 0.0211057 118 114 100
-0.0120087 -0.00148955 0.0222938 148 154 112
-0.0105497 -0.00776863 0.0220839 88 96 45
-0.0121399 -0.00240092 0.0200513 86 92 78
-0.0126492 0.00125265 0.0192411 116 96 82
-0.0125737 0.00134587 0.0192851 154 136 128
-0.0131629 0.00465927 0.0228995 78 49 46
-0.0079666 -0.00478518 0.0191644 44 46 16
-0.0161712 -0.00287705 0.0203178 86 88 60
-0.0187857 -0.00329079 0.0216485 98 96 50
-0.0129587 0.00106889 0.0194608 118 92 76
-0.01299 0.00409527 0.0224096 104 78 76
-0.0148361 0.00452044 0.0215224 57 18 14
-0.015923 -0.00314275 0.0207976 86 92 44
-0.0114604 -0.00101389 0.0221769 134 124 100
-0.0139992 0.000418597 0.0192052 94 74 63
-0.0133216 0.00301786 0.0206894 29 11 8
-0.0147202 0.0038496 0.0209142 57 14 7
-0.0150477 0.00525727 0.0224786 92 48 36
-0.0105965 -0.00781502 0.0221593 84 96 46
-0.0110462 -0.00309386 0.0199804 57 66 48
-0.0161937 -0.00345525 0.0205717 110 116 72
-0.0147686 -0.00136085 0.0173342 154 152 107
-0.0114709 -0.000662628 0.0215286 60 40 22
-0.0148028 0.000206892 0.0165963 86 97 68
-0.0117924 0.000613421 0.0202316 39 15 9
-0.0117401 0.000700515 0.0198649 134 112 102
-0.011726 0.000743718 0.0203958 68 36 16
-0.0128425 0.00286548 0.0209959 46 17 13
-0.0131897 0.00484439 0.0233981 82 54 48
-0.014757 0.00520796 0.0223015 109 64 54
-0.0129481 -0.001476 0.0239289 31 12 6
-0.0139299 0.0006311 0.0186627 41 22 15
-0.0140996 0.00103113 0.0191776 40 14 8
-0.0134372 0.00296444 0.0207857 110 80 76
-0.0120079 0.000788935 0.0201138 104 76 62
-0.011656 0.00110055 0.0200007 140 112 108
-0.0128181 0.00117434 0.0191726 137 106 97
-0.015411 0.00156995 0.0192473 98 49 36
-0.0129894 0.00475016 0.0240198 108 72 64
-0.0148488 0.00438666 0.021562 80 32 22
-0.0144875 0.000641292 0.0190522 13 6 4
-0.0122652 -0.00601465 0.0210973 134 141 98
-0.00818574 -0.00472713 0.0191417 157 156 110
-0.00823801 -0.00480055 0.0193973 152 152 109
-0.0147258 -0.00345633 0.0213827 150 152 104
-0.00991789 -0.00279146 0.0222342 78 71 32
-0.0192011 -0.00344642 0.0216484 112 112 57
-0.0102429 -0.00191181 0.0223013 118 93 66
-0.0102702 -0.00172693 0.0219189 99 66 37
-0.0169453 -0.00218322 0.0219152 142 145 103
-0.0102415 -0.00134391 0.0213531 134 102 82
-0.011802 -0.00150113 0.0226494 114 124 86
-0.0118232 -0.00144936 0.0223111 98 112 72
-0.0118624 -0.00138706 0.0222865 95 106 70
-0.0105004 -0.000707488 0.020875 99 62 46
-0.0105588 -0.000643036 0.0209017 106 69 54
-0.0114607 -0.000466074 0.0228318 152 120 96
-0.0114276 8.88622e-05 0.0207347 122 86 69
-0.0112326 0.00026677 0.0207803 90 46 30
-0.0116498 0.000552186 0.0207524 86 44 12
-0.0140487 0.000581299 0.0186835 42 13 1
-0.0117362 0.000718747 0.0206671 62 27 6
-0.0114439 0.000953742 0.0207524 74 47 38
-0.0113277 0.00108736 0.0213812 92 66 56
-0.0116516 0.00119033 0.0202262 60 32 23
-0.0158855 0.00212098 0.0199738 34 10 6
-0.017427 0.00263854 0.0218091 110 86 64
-0.0123976 0.00276852 0.0214534 44 19 15
-0.0124565 0.00278843 0.0214578 110 84 80
-0.0169167 0.00287231 0.0210965 119 94 74
-0.0158426 0.00308006 0.02053 135 102 93
-0.0125467 0.00330469 0.0217667 108 80 77
-0.0126232 0.00333595 0.0214956 119 96 96
-0.0129557 0.00399607 0.0219595 56 28 24
-0.0129223 0.00404934 0.0220551 122 98 94
-0.0136059 0.00392281 0.0211616 128 96 96
-0.0129381 0.00476084 0.0238339 79 50 39
-0.00759176 -0.00497089 0.0189671 61 69 35
-0.0194147 -0.00661706 0.0191413 110 108 63
-0.0078704 -0.00499084 0.0193304 99 104 55
-0.0123047 -0.00611168 0.0213214 120 130 88
-0.0129643 -0.00669614 0.0230591 122 128 79
-0.0081388 -0.00488863 0.0196045 158 156 108
-0.0166078 -0.00381079 0.0207403 105 110 68
-0.0147829 -0.00352499 0.0215668 159 164 112
-0.0160641 -0.00310802 0.0206924 82 88 53
-0.0192529 -0.00348382 0.0217363 135 134 78
-0.0130624 -0.00255954 0.0208064 138 143 107
-0.0175185 -0.00261382 0.0218413 149 150 105
-0.0169755 -0.00219485 0.0221752 116 120 74
-0.0105449 -0.0015315 0.0216531 110 96 64
-0.0120704 -0.00183757 0.0237502 59 55 26
-0.0115201 -0.00107649 0.0235842 154 134 114
-0.0117426 -0.000802242 0.0240284 50 24 10
-0.0114634 -0.000410095 0.0228003 58 33 18
-0.0177185 -0.000363635 0.0205921 127 96 62
-0.0177018 0.000345315 0.0200163 103 56 26
-0.0146921 0.000636511 0.0192987 24 10 4
-0.0117018 0.0007881 0.0203341 52 20 2
-0.0148096 0.000703052 0.0195998 96 68 60
-0.0113151 0.000845043 0.0208089 74 40 24
-0.0118967 0.000942297 0.0191338 64 42 24
-0.0170687 0.000792982 0.0193176 117 90 69
-0.011715 0.00109556 0.0198477 163 136 131
-0.0160157 0.00118904 0.0193372 88 46 26
-0.0158404 0.00119076 0.0192173 79 36 22
-0.0111703 0.00209291 0.0178949 108 106 86
-0.0175388 0.00265628 0.0221008 88 59 38
-0.0125183 0.00328487 0.0215863 98 70 66
-0.0110739 0.00331731 0.0180612 155 138 130
-0.0109968 0.00343566 0.018111 84 48 29
-0.0138329 0.00456054 0.0218271 122 92 89
-0.0141289 -0.00347771 0.0202102 138 140 97
-0.0147198 -0.00149336 0.0201181 54 55 24
-0.011238 -0.000816453 0.0229825 151 142 116
-0.0147158 0.000622967 0.0193831 22 9 3
-0.0113876 0.000849824 0.0214748 66 33 17
-0.0169447 0.000646739 0.019561 148 112 83
-0.0113725 0.00110515 0.0215354 82 56 45
-0.0141174 0.00106924 0.0188045 89 60 50
-0.0160882 0.00119434 0.019517 88 46 26
-0.0158751 0.00119636 0.0193697 95 46 26
-0.0158746 0.00123679 0.0191232 114 88 82
-0.0113101 0.00195021 0.0188457 101 90 76
-0.0154112 0.0019956 0.015004 96 104 82
-0.0125478 0.00329888 0.0218008 87 58 55
-0.0159835 0.0032518 0.021063 114 90 89
-0.0127182 0.00340809 0.0219572 96 75 74
-0.0113371 0.00334883 0.0186662 104 82 70
-0.011348 0.00339358 0.0185234 76 50 36
-0.0117992 -0.00270495 0.0200941 76 80 64
-0.0151546 -0.00220235 0.0202041 48 54 10
-0.0104102 -0.00192324 0.0221296 42 36 10
-0.0168153 -0.00212607 0.0217396 134 137 91
-0.0146696 -0.00150813 0.0200005 41 44 17
-0.0103448 -0.00119544 0.0214386 131 88 64
-0.0114147 -0.00106585 0.0233528 99 68 48
-0.0112682 -0.000865838 0.0232367 149 142 118
-0.011518 4.9152e-05 0.0216484 142 108 90
-0.0167063 0.000184789 0.0195904 88 80 65
-0.0172988 0.000366453 0.0198564 99 59 32
-0.0148186 0.000622946 0.0196966 50 28 20
-0.0121734 0.000718734 0.0196236 58 48 30
-0.011861 0.000801533 0.0204255 55 32 20
-0.0116408 0.000802856 0.0198003 52 20 2
-0.0141718 0.0010489 0.0193644 40 14 8
-0.0128303 0.00108736 0.0192415 34 22 6
-0.0116757 0.00116311 0.0195174 73 40 35
-0.0116809 0.00124276 0.0201233 136 105 98
-0.0161085 0.00122005 0.0194963 60 20 7
-0.015941 0.00129367 0.0195955 35 8 3
-0.0163497 0.0019098 0.0201459 42 8 2
-0.0133764 0.00302259 0.0209663 40 21 20
-0.0134978 0.0033148 0.0209515 122 100 98
-0.0128393 0.0040501 0.0230811 52 22 14
-0.0145159 0.0052739 0.0224963 84 44 36
-0.0189351 -0.00554535 0.0191454 58 59 32
-0.0170024 -0.00427188 0.0198958 90 94 55
-0.0153714 -0.00422122 0.0209616 108 114 80
-0.0165376 -0.00377688 0.0205482 132 137 92
-0.0103156 -0.00174644 0.0222114 126 92 62
-0.0106418 -0.0018054 0.022924 61 47 20
-0.0122293 -0.00203784 0.0241744 86 89 54
-0.0128527 -0.00172103 0.0246235 100 76 52
-0.0104486 -0.000878357 0.0211807 139 102 90
-0.0112503 -0.000838032 0.0228377 151 140 118
-0.016935 4.76352e-05 0.0197558 38 22 14
-0.0170986 0.00016181 0.0195173 72 40 22
-0.011966 0.000788612 0.0200007 116 86 69
-0.0141641 0.00105971 0.0188761 69 38 28
-0.0117019 0.00120842 0.0200572 86 54 48
-0.0173146 0.0026076 0.0214988 132 112 88
-0.0153966 0.00201022 0.0149191 84 90 68
-0.0133074 0.00300557 0.0207777 32 17 16
-0.0127007 0.00338387 0.0218071 82 60 60
-0.0109446 0.00333634 0.0176035 88 46 25
-0.0129833 0.00463009 0.0230612 110 76 70
-0.0193452 -0.00609553 0.0191275 90 87 64
-0.0150376 -0.00382363 0.0223753 132 138 85
-0.0132752 -0.00283917 0.0219162 116 124 84
-0.0157474 -0.00198451 0.0198236 55 58 26
-0.0130551 -0.00152125 0.0241759 26 9 2
-0.011431 -0.00103029 0.0234233 96 68 44
-0.0142637 -0.000331235 0.0224936 31 30 18
-0.0114885 9.19896e-05 0.0212404 132 98 82
-0.0171471 4.92852e-06 0.020298 28 15 8
-0.0142755 0.000370914 0.019954 94 76 63
-0.0118051 0.000561808 0.0203282 31 10 4
-0.0117037 0.000792765 0.0201783 56 27 10
-0.0170198 0.000634624 0.0196341 148 110 81
-0.011371 0.000857323 0.0207629 80 48 36
-0.015991 0.00156625 0.0196335 80 45 37
-0.0122941 0.00235831 0.0211167 90 70 66
-0.0135965 0.00341927 0.0212572 90 70 68
-0.0117349 0.00312584 0.0192456 76 48 36
-0.0201726 0.00258236 0.014918 62 53 27
-0.0129502 0.00400055 0.02218 97 70 68
-0.0113464 0.00336575 0.018421 90 67 55
-0.0183685 -0.00237678 0.021459 69 50 30
-0.0122767 -0.00169339 0.0242801 146 154 113
-0.0121275 0.000680185 0.0205291 36 19 12
-0.0118471 0.000688206 0.0204767 146 121 108
-0.014953 0.00067164 0.0192469 18 10 7
-0.0129419 0.00412928 0.0230124 43 16 12
-0.0134303 0.00475572 0.0230212 84 46 44
-0.010006 -0.00280131 0.022657 73 66 26
-0.0102605 -0.00224083 0.0227509 89 86 50
-0.0105317 -0.001309 0.0200921 94 86 58
-0.0117943 0.000287948 0.0222212 126 81 58
-0.0175825 0.000493341 0.0199953 158 135 107
-0.0170003 0.0021548 0.0204788 126 122 98
-0.0114717 -0.000443469 0.0222666 66 40 24
-0.0158799 0.00309503 0.0206333 107 72 64
-0.0168385 0.00352872 0.0172222 78 70 41
-0.0135435 -0.00178019 0.0225445 138 133 102
-0.0127369 -0.00205826 0.0252685 142 155 110
-0.0170411 -0.00807681 0.0229163 114 114 72
-0.00940561 -0.00407176 0.0193041 83 88 60
-0.0101849 -0.00380344 0.0196178 85 91 66
-0.0188351 -0.00331651 0.021746 109 108 58
-0.0128612 -0.00202414 0.017845 90 98 88
-0.0106559 -0.00211701 0.0224153 116 120 88
-0.0130444 -0.00174856 0.0247243 132 114 102
-0.0152405 -0.000515094 0.0171756 92 95 69
-0.0107181 -0.000740415 0.0206485 114 71 54
-0.0146744 -0.000280511 0.0169984 110 124 88
-0.0148496 -0.000546847 0.0208169 60 66 51
-0.0183917 0.000207423 0.0151666 88 88 66
-0.0110632 0.000145735 0.0212714 96 69 54
-0.0142124 0.000438639 0.0187254 46 34 31
-0.0113746 0.000542427 0.0209198 90 43 16
-0.0154622 0.000807068 0.0160844 114 106 78
-0.014244 0.00107733 0.0190318 54 22 10
-0.0160232 0.00119065 0.0193551 86 46 26
-0.0116239 0.00105518 0.0208746 50 22 14
-0.0116929 0.00121875 0.0184801 90 72 52
-0.0125422 0.00128953 0.0187357 122 104 89
-0.0151086 0.00130378 0.0155977 100 102 80
-0.0122222 0.0014602 0.0183597 80 68 50
-0.0119865 0.00251269 0.0229048 116 98 93
-0.0133982 0.00298357 0.0206635 122 96 92
-0.0134866 0.00328958 0.02089 124 106 100
-0.0140799 0.0033647 0.0206483 93 49 42
-0.0142811 0.00355603 0.0207194 118 67 56
-0.0137004 0.00409662 0.0215176 118 93 90
-0.0146857 0.00434069 0.0214378 58 18 12
-0.0128998 0.00466425 0.0238963 116 86 78
-0.0130053 0.00469014 0.0237128 73 40 36
-0.0129264 0.00462734 0.0232132 120 94 90
-0.0129998 0.00482433 0.0240388 79 51 45
-0.0131662 0.00483745 0.0237258 80 60 58
-0.0139103 0.00474659 0.022094 120 98 96
-0.0148556 0.00500506 0.02196 127 88 78
-0.0141049 0.00524769 0.022754 100 64 57
-0.0141793 0.00526419 0.0225568 133 98 91
-0.00808204 -0.004717 0.0189999 158 161 114
-0.00813755 -0.00470211 0.0189978 144 148 100
-0.0124228 -0.00248403 0.0167992 92 95 90
-0.0121345 -0.00238841 0.0200044 66 68 54
-0.0182133 -0.00228623 0.0214161 106 90 54
-0.010682 -0.00213737 0.0225204 147 155 119
-0.0121889 -0.00205582 0.0241137 58 62 30
-0.0120301 -0.00193331 0.0236336 133 136 105
-0.0140375 -0.00199398 0.0245967 169 144 102
-0.0159691 -0.000712726 0.0181088 73 76 58
-0.0110048 0.000122168 0.0210551 94 66 50
-0.0140965 0.000394624 0.0191186 40 24 14
-0.014881 0.000562787 0.0162611 107 109 78
-0.0146425 0.000502311 0.0191434 26 12 10
-0.0116126 0.000523758 0.0206573 100 52 22
-0.015778 0.000727319 0.0192128 77 52 40
-0.0120017 0.00067246 0.0204562 50 27 15
-0.0140671 0.000769469 0.018415 96 66 56
-0.0113884 0.000811869 0.0233055 78 64 50
-0.0159769 0.00125796 0.0193919 118 92 82
-0.0126945 0.00117162 0.0190128 130 108 93
-0.0117649 0.00122472 0.0204356 135 104 99
-0.012498 0.00126547 0.0186215 110 94 78
-0.0116339 0.00155833 0.0238029 66 51 34
-0.0119326 0.00154493 0.0207754 118 96 92
-0.012036 0.00251955 0.0228113 54 32 25
-0.0155874 0.00235234 0.0147287 82 86 60
-0.0133971 0.00296046 0.0206476 111 85 80
-0.013369 0.00302533 0.0207429 40 16 15
-0.0145859 0.0036715 0.0207892 118 86 76
-0.0147659 0.00446979 0.0215285 120 94 92
-0.0131315 0.0048149 0.0236189 102 82 79
-0.0148069 0.00520415 0.0222586 96 49 38
-0.0148805 0.00521878 0.0222337 80 40 34
-0.0145303 0.00519905 0.0222883 90 52 44
-0.0140938 0.00523091 0.0226566 74 40 34
-0.0142041 0.00532443 0.0225761 83 46 38
-0.0196645 -0.00655252 0.0184227 42 44 20
-0.00809528 -0.00477716 0.0191788 157 161 113
-0.0162852 -0.00623276 0.0217865 91 101 66
-0.0157113 -0.00592854 0.0219308 90 98 54
-0.0123878 -0.00246232 0.0167051 88 92 86
-0.0205833 -0.0032389 0.0218196 118 102 52
-0.0125485 -0.00213515 0.0202135 60 66 52
-0.0101829 -0.00203047 0.0218976 128 130 92
-0.012156 -0.00205375 0.0239895 94 100 68
-0.0121144 -0.00195994 0.0239509 128 129 99
-0.0179347 -0.0014771 0.0201154 112 92 51
-0.011668 -0.00164491 0.0227704 126 144 104
-0.0136314 -0.00133363 0.0204768 68 76 64
-0.0104057 -0.000912651 0.0210842 140 106 90
-0.0176932 -0.000608238 0.0196456 136 96 77
-0.0141913 -0.00030331 0.0221845 22 21 11
-0.0112092 0.000176019 0.0210724 120 73 58
-0.0149004 0.000637508 0.0161794 96 99 68
-0.0140075 0.00057871 0.0185964 51 26 14
-0.0118492 0.000620043 0.020515 34 13 6
-0.0121099 0.00073258 0.0192167 46 42 28
-0.0120095 0.000760561 0.0204466 116 85 66
-0.0118267 0.000814793 0.0203111 50 28 16
-0.0149683 0.000979667 0.0158232 88 89 62
-0.0121553 0.000924348 0.0195635 114 96 78
-0.0140589 0.00105096 0.0190022 42 16 5
-0.0127781 0.00105847 0.0190268 102 82 65
-0.015948 0.00124973 0.0193435 117 91 80
-0.0146625 0.0012884 0.0189345 104 56 28
-0.0117012 0.00155639 0.0240677 71 56 39
-0.0122018 0.00145462 0.0182821 74 58 42
-0.011873 0.00159157 0.0207287 32 13 8
-0.015563 0.00160106 0.0153243 136 126 106
-0.0131214 0.00179911 0.0196854 26 8 4
-0.0133009 0.00218127 0.0203564 96 67 64
-0.0154162 0.00197962 0.0150095 79 84 55
-0.0143921 0.00238527 0.0198065 120 92 85
-0.014502 0.00283877 0.0200032 54 16 8
-0.0134406 0.00302658 0.0209633 43 20 19
-0.014766 0.00385433 0.0210328 63 18 8
-0.0148318 0.00451097 0.0214786 54 20 14
-0.0132479 0.00467128 0.0228909 126 100 99
-0.013551 0.00506756 0.0228869 94 68 66
-0.0182794 -0.00948837 0.0241223 82 88 40
-0.0163246 -0.00626554 0.0218367 88 98 64
-0.00984586 -0.00265526 0.0216598 78 70 32
-0.010682 -0.00214926 0.0224447 144 156 116
-0.0102325 -0.00207541 0.0223128 150 160 118
-0.0129141 -0.00184725 0.0202945 86 90 74
-0.0120063 -0.00182133 0.0235831 56 52 22
-0.0103819 -0.000894293 0.0209703 114 78 63
-0.0106371 -0.000605342 0.020975 134 95 81
-0.0145848 0.000218193 0.016494 23 24 11
-0.0109553 1.07672e-05 0.0208056 129 100 84
-0.010956 0.000115869 0.0208164 124 96 82
-0.0148157 0.000560574 0.0161498 92 94 62
-0.0146447 0.000539329 0.0191779 20 6 3
-0.0140787 0.000528697 0.0192687 14 4 0
-0.0157257 0.000754141 0.0190186 73 56 42
-0.012004 0.000687386 0.0203981 47 25 14
-0.0117841 0.000684631 0.0202146 141 120 112
-0.0113548 0.0007099 0.0232277 102 88 74
-0.0118825 0.000802883 0.0204444 60 36 22
-0.0116422 0.00102423 0.0201826 94 68 58
-0.0117799 0.00115793 0.0200643 70 32 24
-0.0117941 0.00120782 0.020652 92 66 62
-0.015118 0.00131376 0.0155746 88 88 66
-0.0118901 0.0020962 0.0225167 38 15 10
-0.0147606 0.00386027 0.020958 60 15 6
-0.014363 0.00540728 0.022827 78 43 35
-0.018277 -0.00945781 0.0240375 92 96 46
-0.00784691 -0.00488181 0.0188627 150 155 104
-0.0161726 -0.0061464 0.0215227 81 91 56
-0.0202038 -0.00337388 0.0216025 72 61 24
-0.0181247 -0.002234 0.0209145 56 38 18
-0.0122571 -0.00190054 0.0243498 60 42 22
-0.0178448 -0.000439089 0.0202336 84 59 36
-0.017616 -0.00039695 0.0201789 156 143 114
-0.0110693 7.33817e-05 0.0213209 106 78 58
-0.0118278 0.000690787 0.0203796 141 120 112
-0.0118974 0.000802888 0.0202872 84 56 39
-0.012855 0.00106007 0.0191468 91 70 53
-0.0116428 0.00107674 0.0208542 82 57 48
-0.0143655 0.00129527 0.0190849 85 45 32
-0.0150644 0.00131202 0.0154904 96 95 74
-0.0119275 0.00238027 0.0230545 60 44 38
-0.0136248 0.00346058 0.0212187 93 72 68
-0.0148998 0.00521007 0.0222534 100 64 58
-0.0193995 -0.00641235 0.0187401 94 90 73
-0.0152064 -0.00140888 0.0197847 74 76 45
-0.012206 -0.00185115 0.0239888 58 35 16
-0.0149522 -0.0010047 0.0207001 27 14 4
-0.0146948 0.000155283 0.0164522 79 86 52
-0.0117413 0.000533741 0.0207148 30 12 6
-0.0121553 0.000651668 0.0191818 24 21 10
-0.0119498 0.00063164 0.0204364 82 56 42
-0.0120088 0.000688388 0.0201551 29 12 4
-0.0117257 0.000761026 0.0203402 73 48 37
-0.0120294 0.000814962 0.0202371 116 85 66
-0.0119411 0.000921576 0.0189582 126 106 88
-0.0116711 0.00104191 0.0202972 158 134 123
-0.0125388 0.00134518 0.018718 148 123 119
-0.0116267 0.00168202 0.0218111 34 12 8
-0.0119829 0.00214988 0.0241892 114 98 86
-0.0138983 0.00464712 0.0220145 108 82 80
-0.0102928 -0.002136 0.0225849 148 154 114
-0.0121926 -0.00171031 0.0239873 130 129 100
-0.0109505 6.72198e-05 0.0207872 128 100 83
-0.0148456 0.000623008 0.0189541 12 6 5
-0.0142337 0.000817473 0.0188338 92 60 48
-0.0112479 0.000721607 0.0226466 87 72 56
-0.0154607 0.00256655 0.0200597 24 5 1
-0.0144813 0.00279356 0.0200868 93 60 52
-0.0148328 0.00514269 0.0221337 88 46 40
-0.0107153 -0.00215704 0.0223147 142 158 114
-0.0102347 -0.00214871 0.0224307 144 156 111
-0.0194266 -0.000477013 0.0222647 124 98 78
-0.0118831 0.000477993 0.0210649 46 20 12
-0.0120955 0.000902065 0.0194375 122 102 84
-0.0117601 0.00109231 0.0186549 140 123 113
-0.0119322 0.00114893 0.020089 94 62 54
-0.0125723 0.00128257 0.0186793 136 110 97
-0.0154903 0.00301313 0.0146542 120 113 90
-0.0137315 0.00508312 0.0228377 70 38 36
-0.0177001 -0.00119177 0.0199229 135 129 80
-0.0113098 0.000908489 0.0208008 60 27 16
-0.0117643 0.00120297 0.0203927 100 72 68
-0.011666 0.00124713 0.0200882 138 108 102
-0.0129492 0.00129308 0.0192727 63 25 9
-0.0133855 0.00293829 0.0206278 122 95 88
-0.0132364 0.00467924 0.0229278 99 70 68
-0.0206464 -0.00313924 0.0217398 94 72 26
-0.0154805 0.0012282 0.0156745 112 104 80
-0.0127234 0.00343935 0.0219841 111 88 86
-0.0153947 0.00304483 0.0144465 90 82 54
-0.0154608 0.00309599 0.0144029 140 128 112
-0.0159722 -0.00267033 0.0204273 85 86 56
-0.0117353 0.00113409 0.0201165 128 98 90
-0.0125007 0.00128599 0.0185128 104 74 54
-0.0120522 0.00159804 0.0211808 74 58 54
-0.0159344 0.00450595 0.022002 124 82 76
-0.019575 -0.0063863 0.0186581 52 53 33
-0.01444 0.000385619 0.019929 67 46 35
-0.0120431 0.000776421 0.0204822 116 85 65
-0.0115697 0.00107188 0.0207077 72 46 39
-0.0155025 0.00122132 0.0157012 130 120 98
-0.019605 -0.00639141 0.01867 50 50 28
-0.0180629 -0.00118886 0.0198192 146 104 70
-0.0118559 0.000590164 0.0205052 34 12 6
-0.0119861 0.000628432 0.0205451 82 55 42
-0.0140896 0.00106414 0.0190647 47 18 8
-0.0133667 0.00294089 0.0205663 88 54 46
-0.0146869 0.00373572 0.0209137 102 58 46
-0.0153166 0.00300056 0.014449 92 87 60
-0.0176062 -0.00128351 0.0197614 128 118 65
-0.0149034 -0.00100091 0.0205372 29 25 13
-0.0119898 0.000953023 0.0190696 85 67 48
-0.0152225 0.00132091 0.0156769 78 80 55
-0.0132339 0.00475002 0.0228247 112 90 90
-0.0151878 0.00515296 0.0223377 105 54 34
-0.0113342 0.000823082 0.0208284 65 28 16
-0.0118569 0.0010684 0.0188187 126 106 90
-0.014522 0.001317 0.0196157 64 25 10
-0.011392 0.000529504 0.0209639 98 54 28
-0.0118019 0.00072302 0.0203917 139 116 106
-0.0132226 0.00465597 0.0228137 119 94 91
-0.0196888 -0.00685999 0.0184724 40 48 24
-0.00796314 -0.0047506 0.0190746 52 58 26
-0.00790008 -0.00472991 0.0191731 40 49 28
-0.00991883 -0.00277514 0.0221816 76 78 39
-0.0104369 -0.00198213 0.0224338 57 48 19
-0.0124275 0.00136316 0.018598 144 116 102
-0.0158538 0.0024156 0.0202256 51 17 12
-0.0119196 0.0006088 0.0206223 37 13 6
-0.0141496 0.00107281 0.0191796 44 16 6
-0.0117543 0.00115547 0.0186819 144 122 108
-0.0124379 0.00136494 0.0185688 146 114 100
-0.0143313 0.00104739 0.0190604 52 18 9
-0.0124804 0.00135164 0.0185835 152 115 100
-0.0173179 0.00268905 0.0216371 142 120 98
-0.0167396 0.00264702 0.0220697 32 5 2
-0.0105141 -0.00203106 0.0224881 46 40 12
-0.0157356 0.00245658 0.0201376 31 9 3
-0.00785448 -0.0049649 0.0191316 94 97 54
-0.0109011 -0.00315983 0.0198731 62 72 52
-0.0105988 -0.00226767 0.022438 94 101 60
-0.0197317 -0.00689335 0.0185247 40 48 19
-0.0116018 0.00106167 0.0208206 50 24 18
-0.0146215 0.0038633 0.0210445 53 18 12
-0.00776838 -0.00495184 0.0189958 149 152 102
-0.0142851 0.00163884 0.0192837 70 36 30
-0.0154365 0.00308496 0.0143975 126 114 95
-0.019525 -0.00672947 0.0187348 112 112 72
-0.0106712 -0.00211912 0.0223197 150 160 114
-0.0141653 0.000371481 0.0194303 71 54 42
-0.0165824 -0.00736617 0.0225239 106 112 70
-0.0113565 -0.00297037 0.0142841 120 118 81
-0.0183096 -0.00310337 0.0216191 100 100 48
-0.0179414 -0.00289791 0.0217875 100 100 50
-0.0152845 -0.00167699 0.0186242 150 150 104
-0.0144918 -0.00100186 0.0176287 112 118 84
-0.0119162 0.00236697 0.0229457 54 35 28
-0.0120019 0.00260775 0.022823 30 12 10
-0.0136685 0.0039523 0.0213972 119 92 88
-0.016558 -0.00676145 0.021991 90 96 64
-0.0180472 -0.00534655 0.0195884 89 90 46
-0.0184799 -0.00318051 0.0218695 116 115 62
-0.0206038 -0.00324804 0.0218435 120 105 55
-0.0152022 -0.0015697 0.018334 40 44 13
-0.0181602 -0.00195409 0.0207361 116 100 64
-0.0117392 0.00074704 0.0204817 68 40 22
-0.0142193 0.00099973 0.0191991 72 43 33
-0.0119204 0.00238384 0.0227643 106 94 88
-0.0184051 -0.00568568 0.0194689 99 98 52
-0.0173301 -0.00464551 0.0198585 116 118 72
-0.0165448 -0.00377044 0.0205825 112 114 67
-0.0164598 -0.00352315 0.0204339 77 84 52
-0.0118894 0.000769249 0.0204886 71 46 34
-0.0129764 0.00465777 0.0236215 72 36 34
-0.0165966 -0.00680119 0.0220499 88 94 62
-0.018044 -0.00534247 0.0195697 97 98 52
-0.0174352 -0.00470378 0.0200295 90 93 50
-0.0160345 -0.00310335 0.0205166 76 80 48
-0.0151204 -0.00153502 0.0181298 36 40 14
-0.0133917 0.00294341 0.0206421 122 96 90
-0.0133167 0.00296544 0.0206551 42 20 18
-0.0131181 0.00481354 0.0233975 80 57 54
-0.0152261 0.00527282 0.0221955 96 49 29
-0.0191469 -0.00594228 0.0187691 89 88 64
-0.0181084 -0.00536987 0.0196413 75 78 36
-0.0171014 -0.00435179 0.0201835 86 87 48
-0.0178388 -0.00145182 0.0199821 126 114 68
-0.0109693 -0.00036634 0.0223633 128 103 80
-0.0130738 0.00486383 0.0242596 84 56 48
-0.0158977 -0.00468342 0.0163627 80 80 34
-0.0161331 -0.00350365 0.0202157 154 152 105
-0.0198575 -0.0032712 0.0215441 88 84 41
-0.0140614 -0.00182301 0.018615 115 110 70
-0.0102225 -0.00207716 0.0221995 136 141 100
-0.0180225 -0.00190734 0.0205397 108 93 56
-0.0115274 0.000882734 0.0215974 90 55 44
-0.0117466 0.00120853 0.0202689 108 74 69
-0.0117366 0.00153759 0.0202011 66 40 36
-0.0181212 -0.0022449 0.0208507 56 38 19
-0.0151223 0.00456034 0.0217783 46 12 3
-0.0138899 0.0046733 0.0219727 94 65 62
-0.0152644 -0.00174529 0.0185549 148 147 94
-0.0152931 -0.00158615 0.0183351 32 36 14
-0.0117663 -0.00173065 0.0227161 137 149 109
-0.00780829 -0.00500958 0.0191732 151 155 106
-0.0165253 -0.00673209 0.021956 97 104 74
-0.0186365 -0.00591495 0.0192181 79 78 40
-0.0181386 -0.00540505 0.0197387 86 88 46
-0.0154744 -0.00549835 0.0217211 116 126 76
-0.0118887 -0.00294205 0.0150465 88 84 47
-0.0173195 -0.00462991 0.019847 100 103 58
-0.0118521 -0.00284661 0.0149103 146 145 105
-0.0124391 -0.00281158 0.0157235 152 158 110
-0.0154339 -0.00425888 0.0210748 108 114 79
-0.0125339 -0.00273457 0.0159345 150 155 116
-0.0138453 -0.00410251 0.0224082 61 69 36
-0.0121304 -0.00253881 0.0161131 88 92 87
-0.0138767 -0.0040312 0.0223756 148 156 126
-0.0165623 -0.00377746 0.0206112 94 98 54
-0.013879 -0.00391937 0.0223593 138 144 117
-0.0150475 -0.00328317 0.0207502 114 119 80
-0.020339 -0.00343726 0.0217913 49 40 6
-0.0207274 -0.00318532 0.0217105 86 61 14
-0.0129865 -0.00267352 0.0210496 151 155 120
-0.0121958 -0.00244435 0.0202533 86 89 76
-0.0122803 -0.00216036 0.0203544 80 86 76
-0.0115105 -0.00172133 0.0226759 134 147 106
-0.0115517 -0.00157302 0.0222932 122 136 96
-0.011763 -0.000942353 0.0238284 129 112 92
-0.0146815 0.000144932 0.0164728 98 108 80
-0.0110516 0.000446933 0.0212259 125 101 88
-0.0117842 0.000526589 0.0210002 58 26 11
-0.0127836 0.00124992 0.0192276 64 36 24
-0.0127234 0.00146784 0.0189801 79 50 46
-0.0159493 0.00198247 0.0198976 106 70 63
-0.0132782 0.00300691 0.0205099 34 10 6
-0.0170446 0.00371992 0.0223023 130 98 80
-0.0125723 0.00334616 0.0215346 126 103 102
-0.0129289 0.00398959 0.0220605 53 22 23
-0.0158828 0.00445329 0.0218577 130 91 86
-0.0184138 -0.00956821 0.0242974 97 102 53
-0.0118573 -0.00612071 0.0206403 125 131 86
-0.018367 -0.00565882 0.019416 94 96 49
-0.0113787 -0.00297223 0.0142987 120 121 82
-0.0124674 -0.00280399 0.0158797 89 87 58
-0.0208439 -0.00322911 0.0218785 96 76 26
-0.0136018 -0.00177416 0.0183811 70 73 58
-0.0115908 -0.0016912 0.0226839 127 142 98
-0.0123777 -0.00176382 0.0246274 140 135 106
-0.0116179 -0.000757574 0.0232316 46 22 4
-0.0126896 0.000336182 0.0203342 44 41 29
-0.0113386 0.000883313 0.0209439 64 30 20
-0.0117039 0.00120111 0.0203927 48 24 20
-0.0129302 0.00148764 0.019624 46 17 12
-0.0119499 0.00228938 0.0237462 60 34 20
-0.0119787 0.00248073 0.0228324 102 88 84
-0.0146782 0.00264699 0.0197018 90 47 35
-0.0130755 0.00405109 0.0225835 79 46 45
-0.0129169 0.00465793 0.023914 100 70 64
-0.0128853 0.00461666 0.0232957 76 39 35
-0.018784 -0.00601949 0.0194373 104 104 58
-0.0181284 -0.00540006 0.0197081 104 104 60
-0.0123718 -0.00279391 0.0156047 155 162 108
-0.0123795 -0.00275598 0.0177906 114 121 92
-0.0203278 -0.00345708 0.0218147 54 47 10
-0.0115601 -0.00168063 0.0225691 114 128 84
-0.0117623 0.000519113 0.0208294 30 10 4
-0.0138872 0.000668267 0.0185129 59 41 33
-0.0114657 0.000945521 0.0209124 58 27 18
-0.0117037 0.00119041 0.0204617 64 42 38
-0.0132545 0.00254483 0.0202196 98 76 74
-0.0123451 0.00320558 0.0210016 81 50 43
-0.0108728 0.00274556 0.0174505 61 30 14
-0.0131601 0.00411492 0.0227803 58 24 24
-0.0129385 0.00477644 0.0238694 88 59 51
-0.0178483 -0.00507857 0.0199415 79 82 46
-0.0115316 -0.00300895 0.0146001 155 156 113
-0.0168442 -0.00406029 0.0203954 95 99 58
-0.0123506 -0.00242502 0.01657 84 88 82
-0.0118694 -0.000981858 0.023536 80 64 45
-0.0116756 0.000515306 0.020967 111 66 38
-0.0157911 0.00123991 0.0190223 122 96 86
-0.0115638 0.00112114 0.0200009 156 130 124
-0.015665 0.00159199 0.0192272 38 9 2
-0.0128797 0.0017079 0.0194558 44 20 16
-0.0131874 0.00247683 0.0200683 120 100 98
-0.0158792 0.00311993 0.0206773 117 87 76
-0.013515 0.00300827 0.0207551 54 21 14
-0.0109985 0.00255232 0.017593 94 76 38
-0.0135558 0.00334132 0.0210748 111 91 88
-0.0134084 0.00337812 0.0206385 113 96 94
-0.00871539 -0.00462559 0.0193099 154 156 110
-0.0155067 -0.00550311 0.0217694 95 107 58
-0.016303 -0.00361585 0.0200491 108 112 70
-0.0130602 -0.00175845 0.0247875 106 90 76
-0.0123016 -0.0017222 0.0242775 137 132 104
-0.0104673 -0.000905327 0.0212821 134 100 84
-0.0117478 0.000527196 0.0206883 28 11 4
-0.0117057 0.000776079 0.0202104 96 73 60
-0.0115189 0.000972009 0.0237513 86 68 49
-0.0115552 0.00119002 0.0234672 134 125 110
-0.0116911 0.00119655 0.0203537 78 56 51
-0.0116416 0.00121986 0.0198375 84 51 46
-0.0159598 0.00155393 0.0195606 96 56 46
-0.0115229 0.00145648 0.0182425 78 56 42
-0.016781 0.00201784 0.0203054 147 128 103
-0.0118576 0.00209843 0.02229 24 8 2
-0.0134268 0.00255811 0.0206989 77 54 52
-0.012077 0.0029639 0.0234978 92 70 56
-0.0167059 0.00363556 0.0215653 138 112 91
-0.0132789 0.00491334 0.0238694 84 56 54
-0.0179973 -0.0053021 0.0194446 90 95 54
-0.0155119 -0.00550489 0.0217735 95 107 58
-0.0168523 -0.00404853 0.0203564 72 78 41
-0.0149932 0.000591415 0.0163796 84 88 61
-0.0114027 0.000425727 0.0206957 113 70 46
-0.0116455 0.00147417 0.0186469 62 46 28
-0.0119071 0.00154572 0.0205315 84 59 54
-0.0166348 0.00362024 0.0214028 136 115 94
-0.0134532 0.00336598 0.0207554 102 84 81
-0.0166842 -0.00397036 0.0200297 91 98 55
-0.0161224 -0.00337897 0.0202963 82 88 51
-0.0129432 -0.0027338 0.0208874 82 89 55
-0.0117706 0.000339378 0.021427 110 69 47
-0.0117329 0.000555083 0.0200929 59 30 21
-0.0117154 0.00075305 0.0202746 87 62 46
-0.0115654 0.000799211 0.0210632 141 106 88
-0.0113767 0.000864831 0.0206975 125 93 83
-0.0119834 0.00216465 0.0241412 114 98 86
-0.0122261 0.00248195 0.0238172 70 48 42
-0.0142837 0.00234379 0.0194175 64 32 26
-0.0120357 0.00261911 0.0224504 41 22 16
-0.0174588 0.0034671 0.0226092 123 94 72
-0.0166917 0.00400956 0.0216797 130 104 86
-0.0113203 -0.000710116 0.0214458 80 60 46
-0.0119051 0.000766055 0.0204725 74 49 35
-0.013961 0.00463427 0.0222252 112 83 80
-0.00820164 -0.00478157 0.0193211 158 160 109
-0.0150933 -0.00335018 0.0208582 112 118 81
-0.0183798 -0.00265446 0.0212879 140 131 94
-0.0126227 -0.0015753 0.0245051 146 134 104
-0.0125858 -0.00158011 0.0247367 131 122 92
-0.0119363 -0.000964606 0.0239965 78 62 42
-0.014883 0.000563983 0.0162838 110 117 88
-0.0127495 0.00108755 0.0189842 52 35 16
-0.0116254 0.00113652 0.02015 152 127 118
-0.0117632 0.00114563 0.0186791 156 136 127
-0.0117324 0.00117672 0.0188185 94 64 50
-0.0124266 0.00134953 0.0186752 150 136 128
-0.0153784 0.00198274 0.0149541 96 102 77
-0.0104081 -0.00198479 0.0223676 46 40 12
-0.0117291 -0.00102896 0.023773 51 31 11
-0.014811 0.000239692 0.0168349 20 20 7
-0.0149396 0.000926788 0.015866 91 101 78
-0.0158241 0.00158477 0.0195111 40 10 2
-0.0152843 0.00163176 0.0153779 91 94 70
-0.0161456 0.00316893 0.0143255 100 90 76
-0.00821363 -0.00475188 0.0192111 158 160 104
-0.00937504 -0.00400027 0.0190316 82 85 62
-0.0125814 -0.00157441 0.024581 136 126 94
-0.0159471 0.00158085 0.0197885 55 22 14
-0.0105469 -0.00771076 0.0219307 80 92 44
-0.0190464 -0.00627268 0.0191694 96 94 50
-0.0154374 -0.00545731 0.0215874 92 104 54
-0.0139614 -0.00421235 0.0194749 132 138 89
-0.0125889 0.000358 0.0199869 51 49 36
-0.0119789 0.000891381 0.0190639 108 88 70
-0.0138591 0.00461006 0.0219683 122 98 93
-0.0143086 0.00532065 0.0227671 140 104 102
-0.0117636 0.00114178 0.0186106 137 122 112
-0.0130152 0.00464518 0.0231952 96 68 62
-0.0198475 -0.00672129 0.0186016 42 49 26
-0.00829672 -0.00453466 0.0186495 158 161 106
-0.0106121 -0.00215504 0.0226001 36 36 9
-0.0137105 0.00510219 0.0227646 114 88 87
-0.0130208 0.00400941 0.0224317 100 70 68
-0.0126233 -0.00194439 0.0244678 142 160 115
-0.0113313 0.000710874 0.0227717 80 50 36
-0.00811068 -0.00479546 0.0192474 140 140 102
-0.0105363 -0.00355361 0.0196211 68 76 52
-0.0115387 -0.00289217 0.0199143 82 88 66
-0.0131524 -0.00184317 0.0184917 74 84 70
-0.0105857 -0.00227272 0.0224067 102 108 66
-0.0111973 0.000202993 0.0233036 99 92 76
-0.0140711 0.00049617 0.0192093 31 18 12
-0.0123413 0.000523846 0.0196123 66 64 56
-0.011659 0.000537841 0.0208276 94 48 21
-0.0118536 0.000641353 0.0205021 68 48 38
-0.011667 0.00119341 0.0203219 74 54 50
-0.0116832 0.00148029 0.0240179 112 102 85
-0.011988 0.00154836 0.0208991 126 103 102
-0.0121352 0.00197339 0.0210921 120 100 97
-0.0119952 0.00229071 0.0240582 51 28 16
-0.0122794 0.00232504 0.0212878 120 98 93
-0.0122161 0.00266937 0.0218947 106 76 73
-0.0148809 0.0045562 0.0215501 52 18 9
-0.0129642 0.0046415 0.0233343 112 88 84
-0.012908 0.00465235 0.0234256 70 40 34
-0.0132044 0.00463269 0.0227968 124 99 100
-0.0134189 0.00504397 0.0232423 68 50 46
-0.0148475 0.00505364 0.0221228 57 18 10
-0.0150242 0.0051628 0.0218744 102 52 35
-0.014462 0.00540204 0.0223619 106 69 58
-0.0200717 -0.00334124 0.0214241 60 48 10
-0.0105941 -0.0022828 0.0224065 140 151 106
-0.0122907 -0.00195284 0.024071 131 130 98
-0.0135137 -0.00181038 0.0248506 52 22 6
-0.0125986 0.000353641 0.0199983 42 44 31
-0.0148812 0.000635094 0.0161489 89 91 60
-0.011786 0.000515571 0.0209612 40 10 2
-0.0118161 0.000729437 0.0204473 134 114 105
-0.0118314 0.000796016 0.0203671 60 38 25
-0.0114321 0.000815218 0.0234902 68 54 42
-0.011324 0.00091795 0.0208685 85 52 38
-0.0127361 0.00105267 0.0189568 76 60 38
-0.0155319 0.00160098 0.0153082 132 124 102
-0.0119981 0.00194998 0.0208495 76 55 50
-0.0122677 0.00202723 0.0211555 34 11 10
-0.0119911 0.00239138 0.0229719 96 79 72
-0.0120345 0.00249953 0.0230374 76 62 57
-0.0145719 0.00387228 0.0209661 51 12 3
-0.0131973 0.00462669 0.022744 110 81 80
-0.0133651 0.00500573 0.0231214 79 61 58
-0.00799548 -0.00477194 0.0191608 45 49 16
-0.0130283 -0.00175012 0.0246727 92 74 58
-0.0124351 0.000452896 0.0197373 15 16 4
-0.0123889 0.000528917 0.0196975 54 54 42
-0.0120212 0.000588593 0.0205126 70 46 32
-0.0122538 0.000671444 0.019511 15 12 3
-0.016743 0.00110237 0.0196446 101 75 56
-0.0141283 0.00106143 0.0189667 104 75 61
-0.0126484 0.00129045 0.0187857 110 78 62
-0.0144054 0.00198272 0.0196234 100 70 66
-0.0118247 0.0019992 0.0226985 102 76 66
-0.0121072 0.00197026 0.0212229 35 15 9
-0.0118218 0.00210675 0.0236235 114 96 84
-0.011967 0.00223631 0.0237812 51 28 18
-0.0119925 0.00246969 0.02297 114 102 97
-0.0159674 0.00314546 0.0208859 116 78 67
-0.0158954 0.00322144 0.0208515 106 78 68
-0.0147563 0.00446589 0.0215013 116 87 82
-0.0138919 0.0046093 0.0220225 113 86 82
-0.0150515 0.00536378 0.0222943 100 58 43
-0.0111962 -0.00311057 0.0197806 72 76 54
-0.0184906 -0.00267315 0.0214197 150 142 96
-0.015336 -0.000874523 0.0176443 144 141 86
-0.0158468 0.000361344 0.0195531 22 10 4
-0.0148714 0.000690142 0.0192121 24 6 2
-0.0153938 0.000801808 0.016027 120 114 86
-0.0118888 0.000617097 0.020597 35 12 4
-0.0139118 0.00075724 0.0186214 18 6 0
-0.0150007 0.000994102 0.0158616 94 96 68
-0.0162073 0.00118341 0.0195765 107 60 36
-0.0158626 0.00236174 0.0200795 108 72 61
-0.0161033 0.00320434 0.0210915 120 86 74
-0.0153211 0.00303025 0.0143684 104 92 70
-0.0147239 0.00445218 0.0212431 50 15 9
-0.0148878 0.00507727 0.0220239 117 80 68
-0.0152511 0.00527744 0.0222859 98 48 30
-0.00800511 -0.00485039 0.0193391 40 47 15
-0.0112751 0.000143534 0.0211977 146 103 87
-0.0148765 0.000683501 0.0191938 23 8 4
-0.0149576 0.00103104 0.0192486 155 110 80
-0.0115185 0.00102076 0.0211377 104 72 65
-0.0120322 0.00157036 0.0209245 64 36 33
-0.0117375 0.00174215 0.0236086 54 33 20
-0.0130048 0.00173249 0.0196511 101 76 68
-0.0159635 0.00199494 0.0197259 42 11 2
-0.0120187 0.00228718 0.0238981 43 18 10
-0.0157572 0.00241988 0.0201275 41 14 6
-0.0119576 0.00243897 0.0228074 62 48 42
-0.0160606 0.00388585 0.021598 102 58 50
-0.0124289 0.00376605 0.0235905 84 58 54
-0.0150608 0.00514945 0.0222566 110 68 55
-0.0140159 0.000735141 0.0187523 44 25 18
-0.0148211 0.00101483 0.018783 172 125 96
-0.011457 0.000886366 0.0209543 92 63 52
-0.0150982 0.00239687 0.0199617 36 6 1
-0.0156128 0.00310237 0.0146659 99 88 64
-0.0179433 -0.00186163 0.020344 96 76 44
-0.0150154 -0.00101263 0.0207632 30 28 14
-0.0119009 0.000493224 0.021075 36 12 5
-0.0140873 0.000729164 0.0189013 30 14 7
-0.0119757 0.000621231 0.0204866 83 56 42
-0.0171757 0.00236164 0.0211632 150 130 108
-0.0158808 0.00251837 0.0203729 32 13 10
-0.0155034 0.0030568 0.0145568 158 146 128
-0.0100309 -0.00278653 0.0224246 86 84 44
-0.0159739 0.000513247 0.0191333 35 28 15
-0.0116558 0.00112977 0.0200999 98 70 66
-0.0121846 0.00230865 0.0242811 44 20 11
-0.0133033 0.00474944 0.0229076 78 51 50
-0.0102279 -0.00380483 0.0196333 84 86 62
-0.0120467 0.0016978 0.0208214 28 7 4
-0.0161028 0.00466346 0.022377 88 50 43
-0.0132057 0.00468294 0.022953 76 48 48
-0.0136505 0.00513391 0.0230845 72 47 44
-0.0139776 0.00522306 0.0221117 70 32 20
-0.0115312 -0.00289146 0.0198947 74 79 59
-0.0109257 -8.16796e-05 0.0209057 106 76 58
-0.011723 0.000752551 0.0203915 78 48 30
-0.0113066 0.000968107 0.0212935 113 82 72
-0.0116146 0.00105801 0.0208834 50 26 16
-0.0119369 0.00115211 0.0207526 112 82 75
-0.0132134 0.00468614 0.0229786 76 46 46
-0.0153487 0.00530993 0.0224194 102 53 36
-0.0114086 0.000719201 0.0234841 138 126 114
-0.0115239 0.00101973 0.0210686 98 68 60
-0.0126085 0.00119214 0.0186853 132 96 78
-0.0119504 0.001546 0.0208044 107 82 79
-0.0122739 0.00314745 0.0234682 98 78 72
-0.0130561 0.00479242 0.0234373 74 52 52
-0.011569 0.000535958 0.0205459 70 31 11
-0.0149224 0.000922301 0.0158464 86 88 64
-0.014027 0.00105668 0.0188416 68 43 30
-0.0159302 0.00455013 0.0220279 118 82 74
-0.0140519 0.0052536 0.0228223 72 36 30
-0.0151194 0.00538117 0.0223634 99 56 42
-0.0113819 0.000318091 0.023557 128 117 105
-0.0121359 0.000686764 0.0205413 28 12 6
-0.0127333 0.00448599 0.0239902 85 56 50
-0.011026 -0.000391813 0.0226597 118 94 66
-0.0114619 0.000409011 0.0209223 114 73 50
-0.014507 0.00240477 0.0199398 62 28 20
-0.0149106 0.0052182 0.0223104 78 34 25
-0.0117041 0.000669884 0.0200071 102 84 72
-0.0156695 0.00305158 0.0148728 82 77 49
-0.0133021 0.0047793 0.0228988 88 60 60
-0.01088 -0.00122691 0.0216665 100 89 58
-0.0189942 -0.00614533 0.0189053 87 88 66
-0.0185306 -0.0057156 0.0192237 42 47 12
-0.0183544 -0.00565072 0.0194232 92 96 48
-0.0180486 -0.00534694 0.0196191 98 96 50
-0.0122339 -0.00251733 0.0163455 88 90 84
-0.0138865 -0.00380866 0.0223212 102 108 64
-0.0161458 -0.00289361 0.0201771 73 77 48
-0.00992922 -0.00276576 0.0221793 70 69 30
-0.0129983 -0.00203648 0.0177939 84 90 76
-0.00986327 -0.00263748 0.0222405 91 98 57
-0.0103864 -0.00249913 0.0223814 132 142 93
-0.0116798 0.000456171 0.0208971 137 93 68
-0.0113385 0.000833855 0.0208091 58 22 10
-0.0119489 0.00162527 0.0209246 27 8 4
-0.00802794 -0.00484325 0.0193264 52 52 22
-0.0112692 -0.00188883 0.0227202 126 136 98
-0.0141781 -0.00203502 0.0250624 163 140 96
-0.0117703 0.00112038 0.0201929 120 86 78
-0.016405 -0.00350932 0.0203244 86 86 56
-0.0112136 -0.00313173 0.0198446 70 74 52
-0.0163875 -0.00314894 0.020047 76 77 50
-0.0129818 -0.00205138 0.0180815 87 91 80
-0.00986081 -0.00258416 0.0221627 88 88 50
-0.0113119 0.000852238 0.020727 62 26 12
-0.0120953 0.00194289 0.0210061 109 84 82
-0.0119523 0.00209027 0.0228118 37 20 11
-0.018416 -0.00565044 0.0191085 45 50 12
-0.0188217 -0.00559322 0.0189253 80 78 56
-0.0183207 -0.00531044 0.0189749 72 74 52
-0.00986058 -0.00257101 0.0221041 88 85 48
-0.0119891 0.0015707 0.0208528 99 80 78
-0.0119616 0.00160151 0.0209914 30 12 8
-0.0130174 0.00172796 0.0196826 103 78 72
-0.0127817 0.0045255 0.0240923 92 66 60
-0.0184979 -0.00568227 0.0191947 46 50 19
-0.0187701 -0.00541825 0.0189159 49 50 28
-0.0180115 -0.00529534 0.0194868 52 58 24
-0.0130927 -0.00152947 0.0243138 34 14 2
-0.0127207 0.00175477 0.0192244 20 10 5
-0.00801679 -0.00488084 0.0193999 54 55 24
-0.0150692 0.00152247 0.0155494 124 117 96
-0.0140713 0.0047362 0.0223193 90 58 57
-0.0173345 -0.00779334 0.0225698 101 102 58
-0.0168111 -0.00770774 0.0226999 92 97 62
-0.0163386 -0.00693767 0.0224154 110 116 70
-0.0165503 -0.00675061 0.0220125 95 99 67
-0.018757 -0.00571623 0.0189946 74 78 52
-0.0160771 -0.00607611 0.021398 96 106 71
-0.0113548 -0.00295436 0.0142634 108 104 66
-0.0116612 -0.00297055 0.0147476 142 139 100
-0.0118174 -0.00296039 0.0149687 138 136 100
-0.0138655 -0.00411016 0.0224051 98 103 60
-0.0192515 -0.00345147 0.0216977 101 100 47
-0.0157304 -0.00263808 0.0204331 70 74 42
-0.0183122 -0.00229667 0.0215704 114 100 58
-0.0117791 -0.00182569 0.0234735 112 122 86
-0.0136396 -0.00132048 0.0204671 70 78 65
-0.0103642 -0.000879078 0.0209301 98 66 51
-0.0108982 -5.86132e-05 0.0208456 85 56 32
-0.0108262 4.44439e-05 0.0205436 52 24 8
-0.0111656 0.000103366 0.0216309 60 32 14
-0.0112121 0.000146636 0.021088 112 69 54
-0.0112293 0.000718702 0.0217029 120 99 90
-0.0123605 0.000917155 0.0199973 124 110 96
-0.0120435 0.00215517 0.0242387 110 92 79
-0.0122003 0.00276656 0.0222908 84 52 47
-0.0187558 -0.00553699 0.018881 83 82 58
-0.0164139 -0.00554546 0.0215071 100 103 56
-0.0193005 -0.00347243 0.0217722 116 116 61
-0.0158951 -0.00304367 0.0203272 88 89 56
-0.0129843 -0.00203359 0.017742 75 80 68
-0.015137 -0.0020591 0.0194994 72 74 38
-0.0115471 -0.00165988 0.0225294 86 98 60
-0.0111258 0.000723624 0.0213873 124 102 94
-0.0120787 0.00195219 0.0209212 104 84 82
-0.0120562 0.00286524 0.0238534 106 86 69
-0.0121613 0.00308926 0.0231889 102 76 72
-0.0122167 0.00315235 0.0232784 90 70 68
-0.0135094 0.00344463 0.0209802 119 101 100
-0.00795698 -0.00475138 0.019084 36 40 13
-0.0119744 -0.0030426 0.0151361 142 148 100
-0.0138075 -0.0037618 0.0221432 120 126 78
-0.0139948 -0.00350999 0.0223839 120 127 84
-0.0149955 -0.00289331 0.0197603 155 152 106
-0.0111674 0.000729583 0.0215005 124 103 96
-0.0143519 0.00139573 0.0187527 166 118 96
-0.012649 0.00137532 0.0191517 144 124 116
-0.0123209 0.00205403 0.021015 38 18 14
-0.012152 0.00290053 0.0241831 117 98 82
-0.0133271 0.00295107 0.0205195 126 103 97
-0.0127675 0.00451188 0.0241019 96 67 60
-0.0168556 -0.00773553 0.0227592 78 86 52
-0.0114427 -0.00293325 0.0143869 153 152 106
-0.0118886 -0.00300418 0.0150205 152 154 104
-0.01471 -0.00206398 0.0196066 48 56 16
-0.0177865 -0.00144224 0.0199264 130 117 69
-0.0139726 -0.00091564 0.0207795 92 96 94
-0.0123118 0.00338835 0.0245248 80 54 38
-0.013375 0.00325962 0.0208141 55 27 23
-0.0122744 0.00369809 0.0230992 76 48 42
-0.0148553 0.00517609 0.0222217 78 38 30
-0.0161496 -0.00315817 0.0206947 85 86 54
-0.0104093 -0.000908214 0.0210561 140 105 90
-0.0158934 -0.000340485 0.017568 154 142 104
-0.0113888 0.000850259 0.0208629 93 60 46
-0.0123495 0.000924051 0.0199653 113 100 85
-0.0119686 0.00245455 0.0231482 33 17 12
-0.0133053 0.00254364 0.0203052 68 40 39
-0.0120996 0.00286864 0.0239245 88 62 42
-0.0122052 0.00334115 0.024157 80 50 35
-0.0132304 0.00487992 0.0237118 80 55 54
-0.0190813 -0.00626979 0.0191276 81 81 52
-0.0131217 -0.00152309 0.0243627 28 13 4
-0.0110455 0.000544275 0.0210325 133 108 100
-0.0116647 0.0012047 0.0203556 35 15 11
-0.0130011 0.00169948 0.0196077 82 49 44
-0.013928 0.00409515 0.0219326 82 50 48
-0.0119951 0.00261903 0.0239805 96 62 35
-0.0122254 0.00331153 0.024123 80 46 31
-0.0135727 0.00395378 0.0211035 72 36 33
-0.0146209 -0.000869656 0.0210149 118 114 106
-0.0119021 0.00282042 0.0232678 86 56 38
-0.0118286 -0.00268277 0.020055 74 80 58
-0.0159641 -0.00265439 0.0204497 87 88 60
-0.0180385 -0.00221776 0.0208054 46 26 10
-0.0121103 -0.00185528 0.0240334 56 59 26
-0.0127158 0.00106423 0.0189214 96 84 64
-0.0135381 0.00347078 0.0210508 116 98 96
-0.0130139 0.00484209 0.024129 72 44 35
-0.0135962 0.0051006 0.0231312 58 32 30
-0.0162512 -0.00687501 0.0222462 107 112 72
-0.0125169 -0.00213628 0.0201549 72 77 64
-0.0111617 0.000178063 0.0208732 124 78 64
-0.0161656 0.000720557 0.0189792 110 80 50
-0.0113503 0.000533744 0.020827 85 40 13
-0.0116305 0.001193 0.0236863 126 114 99
-0.0132513 0.0022242 0.020055 38 12 7
-0.0158525 0.00385915 0.021312 125 101 98
-0.0106843 -0.00237195 0.0174004 72 76 56
-0.00991581 -0.00275776 0.0221522 73 68 30
-0.0110348 0.00045432 0.021175 124 99 85
-0.0158028 0.00245685 0.0202085 32 8 2
-0.0145914 0.00388407 0.021029 53 14 4
-0.016339 -0.00628306 0.0218658 96 104 70
-0.0122791 -0.00698452 0.0297554 77 86 58
-0.0132897 -0.00299097 0.0221331 152 156 121
-0.0124523 -0.00206351 0.0254862 116 124 87
-0.011236 0.000168328 0.0211737 109 62 46
-0.0158391 0.000727216 0.0193281 68 39 29
-0.0115187 0.00102148 0.0211715 106 77 70
-0.0148364 0.00445683 0.021632 112 80 76
-0.0131121 -0.00178686 0.0250087 134 118 102
-0.0114535 -0.00161223 0.0240252 78 78 49
-0.0150323 0.00154736 0.0154309 120 120 98
-0.018059 -0.00220969 0.0207813 58 40 19
-0.012692 -0.00197768 0.0248396 150 162 118
-0.0113935 -0.00156124 0.0237561 109 109 78
-0.0143284 0.000532299 0.0197245 31 22 16
-0.0146407 0.000643501 0.0193387 14 8 4
-0.0151588 0.00132365 0.0156187 96 94 72
-0.0154045 0.00158158 0.0192602 112 66 52
-0.0157866 0.00449934 0.0216749 74 48 43
-0.0192109 -0.00635405 0.0187365 44 44 21
-0.0127942 0.00143848 0.01884 152 116 105
-0.018005 -0.00222031 0.0206831 64 46 24
-0.0181984 -0.00192035 0.0207142 89 70 38
-0.011944 0.000579437 0.0203136 73 46 33
-0.0114038 0.000874654 0.0214527 134 98 88
-0.012588 0.000360282 0.0199676 56 56 41
-0.0148213 0.00531526 0.0221339 154 118 107
-0.0206432 -0.00316982 0.0216156 88 67 24
-0.0142683 0.00354277 0.0207017 104 56 46
-0.0121221 0.000735471 0.0192781 59 53 38
-0.0118107 0.00107123 0.0187469 148 130 119
-0.0158997 0.00209865 0.0200609 29 8 4
-0.0141824 0.00130006 0.0191187 88 52 35
-0.0124788 0.00134996 0.0186654 154 130 128
-0.0155759 0.00309871 0.0146355 129 118 97
-0.012549 0.00426778 0.0226931 74 41 34
-0.0208099 -0.00792212 0.0183756 98 92 46
-0.0203262 -0.00737517 0.0187056 78 80 36
-0.0197255 -0.00658292 0.018472 48 49 23
-0.0165017 -0.0031987 0.0202164 78 81 56
-0.0140796 -0.00356 0.0225498 92 96 56
-0.0197599 -0.00358376 0.0218457 114 111 57
-0.019486 -0.00352317 0.0219541 122 118 64
-0.0118116 -0.00267108 0.0199858 78 84 64
-0.0213397 -0.00331453 0.022524 102 88 36
-0.0121217 -0.00246643 0.0201307 71 75 60
-0.0121268 -0.0023959 0.020025 82 85 70
-0.00977526 -0.00258462 0.0219567 91 96 56
-0.010371 -0.0024945 0.0223448 118 124 78
-0.012532 -0.00212168 0.0201767 76 80 63
-0.0186116 -0.00236819 0.0219506 115 104 64
-0.0183228 -0.00223713 0.0212972 112 100 58
-0.0141556 -0.00177696 0.0188543 90 88 54
-0.0181437 -0.00203186 0.0209155 106 96 43
-0.0105894 -0.00215792 0.0230859 136 128 95
-0.0102624 -0.00190781 0.0219247 76 64 34
-0.0137364 -0.00191739 0.022372 154 154 120
-0.0105181 -0.00193192 0.0232108 104 80 58
-0.012117 -0.00203487 0.0239604 58 57 18
-0.0143 -0.00193108 0.0232997 78 69 55
-0.0125089 -0.0021053 0.0246282 88 88 53
-0.0179682 -0.00152528 0.0201639 132 118 67
-0.0153492 -0.00120413 0.0180525 113 110 60
-0.0145921 -0.00207506 0.0248343 109 90 76
-0.0146928 -0.00212493 0.025217 60 42 23
-0.0121137 -0.00195425 0.0241578 138 142 103
-0.0126319 -0.0019331 0.0245979 138 136 100
-0.0125718 -0.00167614 0.0238638 106 88 68
-0.0132966 -0.00182535 0.0253022 126 110 96
-0.015301 -0.000641511 0.0194964 58 56 44
-0.0178562 -0.000620953 0.0198253 123 93 71
-0.0180788 -0.000660956 0.0219386 145 129 113
-0.0176449 -0.000465209 0.0213755 130 113 92
-0.0177207 -0.000397897 0.0213743 128 109 90
-0.0108763 -0.000443663 0.0214612 72 44 26
-0.0183625 -0.000309435 0.0220095 141 122 106
-0.0110569 -0.000377658 0.0227906 92 67 43
-0.0107007 -7.56557e-05 0.0204848 42 20 7
-0.0109648 0.000192219 0.0210207 72 48 31
-0.0148643 0.000559803 0.0162127 108 112 85
-0.0111792 0.000678672 0.0216979 116 100 94
-0.0113111 0.000718815 0.0218416 36 18 15
-0.0175405 0.00108699 0.0205475 161 134 116
-0.0114239 0.000738436 0.022253 111 96 92
-0.0114132 0.000740409 0.0233433 112 94 84
-0.0114426 0.000777399 0.0234974 68 54 42
-0.0115482 0.000800611 0.0235018 28 12 4
-0.0113389 0.000894705 0.0209495 140 104 90
-0.0113777 0.000879194 0.021874 62 42 36
-0.0126991 0.0010652 0.0189055 88 68 43
-0.0112833 0.000984563 0.0212389 90 60 52
-0.0151321 0.00134263 0.0158434 98 108 88
-0.01154 0.00113375 0.0199317 141 114 108
-0.0116544 0.00117629 0.0203835 54 34 28
-0.0115461 0.00117259 0.023478 118 102 90
-0.0151687 0.00145435 0.0157554 152 150 129
-0.0124432 0.00140008 0.0186425 126 96 76
-0.0119045 0.00153448 0.0207305 120 102 98
-0.0117269 0.00162952 0.0241818 132 126 112
-0.0120423 0.00168298 0.0245573 112 92 79
-0.0129229 0.00170674 0.0195276 92 72 56
-0.0116261 0.00170895 0.0234737 33 16 5
-0.0121044 0.00198733 0.0211596 31 9 6
-0.0121587 0.00212762 0.0246677 132 120 107
-0.0119733 0.00236411 0.022948 116 100 92
-0.0123953 0.00245562 0.0213252 34 8 4
-0.014602 0.00282273 0.0203218 120 88 78
-0.0144607 0.00283976 0.020137 116 88 80
-0.0124375 0.00278776 0.0215223 98 71 66
-0.0161335 0.00319516 0.0211061 121 88 77
-0.0160214 0.00325604 0.0211329 48 11 2
-0.0158152 0.00323012 0.0207499 110 76 68
-0.0122717 0.00317789 0.0234644 112 89 83
-0.0125443 0.00330959 0.0217151 112 85 82
-0.0126919 0.00338314 0.0219126 106 86 82
-0.0159274 0.00384822 0.0214169 126 88 78
-0.0159136 0.00388931 0.0214375 112 78 68
-0.0124919 0.00383804 0.0238075 107 82 80
-0.0133887 0.00386656 0.0209385 108 78 73
-0.0161186 0.00466308 0.0223308 103 66 62
-0.0150835 0.0046807 0.0221053 54 17 11
-0.0130765 0.00469423 0.0235907 110 84 82
-0.0129411 0.00467201 0.0234932 65 36 32
-0.0137903 0.00456359 0.0218388 120 92 90
-0.0130809 0.00473828 0.0236049 119 98 95
-0.0148532 0.0050062 0.021955 124 79 68
-0.0138868 0.00524494 0.0234223 84 62 61
-0.0202532 -0.00682845 0.018931 46 48 22
-0.0169858 -0.00783725 0.0229287 96 99 62
-0.0166323 -0.00680706 0.0221158 87 92 59
-0.0100342 -0.00285373 0.0225435 92 96 56
-0.0157905 -0.00200785 0.0196842 40 42 16
-0.0186155 -0.00237292 0.0219515 99 87 52
-0.0155614 -0.00181863 0.0190991 66 66 39
-0.0131186 -0.00190516 0.0206347 74 79 60
-0.0103965 -0.00209769 0.022586 126 120 86
-0.0150078 -0.0015582 0.0194004 42 46 18
-0.013747 -0.00193254 0.0224166 150 151 118
-0.0146486 -0.00228842 0.0253981 112 88 52
-0.0112129 -0.00186109 0.0225167 156 164 123
-0.0113333 -0.00184404 0.0226329 116 126 84
-0.0146147 -0.00224211 0.025474 102 76 36
-0.0147884 -0.00222512 0.0256329 157 146 110
-0.0150818 -0.00222714 0.0257566 94 76 59
-0.014584 -0.00209327 0.0250155 70 52 36
-0.0124844 -0.00200202 0.0244759 149 149 114
-0.0127106 -0.0019571 0.024749 152 154 112
-0.0152104 -0.000899705 0.0185977 132 132 84
-0.0147099 -0.000777028 0.0208278 58 51 26
-0.0147753 -0.000339452 0.0163598 139 114 92
-0.0106632 -0.000589402 0.0209224 128 92 82
-0.0182346 -0.000449618 0.0219922 93 73 52
-0.0183674 -0.000310964 0.0220012 128 109 90
-0.0144109 -0.000308685 0.0225453 22 20 10
-0.0110225 -0.000376017 0.0226776 105 82 58
-0.0106532 -8.64103e-05 0.0204034 48 26 16
-0.0112926 -1.43772e-05 0.0232085 96 76 62
-0.0148482 0.000492243 0.0165893 156 152 130
-0.0140098 0.000499065 0.0191144 43 29 18
-0.0169256 0.000600059 0.0207409 99 76 56
-0.0110664 0.000331761 0.0226857 112 102 92
-0.0116821 0.00044087 0.0209123 118 74 53
-0.0153893 0.00080609 0.0160271 124 115 92
-0.0116969 0.000440095 0.0241123 44 22 12
-0.0153129 0.000866683 0.0158973 156 146 126
-0.0112959 0.000563462 0.0234223 94 80 66
-0.0171176 0.00112562 0.020296 152 116 92
-0.0122028 0.00094532 0.019422 82 65 46
-0.0119137 0.00098577 0.0189169 120 100 80
-0.0158458 0.0012288 0.0193222 70 24 4
-0.0153706 0.00137167 0.0157579 94 94 76
-0.0116267 0.00116755 0.0203467 102 80 74
-0.011695 0.001234 0.0201115 124 89 82
-0.0152493 0.00145635 0.0158233 90 94 70
-0.0165621 0.00176054 0.020681 36 7 1
-0.0117302 0.00155798 0.0241423 66 59 44
-0.0115851 0.00161598 0.0234645 114 94 80
-0.0117277 0.00163512 0.0241481 89 80 67
-0.0120539 0.00161686 0.0209893 110 92 88
-0.0119991 0.00161268 0.0210241 24 8 6
-0.0122091 0.00169223 0.0235152 29 13 8
-0.0118861 0.00174535 0.0240798 32 14 4
-0.0118345 0.00199481 0.0226819 88 66 56
-0.0119594 0.00208201 0.0242145 126 114 102
-0.0118677 0.00204912 0.0225829 37 18 10
-0.0122039 0.00232605 0.0245705 40 18 8
-0.011952 0.00236728 0.0228658 104 88 80
-0.0153541 0.00257765 0.0200636 38 6 0
-0.0123048 0.00256609 0.0236478 100 84 82
-0.0122152 0.00266051 0.021871 100 70 64
-0.0122274 0.0028642 0.0244957 116 102 86
-0.014238 0.00275754 0.0197826 118 86 75
-0.0158338 0.00312685 0.0207018 114 75 64
-0.01575 0.00319316 0.0207561 52 15 4
-0.0160722 0.0038763 0.0216178 106 62 52
-0.016366 0.00471771 0.0226673 112 72 66
-0.0146888 0.00434827 0.0214507 60 18 8
-0.0138793 0.00459348 0.0219573 110 79 77
-0.0139462 0.00475002 0.0221408 110 88 84
-0.013594 0.00511423 0.0228154 120 98 97
-0.0123486 -0.00275988 0.0156401 119 115 71
-0.0137447 -0.00451803 0.0223941 128 130 86
-0.0105307 -0.00357815 0.0196364 58 66 42
-0.0166457 -0.00325864 0.0203686 82 82 58
-0.0115001 -0.00289656 0.0198613 73 78 56
-0.0117664 -0.0026598 0.019904 68 74 54
-0.00998951 -0.00266901 0.0225758 83 86 47
-0.0184745 -0.00268021 0.0213984 139 132 94
-0.0161728 -0.00229429 0.0199018 87 86 57
-0.0178317 -0.00219882 0.0203475 70 44 21
-0.0181587 -0.00203714 0.0209146 71 56 12
-0.0181396 -0.0015603 0.020362 118 101 52
-0.014614 -0.0021723 0.0253435 160 150 112
-0.0120416 -0.00196502 0.0238828 134 133 94
-0.0153468 -0.00120741 0.0180557 113 110 60
-0.0147424 -0.00214889 0.0253546 64 48 27
-0.0146872 -0.000650735 0.0174165 93 96 58
-0.011456 -0.0010552 0.0224032 34 22 2
-0.0179946 -0.000631455 0.0219972 85 75 59
-0.0182164 -0.000463057 0.0219852 74 54 32
-0.0108118 -0.000300323 0.021103 42 24 15
-0.0108091 3.01136e-05 0.0220955 61 41 28
-0.0114568 0.000175307 0.0239173 70 57 40
-0.0140112 0.000495376 0.0191011 70 54 40
-0.0154207 0.000617131 0.0179098 96 75 48
-0.011177 0.00047945 0.0215299 126 103 90
-0.0162692 0.000887029 0.0190378 111 68 44
-0.0112335 0.000658466 0.022032 82 60 49
-0.011351 0.00071727 0.0220569 90 74 71
-0.0112529 0.000691803 0.0231073 135 124 112
-0.0118286 0.00078745 0.0203596 62 39 26
-0.0112394 0.00074737 0.0216252 31 12 9
-0.0115871 0.000820939 0.0236025 36 20 11
-0.0156393 0.00163085 0.0193554 60 30 23
-0.0113828 0.00168158 0.0228317 34 17 7
-0.0117734 0.00197893 0.0225446 88 66 56
-0.0123764 0.00240052 0.0214476 104 84 79
-0.0123059 0.00242692 0.0211298 36 12 6
-0.0124442 0.00378184 0.0236644 79 56 52
-0.0127819 0.00451244 0.0241537 100 74 66
-0.0147832 0.00446042 0.0215318 112 80 73
-0.0130177 0.00465841 0.0234294 88 60 58
-0.01955 -0.00676066 0.0187882 126 123 77
-0.00801133 -0.0048507 0.019348 34 41 14
-0.0159477 -0.0026644 0.020407 84 84 54
-0.00990163 -0.00261942 0.0222764 82 83 46
-0.01325 -0.0018427 0.025214 92 72 54
-0.0112646 0.000128095 0.0212256 133 95 80
-0.0117005 0.00112941 0.0203332 152 124 119
-0.0121342 0.00195611 0.0210576 92 68 65
-0.0135734 0.00333088 0.0210379 118 100 95
-0.0149223 0.0046129 0.021907 52 15 8
-0.0107268 -0.00216051 0.0225483 140 152 115
-0.014147 -0.000993933 0.0212186 89 90 85
-0.012934 0.0010746 0.01912 118 79 56
-0.0121063 0.0021064 0.0245482 126 114 102
-0.0162274 0.00251056 0.0207788 32 6 1
-0.0120554 0.00231419 0.0241173 32 16 10
-0.0144692 0.00238904 0.0198986 86 52 44
-0.0120085 0.0024521 0.0229204 60 44 42
-0.0122337 0.00299282 0.0241784 55 28 21
-0.0162162 0.00321981 0.0212095 112 76 68
-0.0129167 0.00468222 0.0241708 74 47 40
-0.0131804 0.00473997 0.0240066 72 36 31
-0.0127596 -0.00307723 0.0212268 146 151 110
-0.016379 -0.00102675 0.0187948 146 141 86
-0.0120513 0.000691883 0.0203483 30 14 8
-0.0129645 0.00412903 0.0226758 40 16 12
-0.0129835 0.00470983 0.0239424 110 86 78
-0.0131566 0.00489317 0.0243766 80 54 44
-0.0154414 0.00530137 0.0228024 140 96 80
-0.0107833 -0.00220647 0.0227027 140 153 116
-0.014332 -0.000993752 0.0213928 95 96 92
-0.0112293 -0.000346925 0.0224747 95 68 40
-0.0119068 0.00115371 0.0206606 142 114 109
-0.0159854 0.00305553 0.0142257 103 96 76
-0.0108048 -0.00225893 0.0227359 139 155 113
-0.0118333 0.000820574 0.0241242 44 28 18
-0.0118124 0.00106887 0.0211287 116 92 84
-0.0117546 0.00172461 0.0235876 79 54 44
-0.0117497 0.00201553 0.0236091 96 76 65
-0.0123911 0.00259626 0.025113 89 59 39
-0.012453 0.00291711 0.0250966 119 105 90
-0.00841087 -0.00467274 0.0193189 140 142 103
-0.00853721 -0.00475428 0.0195817 94 96 57
-0.0104773 -0.00356571 0.0195902 65 72 54
-0.0121216 -0.00299901 0.0169952 105 112 72
-0.0108966 -0.00336915 0.019802 68 72 48
-0.0125442 -0.00286622 0.0207456 145 148 114
-0.0184094 -0.00265361 0.0213552 136 128 92
-0.0180918 -0.00195522 0.020639 118 105 59
-0.0121185 -0.00197676 0.0239851 112 112 74
-0.0146133 -0.00049745 0.0203633 59 62 48
-0.0106229 -0.00056735 0.0207894 116 82 68
-0.0104348 -0.000458288 0.0205712 74 42 19
-0.0148452 0.000569048 0.016487 122 118 94
-0.0158694 0.000639136 0.0193985 100 74 56
-0.0117794 0.000521038 0.0209586 48 15 3
-0.0111702 0.000489979 0.0214933 71 44 34
-0.0163604 0.000871205 0.0191352 103 58 32
-0.0112534 0.00092803 0.0206749 73 42 30
-0.0152079 0.00141725 0.0158699 26 32 12
-0.0125509 0.00147816 0.0187746 56 24 10
-0.0118769 0.00151116 0.0245317 140 132 117
-0.0120736 0.00223062 0.0244108 80 62 48
-0.0145063 0.00241838 0.0199691 116 88 81
-0.0132096 0.00255106 0.0202193 112 95 88
-0.0133924 0.00327297 0.0207334 122 103 97
-0.0136701 0.00408371 0.0214424 111 87 84
-0.0127384 0.00449049 0.0241029 110 85 78
-0.0129958 0.00473065 0.024369 46 22 14
-0.0132163 0.00485353 0.0238583 72 50 47
-0.0133194 0.00475192 0.0228538 58 26 24
-0.0139185 0.00520084 0.0225524 73 37 31
-0.0118207 -0.00302039 0.0163865 102 106 73
-0.0137296 -0.00449828 0.0223728 106 108 66
-0.0197589 -0.00357501 0.0218241 121 116 62
-0.0118872 -0.00272968 0.0201647 63 68 49
-0.0111114 0.000488933 0.0213619 126 102 91
-0.00983989 0.000473935 0.0194878 70 50 36
-0.0118423 0.000668005 0.0203437 122 102 92
-0.0112627 0.000719929 0.0216788 65 44 38
-0.0114666 0.000967991 0.0236507 92 80 63
-0.0149501 0.00129827 0.0154019 89 91 68
-0.0122148 0.00114294 0.019501 114 98 80
-0.011512 0.00124033 0.023191 54 31 24
-0.0159317 0.00196593 0.0196878 50 16 6
-0.0129581 0.00173965 0.0195999 108 84 77
-0.0154986 0.00197389 0.0195484 93 48 34
-0.0117934 0.00209972 0.0235838 106 88 78
-0.0132775 0.00215275 0.0202226 98 68 62
-0.0132815 0.00255312 0.0203183 108 91 85
-0.0125371 0.00280084 0.0217171 90 60 56
-0.013644 0.00347185 0.0211967 112 93 89
-0.0129756 0.00465578 0.0242056 94 68 61
-0.011835 -0.00301462 0.016387 98 102 72
-0.010847 -0.00335864 0.0197102 63 67 40
-0.0123884 -0.00246774 0.0167097 86 88 78
-0.0147621 -0.00232513 0.0195234 108 103 70
-0.0126661 -0.00220034 0.0204575 61 64 46
-0.0102498 -0.00190399 0.0219023 60 54 23
-0.0152019 -0.00227581 0.0260294 98 80 68
-0.0157747 0.000772937 0.0192742 50 29 16
-0.0122858 0.000982459 0.0196501 120 102 86
-0.0131976 0.00213312 0.0201077 104 74 68
-0.0134352 0.00327663 0.0209462 50 22 18
-0.0148252 0.0052204 0.0223874 101 55 41
-0.0124079 -0.00292782 0.0176087 100 109 78
-0.013261 -0.00272084 0.0195222 140 146 106
-0.0114005 -0.000597708 0.0230924 45 14 2
-0.0113861 0.000849719 0.0219532 24 10 2
-0.0122525 0.000956494 0.0195787 116 98 82
-0.0118078 0.0011397 0.0202014 78 40 30
-0.0116615 0.00116451 0.0237578 116 98 86
-0.0155754 0.00156667 0.0194727 114 66 52
-0.0120183 0.00211035 0.0242953 120 109 98
-0.0122733 0.00312697 0.0234307 100 80 78
-0.00876186 -0.00479914 0.0197531 140 145 98
-0.0128147 -0.0030389 0.0212785 138 143 106
-0.0181684 -0.00157416 0.0203854 109 92 50
-0.0119337 -0.0019495 0.0236402 122 128 85
-0.0169535 -0.00111462 0.0190798 138 131 77
-0.0146497 0.000110125 0.0168428 118 108 68
-0.0112022 -0.00014884 0.0218061 15 6 2
-0.0148229 0.000622957 0.0160803 88 86 57
-0.0146932 0.000562189 0.019284 12 6 4
-0.0115307 0.000403559 0.0210586 118 74 54
-0.0119313 0.000788755 0.020181 123 90 70
-0.0114041 0.000754532 0.0207271 151 114 102
-0.0122636 0.000957171 0.0195741 97 84 65
-0.0113093 0.00102216 0.0213517 116 86 77
-0.011709 0.00110238 0.0203603 154 131 124
-0.0143033 0.00129498 0.0189899 81 38 23
-0.0118921 0.0012186 0.0189371 99 84 66
-0.0149888 0.00146658 0.0155355 123 119 96
-0.0131255 0.00137357 0.0193828 182 133 104
-0.0150696 0.00162038 0.015077 95 96 74
-0.0167994 0.00311427 0.0214715 152 128 110
-0.0125554 0.00339462 0.0218355 44 21 19
-0.0144818 -0.00212138 0.0251479 161 148 110
-0.0130819 -0.00179514 0.024799 96 78 65
-0.0154297 0.000804493 0.0160391 128 118 92
-0.0116015 0.000885017 0.021301 54 24 17
-0.0115623 0.00125779 0.0220963 80 62 56
-0.0117644 0.00128198 0.0237982 44 24 16
-0.0119362 0.00168493 0.0227895 18 9 4
-0.0118381 0.00175282 0.0237642 48 28 18
-0.0152469 0.00296481 0.0144681 85 78 50
-0.0158693 0.00303907 0.0141389 72 69 47
-0.0134462 0.00481564 0.0232508 116 94 94
-0.0145113 -0.0019834 0.0215917 146 154 110
-0.0170903 -0.00121377 0.0191876 145 137 80
-0.0111403 -0.000171218 0.0216145 38 20 10
-0.0112385 0.000499476 0.0216382 92 66 56
-0.0120074 0.0011694 0.0203627 72 31 21
-0.0149467 0.00165493 0.0153163 161 150 130
-0.0122769 0.00168936 0.0211048 41 17 16
-0.0118416 0.0020912 0.0222579 54 30 25
-0.0148782 0.00240765 0.01974 23 3 1
-0.0203778 -0.00342703 0.0217703 55 42 10
-0.0144917 0.000714659 0.0195134 16 8 4
-0.0163397 0.00371295 0.0213442 138 120 100
-0.012674 0.00333964 0.0218116 56 28 24
-0.0170267 0.00413482 0.0224649 128 102 86
-0.00942298 -0.00411968 0.0194199 78 82 57
-0.00993868 -0.00279609 0.0222564 74 74 34
-0.0143847 -0.00212048 0.0255425 162 135 95
-0.0148829 0.000642071 0.0161633 102 104 74
-0.0152034 0.00130963 0.0157003 98 101 78
-0.0151155 0.00138154 0.0157721 101 108 86
-0.0116713 0.00156216 0.0240074 58 52 38
-0.0118505 0.00201067 0.0227653 110 88 79
-0.0119663 0.00216005 0.0239696 121 104 94
-0.0123395 0.00290886 0.0247457 125 111 96
-0.0136106 0.00351938 0.0210251 41 8 2
-0.0152854 0.00303568 0.0143488 93 83 54
-0.0124121 0.00374617 0.0236424 110 88 82
-0.0142969 0.00538846 0.0228163 72 31 20
-0.012313 -0.00754869 0.0231383 116 128 85
-0.0132134 -0.00314795 0.0220056 114 120 84
-0.014337 -0.00210695 0.0254243 154 127 86
-0.0170754 -0.000480106 0.0188393 97 57 33
-0.0108799 -0.000110847 0.0210868 64 48 32
-0.0148973 0.000904626 0.0158395 80 90 64
-0.0164781 0.00098462 0.0193185 138 96 74
-0.0153373 0.00197274 0.0149214 91 94 72
-0.0120911 0.00196372 0.0211608 37 20 14
-0.0124033 0.00301495 0.0247391 53 26 14
-0.0134463 0.00326725 0.0209587 53 25 20
-0.0127333 0.00449282 0.0240416 103 78 71
-0.00945594 -0.00419298 0.0196103 88 90 66
-0.0138267 -0.00411071 0.022345 108 113 71
-0.0207196 -0.00321086 0.0216809 102 84 36
-0.020701 -0.00316432 0.0218136 94 69 26
-0.016673 0.00116671 0.0199018 114 76 57
-0.0151431 0.0012912 0.0156199 90 93 70
-0.0150092 0.00134896 0.0154016 90 90 69
-0.012375 0.0028945 0.0248184 92 70 52
-0.0134823 0.00330496 0.0208797 112 92 88
-0.0135716 0.00509175 0.0229374 82 56 53
-0.0105242 -0.00358409 0.0196625 70 78 54
-0.0131859 -0.0031657 0.0219758 144 148 111
-0.0206812 -0.00318589 0.0216676 91 68 24
-0.0183568 -0.00225928 0.0214178 106 94 56
-0.014823 0.000569003 0.0161643 102 103 74
-0.0148834 0.000623993 0.0161709 92 92 62
-0.0153802 0.00122789 0.0155757 136 128 106
-0.0151524 0.00162611 0.0151814 102 103 80
-0.0124976 0.00380145 0.0238464 113 92 86
-0.0130426 0.00459372 0.0224357 112 85 82
-0.00783508 -0.0050589 0.0192222 154 158 105
-0.0111482 -0.00307874 0.0196276 50 56 32
-0.0131197 -0.00178459 0.0248769 110 94 78
-0.0121024 -0.00132754 0.0240243 85 69 38
-0.0142313 0.000502327 0.0194152 42 30 22
-0.0117789 0.000495059 0.020886 31 10 4
-0.015 0.000918647 0.0159209 86 90 64
-0.0145889 0.0012794 0.0187711 105 57 28
-0.0121042 0.00258101 0.022828 57 34 28
-0.0122323 0.00312723 0.0232873 70 48 46
-0.0107143 -0.00215056 0.0224805 148 157 116
-0.0138352 -0.00180472 0.0204978 148 153 110
-0.0145711 -0.00224521 0.0251945 117 92 60
-0.0145896 -0.000387304 0.0210472 68 68 53
-0.0112801 -0.000189843 0.0220098 49 30 22
-0.0117208 0.000388509 0.0210821 123 80 58
-0.011691 0.00121761 0.0200686 108 74 66
-0.015209 0.00163811 0.0152264 100 100 78
-0.0119134 0.00208696 0.0239286 98 84 72
-0.0123675 0.00338504 0.0246723 78 50 34
-0.0148313 0.00439667 0.0214822 100 52 37
-0.0158422 0.00493346 0.0218552 92 63 56
-0.0110575 -0.000394255 0.0227445 108 82 60
-0.0147317 0.00283378 0.0140671 83 77 53
-0.0152869 0.00297767 0.0144679 111 102 76
-0.0133861 -0.00340653 0.0224544 124 134 89
-0.0185623 -0.00238216 0.0213943 70 51 26
-0.0174017 -0.000600517 0.0188145 96 92 50
-0.0159743 0.00302365 0.0142318 102 98 76
-0.0115247 -0.00292659 0.0199679 73 80 58
-0.0138664 -0.00196041 0.0209206 146 152 111
-0.012001 0.00073344 0.0190565 38 26 18
-0.0118284 0.00108928 0.0187732 118 102 86
-0.0145596 0.00132898 0.0188064 96 50 28
-0.0152775 -0.000634342 0.0194645 64 64 50
-0.0118085 0.00109372 0.0187416 113 96 80
-0.0125258 0.00323306 0.021726 82 52 48
-0.0139908 0.00522773 0.0226763 76 38 30
-0.0119336 0.000945175 0.0189643 92 74 56
-0.0116928 0.00117735 0.0203796 128 107 102
-0.0117212 0.00120419 0.0186385 135 114 102
-0.0154538 0.00303803 0.0145512 88 79 52
-0.0116541 0.000384331 0.0208842 110 70 47
-0.0154762 0.00308951 0.0144517 139 128 110
-0.0131141 0.00415206 0.0228732 80 55 52
-0.0118906 0.000946468 0.0188362 85 72 50
-0.015826 0.00037732 0.0195689 11 6 2
-0.011657 0.00115588 0.0184743 136 116 104
-0.0124705 0.00131565 0.0185263 142 107 93
-0.0199957 -0.00330235 0.021325 52 40 8
-0.018579 -0.000654689 0.0220922 94 68 46
-0.0123173 -0.00552873 0.0213069 98 106 60
-0.0121237 -0.00286017 0.0153487 108 102 64
-0.0121282 -0.00281396 0.0153722 142 137 98
-0.0138976 -0.00413453 0.0224711 86 90 50
-0.0120354 -0.0025925 0.0165887 89 95 83
-0.0138911 -0.00172054 0.0205476 146 152 109
-0.0148622 -0.00220467 0.02526 74 58 41
-0.0146642 -0.00217557 0.0254042 164 155 120
-0.0155627 -0.000695198 0.0191256 62 62 47
-0.0113599 -0.000547623 0.0230237 40 10 0
-0.0113322 -0.000338893 0.0226361 114 87 60
-0.0108341 -1.12222e-05 0.0207105 80 57 45
-0.0114341 4.53605e-05 0.0209874 58 28 17
-0.0112662 0.000140842 0.0211808 96 58 42
-0.0148824 0.00129358 0.0153559 98 100 76
-0.0112153 0.00105765 0.0211586 94 67 58
-0.0151876 0.00138621 0.0158492 122 125 106
-0.0114872 0.00112805 0.0223941 95 76 66
-0.0111999 0.00114771 0.0216237 100 79 71
-0.0116611 0.00119675 0.0200232 118 84 77
-0.0117138 0.00156504 0.024153 62 59 43
-0.0119119 0.00201789 0.0228767 113 93 84
-0.0119639 0.00204136 0.0228486 36 14 8
-0.0119763 0.00219295 0.0240457 108 92 81
-0.0159673 0.00241508 0.0202587 114 80 71
-0.0124035 0.00242646 0.0214991 126 103 100
-0.0121124 0.00253379 0.0232263 113 97 94
-0.0123921 0.00321415 0.0214979 86 53 48
-0.0123803 0.00372927 0.0235593 122 98 94
-0.0125601 0.00441475 0.023745 118 92 85
-0.014653 0.00453439 0.021419 56 20 14
-0.0130886 0.00495613 0.023926 96 75 68
-0.0135109 0.00499776 0.0229161 122 101 98
-0.0084598 -0.00466873 0.0193223 114 118 72
-0.0123645 -0.00553577 0.0213641 105 112 66
-0.0121051 -0.002799 0.0153405 148 143 104
-0.0123397 -0.0029015 0.0175228 108 114 82
-0.0137272 -0.00404441 0.0221566 116 118 76
-0.0123969 -0.00276459 0.0177653 149 152 110
-0.0112783 -0.00310051 0.0198059 48 50 28
-0.013013 -0.00313716 0.0216818 131 136 102
-0.0179757 -0.00191702 0.0204978 109 94 50
-0.0123367 -0.00204683 0.0242263 98 100 63
-0.0122803 -0.00194433 0.024044 142 141 106
-0.0113659 -0.000498802 0.0228244 96 69 44
-0.01457 4.1975e-05 0.017851 36 31 22
-0.0110997 -0.000352482 0.0219089 89 68 54
-0.0110938 0.00018367 0.0213266 72 50 29
-0.0160925 0.000694957 0.0194834 34 20 9
-0.0114468 0.0004185 0.0208475 122 80 60
-0.0149966 0.000913266 0.0159272 100 102 77
-0.0112018 0.000688142 0.0217375 110 92 88
-0.0113713 0.000734255 0.0221155 98 86 81
-0.0112321 0.000749399 0.0219056 81 71 64
-0.0147379 0.00119574 0.0157334 36 46 30
-0.0115465 0.00102538 0.0209903 87 57 47
-0.0152021 0.0013371 0.0159115 70 78 56
-0.0151022 0.0013653 0.0157657 94 98 78
-0.0116987 0.00116955 0.0238179 88 68 60
-0.0121275 0.00168619 0.0209906 26 6 3
-0.0121981 0.0022167 0.0245423 61 42 34
-0.0123294 0.003025 0.024498 40 13 4
-0.0120942 0.00305807 0.0230754 116 92 87
-0.0124248 0.00322343 0.0215591 86 52 48
-0.0123724 0.00371739 0.0235251 90 63 58
-0.0124935 0.00381605 0.0238054 108 84 80
-0.0125055 -0.00561409 0.0216213 109 116 72
-0.0198857 -0.00363305 0.0219857 134 128 70
-0.0130323 -0.00315826 0.021748 146 150 114
-0.0207246 -0.00317032 0.0218219 93 68 20
-0.014922 -0.00219627 0.025481 100 88 74
-0.0163845 -0.000468612 0.0180164 137 114 88
-0.0107652 -0.000896444 0.0222974 128 108 92
-0.0105212 -0.000563305 0.0205924 121 84 72
-0.0109006 -0.000460682 0.0207055 172 125 106
-0.0112726 -0.000145148 0.0220984 14 4 0
-0.0114047 0.00053443 0.0210007 99 54 28
-0.0171475 0.00118374 0.0201586 120 96 74
-0.011516 0.0010192 0.0209731 90 58 50
-0.0151344 0.0013078 0.0155678 82 84 62
-0.0118306 0.00206982 0.0239085 124 112 99
-0.0119357 0.00205151 0.022759 43 20 13
-0.0119117 0.00234777 0.0228231 104 86 78
-0.0154643 0.00305054 0.0145293 98 86 66
-0.0128789 0.00404624 0.0222212 123 102 98
-0.0120601 -0.00753556 0.0227971 124 134 88
-0.00795977 -0.00483717 0.0193876 39 46 24
-0.0122795 -0.00273123 0.0175949 154 156 110
-0.0164871 -0.00323044 0.0201281 79 79 54
-0.0201219 -0.00333823 0.0218658 104 99 56
-0.0124037 -0.00209458 0.0199806 70 72 56
-0.0182279 -0.00158222 0.0204599 128 115 66
-0.0103393 -0.00177596 0.0228799 108 83 62
-0.0163418 -0.000681441 0.0183659 32 34 14
-0.011005 -0.000316214 0.0216905 88 67 52
-0.0147129 0.000610649 0.0162968 112 111 84
-0.0151959 0.000811233 0.0158107 139 130 106
-0.0117972 0.000702108 0.020329 138 116 108
-0.0153724 0.00122498 0.0155757 128 121 99
-0.0154357 0.00122365 0.0188279 66 22 7
-0.0118273 0.00118759 0.0208056 38 19 15
-0.0126236 0.00366262 0.0250109 102 83 69
-0.0153157 0.00300679 0.0144428 98 88 65
-0.0127162 0.00381958 0.0249573 48 20 8
-0.0130648 -0.00599662 0.0226124 90 99 57
-0.0147918 -0.00215997 0.0248882 89 70 40
-0.0146572 -0.000377459 0.0211166 62 58 44
-0.0153079 0.000815873 0.0159165 132 122 98
-0.0151517 0.00131932 0.0155698 92 92 71
-0.0116745 0.00162431 0.0236108 84 61 46
-0.0151364 0.0024025 0.0199934 40 9 2
-0.0144062 0.00279356 0.0200271 120 90 80
-0.0153544 0.00298896 0.0145412 94 86 64
-0.0147658 0.00456384 0.021686 52 18 13
-0.0141855 0.00515192 0.0220888 90 48 40
-0.013098 -0.00599031 0.0226255 92 102 59
-0.0197448 -0.00321903 0.0214107 97 92 48
-0.017654 -0.00178048 0.020068 114 100 52
-0.0112702 -0.000557145 0.0226718 68 40 17
-0.0110853 -0.000188651 0.0221546 99 72 48
-0.0151916 0.00135046 0.015861 48 54 33
-0.0118197 0.00115401 0.0200624 75 36 24
-0.0117013 0.0012329 0.0201297 122 90 82
-0.0121198 0.00286178 0.0242068 112 94 76
-0.0154009 0.00307735 0.0143698 136 124 105
-0.0152169 0.00459395 0.0218566 49 10 2
-0.0130283 0.00468192 0.0236531 72 36 31
-0.0147821 0.00524864 0.0222974 136 93 82
-0.0130099 -0.00592541 0.0224134 72 84 42
-0.0123123 -0.00282243 0.0176186 154 156 104
-0.0143162 -0.00191953 0.0212547 150 156 110
-0.011335 -0.000559575 0.0228468 72 43 20
-0.0118692 0.00121974 0.0189009 105 88 72
-0.0154772 0.00153569 0.0159304 92 92 72
-0.0114894 0.0016271 0.0217797 38 19 15
-0.0119292 0.00244757 0.0226834 49 32 29
-0.0122491 0.00260314 0.0247846 90 62 37
-0.0123544 0.00286942 0.0247353 94 68 48
-0.0124609 0.00307049 0.0246803 36 12 4
-0.0123922 0.00338907 0.0247293 78 51 34
-0.0151005 0.00287648 0.014481 67 64 39
-0.012201 -0.00278697 0.0174613 154 156 102
-0.016336 -0.000785802 0.0182713 38 39 18
-0.014574 -0.000396297 0.0211313 72 69 56
-0.0116303 0.000852508 0.0213175 104 72 62
-0.0125797 0.00339732 0.0250688 78 41 24
-0.0076167 -0.00504558 0.0191798 72 78 46
-0.00782612 -0.00501114 0.0191645 144 148 105
-0.0189918 -0.00625328 0.0189861 144 146 101
-0.0186437 -0.00593179 0.0192388 86 84 40
-0.00791173 -0.00471314 0.0191799 48 54 30
-0.0104089 -0.00350469 0.0197936 68 75 59
-0.020788 -0.00317036 0.0217796 95 74 24
-0.0106779 -0.00212824 0.0225052 140 139 106
-0.0217201 0.000199763 0.0265911 58 30 11
-0.0109516 0.000121439 0.0209824 98 71 49
-0.0115011 0.00041968 0.0209477 110 70 46
-0.0154553 0.00126372 0.0156237 137 130 106
-0.0116809 0.00161169 0.0223722 34 16 10
-0.015829 0.00313553 0.0148266 98 87 66
-0.0131798 0.00469162 0.0228992 72 48 47
-0.0197181 -0.00671022 0.0185616 58 57 34
-0.0105284 -0.00356225 0.0196055 72 80 55
-0.0103844 -0.00350063 0.0197504 56 62 46
-0.0208055 -0.00321825 0.021792 86 64 16
-0.0143647 -0.00109096 0.0216531 82 86 80
-0.0109903 -0.00040803 0.0227362 104 78 52
-0.0116703 0.00150341 0.0227141 42 19 10
-0.0143363 0.00203442 0.0195372 100 80 72
-0.0193608 -0.00646246 0.018907 42 45 20
-0.00933798 -0.00407254 0.0192405 74 76 54
-0.00981752 -0.00400467 0.0194613 83 88 60
-0.0184724 -0.00233851 0.0217655 112 99 60
-0.0167428 0.00118715 0.0199923 114 73 56
-0.0119687 0.00158907 0.023129 106 88 82
-0.0157754 0.00321024 0.0207953 48 16 8
-0.0141879 0.00529711 0.0240626 122 100 98
-0.0114662 0.000419845 0.020888 124 83 60
-0.0119469 0.00120546 0.0208871 130 106 100
-0.012 0.0016017 0.023195 105 88 82
-0.010588 -0.00360739 0.0197406 61 70 42
-0.011314 0.000864793 0.020698 68 35 24
-0.0116791 0.00151437 0.0226671 56 34 26
-0.0159735 0.00305281 0.0142095 114 106 86
-0.0185804 -0.0023393 0.0218578 135 123 78
-0.0110738 -0.000423411 0.0228717 102 76 52
-0.0109406 -0.000220155 0.0216722 85 60 37
-0.0109778 0.000154617 0.0210513 90 64 45
-0.0109968 0.000516788 0.0210309 124 101 91
-0.0116515 0.00174385 0.0233646 38 18 8
-0.0131644 0.00465402 0.0230045 76 40 38
-0.010854 -0.000281248 0.021198 48 28 18
-0.0150049 0.00131612 0.0154065 79 77 54
-0.0116793 0.0013261 0.0235782 38 16 5
-0.0134475 -0.00547578 0.0224985 114 122 77
-0.0189584 -0.00618266 0.0190984 126 124 84
-0.00923478 -0.00414461 0.019456 58 58 38
-0.0145134 -0.00134289 0.0181454 120 123 86
-0.0143167 -0.00209943 0.0254661 163 134 94
-0.0155764 0.000815525 0.0190504 79 50 35
-0.0125866 0.00120541 0.0187516 128 98 78
-0.0155303 0.00159959 0.0153001 132 123 100
-0.0107125 -0.0021657 0.0226037 145 154 114
-0.014499 -0.00100462 0.0176488 112 115 81
-0.0102721 -0.00207437 0.0223601 146 152 114
-0.0119691 0.00239136 0.0228988 98 86 81
-0.0126151 0.00341319 0.0219468 42 17 14
-0.0153604 0.00293437 0.0147023 65 62 33
-0.0169035 -0.00366297 0.0199478 62 63 39
-0.0196738 -0.00657239 0.0184173 43 46 22
-0.0172824 0.00383304 0.0227378 121 85 67
-0.0186568 -0.00593803 0.0191603 140 139 96
-0.00867092 -0.00476271 0.0196842 134 134 96
-0.0123648 -0.00246028 0.0166816 92 96 89
-0.0135965 -0.00163715 0.0219641 148 149 115
-0.0185125 -0.00965352 0.0244734 82 86 42
-0.00778222 -0.00497486 0.0190621 154 154 111
-0.00786997 -0.00501008 0.0191982 102 105 61
-0.00790293 -0.00495243 0.0191887 152 157 110
-0.0191337 -0.00621903 0.0190455 82 84 62
-0.00818365 -0.00482553 0.0193636 104 101 61
-0.013175 -0.00184252 0.0185157 79 88 73
-0.0126175 -0.0018803 0.0244348 154 162 118
-0.00785014 -0.00496082 0.0191032 111 115 69
-0.00872283 -0.00476663 0.0196731 115 118 74
-0.0140975 -0.00357556 0.0225995 110 116 74
-0.0132266 -0.00187097 0.0186049 79 88 73
-0.0107693 -0.00218374 0.0227814 154 158 114
-0.0126035 -0.00187149 0.0243748 154 162 118
-0.00824924 -0.00481598 0.0194329 144 145 102
-0.0117219 -0.00312285 0.0160949 115 120 84
-0.0122274 -0.00248248 0.0202744 61 64 46
-0.0125435 -0.00184704 0.0242332 154 162 117
-0.0130074 -0.00175042 0.0246577 110 94 80
-0.0136654 -0.00170614 0.0221455 152 157 119
-0.0135863 -0.00167274 0.0219431 105 110 78
-0.0129645 -0.00541525 0.0218575 97 107 61
-0.0079153 -0.0047488 0.0192317 42 48 24
-0.0105561 -0.00204985 0.0227497 48 42 13
-0.0193552 -0.00641657 0.0187167 94 92 72
-0.0132195 -0.001528 0.0242535 28 12 6
-0.0106208 -0.00221583 0.0224695 126 133 90
-0.00815311 -0.00442629 0.018529 162 164 116
-0.0198639 -0.00690807 0.0180108 78 80 54
-0.011429 -0.00296396 0.0144073 150 149 114
-0.0184088 -0.00533245 0.0191161 67 71 50
-0.0165681 -0.00600078 0.0216192 117 118 70
-0.0163212 -0.00554071 0.0213431 116 122 78
-0.0160332 -0.0031124 0.0204381 80 85 52
-0.0159627 -0.00304019 0.0204826 72 79 46
-0.0162103 -0.00297408 0.0205995 74 78 47
-0.0156732 -0.0023854 0.0204653 77 81 47
-0.0152643 -0.000518177 0.0172439 106 105 72
-0.0153283 -0.00065095 0.0195806 74 79 65
-0.0133744 0.00293828 0.0206108 128 102 98
-0.0135905 0.00351951 0.0209922 42 12 6
-0.0149329 0.00516988 0.0222385 115 84 80
-0.0149108 0.00519133 0.0221184 88 51 41
-0.0169959 -0.00795404 0.0228739 130 134 90
-0.0125302 -0.00231668 0.0171968 78 88 74
-0.0195309 -0.00351902 0.0215878 131 129 74
-0.0180422 -0.00222297 0.020756 48 30 12
-0.0138457 -0.00177307 0.0204223 143 149 116
-0.0112343 0.000484182 0.0228958 62 41 26
-0.0114086 -0.00300827 0.0143704 112 110 74
-0.0180365 -0.00223439 0.0207799 59 42 24
-0.0131623 0.00181274 0.0198323 24 6 3
-0.0080976 -0.00460334 0.0188271 136 136 92
-0.0132052 -0.00184352 0.0185465 74 84 72
-0.013893 0.00471043 0.0220399 116 98 96
-0.0152509 -0.00104629 0.0214065 33 17 8
-0.0109936 0.000159464 0.0210416 97 74 54
-0.0112194 0.00051696 0.0229221 70 49 30
-0.014728 -0.00213301 0.0197872 120 116 78
-0.0125656 -0.00186807 0.024107 147 163 117
-0.0115736 -0.00103762 0.022331 70 60 31
-0.0182 -0.00254603 0.0207577 150 146 86
-0.0138914 -0.00190417 0.0206508 142 146 106
-0.01978 -0.00670812 0.0182996 73 80 52
-0.0159226 -0.00471923 0.0163542 76 76 24
-0.0186634 -0.00566817 0.0188722 86 87 64
-0.0149985 -0.000952517 0.0210572 22 15 0
-0.0189513 -0.0061896 0.0191169 136 136 95
-0.0177759 -0.0013252 0.0199878 148 142 86
-0.0180975 -0.00133585 0.0197818 155 134 86
-0.0184948 -0.00568124 0.0191765 50 56 24
-0.0127985 0.00108553 0.0191019 56 36 18
-0.0202854 -0.00345299 0.021743 68 60 20
-0.0183377 -0.00146752 0.0200097 148 143 78
-0.0126203 -0.00160589 0.0158059 134 136 96
-0.00977655 -0.00394782 0.0192788 90 94 68
-0.0110346 -0.0030399 0.0198542 78 84 69
-0.00995378 -0.00277462 0.0220925 111 110 68
-0.0123699 0.00050939 0.0197455 61 55 41
-0.0122821 0.000578856 0.0194446 30 25 12
-0.0129754 0.00147964 0.0195996 116 84 77
-0.0129784 0.00149233 0.0197787 48 16 11
-0.0130481 0.00151565 0.0196082 36 8 2
-0.0129772 0.0041071 0.022342 121 98 94
-0.0150119 0.00527995 0.0224448 84 47 36
-0.0129856 0.00147651 0.0195973 134 101 94
-0.0138924 0.000787822 0.0184855 94 67 60
-0.0133313 0.00301461 0.0206948 38 18 15
-0.0147779 0.00429388 0.021261 96 42 28
-0.0149015 0.00511921 0.0221485 117 92 84
-0.00821638 -0.00477669 0.0193199 157 161 106
-0.0129562 0.00478178 0.0238608 90 62 50
-0.0077872 -0.00501381 0.019105 157 162 110
-0.0118581 0.0005451 0.0208257 30 12 6
-0.0139053 0.0046569 0.022 92 68 64
-0.00874834 -0.004605 0.0192396 151 156 102
-0.012659 0.00117989 0.0187296 126 100 88
-0.010598 -0.00212531 0.0224772 35 33 6
-0.0125194 -0.00128259 0.0215524 88 66 42
-0.0116208 0.000789771 0.0218606 130 98 86
-0.0125255 0.00132371 0.0191638 142 120 114
-0.0183838 -0.00961079 0.0243294 104 110 54
-0.0274637 -0.00774818 0.0513819 143 138 98
-0.0169121 0.00344852 0.0174193 78 71 42
