ply
format ascii 1.0
element vertex 8246
property float x
property float y
property float z
property uchar red
property uchar green
property uchar blue
end_header
-0 -0 -0 0 255 0
9.89387e-08 -1.67506e-08 1.64347e-08 0 255 0
1.3085e-08 1.79204e-09 -1.71061e-08 0 255 0
3.40139e-08 -9.3254e-10 2.20175e-09 0 255 0
1.08584e-08 -4.72148e-09 -4.4988e-09 0 255 0
-1.94543e-09 -9.13721e-10 1.03581e-09 0 255 0
-2.32425e-08 -9.76271e-09 2.61692e-08 0 255 0
-4.49955e-08 -1.1981e-08 2.93694e-08 0 255 0
-4.85099e-08 -1.25748e-08 3.0333e-08 0 255 0
-1.15999e-07 -5.64387e-08 9.43917e-08 0 255 0
-1.13168e-07 -5.10929e-08 8.84055e-08 0 255 0
-1.04927e-07 -4.41496e-08 7.9254e-08 0 255 0
-9.73366e-08 -3.57402e-08 6.49521e-08 0 255 0
-9.52031e-08 -2.94217e-08 5.67516e-08 0 255 0
-8.74242e-08 -2.49709e-08 5.31271e-08 0 255 0
-4.97842e-08 -1.77258e-08 3.24699e-08 0 255 0
-3.72254e-08 -1.42492e-08 2.68393e-08 0 255 0
-6.24942e-08 -1.66633e-08 3.32795e-08 0 255 0
1.53268e-08 -4.26392e-08 1.6302e-07 196 193 190
1.74479e-08 -4.64637e-08 2.36651e-07 184 164 146
2.41755e-08 -5.25359e-08 2.27348e-07 192 188 182
2.5669e-08 -8.5527e-08 2.0925e-07 205 200 195
4.13754e-08 -1.00858e-07 2.48681e-07 204 198 196
1.78349e-08 -4.97591e-08 2.45092e-07 180 177 171
1.18876e-08 -4.89345e-08 2.43473e-07 181 164 147
-4.50089e-08 -1.598e-08 1.6254e-07 32 24 19
3.77566e-08 2.00933e-08 1.4251e-07 83 86 84
-3.15437e-08 -1.97379e-08 1.73919e-07 192 156 120
-1.29714e-09 1.74474e-08 1.45558e-07 201 158 112
3.20152e-08 2.48102e-08 1.35182e-07 194 156 110
8.13137e-08 -1.65347e-08 1.89404e-07 177 142 106
3.87558e-08 1.72423e-08 1.43483e-07 168 160 109
-2.10041e-08 1.92306e-08 1.48929e-07 202 165 122
-3.55611e-08 -2.02938e-08 1.71641e-07 188 154 116
9.2966e-08 -1.70046e-08 1.98829e-07 177 143 106
8.72974e-09 2.62012e-08 1.30736e-07 200 160 120
3.7259e-09 1.7523e-08 1.49915e-07 200 158 114
3.15816e-08 2.54799e-08 1.32916e-07 197 162 116
1.5991e-08 1.944e-08 1.4417e-07 196 158 116
2.04186e-08 2.93666e-08 1.30047e-07 192 152 108
6.38874e-09 -2.64339e-08 1.86553e-07 176 144 112
9.74157e-09 4.05642e-08 1.16436e-07 207 174 134
-3.69688e-08 -1.79152e-08 1.72123e-07 177 146 111
-4.01393e-08 -2.26496e-08 1.64262e-07 70 60 54
7.17045e-11 3.38303e-08 1.25858e-07 204 162 118
3.58082e-08 5.16917e-09 1.33227e-07 81 60 51
-4.67193e-08 -2.07738e-08 1.61923e-07 80 72 65
1.65237e-08 1.80227e-08 1.47544e-07 200 164 124
1.81571e-09 -2.31058e-08 1.89423e-07 126 100 78
3.51605e-08 1.20624e-08 1.38646e-07 171 144 84
-3.44956e-08 -2.48121e-08 1.70369e-07 182 146 110
-4.23707e-08 -2.46305e-08 1.64227e-07 62 55 50
8.54451e-09 3.60668e-08 1.22405e-07 201 164 122
1.54914e-08 3.49064e-08 1.23887e-07 214 184 143
-3.15137e-08 1.31995e-08 1.55108e-07 196 157 114
-1.33326e-08 3.47749e-08 1.26212e-07 203 167 126
-9.27885e-09 3.17651e-08 1.30149e-07 204 168 126
4.594e-09 4.2176e-08 1.1449e-07 196 156 114
5.18107e-10 3.82987e-08 1.20536e-07 205 171 130
4.34888e-08 1.98469e-08 1.43964e-07 204 178 130
1.04733e-08 2.84107e-08 1.33358e-07 208 176 133
1.64833e-08 3.67724e-08 1.21523e-07 206 166 124
2.32449e-08 2.22973e-08 1.38873e-07 200 162 118
9.14978e-10 3.28233e-08 1.23195e-07 200 160 118
-1.37208e-08 3.85797e-08 1.20998e-07 192 154 112
-6.91633e-09 3.6874e-08 1.22798e-07 208 174 132
1.0016e-08 3.92491e-08 1.18041e-07 214 181 140
3.6899e-08 1.7445e-08 1.43759e-07 76 88 96
1.71327e-08 1.17698e-08 1.59983e-07 195 160 124
3.8001e-08 1.97699e-08 1.41341e-07 212 228 232
4.72713e-08 3.16877e-08 1.30599e-07 198 162 120
3.7715e-08 1.64259e-08 1.42667e-07 50 45 26
4.41144e-08 3.50714e-09 1.33812e-07 86 62 54
3.24814e-08 1.5922e-08 1.48808e-07 192 150 112
-4.05707e-08 3.81511e-08 1.24251e-07 151 114 79
-5.04977e-08 2.63377e-08 1.43058e-07 175 144 106
-4.13151e-08 3.87802e-08 1.24638e-07 157 120 85
6.64162e-08 2.01886e-08 1.43552e-07 196 162 120
3.63816e-08 2.25068e-08 1.41048e-07 239 238 239
5.79683e-08 1.37792e-08 1.46512e-07 190 154 115
5.95811e-08 1.99422e-08 1.44631e-07 186 148 108
5.03634e-08 1.81608e-08 1.46445e-07 184 144 106
5.74389e-08 1.27464e-08 1.47661e-07 193 158 118
-3.53486e-08 3.15578e-08 1.30331e-07 194 156 116
-5.06428e-08 3.11508e-08 1.31294e-07 198 161 120
1.27691e-08 1.6434e-08 1.5022e-07 203 167 130
6.46004e-08 1.98659e-08 1.44382e-07 194 159 120
-3.8415e-08 3.57149e-08 1.32835e-07 201 166 126
5.38776e-08 1.97702e-08 1.45296e-07 191 150 111
2.73292e-08 -1.66794e-08 1.57347e-07 132 55 18
3.49593e-08 -7.9759e-08 1.43066e-07 207 200 198
2.10078e-08 1.56263e-08 1.42741e-07 196 158 114
3.25979e-08 -8.16418e-08 1.43772e-07 207 202 198
1.0548e-08 1.65939e-08 1.39254e-07 198 160 117
3.45016e-08 1.7218e-08 1.42675e-07 218 224 232
3.26082e-08 1.65955e-08 1.41841e-07 236 248 254
3.14925e-08 1.82602e-08 1.41549e-07 242 251 255
2.04913e-08 1.43349e-08 1.43243e-07 196 154 112
1.73303e-08 1.18944e-08 1.45911e-07 190 147 104
2.42826e-08 -2.67735e-08 1.57573e-07 50 34 31
3.68759e-08 2.80284e-08 1.35468e-07 198 156 110
2.83037e-08 2.1463e-08 1.39539e-07 200 158 114
1.72602e-08 2.34332e-08 1.35741e-07 208 174 132
3.33883e-08 3.19091e-08 1.32744e-07 202 162 117
5.11275e-08 2.55633e-08 1.38796e-07 198 160 120
8.51501e-09 2.49453e-08 1.32048e-07 203 164 122
4.41929e-08 2.44289e-08 1.38264e-07 201 165 122
3.00143e-08 3.09815e-08 1.32879e-07 204 162 120
4.15087e-08 2.3344e-08 1.40171e-07 202 162 119
4.55079e-08 1.90179e-08 1.42587e-07 192 151 109
1.99809e-08 3.71325e-08 1.2399e-07 200 162 118
1.34698e-08 8.26624e-09 1.45462e-07 202 168 130
3.46314e-08 3.24522e-08 1.33026e-07 196 155 113
4.38211e-08 2.90968e-08 1.36377e-07 193 154 113
2.33922e-08 3.54269e-08 1.27402e-07 207 175 138
3.94208e-08 2.59602e-08 1.3914e-07 198 160 116
5.08182e-08 2.52597e-08 1.40575e-07 192 151 110
2.55961e-08 4.67147e-08 1.20745e-07 191 157 116
1.9308e-08 4.10373e-08 1.2376e-07 186 148 108
2.68819e-08 4.54822e-08 1.22303e-07 196 160 120
3.58086e-08 6.04941e-09 1.40672e-07 68 42 22
1.09538e-08 1.22551e-08 1.42326e-07 200 162 122
5.38747e-08 2.64815e-08 1.39102e-07 198 159 119
5.32132e-08 2.02853e-08 1.42473e-07 190 149 110
5.25554e-08 2.26017e-08 1.38849e-07 200 161 121
5.50703e-08 2.32831e-08 1.3945e-07 196 160 119
1.03179e-08 2.46539e-08 1.32232e-07 204 167 128
-1.89612e-08 1.33988e-08 1.25336e-07 194 156 114
1.90568e-08 -3.23206e-08 1.62366e-07 179 164 152
1.84235e-08 -2.6411e-08 1.72233e-07 178 147 110
1.92283e-08 -1.95488e-08 1.76738e-07 210 154 96
2.48174e-08 -3.6604e-08 1.62463e-07 190 186 178
-1.11556e-08 1.69238e-08 1.54067e-07 198 156 112
1.22569e-08 -1.77314e-08 1.9548e-07 189 154 119
4.01971e-08 -8.05843e-08 2.06011e-07 208 204 198
-1.17069e-08 -7.1997e-08 2.24635e-07 206 200 196
1.7744e-08 -7.03696e-08 2.17575e-07 206 201 196
2.53093e-08 -7.89165e-08 2.07904e-07 206 200 196
1.81872e-08 -7.44233e-08 2.16272e-07 206 201 196
-4.43995e-08 -2.60817e-08 1.68009e-07 52 53 56
9.89836e-09 4.61033e-08 1.16711e-07 193 153 110
2.81349e-08 -8.71399e-08 2.07793e-07 208 202 198
-8.84647e-09 7.85135e-09 1.65989e-07 207 172 131
-3.27994e-08 -4.80552e-08 2.33013e-07 180 147 112
-4.90741e-09 -1.85523e-08 1.91539e-07 208 186 160
-2.59747e-09 -8.74894e-08 2.11726e-07 208 202 198
-6.09665e-08 -5.52358e-08 2.41467e-07 190 156 122
2.85453e-08 -8.32834e-08 2.08541e-07 208 202 198
-1.68887e-09 -9.90011e-08 2.06552e-07 209 204 200
5.51868e-08 -8.55313e-08 2.01536e-07 204 197 192
-1.55454e-08 -1.68093e-08 1.91064e-07 190 156 119
-3.0957e-08 -1.33219e-08 1.92364e-07 200 172 135
3.71194e-08 -3.34775e-08 1.50726e-07 192 188 181
-5.17837e-09 -1.884e-08 1.91373e-07 210 189 162
3.24251e-08 -7.39022e-08 2.11529e-07 206 202 198
5.04488e-08 -3.59608e-08 1.44135e-07 195 189 182
-1.67488e-08 -9.7576e-08 4.25151e-07 201 197 192
1.00502e-08 -2.16314e-08 1.91397e-07 154 122 93
1.15111e-08 -2.0015e-08 1.90077e-07 180 148 115
4.06636e-08 -5.09815e-08 2.23378e-07 190 186 188
1.44303e-08 -1.53614e-08 1.90506e-07 186 154 116
1.49314e-08 -1.89877e-08 1.72976e-07 211 158 97
4.19838e-08 -7.58503e-08 2.08826e-07 200 197 195
4.14913e-08 -7.83107e-08 2.07345e-07 200 196 194
1.35772e-08 -1.79796e-08 1.90259e-07 183 150 114
2.36202e-08 -3.56604e-08 1.6368e-07 188 190 189
3.35696e-08 -2.36902e-08 1.65383e-07 76 108 132
1.27953e-09 -3.14492e-08 1.88249e-07 136 74 48
-5.81834e-09 -3.3259e-08 1.8835e-07 159 112 80
-1.4532e-09 -1.96737e-08 1.92099e-07 130 114 89
-3.37937e-08 -5.2879e-08 2.42417e-07 180 148 118
6.45988e-08 -1.3242e-07 4.27301e-07 202 196 189
-3.37312e-08 -7.29414e-09 1.87066e-07 200 166 128
-4.1653e-08 -2.09558e-08 1.6995e-07 30 22 17
3.46668e-08 -6.52955e-08 2.14746e-07 204 200 196
-2.77088e-08 8.82822e-09 1.63688e-07 195 158 118
4.24757e-08 -5.86375e-08 2.16389e-07 201 196 188
4.37393e-08 -2.83203e-08 1.72387e-07 177 144 108
-2.57494e-08 -8.13394e-09 1.93184e-07 196 164 128
-1.70129e-08 4.63321e-08 1.17824e-07 164 128 88
-4.04544e-08 4.96594e-10 1.80653e-07 194 161 121
-1.86479e-08 3.96328e-08 1.26215e-07 168 132 90
4.00153e-08 -5.78437e-08 2.16611e-07 206 200 194
6.86248e-08 6.12998e-08 1.75203e-07 198 161 120
3.99197e-08 -2.93228e-08 1.54456e-07 176 167 152
5.24027e-08 -3.90943e-08 1.35016e-07 200 192 185
2.35636e-09 -3.32127e-08 1.88049e-07 134 76 48
2.66918e-08 -1.82768e-08 1.71106e-07 56 53 60
-1.90273e-08 3.58981e-08 1.32128e-07 192 155 114
1.56584e-08 -3.55651e-08 1.66916e-07 188 186 185
1.80697e-08 -3.55179e-08 1.64446e-07 182 184 179
-4.56727e-09 -1.51667e-08 1.92624e-07 231 242 249
-2.80729e-08 1.3365e-08 1.61266e-07 198 156 113
1.68793e-08 -3.39823e-08 1.67002e-07 177 167 154
4.59535e-10 -3.45019e-08 1.89307e-07 144 84 56
-6.82301e-09 -3.67053e-08 1.86935e-07 178 146 112
-3.33055e-08 4.67838e-09 1.78292e-07 200 164 122
3.21041e-08 -2.98237e-08 1.68624e-07 86 48 38
4.66038e-09 -3.50877e-08 1.89283e-07 179 152 118
4.10747e-08 -2.47482e-08 1.6119e-07 178 146 110
3.45925e-08 -2.70795e-08 1.65174e-07 228 176 127
4.30351e-09 -3.6498e-08 1.88596e-07 188 158 125
5.35598e-08 -4.86487e-08 1.29019e-07 202 194 188
1.00785e-09 -5.45846e-08 2.29357e-07 188 183 177
-1.6301e-08 -4.10391e-08 2.14683e-07 183 148 114
-3.64235e-08 -2.43236e-08 1.73172e-07 192 156 118
9.30498e-09 6.69214e-08 1.87461e-07 196 162 121
-1.00308e-08 3.82204e-08 1.30761e-07 190 154 115
3.72387e-08 -3.00465e-08 1.44546e-07 185 184 180
5.80587e-08 -3.85612e-08 1.31309e-07 198 189 182
-3.4222e-08 -3.09503e-08 1.7924e-07 184 148 111
3.64006e-08 -3.53512e-08 1.41252e-07 202 196 190
-2.41163e-08 -1.46931e-08 1.94569e-07 200 170 132
-1.43036e-09 4.08623e-08 1.30746e-07 186 153 113
-2.47e-08 3.26197e-08 1.40434e-07 207 170 128
9.46816e-09 3.77928e-08 1.30467e-07 188 150 110
-5.15288e-09 -3.63419e-08 1.85285e-07 164 122 92
2.22652e-08 -4.59138e-08 1.39358e-07 206 200 194
4.54393e-08 -9.95185e-08 3.73408e-07 202 194 189
3.653e-08 -9.42664e-08 2.79671e-07 200 193 187
-8.60885e-08 -7.03933e-08 2.1504e-07 196 192 188
-8.78302e-08 -7.48898e-08 2.17649e-07 198 192 188
-8.74627e-08 -8.44238e-08 2.08914e-07 200 194 190
-8.87636e-08 -7.86017e-08 2.1807e-07 200 192 188
-8.77165e-08 -8.32927e-08 2.10468e-07 202 196 192
-9.47774e-08 -1.09066e-07 2.11686e-07 201 194 191
-9.03086e-08 -6.43476e-08 2.12374e-07 186 182 178
-8.92805e-08 -1.08642e-07 2.06293e-07 204 197 194
-8.47219e-08 -5.98147e-08 2.08733e-07 192 188 183
-7.82653e-08 -7.30378e-08 2.14678e-07 200 193 188
-6.961e-09 -2.85197e-08 1.93493e-07 185 150 117
-3.95682e-08 -7.4422e-09 1.79861e-07 64 62 62
-4.69046e-08 -1.90774e-08 1.65025e-07 62 55 50
8.44562e-09 1.61696e-08 1.55935e-07 203 164 120
-4.41366e-08 -2.0263e-08 1.66215e-07 66 56 51
-4.15353e-08 -1.85347e-08 1.71419e-07 30 21 13
1.30694e-10 -6.61009e-08 2.31903e-07 206 201 194
-4.10951e-08 -1.72452e-08 1.74261e-07 69 57 46
-3.82633e-08 -2.42102e-08 1.69068e-07 24 14 10
-3.76405e-08 -4.40811e-09 1.79788e-07 86 69 52
-6.21497e-08 1.53979e-08 1.55272e-07 211 168 117
-3.65725e-08 -2.78952e-08 1.7124e-07 192 156 120
1.00597e-08 4.27378e-08 1.22022e-07 206 172 130
-5.60297e-08 -2.44773e-08 1.70382e-07 90 76 60
-5.54598e-08 -8.13129e-09 1.76431e-07 201 164 122
-6.25806e-08 -1.0124e-08 1.85021e-07 200 164 122
-3.8072e-08 1.1535e-08 1.60481e-07 206 168 120
-6.78886e-08 -3.69025e-08 1.93269e-07 179 145 108
-3.33089e-08 -1.21753e-08 1.9064e-07 165 134 100
4.65792e-09 -2.68345e-08 1.90197e-07 143 100 74
-5.22992e-08 -5.60057e-09 1.82476e-07 56 56 54
1.62584e-08 -7.02354e-08 2.23633e-07 203 200 196
2.43813e-10 -6.30773e-08 2.33757e-07 202 197 192
-3.32096e-08 -2.20265e-08 1.77686e-07 196 164 126
2.76003e-09 -6.71441e-08 2.31965e-07 199 194 190
-1.83418e-08 -8.13754e-08 2.25214e-07 206 202 198
-1.7263e-08 -5.65704e-08 2.41243e-07 199 197 194
1.25289e-08 3.92109e-08 1.25856e-07 203 164 121
-1.67997e-09 -5.76535e-08 2.35558e-07 198 194 190
-4.06178e-08 3.52335e-08 1.30513e-07 210 172 128
-3.45177e-08 -1.51081e-08 1.9051e-07 150 122 96
-4.56742e-08 6.03503e-09 1.88089e-07 190 148 104
-2.74209e-08 -1.00963e-08 1.93751e-07 195 160 123
1.27427e-08 -2.68521e-08 1.82804e-07 178 148 112
-5.75568e-08 -7.51987e-09 1.74903e-07 194 158 116
-3.62058e-08 9.77951e-09 1.6707e-07 202 162 118
-2.86998e-08 3.63737e-09 1.86403e-07 210 176 136
2.50812e-08 3.77773e-08 1.27855e-07 211 179 136
5.27053e-09 4.43286e-08 1.18561e-07 196 156 112
-4.51459e-09 -1.05073e-07 2.10554e-07 208 206 203
1.99365e-08 5.99878e-08 1.25874e-07 180 140 98
-4.84519e-08 -2.81327e-08 1.7036e-07 64 68 72
-3.34036e-08 7.3548e-09 1.72814e-07 194 156 115
1.57762e-09 -5.90408e-08 2.33451e-07 199 192 186
3.36908e-09 -3.65223e-08 1.82129e-07 181 150 118
-3.92127e-08 -4.50877e-10 1.80552e-07 188 158 118
4.74851e-09 -2.14003e-08 1.95506e-07 154 125 98
5.66396e-09 -3.67978e-08 1.82518e-07 182 152 120
-5.44161e-08 2.27752e-08 1.43905e-07 178 144 105
2.59092e-08 -8.64153e-08 2.12974e-07 200 196 192
1.03312e-08 -7.12695e-08 2.2501e-07 207 202 198
-3.4975e-08 -2.30355e-08 1.78361e-07 192 158 120
-5.35497e-09 -3.81012e-08 1.87492e-07 185 153 120
-1.07852e-09 -3.72602e-08 1.875e-07 177 140 107
-2.87967e-10 -3.91809e-08 1.85021e-07 194 173 152
2.04787e-08 3.12258e-08 1.35141e-07 200 162 117
-5.07539e-08 -1.82905e-08 1.01891e-07 88 68 48
-3.98204e-08 5.46649e-09 1.89244e-07 194 156 114
-1.7125e-08 3.59294e-08 1.32458e-07 192 154 114
-2.40229e-09 -2.49642e-08 1.90689e-07 167 136 102
-4.02358e-08 -8.55547e-09 1.82158e-07 49 39 36
-3.43523e-09 -1.72074e-08 1.96022e-07 220 221 226
9.00353e-09 -2.24034e-08 2.03162e-07 156 128 100
-3.54742e-08 -1.6124e-08 1.88912e-07 140 114 86
3.12454e-08 5.39129e-08 1.21135e-07 178 141 102
-1.84659e-09 -3.80632e-08 1.79707e-07 186 168 146
-4.96068e-08 -1.07138e-08 1.79703e-07 32 32 30
1.74652e-08 3.9963e-08 1.30865e-07 188 149 109
-4.94512e-08 -2.95707e-08 1.69334e-07 66 68 71
2.67052e-08 3.4127e-08 1.38585e-07 198 156 114
3.40048e-08 2.22094e-08 1.43588e-07 180 150 120
3.61581e-08 1.31944e-08 1.42542e-07 149 116 82
3.1897e-08 2.4536e-08 1.46994e-07 192 152 106
3.4774e-08 2.53549e-08 1.40782e-07 187 146 100
1.81187e-08 1.84611e-08 1.47902e-07 198 162 120
3.60357e-08 1.58293e-08 1.44377e-07 155 118 86
1.68062e-08 2.91303e-08 1.37541e-07 198 157 114
2.99454e-08 1.42869e-08 1.54804e-07 192 154 114
3.83567e-08 1.69576e-09 1.37673e-07 86 62 48
1.4277e-08 2.91666e-08 1.36007e-07 200 160 118
4.66161e-08 4.15362e-08 1.47991e-07 190 151 108
1.17527e-08 2.4162e-09 1.67085e-07 193 158 122
1.18995e-08 4.11852e-09 1.67789e-07 197 162 126
3.7917e-08 1.22446e-08 1.42877e-07 195 173 127
3.56495e-08 8.43862e-09 1.41661e-07 214 190 160
4.65472e-08 2.71883e-08 1.40642e-07 196 160 118
4.23175e-08 3.20748e-08 1.35068e-07 192 154 111
4.90236e-08 3.19089e-08 1.33036e-07 195 155 114
3.79161e-08 4.34041e-08 1.23456e-07 186 148 108
2.41766e-08 3.78351e-08 1.27555e-07 199 169 130
2.66886e-08 3.57355e-08 1.27152e-07 196 160 120
4.21367e-08 3.58127e-08 1.31389e-07 186 147 106
3.12966e-08 4.13634e-08 1.24159e-07 189 152 112
5.64663e-08 1.90234e-08 1.54663e-07 176 140 99
3.06322e-08 4.15348e-08 1.24707e-07 186 148 109
3.12552e-08 4.01975e-08 1.29229e-07 193 158 117
4.53888e-08 3.57812e-08 1.30513e-07 188 150 108
5.73614e-08 1.8965e-08 1.47321e-07 188 153 110
3.25494e-08 3.00584e-09 1.34667e-07 172 136 101
-4.77212e-10 -1.08126e-07 2.02142e-07 208 203 200
2.06965e-08 -2.62417e-08 1.64675e-07 250 156 79
1.62167e-08 -8.95516e-09 1.88951e-07 187 150 114
3.78084e-08 1.90973e-08 1.41672e-07 74 70 64
3.58513e-08 1.20269e-08 1.49534e-07 180 144 102
5.88602e-08 -5.74443e-08 2.04196e-07 200 194 188
2.0056e-08 -2.04105e-08 1.67478e-07 106 92 92
-6.20615e-08 -9.68757e-08 2.30141e-07 214 206 202
-4.40476e-08 -1.16325e-07 2.14294e-07 214 208 204
2.83878e-08 -2.56711e-08 1.61581e-07 74 34 20
-4.3657e-08 3.46225e-08 1.29801e-07 208 170 125
7.86789e-08 -5.43979e-08 1.98375e-07 200 192 186
1.23649e-08 -8.43213e-10 1.8239e-07 200 165 126
1.88334e-08 -6.66071e-08 2.19938e-07 207 204 200
3.25887e-08 3.51132e-10 1.36241e-07 189 156 114
-4.08577e-08 -1.18444e-07 2.16174e-07 214 209 206
-3.35004e-08 -1.15965e-07 2.13308e-07 216 211 208
-2.61412e-09 -1.02143e-08 1.97223e-07 197 161 116
3.67271e-08 -1.13453e-08 1.69046e-07 166 70 24
1.36334e-08 9.23423e-09 1.62485e-07 195 159 117
2.5384e-08 -1.26391e-08 1.76735e-07 124 94 70
2.44189e-08 6.44251e-09 1.90823e-07 192 154 110
-3.42443e-12 -1.10746e-07 2.0356e-07 208 204 200
1.92685e-08 -3.29065e-09 1.83995e-07 190 151 108
-4.3552e-08 -9.67528e-08 2.24906e-07 215 207 204
-5.38218e-08 1.94717e-08 1.52434e-07 215 174 124
3.6016e-08 1.78717e-08 1.44261e-07 234 242 247
2.9753e-08 -8.76251e-09 1.76315e-07 188 154 117
-2.1289e-08 -1.12915e-07 2.15219e-07 214 212 208
-5.93256e-10 -1.24761e-09 1.91746e-07 206 166 118
2.71139e-08 -2.88473e-08 1.61676e-07 120 24 43
1.62893e-08 -3.42919e-09 1.91458e-07 199 162 126
-5.28376e-08 2.52683e-08 1.44039e-07 220 185 140
3.67331e-08 5.65204e-10 1.37603e-07 190 156 114
-2.29642e-08 -7.87429e-08 2.33599e-07 201 194 186
3.60881e-08 1.18901e-08 1.51231e-07 184 147 106
3.83602e-08 -2.91056e-09 1.74304e-07 23 32 49
2.09745e-08 -3.65391e-08 1.64059e-07 166 156 152
1.52903e-08 -1.54933e-08 1.8359e-07 185 154 124
1.83271e-08 -1.38709e-08 1.80624e-07 126 61 34
-4.12254e-08 -8.50811e-08 2.30557e-07 214 206 204
-4.10031e-08 -8.64688e-08 2.29847e-07 215 207 204
1.8754e-08 -1.51367e-08 1.73883e-07 184 84 40
1.85067e-08 -1.1125e-07 1.97405e-07 212 208 206
3.96989e-08 -1.01238e-07 1.90068e-07 210 206 202
1.8286e-08 -2.97882e-08 1.59023e-07 191 155 131
-2.12931e-08 3.75617e-08 1.26902e-07 208 172 127
3.5464e-08 1.34081e-08 1.521e-07 191 155 114
-1.90595e-08 -3.13089e-08 2.16634e-07 189 156 120
-5.589e-08 2.36516e-08 1.46718e-07 218 180 134
-4.45006e-09 -2.39604e-08 1.99752e-07 194 160 126
-1.87602e-08 -5.01799e-08 2.49955e-07 186 152 116
2.56269e-08 -3.3408e-08 1.62979e-07 134 53 70
4.07309e-08 5.55483e-09 1.3809e-07 86 65 55
-2.45943e-08 -5.55988e-08 2.46362e-07 197 194 194
-1.76482e-08 3.3303e-08 1.31092e-07 212 172 129
2.04381e-08 -1.03047e-07 1.99236e-07 210 207 202
3.4455e-08 1.08512e-09 1.34777e-07 182 150 114
1.88861e-08 -4.42767e-08 2.27714e-07 189 182 175
3.49538e-08 1.26331e-08 1.50907e-07 192 156 115
3.12687e-08 2.57313e-08 1.37798e-07 190 152 105
1.99622e-08 -9.00675e-08 2.05161e-07 212 208 204
7.53286e-08 -3.88617e-08 2.05474e-07 183 182 179
-4.19834e-08 -8.57851e-08 2.29222e-07 214 206 204
1.69179e-08 3.44207e-08 1.26101e-07 210 180 138
6.11006e-08 -7.71766e-08 1.9238e-07 202 197 194
3.15901e-08 2.33594e-09 1.75095e-07 182 143 102
2.40835e-08 -4.15441e-09 1.81566e-07 192 160 124
2.85693e-08 -2.44444e-08 1.62294e-07 225 180 134
7.88275e-08 -4.13346e-08 2.05847e-07 167 160 152
7.13592e-08 -3.71585e-08 2.08943e-07 178 178 174
3.44831e-08 1.54183e-08 1.4867e-07 190 149 108
-4.27058e-08 3.68834e-08 1.26687e-07 198 158 115
1.89396e-08 -2.20403e-08 1.64805e-07 117 118 114
-7.86759e-10 -1.14247e-07 2.04032e-07 207 204 198
-2.22921e-08 -8.11376e-08 2.32553e-07 205 198 192
4.49221e-08 -7.78416e-08 1.95611e-07 209 204 200
6.90619e-08 -7.57497e-08 1.90009e-07 202 196 192
8.13574e-08 -7.83326e-08 1.99901e-07 202 194 192
2.32772e-08 3.83515e-09 1.6744e-07 183 144 102
2.05413e-08 3.50204e-08 1.24449e-07 206 176 134
2.72234e-08 -6.35017e-09 1.799e-07 188 154 117
-4.76725e-08 2.62998e-08 1.40907e-07 217 184 138
1.21676e-08 4.04171e-08 1.18616e-07 202 169 129
8.06074e-08 -2.29135e-08 1.90802e-07 170 136 98
5.99421e-08 -8.93085e-08 1.85935e-07 206 200 196
3.52822e-08 9.92679e-09 1.53934e-07 184 146 106
-2.46057e-08 2.64598e-09 1.73799e-07 211 174 130
1.0765e-09 -4.53571e-09 1.91016e-07 195 154 108
3.1415e-08 4.85861e-09 1.3394e-07 196 163 122
-2.12878e-08 -1.07178e-07 2.11949e-07 216 211 208
-5.12977e-08 3.28647e-08 1.31336e-07 210 172 128
-4.85861e-08 -9.84768e-08 2.27429e-07 216 208 204
-4.05891e-09 3.92388e-08 1.23337e-07 208 175 132
6.93105e-08 -5.7082e-08 2.00876e-07 202 196 190
2.76614e-08 -1.6923e-08 1.68813e-07 17 36 50
2.33882e-08 -1.03667e-08 1.84449e-07 160 132 101
-6.4834e-08 -1.03762e-07 2.31046e-07 212 204 202
1.9801e-08 3.43431e-08 1.24737e-07 210 179 138
-3.83128e-08 -1.1686e-07 2.14675e-07 212 208 204
-2.04338e-08 -3.74768e-08 2.22334e-07 194 161 127
-4.05149e-08 -6.9754e-08 2.36163e-07 214 206 204
-4.25344e-08 -1.2221e-07 2.14537e-07 217 212 208
-3.3955e-09 -1.14609e-07 2.01427e-07 214 210 208
7.87394e-08 -5.98628e-08 1.94862e-07 193 185 178
3.68543e-08 1.66591e-09 1.33882e-07 86 63 51
3.33426e-08 -6.63081e-10 1.77898e-07 180 150 110
-5.76302e-08 -9.81645e-08 2.32419e-07 214 206 203
-2.74971e-08 2.48929e-08 1.42073e-07 208 166 119
3.31557e-08 2.37487e-08 1.39085e-07 186 146 97
4.60236e-08 1.55706e-08 1.4804e-07 156 128 73
4.06107e-08 -5.9562e-08 2.1344e-07 204 199 194
-4.59054e-09 -1.12085e-07 2.09142e-07 210 206 204
2.46655e-08 -1.88419e-08 1.63123e-07 89 36 16
2.55417e-08 -4.41469e-08 2.331e-07 171 154 138
-2.03137e-08 -1.18789e-07 2.06515e-07 220 216 212
9.90398e-09 3.98675e-08 1.18556e-07 198 166 125
1.06576e-08 4.00185e-08 1.18576e-07 201 169 129
3.59165e-08 -1.21787e-08 1.67372e-07 202 99 50
2.02684e-08 -3.82195e-08 2.27489e-07 184 154 121
-1.64941e-08 -4.64326e-08 2.39026e-07 181 148 112
2.74498e-08 -7.64641e-09 1.81865e-07 194 160 123
3.7508e-08 9.38532e-09 1.36324e-07 59 36 22
2.0056e-08 3.56046e-08 1.2395e-07 202 172 130
1.80358e-08 -7.11665e-08 2.15366e-07 200 197 190
2.00874e-08 -9.31493e-08 2.03936e-07 200 195 190
2.48974e-08 3.30068e-09 1.67063e-07 182 143 100
7.95281e-08 -3.80124e-08 2.06862e-07 180 178 174
4.63046e-08 -8.98806e-09 1.74151e-07 180 146 106
-4.92236e-08 -1.07073e-07 2.25161e-07 213 208 205
-3.98816e-08 -7.6761e-08 2.37838e-07 214 206 202
2.63574e-09 -1.02415e-07 2.03846e-07 216 212 210
-2.35891e-08 3.22621e-08 1.32725e-07 215 177 133
4.37567e-08 1.91218e-08 1.46865e-07 226 220 138
3.43304e-08 4.32925e-09 1.66847e-07 190 152 109
5.88301e-08 -7.1378e-08 1.88519e-07 203 198 193
3.65632e-08 1.31775e-08 1.51911e-07 190 154 114
3.01741e-08 1.07911e-09 1.75499e-07 194 161 122
-2.15625e-08 -1.08666e-07 2.12392e-07 217 212 210
-3.19082e-08 -1.17411e-07 2.11983e-07 212 208 205
-3.43375e-09 3.76301e-08 1.21923e-07 203 169 124
3.7077e-08 1.43398e-08 1.39679e-07 207 201 121
6.76836e-08 -3.71308e-09 1.70454e-07 176 142 101
7.4066e-08 -7.67225e-08 1.8861e-07 201 193 190
-4.11093e-09 3.44907e-08 1.27904e-07 209 172 126
3.18515e-08 7.56287e-09 1.60653e-07 187 152 110
-1.69642e-08 -6.2599e-08 1.18468e-07 214 210 208
2.44338e-09 -1.89452e-08 1.94418e-07 133 111 84
-4.65553e-08 -9.62312e-08 2.26514e-07 215 207 204
-1.81145e-08 -7.67875e-08 2.31047e-07 214 207 204
-5.36295e-08 -1.17611e-07 2.1521e-07 214 209 206
-4.73775e-08 -9.83089e-08 2.22929e-07 216 208 205
2.18495e-08 3.13098e-08 1.30733e-07 201 160 115
4.85218e-09 2.15933e-08 1.41257e-07 208 174 131
8.59081e-08 -3.52081e-08 1.97471e-07 178 176 172
-3.33903e-08 1.93441e-08 1.45206e-07 221 180 132
-1.99506e-08 -9.19107e-08 2.16922e-07 214 209 205
1.26917e-09 -2.94354e-08 1.83549e-07 127 65 38
-2.28932e-08 -3.33583e-08 2.17355e-07 184 150 116
-2.49037e-08 3.26127e-08 1.32187e-07 213 175 132
-1.23354e-08 1.96673e-08 1.5124e-07 208 168 124
-1.29342e-08 3.68748e-08 1.25969e-07 198 164 120
3.21733e-08 7.72576e-09 1.43425e-07 188 152 112
-3.64339e-08 -7.54674e-08 2.35563e-07 214 206 202
-5.57308e-08 2.80208e-08 1.40147e-07 211 173 128
1.27727e-11 2.5387e-08 1.39507e-07 208 170 126
4.00409e-08 -8.55675e-08 1.91245e-07 199 192 183
-8.0392e-09 2.99404e-08 1.36296e-07 212 177 134
-2.34416e-08 -3.4635e-08 2.27061e-07 190 156 121
-3.38873e-08 -6.75418e-08 2.41105e-07 213 205 202
6.6115e-08 -7.28739e-08 1.93371e-07 199 192 187
7.87141e-08 -6.25043e-08 1.94476e-07 204 196 190
-4.29742e-08 2.71868e-08 1.40652e-07 218 183 138
6.42138e-08 -4.43316e-09 1.67333e-07 180 145 106
-1.04297e-08 -1.10397e-07 2.06844e-07 214 210 208
-4.43871e-08 -1.02623e-07 2.24049e-07 208 202 194
1.76789e-08 -5.36302e-08 2.27751e-07 206 202 198
-1.22404e-09 -1.00415e-07 2.06848e-07 201 198 193
3.37854e-08 1.13662e-08 1.44307e-07 176 140 98
1.4152e-08 -1.05491e-07 1.99169e-07 212 210 208
3.78454e-08 1.37636e-09 1.78591e-07 181 148 108
1.15955e-08 3.5911e-08 1.22866e-07 197 156 114
3.60985e-08 -6.24412e-08 2.19403e-07 204 200 196
-4.24107e-08 -1.21881e-07 2.12227e-07 215 207 200
8.78698e-09 1.42234e-08 1.50785e-07 203 168 124
1.07369e-08 -1.08295e-07 1.99366e-07 215 211 209
8.01138e-08 -3.71519e-08 2.14239e-07 172 171 168
-1.1737e-08 -3.96523e-08 2.33993e-07 194 161 127
6.93804e-08 -7.34375e-08 1.93312e-07 204 196 194
2.58311e-08 -9.78067e-08 1.97647e-07 210 206 202
-7.62931e-10 3.79424e-08 1.22103e-07 202 168 126
9.17378e-09 1.18436e-09 1.67056e-07 199 164 126
-5.11176e-10 4.10445e-08 1.23463e-07 201 169 126
7.05625e-08 -6.24464e-08 1.96088e-07 198 190 183
-4.56723e-08 2.79156e-08 1.40631e-07 216 184 142
-4.39219e-08 2.70378e-08 1.42114e-07 218 184 140
-4.35581e-11 -9.68087e-08 2.08599e-07 213 208 204
7.93566e-08 -7.10426e-08 1.89522e-07 202 194 190
6.09282e-09 2.22113e-08 1.4246e-07 212 178 135
1.53e-08 -4.46509e-08 2.28792e-07 180 164 147
-1.1907e-08 3.87215e-08 1.21573e-07 198 158 116
1.15487e-08 1.62333e-08 1.50612e-07 197 162 119
2.26379e-08 1.68953e-08 1.5109e-07 193 156 113
5.69468e-08 -6.90932e-08 1.97553e-07 206 200 196
2.08503e-08 -2.65541e-09 1.90871e-07 186 146 104
-4.92595e-08 2.73243e-08 1.40453e-07 222 190 146
6.92913e-09 -1.01548e-07 2.06209e-07 214 210 206
-1.78415e-08 3.55773e-08 1.26599e-07 205 167 124
6.95469e-08 -2.11201e-08 1.97187e-07 168 134 97
2.63587e-08 -1.02574e-07 1.96416e-07 210 207 203
4.36545e-08 -9.70974e-08 1.91373e-07 200 195 191
3.57562e-08 2.24672e-08 1.40163e-07 240 245 252
-2.56195e-09 3.17319e-08 1.3139e-07 214 180 136
-1.69738e-08 3.83967e-08 1.237e-07 203 163 120
5.12534e-08 -9.48646e-08 1.87477e-07 206 201 197
1.86827e-08 2.92497e-08 1.35121e-07 198 160 114
5.85544e-08 -4.92943e-08 2.03978e-07 196 192 186
2.02024e-08 -1.30273e-08 1.89388e-07 41 26 16
-2.14162e-08 3.77876e-08 1.239e-07 204 168 124
-2.42399e-08 3.61413e-08 1.28839e-07 208 172 130
2.86098e-08 2.17325e-08 1.45553e-07 194 154 110
7.18907e-08 -1.71895e-08 1.88667e-07 176 142 105
-2.09066e-08 3.60215e-08 1.27018e-07 208 172 128
-4.8697e-09 -8.69834e-08 2.30754e-07 210 206 202
-9.52856e-09 -1.17215e-07 2.14077e-07 216 212 210
8.98369e-09 4.08432e-08 1.17352e-07 200 168 129
6.96823e-08 -6.80002e-08 1.93626e-07 204 197 192
6.85273e-08 -3.89636e-08 2.06926e-07 182 182 179
7.17074e-08 -1.30471e-08 1.79665e-07 178 144 107
-3.72116e-08 2.06247e-08 1.52366e-07 214 172 123
4.43845e-08 -2.31033e-08 1.70021e-07 184 140 100
4.74591e-08 -7.84018e-08 1.90289e-07 206 200 196
-1.31477e-08 1.94538e-08 1.4889e-07 204 163 119
1.23082e-09 3.97218e-08 1.20513e-07 201 168 126
8.1462e-08 -2.69977e-08 1.98018e-07 168 134 96
1.18622e-08 -2.71284e-08 1.88557e-07 186 156 122
6.27902e-08 -5.17822e-08 2.09191e-07 198 192 184
-2.38141e-08 -1.01136e-07 2.19198e-07 208 201 196
-8.67e-09 3.29795e-08 1.29854e-07 201 162 116
5.53287e-09 -1.05151e-07 2.0461e-07 215 211 208
1.02008e-08 2.5911e-08 1.32749e-07 203 166 121
6.4832e-08 -5.66316e-08 2.02551e-07 202 195 189
3.26984e-08 1.19178e-09 1.37926e-07 192 160 118
2.51299e-08 1.05432e-08 1.59668e-07 193 157 116
-4.41872e-08 3.40615e-08 1.30363e-07 212 172 128
2.50009e-08 -4.35789e-08 2.01075e-07 196 193 190
-2.46318e-08 -7.52655e-08 2.26519e-07 214 208 202
3.94361e-08 1.9092e-08 1.42813e-07 48 41 33
2.80446e-08 -2.76981e-08 1.64112e-07 110 44 30
8.40035e-08 -3.40414e-08 2.00712e-07 176 176 170
5.65095e-08 -8.22201e-08 1.91615e-07 204 200 194
-4.7823e-08 2.6303e-08 1.42843e-07 222 188 144
6.67408e-08 -2.65196e-08 1.9919e-07 178 145 107
-4.71357e-08 -1.14643e-07 2.30022e-07 209 202 200
4.53382e-08 -1.04082e-07 1.93033e-07 198 192 186
-3.58576e-08 -7.17141e-08 2.35342e-07 211 203 200
-2.8745e-08 -7.53396e-08 2.35219e-07 216 208 206
-4.76499e-08 3.70804e-08 1.25412e-07 204 166 125
6.40966e-08 -7.33443e-08 1.85917e-07 204 196 194
-8.71173e-09 1.85095e-08 1.48901e-07 211 174 128
-5.43584e-08 2.73107e-08 1.37319e-07 212 173 129
3.70372e-08 6.27117e-09 1.79641e-07 180 142 98
-5.6699e-08 -1.21306e-07 2.17759e-07 212 207 204
6.6705e-08 -1.53973e-08 1.87389e-07 175 141 104
2.37943e-08 7.19809e-09 1.62528e-07 194 156 114
1.2115e-08 3.84906e-08 1.20019e-07 194 157 116
5.08838e-08 -1.01275e-07 1.871e-07 210 205 201
6.99498e-08 -9.6444e-08 1.77853e-07 206 198 195
6.67235e-08 -3.79689e-09 1.69924e-07 176 142 101
-1.74603e-08 -8.45191e-08 2.21262e-07 214 209 205
-7.25857e-10 -1.22412e-09 1.83685e-07 206 168 124
3.48496e-08 -5.53492e-09 1.74139e-07 21 33 49
2.1933e-08 -9.6194e-08 1.97073e-07 208 204 200
7.70134e-08 -4.58395e-09 1.87882e-07 181 148 108
-2.57312e-08 3.31143e-08 1.32293e-07 206 164 122
-6.24003e-09 3.86054e-08 1.23207e-07 204 171 128
9.08467e-09 -1.08316e-07 1.9984e-07 212 209 206
7.25923e-08 -5.99413e-08 1.89195e-07 198 190 182
3.49253e-08 9.96566e-09 1.59817e-07 179 142 102
4.78708e-08 -6.86437e-08 2.03724e-07 208 202 199
6.31791e-08 4.54006e-10 1.65789e-07 182 146 104
2.08403e-08 -4.57967e-08 2.01496e-07 166 161 154
5.07237e-08 -1.97606e-09 1.64835e-07 180 146 105
7.89161e-09 3.96366e-08 1.19709e-07 198 165 124
4.79622e-08 -8.55156e-08 1.93372e-07 198 190 180
4.38536e-08 -8.81626e-08 1.94574e-07 206 200 194
4.62886e-08 -9.52737e-08 1.90883e-07 208 202 198
1.76879e-08 1.04254e-08 1.56828e-07 196 162 119
-1.80761e-08 -3.27197e-09 1.97889e-07 204 166 124
4.71832e-08 -1.82331e-08 1.82683e-07 176 136 94
2.387e-08 1.12307e-08 1.88962e-07 194 157 114
-2.60012e-08 -1.03173e-07 2.19148e-07 214 210 207
2.5141e-08 -8.5444e-08 2.07704e-07 208 205 201
1.54141e-08 1.52336e-08 1.54131e-07 194 155 112
8.19819e-08 -3.66343e-08 2.06171e-07 180 176 172
2.3702e-08 1.07e-08 1.56592e-07 194 160 118
-3.83634e-08 -8.20542e-08 2.3959e-07 214 208 202
7.6936e-08 -6.72079e-08 1.90182e-07 202 194 191
5.57073e-08 -5.01186e-08 2.08715e-07 202 196 192
5.51001e-08 -2.67394e-08 1.85067e-07 181 151 112
1.04059e-08 3.22766e-08 1.342e-07 205 169 126
-5.49606e-09 1.78789e-08 1.49382e-07 201 158 112
4.83353e-08 -7.10179e-08 2.03048e-07 204 198 194
7.69428e-08 -9.36855e-08 1.76193e-07 198 190 186
9.72113e-09 4.05053e-08 1.20647e-07 198 166 124
7.8316e-08 -5.26508e-08 1.90442e-07 194 188 180
1.89717e-08 -4.94028e-08 2.21237e-07 192 189 186
3.24648e-08 -1.30887e-08 1.66298e-07 144 63 34
1.89547e-08 -3.25526e-08 2.14125e-07 188 156 126
3.18077e-08 -1.22573e-08 1.7008e-07 120 92 66
2.88877e-08 -1.02169e-09 1.79413e-07 194 161 124
3.27554e-08 -1.21227e-08 1.70098e-07 123 94 66
3.25588e-08 -9.56859e-09 1.70981e-07 26 34 48
-1.20339e-10 -4.78349e-08 2.40159e-07 186 156 124
2.85912e-08 -1.48292e-08 1.66904e-07 138 107 76
1.61374e-08 1.15237e-08 1.57705e-07 198 163 123
-4.18232e-08 3.52459e-08 1.30801e-07 208 170 128
-4.11062e-08 -6.14588e-08 2.33977e-07 208 202 194
4.14211e-08 4.42902e-09 1.34076e-07 82 60 51
3.20532e-08 -1.11367e-08 1.71723e-07 115 88 63
3.4037e-08 4.4558e-09 1.36603e-07 68 42 22
1.71014e-08 -4.53984e-08 2.3174e-07 188 182 178
3.15614e-08 6.20735e-09 1.36919e-07 190 156 116
2.86693e-08 2.57984e-09 1.74629e-07 187 150 108
1.93357e-08 1.10751e-08 1.69816e-07 195 158 119
8.40413e-08 -5.72671e-08 2.03973e-07 202 194 190
-4.62222e-08 2.89814e-08 1.39356e-07 216 182 138
4.19617e-08 1.10083e-09 1.36522e-07 90 66 46
-4.58938e-08 -6.15756e-08 1.40627e-07 208 202 198
2.9885e-08 1.69101e-08 1.49004e-07 186 146 104
3.43191e-08 -1.23069e-08 1.6932e-07 134 57 32
1.77316e-08 1.25327e-09 1.684e-07 188 148 106
3.36025e-08 3.01779e-08 1.30975e-07 193 155 112
3.62427e-08 2.92926e-08 1.36046e-07 184 148 104
-4.33489e-08 3.72264e-08 1.2872e-07 196 157 114
3.75741e-08 3.48799e-09 1.81777e-07 180 141 99
-1.92404e-08 -6.99745e-08 2.35327e-07 210 204 200
-1.97999e-08 3.42161e-08 1.31066e-07 205 166 124
3.29448e-08 6.41137e-09 1.62758e-07 197 161 119
1.08249e-09 4.0237e-08 1.24088e-07 203 169 128
1.93484e-08 -8.36104e-10 1.71969e-07 180 143 102
4.0879e-08 4.35462e-09 1.34928e-07 82 60 52
-1.66247e-08 -4.91957e-08 2.45421e-07 184 151 116
-4.71318e-08 3.46921e-08 1.31873e-07 206 170 126
2.165e-08 -1.64235e-08 1.73686e-07 179 78 37
7.92e-08 -4.28915e-08 2.03538e-07 198 190 186
-4.24829e-08 -8.02433e-08 2.38389e-07 212 203 199
1.55413e-08 -1.50597e-08 1.78712e-07 80 68 60
1.49619e-09 -4.86064e-08 2.29224e-07 192 191 190
3.27921e-08 6.25971e-09 1.60702e-07 194 159 120
3.60506e-08 1.11846e-08 1.38909e-07 216 194 165
-2.21772e-08 3.65146e-08 1.26903e-07 210 176 134
8.00803e-08 -5.15724e-08 1.989e-07 200 192 188
1.02581e-08 4.12123e-08 1.18943e-07 197 165 125
-9.77513e-09 -3.49634e-08 1.86843e-07 188 158 125
2.96559e-08 -3.19087e-09 1.75649e-07 188 153 117
1.8258e-08 1.01891e-08 1.56525e-07 192 158 118
2.34573e-08 4.50887e-10 1.7471e-07 189 154 114
-5.24272e-08 3.24466e-08 1.35393e-07 208 171 126
-1.1863e-08 -5.35029e-08 2.42293e-07 196 194 197
5.81058e-08 3.38109e-08 1.57627e-07 189 156 112
4.16764e-08 8.96215e-10 1.68724e-07 194 160 122
-2.06273e-08 3.86195e-08 1.24778e-07 202 164 120
1.55627e-08 4.18636e-08 1.17246e-07 192 160 120
3.32056e-08 1.94493e-09 1.34516e-07 130 96 68
1.59049e-08 -4.91973e-08 2.28161e-07 198 198 198
3.37516e-08 7.30287e-12 1.38921e-07 192 158 118
7.57997e-08 -5.11857e-08 1.80452e-07 197 189 182
1.02836e-08 -4.65644e-08 2.32137e-07 190 180 174
4.13378e-08 -2.15666e-09 1.73398e-07 180 150 114
2.75418e-08 -3.29972e-08 1.58311e-07 130 44 58
-5.76242e-08 2.07395e-08 1.51878e-07 216 180 135
-1.82934e-08 3.87947e-08 1.23733e-07 204 166 123
2.83258e-08 8.47601e-09 1.57914e-07 195 161 120
-2.48991e-10 -4.5734e-08 2.39527e-07 192 162 131
-5.87486e-08 2.09641e-08 1.52757e-07 220 186 140
3.27907e-08 -1.23312e-08 1.77624e-07 124 96 70
-5.13688e-08 2.14357e-08 1.47545e-07 220 182 136
-1.47211e-08 -3.06765e-08 2.13398e-07 185 150 118
2.19459e-09 -3.79745e-09 1.88107e-07 200 162 122
1.18193e-08 -7.57404e-09 1.91626e-07 204 173 136
3.51102e-08 4.26797e-09 1.71884e-07 186 150 106
3.66141e-09 3.90191e-08 1.21734e-07 201 168 125
2.8547e-08 1.67215e-08 1.4856e-07 190 149 108
2.84541e-08 -2.84988e-08 1.61745e-07 110 29 39
7.61831e-08 -5.32484e-08 1.96794e-07 198 190 186
-6.38707e-09 -3.11283e-08 1.87443e-07 116 66 34
7.41762e-08 -2.75445e-08 2.04552e-07 181 150 112
-2.28336e-08 -5.42009e-08 2.41595e-07 184 179 175
4.38673e-09 -3.19256e-09 1.72905e-07 199 164 127
-1.23097e-08 -2.83561e-08 2.13532e-07 194 161 127
3.82305e-09 5.03675e-09 1.67124e-07 204 165 125
5.61158e-08 -9.0332e-09 1.78218e-07 180 145 107
1.22587e-08 1.59131e-08 1.49981e-07 199 164 123
4.63374e-08 1.78823e-08 1.49546e-07 172 153 90
1.07653e-08 4.23074e-08 1.18041e-07 196 164 124
6.34014e-09 7.44245e-09 1.67867e-07 201 165 126
1.53756e-08 -1.03756e-08 1.85645e-07 189 154 121
2.64996e-08 -1.48159e-08 1.73197e-07 128 102 77
9.58476e-09 1.73878e-09 1.71132e-07 202 168 130
1.49051e-08 -4.21929e-08 2.27407e-07 191 158 130
6.88597e-09 9.87339e-09 1.73258e-07 210 175 135
4.64304e-08 1.67069e-08 1.50342e-07 166 150 92
4.55534e-08 1.30387e-08 1.40713e-07 67 41 24
4.84312e-08 -6.09693e-08 2.14888e-07 202 198 193
4.7775e-08 -2.28339e-08 1.36885e-07 172 167 162
1.0446e-09 -1.59598e-08 1.92322e-07 229 244 254
-2.59537e-08 3.82104e-08 1.27456e-07 208 174 131
3.29412e-08 5.16554e-09 1.40151e-07 198 165 124
2.17315e-08 3.97316e-08 1.25628e-07 198 160 120
-4.73739e-08 3.58482e-08 1.30967e-07 212 178 134
5.7557e-08 -8.09416e-09 1.57574e-07 174 140 102
3.53529e-08 2.6347e-08 1.35803e-07 182 143 99
-2.12643e-08 6.75034e-09 1.70435e-07 210 169 124
3.39019e-08 -6.89155e-09 1.77222e-07 18 31 48
-1.55105e-08 -3.74117e-08 7.274e-08 206 202 199
-5.02747e-08 1.88742e-08 1.5987e-07 212 171 122
5.82126e-10 -2.37948e-08 1.84529e-07 175 149 128
7.07949e-08 -4.70615e-08 2.08328e-07 195 189 184
3.93949e-08 2.61711e-08 1.41891e-07 193 154 110
4.56826e-08 -8.09295e-09 1.71964e-07 178 143 105
8.10584e-08 -4.21254e-08 2.03165e-07 193 186 181
1.68592e-08 -6.11091e-08 2.19594e-07 208 204 202
2.66405e-08 6.50605e-09 1.64357e-07 190 152 110
2.65407e-09 3.98067e-08 1.21838e-07 200 168 126
8.48646e-09 4.04165e-08 1.19632e-07 198 164 125
-1.63653e-08 -5.00253e-08 2.31136e-07 190 191 192
1.90411e-08 -3.74346e-08 2.07054e-07 182 152 121
-3.34681e-09 3.77198e-08 1.23958e-07 202 168 124
8.15968e-08 -5.1427e-08 1.88882e-07 198 190 184
5.77009e-08 2.97318e-08 1.5717e-07 182 144 101
-2.33387e-08 -4.60895e-08 2.38436e-07 186 152 118
-2.61381e-08 -5.2984e-09 1.80439e-07 204 166 128
-5.47306e-08 2.06833e-08 1.51332e-07 209 168 122
-4.645e-08 2.73206e-08 1.41077e-07 219 186 142
1.30837e-08 4.13598e-08 1.17334e-07 192 160 120
2.53385e-08 2.73937e-09 1.69847e-07 185 146 104
-5.51306e-09 3.25247e-08 1.2531e-07 202 163 120
3.75872e-08 -5.90893e-08 2.12486e-07 203 199 194
1.93469e-08 -5.19306e-09 1.88775e-07 188 152 112
-1.71129e-08 9.15905e-09 1.63788e-07 210 170 125
3.2762e-08 9.57722e-10 1.37124e-07 190 156 116
-1.8983e-08 3.22272e-08 1.2804e-07 215 178 136
8.61139e-09 7.95794e-09 1.6284e-07 203 168 130
3.48859e-08 6.79584e-09 1.62657e-07 198 164 124
1.79306e-08 -2.36724e-08 2.01537e-07 184 150 118
-7.79163e-09 3.31545e-08 1.29664e-07 208 170 126
1.97495e-08 -3.45407e-08 1.90356e-07 182 154 124
-3.1557e-09 3.34688e-08 1.29169e-07 206 166 121
-1.95298e-08 -4.58205e-08 2.41393e-07 188 154 120
3.38079e-08 1.07461e-08 1.59511e-07 194 158 118
3.57835e-08 -6.05965e-08 2.08886e-07 208 203 200
3.41867e-08 7.82902e-09 1.59019e-07 190 156 116
-1.69151e-08 -3.55587e-08 2.21325e-07 190 158 125
-2.68392e-09 -3.62259e-08 1.92361e-07 144 94 68
3.61953e-08 2.25439e-08 1.41668e-07 241 246 254
-1.37263e-08 3.31164e-08 1.27607e-07 210 171 128
-9.42034e-09 -2.02164e-08 2.0176e-07 204 172 137
7.89107e-08 -6.77545e-08 1.8947e-07 202 194 190
-1.79788e-08 1.64468e-08 1.53649e-07 206 164 120
-5.69815e-08 2.22185e-08 1.49303e-07 216 180 135
8.87118e-08 -3.95936e-08 2.03298e-07 162 153 144
5.67887e-08 -3.9159e-09 1.85699e-07 188 154 114
7.73501e-09 4.04228e-08 1.20183e-07 198 166 126
3.58344e-08 3.0788e-09 1.56375e-07 190 156 116
-3.73094e-08 -5.96457e-08 2.50438e-07 200 196 192
-2.16973e-08 4.61151e-09 1.69479e-07 217 180 136
-5.09813e-08 2.66236e-08 1.42479e-07 216 182 138
2.82861e-08 -1.6373e-09 1.79921e-07 195 162 124
3.82851e-08 1.83077e-10 1.58816e-07 189 154 116
4.51865e-08 -4.39825e-09 1.74983e-07 161 120 102
1.87678e-08 4.2133e-08 1.17983e-07 198 166 126
-3.36794e-08 -7.14817e-08 2.37643e-07 208 202 198
-2.08875e-10 -3.96422e-08 8.54512e-08 203 198 194
8.82051e-08 -3.32065e-08 2.12868e-07 172 169 162
5.49498e-08 2.28256e-08 1.51623e-07 178 138 94
-2.88636e-09 3.75784e-08 1.20339e-07 204 170 128
3.90744e-08 -1.1641e-08 1.65236e-07 172 81 24
-5.99198e-08 1.93806e-08 1.57446e-07 210 166 120
-2.16114e-08 3.25261e-08 1.32528e-07 212 176 134
3.27636e-08 5.23353e-09 1.37512e-07 198 165 124
6.9454e-08 -3.81939e-08 2.08902e-07 179 180 178
-4.18667e-08 3.29339e-08 1.30698e-07 214 180 135
3.76864e-08 -6.34129e-08 2.06438e-07 205 201 196
-1.88752e-08 3.92972e-08 1.25046e-07 200 162 120
-5.25833e-08 3.30178e-08 1.32878e-07 208 170 126
-1.84472e-08 -3.09093e-08 2.13403e-07 188 155 121
3.96575e-08 -1.70929e-09 1.40611e-07 190 154 113
-1.5947e-08 -4.12924e-08 2.3072e-07 187 154 120
3.23992e-08 2.93248e-09 1.40257e-07 181 145 106
8.2734e-08 -3.61012e-08 2.17053e-07 176 160 140
6.816e-08 -5.17832e-08 2.1238e-07 196 194 194
9.67559e-09 4.72649e-09 1.66227e-07 202 167 130
3.717e-08 1.17643e-08 1.38902e-07 192 182 132
1.47277e-08 7.02393e-09 1.62916e-07 200 166 128
9.1124e-09 7.98791e-09 1.59976e-07 200 168 131
4.20467e-08 2.3984e-08 1.39358e-07 190 152 109
1.02708e-08 4.76765e-09 1.65205e-07 202 168 130
1.56361e-08 -2.56107e-09 1.72846e-07 187 146 106
1.98543e-08 -4.04484e-09 1.75799e-07 186 150 112
2.88527e-08 -1.60211e-08 1.7256e-07 94 76 64
3.53147e-08 -2.45057e-09 1.75744e-07 99 84 76
2.04228e-08 -2.606e-09 1.73701e-07 188 153 113
1.76063e-08 1.12372e-08 1.56736e-07 196 161 121
2.25615e-09 -1.50759e-08 1.88758e-07 191 168 146
2.42907e-08 1.67581e-08 1.49988e-07 194 154 112
1.01622e-08 1.24312e-08 1.53654e-07 197 157 115
3.90333e-08 2.54322e-09 1.67053e-07 186 152 114
2.11447e-08 -4.73464e-08 2.25787e-07 190 190 188
3.89466e-08 3.0412e-08 1.3674e-07 192 154 111
3.09347e-08 1.94787e-08 1.47622e-07 205 167 123
4.30781e-08 8.94796e-09 1.39259e-07 71 50 39
4.58306e-08 -3.35207e-09 1.7421e-07 186 152 114
2.791e-08 2.71208e-08 1.38387e-07 204 168 122
1.32824e-08 -2.08677e-08 1.95236e-07 192 159 126
3.01121e-08 -1.10237e-08 1.76948e-07 153 126 98
3.46398e-08 2.18875e-08 1.45776e-07 230 232 232
3.6161e-08 1.26146e-08 1.51681e-07 195 158 118
3.07794e-08 1.79253e-08 1.49411e-07 199 158 116
3.5269e-08 1.14592e-08 1.5172e-07 196 158 115
1.7776e-08 -4.54574e-08 2.26699e-07 180 168 164
4.32293e-08 6.81957e-09 1.3723e-07 83 62 52
3.69011e-08 2.82931e-08 1.37932e-07 188 148 104
3.81806e-08 2.30665e-08 1.44458e-07 239 250 254
-1.76585e-08 3.46421e-08 1.28346e-07 174 138 99
-2.58259e-08 -4.87037e-08 2.43731e-07 180 146 110
-2.08546e-10 -1.30721e-08 1.8732e-07 200 176 150
7.50592e-08 -3.04886e-08 2.12092e-07 179 147 109
3.37893e-08 3.87722e-09 1.42027e-07 198 164 122
3.66683e-08 5.6771e-09 1.63074e-07 195 160 120
3.89933e-08 -4.43304e-09 1.73179e-07 34 40 54
3.87626e-08 1.0084e-08 1.4228e-07 108 90 76
3.96461e-08 7.76821e-09 1.3855e-07 66 44 34
5.44899e-09 2.48511e-08 1.40338e-07 198 159 120
3.36708e-08 2.06042e-09 1.41584e-07 196 161 121
3.87615e-08 8.90484e-09 1.6075e-07 198 164 122
2.78067e-08 -8.3138e-09 1.78033e-07 196 160 124
2.69331e-08 2.68019e-08 1.39996e-07 208 173 126
3.63667e-08 6.32602e-09 1.63078e-07 196 162 122
-1.73357e-08 3.45999e-08 1.30972e-07 176 142 102
4.6401e-09 -5.24869e-09 1.73235e-07 203 168 130
8.29965e-09 3.46419e-08 1.34292e-07 212 180 139
6.61577e-08 -2.36327e-08 1.95992e-07 179 144 106
3.97483e-09 -1.43425e-08 1.89143e-07 196 160 126
3.55111e-08 7.68338e-09 1.39526e-07 139 112 90
2.5464e-08 4.20582e-08 1.15123e-07 192 160 119
1.20487e-08 -2.37821e-08 1.86314e-07 188 154 121
2.93755e-08 -9.31896e-09 1.74931e-07 156 132 109
3.59186e-08 1.93063e-09 1.622e-07 194 160 120
-4.52392e-09 -4.66108e-08 2.39577e-07 192 161 128
2.98445e-08 -2.20287e-08 1.57596e-07 59 88 112
-3.93288e-08 3.6496e-08 1.27525e-07 166 133 95
2.80345e-08 1.53935e-08 1.63806e-07 192 154 114
1.95671e-08 2.70811e-08 1.40542e-07 207 173 130
3.59192e-08 2.49847e-09 1.77049e-07 186 150 107
2.5704e-08 1.00103e-08 1.59672e-07 198 164 124
2.30772e-08 1.73073e-08 1.54042e-07 203 167 126
1.77398e-08 -1.22449e-08 1.80431e-07 120 94 67
5.46579e-09 -5.88418e-09 1.75494e-07 204 170 132
3.90958e-08 -3.47383e-09 1.73916e-07 30 37 47
3.59096e-08 8.82472e-09 1.5706e-07 196 160 118
6.52349e-08 -5.40056e-08 2.07455e-07 199 194 188
6.63581e-08 -2.2328e-08 1.95819e-07 176 141 102
1.03878e-08 3.84429e-08 1.26739e-07 194 156 116
2.27077e-08 -4.87875e-08 2.2247e-07 198 198 194
1.19102e-08 -2.47537e-08 1.95527e-07 188 154 121
-8.48003e-09 -8.81034e-09 1.91485e-07 198 162 120
4.80181e-09 -2.11305e-08 1.97321e-07 166 138 114
4.36289e-08 -8.21439e-10 1.72737e-07 192 158 118
3.72639e-08 3.90585e-09 1.59686e-07 188 154 113
3.00781e-08 1.61908e-08 1.50781e-07 191 150 109
4.26533e-08 8.56409e-09 1.40157e-07 79 58 48
2.17042e-08 -5.8204e-08 2.25999e-07 196 191 186
2.87595e-08 1.21496e-08 1.57271e-07 202 166 128
3.9202e-08 3.29879e-08 1.33383e-07 196 158 116
-4.3018e-08 3.3718e-08 1.32319e-07 172 140 101
2.40552e-08 -1.28365e-08 1.81012e-07 136 109 82
1.98073e-09 -1.60646e-08 1.88928e-07 195 164 135
7.32264e-08 -1.88816e-08 1.90738e-07 184 148 110
3.1731e-08 4.09264e-08 1.22919e-07 193 158 118
5.18665e-08 -3.67206e-08 2.00791e-07 189 177 170
3.47871e-08 4.53433e-09 1.37179e-07 68 45 31
1.6862e-08 -4.5324e-08 2.15648e-07 188 188 184
4.74931e-08 -3.73955e-08 1.9714e-07 122 156 179
1.90232e-08 -4.25475e-08 2.25594e-07 183 153 119
5.20484e-08 -3.6017e-08 2.01409e-07 196 169 145
1.48961e-08 -9.35629e-10 1.82176e-07 198 161 122
1.87802e-08 -3.21782e-08 1.60639e-07 160 70 94
3.21844e-08 1.88325e-08 1.53802e-07 198 157 116
1.37972e-08 -7.81062e-09 1.74539e-07 187 152 114
5.21463e-08 -3.96785e-08 2.00134e-07 188 188 184
1.61228e-08 -3.94692e-08 2.15093e-07 189 158 124
2.60659e-08 -2.16768e-08 1.64023e-07 217 156 104
1.59082e-08 -2.97943e-08 1.6097e-07 189 159 124
1.3292e-08 -1.55034e-08 1.76994e-07 124 116 104
2.52731e-08 -4.36625e-08 2.13445e-07 189 189 188
2.08751e-08 -4.28241e-08 1.9945e-07 192 192 191
2.95495e-08 -2.60484e-08 1.62397e-07 139 106 88
1.91177e-08 -2.12452e-08 1.67932e-07 178 137 96
2.31662e-09 -4.45186e-09 1.67018e-07 207 174 136
3.69377e-08 4.73164e-09 1.56657e-07 195 161 120
3.37129e-08 9.04933e-09 1.4691e-07 190 152 112
2.1612e-08 -4.57857e-08 2.14113e-07 194 193 191
5.10214e-08 -3.01612e-08 1.85928e-07 176 145 108
1.82259e-08 -4.35223e-08 2.15589e-07 180 178 172
2.92391e-08 1.84803e-08 1.4698e-07 202 165 122
-2.23757e-08 -3.0597e-08 2.17575e-07 192 158 122
5.56698e-08 -3.8361e-08 2.0044e-07 182 182 178
4.4576e-08 2.79551e-08 1.44057e-07 196 160 118
4.94385e-08 -3.21513e-08 1.97592e-07 214 162 118
1.35593e-08 -4.00994e-08 2.12036e-07 186 156 124
1.31826e-08 5.15048e-09 1.72574e-07 204 169 132
4.68321e-08 2.87207e-08 1.43454e-07 192 158 118
-8.14776e-09 -3.63699e-08 2.07501e-07 190 158 123
1.39411e-08 -1.88053e-08 1.78845e-07 191 158 125
1.86117e-08 -2.18067e-08 1.71975e-07 213 164 112
5.186e-09 -4.56451e-09 1.7094e-07 203 168 132
5.36565e-08 2.40946e-09 1.58147e-07 142 112 82
-2.91126e-08 3.53801e-08 1.31765e-07 197 160 120
6.613e-09 -4.07643e-08 2.08519e-07 185 156 124
2.06396e-08 -4.60498e-08 2.15423e-07 192 190 188
4.54745e-08 -3.77544e-09 1.64178e-07 188 154 112
2.54937e-09 -4.60966e-08 2.34424e-07 184 154 121
4.72997e-10 -4.94554e-10 1.69112e-07 212 175 137
4.53968e-08 3.18285e-08 1.4461e-07 186 148 107
-1.88022e-08 -2.67756e-08 2.08854e-07 192 156 120
3.25286e-08 7.53311e-09 1.59697e-07 195 160 120
-6.67986e-09 -2.30327e-08 1.98483e-07 190 157 122
4.64688e-08 1.92325e-08 1.53457e-07 224 220 138
2.08355e-08 -3.85696e-08 2.19868e-07 188 156 124
1.4468e-08 -3.77879e-08 2.16836e-07 184 152 122
3.24482e-08 3.28201e-08 1.3919e-07 195 156 113
3.74808e-08 -2.92917e-09 1.66446e-07 118 97 79
2.33937e-08 -4.38376e-08 2.22742e-07 178 170 162
2.5743e-08 -6.59076e-08 2.17192e-07 206 202 197
-6.41505e-09 -1.79233e-08 1.91004e-07 226 226 218
1.24031e-08 -4.45645e-09 1.71631e-07 196 156 114
5.49353e-08 -3.16499e-08 2.01573e-07 210 164 120
2.6437e-08 3.09987e-10 1.77041e-07 188 154 116
-8.26355e-09 -2.36052e-08 1.97206e-07 190 156 120
3.24912e-08 1.76379e-08 1.53133e-07 196 154 113
3.5908e-08 -4.84281e-09 1.69752e-07 24 34 48
1.76941e-08 -2.57875e-08 1.78491e-07 188 158 122
3.36696e-08 7.76809e-09 1.46919e-07 194 158 117
4.55081e-09 -2.79598e-08 1.83465e-07 188 154 122
2.8243e-08 4.074e-08 1.33491e-07 196 166 128
1.45724e-08 -3.79838e-08 2.12453e-07 184 154 121
-4.46334e-09 -2.23905e-08 2.04237e-07 193 158 124
1.19696e-08 4.2327e-08 1.33527e-07 186 150 110
4.7199e-08 2.00147e-08 1.56603e-07 225 221 133
5.25367e-08 -4.07525e-08 1.90653e-07 194 188 182
3.92939e-08 2.31446e-09 1.40317e-07 85 62 52
-9.82076e-09 -2.65561e-08 1.91531e-07 190 156 122
4.75592e-08 -2.6991e-08 1.8551e-07 198 148 104
2.05188e-08 -3.34815e-08 1.96368e-07 194 163 130
1.69982e-08 -3.51013e-08 2.05508e-07 184 154 121
1.19917e-08 -4.26908e-08 2.23727e-07 188 156 126
2.00504e-08 4.64748e-08 1.27405e-07 182 151 113
3.48502e-08 1.61577e-08 1.49216e-07 192 148 109
9.60289e-13 3.41689e-08 1.32614e-07 206 172 132
5.02839e-08 1.89498e-08 1.50643e-07 123 90 56
5.03828e-08 -2.23201e-09 1.57819e-07 187 151 110
-4.37174e-08 3.15157e-08 1.34252e-07 202 166 126
6.77031e-08 -2.33849e-08 1.98608e-07 176 140 102
1.68557e-08 6.82563e-09 1.72899e-07 202 166 126
3.76678e-08 5.55756e-09 1.32514e-07 99 81 74
1.54759e-08 -1.61323e-08 1.8943e-07 180 158 136
2.28948e-08 -2.99354e-08 1.57768e-07 186 68 101
-1.26321e-08 -4.24581e-08 2.22731e-07 186 153 118
1.87526e-08 9.92567e-09 1.60547e-07 194 159 119
6.1661e-09 1.69786e-08 1.52651e-07 201 164 122
3.24669e-08 1.75502e-08 1.55735e-07 190 150 108
1.402e-08 -2.16134e-08 1.82923e-07 186 154 122
2.07017e-08 3.11425e-08 1.56616e-07 204 171 130
3.51689e-08 1.73706e-09 1.50189e-07 192 158 118
5.67686e-09 3.8539e-10 1.64762e-07 210 176 139
-3.68634e-08 3.79189e-08 1.29565e-07 191 156 116
1.76766e-08 -2.27141e-08 1.87793e-07 186 155 122
1.6844e-08 -3.00194e-08 1.94777e-07 188 157 124
2.08793e-08 -3.76769e-08 2.1466e-07 186 155 122
-2.89834e-08 -4.83667e-08 2.40143e-07 185 152 116
-3.05582e-08 3.40624e-08 1.32836e-07 193 156 116
1.9834e-08 -4.54617e-09 1.80186e-07 184 148 109
2.47771e-08 -4.04732e-08 2.22117e-07 186 154 121
4.6134e-08 3.18406e-08 1.44123e-07 186 148 106
3.44857e-08 9.18138e-09 1.44387e-07 167 132 95
1.82412e-08 -1.44979e-08 1.76875e-07 136 78 46
1.85492e-09 -3.73619e-08 2.01249e-07 147 93 65
1.44187e-08 -2.45004e-08 1.70715e-07 190 158 125
2.5638e-08 3.73921e-08 1.35356e-07 185 149 106
1.71174e-08 2.21902e-08 1.52909e-07 199 160 120
-6.70691e-09 3.54508e-08 1.31277e-07 196 160 119
4.71972e-08 1.74088e-08 1.53768e-07 249 248 173
8.06584e-09 -2.44376e-08 1.91066e-07 186 152 124
1.27102e-08 2.66051e-08 1.48841e-07 206 173 132
5.57824e-08 -2.9871e-08 1.88456e-07 174 142 106
5.41195e-08 1.19939e-09 1.56841e-07 193 158 116
7.41482e-09 -2.75314e-08 1.85545e-07 188 158 124
-1.60382e-08 1.11713e-08 1.65128e-07 210 172 128
1.83489e-08 -2.06422e-09 1.73843e-07 188 149 108
-1.97425e-08 -9.66992e-08 2.33571e-07 211 206 203
-4.14171e-08 -9.51574e-08 2.24275e-07 208 204 200
5.94947e-08 -9.71851e-08 1.80116e-07 202 198 195
9.18413e-08 -3.46481e-08 3.22516e-07 194 160 128
3.69496e-08 1.80011e-08 1.42801e-07 124 124 120
-3.49099e-08 -1.08038e-08 1.92017e-07 190 157 120
8.84863e-08 -7.79969e-08 1.9735e-07 199 192 189
-4.77589e-09 -2.58993e-08 1.82081e-07 230 215 197
2.31524e-08 -3.35898e-08 1.56506e-07 162 86 104
-4.60862e-08 1.69267e-08 3.29698e-07 187 145 102
1.37921e-08 -3.3854e-08 1.47652e-07 142 118 118
5.16888e-08 1.66726e-08 1.56297e-07 186 157 106
4.10523e-09 -2.97594e-08 1.94641e-07 112 48 22
1.34847e-08 -1.10938e-07 2.70951e-07 198 195 192
3.4936e-08 3.08816e-09 1.72855e-07 178 138 96
-2.03662e-08 -7.86271e-08 2.43188e-07 208 202 198
7.51187e-08 -8.41075e-08 2.11593e-07 203 198 194
-4.69128e-08 -9.47269e-09 1.98213e-07 46 40 33
8.25631e-08 -2.96567e-08 1.84452e-07 171 170 168
-2.58443e-09 -2.34971e-08 2.02038e-07 170 139 110
8.25415e-08 -7.75225e-08 1.88723e-07 199 192 189
3.38792e-08 -9.59599e-09 1.7607e-07 74 62 58
1.09114e-08 -1.61506e-08 1.7385e-07 190 156 120
9.41666e-08 -7.88131e-08 1.96969e-07 195 186 182
1.38518e-08 -2.06844e-08 1.5769e-07 172 144 112
1.58318e-08 -2.18746e-09 1.75045e-07 186 144 100
3.0501e-08 -1.16768e-08 1.71471e-07 123 93 67
8.33895e-09 -1.68325e-09 1.66578e-07 196 158 118
1.78202e-08 -2.67746e-08 1.60197e-07 197 136 80
2.50051e-08 -5.80959e-08 2.34013e-07 204 198 193
4.17913e-08 1.02925e-08 1.59812e-07 194 159 117
3.8546e-08 9.98306e-09 1.52269e-07 185 148 109
-4.44086e-08 -7.51462e-08 2.26354e-07 207 200 194
-1.61556e-08 -4.65911e-09 1.66267e-07 218 185 148
2.87828e-08 -3.41195e-08 1.97485e-07 184 151 115
-1.47435e-08 -3.30068e-09 1.71465e-07 213 180 143
8.82669e-08 4.07933e-09 3.01818e-07 188 154 117
5.54289e-08 -5.00693e-08 2.0991e-07 148 62 86
3.80251e-08 3.54674e-09 1.75496e-07 182 142 100
-2.08839e-08 -7.78901e-08 2.30248e-07 208 202 198
-5.17048e-08 -1.27601e-09 1.67938e-07 192 152 111
2.38821e-08 -1.23487e-08 1.98254e-07 130 102 74
-1.54404e-08 -6.81345e-08 2.7389e-07 204 198 195
-4.00678e-08 -1.38495e-07 3.0774e-07 212 206 203
7.65437e-09 4.72084e-08 1.19474e-07 184 148 106
8.89747e-08 -7.98532e-08 1.9907e-07 198 192 188
1.78127e-08 -2.39385e-08 1.9522e-07 184 150 117
7.26427e-08 -5.19599e-08 1.94307e-07 200 192 188
-2.52407e-09 -2.38355e-08 1.96919e-07 150 128 98
1.19362e-08 -1.952e-09 1.78705e-07 191 153 114
1.40641e-08 -2.38028e-09 1.65591e-07 185 146 105
1.03307e-08 -7.57491e-10 1.82695e-07 198 164 126
1.06991e-07 -2.81978e-08 2.17931e-07 178 146 110
8.15609e-08 -7.34752e-08 1.85863e-07 196 190 186
2.75639e-08 -2.22742e-08 1.60947e-07 62 42 38
-4.5629e-08 4.33734e-09 1.82108e-07 193 151 108
3.69224e-08 -1.98475e-08 1.66891e-07 186 156 114
2.97565e-08 7.00623e-09 1.57925e-07 191 154 112
-6.7057e-08 3.79141e-08 1.49053e-07 206 170 127
-1.46058e-08 -4.08918e-08 2.22741e-07 188 154 122
-4.06751e-08 -4.38539e-09 1.75372e-07 85 76 66
-1.56413e-08 -2.88288e-09 1.71602e-07 213 178 142
5.95575e-08 -8.18555e-08 1.89716e-07 204 200 198
4.07188e-08 9.24192e-09 1.56009e-07 190 155 114
3.33492e-08 -3.97584e-08 1.70749e-07 152 36 70
1.19564e-07 -2.37439e-08 3.30655e-07 67 36 30
-6.85595e-09 -3.22381e-08 1.96444e-07 193 162 130
3.13159e-08 1.30492e-09 1.67204e-07 192 158 117
-5.12591e-08 -3.78456e-09 3.31318e-07 28 25 24
-4.32e-08 -2.74979e-08 1.73707e-07 62 66 70
1.26187e-08 -2.92131e-09 1.70181e-07 186 144 101
3.26137e-08 -1.27214e-08 1.61046e-07 212 96 46
1.57868e-08 -8.29661e-08 1.93219e-07 198 194 190
3.99582e-08 1.3626e-08 1.41422e-07 156 128 54
3.56694e-08 2.43586e-08 1.52104e-07 198 158 112
-1.58487e-08 -3.18375e-09 1.77314e-07 214 180 143
-2.10427e-08 -1.34354e-07 2.4382e-07 209 204 202
3.39996e-08 -4.36241e-08 2.15947e-07 188 190 188
2.89119e-08 -2.69055e-08 2.43902e-07 184 150 116
4.11984e-08 1.52202e-08 1.52062e-07 130 96 62
-2.46557e-08 -8.15139e-08 2.509e-07 211 204 201
4.88882e-08 -1.07237e-07 2.03437e-07 203 200 196
-2.29258e-08 -7.52645e-08 2.31095e-07 200 194 188
-1.09816e-08 -1.10028e-07 1.99323e-07 209 206 204
4.08031e-08 1.01402e-08 1.6069e-07 196 160 118
3.82248e-08 -1.10366e-08 1.70548e-07 172 77 30
7.08673e-09 4.80535e-08 1.20621e-07 184 149 107
-1.52847e-08 -1.24232e-07 2.39775e-07 213 209 207
1.03586e-08 4.1979e-09 1.43418e-07 200 164 120
2.99382e-10 -1.25137e-08 1.9824e-07 180 161 142
3.25733e-08 7.33013e-09 1.46285e-07 194 159 118
5.96296e-08 -2.35048e-08 1.91282e-07 192 142 96
6.39756e-08 -2.09296e-08 2.01458e-07 184 151 114
-4.51098e-08 -9.65159e-08 2.22933e-07 204 196 194
-3.45661e-08 -2.31783e-08 1.78869e-07 198 168 128
8.24018e-08 -7.66299e-08 1.9569e-07 201 194 191
2.3214e-08 -7.06091e-09 1.66568e-07 192 157 120
-6.80573e-08 -5.05532e-08 3.27168e-07 194 155 118
-9.80844e-09 3.57021e-08 1.23333e-07 204 168 124
2.12781e-08 -2.82743e-08 1.6599e-07 184 124 74
1.58587e-08 6.16202e-09 1.64535e-07 194 158 113
4.16555e-08 1.25798e-08 1.60088e-07 188 152 110
-5.94338e-08 -1.06596e-07 3.20434e-07 210 202 198
-4.30634e-08 2.02193e-08 3.06822e-07 200 160 116
2.37456e-09 4.13153e-08 1.0902e-07 175 138 100
-1.25614e-08 -1.58069e-07 2.90678e-07 208 202 198
3.62064e-08 1.81579e-08 1.57847e-07 188 146 104
3.72126e-08 5.57211e-09 1.38977e-07 60 36 24
-2.38888e-08 -2.67533e-08 2.1165e-07 188 153 117
-5.67308e-09 -4.15067e-08 2.43212e-07 186 154 121
1.07075e-08 -1.06658e-07 1.95262e-07 210 208 205
2.12536e-08 -3.38212e-08 1.84505e-07 186 156 118
8.31239e-08 -8.02331e-08 1.88046e-07 202 197 192
2.18871e-08 1.47528e-08 1.56112e-07 188 148 105
2.17622e-08 1.89553e-10 1.6669e-07 186 150 109
-4.93834e-08 -4.24598e-08 2.43495e-07 165 144 119
2.62604e-08 -3.27069e-08 1.89013e-07 184 153 117
8.42636e-10 -4.68323e-08 2.32122e-07 176 158 138
8.26176e-08 -7.82135e-08 1.85913e-07 196 191 187
7.91964e-08 -6.16453e-08 1.96585e-07 186 178 170
-3.13806e-09 -2.42633e-08 1.93973e-07 166 144 112
8.37614e-09 -3.41887e-09 1.64275e-07 188 146 105
-1.9826e-08 -1.47181e-07 2.68477e-07 211 206 206
1.6354e-08 6.14496e-09 1.63966e-07 193 156 112
3.85365e-09 4.47426e-08 1.23493e-07 184 146 104
7.02129e-08 -8.04194e-08 2.0997e-07 204 199 196
7.26531e-08 -2.52583e-08 1.84404e-07 168 134 96
3.65216e-08 1.47065e-08 1.515e-07 188 150 108
2.12743e-08 -5.7354e-08 2.27481e-07 196 192 188
4.40851e-08 -6.55198e-08 1.5879e-07 201 194 190
-1.7385e-08 -9.29956e-08 2.5496e-07 210 206 202
1.33334e-08 -1.0213e-07 1.87243e-07 210 208 206
-1.71684e-08 -7.67899e-08 2.4565e-07 209 205 200
-3.4637e-08 -7.42466e-08 2.23631e-07 210 204 200
3.87595e-08 7.83419e-09 1.52998e-07 187 154 113
3.66364e-08 1.13538e-08 1.44311e-07 113 82 50
7.54965e-08 -9.12118e-08 1.69136e-07 202 194 192
4.01247e-08 -5.37956e-08 2.00821e-07 202 198 193
4.20726e-08 1.03404e-08 1.58356e-07 196 160 119
1.63813e-08 -3.26369e-08 1.57357e-07 158 145 143
-2.28593e-09 -4.53281e-08 2.3191e-07 188 158 128
1.81227e-08 -2.06827e-08 1.74183e-07 182 147 108
5.11414e-08 -3.86358e-09 1.86738e-07 111 88 104
-4.26191e-08 -1.36518e-07 3.26226e-07 212 206 202
2.59499e-08 -2.43516e-08 1.58299e-07 228 180 136
-1.74355e-08 -9.10779e-08 2.55332e-07 210 206 201
-4.31301e-08 3.62533e-08 1.29212e-07 209 172 128
7.24283e-09 4.9824e-08 1.19057e-07 178 146 108
2.09022e-08 -2.80163e-08 1.74773e-07 186 156 119
-5.38649e-08 -2.99361e-08 1.64671e-07 190 152 112
-3.09863e-08 -1.69415e-08 2.07409e-07 194 162 124
1.91261e-08 5.61904e-08 1.28963e-07 179 142 103
-5.61316e-08 -2.89181e-08 2.26348e-07 34 33 31
-1.64542e-08 -1.39537e-07 2.47469e-07 211 206 203
-4.79888e-08 -1.01215e-07 3.05877e-07 208 202 196
4.22352e-08 -5.15951e-09 1.69394e-07 186 146 117
1.39307e-08 -2.8514e-08 1.65904e-07 183 154 118
2.17447e-08 -1.58431e-08 1.62275e-07 103 106 100
1.01966e-09 -9.74387e-08 2.33671e-07 209 205 202
9.29465e-08 -7.44301e-08 1.94955e-07 198 190 186
3.75926e-08 -4.99918e-08 2.15539e-07 202 198 194
-1.34502e-08 -9.70311e-09 1.81266e-07 214 183 150
-5.07732e-08 -3.96162e-09 2.03204e-07 74 74 74
-1.51012e-08 -7.04242e-08 2.73775e-07 204 198 194
-3.34043e-08 -1.51839e-08 1.88847e-07 192 164 128
7.838e-09 -3.23868e-08 1.92986e-07 188 150 121
3.22293e-08 -4.22088e-08 2.0017e-07 187 185 180
-3.92008e-08 -1.61374e-08 2.10521e-07 22 14 7
-2.39052e-08 3.33525e-08 1.23107e-07 206 168 126
2.02975e-08 -2.82851e-08 1.75533e-07 186 157 120
-4.91368e-08 -5.21286e-09 1.72052e-07 23 24 24
8.92204e-08 -4.89789e-08 2.18294e-07 196 190 186
2.79246e-08 -3.47024e-09 1.75025e-07 192 158 120
-1.69783e-08 4.11944e-08 1.15356e-07 163 131 93
-1.11485e-08 -5.71993e-09 1.89564e-07 222 190 156
4.01375e-08 9.92977e-09 1.61373e-07 194 158 116
-4.87523e-08 -1.83452e-08 1.56471e-07 108 94 84
-1.8373e-08 -9.77631e-08 2.41686e-07 208 202 198
-6.82473e-08 -7.20972e-08 2.87271e-07 198 190 185
3.4158e-08 1.08432e-08 1.47327e-07 183 145 104
-4.92243e-08 -8.9361e-09 1.75127e-07 30 26 22
7.63054e-08 -9.12944e-08 2.16687e-07 204 200 196
1.75124e-08 3.92691e-08 1.27005e-07 195 154 112
-4.36253e-08 -7.34129e-08 2.20859e-07 210 202 198
2.87501e-08 9.7286e-09 3.36545e-07 202 163 123
7.91604e-08 -8.62575e-08 1.7912e-07 204 197 194
8.51197e-08 -1.47667e-08 1.95745e-07 177 143 106
-1.70247e-08 -6.33423e-09 1.70055e-07 220 189 153
1.54697e-08 -4.28724e-08 2.35612e-07 152 102 76
-9.05585e-09 -7.34668e-08 2.39204e-07 210 206 202
4.69579e-09 4.81333e-08 1.26513e-07 188 151 110
2.46005e-08 -3.15522e-08 2.12533e-07 181 151 117
-3.40582e-08 -1.59642e-08 1.90475e-07 190 158 121
-7.65367e-09 -1.24443e-07 2.34455e-07 212 210 207
5.53724e-08 -8.12069e-08 1.82356e-07 192 186 178
3.96848e-08 6.93339e-09 1.47282e-07 198 164 122
-4.08018e-08 -8.24672e-08 3.07318e-07 210 202 198
3.76125e-09 -9.28197e-08 2.41985e-07 204 200 196
-6.33829e-09 -3.21403e-08 2.68458e-07 196 162 128
2.59162e-08 -1.86745e-08 1.47011e-07 186 155 115
-4.96465e-08 -4.90332e-08 2.68102e-07 186 148 111
1.08805e-07 -3.98793e-08 2.30823e-07 180 180 177
-2.10137e-08 -2.53153e-08 1.95434e-07 189 154 120
-1.32523e-08 -1.35921e-07 2.51126e-07 214 210 208
1.19203e-07 -1.13591e-08 3.05066e-07 211 106 54
-4.42431e-08 3.04658e-08 1.20415e-07 207 170 126
-1.85465e-08 -1.41461e-07 2.57434e-07 204 200 194
4.78424e-08 -4.56175e-08 2.51328e-07 185 180 172
7.97364e-08 -9.0032e-08 1.71075e-07 195 188 184
1.13923e-08 1.45557e-09 1.60493e-07 189 149 106
9.00393e-09 4.80336e-08 1.13694e-07 175 137 98
2.7784e-08 -4.48871e-08 1.12495e-07 194 186 184
-1.21187e-08 -9.80246e-08 1.80322e-07 211 208 206
1.99732e-08 -2.75821e-08 1.83629e-07 185 154 119
-5.74976e-08 3.58067e-08 1.24989e-07 206 170 128
2.42308e-08 -3.0656e-08 2.15569e-07 186 156 120
-1.84489e-08 -3.09105e-09 1.83565e-07 206 172 134
3.28871e-08 -5.25177e-08 1.97004e-07 198 194 188
-4.85867e-08 -8.00297e-08 3.3833e-07 200 194 192
-4.91844e-08 3.46563e-08 1.36049e-07 213 176 131
3.68553e-08 5.79533e-09 1.43418e-07 200 166 124
-8.3516e-09 -4.00544e-08 2.62561e-07 192 161 128
8.86336e-08 -4.90107e-08 2.07844e-07 198 190 184
4.39099e-08 -5.06925e-08 2.60024e-07 184 186 186
-1.67329e-08 3.78522e-08 1.22529e-07 195 154 113
3.57564e-08 -4.61246e-08 2.33327e-07 190 190 191
8.96333e-08 -8.6171e-08 1.88521e-07 202 195 192
3.27694e-08 2.3821e-08 1.46849e-07 199 156 110
3.36062e-08 -3.38893e-09 1.3285e-07 180 146 104
1.03442e-08 7.75729e-09 1.62913e-07 199 162 120
-6.47215e-08 -1.5289e-08 2.16883e-07 200 160 118
-3.43098e-08 -2.15797e-08 1.84901e-07 197 164 126
3.19443e-09 -9.49077e-08 2.20907e-07 210 208 205
9.42233e-09 -2.41583e-09 1.80921e-07 194 158 120
2.19332e-08 -2.26548e-08 2.1156e-07 193 159 124
-6.47366e-09 -4.63649e-09 2.32533e-07 216 184 149
3.86892e-08 -2.01757e-08 1.6168e-07 171 137 101
-3.98117e-08 -9.07936e-08 2.87321e-07 210 202 198
5.18114e-09 4.77946e-08 1.19038e-07 178 142 104
-1.39345e-08 -7.29829e-09 1.75335e-07 209 175 140
9.40077e-08 -7.43301e-08 2.05506e-07 200 194 190
3.15358e-08 1.8053e-08 1.51261e-07 190 152 108
4.65856e-08 -6.17603e-08 1.78352e-07 203 199 194
-6.60989e-08 2.31477e-08 1.73883e-07 204 161 115
3.51352e-08 2.79682e-09 1.57479e-07 187 150 110
3.37774e-08 1.44816e-08 1.5285e-07 196 158 116
5.50389e-10 4.78537e-08 1.12772e-07 168 136 98
5.72019e-08 1.50783e-08 1.92763e-07 186 148 108
3.36085e-08 -2.04192e-09 1.29489e-07 192 159 114
-5.22141e-08 3.67933e-08 1.41065e-07 208 170 126
-5.60569e-08 -3.39443e-08 2.35998e-07 58 58 60
-4.87189e-08 2.7497e-08 1.44576e-07 214 180 136
2.05519e-08 6.20676e-09 1.61381e-07 190 152 109
3.96427e-08 6.34792e-09 1.49527e-07 194 160 120
-1.68153e-08 -4.57981e-09 1.77335e-07 218 185 150
-3.80972e-09 -3.28872e-08 1.88784e-07 141 79 52
2.7172e-08 -3.45394e-08 1.99324e-07 182 150 114
-6.95374e-08 1.84622e-08 2.01858e-07 209 165 112
2.47339e-08 -3.85357e-08 1.80856e-07 192 191 186
9.08548e-08 8.73103e-09 2.70017e-07 180 147 106
8.81393e-08 -7.62217e-08 1.98479e-07 201 194 191
-4.26797e-08 -1.4147e-07 3.0024e-07 208 202 200
1.82059e-10 3.62323e-08 9.51114e-08 172 134 94
2.59893e-08 -5.489e-08 2.28121e-07 202 198 195
3.96504e-08 -2.34056e-08 1.42127e-07 172 140 105
3.65396e-08 5.77553e-09 1.4615e-07 196 162 122
-3.95376e-08 -1.1114e-07 2.99088e-07 212 206 202
6.34903e-09 -1.46437e-08 1.92291e-07 196 162 126
-4.89765e-08 2.34554e-08 1.30803e-07 220 186 143
-5.59865e-08 -4.73863e-08 2.73043e-07 196 162 120
8.08518e-08 -7.00372e-08 2.01571e-07 202 195 192
-3.80265e-10 -2.6941e-08 1.68245e-07 185 150 118
-4.76954e-08 3.72842e-10 1.64245e-07 186 145 102
-2.38766e-09 9.55238e-09 8.62395e-08 188 154 108
6.99775e-08 -9.97578e-08 1.89396e-07 201 194 188
-1.68209e-08 -2.97159e-08 2.13764e-07 191 158 124
3.44253e-08 -1.48583e-09 1.46552e-07 190 157 115
8.21578e-08 -7.60693e-08 1.86609e-07 198 192 188
-2.45758e-08 3.0606e-08 1.1852e-07 204 166 123
7.07711e-08 -2.41105e-08 2.05641e-07 180 142 104
-3.11459e-09 -3.85557e-08 2.18977e-07 194 162 130
3.50892e-08 -5.55531e-08 2.22898e-07 206 202 198
1.28739e-08 -3.50619e-08 2.1206e-07 136 74 45
1.93574e-08 -8.97431e-08 2.00864e-07 202 197 192
-3.44222e-08 -1.44259e-08 1.79788e-07 167 140 107
1.63151e-08 -7.75884e-08 2.10498e-07 206 204 202
-5.17865e-08 -7.5215e-08 3.32858e-07 194 191 186
6.10412e-08 -3.57698e-08 2.03945e-07 210 170 140
-4.66739e-08 -2.61002e-08 2.02729e-07 22 21 22
-4.96232e-08 -7.32158e-08 3.38885e-07 190 161 126
3.47377e-08 -2.44995e-08 1.61561e-07 158 98 58
2.94557e-09 4.13809e-08 1.15482e-07 184 146 104
3.16463e-08 -1.06754e-08 1.62403e-07 146 66 34
1.42702e-08 -2.19294e-08 1.88329e-07 194 160 124
4.30612e-08 -6.23286e-08 2.18836e-07 200 198 193
-2.98524e-09 -1.03118e-09 2.56772e-07 216 184 148
7.28514e-08 -6.82107e-08 2.0952e-07 202 196 191
-3.53305e-08 -1.19004e-07 2.85595e-07 210 206 202
9.08283e-08 -3.33684e-08 2.35297e-07 174 140 104
1.59579e-08 -3.1067e-08 1.50903e-07 110 28 46
3.67424e-08 -4.93169e-08 2.39755e-07 192 192 192
-1.59525e-08 -4.54151e-09 1.70069e-07 221 188 152
7.68574e-08 -7.55608e-08 1.80335e-07 198 192 188
-3.91595e-08 -1.27719e-07 3.14518e-07 211 206 202
4.21944e-08 -2.13182e-09 1.7844e-07 22 34 50
2.26258e-08 -4.39492e-08 2.3313e-07 182 152 122
4.27627e-09 -4.59221e-08 2.34848e-07 188 158 128
3.67633e-08 2.20755e-08 1.73952e-07 194 155 112
3.77222e-08 -9.71589e-09 1.74087e-07 34 22 26
1.11397e-08 8.2037e-09 1.54657e-07 195 158 116
3.1436e-08 -7.11809e-08 1.72321e-07 208 204 199
6.52486e-08 -9.4373e-08 1.78582e-07 204 197 194
9.51851e-08 -4.67501e-08 2.16582e-07 182 174 168
3.28012e-08 -3.58017e-08 2.20074e-07 185 154 121
8.13625e-08 -7.31271e-08 1.83008e-07 201 192 189
2.56559e-08 -4.48213e-08 1.12023e-07 199 192 187
5.46373e-08 -5.24795e-08 2.06725e-07 200 199 194
1.10478e-08 -2.58359e-08 1.48937e-07 182 154 121
7.40183e-08 -1.25916e-08 2.19228e-07 188 128 71
8.38104e-09 -2.49963e-08 1.51194e-07 182 152 116
-1.58031e-08 4.23842e-08 1.14488e-07 158 126 88
-4.49772e-08 2.6063e-09 2.01676e-07 192 154 112
4.08055e-10 3.9107e-08 1.0232e-07 176 138 99
-2.05792e-08 -1.46756e-07 2.67519e-07 212 208 206
6.57345e-08 -2.53486e-08 1.92843e-07 184 150 113
3.66703e-08 8.52863e-09 1.36466e-07 60 36 20
-1.57506e-08 4.03565e-08 1.14703e-07 172 138 101
2.32729e-08 8.39866e-09 1.82841e-07 196 159 114
1.91581e-08 4.51953e-08 1.25554e-07 200 168 126
8.11236e-08 -7.08731e-08 1.90036e-07 201 194 191
4.07867e-08 -7.49243e-08 1.70009e-07 210 204 195
8.9227e-08 -5.07761e-08 2.10814e-07 196 190 186
-1.16512e-09 4.05988e-08 1.1412e-07 186 150 108
3.92888e-09 2.1632e-08 1.06481e-07 196 154 108
1.14262e-08 -2.71309e-08 3.06246e-07 206 172 138
6.25572e-08 -1.03204e-08 1.91914e-07 176 140 102
7.07748e-09 4.36842e-08 1.15807e-07 184 146 104
3.4597e-08 1.17407e-09 1.42373e-07 192 158 116
-4.43637e-08 -2.64548e-08 1.97357e-07 8 6 6
-4.89472e-08 -1.63352e-07 2.93417e-07 211 206 204
6.55549e-08 -2.41811e-08 1.73279e-07 166 132 96
-1.28926e-08 3.59739e-10 1.57653e-07 210 174 137
-3.76849e-08 -1.27888e-07 2.96406e-07 212 206 203
1.18174e-07 -4.21823e-08 2.40406e-07 181 179 174
-8.51852e-09 3.53079e-08 1.21326e-07 199 164 121
-4.25379e-08 4.68968e-08 1.4384e-07 195 156 116
4.25696e-08 -3.78865e-08 2.40212e-07 184 155 120
-4.29087e-08 3.47751e-08 1.29164e-07 205 168 124
-4.17335e-08 -1.7565e-08 1.76005e-07 38 29 18
-2.03472e-08 3.09965e-10 1.66831e-07 209 170 133
6.12875e-09 -2.26663e-08 1.93022e-07 138 109 84
1.35409e-08 1.60658e-08 1.4921e-07 199 163 120
-4.94674e-08 -7.46481e-08 2.12241e-07 210 202 194
-1.51008e-08 -9.92442e-09 1.81679e-07 212 180 147
1.23937e-08 5.31801e-08 1.4596e-07 197 165 122
2.86083e-08 -3.94004e-08 2.36732e-07 182 151 118
-1.83754e-08 -2.97859e-08 2.43405e-07 190 156 120
1.80548e-08 -2.74817e-09 1.73678e-07 193 157 116
2.78442e-08 5.15938e-08 1.34638e-07 200 167 125
-5.54913e-09 1.84011e-08 1.36892e-07 206 170 128
-2.63639e-08 3.24937e-08 1.29426e-07 204 162 119
1.3892e-08 4.78698e-08 1.23756e-07 186 148 107
1.41173e-08 -2.43963e-08 1.6506e-07 182 152 116
-4.91346e-08 -3.74461e-09 1.97462e-07 26 26 27
6.40015e-08 -9.78649e-08 1.86185e-07 202 196 194
9.82316e-08 -1.13984e-07 2.72077e-07 206 202 198
-1.33639e-08 3.64308e-08 1.19722e-07 201 164 122
-8.13755e-09 -1.30185e-08 1.89202e-07 202 165 130
-7.41278e-09 -3.22364e-08 1.82627e-07 166 124 91
6.51556e-08 3.88986e-09 1.96996e-07 190 156 114
1.68721e-08 -2.10776e-08 1.61634e-07 88 117 140
-2.991e-09 3.85389e-08 1.21922e-07 196 164 122
-4.59514e-08 2.60032e-10 1.62961e-07 186 147 104
-5.72046e-08 -5.3777e-08 3.29616e-07 180 152 120
-3.71267e-08 -7.75775e-08 2.95812e-07 206 200 197
-5.13445e-08 -1.02106e-07 3.20862e-07 211 204 199
5.30497e-08 -6.48695e-08 1.97511e-07 204 200 195
-4.44905e-08 -2.98524e-08 1.77865e-07 76 80 84
-5.06293e-08 -4.25515e-08 2.41667e-07 191 162 127
7.86417e-08 1.60915e-08 3.25741e-07 195 154 112
-6.12597e-08 -3.39721e-08 2.85049e-07 38 34 31
3.94078e-08 -1.1556e-08 1.51035e-07 175 138 102
6.83152e-08 -1.70629e-08 1.72715e-07 180 146 108
-1.70983e-08 3.07853e-08 1.11798e-07 202 168 127
1.36501e-08 -2.77485e-08 2.01379e-07 190 158 124
-6.44873e-09 -4.01318e-08 2.47335e-07 196 164 131
-2.39672e-08 -2.0464e-08 2.04269e-07 197 162 126
-3.74519e-08 -3.32294e-09 2.13511e-07 94 86 74
-5.8648e-08 -4.22595e-08 2.69626e-07 188 152 118
-5.95506e-09 4.32479e-08 1.16582e-07 180 146 108
2.79247e-08 3.65718e-08 1.37653e-07 199 156 111
9.46001e-09 -3.88735e-09 1.73982e-07 196 158 120
1.93195e-09 4.27632e-08 1.13663e-07 183 146 104
3.23899e-08 -4.42977e-08 2.06544e-07 193 192 188
6.60244e-08 -1.49974e-08 2.02748e-07 185 150 112
4.68111e-08 -5.51461e-08 1.37925e-07 198 190 186
-9.59765e-09 -8.31455e-09 2.32249e-07 203 169 132
5.547e-10 3.40935e-09 1.59073e-07 202 162 124
-1.30805e-08 -3.15067e-08 1.71371e-07 195 164 133
-5.54386e-08 1.22743e-08 1.46818e-07 214 173 123
-3.60958e-08 2.24819e-09 1.99575e-07 207 174 134
8.07226e-08 -6.88078e-08 1.97322e-07 200 194 190
2.72309e-08 2.08251e-08 1.70774e-07 204 166 124
-5.05429e-08 -1.78002e-08 1.57904e-07 21 15 13
2.04578e-11 -2.80472e-08 2.44937e-07 197 163 130
1.69012e-07 4.91424e-08 3.83253e-07 197 162 121
4.05844e-08 -1.15249e-08 1.65753e-07 186 129 80
2.81831e-08 -6.03502e-08 2.26038e-07 203 200 196
-3.89641e-09 4.27547e-08 1.1383e-07 185 150 112
3.28757e-08 -3.92888e-08 2.06216e-07 184 184 183
6.21172e-09 -1.07321e-07 2.11719e-07 210 207 206
-2.54857e-09 3.98877e-08 1.15497e-07 184 146 106
-3.40919e-08 -7.85047e-08 2.82908e-07 208 202 198
-1.03775e-08 -4.7319e-08 2.7988e-07 188 154 120
5.6231e-10 -5.6972e-08 2.359e-07 195 191 186
9.93493e-08 -3.90298e-08 2.14715e-07 185 182 177
1.13348e-07 1.79392e-08 3.01248e-07 182 142 101
-1.06255e-08 5.57516e-08 1.4013e-07 164 132 94
-2.73552e-08 3.13008e-08 1.27206e-07 204 162 120
-1.88477e-08 -2.67198e-08 2.48856e-07 202 169 132
8.83044e-09 3.78693e-08 1.13092e-07 201 168 126
1.65535e-09 4.68202e-08 1.21395e-07 183 145 106
-5.1167e-08 3.67842e-08 1.44535e-07 210 173 128
1.86548e-08 4.79917e-08 1.2506e-07 198 164 122
6.18921e-08 -2.91718e-08 1.79612e-07 166 154 134
4.61021e-08 -7.37495e-08 1.84383e-07 204 200 196
1.50228e-08 1.63611e-08 1.49911e-07 197 161 118
-1.60502e-08 -5.6139e-11 1.61267e-07 213 176 140
3.73642e-08 -1.18195e-07 2.40125e-07 204 201 197
-2.69169e-08 -2.08854e-08 2.01178e-07 192 156 120
3.39757e-08 6.58677e-09 1.38254e-07 188 155 116
3.15275e-08 1.15136e-08 1.42145e-07 196 158 116
2.63424e-08 -4.77729e-08 2.27545e-07 193 194 192
2.88407e-08 2.76142e-09 1.69569e-07 186 148 104
8.53261e-08 -6.37758e-08 1.96083e-07 202 196 191
1.16363e-08 -3.63207e-08 1.68813e-07 192 192 191
-1.96957e-08 -3.02613e-08 2.13756e-07 190 157 123
-5.56124e-08 3.72353e-08 1.49478e-07 206 169 124
3.11436e-08 -7.30335e-08 2.31368e-07 205 203 198
3.30396e-08 3.96091e-08 1.36133e-07 192 150 107
3.32939e-09 3.4765e-08 1.3347e-07 213 180 138
-3.60551e-08 1.24981e-08 1.87484e-07 209 171 128
4.55769e-08 9.00169e-09 1.64991e-07 194 160 120
-2.1972e-08 3.62107e-08 1.05689e-07 151 120 82
-4.71317e-08 -6.72517e-08 3.22331e-07 185 152 114
6.57704e-08 -5.12656e-08 1.99341e-07 201 194 191
3.1404e-08 -7.67242e-10 1.75843e-07 188 156 117
-4.63088e-08 6.98784e-09 1.82013e-07 194 156 111
3.84654e-08 -1.98525e-09 1.73948e-07 28 35 51
-1.83814e-08 8.72302e-09 8.4091e-08 212 178 134
-1.96211e-08 3.94962e-08 1.10227e-07 150 120 82
1.56671e-08 -5.24607e-08 2.48096e-07 193 196 198
9.8609e-09 -1.21575e-09 1.72518e-07 197 162 123
-1.32456e-08 -1.15229e-07 3.04322e-07 203 196 193
1.48604e-08 -4.46654e-08 2.37163e-07 188 154 126
-6.39232e-08 5.53653e-10 2.34315e-07 202 164 121
-6.13075e-08 -2.72567e-08 1.7867e-07 193 154 114
-6.54976e-10 8.72124e-09 2.21325e-07 208 172 135
7.41924e-08 -6.31921e-08 1.8093e-07 202 196 192
-3.4168e-08 -1.65097e-08 2.05838e-07 168 136 106
2.79677e-08 -6.80185e-09 1.9015e-07 188 154 117
-1.88433e-08 3.29057e-08 1.12772e-07 192 153 111
1.21957e-07 -1.82033e-08 2.4876e-07 180 146 108
7.30312e-08 -7.05926e-08 2.10975e-07 196 190 185
-5.81596e-09 -4.34991e-08 2.12409e-07 181 156 132
-4.33638e-08 -4.68908e-09 1.94631e-07 8 6 7
1.13647e-08 -3.91311e-08 2.20091e-07 148 87 62
-4.78174e-08 2.55631e-09 1.69963e-07 187 145 102
7.27156e-10 2.74042e-09 1.48083e-07 197 161 120
1.52121e-08 -3.91394e-08 2.23711e-07 148 95 70
2.58022e-08 -1.87089e-08 1.55388e-07 185 122 72
2.2777e-08 -1.10932e-07 2.0102e-07 201 198 192
1.44059e-08 -1.07921e-07 2.02855e-07 212 210 210
-5.57289e-08 -8.8489e-08 2.41611e-07 208 199 196
-5.86248e-09 1.90773e-08 1.41378e-07 206 170 128
-1.51508e-08 3.71962e-08 1.20474e-07 191 150 108
9.61149e-08 -3.58645e-08 2.01703e-07 183 180 177
-4.54483e-08 3.16992e-08 1.28823e-07 216 180 137
9.18191e-08 -2.91519e-08 2.21487e-07 178 146 108
2.86644e-08 -3.02137e-08 2.08688e-07 186 156 120
-2.14205e-08 2.96465e-08 1.34044e-07 216 178 132
-9.69679e-09 -7.90438e-08 2.91989e-07 208 201 198
9.15894e-08 -5.94124e-08 2.22707e-07 198 191 186
-1.46703e-08 3.77025e-08 1.17029e-07 188 150 110
2.26438e-08 -3.07414e-08 1.92292e-07 183 154 120
2.37044e-08 -3.71338e-08 1.92354e-07 179 181 182
8.76909e-08 -7.69349e-08 1.89706e-07 200 192 188
6.02204e-08 -7.33569e-08 1.8124e-07 202 196 192
-2.18021e-08 3.73381e-08 1.2462e-07 199 163 120
1.40122e-08 3.34648e-08 1.24218e-07 214 182 140
-2.00409e-08 -6.90116e-08 2.56748e-07 204 196 192
-3.51183e-08 -5.41106e-08 3.05661e-07 188 152 115
-6.23723e-08 2.207e-08 1.77631e-07 210 164 117
-1.14926e-08 -8.62372e-09 1.89614e-07 210 176 142
-4.28817e-09 -6.15404e-08 2.41808e-07 206 202 198
-2.63275e-08 3.46718e-08 1.2759e-07 208 170 126
7.33754e-09 -7.31208e-08 2.21532e-07 208 203 200
-4.2952e-08 1.70432e-09 1.83307e-07 196 158 114
7.19243e-08 1.62e-10 2.11069e-07 180 146 106
1.0352e-07 -1.20498e-08 2.37037e-07 180 145 108
-4.14901e-08 -1.47016e-07 3.24239e-07 212 206 203
1.67442e-08 -1.52797e-09 2.00795e-07 192 156 120
-2.06938e-08 3.31589e-08 1.31045e-07 212 178 136
9.94864e-08 -3.78587e-08 2.17077e-07 178 178 174
5.15519e-08 -1.86202e-08 1.6223e-07 172 136 100
5.01616e-08 -9.92877e-08 2.13822e-07 207 204 200
2.9623e-09 -7.01106e-08 2.216e-07 209 204 201
1.60597e-08 5.06166e-09 1.56333e-07 189 151 108
-1.00047e-08 4.23664e-08 1.12453e-07 168 136 98
-1.13064e-08 5.16497e-08 1.3273e-07 164 132 94
5.51084e-08 1.81861e-08 1.5819e-07 148 120 45
2.65977e-08 -3.05916e-08 1.99025e-07 182 152 118
5.01408e-09 2.23407e-09 1.6204e-07 202 168 128
-6.90577e-08 -4.22365e-08 2.61924e-07 190 152 114
2.85373e-09 -2.59246e-08 1.72913e-07 192 160 126
5.80893e-09 -4.57008e-08 2.32117e-07 190 162 133
3.65526e-08 -4.75776e-08 2.17347e-07 200 196 189
5.55572e-08 1.09695e-07 2.33353e-07 183 145 104
-6.65375e-08 9.78305e-08 2.85882e-07 208 170 126
1.17275e-07 -6.81564e-08 2.43015e-07 202 195 189
2.92305e-08 7.12807e-09 1.59391e-07 198 158 118
-4.11043e-08 -1.66962e-07 3.14826e-07 210 204 203
3.21539e-08 -3.11899e-08 2.48484e-07 186 154 120
5.06077e-08 -7.39728e-08 1.90059e-07 206 202 198
1.01578e-07 -5.61535e-08 2.06448e-07 198 190 184
3.03805e-08 -7.01129e-08 1.73253e-07 207 203 198
-2.52107e-09 4.11625e-08 1.29683e-07 202 168 124
4.37326e-08 -6.50379e-08 1.46183e-07 205 196 196
3.19486e-09 -6.65458e-09 8.95116e-08 187 153 110
-5.6273e-09 1.88215e-08 8.42544e-08 194 156 114
-6.35955e-08 1.89871e-08 1.87819e-07 214 172 120
-1.98761e-08 3.69226e-08 1.24659e-07 192 152 110
1.47497e-08 -3.96031e-09 1.68239e-07 194 157 116
2.44001e-08 -6.02166e-08 2.25397e-07 206 203 200
-1.80624e-08 3.76677e-08 1.06951e-07 159 127 89
-1.51442e-08 -3.89987e-08 2.46714e-07 190 159 124
-9.83466e-09 -4.0535e-08 2.35986e-07 186 155 120
2.45968e-08 -7.13451e-08 1.96594e-07 205 202 200
-9.68261e-09 3.60095e-08 1.2238e-07 200 164 122
3.32334e-08 3.93109e-09 1.66412e-07 190 152 110
6.42365e-08 -2.14434e-08 1.93862e-07 172 138 101
-1.76999e-08 4.15599e-08 1.13445e-07 155 123 85
6.97114e-08 -2.23772e-08 1.68788e-07 170 136 100
-1.27665e-08 -5.5351e-08 3.3111e-07 188 155 120
3.37345e-08 -4.15012e-08 2.40796e-07 179 150 118
8.68272e-08 1.61381e-08 2.7219e-07 180 142 98
3.4683e-08 -7.83453e-09 1.75672e-07 23 44 68
1.94192e-08 -2.17552e-08 1.74878e-07 216 155 84
2.01488e-08 -2.22734e-08 1.73148e-07 141 130 112
3.78614e-08 2.10864e-08 1.45301e-07 212 201 192
2.05755e-08 3.81406e-09 1.65274e-07 188 152 111
3.80092e-08 -3.96518e-09 1.75137e-07 29 38 52
3.28173e-08 1.90352e-08 1.48777e-07 195 157 112
1.50288e-08 -1.19824e-08 1.88176e-07 184 146 112
3.57809e-08 1.17495e-08 1.43288e-07 110 80 54
3.41873e-08 -2.21811e-09 1.74985e-07 164 140 113
1.37642e-08 -1.36854e-08 1.88717e-07 190 158 122
2.12578e-08 -2.30599e-09 1.74545e-07 184 146 106
3.70187e-08 4.13358e-09 1.69866e-07 184 148 109
7.63944e-09 1.32115e-08 1.56168e-07 204 167 124
9.90629e-09 -1.28979e-08 1.88737e-07 193 157 120
-2.39595e-08 1.17056e-08 1.53813e-07 204 161 118
8.59317e-09 6.46986e-09 1.61411e-07 202 168 128
3.63552e-08 1.80307e-08 1.4714e-07 230 242 240
1.69638e-08 -1.13473e-08 1.8677e-07 172 136 94
3.6059e-08 1.4532e-08 1.44243e-07 94 79 65
4.34578e-08 -1.56673e-09 1.70985e-07 186 154 116
3.74644e-08 1.29315e-08 1.41716e-07 140 110 55
1.71947e-09 -6.10949e-08 2.32091e-07 204 200 197
2.27282e-08 -5.95248e-08 2.24916e-07 198 196 190
7.81699e-09 -6.71545e-08 2.2556e-07 207 204 200
3.01725e-08 -4.7432e-09 1.81127e-07 191 156 118
8.52514e-08 -6.09075e-08 2.0823e-07 201 196 192
3.06209e-08 -1.40589e-08 1.74488e-07 124 94 65
2.08899e-08 -6.07479e-08 2.24675e-07 193 190 186
3.33244e-08 1.64471e-08 1.50032e-07 185 142 98
3.64974e-08 1.40677e-08 1.4988e-07 180 142 102
3.76167e-08 6.82472e-09 1.38252e-07 54 32 19
-7.92911e-09 -4.04237e-08 2.27743e-07 182 148 113
2.98336e-08 -6.39455e-08 2.1991e-07 204 200 196
3.7504e-08 1.15229e-08 1.44074e-07 136 110 64
4.07701e-08 1.55763e-08 1.39904e-07 232 228 138
3.4491e-08 7.07028e-09 1.42221e-07 151 119 82
3.14176e-08 -6.84861e-09 1.77148e-07 39 42 50
2.05592e-08 -5.94018e-08 2.24266e-07 202 197 194
-7.24027e-09 -3.78381e-08 2.20707e-07 186 154 120
-1.34259e-08 -2.92689e-08 2.0871e-07 184 150 116
2.66935e-08 -6.91166e-09 1.80028e-07 184 150 114
-8.88878e-09 -3.31375e-08 2.17469e-07 188 154 120
7.55084e-09 9.33133e-09 1.54339e-07 198 162 120
1.50536e-09 -1.0971e-08 1.83387e-07 188 154 117
3.87585e-08 6.9424e-09 1.63086e-07 193 158 119
3.61224e-08 1.7905e-09 1.43367e-07 196 162 120
1.52031e-08 -1.51581e-08 1.78359e-07 42 33 30
-9.37247e-09 -7.68075e-09 1.67079e-07 196 158 117
1.09287e-08 -8.09735e-09 1.69455e-07 184 148 110
3.90487e-08 -8.12931e-09 1.76503e-07 27 38 60
-9.97385e-09 -1.02579e-08 1.74732e-07 199 163 124
4.3045e-08 1.85557e-08 1.60119e-07 195 152 110
1.52123e-08 -9.91554e-09 1.89069e-07 192 154 118
3.69276e-08 -4.16947e-08 2.15067e-07 181 182 180
8.38002e-08 -4.13602e-08 2.14753e-07 191 188 188
-1.86911e-09 -2.22145e-08 1.79068e-07 137 110 86
3.40365e-08 -4.24822e-08 2.13705e-07 188 190 191
4.17768e-08 2.62597e-08 1.58657e-07 199 156 107
2.29677e-08 -1.19465e-08 1.84557e-07 146 120 94
1.27356e-08 -1.04296e-08 1.67937e-07 182 148 110
5.87671e-08 2.08482e-08 1.65155e-07 233 228 143
6.44881e-08 -5.6163e-08 2.16066e-07 204 198 196
3.94518e-09 -2.14984e-08 1.88191e-07 164 136 107
1.06019e-08 -5.86678e-09 1.67824e-07 192 150 110
2.59718e-08 2.24645e-09 1.63092e-07 190 150 106
-5.60021e-09 -2.06654e-08 1.85024e-07 178 153 113
1.74878e-08 -4.27505e-09 1.76584e-07 192 154 112
4.04983e-08 -6.01035e-08 2.14856e-07 200 196 190
2.7178e-08 6.83996e-10 1.72052e-07 195 158 118
4.11665e-08 1.85526e-08 1.41452e-07 210 196 157
6.40702e-08 -7.14951e-08 2.04984e-07 204 200 197
7.03715e-08 -4.10172e-08 2.27622e-07 86 124 158
4.9801e-08 2.0211e-08 1.57729e-07 200 192 124
3.42712e-08 -2.99047e-10 1.74122e-07 190 156 117
6.14326e-08 -2.14866e-08 1.93926e-07 180 146 108
-9.20189e-09 -6.53828e-09 1.66304e-07 200 162 121
2.22104e-08 2.85634e-10 1.60848e-07 186 150 107
-8.20164e-09 -1.51629e-09 1.65386e-07 204 168 129
8.26093e-08 -1.91483e-08 2.11367e-07 183 147 109
-5.95753e-09 -7.05451e-09 1.70377e-07 192 155 115
2.74917e-08 -8.46435e-09 1.74539e-07 194 161 123
8.04338e-08 -3.10736e-08 2.16028e-07 183 148 111
4.09693e-08 1.28665e-08 1.65503e-07 192 154 112
7.73837e-08 -3.13871e-08 2.20508e-07 182 149 112
2.20975e-08 -3.84154e-09 1.14912e-07 198 164 121
5.90857e-08 -3.23307e-08 1.99387e-07 231 180 130
3.54961e-08 -4.08902e-08 2.14797e-07 176 169 160
-2.5966e-09 -4.38176e-09 1.77044e-07 202 167 128
-1.97105e-08 -2.86556e-08 2.49204e-07 188 154 117
6.4763e-08 -2.7423e-08 2.00846e-07 203 164 120
5.1203e-08 -3.67109e-08 1.9316e-07 156 160 169
-4.50588e-08 3.30889e-08 1.1739e-07 160 127 92
8.70776e-08 -3.64838e-08 2.20607e-07 172 170 166
5.21761e-08 -5.92359e-09 1.79948e-07 194 160 121
2.85418e-08 -4.16012e-08 1.87715e-07 195 194 192
-3.19822e-09 -2.56043e-09 1.7309e-07 206 174 133
6.55473e-08 -5.71225e-08 2.04912e-07 205 200 195
1.05548e-08 -3.27789e-08 1.99613e-07 192 160 128
-2.38621e-09 -1.15513e-09 1.86381e-07 196 161 120
3.39279e-08 7.00932e-10 1.69947e-07 188 154 113
4.40989e-08 4.10029e-09 1.59967e-07 190 155 115
3.05066e-08 6.80554e-11 1.75826e-07 196 164 124
7.33237e-10 -6.52154e-08 2.43799e-07 206 201 195
8.7442e-09 9.16356e-09 1.54372e-07 196 161 118
1.00404e-08 -1.63818e-08 1.83477e-07 190 158 126
3.23977e-08 -4.47474e-08 1.97366e-07 197 194 190
2.33961e-10 -4.45545e-09 1.61089e-07 198 162 126
-9.27969e-09 -1.37374e-08 1.7969e-07 189 164 141
3.6874e-08 -6.29249e-08 2.12352e-07 205 203 200
-4.39752e-08 3.15939e-08 1.20494e-07 166 131 93
-2.56332e-09 -1.78414e-09 1.72051e-07 202 170 132
3.66361e-09 -2.20542e-08 1.86929e-07 160 131 103
1.68731e-08 -1.59379e-08 1.79314e-07 160 72 37
-3.00865e-08 -1.62297e-08 1.9781e-07 202 170 132
-1.59609e-08 -4.29766e-08 2.2694e-07 188 154 118
-4.35774e-09 -6.26873e-09 1.6669e-07 192 158 120
-7.18322e-09 -8.70334e-09 1.77266e-07 196 159 118
5.98161e-08 2.24255e-08 1.66791e-07 224 220 126
-2.08001e-08 3.46845e-08 1.24839e-07 172 139 98
-7.57585e-09 -4.32087e-08 2.44752e-07 188 154 119
-4.27445e-08 4.54811e-09 1.57778e-07 196 158 117
-4.03562e-08 3.14907e-08 1.21745e-07 166 130 91
-1.83623e-08 -4.83014e-08 2.48293e-07 183 149 113
3.88389e-08 -1.98874e-08 1.62706e-07 186 154 116
1.14078e-08 -4.02678e-09 1.67173e-07 186 144 102
2.98445e-08 -4.90651e-08 2.38841e-07 190 190 189
6.65024e-08 -7.18895e-08 2.10835e-07 206 201 198
-8.6227e-09 -1.76242e-08 1.96706e-07 208 174 142
6.3719e-08 -2.77318e-08 1.96496e-07 187 154 114
5.07727e-08 -7.72949e-08 2.08675e-07 208 204 202
5.62963e-08 -5.06554e-08 2.14612e-07 171 127 138
5.20951e-08 -5.26612e-08 2.09197e-07 204 199 194
5.39558e-08 1.06508e-08 1.79606e-07 199 164 124
-9.81443e-09 -1.05856e-08 1.6658e-07 196 160 120
4.88651e-08 -4.40514e-08 1.85354e-07 194 189 184
-4.33125e-08 3.09045e-08 1.19338e-07 166 131 93
1.46779e-08 -2.43423e-08 1.93896e-07 180 146 112
-7.68332e-09 -8.76239e-09 1.79016e-07 194 158 116
-1.35556e-09 -1.01354e-08 1.63454e-07 200 166 131
6.88191e-08 -6.09174e-08 2.018e-07 206 200 196
3.52228e-08 -2.9023e-10 1.67353e-07 187 153 115
-1.26117e-08 -5.70865e-09 1.71841e-07 204 170 126
2.59121e-08 -6.42395e-08 2.16845e-07 204 202 198
4.13708e-08 3.15715e-08 1.55704e-07 200 162 114
3.4766e-08 -7.50776e-08 2.25915e-07 204 198 194
2.51039e-08 -1.22843e-08 1.85081e-07 144 116 88
3.23419e-08 -3.58509e-08 2.07748e-07 186 153 118
4.84858e-08 -7.01373e-08 2.10196e-07 202 197 194
2.1926e-08 -3.09365e-08 2.06003e-07 185 154 120
5.34061e-08 9.96892e-10 1.723e-07 194 160 118
3.06758e-08 -5.08944e-08 2.08908e-07 202 200 195
-1.68546e-08 -5.78559e-09 1.81453e-07 218 188 154
4.88148e-08 4.48884e-09 1.71125e-07 192 159 120
-1.10224e-08 -1.80038e-08 1.96101e-07 204 170 136
8.36258e-09 -2.94817e-08 1.87911e-07 186 152 118
-8.68139e-09 -3.74128e-09 1.7419e-07 206 168 127
3.16361e-08 -8.02416e-09 1.57602e-07 64 81 107
-2.57061e-08 -3.57492e-08 2.1462e-07 190 156 120
-1.96935e-08 -1.83073e-08 1.95876e-07 194 160 124
2.05739e-08 -3.0018e-08 1.97732e-07 186 156 122
-1.87935e-08 -4.45857e-08 2.40292e-07 188 154 118
1.07491e-08 -1.93243e-08 1.8037e-07 194 160 124
-6.79342e-09 -3.54176e-08 2.18441e-07 197 164 131
3.71216e-08 2.91591e-08 1.65845e-07 202 160 118
7.09826e-09 1.46156e-09 1.51592e-07 194 155 112
-8.51031e-09 -2.79357e-08 2.42378e-07 190 156 120
-4.61676e-08 4.52372e-09 1.67873e-07 186 147 104
8.85726e-09 -2.53486e-08 1.86276e-07 182 150 116
3.00125e-08 2.3753e-08 1.65994e-07 204 168 126
3.99325e-08 -3.5421e-10 1.62951e-07 189 156 115
-1.66818e-09 -6.71829e-09 1.58725e-07 198 164 126
6.88755e-09 -5.43064e-08 2.47698e-07 194 194 194
7.49885e-09 -2.16349e-08 1.7866e-07 188 155 121
-1.58448e-08 -3.2341e-08 2.28659e-07 190 157 122
7.27966e-08 -2.5512e-08 1.89366e-07 179 143 105
-7.5294e-09 -3.25733e-09 1.74862e-07 202 166 126
3.97719e-08 -3.29584e-09 1.48617e-07 192 156 112
3.45814e-08 -5.87545e-10 1.64475e-07 190 156 117
3.51861e-08 2.55803e-08 1.50916e-07 201 159 111
5.88275e-08 9.37901e-09 1.86448e-07 194 160 120
6.2333e-08 -7.03156e-08 2.08644e-07 206 203 200
2.96964e-08 -4.3456e-08 1.85625e-07 198 194 190
5.20018e-08 7.74778e-10 1.65768e-07 197 162 120
4.63068e-08 -6.49718e-08 2.09465e-07 200 198 192
2.32589e-08 5.85325e-09 1.73802e-07 194 155 111
-1.24919e-08 -3.29771e-08 2.40004e-07 189 156 120
-3.80228e-08 2.74886e-08 1.24635e-07 168 132 94
-8.65396e-09 -1.29856e-09 1.72994e-07 204 169 130
4.6039e-08 -4.90554e-08 1.9812e-07 200 199 195
2.07607e-08 -3.09588e-08 1.59039e-07 100 16 27
2.27817e-08 -2.28001e-08 1.79348e-07 181 154 124
5.4487e-08 -2.70719e-08 2.53603e-07 167 141 110
3.04112e-08 -1.84494e-10 1.71232e-07 190 156 118
1.72209e-09 -7.70425e-08 2.4064e-07 204 198 192
-2.15892e-09 -1.50682e-08 1.98064e-07 228 242 248
4.00922e-08 -7.66563e-09 1.76944e-07 27 33 52
5.39177e-08 -5.19505e-08 2.51138e-07 191 189 184
1.99133e-08 -2.52868e-08 1.61133e-07 216 144 97
2.59333e-08 -2.71403e-08 2.43304e-07 188 154 120
-3.07068e-09 -9.46818e-09 1.96699e-07 194 157 114
5.10414e-08 -5.20679e-08 2.47146e-07 191 189 184
3.60371e-08 -5.15481e-08 2.81161e-07 186 154 120
8.00782e-08 -1.67618e-08 2.03491e-07 182 146 108
2.69198e-08 9.46016e-09 1.31392e-07 125 92 58
-6.30868e-09 -5.89515e-09 2.07546e-07 202 167 129
2.75329e-09 -1.25887e-08 2.0355e-07 192 171 148
8.55481e-09 3.76635e-08 1.13425e-07 188 156 118
2.43649e-08 3.48104e-09 1.27905e-07 194 162 120
2.61852e-08 -2.25323e-08 1.59192e-07 148 102 73
2.42034e-08 1.97659e-09 1.22977e-07 88 58 37
3.7787e-08 -1.03328e-08 1.7213e-07 157 78 27
-4.12379e-08 3.51561e-08 1.20316e-07 184 146 109
-2.84035e-08 -3.53122e-08 2.10219e-07 192 157 120
2.75104e-08 -3.45433e-08 2.35349e-07 186 156 122
2.46283e-08 -3.29781e-08 2.22753e-07 186 156 122
3.17643e-08 7.37865e-10 1.37345e-07 192 158 116
3.60911e-08 6.35945e-09 1.57054e-07 196 162 122
-1.3276e-08 -3.03542e-08 2.23545e-07 192 158 122
3.58655e-08 7.83512e-09 1.42179e-07 159 124 88
-3.3337e-09 -1.50722e-09 1.86425e-07 196 160 118
7.49899e-08 -3.67876e-08 1.93532e-07 182 179 173
2.57302e-08 -2.30862e-08 1.6162e-07 138 84 54
2.915e-08 -5.54536e-08 2.57587e-07 193 192 187
-1.27588e-09 -4.14772e-08 2.38437e-07 190 157 122
-2.17773e-09 -2.91876e-08 2.02419e-07 208 176 152
-6.30626e-09 3.87009e-08 1.22439e-07 186 155 116
2.78495e-08 1.56692e-08 1.49813e-07 190 148 106
2.84093e-08 -6.72736e-08 2.47315e-07 200 196 190
6.67429e-09 -4.20155e-08 2.32861e-07 174 127 98
9.74779e-08 -6.9939e-08 2.52456e-07 202 196 192
-4.97097e-08 -1.53779e-09 1.57327e-07 190 150 107
6.43079e-08 -1.91439e-08 2.00936e-07 185 149 112
-4.55703e-08 -2.54146e-08 1.57455e-07 56 58 62
-1.73314e-08 -5.67419e-08 2.63626e-07 185 173 160
2.09637e-08 -7.19851e-09 2.61788e-07 204 174 140
-2.1739e-08 -2.99861e-08 2.17337e-07 192 158 120
-4.87167e-08 3.35815e-08 1.29737e-07 198 162 121
-2.54165e-08 3.30351e-08 1.24449e-07 191 155 114
-5.45392e-09 4.21218e-08 1.13337e-07 157 124 88
1.04632e-07 -4.1757e-08 2.31893e-07 182 179 173
-5.0802e-09 4.13802e-08 1.10585e-07 156 123 87
1.20107e-09 -3.88237e-08 2.47787e-07 194 161 127
2.72593e-08 -3.64718e-08 2.3791e-07 189 159 125
2.70424e-08 4.22313e-10 1.268e-07 132 104 68
-2.56494e-08 -3.61474e-08 2.23133e-07 190 154 119
-2.34717e-08 -2.98252e-08 2.1688e-07 190 156 120
2.41831e-08 -2.83289e-08 1.5786e-07 104 26 32
2.31622e-08 -2.87649e-08 1.62576e-07 128 66 40
2.2875e-08 -2.35967e-08 2.17896e-07 190 156 124
-9.46118e-09 -7.02045e-09 1.99812e-07 204 170 132
1.80444e-08 -2.46317e-08 1.64793e-07 190 157 124
2.47463e-08 7.01122e-09 1.31373e-07 189 151 110
-2.40734e-08 3.37517e-08 1.24379e-07 188 152 112
4.93701e-08 -4.82578e-08 2.58215e-07 182 182 181
5.91691e-08 -6.30308e-08 2.44436e-07 203 198 193
-9.74619e-09 4.13584e-08 1.12827e-07 150 120 82
-4.20113e-08 3.70518e-08 1.25609e-07 180 142 103
2.56767e-08 -2.42095e-08 2.16856e-07 180 147 113
-1.25809e-08 3.8634e-08 1.20752e-07 172 135 96
-1.23762e-08 3.74004e-08 1.30171e-07 186 150 111
4.35153e-08 3.43078e-10 1.58278e-07 192 158 116
-4.52713e-08 3.24316e-08 1.19844e-07 196 161 120
1.97281e-08 -2.52918e-08 1.65595e-07 203 152 96
-2.86194e-09 2.1957e-08 1.52674e-07 208 172 131
-4.11248e-08 3.31906e-08 1.25998e-07 198 161 120
4.53155e-08 -5.07861e-09 1.78074e-07 90 82 78
-2.88019e-09 4.20983e-08 1.10334e-07 154 120 84
2.72973e-08 -2.07117e-09 2.65334e-07 198 166 130
1.10402e-08 2.55387e-08 1.34563e-07 205 169 128
3.49636e-08 5.51453e-09 1.59368e-07 192 159 118
-2.16567e-08 3.84046e-08 1.3159e-07 188 156 114
-1.50072e-08 3.71186e-08 1.23667e-07 190 157 118
7.70701e-08 -5.55872e-09 2.23981e-07 195 161 122
2.73113e-08 -4.65171e-08 2.63572e-07 186 158 126
3.85848e-09 -4.37557e-09 1.9077e-07 200 166 130
2.87045e-08 -2.65216e-08 1.63239e-07 92 50 32
-5.44185e-08 3.22248e-08 1.17842e-07 198 164 124
3.14999e-08 1.82846e-08 1.37625e-07 232 242 251
-1.88084e-08 -4.69635e-08 2.38792e-07 184 149 114
3.25168e-08 8.55633e-09 1.6496e-07 196 160 121
3.24284e-08 9.51831e-09 1.51642e-07 193 155 114
-1.91494e-08 3.41768e-08 1.2261e-07 188 155 115
4.94087e-09 3.13869e-08 1.25302e-07 203 172 130
-3.37901e-08 3.69278e-08 1.27812e-07 189 152 112
1.32275e-08 5.19836e-09 1.79962e-07 202 167 128
1.21446e-08 -4.98822e-08 2.5432e-07 182 156 128
3.86993e-08 1.25795e-09 1.76329e-07 187 152 112
2.25516e-08 -2.21761e-08 1.79065e-07 208 154 106
2.74587e-08 1.11813e-09 1.31215e-07 193 156 116
1.8638e-08 3.50027e-08 1.3098e-07 202 170 128
3.18755e-08 7.18338e-09 1.51779e-07 196 160 120
8.25008e-08 -2.71695e-08 2.01169e-07 174 138 100
9.0085e-08 8.98456e-10 2.46456e-07 190 154 114
7.93582e-08 -3.74835e-08 2.18429e-07 178 178 174
2.70365e-08 4.19922e-10 1.32034e-07 192 157 116
9.5696e-09 -7.51256e-08 2.37583e-07 208 204 200
-3.16025e-08 -5.06752e-08 2.34298e-07 182 149 114
1.7047e-08 8.89002e-09 1.69474e-07 196 160 118
2.16437e-08 -5.37601e-08 2.58113e-07 190 191 192
3.8068e-08 -4.73549e-08 2.35649e-07 188 189 188
-1.39498e-08 -3.24331e-08 2.06301e-07 188 154 119
1.70383e-08 -2.77903e-08 2.16942e-07 184 151 118
-2.26201e-08 3.78381e-08 1.30248e-07 190 158 117
-2.89418e-08 3.36187e-08 1.22353e-07 196 163 122
-2.36238e-08 3.29223e-08 1.32367e-07 198 164 124
7.52424e-08 -4.56538e-08 2.36392e-07 190 186 184
-3.95103e-08 1.24924e-10 1.81162e-07 202 169 126
-4.60859e-08 3.5825e-08 1.20383e-07 188 153 114
2.01819e-08 -3.11019e-08 2.26631e-07 190 158 125
-5.5904e-08 3.32303e-08 1.14557e-07 188 154 114
3.11654e-08 5.66231e-09 1.67643e-07 195 156 113
2.08345e-08 7.92247e-09 1.80798e-07 196 159 116
8.12274e-08 -2.47264e-08 1.94702e-07 177 142 104
-2.65223e-08 3.39336e-08 1.22055e-07 195 162 122
3.42304e-08 -1.37357e-08 1.63689e-07 220 110 46
-5.17788e-09 2.2448e-08 1.45942e-07 205 168 126
1.7345e-08 1.55746e-08 1.47718e-07 200 164 122
-5.57086e-08 3.32105e-08 1.15601e-07 186 152 114
-1.88518e-08 -2.92047e-08 2.04534e-07 188 154 118
9.6156e-09 1.68355e-08 1.52062e-07 206 168 124
-1.18693e-08 3.28292e-08 1.31461e-07 194 154 114
-1.03755e-08 3.69988e-08 1.23452e-07 185 154 114
2.33613e-08 -2.57908e-09 1.2476e-07 191 157 116
2.92853e-08 -6.33598e-10 2.3539e-07 200 164 128
3.87468e-08 -3.84145e-08 2.40042e-07 187 158 124
-5.11001e-08 2.93895e-08 1.29331e-07 202 166 124
-4.35637e-08 3.35395e-08 1.32658e-07 208 172 132
6.63057e-08 6.07791e-09 2.38984e-07 185 151 113
2.77631e-08 7.32455e-09 1.3881e-07 190 152 111
3.77855e-08 -4.02539e-08 2.54149e-07 183 153 119
-2.81538e-08 3.97722e-08 1.27847e-07 178 142 104
2.24575e-08 -5.18407e-08 2.61477e-07 183 178 172
-2.77002e-08 4.72815e-08 2.42486e-07 214 174 128
4.62835e-08 4.85091e-10 1.69154e-07 194 162 120
-1.18627e-08 3.42853e-08 1.18841e-07 190 156 116
2.76315e-08 -9.85555e-10 1.74239e-07 194 162 124
-3.05008e-08 3.62611e-08 1.26994e-07 194 159 118
-2.72065e-08 3.36389e-08 1.24247e-07 194 158 118
-2.22136e-08 3.317e-08 1.3196e-07 199 164 123
1.27793e-08 3.2652e-08 1.19564e-07 204 172 133
-4.53167e-09 4.3894e-08 1.12478e-07 150 120 84
-1.86034e-08 3.8492e-08 1.23263e-07 180 145 106
2.65191e-08 -5.68378e-08 2.49522e-07 184 180 174
-3.4175e-08 3.77339e-08 1.25699e-07 186 152 112
-3.17741e-08 -5.35413e-08 2.39514e-07 186 168 152
-2.44225e-08 -3.41427e-08 2.15868e-07 186 151 116
2.18825e-08 -5.68201e-08 2.29615e-07 197 192 186
1.70872e-08 -6.01182e-08 2.91762e-07 190 190 190
3.25681e-08 -3.37083e-08 2.25069e-07 184 154 120
9.8857e-08 -3.00503e-08 3.22252e-07 24 24 30
1.11691e-07 -6.1763e-08 3.18075e-07 143 38 60
6.34064e-08 -1.75045e-08 2.84333e-07 150 66 29
8.94202e-08 1.36812e-08 2.7415e-07 178 138 96
3.48865e-08 -1.18755e-07 2.34101e-07 199 195 190
3.20419e-08 -3.66837e-08 2.76704e-07 142 101 72
-2.01958e-08 -7.13642e-08 2.30551e-07 206 198 194
7.03966e-08 -2.466e-08 1.74384e-07 174 142 104
1.02144e-07 -6.58342e-08 3.06923e-07 129 36 58
1.08024e-07 -6.26225e-08 3.25982e-07 186 183 177
5.43378e-08 -2.22806e-09 2.77117e-07 188 152 113
5.94763e-08 3.07424e-10 2.92929e-07 186 144 104
1.03478e-07 -6.20778e-08 3.35412e-07 185 175 172
6.46002e-09 -9.9306e-08 2.38571e-07 204 200 196
5.70536e-08 -4.60914e-08 2.05495e-07 194 184 180
-6.81356e-09 -3.42812e-08 2.53873e-07 184 150 116
-1.79535e-08 -1.02274e-07 2.32403e-07 203 198 194
-2.87876e-08 -4.58742e-08 3.46474e-07 188 150 116
7.03724e-08 -9.23376e-08 2.11295e-07 204 199 196
3.78144e-08 -4.60281e-08 2.29872e-07 184 185 185
3.04245e-08 1.47415e-09 2.85341e-07 202 170 132
8.91461e-08 -8.18043e-08 1.89577e-07 198 192 184
5.46011e-08 -2.70567e-09 3.09286e-07 197 166 132
-4.59535e-08 -7.57076e-08 2.2797e-07 200 192 185
4.39261e-08 5.46832e-10 2.98436e-07 196 164 130
8.71287e-08 1.03508e-08 2.72633e-07 185 151 114
2.02386e-08 -5.82077e-08 2.2435e-07 190 186 179
1.20866e-07 2.21021e-08 3.04452e-07 184 148 106
7.65979e-08 -8.00915e-08 2.02157e-07 196 190 186
1.84453e-08 -3.96829e-08 2.31839e-07 158 120 92
8.88429e-08 -1.19446e-08 2.44255e-07 182 124 72
1.1281e-07 -2.37124e-08 3.04944e-07 142 66 16
-1.74456e-08 -8.22463e-08 2.32461e-07 204 198 193
-2.21159e-09 -3.91663e-08 2.51778e-07 187 156 122
7.38113e-08 -2.3501e-08 2.0543e-07 172 136 100
-5.61843e-08 -5.19648e-08 2.24591e-07 182 151 118
1.40371e-07 2.48233e-08 3.3646e-07 182 146 106
-1.32903e-08 -7.40864e-08 2.31418e-07 204 198 194
2.33869e-08 -3.69047e-08 2.32141e-07 190 161 129
1.93916e-07 1.97933e-07 7.06629e-07 203 165 123
6.78763e-08 -7.92314e-08 2.10391e-07 200 195 191
-1.34197e-08 -7.54661e-08 2.35606e-07 204 198 194
5.57136e-08 -8.25675e-08 2.22195e-07 202 198 194
6.96036e-08 -8.93072e-08 2.12389e-07 202 198 194
9.25475e-08 -1.0949e-08 2.11303e-07 178 142 106
-4.5545e-08 -5.42385e-08 2.23966e-07 188 184 182
1.43728e-07 4.80643e-08 3.68879e-07 193 158 118
7.27891e-08 -3.15079e-08 2.92877e-07 185 157 126
2.65191e-08 5.9208e-09 2.66406e-07 208 176 141
1.84502e-08 1.93106e-09 2.62541e-07 198 164 124
4.85591e-09 -3.46343e-08 2.64169e-07 182 147 115
5.6315e-08 -4.3933e-08 2.04765e-07 170 150 150
5.41825e-08 -6.01987e-08 2.11876e-07 199 194 190
-1.25785e-09 -4.16414e-08 2.31629e-07 184 151 119
6.73485e-08 -4.06692e-08 1.8982e-07 194 186 180
3.16601e-07 2.25908e-07 7.40547e-07 206 171 128
8.18988e-08 -8.20186e-09 2.32142e-07 180 142 102
6.89778e-08 -3.08549e-08 2.05695e-07 171 137 100
8.16389e-08 -1.58408e-09 2.28922e-07 186 154 116
1.18649e-09 -2.78657e-08 2.61434e-07 188 154 120
-1.22958e-08 -3.9991e-08 2.45784e-07 186 152 118
1.98493e-07 1.61782e-07 6.38778e-07 208 173 132
7.0736e-08 -7.60276e-08 2.09523e-07 200 193 188
1.01751e-07 8.3268e-09 2.89439e-07 136 110 78
5.07617e-08 -3.52707e-10 3.17424e-07 198 164 131
6.51302e-08 -2.98464e-08 1.98925e-07 169 136 98
-4.62092e-08 -8.84666e-08 2.24718e-07 202 194 188
-1.06305e-08 -4.30429e-08 2.33473e-07 183 150 116
-5.78449e-09 2.496e-08 3.43298e-07 202 162 122
8.64725e-08 2.22041e-07 7.80257e-07 204 160 117
2.44164e-08 1.63701e-10 2.80396e-07 194 158 118
-4.12205e-08 4.40854e-09 3.19382e-07 58 54 54
4.46642e-09 -1.1471e-08 2.96726e-07 204 176 141
1.84006e-08 -7.6455e-08 2.32149e-07 204 200 196
7.44357e-08 -2.81318e-08 1.77076e-07 166 162 154
-4.51392e-08 -7.84407e-08 2.26922e-07 202 192 184
3.72033e-08 -7.51793e-08 2.20334e-07 200 195 193
2.74866e-07 5.03837e-08 4.92664e-07 184 148 110
8.58845e-08 -1.54603e-08 2.37321e-07 178 144 108
1.17389e-07 5.30641e-08 3.72976e-07 193 158 116
2.9692e-08 -1.06543e-07 2.33409e-07 198 196 189
-9.03217e-09 -4.23575e-08 2.27599e-07 182 149 115
1.85584e-07 3.3138e-08 3.85573e-07 188 152 114
3.3881e-08 -4.40106e-09 2.69358e-07 196 164 132
-1.13702e-08 6.43889e-08 4.47751e-07 208 170 127
7.33071e-08 -7.64035e-08 2.04031e-07 201 194 191
6.44573e-08 -7.0632e-08 2.00626e-07 196 189 185
1.61893e-08 -9.48639e-08 2.3378e-07 204 200 198
7.29417e-08 -2.42285e-08 2.07651e-07 175 139 102
6.02987e-07 3.86519e-07 1.06362e-06 201 160 116
-2.59711e-08 -3.40917e-08 2.39072e-07 188 154 117
7.86048e-08 -9.36371e-08 2.13757e-07 193 186 180
7.25769e-08 -2.4161e-08 2.95128e-07 255 174 84
-4.94345e-08 -8.90997e-08 2.18537e-07 206 198 194
1.60245e-07 9.47984e-08 4.72714e-07 198 162 119
2.97492e-08 -4.94582e-08 2.21038e-07 174 172 165
4.06652e-08 -2.6499e-08 2.62613e-07 190 157 125
7.16829e-08 -9.61657e-08 2.1328e-07 196 188 180
-5.6548e-08 -4.35533e-08 2.14807e-07 180 144 108
-4.31669e-09 -3.9318e-08 2.44355e-07 185 154 120
6.03448e-08 -1.07478e-07 2.24837e-07 200 196 190
3.19679e-08 -4.98782e-08 2.19527e-07 181 177 172
6.43124e-08 -5.26527e-08 2.02058e-07 200 194 188
-9.38149e-09 -3.22807e-08 2.64835e-07 186 152 116
3.16756e-08 -4.78629e-08 2.17406e-07 196 194 190
8.85771e-08 -9.63811e-08 2.00498e-07 203 195 192
3.27458e-08 -5.90864e-08 2.22736e-07 202 198 194
8.86472e-08 -1.02146e-07 2.04778e-07 200 194 190
-2.47476e-08 -7.09397e-08 2.32792e-07 206 198 193
7.61646e-08 -2.51895e-08 1.82955e-07 167 134 96
5.62218e-08 -1.07414e-07 2.28193e-07 206 202 198
-3.68292e-08 -4.83516e-08 2.31467e-07 180 144 109
-2.80189e-09 -6.35357e-08 2.39941e-07 202 198 194
-2.82029e-08 -3.7863e-08 2.32507e-07 186 152 115
3.19647e-07 2.96487e-07 7.22346e-07 217 184 140
-1.59205e-08 -4.25214e-08 2.51409e-07 185 152 116
5.21935e-08 -6.43528e-08 2.23947e-07 200 196 192
2.01033e-07 1.46921e-07 5.83434e-07 203 165 123
-2.63991e-08 -3.7569e-08 2.31305e-07 187 154 116
7.80997e-08 -6.29407e-09 2.21213e-07 184 150 112
4.00313e-08 -4.02123e-08 2.5261e-07 180 151 119
-6.00333e-08 1.21942e-08 3.34779e-07 186 146 106
6.01604e-09 -7.7359e-08 2.35252e-07 199 196 192
2.58301e-08 -3.68407e-08 2.39713e-07 183 154 122
1.50661e-07 2.38754e-08 3.36019e-07 186 153 114
1.06532e-07 2.56904e-08 3.36857e-07 186 148 104
2.00353e-08 -8.51077e-08 2.34043e-07 205 201 198
5.40011e-08 -9.97726e-08 2.24882e-07 206 203 196
1.14156e-07 1.37449e-07 6.05042e-07 206 168 127
2.07208e-09 6.18066e-08 4.73704e-07 206 168 126
3.68392e-08 -6.39335e-08 2.24808e-07 194 190 186
7.52927e-08 -3.3063e-08 1.92496e-07 166 162 159
1.24516e-07 7.83653e-08 5.09764e-07 204 168 124
3.454e-08 1.38073e-08 1.44585e-07 149 144 135
3.16283e-08 -7.54352e-09 1.77342e-07 46 54 63
1.57189e-08 -8.50482e-09 1.88616e-07 188 154 116
3.82332e-08 2.19075e-08 1.4568e-07 212 196 182
2.1058e-08 1.71342e-08 1.55519e-07 202 165 127
4.54945e-08 -1.26203e-08 1.45243e-07 180 144 108
2.93831e-08 -1.61589e-08 1.73229e-07 70 75 83
9.47356e-08 -5.92972e-08 2.00576e-07 198 194 192
1.02278e-07 -5.67815e-08 2.01158e-07 194 191 192
3.32746e-08 -1.07197e-08 1.8193e-07 154 127 102
2.97521e-08 -5.82382e-09 1.79513e-07 184 151 116
-1.67792e-08 1.77395e-08 1.47379e-07 204 163 122
3.63389e-08 1.54721e-08 1.4749e-07 205 196 178
3.69116e-08 1.99713e-08 1.47753e-07 208 198 186
-4.41972e-09 -1.30804e-08 1.92116e-07 207 188 168
-3.04162e-08 1.45722e-08 1.48499e-07 204 162 122
-1.36615e-08 1.6156e-08 1.48306e-07 202 162 122
-1.97451e-08 4.73244e-09 1.62657e-07 207 171 134
2.36734e-08 9.02477e-09 1.61582e-07 196 162 122
3.98591e-10 -7.64158e-08 2.23021e-07 184 180 175
1.62145e-08 1.02242e-09 1.69406e-07 194 152 110
2.49489e-08 -5.57893e-08 2.28346e-07 201 197 196
-3.10218e-09 -4.98338e-08 2.38417e-07 176 164 152
1.90907e-08 1.05247e-08 1.56916e-07 202 168 129
3.74984e-08 -2.16857e-09 1.74578e-07 46 50 58
2.51068e-08 -5.03337e-08 2.33572e-07 190 192 192
4.24131e-08 8.50262e-09 1.38405e-07 66 41 31
2.25579e-08 -5.54315e-08 2.29458e-07 193 189 185
2.33897e-08 -5.35766e-08 2.29568e-07 193 190 186
3.88955e-08 1.30862e-08 1.39908e-07 199 178 114
1.61741e-08 -5.38708e-08 2.31779e-07 178 174 170
-7.10056e-09 -2.9113e-08 2.0954e-07 182 148 115
1.91498e-08 -5.94099e-08 2.27229e-07 196 192 189
-6.98637e-09 -3.92074e-08 2.24722e-07 185 152 120
-4.28936e-09 -3.84295e-08 2.21683e-07 184 152 120
2.86832e-08 -5.11253e-08 2.29165e-07 201 200 198
2.21495e-08 -3.59309e-08 1.58538e-07 164 122 126
1.85959e-08 -2.31479e-08 1.56765e-07 139 146 149
3.86105e-08 1.52013e-08 1.52169e-07 192 155 112
4.99976e-08 -7.30155e-08 2.32084e-07 206 202 198
4.30525e-08 -4.80138e-08 2.32505e-07 194 196 194
1.59592e-08 -3.11768e-08 1.54519e-07 167 58 86
3.27312e-08 1.20966e-09 1.7036e-07 186 150 110
2.7653e-08 -2.05357e-08 1.61797e-07 216 154 108
4.66887e-08 -4.89489e-08 2.31428e-07 192 192 189
1.83558e-08 -3.38766e-08 1.55189e-07 144 62 83
1.71546e-08 -2.05977e-08 1.82317e-07 186 142 107
1.97934e-08 -3.56534e-08 1.52691e-07 135 42 62
2.45959e-08 -1.08783e-07 3.14947e-07 208 204 201
-3.91298e-08 -2.44566e-08 1.61679e-07 116 92 70
1.60936e-08 -1.81564e-08 1.82149e-07 195 136 96
-1.76537e-08 -4.88877e-09 1.65736e-07 214 182 148
3.73099e-08 7.85935e-09 1.4998e-07 198 162 121
9.34294e-09 -6.5002e-09 1.69423e-07 194 158 118
2.05453e-08 -2.19476e-08 1.72784e-07 174 138 108
4.73566e-08 5.83009e-09 1.63997e-07 190 156 116
-1.61826e-08 -5.90009e-08 2.91069e-07 184 152 116
-6.06386e-09 -5.61526e-08 2.47916e-07 192 192 190
3.72381e-08 -5.76461e-09 1.73375e-07 24 36 54
4.65034e-08 -5.13276e-08 2.34313e-07 188 186 182
1.20001e-08 -1.84736e-08 1.7183e-07 196 130 91
3.13643e-08 -1.80953e-10 1.70283e-07 188 153 115
1.37237e-08 -1.91091e-08 1.6631e-07 236 158 76
2.94531e-08 8.90085e-09 1.57197e-07 200 166 126
3.18374e-08 5.63547e-10 1.34317e-07 144 110 78
-2.07735e-08 3.47262e-08 1.23659e-07 168 136 96
-3.89156e-08 -1.94496e-08 1.61645e-07 200 168 130
6.92235e-08 -5.19975e-08 2.22731e-07 190 186 180
4.16453e-08 3.18645e-09 1.63174e-07 200 166 128
2.0142e-08 -2.27783e-08 1.74007e-07 192 160 122
5.63745e-08 -1.97357e-08 1.88888e-07 187 154 116
3.89623e-08 2.94437e-08 1.46659e-07 204 168 121
4.54178e-08 5.73329e-09 1.38934e-07 90 68 60
2.09878e-08 -2.33957e-08 1.49016e-07 195 144 106
3.7138e-08 -2.51881e-09 1.76846e-07 32 41 54
3.31518e-08 9.33171e-09 1.44382e-07 174 137 98
1.15117e-08 -8.41742e-08 2.72199e-07 206 202 198
4.62279e-08 4.12383e-09 1.66027e-07 197 163 125
7.22191e-08 -2.7855e-08 2.11018e-07 200 155 111
4.42061e-08 2.45348e-09 1.66773e-07 198 164 126
-1.8876e-08 -7.28639e-08 2.29139e-07 203 198 194
-7.60633e-09 -8.95567e-08 3.04941e-07 203 196 193
6.39264e-08 -5.29656e-08 2.07335e-07 196 190 186
-1.43645e-08 1.49919e-08 1.44757e-07 192 152 116
4.30606e-08 -4.72594e-08 2.46352e-07 185 188 192
1.69191e-08 -3.02429e-08 1.57132e-07 98 49 46
4.124e-08 1.82806e-08 1.49454e-07 96 88 84
2.75024e-08 -1.6319e-08 1.57768e-07 190 100 45
6.99031e-10 -4.72445e-08 2.38473e-07 186 157 125
1.44342e-08 1.16471e-08 1.54434e-07 196 159 118
3.62791e-08 4.92584e-09 1.72916e-07 192 154 111
-4.15714e-08 3.32771e-08 1.28373e-07 166 132 94
6.6684e-08 -3.63385e-08 1.8721e-07 186 185 182
2.12993e-08 -2.81923e-08 1.54994e-07 114 26 31
2.30461e-08 -2.02539e-08 1.50506e-07 206 147 98
3.52676e-08 9.43401e-09 1.37922e-07 204 190 178
6.75894e-08 -4.32263e-08 2.2215e-07 182 188 187
4.18031e-08 -6.91092e-09 1.81067e-07 26 37 55
-4.779e-08 2.94988e-08 1.24614e-07 166 132 94
3.70738e-08 7.23071e-09 1.49077e-07 200 166 124
3.24105e-08 2.70103e-09 1.37771e-07 194 159 118
1.91859e-08 -2.88288e-08 1.59793e-07 106 42 17
3.22449e-08 5.59664e-09 1.39908e-07 197 161 120
2.99298e-08 -4.45779e-08 1.89179e-07 194 192 187
4.07681e-08 6.88915e-09 1.57347e-07 203 168 128
-5.4557e-09 -1.27e-08 1.75729e-07 188 162 134
3.75565e-08 -8.98946e-09 1.73079e-07 38 42 58
4.96028e-08 -5.03134e-08 1.94647e-07 204 200 196
2.33521e-08 -7.98183e-08 2.22075e-07 201 198 194
3.40786e-08 4.26392e-08 1.37849e-07 213 182 139
4.83875e-08 -4.59094e-08 2.41361e-07 181 186 187
2.79997e-08 1.80878e-08 1.47518e-07 205 166 123
5.76034e-08 -2.04268e-09 1.78284e-07 195 157 119
4.17164e-08 -1.43845e-08 1.74116e-07 255 194 116
-5.98899e-09 -5.41957e-08 2.39044e-07 192 192 191
3.74132e-08 -1.05066e-08 1.6951e-07 170 76 34
4.98056e-08 -5.60478e-08 2.29841e-07 198 195 190
9.36004e-09 -3.71086e-08 2.09845e-07 149 90 65
8.21775e-08 -1.38564e-08 1.94172e-07 188 150 112
1.67702e-08 -3.43358e-08 1.48216e-07 178 120 128
1.98527e-08 -3.03017e-08 1.59599e-07 104 30 38
6.56827e-08 -1.08775e-07 3.32085e-07 200 194 190
1.37436e-08 -1.41889e-08 1.67444e-07 134 80 51
1.20797e-08 -4.31124e-09 1.73571e-07 194 152 110
5.03736e-08 2.44736e-08 1.61094e-07 184 192 203
3.93022e-08 -4.69415e-08 2.27679e-07 192 192 192
1.59546e-08 -2.3869e-08 1.62435e-07 151 142 132
-5.74987e-09 -2.42583e-08 1.82723e-07 228 206 166
4.16902e-08 -6.55418e-09 1.78266e-07 30 39 54
4.79938e-08 -4.68567e-08 2.34074e-07 184 185 182
2.44603e-08 -5.63774e-08 2.56579e-07 202 202 201
2.52297e-08 -2.12186e-08 1.55506e-07 227 170 120
4.83261e-08 1.22441e-09 1.59894e-07 196 161 120
-1.5302e-08 -2.85961e-08 2.11592e-07 194 161 127
4.50879e-08 2.41691e-09 1.65968e-07 197 162 124
4.68294e-08 4.64484e-09 1.64533e-07 194 158 120
2.24876e-08 -2.96462e-08 1.54798e-07 180 47 88
1.42768e-08 -5.92292e-08 2.79619e-07 186 186 186
-9.03525e-09 -4.40754e-08 2.55447e-07 187 155 120
3.86802e-08 -7.92532e-10 1.40605e-07 202 167 124
9.59641e-08 -2.75128e-08 2.17615e-07 183 147 109
-9.40733e-09 -6.35641e-08 2.29887e-07 206 202 198
7.30356e-08 -1.3822e-08 1.90191e-07 189 152 114
-4.68615e-08 -2.67811e-08 1.59627e-07 61 66 71
2.53711e-08 9.35744e-09 1.56705e-07 199 164 125
5.64109e-08 -2.18472e-08 1.89505e-07 184 152 115
1.62415e-08 3.2851e-09 1.65642e-07 196 155 112
8.06365e-08 -2.94461e-08 2.07044e-07 180 144 106
3.60065e-08 -1.18063e-09 1.7432e-07 178 148 116
-3.48747e-08 4.76069e-09 1.4974e-07 198 160 120
-3.64832e-08 3.7634e-08 1.16088e-07 119 86 54
-1.88497e-08 -6.63942e-09 1.65788e-07 220 190 158
-2.68578e-08 -2.01368e-09 1.86338e-07 198 162 124
4.61836e-08 7.56304e-09 1.6306e-07 200 166 126
2.46029e-08 -3.69038e-08 2.22984e-07 184 154 120
-2.59489e-08 -4.42105e-08 2.59507e-07 183 146 112
-1.83537e-08 4.28245e-08 1.21772e-07 152 120 84
7.41091e-08 -5.26603e-08 2.29242e-07 200 198 192
3.57322e-08 -5.3995e-08 2.39651e-07 195 192 188
4.41392e-08 -4.57208e-08 2.43901e-07 181 183 178
6.10196e-08 -2.72822e-08 1.97988e-07 217 162 118
-2.36993e-08 -5.976e-09 1.65644e-07 210 177 141
2.15315e-08 -3.25567e-08 1.60715e-07 128 30 49
4.5096e-08 -8.52968e-08 2.38165e-07 207 206 204
-8.812e-09 -5.51861e-08 2.65324e-07 188 167 145
4.64271e-08 2.05018e-09 1.66953e-07 196 162 123
2.6166e-08 -9.90919e-08 2.77806e-07 202 199 196
7.43482e-09 -2.12561e-08 2.02373e-07 166 141 114
6.95729e-08 -3.14399e-08 1.94614e-07 176 151 124
-3.7029e-09 -5.41039e-08 2.47902e-07 192 192 191
9.26688e-08 -3.97949e-08 2.23284e-07 181 180 178
2.946e-08 -2.61228e-08 1.99292e-07 197 167 131
4.44045e-08 -7.88751e-08 2.43491e-07 208 204 202
-2.65373e-08 -1.59112e-08 1.83368e-07 198 168 131
4.14386e-08 1.70366e-10 1.39845e-07 154 124 90
-5.1773e-08 1.97407e-08 1.21745e-07 174 146 108
-1.66153e-08 3.27817e-08 1.28563e-07 182 147 108
-7.67524e-09 -4.72639e-08 2.58404e-07 186 153 118
5.18793e-08 -4.71317e-08 2.63905e-07 182 162 140
1.74638e-08 -7.23903e-09 1.77917e-07 191 156 117
1.72697e-08 -1.28548e-08 1.76373e-07 112 84 62
-4.09356e-09 4.85417e-08 1.24607e-07 159 127 89
5.70303e-09 -5.78165e-08 2.0409e-07 204 202 200
5.24683e-08 1.73255e-08 1.54101e-07 130 102 52
3.90755e-08 -5.13637e-08 2.26177e-07 194 190 188
3.20126e-08 7.47938e-09 1.39106e-07 152 120 86
-4.21508e-08 3.59257e-08 1.21793e-07 148 113 80
3.23366e-08 -5.37355e-08 2.34623e-07 188 184 180
-2.33358e-08 -5.29738e-09 1.70137e-07 207 173 137
6.69219e-08 -8.30091e-09 1.85581e-07 182 145 108
7.79698e-08 -1.23064e-08 1.83156e-07 190 152 114
4.04616e-08 -5.10908e-08 2.5061e-07 190 191 193
4.18558e-08 -7.32509e-08 2.45609e-07 206 203 200
5.33388e-08 -5.09932e-08 2.47395e-07 190 191 188
2.12525e-08 -2.57272e-08 1.87587e-07 192 160 126
8.8355e-08 -2.49103e-08 2.00863e-07 180 144 107
4.24713e-08 -6.72699e-08 2.32006e-07 206 204 201
4.23001e-08 7.43286e-09 1.56899e-07 200 166 126
2.98646e-08 1.26576e-08 1.39132e-07 190 152 110
-9.32542e-09 -3.31645e-08 2.4697e-07 190 156 122
3.42779e-08 -2.4152e-09 1.75659e-07 164 132 106
1.05808e-07 -2.99194e-08 2.15656e-07 180 148 112
4.42897e-08 1.41804e-08 1.45657e-07 212 184 150
3.97683e-08 -8.86054e-09 1.7581e-07 38 28 35
4.45364e-08 1.50114e-08 1.46868e-07 135 108 52
3.60269e-08 -1.24783e-08 1.65422e-07 223 108 50
-2.10162e-08 -7.23207e-08 2.27029e-07 206 200 197
1.08884e-07 -2.74025e-08 2.16685e-07 180 148 110
3.10214e-08 2.30267e-09 1.25933e-07 91 70 64
2.78722e-08 5.73674e-09 1.31928e-07 172 137 100
3.66672e-08 -4.59445e-09 1.75131e-07 23 36 53
3.00124e-08 8.62453e-09 1.38855e-07 170 134 94
3.32797e-08 -3.09061e-08 2.24179e-07 184 154 121
-4.96062e-09 -2.72081e-08 1.89682e-07 179 148 122
1.56039e-08 -1.71117e-08 1.76642e-07 182 86 46
1.45446e-08 -1.56682e-08 1.91427e-07 188 154 120
-3.35721e-08 -1.7058e-08 1.94579e-07 195 162 123
-1.22283e-08 -4.40691e-08 2.40838e-07 184 150 115
3.56931e-08 4.94901e-09 1.7412e-07 189 151 108
4.2797e-08 1.61214e-08 1.42641e-07 180 164 104
1.61146e-08 5.34269e-09 1.65972e-07 198 160 117
1.81378e-08 5.8232e-09 1.72115e-07 202 161 120
2.25458e-08 -2.69798e-08 1.63974e-07 218 125 66
-4.16649e-08 3.72615e-08 1.25488e-07 174 136 102
-2.18663e-08 -8.44157e-08 2.21321e-07 208 202 198
5.92073e-09 -4.7609e-08 2.33083e-07 182 167 153
4.70682e-08 -5.67113e-08 2.24905e-07 201 196 190
6.226e-09 -4.68413e-08 2.35063e-07 184 157 124
4.13469e-08 -4.36417e-08 2.43664e-07 189 160 127
-2.7468e-08 3.80606e-08 1.23731e-07 179 145 108
3.67041e-08 -1.59504e-09 1.7602e-07 104 85 70
3.41683e-08 3.06945e-10 1.28698e-07 89 64 56
1.44172e-08 1.04e-08 1.56225e-07 200 165 124
7.88861e-09 -4.91893e-08 2.33145e-07 188 188 188
1.08734e-07 -2.68876e-08 2.17674e-07 180 145 108
4.48502e-08 -4.02387e-10 1.71513e-07 190 156 117
3.73973e-08 9.01608e-09 1.31473e-07 60 36 24
4.36704e-08 1.38339e-08 1.43025e-07 166 136 100
1.89331e-08 -5.71542e-09 1.86622e-07 191 156 115
-2.11533e-08 -7.58847e-08 2.32194e-07 206 200 195
-4.5908e-08 3.72528e-08 1.26386e-07 191 158 121
3.62921e-08 2.26309e-09 1.33752e-07 85 62 52
-1.06376e-09 3.63501e-08 1.18513e-07 180 148 110
-7.17269e-09 -5.20632e-08 2.45605e-07 186 178 173
-3.95238e-08 -4.77645e-08 2.2416e-07 185 152 114
-3.97551e-08 -6.93181e-08 2.29124e-07 208 200 196
-2.14648e-08 -9.83452e-09 1.90458e-07 198 162 126
6.82038e-08 -1.81641e-08 2.08609e-07 182 148 110
2.41184e-08 4.59437e-09 1.67238e-07 193 152 111
-1.47034e-08 5.53016e-09 1.67827e-07 218 186 149
1.661e-08 -4.96867e-08 2.48946e-07 180 172 166
8.819e-08 -3.58225e-08 2.36876e-07 180 146 110
-4.98751e-09 -3.89507e-08 2.22079e-07 190 158 124
1.13023e-08 1.36959e-08 1.54648e-07 200 158 116
7.8176e-09 1.31741e-08 1.57705e-07 204 166 124
-2.36147e-09 -4.27693e-08 2.38267e-07 186 154 120
5.39963e-09 -1.50366e-08 1.99342e-07 198 164 136
-1.32469e-08 -3.10124e-08 2.1861e-07 187 152 118
-3.68624e-09 4.03435e-08 1.13347e-07 158 122 84
3.46497e-08 4.90335e-11 1.45722e-07 195 161 120
-3.13666e-08 1.4737e-08 1.62077e-07 208 168 126
4.37832e-08 -1.87372e-09 1.7607e-07 192 159 122
2.7305e-08 -2.98202e-08 2.24693e-07 188 158 126
-6.26748e-09 3.62503e-08 1.19449e-07 186 154 115
4.00744e-08 9.72116e-09 1.37144e-07 57 34 22
2.9428e-08 -2.39082e-08 2.14825e-07 188 154 120
1.26978e-08 1.64232e-08 1.48549e-07 204 168 128
4.01467e-08 1.75009e-08 1.39635e-07 212 188 123
4.2695e-08 -1.11272e-09 1.72424e-07 190 156 118
1.01929e-07 -3.26499e-08 2.40351e-07 176 141 103
-3.31307e-08 -4.11897e-08 2.30622e-07 180 144 108
8.56659e-08 -1.31292e-08 1.9129e-07 186 149 112
1.07675e-07 -4.58025e-08 2.10023e-07 196 190 186
-6.13081e-09 3.74437e-08 1.18889e-07 184 152 115
1.02617e-08 -2.41021e-08 2.09038e-07 136 109 88
2.08293e-08 -4.84897e-08 2.46042e-07 181 172 161
3.37276e-08 -4.87598e-08 2.27967e-07 195 194 194
3.04451e-08 -4.48595e-08 2.46924e-07 186 154 122
2.35014e-08 -2.44448e-08 2.10996e-07 188 154 123
6.34599e-08 -1.91472e-08 2.0214e-07 181 145 108
4.72791e-08 -5.49515e-08 2.56602e-07 198 196 194
-8.81875e-09 4.12673e-08 1.1449e-07 156 123 86
-2.83396e-08 3.7169e-08 1.24304e-07 182 148 109
-1.33891e-08 3.6237e-08 1.22693e-07 187 154 118
-5.30305e-08 3.17747e-08 1.26011e-07 196 159 118
4.5924e-08 1.36865e-08 1.44529e-07 122 95 70
1.55392e-08 2.04304e-08 1.51152e-07 203 163 122
6.61647e-09 2.63155e-08 1.35041e-07 200 160 118
2.01977e-09 -1.07272e-08 1.99292e-07 200 168 136
-1.40122e-08 -2.86781e-08 2.06301e-07 189 156 121
-4.32367e-08 3.25736e-08 1.24014e-07 194 159 120
5.35575e-08 -1.9553e-09 1.68649e-07 188 153 113
-3.23848e-08 -4.77599e-08 2.38102e-07 190 158 120
4.10121e-08 -3.5253e-09 1.77628e-07 22 32 47
-2.12885e-08 3.31353e-08 1.29336e-07 191 155 115
-3.86102e-08 5.47831e-08 1.49353e-07 155 121 84
-3.59852e-08 -3.75628e-08 2.15465e-07 185 150 114
3.66408e-08 -5.11751e-08 2.41201e-07 196 197 196
-8.47939e-09 6.86825e-09 1.68185e-07 212 179 144
-3.05805e-08 3.8901e-08 1.29871e-07 186 150 112
6.82525e-08 -1.83722e-08 2.06287e-07 182 148 110
7.70762e-08 -2.60661e-08 2.11819e-07 184 148 110
-1.49033e-08 4.15703e-08 1.25399e-07 170 136 97
2.05455e-08 4.95409e-10 1.86214e-07 191 150 108
-5.71448e-08 3.50989e-08 1.24943e-07 196 162 123
-2.35863e-08 3.58816e-08 1.27537e-07 189 156 118
5.32544e-09 2.27004e-08 1.39773e-07 208 174 134
2.30056e-09 -1.93423e-08 1.94428e-07 164 137 118
3.19342e-08 6.34417e-10 1.33306e-07 132 102 70
-1.87837e-08 -4.86043e-08 2.41182e-07 181 146 111
5.62e-08 -2.65754e-09 1.73819e-07 192 157 118
3.73364e-08 4.6845e-09 1.6964e-07 192 154 114
-1.68349e-08 4.2612e-08 1.28758e-07 172 139 100
-3.80539e-08 4.63951e-08 1.31567e-07 147 114 78
5.04254e-08 -1.34282e-09 1.61412e-07 194 157 116
-5.22136e-08 3.1057e-08 1.33034e-07 202 166 124
-1.6604e-08 3.63676e-08 1.23669e-07 186 154 118
1.84507e-08 -4.57336e-08 2.24578e-07 174 174 172
-4.19472e-08 -7.18948e-08 2.18444e-07 203 194 190
-2.11015e-08 -9.46763e-08 2.26384e-07 204 197 196
-2.28318e-08 -9.46724e-08 2.25401e-07 197 190 187
1.9293e-07 -8.74082e-08 4.64843e-07 153 92 102
-4.11163e-08 -7.11337e-08 2.19336e-07 204 195 191
7.5976e-08 -8.64383e-08 2.15445e-07 204 199 196
7.71587e-08 -5.73133e-08 1.9835e-07 200 193 190
6.69525e-08 -2.47641e-08 1.68206e-07 176 145 108
-3.98068e-08 -5.19541e-08 2.21766e-07 185 180 176
7.4084e-08 -8.20798e-08 2.14244e-07 202 196 193
6.88064e-08 -1.27992e-07 2.42045e-07 203 200 197
-3.93133e-08 -4.94552e-08 2.13938e-07 176 164 156
1.6485e-07 -8.79954e-08 4.13911e-07 206 182 184
-5.64298e-08 -5.06513e-08 2.05374e-07 181 179 176
-3.90979e-08 -9.43088e-08 2.19103e-07 202 196 192
-4.39064e-08 -9.13427e-08 2.15189e-07 203 196 193
4.92403e-08 -3.9603e-08 3.51814e-07 182 170 159
-2.13527e-08 -1.01282e-07 2.27147e-07 204 200 196
2.44737e-07 -3.81223e-08 5.11245e-07 152 104 68
-1.88465e-08 -1.02458e-07 2.30704e-07 204 198 195
4.41419e-09 -1.00759e-07 2.38246e-07 198 194 190
6.67112e-08 -2.66171e-08 1.62669e-07 170 168 165
-4.57519e-08 -6.78262e-08 2.11821e-07 194 186 179
-5.10883e-08 -7.01396e-08 2.08306e-07 200 192 186
-3.97614e-08 -9.16486e-08 2.16151e-07 202 196 193
6.99475e-08 -3.22294e-08 1.68775e-07 180 178 174
7.00541e-08 -3.29594e-08 1.67928e-07 192 188 181
7.71899e-08 -4.72194e-08 1.70904e-07 196 188 184
5.61029e-08 -1.03229e-07 2.35026e-07 203 199 196
6.65412e-08 -6.02316e-08 2.0564e-07 198 194 189
7.21649e-08 -8.84962e-08 2.202e-07 200 196 193
4.5502e-10 -4.48764e-08 2.4091e-07 181 151 120
2.78028e-08 -8.08613e-08 2.35167e-07 186 182 178
-4.32019e-08 -7.1393e-08 2.15377e-07 204 195 192
-1.81823e-08 -8.16709e-08 2.19059e-07 203 198 195
-4.144e-08 -6.1901e-08 2.19056e-07 201 194 189
-4.04847e-08 -6.06813e-08 2.19675e-07 198 192 187
6.97652e-08 -4.84894e-08 1.91422e-07 196 190 186
6.10359e-08 -3.50094e-08 1.88577e-07 178 178 176
7.47864e-08 -5.54593e-08 1.86606e-07 193 187 181
7.29453e-08 -2.52746e-08 2.03635e-07 176 142 105
-4.04207e-08 -9.19568e-08 2.17456e-07 202 196 193
-4.17752e-08 -6.18902e-08 2.23563e-07 200 192 188
4.43738e-08 -5.34783e-08 3.43425e-07 149 88 62
-3.59226e-08 -5.1996e-08 2.18351e-07 186 184 179
5.69907e-08 -9.13756e-08 2.3344e-07 204 199 197
9.81876e-08 3.48773e-08 3.38629e-07 196 158 117
1.85176e-09 -5.03614e-08 2.2766e-07 188 187 186
3.55146e-08 -9.8836e-08 2.39849e-07 204 200 198
-3.89331e-08 -7.21442e-08 2.17527e-07 200 194 190
8.43557e-08 1.58242e-08 3.5685e-07 197 162 126
-4.17528e-08 -5.62631e-08 2.2406e-07 191 188 184
6.14736e-08 -3.07615e-08 1.85581e-07 172 158 139
-2.30152e-08 -7.08835e-08 2.25889e-07 202 196 190
6.73916e-08 -4.16201e-08 1.89993e-07 194 188 184
6.58799e-08 -3.82425e-08 1.87186e-07 178 172 166
6.728e-08 -5.92161e-08 2.09442e-07 194 190 180
2.52756e-09 -1.01876e-07 2.33859e-07 196 192 188
-2.42204e-08 -8.47042e-08 2.26654e-07 192 186 181
-3.206e-09 -4.39878e-08 2.34197e-07 178 148 116
5.17761e-08 -6.7753e-08 2.19989e-07 200 196 192
-4.27891e-08 -6.17547e-08 2.16106e-07 198 191 186
2.4521e-07 6.46394e-08 4.69966e-07 191 154 113
7.52642e-08 -4.45377e-08 1.65226e-07 195 187 182
9.18666e-08 -1.17621e-07 2.21457e-07 193 186 183
1.5944e-07 3.15438e-08 3.68271e-07 190 152 112
7.67384e-08 -5.04784e-08 1.76587e-07 194 188 182
7.19755e-08 -9.97617e-08 2.24039e-07 201 196 188
6.72095e-08 -4.3109e-08 1.90855e-07 194 188 184
7.04626e-08 -3.56303e-08 1.66742e-07 190 184 179
1.56588e-07 -6.60458e-08 4.49968e-07 182 152 120
-4.15123e-08 -9.08995e-08 2.14862e-07 201 194 192
-2.66428e-08 -7.67431e-08 2.22811e-07 204 196 190
-2.42947e-08 -5.87167e-08 4.31791e-07 182 148 112
6.61828e-08 -3.88925e-08 1.87439e-07 175 168 161
7.36212e-09 -1.06726e-07 2.38949e-07 202 200 197
-4.19272e-08 -7.68391e-08 2.17119e-07 182 173 167
6.22352e-08 -6.58562e-08 1.98401e-07 198 190 186
1.86e-07 -5.44113e-08 4.46782e-07 103 63 34
-5.12021e-08 -5.24463e-08 2.08819e-07 190 186 183
-1.90139e-08 -1.02833e-07 2.30291e-07 204 199 196
-3.53353e-08 -4.81856e-08 2.30422e-07 174 142 104
6.69647e-08 -2.99687e-08 1.63754e-07 176 175 172
6.8236e-08 -3.13303e-08 1.75327e-07 172 170 167
6.38005e-08 -3.05222e-08 1.84681e-07 172 162 149
-4.14148e-08 -7.92959e-08 2.17953e-07 204 196 193
-4.3421e-08 -9.413e-08 2.12936e-07 202 195 192
-1.85501e-08 -1.06576e-07 2.24571e-07 202 197 195
1.48526e-07 2.21987e-08 3.48076e-07 192 158 119
-9.20954e-09 -3.57876e-08 2.78217e-07 188 156 120
2.91683e-07 1.06272e-07 4.44331e-07 186 155 104
7.88837e-08 -5.29303e-08 1.77216e-07 198 191 185
1.99141e-07 -3.61645e-08 4.17527e-07 172 127 85
-4.11149e-08 -6.52253e-08 2.16905e-07 200 192 188
1.41273e-08 -4.3011e-08 2.2766e-07 182 150 122
-2.88908e-08 -7.47062e-08 2.28774e-07 204 198 193
7.96796e-08 -6.46397e-08 1.88524e-07 198 190 188
-4.1422e-08 -8.47347e-08 2.15839e-07 204 197 194
-3.89754e-08 -7.85032e-08 2.08863e-07 204 197 194
7.2562e-08 -9.70058e-08 2.21371e-07 197 194 192
-5.6831e-08 -4.53562e-08 2.16996e-07 174 140 104
8.79407e-09 -1.19164e-07 2.40978e-07 204 201 198
-1.22808e-08 -5.14547e-08 4.65464e-07 183 146 108
-5.07127e-08 -7.4303e-08 2.09237e-07 192 184 177
7.21538e-08 -6.79274e-08 2.00137e-07 200 195 191
1.20398e-09 -7.01697e-08 2.33085e-07 200 194 190
8.09069e-10 -1.0045e-07 2.38024e-07 202 198 196
6.90182e-08 -5.13981e-08 1.94788e-07 198 192 188
3.21678e-08 -5.17738e-08 2.2204e-07 196 193 189
4.35209e-08 -5.40623e-08 2.13439e-07 200 196 192
6.83805e-08 -4.57133e-08 1.94365e-07 195 188 185
-2.42289e-08 -8.6921e-08 2.246e-07 193 187 182
6.71885e-08 -5.67533e-08 2.04457e-07 198 193 189
8.79278e-08 -1.15746e-07 2.25848e-07 202 198 195
3.46761e-07 1.74298e-07 8.26805e-07 199 163 124
2.98595e-08 -2.52412e-08 2.47412e-07 186 154 122
-3.57498e-08 -7.04538e-08 2.1851e-07 202 196 190
-4.97223e-08 -6.14764e-08 2.05688e-07 198 191 186
7.5455e-08 -6.04625e-08 1.92693e-07 198 190 185
6.75522e-08 -3.24928e-08 1.71034e-07 180 178 173
9.28246e-08 -1.07313e-08 2.02198e-07 178 142 106
-4.10165e-09 -7.5213e-08 2.30554e-07 199 194 191
7.17482e-08 -5.23325e-08 1.94223e-07 198 190 186
5.72674e-08 -8.2644e-08 2.29286e-07 205 200 196
-4.96474e-08 -5.39946e-08 2.11021e-07 190 188 183
-4.46639e-08 -5.50282e-08 2.22544e-07 182 177 172
2.10658e-07 5.54745e-08 4.26896e-07 195 157 118
8.2079e-08 -6.60028e-08 1.88586e-07 194 188 184
6.87442e-08 -4.22033e-08 1.86254e-07 196 190 186
6.58233e-08 -3.35331e-08 1.791e-07 178 175 170
8.61345e-09 -4.46124e-08 2.77357e-07 184 154 121
6.81721e-08 -2.34174e-08 1.67252e-07 178 146 110
-4.00772e-08 -5.34737e-08 2.09744e-07 196 192 186
7.07875e-08 -4.98005e-08 1.69166e-07 196 190 184
-4.61638e-08 -8.58959e-08 2.08674e-07 196 188 182
6.05664e-08 -4.3261e-08 2.09955e-07 180 171 166
8.45749e-08 -9.63776e-09 1.97361e-07 179 142 106
5.70526e-08 -1.05222e-07 2.38091e-07 204 200 198
8.18526e-08 -1.05563e-07 2.23017e-07 200 196 192
-2.9473e-08 -7.1638e-08 2.22836e-07 202 196 191
5.78269e-08 -8.54574e-08 2.25895e-07 204 200 196
-2.68716e-08 -5.13736e-08 2.21301e-07 184 182 177
6.59353e-08 -1.76298e-08 1.66007e-07 173 138 102
-2.69817e-08 -5.6966e-08 2.22956e-07 196 190 182
-2.19302e-08 -6.54081e-08 2.26603e-07 200 194 188
7.13612e-08 -5.98866e-08 1.96442e-07 204 196 192
7.18392e-08 -7.65993e-08 2.12785e-07 202 196 193
6.74718e-08 -4.78844e-08 1.97665e-07 190 185 181
9.03435e-08 -1.81157e-08 2.22811e-07 178 142 106
7.54749e-08 -4.39693e-08 1.647e-07 193 185 180
6.66624e-08 -3.73699e-08 1.90885e-07 186 184 180
6.92965e-08 -3.06801e-08 1.68657e-07 176 175 172
2.21645e-09 -1.04741e-07 2.38811e-07 205 202 199
-5.04833e-08 -6.16873e-08 2.08905e-07 200 192 188
7.68126e-08 -4.68294e-08 1.72869e-07 194 186 182
2.45377e-08 -6.19346e-08 2.21973e-07 201 198 194
6.8119e-08 -1.06788e-07 2.42218e-07 200 196 192
1.21895e-07 1.68146e-08 3.14292e-07 189 156 116
2.22882e-07 5.75317e-08 4.60427e-07 195 159 118
7.6823e-08 -6.31899e-08 1.96087e-07 200 194 187
-1.95351e-08 -1.06146e-07 2.29651e-07 200 194 192
3.91105e-10 -3.64614e-08 2.74337e-07 178 145 111
-3.33551e-08 -8.08369e-08 2.19269e-07 201 194 191
-2.68469e-08 -3.6003e-08 2.27153e-07 184 150 114
6.88192e-08 -4.63872e-08 1.87354e-07 195 188 185
-5.50263e-08 -4.19547e-08 2.05744e-07 174 140 104
-2.39009e-08 -5.80098e-08 2.23164e-07 200 194 189
8.0785e-09 -1.11485e-07 2.39906e-07 205 202 199
-9.8188e-09 -5.55352e-08 2.28673e-07 189 184 178
-2.97412e-08 -8.57797e-08 2.19874e-07 203 197 194
5.47655e-08 -7.59113e-08 2.2656e-07 200 197 194
7.63688e-08 -4.44731e-08 1.71216e-07 193 186 181
6.93952e-08 -2.60513e-08 1.73779e-07 174 142 104
9.3976e-08 -9.34159e-08 1.95552e-07 200 194 191
2.49473e-09 -1.02178e-07 2.36817e-07 204 200 196
1.10806e-07 1.60197e-08 3.43111e-07 191 156 118
-5.28573e-08 -7.43901e-08 2.0504e-07 200 191 186
1.29997e-07 1.49465e-08 3.26907e-07 180 145 106
7.70953e-08 -1.68164e-08 1.82048e-07 178 143 106
8.13265e-08 -1.04435e-07 2.18505e-07 203 198 195
-3.6387e-08 -5.20685e-08 2.14037e-07 188 188 183
1.57455e-07 -2.29893e-08 4.0149e-07 86 42 34
7.95419e-08 -2.15317e-08 2.13503e-07 172 136 100
6.76238e-08 -4.41273e-08 1.90007e-07 196 190 186
-5.34827e-08 -7.86412e-08 2.27624e-07 200 192 186
-8.40723e-09 -4.43911e-08 2.18936e-07 184 152 120
5.49977e-08 -6.03749e-08 2.05022e-07 198 198 204
1.95644e-08 -2.8557e-08 1.64543e-07 196 94 24
3.39932e-08 6.02641e-09 1.42538e-07 184 151 112
1.66623e-08 -1.41099e-08 1.95077e-07 194 161 126
3.84554e-08 -6.61291e-08 2.13293e-07 198 197 202
7.95151e-08 -5.56471e-08 2.01947e-07 190 194 200
2.37123e-08 -1.96584e-08 1.79329e-07 254 172 68
1.16241e-07 -3.40603e-08 1.99945e-07 156 162 169
2.13202e-08 -2.32155e-08 1.66818e-07 38 46 59
1.99619e-08 -1.62215e-08 1.86716e-07 54 53 56
2.925e-08 -2.14666e-08 1.61552e-07 216 158 116
9.47511e-08 -3.69731e-08 2.05041e-07 155 162 168
2.91679e-08 1.77145e-08 1.47194e-07 200 161 118
-8.51664e-10 -2.64648e-08 1.92538e-07 114 74 46
3.26113e-08 1.04292e-08 1.4797e-07 126 90 54
3.14188e-09 -1.44934e-08 1.98734e-07 221 250 254
2.35591e-08 -2.60392e-08 1.71307e-07 184 94 20
8.06284e-08 -4.09511e-08 2.1375e-07 164 173 184
2.11847e-08 -1.61658e-08 1.89489e-07 43 48 60
3.08164e-08 -2.0791e-08 1.5898e-07 78 116 120
9.47129e-08 -5.44484e-08 1.93602e-07 188 190 194
1.44876e-08 -1.53972e-08 1.80461e-07 154 124 96
2.93991e-08 -3.89284e-09 1.75076e-07 190 158 124
2.8378e-08 2.82618e-09 1.40978e-07 190 154 116
1.95207e-08 -1.57749e-08 1.89367e-07 23 48 61
1.39836e-07 -2.2227e-08 1.88785e-07 171 140 110
6.27928e-08 -5.93418e-08 1.93979e-07 192 192 197
3.09628e-08 -4.91786e-09 1.79498e-07 184 148 110
3.06463e-08 5.07425e-09 1.3677e-07 200 178 165
-3.80771e-08 1.79116e-09 1.90064e-07 54 62 70
6.33361e-08 -6.21756e-08 2.07795e-07 198 197 204
2.61861e-08 -1.93641e-08 1.65222e-07 170 75 25
2.2868e-08 -2.51895e-08 1.64976e-07 250 149 68
1.93041e-08 -1.42881e-08 1.90493e-07 87 128 165
2.7543e-08 -1.94525e-08 1.6374e-07 202 110 45
3.26124e-08 -1.72545e-08 1.61519e-07 192 158 119
9.10418e-08 -5.5044e-08 1.95093e-07 190 194 200
7.54918e-10 -2.371e-08 1.88558e-07 193 162 132
2.89386e-08 -1.88137e-08 1.56882e-07 190 156 119
1.90847e-08 -1.32639e-08 1.81642e-07 189 154 120
-8.86781e-12 -2.49936e-08 1.85541e-07 192 163 134
2.24047e-08 -2.1155e-08 1.68636e-07 124 46 22
2.82145e-08 -1.99778e-08 1.62406e-07 212 150 102
2.98852e-08 3.65182e-09 1.38319e-07 160 134 111
1.863e-08 -2.41719e-08 1.68652e-07 62 46 40
3.64776e-08 8.96678e-09 1.50841e-07 115 84 54
2.43599e-08 -1.54159e-08 1.73806e-07 38 46 58
2.69408e-08 -1.46151e-08 1.74702e-07 35 46 59
1.61208e-08 -1.29412e-08 1.88693e-07 183 146 106
1.9901e-08 -1.69922e-08 1.84452e-07 171 70 26
-3.43968e-08 -7.14358e-11 1.79595e-07 192 154 116
1.10183e-07 -3.33083e-08 1.98094e-07 170 148 123
-4.35298e-08 -2.10747e-08 1.75749e-07 40 50 60
2.82058e-08 -1.80696e-08 1.56914e-07 188 152 116
5.75651e-08 -5.75471e-08 2.08639e-07 195 194 201
3.15611e-08 -1.93556e-08 1.5689e-07 188 154 118
1.1165e-07 -3.59699e-08 1.97451e-07 150 161 170
-3.38459e-08 3.71411e-08 1.33222e-07 224 184 143
2.40406e-08 -2.15787e-08 1.73896e-07 20 68 104
2.25417e-07 -2.18837e-09 1.66362e-07 157 125 93
3.58254e-08 -6.25239e-08 2.12995e-07 197 196 202
8.25671e-09 -2.78334e-08 2.14397e-07 118 88 62
2.67453e-08 -1.83127e-08 1.63977e-07 248 140 65
-4.0374e-08 9.08543e-10 1.85736e-07 28 36 44
2.26995e-08 -2.64475e-08 1.62472e-07 92 46 20
-3.8783e-08 -6.22073e-09 1.80534e-07 27 23 23
6.02258e-09 -2.30488e-08 2.04255e-07 123 92 68
-4.7044e-09 -2.60338e-08 1.84866e-07 218 202 186
-4.2262e-08 -9.90317e-09 1.76701e-07 28 24 24
3.07699e-08 -5.06746e-09 1.69769e-07 180 148 112
2.66561e-08 -8.55173e-09 1.81981e-07 190 156 120
4.30211e-08 -5.3669e-08 2.23898e-07 184 182 187
-4.0311e-09 -2.83843e-08 1.90381e-07 99 48 24
-2.74131e-09 -3.23048e-08 1.87233e-07 160 98 76
3.22657e-08 6.18893e-09 1.42794e-07 125 94 60
1.85601e-08 -2.40004e-08 1.71152e-07 20 47 66
-1.60897e-09 -2.84305e-08 1.88064e-07 132 64 37
2.15006e-08 -2.89484e-08 1.59177e-07 74 8 10
2.0344e-08 -1.62995e-08 1.81559e-07 168 66 28
2.24224e-08 -1.94608e-08 1.74694e-07 255 170 72
8.81563e-08 -5.60698e-08 1.88078e-07 190 194 200
-2.79953e-09 -3.03788e-08 1.89733e-07 118 56 32
4.35826e-08 -6.64417e-08 2.13974e-07 199 198 204
3.87599e-08 9.54583e-09 1.52629e-07 120 88 58
1.90559e-09 -2.79962e-08 1.87534e-07 142 74 48
3.69831e-08 9.39149e-09 1.54934e-07 188 148 110
1.56677e-07 -1.93824e-08 1.7088e-07 170 138 106
2.31518e-08 -8.89534e-09 1.8377e-07 184 150 116
2.38436e-09 -2.37627e-08 1.86324e-07 189 155 120
2.40459e-08 -2.54126e-08 1.71064e-07 182 93 20
3.14947e-08 1.69653e-08 1.50879e-07 198 157 116
1.17098e-07 4.4405e-10 1.193e-07 168 138 108
-3.23452e-08 2.29842e-09 1.79794e-07 202 170 132
1.66671e-07 -1.40114e-08 1.64097e-07 160 128 97
2.95945e-08 -2.4597e-09 1.76425e-07 188 155 120
6.15756e-08 -2.91221e-08 1.9035e-07 186 150 114
4.47869e-08 -6.34804e-08 2.17453e-07 196 196 202
3.52848e-08 6.00852e-09 1.3444e-07 62 36 25
2.01843e-08 -2.0626e-08 1.66708e-07 56 58 72
4.28372e-08 1.30535e-08 1.48946e-07 116 84 57
3.31728e-08 -1.99657e-08 1.97453e-07 144 110 81
2.83101e-08 -2.17423e-08 1.99173e-07 183 149 113
2.32679e-08 -2.51027e-08 1.5792e-07 242 188 150
2.51781e-08 -2.58742e-08 1.58548e-07 40 96 119
3.5316e-08 2.04467e-08 1.43242e-07 184 178 160
3.99728e-08 2.34299e-08 1.42865e-07 204 171 136
1.45191e-08 2.34999e-09 1.79065e-07 197 162 124
3.1899e-07 2.87574e-08 1.39786e-07 78 81 78
8.02712e-10 -2.28655e-08 1.86018e-07 186 150 114
2.19574e-08 -1.73193e-08 1.82449e-07 196 87 46
2.88972e-09 -2.06185e-08 1.91334e-07 189 148 114
-2.47762e-09 -2.25973e-08 1.8932e-07 240 232 192
1.50931e-07 -2.40484e-08 1.90888e-07 166 136 106
1.79151e-08 -1.7157e-08 1.81139e-07 171 74 40
2.40276e-08 -2.23727e-08 1.65768e-07 0 82 122
9.71879e-08 -5.63892e-08 1.93525e-07 188 190 195
-4.12917e-08 -5.15466e-10 1.86729e-07 49 56 62
3.60476e-08 1.11772e-08 1.45197e-07 108 75 49
-3.732e-08 -7.76387e-09 1.88261e-07 29 25 23
-2.31401e-09 -3.11561e-08 1.87757e-07 127 62 35
1.31852e-07 -3.1368e-08 1.92106e-07 153 158 167
-4.25424e-08 -6.17141e-09 1.88334e-07 30 30 34
3.4278e-08 -4.67406e-08 2.18889e-07 168 173 183
1.78728e-07 -1.35677e-08 1.64188e-07 155 123 91
5.86294e-08 -3.59245e-08 2.21644e-07 194 159 122
4.13252e-09 1.96323e-08 1.13448e-07 204 161 114
5.62248e-09 -2.0601e-08 2.05258e-07 120 90 64
-4.34038e-08 -1.98533e-08 1.71851e-07 42 52 63
2.14758e-08 -3.39907e-08 1.58748e-07 147 63 85
3.30508e-08 1.08566e-08 1.50953e-07 190 152 112
4.07715e-08 -6.51372e-08 2.11122e-07 194 193 200
1.01506e-07 -3.84868e-08 1.95127e-07 162 174 184
-1.2394e-08 4.10949e-08 1.19798e-07 210 170 128
3.34665e-08 1.02262e-08 1.56341e-07 198 164 125
7.0092e-08 -2.77354e-08 1.96269e-07 184 146 110
4.06134e-08 -6.65291e-08 2.18052e-07 192 188 191
-4.2568e-08 -3.78828e-09 1.89815e-07 34 36 42
3.89154e-08 -6.46991e-08 2.15761e-07 198 196 199
4.55758e-08 6.75458e-09 1.57142e-07 188 154 116
2.20035e-08 1.93612e-08 1.43072e-07 202 160 116
2.0339e-07 -1.10254e-08 1.75128e-07 158 128 96
-3.282e-08 3.04588e-09 1.81308e-07 198 168 128
2.64156e-08 -2.82762e-08 1.57775e-07 206 78 115
-4.50138e-09 -2.20146e-08 1.95905e-07 129 98 70
4.52525e-08 -6.31059e-08 2.09613e-07 199 198 205
-4.24589e-08 -6.8803e-09 1.93788e-07 106 84 62
-3.79632e-08 -3.72253e-09 1.89742e-07 16 13 12
1.0487e-07 -5.30149e-08 1.85135e-07 186 190 196
4.09174e-08 -6.21479e-08 2.0337e-07 196 196 202
2.78463e-08 -1.84816e-08 1.73398e-07 12 72 106
5.74747e-08 -6.50699e-08 2.03732e-07 198 197 204
-1.57995e-09 -1.52093e-08 1.91935e-07 210 238 252
-2.65607e-09 -1.37317e-08 1.98742e-07 191 151 108
2.61463e-08 -1.63455e-08 1.67612e-07 136 51 24
6.39394e-09 -2.57027e-08 1.85785e-07 182 146 110
-5.94488e-09 1.92466e-08 1.52926e-07 205 164 124
5.48822e-10 -1.27731e-08 1.9578e-07 209 222 226
3.24739e-08 3.30615e-09 1.40008e-07 194 158 119
2.00437e-08 -1.73511e-08 1.79453e-07 206 88 46
2.24499e-08 -1.94203e-08 1.91139e-07 178 154 122
3.27846e-08 1.76075e-08 1.41418e-07 222 251 252
-3.89616e-08 -1.71186e-09 1.89859e-07 22 22 27
2.77163e-08 1.47245e-08 1.52487e-07 192 149 108
6.11892e-08 -4.46861e-08 2.20033e-07 173 180 188
-4.17566e-08 -1.16305e-08 1.97523e-07 115 86 61
2.85008e-08 -7.0513e-09 1.75657e-07 182 156 126
1.147e-08 -4.02594e-11 1.7826e-07 201 167 128
4.92315e-09 -1.17123e-08 1.91936e-07 190 154 118
1.61369e-08 -1.92786e-09 1.7182e-07 194 154 118
2.95316e-08 1.42533e-09 1.58701e-07 197 165 128
-3.65199e-08 -2.416e-09 1.87496e-07 20 18 16
1.11105e-08 -1.16431e-08 1.9277e-07 188 150 114
1.84715e-08 -1.01809e-08 1.82102e-07 186 150 115
9.79696e-09 -1.33274e-08 1.85076e-07 182 142 102
3.3327e-08 -1.00002e-08 1.68636e-07 191 151 115
1.04171e-08 -2.43776e-08 2.16256e-07 118 86 62
5.53103e-09 -1.39843e-08 1.93508e-07 184 145 110
1.92396e-07 -1.31995e-08 1.81312e-07 168 136 104
7.68289e-08 -5.82463e-08 1.97023e-07 193 195 201
-4.08878e-08 1.03327e-09 1.89361e-07 16 16 19
2.07147e-08 -1.11708e-08 1.78929e-07 191 157 122
6.67995e-08 -6.05647e-08 2.02979e-07 195 194 201
-3.70242e-08 -2.52524e-08 1.76122e-07 70 84 95
2.01504e-07 -1.18461e-08 1.66638e-07 155 124 94
2.26721e-08 -1.97173e-08 1.6639e-07 128 56 38
3.27539e-08 6.60704e-09 1.39159e-07 177 152 120
3.11633e-08 -6.49417e-08 2.13237e-07 200 196 204
-6.38513e-10 -1.0063e-08 1.89811e-07 194 162 126
-4.2229e-08 -1.0244e-08 1.98569e-07 118 90 64
-9.38808e-09 -1.50657e-08 1.90085e-07 190 152 112
4.01414e-08 -6.84805e-08 2.10575e-07 198 198 204
3.11573e-08 -1.34366e-08 1.70643e-07 38 26 39
2.39149e-08 -2.40009e-08 1.61009e-07 186 134 94
1.15526e-07 -5.12933e-08 1.82172e-07 181 185 190
8.00979e-09 -9.56078e-10 1.79651e-07 200 166 128
2.26569e-07 1.46105e-08 1.28422e-07 100 87 74
6.13677e-08 -6.59887e-08 2.01934e-07 198 198 205
6.90031e-09 1.29038e-10 1.76237e-07 190 156 118
2.3395e-08 -2.47704e-08 1.58343e-07 243 190 143
2.20117e-08 -2.39424e-08 1.69072e-07 44 12 0
1.02264e-09 -1.7608e-08 1.99915e-07 206 234 252
2.04776e-08 -2.36118e-09 1.76379e-07 184 142 100
-3.7043e-08 -1.93485e-08 1.64702e-07 200 158 120
2.90799e-08 -1.58352e-08 1.64848e-07 224 106 54
1.7202e-08 -7.51674e-09 1.84725e-07 193 160 124
-6.45361e-08 1.37586e-08 1.70679e-07 198 160 120
1.93149e-08 -3.44059e-08 1.56686e-07 110 38 53
3.19194e-08 2.23366e-08 1.39823e-07 193 150 106
2.28619e-08 -1.02099e-08 1.85323e-07 188 153 119
2.1769e-08 -2.37455e-08 1.65462e-07 37 72 86
-5.83849e-09 2.08767e-08 1.4919e-07 207 171 131
2.31889e-08 -1.82079e-08 1.76661e-07 254 167 64
3.47015e-09 -1.99095e-08 2.06056e-07 192 160 124
1.05146e-08 -1.40553e-08 1.91827e-07 188 154 118
8.23219e-08 -6.57358e-09 1.67896e-07 188 157 120
1.42268e-08 6.19918e-09 1.68257e-07 198 164 126
1.93609e-08 -1.86101e-08 1.83205e-07 203 95 50
4.45457e-08 1.99922e-08 1.41817e-07 187 151 116
5.64831e-08 -6.62379e-08 2.01443e-07 196 196 200
1.0979e-07 -5.22624e-08 1.83995e-07 184 188 193
-4.43493e-08 -4.64987e-09 1.91064e-07 32 30 33
1.48389e-08 -5.6143e-10 1.74875e-07 192 156 119
2.56069e-08 -5.77231e-09 1.77759e-07 186 152 117
1.59183e-07 -1.33446e-08 1.56362e-07 160 127 94
7.44481e-08 1.96219e-08 1.34186e-07 190 147 105
8.8859e-09 -3.16579e-09 1.74177e-07 194 156 116
7.80418e-09 4.63207e-09 1.68479e-07 192 154 118
3.25133e-09 -2.17399e-08 2.04707e-07 125 92 66
1.61204e-07 3.26638e-08 1.17738e-07 166 128 92
5.29484e-08 -4.79441e-08 2.31291e-07 180 184 194
3.64011e-08 -9.31528e-09 1.82792e-07 36 46 60
3.86186e-08 6.06191e-09 1.62312e-07 194 160 123
3.1858e-08 3.05191e-09 1.38112e-07 75 50 35
1.16028e-07 -3.96802e-08 1.96524e-07 168 176 182
-1.99458e-10 -2.92709e-08 1.92495e-07 106 48 25
7.57696e-08 -4.71593e-08 2.05315e-07 191 195 198
-8.14029e-09 1.52113e-08 1.51822e-07 196 153 112
2.38995e-08 -1.88548e-08 1.72596e-07 148 117 105
-4.14764e-08 -6.98541e-09 1.97725e-07 116 88 62
7.75808e-08 1.81727e-08 1.35498e-07 195 157 116
2.57582e-08 -1.78483e-08 1.74033e-07 137 107 82
7.25736e-09 -1.86291e-08 1.93698e-07 186 149 113
2.46028e-09 -1.57942e-08 1.98933e-07 61 72 86
2.15412e-09 -2.90262e-08 1.85553e-07 168 115 98
7.96006e-08 -2.9733e-08 2.0099e-07 184 148 112
3.17538e-08 -4.67973e-09 1.75324e-07 178 144 115
3.68698e-08 -3.93237e-08 2.2358e-07 184 146 110
1.24317e-07 -1.51242e-08 1.70246e-07 178 146 114
4.40945e-08 6.20123e-09 1.64182e-07 196 165 128
1.87045e-08 -1.97356e-09 1.76528e-07 184 143 103
3.81967e-08 -1.23886e-08 1.75715e-07 40 32 36
3.75398e-08 1.02564e-08 1.48717e-07 115 84 56
3.28391e-08 -1.10177e-08 1.71763e-07 23 49 79
2.3319e-08 -2.87756e-08 1.68741e-07 186 114 51
1.95926e-08 -1.20424e-08 1.88067e-07 183 148 113
1.31692e-08 -1.35811e-08 1.90994e-07 192 159 124
3.33904e-08 -1.17315e-08 1.73908e-07 17 41 63
5.55412e-09 -2.12498e-08 2.0573e-07 120 90 64
2.44523e-08 -1.82941e-08 1.91106e-07 37 54 68
3.86708e-08 -4.62318e-08 2.27408e-07 166 174 186
9.7415e-09 -2.04294e-09 1.77122e-07 187 152 112
1.48848e-07 -1.41863e-08 1.66705e-07 161 126 92
2.78247e-08 -2.17736e-08 1.63018e-07 238 178 133
3.66541e-08 2.07889e-08 1.42053e-07 236 248 248
1.56279e-08 -1.29599e-08 1.91824e-07 190 156 122
-2.44097e-09 -1.70895e-08 1.98375e-07 212 242 254
5.07919e-10 -2.89503e-08 1.86872e-07 160 95 70
1.12401e-07 2.76515e-08 1.22892e-07 186 147 110
2.333e-08 -2.97452e-08 1.65142e-07 162 88 39
5.64392e-08 -6.07189e-08 1.98431e-07 198 198 204
3.74512e-09 -2.01979e-08 2.0485e-07 137 107 78
2.57625e-08 -2.19232e-08 1.63613e-07 212 146 94
3.07441e-08 6.40088e-09 1.38786e-07 177 146 104
7.17562e-10 -1.90456e-08 1.92278e-07 175 156 135
1.18651e-07 -1.6232e-08 1.71434e-07 180 147 115
6.54771e-08 -2.79115e-08 1.98832e-07 178 140 104
1.16045e-09 -2.37076e-08 1.87421e-07 194 160 126
2.96578e-08 2.42855e-08 1.39723e-07 208 173 132
1.26471e-07 -4.96246e-08 1.79534e-07 174 178 184
3.6993e-08 1.15124e-08 1.53342e-07 193 158 119
2.65087e-08 -2.25042e-08 1.60805e-07 212 148 105
3.32848e-08 -7.15924e-08 2.06353e-07 196 194 198
-3.39863e-08 5.23571e-09 1.77084e-07 194 156 119
-3.12666e-10 -2.47899e-08 1.92499e-07 152 129 92
1.57132e-07 -1.43004e-08 1.57972e-07 158 126 92
4.32396e-08 -6.32027e-08 2.03514e-07 196 196 202
1.74891e-07 -1.28431e-08 1.59419e-07 156 124 92
1.90155e-08 -3.91813e-11 1.72419e-07 193 154 118
-3.97459e-08 -2.63809e-09 1.81208e-07 50 51 54
2.20217e-07 -4.0192e-10 1.67138e-07 162 129 96
-5.59077e-08 3.69918e-08 1.40208e-07 218 177 138
3.1449e-08 -2.22361e-08 1.99898e-07 184 151 116
2.81532e-09 -2.77188e-08 2.14041e-07 178 143 108
1.27125e-07 -3.60756e-08 1.88529e-07 149 160 170
9.78336e-08 -1.6999e-08 1.80483e-07 176 140 104
3.2883e-08 5.21206e-09 1.37044e-07 128 102 79
1.17911e-07 -2.33054e-08 1.8449e-07 165 134 103
-3.95151e-08 -1.31267e-08 2.02682e-07 122 94 68
-4.04233e-08 -1.13151e-08 1.83748e-07 26 24 22
-1.53823e-08 3.54125e-08 1.30596e-07 216 176 134
-1.1843e-09 -2.49199e-08 2.10703e-07 184 149 114
-3.90341e-09 -1.50406e-08 1.98588e-07 188 148 108
-4.1556e-08 -2.31571e-09 1.888e-07 62 70 76
2.34284e-08 -7.92905e-09 1.89338e-07 184 144 105
1.22013e-07 -2.09059e-08 1.7955e-07 171 138 106
2.28193e-07 1.74156e-08 1.27487e-07 129 99 74
1.71072e-09 -2.07848e-08 2.08951e-07 184 148 112
-3.72411e-08 -2.39707e-08 1.74155e-07 53 67 80
5.59799e-08 -3.63826e-08 2.2257e-07 186 152 116
2.04555e-08 -1.0922e-08 1.85684e-07 183 148 113
-8.0896e-10 -2.57116e-08 1.91657e-07 174 136 105
1.53369e-07 -1.29157e-08 1.61392e-07 157 122 90
2.21824e-08 5.53837e-09 1.63911e-07 204 173 138
2.54683e-08 9.41174e-09 1.58365e-07 201 168 130
2.66457e-08 -5.86744e-09 1.90677e-07 180 142 104
-3.72199e-08 -5.10812e-09 1.93672e-07 40 40 42
-4.37707e-08 -3.57486e-09 1.8924e-07 36 39 44
3.0374e-08 3.17169e-09 1.33886e-07 56 30 19
1.40534e-08 1.50055e-10 1.78157e-07 190 154 114
2.16308e-08 -2.75107e-08 1.68965e-07 198 106 20
-3.81112e-08 -1.47031e-08 2.048e-07 124 96 69
3.44761e-08 -8.61296e-09 1.75379e-07 27 54 80
3.0509e-08 8.36878e-09 1.3712e-07 157 136 66
1.85318e-08 2.92727e-08 1.34613e-07 220 188 144
1.76651e-07 -1.33258e-08 1.61698e-07 154 122 90
1.74406e-08 -6.50952e-09 1.84236e-07 196 162 124
-4.33e-08 -2.29722e-08 1.76884e-07 42 50 58
-3.36569e-08 -1.69376e-08 2.02995e-07 136 107 77
1.82638e-09 -1.8972e-08 1.97845e-07 152 156 159
-3.3459e-08 6.35424e-09 1.76932e-07 197 158 121
3.38888e-08 6.68827e-11 1.39589e-07 190 154 114
-3.97362e-08 -2.53837e-08 1.75775e-07 47 57 68
3.71078e-08 6.61869e-09 1.52312e-07 114 83 54
5.94788e-08 -3.56182e-08 2.19948e-07 193 159 122
1.56762e-07 2.28706e-08 1.21789e-07 166 132 100
3.88463e-08 -5.35274e-09 1.7222e-07 187 155 120
2.17434e-08 -2.36793e-08 1.59903e-07 190 132 89
4.10932e-08 -4.3196e-08 2.27529e-07 190 151 118
-4.3467e-08 2.77766e-08 1.49501e-07 216 180 138
-4.07635e-08 -1.05785e-08 1.75707e-07 26 24 26
3.50765e-08 -3.60017e-09 1.73778e-07 166 142 115
1.12536e-07 -5.46806e-08 1.85445e-07 182 186 188
1.57683e-08 -2.89065e-08 1.9462e-07 162 90 63
-4.87999e-08 -9.70561e-09 2.00032e-07 188 153 118
2.79597e-08 -7.59577e-09 1.80176e-07 187 152 115
9.57181e-10 -3.18499e-08 2.20597e-07 177 142 108
2.93616e-07 1.75235e-08 1.28005e-07 97 100 104
-3.28142e-08 7.70733e-10 1.79525e-07 200 167 127
1.29099e-08 -1.4918e-08 1.89193e-07 186 152 116
-1.28704e-08 -2.88866e-08 2.0806e-07 186 152 118
1.06522e-07 -1.84949e-08 1.80454e-07 176 142 108
7.96166e-08 -3.82274e-08 2.12138e-07 176 150 120
-8.10054e-08 1.82573e-08 1.6873e-07 204 164 126
2.83641e-08 -1.83506e-08 1.58234e-07 190 154 118
1.12345e-08 -5.11689e-09 1.82827e-07 192 152 114
1.2377e-07 -3.09427e-08 1.80179e-07 150 148 147
1.58234e-08 -9.2875e-10 1.76646e-07 194 158 119
-4.86536e-09 6.06557e-09 1.68253e-07 199 168 131
9.58391e-08 -5.23812e-08 1.84187e-07 186 190 197
1.28007e-07 -3.07011e-08 1.92304e-07 160 140 122
4.38561e-08 8.81409e-09 1.56177e-07 132 99 67
1.83839e-08 -8.82237e-09 1.88209e-07 180 138 98
1.10792e-08 -2.93103e-08 2.18428e-07 160 124 90
8.89238e-08 1.5001e-08 1.34468e-07 184 140 101
2.52007e-08 -1.01978e-09 1.73143e-07 187 152 115
-4.39257e-08 -1.11056e-08 2.00972e-07 122 94 68
-7.0633e-09 -3.51448e-08 1.9014e-07 185 150 116
1.70674e-08 -4.98231e-09 1.7744e-07 185 146 106
-4.20045e-08 -2.34487e-08 1.68637e-07 53 67 80
5.4822e-08 -4.45117e-08 2.2277e-07 170 176 186
-3.78796e-08 -4.67851e-10 1.85368e-07 39 42 48
2.80034e-08 1.97368e-08 1.42035e-07 199 158 113
2.47303e-08 -1.74042e-08 1.661e-07 156 64 33
-3.64636e-08 -2.30184e-09 1.90665e-07 18 16 15
1.13185e-07 -5.41277e-08 1.85826e-07 180 184 187
2.11376e-08 -1.86314e-08 1.76134e-07 252 175 87
-7.92391e-09 4.67445e-09 1.71068e-07 202 166 129
1.47746e-07 -2.94848e-08 1.82664e-07 140 154 164
5.1516e-08 5.95383e-09 1.38285e-07 87 64 59
3.26274e-07 3.84541e-08 1.57129e-07 163 131 100
3.44535e-07 1.78371e-08 1.47904e-07 96 106 110
1.98539e-08 -3.19387e-08 2.15721e-07 182 145 111
2.42661e-08 -2.56697e-08 1.99813e-07 167 113 82
1.36296e-08 -8.8701e-10 1.7875e-07 188 151 109
4.23707e-09 -3.08297e-08 1.87186e-07 166 104 79
6.16161e-08 -3.6604e-08 2.19956e-07 178 142 106
1.09508e-07 -3.58238e-08 1.97767e-07 156 166 174
1.62144e-08 9.22633e-09 1.56017e-07 200 166 129
-3.81096e-08 -1.58864e-08 1.66072e-07 206 174 134
3.93801e-08 -6.89485e-08 2.10707e-07 198 198 204
4.61515e-08 5.87895e-09 1.5759e-07 196 163 126
4.97041e-09 1.22155e-09 1.76177e-07 190 153 114
-2.02047e-09 -3.04384e-08 1.87996e-07 131 62 36
1.37462e-07 -1.87422e-08 1.69248e-07 164 130 95
3.42007e-08 2.11016e-08 1.43486e-07 200 159 116
3.50458e-08 -7.88886e-08 2.0255e-07 199 198 205
-4.30062e-09 1.97937e-08 1.54129e-07 198 156 116
2.63343e-07 2.27447e-08 1.35484e-07 144 104 72
-3.57868e-08 -5.5449e-09 1.90525e-07 30 26 23
3.1215e-08 -1.8957e-08 1.87207e-07 220 148 82
4.44665e-08 1.90555e-08 1.36952e-07 192 150 107
1.39735e-07 -1.88438e-08 1.71624e-07 164 129 96
1.14861e-07 2.69499e-08 1.16713e-07 181 142 106
3.61853e-08 -9.86736e-10 1.72921e-07 192 162 129
-4.37986e-08 -1.65876e-08 2.02448e-07 138 109 80
3.40062e-08 -8.2707e-09 1.72532e-07 17 45 73
-4.04188e-08 -2.47783e-08 1.72315e-07 48 61 73
1.44438e-08 -7.91648e-09 1.85519e-07 194 160 122
8.70978e-08 -5.31651e-08 1.90807e-07 186 188 193
1.27006e-07 -1.16738e-08 1.58557e-07 166 130 94
5.32422e-08 -3.06554e-08 1.90929e-07 182 144 108
1.35188e-07 -1.68907e-08 1.71706e-07 172 137 104
2.59641e-08 -3.09164e-08 2.18574e-07 182 144 112
2.05056e-09 4.89339e-09 1.69667e-07 188 148 112
2.25185e-08 -3.19522e-08 1.62789e-07 205 104 132
2.38653e-08 -8.68124e-09 1.83287e-07 187 153 117
1.52419e-07 2.11613e-08 1.19354e-07 167 134 98
-5.6844e-09 6.253e-09 1.65407e-07 202 169 132
1.93724e-08 -3.32687e-08 2.13127e-07 180 146 112
6.24354e-08 -5.21467e-08 2.11003e-07 191 193 199
-3.58095e-08 -1.9986e-08 1.6746e-07 49 61 72
5.4939e-09 -2.4745e-08 2.09599e-07 116 84 61
4.02121e-08 -2.51384e-08 2.03974e-07 170 139 104
-7.5713e-08 3.05099e-08 1.52208e-07 214 178 140
2.01255e-07 -1.52344e-08 1.56017e-07 136 101 72
3.31739e-08 1.19627e-08 1.54465e-07 196 161 123
8.95601e-08 -4.23938e-08 2.00974e-07 166 175 184
1.40257e-07 2.2966e-08 1.13287e-07 166 128 90
9.52854e-08 -5.73023e-08 1.87095e-07 188 192 198
1.76187e-08 1.11147e-08 1.58288e-07 196 162 124
1.60117e-07 -7.23768e-09 1.64276e-07 165 131 95
2.87258e-10 -2.28153e-08 1.99895e-07 120 90 64
2.35733e-08 1.67391e-08 1.50465e-07 198 164 124
1.31197e-07 -2.2849e-08 1.95556e-07 172 141 111
1.16149e-07 -1.93121e-08 1.86409e-07 170 135 104
-3.82529e-08 -1.77795e-08 2.12019e-07 190 156 120
2.13515e-08 -4.94735e-08 2.21645e-07 178 178 190
1.81856e-07 -3.18643e-09 1.52903e-07 154 120 86
3.09743e-08 1.38716e-08 1.51625e-07 192 149 107
5.0542e-09 -8.84939e-09 1.86513e-07 194 160 126
1.92673e-08 -2.96869e-09 1.80785e-07 187 147 106
-3.56003e-08 4.93262e-09 1.81774e-07 196 161 124
6.62841e-08 -6.31278e-08 1.95145e-07 193 194 201
1.36984e-07 -1.48142e-08 1.67204e-07 163 129 94
1.80851e-08 -8.65053e-09 1.89039e-07 179 136 98
1.79117e-08 -6.12657e-09 1.90413e-07 194 161 124
2.66464e-08 1.25933e-08 1.53312e-07 194 152 110
1.35386e-07 -1.33918e-08 1.69357e-07 178 146 112
5.318e-09 -1.24972e-08 1.91851e-07 187 150 114
1.34425e-07 -1.3347e-08 1.60914e-07 172 138 104
4.19487e-08 -3.3516e-09 1.71785e-07 188 156 118
1.24716e-07 -3.25278e-08 1.99386e-07 156 158 161
1.73064e-07 9.89032e-10 1.52432e-07 162 126 92
-4.46753e-08 -1.99092e-08 1.76244e-07 32 35 40
3.62904e-08 -1.88946e-08 1.93258e-07 131 100 73
2.24405e-07 8.95044e-09 1.39882e-07 140 104 71
-3.5901e-08 -1.41328e-08 2.09136e-07 123 94 66
1.50699e-07 -2.31452e-08 1.89002e-07 168 138 108
-4.47015e-08 -1.86065e-08 1.71765e-07 32 34 40
-3.92265e-08 -2.05335e-08 1.63471e-07 194 158 121
9.70115e-08 9.50619e-09 1.41964e-07 189 154 116
9.84831e-08 2.9617e-08 1.1585e-07 182 138 98
7.04679e-08 -1.37209e-09 1.61807e-07 193 162 124
-5.74223e-08 2.91023e-08 1.47992e-07 210 166 123
-3.44584e-08 -2.3909e-08 1.74058e-07 71 84 95
2.71697e-08 -2.56127e-08 2.00813e-07 184 146 110
1.38368e-07 -4.8554e-08 1.7928e-07 176 180 185
2.70492e-08 -3.13977e-08 1.64488e-07 122 52 69
4.52571e-08 -1.59603e-09 1.72022e-07 190 157 120
3.55023e-08 -1.67202e-08 1.95876e-07 151 84 58
-5.85843e-08 2.74347e-08 1.50574e-07 213 172 131
9.95021e-08 -5.84854e-08 1.93255e-07 192 194 200
-3.76472e-08 3.13273e-10 1.83162e-07 70 75 84
4.28912e-08 9.12908e-09 1.53885e-07 114 84 56
-3.14015e-08 -2.05121e-08 1.72499e-07 64 76 88
2.64075e-08 -8.23839e-09 1.83971e-07 187 153 117
-4.15822e-08 -1.55702e-08 1.74663e-07 29 28 32
2.34219e-07 2.37155e-08 1.38024e-07 159 126 93
2.39763e-08 1.5892e-08 1.51509e-07 201 166 127
5.94526e-08 -4.91572e-08 2.15261e-07 189 196 201
2.28405e-08 5.58676e-09 1.63339e-07 206 174 139
-4.15658e-08 -8.13258e-09 1.99736e-07 114 85 59
-3.72371e-08 -2.27259e-09 1.85631e-07 24 22 22
8.62716e-10 -2.53926e-08 1.85384e-07 186 150 118
3.19413e-08 7.34149e-09 1.39365e-07 175 148 90
1.2878e-07 1.43161e-08 1.2288e-07 175 143 111
2.85655e-08 -3.49852e-08 2.21093e-07 186 150 114
1.68422e-07 -2.00142e-08 1.65626e-07 157 126 97
8.05283e-09 -2.77068e-08 2.13007e-07 118 87 62
1.14949e-08 -2.59293e-09 1.77601e-07 188 149 106
-6.55794e-08 1.40827e-08 1.70234e-07 200 162 122
-3.54054e-08 -2.04955e-08 1.69201e-07 53 67 82
2.86295e-08 -2.64696e-08 2.02995e-07 168 118 87
1.20316e-07 -2.09534e-08 1.79652e-07 174 142 110
7.29984e-08 1.90358e-08 1.38264e-07 128 98 78
-4.4645e-08 -1.63355e-08 1.78358e-07 26 24 21
8.75375e-08 1.46799e-08 1.38454e-07 182 140 100
-8.02907e-09 -2.78819e-08 2.17165e-07 184 150 116
3.90226e-08 -4.82289e-08 2.30322e-07 180 181 190
3.73711e-08 -4.63259e-09 1.73266e-07 62 54 58
3.36189e-08 7.91353e-09 1.58296e-07 190 154 116
-3.57434e-08 -1.67236e-08 2.06743e-07 124 96 66
1.12115e-07 -3.7004e-08 1.92947e-07 160 172 183
-5.44665e-08 3.6817e-08 1.4047e-07 214 174 134
-3.78713e-08 -3.21886e-09 1.96513e-07 32 33 37
1.98756e-07 -7.21433e-09 1.59466e-07 158 128 96
1.51706e-07 -1.47134e-08 1.6771e-07 162 128 94
2.3055e-08 1.02002e-08 1.56328e-07 195 160 122
9.56504e-09 -9.27013e-09 1.94098e-07 183 148 112
4.32561e-08 -5.3904e-08 2.13603e-07 191 190 197
7.51433e-08 1.34579e-08 1.33662e-07 193 156 116
7.75967e-08 -4.86774e-08 2.03803e-07 188 190 196
1.29859e-07 -1.4067e-08 1.6385e-07 174 141 106
-4.38862e-08 -1.60769e-08 2.05333e-07 179 144 111
4.05281e-08 -5.9172e-08 2.18984e-07 194 193 198
1.26147e-07 2.84391e-09 1.46136e-07 174 140 102
-4.20143e-08 -2.33304e-08 1.71263e-07 52 66 77
1.04722e-07 -5.36302e-08 1.86948e-07 186 190 196
3.43632e-08 -5.19032e-09 1.73109e-07 16 43 70
1.69984e-07 2.77243e-08 1.2948e-07 180 146 112
4.27936e-08 1.09297e-08 1.51592e-07 113 82 54
1.13989e-07 -5.35224e-08 1.86565e-07 180 184 188
3.93276e-08 -5.14474e-08 2.20806e-07 186 189 196
-4.12531e-08 -5.71287e-09 1.88883e-07 30 31 33
7.17791e-09 -3.14807e-09 1.76783e-07 198 164 124
5.8859e-08 -6.5055e-08 1.9992e-07 196 196 203
-4.39328e-08 -2.78288e-09 1.87085e-07 48 54 60
-4.08463e-08 -7.37702e-10 1.81534e-07 30 33 38
1.56614e-07 -2.17387e-08 1.76166e-07 160 128 98
7.52807e-08 -3.44357e-08 2.16158e-07 180 144 108
-1.57179e-08 3.65091e-08 1.29577e-07 218 178 138
3.89789e-08 -1.83939e-08 1.93716e-07 127 99 73
1.34143e-07 -4.79846e-08 1.80189e-07 176 181 186
4.3053e-08 -4.68995e-08 2.24877e-07 172 177 188
2.99338e-08 -7.90646e-09 1.77462e-07 38 37 40
4.83861e-08 -5.88662e-08 2.17122e-07 196 195 202
2.13018e-08 -2.84381e-08 1.68184e-07 204 114 30
3.02417e-08 -4.31324e-08 2.27541e-07 188 150 114
4.97359e-09 4.14865e-08 1.15685e-07 216 172 122
3.79121e-08 2.43581e-09 1.61719e-07 193 158 122
6.74165e-08 2.66526e-08 1.26214e-07 200 161 121
1.83066e-08 2.76312e-08 1.36039e-07 199 157 112
5.63035e-08 -6.6232e-08 2.02327e-07 196 195 202
-3.90793e-08 -1.87786e-08 1.63832e-07 200 164 124
8.46886e-09 -2.87111e-08 1.89118e-07 162 98 70
-4.59238e-08 -6.45006e-09 1.94959e-07 183 146 110
-4.57239e-08 -1.95396e-08 1.71045e-07 34 38 44
2.9767e-08 -8.46984e-09 1.75736e-07 20 48 78
2.15236e-07 -8.33828e-09 1.62682e-07 157 126 96
1.38302e-07 -2.26084e-08 1.84452e-07 172 142 112
1.33596e-07 -2.18298e-08 1.85552e-07 178 147 117
6.7939e-08 -6.33419e-08 2.07933e-07 196 195 202
7.4258e-08 2.28781e-08 1.39519e-07 138 103 73
1.24595e-07 -1.525e-08 1.74389e-07 178 146 114
3.36287e-08 -1.03668e-08 1.69609e-07 82 76 70
7.78447e-08 1.50057e-08 1.37334e-07 190 152 110
1.50654e-07 1.44967e-08 1.20684e-07 163 132 101
4.18324e-08 -5.32001e-08 2.21468e-07 175 174 178
4.23141e-08 -2.29597e-08 1.97124e-07 147 116 86
4.46278e-08 -3.92936e-09 1.7165e-07 197 164 126
4.61078e-08 1.78533e-08 1.40504e-07 199 192 110
1.90964e-09 -1.96964e-08 1.90797e-07 188 151 115
2.496e-08 -1.99389e-09 1.74225e-07 196 162 126
-7.12913e-09 4.34475e-08 1.18885e-07 214 174 132
-3.50721e-08 3.93167e-08 1.31846e-07 220 180 140
3.26732e-07 3.63277e-09 1.67955e-07 99 109 114
3.19308e-08 1.9401e-09 1.69879e-07 195 162 126
5.84651e-08 -7.43365e-08 1.98459e-07 195 196 204
8.91781e-09 -7.17364e-09 1.90677e-07 192 158 124
-4.16983e-08 6.33325e-09 1.7636e-07 191 150 112
-4.40543e-08 -3.44253e-09 1.81241e-07 24 24 30
-5.50217e-09 -2.20076e-08 2.1057e-07 184 148 112
1.33503e-07 2.46426e-08 1.23095e-07 178 142 105
8.15416e-09 -2.95203e-08 2.25177e-07 176 138 104
3.98516e-08 -1.79376e-09 1.7071e-07 190 158 124
2.10697e-08 1.66259e-08 1.51998e-07 203 168 129
3.36269e-08 -1.91201e-09 1.93488e-07 194 166 132
-4.45397e-08 -2.04706e-08 1.73192e-07 40 50 60
1.38387e-07 -6.64933e-09 1.57151e-07 169 134 98
7.13062e-08 -2.87727e-09 1.65099e-07 192 158 121
1.00551e-08 -3.69752e-10 1.7382e-07 195 160 122
9.15796e-09 -6.23769e-09 1.81925e-07 192 154 114
3.24471e-08 -5.23295e-09 1.73568e-07 116 108 104
3.8693e-09 -2.80772e-08 2.17125e-07 178 142 108
2.08857e-10 -3.18521e-08 2.17685e-07 180 144 108
1.21187e-07 2.17798e-08 1.25059e-07 181 146 110
4.50186e-09 -1.53435e-08 1.93909e-07 209 204 198
-9.35893e-09 -2.29209e-08 2.09514e-07 184 148 114
5.99763e-09 -1.28572e-08 1.93204e-07 186 148 112
3.62839e-08 -6.59745e-08 2.09616e-07 199 198 204
-4.27288e-08 -1.89135e-09 1.85361e-07 43 50 58
5.78049e-08 6.148e-09 1.62385e-07 190 156 118
-3.66453e-09 5.48406e-09 1.69987e-07 203 166 130
1.31248e-07 -5.58675e-10 1.52398e-07 170 135 98
1.63704e-08 -1.40511e-08 1.85491e-07 172 142 114
3.93226e-08 1.20453e-08 1.54389e-07 195 160 122
1.61599e-08 -2.04157e-08 1.64708e-07 29 64 91
1.82439e-07 2.25151e-08 1.36729e-07 173 140 104
8.78736e-08 1.77361e-09 1.47069e-07 182 148 110
-3.56709e-08 4.68284e-08 1.20167e-07 208 164 120
-8.286e-09 -8.13528e-10 1.77914e-07 195 158 121
2.41315e-08 -1.91253e-08 1.73884e-07 210 109 46
1.02344e-07 -4.25091e-08 1.91036e-07 177 185 192
4.18563e-08 3.15225e-08 1.24171e-07 200 157 112
4.06896e-08 5.18304e-09 1.61506e-07 198 168 129
2.10324e-08 3.47431e-08 1.23017e-07 208 166 120
-4.08578e-08 -9.62247e-09 1.97224e-07 114 85 60
-5.09897e-08 -8.1101e-09 1.96987e-07 193 163 128
-8.28307e-08 2.01471e-08 1.69322e-07 200 156 118
9.10802e-09 -1.61786e-08 1.92225e-07 191 155 119
4.78238e-08 8.937e-09 1.64472e-07 194 160 123
4.26047e-08 9.58219e-09 1.52757e-07 114 82 54
-3.34672e-08 3.7063e-08 1.31995e-07 218 177 136
-3.49687e-08 -1.7178e-08 2.04911e-07 126 98 70
-3.51791e-08 -1.54636e-08 2.06607e-07 120 91 64
4.15745e-08 2.17152e-08 1.41565e-07 223 250 250
2.83314e-08 -1.97201e-08 1.61744e-07 201 147 97
2.22854e-09 9.73646e-10 1.74955e-07 197 160 122
-3.30945e-08 4.27482e-09 1.74004e-07 196 160 122
4.34407e-08 3.25162e-08 1.22571e-07 198 155 108
2.57001e-08 1.06414e-09 1.78423e-07 190 150 110
5.96457e-08 -3.56499e-08 2.19194e-07 193 160 122
2.47111e-08 -3.16082e-08 1.60581e-07 104 18 29
3.23649e-08 5.02967e-09 1.34435e-07 62 35 25
4.67284e-08 3.77759e-08 1.16355e-07 204 162 118
-4.27068e-08 -1.34307e-08 2.04059e-07 130 102 72
8.21467e-08 -4.74721e-08 2.06219e-07 168 170 172
-3.64457e-09 -2.81654e-08 2.15401e-07 190 156 122
7.85156e-08 -4.83323e-08 2.05929e-07 188 191 194
1.43171e-07 1.73367e-08 1.25066e-07 170 138 105
3.38114e-08 -1.71462e-08 1.93065e-07 198 108 56
1.46342e-07 1.51268e-08 1.28239e-07 176 143 108
1.47074e-07 -1.29107e-08 1.6801e-07 166 131 96
1.90254e-08 -4.55143e-09 1.77345e-07 186 148 107
2.69814e-08 -1.52977e-08 1.71919e-07 29 46 62
-4.23293e-08 -9.31108e-09 1.77172e-07 24 20 19
8.58395e-09 -3.1432e-08 2.02084e-07 100 46 24
1.79378e-08 -1.05015e-08 1.86357e-07 186 146 109
9.55212e-09 -9.89359e-09 1.90936e-07 184 150 114
3.2773e-08 3.55008e-08 1.18646e-07 208 164 118
-1.26363e-09 -1.87059e-08 2.03494e-07 194 162 126
1.36904e-07 3.38575e-08 1.22695e-07 178 138 100
9.40859e-10 -1.8413e-08 1.96106e-07 90 94 94
2.21605e-08 -2.58491e-08 1.7166e-07 128 63 19
1.16646e-07 -4.2255e-08 1.89766e-07 161 167 173
6.88644e-08 -2.46827e-09 1.64505e-07 188 154 118
3.35415e-08 3.53232e-09 1.62474e-07 198 165 128
1.69051e-07 -1.30252e-08 1.74827e-07 166 130 97
2.0011e-08 1.94933e-08 1.43889e-07 202 161 117
8.87177e-08 1.03993e-08 1.48337e-07 197 164 126
7.3538e-08 -5.75706e-08 1.92338e-07 189 192 198
-1.19933e-08 3.50134e-08 1.31713e-07 204 166 125
5.60294e-08 -2.6879e-08 1.94587e-07 178 140 104
2.4488e-07 2.31792e-08 1.3479e-07 155 121 90
3.38686e-08 -1.46193e-08 1.66413e-07 235 110 50
-6.65521e-08 7.84331e-09 1.804e-07 185 145 106
1.30399e-07 -1.05762e-08 1.48302e-07 166 131 96
7.47371e-08 1.10017e-08 1.46e-07 160 124 92
7.97012e-08 -3.1443e-09 1.63531e-07 194 164 127
9.83376e-08 8.141e-09 1.44143e-07 181 145 108
1.48111e-07 -7.17982e-09 1.62333e-07 164 128 93
6.28486e-09 -3.00535e-08 2.15002e-07 166 130 96
3.34617e-08 6.80999e-09 1.43614e-07 117 88 58
-4.3891e-08 -2.15036e-08 1.7115e-07 47 58 69
9.97989e-08 2.33628e-08 1.367e-07 194 158 118
-3.74504e-09 -1.72651e-08 2.05702e-07 196 162 124
4.56108e-09 -3.13978e-08 1.90553e-07 162 97 72
-2.99824e-09 4.23606e-08 1.17569e-07 217 176 131
-4.26123e-08 -2.17621e-08 1.69899e-07 53 66 80
3.04222e-08 -4.59695e-08 2.41284e-07 179 142 104
1.51396e-07 -2.82663e-08 1.76461e-07 136 146 155
5.26178e-08 1.1024e-08 1.58453e-07 126 94 66
1.0325e-09 -2.32627e-08 1.9942e-07 120 90 65
-4.28489e-08 4.7357e-09 1.79055e-07 186 146 104
6.30618e-09 -5.69571e-09 1.85452e-07 194 158 122
-8.14757e-08 2.91047e-08 1.53254e-07 212 177 139
-7.52067e-09 1.98733e-08 1.53117e-07 200 160 119
-3.91571e-08 -7.36267e-09 1.93027e-07 39 37 37
1.06228e-08 -2.65354e-08 2.12356e-07 121 89 65
1.61528e-07 2.49406e-08 1.24433e-07 173 140 107
1.6816e-07 -5.55407e-11 1.15379e-07 106 112 116
1.5577e-07 1.28998e-08 1.28838e-07 172 140 106
-7.90501e-08 2.71417e-08 1.50603e-07 216 181 143
8.76978e-08 -3.75238e-09 1.68385e-07 188 154 118
-3.76224e-08 -1.87987e-08 1.68242e-07 53 67 80
3.24951e-08 1.16936e-08 1.58466e-07 195 161 124
-3.21309e-08 3.89731e-08 1.279e-07 214 169 124
1.15589e-07 -5.02726e-08 1.77515e-07 182 186 192
2.02658e-09 -2.71091e-08 2.14663e-07 188 153 118
-4.20078e-08 -2.58206e-08 1.69882e-07 50 64 76
-3.77398e-08 -4.89408e-09 1.9502e-07 30 32 34
4.37312e-08 7.46714e-09 1.56157e-07 162 132 96
-5.66571e-08 2.91138e-08 1.49186e-07 213 170 126
-4.34764e-08 -2.21648e-08 1.72306e-07 47 58 70
9.10426e-08 2.98671e-08 1.20461e-07 181 136 96
3.26121e-08 -1.75286e-08 1.96647e-07 156 131 110
1.4162e-07 8.56185e-09 1.16796e-07 162 134 105
1.29332e-08 -2.51663e-09 1.76917e-07 190 151 110
1.00111e-07 -3.11497e-08 1.98984e-07 180 148 115
-5.5595e-09 4.45055e-09 1.7168e-07 188 152 112
1.32071e-07 -5.87568e-09 1.60329e-07 177 142 106
-3.78748e-08 -1.78383e-08 1.72139e-07 48 62 75
-5.30542e-09 9.36178e-09 1.66016e-07 196 158 121
1.08431e-07 -4.20419e-08 1.96503e-07 174 182 188
1.19309e-07 1.13973e-08 1.46909e-07 184 146 108
-6.54182e-08 -4.62222e-09 1.94469e-07 192 155 119
2.89379e-08 2.12331e-08 1.53768e-07 198 162 122
1.73891e-08 1.72145e-08 1.5128e-07 200 166 126
2.44882e-08 -2.7564e-09 1.75159e-07 194 158 122
1.98218e-08 -4.14366e-08 2.29552e-07 176 139 105
3.51802e-08 -5.85373e-09 1.86002e-07 188 152 116
6.98079e-08 -6.05716e-08 1.93228e-07 194 196 202
-4.03064e-08 -1.15208e-08 2.00674e-07 116 88 62
-3.98576e-08 -1.72067e-08 2.03979e-07 122 94 66
-3.99e-08 -8.72057e-09 1.95646e-07 112 84 58
3.21897e-08 3.03518e-09 1.38954e-07 184 152 120
2.16948e-08 -8.80733e-09 1.86642e-07 190 150 114
1.3867e-07 -2.15078e-08 1.85188e-07 175 146 116
2.07624e-08 2.70575e-08 1.36435e-07 208 168 124
-4.02317e-08 -1.0163e-08 1.86993e-07 28 26 22
-4.54522e-08 2.73413e-08 1.47933e-07 220 182 142
5.70991e-08 -6.55766e-08 2.0249e-07 198 198 205
1.80063e-07 4.11777e-09 1.10215e-07 82 85 88
8.87498e-08 1.99266e-08 1.38235e-07 195 160 120
2.11436e-08 -2.46128e-08 1.59103e-07 214 156 115
-3.09196e-08 4.15504e-08 1.31049e-07 222 181 138
-3.01658e-08 5.63098e-09 1.75595e-07 196 162 124
-3.38257e-08 3.79914e-08 1.3033e-07 218 182 139
2.4022e-08 -3.44205e-08 1.59381e-07 107 28 44
-1.65591e-08 3.60934e-08 1.27511e-07 221 188 145
1.70272e-07 -2.42147e-08 1.72003e-07 140 134 132
1.77445e-09 -2.15298e-08 2.04367e-07 164 130 96
1.46957e-07 4.1674e-09 1.47944e-07 178 144 106
1.46229e-08 -1.54669e-08 1.92354e-07 192 160 126
4.39522e-08 3.12044e-08 1.24044e-07 198 154 110
8.91246e-09 -5.6925e-09 1.85329e-07 192 156 120
8.39358e-08 -4.26959e-08 2.04179e-07 172 182 192
-4.12276e-08 -2.21831e-08 1.71518e-07 56 68 82
2.93301e-08 7.9495e-09 1.56913e-07 198 164 128
3.92187e-08 8.02732e-09 1.61574e-07 198 164 126
-4.3093e-08 -1.40463e-08 2.06848e-07 182 148 113
2.34046e-07 8.691e-09 1.40347e-07 140 102 70
-4.17967e-08 -2.01176e-08 1.72513e-07 50 60 74
2.39194e-08 -2.3037e-08 1.58202e-07 230 168 124
7.43413e-08 -9.3164e-09 1.16135e-07 170 139 108
3.91908e-08 -4.6792e-08 2.27363e-07 170 174 183
6.17244e-09 -2.51802e-08 2.05903e-07 119 87 64
1.63152e-07 2.63076e-08 1.21289e-07 168 133 98
-4.46131e-08 -6.0417e-09 1.95716e-07 173 138 104
4.26266e-09 -4.47024e-11 1.76533e-07 188 150 112
3.37822e-08 -1.82542e-08 1.90347e-07 210 136 78
1.63829e-07 1.99949e-08 1.32502e-07 172 138 102
1.1865e-07 -2.94052e-08 1.87604e-07 176 146 116
-5.84453e-08 2.863e-08 1.49095e-07 209 164 122
-7.8778e-08 3.00535e-08 1.53079e-07 216 180 142
-4.29855e-08 -1.83876e-08 1.7626e-07 33 37 42
6.39518e-08 -3.89949e-08 2.19531e-07 185 152 118
1.46304e-07 1.05522e-08 1.35658e-07 173 139 102
-3.52149e-08 -3.55557e-09 1.90485e-07 16 13 10
1.33316e-07 2.24127e-08 1.18854e-07 162 128 91
-5.97629e-08 3.15326e-08 1.4646e-07 219 178 139
3.47301e-09 -2.27834e-08 2.06793e-07 125 92 68
2.59908e-08 -1.72913e-08 1.91235e-07 34 52 74
-2.36421e-08 -2.42189e-08 2.01617e-07 192 160 122
2.05976e-08 -3.81454e-08 2.21674e-07 192 156 122
2.36499e-08 1.30413e-08 1.58283e-07 196 160 122
-4.32871e-08 -1.75694e-08 1.68047e-07 42 52 60
1.78608e-07 -1.62327e-08 1.67413e-07 159 128 98
7.91344e-08 2.68869e-08 1.22028e-07 187 142 100
5.21758e-08 -6.16055e-08 1.96149e-07 198 198 204
4.60669e-08 7.47747e-09 1.56083e-07 158 126 92
1.04549e-07 -4.45652e-08 1.92293e-07 180 186 193
3.04455e-08 2.02577e-08 1.41104e-07 198 156 112
9.20487e-08 -3.97103e-08 2.02011e-07 167 178 186
1.04107e-08 -1.86429e-08 2.06506e-07 122 90 62
7.01139e-08 8.40586e-09 1.52697e-07 193 159 120
-3.95247e-08 -1.72178e-08 1.69735e-07 50 62 74
2.02583e-07 1.36352e-08 1.27005e-07 144 108 74
7.83965e-09 -1.28025e-08 1.93983e-07 187 150 114
-3.56201e-08 1.08556e-08 1.688e-07 205 168 128
7.44917e-09 -1.45906e-08 1.92033e-07 191 155 119
1.36141e-07 -5.69103e-09 1.67295e-07 173 138 102
4.91432e-08 2.24268e-08 1.30159e-07 198 157 114
5.61785e-08 -5.57139e-08 2.06354e-07 193 194 200
3.46358e-08 2.56918e-09 1.70245e-07 194 160 124
-5.43062e-08 -9.21096e-09 2.01068e-07 192 158 123
1.31525e-07 -3.18324e-08 1.86869e-07 144 156 170
5.23172e-08 -2.23728e-08 1.68159e-07 204 150 116
-4.22e-08 -3.87934e-09 1.95784e-07 54 45 38
1.5092e-07 1.857e-08 1.18492e-07 164 131 98
-7.82664e-08 5.86418e-09 1.84024e-07 194 156 120
9.22079e-09 2.57008e-08 1.36832e-07 208 168 125
2.94182e-08 -2.04713e-08 1.92598e-07 129 100 74
2.8379e-08 -3.25068e-09 1.88899e-07 192 161 123
-4.13962e-08 -2.47782e-08 1.68991e-07 50 62 75
-4.98044e-08 -7.02827e-09 1.97436e-07 198 168 132
2.3753e-07 -4.38466e-09 1.64988e-07 152 120 90
4.36772e-08 3.7988e-08 1.1593e-07 206 166 118
1.22239e-07 -5.58717e-08 1.8923e-07 182 185 189
2.88505e-08 2.17334e-08 1.43923e-07 202 160 116
2.16094e-08 3.10491e-08 1.28418e-07 205 164 116
2.48556e-08 -3.42125e-08 2.06305e-07 186 152 116
9.08099e-08 -3.18813e-08 1.97374e-07 158 117 90
-4.14477e-08 -1.00946e-08 1.97816e-07 117 88 63
1.03006e-07 -5.34567e-08 1.91426e-07 188 191 198
2.91908e-08 -8.61866e-09 1.83333e-07 190 156 120
3.46729e-08 2.11474e-08 1.38835e-07 198 154 112
-2.5366e-08 3.98337e-08 1.30893e-07 218 178 136
7.73775e-08 -7.01537e-09 1.69907e-07 191 159 121
-3.90544e-08 -1.54909e-08 1.89736e-07 82 64 44
3.56857e-08 1.82131e-09 1.71602e-07 188 155 120
-4.12452e-08 -1.95884e-08 1.68935e-07 50 64 77
-3.30682e-09 4.24836e-08 1.19039e-07 220 178 132
2.27239e-07 7.45667e-09 1.48808e-07 156 122 89
2.67038e-08 1.60229e-08 1.4695e-07 202 166 122
-8.3009e-08 1.57489e-08 1.72285e-07 194 153 114
1.92279e-08 -3.1159e-08 2.10948e-07 150 103 75
1.81688e-09 7.17464e-10 1.76663e-07 190 152 114
-2.46895e-09 -2.87364e-08 2.17414e-07 181 145 111
-4.01479e-08 2.49662e-10 1.93979e-07 34 36 40
-4.37144e-09 1.74677e-08 1.54812e-07 200 157 117
-3.6517e-08 3.1552e-09 1.66553e-07 199 162 123
-2.59153e-08 4.05021e-09 1.79278e-07 208 176 138
8.29465e-08 -3.81293e-08 2.1052e-07 168 150 136
3.66406e-08 7.12725e-09 1.51726e-07 112 80 52
2.22954e-08 -4.73797e-08 2.30224e-07 158 138 124
4.39747e-09 5.40087e-09 1.67866e-07 191 153 117
-4.32261e-08 -1.90422e-08 1.7552e-07 36 44 50
2.29095e-08 -1.73278e-08 1.74336e-07 121 88 66
9.54102e-08 2.15434e-08 1.263e-07 185 144 105
7.49519e-09 -2.98488e-08 2.13249e-07 151 115 86
1.34512e-07 2.91618e-08 1.18058e-07 170 128 91
-4.67129e-08 2.9695e-08 1.45585e-07 220 185 146
1.22456e-07 7.59005e-10 1.46468e-07 175 142 104
1.07129e-07 -7.36578e-10 1.64496e-07 182 146 110
3.53257e-11 -2.32743e-08 1.94248e-07 170 150 111
9.52876e-08 -7.83913e-09 1.6742e-07 176 142 106
-7.47414e-09 1.69867e-08 1.56362e-07 198 156 116
-3.39137e-08 4.12471e-08 1.29587e-07 212 170 128
-4.3692e-08 -2.04213e-08 1.78954e-07 32 34 38
1.67283e-08 -2.06334e-09 1.76968e-07 188 148 110
4.20604e-08 2.25835e-09 1.55535e-07 194 164 126
2.69036e-09 -4.39039e-09 1.8229e-07 192 158 121
-6.39195e-08 -5.03968e-09 1.97384e-07 186 148 112
-2.3536e-08 1.98576e-08 1.55987e-07 202 162 120
1.60452e-07 6.73142e-09 1.47038e-07 175 140 104
-6.34077e-08 1.27536e-08 1.71949e-07 196 156 118
2.4008e-08 -3.10004e-08 2.14858e-07 154 108 79
-1.31901e-08 7.53141e-09 1.68571e-07 196 160 124
2.42585e-08 -6.20881e-09 1.80479e-07 196 162 127
-3.67866e-09 5.98252e-09 1.71779e-07 196 162 124
-5.42944e-08 -3.82304e-09 1.90894e-07 186 152 116
6.50852e-08 1.93484e-08 1.34879e-07 194 152 110
1.60738e-08 5.71192e-09 1.66273e-07 198 164 127
1.18852e-08 2.7073e-08 1.33654e-07 219 186 146
-4.19565e-08 -2.38391e-08 1.68319e-07 53 67 80
2.15974e-08 -6.01454e-09 1.8161e-07 193 158 124
1.1436e-07 -1.29218e-08 1.79436e-07 170 130 96
4.15463e-08 -4.67861e-08 2.20584e-07 175 180 192
9.53852e-08 -5.35726e-08 2.05316e-07 189 193 198
-4.12585e-08 4.18805e-09 1.79873e-07 191 151 109
5.67781e-08 1.92269e-08 1.37219e-07 198 160 116
1.25015e-07 -8.97226e-09 1.65583e-07 172 137 103
-9.45238e-09 4.99941e-09 1.73485e-07 201 164 126
1.16996e-08 1.21887e-08 1.60051e-07 197 161 125
1.47962e-07 7.93864e-10 1.1301e-07 82 84 86
2.74066e-08 -5.00066e-08 2.33142e-07 179 181 191
2.6864e-08 -9.03507e-09 1.8375e-07 191 157 121
-2.17757e-10 2.68688e-10 1.76898e-07 192 156 118
1.97251e-08 3.30758e-08 1.27931e-07 218 187 148
-4.464e-08 -1.58549e-09 1.89644e-07 59 59 60
-4.2174e-08 7.04952e-09 1.76247e-07 190 149 112
-5.64074e-08 4.07693e-08 1.38503e-07 220 182 145
-4.4854e-08 -1.47878e-08 1.79666e-07 25 20 18
4.49089e-09 -7.09864e-09 1.90129e-07 194 160 122
-3.85164e-08 -1.92483e-08 1.68388e-07 54 68 82
3.81665e-08 -1.84885e-08 1.95182e-07 128 100 74
1.01431e-07 -5.21197e-08 1.89238e-07 184 188 195
-4.6961e-08 -1.56202e-08 2.02715e-07 192 158 122
-5.84208e-08 3.57283e-08 1.38999e-07 218 178 138
2.83271e-08 -2.28968e-08 1.5964e-07 195 160 143
7.02055e-08 3.39796e-09 1.54641e-07 188 154 116
-5.06362e-08 -7.46149e-09 1.94676e-07 196 166 132
3.18661e-08 1.81009e-08 1.54987e-07 196 158 116
1.39471e-08 -4.1954e-08 2.24714e-07 176 140 106
5.72284e-08 -3.88732e-08 2.27469e-07 182 146 110
3.303e-08 7.34936e-09 1.59332e-07 198 162 126
1.39437e-07 -1.86294e-08 1.79564e-07 168 134 101
1.00655e-07 -4.42278e-08 1.9359e-07 159 164 168
1.23555e-07 -7.1303e-09 1.62166e-07 168 132 97
3.60686e-08 9.77568e-09 1.53122e-07 195 160 121
3.52935e-08 1.65006e-09 1.66045e-07 187 152 116
1.19532e-07 2.30455e-08 1.18789e-07 174 134 98
-1.13087e-08 4.36352e-08 1.19054e-07 216 175 132
-3.58893e-08 -2.35589e-08 1.74275e-07 63 77 90
4.26215e-08 -1.75988e-08 1.94118e-07 124 100 74
-4.30125e-08 -2.46334e-08 1.72586e-07 47 58 69
-4.30347e-08 -2.04379e-08 1.75158e-07 42 54 64
-3.9963e-08 -1.32396e-08 1.69024e-07 202 166 126
2.21346e-08 -2.14404e-08 1.69633e-07 104 45 28
-4.15115e-08 -1.9765e-08 1.75859e-07 44 54 66
7.30512e-09 -1.43929e-08 1.93251e-07 192 155 119
3.44773e-08 -4.85284e-08 2.29309e-07 178 180 190
6.42522e-08 -6.04175e-08 2.00037e-07 194 194 201
4.16629e-08 -2.65157e-08 2.05105e-07 186 154 120
3.53958e-08 2.5931e-08 1.35686e-07 204 167 124
-3.32153e-08 3.91584e-08 1.28427e-07 214 168 124
1.01959e-07 -2.32106e-09 1.17467e-07 168 138 108
2.88618e-08 7.69103e-09 1.46006e-07 114 82 52
6.69961e-08 -2.57231e-08 1.99655e-07 178 139 103
9.61869e-09 -3.33465e-08 2.07984e-07 186 150 116
1.5407e-07 1.71324e-08 1.21646e-07 168 138 106
6.65318e-08 2.14163e-08 1.35841e-07 200 160 117
3.3507e-08 5.35514e-09 1.61566e-07 192 158 121
-4.43317e-08 3.12356e-08 1.43661e-07 224 188 151
1.03285e-07 -1.41182e-08 1.72921e-07 170 132 97
1.79177e-08 4.14905e-09 1.67498e-07 196 161 124
1.02809e-08 2.81613e-08 1.34743e-07 211 176 138
2.82981e-08 7.52184e-09 1.61359e-07 200 168 130
-4.11463e-08 4.73578e-10 1.89419e-07 20 20 23
3.2676e-08 3.82898e-08 1.21377e-07 212 170 124
1.17978e-07 -2.46657e-08 1.91326e-07 174 143 112
1.30169e-07 -4.74923e-08 1.93231e-07 182 186 193
-7.02991e-10 2.3325e-08 1.52877e-07 207 172 130
2.17345e-08 1.47125e-09 1.69788e-07 192 156 120
2.59189e-07 -1.4298e-09 1.46345e-07 99 109 115
-1.35038e-08 2.07892e-08 1.51587e-07 202 158 116
1.03536e-07 1.6736e-08 1.34486e-07 180 140 100
1.87141e-08 2.25566e-08 1.39929e-07 206 172 133
5.9759e-08 4.52049e-09 1.58854e-07 192 159 122
2.55917e-08 -4.82748e-08 2.29954e-07 171 174 184
6.08243e-08 3.23601e-08 1.17859e-07 195 156 112
3.68896e-08 -6.36319e-08 2.14715e-07 196 194 198
2.24753e-08 1.93981e-08 1.46612e-07 202 160 117
-4.48639e-08 -1.85432e-08 1.77408e-07 26 24 25
2.17132e-08 -3.56264e-09 1.76073e-07 188 148 110
-4.57421e-08 2.62823e-08 1.52472e-07 216 182 144
-2.77126e-08 1.56995e-08 1.61963e-07 208 174 134
2.39361e-09 5.39187e-09 1.69115e-07 194 154 118
-8.0952e-08 3.01645e-08 1.53353e-07 212 178 140
9.36553e-09 -2.81317e-08 2.11797e-07 120 88 62
1.41402e-07 3.74011e-09 1.3991e-07 168 134 98
2.30433e-08 1.07444e-08 1.58383e-07 196 162 128
3.13856e-07 2.29713e-08 1.35275e-07 92 99 102
4.6284e-08 -4.54951e-08 2.12524e-07 162 167 174
-3.03503e-09 -5.41713e-09 1.8419e-07 194 158 122
-4.27485e-08 -1.56874e-08 1.72599e-07 29 28 32
7.64622e-08 -4.16744e-08 2.10092e-07 166 175 184
-4.28911e-08 -2.12424e-08 1.71304e-07 47 60 72
-9.21709e-10 -3.39508e-09 1.84386e-07 201 170 134
-7.32205e-09 4.09046e-08 1.20888e-07 218 174 130
3.19443e-08 -1.42253e-08 1.65601e-07 218 97 41
1.02737e-07 -6.05501e-08 1.9346e-07 188 190 196
-3.82095e-08 7.38741e-09 1.74577e-07 193 152 114
-3.72783e-08 -1.4622e-08 1.7057e-07 48 60 72
1.33697e-07 2.60125e-09 1.13081e-07 144 109 74
-3.47095e-08 -1.53249e-08 2.1552e-07 172 138 104
5.0617e-08 -1.99889e-09 1.68658e-07 193 158 120
-2.41958e-09 -2.91923e-08 2.15993e-07 180 144 112
-3.20674e-08 3.91843e-08 1.31611e-07 218 180 139
4.74177e-09 1.17769e-09 1.73336e-07 198 160 122
2.0713e-08 -7.24889e-09 1.8322e-07 193 161 129
-3.83022e-08 -1.92241e-08 2.0796e-07 191 160 124
1.46356e-08 1.24384e-08 1.56544e-07 195 156 118
4.09413e-08 6.43244e-09 1.5651e-07 192 158 120
5.46913e-08 1.83876e-09 1.62543e-07 193 159 122
1.72662e-07 -1.87487e-09 1.61841e-07 166 130 95
2.13529e-08 -1.69622e-08 1.75499e-07 138 92 57
8.00385e-09 -4.47225e-09 1.78251e-07 187 145 106
1.33567e-07 -4.17208e-09 1.51652e-07 166 129 93
3.40974e-08 3.85172e-08 1.16099e-07 202 157 107
-2.14974e-08 3.70175e-08 1.3157e-07 220 180 138
6.85779e-08 5.47046e-09 1.58043e-07 190 156 119
4.54705e-08 2.4581e-08 1.36343e-07 194 156 114
-3.46057e-08 4.00816e-08 1.30285e-07 220 180 138
3.18748e-08 -6.82921e-08 2.10583e-07 196 193 196
1.74995e-07 1.3327e-08 1.40952e-07 170 136 102
1.68721e-07 -3.03569e-09 1.51459e-07 161 127 92
4.41656e-08 2.15058e-08 1.39955e-07 190 149 106
2.20342e-08 -2.24997e-08 1.68894e-07 34 42 48
-1.17476e-08 4.45968e-08 1.18507e-07 210 168 124
1.62026e-07 -1.80711e-08 1.70179e-07 167 136 105
9.94686e-08 8.94189e-09 1.41581e-07 190 155 117
-8.65786e-09 3.57113e-08 1.29044e-07 214 177 134
1.85939e-07 -1.69802e-08 1.62497e-07 158 128 100
3.04419e-08 -4.88541e-08 2.27467e-07 177 179 189
-8.35732e-09 8.73483e-09 1.70206e-07 204 170 134
1.17167e-07 -5.74842e-08 1.95545e-07 187 191 197
1.96946e-07 -9.25259e-09 1.75164e-07 160 128 96
-4.30863e-08 6.1543e-09 1.7669e-07 194 153 114
1.35399e-07 -1.11263e-08 1.5602e-07 162 127 92
1.36973e-07 8.54557e-09 1.28839e-07 170 138 102
2.52358e-08 3.74701e-09 1.65687e-07 192 158 122
-3.85646e-08 -1.72731e-08 2.04614e-07 123 94 65
2.80469e-07 2.56948e-08 1.38448e-07 143 104 72
5.62953e-09 1.53563e-09 1.75266e-07 195 158 120
-8.94146e-09 4.1108e-08 1.20394e-07 217 176 132
1.52585e-08 2.03872e-08 1.49469e-07 200 158 116
5.68531e-08 -2.98234e-08 1.9706e-07 184 147 111
1.40807e-09 3.62388e-08 1.25036e-07 218 180 138
-7.25945e-08 3.90013e-08 1.38171e-07 212 170 134
-8.11972e-08 1.91021e-08 1.69042e-07 200 160 121
-2.4687e-08 3.47639e-08 1.3126e-07 220 180 137
5.17538e-08 2.46848e-08 1.32627e-07 193 154 110
-4.10496e-08 -1.64702e-08 2.06401e-07 150 118 88
1.63966e-09 2.82454e-08 1.53893e-07 198 156 113
-4.06233e-08 -1.8295e-08 1.65281e-07 62 66 76
5.11681e-08 9.7689e-10 1.63319e-07 194 161 124
6.63453e-08 2.06419e-08 1.36957e-07 190 148 109
2.01293e-08 -8.54802e-09 1.84735e-07 186 151 116
-8.25914e-08 1.85695e-08 1.6791e-07 200 156 118
3.76924e-08 4.52158e-10 1.68733e-07 194 161 124
-4.58966e-08 6.58164e-09 1.79036e-07 184 142 101
-5.63276e-08 4.48866e-08 1.27796e-07 210 166 126
1.89415e-08 3.02872e-08 1.24694e-07 216 186 144
2.5279e-08 6.2885e-09 1.6229e-07 200 170 132
2.34772e-07 -1.64788e-10 1.63764e-07 152 120 90
4.60507e-08 1.8846e-08 1.37201e-07 191 148 106
1.83018e-07 -1.25191e-09 1.66256e-07 163 127 92
8.59694e-08 -4.51626e-08 1.95346e-07 178 180 183
-5.21859e-08 3.71642e-08 1.41773e-07 220 179 138
1.92132e-08 -3.7374e-08 2.19087e-07 189 153 118
3.2884e-08 4.57954e-10 1.69224e-07 186 152 116
3.33371e-08 1.19135e-09 1.66662e-07 190 154 118
1.57289e-07 -1.1942e-08 1.77289e-07 170 138 105
-4.67134e-08 2.19289e-09 1.84074e-07 192 152 111
6.28915e-08 -6.30347e-08 1.91092e-07 190 192 196
5.34405e-09 4.4176e-08 1.16973e-07 218 175 124
4.25357e-08 -8.62266e-10 1.71155e-07 188 156 122
-5.61793e-08 4.13232e-08 1.28621e-07 218 182 146
1.60689e-08 3.00064e-08 1.37042e-07 215 184 143
1.68234e-07 1.37921e-08 1.34563e-07 164 133 98
-3.46471e-08 3.84392e-09 1.74141e-07 196 160 122
-7.16607e-08 3.65237e-08 1.41088e-07 215 174 137
1.58168e-07 -4.78517e-08 1.83899e-07 173 178 182
1.78447e-08 3.89558e-08 1.20576e-07 219 184 140
1.16063e-07 1.71909e-08 1.29474e-07 176 142 105
9.24056e-08 2.07904e-08 1.3214e-07 192 154 114
1.5123e-09 3.72501e-08 1.25379e-07 214 176 133
2.08221e-08 -4.6789e-08 2.34298e-07 182 141 102
1.74013e-08 -4.27571e-08 2.29522e-07 182 146 112
2.05397e-08 -3.01502e-08 2.17022e-07 185 150 116
2.95154e-09 -7.38371e-09 1.85483e-07 193 158 122
-2.5219e-08 2.75297e-08 1.44183e-07 215 178 136
-2.69176e-08 2.68506e-09 1.80274e-07 199 166 128
1.05721e-07 -5.33283e-08 1.93877e-07 187 190 198
4.78124e-08 -7.0902e-08 2.05532e-07 198 196 204
8.9524e-08 -5.87635e-08 1.82029e-07 186 190 196
1.84971e-07 -1.51537e-08 1.66493e-07 156 124 94
1.99792e-07 -1.56451e-08 1.64196e-07 156 124 98
2.60922e-08 3.31874e-08 1.25611e-07 216 184 142
2.21131e-08 -4.28813e-09 1.77202e-07 190 152 114
-5.00155e-08 2.32344e-08 1.57707e-07 207 164 122
9.16738e-08 1.97036e-08 1.33271e-07 192 156 116
-4.37295e-08 1.35415e-08 1.67003e-07 203 165 127
1.43322e-08 1.93482e-08 1.47032e-07 200 158 116
4.63217e-08 -3.266e-08 2.17351e-07 182 144 108
8.82416e-08 -6.76111e-10 1.56811e-07 183 145 108
3.63873e-08 -5.43373e-08 2.17821e-07 195 194 199
3.34904e-08 -2.31984e-10 1.70688e-07 197 164 131
1.10571e-08 -1.66893e-08 1.93343e-07 182 146 110
-3.94875e-08 -2.63867e-08 1.71726e-07 72 88 99
1.88304e-07 1.73039e-09 1.55031e-07 160 126 91
3.92999e-08 1.61657e-08 1.40817e-07 99 91 58
1.50751e-07 2.187e-08 1.21679e-07 171 137 104
-3.68615e-08 -1.69831e-08 2.09012e-07 155 124 93
7.40972e-08 2.80262e-08 1.28297e-07 196 158 116
1.03852e-08 1.10639e-08 1.64236e-07 202 170 135
8.75565e-08 -2.17557e-08 1.82167e-07 179 146 110
6.05003e-08 -3.00096e-08 1.88991e-07 186 150 114
1.94293e-08 -3.47483e-08 2.1983e-07 182 145 111
-5.32245e-08 4.12004e-08 1.30338e-07 218 183 146
-3.91743e-08 -7.34872e-09 1.76708e-07 36 34 36
9.95238e-08 -5.34724e-08 1.92299e-07 188 192 198
-2.05476e-09 -2.33394e-08 2.09519e-07 185 149 114
4.50985e-08 8.86698e-09 1.51324e-07 116 84 56
-3.82393e-08 -4.93135e-09 1.8603e-07 15 12 11
3.99397e-08 3.61136e-08 1.17833e-07 206 166 120
6.17398e-10 1.76452e-08 1.53605e-07 201 158 118
1.68857e-07 -5.18166e-09 1.5762e-07 160 126 90
-6.81916e-08 -5.88511e-09 1.90893e-07 186 148 112
4.20652e-08 3.04522e-08 1.25017e-07 201 159 114
4.26627e-09 -3.5766e-09 1.88129e-07 194 158 122
7.1356e-08 -4.64762e-08 2.07818e-07 180 185 191
-4.00496e-08 -5.35876e-09 1.77053e-07 34 36 42
6.34655e-08 -2.96674e-08 2.05945e-07 185 148 112
6.25771e-08 -5.01659e-08 2.11899e-07 174 174 176
8.12674e-09 9.36979e-09 1.60713e-07 200 166 130
-5.24815e-08 3.85434e-09 1.82524e-07 179 136 94
6.21707e-08 -3.06127e-08 2.07897e-07 181 143 106
2.92108e-08 3.85875e-08 1.23241e-07 210 167 120
-3.46938e-08 5.93801e-09 1.77601e-07 196 159 122
1.20164e-07 1.59495e-09 1.62596e-07 182 146 110
-1.85207e-08 3.61455e-08 1.29657e-07 214 177 135
2.72905e-07 1.1108e-08 1.61968e-07 148 114 80
-4.16518e-08 -4.87673e-09 1.90388e-07 28 29 34
-4.77641e-08 4.19311e-08 1.28722e-07 216 176 138
5.15913e-08 -3.81272e-08 2.20801e-07 178 142 106
7.06861e-09 2.87325e-08 1.34958e-07 210 174 130
9.37379e-08 -3.33279e-08 2.01293e-07 184 152 118
1.46204e-07 -4.03848e-08 1.78482e-07 170 174 179
1.05926e-07 -3.52348e-08 1.96789e-07 146 160 170
5.64162e-08 -6.95014e-08 2.00748e-07 196 194 201
1.27524e-07 -4.46227e-08 1.83124e-07 168 172 178
3.09121e-08 -3.72361e-08 2.20193e-07 192 156 120
6.35759e-08 -3.2529e-10 1.61965e-07 192 162 124
-1.65531e-08 7.79068e-09 1.69294e-07 199 162 124
1.22393e-07 -3.24451e-08 1.92093e-07 153 159 164
1.90665e-08 -3.53159e-08 2.21336e-07 182 146 112
-3.8496e-08 -1.42455e-08 2.01048e-07 123 96 70
-7.71785e-09 2.05653e-08 1.48557e-07 203 162 121
8.9028e-09 1.10241e-08 1.60071e-07 200 164 128
2.91209e-08 -3.27162e-08 2.15192e-07 164 123 92
-2.46366e-08 2.64361e-09 1.77907e-07 205 171 134
2.63497e-07 2.3453e-08 1.58487e-07 164 132 98
-3.19097e-09 4.68984e-08 1.20632e-07 216 176 133
9.74201e-08 -7.97659e-09 1.69509e-07 178 142 107
-3.17204e-08 5.45377e-09 1.74632e-07 198 162 124
-4.69956e-08 -2.5473e-08 1.97282e-07 186 150 112
1.35553e-07 2.02117e-08 1.30515e-07 176 140 104
2.63731e-09 -1.66398e-09 1.76813e-07 199 164 126
-5.22426e-08 1.91216e-09 1.85137e-07 192 154 114
5.17559e-08 -3.71755e-08 2.24013e-07 184 150 114
3.23929e-08 -3.59758e-08 2.24193e-07 182 146 111
-2.47207e-08 4.10742e-08 1.28878e-07 218 179 136
-7.59114e-08 3.08431e-08 1.52899e-07 218 181 142
1.22036e-07 1.78632e-08 1.3698e-07 181 144 106
1.61201e-07 -4.5098e-09 1.50705e-07 164 130 96
7.69503e-08 1.08396e-08 1.43766e-07 184 144 102
1.15467e-07 -3.3882e-08 1.96507e-07 148 160 173
1.1886e-07 -2.42605e-08 1.93156e-07 173 141 109
1.09824e-07 2.93244e-08 1.204e-07 184 146 110
2.963e-08 1.4964e-08 1.53787e-07 194 152 110
-4.63574e-08 -1.02703e-09 1.87361e-07 34 34 36
1.30948e-07 -1.16812e-08 1.6118e-07 168 134 99
7.83491e-09 -3.72665e-08 2.21352e-07 184 149 115
6.96563e-09 -1.13872e-08 1.91545e-07 190 154 118
1.95991e-08 4.6297e-10 1.89523e-07 192 154 114
-3.4832e-08 3.77731e-08 1.31633e-07 219 178 136
2.8378e-08 1.19111e-08 1.62329e-07 198 166 130
-3.10602e-09 3.19628e-08 1.35615e-07 218 184 142
8.07003e-08 -3.70909e-08 2.09755e-07 184 152 118
-4.16194e-08 -1.28956e-08 1.9632e-07 118 88 62
-2.2027e-08 1.76588e-08 1.62042e-07 204 165 125
-7.88528e-08 2.39728e-08 1.62386e-07 212 186 151
-6.07711e-08 1.4611e-08 1.68962e-07 200 158 120
5.01139e-08 3.71759e-08 1.25052e-07 197 154 108
7.32846e-08 1.04953e-08 1.50048e-07 191 152 114
-2.42123e-09 -4.40617e-09 1.84277e-07 201 168 132
1.1989e-07 2.82102e-08 1.25419e-07 180 140 103
-5.68418e-08 2.12063e-08 1.58212e-07 208 165 122
3.00898e-08 3.27626e-10 1.83381e-07 186 144 104
-1.31671e-09 -6.4918e-09 1.81344e-07 190 154 118
1.59627e-08 -3.34382e-08 2.32265e-07 177 140 106
-7.1713e-08 3.65436e-08 1.41398e-07 214 172 136
-6.94309e-08 4.57673e-08 1.40229e-07 214 174 138
-5.68037e-08 4.0623e-08 1.30191e-07 218 183 146
8.15899e-09 2.51847e-08 1.41377e-07 200 160 116
-4.36296e-08 -2.38059e-08 1.74178e-07 44 54 63
7.60891e-08 2.72475e-08 1.40824e-07 197 156 114
9.37202e-09 -8.65906e-09 1.86609e-07 195 164 127
2.57704e-08 1.30938e-08 1.55668e-07 192 150 112
-1.06661e-08 3.79835e-08 1.28828e-07 221 184 141
2.02456e-08 -5.51166e-09 1.78186e-07 187 151 115
1.11134e-07 -1.28164e-08 1.69359e-07 166 130 94
1.08916e-07 -5.52825e-08 1.96263e-07 190 193 200
-4.24672e-08 1.06476e-08 1.72653e-07 197 156 117
1.24179e-07 1.19091e-08 1.28558e-07 170 137 101
-4.00947e-08 -1.14133e-08 1.97489e-07 118 88 62
-4.20105e-09 -1.18883e-08 1.91471e-07 190 155 118
3.51214e-08 -7.36133e-08 2.03951e-07 197 196 204
1.21251e-07 -5.62462e-09 1.59919e-07 176 141 104
2.69021e-08 -2.65796e-08 1.99152e-07 182 146 110
2.02056e-08 -5.44194e-10 1.74971e-07 192 154 115
-6.15839e-08 2.78736e-08 1.52207e-07 214 174 134
-4.78269e-08 -6.9941e-09 2.00491e-07 190 158 124
9.54779e-08 1.57208e-09 1.10139e-07 164 132 97
-2.60335e-08 3.49078e-08 1.31154e-07 220 180 138
-4.42977e-08 2.91688e-08 1.43928e-07 224 190 150
-5.7147e-08 4.24709e-08 1.30139e-07 219 184 148
1.42817e-07 1.99615e-08 1.16791e-07 166 132 97
-3.98636e-08 7.1056e-09 1.75072e-07 192 152 115
-4.56391e-08 -1.26818e-08 2.02668e-07 168 139 106
-1.38469e-08 3.66314e-08 1.28516e-07 216 177 136
7.78807e-08 4.03109e-09 1.59794e-07 188 152 114
7.86589e-08 -2.10218e-10 1.56504e-07 194 164 132
-5.85494e-08 3.16841e-08 1.47692e-07 216 174 134
2.49438e-08 2.10348e-08 1.52697e-07 206 167 126
-4.5876e-08 -6.7071e-10 1.86423e-07 30 32 32
-5.6731e-08 3.08436e-08 1.45108e-07 218 177 138
1.29422e-07 -1.14947e-08 1.68959e-07 170 136 101
1.76473e-08 3.08075e-08 1.32942e-07 212 176 134
-3.27615e-08 3.73459e-08 1.29758e-07 220 180 138
-6.16224e-08 1.51943e-08 1.76126e-07 192 153 114
3.3586e-08 8.18991e-09 1.55478e-07 190 152 113
3.22698e-08 -3.01521e-08 2.12853e-07 154 94 66
3.44664e-08 2.08152e-08 1.42438e-07 202 170 132
-5.66967e-09 6.88548e-09 1.68033e-07 199 168 131
4.76782e-08 5.45787e-11 1.68864e-07 190 156 120
-6.32103e-09 1.79576e-08 1.54682e-07 193 150 109
9.36519e-08 -5.52327e-08 1.8668e-07 187 190 198
9.17316e-08 1.9037e-08 1.30276e-07 184 146 106
4.36264e-08 -3.81248e-08 2.21246e-07 190 156 120
-3.42082e-08 -2.14939e-08 1.75099e-07 52 66 78
-4.85423e-08 2.2633e-08 1.5685e-07 211 172 130
2.85705e-08 -3.99366e-08 2.23672e-07 182 146 110
1.3032e-08 9.93503e-09 1.71287e-07 192 155 119
7.23736e-08 -6.55027e-08 1.9292e-07 186 185 187
3.46353e-08 2.76771e-08 1.32759e-07 203 162 118
6.90657e-08 -9.06955e-09 1.61959e-07 182 151 115
3.05032e-08 -7.04659e-08 2.13172e-07 200 198 204
3.21567e-08 1.4612e-08 1.5446e-07 191 149 109
-3.39316e-08 3.5833e-08 1.36194e-07 218 177 136
4.30341e-08 -5.29652e-09 1.66738e-07 198 165 127
3.11924e-08 2.29586e-08 1.38551e-07 206 167 124
2.87797e-08 2.04832e-09 1.68277e-07 191 156 120
9.73537e-08 -1.98816e-08 1.79738e-07 182 146 114
1.51317e-08 1.79096e-08 1.46148e-07 202 160 118
8.24521e-09 1.90422e-08 1.49166e-07 204 162 120
3.77945e-08 -3.62591e-10 1.71296e-07 191 162 128
2.56787e-07 8.91365e-10 1.65089e-07 146 114 84
-1.10838e-08 3.40448e-08 1.3194e-07 223 186 144
2.05619e-08 -1.57682e-09 1.73664e-07 188 148 111
-3.28112e-08 4.32924e-08 1.31911e-07 222 182 141
-9.1667e-09 4.12958e-08 1.21635e-07 218 177 134
-8.34621e-09 7.64775e-09 1.68849e-07 204 172 134
6.43367e-08 -5.48814e-08 2.10787e-07 196 196 203
-4.70261e-08 -1.43815e-08 2.01344e-07 184 151 116
3.34755e-08 -3.78479e-08 2.21339e-07 188 154 118
-5.26623e-08 4.25797e-08 1.29268e-07 218 182 145
1.64759e-07 -1.0475e-08 1.5671e-07 162 129 96
-3.91435e-08 -3.97589e-09 1.88609e-07 14 12 14
-6.96097e-08 5.01049e-08 1.22823e-07 216 174 140
7.19372e-08 2.86342e-08 1.24829e-07 193 152 112
-1.19281e-08 4.63037e-08 1.25589e-07 214 173 130
1.45298e-07 2.51667e-08 1.12122e-07 167 129 92
1.71902e-07 7.06809e-09 1.52575e-07 166 129 93
5.84853e-09 1.42675e-08 1.55451e-07 206 172 134
-7.64799e-08 2.27005e-08 1.60071e-07 214 182 145
3.2841e-09 4.12539e-09 1.7226e-07 194 152 116
-3.52459e-08 -1.43991e-08 2.07717e-07 122 94 67
3.49214e-08 6.15856e-09 1.73178e-07 193 158 122
4.43399e-08 3.54944e-08 1.20327e-07 209 176 134
4.82235e-08 3.54609e-08 1.30591e-07 198 156 112
-9.03404e-09 3.27588e-08 1.33072e-07 210 172 128
-6.45415e-08 1.41868e-08 1.69746e-07 196 158 118
7.1572e-08 2.79497e-08 1.25475e-07 197 159 118
6.12425e-08 2.27741e-08 1.38052e-07 200 159 116
3.68026e-08 7.56526e-09 1.62165e-07 198 164 128
7.52502e-08 -1.1574e-08 1.73944e-07 212 161 123
2.87322e-07 1.44616e-08 1.36445e-07 86 93 96
7.90584e-08 -3.5879e-08 2.14369e-07 182 146 110
-3.30939e-08 1.51061e-08 1.6187e-07 204 168 128
-6.85106e-09 6.62535e-09 1.68487e-07 200 169 132
5.41187e-08 -3.32323e-08 1.95251e-07 188 153 116
8.26344e-08 1.59735e-08 1.46177e-07 84 61 56
-1.24755e-08 6.19888e-09 1.72346e-07 204 172 136
-4.66802e-08 4.15559e-08 1.28697e-07 222 183 144
-1.03604e-08 1.83259e-08 1.53474e-07 202 161 120
-1.12209e-08 -2.97902e-08 2.19516e-07 182 148 112
-6.322e-08 2.62474e-08 1.52369e-07 207 168 130
2.2271e-08 -1.81523e-08 1.8303e-07 194 82 36
9.58833e-08 6.77529e-10 1.57182e-07 188 149 113
2.40945e-08 1.48073e-08 1.59115e-07 192 153 113
-1.80836e-10 -8.27801e-09 1.81647e-07 192 157 120
3.07518e-07 2.48441e-08 1.35836e-07 84 88 88
1.41668e-07 -3.7519e-08 1.78996e-07 163 169 175
1.25178e-08 -3.08314e-08 2.18953e-07 183 146 112
7.31643e-09 2.92848e-09 1.72084e-07 195 160 122
-4.07481e-09 -2.5706e-08 2.09973e-07 185 150 114
7.00148e-08 -5.06352e-09 1.63619e-07 194 160 123
-4.95251e-08 4.10016e-08 1.28821e-07 216 177 140
2.20159e-07 -5.96385e-10 1.60696e-07 155 123 91
1.07064e-07 -9.51264e-09 1.77485e-07 182 144 110
-1.17581e-08 3.19777e-08 1.33012e-07 212 173 131
-3.79183e-08 -8.99808e-09 1.92487e-07 110 90 67
3.01959e-08 -4.62245e-08 2.32034e-07 176 146 124
3.90044e-09 -3.29319e-08 2.22229e-07 182 146 112
-9.56238e-09 8.97754e-09 1.66089e-07 195 157 119
-3.85027e-08 -9.19005e-09 1.93371e-07 118 88 61
-7.74616e-08 2.88601e-08 1.51526e-07 216 180 141
-4.50614e-08 2.35194e-08 1.55675e-07 217 180 138
-6.26393e-08 1.2702e-08 1.72683e-07 196 156 116
-8.31049e-09 4.46094e-08 1.16331e-07 212 172 128
1.5985e-07 -7.64929e-09 1.55431e-07 160 126 91
-7.22599e-09 3.43501e-08 1.32277e-07 212 173 130
-1.34958e-08 5.17929e-09 1.66964e-07 204 172 134
7.05547e-08 1.3052e-09 1.58579e-07 196 165 126
4.0878e-08 3.73454e-08 1.18507e-07 200 160 116
-1.60458e-08 3.77485e-08 1.28362e-07 221 188 147
1.6065e-07 -9.87888e-09 1.60329e-07 160 126 92
-3.87666e-08 -1.90501e-08 2.09481e-07 191 159 122
-5.36269e-09 3.13378e-08 1.3338e-07 218 184 140
4.29813e-08 5.08312e-09 1.49311e-07 194 159 121
1.5561e-07 1.59136e-08 1.2309e-07 164 132 100
4.36515e-08 3.92143e-08 1.15532e-07 201 158 111
-4.54618e-08 2.5776e-08 1.52863e-07 221 186 148
-2.48964e-08 2.82906e-08 1.4371e-07 216 178 136
-1.79849e-08 4.22084e-08 1.2052e-07 210 169 128
1.18124e-07 9.58559e-09 1.35801e-07 182 150 112
5.47392e-08 3.45886e-08 1.19932e-07 201 162 116
3.83258e-08 -1.93797e-08 1.95194e-07 132 102 73
-6.64099e-08 1.14478e-08 1.76979e-07 196 158 118
-7.63061e-08 4.00218e-08 1.37821e-07 215 180 142
2.31118e-08 -2.26973e-10 1.7426e-07 193 153 117
7.70306e-08 4.09286e-09 1.55036e-07 190 154 116
-1.06338e-08 -2.7045e-08 2.06497e-07 185 150 114
4.8241e-09 2.37306e-09 1.72368e-07 196 158 120
8.94264e-08 3.76664e-10 1.08479e-07 160 123 84
2.4868e-08 -4.08579e-08 2.20869e-07 184 148 112
9.11248e-08 2.98096e-09 1.06551e-07 152 109 67
-3.96903e-08 -1.6853e-08 2.09453e-07 168 134 98
-3.94684e-08 -1.80292e-08 1.709e-07 55 68 80
-4.65721e-08 2.83678e-08 1.47504e-07 212 175 133
2.17033e-08 -4.62768e-09 1.81275e-07 182 144 105
4.07041e-08 -6.50308e-10 1.68432e-07 192 160 124
1.14207e-07 2.3154e-08 1.21949e-07 180 142 107
2.49978e-08 -4.30535e-09 1.78847e-07 188 152 116
3.01015e-08 -9.67097e-10 1.72305e-07 197 166 131
5.42364e-09 2.30174e-08 1.44773e-07 210 178 137
1.95759e-07 -1.60083e-08 1.69117e-07 157 128 98
1.18285e-08 -5.79638e-09 1.80178e-07 196 158 116
5.23668e-08 1.90206e-08 1.36865e-07 195 155 112
-1.74355e-08 -2.63768e-10 1.80707e-07 200 158 120
-6.72138e-08 6.2637e-09 1.84044e-07 190 148 110
1.36029e-07 -2.12277e-08 1.78027e-07 176 146 116
-1.52711e-08 4.16681e-08 1.23409e-07 212 170 129
7.99386e-08 5.45959e-09 1.54315e-07 188 151 114
3.77953e-08 -4.35176e-08 2.18715e-07 186 154 120
-4.7105e-08 -1.46404e-08 2.0371e-07 192 158 122
-4.60559e-08 -1.37006e-08 2.04274e-07 191 157 122
8.43913e-08 1.38621e-08 1.38505e-07 182 140 100
9.78914e-08 1.53879e-08 1.3842e-07 188 148 108
-2.55926e-10 4.76555e-09 1.7098e-07 190 149 112
3.4475e-08 -1.18447e-08 1.6666e-07 190 159 122
2.50292e-08 4.39943e-09 1.65958e-07 194 158 122
-4.62424e-08 -1.19657e-08 2.01792e-07 176 146 114
-5.23437e-08 2.38396e-08 1.38388e-07 214 170 128
-4.84173e-08 -1.47792e-08 2.05531e-07 192 155 120
6.7532e-08 2.14985e-08 1.34727e-07 198 156 114
-9.88092e-09 4.18605e-08 1.21152e-07 215 176 134
-4.94712e-08 2.8455e-08 1.4588e-07 216 173 130
1.58569e-07 1.3709e-08 1.26581e-07 172 142 110
-5.48419e-08 3.93973e-08 1.40153e-07 214 172 130
1.49102e-08 1.04734e-08 1.76966e-07 190 150 114
7.03957e-08 -4.43319e-08 2.00235e-07 176 185 195
4.79732e-08 4.39309e-08 1.3209e-07 202 158 112
-3.5252e-08 -1.93312e-08 2.12107e-07 188 154 117
-6.26395e-08 3.01944e-08 1.46615e-07 220 182 144
1.22742e-07 1.58905e-08 1.48963e-07 192 158 120
-1.04178e-08 3.5564e-08 1.28254e-07 214 178 136
1.46285e-07 -2.54023e-08 1.96993e-07 168 137 108
1.10077e-07 -5.32649e-08 1.88611e-07 186 190 196
7.94732e-08 -3.84743e-08 2.05859e-07 166 160 158
2.25821e-08 -4.76557e-08 2.36055e-07 167 142 122
1.28383e-07 -2.36099e-09 1.114e-07 80 83 83
4.89755e-09 -5.46837e-09 1.83626e-07 193 156 120
-3.52564e-08 3.46976e-08 1.34105e-07 218 180 140
6.14142e-09 2.6717e-08 1.48605e-07 208 170 127
1.30794e-07 -1.9545e-08 1.73705e-07 168 134 102
1.37197e-07 6.2185e-09 1.46771e-07 178 142 106
5.7338e-08 1.9854e-08 1.28462e-07 198 157 116
8.11844e-08 3.87449e-08 1.18923e-07 194 156 114
-4.73489e-08 2.26131e-08 1.56132e-07 216 178 138
2.94799e-08 7.02851e-09 1.58465e-07 198 163 126
4.30784e-08 -5.04296e-08 2.14865e-07 184 188 194
8.99755e-08 -5.42131e-08 1.83867e-07 188 192 198
-2.99159e-08 3.59608e-08 1.30962e-07 222 184 144
-3.76752e-08 -5.71813e-09 1.94285e-07 32 33 36
1.4087e-08 -3.74386e-08 2.27548e-07 182 147 113
6.13809e-08 -2.86139e-08 2.02428e-07 178 142 106
2.36282e-07 -4.00402e-09 1.63691e-07 150 120 90
6.65827e-08 -5.58991e-08 2.08948e-07 191 190 198
8.25531e-08 -6.12597e-08 1.93279e-07 194 198 203
1.03689e-08 -2.60466e-09 1.81046e-07 194 155 118
-4.88837e-08 2.54363e-08 1.54363e-07 217 184 151
-2.52012e-08 3.49356e-08 1.3489e-07 214 172 129
1.41089e-07 -1.98127e-08 1.71766e-07 168 134 102
6.79303e-08 2.6553e-08 1.27681e-07 194 156 114
1.31736e-07 -1.01454e-08 1.62187e-07 170 135 100
-4.20003e-08 -2.10231e-08 2.0753e-07 188 154 119
-5.05044e-08 2.53166e-08 1.52184e-07 217 184 146
-1.28062e-08 4.51303e-08 1.17311e-07 220 180 136
-7.55941e-08 3.67087e-08 1.42938e-07 210 167 132
-3.13359e-08 2.70018e-08 1.45616e-07 220 184 143
2.1594e-07 1.36287e-09 1.38641e-07 102 102 103
-4.31834e-08 2.64389e-08 1.50291e-07 216 180 140
5.64376e-08 4.93358e-09 1.59231e-07 189 155 119
-5.76905e-08 2.8298e-08 1.49933e-07 217 174 132
1.52943e-08 2.07836e-08 1.50326e-07 202 160 120
9.20227e-08 5.6653e-09 1.50463e-07 184 148 110
4.76456e-08 -5.74109e-08 2.16644e-07 194 194 200
-3.44013e-08 -2.14159e-08 1.75647e-07 53 66 78
6.93682e-09 3.58306e-09 1.74782e-07 194 156 118
-1.85244e-08 -1.54416e-11 1.80702e-07 198 158 118
-4.09529e-08 -1.05441e-08 1.73142e-07 30 28 29
1.01135e-07 1.19692e-08 1.35152e-07 180 143 104
8.52033e-08 -2.15908e-09 1.58958e-07 186 148 111
2.0816e-07 -8.04992e-09 1.4303e-07 98 109 114
2.79623e-08 -3.43235e-08 2.18231e-07 182 146 112
-4.84051e-08 1.33383e-08 1.69189e-07 202 168 130
1.29872e-07 -3.19946e-08 1.85132e-07 144 158 170
5.10698e-09 -3.09521e-08 2.17294e-07 178 142 108
3.85852e-09 -3.10702e-08 2.17859e-07 180 144 109
8.82922e-08 3.76656e-08 1.19483e-07 197 160 117
-3.8717e-08 2.61449e-08 1.48907e-07 217 182 142
-1.24377e-08 3.66169e-08 1.29678e-07 214 174 132
-3.82345e-08 -1.58539e-08 1.99687e-07 124 95 68
1.5142e-09 2.31527e-08 1.45273e-07 206 170 126
1.44959e-07 3.3783e-08 1.21206e-07 172 130 93
-8.84758e-10 3.74591e-09 1.7442e-07 194 152 112
5.54347e-08 -4.03877e-08 2.25939e-07 188 154 120
3.88765e-08 3.7873e-08 1.16274e-07 201 158 112
-6.22536e-08 2.1103e-08 1.60735e-07 206 164 123
8.31946e-08 3.36621e-08 1.22416e-07 188 145 103
1.62887e-08 3.81023e-08 1.16286e-07 224 182 133
1.14502e-07 -4.40858e-09 1.60355e-07 170 134 98
4.39722e-08 -2.05806e-08 1.93181e-07 156 122 88
1.14831e-07 -5.58366e-08 1.8813e-07 186 190 197
1.88962e-09 2.12758e-08 1.44936e-07 210 175 134
-1.72253e-08 2.71172e-08 1.44542e-07 209 168 125
3.24175e-08 1.28294e-08 1.52966e-07 194 156 116
1.12448e-08 -3.59312e-08 2.17597e-07 180 144 110
1.34639e-07 -5.51865e-09 1.55078e-07 169 134 98
-4.00779e-08 -1.83995e-08 1.66929e-07 52 66 80
-1.64611e-08 4.62461e-09 1.73602e-07 204 172 134
1.16025e-08 -1.46192e-08 1.94025e-07 192 156 120
-6.76921e-09 9.43832e-09 1.73274e-07 204 172 136
-4.55391e-08 -2.26148e-09 1.9108e-07 44 38 38
4.3362e-08 -2.45802e-08 1.99181e-07 172 138 104
1.00029e-08 -2.7514e-09 1.78408e-07 194 157 117
3.07787e-07 1.95589e-08 1.33847e-07 104 110 114
4.52741e-08 3.79771e-08 1.15521e-07 206 164 118
2.33841e-08 1.06324e-08 1.57515e-07 198 162 126
6.13819e-08 -2.93606e-08 2.01857e-07 182 144 108
3.07486e-07 3.34644e-08 1.44081e-07 148 114 82
2.4867e-08 3.40151e-08 1.2312e-07 214 177 136
-4.99381e-08 2.27869e-08 1.5696e-07 214 173 131
1.38095e-07 1.91685e-09 1.51128e-07 170 136 98
-3.72632e-08 -2.48534e-08 1.79099e-07 49 59 70
1.09278e-09 -3.51893e-08 1.94078e-07 152 101 73
-1.14438e-08 4.51745e-08 1.16347e-07 218 178 134
2.37638e-08 -4.00067e-08 2.24569e-07 179 143 108
-2.21164e-08 6.96786e-09 1.73092e-07 194 159 119
-2.35572e-08 3.86386e-08 1.40173e-07 215 174 130
1.37253e-07 -8.23588e-09 1.63792e-07 166 132 96
3.78817e-08 -6.63241e-09 1.70127e-07 193 160 124
6.76535e-09 -3.37589e-08 2.17537e-07 178 143 109
-2.80028e-09 -2.25193e-08 2.12562e-07 188 152 116
1.10514e-07 -2.8884e-09 1.25458e-07 161 130 95
1.60835e-08 2.80794e-08 1.34411e-07 219 188 146
2.58162e-08 6.39498e-09 1.54502e-07 195 161 123
2.13008e-07 -2.25309e-09 1.61847e-07 153 121 89
1.13513e-08 6.11316e-09 1.55208e-07 199 168 131
1.23195e-07 -1.26613e-08 1.62614e-07 170 135 100
1.32876e-08 1.58716e-09 1.70162e-07 194 158 122
-3.32097e-08 2.98731e-08 1.41451e-07 218 183 143
5.04819e-08 3.84079e-08 1.14616e-07 198 156 109
7.47948e-08 4.36209e-09 1.60908e-07 189 154 117
1.2206e-08 -3.89314e-08 2.2168e-07 188 154 120
1.31132e-08 -2.90639e-08 2.1551e-07 170 132 100
1.08788e-07 2.33019e-08 1.23855e-07 176 137 98
-4.75707e-08 -5.29366e-09 1.92351e-07 192 158 120
6.37945e-08 3.04866e-08 1.26161e-07 196 154 110
-1.69907e-09 3.09869e-08 1.358e-07 216 181 139
-7.4821e-09 4.68985e-09 1.72224e-07 192 152 113
-7.05968e-08 2.0986e-08 1.61961e-07 200 162 120
7.40361e-08 2.58184e-08 1.25099e-07 192 150 109
1.30832e-07 3.96265e-09 1.38452e-07 170 136 99
3.7785e-09 -2.89846e-08 2.26325e-07 177 140 106
5.76647e-08 2.2989e-08 1.3681e-07 190 148 104
-4.4225e-08 -5.20892e-09 1.9219e-07 41 38 38
-6.61594e-08 -3.31357e-09 1.8874e-07 192 157 120
1.66168e-07 2.67832e-08 1.27084e-07 174 141 108
2.77773e-08 -6.3487e-10 1.76598e-07 198 164 126
-9.78878e-09 3.38065e-08 1.32691e-07 213 172 130
-6.33132e-09 -1.47219e-09 1.75704e-07 193 157 121
1.5795e-07 -5.68404e-09 1.47737e-07 160 126 90
5.85894e-08 3.60855e-08 1.14637e-07 202 164 118
-7.46901e-08 3.1773e-08 1.52032e-07 218 182 143
6.84408e-08 2.33165e-08 1.3314e-07 194 155 113
-5.87446e-08 4.43244e-08 1.2679e-07 207 165 125
-5.11225e-08 2.57453e-08 1.53197e-07 220 190 150
2.94875e-08 1.21546e-08 1.52453e-07 196 156 116
7.23194e-08 -4.99858e-08 2.01459e-07 190 192 198
1.34256e-07 1.34569e-08 1.10113e-07 150 105 64
8.23182e-08 1.27206e-08 1.4198e-07 188 145 103
-1.69915e-08 4.40353e-08 1.45754e-07 220 186 146
-4.28209e-08 3.44331e-08 1.35468e-07 221 180 138
-5.1048e-08 -7.44045e-09 1.95281e-07 196 166 130
-6.27579e-08 -1.65069e-09 1.93641e-07 190 154 118
4.34289e-08 -6.09255e-08 2.18083e-07 197 196 202
-4.59233e-08 3.0153e-08 1.48648e-07 217 178 135
-7.62318e-09 -3.12266e-08 2.16762e-07 177 140 107
-2.27928e-08 2.00594e-08 1.55353e-07 204 164 122
9.63225e-09 2.60209e-08 1.34142e-07 218 187 145
3.00915e-07 1.28779e-08 1.39796e-07 98 104 111
1.01476e-07 -5.39424e-08 1.75738e-07 182 186 191
-1.21662e-08 5.43247e-09 1.69501e-07 204 172 134
4.73883e-08 1.50392e-09 1.64123e-07 195 161 124
-2.67849e-08 3.48586e-08 1.34072e-07 214 172 130
1.19274e-07 1.35456e-08 1.40257e-07 181 144 106
-4.78063e-08 3.79013e-09 1.82914e-07 184 142 100
4.0088e-08 -6.98945e-08 2.06991e-07 200 197 197
1.7817e-08 -3.84686e-08 2.25332e-07 189 154 120
6.91822e-08 -3.31156e-09 1.62651e-07 190 156 120
8.19886e-08 -4.54235e-08 2.02659e-07 178 187 196
1.45222e-07 1.3226e-08 1.2864e-07 166 134 98
2.73264e-08 8.02421e-09 1.63896e-07 201 170 132
1.57354e-07 2.35562e-08 1.25841e-07 176 144 110
5.60347e-08 3.63307e-08 1.17797e-07 200 160 113
1.08318e-07 -3.64779e-08 2.03427e-07 156 170 183
-3.01958e-08 5.28463e-09 1.74497e-07 198 162 124
2.03921e-08 -1.7121e-08 1.96188e-07 183 149 114
4.09523e-08 -2.94361e-08 2.08743e-07 182 147 112
-3.64868e-08 2.91647e-08 1.41792e-07 220 187 149
2.60581e-08 4.7531e-09 1.64643e-07 197 162 126
-5.37427e-08 1.52623e-09 1.85089e-07 190 154 118
-4.79424e-08 2.55914e-08 1.52616e-07 213 179 142
-4.64472e-08 2.28405e-08 1.55476e-07 210 172 131
5.7773e-08 5.10049e-09 1.64512e-07 188 154 117
4.72119e-08 -3.53012e-08 2.06031e-07 189 155 118
-4.01704e-08 -1.84215e-08 1.68467e-07 54 68 81
2.4134e-08 -4.817e-08 2.32941e-07 170 172 180
1.11954e-08 2.01243e-08 1.48772e-07 204 163 120
9.83872e-08 -5.41831e-08 1.83939e-07 186 190 197
7.04332e-08 1.47165e-08 1.41096e-07 94 70 68
1.88495e-09 -4.36851e-09 1.79708e-07 200 168 130
-7.95356e-08 1.81578e-08 1.65156e-07 198 157 116
7.27286e-08 3.51826e-08 1.32792e-07 194 152 109
2.54424e-08 -3.12079e-08 2.1093e-07 150 84 60
-4.2565e-08 5.19255e-08 1.30937e-07 222 184 145
3.26489e-08 6.42091e-09 1.77624e-07 194 158 122
8.06019e-09 -2.87281e-08 2.11701e-07 122 88 62
1.29443e-07 -9.61039e-10 1.42007e-07 163 126 90
-2.398e-08 4.67013e-09 1.73882e-07 204 172 135
1.33859e-07 -1.57751e-08 1.87566e-07 171 136 106
1.18046e-08 -3.68467e-08 2.26775e-07 186 150 116
1.89499e-08 4.09761e-08 1.16333e-07 221 179 130
1.17335e-07 2.84203e-08 1.15489e-07 179 140 104
-7.60945e-08 3.03478e-08 1.50937e-07 216 179 140
-3.9381e-08 -1.64519e-08 1.69221e-07 53 64 78
1.64877e-07 -3.99306e-08 1.79102e-07 169 174 178
-4.84372e-08 2.51473e-08 1.51554e-07 217 182 142
-4.5264e-08 6.11251e-09 1.7719e-07 190 148 107
3.1663e-08 -5.38365e-08 2.2031e-07 170 166 170
7.91908e-08 2.02848e-09 1.43238e-07 185 150 112
2.10493e-08 -4.19175e-08 2.2504e-07 188 151 116
-5.57904e-08 1.47959e-08 1.68603e-07 198 157 118
1.96778e-07 2.8892e-08 1.25197e-07 168 137 106
3.54361e-08 3.82159e-08 1.22211e-07 208 167 122
5.09766e-09 -3.82243e-09 1.85124e-07 194 158 122
1.29064e-07 -1.9713e-09 1.51259e-07 170 134 98
3.37046e-08 4.25468e-09 1.64055e-07 199 166 128
5.21955e-08 -4.00926e-08 2.24028e-07 178 142 106
-3.43754e-08 -1.86597e-08 2.05416e-07 178 148 114
-1.24896e-08 1.90792e-08 1.54074e-07 203 161 121
1.8277e-07 -1.8215e-08 1.74237e-07 152 120 90
1.753e-08 -3.89842e-08 2.24793e-07 186 151 116
-1.80547e-08 4.12591e-08 1.20817e-07 214 176 134
-2.24342e-08 8.46558e-10 1.75524e-07 194 152 113
1.75738e-07 -2.17118e-08 1.78032e-07 162 129 102
1.39796e-07 5.5867e-09 1.37248e-07 170 135 99
1.38151e-07 -4.50488e-08 1.72838e-07 169 172 177
6.91919e-08 2.98438e-08 1.19017e-07 192 154 112
1.42728e-07 2.84836e-09 1.40857e-07 167 132 96
-2.60828e-09 -3.1424e-08 2.22634e-07 177 140 106
8.43579e-08 8.10645e-09 1.42679e-07 191 156 118
3.12462e-08 2.35827e-09 1.74699e-07 192 156 120
8.40841e-08 1.55595e-08 1.36133e-07 182 142 101
2.45343e-08 -3.38208e-08 2.29614e-07 176 139 105
-1.17983e-08 3.89029e-08 1.27343e-07 209 166 120
4.53639e-08 1.89339e-08 1.38782e-07 186 160 111
8.33551e-08 9.73476e-09 1.45551e-07 188 152 112
2.29914e-08 -8.01602e-09 1.83257e-07 182 148 112
-5.54288e-08 4.2795e-08 1.29855e-07 212 176 140
4.32748e-08 2.04693e-08 1.38573e-07 190 146 105
2.39374e-08 -2.02648e-08 1.65074e-07 147 72 34
2.41574e-08 -1.63698e-08 1.72708e-07 74 66 62
3.43934e-10 -1.49608e-08 1.95167e-07 208 236 251
1.80284e-08 -1.47012e-08 1.77725e-07 184 152 118
2.86331e-08 -2.00968e-08 1.60309e-07 226 172 126
3.48539e-08 2.28083e-09 1.35694e-07 62 41 34
4.00237e-08 -4.63656e-08 2.25921e-07 170 174 184
-3.36675e-10 -1.60932e-08 1.92071e-07 207 234 254
1.89293e-09 -2.67642e-08 1.86653e-07 142 70 43
-1.29736e-09 -2.6172e-08 1.89281e-07 224 209 196
2.014e-08 -1.49506e-08 1.91698e-07 31 112 158
-3.77802e-08 -1.47407e-09 1.7967e-07 31 32 36
3.56367e-08 6.32993e-09 1.41717e-07 190 156 117
-9.20214e-10 -2.34915e-08 1.89845e-07 218 198 160
3.80248e-08 1.90597e-08 1.39097e-07 186 144 106
-4.0373e-08 -1.33494e-09 1.88122e-07 38 42 46
2.20405e-09 -3.09059e-08 1.92209e-07 140 80 56
2.21299e-08 -1.396e-08 1.76122e-07 193 158 123
3.31231e-08 1.3943e-08 1.47908e-07 187 147 107
2.12719e-08 -2.23117e-08 1.93626e-07 180 144 108
2.46875e-08 -2.04367e-08 1.76696e-07 241 153 69
1.19554e-09 -1.95553e-08 1.9223e-07 194 171 134
3.37718e-08 -2.24499e-08 1.97944e-07 176 144 110
3.05828e-08 -1.95972e-09 1.74233e-07 191 158 123
2.12244e-08 -2.22119e-08 1.65551e-07 20 56 80
2.26927e-08 -2.90494e-08 1.61826e-07 126 40 50
1.7725e-08 -1.45672e-08 1.80617e-07 174 142 110
3.31147e-09 -2.81282e-08 1.8531e-07 146 78 48
2.35218e-08 -3.21013e-08 1.59984e-07 112 30 40
1.64061e-08 -9.09285e-09 1.89443e-07 180 140 102
2.89516e-08 -1.95416e-08 1.82579e-07 244 156 64
3.22083e-08 3.81984e-09 1.35801e-07 58 35 24
3.08264e-08 -4.92402e-10 1.34828e-07 66 46 38
2.55305e-08 -2.59834e-08 1.59835e-07 118 93 81
3.30215e-08 3.50484e-09 1.34736e-07 64 42 32
6.88009e-09 -2.59956e-09 1.78249e-07 200 166 128
3.23736e-08 1.33536e-08 1.44885e-07 220 250 254
-5.05258e-10 -2.39474e-08 1.94852e-07 142 114 84
2.80408e-08 1.76235e-08 1.4828e-07 201 164 121
1.75394e-08 -1.5936e-08 1.85303e-07 88 72 64
3.02615e-08 2.00131e-08 1.40216e-07 198 156 113
3.03559e-08 5.91754e-09 1.37311e-07 223 210 200
2.59165e-09 -2.60225e-08 1.85908e-07 178 136 102
2.85883e-08 -2.66515e-08 1.61478e-07 136 32 45
2.43352e-08 -1.41826e-08 1.75144e-07 99 90 82
1.8311e-10 -1.7123e-08 1.97857e-07 150 164 176
2.4119e-08 -1.18534e-08 1.81571e-07 189 154 122
2.67813e-09 -1.78714e-08 1.98927e-07 148 156 160
2.27629e-08 -3.32271e-08 1.56993e-07 136 33 54
3.42715e-08 7.14519e-09 1.5415e-07 192 154 116
3.00915e-08 -2.24041e-08 1.99876e-07 184 150 116
-4.56781e-08 2.95145e-08 1.46225e-07 220 184 144
2.43132e-08 -1.92861e-08 1.80785e-07 252 154 60
1.60535e-09 -2.17628e-08 1.94674e-07 184 166 126
3.14417e-08 -1.96365e-08 1.96272e-07 151 118 88
2.79046e-08 -1.9008e-08 1.96122e-07 188 148 113
-2.94224e-08 -1.99516e-08 1.72162e-07 164 139 109
1.03605e-08 -1.33283e-08 1.90647e-07 188 152 116
3.27852e-08 -2.12913e-08 2.00237e-07 182 148 113
-3.83148e-08 -7.82092e-09 1.84609e-07 26 22 20
-3.92087e-08 -1.15531e-08 2.01107e-07 115 86 60
7.38213e-09 -1.91738e-08 1.90405e-07 184 148 112
4.86045e-09 -2.08076e-08 1.89946e-07 184 150 114
-4.37657e-08 2.96593e-08 1.45572e-07 222 187 148
2.24837e-08 -2.58042e-08 1.67718e-07 236 134 36
2.46555e-09 -2.35084e-08 1.89001e-07 200 178 155
3.22684e-08 4.09687e-09 1.41833e-07 188 152 116
3.21357e-08 1.07511e-08 1.40946e-07 149 128 82
2.83742e-08 -1.89882e-08 1.59896e-07 188 150 114
3.15291e-08 6.50362e-09 1.40117e-07 168 132 91
2.79433e-08 -3.05828e-08 1.57674e-07 182 144 119
1.23797e-07 -2.91237e-08 1.91939e-07 174 142 113
2.48316e-08 -1.81245e-08 1.64632e-07 186 84 43
5.92599e-08 -3.81591e-08 2.21923e-07 178 142 106
2.83198e-08 -2.95141e-08 1.5954e-07 156 30 56
-4.10243e-08 -3.01455e-09 1.86338e-07 16 15 16
2.17247e-08 -1.60186e-08 1.79065e-07 198 87 36
-5.03664e-09 -1.57789e-08 1.99416e-07 192 154 116
2.80389e-08 2.01827e-08 1.43404e-07 200 158 114
-4.50754e-08 2.89843e-08 1.46274e-07 214 180 140
-3.85874e-08 3.24928e-10 1.864e-07 20 20 24
-4.13978e-08 -5.1744e-09 1.9053e-07 26 28 32
1.41607e-09 -2.59503e-08 1.86883e-07 160 124 104
1.41043e-07 -4.75975e-09 1.5419e-07 166 130 94
-3.76512e-08 -6.38643e-09 1.89301e-07 18 12 12
1.3236e-08 -9.54585e-09 1.90171e-07 186 148 112
3.07985e-08 2.12972e-08 1.41757e-07 196 156 110
3.30489e-08 -1.2361e-08 1.75252e-07 18 36 52
2.14273e-08 -2.26406e-08 1.69588e-07 24 36 46
3.22649e-08 1.12823e-08 1.45545e-07 104 76 51
3.94429e-08 3.28646e-09 1.3643e-07 75 53 48
-5.13759e-08 -7.82247e-09 2.01434e-07 187 154 120
3.50925e-08 3.22463e-09 1.43402e-07 189 154 115
1.7815e-08 -1.53033e-08 1.82355e-07 142 104 78
2.07336e-08 1.24803e-08 1.5584e-07 190 150 112
1.3681e-07 -8.03418e-09 1.58279e-07 166 130 94
5.40882e-09 -1.93529e-08 2.03845e-07 118 86 59
7.51982e-10 -2.02429e-08 1.93221e-07 213 198 158
1.53561e-07 -1.39364e-08 1.57508e-07 158 124 92
-4.57306e-08 -2.03406e-08 1.78094e-07 30 28 28
-4.04606e-08 -8.72038e-09 1.9691e-07 114 86 60
1.47662e-07 -1.34396e-08 1.57084e-07 156 122 89
-3.76647e-10 -1.53312e-08 1.99803e-07 211 240 253
-4.88159e-08 -7.05579e-09 1.99434e-07 192 160 128
-1.1561e-08 -1.5785e-08 1.91931e-07 186 151 118
8.46994e-08 1.54961e-08 1.33242e-07 186 144 106
-4.97104e-10 1.86127e-08 1.52478e-07 195 152 111
1.31573e-08 1.14249e-08 1.59167e-07 192 156 118
1.28787e-07 -1.00361e-08 1.58718e-07 164 128 92
-5.04877e-08 -7.8082e-09 2.005e-07 188 155 120
3.31506e-08 1.37123e-08 1.52586e-07 192 150 110
-1.37808e-08 3.467e-08 1.30357e-07 214 173 131
-2.98959e-09 -1.55007e-08 1.99359e-07 189 157 124
3.9319e-08 7.74688e-09 1.56308e-07 188 150 113
3.00287e-08 -2.28073e-08 1.93953e-07 154 122 92
2.59005e-09 -2.37113e-08 2.02288e-07 120 88 65
2.26611e-09 -2.46744e-08 2.11549e-07 168 133 100
-3.16708e-08 2.24453e-09 1.8073e-07 202 168 130
3.26645e-08 -1.17697e-08 1.68591e-07 174 122 84
9.98722e-08 -5.43633e-08 1.91068e-07 190 192 198
2.29108e-08 -2.3813e-08 1.62143e-07 203 162 136
2.88404e-09 -2.90359e-08 1.89437e-07 158 96 71
3.06255e-08 2.42282e-08 1.37994e-07 202 168 124
-4.15091e-08 -2.82874e-09 1.83558e-07 16 16 16
6.24256e-09 -2.99558e-08 1.88592e-07 148 83 58
7.39404e-08 1.84078e-08 1.35558e-07 188 150 107
1.49401e-07 2.88507e-10 1.44142e-07 163 126 90
2.94413e-08 -2.62957e-09 1.74049e-07 188 156 120
3.83486e-08 2.3944e-09 1.66472e-07 186 151 114
1.82705e-07 -1.11894e-08 1.59131e-07 155 123 92
7.4943e-08 -3.28879e-08 2.14889e-07 186 151 114
-8.32026e-10 -2.75922e-08 2.14001e-07 187 152 118
3.10017e-08 7.28084e-09 1.60995e-07 196 163 126
-3.954e-08 -2.31182e-08 1.73241e-07 48 60 71
2.4498e-08 -2.42996e-08 1.60048e-07 238 180 136
-3.86869e-08 -2.05803e-08 1.69419e-07 54 66 80
5.58773e-08 -3.5015e-08 2.22015e-07 187 154 117
3.8544e-08 1.1469e-08 1.53042e-07 186 153 114
1.64036e-07 -2.53021e-08 1.74334e-07 134 138 141
4.56289e-08 5.80822e-09 1.57942e-07 196 164 126
3.83886e-08 -2.23678e-08 2.03472e-07 178 145 108
-6.5643e-09 -1.5944e-08 2.00781e-07 192 154 114
1.83878e-07 -1.17073e-08 1.6596e-07 155 122 90
1.40286e-07 -2.40606e-08 1.87809e-07 166 134 104
4.96817e-08 2.11353e-08 1.35961e-07 192 148 106
3.04065e-08 -3.71286e-08 2.21829e-07 190 154 119
1.36477e-09 -2.61632e-08 2.14783e-07 185 150 116
3.3292e-08 1.46043e-08 1.47934e-07 178 137 98
5.81497e-08 -4.33896e-08 2.26625e-07 164 170 180
6.59985e-09 -2.12159e-09 1.79742e-07 200 166 128
-4.05666e-08 2.80646e-09 1.89495e-07 38 37 40
1.29504e-09 -2.58953e-08 2.11487e-07 176 142 107
3.05625e-08 6.77891e-09 1.35318e-07 61 50 50
1.20561e-09 -2.73755e-08 1.87506e-07 142 74 46
2.2538e-08 -2.40335e-08 1.7035e-07 63 22 6
2.3209e-08 -1.28446e-08 1.78494e-07 189 156 122
-4.05834e-08 -2.11813e-08 1.69115e-07 52 64 78
4.40716e-09 -1.54656e-09 1.75708e-07 200 166 128
9.9746e-08 -1.69106e-08 1.79414e-07 176 138 104
3.84734e-08 -6.31351e-09 1.722e-07 186 154 124
8.49029e-09 -1.16453e-08 1.93571e-07 186 150 114
-1.17554e-08 3.58455e-08 1.30176e-07 212 172 129
4.123e-09 -2.26836e-08 2.05705e-07 119 88 64
6.38203e-09 1.11563e-09 1.75378e-07 190 151 115
2.79158e-08 1.76981e-08 1.47029e-07 199 160 117
7.41359e-08 1.74568e-08 1.36141e-07 196 160 114
8.48111e-09 -7.80848e-09 1.87462e-07 195 164 129
-4.35035e-08 -1.79044e-08 2.07612e-07 182 144 108
-3.88519e-08 -2.37955e-08 1.73595e-07 48 60 72
-4.13584e-08 -8.73266e-10 1.87757e-07 40 49 55
-9.45332e-09 -3.01901e-08 2.2163e-07 181 143 107
3.12991e-08 -1.50788e-08 1.685e-07 158 62 29
7.21427e-08 -5.33833e-09 1.66464e-07 188 154 118
-4.42928e-08 -2.0184e-08 1.80054e-07 32 31 32
1.22841e-07 -2.99437e-08 1.93073e-07 172 142 112
1.97756e-08 -1.37607e-08 1.86304e-07 106 80 60
1.13126e-07 -4.78464e-08 1.85724e-07 184 186 193
6.76671e-08 1.78433e-08 1.36461e-07 144 106 80
3.13068e-08 -1.97389e-08 1.86192e-07 134 96 63
-5.01983e-09 -2.41758e-08 2.11492e-07 186 150 114
2.49315e-08 -3.25771e-08 2.19287e-07 154 112 82
1.30476e-07 -3.24274e-08 1.90895e-07 150 160 168
3.96014e-09 -3.11384e-08 2.20022e-07 180 144 109
-3.20791e-08 1.90545e-09 1.78572e-07 202 168 130
6.98389e-08 -3.34399e-08 2.12545e-07 184 150 113
3.33878e-08 1.46378e-08 1.3982e-07 38 44 42
-4.2e-08 4.50861e-09 1.80597e-07 182 142 100
-3.9668e-08 -2.70533e-09 1.86622e-07 20 18 20
1.04592e-07 -1.01527e-08 1.72032e-07 168 130 94
-3.59796e-08 -1.99675e-08 1.69509e-07 54 66 78
3.26096e-08 3.92047e-09 1.6512e-07 194 162 124
2.90226e-08 1.28603e-09 1.70432e-07 192 158 122
9.04071e-09 -2.83382e-08 2.14355e-07 119 86 60
6.50061e-08 -1.58403e-09 1.63438e-07 193 160 123
9.43108e-09 -1.49369e-08 1.93915e-07 190 154 118
-3.90093e-08 2.7545e-09 1.90875e-07 20 19 23
3.13579e-08 4.14794e-09 1.36471e-07 56 32 12
3.47737e-08 -3.5996e-08 2.2404e-07 176 140 105
1.216e-07 -3.16746e-08 1.91485e-07 156 152 146
-3.50803e-08 -1.7928e-08 2.06445e-07 158 128 98
2.63435e-08 -1.76866e-08 1.9089e-07 74 50 56
1.84718e-07 -2.07982e-08 1.61296e-07 133 124 120
1.30491e-07 -2.10155e-08 1.81887e-07 168 135 104
-4.03832e-09 -7.37924e-09 1.83625e-07 192 158 122
1.98143e-08 -3.15955e-08 2.18094e-07 182 147 114
3.05694e-08 -3.70228e-08 2.20889e-07 188 154 118
-4.11389e-08 -6.36646e-09 1.91368e-07 30 31 34
3.35542e-08 2.23624e-08 1.40312e-07 197 154 109
1.50254e-07 -1.5452e-08 1.70677e-07 164 130 96
-4.68209e-08 -1.37579e-08 2.04374e-07 192 158 122
7.26647e-08 -3.27831e-08 2.09414e-07 187 153 116
9.33975e-08 -1.29576e-08 1.74705e-07 180 145 110
3.39118e-08 -1.0382e-08 1.70332e-07 24 43 66
6.64077e-08 1.87015e-08 1.35987e-07 194 153 117
1.56163e-07 -5.34081e-09 1.52073e-07 162 128 94
3.46443e-08 -1.09062e-08 1.77114e-07 14 32 52
4.60583e-08 4.6474e-09 1.6158e-07 192 160 122
1.85042e-08 2.9963e-08 1.31887e-07 206 165 118
6.73803e-08 -2.89191e-08 2.1362e-07 182 142 106
5.22563e-08 2.01649e-08 1.3767e-07 195 152 110
-6.17799e-09 7.53223e-09 1.67571e-07 202 170 134
1.39424e-07 7.14037e-09 1.34361e-07 161 126 90
1.13542e-07 -5.84523e-08 2.00541e-07 186 187 191
1.9844e-08 3.32437e-08 1.24122e-07 216 182 134
4.54917e-08 3.25455e-09 1.62771e-07 186 150 114
1.93954e-08 -1.41547e-08 1.80711e-07 182 148 116
3.34158e-08 1.06103e-08 1.43732e-07 109 74 44
1.62019e-07 -2.62323e-08 1.72317e-07 136 144 151
1.53024e-08 3.37527e-08 1.26368e-07 218 182 136
3.41643e-08 -1.0413e-08 1.6828e-07 193 154 121
-4.93503e-08 -9.04967e-09 1.97103e-07 188 155 121
1.95105e-09 -1.83621e-08 1.91215e-07 186 149 113
1.35937e-08 9.50902e-09 1.60651e-07 196 164 128
7.73483e-08 1.05302e-08 1.46683e-07 188 146 106
1.74816e-07 -1.94894e-08 1.76672e-07 159 126 96
1.50719e-08 2.82431e-08 1.36228e-07 208 170 126
1.49628e-07 6.07379e-09 1.35707e-07 166 134 99
3.71123e-08 -3.98285e-08 2.28606e-07 185 149 114
1.25446e-08 -8.70031e-10 1.75477e-07 193 156 118
4.86389e-08 6.01127e-09 1.5984e-07 199 168 130
1.48744e-07 -1.02198e-08 1.60741e-07 170 136 102
7.10497e-08 2.0164e-08 1.34014e-07 190 146 104
9.26136e-08 2.06676e-08 1.2886e-07 184 146 108
-1.50389e-08 3.28299e-09 1.72361e-07 200 163 126
4.00326e-08 -8.24964e-10 1.69183e-07 190 158 122
1.24008e-07 -3.12023e-08 1.83519e-07 150 154 158
3.34455e-09 -8.80054e-09 1.91797e-07 191 160 124
3.161e-08 1.09875e-08 1.5639e-07 194 159 122
4.4405e-08 -3.07192e-09 1.70138e-07 192 160 122
4.00317e-08 -2.21656e-08 1.99652e-07 126 96 67
-3.8679e-09 -2.39799e-08 2.10724e-07 184 148 113
-3.69957e-08 -2.43495e-08 1.74592e-07 66 80 92
1.44524e-07 -1.28918e-08 1.6305e-07 164 130 96
5.9086e-08 2.57069e-08 1.22567e-07 193 151 108
2.71428e-08 -1.76495e-09 1.73427e-07 192 159 124
-9.95097e-09 3.52931e-08 1.30657e-07 210 170 128
-6.40515e-08 1.11764e-08 1.74014e-07 196 159 122
1.35708e-07 -8.28406e-09 1.54493e-07 166 130 96
-1.1641e-08 4.3947e-08 1.16372e-07 218 180 136
3.11643e-08 -1.32278e-08 1.69277e-07 128 55 33
-4.45282e-08 8.32727e-09 1.788e-07 185 146 106
2.64193e-08 6.10081e-09 1.61138e-07 198 166 130
1.05455e-08 9.115e-09 1.62699e-07 194 163 128
1.28547e-07 -2.0034e-08 1.78742e-07 170 136 103
1.40467e-07 -2.01506e-08 1.73496e-07 175 141 108
9.6468e-08 5.83539e-09 1.51528e-07 180 145 107
-5.67391e-08 3.1904e-08 1.46737e-07 214 174 134
6.07351e-08 -6.53585e-08 2.20402e-07 196 196 201
-3.3928e-08 1.53001e-09 1.8027e-07 197 164 128
-4.95529e-08 -8.32686e-09 2.01474e-07 185 150 116
-4.83092e-08 -4.7609e-09 1.9283e-07 192 158 122
1.26711e-07 -3.93363e-08 1.86289e-07 155 160 164
-5.03048e-08 -9.78651e-09 2.01169e-07 182 146 112
5.45998e-08 2.0934e-09 1.61813e-07 192 158 121
-3.04995e-08 -2.06067e-08 1.71656e-07 132 116 96
1.01276e-07 1.10038e-08 1.37499e-07 184 146 109
3.56334e-08 -2.25035e-08 2.00563e-07 182 149 114
2.55399e-08 -2.87067e-08 1.59594e-07 109 20 36
-1.07316e-08 4.41412e-08 1.20177e-07 210 173 130
-5.17572e-08 -7.3759e-09 1.99824e-07 191 160 126
2.68415e-08 -2.48122e-08 1.57302e-07 104 133 145
-1.02898e-08 3.5201e-08 1.29445e-07 216 176 134
9.39727e-08 -3.61392e-09 1.63084e-07 185 151 114
8.82532e-09 9.00208e-09 1.62537e-07 198 166 130
1.53378e-07 -1.08273e-08 1.57424e-07 158 124 90
1.25837e-09 -5.19802e-11 1.74831e-07 190 154 117
-6.26388e-08 1.50402e-08 1.7322e-07 192 152 115
-8.2764e-08 1.77684e-08 1.69463e-07 196 156 120
4.33063e-08 5.90251e-09 1.62366e-07 198 166 128
1.73594e-08 1.98814e-08 1.41038e-07 202 162 119
2.84255e-08 -2.06296e-08 1.94929e-07 162 128 96
-6.45923e-08 1.44997e-08 1.706e-07 194 155 118
1.3139e-07 -3.10595e-09 1.56847e-07 176 140 105
1.94675e-08 2.9998e-08 1.33112e-07 213 177 130
8.68745e-08 -5.5208e-09 1.68386e-07 190 158 121
1.60365e-07 1.01418e-08 1.35059e-07 168 136 101
1.02535e-08 2.265e-08 1.3986e-07 208 172 130
1.09754e-07 6.82183e-09 1.49145e-07 178 144 110
1.36759e-07 -7.36764e-09 1.50652e-07 165 130 94
8.97546e-08 1.59562e-08 1.35971e-07 180 138 98
1.39513e-07 -6.33065e-09 1.55738e-07 167 131 96
-4.15418e-08 -1.86771e-08 1.68657e-07 52 64 78
1.83805e-08 2.02049e-08 1.44847e-07 205 165 122
1.30658e-07 -4.07651e-09 1.56114e-07 174 138 103
6.11373e-08 -2.07901e-09 1.61928e-07 194 162 124
1.46589e-07 9.15523e-10 1.42521e-07 166 131 96
1.10225e-07 -5.37792e-08 1.92024e-07 188 190 196
6.90474e-08 1.99629e-08 1.3455e-07 190 148 106
-4.71411e-09 5.32013e-09 1.67993e-07 200 164 128
1.25263e-07 -2.97874e-08 1.92277e-07 173 142 114
1.82872e-08 -4.23911e-08 2.34323e-07 180 144 110
1.26863e-07 -4.10977e-08 1.85204e-07 170 173 178
1.5147e-07 -1.00332e-09 1.44367e-07 156 120 84
-9.375e-09 5.76876e-09 1.70515e-07 204 170 134
-4.06462e-08 -2.0354e-08 1.70442e-07 52 64 76
-5.1911e-08 1.89165e-09 1.87046e-07 188 154 118
1.69316e-07 -1.724e-08 1.70058e-07 162 130 98
2.42671e-08 -1.17786e-08 1.9624e-07 134 97 86
8.10885e-08 1.67902e-08 1.3967e-07 186 146 106
1.23845e-07 1.9555e-09 1.43684e-07 172 136 100
3.35021e-08 -1.0945e-09 1.8215e-07 194 160 123
1.83111e-07 -1.50768e-08 1.59875e-07 148 118 88
5.96323e-08 1.15342e-09 1.61747e-07 190 154 118
7.96361e-08 -1.13152e-09 1.58395e-07 184 150 114
1.02261e-08 7.86119e-09 1.65445e-07 196 162 127
-7.48053e-09 -2.87601e-08 2.21029e-07 186 150 114
1.80349e-08 -3.44614e-08 1.65132e-07 182 146 110
-1.54162e-08 3.41723e-08 1.32077e-07 210 168 126
-4.56338e-08 6.73868e-09 1.77668e-07 186 144 104
4.6312e-08 -4.0637e-08 2.27154e-07 178 141 106
3.67142e-08 -2.47801e-08 2.0219e-07 175 141 105
7.00878e-08 3.86905e-09 1.55498e-07 186 150 114
3.27897e-08 2.53822e-09 1.48028e-07 158 126 92
3.81506e-08 1.15451e-09 1.68475e-07 185 151 114
-4.67316e-08 6.07737e-09 1.8386e-07 184 141 100
-2.93655e-08 4.11479e-09 1.78814e-07 204 172 134
4.90118e-09 -3.42141e-08 2.22652e-07 171 134 100
3.77592e-08 -3.75796e-08 2.23807e-07 185 151 115
4.21332e-09 -1.89179e-08 2.04918e-07 139 108 80
1.46901e-07 -9.63718e-09 1.58306e-07 168 133 98
1.14062e-07 -1.11167e-08 1.65985e-07 170 134 98
1.37604e-07 -2.13813e-08 1.70036e-07 170 138 108
6.25394e-08 -3.04865e-08 2.07149e-07 181 144 108
-2.16812e-08 2.35388e-08 1.45751e-07 206 168 126
5.04498e-08 -6.39046e-08 2.1805e-07 196 195 200
6.73089e-09 -3.47381e-09 1.80765e-07 189 154 116
5.2282e-08 -2.68393e-08 2.01593e-07 180 143 108
-3.87034e-08 -2.35155e-08 1.72559e-07 48 60 71
2.70847e-08 2.63182e-08 1.34746e-07 204 168 124
2.53961e-08 2.23024e-08 1.41801e-07 196 156 111
2.62341e-07 -2.32327e-09 1.61233e-07 122 108 96
-4.72471e-08 2.27454e-08 1.55788e-07 212 175 134
3.36013e-08 -8.10731e-09 1.73413e-07 18 45 72
-7.5028e-09 1.7379e-08 1.5473e-07 194 151 111
-3.78586e-08 -2.38688e-08 1.71682e-07 60 72 83
-5.94829e-08 1.49312e-08 1.69824e-07 198 158 120
2.69932e-08 -2.43843e-09 1.75143e-07 192 158 122
1.23437e-08 1.03688e-11 1.73772e-07 194 158 121
-1.03823e-08 4.83491e-09 1.73217e-07 196 161 122
-6.69585e-08 1.58876e-08 1.69498e-07 200 162 125
3.40407e-08 9.41238e-09 1.5642e-07 188 152 114
2.29949e-07 -4.58844e-10 1.42092e-07 97 105 110
-4.76324e-08 1.60568e-09 1.83533e-07 187 148 108
6.2401e-08 -2.67128e-08 1.98837e-07 178 140 103
1.30556e-07 -2.1409e-08 1.88014e-07 166 134 102
9.02225e-09 1.29191e-08 1.59084e-07 204 168 132
1.87949e-07 -2.37451e-08 1.64684e-07 123 132 142
1.2398e-08 5.93956e-09 1.66287e-07 197 163 126
-5.8003e-08 1.57271e-08 1.69419e-07 194 155 118
3.6052e-08 4.55348e-10 1.69099e-07 188 156 119
1.64005e-08 2.94223e-08 1.3388e-07 217 182 139
8.86301e-08 -8.19015e-09 1.6721e-07 184 150 115
5.46864e-08 -4.4643e-10 1.66805e-07 193 158 120
1.69763e-08 -5.46049e-09 1.80151e-07 186 148 110
-6.58675e-09 4.52084e-08 1.18843e-07 206 166 124
-6.7536e-08 1.06779e-08 1.76149e-07 193 154 116
-6.91957e-09 -7.8943e-09 1.82647e-07 192 158 121
5.18514e-08 -2.47498e-08 2.0529e-07 188 154 118
1.48647e-07 -7.0191e-09 1.55963e-07 160 124 89
4.88473e-08 -4.73983e-08 2.2085e-07 176 182 192
3.19001e-08 -1.32873e-08 1.72589e-07 22 43 72
1.36965e-08 3.03545e-08 1.34123e-07 210 176 133
9.46442e-09 2.78315e-08 1.37037e-07 217 186 142
1.468e-07 -2.96838e-08 1.84838e-07 148 154 167
-4.33699e-08 -1.63166e-08 2.08913e-07 190 156 119
-4.41269e-08 -1.86228e-08 1.69278e-07 38 45 56
4.91458e-08 -3.2395e-08 2.07354e-07 180 140 104
9.8513e-09 -3.40003e-08 2.21806e-07 174 138 104
1.00775e-07 -1.2613e-08 1.74125e-07 176 136 102
-3.18363e-08 4.50838e-09 1.76511e-07 200 166 128
-4.05256e-08 -1.7637e-08 2.09867e-07 184 146 110
-3.54046e-08 -1.57651e-08 1.71787e-07 49 57 66
1.28265e-08 7.2336e-09 1.72207e-07 192 154 119
3.32659e-08 -3.64915e-08 2.18812e-07 188 154 118
8.63991e-08 1.3402e-08 1.41703e-07 188 144 105
3.16246e-08 -5.81759e-10 1.37247e-07 124 94 72
1.88167e-08 3.84766e-08 1.19951e-07 222 183 132
1.31254e-07 -4.18566e-08 1.82901e-07 177 180 184
3.04587e-08 -3.58455e-08 2.21061e-07 178 142 106
1.17087e-08 1.55027e-08 1.60192e-07 204 170 132
5.0567e-08 2.47393e-08 1.25235e-07 192 149 106
6.98709e-08 1.20104e-08 1.36837e-07 184 141 98
1.31732e-08 1.70919e-09 1.68353e-07 190 155 118
7.69027e-08 1.32276e-08 1.42398e-07 158 120 88
1.06551e-08 2.38602e-08 1.42336e-07 208 174 132
-6.07289e-08 1.24029e-08 1.74294e-07 196 164 126
3.16689e-08 -2.04655e-08 1.87748e-07 124 98 71
1.75979e-08 1.51687e-08 1.51998e-07 200 166 128
4.68124e-08 3.45515e-09 1.619e-07 186 151 114
3.40295e-08 2.44219e-08 1.34345e-07 191 148 105
7.67145e-08 4.81962e-09 1.5424e-07 186 150 110
7.14499e-08 3.57806e-09 1.53839e-07 187 151 114
6.03829e-08 5.40509e-09 1.52583e-07 195 163 126
-4.02812e-08 -1.01347e-08 1.78915e-07 26 22 21
5.53301e-09 2.28616e-08 1.4611e-07 206 172 130
-3.41106e-08 1.40037e-08 1.62366e-07 206 172 134
5.23917e-09 -2.83751e-08 2.14163e-07 146 111 81
5.47546e-08 2.55797e-09 1.53948e-07 194 161 124
2.09696e-08 -3.48405e-08 2.1719e-07 178 144 108
6.91856e-08 2.24521e-08 1.27521e-07 192 152 112
2.10042e-08 -2.35531e-08 1.6796e-07 60 18 4
3.4544e-08 -2.16821e-08 1.91657e-07 126 96 68
-4.26801e-08 2.58986e-08 1.49984e-07 216 182 140
1.40434e-08 4.42635e-09 1.62641e-07 196 162 126
3.52542e-08 3.01265e-08 1.26379e-07 198 153 108
2.33607e-08 -3.95367e-08 2.30784e-07 178 142 108
9.19275e-08 -6.16005e-09 1.68005e-07 186 154 118
8.53403e-09 -1.48548e-11 1.7658e-07 199 165 128
2.80639e-08 -1.87978e-08 1.94371e-07 177 143 110
-1.32675e-08 4.04891e-08 1.22347e-07 209 170 126
5.97538e-08 2.35156e-08 1.3082e-07 200 157 114
-4.00126e-08 -1.49154e-08 1.70456e-07 38 44 51
4.63422e-08 -2.72991e-08 2.08092e-07 188 155 120
-1.15149e-08 3.48488e-08 1.30744e-07 210 168 128
1.18355e-07 -1.82718e-08 1.78142e-07 168 136 104
1.60552e-08 1.87523e-08 1.45038e-07 198 158 115
2.93761e-08 2.13479e-08 1.4012e-07 198 154 110
2.4325e-08 3.02034e-08 1.31054e-07 203 160 114
2.41976e-08 6.93226e-10 1.73074e-07 192 154 116
1.36142e-08 -3.30121e-08 2.2182e-07 171 136 102
1.2372e-07 -3.07866e-08 1.90004e-07 160 144 132
-1.55874e-08 3.51337e-08 1.33081e-07 206 165 122
-6.60702e-08 1.01986e-08 1.73988e-07 192 154 116
1.6591e-07 -1.52142e-08 1.62608e-07 154 122 90
-4.42527e-08 -1.24308e-08 2.03525e-07 145 117 86
5.38252e-08 -3.49731e-08 2.1858e-07 186 154 118
2.8638e-09 9.90745e-09 1.61265e-07 196 160 124
1.8945e-08 -3.61462e-08 2.2535e-07 178 144 109
1.02939e-07 -7.4461e-09 1.61419e-07 178 142 108
1.31596e-08 1.12259e-08 1.60107e-07 195 161 124
-5.88897e-08 1.55421e-08 1.69611e-07 196 154 118
-4.69025e-08 4.61021e-09 1.81407e-07 182 138 98
1.39905e-07 -2.67877e-08 1.86897e-07 172 144 113
3.97302e-08 8.97701e-09 1.55626e-07 184 147 110
-5.08813e-09 2.79317e-09 1.74636e-07 193 152 117
2.04845e-07 -1.22472e-08 1.59717e-07 144 114 84
-3.67307e-08 3.2718e-08 1.40606e-07 206 166 124
-3.75164e-08 1.09404e-08 1.70192e-07 197 158 118
3.57062e-08 -2.13439e-08 1.90715e-07 122 94 66
1.45039e-09 -4.75991e-09 1.84215e-07 191 156 120
1.96423e-08 -7.15624e-09 1.8724e-07 194 158 122
2.42145e-08 -3.76346e-08 2.25807e-07 188 154 119
-4.3385e-08 -1.15536e-08 2.0325e-07 122 95 68
-4.16054e-08 -1.47938e-08 2.01983e-07 122 94 67
-1.55329e-09 8.03328e-09 1.66893e-07 194 160 124
3.96872e-08 2.31151e-09 1.64355e-07 189 154 118
7.5333e-08 2.41983e-08 1.25271e-07 194 154 114
3.73381e-08 3.16589e-09 1.63847e-07 191 156 120
3.36789e-08 2.95183e-08 1.29473e-07 196 152 108
2.26583e-08 -3.36503e-08 2.16335e-07 178 142 110
-3.7692e-08 -5.54964e-09 1.88493e-07 16 12 11
-3.68004e-08 -1.84175e-08 1.67778e-07 50 57 69
2.60167e-08 3.21524e-08 1.25666e-07 218 182 136
2.13977e-08 1.29177e-08 1.55074e-07 191 150 111
4.15401e-08 2.01292e-09 1.65482e-07 192 157 120
6.2209e-08 -5.26149e-08 2.12331e-07 190 190 196
-6.77215e-08 7.68415e-09 1.80794e-07 187 144 108
4.16865e-08 -4.34632e-08 2.3072e-07 184 148 112
1.29195e-08 -1.81452e-09 1.76514e-07 184 146 106
1.23882e-07 -1.65633e-08 1.75993e-07 172 138 106
-5.34518e-09 4.22176e-08 1.20458e-07 214 172 126
3.62671e-08 -3.81239e-08 2.28453e-07 184 148 113
2.44754e-08 1.00643e-08 1.57599e-07 196 162 124
1.61396e-08 -3.23109e-08 2.16426e-07 180 144 110
-4.33587e-08 4.9463e-09 1.80433e-07 184 142 99
-1.98422e-08 5.63271e-10 1.80249e-07 195 155 116
8.42035e-08 -6.18673e-08 1.95672e-07 193 195 200
-4.4946e-08 -1.054e-08 1.99589e-07 122 94 69
1.3162e-08 3.39223e-08 1.27725e-07 218 184 140
-2.82873e-08 6.09973e-09 1.75215e-07 198 162 124
4.02297e-08 3.97401e-09 1.62117e-07 191 159 121
3.0984e-08 3.92294e-08 1.2406e-07 212 170 116
-5.07205e-10 -4.89552e-09 1.85394e-07 190 156 118
-2.46427e-08 2.74107e-08 1.43668e-07 216 180 138
-1.0577e-08 3.27164e-08 1.34212e-07 208 170 126
6.12865e-08 3.69844e-09 1.53465e-07 191 157 120
-5.53657e-08 3.63497e-08 1.39392e-07 215 173 132
1.70805e-07 -1.59084e-08 1.70754e-07 166 134 102
2.27952e-09 -2.35192e-08 1.87304e-07 188 156 126
4.10366e-08 -6.27765e-08 2.159e-07 196 194 199
-4.83006e-08 6.7699e-09 1.81162e-07 184 142 101
-4.46345e-08 -1.51625e-08 2.1339e-07 194 158 122
3.81127e-08 6.88747e-09 1.53689e-07 142 108 76
-1.75652e-08 3.59787e-08 1.34446e-07 212 169 127
1.92143e-07 -1.2475e-08 1.625e-07 150 118 88
9.51676e-08 -4.71436e-08 1.98335e-07 182 183 189
-6.65621e-08 5.4991e-09 1.85578e-07 190 151 114
8.99986e-08 6.13225e-10 1.53371e-07 177 142 104
7.07313e-08 -6.30037e-08 2.0322e-07 196 197 203
-1.91852e-09 3.1519e-08 1.34022e-07 216 182 138
7.78413e-08 2.32044e-08 1.28476e-07 190 149 108
-1.96718e-08 2.569e-08 1.43736e-07 210 168 124
-4.44918e-08 6.2906e-09 1.78987e-07 187 145 104
-7.54882e-08 2.08001e-08 1.66896e-07 196 156 118
-1.27849e-08 3.74516e-08 1.29666e-07 212 176 132
2.85955e-08 -2.06266e-08 1.81226e-07 230 142 66
1.35261e-07 -2.65533e-09 1.47793e-07 160 122 86
-1.29716e-11 -2.75501e-08 2.20462e-07 187 152 118
2.2961e-08 1.79094e-08 1.49546e-07 199 164 124
3.40514e-08 1.14677e-08 1.55741e-07 198 163 126
-3.90732e-08 -1.61209e-08 1.70859e-07 48 58 70
-4.96741e-09 2.20313e-08 1.49078e-07 207 172 132
-9.14789e-09 4.31528e-08 1.22187e-07 216 174 132
-4.62197e-08 4.08768e-08 1.31524e-07 216 178 138
-5.43925e-08 3.78599e-09 1.83457e-07 182 140 102
1.29316e-07 -2.14289e-09 1.4876e-07 166 128 92
3.6644e-08 -1.10229e-08 1.74445e-07 22 50 82
-4.4096e-08 -1.83706e-08 1.75551e-07 32 32 35
8.27382e-08 2.01131e-08 1.28979e-07 182 140 100
1.5872e-07 -2.71086e-08 1.73819e-07 135 142 152
-3.74298e-08 -1.99106e-08 1.68272e-07 52 64 76
1.69388e-08 -3.79467e-08 2.2729e-07 186 152 118
1.92633e-07 -1.80171e-08 1.76306e-07 158 126 95
7.04939e-08 8.16456e-09 1.50813e-07 192 158 119
2.12435e-07 -9.08124e-09 1.59513e-07 148 116 87
-6.16918e-09 5.65777e-09 1.68119e-07 198 166 129
5.21376e-08 -7.60632e-09 1.61558e-07 192 159 123
1.37193e-07 -3.77485e-08 1.74853e-07 168 170 174
-4.51954e-08 4.91332e-09 1.81085e-07 178 136 94
2.20663e-08 1.84443e-08 1.48653e-07 202 164 122
-2.35382e-08 3.97285e-08 1.27326e-07 216 177 135
5.02513e-08 2.34459e-08 1.31499e-07 196 154 112
5.6636e-08 3.03897e-09 1.61381e-07 194 160 124
-3.58771e-08 1.49177e-08 1.64012e-07 202 167 128
-2.28691e-08 2.96361e-09 1.78088e-07 193 158 121
8.65398e-08 2.03114e-08 1.3385e-07 194 156 114
4.43674e-08 2.24326e-08 1.35976e-07 196 157 114
2.35765e-08 3.38599e-08 1.27252e-07 219 187 142
5.4711e-08 4.44955e-09 1.59258e-07 187 153 116
2.88349e-08 3.42408e-08 1.22415e-07 208 168 116
2.80313e-09 -2.95282e-08 1.86763e-07 148 84 60
4.66906e-08 -2.88282e-09 1.68968e-07 194 160 123
8.90341e-08 2.96444e-09 1.52416e-07 190 160 124
-6.65071e-08 1.2889e-08 1.73112e-07 190 150 112
-3.13336e-08 3.63233e-09 1.79996e-07 203 170 132
7.87286e-08 -4.55026e-08 2.05968e-07 180 186 192
3.86348e-08 -2.45664e-08 2.02255e-07 162 130 97
-9.19382e-09 1.9173e-08 1.53078e-07 202 160 120
-8.4427e-08 1.40622e-08 1.78274e-07 193 160 124
-5.66381e-09 -2.62964e-08 2.153e-07 187 151 115
1.70451e-07 1.01724e-09 1.50675e-07 158 123 88
5.1614e-08 3.10724e-09 1.53105e-07 196 164 126
5.03421e-08 2.24602e-08 1.33546e-07 196 156 112
4.04824e-09 -5.17568e-09 1.86038e-07 190 156 118
2.6787e-07 -8.86344e-10 1.59392e-07 108 104 103
-4.25237e-08 -2.28042e-08 1.71865e-07 50 62 73
1.59637e-07 -1.04677e-08 1.57838e-07 156 124 90
4.67492e-08 2.27041e-09 1.63623e-07 184 149 112
2.32093e-08 3.41216e-08 1.24697e-07 221 188 144
-4.70762e-08 2.03668e-08 1.60061e-07 206 170 130
1.15389e-08 2.52051e-08 1.36629e-07 203 162 118
-8.41096e-08 1.86539e-08 1.70049e-07 192 152 115
3.68658e-08 2.84184e-08 1.29301e-07 204 160 118
-8.26222e-08 1.91628e-08 1.66886e-07 192 150 114
-4.58762e-08 -4.07768e-09 1.93024e-07 188 154 122
-3.67231e-09 9.13521e-09 1.65701e-07 196 160 122
3.13864e-08 2.62838e-08 1.35593e-07 203 168 124
8.04721e-09 7.84172e-09 1.63976e-07 198 164 130
-6.59388e-08 1.33274e-08 1.71901e-07 194 154 116
2.6593e-07 4.45012e-09 1.50657e-07 96 106 112
1.53021e-08 1.16763e-08 1.56797e-07 191 152 114
-5.93515e-08 1.09162e-08 1.73724e-07 196 162 125
-7.34924e-08 3.06704e-09 1.87472e-07 190 150 114
-1.07973e-08 9.98848e-09 1.62412e-07 200 163 126
1.5987e-07 -1.37091e-08 1.60211e-07 159 126 94
1.27739e-08 3.23061e-09 1.688e-07 193 157 121
-8.06177e-08 1.59409e-08 1.71504e-07 194 155 118
1.25343e-07 -1.0673e-08 1.61529e-07 167 132 98
-5.05192e-08 -6.68291e-09 1.98682e-07 194 164 129
1.62226e-08 2.32391e-08 1.38609e-07 205 170 130
-4.71963e-08 3.34566e-09 1.85161e-07 184 145 104
5.0699e-08 1.95094e-09 1.58542e-07 190 155 118
8.84067e-09 2.84839e-09 1.70787e-07 196 158 122
-7.9409e-08 2.35433e-08 1.60677e-07 208 178 146
-1.05373e-08 1.69649e-08 1.55355e-07 194 150 111
-4.44449e-08 5.30071e-09 1.79507e-07 192 150 108
-4.5076e-08 2.70896e-08 1.49255e-07 214 176 136
-6.15263e-08 2.11308e-08 1.6033e-07 202 158 119
-2.99654e-09 3.26142e-08 1.32444e-07 210 169 125
1.22202e-08 -3.78969e-08 2.28617e-07 180 145 110
1.06786e-08 2.5095e-08 1.40811e-07 206 166 122
1.10882e-07 3.75102e-09 1.46305e-07 178 143 106
5.45521e-08 -4.76198e-08 2.22153e-07 179 184 192
-4.31542e-08 2.27673e-08 1.54545e-07 213 177 135
-6.15056e-08 1.61755e-08 1.67016e-07 200 162 124
3.24133e-08 2.8507e-08 1.33047e-07 200 158 114
1.13663e-07 -6.93538e-09 1.60826e-07 176 140 105
-2.43837e-09 -4.70851e-09 1.81417e-07 197 166 130
-4.99564e-08 2.51691e-09 1.81696e-07 184 141 100
5.52333e-08 -3.92967e-08 2.24316e-07 174 140 103
4.89262e-08 -4.48002e-08 2.23014e-07 168 174 184
-4.07803e-08 -1.43927e-08 1.78388e-07 26 22 24
-3.68127e-08 5.79008e-09 1.9329e-07 46 45 50
-4.65864e-08 -8.91485e-09 1.99426e-07 179 146 115
-3.86483e-08 -1.55099e-08 1.7007e-07 48 59 70
-8.3895e-08 1.78501e-08 1.68027e-07 192 150 113
-6.88127e-09 3.09121e-08 1.35214e-07 216 180 138
9.71018e-08 -1.03742e-08 1.72551e-07 176 139 104
1.42565e-08 -3.97931e-08 2.31792e-07 180 146 111
-4.85379e-08 -5.70823e-09 1.92627e-07 192 158 122
-4.21369e-08 -1.28444e-08 1.72999e-07 28 24 26
-4.58122e-08 -5.21852e-09 1.9217e-07 181 152 121
-4.01537e-08 -1.13271e-08 1.77951e-07 27 23 22
-4.89473e-08 2.39214e-08 1.54345e-07 204 166 124
-4.86434e-08 -1.35114e-08 2.05212e-07 192 158 123
2.96989e-08 9.01661e-09 1.61739e-07 194 162 124
1.87731e-08 -1.29873e-08 1.80831e-07 155 120 90
2.02057e-08 -1.24548e-08 1.89899e-07 102 120 125
1.90521e-08 -1.48783e-08 1.78794e-07 174 112 78
3.16436e-08 1.67067e-08 1.4394e-07 214 238 242
8.93005e-09 2.584e-10 1.76118e-07 201 167 130
2.54554e-08 -1.70065e-08 1.72359e-07 82 53 46
1.79547e-10 -2.64621e-08 1.88105e-07 166 120 102
3.22002e-08 1.14282e-08 1.42126e-07 76 56 43
3.37258e-08 1.49166e-08 1.44259e-07 201 224 236
3.00259e-08 -1.97282e-08 1.62315e-07 214 154 108
3.07175e-08 7.60031e-09 1.38151e-07 142 112 74
2.55294e-08 -2.5086e-08 1.58679e-07 142 121 112
2.70763e-10 -2.35142e-08 1.94815e-07 140 112 82
2.58243e-08 -2.06406e-08 1.63537e-07 210 139 86
3.25922e-08 1.29411e-08 1.50138e-07 194 152 108
3.28125e-08 1.11366e-08 1.47407e-07 144 109 74
3.22396e-08 -1.00932e-08 1.72301e-07 20 37 62
2.90184e-08 -1.66893e-08 1.62273e-07 232 136 52
2.87673e-10 -1.77366e-08 1.92048e-07 216 226 218
3.05378e-08 8.03716e-09 1.3989e-07 144 116 69
4.36423e-08 -6.42419e-08 2.16499e-07 196 194 196
3.44929e-08 -6.48403e-09 1.7292e-07 20 39 68
3.3725e-08 2.09081e-08 1.46428e-07 198 158 115
3.96494e-08 -3.53775e-09 1.7263e-07 132 108 88
2.57995e-08 -1.78002e-08 1.73114e-07 98 85 84
-3.96962e-08 -6.77877e-09 1.98089e-07 118 90 66
5.59167e-08 -4.56717e-08 2.19185e-07 170 176 182
7.41852e-08 -4.82233e-08 2.0631e-07 184 184 186
-2.50431e-10 -2.72459e-08 1.86584e-07 132 66 40
2.8336e-09 -2.69129e-08 1.85485e-07 158 102 78
1.87975e-08 -1.53865e-08 1.80312e-07 176 110 74
3.45421e-08 1.26049e-08 1.49899e-07 189 150 108
3.32069e-08 -8.96172e-09 1.779e-07 19 36 51
6.42781e-08 -6.42938e-08 2.03378e-07 198 198 200
-3.60652e-08 -2.30795e-08 1.75092e-07 64 75 85
3.26414e-08 1.19241e-08 1.3824e-07 174 166 93
2.2332e-08 -1.04482e-08 1.85774e-07 182 148 116
3.43938e-08 1.07107e-08 1.36407e-07 244 232 192
6.11297e-08 -5.37873e-08 2.11619e-07 192 192 195
1.22017e-07 -4.45236e-08 1.78755e-07 178 179 180
3.52166e-08 1.23106e-08 1.3973e-07 178 167 94
3.14121e-08 -1.91771e-08 1.55522e-07 184 142 104
2.12027e-10 -2.80228e-08 1.88146e-07 137 67 42
-4.55426e-10 -2.37674e-08 1.91893e-07 174 152 121
3.37798e-08 -5.91573e-09 1.72543e-07 22 42 66
4.30533e-08 -6.14654e-08 2.19258e-07 190 186 188
3.2426e-08 -1.24965e-08 1.68183e-07 162 82 45
2.09229e-08 -1.73458e-08 1.75658e-07 214 139 60
3.49507e-08 4.04603e-09 1.35834e-07 60 36 24
2.45056e-08 8.18653e-09 1.61518e-07 198 165 126
3.3159e-08 -1.26447e-08 1.69293e-07 158 68 30
-4.24136e-08 -2.00625e-08 1.78744e-07 40 46 54
3.60471e-08 5.99307e-09 1.60853e-07 196 162 124
-3.6006e-08 -4.52948e-09 1.87741e-07 19 15 16
3.21311e-08 2.4875e-09 1.66323e-07 185 149 112
2.58004e-09 -2.44993e-08 1.88187e-07 214 194 179
9.33442e-08 -4.63925e-08 1.96743e-07 186 187 190
3.09911e-08 5.76865e-09 1.61526e-07 194 160 122
-1.91946e-08 3.72389e-09 1.77259e-07 196 158 119
-3.53223e-08 -2.12473e-08 1.77238e-07 50 62 72
2.83204e-08 -1.73392e-08 1.5843e-07 183 146 108
2.11521e-08 4.94189e-10 1.72307e-07 189 148 109
-4.02484e-08 -1.59088e-08 1.77723e-07 30 32 38
4.32678e-08 6.28631e-10 1.65678e-07 192 158 120
-3.8951e-08 -2.92649e-09 1.90198e-07 20 20 24
-1.48089e-08 5.27462e-09 1.75559e-07 198 162 124
1.50069e-08 6.43061e-09 1.65261e-07 200 164 126
1.58717e-08 -1.11516e-08 1.91013e-07 187 152 116
4.93916e-08 -6.06864e-08 2.1575e-07 196 196 199
2.97629e-08 2.52164e-08 1.35745e-07 200 166 123
4.9154e-08 -4.93947e-08 2.20806e-07 180 184 190
7.02819e-08 2.08844e-09 1.55997e-07 192 159 122
5.40997e-08 -4.96094e-08 2.19196e-07 186 188 190
6.56709e-08 -7.06368e-08 1.98289e-07 198 198 202
7.58374e-08 3.17351e-10 1.57537e-07 190 162 124
2.88237e-08 2.10744e-08 1.47329e-07 198 159 114
-1.45058e-08 7.35136e-09 1.69376e-07 202 167 128
3.51394e-08 -2.52132e-08 2.02969e-07 185 153 118
1.89626e-08 -4.42388e-09 1.79059e-07 186 150 110
6.44988e-09 -2.95808e-08 1.90262e-07 166 106 87
1.51313e-08 1.01954e-08 1.58759e-07 196 162 125
-6.21127e-08 1.21252e-08 1.74627e-07 199 163 126
5.22397e-09 -1.16551e-08 1.91294e-07 184 149 114
-4.01381e-08 -1.47045e-08 1.71203e-07 38 42 48
1.21376e-08 8.58652e-09 1.62439e-07 200 168 130
1.21591e-08 -2.89628e-09 1.79275e-07 188 148 108
3.87616e-08 -6.11698e-08 2.20867e-07 197 194 196
6.43265e-08 -6.52786e-08 2.04286e-07 198 196 200
-9.67561e-09 3.69697e-08 1.3362e-07 216 181 136
-2.83484e-08 6.93506e-09 1.74296e-07 202 165 127
-3.68988e-10 -1.8282e-08 2.03655e-07 196 162 130
-3.47952e-08 -1.81537e-08 1.69237e-07 48 60 72
9.17189e-09 6.58648e-09 1.65133e-07 192 155 118
4.06868e-08 -2.43327e-08 2.01406e-07 158 127 96
-2.69118e-08 3.96243e-08 1.31026e-07 215 176 134
-5.30073e-09 7.78021e-09 1.67145e-07 203 170 133
4.57209e-08 -3.07739e-08 2.04815e-07 180 144 108
1.03728e-07 -8.55699e-09 1.60752e-07 174 138 103
1.11552e-07 -8.33099e-09 1.61627e-07 172 136 101
-3.85971e-08 -1.49023e-08 1.71271e-07 46 56 65
-2.64469e-08 1.99497e-08 1.58198e-07 206 162 116
4.6159e-08 -1.62817e-10 1.63731e-07 193 158 120
1.96401e-08 7.30579e-09 1.62449e-07 198 165 126
-5.00758e-08 2.77457e-09 1.85439e-07 191 154 115
2.29074e-08 2.33465e-08 1.37759e-07 206 170 127
3.99416e-08 -2.52299e-08 2.02364e-07 170 140 106
1.16071e-08 4.34504e-09 1.68018e-07 194 158 119
5.65922e-08 -5.87134e-08 2.12883e-07 197 197 199
2.57794e-08 2.75924e-08 1.34863e-07 201 161 118
2.54657e-08 2.27612e-08 1.40309e-07 198 160 116
1.74927e-08 1.3205e-08 1.54928e-07 195 154 113
4.4866e-08 -2.89667e-08 2.0637e-07 183 149 114
-5.01493e-08 -1.04223e-08 2.05858e-07 195 162 126
5.05304e-08 -1.1507e-09 1.66668e-07 192 156 118
5.88099e-09 -8.69388e-09 1.89035e-07 188 156 122
2.20945e-08 -2.75657e-08 1.60648e-07 94 34 10
2.31613e-08 -3.39038e-08 1.63828e-07 186 130 78
3.29626e-08 -3.99027e-09 1.75523e-07 162 138 114
-3.29357e-10 -1.75176e-08 1.97905e-07 194 214 228
2.09748e-08 -2.51311e-08 1.6116e-07 198 130 89
1.74924e-09 -1.88952e-08 1.99273e-07 132 126 118
-1.84288e-09 -2.50568e-08 1.9296e-07 134 108 79
2.84337e-09 -1.05829e-08 1.91152e-07 187 152 117
3.15212e-08 9.42137e-09 1.42018e-07 116 83 53
-3.42884e-08 -1.884e-08 1.70142e-07 58 56 56
-1.48877e-09 -2.68314e-08 1.85256e-07 162 112 90
3.25451e-08 2.08954e-09 1.36965e-07 76 50 32
-3.98214e-08 -2.23206e-08 1.70514e-07 50 62 74
3.20295e-08 1.19737e-08 1.42512e-07 84 68 52
3.25231e-08 1.83181e-08 1.44255e-07 212 202 192
3.27469e-08 1.0011e-08 1.49086e-07 175 137 99
3.42274e-08 1.22814e-08 1.44803e-07 130 115 102
2.3695e-08 -3.27194e-08 1.63598e-07 158 102 74
4.8555e-08 -6.21642e-08 2.1334e-07 199 198 200
3.53781e-08 5.46259e-09 1.36008e-07 62 38 24
-3.91184e-08 -6.63691e-09 1.76606e-07 58 35 32
3.44328e-08 6.43818e-09 1.35926e-07 52 28 14
-4.24908e-08 -2.25066e-08 1.75088e-07 48 56 64
3.34477e-08 2.00023e-09 1.39625e-07 186 150 112
3.59836e-08 1.3016e-08 1.51942e-07 188 149 108
-4.03059e-08 -5.47575e-09 1.91314e-07 28 28 31
2.14837e-08 -1.21309e-08 1.85233e-07 142 111 84
4.45915e-08 -5.63658e-08 2.17883e-07 196 194 196
-4.16101e-08 -2.21638e-08 1.69875e-07 54 64 76
-3.71762e-08 -2.15131e-08 1.72204e-07 54 66 78
-3.88673e-08 -2.1512e-08 1.70891e-07 52 64 75
3.34401e-08 -6.57128e-09 1.73025e-07 18 42 64
-3.85925e-08 -1.54046e-08 1.71135e-07 54 58 64
-3.98824e-08 -5.85434e-09 1.98496e-07 82 62 47
4.43103e-08 -4.86885e-08 2.22597e-07 179 182 190
1.85275e-08 -6.39439e-09 1.83208e-07 194 162 124
-3.7403e-08 3.78697e-10 1.84188e-07 36 37 44
-3.78129e-08 1.78794e-09 1.86349e-07 50 53 60
3.45985e-08 -1.27886e-08 1.67966e-07 182 84 38
4.42046e-08 -5.28057e-08 2.21275e-07 182 180 181
-1.29032e-09 -2.75325e-08 1.87836e-07 122 59 36
5.51275e-08 -5.63867e-08 2.12283e-07 192 192 192
2.61952e-08 -2.30739e-08 1.5455e-07 198 154 126
-3.89206e-08 -2.09937e-08 1.68312e-07 56 68 80
3.62754e-08 5.22897e-09 1.62123e-07 192 158 121
3.0627e-08 -2.0033e-09 1.78292e-07 188 154 117
2.37729e-08 -2.16408e-08 1.72122e-07 20 36 51
3.47901e-08 1.13364e-08 1.50751e-07 194 155 116
3.50318e-08 1.78961e-08 1.42218e-07 175 200 204
2.66176e-08 -2.11523e-08 1.62737e-07 219 159 111
2.31462e-08 -2.40503e-08 1.62958e-07 200 150 116
4.45848e-08 -4.37115e-08 2.25377e-07 177 162 144
3.40632e-08 3.23847e-09 1.38296e-07 76 45 25
5.09084e-08 -4.2853e-08 2.21616e-07 172 164 154
-4.10775e-08 -1.69974e-08 1.69919e-07 47 56 68
2.41579e-08 -3.74693e-08 1.58595e-07 136 107 105
6.91877e-08 -5.16728e-08 2.0633e-07 193 194 196
5.01374e-08 -5.15508e-08 2.16957e-07 182 182 184
-3.86554e-08 -9.67277e-09 1.84327e-07 24 22 20
1.27248e-07 -8.92361e-09 1.6425e-07 170 136 100
-1.10656e-08 3.73485e-08 1.29677e-07 210 171 126
1.80354e-08 -2.92321e-09 1.77e-07 186 146 106
1.44389e-08 -8.41763e-09 1.9054e-07 184 146 111
4.84392e-08 -5.68098e-08 2.14752e-07 196 196 198
-5.54901e-08 -9.21971e-09 2.04594e-07 188 152 116
3.17472e-08 1.25805e-08 1.42011e-07 108 98 88
1.03932e-08 2.35962e-09 1.71586e-07 193 156 118
2.14356e-08 -2.8555e-08 1.62044e-07 113 47 38
1.4139e-08 8.08217e-09 1.61935e-07 202 169 132
2.7884e-08 4.81489e-09 1.64169e-07 192 158 120
4.36553e-08 -8.00943e-10 1.67766e-07 188 154 117
4.07464e-08 -6.21655e-08 2.16645e-07 198 194 196
4.5213e-08 -3.64684e-08 2.19255e-07 184 152 116
-5.72826e-08 8.35121e-09 1.76862e-07 193 150 112
-2.42817e-08 2.54546e-08 1.48356e-07 210 169 122
2.9348e-08 5.68886e-09 1.63153e-07 192 158 121
-6.367e-08 -5.40769e-09 1.96656e-07 191 150 115
-5.55617e-08 -1.36558e-08 1.9788e-07 195 161 125
-4.54802e-08 2.91744e-08 1.46778e-07 222 185 142
1.78725e-08 -2.31149e-10 1.72696e-07 190 152 114
4.00607e-08 2.69585e-08 1.32971e-07 190 149 106
2.80262e-08 3.04812e-08 1.32575e-07 198 156 112
5.01094e-09 -3.14995e-08 2.19548e-07 183 148 115
5.32389e-08 -5.50747e-08 2.14359e-07 195 194 198
2.26456e-08 3.48964e-08 1.27626e-07 210 180 138
6.92048e-08 -6.25863e-08 2.00111e-07 194 196 198
-4.65453e-08 2.77945e-08 1.48851e-07 216 176 133
8.89794e-08 -6.0007e-08 1.93491e-07 192 193 194
-1.2268e-08 7.18903e-09 1.71374e-07 206 174 136
-4.119e-08 -2.16582e-08 1.74864e-07 49 60 70
-3.17775e-08 9.16312e-09 1.705e-07 196 156 114
4.16328e-08 -3.11557e-08 2.08895e-07 183 148 112
2.06312e-08 -1.28069e-08 1.78509e-07 178 147 114
-3.92874e-08 -7.72622e-09 1.83783e-07 27 20 18
1.48597e-08 -1.37261e-08 1.91695e-07 190 156 122
3.20471e-08 6.11478e-09 1.4005e-07 172 140 102
3.23734e-08 5.75348e-09 1.38262e-07 188 162 136
3.15734e-08 1.50519e-08 1.50456e-07 190 148 106
4.43602e-08 -6.11606e-08 2.17731e-07 200 198 200
3.72589e-08 8.74835e-09 1.59222e-07 191 152 114
3.15542e-08 7.73997e-09 1.40208e-07 138 112 64
6.43347e-08 -5.97458e-08 2.07896e-07 198 198 200
7.08722e-08 -2.84609e-09 1.62358e-07 194 161 123
1.12851e-07 -1.12037e-08 1.69125e-07 172 136 100
1.29039e-07 -1.24247e-08 1.64792e-07 176 142 107
1.99979e-08 -1.5298e-08 1.8067e-07 182 106 72
2.29307e-08 1.91343e-08 1.44042e-07 200 158 112
1.52069e-10 5.5792e-09 1.05508e-07 194 152 108
6.22184e-09 -1.8081e-09 1.77159e-07 203 170 132
-9.07001e-09 1.99176e-08 1.51948e-07 203 160 120
1.92429e-08 1.89007e-09 1.69867e-07 188 152 112
3.29397e-08 2.87873e-08 1.30971e-07 197 156 112
3.8925e-08 -3.56981e-08 2.18974e-07 184 154 118
1.1994e-07 -6.78625e-09 1.61777e-07 170 136 100
-3.95483e-08 -2.33753e-08 1.75115e-07 49 58 68
1.41579e-07 -2.78318e-08 1.82241e-07 159 151 141
1.93886e-09 -1.99182e-08 2.03637e-07 168 136 108
6.37632e-08 -5.29902e-08 2.1191e-07 190 190 194
-1.15939e-08 7.40824e-09 1.66498e-07 198 162 126
-7.97641e-10 -9.08172e-09 9.88944e-08 180 142 102
-4.07798e-08 -1.40543e-08 1.76073e-07 29 28 30
2.16179e-08 -3.49672e-08 1.65697e-07 174 158 140
3.34602e-08 -1.20482e-08 1.7459e-07 28 42 58
-4.45054e-09 4.65252e-08 1.18392e-07 206 166 123
5.54519e-08 -5.49302e-08 2.1471e-07 195 195 196
-7.1641e-09 3.45382e-08 1.29003e-07 217 179 136
1.15675e-07 -1.24927e-08 1.70038e-07 168 132 96
4.73658e-08 -4.76029e-09 1.68445e-07 190 156 118
4.81373e-09 -3.0253e-08 2.17542e-07 178 142 108
1.89195e-09 3.21066e-09 1.7068e-07 194 156 120
-1.90992e-08 2.4424e-08 1.47851e-07 214 176 134
-4.49086e-08 2.43895e-08 1.51952e-07 210 174 132
4.78349e-08 2.19256e-08 1.36328e-07 192 150 108
1.24004e-07 -3.90905e-08 2.44625e-07 176 181 187
1.31005e-07 -4.21209e-08 2.40302e-07 186 188 191
1.7553e-08 -1.88379e-09 1.75458e-07 188 148 108
1.20175e-07 -3.99485e-08 2.44107e-07 178 182 188
1.02025e-07 -3.5849e-08 2.11349e-07 171 171 172
9.21336e-08 -3.74931e-08 2.1509e-07 170 176 178
1.53804e-07 -3.89073e-08 2.31675e-07 184 186 188
9.53347e-08 -3.65206e-08 2.12526e-07 174 173 174
9.17935e-08 -3.59745e-08 2.13795e-07 178 165 154
8.496e-08 -4.54164e-08 2.12539e-07 188 190 192
9.22754e-08 -4.08507e-08 2.11768e-07 180 184 186
8.95412e-08 -3.88054e-08 2.19437e-07 168 172 178
3.42779e-08 1.43644e-08 1.48827e-07 189 146 109
3.59249e-08 -9.20442e-09 1.77567e-07 12 32 52
3.46463e-08 3.80749e-09 1.36663e-07 56 34 23
-2.20347e-09 -1.92349e-08 2.0059e-07 194 160 122
1.70496e-08 -1.34857e-08 1.87681e-07 152 124 105
3.36455e-08 1.09629e-08 1.38611e-07 163 156 84
2.30522e-08 -1.80169e-08 1.75802e-07 247 152 70
-6.72467e-09 -1.60964e-08 1.93148e-07 198 203 207
6.84086e-09 -2.52003e-08 2.10554e-07 116 84 60
1.81762e-09 -1.40058e-08 1.9605e-07 209 236 252
3.41544e-08 1.3504e-08 1.51164e-07 192 150 109
3.45856e-08 1.28241e-08 1.39315e-07 186 186 110
1.60425e-10 -2.79953e-08 1.87595e-07 138 68 40
2.15267e-08 -1.64096e-08 1.87436e-07 72 41 44
2.78567e-09 -1.44406e-08 1.97011e-07 207 232 254
-6.17745e-10 -2.60156e-08 1.85532e-07 199 184 172
3.53307e-08 5.19501e-09 1.45595e-07 124 92 60
2.45222e-08 -2.06435e-08 1.66164e-07 124 78 54
-4.22322e-08 -2.7409e-09 1.85887e-07 48 50 56
2.43295e-08 -1.40067e-08 1.79099e-07 172 145 114
2.6261e-08 -5.19382e-08 2.3778e-07 181 181 186
2.10809e-08 -2.73747e-08 1.59785e-07 126 65 26
1.27232e-08 -1.1501e-08 1.89969e-07 188 150 114
3.54981e-08 -2.44336e-09 1.72876e-07 192 162 126
3.64526e-08 8.9866e-09 1.52751e-07 170 136 98
-4.11177e-08 -8.6921e-09 1.97958e-07 112 84 60
2.98103e-08 -2.18508e-08 1.9356e-07 142 112 82
-3.57571e-08 -1.83397e-10 1.79853e-07 47 44 46
-4.33854e-08 -6.84494e-09 1.89972e-07 31 32 36
3.21092e-08 7.13242e-09 1.53344e-07 192 153 116
3.09865e-08 -1.91167e-09 1.73532e-07 187 154 119
2.77668e-08 -7.40535e-09 1.72073e-07 24 37 52
9.38983e-09 -1.91417e-08 1.92079e-07 180 146 110
-4.23641e-08 -2.33587e-08 1.7754e-07 42 49 57
2.10282e-08 -7.44359e-09 1.80072e-07 188 158 122
2.52187e-09 -1.86011e-08 2.0194e-07 214 224 226
3.61502e-08 2.30714e-09 1.37288e-07 54 31 24
8.54806e-08 -3.62987e-08 2.15635e-07 178 143 106
-3.57384e-08 -1.49591e-08 1.99503e-07 124 96 71
3.19626e-08 -2.19924e-08 1.96736e-07 172 140 106
3.90084e-08 9.36437e-09 1.57462e-07 192 154 116
2.60201e-09 -3.00814e-08 1.95121e-07 126 65 40
-1.1775e-09 -2.52102e-08 1.89341e-07 196 173 148
3.64039e-10 -3.08632e-08 1.89366e-07 134 68 41
2.91952e-09 -2.96978e-08 2.19465e-07 178 138 103
2.23098e-08 -2.358e-08 1.62666e-07 130 138 144
-6.08073e-09 1.76177e-08 1.53899e-07 197 154 116
8.52874e-08 1.51151e-08 1.33943e-07 178 136 98
1.25525e-07 -2.69718e-08 1.94094e-07 172 140 107
8.71976e-08 -3.69887e-08 2.19904e-07 181 142 106
2.58767e-08 -5.01445e-08 2.34614e-07 180 179 186
3.34791e-08 8.8344e-09 1.35482e-07 228 216 204
1.22659e-07 -3.36351e-08 2.07384e-07 159 163 168
4.33781e-08 -3.05358e-09 1.74867e-07 185 152 116
3.12818e-08 1.96751e-08 1.46103e-07 200 158 115
-3.99995e-08 -1.23975e-10 1.86795e-07 34 36 40
2.99841e-08 -2.32151e-08 1.96364e-07 183 149 113
2.39536e-08 -1.80843e-08 1.71356e-07 22 82 112
-4.20885e-08 -1.78672e-08 1.69357e-07 46 54 64
-4.26174e-08 -2.13312e-08 1.77961e-07 44 50 60
1.02824e-07 -3.7494e-08 2.06261e-07 164 172 181
8.59693e-08 1.41117e-08 1.35161e-07 180 138 99
-3.93856e-08 -1.40525e-08 2.03936e-07 122 92 68
7.85965e-08 1.97755e-08 1.36416e-07 190 149 108
2.38881e-08 -1.70729e-08 1.72649e-07 116 88 70
9.2131e-09 -1.36596e-08 1.9702e-07 184 146 112
3.04529e-08 7.71056e-09 1.36987e-07 196 171 140
-1.29737e-08 3.62365e-08 1.30017e-07 214 172 130
2.31867e-08 1.81898e-08 1.45555e-07 200 159 114
8.12745e-09 -2.19743e-08 2.2e-07 184 148 112
1.45266e-07 -1.72179e-08 1.68116e-07 162 127 93
1.58239e-07 -1.0765e-08 1.51621e-07 158 124 92
-3.37361e-08 -2.39815e-08 1.77628e-07 74 82 93
2.5226e-08 -4.6475e-08 2.36336e-07 180 140 104
4.71346e-08 2.09592e-08 1.3951e-07 186 148 108
1.36685e-07 -2.76342e-08 1.84064e-07 172 142 112
3.21133e-08 -1.02878e-08 1.7087e-07 20 43 70
6.85468e-09 -2.62698e-08 2.15485e-07 126 92 64
2.89938e-08 -1.66263e-08 1.6158e-07 250 170 68
-4.06876e-08 -1.57415e-08 2.04155e-07 123 94 67
-4.00831e-08 -6.79074e-09 1.76097e-07 33 33 36
4.59324e-08 5.5149e-09 1.60199e-07 196 164 126
3.16967e-08 -1.77884e-08 1.90445e-07 212 118 56
7.94045e-09 5.99875e-10 1.75064e-07 190 154 115
-8.96661e-10 -2.39373e-08 1.9106e-07 228 219 176
1.37355e-07 -3.19525e-08 1.93398e-07 151 160 167
7.28071e-08 1.77661e-08 1.34107e-07 190 149 108
-4.33956e-08 -1.97899e-08 1.77438e-07 37 41 48
7.13118e-08 -5.21167e-08 2.22103e-07 190 191 194
2.23004e-08 -1.55996e-08 1.92374e-07 26 60 90
5.54353e-09 -8.62793e-09 1.89452e-07 192 158 122
7.01167e-08 -2.80336e-08 2.03261e-07 184 146 108
1.22902e-07 1.40053e-09 1.57837e-07 182 148 110
3.03442e-08 1.12229e-08 1.47759e-07 188 150 108
1.18324e-08 -9.86036e-09 1.90462e-07 188 149 113
-4.09947e-08 -2.17794e-09 1.84121e-07 14 14 16
3.16026e-08 1.92154e-08 1.47663e-07 196 158 114
2.47375e-08 -2.08954e-08 1.96521e-07 183 147 111
-3.64055e-08 -1.57748e-08 1.98235e-07 126 98 72
8.23598e-08 -3.61507e-08 2.17636e-07 176 140 104
-4.06463e-08 -1.64584e-08 2.03373e-07 128 99 72
-8.23423e-08 1.77564e-08 1.68686e-07 196 158 119
1.43492e-07 -4.30569e-08 1.7588e-07 173 175 176
1.36653e-07 -1.89927e-08 1.8287e-07 170 136 104
4.25977e-09 -2.65525e-08 2.11005e-07 118 87 60
1.65066e-08 5.74153e-10 1.71886e-07 193 157 121
-3.17904e-08 -6.27584e-10 1.80558e-07 202 167 130
4.05716e-08 -4.41306e-08 2.27134e-07 180 148 112
6.45439e-09 -2.67535e-08 2.08765e-07 120 88 64
3.57931e-08 1.06414e-08 1.62686e-07 192 159 122
2.78396e-08 -2.0983e-08 1.97892e-07 178 143 108
6.84547e-09 -2.37149e-08 1.8783e-07 186 152 116
1.25855e-07 -2.19547e-08 1.83722e-07 169 136 103
9.43303e-08 -4.30597e-08 1.99762e-07 174 178 182
2.9073e-08 1.43848e-08 1.51495e-07 193 150 108
8.26041e-08 -4.1319e-08 2.18671e-07 168 174 184
1.035e-07 -3.8463e-08 1.9153e-07 166 174 178
-4.30799e-08 -8.85496e-09 1.99128e-07 114 86 62
4.38658e-08 8.75829e-09 1.59955e-07 196 160 121
4.3463e-09 -1.03176e-08 2.02378e-07 192 150 112
-1.91848e-08 -1.75128e-08 1.84462e-07 138 124 112
4.52338e-08 -5.08731e-08 2.27681e-07 185 187 192
2.60152e-08 5.98021e-09 1.65834e-07 190 154 119
-4.05597e-08 -1.0739e-08 1.82754e-07 24 20 18
1.50244e-08 -4.0779e-09 1.80597e-07 190 148 108
1.78232e-09 -2.55524e-08 2.07646e-07 117 85 60
1.24721e-07 -3.25131e-08 1.96325e-07 152 160 168
1.46145e-08 1.28125e-08 1.5739e-07 196 158 118
6.69414e-08 5.2753e-09 1.53695e-07 192 160 122
-5.83219e-08 3.09121e-08 1.4605e-07 214 175 134
3.68099e-08 2.14313e-08 1.38556e-07 198 155 116
2.7304e-08 4.78237e-09 1.40184e-07 118 90 58
-3.91512e-08 2.82773e-09 1.88694e-07 19 19 24
2.9061e-08 -1.49096e-08 1.74254e-07 56 52 55
2.58055e-08 -1.9002e-08 1.84456e-07 236 136 63
-3.01132e-09 -9.85245e-09 1.89295e-07 190 158 120
3.37444e-08 -1.81551e-08 1.87723e-07 230 138 61
-4.08582e-08 -1.16088e-08 2.06609e-07 124 98 72
1.0406e-07 -1.86182e-08 1.78072e-07 174 140 104
2.73933e-08 -1.59986e-08 1.71068e-07 45 44 47
8.60744e-09 7.22066e-09 1.67512e-07 192 154 118
6.97453e-08 1.05766e-10 1.62729e-07 196 165 127
3.02636e-08 4.33308e-09 1.54134e-07 192 154 115
2.24157e-08 1.57313e-08 1.48921e-07 202 166 126
4.14328e-09 -1.11938e-08 1.89999e-07 182 144 110
2.8043e-08 -1.81226e-08 1.97043e-07 188 152 116
6.4125e-09 -3.00225e-08 2.19235e-07 176 138 102
3.6466e-08 7.77243e-09 1.49845e-07 111 80 52
2.70005e-08 -5.338e-08 2.37504e-07 186 184 190
-5.38836e-08 4.40219e-08 1.29847e-07 216 180 141
6.23162e-09 -2.54931e-08 2.08025e-07 116 84 60
-3.14355e-08 3.99016e-09 1.80776e-07 200 168 132
-3.65522e-08 -2.3466e-08 1.72023e-07 63 75 86
2.90016e-08 -1.66546e-08 1.62299e-07 253 164 64
2.22974e-07 -1.45009e-09 1.53076e-07 134 100 69
3.27324e-08 2.33684e-08 1.44881e-07 202 159 114
9.26499e-08 -3.56131e-08 2.08511e-07 179 146 115
-1.07511e-09 -1.59224e-08 2.03474e-07 190 152 116
1.68085e-08 -1.81024e-08 1.8992e-07 134 106 80
-3.64012e-08 -2.11547e-08 1.68561e-07 52 61 72
3.16844e-08 1.28335e-08 1.44784e-07 224 247 251
8.60178e-08 1.86531e-08 1.29112e-07 186 146 109
-2.24909e-09 -2.68798e-08 1.87902e-07 214 202 188
-2.17916e-09 2.29316e-08 1.49978e-07 206 174 135
3.83043e-08 -3.74769e-08 2.21775e-07 187 152 116
-6.38363e-08 1.33786e-08 1.71409e-07 190 150 112
8.30676e-08 -3.78935e-09 1.6796e-07 187 150 112
2.84039e-08 -5.07629e-09 1.75344e-07 180 148 115
-3.90343e-08 -5.70781e-09 1.91628e-07 27 28 28
-4.25819e-08 -2.18054e-08 1.78888e-07 40 49 56
2.38048e-09 -9.14669e-09 1.9011e-07 192 160 124
-4.31271e-08 -3.16646e-09 1.92028e-07 32 32 37
-5.45756e-08 4.31612e-08 1.30492e-07 212 175 138
-2.94306e-08 3.93541e-08 1.33277e-07 214 174 135
-4.25134e-08 -2.31055e-08 1.76649e-07 42 48 58
-3.92135e-08 -2.33484e-08 1.73818e-07 46 58 66
3.77586e-08 4.40554e-09 1.69352e-07 190 156 118
-1.3942e-08 3.84806e-08 1.27329e-07 208 165 120
-3.04525e-08 3.80501e-08 1.31446e-07 223 181 140
-5.69082e-08 2.73252e-08 1.50691e-07 212 169 126
3.18428e-08 -1.50609e-08 1.66973e-07 194 84 40
-3.72253e-08 -1.85589e-08 2.05004e-07 162 134 104
5.90835e-08 2.47281e-08 1.27775e-07 198 158 116
2.0324e-08 -3.31573e-08 2.15807e-07 180 143 108
1.31896e-07 -9.05996e-09 1.47824e-07 164 128 92
3.1839e-09 -3.00208e-08 1.8758e-07 167 109 85
3.85317e-08 1.01583e-08 1.48525e-07 114 82 54
6.70957e-09 -2.49383e-08 1.86348e-07 178 144 108
7.75231e-09 3.72614e-09 1.67473e-07 194 156 120
2.88185e-09 -1.99665e-08 1.99208e-07 142 114 88
4.20254e-08 -6.95948e-08 2.30304e-07 201 196 201
3.40065e-09 -2.86702e-08 1.98772e-07 112 66 41
2.1593e-08 -2.6922e-08 1.53147e-07 210 162 122
-5.96648e-08 2.84836e-08 1.4674e-07 212 169 126
7.20792e-08 -3.86259e-08 2.12549e-07 179 146 114
2.5516e-08 -1.75837e-08 1.94985e-07 160 132 103
2.2494e-08 -9.63285e-09 1.85456e-07 187 152 118
-4.17343e-08 -1.45326e-08 1.70465e-07 31 30 34
1.14956e-07 -1.68035e-08 1.76046e-07 175 141 106
2.06323e-08 6.102e-09 1.57926e-07 197 163 126
4.07406e-08 1.75815e-08 1.39266e-07 220 202 153
5.49724e-08 -4.55342e-08 2.23507e-07 174 178 184
3.34122e-08 -1.23192e-08 1.68817e-07 168 78 26
2.78479e-08 -2.26782e-08 1.94925e-07 175 142 108
3.9533e-08 3.00671e-08 1.26812e-07 196 156 112
2.14827e-08 3.26183e-09 1.62553e-07 196 160 124
1.30495e-07 -3.50011e-08 1.90701e-07 161 168 176
5.24901e-08 -4.66015e-08 2.31917e-07 175 178 186
8.37133e-10 -3.0432e-08 1.91975e-07 128 66 41
1.19952e-07 -5.4176e-08 1.95787e-07 188 188 194
-5.75568e-08 2.77615e-08 1.5114e-07 212 170 128
2.55254e-08 1.09428e-08 1.5578e-07 196 160 122
8.10371e-08 -4.66906e-08 2.10096e-07 184 186 187
1.37661e-07 -2.06807e-08 1.80934e-07 172 138 106
-6.56532e-08 1.24213e-08 1.73428e-07 192 150 114
1.36963e-08 1.67953e-08 1.51624e-07 200 165 126
1.24247e-07 1.47592e-09 1.59803e-07 181 147 110
3.05664e-09 -2.70434e-08 2.13437e-07 170 135 100
2.55685e-08 3.02896e-08 1.30327e-07 208 164 118
1.63993e-08 2.83272e-08 1.36408e-07 202 162 115
3.17789e-08 -1.88898e-08 1.95121e-07 140 107 78
1.35048e-07 -5.75844e-09 1.53025e-07 165 129 93
-9.78437e-09 4.64382e-08 1.18553e-07 208 169 124
7.27936e-08 -3.05365e-08 2.05539e-07 184 149 112
-7.1522e-09 3.62562e-08 1.31685e-07 224 186 145
1.71135e-07 -1.41281e-08 1.73403e-07 162 128 94
1.43397e-07 9.36936e-10 1.42773e-07 162 126 90
-2.02539e-08 3.34133e-09 1.76793e-07 194 162 125
1.98725e-08 2.83521e-08 1.39004e-07 202 165 118
1.07946e-08 2.96946e-09 1.69836e-07 195 159 123
3.27591e-08 -6.85702e-08 2.30135e-07 200 194 200
4.04216e-08 2.15492e-08 1.40469e-07 194 155 116
3.64077e-08 -2.11576e-09 1.71927e-07 187 157 123
1.36211e-07 -2.43109e-08 1.91149e-07 172 140 108
3.57391e-08 -2.01019e-08 1.98356e-07 139 109 80
4.66169e-08 -4.59803e-08 2.20811e-07 174 179 188
8.64212e-08 -3.78188e-08 2.19089e-07 177 147 116
7.41545e-08 -4.68097e-08 2.1428e-07 186 191 194
3.12697e-08 2.13075e-08 1.45605e-07 197 156 110
-3.79817e-08 -1.9535e-08 1.66345e-07 52 60 74
-4.26645e-08 -1.85291e-08 1.70068e-07 47 56 66
-8.19712e-08 1.83559e-08 1.67968e-07 193 154 116
6.65865e-08 -5.43871e-08 2.17511e-07 194 192 196
8.50282e-08 1.78635e-08 1.26034e-07 183 143 104
2.25852e-08 1.07564e-08 1.54751e-07 194 156 118
7.89684e-08 -1.05261e-08 1.7194e-07 183 147 111
-5.05175e-08 -8.19182e-09 1.98574e-07 190 159 125
-1.15668e-08 4.41049e-08 1.18374e-07 210 170 126
-2.1365e-09 -2.16609e-08 2.09896e-07 182 146 110
2.3055e-08 2.18012e-08 1.43348e-07 201 159 114
1.6807e-07 -3.43243e-09 1.54014e-07 160 124 90
3.29156e-08 8.01745e-09 1.62856e-07 199 166 128
-3.51423e-08 -1.84149e-08 2.02295e-07 173 140 106
3.56293e-09 -3.08e-08 1.90193e-07 158 99 80
4.19155e-08 2.79311e-09 1.6403e-07 188 154 116
1.30643e-07 -3.29743e-08 1.95883e-07 155 162 169
-3.36918e-08 3.98431e-08 1.30099e-07 208 163 121
-7.58374e-09 -2.28229e-08 2.09872e-07 184 148 112
2.95533e-08 1.82441e-08 1.41366e-07 190 162 139
-4.2056e-08 3.18896e-08 1.46434e-07 216 182 142
-6.1582e-09 2.16612e-08 1.49031e-07 208 170 130
7.63952e-08 -2.6794e-09 1.649e-07 196 162 125
3.77719e-08 5.27426e-09 1.60361e-07 194 160 122
6.21445e-08 2.52168e-08 1.29549e-07 198 155 113
-2.36422e-09 3.12181e-08 1.35381e-07 216 182 140
7.63847e-08 -2.89735e-08 2.08925e-07 180 144 108
-3.32604e-08 3.93552e-08 1.30695e-07 222 180 140
-9.48048e-09 -3.57096e-08 2.21192e-07 180 145 110
5.69309e-08 2.08788e-08 1.29943e-07 198 156 114
-4.12815e-08 -8.81991e-09 1.96464e-07 113 86 62
2.50947e-08 -2.02622e-08 1.73549e-07 114 57 38
-4.5182e-08 2.23884e-09 1.81039e-07 180 143 100
-1.72853e-08 -2.19522e-09 1.83309e-07 194 155 116
-3.96302e-08 -1.63048e-08 1.70632e-07 48 58 67
1.72925e-08 -1.63004e-08 1.80421e-07 164 70 32
-5.12756e-09 -1.48496e-08 2.03632e-07 138 118 99
6.38496e-08 1.69595e-08 1.34044e-07 192 150 108
1.67585e-07 -2.62643e-08 1.75635e-07 138 145 152
7.82476e-08 -6.05424e-08 2.14053e-07 196 196 201
2.81589e-08 -4.12001e-08 2.31067e-07 188 151 115
3.99342e-10 -1.65553e-08 1.95989e-07 54 66 78
3.29091e-08 -2.01788e-08 1.85863e-07 178 128 80
3.77624e-08 1.13603e-08 1.34563e-07 207 174 141
5.15246e-08 1.91681e-08 1.3978e-07 196 151 109
3.69068e-08 1.02287e-08 1.47564e-07 112 81 53
3.30288e-08 3.86627e-09 1.43018e-07 187 152 115
-3.96825e-08 -1.98879e-08 1.69499e-07 51 62 73
1.21493e-07 -2.12972e-08 1.97024e-07 177 143 108
-4.10114e-08 -1.04442e-08 1.96229e-07 118 90 66
-4.36109e-08 -1.84933e-08 1.7175e-07 32 37 44
1.08416e-07 -1.33178e-08 1.81653e-07 172 134 98
1.33962e-07 -1.34135e-08 1.57091e-07 165 130 97
1.15176e-07 -3.65999e-08 1.98395e-07 157 165 174
-1.22242e-08 3.56668e-08 1.32595e-07 205 167 126
-6.16345e-08 1.18716e-08 1.74008e-07 198 163 126
-9.32715e-09 -2.5046e-08 2.14084e-07 184 146 108
7.01199e-08 -3.11016e-09 1.71993e-07 194 162 124
2.23946e-08 -7.87677e-09 1.80026e-07 188 154 119
-5.19287e-08 2.38482e-08 1.59366e-07 206 162 120
3.42092e-09 1.93257e-08 1.48878e-07 204 164 124
-4.96345e-08 -1.27683e-09 1.85932e-07 182 148 112
-8.29666e-08 1.95593e-08 1.69491e-07 196 154 116
-3.6945e-08 4.3157e-09 1.89656e-07 30 30 35
4.55586e-08 -5.30428e-08 2.21816e-07 178 178 178
3.06546e-08 5.56021e-09 1.54847e-07 188 150 111
7.28599e-08 -4.31865e-08 2.24156e-07 170 176 182
-3.15522e-08 -2.02846e-08 1.69315e-07 193 157 116
3.53291e-08 1.37049e-08 1.55867e-07 196 159 120
-3.71675e-08 -2.30675e-08 1.80928e-07 45 54 64
-3.44266e-09 1.85437e-08 1.5171e-07 194 154 114
2.24307e-08 -1.86329e-08 1.67455e-07 29 58 78
-5.43739e-09 -1.37782e-09 1.8014e-07 198 164 126
8.93895e-08 1.86245e-08 1.35468e-07 191 153 114
-4.95785e-08 1.74257e-09 1.84706e-07 190 152 113
6.21448e-08 2.37435e-08 1.34595e-07 190 148 104
1.90624e-08 2.69364e-08 1.37093e-07 208 168 123
3.09308e-08 7.95194e-09 1.53269e-07 188 149 112
-6.4632e-08 9.91833e-09 1.73921e-07 198 160 122
3.3032e-07 -1.70789e-09 1.77012e-07 108 116 126
2.01929e-07 -1.16306e-08 1.59301e-07 145 114 85
6.64502e-09 -2.60878e-08 2.09557e-07 118 86 62
-7.91939e-09 -7.29281e-10 1.8117e-07 194 156 119
1.13613e-07 -3.56676e-08 2.0278e-07 158 168 176
6.98621e-08 -6.53471e-08 2.16954e-07 190 188 190
2.01403e-08 2.80308e-08 1.31031e-07 206 162 116
-6.25732e-08 1.39712e-08 1.72481e-07 192 153 116
-3.70474e-08 -2.41613e-08 1.79964e-07 48 58 66
1.56401e-07 -3.8854e-09 1.72257e-07 174 138 102
3.23637e-08 1.17568e-08 1.4335e-07 101 90 76
-3.60022e-08 4.14917e-08 1.32737e-07 220 181 140
1.18371e-08 2.52394e-08 1.36015e-07 206 163 118
3.91066e-08 1.23929e-09 1.42599e-07 194 156 113
7.92762e-08 1.11723e-08 1.46853e-07 188 148 106
3.60561e-08 -7.24032e-09 1.86361e-07 192 158 121
3.8489e-08 -2.19516e-08 1.97606e-07 128 96 68
-6.13462e-08 -4.82767e-09 1.96514e-07 186 148 114
1.41025e-07 -2.20721e-08 1.83413e-07 172 140 108
2.64098e-08 -2.74068e-08 1.58816e-07 158 52 78
1.60868e-07 -5.12534e-09 1.5801e-07 160 124 88
-4.44414e-08 2.17683e-09 1.8882e-07 90 72 52
1.46658e-07 -1.19363e-08 1.7498e-07 176 142 108
-4.33446e-08 -2.01521e-08 1.8127e-07 32 34 36
9.76805e-08 -1.8786e-08 1.82959e-07 179 143 107
-3.11171e-08 -6.97423e-10 1.81365e-07 198 163 124
2.63186e-08 5.30108e-09 1.63605e-07 196 162 124
6.74736e-08 1.85314e-08 1.29069e-07 187 144 104
3.41041e-08 -2.21319e-08 1.92686e-07 127 96 68
3.4055e-08 1.27849e-08 1.47982e-07 180 144 104
-1.57784e-08 3.73489e-08 1.2901e-07 218 182 140
2.36921e-10 1.12253e-09 1.79603e-07 192 156 119
9.99658e-08 -3.42157e-08 2.11643e-07 176 144 106
9.40496e-08 1.42709e-08 1.34966e-07 179 140 101
-4.69218e-08 5.01023e-09 1.82708e-07 183 140 99
1.93215e-07 -9.86545e-09 1.50595e-07 135 98 69
-6.32965e-08 1.13387e-08 1.73532e-07 197 162 124
6.14589e-08 2.0467e-08 1.3194e-07 197 156 114
2.67646e-08 -4.10578e-08 2.27818e-07 186 150 114
-4.01393e-08 4.09265e-09 1.78412e-07 188 150 112
-1.54856e-08 -2.3352e-08 2.06095e-07 192 158 120
8.37338e-08 -4.39447e-08 2.12458e-07 176 183 189
8.19156e-08 8.03676e-09 1.43044e-07 197 159 120
1.24502e-08 2.50477e-08 1.37814e-07 206 166 122
-1.4361e-08 7.51703e-09 1.68403e-07 195 160 124
1.31838e-07 -3.99122e-09 1.4808e-07 162 124 90
-6.0499e-08 -4.27097e-09 1.94565e-07 180 143 107
5.45564e-08 -7.54475e-09 1.67553e-07 194 160 123
-5.75223e-08 2.33295e-08 1.61412e-07 210 166 124
-2.50425e-08 3.77003e-09 1.79041e-07 201 171 134
2.36173e-10 3.20631e-08 1.34515e-07 218 184 142
-4.87098e-10 1.90694e-08 1.49023e-07 206 169 130
3.19968e-08 1.84535e-08 1.41039e-07 228 250 254
7.40265e-08 1.74218e-08 1.33389e-07 192 153 111
-7.65219e-09 3.79112e-08 1.30601e-07 210 170 130
-6.52102e-09 3.79822e-08 1.28601e-07 206 170 128
-3.55873e-10 -5.99003e-09 1.86399e-07 192 158 122
1.38181e-07 -2.75337e-08 1.86127e-07 174 144 116
3.72182e-08 7.46545e-09 1.52918e-07 126 92 61
-3.97919e-08 3.63572e-08 1.36639e-07 217 175 133
-5.32834e-08 3.18942e-08 1.44161e-07 212 172 131
-6.27928e-08 3.11894e-08 1.47528e-07 219 185 146
-4.64737e-08 2.57738e-08 1.51389e-07 220 184 144
9.87808e-08 -3.85448e-08 2.06285e-07 161 169 174
3.34287e-08 -2.08881e-08 1.92602e-07 130 96 66
4.73827e-09 -2.03371e-08 1.88975e-07 181 145 109
4.29002e-08 -4.41039e-08 2.27899e-07 177 146 115
1.26638e-08 -1.74323e-08 1.94207e-07 184 149 113
1.15992e-07 -2.22119e-08 1.90007e-07 175 142 108
-2.42871e-10 -8.42888e-09 1.89287e-07 192 160 123
-4.97582e-08 -5.22065e-09 1.93591e-07 190 158 122
2.61146e-08 2.07152e-08 1.45742e-07 201 158 113
1.56958e-08 -4.15861e-08 2.32246e-07 176 140 104
2.66292e-08 -3.92358e-08 2.25164e-07 179 142 106
-4.11804e-08 2.61083e-08 1.49408e-07 216 181 141
7.61662e-08 4.4034e-10 1.55429e-07 192 164 130
-3.45393e-08 3.98114e-08 1.31298e-07 221 180 140
7.45851e-08 -5.54966e-09 1.69881e-07 184 148 112
-6.59937e-08 1.26267e-08 1.71892e-07 192 150 114
-4.22121e-08 -1.07426e-08 1.73381e-07 27 22 26
1.13652e-08 -1.9486e-08 1.91056e-07 181 147 110
-4.00012e-08 -3.69755e-09 1.77568e-07 30 32 36
-2.09143e-09 -3.45775e-08 2.26834e-07 182 148 112
-4.36128e-08 -2.1029e-08 1.77068e-07 41 48 56
2.12659e-08 3.3421e-08 1.27691e-07 219 186 143
3.1449e-08 -2.44026e-08 1.99517e-07 180 146 110
3.01007e-08 -8.99624e-09 1.72245e-07 26 49 76
1.40975e-07 -2.54285e-08 1.75445e-07 164 134 103
5.62123e-08 2.1574e-08 1.28785e-07 195 153 111
2.95838e-08 -1.39577e-08 1.67777e-07 156 72 36
4.65381e-08 -5.70517e-08 2.24658e-07 192 190 193
2.77976e-08 -4.55447e-08 2.3888e-07 176 138 100
-3.08328e-08 -2.34539e-08 2.14521e-07 190 154 116
-4.0922e-08 -9.46416e-09 1.71503e-07 200 158 114
-3.31594e-08 3.79471e-08 1.37181e-07 216 176 134
1.73232e-10 -2.21218e-08 2.14066e-07 184 148 112
-4.07277e-08 -3.04904e-09 1.91225e-07 35 37 42
1.21047e-08 3.76149e-08 1.21851e-07 218 181 133
-3.53069e-08 1.89213e-09 1.80068e-07 167 139 110
8.05809e-08 1.17696e-08 1.48927e-07 188 149 104
3.9227e-08 -6.67137e-08 2.23634e-07 198 194 198
1.71259e-07 -2.06859e-08 1.75097e-07 159 126 94
1.71359e-08 -3.25064e-08 2.22406e-07 174 136 100
2.69875e-08 2.69424e-08 1.36062e-07 202 166 122
1.02174e-07 -1.55979e-08 1.82848e-07 174 134 99
2.5241e-08 -3.53221e-08 2.18854e-07 182 146 110
2.51047e-07 4.44078e-09 1.46715e-07 96 103 110
-5.38122e-08 1.22168e-08 1.7004e-07 200 162 124
5.00228e-08 -3.5406e-10 1.66354e-07 192 158 120
-3.9337e-08 4.04709e-09 1.87944e-07 22 25 29
8.46305e-10 -3.64644e-08 2.28644e-07 184 150 114
6.34799e-08 8.72901e-09 1.497e-07 148 112 79
-6.54413e-09 3.94898e-08 1.25303e-07 210 168 123
-1.53621e-09 -2.94706e-08 1.9509e-07 164 126 96
-6.25947e-08 8.89805e-09 1.76408e-07 198 161 122
1.7604e-08 2.69586e-08 1.33159e-07 200 158 112
-3.95924e-08 -1.54316e-08 1.71849e-07 40 46 54
-6.7249e-09 -1.50026e-08 1.98115e-07 186 149 116
4.829e-08 3.29913e-08 1.30903e-07 198 159 114
-1.24793e-08 6.74266e-10 1.82532e-07 194 154 118
2.88411e-08 -3.71783e-08 2.21423e-07 183 146 110
4.24967e-08 -4.58284e-08 2.29726e-07 166 172 178
2.86221e-08 8.43338e-09 1.57959e-07 194 160 123
1.12212e-07 -4.78218e-08 1.88346e-07 180 182 184
7.29021e-08 -4.22583e-08 2.16877e-07 168 176 184
-5.80321e-08 1.39676e-08 1.6879e-07 198 158 119
2.88064e-08 -2.15113e-08 1.98658e-07 184 150 115
-8.8162e-09 -5.12465e-09 1.82577e-07 201 171 133
4.87882e-08 3.45322e-10 1.65902e-07 196 162 126
8.34588e-08 3.32384e-09 1.61e-07 192 164 126
1.36152e-07 -2.89171e-08 2.02864e-07 174 139 106
-7.72835e-08 1.98749e-08 1.68563e-07 204 165 127
3.32946e-08 -3.07008e-08 2.10077e-07 180 146 110
2.04985e-08 2.76283e-08 1.31811e-07 204 160 114
-1.01868e-08 3.90717e-08 1.26316e-07 209 166 121
6.11185e-08 -4.49239e-08 2.2499e-07 172 178 185
2.82141e-07 -5.87779e-09 1.61047e-07 106 113 122
1.71447e-08 6.61765e-09 1.64942e-07 194 160 123
5.43757e-08 2.54847e-08 1.27667e-07 187 144 102
8.94444e-08 -3.5316e-08 2.16073e-07 179 143 108
3.56757e-08 1.23705e-08 1.50204e-07 180 145 106
1.0044e-07 -1.44463e-08 1.74779e-07 170 130 96
-4.43299e-08 -1.16549e-08 2.02309e-07 129 102 75
9.35682e-09 3.64486e-08 1.20581e-07 215 178 130
-3.36454e-08 -1.53201e-08 2.0831e-07 117 88 61
-1.85667e-08 4.52194e-09 1.74934e-07 200 170 133
-3.72625e-08 -1.40736e-08 2.02586e-07 124 94 70
-4.98315e-09 8.60016e-09 1.65911e-07 197 162 126
1.72441e-07 -2.48545e-08 1.70871e-07 136 139 146
-7.44604e-09 3.99336e-08 1.26243e-07 208 165 121
1.62892e-07 -7.91737e-10 1.53992e-07 160 124 88
2.9462e-08 1.12385e-08 1.57406e-07 196 162 124
2.12297e-07 -3.06615e-09 1.55865e-07 146 114 82
-7.24256e-09 1.86048e-08 1.53654e-07 196 157 118
-5.22817e-08 3.41556e-09 1.81569e-07 180 137 97
1.53737e-07 -1.3571e-08 1.59378e-07 156 122 88
8.16654e-08 1.76256e-08 1.33533e-07 195 158 120
-3.98982e-08 -1.66791e-08 2.02185e-07 126 98 70
1.00783e-08 -1.67113e-08 1.94027e-07 182 146 110
3.67135e-08 -2.48855e-08 2.04812e-07 184 150 113
-4.34108e-08 6.87508e-09 1.76241e-07 186 148 108
4.13125e-08 -7.7877e-09 1.6912e-07 188 152 116
-5.76881e-08 -4.16298e-09 1.91811e-07 180 144 110
5.8046e-08 -5.14813e-08 2.18486e-07 186 184 186
-3.54066e-08 2.28365e-09 1.80677e-07 190 164 134
-1.90617e-08 5.45237e-09 1.7393e-07 201 171 135
3.12047e-08 -4.67055e-08 2.3548e-07 164 141 124
1.19732e-07 3.09535e-09 1.55852e-07 180 142 106
-4.55242e-08 3.21734e-08 1.48031e-07 211 170 128
-1.78273e-08 6.96226e-09 1.70583e-07 200 167 130
1.50295e-07 -3.57323e-08 1.8344e-07 162 168 173
8.74283e-08 -1.20547e-08 1.74057e-07 180 144 108
1.4822e-07 1.20592e-08 1.37064e-07 175 140 104
9.06544e-08 -5.14029e-09 1.67645e-07 186 154 117
-5.7426e-08 2.18964e-08 1.59177e-07 208 164 122
-8.7763e-08 1.52689e-08 1.72298e-07 191 148 113
-4.15126e-08 3.15399e-08 1.46902e-07 220 186 146
-4.51883e-08 2.49772e-08 1.51405e-07 214 181 140
7.20122e-08 1.30058e-08 1.34426e-07 188 148 108
7.42032e-09 -3.86572e-08 2.28663e-07 182 146 110
6.32904e-08 8.12916e-09 1.50559e-07 193 154 114
2.7135e-08 2.16308e-08 1.44498e-07 202 160 114
-7.64775e-08 2.93699e-08 1.49437e-07 210 174 134
2.0571e-08 2.01607e-08 1.45717e-07 200 157 114
-3.49991e-09 -1.0777e-08 1.89122e-07 188 156 118
1.69975e-08 -1.70728e-08 1.9632e-07 183 149 112
9.52678e-08 3.05696e-09 1.48628e-07 186 151 114
-4.19281e-08 -1.29954e-08 1.71648e-07 28 26 26
1.43184e-08 1.32105e-08 1.55517e-07 198 158 120
1.22517e-07 4.32641e-09 1.45244e-07 178 140 104
1.06566e-07 -4.30964e-10 1.49445e-07 179 142 106
8.70571e-08 -1.00515e-08 1.69271e-07 180 142 104
-4.05071e-08 -1.8227e-08 1.70883e-07 56 64 75
3.68003e-08 -3.61537e-08 2.19937e-07 190 154 118
2.53269e-08 3.27215e-08 1.28558e-07 203 159 112
-3.86533e-08 3.30391e-09 1.87974e-07 29 28 33
1.35695e-08 1.38166e-08 1.58798e-07 205 168 130
3.23012e-08 -1.84712e-08 1.9389e-07 145 100 62
-4.14952e-08 3.1486e-08 1.48517e-07 219 184 143
8.35483e-09 -3.61871e-08 2.2546e-07 172 136 100
-6.11568e-08 2.85219e-08 1.4701e-07 212 169 127
-3.61811e-08 7.54107e-09 1.7469e-07 194 155 119
-5.82293e-08 2.80981e-08 1.51665e-07 211 170 129
6.02343e-08 -4.51414e-08 2.26461e-07 172 177 182
1.2742e-07 -2.69908e-08 1.68962e-07 156 130 102
-4.37756e-08 3.09899e-08 1.44688e-07 221 187 148
-4.33729e-08 -1.27664e-08 1.9802e-07 116 88 64
8.63786e-08 2.3934e-08 1.28172e-07 190 148 108
-2.49279e-09 -3.93903e-08 2.27557e-07 178 144 108
5.64553e-08 -3.24495e-08 2.07937e-07 178 140 106
-1.23863e-08 4.11005e-08 1.23384e-07 216 174 132
-5.86833e-08 1.32271e-08 1.74933e-07 202 167 129
-8.47823e-08 2.21429e-08 1.63131e-07 206 177 143
-1.13767e-08 -2.37316e-08 2.08748e-07 189 151 114
2.64375e-08 3.51203e-08 1.24458e-07 218 182 134
-7.39872e-08 1.99531e-08 1.64587e-07 200 158 120
-4.41007e-08 1.06683e-08 1.73561e-07 194 153 114
8.47142e-08 2.7995e-09 1.5567e-07 192 163 126
4.6171e-08 2.51425e-08 1.31402e-07 191 148 106
-1.36296e-08 4.58978e-08 1.17932e-07 218 176 134
-1.9578e-08 7.83969e-09 1.74084e-07 194 159 122
-4.65582e-08 -1.16015e-08 2.0337e-07 187 154 124
1.3801e-07 -4.54465e-09 1.59928e-07 172 136 100
5.17138e-09 -2.65153e-08 2.14807e-07 147 112 83
-3.17857e-08 -1.8116e-08 2.087e-07 194 160 122
1.33836e-07 -1.81919e-08 1.82151e-07 171 137 104
-5.46427e-08 -8.2948e-09 1.96037e-07 194 164 130
5.6797e-08 -2.39854e-08 2.03291e-07 192 157 120
-5.16578e-08 -9.23829e-09 1.9784e-07 186 154 121
4.36255e-08 -6.6831e-08 2.31479e-07 200 196 200
-3.28703e-09 8.07628e-09 1.6547e-07 197 161 125
2.44771e-08 1.03216e-08 1.61457e-07 196 164 126
-3.44076e-09 3.6227e-08 1.26897e-07 214 175 132
1.11985e-07 -5.26171e-08 1.9741e-07 190 192 196
2.34712e-07 2.26167e-09 1.53078e-07 140 103 72
8.44726e-08 2.18461e-08 1.24613e-07 186 145 106
-4.79595e-08 2.0252e-08 1.60886e-07 208 170 130
-4.43296e-08 2.46537e-08 1.53868e-07 214 172 130
2.78734e-08 -5.34358e-08 2.40236e-07 190 188 194
-4.1508e-08 2.98043e-08 1.48112e-07 221 185 143
1.42543e-08 1.64413e-08 1.53121e-07 201 167 128
7.03195e-08 2.14903e-08 1.27563e-07 191 150 110
-6.45378e-08 1.09191e-09 1.87273e-07 186 146 110
5.63027e-09 2.84108e-08 1.3865e-07 208 174 134
-1.17825e-08 -3.49089e-08 2.20375e-07 180 144 110
4.65632e-08 -2.46911e-08 1.97534e-07 188 154 117
1.41462e-07 -2.54428e-08 1.61266e-07 148 130 112
5.741e-08 -5.02917e-08 2.30369e-07 188 189 192
4.11531e-08 -2.31137e-08 2.0203e-07 146 114 82
-6.50996e-08 2.62443e-09 1.85374e-07 182 140 106
2.83269e-08 -3.47673e-08 2.17258e-07 183 146 111
-4.48113e-09 3.79973e-08 1.27021e-07 222 186 144
-3.71346e-08 3.64148e-08 1.36994e-07 226 187 144
1.35502e-07 3.05012e-09 1.34307e-07 164 130 95
-4.20982e-08 2.92339e-08 1.46499e-07 217 182 141
1.4268e-07 -1.39889e-08 1.57431e-07 157 122 89
-4.02859e-08 2.84139e-08 1.53725e-07 219 184 144
-5.57208e-08 1.53457e-09 1.86896e-07 190 153 117
-5.46385e-08 3.21061e-08 1.43528e-07 218 176 136
8.89489e-08 -3.51222e-09 1.64372e-07 182 146 108
9.51093e-08 1.62204e-08 1.30747e-07 180 139 100
-3.79984e-08 3.05562e-08 1.44105e-07 219 186 146
1.39111e-07 1.05675e-08 1.32304e-07 168 132 96
-6.31945e-08 1.74865e-08 1.68378e-07 202 164 126
1.81928e-07 -1.60836e-08 1.70171e-07 156 123 92
-4.63908e-08 2.99555e-08 1.46486e-07 219 183 142
4.29149e-08 -6.62959e-08 2.24576e-07 199 196 200
-6.46355e-08 4.84906e-09 1.83607e-07 192 151 114
-3.66499e-08 2.76355e-08 1.46506e-07 214 176 136
4.25039e-08 -2.82233e-08 2.17371e-07 192 156 122
-4.19075e-09 -3.62469e-08 2.29449e-07 182 148 112
-5.01089e-08 5.76313e-09 1.78444e-07 184 142 101
3.84617e-08 -2.29113e-08 1.95e-07 130 97 68
1.10361e-07 -1.14018e-08 1.76492e-07 176 136 101
-4.12348e-08 -1.92971e-08 1.78352e-07 41 48 58
4.05365e-08 3.27079e-08 1.24036e-07 198 154 108
1.04229e-07 1.82175e-08 1.3049e-07 182 143 104
2.8836e-08 1.3438e-08 1.50836e-07 192 150 108
-6.6575e-08 8.6755e-09 1.73529e-07 194 156 118
1.09258e-07 -4.35769e-09 1.65412e-07 174 136 100
-6.4052e-08 1.44406e-08 1.73369e-07 190 151 114
-4.06228e-08 3.0788e-08 1.45499e-07 218 184 144
-3.31268e-08 9.54906e-09 1.76856e-07 194 154 118
-5.10658e-08 2.3249e-08 1.51312e-07 220 188 150
-2.77094e-08 1.88053e-08 1.57162e-07 199 160 120
3.69826e-08 -3.85213e-08 2.21937e-07 185 149 112
-3.48428e-08 1.46921e-08 1.63595e-07 206 172 134
-5.583e-08 -7.7464e-09 1.99421e-07 192 161 128
2.19061e-08 1.37969e-08 1.55027e-07 194 154 114
-1.59093e-08 3.78473e-08 1.33161e-07 214 172 130
-3.17268e-08 3.80188e-08 1.31931e-07 218 176 136
-8.8045e-09 -3.3437e-08 2.14103e-07 180 142 106
1.46418e-09 -3.46038e-08 2.30914e-07 182 148 112
-3.52336e-08 -1.73134e-08 2.10668e-07 172 140 109
2.31751e-07 -1.44782e-08 1.56597e-07 110 118 128
1.48889e-07 -1.85354e-08 1.70213e-07 166 132 98
-1.55927e-10 3.37041e-08 1.32529e-07 212 174 130
-6.35731e-08 7.81246e-09 1.80296e-07 186 143 107
2.17405e-08 6.74829e-09 1.63286e-07 196 164 126
-3.82626e-08 -1.109e-08 2.04824e-07 118 90 66
1.59416e-08 -3.66786e-09 1.74153e-07 183 141 102
-4.57423e-08 2.82668e-08 1.47958e-07 218 182 140
3.31548e-08 6.21943e-09 1.6172e-07 195 161 124
-3.92879e-08 4.78564e-09 1.80361e-07 190 152 114
-5.31891e-09 2.7966e-08 1.38792e-07 206 164 122
-3.07161e-08 -2.38095e-08 2.10182e-07 190 154 116
-3.56969e-09 2.14375e-08 1.48686e-07 208 174 136
1.95465e-07 -7.32129e-09 1.54412e-07 148 116 84
-3.64831e-08 3.57074e-08 1.37041e-07 216 172 128
1.38846e-07 -1.66761e-08 1.6253e-07 160 126 92
1.10081e-07 -9.3963e-09 1.6639e-07 170 134 98
-1.62803e-09 4.65899e-09 1.70153e-07 190 150 111
5.82954e-08 -7.28845e-08 2.36871e-07 198 196 200
-4.32489e-08 -1.76185e-08 1.7446e-07 28 28 32
8.76891e-08 -3.90571e-08 2.22148e-07 164 160 154
-4.76244e-08 -1.24094e-08 2.04069e-07 188 155 122
-5.95389e-08 2.86016e-08 1.50005e-07 206 164 120
-5.30727e-08 4.27499e-08 1.3144e-07 215 180 142
-4.90311e-08 -8.36417e-09 1.96247e-07 188 157 124
-3.44495e-08 7.72307e-09 1.76979e-07 194 156 120
-3.99174e-08 -4.87726e-09 1.92358e-07 32 32 36
-5.70316e-08 -3.70188e-09 1.92375e-07 182 147 112
-3.39063e-08 3.83549e-08 1.3626e-07 219 181 140
-4.52941e-08 -2.68252e-09 1.89774e-07 38 38 40
-6.01439e-08 -4.64564e-09 1.94873e-07 186 148 114
8.13682e-09 2.01975e-08 1.50994e-07 199 157 116
-4.65859e-10 2.29405e-08 1.47235e-07 207 172 132
-1.65199e-08 -1.99192e-08 1.93196e-07 184 152 120
1.39294e-07 -1.03272e-08 1.54243e-07 162 126 92
1.69157e-07 -1.07316e-08 1.67854e-07 158 122 90
-2.66847e-08 3.46393e-08 1.36221e-07 212 171 128
6.07383e-08 2.59261e-08 1.27633e-07 198 158 116
-4.40435e-08 -6.43412e-09 1.91327e-07 46 43 41
7.49594e-08 -5.96056e-08 2.07478e-07 196 196 202
1.16922e-07 -3.66749e-08 1.91969e-07 161 170 178
-4.82705e-08 2.19218e-08 1.57064e-07 212 173 132
1.61339e-08 -5.17114e-10 1.72888e-07 192 156 118
7.31087e-08 2.9317e-09 1.49318e-07 184 148 109
-7.26557e-08 1.97018e-08 1.63842e-07 202 162 124
-4.32003e-08 2.76471e-08 1.47993e-07 212 176 132
-6.36863e-08 1.61019e-08 1.67679e-07 202 163 125
-5.42528e-08 2.22479e-08 1.58485e-07 205 162 119
3.14581e-08 5.13749e-09 1.62134e-07 190 156 119
3.7731e-08 -2.75282e-08 2.0716e-07 190 158 122
7.45721e-08 -7.5734e-09 1.65557e-07 186 153 116
5.41165e-08 2.18171e-08 1.35241e-07 188 146 102
6.69853e-08 1.7063e-08 1.31103e-07 190 148 107
1.37517e-07 2.08086e-09 1.5487e-07 170 136 100
-7.38998e-08 3.01357e-08 1.51053e-07 214 179 139
1.71047e-07 -2.6524e-08 1.70835e-07 137 144 152
2.10903e-07 -1.74234e-08 1.76316e-07 154 124 98
-5.41753e-09 -2.06127e-08 2.05599e-07 194 162 124
-1.39037e-08 3.84672e-08 1.24996e-07 217 176 134
-4.44892e-08 4.71138e-09 1.81385e-07 182 140 100
1.341e-07 -1.03195e-08 1.54911e-07 160 125 90
1.26576e-07 -2.55515e-08 1.84644e-07 166 134 102
-6.19155e-08 2.25879e-08 1.62564e-07 206 164 122
-4.73075e-08 -1.09999e-09 1.90919e-07 188 156 122
-6.56774e-08 1.02691e-08 1.78809e-07 192 154 116
-3.74373e-08 -2.45726e-08 2.04378e-07 191 154 118
9.40945e-08 2.25445e-08 1.30172e-07 182 141 100
-4.9446e-08 9.20043e-10 1.82306e-07 190 152 113
-5.93663e-08 3.01383e-08 1.49372e-07 206 164 122
6.69117e-09 3.98785e-08 1.19963e-07 208 164 116
-5.05922e-09 -4.16935e-09 1.83302e-07 198 169 131
7.38366e-08 1.05321e-08 1.38095e-07 188 145 103
-5.30521e-09 3.85144e-08 1.29369e-07 216 178 136
1.5723e-08 5.09228e-08 1.26617e-07 210 164 118
-3.87949e-08 -8.53375e-09 1.75848e-07 98 82 70
-6.64114e-09 2.99927e-08 1.36906e-07 218 181 137
-1.22178e-08 -2.82852e-08 2.15177e-07 187 150 116
-3.2729e-08 4.09755e-08 1.2877e-07 215 171 128
1.29203e-08 -3.74786e-08 2.23362e-07 181 145 109
1.05381e-07 -4.99789e-08 2.00037e-07 188 189 194
6.10852e-09 -3.12142e-08 2.21483e-07 178 140 104
-2.10752e-08 2.35163e-08 1.49368e-07 208 170 128
-3.58326e-09 3.74798e-08 1.28769e-07 212 172 130
1.03455e-07 -2.82841e-08 1.79853e-07 170 138 107
-5.89982e-08 5.84539e-09 1.84068e-07 188 148 111
-5.45494e-08 -1.23214e-09 1.88704e-07 189 155 119
-4.54269e-08 4.81418e-09 1.84459e-07 182 140 100
1.27363e-08 2.5722e-08 1.38726e-07 207 168 124
-5.35138e-08 5.51563e-09 1.79175e-07 183 142 102
2.93332e-08 -3.34817e-08 2.16166e-07 182 148 112
-2.9999e-08 2.34467e-08 1.52606e-07 210 174 132
-8.03795e-08 2.30007e-08 1.62298e-07 210 181 147
2.00283e-08 1.58775e-08 1.52189e-07 203 168 130
-2.36686e-08 3.84338e-08 1.29983e-07 222 182 142
-6.35138e-08 2.85628e-08 1.53865e-07 209 170 132
-7.49497e-08 2.12776e-08 1.75113e-07 194 153 115
-6.34362e-08 9.90743e-09 1.73618e-07 196 159 120
-4.67103e-08 -1.09263e-08 2.02478e-07 188 157 126
1.29299e-07 -9.65126e-09 1.63844e-07 168 132 98
-4.0184e-08 -1.19785e-08 1.93824e-07 107 80 62
-2.95493e-08 4.36666e-08 1.2992e-07 212 166 123
1.5091e-08 2.62691e-08 1.3246e-07 208 170 123
1.1281e-07 -3.6705e-08 2.03994e-07 162 172 180
1.04231e-07 1.6534e-08 1.28732e-07 182 144 107
-4.44e-08 5.64118e-09 1.81046e-07 182 140 100
-9.38304e-09 4.24071e-08 1.20435e-07 210 171 130
-3.4106e-08 1.48325e-08 1.63535e-07 208 176 138
1.66144e-07 -1.47993e-08 1.67517e-07 158 125 92
-7.1271e-08 2.08761e-08 1.62558e-07 198 156 118
-3.33797e-08 1.47435e-08 1.60637e-07 200 164 125
-1.22591e-08 3.43151e-08 1.32467e-07 219 185 145
-5.07054e-08 -8.39648e-09 2.01186e-07 186 152 120
-6.35714e-09 -3.11982e-08 2.26718e-07 175 136 99
9.63726e-08 9.62177e-09 1.42465e-07 190 153 114
-2.35145e-08 2.42652e-09 1.84371e-07 202 168 131
1.10042e-09 3.28399e-08 1.33544e-07 216 182 139
1.52529e-07 2.41645e-09 1.42181e-07 166 130 96
-5.73409e-08 1.09405e-08 1.73044e-07 198 161 122
-2.92361e-08 2.31891e-08 1.51989e-07 212 174 134
-7.14367e-08 2.3392e-08 1.58358e-07 206 170 132
8.13343e-08 -4.23034e-08 2.19408e-07 172 177 184
-7.43772e-10 2.43151e-08 1.4383e-07 211 172 130
2.12542e-08 -4.04739e-08 2.2936e-07 177 139 103
7.70466e-08 -4.45548e-10 1.58522e-07 194 164 126
-1.87189e-08 4.15211e-08 1.3097e-07 216 178 136
-4.06127e-09 -8.77427e-09 1.82192e-07 190 156 120
3.2704e-08 -3.99309e-08 2.3104e-07 176 138 102
2.55067e-07 5.06796e-09 1.62521e-07 150 116 86
2.86106e-08 3.08565e-08 1.36022e-07 200 158 111
9.85497e-08 -1.34463e-08 1.74718e-07 178 138 103
-1.99269e-08 4.11279e-08 1.24748e-07 210 168 126
-4.50608e-08 2.36588e-08 1.53987e-07 211 169 127
-4.24924e-09 -3.60641e-08 2.27109e-07 181 146 110
-4.28697e-08 -2.27747e-09 1.9387e-07 42 40 43
4.531e-08 4.48604e-09 1.6148e-07 190 156 118
-5.40329e-08 1.52525e-08 1.66673e-07 198 158 120
-4.47899e-08 -2.14644e-08 1.78675e-07 39 40 46
-5.96997e-08 4.80865e-09 1.83992e-07 186 146 109
4.10871e-08 -3.82358e-08 2.19932e-07 185 150 114
2.34957e-08 -4.37078e-08 2.32289e-07 184 146 110
-5.43983e-09 1.86223e-08 1.59119e-07 195 153 116
1.26802e-07 -9.27013e-09 1.59585e-07 166 130 94
1.60528e-07 -5.31868e-10 1.51436e-07 159 122 87
-2.52993e-09 -2.44236e-08 2.11137e-07 182 146 110
-1.25282e-08 4.16726e-08 1.22962e-07 212 172 130
4.86964e-09 2.48624e-08 1.42052e-07 206 166 123
-3.62755e-08 3.83366e-08 1.33631e-07 214 172 130
-8.66277e-08 2.01588e-08 1.7097e-07 200 168 131
-3.7621e-08 -2.00352e-08 1.66946e-07 52 62 72
-6.72376e-08 1.48489e-08 1.68001e-07 200 162 124
3.35804e-08 1.88934e-09 1.64453e-07 192 156 120
1.30422e-08 1.1568e-08 1.58338e-07 193 155 116
-1.28442e-09 -2.8622e-08 2.24161e-07 179 142 107
2.04171e-07 -1.8574e-08 1.51228e-07 112 120 130
-2.00418e-08 6.71181e-09 1.71487e-07 198 164 127
-5.22605e-08 -2.20857e-09 1.86987e-07 184 149 112
-1.63394e-08 3.23426e-08 1.36377e-07 219 182 140
1.93675e-08 2.82573e-08 1.37653e-07 203 161 114
-7.00623e-08 1.53763e-08 1.73501e-07 199 167 128
1.5684e-09 -3.45005e-08 2.33689e-07 182 148 112
3.80735e-08 3.43668e-08 1.2831e-07 204 160 112
3.37575e-08 2.93251e-08 1.35967e-07 203 166 121
-7.54953e-08 2.3228e-08 1.60076e-07 203 168 130
-9.09177e-10 -3.5846e-08 2.24876e-07 179 145 109
-6.13333e-08 -1.10587e-09 1.91563e-07 192 157 122
-1.8271e-08 -2.85741e-08 2.20957e-07 186 150 113
8.94233e-08 -1.49522e-08 1.74462e-07 177 140 104
2.20052e-08 3.32602e-08 1.253e-07 214 180 136
1.06132e-07 -1.327e-08 1.63121e-07 165 129 93
4.32438e-09 2.65923e-08 1.38653e-07 215 182 141
2.00213e-08 -3.65152e-08 2.25286e-07 181 145 109
5.63305e-08 2.41634e-08 1.28524e-07 200 157 115
2.303e-08 -2.05683e-08 1.64654e-07 81 62 56
2.03985e-08 -1.19075e-08 1.89871e-07 118 113 111
2.4083e-08 -3.37161e-08 1.64315e-07 189 140 92
2.90794e-08 -1.75719e-08 1.61551e-07 207 144 79
3.0424e-08 7.73104e-09 1.39053e-07 142 116 66
2.03524e-08 -1.71724e-08 1.77185e-07 247 141 58
2.1769e-08 -2.17217e-08 1.676e-07 96 48 30
2.28631e-08 -1.77175e-08 1.6803e-07 23 56 78
3.17135e-08 1.91261e-09 1.36692e-07 121 88 64
3.06469e-08 5.98452e-09 1.37392e-07 214 190 166
-3.67583e-08 -6.3972e-10 1.80963e-07 28 30 34
2.93625e-08 -2.04194e-08 1.59858e-07 209 151 108
3.22471e-08 1.29033e-08 1.49459e-07 192 150 108
1.8092e-08 -1.54124e-08 1.9078e-07 96 125 132
2.4643e-08 -3.30056e-08 1.64318e-07 194 134 84
2.0897e-08 -1.85539e-08 1.77672e-07 234 144 58
2.1831e-08 -1.94718e-08 1.75764e-07 240 168 73
2.48315e-08 -7.93346e-09 1.82367e-07 186 151 116
1.77606e-08 -1.31924e-08 1.90273e-07 138 100 80
3.4529e-08 6.40636e-09 1.44981e-07 118 86 58
1.71945e-08 -1.43094e-08 1.87427e-07 92 128 138
3.71552e-08 9.27459e-09 1.54029e-07 188 148 110
2.67653e-10 -1.60997e-08 1.95421e-07 123 138 150
2.87447e-08 -1.9486e-08 1.6017e-07 206 160 118
-4.68429e-10 -2.6874e-08 1.90573e-07 154 116 98
-4.74448e-10 -2.59246e-08 1.96519e-07 120 88 63
3.23058e-08 -1.15305e-08 1.66547e-07 164 102 64
1.67612e-09 -1.88321e-08 1.89666e-07 180 146 114
3.47326e-08 -1.12023e-08 1.68949e-07 186 118 84
9.71517e-09 -1.07476e-09 1.77629e-07 201 167 130
6.8476e-09 -2.77874e-08 2.08824e-07 120 88 62
2.81389e-08 -3.09604e-08 1.70711e-07 164 133 105
2.51093e-08 -3.41146e-08 1.60587e-07 160 90 93
1.66632e-08 -1.27545e-08 1.90409e-07 184 151 116
3.20345e-08 -1.87581e-08 1.5608e-07 184 148 111
2.58795e-08 -3.16585e-08 1.63043e-07 159 102 82
2.80389e-08 -1.58323e-08 1.66143e-07 150 60 28
-3.82862e-08 -7.27411e-09 1.80013e-07 24 24 23
2.46475e-08 -2.99975e-08 1.54319e-07 171 122 98
3.5868e-08 9.15088e-09 1.46135e-07 113 82 54
2.60456e-08 -2.5908e-08 1.60271e-07 138 86 75
2.24442e-08 -2.6173e-08 1.60217e-07 164 102 68
2.7597e-08 -1.61994e-08 1.66855e-07 144 56 30
3.84087e-08 7.0951e-09 1.56314e-07 190 153 114
3.02889e-08 -2.17998e-08 1.99221e-07 186 152 117
3.11152e-08 -2.13801e-08 1.60132e-07 76 86 86
-1.5685e-10 -2.3095e-08 2.09447e-07 184 150 113
-3.79158e-09 -2.1037e-08 2.0887e-07 188 154 118
2.238e-08 -1.23537e-08 1.79876e-07 184 153 118
-7.34611e-09 -1.83575e-08 2.05251e-07 193 160 122
-4.88978e-09 -6.39318e-09 1.87651e-07 188 154 117
5.65512e-08 -6.38813e-08 2.11996e-07 196 195 198
3.43665e-08 5.27404e-09 1.47781e-07 140 108 73
-4.6452e-08 4.79064e-09 1.81815e-07 184 142 101
3.87951e-08 1.20911e-09 1.66172e-07 189 154 118
3.07903e-08 9.89263e-09 1.57345e-07 196 162 122
-1.61026e-08 -1.32739e-09 1.83124e-07 192 155 117
2.94089e-08 -1.93739e-08 1.59409e-07 216 169 128
5.69542e-09 -3.27304e-08 2.22213e-07 182 148 113
2.81748e-08 1.90781e-08 1.4692e-07 202 161 115
3.57985e-08 -1.28336e-08 1.76681e-07 75 72 70
3.27498e-08 5.94969e-09 1.38216e-07 186 158 132
7.31982e-10 -3.24888e-08 1.94076e-07 141 96 69
2.11426e-08 -8.76801e-09 1.88847e-07 180 140 102
-3.84799e-08 -1.08598e-08 1.82844e-07 22 20 20
3.00265e-08 3.80976e-10 1.78759e-07 194 158 119
-3.94559e-08 -1.78285e-08 1.79304e-07 40 48 56
-3.77445e-08 -5.73734e-09 1.77927e-07 72 54 54
1.65065e-08 9.68107e-10 1.74009e-07 196 156 117
1.50641e-08 -2.63926e-09 1.75338e-07 188 146 106
1.78863e-08 -1.96293e-08 1.91768e-07 188 154 119
8.5191e-10 -2.49739e-08 1.97497e-07 122 91 68
1.22439e-08 2.61794e-08 1.37324e-07 204 162 118
4.00457e-08 7.89883e-09 1.54596e-07 160 126 87
5.23566e-08 2.76438e-09 1.56552e-07 194 158 118
1.61589e-09 -3.36917e-08 1.89645e-07 151 86 62
-2.92901e-08 3.59783e-09 1.80903e-07 198 166 130
2.62215e-08 -3.35536e-08 1.66901e-07 184 144 108
3.25209e-08 8.11512e-09 1.53748e-07 191 150 111
4.18561e-08 -2.65151e-08 2.04355e-07 185 154 117
2.52089e-08 -1.76193e-08 1.86228e-07 200 99 51
1.70963e-08 2.53478e-09 1.70182e-07 194 155 116
1.73397e-08 -3.37215e-09 1.76254e-07 188 147 108
2.18117e-08 -1.59561e-08 1.86217e-07 156 76 44
-4.03265e-08 -1.62857e-08 1.72502e-07 38 46 53
-3.81557e-08 -1.4624e-08 2.06298e-07 130 104 78
1.5749e-08 2.50239e-08 1.39311e-07 206 170 125
-2.04229e-08 2.93184e-08 1.43868e-07 217 182 140
3.37902e-08 8.67958e-10 1.36887e-07 120 90 66
-1.0831e-09 -2.58625e-08 1.88934e-07 154 130 113
9.9344e-10 -2.73047e-08 2.15499e-07 186 150 114
8.27118e-08 -1.29641e-09 1.56377e-07 178 140 103
1.00962e-07 -1.10429e-08 1.66534e-07 174 136 100
5.33503e-08 2.95543e-09 1.6021e-07 188 154 116
3.08996e-08 1.55236e-08 1.51407e-07 192 148 105
-2.96354e-08 4.35499e-09 1.81462e-07 203 172 135
4.98785e-08 -8.45652e-09 1.68742e-07 190 154 115
2.05927e-08 -1.76104e-08 1.89683e-07 113 110 98
-1.44131e-08 9.54895e-09 1.68663e-07 196 161 122
5.00729e-08 -5.37956e-09 1.72636e-07 190 155 118
3.81493e-08 1.5127e-09 1.60922e-07 190 154 116
-4.60934e-08 5.363e-10 1.88108e-07 103 86 68
1.2222e-07 -1.69026e-08 1.69644e-07 167 133 100
4.86082e-08 -5.64941e-08 2.21605e-07 199 198 200
5.92766e-09 -3.4066e-08 2.24306e-07 176 141 106
-4.57658e-08 5.70655e-09 1.80654e-07 185 142 102
-6.46178e-08 1.40635e-08 1.73827e-07 190 150 112
6.67747e-08 -3.44096e-08 2.16452e-07 182 149 113
-4.2599e-08 -1.824e-08 1.7163e-07 38 45 53
3.36865e-08 -6.12384e-09 1.7423e-07 20 43 68
9.66517e-08 -3.5841e-09 1.5912e-07 178 141 104
-3.36089e-08 3.96345e-08 1.34105e-07 212 172 130
-3.85191e-08 -5.45559e-09 1.79172e-07 69 52 52
6.16975e-09 2.0086e-08 1.53125e-07 201 158 117
-8.01349e-08 1.86176e-08 1.70534e-07 192 153 116
2.49873e-08 3.59949e-09 1.66895e-07 193 156 117
2.48978e-08 -3.00316e-08 1.5712e-07 142 27 58
4.3647e-08 6.13334e-09 1.59367e-07 192 160 120
7.78894e-08 -4.08254e-09 1.58672e-07 184 149 110
2.59694e-08 -2.02887e-08 1.78894e-07 234 156 76
1.45417e-09 -2.61318e-08 2.18877e-07 188 152 116
6.83213e-09 -8.51083e-09 1.91372e-07 188 154 121
5.0193e-08 -3.37923e-08 2.14763e-07 182 150 114
-3.85705e-08 -1.69779e-08 1.71881e-07 52 61 70
2.08047e-08 -4.03146e-08 2.30439e-07 175 140 104
5.89906e-08 -5.39542e-08 2.17252e-07 192 192 192
-4.55889e-08 1.15478e-10 1.87193e-07 26 24 26
-4.71085e-08 -2.16353e-09 1.9292e-07 194 158 122
-1.08378e-09 -1.76206e-08 2.03777e-07 192 162 125
1.10877e-10 -2.39058e-08 1.97025e-07 120 88 65
5.57042e-08 -4.92794e-08 2.16196e-07 170 170 170
-4.9051e-08 7.08068e-09 1.8267e-07 183 140 99
5.60504e-08 -3.47925e-08 2.17388e-07 189 156 120
-4.72137e-08 2.44895e-09 1.87502e-07 192 154 116
-8.03422e-08 1.81484e-08 1.711e-07 194 154 116
-3.58886e-08 2.28751e-09 1.83264e-07 44 42 45
5.7769e-08 -6.71606e-08 2.06993e-07 201 198 200
-3.26897e-08 1.10636e-08 1.68124e-07 205 169 129
-9.87963e-09 2.10675e-08 1.54797e-07 203 161 120
-4.0389e-08 -2.02118e-08 1.7073e-07 50 61 72
-2.55565e-08 9.815e-09 1.72442e-07 196 158 120
3.00359e-08 1.291e-08 1.54022e-07 198 160 118
-8.50622e-08 2.13462e-08 1.67914e-07 196 160 124
8.38688e-09 -2.52985e-09 1.80925e-07 192 158 120
8.34752e-10 -2.38403e-08 2.10514e-07 184 148 112
-4.01144e-09 1.63071e-08 1.56398e-07 200 160 119
-7.35082e-08 1.96375e-08 1.67968e-07 196 158 119
-2.25045e-08 1.6152e-08 1.61607e-07 202 161 116
1.31559e-08 -3.62683e-08 2.23244e-07 182 148 112
-4.81422e-08 1.12553e-08 1.85986e-07 192 150 110
-3.91173e-08 -2.19861e-08 1.71542e-07 51 62 72
3.06067e-08 -1.27818e-08 1.70486e-07 33 52 72
5.49889e-09 -1.93065e-08 1.89464e-07 187 152 116
2.07834e-08 -5.29807e-09 1.79753e-07 190 156 119
4.96582e-08 -1.28704e-09 1.67275e-07 195 160 121
-5.18299e-08 1.50397e-08 1.74613e-07 200 164 124
7.57558e-09 -3.56063e-09 1.79633e-07 191 156 118
-6.44646e-08 8.493e-09 1.80714e-07 189 146 108
-6.18011e-08 3.49083e-10 1.91745e-07 190 153 117
7.95997e-08 7.57999e-09 1.50808e-07 188 154 115
4.98435e-09 -2.91356e-08 2.1779e-07 176 138 104
7.71606e-08 1.32698e-09 1.54835e-07 195 166 129
-4.02994e-08 -1.00248e-08 2.03996e-07 120 92 69
-3.33047e-08 3.55831e-08 1.39112e-07 215 172 130
-1.56819e-08 3.50587e-08 1.34904e-07 214 176 134
4.8692e-08 -2.98713e-08 2.09328e-07 180 144 107
7.1497e-08 -5.37761e-08 2.07683e-07 194 194 196
-6.9382e-08 2.39025e-09 1.94644e-07 186 146 110
2.59266e-08 2.44168e-08 1.37143e-07 204 170 126
7.77901e-08 6.54512e-09 1.49402e-07 190 156 116
-1.97576e-08 1.90169e-08 1.56353e-07 204 162 118
5.37115e-08 4.28824e-09 1.59391e-07 188 153 114
-3.84174e-08 -1.00296e-08 1.83646e-07 24 20 20
6.8458e-08 -5.44207e-08 2.14073e-07 194 194 196
-8.34966e-09 2.2101e-08 1.50797e-07 202 158 118
4.89495e-08 -5.80402e-08 2.2038e-07 196 195 196
1.08415e-07 -8.81779e-09 1.62143e-07 174 138 102
6.25055e-08 1.99461e-10 1.60498e-07 193 158 121
-3.73413e-09 1.04311e-08 1.64466e-07 198 158 120
2.78725e-09 1.18862e-08 1.60935e-07 198 160 122
3.75922e-08 6.31995e-09 1.33799e-07 67 42 34
2.25488e-08 -2.21178e-08 1.63137e-07 110 120 124
2.9164e-08 -2.08605e-08 1.91258e-07 138 109 80
3.78848e-08 5.16911e-09 1.34954e-07 78 56 50
2.12463e-08 -2.06782e-08 1.66039e-07 36 32 38
3.18511e-08 7.78312e-09 1.58986e-07 194 160 122
3.62706e-08 -5.55034e-09 1.74033e-07 16 38 58
2.97109e-08 -2.20375e-08 1.60123e-07 154 124 101
3.03946e-08 6.48838e-09 1.37696e-07 170 144 116
2.96957e-08 -6.88023e-09 1.78009e-07 184 151 119
1.91218e-08 -1.67535e-08 1.86921e-07 32 49 66
-3.94917e-08 -4.52573e-09 1.87095e-07 16 14 14
3.06688e-08 1.5755e-08 1.50053e-07 189 148 104
3.2981e-08 6.80095e-09 1.40544e-07 159 127 86
3.9445e-10 -1.73138e-08 1.95166e-07 54 55 62
2.39197e-08 1.50008e-08 1.51958e-07 192 153 112
-4.3179e-08 -5.28211e-09 1.91487e-07 40 40 43
-4.0527e-08 -7.99385e-09 1.76271e-07 32 23 21
1.23946e-07 -7.51736e-09 1.61428e-07 169 135 98
8.20926e-08 -1.19103e-09 1.60886e-07 190 156 120
4.21232e-08 -1.50063e-09 1.69752e-07 188 154 118
3.17712e-08 1.51956e-08 1.4952e-07 192 148 106
5.29002e-09 -3.03029e-08 2.15895e-07 176 138 104
-4.05523e-08 -5.56043e-09 1.89024e-07 18 16 16
2.80775e-08 -1.7506e-08 1.58937e-07 187 147 107
-3.88817e-08 3.04203e-09 1.95001e-07 14 16 20
3.40952e-08 2.79143e-09 1.39635e-07 185 148 113
9.81065e-08 2.69597e-09 1.53953e-07 177 142 104
2.91437e-08 -1.09188e-08 1.80118e-07 180 150 114
3.68308e-08 7.4896e-09 1.35095e-07 60 34 22
-1.22839e-09 3.13035e-08 1.35242e-07 220 183 138
1.02311e-07 -1.83986e-09 1.58081e-07 177 141 104
-1.49199e-09 3.21628e-08 1.34534e-07 219 182 136
2.43017e-09 2.20928e-08 1.45878e-07 210 173 128
3.35451e-08 1.52773e-08 1.3961e-07 44 42 40
2.31737e-08 -3.53393e-08 1.57408e-07 134 92 100
-1.39984e-08 4.75442e-09 1.72428e-07 200 168 132
3.95344e-08 -3.45962e-08 2.19075e-07 180 144 109
-5.9501e-08 2.75984e-08 1.51068e-07 214 172 131
-4.52457e-08 2.69068e-08 1.49117e-07 217 177 134
4.10822e-08 -3.87011e-08 2.23967e-07 179 144 107
9.28246e-08 -3.89985e-09 1.63144e-07 184 149 112
3.288e-08 7.50305e-09 1.42456e-07 116 89 56
2.41352e-08 -8.88657e-09 1.81604e-07 190 156 120
2.43588e-09 -2.43869e-08 2.09642e-07 126 92 64
-4.10818e-08 -6.60633e-09 1.9215e-07 34 34 39
-4.44129e-08 2.85113e-08 1.47572e-07 222 185 142
4.02898e-08 6.56964e-09 1.58194e-07 192 158 120
3.10792e-09 -3.25545e-08 2.17416e-07 181 146 111
-1.49266e-08 2.07109e-08 1.51501e-07 202 160 116
2.88529e-09 -2.2522e-08 2.04202e-07 118 87 63
3.32562e-08 -9.54913e-09 1.69623e-07 44 51 66
-2.22458e-09 1.51195e-08 1.52501e-07 202 159 116
3.01907e-08 -2.03123e-08 1.90881e-07 124 96 70
7.32839e-08 -5.09183e-08 2.07118e-07 190 190 192
1.9958e-08 7.2684e-09 1.62065e-07 200 166 128
5.06601e-08 -1.32653e-09 1.65385e-07 190 154 116
1.77318e-08 -1.86073e-08 1.92251e-07 180 146 111
2.27919e-09 -2.48153e-08 1.85401e-07 186 153 122
5.31777e-08 -5.41791e-09 1.73091e-07 192 156 120
-6.74142e-08 9.63923e-09 1.76477e-07 198 158 119
9.82455e-09 -1.83048e-10 1.74371e-07 189 152 112
3.02686e-08 -4.65442e-08 2.31485e-07 170 158 150
-5.10646e-08 -3.00455e-09 1.89973e-07 196 160 124
3.86877e-08 -3.69869e-09 1.72734e-07 160 136 111
2.94044e-08 -1.65141e-08 1.64188e-07 224 118 55
2.55475e-08 -1.66475e-08 1.68232e-07 54 52 60
7.46503e-08 -5.77218e-08 2.02817e-07 196 194 196
-2.81008e-09 7.66499e-09 1.668e-07 198 162 124
4.34477e-08 -6.21316e-08 2.16236e-07 196 194 195
-3.70122e-08 -1.61977e-08 2.05693e-07 75 56 40
-4.40082e-09 3.96833e-08 1.24311e-07 210 164 116
-6.08795e-08 7.59466e-09 1.7763e-07 192 148 110
-5.48577e-08 1.87135e-08 1.61957e-07 200 164 126
3.52532e-08 -2.16833e-08 1.95014e-07 128 96 68
-4.19892e-08 -2.12769e-08 1.69376e-07 52 62 72
-4.0065e-09 -1.97587e-08 2.03192e-07 195 162 124
-7.92112e-09 2.66951e-08 1.41579e-07 212 172 126
-2.30249e-08 1.20938e-08 1.63838e-07 206 166 126
3.04214e-08 3.09868e-08 1.30074e-07 198 156 112
-2.9214e-08 4.02447e-08 1.29664e-07 218 177 134
-3.52382e-08 2.29004e-08 1.52217e-07 218 179 134
-6.46092e-08 5.04463e-09 1.81807e-07 194 152 114
9.00999e-08 -5.58713e-09 1.63629e-07 185 152 116
8.6439e-08 -8.58408e-09 1.63823e-07 180 145 108
-7.09239e-09 3.90584e-08 1.27432e-07 221 186 140
-5.60291e-08 3.18704e-08 1.43777e-07 218 175 134
4.47188e-10 3.11836e-08 1.35035e-07 222 184 138
3.4923e-08 -3.4167e-08 2.15968e-07 182 146 110
-3.42743e-08 2.72883e-08 1.4694e-07 218 179 135
-6.23263e-08 1.5826e-08 1.6671e-07 206 166 126
3.23914e-08 3.12509e-08 1.31743e-07 198 156 112
-3.42944e-08 -2.13352e-08 1.73829e-07 54 62 72
-6.18874e-08 6.52059e-09 1.77917e-07 193 150 112
-5.20843e-08 4.34844e-08 1.3016e-07 216 179 140
3.77205e-08 6.65964e-09 1.58839e-07 194 159 122
-4.34844e-10 -5.28281e-09 1.82891e-07 192 158 122
4.13604e-08 -3.08013e-08 2.0637e-07 178 143 106
-4.03093e-08 -1.00981e-08 1.7139e-07 194 158 120
2.16091e-09 2.86525e-08 1.38044e-07 213 175 129
-6.58466e-08 7.49655e-09 1.75741e-07 194 155 116
-6.13598e-08 1.07653e-08 1.7388e-07 201 164 127
-7.17591e-08 2.34649e-08 1.59286e-07 207 172 134
-4.49851e-08 3.32257e-08 1.41529e-07 220 176 132
-7.89843e-09 3.80269e-08 1.28594e-07 210 172 128
-6.43382e-08 7.73706e-09 1.78347e-07 191 148 110
3.49968e-08 4.4985e-09 1.65935e-07 194 159 122
-3.72858e-08 3.03284e-08 1.42763e-07 224 188 146
3.32089e-08 4.5911e-09 1.36935e-07 52 28 14
2.45079e-09 -2.23795e-08 1.88341e-07 190 158 127
2.32709e-08 -2.01192e-08 1.78114e-07 244 158 68
1.32541e-09 -2.91702e-08 1.86192e-07 154 93 71
-7.23647e-10 -1.73518e-08 1.99397e-07 214 240 254
4.20503e-09 -2.92114e-08 2.1937e-07 177 140 105
3.34634e-08 -2.06716e-08 1.94416e-07 140 109 81
6.80485e-09 1.13968e-09 1.74882e-07 190 153 116
2.10281e-08 -1.83962e-08 1.79966e-07 230 122 54
2.38524e-08 -3.51853e-08 1.60406e-07 138 38 64
2.80902e-08 -1.89857e-08 1.59865e-07 210 166 122
1.26645e-07 -1.44282e-08 1.69566e-07 174 140 106
-4.1863e-08 -7.89528e-09 1.94898e-07 120 100 80
3.75722e-08 1.53221e-09 1.6751e-07 190 155 118
-4.09656e-08 -2.11163e-08 1.68874e-07 54 64 72
2.50781e-08 -2.67554e-08 1.59024e-07 166 108 132
3.44651e-08 6.91725e-09 1.35858e-07 69 44 30
-6.41614e-08 1.21653e-08 1.72579e-07 192 154 116
-3.67944e-08 4.41031e-10 1.85376e-07 26 28 32
2.94254e-08 -2.11885e-08 1.56959e-07 106 117 115
-4.32023e-08 -4.2165e-09 1.91555e-07 38 38 41
9.32777e-08 -4.88201e-09 1.63678e-07 188 154 117
3.18478e-08 7.3945e-09 1.41068e-07 147 120 82
4.21391e-08 1.78692e-09 1.66373e-07 192 159 122
1.23887e-08 -3.06901e-09 1.78401e-07 184 142 102
-4.06257e-08 -2.20574e-08 1.73892e-07 52 60 68
3.51428e-08 1.08346e-08 1.51415e-07 192 155 116
3.56821e-08 -7.40964e-10 1.72329e-07 190 158 121
-6.56545e-08 1.09284e-08 1.72384e-07 194 155 118
3.33507e-08 1.43238e-10 1.38223e-07 139 104 73
-1.66882e-09 -2.00538e-08 2.05467e-07 194 161 124
2.4685e-08 -3.55938e-08 1.59117e-07 124 86 94
9.59691e-08 4.3303e-09 1.5212e-07 186 152 115
2.00791e-08 -1.56867e-08 1.86114e-07 98 68 58
-3.31558e-08 -2.01534e-08 1.69933e-07 131 116 105
-4.15733e-08 -1.74993e-08 1.76897e-07 32 38 42
1.15011e-07 -1.15872e-08 1.69111e-07 166 128 92
9.8019e-08 -1.81397e-08 1.81613e-07 179 141 105
3.41952e-08 1.48106e-08 1.40062e-07 88 84 66
3.55642e-08 1.31878e-08 1.51188e-07 191 151 108
-5.781e-08 2.88932e-08 1.49037e-07 208 164 120
1.83449e-08 1.28096e-08 1.55515e-07 194 154 114
8.77201e-08 -5.29205e-09 1.6874e-07 190 156 120
2.58276e-09 -2.63726e-08 2.17727e-07 185 150 115
3.82203e-08 -3.77493e-09 1.73329e-07 110 96 94
-4.31007e-08 -2.6262e-08 1.74348e-07 52 58 65
-1.25226e-08 8.34966e-09 1.69219e-07 198 164 124
4.03005e-08 4.76485e-09 1.62889e-07 195 161 124
8.08033e-08 -4.71474e-09 1.64877e-07 186 150 113
3.58807e-08 3.60649e-09 1.3509e-07 76 52 44
8.60412e-08 -4.02917e-09 1.66433e-07 186 150 114
2.20101e-08 -1.1224e-08 1.84604e-07 177 145 116
2.28123e-08 -1.83264e-08 1.80086e-07 250 148 61
1.72461e-08 6.02432e-09 1.6557e-07 202 166 128
-4.53535e-08 -6.95587e-09 1.95285e-07 146 120 94
-8.82113e-10 -2.59434e-08 1.92569e-07 128 90 62
7.46567e-08 1.40227e-09 1.59239e-07 198 166 128
-7.55591e-09 6.01163e-10 1.77808e-07 198 162 125
4.8517e-08 -5.35849e-10 1.67562e-07 190 155 118
-4.64971e-08 6.74541e-09 1.7901e-07 186 144 105
3.24565e-08 7.18815e-10 1.44925e-07 192 157 118
-2.53023e-08 6.54289e-10 1.82847e-07 198 162 126
-4.1162e-08 -2.1762e-08 1.69243e-07 52 61 70
-3.95868e-08 -1.61088e-08 1.71477e-07 46 57 63
3.76632e-08 2.88731e-08 1.29207e-07 201 160 116
2.49635e-08 -3.28638e-08 1.57488e-07 147 36 57
9.24729e-08 -1.8721e-09 1.64035e-07 182 144 108
3.17417e-08 -1.30971e-09 1.35284e-07 135 106 78
3.82012e-08 2.55292e-08 1.33615e-07 192 149 106
5.20449e-08 -2.04224e-09 1.68083e-07 194 158 120
4.65269e-08 3.93909e-10 1.67072e-07 192 158 121
-3.82107e-08 2.77259e-08 1.46773e-07 213 175 134
1.31104e-08 -3.68398e-09 1.80067e-07 190 146 108
-5.18809e-08 3.17893e-09 1.83903e-07 189 148 109
1.10688e-07 -9.23368e-09 1.68399e-07 174 136 100
1.71753e-07 -2.50181e-08 1.80513e-07 148 145 142
3.29151e-08 2.33516e-08 1.36962e-07 200 159 114
3.41521e-08 2.17147e-08 1.39911e-07 200 158 115
-4.97707e-08 3.52963e-08 1.38973e-07 213 171 128
-1.26345e-08 8.28439e-09 1.67442e-07 200 164 126
4.18174e-08 2.4589e-08 1.3205e-07 190 148 106
-4.69763e-09 5.96485e-09 1.69853e-07 198 162 126
-2.52844e-08 1.66507e-08 1.6011e-07 207 168 128
-5.58785e-08 1.73529e-08 1.6417e-07 203 168 131
-2.83446e-08 3.90041e-08 1.30239e-07 214 172 130
3.02367e-08 9.96108e-09 1.58177e-07 195 160 123
-2.59401e-08 1.59915e-08 1.60543e-07 208 172 131
-3.69208e-08 4.14091e-08 1.33648e-07 217 178 137
-2.20076e-08 1.91916e-08 1.56335e-07 200 159 117
2.66657e-09 1.04088e-08 1.58258e-07 202 164 127
6.12462e-09 2.45983e-08 1.42502e-07 200 161 118
4.72414e-08 1.01333e-09 1.66173e-07 194 158 122
1.59966e-08 -9.59605e-09 1.89082e-07 188 148 110
2.12295e-08 -1.07719e-08 1.8691e-07 186 150 115
9.69564e-08 -5.69404e-08 2.01916e-07 198 198 198
1.6331e-07 -5.53313e-08 2.28611e-07 195 192 191
4.4815e-08 -6.98573e-08 2.13322e-07 201 198 200
6.44686e-08 -5.8465e-08 2.11771e-07 202 198 200
2.20322e-08 -9.13565e-09 1.8529e-07 190 155 118
1.26751e-07 -5.27077e-08 1.94156e-07 196 194 194
5.14243e-10 -2.98499e-09 1.79601e-07 206 174 136
6.21438e-08 -6.56674e-08 2.09769e-07 198 195 194
7.92075e-10 -7.22387e-09 1.87989e-07 196 162 126
3.4214e-08 2.81113e-08 1.33578e-07 201 160 118
8.3548e-08 -4.64525e-08 2.13722e-07 186 186 184
3.34448e-08 3.37781e-10 1.40417e-07 194 160 121
1.83003e-08 5.89552e-09 1.6367e-07 202 167 127
7.94394e-08 -4.02315e-08 2.18858e-07 172 178 182
7.7818e-08 -4.44146e-08 2.17025e-07 185 188 190
1.13888e-07 -7.50562e-08 2.31026e-07 198 196 195
1.48877e-08 -7.76776e-09 1.72898e-07 188 155 120
4.40516e-08 -6.64971e-08 2.18124e-07 195 192 191
1.43222e-08 -8.50665e-09 1.8683e-07 180 144 108
3.28601e-08 9.16837e-09 1.47741e-07 114 82 54
1.0305e-09 -1.6316e-08 2.00286e-07 218 240 254
3.39528e-08 1.09384e-08 1.52905e-07 190 153 112
4.57665e-08 -7.27925e-08 2.12944e-07 202 198 201
1.92809e-08 -8.79314e-09 1.85107e-07 179 140 104
3.394e-08 1.44608e-09 1.4091e-07 191 154 114
5.70481e-08 -4.28897e-08 2.15758e-07 167 169 172
3.48045e-08 -1.19372e-08 1.77988e-07 72 65 60
1.17511e-07 -4.65656e-08 1.77297e-07 184 182 182
2.97822e-08 -1.54093e-08 1.66376e-07 162 64 28
5.67189e-08 -4.42085e-08 2.16744e-07 173 176 180
3.35529e-08 -1.26097e-08 1.66991e-07 183 82 41
3.35276e-08 -2.1925e-08 1.94293e-07 146 114 85
3.41562e-08 8.77405e-09 1.51039e-07 176 141 102
-1.57808e-10 -2.96189e-08 1.88153e-07 132 72 48
3.81631e-08 -5.21071e-08 2.20082e-07 192 190 186
-3.4652e-08 -5.94772e-09 1.93905e-07 24 20 17
2.39213e-08 -2.14693e-08 1.73666e-07 89 82 77
1.51214e-09 -1.7534e-08 1.99244e-07 190 204 214
3.06002e-08 1.43177e-08 1.50816e-07 188 144 102
2.62027e-09 -1.06754e-08 1.90488e-07 187 148 112
3.07931e-08 1.07684e-08 1.35103e-07 194 184 110
3.27932e-08 1.92987e-08 1.41964e-07 232 244 248
2.3007e-08 -2.31734e-08 1.71389e-07 146 86 56
-4.00337e-08 -5.23294e-09 1.9031e-07 30 31 32
3.21758e-08 -9.71815e-09 1.69159e-07 24 42 67
-3.39074e-08 -1.03416e-08 1.73854e-07 197 164 126
2.87966e-08 8.60857e-09 1.59724e-07 193 158 120
-5.42879e-08 3.93949e-08 1.42828e-07 211 170 128
3.55325e-09 -2.23048e-08 1.87682e-07 200 174 147
-3.65234e-08 -2.34441e-08 1.78124e-07 56 64 74
3.32994e-09 -2.37296e-08 1.86822e-07 176 154 133
2.48466e-08 -3.19354e-08 1.65996e-07 165 125 80
5.1025e-09 -2.32737e-08 1.87368e-07 186 155 123
3.29019e-08 4.4733e-09 1.45143e-07 147 115 80
1.14136e-11 -2.74695e-08 1.95559e-07 121 88 60
2.82993e-08 -3.11536e-08 1.69162e-07 174 139 103
2.06017e-08 -3.32268e-08 2.17418e-07 162 125 92
1.7888e-08 -9.25318e-09 1.88165e-07 176 136 98
-6.4135e-08 1.22286e-08 1.7734e-07 195 156 120
3.45794e-08 -7.54195e-09 1.72847e-07 22 39 63
1.00746e-07 -3.34316e-08 1.90534e-07 160 158 160
3.29677e-08 1.23872e-08 1.50303e-07 192 151 108
-1.29463e-08 -5.02583e-09 1.86912e-07 194 162 124
3.27624e-08 -7.44269e-09 1.71152e-07 21 38 62
-6.1716e-08 1.35287e-08 1.75939e-07 196 158 122
5.94532e-08 -3.08463e-08 2.0211e-07 181 147 110
2.91477e-08 3.653e-09 1.36693e-07 138 110 80
6.86267e-08 -1.65192e-09 1.59876e-07 187 154 116
7.27865e-08 -5.70168e-08 1.96911e-07 196 194 194
-3.6366e-08 -4.51607e-09 1.7849e-07 28 30 34
1.78796e-08 -9.26435e-09 1.86719e-07 180 140 102
1.62618e-08 -1.73962e-08 1.71929e-07 206 131 64
1.10749e-08 -3.51557e-08 2.11727e-07 179 146 111
6.69903e-08 -3.66092e-08 2.0913e-07 177 142 106
-4.52552e-08 2.46737e-08 1.55602e-07 214 172 130
-2.67821e-09 -8.99082e-09 1.8856e-07 190 157 120
-3.17374e-08 -2.15941e-08 1.72129e-07 76 77 83
-1.26991e-08 -2.92558e-08 2.1835e-07 184 146 110
8.58304e-09 -3.6564e-08 2.30863e-07 176 141 106
7.45757e-08 -4.55071e-08 2.04938e-07 170 170 170
3.56855e-08 5.22022e-09 1.49539e-07 152 120 84
2.75015e-11 -2.64358e-08 1.95763e-07 116 86 59
3.26927e-08 1.4242e-08 1.49139e-07 188 144 103
-6.43907e-08 1.52907e-08 1.72539e-07 190 150 113
3.26794e-08 7.37704e-09 1.56467e-07 192 152 114
2.77853e-08 -1.7771e-08 1.55955e-07 186 148 112
-6.01469e-08 1.61451e-08 1.75958e-07 190 151 114
2.26592e-08 -1.83968e-08 1.68292e-07 26 58 78
2.55697e-08 -1.88856e-08 1.61307e-07 209 129 66
3.2003e-08 2.06581e-08 1.44401e-07 193 150 107
2.29351e-08 -1.06717e-08 1.84114e-07 186 151 120
-4.03258e-08 -2.31255e-08 1.78292e-07 44 54 60
5.24281e-08 -4.66685e-08 2.13679e-07 182 184 188
6.9488e-08 -3.21769e-08 2.10096e-07 185 152 114
4.22217e-09 -2.33778e-08 2.07303e-07 116 84 60
3.37481e-08 1.0253e-08 1.4602e-07 110 81 52
-4.98132e-08 -9.26171e-09 2.04658e-07 186 151 118
3.7139e-08 -4.38518e-08 2.3027e-07 179 148 114
2.12624e-08 -1.81995e-08 1.81111e-07 210 105 49
1.59546e-08 -1.5626e-08 1.79631e-07 155 94 58
4.05982e-08 -4.51944e-08 2.26209e-07 166 171 174
-2.57002e-08 -1.22381e-09 1.84611e-07 199 159 120
3.2123e-08 -2.17366e-08 1.91084e-07 126 95 66
-3.09803e-08 5.65998e-10 1.849e-07 82 72 64
1.02535e-07 -5.511e-08 1.7684e-07 192 189 188
2.57054e-08 -2.06137e-08 1.9557e-07 178 144 108
3.74982e-08 8.16605e-09 1.53354e-07 166 130 92
3.2739e-09 -2.8848e-08 2.05394e-07 134 100 72
3.50007e-08 7.08202e-09 1.4643e-07 112 81 54
5.49944e-08 -5.34127e-08 2.0873e-07 196 194 193
4.01684e-08 -3.87912e-08 2.24206e-07 179 144 110
-4.30728e-08 6.35131e-09 1.79628e-07 181 139 100
6.93478e-08 -7.15568e-11 1.56682e-07 194 164 126
3.33026e-08 5.55114e-09 1.45076e-07 122 90 58
-4.33688e-08 -1.34899e-08 2.04988e-07 169 137 106
1.0271e-07 -5.32703e-08 1.8102e-07 192 190 189
2.38011e-08 1.19887e-08 1.54259e-07 194 155 115
6.34664e-08 -1.19569e-08 1.66214e-07 184 147 110
-1.2492e-08 -2.84554e-08 2.18376e-07 186 149 114
2.11975e-08 -9.60625e-09 1.81543e-07 182 148 113
3.22942e-08 2.62322e-08 1.40245e-07 204 168 125
2.58728e-08 -2.0361e-08 1.86057e-07 132 100 65
1.90379e-08 -1.59166e-08 1.80799e-07 160 66 30
-1.89569e-08 -2.70355e-08 2.11426e-07 188 150 112
-3.83986e-08 -2.33499e-09 1.81078e-07 38 33 38
1.04352e-07 -3.51309e-08 1.9043e-07 167 170 174
-6.02218e-08 3.60532e-08 1.49157e-07 210 172 132
2.58837e-08 2.36932e-08 1.42413e-07 201 161 113
-1.90368e-08 -6.59761e-10 1.83335e-07 192 154 118
4.533e-08 -6.0078e-08 2.06269e-07 198 196 198
4.65009e-08 -6.79367e-08 2.21803e-07 198 194 191
3.81125e-08 5.73053e-09 1.57899e-07 194 160 122
3.77362e-08 7.55565e-09 1.55104e-07 189 150 112
-6.53458e-08 1.2817e-08 1.76925e-07 194 155 117
-6.64587e-08 3.61716e-09 1.88143e-07 181 140 104
-6.50505e-08 4.8498e-09 1.8752e-07 186 142 108
-3.42306e-08 -1.58515e-08 1.69293e-07 197 164 126
2.17462e-08 3.86371e-10 1.70991e-07 185 146 108
2.36553e-09 -2.13122e-08 2.00669e-07 118 86 61
-4.12655e-09 4.08639e-08 1.27296e-07 210 178 134
3.30064e-08 5.37822e-09 1.337e-07 54 32 21
7.34266e-08 -3.53326e-09 1.60374e-07 190 152 116
-5.80763e-08 3.17749e-08 1.48659e-07 202 160 117
3.6346e-08 -3.94386e-08 2.24601e-07 185 150 116
4.8003e-08 -1.10925e-08 1.6806e-07 186 150 113
2.14361e-08 2.69729e-08 1.3772e-07 199 161 115
-3.26701e-08 9.09788e-09 1.76155e-07 191 156 118
-9.53353e-10 -2.01273e-08 1.93688e-07 144 119 88
3.80472e-08 -4.42321e-08 2.1578e-07 168 172 176
1.05032e-07 -5.13946e-08 1.81275e-07 190 187 186
4.59918e-08 5.83533e-09 1.5694e-07 196 162 123
-4.05034e-08 -1.88088e-08 1.71584e-07 50 58 68
-3.52176e-08 -3.0727e-09 1.79088e-07 40 42 41
3.05434e-08 4.35858e-09 1.41332e-07 156 120 86
-3.16497e-08 -2.21466e-08 1.73938e-07 76 80 84
-3.94175e-08 -1.28191e-08 1.70068e-07 71 62 54
3.15858e-08 1.12573e-08 1.54465e-07 196 160 120
-6.53069e-08 6.94236e-09 1.87233e-07 188 146 111
2.13054e-08 -1.7432e-08 1.83127e-07 178 76 35
-4.84502e-08 2.86717e-09 1.87653e-07 188 153 116
9.00788e-08 -5.17158e-08 1.92229e-07 188 186 188
3.01186e-08 -2.82465e-09 1.69748e-07 178 146 112
-7.11114e-08 2.39652e-08 1.67017e-07 193 154 116
2.78294e-08 -4.5413e-08 2.3701e-07 178 140 103
2.54537e-08 -2.15631e-08 1.8694e-07 144 113 84
2.66904e-08 -2.09528e-08 1.95602e-07 183 148 113
-2.18639e-08 -1.65377e-09 1.85626e-07 196 160 121
2.19086e-08 -9.214e-09 1.85156e-07 182 148 114
-4.27635e-08 8.01745e-09 1.79239e-07 183 141 102
5.20359e-08 -7.87611e-08 2.05361e-07 201 200 202
-1.00879e-08 4.30509e-09 1.71602e-07 189 152 116
-9.58707e-09 -8.52388e-10 1.8244e-07 198 164 126
2.94547e-08 -6.40458e-10 1.76803e-07 188 154 118
2.99236e-08 1.98367e-08 1.44568e-07 197 154 111
1.74206e-08 -6.97057e-09 1.79966e-07 194 160 126
-3.85619e-08 -4.42328e-09 1.89322e-07 11 9 10
-3.30929e-09 -3.55061e-08 2.25798e-07 181 148 112
-6.12717e-08 1.79423e-08 1.6996e-07 197 158 120
1.23014e-09 -3.57937e-08 2.23244e-07 178 144 109
-3.82069e-08 -1.05332e-08 1.7322e-07 140 114 96
-3.04202e-08 -2.18551e-08 1.74329e-07 122 114 98
4.08106e-08 -4.78303e-08 2.20522e-07 180 184 188
4.55682e-08 -6.03648e-09 1.71485e-07 187 150 114
8.90864e-08 -5.09633e-08 1.91832e-07 190 188 188
-1.65146e-08 -2.76389e-08 2.17309e-07 186 149 112
-7.07798e-09 -1.0922e-08 1.94119e-07 189 156 116
-3.28344e-08 -1.2568e-08 1.72812e-07 195 159 121
6.69055e-08 -3.73699e-08 2.12969e-07 174 142 106
5.78224e-08 -5.84924e-08 2.03357e-07 196 196 196
-3.85121e-08 -2.06841e-08 1.72514e-07 50 59 69
1.10441e-08 1.53173e-08 1.48491e-07 203 164 124
2.90137e-08 -5.30284e-08 2.32245e-07 194 192 192
1.99005e-08 1.42212e-08 1.50138e-07 196 156 116
6.82316e-08 -4.19795e-08 2.10977e-07 172 177 184
8.18411e-08 -1.41377e-08 1.67513e-07 176 138 103
-8.25295e-08 2.43564e-08 1.69185e-07 202 173 139
1.18607e-07 -1.59516e-08 1.70611e-07 175 140 104
-1.47084e-08 3.68963e-08 1.34664e-07 211 172 129
-3.62192e-08 -1.2637e-08 1.75731e-07 39 42 48
4.42595e-08 -9.13626e-10 1.67855e-07 191 155 118
-1.87577e-08 -2.1881e-09 1.84819e-07 200 164 125
6.61876e-08 -3.97464e-08 2.07564e-07 166 170 174
-1.50056e-08 -6.61964e-09 1.87043e-07 184 149 111
5.76927e-09 -2.19839e-08 2.06133e-07 120 88 64
4.29666e-08 -6.87199e-08 2.16919e-07 198 194 190
1.23436e-08 -3.85355e-08 2.33806e-07 182 148 112
-1.73793e-08 -2.10849e-10 1.83229e-07 194 155 118
3.44464e-08 1.12047e-08 1.51844e-07 194 156 115
-4.40023e-08 8.85066e-09 1.78052e-07 186 146 106
-5.46319e-08 2.94841e-08 1.53071e-07 210 170 128
-5.36483e-08 -1.29888e-09 1.93009e-07 185 150 114
8.54221e-09 -1.32444e-08 1.94468e-07 186 150 117
-7.03806e-08 1.10679e-08 1.81238e-07 190 150 113
-3.02579e-08 4.98068e-08 1.22381e-07 204 162 120
-5.92918e-08 1.33528e-08 1.75416e-07 198 163 125
-6.03486e-09 -1.33501e-08 1.9507e-07 188 150 114
1.61478e-08 -6.26592e-09 1.81937e-07 190 156 118
2.21229e-08 1.17944e-08 1.52687e-07 192 151 111
9.22998e-09 -1.99741e-08 1.89921e-07 184 150 114
-3.68761e-08 1.63862e-09 1.8324e-07 40 42 46
-4.05522e-08 3.21298e-08 1.47125e-07 214 178 136
2.53065e-09 -3.76068e-08 2.29404e-07 181 148 112
1.72003e-08 4.29673e-09 1.6539e-07 194 156 118
5.81255e-08 1.07518e-09 1.62917e-07 192 156 118
5.87721e-09 -3.26367e-08 2.19866e-07 184 150 114
1.25106e-08 -4.222e-08 2.34189e-07 178 144 108
1.37022e-07 -5.17271e-08 1.70154e-07 176 174 173
-3.85909e-08 -9.64055e-09 1.79603e-07 24 22 22
-4.10051e-08 -1.90268e-08 1.7247e-07 52 59 68
-6.62365e-08 1.92275e-08 1.69681e-07 198 160 124
4.03203e-08 -4.85664e-08 2.34649e-07 182 186 190
1.16044e-07 -3.21125e-08 1.85587e-07 156 160 164
4.12944e-08 6.94363e-09 1.64347e-07 193 158 120
1.19571e-08 2.01882e-08 1.48919e-07 199 156 113
-5.90015e-08 3.14719e-08 1.56095e-07 209 170 129
-5.20273e-08 2.06649e-08 1.63603e-07 202 164 126
3.72188e-08 -3.92256e-08 2.24162e-07 180 145 111
1.2231e-08 2.42361e-08 1.39177e-07 206 168 124
-5.74935e-08 3.375e-08 1.48582e-07 206 168 125
2.23825e-08 -1.89423e-08 1.70077e-07 82 56 49
-5.87889e-09 2.8263e-08 1.43467e-07 214 177 134
-3.25987e-08 -1.919e-08 1.69776e-07 136 114 94
2.29807e-08 2.07993e-08 1.45386e-07 200 158 112
7.85014e-08 -1.33209e-08 1.70849e-07 180 144 108
-5.99791e-08 1.21527e-08 1.78649e-07 196 160 122
2.67854e-09 -3.04711e-08 1.88513e-07 162 104 85
3.03986e-08 9.7422e-09 1.57543e-07 193 158 120
-6.34248e-08 1.68967e-08 1.72366e-07 191 152 114
1.09916e-07 -2.04878e-08 1.71281e-07 170 136 100
-4.56285e-08 2.08211e-08 1.62404e-07 204 167 128
-2.76253e-08 4.00879e-08 1.36282e-07 216 176 132
-6.14454e-08 2.06177e-08 1.69857e-07 201 164 126
1.05405e-07 -5.07918e-08 1.76267e-07 188 186 184
2.61138e-08 2.11231e-08 1.47035e-07 199 156 111
5.30599e-08 4.47503e-09 1.56218e-07 194 158 119
-8.24134e-08 1.95838e-08 1.73264e-07 186 150 114
-8.23998e-08 2.26695e-08 1.70426e-07 188 148 113
-7.03779e-08 8.08455e-09 1.8889e-07 192 154 118
-3.19442e-08 -2.43756e-08 1.79239e-07 131 120 108
7.9667e-08 -1.91974e-08 1.76228e-07 176 139 103
-1.62202e-08 -2.56009e-08 2.19717e-07 185 148 111
2.74455e-08 8.89876e-09 1.56511e-07 194 158 120
1.48135e-08 1.59926e-08 1.51151e-07 204 168 128
2.76995e-08 -4.93124e-08 2.36099e-07 179 180 186
-4.74421e-08 -6.77223e-09 1.99509e-07 192 160 126
2.49406e-08 4.16496e-10 1.70995e-07 188 148 110
3.14101e-08 -7.17607e-08 2.24009e-07 200 198 198
-7.65379e-08 2.699e-08 1.65716e-07 202 174 138
4.77686e-08 -6.23061e-08 2.09959e-07 200 198 200
-5.61947e-08 1.6524e-08 1.69892e-07 195 154 116
2.5124e-08 -5.51425e-09 1.7999e-07 192 158 122
-8.53929e-10 -3.22609e-08 2.232e-07 182 146 112
-6.40336e-08 5.86833e-09 1.86699e-07 186 144 109
2.56968e-08 -3.62428e-08 2.17368e-07 181 147 112
1.09893e-08 1.32522e-08 1.59962e-07 200 163 124
8.40162e-08 -1.66787e-08 1.70896e-07 175 135 100
-3.90312e-08 -2.28167e-08 1.69431e-07 52 62 70
4.39475e-08 -9.8098e-09 1.69739e-07 198 152 112
-2.68078e-08 1.44091e-08 1.63889e-07 206 168 126
2.40409e-08 -3.47732e-08 2.22715e-07 182 148 113
4.78055e-08 -4.18151e-09 1.71052e-07 188 151 114
-3.66616e-08 7.41353e-09 1.67313e-07 195 158 121
7.45229e-10 -2.64976e-08 2.12155e-07 184 148 113
-5.44554e-08 2.92973e-08 1.51333e-07 211 169 127
3.55153e-10 3.4011e-08 1.34725e-07 214 180 138
-5.1262e-08 -1.87233e-09 1.94822e-07 186 150 115
-3.68846e-08 3.18952e-08 1.47742e-07 217 182 140
1.34606e-09 -3.41812e-08 2.28751e-07 182 148 113
-2.07058e-08 3.07702e-10 1.81903e-07 194 156 118
-2.45972e-08 4.12376e-08 1.31902e-07 212 172 130
-4.52984e-08 -6.6703e-09 2.02049e-07 185 153 121
-3.90802e-08 -9.04735e-09 2.02074e-07 121 94 70
-3.47629e-08 4.99058e-08 1.2323e-07 200 156 116
6.93556e-10 3.31877e-08 1.34245e-07 214 180 138
4.5416e-08 -2.85269e-08 2.04654e-07 178 142 106
2.0977e-08 -9.08579e-09 1.90204e-07 174 137 98
-1.46966e-08 -2.514e-08 2.18565e-07 184 144 106
6.15285e-08 -4.09355e-09 1.72536e-07 190 155 118
-7.11679e-08 5.18385e-09 1.88511e-07 191 150 115
-4.62516e-08 1.28943e-09 1.93044e-07 186 150 115
-3.26225e-08 3.13718e-08 1.42608e-07 216 181 140
2.17477e-08 3.00496e-08 1.36402e-07 200 154 108
-5.5931e-08 1.11773e-08 1.78848e-07 193 153 114
3.23073e-08 9.35085e-09 1.65495e-07 198 166 126
2.14294e-08 -3.90001e-09 1.78553e-07 188 150 112
-5.01242e-08 -8.46171e-09 2.09297e-07 186 153 119
1.8101e-08 2.74306e-08 1.34579e-07 196 154 106
1.90326e-08 2.52209e-08 1.41086e-07 207 171 128
-4.78581e-09 -2.91921e-08 2.08615e-07 175 138 102
9.28692e-09 -5.2841e-09 1.79868e-07 189 150 112
-1.7228e-08 1.71264e-08 1.60006e-07 201 157 112
7.14019e-10 1.80494e-08 1.55292e-07 196 154 112
6.5309e-09 1.4077e-08 1.57033e-07 204 168 129
-2.56535e-08 1.63829e-08 1.62553e-07 207 168 126
-6.96878e-08 2.00393e-08 1.6867e-07 193 156 119
1.60886e-08 -3.97506e-08 2.29575e-07 176 141 106
-3.51824e-09 -2.93181e-08 2.1895e-07 178 142 106
1.26019e-08 1.94426e-08 1.41795e-07 202 161 116
2.28988e-08 1.28423e-08 1.52645e-07 190 148 106
4.83281e-08 -2.78182e-09 1.66558e-07 193 157 119
-7.55826e-08 8.62932e-09 1.89754e-07 192 155 118
-1.15638e-08 -2.32708e-08 2.14829e-07 190 150 112
3.47357e-08 -4.41749e-08 2.31305e-07 180 146 110
4.96663e-08 -5.1029e-08 2.13057e-07 188 188 185
-5.38485e-08 1.90149e-08 1.6792e-07 198 162 122
3.93433e-09 1.30236e-08 1.57172e-07 202 165 126
-4.31243e-08 6.82191e-09 1.78479e-07 187 145 106
-3.33652e-08 3.45054e-08 1.4733e-07 216 182 140
8.20302e-09 2.08805e-08 1.47418e-07 203 162 122
-8.94887e-08 2.22352e-08 1.78489e-07 188 158 122
-6.77413e-08 1.79606e-08 1.71714e-07 198 162 123
-5.44049e-08 3.81699e-08 1.39501e-07 209 167 125
-4.67865e-08 9.50209e-09 1.80654e-07 185 146 106
-5.04849e-08 -1.11558e-08 1.97474e-07 190 158 124
-2.48234e-08 1.94451e-08 1.58327e-07 204 162 118
7.4782e-08 3.45191e-09 1.51567e-07 188 153 114
-3.98642e-08 -2.29374e-08 1.77469e-07 44 52 60
5.25906e-08 -4.09793e-08 2.14058e-07 178 162 144
8.21195e-09 -2.39211e-08 1.91486e-07 181 144 113
2.22991e-08 2.79365e-08 1.35633e-07 202 160 114
-2.84831e-08 3.69397e-09 1.78466e-07 202 168 131
6.65375e-08 -3.32407e-08 2.06224e-07 178 146 108
-5.65379e-08 3.70562e-08 1.41488e-07 208 168 126
-7.02485e-09 -3.11127e-08 2.23237e-07 176 138 103
-7.00924e-08 1.35035e-08 1.74253e-07 200 166 128
-4.22168e-08 -1.69396e-08 1.79553e-07 29 29 32
-4.93451e-10 -2.52598e-08 2.29277e-07 188 151 114
1.43008e-08 2.31885e-08 1.42629e-07 207 172 128
1.70169e-08 6.45254e-09 1.62631e-07 197 161 123
-4.34163e-08 2.65292e-08 1.52673e-07 212 177 132
-7.48657e-08 1.7563e-08 1.73162e-07 194 158 122
-6.36493e-08 2.29902e-08 1.65242e-07 198 156 116
2.15273e-08 1.2204e-08 1.54831e-07 192 153 112
-4.57176e-09 2.43434e-08 1.4924e-07 202 162 118
-3.4635e-08 -1.76338e-08 1.73458e-07 49 58 67
3.8121e-09 3.23966e-08 1.38347e-07 208 170 126
-5.90764e-08 3.07213e-08 1.53552e-07 208 166 124
8.66234e-08 -2.89223e-09 1.56198e-07 178 142 106
-7.60809e-08 3.2719e-08 1.54954e-07 204 170 130
1.04395e-07 -3.68668e-08 1.90799e-07 168 172 177
-2.93089e-08 -2.38038e-08 1.81086e-07 182 154 124
-8.32669e-08 1.88597e-08 1.72132e-07 186 150 114
-4.61363e-09 2.34376e-08 1.47771e-07 204 166 125
-4.22201e-08 4.0811e-08 1.35729e-07 208 167 125
-5.49779e-08 6.96268e-09 1.80272e-07 188 148 110
-5.53146e-08 3.67559e-08 1.45971e-07 210 170 128
-5.43469e-08 3.98974e-08 1.40002e-07 208 166 125
-3.59565e-08 3.94502e-08 1.37131e-07 213 174 132
4.46306e-08 -1.59488e-09 1.64744e-07 190 156 118
1.70983e-08 -8.16136e-09 1.81447e-07 187 152 118
2.06169e-08 -2.79949e-08 1.6528e-07 180 104 48
2.02447e-08 -2.9842e-08 1.61405e-07 165 70 77
8.97498e-08 -5.53237e-08 1.91347e-07 192 190 190
3.091e-08 1.71073e-08 1.48575e-07 198 159 116
-2.86952e-09 -2.58358e-08 1.84506e-07 215 200 188
3.9648e-08 -6.49068e-08 2.15523e-07 193 190 188
2.13022e-08 -2.52297e-08 1.70164e-07 166 112 66
-5.91953e-08 3.0453e-08 1.47385e-07 205 162 120
-9.79334e-10 -2.75071e-08 1.8654e-07 132 63 34
7.68132e-08 -5.78267e-08 1.96622e-07 196 194 194
-3.94154e-08 3.11928e-09 1.93467e-07 12 14 17
5.18524e-09 -1.26082e-08 1.9223e-07 182 146 110
1.83798e-08 -1.43349e-08 1.74578e-07 156 122 90
3.61606e-08 8.31368e-09 1.56899e-07 184 146 106
-5.9077e-08 3.08897e-08 1.47087e-07 208 166 124
-7.35836e-10 -3.14405e-08 1.90083e-07 128 68 43
-6.25531e-09 -8.92611e-09 1.85083e-07 188 153 116
-4.44278e-08 3.07864e-08 1.46196e-07 218 180 139
1.09598e-09 -3.41846e-08 2.1927e-07 175 140 104
-1.14301e-09 -2.2537e-08 2.07821e-07 184 147 111
4.16008e-08 7.58645e-09 1.57089e-07 190 156 118
1.98498e-08 -3.43415e-08 1.62202e-07 180 144 108
1.22981e-07 -4.87854e-08 1.75435e-07 180 178 177
2.22051e-08 -8.10594e-09 1.83769e-07 180 146 110
2.35735e-08 -1.99823e-08 1.74967e-07 221 142 70
3.74264e-08 4.39819e-09 1.32954e-07 90 70 64
3.73343e-08 -5.57918e-08 2.16549e-07 192 188 187
3.4638e-08 -4.68573e-08 2.30376e-07 173 177 181
3.87153e-08 -6.90195e-08 2.13165e-07 196 193 190
-1.37991e-09 -2.16709e-08 1.91835e-07 169 148 110
5.75841e-08 -6.56883e-08 2.02611e-07 190 189 189
3.90941e-08 -3.89384e-08 2.23952e-07 176 142 104
1.07354e-07 -5.39705e-08 1.82767e-07 190 188 186
3.45001e-08 1.03626e-08 1.34727e-07 214 189 164
-3.934e-08 -5.44895e-09 1.75953e-07 30 34 39
3.69293e-08 8.74283e-09 1.48423e-07 111 80 52
-5.69329e-08 3.74718e-08 1.38336e-07 212 169 128
2.41493e-08 -2.4416e-08 1.64697e-07 237 135 64
3.47064e-08 -4.56066e-08 2.25175e-07 166 168 170
2.34472e-08 7.8135e-09 1.61369e-07 198 164 126
-5.53626e-08 3.58359e-08 1.40553e-07 211 168 127
3.96568e-08 -4.86393e-09 1.74304e-07 36 44 58
3.75166e-09 -2.33409e-08 2.08985e-07 118 85 58
8.29082e-09 1.99735e-09 1.71605e-07 193 154 117
7.93801e-09 -8.48578e-09 1.8595e-07 194 162 128
9.86718e-09 -1.5525e-08 1.91573e-07 190 154 119
6.83386e-08 7.18074e-10 1.63208e-07 195 162 124
2.29993e-08 -2.17666e-08 1.70894e-07 27 32 44
4.08125e-08 -4.6142e-09 1.71923e-07 186 152 115
2.74212e-08 2.70283e-08 1.38058e-07 206 170 126
-1.45855e-09 -2.33916e-08 2.09016e-07 185 150 112
4.83865e-08 -6.19197e-08 2.07597e-07 198 197 198
-3.96783e-08 -2.36861e-09 1.81321e-07 62 56 56
7.68136e-09 9.75227e-10 1.77984e-07 199 164 127
2.17334e-08 -4.74146e-08 2.32673e-07 165 152 141
-5.42688e-08 4.42097e-08 1.30713e-07 210 174 135
-6.69226e-08 3.26806e-09 1.83994e-07 187 145 109
1.25662e-07 -4.61678e-08 1.7614e-07 181 178 178
2.79688e-10 -1.07975e-08 1.90706e-07 182 145 112
-1.64667e-09 -2.01376e-08 2.0393e-07 194 158 122
7.89478e-09 -1.88954e-08 1.89055e-07 181 147 111
5.89313e-08 -6.04849e-08 2.00929e-07 196 195 196
-3.14599e-08 3.9394e-08 1.30892e-07 217 176 132
3.77023e-08 -4.43701e-08 2.26119e-07 168 146 126
-5.34274e-08 4.24807e-08 1.32039e-07 214 178 138
-5.27844e-08 1.88163e-09 1.85988e-07 195 160 125
-1.41469e-08 3.79491e-08 1.31449e-07 211 171 128
8.9264e-08 -1.21227e-09 1.6291e-07 179 142 105
1.10525e-07 -5.78432e-08 1.79111e-07 184 180 174
-2.99968e-08 1.5007e-11 1.8178e-07 197 163 126
3.44243e-08 1.46348e-09 1.39827e-07 194 158 118
8.11345e-09 6.99979e-09 1.65344e-07 190 152 114
6.12294e-09 -8.78513e-10 1.78219e-07 202 168 131
-1.02715e-09 -3.58102e-08 2.26879e-07 180 146 110
-5.47747e-08 4.29519e-08 1.30966e-07 212 176 138
5.24787e-08 -6.26516e-09 1.74044e-07 187 153 116
3.95779e-08 2.45636e-08 1.37989e-07 192 152 110
-8.13043e-08 1.84222e-08 1.6918e-07 194 154 119
-6.76731e-10 -2.07082e-08 1.92571e-07 163 139 100
5.83901e-08 -3.52942e-08 2.14363e-07 181 147 110
8.11365e-08 -9.32466e-09 1.6945e-07 179 142 106
1.31051e-07 -4.76492e-08 1.73518e-07 182 180 178
-1.01698e-08 4.04275e-08 1.26774e-07 210 168 120
2.83922e-09 -3.32193e-08 2.2039e-07 182 146 111
1.08587e-07 -5.56566e-08 1.82734e-07 190 188 187
1.17438e-07 -1.52752e-08 1.75481e-07 171 137 101
-5.71019e-08 3.69636e-08 1.38558e-07 212 169 126
2.25442e-08 -3.02489e-08 1.5966e-07 101 22 34
7.96361e-08 6.94532e-09 1.55356e-07 186 149 110
7.25434e-09 1.20209e-09 1.73759e-07 189 151 113
-6.39444e-08 1.47167e-08 1.69141e-07 194 154 116
8.07996e-08 -6.34455e-08 1.8982e-07 190 188 185
-8.42549e-09 3.97614e-08 1.27037e-07 214 170 124
3.48142e-08 8.73622e-09 1.4956e-07 114 84 54
-1.02387e-08 4.01567e-08 1.29345e-07 220 180 135
-4.68891e-08 4.45602e-09 1.78996e-07 183 140 99
3.33085e-08 1.68933e-09 1.76436e-07 182 144 106
-3.1684e-08 3.75699e-08 1.32878e-07 218 179 137
1.42882e-07 -2.4166e-08 1.85264e-07 164 130 96
-5.91018e-08 3.12035e-08 1.45297e-07 211 172 130
-7.87314e-08 2.56846e-08 1.57452e-07 198 162 125
-7.19664e-08 2.21215e-08 1.61257e-07 206 173 135
-4.08569e-08 3.59123e-08 1.36187e-07 217 174 132
5.13444e-08 2.08316e-08 1.37694e-07 192 150 108
3.3726e-08 -2.59655e-08 2.02307e-07 184 152 115
3.76904e-08 7.89004e-09 1.55772e-07 186 148 110
-6.54904e-08 1.49447e-08 1.72266e-07 196 154 118
3.37244e-08 2.67944e-08 1.37231e-07 201 166 120
-5.60336e-10 -1.06887e-08 1.91636e-07 184 150 113
-3.88812e-08 -1.21769e-08 1.8144e-07 24 22 20
-4.56795e-08 2.49891e-08 1.53137e-07 215 174 130
-4.59025e-08 -6.43531e-09 2.00517e-07 194 162 128
1.27719e-07 -4.99718e-08 1.74938e-07 182 179 178
-1.79076e-08 -2.923e-08 2.18086e-07 184 150 113
1.04824e-08 1.42131e-09 1.72138e-07 188 150 113
4.34529e-09 -4.16018e-08 2.33898e-07 178 142 107
3.41397e-08 -1.07661e-09 1.39343e-07 186 152 111
-3.03895e-09 -1.86512e-08 1.96443e-07 196 207 212
-6.14119e-08 1.06784e-08 1.77165e-07 199 162 124
-5.92491e-08 1.6358e-08 1.67863e-07 194 153 114
1.33292e-07 -3.11408e-08 1.82418e-07 153 158 162
-6.06466e-08 1.17052e-08 1.73207e-07 198 164 126
-5.31673e-08 4.17281e-08 1.3203e-07 212 174 134
2.33305e-08 -3.85974e-08 2.3471e-07 183 148 113
-4.51803e-08 -1.43876e-10 1.86139e-07 33 33 34
-6.09181e-08 3.08509e-08 1.47395e-07 206 164 120
-4.69883e-08 4.02265e-08 1.32692e-07 220 182 140
-6.61072e-08 4.52077e-09 1.83459e-07 190 148 112
-5.83171e-08 3.63172e-08 1.39189e-07 212 170 128
-5.42862e-09 -1.23304e-08 1.94186e-07 184 144 104
1.72041e-08 -3.9542e-08 2.26004e-07 176 142 106
-1.04875e-08 -2.05436e-08 9.92543e-08 164 128 92
-5.60588e-08 2.86539e-08 1.50786e-07 212 169 126
-4.7177e-08 3.73773e-09 1.79773e-07 183 140 100
-5.48873e-08 3.38651e-08 1.44277e-07 213 173 130
2.98601e-08 3.03499e-08 1.34805e-07 196 155 108
1.33825e-08 2.06303e-08 1.46193e-07 199 157 110
-5.64721e-08 1.56333e-08 1.66347e-07 201 158 118
4.42097e-10 -2.93929e-08 2.16024e-07 174 136 101
-6.61264e-08 1.12294e-08 1.75025e-07 196 156 118
-7.29086e-08 2.17533e-08 1.61129e-07 204 170 131
-7.121e-08 2.04338e-08 1.63938e-07 201 162 123
1.33388e-08 -3.78512e-08 2.28283e-07 181 146 110
1.76983e-08 1.9414e-08 1.48376e-07 198 156 111
8.0186e-08 -5.72542e-08 1.95456e-07 196 194 194
1.12294e-08 -6.36455e-09 1.85687e-07 191 157 121
-5.63858e-08 3.12188e-08 1.45525e-07 212 172 128
4.22642e-08 5.34192e-09 1.66047e-07 190 155 118
-4.45462e-08 -2.24249e-08 1.78764e-07 46 50 52
-5.35865e-08 3.17493e-08 1.4738e-07 210 167 123
1.83966e-08 -6.60586e-09 1.79776e-07 195 162 125
-4.76588e-08 4.35311e-08 1.2914e-07 212 175 134
-6.6256e-08 5.88601e-09 1.81402e-07 190 148 112
-5.42971e-08 4.3249e-08 1.30326e-07 206 168 130
9.9333e-09 1.25936e-08 1.51257e-07 201 162 120
1.32548e-07 -1.78838e-08 1.78703e-07 169 134 100
-2.60166e-08 1.59138e-08 1.60312e-07 210 172 129
2.06124e-09 -9.33541e-09 1.88425e-07 191 158 122
8.30086e-08 -1.69411e-09 1.61844e-07 184 151 113
-5.81009e-08 2.49458e-10 1.87626e-07 192 156 120
5.4998e-08 -5.21301e-08 2.08577e-07 186 186 184
-3.38191e-08 1.68542e-08 1.60584e-07 204 164 121
-5.46563e-08 4.90139e-10 1.85407e-07 193 158 123
-5.40745e-08 4.28962e-08 1.30576e-07 212 176 138
3.07734e-08 -3.6798e-08 2.18262e-07 186 154 118
-1.19118e-08 4.01684e-08 1.27146e-07 212 170 124
1.26904e-07 -4.27979e-08 1.80293e-07 180 178 177
-4.68721e-08 2.13766e-08 1.59802e-07 210 170 128
3.03541e-09 3.30297e-08 1.32637e-07 216 181 134
1.19365e-08 1.91949e-08 1.46461e-07 198 156 110
3.4232e-08 -2.75653e-08 2.00446e-07 187 156 120
3.12477e-08 -4.1204e-08 2.24076e-07 176 142 105
-5.57454e-08 -6.10208e-09 1.97716e-07 196 160 124
1.65107e-08 -3.9647e-08 2.27814e-07 180 145 110
-5.27191e-08 2.18077e-08 1.58353e-07 206 162 120
-7.45247e-08 2.31423e-08 1.59514e-07 200 166 128
-5.3246e-08 -9.68247e-09 2.00913e-07 189 154 119
2.58835e-08 4.44755e-09 1.6373e-07 190 155 118
4.41344e-08 2.72428e-08 1.33828e-07 188 146 103
-6.76868e-08 5.71455e-09 1.84303e-07 192 150 114
1.26831e-08 1.35788e-08 1.51585e-07 200 162 122
-6.96822e-08 2.01982e-08 1.63518e-07 201 160 121
-9.39059e-09 4.50667e-08 1.20278e-07 208 168 124
-6.35192e-10 -3.11129e-08 2.18361e-07 181 144 108
-7.00472e-08 4.33777e-09 1.80201e-07 189 146 110
3.36993e-08 8.62365e-09 1.58685e-07 187 150 112
1.02297e-08 -3.32129e-09 1.78567e-07 184 144 104
-6.72117e-08 1.21956e-08 1.76162e-07 198 158 120
1.13264e-08 1.41088e-08 1.63883e-07 200 160 120
4.1712e-08 -2.23967e-09 1.73028e-07 180 147 111
-7.69129e-09 3.66258e-08 1.31324e-07 205 166 122
-5.23143e-08 3.0003e-08 1.48862e-07 208 165 121
2.9423e-09 -4.36855e-08 2.35325e-07 175 141 104
1.71943e-08 -4.08222e-09 1.79358e-07 190 152 112
-2.57173e-08 3.85005e-08 1.31536e-07 219 182 139
3.39962e-08 -8.30382e-09 1.69301e-07 94 90 86
-6.08744e-08 1.6401e-08 1.67574e-07 199 159 120
-3.35354e-08 4.68787e-08 1.22395e-07 208 164 122
1.22915e-07 -4.80222e-08 1.72168e-07 182 180 179
-3.38789e-08 1.01981e-08 1.66645e-07 202 166 126
-1.89375e-08 2.63193e-08 1.45695e-07 207 164 116
4.18532e-08 6.38061e-09 1.56646e-07 190 156 118
-5.23696e-08 4.21663e-08 1.31331e-07 210 174 134
8.14073e-08 -1.04907e-08 1.69017e-07 176 139 103
-7.49695e-08 2.24602e-08 1.61575e-07 200 168 129
1.16298e-08 2.06902e-08 1.46931e-07 198 155 110
6.5758e-08 1.21763e-09 1.63476e-07 194 162 124
1.07524e-08 4.01613e-08 1.24425e-07 216 174 124
2.99691e-08 3.13986e-08 1.3284e-07 198 156 110
-2.19602e-08 3.81206e-08 1.32533e-07 214 174 132
3.72488e-08 -4.56755e-10 1.43912e-07 194 159 120
-3.61991e-08 4.01407e-08 1.31061e-07 212 174 132
-4.62727e-08 3.02581e-08 1.42991e-07 220 184 141
1.38889e-07 -3.27865e-08 1.85511e-07 158 160 164
-5.31271e-08 4.20001e-08 1.33204e-07 218 180 140
3.12715e-08 2.95587e-08 1.33685e-07 200 158 114
-4.72842e-08 4.31302e-08 1.29298e-07 206 169 126
9.31625e-08 -2.38105e-09 1.64607e-07 182 146 108
-7.34614e-08 1.93695e-08 1.68397e-07 196 157 118
-1.50868e-08 3.43442e-08 1.34489e-07 214 175 132
5.1217e-08 -5.50004e-08 2.14311e-07 195 194 194
-6.77664e-08 1.25127e-08 1.70317e-07 194 152 115
-7.80528e-08 2.01967e-08 1.65663e-07 192 152 114
-2.161e-08 1.94348e-08 1.54665e-07 200 156 112
2.48778e-08 -4.61412e-08 2.33471e-07 179 143 110
2.3982e-08 -5.23836e-08 2.33433e-07 186 185 188
3.22235e-08 5.34108e-09 1.39622e-07 190 153 116
2.2647e-08 -3.35608e-08 1.63303e-07 177 146 112
2.44143e-08 -1.54042e-08 1.75028e-07 123 86 60
2.02543e-08 -2.24451e-08 1.67298e-07 86 47 27
2.129e-08 -2.84811e-08 1.59452e-07 108 24 32
6.01723e-08 -5.71241e-08 2.10473e-07 193 190 189
-4.1131e-08 -7.36706e-09 1.81347e-07 16 12 12
3.22484e-08 1.13753e-08 1.42151e-07 110 81 54
6.14419e-08 -4.51397e-08 2.18293e-07 176 180 183
-4.56112e-08 -2.137e-08 1.75622e-07 42 46 53
3.3629e-08 9.04898e-09 1.45164e-07 110 79 51
3.48969e-08 5.54355e-09 1.47074e-07 146 112 80
7.63992e-08 -5.92437e-08 2.00599e-07 199 197 198
7.20117e-09 -2.59977e-08 1.87472e-07 180 142 108
-3.40419e-08 -2.05071e-08 1.67792e-07 190 154 116
3.00147e-08 -2.32215e-08 1.99166e-07 182 147 114
2.91908e-09 -1.84665e-08 1.91495e-07 183 146 110
3.3031e-08 3.97614e-09 1.35547e-07 60 38 30
3.19963e-08 1.09219e-09 1.44238e-07 190 153 114
8.81659e-08 -4.60793e-09 1.65592e-07 186 152 116
-6.2601e-08 1.52324e-08 1.72732e-07 194 154 118
3.57014e-08 8.88721e-09 1.5547e-07 192 154 114
-3.42315e-08 -1.96265e-08 1.70653e-07 48 51 54
2.35183e-09 -3.1711e-08 2.21251e-07 180 145 110
3.56752e-08 6.54972e-09 1.50279e-07 146 113 80
-3.84861e-10 -1.75153e-08 2.00351e-07 216 239 249
-1.55555e-10 -2.31174e-08 1.95616e-07 115 86 58
4.4716e-08 -4.33819e-08 2.26464e-07 176 156 136
2.52319e-08 -3.14745e-08 1.5906e-07 144 57 74
2.20684e-08 -1.9843e-08 1.68998e-07 65 40 40
-3.61324e-08 -2.57489e-09 1.79018e-07 32 34 39
-4.25397e-08 -3.97569e-09 1.90395e-07 32 34 38
3.33878e-08 2.26504e-09 1.39368e-07 194 160 120
3.84333e-08 4.39531e-09 1.62509e-07 194 160 123
-6.07362e-08 3.11557e-08 1.46704e-07 204 165 124
2.51462e-08 -5.67309e-08 2.29961e-07 196 191 190
1.46902e-08 -2.97063e-09 1.791e-07 189 145 107
1.59036e-08 2.92365e-08 1.36107e-07 220 183 138
3.47699e-08 -4.15378e-09 1.76049e-07 92 87 91
5.72215e-09 -1.61984e-08 1.94461e-07 185 150 117
1.73847e-09 -3.20269e-08 2.22574e-07 186 151 116
-1.84425e-09 -2.87086e-08 1.85506e-07 140 72 47
9.54241e-09 -3.81589e-08 2.27873e-07 182 148 113
-3.96841e-08 -2.38489e-08 1.74855e-07 47 55 62
4.01874e-08 -5.4435e-08 2.22831e-07 194 190 186
1.90705e-08 5.02032e-09 1.65222e-07 194 157 119
-4.61499e-08 2.91432e-08 1.47137e-07 218 182 138
-6.76399e-08 6.3461e-09 1.81191e-07 185 142 106
7.90745e-09 2.8749e-08 1.37177e-07 212 178 136
3.49374e-08 -6.34035e-08 2.19285e-07 198 194 194
2.11662e-08 -3.33129e-08 1.63642e-07 177 142 105
-4.39698e-08 -2.07269e-08 1.75224e-07 44 48 56
2.0187e-08 -1.40856e-08 1.89626e-07 24 81 110
4.09111e-08 -8.01667e-08 2.08017e-07 198 195 194
-2.53871e-08 3.22496e-09 1.77602e-07 196 164 126
3.59823e-08 8.11285e-09 1.34297e-07 57 32 20
9.35211e-08 -1.55538e-08 1.78414e-07 174 134 99
1.16281e-08 -3.71223e-09 1.78945e-07 186 144 107
1.08863e-07 -2.06681e-08 1.81543e-07 172 138 102
-6.44755e-08 1.14093e-08 1.73214e-07 197 159 122
3.55812e-08 -3.46208e-08 2.21896e-07 178 144 110
2.66569e-08 -4.37717e-08 2.38264e-07 180 144 109
1.32185e-07 -1.2053e-08 1.6827e-07 176 142 108
3.08681e-08 2.7361e-09 1.40324e-07 186 151 113
-4.93495e-08 -2.36393e-09 1.88043e-07 189 155 122
1.68373e-08 -4.06971e-08 2.32091e-07 173 138 103
5.60298e-08 -4.40481e-08 2.22093e-07 173 179 186
1.84127e-08 1.24507e-08 1.57614e-07 193 156 116
7.97774e-08 -1.50017e-09 1.60836e-07 195 160 122
1.38166e-09 -2.57611e-08 2.09838e-07 146 112 80
2.34733e-08 -1.87741e-08 1.69886e-07 48 57 74
-5.30468e-08 2.20722e-08 1.57325e-07 202 159 116
-9.15249e-09 3.72455e-08 1.31422e-07 211 173 130
-4.71276e-09 -2.33033e-08 2.10231e-07 185 148 112
3.66457e-08 2.4931e-08 1.35882e-07 189 146 105
-6.20798e-08 1.25505e-08 1.7176e-07 188 150 112
3.69906e-08 1.00808e-09 1.4903e-07 188 153 116
1.18768e-07 -1.3324e-08 1.70156e-07 178 142 107
1.47863e-08 -1.41913e-08 1.89613e-07 195 158 122
3.09778e-08 3.04507e-08 1.32887e-07 199 156 111
1.68317e-08 1.54759e-08 1.5332e-07 202 167 128
1.36465e-07 -1.96359e-08 1.76608e-07 168 136 99
5.92956e-09 2.92504e-08 1.37458e-07 208 171 128
9.35171e-08 -1.12258e-08 1.73748e-07 182 144 108
2.37924e-08 -8.70305e-09 1.84624e-07 186 150 116
1.8783e-08 -4.36663e-08 2.35913e-07 184 149 114
2.81077e-08 9.60741e-09 1.58335e-07 196 162 124
1.24991e-08 2.67611e-08 1.38764e-07 206 164 118
8.28349e-08 2.73959e-09 1.5749e-07 192 164 127
-2.29112e-08 1.65932e-08 1.58534e-07 198 157 116
-5.64168e-08 1.6407e-09 1.87931e-07 189 153 117
1.34901e-08 -3.56986e-08 2.28708e-07 174 138 104
1.25695e-08 3.88818e-08 1.22854e-07 214 178 129
-1.50127e-08 3.71491e-08 1.29356e-07 210 172 130
-5.38464e-08 3.21091e-08 1.44363e-07 212 172 130
-1.24438e-08 -2.07786e-08 2.06336e-07 194 161 125
1.81299e-08 1.67096e-08 1.51232e-07 203 168 129
1.80337e-09 -3.33536e-08 2.23086e-07 180 146 112
7.93857e-09 3.21968e-08 1.32615e-07 220 186 142
1.0212e-07 -3.54567e-09 1.58888e-07 172 136 100
1.10242e-07 -2.68465e-09 1.58868e-07 171 135 99
1.05327e-07 -1.0758e-08 1.75565e-07 174 134 99
-2.14365e-10 3.5739e-08 1.29434e-07 210 168 123
8.94849e-09 -4.21313e-08 2.34409e-07 174 139 105
-4.51942e-08 -1.19511e-08 2.02199e-07 152 124 98
-3.97483e-08 -2.27382e-08 1.70694e-07 52 59 68
-4.54966e-08 2.388e-08 1.53136e-07 208 166 124
1.45762e-07 -4.69576e-08 1.68066e-07 169 166 166
-2.42893e-08 1.00498e-08 1.69628e-07 196 158 118
-5.7154e-08 -2.23697e-09 1.92991e-07 186 150 115
-6.85686e-08 9.48296e-09 1.76447e-07 190 150 114
2.64875e-08 -4.47055e-08 2.39396e-07 177 140 106
-1.31827e-08 1.64775e-08 1.58703e-07 198 156 116
-6.95596e-09 -5.37545e-09 1.86119e-07 188 153 116
-4.92484e-08 2.51098e-09 1.84204e-07 184 148 112
6.07044e-08 -5.85649e-10 1.65167e-07 192 158 120
-3.98645e-08 -2.25573e-08 1.72557e-07 52 60 68
-4.16178e-08 2.77258e-08 1.47642e-07 212 174 132
1.01083e-07 -3.32534e-09 1.62089e-07 175 137 101
-4.30269e-09 -1.02141e-08 1.91945e-07 196 164 127
-5.81346e-08 3.15446e-08 1.45395e-07 206 166 126
-3.64342e-08 -2.07582e-08 1.71727e-07 54 62 72
2.59694e-08 1.98517e-08 1.44715e-07 196 154 107
3.54955e-08 -7.53641e-08 2.15653e-07 204 200 202
6.37661e-09 -3.26829e-08 2.21376e-07 182 148 113
8.61681e-08 -4.48352e-10 1.58275e-07 184 144 108
-5.76526e-08 3.64015e-08 1.3952e-07 206 164 124
9.64991e-08 7.79253e-10 1.55962e-07 181 142 106
-2.0267e-08 5.96673e-09 1.7324e-07 202 172 134
-6.70458e-10 -9.94918e-09 1.91212e-07 187 156 119
-4.69829e-08 2.97315e-08 1.46469e-07 214 175 132
-4.81943e-09 -1.69535e-08 2.03557e-07 192 158 120
-1.38741e-08 -1.04766e-09 1.824e-07 194 154 116
-7.00095e-09 1.32671e-08 1.60287e-07 200 164 128
1.65666e-08 2.07054e-08 1.4477e-07 200 159 114
-9.8643e-10 1.67996e-08 1.54896e-07 198 156 118
2.61768e-08 -4.77571e-08 2.34882e-07 177 174 175
3.99306e-08 -3.18501e-08 2.13173e-07 182 148 114
-4.49483e-08 3.10782e-08 1.43835e-07 220 186 146
-5.43914e-08 -9.51545e-09 2.01345e-07 184 150 115
3.96858e-08 8.78863e-10 1.68057e-07 193 159 122
1.41004e-08 3.18031e-10 1.73797e-07 192 154 116
2.54393e-08 -4.04497e-08 2.32147e-07 174 139 104
4.95478e-09 3.19053e-08 1.34032e-07 217 184 139
-6.87266e-09 -2.65672e-08 2.15485e-07 187 151 115
4.67421e-08 -7.82786e-08 2.07533e-07 204 203 204
-4.17541e-09 1.63712e-08 1.54696e-07 198 156 117
1.02584e-08 -4.2888e-08 2.3403e-07 175 140 106
3.51466e-08 -4.85722e-08 2.30512e-07 181 185 188
-4.48161e-08 2.60208e-08 1.50672e-07 212 176 134
8.97309e-08 -1.29234e-08 1.80411e-07 182 148 111
1.93947e-08 9.64027e-10 1.70701e-07 190 151 112
-3.65643e-08 -4.46362e-09 1.7721e-07 36 35 38
1.12219e-07 -1.00119e-08 1.67222e-07 170 132 96
8.69852e-08 -1.02988e-09 1.60358e-07 182 144 106
3.3233e-08 -4.69919e-08 2.31477e-07 171 178 186
2.3644e-08 -2.78691e-08 1.5813e-07 182 102 138
-3.57099e-08 -1.39761e-08 1.55616e-07 200 171 134
-4.38907e-08 -3.06834e-09 1.94726e-07 46 44 44
1.10267e-07 -1.40953e-08 1.69611e-07 171 134 98
1.40935e-08 1.91843e-08 1.48137e-07 200 158 116
-9.4694e-09 4.24014e-08 1.22594e-07 216 176 134
-4.47673e-08 -1.65567e-08 1.75446e-07 23 21 20
3.45234e-08 -4.21804e-08 2.28434e-07 178 144 108
5.03023e-09 2.27605e-08 1.49404e-07 208 173 133
7.73663e-09 -3.47615e-08 2.26183e-07 175 140 105
1.99438e-08 4.34052e-09 1.66577e-07 193 156 117
3.9914e-08 -7.2109e-08 2.17016e-07 196 192 188
-1.76519e-08 1.9406e-08 1.55221e-07 203 163 120
-6.77068e-08 9.00442e-09 1.77894e-07 192 154 116
8.6579e-09 -3.83752e-08 2.28073e-07 182 147 112
3.81065e-08 1.21771e-08 1.38352e-07 220 212 160
4.28273e-08 -5.83067e-08 2.20805e-07 196 194 190
8.6353e-08 -6.06467e-08 2.04736e-07 200 197 196
6.49133e-08 -7.16118e-08 2.0428e-07 204 202 202
2.28721e-08 -6.34741e-09 1.83662e-07 196 164 128
4.033e-08 -8.11212e-08 2.05925e-07 202 199 198
5.50934e-08 -6.34232e-08 2.11742e-07 204 200 202
4.4853e-08 -6.30618e-08 2.15713e-07 202 198 198
3.72833e-08 1.36447e-09 1.71993e-07 193 159 122
1.16993e-07 -5.16458e-08 1.97439e-07 198 194 194
3.19705e-08 -5.17141e-09 1.78744e-07 159 134 109
2.97731e-08 1.13971e-08 1.58643e-07 200 166 128
3.93242e-08 -7.45177e-08 2.1115e-07 198 195 194
3.42968e-08 -6.46923e-08 2.19625e-07 202 200 200
4.01593e-08 -7.01871e-08 2.14498e-07 198 196 196
-3.88717e-08 3.49336e-09 1.61347e-07 190 152 114
2.60986e-08 -6.70409e-08 2.22282e-07 204 198 198
4.24998e-08 -6.85881e-08 2.14498e-07 203 200 198
6.51018e-08 -6.18041e-08 2.08194e-07 196 192 191
-8.00087e-09 -1.95192e-08 1.96299e-07 198 166 131
2.42458e-08 -1.29238e-09 1.74253e-07 196 164 126
-1.84225e-08 4.9525e-09 1.6547e-07 208 176 138
2.00022e-08 6.49332e-09 1.65019e-07 200 165 126
3.37326e-08 -6.59681e-08 2.1947e-07 202 198 197
4.38477e-08 -8.22915e-08 2.05379e-07 203 200 199
2.82853e-08 -4.91633e-08 2.31395e-07 186 185 187
2.3096e-08 1.14645e-08 1.62166e-07 198 164 127
9.07991e-08 -6.49571e-08 2.00711e-07 196 191 188
6.76812e-08 -5.71778e-08 2.11943e-07 195 190 192
2.50571e-08 -3.33468e-08 1.59666e-07 148 43 67
1.74414e-08 -1.95426e-08 1.75673e-07 236 144 68
1.87749e-08 -1.36697e-08 1.85791e-07 73 54 44
-1.95067e-08 -5.13975e-08 2.45493e-07 182 147 117
-2.93515e-08 -3.45104e-08 2.33536e-07 187 152 122
-1.85511e-08 -2.84486e-08 2.18617e-07 190 156 121
1.94548e-08 -2.67843e-08 1.66509e-07 178 136 94
3.03577e-08 4.62672e-09 1.4042e-07 166 132 93
-2.8226e-08 -4.44155e-08 2.30904e-07 188 154 124
-2.4964e-08 -4.75883e-08 2.37682e-07 174 140 108
1.96214e-08 -1.57106e-08 1.90187e-07 62 66 70
-1.26805e-08 -4.05819e-08 2.2546e-07 182 146 111
2.47432e-08 -2.07656e-08 1.7417e-07 29 59 76
4.93825e-08 -7.65307e-08 1.86164e-07 186 182 178
3.82069e-08 8.82118e-09 1.5697e-07 186 147 106
-1.22789e-08 -8.95656e-08 1.96386e-07 188 181 178
7.62848e-09 -4.67216e-08 2.50002e-07 182 151 116
-1.55296e-09 -7.31797e-08 2.21155e-07 202 197 195
4.58465e-08 1.00149e-08 1.55484e-07 120 88 58
2.19521e-08 -5.17118e-08 2.31277e-07 190 190 192
2.92946e-08 -1.53624e-08 1.68587e-07 114 46 30
5.50731e-08 -4.03709e-08 2.16625e-07 172 151 126
7.86994e-09 -2.54575e-08 2.25169e-07 187 151 116
2.19187e-08 2.83381e-08 1.36131e-07 207 166 119
3.29867e-08 -7.72909e-08 1.95786e-07 202 198 195
4.19535e-08 9.54568e-09 1.5392e-07 120 87 57
2.00374e-08 -2.0248e-08 1.77218e-07 146 100 54
3.31249e-08 1.47493e-08 1.47011e-07 190 147 102
3.536e-08 1.18938e-08 1.58603e-07 192 154 113
-3.98849e-09 -4.45804e-08 2.36741e-07 178 144 111
-9.17496e-09 -2.91261e-08 2.20969e-07 182 146 110
-2.19054e-08 -5.46889e-08 2.63965e-07 183 148 119
-1.81156e-08 -2.7543e-08 2.11824e-07 190 156 120
3.46109e-08 -2.36115e-08 2.04097e-07 177 143 107
3.14098e-08 2.74127e-09 1.3578e-07 54 30 16
-1.01475e-08 -4.35243e-08 2.33247e-07 182 146 111
-2.36716e-08 -4.96116e-08 2.43853e-07 178 142 110
1.61726e-08 -2.21909e-08 1.94397e-07 181 147 112
5.83242e-08 -3.63854e-08 2.21456e-07 173 140 104
1.65505e-08 -3.66653e-08 2.2233e-07 184 151 118
2.30684e-08 2.00959e-08 1.48841e-07 202 160 114
-3.04175e-08 -2.62824e-08 2.27725e-07 188 152 120
3.81815e-08 -6.84079e-08 2.09642e-07 196 192 188
4.1887e-08 2.08672e-08 1.45858e-07 154 167 176
2.32802e-08 -3.40976e-08 2.15774e-07 146 94 66
-1.52993e-08 -4.69289e-08 2.45785e-07 176 142 108
-1.78852e-09 -4.79092e-08 2.4164e-07 182 148 114
2.91046e-08 -9.55616e-09 1.88908e-07 185 151 116
1.68608e-08 -7.67312e-09 1.78685e-07 188 153 116
1.98479e-08 -1.66542e-08 1.79526e-07 198 92 45
-6.74326e-09 -2.07144e-08 2.0006e-07 193 158 122
-8.68262e-09 -5.18958e-08 2.42875e-07 178 166 162
-1.35699e-09 -5.14761e-08 2.30611e-07 182 182 185
2.26156e-08 -1.81705e-08 1.87907e-07 116 72 55
-1.98026e-08 -5.37203e-08 2.42527e-07 174 175 180
-1.51917e-08 -5.12552e-08 2.5065e-07 178 144 110
-6.07074e-09 -3.47699e-08 2.20609e-07 185 152 118
2.9967e-09 -6.99062e-08 2.19492e-07 202 198 194
2.49263e-08 -6.2065e-08 2.10849e-07 200 198 196
2.70514e-08 1.78148e-08 1.47672e-07 201 164 118
1.88302e-08 8.76541e-10 1.71055e-07 190 148 106
4.57357e-08 1.05381e-08 1.63525e-07 192 155 116
3.19867e-08 -1.40974e-08 1.72981e-07 157 126 98
-2.11161e-08 -5.92062e-08 2.35832e-07 178 172 169
-1.17789e-08 -4.44643e-08 2.26918e-07 186 153 119
-1.97767e-08 -7.26475e-08 2.29074e-07 202 194 192
2.2008e-08 -4.81908e-08 2.27396e-07 178 180 183
-2.81202e-08 -4.08479e-08 2.30674e-07 181 146 114
3.51777e-08 -6.6023e-08 2.07509e-07 196 192 188
5.45617e-08 -3.93866e-08 2.12194e-07 180 156 127
-2.16102e-08 -4.66361e-08 2.35835e-07 176 142 108
-2.11057e-08 -5.38149e-08 2.43566e-07 172 171 171
-2.61296e-08 -3.58101e-08 2.34395e-07 186 152 120
2.62836e-08 -1.67073e-08 1.58001e-07 228 134 42
5.55852e-08 1.96004e-08 1.43789e-07 180 138 95
-3.16305e-08 -4.71088e-08 2.35062e-07 186 154 122
-1.35742e-08 -3.01915e-08 2.2735e-07 182 148 113
2.16035e-08 3.21959e-08 1.36395e-07 212 178 133
3.43187e-08 1.99186e-08 1.51978e-07 202 162 118
-2.80939e-08 -4.52579e-08 2.38765e-07 183 150 120
4.67234e-08 1.84341e-08 1.46709e-07 198 188 113
2.83378e-08 -3.25567e-09 1.75865e-07 184 148 112
4.2183e-08 9.77346e-09 1.58234e-07 186 148 106
-1.99673e-08 -4.76858e-08 2.48314e-07 176 142 110
1.9636e-08 -2.78893e-08 1.59111e-07 100 39 43
-1.85584e-08 -2.97382e-08 2.13822e-07 186 152 116
2.24594e-08 2.09381e-08 1.46338e-07 197 154 106
4.62895e-08 7.41052e-09 1.5827e-07 192 158 119
2.54507e-08 -7.68692e-09 1.88029e-07 182 148 112
2.3129e-08 1.87103e-08 1.47184e-07 200 160 115
1.05873e-09 -3.58667e-08 2.14829e-07 175 142 106
3.55815e-09 -8.45517e-08 2.00155e-07 204 200 200
1.06056e-08 2.17237e-09 1.78286e-07 196 160 120
3.65433e-08 1.56046e-08 1.43494e-07 46 38 35
-3.60346e-08 -2.97077e-08 2.1571e-07 192 156 125
1.30076e-08 -4.57075e-08 2.28421e-07 178 146 108
1.82959e-08 1.22625e-08 1.57588e-07 200 163 124
8.2896e-09 2.71856e-09 1.71548e-07 193 154 114
3.05289e-08 2.40569e-08 1.41614e-07 192 150 100
-2.51345e-08 -5.82442e-08 2.38182e-07 190 188 188
-2.21905e-08 -5.06341e-08 2.46398e-07 183 148 114
-2.38198e-08 -5.50106e-08 2.4173e-07 176 176 180
2.66302e-08 -2.15753e-08 1.58767e-07 215 151 107
3.73346e-08 -2.71897e-08 1.65745e-07 150 31 58
3.45057e-08 9.44341e-09 1.45679e-07 108 78 49
3.95234e-08 9.60768e-09 1.49386e-07 112 81 52
3.39373e-08 2.9144e-09 1.36439e-07 50 30 18
3.96767e-08 -1.08714e-13 1.67628e-07 189 155 119
1.15716e-08 1.65356e-08 1.50343e-07 194 154 109
-2.24494e-09 -5.45306e-08 2.32784e-07 190 189 190
-1.92878e-08 -5.07124e-08 2.46241e-07 180 146 113
-2.14646e-08 -4.08616e-08 2.24647e-07 181 146 112
-3.02588e-08 -3.6836e-08 2.26805e-07 187 152 120
3.77443e-08 -7.53748e-08 1.81493e-07 201 199 200
5.87061e-08 -1.05642e-08 1.80629e-07 210 157 92
1.71134e-08 2.83035e-08 1.3537e-07 200 155 108
-1.0195e-08 -8.86364e-08 1.9715e-07 198 194 194
-2.55149e-08 -3.43613e-08 2.17569e-07 186 152 121
-8.97351e-09 -7.02333e-08 2.18282e-07 200 192 190
-3.06637e-08 -3.8257e-08 2.27691e-07 179 144 112
4.93519e-08 -5.93413e-08 2.02411e-07 200 197 196
1.18568e-09 -4.92535e-08 2.40876e-07 180 146 112
5.05406e-08 1.10813e-08 1.63619e-07 192 156 118
2.04772e-08 -9.08205e-08 1.98382e-07 198 196 194
4.31084e-08 -7.81267e-08 1.9152e-07 199 198 200
-6.43117e-09 -4.28611e-08 2.3584e-07 178 143 108
2.96656e-08 1.2785e-08 1.57828e-07 193 156 116
3.12367e-08 1.60031e-08 1.4978e-07 188 145 100
5.67068e-08 -2.07178e-08 1.76263e-07 209 170 130
1.06402e-08 -4.78182e-08 2.28089e-07 172 174 177
5.44124e-08 -8.63223e-09 1.76333e-07 182 144 106
-1.78206e-08 -4.60615e-08 2.46596e-07 182 147 114
2.58688e-08 -4.90996e-08 2.28633e-07 180 182 185
-2.48039e-08 -5.15432e-08 2.47566e-07 174 139 107
-1.3072e-08 -4.54276e-08 2.49938e-07 180 146 112
-2.26781e-08 -4.38185e-08 2.33178e-07 183 149 118
5.89141e-08 -8.14824e-09 1.77782e-07 180 141 102
4.13964e-08 4.65663e-09 1.62075e-07 192 155 118
-2.58816e-08 -7.46895e-08 2.19324e-07 200 192 189
5.09837e-08 -7.9747e-08 1.84308e-07 196 196 192
2.9374e-08 -3.11997e-08 2.10822e-07 177 149 117
-9.97094e-09 -4.34752e-08 2.3858e-07 180 144 110
1.59945e-09 -8.35255e-08 2.0116e-07 204 200 200
-1.14823e-08 -8.60612e-08 2.04861e-07 202 196 194
3.49274e-08 3.39418e-09 1.35757e-07 58 36 26
5.74504e-08 -9.92297e-09 1.80669e-07 218 154 85
2.13936e-08 2.20087e-08 1.42293e-07 196 152 104
1.94588e-08 1.82919e-08 1.47394e-07 200 160 114
2.09908e-08 -1.64775e-08 1.6824e-07 108 92 66
-5.29223e-10 -3.3659e-08 2.25722e-07 185 152 118
3.58046e-08 -6.27326e-08 2.02235e-07 202 201 198
2.1332e-08 2.24168e-08 1.41313e-07 198 156 108
2.54228e-08 -8.1564e-10 1.70665e-07 193 158 119
-2.46554e-08 -5.79914e-08 2.49096e-07 184 181 180
2.51698e-08 -3.18581e-08 2.10469e-07 138 90 64
1.31791e-08 -9.96655e-09 1.89037e-07 186 150 114
2.44718e-08 2.0813e-08 1.47769e-07 196 154 106
3.83238e-08 7.46167e-10 1.67988e-07 190 156 119
5.15997e-08 -5.5761e-09 1.75445e-07 192 156 118
3.26122e-08 5.82807e-09 1.41771e-07 130 97 62
-1.50086e-08 -5.49486e-08 2.44628e-07 182 182 186
5.77077e-08 -3.3424e-08 2.15235e-07 186 155 118
-2.70438e-08 -2.93649e-08 2.1151e-07 190 156 122
2.62381e-08 -1.8433e-08 1.87387e-07 208 125 69
-9.13944e-09 -9.34869e-08 1.95831e-07 202 197 200
4.66014e-09 8.85745e-09 1.73875e-07 192 150 110
7.83034e-09 -3.80105e-08 2.24734e-07 184 150 116
-2.2647e-08 -4.26471e-08 2.32311e-07 182 148 116
-8.69813e-09 -7.97244e-08 2.154e-07 204 198 198
2.30429e-09 -8.56927e-08 1.99114e-07 199 195 195
4.56875e-08 9.33304e-09 1.63071e-07 192 156 117
-1.80807e-08 -6.9195e-08 2.3356e-07 203 195 192
2.61394e-08 -1.97124e-08 1.86635e-07 161 120 76
-2.9448e-10 -2.40025e-08 2.19227e-07 185 150 114
1.87524e-08 1.95621e-08 1.4763e-07 199 156 111
3.59043e-08 -4.87461e-08 2.22365e-07 186 188 188
6.53705e-08 3.1873e-09 1.58887e-07 184 150 110
1.40552e-08 -6.44576e-08 2.124e-07 199 195 192
2.01449e-08 -1.44129e-08 1.85691e-07 78 60 54
1.8224e-08 -3.82819e-08 2.21186e-07 179 146 110
8.14202e-09 -5.33719e-08 2.16596e-07 165 162 158
-1.58036e-08 -4.23814e-08 2.3698e-07 180 144 112
2.88935e-08 -1.48866e-08 1.62924e-07 216 104 46
-1.05814e-08 -4.539e-08 2.37017e-07 178 142 108
-6.75778e-09 -8.96876e-08 1.99938e-07 198 194 194
3.00948e-08 2.80923e-08 1.36834e-07 200 166 120
6.44288e-08 -2.07804e-08 1.81702e-07 198 142 98
-2.22759e-08 -3.97341e-08 2.30868e-07 180 144 111
3.53126e-08 -2.14722e-08 1.63606e-07 148 136 129
-1.68735e-08 -8.73782e-08 2.03325e-07 202 196 197
3.3462e-08 -1.25018e-08 1.73793e-07 36 44 52
-2.58749e-08 -2.76611e-08 2.11944e-07 187 152 117
9.14189e-09 -1.67086e-08 1.974e-07 188 152 118
-2.23108e-08 -6.11161e-08 2.34e-07 196 190 188
-1.47874e-08 -3.57264e-08 2.17702e-07 185 152 118
-3.64331e-09 -2.27715e-08 1.9904e-07 160 128 96
-8.76917e-09 -2.00073e-08 2.02573e-07 195 162 124
-1.23022e-08 -3.88116e-08 2.10772e-07 182 149 115
2.44163e-08 1.21755e-08 1.57451e-07 197 159 120
-1.54161e-08 -3.11214e-08 2.18961e-07 178 142 106
1.22684e-08 -3.84249e-08 2.1682e-07 176 143 108
2.12222e-09 -3.14136e-08 2.18874e-07 184 149 116
5.74103e-08 -4.17439e-08 2.15227e-07 166 174 179
-2.06937e-08 -4.34106e-08 2.43935e-07 184 150 118
-1.01624e-08 -4.06648e-08 2.40134e-07 180 147 113
5.04249e-09 2.88466e-08 1.35172e-07 210 171 122
5.70387e-08 -4.48653e-08 2.20336e-07 178 182 186
5.09522e-08 -8.59683e-08 1.82598e-07 188 186 184
-1.21371e-08 -5.66245e-08 2.4816e-07 184 183 186
5.43383e-08 -1.42387e-09 1.72786e-07 196 160 121
1.58866e-08 -1.48402e-08 1.71217e-07 128 87 55
2.61294e-08 -2.08262e-08 2.03585e-07 180 146 110
-2.29298e-08 -5.61853e-08 2.44631e-07 177 176 178
1.3587e-08 1.899e-08 1.47134e-07 198 156 110
2.91309e-08 -4.55349e-08 2.37215e-07 174 140 103
3.47246e-08 -3.66654e-08 2.01319e-07 176 142 108
3.00548e-08 -2.5947e-08 2.03982e-07 186 152 118
-5.13923e-09 -8.03509e-08 2.1946e-07 200 194 190
-2.20245e-08 -3.92895e-08 2.22759e-07 186 150 117
5.30244e-08 -3.23615e-08 2.15328e-07 178 144 108
2.29207e-08 2.2798e-08 1.45034e-07 204 158 110
3.02699e-08 -1.2869e-08 1.78355e-07 116 84 60
-2.01698e-08 -4.20333e-08 2.30765e-07 180 145 112
-2.18873e-08 -6.43493e-08 2.26101e-07 200 192 189
-3.26238e-09 -5.07001e-08 2.41881e-07 166 145 124
2.32092e-08 1.64853e-08 1.50754e-07 200 158 115
4.33763e-08 -8.04373e-08 1.9711e-07 201 200 199
1.23093e-08 1.04605e-09 1.73488e-07 190 151 111
-7.26781e-09 -1.37858e-08 1.96119e-07 190 152 116
2.1263e-08 -1.81921e-08 1.9054e-07 182 150 116
4.26433e-08 -7.60139e-08 1.9277e-07 200 198 198
-4.63674e-09 -7.21019e-08 2.62043e-07 202 194 191
8.88258e-09 -6.35706e-08 2.15414e-07 202 198 196
1.15464e-08 5.58525e-09 1.79045e-07 192 154 114
-2.73603e-08 -2.6541e-08 2.15872e-07 186 150 116
-7.55106e-09 -3.41659e-08 2.25119e-07 180 147 112
7.54009e-09 -5.11472e-08 2.13064e-07 188 186 182
-3.862e-08 -3.6136e-08 2.27405e-07 192 156 126
3.08349e-08 2.69069e-08 1.39054e-07 199 164 118
-6.01119e-09 -4.62991e-08 2.36526e-07 184 154 118
1.22135e-08 -1.48123e-08 1.97403e-07 184 147 111
2.48389e-08 -3.44641e-08 2.0843e-07 178 148 113
-1.1816e-08 -3.0931e-08 2.13904e-07 176 137 104
4.91512e-08 -7.10485e-08 1.90422e-07 194 191 190
-1.48359e-09 -2.40316e-08 2.03536e-07 140 108 78
3.31761e-08 5.85165e-09 1.64906e-07 191 156 118
-1.19641e-08 -4.84367e-08 2.45119e-07 178 142 110
-1.17486e-08 -9.00131e-08 1.92578e-07 202 197 200
1.85421e-08 2.44111e-08 1.44528e-07 209 171 124
-2.06791e-08 -3.52381e-08 2.19775e-07 190 155 122
-1.00186e-08 -4.07724e-08 2.27017e-07 179 144 108
2.30079e-08 -1.65581e-08 1.95864e-07 178 144 112
-1.74797e-08 -7.39568e-08 2.22288e-07 203 195 192
2.46384e-08 5.56323e-09 1.62191e-07 194 156 118
-8.73694e-09 -6.39937e-08 2.23094e-07 200 192 189
2.38776e-08 -2.08754e-08 1.97479e-07 178 144 110
7.02693e-08 -8.13552e-08 1.96212e-07 198 197 196
4.49712e-08 -6.60786e-09 1.72438e-07 190 154 117
-1.48052e-08 -2.77131e-08 2.17222e-07 190 156 120
5.79547e-08 -4.48872e-08 2.15476e-07 176 178 176
-2.42193e-08 -4.47147e-08 2.29144e-07 178 145 112
-5.50959e-09 -3.6718e-08 2.14326e-07 182 148 114
6.34509e-09 -6.74152e-08 2.1234e-07 203 198 196
2.07059e-08 -2.03653e-08 1.96879e-07 178 143 108
4.60309e-08 1.59947e-09 1.68908e-07 189 154 117
2.82641e-08 -3.44353e-08 2.1003e-07 178 148 112
5.40987e-08 -6.38034e-08 1.9764e-07 195 194 192
3.04209e-10 -4.54255e-08 2.34187e-07 180 149 114
-1.36929e-08 -8.79579e-08 2.0577e-07 204 198 199
6.78429e-09 -2.79572e-08 2.22054e-07 176 140 106
3.14597e-08 -2.06778e-08 1.91565e-07 135 108 80
4.51243e-08 -6.9833e-08 2.1036e-07 195 192 186
5.2167e-08 -8.45365e-08 1.86769e-07 185 180 176
-6.18058e-09 -4.93517e-08 2.20572e-07 178 179 182
-8.15721e-10 3.48608e-08 1.31568e-07 214 174 126
-9.4393e-09 -3.26725e-08 2.2201e-07 181 146 112
2.61002e-09 -4.85243e-08 2.30752e-07 165 153 141
-1.70479e-08 -4.99067e-08 2.50889e-07 180 144 111
4.69381e-08 2.59929e-09 1.66542e-07 188 154 116
4.93548e-08 -7.30842e-08 1.89532e-07 196 194 192
-2.55033e-08 -2.82636e-08 2.33137e-07 191 156 124
2.06274e-08 -1.97069e-08 1.71229e-07 236 152 73
3.37702e-08 1.45401e-08 1.51466e-07 193 153 110
2.49238e-08 -1.17472e-08 1.85305e-07 152 120 88
1.85786e-08 -1.70334e-08 1.80613e-07 180 79 40
3.13182e-08 2.37929e-09 1.40038e-07 191 152 114
-9.74538e-09 -4.19599e-08 2.33505e-07 180 145 112
2.13047e-08 -1.5737e-08 1.89946e-07 58 70 82
2.6809e-09 -5.02059e-08 2.42932e-07 165 148 128
1.9943e-08 -1.67422e-08 1.86888e-07 30 54 76
2.91218e-08 -2.08393e-08 1.58093e-07 65 108 134
3.52601e-08 1.30387e-08 1.37676e-07 218 216 136
-1.82807e-08 -4.84354e-08 2.48508e-07 174 140 108
2.21078e-08 -3.01879e-08 1.57529e-07 134 46 64
2.44372e-08 -2.62528e-08 2.01685e-07 185 152 119
3.22023e-08 4.43614e-09 1.43993e-07 185 149 110
1.20465e-08 -1.62853e-08 1.97537e-07 182 148 112
-6.33436e-09 -5.07836e-08 2.37588e-07 178 172 172
1.58864e-08 2.67037e-08 1.36845e-07 206 168 120
2.69794e-08 -4.28625e-09 1.80743e-07 189 155 118
2.10587e-08 -1.9742e-08 1.77525e-07 192 134 70
-2.69142e-08 -4.76253e-08 2.41746e-07 183 150 118
1.9212e-08 -1.43e-08 1.94319e-07 182 148 114
-5.70773e-09 -3.50263e-08 2.15751e-07 177 144 111
2.58376e-08 6.30202e-09 1.65304e-07 196 158 118
-2.18574e-08 -4.9752e-08 2.46372e-07 180 144 113
8.62797e-09 -3.72271e-08 2.24798e-07 180 146 112
-1.69351e-08 -4.90322e-08 2.45738e-07 178 144 110
-9.43698e-09 -5.39035e-08 2.3507e-07 186 184 186
1.83993e-08 -2.6617e-08 1.5987e-07 154 74 26
6.47168e-09 -2.43741e-08 2.13873e-07 119 88 62
3.15867e-08 -1.1482e-09 1.72966e-07 187 152 114
-1.71275e-08 -4.41966e-08 2.4136e-07 181 148 115
3.01138e-09 -4.72881e-08 2.43624e-07 182 151 118
1.83063e-08 1.68336e-08 1.48726e-07 198 160 117
-2.83204e-08 -4.15184e-08 2.36194e-07 178 143 110
-1.94317e-08 -3.60439e-08 2.31771e-07 187 154 122
4.43944e-09 -3.33874e-08 2.11653e-07 176 141 108
-2.12746e-08 -4.44472e-08 2.4022e-07 182 148 116
2.15249e-08 -6.95008e-09 1.93071e-07 174 136 100
-7.77441e-09 -3.92809e-08 2.29064e-07 183 149 114
2.84893e-08 -1.99224e-08 1.86802e-07 130 92 59
3.12821e-08 4.59881e-09 1.36707e-07 115 88 65
2.47077e-08 -2.06284e-08 1.63273e-07 196 141 98
-2.30071e-08 -4.09481e-08 2.38831e-07 181 146 115
3.13403e-08 -1.83193e-08 1.98167e-07 172 119 86
5.92477e-09 -3.75041e-08 2.16146e-07 188 154 120
1.88886e-08 -2.93339e-08 1.59959e-07 191 97 80
2.55324e-08 2.03598e-08 1.43134e-07 198 156 108
-2.08126e-10 -2.76198e-08 2.07205e-07 173 138 104
1.98531e-08 -3.71562e-08 2.16035e-07 174 144 111
9.7106e-09 -1.55496e-08 1.9695e-07 185 147 113
-2.56256e-08 -4.63016e-08 2.41929e-07 186 152 122
-6.05475e-09 -4.9759e-08 2.41432e-07 181 148 116
1.41128e-08 -5.03442e-09 1.86797e-07 192 158 122
1.7874e-08 -3.76246e-08 2.19197e-07 179 150 116
3.19713e-08 2.00477e-09 1.3982e-07 198 160 119
3.0363e-08 9.22369e-09 1.44593e-07 116 84 56
6.00732e-09 -1.15027e-08 1.94521e-07 184 158 134
2.16079e-08 2.08847e-08 1.42236e-07 196 154 106
2.10516e-08 1.78451e-08 1.52257e-07 200 162 120
3.4561e-08 -2.0748e-08 2.01679e-07 179 150 115
-7.3801e-09 -4.00442e-08 2.24851e-07 182 148 114
2.24545e-08 -3.88105e-08 2.23526e-07 176 144 111
-1.3913e-08 -4.86719e-08 2.45476e-07 178 144 111
1.38471e-08 2.87301e-09 1.69364e-07 190 152 112
-2.09808e-08 -6.40045e-08 2.37351e-07 197 192 189
2.89215e-08 -2.00663e-08 1.56675e-07 12 88 132
3.07682e-08 -2.60491e-08 2.01934e-07 186 154 120
-9.74688e-09 -3.53766e-08 2.19389e-07 181 148 115
1.92426e-08 -2.98254e-08 1.60729e-07 170 82 56
5.27209e-09 -3.6114e-08 2.22684e-07 177 144 110
2.7896e-08 2.75193e-09 1.69318e-07 188 148 108
2.29746e-08 2.43762e-08 1.39334e-07 207 170 124
2.18953e-08 6.88886e-09 1.65089e-07 198 165 126
-6.23618e-09 -3.50192e-08 2.233e-07 182 149 116
-4.37811e-10 -2.9801e-08 2.12717e-07 172 136 102
8.30867e-09 2.98518e-08 1.3207e-07 209 172 127
-2.63158e-08 -3.37872e-08 2.28808e-07 188 154 122
-2.80413e-08 -4.22437e-08 2.43357e-07 176 141 108
1.11249e-08 -3.56834e-08 2.18143e-07 182 149 115
2.05592e-08 2.33224e-08 1.39449e-07 206 168 122
-1.95217e-08 -6.6235e-08 2.24751e-07 202 194 192
3.34215e-08 9.80789e-11 1.43507e-07 188 152 112
2.01945e-08 -3.73544e-08 2.1793e-07 181 150 117
-2.8447e-08 -3.41629e-08 2.30906e-07 188 154 122
1.41736e-08 -1.54152e-08 1.95619e-07 184 150 114
-2.13282e-08 -3.72626e-08 2.23163e-07 184 150 118
-1.45679e-08 -4.42671e-08 2.42139e-07 181 146 114
2.81213e-08 -2.42051e-08 1.59633e-07 158 136 120
2.04362e-08 2.70218e-08 1.3658e-07 198 159 111
2.41102e-08 -2.71966e-08 1.5709e-07 175 80 116
2.11115e-08 -1.62763e-10 1.74107e-07 186 143 103
-3.2449e-09 -4.86579e-08 2.42253e-07 178 148 114
-1.52515e-09 -4.41579e-08 2.36075e-07 177 143 110
8.88867e-10 3.22377e-08 1.29544e-07 216 180 136
-2.32496e-08 -7.4507e-08 2.30547e-07 204 196 193
3.75487e-08 -4.91685e-08 2.28545e-07 190 192 195
3.59561e-08 5.54028e-09 1.64973e-07 200 164 125
-2.33492e-08 -6.43897e-08 2.37779e-07 198 192 188
-2.43297e-08 -6.57771e-08 2.37077e-07 198 192 187
9.15329e-09 -1.82776e-08 1.91887e-07 182 148 114
-1.21914e-09 -7.51493e-08 2.23026e-07 204 198 196
7.58337e-08 -7.99155e-08 1.95512e-07 197 194 192
2.73466e-08 -5.32172e-08 2.40229e-07 190 190 190
-4.58751e-08 2.94954e-08 1.44547e-07 220 182 139
3.02565e-08 -4.51522e-08 2.49952e-07 178 144 110
2.45677e-08 -1.24713e-08 1.85929e-07 121 88 60
3.75558e-08 -1.05235e-08 1.79551e-07 30 40 53
-1.24439e-08 4.14471e-08 1.18448e-07 206 164 120
3.54908e-08 -1.10582e-09 1.76558e-07 184 150 116
-1.71076e-08 -3.49646e-08 2.34788e-07 191 156 123
-4.49966e-08 4.1447e-08 1.30051e-07 212 172 128
2.18884e-08 -2.85047e-08 1.63744e-07 148 78 59
-2.69945e-08 -3.60894e-08 2.34289e-07 191 156 124
-1.87664e-08 -2.88985e-08 2.2311e-07 188 155 121
3.19703e-08 7.7608e-09 1.46474e-07 112 81 52
2.37611e-08 -1.83929e-08 1.86893e-07 190 94 50
-2.44526e-08 -3.51907e-08 2.23764e-07 190 156 123
2.51381e-08 -2.54727e-08 2.0447e-07 175 141 106
2.47987e-09 -2.59681e-08 1.87345e-07 130 64 37
-3.4992e-08 4.03763e-08 1.28835e-07 204 161 116
3.83825e-08 5.6166e-09 1.60962e-07 194 159 122
-2.392e-08 -3.8576e-08 2.40625e-07 186 151 119
2.45354e-08 2.24613e-08 1.35764e-07 204 168 120
1.80167e-08 -2.76981e-08 1.97953e-07 186 154 120
3.13864e-08 6.54418e-10 1.39579e-07 192 157 116
-1.16871e-08 4.2638e-08 1.18712e-07 210 168 124
-6.25043e-08 2.73654e-08 1.49509e-07 205 164 124
1.37483e-08 -2.79742e-08 1.93622e-07 184 152 118
-6.7917e-08 2.40026e-08 1.53061e-07 201 165 127
1.93232e-08 2.91018e-08 1.27546e-07 201 158 112
2.85691e-08 -1.09885e-08 1.9521e-07 106 82 59
2.98891e-08 2.85056e-08 1.29582e-07 190 151 106
-5.66081e-08 3.29803e-08 1.38204e-07 208 165 122
2.81336e-08 2.1604e-08 1.35316e-07 190 148 102
-4.39286e-08 -2.09104e-08 2.10897e-07 199 162 128
3.55411e-08 1.92427e-08 1.38294e-07 226 233 234
-3.75871e-08 4.787e-08 1.18095e-07 206 163 120
-1.27777e-08 3.9697e-08 1.18684e-07 212 172 126
2.66485e-08 -2.24711e-08 1.65298e-07 133 126 126
-1.60402e-08 4.20845e-08 1.16392e-07 202 160 116
1.16384e-08 2.52294e-08 1.3761e-07 213 172 126
2.81774e-08 1.59176e-09 1.38482e-07 183 147 106
-4.85985e-08 4.52506e-08 1.29549e-07 208 173 132
-5.00605e-08 4.10869e-08 1.25475e-07 208 170 130
2.67812e-08 2.31234e-08 1.28213e-07 191 150 106
-1.80356e-09 -5.19736e-08 2.49356e-07 161 143 126
-3.41077e-08 2.46691e-08 1.52293e-07 214 172 126
2.95231e-08 8.2806e-09 1.4351e-07 110 80 51
-3.98194e-08 3.54867e-08 1.35342e-07 220 178 134
-8.80018e-11 -3.03642e-08 2.11373e-07 180 144 110
4.25144e-09 -2.53428e-08 2.06472e-07 118 86 64
-1.89521e-08 -4.6837e-08 2.48344e-07 184 149 116
-3.53207e-08 4.80018e-08 1.12907e-07 202 158 116
4.73109e-08 -2.59481e-08 2.06723e-07 185 155 119
-5.53449e-08 4.10342e-08 1.30127e-07 208 173 134
2.55064e-08 1.23257e-08 1.53863e-07 190 153 113
2.30704e-08 -1.29009e-08 1.92711e-07 50 72 85
3.41852e-09 -4.67985e-08 2.46512e-07 186 152 118
-1.95141e-08 -4.21339e-08 2.40284e-07 186 151 119
1.94742e-09 -2.51655e-08 1.97383e-07 124 88 62
3.79009e-08 -1.47214e-08 1.72349e-07 202 99 46
2.10223e-08 1.93172e-08 1.39986e-07 196 154 104
-2.1914e-08 -3.64542e-08 2.29495e-07 188 154 121
-2.34513e-08 -4.45822e-08 2.41831e-07 180 144 112
3.92519e-09 -5.0553e-08 2.47761e-07 175 147 118
2.70487e-08 5.18939e-09 1.41179e-07 114 84 54
5.42093e-08 9.0614e-09 1.368e-07 137 104 76
2.56732e-10 -5.1681e-08 2.52893e-07 178 148 116
-5.95802e-08 2.73242e-08 1.49863e-07 205 164 122
3.42897e-08 -1.75093e-08 1.5904e-07 182 148 114
1.02491e-08 -5.22239e-08 2.41875e-07 182 182 186
1.40146e-08 2.98074e-08 1.28241e-07 201 165 117
3.50114e-08 -3.05254e-08 2.19281e-07 177 147 113
2.62874e-08 2.35759e-08 1.35527e-07 202 166 120
-4.61935e-08 2.70151e-08 1.4671e-07 209 169 124
-6.54248e-08 1.17511e-08 1.67702e-07 192 151 114
-1.22733e-08 2.65452e-08 1.29264e-07 220 179 132
4.22963e-08 -6.20485e-09 1.73429e-07 187 150 118
-3.88533e-08 -2.65272e-08 2.26703e-07 191 152 120
-2.32538e-08 -3.75006e-08 2.40647e-07 188 152 120
-3.67862e-08 4.80954e-08 1.14034e-07 202 160 118
1.90305e-08 -2.67658e-08 1.97189e-07 186 152 118
1.18661e-08 -5.13717e-08 2.49007e-07 176 176 176
1.45056e-08 2.97428e-09 1.73744e-07 189 150 112
8.91454e-09 -5.43739e-08 2.46848e-07 185 185 187
7.25638e-09 -3.2605e-08 2.0842e-07 176 140 104
2.0518e-08 -2.32252e-08 1.93427e-07 176 142 106
4.21497e-08 -2.42939e-08 1.98532e-07 177 147 111
2.72035e-08 -2.32986e-08 2.06111e-07 174 140 106
1.65824e-08 2.5153e-08 1.38052e-07 202 163 114
2.72126e-08 -4.87493e-08 2.38093e-07 179 181 184
-1.13897e-08 3.34508e-08 1.34162e-07 211 169 124
2.64513e-08 -1.80661e-08 1.88576e-07 204 100 52
-4.07985e-08 2.98663e-08 1.44427e-07 223 186 143
-5.68676e-09 -3.56209e-08 2.23424e-07 180 147 113
3.04128e-08 3.05702e-08 1.27184e-07 196 154 108
-4.77128e-08 3.98041e-08 1.29342e-07 214 174 132
-6.00577e-08 3.0968e-08 1.43448e-07 210 170 128
-2.62454e-08 3.88093e-08 1.33625e-07 224 184 142
-2.61185e-08 3.15959e-08 1.39778e-07 220 178 134
-2.43172e-08 -3.61668e-08 2.33313e-07 190 154 122
-1.09607e-08 4.16528e-08 1.1948e-07 208 168 122
-3.75724e-09 1.65629e-08 1.5365e-07 202 156 114
2.18265e-08 -4.84067e-08 2.49721e-07 178 145 111
1.22227e-08 -1.91725e-08 1.89584e-07 188 154 119
-2.8611e-08 1.69726e-08 1.5433e-07 206 163 116
9.59319e-10 -4.70801e-08 2.47215e-07 186 154 120
2.67356e-09 -4.53438e-08 2.46362e-07 176 142 108
-3.21331e-08 3.69264e-08 1.31075e-07 214 174 132
5.49284e-09 -2.83598e-08 2.1488e-07 157 123 92
-2.94164e-08 3.74091e-08 1.31427e-07 218 180 137
-2.4799e-08 5.19561e-08 1.12994e-07 204 162 120
1.13097e-08 -1.73879e-09 1.81528e-07 186 151 115
8.51684e-09 -5.12244e-08 2.46206e-07 174 174 177
-3.60306e-08 4.63874e-08 1.20552e-07 202 159 115
6.86781e-09 -2.68705e-09 1.95519e-07 190 156 120
-2.76448e-08 5.0058e-08 1.13198e-07 206 164 122
-3.73631e-08 4.51447e-08 1.14699e-07 200 156 114
2.62821e-09 -1.74067e-08 2.07389e-07 194 170 149
1.13874e-08 -5.36192e-08 2.50237e-07 177 178 180
-6.64544e-08 1.50603e-08 1.64182e-07 198 160 122
-1.19355e-08 4.51596e-08 1.1606e-07 206 170 126
-2.98802e-08 3.59244e-08 1.37918e-07 206 163 118
1.78115e-08 2.33798e-08 1.39419e-07 206 168 122
-5.81552e-08 1.5077e-08 1.66104e-07 197 155 118
-2.86012e-08 4.95423e-08 1.13077e-07 205 162 120
1.24101e-09 3.10578e-08 1.32375e-07 222 186 137
-1.87102e-08 3.63517e-08 1.27244e-07 210 174 130
-5.906e-08 1.67572e-08 1.64383e-07 208 166 128
3.12731e-09 2.56788e-08 1.40511e-07 211 168 121
1.95422e-08 -2.25361e-08 1.9829e-07 185 151 116
6.72436e-09 -7.95419e-09 1.7518e-07 192 158 124
-2.1268e-08 -3.403e-08 2.22468e-07 189 154 121
-3.47197e-08 4.98734e-08 1.15752e-07 206 163 121
3.42327e-08 -2.09706e-08 1.88288e-07 174 123 75
-3.67302e-08 2.42629e-08 1.50827e-07 212 170 124
-5.45705e-08 4.01924e-08 1.29667e-07 208 172 132
-3.68117e-08 4.38418e-08 1.20182e-07 210 166 124
-3.27509e-08 5.18284e-08 1.1009e-07 208 168 128
-5.78209e-08 3.68582e-08 1.38535e-07 208 168 126
1.83571e-08 -1.62541e-08 1.9054e-07 158 128 96
4.64853e-08 6.11708e-09 1.57766e-07 198 164 126
-2.72684e-08 -4.12647e-08 2.35215e-07 182 146 114
4.47348e-08 1.8908e-08 1.413e-07 222 199 143
2.91444e-08 2.94136e-08 1.32747e-07 192 152 108
4.77223e-08 3.43999e-09 1.60921e-07 188 152 114
3.99421e-09 -4.13312e-08 2.44962e-07 182 148 113
4.45778e-08 1.60404e-08 1.3803e-07 186 142 102
1.0294e-08 -5.3876e-08 2.46376e-07 181 182 184
1.96904e-08 2.74925e-08 1.4011e-07 202 162 113
-1.11344e-08 4.19648e-08 1.18115e-07 206 166 122
-4.0056e-08 4.52233e-08 1.19439e-07 200 156 114
-6.42698e-08 1.05679e-08 1.58582e-07 198 158 120
-4.21612e-08 9.96675e-09 1.71498e-07 192 154 114
2.9467e-08 7.76549e-09 1.44952e-07 113 82 53
1.38062e-08 -2.96407e-09 1.84738e-07 189 150 113
1.71741e-08 -3.36149e-08 2.06439e-07 148 90 64
-3.6986e-08 3.96066e-08 1.27806e-07 215 176 133
-9.8139e-09 4.45556e-08 1.14919e-07 216 181 136
1.73145e-09 3.07903e-08 1.3147e-07 224 186 138
3.35188e-08 -4.26877e-08 2.26935e-07 182 150 114
-3.11622e-08 3.03652e-08 1.34519e-07 218 180 136
5.66205e-08 1.27939e-08 1.33458e-07 193 158 119
7.67559e-09 3.45279e-08 1.18969e-07 208 169 118
4.91042e-08 -2.55858e-08 2.04944e-07 186 156 118
-6.12264e-08 2.96548e-08 1.47001e-07 205 164 123
-5.41991e-08 4.04963e-08 1.3263e-07 208 170 130
8.54824e-09 2.62066e-08 1.36835e-07 204 160 113
-5.20603e-08 4.0931e-08 1.30947e-07 212 174 134
4.7299e-08 1.92712e-08 1.31224e-07 191 150 110
1.3204e-08 -5.40575e-09 1.82582e-07 186 148 111
-3.70451e-08 -3.03534e-08 2.26925e-07 190 153 120
2.16299e-08 -1.96872e-08 1.90174e-07 181 147 112
-3.76448e-08 4.52035e-08 1.19893e-07 202 159 115
5.24263e-09 3.26532e-08 1.25689e-07 204 162 114
4.82036e-08 5.18832e-09 1.38014e-07 84 59 53
4.30345e-08 -2.68822e-08 2.05565e-07 187 156 121
-5.19834e-08 8.51896e-09 1.73345e-07 186 144 102
1.8905e-09 -4.69446e-08 2.46947e-07 185 152 118
2.80217e-08 -2.82e-08 2.08492e-07 187 156 122
-1.94668e-08 3.35375e-08 1.30322e-07 208 165 121
-6.09344e-08 2.27333e-08 1.51905e-07 209 173 133
1.69671e-08 2.59593e-08 1.31518e-07 201 160 112
-3.04253e-09 -5.57476e-08 2.46434e-07 186 183 183
-2.42756e-08 1.63655e-08 1.60718e-07 203 161 116
-4.25447e-08 3.11709e-08 1.4559e-07 214 178 136
1.2335e-08 3.10896e-08 1.33984e-07 207 168 122
2.79061e-08 2.08509e-08 1.41101e-07 192 150 100
2.08346e-08 -1.50377e-08 1.96161e-07 182 148 112
-5.78268e-08 1.42249e-08 1.66227e-07 194 152 114
-2.11104e-08 3.78979e-08 1.19583e-07 204 164 122
-3.7408e-08 -2.77255e-08 2.26299e-07 187 148 114
-4.84345e-08 4.14298e-08 1.26624e-07 212 173 130
-1.1043e-08 1.59679e-08 1.53727e-07 196 150 108
3.66499e-08 3.68407e-09 1.75682e-07 186 150 111
2.17988e-09 -2.96574e-08 2.06438e-07 176 140 107
-3.50912e-08 2.81856e-08 1.37871e-07 219 179 136
-4.77541e-08 4.20549e-08 1.26961e-07 210 170 126
-1.24085e-08 4.36506e-08 1.14997e-07 219 182 138
-3.24106e-08 -3.45153e-08 2.35556e-07 186 150 118
-1.17441e-08 -1.52948e-08 1.92248e-07 184 146 110
-3.54499e-08 2.41357e-08 1.5181e-07 214 172 126
-4.60025e-08 5.00894e-08 1.29246e-07 202 158 116
-2.98162e-08 3.00005e-08 1.38545e-07 215 175 130
-8.05175e-09 -4.53122e-08 2.3815e-07 180 145 110
-6.12987e-08 1.62548e-08 1.64633e-07 204 162 124
-2.01945e-08 3.36626e-08 1.36367e-07 217 177 134
-4.96959e-08 2.2217e-08 1.53514e-07 206 163 120
-3.86055e-08 4.68615e-08 1.19182e-07 200 158 115
1.19664e-08 2.5103e-08 1.36719e-07 211 173 125
-5.49788e-08 3.27594e-08 1.43271e-07 210 170 127
-3.14386e-08 1.32717e-08 1.67421e-07 205 167 124
-2.32805e-08 1.432e-08 1.5543e-07 200 158 110
-1.20352e-08 -2.36285e-08 2.15074e-07 189 152 116
-5.50756e-08 4.18311e-08 1.32696e-07 206 169 128
3.13546e-08 1.44752e-08 1.35943e-07 171 146 110
6.39451e-09 -3.01438e-08 2.31333e-07 177 142 106
-1.59641e-08 -3.82561e-08 2.34834e-07 184 150 116
-4.81868e-08 4.09891e-08 1.26641e-07 208 168 126
3.52899e-08 -2.86191e-08 1.88096e-07 178 142 106
8.11561e-09 2.4792e-08 1.42195e-07 203 160 114
4.0687e-09 -3.69662e-08 2.27224e-07 178 143 110
3.4923e-08 1.03267e-08 1.35979e-07 234 218 200
-2.84269e-08 4.8631e-08 1.16208e-07 198 154 111
-4.25897e-08 4.58348e-08 1.21531e-07 201 158 116
1.83625e-08 2.1107e-08 1.44544e-07 202 161 114
-5.46302e-08 3.59406e-08 1.33384e-07 208 170 128
-6.16173e-08 1.63349e-08 1.64838e-07 204 164 126
-5.11994e-08 4.25725e-08 1.279e-07 210 174 133
5.07293e-08 1.60928e-08 1.35988e-07 188 146 106
-4.85425e-08 -1.65808e-08 2.06946e-07 206 172 137
3.00391e-08 2.65513e-09 1.3741e-07 192 156 112
-6.73828e-09 -5.4078e-08 2.35645e-07 188 184 184
1.98331e-08 -3.53074e-08 2.0958e-07 174 135 103
-4.18446e-09 -4.87889e-08 2.49248e-07 184 154 120
-6.42543e-08 8.24034e-09 1.63706e-07 198 160 124
4.35063e-08 5.44011e-09 1.57356e-07 190 156 118
-5.78925e-08 1.59051e-08 1.63852e-07 202 161 124
-2.54695e-08 1.80724e-08 1.55085e-07 205 162 117
5.34174e-08 -3.98367e-08 2.05887e-07 166 172 176
-3.16865e-08 5.38805e-08 1.10319e-07 208 166 126
-5.0696e-08 4.12423e-08 1.30762e-07 210 172 130
-4.09504e-08 3.75848e-08 1.32348e-07 218 176 132
9.60828e-09 3.48654e-08 1.20036e-07 202 160 110
3.04292e-08 -1.83735e-08 2.04578e-07 183 149 112
-5.36884e-08 3.77109e-08 1.36179e-07 214 176 134
3.15001e-08 2.08346e-08 1.34576e-07 196 154 112
2.14923e-09 3.66207e-08 1.22148e-07 208 170 122
-5.54387e-08 3.46322e-08 1.42487e-07 205 163 120
-1.52166e-08 4.51911e-08 1.15387e-07 208 167 124
-5.51948e-10 2.1348e-08 1.45737e-07 210 171 127
-1.28109e-08 4.41357e-08 1.14512e-07 212 176 134
-5.94402e-08 2.94812e-08 1.43662e-07 210 168 127
-3.21935e-08 -2.70042e-08 2.339e-07 191 152 118
-3.49398e-08 5.37019e-08 1.29305e-07 200 156 114
-5.84266e-08 3.71451e-08 1.39082e-07 208 168 126
-5.5005e-08 -2.69859e-09 1.888e-07 192 152 117
3.14199e-08 9.58295e-10 1.38756e-07 198 163 122
-4.7895e-08 3.64239e-08 1.39474e-07 210 168 124
8.11481e-09 -4.56565e-08 2.53504e-07 176 142 107
-1.40295e-08 4.36413e-08 1.15959e-07 210 170 126
3.93243e-08 -1.43933e-08 1.69494e-07 254 177 88
-1.68201e-08 -3.85949e-08 2.25237e-07 186 152 118
-4.20468e-08 4.76971e-08 1.201e-07 206 163 122
8.92393e-09 2.1691e-08 1.46807e-07 213 172 129
-1.91034e-10 3.05406e-08 1.30964e-07 219 182 134
-5.49183e-08 3.16618e-08 1.44044e-07 212 172 128
-5.08108e-08 4.05871e-08 1.31421e-07 210 172 130
-3.00027e-08 4.95455e-08 1.13373e-07 201 158 116
-2.53761e-08 5.24578e-08 1.0836e-07 212 175 134
-6.8197e-08 5.33541e-09 1.64522e-07 196 157 120
-3.49775e-08 4.73951e-08 1.19207e-07 202 156 114
-1.24018e-08 3.42049e-08 1.35457e-07 212 171 127
-9.41078e-09 -1.5556e-08 1.97068e-07 186 148 111
-4.86347e-08 2.91335e-08 1.46089e-07 209 166 122
-6.47644e-08 2.62242e-08 1.44957e-07 208 170 128
-2.75395e-08 -3.32414e-08 2.40502e-07 192 156 123
-6.45346e-08 9.73075e-09 1.72533e-07 196 157 120
-3.88439e-08 -3.20538e-08 2.27402e-07 193 156 122
8.13199e-09 3.0585e-08 1.33499e-07 209 168 120
-2.86948e-09 -2.58461e-08 2.18482e-07 184 150 114
6.20751e-09 -1.45677e-09 1.8261e-07 200 168 132
-2.28401e-08 -3.39548e-08 2.26379e-07 188 154 121
3.13298e-08 2.41039e-08 1.28379e-07 188 148 106
-2.51357e-08 5.23068e-08 1.1541e-07 211 169 127
-2.2e-08 -3.93123e-08 2.36607e-07 179 144 112
-6.42715e-08 8.34875e-09 1.72852e-07 196 158 120
3.73706e-08 2.16388e-08 1.54358e-07 204 164 119
-2.21782e-08 3.03409e-08 1.33763e-07 214 173 129
-4.4245e-08 3.84108e-08 1.34396e-07 208 168 122
9.73251e-09 -5.73271e-08 2.51462e-07 192 190 192
-1.1277e-08 -4.64752e-08 2.46471e-07 178 143 110
4.79096e-08 5.82591e-09 1.32836e-07 185 148 106
-6.70919e-10 -3.83034e-08 2.37535e-07 187 152 118
1.78287e-08 2.54823e-09 1.69555e-07 189 150 109
-4.88561e-08 -9.28712e-09 1.98239e-07 198 162 126
-5.49108e-09 -3.30439e-08 2.12024e-07 184 150 116
1.4318e-08 -2.41412e-08 1.87344e-07 178 144 108
2.87072e-08 -4.17029e-08 2.34119e-07 178 146 112
3.37506e-08 -1.04749e-08 1.82535e-07 184 150 116
2.74575e-08 -8.76096e-08 2.07037e-07 205 203 204
4.36438e-08 -6.36682e-08 2.20334e-07 200 196 191
5.48515e-09 -1.62466e-08 1.90494e-07 192 156 122
1.28789e-09 -1.42039e-08 1.85301e-07 189 154 120
2.12499e-08 -6.71152e-08 2.21743e-07 204 199 196
1.95552e-10 1.78357e-08 1.43064e-07 198 158 118
1.51072e-08 -5.80899e-08 2.28906e-07 200 196 192
-1.91919e-08 -7.94055e-08 2.38956e-07 204 196 194
-2.17248e-08 -1.01511e-07 2.32401e-07 204 198 194
-2.25804e-08 -8.02488e-08 2.43001e-07 204 196 192
-2.09659e-08 -1.01e-07 2.34228e-07 207 200 198
1.99029e-08 -1.64606e-08 1.94024e-07 77 75 78
-2.41857e-08 -1.02282e-07 2.37044e-07 196 190 184
-2.08066e-08 -9.84422e-08 2.34724e-07 204 198 195
8.82176e-08 -7.89085e-08 1.96212e-07 205 199 197
8.5645e-08 -3.49356e-08 2.19258e-07 182 153 122
-2.46794e-08 -1.04193e-07 2.37256e-07 204 198 194
3.0636e-08 -2.77753e-08 1.62676e-07 192 160 122
3.62196e-08 -3.84749e-10 1.38314e-07 204 168 128
-4.94504e-08 -6.9263e-09 1.80439e-07 48 50 51
2.25697e-08 -4.61978e-08 2.36477e-07 183 154 124
-2.46303e-08 -9.87246e-08 2.25784e-07 193 187 181
-4.55218e-09 -2.9949e-08 1.85718e-07 132 64 34
2.07599e-08 -2.22561e-08 1.67256e-07 20 32 38
2.33858e-08 -9.17301e-08 2.1678e-07 202 196 193
-2.46857e-08 -7.55177e-08 2.25744e-07 202 194 190
-2.1317e-08 -9.95335e-08 2.36608e-07 203 196 194
-2.35645e-08 -9.89667e-08 2.26546e-07 205 198 195
3.2134e-08 1.0069e-08 1.3668e-07 176 149 99
-4.4796e-08 -3.5208e-09 1.78507e-07 35 33 34
-4.93582e-08 -7.51087e-09 1.82975e-07 54 42 42
8.74136e-08 -8.04683e-08 1.95196e-07 206 200 198
2.07821e-08 -5.11814e-08 2.38955e-07 191 191 192
1.97477e-08 -3.02928e-08 2.13904e-07 190 158 126
6.51287e-08 -5.51278e-08 2.17325e-07 204 200 196
1.61058e-09 -4.50441e-08 2.42975e-07 184 152 118
-1.86343e-08 4.36543e-08 1.117e-07 119 89 54
8.08129e-08 -5.6531e-08 1.9643e-07 205 198 194
5.33879e-08 1.24838e-08 1.31892e-07 198 160 117
8.56893e-08 -7.87095e-08 1.95318e-07 208 202 200
8.23279e-08 -7.24967e-08 1.85925e-07 202 196 192
1.08626e-07 -5.4422e-08 1.96845e-07 202 194 190
-2.96718e-11 -6.62192e-08 2.32233e-07 205 200 196
4.08366e-08 4.77256e-09 1.34854e-07 84 60 55
6.0389e-08 -8.29231e-08 2.01128e-07 210 206 206
6.48876e-08 1.65433e-08 1.50616e-07 194 156 116
5.45043e-08 1.15239e-09 1.71229e-07 200 164 122
2.2658e-09 -5.90901e-08 2.41232e-07 187 181 175
7.06358e-08 -6.20263e-08 2.11762e-07 208 202 200
1.12842e-07 -3.29823e-08 2.14932e-07 174 174 172
9.93014e-08 -5.6162e-08 2.00579e-07 204 198 194
2.65222e-08 -1.76891e-08 1.58897e-07 130 56 20
-7.99221e-09 -9.60887e-08 2.24956e-07 206 200 198
-4.5537e-08 -2.80572e-08 1.65764e-07 61 65 70
3.3411e-08 6.69322e-09 1.33719e-07 61 38 26
7.15219e-08 1.22994e-08 1.52623e-07 200 159 116
4.43158e-08 5.53945e-09 1.35765e-07 88 63 54
5.38139e-08 2.22935e-08 1.45193e-07 199 157 115
-3.9212e-08 -6.0822e-08 2.63582e-07 186 182 178
1.81505e-08 -2.22171e-08 2.02529e-07 190 156 124
4.04344e-08 4.99335e-09 1.26667e-07 194 158 117
-1.96115e-08 -8.05042e-08 2.33132e-07 208 200 196
1.93253e-08 -4.66044e-08 2.44255e-07 190 157 128
-3.23219e-09 -4.37847e-08 2.54811e-07 186 152 116
1.17466e-07 -7.52869e-08 1.9408e-07 201 194 192
8.78542e-08 -4.16666e-08 2.18441e-07 190 190 189
6.14646e-09 -2.64279e-08 1.87888e-07 184 148 120
1.73134e-08 -3.29138e-09 1.82781e-07 192 149 107
5.98036e-09 3.84842e-08 1.19729e-07 176 144 108
-4.76945e-08 -1.21415e-08 1.71692e-07 56 30 30
-3.81363e-08 -1.70416e-08 1.71957e-07 146 118 84
6.38226e-08 1.54581e-08 1.48769e-07 197 160 119
-1.85066e-08 -3.40122e-08 2.36355e-07 185 150 115
-4.90846e-08 -2.55316e-08 1.66322e-07 58 64 68
1.34468e-08 3.00518e-08 1.32836e-07 209 176 137
-4.54643e-08 3.41388e-08 1.2718e-07 152 120 86
8.68902e-08 -2.41707e-08 2.04991e-07 188 150 110
-4.97072e-08 2.76169e-08 1.36414e-07 166 131 96
1.67234e-08 2.68412e-10 1.72121e-07 196 155 112
-1.7908e-08 -1.03372e-07 2.33122e-07 206 200 197
-2.98638e-08 -5.9836e-08 2.56542e-07 189 186 183
1.12332e-07 -2.9243e-08 2.12926e-07 178 144 106
5.31741e-08 -3.9188e-08 1.86651e-07 194 192 192
1.04583e-07 -3.53891e-08 2.06843e-07 186 184 182
-4.51908e-08 -3.93806e-08 1.51426e-07 174 159 144
6.17515e-08 3.85017e-09 1.57885e-07 193 158 114
4.14408e-08 -1.88148e-08 1.6993e-07 186 152 112
1.70627e-08 -3.2123e-08 1.61603e-07 176 104 108
1.66292e-08 -2.06485e-08 1.77997e-07 207 137 88
-4.55223e-08 -2.662e-08 1.63121e-07 58 62 67
5.22331e-08 -8.77426e-08 2.14996e-07 208 204 204
8.87655e-08 -4.41661e-08 2.19896e-07 203 200 193
-4.79898e-08 -2.9294e-08 1.63811e-07 68 74 77
1.91622e-08 -3.1034e-08 2.10663e-07 182 151 118
-1.62703e-08 -1.02426e-07 2.36576e-07 204 198 194
8.19948e-08 -6.91751e-08 1.90548e-07 207 200 198
9.48744e-08 -3.94152e-08 2.21792e-07 189 187 182
-9.28001e-09 4.36102e-08 1.17561e-07 131 101 66
-5.64131e-08 -1.78275e-09 1.76285e-07 192 154 116
-5.54936e-08 -1.60502e-09 1.76728e-07 188 150 112
-2.07716e-08 -9.53105e-08 2.36066e-07 206 200 196
3.32384e-08 -4.1534e-08 2.30462e-07 182 150 116
6.60536e-08 3.31912e-09 1.6257e-07 205 171 130
-2.49351e-08 -6.85285e-08 2.47276e-07 202 194 186
8.51747e-08 -5.49847e-08 1.92163e-07 205 198 195
-2.27534e-08 -1.01264e-07 2.36181e-07 202 196 190
1.04068e-07 -3.01782e-08 2.10601e-07 182 146 109
2.98006e-08 -3.20206e-08 1.66525e-07 204 96 128
5.85383e-08 1.64013e-08 1.48591e-07 204 166 124
2.91884e-08 -3.19384e-08 2.35125e-07 192 160 128
8.24021e-08 -5.33732e-08 1.93105e-07 206 200 196
8.40901e-08 -6.67939e-08 1.98945e-07 206 200 197
-5.3808e-08 -7.71829e-09 1.82538e-07 63 62 60
3.72059e-09 -1.88873e-08 1.93938e-07 192 160 132
8.2749e-08 4.85248e-09 1.8502e-07 204 172 130
4.10334e-08 1.13668e-09 1.36346e-07 88 63 56
-1.78098e-08 4.33983e-08 1.13859e-07 118 88 54
-3.87523e-08 -8.9661e-09 1.78822e-07 168 138 100
6.63796e-08 -2.55447e-08 1.98516e-07 185 150 112
-1.13032e-09 -1.02974e-07 2.22222e-07 190 182 180
5.71176e-08 8.6643e-09 1.4005e-07 198 158 115
9.35077e-08 -3.38251e-08 2.26697e-07 185 148 106
9.41343e-08 -7.80551e-08 1.98192e-07 206 198 194
5.02256e-09 -2.47615e-08 1.89412e-07 164 136 110
8.30468e-08 -5.9496e-08 2.06713e-07 208 202 199
6.50751e-08 -6.70262e-08 2.12055e-07 208 204 202
2.23241e-08 -4.04285e-08 2.31902e-07 184 154 120
6.14765e-08 -2.40861e-08 1.94495e-07 190 144 105
2.74331e-09 4.26407e-08 1.13406e-07 152 118 80
1.25602e-07 -3.48316e-08 2.14209e-07 183 181 178
-3.00101e-08 -7.75986e-08 2.32777e-07 209 200 198
-5.17506e-08 -7.89514e-09 1.76173e-07 77 78 79
-3.6852e-08 -7.4536e-09 1.83037e-07 192 154 114
-4.07173e-08 3.83137e-08 1.28281e-07 138 105 72
5.32353e-08 2.19604e-08 1.43437e-07 198 157 114
-5.66624e-08 3.66394e-08 1.22265e-07 141 110 77
8.42101e-08 -4.46355e-08 2.14295e-07 185 179 174
-1.55714e-09 -9.19498e-08 2.16256e-07 206 200 198
4.57445e-08 2.20607e-08 1.40303e-07 200 158 116
-1.70387e-08 -9.4794e-08 2.20568e-07 206 200 198
-4.43874e-08 -4.06457e-08 1.46637e-07 194 190 186
1.94564e-08 -9.23513e-10 1.98209e-07 194 156 117
4.22869e-08 3.17301e-08 1.27133e-07 202 164 122
-2.86377e-08 -3.81677e-08 2.33239e-07 188 154 117
3.21911e-08 -4.56829e-08 2.34119e-07 187 185 178
-4.60112e-08 -2.53055e-08 1.62691e-07 51 54 57
8.98347e-08 -2.32999e-08 2.01997e-07 187 148 110
-4.97595e-08 3.66168e-08 1.32947e-07 152 122 88
-4.09548e-09 -1.82932e-08 1.95997e-07 52 50 57
2.21271e-08 -8.31294e-08 2.16615e-07 204 198 193
8.05062e-08 -4.99706e-08 2.13297e-07 205 200 197
-2.8169e-09 5.24074e-08 1.06116e-07 122 90 56
-4.11846e-08 3.40081e-08 1.23299e-07 150 118 84
3.96392e-08 1.09765e-09 1.38221e-07 86 62 55
1.1684e-08 -4.98942e-08 2.45018e-07 178 164 148
1.95337e-08 3.41809e-08 1.24364e-07 204 175 136
-4.34184e-08 3.14716e-08 1.26604e-07 157 124 90
9.25316e-08 -5.54399e-08 2.05939e-07 204 198 194
8.22476e-08 9.34104e-10 1.61608e-07 201 168 127
-5.46753e-09 3.74959e-08 1.2051e-07 166 136 100
-2.71424e-09 -4.60275e-08 2.449e-07 180 147 111
6.45827e-08 4.43941e-09 1.59352e-07 198 160 116
1.78991e-08 -2.37466e-08 1.67927e-07 194 164 126
3.43559e-08 1.09958e-08 1.42665e-07 122 90 61
-6.82697e-09 4.16142e-08 1.13806e-07 138 106 70
2.37058e-08 -2.96126e-08 1.96793e-07 185 154 122
3.25099e-10 -1.02179e-07 2.20362e-07 190 184 181
4.49038e-08 2.91853e-08 1.33036e-07 200 160 118
5.27411e-08 1.60701e-08 1.48389e-07 202 164 122
-6.40885e-09 -4.01452e-08 2.39906e-07 190 157 121
-1.69256e-08 -4.81374e-08 2.45695e-07 183 148 112
1.15456e-07 -5.03708e-08 2.01758e-07 200 191 187
3.49323e-08 -4.44052e-08 2.31961e-07 177 164 150
6.85273e-08 -7.97704e-08 1.95343e-07 205 200 198
-1.42469e-08 -9.60972e-08 2.24383e-07 204 198 196
8.81113e-08 -8.56129e-08 1.90465e-07 208 202 199
2.76641e-09 -9.68091e-08 2.21769e-07 207 202 200
-3.59345e-08 -2.3575e-08 1.7184e-07 196 162 124
4.71262e-08 2.91543e-08 1.30936e-07 194 152 110
-5.90767e-09 -3.35603e-08 1.90822e-07 136 74 46
8.49247e-08 -1.04894e-08 1.96274e-07 187 148 107
3.29224e-08 1.2866e-08 1.45144e-07 192 154 112
1.90007e-08 -3.8777e-08 2.27655e-07 190 161 128
-4.10396e-08 -5.2807e-08 2.53565e-07 187 154 116
1.26511e-09 -1.02116e-07 2.20904e-07 193 185 182
7.55458e-08 -2.44485e-09 1.73561e-07 194 156 115
-3.93822e-10 4.17483e-08 1.15463e-07 146 112 76
3.63459e-08 2.57981e-09 1.79609e-07 186 146 104
7.82756e-08 -4.51252e-08 2.01503e-07 202 196 192
1.41581e-07 -3.70542e-08 2.27634e-07 186 184 180
4.8433e-08 2.51197e-08 1.35073e-07 204 166 124
-1.20343e-08 -1.8384e-08 2.00784e-07 200 166 131
4.82576e-08 -2.69396e-09 1.73773e-07 194 160 119
4.0484e-08 1.73029e-08 1.41726e-07 235 229 154
2.95025e-08 -4.49393e-08 2.35868e-07 186 154 120
-2.13841e-08 -1.05287e-07 2.30008e-07 208 200 196
1.09017e-07 -4.62657e-08 2.09056e-07 202 195 192
5.4163e-08 3.10473e-09 1.29113e-07 193 154 114
1.93322e-08 -9.02479e-08 2.15226e-07 210 206 206
-2.27203e-08 -9.96302e-08 2.34833e-07 204 196 193
-2.6998e-10 -1.01847e-07 2.24392e-07 199 192 190
-3.45255e-08 -3.86481e-08 2.42066e-07 184 150 112
7.48547e-08 -2.40614e-08 2.05886e-07 183 144 106
1.1286e-07 -2.43648e-08 2.07294e-07 182 146 107
-3.59961e-08 -3.85329e-08 2.29154e-07 185 150 113
-5.72237e-09 4.13925e-08 1.1429e-07 140 108 72
-2.84876e-09 5.03682e-08 1.04077e-07 126 92 58
-4.58562e-08 -1.04337e-08 1.74771e-07 66 21 16
-6.86724e-09 -4.54011e-08 2.37083e-07 186 152 116
1.20539e-07 -1.90659e-08 2.00707e-07 182 147 109
5.59541e-08 4.45885e-09 1.31152e-07 198 160 118
1.47634e-08 2.63716e-08 1.36058e-07 208 170 129
-4.50569e-08 -2.74317e-08 1.63892e-07 59 63 68
1.30715e-07 -2.95321e-08 2.12812e-07 172 166 159
3.32817e-08 1.17144e-08 1.54657e-07 205 170 130
-4.78876e-08 8.08972e-09 1.65746e-07 186 145 103
-4.88521e-08 5.69673e-09 1.66389e-07 184 144 102
9.5063e-08 -4.43384e-08 2.11696e-07 200 193 190
1.2468e-07 -2.56689e-08 2.1788e-07 178 144 106
5.80394e-08 -1.58644e-08 1.91649e-07 193 158 119
5.82064e-08 -1.01418e-08 1.89376e-07 190 152 112
1.92179e-08 -3.68264e-08 2.17009e-07 194 164 130
-1.83477e-09 -9.66723e-08 2.27509e-07 208 202 199
3.27646e-08 -4.75298e-10 1.74043e-07 190 156 118
-2.96472e-08 -5.4237e-08 2.52962e-07 180 146 110
-3.0528e-08 -8.77236e-09 1.81332e-07 205 173 134
-4.27162e-08 3.54797e-08 1.24506e-07 140 107 73
-3.90682e-08 -5.65263e-08 2.66528e-07 178 145 108
4.30488e-08 7.32225e-09 1.66524e-07 206 173 132
1.22325e-07 -7.53087e-08 1.94345e-07 206 198 195
6.31133e-08 1.73751e-08 1.52194e-07 204 168 124
8.67306e-08 -7.35538e-08 1.86444e-07 206 200 197
3.5728e-08 4.22749e-08 1.36705e-07 199 166 126
-5.63215e-08 3.70592e-08 1.2018e-07 138 106 75
1.26423e-07 -2.76916e-08 2.12157e-07 176 140 103
8.39106e-08 -4.80569e-08 2.09459e-07 204 198 195
-2.61926e-08 -6.18063e-08 2.52357e-07 196 194 189
-4.39584e-08 3.19448e-08 1.24676e-07 154 121 87
-2.51769e-08 -2.35166e-08 1.96198e-07 198 165 128
1.96675e-08 3.50123e-08 1.23474e-07 203 174 136
3.42217e-08 1.8359e-09 1.35184e-07 77 53 42
8.07707e-09 -4.21094e-08 2.23318e-07 167 128 96
3.72659e-08 -9.21319e-08 2.23605e-07 208 205 204
5.1867e-08 -1.91168e-08 1.76978e-07 186 151 113
1.23807e-07 -1.69716e-08 2.09903e-07 185 147 109
7.52253e-08 -1.04923e-09 1.70985e-07 203 168 126
8.94172e-08 -8.21871e-08 1.94247e-07 208 201 199
8.86517e-08 3.75781e-09 1.68109e-07 198 164 124
5.64783e-08 2.20196e-08 1.42269e-07 196 153 112
9.20889e-08 -8.56594e-08 1.96584e-07 208 202 200
1.3321e-07 -5.67307e-08 2.12144e-07 201 192 188
4.20719e-08 2.42651e-08 1.41072e-07 206 167 124
2.03382e-08 -2.15465e-08 1.97114e-07 186 153 121
-5.27015e-08 -9.33256e-09 1.78885e-07 49 48 48
-2.26659e-08 -3.10448e-08 2.11086e-07 189 156 120
7.66479e-08 -2.09954e-08 2.06488e-07 188 150 111
1.00621e-07 -3.78255e-08 2.1733e-07 184 182 180
8.76506e-08 -8.3842e-08 1.95858e-07 204 200 198
6.91869e-08 -6.58815e-08 2.08434e-07 206 200 198
1.08937e-07 -1.59004e-08 1.89249e-07 177 138 100
-4.96078e-09 -9.23748e-08 2.14277e-07 208 201 198
-4.47762e-08 3.41401e-08 1.25455e-07 153 120 88
-2.15558e-08 -1.03584e-07 2.28682e-07 204 198 196
4.85819e-08 -3.08088e-09 1.81489e-07 192 157 119
9.29847e-08 -2.24272e-08 2.14697e-07 183 144 106
-2.28995e-08 -8.39786e-08 2.40783e-07 205 196 192
-3.20786e-08 -8.1094e-08 2.3652e-07 208 199 196
5.78978e-08 2.36776e-08 1.36957e-07 205 165 122
-3.45282e-08 4.16262e-08 1.23409e-07 128 96 64
-9.45378e-09 -1.89199e-08 1.98191e-07 201 169 136
-1.09805e-08 4.55538e-08 1.08555e-07 124 94 59
-2.12263e-08 4.45075e-08 1.10132e-07 112 80 48
3.57374e-08 -1.24574e-09 1.4014e-07 202 166 126
6.54804e-08 -8.8523e-08 1.97208e-07 194 190 180
-5.33223e-08 -1.16906e-09 1.71376e-07 183 144 106
4.35327e-08 1.81926e-08 1.41721e-07 191 150 108
-1.90709e-08 4.30579e-08 1.08846e-07 116 85 52
-3.65459e-08 4.43007e-08 1.41612e-07 148 116 83
-5.19601e-08 2.44167e-08 1.39165e-07 180 149 112
4.6959e-09 3.91613e-08 1.09683e-07 160 122 84
-5.04147e-08 -8.75807e-09 1.84586e-07 26 22 20
6.30503e-08 -4.68826e-08 2.0153e-07 198 194 190
4.02485e-08 3.47587e-08 1.24936e-07 198 157 115
9.02021e-09 -4.08264e-08 2.24451e-07 156 97 68
1.07342e-07 -2.28365e-08 2.1381e-07 184 146 108
3.8922e-08 1.81655e-10 1.35186e-07 86 60 49
7.81126e-08 5.2757e-09 1.5853e-07 204 171 131
4.17058e-09 -2.33258e-10 1.74658e-07 201 168 132
2.6481e-08 -8.75022e-08 2.10751e-07 208 204 204
5.42372e-08 2.15962e-08 1.33098e-07 200 160 118
-2.31743e-08 -7.35489e-09 1.90526e-07 211 180 142
1.99836e-08 3.51716e-08 1.12998e-07 186 150 109
-6.13168e-09 3.95364e-08 1.13537e-07 140 108 70
6.40841e-08 1.19052e-08 1.48728e-07 202 162 120
-5.24931e-08 4.75551e-09 1.66139e-07 184 146 104
8.23038e-08 -1.37839e-08 1.92112e-07 195 156 118
3.52048e-08 -4.18917e-08 2.32971e-07 183 152 118
1.85498e-08 2.21836e-08 1.46225e-07 211 172 131
8.86433e-08 -3.45356e-08 2.13314e-07 181 172 160
1.2198e-07 -2.52756e-08 2.19794e-07 181 144 106
7.62357e-08 -2.82676e-08 2.03613e-07 192 157 118
2.40228e-08 -3.91448e-09 2.00869e-07 189 148 106
-1.73384e-08 -4.33897e-08 2.17512e-07 188 152 116
-3.66915e-08 3.92032e-08 1.19711e-07 125 92 60
-2.41691e-08 -2.41908e-08 1.90321e-07 195 160 124
-3.94058e-08 3.79674e-08 1.27944e-07 140 107 73
-1.45242e-08 -8.14299e-08 2.35209e-07 206 200 196
-4.76015e-08 9.59552e-09 1.62388e-07 188 149 108
-9.07124e-09 -6.2063e-08 2.45732e-07 200 194 188
-2.40506e-08 -5.93006e-08 2.57543e-07 186 182 178
-5.45084e-09 4.33366e-08 1.14555e-07 137 107 72
-2.90614e-09 3.64773e-08 1.14622e-07 167 136 101
-3.87118e-08 4.00726e-08 1.26724e-07 133 100 68
4.528e-08 4.81083e-09 1.33843e-07 142 114 86
9.18443e-08 -7.62187e-08 1.90306e-07 206 199 196
-3.98904e-08 -3.08545e-08 1.79806e-07 188 154 116
3.08832e-08 2.1206e-08 1.5476e-07 208 169 126
-5.22956e-08 2.00811e-08 1.39315e-07 176 144 106
3.91301e-08 3.36775e-09 1.59603e-07 194 160 120
6.79337e-08 -5.43604e-08 2.20126e-07 203 197 194
8.22902e-08 -3.03236e-08 2.13007e-07 184 148 110
7.32786e-08 3.60637e-09 1.66735e-07 205 172 130
-1.82529e-08 -8.4908e-08 2.35061e-07 206 200 196
9.36776e-08 -2.00998e-08 2.08236e-07 190 152 114
2.91555e-08 5.1175e-10 1.73361e-07 198 161 120
-1.76426e-08 3.23022e-08 1.25895e-07 156 124 88
9.45893e-08 -5.42588e-09 1.76547e-07 191 152 113
-5.22741e-08 -1.52003e-08 1.60769e-07 38 28 18
4.28308e-08 9.12156e-10 1.64983e-07 198 164 124
-5.35945e-08 -1.39941e-08 1.72138e-07 179 146 108
5.08591e-08 -8.97798e-08 2.05016e-07 208 206 204
1.02907e-07 -1.39199e-08 1.93041e-07 184 144 106
5.14137e-08 -8.9965e-08 2.04373e-07 208 206 206
-4.89821e-08 5.01317e-09 1.64852e-07 184 146 102
-4.04551e-08 3.66077e-08 1.19904e-07 138 105 73
5.31482e-08 1.00052e-08 1.3594e-07 198 160 118
8.46171e-08 1.02705e-09 1.65996e-07 199 164 124
-8.82204e-09 4.47353e-08 1.20134e-07 130 98 63
1.11418e-08 -4.74372e-08 2.40428e-07 188 156 122
8.67367e-08 -4.6254e-08 2.134e-07 202 196 192
-2.05711e-08 -6.94955e-08 2.489e-07 206 198 195
-4.50193e-08 3.24728e-08 1.2662e-07 152 120 86
-5.00799e-08 2.54776e-08 1.38242e-07 176 145 108
-5.01057e-09 -2.11861e-08 2.06653e-07 203 172 138
-2.16487e-08 -1.85443e-08 1.89438e-07 192 158 122
5.78017e-08 1.8855e-08 1.36788e-07 194 154 112
-2.93192e-08 -3.4848e-08 2.15045e-07 188 154 117
6.47064e-08 -4.08765e-09 1.70042e-07 196 159 118
-2.16322e-08 -2.92102e-08 2.20196e-07 181 147 110
8.67959e-08 -2.25902e-08 2.02859e-07 190 152 112
7.03647e-08 -7.71925e-08 1.963e-07 208 203 200
-1.37649e-08 -2.02775e-08 1.93578e-07 203 174 140
-1.56607e-08 4.33069e-08 1.08168e-07 120 90 56
1.05576e-07 -8.50496e-08 2.05834e-07 205 198 196
6.50698e-08 4.50199e-09 1.58395e-07 204 167 124
4.11817e-08 2.35793e-08 1.28968e-07 202 163 122
-2.45497e-08 -1.4778e-08 1.80623e-07 206 178 140
-4.68567e-09 5.24182e-08 1.10386e-07 120 90 54
5.74079e-08 -8.3561e-11 1.62733e-07 202 166 122
-3.20941e-08 3.81854e-08 1.29291e-07 148 116 80
-2.52919e-09 -3.82632e-08 2.16288e-07 188 157 122
2.01468e-08 4.11529e-08 1.16402e-07 190 157 117
-8.16451e-09 4.18947e-08 1.15288e-07 138 106 70
-4.92636e-08 3.69578e-08 1.23329e-07 144 114 81
1.70102e-08 3.38054e-08 1.2563e-07 204 174 134
1.07708e-07 -1.50929e-08 2.04561e-07 190 150 112
3.53032e-07 -6.31716e-08 7.00431e-07 217 174 142
8.96071e-08 -4.63016e-08 4.41253e-07 158 120 92
1.97855e-08 -4.67396e-08 2.30326e-07 176 177 176
2.65859e-08 -4.12891e-08 2.44142e-07 178 149 117
7.05019e-08 -9.20452e-08 2.23735e-07 204 202 200
3.32694e-07 -1.287e-07 7.25054e-07 194 194 188
2.25043e-08 -4.21157e-08 2.39256e-07 177 146 115
5.46302e-09 -4.39851e-08 2.73867e-07 187 156 122
6.79737e-08 -5.28305e-08 1.66704e-07 198 192 186
6.46099e-08 -4.75737e-08 1.66355e-07 200 194 190
6.91051e-08 -5.19216e-08 1.71105e-07 202 196 190
5.87159e-08 -2.53032e-08 1.62773e-07 180 146 108
1.34681e-07 -6.8917e-09 3.94111e-07 148 119 90
1.55772e-08 -4.59261e-08 2.28185e-07 176 162 150
7.07801e-08 -3.33719e-08 2.10214e-07 175 143 106
5.83902e-08 -3.025e-08 1.61599e-07 180 179 176
5.81329e-08 -2.53454e-08 1.54451e-07 173 140 102
1.8154e-07 2.55062e-08 2.75886e-07 195 159 120
2.19919e-06 9.66573e-07 2.33232e-06 199 160 120
1.29777e-07 7.49534e-09 2.13925e-07 191 156 117
-1.43055e-08 -3.56928e-08 2.73814e-07 189 155 118
1.34495e-07 7.53094e-09 2.23862e-07 192 156 116
6.83864e-08 -5.71923e-08 1.79769e-07 202 196 191
7.02899e-08 -5.95877e-08 1.91656e-07 203 197 194
6.63962e-08 -2.34161e-08 1.69107e-07 180 144 106
9.15968e-08 -1.66604e-08 2.21732e-07 184 146 109
-7.40085e-09 -4.78359e-08 2.22449e-07 176 162 147
2.21161e-08 -4.12545e-08 2.3934e-07 176 145 114
7.17993e-08 -2.66044e-08 1.90833e-07 180 144 106
1.06111e-07 -1.15366e-08 2.13468e-07 184 147 108
6.21744e-08 -1.00126e-07 2.37811e-07 194 188 184
4.59864e-08 -6.22203e-08 2.42193e-07 198 196 193
6.76873e-08 -3.94838e-08 2.12514e-07 179 180 180
-6.62736e-09 -7.18626e-08 2.2728e-07 202 196 192
-2.96282e-08 -4.67876e-08 2.10321e-07 177 144 108
1.65493e-07 1.7475e-08 2.77445e-07 196 164 122
5.87141e-08 -2.59789e-08 1.51197e-07 172 162 149
7.32011e-08 -2.14799e-08 1.82885e-07 180 144 105
6.19024e-08 -2.52113e-08 1.6942e-07 176 139 100
5.43004e-08 -3.07151e-08 3.24606e-07 182 150 119
6.0831e-08 -2.62792e-08 1.58424e-07 172 142 112
7.63242e-08 -7.61092e-08 1.91691e-07 202 198 196
6.12775e-08 -3.56735e-08 1.49046e-07 192 184 178
1.01042e-06 3.95508e-07 1.07528e-06 196 156 114
-1.37711e-08 -4.03985e-08 2.44779e-07 186 152 118
1.50567e-07 9.16438e-09 2.53024e-07 192 156 116
6.78444e-08 -5.70027e-08 1.51509e-07 198 191 188
-1.86541e-08 -4.65863e-08 2.18468e-07 176 144 109
2.90396e-08 -1.08034e-07 2.59955e-07 202 200 197
-1.03098e-08 -3.57053e-08 2.67144e-07 186 153 118
4.72412e-09 -1.5834e-08 3.5803e-07 196 166 128
2.82e-08 -3.33475e-08 3.52233e-07 185 153 121
6.22689e-08 -4.53324e-08 1.43047e-07 198 190 183
2.8599e-08 -5.88565e-08 2.35527e-07 198 194 190
1.0006e-07 -6.91543e-09 1.91689e-07 181 142 104
6.03615e-07 1.54619e-07 9.84351e-07 197 162 124
3.54947e-08 -1.07452e-08 3.70362e-07 192 158 126
4.37522e-08 -5.73437e-08 2.24138e-07 200 196 192
-4.02422e-08 -5.24199e-08 2.25043e-07 175 157 139
9.72088e-08 1.37408e-08 2.03405e-07 194 162 125
-4.14444e-08 -6.88002e-08 2.19105e-07 202 193 188
8.23374e-08 -3.41114e-08 1.87443e-07 180 177 173
8.34249e-08 -3.47627e-08 1.8286e-07 184 181 176
1.10845e-07 1.82818e-07 3.45214e-07 166 130 90
-4.80886e-10 -5.08188e-08 2.34104e-07 181 179 176
1.14578e-07 2.10675e-08 2.43833e-07 88 67 61
-3.79958e-08 -7.3326e-08 2.19e-07 202 193 189
2.14416e-08 -1.49215e-09 2.59503e-07 200 164 132
7.57622e-08 -2.74472e-08 2.09947e-07 183 148 111
1.08931e-08 3.38758e-09 2.67488e-07 192 157 118
2.20321e-08 -3.69574e-08 2.37654e-07 185 153 122
-4.31656e-08 -5.17254e-08 2.21375e-07 178 152 124
6.62384e-08 -4.16326e-08 2.3888e-07 142 45 67
1.09591e-07 3.98062e-08 2.06105e-07 188 148 108
9.0039e-08 -6.90193e-08 1.7399e-07 200 192 190
1.17257e-07 2.89782e-08 2.56594e-07 63 41 28
-2.20116e-08 -9.03697e-08 2.21509e-07 206 198 196
3.13567e-08 -5.20257e-08 2.28434e-07 178 174 169
2.30371e-08 -2.58907e-09 2.59202e-07 198 168 136
6.2019e-08 -4.32135e-08 2.1316e-07 186 184 180
-2.32468e-08 -6.57217e-08 2.26105e-07 200 192 186
-4.14625e-08 -6.59659e-08 2.19464e-07 200 192 187
-3.98613e-08 -7.17995e-08 2.19809e-07 202 193 188
9.36075e-08 3.84725e-08 2.4816e-07 196 156 112
1.0525e-07 2.20037e-08 2.04337e-07 192 154 112
6.66829e-08 -3.28334e-08 2.16722e-07 178 146 108
7.65775e-08 -2.20198e-08 2.2261e-07 188 154 116
9.73269e-08 7.86131e-09 2.34097e-07 194 159 117
9.60434e-08 1.10781e-08 2.10067e-07 185 152 117
5.05483e-08 -3.72259e-08 2.49362e-07 186 154 122
-3.17935e-08 -7.19019e-08 2.20458e-07 203 194 190
1.11685e-07 3.00096e-08 2.50613e-07 60 38 25
5.97684e-08 -4.28747e-08 2.13108e-07 188 188 186
-4.31477e-08 -5.42519e-08 2.21994e-07 184 181 177
-4.05981e-08 -5.86056e-08 2.209e-07 187 179 172
1.42257e-07 2.54209e-07 3.72244e-07 142 111 73
5.35011e-08 -1.83612e-08 2.51549e-07 164 90 56
2.38158e-08 -8.63539e-09 2.62919e-07 202 172 143
-2.31849e-08 -6.34864e-08 2.27952e-07 200 192 186
1.00199e-07 5.36956e-09 1.84675e-07 190 154 116
5.7446e-08 1.08961e-08 2.50756e-07 185 144 104
-2.86914e-08 -7.31726e-08 2.21531e-07 204 196 192
7.20267e-08 -2.10337e-08 2.16987e-07 186 152 114
-4.10994e-08 -3.55897e-08 2.36867e-07 182 151 112
2.01746e-08 -2.83455e-08 2.56798e-07 126 102 83
1.53466e-07 1.8544e-07 3.17896e-07 172 134 94
9.93675e-08 6.46004e-09 1.90434e-07 189 152 114
1.30863e-07 8.8546e-08 2.33345e-07 190 152 110
4.57327e-08 -5.77222e-08 2.22927e-07 193 189 180
1.19367e-07 6.14822e-08 2.2669e-07 196 158 118
-1.64458e-08 -7.29919e-08 2.26868e-07 204 196 192
8.64195e-08 -2.19439e-08 1.90008e-07 178 142 104
1.41535e-07 1.61336e-07 3.09898e-07 188 156 116
2.6515e-08 -3.22246e-08 2.41676e-07 186 156 126
8.58704e-08 -1.35682e-09 2.1041e-07 189 154 114
-5.06812e-08 -3.93748e-08 2.42299e-07 72 78 77
8.74724e-08 -2.49876e-08 1.85891e-07 178 144 106
-1.63606e-08 -3.49163e-08 2.43437e-07 181 147 110
6.99388e-08 -8.12647e-08 2.08251e-07 202 196 194
-3.35124e-08 -3.67149e-08 2.43087e-07 187 152 114
7.08808e-08 -7.46639e-09 2.37464e-07 98 64 42
4.90408e-08 -3.8983e-09 2.4765e-07 190 156 121
9.92552e-08 2.35114e-08 2.5309e-07 200 168 128
1.17094e-07 6.27608e-08 2.31036e-07 192 154 115
2.13661e-08 -2.84091e-08 2.44659e-07 172 142 114
9.5046e-08 -1.39647e-08 1.85234e-07 180 142 105
1.79854e-07 2.27737e-07 3.16338e-07 155 120 82
2.27359e-08 -5.70799e-09 2.60192e-07 200 170 142
6.78274e-08 -2.11995e-08 2.41451e-07 124 56 20
-8.68095e-09 -4.60512e-08 2.33337e-07 187 156 121
1.49173e-07 2.53888e-07 3.67514e-07 148 117 79
1.23774e-07 1.60344e-07 3.18144e-07 189 158 119
-1.49869e-08 -4.88624e-08 2.25692e-07 174 150 124
8.78033e-08 -4.17988e-08 1.76625e-07 192 184 180
1.06918e-07 1.2954e-08 2.41642e-07 130 104 80
1.0512e-07 2.40319e-08 2.07638e-07 194 155 114
2.57622e-08 1.1728e-08 2.65541e-07 205 171 138
1.09942e-08 -5.16662e-08 2.37204e-07 188 188 187
8.68691e-08 -3.06142e-08 1.77716e-07 174 168 164
4.76792e-09 -6.49944e-08 2.30367e-07 203 198 194
1.76158e-07 2.6751e-07 3.62853e-07 157 125 88
1.10028e-07 4.13838e-08 2.09599e-07 190 150 110
7.96328e-08 -4.83797e-08 1.76533e-07 200 192 188
8.67721e-08 -2.30911e-08 1.75027e-07 177 144 106
9.98286e-08 1.29945e-08 2.06244e-07 189 155 114
8.585e-08 -4.09177e-08 1.77414e-07 194 186 182
8.01968e-08 -5.31084e-08 1.91887e-07 190 182 175
2.89449e-08 -5.35578e-08 2.35313e-07 174 172 166
2.27652e-08 -3.67968e-08 2.37272e-07 184 152 122
6.57909e-08 -1.71365e-08 2.44639e-07 123 68 42
-4.15818e-08 -5.37421e-08 2.26451e-07 182 176 173
1.34497e-07 1.01868e-07 2.40017e-07 192 156 116
7.70476e-08 -3.7709e-08 1.82239e-07 171 162 155
8.64671e-08 -1.73715e-08 1.96602e-07 184 147 110
4.35123e-08 -5.09391e-08 2.31938e-07 194 190 188
-2.265e-08 -3.85509e-08 2.36245e-07 182 148 111
8.61946e-08 -3.31963e-08 1.79641e-07 182 179 175
8.63559e-08 -3.02403e-08 1.75657e-07 176 172 166
1.31581e-07 2.26458e-07 3.6555e-07 149 113 76
6.21253e-08 -3.7788e-08 2.13733e-07 167 163 160
-3.16525e-08 -4.28158e-08 2.27298e-07 179 144 108
6.60304e-08 3.21612e-08 2.67202e-07 198 162 123
-3.15703e-10 -7.83982e-08 2.33956e-07 201 194 189
-1.80285e-08 -3.8365e-08 2.37036e-07 183 150 114
7.3157e-08 -4.6995e-08 2.23829e-07 194 188 181
9.35067e-08 -1.37682e-08 1.85506e-07 176 138 100
-3.79866e-08 -3.63042e-08 2.30644e-07 185 150 112
1.49277e-07 1.68743e-07 3.05096e-07 186 152 112
1.4136e-07 1.19705e-07 2.4512e-07 189 150 107
9.15292e-08 -7.25514e-09 2.19307e-07 187 149 111
8.32451e-08 -5.09918e-08 1.78371e-07 199 192 187
2.78164e-08 -1.03857e-07 2.28191e-07 184 179 176
8.3063e-08 -5.9501e-08 1.6882e-07 197 189 186
-4.08423e-08 -5.94371e-08 2.19964e-07 200 192 188
1.05998e-07 2.37642e-08 2.01813e-07 194 155 114
9.00315e-08 -1.32203e-08 1.73492e-07 176 138 100
-2.53364e-09 -3.45489e-08 2.47688e-07 178 144 110
-2.60513e-08 -7.836e-08 2.23737e-07 204 195 190
5.7654e-08 -8.69779e-08 2.16383e-07 202 198 195
1.58077e-07 1.76102e-07 3.1243e-07 186 152 113
6.58633e-08 7.7484e-09 2.4548e-07 194 159 121
1.28993e-07 1.57011e-07 3.07176e-07 182 150 110
6.00197e-08 -1.949e-08 2.47442e-07 36 86 116
1.39492e-07 1.69297e-07 3.11183e-07 185 151 112
1.2948e-07 1.06205e-07 2.61289e-07 192 156 115
9.2179e-08 6.5291e-09 2.14346e-07 197 158 114
9.46385e-08 -3.91356e-09 1.93469e-07 192 158 118
1.33496e-07 1.18503e-07 2.50119e-07 188 149 108
-3.01144e-08 -7.06469e-08 2.22217e-07 205 196 192
1.24471e-07 6.07474e-08 2.14105e-07 197 156 115
1.74517e-07 2.3106e-07 3.25674e-07 152 116 79
1.11582e-07 5.07051e-08 2.21659e-07 194 153 112
2.23098e-09 -7.77528e-08 2.28817e-07 206 199 194
-3.39466e-08 -6.50669e-08 2.23349e-07 200 192 188
9.28772e-08 -7.0944e-10 2.05794e-07 188 152 113
1.03879e-07 1.4334e-08 2.45377e-07 198 163 126
4.11305e-09 -5.09865e-08 2.24109e-07 190 190 188
-4.14262e-08 -6.4187e-08 2.20083e-07 201 193 188
1.18174e-07 1.28095e-07 2.98349e-07 184 147 108
3.55081e-08 -4.64836e-08 2.24473e-07 186 188 186
-2.2404e-08 -6.80881e-08 2.23017e-07 202 195 190
1.23527e-07 6.86758e-08 2.20351e-07 190 150 110
1.48147e-08 -4.25616e-08 2.43603e-07 146 86 59
8.75126e-08 -4.5108e-08 1.78556e-07 196 189 184
2.40195e-08 -1.57368e-09 2.56467e-07 199 168 136
7.45776e-08 -3.05618e-08 1.95197e-07 176 142 102
1.11352e-07 2.73191e-08 1.9532e-07 190 154 114
-3.28353e-08 -3.37053e-08 2.46783e-07 184 146 109
1.44238e-07 1.79016e-07 3.16837e-07 172 134 96
3.34144e-08 -6.33517e-08 2.26863e-07 200 196 192
-3.69862e-08 -6.86169e-08 2.1989e-07 202 193 189
