ply
format ascii 1.0
element vertex 10506
property float x
property float y
property float z
property uchar red
property uchar green
property uchar blue
end_header
-0.00815954 0.000125527 0.00217878 0 255 0
-0.00815104 0.000714889 0.00196613 0 255 0
-0.00733201 0.00084842 0.00158229 0 255 0
-0.00655384 0.000946541 0.0012463 0 255 0
-0.00551576 0.00110709 0.00101627 0 255 0
-0.00452559 0.00130585 0.000853367 0 255 0
-0.0035581 0.00139502 0.000852126 0 255 0
-0.00276407 0.00139439 0.00102769 0 255 0
-0.00185365 0.00140241 0.00133873 0 255 0
-0.0015815 0.00137915 0.00145818 0 255 0
-0.00195042 0.0019839 0.00147723 0 255 0
-0.0026629 0.00207152 0.00154134 0 255 0
-0.00370017 0.00190566 0.00133687 0 255 0
-0.00466399 0.00180111 0.00107284 0 255 0
-0.0060906 0.00172347 0.000929558 0 255 0
-0.00453873 0.00129412 0.00944064 202 165 146
-0.00506809 0.00115998 0.00936071 114 92 82
-0.00276775 -0.000148058 0.0105018 80 78 39
-0.00488293 0.00102499 0.00937241 93 65 47
-0.00594188 -0.000106871 0.0116662 121 88 60
-0.0041289 0.00144816 0.00985852 212 177 166
-0.0029146 0.000176355 0.0101104 222 231 191
-0.0056231 1.19037e-05 0.0106513 96 96 73
-0.00644555 -0.000183175 0.0108425 193 144 112
-0.00546609 0.00254337 0.010928 116 67 60
-0.00540023 0.00272357 0.0110666 108 60 52
-0.0040193 0.00194039 0.0103326 116 80 77
-0.00569095 -0.000245742 0.0114266 95 96 74
-0.00610711 0.00108694 0.00983644 164 116 94
-0.00602035 0.00205991 0.0114501 121 68 49
-0.00351708 0.00149472 0.0103725 98 90 72
-0.00552058 -5.3668e-05 0.0113722 97 98 78
-0.00644534 -0.000365762 0.0106841 167 133 106
-0.00379552 0.00138707 0.00988363 80 80 52
-0.00529263 0.000171998 0.0105047 47 39 22
-0.00526163 -0.00012783 0.0110151 49 24 16
-0.00451688 0.00201016 0.0101475 129 91 89
-0.00472094 0.00162216 0.00985689 116 84 83
-0.00738842 -0.000889083 0.0112888 212 210 156
-0.00608666 -0.000303243 0.0115255 138 112 80
-0.0063914 0.000721866 0.0102472 195 150 120
-0.00734928 -0.000941026 0.0114233 210 210 157
-0.00436957 0.00129182 0.00955108 172 130 108
-0.00435511 0.00104417 0.0095895 70 70 46
-0.00432598 0.000875395 0.00982611 80 81 58
-0.00290254 -7.34467e-05 0.0103854 81 84 48
-0.00739209 -0.000827922 0.0114148 211 210 156
-0.00609509 -0.000429524 0.0114634 140 138 110
-0.00327676 0.000467894 0.0106525 104 81 50
-0.00523946 0.00230831 0.0117174 82 39 30
-0.00455934 0.0024074 0.0105397 122 84 79
-0.00576574 0.00160442 0.00975137 97 60 54
-0.0067659 0.000499095 0.00842001 110 114 100
-0.00452549 0.000758518 0.0101209 89 91 68
-0.00693221 0.000601663 0.00848969 126 126 114
-0.00452262 0.00187884 0.0101224 136 98 95
-0.00303851 0.000120394 0.0101444 220 231 191
-0.00593941 0.00218619 0.0115389 92 44 28
-0.00582299 -0.00146166 0.00858977 168 173 128
-0.00536523 -0.000100808 0.0114594 106 99 76
-0.00478424 0.000967113 0.00955996 116 91 69
-0.00421066 0.00121226 0.00936119 68 68 42
-0.00589224 0.000689416 0.0101804 32 19 12
-0.00441632 -0.0013874 0.0102061 130 139 98
-0.00297775 0.000205692 0.0101228 221 233 190
-0.00599595 -0.000157787 0.0117866 142 102 72
-0.00513187 -8.71121e-05 0.0115273 55 26 16
-0.00515053 -0.000564608 0.00971696 173 168 120
-0.0054187 0.000749345 0.00858612 102 117 76
-0.0035789 0.000832538 0.0102146 46 22 12
-0.00455764 0.00136561 0.00954543 204 170 156
-0.00464113 0.000781554 0.0101096 78 76 54
-0.00485424 0.00160391 0.00981694 108 76 74
-0.00282474 -0.000143693 0.0105054 74 74 40
-0.00413848 0.00131235 0.00921465 72 72 45
-0.00490482 0.000430312 0.0110932 113 116 110
-0.00451477 0.00122975 0.00955799 100 56 46
-0.00450706 0.00150109 0.00961172 177 144 138
-0.00447402 0.00182396 0.0100451 142 102 100
-0.00510341 0.00152088 0.0094517 116 122 99
-0.00445631 0.00200992 0.0101087 141 100 98
-0.00540924 0.00059048 0.00912679 102 114 72
-0.00580267 0.00197233 0.0109052 111 65 50
-0.00441189 0.00115641 0.0095498 42 24 14
-0.00596255 -0.000173201 0.0116712 150 116 86
-0.00487689 0.000840456 0.00969086 94 93 74
-0.00755175 -0.00283322 0.00981629 112 115 92
-0.00550344 0.00283319 0.0115162 99 50 39
-0.00550451 -0.000337896 0.0102516 124 126 100
-0.00291398 -0.000182856 0.0106369 118 108 69
-0.00485778 0.00111491 0.0091935 122 80 62
-0.00542058 -0.000436999 0.0103033 113 116 85
-0.00438845 0.00254399 0.0107919 140 94 93
-0.00462286 0.00157816 0.00973516 126 84 82
-0.00459195 -0.000901076 0.00988593 163 168 117
-0.00642688 -0.000583913 0.0109528 117 102 74
-0.00327623 0.00127796 0.0105515 81 80 57
-0.00338913 0.000416263 0.0107412 69 58 42
-0.00575166 0.00122199 0.00979992 186 139 116
-0.00626225 0.0010873 0.0113918 130 90 70
-0.00317904 0.000143654 0.0109139 61 63 33
-0.00437049 0.00167617 0.00993524 134 94 92
-0.00485961 0.00110845 0.00936558 122 86 72
-0.00522754 5.62507e-05 0.0111698 95 68 52
-0.00616312 0.00156001 0.01127 132 85 66
-0.00464903 0.000984522 0.00960369 36 36 22
-0.00339289 0.000399863 0.01055 88 75 48
-0.00548739 0.00233438 0.0107538 131 102 97
-0.00480987 0.00176406 0.00990734 91 54 50
-0.00284666 1.81169e-05 0.0102055 190 184 150
-0.0060821 -0.00013263 0.0117576 155 118 90
-0.0059296 -8.67615e-05 0.0114617 207 200 168
-0.00600281 -0.000599085 0.0112487 161 164 128
-0.00576017 0.0015032 0.00989631 84 46 38
-0.00488216 0.000960379 0.0094868 62 46 32
-0.00652249 -0.000713634 0.010959 98 96 68
-0.00555752 0.00243779 0.0105123 118 66 60
-0.00558258 -0.000413689 0.0101024 110 112 83
-0.0050305 0.00188935 0.00961561 118 110 99
-0.00539615 -0.000413391 0.0103208 108 110 80
-0.00645675 -0.000681425 0.0109581 97 93 66
-0.00274278 -0.000468012 0.0104947 219 230 190
-0.00551668 0.00238932 0.0107854 124 71 63
-0.00394363 0.0011243 0.00945374 85 84 60
-0.00435682 0.00102444 0.00979279 52 54 34
-0.00535921 0.000553243 0.00908635 97 110 68
-0.00519058 -0.000190821 0.0104736 126 128 98
-0.00588709 0.00177301 0.0106689 88 54 41
-0.00563122 -0.000656674 0.0102865 120 122 90
-0.00593336 0.00222907 0.0112054 100 54 41
-0.0070532 -0.00217463 0.00991047 170 161 143
-0.00562953 -0.000101961 0.0110151 106 102 81
-0.00597235 -0.000276205 0.0116363 189 178 134
-0.00520202 0.00067941 0.0116202 30 22 14
-0.00497588 -0.000735328 0.0102743 165 162 108
-0.00487763 0.00127067 0.00959277 130 106 96
-0.00454826 0.00083667 0.00988907 76 78 59
-0.0049139 0.000123987 0.0109715 91 94 70
-0.00599803 0.00196067 0.0117741 110 64 41
-0.00589391 -0.000443754 0.0118418 96 96 74
-0.00411904 0.00126005 0.00942367 70 72 46
-0.00594649 0.00158862 0.0103428 112 67 53
-0.00455964 0.0015127 0.00982536 175 140 138
-0.00592602 0.0013551 0.00997726 101 56 42
-0.00562118 0.00226796 0.0105148 106 62 52
-0.00614704 0.0012988 0.0110178 115 79 60
-0.00474128 0.00155423 0.00980061 145 112 110
-0.00497656 -0.000332453 0.0107976 114 115 68
-0.00491654 -0.000721268 0.0102299 174 171 124
-0.00617129 -0.000244502 0.0111516 130 92 60
-0.00432551 0.00110178 0.00949981 72 68 46
-0.00517365 0.000178696 0.0105967 63 68 40
-0.00492114 -0.000581963 0.0102413 174 170 122
-0.00496529 0.00152124 0.00975268 124 123 102
-0.00517789 -0.000389352 0.0103022 100 102 56
-0.00525376 -0.000388239 0.0102299 108 112 73
-0.00577596 0.00148563 0.00993373 82 42 32
-0.00458715 -0.00118236 0.0101419 222 230 184
-0.00530024 5.36258e-05 0.00898175 150 154 106
-0.0048192 0.00138157 0.0115074 196 158 145
-0.00527811 -0.000473722 0.010237 92 99 55
-0.00623755 0.00087571 0.0102439 182 143 118
-0.0048768 -0.000832167 0.0104973 168 164 110
-0.00302179 -0.000250095 0.0103842 222 230 191
-0.00449546 0.00101598 0.00971546 44 42 27
-0.00616128 0.000909698 0.0101226 178 136 105
-0.00496308 0.00155253 0.00962203 96 63 58
-0.00470007 -0.000671981 0.00991831 166 164 118
-0.00484301 -0.000443829 0.0103191 170 166 122
-0.00416963 -0.0005093 0.00648929 212 213 180
-0.00621656 -8.50831e-05 0.0116224 163 126 99
-0.00617869 0.00166198 0.0106349 116 75 56
-0.00420913 0.00117862 0.00933531 76 76 52
-0.00554429 0.000878062 0.00856006 98 108 74
-0.00425645 -0.00141923 0.0101771 140 150 94
-0.00193901 -0.00149149 0.0088873 124 120 82
-0.00557152 0.000961173 0.00960559 70 40 33
-0.00559251 -0.000290515 0.0101761 122 116 88
-0.00590721 0.0019728 0.0113516 110 62 42
-0.00388422 0.000355051 0.0108182 84 84 56
-0.00397117 -0.000353451 0.00622029 218 222 181
-0.00624595 0.00108042 0.0113275 129 86 66
-0.00616986 -0.00047846 0.0108876 98 99 74
-0.00538219 0.00129265 0.0112191 187 146 124
-0.00493863 -0.000735349 0.0102028 170 167 121
-0.00560717 0.000649545 0.0105941 31 24 17
-0.0045735 0.00083459 0.00998573 68 69 48
-0.00492656 -0.000435953 0.0105269 142 141 89
-0.00702173 -0.0010482 0.0115063 126 125 86
-0.00437723 0.00195689 0.0100468 126 91 90
-0.00438476 0.00101498 0.00967277 55 58 34
-0.00650034 -0.000499306 0.0108327 185 150 118
-0.00499087 -0.000853344 0.0101571 165 162 109
-0.00411582 0.000729583 0.0103276 42 25 11
-0.0036207 0.00102101 0.00997456 116 89 72
-0.00412797 -0.000456263 0.00636392 218 222 182
-0.004454 0.00263517 0.0107544 142 91 88
-0.00573942 0.00234945 0.0117497 94 46 36
-0.00437422 -0.000379787 0.0106042 70 80 48
-0.0055868 0.00156008 0.00989424 98 58 52
-0.00392475 -0.000319799 0.00616797 218 223 184
-0.00590601 0.00138119 0.00788798 93 104 74
-0.00483563 -0.000127842 0.00979051 146 154 105
-0.00568942 0.00134087 0.00980336 88 52 46
-0.00596971 0.00143455 0.00764995 103 114 85
-0.00571239 0.00136771 0.00997701 89 50 40
-0.00577297 0.00260973 0.0117035 98 50 41
-0.00445634 0.000897318 0.00977302 75 78 55
-0.00440621 0.00225253 0.0104603 136 92 88
-0.00587801 0.00151724 0.0102795 108 68 54
-0.00495912 -0.00030103 0.0100065 160 157 112
-0.00398336 0.00178922 0.0103101 144 114 114
-0.00604618 0.00219947 0.0113116 140 86 62
-0.00656999 -0.000228641 0.0104794 208 162 136
-0.00526668 -0.000549699 0.0104177 102 106 68
-0.00682408 0.00052215 0.00845841 116 116 102
-0.00563653 0.000934154 0.00986491 90 52 38
-0.00408779 0.00111492 0.00953495 80 82 58
-0.00400647 0.00270988 0.011267 128 92 92
-0.00536708 -5.32376e-05 0.00925628 149 152 110
-0.00641932 -0.000201489 0.0105308 174 129 96
-0.00555338 0.0017245 0.00992256 52 26 21
-0.00296902 -0.00268531 0.0104232 119 124 88
-0.00545442 -0.000548261 0.0103012 116 120 86
-0.00443246 0.0010749 0.00960514 42 39 22
-0.0053847 4.69215e-05 0.00919507 134 142 96
-0.00605314 0.00187549 0.0116184 112 68 46
-0.00584968 0.000257831 0.00971682 122 122 104
-0.00438246 0.00119794 0.00959501 101 67 46
-0.00687192 0.000411113 0.00844985 118 118 86
-0.00468722 0.00125306 0.00953381 88 48 36
-0.00433081 0.00149059 0.00979975 171 138 129
-0.00572677 0.00136714 0.00979956 104 66 56
-0.00689149 0.000502357 0.00850173 106 109 86
-0.00529148 0.000298304 0.0105904 124 126 116
-0.0061112 0.00119023 0.0102793 73 38 26
-0.00618272 0.000900242 0.0102971 162 120 92
-0.00510051 -0.000463989 0.010247 124 124 72
-0.00419514 -0.00139113 0.0101682 144 152 101
-0.00439116 -0.00144232 0.0104006 214 220 180
-0.00455824 0.00223562 0.0103152 141 106 104
-0.00603119 0.00103514 0.00991029 187 146 118
-0.00456209 0.00136901 0.00958116 204 172 160
-0.00404434 -0.000362413 0.00619662 218 223 184
-0.00308415 6.46486e-05 0.010131 206 212 176
-0.00691178 -0.0010228 0.0111755 115 114 82
-0.00342669 0.000105059 0.0108276 157 156 123
-0.00278453 -0.0002379 0.0106969 153 153 114
-0.00586297 0.00176399 0.0103115 122 78 64
-0.00535029 0.000237631 0.00912485 128 136 92
-0.00573579 0.00229572 0.0110922 101 50 36
-0.00501975 -0.000625277 0.00995064 172 166 121
-0.00487167 0.00172946 0.00995992 124 110 100
-0.00545336 -0.000710962 0.00991123 225 232 191
-0.00751001 -0.00268142 0.00991876 186 183 146
-0.00448607 0.00193215 0.0099786 138 100 98
-0.00438523 -0.000336533 0.0103967 92 101 70
-0.00586448 0.00148282 0.00781306 142 148 132
-0.00596374 0.00114543 0.0101051 168 124 103
-0.00377066 0.00171544 0.00868129 92 92 69
-0.00551568 0.00120653 0.00951504 193 154 136
-0.00630868 0.000850578 0.0104609 182 138 108
-0.00423528 0.000975338 0.00966828 71 74 48
-0.00618673 0.00117052 0.0111929 128 87 68
-0.00473229 -0.000557378 0.0109983 149 146 100
-0.00317737 0.000204331 0.00994329 222 232 190
-0.0055271 0.00201413 0.010264 106 64 56
-0.00359781 -0.000265175 0.0119677 122 124 97
-0.00390499 0.000846569 0.0102069 46 23 16
-0.00502565 -0.000569888 0.0105574 124 126 78
-0.00550158 0.000350627 0.00877538 112 124 80
-0.006335 0.000890655 0.0102546 206 163 132
-0.00396404 -0.000327317 0.0061798 218 222 183
-0.00386988 0.00137607 0.00903029 75 80 50
-0.00611038 -0.000593872 0.0109922 114 114 84
-0.005397 1.7557e-06 0.00941336 147 146 112
-0.00444565 -0.000254454 0.0110304 146 147 99
-0.0054758 0.0016837 0.00986484 104 62 58
-0.00433169 -0.00156011 0.0102917 151 160 116
-0.00711074 -0.000824057 0.0113697 214 215 168
-0.00551345 0.00158081 0.00985727 105 65 62
-0.00649955 0.000304929 0.00882699 114 116 86
-0.00595135 0.00180935 0.0108264 96 58 44
-0.00409922 0.000755173 0.00982396 50 28 18
-0.00399292 0.00130498 0.00912885 78 80 52
-0.0054875 0.00150144 0.00993624 103 58 54
-0.00539428 0.000246104 0.0102998 118 118 104
-0.00574675 0.00180008 0.0106212 134 92 78
-0.00534625 -0.000689761 0.0105641 116 118 82
-0.00666373 0.000376278 0.00857277 122 126 102
-0.00483102 0.00155915 0.00979436 142 108 105
-0.00275496 2.48391e-05 0.0107797 80 84 45
-0.00423706 0.000831442 0.00989281 94 88 66
-0.00567599 -0.000760377 0.0102445 120 120 90
-0.00519019 -0.00125877 0.0104735 133 142 100
-0.00527836 -0.00145317 0.0105495 124 134 90
-0.00709935 -0.00220748 0.00988492 174 164 144
-0.0059443 0.00110541 0.0100596 184 140 116
-0.00619902 0.00124822 0.0108855 116 80 58
-0.00512576 -0.000418155 0.0102983 107 110 60
-0.00427168 0.0010377 0.00960639 69 72 46
-0.00506319 -0.00114883 0.0102169 158 157 102
-0.00572027 0.00107084 0.00961504 168 145 130
-0.00491351 0.00133703 0.00932816 232 205 202
-0.00379606 -0.00176947 0.0104678 133 142 94
-0.00351883 0.000160361 0.011096 92 73 46
-0.0047362 0.00142261 0.00971373 218 186 182
-0.0050687 0.00125194 0.00928175 160 123 110
-0.00390124 0.000905907 0.00985964 36 20 10
-0.00399512 0.00117984 0.00933011 85 88 62
-0.00367092 0.00173969 0.00887603 91 90 68
-0.00392692 0.0022266 0.0108489 165 131 130
-0.00496123 -0.000492231 0.0100167 173 169 129
-0.00197419 -0.00147633 0.00891132 124 121 88
-0.0029978 -0.0027494 0.0101868 212 214 172
-0.00680606 -0.00203062 0.00993459 116 117 94
-0.00373751 -0.00187147 0.0103687 122 135 90
-0.00422398 -0.00126477 0.010092 157 160 105
-0.00491107 -0.000313512 0.00992244 152 150 100
-0.005356 -0.000918919 0.0101838 228 234 192
-0.00522064 -0.000594046 0.0103178 223 230 189
-0.00434485 -0.000376023 0.00836942 132 132 127
-0.00601196 0.00124895 0.00783576 96 90 62
-0.005469 -0.000735658 0.0103723 120 120 84
-0.00535369 -0.00161756 0.0100589 126 140 95
-0.00556156 -0.0015663 0.00936459 132 144 96
-0.0048941 -0.000609267 0.0101987 160 161 115
-0.00613249 0.000802454 0.0101718 134 102 83
-0.00560222 -0.00192147 0.0104943 225 228 182
-0.00560157 -0.000749421 0.0102539 146 144 114
-0.00398763 -0.00161292 0.0101033 140 154 102
-0.00428011 -0.000324303 0.0105212 116 121 86
-0.00698858 -0.0018358 0.00958226 124 124 94
-0.00717737 -0.0021438 0.00989449 222 222 173
-0.00411756 -0.000466518 0.0105983 120 130 99
-0.00547757 -0.00272696 0.0112568 123 130 93
-0.00378043 0.000239638 0.0115603 88 60 50
-0.0059326 0.00237202 0.0118005 134 84 63
-0.00525565 4.54603e-05 0.0094062 138 144 100
-0.00492163 -0.000458938 0.0101437 174 170 129
-0.00396312 -0.000394661 0.00632675 220 223 184
-0.00434854 0.000370897 0.0105985 84 62 38
-0.00509292 -4.97005e-05 0.00935838 141 146 93
-0.00547254 -0.00291053 0.0114553 126 130 94
-0.00557202 0.00270099 0.0110318 96 46 40
-0.00436618 0.000802241 0.00985899 90 89 64
-0.00521369 -0.00108822 0.0102177 140 147 102
-0.00497503 -0.00114041 0.0104063 158 158 105
-0.0057396 -0.000941258 0.0102768 149 149 124
-0.00571879 0.002064 0.00999734 112 73 65
-0.00756038 -0.00257716 0.00951601 172 170 134
-0.00480483 -0.000359663 0.00993948 161 157 116
-0.00583083 0.000399887 0.00944735 98 108 98
-0.00423526 0.00161252 0.00988027 129 92 89
-0.00609263 0.00118682 0.00767071 106 68 55
-0.00485025 -0.00068616 0.0100959 154 160 109
-0.00410833 -0.00146239 0.0100829 146 152 96
-0.00495615 -0.000939998 0.0103023 165 163 106
-0.00599347 0.00125094 0.0077648 84 96 64
-0.00470044 0.00173678 0.00993783 113 74 71
-0.00535689 -0.00191317 0.0105308 118 132 86
-0.00531166 -0.00209513 0.0108587 115 130 84
-0.00370052 0.00161501 0.00898521 86 89 62
-0.00567364 -0.00314219 0.0114735 120 124 90
-0.00434561 0.00152123 0.00984349 180 146 141
-0.00591791 0.00138591 0.00983498 98 54 38
-0.00391543 0.00146172 0.00969698 170 142 140
-0.0060709 0.00139 0.0077653 102 80 62
-0.00397056 0.00154927 0.00901804 177 174 158
-0.00384342 0.000557306 0.0106081 75 76 54
-0.00372227 0.00198559 0.00877052 214 208 198
-0.00533233 -0.00119235 0.00983692 138 144 104
-0.00262291 -0.00127664 0.00955322 197 197 159
-0.00572292 0.001701 0.00978755 91 58 52
-0.00473277 -0.000351116 0.0106949 156 154 109
-0.00672003 -0.00201276 0.00999171 116 118 96
-0.00420572 0.00163464 0.00999744 118 78 72
-0.00385333 0.000206439 0.0113866 112 88 77
-0.00416826 -0.00133213 0.0103709 144 154 102
-0.00287552 -0.00023446 0.0114553 218 231 192
-0.00546664 0.000184585 0.00878247 136 142 102
-0.0058105 0.00112756 0.00988869 185 142 119
-0.0062026 -0.00113175 0.010099 134 132 112
-0.00516781 0.00262785 0.0133016 105 57 46
-0.00611116 -0.00119382 0.0101666 123 124 103
-0.00565132 -0.000865107 0.010251 131 133 104
-0.00558613 0.000472348 0.00865064 104 116 72
-0.00567484 -0.00240071 0.0108029 192 194 153
-0.00387252 -0.00178734 0.0102967 130 141 92
-0.00520342 -0.000251404 0.00991252 126 122 72
-0.00480331 0.00134761 0.00941057 219 188 182
-0.0054185 -0.000720142 0.0104569 118 118 81
-0.00609714 -0.000985612 0.0100947 150 148 126
-0.00372283 -0.00182024 0.0103987 128 138 96
-0.0047788 0.00145504 0.00950786 197 164 160
-0.00538418 -0.0013339 0.0102888 140 148 104
-0.00647048 -0.000573121 0.0109116 164 137 104
-0.00482552 -0.000479525 0.00993708 164 160 114
-0.00382558 -0.00175428 0.0102994 132 145 100
-0.00675284 -0.00203733 0.0100126 124 126 104
-0.00627959 -0.00072212 0.011061 107 107 78
-0.00666006 -0.000872294 0.010875 118 118 88
-0.00373183 0.0015177 0.00913704 86 90 62
-0.00377516 0.000812514 0.0101642 40 18 8
-0.00508963 -0.000936841 0.00999685 162 162 108
-0.00517955 -0.000445686 0.0102354 112 116 67
-0.00555151 0.00120025 0.00953292 193 153 134
-0.0068008 -0.00175217 0.0099497 180 178 145
-0.00662576 -0.00189136 0.0100099 118 118 95
-0.00370528 0.000820222 0.0102328 40 18 8
-0.00392142 0.00145835 0.0090792 74 78 48
-0.00567273 -0.000588609 0.0103149 118 120 90
-0.00574755 -0.000683362 0.0102593 116 119 91
-0.00614245 -0.00121674 0.0101498 126 126 106
-0.00564038 -0.00222606 0.0106857 191 194 148
-0.00621087 0.00172119 0.0114693 94 56 36
-0.00586509 0.00136819 0.00786374 99 110 81
-0.00481038 -0.00058721 0.0100186 174 170 126
-0.00361 -0.00203965 0.0103864 122 138 93
-0.00510017 -0.000675742 0.0103697 128 132 81
-0.00635195 -0.00118917 0.00995314 120 117 94
-0.0041644 -0.00132014 0.0102002 158 162 106
-0.00591936 0.0013125 0.00787373 88 100 70
-0.00584492 0.00113002 0.00818613 85 94 60
-0.00710859 -0.000892653 0.0109121 214 215 168
-0.00438258 0.0020209 0.0101998 138 99 96
-0.00570065 -0.00101739 0.0104337 125 125 98
-0.00477811 -0.000784494 0.00955463 166 168 119
-0.00180414 -0.0016428 0.00853792 220 222 178
-0.00660371 -0.00205433 0.0102979 114 116 93
-0.00287411 -0.000150146 0.0114896 217 230 188
-0.00534741 -0.000892938 0.0101965 228 234 192
-0.00544085 -0.00104497 0.00998607 222 226 182
-0.00368808 0.00168381 0.00903003 88 92 66
-0.0038723 0.0019093 0.0105337 130 95 92
-0.00537868 -0.000619944 0.00952612 140 144 96
-0.00690213 -0.00085227 0.010927 162 162 124
-0.00686313 -0.0020762 0.00995697 124 122 102
-0.00743704 -0.00234849 0.00936086 149 144 113
-0.00584676 0.00132329 0.00799371 91 101 74
-0.00728401 -0.00244839 0.00980357 114 116 90
-0.00525254 -0.00119219 0.00980224 152 152 98
-0.00696614 -0.00224065 0.00992985 130 132 108
-0.00506581 -0.00127229 0.0105337 138 145 98
-0.00558755 -0.000826922 0.0103055 123 123 92
-0.00487479 0.000174729 0.0107498 140 141 108
-0.00615256 -0.000927419 0.0100356 133 131 106
-0.00575702 -0.000630357 0.0116747 222 230 185
-0.00686527 -0.00202747 0.0100013 111 110 88
-0.00683919 -0.00182203 0.00994961 138 136 108
-0.00612626 -0.000896833 0.0100529 124 122 98
-0.00485252 -0.000632371 0.0098667 176 172 128
-0.00513278 -0.000643064 0.0107163 168 172 128
-0.00297535 -0.0025672 0.0103665 133 138 98
-0.00539617 -0.000732083 0.00934004 158 156 104
-0.00440976 -0.000459717 0.0105818 172 171 146
-0.00433826 0.00244361 0.0107194 140 98 97
-0.00594538 -0.000993823 0.0102107 126 126 103
-0.00444143 -0.00143456 0.010496 218 226 183
-0.00540031 -0.00170386 0.0107257 225 228 184
-0.00690066 -0.0018683 0.00993966 166 166 125
-0.00394931 0.00147139 0.00925675 130 128 106
-0.00690155 -0.000800921 0.0109516 213 216 171
-0.00685454 -0.00188596 0.00996077 126 124 92
-0.00679329 -0.00192964 0.00996719 128 127 103
-0.00702827 -0.000943254 0.0112456 214 214 169
-0.00553393 -0.00196003 0.010564 132 141 98
-0.00667846 -0.0019709 0.0100488 114 117 94
-0.00694703 -0.00217798 0.00992607 129 128 104
-0.00403976 0.00149408 0.00889816 92 91 64
-0.0069535 -0.00208588 0.00991346 144 142 118
-0.0063484 -0.00145252 0.0100826 118 118 96
-0.00424658 0.00154483 0.00982378 177 144 136
-0.00412311 -0.00136546 0.0102606 154 160 103
-0.00382164 0.00185944 0.00859706 90 92 70
-0.00655724 -0.0016811 0.00997992 121 122 100
-0.00406884 0.00145806 0.00894798 74 76 50
-0.00484012 -0.000564535 0.00984782 172 168 122
-0.00465465 -0.0002801 0.00822521 113 114 103
-0.00543821 -0.00270674 0.0112594 153 156 124
-0.00587437 0.00133093 0.00975935 108 64 48
-0.00617667 0.00142758 0.011403 129 82 64
-0.00675317 -0.00186968 0.00996227 140 138 116
-0.00502028 -0.00121485 0.0103771 156 154 98
-0.00690381 -0.00216642 0.0100315 137 136 110
-0.00522271 -0.00154932 0.0109022 182 187 140
-0.00554788 -0.000635287 0.00906561 148 150 104
-0.00283417 -0.000206144 0.0115301 218 230 191
-0.00513344 -0.000648338 0.010402 176 180 140
-0.00570659 -0.000971997 0.0103188 130 132 103
-0.00618996 0.00158165 0.0117874 98 60 39
-0.00393922 0.00158438 0.00885853 96 98 76
-0.00590771 0.00122038 0.00808217 96 94 64
-0.00550037 0.0014953 0.00982385 106 60 56
-0.00568378 -0.002667 0.0111612 221 222 178
-0.00537202 -0.00108705 0.0102915 228 232 188
-0.00557037 -0.00112795 0.00983784 228 231 188
-0.00737584 -0.000601305 0.0168691 205 204 150
-0.00406764 -0.000464864 0.00658061 220 224 184
-0.00524386 -0.0009396 0.010329 176 179 137
-0.00492786 -0.000836581 0.0109964 134 136 92
-0.00334644 -9.22777e-05 0.011163 218 232 190
-0.0041015 -0.00138089 0.0101331 159 165 114
-0.00563291 -0.00313866 0.0115764 133 134 99
-0.00514601 -0.001133 0.0102662 145 149 100
-0.00524107 -0.000998672 0.0104551 228 234 190
-0.00624801 -0.00142391 0.0101257 122 122 98
-0.00626846 -0.00111885 0.0101428 178 176 145
-0.00520515 -0.00122184 0.0105148 129 138 93
-0.00590077 0.00123969 0.00799458 86 98 64
-0.00620932 -0.000796121 0.0096575 130 129 104
-0.00622583 -0.00170972 0.0106006 127 126 106
-0.00548906 0.000231248 0.00894652 117 127 78
-0.00562608 -0.00257912 0.0111241 204 206 164
-0.00637233 -0.00131523 0.00997117 130 128 104
-0.00647627 -0.00167309 0.00995366 124 126 104
-0.00427993 0.00287409 0.0110863 111 70 68
-0.00529547 -0.0010153 0.0103038 196 203 157
-0.0053729 -0.000715599 0.0100157 225 234 192
-0.00672171 -0.00172877 0.010035 142 138 106
-0.00546421 -0.00160999 0.010398 136 144 99
-0.00514267 -0.00146343 0.0105862 131 141 99
-0.00601253 -0.00129825 0.0102575 125 124 102
-0.0062924 0.00130355 0.0114538 126 82 60
-0.00370134 0.00187435 0.00907144 229 222 214
-0.00683003 -0.00180117 0.0099712 168 166 129
-0.00392886 0.00156898 0.00874642 85 89 63
-0.00520302 -0.000691913 0.0103172 218 224 183
-0.00637445 -0.00138358 0.0100694 138 136 111
-0.00527392 -0.00116377 0.010194 135 143 101
-0.00607282 -0.000756672 0.0100717 192 194 158
-0.00620789 -0.00153444 0.0102223 140 139 116
-0.00591068 -0.00251879 0.0105503 220 222 175
-0.00580821 -0.00254924 0.0106956 202 205 161
-0.00671744 -0.00150415 0.00966671 168 167 136
-0.00379495 0.00167429 0.00909269 164 159 144
-0.00642987 -0.00134335 0.0100716 129 126 100
-0.00600377 -0.000777802 0.0102146 170 170 140
-0.00648852 -0.00190465 0.0103532 123 124 102
-0.00759423 -0.000864095 0.0113303 208 206 148
-0.00666643 -0.00163194 0.00992089 120 118 98
-0.00515989 -0.00103004 0.0103412 139 148 102
-0.00647734 -0.000411446 0.012595 214 221 176
-0.00627601 -0.00116435 0.010095 132 127 108
-0.00655838 -0.00149115 0.0100234 173 172 143
-0.00430191 -0.000512638 0.00720624 120 118 108
-0.00634121 0.00135479 0.0111561 135 93 70
-0.00507326 -0.00105816 0.0107422 146 148 104
-0.00676426 0.00142833 0.00979302 202 196 170
-0.00536262 -0.00148532 0.0106323 230 233 189
-0.00574568 -0.00304503 0.0114775 220 222 174
-0.00553851 -0.00112183 0.00982796 230 232 190
-0.0062325 -0.000785785 0.00967507 186 188 151
-0.00652891 -0.00141611 0.00995678 158 156 126
-0.00612555 -0.00146082 0.0102891 120 120 96
-0.00641463 -0.000275517 0.0149365 208 214 166
-0.00627935 -0.00145362 0.0101015 123 122 100
-0.0064078 -0.00170717 0.0101344 120 122 102
-0.00657954 -0.00163536 0.0101271 123 120 101
-0.00666169 -0.00314007 0.0112412 218 217 168
-0.0041351 -0.00142295 0.0121056 217 223 180
-0.00643678 0.00198112 0.0113903 198 188 163
-0.0074582 -0.0030061 0.00993054 220 218 168
-0.00777062 -0.00100906 0.0106904 209 206 147
-0.00550207 -0.00163876 0.00875214 217 224 179
-0.00485483 -0.00350628 0.0129215 208 212 170
-0.004777 -0.00374214 0.0133612 186 191 149
-0.00756399 -0.000631256 0.0170612 202 200 137
-0.00687166 -0.00113356 0.0107417 216 219 172
-0.00377148 -0.00103549 0.0101214 217 228 187
-0.000678674 -2.41149e-05 0.0117373 227 234 193
-0.00818957 -0.00332081 0.0173917 212 209 155
-0.0081881 -0.00235665 0.0159267 212 209 155
-0.00805997 -0.00242315 0.0152832 212 211 158
-0.00648425 0.00278195 0.011527 204 194 192
-0.0029534 -0.00172232 0.00767303 222 224 178
-0.00209016 -0.00376872 0.0120899 222 224 178
-0.00427923 -0.00426414 0.0146358 216 222 176
0.00257466 0.00801876 0.0161851 220 210 208
-0.00717064 -0.00277836 0.0138354 216 218 168
-0.00691435 -0.00248199 0.0135527 217 219 170
-0.0058144 -0.00600508 0.0164403 222 220 172
-0.0142048 0.0111988 0.0618886 222 214 206
-0.00488936 0.00298254 0.0111815 79 62 46
-0.00372989 0.00229787 0.00879057 203 196 189
-0.00367188 0.00226359 0.0086486 202 194 188
-0.00414164 0.00132373 0.00957111 105 92 76
-0.00378941 0.00224916 0.00897535 203 196 189
-0.00602201 -0.00033395 0.0115963 195 200 153
-0.00284979 -0.000208703 0.0105395 64 67 34
-0.0037841 0.00231067 0.00892553 202 194 189
-0.00773631 -0.00301093 0.00987292 84 90 58
-0.00384049 0.00148186 0.0101374 140 114 111
-0.00504195 -0.000243694 0.0118686 28 10 5
-0.00650164 -0.000556033 0.0109603 153 120 87
-0.0064393 0.00208732 0.00742298 158 142 134
-0.00607323 0.000954021 0.0100298 168 126 96
-0.00507124 -0.000657391 0.0131662 76 77 50
-0.00327885 0.000482927 0.0101166 188 198 157
-0.00593858 -0.00360207 0.0119132 200 199 148
-0.00609575 0.00104591 0.0102336 121 79 58
-0.00609134 0.00157609 0.0116475 110 68 46
-0.00547388 0.000877687 0.00862121 88 102 62
-0.00504298 0.000905816 0.00928578 52 38 25
-0.00577991 -0.00378261 0.0124233 200 199 148
-0.00384059 0.00155727 0.0101469 152 126 123
-0.00591889 0.00145653 0.0103467 92 50 38
-0.00485061 0.00175942 0.00979913 67 32 26
-0.00346041 0.000703971 0.0104587 46 20 12
-0.00443465 0.00098618 0.00973125 44 46 29
-0.00445222 0.0010458 0.00971865 30 30 17
-0.00371862 0.0021347 0.00870459 203 196 190
-0.0034439 0.00033643 0.0106284 50 47 28
-0.00533505 -0.000407848 0.0101109 78 84 42
-0.00791407 0.00159171 0.00795129 196 186 179
-0.0065358 -0.000324479 0.0105799 169 132 106
-0.00620984 0.000310262 0.00909167 90 94 75
-0.00488792 0.000860452 0.00961727 42 34 20
-0.00378154 0.000168363 0.0109035 54 24 13
-0.00603503 0.000759757 0.0100358 80 36 24
-0.00282217 -0.000356372 0.010434 196 208 166
-0.00335994 -0.00330017 0.0112767 72 80 38
-0.00343347 0.000493642 0.0106259 42 20 11
-0.00350054 0.000409139 0.0106748 52 52 32
-0.00522191 -0.000468776 0.0103366 72 80 38
-0.00340072 0.0015738 0.0104268 49 57 30
-0.00513213 -0.000344909 0.0101913 116 115 66
-0.00588279 0.00224576 0.011515 100 60 50
-0.00636733 -0.000555566 0.0108091 79 68 46
-0.00592045 0.00196337 0.0114512 91 46 33
-0.00602079 0.00136276 0.0104952 82 43 32
-0.00609667 0.0015184 0.0113232 118 78 56
-0.00432635 0.00115073 0.00962054 47 38 23
-0.00380414 0.00184483 0.0105613 82 56 52
-0.00576593 -0.00373305 0.0123746 199 198 149
-0.00351862 0.000220374 0.0106075 52 52 29
-0.00425 0.00148934 0.0098498 194 162 150
-0.00523217 -0.000211239 0.0118496 54 24 12
-0.00468479 0.000833732 0.00994016 46 48 29
-0.00497928 -0.000634978 0.0132863 132 131 98
-0.00504157 -0.00046263 0.0128267 157 142 106
-0.0034827 0.000613178 0.0105865 43 18 11
-0.00609447 0.00118542 0.0105419 44 15 6
-0.0038381 0.00101517 0.00991457 33 24 13
-0.00530129 -0.000342634 0.0103668 82 87 48
-0.00716632 -0.00089378 0.0113001 189 189 136
-0.00290787 -1.2518e-05 0.0103953 70 75 40
-0.00599258 -0.000255092 0.0117929 132 104 68
-0.0031289 2.55376e-05 0.0105355 54 62 30
-0.00555122 -0.000572551 0.0103007 94 96 64
-0.00618145 0.00111658 0.011422 105 65 45
-0.00483216 -0.000556277 0.0103153 122 124 74
-0.00342964 0.000214358 0.0105405 42 44 24
-0.0054731 -0.000391297 0.0102791 99 102 74
-0.00396401 0.000605912 0.0106542 50 50 32
-0.00301487 -0.000190732 0.0106073 184 186 143
-0.00576769 0.00128571 0.00999517 78 36 24
-0.00465159 0.0012493 0.00951621 66 32 22
-0.00390975 0.000323143 0.010795 50 34 14
-0.00592651 0.00199924 0.0109579 81 37 27
-0.0052923 -0.000388191 0.0105233 80 85 49
-0.00570114 0.00220548 0.0118435 80 36 26
-0.00629301 0.000735345 0.0102404 133 99 76
-0.0038566 0.000258501 0.010796 52 22 10
-0.00597769 0.00128042 0.0102928 68 29 20
-0.0062268 0.00101116 0.0110103 113 70 52
-0.00602147 0.00123808 0.0103501 58 20 12
-0.00542106 0.00017309 0.0104086 74 71 50
-0.00307512 -0.000168634 0.0106347 148 138 100
-0.00379336 0.0020726 0.0086261 204 196 190
-0.00619685 0.00140632 0.0115798 109 64 42
-0.00622545 0.000966881 0.011196 129 85 62
-0.00563733 0.00057298 0.00943454 32 30 19
-0.00606142 0.00149939 0.0105835 43 12 4
-0.0053308 -0.000199549 0.0117913 84 68 43
-0.00374598 0.001341 0.00992888 54 59 34
-0.0060306 0.00201115 0.0116037 90 42 23
-0.00338616 -0.00341571 0.011167 197 199 152
-0.00379361 0.00102655 0.00987485 62 51 40
-0.00607537 0.00186232 0.0117118 96 52 33
-0.00366941 0.00200705 0.00872161 80 80 58
-0.00579258 0.00116648 0.0100945 174 126 100
-0.00589982 0.00162564 0.0102359 106 66 51
-0.00412321 -0.000547302 0.00670639 110 104 87
-0.00352235 0.000727328 0.0105574 40 18 11
-0.00396304 -0.000610288 0.00732109 86 84 69
-0.00508233 -0.000424733 0.0124134 124 100 67
-0.0060154 0.0016818 0.0109004 110 72 58
-0.00589533 -0.000574738 0.0115405 104 106 71
-0.00655209 -0.000658329 0.0110496 157 146 112
-0.00370972 0.00205086 0.00861166 90 88 70
-0.00578223 0.00198048 0.0108673 100 56 40
-0.00474887 0.00309994 0.0111595 110 64 60
-0.0061987 0.00125406 0.0117254 110 74 52
-0.00403247 0.00166453 0.0101428 96 68 63
-0.00593164 -0.00053007 0.0115571 77 81 54
-0.00620889 0.00105156 0.0105048 96 56 41
-0.00581512 0.001472 0.0102673 80 38 26
-0.00440928 0.00108014 0.00959629 46 42 26
-0.00679669 -0.00088722 0.0110398 84 84 54
-0.00367682 0.00221991 0.00871482 202 196 188
-0.00584077 0.00104479 0.00968495 152 108 79
-0.00579414 0.00187006 0.0107326 96 52 36
-0.00302349 -9.04683e-05 0.0105855 66 68 35
-0.00623821 -0.000516724 0.0109377 76 74 50
-0.00530376 -0.000606292 0.0104418 100 104 67
-0.00401576 0.000965656 0.0098832 60 62 38
-0.00579553 0.0016447 0.0104324 48 16 10
-0.00614781 0.000341865 0.00927553 82 84 69
-0.00623921 0.000745093 0.0102701 125 92 71
-0.00319591 0.000104361 0.0106793 55 61 32
-0.00402528 0.00108651 0.00960129 57 60 36
-0.00457196 0.000986103 0.00974352 24 24 14
-0.00594101 0.00182147 0.011241 84 43 28
-0.00571363 0.00209856 0.011766 92 47 36
-0.00409362 -0.000563678 0.00668127 92 94 73
-0.00365892 0.000627431 0.0105758 35 16 8
-0.00535916 -0.000626228 0.0103481 88 92 57
-0.00573943 0.00118081 0.00986155 180 138 113
-0.00531115 -0.000123103 0.0114993 50 20 8
-0.006034 0.000593805 0.00989373 32 17 10
-0.00574434 0.000828751 0.00846437 78 80 45
-0.00504878 -0.000110215 0.0119376 40 16 10
-0.00676613 -0.000972978 0.0111604 90 92 59
-0.00606488 0.000743238 0.010138 68 32 20
-0.00489223 0.00135742 0.00965143 181 148 139
-0.0071612 -0.000961733 0.0111501 180 178 132
-0.00700008 -0.00202889 0.00997573 130 128 93
-0.00322246 0.000342656 0.0102543 193 206 162
-0.00790074 0.00148633 0.0078862 147 143 134
-0.006194 0.00128862 0.0113785 118 80 58
-0.00620083 -0.000706525 0.0112166 89 90 56
-0.00725446 -0.00235286 0.00986103 92 92 66
-0.00659322 -0.000742269 0.0109381 78 77 48
-0.00385849 0.00188214 0.00872061 204 197 190
-0.00608802 0.00140433 0.0110948 98 58 40
-0.00705669 -0.00209972 0.00985614 122 117 94
-0.00372586 0.00146925 0.0102788 134 108 104
-0.00654063 -0.000844736 0.0109834 90 90 60
-0.00591462 0.000425945 0.00952532 80 84 75
-0.00518479 -0.000272852 0.0116376 82 60 35
-0.00472231 0.00147806 0.0097502 159 122 117
-0.00553897 0.000162359 0.0101839 70 66 42
-0.00598809 0.00138522 0.0104429 88 46 35
-0.00599655 0.00170168 0.0107478 103 62 49
-0.00604859 0.00165485 0.0113846 100 61 39
-0.00504608 -0.000390804 0.00988187 154 148 108
-0.0052871 -0.000251306 0.0101132 96 97 56
-0.0060613 0.00178914 0.0114076 96 54 32
-0.00513184 -0.00056805 0.0103844 130 134 90
-0.00444956 0.000969781 0.00980233 46 48 30
-0.00698141 -0.00213676 0.00992857 136 133 112
-0.00416022 0.000970257 0.00974701 57 60 37
-0.00385381 0.00107256 0.00992454 58 60 36
-0.00351294 -0.00312821 0.0112246 200 203 153
-0.0059115 0.00168272 0.00776721 52 56 34
-0.00670118 -0.001826 0.0100085 94 95 72
-0.00552376 0.000666348 0.0087224 82 94 50
-0.00731161 -0.00243119 0.00984942 93 92 67
-0.00615488 0.00111912 0.0106511 100 60 46
-0.00431206 0.00108884 0.00965005 50 50 31
-0.00607942 -0.000665067 0.0113647 99 100 66
-0.00572242 0.00104094 0.00827323 76 86 54
-0.00670538 -0.000690871 0.0109097 192 196 149
-0.00558191 -0.000428314 0.0124902 74 78 56
-0.00619861 -0.00122713 0.0101256 98 99 78
-0.00305944 -8.7789e-06 0.0108351 55 56 29
-0.00717035 -0.00244539 0.0099393 84 89 64
-0.00573643 0.000632011 0.00921248 18 12 8
-0.00348717 0.00100791 0.0100455 146 104 75
-0.00386605 0.00169952 0.00874396 66 71 50
-0.00648821 -0.000827624 0.0110228 88 87 56
-0.00361398 -0.00262634 0.0111176 74 82 46
-0.0063357 -0.00125344 0.00991261 92 92 70
-0.00508091 -0.000336911 0.00981912 150 146 102
-0.00717123 -0.00222817 0.00991249 146 138 104
-0.0064737 -0.0014135 0.00980557 88 88 67
-0.00608916 -0.000501451 0.0115156 80 79 54
-0.00575518 0.00126587 0.009812 147 106 84
-0.00665545 -0.00172671 0.00993624 97 98 77
-0.00439941 0.000504301 0.0105439 52 42 26
-0.00591148 0.00127907 0.0102656 82 40 27
-0.00710303 -0.00230438 0.00993126 94 94 72
-0.00368626 0.00166834 0.00936607 59 64 40
-0.00598784 0.000790113 0.00991758 81 37 24
-0.00419286 0.00301696 0.0113606 91 52 50
-0.00523592 -0.000878406 0.01064 203 210 166
-0.0065638 -0.000907342 0.0112054 100 100 66
-0.00430256 0.000421665 0.0107863 62 44 29
-0.00330845 0.000129433 0.010804 46 48 26
-0.00674238 -0.00176347 0.010098 97 94 68
-0.00688565 -0.000990983 0.0111137 94 95 61
-0.00516173 -0.000520192 0.0103038 196 198 156
-0.00587585 0.00129188 0.0101831 94 46 35
-0.00544018 0.000167137 0.00909541 102 112 62
-0.00318952 -4.96886e-05 0.0108647 164 164 124
-0.00698342 -0.00218864 0.00997703 92 92 74
-0.0065506 -0.00175954 0.010055 121 122 100
-0.00736412 -0.0024559 0.00983781 134 128 97
-0.00686333 -0.00184628 0.00996882 90 90 66
-0.00600855 -0.000986757 0.0101722 96 98 76
-0.00355433 -0.00205841 0.0102986 94 106 58
-0.00631101 -0.000740213 0.0110461 88 86 55
-0.00513568 -0.000328113 0.00982583 133 130 84
-0.00587902 0.00125178 0.0101016 96 49 38
-0.00575935 0.0011271 0.00823796 72 85 54
-0.00696159 -0.000977862 0.0111267 90 90 62
-0.00722171 0.000633533 0.00839045 75 82 54
-0.00376155 0.00180624 0.00887411 71 74 54
-0.00617182 -0.000980212 0.0100955 110 106 85
-0.00648801 -0.0015557 0.0100575 90 90 68
-0.00719079 -0.00249115 0.00992691 114 112 93
-0.00560127 -0.000935203 0.0104404 94 100 68
-0.00575367 -0.00327496 0.0120361 198 199 150
-0.00596667 0.00138396 0.00788917 72 82 50
-0.00632389 -0.00141654 0.0100686 96 98 74
-0.00370811 0.00156408 0.00925702 58 64 42
-0.0058352 -0.00110414 0.0102896 96 97 74
-0.00761342 -0.00282328 0.010159 195 193 142
-0.00625212 -0.00104167 0.0099967 107 104 82
-0.00350781 -0.00271832 0.0113199 76 83 46
-0.00565601 -0.000955351 0.0103605 96 100 72
-0.00670025 -0.000994283 0.0109423 194 196 148
-0.00355771 -0.00282116 0.0112878 200 202 156
-0.00624438 -0.00154723 0.010176 109 108 86
-0.00657832 -0.00153078 0.0100433 110 106 85
-0.00595098 -0.00089175 0.0102421 96 98 74
-0.00585612 -0.00122374 0.0103986 102 104 74
-0.00367983 -0.00174109 0.0102688 198 204 158
-0.00355957 -0.00279199 0.0112978 190 193 148
-0.00512629 -0.00153509 0.00997771 201 206 160
-0.00555491 -0.00312075 0.0118839 106 109 78
-0.00672365 -0.00165969 0.0100243 162 162 128
-0.00641298 -0.00181728 0.0103618 94 96 76
-0.00616931 -0.00149418 0.0102123 100 102 77
-0.00578985 -0.00379969 0.0118241 200 198 150
-0.00581642 -0.00417993 0.0123092 200 200 148
-0.00420993 -0.00349764 0.013874 198 203 154
-0.0075665 -0.00107464 0.0110995 188 184 126
-0.00619453 -0.00139362 0.010119 94 97 76
-0.0080104 -0.0043502 0.0153355 193 190 136
-0.0042791 -0.00386129 0.0142495 192 198 150
-0.00656978 -0.00102776 0.010777 196 198 150
-0.00853605 -0.00258403 0.0154299 192 187 129
-0.00641021 -0.00417245 0.013292 198 196 142
-0.00841675 -0.00271642 0.00944571 195 192 142
-0.00415965 -0.00364939 0.0140259 196 202 155
-0.00377858 0.00310101 0.00932821 196 187 185
-0.00850476 -0.00374733 0.0149429 188 184 130
-0.00378821 -0.00368712 0.0142798 192 199 151
-0.00336603 0.0019413 0.00865818 206 198 190
-0.00897664 -0.00413261 0.0161387 189 185 130
-0.00753651 -0.00272125 0.0138789 193 192 140
-0.00675868 -0.00386212 0.0119153 198 196 144
-0.00854094 -0.00352787 0.0148069 186 184 128
-0.00327346 -0.00180081 0.0090915 202 206 157
-0.00799626 -0.00205709 0.0138339 191 188 135
-0.00456053 -0.00471868 0.0136301 200 202 152
-0.00453456 -0.00411281 0.013261 198 200 148
-0.00717169 -0.00350709 0.0104156 200 198 146
-0.00374075 -0.00362772 0.0109203 201 202 153
-0.00290778 -0.00330742 0.0102504 199 202 152
0.000135449 0.0051739 0.0114591 197 188 184
-0.00454721 0.00150193 0.00969115 141 110 106
-0.00408268 0.00112296 0.00980571 54 57 33
-0.00614089 0.00103179 0.0103055 118 73 48
-0.0044575 0.00114719 0.00957726 22 13 6
-0.00416587 0.0013225 0.00960218 102 82 62
-0.00558432 0.00081727 0.00861015 78 88 50
-0.00429811 0.0011814 0.00956614 54 44 28
-0.00360965 0.000324696 0.010538 43 45 22
-0.00347075 0.000271664 0.010653 46 45 24
-0.00615277 0.00195623 0.00767732 83 66 52
-0.00368199 0.00087698 0.010222 24 10 6
-0.00334423 -0.00340917 0.0112585 129 136 94
-0.00465285 0.00169612 0.00988997 94 57 56
-0.00473999 0.00177534 0.00992022 74 40 35
-0.00453797 0.00121863 0.00943256 86 44 33
-0.00432044 0.00102106 0.0096507 46 48 29
-0.00387174 0.00101884 0.00994583 50 48 32
-0.00410529 0.000880149 0.0099779 64 62 42
-0.00450669 0.00114522 0.00962133 22 14 10
-0.00603589 0.00134756 0.0106225 76 38 26
-0.00418649 0.00049464 0.010815 64 60 38
-0.00435199 0.000939203 0.00972692 47 50 30
-0.00379739 0.000404413 0.010736 54 54 31
-0.00349229 0.000970671 0.0100596 130 87 63
-0.00639927 -0.000826036 0.0110138 182 185 140
-0.00471946 0.000972529 0.00951727 36 36 27
-0.0040929 0.000944083 0.00982094 58 58 36
-0.00593227 0.000706326 0.00959382 29 18 13
-0.00554498 -0.000546866 0.0102227 82 86 54
-0.00407596 0.00106388 0.0098066 53 56 32
-0.00346929 0.00108018 0.00998411 148 107 76
-0.00621225 -0.00071137 0.0109581 189 192 146
-0.00609463 0.00155309 0.0117802 98 54 41
-0.00481727 0.00126428 0.00953174 56 22 14
-0.00484611 0.000902961 0.00954675 82 64 48
-0.00612932 0.00146018 0.0114725 98 54 39
-0.00539379 -0.00237953 0.0110206 104 110 73
-0.00477753 0.000913843 0.00958646 27 24 14
-0.00362615 0.000137731 0.0109066 102 79 42
-0.00355944 -0.000639094 0.00719856 100 102 80
-0.00293232 -0.000296047 0.0106106 186 198 157
-0.00534354 -0.00241219 0.0110717 92 102 66
-0.00458731 0.00144047 0.00973813 166 130 118
-0.00374059 0.00055461 0.0103696 36 15 6
-0.00327603 0.000486133 0.0106816 114 90 58
-0.00559536 0.000761 0.00858556 76 88 48
-0.0045151 0.000913319 0.00988339 38 42 25
-0.00598136 0.000719657 0.0101788 80 36 22
-0.00575101 -0.00344581 0.0118929 120 121 87
-0.00375174 0.000480035 0.0106378 52 52 34
-0.00585934 0.000810964 0.00892306 14 9 6
-0.00477009 0.00126287 0.00952677 90 55 47
-0.00728294 -0.000994493 0.0112809 144 142 95
-0.0039837 0.000393482 0.0107656 60 60 38
-0.00159749 -0.00195269 0.00857418 189 192 144
-0.00344951 6.11387e-05 0.0108253 181 198 156
-0.00587277 0.00153521 0.00802564 100 108 87
-0.00692415 -0.000921902 0.0112473 80 81 48
-0.00442189 0.00128956 0.00947904 104 64 42
-0.00451498 0.0018703 0.010078 107 66 64
-0.00680512 -0.00185232 0.00998081 110 108 86
-0.00314715 0.000152471 0.0105526 55 63 34
-0.00376897 0.000896337 0.0102038 26 12 6
-0.00555214 -0.00296405 0.0114858 91 100 64
-0.00546369 -0.000613177 0.0104282 97 100 69
-0.00713772 -0.000894922 0.0109597 178 176 130
-0.0029446 0.000152643 0.0101995 187 199 155
-0.00735822 -0.00255173 0.0100204 94 96 72
-0.00562712 -0.00280698 0.0112747 94 99 62
-0.00309543 0.000284341 0.0102074 185 198 155
-0.0060314 0.00111769 0.0102261 121 76 54
-0.00541347 -0.00264165 0.0112729 94 102 67
-0.0042668 0.000874075 0.0098046 57 60 38
-0.00571379 -0.00297111 0.0115516 189 190 140
-0.00286324 -0.000351806 0.0105806 187 198 159
-0.00436422 0.000573057 0.0105712 51 54 33
-0.00542213 -0.000479791 0.0102219 78 84 54
-0.00361838 -0.00196285 0.0102914 104 116 68
-0.00791819 -0.0029728 0.00986808 188 186 134
-0.00468428 -0.000412231 0.0100794 151 146 117
-0.00704219 -0.000895352 0.0114273 180 180 128
-0.00419521 0.000451619 0.0107989 36 23 8
-0.00666272 -0.00183684 0.0101253 82 82 60
-0.00543825 -0.00221736 0.0108222 84 97 56
-0.00647675 -0.00148615 0.010025 91 92 70
-0.00569153 0.00111858 0.0083076 73 86 52
-0.00608043 -0.00137893 0.0102518 87 88 67
-0.00542329 -0.00181927 0.0106107 91 102 58
-0.00557197 -0.00202692 0.0108181 183 188 141
-0.00337734 -0.000548795 0.00721518 189 194 148
-0.00553086 -0.000719319 0.0103125 82 86 51
-0.00633054 -0.00164723 0.0101732 94 96 72
-0.00636914 -0.00166722 0.0101248 88 88 66
-0.00672858 -0.00175621 0.0100029 94 92 66
-0.00324681 -0.000528762 0.00728377 190 194 149
-0.00473031 -0.00117711 0.0101834 193 200 152
-0.0069159 -0.00205936 0.0099066 84 87 64
-0.00705664 -0.00108614 0.0111298 126 126 76
-0.00634788 -0.00362764 0.012001 190 188 136
-0.00627092 -0.00157426 0.0101813 94 95 74
-0.00647333 -0.00158496 0.0100532 86 90 68
-0.00654077 -0.00158966 0.00999345 74 78 50
-0.00633842 -0.00156522 0.0101408 90 91 68
-0.00677728 -0.00101956 0.0109781 184 185 134
-0.00666283 -0.000996458 0.0111265 184 186 135
-0.00739866 -0.00243881 0.00989404 181 178 130
-0.00677109 -0.00222294 0.0101928 186 186 136
-0.00686907 -0.00107292 0.00943732 187 190 139
-0.00595915 -0.000935683 0.0103535 88 92 67
-0.00606252 -0.00133391 0.0101565 98 98 75
-0.00649454 -0.00142886 0.0101526 112 110 84
-0.00620591 -0.0014561 0.0101294 80 86 62
-0.00661988 -0.00154502 0.00998051 106 100 76
-0.00354061 -0.00180024 0.0102628 188 194 147
-0.00628882 -0.00139619 0.0100843 88 91 68
-0.00687743 -0.00109185 0.0108341 182 184 133
-0.0067461 -0.00152618 0.0100847 185 188 138
-0.00708515 -0.00340326 0.0112519 187 186 132
-0.00329266 0.000499711 0.0100092 158 156 116
-0.00292136 0.000136506 0.0101267 188 196 154
-0.00295843 -0.000236181 0.0106044 178 188 143
-0.00318179 5.01135e-05 0.0106134 54 58 28
-0.00436288 0.000837826 0.00992532 60 62 38
-0.00454375 0.00176019 0.00993095 96 58 54
-0.00510008 -0.000356928 0.0101288 108 104 56
-0.00283077 -0.000275251 0.0106391 184 197 155
-0.00373712 0.000590223 0.0107109 44 41 30
-0.00284669 -0.000238604 0.0105205 166 176 138
-0.00444333 0.00137299 0.00960666 182 142 122
-0.00481596 0.00108563 0.00933162 64 40 30
-0.0044225 0.000802991 0.00998704 64 66 46
-0.00205521 -0.00140785 0.00899619 103 98 74
-0.00525533 0.000751417 0.0127121 29 22 13
-0.00279108 -0.000297247 0.0104342 98 104 62
-0.00376764 0.000833773 0.0102788 30 14 8
-0.00303764 3.38988e-05 0.0104652 64 68 34
-0.00412186 0.000459181 0.0107509 64 62 42
-0.00741501 -0.000724547 0.0111948 178 174 118
-0.00528615 -0.00165709 0.0106572 95 109 66
-0.00655414 1.16908e-05 0.0104977 152 116 84
-0.00473079 0.00112848 0.00946299 70 49 38
-0.00215893 -0.00137716 0.00894232 106 102 76
-0.0047362 0.00125802 0.00953318 86 52 38
-0.00402388 0.0006499 0.0105477 50 50 35
-0.00457161 0.000880606 0.00996057 43 46 28
-0.00566811 0.000853992 0.00859419 72 82 40
-0.0053704 -0.00179542 0.0106072 92 104 60
-0.00728538 -0.00257958 0.00995971 132 132 113
-0.00288972 -0.000280412 0.0106413 184 197 156
-0.00513351 -0.00119616 0.0104631 102 112 70
-0.00377661 0.000311438 0.0107019 62 62 34
-0.00412843 0.000355854 0.0107289 31 14 7
-0.00462994 0.000870276 0.00990784 38 40 24
-0.00470428 0.000722 0.0098923 62 62 44
-0.00283374 -2.0674e-05 0.0102924 96 78 48
-0.00622366 -0.000570222 0.0111999 72 72 48
-0.00558883 0.000693744 0.00872862 74 88 44
-0.00338519 0.000342003 0.0106021 56 50 26
-0.00578441 0.00120708 0.00834072 66 76 42
-0.00406381 0.000369302 0.0107073 34 19 8
-0.00562226 -0.000568755 0.0102725 80 86 54
-0.0054157 -0.000632471 0.01041 79 84 52
-0.00526071 -0.00177786 0.0106591 102 114 72
-0.00616359 -0.00128695 0.0101292 90 93 71
-0.00530797 -0.00079212 0.0106243 191 198 152
-0.00686985 -0.00175538 0.00998648 184 185 138
-0.00687383 -0.00211003 0.00999321 96 100 80
-0.00645198 -0.00135184 0.010087 98 98 70
-0.00564627 0.00299161 0.0116467 66 26 19
-0.00726131 -0.00253352 0.00992643 108 108 93
-0.00693992 -0.000316977 0.0108652 178 178 126
-0.00605443 -0.00120974 0.0101345 86 87 64
-0.00933032 -0.000349622 0.0115224 167 161 102
-0.00821437 -0.00091513 0.0108844 178 173 113
-0.00814203 -0.000648384 0.0110555 177 171 110
-0.00971336 -0.000430439 0.0110094 172 168 111
-0.0064873 -0.00375315 0.0121861 188 187 134
-0.00838038 -0.00102644 0.0104548 180 176 117
-0.00899978 -0.00100229 0.0108635 179 174 115
-0.00835367 0.00181327 0.00801274 192 182 174
-0.00985727 -0.000543424 0.00987528 182 178 126
-0.00857483 -0.00119426 0.00952203 180 176 118
-0.00888781 -0.000942114 0.0118315 179 174 114
-0.00896373 -0.00086546 0.0120524 178 172 110
0.000375951 0.00208885 0.0111107 196 188 178
-0.00542746 0.000643195 0.00872955 76 88 52
-0.00431909 -0.000284512 0.0110924 100 102 70
-0.004581 0.000965013 0.0097146 25 26 17
-0.00287906 0.000342504 0.0101804 193 178 154
-0.00713743 -0.000953329 0.0111095 136 132 88
-0.0055564 0.000921456 0.0114763 55 25 16
-0.00539062 0.000581297 0.00872996 77 90 56
-0.00431509 0.000909218 0.0097275 52 54 34
-0.00523484 -0.00135462 0.0105018 100 111 72
-0.00427997 0.000915236 0.00975069 62 62 42
-0.00392055 0.000472604 0.0106436 50 52 28
-0.00634624 -0.000632206 0.0110365 70 71 46
-0.00381843 -0.000798234 0.0115817 102 104 76
-0.00743982 -0.000960421 0.0112092 154 146 90
-0.0073156 -0.00111679 0.0109296 180 176 122
-0.00508985 -0.00148468 0.010474 100 111 66
-0.00750548 -0.000450976 0.0110382 178 175 119
-0.00688098 -0.000542452 0.0107937 179 178 126
-0.00685857 -0.000322186 0.0104109 178 178 125
-0.00786101 -0.0006602 0.0104166 178 174 114
-0.00656396 -0.00148075 0.0101418 132 132 102
-0.00708504 -0.00126372 0.0112966 180 180 128
-0.00951148 -0.00066151 0.0107798 180 177 121
-0.00767916 0.00179014 0.00823499 190 178 172
-0.00806847 0.00142679 0.00800867 189 178 169
-0.00522454 0.00232186 0.0117017 100 56 46
-0.00533979 0.00240267 0.0117343 92 48 37
-0.00422005 0.00103501 0.00960912 50 52 29
-0.00426377 -0.000479892 0.0106169 62 72 48
-0.00509096 0.00136414 0.0114809 170 132 114
-0.00570436 0.00132502 0.0111757 126 79 59
-0.00701822 -0.00228668 0.009925 92 95 70
-0.00427729 0.000944938 0.00967824 50 53 30
-0.00378362 0.000190514 0.0107925 48 22 11
-0.00516108 -0.00163442 0.0103896 94 106 63
-0.00720788 -0.00226988 0.00996906 130 124 95
-0.00739099 -0.00238342 0.00997979 181 179 130
-0.0071199 -0.00250064 0.00990042 183 180 124
-0.00729319 -0.00132467 0.00989882 181 181 128
-0.00777005 -0.00258173 0.0100511 184 182 129
-0.00817279 -0.000435252 0.0110929 174 170 106
-0.00811104 -0.00291907 0.00971651 184 183 132
-0.00787921 -0.00224435 0.00986516 182 180 124
-0.00833163 -0.002585 0.00979756 182 178 126
-0.00898723 -0.0017209 0.00818611 185 182 130
-0.0059468 0.0011681 0.0109004 178 134 105
-0.00475504 0.00101903 0.0113203 36 28 15
-0.00540119 0.00100751 0.0109621 90 56 46
-0.00528384 0.00106414 0.0110001 68 38 28
-0.00581941 0.00121704 0.0109758 176 134 106
-0.00406621 0.00042548 0.0107951 42 31 20
-0.00710837 -0.00217802 0.00994032 108 106 82
-0.00737976 -0.0024118 0.00993365 130 130 96
-0.00543337 0.00103892 0.0108845 94 57 46
-0.00918529 -0.000469969 0.0105258 183 178 120
-0.00900781 -0.000436584 0.0104969 180 175 116
-0.00533395 0.000803509 0.0109996 53 39 28
-0.00550784 0.000817282 0.0107536 28 18 12
-0.00544844 -0.000605412 0.0110974 81 84 64
-0.00496556 -0.000226121 0.0108075 95 98 72
-0.00563432 -0.000520286 0.0102701 80 84 54
-0.00501569 0.000812848 0.0110006 28 24 16
-0.00493651 0.000711641 0.0111694 30 30 19
-0.00463346 0.000704076 0.0108124 68 74 46
-0.00509665 0.00106338 0.0109044 26 16 10
-0.00747686 -0.00070909 0.0113624 182 178 121
-0.00586753 -0.000689055 0.00899236 186 189 137
-0.00568279 -0.00143794 0.00867061 179 180 132
-0.00816652 -0.000497023 0.0109856 178 174 110
-0.00828471 -0.000495958 0.0109896 178 174 110
-0.00728701 0.00101433 0.0105558 139 136 110
-0.00813172 -0.000463598 0.0110933 179 174 112
-0.000603364 -0.00237131 0.0153004 182 192 146
-0.00648266 0.00024776 0.0105222 129 111 80
-0.00496643 0.000725577 0.0108468 32 29 18
-0.00557914 0.00108801 0.0107067 76 36 25
-0.00253791 0.000554603 0.010034 172 188 149
-0.00756432 -0.00247965 0.00998076 184 180 130
-0.00419794 -0.000493345 0.0106875 52 62 42
-0.00536271 -0.000287122 0.0104684 90 90 59
-0.00227609 -0.00136313 0.00914632 129 132 90
-0.00587891 -0.000821315 0.0102253 79 82 58
-0.00620395 0.00074046 0.0106893 82 66 57
-0.00527919 0.000510507 0.0108183 58 64 56
-0.00772666 -0.00293146 0.0098759 72 79 48
-0.0055415 0.00246166 0.01188 96 44 33
-0.0063627 0.000573004 0.010679 69 70 50
-0.00633784 -0.00108569 0.0100327 164 164 121
-0.00475169 2.73317e-05 0.0106253 102 108 84
-0.00654298 -0.00156541 0.0100827 82 82 60
-0.00622523 -0.0013599 0.0101104 86 87 66
-0.00756814 -0.0025936 0.0100802 186 183 131
-0.0066528 -0.00151823 0.0101671 178 176 132
-0.00722347 -0.00176512 0.0099937 186 184 131
-0.00351703 0.000346102 0.0107337 52 50 30
-0.00367871 0.000705645 0.0103528 26 11 4
-0.00519209 -0.000665332 0.0101287 99 102 58
-0.00566636 0.00059339 0.0109312 32 32 20
-0.00511396 -0.000570977 0.0101371 102 105 60
-0.00569743 0.00126476 0.0111049 136 92 75
-0.00468753 -9.22961e-05 0.0107609 98 102 74
-0.00542729 0.000638216 0.0109232 22 16 9
-0.00350017 0.00106851 0.0105784 112 94 70
-0.00468456 -0.000153788 0.0107396 108 112 82
-0.00515512 0.00105155 0.011027 58 30 23
-0.00604283 0.00110705 0.0109712 146 98 72
-0.0064992 -0.000603024 0.0109681 66 57 36
-0.00656599 -0.000724884 0.010884 73 70 44
-0.00709855 -0.000983237 0.0112118 128 126 87
-0.00565116 -0.000461035 0.0102439 82 85 56
-0.00518001 -0.00156383 0.0105861 94 108 64
-0.0064064 -0.00115562 0.00995606 190 190 143
-0.00244008 -0.00240721 0.00986729 192 196 145
-0.00513128 0.00108541 0.0114968 83 40 24
-0.0039356 0.000566123 0.0106534 48 48 32
-0.00638861 -0.00027869 0.0106915 160 138 91
-0.00367336 0.000437053 0.0106739 54 52 33
-0.00389633 0.000321406 0.0106975 69 60 40
-0.00760386 -0.00290308 0.0100971 91 93 62
-0.00760948 -0.00285081 0.0100614 137 138 98
-0.00529369 0.0010177 0.0115 84 44 32
-0.00550833 0.000936381 0.0113547 87 40 31
-0.00341656 -0.00331557 0.0112122 190 193 146
-0.00391568 0.000411098 0.0106328 56 56 34
-0.00554059 0.000806029 0.00859004 80 94 54
-0.00506741 -0.000697166 0.0101761 115 118 72
-0.00396204 0.000108312 0.0105438 60 29 16
-0.00510755 -0.00149722 0.0104196 98 110 64
-0.00518076 -0.00151668 0.0106302 98 112 71
-0.00512706 -0.00142186 0.0105087 123 130 92
-0.00350672 -0.00328092 0.0111928 190 195 141
-0.00726525 -0.002326 0.0100367 186 184 132
-0.00721852 -0.00221304 0.00993931 186 184 132
-0.00226551 -0.00142597 0.00913743 102 104 67
-0.00794505 -0.00289518 0.00981594 187 186 132
-0.00635428 -0.0013261 0.0101927 86 88 64
-0.00803787 -0.00295914 0.00998924 186 186 134
-0.00789509 -0.00268792 0.0100364 186 186 132
-0.00809152 -0.00256045 0.00978615 184 184 133
-0.00818207 -0.00262571 0.0095951 184 185 134
-0.00676405 -0.00107727 0.0101086 186 188 136
-0.0069231 -0.00123875 0.00986172 184 184 130
-0.00213393 -0.00235102 0.00907129 188 192 138
-0.00490245 0.00160094 0.00978064 72 43 34
-0.00420552 0.000748867 0.0100917 48 38 22
-0.00574346 0.000643099 0.00899621 20 16 10
-0.00380012 0.00228184 0.00897278 188 180 173
-0.00481191 0.00158483 0.00976626 78 50 47
-0.00365431 0.000514942 0.0105037 54 48 31
-0.00433014 0.000671375 0.0101747 52 53 33
-0.00584482 0.000435017 0.00957236 66 70 60
-0.00468563 0.00152056 0.00970777 126 92 89
-0.00396538 0.000839271 0.0102148 32 20 13
-0.0060362 -0.00369426 0.0119418 191 190 138
-0.00267011 -0.000423539 0.0104514 183 192 146
-0.00489169 0.00152731 0.00977354 130 95 88
-0.00493754 0.00136701 0.00958678 162 122 113
-0.00481618 0.00144907 0.00964548 138 102 96
-0.00383689 0.000871755 0.0101878 28 14 8
-0.00424596 0.000720875 0.0102612 41 41 25
-0.00545043 0.000478818 0.00889607 83 94 50
-0.00730682 -0.000720389 0.0116261 179 178 121
-0.00346925 0.000563106 0.0105987 41 18 10
-0.00486733 0.0013743 0.00958417 173 141 132
-0.00356682 0.000717511 0.010505 38 18 10
-0.00621679 0.000730647 0.0101404 100 73 52
-0.00419683 -1.16511e-05 0.0102572 85 87 73
-0.00375054 0.000731888 0.010411 26 10 6
-0.00542608 0.000418921 0.00885386 88 98 55
-0.00588714 -0.000483148 0.0117683 65 68 46
-0.00510184 -0.00155664 0.0103105 98 109 66
-0.0037985 0.000433482 0.0106922 52 52 30
-0.00387811 0.000425873 0.0107009 56 58 36
-0.005183 -0.00160587 0.0101816 95 106 64
-0.0051016 -0.000630423 0.0100506 132 128 82
-0.00549396 -0.0017586 0.0107159 192 196 144
-0.00538774 -0.00174816 0.0105382 104 112 68
-0.00771679 -0.00275584 0.0100386 188 187 134
-0.00678424 -0.00170863 0.0101791 184 188 138
-0.0053875 -0.0012182 0.0105149 192 198 148
-0.00741132 -0.00115205 0.0112537 180 179 124
-0.00545885 -0.00339933 0.0115244 188 190 139
-0.00488121 -0.00292229 0.0110747 185 190 140
-0.00271635 0.00289221 0.00882808 190 182 176
-0.00246157 -0.00227003 0.00846815 187 189 138
-0.00365285 0.00232685 0.00879793 206 198 192
-0.00590717 -0.00375978 0.0122786 202 202 150
-0.00541388 0.0024967 0.0100494 73 80 52
-0.0034463 0.000775116 0.0102684 38 18 9
-0.0055369 0.00131407 0.00840738 127 105 80
-0.00347113 0.000760946 0.0102763 36 18 11
-0.00350692 0.000894246 0.0100932 65 38 21
-0.00519681 -0.000282953 0.0117346 117 92 64
-0.00582096 0.000879185 0.00981971 102 52 34
-0.00487859 0.00145184 0.00972553 190 155 147
-0.0038235 0.00107247 0.00958374 105 88 70
-0.00352695 -0.000135688 0.0114868 176 172 146
-0.00448534 0.00113535 0.00969954 19 12 9
-0.00456218 0.0012896 0.00946062 194 162 148
-0.00620951 0.000639669 0.0102662 127 103 90
-0.00633832 0.000570063 0.0103381 167 134 125
-0.00595669 0.000476167 0.0101111 33 20 12
-0.00314812 0.000471361 0.00991452 196 202 160
-0.00652761 -0.000191278 0.0104501 163 120 86
-0.00324971 0.000542496 0.0107309 53 29 12
-0.00528158 -0.00030724 0.0119804 97 74 49
-0.00292201 0.000141337 0.0101239 198 207 166
-0.00355084 0.000913263 0.0102383 33 16 8
-0.00429265 0.000687559 0.0104436 53 56 36
-0.00426576 0.00124288 0.00953384 48 38 27
-0.00507046 0.0011342 0.00945446 110 83 71
-0.00483789 0.00171042 0.00989317 84 52 50
-0.00338312 0.000931046 0.0100675 156 120 98
-0.00389311 0.000220609 0.0109016 58 24 13
-0.00344946 -0.000179994 0.0114134 188 190 158
-0.00645779 -0.000436495 0.0106918 140 112 86
-0.00601572 0.00101823 0.0100718 190 146 115
-0.00800402 0.00174467 0.00807433 200 190 182
-0.00516905 -0.000301191 0.00985744 132 130 82
-0.00585505 -0.00010983 0.0112937 113 96 76
-0.00594073 0.000384306 0.00994217 76 77 64
-0.00451329 0.000828487 0.00965671 64 66 44
-0.00453762 0.0030108 0.0112545 106 60 56
-0.00492188 0.000941197 0.00941707 78 60 45
-0.00431765 0.00102175 0.00970114 50 54 35
-0.00465595 0.00242619 0.0105486 120 79 76
-0.0046606 0.00283937 0.0109476 127 104 91
-0.00459147 0.000615186 0.010259 67 65 47
-0.00390415 0.000833814 0.0104782 62 52 35
-0.00386275 0.000768119 0.0105682 44 26 14
-0.00295759 0.000855539 0.00988989 174 182 139
-0.00402745 0.00105395 0.00971471 60 61 40
-0.00376645 0.000669421 0.0109969 51 44 34
-0.00620691 0.000576562 0.0102872 84 66 58
-0.00554783 0.000304965 0.00976517 102 104 94
-0.00604106 0.0014729 0.0080671 85 52 42
-0.00371281 0.000346155 0.0107175 62 62 34
-0.00462606 1.89131e-05 0.0100875 118 120 106
-0.00482492 0.00250772 0.0104082 96 74 60
-0.00413207 0.0021768 0.0106113 118 84 78
-0.00390879 0.000568314 0.0106572 54 54 36
-0.00583838 0.00206166 0.0108528 90 42 28
-0.0057244 -6.07856e-05 0.0117541 58 46 28
-0.00597674 0.000965921 0.0101486 174 131 98
-0.00352439 0.000696091 0.0109281 34 16 8
-0.00420221 0.000810611 0.0101446 69 70 49
-0.00461066 0.00101206 0.00952649 20 17 9
-0.00341926 0.000249947 0.0108051 48 49 27
-0.00364028 0.000137553 0.0108378 121 100 63
-0.00345229 0.000371975 0.0107927 52 52 32
-0.00464638 0.00201533 0.0101445 116 82 80
-0.00593241 0.000496706 0.00849929 66 68 59
-0.00417995 0.00134111 0.00961729 162 134 124
-0.00330305 0.000442167 0.0107724 62 36 16
-0.00595103 0.00224229 0.0118202 122 67 46
-0.0034338 0.000183401 0.0107757 55 58 32
-0.00470577 0.00228131 0.0103519 126 84 80
-0.005874 0.00105861 0.0084309 165 124 104
-0.00473779 0.00230691 0.0104079 112 79 73
-0.00578687 0.00174743 0.0111251 114 72 52
-0.00718738 -0.00232902 0.00984901 87 89 66
-0.00387838 0.000409586 0.0107559 62 62 37
-0.00580691 -0.00332171 0.0116979 202 200 150
-0.00432231 0.00118968 0.0095738 34 22 14
-0.00450813 0.00115882 0.00968963 32 16 8
-0.00588441 0.00161461 0.0110161 92 47 33
-0.0043055 -0.000903253 0.0104578 156 155 116
-0.0042345 0.00134983 0.00957466 174 142 134
-0.00516359 -0.000325868 0.0121091 100 74 46
-0.0038005 0.00206348 0.0108558 116 84 81
-0.00594605 0.00125968 0.00823889 88 45 36
-0.00492826 0.00115828 0.00947334 90 58 50
-0.00388932 0.0017041 0.0102241 116 85 84
-0.00153676 -0.00224277 0.00838979 200 200 152
-0.00557314 0.000907483 0.00864784 80 92 54
-0.00296475 -9.67605e-05 0.0105292 60 67 34
-0.00576607 0.00079675 0.0105683 104 50 30
-0.00431439 0.000546188 0.010633 68 66 44
-0.00478204 0.00125991 0.00952567 79 46 34
-0.00306561 0.00082622 0.0100461 181 182 154
-0.00351382 0.000762342 0.0104917 33 16 10
-0.00578421 0.000398534 0.00926153 83 90 82
-0.00406041 0.00184936 0.0102813 80 54 48
-0.00684772 -0.000971342 0.0111048 87 87 56
-0.00424335 0.000859835 0.00984597 66 67 46
-0.00344879 0.000768699 0.0104737 37 16 9
-0.00421159 0.00180322 0.0101448 100 64 62
-0.00552172 5.94881e-05 0.0111536 63 66 44
-0.00275056 0.000897666 0.011019 174 133 120
-0.00602388 0.000596706 0.0100481 51 26 14
-0.00283304 -0.000374502 0.0104954 196 207 164
-0.00364637 0.000824735 0.0102328 30 15 8
-0.0044757 0.00122272 0.00954598 72 36 28
-0.00521386 0.00122862 0.00907207 146 114 98
-0.00581241 -0.00342559 0.0117438 202 200 152
-0.00382236 0.000528594 0.0106592 60 60 40
-0.00484263 0.00141739 0.00967394 178 144 134
-0.00516637 -0.000417968 0.0101059 107 105 52
-0.00611391 0.00147346 0.0112068 114 71 49
-0.00317287 0.000131058 0.0108651 54 58 28
-0.00566139 0.00139375 0.00821918 88 97 76
-0.00440082 0.00164434 0.00974086 67 36 32
-0.00420338 0.00272177 0.0110529 121 76 72
-0.00376154 0.000162558 0.0108733 62 28 15
-0.00593098 0.00159014 0.0105419 91 45 28
-0.00464572 -0.000283733 0.0102297 99 104 68
-0.00507319 0.00303557 0.0111024 114 60 47
-0.00562362 0.000780311 0.00866363 86 94 52
-0.00343638 0.000967806 0.0101678 104 66 43
-0.00539351 2.67003e-06 0.0110863 80 75 50
-0.00343749 0.000560696 0.0106807 38 18 9
-0.00490176 -0.000235531 0.00999871 130 131 82
-0.00355375 0.00071861 0.0104026 36 16 10
-0.00586614 0.00143836 0.00809666 76 86 57
-0.00649479 -0.000366616 0.0105978 162 128 105
-0.00398657 0.00111583 0.00945535 61 62 39
-0.00575607 -0.000639049 0.0102884 118 120 90
-0.00474998 0.00167088 0.00965863 98 59 56
-0.00389984 0.000420711 0.0107961 62 63 38
-0.00422794 0.00137787 0.00973046 194 158 148
-0.00580238 0.000644287 0.0103765 26 14 8
-0.00638961 -0.000806054 0.0110602 92 92 58
-0.00680786 -0.00184218 0.0099 104 100 77
-0.00373197 0.000287483 0.0109095 74 71 43
-0.00296513 -0.00011482 0.0108607 70 70 38
-0.00502543 0.000748231 0.00936429 100 103 88
-0.00612237 -0.000243163 0.0114771 100 70 41
-0.00398646 0.000185598 0.0108322 64 33 22
-0.00394409 0.0013801 0.0088516 50 57 32
-0.00377899 0.000499996 0.0106516 58 58 36
-0.00464554 0.00113265 0.00961789 74 52 48
-0.00346434 0.00109672 0.00998562 102 70 43
-0.00395791 0.000556157 0.0107131 50 52 32
-0.005854 0.00152729 0.00800693 98 108 87
-0.00540221 3.27008e-06 0.011415 64 66 42
-0.00376229 0.00205734 0.00865999 206 199 190
-0.00462119 0.00221148 0.0103313 111 76 73
-0.00695194 0.000315153 0.00891613 178 181 132
-0.00418694 0.001136 0.00952747 52 52 31
-0.00598833 0.00109455 0.0105037 144 92 68
-0.00604436 0.00167962 0.007899 74 84 48
-0.00710091 -0.00225774 0.00989717 152 144 124
-0.00595988 0.000476576 0.00878332 69 70 60
-0.00318618 1.63631e-05 0.010863 59 60 32
-0.00671196 -0.000910728 0.0109532 91 94 60
-0.00573853 0.000844612 0.010391 105 50 36
-0.00583825 0.00137495 0.0104336 93 46 32
-0.00345971 0.00106461 0.00998223 124 88 60
-0.00459188 0.00223582 0.0101458 116 81 78
-0.00390769 0.00184412 0.00870965 206 200 189
-0.00357629 0.000236274 0.0108262 64 62 39
-0.00384805 0.00152606 0.00882213 64 70 44
-0.00550685 0.000617565 0.00875041 84 97 52
-0.00732143 0.000752994 0.0084884 96 102 86
-0.0038833 0.00177221 0.0105188 108 80 78
-0.00364865 0.000677915 0.0108539 27 16 8
-0.00635024 -0.000776855 0.0110869 88 90 60
-0.00543195 0.00047099 0.00874272 90 102 58
-0.00772937 -0.00289734 0.0096574 150 150 109
-0.00587871 0.000880322 0.00974549 103 50 32
-0.00786932 0.00148031 0.00804997 185 178 167
-0.00389587 0.00145318 0.00883712 58 65 41
-0.00306426 0.000404975 0.0100786 196 208 166
-0.00352179 -0.000171697 0.0114242 164 168 138
-0.00734765 0.00083593 0.00821978 158 156 138
-0.0067661 -0.000922413 0.0109744 94 94 64
-0.00303774 -0.00260506 0.0103909 100 114 70
-0.00543023 0.000509771 0.00874477 88 102 55
-0.00597175 -0.0037195 0.0119349 200 199 146
-0.00382173 0.00233849 0.00903802 204 196 189
-0.00316241 0.000477685 0.0109267 84 57 30
-0.00341484 5.44241e-05 0.0109341 194 208 166
-0.00527503 -8.69637e-05 0.00971951 126 128 86
-0.00584043 0.00175012 0.00801961 64 55 34
-0.00318031 -0.00250652 0.0103778 102 114 70
-0.00727266 0.00078375 0.00832215 148 148 132
-0.00616424 0.00173899 0.0112281 101 58 36
-0.0066084 -0.000851396 0.0112547 89 88 58
-0.00592205 0.0017534 0.0109284 84 45 32
-0.00540957 -0.000280718 0.0119829 88 84 60
-0.00616466 0.000677006 0.0102791 69 44 32
-0.00359263 3.6654e-05 0.0108272 194 208 166
-0.00600638 0.00176867 0.0112323 114 70 52
-0.00556054 -7.1659e-05 0.0114116 72 72 50
-0.00443943 0.00158905 0.0099152 106 69 68
-0.00334138 0.000513836 0.0099396 196 206 164
-0.00403813 -0.00190241 0.0108568 204 206 160
-0.00512652 -9.63865e-05 0.00983954 126 129 86
-0.00443649 -0.000874679 0.0103776 152 150 100
-0.0031969 0.00066822 0.0100138 134 102 78
-0.00538689 2.61276e-05 0.00943518 114 118 74
-0.00425811 0.000659866 0.0107203 57 58 35
-0.00530725 -0.000291694 0.0102082 98 100 60
-0.00560761 0.000677158 0.00865591 84 96 52
-0.00355561 0.000100703 0.0108142 194 204 166
-0.0055392 0.000502674 0.0088157 92 100 57
-0.00544559 -0.000308226 0.010151 92 96 62
-0.0040046 0.000315029 0.010766 58 24 14
-0.00456591 0.00232896 0.0103251 103 66 64
-0.0059248 0.00105213 0.00837657 176 134 114
-0.00336941 1.3197e-05 0.0107803 194 206 164
-0.00507249 -0.000528441 0.0101784 138 134 82
-0.00399551 0.00138249 0.00908085 53 60 38
-0.00399679 0.000375878 0.0109308 36 20 7
-0.00765894 0.00111348 0.00810911 130 132 116
-0.00271711 -0.000554328 0.0102126 198 206 162
-0.00579484 0.00112292 0.00844037 126 118 91
-0.0037524 0.000615608 0.0105606 26 12 8
-0.00756905 0.00106541 0.00811814 192 184 163
-0.00585121 -0.000661409 0.0104531 193 198 156
-0.00354802 -2.66964e-06 0.011523 111 81 65
-0.00610636 0.000801324 0.0101355 102 83 77
-0.00298577 0.000742254 0.0102025 190 176 154
-0.00599918 0.00206304 0.0118052 106 52 34
-0.00451728 0.000854343 0.00982148 58 62 40
-0.00431803 0.000765047 0.010212 76 78 57
-0.003747 0.000254298 0.0107975 82 74 46
-0.00546484 0.000589639 0.00869494 84 98 52
-0.00388262 0.0014147 0.0089024 51 58 32
-0.0069133 -0.00207158 0.00992426 90 92 66
-0.00579044 0.00127854 0.00817628 76 88 58
-0.00375835 0.000756577 0.0106658 35 18 10
-0.00702618 -0.000856721 0.0110988 193 194 141
-0.00332496 -0.00236215 0.0104926 106 118 69
-0.00585755 0.000520849 0.0103731 50 34 24
-0.00599283 0.00201069 0.012161 94 47 30
-0.00751606 0.00086365 0.00819872 86 96 69
-0.00397471 0.000387051 0.0107851 63 63 37
-0.00477805 -0.000714209 0.0103297 122 128 70
-0.00293279 0.000771846 0.0101848 186 192 156
-0.00381989 0.0015523 0.0100132 118 90 87
0.00182817 0.00125562 0.0128596 191 193 152
-0.0059532 0.00087117 0.010141 70 30 16
-0.00508558 -0.000137773 0.00962436 126 128 82
-0.00597129 -0.000729021 0.0101762 137 138 104
-0.00451648 -0.000331601 0.0085646 88 88 76
-0.0059182 0.00128419 0.00818859 100 72 50
-0.00682295 -0.00187769 0.0099283 110 108 84
-0.00568674 0.00101697 0.00857093 73 86 48
-0.00394058 0.00142935 0.00906519 54 59 34
-0.00499477 -0.00020366 0.00984489 128 128 81
-0.00580423 0.000718066 0.010382 35 21 15
-0.00424979 0.0024356 0.0106894 88 59 58
-0.00557315 -0.0031173 0.011733 112 116 78
-0.00550137 -0.000807804 0.0104446 100 102 69
-0.00467677 0.000732159 0.00993034 78 79 55
-0.00701228 -0.00206083 0.00991469 161 157 119
-0.00459639 -0.000989438 0.0101 152 150 97
-0.004062 0.00108789 0.00960048 61 64 42
-0.00754026 -0.000743074 0.011262 186 184 124
-0.00440028 0.00297346 0.0111113 121 78 76
-0.00478821 -6.02482e-05 0.00943658 82 91 70
-0.00360164 7.74318e-05 0.0111373 142 112 76
-0.00388016 0.0014891 0.00897414 59 67 41
-0.00548062 -0.00212726 0.0107444 93 104 62
-0.0067037 -0.00199721 0.0100167 93 94 72
-0.00381332 0.00222679 0.0109306 120 86 82
-0.00704245 0.000216466 0.00984696 178 183 130
-0.00381391 0.00163125 0.00874242 65 70 46
-0.00366974 -0.00257796 0.0112262 200 202 156
-0.00407701 -0.00141999 0.0102769 138 142 90
0.0020537 0.00121229 0.0125191 200 204 158
-0.00706595 0.000140449 0.0102361 183 188 138
-0.00387028 0.0016153 0.00883065 60 64 38
-0.00591928 0.0014019 0.00850653 82 46 38
-0.0058449 -0.000908486 0.0102195 102 103 80
-0.0030381 0.000733121 0.00961287 194 204 162
-0.00667712 -0.00166726 0.00993794 98 98 76
-0.00705483 -0.000722261 0.0111416 193 194 142
-0.00712305 0.000240875 0.00975861 168 172 122
-0.00726289 0.000446159 0.00833794 198 192 171
-0.00765835 -0.000881516 0.011311 186 180 120
-0.00528142 -0.00183232 0.0109603 106 114 67
-0.00768539 0.00123488 0.00802676 196 186 168
-0.00591591 -0.000592609 0.0109335 200 207 159
-0.00687712 -0.00211408 0.00992045 106 106 81
-0.00326909 0.000939689 0.00929458 204 200 186
-0.00690404 0.000197571 0.00986304 184 190 138
-0.00345327 -0.0023334 0.0104211 196 202 156
-0.00607949 0.00220855 0.011934 88 47 32
-0.00664713 -0.00156686 0.00993877 167 166 131
-0.00759246 -0.000931111 0.0112012 162 146 96
-0.00641882 -0.00156937 0.0100996 97 98 78
-0.00607957 -0.000757576 0.0111151 199 205 156
-0.00677425 -0.0017335 0.00999191 162 162 121
-0.00610101 -0.00142485 0.0102832 100 101 76
-0.00731407 -0.00269334 0.00984205 188 185 139
-0.00926268 -7.34908e-05 0.0105424 166 160 106
-0.00649257 -0.00163197 0.0100998 90 90 67
-0.00674971 -0.000285271 0.0105031 194 198 148
-0.00301591 0.000400166 0.00936631 200 210 167
-0.00372589 0.00248491 0.00851488 206 198 192
-0.0074987 -0.000653806 0.0112588 187 184 125
-0.000890331 0.000992539 0.0106862 196 202 155
-0.006846 -0.00173979 0.00999179 198 200 147
-0.00732917 -0.000198159 0.0146316 172 172 120
-0.0063824 -0.00126787 0.0100133 100 100 76
-0.00814612 -1.59744e-05 0.0111484 165 158 94
-0.00931874 -2.82134e-05 0.010512 162 158 102
-0.00448537 0.00340388 0.0115579 139 110 106
-0.00760541 0.000326332 0.00780175 166 164 106
-0.00664508 -0.0021311 0.0101405 188 188 140
-0.00757099 -0.00103489 0.0115491 166 148 98
-0.00251024 0.000338046 0.0103349 199 202 163
-0.00946979 -0.000584904 0.016286 166 160 100
-0.00928498 -0.00053067 0.0154039 171 166 104
-0.00741969 -0.000546941 0.0139866 188 186 128
-0.00696794 -0.00130157 0.0115712 194 196 142
-0.00678039 -0.00165758 0.010003 197 198 148
-0.00664942 -0.00151965 0.0100653 196 199 152
-0.00695244 -0.00138621 0.0121865 192 192 140
-0.00740689 -0.000336234 0.013672 185 184 130
-0.0021495 0.000297713 0.0103965 200 211 167
-0.00723045 -0.000253465 0.0125225 189 190 139
-0.00467932 0.00332908 0.010978 150 124 122
-0.0104484 -0.000243161 0.0127676 200 188 171
-0.00802691 -0.00282745 0.0096612 198 196 143
-0.00952498 -0.000462026 0.0154576 162 156 97
-0.00877393 -0.000308345 0.0133535 172 166 102
-0.00668948 -0.00240261 0.00985635 198 198 145
-0.0107133 -0.000540943 0.0127109 179 174 118
-0.00924011 -3.38791e-05 0.0118768 198 188 166
-0.00820882 -6.41315e-05 0.0106077 175 170 103
-0.00950802 -0.00309476 0.0153139 193 188 130
-0.00411989 0.00180167 0.0087117 206 200 192
-0.00794443 -0.00127091 0.0138163 186 181 118
-0.00986594 -6.72245e-05 0.0112245 198 188 170
-0.00837525 -0.00261636 0.0161592 192 189 134
-0.00944711 -6.7093e-05 0.0124399 199 188 170
-0.0104618 -0.000330849 0.0164709 200 190 170
-0.0037822 0.00264132 0.00920071 204 196 190
-0.0076827 -0.000443905 0.0137227 182 178 114
-0.00897984 -0.00449481 0.0157703 190 186 127
-0.00889349 -0.000529626 0.0137694 182 176 114
-0.00885657 -0.00039799 0.0127932 180 176 114
-0.00958388 -6.6321e-05 0.012028 200 188 170
-0.00605778 -0.00300232 0.0121808 200 201 150
-0.00464565 0.00386748 0.0115424 182 172 174
-0.00968841 -0.000145324 0.0151306 200 190 170
-0.00858937 -0.000481324 0.0136108 182 176 112
-0.00814149 0.00128998 0.00789482 200 193 182
-0.0101808 -0.000701578 0.013563 186 182 126
-0.00709428 -0.00187719 0.0103431 199 200 146
-0.0104807 -0.000664167 0.0134184 186 181 124
-0.012191 -0.00242336 0.0229352 190 186 129
-0.00808434 0.00132957 0.00809502 200 192 182
-0.00930821 -0.00376916 0.0168165 192 186 130
-0.00928237 -0.00366094 0.0162495 193 188 131
-0.0101282 -0.000796737 0.0119242 190 185 132
-0.00218064 -0.00169772 0.00930984 204 205 154
-0.00913305 -0.0038594 0.0163591 192 188 130
-0.0068479 0.00271715 0.00715833 189 179 178
-0.00378566 0.00225271 0.00898377 195 187 178
-0.00482985 0.00259437 0.0104563 87 64 42
-0.00469354 0.00263394 0.0106553 108 63 54
-0.00594762 0.000287109 0.0091876 86 89 70
-0.00267543 -0.000454973 0.010331 188 196 154
-0.00474628 0.00283527 0.0109082 94 76 52
-0.00574482 0.000628254 0.00977759 20 13 7
-0.0048541 0.00304249 0.0110545 112 66 60
-0.00474342 0.00147228 0.00970327 128 98 92
-0.00321292 0.000547743 0.0100137 182 196 154
-0.0063428 0.000747099 0.0108621 168 122 98
-0.00437521 0.0011274 0.00955981 34 22 12
-0.00456369 0.0024867 0.0105954 116 75 74
-0.00421001 0.00104041 0.00956004 52 54 32
-0.00327022 0.000416467 0.0100255 184 199 154
-0.00454813 0.00216011 0.0103454 92 55 50
-0.00417132 0.00147383 0.00987485 188 161 156
-0.00395335 0.000924836 0.00987396 56 47 36
-0.00377119 0.000404728 0.0106841 55 56 32
-0.00486169 0.00175707 0.00994527 92 68 62
-0.00471823 0.0029208 0.01093 85 62 39
-0.00606897 0.00132679 0.0106801 86 44 30
-0.00509388 0.000895252 0.00920609 53 42 30
-0.00622535 -0.000640897 0.0107695 112 114 78
-0.00348035 0.000606764 0.010577 46 18 10
-0.00620858 0.00113732 0.0111574 91 54 40
-0.00606877 0.000696814 0.0102837 68 34 21
-0.00486221 0.00181187 0.010042 86 56 50
-0.00591617 0.00146776 0.00818709 78 74 46
-0.00399714 0.000878371 0.00992554 30 17 7
-0.00314883 0.000727554 0.0100596 151 110 91
-0.00645693 -0.000655626 0.0109082 70 65 43
-0.00283193 -0.000326583 0.010623 186 198 156
-0.00342255 0.000621224 0.0105073 45 18 10
-0.00415403 0.000586757 0.0106746 50 51 32
-0.00635806 -0.000735687 0.0108736 93 94 64
-0.00420386 0.000884554 0.00983097 63 64 42
-0.00626083 -0.000701232 0.010996 98 98 66
-0.00366973 0.000420758 0.0105401 58 60 36
-0.00465894 0.00228646 0.0103964 121 80 74
-0.0029532 0.000749426 0.0100942 180 189 151
-0.00533502 -0.000261858 0.0103181 89 94 61
-0.00705635 -0.00235576 0.00991472 112 112 89
-0.00578847 -0.00314975 0.0114837 173 173 129
-0.00151496 -0.00220663 0.00845517 190 190 140
-0.00396627 0.0021586 0.010799 111 78 74
-0.00371635 0.00230999 0.00877316 195 186 178
-0.00598019 0.000329443 0.00930006 86 88 72
-0.00425023 0.0023193 0.0106125 85 54 50
-0.00514363 -0.000390584 0.0100776 112 110 56
-0.00297379 -4.21502e-05 0.0112101 70 71 44
-0.00648726 -0.000441138 0.0109481 131 94 69
-0.00793487 0.00153858 0.00799254 142 136 124
-0.00699707 -0.000926824 0.01114 152 153 108
-0.00350815 0.000916212 0.0100386 70 46 32
-0.00466016 0.00207159 0.0102233 109 72 68
-0.00365677 5.21828e-06 0.0113931 92 64 47
-0.00615565 -0.000624238 0.0109863 79 80 54
-0.00373626 0.000586351 0.0106552 56 50 36
-0.0075243 -0.000864172 0.0112156 178 174 116
-0.00477825 0.00308099 0.0111003 101 73 53
-0.00658003 -0.000860141 0.0109121 95 96 59
-0.00468417 0.00270954 0.0107946 98 76 59
-0.00455649 0.00107681 0.00969845 13 8 4
-0.00397496 0.000505421 0.0106614 51 52 32
-0.00422611 0.00233856 0.0149599 96 50 40
-0.00580396 -0.000841383 0.0102157 90 94 65
-0.00374291 0.00200913 0.00863435 135 135 118
-0.00461304 0.0029838 0.0111364 100 72 57
-0.00418488 0.000629703 0.0105786 48 50 32
-0.00303404 0.000826289 0.0100772 167 174 136
-0.00413558 0.0009741 0.00969857 54 54 34
-0.00488641 0.00115986 0.00947791 102 66 54
-0.00629608 -0.000588038 0.0108932 80 80 58
-0.00313508 0.000722598 0.0102572 143 106 80
-0.00377039 0.000643574 0.0105997 26 12 9
-0.00399877 0.000294388 0.0110641 58 35 26
-0.00383141 0.000410706 0.0107557 58 58 36
-0.00452513 0.00181087 0.0100229 104 67 64
0.000957518 0.00117091 0.0113928 189 195 149
-0.00376306 0.000804468 0.0103099 32 16 7
-0.00321061 -0.00240199 0.0103347 101 116 72
-0.00717442 -0.000950202 0.0111303 163 160 112
-0.00619937 0.000813491 0.0104421 163 120 92
-0.00591442 0.00122695 0.0103389 94 46 32
-0.00422568 0.000578998 0.010693 54 55 30
-0.00497111 -0.000677351 0.010327 138 134 88
-0.00294145 -0.000214493 0.0106853 186 194 150
-0.00609758 0.00168869 0.0118448 90 48 30
-0.00607618 -0.00105909 0.010242 104 107 82
-0.00494682 0.00307813 0.0109842 110 60 52
-0.00616385 -0.00366708 0.011871 191 190 138
-0.00660211 -0.000644152 0.0107463 185 180 141
-0.00549353 -0.000780566 0.0103877 90 93 60
-0.00624643 -0.00105098 0.0100141 146 146 115
-0.00594388 -0.00124465 0.0102783 96 99 75
-0.00722848 -0.00104464 0.0111318 84 80 46
-0.00181383 0.000926214 0.00989495 182 192 148
-0.0074001 -0.00111137 0.0113509 180 176 120
-0.00238581 0.000923356 0.00993752 166 176 134
-0.00716648 -0.00227963 0.00988761 135 127 98
-0.00732479 -0.000733876 0.0113968 178 176 118
-0.0103954 -0.000229185 0.011396 152 149 94
-0.00682387 -0.000599152 0.0107313 184 185 134
-0.00821169 0.000266466 0.00831214 150 146 84
-0.00656329 -0.00178831 0.0100399 96 97 75
-0.00618016 -0.000737803 0.0106284 189 194 144
-0.00579239 -0.00305221 0.0114338 190 192 144
-0.00758537 -0.00264009 0.00987366 187 184 132
-0.00172745 0.000888401 0.0100204 187 196 152
-0.00241125 0.000859816 0.00966289 184 193 148
-0.00220484 0.000889405 0.0100749 178 186 144
-0.0104542 -0.000422215 0.0117945 170 166 110
-0.00473796 -0.00141724 0.00996085 190 198 149
1.50666e-05 0.000995754 0.0116127 186 196 148
-0.010372 -0.00061062 0.0151791 160 156 97
-0.0020002 0.000950377 0.0102374 174 182 142
-0.00176357 0.000899784 0.0102884 184 192 150
-0.00192025 0.000840108 0.0102498 186 196 151
-0.00951958 -0.000321146 0.0113839 174 170 112
-0.00953905 -0.000195961 0.0115643 158 152 96
-0.00647369 -0.00343921 0.0114429 188 188 134
-0.00890455 -1.59407e-05 0.0106741 155 150 90
-0.0100475 -0.000420952 0.0121991 171 166 110
-0.00201622 0.000853414 0.0099481 186 196 152
-0.00658595 -0.001025 0.0102566 190 192 140
-0.010017 -0.000487348 0.0124129 176 170 114
-0.00636141 -0.00294767 0.0112597 190 190 137
-0.00738663 -0.00135523 0.0117592 180 179 123
-0.00477049 0.00375823 0.0115414 178 165 166
-0.00499091 0.00371568 0.0109624 178 166 166
-0.00813767 -0.00274969 0.00983235 186 185 132
-0.00767843 0.000514453 0.00777419 188 180 158
-0.0103582 0.000282728 0.0123893 196 186 172
-0.00176471 0.000163422 0.0100765 190 200 156
-0.0087034 -0.00327003 0.0133305 178 176 120
-0.00291356 0.0012181 0.00907122 200 195 183
-0.00497609 0.00276764 0.0107555 118 64 52
-0.00433936 0.00235603 0.0105538 110 71 70
-0.00469929 0.00178735 0.00997305 86 48 40
-0.00566616 9.50205e-05 0.00925947 58 62 40
-0.00488388 0.00313348 0.0111784 119 70 63
-0.00463401 0.00306023 0.011162 104 80 64
-0.00558414 0.000725984 0.00880526 80 90 50
-0.00585272 0.000441134 0.00951415 46 50 41
-0.00478742 0.00258444 0.0106184 86 64 40
-0.00553703 0.000826461 0.0086392 83 94 58
-0.00479923 0.00146244 0.00975138 174 140 132
-0.0048043 0.00295186 0.0109654 94 60 45
-0.00481126 0.00193979 0.0099323 92 58 54
-0.00473849 0.00235228 0.0103763 75 36 33
-0.00447186 0.00254661 0.0107069 110 64 62
-0.00369508 0.000198682 0.0109327 60 30 16
-0.00423416 0.00113193 0.00958572 44 45 24
-0.00165287 -0.00187087 0.0086022 192 192 142
-0.0031146 1.96895e-05 0.0105644 59 64 34
-0.0057237 0.000288998 0.00956519 96 99 82
-0.00309963 0.000853675 0.00961145 162 175 132
-0.0048336 0.00135333 0.00960957 182 150 142
-0.00446135 0.00188797 0.0101112 97 62 60
-0.00528082 0.00209795 0.0129152 110 60 46
-0.00333921 -0.00349383 0.0112334 158 163 118
-0.0030206 0.000282436 0.0100912 184 198 154
-0.00319819 0.00072247 0.0100549 160 117 100
-0.00572828 0.0011207 0.00839317 72 83 49
-0.00447522 0.00149812 0.00977993 76 43 36
-0.00716059 0.00038154 0.00859145 153 154 100
-0.00463431 0.00168889 0.00985522 95 56 53
-0.003044 0.000165176 0.0103177 184 200 158
-0.00665277 -0.000788494 0.0109418 118 120 88
-0.00284554 -0.00269281 0.0103706 179 182 134
-0.00723889 -0.000862822 0.0113335 180 178 122
-0.00708866 -0.000829683 0.0109851 180 178 123
-0.00317893 0.000214293 0.0105792 80 78 52
-0.00497934 0.00301871 0.0109019 110 58 49
-0.00369299 0.000291723 0.0107806 65 61 36
-0.00480774 -0.000653901 0.0102776 122 124 70
-0.00447244 0.00178893 0.00998509 103 66 62
-0.00570974 0.00139051 0.00826324 58 68 42
-0.00665278 -0.000377645 0.0106017 171 154 118
-0.00682498 -0.00192123 0.00994831 97 98 74
-0.00284233 0.000811636 0.00947731 174 188 144
-0.00660457 -0.00158096 0.0099631 104 106 80
-0.00624142 -0.001115 0.0100525 90 92 69
0.000422234 0.000900251 0.0111229 191 200 156
-0.0105668 -9.96463e-05 0.0109248 196 186 171
-0.00278075 0.000861927 0.00901242 179 190 148
-0.0083038 -0.000180297 0.0109634 173 168 106
-0.00292862 -0.00307226 0.0105583 191 194 143
-0.00792883 -0.000191878 0.011376 172 167 104
-0.00718878 -0.00263488 0.00984674 188 187 136
-0.00643408 -0.00122005 0.0100186 156 159 119
-0.00942558 -8.6533e-05 0.0104115 157 154 94
-0.00965041 -0.00101518 0.0131588 180 176 116
-0.00951015 -0.000341572 0.012086 170 166 105
-0.006481 -0.00126013 0.0101192 188 190 140
0.00028436 0.000784557 0.0121903 197 204 158
-0.0103185 -1.92243e-05 0.0118695 192 182 165
-0.0068549 -0.00122041 0.0101175 185 186 134
-0.00809573 -0.000191486 0.0114106 172 166 101
-0.00933485 -0.00128096 0.0113441 182 176 119
-0.00924542 -0.00104413 0.0136062 180 176 116
-0.00800544 0.000482465 0.00844404 190 180 158
-0.00298045 -0.00213918 0.00990352 190 196 146
-0.00960449 -0.000449755 0.0109127 180 174 118
-0.00944078 -0.000494292 0.0116962 180 174 116
0.000893697 0.00287811 0.0117129 198 189 179
0.000809835 0.00354968 0.0118681 196 187 178
-0.00511945 0.0028386 0.0107329 96 46 39
-0.00425017 0.00119122 0.00938936 50 50 30
-0.00720171 -0.000941442 0.0111228 180 177 122
-0.00638303 -0.000420097 0.0107454 83 60 38
-0.00488893 0.00220262 0.011962 58 29 25
-0.00441346 0.00109409 0.00954256 42 34 20
-0.0041479 0.000481271 0.0106429 60 60 40
-0.00271792 -0.000452264 0.0103687 181 195 151
-0.00322145 0.000731112 0.0101427 178 144 128
-0.00561943 0.00113405 0.00857915 64 74 46
-0.00398706 -0.000385023 0.0102824 64 66 48
-0.00655857 -0.000768798 0.0110439 78 76 50
-0.00476045 0.00112756 0.00954106 104 78 76
-0.00404954 0.00136333 0.0133797 126 104 86
-0.00300647 0.000756793 0.0101323 176 178 154
-0.00468553 0.00317006 0.0111662 86 64 45
-0.00291389 0.000726331 0.00975164 174 189 148
-0.00552283 -0.00278419 0.0112713 86 96 57
-0.00156045 -0.00192456 0.00854469 188 192 141
-0.0103695 -0.000207761 0.0109453 160 157 104
-0.00702007 -0.00200227 0.00993395 141 142 100
-0.00923794 -0.000112998 0.0105152 159 156 98
-7.02575e-05 0.000970519 0.0117939 192 198 152
-0.00737281 -0.00295947 0.00997713 188 186 133
-0.00925632 0.000216746 0.00973728 193 183 164
-0.00803543 -0.00269292 0.009599 186 184 131
-0.00805197 -0.000381005 0.0105245 178 172 109
-0.00867908 0.0023829 0.013501 193 182 173
-0.00500355 0.00508638 0.0132991 182 172 171
-0.00500306 0.00288929 0.0108577 112 74 70
-0.00500405 0.00311836 0.0115648 88 65 44
-0.0041784 -0.000305556 0.0103367 85 89 68
-0.00455593 0.000934641 0.00969876 34 36 22
-0.00410092 0.00111854 0.00939139 56 58 38
-0.00378652 -0.000625846 0.00700298 96 99 76
-0.00699687 0.00052067 0.00880229 64 71 52
-0.00494556 0.00311943 0.0110097 108 60 54
-0.00704606 0.000306384 0.00863552 168 170 114
-0.0101087 -0.000210316 0.0101304 168 164 110
-0.00798585 0.00015165 0.00921131 160 156 92
-0.00828092 1.81254e-05 0.00955097 171 166 104
-0.0069629 -0.0024368 0.00993925 182 180 126
-0.0101305 -0.000218563 0.01003 171 167 114
-0.00567749 -0.00215377 0.010952 184 188 141
-0.00711816 -0.00120445 0.0111596 182 182 129
-0.00767279 -0.000467791 0.0110612 179 174 112
-0.00936738 -0.00113044 0.010567 183 180 124
-0.00348228 0.000232507 0.010836 58 58 32
-0.00331142 0.00127779 0.0103879 74 64 41
-0.00704819 -0.00215636 0.00994578 107 104 76
-0.00330984 0.00118444 0.0103475 114 91 77
-0.00469116 0.00103376 0.0114475 40 32 19
-0.00362892 0.0002039 0.0108901 74 67 44
-0.00319688 -0.000109762 0.0110798 176 192 152
-0.00720285 0.000578262 0.00863683 89 90 66
-0.00401658 -0.000507062 0.0107138 80 82 56
-0.00435672 -0.000337748 0.0107704 112 116 83
-0.00717588 -0.00248656 0.00988973 148 146 109
-0.00427537 1.3439e-06 0.0103271 108 100 88
-0.00731726 0.000593243 0.008412 190 185 165
0.000414071 0.00093116 0.0123642 188 198 152
-0.0097796 -0.000275241 0.0103871 178 174 118
-0.00971472 -0.000330861 0.0105454 182 177 122
-0.00813241 -0.000208774 0.0101704 180 174 112
-0.00875428 -0.000665119 0.010806 182 178 117
-0.00910154 -0.00100242 0.0113754 184 180 122
-0.00549591 0.000886332 0.0107926 72 50 35
-0.00723552 -0.00234057 0.00990444 105 107 76
-0.00454899 0.000831948 0.011026 69 78 51
-0.0053956 0.000717853 0.0107333 17 12 8
-0.00423632 0.000517638 0.0107275 44 37 21
-0.00540803 0.00127925 0.0110402 144 99 73
-0.00617852 -0.000996411 0.0101069 136 138 109
-0.00523437 0.00410164 0.0117052 179 166 167
-0.00492581 0.00106207 0.0109968 38 30 17
-0.00501748 0.000713852 0.0107935 36 34 19
-0.0047793 -1.86995e-05 0.0105463 89 94 65
-0.00485689 0.00131149 0.0111682 107 91 72
-0.00442173 -0.000224108 0.01085 90 98 68
-0.0048845 0.00140747 0.0111681 121 105 86
-0.00301124 -0.00100724 0.00981556 130 133 105
-0.00323051 -0.00098438 0.00997063 66 72 56
-0.00582431 0.0014984 0.0110956 88 42 30
-0.00510796 0.00144128 0.0110076 82 38 27
-0.00565075 -0.000551392 0.0102754 83 85 54
-0.00711575 -0.00217651 0.00990541 124 123 92
-0.00577633 -0.000801012 0.0102399 96 99 71
-0.00508336 0.00139224 0.0110221 82 40 31
-0.00580754 -0.000659535 0.0102896 87 88 60
-0.00734951 -0.00235522 0.00989674 160 155 114
-0.00970089 -0.00240386 0.0100962 191 187 136
-0.00582952 0.00104672 0.0109809 184 138 106
-0.00582351 0.000630645 0.0107012 34 20 12
-0.00499472 0.00186136 0.012419 64 32 26
-0.00568391 -0.000560655 0.0103239 86 88 58
-0.00561472 0.000735922 0.0105657 16 12 7
-0.00534396 0.00120876 0.0110176 156 114 95
-0.00507304 0.00127663 0.0111596 172 128 105
-0.00583947 0.00154088 0.0119697 89 48 33
-0.00399027 -0.000509664 0.0105789 84 88 64
-0.0074967 -0.00293974 0.0100056 170 168 122
-0.00161807 -0.00179679 0.00862233 146 150 104
-0.00530501 0.000328493 0.00893056 108 106 72
-0.00160638 -0.00178183 0.00866159 140 144 104
-0.0058653 0.00110588 0.0110385 147 98 66
-0.00457882 0.000945453 0.011247 66 73 44
-0.00582873 -0.000704357 0.0102497 84 88 62
-0.00574816 -0.000740865 0.0102474 86 89 61
-0.00750102 -0.00260646 0.00994565 157 156 112
-0.00708074 -0.00271067 0.010287 186 184 132
-0.0074491 -0.00307949 0.00999339 190 188 137
-0.00733182 -0.0031153 0.0100991 188 188 138
-0.00742728 -0.0032516 0.0100677 188 188 138
-0.00738616 -0.00326623 0.00994392 190 190 140
-0.00510338 0.00133414 0.0114954 128 88 76
-0.00364123 0.00218055 0.00869561 176 154 128
-0.00459665 0.00242169 0.0130928 92 52 46
-0.00462097 0.000890789 0.0118091 28 20 12
-0.0047021 0.00220296 0.0130797 99 61 53
-0.00448607 0.00293066 0.0112639 118 80 76
-0.00348196 0.00106433 0.0103091 148 128 106
-0.00526502 -0.00187347 0.0107257 96 110 67
-0.00664658 -0.000954938 0.0109606 134 135 96
-0.00306197 -0.00246323 0.0102792 190 195 142
-0.00753096 -0.00294911 0.00975129 186 186 136
-0.00776724 -0.0030349 0.00957687 83 88 52
-0.00638703 -0.00129407 0.0102345 158 158 119
-0.00730483 -0.00224105 0.00997781 186 184 132
-0.00756725 -0.0020458 0.00973931 188 188 132
-0.00768118 -0.00156223 0.00973151 184 184 128
-0.0072313 -0.0030182 0.00992091 189 189 138
-0.00848305 -0.00233446 0.00914412 188 185 133
-0.0037416 -0.00276692 0.00919404 190 193 142
-0.00801468 -0.00298269 0.00950367 188 188 136
-0.00373235 -0.00269452 0.00911276 190 194 143
-0.00899177 -0.002662 0.00915358 191 189 136
-0.00824845 -0.00269969 0.00894821 191 190 138
-0.00895977 -0.00260733 0.00919311 190 188 135
-0.00631573 -0.000269518 0.0103437 184 182 136
-0.00426724 0.000942873 0.00971448 57 59 38
-0.00526133 0.0021171 0.0122029 110 64 46
-0.00629065 -0.000396463 0.0108428 81 60 38
-0.00717799 -0.00236548 0.0098963 91 94 70
-0.00624491 -0.000420163 0.0108939 109 96 68
-0.00442526 0.0001489 0.0104112 70 72 62
-0.0063252 -0.000596468 0.010977 72 67 44
-0.00733651 -0.00250741 0.00992329 131 128 94
-0.00440917 0.000927316 0.00967566 51 54 34
-0.00286853 -0.000183022 0.0105855 55 60 23
-0.00775862 -0.0030163 0.00977797 97 102 63
-0.00340261 0.000571558 0.0105881 39 16 8
-0.00432136 -3.33223e-06 0.0100745 98 99 86
-0.00451099 -3.95517e-06 0.0101778 77 88 66
-0.00711353 -0.00230525 0.00987775 130 127 104
-0.00652124 -0.00158901 0.0100752 101 102 78
-0.00604539 -0.000441565 0.0108653 68 71 47
-0.00455436 2.09316e-05 0.010195 84 92 74
-0.00739669 -0.0027706 0.00985543 110 108 76
-0.00441679 0.000238471 0.0106055 38 36 26
-0.00663997 -0.00180752 0.0100263 88 89 67
-0.00360026 -0.000312424 0.00642345 192 196 148
-0.00454419 -1.80631e-05 0.0101763 97 104 82
-0.00658805 -0.00152801 0.0101083 186 188 140
-0.00291865 -0.000716624 0.0102082 184 195 149
-0.00773458 -0.00261223 0.00978545 188 188 134
-0.0069477 -0.00128657 0.0109868 184 187 134
-0.0048776 -0.00112134 0.00641351 192 194 142
-0.00512423 0.00414802 0.0109838 182 172 171
-0.00396094 -0.000293051 0.0167393 97 98 79
-0.00283041 -0.000272501 0.0105099 185 195 150
-0.0045842 0.00137098 0.00972264 169 132 120
-0.00304817 -3.50955e-05 0.0105213 66 72 39
-0.00300661 -3.00615e-05 0.010427 62 66 34
-0.00408885 0.00107988 0.00980465 56 57 34
-0.00558785 0.000976807 0.00854505 74 88 53
-0.00495822 0.00165991 0.00993977 62 50 34
-0.00370321 0.000324173 0.0106152 64 60 35
-0.00744696 -0.000886545 0.0111988 180 176 119
-0.00574091 -0.00327874 0.0115592 156 154 110
-0.00326328 3.23639e-06 0.0108839 184 196 154
-0.00458234 0.00133153 0.00970784 191 161 152
-0.00659716 -0.000775971 0.010997 98 98 64
-0.00286363 -0.000121547 0.0104861 55 58 26
-0.00407738 0.000122753 0.0105162 52 22 16
-0.00639288 -0.000594188 0.0108376 74 67 46
-0.00565468 0.00126381 0.008299 81 94 64
-0.00447912 0.00062573 0.0101526 44 40 26
-0.00368786 0.000571831 0.0105616 30 20 8
-0.00539684 -0.00213856 0.0108969 91 102 60
-0.00423396 0.00158988 0.00998123 101 62 57
-0.00381413 0.000365097 0.0106232 61 60 37
-0.00302701 0.00014215 0.0101936 145 156 116
-0.00378413 0.000772567 0.0103046 26 12 6
-0.00414557 0.000197413 0.010005 80 48 23
-0.00608897 0.000574483 0.0100979 72 48 32
-0.00586495 -0.00117138 0.0103505 92 94 70
-0.00674108 -0.000951941 0.0107837 171 172 122
-0.00292745 -0.00054928 0.0101643 182 194 148
-0.00660757 -0.00180223 0.0100972 94 96 74
-0.00582839 -0.00103742 0.0103111 90 92 66
-0.00605085 -0.00351899 0.0122712 192 192 139
-0.00359998 0.00267383 0.00896332 194 186 178
-0.00718818 -0.0025692 0.00988781 149 148 121
-0.00663791 0.00150733 0.0110072 180 172 147
-0.00832989 -0.00345705 0.0136334 184 182 126
-0.00372629 0.00289568 0.0115591 88 50 40
-0.007626 -0.00229455 0.0102384 188 186 130
-0.00800704 -0.00263509 0.00981214 188 187 132
-0.00730566 -0.00133224 0.0101174 183 184 129
-0.00724461 -0.00135424 0.00987821 184 185 129
-0.00640841 -1.60562e-05 0.0103378 136 118 72
-0.00565399 0.00257313 0.0108718 55 62 36
-0.00555322 0.00263499 0.0109838 78 30 22
-0.00611363 -5.74986e-05 0.0115422 90 60 34
-0.00288111 -0.00274448 0.0102831 124 130 90
-0.00731832 -0.000903424 0.0111289 156 152 94
-0.00477521 0.00299172 0.0110935 74 24 18
-0.00509295 0.00290346 0.01108 75 26 18
-0.00459574 0.00256366 0.010745 86 40 38
-0.00595556 -0.000245187 0.0115663 84 70 40
-0.00514723 0.00301328 0.0111708 91 34 22
-0.0050171 0.00304627 0.0110656 100 44 31
-0.00361143 0.000323406 0.0107341 38 40 20
-0.00334517 -0.00350971 0.0111087 164 166 113
-0.00584146 -7.23804e-06 0.0115159 38 25 10
-0.00503036 0.00298379 0.0110863 66 24 18
-0.00474861 0.00285465 0.0108845 110 64 58
-0.00490347 0.00287098 0.0108206 82 34 30
-0.00500313 0.000737038 0.00971173 60 64 50
-0.00354738 -0.000211256 0.0112939 161 176 128
-0.00636989 0.000719651 0.0102898 144 100 74
-0.00547505 0.00285589 0.0112164 94 42 30
-0.0057587 9.53841e-06 0.0110291 44 44 30
-0.00502299 0.00113664 0.00949578 72 34 25
-0.00484976 0.00269208 0.0107043 92 42 38
-0.00516661 -0.000488639 0.0100898 90 88 32
-0.00578325 0.000305487 0.0114004 56 57 46
-0.00489972 0.00163068 0.00988256 68 36 32
-0.00424422 0.00276837 0.0110896 102 64 60
-0.00380372 0.000102206 0.0115882 30 12 7
-0.00458932 0.00072339 0.0105508 40 41 22
-0.00553972 0.00110631 0.00840174 62 62 42
-0.00725444 -0.000996216 0.0114492 158 156 94
-0.00481435 0.00146242 0.00971704 150 112 106
-0.00731757 -0.000874882 0.0113037 157 152 94
-0.00443846 0.00150009 0.00982366 50 21 16
-0.00440353 0.00138781 0.00972447 159 118 104
-0.00302869 0.000343416 0.010017 163 173 128
-0.00641504 -0.000492925 0.0108264 42 26 10
-0.00524622 0.002768 0.0105796 82 29 19
-0.00282899 1.20272e-05 0.0102399 91 78 44
-0.00407064 0.00250086 0.0109261 70 34 30
-0.00477844 0.00112139 0.00955986 77 42 34
-0.00498472 -4.97881e-05 0.00953868 67 76 44
-0.00446867 0.00279932 0.010955 86 50 48
-0.00427552 0.00237441 0.010724 88 51 48
-0.00557655 0.000267395 0.00934794 38 29 13
-0.00459942 0.00274346 0.0108333 104 64 64
-0.00508671 0.00182813 0.0099694 78 36 25
-0.0047569 0.00290242 0.0110566 91 41 36
-0.00493524 -0.000253999 0.0101498 101 102 55
-0.00450328 0.000553445 0.0108921 49 46 38
-0.004877 0.00032514 0.0105113 92 98 64
-0.00506695 0.00270061 0.0108519 102 42 28
-0.00388604 0.00163385 0.0102972 68 36 32
-0.00410463 0.000451902 0.0106603 42 41 22
-0.00519363 -0.00023191 0.00996524 100 100 56
-0.00503806 0.00175151 0.010006 66 28 21
-0.00456402 0.00253727 0.010587 78 37 34
-0.00452069 0.00215645 0.0103077 82 43 38
-0.00415305 0.001997 0.0104612 78 50 47
-0.00294841 -0.000224821 0.010575 162 175 130
-0.00500998 0.00162359 0.00993238 72 32 24
-0.00436446 0.00120733 0.00964313 36 17 10
-0.00563952 -0.000546233 0.0102221 63 68 34
-0.00534336 -0.000399603 0.01041 59 64 28
-0.00527426 -8.3906e-05 0.00953485 100 102 60
-0.00610241 0.000701791 0.0104829 72 53 44
-0.00586794 0.000603763 0.0103944 19 10 6
-0.00562762 0.000731247 0.00884503 63 72 30
-0.00598327 0.00112348 0.0102122 130 84 58
-0.00460317 0.000871341 0.00988483 24 26 12
-0.00506857 0.00277096 0.0108294 114 54 34
-0.00371823 0.00210077 0.00856924 69 64 40
-0.00431172 0.00254567 0.0109282 78 44 39
-0.00500609 0.00143529 0.00972367 166 122 108
-0.00417668 0.00163353 0.00999924 26 12 9
-0.0049951 0.00126845 0.00960572 106 69 50
-0.00515534 -0.00019052 0.00969083 100 99 54
-0.00424339 0.00120315 0.00936028 30 32 16
-0.00473562 0.00153734 0.00979574 64 30 27
-0.00483647 0.0029161 0.0110134 76 28 20
-0.00310387 0.000233341 0.0100649 162 176 130
-0.00616597 9.28017e-05 0.011103 81 80 56
-0.00571913 0.000278728 0.00959128 73 76 63
-0.00501121 0.00100346 0.00941154 38 23 14
-0.00582769 0.00120146 0.00866418 113 95 62
-0.00557076 -7.78433e-05 0.0110329 54 47 24
-0.00489114 0.00105408 0.00911091 72 46 40
-0.00603334 0.000338993 0.0105519 56 56 44
-0.00373745 0.00164581 0.0105865 82 50 46
-0.00620332 -0.000164911 0.0110218 74 50 25
-0.00504707 0.00169117 0.00999037 64 27 20
-0.00468371 0.00301626 0.0109567 112 70 72
-0.00440938 0.00291377 0.0112227 84 44 41
-0.00413076 0.00197781 0.0103899 82 52 48
-0.00501819 0.00196287 0.010137 72 32 20
-0.00380175 0.00213971 0.0109186 93 63 58
-0.00457156 0.00187267 0.0101044 84 49 44
-0.00626315 0.000630255 0.0102548 82 54 38
-0.00426073 0.000934597 0.00971233 32 35 18
-0.00427881 0.00252334 0.0107972 86 58 57
-0.00794074 0.00156706 0.00814021 168 158 148
-0.00494101 0.00215329 0.0105011 61 24 16
-0.0041398 0.00113937 0.00938519 34 38 16
-0.00368927 0.00173843 0.0105934 92 59 56
-0.0054728 -1.87617e-05 0.0111776 46 42 20
-0.00275035 -5.36528e-05 0.010494 67 52 23
-0.0044798 0.00207537 0.0104151 80 46 42
-0.00609939 -0.000192558 0.0116835 124 104 61
-0.00460793 0.00148927 0.0097385 68 36 29
-0.0047173 0.000116777 0.0103332 104 104 88
-0.00477422 0.00182943 0.0100667 72 38 36
-0.00419957 0.00259104 0.0109815 90 48 46
-0.004396 0.0016069 0.00983104 76 40 34
-0.00442566 0.00285531 0.0109637 73 36 34
-0.00613513 0.000465012 0.0108592 38 20 13
-0.00480348 0.00285643 0.0111121 106 56 52
-0.00467975 0.00304916 0.0111372 109 65 62
-0.0044675 0.000638324 0.0104121 36 40 17
-0.00453555 0.000781409 0.0102292 46 50 29
-0.00415698 0.00100201 0.00952471 36 40 20
-0.00708814 -0.000984427 0.0111574 62 62 29
-0.00394348 0.00117136 0.00930457 34 34 14
-0.00503613 0.00290357 0.0109669 62 22 17
-0.00290771 0.000255748 0.0101321 161 165 120
-0.00552109 -0.000407163 0.010217 62 68 34
-0.00292939 -0.000216515 0.0102629 142 148 111
-0.00448463 -0.00109136 0.0101277 124 122 74
-0.00334344 3.97612e-05 0.0106675 150 160 121
-0.00488951 0.0026065 0.0106876 103 67 62
-0.005325 -0.000519658 0.0103747 53 59 22
-0.00469093 0.0015932 0.00985615 70 36 32
-0.00487401 0.00188594 0.0101163 80 44 38
-0.00461907 0.00169454 0.00983661 70 35 33
-0.0057713 -0.000798588 0.0102081 62 67 39
-0.00495503 -0.000515112 0.0101974 112 108 61
-0.00495557 -0.000475749 0.0102313 115 110 63
-0.00540383 -6.17705e-05 0.00941112 95 99 52
-0.00428478 0.00182231 0.0101476 66 36 34
-0.00415872 0.00229824 0.0106367 76 45 42
-0.00449536 0.000931864 0.00980234 24 26 14
-0.0047734 0.00263698 0.0108446 81 30 24
-0.00454911 0.000984418 0.00973606 16 16 8
-0.00647286 -0.000671502 0.0106968 59 58 32
-0.00495158 -0.000222462 0.00955497 114 110 66
-0.00606328 -0.000559202 0.0108485 166 172 124
-0.00187135 -0.00154676 0.00850552 170 170 119
-0.00544425 -0.000678908 0.0102463 63 69 31
-0.00555075 0.000749804 0.00870248 60 74 32
-0.00406077 0.00048369 0.0105893 36 38 18
-0.00484526 -0.00048258 0.0103067 103 99 45
-0.00449406 0.000742757 0.0103051 50 54 31
-0.00574956 0.00168259 0.00789601 72 35 23
-0.00433704 0.000459249 0.0108598 16 7 5
-0.0051655 0.00291739 0.0111339 84 30 20
-0.00493494 0.00144243 0.00972864 156 119 110
-0.00532545 -1.88721e-05 0.00958024 98 104 59
-0.00555356 0.00279716 0.0111399 80 28 20
-0.00489702 0.00113599 0.00960079 40 19 11
-0.0048752 0.0022794 0.0103732 90 49 40
-0.00602627 0.000401199 0.010863 25 9 4
-0.0039731 0.00222735 0.0107448 56 26 20
-0.00445799 0.00200713 0.0100774 67 35 30
-0.00374047 0.00240281 0.0089629 168 162 154
-0.00358555 -0.000103022 0.0060103 168 174 124
-0.00582023 -0.000771549 0.0102949 61 66 38
-0.00596129 -0.00040958 0.011384 42 46 24
-0.00573155 -0.00107359 0.0104179 84 83 58
-0.00471719 0.000541739 0.0106167 131 130 125
-0.00408848 0.0005527 0.0108161 33 36 18
-0.00590181 0.00193096 0.00809713 54 35 16
-0.00493447 0.000832995 0.00971393 30 24 12
-0.00790869 0.00156888 0.00821579 171 160 150
-0.00570944 0.000745887 0.00877518 10 8 1
-0.00584111 -0.000863264 0.0102549 66 70 44
-0.00413645 0.00179235 0.0102016 82 52 49
-0.00321199 0.00104977 0.0106227 107 70 45
-0.00525908 5.66018e-05 0.00923531 94 99 54
-0.00291595 1.04488e-05 0.0106583 43 50 20
-0.00413583 0.00211565 0.0105005 87 55 51
-0.00310174 -0.000174388 0.0109303 162 176 130
-0.00701504 -0.000996501 0.011144 59 62 32
-0.00497524 0.00154032 0.00978798 71 34 27
-0.00499454 0.00218088 0.0103327 78 40 29
-0.00519854 0.00215195 0.00990866 90 42 28
-0.00563041 0.000540628 0.00893363 34 34 16
-0.00467864 0.00153757 0.00978306 65 28 23
-0.00792229 0.00153779 0.00820083 170 160 150
-0.00479143 0.00137002 0.00981407 174 144 140
-0.00455414 0.00113188 0.00971051 12 9 6
-0.0035841 -0.00282205 0.0109823 44 56 21
-0.00554234 0.000197741 0.00917895 38 25 8
-0.00597993 -0.000549636 0.0112091 82 86 48
-0.0050926 0.00136033 0.00964859 82 35 15
-0.00574747 -0.000777521 0.0102733 62 66 40
-0.00430866 0.00202494 0.0103038 93 66 64
-0.00448604 0.000368568 0.0108333 60 64 51
-0.00356133 -0.00216382 0.0100503 77 86 40
-0.00490899 -0.000416168 0.0102176 114 109 56
-0.00590992 0.00189093 0.00803636 57 34 18
-0.00328154 -4.6788e-05 0.0107633 160 176 128
-0.00683841 0.000461779 0.00867645 60 64 44
-0.00608551 -4.11531e-05 0.0111515 104 82 64
-0.00530347 3.77837e-05 0.00939107 92 96 55
-0.00470061 0.000471996 0.0107058 106 106 98
-0.00448378 7.63218e-06 0.0101905 46 54 34
-0.0072183 -0.00237295 0.00995232 56 58 36
-0.00587884 -0.00100318 0.0101203 62 65 40
-0.0051628 0.000783147 0.0093007 54 58 40
-0.00433667 0.000341373 0.0108817 16 6 4
-0.00460266 0.00130288 0.00947538 167 134 121
-0.00406011 0.000309341 0.0112233 28 12 6
-0.00430032 0.00105107 0.00963148 30 34 18
-0.00321953 0.000460468 0.0104732 96 78 48
-0.00496631 0.00205769 0.010256 68 34 26
-0.00458357 0.000294101 0.0103546 60 68 54
-0.00371323 0.00200152 0.00893798 170 164 156
-0.00545818 0.000196981 0.00917847 75 83 34
-0.00790972 0.00145763 0.00818362 168 159 149
-0.00557702 0.000870475 0.0084784 62 75 36
-0.00612019 -0.000433225 0.0112697 56 54 30
-0.00538024 0.00113045 0.00885932 72 28 19
-0.00321687 0.000632152 0.00964924 170 134 123
-0.00416796 0.00121613 0.00931781 33 36 16
-0.00560531 0.000803147 0.00872358 66 72 33
-0.00576996 0.000315829 0.00968006 61 68 54
-0.0042417 -0.000286827 0.00918157 72 76 63
-0.00599916 0.00162822 0.0106292 80 38 28
-0.00593697 0.000296402 0.0104155 52 56 42
0.000839301 0.00124312 0.0114934 158 163 119
-0.00609311 -0.001117 0.00992418 65 68 44
-0.00322863 0.000110351 0.0101884 40 47 18
-0.00435359 0.00261293 0.010832 90 50 46
-0.00627689 -0.000516386 0.0109147 52 48 26
-0.00568438 -0.000643996 0.0103134 62 66 34
-0.00495972 0.00307096 0.0111052 94 42 35
-0.00657638 -0.000354425 0.010689 131 92 68
0.00294198 0.00113944 0.0154321 166 174 123
-0.00610678 -0.00117714 0.010139 66 69 46
-0.00449492 -0.000990899 0.0101541 120 118 69
-0.00441573 0.000926999 0.00974578 32 36 18
0.00326373 0.00126642 0.0159772 156 162 117
-0.00405288 0.00203175 0.0104621 60 32 29
-0.0045633 0.00175811 0.0100074 69 34 31
-0.00451349 -0.00024304 0.0090654 70 76 66
-0.00754531 -0.00273104 0.009835 81 79 48
-0.00282192 0.000880681 0.00975513 140 152 112
-0.00785924 0.00139726 0.00812812 168 160 148
-0.00202214 -0.00138925 0.00860978 85 80 47
-0.00270029 -0.000252313 0.0104316 58 57 20
-0.0075768 7.6419e-05 0.0105631 137 132 70
-0.00325911 0.000105534 0.0106718 36 40 16
-0.0042265 -0.000471367 0.00839988 92 93 88
-0.00490174 0.00152716 0.00978029 78 42 38
-0.00760488 -0.0028723 0.0100181 77 80 44
-0.00463154 0.0031003 0.0110302 90 51 52
-0.00651439 -0.00146572 0.0101199 76 74 54
-0.00575554 -0.000712027 0.0102825 60 66 37
-0.00555703 0.000785325 0.00859001 77 90 52
-0.00308647 -0.000112781 0.0104493 62 60 30
-0.00532682 0.000133686 0.00935597 92 98 56
-0.00689936 0.000596673 0.00899231 166 160 136
-0.00526638 0.000151576 0.00927047 82 90 45
0.000930465 0.00124919 0.0117133 159 163 120
-0.00572946 0.00123446 0.00836377 56 68 39
-0.010121 -0.000132178 0.0104077 132 130 80
-0.00145632 0.000979941 0.0109631 142 155 111
0.00310964 0.0012677 0.0156696 160 164 120
-0.00450697 -0.00103018 0.0100825 120 118 70
-0.00365212 -0.000625256 0.00928106 48 54 28
-0.00525145 -0.0021603 0.0109203 76 86 46
-0.00996265 -7.76033e-05 0.00984125 132 130 80
0.000666459 0.00116981 0.0110717 168 174 122
-0.00313375 -0.000223493 0.0103212 166 176 131
-0.0100704 -0.000256397 0.0102279 148 146 93
-0.00675043 -0.000679654 0.0114221 162 164 111
-0.00290951 0.000765281 0.0100849 150 164 119
-0.00733113 0.000834718 0.00833627 163 155 130
-0.00582687 0.00141847 0.00833763 58 68 36
-0.00464434 -3.82839e-05 0.00980088 67 74 56
-0.0045716 -0.00116458 0.00994176 108 112 63
-0.00504181 0.0013646 0.0095593 72 29 12
-0.00786825 0.00141579 0.00812941 169 160 148
-0.00374405 0.00185492 0.0105166 84 55 51
-0.00670757 -0.00169493 0.00998574 64 67 44
-0.00653847 -0.00152823 0.00990838 64 64 46
-0.00289342 0.00072434 0.00973853 156 170 124
-0.00437241 -0.00022283 0.00905462 88 92 83
-0.00448975 0.00328096 0.0113425 67 33 31
-0.00372143 -0.000619198 0.0092958 58 62 39
-0.00639447 -0.0016467 0.0100985 70 72 50
-0.00617489 0.00285933 0.00837556 160 147 146
-0.00645691 0.00103501 0.0104118 108 86 60
-0.00348758 -0.000348489 0.00995839 164 176 130
-0.00432412 -0.00348154 0.0133437 162 169 117
-0.000555933 0.000972885 0.0114991 164 173 125
-0.00709043 -0.00204885 0.00996507 160 157 100
-0.00770934 -0.00277046 0.0101451 164 163 107
-0.00349244 -0.000608581 0.0095192 55 60 39
-0.00675487 -0.00196753 0.00995032 56 64 39
-0.00639704 -0.00148966 0.00993681 65 68 44
-0.00305594 -0.00290589 0.010395 168 172 118
-0.00690931 -0.00180681 0.00993915 162 164 110
-0.00273818 -0.000791501 0.0102252 172 180 128
-0.0016114 0.000866125 0.0104615 160 171 124
-0.0028681 0.000689785 0.00961272 160 174 127
-0.00928865 -0.00192819 0.0101685 159 156 102
-0.000931366 0.00105447 0.0109248 154 160 118
-0.0105303 -0.000538959 0.0134938 140 136 80
-0.00398307 -0.00322615 0.013647 166 172 120
-0.00232264 0.000806669 0.00989017 160 172 125
-0.00340424 9.31442e-05 0.00623294 168 175 126
-0.00467275 -0.00362862 0.0133942 168 171 119
-0.00951648 -0.000299818 0.0120723 142 138 80
-0.00464773 -0.00346026 0.0129398 163 169 115
-0.0082954 0.00199958 0.00821752 172 160 151
-0.0070045 -0.00251179 0.0100435 162 160 103
-0.00356094 -5.70114e-05 0.00637824 168 174 124
-0.00313295 0.00106873 0.00865558 174 170 158
-0.00284273 0.000263741 0.00947098 166 178 132
-0.0031911 0.00102241 0.00932937 171 168 156
-0.0026835 -0.000315455 0.00984414 166 176 132
-0.00271698 -0.000594799 0.00679735 170 174 124
-0.00896538 -4.33742e-05 0.0101981 136 132 74
-0.00774707 -0.00262856 0.0101591 163 162 104
-0.0076881 -0.000148477 0.0114958 147 142 78
-0.00634226 -0.00361945 0.011111 168 168 113
-0.00865937 -0.00293668 0.0138081 158 154 96
-0.00371436 -0.00381562 0.0132561 170 174 120
-0.00559474 -0.00185116 0.0110481 170 174 120
-0.000794174 0.000798641 0.01063 172 181 133
-0.00747501 -0.00228118 0.0117654 161 160 104
-0.00379624 0.00227023 0.00970471 168 161 153
-0.00673006 -0.000998914 0.0102023 162 164 109
-0.00323444 0.00112023 0.0086221 174 170 158
-0.00356172 0.00214108 0.00787157 177 169 160
-0.00756444 -0.000281877 0.0114016 150 146 83
-0.010154 -0.00109515 0.015281 158 152 92
0.00167415 0.00161288 0.0138976 179 172 158
-0.00834246 -0.00252188 0.0113235 156 152 96
-0.00414891 0.00307133 0.00853989 164 154 152
-0.00869949 -0.000503874 0.0119104 153 148 88
-0.00310028 0.00228026 0.00904014 176 166 158
-0.00427711 -0.00323596 0.0126408 164 169 116
-0.00923331 -0.000948337 0.00971222 160 155 98
-0.00932484 -0.000687791 0.0120892 158 152 90
-0.00296353 0.00155796 0.00980424 176 170 159
0.000769837 0.000424016 0.0111109 170 178 130
-0.000646156 -2.40019e-05 0.0128949 172 182 134
-0.0069134 0.00165325 0.0104707 156 144 119
-0.00720043 0.0013296 0.00901313 162 152 130
-0.00990172 -0.00111362 0.012906 159 154 96
-0.000402767 0.000428317 0.0105926 170 179 132
-0.00983179 -0.00221015 0.0113769 159 155 100
-0.0104201 -0.000695748 0.0116227 160 156 100
-0.0100586 -0.000619946 0.00998357 162 158 104
-0.00493254 0.00394598 0.0107982 157 145 146
-0.0105081 -0.0018211 0.0153953 158 154 94
-0.00985544 -0.00293665 0.011928 160 158 102
0.000626328 0.00203893 0.0119209 178 171 158
-0.00184565 -0.00274758 0.0113447 170 174 120
-0.00694466 -0.00355006 0.0108455 169 168 112
-0.00687161 0.00233746 0.0115666 160 147 134
-0.00370758 0.00164817 0.00752792 177 170 160
-0.0103133 0.000763687 0.013209 174 164 150
-0.00357289 0.0015651 0.00774781 178 171 160
-0.00422003 0.00290922 0.00956374 161 152 150
-0.00732572 0.00342677 0.0105445 170 158 152
-0.00757668 0.0028786 0.00953756 170 158 154
-0.00715558 0.0026142 0.00906461 168 156 150
-0.00709367 0.00259371 0.00893866 168 156 150
-0.00919099 0.00238415 0.00996348 174 162 153
-0.00599688 -0.00349508 0.0118685 168 168 114
-0.00557044 0.000257396 0.0091354 53 48 18
-0.00372171 0.000449692 0.0105591 36 37 16
-0.00496086 0.00245866 0.0104784 80 34 27
-0.00503577 0.00260534 0.0106947 70 22 16
-0.00441676 0.00148465 0.00979368 104 68 56
-0.00455877 0.00247866 0.0105987 82 46 43
-0.00609268 -0.000210873 0.0116176 126 98 60
-0.00476047 0.000365081 0.0105776 130 132 126
-0.00492715 0.00127245 0.00960175 64 38 26
-0.00648747 -0.000276146 0.0106648 135 120 81
-0.00473685 0.00214238 0.010293 72 40 32
-0.00299714 -2.32952e-05 0.0102029 46 47 22
-0.00704637 -0.000932851 0.0110269 70 70 38
-0.00487628 0.00195456 0.0101528 74 36 29
-0.00494906 0.00270149 0.0108242 86 36 26
-0.00562728 0.000509174 0.00892627 72 76 51
-0.00550545 -0.000341175 0.0102838 70 74 42
-0.0054581 -0.000334171 0.0102745 60 64 33
-0.0064212 -0.000588901 0.0108651 46 41 20
-0.00476634 0.00142122 0.00968576 164 128 118
-0.0063707 0.000221355 0.00999077 70 72 46
-0.00556143 0.000901911 0.00856172 64 78 39
-0.00476896 0.0013533 0.00956287 164 131 124
-0.00353138 -0.000160123 0.01147 158 174 127
-0.00459492 0.000275904 0.0106459 92 98 89
-0.0051243 0.00159585 0.00989797 69 28 21
-0.005949 0.000337228 0.0107088 46 50 39
-0.00497182 0.00114704 0.00951297 60 29 22
-0.00553282 0.000385337 0.00903312 68 78 32
-0.00433835 0.00147568 0.00971462 116 84 76
-0.0038385 0.000416325 0.0107238 38 40 17
-0.00399491 0.00196333 0.0104857 86 56 52
-0.00494871 0.00184397 0.00994187 82 43 37
-0.00472791 0.00125545 0.00955531 48 16 9
-0.00466932 4.59316e-05 0.0103056 90 92 79
-0.00493592 0.00212363 0.0103683 70 31 22
-0.00521256 0.00304845 0.0113411 82 35 22
-0.00472008 0.00190686 0.0100374 78 43 38
-0.00458985 0.0023353 0.0104032 77 40 35
-0.00745997 0.000808165 0.00842682 54 64 45
-0.00348388 0.000210222 0.010839 33 35 14
-0.00465604 0.00116036 0.00963325 16 8 5
-0.00373042 0.000593409 0.0103957 16 6 4
-0.00591032 0.000245308 0.0103478 69 74 58
-0.00696222 0.000382394 0.00892125 93 96 61
-0.0050271 0.000954644 0.00954104 54 34 24
-0.0041981 0.00147848 0.00984183 153 123 119
-0.00445765 0.000822446 0.0101008 40 44 24
-0.00718419 -0.00229377 0.00988631 92 90 68
-0.00407633 0.0019655 0.0104101 86 58 56
-0.00385126 0.000529345 0.0106771 36 37 18
-0.00558862 0.000359091 0.0090573 76 80 50
-0.00464552 0.00189086 0.0101212 84 50 44
-0.00466666 0.00316254 0.0112175 84 44 42
-0.00472057 0.00184727 0.0100363 81 46 39
-0.00571732 0.00108728 0.00840096 56 68 33
-0.00422525 0.00165062 0.0100542 22 10 8
-0.00454255 0.00305781 0.0109951 96 64 64
-0.0050888 0.00143036 0.00975487 174 126 103
-0.00415953 0.00110217 0.00949228 39 44 23
-0.00484752 0.00145528 0.00970912 158 118 110
-0.00721489 -0.00076934 0.0112314 156 152 92
-0.00428687 0.00098009 0.0096857 32 34 18
-0.00733234 -0.00259193 0.00979499 111 108 89
-0.00526939 -0.000228757 0.00999961 98 98 55
-0.00473395 0.00217946 0.0102103 68 34 26
-0.00728039 -0.00101738 0.011149 64 61 31
-0.00286796 -0.000388215 0.0103876 161 175 128
-0.00484453 0.00181577 0.0100386 73 38 33
-0.0075171 -0.000832679 0.0113158 154 148 87
-0.00361942 0.000120994 0.0107714 122 98 56
0.00133648 0.00122278 0.0127286 153 160 116
-0.00381854 -0.00240834 0.0109913 167 172 122
-0.00406505 0.000545755 0.0106405 28 32 14
-0.00612033 -0.000335136 0.0115716 64 48 24
-0.00496477 0.00233544 0.0104593 57 19 13
-0.00999809 -0.000196282 0.00998874 148 147 94
-0.00558569 -0.000441149 0.0101317 60 64 33
-0.00650292 -0.000725558 0.0109403 52 52 28
-0.00550879 0.000545895 0.00897437 64 73 28
-0.00429228 0.00279278 0.0111524 90 59 58
-0.0067786 -0.00201287 0.00998019 64 68 45
-0.00611563 -0.00127203 0.0101023 62 65 43
-0.00399023 -0.000673297 0.00734335 50 50 30
-0.0050005 -0.000801071 0.0104539 112 111 65
-0.00407049 -0.000216594 0.00984905 46 52 34
-0.00751725 0.000836573 0.00838248 53 64 40
-0.00544423 0.000698199 0.00875679 64 80 39
-0.00740378 -0.00102228 0.0111638 91 78 34
-0.00435589 0.00214691 0.0103612 84 49 45
-0.00462855 0.00286986 0.0109017 82 33 29
-0.00711259 -0.00105648 0.0110445 74 74 40
-0.00559496 -0.00296826 0.0113086 68 76 42
0.000893348 0.00115321 0.0129741 152 159 116
-0.00724083 -0.00230358 0.00994987 78 76 46
-0.00400035 -0.000246744 0.00987858 52 56 40
-0.00500087 0.00134893 0.00975231 160 119 103
-0.00745623 0.000790854 0.00838414 52 62 41
-0.00691504 0.00040387 0.00887378 62 67 40
-0.00644353 -0.000739247 0.01083 54 56 34
-0.00401905 0.00297109 0.0116199 95 56 52
-0.00352801 -0.000111905 0.0104915 160 175 130
-0.00399601 -0.000726622 0.00733489 57 56 34
-0.00306214 0.000665065 0.00991165 161 166 129
-0.00645412 -0.00155984 0.00998747 66 69 48
0.000842387 0.0011289 0.0133198 154 160 118
-0.00725758 -0.000605601 0.0111549 156 152 92
-0.0065086 -0.00152178 0.01006 68 69 49
-0.00580951 -0.00343819 0.0114547 78 82 48
-0.00655241 -0.00167091 0.00999836 58 63 39
-0.00745538 0.000917923 0.00840272 167 158 136
-0.00507997 0.00323333 0.0104712 144 118 112
-0.00205299 0.000971925 0.00989458 144 156 113
-0.00882245 -0.00203268 0.0110934 158 154 96
-0.0021035 0.000985519 0.00967379 147 156 113
-0.00366186 -0.00294028 0.0110083 169 171 118
-0.0033053 -0.00285256 0.0106776 170 174 120
-0.00837854 7.76058e-05 0.00945179 136 130 72
-0.00780335 0.0014542 0.00822311 172 160 150
-0.00624754 -0.0012625 0.0101658 60 63 41
-0.00804918 0.000273713 0.00852521 126 123 66
-0.00773559 0.00134292 0.00821758 168 159 144
-0.00730219 -0.00234136 0.00992971 162 160 111
-0.00647621 -0.00090135 0.0109866 159 160 106
0.000679362 0.00109218 0.0111895 168 174 128
-0.00817409 3.03649e-06 0.00985194 146 140 79
-0.00805457 0.000430682 0.00825931 169 158 134
-0.00733321 -0.00297918 0.00998683 168 166 110
-0.00801391 -0.000657864 0.0107098 154 150 87
0.00179573 0.000969316 0.0144601 166 176 126
-0.00241185 -0.0028198 0.0105288 172 176 121
-0.00844301 -0.00237805 0.0097331 160 158 104
-0.00558882 -0.00318461 0.011203 169 170 113
-0.00861469 -0.00242534 0.0100179 162 160 105
-0.00357353 -8.13149e-05 0.00643482 173 178 128
-0.0087471 -0.0022938 0.0102224 162 158 104
-0.00562797 -0.00413909 0.0122811 168 168 112
-0.00224191 0.000745121 0.00970138 162 174 128
-0.0080902 -0.00148006 0.00983844 158 154 96
-0.00871109 -0.00214743 0.0111773 158 154 96
-0.0086511 -0.00260623 0.0102291 160 159 104
-0.00761814 0.00149081 0.00834196 169 159 147
-0.00263629 0.00109032 0.00891753 174 172 157
-0.00900895 -0.00030652 0.0109688 154 148 89
-0.00704534 -0.0027251 0.0101356 165 163 108
-0.00735438 -0.00120964 0.0104102 158 158 99
-0.00203102 0.00128084 0.00917403 180 174 159
-0.00541156 -0.00335405 0.0116511 167 169 113
-0.00480996 0.00399321 0.0110917 158 146 147
-0.00916687 0.000163189 0.0105711 170 159 138
-6.5177e-05 0.00015504 0.0109897 170 179 132
-0.00023436 9.08013e-05 0.0107304 170 178 130
0.000344186 0.00210523 0.0125105 178 172 159
-0.00641321 0.000681298 0.0103304 124 82 59
-0.00692869 -0.000925232 0.0110895 58 58 28
-0.00497096 0.0024845 0.0106726 88 38 28
-0.00263201 -0.000473839 0.0104127 140 147 102
-0.00624002 -0.000344864 0.0109827 86 58 31
-0.00515446 0.00275837 0.0108603 102 44 29
-0.00486765 0.000505051 0.0105402 80 85 60
-0.004996 0.00103507 0.00942874 26 13 8
-0.00444694 0.00167081 0.00994691 71 36 32
-0.00559938 0.00083484 0.00857922 61 74 35
-0.00450293 0.00169672 0.00995143 74 35 31
-0.00485541 0.00200685 0.0101554 80 44 36
-0.00459337 0.00240012 0.0105108 76 36 32
-0.00476476 0.000389661 0.0105847 74 80 68
-0.00503331 0.00239703 0.0105305 82 34 24
-0.00477023 0.00020973 0.0103003 86 88 74
-0.00427008 0.000942181 0.00984123 34 38 20
-0.0029876 -0.00267945 0.0103289 118 128 82
-0.00476618 0.00195833 0.0100963 76 42 36
-0.00650322 -8.70136e-05 0.010353 142 125 79
-0.00471162 0.000556005 0.0107522 64 68 51
-0.00493373 0.00216024 0.0105939 82 42 31
-0.00645761 0.000514831 0.0103204 126 90 75
-0.00499508 0.00312586 0.0111285 97 44 32
-0.00311891 0.000752051 0.0100757 166 145 127
-0.00495547 0.00187844 0.010059 78 38 31
-0.00308207 0.000913083 0.0101102 164 164 148
-0.0046528 0.0017782 0.0100067 72 33 28
-0.00650322 -6.20512e-05 0.0104744 146 122 76
-0.00346211 -0.00325634 0.0111042 110 118 72
-0.00548096 0.000280906 0.009108 74 82 34
-0.00307918 0.000697174 0.00992816 150 158 123
-0.00711567 -0.000506184 0.011068 156 154 94
-0.0049218 0.00179961 0.0100372 72 35 28
-0.00495711 0.00134916 0.00973569 148 108 92
-0.00480124 0.0002121 0.010357 88 90 74
-0.00317095 -9.80466e-05 0.0106786 156 164 121
-0.00646724 0.000732328 0.0102854 127 80 53
-0.00320115 -9.71528e-05 0.0107292 156 170 125
0.000812437 0.00116861 0.0110133 167 174 123
-0.00647247 -0.00152168 0.0100788 56 58 38
-0.00745941 -0.00260278 0.0098331 96 94 68
-0.00498704 0.00317063 0.0109066 73 28 22
-0.00777084 -0.00274383 0.00976204 163 162 106
-0.00259101 -0.000358202 0.0105128 66 69 29
-0.00376119 -0.000496111 0.00971177 34 41 22
-0.00600431 -0.00109761 0.010177 64 67 44
-0.00690673 -0.00223556 0.00996779 98 98 68
-0.0077456 -0.000905861 0.0110902 156 151 90
-0.00302557 0.000674232 0.00972921 150 166 126
-0.00779068 -0.000918852 0.0109645 156 152 90
-0.00756102 -0.000969899 0.0110448 152 138 84
0.000593115 0.000956787 0.0120623 174 179 127
0.000270914 0.000994396 0.0122147 168 177 125
1.38157e-05 0.00143003 0.0111206 180 173 156
-0.00701363 -0.00187891 0.00988581 162 158 102
-0.000325747 0.0015864 0.0104006 180 173 158
-0.00476952 0.00382596 0.0116484 156 143 144
-0.00838892 -0.000253298 0.0106545 152 146 84
-0.00259773 0.000492857 0.00980481 160 174 130
-0.00946675 -0.000248107 0.0107924 149 144 86
-0.00676525 -0.00101412 0.0100267 162 162 107
-0.000276932 0.000871584 0.0116252 175 180 130
-0.00224031 0.000793534 0.00941533 160 174 128
-0.00868179 -0.00240745 0.00994196 162 160 104
-0.00754746 -0.00124687 0.0103136 158 155 98
-0.00957798 -0.00031502 0.0109317 153 150 92
-0.00888708 -0.00195578 0.0097648 160 156 100
-0.00877964 -0.00183407 0.00983734 158 154 98
-0.00744652 0.00144835 0.00860827 168 158 142
-0.0102818 -0.00283588 0.0134855 160 154 100
-0.00733365 0.0012064 0.00861956 168 157 136
-0.00326944 0.000997513 0.0104533 150 106 86
-0.00512233 0.00190116 0.0100321 65 25 18
-0.00482525 0.000173469 0.0103228 92 94 74
-0.00634233 -0.000483959 0.0109094 73 54 34
-0.00353967 0.000960031 0.0102469 81 52 40
-0.00468712 0.0011267 0.00972275 62 44 40
-0.00510634 0.00154502 0.00985356 46 13 6
-0.00436073 -5.30254e-05 0.0101963 54 60 40
0.000261458 0.00123447 0.0104834 158 160 113
-0.00479065 0.0017648 0.00992297 54 19 13
-0.00436566 -0.000325924 0.0106403 58 61 35
-0.00495465 6.49365e-06 0.00982787 68 74 44
-0.00476446 0.000100707 0.0102207 91 91 81
-0.00496121 0.00179404 0.0100358 68 30 24
-0.00410894 0.000445409 0.0108906 38 35 22
-0.00424939 -0.000714554 0.0106906 38 48 24
-0.00461986 0.000360619 0.0106123 81 86 72
0.000393727 0.00117167 0.0116509 159 163 117
-0.00971129 -6.32518e-05 0.00875455 148 144 91
-0.00309188 -0.000252891 0.0105266 158 170 125
-0.00436653 0.00174752 0.00998532 70 35 32
-0.00346728 -0.00309665 0.0112864 82 92 54
-0.00234544 0.000866415 0.0100032 134 152 108
-0.00638389 -0.00116631 0.0097549 118 119 82
-0.00942301 -6.80368e-05 0.00891424 152 148 94
-0.00196183 0.000992753 0.00979657 134 148 110
-0.00847332 -0.000112578 0.0104451 150 144 84
-0.00874942 -2.79694e-05 0.00968198 148 144 87
-0.00923567 -6.04265e-05 0.00930498 149 146 94
-0.00252237 0.00077038 0.0100651 142 160 117
-0.00926448 -8.20437e-05 0.0092649 152 149 96
-0.00859294 -0.000128114 0.0105238 148 144 86
-0.00941686 -8.35216e-05 0.00898775 154 150 97
-0.00922819 -0.000125646 0.00933302 157 154 102
-0.00866953 -6.44136e-05 0.00968482 154 150 91
-0.00803205 -0.000246286 0.0103016 154 149 85
-0.00791432 -3.13924e-06 0.0101156 149 144 82
-0.00870628 -0.00017443 0.0102868 153 148 86
-0.00818663 -0.00025037 0.00946746 156 151 90
-0.00924572 -0.000189189 0.00932165 160 157 102
-0.00537535 0.00394736 0.0105003 159 148 148
-0.00639735 -0.000147638 0.0105397 162 158 102
-0.0044531 0.000512833 0.0108801 12 8 5
-0.00471044 0.000326167 0.010486 144 144 143
-0.00446345 0.00260247 0.0118135 62 24 18
-0.00472562 0.00293959 0.0119754 86 36 28
-0.00494019 0.000519806 0.010514 74 80 50
-0.00423362 0.0010246 0.00965257 36 40 20
-0.00271609 -0.000405371 0.0104026 138 146 100
-0.00411026 0.00126833 0.00939227 35 39 18
-0.00693744 0.000436909 0.009003 53 56 36
-0.00575649 -0.000935568 0.0103194 62 64 38
-0.00662319 -0.00181019 0.00996874 56 60 40
-0.00754809 0.000286924 0.00893644 127 125 69
-0.00979571 -0.000147154 0.00996127 140 134 80
-0.00751753 0.00018952 0.00950619 134 131 74
-0.00789288 0.000259706 0.00872026 128 126 70
-0.00336538 -0.00116096 0.0102515 160 168 122
-0.00734412 -0.00047597 0.0111149 158 153 93
-0.00921053 -7.24976e-05 0.00951433 146 140 82
-0.00896196 -2.61773e-05 0.00997402 140 136 81
-0.00885663 -0.000709378 0.0111894 160 154 95
-0.00905162 -0.000387004 0.0108783 159 154 96
-0.00932276 -0.000433633 0.0101381 163 158 100
-0.00507787 0.00105908 0.0118352 61 44 24
-0.00531722 0.00100613 0.0116743 57 22 14
-0.00523966 0.00120131 0.0119187 154 108 86
-0.00519629 -0.000591344 0.00928731 99 100 51
-0.00659373 -0.00174662 0.00999051 58 60 40
-0.00807416 -0.00202491 0.00972727 160 156 101
-0.00948008 -0.00208546 0.0109278 162 158 102
-0.00757885 -0.00143361 0.00977777 161 158 101
-0.00868604 -0.00195695 0.009374 166 160 105
-0.00420532 3.73268e-05 0.0104267 42 17 10
-0.00429788 2.54363e-05 0.0103594 28 22 12
-0.00524112 0.00254312 0.0130057 76 50 22
-0.00569665 -0.000566885 0.0100788 54 62 30
-0.00661742 8.52864e-05 0.0102274 130 93 62
-0.0100745 -0.000128194 0.00994714 136 133 85
-0.00664196 0.000119394 0.0103188 122 112 76
-0.00697713 0.000322484 0.00915409 134 134 86
-0.00482152 0.000970314 0.011556 52 60 30
-0.00221114 0.00078231 0.0104699 131 152 112
-0.00222659 0.000754957 0.0105509 132 152 112
-0.00808299 -0.0010479 0.0112028 160 156 97
-0.00164236 0.000955914 0.0102083 130 146 108
-0.00606454 -0.00183571 0.00817318 166 166 111
-0.00648921 -0.000954816 0.00978447 167 166 110
-0.00679544 -0.00152371 0.00991385 164 162 104
-0.00662619 -0.00100232 0.00954379 164 162 105
-0.00599907 -0.00188004 0.00812252 165 165 112
-0.00780556 -0.00166954 0.0100196 160 156 98
-0.00558076 -0.00234122 0.008278 168 168 114
-0.00289139 -0.000290916 0.0105849 164 172 125
-0.00695058 -0.00186488 0.00986808 124 122 82
-0.00651953 -0.00133081 0.00991729 120 120 82
-0.00726035 -0.00271957 0.0100151 167 166 110
-0.00790809 -0.00174154 0.00979055 161 156 100
-0.00298222 -0.00190134 0.0102326 170 173 121
-0.00278159 -0.000405241 0.0103923 159 170 125
-0.00494736 0.000406145 0.0104807 58 68 36
-0.00281786 -0.000292261 0.0104895 118 122 86
-0.0032218 2.66675e-05 0.0108565 40 45 20
-0.00786738 -0.00299919 0.00980972 166 165 116
-0.0055876 -0.000398311 0.0101244 66 68 36
-0.00725154 -0.00259385 0.00983575 141 141 92
-0.00582384 -0.000801122 0.0102199 57 62 34
-0.00641823 -0.000897263 0.00992874 165 164 107
-0.00675039 -0.00193221 0.00995864 58 62 37
-0.00662203 -0.00135485 0.009969 162 162 106
-0.00680081 -0.00148013 0.0103047 164 164 107
-0.0068117 -0.00158707 0.0105017 163 162 105
-0.00736213 -0.000919478 0.0113236 160 156 98
-0.00346826 0.000430214 0.0107151 18 10 4
-0.00504803 0.00157366 0.00991405 68 30 24
-0.00361865 0.000509858 0.0106013 15 6 2
-0.00502068 0.00182374 0.0100078 80 40 30
-0.0077198 -0.00282989 0.00983502 165 163 108
-0.00356119 0.000437229 0.0106697 28 22 12
-0.00474513 0.0005169 0.0106002 118 116 112
-0.00412808 0.00113738 0.00941475 36 40 19
-0.00619894 -0.00112446 0.0101328 62 64 44
-0.0071857 -0.000902826 0.0111474 160 158 102
-0.00443592 0.00109411 0.00972867 15 9 6
-0.00675535 -0.00185464 0.010008 76 76 54
-0.00690865 -0.000756152 0.0109399 162 161 104
-0.00582321 -0.000705982 0.0102069 57 62 34
-0.00532013 -0.00188541 0.0108479 70 83 38
-0.00231584 -0.000663311 0.00883245 164 172 122
-0.00671412 -0.00158453 0.0100661 162 162 106
-0.00778045 -0.00261802 0.00981658 164 164 110
-0.00254246 -0.000536537 0.010074 160 168 121
-0.00747032 -0.00236753 0.00984818 164 163 106
-0.00828835 -0.00233229 0.00986776 161 158 101
-0.00248584 -0.000604162 0.0100338 165 174 126
-0.00418041 0.000693604 0.0105731 28 29 15
-0.00360076 -0.000198373 0.00602105 168 174 122
-0.00642498 -0.000266314 0.0105389 162 162 107
-0.00364781 0.00222655 0.00868191 166 157 144
-0.00362588 -0.000183396 0.00603959 170 176 122
-0.0047934 0.00230335 0.0103908 70 34 27
-0.00540871 0.000939565 0.00866411 48 49 30
-0.00349135 0.000937189 0.0101258 52 24 13
-0.00496287 -0.000131704 0.00956972 90 95 60
-0.00501569 0.0022444 0.0103442 78 34 26
-0.00504296 0.00252803 0.0107302 86 31 20
-0.00344085 -0.0033504 0.0110772 168 170 117
-0.00377336 0.000407178 0.0106249 40 41 20
-0.00618749 -0.000697098 0.0110337 96 100 59
-0.00371843 -0.000407339 0.00630239 166 174 122
-0.00508863 -0.000301529 0.010088 102 102 61
-0.00338779 -0.0033448 0.0111232 128 136 88
-0.00472677 0.00236514 0.0105224 68 30 26
-0.00550855 0.00118289 0.00856943 121 94 70
-0.00381485 -0.000454101 0.00633238 170 173 121
-0.00453601 -7.99025e-05 0.0100056 75 82 60
-0.0044869 0.000642125 0.0108473 58 58 40
-0.00455877 0.00199558 0.0101738 83 46 42
-0.00302011 0.000264362 0.0101408 158 164 126
-0.0036862 0.000829385 0.0102136 21 7 5
-0.00785353 0.00146742 0.00816325 172 164 152
-0.00533802 0.00109775 0.00870607 89 42 29
-0.00622631 -0.00115792 0.0100524 68 67 46
-0.00369812 -0.000380589 0.00626831 168 172 121
-0.00439654 0.00083375 0.00962451 42 46 24
-0.00454687 0.000191514 0.0106889 73 80 70
-0.00344907 0.0002609 0.0105936 31 30 14
-0.00496659 0.0019283 0.0100591 62 26 18
-0.00284963 0.000246322 0.0101019 140 102 76
-0.00661131 -0.000676673 0.0109405 158 154 104
-0.00577117 -0.000555148 0.0103365 124 126 86
-0.0067602 -0.000701129 0.0107399 158 159 101
-0.00380788 -0.000457539 0.00642649 172 174 124
-0.00739487 -0.000723023 0.0112876 158 153 94
-0.00318172 2.371e-05 0.0107338 36 41 17
-0.00374427 -0.000417542 0.00630764 167 174 123
-0.00551376 -0.000711509 0.0103053 57 63 28
-0.00373145 -0.00042083 0.00987255 46 54 37
-0.00536703 -0.00200408 0.010833 66 80 35
-0.00378888 -0.000355643 0.00632773 168 174 120
-0.00785185 -0.00277336 0.00979314 165 164 108
-0.00550459 0.000565983 0.00884227 64 76 30
-0.00616159 -0.000515762 0.0108249 50 52 28
-0.00697856 -0.000572551 0.010678 160 158 100
-0.00596666 -0.00128982 0.0103083 62 65 42
-0.00254653 -0.000417842 0.0103833 66 62 22
-0.006398 -0.00119045 0.0100415 166 164 112
-0.00354888 -0.000262105 0.00597519 57 63 22
-0.00737733 -0.00324609 0.00995766 168 168 112
-0.00810971 -0.000656317 0.0106889 158 152 91
-0.00297441 0.000567454 0.00994325 163 164 134
-0.0033274 -0.000357319 0.0103267 165 176 131
-0.00629678 -0.001135 0.0101284 160 158 118
-0.00629349 -0.00105632 0.0101384 165 168 112
-0.00717947 -0.00255543 0.00990963 132 130 91
-0.00661503 -0.00161059 0.00996317 79 78 52
-0.0032325 -0.000345905 0.0104766 164 177 128
-0.00810426 -0.000735709 0.0107357 157 152 90
-0.00645322 -0.0010176 0.010918 164 166 112
-0.00769647 0.00146419 0.00823384 172 162 150
-0.00811029 -0.000539465 0.0076602 160 158 100
-0.00390406 -0.00332065 0.0108538 168 170 115
-0.00813313 -0.00274067 0.0105384 160 160 103
-0.0052586 -0.00387975 0.0118366 169 170 114
-0.0066214 -0.00129562 0.0100814 164 166 112
-0.00525376 0.0046924 0.0122756 160 149 148
-0.00466893 0.00309189 0.0111597 107 64 61
-0.00379548 0.00107761 0.00982226 50 44 27
-0.00329569 0.000471388 0.0100194 160 165 124
-0.0041071 0.0013756 0.00965253 112 92 91
-0.00477168 0.00195729 0.00995339 76 42 36
-0.00502059 0.00191413 0.0101278 62 22 13
-0.0045732 0.00160778 0.00979734 74 40 38
-0.00380305 0.000988752 0.0102992 37 38 18
-0.00292393 -0.000245051 0.0104607 162 173 124
-0.003262 0.000424233 0.0100737 162 173 128
-0.00570894 0.000445649 0.00897556 56 63 52
-0.00476946 0.00257309 0.01059 84 33 27
-0.00330716 0.000403432 0.010733 47 28 11
-0.00296585 -0.000281927 0.0106072 160 173 127
-0.00361052 3.98466e-05 0.0112425 94 72 46
-0.00492408 -0.000683101 0.0101149 90 92 42
-0.00498836 -0.000749824 0.0101928 106 106 60
-0.00478556 -7.42426e-05 0.00992955 38 46 24
-0.00459274 -7.18558e-05 0.0101399 70 76 60
-0.00586733 0.000861227 0.00909897 42 16 9
-0.00339239 -1.99536e-05 0.0107288 162 174 127
-0.00492623 -0.000350536 0.0100775 118 112 65
-0.00467055 0.00294689 0.0109463 84 36 30
-0.00478777 0.00187973 0.0100849 78 42 35
-0.00542484 -0.000820404 0.0105883 64 68 32
-0.00552447 0.0010346 0.00864384 65 79 46
-0.0048659 0.00138963 0.0098105 106 68 56
-0.00498436 -0.000794583 0.0101754 98 98 56
-0.00491026 -0.000670441 0.0103091 102 100 54
-0.00337937 0.000185502 0.010797 34 35 18
-0.00503615 0.00151408 0.0097697 72 30 21
-0.00553307 -0.00271239 0.0110525 72 81 46
-0.0076826 -0.00306646 0.00972509 136 138 88
-0.003239 -0.00249318 0.01038 94 104 56
-0.00351517 0.000158944 0.0107217 75 80 46
-0.00461434 0.0013667 0.00980696 156 120 110
-0.00349778 0.000678969 0.0105898 26 9 5
-0.00375453 0.002284 0.0111753 72 41 36
-0.00626722 -0.00162636 0.0104259 66 69 46
-0.00540725 -0.000479186 0.0102731 62 66 30
-0.00513366 -8.68926e-05 0.00950804 106 110 63
-0.00570313 0.00156086 0.00840725 22 32 12
-0.00641999 -0.000665324 0.0109156 59 56 30
-0.00747293 -0.000763398 0.0114157 156 152 88
-0.00623278 -0.00169178 0.0104978 70 74 49
-0.00444563 0.00170368 0.00988454 70 34 30
-0.00700967 -0.00233657 0.00995636 72 74 50
-0.00668703 0.00100358 0.0108595 163 157 130
-0.00540485 -0.00193765 0.00993846 74 89 50
-0.00696506 -0.0003263 0.0106 158 158 99
-0.0072432 -0.000459495 0.0111987 157 154 94
-0.00687769 -0.000390297 0.010671 160 160 103
-0.00714727 -0.000240906 0.0103861 156 154 96
-0.00614626 -0.000992062 0.0103072 128 128 87
-0.00630349 -0.00350898 0.0128555 164 164 108
-0.00287609 0.000109453 0.00975936 150 116 89
-0.00739934 -0.000476962 0.0113755 154 150 88
-0.00628611 -0.00363238 0.0115512 170 170 113
-0.00473047 0.00355191 0.0109382 154 142 142
-0.00775528 -0.00267404 0.00976346 168 167 110
-0.00565622 -0.00145044 0.00998254 171 175 120
-0.0070802 -0.00260375 0.0100236 166 162 107
-0.00558308 -0.00103279 0.0100875 173 177 121
-0.00671254 -0.000954724 0.0105003 161 164 108
-0.00751989 -0.00103824 0.0106268 160 157 100
-0.00622382 -0.00351081 0.0130747 166 168 112
-0.00716684 -0.00292002 0.0102019 168 168 112
-0.00743815 -0.00256759 0.0104579 166 164 107
-0.00378683 0.00290274 0.0111927 128 106 98
-0.00366154 0.00258 0.0110327 121 102 90
-0.00413109 -0.00243785 0.0108951 168 172 117
-0.00374409 0.00294359 0.00896975 168 158 152
-0.00740751 -0.00287273 0.0139707 162 162 106
-0.00789079 0.00538237 0.0185105 169 158 154
-0.00358706 -0.000157264 0.00600687 160 166 116
-0.00364717 0.00228274 0.00872378 156 142 129
-0.00641342 -4.35239e-05 0.0101335 151 155 103
-0.00598834 -0.00360891 0.011937 158 156 103
-0.00472118 0.00070722 0.0103139 30 32 18
-0.00622129 0.000457545 0.0105841 89 78 65
-0.0049436 0.00109262 0.00940957 56 34 24
-0.00361733 -8.56739e-05 0.0112617 108 90 58
-0.00379921 0.00227201 0.00888438 158 150 142
-0.0062782 -0.00033781 0.010802 76 52 26
-0.00495267 0.00179105 0.0100182 60 25 19
-0.00631138 0.000940906 0.01083 129 87 57
-0.00420263 0.00070217 0.0105258 20 22 10
-0.0045809 0.00284011 0.0109551 82 37 34
-0.00486115 0.00272264 0.0109135 92 38 30
-0.0054889 0.00269017 0.0112498 70 20 12
-0.00437577 0.000813242 0.0100426 37 42 20
-0.00481206 0.00053709 0.0105536 101 98 92
-0.00443862 0.00254056 0.0107303 75 36 32
-0.00489993 0.00036192 0.0105301 94 94 79
-0.0053899 0.00237238 0.0108398 64 20 14
-0.0063871 -0.000421257 0.0107299 48 28 11
-0.00513237 0.00265733 0.0107265 87 30 18
-0.00471266 0.00196523 0.0100672 72 38 34
-0.00428954 0.000757872 0.0102019 20 24 11
-0.00516511 0.00141316 0.00984811 164 112 84
-0.00376978 0.00015039 0.010964 36 12 8
-0.0064145 0.000510803 0.0102189 119 84 62
-0.00541318 0.00240976 0.0107905 78 27 16
-0.00537012 0.00217896 0.0105277 60 15 8
-0.00513855 0.00104967 0.00973958 51 32 22
-0.00654153 -0.000190295 0.0105475 126 108 68
-0.00494091 0.00127013 0.00964154 66 38 26
-0.00582885 0.000346811 0.0108586 44 52 42
-0.00531335 0.00259341 0.0109475 88 31 20
-0.00396875 0.00164924 0.0102289 70 40 35
-0.00641525 0.000253102 0.00994179 57 60 38
-0.00513056 0.00179476 0.00995031 73 30 21
-0.00281514 -0.000358721 0.0104371 153 166 121
-0.00514309 0.00110626 0.00971409 66 30 21
-0.00537517 0.00245456 0.0107812 97 39 28
-0.00355569 0.000621671 0.011025 16 6 4
-0.00353502 0.00114099 0.0100978 101 70 58
-0.0035085 0.00120451 0.0102926 96 74 56
-0.00506381 -0.000187263 0.0098162 90 92 48
-0.00648805 -5.11343e-05 0.0106154 152 156 101
-0.00481968 0.00181792 0.010038 64 31 26
-0.00491623 0.000225995 0.010343 102 100 80
-0.00415018 0.00220933 0.0104812 31 10 4
-0.00495103 0.00240315 0.0104962 67 22 16
-0.00407849 -3.29457e-05 0.0103688 112 102 72
-0.00414846 0.00250613 0.0109333 62 28 26
-0.0035911 -0.00013641 0.00606794 158 166 115
-0.00420701 0.00199449 0.0102722 62 33 28
-0.0048754 -0.000638243 0.0103368 86 88 34
-0.00314719 0.000439716 0.0102484 148 165 120
-0.00511489 0.00154315 0.00984921 56 18 12
-0.00413042 0.0025634 0.0110056 75 38 34
-0.0042564 0.00135701 0.00960519 133 102 92
-0.00641612 0.000459439 0.0102842 110 83 58
-0.00567311 -0.00026891 0.0111905 113 110 72
-0.005099 0.0026081 0.0108212 77 24 14
-0.00422968 0.00219512 0.0104727 78 46 39
-0.00445005 0.00168024 0.00996109 54 22 18
-0.00452747 0.00289621 0.0110192 80 35 30
-0.00488503 0.00249496 0.0104433 85 38 31
-0.00529107 0.00200225 0.0103329 84 38 26
-0.0050492 0.00143867 0.00982064 151 110 94
-0.00517923 0.00239416 0.0106943 72 24 15
-0.00532603 0.00153468 0.00988149 74 28 17
-0.00432205 -0.0013354 0.0102717 106 108 57
-0.00403628 0.000580134 0.0106659 24 25 12
-0.0043346 0.00116297 0.00955953 34 26 14
-0.00524298 0.0013093 0.00967068 176 123 96
-0.00396747 0.00179923 0.0102867 78 46 42
-0.00653595 -2.7199e-05 0.0103391 132 116 77
-0.00368797 0.000916464 0.0101291 15 6 4
-0.0051909 0.00202482 0.0102423 84 39 24
-0.00542466 -0.00040204 0.0101661 53 58 24
-0.00480989 -0.000711045 0.0101517 124 118 76
-0.00587268 0.000168254 0.0105402 70 72 51
-0.00430317 0.00225228 0.0106168 76 52 48
-0.00445151 0.00160743 0.00994408 77 36 30
-0.00461496 0.000762686 0.0103245 35 38 19
-0.00511249 0.00239532 0.0105864 77 28 18
-0.00539642 0.00228307 0.0106865 68 23 14
-0.00468101 0.00135141 0.0095814 168 134 124
-0.00427152 -1.38678e-05 0.0107129 72 68 56
-0.00451624 0.00199804 0.010504 72 36 30
-0.00401521 0.000756674 0.0106798 14 8 4
-0.00383883 0.00265215 0.0114808 89 50 41
-0.00617692 -0.000330778 0.0111908 44 28 12
-0.00692122 0.000320487 0.00939117 62 67 43
-0.00390703 0.000474382 0.0105968 34 34 16
-0.00548036 0.000874378 0.00856769 50 60 38
-0.0056172 -0.000643727 0.0102798 54 59 28
-0.00355664 -0.000216063 0.00610077 162 166 116
-0.00564317 0.00124094 0.00840176 44 54 36
-0.00431627 0.00230039 0.0105243 80 46 44
-0.00562441 0.000328846 0.00930395 70 75 46
-0.00652103 0.000420225 0.0100802 127 85 70
-0.00541648 -0.000545584 0.0104366 46 53 19
-0.00423752 0.00211663 0.0103555 90 52 46
-0.00503169 0.00190837 0.0100561 50 18 8
-0.00495362 0.00175164 0.00999729 53 25 20
-0.00468597 0.00257815 0.0106696 88 39 32
-0.00349477 -0.00308901 0.0110473 35 50 15
-0.00417506 0.00190064 0.0101741 80 48 45
-0.00494013 0.00137224 0.00974087 133 101 90
-0.00541209 0.00226219 0.0108231 89 36 24
-0.00395502 0.00282119 0.0115259 105 69 65
-0.00496037 -4.75166e-05 0.00981464 29 39 16
-0.00528815 -0.000813369 0.00970759 103 102 52
-0.00675713 0.000443619 0.00870827 42 54 37
-0.00573928 -0.000298129 0.0109605 145 151 104
-0.00570878 0.00131428 0.00826929 46 57 40
-0.00513327 0.00248912 0.0106652 82 32 20
-0.00370274 0.00239839 0.00888463 154 144 136
-0.00381245 0.000352933 0.01088 40 41 17
-0.0048848 9.97362e-05 0.00982366 98 99 90
-0.00532919 0.00164753 0.0101266 72 28 20
-0.00700937 -0.00227364 0.0098943 60 62 39
-0.00424786 0.00181167 0.0101683 64 36 32
-0.00474105 0.00225536 0.0104021 96 59 52
-0.0060676 8.73006e-05 0.0112525 68 69 44
-0.00434683 0.00205177 0.0104013 78 49 44
-0.00584803 -0.000411529 0.0111062 136 140 94
-0.00369767 0.0019783 0.00867059 40 43 22
-0.00533306 0.00225597 0.0105232 84 36 22
-0.00344884 0.00123999 0.0101513 166 136 126
-0.00500333 -0.000140404 0.0097412 84 90 48
-0.00409525 0.00123215 0.00922972 26 35 13
-0.00439936 0.00215933 0.0103874 78 41 34
-0.00578115 0.000448306 0.00946293 38 46 37
-0.00489404 0.00213741 0.0102656 62 28 21
-0.00751497 -0.00278978 0.00979554 48 56 30
-0.00423634 0.00117905 0.00958214 28 30 13
-0.00539815 0.000333755 0.00902288 73 82 40
-0.00460955 -0.00065039 0.0105497 128 124 90
-0.00628404 0.000389664 0.0108253 56 42 30
-0.00567666 0.000485819 0.00902476 44 50 35
-0.00411089 0.00236257 0.0107522 77 47 44
-0.00518657 0.00133345 0.00979256 167 117 88
-0.00584204 5.75733e-05 0.0107814 26 22 10
-0.00683013 0.000504418 0.00870469 42 54 36
-0.0054501 0.00166515 0.00983991 71 28 20
-0.00441732 0.00037818 0.0108969 12 6 4
-0.00416652 0.00284207 0.0112939 76 38 34
-0.0043146 0.00197038 0.0102474 76 48 42
-0.00413969 0.000276467 0.0111395 16 6 4
-0.00462864 0.00135142 0.00952153 145 106 94
-0.0044652 0.000720156 0.0103117 40 44 24
-0.00500114 -0.000596643 0.0102856 120 114 73
-0.00373782 0.000664956 0.0109809 12 5 2
-0.00538287 0.00209245 0.010502 82 34 23
-0.00519932 3.27488e-05 0.00943972 84 91 46
-0.00465633 0.00268471 0.0107194 82 36 30
-0.00682303 0.000540854 0.00877897 52 58 40
-0.00466037 -0.000694156 0.0105275 118 114 72
-0.00577925 0.000264408 0.00969118 71 76 56
-0.00445354 0.000674665 0.010604 38 41 21
-0.00647961 -0.000193116 0.0104388 152 155 101
-0.00527149 0.0017773 0.00967112 76 31 21
-0.0053036 0.00135699 0.00978057 157 104 74
-0.00448468 0.00143875 0.00970442 156 110 93
-0.00626853 -4.33116e-05 0.0104545 134 113 68
-0.00318507 0.000206031 0.0110072 38 36 13
-0.00621004 0.00102452 0.0106955 86 40 24
-0.00547637 0.000700411 0.00868513 58 74 34
-0.00582602 -0.000328162 0.0105356 117 122 77
-0.00359426 -0.000138872 0.0114926 143 154 108
-0.00577097 0.000535672 0.00897047 15 8 6
-0.0035393 0.000644109 0.0105426 38 12 6
-0.00471447 0.00207988 0.0101367 82 48 42
-0.0051001 0.00167897 0.00999578 62 24 17
-0.00437603 0.00304495 0.0113319 96 54 54
-0.00547326 0.000811691 0.00849778 98 108 84
-0.00443577 9.81516e-05 0.0103219 50 58 44
-0.00395479 0.000764808 0.0106065 13 8 4
-0.00515714 -6.73418e-05 0.00965648 88 92 48
-0.00433767 0.000136208 0.0107653 22 9 6
-0.00480934 0.00316402 0.0111669 98 53 47
-0.00649016 -0.00081385 0.0109533 64 68 34
-0.00454734 0.00156249 0.00976902 74 36 28
-0.00467789 0.00148263 0.00973333 57 26 20
-0.00366332 0.00238632 0.00881035 159 152 145
-0.00487762 0.00050167 0.0106187 68 67 52
-0.00391479 0.000506578 0.0105854 32 32 14
-0.00523533 2.74142e-05 0.0092613 88 92 46
-0.00717562 -0.00232637 0.00983807 48 54 28
-0.00319637 0.000427269 0.00985828 150 164 119
-0.00507067 -0.00127438 0.0105612 69 82 37
-0.00409095 -0.00067577 0.00731701 48 46 28
-0.00468779 0.00299331 0.0111966 82 30 23
-0.0052491 -0.000457066 0.0103877 44 52 12
-0.00533602 0.00209719 0.0104589 84 36 24
-0.00572153 0.000633585 0.00895478 16 12 4
-0.00441924 0.00305792 0.0113148 93 56 54
-0.00570538 0.00128498 0.00826143 72 81 61
-0.00532126 -0.00186351 0.0108061 66 78 36
-0.00382888 -0.000677566 0.00690472 70 72 43
-0.00475224 -0.000619476 0.010372 118 113 72
-0.00536612 -0.000768021 0.00962355 126 126 74
-0.00523819 0.00189376 0.0102099 51 14 8
-0.0044808 0.00202356 0.0102954 74 39 36
-0.00765668 0.00118028 0.00818883 162 152 134
-0.00485829 0.00220614 0.0104587 66 30 22
-0.00474908 -0.000868037 0.0101749 140 140 92
-0.00493585 0.00199475 0.0102374 72 34 28
-0.00404836 0.00171122 0.0102613 80 46 42
-0.00531058 0.0014007 0.00970677 95 40 20
-0.00428265 0.000920235 0.00977515 38 42 22
-0.00686539 -0.00190653 0.00991628 70 70 44
-0.00637981 0.000975809 0.0105762 83 45 24
-0.00678598 -0.000843047 0.0110157 50 51 24
-0.00472638 0.00195174 0.0105993 68 34 30
-0.00467447 -0.00116514 0.00958999 100 110 59
-0.00604614 -0.00395647 0.0119165 160 160 103
-0.00579317 0.0013397 0.00827221 56 66 34
-0.00387536 -0.000678598 0.00695238 72 67 44
-0.00405144 0.000394833 0.0109615 30 22 12
-0.00577995 -6.95308e-05 0.0108407 35 38 22
-0.00521579 0.00199861 0.0103225 79 34 24
-0.00425043 0.00083363 0.0101357 36 40 18
-0.00513716 0.00256614 0.0108991 82 28 18
-0.00407911 0.000392604 0.0110653 42 30 16
-0.00464702 -0.000773611 0.010561 118 114 70
-0.00533769 0.00228459 0.0105425 74 27 16
-0.00398732 3.19109e-05 0.0114381 23 8 4
-0.00410017 -0.000253123 0.00980437 34 40 23
-0.00418606 0.00172276 0.00998867 78 48 44
-0.00669974 -0.00188352 0.00977421 48 54 30
-0.00661617 -0.000576227 0.0107407 118 86 51
-0.00558208 -0.00032439 0.0100096 54 60 26
-0.00468173 0.00214985 0.0103212 82 46 40
-0.00653147 -0.00070682 0.0108699 44 42 22
-0.00422464 0.000153986 0.010723 21 6 4
-0.00536569 -0.000726512 0.0102907 158 165 115
-0.00360162 0.00206869 0.00877998 60 54 22
-0.00659424 -0.000281058 0.0104788 118 84 61
-0.00711021 0.000610017 0.00847814 46 56 34
-0.00534958 -0.000912816 0.00957903 102 100 51
-0.00594778 -0.0031997 0.0116386 159 160 105
-0.00742629 0.00021808 0.00910815 122 116 54
-0.00502309 -0.000497738 0.010239 114 108 64
-0.0061584 -0.000455689 0.0109707 36 39 19
-0.00681291 -0.00204974 0.00989884 45 51 29
-0.00681966 0.000298623 0.00907676 118 118 67
-0.00716856 -0.00073463 0.0113044 147 142 84
-0.00571099 -0.000364088 0.010157 159 162 117
-0.00451989 -2.06273e-05 0.0100019 38 48 26
-0.00785089 0.00145047 0.00819479 162 152 140
-0.0058692 -0.00106079 0.0101704 52 57 32
-0.00385491 -0.000499383 0.00975825 64 65 36
-0.00597682 -0.000863063 0.01021 52 58 32
-0.00694233 -0.00217698 0.00989422 52 54 32
-0.00441009 -0.00115787 0.0100215 104 105 56
0.000819396 0.00106154 0.0128789 146 158 110
-0.00407902 -0.000635917 0.0072457 50 48 29
-0.00689207 0.000529968 0.0088163 46 57 40
-0.0101016 -0.000147234 0.0100987 130 130 84
-0.00420297 0.00210422 0.0103689 86 50 42
-0.00705194 0.000216708 0.00914985 136 132 74
-0.00559713 -0.00119573 0.00931562 122 126 76
-0.00296645 -0.00294131 0.0105924 161 166 111
-0.00759199 0.00108259 0.00829033 162 150 131
-0.00532862 0.00297416 0.0111028 78 26 18
-0.00453299 0.0020777 0.0104465 78 40 32
-0.00576311 -0.000731548 0.010179 52 58 28
-0.00566413 -0.00282204 0.0110938 56 67 30
-0.00630915 -0.00384365 0.0129191 157 156 100
-0.00371179 -0.000470207 0.00967297 34 41 24
-0.00440588 -0.000150425 0.0103779 43 52 28
-0.0101005 -0.000132427 0.00995716 131 130 84
-0.00409667 -0.000290197 0.0101768 34 40 20
-0.00571041 -0.00052127 0.0103248 52 54 24
-0.00653306 0.0020622 0.00748841 153 140 132
-0.00980822 -0.00010114 0.0100448 128 126 76
-0.00607899 -0.000467412 0.011044 40 42 20
-0.00384433 -0.000569752 0.00991538 72 72 46
-0.00694749 -0.00186878 0.0098479 118 117 73
-0.0063854 0.00254822 0.00795804 153 139 137
-0.00608441 -0.00127737 0.00997112 54 58 35
-0.00594874 -0.0010573 0.0101013 49 54 28
-0.00595167 -0.00118193 0.0103672 50 56 30
-0.00446402 -0.000235354 0.00913115 68 74 65
-0.00570504 -0.000583869 0.0101713 51 57 26
-0.00656303 0.000801199 0.00981059 156 145 120
-0.00364318 -0.000602369 0.00995002 38 42 20
-0.00193135 -0.00160315 0.00864638 161 165 110
-0.00231179 -0.00138031 0.0088162 162 165 113
-0.00584528 -0.000673072 0.0103395 52 58 31
-0.00839408 0.000229907 0.00840149 120 116 60
-0.00695089 -0.00209199 0.00990473 49 54 30
-0.00636848 -0.00131973 0.0100854 49 54 30
-0.00689617 -0.000171256 0.00967735 146 145 86
-0.00659705 -0.00165439 0.00995281 50 55 30
-0.00692374 -0.00197477 0.00988951 47 54 29
-0.0110199 -0.000713586 0.0146162 136 131 75
-0.00257801 0.000849244 0.00909469 146 160 114
-0.00902139 -6.9372e-05 0.00946937 138 134 78
-0.002742 0.000618914 0.0097388 150 166 120
-0.000298117 0.000994265 0.0102882 158 168 120
-0.00529482 0.00337518 0.0110287 150 130 130
-0.00276436 0.000677785 0.010051 146 162 116
-0.00288434 -0.0007029 0.0103465 154 166 118
-0.00228697 -0.00283546 0.0111605 161 166 110
-0.00386202 0.00233331 0.00956341 150 144 138
-0.00375223 0.00284927 0.011621 73 34 24
-0.00751582 -0.000208494 0.0114291 142 136 74
-0.00597373 -0.00132109 0.0102141 151 156 112
-0.00268952 -0.00292915 0.0100362 160 164 110
-0.00663715 -0.00103957 0.0106759 152 152 96
-0.00708957 -0.00266343 0.0104223 150 150 92
-0.00982457 -0.00137827 0.0111416 151 147 92
-0.00823986 -0.00104157 0.0123333 147 142 82
-0.010138 -0.000251624 0.00993968 148 148 96
-0.00676043 0.000851507 0.00977897 154 148 120
-0.00182158 -0.0019746 0.0102577 160 166 112
-0.00754359 -7.75254e-05 0.0109124 139 133 70
-0.000282381 0.000920449 0.0116101 154 166 117
-0.00749594 -0.00117635 0.00825435 148 144 85
-0.00814237 -0.00314552 0.0118511 148 146 90
-0.00809417 -0.000315476 0.01028 144 138 76
-0.00773774 -0.000212371 0.0111946 140 134 72
-0.0100612 -0.00296813 0.0136291 148 146 90
-0.009654 0.000110537 0.0105614 163 152 132
-0.0078489 3.95978e-05 0.00996136 136 130 70
-0.00798767 -0.00268328 0.0114656 150 148 90
-0.0090621 -0.00019245 0.00995064 144 139 81
-0.00728992 -0.00129021 0.0110538 149 148 91
-0.00781116 -7.85658e-06 0.00957929 140 134 72
-0.00770741 -0.000250244 0.0108587 142 137 74
-0.00858984 -0.00200873 0.0104737 148 145 88
-0.00267046 -0.0022569 0.00983076 160 166 111
-0.0101355 -0.00298727 0.0134609 149 146 91
-0.00903204 -0.00159304 0.0117454 149 144 86
-0.0015868 -0.00161444 0.0083596 161 166 111
-0.00409856 0.00339629 0.0116699 151 136 136
-0.0106458 -0.00301714 0.014797 152 146 90
-0.00780898 -0.000217312 0.0111311 142 136 74
-0.0101744 -0.000373723 0.0100899 154 152 100
-0.00928584 -0.00192393 0.014355 149 144 86
-0.00960376 0.000199187 0.0104134 164 152 134
-0.00856215 -0.00179645 0.0100062 147 143 88
-0.00938291 -0.00199995 0.0144098 149 144 85
-0.00829665 -0.00281355 0.00980475 155 154 100
-0.00755803 -0.00218895 0.0105974 150 146 89
0.00121368 0.000473103 0.0142979 161 172 122
-0.0101598 -0.00178584 0.0120872 152 147 90
-0.0056376 0.00378773 0.0104737 155 141 140
-0.00927222 -0.00114222 0.0121145 149 144 84
-0.0110194 -0.0033776 0.0151152 150 147 92
0.000515376 0.000368178 0.0106183 158 170 120
-0.00845981 0.000485707 0.00846671 163 151 130
-0.00292046 0.00297727 0.00877745 158 150 144
-0.00464579 0.000627446 0.0107082 48 48 34
-0.00637171 0.000614698 0.0103466 109 76 61
-0.00511156 -0.000324785 0.0100284 96 94 50
-0.00528729 0.00185743 0.0101575 82 34 24
-0.00538925 0.00273889 0.0111149 85 27 16
-0.00504856 0.00261056 0.0107519 66 27 18
-0.00485056 -0.000160488 0.00957226 70 72 42
-0.00503481 0.00255485 0.0107078 82 40 30
-0.00535399 0.00172065 0.0101047 76 30 20
-0.00643569 6.09237e-05 0.010289 150 150 92
-0.00641902 -0.000115768 0.0103854 148 150 94
-0.00503644 2.4918e-05 0.00976139 84 86 56
-0.00493781 -0.00034089 0.00993342 94 91 35
-0.00512242 0.00194569 0.0101713 65 24 16
-0.00472764 0.0010139 0.00949436 12 9 6
-0.00455279 0.000775424 0.0104931 34 36 20
-0.00516099 0.00259852 0.0108895 81 28 16
-0.00435015 0.00166778 0.00989388 54 26 21
-0.00445031 0.000197051 0.0107286 38 45 35
-0.00533783 0.00182492 0.0100929 82 34 22
-0.00425496 0.00156137 0.00990431 78 40 34
-0.00457067 0.000692831 0.0104824 44 46 25
-0.00536094 0.000466962 0.00885205 64 77 44
-0.00517205 0.00155047 0.00993382 57 19 12
-0.00428422 0.00164758 0.00998285 44 22 20
-0.00459239 0.00179487 0.0100092 68 30 24
-0.00435335 0.00178396 0.0101349 66 32 28
-0.00524371 0.00210961 0.010452 88 39 26
-0.00510193 0.00111587 0.00952246 62 30 22
-0.00451127 0.00196396 0.0101704 73 38 32
-0.00511581 0.00173157 0.0100153 64 24 17
-0.00505203 0.00195094 0.0101672 69 28 20
-0.00673385 -0.00182619 0.00995398 55 58 34
-0.00511052 0.00126278 0.00958441 112 70 48
-0.00463071 0.000364932 0.0105669 72 80 64
-0.00461233 0.00079859 0.0103363 28 28 16
-0.00518299 0.00301979 0.0112068 89 32 24
-0.00460644 -0.000147298 0.0101866 58 64 46
-0.00500427 0.000113257 0.0102141 112 112 92
-0.00453402 1.82372e-05 0.0102111 36 46 27
-0.00458325 0.000308867 0.0106812 48 57 43
-0.00350495 0.000976097 0.0102915 100 64 46
-0.00492939 0.00159731 0.00982521 54 22 22
-0.00522606 0.00140748 0.00984824 157 104 78
-0.00401824 -0.000235336 0.0100896 43 47 32
-0.00497808 0.00135834 0.00959434 124 88 78
-0.00458557 -2.00743e-05 0.010102 53 62 40
-0.00506895 0.0020556 0.0101754 74 34 24
-0.00535279 0.00275952 0.0111257 96 36 22
-0.00365062 0.000834895 0.0102423 20 10 6
-0.00534624 0.000351206 0.00894344 72 82 44
-0.00479476 -0.000157182 0.0096496 52 58 35
-0.00763998 -0.00309015 0.0100129 156 154 98
-0.00308116 -0.000167571 0.010747 148 160 112
-0.00389814 -0.000335649 0.00982998 38 44 30
-0.00535634 0.00197109 0.0103124 82 37 26
-0.00273667 -0.00040465 0.0104695 154 165 116
-0.00617886 0.000573907 0.0103367 26 14 8
-0.00757404 -0.00280489 0.00979489 47 54 26
-0.00732572 -0.00253808 0.00979927 86 82 64
-0.00446385 -0.000253177 0.00883013 71 76 68
-0.00482623 0.000126512 0.0103333 99 98 84
-0.00413292 -0.000134911 0.0100888 58 62 46
-0.00760321 -0.00279279 0.00995685 74 76 41
-0.00301879 0.000148234 0.0104012 140 134 102
-0.00500293 -0.000153527 0.00951907 82 86 47
-0.00295212 -0.00260423 0.0103475 159 165 110
-0.00488192 0.00175846 0.010009 50 18 17
-0.0024566 0.000895815 0.0102452 120 137 96
-0.00777433 0.00119652 0.00819755 108 108 92
-0.00482022 0.000365129 0.0106007 92 92 82
-0.00501434 -0.000818744 0.0105458 92 93 47
-0.00516977 0.00216911 0.0103929 90 42 26
-0.00466443 0.00134301 0.0095167 148 107 92
-0.00510713 0.00219204 0.0105167 92 44 28
-0.00486783 6.05062e-05 0.0101221 101 100 92
-0.00468632 0.00140447 0.00968067 159 118 108
-0.00647666 0.000633781 0.0104147 110 65 41
-0.00515299 0.00209912 0.0103584 83 36 24
-0.00431095 0.00213214 0.0104279 80 44 38
-0.00727292 -0.000780993 0.0113751 145 140 78
-0.00502104 -0.000789997 0.0105405 100 99 52
-0.0061117 -0.00339016 0.0119202 158 157 102
-0.00385205 -0.000456434 0.00995546 26 33 14
-0.00503277 0.00151911 0.00983455 70 28 22
-0.00404827 0.00122954 0.00928738 26 34 12
-0.00508837 -0.000854339 0.0105725 100 100 57
-0.00336543 -0.000650025 0.00964587 60 67 45
-0.0055816 -0.00040735 0.0102288 62 66 34
-0.00378214 -0.000561501 0.00986691 52 54 30
-0.00617721 -0.00125486 0.0101534 50 54 30
-0.00524273 0.00167023 0.0100193 72 28 20
-0.00322465 -0.000151315 0.0103615 147 162 116
-0.00599201 -0.00122685 0.0102205 50 54 30
-0.00680279 -0.000686936 0.0107754 147 144 86
-0.00441794 -6.3022e-05 0.00995694 45 49 29
-0.00692282 0.000301192 0.00889854 134 132 74
-0.00341675 -0.00284887 0.0110278 160 163 108
-0.0100334 -0.000252392 0.0103004 143 142 91
-0.0032166 -0.00365161 0.0109889 154 155 101
-0.00536603 -0.0020489 0.0108274 52 69 26
-0.0058918 -0.000924823 0.0102513 56 58 34
-0.00538477 -0.00193882 0.0108809 70 82 40
-0.00990536 -0.000230022 0.00965987 148 148 95
-0.00258655 0.000914478 0.00888983 133 149 105
-0.00031029 0.00103833 0.0104299 160 169 116
-7.97183e-05 0.00105126 0.0127108 142 148 104
-0.0061877 0.00257625 0.00816607 152 138 134
-0.00968292 -7.88595e-05 0.00996483 126 125 74
-0.00692084 0.000183649 0.00902968 144 142 82
-0.00712555 -0.00110123 0.0110623 122 120 72
-0.00743956 0.000975053 0.00836768 160 148 128
-0.00265764 -0.00235609 0.0102002 160 166 110
-0.00987294 -0.000281245 0.00959278 152 150 98
-0.00820323 0.000115036 0.00925915 128 124 64
-0.00986398 -0.000279786 0.00987998 151 149 96
-0.00811558 -4.97787e-05 0.00973974 142 138 76
-0.00755931 -0.000975488 0.00984537 150 146 86
-0.00669819 -0.0015716 0.0100427 152 148 99
-0.000238954 0.00094273 0.0103903 164 172 120
-0.00753981 -0.00100468 0.00979388 148 146 86
-0.00927108 -0.00237718 0.0139237 149 144 85
-0.0075733 -0.00249405 0.0102696 148 147 91
-0.00180842 -0.00204057 0.00911173 158 164 106
-0.00264095 0.000831458 0.00865371 144 160 115
-0.00848236 -0.00284845 0.0104481 152 152 96
-0.00932866 -0.000587337 0.00993417 152 148 92
-0.00915045 -0.000912571 0.0119143 148 144 83
0.000764491 0.000918315 0.0131988 157 169 118
-0.00851145 0.000317141 0.00833217 161 150 127
-0.00842249 -0.00271966 0.0103703 150 149 96
-0.0048571 0.00389454 0.0108722 155 141 141
0.000764972 0.00013468 0.0107111 162 171 118
-0.00245546 -0.00304698 0.00994467 157 161 104
-0.00718108 -0.00125995 0.00918789 149 147 90
-0.00348828 0.00315755 0.00858682 158 149 146
-0.00984889 -0.000808195 0.00961596 154 152 98
-0.00209244 -0.00219647 0.00923366 159 163 108
-0.00233868 -0.00249716 0.00901636 158 161 106
-0.0021451 -0.00257146 0.00969382 158 162 108
-0.00297085 -0.00352171 0.0105328 158 162 106
-0.00230864 -0.00305894 0.00999566 158 162 106
-0.00731191 0.00179223 0.00828047 161 150 140
-0.00222024 -0.00301582 0.00992588 158 162 106
-0.00216368 -0.00259215 0.00909004 156 160 104
-0.00234359 -0.00358903 0.0101831 155 159 104
-0.00241307 -0.00353498 0.0102422 158 160 106
-0.00580197 -0.00485306 0.012801 159 159 102
-0.00228238 -0.00252973 0.00894342 157 161 106
-0.00210785 -0.003246 0.0100702 158 162 105
-0.00642374 -0.000238547 0.0104727 150 149 92
-0.00642965 0.0003525 0.0102072 86 80 54
-0.0054742 0.00235899 0.0107933 61 18 12
-0.00649346 -0.000121329 0.010354 150 148 92
-0.00377951 0.00049511 0.0107717 32 32 16
-0.00416134 0.00128684 0.00930498 28 33 11
-0.00530747 0.000465668 0.00882798 63 72 53
-0.00357116 0.000922231 0.010173 32 12 4
-0.00324667 0.000680976 0.0105948 74 40 26
-0.00595134 -0.0035544 0.0113924 65 76 34
-0.0069139 0.000423115 0.00877431 58 62 38
-0.00536193 0.00293938 0.0113818 82 29 20
-0.00474128 0.00172525 0.00990305 62 26 20
-0.00325556 0.000873484 0.010487 135 95 74
-0.00250948 0.000790522 0.0104563 122 143 98
-0.00381379 0.000215788 0.0107845 29 12 7
-0.00510044 7.71793e-05 0.0098393 79 84 47
-0.00542467 0.00228886 0.010703 67 22 13
-0.00506529 0.00125965 0.00969478 102 64 46
-0.00487834 0.00111679 0.00955268 62 40 32
-0.00521364 0.00175757 0.0101308 71 28 20
-0.00481569 0.00115804 0.00955056 64 38 32
-0.00551547 -0.000322824 0.0102123 70 74 37
-0.00658435 -0.000745304 0.0107722 44 46 20
-0.00379731 -0.000613456 0.00655209 53 58 27
-0.00298478 -4.75037e-05 0.0107806 46 46 18
-0.0049499 -0.000121183 0.0096891 65 70 40
-0.00711261 0.000388853 0.00849757 119 116 60
-0.0050785 0.00117592 0.00952269 74 31 20
-0.00362855 0.000212053 0.0108467 42 37 18
-0.00517693 0.00171497 0.0100406 64 22 16
-0.00461807 0.00153496 0.00972193 67 28 21
-0.00532365 0.00284255 0.0112564 90 33 22
-0.00366505 -0.00271721 0.0111976 124 128 83
-0.00744436 -0.00262809 0.00976564 72 72 54
-0.00380693 0.000252877 0.0108472 46 32 18
-0.00414912 0.000999614 0.00980853 32 34 17
-0.00536582 0.000399033 0.00885841 80 90 52
-0.00408778 0.00130411 0.00933653 26 32 12
-0.00508613 -0.00092208 0.0105029 94 98 54
-0.00458767 0.000932141 0.00978028 20 20 10
-0.00353712 -0.00300495 0.0112089 60 72 30
-0.00452816 0.00266086 0.0107822 74 31 26
-0.00749038 0.000341005 0.00861123 118 113 54
-0.00645114 -0.00167451 0.00998771 47 52 32
-0.00701957 -0.000629811 0.0110382 148 144 82
-0.00567728 -0.000770833 0.0102968 53 58 29
-0.00229498 0.000658407 0.0101171 138 158 114
-0.00182757 0.000940246 0.00976468 132 149 106
-0.00303736 -0.00049652 0.0104872 151 166 117
-0.00245716 0.000882203 0.00982146 121 139 98
-0.00749315 0.000222455 0.00873697 134 128 67
-0.00744165 -0.000427584 0.0110897 146 140 78
-0.00183903 0.000970255 0.0103324 116 136 94
-0.00741035 -0.00286868 0.00997349 154 154 99
-0.00248451 0.000676177 0.0102983 136 156 112
-0.00762555 0.000287779 0.00845217 121 117 61
-0.00700721 -0.0025929 0.0100822 150 148 92
-0.00245899 0.000725643 0.010336 132 154 110
-0.00852584 1.37918e-05 0.00846613 149 146 91
-0.0078575 -0.00260924 0.00971706 153 152 95
-0.00848601 2.9034e-05 0.00874537 145 142 86
-0.00777739 -0.00018604 0.0107101 144 138 76
-0.00667304 -0.00108721 0.0100878 154 152 98
-0.008763 -0.00040831 0.00908405 152 150 92
-0.00858628 -5.82465e-06 0.00851536 148 145 90
-0.0035462 -0.00385311 0.0112142 158 161 106
-0.00346364 -0.00409476 0.0115134 158 160 106
-0.00685678 -0.00367388 0.0106119 156 156 99
-0.00433997 -0.00424265 0.0118763 158 160 104
-0.00464903 -0.00484426 0.0125289 158 160 104
-0.00577086 0.00233706 0.0114546 70 25 14
-0.00503322 0.0015808 0.0098453 44 14 10
-0.00477688 0.000201268 0.0104045 71 74 60
-0.00472567 0.000182022 0.0105176 76 81 70
-0.00629671 -2.08283e-06 0.0110104 96 84 42
-0.00648315 -7.96059e-05 0.0104554 150 150 91
-0.00419329 2.22598e-05 0.0107452 30 12 6
-0.0052805 0.00149717 0.00990187 78 32 21
-0.00480633 0.000341388 0.010573 139 136 136
-0.00581987 0.000476509 0.010724 12 5 4
-0.00544108 0.00224615 0.0108248 92 42 26
-0.00307648 -0.00266283 0.0104923 106 117 72
-0.00507733 0.0016157 0.00997116 60 24 19
-0.00432712 3.45301e-05 0.0106092 48 41 30
-0.00460873 0.00109196 0.00977162 11 6 4
-0.00299253 -0.00252905 0.0104538 156 163 111
-0.00652687 -0.000750523 0.0109988 45 46 22
-0.00417366 -3.80488e-05 0.0103467 100 87 72
-0.00744938 0.000210991 0.00916811 126 120 62
-0.00709938 0.000101132 0.00942535 146 142 84
-0.00727455 0.000255718 0.00860168 135 129 68
-0.00675792 -0.000699703 0.0108532 152 148 92
-0.00726132 0.000151203 0.00925801 142 137 76
-0.00720086 0.000600731 0.00876283 42 50 28
-0.00979816 -0.000210608 0.0092504 152 148 91
-0.00700572 0.00021269 0.0091737 142 140 84
-0.00879482 -4.95289e-05 0.0097943 142 138 81
-0.0032556 -0.000324778 0.0103954 147 164 118
-0.0074652 -0.00321047 0.00990476 156 156 99
-0.00598191 -0.00185103 0.0108808 155 158 102
-0.00627693 -0.00200116 0.0109994 154 156 102
-0.00892128 -0.000102565 0.00955538 145 142 84
-0.0028459 0.00183394 0.00955674 156 152 141
-0.00724647 -0.00138149 0.00945644 152 150 92
0.000819687 0.000131308 0.0125153 164 173 122
-0.00331233 -0.00296728 0.008791 156 160 104
-0.00317576 -0.00276797 0.00884677 158 161 107
-0.0062188 -0.000118151 0.0107353 72 62 27
-0.00652197 4.31068e-05 0.0103046 133 114 68
-0.00606046 1.59656e-05 0.0109061 115 105 66
-0.006231 -0.000496612 0.0108564 39 38 17
-0.00304041 -0.00259403 0.0103078 114 120 71
-0.00652947 0.000135247 0.0102153 76 70 38
-0.0097459 -0.000100569 0.00910013 134 132 82
-0.0065328 0.00030092 0.0101135 54 49 30
-0.00422405 -0.000106323 0.0103029 54 56 42
-0.00726153 -0.0024452 0.00980602 66 70 45
-0.00721175 -0.00246342 0.0098443 82 83 53
-0.00303543 0.00103171 0.0106534 122 96 84
-0.00710409 0.000549198 0.00903877 64 68 48
-0.00713583 -0.00239199 0.00987547 64 64 38
-0.00944295 -1.62953e-05 0.00946216 128 124 72
-0.00753034 0.000236942 0.00882119 122 119 61
-0.00652543 -0.00177767 0.0100494 63 68 36
-0.00687532 0.000598972 0.00921872 160 151 127
-0.00771223 -0.000431942 0.0112733 148 142 79
-0.00231852 0.000584529 0.0103987 131 152 110
-0.00944872 -0.000252676 0.00960668 154 150 94
-0.00543199 -0.00217182 0.00787625 158 159 104
-0.00306888 -0.00299719 0.00900762 154 158 102
-0.00448519 -0.00044188 0.0110533 44 48 28
-0.00288141 -0.00024732 0.0106577 112 118 80
-0.00613396 -6.8476e-06 0.0110743 110 98 58
-0.00411347 -0.000994983 0.0107339 71 81 50
-0.00281527 -0.000229658 0.0106705 74 80 45
-0.00523196 0.00123277 0.0127513 36 47 18
-0.00411696 3.54269e-05 0.0108429 39 14 8
-0.00568355 -0.000679066 0.00988482 50 53 26
-0.00696036 0.000301877 0.00924229 64 66 34
-0.00517008 0.00157812 0.00993092 72 34 27
-0.00417161 0.000163614 0.0107517 23 8 6
-0.00494637 0.000892296 0.0124388 35 42 29
-0.00704977 0.000134526 0.0095742 143 140 84
-0.00743748 0.000173816 0.00909826 136 131 74
-0.00211583 0.000522411 0.0105573 132 155 112
-0.00808458 -0.00026891 0.0105803 148 142 81
-0.00770993 -0.000473228 0.0109195 148 142 82
-0.00786246 -5.54465e-05 0.0102374 143 138 78
0.000656382 0.000484134 0.011846 160 170 122
0.000510834 0.000308863 0.0125358 159 170 119
-0.00984033 -0.000697601 0.0108607 158 152 96
-0.00407055 -0.00380017 0.0109112 155 158 104
-0.00498499 0.00017612 0.0105098 90 94 71
-0.00272608 0.000924827 0.0105458 108 124 82
-0.00417733 0.0004291 0.0108854 30 22 14
-0.00309963 0.000841001 0.0108996 111 96 70
-0.00765101 -0.00280263 0.00981911 58 60 30
-0.00534263 0.000370384 0.0124657 23 19 10
-0.00458642 0.000387331 0.0108497 68 70 58
-0.00316063 -0.00246842 0.0102653 110 120 71
0.000834459 0.00131378 0.0117535 138 146 100
-0.00364391 -0.00051144 0.0100433 112 116 86
0.00104075 0.00115161 0.0129558 148 158 106
0.000888773 0.00120557 0.0130886 132 142 96
-0.00504772 -0.000687111 0.00925865 117 120 77
-0.00429143 -0.000763337 0.010822 58 62 40
0.00100746 0.00113966 0.013099 143 153 104
-0.00387158 -0.000999528 0.00872588 124 132 85
0.00101568 0.00104901 0.012532 158 168 118
-0.00320227 -0.000696038 0.00989769 152 164 114
-0.00232281 0.000745173 0.0103792 132 153 111
-0.00967458 -0.000647043 0.0101335 154 150 93
-0.00992795 -0.00123913 0.0124142 152 148 88
-0.0100149 -0.00108622 0.00998827 158 154 98
-0.00440043 0.000481132 0.0109566 10 6 2
-0.00774854 -0.0028837 0.00981162 124 125 80
-0.00523826 0.0015415 0.00992357 72 29 21
-0.00542598 0.0031748 0.0134747 82 46 28
-0.00433808 0.000541018 0.010938 23 20 12
-0.00409079 -0.00070051 0.0107909 56 60 45
-0.00763357 -0.00273505 0.00986265 146 144 96
-0.00570026 -0.000736412 0.00973599 54 58 28
-0.00564606 -0.000691514 0.00980528 50 58 27
-0.00416579 -0.000708612 0.0107633 39 46 25
-0.00759142 -0.00269761 0.00994864 128 125 80
-0.00385345 0.000255942 0.010969 48 34 18
-0.00520846 0.00344389 0.0138553 64 28 24
-0.00613863 -0.000942832 0.0100641 59 60 37
-0.00588444 -0.000690712 0.0101657 46 54 26
-0.00572996 -0.000660696 0.0102438 50 54 26
-0.0078804 -0.00266657 0.010033 155 154 97
-0.00631571 -0.00104813 0.0102231 152 154 102
-0.00624122 -0.00139464 0.0100883 45 50 28
-0.00715737 -0.00261342 0.0100011 155 154 98
-0.0077706 -0.000930301 0.0108055 149 145 83
-0.00766734 -0.0024779 0.0101126 154 154 99
-0.00802799 -0.00287507 0.00997028 157 157 100
-0.00741324 -0.00304009 0.0100873 158 158 104
-0.00293483 -0.00226581 0.0103008 158 164 110
-0.00664099 -0.00106751 0.0102296 154 152 96
-0.00671323 -0.00101671 0.0103693 154 151 95
-0.00459188 0.000545312 0.0108933 71 72 56
-0.00741387 -0.000889714 0.011275 148 144 83
-0.00525855 0.00173459 0.010039 77 31 22
-0.00488632 0.000158801 0.0103527 104 101 82
-0.0048425 0.000417889 0.0104967 46 55 40
-0.00423057 0.00081591 0.00965701 20 16 8
-0.00472921 3.68238e-05 0.0102992 92 94 85
-0.00340011 0.000121465 0.0106993 36 36 14
-0.00480182 9.86936e-05 0.0102764 104 104 96
-0.00350791 0.000175647 0.0107469 38 34 12
-0.0046873 0.000416054 0.0106861 98 100 90
-0.00407891 0.00123049 0.00938481 30 35 13
-0.00464333 0.00116387 0.00966773 42 20 14
-0.00517195 0.00198428 0.0102474 74 34 24
-0.0067544 -0.000817202 0.0109134 58 58 28
-0.00735802 -0.00263049 0.00983589 100 96 77
-0.00543376 0.00159058 0.00956799 74 32 22
-0.00611286 -0.000898614 0.0101046 73 73 47
-0.00570432 -0.000777274 0.0102818 56 59 30
-0.00719976 -0.00257387 0.00999421 108 110 68
-0.00549386 -0.000494812 0.0101983 48 54 22
-0.00290095 0.000311365 0.0101229 137 102 82
-0.00630011 -0.00120162 0.0101731 66 64 44
-0.00685221 -0.00210228 0.00993589 48 52 30
-0.00655099 -0.00185656 0.0100336 48 54 26
-0.00575102 -0.000897553 0.0101571 50 56 28
-0.00640496 -0.000724998 0.01092 46 48 28
-0.00716128 -0.00110805 0.0114876 53 54 22
-0.00667778 -0.00207399 0.0101122 86 92 52
-0.00691955 -0.00193373 0.00998796 72 72 45
-0.00292599 0.000396704 0.0100486 164 126 116
-0.00753165 -0.00243271 0.00973727 154 154 99
-0.00807955 -0.000706852 0.011477 148 143 82
-0.0024201 -0.00194962 0.00994573 158 164 110
-0.00960022 -0.000886617 0.010379 154 152 96
-0.00871469 -0.000727848 0.0094144 154 150 93
-0.00487713 0.000585066 0.0106425 48 52 36
-0.00486526 -5.82616e-05 0.00974512 27 38 20
-0.00640686 -0.000428988 0.0107272 66 48 28
-0.00291619 -0.00274931 0.0103791 72 84 42
-0.00475686 0.00198413 0.01015 70 37 31
-0.00441228 0.00232888 0.0104661 75 40 34
-0.00299649 0.000202966 0.010142 144 146 110
-0.00613343 0.000618921 0.0101773 144 136 125
-0.00504344 0.00234601 0.0105029 70 26 18
-0.00360859 0.000283795 0.0106586 36 34 14
-0.00491434 0.000128709 0.0101066 100 98 84
-0.00358193 0.000208276 0.0108819 39 36 16
-0.00453705 0.00136372 0.0096426 130 87 66
-0.00481907 0.00195177 0.0101785 72 36 30
-0.00425325 0.00125812 0.00961758 88 76 62
-0.00456822 0.00219381 0.0103784 79 35 28
-0.00451775 0.00160422 0.00985714 74 34 30
-0.0056562 0.00129213 0.00836928 38 45 28
-0.00565408 0.000773198 0.00861702 72 80 40
-0.00474636 0.000648539 0.0119504 36 36 20
-0.0050985 0.00249669 0.0106627 88 34 20
-0.00497408 -0.000760113 0.0103404 92 90 44
-0.00456852 0.0022741 0.0104402 88 47 40
-0.00539829 0.00267038 0.0111327 87 27 14
-0.00384807 -0.000235148 0.00584094 158 166 112
-0.00527023 9.64281e-07 0.00953194 87 92 51
-0.00497467 0.00162533 0.00983455 62 29 23
-0.00483383 -0.000131264 0.00970279 38 46 24
-0.00559958 0.000978689 0.00843899 69 80 47
-0.00441181 0.00278181 0.0109193 92 57 57
-0.00517723 0.00178174 0.0101236 76 32 22
-0.0031076 5.52215e-05 0.010738 36 42 14
-0.00551168 0.000331556 0.00912405 65 74 28
-0.00450658 0.00294437 0.0110585 84 44 36
-0.00530176 0.00194301 0.0102962 84 38 25
-0.00568913 0.00140934 0.0083744 34 37 18
-0.00567646 -0.000889103 0.0102195 54 60 28
-0.00565651 0.000666895 0.00873106 58 69 26
-0.00457796 0.00236574 0.0105992 66 28 24
-0.00551004 0.00100234 0.00855802 28 35 18
-0.00524134 0.00231778 0.0107302 68 21 14
-0.00546147 0.000787833 0.00861831 86 94 70
-0.00496842 0.00190632 0.010091 58 28 23
-0.00578915 -0.000418722 0.0100639 155 161 110
-0.00344955 0.000478256 0.0107287 22 6 3
-0.0055748 -0.000497129 0.0101981 54 59 27
-0.00541186 -0.00209175 0.0107853 54 71 28
-0.00461612 0.00160054 0.00978069 69 34 30
-0.00524461 0.00295163 0.0112199 79 26 16
-0.00363666 -4.31454e-05 0.0115449 117 106 75
-0.00419866 0.00115051 0.00940725 30 34 14
-0.00664306 -0.000411188 0.0106693 129 90 60
-0.00407818 0.00161232 0.0101055 64 37 32
-0.00463067 -0.00301893 0.0133466 158 165 112
-0.00635993 -0.00125046 0.0101022 93 94 62
-0.00596789 -0.000770117 0.0100748 56 61 34
-0.00377653 -0.000310565 0.00999513 87 96 70
-0.00515011 0.00151404 0.00982397 62 21 10
-0.00595586 -0.00063272 0.0102604 155 158 108
-0.00468262 -0.00123035 0.00954226 155 162 110
-0.00464896 0.0021341 0.0101642 76 36 30
-0.00346442 -0.000612561 0.00976778 43 52 34
-0.00352852 -0.00027811 0.00606796 102 110 66
-0.00477334 -0.00361412 0.0131205 156 161 106
-0.00645869 -0.0018422 0.010156 80 85 48
-0.00528883 -0.00193576 0.0108894 65 79 36
-0.0038495 -0.000323889 0.0100035 64 70 57
-0.00366748 -0.000254756 0.0101245 160 173 122
-0.00617973 -0.00129793 0.0100377 70 73 49
-0.00194954 0.000200104 0.0106806 158 170 120
-0.00506118 -0.00328121 0.0123649 155 159 106
-0.00369215 -0.00326102 0.0110798 158 164 108
-0.0063951 -0.000983064 0.0101447 154 156 103
-0.00760173 -0.00224787 0.00953949 154 154 97
-0.00634872 -0.000924342 0.0102644 154 156 102
-0.00556014 -0.00343453 0.0116507 160 162 106
-0.0022838 -0.00225593 0.009259 158 164 108
-0.00792414 -0.00329441 0.00955655 155 156 100
-0.00819942 -0.0020287 0.00931098 152 150 92
-0.00884839 -0.00145073 0.0112523 150 144 84
-0.00217195 -0.00235824 0.00933249 157 162 105
-0.00466446 0.00367435 0.0113467 152 138 138
-0.00474745 -0.00412638 0.0130176 159 162 107
-0.00474249 -0.00420201 0.0129477 158 162 106
-0.00334743 0.00232567 0.00798764 164 156 146
-0.00647124 -0.00438656 0.0121519 158 160 104
-0.00811024 -0.00333448 0.00962012 156 156 102
-0.00673681 -0.00423254 0.0116189 158 158 101
-0.00582201 -0.00446151 0.0120378 160 160 104
-0.0047989 -0.00476809 0.012665 158 160 104
-0.00366593 0.00232864 0.0088217 158 150 141
-0.00509611 0.00289666 0.0112909 85 29 18
-0.00547769 0.00251479 0.0108148 93 38 28
-0.00499897 0.00108972 0.00939936 23 8 4
-0.00616448 0.00129894 0.0109535 73 35 22
-0.00290614 -8.48227e-05 0.0106013 41 44 16
-0.00336438 0.00053665 0.0102179 93 62 38
-0.00476824 0.00214467 0.0102872 68 33 26
-0.0048945 2.72446e-05 0.00974501 58 66 48
-0.00365998 0.00219811 0.00864779 115 104 83
-0.00557239 0.00190034 0.00897603 64 26 15
-0.00599827 0.00202315 0.00812581 81 30 17
-0.00565402 0.000579571 0.00872997 40 42 23
-0.00520271 0.00207488 0.0102035 85 38 24
-0.00481715 0.000317731 0.0107542 104 102 88
-0.00493762 -0.00101632 0.0102384 77 86 37
-0.00520578 0.00226587 0.0103842 76 28 18
-0.00594697 0.00203324 0.00800559 54 32 13
-0.0048861 -0.000830219 0.010236 74 82 31
-0.00446931 0.000112498 0.0112539 98 100 96
-0.00582952 -0.00179656 0.00926008 160 161 108
-0.00473427 0.000981428 0.00978808 41 24 14
-0.00504342 0.00124 0.00957011 86 48 30
-0.00527415 0.0028118 0.0111468 94 34 22
-0.00402813 0.0011678 0.00929541 32 34 14
-0.00527611 -0.000605817 0.0104547 53 58 24
-0.0048844 0.000909464 0.00961712 36 26 13
-0.00350183 0.000703195 0.0103811 36 12 6
-0.00412239 0.00144659 0.00982082 142 119 116
-0.0056691 0.00170983 0.00819921 70 39 28
-0.0046004 0.00267471 0.0108073 84 36 29
-0.00592059 0.000487359 0.0104988 14 6 2
-0.00374137 0.000705395 0.010749 13 5 4
-0.00430763 0.000421779 0.0110901 13 5 3
-0.00492978 -0.000445067 0.0104063 113 106 61
-0.00486262 0.000682764 0.0100783 44 52 38
-0.00589141 0.000807296 0.00956808 68 26 16
-0.00566541 -0.000384855 0.0101255 107 112 68
-0.00533296 -0.00036256 0.0121952 107 96 58
-0.00397992 0.00195786 0.0105482 76 46 40
-0.00349399 0.0013891 0.0103104 27 33 14
-0.00346047 -0.00343739 0.0107926 156 161 106
-0.00395354 -0.000672559 0.007114 42 41 24
-0.00501964 -0.00112435 0.0100674 73 86 38
-0.00434302 0.00233753 0.010632 75 36 30
-0.00359667 0.000710781 0.0106766 18 6 2
-0.00409506 0.0018872 0.0103214 78 48 44
-0.00322687 0.000393066 0.0112583 27 10 3
-0.00509094 0.00191876 0.0103312 64 24 16
-0.00481408 0.00236934 0.0106267 58 21 16
-0.00515707 -0.000615463 0.0103803 108 111 60
-0.00295138 5.63955e-05 0.0106036 56 66 32
-0.00597919 0.000961972 0.00953216 116 78 47
-0.00345533 0.00063623 0.0106784 35 12 6
-0.00404455 -0.00151772 0.00996337 94 102 58
-0.00540742 -0.000674125 0.0103012 52 58 22
-0.00431825 -0.00145022 0.0102839 130 133 80
-0.00556377 -0.000868976 0.0103777 65 68 36
-0.00610755 0.00192466 0.00781547 76 60 40
-0.0037306 0.00213523 0.00869014 154 148 136
-0.0035925 0.00208704 0.00933705 156 150 140
-0.00732989 -0.000773701 0.0111375 146 142 80
-0.00378377 0.000237184 0.0106088 40 20 8
-0.00581807 0.00135554 0.00821209 52 62 27
-0.00485906 0.00209707 0.0103281 82 48 42
-0.00554023 -0.000297496 0.0115668 88 86 48
-0.00530481 0.00249633 0.010468 87 30 18
-0.00560151 0.000770378 0.00866705 60 68 28
-0.00508939 -0.00125883 0.0099554 69 83 38
-0.00600828 0.000694941 0.00990375 52 20 12
-0.00371323 -0.000522166 0.0100122 32 36 18
-0.00735871 -0.00105228 0.0115444 114 110 62
-0.00543994 -0.00105799 0.00976302 161 165 110
-0.00372723 0.00133291 0.0100821 28 33 13
-0.00279073 -0.000437829 0.0103439 154 166 116
-0.00458714 -5.53911e-05 0.00981728 62 70 51
-0.00375846 0.000562973 0.0105733 32 28 13
-0.0043377 0.000405895 0.0108348 13 4 2
-0.00625065 0.00111577 0.0112705 86 54 32
-0.00525986 0.00242142 0.0108554 80 27 17
-0.00550485 -0.00118253 0.00963822 160 164 108
-0.00781331 0.00128458 0.00871952 160 152 134
-0.00441122 -0.000162024 0.00942442 60 67 49
-0.00545697 0.000609391 0.00869154 56 70 25
-0.00369841 -0.00279477 0.0109417 159 163 108
-0.00372756 0.000979017 0.0102868 26 20 11
-0.00547869 -0.001589 0.0106173 160 164 110
-0.00453458 -0.000139313 0.00957733 64 70 55
-0.00526847 -0.00109418 0.0100313 98 98 48
-0.00643236 -0.00170849 0.0108253 61 62 37
-0.00533706 -0.00121711 0.0099155 89 94 44
-0.00548586 -0.00308598 0.01176 64 74 37
-0.00519323 -0.000641529 0.0102744 116 118 69
-0.00559088 -0.00235447 0.0104135 60 72 34
-0.00336935 0.00167043 0.0106066 36 38 21
-0.00360032 0.0018868 0.00923926 59 63 48
-0.00535963 -0.0010168 0.00998091 150 153 100
-0.00438661 -0.00123556 0.0100879 112 112 60
-0.00536285 0.00229621 0.010387 66 20 12
-0.0054176 -0.00117468 0.0100068 158 162 108
-0.00352516 0.0016466 0.0103178 53 47 29
-0.00516359 -0.0012117 0.00964828 68 82 39
-0.00565842 -0.000540307 0.00994028 56 61 28
-0.00292233 -0.000418165 0.0102358 154 166 116
-0.00747763 -0.000937516 0.0110691 144 136 80
-0.0016931 -0.00199335 0.00830812 156 159 104
-0.00504138 -0.000956436 0.0101763 82 91 48
-0.00641287 -0.00138022 0.00998416 88 87 53
-0.00682727 0.000342327 0.0130441 147 144 116
-0.00374383 0.0021248 0.0109459 84 52 46
-0.00436615 -0.000384635 0.00897102 62 66 52
-0.00373264 0.00218607 0.0110231 78 46 42
-0.00521005 -0.00152021 0.0101472 66 80 37
-0.00320868 -0.00318792 0.0109132 158 164 108
-0.00167758 -0.00178881 0.0083727 156 159 101
-0.00633967 0.00136264 0.0111688 118 93 70
-0.00607048 -0.00317406 0.012019 160 160 105
-0.00821027 -0.0010131 0.0144346 144 140 76
-0.00192738 -0.00193987 0.00766668 156 158 101
-0.0053485 -0.00490584 0.0148733 136 137 87
-0.00485822 -0.00123339 0.00999647 164 170 114
-0.00330386 0.00197555 0.0093074 148 142 130
-0.00432919 -0.00333676 0.0139015 160 165 112
-0.0051456 -0.00368292 0.0130885 158 162 106
-0.00789709 -0.00261662 0.0101653 152 151 92
-0.00417062 -0.00366175 0.0138454 152 159 106
-0.00626251 0.00328476 0.00934767 156 142 140
-0.00787525 -0.00166182 0.0122056 149 148 90
-0.00347804 0.00297431 0.010436 155 146 140
-0.00951775 -0.00231805 0.0141351 150 146 86
-0.00821696 -0.00354568 0.0154108 148 145 84
-0.00804515 -0.00172904 0.0126926 148 146 88
-0.00419201 -0.00350726 0.0128825 156 160 106
-0.006728 -0.00434385 0.0140771 156 156 100
-0.0076723 -0.0018174 0.0128479 150 149 90
-0.00838696 -0.00231527 0.0129837 148 144 84
-0.00776817 -0.00117221 0.00992096 148 146 86
-0.0076297 -0.00214457 0.0128402 151 152 93
-0.00811383 -0.000358538 0.00817981 148 144 84
-0.00695732 0.00117035 0.00985312 154 146 118
-0.00348334 0.00408631 0.0128881 151 140 139
-0.00357731 0.00313683 0.0113417 154 144 138
-0.00704752 -0.00251128 0.00792267 156 157 102
-0.00515791 -0.000280538 0.00982903 93 92 45
-0.00617767 0.000573867 0.0104988 30 17 8
-0.00610329 -0.000104028 0.0116092 74 48 24
-0.00477914 -4.37885e-06 0.00983098 56 64 54
-0.0034996 0.000944181 0.0101309 118 72 52
-0.0063472 0.00057031 0.0104397 89 66 50
-0.00607532 0.000408608 0.00966677 66 63 41
-0.00739512 -0.000889523 0.011262 146 142 82
-0.00611016 0.00216457 0.00767071 150 134 127
-0.00369633 0.00119175 0.00985027 48 21 8
-0.004701 0.00310988 0.0112026 92 48 47
-0.00373166 0.000462031 0.0106671 32 31 13
-0.00414629 0.000594129 0.0107963 26 28 16
-0.00590206 -0.00352382 0.011815 78 82 48
-0.00547888 0.00113018 0.00927883 48 16 4
-0.00560388 0.00221664 0.010748 82 38 26
-0.00603838 0.000662432 0.0102947 72 53 30
-0.00507997 0.000368921 0.0102888 58 61 42
-0.00491789 0.000431351 0.0104557 48 56 38
-0.00621981 -0.000402903 0.0109136 55 48 28
-0.00491379 0.000953099 0.00934942 72 50 34
-0.00540636 0.00162211 0.0100988 72 28 20
-0.0048815 0.00110907 0.00952572 71 42 32
-0.005245 0.000204848 0.00905887 77 86 52
-0.00380569 0.00104296 0.00974137 26 11 8
-0.0054957 0.00257817 0.0112254 102 41 29
-0.00511583 0.00224523 0.0104052 87 37 24
-0.00511394 0.00101882 0.00980794 19 7 6
-0.00397636 0.00117809 0.00926476 32 34 14
-0.00657263 0.000500938 0.00873855 82 84 50
-0.00443292 0.0005076 0.011052 10 6 3
-0.00586208 -0.000111479 0.0109471 36 38 20
-0.00527842 0.0028048 0.0111583 91 34 24
-0.00477537 0.000136957 0.0103426 70 74 60
-0.00630632 0.00208085 0.00771657 64 70 48
-0.00334491 0.00117702 0.0107115 150 118 104
-0.0058706 -0.00151457 0.00857901 60 74 30
-0.0033968 0.00113513 0.01019 145 106 92
-0.00502572 0.00157572 0.00988202 48 15 12
-0.00420693 0.00298978 0.01184 80 40 38
-0.00528636 0.000945145 0.00957442 12 10 6
-0.00396125 0.00246385 0.0110761 84 57 57
-0.00530968 4.90636e-05 0.00932519 85 90 46
-0.0055229 0.00193393 0.0103659 38 12 4
-0.00303962 0.00022654 0.0100857 145 162 120
-0.00547704 0.00128705 0.00979985 172 122 92
-0.00486484 0.00242927 0.0105486 73 28 22
-0.00463564 0.00106937 0.00973551 10 5 2
-0.00430312 0.000453167 0.0109337 12 6 4
-0.00522476 -4.38186e-05 0.00952358 86 90 50
-0.0040655 0.00117387 0.00929475 29 36 14
-0.00481394 -1.74938e-05 0.0097831 43 55 39
-0.00456695 0.000512544 0.0110659 40 40 28
-0.00478678 0.00177065 0.00992991 58 22 20
-0.00491497 0.000737167 0.00983091 32 37 26
-0.00540918 0.00195712 0.0103951 84 37 24
-0.00351158 0.00056414 0.010628 27 8 4
-0.00539739 0.00077693 0.00944988 44 50 32
-0.00473099 0.00257128 0.0106346 91 38 31
-0.0049633 0.000355374 0.0105278 79 78 62
-0.00528758 0.00106713 0.0095959 54 23 18
-0.00570329 0.00049067 0.00905858 53 56 36
-0.00526414 0.00237828 0.010654 67 20 14
-0.00529289 0.000816164 0.00950353 40 46 33
-0.00527429 0.00173598 0.0100802 75 30 22
-0.00503909 0.00267842 0.010764 86 34 22
-0.00391254 0.000616632 0.0106791 34 32 18
-0.00582258 -0.00327795 0.0115936 69 72 42
-0.00492932 0.000173198 0.0104032 102 99 82
-0.00383835 0.000759769 0.0108313 18 8 6
-0.00528624 0.00266439 0.0109287 86 28 16
-0.00405476 0.00283212 0.0115507 96 63 61
-0.00468403 0.000647471 0.0106491 38 40 24
-0.00480552 0.000567767 0.0106137 77 79 68
-0.00444483 0.00216074 0.0103805 82 44 35
-0.00493456 0.00107179 0.00963743 74 43 30
-0.00497239 0.00291541 0.0110285 79 35 30
-0.00357363 0.000558643 0.0107273 16 6 4
-0.0047597 6.35457e-05 0.0103048 91 93 86
-0.00438931 0.000610845 0.0108486 34 36 22
-0.00378848 0.00246159 0.0114948 60 30 24
-0.00663733 0.000507602 0.00872174 128 124 96
-0.00412484 0.000166468 0.0113884 20 6 4
-0.00527434 0.00262254 0.0111649 86 30 18
-0.00549007 0.00151889 0.0101239 76 30 20
-0.00460366 0.00279578 0.0109247 86 41 38
-0.00389519 -0.000299003 0.0099401 54 60 50
-0.00497743 0.000285403 0.0105018 96 94 73
-0.00558455 0.0020689 0.0105982 90 40 26
-0.00641997 0.000371795 0.00881915 44 49 30
-0.00548889 0.00194743 0.0104122 59 24 15
-0.00557538 0.00263892 0.0111951 76 36 31
-0.00493367 0.000323398 0.0104333 114 108 92
-0.00644629 0.000383338 0.00874292 58 62 38
-0.00485231 0.000343378 0.0106156 128 125 120
-0.00444961 0.00294097 0.011222 85 42 44
-0.00491304 -0.000513028 0.0102469 100 96 46
-0.00437112 0.00244457 0.0106532 62 30 30
-0.00520427 0.00125545 0.00972125 118 77 48
-0.00398935 0.00219526 0.0107283 70 38 32
-0.0055737 0.00210779 0.0106005 74 30 20
-0.00447715 0.00269873 0.0110283 83 40 38
-0.00525814 0.000259826 0.00899791 79 88 56
-0.00544241 0.00289058 0.0112732 95 38 28
-0.00496598 0.00261147 0.0107072 96 54 50
-0.00379514 -5.2686e-05 0.0115957 73 50 30
-0.00522053 0.000433826 0.00907519 68 70 52
-0.00976326 -2.49498e-05 0.00937685 128 128 82
-0.00476269 0.00161911 0.00981869 64 30 24
-0.00557678 0.00257427 0.0112284 97 36 25
-0.0055627 0.00134266 0.0096777 85 32 20
-0.00687282 0.00049696 0.00859886 47 54 35
-0.00374325 0.000705779 0.0109485 16 8 4
-0.00553093 0.0011388 0.00873132 79 52 34
-0.00697005 -0.00083774 0.0110491 144 140 80
-0.00422388 0.00106229 0.00986375 32 34 16
-0.00515746 -0.00121252 0.0105433 71 84 39
-0.00449978 0.000401998 0.0110938 32 32 27
-0.00365599 0.000303641 0.0105382 38 35 16
-0.00388452 0.00193465 0.0105293 72 40 38
-0.00480245 -0.000160326 0.00940508 44 52 30
-0.00457515 6.33299e-05 0.010213 34 45 28
-0.00382477 0.000935989 0.010004 20 8 6
-0.00303964 0.000666711 0.0106751 158 126 111
-0.00500356 0.000250033 0.0103639 98 92 72
-0.00298898 -0.000204915 0.0107023 148 160 114
-0.00509117 0.00186766 0.0100301 70 30 21
-0.00391803 0.00201952 0.0107363 74 43 40
-0.00442648 0.00010062 0.0109386 35 46 36
-0.00290612 0.000230272 0.0101256 146 103 74
-0.0047077 0.00223827 0.0103513 93 54 48
-0.00385072 0.00240749 0.0113759 77 48 45
-0.00436846 5.41858e-05 0.0103501 56 50 40
-0.00473812 0.000667882 0.0106372 34 39 24
-0.00428961 0.00195454 0.0101724 66 34 30
-0.00271516 -0.00052265 0.0103615 148 164 116
-0.00520777 0.00094155 0.00969387 18 6 4
-0.00422348 0.00241044 0.0107183 73 38 37
-0.00397116 0.002231 0.0107765 68 36 34
-0.00471384 0.00134462 0.00954637 149 110 95
-0.00669948 -0.00204406 0.0101826 45 50 22
-0.00497536 -0.000831835 0.0101999 94 97 50
-0.00607038 -0.00137424 0.0101925 84 86 64
-0.00512506 0.000400961 0.0100426 45 51 34
-0.00513321 0.000788475 0.00955776 44 47 33
-0.00618581 -0.000174942 0.0112552 55 23 8
-0.00545104 0.00138977 0.00974873 90 36 20
-0.00545097 0.00195006 0.0103851 80 37 27
-0.00527975 0.00130692 0.00972022 168 117 88
-0.00527444 2.35525e-05 0.00954816 88 92 51
-0.00598561 -0.00031202 0.0107276 32 36 19
-0.00681015 0.00048415 0.00847451 64 69 46
-0.00527009 0.000202997 0.00905375 88 95 56
-0.0037898 0.000294154 0.0109437 44 41 20
-0.00497049 0.00191095 0.0101384 78 46 39
-0.00482159 0.00244003 0.0106169 80 34 28
-0.00553189 0.00121308 0.00891404 164 113 82
-0.00417063 0.00147114 0.00979781 88 58 55
0.000954928 0.000981171 0.0156668 144 151 106
-0.00517252 0.00209244 0.0102845 88 40 26
-0.0052525 0.00154831 0.00994355 68 24 16
-0.00520826 0.00278307 0.0107949 94 36 23
-0.00542119 0.00215002 0.010572 66 22 12
-0.00658545 0.000441996 0.00878875 48 55 32
-0.00546928 -0.00266809 0.0111761 56 70 36
-0.00488688 0.00257545 0.0107793 89 36 27
-0.00441877 -0.00025958 0.00928623 70 76 66
-0.00539473 0.00287058 0.0112292 88 30 20
-0.00425742 6.70181e-05 0.0102952 42 18 10
-0.00494491 6.56661e-05 0.0100522 94 94 82
-0.00515145 0.00052046 0.0097284 30 37 22
-0.00508651 -0.00059919 0.0101557 102 100 59
-0.00496322 0.000587487 0.0104748 58 57 41
-0.0068519 0.00034786 0.0083994 132 126 64
-0.00738643 0.00090646 0.00817135 162 150 128
-0.00565079 0.00241236 0.0112413 78 28 20
-0.00508792 0.00143276 0.00975414 148 102 85
-0.00530884 0.00114972 0.00959135 60 22 12
-0.00404172 0.000981673 0.00963957 24 16 6
-0.00548292 0.00271022 0.0111582 78 21 10
-0.00411024 0.00215649 0.0105346 75 39 32
-0.00531081 -0.00227605 0.0109088 56 72 32
-0.00688064 0.000564128 0.00870573 104 100 80
-0.00626511 -0.00158236 0.0101138 70 72 44
-0.0067665 0.0004566 0.00863286 38 50 32
-0.00586627 -0.00121565 0.010403 80 87 49
-0.00453212 0.000106825 0.0101812 40 50 39
-0.00614561 -0.000517225 0.0107766 38 42 20
-0.00435228 0.00258179 0.0107912 79 36 31
-0.00636278 -0.000549831 0.0109521 50 48 28
-0.00440173 0.0025943 0.0108565 86 45 43
-0.00534838 0.000281506 0.00912025 70 82 42
-0.00590982 -0.00121995 0.0102842 53 62 35
-0.0094793 9.46567e-06 0.00911816 130 131 82
-0.0056197 0.00191206 0.0105235 28 8 4
-0.00571173 0.00233922 0.0112151 80 41 33
-0.00535784 0.00267125 0.0110598 88 28 17
-0.00520494 -0.00186942 0.0106713 62 80 35
-0.00522954 0.000683612 0.00955475 44 48 33
-0.0053788 0.00152306 0.00997575 74 27 16
-0.00460371 -9.95999e-05 0.00933563 61 68 54
-0.00455517 -0.00368434 0.0135636 151 158 106
-0.00716027 0.000743244 0.0083152 161 148 129
-0.00544986 -0.0021346 0.010838 51 68 26
-0.00479164 0.00205956 0.0101552 75 40 32
-0.00708045 -0.00217495 0.00987379 88 87 66
-0.00447258 0.00129909 0.00948319 139 94 70
-0.00541298 -0.00251049 0.011055 58 74 36
-0.00583324 -0.00112445 0.0102394 54 60 32
-0.00387376 0.000964894 0.00989234 16 6 4
-0.00431757 0.000666641 0.0107993 25 27 13
-0.00539644 0.000489233 0.0087842 66 80 40
-0.00396659 0.00191116 0.0104392 75 44 40
-0.00549483 0.00242767 0.0109694 90 37 24
-0.00322989 0.000373376 0.010327 128 123 87
-0.003945 -0.00013518 0.0117291 70 36 21
-0.00530467 0.000417875 0.00917638 71 76 57
-0.00695926 0.00049213 0.00895484 40 52 34
-0.00650823 0.000384381 0.00872994 64 66 40
-0.00411827 0.0022956 0.0106535 82 49 47
-0.00480234 0.00237002 0.0106923 48 14 10
-0.00470333 0.0031675 0.0112931 76 34 31
-0.00512508 0.00117002 0.0096248 78 30 20
-0.00671562 0.000341841 0.00885768 64 66 39
-0.00514668 0.000443761 0.00996456 36 44 29
-0.00697971 -0.00217195 0.00989404 72 76 50
0.00121324 0.000882083 0.0159244 152 161 112
-0.00648154 -0.00178553 0.0100071 55 63 34
-0.00297123 -0.000388652 0.00999206 151 166 118
-0.00537935 -0.00231386 0.0111088 52 68 29
-0.00424555 0.00252382 0.0108406 78 38 37
-0.00783323 0.00137256 0.00811301 164 154 142
-0.00435837 0.00211963 0.0104106 82 44 42
-0.00436733 0.00194815 0.0101739 74 44 40
-0.00706538 0.00033937 0.00847794 126 120 61
-0.0069285 0.000268981 0.00940114 97 96 57
-0.00455582 -0.000285486 0.00866236 61 65 52
-0.00468669 0.000150634 0.0105674 58 67 58
0.00112392 0.000927826 0.0160678 147 155 109
0.000905238 0.00120372 0.01128 148 159 109
-0.00469198 0.00219233 0.0103152 78 38 30
-0.00467929 -1.43589e-05 0.0102902 77 84 70
-0.0098151 -9.30021e-05 0.0102866 127 126 78
-0.00401363 0.00210982 0.0104865 80 47 45
-0.00443609 0.00195707 0.0101978 74 40 37
-0.00982215 -7.45638e-05 0.0100701 128 127 78
-0.00370428 0.00230864 0.0114294 55 24 18
-0.00388033 0.00279878 0.0115325 64 26 20
-0.00392698 -0.000216518 0.0104269 142 156 118
-0.00617223 -0.00376192 0.0117204 158 158 102
-0.00251885 0.000761514 0.0107281 130 150 107
-0.00523998 -0.00101057 0.0105427 89 94 48
-0.00639505 -0.00168906 0.00999667 54 62 38
-0.00642188 -0.00169396 0.00998752 48 59 38
-0.00669893 -0.000473177 0.0106386 146 140 82
-0.00589211 -0.00113603 0.0103379 46 54 28
-0.00612303 -0.00139931 0.0098694 66 70 34
-0.00449732 -0.000143146 0.00966745 63 69 48
-0.00623595 -0.00155021 0.0101405 56 66 31
-0.00513413 -0.00154767 0.0104893 64 80 37
-0.0018879 -0.00150893 0.00844786 155 160 107
-0.00322804 -0.00299974 0.0107585 158 164 108
-0.00609298 -0.00124418 0.0101224 47 51 28
-0.00688804 -0.000835894 0.0111391 144 140 82
-1.98652e-05 0.000745304 0.0155717 136 151 106
-0.00689672 0.000269462 0.0087135 136 132 68
-0.00716407 0.000777394 0.00819179 160 149 128
-0.00553076 -0.00284413 0.0112787 59 72 32
-0.0046238 -0.00375697 0.0136915 154 160 108
-0.00429291 0.001734 0.0100345 78 42 40
-0.00788616 0.000199445 0.00988291 120 114 57
-0.00399541 0.00291674 0.0116923 75 40 36
0.00141128 0.000896053 0.0160093 148 159 110
-0.00527791 -0.00189299 0.010637 58 76 31
-0.00746784 -0.00252384 0.00980369 133 131 88
-0.00580838 -0.00184822 0.00919002 154 156 101
-0.00316608 -0.000407177 0.0100139 148 164 116
-0.00650804 -0.001577 0.0100059 48 54 32
-0.00855663 0.000139158 0.00953202 120 114 62
-0.0064665 0.00251013 0.00785729 158 146 140
-0.00513475 -0.00153199 0.0106009 64 82 37
-0.00607227 -0.00104975 0.0100814 49 53 29
-0.00975636 -7.41509e-05 0.00977258 133 132 84
-0.0074922 0.00114759 0.00806756 164 152 138
-0.0050753 -0.00124791 0.0106303 74 84 39
-0.00784524 0.000239646 0.0093852 120 115 60
0.000942458 0.00115761 0.0115658 151 162 111
-0.00605251 -0.00158982 0.00870794 154 153 100
-0.00439651 -0.00140559 0.0102284 96 99 49
-0.00559367 -0.000778636 0.0104625 46 54 22
-0.0025659 0.000381544 0.0103898 146 164 118
-0.00714339 -0.00211366 0.00981038 145 140 97
0.00152858 0.00107901 0.0153205 146 152 107
-0.00319789 -0.000639455 0.00966652 156 166 118
-0.00777268 -0.000553711 0.0111183 146 140 78
-0.00630854 -0.00106976 0.0100153 110 106 68
-0.00735438 0.000194525 0.00915293 136 130 69
-0.00270618 -0.000835177 0.0103414 154 165 117
-0.00676629 -0.00179658 0.00994619 68 70 41
0.000215447 0.000984356 0.0119233 155 166 116
0.000586479 0.000889499 0.0156942 144 154 104
-0.00503324 0.00327603 0.0110078 118 80 70
0.000518785 0.000886319 0.016036 136 147 101
0.000359964 0.00114492 0.0122049 142 150 105
-0.00775216 -0.000460495 0.0114934 144 138 76
-0.00775458 -5.79623e-05 0.0109888 138 132 70
-0.00806118 0.000284983 0.00774081 128 124 70
-0.00606153 -0.00147231 0.0098263 155 158 104
0.00120968 0.000478631 0.0166754 160 170 120
-0.00742516 0.000164211 0.00908265 140 134 74
-0.00806723 -0.000998163 0.0119092 148 143 82
-0.00785691 0.000247269 0.00927792 120 114 58
-0.00469961 0.00353458 0.0115176 150 131 132
-0.00753877 -0.00311847 0.00981662 155 156 100
0.000825351 0.000513277 0.0159836 160 170 120
-0.00977645 -0.000219633 0.0102597 146 144 92
-0.00486425 -0.00362231 0.0129277 154 158 108
0.000221885 0.000980756 0.0120714 156 168 118
-0.00749107 0.00109067 0.00839756 162 150 134
-0.00806041 -0.00047905 0.0117065 145 139 77
-0.00233126 -0.00260586 0.00991673 158 164 108
-0.00816334 0.000149616 0.00924657 126 120 64
-0.00777883 -0.000122262 0.0110727 140 134 72
0.000398915 0.00102928 0.0114422 156 167 116
-0.003137 -0.00306172 0.0101025 160 162 106
-0.00777254 0.000430298 0.00771404 159 147 119
-0.0082448 -0.000753819 0.0120841 146 140 76
-0.00838744 -0.000306216 0.0115107 145 139 77
-0.00560629 0.00337039 0.0117237 145 124 126
-0.00741613 -0.00134102 0.0115512 148 146 88
-0.00963613 -0.000557322 0.0129896 144 140 79
-0.00650768 -0.0041047 0.0126302 157 156 101
-0.00663828 -0.0041448 0.0126601 157 158 99
-0.00810861 0.000370517 0.00806647 158 147 124
-0.00384055 -0.00328025 0.0101715 158 162 106
-0.00259216 -0.0033059 0.0103459 156 160 104
-0.00912858 -0.00199224 0.00919982 150 148 92
0.00185361 0.000701363 0.0167548 162 170 118
0.000889724 0.000350401 0.0153221 168 176 123
-0.0074913 -0.0017945 0.0122454 149 148 92
-0.00981541 -0.000735044 0.013714 146 140 80
0.000469909 0.000865013 0.0126848 164 174 120
-0.00863547 -0.00220415 0.00958383 152 148 93
-0.00530398 -0.00401996 0.0124232 159 160 103
0.000424771 0.000321957 0.0119022 164 173 122
-0.00819756 -0.00131502 0.00784103 152 148 92
-0.00276795 -0.00340992 0.0103984 156 160 105
0.000644544 0.000101096 0.0113663 164 172 124
-0.000958558 -0.00175056 0.00887338 159 164 107
-0.0047314 -0.00390673 0.0124639 158 160 106
-0.00928715 -0.00161372 0.00958481 152 149 92
-0.00930043 -0.00106179 0.00946504 152 151 98
-0.0023608 0.00193885 0.00846867 168 160 149
-4.86578e-05 0.00280115 0.0120312 166 158 147
7.78714e-05 0.00529391 0.0133286 156 148 142
-0.00235767 0.0019789 0.00854562 166 158 149
-0.00142583 0.00246589 0.0102891 165 156 146
0.000754773 -0.00306498 0.00979806 153 156 99
2.13441e-05 -0.0025532 0.00934303 156 160 104
-0.000724933 -0.0021527 0.00854515 156 160 102
0.000684719 -0.00286871 0.00984085 154 160 102
-0.00467229 0.000798337 0.0103473 24 26 12
-0.00527773 0.00187422 0.0101455 70 28 20
-0.00649146 -0.000160885 0.0104017 148 148 89
-0.00487853 0.000583362 0.0105167 64 66 54
-0.00502468 0.00182467 0.0100019 73 33 26
-0.00519531 0.000995624 0.00973663 43 24 18
-0.00362744 0.000956798 0.0100848 19 8 4
-0.00493523 -9.95751e-05 0.00986665 30 36 18
-0.0047962 0.00022503 0.0102525 72 74 60
-0.00502419 0.00210284 0.0102298 92 62 55
-0.00514544 -3.19423e-06 0.00997406 83 84 49
-0.00699926 -0.000942614 0.0108657 52 52 25
-0.0048665 0.00200597 0.0101735 74 37 30
-0.00434503 -0.00058133 0.00772048 59 56 39
-0.00535944 0.00258054 0.0109432 92 34 22
-0.00486883 0.00115632 0.00955245 58 36 30
-0.00551974 0.00134095 0.00979357 89 34 20
-0.00472337 0.000527083 0.0106666 102 103 97
-0.00636915 0.000701258 0.0102896 96 70 50
-0.00434387 0.00186882 0.0101477 68 40 36
-0.0015512 -0.00222443 0.00837944 154 158 102
-0.00535078 0.00103504 0.00947681 43 16 10
-0.00440126 0.00205393 0.010286 68 36 32
-0.00530902 0.000374359 0.00887544 68 82 51
-0.00692733 -0.000941849 0.0110292 52 55 28
-0.0042064 0.0014278 0.00948618 151 130 128
-0.00455711 0.000776266 0.0105209 34 36 22
-0.00492049 -0.000136588 0.00949351 58 60 24
-0.00538099 0.00273625 0.0111077 86 28 17
-0.00431786 0.000950677 0.00981485 30 32 14
-0.00478624 0.00230465 0.0104197 87 46 38
-0.00408624 0.00108379 0.00955785 33 37 17
-0.00467627 -0.000326308 0.00881662 107 110 80
-0.00509914 0.000571665 0.00980458 24 24 13
-0.00517533 -0.000361673 0.0100366 65 65 21
-0.00515899 0.000375925 0.00968775 74 72 53
-0.00485844 0.00230936 0.0103708 74 34 28
-0.00489234 0.000114132 0.0103553 98 98 85
-0.00549599 -0.00269388 0.0111251 56 70 34
-0.00520224 0.00108732 0.00968145 62 34 26
-0.00546604 0.00158532 0.0100263 72 28 18
-0.00492748 0.0019605 0.0102226 61 24 18
-0.00530605 0.000495123 0.00889882 44 52 40
-0.0034007 0.000108261 0.0108407 34 33 13
-0.00542554 0.00113782 0.00956928 48 15 5
-0.00528334 0.000879858 0.00940763 13 14 8
-0.00423995 -7.06532e-05 0.0101953 72 68 52
-0.00622069 0.000335629 0.0101446 94 82 64
-0.00543752 0.00161368 0.0100668 74 30 21
-0.00556426 0.00173281 0.010284 60 24 18
-0.00216023 -0.00139749 0.00904442 81 80 56
-0.00494274 0.000113487 0.0103308 94 94 79
-0.00631992 2.57725e-05 0.0104351 146 147 88
-0.00481103 0.00310495 0.0112629 96 46 40
-0.00424576 0.00260913 0.0110317 80 38 35
-0.00341256 -0.000635938 0.00966443 38 52 34
-0.00456344 0.000607084 0.0108269 30 29 16
-0.00743078 -0.00271197 0.00982199 96 94 74
-0.00439071 0.000932382 0.00980188 29 32 14
-0.00533865 0.00127357 0.00968895 154 104 74
-0.00536513 0.000639628 0.00877718 17 13 6
-0.00388164 -9.64435e-06 0.0114954 26 8 4
-0.00463776 -0.000203629 0.00887244 60 64 50
-0.00515468 0.00116282 0.00967729 76 31 22
-0.00554837 0.00157535 0.0100875 72 27 18
-0.00630621 -4.73938e-05 0.0103968 147 147 90
-0.00496286 0.00172997 0.0100674 82 56 51
-0.00554666 -0.000568755 0.0103741 44 50 19
-0.00525937 0.000138257 0.00927069 72 84 42
-0.00520205 0.00104355 0.00958588 17 7 4
-0.0069448 0.000598517 0.00864598 110 106 86
-0.0011453 0.00105735 0.0105282 130 140 98
-0.00370836 -0.000147378 0.0118517 84 64 47
-0.00505573 0.0010789 0.00956395 21 10 5
-0.00495463 0.00156639 0.00985889 46 18 15
-0.00694585 0.000446704 0.00868255 56 61 40
-0.00537091 0.00182187 0.0102391 82 38 26
-0.00426504 0.000856303 0.0096472 39 41 24
-0.00428894 0.00261349 0.0109379 81 38 34
-0.00526839 -0.00159988 0.010675 62 76 34
-0.00525789 -0.00032953 0.00985973 58 61 24
-0.00538542 0.00139922 0.00984729 97 42 23
-0.00523699 -0.00134431 0.0104865 70 82 40
-0.00359496 0.00105127 0.0101646 72 44 28
-0.00553018 0.00209927 0.0106316 86 38 25
-0.00534784 0.00073964 0.00959524 42 45 30
-0.00500887 0.00108968 0.00937634 56 34 27
-0.00461418 -0.000302349 0.00872513 60 63 46
-0.00387374 -0.000328425 0.00662123 44 55 20
-0.00542295 0.000431144 0.00887981 64 78 36
-0.00472736 0.00308388 0.0112832 96 48 43
-0.00290182 0.000743177 0.0102334 123 146 102
-0.00479012 0.00142275 0.0096615 158 118 104
-0.0038702 -0.000330021 0.00656363 44 52 22
-0.00436516 0.000117966 0.01083 22 12 9
-0.00406144 0.000589928 0.0108418 22 24 11
-0.00423555 0.0017405 0.0100013 74 42 40
0.000862872 0.000836961 0.0157285 153 163 112
-0.00211814 -0.00135861 0.00891002 88 84 64
-0.00427324 -0.000192692 0.0102224 50 56 31
-0.00714501 -0.000471786 0.0110388 145 140 78
-0.00462814 0.00227635 0.0105587 82 40 34
-0.00655291 -0.000632989 0.0108253 42 34 12
-0.00406691 0.00127337 0.00941644 26 36 14
-0.00611535 -0.00101586 0.0102144 46 50 26
-0.00575267 -0.00298692 0.0113203 56 66 32
-0.0057402 -0.00068285 0.0102931 44 52 24
-0.00454814 0.00160548 0.0098039 72 33 26
-0.00567975 -0.000808622 0.0102281 44 52 23
-0.00599348 -0.00126725 0.0100007 61 69 39
-0.0092347 -1.89298e-05 0.00852445 146 144 91
-0.00432312 0.0030026 0.0112083 98 56 56
-0.00744265 -0.00260264 0.00992155 89 87 69
-0.00246328 -0.000384644 0.0102675 148 164 116
-0.00270081 -0.00273168 0.0102222 158 162 108
-0.00526637 -0.0017106 0.0106531 62 78 34
-0.00534226 -0.00218616 0.0108833 53 70 30
-0.00519512 -0.0016278 0.0107002 62 78 34
-0.00421005 0.00188167 0.00992983 74 44 40
-0.00292042 -0.00257755 0.010579 159 164 109
-0.00552495 0.00278452 0.0112603 89 31 21
-0.00457141 -0.000288231 0.00893887 60 66 51
0.000136348 0.000701647 0.0158021 137 155 108
-0.00355995 0.00228703 0.00848278 146 130 117
-0.00202724 -0.00141461 0.008972 74 74 46
8.03814e-05 0.00103759 0.0120949 148 157 108
-0.00601223 -0.00111787 0.0100221 45 50 26
-0.00316516 -0.000781121 0.0095417 53 60 40
-0.00763695 0.00111564 0.00813972 164 154 139
-0.00745616 -0.000638506 0.0113793 146 140 78
-0.00820072 0.000297292 0.00778494 124 120 72
-0.00473489 -0.00366711 0.0132084 154 158 108
-0.00630916 -0.00119927 0.0100528 44 48 25
-0.000561584 -0.00049738 0.0148065 158 170 122
-0.00677822 0.000555371 0.00907793 158 148 122
-0.00661013 -0.00176732 0.00991044 54 60 38
-0.00601071 -0.0010624 0.0100591 63 67 45
-0.00760016 0.00110713 0.00821146 164 152 136
-0.0026765 0.00069208 0.0103386 132 154 111
0.000401272 -0.000462382 0.0153275 162 172 120
-0.00701853 0.000241363 0.00894603 136 130 68
-0.00251085 -0.0033611 0.0106767 158 162 106
-0.00318322 -0.00056954 0.00988724 150 164 116
-0.00246744 -0.00342472 0.0109059 156 161 105
-0.00723187 -0.00257248 0.0096647 152 152 96
-0.00372967 -0.00280685 0.0112911 156 160 106
-0.00597205 -0.00401936 0.0120796 158 158 102
-0.00285318 -0.00313014 0.0104886 158 160 106
-0.00487388 -0.0038384 0.013673 152 158 106
-0.00207756 0.000774169 0.011252 126 147 104
-0.00796501 -0.00267856 0.00982512 150 151 94
-0.00713128 -0.00194113 0.00998504 148 146 88
-0.00855189 0.000102588 0.00787239 147 144 90
0.000961317 0.000717315 0.0158013 157 167 117
-0.00748377 0.000371538 0.00818913 118 115 59
-0.00715643 -0.00258009 0.00980477 151 150 94
-0.000177157 0.00103695 0.0105176 156 167 116
-0.0081667 -0.000339055 0.0113674 147 142 78
-0.0077738 -0.000150229 0.0112062 142 137 74
0.00137606 -0.00207099 0.0150771 154 162 111
-0.00685279 0.000626942 0.00954729 159 148 122
-0.00248809 -0.00321713 0.010227 155 160 106
-0.00773644 0.000205693 0.00827432 140 136 78
-0.00571108 0.00294369 0.0109675 136 106 98
-0.00149424 -0.00242375 0.00841349 154 158 104
-0.00670264 -0.000926409 0.00911305 150 148 88
-0.00800554 -9.14562e-05 0.0101684 144 139 78
-0.00682265 -0.000899748 0.00964606 149 146 88
-0.00265009 -0.00331789 0.010219 156 160 104
-0.0029212 0.0013055 0.010244 154 153 142
-0.00705931 -0.00167537 0.00983612 148 144 86
-0.00913703 -0.00298375 0.0121153 150 148 92
-0.00280532 0.00130748 0.0103068 154 151 140
-0.00495002 0.00356004 0.0113298 154 136 136
-0.00744021 -0.0011137 0.0103675 150 146 86
-0.00737029 -0.00115973 0.0106724 148 145 85
-0.00209441 0.00124498 0.010416 159 156 144
-0.0076051 -0.00127278 0.0101562 149 144 86
-0.00841045 -0.00190986 0.0102383 148 146 90
-0.00898909 -0.00226687 0.010139 152 148 95
-0.00729026 -0.00120481 0.0104279 148 146 87
-0.00880328 -0.00196692 0.00971901 152 148 92
-0.00669524 -0.00429899 0.0121138 158 157 102
-0.0021612 -0.00295888 0.00960219 156 160 102
-0.00724329 -0.00333182 0.0100195 156 156 102
-0.00836021 -0.00178887 0.00688032 155 152 95
-0.00231381 -0.00354596 0.0105517 155 162 105
-0.00798473 -0.00199944 0.00664924 155 152 98
-0.00227942 -0.00361752 0.0109482 155 162 105
-0.00159556 -0.00249803 0.00847945 154 159 101
-0.00610357 -0.00473045 0.0124354 158 158 102
-0.00858261 0.00120744 0.0078173 166 154 139
-0.00149641 -0.00252766 0.00823045 154 158 101
-0.00362079 -0.000929441 0.00507349 155 158 102
-0.00285312 0.00303347 0.00812651 158 148 144
-0.000895436 -0.00239725 0.00820713 152 156 99
-0.00201433 -0.00262611 0.0082915 153 157 100
-0.00161597 -0.00254908 0.00824924 153 157 100
-0.00180477 -0.00255185 0.00826855 154 158 100
-0.00707864 -0.00376778 0.00996665 156 154 100
-0.00827817 -0.0023206 0.00664123 153 149 93
-0.000400952 -0.00249787 0.00834993 152 156 99
-0.00834906 -0.00203727 0.0068155 155 152 94
-0.00369323 -0.0014569 0.00594926 154 158 102
-0.00370164 -0.000894618 0.00493655 156 159 105
-0.00771256 -0.00218429 0.00705706 154 152 98
-0.00521218 -0.00114365 0.00550761 155 156 100
-0.00813545 -0.00224442 0.0066398 154 150 94
-0.00222007 -0.00292554 0.00937543 155 160 103
-0.000809741 -0.00231932 0.00846182 154 158 101
-0.00527518 -0.00391856 0.0107653 157 158 101
-0.00216535 -0.00308123 0.00953258 154 160 102
-0.00466378 0.000620631 0.0106976 57 59 42
-0.00505485 0.000827638 0.0096232 30 24 15
-0.0053853 0.00245073 0.0107905 86 34 22
-0.00518021 -0.000209513 0.0100099 82 84 43
-0.00534713 0.00198459 0.0103801 64 27 19
-0.00521335 0.000971226 0.0096557 33 24 18
-0.00489419 0.00285824 0.0110616 98 44 32
-0.00495913 0.000430815 0.0104799 51 59 42
-0.00608453 -5.5259e-05 0.0109417 79 68 32
-0.00519753 0.000901021 0.00966055 12 7 4
-0.00643785 0.00035176 0.0102332 81 74 46
-0.0044469 0.00107567 0.00956994 28 24 12
-0.00470998 0.000578543 0.0107491 61 64 50
-0.00552162 0.00205814 0.0105863 82 35 22
-0.00628212 6.86544e-05 0.0107211 91 90 53
-0.00595533 0.000468189 0.0115883 10 5 3
-0.00460866 1.57051e-05 0.0103064 45 58 39
-0.00539083 0.00181425 0.0101956 79 32 22
-0.00648721 -0.000426698 0.0106629 82 64 42
-0.00650396 8.06634e-05 0.0101681 110 101 62
-0.00553113 0.001409 0.010045 84 32 18
-0.00445238 0.000164595 0.0109181 28 28 22
-0.00541608 0.00122823 0.00960357 148 101 68
-0.00553613 0.00283082 0.0112788 85 32 19
-0.00669716 0.000310086 0.00946462 43 49 27
-0.00631092 6.59629e-05 0.0106489 120 122 71
-0.00403243 0.00124817 0.00922101 27 33 12
-0.003148 -6.75701e-05 0.0105931 54 61 26
-0.00455486 0.00148736 0.0098022 60 24 13
-0.00762423 -0.00298996 0.00968396 156 156 102
-0.00484698 0.000120212 0.0103243 94 94 84
-0.00484477 -0.000610103 0.00877156 98 102 56
-0.00322398 0.000909235 0.0109823 152 116 96
-0.00647474 4.12097e-05 0.0103355 148 146 89
-0.00270161 -0.000595317 0.0103513 148 163 115
-0.00424285 0.000233266 0.0112305 20 8 6
-0.00552092 -0.002376 0.0109545 60 71 34
-0.005345 0.00123178 0.00968037 148 102 70
0.000419635 -0.000629297 0.0151278 156 168 122
-0.00305186 -0.000184656 0.0107187 143 160 114
-0.00488431 0.00189357 0.0101195 72 34 27
-0.0064872 -0.000805908 0.010671 64 70 32
-0.0049673 0.00197609 0.010135 72 36 28
-0.0064336 0.000131135 0.0102786 60 64 40
-0.0046696 -0.000165248 0.00914603 57 64 48
-0.00421164 0.000191805 0.0111614 18 6 5
-0.00519802 0.00152942 0.00986385 61 20 14
-0.00563232 -0.000387957 0.0101492 55 60 28
-0.00677878 -0.00074753 0.0109027 150 144 88
-0.00953848 -8.60907e-05 0.00938147 138 134 79
-0.00313193 -0.000326619 0.0106822 145 162 116
-0.00781494 -0.00310563 0.00959521 135 138 85
0.00104229 0.000781804 0.016159 152 164 114
-0.00299514 -0.00330863 0.010806 160 164 108
0.00115348 -0.00179528 0.0144888 155 163 113
-0.00745177 -0.00216626 0.00956319 153 152 96
0.000852241 -0.00202415 0.0140985 160 167 114
-0.00695011 -0.00254925 0.0101599 150 148 92
-0.00762503 -0.00335491 0.00950759 156 156 101
-0.00468843 -0.00411252 0.0139093 150 156 104
0.000190071 0.000985477 0.0109622 158 168 120
-0.00779658 -0.00344393 0.00965194 158 156 100
0.00109212 0.000386619 0.0152001 166 176 124
-0.00830203 -0.00222923 0.0102423 152 150 94
-0.00138272 -0.00216173 0.00825046 70 74 44
-0.00533494 0.00346186 0.0110816 154 134 135
-0.00489388 -0.00361885 0.012483 156 159 108
0.000683324 0.00157945 0.0109998 169 162 144
-0.00493289 0.00385756 0.0108952 156 142 141
-0.00464687 -0.00455691 0.0133691 160 162 108
-0.00837187 -0.00244012 0.00798595 156 154 99
-0.00817737 -0.00308821 0.00908619 157 156 102
-0.00184595 -0.00244831 0.00869453 158 162 107
-0.00911094 -0.00184557 0.00949363 152 149 95
-0.00504655 -0.00449369 0.0118475 158 160 104
-0.00788672 -0.00347706 0.00945953 156 156 102
-0.00803419 -0.00292093 0.0081339 155 152 96
-0.00401866 -0.00390256 0.0109154 159 162 108
-0.00881286 -0.00285754 0.00805028 154 152 96
-0.00245494 -0.00321217 0.00982975 157 161 106
-0.00473979 -0.00518689 0.0126315 159 160 104
-0.00537861 -0.000161559 0.00954002 86 88 46
-0.00512812 -4.60108e-05 0.0100471 82 85 52
-0.00323829 -9.06293e-05 0.0107201 130 138 96
-0.00467621 0.000502832 0.0108786 84 86 75
-0.00557875 0.0014893 0.0101489 80 34 22
-0.00524742 0.000765302 0.00947028 50 52 40
-0.00311102 -0.000152668 0.0107388 151 166 120
-0.00602551 0.000258079 0.010773 34 35 24
-0.00517332 0.00109571 0.00992918 58 34 26
-0.00605636 0.000186807 0.0109319 38 38 26
-0.00750583 -0.00263872 0.00989654 72 71 51
-0.00293283 -0.000285413 0.0106726 146 162 120
-0.00478261 0.00169011 0.00991905 63 26 20
-0.00210201 -0.001285 0.00888294 128 130 91
-0.00218799 -0.00125818 0.00892017 120 123 83
8.96516e-06 -0.000620034 0.0155504 149 164 118
-0.00163808 -0.00179108 0.00852123 151 154 105
-0.00281896 -0.000671358 0.0104607 150 164 116
-0.00691643 -0.00213674 0.00993979 51 55 29
-0.00230164 0.000752123 0.0107882 116 140 100
-0.00204449 0.000637434 0.011393 125 150 108
-0.00180062 0.000998623 0.0105322 110 122 90
-0.0068876 -0.00169641 0.00988236 150 147 91
-0.00828294 -0.00203685 0.00947631 152 150 94
-0.00663393 -0.00129609 0.00996702 151 149 92
-0.00136622 -0.00115874 0.00843941 157 163 112
-0.00349341 -0.00394359 0.011225 155 160 106
-0.00393116 0.00407366 0.0108667 156 144 144
-0.00533763 -0.00178885 0.00701197 156 158 104
-0.0088992 -0.00321683 0.00915628 156 154 101
-0.00738982 -0.00585911 0.0131888 154 155 103
-0.00812387 -0.00326344 0.00906744 155 154 99
-0.00741531 -0.00386595 0.00989744 156 156 100
-0.0040527 -0.00430321 0.0115455 154 156 104
-0.00657938 -0.00418864 0.011007 157 157 103
-0.00824578 -0.00343354 0.0090867 157 155 100
-0.00436651 0.000478452 0.0110029 12 8 4
-0.00727314 -0.000904257 0.0111581 150 145 84
-0.00485131 0.000197609 0.0104258 72 74 60
-0.00721467 -0.000917313 0.0111347 148 144 88
-0.00517327 0.000759386 0.00957671 36 40 26
-0.00526942 0.000710908 0.00952113 40 44 28
-0.00357482 0.000206916 0.0109692 35 32 13
-0.00451422 0.000461175 0.0109002 9 6 4
-0.00448035 0.000283838 0.0110263 33 34 25
-0.00590618 0.00041704 0.0106986 12 8 4
-0.00512513 0.00125377 0.00974226 106 72 56
-0.00765359 -0.00276561 0.00994765 70 70 47
-0.00490367 0.000524975 0.0105302 78 75 60
-0.00465964 0.000224236 0.0105397 54 64 51
-0.00512685 0.00133721 0.00974362 160 110 89
-0.00476818 0.00152003 0.00965651 62 26 20
-0.00507366 0.00216495 0.0115427 64 24 15
-0.00740971 -0.000942355 0.0112594 142 136 82
0.000314571 -0.000214916 0.0155548 158 169 122
-0.00750386 -0.00099681 0.0113561 128 118 60
-0.00629184 -0.00131243 0.0100007 58 60 36
-0.00141974 0.00100056 0.0113985 116 126 96
-0.00702452 -0.00197665 0.00993616 52 55 26
-0.00263415 -0.00221232 0.00998957 156 163 109
0.000343833 0.000348611 0.0156248 148 163 116
-0.00791656 -0.000715357 0.0109692 151 146 85
-0.00814664 -0.00236526 0.0100001 154 150 96
0.000984132 0.000619008 0.0156014 153 164 116
-0.00974768 -0.000707432 0.0105236 158 156 100
-0.00481415 -0.0040021 0.0124523 158 159 107
-0.0074552 -0.0035354 0.00964559 156 156 100
-0.00844193 -0.00327354 0.00950514 158 156 101
-0.00660656 -0.0044875 0.0118195 156 157 104
-0.00786611 -0.00379947 0.00970202 156 154 101
-0.00787669 -0.00463518 0.0107649 155 154 99
-0.00614366 0.00062666 0.0132197 44 17 9
-0.00494794 2.60382e-06 0.0100789 54 58 44
-0.00338377 0.00015963 0.0108461 42 38 15
-0.00287866 -5.74397e-06 0.0106221 86 75 49
-0.00494541 0.000763913 0.0103361 32 28 14
-0.00545028 0.00152488 0.0101308 80 30 20
-0.00429675 0.00124729 0.00933928 26 27 11
-0.0036014 0.00019782 0.0109258 38 36 16
-0.00421479 1.22581e-05 0.0105762 70 43 26
-0.0027764 2.10471e-05 0.0104615 137 112 86
-0.0036574 0.000472052 0.0107027 24 18 9
-0.0035791 -0.00165112 0.0110905 151 158 114
-0.00435184 8.91491e-05 0.0108391 24 10 6
-0.00518893 0.00176134 0.0100832 74 34 26
-0.00468942 0.00159113 0.00974143 64 28 22
-0.00315206 -9.97234e-06 0.0107685 44 45 18
-0.00522381 0.00174283 0.0100819 74 33 24
-0.00460142 0.00145745 0.00970988 53 22 12
-0.00519695 0.00162059 0.00987621 68 27 19
-0.00394447 -0.000131036 0.0104614 154 166 117
-0.00549045 0.00139186 0.00994967 87 36 21
-0.00258451 -0.000379935 0.0105273 108 115 70
-0.00427781 0.000189096 0.0109032 21 9 7
-0.00344161 -0.000565213 0.00979245 112 117 80
-0.00770063 -0.000915236 0.0110902 151 146 84
0.000497647 0.000241273 0.0157285 152 166 120
0.000903143 -0.00146624 0.0144494 162 170 117
0.000503645 -0.00171978 0.014932 154 163 113
0.00023086 0.000421979 0.0160152 144 161 116
0.00027219 0.00036484 0.0156468 148 164 118
-0.00854846 -0.0025487 0.010672 154 152 96
0.000614338 0.000287335 0.0153769 156 168 121
-0.00486693 -0.00372924 0.0124306 155 158 104
-0.00368978 0.00446919 0.0137246 156 144 144
-0.00434186 0.00151329 0.00983362 51 18 12
-0.00475919 0.00173281 0.0100049 68 29 24
-0.00454223 0.00186583 0.010135 70 32 27
-0.00447683 0.00137652 0.00958785 171 125 104
-0.00506866 0.0015377 0.00986945 61 26 19
-0.00653146 -0.000362139 0.0105883 94 80 52
-0.00665901 -0.000863683 0.0108657 52 54 22
-0.00484804 0.00186475 0.0101589 68 32 26
-0.00545464 0.00178746 0.0102427 80 34 23
-0.00505275 -0.0001354 0.00986848 72 73 44
-0.00622249 -0.000167742 0.0105242 119 117 68
-0.00633118 0.00221018 0.00774124 156 142 130
-0.00284738 -0.00286695 0.0103622 118 125 78
-0.00336337 -0.00361837 0.0113676 109 118 72
-0.00359325 -0.000792903 0.00982586 54 58 28
-0.0050583 0.0013322 0.00965717 130 90 72
-0.0042229 0.00207916 0.0103776 76 43 36
-0.0041048 -0.000252573 0.0101913 38 44 28
-0.000463133 -0.000397748 0.0151504 152 166 118
-0.00172332 -0.00161803 0.00871068 104 110 68
9.63484e-05 -6.67423e-05 0.0158671 149 164 118
-0.00749912 -0.00290068 0.00986476 156 157 102
0.000399766 0.000127095 0.015688 152 166 119
-8.63336e-05 -0.00106352 0.0149812 160 170 118
-0.00311 -0.000524734 0.0100199 150 164 116
-0.00685117 -0.00169465 0.00996311 150 148 92
0.00117592 -0.00156395 0.0146268 162 169 117
0.000701249 -0.000875595 0.0144462 167 174 122
0.00116549 -0.00140059 0.0144212 165 171 117
-0.00913663 0.00441389 0.0193102 157 143 138
0.000875826 0.000185136 0.0156741 166 176 123
0.000108814 0.00279802 0.0115459 166 158 148
-0.00333724 -0.00352344 0.0111847 126 134 88
-0.00504847 0.00089274 0.00954593 52 38 32
-0.00499812 -6.98065e-06 0.0100964 66 66 43
-0.00585696 0.00233098 0.0116049 75 24 16
-0.00381037 0.000618438 0.0108907 12 5 2
-0.00456165 0.00227404 0.0104236 82 38 30
-0.00592446 -0.0035146 0.0119844 110 113 75
-0.003137 -0.000158339 0.010763 149 166 118
-0.00420929 0.00123208 0.0093934 36 40 20
-0.00637769 -0.000321593 0.0106779 112 96 55
-0.00397549 0.00072661 0.0105522 12 6 3
-0.00377038 -0.000398141 0.00631849 136 140 94
-0.00477966 0.00117112 0.0094716 36 16 11
-0.00507133 0.00227466 0.0105298 62 22 14
-0.00566435 0.00199279 0.0106986 70 31 21
-0.00519961 0.00166982 0.0100923 68 26 18
-0.00487133 -0.000188597 0.00915034 106 102 64
-0.00530806 0.00122572 0.00960654 158 108 80
-0.0038031 -0.000372651 0.0099673 50 56 45
-0.0062551 -0.000226783 0.0106846 150 144 91
-0.00523495 0.00209378 0.0103935 90 41 25
-0.00287775 -0.00019383 0.0105743 38 39 8
-0.00478166 -8.08989e-05 0.00956818 52 60 43
-0.00563064 0.00202423 0.0106582 79 36 22
-0.00750831 -0.00279748 0.00992008 65 66 46
-0.00545555 0.00208065 0.0105977 83 36 25
-0.00524126 0.00135773 0.00990104 146 96 68
-0.00584601 -0.000555864 0.0100447 91 93 57
-0.0035425 0.00100347 0.00999291 112 69 46
-0.00472553 -0.000168468 0.00906158 56 60 42
-0.00415598 0.000868764 0.00951401 39 36 20
-0.00530799 0.00247923 0.0109246 86 33 23
-0.00740327 -0.00267483 0.00980836 96 94 77
-0.00463227 0.00220817 0.0103856 83 40 32
-0.00512803 -0.00142796 0.0105082 67 84 38
-0.00516813 -0.00115087 0.01053 76 87 43
-0.00427562 0.00168936 0.0099761 48 24 19
-0.00508349 0.0021126 0.0103919 66 28 17
-0.00277379 -0.000228068 0.0104856 37 34 6
-0.00624952 -0.00117256 0.0101621 49 52 30
-0.00555632 0.00178771 0.0103629 54 23 13
-0.0051949 0.00157316 0.00987338 68 25 17
-0.00290765 -0.00290053 0.010372 115 124 80
-0.00588179 -0.00364693 0.0118863 72 78 50
-0.00633084 -0.000706894 0.0106901 93 96 58
-0.00705679 -0.000805881 0.0111338 148 145 88
-0.00461968 -0.000322738 0.00871974 60 62 44
-0.00390558 -0.00047124 0.00664567 116 121 90
-0.00376318 -0.000441652 0.00618352 51 58 28
-0.00418295 -0.000516403 0.00750205 72 73 68
-0.00313881 -0.000313518 0.0110918 154 168 120
-0.0058519 -0.00136904 0.0086574 153 154 98
-0.0018775 -0.00154014 0.00883262 158 164 110
-0.00572858 -0.000389495 0.0100451 154 156 104
-0.0061068 -0.00108742 0.0100278 47 50 28
-0.005414 -0.00193504 0.0109385 66 76 35
-0.0073127 -0.00244108 0.00982454 60 62 40
-0.00523448 -0.00123311 0.0104753 70 83 39
-0.00589443 -0.00102576 0.0102143 46 50 26
-0.00547395 -0.00205833 0.0107695 54 71 28
-0.00507884 -0.00114749 0.0104672 76 88 42
-0.00589786 -0.000873203 0.0102053 48 54 27
-0.00543245 -0.00226709 0.0110073 54 70 30
-0.00589661 -0.000832985 0.0102504 46 53 26
-0.00740849 -0.00245192 0.00977753 129 127 85
-0.00595328 -0.000675969 0.0101379 97 99 62
-0.00596174 -0.000917418 0.0101019 46 51 27
-0.00632531 -0.000734487 0.0102147 152 152 96
-0.00601621 -0.00147073 0.00887999 154 155 98
-0.00649287 -0.00152582 0.00997038 49 54 30
-0.0014931 -0.00185167 0.00844102 54 60 32
-0.00577942 -0.000484595 0.0100834 108 108 67
-0.00746351 -0.00298946 0.0099422 156 156 103
-0.00810849 -0.00326046 0.0102369 156 156 102
-0.00606846 -0.000769102 0.0102475 123 122 78
-0.00650322 -0.00131021 0.00983568 140 135 90
-0.00759306 -0.00319456 0.0101356 157 159 104
-0.00615489 -0.000814236 0.0103212 154 154 100
-0.00672928 0.00250064 0.00754968 162 150 141
-0.00638818 -0.00095125 0.0099596 155 154 99
-0.00791712 -0.000382082 0.0104588 150 145 82
-0.00797022 -0.000353619 0.0106826 148 144 80
-0.0025977 -0.00150356 0.00872061 158 166 111
-0.00779462 -0.000413206 0.00829211 152 148 92
-0.0079429 -0.00106636 0.0110709 150 146 84
-0.00784467 -0.000439815 0.00909953 152 147 88
-0.00553112 0.00353353 0.0118349 151 134 134
-0.00205943 -0.00174082 0.00891219 160 166 110
-0.0081338 -0.000392134 0.0085327 153 150 92
-0.00279457 0.00322548 0.00840567 160 152 146
-0.00320434 0.00376874 0.00902192 158 148 146
-0.00408817 0.00146833 0.0101608 118 89 84
-0.0050567 0.000196553 0.0104991 63 51 38
-0.00509257 0.000202158 0.0100789 60 44 31
-0.00482799 0.00286332 0.0108194 86 30 22
-0.00511357 9.55417e-05 0.00988797 78 74 50
-0.00340588 0.000289079 0.0110366 32 30 12
-0.00518784 -0.000503556 0.0100305 66 69 22
-0.00497905 0.00296337 0.0110118 81 36 30
-0.00474307 -8.45907e-05 0.010084 52 62 47
-0.00309442 0.000440211 0.0100794 140 106 77
-0.00343891 0.00120895 0.0104796 156 130 114
-0.00405623 0.00146242 0.0100682 88 60 54
-0.00352388 0.000480852 0.0108912 14 5 2
-0.00523857 -0.000471639 0.0100109 47 55 16
-0.0048521 -0.000172258 0.00958511 82 83 49
-0.00347102 0.000602109 0.0106159 32 10 5
-0.00316892 0.00047414 0.0100285 151 149 116
-0.00456121 0.000707752 0.0104241 43 45 24
-0.00384727 0.000197534 0.0109061 28 6 2
-0.00380282 0.00195754 0.0106734 64 33 29
-0.00370077 0.00106203 0.00996415 68 42 30
-0.00396763 0.000896871 0.00998877 21 9 5
-0.00455998 0.0025316 0.0106727 72 25 21
-0.00531441 0.00132406 0.00970147 161 108 78
-0.00522185 0.00287507 0.0110762 84 28 19
-0.00319288 -0.000813532 0.00950836 34 44 22
-0.00467019 0.00233946 0.0101876 70 30 26
-0.00510868 0.00233533 0.0106227 62 20 12
-0.00407858 0.00120061 0.00960895 30 38 14
-0.00502011 0.00174982 0.00993136 67 28 20
-0.00329958 0.000162149 0.0109498 37 37 14
-0.00515577 0.00015489 0.00973623 56 36 22
-0.0048374 0.000434252 0.0103298 57 64 49
-0.00469817 0.000100719 0.0102429 67 72 58
-0.00300377 -0.00101431 0.00946319 38 44 20
-0.00382213 0.00260292 0.0114381 97 57 48
-0.00530934 0.00210069 0.0103598 88 40 25
-0.00375672 0.000867139 0.0103906 22 10 6
-0.00622547 0.00188253 0.00781366 58 65 34
-0.00374036 0.00120012 0.00991159 84 65 45
-0.00348728 0.000391099 0.0110536 23 21 9
-0.0055974 -0.000204993 0.00972211 156 159 111
-0.00490652 0.00241323 0.0105002 68 25 19
-0.00754294 -0.00295838 0.010217 130 129 94
-0.00311271 0.000198248 0.0107356 92 81 57
-0.00473453 -0.0010213 0.00953552 129 135 83
-0.00543912 -0.000743904 0.0103649 52 60 22
-0.00561691 0.00209543 0.0103444 77 30 18
-0.00720526 -0.000947334 0.01094 101 100 57
-0.0040687 0.00187186 0.0103058 76 44 41
-0.00472197 -0.00010092 0.00978337 50 58 42
-0.00480429 0.00279306 0.0110119 102 50 40
-0.00534297 -0.00237984 0.0110513 59 72 32
-0.00419475 0.00157195 0.00998587 69 34 29
-0.00510333 -0.0016204 0.010366 68 84 39
-0.00490602 0.00295565 0.0110577 75 24 18
-0.00572356 -0.00105374 0.0103888 62 68 34
-0.00537908 0.000112853 0.00934354 82 88 43
-0.00193151 -0.00148643 0.00900473 70 68 36
-0.00546604 0.00209917 0.0103693 60 24 14
-0.004375 0.00180408 0.010078 49 20 15
-0.00500479 0.000217594 0.0103099 70 62 46
-0.00539089 0.00285887 0.0109297 84 33 22
-0.00463444 0.00281845 0.0108214 76 27 21
-0.00389439 0.00148436 0.00930241 32 39 18
-0.00486134 0.0021334 0.0103428 68 32 23
-0.00310613 0.00025657 0.0101562 128 122 92
-0.00554926 -0.000832051 0.0102983 53 61 27
-0.00396316 0.00173776 0.0103197 80 50 46
-0.00543341 -0.000151958 0.00966424 80 85 44
-0.00528104 -0.00229465 0.0110957 58 72 32
-0.00291828 -0.000959128 0.00947414 43 54 34
-0.00328698 -0.00353674 0.0109611 100 110 60
-0.00467279 -0.000298545 0.00890583 78 79 50
-0.00462982 -0.000130515 0.00973082 59 68 54
-0.00406209 0.00176116 0.010218 55 30 25
-0.00578448 -0.00339771 0.0118412 66 71 40
-0.00524504 0.00146226 0.00970599 84 34 18
-0.00509006 -0.000811465 0.0103311 89 93 51
-0.00531744 7.96376e-05 0.00938596 80 87 42
-0.00479805 0.00213423 0.0101548 68 34 28
-0.00383616 -0.000668454 0.0100873 76 79 42
-0.00269414 -0.000579388 0.0106365 151 164 117
-0.00449567 0.00238724 0.0104168 58 23 20
-0.00551101 -0.000812893 0.0104442 48 56 20
-0.00514675 -0.00188623 0.0108247 64 81 36
-0.00589553 -0.0033054 0.0119495 157 158 105
-0.00442192 0.00237536 0.0106219 68 42 39
-0.00347363 0.0024069 0.00903717 120 78 42
-0.00366122 0.000204414 0.0110493 50 40 20
-0.00629196 -0.00156048 0.0102299 57 61 36
-0.00585787 -0.00156004 0.00834343 132 139 88
-0.00444344 -0.000289733 0.00920405 66 74 65
-0.00606142 -0.000423752 0.0105505 38 41 20
-0.00541499 0.00135985 0.00981512 90 33 14
-0.00301341 -0.00103295 0.00964028 38 46 22
-0.0050787 -0.00163623 0.0105765 68 83 38
-0.00172244 -0.00159812 0.00878725 149 154 101
-0.00452863 -0.000557542 0.00902348 59 62 39
-0.00618109 -0.00111103 0.0101156 48 53 27
-0.0066642 -0.00164664 0.00992359 53 58 34
-0.00565947 -0.00311344 0.01158 60 70 34
-0.0044121 -0.000123956 0.00911947 56 64 38
-0.000978195 -0.00102654 0.0139795 154 166 116
-0.00509129 -0.00171625 0.0103748 69 83 38
-0.00562605 -0.00230404 0.010949 123 126 78
-0.00476187 -0.000836505 0.0101396 121 118 74
-0.00654875 -0.000428946 0.01063 86 62 40
-0.00309256 -0.000836139 0.00951115 42 54 32
-0.00500838 0.000439856 0.0103272 46 51 34
-0.00637204 -0.00124836 0.00999497 85 88 57
-0.00576938 -0.00296741 0.0116114 146 148 100
-0.00458435 -0.0013896 0.00946148 158 164 112
-0.00377894 0.00268171 0.011539 84 44 34
-0.00551987 -0.00281939 0.0110165 64 74 36
-0.00653099 -0.00147885 0.0102141 100 98 64
-0.00508392 0.00200075 0.0102278 63 26 18
-0.00616679 -0.000953834 0.00990277 108 106 74
-0.00568986 -0.00294628 0.01174 58 66 30
-0.00468378 -0.00375701 0.0135498 156 160 108
-0.00559932 -0.0024637 0.0111671 87 95 55
-0.00522953 -0.00156901 0.0108039 79 91 49
-0.00558954 -0.0028115 0.0113579 69 76 42
-0.00586207 -0.000367128 0.0099988 154 160 108
-0.00360223 -0.000572998 0.00969439 26 34 16
-0.00577039 -0.000689406 0.010357 47 55 24
-0.00625879 -0.00110009 0.0101808 108 110 78
-0.0051977 -0.00158452 0.0107232 77 90 49
-0.00296475 0.000515249 0.0101741 154 120 105
-0.00413112 -0.0018755 0.0104823 157 162 112
-0.00613113 0.00183232 0.00783108 58 70 42
-0.00584672 -0.00297756 0.0115902 158 159 104
-0.00577514 -0.000625853 0.010346 48 55 24
-0.00355099 -0.000487849 0.00989226 61 69 47
-0.00629588 -0.00107456 0.0105007 152 154 101
-0.00625941 -0.00101738 0.0101152 139 140 94
-0.00583669 -0.00122561 0.00985611 154 158 106
-0.00638482 -0.000768266 0.0103987 152 153 96
-0.00485085 -0.0013863 0.00935705 156 162 108
-0.000824949 -0.00104401 0.0144453 153 166 116
-0.00695432 -0.0010587 0.0109354 133 132 79
-0.00514566 0.00331274 0.010743 147 125 126
-0.00431192 -0.00400434 0.0138019 152 160 108
-0.00437298 -0.00225885 0.0105626 152 160 108
-0.00626163 -0.0010665 0.0107296 149 151 102
-0.00868527 -0.00319472 0.0133521 148 145 86
-0.00442971 -0.00212088 0.0108588 158 166 112
-0.00703891 -0.00202073 0.0105651 147 146 89
-0.00661018 -0.00158085 0.00980392 52 58 32
-0.00180845 0.00039742 0.011969 147 164 118
-0.00789362 -0.00280147 0.0104357 152 152 98
-0.00870687 -0.00309714 0.0130888 149 144 85
-0.00864075 -0.00289987 0.0127704 149 145 85
-0.00760924 -0.000959688 0.0103353 148 146 86
-0.00435596 -0.00435574 0.0133031 158 162 106
-0.00744603 -0.00250497 0.0117877 150 147 90
-0.00514872 -0.00424797 0.0126205 160 162 104
-0.00886417 -0.00293427 0.0135712 148 146 86
-0.00410976 -0.00292042 0.0108907 158 164 108
-0.00818601 -0.000557411 0.0116902 147 142 78
-0.00854213 -0.00323494 0.0129095 148 145 86
-0.00574777 0.0035053 0.0119012 148 132 132
-0.00881085 -0.00308006 0.0137488 147 145 86
-0.0090554 -0.000623607 0.0123171 150 144 82
-0.00729336 -0.0031795 0.0109442 158 158 101
-0.00861139 -0.000816355 0.00814413 154 152 98
-0.00740709 -0.00200358 0.0116403 150 148 90
-0.00739218 0.00134658 0.00831043 164 154 140
-0.00596241 -0.00675041 0.0153562 158 158 104
-0.00536957 -0.000262367 0.0102186 76 79 42
-0.0053958 -0.000251563 0.010418 111 114 71
-0.00450533 0.0023029 0.0106549 78 36 30
-0.00502644 0.000989631 0.00981434 44 26 18
-0.00589975 0.00101872 0.00967243 102 78 46
-0.00368963 0.00222378 0.00867512 158 148 134
-0.00393459 0.00255514 0.0115561 65 32 30
-0.00620426 0.00140854 0.0112986 70 34 16
-0.0039725 -0.00134204 0.0114775 46 51 26
-0.00369565 -0.000184095 0.0117744 118 108 75
-0.00473639 0.000628796 0.01055 48 56 42
-0.0042608 0.000388335 0.010897 14 6 4
-0.00417875 0.00154536 0.00937226 76 40 36
-0.00387959 0.00267558 0.0115057 99 60 52
-0.0041148 -0.00118709 0.0111912 44 49 19
-0.00520166 0.000514605 0.00963641 45 54 35
-0.0029264 0.000484266 0.0111571 124 94 64
-0.00470476 0.0010455 0.00973217 44 26 22
-0.00374995 -0.00217789 0.0110133 64 76 30
-0.00510752 -0.000267478 0.0101944 92 94 50
-0.00769367 -0.00293114 0.00959171 90 96 52
-0.00379337 0.00255085 0.0113783 80 44 36
-0.00292925 -0.00273701 0.010474 110 119 72
-0.00410087 0.00146794 0.00935965 90 64 56
-0.00530714 -7.83795e-05 0.00972606 86 90 42
-0.00441073 0.00280135 0.0110358 76 39 36
-0.00503913 0.000334266 0.0103118 78 74 56
-0.00375497 -0.00232361 0.0106813 100 108 66
-0.00372192 0.00244474 0.0116728 66 36 33
-0.00426159 -0.000528533 0.00731897 62 58 42
-0.00405662 -0.000152231 0.0121162 40 32 22
-0.00135202 -0.00231777 0.00893511 157 160 105
-0.00534885 0.000711389 0.00929565 45 49 28
-0.0041226 -0.000431912 0.00666294 96 96 68
-0.00391668 7.35084e-05 0.0115062 25 8 4
-0.00380709 -0.00176317 0.0099743 86 96 45
-0.00575598 0.000387786 0.00973852 36 44 32
-0.00426348 -0.00113537 0.0107027 74 80 44
-0.00416565 -0.000182337 0.0119659 60 68 54
-0.00358863 -0.00210412 0.0107225 66 82 30
-0.00406858 -0.00129096 0.0107199 39 47 19
-0.00406813 -0.00143645 0.0103305 66 74 36
-0.00356171 -0.00306195 0.0109008 160 162 108
-0.00390103 0.000168632 0.0116767 26 10 5
-0.00366522 2.12353e-05 0.0116318 54 29 18
-0.00369501 -0.00215691 0.0109006 67 80 29
-0.00378636 -0.000163438 0.0115582 122 116 78
-0.00406667 -0.00145335 0.010841 62 70 34
-0.00405416 -0.00138426 0.0110014 69 76 43
-0.00421657 -0.000702656 0.00809711 75 72 48
-0.00308407 0.000299853 0.0105577 148 162 118
-0.00467835 -0.000313227 0.009814 90 87 60
-0.00515549 0.0028834 0.0108885 76 25 16
-0.00575879 1.92907e-05 0.0103958 34 39 20
-0.0036937 -0.00261553 0.0107137 100 106 62
-0.00528899 0.00291566 0.011338 80 26 17
-0.0040599 -0.00038323 0.00993 53 57 31
-0.00402461 -2.95121e-05 0.0107283 124 120 83
-0.00373914 0.00190024 0.00851697 36 40 20
-0.00388605 0.00141159 0.0090077 30 34 14
-0.00364781 0.00210417 0.0113575 81 52 44
-0.00538212 -0.00244418 0.0110409 60 74 36
-0.00394252 -0.00206965 0.0110622 112 122 69
-0.00408923 5.21784e-06 0.0120335 32 26 18
-0.00558212 -0.000904767 0.0102304 110 116 76
-0.00566334 0.00013757 0.00993042 37 41 24
-0.00778478 0.00159226 0.00772303 164 153 141
-0.00399618 0.00128283 0.00939969 30 34 14
-0.00431564 0.00276319 0.0113076 82 40 35
-0.00297588 -6.84605e-05 0.0109519 37 44 14
-0.00404601 -0.00112612 0.0104949 50 53 32
-0.00374768 -0.00262622 0.0106984 160 164 110
-0.00302532 0.000115215 0.0107504 52 54 26
-0.00377593 -0.00178211 0.00985996 90 102 50
-0.00398225 -0.000334262 0.00956088 38 44 23
-0.00444652 -0.000844326 0.00999759 107 111 67
-0.00432145 -0.000357567 0.00776442 79 82 76
-0.0035636 -0.00223184 0.0106734 68 81 32
-0.00451612 -0.000197983 0.00849203 68 73 62
-0.00360583 -0.00186902 0.00920596 96 108 66
-0.00423472 -8.2045e-05 0.0122692 66 74 64
-0.0036749 -0.00212283 0.0106032 68 82 34
-0.00354905 -0.00209474 0.0104854 88 100 48
-0.00376118 0.00248472 0.0114863 74 42 38
-0.00352263 -4.39226e-05 0.011713 95 73 52
-0.00680683 -0.000558215 0.0113671 146 145 88
-0.00404483 -0.00147378 0.0100163 76 85 40
-0.00534794 -0.00245791 0.0110273 70 80 44
-0.00630134 -0.000643421 0.0109067 46 46 25
-0.00462987 0.0026171 0.0107755 84 33 26
-0.00780949 0.00157009 0.00786067 164 152 142
-0.00443538 -0.000173397 0.0101871 60 66 44
-0.00373963 0.00170589 0.00891414 32 36 16
-0.00392295 -0.00164315 0.0101153 104 114 67
-0.00317573 -0.000226736 0.00992748 150 164 116
-0.00427184 -0.00130357 0.00994296 99 101 52
-0.00425649 -0.000421501 0.00845034 80 86 78
-0.00419133 -0.0015982 0.0104567 110 116 60
-0.00301627 -0.00246786 0.0100042 152 156 102
-0.00378709 -0.00204354 0.0109623 76 87 40
-3.29562e-05 -0.000865258 0.0154084 162 172 120
-0.00362185 -0.000494386 0.00916253 39 45 25
-0.00474056 -0.000997276 0.00992414 136 140 88
-0.00408639 0.000176217 0.0122222 16 6 4
-0.00489583 -0.000581455 0.0102952 105 102 56
-0.00320826 -0.00243164 0.00990132 84 94 52
-0.00428977 -0.000210556 0.0100813 54 60 33
-0.0051979 -0.00207876 0.0110036 60 76 32
-0.00611993 0.00153068 0.0110338 69 55 28
-0.00643898 0.000800098 0.0106931 117 87 60
-0.0050843 0.0017231 0.0101945 64 24 18
-0.00380152 -0.00112794 0.0114674 68 70 58
-0.00556454 0.00248536 0.0110772 92 34 22
-0.00487135 -0.000642084 0.00896172 142 145 94
-0.0040893 -0.00145985 0.0101265 97 102 58
-0.00363482 -0.000581439 0.00926131 51 56 30
-0.00386859 -0.000429084 0.00967915 40 44 23
-0.00451064 -0.00100843 0.00991688 114 112 64
-0.00473792 -0.00304849 0.0130747 152 160 108
-0.00318535 -0.00251117 0.0102647 76 86 42
-0.00482863 0.00261972 0.0102479 94 40 32
-0.00470216 -0.000888142 0.00997683 142 144 95
-0.00497015 -0.000486198 0.0101679 104 101 55
-0.00379751 -0.00239568 0.0108596 107 112 65
-0.00421461 -0.000607765 0.00746347 74 72 50
-0.00243427 -0.000491338 0.0107305 75 73 28
-0.00376678 -0.002031 0.0111057 78 89 42
-0.00421531 -0.000471585 0.00743626 76 76 70
-0.00380955 -0.000688869 0.00981871 123 129 85
-0.00399334 0.00162318 0.00993026 77 44 36
-0.0039233 0.00132411 0.00946112 26 30 10
-0.00472469 -0.000143371 0.00914768 61 64 42
-0.00621029 0.00124473 0.0116347 56 26 15
-0.00374906 -0.00256685 0.0107425 134 138 90
-0.00363803 -0.00181093 0.00975489 135 143 88
-0.00383269 0.00174754 0.00858713 31 35 16
-0.0042545 -0.00114516 0.0116931 74 79 40
-0.00603995 -0.00059248 0.0113638 99 106 68
-0.00570319 0.00140898 0.00800997 58 67 50
-0.00261765 0.000291035 0.0110512 163 124 106
-0.00383272 0.00151719 0.00852778 90 85 64
-0.00315893 -0.00269432 0.0106498 132 138 83
-0.00424048 -0.00108746 0.0108134 77 80 46
-0.00375063 0.00232634 0.0114781 62 34 30
-0.00350595 0.00267335 0.0122101 85 46 34
-0.00424424 -0.000660563 0.00729342 157 164 114
-0.00145641 -0.00179601 0.00951878 114 116 74
-0.00435179 -0.000532734 0.00673392 156 166 111
-0.00369472 -0.00256455 0.0107516 98 106 64
-0.00376554 0.00172078 0.00864607 33 37 18
-0.00336108 -0.000535711 0.0107491 156 167 119
-0.00865593 -0.00124285 0.0146751 146 140 78
-0.00393972 -0.000575583 0.00804772 156 164 112
-0.00406633 -0.001385 0.00998656 74 84 44
-0.00396055 -0.00165715 0.0104107 92 103 56
-0.00571346 -0.000661915 0.00997046 53 60 28
-0.003017 -0.00085101 0.00953562 88 96 66
-0.00429155 -0.000351989 0.0099329 70 76 63
-0.00547214 -0.00183825 0.0107327 104 113 66
-0.00664732 0.000288403 0.0089106 128 128 76
-8.0647e-05 -0.00082087 0.0163492 160 172 120
-0.00394574 -0.000652726 0.00951435 120 128 100
-0.00839347 -0.00305251 0.0131823 148 148 87
-0.00374049 -0.000606303 0.0101906 61 61 33
-0.0037516 -0.0030309 0.0134765 152 159 108
-0.00498834 0.00348272 0.0117362 136 102 94
-0.00097351 -0.000251881 0.0144412 150 166 118
-0.00424345 0.0031426 0.0117104 90 52 50
-0.000516353 -0.000321341 0.0163833 150 164 118
-0.00872493 -0.00315206 0.0141189 148 146 86
-0.00546849 -0.00318634 0.0114572 135 140 88
-0.00691816 -0.00102272 0.0104795 149 148 90
-0.003816 -0.00297562 0.0101719 159 163 108
-0.00846152 -0.00359418 0.0121601 154 153 96
-0.00596119 -0.00332953 0.0102916 160 160 102
0.0012506 -0.00217697 0.0139639 160 167 112
-0.00974473 -0.00110319 0.0136308 150 146 84
-0.00656249 -0.00408363 0.0138596 154 156 98
-0.00308936 -0.00412249 0.0115191 156 162 106
-0.00836011 -0.00123863 0.0104904 150 146 86
-0.00736163 -0.00338788 0.00963863 158 159 102
-0.00758299 -0.00211729 0.0130144 152 150 95
-0.00972344 -0.00302724 0.0153083 149 144 84
-0.00446699 0.00366332 0.0119226 152 136 137
-0.00695152 -0.00172187 0.0101571 152 151 96
-0.00296529 -0.00328514 0.0102823 156 160 104
-0.00679696 -0.00133525 0.00955568 152 154 100
-0.00362442 -0.00395272 0.0112794 156 160 104
-0.00818252 -0.00280854 0.0092182 158 158 101
-0.00822903 -0.00285262 0.0091403 158 158 101
-0.00387541 0.00420129 0.0114338 154 143 141
-0.00246675 -0.00444711 0.0116795 155 160 103
-0.00387962 -0.00395672 0.0112335 156 160 104
-0.00241585 -0.00425066 0.0117157 155 160 102
-0.00767104 -0.00313498 0.00842484 156 156 101
-0.00366336 0.00228167 0.00873704 128 92 52
-0.00637771 -0.000337149 0.0106807 119 104 58
-0.00398745 0.00249508 0.0111512 70 40 39
-0.00504772 0.000204244 0.0104705 88 81 62
-0.0043864 0.00251432 0.0106376 86 45 43
-0.00464721 0.000485627 0.010937 68 72 58
-0.00508407 0.000162255 0.0104779 78 69 54
-0.00499201 0.000491217 0.010392 33 37 22
-0.00514826 0.000507227 0.00998806 33 38 25
-0.00621754 0.000546191 0.0103416 118 110 86
-0.00402808 0.00108128 0.00942207 38 40 20
-0.0031235 0.000134314 0.0104924 56 50 24
-0.0047043 0.00229497 0.0105429 78 32 26
-0.0046638 0.00306428 0.0112315 86 40 34
-0.0047548 0.00105595 0.010309 18 10 6
-0.00458486 0.000437627 0.0109834 34 36 24
-0.00325669 0.000450774 0.0102405 97 71 46
-0.00467421 -0.000266808 0.00875282 62 64 48
-0.00496305 0.00193898 0.0101349 56 22 16
-0.00493701 1.69736e-05 0.00996464 50 53 39
-0.00347331 0.00121603 0.0103245 146 117 106
-0.00541345 0.000709329 0.00951541 26 26 15
-0.00496284 0.00254223 0.0105785 90 36 28
-0.00451814 0.0020441 0.0102097 59 26 19
-0.00483751 0.002303 0.0104334 76 36 30
-0.00463944 -9.59271e-05 0.00956618 61 70 58
-0.00308501 0.000408814 0.01005 160 114 98
-0.00646727 0.000266497 0.0102356 42 42 25
-0.00530878 0.000219003 0.00998741 30 22 10
-0.00444619 0.00105382 0.00977996 28 26 14
-0.00392355 0.00275611 0.0117336 86 45 38
-0.00421652 -1.30139e-05 0.0107717 59 22 15
-0.00517935 0.00085038 0.009679 10 4 3
-0.00555517 0.00102005 0.00933151 68 36 21
-0.00397028 0.00044327 0.0107238 32 32 16
-0.00469904 -0.000104858 0.00928978 53 60 48
-0.00454708 0.00255684 0.0107252 82 32 26
-0.00477239 0.00105846 0.00963814 17 8 5
-0.00462761 0.000313542 0.0106814 44 56 37
-0.00516558 0.00179058 0.0101202 74 30 24
-0.00449469 0.002022 0.0102375 45 15 8
-0.00511876 0.000102743 0.00915442 68 68 37
-0.00374909 0.00108041 0.00981936 60 36 27
-0.00544744 0.00122142 0.00973364 148 98 66
-0.00428928 4.02804e-05 0.0109798 33 12 8
-0.00537724 0.00102374 0.00970405 18 6 2
-0.00447332 0.000528232 0.011066 8 4 2
-0.00552459 0.000866313 0.0093212 40 43 24
-0.00396526 0.000286002 0.0107549 32 18 13
-0.00476258 9.94675e-05 0.0104697 54 61 46
-0.00545566 0.000826813 0.00953276 31 33 19
-0.00335428 0.000256875 0.010768 52 42 23
-0.00409355 0.000995326 0.00952296 34 37 18
-0.00562871 0.00119242 0.00980268 154 102 69
-0.00597714 0.00032337 0.00949609 58 62 44
-0.00664503 -0.00199278 0.0101556 49 56 25
-0.00552397 0.00234712 0.010732 62 18 11
-0.00511527 -0.000153893 0.00969426 88 92 58
-0.00524756 0.0010823 0.00955559 66 32 25
-0.00380839 0.000842158 0.0104007 20 9 4
-0.00417862 0.00262896 0.0108408 100 59 58
-0.00497991 0.000122236 0.0102466 94 91 74
-0.00510588 -0.000584138 0.01012 96 95 49
-0.00483583 0.000392364 0.0106077 60 68 53
-0.00529307 -0.00167861 0.010752 60 75 32
-0.00536233 0.00132224 0.00975104 150 99 70
-0.00325925 0.000180281 0.0105857 42 43 17
-0.00634478 -0.00158596 0.00998516 48 56 30
-0.00450943 0.00186016 0.0101363 41 16 12
-0.00432678 0.000231638 0.0110696 18 10 7
-0.00524506 0.00107062 0.0097265 54 25 15
-0.00630825 0.000428702 0.0102691 82 62 35
-0.00483223 0.000958188 0.0102038 16 10 4
-0.00509607 -0.00056682 0.0101978 100 98 54
-0.00519044 -0.000455834 0.00997323 66 65 25
-0.0048067 0.00270083 0.0107407 94 39 28
-0.00336342 -0.00336092 0.0111816 62 73 32
-0.00617111 -0.000265912 0.0112925 53 36 16
-0.00619583 0.00183796 0.00787751 54 63 34
-0.00370974 0.000777805 0.0102715 20 10 6
-0.00522318 0.00231611 0.0105798 54 16 10
-0.00452397 0.00282882 0.0109826 78 34 34
-0.00480708 0.00194987 0.00994245 70 34 28
-0.00543242 0.000896212 0.00977126 12 6 7
-0.00437797 5.83937e-05 0.0108478 31 24 16
-0.00480699 0.000639196 0.010654 27 31 18
-0.00423298 0.000496335 0.0110861 33 34 21
-0.00461703 0.00215061 0.0102514 86 41 32
-0.00418891 0.000759238 0.0101496 16 17 9
-0.00432546 1.92858e-05 0.0104545 51 36 26
-0.00407875 0.0023723 0.0109965 68 34 32
-0.00656977 -0.000726941 0.0108238 44 42 22
-0.00634777 0.00209931 0.00765322 56 63 32
-0.0064406 0.000394411 0.00883739 32 42 27
-0.00336874 0.000905007 0.0106668 146 98 79
-0.00618404 -8.41178e-05 0.0112748 75 48 22
-0.00398237 0.00231168 0.010755 62 32 30
-0.00683091 0.000330003 0.00935964 36 46 24
-0.00501883 0.000793965 0.00999137 20 18 10
-0.0064944 -0.000492907 0.0108576 74 56 36
-0.00562262 0.00200186 0.0104734 74 28 20
-0.00653691 0.00010973 0.0102264 73 68 38
-0.00616153 0.000201841 0.00992869 42 48 27
-0.0050807 0.00158615 0.0098476 60 24 18
-0.00640717 0.000447342 0.008908 40 44 28
-0.00409791 -0.000307316 0.0101255 34 42 28
-0.00573973 0.00214252 0.0109603 67 24 15
-0.00591107 -0.00095548 0.010126 42 48 24
-0.00413923 0.00187623 0.00976599 70 38 35
-0.00452641 -8.81609e-05 0.00918389 62 70 50
-0.00530854 0.00083962 0.00932283 40 44 30
-0.00408104 -0.00017064 0.0101139 56 61 50
-0.00567213 0.00154243 0.0101611 65 26 18
-0.0039169 0.00133141 0.00909055 32 36 14
-0.00332867 0.000129959 0.0107329 35 38 16
-0.00448316 -0.000173965 0.00882745 64 72 60
-0.00526658 0.00221495 0.0105023 82 32 18
-0.00557289 -0.000338691 0.0100443 55 59 28
-0.00450564 -0.000247813 0.0086354 64 70 60
-0.00399351 -3.46279e-05 0.0114061 28 11 7
-0.0045187 -0.000220435 0.00887212 63 70 60
-0.00395802 -7.46004e-05 0.0110102 99 70 42
-0.00434685 -0.000119094 0.010032 44 48 26
-0.00552604 0.00213914 0.0105957 40 8 2
-0.00524054 0.000232787 0.00926722 30 26 11
-0.00474881 0.00268274 0.0109863 87 34 25
-0.00395578 0.00279964 0.0116386 50 18 13
-0.00513656 0.00283489 0.0110278 105 46 30
-0.00720963 0.000653713 0.00881813 162 150 129
-0.00403553 -8.21447e-05 0.0104953 147 143 100
-0.00415023 0.0020757 0.0101669 85 53 49
-0.0056303 0.00122836 0.0098526 150 102 70
-0.00414611 0.00275631 0.0112378 84 46 46
-0.00632909 0.00197712 0.00790508 58 64 32
-0.0046632 0.00196558 0.0099669 80 40 33
-0.00721957 0.000576712 0.00864042 44 50 30
-0.00538284 0.00023655 0.00918275 72 82 42
-0.00476776 0.00155584 0.0097538 63 26 20
-0.00177436 -0.00165928 0.00864197 157 160 104
-0.0062052 -0.000663345 0.0108017 122 123 76
-0.00521424 0.0014808 0.00976472 74 29 16
-0.00710397 0.000472641 0.00855741 80 82 49
-0.00533422 0.000692595 0.00959037 36 36 26
-0.00531349 0.0015485 0.0100497 73 27 18
-0.00412867 0.000144062 0.0111248 20 7 4
-0.00656061 -0.00186673 0.0100753 71 76 48
-0.00468999 0.00144651 0.00968731 89 48 36
-0.00674082 0.000525295 0.00847887 39 48 32
-0.00449993 -2.06404e-05 0.010202 44 52 36
-0.0060003 0.00207755 0.00787729 50 54 24
-0.00392296 0.0013941 0.00903469 28 34 12
-0.00459059 0.00205845 0.0102524 74 34 28
-0.00527205 -0.00219723 0.0107974 56 73 34
-0.00481631 0.000913619 0.0101249 21 16 8
-0.0051438 -0.00129726 0.0105034 66 78 35
-0.00554314 0.000755827 0.00899388 14 10 2
-0.00427606 -8.71725e-05 0.010245 60 60 46
-0.00553802 0.00120696 0.00976141 150 101 70
-0.00439284 0.00232016 0.0103978 80 46 43
-0.00284871 0.000747844 0.0103275 116 141 100
-0.00560614 -0.00292948 0.0111764 57 72 36
-0.00624687 -0.00118168 0.010036 44 48 26
-0.0053466 3.33436e-05 0.00943442 84 89 48
-0.00424659 -0.000310349 0.0101874 62 65 36
-0.00511001 0.000690314 0.00951753 46 49 36
-0.00472046 0.00208195 0.0101699 74 34 28
-0.00415313 0.000534281 0.0108783 30 32 18
-0.00416431 -6.74674e-05 0.0105021 134 118 76
-0.00595082 -0.00126245 0.0102119 61 66 41
-0.00712621 0.000503336 0.00876644 46 52 29
-0.00494198 0.00162573 0.00987325 53 22 18
-0.00549795 -0.000593187 0.0102177 44 51 20
-0.0054555 -0.00175098 0.0105506 56 72 29
-0.00292194 0.000246225 0.010386 142 102 78
-0.00423801 0.00222006 0.0106325 34 14 9
-0.00573079 -0.00287388 0.0112878 56 67 31
-0.00523581 3.00136e-06 0.00958039 84 90 56
-0.00365752 0.000538148 0.0107921 10 5 2
-0.00566797 -0.000886199 0.0102098 44 52 24
-0.00466283 0.00112819 0.00975664 22 10 6
-0.00438677 0.00232414 0.0106799 82 44 43
-0.00562337 -0.000740008 0.0102398 58 66 34
-0.00549176 0.00247512 0.0108311 98 38 24
-0.00546123 -0.0018514 0.0107485 56 71 28
-0.00158707 -0.00210262 0.00838176 155 159 102
-0.00467019 -0.000153689 0.00919288 54 61 46
-0.0053634 -0.00148882 0.0106759 62 76 34
-0.00450026 -0.000117971 0.00929417 58 67 48
-0.00448934 8.87013e-05 0.010197 42 54 41
-0.00754858 0.000323898 0.00881643 122 116 61
-0.00472511 0.0010526 0.0103051 18 10 7
-0.00479453 0.00252964 0.0107836 87 37 28
-0.00529115 0.000419085 0.00972237 44 52 40
-0.00430255 0.000385698 0.0107187 12 5 4
-0.00474013 -5.79996e-05 0.00964898 60 67 58
-0.00560235 -0.00257265 0.0109677 56 68 33
-0.00592795 0.00231845 0.0115823 62 16 9
-0.00564642 -0.00291837 0.0112835 55 69 32
-0.00566518 0.00264511 0.0112184 69 26 20
-0.00260879 -0.00275673 0.0103822 157 161 106
-0.0055441 -0.00256688 0.0111462 54 68 32
-0.00614077 -0.00101674 0.0100535 44 48 26
-0.00448329 -0.000318323 0.00835176 64 68 56
-0.00536733 0.000648265 0.00909726 14 8 4
-0.00599847 -0.000513331 0.0109507 98 102 58
-0.0064038 -0.00170406 0.00976306 46 56 25
-0.00607112 -0.000455781 0.0107324 34 36 14
-0.0078623 -0.00311671 0.00981161 38 49 16
-0.00365134 2.99408e-05 0.0115676 58 37 24
-0.00462502 -0.00355861 0.013062 150 157 105
-0.00673907 -0.000889873 0.0107924 50 54 22
-0.00580012 0.00253446 0.0114578 88 32 20
-0.00584862 -0.00136767 0.00858904 148 148 90
-0.00534681 0.00206032 0.0104882 90 42 28
-0.00621951 -0.00105732 0.0100609 44 48 27
-0.00619314 -0.000928992 0.0102328 74 72 43
-0.00631251 -0.00135768 0.0101488 48 52 30
-0.00456636 0.00199527 0.0102005 70 32 25
-0.00572646 -0.00273331 0.0112291 53 62 27
-0.00198712 -0.00142836 0.00888239 66 64 36
-0.00700836 0.000390135 0.00888846 60 62 34
-0.00671524 -0.00201319 0.0099369 46 57 25
-0.00381677 0.00295952 0.0121211 82 38 29
-0.0063922 -0.00165167 0.0099762 48 56 32
-0.00545692 -0.00232553 0.0110244 48 66 28
-0.00669432 -0.00077931 0.0107913 50 52 22
-0.00559956 -0.00069009 0.0103304 42 47 16
-0.00506947 -0.0010935 0.0104015 78 86 40
-0.00677576 0.000548737 0.00896021 158 147 120
-0.00601627 -0.00163362 0.00867004 128 134 80
-0.00665197 0.00027752 0.00891363 118 115 66
-0.00392413 0.00143254 0.00905769 28 33 11
-0.00335639 0.00130891 0.0111057 70 43 34
-0.00589043 -0.000549677 0.0100656 150 150 100
-0.00419292 0.00304676 0.0117508 101 64 62
-0.00508744 -0.00084774 0.0102642 86 92 50
-0.00680669 -0.00209713 0.00993538 38 44 20
-0.00552791 -0.00105615 0.00950207 90 92 38
-0.00592099 -0.00391821 0.012076 157 156 100
-0.00571395 -0.00076658 0.0102536 57 62 34
-0.00562731 -0.00268186 0.0111401 70 76 42
-0.00719318 -0.00256045 0.00979284 149 148 92
-0.00764338 -0.00263826 0.0101888 146 144 88
0.000390603 -0.00107063 0.0149957 162 170 118
0.000499844 -0.000627336 0.0153959 160 168 118
-0.00270061 6.777e-05 0.0105599 147 117 96
-0.00579068 -0.000980706 0.0102154 46 54 26
-0.00276287 -0.00211739 0.0100869 158 164 109
-0.00563133 0.00290385 0.0114711 77 27 20
-0.00186436 -0.00154323 0.00876039 156 160 105
0.000822105 -0.00188218 0.0131564 156 164 110
-0.00320909 -0.00276421 0.010696 56 68 30
-0.00058452 -0.000399905 0.0147792 153 166 118
-0.00576144 -0.00223811 0.00982893 150 151 96
-0.00735717 -0.00230962 0.0100884 148 144 86
-0.00841137 -0.000974473 0.0126821 148 142 80
-0.00748001 0.00103508 0.0079907 165 152 138
-0.00535402 0.00299603 0.0113543 79 24 15
-0.0016308 -0.00174583 0.00847136 157 158 108
-0.000907431 -0.000548806 0.0155959 144 162 116
-0.00246992 -0.000705508 0.0106214 141 158 112
-0.00812545 0.000261804 0.00684163 150 146 92
-0.0024054 0.000763484 0.0114143 111 132 90
0.00101381 -0.0017446 0.0150121 155 164 112
-0.00769212 -0.00263341 0.00996175 149 148 93
-0.00213765 -0.00122307 0.00895883 155 163 109
-0.000485691 0.000112048 0.0155414 141 160 114
-0.00279389 0.000579262 0.0106069 128 152 110
-0.00797686 4.56639e-05 0.00978711 140 134 73
-0.0066017 -0.00144961 0.00988591 134 129 85
-0.00488388 -0.00360838 0.0138962 150 157 106
-0.00581447 -0.00125998 0.0094231 150 152 99
-0.00726016 -0.000230717 0.0108312 145 140 76
-0.00636273 -0.00114581 0.0100612 114 110 76
-0.00726167 -0.00274114 0.00985036 150 150 93
-0.00771036 0.00024925 0.00827785 134 130 72
-0.0081597 -0.000594756 0.0110152 148 142 80
-0.000480561 0.000380031 0.0152137 140 157 112
-0.00317694 -0.00352559 0.010952 157 158 107
-0.00443723 0.00321571 0.011257 71 38 36
-0.00494741 -0.00348132 0.0132598 146 154 102
0.000387106 -0.00156819 0.012349 156 163 111
-0.00197211 0.000632565 0.0109718 136 156 114
-0.000610476 -0.00017678 0.014968 145 162 114
-0.00818878 5.97454e-05 0.00981439 132 126 70
-0.00785088 -0.00261423 0.00967918 149 149 92
-0.0030087 0.00191618 0.0118324 148 145 134
-0.00752417 0.000499093 0.00811197 161 150 128
-0.0034961 0.00279133 0.00892054 156 148 142
-0.00608476 -0.00215628 0.00931119 148 148 92
-0.00159231 0.000323382 0.0119186 140 160 114
-0.00701795 -0.00248002 0.00993677 147 147 90
-0.00193431 -0.00167304 0.00896124 156 162 106
-0.008433 -0.00229339 0.0112893 147 144 85
-0.00806452 -0.000376276 0.0102091 148 142 82
-0.00772132 -0.00235517 0.0105845 148 144 86
-0.00530642 0.00322661 0.0108024 138 114 112
0.000806766 0.000832719 0.0138594 162 172 120
-0.00183554 -0.0013556 0.00991933 156 164 110
-0.00264333 -0.000474384 0.00768783 153 162 114
-0.00224082 0.000532452 0.0109748 136 156 113
-0.00892674 -0.000313679 0.00925333 155 153 98
-0.00872716 -0.000283016 0.0106654 146 141 82
-0.000556707 0.00208651 0.00897651 166 158 145
-0.00440744 0.00394766 0.012414 153 139 139
-0.00145097 -0.00142604 0.00936319 159 164 108
-0.00835791 -0.00201878 0.0080584 152 149 93
-0.00721003 -0.00168802 0.00607293 153 152 97
-0.00265626 -0.000390481 0.0102522 68 66 22
-0.00356235 -0.000169725 0.0111737 146 159 114
-0.00478067 0.00225721 0.0104475 90 48 40
-0.00363076 0.000332249 0.0106738 33 32 14
-0.00450829 0.00160773 0.00987095 64 24 18
-0.00370089 -0.000124031 0.011377 102 80 54
-0.0041924 0.00122114 0.00935218 30 35 16
-0.00554972 0.00126827 0.0098463 164 115 83
-0.00548289 0.00235712 0.0108689 62 19 12
-0.00495092 0.00228706 0.0103443 83 40 31
-0.00375201 -0.000140553 0.0115708 97 76 49
-0.00449963 0.000852741 0.0100355 32 33 19
-0.00467755 0.000566687 0.01083 61 64 49
-0.00292757 -0.000272408 0.01055 146 162 116
-0.00423242 0.00122844 0.00925065 34 38 18
-0.00627368 0.000179237 0.0101444 47 48 28
-0.00632026 -0.000229891 0.0106769 151 146 90
-0.00652756 0.000283036 0.0102409 44 44 28
-0.00448734 0.00236822 0.0106338 60 26 24
-0.00550348 0.00217368 0.0107529 68 26 15
-0.00644683 0.000208608 0.0101025 34 38 24
-0.00393079 -3.3172e-05 0.0115871 28 9 6
-0.00535625 0.000903061 0.00952317 11 6 7
-0.00503034 0.00205937 0.0101614 74 35 26
-0.00495029 0.00174908 0.00997875 53 18 14
-0.00461253 0.000147569 0.010824 30 42 28
-0.00476727 0.0021394 0.0102597 78 37 29
-0.0046487 0.000728886 0.0105422 34 35 20
-0.00566198 0.00170179 0.0103236 64 25 16
-0.00482461 0.00259425 0.010695 100 42 28
-0.00441288 0.00279763 0.0110721 70 26 22
-0.00481885 0.00263976 0.0106782 98 40 28
-0.00437295 0.00202472 0.0101557 70 36 32
-0.00484381 0.00123634 0.00957982 40 16 10
-0.00638794 -4.44006e-05 0.0106069 148 144 84
-0.00457623 -0.000277049 0.00859771 60 64 50
-0.00507241 0.000775293 0.00960739 34 40 28
-0.00503228 -9.87415e-05 0.00979728 62 64 33
-0.00505359 0.00313791 0.0113119 94 40 28
-0.00363227 0.000223492 0.0108533 40 37 16
-0.00495819 0.0024057 0.0105411 64 22 16
-0.00565615 0.00173369 0.010403 42 16 8
-0.00462413 -0.000274017 0.00908215 62 66 52
-0.00402222 0.00137146 0.0090515 28 34 14
-0.00413648 6.10035e-05 0.0105939 32 12 6
-0.00410435 0.00137037 0.00917332 32 36 17
-0.00473642 0.000732364 0.010534 20 22 9
-0.00539728 -0.00233867 0.0110169 52 68 32
-0.00369145 0.00126641 0.00995341 160 140 136
-0.00503556 0.00122641 0.0097104 60 31 22
-0.00536551 0.00139446 0.00987894 120 69 46
-0.00671456 -0.00196403 0.0100092 46 54 30
-0.00740525 -0.000827049 0.0114588 148 144 82
-0.00734194 -0.00245775 0.00984425 46 50 28
-0.00164987 -0.00189474 0.00858124 158 163 105
-0.00408131 0.00145444 0.00901628 32 36 17
-0.00570513 -0.0004903 0.0100866 48 54 26
-0.00539915 0.00114336 0.00964972 42 12 6
-0.00212279 -0.00135493 0.00890517 80 80 58
-0.00383378 -0.000110043 0.0112992 92 68 40
-0.00710018 -0.00227088 0.00985644 66 68 44
-0.00505293 0.000342283 0.0103497 77 72 52
-0.00488265 0.002288 0.0104002 88 45 36
-0.0048889 0.0022522 0.0104558 93 48 39
-0.00514368 0.00150017 0.00998505 70 28 21
-0.00408907 1.43143e-05 0.0112949 26 10 4
-0.00611011 0.00184589 0.0078163 118 113 95
-0.00387014 -5.70569e-05 0.011006 101 74 46
-0.006418 0.00018595 0.0103193 40 42 28
-0.00305749 -1.56869e-05 0.0105081 46 48 17
-0.0053682 0.00145963 0.00993595 81 32 16
-0.0049294 0.00241486 0.0105557 69 26 19
-0.00523042 -0.000107388 0.00962616 88 92 54
-0.00804018 0.00182292 0.00819179 166 154 140
-0.00601933 -0.000967762 0.0102234 41 46 23
-0.00637698 0.000505995 0.00872391 122 114 80
-0.00573216 -0.000838799 0.0102669 42 49 20
-0.00414499 0.00090955 0.00969565 40 39 24
-0.00377075 0.0013313 0.00960981 146 118 114
-0.0038555 0.00263185 0.0116929 82 42 32
-0.00652343 0.000441979 0.00890998 59 60 41
-0.00447331 0.000379841 0.0110862 9 4 4
-0.00790273 -0.00305708 0.00972807 40 49 18
-0.00473344 4.83675e-06 0.0100769 90 94 88
-0.00426947 0.00248451 0.0107331 72 32 30
-0.00553772 -0.00222474 0.0108001 52 67 27
-0.00792337 0.00172298 0.00809713 166 153 140
-0.0042418 0.00226088 0.0106154 82 47 44
-0.00729949 -0.00238645 0.00984022 44 49 26
-0.00789957 0.00146421 0.00821486 166 154 140
-0.00564463 -0.000498582 0.0102295 48 54 24
-0.00719387 -0.002325 0.00985045 47 50 26
-0.00621847 -0.00134453 0.0101459 45 51 28
-0.00428976 -0.000367669 0.00901422 73 82 71
-0.00553947 0.00167878 0.0102299 74 30 20
-0.00112914 -0.0011471 0.0146729 148 164 118
-0.00599828 -0.00114685 0.0102378 42 48 26
-0.00815227 0.00209158 0.00829382 168 153 142
-0.00634371 0.000369727 0.00901432 47 46 30
-0.00620711 -0.00120766 0.0101394 43 47 26
-0.00321634 -3.12496e-05 0.0106921 48 58 26
-0.00615005 0.00189647 0.00778927 116 110 96
-0.00534113 -0.00171469 0.0105789 62 74 32
-0.00669362 -0.000311704 0.0105419 120 82 54
-0.00736387 -0.00266837 0.00972495 151 150 99
5.75936e-05 0.000686648 0.0162526 130 150 104
-0.00572578 -0.000712997 0.010277 48 54 26
-0.00573132 -0.000560733 0.0102136 44 51 22
-0.00713523 0.000234262 0.00948999 132 127 75
-0.00761541 -0.00261341 0.00997223 150 146 92
-0.00723243 -0.00241997 0.00983247 43 48 28
-0.0075523 -0.000466587 0.0104293 149 144 80
-0.00711522 -0.00117187 0.011294 150 146 90
-0.00722108 -0.00218683 0.00989835 132 126 88
-0.00784707 -0.00213184 0.00989281 152 150 92
-0.00736139 0.00072569 0.00830566 45 50 33
-0.000433564 0.00070959 0.0151415 126 146 104
-0.00631859 -0.000772613 0.0100692 151 149 92
-0.00502577 -0.00355766 0.0136422 148 156 103
-0.00774847 -0.00262776 0.00916677 154 152 98
-0.00669361 0.00063827 0.00865917 162 150 126
-0.00638602 -0.0011099 0.0100196 152 148 94
0.000803799 0.000785884 0.0156397 153 166 114
-0.006929 0.000697506 0.00849694 162 150 128
0.000111094 0.000713561 0.0161475 129 148 104
-0.00181537 -0.00142695 0.00880153 126 130 89
-0.000394074 -0.00153184 0.0143488 160 167 117
0.000153352 -0.00178428 0.0143154 158 166 114
0.000752764 0.00067694 0.0154596 156 167 117
-0.00670499 -0.00150668 0.00984776 148 145 88
-0.00733275 -0.00305503 0.00944779 155 156 98
-0.00318343 0.00189111 0.0115815 148 146 135
-0.00514056 -0.00413545 0.0128146 158 160 105
0.0003171 -0.00194388 0.0136927 162 168 114
-0.00157703 -0.00162089 0.00848481 104 110 68
-0.00684695 -0.000928687 0.00924536 151 148 88
-0.00729177 -0.00208722 0.00993484 150 147 89
-0.00830287 -0.00273549 0.00948637 153 152 97
-0.00197092 -0.00120313 0.00895912 152 162 109
-0.000534234 -0.00159009 0.0138154 161 168 116
0.000676996 0.000791688 0.0136534 161 170 118
0.000251656 0.0019611 0.011988 169 161 148
-0.00448461 0.00375973 0.0122996 154 139 140
-0.00712189 -0.00102326 0.00924606 150 144 84
-0.00706697 0.00187569 0.00780457 165 152 140
-0.00858152 -0.00242114 0.00836605 154 151 95
0.000270724 -0.0019723 0.00920909 157 161 106
0.000534842 0.00441542 0.019093 164 155 146
-0.00511951 0.000591817 0.00971361 20 20 11
-0.00447682 0.00151593 0.00966009 57 22 16
-0.00491821 0.00213525 0.0103676 70 30 22
-0.00530561 0.00065539 0.00956403 14 8 4
-0.00529523 -0.000170529 0.00966681 90 90 48
-0.004062 0.000487394 0.0108224 32 32 15
-0.00390679 0.00129716 0.00930115 75 62 44
-0.00438398 0.000344127 0.0110538 12 6 4
-0.00540769 0.000648439 0.00963966 17 10 6
-0.00385664 0.000140557 0.0111729 32 16 7
-0.00415005 0.000310478 0.0110092 17 7 5
-0.00490478 0.000612459 0.0107304 33 40 26
-0.00461818 0.00271842 0.0108646 101 63 58
-0.00658632 -0.000449092 0.0108329 80 62 34
-0.00484686 0.000568863 0.0105258 78 80 68
-0.00486908 0.0011538 0.00954055 34 13 9
-0.00525574 0.000971259 0.00971221 16 6 4
-0.00510979 0.00268254 0.010872 86 32 20
-0.00642453 -0.000184474 0.0104766 150 144 86
-0.00422895 0.000274704 0.0110681 18 8 6
-0.00438263 0.000243211 0.0110468 18 8 6
-0.0063935 2.2368e-06 0.0108572 90 92 51
-0.00457355 0.00159398 0.00982352 74 31 24
-0.00453613 0.000161992 0.0109722 32 44 30
-0.00647227 0.000335987 0.00965795 60 52 35
-0.00647078 0.000252279 0.00971083 40 40 24
-0.00678096 0.000356388 0.00929518 36 42 26
-0.00492515 0.00207921 0.0103651 72 32 25
-0.00516261 0.000737241 0.00947081 34 38 25
-0.00305372 -0.000365743 0.0103087 146 162 116
-0.00463888 0.00284341 0.010966 76 30 26
-0.00241625 -0.00118679 0.0090576 119 125 88
-0.00451505 0.00307171 0.0112045 61 24 22
-0.00351111 0.00164916 0.0115667 74 52 38
-0.00631443 0.00215066 0.00764962 162 148 139
-0.00523342 0.000724996 0.00946695 42 47 32
-0.00467888 0.000126154 0.0104208 46 54 44
-0.00492466 0.0015292 0.00974118 54 21 18
-0.00495877 0.00212479 0.0102487 66 28 20
-5.99829e-05 -0.000207862 0.01568 145 161 116
-0.00337461 -0.00038064 0.00971004 151 164 112
-0.00249389 -0.00124023 0.00902973 76 78 53
-0.00460058 7.51142e-05 0.0102082 38 47 34
-0.00685173 0.000316583 0.00929567 55 58 36
-0.00302624 -0.00233886 0.0103607 156 162 110
-0.00186301 -0.00160471 0.00860487 154 160 107
-0.0016669 -0.00172644 0.00856491 108 112 66
-0.00244295 -0.00125991 0.00919754 80 81 60
-0.00679496 -0.00199812 0.0100071 44 50 26
-0.00149357 -0.00204646 0.00835184 147 150 98
-0.00716711 0.000675106 0.0085233 135 130 111
-0.00361872 -0.00339661 0.0114831 154 158 106
-0.000209124 -0.000337106 0.0153713 146 162 116
-8.65413e-05 -0.000837651 0.0156583 154 166 118
-4.75772e-05 0.000955154 0.0161223 152 152 134
-0.000291415 -0.000841539 0.0155735 152 166 117
-0.00739736 -0.000114891 0.0103971 148 142 80
-0.0076346 -0.000177895 0.0103375 149 144 82
-0.00698306 0.000734884 0.00849425 163 152 130
-0.00785043 -0.00344159 0.00976866 155 154 100
-0.00716282 -0.00188899 0.00983678 151 147 91
-0.00258178 -0.00139326 0.00911007 150 158 106
-3.0798e-05 0.000508649 0.015747 136 155 111
-0.00797602 0.00218222 0.00832645 167 154 144
-0.00794289 -0.00190922 0.00934465 153 150 94
-0.00857864 -0.00124042 0.0108802 152 146 86
-0.00155243 -0.00224649 0.00818328 154 158 102
-0.00678639 -0.00373395 0.0109613 157 156 102
-0.00423383 -0.00355542 0.0115814 156 160 106
-0.00752627 -0.00378291 0.0103402 156 156 102
-0.00609242 0.00286358 0.0080943 161 147 141
-0.00727434 -0.00307144 0.0098402 156 155 97
-0.00800917 -0.00319809 0.00942329 155 153 98
-0.0079994 -0.00315394 0.00915862 155 154 98
0.000258801 0.00182447 0.0128118 167 160 146
-0.00705333 -0.0033893 0.00900775 154 154 99
-0.00211794 -0.0025035 0.00831861 154 158 102
-0.00518147 -0.00483631 0.0127047 154 158 103
-0.00234446 -0.00311461 0.00978068 156 160 105
-0.00658303 -0.00413382 0.0112403 155 156 104
-0.00224035 -0.00320595 0.00982502 154 159 104
-0.00472554 0.000361715 0.0105869 81 84 72
-0.00343829 0.00146884 0.0115576 74 46 34
-0.00633254 -0.000156324 0.0105195 148 144 89
-0.00462367 0.00144647 0.00960331 148 98 76
-0.00637811 0.000481908 0.00902514 147 128 100
-0.00436142 0.000133248 0.0110028 22 10 8
-0.00647084 0.000451506 0.00883981 50 54 36
-0.00547307 0.000988867 0.00959616 17 6 4
-0.00505559 0.00135875 0.0097325 111 67 50
-0.00507391 0.00152022 0.00982591 60 24 18
-0.00523166 -0.00031352 0.00978598 62 62 28
-0.0043971 0.000560954 0.0109923 18 18 10
-0.00443698 0.00306136 0.0113624 79 38 34
-0.00227527 -0.00133566 0.00907795 86 84 65
-0.00267211 -0.000153938 0.0104697 132 111 83
-0.00728785 -0.00244813 0.00979595 60 63 38
-0.00508605 0.000464839 0.00992295 36 42 26
-0.00238573 -0.00132075 0.00915397 74 74 50
-0.0029173 -0.00287806 0.0104181 116 124 80
-0.00331447 -0.00372485 0.0113553 126 132 79
-1.81275e-05 -0.000559085 0.0152059 150 165 120
-0.00328622 4.86397e-05 0.0107711 42 44 17
-0.00287648 -0.000676255 0.0103057 150 162 114
-0.00325542 -0.000287385 0.0106719 150 164 116
-0.00559814 0.00277722 0.0113157 84 28 16
-0.00318499 -0.00346523 0.0110519 156 162 108
-0.00265812 -0.00283409 0.010188 158 163 108
0.000406517 0.000989136 0.0127173 149 159 110
-0.00783968 -0.00268093 0.00990814 152 150 96
-0.00185968 -0.00150032 0.00868199 94 101 64
0.000106789 -0.00135236 0.01464 150 162 115
-0.00709453 -0.00248659 0.00996942 152 151 96
-0.000370703 0.000563814 0.0156598 129 150 106
0.000409083 0.00099025 0.0129598 141 152 104
-0.00191856 -0.00160248 0.00866551 156 161 106
-0.00215538 -0.00107592 0.00898639 154 162 112
0.00121125 -0.001493 0.0127555 157 164 110
0.00117299 -0.00172948 0.0133412 158 164 114
-0.00768458 -0.00327669 0.00933106 154 154 100
-0.00696314 -0.00300542 0.00995518 155 154 98
-0.0068695 -0.00386309 0.0113637 156 156 102
-0.00862809 -0.00206062 0.0100162 154 150 94
-0.00747001 -0.00371033 0.0100746 155 154 100
-0.00459422 -0.00356754 0.0113747 156 158 104
-0.00501817 -0.00430559 0.0124043 156 158 102
-0.00401987 0.000161432 0.0113343 35 24 16
-0.00527854 0.000889894 0.00961565 28 16 11
-0.00498749 0.00299187 0.0111393 82 28 19
-0.00444008 0.00205317 0.0103026 73 36 28
-0.00548589 0.00142411 0.0100409 84 34 20
-0.00487442 0.00108485 0.00934857 24 10 8
-0.0052332 0.00258663 0.0108848 80 34 25
-0.00531759 0.00277873 0.0110947 102 42 27
-0.00446288 0.00306682 0.0113977 80 40 38
-0.00512039 0.00258602 0.0107485 68 19 9
-0.00481169 0.00182192 0.0101229 76 37 28
-0.00441215 0.00269751 0.0109062 82 37 32
-0.0049135 0.00283835 0.0108362 94 36 23
-0.00448722 0.00205899 0.0103617 72 36 27
-0.00449293 0.00241853 0.0106773 56 22 18
-0.00788172 0.00155788 0.00806756 168 155 141
-0.00487961 -0.000203641 0.00922253 82 78 44
-0.00447472 0.000438685 0.011017 8 4 2
-0.0042642 0.00043067 0.0109411 15 10 4
-0.00538909 0.00163596 0.0101909 69 26 16
-0.00300315 1.41573e-05 0.0104752 100 78 53
-0.00386369 0.0025404 0.0115747 70 32 26
-0.00459176 0.00303266 0.0111846 70 30 29
-0.00468857 0.00117902 0.00944426 54 22 16
-0.00496976 0.00266071 0.010763 90 32 23
-0.00471777 0.000150008 0.0103593 54 63 54
-0.00373607 0.000523749 0.0108627 18 12 8
-0.00488525 0.000343822 0.0105758 88 90 80
-0.00648347 0.000392463 0.0087566 45 49 30
-0.00309395 0.000579681 0.011418 133 115 84
-0.00420875 0.000209936 0.0110153 18 8 6
-0.00534966 0.0015824 0.0101241 70 26 16
-0.00764939 0.00121954 0.00808481 168 156 142
-0.00663431 -0.00161053 0.0099631 40 44 24
-0.00777953 -0.000791623 0.01163 150 144 82
-0.00712288 -0.00104067 0.0112032 58 59 28
-0.0065051 -0.00141294 0.0100189 46 50 27
-0.0046258 0.00321105 0.0114051 64 28 27
-0.00625929 -0.000991342 0.0101247 84 81 49
0.00106062 0.00123737 0.0130088 133 140 92
-0.000600173 0.000977668 0.0135034 106 124 85
-0.00650825 0.0023303 0.00754224 164 150 140
-0.00771079 -0.00131817 0.0107797 150 146 86
-0.0063375 0.00274965 0.00797642 164 150 142
0.00148863 0.000750956 0.0147197 162 172 121
-0.00420809 0.00348024 0.0117411 155 142 142
-0.00402747 0.00411687 0.0125563 156 144 142
-0.0101284 -0.00163991 0.0114591 154 151 96
-0.00699333 -0.00152444 0.00972232 150 147 86
-0.00955176 -0.00112041 0.0117736 152 148 88
-0.00289693 0.00488268 0.0121925 162 152 149
0.00109999 0.00332507 0.0128688 166 156 147
-0.00641899 -0.000570768 0.0108949 47 42 22
-0.00522997 -0.000446376 0.0101907 64 66 24
-0.00532026 0.00257211 0.0109589 80 25 14
-0.0056396 0.00236294 0.0111864 73 28 20
-0.0053243 -0.000117585 0.00970262 81 86 48
-0.00571073 -0.00317542 0.0114431 68 77 44
-0.00519444 0.00190208 0.0100761 63 22 14
-0.00354929 0.000316852 0.0108378 28 22 8
-0.0046436 0.0020151 0.0101193 78 36 30
-0.00434445 -0.000130258 0.0104231 43 50 36
-0.00583175 0.00231791 0.0113657 65 20 12
-0.00352045 0.00018975 0.0109819 36 34 14
-0.0057438 -0.00323738 0.0114668 62 69 37
-0.00479627 0.00082141 0.0102712 24 22 10
-0.00453636 -0.000125428 0.00903997 58 68 54
-0.00544356 0.00178908 0.0102831 78 31 18
-0.00354584 0.000831912 0.0102407 42 22 11
-0.00420685 0.000362577 0.0111642 14 7 2
-0.00344883 0.000257932 0.0109043 28 22 7
-0.00409124 -0.000241574 0.0103503 110 116 88
-0.00558597 0.00138563 0.0100815 85 34 20
-0.00456955 0.00267848 0.0110338 76 30 26
-0.00440844 0.00188369 0.0101079 74 41 34
-0.00613887 -0.00134939 0.0101396 46 50 28
-0.00338755 0.000269411 0.0109102 32 23 8
-0.00526977 0.00294717 0.0113253 72 25 18
-0.00433518 -0.000308157 0.0104421 50 53 29
-0.00417764 -0.000180024 0.0103897 108 114 82
-0.00686598 -0.00200375 0.00997613 46 50 28
-0.0047878 0.00279988 0.0110002 92 40 32
-0.0047493 0.000916807 0.0102904 19 14 8
-0.00641369 -0.00141666 0.0100488 42 45 22
-0.0046846 0.00291999 0.0110829 83 32 28
-0.00485081 -0.000115588 0.00967785 43 49 32
-0.00494549 0.00303382 0.0111858 88 34 25
-0.00527369 0.00137275 0.00973625 158 108 82
-0.00432963 0.00270057 0.01099 80 37 32
-0.0034789 0.000778864 0.0101917 28 8 2
-0.0070728 -0.000828089 0.0110971 150 145 85
-0.00379731 0.00261944 0.0116662 80 42 34
-0.00556204 0.00225169 0.0109246 74 26 16
-0.00642403 0.000326368 0.00878837 51 56 30
-0.00530571 0.00143578 0.00986582 83 34 22
-0.00561779 -0.00238568 0.0109398 56 67 31
-0.00522147 0.00150341 0.00990352 58 20 12
-0.00603582 -0.000672283 0.0102034 152 148 99
-0.00723642 -0.00104241 0.0110713 67 64 28
-0.00625872 -0.00127181 0.0100156 48 52 28
-0.00597028 -0.000569815 0.0100691 152 150 100
-0.00353152 -0.000254294 0.0107446 146 162 116
-0.00591495 -0.000840084 0.0100023 44 50 25
-0.00740944 -0.00104735 0.0110672 102 91 47
0.000262176 -0.00124066 0.0155594 159 169 118
-0.00571853 -0.0012759 0.00902707 110 113 64
-0.00753231 -0.00254736 0.0102019 142 138 82
-0.0060441 -0.00178644 0.00854103 152 150 95
-0.000229068 -0.00122096 0.0154874 150 163 114
-0.00598186 0.00138287 0.00782988 156 144 121
-0.00427185 0.0033883 0.0117767 150 132 131
-0.00651659 -0.00121615 0.0100096 150 148 92
-0.000359011 -0.00123205 0.0153374 150 164 116
-0.00582069 0.00294771 0.0117655 82 42 26
-0.00422206 -0.00346861 0.0118032 156 161 106
-0.00806638 -0.000312053 0.00998078 152 146 88
-0.00699463 -0.00144284 0.00939219 150 148 88
-0.00711067 -0.00185589 0.0102705 148 144 84
-0.00694293 -0.00148448 0.00935275 150 147 89
-0.00426209 0.00387203 0.0116955 154 142 141
-0.00619278 -0.000372943 0.0110301 52 46 24
-0.00490528 -7.04492e-05 0.00961034 33 38 24
-0.00492854 -0.000122044 0.00949823 48 53 22
-0.00405236 0.00203854 0.0105132 76 41 36
-0.00484567 0.000174059 0.0103754 79 78 60
-0.00439653 0.00182018 0.0100514 62 36 32
-0.0033101 0.000474272 0.0100012 96 70 47
-0.00524564 -0.00053919 0.0101921 56 62 25
-0.00503764 -1.49638e-05 0.00981906 79 74 40
-0.00503419 0.000636201 0.00999956 33 42 28
-0.00475336 0.00286178 0.0109486 86 30 24
-0.00443197 0.00150988 0.00970381 56 22 15
-0.0046667 0.00256698 0.0107357 82 30 24
-0.00443894 0.00253154 0.0107297 86 46 44
-0.00463155 0.00234479 0.0105206 65 26 20
-0.00586176 0.000349392 0.00934364 34 42 28
-0.00553232 0.00205174 0.0106283 86 38 24
-0.00489432 -2.4075e-05 0.00984022 48 52 40
-0.00367293 0.00101817 0.00998323 60 30 20
-0.00487747 0.00117561 0.00930765 52 23 16
-0.00631014 -0.000446826 0.010844 56 44 26
-0.00591699 -0.00157572 0.00903269 106 108 56
-0.00511512 -2.35142e-05 0.00943197 78 80 42
-0.00550189 0.00230513 0.0107543 62 19 12
-0.0039417 -0.000255563 0.00989791 52 59 47
-0.00314461 0.000473239 0.0100267 150 104 80
-0.00567485 -0.000182866 0.00972014 73 76 40
-0.00597502 -0.00360511 0.0120406 92 94 56
-0.00418078 -0.000231863 0.0101236 40 44 26
-0.00530347 0.00128843 0.00982277 142 92 62
-0.00311446 0.000449173 0.0100428 164 120 96
-0.00455665 -0.000219165 0.00916297 62 69 58
-0.00599811 0.000366542 0.00960563 43 44 30
-0.00569727 0.0013549 0.00996888 61 21 11
-0.0047864 0.00191498 0.009997 69 32 25
-0.00423901 0.000575518 0.011107 26 28 16
-0.00629663 -0.000398672 0.0108746 50 32 12
-0.0033411 -4.98181e-05 0.0109091 98 100 66
-0.00547696 -0.00218759 0.0108308 52 69 28
-0.00287403 0.000161802 0.0102798 148 108 84
-0.00541465 0.00143624 0.00982867 92 40 24
-0.00437306 -0.000505337 0.00790436 64 62 50
-0.00421638 0.001254 0.00952407 33 38 15
-0.00285607 -0.000360739 0.0106553 144 162 115
-0.00405133 0.00228787 0.0108674 72 37 34
-0.0056781 -0.000665717 0.0103292 49 54 26
-0.00584701 0.00204355 0.0110703 78 31 16
-0.00460131 0.00015835 0.0101941 50 60 52
-0.00572374 0.0013082 0.00988164 51 18 12
-0.00538277 -0.000695529 0.0104996 58 65 28
-0.00563603 0.00136177 0.0100673 80 32 20
-0.00412427 0.0017217 0.0100874 78 44 40
-0.00534446 -0.00234496 0.0108596 58 73 36
-0.00522001 0.00265621 0.0108221 88 29 18
-0.00341157 4.22533e-05 0.0106797 109 114 80
-0.00545669 0.000904806 0.00843027 34 40 22
-0.00485926 0.00104584 0.00972935 20 8 4
-0.00405109 -0.000341725 0.0102575 39 46 31
-0.00399264 0.00230868 0.0112092 66 34 31
-0.0052311 -0.000181798 0.0096654 92 95 54
-0.00513569 -0.000679846 0.0100788 99 100 54
-0.00225477 -0.00131369 0.00898348 86 84 61
-0.00582367 0.00146985 0.010361 59 22 13
-0.0050683 0.00122379 0.00961671 74 38 26
-0.00561448 -0.0024769 0.0110968 54 66 32
-0.00370599 0.00107726 0.00980451 81 57 44
-0.00556435 -0.000873348 0.0104254 60 66 32
-0.00606511 -0.00136177 0.0100635 60 64 38
-0.00392408 0.00221535 0.0108842 53 28 24
-0.00409311 0.000921679 0.00977318 34 34 14
-0.00586171 -0.00154954 0.00896706 71 80 34
-0.00343674 0.00151751 0.0113088 73 46 38
-0.00579535 0.00258126 0.0116922 78 23 14
-0.00367846 -0.00018935 0.0114338 147 160 115
-0.00237886 -0.0012079 0.008991 83 84 62
-0.00509071 -0.001721 0.0106243 66 84 42
-0.00415025 0.00240474 0.0107564 67 32 30
-0.00584234 0.00167265 0.0106914 38 11 8
-0.00541075 0.00105741 0.00929225 85 36 20
-0.00558323 0.00249133 0.0109369 88 35 25
-0.00554418 -0.000149058 0.00963174 130 130 82
-0.00549899 -0.00078966 0.0102539 48 58 22
-0.00475279 -0.000180721 0.0092405 52 58 42
-0.00355373 0.000705316 0.0102339 18 7 4
-0.00532167 -9.92991e-05 0.00954432 90 94 52
-0.00366116 0.000969827 0.00997722 33 16 9
-0.00575379 -0.00124797 0.00894645 152 153 100
-0.00578804 -0.00152299 0.00874902 118 122 74
-0.00542596 0.00139629 0.00983076 90 36 22
-0.00570123 0.00184133 0.0104798 82 48 40
-0.00560898 0.00154409 0.0101694 70 28 20
-0.00338082 0.000153878 0.0107986 39 39 15
-0.00623828 -0.000538045 0.0108361 38 40 20
-0.00371511 0.000210834 0.0107313 51 37 21
-0.00429979 0.00284098 0.011239 70 30 26
-0.00614374 -0.000627376 0.0112748 63 67 32
-0.00601113 0.00174475 0.00778361 116 111 91
-0.00675706 -0.000770082 0.0112227 146 142 86
-0.00413975 0.000460702 0.0109115 44 42 27
-0.00450542 -0.000450044 0.00829415 64 64 48
-0.00590174 0.00218053 0.0113401 76 29 16
-0.00639789 -0.00165951 0.0104009 50 53 29
-0.00506623 -0.000999825 0.0104442 84 90 48
-0.00384635 0.00276427 0.0120779 85 43 36
-0.00479538 0.000762548 0.00993067 22 23 12
-0.00574787 0.00191935 0.0106569 66 28 19
-0.00550108 0.00134631 0.00989096 90 34 20
-0.00471583 0.00247864 0.010469 84 33 26
-0.00625744 -0.00062771 0.0109916 39 42 20
-0.00569692 0.00265919 0.0116443 68 22 18
-0.00516289 -0.00117276 0.0102907 72 84 40
-0.0058976 0.00221537 0.0113108 70 24 13
-0.00593885 0.00177102 0.010947 82 36 20
-0.00546567 0.000950378 0.00858253 37 34 19
-0.00565037 -0.000955823 0.0103484 47 56 24
-0.00562978 -0.00094363 0.0104037 54 60 26
-0.00540892 0.00136557 0.00968939 90 36 18
-0.0059105 0.00211269 0.0114602 83 37 22
-0.00688607 0.00043279 0.00886462 39 46 30
-0.00537441 0.00291554 0.011476 86 28 19
-0.00536606 -0.00208926 0.0108144 52 70 28
-0.00591432 -0.000726911 0.0099746 45 51 24
-0.00580367 -0.00143391 0.00915145 111 113 63
-0.00436027 -0.000371012 0.00830777 74 79 72
-0.00278514 -0.00307425 0.0106453 75 86 48
-0.00747758 -0.000306089 0.0101713 148 144 82
-0.00308233 -0.000398328 0.0105182 152 166 116
-0.0060898 -0.000950336 0.0103292 46 51 26
-0.00536742 -0.00194729 0.0106632 57 71 28
-0.00587713 -0.000460428 0.00993584 152 152 98
-0.00565838 -0.0010438 0.00982343 155 157 106
-0.00328986 -0.000367879 0.00966694 152 165 116
-0.00644593 -0.00131702 0.0100811 68 68 40
-0.00356058 0.00229931 0.00816195 142 123 106
-0.005874 -0.00186798 0.00999143 155 154 100
-0.00586653 -0.000637575 0.0101143 48 54 25
-0.00597579 -0.00275102 0.0106707 154 153 96
-0.00619744 -0.000925123 0.00995144 123 120 74
-0.00580074 -0.00191273 0.0098409 154 154 98
-0.00377065 0.00337362 0.0129466 152 140 139
-0.00260414 -0.000921231 0.00903468 155 164 112
-0.00757494 -0.000332281 0.0102281 150 144 83
0.000237342 0.000486682 0.0174437 134 154 108
-0.0071522 -8.36614e-05 0.00959782 148 143 79
-0.00858795 -0.00347933 0.0107185 154 154 100
-0.00755808 -0.00192973 0.012264 150 148 88
-0.00919886 -0.00348129 0.0148041 150 146 88
-0.00897149 -0.00359917 0.014539 150 146 88
-0.00919521 -0.00362506 0.014505 150 146 86
-0.00605151 -0.0017505 0.00841605 151 150 96
-0.00654865 0.00265503 0.00735806 164 150 143
-0.00524366 0.00372496 0.0110858 154 138 139
-0.000203773 -0.00202552 0.0131186 162 168 113
-0.00205987 -0.00240172 0.0093491 157 162 105
-0.00660086 0.00529895 0.0143442 159 146 145
-0.00754163 -0.00678174 0.0164094 156 158 102
-0.00636813 0.00215211 0.0075921 62 69 38
-0.00534907 0.000623779 0.00877678 28 30 24
-0.003653 0.000416302 0.0106937 30 32 14
-0.00525792 -1.98138e-05 0.0106951 50 28 14
-0.00347454 0.00109989 0.0102628 128 93 70
-0.00579081 -0.00308762 0.0113653 105 107 67
-0.00476253 0.000600933 0.0102929 62 66 54
-0.0036543 -0.00193548 0.00971191 69 75 32
-0.00454969 0.000331765 0.0111262 50 56 42
-0.00398495 0.00162604 0.00978755 79 56 45
-0.00415158 0.00133588 0.009185 34 36 16
-0.0052244 0.000427514 0.00993384 38 48 32
-0.00386942 0.00214884 0.0107183 66 39 38
-0.00485994 0.000911716 0.00976225 86 62 48
-0.00453072 9.74413e-05 0.0109887 30 42 30
-0.0033415 0.000632174 0.0106213 50 16 6
-0.0038869 0.00103372 0.00985524 22 10 5
-0.00585397 -0.000156661 0.0108703 34 35 17
-0.00374694 0.00207195 0.00875903 57 44 20
-0.00401216 -0.000373381 0.0100689 43 47 26
-0.00474186 -0.000166967 0.00881686 75 76 48
-0.00341702 0.00121113 0.0104189 150 123 106
-0.00487018 -0.000860744 0.0105448 81 84 36
-0.00577006 0.00020949 0.00967367 110 94 67
-0.00490943 -0.00105014 0.0107545 72 79 28
-0.00446976 0.00178476 0.00998342 62 26 22
-0.00656201 0.000111673 0.0100268 82 72 42
-0.00425396 -0.000333577 0.00926667 62 70 53
-0.00422599 0.00200763 0.0104016 67 35 28
-0.00538404 -0.000404145 0.010304 62 64 24
-0.00511626 0.000117712 0.0104282 65 47 36
-0.0057861 0.0012848 0.0100996 60 26 21
-0.0063202 -0.00416307 0.0134302 154 154 97
-0.00452241 0.00108571 0.0096239 6 6 2
-0.0063417 -0.000558335 0.0111048 44 40 19
-0.00377958 0.00170317 0.00862257 33 36 16
-0.00389854 0.00193872 0.00841733 56 33 23
-0.00580891 0.00144682 0.0080939 40 52 36
-0.00598837 0.00154097 0.0104926 61 22 10
-0.00419597 0.000262284 0.0115665 14 4 2
-0.00558971 0.00200516 0.0103613 84 36 22
-0.00596147 0.00014794 0.00990967 72 52 32
-0.00372386 -0.000384502 0.00961265 46 56 41
-0.00614304 0.00191367 0.00769996 84 86 67
-0.00547308 0.000850427 0.00867369 36 43 24
-0.00596543 0.0020549 0.0075572 100 92 68
-0.00602323 0.0021076 0.0075787 106 96 75
-0.00346433 0.00128553 0.0104324 150 124 113
-0.00479287 6.8327e-06 0.0101032 78 82 78
-0.00478939 -0.000610445 0.0099807 120 116 73
-0.00590792 0.00142379 0.00954909 53 44 24
-0.00457214 -0.00103071 0.0099183 118 114 66
-0.00351339 0.00131156 0.0104386 122 94 84
-0.00550114 0.000934411 0.0083514 39 52 25
-0.00362344 0.000662007 0.0114825 17 7 5
-0.00307656 -1.91374e-05 0.0109457 38 42 16
-0.00536239 0.000266275 0.00989559 48 58 40
-0.00386009 -0.000363899 0.00982313 39 48 34
-0.00470967 -0.000914929 0.00953069 111 116 69
-0.00477878 -0.000967444 0.0101526 137 138 92
-0.00486358 -0.000724363 0.0102033 86 90 40
-0.00629781 0.00199417 0.00777545 60 68 36
-0.00408974 -0.000443722 0.00979561 114 118 80
-0.00430373 0.000298101 0.010996 16 6 4
-0.00418414 -0.000391724 0.00998466 67 69 39
-0.00391341 0.00216036 0.0105376 46 22 20
-0.0035866 0.000821801 0.0101433 21 9 6
-0.00416109 -9.73182e-05 0.0119134 38 13 8
-0.00591941 0.00184098 0.0109538 80 34 18
-0.00479445 0.000816087 0.00974203 22 22 10
-0.00641609 -0.00181363 0.010542 56 65 32
-0.00324935 0.000417492 0.0110228 44 18 6
-0.00489229 -0.000621179 0.0103814 103 100 47
-0.00572407 -1.74255e-05 0.0106131 70 78 32
-0.00584062 0.00128431 0.00855517 62 74 50
-0.00578978 0.00205613 0.0106808 74 28 16
-0.0037771 -0.00234173 0.0107749 108 118 69
-0.00624127 -1.19488e-05 0.00991793 150 149 92
-0.00583269 0.000284949 0.00999003 50 58 37
-0.00437695 0.00103192 0.00985175 30 30 16
-0.0057627 0.00136673 0.00838915 18 27 9
-0.0046745 -0.00105065 0.00938112 104 113 64
-0.00570411 0.00121445 0.00982389 164 110 78
-0.00380739 0.00227691 0.0107559 70 34 27
-0.00422149 -0.000464724 0.0103518 52 56 30
-0.0058153 0.00162708 0.0103437 59 25 19
-0.00556773 0.00102333 0.00835516 54 68 48
-0.00371898 0.00191033 0.00859303 40 43 18
-0.00379259 0.000564642 0.0114168 12 8 2
-0.00383954 0.000597987 0.0108136 24 21 11
-0.00400147 0.000153037 0.0114761 19 6 3
-0.0045826 -0.000185923 0.00928194 55 64 50
-0.00399553 0.000316977 0.0112929 27 16 10
-0.00564261 -0.0027765 0.0112352 59 68 32
-0.00404611 0.000394916 0.0112305 36 33 18
-0.00402606 -0.000357367 0.00974083 52 54 28
-0.00345065 0.000449383 0.0111821 16 6 2
-0.0058947 0.000269423 0.00945572 60 58 40
-0.00506434 3.92373e-06 0.0102479 88 83 59
-0.00482133 0.00189023 0.00979621 66 28 22
-0.00605334 -0.000349904 0.0106278 34 36 18
-0.00587253 0.00157643 0.00782556 111 112 93
-0.00522509 0.000120133 0.0101644 36 14 8
-0.00360731 0.000643457 0.0108048 13 5 3
-0.00492651 -0.00104028 0.0102668 74 82 34
-0.0059077 -0.000180226 0.0107034 36 35 17
-0.00393486 -0.00159364 0.00909718 116 124 76
-0.00403371 -0.00139357 0.00875754 111 121 70
-0.00623871 0.00182618 0.00805398 56 66 34
-0.0060092 -0.000862064 0.0100954 48 52 28
-0.00558712 0.000767274 0.00853178 62 74 32
-0.00505784 -0.00159003 0.0105947 66 83 37
-0.00479378 -0.000447689 0.0096961 117 109 68
-0.00318627 0.000349767 0.00985365 132 122 100
-0.00260594 0.000693892 0.0147322 147 110 92
-0.0040278 -0.00018739 0.00956833 39 48 32
-0.00498418 -0.00109271 0.0102921 76 86 40
-0.00445531 0.000234256 0.0108972 32 35 27
-0.00388792 0.00232282 0.0107705 65 36 32
-0.00418667 0.000433396 0.0110499 14 6 4
-0.0040165 -0.000452825 0.00977544 77 76 42
-0.00591439 0.000529337 0.00985914 26 13 4
-0.00362801 0.000100868 0.0112439 42 25 8
-0.00494045 -0.00112567 0.0104398 76 84 36
-0.00380089 0.0016402 0.00870423 34 36 16
-0.00602214 0.00178012 0.00965951 120 108 84
-0.00574609 0.00172812 0.0077142 60 66 44
-0.00388639 0.00209652 0.0105775 76 43 40
-0.00361377 0.00058171 0.0115245 10 6 2
-0.00406899 -0.000184409 0.00974482 46 52 38
-0.00587384 0.00134269 0.0100284 72 32 19
-0.00536082 -0.00242856 0.0109595 60 74 36
-0.00542164 0.000803681 0.00884861 48 52 35
-0.00380671 -0.00208344 0.00947696 128 132 84
-0.00589391 0.00194502 0.00781986 46 48 20
-0.0035816 0.00108354 0.0100538 111 79 56
-0.00399416 0.00145909 0.00896398 30 36 14
-0.00800076 0.00158792 0.00834374 165 154 142
-0.00401595 -0.00199413 0.0109969 81 87 42
-0.00448753 -0.00106356 0.00959327 108 106 58
-0.00602123 0.00156573 0.0101848 66 41 22
-0.00540681 -0.00229678 0.0110284 53 70 30
-0.00580016 0.000214133 0.00953285 82 69 44
-0.00642381 0.00208822 0.00781097 108 104 84
-0.00496578 -0.00122687 0.0104577 73 82 39
-0.00551344 -0.00195519 0.0105661 101 110 65
-0.00538922 -0.000935299 0.00937324 98 100 46
-0.00477246 -0.00110894 0.0103513 134 138 91
-0.0037885 0.0019708 0.00873335 54 44 26
-0.00407938 -1.10091e-05 0.0118377 22 8 4
-0.00408115 0.00168728 0.0102752 76 46 42
-0.00556636 0.0017134 0.0101432 40 14 10
-0.00377916 0.00191044 0.0087761 44 43 23
-0.00393471 -0.000308867 0.0094178 36 41 24
-0.00382892 0.00196019 0.00863615 68 52 34
-0.00465318 -0.000841356 0.00963821 126 120 74
-0.00424835 9.60125e-05 0.0109004 26 8 5
-0.00547418 -0.000751002 0.0108362 48 54 23
-0.00375429 0.00154521 0.00860128 76 54 40
-0.00595495 0.00154822 0.00796175 74 79 55
-0.00569266 0.00147043 0.00999642 66 30 26
-0.00429139 -0.00033166 0.0102474 71 72 41
-0.00540913 -0.00239482 0.0114385 52 69 27
-0.00319685 0.000386443 0.0100211 138 116 100
-0.00629287 -0.0012232 0.0101134 60 61 36
-0.00587364 0.00147336 0.00775907 60 68 38
-0.00555337 -0.00111077 0.00928018 120 122 68
-0.00382292 0.00159166 0.00871757 31 36 16
-0.00520095 -0.00083512 0.0103452 94 94 47
-0.0028664 4.42842e-05 0.0101643 100 82 53
-0.00594921 0.00183981 0.00919368 145 132 107
-0.00555268 -0.00118887 0.00913483 80 88 34
-0.00546914 0.00156746 0.010097 72 28 19
-0.00422665 -0.000575087 0.0100451 70 82 69
-0.00397341 -0.000499887 0.00974581 98 98 59
-0.00378238 0.00186276 0.00853775 34 38 16
-0.00591256 0.00143006 0.00805483 58 66 36
-0.00563541 0.00092474 0.00874276 68 81 49
-0.00583901 0.00149357 0.00860995 33 42 20
-0.00437956 -0.00355565 0.0135 148 156 104
-0.00191427 -0.00111687 0.0122633 151 163 115
-0.00545216 -0.000922148 0.00952438 126 128 76
-0.00585904 0.00177307 0.00813036 42 54 25
-0.00547538 -0.00214343 0.0110847 52 68 26
-0.00572013 -0.00130348 0.00867335 113 118 72
-0.00527135 -0.000986847 0.0100518 90 94 47
-0.00594099 0.00164136 0.00758472 68 77 52
-0.0058254 0.00138398 0.00993652 75 32 20
-0.00541091 -0.00085724 0.00966354 128 128 76
-0.0052746 -0.000714729 0.00976521 124 122 74
-0.00709762 -0.00118041 0.0116426 58 58 21
-0.00471838 -0.000984183 0.00995868 116 120 74
-0.0050378 -0.00176433 0.0109697 112 124 75
-0.00668509 -0.000293842 0.0101197 146 140 78
-0.0058923 -0.00128515 0.00923381 154 158 103
-0.00593018 -0.000606059 0.0107106 154 158 106
-0.00386323 -0.00359068 0.0132165 160 162 108
-0.00524628 -0.00122732 0.0103673 68 80 38
-0.003262 -0.0026829 0.00971371 156 162 106
-0.00480134 -0.0034135 0.0141015 152 160 104
-0.00454786 -0.00119429 0.00959878 156 163 111
-0.0026501 0.000347147 0.0121071 151 136 114
-0.00593766 -0.00145915 0.00951616 154 158 104
-0.00654055 -0.00158404 0.00984588 42 46 24
-0.0019643 -0.000963027 0.0119929 151 163 115
-0.00228407 -0.000905348 0.0111726 148 160 113
-0.00148669 -0.00172182 0.0137142 148 162 112
0.00114053 -0.00175009 0.0160458 160 168 114
-0.00353264 -0.00366235 0.0111591 158 162 106
-0.00480635 -0.00112089 0.00942339 159 164 110
-0.00386554 -0.00372309 0.0122685 158 162 106
-0.00675845 -0.00222325 0.0104167 98 98 54
-0.0078788 -0.00259916 0.0100911 152 151 96
-0.00790031 -0.000948383 0.0112896 148 144 81
0.000420734 -0.00189817 0.0146579 157 166 111
-0.00148997 0.000180661 0.0163164 134 156 114
-0.00842868 -0.00325905 0.0113504 152 152 95
-0.00894719 -0.00300203 0.0131077 148 144 82
-0.00600984 -0.0013645 0.00789535 152 152 96
-0.00042852 -0.00135141 0.0155781 152 164 114
-0.00429775 -0.00375979 0.0130576 155 160 106
0.000669054 -0.00285538 0.0202199 161 170 117
9.49217e-05 0.00171143 0.0198325 160 156 144
-0.00641979 -0.00205053 0.00937687 152 152 94
-0.00792345 -0.00432684 0.0117472 156 156 101
-0.00981388 -0.00348025 0.0135561 151 150 92
-0.0064609 -0.00213735 0.00936753 154 152 95
-0.00308171 0.00216509 0.00906173 160 154 143
-0.00732636 0.00213523 0.00720888 164 152 144
-0.00780725 -0.0043473 0.0117088 157 157 100
-0.00728878 -0.00457861 0.0125209 158 158 103
-0.00849443 0.00149079 0.012444 164 153 138
-0.00607836 -0.00495906 0.0128393 159 160 104
-0.00431995 0.00292985 0.0112436 85 46 42
-0.00470604 -0.00110968 0.00941438 127 138 86
-0.00510157 -8.88394e-05 0.00979301 88 88 46
-0.00402384 0.000751358 0.010213 20 14 7
-0.00367236 -8.886e-05 0.0116533 91 70 48
-0.00405207 0.000882504 0.00968901 22 14 8
-0.00356442 -2.63266e-05 0.0118357 73 49 30
-0.00471777 -0.000112506 0.009846 51 60 46
-0.00398949 -0.000115429 0.0112832 114 98 70
-0.00404713 0.00195567 0.010478 70 40 34
-0.00470922 -0.00107593 0.00942693 128 139 88
-0.00325887 -0.00237521 0.0102365 110 120 71
-0.00355899 0.000554641 0.0112074 12 6 2
-0.00450213 0.00292676 0.0110727 82 38 34
-0.00497107 -3.86372e-05 0.0100484 63 68 43
-0.00409106 0.0023788 0.0106801 70 38 36
-0.0055291 -0.000755266 0.0103946 52 59 24
-0.00276801 -0.000427489 0.0105088 151 164 116
-0.00455134 0.000379401 0.0110699 60 62 54
-0.00537035 -0.000618257 0.0107239 48 54 19
-0.00369634 -0.00262692 0.0110257 105 112 66
-0.00754819 -0.00273315 0.00958971 97 100 62
-0.00432393 0.00178294 0.010006 54 23 20
-0.00608067 -0.000849084 0.0101005 100 102 64
-0.00458587 -7.84727e-05 0.0103269 60 69 51
-0.00500485 -0.000995488 0.0105222 84 90 44
-0.00404892 0.0017326 0.0100967 77 45 41
-0.00351197 -0.00310715 0.0112245 95 105 58
-0.00556101 -0.00179388 0.0111061 154 158 104
-0.00399506 -0.000442319 0.00983104 62 64 34
-0.00572452 -0.00106567 0.0105021 58 63 31
-0.00633158 -0.00146916 0.010018 49 53 29
-0.00594516 -0.00067539 0.0101109 102 104 64
-0.00434715 -0.000448017 0.00795372 64 65 55
-0.00434096 -0.000370294 0.0077823 71 74 66
-0.00432198 0.0031281 0.0116762 88 54 52
-0.00268467 -9.30098e-05 0.0103835 100 74 46
-0.00336693 -0.000315657 0.00983856 152 165 114
-0.00323657 -0.000411523 0.0100562 149 164 115
-0.00345901 -0.000521536 0.0096032 99 112 78
-0.00763272 -0.00311047 0.00940711 155 156 99
-0.00920179 -0.00174458 0.011507 149 145 86
-0.00759694 -0.00332978 0.00971991 156 156 102
-0.00276422 -0.00329572 0.0103798 155 160 103
-0.00406721 -0.00338138 0.0113414 157 160 106
-0.00245412 -0.00363047 0.0111007 155 160 102
-0.00886913 -0.00212035 0.0116037 150 146 85
-0.00515333 0.00371236 0.0112494 150 136 136
-0.0108283 -0.00152587 0.0156487 150 145 84
-0.00158596 -0.00268801 0.00952867 157 161 104
-0.00414217 0.00249486 0.0109441 60 28 24
-0.00631056 -0.00051157 0.0107328 39 40 18
-0.0058148 -0.00334243 0.0116249 65 72 42
-0.00616444 -0.000354001 0.0105205 60 53 32
-0.00470861 0.000368963 0.0104895 94 96 90
-0.00498262 0.00270924 0.0108975 94 36 25
-0.00594852 -0.00153964 0.00859593 91 99 56
-0.00464214 0.0028903 0.0110265 82 35 30
-0.00498494 0.00029278 0.0105069 106 99 82
-0.00414903 0.00179236 0.00958576 35 15 9
-0.00498606 0.00297797 0.0110998 80 28 22
-0.00505899 0.000458917 0.0100588 34 40 27
-0.0042035 -0.000104166 0.0115687 58 22 12
-0.00466317 0.00256175 0.0106976 78 28 20
-0.00455615 0.00196253 0.0100781 72 32 26
-0.00348859 -0.000224637 0.0114595 140 158 113
-0.00457804 0.0029053 0.011117 79 39 34
-0.00385276 -9.64149e-05 0.0116917 80 47 30
-0.00556015 0.00175039 0.010375 70 30 20
-0.00346301 0.00128089 0.010471 106 76 70
-0.00567749 -0.003125 0.0114642 78 88 53
-0.00361509 0.00139793 0.0108768 62 32 26
-0.00514732 9.73948e-05 0.0103493 72 67 49
-0.0037005 0.000923487 0.0101151 28 12 8
-0.00474306 -0.000207324 0.00904326 58 61 42
-0.0073333 -0.000954939 0.011318 148 145 84
-0.00350035 0.00110173 0.0100967 148 112 94
-0.00439256 0.000283049 0.0109783 16 8 6
-0.00350688 0.000872924 0.0101723 42 16 6
-0.00509126 0.000899386 0.00959268 12 8 6
-0.00380489 0.00146442 0.00908171 63 30 24
-0.00377882 0.00122094 0.00974154 60 34 22
-0.00633601 0.000342738 0.00896651 52 52 27
-0.00550731 0.000285351 0.009203 72 80 40
-0.00287654 -3.10859e-05 0.0103941 59 46 15
-0.00442836 0.000339589 0.0112358 10 6 2
-0.00427096 0.000381539 0.0112124 13 6 4
-0.00364595 0.00114698 0.0099234 77 50 36
-0.00462658 0.00160174 0.00977103 71 31 24
-0.00632757 0.000396666 0.0102537 110 96 56
-0.00461351 0.00148838 0.00969947 57 21 14
-0.00497836 0.00107087 0.00945726 84 52 42
-0.00525975 -0.000557665 0.00977971 82 85 45
-0.00575108 0.00149344 0.0101622 51 18 12
-0.0044 0.000155283 0.0113475 20 10 8
-0.00412319 0.000848082 0.00978526 13 13 5
-0.00530773 0.00129528 0.00972797 157 108 82
-0.00424381 0.00287179 0.0111535 86 44 40
-0.00312328 0.000451741 0.0100042 152 108 92
-0.00456493 0.00135377 0.0094782 146 99 76
-0.00453557 6.60571e-05 0.0106648 25 37 26
-0.00568512 0.000269085 0.00925874 79 79 35
-0.00367446 -0.000190736 0.0118715 102 82 51
-0.00665488 -0.00195449 0.00997665 52 59 24
-0.00405555 0.000365119 0.0110602 16 8 2
-0.0036156 0.00166528 0.0105482 72 44 34
-0.00355539 0.00175498 0.0114604 68 42 34
-0.00507348 0.000576889 0.0105213 37 45 30
-0.00398203 0.00140568 0.00890191 29 34 14
-0.00444575 0.00285455 0.0108615 80 38 33
-0.00441772 0.00252512 0.0107183 86 45 44
-0.00486003 0.00104792 0.00944868 12 7 4
-0.00631331 6.05051e-05 0.0104405 94 94 48
-0.00366935 0.000903424 0.0100523 30 14 9
-0.0039891 2.9851e-05 0.0111825 24 8 5
-0.00410444 -9.21895e-05 0.0115596 40 14 7
-0.00281307 -8.18073e-05 0.0106443 123 90 62
-0.00360594 0.000147514 0.0106764 58 40 22
-0.00449399 0.00137476 0.00954023 156 110 86
-0.00481705 0.000989959 0.0102742 13 6 2
-0.00430343 0.00223975 0.0105905 54 28 24
-0.0048792 0.000658503 0.010402 28 36 22
-0.00349016 0.001678 0.0114219 69 40 32
-0.00519629 0.00189717 0.010017 62 24 15
-0.00555833 0.000962821 0.010013 12 7 4
-0.0058029 0.00189179 0.0107305 90 51 43
-0.00487395 -1.9742e-06 0.0100855 68 73 66
-0.00332507 0.00139714 0.0111159 66 42 31
-0.00442863 2.81158e-05 0.0102691 50 58 45
-0.00481525 0.00112182 0.00959649 28 13 6
-0.00408414 -0.000192825 0.0100141 42 52 37
-0.00509066 0.000357855 0.00981117 77 76 54
-0.00287994 7.50097e-05 0.0100339 73 50 18
-0.00465416 0.00201668 0.0101122 78 37 30
-0.00571243 -0.00316812 0.0114889 58 70 36
-0.00424065 0.000342737 0.0111389 13 6 4
-0.0039417 -0.000345454 0.0101002 42 50 38
-0.00369451 -0.00052717 0.00995403 36 47 31
-0.00419463 -0.000809807 0.0109932 44 54 32
-0.00428725 0.00273877 0.0108464 76 32 28
-0.00474188 0.00257946 0.0107303 87 33 26
-0.00376376 0.00125178 0.00979051 148 122 114
-0.00432123 -0.000400287 0.00808173 75 78 72
-0.00441088 0.000185137 0.0110645 20 10 8
-0.00421481 -0.000446717 0.00794328 67 73 66
-0.00453705 -0.000237768 0.0082346 57 60 45
-0.00346296 0.000104707 0.0109176 43 39 16
-0.0036304 0.00160032 0.010703 74 46 36
-0.00608966 -0.000396307 0.0108123 34 36 16
-0.0049466 0.0021542 0.0104781 70 34 26
-0.0041648 0.000367578 0.0109958 12 6 3
-0.00383624 0.000595156 0.0113025 15 6 5
-0.00391934 0.00164676 0.00880373 34 38 15
-0.00486669 0.000813544 0.00956608 20 21 13
-0.00338812 0.000373584 0.0108798 18 10 4
-0.00441214 -0.000223483 0.00867779 66 74 63
-0.00536322 0.00189296 0.0101274 46 14 6
-0.00455662 0.00246914 0.0106062 54 22 19
-0.00391905 -0.000114831 0.0114064 107 84 50
-0.00383601 0.00102673 0.00988744 26 14 8
-0.00458074 -7.61896e-05 0.00933969 54 64 52
-0.00605253 -0.0036895 0.0120404 96 100 63
-0.00603532 -0.00135197 0.0101844 88 92 52
-0.00321737 -0.00240269 0.010263 156 162 110
-0.00305236 0.000229502 0.0105406 120 90 72
-0.00346722 -0.00312253 0.011677 156 160 110
-0.00330308 0.000761117 0.00998549 150 103 82
-0.00433342 0.00230708 0.010637 74 38 32
-0.00435564 0.00072604 0.0103045 29 31 16
-0.00398724 -0.000480791 0.0103028 34 40 24
-0.00360322 -0.000155503 0.0116977 102 76 45
-0.00525085 0.000699473 0.00954194 45 52 38
-0.00433678 0.00235865 0.0104183 64 26 22
-0.00419769 -0.0012549 0.010843 29 40 17
-0.00479322 0.00236287 0.0105108 61 20 13
-0.00291017 0.000127976 0.010208 136 97 75
-0.00390234 0.00276125 0.0117826 74 32 23
-0.0047949 0.00223063 0.0105185 90 47 36
-0.00443031 -0.000232276 0.00843107 64 68 56
-0.00501689 0.000763517 0.00972456 28 35 24
-0.00435816 0.00272342 0.0109414 83 39 33
-0.00306661 3.67791e-05 0.0106221 52 50 19
-0.00531475 0.00143193 0.00953624 88 36 20
-0.00460065 0.000738001 0.0105639 38 39 23
-0.00515909 0.00136765 0.00974633 74 32 21
-0.00412329 -0.000677263 0.0109039 76 78 50
-0.005275 0.00212162 0.0105055 82 36 24
-0.00370778 0.000417515 0.0109211 29 30 11
-0.00447772 -0.000220061 0.0089587 70 78 68
-0.00383514 0.000519487 0.0112652 17 12 6
-0.00473672 -5.24046e-05 0.0100774 72 78 72
-0.00482389 0.00197938 0.01025 76 37 30
-0.00517405 0.000471659 0.0103585 28 32 20
-0.00420156 2.49957e-05 0.011599 22 8 5
-0.00391797 0.00136834 0.00890805 30 34 12
-0.00656575 -0.00175533 0.0100612 41 50 28
-0.00481351 0.000822762 0.0104782 25 23 11
-0.00594638 -0.00146531 0.00849188 146 144 86
-0.00296735 0.000180391 0.0100615 115 84 56
-0.00660097 0.0005085 0.0089743 159 150 122
-0.00399297 0.00166022 0.0089623 35 36 16
-0.00459869 0.00261113 0.0107691 80 32 27
-0.00726114 0.000814693 0.00826785 166 154 137
-0.00536514 0.000681927 0.00937087 14 8 4
-0.00615878 -0.000564306 0.0107161 40 41 18
-0.00659798 -0.000739051 0.0106793 45 48 24
-0.00364865 -0.00261427 0.0114777 64 74 31
-0.00578382 0.00153263 0.00813082 36 43 21
-0.0037348 0.00132841 0.0095503 126 99 90
-0.00401672 0.00130269 0.00910374 28 35 15
-0.00319082 -0.000758518 0.00919134 32 42 24
-0.00350714 0.000523051 0.0103891 14 6 4
-0.00399457 0.00170977 0.00897188 48 41 24
-0.00356853 0.00022404 0.0108173 38 36 14
-0.00393539 -2.13082e-05 0.0120766 25 9 4
-0.00490637 0.00253203 0.0107424 94 38 26
-0.00320155 -7.71683e-05 0.0106102 137 154 113
-0.00361773 -0.00297316 0.0115511 43 56 22
-0.0030469 -0.000884567 0.00925357 32 41 23
-0.00428562 -0.000907672 0.0108717 31 39 18
-0.00654591 0.000405384 0.00864781 40 44 22
-0.00576507 0.00170362 0.00809908 152 142 121
-0.00428321 0.00229172 0.0106346 78 43 36
-0.0070334 -0.000991673 0.0111861 52 56 26
-0.00437929 0.00278364 0.0110106 72 28 22
-0.00301709 0.000363641 0.00978474 151 112 100
-0.00430246 -0.000766123 0.0109988 30 39 18
-0.00343164 -0.00067881 0.00940438 29 38 23
-0.00559726 0.000527151 0.00894656 64 76 33
-0.0064866 0.000189989 0.0100071 53 52 29
-0.00300219 -0.000954863 0.00941538 34 44 23
-0.00619726 -0.000588318 0.0111209 38 39 16
-0.00433248 0.00250947 0.010844 77 38 34
-0.00650293 0.000328474 0.00883282 58 62 32
-0.00574145 -0.000964332 0.0102458 44 52 23
-0.00637366 -0.00134135 0.00995693 40 46 24
-0.00217822 -0.00126215 0.00888996 86 88 60
-0.00536101 0.00103279 0.00980359 20 6 3
-0.00714013 -0.000899754 0.0113508 148 144 84
-0.00472419 0.00244246 0.0105682 68 24 18
-0.00547054 -0.00169958 0.0107907 62 76 34
-0.00404595 -0.00130695 0.0106669 34 48 25
-0.00535241 -0.00187523 0.0106299 58 74 30
-0.00427721 0.002694 0.0110638 87 42 38
-0.00448891 0.000173179 0.0106617 28 38 24
-0.00303979 -0.000824276 0.00926445 56 66 44
-0.00487337 0.000790403 0.0105865 23 23 11
-0.0054315 -0.00141548 0.0106082 84 96 49
-0.00528228 -0.00192428 0.0106877 56 72 28
-0.00314628 7.91925e-05 0.0102969 42 46 20
-0.0049092 -0.00359815 0.0143059 150 156 106
-0.00582116 0.00248186 0.0115499 82 30 18
-0.00466844 0.00261293 0.0107301 80 28 24
-0.00444824 -0.000235686 0.00855943 60 68 55
-0.00566503 0.0025722 0.0112879 88 34 23
-0.00473173 -0.000123002 0.0105755 70 77 56
8.72929e-05 -0.000722901 0.0154919 148 163 116
-0.00301585 -5.17229e-05 0.0104949 46 44 16
-0.00360129 -0.000598336 0.00981422 55 63 46
-0.00561648 -0.00124261 0.00894469 92 100 46
-0.0038096 0.0019025 0.00865114 36 40 18
-0.00544343 -0.00248016 0.010953 54 68 34
-0.00637561 0.000304232 0.00892977 67 68 40
-0.0068786 -0.000458543 0.0110021 123 90 62
-0.00218597 0.000715614 0.0126948 100 124 86
-0.00489409 -0.00382081 0.0134271 150 156 106
-0.00376349 0.00311585 0.0119789 136 125 124
-0.00672306 -0.0020474 0.00992842 107 110 68
-0.00743709 -0.000650652 0.0111925 149 144 82
-0.00327769 -0.000455546 0.0116333 140 158 112
-0.00767868 -0.000815142 0.0114537 150 145 82
-0.00592999 -0.00310878 0.0116492 100 105 63
-0.00379433 0.00182469 0.00876298 33 36 16
-0.00218692 -0.00124447 0.0089632 154 162 110
-0.00390679 -0.000104412 0.00961471 155 166 114
-0.0055259 0.00241969 0.011009 76 26 18
-0.00260624 -0.00105616 0.00901772 92 102 64
-0.005714 -0.00134299 0.00870388 72 82 32
-0.00344213 -0.000618114 0.0094164 34 44 28
-0.00391661 0.00306349 0.0119733 92 59 52
-0.00584634 -0.000847885 0.0102033 46 50 25
-0.00227593 -0.00130823 0.00899943 84 82 60
-0.00545993 -0.00100383 0.00894692 83 90 39
-0.00531821 -0.00278557 0.0107134 151 154 100
-0.00172834 0.000518449 0.0153999 109 136 96
-0.00342174 0.00165037 0.0117167 68 42 32
-0.00525274 -0.00149837 0.0105951 66 78 37
-0.000619401 0.000782755 0.0155216 107 128 90
0.000469156 -0.00191362 0.0148063 156 165 112
-0.00300231 0.000234451 0.00996716 92 65 42
-0.00574112 0.00162421 0.00801754 110 102 80
-0.000708202 0.00076508 0.0155662 106 129 88
-0.000795975 0.000760593 0.0153239 104 127 86
-0.00252244 -0.00113042 0.0091319 117 122 84
-0.000261461 -0.000104092 0.015408 140 158 114
-0.00322311 -0.000714877 0.00929493 47 56 38
-0.00726658 0.00082672 0.00845601 166 154 136
-0.00257867 -0.00115587 0.00906776 46 54 28
0.00113879 -0.00168092 0.0152554 160 168 116
0.000121307 1.02161e-05 0.0155121 144 161 116
-0.00253925 0.000928086 0.0104923 111 122 96
-0.00395826 0.00312481 0.0117572 120 96 91
-0.00123761 0.000690783 0.0182058 144 146 132
-0.00112885 -0.00127292 0.0147511 144 160 116
-0.00359659 -0.00321157 0.010755 158 163 110
-0.00373068 0.0031739 0.0116723 152 140 138
-0.00309875 -0.00109702 0.0102685 36 45 28
-0.0008824 -0.00126662 0.0149114 152 166 117
-0.00264392 -0.0011472 0.00916904 40 52 26
-0.00186626 -0.00161729 0.0144139 140 157 112
0.000369277 -0.000144768 0.0159167 149 162 115
-0.00148839 -0.000294552 0.0141098 132 156 112
-0.00693745 -0.0023851 0.00990038 148 146 89
-0.00613431 0.00221916 0.0113077 116 90 72
-0.0112375 -4.78263e-05 0.0121399 166 154 134
-0.00673166 -0.00220712 0.00988727 146 146 90
0.00145321 -0.00242711 0.0154875 158 165 113
-0.0135422 -0.00116587 0.0138104 152 147 92
0.0011029 -0.00149259 0.0132418 156 162 110
-0.000758746 -0.00154499 0.0153624 154 166 114
-0.00135396 -0.000488612 0.0145011 135 156 112
-0.0129048 -0.00125701 0.016331 151 148 92
-0.00245084 -0.00114104 0.00924101 152 161 112
-0.00181694 -0.00227565 0.0133095 148 160 110
-0.00196993 -0.000156683 0.0130128 131 155 112
0.000701904 0.000579689 0.015966 148 162 113
0.00147099 -0.00169387 0.013954 155 162 110
-0.00994795 -0.00300521 0.0140136 151 148 90
4.51938e-06 -0.000957723 0.0150472 158 168 120
-0.00447233 0.00327083 0.0111372 130 105 103
-0.00387148 0.00396165 0.0129538 152 140 139
-0.000275572 -0.00168219 0.0137207 160 168 116
-0.0072092 -0.00272143 0.010297 148 147 90
-0.0123095 -0.0011836 0.0148586 154 154 96
-0.00172195 0.000563444 0.0119928 126 150 110
0.000565716 -0.000899481 0.0126265 166 172 116
-0.00845337 -0.000612682 0.0121347 150 144 84
0.00014327 0.000450192 0.0158889 138 156 112
-0.00595187 -0.0023924 0.0105163 150 150 94
-0.00849791 -0.000331506 0.0109734 148 144 84
-0.00319512 0.00270806 0.0118712 144 138 132
-0.00258023 -0.00254463 0.0119119 154 162 109
-0.0165163 -0.0043167 0.0199734 155 153 98
-0.0135891 -0.000163036 0.0136777 166 154 134
-0.0175742 -0.00384141 0.0204686 154 150 94
-0.00173114 0.00063464 0.0110084 128 152 110
0.00192763 -0.000855101 0.0178992 166 174 120
-0.00404806 0.00387049 0.0129412 151 140 138
-0.00196166 0.001295 0.0124083 151 149 137
-0.0117817 -0.00271935 0.0148317 154 150 96
0.00169692 -0.000665944 0.0142298 164 173 118
-0.00631264 -0.00337276 0.010423 155 155 102
0.000239432 -0.00249534 0.0142666 159 165 111
-0.00260475 0.00263613 0.0130184 156 150 140
-0.00647508 -0.00458124 0.0123091 154 155 100
-0.00456601 0.000376791 0.0110724 38 40 26
-0.00517032 0.0026658 0.0108231 78 31 22
-0.00459432 0.00138536 0.00965472 157 109 86
-0.00500711 0.00027258 0.0104585 94 89 69
-0.00460656 0.00280798 0.0109351 65 25 21
-0.00275865 -0.000426562 0.0104244 145 160 114
-0.00524553 0.00042061 0.00987181 32 36 24
-0.00403564 0.000974007 0.00955035 11 8 3
-0.0053949 0.000544676 0.00983996 16 10 6
-0.00341682 0.000826535 0.0100419 116 74 58
-0.00483681 0.000531056 0.0106062 96 94 86
-0.00508441 9.71969e-05 0.0101193 86 80 54
-0.00452582 0.00017181 0.0112584 28 28 22
-0.00393287 0.000143266 0.0113129 23 8 4
-0.00657003 -0.000510587 0.0109406 58 42 22
-0.00523696 0.000533726 0.0100422 20 20 10
-0.00408871 -0.00120414 0.0108002 36 48 24
-0.00530863 0.00141134 0.00988715 152 104 78
-0.0046218 1.98877e-05 0.0100835 56 64 44
-0.00453042 0.000507843 0.0109648 12 7 5
-0.00643154 -0.000120346 0.0104154 147 142 79
-0.00303719 0.000330725 0.0103159 144 106 90
-0.00386896 0.00134749 0.00914256 104 88 75
-0.00535228 0.00103769 0.0098353 35 16 12
-0.00454582 0.0018135 0.0100063 48 16 12
-0.00356958 -0.000222667 0.0114095 147 160 114
-0.00653253 -0.000318985 0.0105343 84 66 30
-0.00485542 0.000414832 0.010507 61 68 52
-0.00388384 0.00125052 0.00938074 128 104 92
-0.0057773 -0.003291 0.0116402 87 95 58
-0.00532848 0.0016453 0.0100113 74 31 20
-0.00490983 0.00188787 0.0101085 68 30 22
-0.00634214 0.000438637 0.0089876 52 54 32
-0.00373012 -0.000214908 0.0107993 151 163 115
-0.00477373 -5.3777e-05 0.010032 66 73 64
-0.00452245 0.00116337 0.00953576 20 8 6
-0.00465463 0.00116297 0.00941981 18 8 4
-0.00407402 -0.00127263 0.01077 36 49 26
-0.00548071 -0.000683664 0.0101006 44 53 22
-0.00503147 0.00135479 0.00962476 134 93 78
-0.00401139 0.00109923 0.00936921 30 28 13
-0.00608967 -0.00138385 0.0101154 71 76 37
-0.00342801 0.00156606 0.0115118 75 48 38
-0.00521924 0.000509841 0.00999083 28 29 18
-0.00410254 5.80012e-06 0.0116991 23 8 4
-0.00478112 6.08436e-06 0.0100135 70 76 68
-0.00409649 -5.24652e-05 0.0116384 28 10 6
-0.00511533 0.000311437 0.0104141 78 74 50
-0.00339982 0.00106994 0.0102786 120 82 64
-0.00483886 0.000851105 0.00961645 20 16 12
-0.00719578 0.000271778 0.00970034 50 54 28
-0.00447197 0.000255241 0.0110579 13 8 5
-0.00620815 0.000443735 0.00890393 44 46 28
-0.00669132 -0.00178706 0.00995537 48 50 31
-0.00451448 0.000398866 0.0112205 9 5 4
-0.00266286 -0.00024735 0.0104323 100 102 64
-0.0049644 0.000432364 0.0104314 41 44 28
-0.00673432 -0.00054215 0.0108362 150 140 84
-0.00527035 0.000508848 0.00988024 26 28 18
-0.00504864 0.000432408 0.0104264 36 40 26
-0.00624463 -0.00140484 0.0101171 38 45 23
-0.00398708 0.000645687 0.0108221 17 14 6
-0.0048086 2.71411e-05 0.0102285 84 86 78
-0.00412444 0.000141972 0.0113675 18 7 5
-0.00269261 -3.01081e-05 0.0107705 134 123 96
-0.00381882 -0.000129033 0.0117133 74 41 22
-0.00439242 0.00298905 0.0113435 90 45 41
-0.00549753 -0.000643852 0.010072 40 51 20
-0.00428676 -0.00111138 0.0108787 32 42 20
-0.00477924 0.000591867 0.0106674 46 50 36
-0.0040996 -0.00131966 0.0107204 26 40 17
-0.00606965 -0.00105059 0.0100837 45 48 26
-0.00354705 0.00125113 0.0102655 96 69 56
-0.0062923 -0.00103955 0.01 118 114 79
-0.00619513 -0.00380156 0.0120115 150 152 98
-0.00609552 -0.00334621 0.0112369 153 152 100
-0.00714251 -0.000433914 0.0109378 150 144 82
-0.00678131 -0.00026191 0.0105041 140 114 71
-0.00680812 -0.00174289 0.0100325 50 50 26
-0.00644222 -0.00149086 0.0100742 40 45 23
-0.00641501 -0.00121876 0.010027 71 71 40
-0.00502783 -0.00270636 0.0118239 152 156 102
-0.000302418 -0.000946663 0.0153424 148 162 116
-0.000779307 -0.000314475 0.0160641 130 154 112
0.000600154 -0.000769033 0.0153336 152 164 116
-0.00765907 -0.00108765 0.0109409 151 146 84
-0.000436028 -0.00143926 0.0149101 152 164 114
-0.010727 -0.000683435 0.0101382 158 154 101
-0.00816277 -0.00121462 0.0103684 152 146 86
-0.00819087 -0.00118439 0.0102666 152 147 86
-0.00656818 0.00093979 0.00853414 164 152 132
-0.00645426 -0.00384686 0.0118386 154 154 99
-0.0106566 -0.000847693 0.0100478 158 156 101
-0.00556683 0.00339326 0.0105179 150 133 132
0.000854624 0.000244975 0.0119052 166 173 122
-0.00197714 0.000336294 0.0118339 121 149 108
-0.00507018 0.00370472 0.00996228 154 138 136
-0.00980088 -0.000524143 0.012053 149 146 88
0.0012878 0.00029457 0.0166072 162 172 120
-0.0043013 -0.00418773 0.0118323 154 158 104
-0.00627416 -0.00452096 0.0123976 154 156 101
-0.00640542 -0.00503818 0.0129569 154 156 102
-0.00649841 -0.00477285 0.0126669 154 156 101
-0.00652144 -0.00535903 0.0127042 152 154 100
-0.00649263 -0.00543584 0.0132708 154 155 102
-0.00660381 -0.00512586 0.0130905 153 155 100
-0.0046163 0.000170358 0.0105466 40 51 35
-0.00576118 -0.0031844 0.0116512 100 106 64
-0.0051366 0.0027208 0.0110258 92 38 24
-0.00535208 0.000886127 0.00967046 6 4 3
-0.00493954 0.00276325 0.0108037 102 47 34
-0.0036447 0.00123556 0.00997772 137 110 100
-0.0041416 0.000466402 0.0108506 30 27 15
-0.00537484 0.000485202 0.00988534 27 28 20
-0.00486483 -0.000130351 0.00954543 44 48 30
-0.00478056 0.00287557 0.0109755 81 30 21
-0.00519532 -0.000161711 0.0096482 82 85 46
-0.0052383 0.000511389 0.00987865 26 28 18
-0.00514864 0.000765888 0.00966754 28 32 21
-0.00407597 0.000282568 0.0110355 18 8 4
-0.00563011 0.000914043 0.00988629 14 6 2
-0.0031291 -0.000130225 0.0106477 144 158 114
-0.00493579 0.000599056 0.0104715 44 48 34
-0.00527823 0.000793874 0.00972788 28 34 22
-0.00429377 0.00292226 0.0112926 86 43 39
-0.0050919 0.00254458 0.010688 93 38 26
-0.00278829 -0.00041093 0.0105606 147 162 116
-0.00518036 0.000186258 0.0101672 32 30 18
-0.00541109 0.00290972 0.0112826 101 41 26
-0.00485515 -8.82469e-05 0.00985828 46 52 36
-0.00481361 0.00187812 0.010084 75 36 26
-0.00537484 0.000925181 0.00978931 12 7 4
-0.00432762 0.00284779 0.0110953 67 24 21
-0.00474758 8.36745e-05 0.0103545 50 58 45
-0.00281793 4.85531e-05 0.0105724 142 110 88
-0.00361191 0.00120703 0.0100439 135 108 94
-0.00648599 -0.00160535 0.00985153 41 48 26
-0.00519745 0.000798653 0.00960344 27 30 20
-0.00469932 0.000510367 0.0110206 56 60 48
-0.00433698 0.000128271 0.0112227 21 10 8
-0.00425676 0.00108176 0.00949091 33 36 18
-0.00680656 0.000159302 0.00987212 68 67 31
-0.00390715 0.000660953 0.0106374 11 8 4
-0.00406994 0.00140743 0.00914432 29 35 13
-0.00399969 0.000148256 0.0112321 20 8 4
-0.00656993 -0.000221433 0.0103144 82 55 32
-0.00401225 0.00064544 0.0107062 21 18 8
-0.00469529 0.00167948 0.00975219 64 25 17
-0.00420895 0.0011385 0.00938778 34 36 17
-0.00505456 0.000671847 0.00993163 27 32 19
-0.00636309 -0.000609215 0.0109597 40 40 20
-0.00460495 0.00159907 0.00988192 69 28 22
-0.00276094 -0.000546389 0.0106179 146 160 113
-0.00410364 -0.00131572 0.0107547 34 48 24
-4.44916e-05 -0.000421369 0.0154867 144 160 116
-0.00354745 0.00127082 0.0104531 138 110 98
-0.0045731 0.0016551 0.00984667 44 14 10
-0.00385973 0.00161498 0.00872666 32 36 16
-0.00699901 -0.000521565 0.0108798 149 142 80
-0.00385281 0.00164655 0.00873423 32 36 15
-0.00704862 -4.2849e-06 0.00974829 148 143 83
-0.00307201 -0.000602631 0.00999579 150 162 113
-0.00299233 0.000122139 0.0104142 120 90 68
-0.00607807 0.00212997 0.0114933 74 32 20
-0.000240657 -6.36926e-05 0.0159029 136 156 112
-0.00729633 -0.000310679 0.0107448 150 144 83
-0.0024431 -0.00057156 0.0105882 127 137 94
-0.00781424 -0.000699643 0.0115572 152 148 85
-0.00698197 -0.000119858 0.0103429 148 143 80
-0.00690243 -0.000274258 0.0105691 146 132 78
-0.00487411 -0.00401194 0.0135191 149 153 102
-0.000931242 -0.000814347 0.0153897 138 156 114
0.000222714 -0.000951965 0.0153771 154 165 116
-0.00260919 0.000172128 0.0107575 132 154 114
-0.0014708 -3.20362e-05 0.0136421 126 151 110
-0.00555076 -0.00351153 0.0116833 154 154 98
-9.20463e-05 -0.00147579 0.015215 146 160 114
-0.00853457 -0.00123313 0.0114335 153 147 87
-0.0116417 -0.001528 0.0148719 152 150 92
-0.0124187 -0.00133077 0.0126277 160 158 104
-0.00900748 -0.000981169 0.0113518 153 148 90
-0.00990978 -0.0012186 0.0118704 156 152 96
-0.00545382 0.00414541 0.00999837 158 143 139
-0.00541579 -0.00495481 0.0129738 154 156 102
-0.00531879 -0.00474888 0.0121902 154 156 104
-0.00649288 -0.00449632 0.0118842 155 156 104
-0.00490647 -3.75557e-05 0.010141 61 66 55
-0.004964 0.000500634 0.0105677 64 66 54
-0.00452273 0.00226441 0.010396 74 38 32
-0.00449869 0.00211618 0.0102471 76 36 28
-0.00442157 0.00279567 0.0110212 68 26 21
-0.00447182 0.00183819 0.0100785 55 27 20
-0.00342094 0.000684485 0.010046 76 42 30
-0.0045843 0.0021261 0.0102726 85 37 28
-0.00526537 0.000580563 0.00951995 15 12 6
-0.00543197 0.0026709 0.0111272 88 30 18
-0.00337478 0.000772754 0.0101017 136 92 73
-0.00439853 0.00212387 0.0102961 72 38 34
-0.00410541 0.00089026 0.00982452 15 14 8
-0.00484737 0.00270719 0.0107483 95 39 28
-0.00501199 0.000794588 0.0094811 22 26 17
-0.0052914 -0.000169827 0.00967801 76 80 42
-0.00358006 0.000735083 0.0103139 18 8 5
-0.00479558 0.00316748 0.0112837 64 22 16
-0.00430975 -2.40282e-06 0.0109835 33 12 8
-0.00405104 0.00252445 0.0110425 74 38 32
-0.00346117 0.00140328 0.0117647 72 44 32
-0.00445057 0.00169384 0.0099992 69 32 25
-0.0056258 -0.000652268 0.0103897 54 57 26
-0.00642829 -0.00162306 0.00999691 48 54 30
-0.0075569 -0.00088321 0.0113755 150 146 84
-0.00427324 -2.66076e-05 0.0115639 28 10 6
-0.00396588 0.00155892 0.00881386 34 38 16
-0.00349788 0.000639342 0.0101683 18 6 4
-0.00432726 0.00278858 0.0110929 72 32 28
-0.00658259 0.000367384 0.00871957 54 56 33
-0.00523482 -0.000527526 0.0097919 84 82 46
-0.00539249 0.00216921 0.0105484 86 36 23
-0.00413329 0.000357455 0.0109787 22 16 9
-0.00487907 0.000533954 0.0106276 82 82 70
-0.00542792 0.000439175 0.00971385 28 30 20
-0.00419005 -1.29535e-05 0.0115534 29 10 6
-0.00499998 0.00206318 0.0102654 70 32 24
-0.00434484 0.00222379 0.0104336 55 28 23
-0.00479206 -8.04589e-05 0.00964321 46 54 42
-0.00474415 -0.000104925 0.00930426 50 55 41
-0.00543211 0.0020753 0.0105745 86 38 23
-0.0034222 0.00100611 0.0100779 140 100 76
-0.00273114 -0.00122819 0.00939858 44 52 26
-0.0075692 0.0010936 0.00800363 168 156 140
-0.00399271 0.0003495 0.0111543 40 38 21
-0.00469842 0.000251829 0.0105873 74 79 68
-0.00528104 0.000509446 0.00972584 27 30 20
-0.00342752 0.000932526 0.0100823 156 110 90
-0.00597526 -0.00116535 0.00999338 42 48 25
-0.00514792 0.000434243 0.0101177 28 33 20
-0.00663517 -0.000887834 0.0109428 50 52 20
-0.00684511 -0.000852485 0.0109475 52 54 22
-0.00482602 0.00251747 0.0107181 100 44 32
-0.00453684 -0.000143333 0.00906208 54 61 49
-0.00507797 0.000729405 0.00944737 30 34 22
-0.00350341 0.00151798 0.0117648 80 53 40
-0.00622156 -0.00111482 0.010042 40 46 22
-0.00668207 -0.00165351 0.0099281 38 41 21
-0.00655439 -0.00158132 0.00996303 42 48 26
-0.00492677 0.000555417 0.0105002 48 52 40
-0.00615348 -0.00140247 0.00997595 42 49 27
-0.00390476 0.000686186 0.0107723 14 6 6
-0.0049473 0.0031213 0.0112058 80 32 23
-0.00536457 0.00168208 0.0101231 70 26 16
-0.00343206 -0.000205018 0.00994296 144 158 112
-0.00531573 0.00107814 0.00952403 81 33 21
-0.0077798 0.00140463 0.00803685 167 154 139
-0.00667152 0.000384762 0.00869275 48 54 30
-0.00400377 -0.000272561 0.0113584 155 164 112
-0.00491203 0.00175632 0.00998 60 24 18
-0.00333912 -0.000199655 0.00999864 144 160 112
-0.0019175 -0.00142527 0.00875045 78 77 52
-0.00594915 0.00247424 0.0116935 83 29 17
-0.00526516 0.00308431 0.0113907 102 44 28
-0.00585746 -0.00109465 0.0101851 48 54 28
-0.00522635 -0.000360988 0.00989656 46 52 20
-0.00255439 -0.000518912 0.010628 100 106 58
-0.00567931 -0.000638386 0.0101853 47 51 22
-0.00332059 -0.000195234 0.0104236 145 162 114
-0.00573183 -0.000631051 0.0101744 44 50 21
-0.00471193 -0.000101311 0.00964688 60 66 56
-0.00601883 -0.000623612 0.0102053 148 144 92
-0.00281165 -0.00118276 0.00935478 47 56 33
-0.00289584 -0.00108249 0.00938528 40 51 27
-0.00379934 0.00318817 0.0122916 142 132 130
-0.00644198 0.00024008 0.00884332 148 143 80
-0.00584453 -0.000679402 0.0101656 41 46 18
-0.00258754 -0.00125337 0.00919416 58 62 36
-7.67513e-05 -0.000683854 0.0153401 148 162 116
-0.00605903 -0.000873409 0.010051 44 48 25
-0.0064415 -0.00145264 0.0102097 44 48 25
-0.00618928 -0.000876512 0.00996514 146 140 90
-0.00647098 -0.00124492 0.0100074 120 118 76
-0.00293828 -0.000971713 0.00937036 56 67 40
-0.00228376 -0.00115482 0.00901245 153 160 111
-0.00363744 -0.00335048 0.0112259 155 158 106
-0.00265374 -0.00102406 0.0092242 149 160 110
-0.00600781 -0.00178136 0.00868061 150 149 93
-0.00423189 -0.00267927 0.0107055 146 153 101
0.00108791 0.000656168 0.0173022 148 160 110
-0.000618056 0.000961022 0.0151138 150 148 138
-0.00827278 -0.00272769 0.0103532 154 152 96
-0.00594155 0.00262352 0.00764739 160 146 140
-0.00484641 0.00443592 0.0125654 156 142 142
-0.000798449 0.000282946 0.015656 130 153 111
-0.00275636 -0.00194131 0.00989413 158 164 110
-0.0118268 -0.00355562 0.0148809 152 148 88
-0.0141522 -0.00405557 0.0164776 155 152 96
-0.00562246 0.00368364 0.0114749 152 136 135
-0.0107959 -0.00274343 0.0131689 152 147 89
-0.00466118 0.00437567 0.0123412 156 142 142
-0.000308289 0.00569115 0.0216752 162 153 146
-0.000671984 0.00605091 0.0218427 162 151 146
0.000559732 0.00281776 0.021015 165 158 146
-0.000620615 0.00492375 0.020024 164 154 146
-0.00499523 -5.5115e-05 0.00991202 35 38 20
-0.0048546 -2.10897e-05 0.00967114 36 43 28
-0.00561851 -4.97016e-05 0.00986037 80 86 44
-0.00584287 0.000350065 0.00930381 53 61 30
-0.00480337 -0.00024169 0.00917548 64 66 36
-0.0053046 0.00182813 0.0100466 78 35 24
-0.00541526 -5.94388e-05 0.00937502 92 92 52
-0.0044734 0.00152327 0.00978433 76 33 28
-0.00426698 0.00202088 0.010316 73 40 36
-0.00568774 0.000517639 0.00892029 67 72 33
-0.00636768 -0.000781073 0.01104 70 70 29
-0.00506159 -5.73779e-05 0.00946468 75 76 38
-0.00532045 5.58576e-05 0.00913989 86 88 48
-0.00561327 -0.000222607 0.00958137 136 136 89
-0.00283756 -0.000396286 0.0106592 146 162 114
-0.004378 4.10696e-05 0.0103646 30 40 28
-0.00290288 -0.000328574 0.0105716 150 163 116
-0.00416459 0.00217361 0.010529 60 28 22
-0.00405305 0.00270286 0.0112917 74 42 38
-0.00483392 0.00243569 0.0105762 80 32 22
-0.00398377 0.00272118 0.0116511 86 46 39
-0.00456488 0.000501801 0.0108305 28 28 18
-0.00517198 0.000922643 0.00954622 12 6 2
-0.00485463 0.00090067 0.00982306 44 27 16
-0.00567109 0.00104791 0.00827733 48 62 31
-0.00452639 0.00165446 0.0100312 61 26 20
-0.00346961 0.000339449 0.0108148 29 22 13
-0.005492 -1.00445e-05 0.00939009 84 88 46
-0.00371326 0.00131237 0.0098352 106 69 62
-0.00522405 0.00149132 0.0096288 70 24 12
-0.00345529 0.000128336 0.0110243 40 38 16
-0.00557376 0.00020557 0.00925072 74 80 41
-0.00368499 0.00173664 0.0106426 66 36 28
-0.00552876 0.00105398 0.00835337 24 31 14
-0.00349622 0.00103948 0.0100411 142 101 82
-0.00643109 -0.000269581 0.0103837 150 144 84
-0.00621581 -0.000581818 0.0106334 41 42 22
-0.00469334 0.00237861 0.0106579 62 20 14
-0.00438251 2.74172e-05 0.0102242 39 48 38
-0.00567898 0.000914442 0.00838892 62 72 34
-0.00600509 0.00177487 0.00773915 132 125 106
-0.0052003 0.000280718 0.00908734 27 30 14
-0.00562373 0.00234148 0.0109794 64 18 10
-0.00516852 -0.00041879 0.00998797 59 64 24
-0.00560432 0.00103238 0.00832549 44 53 24
-0.005349 0.000132243 0.00915227 70 80 40
-0.0044883 0.000688813 0.0108714 40 42 24
-0.0059096 0.00134604 0.00811643 65 68 40
-0.00425149 0.00227842 0.0106084 71 36 30
-0.00421719 0.00129016 0.00939241 33 38 16
-0.00533887 0.000996296 0.0094574 10 6 4
-0.005843 0.00126432 0.00810022 52 63 30
-0.00562144 -0.000410286 0.00991132 46 52 20
-0.00416484 0.00224001 0.0105307 74 39 34
-0.00461592 -0.000134329 0.00883141 52 58 42
-0.0066529 -0.000944517 0.0112832 56 60 22
-0.00530862 0.000304532 0.00908371 45 50 30
-0.00567993 0.00114573 0.0082245 39 52 28
-0.00465333 0.0023906 0.0106254 61 22 16
-0.00561093 0.00174988 0.0102456 54 21 12
-0.0060004 0.00173902 0.00779296 113 108 88
-0.00587388 0.00180929 0.0108414 80 40 26
-0.00482278 -3.53002e-05 0.0101061 62 66 59
-0.00532516 0.00242962 0.0108485 76 26 18
-0.0059174 -0.00142297 0.00827595 148 146 88
-0.00521947 0.000133585 0.00903348 66 78 39
-0.00442015 -0.000645845 0.0107654 48 58 36
-0.00428537 -0.00106542 0.0108805 34 44 20
-0.00484847 0.000997665 0.0096523 24 10 5
-0.00570093 -0.000490053 0.00990218 46 52 25
-0.00552832 0.000999789 0.00834744 25 32 14
-0.00318041 0.00042132 0.010043 140 100 76
-0.00653176 -0.000874963 0.0112475 50 52 18
-0.00516416 0.00151462 0.00991626 55 20 16
-0.00484227 0.000688198 0.010488 22 23 12
-0.00431914 0.000706159 0.010827 26 28 14
-0.00475543 0.000465952 0.0105906 102 104 98
-0.00308646 -0.00267027 0.0104377 112 121 69
-0.00576319 0.00111057 0.00826058 56 66 36
-0.00487514 0.00281483 0.0110794 94 38 29
-0.00470751 0.000301952 0.0115094 40 47 30
-0.00598295 -0.00101316 0.0102049 40 48 24
-0.00593977 0.00199101 0.00767181 100 100 75
-0.00499698 0.00137858 0.00937099 102 62 48
-0.00466465 0.00247683 0.0107564 73 28 24
-0.00590987 0.00136858 0.0081192 58 63 33
-0.00466626 0.00184244 0.0101346 74 35 28
-0.00520194 -0.000392694 0.00902896 43 53 20
-0.00540071 5.873e-05 0.00926707 80 84 42
-0.00558692 0.000982844 0.00835227 62 70 44
-0.00331436 0.000476518 0.0100231 39 18 8
-0.00559293 0.00191967 0.0104276 42 14 7
-0.00546607 0.00181063 0.0102568 76 30 18
-0.00592781 -0.00126007 0.0100184 66 73 39
-0.00356695 -0.00202767 0.0109129 148 157 106
-0.00636027 -0.00159984 0.0102332 52 58 32
-0.00337119 -0.000884709 0.010314 94 103 72
-0.00420024 -0.00105716 0.0108643 24 37 16
-0.00559798 -0.00113613 0.00837211 102 104 56
-0.00577632 -0.00115124 0.00834006 152 152 93
-0.00515356 0.00212734 0.0102193 88 38 26
-0.00553491 -0.00108124 0.00893674 80 84 36
-0.00478132 0.002096 0.0103521 76 34 25
-0.00369942 -0.000670912 0.0100129 44 48 28
-0.00350807 0.00131225 0.0105047 58 30 23
-0.00470855 -0.000147754 0.00932249 48 54 40
-0.00496226 0.000625354 0.0101628 34 42 30
-0.00427895 -0.00124933 0.0108397 43 50 20
-0.00375801 -0.000393998 0.0099176 101 110 80
-0.00555575 -0.0011722 0.00893521 76 82 33
-0.00618578 -0.000943972 0.00989148 106 102 66
-0.00295211 -0.00114248 0.00949156 44 53 26
-0.00597821 0.00206216 0.0114488 58 20 12
-0.00639266 -0.00122379 0.0103427 50 52 30
-0.00594916 -0.000942634 0.0103122 46 50 24
-0.00567899 0.00218896 0.0109028 85 34 25
0.00136373 0.00105926 0.0140907 156 165 112
-0.00595016 -0.00120932 0.0102774 41 52 26
-0.00317262 -0.00216685 0.0101458 158 163 109
-0.00638696 -0.00134226 0.0103315 42 46 24
-0.0030491 -0.00101783 0.00959747 38 46 29
-0.00302194 -0.00108801 0.00950878 46 54 26
-0.00266498 -0.00251659 0.0100822 158 162 107
-0.00646162 0.000261139 0.00861666 146 142 80
-0.00195383 -0.00138118 0.0089037 126 127 89
-0.015383 -0.00180883 0.0162027 154 150 94
-0.00607544 0.00248183 0.0118864 88 33 22
-0.00568038 -0.00239104 0.0109543 102 108 64
-0.00562955 -0.0010859 0.00961866 124 124 72
-0.00288729 -0.000859253 0.00955781 140 154 107
-0.00240578 -0.00113402 0.00911817 154 162 110
0.00156216 0.00106503 0.014117 160 167 114
-0.00200016 -0.00129941 0.00896102 156 162 108
-0.00306486 -0.00105701 0.00950413 50 57 28
-0.0030897 -0.00124572 0.0101268 51 59 27
-0.000409432 -0.000778435 0.0153117 152 166 118
-0.00954164 -0.00308419 0.0145413 150 145 84
-0.011213 -0.00371442 0.0138142 154 150 94
-0.00285373 -0.00224402 0.0099856 159 164 108
-0.0158924 -0.00207762 0.017261 154 150 92
-0.00176113 -0.00144708 0.00870272 120 128 82
-0.00183699 6.88263e-05 0.0135334 128 154 111
-0.00578663 -0.00171032 0.0099515 150 152 96
-0.00183808 0.000192483 0.0128581 130 154 113
-0.00258491 0.00214013 0.0133851 148 145 136
-0.00937188 -0.00350861 0.0142724 150 146 84
-0.00910644 -0.00308364 0.0135747 149 145 84
-0.0105385 -0.00239415 0.0140122 152 147 86
-0.0115407 -0.00128001 0.0129051 154 152 96
-0.0057935 0.0024729 0.00988981 143 126 111
-0.00910199 -0.00311125 0.0140964 150 146 84
-0.0129746 -0.00325401 0.0176683 153 148 90
-0.00999599 -0.00127562 0.0127964 153 150 92
-0.00571144 0.00358476 0.0118961 150 134 134
-0.0180232 -0.00612425 0.0210731 155 152 100
0.00146993 0.00237756 0.0138428 168 160 146
0.000514919 0.00303402 0.0145565 166 158 147
6.64821e-05 0.00342203 0.0129036 164 155 144
-0.015327 -0.00362896 0.0156883 156 152 96
0.000620301 0.00365409 0.0141978 164 154 144
-0.00326018 0.00064905 0.0103779 136 88 62
-0.0041939 0.00137068 0.00919343 94 78 63
-0.00450958 0.00273008 0.0108577 110 82 80
-0.00347122 0.000702617 0.0103935 20 7 4
-0.00429181 0.00248229 0.0107563 80 40 36
-0.00406323 0.00221694 0.0106872 76 42 38
-0.00462632 -0.00106101 0.00911518 92 102 62
-0.00454793 0.000969163 0.0101291 18 17 10
-0.00351576 0.00159361 0.0111215 73 45 34
-0.0045574 0.00236005 0.0104254 60 22 19
-0.00374953 0.00222367 0.00915295 72 41 23
-0.00487309 0.000762359 0.0103691 21 20 10
-0.00460111 0.00304217 0.0111587 72 30 24
-0.0037164 0.00176695 0.0102555 50 42 23
-0.00304112 -0.000176161 0.0110541 39 46 12
-0.00487196 -0.000995694 0.00987471 72 82 34
-0.0046547 -0.00103472 0.00930883 100 104 70
-0.00510563 -0.00179926 0.0107114 68 84 39
-0.00503311 0.00100381 0.00956399 18 11 8
-0.00588503 0.00140581 0.0101138 78 34 20
-0.00645963 -0.00180371 0.0101056 53 60 35
-0.00509451 1.56327e-05 0.00951546 72 72 39
-0.00443478 -0.000144838 0.00934101 64 74 56
-0.00342878 0.000463122 0.0111913 18 8 4
-0.00342419 0.000968045 0.0101981 138 93 72
-0.00347003 0.000317526 0.0106475 34 32 14
-0.00398191 0.00103099 0.00948926 52 46 32
-0.00549157 0.00159136 0.00999888 74 32 22
-0.00415814 -0.000276279 0.0100281 40 46 26
-0.0039823 0.00198713 0.0101582 66 36 29
-0.00395699 -0.000278334 0.0101316 52 60 48
-0.00417682 0.00287315 0.0113304 77 41 40
-0.0039008 -0.000345754 0.00987832 41 49 36
-0.00447098 -0.000580975 0.011315 49 54 28
-0.00332437 -0.0022186 0.0100863 156 163 110
-0.00400844 0.00287169 0.0115089 92 51 45
-0.00358375 0.00163553 0.0106911 72 44 34
-0.00554691 0.00255688 0.011188 96 37 26
-0.00633157 -0.00164153 0.01005 54 62 34
-0.00422767 0.00197436 0.0101283 68 34 31
-0.00435966 -0.000492654 0.010716 48 54 27
-0.00411268 -0.000492815 0.0105528 62 64 36
-0.00395167 0.00241421 0.0110712 100 75 73
-0.00770943 -0.00287936 0.0101266 44 50 24
-0.00393055 0.00073063 0.0111911 15 7 4
-0.00446973 -0.000176429 0.00925671 53 66 52
-0.00386289 0.00105789 0.00950185 30 16 10
-0.00490352 -0.00109776 0.010029 69 80 36
-0.00318204 0.000318504 0.0106099 108 86 64
-0.00365641 0.00190105 0.0114792 64 46 26
-0.00396302 -0.000633581 0.0103087 78 76 44
-0.00438223 0.000322404 0.0109847 13 5 3
-0.00368708 -0.000595637 0.00982303 29 36 20
-0.00434087 -5.20837e-05 0.0102483 62 64 50
-0.00415716 0.00267333 0.0109865 98 56 56
-0.00432777 0.00294191 0.0112034 97 54 51
-0.00365729 0.00170938 0.0108513 70 44 33
-0.00357589 0.00117806 0.0100738 153 130 121
-0.00513117 -0.000620537 0.00978542 98 98 52
-0.00360591 0.00209598 0.0106231 70 44 20
-0.00355849 -0.000513761 0.00968532 46 56 40
-0.00313345 0.000421452 0.00979165 130 92 73
-0.00360479 0.00204114 0.010683 82 60 40
-0.00411851 -0.00039691 0.00960805 42 52 28
-0.00555524 -0.00204918 0.0107731 74 86 40
-0.00384795 0.000710308 0.0111927 16 8 4
-0.00431001 -0.000925193 0.00997652 87 95 85
-0.00536161 -2.19778e-05 0.0110667 30 16 7
-0.00304181 -0.00269564 0.0104235 100 110 61
-0.00368439 0.00166016 0.0105576 75 54 37
-0.00384392 -0.000552618 0.00972682 84 80 50
-0.00343025 0.000464192 0.0108406 18 7 4
-0.00361007 -0.00058093 0.00947754 32 39 20
-0.00460272 0.00300772 0.0113515 81 40 34
-0.0040884 -0.000569582 0.00877392 31 42 16
-0.00665207 0.000514449 0.00847239 40 46 28
-0.004452 -0.000203929 0.0105477 54 58 34
-0.00364003 -0.000622173 0.00971576 31 42 22
-0.00376146 0.000545179 0.0118295 14 7 4
-0.00463274 -0.000247626 0.00976816 60 70 60
-0.0054536 -0.000349501 0.0101085 70 74 36
-0.00394505 0.000868071 0.00967839 17 9 6
-0.00228996 -0.00121554 0.00888119 90 92 67
-0.00357467 0.00194069 0.0114207 64 39 30
-0.00587076 0.0019963 0.0077162 48 48 23
-0.004284 -0.00028791 0.00835514 56 68 54
-0.00390096 -0.000556717 0.010317 29 36 21
-0.00407377 0.00151919 0.0092946 42 36 18
-0.00477711 -0.000259535 0.0110217 74 80 69
-0.00514623 -0.00186668 0.0106501 57 78 34
-0.00362965 0.00180631 0.0107517 78 54 42
-0.00384714 0.00272922 0.0108914 80 40 30
-0.00166243 -0.00171583 0.00890774 92 98 56
-0.00437171 1.33883e-05 0.0116226 24 10 6
-0.00504839 0.000638135 0.00972004 29 38 24
-0.00350181 0.00180386 0.0117025 46 24 18
-0.002923 -0.000139613 0.0106031 42 40 14
-0.00415613 0.00154079 0.00954466 66 38 28
-0.00441229 -0.00023347 0.0102459 68 72 44
-0.00440169 0.00243322 0.0104879 46 16 14
-0.00501703 0.00178596 0.0100135 68 30 22
-0.00459281 0.000230196 0.0115647 54 60 44
-0.00421766 0.0011657 0.00947079 33 36 16
-0.00415555 -0.000792352 0.010526 28 38 19
-0.0059768 0.0014057 0.00834278 67 70 42
-0.00579841 0.00178919 0.00785592 65 67 44
-0.00591249 0.00199045 0.00773179 44 49 22
-0.00576555 0.00161823 0.00825102 154 144 120
-0.00399905 0.00157954 0.00891153 40 39 20
-0.00440792 0.000854289 0.0100603 36 37 20
-0.00413179 0.00223421 0.0105279 84 50 46
-0.00189269 -0.00140108 0.00865495 82 82 61
-0.00535441 -0.00237565 0.0106846 60 73 40
-0.00487717 -0.000973003 0.00998112 76 81 34
-0.00440121 -0.000373184 0.0100191 78 88 60
-0.00270297 -0.00103534 0.00903814 49 60 35
-0.00560925 0.0013797 0.0102012 91 40 25
-0.00181272 -0.00150381 0.00860733 68 74 39
-0.00367296 0.000526984 0.0116445 10 6 2
-0.00496531 -0.00132877 0.0101145 66 86 38
-0.00222907 -0.00121378 0.00891719 153 160 106
-0.00435393 -0.00020995 0.00885236 62 75 62
-0.00583571 0.00182698 0.00811856 154 142 121
-0.00539196 -0.000509866 0.00991198 48 54 22
-0.00446351 0.00174888 0.00995132 68 27 22
-0.00421089 -0.000914147 0.00983441 48 56 24
-0.00477434 0.00206071 0.0103246 74 36 29
-0.00436827 -0.000562952 0.0106347 36 43 20
-0.00256734 -0.000561565 0.0116101 64 65 24
-0.00450548 -0.000105696 0.0103674 44 51 30
-0.00461824 -0.000140937 0.0092962 58 68 54
-0.0046795 -0.000165814 0.0102572 57 65 53
-0.00545812 -0.00245919 0.0111128 54 70 34
-0.00448452 -0.000278553 0.0102503 104 112 74
-0.00554283 -0.00185209 0.0107193 142 143 93
-0.00561178 -0.00255819 0.0110377 56 68 32
-0.00529908 0.00294611 0.0113405 80 27 18
-0.00315496 -0.000790128 0.00919002 32 42 24
-0.00368763 0.0019021 0.0104893 58 44 22
-0.00408318 -0.000583784 0.00956408 27 40 20
-0.00285308 -0.000962005 0.00900557 40 50 30
-0.00351762 0.00189831 0.0113989 63 39 30
-0.00546632 -0.00167358 0.0108028 68 78 38
-0.00362186 0.00193597 0.0107009 57 35 18
-0.00382257 -0.000808827 0.0102164 158 166 114
-0.00278808 -0.00100214 0.00921238 46 56 36
-0.00652701 -0.0015122 0.00993426 40 46 24
-0.00311817 -0.00249497 0.0102401 154 162 110
-0.00202291 -0.00139491 0.00866205 62 63 27
-0.00350553 0.00183713 0.0114603 33 14 8
-0.00505505 -0.000871459 0.00986109 80 90 44
-0.00200164 -0.0014917 0.00894887 116 118 78
-0.00536011 -0.000836293 0.00978231 105 102 50
-0.00568904 0.00217638 0.0111082 73 32 18
-0.00534567 -0.00216441 0.0110491 54 71 29
-0.0055225 -0.00112405 0.00888965 70 79 30
-0.00543565 -0.0019393 0.0105971 54 69 27
-0.00315273 -0.000141165 0.0108238 142 156 114
-0.00358004 -0.000548814 0.00958516 47 56 36
-0.00495662 -0.000898071 0.0102006 84 87 40
-0.00579819 0.00192157 0.0105059 80 38 24
-0.00172889 -0.00161053 0.00857978 155 162 108
-0.00294654 -0.000902857 0.00928124 68 80 60
-0.00211549 -0.00131194 0.00864882 76 74 50
-0.00290229 -0.000869702 0.00907335 55 66 38
-0.00576948 0.00175855 0.00769571 38 44 20
-0.0063887 -0.00186388 0.00945502 150 148 90
-0.00319376 -0.00361784 0.012239 157 160 107
-0.00548125 -0.00229988 0.0108251 55 68 32
-0.00561882 -0.00146213 0.00890237 153 152 97
-0.00426733 0.00319167 0.0121197 84 54 52
-0.00187961 -0.00132651 0.00774186 154 160 108
-0.00267346 -0.00121329 0.00918637 54 61 34
-0.00143761 -0.00239158 0.00950471 156 160 102
-0.0054091 -0.00181339 0.0101895 48 68 24
-0.00344741 0.00227942 0.0111632 140 136 127
-0.00627121 0.00218702 0.010839 146 134 114
-0.00544541 -0.00189851 0.0102161 56 68 26
-0.00243183 -0.0012506 0.00880971 80 80 58
-0.00622141 0.00210408 0.0112927 143 130 106
-0.00237 -0.00131459 0.00908565 74 74 51
-0.00774722 0.00119942 0.00851808 166 156 140
-0.00173186 -0.00135435 0.0128238 144 159 112
-0.00304713 -0.00249161 0.0114207 156 163 110
-0.00308611 0.00236772 0.0115742 144 141 133
-0.00520257 -0.00302659 0.0119841 155 159 104
-0.00323129 -0.00172685 0.00983425 156 162 110
-0.003294 0.00227477 0.0108811 142 138 130
-0.00199925 -0.00149913 0.0115186 149 162 112
-0.00301033 -0.00225127 0.0112079 158 164 111
-0.00581458 -0.0023853 0.0107547 152 154 98
-0.00266286 -0.00123717 0.00891044 156 162 110
-0.00172108 -0.00125935 0.011654 147 160 112
-0.00307919 0.00187666 0.0166025 146 142 132
-0.00555802 -0.00153889 0.0100236 153 157 104
-0.0011365 -0.00208343 0.00969493 158 162 106
-0.00547297 0.00431655 0.0119849 158 144 144
-0.0054001 0.00452715 0.0149464 154 140 140
-0.00168083 -0.00146459 0.00934979 156 163 108
-0.00196317 -0.00218155 0.00979827 157 162 105
-0.00391511 0.00128587 0.0091184 32 34 11
-0.00403119 0.00248246 0.0108653 61 29 27
-0.00419048 0.00252186 0.0108233 69 32 26
-0.00399894 -0.000126293 0.0117298 46 22 12
-0.00509433 0.000953878 0.00986401 16 7 6
-0.00454633 0.00138696 0.0098158 150 104 80
-0.0044684 0.00307165 0.0113121 88 60 58
-0.00401912 0.00137059 0.00899383 26 34 12
-0.00441988 0.00152636 0.00982214 75 34 26
-0.00541707 -0.000155969 0.0101117 86 90 50
-0.0058448 -0.000362034 0.0108832 37 41 14
-0.00357277 0.000450346 0.0111473 11 6 4
-0.00411485 0.00216645 0.01071 44 19 14
-0.00363182 0.000262746 0.010905 40 39 18
-0.0045442 0.0015239 0.00977359 74 33 26
-0.00376577 -0.00069743 0.00995522 88 91 56
-0.00335845 0.000253396 0.0112059 38 36 18
-0.00349801 0.000273054 0.0111392 32 32 16
-0.00518913 0.000657771 0.00927825 18 16 8
-0.0051759 0.000719272 0.00976145 36 45 31
-0.00408116 0.00205873 0.0104896 78 44 38
-0.0043209 0.000561232 0.010906 18 17 9
-0.00530489 0.00236904 0.0106291 64 18 13
-0.00606582 0.00209968 0.00791913 100 96 73
-0.00393546 0.00229371 0.0106136 58 33 29
-0.00524521 0.00239114 0.0107811 66 20 13
-0.00480349 -4.11599e-05 0.00976781 44 52 36
-0.00747207 -0.00273199 0.00969101 42 51 24
-0.00319634 0.000190784 0.0113143 75 59 44
-0.00541303 -0.000508294 0.0104474 43 50 16
-0.00414406 0.000770495 0.00990269 18 20 10
-0.00532058 0.00178506 0.0100662 84 34 24
-0.00377007 0.00126012 0.00942278 132 111 101
-0.00403458 0.00257223 0.0108804 98 61 59
-0.00357705 0.000344291 0.0109083 32 33 14
-0.0139637 -0.000943183 0.0148478 126 123 74
-0.00765578 -0.00285301 0.00967254 70 78 44
-0.00502291 0.000649594 0.0102054 34 42 30
-0.00547841 0.00286677 0.0111781 96 50 41
-0.00599478 0.00205319 0.0079592 44 51 24
-0.00545955 0.000836683 0.00877979 37 44 22
-0.0142087 -0.0011702 0.0151447 140 138 88
-0.00624374 0.000414693 0.00885548 38 40 26
-0.00310584 0.000181423 0.0112147 124 100 82
-0.00389274 0.00285485 0.0116592 82 42 34
-0.00542516 -0.00173647 0.0105965 64 75 34
-0.00365989 0.000468033 0.0110575 20 16 7
-0.00456413 0.00260194 0.0106964 78 30 24
-0.0033303 6.264e-05 0.0108255 36 40 12
-0.00288928 -0.000468661 0.0102027 146 162 113
-0.00589451 0.00161556 0.0106184 82 42 28
-0.00465341 -8.92647e-05 0.00930945 52 60 48
-0.00028544 -0.000149676 0.015162 145 162 116
-0.00252589 -0.00079873 0.0106985 142 158 109
-0.0046341 0.00265985 0.0108397 81 32 26
-0.00564902 0.00263527 0.0113385 78 35 28
-0.0146032 -0.00116189 0.0151926 131 128 77
-0.00456202 -0.000140098 0.0100697 64 72 48
-0.00407242 0.00105248 0.00937324 37 40 20
-0.0101832 -0.000515261 0.0158306 108 105 58
-0.00532405 -0.00139192 0.0105706 62 74 34
-0.00356333 0.00120783 0.0102251 156 132 126
-0.004358 0.00262141 0.0108661 82 40 36
-0.00542685 0.000815824 0.00901525 36 44 22
-0.00365993 -0.000763114 0.00996618 66 66 34
-0.00310897 1.92954e-06 0.0104565 36 41 13
-0.00355413 -6.84435e-05 0.0117304 60 36 18
-0.00427991 0.000254472 0.0110349 20 10 8
-0.00529775 0.000207369 0.009118 84 91 54
-0.00410953 -0.00098655 0.0108591 53 66 50
-0.00575031 0.00263559 0.0116205 78 34 26
-0.00542777 0.00256527 0.0109162 92 34 19
-0.00553148 -0.00216758 0.0108697 81 92 50
-0.00425678 0.00287624 0.0112578 71 30 26
-0.00466906 -0.00359074 0.0133927 154 160 108
-0.00469152 0.000747567 0.0104079 18 16 5
-0.00377891 -0.000515868 0.00992591 30 36 20
-0.00682719 -0.00218434 0.00977295 98 97 65
-0.00620635 0.00208588 0.00810954 155 142 128
-0.00533808 0.00147051 0.00999918 82 34 20
-0.00436242 0.000864787 0.0100345 38 41 22
-0.000257789 -0.000235266 0.0145632 150 165 118
-0.0105012 -0.000787952 0.0162227 134 128 66
-0.00580229 -0.00151345 0.00857676 108 113 62
-0.00200174 -0.00135467 0.00888266 86 85 62
-0.00246488 -0.00121879 0.00888944 80 82 54
-0.00520862 -0.00100156 0.0103203 74 84 38
-0.00320957 -0.00345318 0.0113119 155 162 111
-0.00376777 -0.000641994 0.00996698 75 74 41
-0.00499006 -0.00345137 0.0135746 154 158 106
-0.00519598 -0.00107129 0.0103121 70 82 37
-0.00757937 -0.000624189 0.0119812 146 142 78
-0.000672368 -0.000664293 0.0150933 150 165 118
-0.00125109 -0.00101572 0.0144416 144 160 113
-0.0140667 -0.0013066 0.0147999 152 149 93
-0.00771071 -0.00262979 0.00971499 151 152 98
-0.00749073 -0.000496651 0.0117371 146 142 78
-0.000344054 6.26119e-05 0.014944 144 161 114
-0.00235013 -0.00084181 0.0106794 144 157 110
-0.0051235 -0.00369595 0.0137633 152 157 106
-0.00258033 -0.000899282 0.008298 155 160 120
-0.00325062 -0.00070492 0.00984694 143 154 111
-0.0123856 -0.00093079 0.0157148 134 134 80
-0.00187989 -0.00137458 0.00888821 148 154 106
0.00114719 -0.00180376 0.0148697 154 162 110
-0.0022928 -0.0011115 0.00882178 154 161 110
0.00021763 -0.000121188 0.0160678 150 164 118
-0.00562226 0.00276242 0.0109936 70 26 17
-0.00945671 -0.000724776 0.0148605 145 140 78
-0.0141567 -0.00136519 0.0151041 152 151 96
-0.00237638 -0.00122441 0.00907605 82 81 62
0.00026208 -0.00150413 0.0153551 151 164 113
-0.000426997 -0.00139515 0.0138859 158 166 112
-0.0125115 -0.000978323 0.0157215 140 140 86
0.000216934 0.0006036 0.0154864 143 158 114
-0.00813012 -0.00174134 0.0124103 150 147 84
-0.00191585 -0.00163683 0.00919173 158 164 106
-0.0027421 -0.000413426 0.00729848 152 162 108
-0.00140213 -0.00200427 0.00849201 102 104 66
-0.00885125 -0.000634995 0.0133496 148 143 80
-0.00512123 -0.00247876 0.0113048 154 158 104
-0.00188113 -0.00133086 0.00916659 158 164 110
-0.00218586 -0.00339905 0.0117495 156 160 107
-0.000493184 -0.00122757 0.0150165 150 164 116
-0.00160402 0.00149534 0.0136364 155 152 140
-0.008604 -0.00204109 0.0122297 149 145 82
-0.0122117 -0.00117913 0.0156485 151 150 94
-0.00779109 0.00190682 0.00833214 165 153 142
-0.00889779 -0.00296658 0.0103885 152 150 94
0.00231239 -0.003221 0.0168142 160 164 110
-0.0142608 -0.00317573 0.0169932 156 156 104
-0.00524557 0.00344992 0.0100646 152 138 138
-0.00507934 -0.00354474 0.0112079 159 160 104
-0.013494 -0.00174183 0.015883 156 156 102
-0.00373609 0.00412446 0.0102643 158 147 145
-0.00694311 -0.00393338 0.0114892 156 158 100
-0.0171985 -0.0035466 0.0195394 156 154 101
-0.011083 -0.00301029 0.0136858 150 148 90
-0.0141763 -0.00193095 0.016068 156 154 101
-0.00257025 0.00318032 0.0095694 160 152 145
-0.00657 -0.00407628 0.0118325 156 157 101
-0.00450417 0.00481188 0.0123254 157 146 144
-0.0108944 -0.004395 0.0127818 153 151 96
-0.0047815 -0.00820615 0.0176452 154 158 102
-0.00444456 0.00163974 0.00983557 50 20 16
-0.00538945 -0.00177989 0.0108742 98 108 61
-0.00440579 0.000417878 0.0109323 30 30 24
-0.00403655 0.00243981 0.011014 66 34 31
-0.00432077 0.0014223 0.00984066 155 118 105
-0.00552215 0.00150286 0.00996653 66 40 24
-0.00561461 0.000168933 0.00882613 150 150 100
-0.00475788 -0.000437891 0.0090714 108 106 70
-0.0146544 -0.00108585 0.0149381 128 125 76
-0.00584602 -0.000786631 0.0101662 48 54 26
-0.00651806 -0.000950731 0.0111036 142 140 82
-0.0139913 -0.00111389 0.014778 142 142 91
-0.00758679 -0.000737809 0.0110025 148 144 82
-0.00785696 -0.00309952 0.00947283 101 102 58
-0.0137714 -0.00102823 0.0153597 130 130 82
0.000292039 0.000253209 0.015816 146 162 115
-0.00811779 -0.00292625 0.00982216 154 154 98
-0.00231321 -0.000993646 0.0101585 150 160 108
-0.00473248 0.00347641 0.0117096 116 83 76
-0.00694399 -0.000987906 0.0092274 150 150 92
-0.00433855 -0.00399731 0.01276 156 160 104
-0.00374171 -0.00342726 0.0111969 156 160 106
-0.00432871 -0.0040003 0.0121319 157 158 104
-0.0133568 -0.00224762 0.0156385 156 155 102
-0.0108923 -0.00113629 0.0152976 150 145 86
-0.0117086 -0.0015428 0.013838 154 153 98
-0.00747437 -0.00170479 0.00999381 148 145 83
0.00187526 -0.00187506 0.0147091 154 161 108
-0.00306432 -0.00391055 0.0111485 154 158 103
-0.0151942 -0.00196006 0.0173956 154 154 102
-0.00350593 0.00422755 0.0132106 155 144 142
-0.0116213 -0.00183845 0.0151834 152 150 93
-0.0037013 -0.00394611 0.0112551 156 160 104
-0.00388253 -0.00440809 0.0110461 153 157 101
-0.00469443 -0.00409767 0.010359 154 155 100
-0.00343969 0.000988373 0.0102122 124 78 54
-0.0031451 0.000486238 0.0111951 140 112 94
-0.00643843 -0.000347478 0.0108178 148 142 80
-0.00474891 0.00284956 0.0107534 90 34 24
-0.00397913 0.00110071 0.00938503 12 7 4
-0.00587142 0.000620534 0.0101311 14 7 4
-0.0045487 0.000152861 0.0104226 28 40 26
-0.00642836 3.41419e-05 0.010408 148 142 82
-0.00338176 0.00121775 0.0107974 120 92 84
-0.00450042 -1.98788e-05 0.0108087 16 26 14
-0.004661 0.00277843 0.0110539 96 62 58
-0.00543683 0.00103161 0.00962152 76 36 28
-0.00379469 0.00124231 0.00963483 96 68 57
-0.00485531 0.000215958 0.010337 68 71 56
-0.00480179 0.00084082 0.00994861 34 22 10
-0.00579058 0.00105652 0.00966215 82 58 32
-0.00749105 -0.000959922 0.0115521 152 148 88
-0.00655437 -0.000169683 0.0104106 152 141 84
-0.00479963 0.00104835 0.00959887 20 9 4
-0.00571265 0.00135332 0.0100432 86 36 20
-0.00429682 0.000712909 0.0104286 22 24 12
-0.00509828 0.00259491 0.0107058 86 60 54
-0.00420024 0.0028952 0.0112471 94 54 52
-0.00478316 0.00299624 0.0110906 90 37 28
-0.00387137 0.00135122 0.00942569 146 120 115
-0.00542732 -0.00253616 0.0112791 103 110 69
-0.00432433 -0.00015167 0.0123745 34 12 6
-0.00612995 0.000345566 0.00963139 52 56 31
-0.00334158 0.000932894 0.0104019 164 126 118
-0.00573633 0.00118496 0.00991327 168 116 82
-0.00451407 8.963e-05 0.0102579 38 46 34
-0.00379075 0.00239201 0.011517 74 35 28
-0.00357577 0.00162126 0.0109199 62 36 30
-0.00528177 0.00240114 0.0108466 72 28 18
-0.00372461 0.00217659 0.00852189 100 74 28
-0.00489633 0.000387847 0.0102656 98 94 80
-0.00532995 -1.77414e-06 0.0105172 80 76 44
-0.00474739 0.00181515 0.00991358 74 31 22
-0.00429713 0.000640815 0.0104283 28 30 17
-0.00563697 -0.00301526 0.0114173 97 104 61
-0.00686354 0.000624605 0.00845457 149 142 122
-0.00437762 -5.33005e-05 0.00919813 55 66 41
-0.00387315 0.000768253 0.0106844 16 8 6
-0.00621231 0.00198447 0.00771855 165 151 138
-0.0078197 0.00150453 0.00799602 168 156 141
-0.00513514 0.000140971 0.00963543 33 34 16
-0.00489247 0.00110909 0.0100576 22 8 4
-0.00611128 0.000422547 0.00911415 38 38 22
-0.00399244 0.000748429 0.0105811 15 8 5
-0.00394626 0.000844526 0.0107743 28 16 10
-0.00621667 0.00201069 0.00764785 165 151 139
-0.00582107 -0.000829855 0.0103362 44 49 22
-0.00554104 0.00179516 0.0104623 82 36 22
-0.00384125 0.00113624 0.00968057 34 13 8
-0.00396582 0.000850946 0.0103035 21 12 8
-0.0038119 0.00172745 0.0105758 61 34 30
-0.00555535 0.000455888 0.00888303 68 76 38
-0.00389804 0.00118138 0.00943561 30 12 4
-0.0052851 0.000786913 0.0096622 30 34 22
-0.00549979 -0.000539391 0.0101687 44 50 18
-0.00488995 0.000993234 0.00980976 31 18 11
-0.00381121 0.00196151 0.0108788 72 39 34
-0.00365494 0.00206196 0.0116095 28 13 10
-0.00531097 0.00232094 0.0106491 52 15 7
-0.00391515 0.00152895 0.00882933 32 34 14
-0.00458373 0.000281983 0.0111664 36 42 27
-0.00601739 0.000382289 0.00949435 51 55 26
-0.00490615 0.000980865 0.00974995 32 20 12
-0.00507447 0.00224258 0.0106912 85 43 33
-0.00604734 0.00165699 0.00785141 67 73 52
-0.00369316 0.00167003 0.010672 67 38 31
-0.00611684 0.000387732 0.00893735 50 49 28
-0.0047593 0.00195713 0.0100766 72 32 20
-0.00360693 0.00082103 0.010082 20 10 4
-0.00639731 0.000129968 0.0100904 78 74 33
-0.00574977 0.00113524 0.00815737 63 72 39
-0.00463318 0.000366615 0.0109965 42 49 31
-0.0049666 -0.00061087 0.00944254 74 74 46
-0.00575174 0.00148101 0.0079032 30 32 16
-0.00789418 0.00155538 0.00814039 168 154 142
-0.00404731 0.00111801 0.00928806 36 40 18
-0.00471508 0.00289007 0.0109588 82 32 24
-0.00384562 0.00185803 0.00884415 34 37 16
-0.00750697 -0.00274118 0.00993285 120 118 79
-0.00557345 0.00174077 0.0103169 76 32 22
-0.00386212 0.00129589 0.0092798 106 78 65
-0.00519131 -0.00072796 0.00930518 134 134 78
-0.00519362 0.000103568 0.0101163 29 28 8
-0.00504641 0.000897755 0.00957532 7 4 2
-0.00488148 0.0005179 0.0102043 49 50 35
-0.00535483 0.00104983 0.0096101 45 19 12
-0.00485673 0.000696299 0.0100595 26 30 18
-0.00371416 0.00203193 0.0111423 78 48 38
-0.00313284 0.00062584 0.0113496 132 107 84
-0.00560885 0.00120106 0.00803657 24 38 16
-0.00553205 0.000565074 0.00974808 14 6 2
-0.0046484 0.000964623 0.00998641 18 16 7
-0.00616864 0.00195198 0.00768655 164 151 140
-0.00613388 -0.00134541 0.0101532 50 57 25
-0.00534225 0.000210036 0.0103371 21 24 10
-0.00399661 0.000472183 0.010884 38 36 16
-0.00440419 -0.00025194 0.00905589 60 71 56
-0.00485382 0.00256517 0.0108181 95 40 24
-0.00479636 0.000990088 0.00979821 18 8 3
-0.00588188 -0.000925476 0.010139 46 50 26
-0.0035095 -0.00304997 0.0110793 36 54 22
-0.00409612 -0.00113207 0.0108334 59 72 40
-0.00413849 0.000980927 0.00978965 40 43 24
-0.0041556 0.000671989 0.0105467 24 24 13
-0.00371766 0.00152901 0.0107634 58 28 23
-0.00527037 0.000118957 0.0101023 26 30 14
-0.00383767 0.00116007 0.00930861 32 14 9
-0.00376941 0.00220129 0.0114065 58 26 20
-0.00790533 0.00158137 0.00810282 170 156 142
-0.00418976 -0.00119807 0.0108233 27 39 19
-0.00427271 0.00139011 0.00934265 42 38 18
-0.00524615 0.00256486 0.0107279 93 38 22
-0.00612289 -0.00112037 0.010136 50 52 26
-0.00604228 0.00167752 0.00779346 64 72 47
-0.00644695 0.000446057 0.0088944 35 36 18
-0.00484827 0.000750314 0.01009 22 24 14
-0.00557402 0.0015688 0.0101337 72 26 16
-0.00707834 0.000618706 0.00839636 48 50 32
-0.00417708 -0.000985263 0.0108767 34 47 24
-0.00375499 0.000109621 0.0112783 36 21 10
-0.00501272 0.000287666 0.0103387 96 90 68
-0.00732156 -0.00103194 0.0113014 80 78 41
-0.00534338 0.000329355 0.0100788 66 66 48
-0.00393028 0.000694297 0.0106627 12 7 4
-0.0058654 0.0015807 0.0079339 155 146 130
-0.00391244 0.00135597 0.00904781 37 38 12
-0.00415103 -0.000172074 0.0118144 76 42 24
-0.00754023 0.00106652 0.00818075 168 156 140
-0.00407486 0.000536774 0.0106232 34 34 16
-0.0053682 0.000384646 0.00994747 32 35 23
-0.00381089 0.0025319 0.0116444 72 34 26
-0.0054085 0.00217467 0.010583 90 42 26
-0.00566342 0.00162887 0.00795214 158 147 130
-0.00633462 -0.00114438 0.00989812 68 66 36
-0.00569317 0.000845484 0.00886218 80 67 44
-0.00642206 -5.52194e-05 0.0101426 148 143 79
-0.00576201 0.00146501 0.00816912 98 96 76
-0.00436973 0.00288274 0.0112364 76 32 28
0.000776964 -0.00150406 0.0134784 153 162 112
-0.00453218 0.00300201 0.010935 68 28 24
-0.00646299 -3.78543e-05 0.00956581 151 144 82
-0.00442328 0.000271912 0.0115913 13 6 3
-0.00386631 0.00146137 0.00891279 44 40 18
-0.00696036 0.000728602 0.00824788 166 154 138
-0.00261375 -0.000658121 0.0107141 143 158 114
-0.0037785 0.00189116 0.0109115 69 38 30
-0.00579706 0.00253233 0.0114661 86 32 18
-0.00443874 -0.000651745 0.0108711 42 48 26
-0.00375338 0.00229025 0.0111601 68 30 22
-0.0046476 0.000838931 0.0103294 27 28 16
-0.00382183 0.00169899 0.0105198 73 42 38
-0.00770017 0.00123602 0.00816729 168 156 140
-0.00434668 -0.000629923 0.0107829 40 49 24
-0.00427783 -0.0010627 0.0108459 30 42 18
-0.00287693 0.000888069 0.0112601 145 145 135
-0.00389837 0.00183851 0.00873597 31 33 14
-0.00586763 0.00130465 0.00813792 61 70 44
-0.003848 0.000620586 0.0106492 12 6 2
-0.00270413 -0.00108196 0.00927645 82 94 63
-0.0058335 0.00133714 0.008025 60 70 42
-0.00445043 0.00266322 0.0107492 78 34 28
-0.00655112 -0.00168671 0.0098745 43 46 24
-0.00458169 -0.000272616 0.00895323 60 64 50
-0.00456714 -0.000279744 0.00876426 61 62 47
-0.00339927 -0.0029729 0.0109381 156 157 107
-0.0042705 -0.00124444 0.0108011 44 54 24
-0.0035015 -0.000527922 0.00947351 49 57 44
-0.00348333 0.00256074 0.0125926 135 132 123
-0.00202026 -0.00124771 0.00865191 142 150 106
-0.00345319 0.00129563 0.0113937 56 32 21
-0.00660526 0.000331435 0.00887577 55 58 27
-0.00575919 0.00176877 0.00795975 161 149 134
-0.00565817 0.00119079 0.00824491 19 28 12
-0.0073766 -0.000578743 0.0114043 152 146 85
-0.00516225 0.00042421 0.0103179 34 36 24
-0.000762115 -0.000547743 0.016096 134 156 114
-0.00386808 0.00183915 0.0107467 67 38 32
-0.00661719 -0.00159014 0.00986358 38 40 20
-0.00264037 0.000600219 0.0130805 89 118 80
-0.00589533 0.00151242 0.00783747 62 70 46
-0.00568505 -0.00338539 0.011725 152 153 100
-0.00371374 -0.000903954 0.010579 65 70 47
-0.00692513 0.000592469 0.00832724 35 41 24
-0.00627454 -0.000930834 0.0103418 67 68 38
5.51096e-05 -0.000783765 0.0151092 147 162 117
-0.00745127 9.52723e-05 0.0100139 138 134 76
-0.0074179 -0.000537562 0.0107822 154 148 86
-0.00698605 0.000322584 0.00920635 65 68 44
-0.00393656 0.00296152 0.0125082 69 30 22
-0.00390055 0.00160746 0.00878331 30 34 12
-0.00166126 0.000870796 0.0117779 92 118 78
-0.00423892 -0.000652404 0.0107829 66 67 43
-0.0059174 0.00211236 0.00764929 161 149 136
-0.00605509 -0.00134209 0.00992993 68 75 36
-0.00690265 -0.00190246 0.00995531 42 44 22
-0.0068392 -0.000238282 0.0101201 151 146 82
-0.00101148 -0.000432357 0.0160574 131 154 114
-0.00316395 -0.00347884 0.0111376 160 163 110
-0.00428486 -0.000820042 0.010889 34 43 23
-0.00221294 0.000410327 0.0144423 106 137 97
-0.00586991 0.00181993 0.0081008 159 148 134
-0.00351736 -0.00310419 0.0110307 114 119 75
-0.00189646 -0.000317128 0.0159958 122 149 109
-0.00604048 0.00163159 0.0106573 73 32 20
-0.00512357 -0.00085505 0.00952269 76 76 44
-0.00667022 -0.00152596 0.00996832 66 64 32
-0.00664189 -6.66315e-05 0.009448 152 147 85
0.000137856 0.000848718 0.0183797 140 147 125
-0.0105039 -0.000690659 0.0133693 150 146 88
-0.00277201 0.000241303 0.0114154 124 150 110
-0.000505187 -0.000595062 0.0157194 145 162 114
-0.00137134 -0.00236734 0.0146625 138 154 106
-0.00328983 0.00172108 0.0116475 142 140 129
-0.00313297 0.00112511 0.0117085 146 146 134
-0.00127973 -0.00186729 0.015056 138 156 111
-0.00473485 -0.00371971 0.0131511 150 156 105
-0.00136281 -0.00177251 0.0153896 138 155 110
0.000120826 0.000690508 0.015758 126 146 104
-0.00299591 -0.000697697 0.00940655 148 160 112
0.000734651 0.000292902 0.0168684 144 160 115
-0.000415084 0.000623427 0.0160996 118 140 100
-0.00938549 -0.000305261 0.0112577 147 142 85
-0.00126528 -0.00211921 0.0150188 138 154 108
-0.00721551 -0.000129783 0.00986923 152 146 85
0.000204477 0.00048921 0.0161428 133 154 112
-0.00427239 0.00315226 0.0113581 78 54 49
-0.00615886 0.00158831 0.00795558 112 110 90
0.000755638 -0.000848959 0.0152457 158 169 118
-0.00272087 0.00114997 0.010872 146 146 136
-0.00412996 -0.003318 0.0111418 156 159 107
0.000834766 -0.00131236 0.0125298 152 161 110
-0.00123613 -0.000727288 0.0156189 134 156 112
-0.000275479 -0.00144035 0.014253 150 162 114
0.00048897 -0.000433426 0.0104675 164 170 118
-0.00501825 0.00342986 0.0107945 152 133 132
-0.00584022 -0.00211813 0.0102239 152 150 94
-0.0074291 -0.00294081 0.0101677 154 154 98
0.000307675 0.000266808 0.0163047 139 157 114
-0.00808623 -0.000166426 0.0107662 148 144 83
-0.00233843 0.00214125 0.0126686 148 145 136
-0.00602893 0.00267365 0.00753576 164 150 141
-0.00905024 -0.000621432 0.00851867 162 156 100
0.00078724 -0.000812867 0.0150516 162 171 120
-0.00405697 -0.00341604 0.0116363 156 162 108
-0.00179946 -0.00127214 0.00892613 152 159 107
-0.00327272 0.00166474 0.0119895 142 137 126
-0.00197373 -0.00183508 0.00837668 157 162 108
-0.00627608 -0.00275868 0.00974446 152 152 97
-0.00840167 -0.000148558 0.00876843 159 156 100
0.000819328 -0.000179693 0.0153562 156 167 119
-0.00743529 -0.00346626 0.00976774 156 155 100
-0.00816968 -0.00270473 0.00970432 156 154 99
-0.00435325 0.0035454 0.0118557 153 139 138
-0.00267028 0.00149547 0.0133368 146 145 136
-0.00825941 -0.00143874 0.00811915 162 156 101
-0.00819326 -0.000880727 0.0109738 154 148 87
-0.0056906 -0.00175291 0.0092029 152 150 93
-0.00670739 -0.00380381 0.0110269 154 155 100
-0.00444192 0.0038385 0.0108002 154 142 141
-0.00896564 -0.00190937 0.00820589 162 158 104
-0.00437022 0.00361613 0.010851 154 140 140
-0.00610756 0.00299052 0.00799723 162 146 140
-0.00885553 -0.00086459 0.0117444 154 148 90
-0.00404053 0.0042927 0.0121057 156 144 143
-0.00940456 -0.00186382 0.0122423 154 148 88
-0.00118123 -0.0021235 0.00838599 155 160 102
-0.00580487 0.00236935 0.00814578 159 145 135
-0.00993236 -0.00274954 0.0134039 154 150 94
-0.00181916 0.00236274 0.0132337 162 155 146
-0.00424064 0.00408701 0.0122891 154 142 142
-9.42973e-05 -0.00260046 0.0146224 158 164 112
-0.00542642 -0.0046396 0.0124234 154 156 105
-0.00755722 -0.00365186 0.00964 154 154 98
-0.00878447 -0.00538573 0.0119414 154 154 102
-0.00693257 -0.00543026 0.0136004 152 154 102
-0.00681796 -0.00533447 0.0132046 152 154 100
-0.00764514 -0.00360101 0.00932684 156 154 100
-0.0081965 -0.00469675 0.0109011 154 154 102
-0.00482887 0.000917936 0.0097016 24 14 8
-0.00387714 0.00186859 0.00851231 38 36 16
-0.00466542 0.00248891 0.010645 56 15 8
-0.00531324 0.00278591 0.0110813 104 45 28
-0.00498084 0.000905926 0.00953275 15 10 6
-0.00462651 0.00240122 0.0105548 60 20 14
-0.00355047 0.00115194 0.0100616 140 108 91
-0.00420073 -0.000430312 0.00770038 58 61 52
-0.00553162 0.00266642 0.0111664 84 27 16
-0.00406859 0.000969345 0.00970608 8 6 2
-0.00335783 0.00107086 0.010346 119 86 78
-0.00752967 -0.0027618 0.00987597 127 124 80
-0.00545406 0.000791093 0.00993925 29 33 22
-0.00379822 0.00198723 0.011121 68 38 31
-0.00437174 0.000177093 0.0114661 22 12 10
-0.0037996 0.00246058 0.0115695 74 36 29
-0.00554741 0.00037433 0.00887395 72 79 35
-0.00543372 0.00047564 0.00890432 40 48 31
-0.00448681 0.00305505 0.0111683 63 23 21
-0.00359049 0.0012641 0.0103639 117 90 80
-0.00338927 -0.00337158 0.0112552 95 108 60
-0.00516551 0.00259766 0.0107382 84 38 27
-0.00349679 0.000841729 0.0102149 95 62 47
-0.00457563 -0.000150213 0.00899889 56 64 49
-0.00158686 -0.0019481 0.00828007 155 160 104
-0.0033828 0.000659739 0.00996527 27 10 5
-0.0039872 -0.000549373 0.00739018 97 103 80
-0.00620874 -0.000693599 0.0104112 144 142 94
-0.00487205 0.00102324 0.0101355 22 12 8
-0.0036315 -0.000457433 0.00978844 94 102 72
-0.00484512 0.000379642 0.0104892 97 98 92
-0.00466862 0.00268305 0.0109256 73 28 22
-0.00485138 0.00235766 0.0104864 62 22 14
-0.00405554 -0.000141005 0.0116462 78 46 22
-0.00563769 0.00125322 0.00819821 36 46 26
-0.0055451 0.000334586 0.00904644 70 76 34
-0.00486571 0.00310739 0.0112736 84 36 28
-0.00456061 0.000243956 0.0111023 36 39 25
-0.00418045 0.000613335 0.0107201 27 28 14
-0.00553016 0.00031583 0.00892357 74 80 38
-0.00554251 -0.000601586 0.0100656 60 64 32
-0.00522997 0.000546427 0.0108799 32 36 22
-0.00566138 0.000696324 0.00997057 35 36 22
-0.00393995 -7.28232e-05 0.0114254 62 33 16
-0.00526782 0.00137352 0.00972478 86 40 18
-0.00537008 0.000552862 0.00990597 14 10 6
-0.00393369 0.00141229 0.00894782 33 38 11
-0.00445749 0.00132001 0.00937151 145 96 70
-0.0060795 0.000396039 0.00907358 33 38 22
-0.00207204 -0.00124704 0.00876388 148 158 110
-0.00272695 0.00063468 0.0120858 94 120 82
-0.0017363 -0.00166779 0.00843815 156 161 108
-0.00370522 -0.000421337 0.00986587 92 100 72
-0.00560936 -0.000463666 0.0103439 53 58 25
-0.00579478 0.000676251 0.010018 24 20 14
-0.005265 0.000564025 0.009853 16 14 6
-0.0043448 0.00117406 0.00941211 38 38 19
-0.0064197 -0.000398183 0.0110533 106 97 55
-0.00207894 -0.00131581 0.0087486 78 78 58
-0.00580016 0.00150571 0.00794498 32 36 20
-0.00277082 -0.00100601 0.00921594 96 102 66
-0.00469762 0.000617797 0.0104233 47 51 36
-0.00376863 0.00143089 0.0102304 65 32 26
-0.00372784 0.000863505 0.0102047 18 8 6
-0.00169366 -0.00163221 0.00843671 98 102 66
-0.00356406 0.0010333 0.0100901 128 81 57
-0.00352816 0.00170641 0.0117327 72 44 35
-0.00551739 0.00024858 0.00909398 77 83 42
-0.00312578 -0.000797268 0.00944634 87 95 68
-0.00167221 -0.00165737 0.00842583 102 109 73
-0.00419867 0.000774807 0.010305 16 16 8
-0.0056972 0.00125072 0.0080793 34 44 22
-0.0046545 0.000424131 0.0106118 46 52 35
-0.00382168 -0.000148541 0.011647 100 71 42
-0.00425562 -0.00031932 0.00849505 68 77 61
-0.00546215 0.000426687 0.00891471 62 70 36
-0.00662141 0.000525767 0.00868862 164 154 132
-0.00416944 0.00288682 0.011567 86 50 46
-0.00454457 0.00177181 0.00990536 69 28 21
-0.00601927 -0.000744283 0.00994196 48 52 25
-0.00280272 -3.45818e-05 0.0106709 138 107 86
-0.00379942 0.00207299 0.0109915 73 42 36
-0.00404272 0.00162438 0.00867196 48 44 24
-0.00565266 0.000620225 0.00991896 14 6 4
-0.00603385 -0.000831229 0.010125 42 46 23
-0.00365981 0.0018454 0.011083 52 26 18
-0.00437988 -0.000853137 0.0109495 38 47 24
-0.00272605 -0.00100643 0.00915337 110 121 83
-0.0017297 -0.00154901 0.0084672 49 56 31
-0.00390168 0.00104907 0.00987698 20 10 6
-0.00618629 0.000483951 0.00898302 106 98 72
-0.00387895 0.00135203 0.00922533 128 104 96
0.000243136 -0.000675632 0.0164818 145 161 118
-0.0116305 -0.000554058 0.0115077 142 138 84
-0.00371446 0.00201402 0.00856284 60 50 24
-0.00367973 -0.000553079 0.0099048 35 42 26
-0.00454651 -0.000369465 0.0108388 59 61 36
-0.00701757 0.000689657 0.0082067 53 54 36
-0.00586362 0.00143172 0.00811939 36 43 23
-0.00365383 0.00176651 0.0111412 70 40 30
-0.00614318 0.00180556 0.00767559 60 69 42
-0.0062709 -0.00125534 0.0100507 48 52 28
-0.00345488 0.000264609 0.0106403 38 36 18
-0.00377177 0.00115976 0.0100235 100 72 55
-0.00547256 0.00258752 0.0109874 91 36 24
-0.00605124 -0.00078803 0.0101698 42 48 24
-0.00482571 0.00260485 0.0108814 90 34 22
-0.00450313 0.00180229 0.0098626 55 21 16
-0.00295292 -0.00107796 0.00947654 40 47 24
-0.00556748 0.00230745 0.0109683 89 38 24
-3.77042e-05 -0.000954861 0.0159357 152 165 117
-0.00370329 0.00226849 0.0118492 74 36 27
-0.00708618 -0.000491869 0.0110216 152 145 86
-0.00179943 -0.00166563 0.00840301 158 164 112
-0.00307917 0.000427593 0.0114133 132 112 90
-0.00430432 6.69547e-05 0.0117513 19 8 4
-0.00324673 -0.00336933 0.0112957 157 160 108
-0.000822557 -0.000381908 0.0163162 130 152 112
-0.00637858 -0.00144449 0.00967866 47 50 28
-0.00571585 -0.000658211 0.0101504 44 52 22
-0.00422101 -0.000376203 0.00805823 63 72 59
-0.00302804 -0.000115192 0.0106047 38 38 9
-0.00626765 0.00227892 0.00777133 118 108 90
-0.00716978 0.00064736 0.00838061 44 49 32
-0.00298243 -0.000953004 0.00950409 108 116 85
-0.0071759 6.30343e-05 0.0101335 146 140 82
-0.00353085 0.00218812 0.0119507 78 52 37
-0.000128639 0.000821056 0.0160291 106 128 89
-0.00638918 0.000271211 0.00907944 72 72 38
-0.00612618 -0.000900487 0.00985838 47 50 28
-0.003643 0.00245024 0.0119379 76 42 28
-0.00395533 0.00323457 0.0125524 132 119 116
0.000292651 -0.00107355 0.0158069 154 166 118
-0.00112926 -4.41116e-05 0.0160295 124 152 112
-0.00170612 -0.00181689 0.00834471 158 164 108
-0.00316157 0.00110026 0.0113511 126 120 108
-0.00777023 -3.18403e-05 0.0103597 144 139 81
-0.00680595 0.000596202 0.00853832 128 124 104
-0.00752738 -0.000477213 0.0113729 153 147 86
-0.00207491 -0.000729924 0.0144695 136 160 116
-0.000694883 0.00073321 0.0146416 108 132 92
-0.00365551 -0.00370718 0.0116928 156 160 108
0.000506087 -0.000609223 0.0160033 151 164 118
-0.00266513 -0.000967076 0.00907725 144 156 109
-0.00233522 -0.00113383 0.00922722 146 157 109
-0.00470451 -0.00344024 0.0128811 148 155 104
-0.00216707 -0.00151823 0.00910249 146 152 104
-0.00106821 0.000772667 0.0145518 97 121 84
-0.00408986 0.00312062 0.0126178 82 51 44
-0.00730747 9.54547e-05 0.0100724 142 136 78
-0.000352869 0.000660848 0.015792 115 138 99
-0.00196687 -0.000560672 0.0151162 126 153 112
-0.000208622 0.00063177 0.0160675 120 143 104
-0.00204514 -0.00101939 0.0149221 134 156 113
-0.000443125 -0.00149988 0.0146862 154 164 116
-0.00184623 -0.00192201 0.015319 138 156 110
-0.0012541 -0.00211212 0.0144278 142 156 110
0.000165865 -0.00154394 0.0154335 147 160 114
-0.00245211 0.000228037 0.0117226 122 150 109
-0.00278792 -0.00073095 0.0093827 148 160 112
-0.00285147 -0.000869603 0.00923369 148 159 110
-0.00155075 0.000557145 0.014264 113 140 102
-0.00179467 -0.00176187 0.00847923 158 163 110
-0.00195905 -0.00107179 0.0144683 134 156 112
-0.00102354 -0.00024524 0.0155126 130 154 114
-0.0108501 -0.000619323 0.0130069 146 144 88
0.00124451 0.000714025 0.016339 148 160 112
-0.0010567 -0.000338558 0.0156846 130 154 114
-0.00726125 -0.0021233 0.00969447 154 150 95
-0.00177215 -0.0014513 0.0149196 134 154 111
-0.00771497 -0.000630743 0.0107413 154 148 88
-0.000681669 -0.00145287 0.0144961 153 164 115
-0.00767024 -0.000190363 0.010804 150 145 85
-0.00935427 -0.000550364 0.0126636 152 148 86
-0.00205467 -0.00196668 0.0141936 142 157 112
0.00141807 0.000868618 0.014124 158 168 117
-0.00113172 0.00057713 0.0148322 114 140 104
0.000897594 -0.00158932 0.0132868 152 160 110
-0.01128 -0.000736907 0.0125925 155 151 96
-0.00204798 0.000314621 0.0129115 118 148 108
0.000351011 0.000143965 0.0166038 140 159 114
-0.0016251 5.24705e-05 0.0138307 124 151 112
0.0010586 0.000512208 0.0168122 148 161 114
-0.00145297 -0.00202079 0.0149154 136 154 109
0.00229032 0.000620348 0.0186586 155 166 117
0.00128467 0.000618421 0.0163201 151 163 115
-0.0119128 -0.00127588 0.0148744 156 152 96
-0.000245998 7.78438e-05 0.020993 122 148 108
-0.00311658 0.00216695 0.0119242 142 140 132
-0.00595918 -0.00446199 0.0121751 154 154 102
-0.0060722 0.00133239 0.00796196 163 152 134
-0.00100935 0.000918485 0.015749 146 146 136
0.00147119 -0.000882267 0.0128302 164 170 118
-0.00198201 0.000894977 0.0158431 146 146 136
-0.00675346 -0.00150517 0.00940847 152 150 90
0.00110734 -0.000429703 0.0140012 164 172 121
0.00155326 0.000474264 0.0163198 160 171 121
-0.00621725 -0.00302446 0.0105399 153 152 98
-0.00716062 -0.0016754 0.00976784 152 148 90
0.000302374 -0.0016025 0.0117522 160 166 110
-0.00132035 0.00179428 0.0145747 156 152 142
-0.0109659 -0.00397868 0.0109118 160 156 100
-0.00635166 -0.00400659 0.0117998 154 154 100
-0.00607312 -0.00450687 0.0119295 153 156 104
-0.000636962 -0.00189167 0.0140062 156 164 112
-0.00122743 0.00168244 0.0143471 155 152 142
0.000355342 -0.00232073 0.0130926 158 165 111
-0.00574097 0.00386059 0.00898011 162 146 140
-0.00410987 -0.0037633 0.0109408 156 158 106
-0.00595901 -0.00457235 0.0120656 154 154 101
-0.00272336 0.00448663 0.0152274 160 151 148
-0.00116387 0.00301727 0.0127672 162 154 144
-0.00292792 0.00325099 0.0122973 158 150 142
-0.00254857 0.00293647 0.0132835 160 151 142
0.00143559 0.00443393 0.0189586 166 156 147
-0.00422043 0.00275519 0.0111599 64 31 26
-0.00370399 0.000825828 0.0103763 18 8 6
-0.00547061 0.000866393 0.00969609 7 4 2
-0.00341253 0.00120274 0.0103165 118 84 74
-0.00522112 2.61783e-05 0.00964187 69 70 34
-0.00541439 0.000144661 0.010197 26 28 12
-0.00435519 -0.000264419 0.0106126 44 50 33
-0.00525006 0.000194464 0.0100313 26 29 11
-0.00513738 -0.000230875 0.00964452 76 80 44
-0.00558068 0.0010721 0.00849527 54 48 27
-0.00525571 -0.000407917 0.00991918 46 53 20
-0.00578486 -0.00329691 0.0116596 94 97 74
-0.00601987 0.00114658 0.010272 170 118 87
-0.00416613 -0.000472869 0.00752774 58 64 56
-0.00507905 -0.000114982 0.00964476 70 69 33
-0.0033431 0.00107718 0.0113477 103 78 67
-0.00558607 -0.00027505 0.00982766 112 111 71
-0.0054136 -8.74265e-05 0.00960248 78 85 44
-0.00471638 -0.000145671 0.00913379 50 56 40
-0.00513862 0.000842869 0.00961533 8 7 6
-0.00341019 0.00110597 0.0102945 138 99 86
-0.00348988 0.000693656 0.010245 22 5 3
-0.00580703 0.00236057 0.0113443 64 20 12
-0.00371791 0.00211856 0.0113564 74 39 32
-0.00341916 0.00148367 0.0112644 78 52 37
-0.00506002 -0.000524239 0.00957773 70 69 34
-0.00278967 -0.000441457 0.010647 128 140 95
-0.00359205 0.00105095 0.0101411 134 96 74
-0.00594558 -0.00102909 0.0103759 46 53 26
-0.00779302 -0.00282242 0.0100577 65 63 32
-0.00531912 0.000403359 0.00989878 34 40 28
-0.00557027 0.00236048 0.0109053 68 22 14
-0.00567043 0.00156452 0.0101786 74 30 19
-0.00593679 0.00143995 0.00801426 58 65 40
-0.00583451 0.00203086 0.0110108 72 32 21
-0.00553028 0.00238442 0.0108579 71 23 14
-0.00630015 0.00198401 0.00772305 113 108 89
-0.00542018 0.00125533 0.00981901 146 97 66
-0.00470483 0.00175606 0.00998303 64 24 17
-0.00510894 0.000132544 0.00925176 38 40 15
-0.00428894 8.47215e-05 0.0114835 23 12 8
-0.00377284 0.00174802 0.011325 72 42 34
-0.00553077 0.00159949 0.0102053 74 28 16
-0.0033133 0.00101841 0.0111618 86 64 54
-0.00507939 0.00106454 0.0100183 22 12 8
-0.00598791 0.00166133 0.0109573 58 21 12
-0.00607252 -0.00139712 0.0102244 118 120 72
-0.00521149 0.00253089 0.0122456 70 24 16
-0.0055621 0.00136453 0.00805409 161 150 126
-0.00415387 0.000659337 0.0111117 16 12 6
-0.00378593 0.00214154 0.0115075 76 39 32
-0.00586727 0.00209351 0.011155 61 22 12
-0.00574327 0.00138329 0.00807058 29 38 18
-0.00431318 0.000585082 0.011055 24 26 13
-0.00432001 0.000800672 0.0101583 40 45 24
-0.00385327 0.00127859 0.00955057 128 105 98
-0.00621213 0.00203069 0.00760477 164 153 138
-0.00585897 -0.00147067 0.00858377 73 83 36
-0.00483901 -0.000100831 0.00988756 55 64 53
-0.00445334 0.00024685 0.0108917 16 8 6
-0.00334677 -0.000671258 0.00962228 108 116 80
-0.0033564 -0.000742479 0.00955576 44 52 35
-0.00231788 -0.00124823 0.00904131 124 128 87
-0.00565943 -0.000957344 0.00959752 44 52 26
-0.00600866 0.00164348 0.0108572 76 36 26
-0.00381901 0.00142081 0.00971333 60 26 20
-0.00555275 0.00115887 0.0082062 39 45 26
-0.00558432 0.00167728 0.0102208 78 32 20
-0.0037811 -0.000536814 0.00993867 32 41 26
-0.00628489 -0.00162304 0.0100905 98 102 55
-0.00603547 -0.000833409 0.0103671 42 46 21
-0.00408584 0.00049839 0.0108791 34 33 18
-0.00617245 -0.00150977 0.0102595 121 120 73
-0.00643145 0.000465618 0.00855603 49 50 30
-0.00597531 0.00123512 0.0103241 121 69 44
-0.00636117 -0.00136423 0.00990121 44 48 24
-0.00629434 -0.00147025 0.0100884 40 46 22
-0.00467424 0.000823483 0.0103249 29 28 16
-0.00719471 -0.0022759 0.00974443 48 48 28
-0.00461717 0.00253621 0.0109191 70 30 25
-0.00355338 0.00155706 0.0113086 64 40 34
-0.00182025 -0.00151532 0.00861177 92 97 65
-0.00596348 -7.70268e-06 0.00986295 114 112 64
-0.00375407 0.0019576 0.0110523 80 49 40
-0.00644982 -0.0015527 0.0100574 44 48 26
-0.00589387 0.00163146 0.00784783 159 148 132
-0.00450342 0.0029764 0.0111819 84 39 36
-0.00102293 -0.000645479 0.015485 138 158 116
-0.00431841 0.00213575 0.0102533 62 32 26
-0.00461139 0.00175965 0.0100829 60 24 18
-0.0068928 -0.000457721 0.0107853 122 103 60
-0.00597895 0.00131408 0.0103412 86 50 37
-0.00374521 0.0025289 0.0116149 86 56 49
-0.00478231 0.00279274 0.0108919 88 35 26
-0.0061311 0.00181736 0.00770251 110 108 85
-0.00457474 0.000712874 0.0105538 44 44 26
-0.0026113 -0.000212444 0.0108415 138 144 102
-0.00327504 -0.000925496 0.0102045 108 118 81
-0.00617599 -0.00137896 0.0101478 44 48 25
-0.00237936 -0.000722578 0.0130923 144 162 118
-0.00643248 -0.00142602 0.00986573 40 46 24
-0.00429076 -1.86555e-05 0.010163 34 38 26
-0.00530156 -0.000808207 0.00974642 150 148 97
-0.0037885 0.00275981 0.0125116 82 58 50
-0.00527412 -0.000323584 0.00980357 70 72 35
-0.00610709 -0.00143216 0.0101661 79 82 46
-0.00636191 -0.00152187 0.0100583 44 48 24
-0.00435979 0.000826109 0.0103415 42 44 24
-0.00594229 0.00199045 0.0112139 50 18 10
-0.0062371 -0.00103124 0.0102202 42 46 22
-0.00424643 -0.000352865 0.00811625 61 72 60
-0.00607789 -0.00101191 0.0102398 40 44 22
-0.00611944 -0.000999998 0.01012 42 46 22
-0.00556542 -0.000372176 0.00976213 49 54 22
-0.00242421 -0.00128518 0.00911543 68 70 48
-0.0062749 0.00215944 0.00729842 92 90 68
-0.00381458 0.00269892 0.0118542 59 25 18
-0.000821484 -0.000854217 0.0151981 142 160 116
-0.00169029 -0.00173766 0.00855104 132 136 86
-0.0062498 -0.00156732 0.0102578 102 106 62
-0.00516575 0.00237588 0.0105266 82 33 20
-0.00262588 -0.00123313 0.00921708 47 54 26
-0.00572295 0.00155301 0.00797356 108 104 84
-0.00624648 -0.00149125 0.0102563 46 56 29
-0.00394073 -0.000966975 0.0105292 153 159 110
-0.00586206 -0.00141334 0.00859649 67 76 26
-0.00249989 -0.0013144 0.00926815 75 75 54
-0.00526139 -0.0012394 0.0103209 65 71 44
-0.00540167 0.000154252 0.00924329 68 72 37
-0.00597149 -0.00155821 0.00853307 56 71 24
-0.0028437 -0.00114126 0.00933889 44 53 28
-0.00286868 0.000153784 0.0109824 143 140 110
-0.00453385 -0.000100912 0.00901267 52 62 48
-0.00405496 0.00303549 0.0115765 97 73 70
0.000481604 -0.000402921 0.0161884 156 168 122
-0.00262888 -0.000805941 0.0101873 146 160 111
0.000189687 0.00058834 0.0169682 126 148 104
-0.00592144 0.00168097 0.00790931 103 97 78
-0.00636878 -0.00163958 0.0100177 56 60 34
-0.00509281 -0.000607011 0.00864672 102 103 53
-0.00379502 -0.0013011 0.0103216 152 160 110
0.000223828 -0.00144487 0.014659 150 163 114
-0.00386205 -0.00212171 0.0102594 108 116 67
-0.00348819 -0.00200512 0.0106494 148 158 107
-0.00247331 -0.000474299 0.0108202 140 156 112
-0.0021078 -0.000558489 0.0150078 126 154 112
-0.00291509 -0.00124217 0.00948567 92 103 68
0.000488018 -0.000689886 0.0152524 154 166 118
-0.00579312 0.0025789 0.0111489 75 28 18
-0.00804246 -0.00292692 0.0100462 156 155 100
-6.47052e-05 -4.56023e-06 0.0164468 138 158 115
-0.00189334 -0.000813417 0.0139268 136 158 113
-0.00619619 0.001824 0.00754299 114 110 91
-0.00851023 -0.00105369 0.0122109 153 148 84
-0.00190981 -0.000815972 0.0136113 138 158 114
-0.00754573 -0.00229712 0.0097297 156 154 98
-0.00135229 -0.00167559 0.0154223 140 157 112
0.000566345 -9.31597e-05 0.0166889 148 164 119
-0.0061579 0.00208716 0.0114548 78 32 16
-0.000710072 -0.000302046 0.015069 136 158 114
-0.00345738 -0.00200491 0.0107798 148 158 108
-0.00132886 -0.00212673 0.0153207 140 156 111
-0.00703387 -0.00122295 0.0110866 152 149 88
-0.00374932 0.0028064 0.0125092 98 80 76
-0.000618646 0.000617287 0.0159995 116 140 98
-0.00269597 -0.000820879 0.00928168 144 158 108
-0.00375675 0.00295704 0.0124437 117 104 98
-0.00133657 -0.00163715 0.0155816 140 158 114
-0.00158633 -0.000314914 0.0145507 130 156 114
-0.00153872 -0.00220712 0.0146551 137 154 108
-0.00150333 -0.00165907 0.0160093 138 156 112
5.40193e-05 0.000410073 0.0161786 134 154 112
-0.00122376 -0.00187691 0.0150379 142 158 112
-0.00202086 -2.32733e-05 0.0143722 124 152 110
-0.000688665 -0.000261108 0.0155624 138 160 116
-0.000613186 0.000275968 0.0164222 130 152 110
-0.00748781 -0.0023335 0.00910759 156 154 98
-8.05423e-05 0.000353687 0.0158902 134 156 112
-0.00326843 0.00159374 0.0118215 116 106 92
-0.000480467 -0.00150116 0.0152122 152 164 114
-0.0126149 -0.00394938 0.01518 155 150 92
-0.00332258 0.00263271 0.0120747 138 135 128
-0.00261495 -0.00209586 0.00973414 157 163 110
-0.00393918 0.00377263 0.0121253 153 142 140
-0.0130423 -0.00409527 0.0158967 154 150 90
-0.00664683 0.00442087 0.0128182 157 140 138
0.00315273 0.00735193 0.0253284 162 151 144
0.00235726 0.00376344 0.0208493 168 160 149
-0.00429218 -0.000676009 0.00732028 111 120 77
-0.00366285 0.00030346 0.0112161 38 28 12
-0.00680613 -0.000864234 0.0109413 54 56 24
-0.00401086 0.00128748 0.00966879 38 40 15
-0.0064636 0.000230837 0.0101741 48 48 27
-0.00329498 0.000702065 0.0101052 144 102 86
-0.00389802 0.00204821 0.0104502 76 54 36
-0.00324431 0.000648404 0.0105642 108 76 68
-0.0049367 -7.3015e-05 0.00973961 38 41 28
-0.00481971 0.0009536 0.00973846 36 21 12
-0.00509259 6.21893e-05 0.0100777 90 84 64
-0.00448933 0.00247728 0.010665 68 32 30
-0.00375549 0.000219229 0.0113665 39 36 17
-0.00487493 -0.000223176 0.00945996 51 55 36
-0.0033662 0.00077559 0.0100338 150 102 81
-0.00446947 0.0010351 0.00976148 34 30 16
-0.00387957 0.00195338 0.0106401 100 74 67
-0.00516079 -0.000445181 0.00971891 105 99 58
-0.00440125 -0.00048575 0.00789966 64 62 50
-0.00464267 8.29338e-05 0.0101567 39 51 34
-0.00488272 0.000867621 0.010244 22 14 2
-0.00472002 -9.14104e-05 0.00916186 48 56 40
-0.00498651 -0.000525275 0.0096296 78 76 51
-0.00437187 0.00237112 0.0109215 64 28 22
-0.00526115 0.000711501 0.00943569 38 42 30
-0.00472582 0.00294544 0.0110639 86 35 26
-0.00449046 0.000587833 0.0108784 14 12 6
-0.00480331 0.000941283 0.0101811 16 8 6
-0.00503566 0.000958567 0.0096059 52 31 22
-0.00400351 0.00243381 0.0104751 78 47 30
-0.00418908 0.00238374 0.0105031 62 25 22
-0.00436377 0.00204019 0.0103895 75 41 36
-0.00337197 0.000610504 0.0101932 42 22 14
-0.00227804 -0.00122032 0.00890072 132 138 94
-0.00295226 -0.00026559 0.010753 122 138 96
-0.00361091 0.000434885 0.0107771 29 17 9
-0.00344725 0.000929207 0.0102371 138 92 64
-0.0044191 0.00182372 0.0102636 53 25 22
-0.00572256 -0.00304403 0.0114595 59 68 34
-0.00419826 0.00200122 0.0102516 74 46 36
-0.00623194 0.000278197 0.010066 53 56 26
-0.00453182 0.00218073 0.0104235 76 42 35
-0.00455802 -0.000632936 0.011258 61 66 36
-0.00457511 0.0024131 0.010843 47 22 20
-0.0043103 -2.59451e-05 0.0116532 26 10 6
-0.00323943 -0.00233143 0.010192 156 162 110
-0.00401891 0.00290284 0.0117591 88 47 34
-0.00429904 0.00221177 0.010384 58 28 26
-0.00565039 -0.00234182 0.011059 52 67 30
-0.00340678 -0.00307783 0.0108031 38 56 18
-0.0050935 -0.00032506 0.00986731 114 110 75
-0.00602631 -0.000522673 0.0105887 68 68 28
-0.00350875 0.00161982 0.0115993 58 36 27
-0.0050827 3.01165e-05 0.009469 69 70 32
-0.00430049 -0.000642487 0.00736981 94 94 62
-0.00233537 -0.00133774 0.00910231 81 80 62
-0.00560465 -0.000539118 0.0103774 54 58 26
-0.00401997 0.0013325 0.00956115 32 39 14
-0.00286921 8.81205e-05 0.0103689 142 104 80
-0.00437451 0.00159536 0.00998204 34 12 8
-0.00337454 0.000853227 0.0102526 146 101 86
-0.00492257 -0.000586974 0.00936696 78 76 48
-0.00487151 0.00153409 0.00982667 56 21 16
-0.00360466 0.00201768 0.0117521 59 36 26
-0.00426337 -0.000331614 0.00835868 72 84 69
-0.00576476 0.00117912 0.00820769 60 66 38
-0.00693004 -0.000906935 0.0108508 52 52 20
-0.00384137 0.00273004 0.0118645 65 28 20
-0.00431481 0.00150406 0.00981308 68 36 25
-0.00424271 0.00193796 0.0102888 67 38 30
-0.00479746 8.9722e-06 0.0101673 90 92 86
-0.0051634 -0.000451268 0.00961095 86 84 41
-0.00581811 0.00154432 0.00788804 136 131 112
-0.00401286 -0.000740494 0.0106534 56 59 38
-0.00383229 0.00210179 0.0108141 64 34 28
-0.0057086 0.00122852 0.0081668 26 39 18
-0.00597466 0.00117452 0.00921928 156 148 123
-0.00459173 -3.64968e-05 0.0103015 42 50 32
-0.0061845 -0.00109506 0.0100548 42 47 24
-0.00406901 -0.000422894 0.00727212 65 70 63
-0.00375568 0.000991664 0.00993401 36 18 12
-0.00473067 -6.13412e-05 0.00958677 64 70 60
-0.00279107 -0.00116734 0.00930712 45 52 29
-0.00477433 0.00281609 0.0112879 82 32 28
-0.00463151 -0.00041671 0.0086325 60 61 44
-0.00604456 0.00194207 0.0113972 74 38 26
-0.00420547 -0.000403073 0.00814489 66 76 66
-0.00552029 -0.00185897 0.0109797 64 76 33
-0.00346851 0.000634163 0.0101133 15 5 3
-0.00608419 0.00030768 0.00914347 44 48 28
-0.00350093 0.001805 0.0117029 74 49 36
-0.00298175 -0.00266633 0.0102469 158 164 112
-0.00367283 -0.000727914 0.00986542 56 58 33
-0.005595 -0.000872185 0.0104294 76 81 42
-0.00562132 -0.00243935 0.01095 54 66 30
-0.00552742 -0.00214604 0.0107845 52 66 29
-0.0042407 0.00195129 0.010072 64 33 28
-0.00354532 0.000412806 0.0108981 18 6 4
-0.00341824 -0.000759391 0.00960886 40 48 30
-0.00559981 -0.00268529 0.0109905 69 76 42
-0.0062644 0.000348856 0.00886175 34 37 14
-0.00236511 0.00019945 0.0169196 108 138 101
-0.00422837 0.00300723 0.011432 108 76 76
-0.00508095 0.000440656 0.0103195 34 41 26
-0.00327056 0.000548529 0.0101766 147 102 79
-0.00553067 -0.00246523 0.010944 66 76 42
-0.00571867 -0.000561033 0.0099457 44 48 21
-0.00333406 -0.00333411 0.0111342 152 160 107
-0.00407037 0.00121756 0.010021 42 42 19
-0.00432105 -0.000514407 0.0105221 60 64 38
-0.00710251 -0.000764283 0.01148 150 137 85
-0.00363536 0.00186011 0.0112092 68 39 32
-0.0049627 -0.000578858 0.00944886 86 84 50
-0.00572917 -0.000883618 0.0106647 45 54 20
-0.00391129 0.00201084 0.0104414 84 66 44
-0.00570317 0.00153038 0.0101589 60 22 12
-0.00429728 -0.000658669 0.0110379 68 70 44
-0.00412154 -0.000950525 0.0107717 56 68 38
-0.00435713 -0.000871982 0.0108491 36 44 20
0.00120131 0.000988127 0.0162728 138 146 98
-0.0053971 -0.00173684 0.0104754 64 76 33
-0.0023484 -0.00126576 0.00923618 156 164 116
-0.00585488 -0.00103678 0.0100463 40 48 22
-0.00190565 -0.00144731 0.00882646 84 82 55
-0.00564577 0.00188718 0.00767263 160 148 134
-0.00565809 0.00121888 0.00824531 31 40 22
-0.00436795 0.00144352 0.00992385 104 74 68
-0.00338417 0.00143572 0.011398 76 50 35
-0.00568015 -0.000986233 0.0104651 78 82 38
-0.00220599 -0.00122399 0.0162332 146 164 120
-0.0059597 -0.00084669 0.00991681 40 46 24
-0.0038426 -0.000640491 0.0100456 58 58 38
-0.00434799 -0.000468048 0.00771698 64 60 48
-0.00416639 -0.000744122 0.0105483 38 48 26
-0.00590036 0.00185638 0.0109197 55 24 16
-0.00550309 -0.00256066 0.0108374 54 67 31
-0.00240509 -0.000191322 0.0150897 124 152 110
-0.00643348 -0.00184748 0.00950049 150 149 92
-0.00583875 0.00179386 0.010649 72 36 26
-0.00627312 -0.00160077 0.00995177 76 80 43
-0.00559427 0.0020256 0.0105197 80 36 25
-0.00287092 -0.000276146 0.0106181 130 136 97
-0.00255371 -0.00111025 0.00913885 154 160 112
-0.00636468 -0.00168303 0.0099642 68 70 33
-0.0059345 0.00153004 0.00801305 110 107 86
-0.00265215 -0.00103819 0.00905585 113 122 79
-0.00357377 0.00189333 0.0114973 85 68 64
-0.00582192 -0.000806003 0.00998832 46 51 24
-0.00558137 -0.00213739 0.0111531 56 68 28
-0.00596161 -0.000968616 0.00991728 42 46 24
-0.00230462 -0.00131089 0.00904715 84 84 62
-0.00249889 0.000106635 0.0160748 114 144 104
-0.00586567 0.00188951 0.00786739 98 96 74
-0.00440931 -0.000499059 0.00771197 68 64 46
-0.00561716 -0.00234516 0.010944 54 66 31
-0.00350912 -0.000742991 0.00968104 38 45 26
-0.00415852 0.00141217 0.0095335 33 36 16
-0.00484349 -0.000642114 0.00906609 77 74 46
-0.00606486 -0.00336312 0.0116834 150 150 98
-0.000507103 -0.000797222 0.0154689 148 164 118
-0.00109023 -0.00256256 0.0142616 153 162 110
-0.00526824 -0.00146371 0.0103368 75 80 42
-0.00443024 -0.000651058 0.0105615 128 135 92
-0.00132716 -0.00172692 0.0147021 142 158 114
-0.00419068 -0.000402534 0.01028 53 57 37
-0.00255983 -0.0010951 0.00900306 106 110 74
-0.00343269 -0.000744675 0.00977789 37 46 29
-0.00372561 0.00270593 0.0113532 57 26 19
0.0014916 0.000852332 0.0165496 144 157 108
-0.00224949 -0.000478791 0.0162175 126 154 112
-0.00551167 -0.0020525 0.010776 54 67 28
-0.00165023 -0.00200987 0.0143652 139 156 110
0.00166275 0.000949895 0.0172695 141 150 105
-9.71973e-05 -7.46973e-05 0.0167855 137 157 113
-0.00249047 -0.00141522 0.0092137 116 116 78
-0.00116402 -0.00232787 0.0144106 146 158 110
-0.00348174 0.00259419 0.0122929 136 134 126
-0.00240091 -0.000991763 0.0106061 142 158 112
-0.00370248 0.0029501 0.0114802 127 117 114
0.00139032 0.000759377 0.0165832 148 160 110
-0.00227822 0.000265433 0.0156613 112 143 104
-0.00245107 -0.00118137 0.00915909 154 160 116
-0.00167062 -0.00120376 0.0161223 136 156 114
-0.000595385 0.000639898 0.0165311 112 134 93
-0.00560238 -0.00171711 0.0108348 140 142 96
-0.00115552 -0.00250614 0.0135016 154 163 110
-0.0032143 -0.00208777 0.0100685 158 162 109
-0.0050526 0.00193837 0.00822903 90 45 29
-0.01536 -0.00177187 0.0165454 154 149 90
-0.00437805 0.0032915 0.0114379 136 116 117
-0.00337409 0.00209241 0.0118428 142 139 130
-0.00309334 -0.00237527 0.0105709 156 162 109
-0.00223117 -0.00100357 0.00927913 153 164 112
-0.00141805 -0.00149704 0.0188059 136 158 114
-0.00149924 -0.000930309 0.0168429 133 156 114
-0.00897049 -0.00226448 0.0135582 152 148 88
-0.00106883 -0.00252654 0.0146198 147 158 107
-0.0054725 -0.00130398 0.00810173 154 152 94
-0.00578563 0.00340612 0.012158 145 124 122
-0.0129744 -0.00461683 0.0161011 154 149 92
-0.00149891 0.000277392 0.015464 126 150 110
-0.00721172 -3.48533e-05 0.00915043 153 148 86
-0.00639676 0.00294169 0.0125776 140 122 110
-0.0221288 -0.00585171 0.0254706 155 150 93
-0.00125501 0.000145217 0.0180629 122 148 107
0.00134229 -0.000581702 0.016681 164 173 121
-0.0195325 -0.00382199 0.0210923 158 152 94
-0.00174018 -0.00134893 0.00874839 158 165 111
-0.0127774 -0.00509169 0.0161948 158 152 97
-0.00746608 -0.000604741 0.00943311 152 147 87
0.00184855 0.00164053 0.0185329 168 162 147
-0.00688133 0.00158427 0.00816896 166 154 138
-0.0131717 -0.00231724 0.0152394 158 153 98
-0.014555 -0.00419373 0.0186645 156 152 96
0.00110854 0.00193118 0.0152276 169 162 147
-0.00133792 0.00170036 0.014615 155 152 140
-0.00564705 0.00249569 0.00779708 158 144 134
0.00048713 0.00206739 0.0139084 169 163 150
0.00157083 0.00488251 0.0174511 164 154 145
0.00750745 0.00796045 0.0352508 165 155 146
-0.00354092 0.00135802 0.0102314 70 42 34
-0.00399607 0.00175078 0.00899054 54 41 26
-0.00578787 0.000911585 0.00967422 40 34 18
-0.00451541 -0.000115605 0.0113077 22 32 19
-0.0034648 0.00140005 0.0109007 65 40 34
-0.00585643 0.000816346 0.00994633 38 36 18
-0.00634757 -0.000545906 0.0107716 44 41 21
-0.00589644 0.00111459 0.00980199 152 104 77
-0.00372089 0.00198577 0.00864589 52 50 20
-0.00352841 0.00145747 0.010552 69 41 34
-0.00384027 0.000499298 0.0105955 32 32 14
-0.00462808 0.000509929 0.0109101 55 58 42
-0.00514111 2.07889e-07 0.00933067 74 84 48
-0.00528211 -0.000160181 0.00994561 80 84 50
-0.00733253 -0.000910199 0.0114739 152 148 88
-0.00398217 0.000204303 0.0112155 20 8 4
-0.0054216 0.000640156 0.00867879 39 46 29
-0.00423759 0.000528272 0.0110984 31 34 18
-0.0042038 0.00217541 0.0103869 42 19 14
-0.00424805 -0.00056871 0.0111992 40 44 26
-0.00349588 -0.00214319 0.0103882 152 160 106
-0.00415768 -0.000306678 0.0122137 136 98 59
-0.00657949 0.00019063 0.0100082 30 34 20
-0.00618106 0.00044235 0.00898964 63 50 35
-0.00594416 0.000985972 0.00989907 80 61 36
-0.00511406 0.00233535 0.0105921 80 34 24
-0.00409 0.000193261 0.0113199 18 7 5
-0.00328254 0.000100998 0.0108028 46 49 20
-0.00313811 -0.00266665 0.0105398 96 107 62
-0.00572532 0.00079471 0.00974073 38 36 20
-0.00604816 -0.000349584 0.0109577 44 48 22
-0.00425604 0.00212415 0.010179 74 41 34
-0.00588373 0.000413774 0.00945156 56 64 29
-0.00390797 0.000746203 0.010646 16 8 4
-0.00271984 -0.000152013 0.0108842 126 96 67
-0.00430424 0.00187369 0.00980935 80 48 42
-0.00627388 -0.00151889 0.0101191 45 48 25
-0.00427219 0.000213719 0.0116666 16 8 6
-0.00404024 0.00040385 0.0108971 47 44 28
-0.00342887 -6.39395e-05 0.0113428 66 54 29
-0.0050576 9.85556e-05 0.0103237 96 90 73
-0.00359942 0.000700684 0.0102738 12 4 2
-0.00619977 -0.000275522 0.0111853 120 115 68
-0.00496119 0.00222898 0.0105811 88 46 33
-0.00521661 -0.00206633 0.0108171 62 80 34
-0.00521619 -0.000151498 0.00967738 89 94 56
-0.00422463 0.00251329 0.0109769 70 32 28
-0.00389688 0.000991712 0.00971572 24 12 6
-0.00400816 0.000967667 0.00967851 22 17 8
-0.0045397 0.000643058 0.0108306 43 44 28
-0.00361523 0.0011045 0.00997349 103 73 47
-0.00323325 -0.00253243 0.0104064 60 72 28
-0.00588393 0.000368504 0.00941816 47 57 28
-0.00531004 0.00053225 0.00972813 22 22 16
-0.00415096 -7.83903e-05 0.0114439 56 20 10
-0.00392941 0.00010547 0.0115267 26 10 7
-0.00517376 0.000371271 0.0103197 46 49 34
-0.00401057 -0.00152456 0.0105808 34 46 21
-0.00341574 -0.00326863 0.0107962 156 160 104
-0.00309772 0.000163326 0.0101441 65 58 30
-0.00575054 0.00142934 0.0084034 160 150 126
-0.00630477 0.000734534 0.0102115 60 68 30
-0.00593901 0.00208687 0.00728673 160 149 139
-0.00511187 0.000720484 0.00947498 34 44 30
-0.00331019 0.00016719 0.0111022 52 46 22
-0.00714175 -0.000572266 0.0108965 152 148 86
-0.00422613 0.000452081 0.0110352 12 8 2
-0.00276987 -0.00114395 0.00914453 48 56 30
-0.00382365 0.00159192 0.00872177 34 34 15
-0.00328129 8.85633e-05 0.0106979 43 45 18
-0.00343218 0.00137728 0.0109961 66 40 34
-0.00373435 -0.000714503 0.010851 50 60 45
-0.00547055 0.000376734 0.0101469 36 40 29
-0.00442477 -0.000156281 0.0105848 52 58 40
-0.00482559 -0.000156276 0.00931336 50 54 35
-0.00546415 -0.000106855 0.0101014 80 88 50
-0.00460061 -0.000194444 0.00892696 57 64 49
-0.00394806 -0.000424299 0.0124587 155 168 118
-0.0042442 -0.000449384 0.0119002 159 167 118
-0.00641913 0.000315562 0.00888741 56 58 28
-0.00596855 0.00193404 0.00796398 49 51 26
-0.00551296 0.00211845 0.0105938 62 28 16
-0.00407968 0.000394604 0.0108856 17 10 4
-0.00428712 0.000638104 0.0105622 31 32 14
-0.00539259 -0.000570428 0.010137 50 58 25
-0.00439952 0.000436737 0.0110609 10 6 3
-0.00348351 -0.00265924 0.0106263 70 78 36
-0.00321456 -0.00338144 0.011002 160 162 107
-0.0033249 -0.00108329 0.0101354 73 76 41
-0.00456462 4.21354e-05 0.0110356 22 35 24
-0.00421511 0.00301213 0.0115674 92 56 56
-0.000622223 -0.000909283 0.0165626 146 164 120
-0.00343618 0.000904143 0.0100326 160 112 92
-0.0058531 0.00134354 0.00824375 54 66 40
-0.00327069 6.21738e-06 0.0105905 84 98 60
-0.00573673 0.00181654 0.00804594 156 145 127
-0.00586317 0.0015267 0.00824635 31 39 18
-0.00307738 -0.000810688 0.00937835 64 72 48
-0.0062236 0.0018471 0.00796718 60 66 38
-0.00359082 -0.00115917 0.0110214 76 77 43
-0.0016061 -0.00235476 0.0142308 150 161 113
-0.00306727 -0.00268724 0.0103166 64 76 32
-0.00452614 -0.000117648 0.00915154 52 64 53
-0.00380775 0.00171434 0.00860631 35 38 16
-0.00557054 -0.00118469 0.00891318 84 92 43
-0.00740968 -0.00244975 0.00959521 130 128 84
-0.00569765 -0.00101328 0.0102726 68 74 35
-0.00289811 -0.000981355 0.0091465 41 49 32
-0.00578242 0.00158725 0.00821491 160 150 130
-0.00312845 -0.00227615 0.00994434 157 163 110
-0.0030938 -0.000550548 0.0103173 152 164 116
-0.00560989 -0.00122859 0.00881769 80 85 37
0.000341812 -0.000131284 0.0151435 161 172 122
-0.0055627 0.00272488 0.0109714 82 28 20
-0.00141952 -0.00114562 0.0145534 144 160 116
-0.00197858 -4.16743e-05 0.0137068 130 156 114
-0.00332702 -0.00084676 0.0109461 154 166 114
-0.00148293 -0.00221115 0.0146906 142 157 110
-0.00582251 0.00251977 0.0114059 86 32 20
-0.00345763 -0.000901957 0.0111452 155 166 114
-0.000446063 -0.000315243 0.016119 142 160 118
-0.00256149 -0.0020104 0.00953789 158 164 110
-0.00345518 -0.00276639 0.0141133 149 159 108
-0.00772995 -0.000839292 0.0108698 154 150 88
-0.0017717 -0.00151742 0.0092354 158 164 110
-0.00387811 0.00334036 0.0126423 150 140 138
-0.0023279 -0.00134151 0.0100587 156 164 112
-0.00332367 0.00261201 0.0109233 140 135 128
0.00245982 -0.00327374 0.018897 156 166 112
-0.0085574 -0.00299926 0.0107414 156 156 102
0.000506274 -0.00132794 0.0148718 160 169 116
-0.0084898 -0.00154552 0.0119664 153 147 85
-0.014665 -0.00174269 0.0178315 154 152 98
-0.0106169 -0.00124451 0.0148621 152 148 88
0.00197162 -0.00317399 0.0180665 162 168 114
-0.00286547 -0.00308203 0.0132903 158 164 111
-0.0021159 0.00174896 0.0113363 153 151 139
-0.00853264 -0.00131411 0.0117503 154 148 86
-0.00622241 0.00250009 0.00702443 163 150 140
-0.00178642 0.00143059 0.0147946 152 150 138
0.00841412 -0.00895809 0.0313045 161 165 110
-0.0150381 -0.00478092 0.0171663 156 154 102
0.00667911 -0.00616432 0.0270875 158 164 109
-0.00236304 0.00208073 0.0100864 158 154 143
-0.00640783 0.00344035 0.012774 148 130 130
-0.00323639 0.00316741 0.01214 158 148 142
0.00485261 0.00804499 0.0284 162 152 144
-0.00480024 0.00465012 0.0136959 156 144 144
-0.0139169 0.00481148 0.0156854 170 155 145
0.00327032 0.00550485 0.0284727 166 158 148
-0.00168348 0.0027489 0.0129304 166 157 147
0.00500232 0.00485589 0.0257272 166 158 148
0.00539954 0.00858793 0.0294723 162 152 142
-0.0186014 0.0065764 0.0236316 170 153 145
-0.00707732 -0.00950594 0.0210017 158 160 102
-0.00580983 -0.00339982 0.0115879 76 80 46
-0.00335271 -0.00342641 0.0111391 102 114 68
-0.0053665 -0.000253397 0.0098418 90 92 52
-0.00377249 0.000483428 0.0107163 28 28 13
-0.00183514 -0.00157754 0.00858244 158 162 108
-0.00530966 0.00102383 0.00952971 14 8 2
-0.00169341 -0.00165376 0.00855398 120 124 78
-0.00409122 0.000258644 0.0113872 16 6 3
-0.00441726 0.00271424 0.0110901 90 54 50
-0.00556824 0.00212046 0.0106383 80 36 26
-0.00520713 0.000786804 0.00962246 42 49 34
-0.00214293 -0.00131099 0.00884374 82 79 58
-0.00551146 0.00110819 0.0096985 90 54 42
-0.00508033 0.000667786 0.0102012 30 38 26
-0.00430621 0.00166308 0.00975416 63 34 28
-0.00160439 -0.00185068 0.00845147 157 160 102
-0.00561819 0.00148997 0.0100865 64 26 16
-0.00545769 0.00135504 0.00991227 118 65 42
-0.00607304 0.00218398 0.00775181 77 74 50
-0.00322226 -0.000276533 0.0103063 146 162 116
-0.00212154 -0.00128575 0.0089273 124 130 94
-0.00511665 0.000632487 0.00984733 40 47 33
4.7903e-05 -0.00111406 0.014689 156 166 114
-0.00705388 -0.000503776 0.0110415 149 143 82
-0.00453732 -0.000128578 0.0096287 62 70 52
-0.00666163 5.84601e-05 0.0100486 142 132 76
-0.00643044 0.00202673 0.00762984 160 148 136
0.00036938 -0.00055156 0.0160187 154 167 118
-0.00741372 -0.000256374 0.0107221 148 143 80
-0.00353758 -0.0033509 0.0112883 158 160 104
-0.00765765 -0.00029903 0.011261 149 144 80
0.000966968 -0.00161894 0.0141975 156 164 114
-0.00191857 -0.00142868 0.00869991 108 107 70
-0.00735085 -0.00230895 0.00970804 150 149 93
0.00138945 -0.00136373 0.0160055 165 172 116
0.000870781 -0.00199015 0.0147995 154 163 111
-0.00495032 -0.000694118 0.0073404 112 119 69
0.00109911 -0.00202748 0.0141097 156 164 110
0.000652337 0.000444248 0.015944 151 165 118
-0.0065542 0.00257551 0.00786661 162 150 142
0.000364546 -0.00173934 0.014097 156 164 112
-0.012785 -0.00168586 0.0141331 158 155 101
-0.0121182 -0.00201567 0.0153909 155 152 97
-0.014227 -0.000515799 0.0145473 168 156 135
-0.0125751 -0.00212799 0.0149264 158 155 100
-0.0114556 -0.00128344 0.0149095 153 150 91
-0.00525792 0.00387983 0.0108237 154 140 140
-0.0140915 -0.00278592 0.0146348 156 154 98
-0.00698502 -0.00295774 0.00998305 156 156 100
-0.0125127 -0.00158241 0.0154733 155 154 98
-0.00625194 0.00294941 0.00773548 162 150 143
-0.0012487 -0.00132809 0.0100631 160 166 108
-0.000717278 -0.0014794 0.0114977 160 167 114
-0.0129547 -0.00205003 0.0151129 158 156 102
-0.0115009 -0.00348277 0.0132295 154 150 94
-0.0120681 -0.00212377 0.0152208 155 153 98
-0.00685608 0.00158202 0.00785087 164 154 138
-0.00295182 -0.00270337 0.0103184 112 120 76
-0.00537586 0.00105738 0.00921397 72 36 22
-0.0052261 0.00309334 0.0113495 92 39 26
-0.0055519 -0.000408108 0.0105285 118 124 78
-0.00280835 -0.000176184 0.0105783 57 59 26
-0.0022597 -0.00118927 0.00907254 156 164 110
-0.00200753 -0.0015169 0.00888631 126 134 82
-0.00507034 0.00357562 0.0112998 152 136 136
-0.0142466 -0.00109629 0.015438 131 129 78
-0.0043425 -0.00403628 0.013096 158 160 106
-0.00525999 0.00330129 0.0111841 133 100 92
-0.0141251 -0.00144252 0.0148099 158 154 100
-0.00815346 -0.00062472 0.0108487 150 145 84
-0.00535748 0.00351189 0.0106048 151 136 136
-0.00780441 -0.00161353 0.0105943 151 147 86
-0.00767365 -0.00147199 0.010048 151 146 88
-0.00540462 0.00393904 0.010795 155 141 140
-0.00740768 -0.00140794 0.00924508 151 149 90
-0.0111781 -0.00225148 0.0150435 154 150 93
-0.00470038 1.21721e-05 0.00999398 70 76 63
-0.00393141 0.00230488 0.0106134 55 24 21
-0.00397245 0.00224864 0.0102956 50 22 18
-0.00452036 0.00277462 0.0108763 66 22 18
-0.00465243 -3.7907e-05 0.0100164 70 74 54
-0.0037437 0.00126957 0.00993534 151 130 125
-0.00477218 8.04826e-06 0.00965259 41 44 30
-0.00376028 0.00107325 0.00987107 59 35 24
-0.00604605 0.00120908 0.0104361 144 94 62
-0.00398592 0.000504802 0.0111942 26 24 12
-0.00341973 0.00108677 0.0100996 147 106 86
-0.00510694 0.00252768 0.0106434 78 31 23
-0.00563893 -0.00263203 0.0110819 64 72 38
-0.00383929 0.00194395 0.0104774 58 28 24
-0.00502625 0.00300357 0.0112712 90 33 22
-0.00334221 0.00100342 0.0102733 138 106 98
-0.00515364 0.000345987 0.0101204 74 73 45
-0.00590765 -0.000465554 0.0106839 59 61 28
-0.00532721 0.00126893 0.00957043 125 78 47
-0.00360664 0.00121081 0.0101962 150 121 107
-0.00455188 0.00263844 0.0106522 70 28 20
-0.0038143 0.00126742 0.00947808 126 96 83
-0.00461569 -0.000207104 0.0118439 30 14 8
-0.00327651 0.000426961 0.0111022 150 118 110
-0.00451572 4.07317e-05 0.0105356 22 32 21
-0.00278882 -0.000183841 0.0106791 82 66 37
-0.00384583 0.00245172 0.0115728 70 32 25
-0.00558217 0.000235246 0.00989237 64 51 24
-0.00556741 0.000589479 0.00900737 72 58 30
-0.00384257 0.00175786 0.0104242 65 41 38
-0.00479176 0.000180002 0.0104344 50 56 46
-0.00375318 0.00170711 0.0105537 62 33 26
-0.00603278 2.04081e-05 0.010233 82 86 44
-0.00514707 0.000909476 0.00964188 8 6 4
-0.00399634 0.00255963 0.010956 88 47 40
-0.00649699 -0.000359058 0.0106595 148 142 84
-0.00436907 0.0009194 0.00985889 38 40 22
-0.00576644 0.00070141 0.00989943 32 34 21
-0.00334076 0.0011247 0.0106579 70 52 48
-0.00392127 0.00205884 0.0106558 74 44 36
-0.00579932 -0.000224861 0.0110445 52 56 28
-0.00303079 -0.00260266 0.0102223 154 160 108
-0.00333553 0.000933527 0.0110319 151 128 113
-0.00441739 0.000168161 0.0115217 18 8 6
-0.00600999 -0.00110253 0.0100014 42 46 24
-0.00442705 -0.000132454 0.0092919 58 68 48
-0.0053419 0.00150778 0.00999277 71 26 14
-0.00362905 0.000107925 0.0114516 44 42 21
-0.00438612 -9.22751e-05 0.012072 30 12 7
-0.00365014 0.00143638 0.0104398 68 38 32
-0.00427935 -0.000331521 0.0109242 124 132 96
-0.00438065 0.00058109 0.0106822 16 12 8
-0.00654437 0.000453835 0.00866389 44 49 30
-0.00667628 0.000382871 0.0088388 52 55 34
-0.00350191 0.00164197 0.0103305 56 28 21
-0.00445405 0.000250468 0.0113489 14 8 5
-0.0040202 0.0024564 0.0107954 65 34 30
-0.00605977 0.00179711 0.00779953 165 152 138
-0.00462306 0.00295173 0.0111928 76 32 28
-0.00389214 0.000739378 0.0110485 14 8 4
-0.00315733 0.000413283 0.00997476 150 106 85
-0.00597752 0.00198552 0.00797524 164 150 136
-0.00458797 -0.000338422 0.0086632 64 65 48
-0.0041935 -0.000406175 0.00847604 75 82 64
-0.00613954 0.000237819 0.00973691 62 69 28
-0.00620155 0.000422327 0.00886325 31 34 19
-0.00288806 -0.000356111 0.0107228 140 155 110
-0.00578326 0.000657868 0.00968971 41 24 9
-0.00371846 0.000490438 0.0109657 12 4 2
-0.00385491 -0.00126018 0.00983194 35 45 20
-0.00384803 0.000114245 0.0117257 42 37 17
-0.00386914 0.00218912 0.0106286 56 24 20
-0.00422269 -0.00130297 0.00988956 90 100 56
-0.00370765 0.000142574 0.011432 45 39 20
-0.00271439 -0.00108768 0.00907578 38 48 26
-0.00327442 -0.00252791 0.0105784 152 160 108
-0.00385572 -3.0798e-05 0.0120647 56 44 24
-0.00347746 -0.000623364 0.00940316 36 43 28
-0.00409467 0.000717435 0.0113056 16 8 5
-0.00450609 0.00020283 0.0106814 32 44 27
-0.00454762 9.85638e-05 0.0102222 37 46 32
-0.00380227 0.00141156 0.0100346 92 55 50
-0.00373704 0.00207774 0.0104581 59 32 26
-0.00565585 0.000519083 0.0099244 14 8 4
-0.00376538 0.00263993 0.0120991 58 33 27
-0.00398775 0.00069571 0.0113051 12 7 4
-0.00390058 -0.000730545 0.0104837 53 58 42
-0.00432661 0.000648099 0.0111891 20 20 8
-0.00365086 0.000956828 0.0101277 54 24 10
-0.0060688 0.000416868 0.00890681 36 37 20
-0.00647931 0.000113638 0.0099915 82 68 34
-0.00482541 0.0012634 0.00945929 40 10 4
-0.00490868 0.00170754 0.00991703 58 20 14
-0.00465384 0.00197969 0.0101128 66 26 18
-0.00557168 0.000223756 0.0103502 44 43 26
-0.00369259 -0.00256839 0.0113757 140 148 99
-0.00460977 -5.4024e-05 0.00971455 65 72 58
-0.00300316 0.000231823 0.00999258 148 126 101
-0.00375655 0.00268062 0.0120757 56 25 18
-0.00220807 -0.0018387 0.0145603 133 150 108
-0.00368015 -5.42156e-05 0.0118411 52 42 22
-0.00578219 0.00176296 0.00792703 161 149 133
-0.00435836 -0.000780557 0.0108694 36 44 22
-0.00365265 0.00243127 0.0111111 66 31 24
-0.0062678 0.000242474 0.00919825 69 64 28
-0.00416703 -0.00145056 0.0101313 84 94 48
-0.00595894 0.00122853 0.00998222 154 101 70
-0.00563584 0.00135502 0.00805981 89 86 68
-0.00121432 -0.00182223 0.0132782 138 154 110
-0.00276385 -0.000705257 0.0154535 126 152 112
-0.00425361 -0.000418387 0.00998273 103 108 66
-0.00484526 -0.00380355 0.0134575 148 154 104
-0.00386743 -0.0016139 0.01095 152 158 108
-0.00269279 -0.00274595 0.0106107 158 162 110
-0.00386691 -0.00288393 0.0127466 146 154 106
-0.00231352 -0.00107838 0.00965538 136 150 106
-0.00821767 -0.000446673 0.0115397 154 148 89
-0.00502845 0.00368105 0.0117951 151 133 132
-0.00694163 -0.00130127 0.0102374 152 147 88
-0.00721198 -0.00360307 0.00993089 158 156 104
-0.0059742 -0.0036372 0.0120303 120 120 78
-0.00440136 0.00107774 0.00954118 38 38 19
-0.00437988 0.00148377 0.00965147 68 43 26
-0.00487729 0.00258022 0.0104336 94 35 22
-0.00333733 0.000670424 0.0103495 155 118 106
-0.00476238 3.37517e-05 0.0105359 41 50 40
-0.0033796 0.00104259 0.0104647 140 110 102
-0.00396403 0.0024767 0.010959 84 46 36
-0.00447425 0.0010123 0.00969848 32 30 15
-0.00391416 -9.33188e-05 0.0116434 37 16 6
-0.00606763 0.00214917 0.00758372 97 94 68
-0.00583197 0.00122914 0.0100335 122 71 46
-0.00559195 0.00177038 0.0104692 84 38 24
-0.004797 0.00061556 0.0102139 48 50 37
-0.00514038 -3.9195e-06 0.0100969 85 79 50
-0.00593438 0.000386808 0.00898151 32 33 18
-0.00576207 0.000273406 0.00955385 56 66 33
-0.00488669 0.000897885 0.00990721 20 13 8
-0.00325083 0.000541487 0.0108232 96 74 62
-0.00372621 0.00241387 0.0113116 66 30 22
-0.00412548 -0.000217156 0.0101473 56 62 48
-0.00458585 -0.000314354 0.00869355 58 60 42
-0.00630216 0.00205371 0.00762297 124 118 100
-0.00617987 -0.000660776 0.0107075 112 112 66
-0.00471709 0.00100234 0.0102263 19 12 5
-0.00336734 0.000612194 0.0108147 148 114 108
-0.00506975 0.00314727 0.0112982 87 35 24
-0.00355655 -0.000173458 0.0116312 96 97 61
-0.00513062 0.00106162 0.00965967 73 40 27
-0.00362731 0.00177946 0.0110704 44 22 14
-0.00408203 0.00151583 0.00889565 36 41 18
-0.00451498 0.00116364 0.00940497 27 11 6
-0.00373058 0.00236756 0.0116825 65 28 21
-0.00473255 0.000522289 0.010688 79 82 70
-0.00451252 0.00248852 0.0108078 65 28 24
-0.00467839 0.00297081 0.0111306 97 66 64
-0.00562637 9.23711e-05 0.0103526 30 32 17
-0.00302406 6.97592e-05 0.011301 132 101 88
-0.00491335 -0.000192787 0.00969313 52 56 38
-0.00323762 0.000835072 0.0105476 140 116 92
-0.00540315 0.00262311 0.0108386 83 26 16
-0.0044094 -0.000218868 0.00869873 55 62 48
-0.0047436 -6.41032e-06 0.00978519 63 70 62
-0.00530622 0.000884672 0.00983215 11 6 4
-0.00388306 -0.000329988 0.00977656 41 48 37
-0.0043417 -0.000282198 0.0088107 58 70 51
-0.00381287 0.0023024 0.0109071 68 30 22
-0.00314614 0.000255399 0.0111392 126 96 77
-0.00388782 0.00196757 0.0101207 72 38 34
-0.00346793 0.00154462 0.0109704 54 32 24
-0.00516738 0.000112433 0.0105697 100 94 72
-0.00458621 -9.86334e-05 0.0107682 48 55 44
-0.00458221 0.00271344 0.0104958 76 28 21
-0.00460042 0.000352337 0.0105776 38 48 30
-0.00361846 0.00155377 0.0097609 48 25 18
-0.00471577 -9.78547e-05 0.00949179 48 54 40
-0.00440867 -0.00034337 0.00957782 154 158 109
-0.00344713 -0.0030939 0.0110907 77 90 45
-0.00410299 -0.000698777 0.00888185 106 112 67
-0.00437628 -0.00128499 0.0101051 93 100 55
-0.00510199 0.000726091 0.0109985 22 20 10
-0.00494538 -8.21639e-06 0.00995949 54 56 45
-0.00394997 -0.000282917 0.0101226 116 122 82
-0.00387846 0.00174864 0.0101391 55 28 25
-0.00402934 -0.000693646 0.0106787 38 45 30
-0.00455751 0.00245352 0.0103844 62 22 14
-0.00335767 -4.72636e-05 0.0109213 44 39 16
-0.00461603 0.00262998 0.0103371 82 28 22
-0.00560446 0.000938442 0.00996104 20 6 6
-0.00568101 0.000937566 0.00995295 70 32 22
-0.00454904 -0.000162451 0.0109155 32 42 28
-0.00372005 0.00177267 0.010681 69 40 34
-0.00379503 0.00159126 0.00959827 56 24 18
-0.00352392 -0.000268703 0.0117282 144 149 107
-0.00363892 0.00169126 0.0108168 68 39 32
-0.0041242 0.000782688 0.0105721 20 14 10
-0.00433216 0.000717215 0.0112304 16 12 8
-0.00387753 0.00208896 0.0106548 50 24 20
-0.00602578 -0.00119237 0.0100126 41 48 24
-0.00669095 -0.0017901 0.00991994 58 60 37
-0.00579316 0.00185149 0.00790019 162 150 133
-0.00327931 0.000651088 0.010825 56 42 24
-0.00566802 -0.000853241 0.0101247 46 48 18
-0.00608327 -0.000580639 0.0107043 70 70 36
-0.00368747 0.000894975 0.0102569 50 28 20
-0.00555629 0.000703819 0.00932055 26 18 8
-0.00595404 0.00179823 0.0108906 64 28 19
-0.0054915 -0.000348288 0.00997069 70 74 38
-0.00571355 0.001527 0.0101514 69 24 12
-0.00622326 0.00194639 0.00765391 112 110 92
-0.00572177 0.00140364 0.00820005 164 154 134
-0.00490485 0.000766703 0.00980412 18 18 11
-0.00328559 -0.00237052 0.0102001 144 152 103
-0.00604265 -0.000776704 0.0104114 42 48 20
-0.00600728 0.00210329 0.00764273 104 102 78
-0.00493762 0.000833721 0.00962284 15 12 8
-0.00562699 0.00152565 0.00800079 162 151 132
-0.00593365 0.00165964 0.00783061 162 149 132
-0.00432763 0.000303703 0.0115025 17 10 4
-0.0033987 -0.00227507 0.0103708 149 157 108
-0.00460685 -0.000552635 0.0111054 70 72 40
-0.00570228 0.000978485 0.00869347 32 34 14
-0.00420717 -0.000361001 0.00865202 74 85 65
-0.00353825 0.000620488 0.0101242 14 4 2
-0.00775513 0.00138066 0.008092 170 158 142
-0.00390354 0.000186986 0.0113012 34 29 14
-0.00435266 -0.000178827 0.00873481 52 63 46
-0.00460901 -7.85262e-05 0.00984107 70 80 62
-0.00423721 -0.000474554 0.00861082 79 88 72
-0.00434088 0.000749694 0.0109064 14 14 8
-0.00571449 0.00183661 0.0104089 85 40 26
-0.00577279 0.00140908 0.00781988 74 80 56
-0.00512798 0.000607766 0.0101886 32 35 24
-0.00517081 -7.68817e-05 0.0094278 66 69 33
-0.00410994 -0.00202341 0.0107732 66 80 36
-0.00432092 0.00294483 0.0112485 92 46 40
-0.00450213 0.00243064 0.0105663 56 22 19
-0.00254595 -0.000827805 0.0153539 126 152 110
-0.00447154 5.53034e-05 0.0106816 22 30 18
-0.00562232 0.00154336 0.0100137 68 22 8
-0.0036519 0.00139916 0.0101707 63 35 26
-0.00497064 0.000643417 0.0102225 28 32 20
-0.00451274 -0.000384067 0.010739 56 61 36
-0.00332001 -0.00233544 0.0103339 154 160 109
-0.00591912 -0.000833127 0.0101274 43 48 22
-0.00365176 0.00199485 0.011319 57 34 30
-0.00628156 -0.00124788 0.0101089 42 46 24
-0.0054087 0.000616054 0.0098792 22 20 14
-0.00456189 0.00220117 0.0101009 78 34 24
-0.00636877 -0.000459474 0.0103728 57 42 18
-0.00403694 -0.000250505 0.00995408 39 47 36
-0.00551383 0.00206578 0.010407 86 38 26
-0.00414747 0.000692573 0.0107267 20 16 10
-0.00617173 0.000388383 0.00929204 46 40 22
-0.00462926 -0.000191229 0.0101734 152 158 110
-0.00425232 -0.000432328 0.00814769 58 66 57
-0.00630838 -0.00132058 0.010158 46 50 28
-0.00346232 0.00178997 0.011539 64 39 28
-0.00770795 0.00131545 0.00801882 172 158 141
-0.00577233 -0.000640393 0.0104121 48 52 22
-0.00530061 -0.000208813 0.00994459 64 67 30
-0.00453927 -0.00125134 0.0109354 154 158 106
-0.00430943 -0.00042411 0.0091932 154 158 110
-0.00640333 -0.00139082 0.0101627 50 50 28
-0.00631455 -0.00119423 0.010006 42 44 22
-0.00440507 -0.000950726 0.00992883 134 140 89
-0.0034455 0.000866166 0.0101804 146 101 85
-0.00641726 -0.00135779 0.010014 40 42 20
-0.00460335 -0.000750993 0.0106673 154 158 108
-0.00335716 0.00116476 0.0108686 69 48 38
-0.00422011 -0.0011932 0.00995545 150 158 106
-0.00453565 -6.98021e-06 0.00989537 60 63 42
-0.00359689 0.00261463 0.011634 102 83 73
-0.00582275 0.00138663 0.00794289 64 72 48
-0.00492761 0.00225165 0.01027 81 38 28
-0.00570649 -0.000669764 0.0101238 48 52 22
-0.00403147 -0.000983239 0.0104257 94 106 70
-0.00269164 -0.00015508 0.0110704 124 107 84
-0.00385948 0.00162228 0.0102951 63 36 32
-0.00371028 0.00204711 0.0109485 71 40 31
-0.00591536 -0.000790714 0.0101239 40 46 20
-0.00582413 0.0015 0.00797215 80 82 60
-0.0058873 0.0016958 0.0105709 78 43 32
-0.00588889 -0.000930509 0.00986017 40 44 21
-0.00431279 -0.000255196 0.00910238 87 100 69
-0.00659939 -0.00175562 0.00992842 42 46 24
-0.00366885 -0.000859578 0.00997052 104 110 73
-0.00594172 -0.000841718 0.00998676 41 46 21
-0.00463986 -0.000860307 0.0112143 153 156 104
-0.00428715 -0.000547158 0.00869454 76 86 70
-0.00421857 -0.000338924 0.00832249 66 74 60
-0.00358616 0.00219761 0.0114989 61 24 12
-0.00372601 -0.00204268 0.0102863 58 70 28
-0.00429673 -0.00127518 0.010088 123 130 83
-0.00665698 -0.0012047 0.0102983 152 148 90
-0.00303783 -0.0024598 0.0104447 158 163 111
-0.0035125 0.00262614 0.0120834 134 130 123
-0.00430182 -0.000369909 0.010261 63 66 41
-0.00350763 0.00183946 0.0111478 72 46 33
-0.00399854 -0.000611997 0.00959458 32 42 20
-0.00757472 0.00145327 0.0078988 170 158 142
-0.00355174 0.00271532 0.0120974 132 128 122
-0.00419422 -0.00099335 0.010699 26 38 20
-0.00645697 -0.00138809 0.0097525 40 44 22
-0.00222387 -0.00149337 0.0150535 136 156 112
-0.00154312 -0.00247647 0.0149067 140 156 108
-0.0045002 -0.00155063 0.00933034 152 156 102
-0.00171189 -0.000493014 0.0131167 130 154 112
-0.00169279 -0.00051345 0.0128774 130 153 112
-0.00665607 -0.00129411 0.010308 152 146 88
-0.00340856 0.00259014 0.0124738 134 132 124
-0.00712824 -0.00189832 0.00965155 156 152 98
-0.000743142 -0.00310118 0.0133035 157 163 108
-0.0012328 -0.00207509 0.0141347 139 154 109
-0.00177737 -0.000677447 0.011213 134 154 111
-0.001775 -0.00216725 0.0141699 146 160 111
-0.00086506 -0.00282858 0.0145712 146 156 108
-0.00332765 0.00220788 0.0126038 138 136 126
-0.00167472 -0.000227742 0.0148447 122 150 109
-0.00698509 -0.00175535 0.00986074 152 148 92
-0.00160073 -0.000177285 0.0153822 122 149 108
-0.00271001 0.00178181 0.0129284 147 144 135
-0.00365178 0.00212229 0.00864852 69 40 24
-0.00394339 0.00265088 0.0111627 69 29 22
-0.00782463 0.00171984 0.00796141 169 156 142
-0.00445585 -0.000220599 0.0120949 38 16 9
-0.00488121 0.000421445 0.0104765 57 62 46
-0.00296345 -0.00279006 0.0105212 158 163 110
-0.00350646 0.000640731 0.0105528 18 7 3
-0.00407426 0.000324361 0.0109321 22 13 8
-0.00453822 -0.000231343 0.0114162 29 34 23
-0.00619782 -0.000367517 0.0109063 88 88 50
-0.00548914 0.000450394 0.00978284 32 30 22
-0.00537781 0.00258114 0.0109621 84 31 17
-0.00382501 0.00248787 0.0114641 76 35 29
-0.00468524 0.000457634 0.0106217 73 76 64
-0.0039641 0.0028436 0.0113584 82 44 36
-0.00548696 0.00160399 0.0101457 72 29 18
-0.00366755 -0.00269175 0.0110648 60 73 30
-0.00553695 0.00158422 0.010184 73 30 20
-0.00371395 0.00125506 0.00959146 158 135 132
-0.0035923 -0.00262447 0.0111406 114 124 75
-0.00392519 0.000238574 0.0121217 29 27 12
-0.00364242 0.00076356 0.0104452 14 7 6
-0.00384723 0.00168095 0.0103333 62 34 30
-0.00360915 -0.000481073 0.0095979 42 50 34
-0.00509533 0.000725951 0.0101227 14 17 10
-0.00358187 0.001169 0.0100777 143 116 98
-0.00336752 -0.0029567 0.0113378 136 144 94
-0.00405781 0.000174718 0.0114709 18 7 2
-0.00326261 -0.00297962 0.0111991 146 154 102
-0.00611813 -0.00042242 0.0110431 90 93 54
-0.00405308 0.000444254 0.010788 42 40 20
-0.00395748 0.000322728 0.0110364 50 47 24
-0.00391035 0.00276317 0.0116517 74 32 24
-0.0041346 -0.000852594 0.0107127 61 70 40
-0.00503429 0.000485951 0.0103988 28 33 19
-0.0041363 -0.000870119 0.0105992 34 48 26
-0.00635744 0.00061857 0.0104465 52 37 16
-0.00525988 -0.000176924 0.00965581 82 88 49
-0.00414314 0.000681306 0.0101612 25 27 14
-0.00328884 0.000143142 0.0110774 98 76 43
-0.0061581 -0.000227688 0.0108944 80 84 46
-0.00568939 0.00134161 0.00834658 162 152 129
-0.0046554 0.000104407 0.0104388 50 60 50
-0.00379349 0.00223394 0.0111867 70 32 24
-0.00442824 -0.000100513 0.00908672 48 61 44
-0.00366333 0.00158197 0.0106002 70 41 32
-0.00380869 0.000258003 0.0111543 42 41 18
-0.00327456 -8.34273e-06 0.0107019 46 48 20
-0.00420366 0.00057335 0.0107507 28 29 14
-0.00663197 2.22716e-05 0.00998467 146 126 76
-0.00448572 8.37767e-06 0.0103623 42 52 40
-0.00341599 0.000625961 0.0103313 30 8 4
-0.00438937 -0.000199001 0.00915828 62 74 56
-0.00486102 0.000184248 0.0103302 77 78 66
-0.00616838 0.000430641 0.00938343 101 73 52
-0.005395 0.00282192 0.0111531 96 37 21
-0.00427735 -0.00132271 0.0108262 57 64 28
-0.00444518 -2.62226e-05 0.00978913 60 62 39
-0.00404994 -0.0017494 0.010902 37 50 22
-0.00512591 0.000224983 0.010403 62 59 36
-0.00296177 -0.000128079 0.0105852 43 44 15
-0.00393073 0.000683638 0.0109437 11 6 3
-0.00635819 3.85616e-05 0.00985142 92 75 37
-0.00388085 0.000671393 0.0111002 13 7 4
-0.00439286 0.0012384 0.00935512 54 18 5
-0.00391206 -0.00197073 0.011125 129 140 89
-0.00445673 0.00263654 0.0109505 79 33 26
-0.00354907 -0.00155036 0.0121512 84 90 60
-0.00378947 -0.00219105 0.01107 98 111 66
-0.00547999 0.000645128 0.00866065 62 54 24
-0.00339168 -0.00317249 0.0110554 76 90 50
-0.0035288 -0.000431919 0.0094245 70 79 56
-0.00572008 0.00142664 0.00829171 162 151 132
-0.00419255 -0.000178756 0.0120807 40 14 8
-0.00331439 1.54221e-05 0.0112157 44 50 20
-0.00478808 0.00314255 0.0110999 70 24 18
-0.00338168 -0.00326743 0.0111074 66 78 36
-0.00334506 0.000109153 0.0117119 117 84 53
-0.00356546 0.00191905 0.0118418 36 19 10
-0.00433347 -0.0010917 0.0106907 106 110 66
-0.00528071 -6.27381e-05 0.00954098 74 81 42
-0.00393071 -0.00189891 0.010988 60 74 34
-0.00418022 -0.00165286 0.010746 142 144 97
-0.00395558 0.00160484 0.00877015 38 42 19
-0.0037002 0.00212289 0.00862438 99 76 25
-0.00363823 0.000668955 0.0102579 14 8 4
-0.00342078 -0.00146339 0.0111977 32 42 24
-0.00371116 0.00208779 0.0111414 68 36 29
-0.00583569 0.00159792 0.00818186 162 152 132
-0.00421622 -0.00192321 0.0108751 81 94 52
-0.00336769 -8.94786e-05 0.0115621 44 50 20
-0.00466382 0.00207038 0.0100377 81 37 27
-0.00389748 -0.00104551 0.011052 55 60 36
-0.00418195 0.000561117 0.0109389 26 28 14
-0.00450232 0.00108555 0.00971625 22 12 4
-0.00393312 -0.00256827 0.0115407 66 80 36
-0.00574707 0.000225049 0.0103828 52 46 30
-0.00359303 -0.00285545 0.011129 54 69 30
-0.00371629 0.00213003 0.011213 62 28 20
-0.00447468 0.00306041 0.0112876 71 29 26
-0.00359195 -0.00261398 0.0109414 62 76 34
-0.00351103 -0.00227685 0.0146377 145 158 110
-0.00335026 -0.000117542 0.0111897 56 56 24
-0.00591478 0.00133888 0.0103395 83 36 21
-0.00580603 0.00133959 0.00810203 30 43 22
-0.0037426 0.00196657 0.0107273 69 38 30
-0.00579843 0.00161166 0.00820703 162 150 131
-0.00350333 -0.00211399 0.0129253 30 40 24
-0.0041846 0.000488456 0.0109454 35 36 19
-0.00461625 0.00164135 0.00975046 62 24 18
-0.00350835 -0.00273003 0.0111402 108 118 70
-0.00589731 -0.000171598 0.0107752 48 54 28
-0.00505927 0.00218009 0.0103258 80 35 21
-0.00389043 0.000294621 0.0111257 44 42 20
-0.00529916 0.00210565 0.0104665 84 38 22
-0.00359291 -0.00281144 0.0111314 58 72 34
-0.00346782 -0.00223219 0.0131115 49 55 36
-0.00387821 -0.00200238 0.0104888 68 80 39
-0.00275279 -0.00281446 0.0105762 157 162 108
-0.00343168 -0.00342043 0.0111637 120 128 82
-0.00445204 -0.000253964 0.00970122 154 160 112
-0.00388246 0.00291618 0.01295 76 44 32
-0.00422523 -0.000886566 0.0108367 30 44 22
-0.00601102 -0.000110101 0.010862 57 50 19
-0.00395922 0.00156091 0.00881676 37 40 18
-0.00472103 0.00317618 0.0112735 60 20 14
-0.00585996 0.00171057 0.00805619 128 122 102
-0.00416702 -0.000939849 0.0106713 26 40 20
-0.00385716 -0.00268343 0.0116186 59 71 28
-0.00420354 -0.0013674 0.0108641 32 44 20
-0.00628616 0.000165648 0.00907439 150 145 84
-0.003519 0.00185949 0.0118507 51 32 22
-0.00338712 -0.00121904 0.0107513 41 50 34
-0.00305007 -0.00289494 0.0104891 69 77 38
-0.00584358 0.00166075 0.0106069 48 20 12
-0.0038747 -0.00230219 0.0112643 40 56 22
-0.00435719 -0.000728372 0.0108602 41 47 25
-0.00303272 -0.00254458 0.0103665 158 162 110
-0.00291828 0.000116015 0.0120921 126 152 111
-0.00373084 0.00246617 0.0123153 70 34 24
-0.00396861 -0.00169158 0.0109817 153 160 108
-0.00436634 -0.000270802 0.00941884 143 150 103
-0.00396929 -0.00173518 0.0109817 140 148 100
-0.00568906 -0.00141211 0.00835805 154 150 93
-0.00348858 -0.00114201 0.0108162 48 56 40
-0.00406842 -0.00215205 0.0109671 67 81 38
-0.0036357 -0.00262809 0.0116363 149 158 106
-0.00357788 -0.00125883 0.0108621 48 52 30
-0.0058763 0.00174552 0.0079714 54 60 34
-0.00643336 0.00229451 0.00755363 166 152 140
-0.00120628 -0.00254835 0.0146637 148 160 110
-0.00677752 -0.000923949 0.0101055 152 148 89
-0.00581304 -0.00265789 0.0105313 150 150 93
-0.0076484 -0.000691833 0.0107212 154 148 86
0.00040911 -0.00149572 0.0128856 152 162 110
-0.00355731 -0.00292954 0.0108441 152 156 106
-0.00600511 0.00151362 0.0090392 160 148 128
-0.000700038 -0.00322108 0.0138591 156 163 109
-0.00766045 -0.000642976 0.0110273 153 148 86
-0.00274803 -0.0016466 0.00966413 152 160 107
-0.00256348 -0.000866368 0.00907045 148 160 110
-0.000655834 -0.000954727 0.0129653 148 160 111
-0.00493921 0.00378125 0.0117218 153 138 137
-0.00515229 0.00411255 0.0113956 154 140 138
-9.87977e-05 -0.0013517 0.0148949 147 161 114
-0.000375 -0.00195365 0.0142023 156 164 111
0.000788697 0.000601815 0.0119548 166 174 122
-0.00139563 -0.00293478 0.0147633 146 158 108
-0.00330464 0.00229068 0.0124083 140 136 128
-0.0051856 0.0039392 0.0116743 154 138 138
-0.00657798 0.00244804 0.00733798 166 154 143
-0.00327736 0.00191702 0.0122751 142 140 130
-0.0086782 0.000609289 0.0118234 164 154 132
-0.00519656 0.00442462 0.0126451 156 142 141
-0.00475774 0.00408162 0.0117643 156 142 140
-0.00625795 0.00315459 0.0117544 148 129 124
-0.00632199 -0.000903216 0.00752662 155 151 96
-0.00470695 0.00026581 0.0105003 107 108 107
-0.00373495 0.00123874 0.00978552 158 138 136
-0.0049148 -0.000114592 0.00984557 39 42 28
-0.00485355 0.00159638 0.00993514 58 22 17
-0.00452098 0.00287584 0.0109579 78 34 32
-0.00384491 0.00152407 0.00884201 45 42 22
-0.00507062 0.00277422 0.0108166 110 53 36
-0.0080566 0.00180342 0.00820899 169 156 144
-0.00598828 -0.00343104 0.0118838 106 110 66
-0.00570336 -0.003015 0.0114311 61 74 37
-0.00552677 0.000964665 0.00995177 51 20 13
-0.00495747 0.000107212 0.0101786 95 92 74
-0.00492026 0.00101021 0.00934294 80 53 38
-0.00374847 0.000957918 0.01007 27 12 8
-0.00542804 0.00130475 0.00977927 150 98 67
-0.00483962 0.000663408 0.0105952 25 28 16
-0.00533776 0.000497159 0.0100858 26 26 18
-0.00737458 -0.00248015 0.00981656 64 64 38
-0.00633492 -0.000190363 0.0104817 150 145 83
-0.00352835 0.000740674 0.0101776 16 8 6
-0.00430754 0.00043658 0.0110185 14 7 6
-0.00263862 -0.00119702 0.00912278 42 54 30
-0.00607324 -0.00379831 0.0121855 128 129 85
-0.00392811 0.00240108 0.011472 64 32 27
-0.00644688 -0.000467413 0.010797 80 66 40
-0.00376058 0.000449527 0.0107178 30 31 14
-0.00393994 0.00172564 0.00871896 56 52 34
-0.00525787 0.00205941 0.0102902 81 36 23
-0.00406221 0.00133135 0.00909349 30 36 14
-0.00292309 -0.000328669 0.0105616 142 159 114
-0.00351522 0.00121581 0.0100922 148 122 108
-0.00402834 0.00121369 0.00921122 31 36 14
-0.00618313 0.00199584 0.00773731 163 152 139
-0.00444518 -0.000314508 0.00836601 62 62 49
-0.00382176 0.00176771 0.00874912 32 34 14
-0.000538521 -0.000859361 0.0158611 147 162 116
-0.00256424 -0.00112544 0.00917985 140 150 108
-0.00735169 -0.000682284 0.0113223 152 150 88
-0.00593554 -0.00357614 0.0115995 104 108 68
-0.00609362 0.0019561 0.00764647 163 151 140
-0.00308176 -0.000416747 0.0102526 148 161 114
-0.00122164 -0.000967611 0.015786 136 157 115
-0.000345211 -0.000410071 0.0161079 141 160 116
-0.00760924 -0.000791771 0.0110193 154 149 88
0.000292771 -0.00117843 0.0152669 154 166 114
-0.00218153 -5.59992e-05 0.0129588 126 152 110
0.000465898 -0.000121062 0.0156804 156 167 119
-0.00250094 -0.00100001 0.00919954 144 156 108
0.000954483 -0.00175598 0.0152768 152 162 111
-0.00129465 -0.0016554 0.0147431 145 160 114
-0.00256305 -0.00108096 0.00925072 146 157 108
0.000422653 -6.07351e-05 0.0160727 148 164 118
-0.00563574 -0.00357865 0.0120378 156 156 101
-0.00515579 0.00340695 0.0110703 146 128 127
-0.00090032 -0.00155733 0.0157495 150 164 115
-3.11374e-05 0.000624377 0.0155389 130 150 108
-0.00624705 -0.00369236 0.0117632 156 156 103
-0.00364916 -0.00323051 0.01102 156 162 110
0.000728455 -0.00165978 0.0145479 152 162 112
0.000879745 -0.000158669 0.0159383 157 169 121
-0.00292691 -0.00213431 0.0102572 155 163 109
-0.00711044 -0.00269645 0.00996574 155 156 100
-0.00670082 0.00200764 0.00751019 165 153 140
-0.00520909 -0.00409058 0.0132158 157 158 106
0.00105061 0.00237316 0.0153069 168 161 148
0.00154701 -0.00060544 0.0152047 165 172 121
-0.00449683 0.00228324 0.0104295 78 38 29
-0.00438238 0.000412462 0.011084 10 5 3
-0.0044715 0.000363445 0.0110579 10 8 4
-0.00623937 0.00203777 0.00763752 118 112 95
-0.00377432 0.000552696 0.0106704 25 22 12
-0.00728424 -0.000621089 0.0112043 150 146 84
-0.00712035 -0.00100046 0.0107927 144 140 87
-0.00759211 -0.000754468 0.0113076 152 148 87
1.20136e-06 0.000709661 0.0159424 124 144 102
-0.00397855 -0.00120465 0.0106357 116 127 94
-0.00250787 -7.33752e-06 0.010699 136 146 108
-0.00493097 0.00336634 0.0114622 132 96 86
-0.00736267 -0.00231074 0.00966013 154 150 94
0.000214215 -0.00161345 0.0135025 154 162 111
-0.00215478 -0.00167575 0.00909238 156 162 106
0.000427631 -0.00112379 0.0143301 158 168 116
-0.00308065 0.00311641 0.0102938 158 149 143
-0.00303067 0.00194884 0.0112443 146 144 133
0.000554815 0.00117768 0.0159381 165 158 145
0.00118027 -0.0013145 0.0143724 162 168 116
-0.00295704 0.00179972 0.0113829 147 144 134
-0.00630317 0.00268982 0.00740877 163 150 144
-0.00380937 0.00390047 0.0128993 153 142 140
-0.00688414 0.00156074 0.0080713 164 154 138
-0.00481402 -0.00389235 0.012053 156 158 102
-0.00391001 0.00406204 0.0132138 152 141 140
0.00125243 -0.000671317 0.0150533 164 172 120
-0.00405724 0.00390549 0.0124251 151 140 138
-0.000207801 0.00196852 0.0159659 166 159 147
-0.000549465 0.00203385 0.014762 165 158 146
-0.00491265 0.00240056 0.0117104 92 56 48
-0.00483222 0.00316257 0.0134368 76 28 18
-0.00665433 -0.00202195 0.0100783 68 73 38
-0.00675271 -0.00109557 0.00977579 153 151 94
-0.00710608 -0.00344387 0.00998092 157 156 102
-0.00764208 -0.00169077 0.00971132 152 150 92
-0.0074215 -0.0035547 0.00901918 154 154 99
-0.00513278 -0.00318722 0.00888181 153 156 102
-0.00420762 -0.00389958 0.010306 152 155 101
-0.00321663 0.00070205 0.0110346 141 118 96
-0.00360145 0.000947386 0.0100726 98 60 39
-0.00391613 0.00163746 0.0101684 66 33 27
-0.00349909 0.00106386 0.0100561 126 85 67
-0.00297437 -0.00271755 0.0103503 157 162 111
-0.00705826 -0.000900742 0.0109941 112 110 61
-0.00581151 -0.00336806 0.0116883 130 130 92
-0.00373736 -0.000404815 0.00977887 52 61 39
-0.00450566 0.00108226 0.00975371 42 37 19
-0.0043245 -0.000396019 0.0093238 156 159 108
-0.00304072 0.000320056 0.010154 140 106 90
-0.00342426 0.00113293 0.0102696 128 94 86
-0.00392121 0.00276829 0.0117605 68 29 22
-0.00403982 0.00108856 0.00941178 29 29 14
-0.00312751 0.000375574 0.0102473 151 116 101
-0.00468629 0.000325847 0.0109783 42 52 32
-0.00361851 0.00106773 0.0101114 147 115 96
-0.00397887 -0.000544048 0.00701779 60 66 49
-0.00435315 -0.00105792 0.0100946 154 158 106
-0.00304316 0.000117653 0.0110588 148 119 105
-0.00332214 0.00100701 0.0105604 72 44 30
-0.00386397 -0.000595666 0.00999549 36 42 26
-0.00399004 0.00107769 0.00943277 8 4 4
-0.00578599 0.00135477 0.010144 88 34 17
-0.00501956 0.000608462 0.0102293 27 32 20
-0.00318802 0.00055045 0.010095 158 129 125
-0.00364287 0.0017057 0.0107203 67 36 30
-0.00598011 -0.000997287 0.0102082 46 50 24
-0.00406542 -0.000514853 0.00707874 55 56 43
-0.00354639 0.00148757 0.0105447 58 31 26
-0.00355339 0.000556718 0.0105275 22 8 4
-0.00547679 0.000863762 0.00851807 73 52 29
-0.00391146 0.00264062 0.0109915 76 35 28
-0.00444135 -0.000294027 0.0110789 52 58 40
-0.00648586 -0.00032827 0.0104779 98 86 44
-0.00308613 -0.00247246 0.0100838 156 162 108
-0.00356622 -0.00157076 0.00974563 140 148 100
-0.00484124 0.00099097 0.00938606 32 19 12
-0.00383361 0.00261185 0.0121847 78 50 42
-0.00355338 0.0015407 0.0122867 74 48 34
-0.00475799 0.00134512 0.00946087 164 116 90
-0.00596743 0.00109654 0.010108 126 82 54
-0.00358017 0.00128066 0.00997802 62 38 31
-0.00648266 -0.000285387 0.0104771 153 145 84
-0.00307995 0.000331825 0.00993031 154 118 100
-0.00345113 -0.00218767 0.0100203 62 76 36
-0.00381957 0.00164344 0.0106632 67 39 32
-0.00408151 -0.000236184 0.00999059 39 47 35
-0.00370813 0.00229238 0.011059 63 28 22
-0.00402046 -0.0012603 0.0104001 51 66 36
-0.00381782 -0.00127761 0.00998126 118 130 88
-0.00337435 -0.00232533 0.0104197 150 158 106
-0.00212943 -0.000809146 0.015606 126 154 112
-0.00510261 0.000268536 0.0106216 98 89 70
-0.00480231 0.00106251 0.0097575 22 12 10
-0.00356732 0.00199967 0.0116216 74 38 24
-0.00388157 -0.00165514 0.0106124 150 157 107
-0.00415711 -0.000462158 0.00846025 115 112 74
-0.00437984 0.000839265 0.00998889 40 42 24
-0.00598486 -0.00138995 0.00901417 77 78 39
-0.00590478 0.000160437 0.0100792 102 102 62
-0.00371495 -0.00151608 0.00989859 57 70 30
-0.00738222 -0.0025923 0.00955655 92 87 67
-0.00468707 -0.000196514 0.0116169 32 32 20
-0.00551568 0.00145047 0.00790755 163 152 132
-0.00378809 0.00126062 0.00954984 144 118 112
-0.00438134 -0.000173579 0.00909625 51 64 42
-0.00329911 -0.00225348 0.0100153 141 148 96
-0.00426001 -0.00131141 0.0103048 153 160 109
-0.00376471 0.00219879 0.0112273 74 36 28
-0.00567836 -0.00305362 0.0112471 82 86 64
-0.00388544 0.00114378 0.00972717 80 56 47
-0.00384473 0.00171797 0.0101952 69 42 38
-0.00326439 0.00133593 0.00981706 61 38 32
-0.0065582 -0.000619272 0.0109693 43 37 18
-0.00466157 0.00203268 0.00991283 75 32 20
-0.00438266 -0.00305797 0.0142901 150 158 108
-0.00571673 0.00247372 0.0113359 76 26 17
-0.00304465 8.47073e-05 0.0106056 147 107 88
-0.00353683 -0.00162786 0.00979953 149 156 106
-0.00594111 0.00168265 0.00835576 163 150 134
-0.00451959 -6.24666e-05 0.00940099 56 64 49
-0.00373956 0.00152948 0.0107197 69 40 33
-0.00447795 0.0029095 0.0108913 79 34 29
-0.00381925 0.00207008 0.00973814 66 31 26
-0.00348524 0.00190757 0.0112942 54 28 18
-0.00433267 -0.000250695 0.010899 159 163 116
-0.00355027 0.000670871 0.0102662 16 7 4
-0.00198034 -0.000832588 0.0151009 136 158 115
-0.00618874 0.000450159 0.00889886 60 58 30
-0.00383649 -0.00139361 0.0101754 138 146 98
-0.00613859 -0.000536457 0.0108712 74 74 40
-0.00573518 0.00138253 0.00834556 164 152 132
-0.00450367 -0.000430513 0.00812983 62 60 44
-0.00549379 -0.00029631 0.0100274 91 90 53
-0.00423247 -0.000545627 0.00818402 64 74 58
-0.00369529 0.00232944 0.0118454 66 27 18
-0.00378326 0.000446153 0.0108846 24 20 10
-0.00318479 0.000385242 0.0104068 148 107 94
-0.00321065 4.68172e-05 0.0111909 150 118 94
-0.00430749 -0.000275596 0.00846097 54 61 42
-0.00347036 0.000360757 0.0106355 31 12 4
-0.00396358 -0.00147825 0.0100409 120 123 80
-0.00410092 -0.000289553 0.0104387 151 157 111
-0.00435269 -0.00108021 0.00975756 94 102 59
-0.00454077 0.00301797 0.0111556 68 28 25
-0.00405564 -0.00103669 0.0103676 33 48 22
-0.00442041 0.000367899 0.0104856 33 38 20
-0.00508289 0.000766184 0.00945954 24 25 14
-0.00439359 -0.000785136 0.00967651 152 156 104
-0.00466468 0.00020781 0.0111409 38 47 26
-0.00521761 -0.000636745 0.00945838 110 104 64
-0.00466959 0.00190326 0.00970317 74 32 24
-0.00394638 0.000108036 0.0114372 42 31 18
-0.0041558 0.00287956 0.0112723 93 55 53
-0.00368354 0.00197926 0.0109769 82 54 42
-0.00437295 -0.000422438 0.0124857 147 122 79
-0.00447772 0.000297069 0.0106573 34 40 20
-0.00379095 0.00263071 0.0115871 54 25 20
-0.00396265 -0.00142847 0.00998401 114 120 78
-0.00416213 0.0026255 0.0108956 94 54 49
-0.00499926 -0.000162326 0.00989738 44 46 32
-0.00364102 0.00203409 0.0118264 64 34 21
-0.00308298 8.31152e-05 0.0125048 134 154 112
-0.00364373 -0.000811595 0.0100047 36 42 26
-0.00563464 0.00143076 0.00797509 163 154 134
-0.00404364 0.00233324 0.0113491 62 26 19
-0.00407016 0.00259919 0.0109669 97 60 54
-0.00378945 -0.00143382 0.00990153 36 53 22
-0.00731334 -0.00073441 0.0113066 154 148 87
-0.00421331 -0.000325252 0.00869922 72 84 61
-0.00434315 0.000903073 0.0100025 38 40 22
-0.00386366 -0.000455589 0.0100112 39 48 32
-0.00383137 0.00194535 0.0101471 72 41 36
-0.0036916 0.00169296 0.0105074 68 38 31
-0.00476941 0.00262548 0.0105956 88 32 20
-0.00790705 0.00174831 0.00803201 170 156 143
-0.00414087 -0.00045001 0.00810343 70 80 64
-0.0052526 0.000547268 0.00966789 25 26 17
-0.00621168 -2.33748e-05 0.00981291 150 145 83
-0.00293883 -0.00252158 0.0101822 158 162 108
-0.00355087 0.00153812 0.0118109 76 50 37
-0.00636538 -0.00102961 0.00999609 146 140 88
-0.00419708 -0.00104416 0.00978797 156 158 108
-0.00407522 -0.00111805 0.0105336 42 56 26
-0.00398529 0.00267124 0.0109647 58 25 20
-0.00394371 0.00152561 0.0089071 33 38 16
-0.00324512 0.000405906 0.0102289 152 108 88
-0.00442904 -0.00016522 0.00946399 118 126 86
-0.00208713 -0.00173476 0.0149658 134 151 108
-0.00395637 -0.000478443 0.0100545 55 60 46
-0.00420692 -0.0017291 0.010518 79 94 47
-0.00365721 0.0014558 0.0103402 62 32 27
-0.00391397 -0.00111936 0.00982438 32 42 20
-0.00415339 -0.000320818 0.00811029 76 84 70
-0.000953944 -0.00158849 0.0170194 140 158 114
-0.00382706 0.00274024 0.0118054 53 22 16
-0.00408137 0.000577723 0.0107953 24 24 12
-0.00332896 0.000108145 0.0111337 100 77 50
-0.00570728 0.00132923 0.00787692 37 53 30
-0.00407472 -0.000889326 0.0103814 38 52 26
-0.00373684 -0.001585 0.00998938 44 59 24
-0.00282971 8.11328e-05 0.0108926 136 125 104
-0.0023226 -0.00138062 0.0156127 134 155 112
-0.00424488 -0.000290695 0.00885277 76 87 59
-0.00363155 -0.00152384 0.00990648 150 158 106
-0.00371277 -0.00220661 0.0109371 148 155 106
-0.00403514 -0.00117538 0.00970024 152 158 104
-0.00385917 -0.00159995 0.0100372 56 67 30
-0.00269619 0.000489914 0.0158886 84 110 74
-0.00574281 -0.000674851 0.00993049 40 47 20
-0.00381115 -0.00174545 0.00995838 102 110 68
-0.00420075 -0.000482739 0.00745749 59 59 49
-0.00403409 -0.000808512 0.00974114 43 48 19
-0.00417259 -0.000337065 0.0109243 156 164 112
-0.00389115 0.00171514 0.0100767 66 32 27
-0.00426486 -0.000290565 0.00819464 50 58 41
-0.00223505 0.000527408 0.016105 81 109 74
-0.00445535 -0.000437886 0.00800645 59 56 39
-0.00281987 0.000403662 0.0162944 88 116 80
-0.00290597 -0.00262629 0.00984131 68 84 48
0.000395299 -0.000472277 0.0158806 152 166 119
-0.0037132 0.00163809 0.0104447 68 40 34
-0.00253507 -0.00144229 0.0150363 135 155 112
-0.00587068 0.00151537 0.0103482 72 28 16
-0.00370132 0.00221826 0.0113788 72 36 30
-0.00498909 0.00155794 0.00958451 46 16 12
-0.00435175 -0.000968087 0.00976827 125 132 85
-0.00408266 -0.00150407 0.0107497 45 60 32
-0.00418376 -0.001604 0.0102711 84 99 55
-0.00389037 -0.0010566 0.00973638 32 42 20
-0.00363914 -0.00178176 0.00986674 53 66 27
0.000382223 -0.00078043 0.0157455 144 158 113
-0.00585265 0.00161526 0.00793091 44 52 28
-0.00336852 -0.00326785 0.0115909 96 106 66
-0.00424948 -0.000539964 0.00796868 60 66 54
-0.00340088 0.00081811 0.0102836 133 90 74
-0.00302996 -0.000960792 0.0155506 132 155 113
-0.00210608 -0.00177907 0.0149259 134 152 109
-0.00389173 -0.000475693 0.00996958 36 43 28
-0.00428504 -0.000513137 0.0110589 40 49 37
-0.00222043 -0.000788635 0.0153584 126 151 110
-0.00344275 -0.00297109 0.01093 62 76 34
-0.00552626 -0.00115336 0.00879161 112 112 54
-0.00276457 -0.0007673 0.0151981 128 153 112
-0.00689314 -0.00186131 0.00987272 63 61 34
-0.00558409 0.00222313 0.0105581 78 29 18
-0.00434062 -0.000753388 0.00978966 154 160 108
-0.0072296 -0.00113302 0.011206 88 85 39
-0.00375852 -0.00119263 0.00983694 152 159 111
-0.000943067 -0.00108568 0.0153531 138 156 114
-0.00221919 -0.000969299 0.01531 138 160 116
-0.00449508 -8.45764e-05 0.00930678 46 56 40
-0.00418008 -0.000619414 0.0102789 36 42 20
-0.00380244 -0.0016049 0.0099794 43 56 20
-0.00610044 0.00118399 0.00992299 97 62 43
-0.00789494 -0.00299187 0.00976531 47 55 22
-0.000928116 -0.00082115 0.0151991 136 157 114
-0.00392026 -0.00135486 0.0104976 154 159 108
-0.00605185 0.00125602 0.0101604 118 74 52
-0.00101772 -0.000464356 0.015575 132 156 113
-0.00244373 -0.000792809 0.0152021 126 152 112
-0.00405112 -0.00112846 0.00980251 150 155 104
-0.00202743 -0.0015848 0.0134988 137 155 110
-0.00420904 0.00309592 0.0112988 102 86 86
-0.00199069 0.000577374 0.015716 87 116 78
-0.00346281 -0.00173449 0.00978912 146 155 106
-0.00412966 -0.00131547 0.0106452 32 42 19
-0.00115832 -0.0015489 0.0106373 150 160 108
-0.000908299 0.000557448 0.0164977 102 130 91
-0.00245461 -0.000848588 0.016025 124 151 110
-0.00269281 -0.00129631 0.0092444 62 68 39
-0.00380688 -0.00169764 0.00992462 134 140 98
-0.00394795 -0.00329797 0.0136655 146 154 106
-0.0041704 -0.00196457 0.0117484 154 162 108
-0.00593076 0.00143278 0.00870905 163 152 132
-0.00584888 0.00200562 0.00781047 164 152 136
-0.00279228 0.00037613 0.0155969 91 122 86
0.000158367 -0.000764605 0.0147139 149 162 114
-0.00619298 0.00184374 0.00834889 107 106 86
-0.00746998 -0.000541391 0.0110323 153 148 86
-0.00101846 -0.00206328 0.0115283 154 161 108
-0.00228034 -0.000627214 0.0160846 122 150 109
-0.00208087 0.000287813 0.0163278 104 138 98
0.000282787 -0.00119952 0.0159572 152 164 115
-0.00722794 -0.00266866 0.00986631 157 156 101
-0.00088341 -0.00241574 0.0122705 154 160 108
-0.0013008 -0.00174789 0.014768 139 156 112
0.000228252 -0.00128532 0.0165736 152 164 118
-0.000464488 -0.000449336 0.0156907 139 160 114
-0.00256094 -0.00181774 0.0153408 138 156 112
-0.00419614 -0.00180605 0.0106295 76 92 46
0.000458021 -0.000632026 0.0151338 151 165 120
-0.00225854 -4.97915e-05 0.0152993 116 148 106
-0.000534357 -0.000273977 0.0160963 134 156 114
-0.00435413 -0.00127643 0.00973814 114 116 68
-0.0041678 -0.00347944 0.0143485 149 156 106
-0.00187758 -0.000791778 0.0149639 132 156 114
-0.00605256 0.00171696 0.0107476 63 26 14
-0.00179501 -0.00307382 0.0136602 152 160 108
-0.000432652 -0.000676867 0.0127824 142 158 113
-0.00563861 0.00157627 0.00811424 162 151 133
-0.00177592 -0.000884045 0.0141366 130 154 112
-0.00192601 -0.00194244 0.0146257 142 158 111
-0.00186898 -0.00209656 0.0149575 142 158 110
-0.004422 -0.00150052 0.00966447 154 158 106
0.000550035 0.000620896 0.0164964 134 150 108
-0.00107541 -0.00184851 0.0115229 149 159 108
-0.00380252 -0.00312037 0.0137003 146 157 107
0.00017582 -0.00183638 0.0148647 150 162 112
-0.00526132 -0.00116284 0.00808373 152 150 94
-0.00162227 -0.00190311 0.0134944 136 152 106
0.000183487 -0.00177045 0.0150154 148 160 112
0.0014566 -0.00232106 0.0147224 158 164 112
-0.00092582 -0.00256436 0.0123896 154 160 107
-0.0013642 -0.00191744 0.015795 138 155 112
0.000151493 -0.00161985 0.0155146 146 160 113
-0.00115507 0.000487359 0.0167576 104 132 96
-0.00296084 -0.00246044 0.0103995 156 162 110
9.17741e-05 0.000408096 0.0158663 136 155 114
0.00061251 -0.00218522 0.0157136 153 162 112
-0.0032157 0.00242648 0.0124669 140 136 128
0.000463535 7.07589e-05 0.0162125 144 160 116
0.000542369 0.000322793 0.0159227 144 161 116
-0.0040052 0.00311713 0.011475 126 106 104
-0.00570174 0.00150949 0.00851953 162 152 132
-0.00290946 0.00247222 0.0131452 144 142 132
-0.000950557 -0.00206769 0.0125794 146 157 108
-0.00209987 0.000697076 0.0158946 140 142 131
-0.000469986 0.000150493 0.0155041 130 154 112
-0.00301804 0.00259152 0.013523 145 140 133
0.000882117 0.000414166 0.0162498 149 164 117
-0.00140818 0.00029801 0.0162485 113 141 102
-0.00645296 -0.00536149 0.0145844 155 155 102
9.57684e-06 -0.00197833 0.0145693 156 164 112
0.000617761 -0.00246913 0.0160589 156 165 112
-0.000435763 -0.00178617 0.0117691 158 164 110
-0.000760404 -0.00221089 0.0133813 154 163 110
-0.00550286 0.00490814 0.014741 156 142 142
-0.0097485 -0.00104351 0.012033 156 150 92
-0.00709958 -0.0011896 0.0095706 155 150 92
0.00152039 1.26654e-05 0.0159427 162 172 122
-0.00724244 0.00123144 0.00816515 170 158 142
-0.00602919 0.00236749 0.0104362 151 135 119
-0.00690712 0.00302949 0.0100965 160 146 137
-0.00032639 -0.0021677 0.0119917 158 164 110
-0.00198818 0.00171795 0.0151161 150 148 138
-0.0023442 0.0014163 0.0132185 146 146 136
-0.0071761 0.00319064 0.0106342 160 146 137
-0.00678217 0.00136461 0.00757177 170 158 142
-0.00241618 0.00279963 0.00927755 161 152 145
-0.00550913 0.000459651 0.00999757 24 24 16
-0.00352609 0.00145619 0.010855 62 36 30
-0.00646581 -0.000353168 0.0108291 149 142 80
-0.00488281 0.00259047 0.0104845 93 34 21
-0.00572247 -0.00319789 0.0116111 108 114 70
-0.00383104 0.00215373 0.0109028 57 27 22
-0.00570248 -0.000233816 0.0109146 47 50 21
-0.00366066 0.00126262 0.00986409 146 118 106
-0.00381448 0.000509177 0.010548 29 28 16
-0.00486019 0.000918321 0.00968046 44 30 24
-0.00460324 8.8167e-05 0.0109026 22 33 20
-0.00642038 0.000312796 0.00889804 56 57 34
-0.00467575 -0.000340888 0.00870651 57 58 38
-0.00452148 0.000220841 0.0109759 32 34 20
-0.00607075 0.00188954 0.00763428 165 152 138
-0.00625128 0.00201358 0.00769659 165 152 137
-0.00486684 0.00292954 0.0110305 94 36 24
-0.0039736 0.00121663 0.00930784 35 28 12
-0.00496004 -6.98789e-05 0.0100088 44 47 32
-0.00379288 -0.00032326 0.00981408 102 110 82
-0.00230677 -0.0013087 0.00917218 156 164 114
-0.00190119 -0.00129954 0.00847478 82 84 62
-0.00379701 0.00256998 0.0116021 67 31 26
-0.00450031 -0.000239688 0.00986128 156 162 113
-0.0065717 0.000479595 0.00864673 55 56 28
-0.0061216 0.00035906 0.00951947 58 58 26
-0.00125233 -0.00119315 0.0157829 134 156 113
-0.00605558 -0.000390068 0.010707 84 85 44
-0.003302 -0.000148583 0.0111419 102 110 72
-0.00406846 0.00025361 0.011177 20 10 4
-0.00642656 0.000499646 0.00863719 110 104 69
-0.00439061 0.00258303 0.0104092 77 32 26
-0.0043923 -0.000202794 0.00945587 156 162 112
-0.00489788 0.0010525 0.00966603 24 14 12
-0.00392134 0.00112976 0.0093552 24 12 6
-0.0035939 0.00160507 0.0107724 64 38 31
-0.00417706 -0.000404501 0.00790645 68 76 64
-0.0049376 0.000880233 0.00949297 45 36 31
-0.00248105 -0.00128253 0.00941645 148 157 109
-0.00422351 -0.000342567 0.00831215 68 76 60
-0.00339158 0.000569141 0.00997689 22 8 3
-0.00460777 0.00312349 0.0111197 62 25 22
-0.00620677 -0.000344546 0.0116194 30 33 16
-0.00518628 -0.000128079 0.00995927 74 72 36
-0.00259619 -0.000981825 0.0088649 150 160 112
-0.00736945 -0.000741857 0.0112137 154 150 88
-0.00356438 -0.000100188 0.0116381 48 42 18
-0.003908 0.00103114 0.00969349 20 9 5
-0.00623754 0.00196817 0.00764084 124 119 100
-0.0035485 0.00122132 0.0101875 98 69 58
-0.00268836 -0.00111496 0.00911128 40 51 28
-0.00584855 0.00153625 0.00789677 158 146 128
-0.00421021 0.00051365 0.0108073 38 37 22
-0.00682571 -0.000517037 0.0106652 150 146 86
-0.00531098 -0.000240221 0.00975931 90 92 54
-0.00434121 -0.000209631 0.00864356 54 66 48
-0.00445059 0.000264389 0.0116196 10 5 2
-0.00625711 0.00042254 0.00884883 35 36 20
-0.00436664 -0.000242392 0.0090446 57 70 50
-0.00472733 0.00305278 0.0111052 68 28 22
-0.0056645 0.00140739 0.00804646 164 154 134
-0.00415284 0.00297768 0.0115285 79 44 42
-0.00526469 0.00246314 0.0106656 95 41 28
-0.00219525 -0.00114847 0.00873164 152 160 110
-0.00620598 0.000390331 0.00888741 29 31 17
-0.00432855 0.00303671 0.0113086 79 39 32
0.00253515 0.000923786 0.0171599 153 162 110
-0.00378901 -2.99781e-05 0.0116297 48 32 16
-0.00574923 0.00148694 0.00789585 30 38 20
-0.00335263 0.00119931 0.011136 70 48 34
-0.00195152 -0.00122766 0.00848048 156 162 112
-0.00565473 0.00150646 0.00807124 161 150 130
-0.0019733 -0.00133972 0.00861014 86 82 63
-0.00269651 -0.00140025 0.00967997 62 69 46
-0.00379118 0.00176935 0.010535 66 36 30
-0.00430249 -0.00063726 0.0111923 36 41 28
-0.00417012 -0.00141697 0.0101995 152 158 104
-0.000717268 -0.000487465 0.0150967 138 158 114
-0.00570237 0.00153981 0.0078331 42 51 30
-0.00286652 -0.00071355 0.0106538 148 160 113
0.000441874 -0.000578732 0.0155066 152 166 118
-0.0028123 -0.000934545 0.0101569 144 158 110
-0.00641243 0.000276298 0.0090711 68 68 38
-0.0045372 -0.000532549 0.0109507 74 76 44
-0.000446427 -0.00123232 0.0163297 142 159 117
-0.00407439 -0.00151072 0.0109134 76 89 54
-0.00361226 0.00193787 0.0109609 80 52 40
-0.00298618 -7.4689e-05 0.0106821 56 51 20
-0.00573094 0.00138816 0.00789317 68 78 56
-0.00625465 -0.00360578 0.0119893 146 146 92
-0.00177109 -0.00152716 0.00847334 42 50 19
-0.00608571 0.00199575 0.00805305 125 119 101
-0.000934147 -0.00150974 0.0176221 136 156 114
-0.00117651 -0.00205766 0.0149144 141 156 112
-0.00378169 0.00279666 0.0126788 99 82 72
-0.00375545 0.0028224 0.0125436 120 111 103
-0.00591847 0.00213853 0.0111246 84 38 23
-0.00400049 -0.00110079 0.0107692 154 161 110
-0.00649087 0.000135192 0.00932102 150 146 86
-0.00339012 -0.000338426 0.0114216 147 162 116
-0.00224364 -0.00135522 0.0089715 78 75 55
-0.00615703 0.000553784 0.00884294 156 148 104
-0.00247772 -0.00148607 0.0101346 148 158 109
0.00110889 -0.00219969 0.0156313 152 160 110
-0.00272176 -0.00092116 0.00908759 147 158 110
-0.00389629 -0.00177262 0.0118279 151 160 110
-0.00254099 -0.00141147 0.00935227 76 79 55
-0.00191158 -0.00148697 0.00855885 154 160 106
-0.00217856 -0.00022946 0.0147897 124 152 111
-0.00232278 -1.48815e-05 0.0155574 118 148 107
-0.00139179 -0.00151897 0.0154894 138 156 112
-0.00413184 0.00305865 0.0115378 120 101 99
-0.00256056 -8.35481e-05 0.0155221 117 148 106
0.000731038 -0.00117269 0.0138827 160 168 116
-0.00079574 -0.00183076 0.0155026 154 164 114
-0.0026419 -2.02848e-05 0.0160255 116 145 106
-0.00108266 3.78903e-05 0.01757 122 149 110
-0.006183 0.0030636 0.0120326 140 118 110
-0.00411462 0.00326442 0.0124338 132 118 118
-0.00493653 0.00365996 0.0110918 154 138 137
-0.00625822 0.0020683 0.00879181 161 149 135
-0.00582629 0.00158809 0.00932481 158 147 126
-0.00135654 -0.00268811 0.0141504 148 157 107
-0.00758433 -0.00106411 0.0101768 152 147 86
-0.00801059 -0.00131555 0.0111038 152 148 88
0.00093548 0.000580031 0.0163458 150 162 115
-0.00178905 0.000134589 0.0144616 120 148 110
0.00110696 -0.000269272 0.0163848 160 170 121
-0.0103451 -0.00125758 0.0130734 154 150 92
0.00238316 -0.00150994 0.0168337 166 171 120
-0.00970876 -0.00153908 0.0114506 154 150 93
-0.00437933 0.00419668 0.0138728 154 142 142
-0.00741196 -0.00167614 0.00985675 153 150 96
-0.00376465 0.00161869 0.00877284 56 34 21
-0.00500593 0.00027687 0.0104828 84 79 58
-0.0055805 -0.00287202 0.0113635 106 110 66
-0.00716209 -0.000832531 0.0112254 152 149 90
-0.00416528 0.00237981 0.0111235 59 26 24
-0.00202966 -0.00131643 0.00877434 111 110 83
-0.00327306 -9.36237e-06 0.0105288 98 104 67
-0.00557162 -0.00265594 0.0112745 62 75 36
-0.00631514 -1.87902e-06 0.0105515 70 74 41
-0.00515195 0.00223433 0.0103655 91 40 26
-0.00193081 -0.00136398 0.00874547 126 128 90
-0.00204265 -0.00130035 0.00885503 158 164 114
-0.000164069 -0.000228354 0.0157168 142 160 116
-0.00393487 0.00156254 0.00868797 37 43 22
-0.0074351 -0.000800258 0.0111009 153 150 90
-0.00284235 -0.00054044 0.010482 151 164 118
-0.00683014 -0.000940168 0.0106964 68 67 28
-0.00631722 -0.00104469 0.0100143 98 99 56
-0.00316755 -0.000521886 0.0103126 149 162 114
0.000292435 -0.000875568 0.0152549 152 164 116
0.000697131 0.000801214 0.0161588 140 153 106
-0.000795243 0.000599181 0.0162118 108 134 96
-0.00650601 -0.000850348 0.00988118 153 150 92
-0.00191469 -0.00130799 0.0087295 156 162 112
-0.00188949 -0.00157186 0.0085982 155 162 108
0.000542174 -0.000973082 0.0154185 154 166 117
-0.00472713 0.00330255 0.0114312 118 82 75
-0.00384031 0.00296679 0.0116979 89 61 56
-0.00222025 -3.33629e-05 0.0130962 128 154 112
0.00138717 0.00086524 0.0160908 147 158 110
-0.0026809 -0.00179691 0.0099206 156 162 110
-0.00794164 -0.00272645 0.00955316 156 154 101
-0.00400227 0.00331658 0.0128767 138 122 121
0.00172662 -0.00202744 0.0153073 154 163 111
-0.000151614 0.000658722 0.015973 120 144 100
-0.00304933 0.00216214 0.0119119 144 142 132
0.000213329 0.00060594 0.0163739 131 150 108
0.00103597 0.00133477 0.015751 168 162 146
-0.00506098 0.00366889 0.011539 154 138 136
0.000671245 -0.000823173 0.0152213 155 166 118
0.000354347 8.63093e-05 0.0160384 146 162 117
-0.000642728 0.000151091 0.0166208 128 153 112
-0.0117957 -0.00311484 0.0145777 156 152 96
-0.0120033 -0.00200537 0.0130848 160 156 100
-0.00405884 -5.26775e-05 0.0114537 34 13 8
-0.00593217 0.00178693 0.0113272 72 28 16
-0.00204178 -0.00141147 0.00876488 104 104 67
-0.0050887 -9.51364e-05 0.00996362 65 63 36
-0.00327647 -0.000979075 0.00966148 47 52 22
0.00122328 0.000976822 0.0162634 138 148 100
0.000498882 -0.000649228 0.0155905 150 164 116
-0.00337295 -9.35783e-05 0.0104875 150 164 115
0.000383095 -0.00114681 0.0150636 156 166 116
-0.0130488 -0.000822772 0.0131077 149 146 92
-0.00179083 -0.00143067 0.00862723 48 59 30
-0.00454989 0.00315367 0.0114513 66 27 26
-0.00726912 -0.00227101 0.00970164 98 98 59
0.000765372 0.000794903 0.0162007 144 156 108
0.000349083 -0.00178242 0.0146351 151 162 110
-0.00773572 0.00125975 0.00830523 168 158 142
0.00121927 -0.00183047 0.0145073 154 162 112
-0.00180093 -0.00107075 0.00847849 156 163 111
-0.00801977 -0.000419832 0.0107253 151 146 86
0.000970089 0.000710078 0.0162799 154 164 114
-0.006611 0.00201273 0.00760173 164 152 140
0.000825178 0.000586943 0.0161364 152 164 116
0.000940553 -0.00201403 0.0133948 160 166 112
0.000489515 8.32451e-05 0.0159856 150 164 118
-0.00200793 -0.00112523 0.00898675 153 162 108
-0.0072789 -0.00321374 0.00948352 158 157 102
-0.0118676 -0.00145397 0.0134821 159 156 102
-0.00521555 0.00415554 0.0113647 155 142 140
-0.00220185 0.00159273 0.013135 152 149 138
0.00155788 -0.000696839 0.0172212 164 173 123
-0.00567394 0.00466974 0.0118678 157 142 140
-0.00896054 -0.0010161 0.0111643 153 149 87
-0.0120309 -0.00135833 0.0149229 156 153 98
-0.00423444 -0.00449165 0.0126086 156 160 107
-0.000680588 0.0014221 0.0146121 158 155 142
-0.000615751 0.00185534 0.0147415 164 158 146
-0.00522472 -0.0051495 0.0129843 155 156 103
-0.00721232 -0.000943924 0.0110245 120 114 62
-0.00405359 -0.000152546 0.0107082 146 151 108
-0.00654634 -0.00151508 0.00995224 91 94 60
-0.00735669 -0.00251102 0.00972016 120 117 78
-0.00411513 -0.000364393 0.0105304 44 49 28
0.00118252 -0.00122011 0.0158751 156 165 114
-0.00539117 0.00383602 0.0101942 154 138 136
-0.00741085 -0.00358323 0.00972099 156 156 101
-0.0050716 0.00473808 0.0123873 154 142 139
-0.00268679 -0.00311438 0.00982112 156 160 106
-0.00370632 0.002183 0.00853453 122 84 39
-0.00429666 0.0023755 0.0100652 55 20 16
-0.00412811 -0.000400434 0.00767683 66 74 66
-0.00705401 -0.00087791 0.0110263 152 146 85
-0.0058372 0.000848119 0.0097925 31 16 10
-0.00624287 0.000337676 0.0110626 17 8 4
-0.00396769 0.00171034 0.00875522 36 37 18
-0.00555724 -0.000154261 0.0110743 82 76 46
-0.00554954 0.000485149 0.00871455 72 78 36
-0.00383021 0.00112561 0.00977092 120 88 71
-0.0038662 0.00135549 0.00903734 133 112 102
-0.00355423 0.00133974 0.0106778 64 37 30
-0.00638794 0.00035 0.0101199 62 70 32
-0.00580935 0.00074315 0.0101248 13 6 4
-0.00591567 0.000903672 0.010387 76 28 16
-0.00540955 0.00055759 0.00882297 36 32 18
-0.00582784 0.00093072 0.00980432 32 15 4
-0.00403206 0.00156205 0.00879432 37 40 18
-0.00565801 -0.00032726 0.0101179 90 92 51
-0.00435498 0.0023261 0.0104509 64 28 22
-0.00415509 -0.000380672 0.00773706 66 72 65
-0.00382997 0.001999 0.00860228 58 52 24
-0.00545087 0.000907493 0.00835657 66 49 24
-0.00317374 0.000477748 0.0112496 100 72 49
-0.0038842 0.000986797 0.00971179 24 12 10
-0.00425287 -0.000273979 0.00858696 62 74 56
-0.00373022 0.00134001 0.00962612 72 28 22
-0.00496684 0.000853652 0.00917119 14 14 8
-0.00390461 0.00181341 0.00862489 34 34 16
-0.00594745 0.00208357 0.00758367 118 113 91
-0.0055398 -0.000159301 0.0109053 112 108 68
-0.00404456 -0.000606922 0.00768518 102 107 78
-0.00336389 -0.00333369 0.0111416 130 138 90
-0.00402971 -0.000577415 0.00696928 58 61 48
-0.00380333 0.00136113 0.00948546 78 35 26
-0.00697276 0.000345688 0.0101813 142 136 74
-0.00379619 0.00202364 0.0086755 67 60 22
-0.00421765 -0.000404187 0.00785193 56 64 54
-0.00336126 -0.00372928 0.0115592 103 112 66
-0.00430208 0.00258889 0.0109323 88 40 29
-0.0037181 0.00177155 0.00846994 52 45 22
-0.00411781 -0.00044264 0.00775091 72 80 70
-0.00429417 -0.000171853 0.0112944 90 76 60
-0.00465904 0.00235578 0.0103865 61 20 13
-0.00457964 0.00237277 0.0107277 84 58 56
-0.00467337 0.000193359 0.010492 68 76 65
-0.00393653 -0.000481315 0.00693625 62 72 55
-0.00325239 -0.000677732 0.00949674 150 160 112
-0.00430574 -0.000374671 0.00804485 62 67 60
-0.00646157 0.000318927 0.00997836 90 73 42
-0.00463967 -4.25767e-05 0.00914449 54 61 48
-0.00658366 0.00039304 0.00997814 134 114 72
-0.00367501 0.00181835 0.00858012 67 36 30
-0.00474614 0.000302831 0.0107898 68 74 61
-0.00363775 0.00195634 0.0087002 68 35 30
-0.00408512 0.00275189 0.0115264 70 30 25
-0.00618224 -0.000224168 0.0105954 78 82 40
-0.00427604 -0.000367345 0.0079179 86 90 82
-0.00373014 0.00171262 0.00879459 74 41 35
-0.0058659 0.00126125 0.0101577 74 30 16
-0.00277077 -0.00107565 0.00929965 100 111 74
-0.00602408 -0.00156518 0.00874941 114 116 63
-0.00471937 0.00087965 0.0102017 26 23 12
-0.00627157 0.000402635 0.00918381 127 124 80
-0.0044446 -0.000147266 0.00913422 50 65 48
-0.00494098 0.000986819 0.0104347 18 8 6
-0.00527081 0.000689481 0.00846343 52 36 18
-0.00420846 0.00263852 0.0108458 90 46 38
-0.00368831 0.00136258 0.00998456 56 26 21
-0.00437929 -0.000264112 0.0121573 66 26 15
-0.00411811 -0.000478135 0.00774757 70 78 68
-0.00540271 -0.000523647 0.00994284 52 56 22
-0.00750384 0.000340809 0.00977493 138 133 77
-0.00409231 -0.000481641 0.00760182 64 73 64
-0.00467201 0.00189661 0.0100263 74 36 28
-0.00442287 0.002316 0.0103754 60 24 21
-0.00549192 -3.37004e-05 0.0111265 38 35 15
-0.00405133 0.00125061 0.0091228 34 40 18
-0.00555104 -0.000275154 0.0105457 72 76 38
-0.00568559 -0.000157209 0.0111753 32 34 16
-0.00579753 0.00125382 0.00809498 45 57 32
-0.00407194 -0.0006055 0.00798506 152 158 106
-0.00421818 -0.000461898 0.00784651 57 65 53
-0.00378394 0.00150556 0.00972895 64 30 26
-0.00449744 0.00115396 0.00952639 39 14 6
-0.0065374 -0.00184006 0.0101538 58 66 36
-0.00497927 0.00236311 0.01055 74 29 20
-0.00449331 -0.000212528 0.0103793 60 61 42
-0.00416151 -0.000349169 0.0102337 42 50 34
-0.0070548 0.000416854 0.00904974 60 58 28
-0.00563079 0.00168208 0.00784627 162 150 130
-0.00409181 -0.000355368 0.0126709 78 49 30
-0.00398284 -0.000586287 0.00742952 134 139 102
-0.00638379 0.00048342 0.00908315 148 142 80
-0.00508091 7.6958e-05 0.0103673 102 96 77
-0.00397944 -0.000624733 0.00734828 124 128 98
-0.00417325 0.000628164 0.0108278 20 20 11
-0.0039893 0.000952735 0.00976842 21 14 11
-0.00406022 -0.00162979 0.0109781 85 98 62
-0.00669905 -0.00189128 0.00998838 45 50 26
-0.00577034 0.00110733 0.00834363 36 48 24
-0.00447824 0.000155903 0.0105941 35 47 31
-0.00466035 0.000229144 0.0102172 84 86 82
-0.0068647 0.000546799 0.0091572 134 130 72
-0.00419809 0.00118048 0.00924037 32 35 16
-0.00283874 -0.00109264 0.00938957 52 62 38
-0.00565573 0.00271467 0.0114431 90 32 19
-0.00684114 0.000490808 0.00862018 41 44 28
-0.00427291 -0.000420213 0.00783746 66 69 62
-0.00425934 -0.00021045 0.0114724 124 110 82
-0.00518732 0.00247636 0.0106215 98 48 32
-0.00571464 0.00253458 0.0113335 88 31 21
-0.00381836 0.00176809 0.00841549 30 34 14
-0.00250337 0.000524256 0.0147841 94 124 86
-0.00405531 -0.000466304 0.00747014 80 87 78
-0.00557761 0.00278215 0.0114804 97 38 24
-0.00435696 -0.00018137 0.0119588 48 16 10
-0.00566161 -0.00129381 0.00842036 68 74 24
-0.00746516 -0.000772198 0.0112396 153 148 86
-0.00426638 -0.00150318 0.0104348 146 152 102
-0.00683006 -0.000481569 0.0108942 96 74 45
-0.00362221 0.0020924 0.0119908 71 34 22
-0.00149778 0.000452983 0.0166976 99 127 90
-0.00807027 -8.62613e-07 0.0105424 32 36 20
-0.00412092 -0.00152164 0.0103297 152 156 106
-0.00237048 -0.00118929 0.00896494 158 166 115
-0.00591431 0.00185949 0.00769653 156 146 130
-0.00677659 0.000476446 0.0091685 145 140 80
-0.00628797 0.0002199 0.00931681 58 59 36
-0.00596023 0.00212482 0.0076806 162 150 137
-0.00400195 -0.00148808 0.0107226 110 122 78
0.000320539 0.000509225 0.0181739 120 141 98
-0.00255631 -0.00110336 0.00890379 62 69 47
0.000255985 0.000782772 0.0170081 107 126 84
-0.00270667 0.000254992 0.0164113 100 132 94
-0.00307316 -0.000829998 0.0094424 144 156 108
0.000210302 0.000712191 0.0164073 120 139 99
-0.00656589 0.000323847 0.008881 40 43 24
-0.00872038 5.71703e-08 0.0120389 130 124 68
-0.00246776 -0.00121577 0.0155455 144 163 116
-0.0102912 -0.000288036 0.0132969 126 120 70
-9.28277e-05 -5.45362e-05 0.0158036 140 158 116
-0.00419224 0.00300441 0.0120193 78 44 42
-0.00218115 -0.000506153 0.0146377 126 153 112
-0.00598875 0.00188102 0.0110409 42 18 10
0.000612151 0.000827262 0.0169999 112 128 84
-0.00765553 -0.000683788 0.0116249 152 148 85
0.000774529 -0.000493047 0.0168351 160 171 121
-0.00745166 -0.00288788 0.00973161 159 158 105
0.000540543 -0.0019593 0.0168314 151 163 115
-0.00436883 -0.000352467 0.00849989 47 60 40
0.00083809 0.000785953 0.0178277 112 128 82
-0.000626201 -0.000499386 0.0150308 148 164 118
0.00019592 0.000476844 0.0185415 116 136 95
-0.00798126 0.000910721 0.00906131 166 154 135
0.000515709 0.000720542 0.0165578 127 144 102
-0.00672844 -0.000126632 0.0101096 153 144 84
-0.00102119 -0.000591044 0.0158976 136 158 115
-0.00282749 0.000334273 0.011962 124 151 110
-2.33146e-05 -0.00104076 0.0164213 152 166 118
-0.00048004 -0.00212998 0.0171751 154 165 114
0.00135201 0.00116089 0.0172312 168 162 148
0.000932121 -0.00165073 0.0141133 155 164 112
0.000290649 0.000699217 0.0178671 106 126 84
-0.00563383 0.00173491 0.00785918 161 150 130
0.000314827 -0.00071952 0.0171689 148 164 118
-0.00587143 0.0021295 0.00766527 162 149 134
-0.00031091 -0.000576602 0.0153967 148 164 118
-0.00302616 -0.00354805 0.0113528 113 118 73
0.000795231 -0.00186915 0.0138798 158 165 112
-0.00809035 -0.000173265 0.0108522 68 66 34
-0.00698591 -0.00271751 0.00979668 158 157 103
-0.00252372 -0.00115485 0.00899048 50 58 34
0.000108049 -0.00187072 0.0148264 157 166 114
-0.00125094 -0.00231689 0.0151763 142 156 110
-0.00943852 -0.000160183 0.0107709 151 146 88
-0.00720323 -0.00050107 0.0103014 154 148 87
-0.00299869 -0.00188107 0.0103378 156 161 110
-0.00786506 -0.000522527 0.0110806 154 148 85
0.00102936 -0.00197763 0.0140433 158 164 113
-0.00223626 -0.000109316 0.0161014 122 151 111
-0.0069652 -0.00262202 0.00931051 158 157 106
0.000625455 -0.000214199 0.0169188 150 166 120
-0.0103643 -0.00265552 0.0136868 154 149 90
-0.00112131 -0.00134936 0.00859736 158 162 106
-0.00242612 0.000209197 0.0137897 117 148 107
-0.00700781 -0.00280743 0.0096538 158 157 104
-0.0082394 -0.000249095 0.0108998 152 147 89
-0.00259303 -0.00205637 0.00949835 160 164 109
-0.00247715 -0.00151865 0.00886697 158 164 108
-0.00268103 -0.00164119 0.00986896 125 125 82
-0.0155668 -0.00169627 0.0170349 151 146 90
-0.0117309 -0.000964475 0.013596 154 148 92
-0.00135642 -0.00173779 0.00869677 158 162 105
-0.0136676 -0.00135747 0.0157663 152 146 88
-0.00379625 0.0036978 0.0129081 155 144 142
-0.0100031 -0.00385025 0.0121886 157 154 100
-0.00777096 -0.000260117 0.0106579 153 147 85
-0.00109069 -2.44233e-05 0.0146877 134 156 113
-0.00693174 0.00108675 0.00838459 166 155 134
-0.0102387 -0.00279582 0.0138821 154 148 92
-0.00963674 -0.00116856 0.0108737 156 152 96
-0.00707842 0.00103441 0.00870563 167 155 136
-0.00797926 -0.000223731 0.0106697 153 148 88
-0.0014107 0.000312093 0.0166411 116 144 103
-0.00766905 -0.000148129 0.0102832 154 147 86
-0.00814383 -0.00383578 0.0111335 158 157 102
-0.00234033 -0.00171356 0.0114369 154 162 110
-0.0126504 -0.00141409 0.0150957 154 149 90
-0.0032262 0.00210631 0.0125098 144 141 131
0.00207735 -0.00351019 0.0179084 162 168 114
0.00157034 0.000648005 0.0164684 156 168 116
-0.00167758 0.000253631 0.0144158 122 150 110
-0.013913 -0.00272801 0.0188049 154 150 92
-0.00615943 0.00217505 0.00949879 158 145 130
-0.00123026 0.000130309 0.0149725 128 152 111
-0.000329594 -0.000278432 0.0227871 119 145 105
-0.0102261 -0.00303371 0.0140452 152 148 92
-0.0078432 -0.00146238 0.0107769 153 148 88
-0.00611569 0.00223362 0.0093869 158 145 130
-0.0112957 -0.00357298 0.0141179 154 149 90
-0.00597787 0.00240899 0.0086699 158 144 131
-0.0138492 -0.00426743 0.0141621 163 158 102
-0.00371239 -0.00213505 0.00907054 156 159 105
-0.0083222 -0.00272265 0.00963926 158 156 101
-0.00588311 0.00261691 0.00997231 152 136 124
-0.00726488 -0.00507021 0.0141343 155 154 104
-0.00365262 -0.00330054 0.0102813 156 158 104
-0.0149579 -0.00474985 0.0175981 156 152 94
-0.00372588 0.00388088 0.0114472 156 144 142
0.00116977 -0.00288503 0.0137784 160 166 110
-0.00322232 0.0046023 0.015092 162 152 148
-0.00757847 -0.00569488 0.0149784 154 154 100
-0.00665877 0.0032092 0.0112201 156 140 133
0.000649414 0.00349501 0.0197393 166 158 148
-0.0117269 0.00464505 0.0127503 172 154 145
-0.01285 -0.00257716 0.0129436 161 155 98
-0.00729524 -0.00532277 0.0140999 154 154 102
-0.00742881 -0.00157853 0.0077312 160 155 101
-0.00659025 0.00367841 0.0106801 159 143 136
-0.00801922 -0.00622474 0.0146823 155 155 104
-0.0200188 -0.011665 0.0216633 159 156 99
-0.00736349 -0.00537856 0.0136457 154 156 104
-0.00696338 -0.00443837 0.0121135 155 155 102
-0.00433123 0.00251525 0.0108359 80 36 28
-0.00491591 0.00241428 0.0106194 76 27 18
-0.00518357 0.000688143 0.00949286 32 36 24
-0.00651958 0.000427938 0.00880331 54 56 34
-0.00440967 0.00202284 0.0102299 74 40 32
-0.00510263 0.000143356 0.0101447 70 56 44
-0.00671072 0.000464967 0.00856043 34 40 22
-0.004588 0.00152131 0.00986159 77 32 23
-0.00636921 0.000412275 0.00878547 36 38 24
-0.00511264 0.00027125 0.0101618 85 78 58
-0.00422129 0.00254567 0.0109261 76 33 24
-0.00505921 0.000189121 0.0101133 64 52 38
-0.0046504 0.000211497 0.0106994 66 74 61
-0.00448592 0.00205966 0.0102572 80 38 29
-0.00458991 -0.000100386 0.0104475 56 62 42
-0.00519158 0.000716858 0.00953256 32 38 26
-0.00656294 2.45873e-05 0.0102739 66 62 38
-0.00434152 0.00116005 0.00948722 39 33 16
-0.00459913 0.00288153 0.0109666 78 34 29
-0.0046268 -0.000178777 0.00908763 51 61 44
-0.0044039 -0.000343703 0.00836441 63 68 54
-0.00582973 -0.00145218 0.00849094 91 101 51
-0.0034931 -0.00317714 0.0112267 84 95 50
-0.00553177 0.000687479 0.00885349 78 76 39
-0.00605618 0.00172526 0.00783846 116 112 91
-0.00497493 0.00214789 0.0104141 78 37 28
-0.0039219 0.00257907 0.0112772 88 48 37
-0.0060866 -0.0010898 0.00995148 45 49 28
-0.00621439 -0.00108805 0.0101708 48 50 26
-0.00635517 0.00218438 0.0075931 164 153 141
-0.00525795 0.00227017 0.0105416 51 14 8
-0.0050313 0.00155428 0.00985587 59 25 20
-0.00286718 -0.000625595 0.0104991 149 162 114
-0.002189 -0.00140977 0.00916228 124 123 87
-0.000790811 -0.000619822 0.0158149 142 162 116
-0.00680447 -7.43778e-05 0.00988251 152 146 85
-0.00673389 0.000460919 0.00845451 33 41 24
0.0012733 0.00075254 0.016284 153 164 115
-0.000677915 0.000753758 0.0159152 102 124 85
0.000644179 0.000879394 0.0162151 130 142 96
-0.00607131 0.00187285 0.00778142 162 151 135
-0.0069202 -0.00195566 0.00984073 48 52 26
0.000415752 0.00085508 0.0163838 115 130 92
-0.00312216 0.00129327 0.011166 150 149 137
-0.0016166 -0.000395701 0.0146711 131 156 114
0.00116832 -0.00199967 0.0152093 155 164 112
0.000606655 0.000511116 0.0164129 142 158 112
-0.000635861 0.000522429 0.016361 122 144 105
0.000285995 -0.000983912 0.0159639 152 166 119
0.000408099 -0.000117898 0.0158466 150 166 116
0.000887484 0.000609651 0.0166232 150 162 113
-0.000183526 -0.0015857 0.0141817 156 166 114
-0.011504 -0.00274218 0.0143486 156 152 96
-0.00590004 -0.00174426 0.00847161 156 155 102
-0.00106702 -0.000336368 0.0156505 135 157 116
-0.00432618 -0.000529479 0.00666033 156 156 104
-0.00281828 -0.00240829 0.0105008 160 165 110
-0.00289569 -0.00167455 0.00976367 160 166 112
-0.0167068 -0.00229098 0.017593 160 156 99
-0.0080105 -0.0025824 0.00972579 156 155 100
-0.0063925 -0.00104443 0.00967556 154 151 92
0.000743582 -0.000778584 0.0157771 159 170 119
-0.00718211 -0.00194133 0.00989481 152 150 96
-0.00441445 0.00359104 0.0118578 154 140 140
-8.86451e-05 6.77054e-05 0.0170069 138 159 114
-0.0133196 -0.00304998 0.0178738 155 152 93
0.000107739 -0.00197203 0.0147875 160 168 115
-0.00301236 0.00227811 0.0121837 146 142 134
1.90129e-06 -0.00013759 0.0199586 132 154 112
-0.00748087 -0.0016809 0.0098867 155 152 94
0.000656472 0.00126218 0.0185787 164 161 148
-0.00737507 -0.00365622 0.0110152 158 158 106
-0.00292121 0.00310837 0.0118746 160 152 144
0.0034873 0.00740761 0.0245709 163 152 144
0.00516244 0.0046892 0.0339026 168 160 148
-0.0116073 -0.00471896 0.0124625 161 157 100
-0.0081268 -0.00285456 0.00932462 159 157 102
0.00412759 0.00488259 0.0245653 166 157 146
-0.00703175 -0.000921429 0.0109994 143 138 87
-0.00644072 -2.35764e-05 0.010441 101 102 55
-0.00454737 0.0016656 0.00999457 68 30 24
-0.00496234 0.000874186 0.0106134 22 12 6
-0.00652582 0.000427903 0.0102002 92 70 42
-0.00508101 0.000529785 0.010543 38 46 31
0.00354911 0.000919029 0.0199213 138 147 96
-0.00460293 0.00312073 0.011196 64 26 23
0.00357763 0.000883071 0.0202296 140 148 99
-0.00749235 0.00100932 0.00817597 168 156 135
-0.00519723 0.000735155 0.00936858 32 38 24
-0.00441065 -0.000303006 0.00836268 66 70 57
-0.00439115 0.000389221 0.0110086 10 5 2
-0.00788025 0.00150992 0.00806481 168 157 143
0.00056211 0.000822293 0.0169923 120 134 91
-0.00190357 -0.00142244 0.00887291 116 116 79
0.0034359 0.000664513 0.0195535 158 167 113
-0.0146189 -0.000735161 0.0149963 168 158 136
0.00101904 0.000781799 0.0166134 144 156 105
0.0010674 0.000657426 0.0162294 155 166 114
0.00197011 0.00083686 0.0171254 144 156 106
0.00260174 0.000458537 0.0181667 164 173 120
0.00177651 0.000834479 0.016856 146 158 108
0.00152981 -0.00186761 0.0160392 161 169 114
-0.0015346 -0.00171082 0.00852045 113 119 74
0.00104736 -0.00129929 0.0151605 166 172 118
-0.00708854 -0.00276541 0.00976024 158 158 102
-0.00708838 -0.00281919 0.0112273 156 152 92
0.00169719 0.000846387 0.023033 162 158 146
-0.00726004 -0.00190291 0.00982597 154 152 96
-0.00791143 -0.00190017 0.00994392 153 150 92
0.00176973 0.00306371 0.0216526 168 160 148
-0.00271581 -0.000219639 0.0105563 84 73 47
-0.00249225 0.000888824 0.0107048 124 147 106
-0.00373843 -0.000271507 0.0109518 155 167 118
-0.0024486 -0.00051884 0.0104764 142 153 102
-0.00235295 0.000902866 0.0108883 120 144 100
0.000115803 0.000125498 0.0157008 146 162 117
-0.00235924 0.000827118 0.0108056 126 150 106
-0.00702341 -0.00308101 0.0106288 158 156 100
-0.00500015 0.00403027 0.0110805 154 140 138
-0.00773826 -0.00302636 0.00984036 55 60 28
-0.00421635 0.00268017 0.0110177 82 42 37
-0.00379812 0.00206841 0.00864259 50 34 14
-0.00317643 0.000742439 0.0109542 151 124 108
-0.00515622 2.56164e-05 0.00999529 84 78 46
-0.004195 0.00250929 0.0109831 82 42 39
-0.00561033 0.000726594 0.00983374 32 34 21
-0.00521441 0.000956979 0.00970435 22 12 9
-0.00483422 0.0011355 0.00947513 24 10 4
-0.00395267 -0.000527586 0.00686573 62 70 58
-0.00474763 0.000796964 0.010584 26 24 12
-0.004326 0.00201278 0.0101745 76 41 36
-0.004635 -0.000214174 0.00881014 54 60 43
-0.00392886 0.00265979 0.011588 78 36 27
-0.00654538 0.000468939 0.00985462 142 131 73
-0.00516974 0.00221327 0.010288 86 36 24
-0.00471265 0.00106214 0.00981062 17 9 4
-0.00382184 0.00156946 0.00882943 35 36 14
-0.00386313 0.0014474 0.00898019 37 37 15
-0.00591417 -0.00155127 0.0086026 106 110 62
-0.00497155 0.000526217 0.0105394 40 48 35
-0.00312332 0.000627244 0.0108572 140 116 97
-0.00473544 0.00267398 0.0107623 90 38 29
-0.00439951 0.0024143 0.011121 60 24 20
-0.00428407 -0.000508918 0.00787238 74 74 68
-0.00433028 -0.000377393 0.00833177 69 79 68
-0.00564766 0.000598278 0.00965648 16 10 4
-0.00433961 2.82069e-06 0.0113913 30 12 8
-0.00321854 -0.00257549 0.0106201 159 164 108
-0.00534001 0.000400142 0.00940414 39 45 28
-0.00372555 0.00213294 0.00865935 93 71 32
-0.00412563 0.00163703 0.00909302 54 28 22
-0.00434101 -1.89984e-06 0.01063 48 44 29
-0.00672224 -0.000568461 0.0108124 126 110 70
-0.0166536 -0.00180398 0.0178713 138 134 77
-0.00673971 0.000472105 0.00940692 146 140 80
-0.00422222 0.0023145 0.0109009 67 32 28
-0.0058703 -0.0015065 0.00881842 108 114 64
-0.00479021 -3.55661e-05 0.00974332 43 51 38
-0.00384004 -0.000194086 0.0108278 155 166 118
-0.00506443 0.000370259 0.00952972 38 36 18
-0.00581116 -0.00104508 0.0101526 48 52 27
-0.00458874 -0.000159179 0.00912946 50 61 47
-0.00701275 0.000634213 0.00823609 40 44 24
-0.00573375 0.0026204 0.0114043 67 20 12
-0.00386014 0.00258735 0.0117796 83 43 34
-0.00469432 0.00101897 0.0100487 19 11 4
-0.00724517 0.000611945 0.00827426 59 60 32
-0.0041492 0.00102544 0.00949525 40 44 22
-0.00375234 0.000840548 0.0102298 18 10 6
-0.0071918 0.000708388 0.00772191 135 132 75
-0.00587433 -0.00290105 0.011397 113 115 68
-0.00713659 0.00067459 0.00801747 56 58 34
-0.00439999 -0.000326349 0.00812718 62 65 52
-0.00599567 0.0016503 0.00785581 116 115 90
-0.00467757 -0.000164537 0.00938427 50 58 44
-0.00387299 0.0017264 0.00873953 32 36 16
-0.00584335 -0.000988488 0.0102627 54 57 30
-0.00658682 0.000638661 0.00878597 136 132 72
-0.00683837 -0.000452923 0.0106875 150 140 84
-0.0025938 0.000997672 0.0113403 90 116 76
-0.00581763 0.00243357 0.0113743 86 30 18
-0.00679036 0.000582847 0.00831109 40 44 22
-0.00643244 0.000492116 0.00892574 147 142 78
-0.00688645 -0.000395747 0.0109082 128 106 64
-0.00464282 -7.61028e-05 0.00962141 50 60 48
-0.00610247 -0.000952084 0.0100695 46 51 27
-0.00595584 -0.000728394 0.0101422 56 60 33
-0.00580997 0.00259483 0.011366 76 26 18
-0.00710859 0.000649807 0.00791114 142 138 84
-0.00652561 0.000527764 0.00911929 146 140 78
-0.00545133 -0.000942536 0.00956492 102 102 46
-0.00379108 0.00308064 0.0119625 130 119 116
-0.00442151 -0.000344118 0.00797823 63 66 50
-0.00664134 0.000461516 0.00840569 38 42 24
-0.00266068 0.00079888 0.0110648 119 146 106
-0.00275218 0.000270044 0.0105887 134 158 116
-0.00725461 -0.00216439 0.0102199 152 150 96
-0.00594721 0.00183454 0.00788873 102 96 74
-0.00607812 -0.00187493 0.00877056 154 154 100
-0.00322569 -0.00334644 0.0114001 158 161 111
-0.00397769 -0.00173928 0.0103898 79 91 46
-0.00656394 -0.000986893 0.0106166 152 151 94
-0.0176373 -0.00202278 0.0184681 144 138 80
-0.00109611 -0.002732 0.0147346 156 165 112
-0.00871521 0.000272473 0.00932445 145 141 86
-0.00554181 -0.00116376 0.00908042 82 88 35
-0.00663049 0.000357858 0.00852801 118 113 70
-0.00760806 -0.00107532 0.0112751 136 126 70
-0.00873349 0.000355436 0.00896547 136 134 82
-0.00887333 0.000228333 0.00906056 150 146 94
-0.00915489 0.000215676 0.00934486 141 137 82
-0.0084472 0.000435987 0.00870028 134 131 78
-0.00707538 0.000566595 0.00791132 149 145 84
-0.00715766 -0.00197101 0.00998743 152 150 96
-0.00700467 -0.00114662 0.0102462 153 149 88
-0.00180806 0.000842429 0.0112452 129 153 110
-0.00765637 -0.00215311 0.00939526 156 156 102
-0.00823566 0.000380879 0.00856714 150 148 92
-0.0107638 -0.000546735 0.0117832 155 151 96
-0.00435574 0.00382763 0.0113213 155 141 141
-0.0175007 -0.00356278 0.0204774 156 152 96
-0.00282008 -0.00216182 0.0105752 160 166 111
-0.0070661 -0.0010899 0.00830824 156 154 98
-0.0072946 -0.00312279 0.0103982 156 157 102
-0.00956523 -0.00224111 0.0136442 152 147 85
-0.00407225 0.00354049 0.0128968 152 140 139
-0.0103108 -0.00242179 0.0134251 152 148 90
-0.00722507 -0.00171041 0.00887484 156 156 100
-0.00436174 0.00363894 0.0106967 153 141 141
-0.000913898 -0.0015168 0.0111193 161 167 113
-0.00411712 0.00408338 0.0112352 156 146 144
-0.0065285 0.00335146 0.00941579 161 147 140
-0.0187104 -0.00778467 0.0189742 161 156 102
-0.0153783 -0.00871491 0.0179144 158 158 102
0.00449083 0.00671386 0.0293905 164 154 146
0.00399255 0.00623522 0.0267591 166 156 146
-0.0170537 -0.00830944 0.0183711 161 158 105
-0.0181663 -0.00977507 0.0189134 160 156 102
-0.0267399 -0.0168006 0.0318706 160 157 102
-0.00623916 0.000340026 0.0101821 64 62 28
-0.00296771 0.000989725 0.0110332 94 113 76
-0.00643517 0.000432984 0.0102178 82 68 44
-0.0151292 -0.00121546 0.0159286 129 126 76
-0.00404737 0.000128824 0.0110723 22 8 4
-0.00498026 0.000610963 0.0103486 30 38 24
-0.00413941 0.000270857 0.0110226 18 8 4
-0.00370226 0.0022174 0.0117377 48 20 14
0.00304894 0.000989528 0.0183643 146 150 102
-0.00401132 -6.6919e-05 0.0111605 113 79 53
-0.00572851 -0.00293299 0.0112566 109 115 78
-0.00493857 0.000986894 0.00889665 38 28 22
-0.00572564 -0.00297335 0.011242 80 85 48
-0.00739249 0.000881842 0.00821889 165 154 131
-0.00441491 0.0014386 0.00978601 88 51 40
-0.00679827 0.000544182 0.00855286 84 90 56
-0.00431054 0.000242036 0.0107185 21 8 6
-0.00690988 0.000589762 0.00840674 52 58 30
-0.00490756 3.33242e-05 0.0100675 87 87 78
-0.00309951 -0.000172308 0.0107913 108 116 72
-0.00487129 0.00113327 0.00944785 60 38 28
-0.00755253 0.00100521 0.00811074 130 124 103
-0.00431457 0.00182833 0.00995593 66 35 31
-0.00587035 -0.00139034 0.00857732 154 153 98
-0.00594397 -0.00157494 0.00850138 108 116 66
-0.00732751 -0.000609988 0.0113728 148 142 80
-0.00438588 -0.000212939 0.00862274 68 77 65
-0.00553374 0.00279794 0.0113375 84 33 22
0.000498081 0.000798691 0.0170949 122 136 96
-0.00609676 -0.000865542 0.0100646 100 101 64
0.00119614 -0.00167819 0.0142533 154 162 110
-0.0016764 -0.00178408 0.00857917 154 161 106
-0.00465041 0.00195022 0.0101348 76 36 30
-0.00674596 0.000448305 0.00863276 33 40 26
-0.0059883 -0.00170609 0.00862338 153 152 96
-0.00234874 0.000883574 0.0116455 114 141 98
-0.0042697 0.00308443 0.0112888 80 48 44
-0.0156623 -0.00144121 0.0163156 134 132 78
-0.00285482 0.000845733 0.0107603 116 143 102
0.00271112 0.000751757 0.0180477 158 168 114
-0.00765584 0.000241998 0.00874024 152 147 86
0.00242274 0.000678504 0.0183878 156 166 113
-0.00223312 0.000761828 0.0117987 125 150 106
-0.00222411 -0.00110289 0.0111667 148 160 112
-0.0145757 -0.00131188 0.0153908 148 146 90
-0.00750128 0.0011764 0.00818246 165 155 136
0.00069106 0.000679194 0.0162813 144 158 111
-0.000274306 0.000253016 0.0155613 140 160 116
-0.00177 0.00102213 0.0111967 123 145 102
-0.00525618 0.00339725 0.0113259 146 127 128
-0.000387154 0.00023995 0.0150337 144 162 117
-0.00170633 0.00100531 0.0112767 126 148 105
0.00120684 0.000714454 0.016158 154 167 118
-0.00054073 3.08384e-05 0.0152456 144 161 116
0.000139482 -0.00155882 0.0143277 154 164 112
-0.00176065 0.000215986 0.012151 138 158 116
-0.00988246 -0.00105141 0.0124546 153 150 93
-0.00176618 0.000896949 0.0114239 131 153 110
-0.00204223 0.000510415 0.0126225 132 156 112
-0.0119297 -0.00344537 0.0149777 154 150 93
-0.0144085 -0.00217022 0.0151795 156 154 98
0.00132085 -7.94205e-05 0.0167192 166 176 122
-0.00220025 0.0014987 0.0123769 152 150 139
-0.00344077 0.00462917 0.0130331 159 150 146
0.00215851 0.00207745 0.0225814 169 163 149
-0.00554315 -0.000566529 0.0104205 52 56 23
-0.00455436 0.00226552 0.011724 76 40 32
-0.00498825 0.00126052 0.00966323 142 100 80
-0.00292443 0.000938217 0.0108426 131 124 96
-0.00714085 0.000582729 0.00851077 54 59 33
-0.00746284 0.000962668 0.00820577 141 134 112
-0.00766585 0.000790628 0.00822211 100 98 71
-0.00522757 0.00214912 0.0119777 82 38 27
-0.00759803 0.00107207 0.00805175 108 108 87
-0.00714604 0.000597485 0.00854818 53 60 34
-0.00774862 0.0007662 0.00800431 159 148 120
-0.00742205 0.000793357 0.0081496 67 70 35
-0.00731554 0.000554716 0.00839479 98 99 54
-0.00684397 0.000640628 0.00890001 129 126 70
-0.00355169 0.00247639 0.0115987 102 81 72
-0.0076044 0.000541296 0.00817534 144 139 79
-0.00691091 -0.00177202 0.00994081 150 146 90
-0.00334299 -0.000370858 0.00993369 152 164 112
-0.00446502 0.0033688 0.0113681 128 105 102
-0.00514306 0.00356474 0.0113831 153 136 136
0.000442653 0.000192711 0.0156062 150 164 116
-0.00751952 0.00150037 0.00810854 164 154 136
-0.0111512 -0.00188597 0.0144296 154 151 94
-0.0147248 -0.00181878 0.0150798 158 156 102
-0.00635958 0.000359633 0.0103444 132 116 67
-0.00642322 0.000309205 0.0102162 122 108 68
-0.00515496 0.000407166 0.00892939 34 26 12
-0.0033164 0.00110047 0.0104425 136 97 82
-0.00259992 -0.000552732 0.0105101 146 160 111
-0.00451854 -0.000227246 0.00884352 58 66 52
-0.00637848 0.000264969 0.0103997 146 141 84
-0.00518989 0.000883248 0.0091785 6 6 4
-0.00531042 0.000680861 0.00929103 40 40 29
-0.003257 0.000888683 0.0104849 142 94 75
-0.00314045 0.000895722 0.010763 144 108 94
-0.00360341 -0.00137228 0.00812945 66 73 32
-0.00422836 -4.6138e-05 0.0112415 62 24 16
-0.00426759 0.00166095 0.00980867 75 43 38
-0.0061573 8.59346e-05 0.0107295 44 48 27
-0.00653742 0.000514782 0.00868154 143 138 76
-0.00619768 -8.99352e-06 0.0106733 76 79 53
-0.00411415 0.00189067 0.0102361 70 38 34
-0.00634792 0.000198575 0.0103522 42 44 26
-0.00455641 0.000142019 0.0101237 60 71 62
-0.00647648 6.04634e-05 0.0104327 54 58 39
-0.00421114 -0.000203106 0.0103595 52 57 40
-0.00529662 -0.000379887 0.0102672 91 94 53
-0.0040501 0.00196607 0.0104336 76 44 37
-0.00438361 0.000158123 0.0108195 34 30 22
-0.00401318 0.00233574 0.0110084 68 38 35
-0.0052006 0.00235573 0.0108535 68 21 12
-0.00524302 9.36845e-05 0.00935986 78 86 48
-0.0133195 -0.000881577 0.0133667 145 142 86
-0.00356009 -0.000103921 0.011537 86 60 34
-0.00582786 0.0022958 0.0113107 76 26 16
-0.00396033 0.00211196 0.0104998 70 36 31
-0.00615778 -0.0014608 0.00966184 73 78 49
-0.00472299 0.00230906 0.0102813 56 20 14
-0.00507047 0.000443239 0.0101571 30 36 23
-0.0065648 0.000415764 0.00863009 35 46 25
-0.00365396 0.00222441 0.00844135 134 100 62
-0.00518958 -0.00088253 0.0102615 92 96 50
-0.00431242 0.00161247 0.00994922 34 10 8
-0.00430241 0.0014759 0.00979936 54 22 16
-0.00507962 0.00108874 0.00949721 66 32 26
-0.00538092 -0.000598603 0.0103225 44 54 22
-0.00435711 -0.000364578 0.00797782 70 70 64
-0.004196 0.00224859 0.0104456 77 46 41
-0.00434749 -9.74963e-06 0.0102861 57 62 51
-0.0033578 -0.00339796 0.0111148 101 111 66
-0.00412276 0.00162186 0.00984839 56 28 22
-0.00457724 -0.000185043 0.00872519 56 64 48
-0.00464709 0.00229249 0.0105151 80 37 31
-0.0045121 -0.000259593 0.00842061 56 63 46
-0.00440506 -0.000219087 0.00883039 64 74 62
-0.00672998 0.000364894 0.00878638 62 64 42
-0.00285272 -0.00267451 0.0103886 158 164 110
-0.00686538 0.000483939 0.00847574 38 48 28
-0.00231328 0.00117655 0.00991459 110 130 90
-0.00694553 0.000548921 0.00836757 38 47 27
-0.00281619 0.000911048 0.0104483 121 147 106
-0.00423944 0.00190225 0.00993289 68 34 30
-0.00612584 -0.000719165 0.0101525 153 154 98
-0.00692335 0.000488316 0.00853307 50 55 34
-0.00572529 0.00167812 0.0104784 24 8 8
-0.00656365 0.000468862 0.00865615 48 56 32
-0.00254823 0.00104155 0.0108449 107 128 90
-0.00312061 0.000486201 0.0103963 146 106 81
-0.00603227 -0.00091561 0.0100301 49 53 28
-0.00222759 0.00119566 0.00970112 112 134 92
-0.00420617 -0.000438774 0.0104283 81 82 48
-0.00318923 -3.24929e-05 0.011089 36 44 14
-0.00994706 0.000139102 0.00994644 128 127 80
-0.00787522 0.000383722 0.00896614 143 138 81
-0.00353067 -0.000244681 0.0101791 158 170 119
-0.00576842 -0.00206165 0.00982917 154 156 101
-0.00293193 0.000916807 0.0106928 114 140 98
-0.00425315 0.00303532 0.011539 92 54 54
-0.0095399 0.000208188 0.00987774 126 128 77
-0.00606393 -0.00145777 0.00966718 154 156 100
-0.0121763 -0.0006626 0.0125297 150 148 96
-0.00614091 -0.0034292 0.0116849 155 157 100
-0.00507436 -0.00380092 0.0138309 156 161 108
-0.00261335 0.000930732 0.0109087 118 143 101
-0.00283582 0.000791209 0.0109149 126 151 109
-0.000482811 0.000154594 0.0147215 146 162 118
-0.00756673 -0.000824826 0.0108472 150 148 86
0.00141112 0.000997121 0.0145039 160 169 116
-0.00634301 -0.00174182 0.00900709 155 154 99
-0.00275725 0.00076523 0.0108515 128 152 110
-0.00764833 -0.000852036 0.0109376 152 148 86
-0.00304867 -0.00293941 0.0100717 158 162 106
-0.00976868 3.36022e-05 0.00973835 149 148 97
-0.00279318 0.000901428 0.0103224 125 150 108
-0.00271865 0.00069921 0.0110339 131 155 112
-0.00301426 0.00156162 0.0107055 151 150 138
-0.00267807 0.000854129 0.0105586 126 152 110
-0.00204275 0.000486794 0.0114354 138 160 116
0.000400271 -0.00117584 0.0120077 156 164 112
-0.0138593 -0.00353174 0.0145057 156 155 101
-0.00256651 0.000667939 0.0111918 134 158 116
-0.00246589 0.00136877 0.0118563 153 151 138
-0.000919781 -0.00139755 0.0134451 162 170 116
-0.00799042 0.000263289 0.00902704 149 144 84
-0.0124973 -0.000981521 0.0130035 155 154 101
-0.00531946 0.00402941 0.0118732 154 141 140
-0.0102343 -0.00258281 0.0121191 154 151 94
-0.00121121 0.00132682 0.0147086 155 153 140
-0.00555404 0.00343686 0.0118515 148 130 130
-0.00240164 0.000540078 0.0110287 136 159 116
-0.00363658 0.00402779 0.0126589 155 144 142
-0.000586646 -0.00135734 0.0111947 162 166 112
-0.00985216 -0.00261495 0.0148503 154 148 86
-0.000865112 -0.00166352 0.0136482 160 169 115
-0.00987001 -0.00249012 0.0156898 153 149 88
-0.00718603 -0.00187237 0.00942743 154 152 96
-0.012316 -0.00362631 0.0154272 156 152 96
-0.0116879 -0.00123544 0.0144711 156 154 99
-0.00340593 0.00284679 0.00851557 160 151 145
-0.0103191 -0.00293063 0.0142397 150 148 90
-0.0017119 -0.000739025 0.00732828 158 163 106
-0.0107669 -0.00283552 0.0150355 152 147 88
-0.0060177 0.00403392 0.0105879 158 146 144
-0.00156083 -0.00124113 0.00800634 158 162 104
-0.00245706 0.00255503 0.00865029 166 157 147
-0.00349491 0.00514825 0.0136751 161 150 146
-0.00882581 -0.00288293 0.00980225 156 156 100
-0.0042881 -2.8066e-05 0.0106973 60 56 41
-0.00642797 -1.06643e-05 0.0105324 78 80 48
-0.00372561 -0.000238447 0.00629538 64 74 36
-0.00424471 0.00162445 0.00984078 48 20 16
-0.00466017 -0.000180641 0.00908331 50 57 36
-0.00539392 0.000550898 0.00871759 60 74 34
0.00174652 0.00104724 0.0161382 136 143 100
-0.00367821 0.000457607 0.0108787 32 29 13
-0.00525736 0.000901216 0.00953497 15 16 8
-0.00268209 -0.000661128 0.0105871 148 162 114
-0.00223463 0.00108971 0.0108553 112 130 88
-0.00667054 -0.000114863 0.0105337 138 119 77
-0.0039914 -4.94676e-05 0.0105718 154 168 117
-0.00251621 0.0010438 0.0108118 115 135 94
-0.00236324 0.00108097 0.0107226 116 134 94
-0.0129417 -0.000718746 0.0139119 130 128 80
0.000659657 -0.000717377 0.015822 157 168 118
0.00182547 0.000878633 0.016477 146 158 108
0.00118722 0.000972639 0.0159709 144 152 106
-0.00247453 0.00105724 0.0108504 113 132 92
-0.00245711 0.000914075 0.010886 130 152 109
0.00151895 0.000858723 0.0162616 149 160 111
-0.00760245 -0.000813758 0.0111189 150 147 86
-0.00234984 -0.000718512 0.0106357 157 166 116
-0.0138956 -0.00114999 0.0146215 151 150 96
-0.00761299 0.000452748 0.00861092 144 139 76
0.00184013 0.000818023 0.0157549 156 168 118
-0.00664559 -0.00252641 0.00981835 156 156 99
-0.00223536 -0.000471422 0.0107644 151 162 114
0.000709234 -0.00174576 0.0148251 154 164 112
-0.00258746 0.000812522 0.0108718 134 156 112
-0.00765057 0.000403922 0.00829204 148 144 82
-0.00797833 -0.000810544 0.0110889 151 147 86
-0.00782765 0.00211156 0.00835667 165 153 142
-0.0133238 -0.00133154 0.0148886 154 154 101
-0.012061 -0.0040796 0.0144505 154 152 96
0.000745387 -0.000925077 0.0151942 162 170 121
-0.0067015 -0.00109362 0.00972079 154 152 93
0.00113407 -0.000614024 0.0157203 161 170 118
-0.00985479 -0.00282207 0.0118468 155 153 98
-0.0077382 -0.00153046 0.00984396 150 148 88
-0.00855596 -0.00193121 0.0107932 152 150 90
-0.00522676 0.000950084 0.00955255 12 7 5
-0.00441819 0.0014912 0.00977825 54 24 16
-0.00556654 0.00117023 0.00839895 60 70 52
-0.00615711 0.00043408 0.0106119 90 79 58
-0.00398481 0.00182718 0.0104541 70 38 34
-0.00493757 -0.000303255 0.00996926 100 96 50
-0.00473371 0.00251173 0.0106945 86 37 28
-0.00360204 0.00061734 0.0108266 10 5 2
-0.00348753 0.00104627 0.0100067 101 64 34
-0.00422121 -5.73859e-06 0.0106267 106 92 68
-0.00563878 0.0011982 0.00841611 38 52 26
-0.00440614 5.26557e-05 0.0104038 42 52 38
-0.00366263 0.0023776 0.00871483 146 138 127
-0.00344731 0.000397277 0.0110261 21 16 6
-0.00750658 -0.00276271 0.0096971 72 78 45
-0.00400057 0.002008 0.0105093 77 44 40
-0.00549166 0.000943273 0.00875276 49 60 32
-0.00387329 0.00188763 0.0106004 76 44 37
-0.00346159 0.00107814 0.0100861 116 82 58
-0.00374583 0.00192141 0.0108685 77 50 46
-0.0040409 0.00283813 0.0116229 64 30 26
-0.00385479 0.000451238 0.010625 35 34 14
-0.00767389 0.00120167 0.00807326 124 118 102
-0.00640482 -0.00163999 0.00995199 52 58 34
-0.00433917 -0.000173991 0.0103062 50 57 32
-0.00536964 0.000994747 0.00916266 29 22 14
-0.00309817 0.000528065 0.0102066 144 128 91
-0.00368122 0.000608442 0.0109237 13 8 4
-0.00743054 0.000499399 0.00887588 137 132 72
-0.00761786 0.000645388 0.0082982 121 116 58
-0.00624219 0.000465729 0.0106313 64 42 26
-0.00541912 0.00157828 0.0100023 70 28 19
-0.00511528 -0.00100729 0.0102414 88 94 46
-0.00546281 0.00282422 0.0110803 82 34 25
-0.00474182 -0.00120039 0.00967684 158 166 111
-0.00715758 0.000636928 0.00864762 48 60 36
-0.00711994 0.000552621 0.008953 56 64 42
-0.00390041 -0.000135459 0.0106095 150 166 118
-0.00567198 0.00272469 0.0115121 70 21 12
-0.00544878 -0.00195006 0.0107792 80 90 46
-0.00520419 -0.00183515 0.0108349 67 80 37
-0.00346836 -0.00309866 0.0112834 104 110 59
-0.00261072 0.000970963 0.0107953 125 145 100
-0.0063604 -0.00112405 0.0100799 154 156 100
-0.00603296 -0.00123248 0.0100807 50 56 30
-0.00298293 0.000431428 0.0104692 142 126 90
-0.0122528 -0.00093655 0.0154523 144 144 90
-0.0122637 -0.000820705 0.0143708 146 149 97
-0.00747949 0.000435981 0.0089887 140 134 70
-0.0147004 -0.00130085 0.0167025 133 132 84
-0.00274786 0.000232652 0.0102989 146 107 80
-0.00770675 0.000600919 0.00779352 137 134 73
-0.00307316 -0.00348834 0.0112081 156 160 106
-0.00417346 0.00302682 0.011478 99 64 60
-0.00446526 -0.00352953 0.0134484 152 159 106
-0.0154566 -0.00124629 0.0183758 165 157 138
0.00115591 0.00133516 0.0148886 161 158 140
0.00151131 -0.00176416 0.0148149 156 165 111
-0.00248797 0.000940268 0.0103956 136 157 110
-0.00736093 0.000318802 0.009103 144 140 76
-0.00988278 -0.00291103 0.0137223 150 148 92
-0.0078853 -0.000466548 0.0111266 148 142 78
0.00100997 0.000580695 0.0166541 152 164 114
-0.008361 -0.00108236 0.0117558 150 146 84
-0.00753631 -0.00202304 0.0120771 149 148 88
-0.00795239 -0.00181447 0.0115953 150 146 84
-0.0099923 -0.00299628 0.0141721 150 148 92
-0.0109714 -0.00356794 0.0135547 152 150 96
-0.00839618 -0.00330219 0.0138501 151 149 90
-0.0125458 -0.00309297 0.0136203 156 154 102
-0.00329495 0.00242961 0.00909414 137 120 106
-0.00236086 0.00088157 0.0106052 139 158 112
-0.00657659 -0.00107253 0.00967492 154 156 100
-0.0080177 0.000354548 0.00872416 144 140 80
-0.0140484 -0.00333236 0.0158601 156 155 106
-0.00848586 -0.00207668 0.0130442 149 146 86
-0.00706993 0.00110786 0.0095538 158 150 124
-0.00170434 -0.00221857 0.0094078 157 160 104
-0.00710709 -0.00137076 0.00892021 150 148 87
-0.012712 -0.00339382 0.0138216 157 156 103
-0.0112529 -0.0038446 0.0139265 154 152 97
-0.0115979 -0.00334058 0.0156536 152 148 93
-0.0129223 -0.00140161 0.0158324 154 158 104
-0.00782528 -0.00176964 0.00912359 154 152 92
-0.00563957 0.00366309 0.0117474 151 135 135
-0.0119569 -0.00352254 0.0153814 152 150 93
-0.0115756 -0.00331405 0.0140811 154 151 96
