ply
format ascii 1.0
element vertex 6171
property float x
property float y
property float z
property uchar red
property uchar green
property uchar blue
end_header
-0 -0 -0 0 255 0
0.164886 -0.0299967 -0.0410582 0 255 0
-0.218434 -0.0596875 0.0611986 0 255 0
-0.205574 -0.144435 0.00265279 0 255 0
-0.05742 -0.0138955 -0.0446273 0 255 0
0.229867 -0.037939 -0.0947496 0 255 0
0.291776 -0.0473267 -0.110396 0 255 0
0.213883 -0.0606024 -0.14331 0 255 0
0.0212765 -0.0728265 0.00264498 0 255 0
0.362664 -0.0749524 1.30621 157 142 118
0.00962417 0.0985002 1.14764 157 132 120
0.525418 -0.216773 1.21595 158 112 98
0.553684 -0.0523514 1.24177 127 92 70
-0.185433 0.0858771 1.27894 60 21 10
0.508273 -0.149572 1.16831 42 28 22
0.474479 0.102913 1.22391 120 52 56
0.468764 -0.183763 1.25584 150 146 95
0.525686 -0.0165804 1.23232 150 118 96
-0.252316 0.103978 1.24386 81 36 22
0.436471 0.0820394 1.22967 183 156 148
0.512894 -0.14378 1.17497 63 51 45
0.521305 -0.409702 1.12313 129 8 9
0.528264 -0.251023 1.05365 156 138 130
-0.0957743 0.0583663 1.29924 196 152 127
0.368252 0.031651 1.27566 126 90 72
0.388373 -0.135265 1.26241 160 133 106
0.378718 -0.17621 1.23309 108 85 54
0.487447 -0.0319028 1.22346 154 128 116
0.477174 -0.129659 1.20124 162 132 116
0.0688166 0.0470879 1.07793 64 21 16
0.00451952 0.107856 1.14645 102 76 68
0.596595 -0.218411 1.27388 98 40 30
0.586628 -0.147873 1.17528 174 104 72
0.374549 -0.152958 1.28601 136 131 96
-0.401859 -0.0402277 0.936335 162 146 127
0.407967 -0.150558 1.26304 150 118 92
0.139223 0.0917928 1.07542 90 50 42
0.344156 0.018273 1.32173 132 120 93
0.513082 -0.0705078 1.21755 190 161 140
-0.295099 -0.26203 1.17237 144 120 74
0.103804 0.167787 1.14832 159 26 23
-0.343736 0.000578207 1.05079 166 130 106
0.499472 -0.123282 1.1679 76 60 50
0.363807 -0.305564 1.12546 116 88 62
-0.43409 0.144047 1.0684 146 114 80
0.482456 -0.295477 1.03608 170 144 134
-0.247844 0.114018 1.25551 96 50 37
0.492674 -0.0464501 1.209 118 86 66
0.558505 -0.0243921 1.24289 150 114 96
0.497792 -0.135211 1.1716 150 122 108
-0.312275 -0.176785 1.19751 158 112 93
0.49231 -0.276948 1.04608 158 131 120
0.402193 -0.290202 1.06577 160 132 120
0.367019 -0.285301 1.12614 128 110 68
0.494868 -0.338623 1.08113 124 42 30
-0.108728 -0.0826926 1.21724 131 84 66
0.370119 0.0417124 1.27098 111 33 30
0.118262 0.0917584 1.06348 80 72 58
-0.171145 0.0744367 1.31719 122 70 47
0.383016 -0.281911 1.11811 132 102 74
0.37791 -0.140621 1.26265 158 146 124
0.528144 -0.0748931 1.20742 182 154 136
0.384344 -0.0709504 1.31516 51 30 16
0.475044 -0.0924322 1.17166 177 107 72
0.529464 -0.0902312 1.18386 131 96 80
0.455894 -0.0778703 1.19155 136 108 86
0.603084 -0.231984 1.27632 108 80 70
0.568642 0.073462 1.22986 182 162 156
-0.445511 0.160646 1.03456 140 54 22
-0.170047 -0.0405016 1.31987 136 86 64
0.548223 -0.0964141 1.19134 70 44 40
-0.419491 0.0928712 1.00645 87 33 37
0.586473 -0.129798 1.20655 126 67 38
0.378059 -0.433872 1.24429 128 110 66
0.567614 -0.0582062 1.2277 127 82 62
-0.182009 0.106711 1.26372 147 116 107
0.502528 -0.0905523 1.18683 180 135 114
-0.10362 -0.281135 1.23216 184 118 94
-0.158339 0.0505196 1.30446 178 127 100
-0.153467 0.0860323 1.32537 134 78 51
0.444638 -0.192634 1.2934 104 74 58
0.110277 0.0217335 1.10381 100 44 26
0.421104 -0.0596955 1.33248 143 112 90
0.443576 0.0985603 1.24251 180 154 146
0.357059 -0.30491 1.15421 146 142 93
-0.424483 0.0490498 1.32062 158 110 81
0.501738 -0.406495 1.11356 126 8 8
-0.2996 -0.254859 1.17288 144 115 76
0.514841 -0.11683 1.17776 94 76 70
-0.213812 -0.0925799 1.12328 142 90 68
0.158475 0.140793 1.10392 133 118 115
0.524032 -0.110883 1.17864 132 106 102
0.520896 -0.423396 1.13007 128 7 9
-0.148871 -0.0723159 1.172 144 88 71
0.361935 0.0672781 1.29896 114 91 70
0.656886 -0.0183925 1.31279 130 112 92
0.145459 0.11626 1.07461 132 115 110
0.58401 0.0854787 1.24352 180 158 151
0.543412 -0.107194 1.18693 70 42 41
0.374191 0.0669217 1.28442 116 84 74
-0.416159 0.0931287 1.00845 96 26 26
0.0812957 0.0347297 1.06496 78 22 18
-0.0877995 -0.0916867 1.2064 134 86 70
0.40772 -0.268355 1.08349 156 126 112
0.197949 0.0950146 1.10664 156 84 76
0.466427 -0.172002 1.26656 60 63 34
0.383926 -0.0793047 1.2903 108 88 77
0.391178 -0.296049 1.0733 158 132 120
-0.112471 -0.301647 1.25957 178 110 82
0.456181 -0.0652529 1.19728 150 115 96
-0.128349 -0.0687379 1.18847 125 76 56
0.484784 -0.0908697 1.21034 172 98 61
0.453215 -0.104735 1.1799 161 147 126
-0.0819887 0.0719249 1.30036 178 126 100
-0.0354409 0.0749609 1.30642 147 99 76
-0.047409 -0.239757 1.27315 82 39 30
-0.302808 -0.251009 1.15879 142 90 70
0.501938 0.0435008 1.21611 132 84 61
-0.195324 -0.0610259 1.14605 106 60 38
-0.115974 0.0758045 1.32173 160 106 83
-0.276538 -0.181861 1.22099 132 96 70
-0.464046 0.188545 1.07056 108 38 12
-0.28331 -0.231937 1.16232 150 144 90
0.371576 -0.194293 1.23482 140 136 90
0.492142 -0.107146 1.18884 159 102 73
0.525395 -0.0968466 1.17789 104 61 47
0.359053 -0.169318 1.23341 121 119 76
0.546777 -0.0471679 1.24374 116 90 78
0.570521 -0.112556 1.19124 132 92 82
-0.101449 -0.0920058 1.20836 118 71 50
0.354083 0.0239213 1.28614 140 116 94
0.559524 -0.0730026 1.21203 110 64 44
-0.402404 0.155798 1.07844 154 132 118
-0.423287 0.0501216 0.974852 104 37 40
0.443669 -0.0354671 1.23209 131 106 87
-0.262803 -0.055983 1.1349 160 102 80
-0.394334 0.0966602 1.02656 162 140 126
0.430162 0.06678 1.26985 180 153 144
0.571451 -0.212899 1.24701 135 60 54
0.504505 -0.159024 1.15219 40 15 12
0.0909436 0.193797 1.14649 62 31 30
0.081759 0.105636 1.08751 138 64 56
0.476401 -0.183286 1.21574 152 149 98
0.53312 -0.248357 1.06283 150 131 122
0.0405697 0.0191006 1.18732 156 115 92
-0.428776 0.12688 1.05624 152 118 86
-0.0799858 -0.151003 1.22067 167 128 110
0.467451 -0.0268393 1.24336 75 59 48
0.579914 -0.0306947 1.23765 116 88 68
0.451097 -0.0989075 1.20499 109 96 65
-0.326134 -0.189537 1.18165 142 92 68
0.103411 0.0281312 1.1059 128 57 43
-0.094038 0.0725735 1.28988 193 146 120
0.143898 0.17477 1.17008 147 30 24
0.370623 -0.12932 1.27822 158 148 126
0.106985 0.176731 1.15793 154 30 30
0.47025 0.0242092 1.20442 104 60 28
0.519181 -0.0496975 1.23484 148 120 102
-0.422305 0.00669266 0.959615 120 16 17
-0.0276855 -0.201353 1.26858 68 28 18
0.562912 0.0507169 1.21416 182 162 159
-0.238258 -0.0495086 1.17675 140 97 84
0.559008 0.0404849 1.22117 122 76 54
0.387726 -0.295709 1.08777 158 132 120
0.0178043 0.0907849 1.1539 158 132 118
-0.0892475 -0.29714 1.22394 172 100 76
0.12604 0.0992418 1.08017 90 85 72
-0.341126 -0.00628304 1.04029 144 86 71
-0.175041 0.105206 1.28485 148 114 100
-0.444921 0.185726 1.06663 136 74 28
0.601857 0.0544268 1.23973 164 133 120
0.418431 -0.186835 1.27428 140 107 90
-0.308087 -0.236925 1.15071 146 90 71
0.5063 -0.254865 1.10041 146 117 104
-0.0612043 -0.331398 1.24133 79 42 28
0.510012 -0.25429 1.09038 148 122 115
0.524872 -0.17029 1.16688 152 52 24
0.484075 0.128344 1.25136 176 152 146
0.480255 -0.289509 1.02838 170 144 135
0.17146 0.0181193 1.1441 158 94 75
0.50322 -0.436849 1.12096 156 133 102
-0.382981 0.0964936 1.04869 160 139 122
0.0136562 0.0909953 1.14924 159 132 119
0.600024 -0.237984 1.09691 141 114 80
0.372453 -0.33098 1.1022 155 130 110
-0.441845 0.11718 0.997052 123 14 15
-0.185155 -0.0526351 1.34054 113 62 44
-0.102458 -0.0842256 1.22355 137 88 71
-0.191512 -0.074011 1.12408 87 40 19
0.401857 -0.28592 1.05007 162 130 120
0.0025259 0.0367635 1.33417 148 100 80
-0.0291013 -0.183355 1.26438 60 22 12
-0.443906 0.15101 1.05554 144 94 38
0.613781 -0.204312 1.28711 94 50 34
0.596388 -0.2671 1.07283 170 149 140
0.417532 0.0453353 1.23022 179 152 143
0.58399 0.0573511 1.23056 180 160 152
-0.197728 -0.0918987 1.13664 128 79 56
-0.0601135 -0.227851 1.26092 122 75 55
0.494456 -0.23241 1.1993 133 117 102
-0.135543 0.0274926 1.30641 202 158 134
-0.257162 -0.0447437 1.18665 139 98 84
-0.0130424 -0.176599 1.26214 72 35 23
-0.387564 0.0834912 1.27663 181 132 110
0.463267 -0.0372266 1.23786 83 63 53
0.509375 -0.271315 1.04484 136 115 106
-0.376451 -0.0260446 1.0226 139 58 28
-0.084061 -0.158392 1.21863 174 131 114
0.417643 -0.405395 1.24446 126 98 70
-0.459283 0.120305 1.01839 122 14 18
0.0958131 0.10802 1.08067 110 85 74
-0.160922 0.0766141 1.30839 136 84 56
-0.423802 0.0636342 0.990857 124 14 14
0.482769 -0.0612783 1.19758 156 110 80
0.548244 0.131929 1.27021 179 159 154
0.410153 -0.254532 1.09306 130 105 66
0.537219 0.019955 1.23293 133 96 78
0.489358 0.129196 1.24238 178 151 145
0.0915628 0.089047 1.07513 148 23 22
0.472193 0.0385016 1.19581 151 108 88
-0.0185177 -0.218644 1.28421 64 30 16
0.500342 -0.0309237 1.21824 151 121 106
0.497359 -0.0731951 1.19682 180 132 105
-0.444945 0.161979 1.08884 124 50 40
0.552431 -0.108833 1.18621 87 62 62
-0.0929425 -0.314238 1.23844 113 62 46
-0.317157 -0.210092 1.15059 130 76 56
-0.188373 -0.104644 1.12932 144 92 70
-0.081845 0.0954789 1.29672 145 92 64
-0.320313 -0.238954 1.15262 162 98 78
-0.44603 0.127169 1.02942 114 29 8
-0.341603 -0.214257 1.16012 158 88 65
-0.406433 0.156634 1.08007 156 134 118
-0.118879 -0.290423 1.25931 171 100 76
-0.424096 0.0438518 0.965817 112 54 56
0.505338 -0.447927 1.11941 154 149 100
0.081539 0.0886995 1.07445 156 24 24
0.464139 -0.0946919 1.19421 162 113 86
0.62902 -0.248605 1.1203 138 101 76
-0.328075 -0.0413972 1.05663 161 132 106
0.123756 0.0698877 1.06831 144 28 23
-0.311349 0.0453012 1.22951 134 83 64
-0.266963 0.109888 1.25983 82 34 19
-0.377277 0.0308316 1.00312 160 142 122
-0.37969 -0.238104 1.15097 48 20 12
0.378445 -0.135446 1.27162 159 148 125
0.114862 0.182423 1.14712 138 44 40
-0.33744 -0.0142514 1.03072 145 78 64
-0.47156 0.186196 1.05055 99 39 31
-0.158206 0.0414386 1.29633 178 125 99
-0.33649 0.0844013 1.21404 138 89 71
0.503606 -0.256527 1.0504 150 127 118
0.583095 0.0688824 1.23548 180 160 154
0.668135 -0.415235 1.2203 94 82 62
-0.0339958 0.0616515 1.30242 158 114 96
-0.0651942 -0.309314 1.23316 88 50 38
-0.32681 -0.00259193 1.06134 166 118 92
0.508892 0.0449164 1.20794 138 88 64
-0.325249 -0.218568 1.14772 148 84 66
-0.332058 0.113334 1.23057 107 58 36
-0.304729 0.07096 1.23895 125 76 56
0.433747 -0.0263232 1.25838 136 110 94
0.360836 -0.0309115 1.31406 113 81 51
0.510994 -0.0799477 1.18707 191 163 144
0.43997 -0.423913 1.26977 128 102 74
-0.0344843 -0.245037 1.27269 50 18 10
0.148856 0.0987105 1.07692 123 54 47
-0.453952 0.163926 1.03717 118 20 11
0.399722 -0.247938 1.09399 154 152 100
-0.432615 0.122076 1.01961 118 16 10
0.517868 -0.254612 1.05393 153 132 124
0.438741 -0.237403 1.28707 122 88 56
-0.152601 -0.19589 1.30845 170 122 91
-0.367344 0.111859 1.23503 114 65 36
-0.22386 -0.0587761 1.13808 154 102 86
0.343216 -0.00399122 1.35789 138 128 100
-0.44304 0.100423 0.986648 72 16 24
-0.100849 -0.166945 1.23533 176 130 108
-0.367348 0.197274 1.0821 148 126 112
-0.312098 -0.284409 1.19513 146 120 78
0.426778 -0.228879 1.1022 129 108 64
-0.412409 0.0377267 0.977406 124 16 17
-0.101563 -0.299174 1.26289 176 104 82
0.476111 -0.276035 1.0404 169 143 134
-0.221705 0.109131 1.27374 60 26 19
0.498134 -0.216559 1.20692 107 100 84
-0.349506 -0.00396447 1.04598 130 16 15
0.555511 0.00210268 1.24924 171 138 124
0.416475 -0.432076 1.27266 141 122 102
0.411598 -0.301998 1.06858 156 127 116
-0.412621 0.174934 1.07991 138 118 105
-0.369854 -0.128984 1.1909 150 102 80
0.503656 -0.19496 1.17407 143 70 58
-0.284769 -0.203926 1.19149 112 80 51
-0.409484 0.147637 1.06905 156 136 119
-0.239748 -0.00226517 1.24167 146 103 90
0.179708 0.139535 1.12163 159 89 84
-0.0289351 -0.152623 1.27381 76 40 27
0.0669886 0.195668 1.14967 104 78 73
-0.219995 -0.0995512 1.13636 110 59 36
-0.243401 -0.0489753 1.15327 142 98 86
-0.141868 0.0660848 1.30451 184 132 110
-0.323151 0.0974447 1.23566 116 66 44
-0.127192 -0.0846557 1.20175 132 81 64
0.382467 -0.162459 1.24006 152 128 97
0.473343 -0.0174632 1.25339 124 100 84
-0.335128 -0.208376 1.15066 149 83 60
-0.08958 -0.257155 1.25681 87 36 24
-0.0882113 -0.267681 1.24569 152 89 68
-0.0851569 -0.115535 1.22007 152 110 90
0.340652 -0.343205 1.16305 145 142 92
0.222486 0.104803 1.14761 113 98 88
0.456125 -0.0275169 1.24098 124 102 84
0.0210675 0.0906874 1.16027 158 132 122
-0.329425 5.89427e-05 1.04347 160 117 90
0.101889 -0.235697 1.92977 140 132 110
0.457802 -0.0466481 1.22896 152 124 110
-0.0737742 -0.225188 1.26435 150 102 78
0.3738 -0.390976 1.21591 124 105 62
0.51208 -0.0542883 1.22849 148 120 100
-0.136282 -0.0811446 1.16134 152 100 82
-0.0931571 0.071794 1.29898 194 146 121
0.371909 -0.14335 1.28124 156 148 124
0.424448 0.0713612 1.2436 182 155 146
0.412459 -0.213784 1.24127 135 92 62
-0.0744491 -0.329036 1.23552 59 24 12
0.115853 0.0406037 1.11236 103 34 23
-0.353593 -0.202015 1.16317 116 58 39
-0.289039 0.0923721 1.26044 92 43 23
0.351483 -0.373437 1.18679 145 140 90
-0.178419 -0.0499253 1.33571 129 80 59
0.446868 -0.018993 1.26653 112 94 76
0.356811 0.0341622 1.29055 128 104 82
0.591251 -0.122952 1.22191 110 61 42
-0.139852 -0.10994 1.16903 150 101 83
0.488988 0.0401639 1.20103 132 84 58
-0.0284544 -0.320436 1.25601 44 24 12
-0.065672 -0.350313 1.2467 69 40 18
-0.189648 -0.110154 1.13348 150 100 78
0.032029 0.086263 1.12611 166 129 116
0.327477 -0.403368 1.85413 122 120 75
-0.282789 -0.196097 1.19737 104 70 40
-0.43331 0.0746911 0.980015 96 42 43
-0.280522 -0.117228 1.16177 90 48 24
-0.446728 0.124774 1.01116 124 18 16
-0.0093828 0.0260066 1.32322 142 94 77
0.159231 0.108244 1.07763 144 71 67
-0.103869 0.0410956 1.30591 174 122 100
-0.337444 -0.179922 1.18908 138 87 64
0.452056 -0.167641 1.31642 96 70 56
-0.0810989 -0.351846 1.25724 53 26 14
-0.285958 -0.240202 1.18034 150 144 91
-0.149646 -0.0950921 1.15977 171 115 100
-0.0999881 -0.106729 1.18898 124 78 59
-0.27492 0.0500685 1.26796 158 110 92
0.484476 -0.42652 1.15038 157 142 109
-0.339144 -0.00317335 1.05507 162 124 100
-0.269313 -0.102268 1.16616 118 70 44
-0.398087 0.133592 1.05368 158 136 122
0.0777178 0.181809 1.14326 144 36 35
0.491777 -0.329647 1.06905 129 75 52
0.410948 -0.272188 1.07287 160 118 109
-0.0491479 0.0721616 1.29899 158 110 87
0.0842465 0.180378 1.13947 138 43 42
-0.069954 0.0758989 1.29124 157 104 80
0.41543 -0.238722 1.26213 154 150 99
0.466311 -0.0717913 1.19923 166 106 76
-0.201518 0.0855728 1.24181 92 50 33
-0.389766 -0.0133747 1.00027 149 108 44
-0.124498 -0.19968 1.28523 174 126 96
-0.23456 -0.0398541 1.15899 140 98 86
-0.102642 -0.0719828 1.29092 167 118 98
-0.0114427 -0.13048 1.30083 155 140 114
-0.291011 0.0534335 1.24465 142 92 74
-0.328874 -0.211367 1.15364 142 80 59
0.590922 0.00726851 1.27307 136 98 80
-0.347808 -0.245859 1.13274 162 108 88
-0.188059 -0.0602615 1.31581 80 37 18
0.471416 -0.203328 1.21551 156 154 102
-0.37112 -0.0230147 1.02972 140 34 22
-0.0189373 -0.176691 1.2614 56 22 14
0.109162 0.0153357 1.09078 88 46 27
-0.42762 0.0827562 0.979575 122 14 14
-0.33407 -0.222711 1.13412 172 98 76
-0.307406 -0.232261 1.15137 148 95 78
-0.263181 0.0817344 1.24161 104 54 30
0.491077 -0.152189 1.16731 160 132 120
-0.383944 0.00278412 0.998359 149 106 44
-0.404734 0.0702569 1.00949 142 87 78
0.523531 -0.178888 1.16203 172 74 44
-0.282904 -0.0372412 1.22798 135 88 74
-0.0925228 -0.0607197 1.29484 186 140 116
-0.0149261 -0.139262 1.29772 124 100 75
0.569319 -0.0364858 1.27113 86 52 38
0.475122 -0.235606 1.1966 156 155 102
-0.452353 0.19364 1.06415 122 18 8
0.574716 0.106645 1.2526 178 158 152
-0.101928 -0.222954 1.27537 164 114 85
-0.263429 -0.0367106 1.22178 140 100 90
-0.0913362 -0.00203905 1.29334 197 152 128
-0.459463 0.154557 1.04912 138 77 30
-0.403812 0.129821 1.04597 158 136 121
-0.344121 0.00328782 1.24305 186 140 116
-0.400485 -0.0180444 0.997204 144 106 51
-0.0226668 -0.1537 1.2792 74 35 21
0.129207 0.162458 1.16161 160 26 23
0.477873 -0.0107572 1.24547 132 105 92
-0.135581 0.0678594 1.30929 185 134 110
0.383721 -0.2576 1.11305 154 150 102
-0.384489 -0.0256899 1.01557 142 96 34
0.362699 0.0523184 1.29605 107 84 66
-0.337747 -0.202021 1.14958 146 82 58
-0.394427 -0.123779 1.20099 61 22 12
0.48361 -0.232039 1.19144 148 137 96
-0.202454 0.11418 1.26202 116 86 80
-0.340538 -0.238926 1.13086 113 62 48
-0.407549 -0.132316 1.19879 38 10 5
-0.0978327 -0.255043 1.24541 108 53 34
-0.0550699 -0.242945 1.27069 88 38 26
-0.40146 -0.0326739 0.93831 162 146 128
0.550144 0.00299906 1.25205 158 122 106
0.506745 -0.183122 1.16056 146 82 65
-0.111233 -0.337826 1.26593 124 79 62
-0.0605933 -0.311117 1.24079 66 34 25
0.0766789 0.155634 1.12693 149 54 52
0.10931 0.0291036 1.10082 98 45 31
-0.329623 -0.0592139 1.20744 120 72 48
-0.384937 -0.0973184 1.21435 114 68 52
-0.331888 -0.269608 1.15865 128 80 57
0.186946 -0.353267 1.86305 118 116 73
0.491515 -0.427667 1.14211 154 137 107
-0.0846964 0.0537151 1.29364 192 144 118
-0.0474741 -0.322139 1.24771 58 29 15
-0.27121 -0.049398 1.179 117 70 48
-0.436021 0.240263 1.06155 118 14 16
-0.339689 -0.23387 1.15731 174 102 80
-0.342349 -0.0969885 1.19475 140 94 74
0.477865 0.0759565 1.22122 182 160 152
-0.366118 0.0840527 1.25093 162 116 96
0.4576 -0.0868532 1.23228 84 82 54
-0.271332 -0.111803 1.16846 86 44 22
0.301971 -0.305228 1.90044 107 105 64
-0.370323 0.194657 1.08399 144 124 110
-0.417239 0.116149 1.04239 146 99 88
-0.353643 -0.110555 1.19477 150 104 84
-0.309963 -0.293278 1.20026 150 145 94
0.60098 0.0752709 1.25033 184 158 146
-0.410177 -0.00922712 0.98499 140 92 36
-0.0166745 0.067187 1.29773 142 102 82
0.443306 0.12619 1.26755 174 146 136
-0.407723 0.147393 1.07926 157 134 120
0.471414 -0.087582 1.18359 184 116 85
-0.38096 0.0073864 0.999823 145 104 46
-0.427239 0.120322 1.03963 120 32 16
0.465778 -0.243764 1.05917 148 110 95
0.555485 0.127814 1.25827 178 158 152
0.425444 -0.241151 1.2755 125 112 64
-0.0963238 -0.223486 1.26901 162 114 86
-0.286526 -0.111499 1.15298 90 48 24
0.405072 -0.176449 1.25137 97 65 49
-0.357464 0.202887 1.11213 160 138 126
-0.0708349 -0.118502 1.28343 114 70 54
-0.133409 -0.272508 1.27485 168 120 88
-0.221337 0.0629931 1.24025 120 74 52
-0.14154 -0.082818 1.1495 165 112 96
0.176563 0.0292737 1.13599 138 34 26
-0.178377 0.00180256 1.32755 153 101 80
0.415408 -0.227031 1.27442 153 149 96
-0.3563 -0.231935 1.13271 111 62 44
0.602592 0.118482 1.29421 173 153 146
-0.0886274 -0.224059 1.26326 160 110 84
-0.295857 0.0539155 1.24958 138 88 70
0.531368 -0.316984 1.03471 176 150 142
-0.203308 0.108535 1.25216 91 61 52
-0.363604 -0.0106456 1.01393 151 61 40
-0.0183591 -0.229687 1.27305 118 70 50
0.478644 -0.166021 1.16698 161 132 116
-0.213359 -0.0693147 1.14704 156 104 90
-0.296389 0.0416908 1.24683 146 94 76
-0.237142 0.117367 1.26594 88 44 32
-0.279848 0.0386041 1.24974 150 102 82
-0.0189592 -0.252397 1.27141 70 33 19
-0.241828 0.0888635 1.24722 139 91 68
-0.115804 -0.0884341 1.2052 102 52 28
0.0672257 0.148807 1.10781 148 72 68
-0.0164736 -0.20472 1.27259 50 18 11
-0.100036 -0.23761 1.26234 158 104 76
0.0141868 -0.194689 1.28073 127 102 64
-0.131621 -0.298687 1.26891 176 112 85
-0.277488 -0.109075 1.16856 90 49 24
0.497119 -0.444796 1.12759 157 148 100
-0.278454 -0.105915 1.15671 94 53 28
-0.442212 0.157559 1.03999 139 57 22
0.502857 -0.226467 1.08331 148 122 111
0.0823851 0.130883 1.0889 132 116 112
0.595953 -0.257662 1.08201 173 150 144
0.54146 -0.0829913 1.19407 172 136 110
0.616918 -0.228613 1.27828 76 30 19
-0.116376 -0.201913 1.29351 169 122 92
-0.29621 -0.226114 1.15955 141 113 76
-0.193821 0.079423 1.25284 78 34 22
-0.0772453 -0.302511 1.23591 142 84 66
0.572128 -0.365736 1.11211 69 46 34
-0.399824 -0.260751 1.19151 45 17 11
-0.0524757 -0.295102 1.23898 36 12 6
0.584287 -0.277858 1.06604 171 150 142
-0.454425 0.179002 1.05056 112 14 10
0.118875 0.0360927 1.112 104 26 18
-0.335234 -0.243479 1.14558 150 90 72
-0.00184753 -0.139268 1.29562 156 146 122
0.310482 -0.287025 1.90304 102 102 62
-0.122372 -0.0687681 1.28907 156 108 90
0.135876 0.132627 1.09687 139 93 86
0.513115 0.023484 1.22123 116 73 50
-0.351324 -0.0886524 1.19053 137 92 72
-0.279213 -0.181831 1.20786 132 93 70
0.0683697 0.051276 1.08142 68 20 12
-0.31424 0.0574201 1.2365 127 75 54
-0.409438 0.210296 1.06257 128 14 16
0.422729 -0.311028 1.052 113 66 39
-0.350628 0.0807862 1.25879 141 91 72
-0.383561 0.0506323 1.30306 174 126 104
-0.09062 -0.34877 1.2495 48 24 11
-0.181753 -0.029303 1.30685 108 54 37
0.543608 0.00337602 1.25726 168 128 108
0.51578 -0.4435 1.12486 125 88 54
0.36677 -0.423738 1.22797 125 108 63
-0.282734 -0.22101 1.19267 124 102 62
0.501676 -0.165864 1.14842 144 82 66
-0.169761 0.017286 1.30332 159 107 86
0.463009 -0.20527 1.22601 156 154 101
0.402097 -0.268431 1.09044 134 94 72
-0.391913 0.086159 1.03275 162 142 124
0.158711 0.183992 1.16899 147 32 32
-0.441808 0.243062 1.04513 116 18 20
-0.0174808 -0.26484 1.2911 88 54 30
-0.347137 0.0200574 1.24583 178 130 108
-0.0551777 -0.336308 1.24425 78 46 28
-0.306115 0.0128112 1.24434 143 95 78
-0.0300776 0.0659498 1.31281 152 111 93
0.515319 -0.298572 1.01917 98 80 73
-0.342893 -0.293315 1.14752 44 26 12
-0.243849 0.0988962 1.24802 66 24 16
0.450435 0.081356 1.22756 190 167 159
-0.403055 0.214165 1.06171 123 20 21
-0.311773 0.0694421 1.23174 124 72 53
-0.196697 -0.203954 1.40668 124 86 55
0.521629 -0.0636958 1.20985 160 132 116
-0.130762 -0.313711 1.27516 151 94 74
-0.269356 -0.218499 1.24001 145 122 80
-0.357794 -0.00274431 1.03467 136 13 17
-0.218178 -0.18024 1.33825 98 62 30
0.543539 -0.0791524 1.20261 154 121 95
-0.347235 -0.0405897 1.05883 160 142 120
0.388278 -0.392231 1.2272 119 82 47
0.503098 -0.410797 1.11597 124 8 8
-0.104836 -0.338641 1.24494 92 58 44
-0.385393 -0.135488 1.20383 109 64 48
-0.345256 -0.109764 1.20207 146 100 80
0.46668 -0.176027 1.26531 68 66 33
0.393091 -0.402809 1.23279 96 60 28
0.383623 -0.248952 1.1035 154 151 102
0.584651 -0.24927 1.07731 172 152 142
-0.191243 0.0360813 1.30968 86 36 22
-0.361196 -0.104742 1.19123 152 106 85
0.130964 0.0679164 1.06522 144 30 23
0.222307 0.0911062 1.15593 152 136 118
0.109122 0.113692 1.08004 117 101 88
-0.0511858 0.0237584 1.32259 172 129 112
0.134308 0.102988 1.07772 83 71 53
0.531784 -0.0587387 1.23762 162 136 118
0.569216 -0.240507 1.07524 153 121 104
0.396965 -0.0161856 1.2886 96 61 34
-0.322492 -0.278745 1.14344 146 103 78
0.413991 0.119452 1.30872 157 125 116
-0.072273 -0.347548 1.23604 58 32 16
-0.188947 0.0620682 1.3013 84 35 21
-0.30078 -0.221697 1.15724 130 86 62
-0.423975 0.0851884 0.990753 116 22 22
0.459519 -0.231406 1.21058 156 154 100
0.508062 -0.422384 1.12449 124 10 8
0.492424 0.0036013 1.2383 142 112 99
0.43119 -0.235331 1.07722 160 154 104
0.391498 -0.384891 1.84984 122 120 76
-0.0343572 -0.345782 1.28209 56 38 18
0.471325 0.016939 1.2357 118 76 53
0.353013 -0.327598 1.18618 146 144 92
-0.0175122 -0.124087 1.29135 138 109 79
0.3437 -0.0526512 1.34991 152 142 117
-0.426455 0.0650122 0.986863 108 32 34
0.146017 0.100472 1.0847 115 52 46
0.327564 -0.40969 1.84476 124 121 76
-0.377766 0.0603378 1.2682 180 132 109
-0.400089 -0.103566 1.20952 110 64 48
-0.367667 -0.208033 1.15119 79 42 32
0.569738 0.126392 1.26936 176 156 150
-0.0265845 0.0826926 1.21607 116 70 41
-0.392683 -0.105224 1.20958 88 42 28
0.176907 0.164108 1.12499 121 29 26
-0.0387502 -0.332493 1.25294 46 28 10
0.460814 -0.100404 1.19014 146 111 82
-0.381805 0.105978 1.25612 148 97 70
-0.0477931 -0.218094 1.26312 119 72 54
-0.057585 -0.2591 1.22926 30 10 5
-0.338854 -0.236542 1.14524 178 106 84
0.352083 -0.312397 1.19227 148 146 95
-0.00607302 0.0066254 1.33582 160 114 95
-0.128335 -0.273192 1.25481 172 111 86
-0.0562888 -0.279174 1.23624 96 54 40
-0.374069 -0.273777 1.15291 58 31 18
0.0775506 0.0839762 1.08183 155 26 25
0.17803 0.0396207 1.11363 138 32 24
-0.269992 -0.134825 1.20281 114 71 50
-0.314717 -0.269625 1.15594 148 92 64
-0.447245 0.254609 1.06459 148 100 92
-0.306679 -0.212442 1.17242 46 15 6
0.372557 -0.0365453 1.3101 104 72 37
-0.038123 -0.173065 1.26457 54 15 8
-0.354119 -0.20502 1.13949 128 72 50
-0.402786 -0.0548678 0.945343 163 148 127
-0.18451 0.0650143 1.26805 82 34 20
-0.0537606 0.0633017 1.29728 162 114 92
-0.0392697 -0.263582 1.24745 34 12 7
0.471818 -0.231782 1.06207 138 96 80
0.645631 -0.0388392 1.31585 98 70 52
-0.389694 0.0819148 1.00947 162 141 126
0.434332 0.0807637 1.24108 182 157 150
0.0865379 0.0764389 1.06044 150 26 25
0.464355 0.131317 1.28052 188 158 148
0.485732 -0.187863 1.15493 82 80 68
-0.192906 0.0664254 1.28516 79 34 20
-0.346167 -0.229713 1.14318 184 116 93
-0.355621 -0.278255 1.14169 49 27 18
0.106176 0.186687 1.15408 113 19 18
-0.31296 -0.230389 1.15488 149 94 77
0.450841 -0.108551 1.36421 124 95 68
0.515279 -0.422927 1.1304 124 6 8
0.1058 0.135476 1.09711 130 54 50
-0.317428 -0.225485 1.15376 151 95 77
0.501841 0.0223385 1.21211 132 95 78
0.285229 -0.369623 1.82637 126 124 76
0.535473 -0.293269 1.03016 161 146 139
-0.0154349 -0.0156746 1.32487 163 115 95
0.424977 -0.437706 1.275 136 116 98
0.173939 0.155258 1.13327 154 26 28
0.343001 -0.0110879 1.38656 142 132 104
-0.359147 -0.0269244 1.02835 134 14 16
-0.169153 -0.0336097 1.32079 144 93 70
-0.238777 -0.183172 1.30468 115 78 52
-0.0491056 0.077098 1.30076 150 100 77
-0.358187 0.0432645 1.25596 170 122 101
0.165475 0.156674 1.1139 153 26 24
0.351976 0.0450275 1.30445 114 98 72
-0.356475 -0.21539 1.14553 172 107 85
-0.0260191 -0.264917 1.25853 40 16 5
-0.0915449 -0.282437 1.25135 162 98 76
0.0691527 0.0806842 1.10451 153 26 24
-0.0137197 -0.235002 1.2645 70 31 16
-0.301959 -0.193916 1.19048 122 81 55
-0.240892 0.045288 1.24146 152 110 93
0.49948 -0.418068 1.13299 124 14 12
0.503308 0.0170035 1.2225 158 126 110
0.625431 -0.20378 1.27954 96 58 45
-0.155584 -0.160915 1.27472 140 96 64
-0.423439 0.0796791 0.996455 121 16 16
-0.29745 0.00208221 1.24692 141 92 75
-0.335575 -0.198077 1.16611 52 14 5
-0.212217 0.0616663 1.26013 113 66 48
-0.082495 0.0523349 1.30172 185 137 111
-0.305851 0.0772121 1.2456 122 73 56
0.36213 0.0312111 1.27642 110 90 72
-0.0377954 -0.20862 1.27195 69 31 20
0.406616 -0.261902 1.07529 126 89 66
-0.152314 -0.00299667 1.30276 184 134 108
-0.202572 0.080839 1.26248 88 43 29
-0.274632 -0.11994 1.17355 102 62 35
-0.0551331 -0.349961 1.2555 38 20 5
-0.0275816 -0.24754 1.26672 67 29 18
-0.0227396 -0.144503 1.27381 72 37 20
-0.105518 0.0084715 1.30313 182 133 108
0.48846 0.101616 1.23454 121 31 36
0.389128 -0.41718 1.23257 129 101 73
-0.344743 0.130957 1.20927 122 83 65
-0.058742 -0.250244 1.26357 74 29 16
0.0980851 0.176915 1.15593 156 29 27
-0.375392 -0.239253 1.15663 98 56 44
-0.000565743 -0.202548 1.2769 88 48 26
0.0879079 0.157109 1.13149 159 26 24
0.128999 -0.267811 1.89208 90 88 50
-0.381702 -0.180789 1.18341 48 20 14
0.592927 -0.276785 1.06599 171 148 140
0.431624 0.0291431 1.21741 168 137 122
-0.027822 -0.145296 1.28725 66 28 15
-0.274911 -0.207667 1.22006 132 97 67
-0.297208 0.0701454 1.25107 130 80 62
-0.259388 0.0812974 1.24264 106 56 30
-0.0392534 0.0710501 1.31289 158 110 88
-0.0790398 -0.242392 1.25686 137 88 62
-0.170536 -0.103707 1.11746 141 91 68
-0.0648184 -0.335552 1.23979 40 18 8
0.472305 0.0754649 1.22746 183 159 152
-0.0754677 -0.241297 1.25988 118 70 48
-0.416404 -0.259612 1.18495 62 33 25
-0.0959709 0.0634103 1.29209 197 150 126
-0.265316 -0.178472 1.20636 132 95 68
-0.036595 -0.247906 1.26195 102 56 44
0.00523393 -0.0974176 1.39426 145 127 100
-0.34491 0.194136 1.12362 161 141 131
0.48607 -0.173324 1.14925 159 129 116
0.446922 -0.1239 1.35867 150 120 98
0.603636 0.0222474 1.28803 130 92 76
-0.44229 0.145062 1.01789 139 82 32
0.389467 0.107511 1.29186 135 104 91
0.451582 0.122658 1.26546 181 156 150
-0.348334 0.0983251 1.24694 129 79 61
-0.455099 0.194953 1.05625 98 8 8
-0.0579139 -0.297422 1.24147 82 44 36
-0.159663 -0.0888371 1.16811 124 69 55
-0.253127 0.0762584 1.24202 111 62 34
-0.0281623 0.0722789 1.29821 152 106 86
0.521701 0.0233905 1.23133 104 60 35
-0.0394836 0.0615044 1.30163 160 115 95
-0.419266 0.0781416 1.00177 122 16 14
0.585237 -0.264571 1.07091 142 82 75
-0.364719 -0.0762919 1.20131 99 58 44
-0.363534 0.22296 1.07341 164 142 130
0.352511 -0.325464 1.84219 118 116 74
-0.14263 -0.0342057 1.31885 188 142 118
-0.357291 -0.187391 1.17399 133 78 54
-0.397992 -0.0497403 0.948665 162 146 126
0.122643 0.12051 1.08678 148 30 26
0.346152 0.0515909 1.40282 132 119 94
0.479039 0.0440307 1.22503 166 129 114
-0.160455 0.0150457 1.31606 180 128 102
0.100698 0.0925125 1.07415 112 47 40
-0.339396 0.101042 1.25168 118 68 46
0.496701 -0.29437 1.0458 167 142 132
-0.117806 -0.33194 1.2629 177 118 92
0.0845957 0.0537557 1.10414 117 28 22
0.0746503 0.0699884 1.07893 134 24 20
0.429532 0.0260503 1.24307 170 138 124
0.479174 -0.0268086 1.25448 130 103 87
0.35699 -0.28285 1.1749 150 146 94
0.421036 -0.299896 1.03839 118 69 46
0.400238 -0.272459 1.12497 107 74 46
0.138369 0.161491 1.15649 151 56 50
-0.216355 -0.106532 1.13577 126 75 52
0.631407 0.0809404 1.28956 184 158 140
-0.169834 -0.085042 1.16405 130 77 59
-0.0477889 0.0572468 1.30292 162 114 93
0.391159 -0.25983 1.94173 92 94 55
-0.416205 0.149562 1.06974 157 136 120
0.0837023 0.0394763 1.08113 76 20 15
0.391234 -0.354899 1.89447 116 116 74
0.436706 -0.408187 1.19971 158 142 117
0.644584 -0.0097345 1.27941 143 124 102
-0.255251 -0.117966 1.17482 166 118 86
-0.344723 -0.041433 1.06301 158 142 118
-0.347895 -0.282797 1.14949 70 40 24
0.459141 -0.244745 1.05376 152 121 106
-0.237037 -0.0196733 1.20858 145 102 86
-0.286321 -0.157896 1.19581 142 102 82
0.170417 0.106925 1.08618 166 82 82
0.0488714 0.144338 1.11568 156 30 26
-0.119046 -0.252609 1.29108 88 41 20
0.495748 -0.434008 1.13625 152 135 102
0.563906 -0.0448236 1.23856 116 72 48
0.351473 -0.377147 1.18292 145 140 90
-0.356834 0.0511399 1.24601 167 119 98
-0.314018 -0.191603 1.19308 118 72 50
-0.0960644 -0.0355769 1.29147 194 149 124
-0.389798 0.218685 1.06094 131 65 58
0.53228 0.0368845 1.24116 108 64 36
0.574896 -0.0868944 1.21723 145 90 65
-0.234404 0.034219 1.25869 147 104 88
0.470589 -0.23159 1.12731 142 114 92
-0.341605 -0.00845296 1.02832 126 20 17
0.514118 -0.0028775 1.25165 137 96 74
0.365907 -0.409181 1.22532 134 113 70
0.50964 -0.357179 1.07888 124 10 10
0.525879 0.0218613 1.21955 121 80 56
0.151803 0.1053 1.07463 132 48 46
-0.0485004 -0.262801 1.24602 29 9 4
-0.389456 0.167548 1.09343 142 121 107
-0.287173 -0.204494 1.21567 111 77 48
-0.034581 -0.271735 1.24304 31 14 7
0.386135 -0.183413 1.23398 146 115 90
-0.286138 0.1125 1.25084 114 66 43
0.069052 0.0698702 1.08963 129 24 18
0.0929952 0.130814 1.09162 91 76 70
-0.0885002 -0.29177 1.24481 166 98 76
-0.0935306 0.00908567 1.29617 202 157 132
0.0848335 0.0991452 1.08651 148 22 19
-0.104864 0.0745405 1.30354 168 115 92
0.484125 -0.0216809 1.23971 126 100 82
-0.0278736 0.0689715 1.30858 154 112 95
0.413831 -0.244837 1.28152 154 152 99
-0.412731 -0.0107346 1.00297 144 101 40
-0.0530138 -0.226265 1.27069 108 64 46
-0.332303 -0.0355441 1.05917 160 130 104
0.476191 -0.0713841 1.17138 172 106 74
-0.437821 0.242059 1.05223 117 34 32
-0.263459 -0.105484 1.15948 112 67 42
-0.400503 -0.274118 1.17285 58 31 17
0.581137 0.122875 1.27492 176 155 150
0.428577 -0.0417003 1.21461 129 102 84
-0.103226 0.0467855 1.29909 170 117 96
-0.196711 0.0398831 1.27508 91 42 28
-0.20789 0.0814695 1.25695 102 54 36
-0.134731 0.0913872 1.31223 119 66 36
-0.0487554 -0.345681 1.24865 42 27 12
0.161399 -0.348164 1.87851 112 112 66
-0.471164 0.141984 1.05181 144 106 73
0.479103 -0.411346 1.13274 136 102 76
0.441977 -0.399382 1.1514 158 142 112
0.662263 -0.0270146 1.3031 84 68 54
0.495181 -0.352689 1.08394 124 8 8
-0.0652801 -0.293662 1.24225 90 55 44
0.363947 -0.187512 1.23329 136 133 86
0.590666 0.0557576 1.22735 179 152 142
0.353799 -0.197256 1.22336 136 135 87
-0.307281 0.0826098 1.25302 118 70 52
-0.125066 -0.0761789 1.2395 133 82 64
-0.313865 0.0778465 1.23907 122 72 52
0.447245 -0.0564808 1.25309 102 80 55
-0.0760059 0.0957464 1.2967 140 89 62
0.468063 -0.170585 1.15214 149 119 104
-0.187047 0.0199994 1.31636 121 68 52
-0.410864 -0.00249245 1.005 150 104 46
-0.136962 -0.0497467 1.29537 184 138 114
-0.418047 0.0621319 0.99079 124 17 20
-0.424988 0.071087 0.976778 110 32 33
0.474895 -0.17269 1.14803 158 132 116
0.516768 -0.296942 1.03614 114 92 84
0.402415 -0.299468 1.07101 160 130 119
-0.379809 0.151055 1.15913 152 129 115
0.506181 -0.00278424 1.24046 132 96 78
-0.214254 0.0504433 1.25663 130 84 70
0.636914 0.0977549 1.32245 125 100 90
-0.286277 -0.246686 1.16551 149 145 91
0.44258 0.0324214 1.21256 172 133 113
0.479566 -0.123084 1.20152 170 126 106
-0.250414 0.0599589 1.24765 155 108 92
-0.325237 0.08584 1.24363 122 72 52
0.23564 -0.383592 1.87297 130 127 79
0.357113 -0.365 1.83367 118 118 74
-0.33934 -0.215766 1.14288 168 93 71
-0.266274 -0.231566 1.20222 148 142 89
0.134635 0.0604114 1.08334 142 28 22
0.529034 -0.0785811 1.18721 169 140 125
-0.222533 0.0584582 1.21452 142 94 76
0.507016 -0.292192 1.04996 146 118 108
-0.349425 -0.229981 1.13926 152 90 72
-0.259171 -0.166031 1.22179 130 92 63
-0.337873 0.00613639 1.03529 158 127 102
-0.0693283 -0.110507 1.2475 142 102 87
0.431401 -0.0142179 1.26103 142 116 100
-0.0623458 0.0942671 1.32142 120 70 42
-0.142714 -0.292837 1.24443 162 116 80
0.491892 0.0321556 1.1832 98 54 28
-0.36064 -0.23132 1.15281 106 51 37
0.385245 -0.320688 1.89331 113 114 73
-0.345185 -0.164999 1.19602 148 100 76
-0.0244475 -0.297375 1.26741 46 30 14
-0.327828 -0.00992151 1.02723 162 130 106
-0.1285 0.0787034 1.31771 156 101 72
-0.233462 0.0683468 1.23764 126 76 54
-0.114804 0.0421565 1.30478 158 103 82
-0.302555 0.05277 1.25321 136 86 66
0.0574287 0.0711908 1.09525 119 22 15
0.426197 -0.235875 1.28326 154 146 98
0.471651 -0.41673 1.1654 156 140 110
0.457321 -0.222126 1.22588 158 154 102
-0.316255 0.0836781 1.24467 120 69 48
-0.373723 -0.127733 1.18855 107 66 51
-0.433101 0.121869 1.03713 130 42 18
-0.0834139 -0.238449 1.26066 148 96 72
0.176799 0.0347858 1.12567 138 32 26
-0.355185 -0.0828506 1.20321 138 94 74
0.418395 -0.359227 1.12214 110 42 21
-0.0948061 -0.239734 1.2785 151 98 71
-0.407661 0.224085 1.08461 132 58 52
0.623404 -0.223397 1.29212 89 46 32
-0.0951948 -0.0438726 1.29493 194 149 124
-0.0505525 -0.257442 1.25919 56 18 10
-0.147429 -0.0175658 1.30011 189 141 116
0.273704 -0.345577 1.85626 126 124 79
-0.346463 -0.0604276 1.12756 157 130 106
-0.127574 0.0748115 1.3269 165 110 88
0.438777 -0.421332 1.22863 152 130 110
-0.0252696 -0.0417358 1.31376 169 124 106
-0.315245 0.051282 1.24213 130 78 58
0.264804 -0.28854 1.9101 100 100 58
-0.224888 -0.086252 1.1272 129 74 55
-0.337623 -0.117925 1.18736 158 111 90
-0.242548 -0.0485698 1.1772 140 98 86
0.521539 -0.0876667 1.18239 164 128 111
0.36512 -0.39609 1.21504 130 112 67
-0.41329 0.165547 1.06393 150 128 114
-0.158179 -0.081791 1.15668 145 88 72
-0.104617 0.0302642 1.30425 173 122 98
0.365577 -0.333278 1.17137 123 118 87
-0.297152 -0.178821 1.19987 147 104 82
0.386011 -0.00359337 1.27889 142 107 90
-0.142222 -0.0561309 1.30885 184 136 112
0.444076 0.120971 1.26958 177 148 141
-0.0387866 0.0360009 1.3076 156 114 96
-0.253422 -0.172442 1.24421 123 80 56
-0.354485 0.21969 1.10624 163 142 130
0.531729 0.00456703 1.25394 144 104 82
-0.377857 0.0628004 1.02015 162 140 124
-0.0337707 -0.266613 1.27242 41 16 8
0.528304 -0.321165 1.04544 181 154 146
0.11379 0.149935 1.1388 162 26 26
-0.167492 0.0120968 1.31007 165 114 92
-0.305269 0.0243961 1.24159 142 94 77
0.589265 0.0230128 1.26937 135 96 80
-0.0429673 -0.32559 1.24574 52 28 14
-0.0616946 0.0312753 1.31042 171 124 105
-0.412211 0.23004 1.05226 128 12 14
-0.315861 0.0981024 1.24658 104 56 35
0.460087 -0.109187 1.24108 118 104 80
-0.0268166 -0.255139 1.26295 111 66 47
0.144675 0.0240603 1.14741 134 28 20
0.358502 -0.353767 1.8666 118 117 73
0.498492 -0.454524 1.12886 158 150 97
0.0258418 -0.000287589 1.31319 163 122 100
0.627079 -0.263341 1.10769 144 131 122
-0.378782 -0.0177098 1.0166 154 98 50
-0.391748 -0.146508 1.18203 68 31 20
-0.397231 -0.273682 1.15708 61 29 14
0.611265 -0.168295 1.18263 156 96 62
-0.0716282 -0.0446344 1.29588 178 134 116
-0.306888 -0.218118 1.17271 78 42 24
0.460468 -0.392333 1.13621 122 18 12
0.501906 -0.424617 1.13218 126 43 26
-0.265174 -0.148851 1.20352 133 92 68
0.516536 -0.472599 1.13285 155 148 96
0.115641 0.144066 1.1429 148 30 27
-0.00879366 -0.266163 1.28845 119 96 63
0.161221 0.0738388 1.06598 154 28 26
-0.0383719 -0.191463 1.26222 107 62 46
-0.066187 -0.218344 1.25851 151 107 84
-0.0895586 -0.0774953 1.26271 164 116 96
-0.0815134 -0.0691097 1.29676 178 134 116
-0.365276 -0.0621231 1.20523 114 71 47
-0.43208 0.0295747 0.9629 121 11 12
-0.277984 -0.134256 1.18614 110 69 50
0.46841 -0.26241 1.05997 172 144 134
-0.422614 0.216827 1.05228 131 12 14
-0.0419298 -0.286278 1.24562 66 34 23
-0.382981 -0.108056 1.20883 122 75 58
-0.425191 0.0148021 0.966083 121 13 16
-0.318984 -0.170358 1.19038 140 94 72
-0.184668 -0.00238502 1.26936 86 36 22
0.121751 0.100966 1.07086 94 88 73
-0.364924 -0.194557 1.15339 32 12 8
-0.0289697 -0.283467 1.23047 41 22 10
-0.0275405 -0.0578761 1.3252 172 130 112
0.338302 -0.37433 1.18591 144 140 90
0.26884 -0.300064 1.89353 109 108 65
-0.27683 0.0299854 1.24874 150 102 84
0.567803 -0.141351 1.17047 127 68 42
0.211099 -0.256461 1.94193 80 80 40
0.169645 -0.345254 1.81236 118 116 72
0.23992 -0.306605 1.90903 108 107 66
0.151857 0.0455204 1.13027 142 30 23
-0.417797 -0.246222 1.18745 54 25 14
-0.334584 0.0959517 1.24256 122 72 52
0.613027 -0.300509 1.08438 168 148 139
-0.0709357 -0.125375 1.27892 118 74 58
0.333092 -9.0935e-06 1.37536 139 130 101
0.493465 -0.341015 1.07497 126 40 30
-0.209449 -0.202174 1.41324 92 54 24
-0.41219 0.0803128 0.992577 116 23 24
0.297652 -0.36815 1.87094 124 121 74
0.154893 0.169533 1.14344 120 36 30
0.224482 -0.288415 1.92111 96 97 57
0.151913 0.0479053 1.10069 144 30 24
0.505606 0.0566524 1.22041 164 128 116
-0.181507 -0.0140135 1.30157 123 70 50
0.540557 -0.311837 1.03592 151 128 120
-0.374504 -0.184796 1.17416 34 11 8
0.433195 -0.369572 1.13218 121 26 16
0.412454 -0.309852 1.05557 106 58 30
-0.401769 -0.0299039 0.967549 160 146 124
-0.376932 0.156273 1.2362 147 120 109
-0.185006 0.0094176 1.31634 128 76 58
0.134008 0.0373516 1.11752 132 30 20
0.353539 -0.0470501 1.35038 152 142 116
-0.405527 -0.200266 1.18735 64 32 18
0.637391 0.0136897 1.3112 144 118 103
-0.0265497 -0.192822 1.25723 84 40 28
-0.360165 -0.194565 1.1582 38 11 4
-0.413377 -0.0721205 0.952312 162 147 123
-0.396316 -0.00202744 0.995749 152 108 48
0.220834 -0.345347 1.86078 118 117 74
0.360537 -0.342548 1.84755 117 116 72
-0.108302 -0.0455748 1.3031 188 141 120
0.432441 -0.327928 1.06403 118 19 10
0.19182 -0.276228 1.91353 92 91 50
-0.22351 -0.0510632 1.18985 136 92 78
0.463577 -0.299798 1.0353 170 143 134
-0.112001 -0.0666074 1.28387 170 121 104
-0.324817 -0.2945 1.17371 76 54 28
0.395516 -0.230594 1.31347 149 144 94
-0.125904 0.0929642 1.30901 137 83 52
-0.400588 0.00895482 0.977796 148 101 46
-0.202178 0.0191393 1.28863 102 52 37
0.155755 0.0223132 1.16685 135 30 20
0.0422345 0.189884 1.19131 150 70 62
0.122236 -0.234587 1.93089 139 132 107
-0.164792 0.0084984 1.33151 179 128 102
-0.412418 -0.267417 1.17142 70 36 25
-0.361429 -0.0937946 1.2004 114 71 54
-0.192005 0.0288568 1.30431 88 36 24
-0.148096 -0.296089 1.31108 126 66 38
0.453637 0.0128564 1.26348 103 60 34
0.310999 -0.00417171 1.39075 143 132 104
0.216844 -0.275026 1.9013 92 93 54
0.17331 0.19831 1.19815 152 112 106
0.333785 -0.299495 1.87971 110 108 68
0.00348605 -0.12293 1.40759 148 140 114
0.361601 -0.332664 1.78686 116 116 74
-0.307562 0.0175103 1.22049 146 98 80
-0.377645 0.144223 1.21596 154 125 113
-0.000291462 0.020595 1.33339 164 120 100
-0.039352 -0.0818296 1.33569 168 129 112
-0.430509 0.224465 1.05386 130 10 14
-0.354151 0.0243757 1.25928 171 123 101
-0.193732 -0.0223507 1.2563 79 32 20
-0.285573 0.0839926 1.24645 116 66 42
-0.251873 0.0295898 1.21868 156 112 96
-0.401715 -0.11182 1.20392 36 8 5
-0.407073 -0.0194555 0.975825 139 94 33
-0.0154768 0.111885 1.13631 158 132 118
0.665324 -0.0772111 1.34521 119 97 68
-0.334623 0.070248 1.23888 130 80 61
-0.283897 0.0918424 1.26289 93 46 22
0.551089 -0.44947 1.16549 120 15 10
-0.359554 -0.00212283 1.02132 142 12 14
-0.289871 -0.0235091 1.22565 138 92 73
0.463393 -0.365036 1.11659 126 8 8
0.470649 -0.379933 1.10498 122 12 10
-0.377363 0.203642 1.05266 140 116 102
-0.376401 0.126341 1.17992 144 102 80
-0.276107 -0.0024823 1.25021 146 102 88
-0.0336373 -0.0647447 1.31146 166 126 108
0.414399 0.0227407 1.22764 177 150 141
0.450438 -0.384812 1.13315 121 14 11
0.481245 -0.377188 1.11503 125 8 8
0.636964 -0.0982473 1.30263 155 124 102
0.413393 -0.35736 1.83669 124 123 77
0.456438 -0.365672 1.12844 126 6 8
0.355274 -0.29618 1.87735 110 110 68
0.401994 0.111351 1.28038 149 120 106
-0.431585 0.218554 1.0563 132 12 14
-0.42686 0.205884 1.04166 130 12 14
0.323716 -0.267164 1.85659 96 96 56
-0.130883 -0.00980601 1.30363 186 142 120
-0.282223 0.0310315 1.24131 147 98 81
0.329939 -0.345734 1.80905 117 116 73
-0.374831 0.223487 1.07921 162 140 128
-0.0570124 -0.154705 1.24259 134 94 72
-0.287412 0.0764106 1.25238 132 82 63
0.421838 0.0283343 1.23182 178 148 141
-0.019133 -0.287116 1.26333 42 26 12
0.984489 -0.25046 1.78422 138 135 89
0.319185 0.00876592 1.44179 142 131 104
-0.412188 -0.0121836 0.950915 104 39 18
0.426547 -0.0141807 1.26554 118 84 64
-0.338774 0.0571057 1.26036 132 80 62
0.459956 -0.354996 1.11899 126 8 8
0.141034 -0.364901 1.84954 120 118 73
-0.286651 -0.28496 1.2235 150 145 93
-0.393084 0.0755207 1.02511 162 142 124
0.478467 -0.340399 1.06885 136 53 38
-0.38659 0.0642357 1.00089 161 142 123
-0.277753 -0.248179 1.17355 148 144 90
-0.0314768 -0.0556253 1.30178 166 124 106
0.116169 -0.309259 1.96558 110 108 66
0.158873 0.0468433 1.13192 142 32 23
0.170257 0.0597365 1.07479 142 30 22
-0.410406 -0.121591 1.19867 101 53 35
0.314122 5.40886e-05 1.3957 143 132 104
0.172884 0.0491944 1.10672 142 32 26
0.292864 -0.411134 1.83714 132 130 80
0.335968 -0.385899 1.21393 144 140 90
0.438903 -0.353182 1.09096 124 6 6
0.325035 0.00771176 1.40315 140 130 102
0.237253 -0.395272 2.01173 124 122 75
-0.146779 -0.263506 1.28464 156 143 96
0.352545 -0.252206 1.89563 88 88 48
-0.194931 0.0304802 1.26447 92 41 27
0.3826 -0.352448 1.82298 117 116 75
0.00451759 -0.281603 1.28874 145 142 90
0.631949 -0.240347 1.11612 144 138 92
0.448169 -0.3229 1.05868 114 66 36
-0.335034 0.0387709 1.25711 146 98 79
0.246235 -0.270927 1.88433 91 92 50
0.337389 0.111608 1.35242 150 132 119
0.429021 -0.34664 1.08863 120 6 6
0.341561 -0.2791 1.84785 105 104 65
0.341548 -0.26509 1.91532 92 92 52
0.18203 -0.371118 1.80668 124 122 78
0.394624 -0.242275 1.31425 150 147 96
0.426984 -0.440552 1.25283 135 116 100
0.373642 -0.262591 1.87488 96 96 58
0.222548 -0.26053 1.93068 82 83 44
0.299747 0.0198403 1.4097 142 130 106
-0.0297803 -0.350436 1.26582 80 68 38
-0.378071 0.112814 1.14068 132 102 80
0.0484282 -0.0385582 1.41288 150 136 112
0.241628 -0.375684 1.88545 127 125 77
0.00318653 -0.335468 1.33044 146 144 94
0.300849 0.0657361 1.37459 146 130 107
0.342835 -0.418061 1.85372 124 124 78
-0.038717 -0.0348453 1.30592 150 110 92
-0.152362 -0.233775 1.28058 144 139 89
-0.351215 0.225337 1.13803 164 142 132
0.489729 0.181318 1.30166 170 148 140
-0.158044 -0.21723 1.28778 140 116 70
-0.264976 -0.276946 1.21119 148 146 94
1.18476 -0.178058 2.0924 154 143 120
0.167357 -0.0752236 1.45698 147 137 112
0.00188798 -0.0876455 1.37468 144 118 90
-0.405512 -0.10189 1.05024 160 146 123
0.249137 -0.396643 1.89498 132 130 80
-0.0102428 -0.0703873 1.34635 160 122 98
0.287308 -0.0999406 1.69525 154 142 120
-0.387578 0.243904 1.11713 164 142 131
0.547208 -0.408615 1.08188 14 12 10
0.293227 0.03212 1.40597 142 129 104
0.314687 0.0442729 1.40191 139 126 101
-0.260261 -0.24867 1.18209 150 146 91
-0.414298 -0.228782 1.13653 76 39 22
0.315559 0.0298235 1.4082 139 126 100
-0.360586 -0.286017 1.08413 62 34 18
-0.292187 -0.316221 1.213 150 146 92
0.158045 -0.367565 1.51367 140 138 87
0.156204 -0.183224 1.65902 140 132 107
-0.374885 0.232297 1.04341 163 140 131
0.23725 -0.095784 1.62725 148 138 114
0.200089 -0.0767663 1.47937 146 136 110
0.0792945 0.22027 1.15289 120 88 84
0.184532 -0.0620577 1.45142 148 138 114
0.306811 -0.0404143 1.41683 154 144 120
-0.390261 0.24447 1.04893 162 138 126
-0.784271 -0.353599 1.55737 150 144 92
0.624484 0.0864834 1.24051 128 94 76
0.0266197 -0.392701 1.32929 146 142 92
0.226622 -0.124878 1.42632 142 134 108
0.0536484 -0.111178 1.45178 145 138 112
0.29056 -0.142761 1.69443 144 136 113
-0.326566 0.197844 1.33915 163 138 128
-0.283979 -0.280481 0.991945 149 144 92
-0.439519 -0.287989 1.16629 98 79 48
-0.555248 -0.433183 1.34126 149 142 90
0.067207 0.283104 1.18055 168 144 138
0.234692 -0.124032 1.6384 144 136 112
0.137814 -0.0626825 1.4787 148 138 113
0.45286 0.345398 1.43859 164 146 138
-0.193638 0.204839 1.47182 166 143 132
0.0625573 -0.600134 1.7638 146 144 91
0.0933332 0.294979 1.18565 169 144 140
0.464041 0.347884 1.44407 166 148 138
-0.207107 0.258421 1.41901 168 148 140
1.1767 1.10262 4.4175 166 148 140
0.398191 -0.0806508 1.28959 44 27 13
0.441465 -0.0494162 1.23667 112 90 66
0.0935248 0.105162 1.0794 136 65 61
0.497681 -0.102926 1.18073 156 97 70
0.477114 0.0946811 1.2256 144 96 94
-0.453002 0.0435234 0.952462 111 58 60
0.564504 -0.0619722 1.24281 137 102 78
0.368259 -0.295835 1.12374 136 110 93
0.476232 -0.057277 1.21533 142 100 78
0.573498 -0.0327198 1.23605 102 58 40
-0.411897 0.0599412 0.990064 130 15 16
0.356608 -0.158197 1.23025 133 131 83
-0.440746 0.175574 1.06677 142 35 23
-0.0714905 -0.291118 1.23584 170 102 81
0.135721 0.108636 1.07946 98 84 68
0.361631 -0.08671 1.2962 126 109 81
0.420405 -0.251623 1.26995 160 156 104
0.493347 -0.144745 1.16297 128 99 82
0.369519 -0.286057 1.14056 122 108 66
0.352776 0.0130087 1.26432 152 130 110
-0.40602 0.0578644 0.995477 129 18 17
0.0915764 0.114632 1.07055 116 100 92
-0.151338 0.0638947 1.31429 179 128 106
0.53037 -0.412204 1.1276 130 8 8
0.475643 -0.188516 1.2203 154 152 101
0.3844 0.0420455 1.25839 126 18 19
0.156679 0.144964 1.10338 128 110 103
0.501688 -0.0366687 1.21359 132 102 88
0.538517 -0.107834 1.18746 118 83 74
-0.111674 -0.271653 1.24767 170 104 81
0.0687269 0.127076 1.09442 156 52 50
0.371132 0.0198314 1.26901 158 132 118
-0.284492 -0.153895 1.21046 146 106 88
0.57561 -0.14733 1.16644 128 70 43
0.0917078 0.168542 1.14332 146 30 28
-0.291637 -0.103961 1.1564 113 72 48
0.572036 -0.00843204 1.24652 171 145 131
-0.055615 0.0675903 1.29153 164 116 92
0.396079 -0.270681 1.09949 122 86 64
0.408387 -0.258631 1.08612 98 56 28
-0.222144 -0.118485 1.13721 193 140 100
-0.370313 -0.155712 1.19985 118 65 48
-0.112282 -0.317963 1.24906 172 111 86
-0.147538 0.0600044 1.30601 181 130 108
0.550711 -0.211117 1.21915 131 60 52
0.39816 -0.284554 1.0754 131 104 92
0.0686044 0.180752 1.14726 150 34 33
-0.492476 0.0558779 0.937703 134 54 26
0.353809 -0.299661 1.17757 158 154 104
-0.0173568 -0.200132 1.27477 98 57 39
-0.135382 -0.285364 1.28265 167 100 71
-0.0895847 -0.288447 1.23357 180 108 84
0.384316 -0.266225 1.11634 162 155 110
0.375346 -0.0585259 1.32144 123 74 45
-0.0941012 0.0303041 1.29384 188 138 114
0.0765872 0.105845 1.06673 158 72 68
0.58804 -0.169912 1.1723 78 48 30
-0.372102 0.0972563 1.25832 166 116 96
-0.471811 0.191869 1.05706 108 22 19
0.479736 -0.158897 1.17657 142 110 96
-0.439938 -0.0850002 0.934648 118 24 18
-0.306756 0.0532266 1.25065 132 82 64
0.530549 -0.423419 1.13333 130 7 8
-0.443833 -0.0303614 0.916391 128 16 18
-0.24838 -0.102591 1.17507 131 80 57
0.444205 -0.0477231 1.23291 118 94 74
-0.0923678 0.0025437 1.29343 200 152 126
0.0990238 0.0719297 1.06614 139 23 21
0.379362 -0.123334 1.28334 163 153 127
0.380784 0.0678166 1.27532 90 87 72
0.499837 0.00254412 1.23715 135 108 92
0.366895 -0.0648398 1.34858 152 141 115
-0.0926614 0.0401613 1.3066 194 144 120
0.453288 -0.100963 1.25079 110 101 72
0.400639 -0.166405 1.24856 146 118 98
0.365665 0.055289 1.27998 98 83 67
0.473131 -0.0924132 1.19371 150 104 86
-0.294638 -0.236389 1.15409 145 98 72
-0.100281 -0.247334 1.2787 140 87 65
-0.375108 -0.0972759 1.20668 52 16 10
-0.0995447 -0.195846 1.25833 172 126 94
-0.0942667 0.0224875 1.29493 196 144 120
-0.430646 0.188283 1.08749 136 40 28
0.553326 -0.252634 1.06608 162 143 135
0.440038 0.0916542 1.25558 165 138 130
-0.0343723 -0.204393 1.27049 88 44 30
0.475341 -0.276307 1.04756 171 146 136
0.0613801 0.167066 1.1425 150 27 24
0.478514 -0.0368779 1.22906 66 50 43
0.670188 -0.348994 1.23407 172 146 136
-0.0985455 -0.106392 1.19725 125 78 56
0.402291 -0.136502 1.26749 113 76 52
-0.120408 -0.311946 1.25545 169 108 85
-0.46265 0.0466033 0.947809 116 25 26
-0.332479 -0.283995 1.15491 132 88 63
0.402777 -0.243161 1.10292 155 144 98
-0.425296 0.0313545 0.967943 128 14 16
-0.0287321 -0.229436 1.26864 78 38 29
-0.302036 -0.176153 1.18838 156 112 93
0.501115 -0.100304 1.17666 127 72 52
0.450535 -0.0616681 1.21291 126 99 82
0.365691 -0.290484 1.13727 130 111 70
0.430141 -0.141383 1.27307 146 113 92
0.523328 -0.259098 1.053 146 124 116
-0.270148 -0.211175 1.19131 140 121 78
0.366606 -0.297002 1.133 124 94 66
-0.416479 0.201607 1.06212 134 12 14
-0.00447461 0.100457 1.14935 138 114 102
0.487723 -0.00647205 1.23428 121 95 80
0.140514 0.133464 1.08795 132 71 64
0.524297 -0.01735 1.23299 134 104 82
-0.311811 -0.165777 1.18899 138 92 69
-0.47526 -0.0238111 0.945689 26 23 58
0.351202 -0.283983 1.17403 158 155 102
-0.229672 -0.0552464 1.17931 160 110 92
0.131845 0.0933905 1.06466 88 85 70
-0.395799 0.101452 1.02858 162 141 128
0.126393 0.126134 1.08796 142 26 25
-0.458438 0.00711211 0.948656 109 8 12
-0.0308831 -0.223139 1.26579 95 47 34
-0.400798 -0.0243862 0.978655 132 94 37
-0.131376 -0.0603244 1.27803 178 128 106
-0.468494 -0.0505033 0.922202 142 14 16
0.467841 -0.258725 1.2451 130 112 69
-0.400304 0.0896566 1.01487 143 82 76
-0.0570171 -0.241258 1.2572 87 41 25
0.367706 0.000611487 1.27183 158 136 120
-0.334885 -0.268538 1.14126 158 105 84
-0.373748 -0.178021 1.18355 50 16 9
-0.394493 0.0872006 1.02371 162 140 126
0.101297 0.190544 1.13319 108 42 44
0.396242 -0.0757837 1.3056 80 62 46
-0.506262 0.0284969 0.942174 132 36 18
0.566051 -0.164521 1.16371 136 80 60
-0.169006 0.0329623 1.32067 160 108 84
0.50504 -0.116709 1.17441 116 84 62
-0.442381 0.0069673 0.951754 110 10 11
0.455025 -0.0225996 1.24411 110 90 73
0.436441 -0.255706 1.28537 160 156 105
0.380408 -0.344866 1.13219 142 118 100
0.684222 -0.375795 1.26553 133 100 80
-0.211894 0.0857876 1.25176 105 60 38
-0.319758 -0.267203 1.15387 114 68 50
-0.441419 -0.0996786 0.929183 160 148 126
0.487813 -0.129032 1.18798 147 113 98
0.155706 0.0993334 1.06745 106 45 40
-0.342183 -0.0430318 1.07446 164 131 107
0.00362266 -0.244515 1.28157 60 34 13
0.365283 -0.343027 1.11167 136 115 94
0.361037 -0.314836 1.15923 133 122 88
-0.190477 0.0953636 1.26785 100 64 50
-0.052549 -0.25386 1.26235 66 25 17
0.158158 0.115544 1.07236 124 106 100
-0.181673 0.0351015 1.30738 103 50 32
0.449083 -0.297197 1.04511 162 136 128
0.339265 -0.000174207 1.37821 136 127 97
-0.519325 0.0319737 0.945503 154 97 36
-0.36 -0.0303693 1.0469 136 15 16
0.439174 -0.251229 1.27792 130 110 66
0.398185 -0.0456462 1.33023 68 42 18
-0.182923 0.0514444 1.30342 94 42 28
-0.274105 -0.246368 1.18451 150 146 94
-0.350107 -0.206447 1.14639 170 108 82
-0.462009 -0.0471888 0.92332 138 11 14
0.420227 -0.254705 1.2911 160 157 104
0.449777 -0.04976 1.22818 126 100 84
-0.377303 -0.208302 1.15326 46 18 12
-0.160757 0.0837382 1.31562 111 60 34
-0.270213 0.0536644 1.24274 150 102 86
-0.00667627 -0.200184 1.27804 78 43 31
-0.0770556 -0.271197 1.23666 164 100 78
0.47395 -0.185445 1.15351 76 68 52
-0.184043 -0.0955811 1.14787 130 81 58
0.00321544 -0.246657 1.27502 64 36 12
-0.201448 0.0497632 1.30235 98 50 33
0.0084989 -0.146796 1.27665 131 106 84
-0.263757 0.0446738 1.25301 152 106 89
0.437593 -0.11639 1.25083 104 84 60
0.383768 -0.0456248 1.30831 96 68 36
-0.266367 -0.0462479 1.19001 113 64 46
0.462087 0.129361 1.25563 160 130 117
0.474782 -0.115266 1.19305 146 102 82
-0.100002 -0.317679 1.24029 146 92 72
-0.127635 -0.292754 1.27683 174 110 84
0.428859 -0.14332 1.29105 124 84 64
-0.0840105 -0.318603 1.23294 168 110 88
-0.491634 0.0517049 0.934721 126 39 19
0.488656 -0.133571 1.21685 144 112 99
0.429928 0.0418344 1.21518 164 138 128
0.560676 -0.00212782 1.23732 158 130 112
0.0549318 0.187111 1.16482 96 60 52
-0.168145 -0.108787 1.13126 148 98 76
-0.0828694 -0.278156 1.22804 174 104 81
-0.323237 -0.256608 1.14715 177 120 98
-0.337854 -0.186484 1.1847 140 84 60
-0.282641 -0.200682 1.21895 106 72 38
0.359745 -0.307848 1.23447 157 154 101
0.586702 -0.172604 1.19402 128 74 50
-0.031981 -0.314023 1.24892 52 30 16
0.0765813 0.130313 1.09141 144 77 72
0.369339 0.0906187 1.30776 90 62 43
0.45515 -0.293926 1.04132 164 138 129
0.454363 -0.294081 1.03004 168 141 131
0.0493379 0.180524 1.15164 104 69 62
-0.0424019 0.0731546 1.26838 152 102 80
0.498704 0.129299 1.24252 162 138 132
-0.301646 -0.109946 1.16401 143 99 76
-0.449491 -0.0520152 0.924385 133 19 22
-0.290961 -0.166525 1.19664 154 112 92
-0.408842 0.208772 1.07009 134 14 16
-0.0938831 -0.0563153 1.27179 188 142 118
-0.36297 0.102763 1.26958 148 99 79
-0.353354 -0.0689926 1.23674 117 68 47
0.166104 0.100022 1.07987 126 53 46
-0.414882 -0.0110425 0.972849 88 10 8
-0.296016 -0.196912 1.19217 114 75 48
-0.343622 -0.193358 1.15638 82 33 16
-0.498163 0.0188083 0.960645 108 8 8
-0.283995 -0.182671 1.21207 116 75 48
-0.363177 -0.133498 1.20096 166 117 95
0.494448 -0.266938 1.03751 152 130 120
0.51775 -0.0235677 1.24194 109 78 56
0.361354 -0.296081 1.15163 157 152 106
-0.356922 -0.0970028 1.20885 149 104 79
0.380743 -0.0287883 1.29826 102 73 42
-0.399807 -0.19324 1.19118 66 30 20
-0.259668 -0.0146768 1.23496 152 113 102
-0.309117 -0.0953215 1.16674 146 100 82
0.382174 0.0573222 1.27285 93 25 24
-0.505352 0.0518724 0.934746 157 106 45
0.518895 -0.00264802 1.24684 100 56 31
0.384659 -0.254913 1.13807 160 157 108
0.560165 -0.146368 1.17702 34 20 17
0.353363 0.0263222 1.32772 116 100 75
0.09959 0.125601 1.08373 106 92 84
-0.20343 -0.0730161 1.13851 134 83 72
0.53292 -0.00283673 1.25348 148 110 88
-0.430447 0.0530713 0.97291 24 20 35
0.365467 -0.067496 1.31962 111 74 42
0.351818 -0.323475 1.19366 156 154 102
0.501147 -0.0927516 1.17435 104 56 39
0.0861566 0.131194 1.08327 136 120 111
0.477524 0.0878051 1.22854 144 100 99
0.0904785 0.0793623 1.06735 146 23 22
0.384511 -0.0472703 1.32551 116 74 40
-0.401721 -0.07761 0.954227 162 148 124
-0.405062 -0.000429097 0.971638 120 26 20
-0.292875 0.048741 1.25718 142 92 75
0.497101 -0.151651 1.1687 130 102 85
-0.00612301 -0.169928 1.27968 66 33 22
-0.320415 -0.104633 1.17721 152 106 86
-0.00689125 -0.205157 1.27559 50 20 12
0.144664 0.160204 1.12835 156 24 25
0.391315 -0.177343 1.24124 150 125 95
0.456977 0.123344 1.26337 167 142 134
-0.425561 0.107256 0.997083 125 16 16
-0.463614 0.0880694 0.978425 88 58 60
-0.441143 -0.00166615 0.944425 114 12 13
-0.0943278 -0.128131 1.21633 118 77 56
0.233122 -0.280733 1.87914 99 100 60
-0.00176007 -0.252349 1.2768 56 32 13
-0.171378 -0.0294294 1.32288 130 78 57
-0.184199 -0.138791 1.16192 130 90 56
0.541777 -0.00325945 1.25672 144 108 90
-0.459036 0.0455823 0.951602 104 40 42
0.451856 0.128232 1.26792 156 128 119
0.42969 -0.273307 1.26283 160 156 104
0.0107089 0.0327318 1.33576 171 124 102
-0.430858 0.0227004 0.959923 128 14 16
0.358373 -0.335558 1.1454 146 123 93
-0.394184 -0.199918 1.16967 70 34 22
0.425768 0.0326894 1.22191 164 136 126
0.498557 -0.189562 1.15856 146 118 105
-0.192051 0.106184 1.25943 130 98 90
0.644357 -0.0400282 1.291 140 116 90
-0.213327 0.117816 1.2516 80 40 28
0.460623 0.0395181 1.21656 133 87 68
-0.316587 -0.242426 1.1427 172 112 90
0.483186 -0.344581 1.09975 122 39 26
-0.513048 0.0654569 0.930008 152 104 39
-0.424037 0.0229266 0.96071 128 14 16
0.453649 0.0360659 1.22112 150 114 98
-0.110752 -0.338367 1.24566 114 70 54
-0.278467 -0.145819 1.19625 140 100 86
0.549674 -0.0050563 1.23228 165 132 115
-0.306085 0.0973572 1.25057 105 56 38
-0.425755 0.0797551 0.993576 112 37 38
-0.296816 -0.0559832 1.17482 118 70 48
-0.204711 0.103083 1.25773 92 56 46
0.562621 -0.230478 1.10642 80 74 51
-0.390992 -0.198168 1.17827 65 30 20
-0.404446 -0.0142685 1.00521 140 99 37
0.386504 -0.26223 1.16252 158 156 104
-0.00106395 -0.233658 1.27617 90 52 36
0.52382 0.131222 1.25794 162 140 134
0.523198 0.0178651 1.23673 143 108 93
0.539292 -0.395748 1.1226 128 8 10
0.429308 -0.298712 1.05054 122 76 51
-0.348735 0.102135 1.25634 134 84 66
0.135746 0.141749 1.09954 156 29 29
-0.288897 0.059565 1.25165 134 84 66
0.385454 0.0422515 1.25223 124 27 24
-0.362844 -0.202563 1.16151 30 9 4
-0.386325 0.0943448 1.02389 162 138 124
-0.363828 -0.188441 1.16511 32 10 8
-0.368771 -0.0682727 1.23885 88 46 36
-0.34884 -0.215986 1.14974 176 113 88
-0.0817058 -0.220914 1.27683 168 120 95
-0.435246 -0.00283192 0.949883 106 9 8
-0.437808 0.0797437 0.98201 48 40 48
-0.435173 -0.0215048 0.895399 122 14 16
-0.492771 0.184366 1.06798 132 58 24
0.423361 -0.0363621 1.29179 120 94 78
-0.0260833 -0.171375 1.26496 108 62 46
-0.0367798 -0.233799 1.26369 56 16 7
0.552778 -0.00355695 1.25031 157 124 105
0.0727245 0.0604712 1.06549 99 20 13
0.383786 -0.327852 1.10427 150 126 110
-0.470297 -0.0191327 0.940511 24 22 58
-0.119898 0.0678133 1.29904 179 128 105
0.545707 -0.398931 1.12487 128 8 8
0.392528 -0.309163 1.07016 154 127 114
-0.340806 -0.228606 1.13935 154 94 77
-0.0756892 -0.28069 1.23552 171 103 82
-0.179835 0.0938316 1.31379 92 46 33
0.429957 -0.26328 1.23662 160 156 106
0.535045 -0.300036 1.05479 152 130 119
-0.283422 -0.0743499 1.15913 137 84 58
0.514282 -0.045302 1.22832 124 96 82
-0.405687 -0.0867564 0.991426 160 148 125
-0.353234 -0.115714 1.19177 158 112 90
0.561209 0.0159253 1.25144 150 114 100
-0.460095 0.0150218 0.964763 90 3 5
0.0927705 0.0518279 1.07567 74 22 17
-0.386278 0.0721454 1.02663 130 104 78
0.387937 0.101796 1.28601 118 86 67
0.485474 -0.0797878 1.19095 160 86 52
0.475509 -0.220601 1.19495 114 104 62
-0.523331 0.0343627 0.924072 161 108 38
-0.381093 0.0973687 1.2515 179 130 108
0.417707 -0.00291922 1.26144 94 52 26
-0.265383 0.0751813 1.24671 152 103 84
-0.000659431 -0.175663 1.26707 44 17 7
0.509642 -0.106711 1.17998 175 134 110
0.437821 -0.313042 1.04812 112 68 42
0.381331 0.0977711 1.29032 91 56 38
0.405406 -0.251722 1.14869 160 155 106
0.149967 0.0598899 1.08376 140 29 24
0.472939 -0.280599 1.04292 170 145 136
-0.090089 -0.238217 1.26699 192 138 108
-0.00470983 -0.27941 1.29013 95 82 46
-0.442928 0.0786083 0.98216 60 53 64
-0.311568 -0.159331 1.18825 126 81 60
-0.295728 0.00696927 1.23724 143 95 78
-0.426936 0.0470561 0.97119 91 79 83
-0.452595 0.0501014 0.952636 56 41 48
-0.277825 -0.220828 1.17059 140 132 82
-0.178115 -0.0992286 1.13857 138 89 68
0.117449 0.100711 1.07299 86 56 43
-0.26299 0.0593239 1.24369 155 108 92
-0.12307 0.0189164 1.29133 192 146 123
-0.376067 -0.150466 1.19865 64 24 14
-0.0747751 0.0413434 1.34683 188 138 115
-0.409457 -0.0025748 0.968617 114 19 15
0.520387 -0.249383 1.0728 155 132 122
0.414118 -0.00686089 1.27974 96 53 28
0.469548 0.130342 1.25136 155 126 114
-0.440275 0.0338509 0.943692 110 24 28
-0.431687 -0.0178333 0.926744 122 14 14
-0.109255 -0.294156 1.25011 182 116 89
0.460202 -0.341211 1.10055 110 34 18
0.35581 -0.275392 1.85146 104 104 64
0.379204 -0.270151 1.14276 158 155 104
0.410038 -0.280334 1.03443 151 122 112
-0.0400283 -0.255168 1.28208 78 35 24
0.552683 0.0267514 1.22962 128 90 72
-0.414187 0.0967255 1.03416 112 37 40
0.142844 0.0359966 1.11912 126 31 22
-0.191022 -0.0141115 1.2875 79 30 16
-0.28645 0.0528117 1.24981 142 94 78
-0.0200429 -0.102099 1.33019 148 112 88
-0.413795 -0.0454075 0.914177 128 20 19
-0.0722396 -0.325189 1.24217 104 63 46
0.378951 -0.261749 1.854 98 100 60
0.413582 -0.0238458 1.28379 118 84 66
0.397585 0.109313 1.27758 118 82 65
-0.044935 -0.230784 1.26882 108 59 44
0.621677 -0.216552 1.28973 164 93 76
0.47617 -0.243008 1.06314 144 107 90
0.370018 -0.329411 1.82347 116 116 74
-0.0700818 0.0514226 1.30798 179 130 105
-0.393945 0.00613258 0.97748 154 110 52
0.485643 0.13415 1.27287 152 124 114
-0.334692 0.0356991 1.24186 158 110 93
-0.28039 0.0706549 1.26313 138 87 72
-0.0519694 -0.313334 1.23117 65 33 22
0.445452 0.0667174 1.22561 170 146 138
-0.452739 0.205475 1.04794 63 2 2
0.3998 -0.213443 1.27022 160 156 107
0.492139 -0.462628 1.13943 158 153 100
-0.404188 -0.0247841 0.948285 158 142 120
-0.375011 0.173741 1.12572 144 124 112
-0.396686 -0.00330036 0.992146 152 109 50
0.157775 0.16298 1.1009 138 26 22
0.466784 -0.258835 1.06446 167 142 134
0.246573 -0.295704 1.86862 110 110 70
0.347422 -0.325864 1.87025 114 114 72
0.164886 0.0469906 1.09882 140 30 22
-0.404326 -0.0706284 0.956108 161 146 124
-0.29236 0.0944537 1.24982 102 52 34
-0.04353 -0.086708 1.29608 160 124 106
0.36229 -0.303666 1.21488 158 156 104
-0.2586 0.0280658 1.2654 154 110 94
-0.38295 -0.0831709 1.21627 56 20 14
-0.261031 -0.213746 1.24242 138 120 76
0.378186 -0.309073 1.76594 114 114 73
0.0320793 0.150686 1.14963 148 122 106
0.432875 0.00220494 1.27778 96 55 33
-0.297873 0.111254 1.26869 110 61 39
0.268963 -0.368727 1.86235 134 132 84
-0.0388137 -0.0517865 1.2964 152 112 92
0.451711 0.00749753 1.26752 96 52 28
0.60269 -0.197887 1.17205 120 108 80
0.408509 -0.427355 1.18498 140 124 100
0.48266 0.17133 1.28733 164 142 135
0.0323613 -0.0839877 1.40077 150 142 120
0.0287835 -0.124602 1.29514 148 139 114
-0.456362 0.16571 1.03168 114 58 52
0.476858 -0.262566 1.0564 162 138 129
-0.418596 0.173563 1.07423 140 97 84
0.480075 -0.265355 1.04575 160 135 126
0.0725723 0.111144 1.07598 151 72 68
0.395584 -0.274112 1.11309 120 89 66
0.0551812 0.037983 1.06825 132 26 20
-0.0955979 -0.165984 1.23148 174 126 102
0.437297 -0.0775034 1.34233 78 56 36
0.411874 0.0849559 1.26852 128 100 98
-0.136578 0.0603155 1.29801 190 142 118
-0.420252 0.128193 1.05246 144 80 74
0.481474 -0.150081 1.20471 134 105 92
-0.411207 -0.0307051 0.932435 159 140 120
0.531635 -0.292286 1.02846 121 102 97
0.100589 0.0370619 1.09202 121 28 20
-0.295533 -0.165307 1.19265 156 114 94
-0.429537 -0.0953234 0.925679 160 145 126
-0.106684 0.0674603 1.30767 150 98 76
0.455594 -0.0762739 1.22633 114 90 68
0.512766 -0.434969 1.11511 143 106 72
0.408671 -0.28203 1.06473 133 86 76
-0.210963 -0.0841549 1.12947 128 82 64
-0.173874 0.0581575 1.30614 120 66 48
-0.446079 -0.0997296 0.919617 150 137 122
0.359179 0.0737836 1.2685 114 92 76
-0.39528 0.155787 1.08047 150 128 117
0.41757 -0.240857 1.31673 158 156 105
-0.475121 -0.0405331 0.928268 134 16 20
0.516409 -0.296115 1.0294 156 130 122
0.0414005 0.0975028 1.12001 128 60 53
0.47489 -0.18963 1.17044 94 86 66
-0.0971526 -0.152633 1.2249 172 126 102
-0.415987 0.0384328 0.976757 126 14 16
-0.463533 -0.0275381 0.926964 81 15 34
-0.0727282 0.0623729 1.31703 181 132 108
-0.135738 0.0140649 1.30416 196 152 130
-0.385931 -0.00281512 1.0042 150 111 50
0.0749096 0.169766 1.13608 138 34 31
-0.440276 -0.01123 0.918429 121 14 18
-0.188573 -0.0676327 1.15762 80 38 22
-0.409209 0.202289 1.06069 133 14 16
0.408585 -0.282477 1.08384 142 111 100
0.514829 -0.438789 1.12686 130 100 72
-0.119293 -0.130631 1.20063 92 44 21
-0.398368 -0.0209731 1.00804 150 120 77
0.591812 -0.0536058 1.22523 78 52 34
0.437409 -0.0643707 1.2787 107 82 60
0.417121 -0.135028 1.28202 119 78 53
-0.0956279 -0.342487 1.24401 56 26 14
-0.221696 -0.109457 1.13785 156 99 66
-0.292972 -0.180108 1.20013 131 89 68
0.402712 -0.308776 1.07605 140 114 103
-0.339694 -0.13477 1.19681 172 126 104
-0.333109 -0.217447 1.14639 174 100 77
0.520713 0.00394841 1.24639 114 70 49
0.383281 -0.266694 1.12994 160 156 107
-0.488279 0.0617652 0.930529 122 22 12
-0.0812865 -0.337206 1.24011 52 25 12
0.000150454 0.0453671 1.30586 107 61 46
0.436609 -0.213663 1.28503 128 74 58
-0.267412 -0.0692556 1.15849 162 103 86
-0.303171 -0.0921394 1.17881 126 78 52
-0.410439 0.0392788 0.986582 122 14 14
0.522446 -0.38807 1.10634 122 7 8
0.536203 -0.406921 1.13761 124 8 10
-0.417703 0.186851 1.05924 128 14 14
-0.358623 -0.253872 1.14754 106 63 50
0.57773 -0.103802 1.211 72 51 56
0.499746 -0.0946697 1.18438 130 76 55
-0.126878 0.0502185 1.30231 196 150 128
-0.0877604 -0.321898 1.23918 121 77 58
0.0640112 0.0369743 1.06776 99 18 14
-0.0471559 -0.325638 1.24094 36 15 8
-0.26371 0.100602 1.24783 110 58 36
-0.427484 0.146875 1.06631 140 92 48
-0.0480667 -0.125647 1.26636 98 57 46
-0.155004 -0.0461045 1.31949 142 92 72
0.150842 0.173278 1.14845 152 40 38
-0.276319 0.0427068 1.23934 144 98 80
0.514719 -0.267262 1.05057 109 88 78
0.408285 -0.241033 1.10606 160 156 105
0.4423 -0.0536858 1.21593 120 94 76
0.498685 -0.450101 1.13695 158 152 103
0.473398 -0.234727 1.24756 160 157 105
0.167363 -0.329573 1.88998 112 110 67
-0.246293 -0.175613 1.22169 120 76 52
-0.318554 -0.0102926 1.05717 174 127 105
0.14509 0.106434 1.07326 80 66 49
-0.0503093 -0.13087 1.2703 101 63 52
-0.108454 -0.246424 1.26904 162 104 79
0.364627 -0.0536962 1.33453 136 116 88
-0.0379923 -0.224541 1.26076 74 31 20
-0.404799 0.0513944 0.995579 128 22 20
-0.180613 0.0614722 1.31177 92 40 28
-0.414083 0.104135 1.00862 102 37 42
-0.442669 0.14596 1.04265 142 66 32
0.504441 -0.15627 1.17115 122 92 78
-0.252494 -0.00159466 1.23316 151 114 104
0.0739223 0.0374798 1.07054 74 20 15
-0.0187204 0.0208359 1.30158 144 105 86
0.436836 -0.296321 1.02665 144 113 100
-0.0773593 -0.333683 1.23857 65 32 22
-0.13517 -0.0426556 1.29851 182 133 111
0.494746 -0.268681 1.04873 153 128 120
0.507397 -0.314832 1.04564 128 82 68
0.50114 -0.262353 1.06669 150 126 118
-0.14066 -0.119884 1.16454 116 76 57
0.484136 -0.185876 1.17161 106 90 74
0.468151 -0.160937 1.2012 154 146 108
0.114642 0.0295759 1.11081 110 38 26
-0.473954 0.0223905 0.962389 118 10 12
0.501272 -0.328583 1.03735 116 38 27
-0.0155024 -0.142857 1.27687 86 46 32
-0.513495 0.0635629 0.914594 163 112 40
0.433466 -0.201915 1.27495 126 72 61
0.111676 0.0663342 1.0609 137 23 20
0.426283 -0.156208 1.28491 162 134 117
0.0426317 0.112461 1.15015 124 44 34
-0.396963 0.0296287 0.9863 152 120 90
0.414672 -0.237242 1.09152 159 156 104
-0.323536 -0.0337092 1.07331 177 131 108
-0.451852 -0.105586 0.917504 96 90 98
-0.424396 0.163693 1.08194 144 110 86
-0.338793 -0.102446 1.18744 158 112 92
-0.0487405 -0.269231 1.25132 29 8 4
-0.424737 0.056775 0.969529 110 102 107
-0.0920461 -0.0178572 1.28958 198 150 128
-0.190397 0.0218912 1.30367 87 38 26
-0.455738 -0.0468381 0.925749 136 16 20
0.1685 0.117047 1.08388 120 88 80
0.5794 0.0878387 1.2473 154 119 108
-0.321536 -0.0199272 1.06263 182 138 116
-0.315595 -0.29475 1.17671 99 90 51
0.366371 -0.295349 1.16 157 152 107
-0.170744 -0.00213812 1.32028 140 87 68
-0.441693 0.0546253 0.9626 52 46 58
-0.406078 0.165435 1.07631 144 124 111
-0.212435 -0.102203 1.12627 164 110 80
-0.106265 -0.237237 1.28426 124 74 53
0.50231 -0.0616431 1.21159 140 90 65
-0.273189 -0.0885618 1.14816 137 86 64
-0.065906 -0.342961 1.25115 55 32 18
0.474739 -0.212817 1.20566 157 154 102
0.0591551 0.135443 1.10354 154 25 24
0.18974 -0.359285 1.83555 123 122 77
0.498269 -0.314797 1.01995 110 47 30
-0.352313 -0.147487 1.19779 165 116 94
-0.0482707 -0.280491 1.24272 40 18 10
0.176236 -0.301872 1.88291 105 104 64
-0.513653 0.0457251 0.942066 154 98 34
-0.369439 -0.161535 1.18195 82 30 16
-0.441943 -0.0781521 0.930506 118 18 13
0.681405 -0.388439 1.20229 28 26 17
-0.0409014 0.024552 1.32608 168 126 111
-0.400801 0.110203 1.03024 144 102 90
-0.270414 -0.201483 1.22366 136 100 70
0.616988 0.00546773 1.23065 136 116 96
-0.178267 -0.0433475 1.31044 100 48 30
0.367918 -0.0602727 1.32067 115 77 44
-0.362256 -0.173376 1.1708 80 35 20
-0.268966 -0.0553263 1.17835 144 90 74
0.132228 0.054063 1.11574 106 23 14
-0.432822 0.0265723 0.942338 126 14 16
0.140067 0.0607085 1.08042 140 28 23
-0.318773 -0.293768 1.15352 104 92 57
0.251777 -0.31773 1.8912 114 114 74
-0.190297 0.0178105 1.30299 86 38 26
-0.22341 0.0556587 1.24698 146 101 84
-0.0471229 -0.247391 1.27421 81 38 28
0.473773 -0.199848 1.16893 74 69 48
-0.38166 0.0725311 1.03736 130 102 77
0.294094 -0.324176 1.8616 126 124 78
-0.0155984 -0.222543 1.26319 84 46 34
0.0563868 0.123541 1.09384 154 26 25
-0.0381696 -0.202224 1.27007 110 62 47
0.676895 -0.400273 1.2073 32 30 20
-0.45604 -0.0421647 0.926475 136 16 20
0.422232 0.0408243 1.23028 172 145 136
-0.0808415 -0.0770579 1.28152 152 107 86
-0.0144992 -0.329476 1.30423 62 46 24
0.441791 -0.0792839 1.32745 91 68 50
-0.0275699 -0.267733 1.25213 38 18 10
0.46362 -0.149538 1.1935 130 118 84
-0.239965 -0.109338 1.16221 124 74 44
-0.0365271 -0.28311 1.24488 46 22 12
-0.40972 -0.0667397 0.942948 160 144 122
-0.322203 -0.0526401 1.23718 136 88 65
0.367125 -0.3017 1.07917 98 84 70
0.536026 -0.32986 1.06127 132 72 65
0.602796 -0.00750264 1.2431 157 132 116
-0.222862 0.0850474 1.23952 106 61 38
-0.411034 0.16062 1.0799 152 131 119
0.587652 -0.344985 1.09872 75 55 46
0.169026 0.120633 1.09036 94 67 58
-0.140881 0.021749 1.31824 192 145 124
-0.0385369 -0.19674 1.26833 114 68 53
0.434462 0.124304 1.28065 146 110 98
0.188511 -0.369562 1.87869 125 124 79
0.496289 -0.0572129 1.22106 142 89 62
-0.405873 0.102301 1.02897 137 60 56
0.0845319 0.194597 1.1488 118 44 42
-0.282732 0.0703779 1.24417 135 84 70
0.472942 -0.181885 1.16199 80 66 52
-0.390521 -0.284614 1.16535 64 34 20
0.0554827 0.0497063 1.07502 130 24 17
0.483625 -0.318879 1.05525 140 106 84
-0.165677 -0.117923 1.15295 161 113 92
0.436313 -0.289036 1.04427 142 103 88
0.00358689 0.101478 1.14934 136 112 102
-0.448255 0.00711724 0.948097 107 10 12
-0.0642616 -0.245673 1.25797 70 26 11
-0.126051 0.056217 1.3094 192 144 123
0.173531 0.0494342 1.07149 138 30 21
-0.380513 0.0845937 1.03625 156 130 116
0.535967 -0.386503 1.10619 124 10 10
0.376719 -0.400441 1.79645 127 126 82
-0.429623 -0.0353193 0.917993 153 123 121
-0.0652663 0.0962955 1.29725 139 86 62
0.518845 -0.263951 1.04279 76 60 50
-0.418235 -0.0801135 0.950175 160 146 126
-0.517329 0.0287789 0.940205 142 71 28
-0.342164 0.135066 1.22693 139 102 86
-0.445718 0.135726 1.03204 134 50 26
-0.385855 0.0544409 1.00171 142 115 94
-0.362539 -0.232 1.14821 42 16 13
0.513997 -0.258357 1.08671 150 127 119
-0.36712 0.18353 1.08591 146 124 112
-0.196798 0.112653 1.27552 122 92 85
0.473857 -0.135545 1.21105 122 101 79
-0.452569 0.0303286 0.950346 116 12 15
0.414575 -0.420705 1.27161 102 69 32
-0.116316 0.0520969 1.30537 172 122 102
-0.0489038 -0.193149 1.26494 150 108 86
-0.385454 0.0471707 1.00051 130 104 80
-0.418651 -0.00292604 0.945524 99 13 12
-0.339139 -0.154742 1.18956 160 112 88
-0.456809 -0.102154 0.929315 94 88 98
-0.0280298 -0.296189 1.23961 56 30 17
-0.0375991 -0.254171 1.25288 66 32 22
-0.181693 0.0338761 1.31983 104 50 34
0.392932 -0.170074 1.2642 158 140 112
0.373902 -0.331278 1.16133 90 81 60
0.423969 0.0621016 1.27804 151 124 117
0.0689514 0.0871674 1.09667 148 23 22
-0.0894394 -0.360994 1.26076 61 36 18
-0.358433 -0.0186189 1.04285 140 16 21
-0.395597 0.200312 1.08234 137 115 104
0.404353 -0.0115911 1.28475 96 56 31
0.390868 -0.417709 1.24551 133 112 70
0.431991 -0.328346 1.0859 103 34 18
-0.150145 -0.00898837 1.30709 170 120 96
-0.385848 -0.173744 1.18812 54 23 14
0.611325 0.0270935 1.23002 118 82 59
0.132372 0.148428 1.12682 148 71 72
0.431184 0.148822 1.33625 165 142 133
0.0350598 -0.0436067 1.38893 144 119 91
-0.46831 -0.056363 0.930688 139 14 18
-0.416204 0.220806 1.06025 132 10 16
0.360927 -0.279975 1.15198 158 154 105
-0.44186 -0.0233224 0.897639 101 12 22
-0.144194 -0.0466446 1.30815 169 118 96
-0.140932 -0.114403 1.16903 108 65 48
0.110929 -0.00213533 1.13009 162 149 129
0.366924 -0.270223 1.12917 160 157 108
0.138078 0.049423 1.09218 136 28 22
0.470057 -0.269108 1.07069 162 136 128
0.585722 0.0206445 1.24177 134 97 82
-0.12994 -0.24366 1.31069 130 106 62
-0.0735421 -0.0575752 1.28902 180 136 120
0.160516 0.0539835 1.10972 138 28 20
-0.0690355 -0.323155 1.22404 48 20 8
-0.467985 0.0507362 0.933668 124 16 20
-0.286389 0.026978 1.24778 142 96 78
0.471225 -0.435065 1.17662 159 150 106
0.545469 -0.415191 1.12934 124 8 9
0.443452 0.00947512 1.2596 97 54 28
0.250406 -0.327271 1.84946 118 118 78
-0.340266 -0.286186 1.13976 60 38 20
0.176554 -0.366763 1.89171 123 122 79
0.436354 -0.225973 1.27925 136 108 68
-0.00729217 0.115689 1.17535 156 132 120
0.222835 -0.293288 1.89935 106 104 67
-0.0813867 -0.235547 1.26318 154 100 78
0.296401 -0.370391 1.83675 128 127 82
-0.379375 0.0591797 1.02107 130 103 76
-0.387153 0.0608582 1.01521 156 130 113
0.614875 0.0192869 1.2311 106 73 52
0.37891 -0.318751 1.38523 156 153 105
0.246689 -0.352432 1.84803 126 126 80
-0.348396 -0.0465902 1.06448 164 132 110
0.161673 -0.294536 1.83732 106 106 64
-0.520962 0.0218084 0.938114 154 108 65
0.375407 -0.262214 1.28567 160 157 107
-0.350273 -0.0540449 1.07347 163 132 108
0.458498 -0.33357 1.09589 110 34 20
0.0165998 -0.259279 1.29696 134 132 86
-0.148106 -0.312678 1.28063 101 89 56
-0.521396 0.209819 1.10479 171 102 43
-0.318907 0.175841 1.18589 161 138 128
0.370015 -0.324445 1.33792 156 154 104
-0.515058 0.0905004 0.930852 160 138 120
-0.367635 -0.317191 1.19344 109 92 60
0.46507 0.16446 1.26484 164 144 138
-0.29837 -0.317494 1.21501 150 145 94
-0.080729 -0.362986 1.19722 110 99 60
-0.308747 -0.315564 1.19103 152 147 96
-0.285617 -0.309131 1.2253 150 147 96
-0.188523 -0.273391 1.29599 150 146 96
0.264718 0.183262 1.16823 161 142 132
-0.0382448 0.237994 1.20088 166 144 139
0.480574 0.108287 1.22818 124 61 65
0.565307 0.0980519 1.24485 182 160 154
0.529568 0.0797896 1.22532 182 160 154
0.468049 -0.125284 1.37416 116 88 64
0.532821 -0.159351 1.17216 19 11 9
0.594495 -0.173033 1.16609 129 78 56
0.454011 0.0981771 1.24532 180 155 148
0.572407 -0.0440464 1.23744 136 88 64
0.369948 -0.074995 1.30233 100 66 30
0.368614 -0.162631 1.23605 138 134 86
0.488127 -0.0925939 1.17862 176 106 70
0.463535 -0.104916 1.18199 135 109 91
-0.0960097 -0.135372 1.21393 152 106 86
-0.385114 0.0182043 0.996221 148 116 70
0.38555 -0.399514 1.23103 148 136 90
-0.458931 0.179381 1.0444 84 12 12
0.007002 0.0913935 1.1498 159 136 122
0.130542 0.0792645 1.04719 81 19 14
-0.274509 -0.0823406 1.14477 146 88 68
-0.265762 -0.113697 1.17161 90 50 25
0.60395 0.0617244 1.24355 182 160 152
-0.396644 0.142149 1.07877 160 138 125
0.389105 -0.135985 1.28048 164 151 128
-0.438656 -0.026186 0.921179 124 14 16
-0.320661 -0.10996 1.20269 142 96 76
-0.269683 -0.0946533 1.14932 128 76 52
0.366146 -0.372946 1.20761 150 144 94
-0.199881 -0.0895185 1.11624 111 62 42
0.617043 0.110482 1.30693 181 156 152
0.578133 -0.0151468 1.25905 168 140 120
0.620634 0.0795751 1.27382 180 158 148
0.53666 -0.388796 1.12418 125 8 9
-0.194878 -0.0793274 1.13787 77 30 16
0.625122 0.107798 1.31233 180 158 150
0.487053 0.0963576 1.22343 122 41 46
0.474968 -0.20266 1.20535 161 158 106
0.403316 -0.392651 1.22283 106 80 50
-0.149967 -0.077546 1.15912 176 118 100
-0.439588 0.132278 1.03288 152 94 33
-0.242884 -0.0698593 1.13747 180 120 96
-0.190286 -0.190803 1.38436 114 74 44
0.0990062 0.0223805 1.09781 132 38 28
-0.301614 -0.251566 1.14305 154 99 75
0.584703 -0.296251 1.06455 174 150 142
-0.398881 -0.0166875 1.01078 145 105 40
0.360914 0.0628952 1.31231 108 85 62
-0.103152 -0.155047 1.22684 156 108 86
-0.0260129 -0.117166 1.28684 124 84 64
-0.0924961 -0.0285921 1.28768 200 154 130
0.598178 -0.2819 1.07608 170 148 137
-0.06868 -0.24243 1.25387 127 78 54
0.419643 0.0507693 1.22299 180 153 144
0.208726 0.0899362 1.14726 158 38 34
0.53602 -0.133369 1.18741 28 21 24
-0.279437 -0.0506149 1.16687 112 64 42
-0.378846 0.0895212 1.25243 185 137 114
-0.357196 -0.0773585 1.22193 100 58 44
0.155479 0.132568 1.09226 123 104 98
-0.235248 -0.164907 1.2747 115 76 44
0.3462 0.0267328 1.33495 126 116 88
0.215028 0.0903394 1.1543 152 77 71
-0.496675 0.00460764 0.977199 126 9 14
-0.10329 -0.113398 1.19002 147 98 76
-0.170646 -0.0637579 1.33355 124 73 50
-0.0169372 -0.166731 1.2615 135 86 64
-0.382158 0.0161051 1.00252 161 140 117
-0.346137 0.00132849 1.25784 188 143 120
-0.329104 -0.298155 1.16916 35 18 7
-0.173575 0.0673106 1.3183 102 50 25
0.379675 -0.308441 1.0835 155 130 114
-0.490637 0.0151708 0.978074 112 5 5
-0.225345 -0.077736 1.12912 190 132 106
0.511359 -0.277899 1.03822 88 69 58
0.392371 -0.425194 1.23463 127 88 52
0.460095 -0.233814 1.26553 81 24 12
0.507914 0.0546192 1.20723 168 136 124
-0.437513 -0.0359083 0.920844 158 142 144
-0.333183 -0.192708 1.16665 92 44 31
0.136945 0.0692362 1.0664 144 29 22
0.453809 0.0704528 1.22215 195 172 165
-0.449801 -0.110708 0.913042 152 140 122
-0.224517 0.110458 1.25133 83 42 28
-0.316058 -0.0250482 1.05939 172 125 100
0.413166 -0.192546 1.26887 174 144 124
-0.390304 -0.118706 1.19319 80 38 24
-0.255204 -0.132295 1.19436 126 84 62
0.531589 -0.449082 1.122 108 58 27
0.499914 -0.0168196 1.23115 104 74 54
0.548953 -0.131362 1.17303 16 10 11
0.412209 -0.120328 1.29331 138 107 79
-0.421455 -0.0233726 0.924719 124 14 14
0.379691 -0.312637 1.09844 140 120 103
0.396093 -0.2529 1.11139 160 154 102
0.111271 0.0981373 1.07338 102 83 68
0.399809 -0.210606 1.30417 156 151 100
-0.0460897 -0.300356 1.24982 48 19 8
0.514997 -0.336516 1.06938 114 40 24
0.502956 -0.316086 1.06401 146 113 99
0.361134 -0.330743 1.10693 151 130 109
0.623136 -0.235166 1.28479 69 28 16
0.574534 -0.364442 1.12106 108 69 46
0.398314 -0.139171 1.26067 138 105 82
-0.509017 0.0287345 0.93858 136 36 14
-0.32467 0.114098 1.23796 107 58 36
-0.373505 0.0179582 1.02642 142 118 90
0.552099 0.0564662 1.22956 148 106 84
0.149124 0.134471 1.09882 130 108 102
-0.393489 -0.163474 1.20715 39 12 9
-0.491634 0.0179512 0.961097 114 7 10
0.549715 -0.0325 1.25873 90 72 58
0.392675 -0.248838 1.08898 161 156 105
0.565265 -0.149852 1.17681 124 74 48
0.591258 -0.355309 1.11453 129 86 62
0.476496 0.0767448 1.22871 181 157 150
-0.19842 -0.176383 1.37758 108 70 36
-0.413304 0.0542198 0.988422 130 14 16
0.492645 -0.114353 1.17589 164 104 74
-0.104396 -0.0676882 1.29781 170 121 100
-0.384887 0.177124 1.09418 144 124 112
0.0977727 0.160554 1.15326 156 28 24
0.00903907 -0.200885 1.27678 116 74 46
0.0149928 -0.204249 1.28586 96 63 34
0.585998 0.0128054 1.2577 153 120 105
-0.350051 -0.140621 1.19979 174 126 102
0.443387 0.0877625 1.23306 182 158 150
-0.275741 0.0870257 1.25258 112 62 41
0.497113 -0.362675 1.09563 126 8 9
0.471936 -0.303746 1.03856 166 140 132
0.469553 0.020273 1.2503 104 58 33
0.0491966 0.170871 1.14873 146 106 90
-0.433061 0.0378164 0.963589 94 74 79
-0.0289149 -0.110005 1.2966 146 108 88
-0.134445 -0.3115 1.28827 160 102 80
0.164436 0.127474 1.09786 74 60 53
-0.387488 0.166582 1.13217 146 126 113
0.0611168 0.11886 1.08808 163 29 28
-0.254783 -0.1953 1.26263 126 86 60
-0.341746 -0.258173 1.14189 162 108 90
-0.39889 -0.268452 1.21677 62 35 27
0.394536 -0.138905 1.26894 158 138 110
-0.16856 -0.0901541 1.15554 112 62 35
-0.151243 0.0590655 1.31553 179 128 106
0.21183 0.0989915 1.15215 152 65 62
0.441492 -0.311955 1.04433 132 92 66
0.155055 0.0918282 1.07853 102 84 68
-0.308234 -0.207608 1.17839 50 17 8
-0.268588 0.065356 1.24104 155 108 90
-0.431133 -0.0790719 0.931424 120 23 15
0.556647 -0.381552 1.12127 112 16 9
0.272164 -0.33186 1.87327 121 119 76
0.578469 -0.158609 1.17008 126 82 60
0.414792 -0.0907547 1.3214 102 81 48
0.572889 -0.139823 1.16998 94 42 19
0.00569183 -0.226636 1.2731 134 88 64
-0.213195 -0.0801098 1.13059 152 98 82
-0.409375 -0.225819 1.18934 62 28 16
-0.362642 0.11962 1.26444 117 69 46
-0.158234 -0.0219834 1.29732 161 109 84
-0.431844 -0.110627 0.924562 162 150 126
0.475943 -0.270071 1.03679 162 136 128
0.471245 -0.156053 1.14865 160 128 112
-0.30311 -0.0165666 1.23733 145 96 78
0.452684 0.0376766 1.2093 144 102 86
-0.402429 0.0961909 1.02477 166 129 116
0.061791 0.0110132 1.08009 134 101 78
-0.0201977 -0.299573 1.25356 50 30 15
-0.248167 -0.0528286 1.15009 143 97 84
-0.379468 0.0197501 1.00146 159 141 120
0.507207 0.0372502 1.19628 100 54 28
0.358891 -0.0476059 1.34588 152 142 116
0.367692 -0.364069 1.18303 148 144 93
0.592123 -0.161326 1.17162 134 74 45
-0.426784 0.107808 1.01774 98 18 20
0.493157 0.117698 1.25135 160 136 130
0.380164 -0.0330941 1.31681 108 76 47
0.515205 -0.451986 1.12494 148 138 90
-0.060659 0.0766355 1.28852 152 98 72
-0.379189 0.0425485 1.0132 128 104 80
-0.291615 -0.241304 1.16088 142 110 73
-0.040084 -0.345289 1.26167 60 36 18
0.460582 0.0392355 1.20833 150 100 81
-0.271925 0.126805 1.24195 86 49 37
-0.324861 -0.109998 1.18787 146 98 80
0.608601 -0.248778 1.0956 160 136 120
-0.35844 -0.18031 1.16888 94 42 24
0.50242 0.0177064 1.20503 154 122 106
0.379323 -0.295107 1.07619 108 93 82
0.351225 0.073596 1.33547 126 108 89
-0.0395405 -0.166241 1.2715 61 23 14
0.295141 -0.291513 1.89385 101 101 60
-0.413294 0.0609782 1.31424 151 100 78
-0.457702 -0.0266072 0.930223 76 13 26
0.170874 0.093936 1.09028 162 26 24
0.653968 -0.417566 1.2412 18 15 6
-0.491671 0.0439664 0.919997 134 28 12
-0.23422 0.0300268 1.25179 152 109 92
-0.439556 0.233341 1.03257 126 17 20
0.489405 -0.122602 1.18288 162 114 92
-0.0268051 -0.27332 1.25122 32 14 8
-0.0587555 -0.130746 1.26034 134 92 75
0.419153 -0.423056 1.26722 122 94 64
0.582682 0.0797344 1.23279 182 161 155
0.377713 0.0962306 1.30322 92 61 40
0.57973 -0.135402 1.17737 100 39 16
0.524619 -0.049264 1.21305 185 157 136
0.148143 0.0110817 1.15396 170 148 128
-0.415628 -0.0555617 0.922533 125 50 41
0.48854 -0.283094 1.05105 164 138 128
-0.0694196 -0.289144 1.23525 156 98 78
-0.377833 0.0138565 1.01854 158 138 115
-0.0864403 0.0964445 1.30784 152 98 68
-0.411566 0.186044 1.08218 138 113 100
0.544105 0.134413 1.29474 153 130 124
-0.318298 -0.280103 1.15793 98 64 44
0.402281 -0.228829 1.06816 162 158 104
0.550183 -0.352266 1.10323 120 47 30
0.586396 -0.349016 1.10807 142 104 84
-0.417803 0.0281257 0.976225 124 12 14
0.579325 -0.351648 1.10393 134 92 66
-0.448638 0.193067 1.06954 124 14 11
0.127503 0.0105105 1.13444 104 74 53
0.410792 0.00873647 1.28099 174 141 130
-0.0293838 0.0281973 1.30607 160 122 103
-0.398371 0.0155871 0.990211 148 102 42
-0.290294 -0.267357 1.20712 152 146 93
-0.02234 -0.0320054 1.30716 162 116 99
0.4269 -0.0495468 1.31254 138 100 80
-0.397072 0.0903376 1.2784 167 120 97
0.109048 0.160666 1.14921 158 24 22
0.0927411 0.137747 1.07665 92 71 64
-0.0140208 0.00957183 1.32764 128 80 62
-0.455497 -0.0343008 0.925921 124 14 20
-0.420677 0.0566859 0.988403 130 15 18
0.391898 -0.252779 1.12638 160 155 104
-0.381409 -0.10386 1.18743 81 33 21
-0.114682 0.093474 1.29371 146 91 62
0.134802 0.0114966 1.11765 165 136 114
-0.448123 0.0282435 0.962686 128 16 17
-0.349895 -0.0108287 1.01992 144 14 20
0.369553 -0.031294 1.33012 114 78 50
-0.420365 0.0725378 0.982652 123 15 18
-0.405368 -0.268028 1.17405 128 82 52
-0.393362 0.162262 1.11639 146 126 114
0.418054 -0.206217 1.26314 145 108 81
-0.380312 0.0423917 1.00584 132 110 88
-0.00941229 0.0169729 1.33548 126 80 62
-0.371823 -0.260937 1.14361 62 32 24
0.423346 0.0128643 1.2327 162 129 115
0.463324 -0.0121761 1.26891 124 102 84
-0.429893 0.0997086 1.00164 126 18 20
-0.0735526 0.00664093 1.32762 180 132 110
0.402744 0.0130841 1.2379 176 148 139
-0.252735 0.00778723 1.26044 156 117 106
0.466346 -0.361395 1.10396 126 8 8
0.384649 -0.447756 1.25246 155 151 97
0.179751 0.116513 1.10071 140 122 120
0.47815 -0.37349 1.13039 126 8 8
0.407761 -0.30043 1.04421 130 94 73
0.118647 -0.275119 1.92789 96 94 54
-0.451645 0.0237078 0.96342 122 14 16
-0.443266 0.0424521 0.967208 76 68 79
0.479674 -0.333202 1.07187 132 87 58
0.408353 0.0192275 1.21727 177 150 140
0.398501 -0.394331 1.23216 112 83 52
-0.417971 0.229739 1.07198 132 12 16
0.375982 0.100285 1.28863 112 84 64
-0.405114 0.0744223 1.00926 128 24 25
-0.35208 0.194126 1.11539 159 139 130
-0.0674916 -0.045605 1.31517 180 136 120
-0.263553 0.0176366 1.224 149 102 85
-0.213006 0.00717771 1.25786 143 98 84
0.389628 -0.308254 1.30951 156 152 100
-0.298578 0.0837506 1.2091 121 71 54
0.175266 0.187753 1.18983 146 34 32
0.24481 -0.378982 1.87428 130 128 78
0.335423 0.00676129 1.39773 138 128 98
0.546378 -0.370809 1.11346 119 9 8
0.445637 -0.278412 1.03393 170 142 134
0.290728 -0.0284063 1.40996 154 142 118
0.348987 -0.324113 1.19829 150 148 96
0.2659 -0.37423 1.93176 129 126 80
-0.395374 0.0760983 1.00417 162 142 128
0.4592 -0.356227 1.10939 125 6 7
-0.300995 0.163806 1.16681 165 140 130
0.686509 -0.0249486 1.31254 104 84 68
0.344242 0.149223 1.22627 165 145 136
0.486101 0.200086 1.28187 166 144 136
-0.934996 -0.529774 1.80262 150 143 90
0.468042 0.328978 1.42287 166 148 138
0.511575 -0.0743146 1.22125 181 148 125
-0.400396 0.131308 1.08257 158 136 120
-0.0593356 -0.113486 1.27094 138 98 84
-0.0832032 -0.11104 1.21046 150 107 90
-0.188338 -0.0878402 1.1245 124 76 49
-0.19574 0.0852616 1.261 88 43 27
0.464192 -0.196125 1.23865 124 114 68
0.469871 -0.218633 1.21834 154 152 99
-0.472814 0.16088 1.03175 140 102 76
0.510087 -0.291573 1.04826 152 124 112
-0.0145021 0.0688361 1.30951 140 103 84
0.47494 -0.133343 1.17454 162 138 120
-0.426161 -0.0258702 0.908978 120 12 12
-0.185044 -0.109598 1.14676 144 96 72
0.592656 0.066981 1.23217 166 140 130
0.148401 0.113465 1.07963 137 116 109
0.411857 -0.430776 1.2717 124 101 76
-0.412453 0.0356179 1.34562 172 126 102
0.0858981 0.0348862 1.07687 80 22 16
-0.428257 0.0941672 0.997345 108 30 29
0.487455 -0.0655994 1.19704 162 113 83
-0.447331 0.0019543 0.942106 96 7 7
-0.192848 0.0855807 1.28505 69 28 16
0.493793 0.0515263 1.21632 166 128 114
-0.278325 -0.120932 1.17647 89 48 24
0.670671 -0.402994 1.20936 94 83 68
-0.178268 -0.103434 1.11374 140 90 68
0.427969 -0.152179 1.28413 154 122 104
0.456327 0.0776285 1.22447 203 180 172
-0.0790058 -0.0934519 1.23582 150 104 86
0.00290602 0.0743726 1.1666 100 60 30
-0.442432 0.00703506 0.964325 100 8 8
-0.349213 -0.17571 1.19418 148 94 68
0.542781 -0.217627 1.21765 137 79 62
0.559369 0.0408845 1.2186 128 80 58
-0.353008 -0.264204 1.12401 46 16 4
0.573548 -0.256795 1.06612 158 138 128
-0.374157 0.185667 1.0852 144 123 109
-0.465256 -0.0352046 0.91272 76 16 32
-0.121156 -0.252577 1.24767 150 122 82
-0.450359 -0.0530106 0.915511 127 16 16
-0.420744 0.0716329 0.999271 124 14 15
-0.436606 0.060175 0.985983 78 61 68
-0.202072 0.0611911 1.25941 106 58 42
0.378751 -0.142261 1.27875 156 144 120
-0.446395 -0.131505 0.932415 162 148 122
-0.219237 0.0776662 1.2252 110 64 42
-0.424928 0.0562919 1.33234 158 110 84
0.443178 0.0797168 1.2301 183 158 149
-0.322474 -0.281109 1.16048 96 62 42
-0.400871 0.117385 1.0737 160 138 122
0.516991 -0.304746 1.04109 128 102 95
-0.278867 0.0369816 1.25692 150 102 80
-0.0927592 0.0157742 1.292 208 165 139
-0.402159 0.16845 1.08783 146 124 110
-0.388285 0.0194579 0.993177 140 105 60
-0.441063 -0.0847784 0.928037 117 44 34
-0.398711 0.136053 1.08483 158 136 120
-0.419785 0.0129893 0.961523 122 14 14
-0.343855 -0.174705 1.1686 144 90 64
-0.48888 0.0123019 0.990689 100 6 10
0.367766 0.00917213 1.26905 168 141 128
-0.345517 -0.011457 1.02847 129 14 14
-0.443726 -0.00481302 0.921658 118 10 14
0.504054 -0.291607 1.05721 160 135 122
0.538548 -0.427432 1.13382 126 8 8
0.350299 -0.335872 1.18903 144 141 90
-0.378049 0.0188249 1.01714 159 140 122
-0.198889 -0.0543499 1.16211 128 82 64
-0.119931 -0.112946 1.17882 128 73 58
-0.191125 -0.0560915 1.30928 100 74 55
0.424009 -0.0251802 1.27115 138 114 98
-0.467364 0.0220756 0.933761 116 9 12
0.460296 -0.309896 1.04291 164 136 124
0.534486 -0.0636094 1.22048 134 108 94
0.427968 -0.235381 1.08909 128 100 58
-0.378937 0.214863 1.0779 144 121 108
0.0575708 0.0625738 1.108 118 24 18
0.380315 -0.282854 1.11644 126 96 66
0.104701 0.121702 1.09554 102 66 60
-0.297131 -0.277503 1.19446 148 144 91
-0.424813 0.0477358 0.959309 70 50 52
-0.202013 0.0786563 1.24339 96 48 31
0.611236 -0.293231 1.07848 170 147 138
-0.446114 -0.116796 0.921039 163 148 125
0.487045 0.014253 1.22186 156 128 114
-0.465298 0.206545 1.07069 92 6 6
-0.143736 -0.171189 1.32715 106 63 34
-0.0771397 -0.261325 1.29496 100 53 33
0.175502 0.0206785 1.14792 134 45 30
-0.407734 -0.00465051 0.983717 148 98 40
-0.482601 -0.0708345 0.948951 132 15 16
-0.343008 -0.169006 1.19082 150 98 75
-0.434515 -0.102967 0.930206 162 148 125
-0.209135 -0.0897334 1.11714 144 95 74
-0.071492 -0.0835593 1.31915 166 124 108
-0.108462 -0.119747 1.19768 144 95 70
-0.0583084 -0.261899 1.22025 30 10 4
0.416336 -0.254773 1.06509 120 74 50
-0.0894014 0.0944007 1.28796 147 94 60
0.528531 -0.238522 1.09297 131 92 74
0.352306 -0.100239 1.2606 156 146 124
0.0010719 -0.205891 1.27245 58 28 16
-0.056094 0.0764903 1.29113 155 104 80
-0.257867 -0.172248 1.21165 132 96 68
0.48317 0.120812 1.25205 152 128 124
0.499474 -0.00413071 1.23771 120 89 72
-0.192868 -0.109407 1.12998 150 100 78
-0.338639 -0.188815 1.16073 168 112 86
0.119795 0.125073 1.10314 148 26 24
0.490093 -0.157833 1.15255 161 130 118
-0.329406 -0.0299721 1.05226 162 132 104
-0.268024 -0.0337961 1.21193 140 96 82
0.349764 -0.066524 1.35711 151 141 116
-0.156663 -0.112136 1.13763 136 85 66
0.670109 -0.423615 1.24267 92 85 64
-0.403808 0.208038 1.0955 137 108 96
0.59405 -0.239627 1.0976 140 114 90
0.18143 0.111645 1.10606 161 72 70
-0.24635 0.0609415 1.26755 152 104 88
-0.37191 0.110796 1.22885 128 78 50
-0.248526 0.00111749 1.23898 148 108 96
-0.354523 0.188396 1.11444 154 132 120
-0.502361 0.0741257 1.00378 68 14 22
-0.182801 -0.081316 1.13514 118 69 40
-0.345018 -0.0253028 1.04733 128 44 38
0.0741112 0.0497654 1.06774 42 14 11
-0.354128 0.00303421 1.03882 130 26 17
-0.50995 0.0226638 0.956817 116 10 10
0.484792 -0.144526 1.1797 164 132 119
-0.449562 -0.105114 0.898612 151 138 120
0.402878 -0.346094 1.11622 128 92 66
0.468584 -0.239739 1.22609 151 146 95
-0.411678 -0.0199428 0.965878 128 92 52
0.517354 -0.136163 1.19395 14 10 9
-0.0513099 0.0529504 1.32065 164 117 94
0.466128 -0.418567 1.14961 156 142 108
0.0666074 0.169701 1.14569 146 26 25
0.419402 -0.101962 1.34237 130 103 78
0.532779 0.071372 1.2503 176 150 143
0.572287 -0.242761 1.07343 150 122 106
0.513583 -0.144702 1.16616 12 6 5
-0.253891 -0.167622 1.22813 117 78 52
-0.261165 -0.000841352 1.23286 149 107 92
-0.256663 -0.202885 1.23943 134 98 63
-0.338283 -0.25571 1.14601 162 102 84
0.651386 -0.41341 1.22053 43 30 19
-0.456086 0.00695756 0.956816 84 5 8
-0.434377 0.000413925 0.948847 84 6 5
0.601711 -0.227262 1.109 82 77 49
-0.0584101 -0.146148 1.24241 138 97 74
0.430911 -0.314703 1.05436 110 59 31
0.291385 -0.395872 1.83071 132 129 78
-0.464492 0.133848 1.03014 134 52 47
-0.152194 -0.131824 1.12244 142 100 80
0.518789 -0.450247 1.12837 145 128 84
-0.380336 0.0198469 1.01209 160 142 124
-0.418916 0.0299993 0.96448 120 12 14
-0.422096 0.228713 1.051 129 13 14
-0.440275 0.172843 1.10205 132 78 67
-0.421988 0.235051 1.05351 128 14 16
-0.398713 0.19401 1.06233 128 78 68
0.494775 -0.385617 1.10752 122 8 8
-0.461753 0.0871733 0.987674 60 46 53
-0.385113 0.213299 1.08109 140 118 105
0.57138 -0.289477 1.04602 174 152 144
0.426662 0.06185 1.24906 180 153 142
-0.395766 -0.0233012 1.01669 148 114 66
-0.462681 0.06909 0.989754 61 54 68
-0.317524 -0.0602884 1.19928 122 74 52
-0.397708 -0.116645 1.2163 39 10 6
0.354174 -0.404014 1.21186 144 140 86
0.585956 -0.371377 1.14228 66 44 26
0.420203 -0.341206 1.10165 118 41 24
0.0879627 0.0979482 1.08141 152 22 22
-0.403985 -0.0421094 0.966075 162 146 125
0.335246 0.0379765 1.43661 137 123 96
-0.408003 0.0125709 1.01646 144 102 40
0.243976 -0.419065 1.82983 136 134 84
-0.355511 0.143073 1.17412 151 122 112
-0.121046 -0.103585 1.16356 142 88 72
-0.137039 -0.000129796 1.30457 198 154 132
0.455477 -0.189922 1.24735 56 36 23
0.299849 -0.389988 1.79199 123 122 74
-0.426544 0.00114527 0.945863 93 8 7
-0.413077 -0.0688615 0.933037 162 147 124
0.0552222 0.111847 1.10744 161 28 26
0.238191 0.139913 1.20788 150 133 120
-0.0330755 -0.118049 1.29047 96 54 34
-0.055418 -0.232488 1.2639 122 72 56
0.415468 -0.308471 1.05136 104 56 30
0.485363 0.0443556 1.21918 165 126 110
-0.455127 -0.0748019 0.941887 120 14 12
0.430118 -0.37064 1.12559 115 37 20
0.506965 0.0296114 1.22243 104 58 32
-0.212206 -0.00119059 1.26638 137 91 76
-0.322548 0.126355 1.23461 100 52 30
-0.191589 -0.0340171 1.31294 64 20 10
0.461976 -0.309482 1.03569 158 125 110
-0.214769 -0.0424811 1.20034 136 92 78
0.457943 -0.227934 1.07342 144 126 94
-0.460124 -0.114346 0.904804 36 34 58
-0.146736 -0.0721669 1.346 157 108 84
0.631134 0.061785 1.26413 164 119 104
-0.355331 -0.237253 1.13274 164 107 86
0.460698 -0.326031 1.06856 130 82 57
0.449411 -0.37834 1.1304 120 12 8
-0.369055 0.169716 1.13348 144 124 110
0.183873 -0.219965 0.99511 120 118 74
-0.225427 -0.168986 1.33545 98 64 30
-0.415007 -0.073549 0.93616 164 148 125
0.341577 -0.072011 1.36707 152 141 116
0.175989 0.0717995 1.1134 146 28 22
0.65638 -0.0491053 1.3177 138 117 92
-0.46793 -0.0805308 0.95674 118 16 12
-0.137978 -0.228795 1.30125 128 83 44
-0.305482 -0.223087 1.15635 139 88 69
-0.363853 0.018797 1.24012 180 134 110
0.49834 -0.389934 1.13428 124 8 8
0.31192 -0.437075 1.8614 134 130 82
-0.428124 0.100146 0.985197 124 16 15
-0.380801 -0.0475608 1.03608 160 144 123
0.462295 0.142654 1.24334 144 112 98
-0.402932 0.0643051 1.15533 128 97 70
0.166859 -0.313576 1.88972 104 104 62
0.496856 -0.359567 1.11003 124 8 8
1.06784 -0.22792 1.90182 121 120 74
0.435143 -0.352359 1.09326 120 8 6
0.242673 -0.402565 1.68925 137 135 85
0.393992 -0.440037 1.21281 97 70 34
-0.379873 0.116599 1.18052 120 76 46
-0.50486 0.021048 0.91806 130 45 19
0.343581 -0.387698 1.85236 120 119 76
0.157276 0.0489556 1.103 142 30 22
0.446085 -0.371646 1.14403 118 8 6
-0.0300912 -0.0981187 1.37088 153 115 94
1.01874 -0.251701 1.84147 133 131 82
-0.206345 0.025948 1.26984 131 85 69
0.462903 -0.387276 1.1283 122 16 13
-0.175609 -0.210267 1.35684 134 90 58
1.00393 -0.261815 1.80941 136 134 86
0.291794 -0.0804402 1.33914 152 141 118
-0.347387 0.156481 1.15173 148 123 110
-0.361172 -0.0491737 1.07637 157 144 120
0.249583 0.123122 1.21437 138 118 104
-0.474293 -0.106428 0.908666 17 20 57
0.205381 -0.402076 1.77285 137 134 84
0.464308 -0.452808 1.14877 154 149 94
0.682135 -0.011421 1.2973 55 28 10
-0.358198 0.230215 1.33358 163 140 130
-0.212184 -0.336358 1.25927 150 145 92
-0.423573 0.324649 1.16317 163 142 132
0.144013 0.302941 1.22154 166 142 138
-0.374263 -0.421856 1.329 150 145 90
-0.464908 -0.0347691 0.923372 86 24 42
0.549989 -0.0611988 1.25163 130 100 85
0.193103 0.0867557 1.10983 136 63 56
0.0255447 0.0957532 1.13348 148 118 108
0.516726 0.0494226 1.2196 133 86 64
-0.134697 -0.100015 1.14782 152 102 88
0.00563924 -0.165455 1.27936 123 105 80
-0.444082 0.127457 0.993827 125 30 26
0.559407 0.0635754 1.22746 166 138 128
0.54624 -0.128122 1.18217 20 14 18
-0.199894 -0.107046 1.12516 138 89 66
0.475693 -0.155615 1.1767 135 117 89
-0.0115466 -0.17228 1.27797 82 42 25
-0.283322 -0.114807 1.15829 92 50 24
0.00580494 -0.176904 1.2788 66 38 17
-0.407925 -0.0383924 0.938864 162 148 128
-0.334892 -0.173184 1.21425 148 100 81
-0.403222 0.0504929 0.984144 146 80 70
-0.465368 -0.12106 0.928759 98 91 93
-0.429013 -0.127472 0.922005 162 148 126
-0.29279 0.0941856 1.23576 96 46 26
0.429586 -0.0448351 1.25286 114 80 60
-0.271661 -0.0684577 1.15834 170 107 87
0.425492 -0.186534 1.26904 134 95 74
-0.266958 0.0749458 1.21295 136 86 66
0.396761 -0.267415 1.08341 134 98 78
-0.430065 -0.0926436 0.951122 162 148 125
0.197868 0.0881155 1.12068 156 82 74
0.00314926 -0.201523 1.27427 89 51 28
-0.360418 0.0999365 1.26933 132 83 64
-0.0185139 0.0636706 1.32274 143 102 84
-0.178389 -0.0773806 1.14149 106 60 30
0.461436 -0.0956716 1.20263 142 109 82
0.483053 0.0151982 1.22633 137 105 87
-0.0146588 -0.257911 1.28675 80 45 23
-0.22571 0.0937076 1.26185 80 40 24
-0.440265 0.043551 0.970007 66 18 26
0.359238 0.0816704 1.32943 118 96 78
-0.390232 0.00376403 0.989484 145 102 44
-0.472065 -0.0089987 0.944594 120 12 13
0.458162 -0.0450218 1.22362 142 113 95
0.477552 -0.153987 1.16088 142 120 94
-0.0474458 -0.348149 1.25748 54 33 14
-0.146867 -0.156923 1.27655 118 78 48
-0.14258 -0.162967 1.28637 118 75 45
-0.0964477 0.0917905 1.28971 129 75 44
0.397727 -0.154714 1.25964 111 78 48
-0.36399 0.113779 1.23941 115 66 41
-0.0151356 -0.149898 1.26225 84 40 21
0.659785 -0.0278915 1.31912 138 116 92
-0.320803 -0.189249 1.18398 122 74 54
0.554118 -0.121474 1.18365 94 60 54
-0.0745697 -0.254242 1.24232 70 30 18
-0.146378 -0.117798 1.12205 129 85 61
-0.477008 -0.0146399 0.949907 86 12 24
-0.22922 -0.0539798 1.16185 146 100 88
0.396144 -0.10467 1.28967 153 121 98
0.0816031 0.0698218 1.07151 136 26 22
0.66449 -0.380444 1.18244 90 78 64
-0.150712 -0.111212 1.14436 100 51 31
-0.189398 0.0518692 1.29017 86 35 22
-0.114596 -0.147122 1.22638 128 84 58
-0.283479 -0.0807727 1.16379 146 88 67
-0.0670708 0.0752418 1.33279 164 112 89
-0.0822777 -0.101391 1.20849 146 100 81
0.58651 -0.132616 1.1798 169 98 66
-0.0479331 -0.149186 1.25009 86 46 34
0.0594188 0.0519563 1.08001 74 18 14
0.443749 0.107476 1.24519 178 154 144
-0.434627 0.203147 1.06093 130 10 12
-0.243274 -0.0151143 1.24079 144 102 86
-0.196706 -0.116312 1.13852 156 106 82
-0.0548859 -0.120235 1.27681 82 38 28
0.130483 0.130146 1.09741 157 82 78
0.436744 -0.107011 1.3422 131 92 68
-0.426229 -0.0712529 0.948856 150 122 100
-0.477606 0.152109 1.04263 144 111 89
-0.17911 0.0654888 1.30124 98 46 29
-0.303369 0.0211057 1.23723 143 95 78
-0.393083 0.107126 1.03729 160 138 122
-0.353212 -0.165247 1.19965 151 101 76
0.512965 0.056251 1.22778 164 128 112
0.452983 0.073157 1.23314 197 173 166
-0.354577 0.0704624 1.24849 154 104 86
0.511072 -0.217781 1.20925 126 108 92
-0.475781 0.130546 1.01763 124 16 17
0.34185 -0.359558 1.17474 143 140 88
-0.219345 -0.17694 1.35065 87 47 20
-0.236809 0.0142392 1.24465 146 103 88
-0.182025 -0.207016 1.36287 135 95 66
-0.240143 0.0184468 1.23195 148 106 92
0.145915 0.0903792 1.07815 108 39 30
-0.394965 0.162861 1.07658 148 127 112
-0.362827 -0.0858568 1.19641 100 56 40
-0.166326 0.0290506 1.30622 171 120 94
0.408444 -0.357019 1.11817 128 98 70
-0.367933 -0.182142 1.18552 112 58 38
-0.252492 0.0655876 1.22768 156 110 90
0.194902 0.103393 1.11167 146 72 64
0.48593 -0.231071 1.18808 140 123 88
0.517249 -0.0324222 1.23935 144 114 101
-0.645833 0.0428099 1.11384 138 60 25
0.193148 -0.282726 1.86547 96 96 56
-0.414869 -0.0570986 0.934433 164 149 127
0.425096 -0.332214 1.09 122 44 30
0.361741 -0.111253 1.28679 156 146 124
-0.458541 0.0788723 0.980961 22 17 32
-0.366223 0.00326284 0.992278 154 106 48
-0.44219 0.113132 1.02081 109 18 18
0.418138 -0.042494 1.28259 125 87 67
0.442585 -0.410007 1.13197 152 134 104
0.179445 0.0799041 1.08594 154 28 28
-0.305999 0.115043 1.24898 116 70 44
-0.128606 -0.0231478 1.29197 184 138 114
0.419138 -0.370095 1.13206 151 130 106
-0.429997 -0.0842069 0.938327 144 106 86
-0.19949 -0.0291731 1.22431 124 78 62
-0.480736 0.1595 1.02618 146 108 70
0.35214 -0.0919997 1.32722 154 145 124
-0.156636 -0.0334445 1.30406 164 114 90
0.516875 -0.2937 1.00806 86 68 59
-0.0366567 -0.0707316 1.30288 164 124 107
-0.31043 -0.276084 1.15787 108 70 42
0.614072 -0.209689 1.30846 101 54 38
-0.300842 -0.206186 1.18693 81 44 20
0.444267 -0.346575 1.09285 125 8 8
-0.337705 0.16702 1.12217 151 130 117
-0.316011 0.0908426 1.23586 117 68 46
-0.306268 -0.143533 1.21201 137 93 74
-0.384558 0.178308 1.06749 140 118 103
-0.04829 -0.137302 1.24747 56 17 10
0.111796 0.12933 1.09125 148 73 68
0.409963 -0.336254 1.11321 134 98 78
0.496115 -0.426006 1.13148 154 136 104
0.482011 -0.266838 1.05749 166 140 131
0.0547879 0.11954 1.11305 156 30 28
0.493215 -0.227219 1.21774 102 98 67
-0.448654 0.21619 1.06738 113 8 10
-0.43702 -0.0783731 0.934403 120 44 35
-0.385275 0.147249 1.12069 156 134 119
0.117055 -0.343138 1.93907 118 116 69
0.0146626 -0.134947 1.36059 150 142 116
0.619529 0.0458895 1.26731 172 150 141
-0.0184298 -0.00404523 1.33299 148 104 84
-0.0584286 -0.134235 1.24693 132 92 74
-0.479785 0.119777 1.00856 90 21 25
-0.367976 0.0830734 1.27731 151 102 82
0.631952 0.10713 1.31219 182 156 138
0.114237 0.198525 1.16979 48 16 14
-0.472744 0.0822098 0.992504 63 57 68
-0.196342 -0.0122479 1.27301 86 38 25
-0.0706509 -0.215497 1.2802 151 109 86
0.0441565 0.129223 1.11522 153 52 40
-0.448538 0.0883357 0.976668 84 50 54
0.195627 0.125021 1.09507 146 92 80
0.343072 -0.0989368 1.29191 154 144 122
0.307192 -0.0114987 1.41778 148 136 110
0.333823 -0.331589 1.18237 144 141 90
0.439754 -0.32448 1.06167 118 63 38
0.59099 0.00769959 1.28191 133 96 79
0.172057 0.0401966 1.1407 138 31 22
-0.285913 0.13665 1.25853 128 94 82
0.168916 0.0709841 1.09037 146 26 22
-0.278484 -0.00259239 1.23041 144 96 80
-0.383624 0.139863 1.23591 133 95 72
0.388635 -0.430912 1.22638 126 94 66
-0.149034 -0.243292 1.26728 147 141 89
0.175823 0.0563814 1.10509 140 30 24
-0.334341 0.170472 1.14189 160 138 125
-0.351541 0.141656 1.19606 146 116 105
-0.206564 0.0326877 1.27129 121 75 57
0.449517 -0.421983 1.14947 153 142 96
0.64442 0.019192 1.28011 93 59 30
-0.35711 0.175022 1.12387 148 127 114
0.459503 -0.377466 1.13002 122 10 8
-0.332447 0.16649 1.15648 158 136 122
-0.0493095 0.098449 1.20875 139 87 60
-0.0480206 -0.177963 1.24736 132 88 70
0.4187 -0.347197 1.11845 110 36 17
-0.386802 0.0643546 1.02667 161 141 124
-0.320638 0.172793 1.09351 160 139 127
0.325569 -0.400014 1.18084 142 137 87
0.31385 -0.0761285 1.35135 152 142 118
0.170584 -0.330814 1.13085 140 136 88
-0.342729 -0.307197 1.13896 76 60 30
0.160529 -0.559622 1.7206 140 136 87
0.279799 -0.0520149 1.39647 155 144 120
0.00467863 -0.358932 1.2984 148 144 90
0.337102 -0.414023 1.20958 143 140 86
-0.492828 0.140455 0.968864 132 42 38
0.418479 0.189676 1.27546 169 149 141
-0.153101 0.152155 1.32022 168 140 130
0.287118 -0.0852272 1.25758 154 142 120
0.228059 -0.538457 1.69464 140 138 88
0.0643581 0.0523774 1.06941 67 18 12
0.368238 -0.0907978 1.26111 124 108 81
0.426976 -0.169487 1.28128 157 123 102
-0.439841 0.163891 1.0317 148 54 24
-0.275703 -0.110819 1.22372 132 81 52
0.452581 -0.110136 1.18759 132 118 95
-0.355803 -0.0356394 1.06029 146 83 70
-0.14229 -0.0677442 1.21445 128 76 52
0.547519 0.125229 1.27261 177 150 144
-0.0448954 -0.216667 1.26469 110 64 47
-0.165843 0.0744863 1.27866 103 50 28
0.486111 -0.18337 1.1471 95 84 67
-0.476149 0.137202 1.03691 124 28 26
-0.111982 -0.0964756 1.17324 136 85 68
-0.166774 -0.117618 1.12562 153 104 80
0.471846 -0.11256 1.20057 62 48 27
-0.430957 0.176765 1.09524 130 75 67
0.436666 -0.0715872 1.3478 85 64 52
0.394778 -0.295283 1.05826 158 130 119
0.508568 -0.117623 1.20248 158 116 94
0.511481 0.0654015 1.22103 182 158 149
0.481913 -0.168995 1.1447 154 126 112
-0.364455 -0.00442756 1.02009 146 54 37
-0.18865 -0.0631047 1.13914 104 56 35
-0.157141 -0.159482 1.26278 126 84 56
0.0842155 0.166719 1.15516 145 28 28
-0.275956 -0.194296 1.2153 132 96 68
-0.0692154 -0.129167 1.25095 146 108 88
-0.235627 0.0900401 1.26474 110 63 41
-0.341314 -0.204701 1.17539 126 66 46
-0.125528 -0.136683 1.22149 88 44 22
0.306197 -0.324699 1.89075 120 118 72
0.108697 0.0696727 1.09285 141 26 22
-0.446173 -0.0889776 0.939983 141 87 72
-0.381583 0.0933966 1.04408 162 138 122
-0.3492 0.0123054 1.25668 186 139 117
0.157161 0.121305 1.09139 112 96 94
-0.40345 -0.0617525 0.964172 162 148 126
-0.149637 -0.101218 1.15499 82 30 16
0.095102 0.0688852 1.06846 140 26 20
0.523643 -0.269223 1.1291 156 132 123
0.476141 0.0312506 1.19568 120 74 48
0.27457 -0.296894 1.93058 104 102 62
0.587674 -0.237287 1.09198 160 143 121
0.486291 -0.41193 1.14731 140 81 63
0.638201 -0.259674 1.13163 154 138 124
-0.264334 -0.183317 1.25417 128 86 62
-0.273501 -0.0568704 1.15524 130 74 54
-0.0258557 -0.129313 1.28297 93 49 26
-0.180187 -0.00385086 1.30908 130 78 57
0.442211 -0.0423211 1.23864 128 101 82
-0.164982 0.0927218 1.28311 104 54 27
-0.143256 -0.0599263 1.27987 148 96 76
-0.0393651 0.0849214 1.25019 128 78 52
-0.23482 -0.0765648 1.11386 163 106 84
0.441541 -0.0989785 1.37192 134 96 72
0.135594 0.115802 1.0741 106 67 56
-0.164208 -0.10331 1.16591 116 66 40
0.21442 -0.336157 1.84645 116 115 72
-0.444535 0.169626 1.06701 120 14 10
-0.0220674 -0.333593 1.27365 48 32 10
-0.333942 0.0192999 1.23393 171 124 104
-0.44681 -0.0464705 0.93931 134 80 78
-0.197761 0.0947464 1.2745 89 46 31
-0.039409 -0.108878 1.28734 134 92 76
-0.00680979 0.0798404 1.17909 110 70 42
0.164308 0.0884686 1.0891 154 24 24
-0.0375897 -0.138105 1.27913 74 32 22
-0.192816 0.0613752 1.28462 90 43 28
-0.454149 -0.112637 0.916633 162 148 126
0.252986 -0.28665 1.88375 101 102 60
-0.468436 -0.0802429 0.96831 118 18 14
0.159137 0.171277 1.11683 120 32 26
-0.201728 -0.0466651 1.18211 130 84 68
-0.363432 -0.283218 1.13946 71 40 23
-0.407988 0.0103274 0.9655 124 23 22
-0.379329 0.0942078 1.0292 162 140 122
0.552585 0.0907793 1.23404 180 158 150
-0.36415 0.00167007 1.02268 138 34 21
0.587951 -0.243024 1.0926 162 136 120
-0.195522 -0.0408629 1.3277 54 16 7
-0.00391145 -0.110382 1.38961 144 124 96
-0.282016 0.0856916 1.19188 111 60 38
-0.158059 -0.0911888 1.14653 82 28 13
-0.449374 -0.0476483 0.926239 126 24 26
-0.389474 -0.0240713 1.01122 153 124 84
-0.381095 0.0778944 1.03335 162 142 124
-0.295478 -0.126982 1.20636 104 60 36
-0.437234 0.176578 1.04612 132 45 20
-0.169458 0.0313388 1.2867 146 94 72
-0.184036 0.106584 1.30786 124 90 80
-0.438248 -0.058379 0.954549 118 35 26
-0.0427949 -0.212823 1.27698 104 56 42
0.591031 -0.0256267 1.24825 131 106 85
0.442215 -0.298922 1.04687 164 135 124
-0.277715 -0.232253 1.19982 146 142 89
0.412205 -0.315782 1.07226 118 70 45
-0.311091 0.00863369 1.2396 148 98 82
0.506697 -0.270099 1.10964 154 126 115
-0.375933 -0.0282029 1.04342 134 36 20
0.305279 -0.277628 1.90611 96 95 54
0.441882 -0.0630645 1.23782 104 80 52
0.485602 -0.222233 1.2141 156 152 98
-0.0185996 0.0167901 1.32915 136 90 74
-0.220439 0.0200735 1.29225 142 97 81
0.356983 -0.0996636 1.26226 157 146 123
-0.130942 -0.177589 1.29472 176 127 98
-0.0607113 0.0448059 1.29356 168 120 96
-0.385483 0.0425758 0.99846 162 144 126
-0.0738489 -0.0886336 1.28726 160 120 105
0.43482 0.00667885 1.23941 100 57 30
0.229589 -0.345004 1.84761 118 118 72
-0.0500647 -0.23867 1.28484 86 37 24
-0.200327 -0.0295878 1.2996 70 28 16
0.209849 0.132635 1.14739 150 130 117
-0.193296 0.003873 1.32389 87 36 20
-0.29791 -0.0500442 1.17723 119 70 44
-0.362308 0.213739 1.12853 162 142 130
-0.404283 -0.285871 1.16786 124 82 57
-0.123659 -0.353655 1.25099 66 44 17
0.201936 -0.265 1.84283 91 90 50
-0.206667 -0.0165971 1.326 84 36 24
-0.253325 0.0817308 1.24989 128 78 49
-0.345103 0.139623 1.22907 125 89 72
-0.471892 -0.0924188 0.927751 31 25 51
-0.265331 -0.21946 1.28995 128 114 70
0.304203 -0.253389 1.86564 88 88 48
0.471681 -0.391406 1.13882 122 18 12
0.350591 -0.365162 1.86548 120 118 75
-0.428685 0.0600006 1.24835 126 82 52
0.323669 0.0137372 1.38571 140 129 101
1.00463 -0.238128 1.82459 106 95 60
-0.0284498 -0.0198497 1.30722 142 100 79
1.03922 -0.238379 1.84249 130 128 82
-0.30462 -0.30554 1.24939 150 146 91
-0.00630429 -0.00956108 1.33528 175 129 108
0.276009 -0.25436 1.91181 82 82 44
-0.274865 -0.262567 1.20451 150 146 94
0.405353 -0.434303 1.17779 149 137 105
0.134632 0.198514 1.14456 126 84 82
-0.393489 -0.287394 1.14119 62 30 14
-0.374866 -0.316118 1.20683 50 30 15
0.328755 -0.377866 1.19388 142 139 87
-0.398173 -0.0757723 1.05376 160 147 126
-0.132493 -0.331932 1.23927 58 28 15
-0.169656 -0.252385 1.31035 148 142 90
0.014257 -0.0525266 1.34888 149 114 85
0.184042 -0.120202 1.31015 141 134 109
0.49565 0.201278 1.28075 166 142 134
-0.248953 -0.295783 1.35144 150 146 94
0.526087 -0.239064 1.05569 126 88 69
0.374202 -0.114574 1.24534 164 148 124
0.436639 -0.08814 1.35466 98 70 54
0.475409 0.0919326 1.26503 180 156 148
-0.371292 -0.114156 1.19802 84 44 34
-0.0112187 -0.286324 1.25568 51 32 18
0.467806 -0.132604 1.29614 88 66 36
0.0451079 0.121811 1.16035 140 52 42
-0.399123 -0.287647 1.19131 90 49 32
-0.318501 -0.0293623 1.22875 182 134 110
0.329857 -0.348036 1.17155 147 144 90
0.408123 -0.264997 1.29322 156 152 98
-0.254489 -0.230269 1.26305 142 138 87
0.338792 -0.399366 1.26477 143 141 88
-0.15802 -0.335881 1.27814 149 146 94
-0.210897 -0.178332 1.3537 72 30 16
-0.104745 -0.16706 1.23658 170 122 98
-0.0964509 0.0514008 1.30287 180 130 110
-0.293452 -0.160991 1.19761 151 110 92
-0.325052 -0.206775 1.14906 140 80 60
-0.109435 -0.145143 1.22415 144 100 76
-0.42511 0.142951 1.06916 153 122 100
-0.175794 0.0551442 1.32188 143 92 74
-0.0241129 -0.119751 1.29759 108 68 49
-0.193267 0.0828434 1.27652 76 33 22
-0.292723 -0.208968 1.19032 112 80 44
-0.300468 -0.207964 1.18127 96 57 32
-0.416226 0.0484689 0.981224 126 16 18
-0.384797 -0.0898953 1.21919 73 30 19
-0.340021 -0.0600424 1.20638 138 92 72
-0.274238 0.0484085 1.24877 151 104 86
-0.256186 -0.0737218 1.13854 180 122 101
-0.00538672 -0.150808 1.27983 98 62 38
-0.354394 0.120428 1.25888 104 57 32
-0.166042 -0.117848 1.11947 162 112 90
-0.152848 0.0567501 1.30154 181 131 108
-0.280097 0.0631188 1.25404 148 99 80
-0.212484 -0.0879644 1.12118 98 51 32
-0.170449 0.0645702 1.30685 144 90 70
-0.134698 0.0442674 1.31274 197 152 128
-0.190969 -0.0510013 1.32652 94 50 30
-0.0391176 -0.217105 1.25885 104 57 38
-0.0967202 0.0933293 1.29192 112 60 30
-0.307242 0.04522 1.24314 138 89 72
-0.176236 0.0596983 1.32583 135 84 66
-0.399284 -0.179455 1.1969 46 18 10
-0.271264 -0.202378 1.22048 136 101 72
-0.305021 -0.257268 1.15787 152 98 76
-0.332481 -0.0133257 1.06088 169 134 109
-0.400292 -0.158926 1.19754 38 12 6
-0.0183759 -0.141735 1.28305 59 30 16
-0.373621 -0.154846 1.19146 101 57 42
-0.38356 -0.0277176 1.02439 144 109 74
-0.230156 -0.187118 1.31158 162 151 122
-0.163159 0.0527165 1.31432 176 124 102
-0.264086 -0.0233067 1.236 145 106 96
-0.176498 0.0286375 1.32121 152 100 79
-0.302218 -0.112932 1.17209 114 72 46
-0.131637 -0.125447 1.16653 84 46 28
-0.328375 -0.176511 1.18945 143 94 72
-0.18192 0.0545835 1.29999 116 66 48
-0.256772 -0.0560284 1.15973 170 111 92
-0.384534 0.103943 1.03979 160 138 122
-0.378628 -0.152528 1.18443 68 28 15
-0.317494 -0.0286211 1.05865 179 138 114
-0.184957 -0.104571 1.138 144 96 76
-0.172299 0.0993449 1.27753 88 40 21
-0.379126 0.204379 1.07643 142 118 107
-0.356791 -0.138302 1.19484 166 119 95
-0.241152 0.113736 1.2491 80 36 24
-0.0758555 -0.288881 1.22409 162 102 79
-0.0119969 -0.00985108 1.32445 170 124 105
-0.0290926 -0.0524041 1.30741 167 124 107
-0.416252 -0.183826 1.17457 58 24 13
-0.303805 0.0572931 1.24143 130 80 64
-0.352838 -0.16533 1.1897 146 94 70
-0.0659309 -0.130292 1.23678 144 104 86
-0.38312 0.11056 1.04163 160 137 122
-0.224553 0.118984 1.26121 78 40 29
-0.385934 0.00355505 0.987579 153 110 52
-0.0380279 -0.111279 1.29225 106 65 45
-0.231363 0.0820617 1.24599 113 66 44
-0.287806 0.021182 1.23702 142 94 77
-0.158905 -0.020903 1.31825 164 116 95
-0.329709 -0.298499 1.16552 62 45 18
-0.25743 -0.00556531 1.24407 149 110 100
-0.34624 -0.187059 1.16881 130 78 52
-0.338332 0.118868 1.2439 104 56 32
-0.334292 -0.164677 1.19295 138 88 66
-0.296164 -0.166626 1.19422 152 108 90
-0.38159 -0.157571 1.18235 54 18 12
-0.139907 -0.105018 1.16663 120 72 52
-0.34921 -0.10218 1.20711 152 106 84
-0.365608 -0.136998 1.19427 162 112 88
-0.111755 0.0542003 1.29071 156 101 78
-0.880718 -0.273677 1.6791 124 118 74
-0.317975 -0.0203376 1.06271 179 134 109
-0.287429 -0.0107281 1.23485 140 94 79
-0.302675 -0.169489 1.18633 160 114 95
-0.407582 -0.0761415 0.947798 161 146 124
-0.433939 0.0848638 0.972693 122 66 72
-0.318333 -0.296723 1.17773 152 145 94
-0.17531 0.0451456 1.31463 152 99 78
-0.871459 -0.260177 1.6858 146 138 104
-0.888497 -0.266301 1.73953 146 136 106
-0.320916 -0.176418 1.19106 146 98 77
-0.362692 -0.162744 1.16962 105 50 29
-0.273486 0.00160235 1.23648 144 99 86
-0.368804 0.117738 1.26338 116 66 41
-0.0146097 -0.144144 1.26955 80 44 24
-0.383131 0.0900524 1.02498 157 132 117
-0.365674 -0.114993 1.19559 146 98 74
-0.282341 0.108027 1.25594 112 62 34
-0.282635 -0.101728 1.15322 87 46 23
-0.249454 0.10127 1.25021 106 59 40
-0.325661 -0.23674 1.15023 176 115 94
-0.296679 0.114751 1.2527 118 68 45
-0.0468122 -0.121089 1.2681 64 22 12
-0.206285 0.0612507 1.27327 110 62 46
-0.1992 -0.220033 1.33366 136 133 84
-0.0915957 -0.185523 1.25478 170 125 102
-0.107484 0.0252158 1.30725 192 144 121
-0.0626565 -0.270635 1.24304 94 53 44
-0.0566283 -0.136232 1.24411 104 67 54
-0.422069 -0.197937 1.15919 76 41 24
-0.429544 -0.197781 1.15385 96 76 53
-0.299093 0.0777412 1.27372 132 81 64
-0.428615 0.0339047 0.961011 126 14 14
-0.422541 0.0190076 0.950918 126 14 17
-0.341411 -0.154929 1.1992 154 108 84
-0.282903 -0.0700811 1.14393 154 98 77
-0.257595 -0.109571 1.1706 138 87 57
-0.149112 0.0991832 1.30392 173 121 97
-0.122636 -0.161597 1.24849 170 124 96
-0.248369 -0.135596 1.18518 126 84 57
-0.094664 -0.333368 1.23391 55 26 16
-0.12809 -0.29887 1.26952 178 112 84
-0.191409 0.123409 1.28407 148 119 112
-0.227642 0.0665009 1.23747 140 94 76
-0.306689 0.0322364 1.2477 144 95 78
-0.0133171 0.000919935 1.32435 150 106 90
-0.392469 0.0706883 1.00999 158 133 118
-0.394376 0.0767149 1.00572 160 138 123
-0.371923 -0.209126 1.14531 46 18 12
-0.27133 0.0129411 1.23708 146 100 86
-0.423647 0.0886408 0.992235 114 33 38
-0.0708679 -0.149146 1.21708 162 124 105
-0.375316 -0.193017 1.16473 38 15 8
-0.222663 -0.192907 1.35294 150 138 106
-0.0926391 -0.206014 1.26034 166 120 90
-0.379691 0.215104 1.07298 142 119 109
-0.212045 0.000578026 1.26488 134 88 74
-0.274415 0.127073 1.22622 56 20 10
-0.309667 -0.00666847 1.07051 170 122 100
-0.84473 -0.278298 1.67353 126 120 77
0.168415 0.084662 1.07903 151 26 25
-0.431071 -0.206673 1.16078 74 47 30
-0.412757 -0.161424 1.15529 118 68 48
-0.409677 0.0791433 1.00388 144 64 61
-0.425457 -0.166575 1.1176 158 145 124
-0.409766 -0.170976 1.15629 99 54 38
-0.424428 -0.209294 1.18189 71 36 22
-0.859197 -0.263354 1.71522 140 132 98
-0.14199 0.131637 1.30075 166 138 128
-0.279163 -0.329458 1.26346 150 146 93
-0.231468 -0.297583 1.21954 152 148 94
-0.285897 -0.29618 1.212 150 145 94
-0.151805 -0.263916 1.26405 152 146 97
-0.528959 -0.225947 1.18503 143 137 87
-0.239195 -0.326592 1.20713 151 146 95
-0.929532 -0.649735 1.89105 150 144 94
-0.224994 -0.220166 1.31001 140 136 84
0.181649 -0.429948 1.41354 140 138 88
-0.201039 -0.26594 1.2788 152 146 96
-0.844206 -0.644208 1.61911 150 144 91
-0.841587 -0.547383 1.67706 150 144 92
-0.949592 -0.671014 1.96337 150 144 95
-0.943902 -0.638335 1.95866 150 143 94
-0.991037 -0.698664 2.12653 148 142 91
-0.247397 -0.348186 1.16733 150 146 94
-0.866602 -0.469248 1.64497 151 144 92
-0.104592 -0.156107 1.23109 170 125 102
-0.194296 0.0877419 1.27966 68 28 16
-0.40932 -0.0495385 0.925179 160 144 124
-0.273341 -0.0924231 1.14514 124 76 50
-0.0269941 -0.176624 1.27836 54 21 12
-0.318535 -0.19502 1.16527 112 66 46
-0.294314 -0.235884 1.15361 142 105 78
-0.260504 -0.1748 1.22342 118 75 48
-0.360558 0.0818599 1.25411 156 109 93
-0.165956 -0.0384624 1.31866 140 88 66
-0.226905 -0.0721656 1.13223 127 76 60
-0.172926 -0.0141804 1.33189 144 92 70
-0.326133 -0.0202808 1.04646 169 136 114
-0.342791 0.099972 1.24736 135 86 72
-0.349091 -0.17387 1.17743 154 98 70
-0.333994 -0.278059 1.14991 106 69 46
-0.425628 0.0383949 0.968737 124 14 14
-0.337962 -0.255782 1.1461 170 114 98
-0.325218 -0.255148 1.14652 144 90 72
-0.397946 -0.0236895 0.994567 154 138 118
-0.339272 0.00139534 1.05788 146 76 66
-0.344084 -0.271687 1.13941 100 65 48
-0.132493 -0.114198 1.15479 120 78 57
-0.225959 -0.0807878 1.12654 123 67 53
-0.340868 -0.238659 1.13918 144 88 72
-0.190517 0.0415065 1.33321 113 62 50
-0.388662 -0.189226 1.18444 49 20 13
-0.266848 -0.197265 1.22796 134 98 68
-0.342889 0.130349 1.23565 112 66 48
-0.287574 -0.180579 1.1977 115 76 50
-0.312156 -0.0870387 1.171 134 88 66
-0.0916416 -0.325219 1.23208 100 62 46
-0.115523 -0.0715272 1.2226 138 88 74
-0.344966 -0.0857885 1.18966 146 101 82
-0.382552 0.18481 1.0743 140 119 106
-0.40759 0.113643 1.03654 145 80 72
-0.297182 -0.256248 1.16679 152 124 84
-0.171292 0.0183106 1.32679 156 104 86
-0.399875 -0.242155 1.16489 44 21 12
-0.347514 -0.179193 1.17379 165 109 82
-0.271565 0.0421146 1.24797 146 100 84
-0.0280314 -0.134642 1.29676 74 36 20
-0.178848 -0.00474363 1.32854 130 80 60
-0.444184 0.227482 1.04102 96 10 10
-0.282879 0.0216451 1.2649 144 98 82
-0.332834 0.114964 1.25644 110 62 46
-0.293985 -0.155921 1.19681 151 109 92
-0.381574 0.01305 0.980326 143 104 46
-0.292316 -0.0718258 1.15293 120 70 52
-0.377327 -0.0705246 1.21509 48 15 6
-0.403362 0.184606 1.08552 138 116 103
-0.376386 -0.198676 1.1602 36 15 10
-0.343178 -0.143925 1.19327 162 114 92
-0.259138 0.0698369 1.24373 150 103 87
-0.176637 -0.0227746 1.32467 115 64 46
-0.365144 -0.268259 1.13803 96 58 42
-0.109321 0.0940169 1.29595 124 71 43
-0.386364 0.20143 1.08802 141 118 108
-0.268265 -0.0609608 1.15095 162 102 84
-0.165243 0.0992459 1.29951 144 95 69
-1.08849 -0.321165 2.00732 122 117 74
-1.04671 -0.325016 1.94521 125 119 75
-0.340194 0.177122 1.13638 154 134 124
-0.39352 0.0766593 1.0127 159 138 123
-0.269081 -0.246481 1.20431 146 142 91
-0.120312 -0.244344 1.28296 140 100 66
-0.0948075 -0.0523672 1.28524 178 131 109
-0.330986 -0.174602 1.18362 130 80 56
-0.39536 0.0337982 0.99108 146 118 86
-0.293898 -0.137408 1.16504 122 78 60
-0.266409 0.0597146 1.24526 152 106 90
-0.372001 -0.233894 1.15829 104 62 50
-0.394769 0.0593154 1.00524 158 137 122
-0.291144 -0.12673 1.16684 112 70 51
-0.329185 -0.154098 1.18348 142 98 74
-0.292162 0.0424126 1.24606 142 94 78
-0.356351 -0.070827 1.22855 100 53 38
-0.390211 -0.0970003 1.20661 42 12 6
-0.114839 -0.152721 1.23691 152 105 80
0.164659 0.0468521 1.10758 138 28 22
-0.112873 -0.0566109 1.27965 160 112 93
-0.388132 0.0148299 0.977647 145 104 50
-0.394413 0.197504 1.08636 140 118 104
-0.414286 -0.0523472 0.923555 160 144 126
-0.397952 -0.127725 1.19377 82 42 33
-0.144317 -0.0301804 1.30911 170 122 100
-0.401055 -0.26896 1.17327 64 32 18
-0.32484 0.0619242 1.23617 132 83 66
-0.33588 0.0799418 1.23901 143 94 78
-0.268673 0.0874616 1.2537 124 74 51
-0.363341 0.185663 1.12273 146 126 114
-0.31511 0.119083 1.2618 110 64 44
-0.181249 0.114717 1.26515 150 120 112
-0.313316 -0.308437 1.20318 150 145 96
-0.342152 -0.205068 1.13526 172 103 82
-1.06154 -0.295412 1.95008 130 120 88
-1.05211 -0.313029 1.98297 122 118 75
-0.29134 -0.296543 1.21155 150 146 97
-0.90793 -0.683934 1.74966 151 144 96
-1.07402 -0.268118 2.00742 160 146 122
-1.01732 -0.277441 1.93402 158 144 124
-0.248829 -0.254097 1.25225 144 140 90
-0.0450892 -0.0913758 1.29703 156 118 101
-0.229998 -0.266554 1.21643 148 144 94
-0.272858 -0.271676 1.21376 148 144 94
-0.263355 -0.292536 1.20769 150 146 98
-0.251437 -0.286676 1.21173 151 146 98
-1.0487 -0.343412 1.97957 133 128 84
-0.369657 -0.30403 1.11587 110 100 62
-0.223467 -0.30894 1.26712 150 144 94
-0.260067 -0.340953 1.21759 150 145 96
-0.929916 -0.659174 1.87234 150 142 94
-0.850811 -0.634326 1.70615 148 140 90
0.255842 -0.725933 1.71212 150 146 96
-0.130493 -0.109462 1.17001 150 100 86
-0.27697 -0.0734046 1.15648 158 100 78
-0.115391 -0.0943828 1.19614 136 86 66
-0.209957 -0.11262 1.10422 148 94 68
-0.0775579 -0.0998673 1.27954 156 113 98
-0.322227 -0.0286917 1.05621 166 129 104
-0.410073 0.0449208 1.32738 172 122 100
-0.204139 -0.0897564 1.12309 96 46 27
-0.194801 -0.107288 1.11582 150 103 80
-0.330497 -0.0882777 1.18107 137 90 74
-0.262711 -0.188387 1.22649 132 91 62
-0.416693 0.161999 1.07827 154 134 121
-0.340261 -0.184295 1.18344 130 77 55
-0.0574911 -0.252764 1.25672 58 21 12
-0.0353031 -0.311135 1.25244 50 25 14
-0.135346 0.0639513 1.30432 188 139 116
-0.0411563 -0.30411 1.2508 43 19 8
-0.358265 0.202845 1.08688 156 136 124
-0.287781 -0.153164 1.19712 144 103 86
-0.405826 0.0420284 0.988193 146 80 72
-0.0709181 -0.0852486 1.29953 160 120 104
-0.418383 0.0389882 0.972814 126 12 16
-0.431518 0.136874 1.06929 153 120 90
-0.220691 -0.153092 1.30301 110 72 36
-0.110482 -0.252802 1.25693 104 50 30
-0.230589 -0.171858 1.3066 91 56 20
-0.124828 -0.0916552 1.16034 150 96 81
-0.358855 -0.252789 1.14169 110 62 50
-0.382842 -0.172621 1.18746 54 21 12
-0.0368972 -0.123907 1.28675 80 34 22
-0.351927 -0.161319 1.20117 153 105 82
-0.215841 -0.181616 1.35249 74 36 16
-0.102566 -0.141257 1.23044 151 106 85
-0.417655 0.0712976 0.991146 128 14 16
-0.381496 -0.122854 1.1821 70 28 17
-0.407296 0.0449018 0.982051 124 36 33
-0.265256 -0.182153 1.23301 120 82 54
-0.372478 0.187206 1.1088 145 124 109
-0.185734 -0.0643842 1.13349 98 52 30
-0.405612 0.157553 1.07283 155 135 120
-0.145394 0.053178 1.31317 190 144 118
-0.0155537 -0.194449 1.26658 128 79 56
-0.205026 -0.179919 1.38319 94 51 28
-0.367034 -0.242302 1.1474 100 60 48
-0.397171 0.128851 1.0667 158 136 121
-0.0925338 -0.0228539 1.2928 192 147 123
-0.086978 -0.122928 1.20438 166 126 107
-0.401807 -0.0535314 0.928812 162 146 127
-0.0840041 0.0374245 1.31822 193 147 124
-0.0491337 -0.135581 1.28458 66 23 14
-0.4012 -0.0533977 0.936479 160 147 126
-0.189254 -0.198047 1.38567 132 88 58
-0.307724 -0.279378 1.19135 150 137 88
-0.107093 -0.0845353 1.23831 124 75 54
-0.324441 0.0741504 1.23904 128 76 58
-0.380906 0.00182773 0.996319 153 109 49
-0.450239 0.130124 1.00724 125 22 16
-0.428491 0.0070551 0.957179 112 15 16
-0.391391 0.113797 1.04873 159 138 122
-0.390113 0.0778489 1.29446 178 130 108
-0.0363953 -0.260692 1.25974 40 12 6
-0.406175 0.227486 1.05485 129 16 20
-0.330212 -0.184784 1.18383 107 58 34
-0.373557 0.18919 1.08546 144 123 109
-0.0689351 -0.248784 1.23917 82 44 30
-0.375268 -0.133234 1.19592 120 74 57
-0.0178034 -0.121553 1.30387 138 108 80
-0.116087 -0.146962 1.22947 130 86 62
-0.419965 0.018812 0.96729 123 14 16
-0.303575 -0.158769 1.19356 146 103 84
-0.0881552 -0.302166 1.23707 160 94 72
-0.401824 0.123956 1.07275 158 137 122
-0.336907 -0.0986526 1.18768 139 93 74
-0.400472 0.138379 1.09122 158 136 121
-0.183061 0.0698937 1.30239 92 42 26
-0.0375512 -0.154106 1.26258 69 29 20
-0.127414 -0.212658 1.29487 168 119 88
-0.340585 -0.228353 1.1411 178 108 87
-0.087246 -0.102221 1.28523 147 101 86
-0.381635 0.109756 1.25466 154 101 75
-0.400438 -0.155821 1.2138 50 17 8
-0.170533 -0.0136767 1.30318 144 93 74
-0.195954 0.105159 1.28004 116 85 72
-0.182619 -0.110985 1.12236 150 101 79
-0.132202 -0.254013 1.2756 152 139 94
-0.376826 -0.00762044 1.00215 160 114 54
-0.201707 -0.127881 1.11293 120 82 48
-0.392713 0.0038831 0.985219 149 106 48
-0.275589 0.11193 1.25118 104 54 30
-0.0145672 -0.283012 1.29682 82 69 42
-0.214302 -0.170567 1.33346 93 56 26
-0.405177 0.221515 1.05123 128 14 17
-0.125962 -0.0456533 1.29189 176 128 106
-0.426835 0.105739 1.00565 104 34 38
-0.361055 0.0625677 1.26848 155 106 86
-0.410235 0.0990172 1.0224 142 80 74
-0.240907 0.0720291 1.2447 134 87 65
-0.317806 0.0107054 1.24268 147 100 82
-0.389494 0.183118 1.07404 140 118 106
-0.101801 -0.0998868 1.20865 116 68 47
-0.361517 -0.288062 1.14849 57 32 18
-0.100367 0.0882225 1.29332 118 66 36
-0.349723 -0.15408 1.19767 160 112 90
-0.374464 -0.0796465 1.20236 62 24 14
-0.335107 -0.094317 1.18632 140 93 76
-0.372698 -0.286766 1.15388 64 36 22
-0.432181 0.240089 1.0658 128 11 16
-0.334767 0.0636179 1.23433 134 84 64
-0.387104 0.0262141 0.997574 160 140 120
-0.404734 -0.246463 1.15905 66 36 28
-0.348732 -0.234486 1.13338 122 68 56
-0.411715 0.121188 1.04118 162 136 121
-0.415647 0.00198689 0.965765 118 21 18
-0.184067 -0.00404897 1.30371 115 62 48
-0.0703088 -0.130069 1.22022 150 112 93
-0.44424 0.138723 1.02007 142 84 26
-0.438831 0.0639071 0.972999 34 26 39
-0.413293 0.0413926 1.31698 168 120 96
0.0020803 -0.176228 1.26016 70 37 18
-0.380057 0.0683055 1.02664 158 134 116
-0.138064 -0.0225049 1.30248 190 144 119
-0.403069 -0.00813168 0.954379 119 57 20
-0.381134 0.178135 1.08808 142 122 109
-0.410195 0.109907 1.02221 144 78 70
-0.0392189 -0.146543 1.29046 43 14 9
-0.12803 0.0123856 1.31111 184 138 115
-0.373927 0.0916329 1.02002 160 138 124
-0.382332 -0.08094 1.21487 66 32 25
-0.414029 0.0758413 0.997814 126 17 19
-0.333728 -0.125947 1.20284 156 111 88
-0.119293 -0.227412 1.2935 171 122 91
-0.362232 0.191945 1.10379 148 128 115
-0.0897997 -0.0899104 1.24374 143 98 81
-0.293774 -0.0556718 1.17802 132 82 60
-0.38788 -0.213724 1.16534 38 14 5
-0.26299 -0.169287 1.19887 134 96 68
-0.126413 -0.0210519 1.29322 179 132 111
-0.417062 0.18681 1.10319 137 116 103
-0.0521922 -0.100339 1.27634 153 115 98
-0.324993 -0.0180847 1.06383 166 122 98
-0.377876 0.214457 1.08711 146 125 113
-0.0683299 -0.000225866 1.32532 178 133 114
-0.323062 0.0270357 1.22938 148 100 84
-0.0376595 -0.183138 1.27306 82 44 32
0.0771018 -0.286144 1.27816 143 140 89
-0.0371345 -0.198301 1.27299 88 46 31
-0.365605 0.192378 1.08534 147 126 114
-0.205675 -0.00973993 1.30034 107 60 45
-0.383749 0.212271 1.083 144 120 110
-0.42961 0.0450276 0.960759 98 51 56
-0.413261 -0.0451699 0.917173 142 88 69
-0.308505 -0.0374786 1.21732 138 91 68
-0.293377 -0.0115032 1.2388 141 94 76
-0.288374 -0.244641 1.15298 143 130 82
0.137631 -0.337919 1.92841 117 116 73
-0.206477 -0.0434011 1.22155 124 79 63
-0.0746814 -0.102055 1.31519 156 115 98
-0.418441 -0.0215199 0.943953 113 64 48
-0.46623 0.142479 1.02804 146 112 92
-0.0684132 0.0112865 1.34839 176 132 114
-0.383362 0.199976 1.08795 142 121 109
-0.145912 0.0308485 1.31487 197 151 126
-0.197324 -0.0254693 1.3223 74 28 16
-0.324583 0.0426431 1.23519 140 92 76
-0.1928 -0.0619271 1.11449 116 69 51
-0.280046 0.0963811 1.27553 132 80 53
-0.39184 0.148214 1.079 156 136 120
-0.254458 -0.0309704 1.22646 143 104 92
-0.0732345 -0.21638 1.26554 153 108 85
-0.0698601 -0.197112 1.27061 156 114 93
-0.403982 -0.0538294 0.954812 160 146 125
-0.312827 0.026435 1.23029 146 98 81
-0.56353 -0.27694 1.33769 150 142 93
-0.434226 0.0983056 0.993824 124 18 21
-0.347629 -0.133452 1.19179 171 124 100
-0.182348 0.00127586 1.29588 116 63 49
0.0617047 -0.298878 1.44157 143 140 90
-0.06109 -0.0902453 1.30719 156 118 102
-0.10608 -0.0242865 1.30342 186 142 118
0.004623 -0.133664 1.29064 153 144 119
-0.322222 -0.0465047 1.16965 155 108 87
-0.392973 0.212635 1.07282 144 110 100
-0.376748 0.144412 1.19267 156 129 116
-0.163915 -0.275047 1.27002 150 144 96
-0.125624 -0.221031 1.30539 169 120 90
-0.073618 -0.0504233 1.3079 178 134 118
-0.404111 0.0641488 1.00502 144 85 74
-0.42506 0.0389213 0.950319 100 34 37
-0.0545645 -0.206885 1.25155 141 100 78
-0.373118 0.169771 1.17863 146 124 112
-0.707882 -0.603909 1.50019 150 143 90
-0.360232 0.144445 1.20722 146 118 106
-0.349386 0.194893 1.1268 162 141 130
-0.0718694 -0.0237006 1.30477 176 132 113
0.16912 -0.387282 1.92754 125 122 79
-0.102491 -0.362792 1.25168 50 24 12
-0.101784 -0.404842 1.22775 150 145 94
-0.417555 -0.141383 1.13728 113 66 38
-0.429914 -0.122379 1.01828 161 148 124
-0.27225 -0.31037 1.2281 148 145 93
-0.437512 -0.305792 1.20641 63 40 14
-0.356677 0.235472 1.13366 162 142 130
-0.315681 -0.318161 1.21253 150 144 90
0.224829 -0.591001 1.72518 146 142 93
0.223698 -0.614742 1.75145 147 144 94
-0.192178 -0.314371 1.22848 148 144 94
0.22237 -0.567667 1.92873 142 139 90
0.137207 -0.356758 1.17478 140 138 86
-0.401304 0.290305 1.15599 162 142 132
-0.333705 -0.392718 1.31494 150 144 92
0.202391 -0.678041 2.00175 146 142 92
-0.316093 0.353534 1.23894 163 143 135
-0.339911 0.371056 1.23611 163 143 136
0.211835 -0.599968 1.72378 147 144 94
-0.329451 0.377294 1.2551 162 143 136
-0.137949 -0.13659 1.2391 106 64 36
-0.226437 -0.156554 1.2898 100 64 26
-0.405242 0.0477701 0.995456 162 142 124
-0.415799 -0.255484 1.19897 55 29 24
-0.182186 -0.061703 1.15284 100 52 32
-0.306521 -0.00819013 1.02739 162 127 98
-0.478066 0.169182 1.05343 148 112 100
-0.223938 0.0851803 1.25672 120 72 47
-0.443461 0.190947 1.08769 123 14 14
-0.127333 -0.0774204 1.20917 122 73 52
-0.237121 -0.0998608 1.13011 146 88 55
-0.190892 -0.0672252 1.31934 118 72 53
-0.254258 -0.0530927 1.24623 136 92 77
-0.237168 -0.124356 1.18082 162 108 80
-0.0886613 -0.145905 1.20716 170 130 113
-0.38214 0.100839 1.04708 158 137 119
-0.0544416 -0.133268 1.31471 76 32 20
-0.168395 -0.186654 1.36349 173 122 94
-0.194463 -0.14133 1.17618 105 68 30
-0.0909433 -0.163391 1.22116 178 134 117
-0.370952 -0.0673333 1.28975 99 53 31
-0.30439 -0.288146 1.20597 150 144 92
-0.338967 -0.20485 1.16571 135 74 52
-0.350557 -0.127432 1.11435 64 25 18
-0.228203 -0.141237 1.20159 98 64 28
-0.0978043 -0.173988 1.23359 176 130 110
-0.189295 -0.0208939 1.33357 128 76 56
0.00442385 -0.165888 1.26865 167 148 126
-0.154187 -0.17599 1.31091 174 122 93
-0.318004 -0.026129 1.0758 162 120 95
-0.45157 0.163406 1.04073 158 78 34
-0.211144 0.0808765 1.24748 91 42 25
-0.0206847 -0.214199 1.22132 129 80 62
-0.41406 0.0610884 1.00588 148 108 96
-0.166486 0.0323851 1.33379 178 128 106
-0.397963 0.0760694 1.29629 176 126 104
-0.0328897 -0.137524 1.25108 68 30 20
0.0132072 -0.171101 1.2535 115 87 58
-0.29368 -0.199427 1.19566 96 60 25
-0.169333 0.0442619 1.31662 172 120 98
0.00869076 -0.147543 1.28052 159 148 124
-0.154476 -0.0992662 1.21405 148 100 82
-0.391661 -0.0303733 1.11656 119 18 14
-0.408462 0.0869964 1.3023 186 139 115
-0.274944 -0.165866 1.19479 131 92 68
-0.282737 0.0877969 1.18159 106 58 38
-0.153949 -0.101118 1.18012 164 112 100
-0.386272 -0.175398 1.21441 92 38 20
-0.434689 0.17802 1.08374 127 78 66
-0.392048 -0.0415365 1.23387 160 137 111
-0.498145 -0.0979363 1.07297 162 147 125
-0.0307187 -0.157772 1.2741 118 65 44
-0.390819 0.114385 1.02023 156 136 119
-0.121117 0.0523932 1.29549 162 108 86
-0.251458 -0.0647554 1.13248 181 120 100
-0.371409 -0.0731416 1.29042 94 48 26
-0.0791457 0.0391675 1.26279 198 154 128
-0.0447907 -0.0746119 1.32367 169 128 110
-0.273451 0.0732024 1.24541 157 108 88
-0.269292 -0.202515 1.29802 124 88 54
-0.184314 0.101321 1.30341 102 59 42
-0.266284 -0.203935 1.31064 118 84 50
0.154475 -0.310575 1.70486 113 111 70
-0.33638 -0.0181417 1.0486 156 139 116
-0.312067 -0.295917 1.18903 148 144 92
-0.396919 0.10835 1.0415 158 136 118
-0.0410013 -0.126736 1.279 84 38 25
-0.0195897 -0.177196 1.23628 60 22 12
-0.266317 -0.0383742 1.28546 137 96 82
-0.267644 -0.210836 1.14015 128 98 68
-0.450637 0.110092 1.00274 123 14 17
-0.00705489 -0.170842 1.25351 38 12 6
-0.12775 -0.138409 1.21763 97 54 26
-0.148409 -0.117744 1.37281 136 94 73
0.130511 -0.29311 1.64038 116 114 72
-0.408336 -0.000470051 1.04196 152 107 44
0.124701 -0.331511 1.73144 119 116 74
-0.236382 0.0362617 1.20807 151 109 95
-0.274258 -0.00980788 1.29218 140 100 86
-0.412175 0.0773092 1.31186 190 142 118
-0.125326 0.0366525 1.30692 172 122 100
-0.453607 0.0570455 1.01714 104 28 32
-0.187373 0.0265161 1.16489 140 95 78
-0.1236 -0.0132904 1.24236 190 144 122
-0.0288445 -0.128425 1.33696 94 61 36
0.0449412 -0.265067 1.83677 118 116 69
-0.215098 -0.0015165 1.257 134 88 74
-0.459231 0.138615 1.1505 158 134 118
-0.433621 0.0622197 1.07974 161 141 123
-0.163113 -0.103214 1.13907 110 60 34
-0.245726 0.0654452 1.22681 150 104 86
-0.338003 -0.155832 1.06612 48 16 10
0.0257846 -0.157251 1.23781 157 146 123
-0.414445 -0.063086 0.931934 160 147 126
-0.440409 0.107509 1.09501 158 137 120
-0.233062 -0.150946 1.27282 100 64 28
-0.107115 -0.215416 1.30671 162 117 90
-0.410321 0.11813 0.959283 118 16 7
-0.296334 0.0188417 1.24229 140 90 74
-0.294838 0.027405 1.37477 148 108 92
-0.2989 -0.0928384 1.17808 106 60 32
-0.485031 0.156787 1.19796 156 134 118
-0.450862 0.216761 1.1026 132 12 14
-0.392366 0.140039 1.06026 156 132 116
-0.393823 0.159188 1.18032 150 128 112
-0.0126314 -0.105583 1.18702 125 88 66
-0.0698843 -0.111137 1.24795 121 77 62
-0.215553 -0.0102026 1.26645 130 85 70
0.168695 -0.350081 1.76036 120 117 75
0.0207188 -0.0846699 1.32057 146 138 113
-0.410503 0.184915 1.06952 132 109 95
-0.449051 0.213383 1.0314 82 14 14
-0.379206 0.18105 0.911022 77 14 14
-0.275711 0.0136262 1.31392 144 103 88
-0.164901 -0.12835 1.12848 152 104 81
-0.231632 0.123725 1.20757 92 45 31
-0.398687 -0.213063 1.1694 37 14 8
-0.257388 -0.148055 1.35083 138 89 58
-0.0512945 0.0650897 1.31789 160 114 92
-0.0448966 -0.141844 1.2441 60 22 13
0.0847477 -0.226038 1.83168 141 130 108
-0.297707 -0.0312114 1.19006 158 110 88
-0.16026 -0.258816 1.31723 146 140 90
-0.221712 0.0536515 1.26483 135 88 74
-0.352507 -0.0303457 1.36321 136 89 74
-0.263989 0.0477518 1.35279 143 98 82
0.0755364 -0.308337 1.57709 136 133 83
-0.39951 0.0398947 1.01653 161 142 125
0.156041 -0.327224 1.70415 116 114 72
-0.167251 0.00882843 1.16303 104 55 42
-0.0115974 -0.267237 1.27559 81 62 28
-0.412268 0.216792 1.05445 127 14 14
-0.392101 -0.0615932 1.16276 156 142 119
0.0269838 -0.417112 2.03175 142 139 87
0.099992 -0.31033 1.67163 126 124 73
-0.120008 -0.221126 1.26033 170 120 89
-0.116897 -0.0318396 1.25532 174 126 104
-0.374633 -0.0517887 1.2115 161 132 106
-0.360477 -0.0517026 1.19668 159 116 91
-0.00705798 -0.00262309 1.23301 147 100 82
-0.444655 0.228271 1.05353 127 12 16
-0.126015 -0.325468 1.24223 180 116 88
0.0441818 -0.313362 1.78474 135 133 84
-0.264555 -0.234678 1.21946 144 142 89
0.0408604 -0.391219 1.95387 139 136 85
-0.409263 -0.0786387 1.11541 160 146 126
0.0307531 -0.302126 1.85175 134 132 82
-0.120923 -0.298096 1.19853 158 98 72
-0.322611 0.14622 1.15989 142 114 102
-0.433019 0.10473 0.995558 108 26 26
-0.461793 -0.0492442 1.16156 160 144 122
-0.411776 0.0877375 1.02204 162 137 120
-0.382946 0.121656 1.17053 128 92 65
0.0591371 -0.40637 1.64136 142 139 91
-0.222593 0.132794 1.2756 84 52 42
0.139402 -0.350697 1.72689 119 116 74
-0.124692 -0.313971 1.21238 164 108 85
-0.232198 -0.232618 1.35297 138 133 83
0.0549586 -0.300451 1.52867 138 137 84
0.0464605 -0.239704 1.95944 146 134 112
-0.337021 0.0728171 1.07219 114 73 44
-0.407625 0.0483851 1.12655 158 138 120
-0.212682 0.129606 1.263 117 90 81
-0.224633 -0.260509 1.54174 140 130 82
-0.189022 0.152037 1.46725 163 134 124
-0.00275001 -0.175463 1.70133 154 143 120
0.0924897 -0.389042 1.56528 140 138 88
-0.342929 0.192629 1.51451 158 130 121
-0.352396 -0.344759 1.2864 150 144 92
-0.13106 -0.311383 1.19462 78 54 32
-0.191369 -0.227412 1.2361 144 139 86
-0.363042 -0.326883 1.20961 148 142 88
0.123324 -0.368494 1.4704 140 136 87
0.168428 -0.332434 1.29081 138 136 84
-0.676122 -0.522757 1.84924 150 144 92
-0.189473 -0.173777 0.582066 149 142 92
-0.202081 -0.314271 0.993554 148 144 88
0.0694087 -0.0859992 1.32869 145 138 113
-0.254769 -0.339861 1.05362 149 142 90
0.123594 -0.462922 1.75413 140 136 87
-0.358897 0.225651 1.24206 160 138 129
-0.289475 0.207649 1.44228 162 136 127
-0.192921 0.279877 1.14025 162 140 132
-0.169448 0.279044 1.36076 163 143 135
-0.270338 -0.18094 1.23588 126 88 60
-0.317855 -0.0663643 1.18627 132 78 53
-0.406903 0.171904 1.09221 144 124 109
-0.351763 0.197446 1.05683 148 126 112
-0.289408 -0.220241 1.24542 132 100 64
-0.194902 -0.108652 1.13415 152 102 78
-0.272106 -0.137605 1.19763 114 72 47
-0.289385 -0.22654 1.22102 131 114 72
-0.100862 -0.116964 1.17439 116 74 57
-0.297274 -0.269552 1.23135 149 143 92
-0.388882 -0.154197 1.19908 60 18 8
-0.0834073 -0.0975684 1.2788 152 110 96
-0.191278 -0.0269395 1.32942 122 68 44
-0.20691 -0.171223 1.35418 66 23 7
-0.410112 -0.078115 0.972042 162 146 126
-0.302777 -0.286292 1.21468 150 144 91
-0.273611 -0.136482 1.24421 126 80 50
-0.445143 0.153342 1.02323 158 99 33
-0.458668 0.194699 1.05054 118 10 10
-0.243526 -0.0725147 1.15629 176 118 98
-0.32111 -0.0984887 1.18907 88 44 21
-0.387315 0.0219586 1.02795 162 143 124
0.0748432 -0.262258 1.92428 107 104 59
-0.159195 -0.0581746 1.30418 146 96 76
-0.378091 0.0219576 1.00038 160 143 123
-0.367064 -0.257282 1.14281 170 112 92
-0.41335 0.157905 1.11764 155 132 118
-0.398909 0.107447 1.28739 165 114 90
-0.234355 -0.187758 1.29405 138 120 88
-0.304908 -0.198499 1.22642 92 56 24
-0.391069 -0.0194557 0.994534 152 116 68
-0.396752 0.143625 1.08849 156 133 118
-0.301751 -0.199822 1.18817 76 37 12
-0.395332 0.16913 1.05963 142 120 106
-0.219076 0.117024 1.27871 64 36 30
-0.357505 -0.152772 1.20072 158 110 88
0.0630092 -0.24854 1.80498 108 106 59
-0.11826 -0.0806203 1.19333 90 41 23
-0.43966 0.135732 1.07822 156 136 118
-0.307733 -0.283487 1.16337 142 130 83
0.00744951 -0.23991 1.26375 147 142 89
-0.325762 -0.0749198 1.18806 112 64 42
0.0437292 -0.257257 1.90075 110 108 61
-0.301415 -0.27654 1.22618 150 145 92
-0.438021 -0.0222745 1.04884 148 126 96
-0.235605 -0.148127 1.25128 100 63 26
-0.412907 -0.0847564 0.962302 162 146 125
-0.137908 -0.136146 1.19493 84 44 20
-0.0984056 -0.243634 1.26452 162 108 82
-0.284992 -0.216673 1.15386 101 79 39
-0.122807 -0.0816239 1.23022 111 62 36
-0.249923 -0.0593444 1.13261 177 116 97
-0.137751 0.0470388 1.35878 163 111 90
-0.368878 0.00213665 1.1063 158 138 117
-0.292253 -0.00509139 1.23405 139 92 74
-0.334269 -0.0142166 1.23832 180 134 112
-0.396947 -0.174099 1.16837 53 20 12
-0.397699 0.208125 1.07329 134 111 96
-0.407947 0.197087 1.11154 138 116 100
-0.225238 0.0894359 1.2138 116 70 48
-0.430434 0.245856 1.04015 126 35 34
-0.115594 0.0661388 1.30579 146 90 67
-0.269866 -0.244016 1.17789 148 142 92
0.123766 -0.288179 1.87386 103 102 60
-0.190698 -0.0351444 1.32675 116 64 41
-0.159373 -0.21054 1.3365 169 120 88
-0.286007 -0.10168 1.13832 94 54 25
-0.393935 0.0323333 1.30081 185 138 117
-0.164268 -0.0763051 1.14106 126 74 59
-0.288114 -0.238582 1.2457 146 142 88
-0.201436 0.0527793 1.24627 110 62 47
0.16283 0.0978006 1.09353 160 26 27
-0.41618 0.21717 1.05272 130 11 12
-0.141095 0.0428918 1.3081 202 156 133
-0.407031 0.0903222 0.961102 86 45 50
-0.341089 -0.0443766 1.13394 160 129 104
-0.428084 0.0506519 0.953632 102 86 90
-0.38439 -0.287256 1.17003 46 22 10
-0.0838699 -0.140988 1.29256 142 102 82
-0.12869 0.00784673 1.3136 171 122 102
0.161776 0.102409 1.08145 161 26 26
-0.407055 0.159918 1.03796 153 130 116
0.0171705 -0.0824256 1.38326 144 136 114
-0.223297 0.0507895 1.25201 136 91 76
-0.332208 -0.275687 1.13336 140 86 64
-0.31324 -0.0209472 1.23191 142 94 74
-0.206756 0.0409403 1.2314 134 90 73
-0.161628 -0.0155487 1.33182 184 136 113
-0.28757 0.125396 1.24071 50 19 10
-0.204626 0.00156092 1.29746 90 40 28
-0.40914 -0.265875 1.17894 66 34 18
-0.375706 -0.224261 1.16781 170 108 88
-0.396541 0.0223275 1.22679 163 114 88
-0.357094 0.138276 1.22684 114 70 48
0.139789 -0.362512 1.84856 118 116 70
0.123591 -0.308261 1.93399 108 106 63
-0.102811 -0.223324 1.25116 166 114 88
-0.117629 -0.00660223 1.26116 176 128 108
-0.261807 -0.0644807 1.11463 174 113 92
-0.163513 -0.0564286 1.14444 126 90 72
-0.356651 -0.288748 1.14906 40 22 11
-0.432395 0.141826 1.07332 156 134 119
-0.260913 -0.118019 1.15977 118 70 40
-0.417028 -0.0634855 0.979561 162 148 126
-0.379881 0.0400868 1.14814 129 91 62
-0.421827 -0.0564452 0.997796 162 146 126
-0.392883 0.042306 1.00055 160 142 122
-0.0808666 -0.155633 1.22969 161 122 105
-0.455035 0.21468 1.05635 130 10 12
-0.234748 -0.174648 1.28969 119 80 51
0.123058 -0.287795 1.94903 98 96 56
-0.127168 -0.0731629 1.25013 133 82 64
-0.429745 -0.0697273 0.969236 163 148 127
-0.0370497 -0.0816549 1.27454 162 124 106
-0.247646 0.0520331 1.23834 150 106 90
-0.0345489 -0.159562 1.18926 82 40 29
-0.222169 0.010488 1.24546 143 98 82
-0.452248 0.206644 1.05439 130 10 12
-0.134514 -0.232406 1.26336 122 82 48
-0.434457 0.0802394 1.00075 124 14 14
0.108915 -0.276362 1.91735 95 94 54
-0.399975 0.136955 1.29175 140 90 65
-0.0350384 -0.154813 1.19233 71 33 24
-0.101059 -0.0136378 1.27946 200 153 131
-0.452248 0.204864 1.03767 86 6 9
-0.431378 -0.0226391 0.974727 164 146 128
0.0275046 -0.125223 1.39136 147 138 114
-0.13622 -0.22537 1.29549 170 122 90
-0.329487 0.137464 1.22595 122 82 66
-0.399352 0.0325569 0.901315 122 14 14
-0.40839 0.228987 1.03395 131 12 16
-0.390997 -0.0692808 1.12319 159 142 122
-0.443685 0.0605872 0.969581 22 18 31
-0.0483312 -0.0452196 1.35672 161 118 101
-0.484681 0.0713197 1.39771 161 112 88
-0.349665 0.160883 1.30638 142 114 104
0.0314913 -0.0771101 1.49109 146 136 112
0.0533342 -0.307494 1.8287 132 130 81
-0.45074 0.226598 1.03699 94 20 16
-0.38298 0.224215 1.0681 148 124 111
0.0436314 -0.360806 1.65123 143 140 88
-0.396001 0.0489521 1.13817 126 104 78
-0.414126 -0.0817928 1.16441 160 144 122
0.0360844 -0.358226 1.73493 142 138 88
0.0730932 -0.216994 1.88896 142 134 110
-0.386685 -0.318962 1.20844 56 36 14
0.0507464 -0.354873 1.47848 144 142 90
-0.256667 -0.27115 1.37828 148 142 90
-0.0681495 0.113128 1.2114 162 128 116
-0.144907 -0.274451 1.20372 150 138 86
-0.339501 0.0904139 1.00404 158 134 118
0.229749 -0.544165 1.62202 141 138 87
-0.420767 -0.287266 1.17241 64 30 14
-0.389624 0.106036 1.11545 158 134 118
-0.3337 0.103983 1.0226 156 133 117
-0.411984 0.25398 1.05687 160 133 126
-0.259834 -0.277813 1.40956 148 142 90
-0.274287 -0.273595 1.45998 148 142 90
0.0676393 -0.378396 1.58699 142 139 89
0.0504059 -0.116254 1.52897 143 136 111
-0.481571 0.320656 1.23617 163 141 130
0.0647007 -0.423796 1.66504 142 140 88
-0.346097 0.253918 0.879373 162 138 130
0.113528 -0.49499 1.38703 145 142 91
-0.411408 0.308765 1.4144 161 138 128
-0.511942 0.394181 1.55462 160 140 132
-0.369039 0.0994902 1.25959 148 102 81
-0.299823 -0.0987638 1.18819 92 49 24
-0.261128 0.0212305 1.32321 144 102 86
-0.176513 -0.0716574 1.14199 103 56 32
-0.28095 -0.209898 1.19717 130 99 71
-0.425081 0.1843 1.07266 129 61 50
-0.26077 -0.11454 1.23849 154 100 72
-0.0624639 -0.104945 1.24378 148 107 92
-0.175231 -0.0936108 1.26301 152 99 83
0.144267 0.136757 1.10767 86 67 60
-0.264634 -0.202307 1.08387 93 54 24
-0.379553 0.0360349 1.01208 160 142 124
-0.288512 -0.0279168 1.24943 134 90 75
-0.410597 -0.0814271 0.968775 162 146 126
-0.289314 -0.268463 1.20062 152 146 94
0.149495 0.143915 1.08422 85 66 61
-0.137344 -0.198344 1.28315 169 120 90
-0.343805 -0.138022 1.18281 166 120 97
-0.151985 -0.165155 1.30123 170 119 88
-0.169554 0.0372513 1.50353 177 128 107
-0.381329 0.0405807 1.19521 166 118 92
-0.471132 0.181484 1.09586 124 11 11
-0.413382 -0.0350242 0.927778 156 132 112
-0.377249 0.181501 1.11934 143 121 107
-0.339801 0.14516 0.828544 86 18 12
-0.245067 -0.179494 1.2754 125 85 56
-0.277311 -0.0121882 1.11406 164 116 98
-0.152649 0.0186984 1.27321 178 128 102
-0.0507778 -0.28284 1.23804 94 54 37
-0.417968 0.165235 1.13408 154 132 118
-0.196938 0.0506321 1.27165 94 45 32
-0.449668 0.0881342 1.06808 118 19 16
-0.144306 -0.0658173 1.27764 126 77 58
-0.316125 -0.0249719 1.02228 158 140 116
-0.432111 0.134502 1.02454 142 94 37
-0.366779 0.157086 0.938976 121 48 22
-0.287438 -0.241987 1.22814 146 142 92
-0.360523 -0.217728 1.117 38 10 4
-0.571356 0.0232231 1.68518 162 113 90
-0.0949515 -0.0812556 1.33285 156 112 94
-0.0845908 -0.129658 1.16637 170 128 112
-0.244685 -0.0405965 1.03853 99 53 28
-0.39928 0.199511 1.17729 146 124 110
-0.241275 -0.192704 1.29482 130 110 72
-0.129902 -0.11941 1.1632 112 64 48
-0.375362 -0.0140513 1.03856 137 14 14
0.0896683 -0.235697 1.93694 137 130 102
-0.0257695 -0.152001 1.20168 70 30 19
-0.118139 0.0636922 1.28815 159 106 84
-0.145833 -0.144018 1.18278 96 54 36
-0.039791 0.0422184 1.18346 164 116 93
-0.0557973 -0.0911298 1.20637 153 114 98
-0.400873 0.034451 1.25668 162 116 88
-0.310485 -0.247505 1.83372 132 90 64
-0.300963 -0.0835029 1.16408 139 90 63
-0.0310049 -0.128232 1.24561 84 39 23
-0.250416 -0.185488 1.27514 120 78 52
-0.0637721 -0.0668766 1.2709 165 124 108
0.116011 -0.255744 1.55487 114 111 69
-0.185677 -0.17938 1.357 120 74 48
-0.409602 -0.0343038 0.992134 161 145 124
-0.199578 0.073029 1.22258 94 44 27
-0.374635 -0.110792 1.20646 163 116 94
-0.331497 -0.250048 1.1382 180 122 102
0.138726 -0.293789 1.96637 100 98 57
-0.27687 -0.037022 1.05363 175 125 102
-0.181795 -0.0340313 1.31307 120 68 48
-0.372497 0.0305018 1.17461 162 116 90
-0.164738 -0.0303962 1.36574 181 133 108
-0.394741 -0.0198226 0.888202 103 20 14
-0.340624 0.204558 0.904446 119 20 21
-0.20447 0.0670291 1.05073 126 75 51
-0.355361 0.0033814 0.977804 152 98 42
-0.149143 -0.121418 1.16016 106 66 43
-0.054965 -0.142925 1.24413 95 54 40
0.107654 -0.335698 1.81759 119 118 72
-0.50019 0.0918756 1.57521 168 120 100
-0.309341 -0.0239932 1.14136 182 133 112
-0.0284285 -0.0627378 1.23002 166 126 108
-0.404911 0.143961 1.44979 96 46 26
-0.23811 0.047708 1.35215 129 83 68
-0.229863 -0.146239 1.18954 108 72 38
0.0658457 -0.298294 1.73932 134 132 82
-0.145555 0.0213712 1.15615 116 63 48
-0.405522 0.0265295 0.976535 123 62 19
-0.306887 0.154472 0.834044 129 10 13
0.110405 -0.298695 1.78883 114 112 68
-0.0137087 -0.108074 1.21793 128 89 64
-0.319849 -0.294564 1.85742 138 132 82
-0.57583 0.27359 1.69967 156 134 121
-0.369482 -0.298762 1.54545 150 144 92
-0.0288049 -0.0369547 1.30746 172 126 106
-0.366436 0.0361866 1.27776 172 124 102
-0.269962 0.105375 1.25529 128 76 54
0.0270204 -0.289429 1.89604 129 127 79
-0.252139 -0.220418 1.55439 100 70 36
-0.363553 -0.150083 1.19071 161 112 88
-0.581969 0.272059 1.68934 154 132 118
-0.245928 0.0800873 0.898122 112 66 40
-0.164909 0.104946 1.33718 166 114 91
-0.330792 -0.250661 1.38923 144 138 87
-0.0385509 -0.131061 1.09906 138 101 82
-0.34557 -0.0143321 0.818909 86 16 8
-0.0327652 -0.0539345 1.19198 152 113 94
-0.1907 -0.253148 1.48727 134 106 67
-0.390219 0.0267568 1.06877 160 142 122
-0.103458 -0.223239 1.22819 165 111 82
-0.17866 0.103113 0.805683 152 126 114
0.0532197 -0.349583 2.00648 134 131 80
-0.0324034 -0.191381 1.172 102 56 41
-0.735535 0.330217 2.00754 149 127 114
-0.274397 -0.275795 1.17503 150 144 94
-0.439677 -0.225723 1.21542 53 22 10
-0.0866016 -0.191246 1.29983 160 118 99
-0.410587 0.193689 0.980929 130 10 12
-0.202926 -0.290862 1.48184 148 142 92
-0.434202 -0.0720488 1.2372 158 141 122
-0.630937 0.193697 1.68956 155 128 114
-0.552501 0.279759 1.60617 158 137 125
0.0799628 -0.253319 1.57292 126 124 75
-0.0491476 -0.0380863 1.22541 167 126 108
0.0160564 -0.178001 1.85611 148 138 112
0.10569 -0.208724 1.80203 140 131 107
-0.25501 0.160661 1.64141 166 130 120
0.0360347 -0.32782 1.56461 144 141 90
0.080097 -0.329403 1.74637 136 132 82
-0.0106014 -0.172845 1.74638 154 143 120
-0.321316 -0.0556993 0.907015 161 145 124
-0.306941 0.0268486 0.948999 154 134 115
-0.405201 -0.326172 1.21599 105 91 54
0.0575851 -0.200163 1.70697 148 137 114
-0.528235 -0.0935612 1.22668 162 146 124
-0.329082 -0.322552 1.45281 151 145 95
0.182192 -0.553699 1.79526 140 136 87
-0.378454 -0.375031 1.48187 150 146 94
0.19407 -0.437211 1.57244 140 138 88
0.154617 -0.456814 1.71656 140 138 86
0.0133538 -0.124693 1.89876 146 136 112
0.2147 -0.553414 1.81285 140 136 86
0.0680528 -0.44066 1.50951 142 139 88
0.200773 -0.524157 1.75833 140 136 88
-0.421906 -0.338081 1.23776 149 144 90
0.197472 -0.493866 1.7665 140 138 88
-0.421133 -0.0376352 0.938044 143 89 74
-0.0852901 -0.11656 1.2622 148 106 90
-0.192762 -0.110377 1.10622 156 110 86
-0.182404 0.104771 1.27482 134 104 94
-0.175383 0.087855 1.28261 88 39 20
0.137381 -0.358259 1.87913 118 116 72
0.00106622 0.0829938 1.14454 159 138 124
0.371149 -0.0755376 1.30641 90 60 26
0.393228 -0.0958589 1.38605 158 150 130
0.525221 0.0804929 1.21842 164 144 138
0.438693 -0.12072 1.33016 108 71 46
0.487094 0.10679 1.26068 156 132 126
0.116934 0.171956 1.15307 142 64 62
-0.42268 0.0501116 0.975814 93 48 53
0.0872484 0.104325 1.08136 154 22 22
0.400021 -0.10023 1.39576 158 151 130
-0.212355 -0.0795021 1.12712 136 80 59
0.626151 0.0581156 1.27818 129 92 74
0.478207 -0.0988766 1.40788 91 58 28
0.444607 -0.0831203 1.36333 106 82 58
0.348404 0.00381086 1.35651 134 124 93
0.00776059 0.0593039 1.34967 102 58 42
0.51124 -0.236321 1.33634 124 102 66
0.477841 -0.0925486 1.16251 174 105 78
0.443946 -0.110108 1.16443 82 64 47
0.379554 -0.10939 1.28744 160 150 127
-0.419799 0.0109719 0.961622 115 15 16
0.521243 -0.0720762 1.23137 162 91 64
0.0778733 0.119868 1.08545 154 28 24
-0.21158 -0.0917972 1.13724 125 78 54
0.0495197 0.047093 1.2889 119 82 58
-0.468772 0.164406 1.0339 135 85 44
0.491362 0.0494039 1.20281 126 84 65
0.450623 -0.117807 1.25021 122 110 88
0.419871 0.0645468 1.28066 114 86 84
-0.0111107 0.0650847 1.30222 146 109 91
-0.435926 0.180153 1.0198 127 52 24
0.575652 0.126733 1.29343 126 112 89
0.0714894 0.142684 1.11369 154 24 24
0.531904 -0.0550471 1.18564 127 100 82
0.465822 -0.180238 1.16032 80 62 43
0.529306 -0.207571 1.19749 129 101 88
0.487876 -0.197902 1.15259 75 62 47
-0.428645 -0.0248815 0.92569 140 92 92
0.20583 0.0965553 1.11077 148 25 26
-0.399577 -0.163187 1.19442 68 30 22
0.478859 -0.156369 1.18599 123 93 81
0.500969 -0.144564 1.35166 68 48 34
0.0369125 0.0853435 1.17339 162 138 125
0.501056 -0.188952 1.15935 115 84 72
-0.0515339 -0.116484 1.27438 118 78 63
0.5595 -0.242345 1.18838 140 110 100
0.51329 -0.0341524 1.22203 106 80 68
0.657421 -0.0262084 1.31339 124 101 78
-0.42997 -0.113274 0.926277 160 147 128
0.386443 -0.0967576 1.29188 91 67 36
0.508685 -0.423696 1.13197 152 134 108
0.342416 0.0209525 1.31508 107 96 72
0.52933 0.0045269 1.24264 112 76 55
0.0835419 0.00891089 1.46348 152 138 116
0.0132155 0.0898924 1.38149 94 58 33
-0.458232 0.159561 1.04316 93 30 22
0.0132622 0.100026 1.15968 156 136 121
0.103823 0.0373765 1.07925 108 25 16
0.454807 -0.10493 1.16641 125 94 80
0.0806972 0.0331023 1.47454 146 112 85
0.141946 0.131658 1.08033 124 81 72
0.353504 0.0282157 1.33938 108 96 70
0.158868 0.107635 1.07314 87 74 58
-0.00510631 0.0301171 1.32212 121 74 62
0.375376 -0.0234704 1.32549 110 74 50
-0.253651 -0.122813 1.1801 128 82 63
0.353395 0.0256041 1.30977 128 106 86
0.469338 -0.261438 1.05418 161 137 131
0.460878 -0.226643 1.06975 130 98 87
-0.442342 0.0642988 0.967811 70 64 74
0.490476 -0.221179 1.20641 70 64 42
0.00970035 0.0783999 1.32737 100 60 36
-0.135076 -0.300957 1.29217 66 36 21
0.426141 -0.0601205 1.33363 112 84 60
0.351209 -0.0350671 1.29676 145 126 100
0.569719 -0.132105 1.18206 38 22 18
-0.0991704 -0.113129 1.19154 152 105 84
0.0272896 0.0449643 1.31893 161 118 99
0.442965 0.0794955 1.22793 185 165 158
0.358713 0.0185514 1.36774 127 114 86
0.604371 -0.129156 1.26457 17 12 13
0.0459816 0.160874 1.17603 141 112 97
0.344227 -0.0234227 1.34291 144 134 106
-0.149463 -0.203255 1.36063 153 106 77
-0.00617659 0.0877819 1.14723 157 136 122
0.566772 0.10628 1.23237 172 152 146
0.538953 -0.196345 1.18961 126 80 63
0.104768 0.033288 1.08197 118 26 20
0.471621 -0.244037 1.069 156 130 122
0.490463 -0.20893 1.26539 155 153 105
-0.283371 -0.116944 1.16996 111 68 45
-0.430874 0.171931 1.06281 145 56 36
-0.296451 -0.274083 1.18737 152 146 98
0.367389 0.00502277 1.28583 153 130 114
0.353288 0.0456849 1.29626 120 98 76
-0.420062 0.0402998 0.983089 128 16 16
0.543925 -0.0999844 1.20562 140 112 100
0.618628 -0.00664854 1.27387 150 124 106
0.0107162 0.0542296 1.32243 128 79 60
0.0641757 0.0331847 1.39069 146 111 82
-0.165639 0.0394514 1.30728 160 110 90
-0.433952 -0.0156681 0.918174 124 16 18
0.587109 -0.135921 1.189 94 54 40
-0.388067 0.083876 1.01536 159 135 122
-0.33476 -0.201466 1.14747 170 96 74
-0.34886 -0.1211 1.20218 175 128 106
-0.519134 0.0727445 0.914849 129 81 36
0.614857 -0.00975599 1.25727 143 118 97
0.215904 0.0796927 1.13811 135 27 20
0.358884 0.0824582 1.31483 86 64 40
-0.344777 0.11975 1.25506 118 72 51
0.0655343 0.041148 1.38425 144 106 78
-0.337224 -0.226308 1.15328 122 61 46
-0.361604 0.0879744 1.24928 166 120 102
0.0479844 0.0795705 1.06793 136 22 20
-0.430584 0.161312 1.0789 146 98 52
-0.313447 -0.2783 1.16461 93 65 39
-0.0829393 -0.109673 1.2211 142 102 86
0.571669 0.118533 1.25484 168 149 144
0.59571 4.98144e-05 1.23813 162 138 123
-0.452521 0.0990227 0.988588 116 71 76
0.495385 -0.173709 1.18237 115 86 74
0.407459 -0.245757 1.09973 156 153 106
0.430301 0.0509856 1.22783 159 132 124
0.404499 -0.200499 1.26928 153 149 106
-0.124327 -0.209428 1.28403 170 119 90
0.528837 0.0316958 1.16479 96 56 38
0.170367 0.144643 1.09116 90 75 68
-0.191617 -0.0910991 1.12817 133 84 63
0.365981 -0.0990767 1.3516 159 151 130
0.569177 -0.208864 1.90261 128 125 90
0.0837537 0.0329138 1.44557 140 106 78
0.404508 -0.0458463 1.32052 94 64 42
0.536807 -0.450884 1.2765 132 114 86
0.553856 -0.0624687 1.2094 152 118 100
0.0909947 0.191252 1.12362 172 103 104
0.0492379 0.0243206 1.10853 148 74 62
0.100138 0.0692068 1.05477 130 19 16
0.467979 -0.401955 1.10529 154 134 112
0.454032 -0.246083 1.06263 155 130 124
0.490683 -0.232721 1.07694 122 78 57
0.43551 -0.104169 1.1779 120 104 82
0.484027 -0.210423 1.20321 124 114 83
0.101938 0.0217822 1.10596 137 62 48
-0.253131 -0.0329412 1.21146 141 98 87
0.224567 0.0893703 1.12995 158 82 74
0.503274 -0.224965 1.07661 101 68 53
0.481987 -0.00173382 1.23848 119 92 82
0.045316 0.0522974 1.38857 158 117 96
0.453292 -0.0365356 1.22878 116 90 77
0.403072 -0.27097 1.10242 138 112 100
0.485554 -0.121861 1.1602 104 74 58
0.451284 -0.243848 1.05095 157 132 126
-0.278768 -0.209532 1.21971 136 108 76
0.641847 -0.0135594 1.30234 138 112 91
0.440279 -0.0933657 1.18704 109 84 64
0.429404 -0.146391 1.17127 144 138 106
0.611909 0.0593782 1.24983 138 104 90
0.549226 -0.151006 1.18427 86 38 28
0.544423 -0.251598 2.05473 112 113 72
0.469765 -0.416918 1.15091 148 130 104
-0.448483 0.156702 1.03403 120 50 16
0.490993 -0.199184 1.17375 64 56 40
0.0477901 0.172989 1.18486 138 110 96
0.448247 -0.112522 1.19506 89 69 47
0.159784 0.124279 1.07014 114 98 92
0.0486915 0.169002 1.18833 140 112 96
-0.189516 -0.183354 1.37091 122 77 49
-0.395103 0.218374 1.05018 134 16 19
0.438016 -0.0650389 1.21265 102 78 62
-0.365729 -0.132378 1.19434 144 89 70
0.409104 -0.189282 1.30311 148 146 100
-0.329403 -0.191101 1.16633 70 30 20
0.454836 0.098443 1.28433 160 136 126
0.565937 -0.16549 1.19898 158 66 42
0.389362 -0.026298 1.30239 89 59 28
0.359151 0.0302502 1.30493 126 105 85
-0.0841437 0.0376579 1.28945 192 146 124
0.537946 -0.454177 1.1277 128 102 66
0.430029 0.0240222 1.22549 141 104 88
0.102696 0.151064 1.09132 92 72 66
-0.261779 -0.13408 1.21415 134 92 76
0.420648 -0.230836 1.09264 154 151 103
0.0503685 0.176329 1.16016 134 104 93
0.150078 0.157546 1.11331 146 55 53
0.147587 0.0700267 1.07835 135 28 23
0.0483907 0.034231 1.36931 150 113 88
0.218425 0.102922 1.16388 146 24 22
0.10167 0.00812334 1.09993 168 152 134
-0.0702933 0.0644569 1.26851 170 122 101
-0.0423226 0.0847223 1.27683 142 91 70
-0.273988 0.0338825 1.25491 142 96 80
0.273455 -0.283541 1.89222 107 107 69
-0.258931 -0.16839 1.22648 136 96 71
-0.432908 0.166309 1.05185 143 62 30
-0.0323059 0.0499414 1.2693 156 114 98
0.519742 -0.0867235 1.18055 142 102 86
0.347766 -0.0569318 1.36266 153 143 117
-0.169482 -0.0492233 1.31108 112 64 43
0.484672 0.0155559 1.24669 134 106 94
0.377059 -0.0237715 1.30398 118 90 62
-0.127192 -0.165516 1.27025 189 142 116
0.506304 -0.0863496 1.16794 92 54 38
0.372573 -0.0400666 1.31497 111 68 39
-0.455949 0.072765 0.975812 20 18 34
0.444761 -0.086243 1.20628 102 79 56
0.522677 -0.171868 1.17277 106 68 54
0.348739 0.0735043 1.31856 106 87 65
0.452147 -0.0870538 1.18735 118 90 76
0.512302 -0.244099 1.07447 130 100 88
0.540766 -0.21443 1.92046 123 122 86
-0.413597 -0.0457761 0.929115 154 128 114
0.132028 0.157522 1.14701 139 113 108
-0.383747 0.00926368 0.990125 154 110 56
0.491549 -0.229912 1.98744 92 94 58
-0.436589 -0.0193858 0.926869 120 16 20
0.360556 0.0362791 1.31009 123 101 80
0.512702 0.0584602 1.22132 156 116 102
0.48195 -0.171408 1.22468 148 140 110
0.463322 0.0304426 1.17965 93 54 31
0.0421844 0.044184 1.33908 153 112 90
0.519409 -0.206211 1.1015 82 32 21
-0.273751 -0.0611978 1.14686 136 88 69
0.569198 -0.0876376 1.19883 32 10 10
-0.364245 -0.0287137 1.04475 124 12 12
0.491058 -0.0974289 1.17977 166 98 70
0.504199 -0.128859 1.18987 102 72 58
-0.0635698 0.0634158 1.29293 168 120 100
-0.191531 0.0907716 1.27277 84 38 22
0.574879 -0.203612 1.15349 133 108 82
-0.434154 -0.0270687 0.918953 142 78 80
0.48317 -0.189468 1.19809 86 69 52
0.345763 0.0378775 1.40322 133 122 94
0.0663793 0.160612 1.11882 154 24 24
0.136749 0.123259 1.05132 129 112 100
0.149618 0.0331149 1.13784 112 40 28
-0.374024 0.213352 1.08392 144 121 112
0.326986 -0.019194 1.52255 153 142 119
0.10157 0.179199 1.13713 140 30 30
0.478309 -0.329702 1.07814 114 28 20
-0.447262 0.120068 0.997725 76 23 33
0.483182 0.0760476 1.22075 159 136 130
-0.342031 -0.0959936 1.19813 152 107 88
0.545988 -0.145004 1.20271 15 9 8
0.471915 -0.0806808 1.30495 100 90 64
0.488794 -0.224576 1.06813 137 106 94
0.463612 0.0191612 1.24951 96 56 36
-0.44497 -0.0509894 0.935799 132 18 22
0.427503 -0.249208 1.07601 102 70 51
0.433496 0.0282214 1.21336 147 110 97
0.646734 -0.00773036 1.27821 132 110 90
0.469245 -0.206649 1.04201 146 126 118
0.0953267 0.130116 1.0858 104 90 84
0.141067 0.147653 1.10078 147 25 22
0.461475 -0.138701 1.53527 162 154 134
0.450767 -0.0657727 1.18611 118 90 78
-0.445325 0.141995 1.01838 126 42 18
-0.376668 -0.016289 1.00552 146 102 43
0.577326 0.0132695 1.22532 138 106 91
0.483672 -0.172782 1.20632 112 83 70
0.475807 -0.2085 1.25212 157 154 106
0.217702 0.0892773 1.13105 140 25 24
0.571217 -0.159378 1.21899 84 28 16
0.133482 0.0532257 1.08874 128 28 23
-0.337146 0.181979 1.1104 160 138 130
-0.415325 0.161813 1.07163 150 132 120
0.514369 0.0142082 1.21118 119 80 60
0.658599 -0.018083 1.33255 126 98 77
0.133276 0.0583792 1.0882 130 26 22
0.457252 -0.129464 1.22564 161 150 128
0.40953 -0.241486 1.08783 155 152 106
0.624508 0.0107689 1.29372 148 124 108
0.530887 -0.180909 1.18319 106 50 40
0.452772 -0.382937 1.15017 152 135 115
-0.442237 0.0989177 1.00964 96 50 56
0.451146 -0.323655 1.08301 106 16 12
0.0545167 0.120299 1.16875 108 50 44
0.399505 -0.0902818 1.281 152 122 102
0.039274 0.0729057 1.27772 112 76 44
0.441785 -0.275685 1.83385 122 122 80
0.358504 0.0723332 1.36612 122 105 86
0.481725 -0.124501 1.16244 112 80 64
0.346261 -0.0908173 1.31059 157 149 127
-0.0935198 -0.00574288 1.29302 174 120 98
0.678531 0.00508913 1.33599 136 102 86
0.445964 -0.225437 1.07847 125 94 83
-0.367851 -0.127774 1.20093 132 78 58
0.475169 -0.227067 1.07837 136 104 92
0.527702 -0.24008 1.95881 112 113 74
-0.444016 -0.0541687 0.931453 132 16 21
-0.446827 0.218946 1.05781 71 3 4
0.534882 -0.225294 1.41342 109 52 30
0.449545 -0.125262 1.17079 118 89 76
-0.375528 0.0015207 0.998181 160 116 60
-0.35749 0.187936 1.07123 147 126 118
0.350793 -0.0807766 1.3453 158 148 126
0.355638 0.0683191 1.36958 123 107 88
-0.382194 0.216702 1.06759 140 114 108
0.406421 -0.0343776 1.31465 108 78 58
0.641713 -0.23799 1.97462 146 144 98
0.525618 -0.430803 1.11084 105 32 15
-0.363599 -0.0506574 1.07642 166 121 98
-0.324233 0.0446282 1.22296 143 97 82
-0.473914 -0.070407 0.938094 124 12 16
-0.473251 0.0287703 0.957801 112 8 11
-0.436387 0.0456823 0.958301 116 91 95
0.213566 0.106933 1.11899 151 25 26
-0.222382 0.0351587 1.25156 146 102 90
0.602319 -0.197003 1.20324 110 66 46
0.351306 0.0571986 1.38872 131 118 92
0.120245 0.146509 1.12521 48 38 34
0.450862 -0.299136 1.0345 132 100 86
0.338093 -0.0945579 1.3439 158 150 128
0.134587 0.0504185 1.11916 72 18 8
-0.224648 -0.028151 1.24649 144 98 84
-0.387799 -0.0273113 1.01964 156 136 110
0.574381 -0.143074 1.22698 15 9 6
0.66499 -0.49265 1.28838 118 26 16
0.511699 -0.225422 1.08066 71 42 28
0.245456 -0.366558 1.83038 138 136 89
0.410624 0.014518 1.2442 143 112 100
-0.269629 -0.00661613 1.24192 140 96 84
0.555786 -0.503032 1.17058 156 154 102
-0.38568 0.211297 1.05588 139 115 106
0.183638 0.0578989 1.125 134 26 20
0.142193 0.0577245 1.08738 135 26 24
0.293447 -0.119469 1.79457 146 138 118
0.115492 -0.0147273 1.4033 152 140 120
0.142556 0.0518896 1.08841 134 27 22
0.0188614 0.148908 1.13908 148 122 108
0.712707 -0.302909 2.0738 164 162 112
0.157692 0.0545802 1.05716 134 26 20
-0.12319 -0.686404 1.71495 153 150 100
0.019712 0.154723 1.14323 146 120 108
-0.123449 -0.697219 1.71751 156 152 102
-0.472728 -0.122126 0.917669 36 42 64
0.491801 -0.465853 1.25048 158 156 106
0.0932023 0.297973 1.18046 162 138 134
0.272968 0.00725006 1.30647 142 130 104
0.042416 0.300994 1.22676 164 140 136
0.318989 -0.100203 1.64024 154 144 122
0.413671 0.171638 1.19079 158 139 132
-0.123791 -0.691588 1.76989 154 150 102
0.0916259 0.342469 1.27252 164 141 136
-0.29018 -0.35611 1.32624 149 146 96
0.606579 -0.276605 1.80852 164 162 114
0.764306 -0.589273 1.34656 156 152 103
0.328377 0.130171 1.26267 148 130 119
0.0534987 0.310143 1.19192 163 140 136
0.359743 -0.643473 1.80625 152 150 102
0.299933 -0.0591429 1.59919 154 144 124
0.347194 -0.114035 1.65745 156 146 124
0.313787 -0.0864788 1.64446 154 144 124
0.317731 -0.478986 1.19806 160 156 104
0.299144 -0.653962 1.92019 154 150 102
0.250553 -0.613955 1.7614 154 150 103
-0.0411843 -0.471464 1.40639 156 152 102
-0.133365 -0.422315 1.44879 156 154 104
0.653871 0.29217 1.31153 160 142 132
0.411956 -0.0561306 1.30977 127 95 72
-0.46874 0.195862 1.05994 76 8 10
-0.180286 -0.0820949 1.13428 120 72 48
0.510052 -0.440562 1.12488 148 130 98
0.609454 -0.247871 1.26662 158 135 126
0.363576 -0.421232 1.23466 157 154 100
-0.458465 -0.0536165 0.933549 139 18 20
0.0863833 0.0325085 1.07298 126 38 24
0.483653 -0.0390603 1.21259 86 64 53
0.428325 -0.0267164 1.2712 130 110 93
-0.415627 0.0952965 1.00817 75 53 60
0.445201 -0.0788817 1.21953 106 89 62
0.0669892 0.171399 1.14627 154 26 26
0.502541 -0.0310127 1.24149 140 111 96
0.50106 -0.224217 1.31775 119 98 59
0.449392 -0.0596753 1.26983 96 76 50
-0.382055 -0.152248 1.18479 48 16 10
0.480389 -0.183494 1.15257 102 86 72
-0.436236 0.182226 1.07864 138 46 21
0.400035 -0.41254 1.25303 140 110 64
-0.216374 0.111583 1.25739 71 30 20
0.129688 0.129044 1.07857 152 24 26
-0.101464 -0.346563 1.25902 72 43 29
0.359468 -0.170362 1.26053 140 138 90
0.42559 -0.188717 1.2636 116 88 69
-0.425337 0.192133 1.06694 132 12 14
0.360326 0.0244399 1.25755 156 130 115
0.614126 -0.158715 1.18855 144 76 44
0.497944 -0.27073 1.05362 162 138 128
0.0165043 0.0443988 1.30951 166 118 96
-0.284882 -0.264541 1.21107 150 147 94
0.124252 0.12359 1.08827 156 72 70
-0.373143 0.115706 1.25915 122 71 46
0.428198 -0.0478506 1.28085 102 65 44
0.483625 -0.238789 1.15176 133 104 90
-0.456498 0.192037 1.03964 69 6 8
0.0702072 0.102824 1.08241 162 24 24
0.516829 0.0305261 1.21168 92 50 28
-0.113778 -0.104434 1.19691 154 104 90
-0.0474724 -0.273581 1.24075 44 20 12
-0.467889 0.073856 0.972681 60 46 52
0.548865 -0.252695 1.2161 140 110 99
-0.286436 -0.0250404 1.24323 138 92 76
-0.0251652 -0.181877 1.26378 51 16 10
0.539674 -0.00434899 1.23249 163 130 111
0.349259 -0.0369445 1.37016 152 142 116
-0.0310295 -0.123106 1.28202 80 34 24
0.179224 0.167158 1.12403 129 35 33
0.0201829 0.051106 1.33253 163 114 92
-0.430554 0.181096 1.05586 152 82 34
0.102946 0.0915848 1.06599 138 17 16
0.518316 -0.185909 1.17503 108 53 42
-0.305405 0.0391637 1.25153 141 93 76
0.50618 -0.426354 1.15542 158 139 110
-0.369843 0.21078 1.08627 147 126 115
0.382134 0.0712968 1.22993 83 71 64
0.360847 0.08208 1.23904 121 99 80
0.0577212 0.0300702 1.07288 136 32 24
-0.259463 0.0682905 1.23973 158 110 94
-0.507716 0.059858 0.929004 156 106 46
0.538728 -0.128609 1.18611 16 12 12
0.437352 0.0386403 1.22913 166 138 130
0.0401327 0.125257 1.14297 140 80 66
-0.0517054 0.0201987 1.2891 177 132 116
0.517443 -0.444753 1.14553 156 138 108
0.0480536 0.0729433 1.064 143 24 22
-0.366027 -0.109663 1.19872 125 77 60
-0.385465 0.201653 1.0523 138 118 106
0.364183 0.0408816 1.3014 115 92 75
0.499253 -0.452914 1.14968 159 154 104
0.369237 0.0831799 1.31261 80 50 26
0.178509 0.0533241 1.08148 138 30 24
-0.413803 0.195644 1.06221 136 14 18
-0.431515 0.165925 1.07807 140 60 40
0.332538 -0.0156778 1.23441 142 118 96
0.408513 -0.025469 1.2985 94 58 32
-0.484158 0.0385402 0.935788 129 15 20
0.486905 0.0411124 1.20407 146 100 80
0.0761606 0.075635 1.0787 137 24 19
-0.409443 0.19779 1.10424 139 118 106
-0.462158 0.168025 1.03347 126 78 70
-0.4429 0.00206937 0.951194 117 9 12
0.528276 -0.139998 1.20489 59 36 24
-0.462923 0.212786 1.03778 132 12 16
-0.280344 0.0454271 1.26687 148 100 84
-0.277528 0.0247174 1.25583 145 98 81
0.381829 -0.318961 1.09431 149 124 109
-0.394632 0.22273 1.06712 132 18 22
0.503169 -0.416599 1.14123 144 96 71
0.452657 -0.407174 1.16533 158 140 114
0.0479525 0.0402394 1.06959 137 28 21
0.0559704 0.122199 1.07192 157 27 28
0.0484376 0.0825923 1.1078 144 27 24
0.342876 -0.0180465 1.38056 144 135 106
0.334283 0.0561692 1.36731 138 123 98
0.481094 -0.149341 1.29124 62 77 55
-0.436682 0.244895 1.06897 99 14 17
-0.0294506 0.0217572 1.29231 160 122 104
0.469385 -0.108011 1.26071 124 111 82
0.0516704 0.107959 1.12178 124 83 74
0.0857405 0.0828919 1.08166 152 25 24
0.512095 0.152726 1.2919 124 84 72
0.509023 -0.176339 1.1695 127 96 82
-0.416169 -0.0734893 0.949382 160 148 127
0.103519 0.137618 1.08413 51 30 22
0.590493 0.0189952 1.25728 144 110 93
-0.150753 -0.122214 1.14013 150 106 88
-0.480487 0.187424 1.04772 122 16 12
0.475851 -0.216287 1.9021 137 131 106
0.335623 0.0747424 1.29311 124 106 86
-0.42391 0.212973 1.03497 133 14 16
-0.433612 0.21894 1.03769 84 4 8
-0.47526 0.207305 1.05661 128 44 13
0.385426 -0.0228275 1.28284 92 58 28
0.169289 0.0586546 1.06642 138 28 22
0.448083 -0.0779811 1.3059 94 72 43
0.665183 -0.226453 1.31097 106 49 38
0.523158 -0.156994 1.17351 14 8 8
0.117928 0.0594802 1.09862 130 24 19
0.590582 0.0122193 1.25707 150 114 95
0.164669 0.0398689 1.15039 136 29 22
-0.416309 0.231888 1.04227 136 14 16
-0.420786 0.225608 1.05145 136 13 15
0.657265 -0.203911 1.31377 147 80 60
-0.220638 -0.00370782 1.25622 149 104 90
-0.439653 0.219993 1.03113 112 13 17
0.64955 0.0114215 1.31488 138 106 91
0.437717 -0.0150991 1.26077 136 115 98
-0.319927 -0.299194 1.15782 145 137 88
0.1231 0.000929521 1.12402 164 150 130
0.205723 0.220265 1.21146 156 130 123
-0.298244 -0.309629 1.17517 150 146 93
0.62619 -0.0863498 1.23772 171 139 120
-0.324604 -0.300146 1.05787 150 145 94
0.108392 0.300605 1.20153 166 142 138
0.33454 -0.041005 1.53041 156 145 122
0.475925 0.151296 1.3692 152 126 116
-0.0338903 0.114896 1.22536 160 134 122
0.264659 -0.568123 1.69112 146 142 94
0.329956 -0.0832502 1.50769 154 145 121
-0.538096 0.155369 0.983654 157 135 120
0.164831 -0.404833 1.09856 148 145 94
0.411241 0.210749 1.30741 164 144 137
-0.133579 -0.668396 1.68545 154 150 100
0.5572 -0.497486 1.12796 132 84 46
-0.373255 0.300955 1.12729 164 142 136
0.586375 -0.474249 1.14174 116 70 39
-0.0656235 -0.436109 1.22832 154 150 98
-0.0216915 0.209122 1.21251 166 142 134
-0.39372 -0.767168 1.8002 152 146 94
-0.365515 0.205828 1.08361 146 126 114
-0.258617 -0.12076 1.19678 164 116 90
-0.460641 0.167499 1.0418 97 16 12
0.406561 -0.285124 1.06576 154 126 118
-0.333207 -0.169042 1.19571 136 88 65
-0.454188 0.195094 1.06181 110 34 16
-0.411232 0.0268884 0.971604 108 6 8
-0.120583 0.0749415 1.31856 161 108 86
-0.423592 0.00463622 0.951053 106 14 12
-0.243616 0.106553 1.25593 78 34 20
0.499883 0.0533489 1.22763 131 89 68
-0.339876 -0.286865 1.14136 44 26 12
-0.088486 0.0689848 1.30752 192 142 116
-0.264332 -0.0805289 1.16074 172 113 90
0.53487 -0.0969126 1.18258 104 80 72
-0.273357 -0.139698 1.18971 138 98 80
-0.50135 0.0593501 0.932227 128 56 27
-0.40139 0.218067 1.06725 128 41 38
-0.419453 0.0305727 0.976118 118 12 12
-0.357483 -0.160232 1.20043 150 97 74
0.366568 -0.0573221 1.34397 136 109 82
-0.169835 0.0970825 1.29626 134 84 60
0.398834 -0.260384 1.09928 94 51 24
-0.357598 -0.121154 1.2044 169 122 99
-0.410641 0.117706 1.06395 143 81 70
-0.46162 0.0387109 0.951353 122 16 18
-0.157688 0.0608539 1.30623 176 124 100
-0.450054 0.0437384 0.968091 93 46 51
-0.399321 -0.0292799 0.973988 158 142 121
-0.206866 -0.10705 1.13928 140 90 65
-0.174342 0.0650852 1.3013 117 64 44
-0.238301 0.0357928 1.2342 154 113 100
-0.424849 -0.0926691 0.936726 162 148 126
-0.141335 0.0728623 1.30467 184 134 110
-0.191458 0.0230321 1.31888 95 44 30
-0.429314 -0.0971345 0.924069 161 148 127
-0.494884 0.0607111 0.952721 131 44 22
-0.465962 0.134612 1.01902 128 18 16
-0.400784 -0.172614 1.19274 66 29 20
-0.312226 -0.0412011 1.10969 177 131 108
-0.362502 -0.00774642 0.99997 158 92 50
-0.343347 -0.21683 1.14905 171 102 78
-0.100946 0.056393 1.3004 166 114 92
-0.408558 0.224703 1.05603 132 14 16
-0.0619063 0.0892135 1.28425 132 81 56
-0.258584 0.0847391 1.24197 130 81 59
-0.0445513 0.0912022 1.26281 112 63 36
-0.452467 0.0417912 0.964144 104 36 37
-0.427922 0.0601002 0.983768 72 15 26
-0.403786 -0.052357 0.922544 161 146 126
-0.429648 -0.039316 0.932924 139 82 79
-0.113518 0.0326761 1.29283 165 114 94
0.0837169 0.114672 1.08469 136 66 64
-0.181019 -0.00125288 1.32251 120 68 50
-0.335864 -0.212668 1.14493 166 92 69
-0.399265 0.0405463 0.986025 142 82 72
-0.407398 -0.0140914 0.975548 134 92 30
-0.333576 0.118543 1.24654 102 54 34
-0.13367 -0.0572168 1.29295 178 129 105
-0.409163 0.0154985 0.980621 134 52 28
0.476331 -0.382039 1.14158 118 11 8
-0.417961 -0.000586642 0.96068 105 15 13
-0.471819 0.0235928 0.98489 116 8 12
-0.180371 0.0196851 1.31482 124 71 51
-0.108258 -0.0599716 1.29431 169 122 102
-0.352536 -0.187038 1.16587 86 42 28
-0.0553301 0.0265774 1.31572 176 130 112
-0.397182 -0.263556 1.16833 90 51 36
-0.1002 -0.0307318 1.30176 190 146 123
-0.130122 -0.0945929 1.16456 136 86 70
-0.438648 0.0556151 0.968983 22 18 32
-0.396741 0.016827 0.993659 146 102 46
-0.411867 -0.0588597 0.931755 158 146 126
-0.22176 0.00619641 1.26018 146 100 86
-0.212143 0.0333167 1.27002 138 92 78
0.0188676 0.125262 1.16033 138 113 102
-0.318425 -0.163495 1.19059 134 88 66
-0.425766 0.245643 1.05331 110 22 22
-0.221767 0.0155892 1.26093 145 100 86
0.406155 -0.370868 1.13394 125 97 73
-0.303181 -0.0287014 1.08776 175 128 104
0.264685 -0.378604 1.8417 134 132 84
-0.407157 0.238395 1.06912 124 19 20
-0.257482 0.12829 1.2547 98 50 31
-0.564113 -0.199773 1.0161 134 130 80
-0.363673 0.245827 1.10906 164 141 132
-0.565679 -0.203725 1.0106 139 134 85
-0.326008 0.236476 1.12664 162 141 132
0.173023 0.269994 1.13246 164 139 134
-0.236866 -0.438878 1.15658 149 144 94
0.482989 -1.0091 2.2803 150 146 94
-0.181509 -0.0514989 1.29787 87 38 24
-0.110541 -0.2384 1.28735 128 76 46
0.352965 -0.362295 1.1939 152 147 96
-0.392295 -0.25525 1.17188 50 18 10
-0.424545 0.0417994 0.957185 104 40 40
-0.420863 -0.0920496 0.944766 164 148 126
0.0735403 0.0426985 1.06453 24 12 4
-0.461766 0.135514 1.00267 126 18 16
-0.17172 0.00757078 1.31961 152 101 80
-0.429914 -0.0929574 0.930217 162 148 125
-0.4272 -0.0901267 0.946767 164 150 128
-0.433148 0.136116 1.05395 146 92 60
-0.351459 -0.0152618 1.03626 136 18 20
-0.413252 0.0800124 1.00188 126 20 20
-0.250946 -0.0209731 1.22405 144 104 92
-0.169196 -0.106107 1.11559 149 99 77
-0.46325 0.0535008 0.949055 104 42 41
0.0774087 0.182061 1.14493 147 36 34
-0.376439 -0.107804 1.20083 114 68 54
-0.359358 0.202164 1.10573 152 131 122
-0.267919 -0.168222 1.22542 134 95 70
-0.191327 0.0180954 1.30521 88 38 24
0.353605 0.0871589 1.31089 122 102 83
-0.464062 0.0544172 0.966728 82 30 33
-0.1816 0.0444932 1.30764 114 62 46
-0.433799 0.117277 1.00332 116 15 17
0.415988 -0.284983 1.06976 152 126 116
0.54663 -0.226562 1.23703 146 117 106
0.406458 -0.0361609 1.29868 134 99 80
0.508522 -0.472217 1.1247 154 148 96
0.157276 0.083785 1.08113 148 28 24
-0.33782 -0.0131774 1.03351 138 55 46
-0.416979 -0.155676 1.19157 36 10 6
-0.421371 -0.00151765 0.945855 95 12 10
-0.360097 -0.105348 1.19779 156 108 86
-0.324442 0.0783008 1.23404 129 78 60
-0.44197 -0.128652 0.909457 162 150 129
-0.270029 -0.0154214 1.238 142 100 90
-0.345573 -0.0228646 1.04198 134 40 35
-0.246675 -0.062912 1.15765 174 115 96
-0.0137016 0.0290668 1.32503 135 92 74
-0.172124 0.0214154 1.31779 155 104 82
-0.411288 -0.205057 1.17116 73 38 24
-0.422029 -0.222062 1.16351 86 48 32
-0.383071 0.192423 1.08468 140 120 107
-0.402766 -0.0318831 0.944426 159 144 124
-0.315686 0.0382322 1.2409 141 94 76
-0.375747 -0.0400535 1.03106 158 141 118
-0.416287 -0.00722736 0.953013 86 14 8
-0.0937451 0.0656017 1.30482 182 132 109
-0.192372 0.00148932 1.29083 85 34 20
-0.127053 -0.041377 1.29806 178 132 107
0.139408 0.0470138 1.11812 126 32 23
-0.313746 -0.222144 1.16229 150 94 75
-0.502899 0.00772889 0.973942 126 12 14
-0.246615 -0.00458717 1.24005 146 106 92
-0.40026 0.22128 1.06186 123 26 24
-0.109576 0.0118944 1.31215 186 139 118
-0.391669 0.0514899 0.996783 130 104 76
0.0321699 0.123989 1.14692 151 96 84
-0.338114 -0.14703 1.19756 158 114 90
0.0343336 0.174327 1.16904 150 70 65
-0.0997333 0.0038202 1.30868 186 137 114
0.44225 -0.424747 1.2165 145 126 110
0.0677778 0.218081 1.15436 102 67 59
-0.503235 0.172371 1.02577 159 106 47
-0.00476882 -0.470398 1.34891 151 148 98
-0.529099 0.182975 1.01861 160 131 114
0.361441 -0.503144 1.04694 152 148 96
0.237968 -0.564005 1.36908 149 144 93
-0.108014 0.20983 1.12177 166 146 136
-0.221524 0.277969 1.37366 165 146 138
0.560245 -0.0370808 1.24587 154 114 94
-0.446334 0.11172 1.00723 74 16 22
-0.450848 -0.122772 0.912536 96 94 96
-0.516614 0.0518946 0.916174 170 116 52
-0.238391 0.00498751 1.241 146 104 88
-0.323607 -0.0382527 1.06089 170 138 114
-0.296579 -0.216237 1.1999 125 93 60
-0.469784 -0.0537939 0.942105 136 14 16
-0.290321 -0.158091 1.18976 154 112 94
-0.349827 -0.116694 1.19288 172 126 104
-0.401803 0.126658 1.05728 158 138 124
-0.468069 0.0305615 0.944333 122 13 16
-0.21101 0.0549771 1.26197 134 86 74
-0.448897 -0.0819841 0.921558 120 22 16
-0.518152 0.0595213 0.92091 152 100 38
-0.351942 -0.00763104 1.03266 141 16 22
-0.289936 0.0319519 1.2433 143 95 78
-0.350527 -0.0369894 1.05746 156 112 92
-0.37684 -0.255358 1.19343 113 72 58
-0.398898 0.0629056 1.00581 162 130 115
-0.417251 -0.024086 0.956842 163 144 122
-0.457569 -0.103145 0.914671 93 86 96
-0.528466 0.0409437 0.917386 160 106 36
-0.224538 0.114873 1.2727 62 24 18
-0.23496 0.0640243 1.256 148 104 88
0.115369 0.162697 1.1496 148 72 70
-0.510082 0.0767148 1.00179 124 54 36
-0.137473 0.00760756 1.30931 196 150 127
0.146081 0.172633 1.14111 151 23 23
-0.233425 -0.0695141 1.15783 182 124 106
0.0784716 0.0507108 1.07271 24 9 5
-0.0878952 -0.00331897 1.30789 191 144 120
-0.542893 0.0702002 0.922571 150 102 44
-0.420696 -0.0762728 0.94087 164 148 126
-0.43219 -0.0201613 0.933741 122 13 14
-0.00404849 0.0455732 1.3201 110 66 47
-0.389405 0.032175 0.99762 153 116 92
-0.549731 0.0749679 0.918314 141 60 31
-0.448821 -0.0608144 0.922142 133 16 17
-0.378052 0.191952 1.05918 141 120 106
0.0331792 0.131465 1.16163 156 126 114
-0.33605 -0.120821 1.2216 162 115 92
-0.0191432 0.0712454 1.31484 153 113 96
-0.407929 -0.171908 1.18299 77 36 21
-0.190296 0.126978 1.27798 142 112 104
-0.477208 -0.0233127 0.890671 123 20 28
-0.402456 -0.280702 1.17399 112 72 52
-0.408937 -0.21366 1.19447 65 32 18
-0.2082 0.00761276 1.28834 130 84 69
-0.436412 0.248962 1.02988 122 24 26
-0.407403 -0.108931 1.18767 140 88 69
-0.48511 -0.0763827 0.91689 132 17 16
-0.561332 0.0577265 0.893654 127 12 10
0.111049 0.287269 1.16635 166 139 134
-0.490479 -0.106022 0.848961 164 149 128
-0.529578 -0.0846111 0.935099 162 148 127
-0.528132 -0.0892343 0.896489 162 147 127
-0.142871 0.159839 1.35031 166 140 130
-0.0137512 -0.476173 1.34429 153 150 99
0.152235 0.143927 1.09816 129 112 104
0.54493 -0.0363424 1.24175 136 110 94
-0.462869 -0.0349389 0.918487 128 7 12
0.38893 -0.172706 1.24508 131 106 80
-0.185695 -0.167354 1.36441 83 42 20
0.477434 -0.204951 1.21729 152 150 99
-0.327417 -0.0834033 1.17957 138 91 74
-0.362198 0.117568 1.2431 109 61 32
0.00796567 0.0913398 1.14761 160 138 122
-0.384256 0.0993368 1.24659 184 135 112
-0.519943 0.0432479 0.907874 158 104 36
-0.436559 0.0404737 0.968396 91 55 56
-0.295324 -0.0973468 1.16457 114 72 52
0.431436 -0.0665545 1.33911 117 84 62
-0.278059 -0.22698 1.17275 148 142 94
-0.477137 0.0148086 0.946923 110 4 8
-0.262604 -0.0772149 1.14485 174 114 96
0.513669 -0.238873 1.06697 134 96 79
0.489236 -0.260547 1.04893 138 114 102
-0.47472 0.187336 1.05676 132 64 57
-0.313758 -0.255955 1.17438 156 101 78
0.461732 -0.251535 1.07125 164 138 130
0.436162 -0.206261 1.28299 139 99 78
0.575791 0.124439 1.27043 172 150 145
-0.368222 -0.175165 1.17233 53 14 8
-0.4763 -0.0715877 0.927597 136 12 14
-0.200123 -0.186283 1.37511 93 52 24
-0.431754 -0.124342 0.916909 164 150 128
0.536798 0.0147451 1.22963 130 90 70
0.592277 0.0109581 1.27038 140 107 91
0.632326 0.110285 1.32106 175 152 146
0.111031 0.0679962 1.06935 138 24 21
-0.141223 0.0562973 1.2849 187 139 116
0.447475 -0.310605 1.04358 110 67 40
0.419239 -0.259296 1.07889 108 68 44
0.474173 -0.193075 1.23807 155 153 103
-0.447535 -0.0517496 0.930537 128 16 20
0.527431 -0.269509 1.07427 140 120 108
-0.151604 -0.117039 1.13259 144 98 79
0.0582627 0.0243772 1.07487 136 32 22
0.0871796 0.0667018 1.05642 127 25 20
-0.354511 -0.00529683 0.998954 138 26 15
0.130466 0.163997 1.14058 158 24 24
-0.534528 0.0348285 0.924202 167 126 71
-0.389062 0.149117 1.09593 154 134 120
0.418406 -0.271308 1.09487 158 132 122
0.426046 -0.225781 1.26833 159 154 108
-0.443696 -0.130834 0.925346 162 148 128
0.105302 0.0706306 1.05214 140 22 20
-0.449363 0.0088722 0.951278 104 8 10
0.0912867 0.150325 1.11488 138 118 111
-0.358213 0.189071 1.10913 147 126 116
0.526199 -0.331375 1.0871 122 76 46
0.0903033 0.1423 1.09971 117 100 92
-0.395021 -0.0420451 1.05316 158 143 121
-0.519623 0.0590631 0.906516 146 94 38
-0.392701 -0.179267 1.19728 56 21 13
-0.308831 -0.169218 1.18262 162 115 94
0.509824 -0.349634 1.08988 128 6 8
-0.452883 -0.000657557 0.936861 113 15 22
-0.418078 -0.0563516 0.930091 130 57 46
0.593918 0.0278255 1.27357 146 114 98
-0.433988 0.0242934 0.940131 128 14 18
-0.462642 0.0672046 0.977615 67 60 68
-0.329466 -0.250282 1.13433 154 100 79
-0.439143 -0.104914 0.915506 162 149 130
0.344484 -0.10893 1.31053 160 150 128
-0.361422 0.188253 1.10551 145 125 115
-0.392635 0.0122746 1.00505 150 108 55
0.436035 0.0820413 1.25754 168 142 132
0.536564 0.0569156 1.2018 126 82 60
-0.420192 0.163345 1.07914 153 127 114
0.444942 -0.303318 1.05267 150 119 106
0.409391 -0.131668 1.2652 106 68 44
-0.247356 -0.112957 1.18775 136 85 56
-0.47429 -0.0424325 0.919646 138 10 12
-0.44653 0.0655349 0.961457 20 18 31
0.0926783 0.00682185 1.09668 162 147 127
-0.439646 -0.0268499 0.916122 120 16 18
0.513027 -0.332277 1.07741 134 84 58
-0.531426 0.0430833 0.909214 158 105 36
-0.109679 0.0681423 1.31541 155 102 81
0.50366 -0.0149865 1.24437 102 74 52
0.136256 0.163883 1.14951 156 26 24
0.379436 0.0739891 1.26544 98 94 78
0.0958546 0.0667761 1.05636 132 22 18
-0.371712 -0.0248412 1.04471 133 42 24
-0.230544 -0.0408879 1.20546 142 100 85
0.533703 -0.352339 1.10373 122 7 8
0.408049 -0.2926 1.10981 150 124 110
0.0533846 0.0546609 1.09128 134 25 19
0.0632131 0.131892 1.10288 156 28 24
0.425377 -0.0343728 1.26622 122 98 82
0.153572 0.155391 1.09925 146 26 26
-0.111342 -0.270331 1.26988 172 107 84
0.634523 0.0225969 1.3027 144 114 98
-0.104017 0.0693814 1.31252 151 96 74
-0.444654 0.0394063 0.959903 104 40 42
0.179522 0.103097 1.08661 154 23 22
0.505809 -0.342126 1.08086 126 6 8
-0.42545 -0.00101601 0.93488 99 10 10
-0.438226 -0.000418386 0.943724 112 10 12
-0.015958 0.0371148 1.31163 144 106 86
0.0539732 0.130819 1.0976 154 24 24
-0.261347 -0.0616853 1.13982 168 108 89
-0.437174 0.252621 1.04986 124 40 41
0.175405 0.0961531 1.08149 154 22 23
0.420907 -0.287995 1.03128 128 84 66
-0.43173 -0.0572937 0.932054 123 15 14
-0.317699 -0.100008 1.17116 149 103 84
-0.244295 0.000750138 1.243 149 110 96
0.132467 0.0999278 1.06253 89 86 73
-0.399126 0.021623 0.983224 131 77 30
0.0786024 0.0759021 1.05729 140 23 20
0.132965 0.151726 1.11928 155 26 25
-0.212467 0.113636 1.26002 71 30 21
-0.457028 0.0820053 0.982869 20 18 30
0.500573 -0.248001 1.06199 148 125 112
0.491578 -0.353187 1.11126 120 6 8
-0.258076 0.0104779 1.22981 152 108 96
-0.514837 0.0216388 0.912455 153 118 82
-0.387795 0.00228698 0.983404 152 110 56
-0.37641 0.140792 1.15242 158 135 122
0.0539303 0.125159 1.09715 156 27 26
-0.419391 -0.276689 1.19591 93 54 33
0.158533 0.0176922 1.37284 168 152 135
0.337315 -0.0289946 1.40256 151 141 116
0.0612322 0.0800276 1.05725 156 27 24
-0.428887 -0.250592 1.19443 82 46 29
-0.263559 -0.236614 1.17319 148 144 92
-0.466539 -0.0748944 0.938825 129 12 14
0.392405 0.109293 1.27351 110 73 52
0.493285 0.159382 1.28983 156 130 122
0.285706 -0.0381612 1.42511 155 144 122
-0.389141 0.208609 1.06309 138 110 99
-0.494284 -0.12134 0.868091 163 148 128
0.323139 -0.03931 1.39686 154 144 119
-0.333535 -0.314633 1.1517 150 147 95
-0.46858 -0.273812 1.17616 152 146 97
0.29619 -0.112126 1.55294 153 144 122
-0.424858 -0.282759 1.18381 75 42 22
0.166577 -0.013734 1.44075 162 149 130
0.459878 0.19662 1.31413 164 144 138
-0.173605 -0.204337 0.580852 154 148 98
-0.244861 -0.269249 1.19267 152 148 96
-0.846507 -0.649086 1.95624 150 143 92
-0.250931 -0.271672 1.20337 152 147 96
0.280616 -0.0860423 1.4726 154 144 120
-0.170324 -0.208336 0.593002 154 149 100
-0.171919 -0.199393 0.575925 152 148 98
-0.072337 0.129912 1.20613 164 137 126
-0.621741 0.0291544 1.07851 164 146 127
-0.558106 -0.0868495 0.995959 164 148 128
-0.573676 0.158447 0.982772 162 140 125
-0.265487 -0.368448 1.19641 152 148 97
0.530442 0.32079 1.405 160 141 132
0.646018 -0.440024 1.17769 159 154 104
-0.640502 -0.494866 1.16433 150 144 92
0.0696768 0.0300638 1.09079 132 31 20
-0.305657 -0.232995 1.14597 167 110 90
0.384183 0.0111558 1.29465 160 134 120
0.435186 -0.0454155 1.23145 121 96 76
-0.319299 -0.0684656 1.18838 134 88 68
-0.520537 0.070256 0.928686 152 100 36
-0.413058 -0.0341853 0.927648 152 114 96
0.506181 0.0839372 1.21182 161 142 136
-0.428076 0.177502 1.07075 128 35 28
-0.439955 0.147881 1.03079 154 92 29
0.5198 -0.134736 1.17551 17 12 12
-0.424618 -0.112598 0.92695 160 148 128
0.568515 0.123538 1.25908 156 142 135
-0.307394 -0.261556 1.16395 158 106 78
-0.331203 -0.0705996 1.19213 134 88 70
-0.445972 0.183028 1.04903 122 29 14
0.379707 -0.109062 1.30161 160 150 130
0.0438334 0.0961857 1.10104 128 58 52
0.0874878 0.181654 1.14573 148 27 27
0.110431 0.150808 1.11357 132 61 60
0.0119935 0.0880299 1.13837 157 136 122
0.0590033 0.025782 1.08592 136 30 22
0.520882 -0.152421 1.17865 44 31 26
-0.401802 0.168371 1.08037 142 122 110
-0.404662 0.14797 1.06878 156 138 126
-0.427157 0.0396879 0.965364 114 32 33
-0.264785 -0.123634 1.19386 128 88 73
0.409476 0.108511 1.3074 142 112 100
0.0787117 0.0431356 1.07807 52 18 12
0.065389 0.056508 1.06563 116 24 16
0.568277 -0.169705 1.18668 131 60 38
-0.155043 0.041384 1.37586 175 124 102
-0.212073 0.0492994 1.23116 140 95 80
0.58819 0.0365483 1.21357 93 54 32
0.491477 0.133172 1.26858 168 146 140
-0.192907 -0.104523 1.13648 156 108 86
-0.159216 0.0576802 1.34639 174 123 102
0.0384442 0.0872635 1.16549 162 136 122
-0.424604 0.210151 1.06198 136 12 16
-0.439126 0.113085 1.02974 124 17 20
0.394997 0.0741818 1.28649 86 61 56
-0.291311 0.114326 1.25993 108 59 36
-0.0506705 -0.14405 1.26037 141 102 86
-0.464986 0.131169 1.00701 130 19 22
-0.428009 0.0186037 0.9553 124 14 16
0.462242 0.0782672 1.23975 178 152 146
0.0559613 0.108027 1.0851 141 28 26
0.455906 -0.310547 1.87017 128 128 85
0.143311 0.0255174 1.14749 151 91 75
0.590971 -0.170424 1.18508 79 41 24
0.17329 0.0797876 1.09637 147 26 22
0.502711 -0.0588578 1.20594 150 98 75
0.61898 -0.409377 1.18323 18 16 12
0.0869732 0.192132 1.1337 120 54 54
-0.0169854 0.00324568 1.31323 125 80 63
-0.352101 -0.213703 1.14525 151 89 70
-0.456091 -0.11233 0.905908 23 29 69
-0.454608 -0.115261 0.913584 28 30 58
0.371876 -0.308501 1.30048 160 158 108
-0.0785009 -0.191345 1.22158 168 122 102
0.458386 -0.0952007 1.19088 125 98 81
-0.39623 -0.0458588 0.936514 157 143 124
0.0265231 0.105403 1.1461 124 100 88
0.408758 -0.20979 1.25586 136 110 76
0.0613787 0.148317 1.13239 152 26 24
-0.327409 0.187175 1.13105 162 138 132
-0.345382 -0.0609979 1.15 113 66 48
0.486125 0.175625 1.28134 165 144 136
0.161208 0.0765836 1.08867 144 26 22
0.382542 -0.0141823 1.29182 131 104 83
-0.105173 0.000529515 1.30035 173 124 106
0.128857 0.0805568 1.06306 114 20 16
-0.472191 -0.0752896 0.93508 78 14 36
0.400417 -0.251167 1.90409 90 92 54
0.326025 -0.314552 1.86326 112 112 70
0.0400441 0.141717 1.14631 150 120 103
0.493892 -0.25322 1.88001 122 123 83
0.427264 -0.384399 1.1658 158 139 116
0.234243 -0.329649 1.88573 120 119 78
-0.38563 0.128364 1.20495 123 78 49
-0.488672 0.0954817 0.984252 128 14 18
-0.431261 0.23642 1.06587 134 14 18
0.333761 0.0410129 1.40736 136 123 97
0.425261 -0.217402 1.85901 112 111 78
0.475118 0.161464 1.25738 163 138 132
0.703933 -0.0369112 1.34466 128 99 81
0.385111 -0.592728 1.70082 148 144 94
0.375243 -0.591212 1.69248 150 146 96
0.393026 -0.238881 1.82442 90 92 56
0.325024 0.129751 1.28165 150 131 120
0.423751 -0.490397 1.28096 158 155 104
-0.0652896 -0.410021 1.27518 152 150 100
-0.0552003 -0.449642 1.36214 152 149 99
0.281764 -0.120222 1.67008 148 140 116
0.495062 0.186607 1.23255 158 138 132
0.418547 0.20186 1.31653 165 146 138
0.459734 0.095748 1.22054 168 139 133
0.140041 0.108594 1.07876 85 51 37
-0.389568 0.105622 1.04182 160 138 123
-0.414758 0.0940345 1.00658 118 24 27
0.389183 -0.425189 1.24465 156 146 110
0.396567 -0.389781 1.21931 104 66 32
0.0954294 0.066689 1.06235 124 25 22
0.210209 -0.358215 1.88168 121 120 77
0.509132 0.0447544 1.21761 97 54 30
0.541283 -0.0705157 1.21415 139 112 99
0.149159 0.0899688 1.06507 122 16 14
-0.180609 0.0857335 1.29677 83 33 18
-0.240688 -0.0837936 1.13362 112 59 38
-0.166219 -0.0339105 1.31627 136 86 64
-0.358927 -0.157233 1.18766 129 75 51
-0.388151 -0.183007 1.19204 48 20 14
0.478923 -0.0802155 1.20458 150 98 76
-0.297994 -0.195602 1.20477 85 44 20
-0.351995 -0.13732 1.19141 168 119 96
-0.141349 0.0473891 1.295 188 142 120
-0.302246 0.00821163 1.24949 140 93 77
-0.380189 0.052635 1.01915 126 100 74
0.0244285 0.100202 1.16082 146 123 114
-0.38182 0.036776 1.01383 138 104 84
-0.264033 -0.0945751 1.17512 86 43 22
-0.395877 0.0656174 1.01173 158 138 123
-0.493489 0.0144155 0.979099 117 11 15
-0.100581 -0.214817 1.26995 168 120 96
0.536806 -0.12775 1.1817 12 8 12
-0.23324 0.121161 1.26971 79 38 26
-0.397757 -0.0118013 0.974272 136 94 36
-0.349128 -0.0401886 1.05339 162 131 108
-0.166379 -0.0281542 1.31778 138 86 65
-0.273965 -0.0583861 1.14735 151 95 79
-0.385673 -0.199938 1.18376 38 14 8
0.170437 0.107055 1.08041 144 26 23
-0.493235 0.00954709 0.978436 118 14 18
-0.463997 0.0407426 0.948947 121 17 18
0.0274021 0.0778084 1.07217 124 46 30
0.231052 -0.329701 1.91563 117 116 76
-0.436537 0.0420426 0.964436 113 24 28
0.397154 -0.156459 1.2611 143 114 92
-0.315676 -0.215365 1.15621 147 90 74
-0.340122 -0.12201 1.19628 170 125 103
-0.332135 -0.0618494 1.18118 133 87 70
-0.421439 -0.0632068 0.931103 142 86 74
-0.460739 0.080238 0.987953 22 16 32
-0.438907 0.224975 1.05324 116 6 8
-0.282627 -0.0573858 1.14108 112 62 40
-0.282308 -0.0521112 1.15617 136 82 62
-0.389477 -0.241033 1.16331 33 12 4
0.216501 -0.35045 1.84783 120 120 77
-0.396871 -0.280818 1.17441 72 38 21
-0.0582029 0.0917515 1.26595 115 64 40
-0.290835 0.0150075 1.23971 140 92 76
-0.408694 0.220142 1.04833 132 12 14
-0.429622 -0.284761 1.13117 145 141 94
0.255605 -0.391006 1.87163 136 134 87
0.0396502 0.259021 1.13448 162 137 133
0.287605 -0.506065 1.39363 143 140 92
-0.239097 0.143321 1.26847 122 82 70
0.307191 -0.431853 1.22867 144 142 92
-0.68793 -0.283387 1.17266 148 142 93
0.0888541 0.221066 1.12009 118 88 84
-0.381596 -0.686051 1.40707 148 142 92
-0.200737 0.137235 1.23401 156 129 122
0.234946 -0.479661 1.38598 142 139 89
-0.106015 -0.695601 1.68981 150 146 96
-0.642057 -0.857066 1.75153 150 145 94
-0.415482 -0.701055 1.41837 150 144 94
-0.0896227 -0.689935 1.67359 150 146 97
-0.387314 -0.672204 1.40562 148 144 92
-0.284265 -0.364217 1.13824 148 143 92
-0.416861 0.0494703 0.979338 125 15 16
0.0861667 0.0467907 1.08642 86 22 11
-0.142705 -0.10757 1.14474 99 54 38
-0.466496 0.0305852 0.93673 112 10 12
-0.368167 0.209714 1.08643 148 125 116
-0.277182 -0.196463 1.21895 129 96 69
-0.397387 0.0945064 1.01761 162 138 123
-0.157425 0.0392918 1.31338 180 130 108
0.394632 -0.0937783 1.28557 140 111 90
-0.260709 0.0524649 1.23394 150 105 88
-0.339041 -0.197288 1.16785 111 58 40
-0.352963 -0.199078 1.14882 159 96 74
-0.37308 0.201562 1.08492 143 121 110
-0.201216 0.114894 1.26752 98 65 57
-0.332631 -0.167044 1.18505 134 84 64
-0.244829 0.00649333 1.2378 145 104 91
-0.439867 0.150217 1.05072 144 92 35
0.0649252 0.0912326 1.08302 148 22 19
-0.282987 -0.236848 1.17426 142 137 86
-0.399323 -0.0114992 0.962389 136 94 34
-0.451957 -0.11058 0.917797 96 90 98
-0.4374 -0.0488956 0.936615 121 16 14
-0.480149 0.0210044 0.956633 108 8 8
-0.401874 -0.0384669 0.978304 160 144 126
-0.419928 0.185629 1.09038 137 115 102
-0.182132 0.0391032 1.30535 118 66 50
0.119599 0.12793 1.08653 140 76 71
-0.140279 0.0382738 1.30844 194 148 127
-0.377092 0.183495 1.08593 141 120 108
-0.451909 0.117823 0.995688 110 33 36
-0.361747 0.206757 1.09459 151 128 117
-0.34912 0.188404 1.10638 151 128 118
0.123235 0.0318615 1.11402 100 28 18
-0.409062 0.107457 1.03101 136 86 79
-0.418252 -0.0538609 0.916028 119 29 23
-0.208883 0.113445 1.26772 70 37 28
-0.386914 -0.0818419 1.20063 60 23 12
-0.429081 -0.094841 0.934538 161 146 126
0.13505 0.112682 1.07603 82 50 38
-0.153767 0.00214123 1.31049 175 126 102
-0.447466 -0.100204 0.933486 162 147 130
-0.281253 0.014618 1.24175 142 94 78
-0.320259 -0.00122281 1.06678 167 130 110
-0.174306 0.0991166 1.29426 94 44 26
-0.45597 0.0608747 0.970721 52 44 56
-0.201016 0.0145846 1.2886 102 52 40
-0.230852 -0.0167547 1.25221 141 98 84
-0.449196 -0.0630805 0.938127 118 14 10
-0.360852 -0.206249 1.14948 103 58 43
-0.422832 0.212484 1.05579 133 12 14
-0.392316 0.0730259 1.01882 158 137 121
-0.838023 -0.695928 1.7394 150 142 92
0.0484775 0.218117 1.15518 108 76 70
-0.00842145 0.133451 1.13176 155 128 116
-0.864928 -0.641684 1.83906 149 142 92
-0.799395 -0.625414 1.7936 150 143 92
-0.406038 -0.805116 1.75352 148 144 92
-0.538749 -0.661854 1.29648 150 144 94
-0.344298 -0.804586 1.71383 148 144 94
-0.331092 -0.72001 1.4326 149 144 94
0.122123 0.285797 1.17394 163 136 132
-0.664967 -0.643354 1.19644 151 144 92
-0.319285 -0.732157 1.43291 151 145 95
-0.966506 -1.48974 3.67839 148 143 93
-0.706241 -0.407213 1.20621 150 143 94
-0.642439 -0.610923 1.11346 150 143 92
-0.716704 -0.687788 1.26628 151 142 90
-0.120583 -0.891129 1.81256 150 146 97
-0.311001 0.0539055 1.23361 135 86 69
-0.110427 -0.121511 1.19473 134 88 64
-0.337564 -0.0510632 1.06118 164 133 110
-0.375861 -0.0756358 1.23006 89 54 44
-0.53854 0.0346801 0.901168 162 141 122
-0.409328 -0.143267 1.2086 77 36 24
-0.459048 -0.0861779 0.936551 86 44 44
-0.251136 -0.0225862 1.22389 142 102 91
-0.353007 -0.12189 1.20026 170 123 100
-0.412083 -0.26124 1.18381 61 30 13
-0.135457 -0.0537007 1.29592 174 124 104
-0.425444 0.205178 1.06822 131 11 14
0.305802 -0.355048 1.84197 118 117 73
-0.383619 0.08996 1.02798 160 136 122
-0.334569 -0.00932049 1.04658 144 92 76
-0.00569169 0.0523399 1.328 118 74 59
-0.180927 0.0558115 1.30247 99 46 31
-0.293071 0.0659974 1.25285 136 86 70
-0.154132 -0.0550787 1.33006 132 82 60
-0.413603 0.0678843 0.993136 128 14 15
-0.289495 -0.0284788 1.23317 118 71 50
-0.052058 0.0396636 1.30122 166 120 102
0.0866302 0.0705889 1.05786 125 24 20
-0.275655 -0.246565 1.21245 145 140 92
-0.3843 0.179283 1.07125 140 119 105
-0.300144 0.0106925 1.23273 142 95 79
-0.502012 0.0676212 0.935831 144 66 31
-0.34172 0.178313 1.12595 151 130 120
-0.341049 -0.138489 1.20304 164 118 96
-0.25744 -0.129198 1.17882 114 71 47
-0.22158 0.0181101 1.25288 144 100 86
-0.31 0.0250024 1.22855 144 97 81
-0.385133 0.177595 1.09564 140 121 108
-0.365687 -0.0401442 1.05278 166 132 110
-0.397102 0.0063441 0.977819 148 104 44
-0.429014 -0.0824662 0.944487 160 145 125
0.580644 -0.199548 1.2619 134 92 76
-0.320662 -0.0399898 1.09464 176 135 112
-0.135218 -0.0233173 1.29546 188 142 119
-0.399154 0.025092 0.991659 145 98 42
-0.25964 -0.000353013 1.24151 148 110 100
-0.487232 -0.0563123 0.936316 140 14 16
-0.421878 -0.0823285 0.945141 160 144 126
-0.104555 -0.00570134 1.32043 186 140 120
-0.391667 0.0382827 0.9911 130 102 76
0.252311 -0.404283 1.87022 139 137 90
-0.4884 -0.0476808 0.938951 142 14 18
-0.451317 0.220562 1.03776 108 13 16
-0.454283 -0.276349 1.09287 150 144 96
-0.448152 -0.271092 1.12282 148 142 95
-0.313556 0.217919 1.10766 162 140 132
-0.48714 -0.131682 0.908522 149 138 122
-0.476501 -0.261973 1.04015 148 142 93
-0.0861005 -0.755291 1.6077 150 146 96
-0.330598 -0.78287 1.69153 148 144 92
-0.327631 -0.773443 1.63348 150 145 92
-0.407116 -0.31544 1.11833 150 144 95
-0.6124 -0.263753 0.938898 151 146 98
-0.503888 -0.289748 0.91134 150 145 97
-0.430955 -0.331275 0.814532 150 144 96
-0.641222 -0.746586 1.70392 150 144 92
-0.567081 -0.295114 1.02401 149 142 93
-0.681518 -0.819694 1.86956 150 144 94
-0.0817157 -0.727809 1.5851 152 146 96
-0.61665 -0.282174 0.941188 150 145 94
-0.618336 -0.308965 1.0548 148 142 94
-0.616378 -0.552769 1.08738 151 144 94
-0.649779 -0.892748 2.32826 148 142 92
-1.28175 -3.14695 8.24786 150 145 96
-0.141389 -0.417689 1.26314 152 147 96
-0.121995 -0.739603 1.68679 150 146 95
-0.660603 -0.86768 2.40502 146 142 92
-0.6007 -0.736765 1.67964 150 144 93
-0.592346 -0.557979 1.08644 152 146 94
-0.169542 -0.403928 1.19473 152 147 96
0.0737452 0.110808 1.06708 156 56 52
0.0866703 0.115068 1.06462 129 68 62
-0.51489 0.051867 0.913583 169 116 48
0.591939 -0.128115 1.1889 124 64 44
-0.205433 -0.170221 1.34874 83 44 26
-0.172532 -0.194286 1.37109 140 95 71
-0.3944 0.161431 1.09171 142 121 110
0.0207501 0.0659547 1.30478 122 76 50
-0.477929 0.182967 1.05415 127 66 38
-0.397918 -0.182128 1.20151 60 26 16
-0.423821 -0.107535 0.917994 161 146 127
0.0167979 0.0731099 1.32338 116 72 47
-0.303313 -0.0613404 1.17176 120 72 52
-0.3332 -0.212339 1.14672 170 96 70
-0.00381936 0.097889 1.13944 133 110 96
-0.231694 -0.185524 1.31789 130 104 78
-0.405017 0.0490517 0.977313 128 16 18
0.527959 -0.0607438 1.23144 164 125 104
0.641452 -0.40959 1.20428 20 20 15
-0.282698 -0.208099 1.19578 127 97 66
-0.360517 -0.141961 1.19798 164 115 92
-0.174491 -0.124526 1.12358 140 94 64
-0.412919 0.0461645 0.988388 124 16 17
-0.475789 -0.0616244 0.926118 138 15 18
-0.449004 -0.0849366 0.935472 118 40 26
0.0811455 0.155579 1.11831 152 27 28
0.341579 -0.012669 1.38282 140 130 102
0.390186 -0.256746 1.12588 163 160 113
-0.414508 0.117126 1.02818 112 29 30
-0.443257 -0.0375111 0.907699 129 17 22
0.589789 -0.179182 1.21353 148 84 58
0.51519 -0.12664 1.16592 10 8 9
0.473189 -0.231723 1.27511 126 89 58
-0.386738 -0.253099 1.14665 100 59 40
-0.424222 0.0628532 0.965547 44 38 48
-0.436333 -0.129844 0.920156 162 148 130
-0.203258 0.0942413 1.26687 101 58 40
0.552675 -0.0231697 1.24203 88 65 56
-0.445243 -0.0469406 0.91226 130 18 22
-0.430523 -0.126213 0.929852 162 148 128
-0.141905 -0.17984 1.28563 173 124 96
-0.402068 0.0157896 0.970615 122 22 16
-0.35852 -0.264575 1.13322 64 34 26
0.219118 0.102264 1.1356 108 43 34
0.470595 -0.141004 1.1881 131 104 88
0.556828 -0.154596 1.1652 142 76 50
-0.49121 0.0259383 0.946786 108 9 14
-0.254981 -0.0904342 1.1529 138 84 62
-0.436674 -0.12222 0.910958 162 147 127
0.518961 0.015793 1.23466 126 90 72
-0.422848 0.189403 1.05802 122 12 9
-0.254709 -0.00931475 1.2442 148 111 102
-0.377395 0.0214938 0.990183 150 116 94
-0.105347 -0.218938 1.26423 173 122 97
0.403984 -0.243688 1.28978 161 158 108
-0.124283 0.0759654 1.32587 182 132 108
-0.445292 0.0459511 0.958874 75 18 24
0.55153 -0.115883 1.1835 60 46 50
-0.373322 0.191009 1.0873 142 120 110
-0.331986 0.0974259 1.23787 129 81 64
0.471512 0.128738 1.27711 176 150 145
0.564095 -0.341404 1.10716 109 44 30
-0.422674 0.0191196 0.962331 124 14 14
-0.362875 -0.0863831 1.20583 69 30 23
-0.130292 -0.306651 1.26409 133 82 63
0.472589 0.0539394 1.20633 164 133 122
-0.476919 0.00702229 0.973568 66 17 40
0.453027 -0.0976407 1.26975 116 106 77
-0.457328 -0.0513827 0.918806 136 16 20
-0.465985 0.023022 0.956991 110 8 12
-0.453254 0.0887021 0.992004 62 54 65
-0.289977 -0.0145498 1.23502 137 90 75
0.40029 -0.206185 1.29805 150 148 100
0.349844 -0.0381554 1.3164 149 139 114
-0.444889 0.202676 1.04728 120 10 13
-0.417554 0.233495 1.04765 132 14 18
-0.411973 0.0904337 1.01264 118 27 30
0.470792 0.0320576 1.19891 116 72 50
0.571009 -0.238915 1.08763 137 108 92
-0.0714116 0.093077 1.2783 130 78 54
0.0465302 0.12854 1.17167 126 52 44
0.449564 -0.077529 1.236 108 92 64
-0.365575 -0.0759243 1.22581 61 20 5
-0.454019 0.122766 0.993096 122 20 21
-0.467218 -0.0515293 0.925746 138 14 18
0.146632 0.0656488 1.05657 138 26 20
-0.47991 0.0417773 0.932287 124 14 17
-0.457981 0.0324484 0.954651 119 12 14
-0.380421 -0.0880714 1.19756 68 24 14
-0.38928 -0.0699369 0.94655 159 144 124
-0.456088 0.039846 0.938337 123 18 20
-0.397553 -0.109288 1.18977 93 49 32
-0.353827 0.179338 1.12786 146 126 116
-0.387185 -0.263139 1.15109 79 44 25
0.585933 -0.357727 1.1222 100 62 42
0.57092 -0.284952 1.07162 178 161 158
-0.360252 -0.219542 1.13845 36 10 6
0.38234 0.102049 1.32755 92 64 49
-0.439607 0.113268 1.00507 112 30 34
0.320115 -0.0302814 1.46442 152 141 118
-0.269774 -0.0351 1.23621 116 70 57
-0.381257 -0.208382 1.15745 56 25 16
-0.402923 -0.208655 1.17778 68 32 19
-0.500471 0.0156372 0.940051 112 10 10
0.601407 -0.373037 1.15735 54 19 8
-0.402429 0.218679 1.04317 130 12 15
0.456836 -0.314938 1.04644 114 54 38
-0.16794 -0.264294 1.31973 148 145 94
-0.285383 -0.0425829 1.17739 102 54 31
-0.381405 -0.288941 1.16892 67 37 22
-0.465709 -0.0670263 0.937079 126 12 14
-0.385814 -0.0447779 1.05853 155 140 120
0.448945 0.0108182 1.25965 100 61 38
0.164921 0.0331324 1.12444 134 26 20
-0.376741 -0.280574 1.16149 80 44 28
0.409097 -0.253855 1.32516 160 158 108
-0.062586 0.100533 1.26588 132 82 60
-0.413725 -0.151603 1.18693 74 32 18
-0.48269 -0.0868055 0.941405 63 50 70
-0.292908 -0.320915 1.13067 150 146 94
0.298178 -0.0754823 1.36572 154 143 120
-0.353849 -0.384707 1.33934 149 144 93
-0.270417 -0.319773 1.23828 150 147 96
-0.0321487 0.132101 1.17152 160 134 122
0.401333 0.218812 1.33826 164 144 137
-0.955562 -0.719934 2.01522 148 142 90
-0.205156 0.148599 1.20071 164 138 130
-0.321736 -0.392546 1.24387 148 144 93
-0.817517 -0.524195 1.78658 151 144 96
-0.440392 -0.128613 0.913924 160 148 122
-0.462913 -0.0357717 0.919667 121 12 19
-0.42729 -0.0916207 0.923684 161 148 128
0.472605 0.102071 1.22407 118 50 53
0.126454 0.174798 1.16931 157 24 23
-0.431566 -0.0890248 0.932336 162 146 124
-0.00546502 -0.162724 1.26362 102 62 43
0.589659 -0.128436 1.18334 166 102 73
0.505676 -0.334817 1.06749 120 44 28
0.583227 -0.228569 1.25481 142 106 91
-0.455076 -0.116072 0.906319 93 88 96
0.0728015 0.181838 1.15033 148 33 32
0.601911 -0.268382 1.08354 170 150 142
-0.297294 -0.218663 1.15918 112 70 46
0.533677 -0.405562 1.12458 129 8 10
0.636616 -0.264855 1.10805 148 130 115
-0.39781 0.0988881 1.03084 160 138 122
-0.378866 0.00996784 0.979574 147 105 48
0.400047 -0.244506 1.09987 150 140 92
0.341874 0.021584 1.38574 135 122 95
-0.205802 0.0648967 1.29357 100 52 39
-0.461081 0.158747 1.04285 109 46 22
0.466643 -0.263981 1.04952 165 140 133
0.341105 0.00924362 1.34045 134 124 94
-0.321068 0.079437 1.24241 124 74 54
-0.299687 0.0116669 1.21663 147 99 82
-0.328351 0.0010122 1.04353 162 128 106
0.522091 -0.254026 1.04473 137 120 112
-0.429492 0.0642252 0.987216 113 60 58
-0.435877 0.0855175 0.998727 119 18 20
-0.42545 -0.106351 0.92165 161 148 125
-0.320016 -0.0322448 1.06114 164 130 106
-0.347128 -0.260077 1.1366 166 110 92
-0.299951 -0.211896 1.19747 109 74 40
0.612553 -0.297416 1.07768 170 147 139
0.579155 0.0490657 1.22058 184 163 156
-0.38832 0.11548 1.07961 159 136 121
0.109194 0.0403232 1.10091 94 24 13
0.372276 -0.312076 1.09515 146 126 110
0.412924 0.108313 1.28896 174 148 138
-0.171426 -0.19257 1.36686 158 110 81
0.577027 -0.283797 1.06232 173 150 144
0.517717 -0.47919 1.12028 152 146 93
-0.352279 -0.292581 1.15129 47 26 12
0.0930758 0.0752531 1.06662 142 25 21
-0.434716 0.0670545 1.33393 157 107 81
0.585984 -0.248991 1.08211 174 153 146
0.151392 0.0804746 1.0774 133 24 16
0.676911 -0.405672 1.21268 96 83 68
-0.374308 0.0575941 1.26891 176 128 106
-0.446603 -0.00346211 0.959784 104 10 11
0.530586 -0.462338 1.12009 128 92 56
-0.409165 0.202724 1.061 130 14 16
-0.0385025 0.055402 1.2866 160 114 95
-0.204534 -0.167668 1.34799 76 42 18
-0.186772 -0.110964 1.13148 154 106 84
0.118224 0.0450043 1.09859 106 32 21
-0.0232759 0.0846201 1.21321 118 72 44
0.430999 -0.299726 1.03758 163 125 106
0.455622 -0.31374 1.04262 126 82 60
0.475932 -0.408172 1.1318 159 139 108
0.0835178 0.0756925 1.06379 144 25 22
0.547809 0.129476 1.26122 180 156 150
-0.361738 -8.47903e-05 0.999733 157 98 47
0.469529 -0.129086 1.19812 148 130 111
-0.257521 -0.0855543 1.16277 162 102 84
0.20622 0.107299 1.12096 122 54 51
0.14508 0.0216275 1.13532 126 31 19
0.549721 0.0249307 1.2426 141 106 90
-0.479813 -0.0670763 0.945916 133 14 15
-0.208712 0.117511 1.26533 86 54 47
0.591628 -0.341701 1.13109 154 122 106
-0.0925517 -0.101081 1.25533 125 81 62
-0.0310173 -0.164656 1.26849 94 52 38
-0.360921 0.00403105 1.04161 140 16 20
-0.352745 -0.221472 1.13528 153 94 75
0.00399913 0.124814 1.14903 138 112 102
-0.162411 0.0707342 1.31348 144 91 66
-0.434559 0.12973 1.0426 148 94 46
0.101496 0.031143 1.11249 113 40 25
0.462843 -0.259233 1.07456 170 144 135
-0.365704 -0.0433318 1.05217 158 134 113
-0.247599 -0.0297794 1.24546 143 102 89
-0.0837063 -0.105589 1.21621 151 108 90
0.690622 -0.373964 1.17666 87 70 52
0.578794 0.112889 1.26155 179 158 152
-0.391292 -0.0361942 0.995078 160 144 123
-0.384606 0.216945 1.06791 138 115 105
0.536147 -0.432204 1.10287 128 42 25
0.0282812 0.128653 1.1511 157 129 118
-0.132532 -0.277529 1.26908 171 105 80
-0.0984038 -0.0575967 1.29092 188 141 118
-0.282941 -0.0140635 1.23803 141 94 78
-0.52959 0.0801926 0.96627 146 106 72
-0.335913 -0.193826 1.14972 52 10 2
0.393419 -0.434426 1.23921 120 90 58
0.342431 -0.407625 1.20388 146 144 92
0.581867 0.0311259 1.23271 94 48 23
-0.0412971 0.0672743 1.29496 160 113 92
0.507463 -0.270512 1.13835 152 126 118
0.554158 -0.135231 1.17724 31 16 14
0.532409 -0.462001 1.10332 116 61 32
0.579014 -0.362866 1.13693 63 38 22
-0.115569 -0.0467368 1.29992 178 129 107
0.0691911 0.0764149 1.09956 138 23 18
-0.108117 0.0348139 1.3289 178 128 105
-0.379207 0.164301 1.20144 148 122 109
-0.404077 0.0108109 0.980948 134 64 28
-0.462459 0.0993337 0.988769 114 22 23
0.164493 0.0678144 1.05437 146 26 22
-0.48828 0.0770628 0.941156 126 14 16
0.596465 -0.293717 1.07888 172 151 142
0.54158 -0.418217 1.12391 125 36 22
-0.310143 0.130312 1.22407 100 56 40
0.636228 -0.217976 1.22278 148 145 96
-0.417728 -0.249784 1.17278 75 44 28
-0.0485834 -0.17275 1.24636 138 94 75
0.482266 -0.376417 1.13125 125 8 8
-0.138138 -0.241526 1.26594 146 141 90
-0.423203 -0.120634 0.984129 161 148 124
0.451452 -0.433216 1.13971 154 148 97
-0.0609116 -0.00420595 1.33039 176 133 116
0.337379 -0.0833413 1.37124 152 142 120
-0.0391073 -0.059636 1.31546 160 119 100
-0.107033 -0.0107008 1.31863 185 136 114
0.412244 -0.44572 1.25001 158 140 122
-0.304278 0.138863 1.20025 142 112 104
0.0247992 0.150816 1.15986 152 125 112
-0.146013 -0.258473 1.2904 146 144 92
-0.414494 0.23224 1.04934 132 13 14
-0.416972 -0.11064 0.972357 162 148 126
-0.193444 0.131997 1.29669 161 132 125
0.551538 -0.417311 1.12146 68 9 10
-0.360546 -0.310045 1.16935 54 32 14
0.449672 0.163887 1.27584 174 151 144
-0.386114 0.23489 1.05743 160 138 130
0.394639 -0.440726 1.19967 99 74 34
0.339975 -0.457623 1.20055 150 146 94
-0.31852 -0.319657 1.17706 150 144 92
-0.346207 -0.318645 1.16801 144 134 88
0.11656 -0.516006 1.5206 146 143 90
0.539132 0.175812 1.26616 170 150 144
0.0231572 -0.440965 1.32563 147 144 94
0.365106 -0.497782 1.24741 150 146 94
0.426925 -0.487974 1.09253 151 146 94
-0.0822941 0.178562 1.10948 166 142 132
0.364725 -0.508199 1.24541 148 146 92
0.459001 0.282407 1.43615 166 147 138
-0.333731 -0.446331 1.18854 148 142 90
-0.27554 -0.0863883 1.14662 137 80 55
0.462716 -0.0722556 1.20126 134 106 80
0.46023 0.0852901 1.21878 190 163 158
0.433805 0.0440904 1.22397 179 150 141
-0.416921 0.09466 0.992312 81 53 56
-0.00509564 -0.194798 1.25832 108 63 42
-0.392611 0.158749 1.07765 152 132 118
0.449688 -0.244166 1.05444 166 136 126
0.479924 0.102064 1.22885 121 28 36
-0.142173 0.0903926 1.31971 134 82 56
0.519371 -0.0647245 1.23406 180 144 123
0.492563 0.0223764 1.19782 146 113 100
-0.319007 -0.213546 1.1741 132 76 59
0.480361 -0.136492 1.18618 155 129 112
0.0058797 -0.195235 1.26213 108 66 43
0.613441 -0.225 1.2882 103 56 42
0.469653 0.0201656 1.20503 113 72 54
0.438896 -0.232858 1.11529 132 100 64
-0.0163154 -0.171459 1.25448 46 16 11
0.378893 -0.272168 1.08388 123 94 66
0.520312 -0.0794009 1.20028 186 156 138
-0.238744 -0.00389684 1.23264 144 102 86
-0.338583 -0.162681 1.19731 139 92 70
0.116459 0.0557836 1.10417 128 28 20
-0.410735 0.0324474 0.978556 122 21 16
-0.436378 -0.103504 0.916377 163 148 126
0.518845 -0.272341 1.12803 146 120 112
-0.430896 -0.101248 0.951571 160 147 124
0.623769 -0.303533 1.07571 146 114 98
-0.428058 0.246367 1.02804 121 58 55
-0.162935 0.0255827 1.32971 180 130 107
0.458395 -0.40244 1.13889 159 140 110
0.0586879 0.0480728 1.08412 76 19 14
-0.255442 -0.0141463 1.23971 147 106 95
0.635945 -0.27005 1.11446 158 140 127
0.62216 -0.223906 1.28574 74 31 18
-0.371795 0.19321 1.08734 144 122 110
0.578403 -0.273367 1.06502 181 161 157
-0.0592187 -0.350385 1.25132 58 34 19
-0.106803 0.0751592 1.31418 156 102 80
0.589251 0.0601517 1.2249 181 157 148
-0.0924234 -0.0148307 1.29759 196 151 126
-0.383538 0.0411376 0.993714 156 138 120
0.493667 -0.364846 1.10022 126 7 8
0.496535 -0.383572 1.12365 125 8 8
0.552239 0.100772 1.24268 185 157 154
-0.436258 -0.00964938 0.931077 114 11 13
-0.0936313 -0.0350703 1.30016 190 146 122
-0.00219787 -0.208028 1.25683 34 12 5
0.48538 -0.195648 1.15786 117 110 93
0.681108 -0.362655 1.17682 126 99 72
0.42957 -0.234782 1.08741 136 102 60
-0.223557 -0.0916547 1.12403 100 46 24
0.10186 0.0810862 1.06452 142 24 22
0.479286 0.0696048 1.21622 181 157 151
0.379911 -0.166615 1.24003 156 137 102
-0.280951 -0.0553608 1.15456 147 92 72
-0.317316 -0.257954 1.16755 148 92 70
-0.161552 -0.027713 1.32052 164 112 88
-0.336073 0.131837 1.23702 100 54 32
-0.389156 0.150088 1.15155 158 136 120
0.545427 -0.455281 1.1299 116 62 34
0.61382 -0.215286 1.28956 100 48 34
-0.0743398 0.0418722 1.32239 178 128 106
-0.398203 -0.0425112 0.940637 162 148 128
0.236615 -0.362357 1.87338 124 122 74
-0.0392094 0.033833 1.30973 160 118 100
0.440105 -0.30497 1.02961 138 98 82
0.414742 -0.299719 1.04532 134 95 75
-0.206679 0.0305014 1.29822 104 52 38
0.328471 -0.052404 1.38918 152 141 118
-0.278546 0.103972 1.2682 132 82 57
0.223772 -0.318429 1.91925 112 112 70
-0.214272 -0.00479827 1.26795 135 90 76
-0.298869 0.133437 1.21226 122 84 68
0.343046 -0.387152 1.20781 143 140 88
0.494694 -0.481672 1.12455 154 148 94
0.017974 -0.00879168 1.34661 162 122 100
0.635606 -0.217588 1.2147 146 135 94
0.143709 0.193111 1.15494 138 90 89
0.207881 0.147349 1.13753 152 112 99
0.645777 -0.229691 1.21539 140 119 74
-0.0389904 -0.0551375 1.31845 162 120 100
-0.470302 0.140636 0.978103 129 50 20
-0.148797 -0.232054 1.30038 132 110 68
0.636446 0.0445806 1.26225 168 148 140
0.366131 0.0998771 1.32177 130 109 94
-0.366617 -0.300051 1.16825 70 44 26
0.097472 -0.00864233 1.44723 149 138 116
-0.391617 -0.0896071 1.03991 160 146 126
0.528168 0.165777 1.2812 164 138 130
-0.196225 -0.298101 1.24764 150 145 92
-0.315878 0.191023 1.21144 164 140 130
-0.136992 -0.338077 1.24754 67 42 18
-0.255564 -0.364618 1.24144 149 144 92
0.109441 0.301801 1.2897 168 140 137
-0.0253372 -0.218443 0.637713 150 145 94
0.155461 -0.550924 1.59166 146 142 93
-0.44499 0.173674 1.0405 133 11 14
-0.42514 -0.0175995 0.929906 116 12 12
-0.431941 0.171882 1.08689 136 86 76
-0.160584 -0.135813 1.11083 109 70 34
-0.132049 -0.096864 1.15775 156 105 92
0.533867 -0.443023 1.13582 128 42 27
-0.215583 -0.129747 1.14916 129 84 52
0.154478 0.140694 1.10697 89 71 64
0.522568 -0.269883 1.1517 125 98 90
0.428616 0.0680661 1.28298 144 118 112
-0.335851 -0.211156 1.15037 166 92 68
0.649513 -0.300947 1.11277 144 112 96
-0.134679 0.0364312 1.29873 202 160 138
-0.438444 -0.052226 0.921992 125 16 19
-0.428536 0.0772376 0.981637 102 47 49
-0.429797 -0.118665 0.920203 162 148 126
0.535438 -0.0658744 1.21062 150 124 108
-0.092626 -0.047706 1.27344 194 150 126
-0.430793 -0.113844 0.9207 162 148 125
0.474843 -0.317904 1.06118 149 110 92
-0.379965 0.00908603 1.01754 150 106 54
0.214325 0.0822439 1.15398 154 84 74
0.498734 -0.193421 1.1658 154 128 113
-0.403888 -0.0467329 0.93171 162 148 128
0.653017 -0.288834 1.12971 158 140 130
-0.172972 0.0252303 1.29806 143 90 70
-0.439342 0.199423 1.0303 118 8 12
-0.164889 -0.129667 1.13097 159 110 84
0.412478 -0.401218 1.23832 107 80 54
-0.396508 -0.0257699 0.987137 160 144 120
0.562243 -0.11864 1.2053 84 58 55
0.476069 -0.232197 1.18798 158 156 103
-0.0393806 -0.0669635 1.29464 162 121 102
-0.183727 -0.12843 1.1156 111 73 42
-0.295385 -0.00572924 1.25076 142 94 77
-0.348485 -0.215428 1.15224 174 109 85
-0.466659 -0.0736916 0.933502 126 14 12
0.537112 -0.372215 1.1202 122 11 10
-0.149741 -0.000198068 1.30698 183 134 108
-0.223054 0.0401959 1.25958 148 102 85
0.532077 -0.0363995 1.2342 100 77 65
-0.404638 0.0844092 1.02561 162 140 122
0.462924 -0.388887 1.14107 117 16 11
-0.470896 -0.0630433 0.925005 140 16 17
0.531131 0.0360754 1.21653 127 80 56
0.484471 -0.442915 1.13223 154 150 98
-0.438245 0.0593339 0.96898 21 18 34
0.623365 -0.269682 1.09287 133 126 114
-0.240771 -0.037242 1.3078 138 94 78
-0.0416085 0.088009 1.30481 126 74 50
0.477527 -0.400104 1.13338 116 42 24
0.554077 -0.385424 1.10519 56 20 11
-0.241878 0.0349748 1.25133 154 112 98
0.0846476 0.0615892 1.07024 119 29 22
-0.0186335 0.0892594 1.16131 123 78 53
0.455494 -0.03324 1.24505 131 104 87
-0.43552 0.108736 0.99737 128 14 15
0.591488 0.0322963 1.2436 94 48 24
-0.43863 -0.0565311 0.945022 119 16 13
-0.24207 -0.146967 1.18775 128 88 63
-0.392742 0.0746061 1.0224 162 141 124
-0.144149 0.011402 1.30457 192 144 122
-0.400558 -0.0483259 1.05003 160 146 124
0.445407 -0.382539 1.14807 128 81 58
0.417481 -0.33524 1.10721 116 61 41
0.330057 -0.235384 1.2813 130 128 80
-0.0633226 -0.159024 1.21376 160 122 102
0.613447 -0.196974 1.13349 135 129 88
-0.411248 -0.115629 0.936541 162 149 126
-0.0651449 0.105791 1.24276 144 92 62
0.64013 -0.253429 1.10592 160 140 124
0.482406 0.154308 1.27054 152 116 105
-0.199711 0.128438 1.27886 140 111 104
0.552527 -0.420633 1.09557 12 10 6
0.496842 -0.475597 1.1005 154 150 96
-0.437656 0.274005 1.05108 163 134 128
0.601611 -0.184258 1.11795 117 106 78
-0.407979 0.240668 1.04284 140 72 68
0.535942 -0.476785 1.09616 167 110 76
-0.442392 0.326413 1.12843 164 140 131
-0.0673904 -0.423825 1.37595 150 148 98
0.751027 -0.0312041 1.33288 150 140 119
0.577419 0.210154 1.34866 169 149 141
-0.254856 0.201828 1.2626 166 140 132
-0.27522 -0.143562 1.20159 136 96 75
-0.424812 -0.115378 0.924351 161 148 125
-0.327413 -0.0372263 1.06922 156 139 116
0.445361 -0.156319 1.29458 74 42 24
-0.253794 -0.190948 1.20293 130 90 61
-0.116769 -0.106381 1.18546 97 46 27
-0.42727 0.196118 1.08277 124 19 17
0.354715 -0.352385 1.14884 137 137 84
0.390961 -0.332435 1.1223 158 129 117
0.403513 -0.395414 1.22121 126 102 78
0.000829125 0.024563 1.33589 178 130 111
-0.479101 0.0362321 0.911481 123 12 14
-0.127616 -0.122213 1.16408 80 39 24
-0.22633 0.00545692 1.20956 142 100 84
-0.511975 0.0420974 1.03378 120 17 18
0.391833 -0.387002 1.24158 123 90 62
-0.276738 -0.215985 1.19937 130 99 61
0.573935 -0.249813 1.24325 139 112 98
-0.421817 -0.121294 0.916527 162 148 126
0.478067 -0.145445 1.18244 160 143 123
-0.213956 -0.111301 1.10254 159 104 74
-0.253091 -0.183396 1.29374 113 71 46
-0.155859 -0.0725432 1.18965 152 100 85
0.468721 -0.0498439 1.2025 172 104 74
-0.357366 -0.153656 1.1753 159 109 84
0.384349 -0.373295 1.22337 148 126 104
-0.411283 0.0372841 1.28131 158 110 84
0.0134473 0.0738621 1.25775 110 40 24
-0.0101474 0.044264 1.37286 140 72 53
-0.183484 -0.0654449 1.20683 110 59 42
-0.360563 -0.00286559 1.01362 137 11 14
-0.416586 0.150313 1.08233 154 132 118
-0.21878 -0.183792 1.32259 159 143 116
-0.185437 -0.0825477 1.12281 120 70 42
-0.0169806 0.083252 1.2388 102 57 27
-0.475624 0.0148599 0.946024 103 4 6
-0.356834 0.180224 1.09941 144 122 109
0.53267 0.137958 1.29036 172 150 146
-0.212515 -0.126861 1.12308 120 78 45
0.449712 -0.410431 1.18906 156 140 112
-0.192294 -0.132956 1.14007 110 70 36
-0.339755 0.0169481 0.95575 160 142 122
0.449603 -0.133126 1.36257 111 84 62
0.42268 -0.408189 1.22836 146 130 110
0.415819 -0.403416 1.22579 128 109 91
-0.342187 0.088504 1.23689 131 80 61
-0.206317 -0.117177 1.1102 162 110 86
-0.263089 -0.067929 1.12953 176 114 92
-0.38118 0.158622 1.11911 150 128 112
-0.297918 -0.151049 1.18998 152 108 90
-0.457653 0.113018 0.983675 29 16 28
0.410375 -0.428153 1.30557 135 114 93
0.385828 -0.385617 1.2147 104 64 28
0.476959 -0.232513 1.1825 150 146 96
0.355514 -0.313302 1.10521 140 136 89
-0.373119 0.00920145 1.03828 129 14 10
-0.268784 -0.0523685 1.14957 166 106 88
-0.386885 0.0393721 1.31038 173 125 104
0.000811645 0.0378798 1.25857 112 64 42
-0.0546503 -0.139417 1.2262 130 88 70
-0.347209 -0.0827696 1.21125 126 80 62
-0.181823 -0.0870081 1.16469 104 56 32
0.342739 -0.321846 1.1879 140 138 88
-0.0735199 -0.127726 1.21186 152 114 95
0.448732 -0.236874 1.11217 150 135 96
0.36459 -0.310355 1.20233 136 134 86
-0.461866 0.10849 1.07573 88 36 39
-0.478776 0.0573992 0.945039 115 23 23
0.0292418 0.14539 1.16379 156 72 67
-0.460822 0.240965 1.2005 136 112 99
-0.243619 0.0430701 1.45031 88 36 24
-0.342284 0.0293328 1.24575 152 103 84
-0.413556 0.118752 1.07955 158 136 118
-0.421672 -0.202901 1.09508 124 119 78
-0.447546 0.0137198 1.03408 126 58 18
-0.490693 0.23455 1.15241 130 10 12
-0.503434 0.151305 1.06035 146 95 74
-0.465355 0.119311 1.00328 54 27 33
-0.40258 0.20798 1.10066 138 115 101
-0.42556 -0.154513 1.22032 56 20 13
-0.361284 0.192561 1.05423 141 120 104
-0.542448 0.0623129 1.04665 102 42 41
-0.387579 0.173087 1.11639 142 122 106
0.413833 -0.198913 1.25259 157 126 96
-0.513593 -0.00535472 0.957603 22 22 64
-0.458617 0.108194 0.983504 46 28 38
-0.155292 -0.046489 1.15393 55 20 10
0.135392 0.190098 1.17757 145 30 27
-0.41882 0.00141906 1.08265 154 106 47
0.3684 -0.449413 1.29643 140 136 84
0.0250103 0.14235 1.12533 154 124 111
-0.308147 0.159694 0.989954 143 121 108
-0.339873 0.147407 1.18374 142 112 100
-0.221599 -0.163733 1.17585 100 54 32
0.324028 -0.340195 1.09384 139 136 86
0.439024 -0.400002 1.1848 155 139 114
-0.41074 -0.239531 1.1725 52 24 16
-0.339117 0.159798 1.18312 146 118 106
-0.369084 0.154773 1.15267 150 128 112
-0.334998 0.163871 1.1318 150 127 113
-0.0512926 -0.0270288 1.22533 171 128 111
-0.0203524 0.122895 1.20361 158 134 126
-0.266621 -0.239221 1.22204 146 142 89
-0.403328 0.23496 1.03577 122 14 13
-0.419329 0.0710628 1.14247 158 138 120
0.392734 -0.494499 1.36787 144 140 92
0.560945 -0.578098 1.35647 148 146 92
-0.727021 -0.214861 1.46701 158 146 122
-0.421991 0.214348 0.961248 132 12 12
-0.0257671 -0.353481 1.22062 150 146 96
-0.508922 -0.489395 1.1612 151 144 92
-0.490373 0.273245 1.08079 122 20 18
0.293863 -0.488397 1.39195 138 134 84
-0.492959 0.345364 1.27841 163 140 130
-0.374229 0.265229 1.21466 162 140 130
0.402854 -0.462321 1.16755 144 141 89
-0.516892 0.346745 1.32984 163 140 131
0.389926 -0.539401 1.47064 144 140 89
0.26755 -0.392458 1.19027 139 136 86
0.404682 -0.463526 1.13068 146 143 89
-0.168696 -0.381665 1.28012 150 144 92
-0.312612 -0.411637 1.28035 148 142 89
-0.476086 -0.602222 1.25869 150 143 88
-0.27648 0.313396 0.979867 162 142 132
0.0379745 0.327877 1.29175 164 139 136
-0.158097 -0.41728 1.19866 148 142 90
-0.125519 0.246246 1.23734 165 142 134
0.391048 -0.476568 1.16598 146 142 90
0.388229 -0.413588 0.860195 146 142 89
-0.614639 -0.588674 1.12996 152 146 92
-0.0969857 0.287386 1.38649 163 138 133
-0.472569 0.402263 1.23996 163 140 132
-1.10587 0.762725 2.01142 168 145 138
-0.373076 0.0332529 0.916139 119 16 10
0.391887 -0.395402 1.2157 123 96 70
0.601374 -0.234781 1.2749 64 24 14
-0.41231 -0.229549 1.21072 30 12 7
0.523705 -0.246652 1.21159 146 112 98
-0.146799 -0.154981 1.27533 136 89 57
0.553597 -0.251572 1.25016 146 110 96
-0.213024 -0.181883 1.332 115 84 58
0.522099 -0.293302 1.01464 59 45 44
-0.214596 -0.0490056 1.02609 149 94 75
-0.229787 -0.176223 1.30759 92 56 23
-0.235087 -0.195285 1.32746 159 147 122
-0.38804 0.159479 1.14751 152 130 114
-0.476475 -0.0149087 0.956955 120 14 17
-0.111277 -0.119918 1.12111 72 28 10
0.354146 -0.315838 1.20465 142 139 88
0.506833 -0.276248 1.03357 108 82 70
0.544446 -0.230044 1.22795 156 128 120
-0.39754 0.0694265 1.28719 182 136 112
-0.348929 -0.0230461 1.11782 158 138 114
-0.1891 0.0743787 1.35804 118 62 38
-0.401563 0.198987 1.21053 146 124 110
-0.230385 -0.18393 1.20652 110 68 41
-0.215797 -0.0528579 1.09206 164 109 90
-0.00109523 0.0409462 1.37171 170 118 98
-0.438901 0.0830683 1.40455 174 126 104
-0.315978 -0.0762068 1.11568 136 90 72
-0.241134 -0.17533 1.27232 132 89 64
-0.398883 -0.0493489 0.96637 162 146 126
-0.408316 -0.213901 1.21972 35 13 7
-0.488467 0.0559312 0.995267 58 42 47
-0.250288 -0.210744 1.30715 124 120 72
0.625985 -0.145426 1.19793 148 128 115
-0.399691 -0.0581789 0.962537 162 148 126
0.348185 -0.30186 1.09844 142 140 90
-0.0809376 0.00656253 1.21263 200 152 124
0.511404 -0.360193 1.09355 126 8 9
-0.191891 -0.151725 1.3007 92 56 32
-0.142319 -0.0931524 1.0543 126 76 55
0.211368 -0.32628 1.94451 112 110 70
-0.469358 -0.0245182 1.01206 114 24 14
-0.449325 0.147156 0.990317 154 134 118
-0.161878 -0.106904 1.09451 143 93 71
0.0569649 0.128603 1.06083 158 26 24
-0.454145 0.0445058 0.892076 124 12 13
-0.162032 -0.150756 1.28183 117 76 50
-0.361833 -0.0500902 1.14616 158 140 118
0.465181 -0.42897 1.01433 152 148 95
-0.390325 -0.043894 0.882609 128 70 60
-0.361078 0.0634381 0.970136 160 140 124
-0.251152 -0.212729 1.29202 124 120 72
-0.255873 -0.0848336 1.04738 116 68 42
-0.219339 -0.178868 1.24776 124 92 62
0.380618 0.00917855 1.26694 171 141 126
0.353626 -0.217507 1.25733 111 109 68
-0.47722 0.0236327 1.00924 119 12 14
-0.378772 0.147441 1.19111 154 126 114
-0.376558 -0.0276756 1.29562 178 128 102
-0.347068 -0.144642 1.22295 154 110 86
0.580657 0.0101653 1.25849 142 108 93
0.330393 -0.28364 1.33846 115 114 71
-0.404601 0.032544 1.307 158 109 86
-0.104797 -0.00974982 1.17798 194 148 126
-0.433852 -0.0570058 0.919073 117 13 12
-0.275758 0.0047339 0.914287 158 137 115
-0.26781 -0.21941 1.25497 134 120 76
0.328659 -0.390864 1.69502 123 120 75
-0.400969 -0.207301 1.19016 42 18 8
-0.356712 -0.00631816 1.24178 180 133 110
-0.0399243 -0.338663 1.12913 59 42 14
0.347694 -0.459472 1.40294 140 137 88
0.368915 -0.493684 1.44541 141 138 86
-0.423119 -0.0401475 1.42466 158 112 86
-0.330552 -0.783168 1.74028 148 142 90
0.219163 -0.401475 1.8754 135 133 84
0.0718159 0.217811 1.20829 96 68 66
-1.57741 -0.386787 2.42807 126 121 74
-0.483635 -0.13116 1.23154 160 147 123
0.256088 -0.372401 1.6031 134 132 83
-0.362852 -0.0821414 1.12155 114 64 46
-1.05288 -0.314954 2.1904 154 144 114
-0.184849 -0.547129 1.64779 148 142 90
-0.19067 -0.532536 1.67167 148 142 91
-0.180511 -0.257151 1.32864 146 140 90
0.121999 0.00460856 1.45089 152 136 116
-0.348178 0.21227 1.01413 154 130 117
-0.444233 -0.259241 1.20071 88 54 40
0.469388 -0.487066 1.3503 152 142 96
-0.236286 -0.268049 1.37686 146 142 90
0.238031 -0.213669 1.75878 122 116 88
-0.335799 -0.76305 2.18615 145 139 88
0.293207 -0.427751 1.52292 140 137 87
-0.434401 -0.108501 1.01213 162 147 126
0.331262 -0.422455 1.19948 140 136 84
-0.412568 0.0863109 0.815496 150 81 72
-0.227959 -0.318151 1.18306 150 146 94
-0.602951 -0.189894 1.37029 162 150 126
-1.28684 -0.393913 2.28577 136 130 80
-0.214363 -0.525714 1.64577 147 142 92
-0.242538 -0.62061 1.75571 145 139 88
0.129736 -0.519318 1.79562 138 136 84
0.150588 -0.424095 1.47333 140 136 86
-0.549255 -0.145739 1.22255 160 148 126
-0.137946 -0.458207 1.29626 145 139 88
0.330462 -0.513461 1.77443 140 137 86
-0.125683 -0.41079 1.31567 150 144 92
-0.416352 0.278675 1.25968 162 140 130
-0.488174 -0.749215 2.09247 146 141 88
0.257789 -0.337556 1.17011 139 136 88
-0.371713 0.0871523 0.769815 132 26 26
0.0373824 -0.29458 0.850002 146 142 90
-0.239106 -1.44775 4.87828 145 142 91
0.0164575 -0.568841 1.55167 146 142 92
0.492187 -0.654701 1.50474 149 144 89
0.3209 -0.910455 2.39881 144 139 86
-0.476809 -0.46145 1.17409 150 143 90
0.401743 -0.405314 0.907269 150 146 94
-0.673237 -0.382322 1.47428 150 144 92
-0.586395 -0.506997 1.36353 149 143 88
0.0779668 -0.587209 1.64032 146 142 92
0.0567323 0.340146 1.53549 162 134 131
0.343041 -0.75441 2.03039 142 139 87
-0.363041 0.280404 1.55241 162 140 132
0.188775 0.22331 1.01747 166 142 136
0.0547989 0.561697 2.17287 165 140 136
0.0723002 -0.485871 1.72241 142 138 89
-0.107886 0.242291 1.40743 164 138 129
0.394296 -0.402571 0.902153 150 146 93
0.429275 -0.670054 1.62497 146 144 92
0.0614434 0.278259 1.05735 165 140 136
-0.179631 0.216958 0.87287 160 140 130
-0.333052 0.283147 1.36626 162 140 130
0.563794 0.107046 1.24329 179 158 151
0.364391 -0.0888007 1.33298 154 142 120
0.183078 0.0941151 1.10383 158 26 24
0.459796 -0.174935 1.27186 31 46 30
0.620033 -0.145594 1.22248 178 126 102
-0.331008 -0.226376 1.1392 170 100 76
-0.368067 -0.0015848 1.04968 137 14 15
0.545909 -0.244212 1.23542 152 122 112
0.435487 -0.0494361 1.24884 104 72 52
-0.250693 -0.115862 1.18629 152 100 68
-0.284916 -0.0760289 1.1758 160 100 80
-0.268955 -0.217002 1.21055 134 104 66
-0.144809 -0.0860919 1.15113 168 114 100
-0.447012 0.114367 1.03367 104 19 16
-0.317013 0.072226 1.23508 124 72 52
0.064649 0.105315 1.08381 162 25 24
-0.448336 0.170777 1.07097 122 12 12
0.570408 -0.236811 1.27147 152 128 118
-0.476257 -0.0509153 0.927469 135 14 16
0.0869122 0.153254 1.13872 132 114 106
0.498471 -0.299077 1.04508 164 138 126
-0.426298 -0.111547 0.905928 162 148 124
0.372065 0.0929562 1.31971 103 78 60
-0.381868 -0.0162328 1.00495 148 105 36
-0.453789 0.0349786 0.928601 118 16 18
-0.478086 -0.0221391 0.960818 77 11 28
0.493903 -0.054389 1.22042 160 117 93
-0.401334 -0.00978321 0.933775 88 10 5
-0.158642 -0.15126 1.22862 84 44 21
-0.382552 0.0851391 1.26256 184 137 113
0.605749 0.0601081 1.24043 180 152 144
-0.146153 -0.122111 1.15171 115 74 52
0.455198 -0.17604 1.28482 28 18 10
0.350307 0.0801952 1.31384 130 110 89
-0.271722 -0.138801 1.16204 140 97 80
0.513583 0.0428189 1.19943 130 82 58
0.160976 0.0742086 1.05748 152 26 22
0.52849 0.0291108 1.2303 104 62 36
-0.00168155 0.111452 1.16102 122 98 93
-0.473061 0.0418187 0.9863 104 24 26
-0.0708695 0.029698 1.32406 175 127 106
0.322451 -0.177542 1.21165 96 96 56
-0.189695 -0.0258748 1.1901 128 82 68
-0.480009 -0.0197271 0.949148 72 16 36
-0.3205 -0.0299783 1.22426 178 128 104
0.46418 -0.0165427 1.27563 110 91 77
-0.446695 -0.0529129 0.946699 116 14 12
-0.40002 0.0887778 1.00468 140 82 74
-0.343125 0.0372644 1.24482 160 112 94
-0.462491 0.161476 1.01137 136 88 72
0.430887 0.00398945 1.2563 98 56 30
-0.348913 0.0780372 1.283 128 78 58
0.157429 0.195353 1.20116 149 26 28
-0.308582 -0.0229434 1.09992 174 127 104
-0.419854 -0.217265 1.15422 70 36 18
-0.129976 -0.240809 1.25153 144 141 90
-0.244961 -0.291084 1.19305 151 147 94
0.471972 0.0587047 1.23806 163 128 115
-0.392023 0.206726 1.07032 135 110 97
0.328902 -0.178451 1.19392 100 100 58
-0.422816 -0.228809 1.18155 62 31 14
-0.2093 -0.204036 1.35367 139 132 96
-0.442244 -0.131977 0.900145 164 148 126
0.523123 0.0233187 1.23245 126 86 66
-0.394142 0.221863 1.07063 127 63 56
-0.474831 0.0884351 0.993845 62 52 64
-0.323006 -0.0508599 1.21083 120 72 49
-0.432131 -0.229238 1.17994 69 36 20
-0.457364 -0.22877 1.13771 142 136 89
-0.429207 -0.0705901 0.911419 116 16 14
-0.367771 0.134503 1.17432 158 124 111
0.0365267 0.158592 1.13741 153 109 98
-0.110484 -0.212514 1.28887 165 116 88
-0.259547 -0.217512 1.28894 131 122 76
-0.497465 -0.0150521 0.953449 22 20 54
0.156255 0.178365 1.16985 116 28 24
0.236609 0.0770022 1.16882 152 135 118
-0.415989 0.0765341 1.26779 134 86 66
-0.179051 -0.216854 1.32915 130 120 73
-0.414096 0.0834937 1.02828 141 78 69
-0.46756 0.158065 0.987234 138 88 31
0.620988 0.127036 1.29617 170 146 137
0.319736 -0.186634 1.23119 100 102 62
-0.406737 -0.231983 1.06515 143 136 90
-0.162236 -0.265809 1.26237 148 143 91
0.576259 -0.401789 1.10867 17 17 12
0.257443 0.113035 1.22558 122 104 92
-0.195398 -0.226802 1.31762 131 128 78
-0.398733 0.107763 1.11911 159 136 120
-0.241468 -0.22334 1.29139 130 127 78
-0.370028 0.224604 1.0363 162 139 128
-0.201874 -0.262437 1.33337 146 142 89
-0.429651 -0.0995731 1.10967 162 147 126
-0.275504 -0.291557 1.21692 150 145 90
-0.452978 0.289077 1.15272 160 134 126
-0.266712 -0.274603 1.36637 148 143 90
-0.488589 0.1044 0.941548 140 27 22
-0.403649 -0.24642 1.06582 110 98 60
-0.485087 -0.213561 0.971808 142 136 86
-0.448696 -0.241143 1.0029 150 144 94
-0.378776 -0.299092 1.08906 148 142 94
-0.202142 -0.313923 1.20808 148 144 92
0.279672 0.168147 1.22184 162 142 131
-0.212967 -0.330201 1.16266 149 144 90
0.505912 0.196471 1.30894 164 143 136
-0.525848 0.256525 1.08326 148 62 58
-0.49221 -0.298886 1.07678 151 145 95
0.375988 0.199694 1.3256 166 145 136
-0.415126 -0.289759 1.0033 150 144 94
-0.516053 -0.299477 1.0908 150 144 92
-0.382511 0.30437 1.06299 162 140 132
-0.660928 0.315731 1.16905 167 144 132
-0.546199 -0.224833 0.933245 150 144 94
-0.387876 0.0781153 1.27535 176 128 106
0.371247 -0.339971 1.1259 148 130 107
-0.414808 -0.195855 1.22211 52 24 16
-0.251255 0.037437 1.20812 152 106 90
-0.240364 -0.090264 1.11124 105 52 28
0.358266 -0.151787 1.23881 142 131 111
-0.337885 0.0395868 1.21162 172 124 103
-0.467139 0.0599607 0.928943 110 29 26
0.0675445 0.143322 1.10362 134 113 108
0.463303 -0.152797 1.24404 54 66 43
0.179588 0.0492875 1.11616 135 30 22
-0.381075 0.0303602 0.960238 150 114 80
-0.28512 -0.22385 1.26463 130 110 67
-0.472859 0.161106 1.0429 143 111 92
-0.366199 0.0115015 1.00636 154 121 83
0.285853 -0.312211 1.84422 122 120 76
-0.218083 0.0825227 1.32489 80 34 19
-0.310822 0.0919756 1.24901 118 67 45
-0.078059 0.0257765 1.26535 196 152 126
0.415405 -0.100336 1.33227 162 129 105
-0.444245 0.0325661 0.974466 122 11 12
-0.236135 0.0815382 1.29646 95 46 26
-0.399621 0.0773993 0.917406 94 52 55
-0.329142 -0.00484692 0.992891 126 14 13
-0.229421 -0.19304 1.34152 158 146 124
-0.00217019 0.0146654 1.33374 174 128 107
-0.366051 -0.177836 1.20013 132 74 50
-0.473519 -0.0787096 0.943023 118 16 12
0.46578 -0.139291 1.28447 92 94 76
0.333254 -0.288806 1.23233 122 120 74
-0.190019 -0.194556 1.28752 152 143 112
-0.320262 -0.0846758 1.1966 128 76 50
-0.405566 -0.199545 1.20143 48 19 13
-0.278503 0.0731215 1.21259 136 86 68
-0.371248 0.0142416 1.03781 156 109 92
0.472505 -0.242305 1.05642 166 140 132
0.329684 -0.410767 1.93228 122 120 76
-0.0683336 0.0742494 1.31424 164 113 90
-0.364686 0.215406 1.07865 152 130 118
-0.0720083 -0.139593 1.20518 162 124 108
0.405816 -0.118361 1.29194 134 97 69
-0.407838 0.0652077 1.27659 158 108 84
-0.208329 -0.0132841 1.20712 140 98 81
0.343606 -0.290974 1.22443 123 120 76
-0.446698 0.220707 1.0404 86 4 9
-0.13735 -0.0165073 1.32463 182 135 112
0.306348 -0.355471 1.78594 118 116 68
-0.372723 0.0866487 1.02408 160 138 120
-0.136654 -0.016648 1.40484 186 138 116
-0.409285 0.165151 1.20068 154 130 114
-0.390027 0.155478 1.10216 156 133 118
-0.356028 -0.0613199 1.21268 137 90 70
0.0556922 0.0766791 1.1435 113 24 20
-0.265354 0.0191041 1.2543 150 110 98
-0.221103 -0.213147 1.28531 124 120 74
0.399351 -0.362414 1.18303 110 72 42
-0.504847 0.114986 1.04426 100 34 36
-0.373897 0.0598917 0.987781 161 141 123
-0.37008 0.0913803 1.20398 190 144 118
-0.47304 0.0334989 0.985651 116 12 14
-0.385722 -0.0273277 0.936174 162 146 128
-0.325216 -0.0275592 1.1324 170 122 98
-0.193227 -0.0754127 1.10764 71 26 9
-0.186137 0.118383 1.31759 151 120 112
-0.206034 -0.205906 1.33795 120 118 70
-0.161715 -0.0066236 1.20873 84 34 18
-0.387974 0.206696 1.08474 140 118 103
-0.410055 0.219515 1.09488 133 105 90
-0.482626 -0.0152295 0.945106 71 12 23
-0.064344 0.0688921 1.19853 195 148 124
-0.447501 -0.230631 1.16269 76 50 27
-0.364486 -0.00123719 1.03901 135 13 16
-0.49012 -0.200013 1.31752 68 30 17
-0.353823 0.1795 1.12025 146 124 110
-0.581034 0.00618316 1.06471 66 16 36
0.520554 -0.354393 1.09435 122 12 12
-0.362461 0.161374 1.14059 146 122 108
-0.372655 0.139616 1.06559 156 134 119
-0.244794 -0.217186 1.31532 124 120 72
-0.40942 -0.105789 1.21857 52 17 9
-0.495399 0.101873 1.04579 106 74 78
-0.393996 -0.0889115 1.21354 67 23 14
-0.276046 0.124687 1.22428 56 21 14
-0.627989 -0.208473 1.17532 138 130 94
-0.403893 -0.191871 1.12883 81 46 28
-0.450552 0.0143157 0.930876 76 4 4
-0.324553 -0.0260411 1.21689 178 128 104
-0.508946 0.0338763 0.942218 118 10 12
0.254819 -0.23932 1.74253 84 84 45
-0.578539 -0.203835 1.15808 148 138 104
-0.521508 -0.032167 0.987747 128 10 14
0.250701 -0.203227 1.6273 116 110 82
0.327074 -0.170061 1.29099 118 113 84
-0.371301 0.0645145 1.03691 160 138 120
0.320558 -0.297801 1.11939 136 134 85
0.418277 -0.393798 0.977481 148 146 92
0.268547 -0.217589 1.74757 74 75 38
-0.294657 0.136571 1.2267 118 79 62
-0.494485 0.106371 1.02884 92 40 42
-0.317681 0.143605 1.18009 140 111 98
-0.337205 0.157537 1.12207 146 122 108
-0.182989 0.0366663 1.20655 106 58 41
-0.636937 -0.216991 1.19631 120 116 70
-0.310209 0.143001 1.18308 141 110 100
0.121745 0.209264 1.17379 86 46 46
0.327227 -0.176105 1.30111 78 78 40
-0.290106 -0.244806 1.45293 134 130 81
0.223853 -0.237338 2.01897 117 112 84
0.115399 0.203019 1.13404 50 16 15
0.288906 0.017747 1.39143 146 133 108
-0.44674 -0.245523 1.17561 78 43 26
-0.385029 0.113298 1.10267 158 135 120
-0.203545 -0.255184 1.36567 143 140 88
-3.73879 -0.808103 5.10217 142 136 90
-0.595556 0.246669 1.18313 162 100 43
0.244462 -0.441777 1.8078 140 136 88
-0.493858 -0.252076 1.16301 148 142 92
-0.379053 0.24947 1.09423 163 141 130
0.30866 -0.382201 1.14856 140 136 89
0.236748 -0.259006 2.4248 136 126 103
-0.201797 -0.216355 1.17684 138 134 82
-0.889818 -0.758492 1.86917 152 145 92
-0.522766 -0.24928 1.22341 144 138 88
0.232888 -0.460934 1.7149 140 136 86
0.267679 -0.0126959 1.48695 154 140 117
0.259602 -0.748824 2.14153 142 138 86
-0.237377 -0.530284 1.70824 149 143 92
0.484752 -0.513537 1.20629 151 147 92
0.238964 -0.464949 1.8458 138 136 84
-0.508306 -0.261377 1.2039 149 143 93
-0.575818 -0.172766 1.31083 160 148 123
0.0654177 0.278787 1.13914 165 138 134
-0.254508 -0.874693 1.96937 146 140 89
-0.289441 -0.830803 1.9175 146 140 89
0.257834 -0.579395 1.67231 140 137 88
0.338948 -0.530432 1.56615 140 137 87
-0.690401 -0.3138 1.31749 150 144 93
0.084436 -0.494613 1.62776 142 138 90
0.27026 -0.584348 1.70974 142 138 88
-0.753339 -0.298756 1.33587 150 144 92
-0.445612 0.436697 1.21782 165 144 136
-0.221993 -0.365028 1.06896 150 144 92
0.214127 -0.524798 1.63692 138 135 86
0.287767 -0.535261 1.62362 140 136 86
-0.73493 -0.288035 1.31085 150 144 92
-0.858125 -0.674316 1.73012 150 144 90
-0.456484 0.301876 1.00225 166 138 130
-0.220967 -0.385733 1.1635 150 144 92
-0.237845 -0.410326 1.18559 148 143 90
-3.81217 -2.30806 5.42524 153 146 92
-0.902036 0.531362 1.62994 166 144 134
0.468205 -0.147008 1.18165 118 98 70
0.567526 -0.056362 1.25389 112 72 49
0.116745 0.181266 1.15764 141 34 30
-0.410795 -0.227997 1.18893 76 44 34
0.552367 -0.247522 1.22471 139 109 97
0.722214 -0.379145 1.35373 156 124 110
-0.0597973 -0.114844 1.24908 114 70 58
0.488538 -0.186237 1.14524 89 80 61
0.355285 -0.177237 1.23767 100 101 60
-0.441074 0.159831 1.05476 145 90 40
0.558629 0.132976 1.28137 178 156 150
-0.451231 -0.106819 0.909859 163 149 128
0.601657 -0.246084 1.28437 113 87 74
-0.41764 0.0153581 0.987929 131 53 22
-0.346767 -0.171029 1.19799 146 94 69
0.474077 0.00340638 1.30347 152 126 114
0.476103 -0.289739 1.05117 168 142 134
0.510454 -0.363346 1.09168 124 8 8
-0.0647909 0.0493055 1.33461 166 118 96
0.348277 -0.164223 1.2585 147 137 114
-0.354486 0.0651363 1.24789 158 108 94
0.597504 -0.161635 1.16482 155 88 54
0.472803 -0.0758661 1.19146 176 108 78
0.570563 -0.239574 1.23767 154 132 121
0.177899 0.135723 1.1127 149 76 75
-0.411121 -0.0150125 0.973649 130 81 30
0.475844 -0.324259 1.05159 125 49 36
0.465985 -0.055452 1.19529 162 106 78
0.541273 -0.155658 1.16441 68 32 21
-0.14442 -0.209476 1.26366 152 117 80
0.606664 -0.1693 1.1532 152 106 78
-0.433066 -0.209864 1.15502 100 78 50
-0.492351 -0.185676 1.02027 156 144 118
-0.0803489 0.0761346 1.30714 178 126 98
-0.500084 -0.180994 0.957948 155 143 113
0.607461 -0.176679 1.12835 120 102 75
-0.415111 -0.204431 1.15444 76 43 28
-0.220612 -0.215963 1.32331 125 121 74
0.357379 -0.205308 1.2327 123 122 78
-0.428053 -0.19394 1.15976 118 97 74
-0.462241 0.033838 0.977375 121 14 14
-0.489478 -0.187551 1.03613 154 142 114
-0.650071 -0.217897 1.1285 126 122 78
-0.162942 -0.139507 1.16709 121 78 51
-0.200994 -0.219436 1.37986 126 118 72
0.743432 -0.176754 1.41325 145 127 92
-0.346184 -0.177081 1.18406 142 88 64
0.448093 -0.232991 1.28106 82 31 14
-0.210769 -0.217587 1.36997 123 118 72
-0.429789 -0.191255 1.11917 158 148 122
0.608928 -0.195501 1.12524 124 110 82
-0.428664 -0.0717443 0.92604 118 40 30
-0.377311 0.0734901 1.01142 160 139 124
-0.501323 0.0870136 1.02117 49 42 52
-0.623177 -0.207516 1.06458 127 120 75
0.0973059 0.0744002 1.07559 140 24 20
-0.0485974 0.0137716 1.31443 168 126 109
-0.217237 -0.218366 1.35048 123 120 72
0.16183 0.0726967 1.09779 145 26 22
-0.0593182 0.0569258 1.31342 164 116 94
-0.190774 -0.0404189 1.25433 60 20 11
-0.0591091 0.0423851 1.3105 164 118 95
-0.422515 -0.197358 1.19031 68 32 18
-0.502782 0.0931792 1.02382 52 40 49
-0.404839 -0.19792 1.16591 70 34 24
-0.0364638 0.0360293 1.31756 155 116 97
-0.418026 -0.196425 1.01163 126 122 75
0.340894 -0.139458 1.31091 151 142 120
0.33689 -0.164027 1.24871 144 136 114
-0.479326 -0.195992 0.996697 126 122 77
0.225189 0.14021 1.16882 148 130 116
-0.417334 -0.179351 0.988597 158 146 117
-0.441668 -0.165453 0.929504 160 147 124
-0.140448 -0.306692 1.26119 102 60 46
-0.409323 -0.136461 1.16776 100 54 31
-0.416511 -0.184165 1.04059 154 144 115
0.643815 -0.120172 1.25428 152 106 79
-0.416374 -0.182388 1.02501 159 146 118
-0.130621 -0.344395 1.26513 60 30 16
-0.422094 -0.190921 1.01849 122 118 72
-0.365 -0.300065 1.14185 66 41 21
-0.404188 -0.081805 1.18717 110 66 43
-0.602786 -0.212688 1.07971 126 122 74
-0.492746 -0.212429 1.04964 132 127 77
-0.254654 -0.302984 1.25954 150 146 94
-0.455874 -0.161804 0.978367 162 148 124
-0.470841 -0.2029 1.01359 128 123 74
-0.439925 -0.189652 1.00856 118 112 67
0.244962 0.166793 1.21042 151 133 122
-0.491278 -0.189554 1.05319 152 140 110
-0.427378 -0.112695 0.976245 163 148 126
-0.653895 -0.219273 1.10563 128 122 76
-0.407474 -0.0902998 1.11521 160 146 124
0.295907 -0.0176053 1.49588 152 140 116
-0.596913 -0.228491 1.17166 127 123 76
-0.202524 -0.269148 1.38354 146 142 90
-0.441024 -0.170332 1.05668 162 150 124
-0.486644 -0.194091 1.04596 128 120 76
-0.239642 -0.230037 1.26289 140 136 83
-0.647215 -0.231238 1.11789 139 134 84
-0.591864 -0.216767 1.08651 128 124 74
-0.203526 -0.291595 1.295 150 146 93
-0.184743 -0.317451 1.2696 150 146 94
0.744324 -0.121167 1.37328 152 140 118
-0.4372 -0.347789 1.14134 149 144 90
-0.438511 -0.2822 0.903286 151 144 92
-0.33258 0.291578 1.42107 162 141 131
0.276358 0.21025 1.21053 165 146 136
0.472998 -0.143812 1.18158 158 138 118
0.348844 0.0224706 1.35382 130 119 92
-0.513022 0.0641883 0.915501 156 106 46
0.464329 -0.105421 1.20206 103 78 56
-0.486726 -0.0339446 0.95222 124 9 12
-0.436518 0.00667144 0.974975 102 11 10
0.49543 -0.104827 1.18886 163 101 72
-0.284123 -0.155356 1.247 136 96 74
-0.306047 -0.109088 1.15528 141 95 72
0.446465 -0.148972 1.29688 74 38 20
0.424183 -0.159551 1.2807 160 129 112
-0.286293 -0.222024 1.25045 131 104 68
0.506849 -0.315664 1.06371 122 82 60
0.107581 0.105295 1.09205 97 56 42
-0.266602 -0.0537813 1.15603 165 106 86
0.658531 -0.416329 1.2257 93 86 66
0.203778 0.127226 1.09767 147 128 116
-0.140575 -0.109644 1.12116 102 56 33
0.536204 -0.298239 1.02261 140 120 111
0.447261 0.0345028 1.20078 158 113 92
-0.400265 0.0878435 1.27203 166 120 96
-0.478415 0.0404048 0.945286 123 13 13
-0.430124 -0.248147 1.18452 75 40 22
0.524718 -0.236623 1.08608 127 82 60
0.570089 -0.0541736 1.23404 137 89 68
0.0785301 0.0606431 1.05828 100 24 19
-0.386657 0.217001 1.05953 134 94 83
0.124146 0.0692584 1.07983 142 26 23
-0.143381 -0.19064 1.30751 174 124 92
-0.0264894 0.0719572 1.3108 157 114 96
-0.398441 0.166657 1.14671 148 126 112
0.6137 -0.173445 1.18575 144 90 59
0.566593 -0.119698 1.18785 106 66 49
0.369189 -0.107567 1.27224 156 146 124
-0.165038 -0.210294 1.36706 154 109 80
-0.364686 0.191817 1.10199 146 124 112
-0.407237 -0.0378455 1.00509 162 144 126
-0.415875 0.0400543 1.30686 164 114 87
-0.439944 -0.0337622 0.942691 82 16 16
-0.424193 0.153446 1.22085 159 136 122
-0.391549 -0.0246191 0.947269 144 118 80
-0.0948254 -0.128288 1.26542 171 128 110
0.362376 0.0154201 1.27116 156 130 116
0.216208 0.123905 1.1311 148 130 117
0.53268 0.0149206 1.24077 149 107 87
0.43858 -0.0338663 1.29278 130 101 86
-0.428825 -0.0167806 0.925764 116 12 13
-0.189765 -0.0539666 1.1897 102 58 34
-0.206202 -0.214117 1.38542 122 118 72
-0.0452029 0.096493 1.30814 123 73 49
0.408306 -0.0129034 1.25378 87 48 23
-0.403783 0.0557049 1.03433 160 142 124
-0.415455 0.243456 1.10139 122 17 15
0.645155 -0.098142 1.31194 102 66 48
0.221968 -0.0379725 1.36762 156 144 122
-0.463719 0.128884 0.961138 84 10 11
-0.428423 -0.105051 1.15394 161 146 124
-0.290699 -0.289723 1.3847 150 145 92
0.690714 -0.033856 1.31678 72 40 20
0.309585 -0.145946 1.23434 148 139 118
-0.341931 -0.308341 1.17024 84 70 38
-0.247887 0.142483 1.28572 100 58 42
-0.499228 -0.148013 0.900537 162 149 124
0.244929 0.0621252 1.21435 152 136 118
-0.367076 0.2382 1.24602 162 140 129
-0.405387 -0.278357 0.988076 152 146 96
-0.125566 -0.366658 1.15325 150 146 94
-0.166207 -0.342543 1.25048 150 146 94
-0.161253 -0.367215 1.25163 150 145 94
-0.167097 -0.339264 1.23139 150 146 94
0.778703 -0.101575 1.44593 152 141 118
